week,player,player_id,position,team_name,player_game_count,accuracy_percent,aimed_passes,attempts,avg_depth_of_target,avg_time_to_throw,bats,big_time_throws,btt_rate,completion_percent,completions,declined_penalties,def_gen_pressures,drop_rate,dropbacks,drops,first_downs,franchise_id,grades_hands_fumble,grades_offense,grades_pass,grades_run,hit_as_threw,interceptions,passing_snaps,penalties,pressure_to_sack_rate,qb_rating,sack_percent,sacks,scrambles,spikes,thrown_aways,touchdowns,turnover_worthy_plays,twp_rate,yards,ypa
0,Chevan Cordeiro,75886,QB,HAWAII,1,62.2,45,47,7.6,2.98,2,4,8.3,53.2,25,0,17,10.7,53,3,8,180,42.9,59.2,64.2,49.5,0,2,56,1,17.6,55.3,5.7,3,3,0,0,1,2,3.6,220,4.7
0,Adrian Martinez,83522,QB,NEBRASKA,1,58.6,29,32,13.3,3.4,0,1,3.0,50.0,16,0,26,5.9,44,1,14,238,40.8,62.3,60.4,62.1,1,0,47,0,19.2,84.4,11.4,5,7,0,2,1,2,4.3,232,7.3
0,Jake Haener,60596,QB,FRESNO ST,1,83.3,24,26,7.5,2.5,1,1,3.7,76.9,20,0,5,0.0,28,0,11,169,68.1,83.3,83.3,61.0,0,0,29,0,0.0,156.7,0.0,0,2,1,0,3,0,0.0,331,12.7
0,Nick Starkel,40326,QB,S JOSE ST,1,64.0,25,26,12.3,2.34,1,3,11.1,61.5,16,0,6,0.0,26,0,13,285,69.1,67.6,67.1,60.0,0,1,27,0,0.0,129.0,0.0,0,0,0,0,4,2,7.4,399,15.3
0,Jack Zergiotis,97603,QB,UCONN,1,65.2,23,25,7.1,2.55,0,0,0.0,52.0,13,0,7,13.3,30,2,3,146,29.2,34.2,34.0,58.9,1,0,32,1,42.9,57.9,10.0,3,2,0,1,0,2,6.3,65,2.6
0,Dorian Thompson-Robinson,83574,QB,UCLA,1,70.6,17,20,12.1,2.4,1,0,0.0,50.0,10,0,5,16.7,22,2,8,324,68.0,66.1,60.5,69.4,0,0,22,0,20.0,87.5,4.5,1,1,0,2,1,0,0.0,130,6.5
0,Gavin Hardison,100827,QB,UTEP,1,73.3,15,16,13.1,2.69,0,1,5.6,68.8,11,0,3,0.0,16,0,8,330,66.8,56.4,55.1,,1,1,18,0,0.0,106.3,0.0,0,0,0,0,1,2,11.1,249,15.6
0,Artur Sitkowski,83547,QB,ILLINOIS,1,92.9,14,15,5.9,2.09,1,1,6.3,80.0,12,0,2,7.7,17,1,9,187,68.3,72.9,74.0,59.1,0,0,18,0,50.0,139.3,5.9,1,1,0,0,2,1,5.6,119,7.9
0,Logan Fife,128176,QB,FRESNO ST,1,72.7,11,13,4.1,2.85,2,0,0.0,53.8,7,0,6,12.5,15,1,4,169,70.0,60.4,58.2,61.0,0,1,15,0,16.7,56.9,6.7,1,1,0,0,1,0,0.0,51,3.9
0,Steven Krajewski,77650,QB,UCONN,1,50.0,4,6,13.0,3.06,0,0,0.0,33.3,2,0,5,0.0,7,0,1,146,66.2,50.4,51.7,58.2,1,0,8,0,20.0,42.4,14.3,1,0,0,1,0,0,0.0,11,1.8
0,Brayden Schager,146078,QB,HAWAII,1,60.0,5,6,8.4,3.22,1,0,0.0,50.0,3,0,2,0.0,6,0,1,180,64.6,55.7,55.7,,0,0,7,0,0.0,59.7,0.0,0,0,0,0,0,0,0.0,23,3.8
0,Brandon Peters,40416,QB,ILLINOIS,1,75.0,4,4,9.3,3.47,0,0,0.0,75.0,3,0,3,0.0,6,0,2,187,64.2,65.7,65.2,,0,0,6,0,66.7,101.0,33.3,2,0,0,0,0,0,0.0,35,8.8
0,Calvin Brownholtz,83584,QB,UTEP,1,50.0,4,4,7.3,1.78,0,0,0.0,0.0,0,0,0,100.0,4,2,0,330,70.4,47.1,28.0,68.3,0,1,4,0,,0.0,0.0,0,0,0,0,0,1,25.0,0,0.0
0,Natano Woods,128341,QB,S JOSE ST,1,66.7,3,3,8.3,2.83,0,0,0.0,66.7,2,0,2,0.0,3,0,1,285,66.4,64.7,70.1,56.7,0,0,3,0,0.0,79.9,0.0,0,0,0,0,0,0,0.0,16,5.3
0,Ethan Garbers,131896,QB,UCLA,1,100.0,2,2,8.0,3.4,0,0,0.0,100.0,2,0,2,0.0,4,0,1,324,66.6,68.0,72.3,57.9,0,0,4,0,50.0,104.2,25.0,1,1,0,0,0,0,0.0,18,9.0
0,Otto Kuhns,138014,QB,E ILLINOIS,1,57.1,28,30,9.5,3.0,0,3,8.6,43.3,13,0,16,18.8,34,3,8,158,71.4,65.2,63.8,61.9,0,2,39,1,25.0,45.1,11.8,4,0,0,2,0,2,5.1,250,8.3
0,Justin Miller,103941,QB,SO UTAH,1,57.1,28,28,6.5,2.63,0,0,0.0,53.6,15,0,6,6.3,28,1,7,298,68.6,52.1,49.4,,0,0,32,1,0.0,64.1,0.0,0,0,0,0,0,1,3.1,117,4.2
0,Felix Harper,13753,QB,ALCORN ST,1,70.4,27,27,9.2,2.79,0,2,6.7,63.0,17,0,9,10.5,34,2,9,107,20.3,63.1,60.6,63.3,0,0,39,1,33.3,103.0,8.8,3,4,0,0,2,3,7.7,154,5.7
0,Davius Richard,109077,QB,NC CENT,1,62.5,24,25,9.4,2.74,0,2,7.7,60.0,15,0,10,0.0,29,0,10,247,71.1,81.1,68.8,81.0,0,1,30,0,0.0,65.8,0.0,0,3,0,1,0,0,0.0,182,7.3
0,Anthony Thompson,40036,QB,INDIANA ST,1,63.6,22,23,6.9,2.3,1,1,4.2,56.5,13,0,7,7.1,25,1,5,191,69.5,31.3,31.6,51.0,0,0,26,0,0.0,64.9,0.0,0,2,0,0,0,4,15.4,87,3.8
0,Tyler Skidmore,87543,QB,SO UTAH,1,100.0,1,1,2.0,3.17,0,0,0.0,100.0,1,0,3,0.0,3,0,1,298,62.7,69.0,58.9,64.3,0,0,3,0,33.3,118.8,33.3,1,1,0,0,0,0,0.0,14,14.0
0,Judd Cockett,61671,WR,SO UTAH,1,100.0,1,1,12.0,4.3,0,0,0.0,100.0,1,0,0,0.0,1,0,1,298,67.6,55.1,72.6,,0,0,1,0,,139.6,0.0,0,0,0,0,1,0,0.0,8,8.0
week,player,player_id,position,team_name,player_game_count,accuracy_percent,aimed_passes,attempts,avg_depth_of_target,avg_time_to_throw,bats,big_time_throws,btt_rate,completion_percent,completions,declined_penalties,def_gen_pressures,drop_rate,dropbacks,drops,first_downs,franchise_id,grades_hands_fumble,grades_offense,grades_pass,grades_run,hit_as_threw,interceptions,passing_snaps,penalties,pressure_to_sack_rate,qb_rating,sack_percent,sacks,scrambles,spikes,thrown_aways,touchdowns,turnover_worthy_plays,twp_rate,yards,ypa
1,Will Rogers,124184,QB,MISS STATE,1,87.2,47,47,3.6,2.69,0,4,7.8,83.0,39,0,10,4.9,52,2,19,227,70.0,83.8,83.2,61.6,0,1,56,0,30.0,111.9,5.8,3,2,0,0,3,1,1.8,370,7.9
1,Nick Starkel,40326,QB,S JOSE ST,1,56.5,46,47,9.4,2.24,1,5,9.8,51.1,24,0,10,7.7,47,2,14,285,69.7,63.8,63.0,,0,2,51,0,0.0,54.2,0.0,0,0,0,0,0,3,5.9,308,6.6
1,Jacob Sirmon,83590,QB,C MICHIGAN,1,62.5,40,46,10.0,2.55,0,2,4.2,50.0,23,0,28,8.0,55,2,14,134,42.0,54.7,54.9,56.9,3,2,57,1,28.6,59.1,14.5,8,1,0,3,1,3,5.3,290,6.3
1,Max Johnson,124099,QB,LSU,1,73.2,41,46,8.8,2.74,1,0,0.0,56.5,26,0,21,13.3,55,4,19,211,25.4,50.0,48.5,59.6,0,1,57,0,14.3,91.8,5.5,3,6,0,4,3,4,7.0,330,7.2
1,Gunner Cruz,100575,QB,ARIZONA,1,83.7,43,46,5.3,2.94,0,1,2.0,76.1,35,0,20,2.8,55,1,16,109,70.9,52.7,50.9,60.9,0,1,59,0,20.0,94.1,7.3,4,5,0,3,1,3,5.1,336,7.3
1,Dylan Morris,100570,QB,WASHINGTON,1,68.9,45,46,7.2,2.58,0,0,0.0,58.7,27,0,10,12.9,49,4,14,340,70.1,54.3,51.9,63.2,0,3,51,0,30.0,44.3,6.1,3,0,0,1,0,2,3.9,226,4.9
1,Hunter Johnson,60362,QB,NWESTERN,1,79.5,39,44,7.4,3.1,2,2,4.3,68.2,30,0,18,3.2,52,1,13,256,70.6,70.4,71.6,61.2,0,0,55,2,22.2,108.4,7.7,4,4,0,3,3,0,0.0,283,6.4
1,Michael Pratt,123229,QB,TULANE,1,83.3,42,44,8.6,2.49,0,1,2.2,61.4,27,0,24,22.9,52,8,17,319,26.6,62.2,73.9,40.2,1,0,56,0,16.7,104.0,7.7,4,4,0,1,3,2,3.6,296,6.7
1,Jake Haener,60596,QB,FRESNO ST,1,71.4,42,43,9.2,2.68,0,2,4.3,69.8,30,0,12,0.0,51,0,16,169,39.6,66.4,73.6,39.2,0,0,54,0,33.3,96.9,7.8,4,4,0,1,1,1,1.9,298,6.9
1,Artur Sitkowski,83547,QB,ILLINOIS,1,61.5,39,43,10.5,2.59,0,2,4.3,51.2,22,0,16,8.3,47,2,16,187,70.1,43.9,45.4,50.9,1,0,51,0,0.0,93.8,0.0,0,4,1,2,3,3,5.9,266,6.2
1,Todd Centeio,60552,QB,COLO STATE,1,82.9,41,42,9.2,2.51,0,2,4.4,69.0,29,0,18,14.7,48,5,18,144,40.2,76.9,81.9,39.8,1,0,51,0,16.7,97.4,6.3,3,3,0,0,1,0,0.0,301,7.2
1,Shane Illingworth,71512,QB,OKLA STATE,1,62.5,40,41,14.9,2.4,1,1,2.3,56.1,23,0,9,8.0,43,2,13,262,69.8,80.0,83.5,57.0,0,1,45,2,11.1,79.0,2.3,1,1,0,0,1,1,2.2,317,7.7
1,Holton Ahlers,77651,QB,E CAROLINA,1,61.5,39,41,7.2,2.9,0,1,2.3,53.7,22,0,21,8.3,52,2,16,156,70.3,63.3,61.0,63.8,0,1,54,0,19.0,82.9,7.7,4,7,1,1,2,1,1.9,295,7.2
1,Jack Zergiotis,97603,QB,UCONN,1,52.6,38,41,13.0,2.8,1,2,4.8,41.5,17,0,16,15.0,47,3,11,146,71.4,48.6,45.7,62.3,0,3,48,0,25.0,48.2,8.5,4,2,0,2,3,5,10.4,174,4.2
1,Jarret Doege,60353,QB,W VIRGINIA,1,72.2,36,41,8.7,2.6,1,1,2.3,58.5,24,0,14,7.7,45,2,13,343,46.1,49.0,51.0,57.3,0,2,47,2,21.4,67.7,6.7,3,1,0,4,1,2,4.3,286,7.0
1,Jack Plummer,83543,QB,PURDUE,1,84.2,38,41,6.4,2.65,0,2,4.7,70.7,29,0,15,9.4,43,3,16,273,70.6,75.7,75.5,61.6,1,0,45,1,6.7,109.6,2.3,1,1,0,2,2,1,2.2,318,7.8
1,Clayton Tune,77652,QB,HOUSTON,1,84.2,38,40,5.1,2.62,0,0,0.0,70.0,28,0,11,12.5,45,4,9,182,72.3,52.9,44.3,77.4,0,4,46,2,27.3,55.7,6.7,3,1,0,2,2,4,8.7,175,4.4
1,Levi Lewis,60428,QB,LA LAFAYET,1,81.6,38,40,4.6,2.75,1,1,2.4,70.0,28,0,11,9.7,45,3,16,207,69.9,59.3,59.3,62.4,0,0,47,1,36.4,98.1,8.9,4,1,0,1,1,1,2.1,282,7.1
1,Spencer Rattler,97408,QB,OKLAHOMA,1,76.9,39,40,7.7,2.67,0,0,0.0,75.0,30,0,8,0.0,43,0,16,261,71.9,74.1,76.5,57.2,0,2,44,1,0.0,83.8,0.0,0,3,0,1,1,3,6.8,304,7.6
1,Graham Mertz,97994,QB,WISCONSIN,1,65.7,35,39,8.3,2.41,0,2,5.0,56.4,22,0,12,4.3,40,1,9,349,48.4,44.2,44.9,51.2,1,2,41,2,0.0,47.5,0.0,0,1,0,3,0,4,9.8,185,4.7
1,Hank Bachmeier,101284,QB,BOISE ST,1,80.0,35,39,7.6,2.64,0,1,2.6,64.1,25,0,15,10.7,39,3,14,120,31.8,60.9,66.1,60.0,1,1,39,0,0.0,90.0,0.0,0,0,0,3,2,1,2.6,263,6.7
1,Matt McDonald,60350,QB,BOWL GREEN,1,75.8,33,39,5.8,2.27,3,0,0.0,64.1,25,0,14,0.0,40,0,8,122,69.5,47.3,47.7,57.2,0,0,40,1,7.1,75.5,2.5,1,0,0,3,0,1,2.5,187,4.8
1,Carson Strong,83524,QB,NEVADA,1,65.8,38,39,14.1,2.54,0,4,9.8,56.4,22,0,14,12.0,44,3,12,239,69.4,72.8,73.0,57.3,0,1,46,0,14.3,88.8,4.5,2,1,0,1,2,3,6.5,312,8.0
1,Bryce Young,123943,QB,ALABAMA,1,82.4,34,38,8.1,2.56,0,1,2.6,71.1,27,0,21,3.6,40,1,18,103,31.1,69.4,66.8,64.0,0,0,40,0,4.8,134.1,2.5,1,1,0,4,4,2,5.0,344,9.1
1,Chase Garbers,60356,QB,CAL,1,71.1,38,38,5.7,2.53,0,0,0.0,65.8,25,0,14,7.4,41,2,8,130,70.5,55.8,55.9,56.9,0,1,44,0,14.3,74.1,4.9,2,1,0,0,1,1,2.3,177,4.7
1,Brady McBride,77641,QB,TEXAS ST,1,58.3,36,38,10.2,2.79,0,1,2.4,52.6,20,0,14,4.8,40,1,10,314,69.2,41.4,41.3,57.3,1,3,43,1,7.1,40.0,2.5,1,1,0,1,1,4,9.3,166,4.4
1,Dillon Gabriel,86272,QB,UCF,1,73.5,34,37,11.0,3.15,0,2,5.1,67.6,25,0,14,0.0,47,0,17,323,39.6,57.0,53.6,62.7,0,2,51,0,21.4,107.7,6.4,3,7,0,3,4,4,7.8,318,8.6
1,Kenny Pickett,60515,QB,PITTSBURGH,1,83.8,37,37,9.5,3.19,0,1,2.6,73.0,27,0,4,12.9,41,4,15,268,70.1,87.9,84.9,70.7,0,0,43,0,25.0,111.4,2.4,1,3,0,0,2,1,2.3,271,7.3
1,Kaleb Eleby,77686,QB,W MICHIGAN,1,68.8,32,37,10.2,2.66,1,2,5.4,54.1,20,0,15,9.1,42,2,10,347,70.4,54.6,53.1,60.0,1,0,42,0,6.7,77.6,2.4,1,4,0,3,1,3,7.1,191,5.2
1,DJ Uiagalelei,122162,QB,CLEMSON,1,59.4,32,37,7.6,2.67,2,2,4.8,51.4,19,0,20,0.0,47,0,9,140,41.9,49.9,54.9,45.9,1,1,52,1,35.0,53.7,14.9,7,3,0,2,0,2,3.8,178,4.8
1,Austin Kendall,40056,QB,LA TECH,1,67.6,34,37,8.1,2.34,0,1,2.5,54.1,20,0,5,13.0,39,3,10,208,70.1,62.0,59.1,64.9,1,1,44,1,0.0,84.2,0.0,0,2,0,2,2,1,2.3,269,7.3
1,Malik Cunningham,60436,QB,LOUISVILLE,1,69.7,33,37,6.4,3.06,0,0,0.0,59.5,22,0,17,4.3,46,1,14,210,73.1,73.7,63.0,76.0,1,1,47,0,11.8,70.9,4.3,2,7,0,3,1,2,4.3,191,5.2
1,Kedon Slovis,100580,QB,USC,1,73.5,34,36,7.6,2.75,1,3,8.1,66.7,24,0,9,4.0,41,1,13,326,69.1,82.6,81.7,62.6,1,0,42,0,22.2,105.6,4.9,2,2,0,0,2,0,0.0,254,7.1
1,Jack Coan,60613,QB,NOTRE DAME,1,80.0,35,35,10.7,2.6,0,2,5.6,74.3,26,0,11,7.1,42,2,15,258,36.8,72.1,75.7,49.9,0,1,43,0,45.5,133.8,11.9,5,2,0,0,4,1,2.3,366,10.5
1,Bailey Zappe,60396,QB,W KENTUCKY,1,82.4,34,35,8.4,2.31,0,2,5.4,80.0,28,0,5,0.0,37,0,22,346,69.4,87.2,86.8,62.2,0,1,39,1,0.0,144.8,0.0,0,2,0,1,7,1,2.6,424,12.1
1,Ken Seals,124359,QB,VANDERBILT,1,64.5,31,35,9.9,2.66,0,0,0.0,57.1,20,0,12,0.0,40,0,14,333,33.8,36.6,32.8,66.7,0,2,42,0,25.0,49.1,7.5,3,2,0,4,0,4,9.5,195,5.6
1,Taulia Tagovailoa,97271,QB,MARYLAND,1,81.8,33,34,6.3,2.51,0,3,8.6,70.6,24,0,6,11.1,39,3,10,215,71.5,86.6,84.1,69.3,0,0,40,0,33.3,129.0,5.1,2,1,0,1,3,0,0.0,316,9.3
1,N'Kosi Perry,60446,QB,FAU,1,65.6,32,34,12.0,2.47,0,1,2.8,55.9,19,0,15,9.5,42,2,13,165,70.1,55.8,57.8,56.4,1,0,45,2,33.3,90.4,11.9,5,2,0,1,1,0,0.0,261,7.7
1,Matt Corral,83517,QB,OLE MISS,1,71.9,32,33,9.5,2.45,0,2,5.6,66.7,22,0,8,4.3,39,1,18,226,71.9,85.1,85.3,65.7,0,0,42,1,12.5,115.8,2.6,1,5,0,1,1,0,0.0,381,11.5
1,Connor Bazelak,99135,QB,MISSOURI,1,71.9,32,33,8.2,2.25,0,2,5.3,66.7,22,0,9,4.3,35,1,11,229,69.5,69.9,70.2,57.4,0,0,40,1,22.2,110.5,5.7,2,0,0,1,2,0,0.0,259,7.8
1,Haynes King,124329,QB,TEXAS A&M,1,69.7,33,33,11.7,2.92,0,1,2.9,63.6,21,0,12,8.7,37,2,17,312,69.8,73.5,70.4,67.8,0,3,38,0,16.7,74.3,5.4,2,2,0,0,2,1,2.6,292,8.8
1,Sam Howell,97599,QB,N CAROLINA,1,58.1,31,33,10.2,3.12,0,1,2.9,51.5,17,0,13,5.6,44,1,11,245,23.2,56.8,52.7,65.5,1,3,46,0,38.5,43.5,11.4,5,6,1,0,1,3,6.5,208,6.3
1,Sean Clifford,51708,QB,PENN STATE,1,66.7,30,33,11.7,2.65,1,2,5.6,54.5,18,0,11,10.0,37,2,8,266,69.9,61.3,62.7,55.6,0,0,40,0,18.2,88.8,5.4,2,2,0,2,1,0,0.0,247,7.5
1,Frank Harris,60586,QB,UTSA,1,69.0,29,32,9.9,2.1,0,1,2.9,62.5,20,0,8,0.0,33,0,14,331,37.1,67.9,73.1,50.6,1,0,35,0,12.5,101.0,3.0,1,0,0,2,1,0,0.0,280,8.8
1,Seth Henigan,144267,QB,MEMPHIS,1,72.4,29,32,8.0,2.63,0,0,0.0,59.4,19,0,8,9.5,36,2,13,218,69.5,60.7,63.5,49.3,0,0,40,0,12.5,96.0,2.8,1,3,0,3,1,0,0.0,261,8.2
1,D'Eriq King,26636,QB,MIAMI FL,1,82.8,29,31,5.9,2.54,0,2,5.9,74.2,23,1,11,4.2,37,1,9,220,46.1,56.4,54.4,66.9,0,2,40,1,36.4,71.8,10.8,4,2,0,2,1,2,5.0,179,5.8
1,Tyler Lytle,60364,QB,UMASS,1,70.4,27,31,6.9,2.24,1,1,3.0,45.2,14,0,21,26.3,39,5,8,216,69.5,72.1,68.5,68.5,1,0,41,0,23.8,62.2,12.8,5,3,0,2,0,1,2.4,167,5.4
1,Brennan Armstrong,77696,QB,VIRGINIA,1,80.6,31,31,10.1,2.9,0,3,9.7,67.7,21,0,9,16.0,36,4,15,335,69.7,90.8,89.2,74.4,0,0,36,0,44.4,125.6,11.1,4,1,0,0,2,1,2.8,339,10.9
1,Michael Penix Jr.,82134,QB,INDIANA,1,57.1,28,31,10.7,2.81,0,1,3.0,45.2,14,0,12,12.5,32,2,5,190,29.4,36.7,35.7,59.6,1,3,34,0,8.3,21.1,3.1,1,0,0,2,0,4,11.8,156,5.0
1,Grant Wells,97784,QB,MARSHALL,1,73.3,30,30,12.1,2.51,0,2,6.7,66.7,20,0,10,9.1,32,2,13,214,70.3,79.2,79.5,61.5,0,2,32,0,10.0,74.9,3.1,1,1,0,0,0,1,3.1,324,10.8
1,Gunnar Holmberg,77625,QB,DUKE,1,81.5,27,30,8.2,2.49,0,1,3.1,66.7,20,0,9,9.1,35,2,10,154,20.1,62.8,70.2,47.7,0,0,37,2,33.3,100.3,8.6,3,2,0,3,1,1,2.7,227,7.6
1,Tanner Mordecai,77656,QB,SMU,1,83.3,30,30,10.1,2.32,0,5,15.2,80.0,24,0,5,4.0,30,1,16,287,69.0,90.4,91.8,45.0,0,0,33,0,0.0,150.3,0.0,0,0,0,0,7,0,0.0,317,10.6
1,Chris Reynolds,60361,QB,CHARLOTTE,1,65.5,29,30,12.8,3.04,0,2,6.3,63.3,19,0,19,0.0,35,0,16,136,70.9,81.2,81.3,67.5,0,0,37,1,5.3,133.2,2.9,1,4,0,1,3,0,0.0,324,10.8
1,JT Daniels,83578,QB,GEORGIA,1,81.5,27,30,3.5,1.88,1,0,0.0,73.3,22,0,6,0.0,32,0,7,173,69.2,58.3,58.3,57.0,0,1,36,1,16.7,68.1,3.1,1,1,0,2,0,1,2.8,135,4.5
1,Trey Lowe,77669,QB,SO MISS,1,57.1,28,29,11.4,3.25,0,1,3.2,44.8,13,0,15,18.8,37,3,7,296,44.2,44.5,37.7,62.0,0,2,40,0,33.3,30.2,13.5,5,3,0,1,0,3,7.5,136,4.7
1,Noah Vedral,55406,QB,RUTGERS,1,65.4,26,28,2.4,2.67,0,0,0.0,57.1,16,0,14,5.9,33,1,9,278,70.9,57.8,37.7,83.0,0,0,34,0,0.0,81.1,0.0,0,4,0,2,1,1,2.9,131,4.7
1,Drew Plitt,39879,QB,BALL ST,1,69.2,26,28,6.9,2.46,0,1,3.3,60.7,17,0,7,5.6,30,1,9,117,70.8,68.5,65.9,65.0,0,0,33,0,0.0,104.5,0.0,0,2,0,2,2,1,3.0,188,6.7
1,AJ Mayer,63860,QB,MIAMI OH,1,37.5,24,28,17.4,2.82,1,1,3.3,32.1,9,0,17,0.0,33,0,7,221,69.6,49.6,49.3,57.8,2,0,35,0,11.8,44.6,6.1,2,3,0,1,0,1,2.9,106,3.8
1,Davis Brin,77642,QB,TULSA,1,55.6,27,28,11.2,2.97,0,1,3.6,53.6,15,0,8,0.0,33,0,10,320,68.4,39.2,42.1,52.5,1,2,33,1,37.5,45.8,9.1,3,2,0,0,0,4,12.1,194,6.9
1,Terry Wilson,40709,QB,NEW MEXICO,1,84.6,26,28,4.7,2.66,0,0,0.0,78.6,22,0,7,0.0,30,0,11,241,49.3,66.1,67.7,62.1,0,0,30,1,28.6,128.9,6.7,2,0,0,2,3,0,0.0,178,6.4
1,Kurtis Rourke,97998,QB,OHIO,1,77.8,27,28,6.8,2.55,0,2,6.9,75.0,21,0,8,0.0,30,0,8,259,70.4,75.9,63.1,71.3,0,1,31,0,0.0,70.8,0.0,0,2,0,1,0,1,3.2,142,5.1
1,Charlie Brewer,60344,QB,UTAH,1,85.2,27,27,11.6,3.11,0,3,9.7,70.4,19,0,11,17.4,31,4,14,328,68.6,89.3,90.4,57.4,0,1,35,0,9.1,105.9,3.2,1,3,0,0,2,0,0.0,233,8.6
1,Sam Hartman,77618,QB,WAKE,1,66.7,27,27,12.2,3.19,0,2,6.9,66.7,18,0,10,0.0,32,0,12,339,68.5,76.5,77.1,58.6,0,0,34,0,20.0,123.7,6.3,2,3,0,0,3,1,2.9,188,7.0
1,Chase Brice,60363,QB,APP STATE,1,74.1,27,27,8.7,2.16,0,3,10.7,74.1,20,0,4,0.0,29,0,12,108,69.8,80.3,81.4,58.7,0,1,30,0,50.0,113.0,6.9,2,0,0,0,2,1,3.3,259,9.6
1,Emory Jones,82111,QB,FLORIDA,1,63.0,27,27,7.6,2.5,0,0,0.0,63.0,17,0,4,0.0,29,0,9,163,71.9,42.6,30.5,70.6,0,2,29,1,0.0,53.5,0.0,0,2,0,0,1,3,10.3,113,4.2
1,Taylor Powell,60459,QB,TROY,1,84.0,25,27,8.5,2.43,1,4,14.3,63.0,17,0,8,19.0,27,4,12,318,28.3,93.7,93.9,61.6,0,1,30,0,0.0,99.5,0.0,0,0,0,1,2,1,3.3,231,8.6
1,Spencer Petras,82136,QB,IOWA,1,60.9,23,26,8.9,2.86,0,1,3.6,46.2,12,0,13,14.3,29,2,10,192,69.8,73.5,67.6,73.8,0,0,31,0,15.4,62.8,6.9,2,0,0,3,0,0,0.0,139,5.3
1,Payton Thorne,101629,QB,MICH STATE,1,69.6,23,26,12.3,2.91,0,1,3.8,57.7,15,0,10,6.3,27,1,11,223,70.6,67.7,66.0,62.9,0,0,27,0,10.0,92.6,3.7,1,0,1,2,1,0,0.0,185,7.1
1,Dustin Crum,60418,QB,KENT STATE,1,62.5,24,26,6.9,2.67,2,1,3.7,46.2,12,0,10,20.0,36,3,8,201,69.7,48.5,38.4,67.9,0,2,37,0,30.0,22.8,8.3,3,7,0,0,0,2,5.4,89,3.4
1,Sean Chambers,75888,QB,WYOMING,1,64.0,25,26,12.8,2.94,0,1,3.6,57.7,15,0,11,6.3,34,1,11,351,71.3,52.0,48.2,60.6,1,1,36,0,18.2,78.4,5.9,2,6,0,0,1,2,5.6,196,7.5
1,Will Levis,83542,QB,KENTUCKY,1,80.0,25,26,12.6,3.06,0,3,11.5,69.2,18,0,8,10.0,30,2,12,202,68.8,91.9,91.5,65.5,0,1,30,0,37.5,135.4,10.0,3,1,0,1,4,0,0.0,367,14.1
1,Devin Leary,77628,QB,NC STATE,1,72.0,25,26,13.4,2.58,1,4,13.8,65.4,17,0,6,5.6,27,1,13,248,68.8,73.8,71.8,63.2,0,1,30,0,16.7,103.4,3.7,1,0,0,0,2,1,3.3,232,8.9
1,Jason Bean,83529,QB,KANSAS,1,72.0,25,26,7.3,2.8,0,1,3.8,65.4,17,0,7,5.6,32,1,9,198,72.7,65.4,68.0,58.0,0,0,33,0,14.3,108.3,3.1,1,5,0,1,2,1,3.0,163,6.3
1,James Blackman,60382,QB,ARK STATE,1,72.7,22,26,12.6,3.3,1,0,0.0,61.5,16,0,14,0.0,32,0,6,113,29.4,60.3,58.5,61.9,1,0,34,0,21.4,80.4,9.4,3,3,0,2,0,0,0.0,169,6.5
1,Brock Purdy,77672,QB,IOWA STATE,1,80.8,26,26,7.3,2.91,0,1,3.7,80.8,21,0,10,0.0,32,0,11,193,69.9,80.5,81.7,62.9,0,0,33,0,10.0,98.6,3.1,1,5,0,0,0,0,0.0,199,7.7
1,Desmond Ridder,55086,QB,CINCINNATI,1,87.5,24,25,8.3,2.37,0,2,7.1,80.0,20,0,7,4.8,28,1,12,138,70.3,84.3,80.9,70.2,0,1,31,0,28.6,138.8,7.1,2,1,0,1,4,0,0.0,295,11.8
1,Tanner Morgan,55239,QB,MINNESOTA,1,64.0,25,25,12.6,2.53,0,0,0.0,56.0,14,0,8,12.5,30,2,13,225,68.9,52.1,51.4,56.0,0,0,33,0,25.0,96.3,6.7,2,3,0,0,1,3,9.1,205,8.2
1,Chevan Cordeiro,75886,QB,HAWAII,1,88.0,25,25,11.1,2.85,0,3,11.5,72.0,18,0,9,18.2,37,4,16,180,23.5,86.2,92.3,53.1,0,1,38,0,44.4,135.8,10.8,4,7,0,0,3,0,0.0,305,12.2
1,Logan Bonner,39990,QB,UTAH ST,1,78.3,23,24,8.0,2.3,1,0,0.0,70.8,17,0,7,5.6,25,1,12,329,69.1,73.6,73.0,61.7,0,1,27,0,0.0,82.5,0.0,0,1,0,0,1,1,3.7,143,6.0
1,Tyler Shough,83537,QB,TEXAS TECH,1,90.0,20,24,8.6,2.31,1,0,0.0,70.8,17,0,9,5.6,29,1,8,315,69.5,76.1,70.5,73.1,2,0,33,0,33.3,115.1,10.3,3,1,0,1,1,0,0.0,231,9.6
1,D'Wan Mathis,99130,QB,TEMPLE,1,47.6,21,24,14.5,2.71,1,1,4.2,33.3,8,0,14,20.0,28,2,6,306,29.9,30.6,28.1,65.6,0,1,28,0,21.4,38.2,10.7,3,1,0,2,0,3,10.7,148,6.2
1,Wiley Green,75891,QB,RICE,1,56.5,23,24,9.4,2.77,0,0,0.0,50.0,12,0,15,7.7,28,1,8,275,28.0,47.1,50.5,52.9,0,3,30,1,13.3,44.4,7.1,2,2,0,1,1,2,6.7,152,6.3
1,Anthony Brown,40316,QB,OREGON,1,73.9,23,24,8.1,2.65,1,1,4.0,62.5,15,0,16,11.8,33,2,9,264,23.8,62.4,52.4,71.1,0,0,34,0,25.0,97.9,12.1,4,4,0,0,1,1,2.9,172,7.2
1,Phil Jurkovec,83533,QB,BOSTON COL,1,73.9,23,24,8.8,2.9,0,3,11.5,66.7,16,0,4,5.9,26,1,14,121,69.7,82.8,82.5,64.3,0,0,28,0,0.0,149.3,0.0,0,2,0,1,3,1,3.6,303,12.6
1,Gavin Hardison,100827,QB,UTEP,1,82.6,23,23,10.4,2.78,0,1,4.2,60.9,14,0,4,26.3,25,5,9,330,68.4,80.3,82.5,57.0,0,0,27,0,50.0,125.7,8.0,2,0,0,0,3,1,3.7,184,8.0
1,Adrian Martinez,83522,QB,NEBRASKA,1,78.3,23,23,11.4,3.02,0,2,8.7,73.9,17,0,5,5.6,26,1,15,238,29.4,90.3,90.8,64.7,0,0,26,0,20.0,124.2,3.8,1,2,0,0,1,0,0.0,254,11.0
1,Bailey Hockman,60383,QB,MIDDLE TN,1,80.0,20,23,13.8,2.66,0,1,4.3,69.6,16,0,9,0.0,24,0,11,224,26.1,80.8,76.3,,1,0,24,1,11.1,137.9,4.2,1,0,0,2,3,1,4.2,211,9.2
1,Joe Milton III,82151,QB,TENNESSEE,1,63.6,22,22,18.1,3.51,0,0,0.0,50.0,11,0,4,21.4,29,3,6,307,36.5,63.0,60.4,62.3,0,0,34,0,75.0,85.2,10.3,3,4,0,0,1,1,2.9,139,6.3
1,Jayden de Laura,131928,QB,WASH STATE,1,63.6,22,22,10.1,2.88,0,1,4.3,54.5,12,0,8,14.3,28,2,9,341,68.7,54.2,51.0,65.3,0,0,29,1,0.0,90.3,0.0,0,6,0,0,1,1,3.4,146,6.6
1,C.J. Stroud,129759,QB,OHIO STATE,1,71.4,21,22,10.8,2.74,0,3,12.5,59.1,13,0,9,13.3,24,2,8,260,68.4,70.7,72.0,57.7,0,1,26,0,0.0,124.1,0.0,0,2,0,1,4,0,0.0,294,13.4
1,Gerry Bohanon,77636,QB,BAYLOR,1,66.7,21,22,14.2,2.84,0,0,0.0,59.1,13,0,5,7.1,24,1,8,118,28.8,65.2,70.5,49.1,0,0,24,0,0.0,80.7,0.0,0,0,0,1,0,0,0.0,155,7.0
1,Jake Bentley,40788,QB,S ALABAMA,1,90.5,21,22,7.9,2.47,0,2,8.7,77.3,17,0,6,10.5,26,2,13,288,69.1,88.6,86.3,68.2,0,0,27,0,50.0,147.7,11.5,3,1,0,1,2,1,3.7,269,12.2
1,Bo Nix,97790,QB,AUBURN,1,95.5,22,22,9.4,2.61,0,2,9.1,90.9,20,0,1,4.8,24,1,15,115,68.2,83.6,82.2,65.4,0,0,24,0,0.0,158.3,0.0,0,2,0,0,3,0,0.0,275,12.5
1,Hudson Card,123109,QB,TEXAS,1,82.4,17,21,11.8,3.13,2,0,0.0,66.7,14,0,13,0.0,26,0,11,311,68.5,76.2,74.9,64.0,0,0,27,0,23.1,133.8,11.5,3,2,0,2,2,0,0.0,224,10.7
1,Tyler Johnston III,60570,QB,UAB,1,85.7,21,21,13.9,2.73,0,3,13.0,81.0,17,0,6,5.6,23,1,14,321,68.3,90.6,91.1,60.5,0,0,25,1,0.0,150.5,0.0,0,2,0,0,2,1,4.0,319,15.2
1,Jace Ruder,77680,QB,N TEXAS,1,60.0,20,21,15.6,2.29,1,1,4.8,47.6,10,0,4,16.7,22,2,9,251,68.7,81.3,83.4,58.0,0,2,22,0,0.0,44.0,0.0,0,1,0,0,1,1,4.5,131,6.2
1,Sam Noyer,40048,QB,OREGON ST,1,52.6,19,21,11.8,2.88,0,0,0.0,47.6,10,0,12,0.0,22,0,4,265,25.5,31.7,30.3,60.0,1,1,22,0,8.3,40.6,4.5,1,0,0,1,0,2,9.1,94,4.5
1,KJ Jefferson,99129,QB,ARKANSAS,1,75.0,20,21,7.0,2.67,0,0,0.0,57.1,12,0,7,20.0,26,3,8,111,70.6,69.2,52.7,82.5,0,1,28,0,28.6,71.1,7.7,2,3,0,1,1,1,3.6,128,6.1
1,Zeb Noland,40508,QB,S CAROLINA,1,75.0,20,21,7.8,2.41,0,0,0.0,61.9,13,0,4,13.3,23,2,10,289,67.7,63.7,60.3,64.2,0,0,25,1,0.0,117.3,0.0,0,1,0,1,4,0,0.0,121,5.8
1,Cade Fortin,77620,QB,USF,1,44.4,18,20,10.4,2.5,1,0,0.0,35.0,7,0,10,12.5,21,1,4,327,69.8,41.6,37.1,60.7,0,1,21,0,0.0,22.9,0.0,0,1,0,1,0,1,4.8,41,2.1
1,D.J. Mack Jr.,55405,QB,DOMINION,1,52.6,19,20,8.8,2.87,1,0,0.0,30.0,6,0,9,40.0,25,4,3,263,70.0,51.7,53.2,57.4,0,2,25,1,33.3,0.0,12.0,3,1,0,0,0,1,4.0,36,1.8
1,Grayson McCall,98002,QB,COAST CAR,1,89.5,19,20,10.3,2.33,0,1,5.0,80.0,16,0,2,5.9,21,1,13,141,67.9,90.8,88.4,71.9,0,0,21,0,0.0,135.4,0.0,0,1,1,0,1,0,0.0,262,13.1
1,Cornelious Brown IV,98356,QB,GA STATE,1,60.0,20,20,9.4,1.94,0,0,0.0,60.0,12,0,7,0.0,24,0,9,175,68.1,34.7,33.0,59.6,0,1,24,0,42.9,58.1,12.5,3,0,0,0,0,1,4.2,129,6.5
1,Jordon Brookshire,98678,QB,S DIEGO ST,1,44.4,18,19,12.0,2.94,1,1,4.8,31.6,6,0,9,25.0,24,2,4,284,69.0,57.3,51.9,65.4,0,1,26,0,22.2,23.1,8.3,2,3,0,0,0,2,7.7,76,4.0
1,Jordan Yates,97416,QB,GA TECH,1,72.2,18,19,12.0,3.4,0,2,9.1,63.2,12,0,13,7.7,24,1,8,176,28.5,65.2,67.7,56.5,0,0,27,1,7.7,101.9,4.2,1,4,0,1,1,1,3.7,135,7.1
1,Max Duggan,99470,QB,TCU,1,73.7,19,19,12.0,2.38,0,2,10.0,73.7,14,0,1,0.0,20,0,10,305,67.9,67.1,67.3,59.0,0,1,21,0,0.0,104.5,0.0,0,1,0,0,1,1,4.8,207,10.9
1,Jordan Travis,77615,QB,FLORIDA ST,1,58.8,17,19,7.5,3.68,1,1,4.8,47.4,9,0,16,10.0,26,1,7,167,70.6,61.6,57.2,64.4,0,3,28,0,25.0,65.6,15.4,4,3,0,1,2,1,3.6,130,6.8
1,Kyle Vantrease,55029,QB,BUFFALO,1,89.5,19,19,9.6,2.44,0,2,9.1,78.9,15,0,3,11.8,19,2,7,126,67.9,64.5,64.3,60.0,0,0,22,0,0.0,134.9,0.0,0,0,0,0,1,2,9.1,231,12.2
1,Braxton Burmeister,60513,QB,VA TECH,1,68.4,19,19,6.7,2.92,0,3,15.8,63.2,12,0,4,7.7,25,1,9,337,71.4,87.4,86.8,68.7,0,1,25,0,25.0,87.4,4.0,1,5,0,0,1,1,4.0,169,8.9
1,Tanner McKee,131770,QB,STANFORD,1,83.3,18,18,6.6,2.5,0,1,5.0,83.3,15,0,6,0.0,22,0,5,300,67.6,60.3,65.8,53.4,0,0,24,1,33.3,112.5,9.1,2,2,0,0,1,1,4.2,118,6.6
1,Rhett Rodriguez,60332,QB,LA MONROE,1,68.8,16,17,9.3,2.81,0,0,0.0,52.9,9,0,11,18.2,23,2,5,209,69.5,58.3,59.5,56.8,0,0,25,0,27.3,59.9,13.0,3,3,0,1,0,0,0.0,56,3.3
1,Rocky Lombardi,60452,QB,N ILLINOIS,1,75.0,16,17,12.3,2.61,0,1,5.3,64.7,11,0,4,8.3,18,1,8,254,71.2,71.4,61.3,75.0,0,0,20,0,0.0,128.6,0.0,0,1,0,1,2,0,0.0,136,8.0
1,Dorian Thompson-Robinson,83574,QB,UCLA,1,66.7,15,17,8.9,3.03,0,1,5.9,52.9,9,0,7,10.0,23,1,7,324,72.6,61.5,52.9,66.4,0,1,24,1,42.9,113.4,13.0,3,3,0,2,3,1,4.2,260,15.3
1,Tommy DeVito,60545,QB,SYRACUSE,1,80.0,15,17,9.5,2.49,0,1,5.9,64.7,11,0,6,8.3,18,1,7,304,71.2,85.4,78.8,73.9,0,0,18,0,16.7,78.6,5.6,1,0,0,2,0,0,0.0,92,5.4
1,Max Bortenschlager,46500,QB,FIU,1,88.2,17,17,11.9,2.59,0,2,11.8,82.4,14,0,3,6.7,19,1,12,166,68.4,83.6,89.8,53.4,0,1,19,0,0.0,133.5,0.0,0,2,0,0,2,0,0.0,266,15.6
1,Hayden Wolff,98362,QB,DOMINION,1,70.6,17,17,6.8,2.23,0,0,0.0,64.7,11,0,3,8.3,17,1,6,263,66.7,59.9,59.6,,0,0,17,0,0.0,97.2,0.0,0,0,0,0,1,0,0.0,88,5.2
1,Chance Nolan,78493,QB,OREGON ST,1,68.8,16,16,13.3,3.15,0,0,0.0,62.5,10,0,5,9.1,17,1,6,265,67.7,83.2,82.9,62.4,0,0,19,0,0.0,95.1,0.0,0,1,0,0,0,0,0.0,157,9.8
1,Brendon Lewis,131687,QB,COLORADO,1,83.3,12,15,7.9,3.78,0,0,0.0,66.7,10,0,10,0.0,20,0,7,143,69.2,70.9,62.3,71.0,0,0,21,0,20.0,108.2,10.0,2,3,0,3,1,0,0.0,102,6.8
1,Skylar Thompson,60417,QB,KANSAS ST,1,84.6,13,14,10.3,3.54,0,1,5.9,64.3,9,0,6,18.2,20,2,7,199,69.9,84.3,80.9,70.2,0,1,24,0,50.0,68.8,15.0,3,3,0,1,0,0,0.0,144,10.3
1,Kato Nelson,40264,QB,AKRON,1,75.0,12,14,4.6,3.2,1,0,0.0,64.3,9,0,13,0.0,24,0,4,102,23.7,43.1,39.0,59.4,0,0,24,0,46.2,74.1,25.0,6,4,0,1,0,1,4.2,62,4.4
1,Timmy McClain,144488,QB,USF,1,58.3,12,13,15.3,3.31,0,0,0.0,53.8,7,0,4,0.0,14,0,3,327,68.1,35.8,35.9,53.9,0,2,15,0,0.0,47.8,0.0,0,1,0,1,0,2,13.3,126,9.7
1,DJ Irons,145585,QB,AKRON,1,100.0,13,13,4.2,2.76,0,1,7.1,100.0,13,0,9,0.0,17,0,8,102,68.3,75.6,76.1,66.4,0,0,18,1,33.3,133.7,17.6,3,1,0,0,1,0,0.0,129,9.9
1,Jarrett Guarantano,40771,QB,WASH STATE,1,75.0,12,13,7.1,2.59,1,0,0.0,61.5,8,0,5,11.1,17,1,5,341,66.7,52.2,51.6,58.6,0,0,17,0,20.0,71.3,5.9,1,3,0,0,0,1,5.9,56,4.3
1,Cam'Ron Ransom,147110,QB,GA SOUTHRN,1,75.0,12,13,10.4,2.71,0,0,0.0,61.5,8,0,4,11.1,14,1,4,174,23.2,47.8,64.8,34.2,1,0,15,0,0.0,107.9,0.0,0,1,0,0,1,1,6.7,90,6.9
1,Layne Hatcher,82068,QB,ARK STATE,1,100.0,12,12,7.4,2.95,0,1,7.1,100.0,12,0,3,0.0,13,0,8,113,67.3,87.2,84.6,65.5,0,0,15,0,0.0,158.3,0.0,0,1,0,0,4,0,0.0,150,12.5
1,Jack West,83558,QB,STANFORD,1,66.7,12,12,6.3,2.65,0,0,0.0,66.7,8,0,6,0.0,15,0,4,300,66.4,40.4,41.2,57.0,0,2,15,0,33.3,44.4,13.3,2,1,0,0,0,1,6.7,76,6.3
1,Jayden Daniels,97993,QB,ARIZONA ST,1,83.3,12,12,7.2,2.88,0,0,0.0,83.3,10,0,2,0.0,16,0,7,110,69.1,68.6,60.6,73.2,0,0,19,0,100.0,112.5,12.5,2,2,0,0,0,1,5.3,132,11.0
1,Andrew Peasley,83581,QB,UTAH ST,1,63.6,11,12,10.7,3.13,0,1,8.3,50.0,6,0,4,14.3,14,1,2,329,22.7,57.7,61.5,53.7,1,0,14,0,0.0,70.1,0.0,0,2,0,0,0,1,7.1,76,6.3
1,Carter Bradley,77685,QB,TOLEDO,1,75.0,12,12,7.3,2.91,0,0,0.0,66.7,8,0,3,11.1,15,1,5,316,67.4,63.2,63.3,59.2,0,0,16,1,66.7,137.5,13.3,2,1,0,0,1,0,0.0,179,14.9
1,Doug Brumfield,128348,QB,UNLV,1,90.9,11,12,18.5,3.49,0,1,7.1,41.7,5,0,8,50.0,17,5,6,325,68.4,90.0,83.8,78.7,1,1,19,1,25.0,42.7,11.8,2,3,0,0,0,0,0.0,117,9.8
1,Justin Rogers,77666,QB,UNLV,1,63.6,11,11,6.9,3.31,0,0,0.0,63.6,7,0,7,0.0,15,0,1,325,22.8,41.0,32.4,71.1,0,0,16,1,57.1,67.6,26.7,4,0,0,0,0,2,12.5,23,2.1
1,Cade McNamara,101620,QB,MICHIGAN,1,100.0,9,11,5.2,2.01,2,2,16.7,81.8,9,0,1,0.0,11,0,4,222,66.8,93.0,91.9,63.3,0,0,12,0,0.0,157.8,0.0,0,0,0,0,2,0,0.0,136,12.4
1,Preston Hutchinson,60370,QB,E MICHIGAN,1,54.5,11,11,13.2,3.15,0,1,9.1,54.5,6,0,1,0.0,15,0,2,160,70.1,59.0,59.8,57.7,0,1,16,0,100.0,29.0,6.7,1,3,0,0,0,1,6.3,51,4.6
1,Luke McCaffrey,101634,QB,RICE,1,50.0,10,10,14.8,2.91,0,1,10.0,50.0,5,0,3,0.0,11,0,4,275,68.5,56.9,61.6,53.0,0,0,11,0,0.0,75.0,0.0,0,1,0,0,0,0,0.0,75,7.5
1,Ben Bryant,77655,QB,E MICHIGAN,1,80.0,10,10,6.3,2.54,0,1,9.1,80.0,8,0,5,0.0,16,0,5,160,68.2,69.8,64.5,67.2,0,0,17,0,40.0,118.8,12.5,2,3,0,0,0,0,0.0,130,13.0
1,Mike Wright Jr.,124366,QB,VANDERBILT,1,44.4,9,9,11.1,2.38,0,0,0.0,44.4,4,0,4,0.0,12,0,3,333,70.0,49.5,37.5,68.3,0,0,13,0,25.0,58.1,8.3,1,1,0,0,0,1,7.7,41,4.6
1,Jeff Sims,122496,QB,GA TECH,1,37.5,8,8,13.8,2.71,0,0,0.0,37.5,3,0,6,0.0,11,0,1,176,22.6,31.9,31.6,52.4,0,0,12,0,33.3,45.8,18.2,2,1,0,0,0,0,0.0,21,2.6
1,Beau Allen,73936,QB,KENTUCKY,1,57.1,7,7,9.0,2.5,0,1,14.3,57.1,4,0,3,0.0,8,0,3,202,64.6,55.8,55.2,,0,0,8,0,33.3,80.7,12.5,1,0,0,0,0,0,0.0,52,7.4
1,McKenzie Milton,40110,QB,FLORIDA ST,1,100.0,5,7,4.8,2.62,0,0,0.0,71.4,5,0,5,0.0,9,0,3,167,66.5,71.0,76.5,55.8,0,0,10,0,20.0,90.2,11.1,1,1,0,2,0,0,0.0,48,6.9
1,Logan Smothers,129713,QB,NEBRASKA,1,71.4,7,7,12.7,2.89,0,1,14.3,57.1,4,0,1,20.0,9,1,2,238,19.6,68.0,90.8,40.9,0,0,9,0,0.0,79.5,0.0,0,2,0,0,0,0,0.0,50,7.1
1,Amare Jones,77742,HB,GA SOUTHRN,1,57.1,7,7,3.7,2.97,0,0,0.0,57.1,4,0,3,0.0,9,0,4,174,75.5,71.7,62.6,67.9,0,0,9,0,33.3,76.5,11.1,1,1,0,0,0,0,0.0,45,6.4
1,Anthony Richardson,124393,QB,FLORIDA,1,57.1,7,7,20.0,2.56,0,0,0.0,28.6,2,0,1,50.0,9,2,2,163,70.5,86.3,64.3,85.4,0,0,10,0,0.0,49.7,0.0,0,1,0,0,0,0,0.0,38,5.4
1,Dennis Grosel,60351,QB,BOSTON COL,1,83.3,6,6,-0.5,3.14,0,0,0.0,83.3,5,0,3,0.0,7,0,2,121,67.2,65.4,59.0,65.9,0,0,8,0,0.0,97.2,0.0,0,1,0,0,0,0,0.0,44,7.3
1,J.J. McCarthy,144918,QB,MICHIGAN,1,100.0,6,6,10.2,2.73,0,1,12.5,66.7,4,0,2,33.3,7,2,2,222,16.7,74.2,73.7,,0,0,9,0,50.0,149.3,14.3,1,0,0,0,1,1,11.1,80,13.3
1,Tai Lavatai,121854,QB,NAVY,1,40.0,5,6,9.6,3.07,1,0,0.0,16.7,1,0,8,50.0,12,1,0,237,72.5,48.7,42.6,61.2,0,1,12,1,62.5,0.0,41.7,5,1,0,0,0,1,8.3,8,1.3
1,Maasai Maynor,101057,QB,NAVY,1,60.0,5,6,7.2,2.79,1,0,0.0,33.3,2,0,4,33.3,9,1,3,237,65.1,65.9,61.6,64.1,0,0,9,0,50.0,48.6,22.2,2,1,0,0,0,0,0.0,27,4.5
1,Evan Olaes,146018,QB,COLO STATE,1,66.7,6,6,2.3,3.51,0,0,0.0,50.0,3,0,6,25.0,10,1,3,144,67.5,75.3,57.3,75.8,0,1,10,0,16.7,19.4,10.0,1,3,0,0,0,0,0.0,22,3.7
1,Casey Thompson,77677,QB,TEXAS,1,80.0,5,5,5.4,2.72,0,0,0.0,80.0,4,0,1,0.0,5,0,3,311,63.8,70.4,69.7,,0,0,5,0,0.0,140.4,0.0,0,0,0,0,1,0,0.0,41,8.2
1,Jason Brown,109060,QB,S CAROLINA,1,100.0,5,5,3.6,2.63,0,0,0.0,80.0,4,0,1,20.0,6,1,2,289,13.4,48.5,47.5,,0,0,6,0,100.0,104.2,16.7,1,0,0,0,0,1,16.7,45,9.0
1,Nick Patti,77614,QB,PITTSBURGH,1,100.0,5,5,7.0,2.43,0,0,0.0,100.0,5,0,1,0.0,6,0,5,268,65.7,86.9,83.2,65.5,0,0,6,0,0.0,115.0,0.0,0,1,0,0,0,0,0.0,58,11.6
1,Haaziq Daniels,125263,QB,AIR FORCE,1,75.0,4,5,19.3,3.39,0,1,20.0,60.0,3,0,4,0.0,7,0,3,101,75.3,74.9,62.2,70.0,1,0,7,0,50.0,93.8,28.6,2,0,0,0,0,0,0.0,50,10.0
1,Derek Green,77646,QB,SMU,1,40.0,5,5,1.6,2.75,0,0,0.0,40.0,2,0,0,0.0,6,0,1,287,15.4,30.1,43.0,43.8,0,0,6,0,,47.9,0.0,0,1,0,0,0,1,16.7,2,0.4
1,Gunnar Watson,83570,QB,TROY,1,100.0,5,5,7.0,2.44,0,0,0.0,100.0,5,0,2,0.0,5,0,2,318,63.8,57.5,56.1,,0,0,5,0,0.0,118.8,0.0,0,0,0,0,0,1,20.0,69,13.8
1,T.J. Finley,124093,QB,AUBURN,1,50.0,4,5,9.3,2.4,0,0,0.0,40.0,2,0,2,0.0,5,0,1,115,65.5,47.6,47.7,60.0,0,0,5,0,0.0,53.8,0.0,0,0,0,1,0,0,0.0,22,4.4
1,Dequan Finn,97804,QB,TOLEDO,1,80.0,5,5,6.6,2.98,0,0,0.0,80.0,4,0,2,0.0,6,0,2,316,71.6,90.5,78.2,78.2,0,0,6,0,50.0,101.7,16.7,1,0,0,0,0,0,0.0,42,8.4
1,Austin Aune,83528,QB,N TEXAS,1,80.0,5,5,13.2,2.26,0,1,16.7,40.0,2,0,1,50.0,5,2,1,251,65.7,78.9,82.1,58.7,0,0,6,0,0.0,77.9,0.0,0,0,0,0,0,0,0.0,51,10.2
1,Trenton Bourguet,97285,QB,ARIZONA ST,1,60.0,5,5,14.6,2.12,0,0,0.0,60.0,3,0,0,0.0,5,0,0,110,63.8,62.6,61.1,,0,0,5,0,,78.8,0.0,0,0,0,0,0,0,0.0,32,6.4
1,Matthew Downing,82120,QB,TCU,1,75.0,4,4,7.0,2.08,0,0,0.0,75.0,3,0,1,0.0,4,0,2,305,65.2,77.0,83.0,57.5,0,0,4,0,0.0,91.7,0.0,0,0,0,0,0,0,0.0,26,6.5
1,Chase Cunningham,78533,QB,MIDDLE TN,1,100.0,4,4,1.3,1.43,0,0,0.0,100.0,4,0,0,0.0,4,0,1,224,66.6,68.1,64.7,63.2,0,0,4,0,,105.2,0.0,0,0,0,0,0,0,0.0,37,9.3
1,Collin Schlee,98025,QB,KENT STATE,1,75.0,4,4,7.5,3.34,0,0,0.0,50.0,2,0,2,33.3,7,1,1,201,69.7,64.2,55.6,67.7,0,0,7,0,50.0,65.6,14.3,1,2,0,0,0,0,0.0,21,5.3
1,Davis Beville,99588,QB,PITTSBURGH,1,100.0,2,3,19.0,1.9,1,1,33.3,66.7,2,0,1,0.0,3,0,2,268,62.7,91.1,91.0,,0,0,3,0,0.0,109.7,0.0,0,0,0,0,0,0,0.0,45,15.0
1,Chandler Rogers,98683,QB,LA MONROE,1,66.7,3,3,2.3,2.3,0,0,0.0,66.7,2,0,3,0.0,6,0,1,209,69.7,50.2,46.0,58.1,0,0,7,0,33.3,77.1,16.7,1,2,0,0,0,0,0.0,14,4.7
1,Luke Zban,82147,QB,MARSHALL,1,50.0,2,3,23.5,3.4,0,1,33.3,33.3,1,0,1,0.0,3,0,1,214,62.7,78.0,77.5,,1,0,3,0,0.0,111.1,0.0,0,0,0,0,1,0,0.0,30,10.0
1,Bryce Carpenter,82101,QB,COAST CAR,1,100.0,2,3,11.5,2.6,0,0,0.0,66.7,2,0,1,0.0,3,0,1,141,66.2,73.6,74.6,61.5,0,0,3,1,0.0,149.3,0.0,0,0,0,1,1,0,0.0,54,18.0
1,Xavier Arline,121831,QB,NAVY,1,100.0,2,3,2.0,3.44,0,0,0.0,66.7,2,0,3,0.0,5,0,1,237,74.4,76.5,55.3,73.3,0,0,5,0,66.7,93.8,40.0,2,0,0,1,0,0,0.0,26,8.7
1,Matt Myers,77698,QB,BUFFALO,1,66.7,3,3,14.0,2.8,0,1,25.0,33.3,1,0,0,50.0,3,1,1,126,63.3,67.2,66.3,60.0,0,0,4,0,,105.6,0.0,0,0,0,0,1,1,25.0,26,8.7
1,Will Plummer,131592,QB,ARIZONA,1,66.7,3,3,2.0,2.6,0,0,0.0,66.7,2,0,0,0.0,3,0,1,109,64.8,61.7,65.9,57.5,0,0,3,0,,70.1,0.0,0,0,0,0,0,0,0.0,9,3.0
1,Justin Lynch,144392,QB,TEMPLE,1,0.0,2,3,7.0,2.95,0,0,0.0,0.0,0,0,2,,4,0,0,306,19.7,28.8,26.7,51.6,0,1,4,0,0.0,0.0,0.0,0,1,0,1,0,1,25.0,0,0.0
1,Jarrett Guest,97997,QB,COAST CAR,1,100.0,2,2,15.0,2.4,0,1,50.0,100.0,2,0,2,0.0,2,0,1,141,64.4,87.9,88.4,60.0,0,0,2,0,0.0,118.8,0.0,0,0,0,0,0,0,0.0,32,16.0
1,Dylan Hopkins,83571,QB,UAB,1,100.0,2,2,27.0,3.15,0,1,50.0,100.0,2,0,0,0.0,2,0,1,321,61.8,94.3,94.3,,0,0,2,0,,158.3,0.0,0,0,0,0,1,0,0.0,51,25.5
1,Johnny Langan,77617,TE,RUTGERS,1,50.0,2,2,3.0,1.35,0,0,0.0,50.0,1,0,0,0.0,2,0,1,278,69.9,86.9,47.9,81.4,0,0,2,0,,58.3,0.0,0,0,0,0,0,0,0.0,7,3.5
1,Armani Rogers,40034,QB,OHIO,1,50.0,2,2,19.0,3.1,0,0,0.0,50.0,1,0,1,0.0,2,0,1,259,65.2,78.3,76.6,63.4,0,0,2,0,0.0,95.8,0.0,0,0,0,0,0,0,0.0,32,16.0
1,Grayson James,145214,QB,FIU,1,100.0,2,2,2.5,2.6,0,0,0.0,50.0,1,0,1,50.0,2,1,0,166,66.2,71.2,63.1,65.6,0,0,2,0,0.0,64.6,0.0,0,0,0,0,0,0,0.0,10,5.0
1,Cameron Rising,77663,QB,UTAH,1,100.0,2,2,6.0,1.85,0,0,0.0,100.0,2,0,0,0.0,2,0,2,328,64.4,80.1,79.6,60.0,0,0,2,0,,158.3,0.0,0,0,0,0,1,0,0.0,29,14.5
1,Jack Tuttle,83580,QB,INDIANA,1,0.0,1,2,19.0,2.85,0,0,0.0,0.0,0,0,1,,2,0,0,190,61.8,53.8,52.4,,1,0,2,0,0.0,39.6,0.0,0,0,0,0,0,0,0.0,0,0.0
1,Mitch Griffis,123386,QB,WAKE,1,0.0,1,2,4.0,3.2,1,0,0.0,0.0,0,0,2,,2,0,0,339,16.2,29.5,35.4,60.0,0,0,2,0,0.0,39.6,0.0,0,0,0,0,0,0,0.0,0,0.0
1,Christian Anderson,60339,QB,ARMY,1,50.0,2,2,13.0,2.9,0,0,0.0,50.0,1,0,1,0.0,3,0,1,114,27.7,55.5,69.1,53.7,0,0,3,0,0.0,135.4,0.0,0,1,0,0,1,0,0.0,40,20.0
1,Carson Baker,83548,QB,W KENTUCKY,1,100.0,1,1,27.0,1.9,0,0,0.0,100.0,1,0,0,0.0,1,0,1,346,60.3,38.5,38.9,,0,0,1,0,,158.3,0.0,0,0,0,0,1,1,100.0,54,54.0
1,Justice McCoy,52034,WR,COLO STATE,1,100.0,1,1,6.0,4.4,0,0,0.0,100.0,1,0,1,0.0,1,0,1,144,62.4,56.0,60.4,,0,0,1,0,0.0,116.7,0.0,0,0,0,0,0,0,0.0,12,12.0
1,Paul Tyson,98363,QB,ALABAMA,1,100.0,1,1,9.0,2.6,0,0,0.0,100.0,1,0,1,0.0,1,0,1,103,60.3,73.3,71.9,,0,0,1,0,0.0,108.3,0.0,0,0,0,0,0,0,0.0,10,10.0
1,Tyger Goslin,77634,FB,NAVY,1,0.0,1,1,20.0,3.3,0,0,0.0,0.0,0,0,1,,1,0,0,237,67.1,56.0,38.9,62.8,0,1,1,0,0.0,0.0,0.0,0,0,0,0,0,1,100.0,0,0.0
1,Alex Padilla,86285,QB,IOWA,1,,0,1,,1.4,1,0,0.0,0.0,0,0,1,,1,0,0,192,63.7,58.5,60.0,60.0,0,0,1,0,0.0,39.6,0.0,0,0,0,0,0,0,0.0,0,0.0
1,Braden Smith,61460,WR,LOUISVILLE,1,100.0,1,1,-4.0,2.9,0,0,0.0,100.0,1,0,0,0.0,1,0,0,210,68.8,58.7,60.6,,0,0,1,0,,104.2,0.0,0,0,0,0,0,0,0.0,9,9.0
1,Garrett Shrader,98212,QB,SYRACUSE,1,100.0,1,1,0.0,4.7,0,0,0.0,100.0,1,0,1,0.0,1,0,0,304,63.7,70.3,60.4,63.5,0,0,1,0,0.0,100.0,0.0,0,0,0,0,0,0,0.0,8,8.0
1,Zach Calzada,98006,QB,TEXAS A&M,1,0.0,1,1,19.0,5.65,0,0,0.0,0.0,0,0,2,,2,0,0,312,61.8,30.7,27.2,64.1,0,1,2,0,0.0,0.0,0.0,0,1,0,0,0,1,50.0,0,0.0
1,Jack Albers,65630,QB,PURDUE,1,0.0,1,1,18.0,3.5,0,0,0.0,0.0,0,0,0,,1,0,0,273,60.3,78.8,75.4,,0,1,1,0,,0.0,0.0,0,0,0,0,0,0,0.0,0,0.0
1,Kalil Pimpleton,61799,WR,C MICHIGAN,1,0.0,1,1,29.0,3.2,0,0,0.0,0.0,0,0,0,,1,0,0,134,71.2,51.6,50.8,57.5,0,0,1,0,,39.6,0.0,0,0,0,0,0,0,0.0,0,0.0
1,Hendon Hooker,60593,QB,TENNESSEE,1,100.0,1,1,6.0,1.4,0,0,0.0,100.0,1,0,0,0.0,1,0,1,307,60.3,54.4,53.9,,0,0,1,0,,87.5,0.0,0,0,0,0,0,0,0.0,5,5.0
1,Cameron Odom,61558,WR,OHIO,1,100.0,1,1,7.0,3.5,0,0,0.0,100.0,1,0,1,0.0,1,0,1,259,63.7,60.8,77.2,,0,0,1,0,0.0,118.8,0.0,0,0,0,0,0,0,0.0,38,38.0
1,Mario Williams,144620,WR,OKLAHOMA,1,100.0,1,1,10.0,4.2,0,0,0.0,100.0,1,0,0,0.0,1,0,1,261,66.4,64.3,54.8,,0,0,1,0,,108.3,0.0,0,0,0,0,0,0,0.0,10,10.0
1,Daniel Richardson,97103,QB,C MICHIGAN,1,100.0,1,1,15.0,2.1,0,1,100.0,100.0,1,0,0,0.0,1,0,1,134,60.3,87.0,85.9,,0,0,1,0,,131.3,0.0,0,0,0,0,1,0,0.0,6,6.0
1,Jemel Jones,102863,QB,ARMY,1,100.0,1,1,24.0,2.3,0,0,0.0,100.0,1,0,1,0.0,1,0,1,114,69.7,66.6,77.7,56.9,0,0,1,0,0.0,158.3,0.0,0,0,0,0,1,0,0.0,32,32.0
1,Tyjon Lindsey,61489,WR,OREGON ST,1,100.0,1,1,17.0,2.4,0,0,0.0,100.0,1,0,0,0.0,1,0,1,265,67.9,72.8,72.6,60.8,0,0,1,0,,118.8,0.0,0,0,0,0,0,0,0.0,34,34.0
1,Tyhier Tyler,82083,QB,ARMY,1,100.0,1,1,17.0,4.0,0,0,0.0,100.0,1,0,0,0.0,1,0,1,114,71.9,81.7,73.1,70.0,0,0,1,0,,118.8,0.0,0,0,0,0,0,0,0.0,26,26.0
1,Tyler Van Dyke,122225,QB,MIAMI FL,1,0.0,1,1,2.0,3.53,0,0,0.0,0.0,0,0,1,,3,0,1,220,64.8,56.9,50.8,62.9,0,0,3,0,100.0,39.6,33.3,1,1,0,0,0,0,0.0,0,0.0
1,Aaron Allen,78494,QB,LA TECH,1,100.0,1,1,-1.0,1.3,0,0,0.0,100.0,1,0,0,0.0,1,0,0,208,60.3,61.0,60.6,,0,0,1,0,,79.2,0.0,0,0,0,0,0,0,0.0,-1,-1.0
1,Tucker Gleason,122475,QB,TOLEDO,1,100.0,1,1,14.0,3.2,0,0,0.0,100.0,1,0,0,0.0,1,0,1,316,63.7,68.9,72.6,58.8,0,0,1,0,,118.8,0.0,0,0,0,0,0,0,0.0,13,13.0
1,Ricky Pearsall,100660,WR,ARIZONA ST,1,100.0,1,1,21.0,2.7,0,0,0.0,100.0,1,0,0,0.0,1,0,1,110,65.6,71.0,76.2,69.4,0,0,1,2,,118.8,0.0,0,0,0,0,0,0,0.0,29,29.0
1,Chandler Morris,122938,QB,TCU,1,100.0,1,1,21.0,2.9,0,0,0.0,100.0,1,0,0,0.0,1,0,1,305,60.3,77.7,76.2,,0,0,1,0,,158.3,0.0,0,0,0,0,1,0,0.0,20,20.0
1,Vontravious Hall,83526,QB,NEW MEXICO,1,100.0,1,1,2.0,4.7,0,0,0.0,100.0,1,0,0,0.0,1,0,0,241,60.3,62.0,60.4,,0,0,1,0,,87.5,0.0,0,0,0,0,0,0,0.0,5,5.0
1,Justin Ibieta,123220,QB,TULANE,1,0.0,1,1,30.0,3.1,0,0,0.0,0.0,0,0,1,,1,0,0,319,60.3,49.6,49.9,,0,0,1,0,0.0,39.6,0.0,0,0,0,0,0,0,0.0,0,0.0
1,Evan Prater,123576,QB,CINCINNATI,1,100.0,1,1,4.0,3.13,0,0,0.0,0.0,0,0,1,100.0,3,1,0,138,66.4,75.6,60.6,69.2,0,1,3,0,0.0,0.0,0.0,0,2,0,0,0,0,0.0,0,0.0
1,Ira Armstead,123767,QB,VIRGINIA,1,0.0,1,1,13.0,2.4,0,0,0.0,0.0,0,0,0,,1,0,0,335,70.5,67.1,72.6,65.6,0,0,1,0,,39.6,0.0,0,0,0,0,0,0,0.0,0,0.0
1,Colten Gauthier,146908,QB,S CAROLINA,1,100.0,1,1,-3.0,1.1,0,0,0.0,100.0,1,0,0,0.0,1,0,1,289,60.3,62.3,60.6,,0,0,1,0,,118.8,0.0,0,0,0,0,0,0,0.0,19,19.0
1,Davis Cheek,55146,QB,ELON,1,66.0,47,51,11.1,2.63,0,2,3.9,56.9,29,0,23,6.5,55,2,17,162,25.4,49.2,57.4,31.7,0,1,57,1,4.3,79.9,1.8,1,3,0,4,2,1,1.8,313,6.1
1,Cody Orgeron,23693,QB,MCNEESE,1,71.7,46,50,9.2,3.07,0,1,1.9,60.0,30,0,15,9.1,59,3,19,217,72.3,75.8,76.7,60.7,0,0,64,0,26.7,95.3,6.8,4,5,0,4,2,0,0.0,358,7.2
1,Ren Hefley,101621,QB,PRESBYTERN,1,83.7,49,49,8.4,2.72,0,8,14.5,77.6,38,0,11,7.3,53,3,27,271,70.5,92.0,92.3,71.3,0,0,59,1,0.0,151.9,0.0,0,4,0,0,10,0,0.0,537,11.0
1,Aqeel Glass,60328,QB,ALAB A&M,1,76.2,42,49,9.3,2.29,1,2,4.0,57.1,28,0,18,12.5,51,4,20,104,72.2,82.8,82.6,62.9,1,0,52,1,5.6,113.9,2.0,1,0,1,4,4,0,0.0,435,8.9
1,Jaylen Gipson,60561,QB,N ALABAMA,1,61.9,42,47,12.9,3.06,2,1,2.0,51.1,24,0,24,7.7,52,2,19,389,71.0,74.9,72.5,67.5,0,1,56,0,12.5,96.1,5.8,3,2,0,3,4,1,1.8,361,7.7
1,Cam Ward,133244,QB,INCAR WORD,1,66.7,45,47,9.8,2.93,0,0,0.0,59.6,28,0,9,6.7,49,2,19,189,37.6,57.4,62.5,41.4,0,0,51,0,11.1,111.7,2.0,1,1,0,2,4,3,5.9,357,7.6
1,Davis Alexander,52162,QB,PORTLAND,1,61.4,44,47,12.5,2.74,1,6,12.5,48.9,23,0,19,14.8,49,4,17,269,24.4,73.4,78.5,44.9,1,2,50,1,10.5,81.9,4.1,2,0,0,1,3,3,6.0,400,8.5
1,Bailey Fisher,88643,QB,GARD-WEBB,1,70.7,41,46,6.7,2.45,1,1,2.1,58.7,27,0,18,6.9,51,2,16,171,69.8,69.1,66.4,69.6,1,0,53,1,16.7,102.0,5.9,3,2,0,3,3,0,0.0,323,7.0
1,Blaise Bentsen,102365,QB,HOU BAPT,1,66.7,42,45,6.8,2.32,1,2,4.2,57.8,26,0,20,7.1,55,2,11,183,71.1,43.7,40.5,62.8,1,2,58,0,25.0,56.7,9.1,5,3,0,1,1,5,8.6,190,4.2
1,Rogan Wells,149999,QB,W CAROLINA,1,66.7,42,45,7.9,2.49,1,1,2.0,53.3,24,0,11,14.3,50,4,17,344,43.3,57.4,54.2,64.7,0,2,56,0,9.1,60.9,2.0,1,4,1,1,1,2,3.6,275,6.1
1,Liam Welch,19897,QB,SAMFORD,1,82.9,41,44,7.7,2.05,2,2,4.3,75.0,33,0,7,2.9,44,1,15,282,71.7,80.8,77.8,69.5,0,0,47,0,0.0,129.9,0.0,0,0,0,1,4,1,2.1,370,8.4
1,Tyquell Fields,51615,QB,STNY BROOK,1,54.8,42,44,13.3,2.26,0,4,8.9,47.7,21,0,14,8.7,51,2,10,303,71.6,59.3,53.0,72.4,2,2,52,1,21.4,54.6,5.9,3,3,0,0,1,6,11.5,255,5.8
1,Jason Shelley,60581,QB,MO STATE,1,63.4,41,44,10.3,2.94,0,2,4.4,52.3,23,0,24,11.5,54,3,14,230,72.3,48.3,51.1,55.9,0,0,55,2,20.8,75.4,9.3,5,5,1,2,1,3,5.5,234,5.3
1,Connor Sampson,33374,QB,W ILLINOIS,1,85.7,42,43,6.2,2.94,1,2,4.5,69.8,30,0,9,16.7,48,6,16,345,69.6,63.7,64.4,56.1,0,1,49,0,22.2,101.6,4.2,2,3,0,0,2,2,4.1,367,8.5
1,Mason Randall,91728,QB,SAN DIEGO,1,70.7,41,43,6.8,2.65,2,2,4.4,65.1,28,0,14,3.4,47,1,14,283,70.4,58.4,56.8,61.0,0,2,49,0,7.1,69.0,2.1,1,3,0,0,1,3,6.1,251,5.8
1,Tyler Vander Waal,60615,QB,IDAHO ST,1,50.0,42,43,12.0,2.43,1,3,6.4,44.2,19,0,10,9.5,46,2,13,186,70.8,62.8,62.3,59.5,0,3,50,0,10.0,39.9,2.2,1,2,0,0,1,3,6.0,230,5.3
1,Keon Howard,40418,QB,TENN MARTN,1,65.0,40,43,9.6,2.72,2,1,2.1,46.5,20,0,14,23.1,49,6,12,310,45.4,54.5,50.7,63.1,0,1,55,0,7.1,57.6,2.0,1,5,0,1,1,3,5.5,193,4.5
1,Breylin Smith,33893,QB,CENT ARK,1,61.5,39,43,13.1,2.52,0,5,11.1,53.5,23,0,18,4.2,44,1,11,132,69.4,72.0,73.8,57.3,0,2,46,1,0.0,79.2,0.0,0,1,0,4,3,1,2.2,296,6.9
1,Joe Fagnano,104768,QB,MAINE,1,69.2,39,42,8.7,2.63,2,2,4.4,59.5,25,0,12,7.4,46,2,11,212,71.1,70.6,72.0,57.0,1,2,49,0,16.7,79.6,4.3,2,2,0,0,2,1,2.0,321,7.6
1,Dylan McCaffrey,60451,QB,N COLORADO,1,66.7,39,42,6.2,2.82,0,0,0.0,57.1,24,0,16,7.7,49,2,10,253,70.5,45.8,48.1,54.2,0,1,51,1,18.8,71.1,6.1,3,4,0,3,1,2,3.9,236,5.6
1,Mark Pappas,109046,QB,MOREHEAD,1,62.5,40,41,8.9,2.09,0,0,0.0,53.7,22,0,19,12.0,44,3,11,234,36.7,34.4,35.2,55.1,1,3,47,0,10.5,42.0,4.5,2,1,0,0,0,7,14.9,253,6.2
1,Cole Kelley,39945,QB,SE LA,1,82.5,40,41,7.9,2.68,0,3,7.0,73.2,30,0,10,9.1,45,3,17,294,40.8,83.7,80.0,71.6,1,0,47,0,10.0,114.2,2.2,1,3,0,0,3,1,2.1,263,6.4
1,Jalen Brown,141977,QB,TEXAS STHN,1,75.8,33,41,6.6,2.3,3,1,2.3,48.8,20,0,9,20.0,44,5,11,313,69.4,56.4,56.2,57.8,2,0,46,0,22.2,69.3,4.5,2,1,0,3,1,1,2.2,181,4.4
1,Tony Muskett,142933,QB,MONMOUTH,1,69.2,39,41,6.1,1.97,0,1,2.4,63.4,26,0,9,3.7,43,1,8,231,70.1,60.4,56.6,68.9,1,1,44,1,22.2,71.5,4.7,2,0,0,1,1,1,2.3,183,4.5
1,Romelo Williams,78489,QB,CENT CT ST,1,73.5,34,39,7.0,2.97,2,3,7.3,59.0,23,0,16,8.0,43,2,12,133,71.6,77.0,78.0,65.1,1,1,45,1,0.0,85.7,0.0,0,4,1,1,2,2,4.4,263,6.7
1,Hamp Sisson,78462,QB,FURMAN,1,73.0,37,39,9.3,2.48,1,1,2.4,64.1,25,0,5,7.4,40,2,14,170,70.0,63.8,73.3,27.8,0,1,42,1,20.0,109.1,2.5,1,0,0,1,3,0,0.0,362,9.3
1,Westin Elliott,60433,QB,MERRIMACK,1,89.2,37,39,9.6,2.39,1,3,7.7,84.6,33,0,5,0.0,44,0,19,385,33.7,79.4,87.0,35.6,0,1,44,0,60.0,138.4,6.8,3,2,0,1,5,2,4.5,401,10.3
1,Spencer Brasch,100574,QB,CAL POLY,1,68.4,38,39,11.9,2.37,0,3,7.5,61.5,24,0,14,7.7,42,2,18,129,70.1,72.7,69.4,69.4,0,0,43,0,14.3,104.2,4.8,2,1,0,1,2,1,2.3,316,8.1
1,Eric Barriere,40109,QB,E WASHGTON,1,79.5,39,39,7.9,2.79,0,4,9.5,71.8,28,0,14,9.7,45,3,17,161,71.1,88.8,86.2,70.2,0,2,49,0,14.3,106.1,4.4,2,4,0,0,3,3,6.1,374,9.6
1,Eric Schmid,66632,QB,SM HOUSTON,1,72.2,36,38,7.8,2.37,0,1,2.5,55.3,21,0,4,19.2,40,5,12,281,36.3,62.9,67.0,53.6,0,1,42,1,0.0,93.6,0.0,0,2,0,2,3,1,2.4,275,7.2
1,Jawon Pass,40916,QB,PRVIEW A&M,1,78.8,33,36,9.6,2.22,1,2,5.6,66.7,24,0,11,7.7,44,2,16,270,36.8,59.5,65.1,46.0,0,1,44,0,9.1,114.7,2.3,1,3,0,2,3,2,4.5,353,9.8
1,Hunter Rodrigues,78490,QB,UC DAVIS,1,87.9,33,35,8.1,2.64,0,2,5.4,80.0,28,0,11,3.4,40,1,16,322,37.1,80.0,83.3,53.8,0,0,42,0,18.2,113.2,5.0,2,2,0,2,1,1,2.4,311,8.9
1,Jett Duffey,41634,QB,HAMPTON,1,77.1,35,35,9.1,2.07,0,1,2.8,68.6,24,0,6,11.1,36,3,11,178,71.7,76.0,78.2,57.1,0,2,37,0,0.0,83.3,0.0,0,1,0,0,2,1,2.7,242,6.9
1,Jeff Widener,104774,QB,N ARIZONA,1,62.9,35,35,11.3,2.67,0,3,8.1,60.0,21,0,9,4.5,39,1,15,252,70.8,77.0,75.4,65.6,0,2,41,0,22.2,82.2,5.1,2,2,0,0,2,0,0.0,293,8.4
1,Davis Shanley,60604,QB,TENN TECH,1,58.8,34,35,8.7,2.54,0,1,2.8,54.3,19,0,8,5.0,36,1,11,309,69.3,56.3,54.3,63.3,0,1,37,1,12.5,63.9,2.8,1,0,0,1,1,2,5.4,159,4.5
1,Nic Baker,87541,QB,S ILLINOIS,1,82.4,34,34,11.5,2.7,0,6,17.6,73.5,25,0,8,10.7,36,3,18,295,69.7,91.9,92.6,54.8,0,1,36,0,12.5,142.4,2.8,1,1,0,0,4,1,2.8,460,13.5
1,Will McElvain,88639,QB,N IOWA,1,74.2,31,34,8.9,3.14,1,0,0.0,61.8,21,0,15,8.7,39,2,8,255,70.0,55.7,54.3,60.2,0,2,42,0,13.3,67.0,5.1,2,3,0,2,1,1,2.4,230,6.8
1,Joe Mancuso,40312,QB,RICHMOND,1,78.8,33,34,9.0,2.34,0,1,2.7,73.5,25,0,3,3.8,35,1,16,276,69.8,92.9,91.7,77.3,0,0,38,0,0.0,118.9,0.0,0,1,0,1,2,1,2.6,293,8.6
1,Bronson Barron,141710,QB,WEBER ST,1,72.7,33,33,8.6,2.61,0,0,0.0,63.6,21,0,18,12.5,38,3,11,342,71.8,62.7,62.5,63.0,0,1,38,1,16.7,79.5,7.9,3,1,0,0,1,1,2.6,213,6.5
1,Chris Ferguson,40105,QB,TOWSON,1,75.0,32,33,9.7,2.59,0,5,13.5,63.6,21,0,7,12.5,36,3,11,317,69.5,73.0,77.4,45.3,0,0,40,0,28.6,107.8,5.6,2,1,1,0,2,2,5.0,257,7.8
1,Zerrick Cooper,40465,QB,JVILLE ST,1,62.1,29,33,6.6,2.26,2,0,0.0,48.5,16,0,9,11.1,39,2,4,196,69.5,46.1,44.4,62.2,0,0,40,1,0.0,55.0,0.0,0,5,0,2,0,3,7.5,89,2.7
1,Draylen Ellis,121346,QB,AUSTINPEAY,1,83.9,31,33,11.2,2.96,0,4,11.8,69.7,23,0,17,11.5,42,3,13,116,36.8,62.2,69.8,50.8,0,2,44,1,17.6,114.5,7.1,3,6,0,2,4,4,9.1,317,9.6
1,Hajj-Malik Williams,102348,QB,CAMPBELL,1,64.3,28,32,12.1,2.81,0,1,2.9,46.9,15,0,14,16.7,35,3,9,131,69.7,72.4,69.5,70.7,0,0,37,1,0.0,75.4,0.0,0,3,0,4,1,0,0.0,183,5.7
1,Steven Duncan,40211,QB,TARLETON,1,62.5,32,32,10.1,2.24,0,2,5.7,59.4,19,0,17,5.0,37,1,10,401,31.1,61.1,61.7,57.0,0,3,40,0,17.6,48.3,8.1,3,1,0,0,1,4,10.0,195,6.1
1,Rasean McKay,88321,QB,FL A&M,1,79.2,24,31,3.5,2.13,1,0,0.0,58.1,18,0,12,5.3,33,1,2,164,23.5,37.9,43.0,48.3,3,0,36,2,8.3,63.0,3.0,1,1,1,2,0,1,2.8,78,2.5
1,Skyler Perry,82082,QB,ARKAPB,1,64.3,28,31,6.4,2.71,2,0,0.0,58.1,18,0,11,0.0,36,0,9,112,72.1,55.3,61.2,50.6,0,0,37,0,0.0,85.1,0.0,0,5,0,1,1,1,2.7,178,5.7
1,Kody Wilstead,52001,QB,DIXIE,1,55.6,27,31,13.6,2.94,0,2,6.3,45.2,14,0,13,6.7,36,1,8,1285,70.5,68.1,64.2,68.2,0,1,37,1,23.1,46.8,8.3,3,1,0,4,0,1,2.7,153,4.9
1,Lindsey Scott Jr.,40219,QB,NICHOLLS,1,64.3,28,30,11.6,2.93,1,0,0.0,56.7,17,0,4,5.6,34,1,12,243,70.5,57.8,55.7,61.9,0,0,35,0,25.0,87.4,2.9,1,3,0,1,1,0,0.0,194,6.5
1,Justin Miller,103941,QB,SO UTAH,1,74.1,27,30,6.0,2.8,1,0,0.0,63.3,19,0,10,5.0,31,1,7,298,68.5,40.9,39.6,,0,3,34,0,10.0,35.6,3.2,1,0,0,2,0,3,8.8,146,4.9
1,Teryn Berry,103950,QB,VALPO,1,62.1,29,30,10.7,2.62,1,3,10.0,50.0,15,0,12,16.7,33,3,8,332,21.9,31.7,31.1,52.4,0,4,33,1,16.7,28.3,6.1,2,1,0,0,0,6,18.2,174,5.8
1,Tim Demorat,78498,QB,FORDHAM,1,67.9,28,29,9.9,2.72,0,0,0.0,58.6,17,0,11,10.5,32,2,7,168,69.4,47.6,49.0,52.2,1,3,32,0,9.1,46.6,3.1,1,2,0,0,1,2,6.3,165,5.7
1,Matthew McKay,60485,QB,MONTANA ST,1,67.9,28,29,10.6,1.93,0,1,3.4,65.5,19,0,7,0.0,31,0,10,233,72.3,78.9,84.1,58.5,0,0,31,1,28.6,108.7,6.5,2,0,1,0,2,0,0.0,202,7.0
1,Nolan Henderson,63572,QB,DELAWARE,1,60.0,25,29,10.9,3.71,0,3,10.0,48.3,14,0,10,6.7,32,1,12,151,15.1,61.2,71.9,38.0,0,0,33,0,10.0,102.9,3.1,1,2,0,4,2,1,3.0,262,9.0
1,Ryan Nettles,102339,QB,ALABAMA ST,1,70.4,27,29,8.0,2.42,1,0,0.0,65.5,19,0,8,0.0,35,0,11,105,33.3,65.0,65.4,59.2,0,0,35,1,25.0,84.4,5.7,2,4,0,1,0,0,0.0,193,6.7
1,Jalen Fowler,64170,QB,NC A&T,1,64.3,28,29,17.1,3.05,0,5,15.6,48.3,14,0,10,22.2,35,4,9,246,38.7,72.1,81.1,50.6,0,1,38,1,20.0,89.3,5.7,2,4,0,1,2,3,7.9,267,9.2
1,Parker McKinney,82109,QB,E KENTUCKY,1,82.1,28,29,8.4,2.5,0,3,9.7,72.4,21,0,6,8.7,31,2,12,159,72.3,83.4,86.6,61.6,0,1,33,0,0.0,95.5,0.0,0,2,0,1,1,1,3.0,250,8.6
1,Camden Orth,108965,QB,LIUSHAR,1,64.3,28,29,10.3,2.59,0,1,3.4,51.7,15,0,6,16.7,31,3,9,1298,70.3,74.3,73.6,62.6,0,0,31,0,16.7,85.0,3.2,1,1,0,1,1,0,0.0,197,6.8
1,Jeff Undercuffler,78501,QB,ALBANY,1,65.4,26,28,9.8,2.11,0,0,0.0,57.1,16,0,10,5.9,32,1,7,106,68.4,41.7,42.3,57.3,1,2,32,0,30.0,59.1,9.4,3,1,0,1,1,2,6.3,183,6.5
1,Corey Fields Jr.,78539,QB,SCAR STATE,1,61.5,26,28,14.3,2.98,1,2,7.1,50.0,14,0,10,12.5,33,2,8,290,70.8,72.6,62.4,77.9,0,2,33,0,20.0,57.6,6.1,2,3,0,1,1,2,6.1,213,7.6
1,Chris Oladokun,40364,QB,S DAK ST,1,80.0,25,28,9.6,2.89,0,2,6.7,64.3,18,0,14,10.0,28,2,11,292,69.8,88.4,84.5,72.0,1,0,30,0,0.0,112.8,0.0,0,0,0,2,2,0,0.0,224,8.0
1,Cole Johnson,29785,QB,JAMES MAD,1,85.2,27,28,13.6,2.71,0,4,14.3,67.9,19,0,8,17.4,30,4,11,197,68.8,90.3,90.2,69.2,1,0,30,1,12.5,142.6,3.3,1,1,0,0,5,0,0.0,298,10.6
1,Stone Earle,123504,QB,ABILENE CH,1,70.8,24,28,7.4,2.76,2,0,0.0,46.4,13,0,16,23.5,31,4,7,100,32.0,58.4,58.3,58.6,1,2,31,0,12.5,46.7,6.5,2,1,0,1,1,2,6.5,160,5.7
1,Drayton Arnold,40050,QB,CHATTNOOGA,1,50.0,24,27,13.1,2.8,0,0,0.0,44.4,12,0,12,0.0,31,0,6,137,68.5,42.2,42.8,52.8,1,2,34,0,16.7,42.8,6.5,2,2,0,2,1,2,5.9,144,5.3
1,Marquez McCray,109056,QB,SACR HEART,1,64.0,25,27,12.5,2.79,0,3,10.7,55.6,15,0,10,6.3,32,1,9,280,33.4,68.9,72.3,56.5,0,0,33,0,10.0,85.1,3.1,1,4,0,2,1,1,3.0,158,5.9
1,Trae Self,103962,QB,STF AUSTIN,1,78.3,23,27,8.0,3.0,1,0,0.0,66.7,18,0,16,0.0,32,0,11,301,71.2,71.7,67.5,67.4,1,0,32,1,12.5,105.5,6.3,2,3,0,2,1,0,0.0,230,8.5
1,Quinton Williams,102366,QB,HOWARD,1,80.0,25,27,7.8,2.43,0,1,3.6,63.0,17,0,9,15.0,31,3,9,184,28.3,67.6,66.3,62.1,0,0,32,0,22.2,101.8,6.5,2,2,0,2,1,2,6.3,226,8.4
1,Cross Wilkinson,77699,QB,LEHIGH,1,61.5,26,26,7.8,2.67,0,0,0.0,57.7,15,0,5,6.3,28,1,8,205,19.0,43.6,49.9,42.9,0,3,28,0,40.0,32.1,7.1,2,0,0,0,0,4,14.3,134,5.2
1,Bret Bushka,108927,QB,BUTLER,1,72.0,25,26,6.0,2.55,1,0,0.0,57.7,15,0,6,16.7,30,3,10,127,68.3,52.8,50.9,61.5,0,3,32,0,33.3,48.7,6.7,2,2,0,0,1,3,9.4,158,6.1
1,Bret Edwards,88638,QB,NEW HAMP,1,85.0,20,25,7.3,3.05,1,1,4.0,68.0,17,0,6,0.0,26,0,11,240,69.5,85.6,82.0,70.4,0,0,26,1,0.0,138.0,0.0,0,1,0,4,3,0,0.0,238,9.5
1,Seth Morgan,103954,QB,VA MILT IN,1,83.3,24,24,6.6,1.97,0,1,3.8,79.2,19,0,5,5.0,27,1,12,336,70.1,42.7,41.3,57.2,0,1,29,0,40.0,109.2,7.4,2,1,0,0,2,2,6.9,185,7.7
1,Shedeur Sanders,131396,QB,JACKSON ST,1,82.6,23,24,10.0,2.71,0,2,8.0,75.0,18,0,10,5.3,28,1,8,194,15.3,67.1,81.7,39.5,0,0,30,1,20.0,103.0,7.1,2,2,0,1,0,1,3.3,221,9.2
1,Cam Humphrey,39886,QB,MONTANA,1,54.5,22,23,7.8,3.06,1,0,0.0,52.2,12,0,11,0.0,27,0,5,232,69.7,51.0,48.2,63.2,0,0,30,1,9.1,64.6,3.7,1,3,0,0,0,2,6.7,105,4.6
1,Carson Camp,141837,QB,S DAKOTA,1,57.9,19,22,9.3,3.44,1,1,4.5,45.5,10,0,12,9.1,30,1,6,291,29.1,36.4,54.8,38.5,1,0,30,3,16.7,58.5,6.7,2,6,0,1,0,1,3.3,98,4.5
1,Tyler Riddell,102355,QB,E TENN ST,1,76.5,17,22,8.8,2.46,2,1,4.0,59.1,13,0,7,0.0,23,0,5,157,68.4,49.6,48.4,57.4,0,0,26,1,0.0,92.0,0.0,0,1,0,3,1,2,7.7,135,6.1
1,Shannon Patrick,82081,QB,BETH COOK,1,81.8,22,22,11.5,2.2,0,4,16.7,68.2,15,0,7,16.7,24,3,8,119,67.8,86.1,85.4,,0,1,26,1,28.6,111.0,8.3,2,0,0,0,2,1,3.8,215,9.8
1,Chris Katrenick,60365,QB,E ILLINOIS,1,68.4,19,21,5.5,2.44,0,0,0.0,61.9,13,0,9,0.0,24,0,4,158,69.6,47.7,41.8,65.8,0,2,27,0,22.2,29.6,8.3,2,1,0,2,0,1,3.7,78,3.7
1,Asher O'Hara,78529,QB,SACRAMENTO,1,77.8,18,21,7.7,2.6,1,1,4.5,61.9,13,0,7,7.1,26,1,6,279,73.6,73.2,75.0,62.5,0,0,28,1,28.6,109.0,7.7,2,3,0,2,2,0,0.0,119,5.7
1,Daniel Smith,88625,QB,VILLANOVA,1,85.0,20,21,10.4,2.42,1,1,4.8,61.9,13,0,4,23.5,23,4,7,334,68.1,88.2,86.8,63.3,0,1,23,0,50.0,109.5,8.7,2,0,0,0,3,0,0.0,182,8.7
1,Kaleb Fletcher,60499,QB,NWSTATE,1,68.4,19,21,4.3,2.3,0,0,0.0,57.1,12,0,13,7.7,26,1,7,257,29.9,65.2,72.5,49.5,0,1,30,0,15.4,82.2,7.7,2,3,0,2,1,1,3.3,184,8.8
1,C.J. Ogbonna,149182,QB,SE MO ST,1,55.6,18,20,8.7,2.33,0,0,0.0,45.0,9,0,12,10.0,24,1,3,293,70.0,46.0,40.4,65.3,0,0,26,2,33.3,68.8,16.7,4,0,0,2,1,1,3.8,47,2.4
1,Jyron Russell,82069,QB,ST FRANCIS,1,52.9,17,20,5.8,2.64,2,0,0.0,45.0,9,0,12,0.0,23,0,5,299,28.5,41.8,29.2,73.7,0,1,23,0,16.7,39.0,8.7,2,1,0,1,0,2,8.7,97,4.9
1,Tylik Bethea,108957,QB,DELWARE ST,1,60.0,20,20,7.4,2.67,0,0,0.0,55.0,11,0,5,8.3,23,1,5,152,29.2,61.5,53.1,75.0,0,0,30,0,40.0,65.6,8.7,2,1,0,0,0,1,3.3,85,4.3
1,Juwan Carter,91113,QB,NORFOLK,1,62.5,16,19,7.9,2.05,1,1,5.0,47.4,9,0,6,10.0,22,1,6,244,68.8,50.7,42.3,68.2,0,1,23,0,16.7,65.2,4.5,1,2,0,2,1,3,13.0,128,6.7
1,Tommy Schuster,108954,QB,N DAKOTA,1,94.7,19,19,9.5,2.8,0,2,10.0,78.9,15,0,3,16.7,23,3,8,249,69.4,92.8,93.6,63.6,0,0,24,0,0.0,125.9,0.0,0,4,0,0,1,1,4.2,190,10.0
1,Peyton Derrick,60329,QB,WOFFORD,1,62.5,16,18,9.3,2.1,1,0,0.0,55.6,10,0,5,0.0,19,0,6,350,27.6,53.9,52.2,58.2,0,2,20,0,20.0,44.7,5.3,1,0,0,1,0,1,5.0,155,8.6
1,Kasim Hill,60444,QB,RHODE ISLD,1,72.2,18,18,17.1,2.94,0,6,28.6,66.7,12,0,2,7.7,19,1,12,274,69.8,94.9,95.4,68.4,0,0,22,1,0.0,146.8,0.0,0,1,0,0,2,0,0.0,249,13.8
1,Bryce Jefferson,89411,QB,ILL STATE,1,64.7,17,17,18.9,3.46,0,1,5.3,47.1,8,0,6,27.3,20,3,10,188,69.8,65.0,59.8,66.8,0,0,22,0,0.0,131.5,0.0,0,3,0,0,2,2,9.1,208,12.2
1,Preston Rice,60469,QB,MURRAY ST,1,70.6,17,17,6.9,2.64,0,0,0.0,64.7,11,0,8,8.3,21,1,7,236,71.3,57.1,38.3,77.0,0,1,22,0,25.0,67.8,9.5,2,2,0,0,0,2,9.1,148,8.7
1,John Seter,60388,QB,STETSON,1,75.0,16,17,13.4,2.38,0,3,17.6,70.6,12,0,1,0.0,17,0,8,302,68.9,87.4,87.3,60.8,1,0,17,0,0.0,145.8,0.0,0,0,0,0,4,1,5.9,185,10.9
1,Aaron Angelos,100576,QB,LAFAYETTE,1,81.3,16,17,10.0,3.07,0,1,5.6,64.7,11,0,9,15.4,20,2,5,203,68.6,83.4,87.8,58.2,1,0,21,1,33.3,94.5,15.0,3,0,0,0,0,0,0.0,157,9.2
1,Matthew Sluka,143059,QB,HOLY CROSS,1,68.8,16,17,10.9,2.76,0,2,10.5,52.9,9,0,5,18.2,23,2,9,181,72.6,89.9,80.2,79.1,0,0,25,0,60.0,119.2,13.0,3,3,1,0,2,0,0.0,138,8.1
1,Zevi Eckhaus,148535,QB,BRYANT,1,73.3,15,17,2.5,2.89,0,0,0.0,52.9,9,0,7,18.2,19,2,4,124,67.1,44.2,46.2,,1,0,20,1,28.6,59.7,10.5,2,0,0,1,0,1,5.0,55,3.2
1,Quincy Patterson II,77626,QB,N DAK ST,1,81.3,16,16,9.2,2.94,0,1,5.9,75.0,12,0,5,7.7,20,1,5,250,20.4,51.6,55.6,54.2,0,0,21,1,60.0,115.4,15.0,3,1,0,0,1,1,4.8,115,7.2
1,Grant Breneman,64179,QB,COLGATE,1,56.3,16,16,8.3,2.7,0,0,0.0,56.3,9,0,10,0.0,19,0,3,142,71.7,44.8,33.9,64.5,0,2,19,0,20.0,29.4,10.5,2,1,0,0,0,3,15.8,77,4.8
1,Gage Moloney,60414,WR,BRYANT,1,66.7,15,15,6.0,2.29,0,1,6.3,60.0,9,0,4,10.0,15,1,5,124,67.4,72.8,74.7,57.5,0,1,16,0,0.0,72.1,0.0,0,0,0,0,1,0,0.0,92,6.1
1,Mike Beaudry,101052,QB,IDAHO,1,66.7,15,15,7.8,3.11,0,2,13.3,66.7,10,0,4,0.0,20,0,7,185,26.2,76.3,78.4,61.9,0,0,20,0,0.0,89.9,0.0,0,5,0,0,0,0,0.0,116,7.7
1,Conor Regan,63589,QB,MS VLY ST,1,78.6,14,15,3.2,2.52,0,0,0.0,60.0,9,0,7,18.2,19,2,4,228,67.8,55.0,48.1,67.2,0,1,20,0,28.6,41.2,10.5,2,2,0,1,0,1,5.0,61,4.1
1,Darius Wilson,148492,QB,WM & MARY,1,69.2,13,15,8.5,3.73,0,0,0.0,60.0,9,0,10,0.0,21,0,7,348,68.1,52.6,52.0,57.0,1,0,23,0,10.0,75.1,4.8,1,5,0,1,0,0,0.0,83,5.5
1,Tarrin Earle,102345,QB,BUCKNELL,1,46.2,13,14,6.5,2.47,0,0,0.0,42.9,6,0,4,0.0,15,0,5,125,32.1,49.5,54.9,51.5,0,0,15,0,0.0,50.3,0.0,0,1,0,1,0,0,0.0,39,2.8
1,Carter Peevy,129563,QB,MERCER,1,91.7,12,12,13.1,2.4,0,1,8.3,75.0,9,0,2,18.2,12,2,7,219,66.8,92.6,92.0,63.3,0,1,12,0,0.0,105.2,0.0,0,0,0,0,1,0,0.0,137,11.4
1,Demeatric Crenshaw,138332,QB,YNGTOWN ST,1,75.0,12,12,11.3,3.44,0,0,0.0,75.0,9,0,9,0.0,16,0,7,353,75.0,79.6,73.3,71.0,0,0,16,0,33.3,131.3,18.8,3,1,0,0,1,0,0.0,112,9.3
1,Ian Corwin,109017,QB,DRAKE,1,75.0,12,12,8.7,2.45,0,1,8.3,75.0,9,0,2,0.0,13,0,7,153,68.6,84.3,83.7,65.6,0,0,13,0,0.0,144.4,0.0,0,1,0,0,1,0,0.0,203,16.9
1,Junior Muratovic,150858,QB,FL A&M,1,70.0,10,12,7.2,2.2,1,0,0.0,41.7,5,0,4,28.6,14,2,3,164,66.2,61.5,65.6,64.0,0,0,14,2,25.0,53.1,7.1,1,1,1,0,0,0,0.0,47,3.9
1,CJ Jordan,141562,QB,IDAHO,1,66.7,12,12,10.3,3.08,0,1,8.3,58.3,7,0,2,12.5,15,1,8,185,24.1,71.9,63.2,72.2,0,0,15,0,50.0,142.4,6.7,1,2,0,0,2,1,6.7,161,13.4
1,Deveon Bryant,89422,QB,TENN STATE,1,45.5,11,12,16.5,3.05,1,0,0.0,33.3,4,0,11,20.0,18,1,2,308,68.7,50.3,52.4,54.2,0,0,22,0,9.1,42.4,5.6,1,5,0,0,0,2,9.1,22,1.8
1,Jaalon Frazier,60391,QB,WAGNER,1,54.5,11,11,9.1,2.48,0,0,0.0,54.5,6,0,10,0.0,20,0,5,338,70.7,50.6,46.1,60.6,0,0,20,0,60.0,77.5,30.0,6,2,0,0,0,0,0.0,79,7.2
1,Rent Montie,143087,QB,LAFAYETTE,1,77.8,9,11,9.7,3.08,0,1,9.1,63.6,7,0,4,0.0,14,0,4,203,66.2,59.1,52.3,68.1,1,1,14,0,25.0,76.3,7.1,1,2,0,1,1,1,7.1,76,6.9
1,Elijah Walker,60434,QB,GRAMBLING,1,40.0,10,11,9.4,3.23,0,1,8.3,36.4,4,0,8,0.0,17,0,6,177,34.0,68.2,45.6,74.9,0,1,18,0,12.5,41.1,5.9,1,5,0,1,1,1,5.6,43,3.9
1,Mike Irwin,60512,QB,TARLETON,1,40.0,10,10,18.7,2.87,0,0,0.0,40.0,4,0,6,0.0,11,0,2,401,66.0,58.9,54.2,64.9,0,0,13,0,0.0,47.9,0.0,0,1,0,0,0,1,7.7,28,2.8
1,Duce Taylor,150493,QB,MORGAN ST,1,50.0,8,10,7.3,2.76,0,1,9.1,40.0,4,0,7,0.0,11,0,2,235,65.8,51.5,51.1,,2,0,12,0,14.3,64.6,9.1,1,0,0,0,0,1,8.3,70,7.0
1,Jake Dunniway,60572,QB,SACRAMENTO,1,66.7,9,10,10.3,2.27,0,0,0.0,60.0,6,0,4,0.0,10,0,4,279,66.5,60.4,59.4,60.0,0,0,10,0,0.0,82.9,0.0,0,0,1,0,0,0,0.0,74,7.4
1,Ladarius Skelton,78528,QB,SOUTHERN U,1,60.0,10,10,7.5,2.74,0,1,10.0,60.0,6,0,6,0.0,14,0,4,297,24.5,56.7,49.4,65.7,0,2,14,0,50.0,44.6,21.4,3,1,0,0,0,2,14.3,77,7.7
1,Tyler Huff,142567,QB,PRESBYTERN,1,100.0,8,10,1.6,1.78,1,0,0.0,80.0,8,0,1,0.0,10,0,4,271,69.0,78.9,84.2,61.1,0,0,11,0,0.0,136.7,0.0,0,0,0,1,2,0,0.0,73,7.3
1,Geremy Hickbottom,62834,QB,TENN STATE,1,80.0,10,10,5.0,2.21,0,0,0.0,80.0,8,0,3,0.0,11,0,4,308,65.6,38.8,44.6,57.3,0,0,11,1,0.0,93.8,0.0,0,1,0,0,0,1,9.1,65,6.5
1,Justin Sliwoski,77612,QB,ST FRANCIS,1,60.0,10,10,5.3,2.03,0,0,0.0,50.0,5,0,2,16.7,11,1,4,299,66.7,62.1,58.2,62.8,0,0,11,0,50.0,82.5,9.1,1,0,0,0,0,0,0.0,93,9.3
1,Alex Piccirilli,109065,QB,STETSON,1,70.0,10,10,7.4,4.58,0,0,0.0,70.0,7,0,6,0.0,16,0,5,302,70.2,57.6,36.1,76.1,0,0,19,0,33.3,97.5,12.5,2,4,0,0,0,3,15.8,89,8.9
1,Darius Perrantes,103934,QB,DUQUESNE,1,42.9,7,9,19.9,2.17,2,2,22.2,33.3,3,0,3,0.0,11,0,3,155,66.7,72.1,76.1,60.0,0,0,11,1,33.3,65.0,9.1,1,0,0,0,0,0,0.0,76,8.4
1,Neil Boudreau,44632,QB,MORGAN ST,1,33.3,9,9,12.8,3.22,0,0,0.0,22.2,2,0,6,33.3,11,1,0,235,66.7,42.1,45.3,51.6,0,0,11,0,0.0,39.6,0.0,0,2,0,0,0,0,0.0,4,0.4
1,John Lampley,63557,QB,SOUTHERN U,1,62.5,8,9,5.0,2.65,0,0,0.0,55.6,5,0,2,0.0,10,0,2,297,65.4,25.5,25.5,57.0,0,2,10,0,0.0,21.3,0.0,0,1,0,1,0,2,20.0,25,2.8
1,Jalen Dummett,139376,QB,LAMAR,1,75.0,8,8,17.9,3.02,0,3,37.5,75.0,6,0,3,0.0,9,0,4,204,66.3,91.4,84.8,75.2,0,0,9,0,0.0,156.3,0.0,0,1,0,0,2,1,11.1,124,15.5
1,Peyton Mansell,82135,QB,ABILENE CH,1,28.6,7,8,23.0,3.3,0,0,0.0,25.0,2,0,4,0.0,8,0,2,100,67.4,30.3,26.8,70.7,0,1,9,0,0.0,15.1,0.0,0,0,0,1,0,1,11.1,53,6.6
1,Shon Mitchell,60610,QB,CENT CT ST,1,62.5,8,8,11.6,3.13,0,0,0.0,50.0,4,0,3,20.0,10,1,1,133,65.4,65.0,64.7,60.0,0,0,10,0,66.7,111.5,20.0,2,0,0,0,1,0,0.0,54,6.8
1,Dylan Fromm,105553,QB,MERCER,1,83.3,6,7,6.0,2.19,0,1,14.3,71.4,5,0,1,0.0,7,0,2,219,15.4,51.4,72.8,43.8,0,0,7,0,0.0,128.6,0.0,0,0,0,1,1,0,0.0,46,6.6
1,Jonathan Murphy,104766,QB,KENNESAW,1,71.4,7,7,16.0,3.62,0,1,12.5,42.9,3,0,3,40.0,9,2,5,200,75.2,92.2,82.8,83.9,0,1,10,0,0.0,22.0,0.0,0,2,0,0,0,0,0.0,40,5.7
1,Louis Colosimo,64186,QB,DAVIDSON,1,33.3,6,7,15.3,2.14,0,0,0.0,14.3,1,0,2,50.0,8,1,1,149,69.8,42.8,31.9,61.0,0,2,9,1,0.0,0.0,0.0,0,0,0,1,0,2,22.2,7,1.0
1,Connor Watkins,108971,QB,VILLANOVA,1,83.3,6,7,6.8,2.03,1,0,0.0,71.4,5,0,1,0.0,7,0,2,334,65.9,71.1,73.6,58.4,0,0,7,0,0.0,90.8,0.0,0,0,0,0,0,0,0.0,49,7.0
1,Nick Semptimphelter,142984,QB,BUCKNELL,1,40.0,5,7,14.0,3.9,0,0,0.0,28.6,2,0,6,0.0,9,0,2,125,65.1,53.7,55.9,57.0,0,0,9,0,16.7,42.6,11.1,1,1,0,2,0,0,0.0,26,3.7
1,Elijah Burrell,139171,QB,DAVIDSON,1,100.0,6,6,7.3,1.62,0,1,16.7,100.0,6,0,2,0.0,6,0,3,149,67.0,84.8,79.3,68.6,0,0,6,0,0.0,116.0,0.0,0,0,0,0,0,0,0.0,71,11.8
1,Mike Chandler II,139371,QB,LAMAR,1,100.0,5,6,11.6,3.72,0,1,16.7,66.7,4,0,9,20.0,10,1,2,204,67.5,77.9,80.9,61.8,1,0,10,0,11.1,145.8,10.0,1,3,0,0,1,0,0.0,70,11.7
1,William Atkins IV,148354,QB,JAMES MAD,1,66.7,6,6,7.3,2.77,0,0,0.0,66.7,4,0,2,0.0,7,0,3,197,66.3,45.2,44.4,63.5,0,0,9,1,50.0,127.8,14.3,1,0,0,0,1,0,0.0,44,7.3
1,Dante Perri,143112,QB,LEHIGH,1,66.7,6,6,6.8,3.5,0,0,0.0,50.0,3,0,3,25.0,7,1,1,205,64.6,80.3,79.8,,0,1,7,0,33.3,16.7,14.3,1,0,0,0,0,0,0.0,17,2.8
1,Beau English,82066,QB,RICHMOND,1,100.0,6,6,1.3,2.5,0,0,0.0,66.7,4,0,0,33.3,6,2,0,276,64.6,60.9,64.5,57.3,0,0,7,0,,70.1,0.0,0,0,0,0,0,0,0.0,11,1.8
1,Fred Payton,82102,QB,MERCER,1,66.7,6,6,5.5,2.27,0,0,0.0,66.7,4,0,1,0.0,6,0,3,219,64.2,64.6,64.2,,0,0,6,0,0.0,134.7,0.0,0,0,0,0,1,0,0.0,54,9.0
1,Christian Perez,97618,QB,SE MO ST,1,83.3,6,6,11.0,2.02,0,0,0.0,66.7,4,0,2,20.0,6,1,3,293,18.6,54.7,64.7,48.6,0,0,6,0,0.0,134.7,0.0,0,0,0,0,1,0,0.0,54,9.0
1,Brandon Robinson,82141,QB,RHODE ISLD,1,60.0,5,5,14.6,2.68,0,0,0.0,60.0,3,0,1,0.0,6,0,1,274,69.7,62.4,59.3,61.8,0,0,6,0,0.0,111.7,0.0,0,1,0,0,1,0,0.0,24,4.8
1,Keondre Wudtee,40367,QB,N ARIZONA,1,25.0,4,5,21.5,2.12,0,0,0.0,20.0,1,0,3,0.0,5,0,0,252,63.8,50.9,50.1,,0,0,5,0,0.0,39.6,0.0,0,0,0,1,0,0,0.0,-2,-0.4
1,Kohen Granier,63573,QB,NICHOLLS,1,75.0,4,4,13.3,3.6,0,1,25.0,50.0,2,0,1,33.3,4,1,1,243,65.2,68.0,69.4,59.6,0,1,4,0,0.0,16.7,0.0,0,0,0,0,0,1,25.0,5,1.3
1,Collin Ironside,139107,QB,VA MILT IN,1,100.0,4,4,0.8,1.8,0,0,0.0,100.0,4,0,0,0.0,4,0,0,336,67.8,66.5,64.1,62.1,0,0,4,0,,81.3,0.0,0,0,0,0,0,0,0.0,14,3.5
1,Gabe Carroll,121799,QB,PRESBYTERN,1,100.0,4,4,-0.3,1.15,0,0,0.0,100.0,4,0,0,0.0,4,0,1,271,63.3,73.6,73.2,,0,0,4,0,,87.5,0.0,0,0,0,0,0,0,0.0,20,5.0
1,Zachary Clement,105561,QB,NWSTATE,1,75.0,4,4,5.8,2.82,0,0,0.0,75.0,3,0,2,0.0,5,0,1,257,69.7,66.8,59.5,65.6,0,0,5,0,50.0,88.5,20.0,1,0,0,0,0,0,0.0,23,5.8
1,Stone Norton,97988,QB,S ILLINOIS,1,25.0,4,4,12.8,3.28,0,0,0.0,0.0,0,0,2,100.0,4,1,0,295,65.5,56.4,55.4,60.0,0,1,5,0,0.0,0.0,0.0,0,0,0,0,0,1,20.0,0,0.0
1,Willie Miller,104799,QB,TENN TECH,1,50.0,4,4,10.3,1.82,0,0,0.0,25.0,1,0,1,50.0,5,1,0,309,67.6,57.9,53.9,64.2,0,0,5,1,100.0,39.6,20.0,1,0,0,0,0,0,0.0,3,0.8
1,Grady Cramer,64910,QB,MOREHEAD,1,66.7,3,3,9.0,2.73,0,0,0.0,33.3,1,0,2,50.0,4,1,0,234,1.3,24.5,53.3,24.5,0,0,4,0,50.0,43.8,25.0,1,0,0,0,0,0,0.0,10,3.3
1,Max Smyth,78534,QB,MONMOUTH,1,66.7,3,3,5.0,2.27,0,0,0.0,66.7,2,0,0,0.0,3,0,0,231,62.7,28.3,52.0,57.6,0,0,3,0,,70.1,0.0,0,0,0,0,0,0,0.0,9,3.0
1,Darique Hampton,105274,QB,CITADEL,1,66.7,3,3,14.0,2.53,0,0,0.0,66.7,2,0,1,0.0,3,0,0,139,69.7,62.0,54.5,69.3,0,0,3,1,0.0,79.9,0.0,0,0,0,0,0,0,0.0,16,5.3
1,Joe Mischler,77695,QB,DUQUESNE,1,0.0,3,3,21.3,2.6,0,0,0.0,0.0,0,0,2,,3,0,0,155,63.3,23.0,23.0,,0,1,4,0,0.0,0.0,0.0,0,0,0,0,0,2,50.0,0,0.0
1,Jairus Grissom,77691,QB,MORGAN ST,1,100.0,1,3,-1.0,4.93,0,0,0.0,33.3,1,0,4,0.0,6,0,3,235,17.5,52.3,28.6,70.5,1,0,6,0,25.0,42.4,16.7,1,2,0,1,0,1,16.7,7,2.3
1,Brody Reder,73916,QB,BUTLER,1,33.3,3,3,12.0,3.5,0,0,0.0,33.3,1,0,1,0.0,3,0,0,127,67.7,62.1,52.5,66.2,0,0,3,0,0.0,42.4,0.0,0,0,0,0,0,0,0.0,7,2.3
1,Cam Miller,125299,QB,N DAK ST,1,66.7,3,3,10.7,2.3,0,0,0.0,66.7,2,0,0,0.0,3,0,0,250,62.7,58.2,57.5,,0,0,3,0,,75.7,0.0,0,0,0,0,0,0,0.0,13,4.3
1,LeShane Taylor,142672,QB,WAGNER,1,0.0,1,3,5.0,2.27,1,0,0.0,0.0,0,0,1,,3,0,0,338,68.8,45.7,45.5,60.2,0,0,4,1,0.0,39.6,0.0,0,0,0,1,0,0,0.0,0,0.0
1,Harry Kirk,143015,QB,COLGATE,1,33.3,3,3,2.7,2.1,0,0,0.0,33.3,1,0,2,0.0,3,0,0,142,64.8,54.1,55.5,59.4,0,0,3,0,0.0,42.4,0.0,0,0,0,0,0,0,0.0,7,2.3
1,Marco Siderman,143060,QB,HOLY CROSS,1,100.0,2,3,5.5,3.02,0,0,0.0,66.7,2,0,3,0.0,5,0,1,181,63.3,63.7,69.3,57.3,0,0,5,0,33.3,77.1,20.0,1,1,0,1,0,0,0.0,14,4.7
1,Jalani Eason,52172,QB,MS VLY ST,1,33.3,3,3,-0.7,3.18,0,0,0.0,33.3,1,0,4,0.0,5,0,1,228,66.8,70.1,61.4,67.1,0,1,5,0,25.0,2.8,20.0,1,1,0,0,0,0,0.0,7,2.3
1,Jaylan Adams,89133,QB,CITADEL,1,50.0,2,3,-2.5,3.3,0,0,0.0,33.3,1,0,3,0.0,4,0,0,139,74.8,82.1,50.6,78.3,1,0,4,0,33.3,42.4,25.0,1,0,0,0,0,0,0.0,-2,-0.7
1,Luke Bailey,143172,QB,DRAKE,1,100.0,2,2,10.0,2.0,0,0,0.0,100.0,2,0,0,0.0,2,0,1,153,68.7,70.2,74.1,64.4,0,0,2,1,,137.5,0.0,0,0,0,0,1,0,0.0,15,7.5
1,Ruben Beltran,91402,QB,DRAKE,1,100.0,2,2,1.5,1.7,0,0,0.0,100.0,2,0,0,0.0,2,0,1,153,61.8,81.6,80.7,,0,0,2,0,,81.3,0.0,0,0,0,0,0,0,0.0,7,3.5
1,Tucker Pope,154794,QB,TENN STATE,1,50.0,2,2,18.0,2.33,0,0,0.0,50.0,1,0,1,0.0,3,0,1,308,11.1,35.6,63.2,44.2,0,0,4,0,100.0,95.8,33.3,1,0,0,0,0,1,25.0,31,15.5
1,Xavier Shepherd,104767,QB,KENNESAW,1,100.0,2,2,24.5,3.8,0,0,0.0,50.0,1,0,2,50.0,2,1,1,200,72.9,91.8,92.1,69.6,0,0,2,0,0.0,95.8,0.0,0,0,0,0,0,0,0.0,32,16.0
1,Jeff Miller,87545,QB,TOWSON,1,50.0,2,2,14.5,2.35,0,0,0.0,50.0,1,0,0,0.0,2,0,1,317,61.8,77.5,77.0,,0,1,2,0,,50.0,0.0,0,0,0,0,0,0,0.0,22,11.0
1,Cale Millen,98017,QB,N ARIZONA,1,50.0,2,2,8.0,3.67,0,0,0.0,50.0,1,0,0,0.0,3,0,0,252,68.8,61.4,52.2,64.1,0,0,3,0,,56.3,0.0,0,1,0,0,0,0,0.0,1,0.5
1,Kevin Melore,142485,QB,LIUSHAR,1,100.0,1,2,-4.0,2.75,0,0,0.0,50.0,1,0,1,0.0,2,0,0,1298,61.8,59.5,58.9,,0,0,2,0,0.0,56.3,0.0,0,0,0,1,0,0,0.0,2,1.0
1,Glendon McDaniel,78483,QB,SOUTHERN U,1,50.0,2,2,6.0,2.1,0,0,0.0,50.0,1,0,0,0.0,2,0,0,297,61.8,49.2,47.8,,0,0,2,0,,58.3,0.0,0,0,0,0,0,0,0.0,7,3.5
1,DJ Williams,138061,QB,MURRAY ST,1,0.0,2,2,17.0,2.5,0,0,0.0,0.0,0,0,0,,2,0,0,236,70.5,53.8,40.4,63.6,0,0,2,0,,39.6,0.0,0,0,0,0,0,0,0.0,0,0.0
1,Xzavier Vaughn,102342,QB,ARKAPB,1,50.0,2,2,10.5,2.37,0,0,0.0,0.0,0,0,1,100.0,3,1,1,112,69.7,71.4,52.2,71.4,0,0,3,0,0.0,39.6,0.0,0,1,0,0,0,0,0.0,0,0.0
1,Ty Hatcher,87537,QB,SAMFORD,1,100.0,2,2,-2.5,1.25,0,0,0.0,100.0,2,0,0,0.0,2,0,0,282,61.8,62.9,62.1,,0,0,2,0,,79.2,0.0,0,0,0,0,0,0,0.0,0,0.0
1,Jackson Waring,138217,QB,ILL STATE,1,100.0,1,1,4.0,2.0,0,0,0.0,100.0,1,0,0,0.0,1,0,0,188,60.3,61.9,60.6,,0,0,1,0,,83.3,0.0,0,0,0,0,0,0,0.0,4,4.0
1,Ben Nimz,109067,QB,VALPO,1,100.0,1,1,3.0,2.2,0,0,0.0,100.0,1,0,0,0.0,1,0,0,332,60.3,60.9,60.4,,0,0,1,0,,83.3,0.0,0,0,0,0,0,0,0.0,4,4.0
1,Nick Orlando,109004,QB,BUTLER,1,0.0,1,1,7.0,3.53,0,0,0.0,0.0,0,0,1,,3,0,1,127,69.9,40.1,53.7,53.7,0,0,3,0,0.0,39.6,0.0,0,2,0,0,0,0,0.0,0,0.0
1,Shane Davis,89414,QB,LAFAYETTE,1,0.0,1,1,15.0,3.0,0,0,0.0,0.0,0,0,0,,1,0,0,203,60.3,28.1,34.4,,0,0,1,1,,39.6,0.0,0,0,0,0,0,1,100.0,0,0.0
1,Donovan Tabon,108939,QB,STETSON,1,0.0,1,1,28.0,2.3,0,0,0.0,0.0,0,0,0,,1,0,0,302,9.1,36.2,59.9,49.5,0,0,1,0,,39.6,0.0,0,0,0,0,0,0,0.0,0,0.0
1,Nasir Smith,153952,HB,CENT CT ST,1,100.0,1,1,-4.0,0.7,0,0,0.0,100.0,1,0,0,0.0,1,0,0,133,20.3,63.5,60.4,73.7,0,0,1,0,,79.2,0.0,0,0,0,0,0,0,0.0,3,3.0
1,Chase Hart,142411,QB,WM & MARY,1,100.0,1,1,4.0,2.6,0,0,0.0,100.0,1,0,0,0.0,1,0,0,348,60.3,61.8,60.4,,0,0,1,0,,91.7,0.0,0,0,0,0,0,0,0.0,6,6.0
1,Trent Tompkins,103944,QB,UC DAVIS,1,0.0,1,1,5.0,1.5,0,0,0.0,0.0,0,0,0,,1,0,0,322,65.9,59.3,61.0,58.7,0,0,1,0,,39.6,0.0,0,0,0,0,0,0,0.0,0,0.0
1,Tyler Skidmore,87543,QB,SO UTAH,1,,0,1,,3.5,0,0,0.0,0.0,0,0,2,,2,0,0,298,61.8,55.2,55.4,,0,0,2,0,50.0,39.6,50.0,1,0,0,1,0,0,0.0,0,0.0
1,Justin Franklin,147951,WR,GARD-WEBB,1,100.0,1,1,33.0,3.1,0,1,100.0,100.0,1,0,0,0.0,1,0,1,171,66.4,75.4,87.3,,0,0,1,0,,158.3,0.0,0,0,0,0,1,0,0.0,50,50.0
1,Javon Williams Jr.,87540,HB,S ILLINOIS,1,,0,1,,1.4,0,0,0.0,0.0,0,0,1,,1,0,0,295,77.0,63.0,60.0,63.5,1,0,1,0,0.0,39.6,0.0,0,0,0,0,0,0,0.0,0,0.0
1,Jaden Johnson,98682,QB,MO STATE,1,100.0,1,1,-2.0,2.3,0,0,0.0,100.0,1,0,1,0.0,1,0,0,230,60.3,60.6,60.4,,0,0,1,0,0.0,79.2,0.0,0,0,0,0,0,0,0.0,-1,-1.0
1,Cephus Johnson III,60530,QB,SE LA,1,0.0,1,1,15.0,2.5,0,0,0.0,0.0,0,0,1,,1,0,0,294,67.9,55.3,46.8,60.0,0,0,1,0,0.0,39.6,0.0,0,0,0,0,0,0,0.0,0,0.0
1,Chance Hollingsworth,138433,QB,HOWARD,1,100.0,1,1,-3.0,1.85,0,0,0.0,100.0,1,0,1,0.0,2,0,0,184,61.8,59.1,58.9,,0,0,2,0,100.0,87.5,50.0,1,0,0,0,0,0,0.0,5,5.0
1,Drew Willoughby,154549,QB,ST ANSELM,1,51.8,56,57,7.6,1.87,1,2,3.2,42.1,24,0,10,17.2,59,5,10,399,44.5,29.8,33.7,38.1,0,3,64,0,20.0,34.8,3.4,2,0,0,0,1,6,9.4,188,3.3
1,Austin Reed,111760,QB,WESTFL,1,57.1,35,36,18.4,2.34,1,2,4.5,50.0,18,0,7,10.0,36,2,16,1269,70.1,65.3,63.8,63.2,0,1,44,0,0.0,112.4,0.0,0,0,0,0,4,4,9.1,373,10.4
1,Jackson Ostrowsky,150591,QB,SOCTOW,1,60.0,35,35,13.1,2.53,0,2,5.6,54.3,19,0,17,9.5,36,2,11,1107,70.6,68.8,69.5,56.9,0,2,37,0,0.0,88.4,0.0,0,1,0,0,3,2,5.4,305,8.7
1,Ja'rome Johnson,153361,QB,BOWIE ST,1,56.7,30,31,14.0,3.56,0,2,6.1,48.4,15,0,14,11.8,41,2,14,365,24.0,52.2,49.3,61.1,0,4,44,0,28.6,67.1,9.8,4,6,0,1,3,6,13.6,238,7.7
1,Tarik Mckinzie,109033,QB,LANECOL,1,67.9,28,30,8.9,2.62,1,1,3.0,56.7,17,0,15,10.5,35,2,12,942,21.1,72.4,79.7,41.0,1,1,38,0,26.7,91.9,11.4,4,1,0,0,2,2,5.3,247,8.2
1,Randal Moore,151342,QB,NAUSTA,1,60.0,30,30,12.6,2.82,0,1,3.2,36.7,11,0,20,38.9,35,7,4,1453,70.5,37.9,31.6,69.6,0,1,36,1,20.0,36.5,11.4,4,1,0,0,0,5,13.9,128,4.3
1,Khalid Morris,111909,QB,VIRUNI,1,63.0,27,28,10.6,2.78,0,2,6.9,53.6,15,0,8,11.8,32,2,9,1165,68.5,64.9,68.9,51.8,0,2,33,0,12.5,81.0,3.1,1,3,0,1,2,3,9.1,270,9.6
1,Nathan Payne,152904,QB,WV WESLEY,1,50.0,26,27,9.8,2.12,0,0,0.0,37.0,10,0,12,23.1,28,3,7,409,68.7,45.7,44.9,59.7,0,1,29,0,8.3,38.2,3.6,1,0,0,1,0,3,10.3,134,5.0
1,Payton Allen,152692,QB,POINTVILLE,1,54.5,22,26,5.7,2.95,0,0,0.0,42.3,11,0,11,8.3,29,1,3,393,69.1,34.6,29.6,63.5,0,1,29,0,9.1,33.8,3.4,1,2,0,4,0,3,10.3,59,2.3
1,Andrew Fowler,153112,QB,STANKN,1,63.2,19,21,10.7,3.03,0,3,12.5,42.9,9,1,14,25.0,26,3,6,1455,41.7,82.3,89.2,60.0,0,0,29,2,28.6,75.9,15.4,4,1,0,2,1,1,3.4,112,5.3
1,Xander Stokes,151379,QB,INWSLY,1,60.0,20,21,8.9,2.84,0,1,4.5,57.1,12,0,9,0.0,25,0,5,1451,68.4,45.6,46.7,57.4,0,1,26,2,33.3,64.6,12.0,3,1,0,1,0,4,15.4,175,8.3
1,Billy Hall,152740,QB,RNHEAG,1,66.7,18,18,7.7,2.49,0,1,5.0,66.7,12,0,6,0.0,23,0,5,1454,71.4,69.9,55.5,77.7,0,1,26,0,16.7,92.4,4.3,1,3,0,0,2,1,3.8,90,5.0
1,Michael Young,153263,QB,WARNER,1,62.5,16,17,12.3,2.45,1,1,5.9,47.1,8,0,9,20.0,20,2,2,407,67.1,49.9,52.1,,0,0,20,1,33.3,81.0,15.0,3,0,0,0,1,0,0.0,82,4.8
1,Brandon Niksich,109405,QB,SIMONFRA,1,76.9,13,16,4.9,2.01,2,0,0.0,56.3,9,0,8,10.0,21,1,4,1097,67.9,40.8,38.4,60.0,0,1,21,2,62.5,43.0,23.8,5,0,0,1,0,1,4.8,77,4.8
1,Michael Huntley,109034,QB,LANECOL,1,62.5,8,9,5.9,3.57,0,0,0.0,44.4,4,0,3,20.0,11,1,3,942,66.7,69.1,70.6,60.0,1,0,11,0,0.0,59.0,0.0,0,2,0,0,0,0,0.0,43,4.8
1,Matthew Helms,153219,QB,WARNER,1,100.0,8,9,-0.4,2.15,1,0,0.0,88.9,8,0,6,0.0,11,0,2,407,19.8,54.2,54.1,59.6,0,0,11,0,33.3,83.8,18.2,2,0,0,0,0,1,9.1,37,4.1
1,Jalen Parker,121499,QB,MILES,1,42.9,7,7,9.7,3.02,0,0,0.0,28.6,2,0,6,33.3,11,1,3,386,70.5,62.9,49.3,69.2,0,0,11,0,33.3,79.8,18.2,2,2,0,0,1,1,9.1,22,3.1
1,Claude Newell III,151566,QB,MILES,1,33.3,3,3,17.3,3.27,0,0,0.0,33.3,1,1,4,0.0,6,0,1,386,68.1,35.9,27.8,60.5,0,0,7,1,25.0,47.9,16.7,1,2,0,0,0,1,14.3,13,4.3
1,Briar Wilfong,152897,QB,WV WESLEY,1,100.0,2,2,5.5,2.6,0,0,0.0,50.0,1,0,1,50.0,2,1,0,409,61.8,63.2,62.9,,0,0,2,0,0.0,58.3,0.0,0,0,0,0,0,0,0.0,7,3.5
1,Dylan Zervos,153190,QB,WARNER,1,0.0,1,1,21.0,2.6,0,0,0.0,0.0,0,0,0,,1,0,0,407,63.7,27.8,28.0,59.8,0,1,1,0,,0.0,0.0,0,0,0,0,0,1,100.0,0,0.0
1,Jaiden Reavis,110762,WR,VIRUNI,1,100.0,1,1,38.0,3.9,0,0,0.0,100.0,1,0,0,0.0,1,0,1,1165,63.7,50.3,75.7,57.5,0,0,1,0,,158.3,0.0,0,0,0,0,1,0,0.0,39,39.0
week,player,player_id,position,team_name,player_game_count,accuracy_percent,aimed_passes,attempts,avg_depth_of_target,avg_time_to_throw,bats,big_time_throws,btt_rate,completion_percent,completions,declined_penalties,def_gen_pressures,drop_rate,dropbacks,drops,first_downs,franchise_id,grades_hands_fumble,grades_offense,grades_pass,grades_run,hit_as_threw,interceptions,passing_snaps,penalties,pressure_to_sack_rate,qb_rating,sack_percent,sacks,scrambles,spikes,thrown_aways,touchdowns,turnover_worthy_plays,twp_rate,yards,ypa
2,C.J. Stroud,129759,QB,OHIO STATE,1,70.4,54,54,13.2,2.69,0,5,9.3,64.8,35,0,12,7.9,59,3,24,260,70.2,82.1,81.3,62.6,0,1,60,0,16.7,104.2,3.4,2,3,0,0,3,2,3.3,484,9.0
2,Jace Ruder,77680,QB,N TEXAS,1,68.0,50,52,11.3,2.43,0,1,1.8,61.5,32,0,22,5.9,55,2,14,251,72.4,49.1,49.4,55.0,0,2,60,2,9.1,73.1,3.6,2,1,0,2,1,2,3.3,366,7.0
2,Connor Bazelak,99135,QB,MISSOURI,1,75.5,49,51,6.9,2.45,1,1,1.9,66.7,34,0,11,8.1,55,3,19,229,70.8,68.0,63.9,71.9,1,1,58,1,9.1,99.6,1.8,1,3,0,0,4,2,3.4,294,5.8
2,Kyle Vantrease,55029,QB,BUFFALO,1,65.1,43,50,7.5,2.26,1,0,0.0,54.0,27,0,16,3.6,51,1,11,126,69.8,63.5,63.5,57.3,4,1,53,0,0.0,57.4,0.0,0,1,0,2,0,1,1.9,224,4.5
2,Chevan Cordeiro,75886,QB,HAWAII,1,62.2,45,49,12.9,3.11,1,3,5.8,49.0,24,0,27,14.3,62,4,22,180,70.5,69.7,63.9,75.3,0,2,65,0,18.5,70.6,8.1,5,8,0,3,2,3,4.6,366,7.5
2,Devin Leary,77628,QB,NC STATE,1,73.9,46,49,10.0,2.58,1,4,8.2,61.2,30,0,19,11.8,56,4,14,248,25.0,67.6,71.3,47.9,0,1,56,0,21.1,77.2,7.1,4,3,0,2,1,1,1.8,303,6.2
2,Will Rogers,124184,QB,MISS STATE,1,77.8,45,49,5.7,2.71,0,1,2.0,67.3,33,0,10,5.7,50,2,15,227,70.2,72.4,77.7,43.7,1,0,52,0,10.0,96.8,2.0,1,0,0,3,2,0,0.0,294,6.0
2,Grant Wells,97784,QB,MARSHALL,1,76.6,47,48,8.4,2.42,1,3,5.9,70.8,34,0,4,5.6,48,2,16,214,41.9,65.3,70.3,46.2,0,1,52,0,0.0,102.6,0.0,0,0,0,0,3,2,3.8,338,7.0
2,Jake Bentley,40788,QB,S ALABAMA,1,77.3,44,46,6.6,2.64,0,1,2.1,63.0,29,0,22,14.7,50,5,12,288,70.2,60.7,60.1,59.0,0,1,52,0,9.1,68.8,4.0,2,2,0,2,0,2,3.8,257,5.6
2,Artur Sitkowski,83547,QB,ILLINOIS,1,64.3,42,45,6.6,2.44,0,1,2.0,53.3,24,0,16,11.1,51,3,12,187,70.3,58.4,59.3,54.7,1,1,55,0,18.8,65.1,5.9,3,3,0,2,1,2,3.6,221,4.9
2,Carson Strong,83524,QB,NEVADA,1,81.4,43,43,7.2,2.4,0,1,2.3,79.1,34,0,7,2.9,44,1,19,239,69.4,72.5,74.6,57.3,0,0,45,1,0.0,134.6,0.0,0,1,0,0,4,0,0.0,381,8.9
2,Ken Seals,124359,QB,VANDERBILT,1,73.7,38,42,8.8,2.07,0,2,4.3,64.3,27,0,13,3.6,44,1,12,333,43.0,54.2,48.8,69.9,1,0,48,1,15.4,94.9,4.5,2,0,0,3,2,2,4.2,236,5.6
2,Kedon Slovis,100580,QB,USC,1,78.4,37,42,9.4,2.95,1,2,4.4,64.3,27,0,9,6.9,45,2,11,326,70.3,71.8,71.4,67.7,1,1,48,1,0.0,75.8,0.0,0,3,0,3,1,2,4.2,223,5.3
2,Bailey Zappe,60396,QB,W KENTUCKY,1,75.7,37,41,9.6,3.07,0,2,4.7,68.3,28,0,10,0.0,47,0,20,346,70.0,80.9,83.0,60.6,0,1,49,1,20.0,117.4,4.3,2,4,0,4,3,2,4.1,435,10.6
2,Todd Centeio,60552,QB,COLO STATE,1,70.6,34,39,7.6,2.47,4,1,2.6,53.8,21,0,11,12.5,43,3,16,144,71.9,70.7,69.9,65.8,0,1,43,1,0.0,78.9,0.0,0,4,0,1,2,0,0.0,239,6.1
2,Drew Plitt,39879,QB,BALL ST,1,75.7,37,39,5.9,2.23,0,0,0.0,64.1,25,0,6,10.7,43,3,10,117,69.5,67.6,66.3,62.5,0,2,47,0,16.7,52.7,2.3,1,2,0,2,0,3,6.4,174,4.5
2,Layne Hatcher,82068,QB,ARK STATE,1,81.8,33,38,8.1,3.32,0,3,7.9,63.2,24,0,18,11.1,44,3,16,113,34.3,80.7,77.2,70.2,1,0,45,0,11.1,95.0,4.5,2,3,0,4,1,0,0.0,287,7.6
2,Zach Calzada,98006,QB,TEXAS A&M,1,58.8,34,38,9.0,3.0,2,3,7.9,47.4,18,0,16,10.0,43,2,10,312,39.0,57.7,59.8,54.0,1,0,43,0,6.3,70.4,2.3,1,4,0,1,1,2,4.7,183,4.8
2,Terry Wilson,40709,QB,NEW MEXICO,1,75.0,36,38,10.5,2.68,0,1,2.6,68.4,26,0,9,3.7,42,1,16,241,70.5,66.0,76.8,41.3,0,0,43,1,22.2,127.2,4.8,2,2,0,2,3,0,0.0,381,10.0
2,Dylan Morris,100570,QB,WASHINGTON,1,65.6,32,37,9.4,2.84,1,0,0.0,54.1,20,0,16,4.8,43,1,13,340,69.8,52.7,54.5,56.2,2,0,45,1,25.0,89.1,9.3,4,2,0,2,1,1,2.2,293,7.9
2,Rocky Lombardi,60452,QB,N ILLINOIS,1,67.6,34,36,8.6,2.35,2,2,5.3,52.8,19,0,9,17.4,38,4,13,254,70.4,71.1,69.0,64.9,0,3,41,0,22.2,47.6,5.3,2,0,0,0,1,1,2.4,233,6.5
2,Kenny Pickett,60515,QB,PITTSBURGH,1,73.5,34,36,7.8,3.19,0,1,2.6,66.7,24,0,15,4.0,44,1,16,268,71.3,73.8,75.1,60.9,0,0,46,1,20.0,109.1,6.8,3,5,0,2,2,0,0.0,285,7.9
2,Brennan Armstrong,77696,QB,VIRGINIA,1,77.1,35,36,13.5,2.63,0,4,10.3,75.0,27,0,4,0.0,39,0,21,335,70.2,94.7,94.1,69.6,0,1,42,0,0.0,139.5,0.0,0,3,0,1,5,0,0.0,405,11.3
2,Dillon Gabriel,86272,QB,UCF,1,75.0,36,36,8.8,2.62,0,1,2.8,63.9,23,0,6,14.8,38,4,18,323,69.3,89.0,83.7,76.0,0,0,38,0,16.7,110.0,2.6,1,1,0,0,2,0,0.0,312,8.7
2,Anthony Brown,40316,QB,OREGON,1,62.5,32,35,11.1,2.42,2,1,2.7,48.6,17,0,10,15.0,37,3,15,264,72.1,71.7,65.0,72.4,0,0,39,0,0.0,79.3,0.0,0,2,0,1,1,1,2.6,229,6.5
2,Chase Brice,60363,QB,APP STATE,1,70.6,34,34,9.4,2.26,0,1,2.9,61.8,21,0,9,12.5,36,3,9,108,32.6,63.6,68.0,47.5,0,1,36,0,11.1,75.5,2.8,1,1,0,0,1,1,2.8,199,5.9
2,Matt Corral,83517,QB,OLE MISS,1,72.7,33,34,10.5,3.0,0,2,5.9,61.8,21,0,13,12.5,40,3,13,226,69.5,78.5,77.7,64.5,0,0,41,1,7.7,127.6,2.5,1,5,0,1,5,0,0.0,281,8.3
2,Levi Lewis,60428,QB,LA LAFAYET,1,71.0,31,33,12.2,2.64,1,4,11.1,57.6,19,0,9,13.6,37,3,13,207,33.8,70.8,76.3,44.5,0,0,40,0,22.2,108.6,5.4,2,2,0,1,2,0,0.0,304,9.2
2,Max Bortenschlager,46500,QB,FIU,1,63.0,27,33,16.4,3.08,2,3,7.7,51.5,17,0,13,0.0,36,0,11,166,34.0,70.4,71.9,52.7,1,0,43,0,15.4,97.9,5.6,2,1,0,3,2,1,2.3,259,7.8
2,Jack Coan,60613,QB,NOTRE DAME,1,75.0,28,33,9.5,2.78,2,2,5.4,63.6,21,0,16,0.0,41,0,13,258,69.7,64.4,63.4,62.4,1,1,45,0,37.5,92.9,14.6,6,2,0,2,2,1,2.2,239,7.2
2,Seth Henigan,144267,QB,MEMPHIS,1,75.0,32,33,8.5,2.13,0,1,2.7,66.7,22,0,11,8.3,38,2,12,218,69.1,83.0,83.6,57.3,0,0,42,0,36.4,149.3,10.5,4,1,0,1,5,0,0.0,417,12.6
2,D'Eriq King,26636,QB,MIAMI FL,1,80.0,30,33,7.7,3.24,2,3,8.6,60.6,20,0,16,16.7,45,4,12,220,72.7,91.0,91.9,67.1,1,0,47,0,6.3,77.8,2.2,1,11,0,0,0,0,0.0,200,6.1
2,Logan Bonner,39990,QB,UTAH ST,1,72.7,33,33,11.0,2.31,0,1,2.9,63.6,21,0,6,12.5,35,3,13,329,72.1,74.0,78.3,54.9,0,1,36,0,16.7,131.3,2.9,1,1,0,0,4,1,2.8,390,11.8
2,Max Duggan,99470,QB,TCU,1,64.3,28,32,15.8,3.14,0,2,5.9,53.1,17,0,14,5.6,36,1,13,305,74.8,62.9,54.7,68.9,1,1,38,1,14.3,95.1,5.6,2,2,0,3,3,2,5.3,234,7.3
2,Matt McDonald,60350,QB,BOWL GREEN,1,77.4,31,32,8.3,2.51,0,2,5.7,71.9,23,0,13,4.2,38,1,9,122,35.1,63.2,61.2,63.6,1,0,42,0,30.8,112.5,10.5,4,2,0,0,1,3,7.1,308,9.6
2,Bailey Hockman,60383,QB,MIDDLE TN,1,70.0,30,32,9.3,2.61,0,0,0.0,59.4,19,0,15,9.5,34,2,9,224,69.5,67.0,64.5,65.3,0,1,34,0,13.3,75.8,5.9,2,0,0,2,1,2,5.9,206,6.4
2,Tanner Mordecai,77656,QB,SMU,1,80.6,31,32,8.9,2.82,0,2,5.9,65.6,21,0,12,16.0,37,4,12,287,25.4,76.0,78.4,59.0,0,1,39,0,8.3,123.8,2.7,1,4,0,1,4,0,0.0,311,9.7
2,Brady McBride,77641,QB,TEXAS ST,1,72.4,29,31,9.4,2.97,0,0,0.0,58.1,18,0,10,14.3,41,3,11,314,71.2,65.9,63.5,63.7,2,0,42,0,40.0,83.8,9.8,4,6,0,0,1,1,2.4,168,5.4
2,McKenzie Milton,40110,QB,FLORIDA ST,1,65.5,29,31,8.7,2.78,0,1,2.8,58.1,18,0,10,5.3,33,1,9,167,68.9,68.3,76.2,41.2,0,1,39,0,0.0,65.7,0.0,0,2,0,2,1,1,2.6,133,4.3
2,Clayton Tune,77652,QB,HOUSTON,1,76.7,30,30,9.2,2.74,0,3,9.4,73.3,22,0,11,4.3,37,1,11,182,34.5,73.1,84.2,42.9,0,0,40,0,27.3,118.2,8.1,3,4,0,0,2,1,2.5,236,7.9
2,Chance Nolan,78493,QB,OREGON ST,1,78.6,28,29,12.5,3.16,1,0,0.0,72.4,21,0,10,4.5,33,1,16,265,70.9,79.5,83.7,55.4,0,0,36,0,10.0,128.8,3.0,1,3,0,0,2,0,0.0,302,10.4
2,Jayden de Laura,131928,QB,WASH STATE,1,77.8,27,29,11.0,2.93,0,2,6.9,72.4,21,0,7,0.0,32,0,16,341,70.8,78.6,72.2,74.6,0,1,32,0,28.6,126.1,6.3,2,1,0,2,3,1,3.1,303,10.4
2,Brett Gabbert,97404,QB,MIAMI OH,1,55.6,27,29,14.7,2.67,0,1,3.1,48.3,14,0,9,6.7,34,1,11,221,68.8,55.9,57.8,53.7,1,1,38,0,0.0,79.8,0.0,0,5,0,1,2,1,2.6,201,6.9
2,Sam Howell,97599,QB,N CAROLINA,1,81.5,27,29,13.1,2.91,0,4,12.9,72.4,21,0,12,4.5,37,1,19,245,70.2,94.5,92.2,88.2,0,0,39,0,25.0,147.5,8.1,3,5,0,2,3,0,0.0,352,12.1
2,Jayden Daniels,97993,QB,ARIZONA ST,1,79.3,29,29,6.4,2.69,0,0,0.0,69.0,20,0,7,13.0,41,3,16,110,69.5,78.4,69.3,75.3,0,1,41,0,14.3,93.3,2.4,1,11,0,0,2,1,2.4,175,6.0
2,Sean Clifford,51708,QB,PENN STATE,1,77.8,27,29,7.6,3.04,0,1,3.3,72.4,21,0,10,0.0,35,0,15,266,70.9,83.2,75.6,75.7,0,0,36,0,20.0,107.0,5.7,2,4,0,2,1,0,0.0,230,7.9
2,Brady Olson,147415,QB,UMASS,1,56.0,25,28,9.7,2.23,1,1,3.3,50.0,14,0,11,0.0,30,0,10,216,30.4,56.7,56.5,57.9,1,2,33,0,9.1,81.5,3.3,1,1,0,1,3,2,6.1,214,7.6
2,Gunnar Holmberg,77625,QB,DUKE,1,77.8,27,28,7.4,2.1,0,2,7.1,71.4,20,0,4,4.8,31,1,14,154,69.3,84.0,80.9,69.3,0,0,31,0,25.0,101.8,3.2,1,2,1,0,0,0,0.0,270,9.6
2,Austin Kendall,40056,QB,LA TECH,1,77.8,27,28,9.7,2.72,0,0,0.0,71.4,20,0,5,4.8,33,1,14,208,70.8,70.4,70.8,60.4,0,1,33,0,40.0,90.3,6.1,2,3,0,1,1,2,6.1,213,7.6
2,N'Kosi Perry,60446,QB,FAU,1,80.0,25,28,14.6,2.68,0,4,14.3,67.9,19,0,11,5.0,35,1,14,165,69.1,84.7,90.4,49.1,0,0,35,1,36.4,147.6,11.4,4,3,1,2,4,1,2.9,332,11.9
2,James Blackman,60382,QB,ARK STATE,1,67.9,28,28,13.0,3.11,0,4,12.5,67.9,19,0,6,0.0,30,0,14,113,68.5,88.1,87.4,62.0,0,0,34,1,0.0,143.8,0.0,0,2,0,0,4,0,0.0,306,10.9
2,Noah Vedral,55406,QB,RUTGERS,1,82.1,28,28,5.8,2.4,0,1,3.2,78.6,22,0,10,4.3,32,1,4,278,71.3,65.7,62.9,64.9,0,0,35,0,40.0,100.1,12.5,4,0,0,0,1,0,0.0,145,5.2
2,Brock Purdy,77672,QB,IOWA STATE,1,75.0,20,27,8.8,3.27,2,1,3.7,48.1,13,0,16,13.3,30,2,6,193,69.8,58.2,62.4,50.9,0,3,30,0,12.5,23.9,6.7,2,1,0,5,0,1,3.3,138,5.1
2,Chase Garbers,60356,QB,CAL,1,69.2,26,27,18.6,3.21,0,7,24.1,59.3,16,0,11,11.1,32,2,12,130,70.0,93.8,92.9,75.6,0,0,34,0,18.2,123.8,6.3,2,3,0,1,2,0,0.0,309,11.4
2,Taulia Tagovailoa,97271,QB,MARYLAND,1,85.2,27,27,6.6,2.54,0,2,7.4,81.5,22,0,5,4.3,30,1,12,215,68.8,88.2,87.3,65.3,0,0,30,0,20.0,146.0,3.3,1,2,0,0,3,0,0.0,274,10.1
2,Carter Bradley,77685,QB,TOLEDO,1,83.3,24,27,9.1,2.32,3,1,3.1,63.0,17,0,12,15.0,32,3,10,316,27.2,58.6,57.7,,0,0,37,0,41.7,100.2,15.6,5,0,0,0,1,2,5.4,216,8.0
2,Davis Brin,77642,QB,TULSA,1,77.8,27,27,9.4,3.03,0,1,3.1,70.4,19,0,13,9.5,34,2,12,320,69.8,68.6,64.1,68.3,0,0,39,0,15.4,95.3,5.9,2,5,0,0,0,1,2.6,224,8.3
2,Bryce Young,123943,QB,ALABAMA,1,84.0,25,27,9.7,2.52,0,2,6.7,70.4,19,0,8,9.5,29,2,12,103,68.4,89.6,87.5,64.2,0,0,32,0,12.5,132.8,3.4,1,1,0,2,3,0,0.0,227,8.4
2,Spencer Rattler,97408,QB,OKLAHOMA,1,91.7,24,26,7.7,2.63,1,0,0.0,76.9,20,0,4,9.1,30,2,17,261,68.8,91.7,91.7,64.7,0,0,30,0,25.0,144.7,3.3,1,3,0,1,5,0,0.0,243,9.3
2,Charlie Brewer,60344,QB,UTAH,1,69.6,23,26,7.3,3.12,2,1,3.7,57.7,15,0,11,6.3,29,1,5,328,69.3,62.4,59.8,69.7,0,1,30,1,18.2,70.5,6.9,2,1,0,1,1,1,3.3,147,5.7
2,Tommy DeVito,60545,QB,SYRACUSE,1,68.0,25,26,8.6,2.5,0,2,7.7,57.7,15,0,10,11.8,31,2,6,304,29.7,57.0,53.3,65.4,0,1,31,1,40.0,58.0,12.9,4,1,0,1,0,2,6.5,149,5.7
2,Max Johnson,124099,QB,LSU,1,79.2,24,26,7.7,2.62,2,2,7.7,65.4,17,0,7,10.5,31,2,11,211,69.8,72.5,83.3,42.4,0,0,31,0,28.6,120.0,6.5,2,2,0,0,3,0,0.0,156,6.0
2,Spencer Sanders,77660,QB,OKLA STATE,1,78.3,23,26,7.1,2.34,0,2,7.1,57.7,15,0,9,16.7,29,3,11,262,22.8,75.1,79.2,57.9,2,1,31,0,11.1,87.5,3.4,1,2,0,1,2,2,6.5,173,6.7
2,Steven Krajewski,77650,QB,UCONN,1,75.0,20,25,8.5,2.42,0,2,7.7,56.0,14,0,12,6.7,26,1,4,146,21.8,57.0,58.3,56.2,4,1,27,0,8.3,49.4,3.8,1,0,0,1,0,2,7.4,104,4.2
2,Brendon Lewis,131687,QB,COLORADO,1,65.0,20,25,6.8,2.65,4,1,3.7,52.0,13,0,9,0.0,28,0,5,143,71.5,74.8,65.4,75.1,0,1,30,0,11.1,43.6,3.6,1,2,0,1,0,0,0.0,89,3.6
2,Taylor Powell,60459,QB,TROY,1,86.4,22,25,6.0,2.68,0,2,7.4,72.0,18,0,14,5.3,32,1,9,318,69.1,85.4,85.5,62.4,1,1,34,0,35.7,93.9,15.6,5,2,0,2,1,1,2.9,211,8.4
2,Zeb Noland,40508,QB,S CAROLINA,1,54.2,24,25,11.8,2.31,0,4,15.4,52.0,13,0,7,0.0,28,0,5,289,68.7,80.3,84.1,60.0,0,1,29,1,28.6,79.3,7.1,2,0,0,1,1,0,0.0,223,8.9
2,Sam Hartman,77618,QB,WAKE,1,75.0,24,25,10.9,2.82,1,2,7.7,68.0,17,0,4,5.6,27,1,14,339,68.6,89.2,88.9,64.2,0,0,28,0,0.0,112.8,0.0,0,2,0,0,1,0,0.0,244,9.8
2,Cornelious Brown IV,98356,QB,GA STATE,1,48.0,25,25,9.2,2.48,0,1,3.7,44.0,11,0,6,8.3,26,1,3,175,35.1,42.9,48.5,45.4,0,1,28,0,16.7,34.6,3.8,1,0,0,0,0,1,3.6,68,2.7
2,Holton Ahlers,77651,QB,E CAROLINA,1,66.7,21,25,5.5,2.73,1,0,0.0,44.0,11,0,17,21.4,30,3,4,156,69.8,51.0,50.8,60.4,0,2,31,2,23.5,17.9,13.3,4,1,0,3,0,1,3.2,75,3.0
2,Braxton Burmeister,60513,QB,VA TECH,1,66.7,21,24,8.0,3.09,0,0,0.0,58.3,14,0,11,0.0,30,0,10,337,68.9,67.7,53.2,80.3,0,0,32,0,9.1,89.2,3.3,1,5,0,3,1,0,0.0,142,5.9
2,Hank Bachmeier,101284,QB,BOISE ST,1,70.8,24,24,11.9,2.57,0,2,7.7,70.8,17,0,12,0.0,26,0,11,120,68.6,67.4,69.5,54.2,0,0,28,0,8.3,141.0,3.8,1,1,0,0,2,0,0.0,331,13.8
2,Jordan Yates,97416,QB,GA TECH,1,85.7,21,24,9.2,2.98,0,2,8.0,70.8,17,0,10,5.6,29,1,15,176,68.8,87.1,86.9,64.4,1,0,30,1,20.0,144.8,6.9,2,3,0,2,4,1,3.3,254,10.6
2,DJ Uiagalelei,122162,QB,CLEMSON,1,60.9,23,24,10.7,2.16,0,1,4.0,58.3,14,0,4,0.0,24,0,7,140,70.9,63.2,56.1,70.0,0,1,25,0,0.0,76.9,0.0,0,0,0,1,1,1,4.0,171,7.1
2,Gavin Hardison,100827,QB,UTEP,1,62.5,24,24,12.3,2.96,0,0,0.0,62.5,15,0,7,0.0,26,0,9,330,28.8,34.0,33.6,53.9,0,3,30,0,14.3,67.2,3.8,1,1,0,0,1,4,13.3,223,9.3
2,Jason Bean,83529,QB,KANSAS,1,61.9,21,24,13.2,2.68,1,3,11.5,50.0,12,0,14,7.7,32,1,7,198,34.0,62.1,62.7,58.6,0,0,34,0,28.6,76.6,12.5,4,4,1,1,0,2,5.9,189,7.9
2,Gerry Bohanon,77636,QB,BAYLOR,1,81.0,21,23,12.0,3.09,0,1,4.3,73.9,17,0,9,0.0,26,0,12,118,69.0,91.5,92.0,63.9,0,0,26,0,0.0,148.0,0.0,0,3,0,2,3,0,0.0,247,10.7
2,Jarret Doege,60353,QB,W VIRGINIA,1,68.2,22,23,15.0,2.68,0,1,4.3,60.9,14,0,6,6.7,26,1,12,343,67.8,79.5,76.5,64.9,0,0,26,0,33.3,139.3,7.7,2,1,1,0,3,0,0.0,259,11.3
2,Sean Chambers,75888,QB,WYOMING,1,60.9,23,23,15.4,2.53,0,3,12.0,56.5,13,0,7,7.1,27,1,10,351,26.8,72.4,63.9,76.2,0,0,29,0,14.3,115.1,3.7,1,2,0,0,2,1,3.4,204,8.9
2,Malik Cunningham,60436,QB,LOUISVILLE,1,71.4,21,23,11.9,3.15,1,1,4.3,65.2,15,0,10,0.0,31,0,10,210,29.7,69.8,69.7,61.2,0,0,31,0,40.0,120.9,12.9,4,4,0,1,1,1,3.2,276,12.0
2,Tanner McKee,131770,QB,STANFORD,1,85.7,21,23,11.2,2.33,0,2,7.7,69.6,16,0,8,11.1,24,2,10,300,70.6,80.6,79.5,64.6,1,0,27,0,0.0,131.4,0.0,0,1,0,1,2,0,0.0,234,10.2
2,Desmond Ridder,55086,QB,CINCINNATI,1,70.0,20,22,13.0,2.7,0,2,8.7,63.6,14,0,7,0.0,24,0,11,138,68.9,71.8,73.2,56.1,0,0,25,0,28.6,131.4,8.3,2,0,0,2,2,1,4.0,243,11.0
2,Emory Jones,82111,QB,FLORIDA,1,68.2,22,22,10.7,3.1,0,3,13.6,63.6,14,0,7,6.7,24,1,9,163,72.9,66.6,59.1,68.7,0,2,24,0,14.3,61.0,4.2,1,1,0,0,1,3,12.5,151,6.9
2,D.J. Mack Jr.,55405,QB,DOMINION,1,54.5,22,22,15.0,3.03,0,1,4.3,50.0,11,0,8,8.3,27,1,11,263,71.5,68.8,55.1,75.7,0,0,28,0,0.0,89.6,0.0,0,5,0,0,1,1,3.6,162,7.4
2,Kurtis Rourke,97998,QB,OHIO,1,76.2,21,22,10.5,2.95,0,1,3.8,63.6,14,0,3,12.5,24,2,10,259,69.2,87.6,90.1,59.5,0,0,29,0,0.0,102.1,0.0,0,2,0,1,1,0,0.0,168,7.6
2,Tyler Shough,83537,QB,TEXAS TECH,1,73.7,19,22,8.5,2.75,1,0,0.0,54.5,12,0,11,14.3,25,2,5,315,70.4,69.8,67.0,65.0,0,2,25,0,9.1,57.8,4.0,1,2,0,2,1,1,4.0,174,7.9
2,DJ Irons,145585,QB,AKRON,1,65.0,20,22,8.0,3.59,0,0,0.0,54.5,12,1,18,7.7,28,1,9,102,70.1,49.8,47.4,66.8,0,1,28,2,16.7,64.4,10.7,3,3,0,2,1,1,3.6,109,5.0
2,Jake Haener,60596,QB,FRESNO ST,1,77.3,22,22,12.6,2.92,0,5,21.7,77.3,17,0,6,0.0,24,0,14,169,68.3,93.6,92.9,73.1,0,0,25,0,0.0,158.1,0.0,0,2,0,0,4,0,0.0,380,17.3
2,Justin Lynch,144392,QB,TEMPLE,1,85.7,21,22,3.6,1.88,0,1,4.5,77.3,17,0,5,5.6,25,1,10,306,70.9,78.2,79.1,62.8,0,0,25,0,0.0,144.3,0.0,0,1,0,1,2,0,0.0,251,11.4
2,Grayson McCall,98002,QB,COAST CAR,1,81.0,21,21,10.1,2.7,0,0,0.0,81.0,17,0,3,0.0,24,0,13,141,28.8,81.6,81.8,64.1,0,0,26,0,66.7,147.0,8.3,2,1,0,0,2,1,3.8,245,11.7
2,Hendon Hooker,60593,QB,TENNESSEE,1,83.3,18,21,5.7,2.59,1,0,0.0,71.4,15,0,9,0.0,27,0,9,307,29.1,53.4,41.2,74.6,2,1,29,0,33.3,110.8,11.1,3,3,0,0,2,2,6.9,188,9.0
2,Kaleb Eleby,77686,QB,W MICHIGAN,1,76.2,21,21,10.4,2.64,0,0,0.0,71.4,15,0,5,6.3,24,1,9,347,68.4,68.6,69.5,57.1,0,0,26,0,20.0,112.0,4.2,1,2,0,0,1,0,0.0,174,8.3
2,Cam'Ron Ransom,147110,QB,GA SOUTHRN,1,66.7,21,21,6.5,2.97,0,0,0.0,57.1,12,0,7,14.3,25,2,7,174,29.1,56.0,63.4,49.2,0,0,25,0,14.3,69.1,4.0,1,3,0,0,0,2,8.0,98,4.7
2,Spencer Petras,82136,QB,IOWA,1,65.0,20,21,11.3,2.88,0,2,9.1,52.4,11,0,10,15.4,28,2,5,192,69.2,75.1,75.7,59.8,1,0,29,0,40.0,82.6,14.3,4,2,0,0,1,1,3.4,106,5.0
2,Justin Ibieta,123220,QB,TULANE,1,65.0,20,20,8.5,2.77,0,0,0.0,65.0,13,0,4,0.0,22,0,9,319,68.8,68.2,55.4,81.8,0,2,23,0,0.0,84.6,0.0,0,2,0,0,2,2,8.7,166,8.3
2,Payton Thorne,101629,QB,MICH STATE,1,73.7,19,20,9.4,2.8,0,3,14.3,70.0,14,0,3,0.0,21,0,8,223,68.7,89.8,89.0,65.9,0,0,22,0,0.0,152.1,0.0,0,1,0,1,4,0,0.0,273,13.7
2,KJ Jefferson,99129,QB,ARKANSAS,1,78.9,19,19,5.6,2.39,0,1,5.3,73.7,14,0,5,6.7,20,1,5,111,72.1,69.2,65.0,65.7,0,1,20,0,0.0,71.8,0.0,0,1,0,0,0,1,5.0,138,7.3
2,Gunner Cruz,100575,QB,ARIZONA,1,64.7,17,19,7.1,2.99,0,0,0.0,52.6,10,0,14,9.1,24,1,1,109,67.6,48.9,44.8,64.3,1,1,24,0,21.4,56.9,12.5,3,1,0,1,1,0,0.0,70,3.7
2,Adrian Martinez,83522,QB,NEBRASKA,1,76.5,17,19,8.4,3.22,0,1,4.5,68.4,13,0,12,0.0,24,0,8,238,70.1,63.3,63.0,59.9,1,0,27,0,8.3,146.3,4.2,1,4,0,1,2,0,0.0,242,12.7
2,Luke McCaffrey,101634,QB,RICE,1,61.1,18,19,6.4,2.9,0,0,0.0,47.4,9,0,16,18.2,23,2,6,275,70.0,29.1,26.9,63.9,0,3,25,0,18.8,38.4,13.0,3,1,0,1,1,4,16.0,86,4.5
2,Jack Plummer,83543,QB,PURDUE,1,94.4,18,19,5.9,2.88,0,0,0.0,84.2,16,0,9,5.9,21,1,12,273,67.4,72.4,71.6,,0,0,22,0,22.2,158.3,9.5,2,0,0,1,4,1,4.5,245,12.9
2,Cade Fortin,77620,QB,USF,1,66.7,18,18,7.5,2.29,0,0,0.0,66.7,12,0,7,0.0,19,0,5,327,67.8,47.5,47.6,58.8,0,1,20,0,14.3,55.6,5.3,1,0,0,0,0,1,5.0,91,5.1
2,Will Levis,83542,QB,KENTUCKY,1,64.7,17,18,11.1,3.16,0,2,10.5,55.6,10,0,11,9.1,25,1,12,202,71.4,80.4,77.9,68.3,0,1,26,0,27.3,85.2,12.0,3,4,0,1,1,0,0.0,179,9.9
2,Chris Reynolds,60361,QB,CHARLOTTE,1,68.8,16,17,8.4,2.53,0,0,0.0,58.8,10,0,3,9.1,18,1,5,136,69.1,71.4,63.9,71.5,0,2,19,0,0.0,56.4,0.0,0,1,0,1,1,0,0.0,103,6.1
2,Bo Nix,97790,QB,AUBURN,1,81.3,16,17,9.9,2.38,0,1,5.3,52.9,9,0,2,30.8,18,4,5,115,25.1,60.6,61.7,61.7,1,0,21,1,50.0,111.9,5.6,1,0,0,0,2,2,9.5,108,6.4
2,Will Plummer,131592,QB,ARIZONA,1,58.8,17,17,11.5,2.66,0,1,5.9,47.1,8,0,8,20.0,20,2,4,109,24.2,49.6,57.5,44.3,0,0,20,0,12.5,87.6,5.0,1,2,0,0,1,1,5.0,109,6.4
2,Will Howard,122599,QB,KANSAS ST,1,50.0,16,17,8.0,2.93,0,1,5.9,47.1,8,0,10,0.0,19,0,5,199,28.8,41.5,29.7,65.7,0,1,19,0,10.0,35.4,5.3,1,1,0,1,0,4,21.1,76,4.5
2,Tanner Morgan,55239,QB,MINNESOTA,1,68.8,16,17,8.5,2.95,0,1,5.3,47.1,8,0,7,27.3,20,3,7,225,69.8,78.4,81.5,58.3,0,0,22,0,14.3,108.0,5.0,1,2,0,1,2,0,0.0,112,6.6
2,Dustin Crum,60418,QB,KENT STATE,1,82.4,17,17,12.9,2.26,0,2,11.8,70.6,12,0,3,14.3,20,2,6,201,71.2,90.9,82.1,81.7,0,0,20,0,33.3,124.6,5.0,1,1,0,0,1,0,0.0,180,10.6
2,Jacob Sirmon,83590,QB,C MICHIGAN,1,86.7,15,17,7.5,3.17,0,0,0.0,76.5,13,0,7,0.0,23,0,10,134,67.5,68.8,65.2,65.5,0,0,23,0,42.9,136.0,13.0,3,3,0,2,3,0,0.0,125,7.4
2,Graham Mertz,97994,QB,WISCONSIN,1,82.4,17,17,9.9,2.33,0,1,5.6,82.4,14,0,3,0.0,18,0,9,349,67.0,76.9,76.1,,0,0,19,0,33.3,101.2,5.6,1,0,0,0,0,1,5.3,141,8.3
2,Hunter Dekkers,122511,QB,IOWA STATE,1,80.0,15,16,8.0,2.82,1,1,5.6,68.8,11,0,5,8.3,16,1,7,193,66.8,63.7,63.2,,0,0,18,0,0.0,109.9,0.0,0,0,0,0,1,0,0.0,114,7.1
2,Michael Penix Jr.,82134,QB,INDIANA,1,68.8,16,16,10.3,2.75,0,0,0.0,68.8,11,0,6,0.0,19,0,5,190,68.4,63.8,61.4,62.2,0,0,19,0,33.3,116.7,10.5,2,1,0,0,2,0,0.0,68,4.3
2,Hunter Johnson,60362,QB,NWESTERN,1,62.5,16,16,11.9,3.07,0,0,0.0,56.3,9,0,8,10.0,22,1,3,256,69.3,65.7,67.4,59.2,0,1,24,0,25.0,60.9,9.1,2,4,0,0,1,0,0.0,66,4.1
2,Cade McNamara,101620,QB,MICHIGAN,1,81.8,11,15,4.1,2.41,1,0,0.0,46.7,7,0,4,22.2,15,2,2,222,68.8,67.7,65.6,61.9,1,0,15,0,0.0,53.5,0.0,0,0,0,2,0,0,0.0,44,2.9
2,Frank Harris,60586,QB,UTSA,1,93.3,15,15,5.7,2.44,0,2,12.5,86.7,13,0,4,7.1,16,1,6,331,66.7,81.5,84.1,57.3,0,0,17,0,0.0,98.3,0.0,0,1,0,0,0,0,0.0,114,7.6
2,Hudson Card,123109,QB,TEXAS,1,71.4,14,15,16.7,4.23,1,1,6.7,53.3,8,0,8,20.0,23,2,4,311,25.2,41.2,50.0,46.2,0,0,23,1,37.5,63.5,13.0,3,5,0,0,0,1,4.3,61,4.1
2,Tyler Johnston III,60570,QB,UAB,1,50.0,12,14,8.0,2.33,0,0,0.0,42.9,6,0,5,0.0,18,0,2,321,67.0,28.6,27.1,62.0,2,3,19,0,20.0,10.7,5.6,1,2,0,0,0,2,10.5,39,2.8
2,Doug Brumfield,128348,QB,UNLV,1,50.0,14,14,8.8,3.49,0,0,0.0,42.9,6,0,12,14.3,19,1,6,325,69.1,70.5,60.2,77.4,0,0,19,1,16.7,55.7,10.5,2,3,0,0,0,1,5.3,60,4.3
2,Jordon Brookshire,98678,QB,S DIEGO ST,1,85.7,14,14,5.4,2.54,0,2,12.5,71.4,10,0,2,16.7,17,2,5,284,69.7,82.5,80.8,67.4,0,0,19,0,100.0,153.3,11.8,2,1,0,0,2,0,0.0,183,13.1
2,Dennis Grosel,60351,QB,BOSTON COL,1,85.7,14,14,12.6,3.81,0,1,7.1,78.6,11,0,5,8.3,17,1,9,121,68.9,90.0,83.5,75.5,0,0,17,1,20.0,142.6,5.9,1,2,0,0,1,0,0.0,199,14.2
2,Michael Pratt,123229,QB,TULANE,1,81.8,11,13,9.1,2.29,1,1,7.1,61.5,8,0,2,11.1,14,1,6,319,68.1,78.3,76.1,65.6,1,0,15,0,0.0,132.7,0.0,0,1,0,0,2,0,0.0,124,9.5
2,Trey Lowe,77669,QB,SO MISS,1,76.9,13,13,8.8,2.59,0,0,0.0,76.9,10,0,6,0.0,16,0,4,296,68.8,71.2,70.3,62.7,0,0,16,0,33.3,123.6,12.5,2,1,0,0,1,0,0.0,99,7.6
2,Preston Hutchinson,60370,QB,E MICHIGAN,1,66.7,12,13,11.0,2.38,1,1,7.1,46.2,6,0,6,25.0,14,2,1,160,68.1,68.7,67.8,62.0,0,1,15,0,0.0,25.5,0.0,0,1,0,0,0,0,0.0,53,4.1
2,Josh Adkins,60483,QB,UTSA,1,92.3,13,13,7.2,2.53,0,0,0.0,84.6,11,0,4,8.3,14,1,7,331,66.2,83.3,82.7,,0,0,14,0,25.0,149.2,7.1,1,0,0,0,2,0,0.0,134,10.3
2,Joe Milton III,82151,QB,TENNESSEE,1,58.3,12,12,13.3,2.56,0,1,5.9,58.3,7,0,5,0.0,14,0,3,307,25.8,53.4,45.0,72.9,0,0,19,0,40.0,68.1,14.3,2,0,0,0,0,1,5.3,50,4.2
2,Stetson Bennett,60387,QB,GEORGIA,1,83.3,12,12,13.6,2.65,0,2,15.4,83.3,10,0,4,0.0,13,0,9,173,66.2,91.4,90.8,64.2,0,0,14,0,0.0,158.3,0.0,0,1,0,0,5,0,0.0,290,24.2
2,Kato Nelson,40264,QB,AKRON,1,66.7,12,12,10.8,3.42,0,0,0.0,58.3,7,0,7,12.5,17,1,5,102,26.2,48.9,59.1,46.6,0,0,18,0,14.3,106.9,5.9,1,4,0,0,1,0,0.0,82,6.8
2,Aidan O'Connell,60516,QB,PURDUE,1,81.8,11,11,8.1,2.13,0,0,0.0,81.8,9,0,1,0.0,11,0,6,273,65.6,73.3,72.8,,0,0,11,0,0.0,138.8,0.0,0,0,0,0,2,0,0.0,86,7.8
2,Ty Keyes,145417,QB,SO MISS,1,36.4,11,11,15.2,2.9,0,1,9.1,36.4,4,0,6,0.0,14,0,6,296,70.0,78.8,71.6,71.6,0,0,14,0,16.7,81.6,7.1,1,2,0,0,1,0,0.0,50,4.5
2,Taisun Phommachanh,99577,QB,CLEMSON,1,90.0,10,10,6.3,1.88,0,0,0.0,70.0,7,0,0,22.2,10,2,4,140,66.5,72.2,70.1,62.3,0,1,10,0,,85.4,0.0,0,0,0,0,1,0,0.0,75,7.5
2,Haaziq Daniels,125263,QB,AIR FORCE,1,33.3,9,10,16.8,2.76,0,1,10.0,30.0,3,0,4,0.0,11,0,3,101,29.6,48.2,65.7,45.4,0,0,11,1,25.0,47.5,9.1,1,0,0,1,0,1,9.1,49,4.9
2,Timmy McClain,144488,QB,USF,1,44.4,9,10,13.7,2.68,0,1,9.1,40.0,4,0,8,0.0,13,0,3,327,69.4,53.6,57.0,54.7,0,0,14,0,12.5,70.0,7.7,1,2,0,1,0,0,0.0,83,8.3
2,Caleb Williams,144622,QB,OKLAHOMA,1,70.0,10,10,11.6,3.69,0,1,9.1,50.0,5,0,3,28.6,12,2,2,261,67.8,77.1,75.3,64.7,0,0,13,0,33.3,78.8,8.3,1,1,0,0,0,0,0.0,84,8.4
2,Carson Beck,124010,QB,GEORGIA,1,62.5,8,10,12.9,2.24,0,1,9.1,40.0,4,0,3,20.0,10,1,4,173,21.0,72.6,78.5,53.1,2,1,11,0,0.0,65.8,0.0,0,0,0,0,1,0,0.0,88,8.8
2,Garrett Nussmeier,146757,QB,LSU,1,55.6,9,10,14.6,3.96,0,0,0.0,30.0,3,0,3,40.0,11,2,0,211,66.8,66.5,68.1,58.0,0,0,12,0,33.3,39.6,9.1,1,0,0,1,0,0,0.0,19,1.9
2,James Foster,83563,QB,CHARLOTTE,1,62.5,8,8,13.0,2.96,0,1,12.5,62.5,5,0,2,0.0,9,0,2,136,67.4,76.1,79.4,57.5,0,0,9,0,50.0,88.0,11.1,1,0,0,0,0,0,0.0,65,8.1
2,Luke Zban,82147,QB,MARSHALL,1,87.5,8,8,4.6,2.1,0,0,0.0,75.0,6,0,1,14.3,8,1,4,214,70.5,50.5,42.5,63.0,0,1,11,0,0.0,68.8,0.0,0,0,0,0,0,1,9.1,84,10.5
2,Chase Cunningham,78533,QB,MIDDLE TN,1,87.5,8,8,8.9,2.53,0,1,12.5,87.5,7,0,3,0.0,9,0,4,224,65.1,77.8,77.2,,0,0,9,0,33.3,145.8,11.1,1,0,0,0,1,0,0.0,76,9.5
2,Casey Thompson,77677,QB,TEXAS,1,62.5,8,8,14.5,3.83,0,0,0.0,62.5,5,0,4,0.0,14,0,5,311,67.3,77.9,69.9,71.1,0,0,15,0,0.0,83.9,0.0,0,6,0,0,0,0,0.0,57,7.1
2,Garrett Greene,123420,QB,W VIRGINIA,1,57.1,7,7,8.3,2.86,0,1,14.3,57.1,4,0,4,0.0,10,0,5,343,73.0,87.0,69.3,78.6,0,0,10,0,0.0,83.6,0.0,0,3,0,0,0,0,0.0,57,8.1
2,Mikey Keene,70961,QB,UCF,1,85.7,7,7,8.4,2.59,0,0,0.0,57.1,4,0,3,33.3,7,2,2,323,64.6,53.1,52.1,,0,0,7,0,0.0,122.0,0.0,0,0,0,0,1,0,0.0,55,7.9
2,Garrett Shrader,98212,QB,SYRACUSE,1,57.1,7,7,16.0,3.36,0,0,0.0,57.1,4,0,8,0.0,9,0,3,304,20.3,52.7,56.8,53.7,0,0,10,0,12.5,74.7,11.1,1,1,0,0,0,1,10.0,42,6.0
2,Ben Bryant,77655,QB,E MICHIGAN,1,66.7,6,7,6.2,1.8,1,0,0.0,57.1,4,0,2,0.0,9,0,1,160,67.4,54.1,53.9,63.9,0,0,9,1,100.0,63.4,22.2,2,0,0,0,0,0,0.0,23,3.3
2,Hayden Wolff,98362,QB,DOMINION,1,71.4,7,7,7.3,2.14,0,0,0.0,57.1,4,0,1,20.0,7,1,3,263,67.1,39.2,34.9,60.1,0,0,7,0,0.0,80.7,0.0,0,0,0,0,0,1,14.3,52,7.4
2,Daniel Richardson,97103,QB,C MICHIGAN,1,42.9,7,7,18.7,2.88,0,1,14.3,42.9,3,0,5,0.0,8,0,3,134,64.9,64.1,63.4,,0,0,8,0,20.0,126.8,12.5,1,0,0,0,1,0,0.0,83,11.9
2,Anthony Russo,40108,QB,MICH STATE,1,83.3,6,7,7.2,2.26,0,0,0.0,71.4,5,0,1,0.0,7,0,1,223,19.4,35.9,56.4,37.0,0,0,7,0,0.0,87.2,0.0,0,0,0,1,0,0,0.0,43,6.1
2,John Paddock,77689,QB,BALL ST,1,83.3,6,6,7.3,1.77,0,1,14.3,83.3,5,0,1,0.0,6,0,3,117,64.6,71.9,71.5,,0,0,7,0,0.0,101.4,0.0,0,0,0,0,0,0,0.0,50,8.3
2,Jaylen Henderson,146054,QB,FRESNO ST,1,66.7,6,6,4.8,3.2,0,0,0.0,66.7,4,0,3,0.0,9,0,3,169,70.5,72.3,60.1,71.3,0,0,10,0,33.3,88.2,11.1,1,2,0,0,0,0,0.0,44,7.3
2,Dequan Finn,97804,QB,TOLEDO,1,40.0,5,5,8.2,3.3,0,0,0.0,40.0,2,0,2,0.0,5,0,0,316,67.0,50.5,46.3,62.4,0,0,6,0,0.0,47.9,0.0,0,0,0,0,0,0,0.0,8,1.6
2,Jalon Daniels,122555,QB,KANSAS,1,100.0,4,5,11.3,2.68,0,1,20.0,60.0,3,0,2,25.0,6,1,3,198,65.7,73.7,77.1,58.2,0,0,6,0,50.0,92.9,16.7,1,0,0,1,0,0,0.0,49,9.8
2,Xavier Arline,121831,QB,NAVY,1,50.0,2,5,4.5,3.98,0,0,0.0,0.0,0,0,10,100.0,10,1,0,237,72.6,46.0,54.8,50.5,0,0,10,0,20.0,39.6,20.0,2,3,0,3,0,0,0.0,0,0.0
2,Justin Rogers,77666,QB,UNLV,1,20.0,5,5,8.2,3.21,0,0,0.0,20.0,1,0,6,0.0,9,0,0,325,65.1,34.9,41.7,57.0,0,0,9,1,50.0,39.6,33.3,3,1,0,0,0,0,0.0,7,1.4
2,Christian Anderson,60339,QB,ARMY,1,80.0,5,5,11.2,2.13,0,0,0.0,80.0,4,0,2,0.0,7,0,3,114,40.4,73.1,68.6,67.1,0,0,7,0,50.0,158.3,14.3,1,0,0,0,1,1,14.3,72,14.4
2,Hunter Helms,122149,QB,CLEMSON,1,50.0,4,5,3.8,2.08,0,0,0.0,40.0,2,0,1,0.0,5,0,1,140,63.8,46.3,45.8,,0,0,5,0,0.0,48.8,0.0,0,0,0,1,0,0,0.0,16,3.2
2,Maasai Maynor,101057,QB,NAVY,1,60.0,5,5,9.6,2.94,0,0,0.0,60.0,3,0,7,0.0,9,0,2,237,65.6,39.5,43.1,52.9,0,0,11,0,28.6,78.8,22.2,2,2,0,0,0,0,0.0,32,6.4
2,Austin Burton,60577,QB,PURDUE,1,100.0,5,5,2.0,2.66,0,0,0.0,100.0,5,0,1,0.0,7,0,2,273,65.9,57.2,58.6,63.3,0,0,7,1,100.0,103.3,14.3,1,1,0,0,0,0,0.0,44,8.8
2,Reece Udinski,60592,QB,MARYLAND,1,100.0,5,5,1.0,1.14,0,0,0.0,100.0,5,0,0,0.0,5,0,3,215,63.8,65.9,64.4,,0,0,5,0,,158.3,0.0,0,0,0,0,1,0,0.0,73,14.6
2,Andrew Peasley,83581,QB,UTAH ST,1,50.0,4,4,5.8,3.2,0,0,0.0,50.0,2,0,3,0.0,4,0,0,329,65.2,63.1,46.4,69.2,0,0,4,0,0.0,58.3,0.0,0,0,0,0,0,0,0.0,14,3.5
2,Skylar Thompson,60417,QB,KANSAS ST,1,75.0,4,4,27.0,3.78,0,1,25.0,75.0,3,0,2,0.0,4,0,2,199,63.3,73.2,72.8,,0,1,4,0,0.0,77.1,0.0,0,0,0,0,0,1,25.0,96,24.0
2,Devin Grainger,78496,QB,GA STATE,1,66.7,3,4,16.0,3.08,0,0,0.0,50.0,2,0,4,0.0,6,0,1,175,68.0,73.0,60.2,70.7,1,0,6,0,0.0,66.7,0.0,0,2,0,0,0,0,0.0,22,5.5
2,Austin Aune,83528,QB,N TEXAS,1,50.0,4,4,9.3,2.6,0,0,0.0,50.0,2,0,1,0.0,5,0,2,251,14.2,32.7,50.9,40.6,0,0,5,0,0.0,62.5,0.0,0,1,0,0,0,0,0.0,18,4.5
2,Phil Jurkovec,83533,QB,BOSTON COL,1,100.0,3,4,4.3,3.7,0,0,0.0,75.0,3,0,2,0.0,4,0,1,121,63.3,72.8,72.4,,0,0,4,0,0.0,87.5,0.0,0,0,0,1,0,0,0.0,22,5.5
2,Jack Tuttle,83580,QB,INDIANA,1,50.0,4,4,12.3,3.4,0,1,25.0,50.0,2,0,2,0.0,4,0,2,190,63.3,80.3,80.3,,0,0,4,0,0.0,135.4,0.0,0,0,0,0,1,0,0.0,91,22.8
2,Leo Kelly,98018,QB,WAKE,1,33.3,3,4,11.0,3.9,1,0,0.0,25.0,1,0,1,0.0,4,0,0,339,65.2,37.7,29.7,63.3,0,1,4,0,0.0,0.0,0.0,0,0,0,0,0,1,25.0,8,2.0
2,Knox Kadum,99578,QB,VA TECH,1,100.0,3,4,-2.0,2.44,0,0,0.0,75.0,3,0,2,0.0,5,0,2,337,65.5,76.8,61.4,71.9,1,0,5,0,0.0,82.3,0.0,0,1,0,0,0,0,0.0,17,4.3
2,Jordan Moore,143865,QB,DUKE,1,25.0,4,4,13.8,2.08,0,1,25.0,25.0,1,0,1,0.0,4,0,0,154,67.8,83.4,68.0,75.8,0,0,4,0,0.0,39.6,0.0,0,0,0,0,0,0,0.0,-4,-1.0
2,Eddie Lee Marburger,145511,QB,UTSA,1,66.7,3,4,13.7,3.45,0,0,0.0,50.0,2,0,1,0.0,4,0,2,331,66.6,64.4,63.0,60.1,0,0,4,0,0.0,95.8,0.0,0,0,0,1,0,0,0.0,69,17.3
2,Sam Kenerson,122447,WR,GA SOUTHRN,1,66.7,3,3,3.3,2.55,0,0,0.0,66.7,2,0,0,0.0,4,0,1,174,23.1,28.9,28.5,46.6,0,1,4,0,,45.8,0.0,0,1,0,0,0,1,25.0,20,6.7
2,Tyler Buchner,147472,QB,NOTRE DAME,1,100.0,3,3,4.7,2.27,0,0,0.0,100.0,3,0,1,0.0,3,0,2,258,71.1,80.7,70.0,71.8,0,0,4,0,0.0,158.3,0.0,0,0,0,0,1,0,0.0,78,26.0
2,Ike Ogbogu,77653,QB,HOUSTON,1,33.3,3,3,18.7,1.9,0,0,0.0,33.3,1,0,0,0.0,3,0,1,182,66.4,55.2,52.7,60.5,0,0,3,0,,47.9,0.0,0,0,0,0,0,0,0.0,13,4.3
2,Evan Conley,97783,QB,LOUISVILLE,1,33.3,3,3,7.3,2.37,0,0,0.0,33.3,1,0,0,0.0,3,0,0,210,62.7,51.5,51.0,,0,0,3,0,,42.4,0.0,0,0,0,0,0,0,0.0,6,2.0
2,Jordan Travis,77615,QB,FLORIDA ST,1,0.0,3,3,27.0,2.37,0,0,0.0,0.0,0,0,1,,3,0,0,167,66.4,48.1,38.7,63.0,0,0,3,0,0.0,39.6,0.0,0,0,0,0,0,0,0.0,0,0.0
2,Cam Fancher,145266,QB,MARSHALL,1,66.7,3,3,11.7,3.23,0,0,0.0,66.7,2,0,1,0.0,4,0,2,214,65.2,67.0,66.6,61.2,0,0,4,0,0.0,102.1,0.0,0,1,0,0,0,0,0.0,32,10.7
2,Paul Tyson,98363,QB,ALABAMA,1,33.3,3,3,18.3,2.33,0,0,0.0,33.3,1,0,0,0.0,3,0,1,103,62.7,49.8,49.8,,0,0,3,0,,81.9,0.0,0,0,0,0,0,0,0.0,39,13.0
2,Anthony Richardson,124393,QB,FLORIDA,1,100.0,3,3,34.7,4.53,0,3,100.0,100.0,3,0,3,0.0,4,0,4,163,67.8,98.7,97.3,84.3,0,0,4,0,0.0,158.3,0.0,0,1,0,0,2,0,0.0,152,50.7
2,Evan Prater,123576,QB,CINCINNATI,1,33.3,3,3,6.3,2.3,0,0,0.0,33.3,1,0,0,0.0,3,0,1,138,67.7,63.7,41.1,74.3,0,0,3,0,,94.4,0.0,0,0,0,0,1,0,0.0,18,6.0
2,Nate Cox,60432,QB,NEVADA,1,100.0,3,3,20.3,3.47,0,1,33.3,100.0,3,0,1,0.0,3,0,2,239,62.7,91.5,91.4,,0,0,3,0,0.0,158.3,0.0,0,0,0,0,1,0,0.0,60,20.0
2,Luke Altmyer,146802,QB,OLE MISS,1,0.0,3,3,16.7,1.93,0,1,33.3,0.0,0,0,0,,3,0,0,226,64.8,80.9,76.2,63.5,0,0,3,0,,39.6,0.0,0,0,0,0,0,0,0.0,0,0.0
2,Chase Wolf,51692,QB,WISCONSIN,1,66.7,3,3,12.3,2.7,0,1,33.3,66.7,2,0,2,0.0,3,0,1,349,62.7,77.8,77.5,,0,1,3,0,0.0,52.8,0.0,0,0,0,0,0,0,0.0,25,8.3
2,Dylan Hopkins,83571,QB,UAB,1,66.7,3,3,3.3,2.84,0,0,0.0,66.7,2,0,2,0.0,5,0,0,321,68.9,59.7,52.1,63.3,0,0,5,0,100.0,70.1,40.0,2,0,0,0,0,0,0.0,8,2.7
2,Victor Gabalis,131932,QB,WASH STATE,1,0.0,2,3,9.0,1.83,1,0,0.0,0.0,0,0,0,,3,0,0,341,62.7,40.6,41.0,,0,0,3,0,,39.6,0.0,0,0,0,0,0,1,33.3,0,0.0
2,Jacob Zeno,98014,QB,BAYLOR,1,50.0,2,2,3.5,3.5,0,0,0.0,50.0,1,0,2,0.0,4,0,1,118,63.3,51.1,50.1,,0,0,4,0,100.0,95.8,50.0,2,0,0,0,0,0,0.0,41,20.5
2,Kinkead Dent,99132,QB,OLE MISS,1,100.0,2,2,-2.0,2.05,0,0,0.0,100.0,2,0,1,0.0,2,0,0,226,64.4,62.0,62.7,59.4,0,0,2,0,0.0,81.3,0.0,0,0,0,0,0,0,0.0,7,3.5
2,Collin Schlee,98025,QB,KENT STATE,1,100.0,2,2,9.0,2.65,0,0,0.0,100.0,2,0,1,0.0,2,0,1,201,64.8,79.0,64.8,67.7,0,0,3,0,0.0,116.7,0.0,0,0,0,0,0,0,0.0,24,12.0
2,T.J. Finley,124093,QB,AUBURN,1,100.0,2,2,22.5,2.2,0,0,0.0,100.0,2,0,1,0.0,2,0,2,115,61.8,85.0,85.3,,0,0,2,0,0.0,158.3,0.0,0,0,0,0,1,0,0.0,66,33.0
2,Tyler Pape,145698,QB,C MICHIGAN,1,100.0,2,2,4.5,2.6,0,0,0.0,100.0,2,0,0,0.0,2,0,0,134,61.8,64.2,63.7,,0,0,2,0,,91.7,0.0,0,0,0,0,0,0,0.0,12,6.0
2,Jacolby Criswell,122830,QB,N CAROLINA,1,100.0,2,2,13.0,2.4,0,0,0.0,100.0,2,0,0,0.0,2,0,2,245,64.4,72.7,77.5,58.5,0,0,2,0,,158.3,0.0,0,0,0,0,1,0,0.0,54,27.0
2,Ta'Quan Roberson,101625,QB,PENN STATE,1,50.0,2,2,16.0,2.57,0,0,0.0,50.0,1,0,1,0.0,3,0,1,266,62.7,60.3,59.7,,0,0,3,0,100.0,131.3,33.3,1,0,0,0,1,0,0.0,23,11.5
2,AJ Mayer,63860,QB,MIAMI OH,1,100.0,2,2,18.0,2.25,0,1,50.0,100.0,2,0,1,0.0,2,0,2,221,67.6,94.9,92.5,76.1,0,0,2,0,0.0,118.8,0.0,0,0,0,0,0,0,0.0,36,18.0
2,Ralph Rucker IV,144625,QB,OKLAHOMA,1,100.0,2,2,-1.0,1.8,0,0,0.0,100.0,2,0,0,0.0,2,0,1,261,61.8,63.4,62.7,,0,0,2,0,,108.3,0.0,0,0,0,0,0,0,0.0,20,10.0
2,Goose Crowder,144781,QB,W VIRGINIA,1,100.0,2,2,9.0,2.2,0,0,0.0,100.0,2,0,0,0.0,2,0,1,343,61.8,73.3,72.7,,0,0,2,0,,118.8,0.0,0,0,0,0,0,0,0.0,28,14.0
2,Calvin Brownholtz,83584,QB,UTEP,1,50.0,2,2,7.0,2.25,0,0,0.0,50.0,1,0,0,0.0,2,0,1,330,69.6,43.5,48.6,52.2,0,0,2,0,,62.5,0.0,0,0,0,0,0,0,0.0,9,4.5
2,Haynes King,124329,QB,TEXAS A&M,1,50.0,2,2,6.5,4.05,0,0,0.0,50.0,1,0,1,0.0,2,0,0,312,64.4,58.8,47.5,63.6,0,0,2,0,0.0,60.4,0.0,0,0,0,0,0,0,0.0,8,4.0
2,Luca Diamont,122370,QB,DUKE,1,100.0,1,1,-2.0,1.6,0,0,0.0,100.0,1,0,0,0.0,1,0,1,154,67.5,65.2,61.0,62.4,0,0,1,0,,118.8,0.0,0,0,0,0,0,0,0.0,17,17.0
2,Jalen Milroe,146590,QB,ALABAMA,1,0.0,1,1,1.0,5.05,0,0,0.0,0.0,0,0,1,,2,0,0,103,70.5,69.7,58.9,66.7,0,0,2,0,100.0,39.6,50.0,1,0,0,0,0,0,0.0,0,0.0
2,Xavier Weaver,101130,WR,USF,1,100.0,1,1,34.0,3.0,0,1,100.0,0.0,0,0,0,100.0,1,1,0,327,70.1,81.4,87.3,,0,0,1,0,,39.6,0.0,0,0,0,0,0,0,0.0,0,0.0
2,Ben Finley,122864,QB,NC STATE,1,0.0,1,1,5.0,1.5,0,0,0.0,0.0,0,0,0,,1,0,0,248,60.3,54.8,55.3,,0,0,1,0,,39.6,0.0,0,0,0,0,0,0,0.0,0,0.0
2,Dontayvion Wicks,99711,WR,VIRGINIA,1,100.0,1,1,11.0,3.9,0,0,0.0,100.0,1,0,1,0.0,1,0,1,335,64.6,75.7,72.6,,0,0,1,1,0.0,118.8,0.0,0,0,0,0,0,0,0.0,18,18.0
2,Jared Wayne,99691,WR,PITTSBURGH,1,100.0,1,1,16.0,3.4,0,0,0.0,100.0,1,0,0,0.0,1,0,1,268,64.6,74.6,72.6,,0,0,1,0,,158.3,0.0,0,0,0,0,1,0,0.0,16,16.0
2,Katravis Marsh,123289,QB,USF,1,100.0,1,1,8.0,1.8,0,0,0.0,100.0,1,0,0,0.0,1,0,1,327,60.3,61.0,60.4,,0,0,1,0,,118.8,0.0,0,0,0,0,0,0,0.0,14,14.0
2,Ira Armstead,123767,QB,VIRGINIA,1,0.0,1,1,5.0,4.63,0,0,0.0,0.0,0,0,3,,3,0,0,335,66.9,42.4,32.4,57.8,0,0,3,0,66.7,39.6,66.7,2,0,0,0,0,0,0.0,0,0.0
2,Kyle Maxwell,98110,WR,LA TECH,1,100.0,1,1,38.0,3.5,0,1,100.0,100.0,1,0,1,0.0,1,0,1,208,62.4,68.2,87.3,,0,0,1,0,0.0,158.3,0.0,0,0,0,0,1,0,0.0,33,33.0
2,Chance Luper,124210,WR,MISSOURI,1,0.0,1,1,21.0,3.2,0,0,0.0,0.0,0,0,0,,1,0,0,229,64.6,54.1,50.8,,0,0,1,0,,39.6,0.0,0,0,0,0,0,0,0.0,0,0.0
2,John Rhys Plumlee,97602,WR,OLE MISS,1,100.0,1,1,-2.0,2.4,0,0,0.0,100.0,1,0,0,0.0,1,0,0,226,69.2,77.2,60.4,84.0,0,0,1,0,,91.7,0.0,0,0,0,0,0,0,0.0,6,6.0
2,Jalen Cropper,97273,WR,FRESNO ST,1,100.0,1,1,28.0,4.0,0,0,0.0,100.0,1,0,1,0.0,1,0,1,169,67.2,81.1,76.2,63.4,0,0,1,0,0.0,158.3,0.0,0,0,0,0,1,0,0.0,51,51.0
2,Lew Nichols,97187,HB,C MICHIGAN,1,100.0,1,1,-6.0,1.1,0,0,0.0,100.0,1,0,0,0.0,1,0,1,134,75.8,65.3,60.4,64.8,0,0,1,0,,118.8,0.0,0,0,0,0,0,0,0.0,23,23.0
2,Logan Smothers,129713,QB,NEBRASKA,1,100.0,1,1,41.0,4.0,0,1,100.0,100.0,1,0,0,0.0,1,0,1,238,63.7,85.9,92.8,58.4,0,0,1,1,,118.8,0.0,0,0,0,0,0,0,0.0,54,54.0
2,Tyler Snead,90863,WR,E CAROLINA,1,100.0,1,1,40.0,3.2,0,1,100.0,100.0,1,0,1,0.0,1,0,1,156,73.9,68.9,87.3,,0,0,1,0,0.0,158.3,0.0,0,0,0,0,1,0,0.0,75,75.0
2,Andrew Erickson,84333,WR,NEW MEXICO,1,0.0,1,1,20.0,2.7,0,0,0.0,0.0,0,0,0,,1,0,0,241,65.9,70.8,50.4,,0,0,1,0,,39.6,0.0,0,0,0,0,0,0,0.0,0,0.0
2,Ricky Person Jr.,77725,HB,NC STATE,1,0.0,1,1,8.0,1.7,0,0,0.0,0.0,0,0,1,,1,0,0,248,72.2,48.9,33.1,57.2,0,1,1,0,0.0,0.0,0.0,0,0,0,0,0,1,100.0,0,0.0
2,Quadry Jones,77640,QB,UCF,1,100.0,1,1,12.0,1.8,0,0,0.0,100.0,1,0,0,0.0,1,0,1,323,63.7,79.9,72.6,63.3,0,0,1,0,,118.8,0.0,0,0,0,0,0,0,0.0,14,14.0
2,Kai Horton,144418,QB,TULANE,1,100.0,1,1,20.0,2.2,0,1,100.0,0.0,0,0,0,100.0,1,1,0,319,65.9,86.1,89.2,61.1,0,0,1,0,,39.6,0.0,0,0,0,0,0,0,0.0,0,0.0
2,Jack Sears,60580,QB,BOISE ST,1,100.0,1,1,0.0,3.5,0,0,0.0,0.0,0,0,0,100.0,2,1,0,120,68.7,64.5,60.6,61.4,0,0,2,0,,39.6,0.0,0,1,0,0,0,0,0.0,0,0.0
2,Jay Woolfolk,151104,QB,VIRGINIA,1,0.0,1,1,25.0,3.3,0,0,0.0,0.0,0,0,0,,1,0,0,335,63.7,52.6,51.9,60.0,0,0,1,0,,39.6,0.0,0,0,0,0,0,0,0.0,0,0.0
2,Keytaon Thompson,60457,WR,VIRGINIA,1,0.0,1,1,27.0,4.1,0,0,0.0,0.0,0,0,1,,1,0,0,335,69.9,77.1,58.4,83.4,0,0,1,0,0.0,39.6,0.0,0,0,0,0,0,0,0.0,0,0.0
2,Jaedyn McKinstry,145642,TE,BOWL GREEN,1,0.0,1,1,31.0,2.4,0,0,0.0,0.0,0,0,0,,1,0,0,122,60.3,31.3,37.0,,0,1,1,0,,0.0,0.0,0,0,0,0,0,1,100.0,0,0.0
2,Mareyohn Hrabowski,145923,QB,W MICHIGAN,1,100.0,1,1,-6.0,1.3,0,0,0.0,0.0,0,0,0,100.0,1,1,0,347,17.2,47.3,60.4,50.4,0,0,1,0,,39.6,0.0,0,0,0,0,0,0,0.0,0,0.0
2,Blake Shapen,122282,QB,BAYLOR,1,100.0,1,1,6.0,3.6,0,0,0.0,100.0,1,0,0,0.0,1,0,0,118,60.3,60.9,60.4,,0,0,1,0,,95.8,0.0,0,0,0,0,0,0,0.0,7,7.0
2,Nick Tronti,60409,QB,FAU,1,0.0,1,1,-4.0,3.1,0,0,0.0,0.0,0,0,0,,2,0,0,165,66.2,82.1,60.4,73.1,0,0,2,0,,39.6,0.0,0,1,0,0,0,0,0.0,0,0.0
2,Lucas Johnson,40551,QB,S DIEGO ST,1,0.0,1,1,29.0,2.2,0,0,0.0,0.0,0,0,0,,1,0,0,284,68.7,71.5,52.5,71.4,0,0,1,0,,39.6,0.0,0,0,0,0,0,0,0.0,0,0.0
2,Cole Kelley,39945,QB,SE LA,1,86.7,60,61,6.0,2.4,0,1,1.6,75.4,46,0,23,11.5,66,6,28,294,45.3,74.3,71.7,67.5,1,2,69,0,13.0,103.0,4.5,3,2,0,0,3,3,4.3,518,8.5
2,Trae Self,103962,QB,STF AUSTIN,1,74.1,54,57,4.9,2.44,0,1,1.7,66.7,38,0,22,5.0,60,2,19,301,71.9,80.3,79.0,64.7,3,0,63,0,4.5,88.6,1.7,1,2,0,0,1,1,1.6,343,6.0
2,Asher O'Hara,78529,QB,SACRAMENTO,1,73.5,49,53,6.3,3.32,0,0,0.0,60.4,32,0,21,11.1,64,4,22,279,27.7,59.7,58.8,60.3,0,3,64,0,14.3,54.8,4.7,3,8,0,4,0,6,9.4,330,6.2
2,Davis Alexander,52162,QB,PORTLAND,1,68.2,44,49,9.4,3.12,1,2,4.1,55.1,27,0,24,10.0,57,3,21,269,71.7,72.4,68.3,70.4,0,1,57,0,8.3,77.9,3.5,2,6,0,4,2,1,1.8,292,6.0
2,Tim Demorat,78498,QB,FORDHAM,1,60.9,46,48,14.9,2.95,0,4,7.7,54.2,26,0,20,7.1,52,2,19,168,25.8,56.9,60.8,44.8,0,0,56,0,15.0,98.0,5.8,3,1,0,2,3,2,3.6,345,7.2
2,Shannon Patrick,82081,QB,BETH COOK,1,72.7,44,46,8.7,2.25,0,1,2.1,58.7,27,0,17,15.6,47,5,14,119,69.6,65.2,64.9,63.7,2,1,49,1,0.0,78.0,0.0,0,1,0,0,2,1,2.0,238,5.2
2,Mark Pappas,109046,QB,MOREHEAD,1,70.5,44,44,9.9,2.27,0,4,8.7,65.9,29,0,11,6.5,45,2,19,234,69.5,83.6,81.3,64.3,0,0,47,0,0.0,122.0,0.0,0,1,0,0,5,0,0.0,286,6.5
2,Tony Muskett,142933,QB,MONMOUTH,1,73.2,41,44,8.5,2.63,2,2,4.3,68.2,30,0,11,0.0,50,0,15,231,70.2,61.9,57.4,68.4,0,1,53,0,9.1,82.9,2.0,1,5,0,1,1,2,3.8,273,6.2
2,John Seter,60388,QB,STETSON,1,75.6,41,43,7.6,2.22,1,3,6.8,60.5,26,0,6,16.1,43,5,17,302,38.2,85.6,83.7,58.9,0,0,44,1,0.0,102.5,0.0,0,0,0,1,3,0,0.0,276,6.4
2,Tommy Schuster,108954,QB,N DAKOTA,1,80.0,40,43,6.8,2.86,1,3,6.7,67.4,29,0,11,9.4,44,3,14,249,69.8,70.2,70.1,60.0,0,2,46,0,9.1,80.1,2.3,1,0,0,2,1,2,4.3,345,8.0
2,Shedeur Sanders,131396,QB,JACKSON ST,1,90.0,40,41,7.2,2.47,0,3,7.1,75.6,31,0,14,13.9,46,5,16,194,23.0,73.9,80.3,42.0,0,0,47,0,14.3,126.7,4.3,2,3,0,1,3,1,2.1,366,8.9
2,Draylen Ellis,121346,QB,AUSTINPEAY,1,73.5,34,41,9.0,2.34,1,3,6.7,53.7,22,0,16,12.0,47,3,8,116,24.4,57.3,57.0,65.1,0,0,51,1,25.0,76.1,8.5,4,0,0,6,1,2,3.9,208,5.1
2,Rent Montie,143087,QB,LAFAYETTE,1,72.7,33,40,5.4,3.06,1,1,2.5,57.5,23,0,15,4.2,51,1,9,203,70.8,42.3,39.8,61.8,1,2,51,1,33.3,48.6,9.8,5,6,0,5,0,3,5.9,187,4.7
2,Liam Welch,19897,QB,SAMFORD,1,70.6,34,39,10.8,2.53,3,2,5.1,56.4,22,0,7,8.3,44,2,10,282,38.4,51.7,50.0,64.1,0,2,44,2,28.6,59.5,4.5,2,3,0,2,1,3,6.8,217,5.6
2,Cam Ward,133244,QB,INCAR WORD,1,70.3,37,39,8.2,2.42,0,1,2.4,56.4,22,0,11,15.4,44,4,13,189,69.4,67.7,69.0,53.8,1,0,46,0,18.2,96.5,4.5,2,2,0,1,3,1,2.2,204,5.2
2,Blaise Bentsen,102365,QB,HOU BAPT,1,60.0,35,38,8.3,3.05,0,2,5.3,50.0,19,0,23,9.5,50,2,11,183,42.0,74.1,73.3,63.9,0,2,50,0,26.1,53.4,12.0,6,6,0,3,1,3,6.0,208,5.5
2,Zerrick Cooper,40465,QB,JVILLE ST,1,60.0,35,38,12.7,3.03,1,3,6.8,44.7,17,0,20,19.0,47,4,13,196,72.8,71.1,67.8,67.4,1,0,53,0,25.0,83.4,10.6,5,4,0,1,2,3,5.7,242,6.4
2,Lindsey Scott Jr.,40219,QB,NICHOLLS,1,75.7,37,37,10.1,2.9,0,3,8.1,70.3,26,0,21,7.1,52,2,23,243,71.3,82.0,71.1,78.9,0,1,54,0,14.3,116.8,5.8,3,12,0,0,3,3,5.6,359,9.7
2,Breylin Smith,33893,QB,CENT ARK,1,72.2,36,37,12.4,2.66,0,3,7.7,64.9,24,0,12,7.7,41,2,14,132,34.4,81.9,81.1,60.0,0,2,43,0,25.0,89.2,7.3,3,0,0,1,2,1,2.3,334,9.0
2,Davis Cheek,55146,QB,ELON,1,72.2,36,37,9.8,2.62,0,4,10.3,59.5,22,0,10,15.4,40,4,13,162,70.8,90.2,89.6,65.7,1,0,42,0,20.0,99.9,5.0,2,1,0,0,2,0,0.0,269,7.3
2,Hunter Rodrigues,78490,QB,UC DAVIS,1,64.9,37,37,11.2,2.38,0,4,10.5,59.5,22,0,6,8.3,37,2,14,322,70.2,74.8,72.7,71.1,0,0,38,1,0.0,123.9,0.0,0,0,0,0,4,0,0.0,322,8.7
2,Ren Hefley,101621,QB,PRESBYTERN,1,75.0,36,37,8.1,2.29,0,1,2.6,67.6,25,0,9,7.4,40,2,15,271,69.1,71.3,75.1,56.2,1,2,42,0,11.1,111.0,2.5,1,1,0,0,4,3,7.1,347,9.4
2,Jason Shelley,60581,QB,MO STATE,1,65.7,35,37,11.3,2.82,0,1,2.4,51.4,19,0,17,17.4,46,4,11,230,25.8,64.6,60.3,67.5,1,0,50,0,29.4,80.2,10.9,5,4,0,1,1,2,4.0,234,6.3
2,Mike Beaudry,101052,QB,IDAHO,1,73.5,34,36,7.9,2.29,1,2,5.6,63.9,23,0,13,8.0,41,2,10,185,31.8,55.5,53.7,62.8,1,0,41,0,15.4,96.5,4.9,2,2,0,0,2,3,7.3,196,5.4
2,Jawon Pass,40916,QB,PRVIEW A&M,1,58.8,34,36,10.2,2.41,1,1,2.7,50.0,18,0,11,10.0,42,2,8,270,39.0,45.4,49.3,50.7,0,3,43,1,9.1,40.0,2.4,1,4,0,1,1,4,9.3,188,5.2
2,Westin Elliott,60433,QB,MERRIMACK,1,69.4,36,36,8.9,2.54,0,4,11.1,66.7,24,0,15,4.0,37,1,15,385,69.3,79.0,77.8,60.0,0,2,37,1,6.7,82.4,2.7,1,0,0,0,2,2,5.4,254,7.1
2,Darius Perrantes,103934,QB,DUQUESNE,1,67.6,34,35,7.9,2.64,0,1,2.4,65.7,23,0,16,0.0,39,0,12,155,70.6,66.6,67.7,56.4,0,0,46,1,6.3,89.5,2.6,1,3,0,1,1,1,2.2,194,5.5
2,Jeff Undercuffler,78501,QB,ALBANY,1,71.0,31,35,9.7,2.5,3,3,7.9,57.1,20,0,10,9.1,43,2,10,106,69.8,66.7,68.7,54.5,1,0,46,0,60.0,85.2,14.0,6,2,0,0,1,0,0.0,218,6.2
2,Anthony Thompson,40036,QB,INDIANA ST,1,68.8,32,34,6.8,2.8,0,0,0.0,61.8,21,0,10,4.5,39,1,10,191,35.9,58.1,55.2,65.7,0,0,42,0,30.0,79.7,7.7,3,2,0,2,1,2,4.8,133,3.9
2,Joseph Brunell,109021,QB,GEORGETOWN,1,61.3,31,33,11.5,2.83,0,3,8.6,54.5,18,0,15,5.3,39,1,9,172,38.0,65.3,66.5,57.3,0,1,41,1,26.7,80.0,10.3,4,2,1,1,2,3,7.3,197,6.0
2,Jeff Widener,104774,QB,N ARIZONA,1,71.9,32,33,7.3,2.72,0,0,0.0,66.7,22,0,18,4.3,42,1,15,252,71.6,74.7,68.8,71.5,0,2,45,0,22.2,68.9,9.5,4,5,0,1,1,0,0.0,209,6.3
2,Davius Richard,109077,QB,NC CENT,1,51.7,29,32,8.2,2.39,0,0,0.0,43.8,14,0,17,6.7,36,1,5,247,20.8,30.3,35.9,43.7,1,0,36,1,17.6,62.8,8.3,3,1,0,2,1,2,5.6,106,3.3
2,Jack Cook,109015,QB,DAYTON,1,71.4,28,32,6.2,2.99,2,1,3.1,56.3,18,0,14,10.0,36,2,11,150,72.4,75.1,64.9,76.6,0,0,36,0,0.0,76.0,0.0,0,3,0,2,1,0,0.0,128,4.0
2,Parker McKinney,82109,QB,E KENTUCKY,1,73.3,30,32,5.3,2.48,0,0,0.0,65.6,21,0,10,4.5,37,1,6,159,70.3,50.6,50.5,60.3,0,2,40,1,10.0,47.4,2.7,1,4,0,2,0,1,2.5,128,4.0
2,Spencer Brasch,100574,QB,CAL POLY,1,58.1,31,32,7.0,2.47,0,0,0.0,53.1,17,0,14,5.6,39,1,10,129,37.5,30.9,33.1,48.0,0,1,40,0,35.7,70.7,12.8,5,2,0,1,1,1,2.5,207,6.5
2,Eric Barriere,40109,QB,E WASHGTON,1,70.0,30,31,10.6,2.99,1,2,6.3,64.5,20,0,10,4.8,38,1,17,161,69.8,71.3,70.2,63.3,0,0,39,0,20.0,112.4,5.3,2,5,0,0,2,0,0.0,261,8.4
2,Kaleb Fletcher,60499,QB,NWSTATE,1,77.4,31,31,6.9,1.95,0,2,6.3,71.0,22,0,9,8.3,37,2,9,257,30.0,59.2,57.9,63.3,0,1,40,1,33.3,84.3,8.1,3,3,0,0,1,2,5.0,192,6.2
2,Juwan Carter,91113,QB,NORFOLK,1,71.4,28,31,8.3,2.72,0,0,0.0,61.3,19,0,12,5.0,40,1,13,244,69.5,64.1,53.2,80.0,0,1,40,0,33.3,87.4,10.0,4,5,0,3,2,1,2.5,195,6.3
2,Bret Edwards,88638,QB,NEW HAMP,1,82.8,29,31,8.5,2.71,0,1,3.1,74.2,23,0,7,4.2,35,1,12,240,27.4,66.2,63.4,65.6,0,0,36,1,42.9,120.4,8.6,3,1,0,2,2,1,2.8,260,8.4
2,Cole Johnson,29785,QB,JAMES MAD,1,93.1,29,30,5.2,1.97,0,3,10.0,83.3,25,0,3,7.4,31,2,17,197,68.3,90.0,89.6,,0,0,31,0,33.3,158.3,3.2,1,0,0,1,4,0,0.0,379,12.6
2,Keon Howard,40418,QB,TENN MARTN,1,65.5,29,30,10.9,2.62,0,1,3.2,60.0,18,0,6,5.3,33,1,8,310,26.6,38.1,36.9,51.4,0,3,34,1,0.0,66.5,0.0,0,3,0,1,2,5,14.7,229,7.6
2,Connor Sampson,33374,QB,W ILLINOIS,1,74.1,27,30,2.9,2.75,1,1,3.1,66.7,20,0,16,0.0,36,0,7,345,29.7,54.3,53.4,,0,1,38,0,37.5,58.8,16.7,6,0,0,2,0,2,5.3,108,3.6
2,Preston Rice,60469,QB,MURRAY ST,1,69.2,26,29,7.0,2.42,0,1,3.4,58.6,17,0,15,5.6,31,1,10,236,70.8,48.5,41.5,65.8,1,3,32,0,6.7,32.8,3.2,1,1,0,2,0,3,9.4,149,5.1
2,Kasim Hill,60444,QB,RHODE ISLD,1,65.4,26,29,10.0,2.39,0,2,6.7,51.7,15,0,6,11.8,30,2,8,274,73.9,55.5,53.3,60.1,2,1,31,1,0.0,51.9,0.0,0,1,0,1,0,1,3.2,147,5.1
2,Hamp Sisson,78462,QB,FURMAN,1,75.0,28,29,10.0,2.6,0,2,6.9,58.6,17,0,5,19.0,31,4,12,170,29.9,80.2,84.0,60.5,0,0,31,0,0.0,79.1,0.0,0,2,0,1,0,0,0.0,196,6.8
2,Rogan Wells,149999,QB,W CAROLINA,1,75.0,28,29,1.8,2.54,0,0,0.0,55.2,16,0,18,23.8,34,5,4,344,29.4,48.9,49.6,57.0,0,0,36,0,22.2,60.6,11.8,4,1,0,1,0,1,2.8,86,3.0
2,Chris Katrenick,60365,QB,E ILLINOIS,1,55.6,27,28,7.9,2.43,0,0,0.0,46.4,13,0,10,13.3,30,2,5,158,68.8,42.3,38.7,63.9,0,1,30,0,0.0,41.7,0.0,0,2,0,1,0,1,3.3,106,3.8
2,Grant Breneman,64179,QB,COLGATE,1,76.0,25,28,10.5,3.02,0,0,0.0,57.1,16,0,17,15.8,37,3,10,142,71.7,75.9,75.0,64.8,1,2,37,0,29.4,46.7,13.5,5,4,0,2,0,1,2.7,180,6.4
2,Eric Schmid,66632,QB,SM HOUSTON,1,61.5,26,28,13.1,2.86,1,0,0.0,57.1,16,0,4,0.0,31,0,14,281,19.9,47.6,57.0,34.9,0,1,31,0,50.0,106.7,6.5,2,1,0,1,3,0,0.0,243,8.7
2,Nic Baker,87541,QB,S ILLINOIS,1,66.7,27,27,9.8,3.12,0,0,0.0,59.3,16,0,19,11.1,39,2,10,295,15.9,36.6,36.1,52.4,0,1,41,0,26.3,63.2,12.8,5,7,0,0,0,4,9.8,176,6.5
2,C.J. Ogbonna,149182,QB,SE MO ST,1,73.1,26,27,10.3,2.34,0,2,6.9,48.1,13,0,8,31.6,31,6,7,293,70.3,64.2,68.0,56.2,0,1,33,1,25.0,65.0,6.5,2,2,0,1,1,0,0.0,168,6.2
2,Quinton Williams,102366,QB,HOWARD,1,48.0,25,27,8.7,2.6,0,1,3.3,37.0,10,0,12,16.7,29,2,3,184,68.4,42.4,39.3,64.1,0,1,32,0,8.3,30.0,3.4,1,1,0,2,0,1,3.1,67,2.5
2,Ryan Nettles,102339,QB,ALABAMA ST,1,74.1,27,27,4.1,2.3,0,0,0.0,70.4,19,0,8,5.0,30,1,7,105,28.8,52.8,58.5,44.1,0,1,31,1,25.0,65.4,6.7,2,1,0,0,0,0,0.0,130,4.8
2,Jeff Miller,87545,QB,TOWSON,1,62.5,24,27,11.9,2.14,1,3,11.1,44.4,12,0,2,20.0,27,3,7,317,67.9,51.4,50.4,,0,2,27,0,0.0,43.1,0.0,0,0,0,2,1,3,11.1,146,5.4
2,Cam Humphrey,39886,QB,MONTANA,1,77.8,27,27,13.1,2.74,0,4,14.3,74.1,20,0,7,4.8,30,1,11,232,69.4,88.2,89.6,62.8,0,2,32,0,0.0,111.4,0.0,0,3,0,0,5,2,6.3,252,9.3
2,Neil Boudreau,44632,QB,MORGAN ST,1,70.8,24,26,8.9,2.65,1,1,3.8,65.4,17,0,15,0.0,35,0,11,235,29.7,29.5,29.4,54.4,0,2,35,1,20.0,92.5,8.6,3,6,0,1,3,3,8.6,184,7.1
2,Jyron Russell,82069,QB,ST FRANCIS,1,69.2,26,26,6.0,2.66,0,0,0.0,57.7,15,0,9,16.7,32,3,9,299,30.4,55.6,53.7,64.3,0,1,33,1,22.2,60.6,6.3,2,3,0,0,0,1,3.0,165,6.3
2,Ian Corwin,109017,QB,DRAKE,1,76.2,21,25,9.4,2.44,0,4,14.8,56.0,14,0,15,12.5,32,2,12,153,70.4,77.2,76.5,64.2,2,0,34,0,20.0,86.9,9.4,3,4,1,1,1,1,2.9,149,6.0
2,Mason Randall,91728,QB,SAN DIEGO,1,52.0,25,25,10.9,2.46,0,2,8.0,48.0,12,0,10,7.7,27,1,6,283,68.0,54.9,55.4,57.0,0,1,28,0,10.0,45.8,3.7,1,1,0,0,0,3,10.7,122,4.9
2,Matthew McKay,60485,QB,MONTANA ST,1,83.3,24,25,11.0,2.24,0,2,8.0,76.0,19,0,10,5.0,26,1,14,233,71.8,92.7,92.5,72.0,0,0,26,0,0.0,148.0,0.0,0,1,0,1,3,0,0.0,258,10.3
2,Tylik Bethea,108957,QB,DELWARE ST,1,72.7,22,25,10.1,3.13,0,1,3.7,64.0,16,0,16,0.0,29,0,8,152,30.0,54.0,52.7,59.1,1,1,31,0,12.5,78.4,6.9,2,2,0,2,1,3,9.7,158,6.3
2,Corey Fields Jr.,78539,QB,SCAR STATE,1,52.2,23,24,10.8,2.6,0,2,8.3,41.7,10,0,13,16.7,27,2,5,290,69.1,59.5,61.9,54.6,0,1,27,0,0.0,42.4,0.0,0,3,0,1,0,1,3.7,132,5.5
2,Jack Chambers,60359,QB,CHARLES SO,1,75.0,24,24,7.9,2.41,0,3,12.5,75.0,18,0,8,0.0,28,0,13,135,72.2,83.6,79.3,72.5,0,0,28,0,50.0,152.8,14.3,4,0,0,0,4,1,3.6,280,11.7
2,Carson Camp,141837,QB,S DAKOTA,1,70.8,24,24,12.2,2.49,0,1,3.8,62.5,15,0,7,11.8,27,2,8,291,28.6,75.5,72.2,68.4,0,0,29,0,28.6,105.0,7.4,2,1,0,0,1,1,3.4,213,8.9
2,Seth Morgan,103954,QB,VA MILT IN,1,50.0,22,24,9.5,2.15,1,0,0.0,41.7,10,0,5,9.1,26,1,2,336,68.5,28.7,28.2,59.5,0,3,27,0,20.0,9.7,3.8,1,1,0,1,0,4,14.8,55,2.3
2,Felix Harper,13753,QB,ALCORN ST,1,52.2,23,23,12.9,3.06,0,2,8.3,52.2,12,0,9,0.0,30,0,9,107,70.3,61.3,59.9,60.6,0,0,31,0,22.2,82.5,6.7,2,5,0,0,0,0,0.0,204,8.9
2,Nolan Henderson,63572,QB,DELAWARE,1,85.7,21,23,11.1,3.43,0,1,4.2,78.3,18,0,9,0.0,26,0,11,151,68.5,78.6,77.7,62.5,0,0,27,0,22.2,127.9,7.7,2,1,0,2,1,0,0.0,258,11.2
2,Romelo Williams,78489,QB,CENT CT ST,1,59.1,22,23,14.1,3.04,0,1,4.2,52.2,12,0,18,7.7,30,1,9,133,70.3,70.6,67.6,63.8,0,0,31,0,22.2,100.5,13.3,4,3,1,0,2,0,0.0,143,6.2
2,Jaylan Adams,89133,QB,CITADEL,1,59.1,22,23,10.1,2.47,1,0,0.0,56.5,13,0,7,0.0,27,0,8,139,31.4,31.7,29.9,50.9,0,1,28,0,42.9,61.1,11.1,3,1,0,0,0,2,7.1,166,7.2
2,Hajj-Malik Williams,102348,QB,CAMPBELL,1,61.9,21,23,15.3,3.63,0,1,4.2,47.8,11,0,13,15.4,35,2,10,131,70.5,74.3,63.1,74.9,0,1,36,0,15.4,90.9,5.7,2,10,0,2,3,0,0.0,152,6.6
2,Marquez McCray,109056,QB,SACR HEART,1,61.1,18,23,12.1,3.37,0,0,0.0,47.8,11,0,9,0.0,30,0,7,280,69.8,36.8,36.6,51.3,0,3,30,0,11.1,23.2,3.3,1,6,0,5,0,3,10.0,115,5.0
2,Tommy Dolan,111302,QB,STTHOM,1,60.9,23,23,11.0,3.05,0,2,8.3,56.5,13,0,12,7.1,31,1,8,1129,21.2,57.5,71.5,41.2,0,2,32,1,41.7,47.6,16.1,5,3,0,0,0,2,6.3,191,8.3
2,Demeatric Crenshaw,138332,QB,YNGTOWN ST,1,56.5,23,23,8.0,2.75,0,0,0.0,43.5,10,0,15,23.1,31,3,6,353,73.0,49.7,36.2,67.7,0,1,31,0,13.3,34.9,6.5,2,5,0,0,0,1,3.2,81,3.5
2,Derek Robertson,142298,QB,MAINE,1,40.9,22,23,12.6,2.33,1,1,4.0,34.8,8,0,9,11.1,27,1,3,212,68.1,52.4,48.7,64.1,0,1,29,0,33.3,43.6,11.1,3,1,0,0,1,1,3.4,89,3.9
2,Zevi Eckhaus,148535,QB,BRYANT,1,72.7,22,23,9.5,2.81,1,1,4.3,52.2,12,0,10,25.0,29,4,9,124,33.4,83.1,83.7,66.2,0,0,29,0,10.0,82.0,3.4,1,5,0,0,1,1,3.4,121,5.3
2,Junior Muratovic,150858,QB,FL A&M,1,78.9,19,22,6.3,2.68,0,1,4.3,63.6,14,0,8,6.7,23,1,7,164,15.9,32.9,33.0,57.3,0,2,24,0,0.0,55.1,0.0,0,1,0,3,1,5,20.8,120,5.5
2,Steven Duncan,40211,QB,TARLETON,1,86.4,22,22,5.1,2.5,0,0,0.0,81.8,18,0,7,5.3,24,1,7,401,67.9,75.0,74.7,60.8,0,0,27,0,0.0,111.7,0.0,0,2,0,0,1,0,0.0,158,7.2
2,Cole Copeland,63563,QB,CHATTNOOGA,1,55.0,20,22,10.9,2.93,1,0,0.0,45.5,10,0,10,9.1,25,1,8,137,68.3,47.6,47.8,53.4,0,2,25,0,10.0,20.6,4.0,1,2,0,1,0,1,4.0,98,4.5
2,Joe Mancuso,40312,QB,RICHMOND,1,65.0,20,21,12.1,2.69,0,2,8.7,52.4,11,0,9,15.4,26,2,11,276,29.9,58.4,73.1,37.9,0,0,28,0,22.2,103.5,7.7,2,3,0,1,2,2,7.1,131,6.2
2,Xavier Shepherd,104767,QB,KENNESAW,1,47.6,21,21,11.8,2.83,0,2,9.5,42.9,9,0,13,10.0,26,1,5,200,15.9,26.9,38.4,25.9,0,2,27,0,15.4,37.1,7.7,2,3,0,0,1,2,7.4,116,5.5
2,Camden Orth,108965,QB,LIUSHAR,1,66.7,18,20,4.7,2.76,0,1,4.5,55.0,11,0,9,8.3,21,1,2,1298,68.2,62.4,58.6,63.3,0,0,24,0,11.1,60.4,4.8,1,0,0,2,0,0,0.0,60,3.0
2,Nick Semptimphelter,142984,QB,BUCKNELL,1,57.9,19,20,5.9,2.55,0,0,0.0,50.0,10,0,8,9.1,22,1,1,125,67.5,27.7,28.3,,0,2,23,1,25.0,16.7,9.1,2,0,0,1,0,2,8.7,32,1.6
2,Hollis Mathis,104797,QB,WM & MARY,1,57.9,19,20,8.4,2.72,1,0,0.0,45.0,9,0,1,18.2,21,2,3,348,71.3,57.0,54.6,62.0,0,0,22,0,0.0,76.3,0.0,0,1,0,0,1,0,0.0,96,4.8
2,Jaylen Gipson,60561,QB,N ALABAMA,1,61.1,18,20,6.6,2.8,0,0,0.0,45.0,9,0,17,18.2,29,2,2,389,69.4,42.4,37.2,65.0,0,2,32,1,41.2,12.5,24.1,7,2,0,2,0,2,6.3,57,2.9
2,Cody Orgeron,23693,QB,MCNEESE,1,73.3,15,20,3.1,3.12,2,0,0.0,50.0,10,0,16,9.1,31,1,5,217,70.4,45.2,45.1,53.8,0,0,33,0,50.0,79.4,25.8,8,3,0,3,1,1,3.0,91,4.6
2,Bronson Barron,141710,QB,WEBER ST,1,55.0,20,20,13.7,2.77,0,4,19.0,50.0,10,0,11,9.1,23,1,5,342,68.8,83.5,83.4,70.8,0,2,24,1,9.1,39.6,4.3,1,2,0,0,1,0,0.0,90,4.5
2,Davis Shanley,60604,QB,TENN TECH,1,42.1,19,20,10.2,2.37,1,0,0.0,30.0,6,0,6,25.0,23,2,3,309,68.1,26.1,26.1,54.6,0,3,23,0,33.3,0.0,8.7,2,1,0,0,0,4,17.4,60,3.0
2,Matthew Sluka,143059,QB,HOLY CROSS,1,68.4,19,19,10.2,3.03,0,1,5.0,57.9,11,0,7,15.4,23,2,6,181,71.3,62.8,60.2,62.8,0,1,24,0,14.3,76.0,4.3,1,3,0,0,1,1,4.2,137,7.2
2,Tyler Riddell,102355,QB,E TENN ST,1,76.5,17,19,10.2,2.84,0,2,9.5,68.4,13,0,6,0.0,21,0,6,157,26.3,65.8,64.1,61.8,0,1,23,1,16.7,116.3,4.8,1,1,0,2,2,2,8.7,201,10.6
2,Stone Earle,123504,QB,ABILENE CH,1,100.0,19,19,7.3,2.95,0,0,0.0,94.7,18,0,5,5.3,22,1,13,100,67.5,90.5,90.3,66.4,0,0,23,0,20.0,157.3,4.5,1,2,0,0,6,0,0.0,233,12.3
2,Bryce Jefferson,89411,QB,ILL STATE,1,47.4,19,19,9.1,2.98,0,0,0.0,42.1,8,0,12,11.1,24,1,0,188,70.0,48.4,40.6,67.3,0,1,25,0,33.3,27.7,16.7,4,1,0,0,0,2,8.0,29,1.5
2,Bailey Fisher,88643,QB,GARD-WEBB,1,55.6,18,19,13.9,2.99,1,1,4.8,26.3,5,0,7,50.0,25,5,5,171,22.4,59.4,57.1,61.6,0,0,27,0,28.6,39.6,8.0,2,3,0,0,0,1,3.7,49,2.6
2,Kingsley Ifedi,60367,QB,NC A&T,1,50.0,18,19,8.3,2.62,0,0,0.0,47.4,9,0,5,0.0,19,0,5,246,74.3,70.8,54.0,76.6,0,0,21,0,0.0,54.1,0.0,0,0,0,1,0,0,0.0,53,2.8
2,Aldon Clark,60338,QB,GRAMBLING,1,52.9,17,19,10.8,2.7,0,0,0.0,42.1,8,0,10,11.1,23,1,4,177,68.1,47.6,50.3,51.9,1,1,23,0,20.0,28.8,8.7,2,2,0,1,0,1,4.3,62,3.3
2,Jaalon Frazier,60391,QB,WAGNER,1,76.5,17,18,10.8,2.64,0,1,5.3,66.7,12,0,11,7.7,25,1,8,338,75.1,77.0,90.2,57.7,0,0,26,0,27.3,113.0,12.0,3,4,0,1,1,0,0.0,159,8.8
2,Tyler Vander Waal,60615,QB,IDAHO ST,1,66.7,15,17,9.4,2.6,2,0,0.0,52.9,9,0,5,10.0,20,1,6,186,24.3,55.7,56.8,56.0,0,0,22,0,60.0,68.8,15.0,3,0,0,0,0,1,4.5,92,5.4
2,Jett Duffey,41634,QB,HAMPTON,1,68.8,16,17,8.4,2.62,0,0,0.0,47.1,8,0,11,27.3,24,3,6,178,68.8,52.5,53.0,58.9,1,0,24,1,27.3,82.2,12.5,3,4,0,0,1,0,0.0,87,5.1
2,Dylan McCaffrey,60451,QB,N COLORADO,1,60.0,15,16,6.3,2.58,0,0,0.0,56.3,9,0,9,0.0,17,0,4,253,68.9,37.9,35.8,57.7,1,0,17,0,0.0,66.4,0.0,0,1,0,0,0,2,11.8,67,4.2
2,Chris Ferguson,40105,QB,TOWSON,1,40.0,15,16,12.3,2.81,0,0,0.0,37.5,6,0,8,0.0,19,0,2,317,67.1,39.7,38.6,,1,2,20,0,37.5,7.0,15.8,3,0,0,0,0,2,10.0,51,3.2
2,Rasean McKay,88321,QB,FL A&M,1,80.0,15,16,6.6,2.13,1,0,0.0,75.0,12,0,8,0.0,18,0,7,164,67.0,59.0,62.0,53.8,0,0,19,0,12.5,121.6,5.6,1,1,0,0,1,1,5.3,139,8.7
2,Conner Martin,91726,QB,N COLORADO,1,91.7,12,16,3.6,2.61,0,0,0.0,62.5,10,0,5,9.1,17,1,5,253,66.8,52.6,53.0,57.8,0,0,18,0,0.0,129.9,0.0,0,1,0,4,2,0,0.0,139,8.7
2,Fred Payton,82102,QB,MERCER,1,66.7,15,15,14.4,2.64,0,2,11.8,60.0,9,0,2,10.0,17,1,6,219,25.8,66.7,62.8,70.9,0,1,19,1,50.0,108.1,5.9,1,1,0,0,2,3,15.8,159,10.6
2,Glendon McDaniel,78483,QB,SOUTHERN U,1,78.6,14,15,7.7,2.87,0,1,6.3,73.3,11,0,3,0.0,19,0,8,297,26.9,63.5,66.5,56.5,0,0,20,0,33.3,124.3,5.3,1,3,0,1,1,1,5.0,140,9.3
2,Ben Nimz,109067,QB,VALPO,1,76.9,13,14,3.5,2.67,0,0,0.0,64.3,9,0,12,10.0,18,1,5,332,67.7,73.5,70.8,65.4,1,0,19,0,8.3,73.2,5.6,1,3,0,0,0,0,0.0,59,4.2
2,Kenyon Oblad,83576,QB,DIXIE,1,42.9,14,14,15.8,2.8,0,0,0.0,35.7,5,0,10,16.7,15,1,5,1285,67.3,61.1,62.0,58.4,0,1,15,0,10.0,30.1,6.7,1,0,0,0,0,1,6.7,94,6.7
2,Geremy Hickbottom,62834,QB,TENN STATE,1,57.1,14,14,13.1,3.24,0,2,13.3,57.1,8,0,17,0.0,25,0,6,308,69.5,74.1,66.6,75.2,0,0,26,1,29.4,113.4,20.0,5,5,0,0,1,1,3.8,134,9.6
2,Kody Wilstead,52001,QB,DIXIE,1,76.9,13,14,6.3,3.3,0,0,0.0,57.1,8,0,12,20.0,19,2,2,1285,26.5,56.8,39.3,74.5,0,1,19,0,16.7,39.9,10.5,2,3,0,1,0,2,10.5,67,4.8
2,Chris Oladokun,40364,QB,S DAK ST,1,92.3,13,13,8.4,1.98,0,1,7.1,92.3,12,0,0,0.0,13,0,10,292,66.2,90.4,90.3,,0,0,14,0,,158.3,0.0,0,0,0,0,4,0,0.0,171,13.2
2,Jalen Brown,141977,QB,TEXAS STHN,1,72.7,11,13,12.6,2.51,1,1,7.7,53.8,7,0,5,12.5,14,1,4,313,66.2,70.1,73.2,,0,0,14,2,20.0,77.7,7.1,1,0,0,1,0,0,0.0,96,7.4
2,Bret Bushka,108927,QB,BUTLER,1,84.6,13,13,9.4,2.8,0,1,5.9,84.6,11,0,4,0.0,17,0,8,127,69.8,90.2,82.3,77.8,0,1,21,0,0.0,125.8,0.0,0,4,0,0,2,1,4.8,161,12.4
2,Elijah Walker,60434,QB,GRAMBLING,1,81.8,11,13,3.9,2.65,0,1,7.7,61.5,8,0,6,11.1,14,1,1,177,68.0,63.3,67.2,55.1,1,0,14,0,0.0,65.9,0.0,0,1,0,1,0,0,0.0,30,2.3
2,Otto Kuhns,138014,QB,E ILLINOIS,1,66.7,12,12,14.1,3.19,0,2,14.3,41.7,5,0,4,37.5,14,3,4,158,68.8,92.1,87.6,81.2,0,0,16,0,25.0,85.4,7.1,1,1,0,0,1,0,0.0,60,5.0
2,Miles Hastings,103943,QB,UC DAVIS,1,58.3,12,12,8.6,2.35,0,0,0.0,41.7,5,0,1,28.6,13,2,3,322,66.2,40.5,42.2,57.3,0,0,14,0,0.0,60.4,0.0,0,1,0,0,0,0,0.0,68,5.7
2,Cross Wilkinson,77699,QB,LEHIGH,1,54.5,11,12,8.8,2.43,0,0,0.0,50.0,6,0,8,0.0,14,0,2,205,66.2,34.8,38.7,,1,1,14,1,25.0,22.2,14.3,2,0,0,0,0,1,7.1,38,3.2
2,Collin Ironside,139107,QB,VA MILT IN,1,66.7,12,12,11.7,1.94,0,3,20.0,58.3,7,0,3,12.5,14,1,4,336,68.2,69.1,66.0,64.8,0,1,17,0,33.3,47.6,7.1,1,0,0,0,0,1,5.9,91,7.6
2,Tyler Beverett,142985,QB,BUCKNELL,1,36.4,11,12,10.5,2.38,1,0,0.0,33.3,4,0,6,0.0,15,0,2,125,68.8,58.9,55.1,62.8,0,0,16,0,0.0,42.4,0.0,0,3,0,0,0,0,0.0,36,3.0
2,Theo Day,83515,QB,N IOWA,1,50.0,12,12,17.3,3.29,0,1,6.7,50.0,6,0,3,0.0,13,0,6,255,68.8,68.3,68.9,59.0,0,0,16,0,0.0,125.0,0.0,0,1,0,0,2,0,0.0,120,10.0
2,Mike Irwin,60512,QB,TARLETON,1,54.5,11,11,11.9,2.41,0,0,0.0,54.5,6,0,3,0.0,11,0,5,401,68.5,62.1,56.1,66.8,0,0,11,0,0.0,113.1,0.0,0,0,0,0,1,1,9.1,93,8.5
2,Jalen Dummett,139376,QB,LAMAR,1,54.5,11,11,5.5,2.61,0,0,0.0,54.5,6,0,3,0.0,12,0,1,204,15.5,27.0,29.8,35.2,0,0,12,0,0.0,60.0,0.0,0,1,0,0,0,1,8.3,33,3.0
2,Tyquell Fields,51615,QB,STNY BROOK,1,77.8,9,11,14.1,3.44,0,1,8.3,63.6,7,0,2,0.0,14,0,5,303,69.4,80.9,80.0,66.8,0,0,15,0,0.0,137.5,0.0,0,3,0,2,1,0,0.0,141,12.8
2,George Martin,103959,QB,ROB MORRIS,1,88.9,9,11,0.3,2.1,0,0,0.0,72.7,8,0,1,0.0,11,0,2,277,66.7,65.1,66.4,58.2,0,0,11,0,0.0,79.7,0.0,0,0,0,2,0,0,0.0,45,4.1
2,Judd Erickson,52033,QB,SAN DIEGO,1,44.4,9,10,15.3,3.15,0,1,10.0,40.0,4,0,4,0.0,11,0,4,283,65.6,46.2,47.9,57.0,0,0,11,0,0.0,73.8,0.0,0,1,0,1,0,1,9.1,92,9.2
2,Alec Beesmer,88634,QB,LEHIGH,1,50.0,10,10,4.5,3.5,0,0,0.0,40.0,4,0,4,20.0,12,1,1,205,71.6,51.0,29.4,70.8,0,1,12,0,0.0,8.3,0.0,0,2,0,0,0,1,8.3,28,2.8
2,Andrew Body,155202,QB,TEXAS STHN,1,66.7,9,10,1.7,2.64,0,0,0.0,50.0,5,0,6,16.7,14,1,5,313,68.7,68.7,52.6,72.7,0,0,14,0,0.0,56.3,0.0,0,4,0,1,0,1,7.1,24,2.4
2,Aaron Angelos,100576,QB,LAFAYETTE,1,75.0,8,10,10.6,3.4,0,0,0.0,50.0,5,0,5,16.7,10,1,2,203,65.4,50.2,49.9,,1,1,10,0,0.0,19.6,0.0,0,0,0,1,0,1,10.0,37,3.7
2,Daniel Smith,88625,QB,VILLANOVA,1,77.8,9,9,9.7,2.0,0,1,11.1,66.7,6,0,1,14.3,9,1,5,334,67.4,83.1,77.5,69.5,0,0,9,0,0.0,127.8,0.0,0,0,0,0,3,0,0.0,66,7.3
2,Gunner Talkington,60371,QB,E WASHGTON,1,66.7,9,9,8.9,2.34,0,1,11.1,55.6,5,0,0,16.7,9,1,3,161,69.1,66.9,62.1,65.2,0,0,9,0,,75.2,0.0,0,0,0,0,0,1,11.1,58,6.4
2,Joe Craycraft,60616,QB,YNGTOWN ST,1,75.0,8,9,9.6,2.83,0,0,0.0,66.7,6,0,3,0.0,9,0,3,353,66.3,69.3,65.3,62.8,0,0,9,0,0.0,84.0,0.0,0,0,0,1,0,0,0.0,57,6.3
2,Willie Miller,104799,QB,TENN TECH,1,55.6,9,9,2.8,2.85,0,0,0.0,55.6,5,0,4,0.0,11,0,1,309,22.7,41.9,38.3,54.2,0,0,11,0,25.0,66.0,9.1,1,1,0,0,0,1,9.1,38,4.2
2,Brock Landis,139001,QB,E TENN ST,1,62.5,8,8,10.0,2.11,0,2,22.2,50.0,4,0,3,20.0,8,1,4,157,65.1,95.1,95.0,,0,0,9,0,0.0,121.4,0.0,0,0,0,0,1,0,0.0,73,9.1
2,Hunter Hays,141593,QB,IDAHO ST,1,85.7,7,8,3.9,2.46,0,0,0.0,62.5,5,0,8,16.7,14,1,2,186,24.5,36.3,33.0,54.4,1,0,14,0,62.5,72.4,35.7,5,1,0,0,0,1,7.1,35,4.4
2,Randall Johnson,98675,QB,WEBER ST,1,71.4,7,8,12.0,3.17,0,0,0.0,62.5,5,0,7,0.0,10,0,5,342,67.6,67.0,60.9,66.9,0,0,11,0,14.3,100.5,10.0,1,1,0,1,0,0,0.0,89,11.1
2,Tyler Huff,142567,QB,PRESBYTERN,1,100.0,8,8,2.3,2.46,0,0,0.0,100.0,8,0,1,0.0,10,0,6,271,65.4,73.4,75.0,61.7,0,0,10,0,0.0,158.3,0.0,0,2,0,0,2,0,0.0,113,14.1
2,Deveon Bryant,89422,QB,TENN STATE,1,50.0,8,8,12.1,3.54,0,0,0.0,50.0,4,0,6,0.0,14,0,4,308,68.8,67.3,64.0,64.8,0,0,15,0,66.7,72.9,28.6,4,2,0,0,0,0,0.0,56,7.0
2,Grady Cramer,64910,QB,MOREHEAD,1,66.7,6,7,11.5,2.54,1,0,0.0,57.1,4,0,2,0.0,9,0,4,234,65.1,47.5,49.2,57.0,0,1,9,0,50.0,53.6,11.1,1,1,0,0,0,1,11.1,73,10.4
2,Carlos Davis,139131,QB,W CAROLINA,1,71.4,7,7,11.4,2.49,0,0,0.0,71.4,5,0,4,0.0,8,0,2,344,19.6,41.9,40.8,56.5,0,1,9,0,0.0,44.0,0.0,0,1,0,0,0,2,22.2,37,5.3
2,Elijah Burrell,139171,QB,DAVIDSON,1,66.7,6,6,11.0,2.07,0,0,0.0,66.7,4,0,1,0.0,7,0,2,149,67.2,64.6,64.5,64.2,0,0,8,1,100.0,134.7,14.3,1,0,0,0,1,0,0.0,54,9.0
2,Peyton Mansell,82135,QB,ABILENE CH,1,100.0,6,6,0.2,2.16,0,0,0.0,100.0,6,0,0,0.0,7,0,3,100,68.1,88.2,73.7,76.7,0,0,7,0,,117.4,0.0,0,1,0,0,0,0,0.0,73,12.2
2,Will McElvain,88639,QB,N IOWA,1,40.0,5,6,15.0,3.73,1,0,0.0,33.3,2,0,4,0.0,7,0,0,255,14.6,29.5,45.2,43.8,0,0,7,0,0.0,42.4,0.0,0,1,0,0,0,1,14.3,7,1.2
2,Quincy Patterson II,77626,QB,N DAK ST,1,80.0,5,5,13.8,3.03,0,0,0.0,80.0,4,0,4,0.0,8,0,5,250,66.2,92.1,79.4,84.5,0,0,8,0,25.0,158.3,12.5,1,2,0,0,1,0,0.0,102,20.4
2,Mason Kaplan,149744,QB,VALPO,1,100.0,4,5,5.3,2.28,0,0,0.0,80.0,4,0,3,0.0,8,0,3,332,67.2,66.1,75.2,53.0,1,0,8,0,66.7,98.3,25.0,2,1,0,0,0,0,0.0,38,7.6
2,Keaton Heide,103940,QB,S DAK ST,1,60.0,5,5,9.8,2.5,0,1,20.0,60.0,3,0,3,0.0,6,0,4,292,64.2,86.9,84.8,63.1,0,0,6,0,0.0,136.7,0.0,0,1,0,0,1,0,0.0,54,10.8
2,Joe Fagnano,104768,QB,MAINE,1,80.0,5,5,1.4,1.92,0,0,0.0,80.0,4,0,1,0.0,6,0,1,212,66.2,60.1,63.0,57.5,0,0,8,0,100.0,92.5,16.7,1,0,0,0,0,0,0.0,31,6.2
2,Kris Brown,105558,QB,MONTANA,1,40.0,5,5,8.8,2.06,0,0,0.0,40.0,2,0,0,0.0,5,0,1,232,66.6,43.0,43.9,55.3,0,1,5,0,,15.8,0.0,0,0,0,0,0,1,20.0,24,4.8
2,Jared Lewis,108959,QB,DELWARE ST,1,60.0,5,5,3.8,3.32,0,0,0.0,60.0,3,0,3,0.0,5,0,0,152,65.5,55.7,59.0,57.3,0,0,5,0,0.0,66.3,0.0,0,0,0,0,0,0,0.0,17,3.4
2,Kahliq Paulette,147557,QB,CAL POLY,1,40.0,5,5,8.0,2.02,0,0,0.0,40.0,2,0,1,0.0,5,0,0,129,69.7,45.1,46.5,54.3,0,0,5,0,0.0,47.9,0.0,0,0,0,0,0,0,0.0,14,2.8
2,Chance Hollingsworth,138433,QB,HOWARD,1,66.7,3,4,4.0,2.43,1,0,0.0,50.0,2,0,2,0.0,4,0,1,184,67.8,48.7,45.4,59.0,0,0,4,0,0.0,57.3,0.0,0,0,0,0,0,0,0.0,13,3.3
2,Jeffrey Jackson,143208,QB,VALPO,1,33.3,3,4,18.3,4.26,0,0,0.0,25.0,1,0,3,0.0,5,0,1,332,64.2,39.6,41.8,57.3,0,1,6,0,0.0,0.0,0.0,0,1,0,1,0,1,16.7,11,2.8
2,Marco Siderman,143060,QB,HOLY CROSS,1,75.0,4,4,13.3,2.9,0,1,20.0,75.0,3,0,1,0.0,5,0,3,181,64.2,65.9,70.4,57.3,0,0,6,0,0.0,156.3,0.0,0,1,0,0,1,0,0.0,91,22.8
2,Jake Dunniway,60572,QB,SACRAMENTO,1,66.7,3,4,8.0,3.88,0,0,0.0,50.0,2,0,1,0.0,4,0,1,279,13.0,38.4,65.4,42.9,0,0,4,0,0.0,56.3,0.0,0,0,0,1,0,0,0.0,11,2.8
2,Louis Colosimo,64186,QB,DAVIDSON,1,100.0,3,4,3.7,2.36,0,0,0.0,75.0,3,0,1,0.0,5,0,3,149,50.7,82.5,69.9,74.1,0,0,5,0,0.0,93.8,0.0,0,1,0,1,0,0,0.0,28,7.0
2,Connor Watkins,108971,QB,VILLANOVA,1,75.0,4,4,12.3,2.05,0,0,0.0,75.0,3,0,0,0.0,4,0,1,334,13.4,68.1,83.0,53.9,0,0,4,0,,156.3,0.0,0,0,0,0,1,0,0.0,62,15.5
2,Tucker Rovig,60465,QB,MONTANA ST,1,50.0,4,4,16.0,1.75,0,1,25.0,50.0,2,0,1,0.0,4,0,1,233,65.2,70.1,71.4,59.6,0,0,4,0,0.0,114.6,0.0,0,0,0,0,1,0,0.0,30,7.5
2,Devin Black,78526,QB,BETH COOK,1,66.7,3,3,-2.7,1.5,0,0,0.0,66.7,2,0,0,0.0,3,0,1,119,62.7,64.3,63.8,,0,0,3,0,,81.3,0.0,0,0,0,0,0,0,0.0,17,5.7
2,Carter Peevy,129563,QB,MERCER,1,50.0,2,3,3.5,2.43,1,0,0.0,33.3,1,0,3,0.0,6,0,1,219,65.9,51.2,45.2,63.1,0,1,7,0,100.0,2.8,50.0,3,0,0,0,0,0,0.0,9,3.0
2,Jy Tolen,132427,QB,GARD-WEBB,1,33.3,3,3,13.3,2.33,0,0,0.0,33.3,1,0,0,0.0,3,0,0,171,64.8,47.0,47.4,59.1,0,0,3,0,,42.4,0.0,0,0,0,0,0,0,0.0,1,0.3
2,Quincy Hill,78485,QB,SCAR STATE,1,0.0,3,3,26.0,3.22,0,0,0.0,0.0,0,0,2,,6,0,1,290,68.0,42.0,36.1,60.6,0,0,6,1,50.0,39.6,16.7,1,2,0,0,0,0,0.0,0,0.0
2,Kylan Weisser,78475,QB,WEBER ST,1,100.0,3,3,11.7,2.27,0,0,0.0,66.7,2,0,1,33.3,3,1,1,342,68.8,80.5,87.1,59.0,0,0,3,0,0.0,75.7,0.0,0,0,0,0,0,0,0.0,13,4.3
2,CJ Jordan,141562,QB,IDAHO,1,0.0,3,3,11.0,3.0,0,0,0.0,0.0,0,0,1,,4,0,0,185,63.3,39.6,41.7,57.3,0,0,4,0,0.0,39.6,0.0,0,1,0,0,0,0,0.0,0,0.0
2,Kevin Yeager,102371,QB,INCAR WORD,1,66.7,3,3,4.3,2.53,0,0,0.0,66.7,2,0,0,0.0,3,0,0,189,62.7,51.7,49.9,,0,0,3,0,,70.1,0.0,0,0,0,0,0,0,0.0,9,3.0
2,Cade Sexauer,111800,QB,STTHOM,1,66.7,3,3,8.0,3.03,0,0,0.0,33.3,1,0,3,50.0,4,1,0,1129,67.8,61.7,58.6,62.2,0,0,4,0,33.3,42.4,25.0,1,0,0,0,0,0,0.0,7,2.3
2,Sheldon Layman,101054,QB,AUSTINPEAY,1,100.0,3,3,13.3,3.13,0,0,0.0,66.7,2,0,1,33.3,3,1,2,116,62.7,90.1,89.8,,0,0,3,0,0.0,104.9,0.0,0,0,0,0,0,0,0.0,34,11.3
2,Beau English,82066,QB,RICHMOND,1,66.7,3,3,3.7,2.07,0,0,0.0,66.7,2,0,1,0.0,3,0,1,276,62.7,67.1,66.4,,0,0,3,0,0.0,86.8,0.0,0,0,0,0,0,0,0.0,21,7.0
2,Keegan Shoemaker,108983,QB,SM HOUSTON,1,100.0,2,2,3.0,2.2,0,0,0.0,100.0,2,0,0,0.0,2,0,1,281,64.4,60.7,62.7,58.6,0,0,2,0,,110.4,0.0,0,0,0,0,0,0,0.0,21,10.5
2,Jalyn Williams,105549,QB,SE MO ST,1,0.0,2,2,28.0,1.95,0,0,0.0,0.0,0,0,0,,2,0,0,293,66.2,47.7,49.7,56.6,0,0,2,0,,39.6,0.0,0,0,0,0,0,0,0.0,0,0.0
2,Zachary Yeager,150544,QB,NC A&T,1,100.0,2,2,-1.5,2.0,0,0,0.0,100.0,2,0,0,0.0,2,0,1,246,61.8,63.7,62.7,,0,0,2,0,,79.2,0.0,0,0,0,0,0,0,0.0,3,1.5
2,Desmond Young,121715,QB,HOU BAPT,1,0.0,2,2,7.5,2.02,0,0,0.0,0.0,0,0,1,,3,0,0,183,64.8,46.8,54.7,53.5,0,0,3,0,0.0,39.6,0.0,0,1,0,0,0,1,33.3,0,0.0
2,Gabe Carroll,121799,QB,PRESBYTERN,1,100.0,2,2,-3.5,2.2,0,0,0.0,100.0,2,0,1,0.0,3,0,1,271,62.7,55.4,62.7,56.2,0,0,3,0,0.0,100.0,0.0,0,1,0,0,0,0,0.0,16,8.0
2,Quincy Vaughn,138259,QB,N DAKOTA,1,100.0,2,2,2.0,2.25,0,0,0.0,100.0,2,0,0,0.0,2,0,2,249,61.8,74.6,75.5,,0,0,2,0,,139.6,0.0,0,0,0,0,1,0,0.0,16,8.0
2,Johnathan Lewis,60520,QB,S DAKOTA,1,100.0,1,2,-5.0,1.55,1,0,0.0,50.0,1,0,0,0.0,2,0,0,291,69.6,64.7,58.9,63.4,0,0,2,0,,62.5,0.0,0,0,0,0,0,0,0.0,9,4.5
2,Mike Chandler II,139371,QB,LAMAR,1,50.0,2,2,11.0,2.9,0,0,0.0,0.0,0,0,0,100.0,2,1,0,204,64.4,61.4,66.3,57.3,0,0,2,0,,39.6,0.0,0,0,0,0,0,0,0.0,0,0.0
2,Myles Crawley,141731,QB,ALABAMA ST,1,0.0,2,2,12.0,2.65,0,0,0.0,0.0,0,0,0,,2,0,0,105,68.7,42.6,44.1,54.1,0,0,2,0,,39.6,0.0,0,0,0,0,0,0,0.0,0,0.0
2,William Atkins IV,148354,QB,JAMES MAD,1,0.0,1,2,7.0,2.15,1,0,0.0,0.0,0,0,0,,2,0,0,197,64.4,55.6,59.2,57.9,0,0,2,0,,39.6,0.0,0,0,0,0,0,0,0.0,0,0.0
2,Cord Sandberg,82090,QB,E KENTUCKY,1,100.0,2,2,4.0,2.95,0,0,0.0,100.0,2,0,0,0.0,2,0,2,159,64.4,71.5,74.1,59.6,0,0,2,0,,108.3,0.0,0,0,0,0,0,0,0.0,20,10.0
2,Trazon Connley,75885,QB,PRVIEW A&M,1,50.0,2,2,8.5,1.95,0,0,0.0,50.0,1,0,0,0.0,2,0,0,270,66.2,27.0,24.4,61.0,0,1,2,0,,16.7,0.0,0,0,0,0,0,1,50.0,1,0.5
2,Warner Bush,149585,QB,PRESBYTERN,1,100.0,2,2,0.0,1.8,0,0,0.0,100.0,2,0,0,0.0,2,0,0,271,61.8,63.3,62.7,,0,0,2,0,,79.2,0.0,0,0,0,0,0,0,0.0,5,2.5
2,Jairus Grissom,77691,QB,MORGAN ST,1,0.0,2,2,1.0,3.42,0,0,0.0,0.0,0,0,4,,6,0,0,235,64.6,45.0,47.3,57.3,0,0,7,0,50.0,39.6,33.3,2,1,0,0,0,0,0.0,0,0.0
2,Matt O'Connor,108972,QB,VILLANOVA,1,100.0,2,2,1.5,1.7,0,0,0.0,100.0,2,0,0,0.0,2,0,1,334,61.8,63.8,62.7,,0,0,2,0,,102.1,0.0,0,0,0,0,0,0,0.0,17,8.5
2,Cale Millen,98017,QB,N ARIZONA,1,100.0,1,1,-3.0,1.2,0,0,0.0,100.0,1,0,0,0.0,1,0,0,252,65.9,62.3,61.0,60.5,0,0,1,0,,79.2,0.0,0,0,0,0,0,0,0.0,1,1.0
2,Christian Perez,97618,QB,SE MO ST,1,0.0,1,1,32.0,2.6,0,0,0.0,0.0,0,0,1,,1,0,0,293,61.8,40.4,40.4,,0,0,2,0,0.0,39.6,0.0,0,0,0,0,0,0,0.0,0,0.0
2,Aidan Clark,153991,P,CENT CT ST,1,0.0,1,1,4.0,2.9,0,0,0.0,0.0,0,0,1,,1,0,0,133,60.3,49.2,54.4,,0,1,1,0,0.0,0.0,0.0,0,0,0,0,0,1,100.0,0,0.0
2,Kevin Melore,142485,QB,LIUSHAR,1,0.0,1,1,6.0,2.2,0,0,0.0,0.0,0,0,0,,1,0,0,1298,69.7,36.2,41.1,52.3,0,0,1,0,,39.6,0.0,0,0,0,0,0,1,100.0,0,0.0
2,Randal Grimes,61774,WR,WEBER ST,1,0.0,1,1,13.0,1.1,0,0,0.0,0.0,0,0,0,,1,0,0,342,63.7,56.2,46.8,,0,0,1,0,,39.6,0.0,0,0,0,0,0,0,0.0,0,0.0
2,Chris James,89404,TE,CHATTNOOGA,1,0.0,1,1,19.0,3.1,0,0,0.0,0.0,0,0,1,,1,0,0,137,63.7,79.8,46.8,,0,0,1,0,0.0,39.6,0.0,0,0,0,0,0,0,0.0,0,0.0
2,Steve DePaul,103958,QB,ROB MORRIS,1,100.0,1,1,-4.0,0.7,0,0,0.0,100.0,1,0,0,0.0,1,0,1,277,60.3,61.9,60.4,,0,0,1,0,,108.3,0.0,0,0,0,0,0,0,0.0,10,10.0
2,Javon Williams Jr.,87540,HB,S ILLINOIS,1,0.0,1,1,-2.0,1.4,0,0,0.0,0.0,0,0,0,,1,0,0,295,75.0,69.7,56.8,70.4,0,0,1,0,,39.6,0.0,0,0,0,0,0,0,0.0,0,0.0
2,Kurtis Wilderman,87528,QB,INDIANA ST,1,100.0,1,1,7.0,2.4,0,0,0.0,100.0,1,0,0,0.0,1,0,0,191,60.3,60.4,60.4,,0,0,1,0,,91.7,0.0,0,0,0,0,0,0,0.0,6,6.0
2,Cam Miller,125299,QB,N DAK ST,1,100.0,1,1,-7.0,1.6,0,0,0.0,100.0,1,0,0,0.0,1,0,1,250,63.7,71.5,60.6,63.7,0,0,1,0,,158.3,0.0,0,0,0,0,1,0,0.0,23,23.0
2,Brandon Robinson,82141,QB,RHODE ISLD,1,0.0,1,1,11.0,2.5,0,0,0.0,0.0,0,0,0,,1,0,0,274,63.7,57.8,58.8,59.5,0,0,1,0,,39.6,0.0,0,0,0,0,0,0,0.0,0,0.0
2,Xavier Gipson,104136,WR,STF AUSTIN,1,0.0,1,1,27.0,2.8,0,0,0.0,0.0,0,0,0,,1,0,0,301,72.7,75.6,50.8,58.4,0,0,1,1,,39.6,0.0,0,0,0,0,0,0,0.0,0,0.0
2,Mackenzie Morgan,77587,P,WEBER ST,1,100.0,1,1,7.0,1.8,0,0,0.0,100.0,1,0,0,0.0,1,0,1,342,60.3,72.3,71.5,,0,0,1,0,,118.8,0.0,0,0,0,0,0,0,0.0,25,25.0
2,Andrew Brister,147711,QB,N COLORADO,1,100.0,1,1,9.0,3.0,0,0,0.0,100.0,1,0,1,0.0,1,0,1,253,60.3,72.6,71.9,,0,0,1,0,0.0,104.2,0.0,0,0,0,0,0,0,0.0,9,9.0
2,Beau Kelly,52154,WR,PORTLAND,1,100.0,1,1,22.0,3.4,0,0,0.0,100.0,1,0,0,0.0,1,0,1,269,71.4,79.1,76.2,,0,0,1,0,,118.8,0.0,0,0,0,0,0,0,0.0,25,25.0
2,Ryan DeLuca,64301,WR,FURMAN,1,100.0,1,1,-7.0,2.9,0,0,0.0,100.0,1,0,0,0.0,1,0,0,170,63.7,57.1,60.4,,0,0,1,0,,100.0,0.0,0,0,0,0,0,0,0.0,8,8.0
2,Trey Goodman,149142,WR,AUSTINPEAY,1,0.0,1,1,7.0,3.2,0,0,0.0,0.0,0,0,0,,1,0,0,116,62.4,65.9,52.8,,0,0,1,0,,39.6,0.0,0,0,0,0,0,0,0.0,0,0.0
2,Zach Haynes,105303,P,SE MO ST,1,100.0,1,1,-2.0,2.4,0,0,0.0,100.0,1,0,0,0.0,1,0,1,293,60.3,60.6,60.6,,0,0,1,0,,118.8,0.0,0,0,0,0,0,0,0.0,35,35.0
2,Michael Brescia,149295,QB,COLGATE,1,0.0,1,1,1.0,1.8,0,0,0.0,0.0,0,0,1,,1,0,0,142,67.5,48.9,52.7,56.3,0,0,1,0,0.0,39.6,0.0,0,0,0,0,0,0,0.0,0,0.0
2,Cameron Sapp,102361,QB,FL A&M,1,100.0,1,1,7.0,2.4,0,0,0.0,0.0,0,0,0,100.0,1,1,0,164,63.7,69.5,60.9,63.5,0,0,1,0,,39.6,0.0,0,0,0,0,0,0,0.0,0,0.0
2,Garris Schwarting,22169,WR,CHARLES SO,1,100.0,1,1,11.0,4.5,0,0,0.0,100.0,1,0,0,0.0,1,0,1,135,71.9,86.3,74.3,,0,0,1,0,,131.3,0.0,0,0,0,0,1,0,0.0,6,6.0
2,Duce Taylor,150493,QB,MORGAN ST,1,0.0,1,1,10.0,1.6,0,0,0.0,0.0,0,0,0,,1,0,0,235,60.3,56.7,56.6,,0,0,1,0,,39.6,0.0,0,0,0,0,0,0,0.0,0,0.0
2,Braeden Zenelovic,102340,QB,ALBANY,1,100.0,1,1,24.0,5.3,0,0,0.0,100.0,1,0,0,0.0,1,0,1,106,63.7,18.6,38.9,60.0,0,0,1,0,,118.8,0.0,0,0,0,0,0,1,100.0,28,28.0
2,Alec Lewis,103927,QB,N COLORADO,1,100.0,1,1,1.0,2.7,0,0,0.0,100.0,1,0,0,0.0,1,0,0,253,63.7,62.4,60.4,60.0,0,0,1,0,,104.2,0.0,0,0,0,0,0,0,0.0,9,9.0
2,Rudy Voss,138320,QB,S DAK ST,1,100.0,1,1,5.0,1.7,0,0,0.0,100.0,1,0,0,0.0,1,0,0,292,67.5,62.4,61.0,60.0,0,0,1,0,,87.5,0.0,0,0,0,0,0,0,0.0,5,5.0
2,Brock Boltmann,60487,WR,N DAKOTA,1,100.0,1,1,16.0,3.7,0,0,0.0,100.0,1,0,1,0.0,1,0,0,249,65.3,60.7,72.6,,0,0,1,0,0.0,158.3,0.0,0,0,0,0,1,0,0.0,13,13.0
2,Donavyn Lester,104852,HB,WM & MARY,1,0.0,1,1,19.0,2.9,0,0,0.0,0.0,0,0,0,,1,0,0,348,75.5,51.0,54.8,50.7,0,0,1,0,,39.6,0.0,0,0,0,0,0,0,0.0,0,0.0
2,Lendon Redwine,111177,QB,UVAWIS,1,68.0,50,54,7.1,2.05,1,2,3.6,61.1,33,0,12,2.9,55,1,14,1320,70.4,74.8,73.8,60.0,0,2,57,0,8.3,67.5,1.8,1,0,0,3,2,0,0.0,228,4.2
2,Tyrell Jackson,154115,QB,FRTVLY,1,71.4,35,38,7.4,2.28,0,1,2.5,52.6,20,0,18,20.0,44,5,10,874,16.7,66.8,71.7,44.8,1,0,46,1,22.2,76.8,9.1,4,2,0,2,1,2,4.3,201,5.3
2,Christian Peters,154331,QB,SHAWBE,1,76.7,30,33,9.6,2.61,1,3,8.8,60.6,20,0,12,13.0,35,3,13,1094,23.3,76.4,81.6,53.2,0,1,36,0,8.3,95.3,2.9,1,1,0,2,3,1,2.8,198,6.0
2,Will Ark,154925,QB,MITECH,1,71.4,28,29,7.2,2.42,0,0,0.0,65.5,19,0,14,5.0,35,1,11,980,68.6,65.8,61.8,67.3,1,1,35,0,21.4,62.9,8.6,3,3,0,0,0,1,2.9,143,4.9
2,Jack Hanenburg,153339,QB,FORT LEW,1,47.8,23,25,11.0,2.73,0,0,0.0,40.0,10,0,21,9.1,28,1,4,873,40.4,49.5,42.6,69.1,0,0,29,0,14.3,51.3,10.7,3,0,0,2,0,2,6.9,95,3.8
2,Franco De Luca,155038,QB,UFTLEA,1,44.0,25,25,13.0,2.09,0,1,3.7,40.0,10,0,14,9.1,27,1,4,1458,70.6,52.7,51.4,65.2,0,3,29,1,14.3,14.3,7.4,2,0,0,0,0,2,6.9,111,4.4
2,Claude Newell III,151566,QB,MILES,1,73.9,23,23,9.6,2.53,0,3,12.5,69.6,16,0,11,5.9,27,1,13,386,69.2,84.6,84.0,64.5,0,0,29,1,18.2,128.4,7.4,2,2,0,0,2,0,0.0,217,9.4
2,Will Tate,152494,QB,AVEMAR,1,58.8,17,21,11.2,2.41,1,1,4.8,47.6,10,0,11,0.0,22,0,3,1450,69.2,59.6,56.5,64.2,1,1,22,0,9.1,42.2,4.5,1,0,0,2,0,1,4.5,102,4.9
2,Chase Andries,155066,QB,DEPAUW,1,72.2,18,21,9.2,3.23,0,1,4.8,57.1,12,0,8,7.7,23,1,6,845,70.4,59.4,53.1,66.1,0,2,23,0,0.0,42.9,0.0,0,2,0,3,0,2,8.7,165,7.9
2,Kyle Kaplan,155049,QB,UFTLEA,1,41.2,17,18,8.6,2.02,0,1,5.0,33.3,6,0,9,14.3,22,1,2,1458,32.1,29.6,36.4,60.0,0,1,24,2,44.4,19.2,18.2,4,0,0,1,0,1,4.2,47,2.6
2,Cade Brister,154186,QB,LNDNWD,1,71.4,14,18,9.5,2.91,1,0,0.0,50.0,9,0,14,10.0,24,1,6,949,71.4,50.9,51.5,55.5,1,1,26,0,28.6,65.0,16.7,4,2,0,2,1,1,3.8,112,6.2
2,JJ Lemming,136142,QB,CENT WASH,1,37.5,16,16,10.2,2.5,0,0,0.0,25.0,4,0,7,33.3,18,2,1,367,69.7,28.4,27.4,58.9,0,1,19,0,14.3,13.5,5.6,1,0,0,0,0,2,10.5,28,1.8
2,Brenton White,152694,QB,POINTVILLE,1,58.3,12,15,9.8,2.31,0,1,6.7,40.0,6,0,4,14.3,15,1,3,393,68.1,44.3,44.6,55.9,0,1,15,0,0.0,29.6,0.0,0,0,0,3,0,2,13.3,79,5.3
2,Kristian Marks,152501,QB,AVEMAR,1,64.3,14,14,6.3,2.2,0,1,7.1,57.1,8,0,4,11.1,14,1,5,1450,70.0,88.2,83.1,72.1,0,0,14,0,0.0,81.3,0.0,0,0,0,0,0,0,0.0,106,7.6
2,Payton Allen,152692,QB,POINTVILLE,1,72.7,11,13,10.2,3.48,0,1,7.7,53.8,7,0,6,12.5,18,1,4,393,66.8,74.6,74.1,62.0,1,1,18,0,50.0,68.1,16.7,3,2,0,1,1,1,5.6,86,6.6
2,James Powell Jr.,152054,QB,LOUCOL,1,50.0,12,12,12.4,2.56,0,0,0.0,33.3,4,0,7,33.3,18,2,1,958,69.1,42.9,45.9,50.4,0,0,20,0,28.6,42.4,11.1,2,4,0,0,0,0,0.0,18,1.5
2,River Thompson,152021,QB,LOUCOL,1,55.6,9,9,3.3,2.12,0,0,0.0,55.6,5,0,2,0.0,10,0,1,958,65.4,43.1,41.6,,0,0,10,0,50.0,64.6,10.0,1,0,0,0,0,1,10.0,35,3.9
2,Zach Matlock,82092,QB,CENT WASH,1,62.5,8,8,6.3,2.68,0,0,0.0,62.5,5,0,2,0.0,9,0,3,367,70.4,48.9,36.7,65.0,0,1,9,0,50.0,39.6,11.1,1,0,0,0,0,2,22.2,48,6.0
2,Victor Dixon,154093,QB,FRTVLY,1,25.0,4,4,21.3,2.65,0,0,0.0,25.0,1,0,1,0.0,4,0,0,874,63.3,28.0,29.7,,0,2,4,1,0.0,0.0,0.0,0,0,0,0,0,2,50.0,8,2.0
2,Roman Newkirk,152536,WR,AVEMAR,1,100.0,1,1,10.0,2.6,0,0,0.0,100.0,1,1,0,0.0,1,0,1,1450,69.7,64.7,75.4,,0,0,1,1,,108.3,0.0,0,0,0,0,0,0,0.0,10,10.0
2,Brayden Miller,153330,QB,FORT LEW,1,100.0,1,1,-3.0,2.0,0,0,0.0,100.0,1,0,1,0.0,2,0,1,873,64.4,66.5,58.9,63.4,0,0,2,1,100.0,100.0,50.0,1,0,0,0,0,0,0.0,8,8.0
2,JoJo Hillel,136136,WR,CENT WASH,1,100.0,1,1,30.0,3.0,0,1,100.0,100.0,1,0,0,0.0,1,0,1,367,62.4,69.7,87.3,,0,0,1,0,,118.8,0.0,0,0,0,0,0,0,0.0,34,34.0
2,Jalen Parker,121499,QB,MILES,1,100.0,1,1,5.0,2.3,0,0,0.0,100.0,1,0,0,0.0,1,0,0,386,63.7,56.4,60.6,57.6,0,0,1,0,,95.8,0.0,0,0,0,0,0,0,0.0,7,7.0
week,player,player_id,position,team_name,player_game_count,accuracy_percent,aimed_passes,attempts,avg_depth_of_target,avg_time_to_throw,bats,big_time_throws,btt_rate,completion_percent,completions,declined_penalties,def_gen_pressures,drop_rate,dropbacks,drops,first_downs,franchise_id,grades_hands_fumble,grades_offense,grades_pass,grades_run,hit_as_threw,interceptions,passing_snaps,penalties,pressure_to_sack_rate,qb_rating,sack_percent,sacks,scrambles,spikes,thrown_aways,touchdowns,turnover_worthy_plays,twp_rate,yards,ypa
3,Will Rogers,124184,QB,MISS STATE,1,84.1,63,67,6.0,2.74,2,2,2.9,74.6,50,0,13,5.7,70,3,20,227,70.9,73.2,76.5,49.5,0,0,74,1,15.4,105.3,2.9,2,1,0,2,3,0,0.0,419,6.3
3,D'Eriq King,26636,QB,MIAMI FL,1,76.8,56,60,8.9,2.87,2,1,1.6,63.3,38,0,15,11.6,69,5,21,220,47.2,75.5,79.1,53.0,0,2,72,0,26.7,79.0,5.8,4,5,1,1,2,3,4.2,388,6.5
3,Davis Brin,77642,QB,TULSA,1,71.2,52,56,11.2,2.64,0,4,6.7,57.1,32,0,20,13.5,58,5,17,320,70.3,80.0,79.8,57.8,1,2,62,1,5.0,78.5,1.7,1,1,0,3,2,2,3.2,427,7.6
3,Jake Haener,60596,QB,FRESNO ST,1,80.8,52,54,9.2,2.79,0,4,7.3,72.2,39,0,19,7.1,64,3,23,169,45.6,66.0,71.5,49.9,0,1,65,1,21.1,101.7,6.3,4,6,1,1,2,3,4.6,451,8.4
3,Brennan Armstrong,77696,QB,VIRGINIA,1,79.2,53,54,11.8,2.88,0,6,10.5,72.2,39,0,18,7.1,61,3,26,335,44.0,84.2,90.1,44.1,0,1,65,0,16.7,122.0,4.9,3,4,0,1,4,3,4.6,554,10.3
3,Tanner Mordecai,77656,QB,SMU,1,83.0,47,50,7.4,2.65,0,3,5.8,72.0,36,0,14,7.7,57,3,24,287,70.6,75.9,74.8,63.9,1,0,60,0,7.1,128.3,1.8,1,6,2,0,5,1,1.7,395,7.9
3,Nick Starkel,40326,QB,S JOSE ST,1,68.8,48,50,9.9,2.5,0,4,8.0,46.0,23,0,10,30.3,52,10,13,285,38.1,68.3,67.4,,0,1,52,0,20.0,65.0,3.8,2,0,0,2,2,4,7.7,235,4.7
3,Holton Ahlers,77651,QB,E CAROLINA,1,68.9,45,49,7.6,2.29,1,2,3.8,61.2,30,0,20,3.2,55,1,18,156,46.3,67.7,62.4,62.5,0,0,59,0,25.0,98.0,9.1,5,1,1,2,2,0,0.0,368,7.5
3,Jaxson Dart,146409,QB,USC,1,75.0,44,46,12.4,2.63,1,4,8.3,65.2,30,0,12,9.1,47,3,18,326,43.3,75.8,80.8,52.2,0,2,49,1,0.0,102.7,0.0,0,0,0,1,4,2,4.1,391,8.5
3,Taulia Tagovailoa,97271,QB,MARYLAND,1,80.5,41,43,7.1,2.93,1,3,6.8,74.4,32,0,12,3.0,47,1,16,215,70.3,91.4,90.8,68.6,0,0,48,0,25.0,105.8,6.4,3,1,0,1,1,0,0.0,350,8.1
3,N'Kosi Perry,60446,QB,FAU,1,70.7,41,43,9.7,2.41,0,1,2.2,62.8,27,0,6,6.9,46,2,15,165,70.7,66.9,64.7,64.2,1,0,48,0,0.0,96.9,0.0,0,3,0,1,2,0,0.0,278,6.5
3,Gunnar Holmberg,77625,QB,DUKE,1,76.9,39,43,7.4,2.26,1,1,2.2,69.8,30,0,10,0.0,46,0,15,154,73.6,70.9,69.5,63.8,1,1,49,0,10.0,88.3,2.2,1,1,0,2,1,1,2.0,310,7.2
3,Brady McBride,77641,QB,TEXAS ST,1,73.0,37,41,9.9,3.11,1,1,2.4,61.0,25,0,16,7.4,49,2,15,314,50.7,60.8,69.5,42.4,1,0,49,0,18.8,97.4,6.1,3,4,0,2,2,1,2.0,278,6.8
3,Michael Penix Jr.,82134,QB,INDIANA,1,55.6,36,40,13.3,2.97,0,4,9.5,42.5,17,0,23,15.0,42,3,11,190,70.1,64.9,63.9,60.7,2,3,44,0,4.3,46.3,2.4,1,1,0,2,2,3,6.8,224,5.6
3,Carson Strong,83524,QB,NEVADA,1,75.7,37,40,8.4,2.48,1,3,7.3,67.5,27,0,12,3.6,45,1,8,239,69.4,64.0,67.7,52.0,0,1,46,1,25.0,83.5,6.7,3,2,0,2,1,0,0.0,262,6.6
3,Grant Wells,97784,QB,MARSHALL,1,64.1,39,39,13.3,2.62,0,5,12.5,61.5,24,0,7,4.0,40,1,13,214,70.0,66.8,64.5,64.0,0,2,41,0,14.3,86.4,2.5,1,0,0,0,1,4,9.8,429,11.0
3,Austin Kendall,40056,QB,LA TECH,1,69.4,36,39,9.4,2.46,0,2,4.7,61.5,24,0,20,4.0,42,1,17,208,70.6,74.1,71.5,66.9,1,1,46,0,5.0,114.4,2.4,1,2,0,2,4,2,4.3,351,9.0
3,Frank Harris,60586,QB,UTSA,1,69.4,36,39,10.0,2.46,0,1,2.3,61.5,24,0,16,4.0,41,1,14,331,72.6,58.4,54.5,66.6,0,2,45,0,12.5,77.2,4.9,2,0,0,3,2,2,4.4,263,6.7
3,Dylan Morris,100570,QB,WASHINGTON,1,80.0,35,39,12.1,2.64,1,3,7.7,59.0,23,0,14,17.9,42,5,18,340,69.2,78.7,76.6,66.7,0,2,43,0,7.1,94.7,2.4,1,2,0,3,3,1,2.3,367,9.4
3,Taylor Powell,60459,QB,TROY,1,78.9,38,39,6.9,2.75,0,1,2.4,66.7,26,0,12,13.3,43,4,11,318,69.8,64.1,63.5,60.0,0,0,45,1,25.0,99.5,7.0,3,0,0,1,2,1,2.2,232,5.9
3,Bo Nix,97790,QB,AUBURN,1,63.9,36,39,12.1,2.32,0,2,5.0,53.8,21,0,10,8.7,41,2,13,115,71.2,60.7,57.4,65.6,0,0,42,0,0.0,66.7,0.0,0,2,2,1,0,1,2.4,185,4.7
3,Brady Olson,147415,QB,UMASS,1,65.7,35,39,8.5,2.49,0,2,5.1,56.4,22,0,6,4.3,42,1,13,216,69.8,75.1,73.5,58.9,0,1,42,0,16.7,85.6,2.4,1,2,0,4,2,0,0.0,282,7.2
3,Chevan Cordeiro,75886,QB,HAWAII,1,62.9,35,39,14.2,3.34,1,4,10.0,46.2,18,0,13,18.2,48,4,12,180,70.0,69.0,70.9,55.5,0,0,50,0,15.4,66.4,4.2,2,7,0,3,0,1,2.0,242,6.2
3,Malik Cunningham,60436,QB,LOUISVILLE,1,75.8,33,38,7.6,2.96,1,0,0.0,60.5,23,0,10,8.0,44,2,17,210,72.3,79.0,64.1,86.3,2,1,44,0,10.0,79.4,2.3,1,4,0,2,1,1,2.3,265,7.0
3,James Blackman,60382,QB,ARK STATE,1,64.9,37,38,8.5,2.83,0,1,2.6,42.1,16,0,21,33.3,43,8,8,113,69.2,62.3,62.5,62.7,1,0,43,1,4.8,56.0,2.3,1,4,0,0,0,0,0.0,172,4.5
3,Jack Plummer,83543,QB,PURDUE,1,82.9,35,37,4.4,2.56,0,1,2.6,70.3,26,0,16,10.3,41,3,12,273,69.1,59.7,58.8,61.4,1,0,42,0,12.5,90.7,4.9,2,2,0,1,1,0,0.0,187,5.1
3,Ken Seals,124359,QB,VANDERBILT,1,55.9,34,37,7.4,2.43,0,0,0.0,43.2,16,0,12,15.8,40,3,10,333,70.8,62.9,56.2,72.3,1,1,41,0,8.3,49.4,2.5,1,2,0,2,1,1,2.4,120,3.2
3,Desmond Ridder,55086,QB,CINCINNATI,1,71.4,35,36,11.3,2.42,0,2,5.1,55.6,20,0,10,20.0,40,5,9,138,72.5,84.6,78.2,76.1,0,1,43,0,20.0,70.1,5.0,2,2,0,1,1,0,0.0,208,5.8
3,Carter Bradley,77685,QB,TOLEDO,1,68.6,35,36,9.1,2.37,0,3,7.7,61.1,22,0,18,8.3,42,2,7,316,35.0,55.6,60.4,43.1,1,0,45,0,22.2,82.4,9.5,4,2,0,0,0,2,4.4,254,7.1
3,Bryce Young,123943,QB,ALABAMA,1,72.7,33,36,6.4,2.53,0,2,5.0,61.1,22,0,15,8.3,38,2,12,103,34.7,60.9,65.9,48.0,0,0,42,2,6.7,108.6,2.6,1,1,0,3,3,1,2.4,240,6.7
3,Tyler Shough,83537,QB,TEXAS TECH,1,78.8,33,36,11.8,2.58,0,2,5.3,72.2,26,0,4,0.0,38,0,17,315,69.5,81.2,81.5,58.3,0,0,40,0,25.0,144.1,2.6,1,1,1,2,4,1,2.5,387,10.8
3,Will Levis,83542,QB,KENTUCKY,1,76.5,34,35,12.2,2.68,0,2,5.6,65.7,23,0,10,11.5,38,3,14,202,32.5,56.1,52.5,67.4,1,2,39,0,10.0,82.3,2.6,1,2,0,0,2,4,10.3,254,7.3
3,Will Plummer,131592,QB,ARIZONA,1,63.6,33,35,10.0,2.42,0,2,5.7,57.1,20,0,8,4.8,36,1,7,109,68.9,55.1,54.5,58.9,1,2,38,0,12.5,58.3,2.8,1,0,0,1,1,3,7.9,192,5.5
3,Max Johnson,124099,QB,LSU,1,90.3,31,35,10.8,2.56,0,2,5.6,74.3,26,0,12,7.1,36,2,18,211,69.3,86.8,86.4,65.5,0,1,37,1,0.0,136.0,0.0,0,1,0,4,5,1,2.7,372,10.6
3,Logan Bonner,39990,QB,UTAH ST,1,75.8,33,35,10.5,2.24,0,2,5.6,62.9,22,0,10,12.0,36,3,13,329,70.2,82.0,81.6,61.6,1,1,37,0,10.0,92.9,2.8,1,0,0,1,2,1,2.7,263,7.5
3,Jordan Yates,97416,QB,GA TECH,1,74.1,27,35,7.1,3.32,1,0,0.0,57.1,20,1,24,0.0,48,0,12,176,70.1,55.2,53.3,59.6,0,1,52,2,12.5,62.1,6.3,3,10,0,7,0,1,1.9,204,5.8
3,Spencer Petras,82136,QB,IOWA,1,75.0,32,35,6.0,2.36,0,1,2.8,68.6,24,0,5,0.0,36,0,13,192,69.3,73.4,70.6,63.3,1,0,37,1,0.0,93.6,0.0,0,0,0,2,1,0,0.0,209,6.0
3,Chase Garbers,60356,QB,CAL,1,70.6,34,34,11.8,2.91,0,2,5.7,64.7,22,0,7,8.3,37,2,16,130,70.2,77.7,71.6,75.1,0,1,38,0,0.0,98.7,0.0,0,3,0,0,2,1,2.6,288,8.5
3,Spencer Rattler,97408,QB,OKLAHOMA,1,75.8,33,34,7.6,2.99,0,0,0.0,70.6,24,0,10,4.0,38,1,12,261,70.3,69.6,71.4,60.9,0,0,39,2,0.0,96.9,0.0,0,4,0,1,1,2,5.1,214,6.3
3,Hank Bachmeier,101284,QB,BOISE ST,1,69.7,33,34,8.8,2.92,0,1,2.9,64.7,22,0,22,4.3,43,1,13,120,70.1,67.8,65.4,66.6,1,1,44,0,22.7,83.2,11.6,5,4,0,0,1,1,2.3,242,7.1
3,Sean Clifford,51708,QB,PENN STATE,1,87.9,33,33,8.0,2.95,0,0,0.0,84.8,28,0,9,3.4,35,1,17,266,70.1,77.9,80.4,59.4,0,1,36,1,0.0,109.6,0.0,0,2,0,0,2,0,0.0,280,8.5
3,Matt Corral,83517,QB,OLE MISS,1,87.1,31,33,5.6,2.55,0,2,5.3,72.7,24,0,12,11.1,37,3,16,226,72.5,83.3,75.3,77.0,0,0,42,1,8.3,135.9,2.7,1,2,0,2,3,0,0.0,340,10.3
3,Zach Calzada,98006,QB,TEXAS A&M,1,71.0,31,33,10.6,2.67,1,1,3.0,57.6,19,0,17,13.6,36,3,13,312,68.8,70.2,69.3,,0,1,37,0,17.6,102.5,8.3,3,0,0,1,3,2,5.4,275,8.3
3,Cameron Rising,77663,QB,UTAH,1,66.7,30,32,7.3,2.76,0,1,2.9,59.4,19,0,15,5.0,37,1,12,328,69.0,56.8,56.1,60.0,2,0,40,0,0.0,102.7,0.0,0,5,0,0,3,0,0.0,153,4.8
3,JT Daniels,83578,QB,GEORGIA,1,80.6,31,32,8.8,2.07,0,2,6.1,71.9,23,0,2,8.0,33,2,18,173,68.5,88.0,87.1,,0,1,34,0,50.0,118.4,3.0,1,0,1,0,3,1,2.9,293,9.2
3,Kaleb Eleby,77686,QB,W MICHIGAN,1,71.9,32,32,9.7,2.25,0,2,5.4,68.8,22,0,12,4.3,38,1,17,347,70.5,78.9,81.8,53.1,0,0,43,0,25.0,134.4,7.9,3,2,0,0,3,0,0.0,336,10.5
3,Payton Thorne,101629,QB,MICH STATE,1,75.9,29,32,6.1,2.36,1,1,3.0,59.4,19,0,10,13.6,39,3,12,223,69.9,70.1,66.7,67.0,0,0,40,0,30.0,124.7,7.7,3,3,0,2,4,0,0.0,258,8.1
3,Kenny Pickett,60515,QB,PITTSBURGH,1,82.8,29,31,13.9,3.53,0,4,11.1,74.2,23,0,17,4.2,40,1,18,268,35.6,77.7,82.8,53.4,0,1,45,0,11.8,141.4,5.0,2,7,0,2,6,3,6.7,382,12.3
3,Rhett Rodriguez,60332,QB,LA MONROE,1,60.7,28,31,8.3,2.08,0,0,0.0,51.6,16,1,17,5.9,37,1,7,209,69.9,41.5,44.8,48.2,0,0,40,1,11.8,65.3,5.4,2,3,2,1,0,2,5.0,150,4.8
3,Braxton Burmeister,60513,QB,VA TECH,1,67.9,28,31,9.6,3.23,0,0,0.0,61.3,19,0,20,0.0,44,0,11,337,70.5,57.2,56.5,58.7,1,0,45,0,30.0,104.6,13.6,6,7,0,2,2,1,2.2,223,7.2
3,Sam Hartman,77618,QB,WAKE,1,78.6,28,31,9.9,3.28,0,1,2.9,71.0,22,0,15,0.0,40,0,13,339,70.5,78.6,79.6,61.7,1,1,44,0,20.0,104.1,7.5,3,6,0,2,2,0,0.0,259,8.4
3,Jayden Daniels,97993,QB,ARIZONA ST,1,75.9,29,30,10.0,3.59,0,1,3.1,70.0,21,0,7,4.5,34,1,12,110,71.3,78.6,81.5,61.5,0,2,36,2,14.3,69.4,2.9,1,3,0,1,0,1,2.8,265,8.8
3,Connor Bazelak,99135,QB,MISSOURI,1,76.7,30,30,8.1,2.36,0,2,6.5,73.3,22,0,6,4.3,30,1,14,229,68.3,76.4,75.6,,0,0,31,0,0.0,144.6,0.0,0,0,0,0,3,0,0.0,346,11.5
3,Jack Coan,60613,QB,NOTRE DAME,1,63.3,30,30,12.7,2.75,0,4,12.1,50.0,15,0,15,21.1,35,4,8,258,70.2,73.1,73.6,57.5,0,0,39,0,26.7,96.9,11.4,4,1,0,0,2,0,0.0,223,7.4
3,Levi Lewis,60428,QB,LA LAFAYET,1,85.2,27,30,7.1,2.89,1,1,3.3,70.0,21,0,5,8.7,35,2,14,207,71.3,70.8,71.1,62.8,0,1,35,2,0.0,86.7,0.0,0,5,0,2,1,1,2.9,209,7.0
3,Dillon Gabriel,86272,QB,UCF,1,85.7,28,29,6.5,3.02,0,1,3.2,75.9,22,0,9,8.3,35,2,10,323,70.8,75.0,72.5,62.6,0,1,38,1,22.2,111.9,5.7,2,4,0,1,3,0,0.0,184,6.3
3,Tanner McKee,131770,QB,STANFORD,1,70.4,27,29,9.0,2.15,2,1,3.1,65.5,19,0,5,0.0,30,0,12,300,69.9,58.9,55.7,65.9,0,0,33,0,20.0,111.0,3.3,1,0,0,0,2,1,3.0,218,7.5
3,Devin Leary,77628,QB,NC STATE,1,82.1,28,29,10.1,2.55,1,3,9.7,79.3,23,0,4,0.0,29,0,14,248,68.8,88.4,87.1,62.4,0,0,31,0,0.0,138.4,0.0,0,0,0,0,3,0,0.0,259,8.9
3,Seth Henigan,144267,QB,MEMPHIS,1,60.7,28,28,6.8,2.32,0,1,3.4,57.1,16,0,9,5.9,31,1,6,218,70.3,37.5,38.0,52.5,0,1,32,0,11.1,82.3,3.2,1,2,0,0,2,2,6.3,159,5.7
3,Ty Keyes,145417,QB,SO MISS,1,60.7,28,28,9.3,2.98,0,0,0.0,57.1,16,0,18,5.9,37,1,6,296,42.4,36.5,29.8,63.5,0,2,42,1,44.4,43.3,21.6,8,1,0,0,0,4,9.5,157,5.6
3,Chris Reynolds,60361,QB,CHARLOTTE,1,53.8,26,28,10.8,2.95,0,0,0.0,46.4,13,0,12,7.1,32,1,9,136,70.4,46.7,37.0,72.7,1,0,33,0,16.7,76.6,6.3,2,2,0,1,1,4,12.1,161,5.8
3,Emory Jones,82111,QB,FLORIDA,1,74.1,27,28,7.3,2.96,1,0,0.0,64.3,18,0,14,10.0,33,2,12,163,73.7,74.2,65.8,72.5,0,1,35,0,14.3,69.8,6.1,2,3,0,0,0,0,0.0,195,7.0
3,Matt McDonald,60350,QB,BOWL GREEN,1,81.5,27,28,7.5,2.71,1,0,0.0,78.6,22,0,9,0.0,36,0,14,122,70.2,69.5,66.6,65.5,0,1,39,0,44.4,96.6,11.1,4,4,0,0,1,0,0.0,221,7.9
3,D.J. Mack Jr.,55405,QB,DOMINION,1,65.4,26,27,8.3,2.36,1,0,0.0,55.6,15,0,7,11.8,34,2,6,263,35.6,41.8,45.4,47.6,0,1,35,0,71.4,66.0,14.7,5,2,0,0,1,1,2.9,134,5.0
3,Brandon Peters,40416,QB,ILLINOIS,1,54.5,22,27,10.4,3.19,0,0,0.0,37.0,10,0,15,16.7,35,2,8,187,69.3,55.3,54.4,57.9,0,1,37,1,33.3,46.1,14.3,5,3,0,5,0,1,2.7,185,6.9
3,Todd Centeio,60552,QB,COLO STATE,1,65.0,20,27,7.0,2.66,4,0,0.0,40.7,11,0,8,15.4,30,2,7,144,72.7,63.7,53.3,76.9,0,0,31,2,12.5,53.0,3.3,1,2,0,3,0,0,0.0,110,4.1
3,Max Bortenschlager,46500,QB,FIU,1,59.1,22,27,13.0,2.83,1,1,3.4,44.4,12,0,16,7.7,30,1,6,166,68.9,29.1,34.8,43.3,0,1,32,1,12.5,76.9,6.7,2,0,0,4,2,4,12.5,185,6.9
3,Noah Vedral,55406,QB,RUTGERS,1,80.8,26,26,9.0,2.18,0,1,3.8,80.8,21,0,4,0.0,30,0,11,278,69.8,68.3,66.6,63.2,0,0,30,0,25.0,144.1,3.3,1,1,0,0,2,0,0.0,323,12.4
3,Charlie Brewer,60344,QB,UTAH,1,66.7,24,26,7.5,2.55,2,0,0.0,53.8,14,0,13,12.5,29,2,7,328,28.6,41.5,44.5,58.2,0,1,29,0,23.1,47.6,10.3,3,0,0,0,0,3,10.3,104,4.0
3,Jarret Doege,60353,QB,W VIRGINIA,1,62.5,24,26,11.0,2.52,1,1,3.8,57.7,15,0,12,0.0,29,0,9,343,29.1,40.7,37.0,62.7,0,1,29,0,16.7,90.7,6.9,2,1,0,1,2,2,6.9,193,7.4
3,Hendon Hooker,60593,QB,TENNESSEE,1,80.0,25,26,8.9,2.47,0,1,3.4,69.2,18,0,9,10.0,30,2,11,307,31.9,71.5,69.7,64.3,0,0,33,0,0.0,130.6,0.0,0,4,0,1,3,1,3.0,202,7.8
3,Luke Doty,124230,QB,S CAROLINA,1,62.5,24,26,11.1,2.55,0,1,3.8,50.0,13,0,11,13.3,31,2,6,289,68.9,56.6,55.7,58.8,1,1,33,0,27.3,65.1,9.7,3,2,0,1,1,0,0.0,153,5.9
3,Tyler Phommachanh,147373,QB,UCONN,1,58.3,24,26,12.3,3.12,2,1,3.7,42.3,11,0,14,21.4,33,3,5,146,70.9,47.3,40.9,64.6,0,1,34,0,14.3,38.8,6.1,2,4,0,0,0,3,8.8,109,4.2
3,Adrian Martinez,83522,QB,NEBRASKA,1,86.4,22,25,12.4,3.46,0,2,8.0,76.0,19,0,19,0.0,36,0,15,238,71.3,80.0,75.7,70.4,0,1,36,0,26.3,110.3,13.9,5,6,0,3,1,2,5.6,289,11.6
3,Justin Lynch,144392,QB,TEMPLE,1,86.4,22,25,5.0,3.0,0,1,3.8,72.0,18,0,12,5.3,36,1,6,306,72.1,38.4,40.3,49.7,0,0,37,1,33.3,89.6,11.1,4,7,0,3,0,2,5.4,165,6.6
3,C.J. Stroud,129759,QB,OHIO STATE,1,73.9,23,25,11.0,2.84,0,2,7.7,60.0,15,0,10,11.8,27,2,11,260,18.0,73.1,72.0,60.0,1,1,28,0,20.0,79.6,7.4,2,0,0,1,1,3,10.7,185,7.4
3,DJ Uiagalelei,122162,QB,CLEMSON,1,76.0,25,25,5.5,2.24,0,0,0.0,72.0,18,0,8,5.3,26,1,6,140,30.5,59.0,65.7,52.0,0,0,27,1,0.0,83.1,0.0,0,1,0,0,0,0,0.0,126,5.0
3,Jake Bentley,40788,QB,S ALABAMA,1,62.5,24,25,9.8,2.46,1,0,0.0,56.0,14,0,8,6.7,28,1,6,288,28.8,58.5,64.5,44.6,0,0,30,0,0.0,74.3,0.0,0,3,0,0,0,1,3.3,153,6.1
3,Chase Brice,60363,QB,APP STATE,1,80.0,25,25,12.6,2.27,0,2,7.7,76.0,19,0,4,5.0,27,1,11,108,28.3,86.4,84.8,65.9,0,0,28,0,25.0,127.4,3.7,1,1,0,0,1,1,3.6,292,11.7
3,Dustin Crum,60418,QB,KENT STATE,1,85.7,21,24,9.9,2.65,1,2,7.4,66.7,16,0,10,11.1,31,2,8,201,70.1,85.0,80.7,71.8,0,0,35,1,50.0,103.6,16.1,5,2,0,2,1,0,0.0,185,7.7
3,Dorian Thompson-Robinson,83574,QB,UCLA,1,58.3,24,24,18.0,3.29,0,4,15.4,58.3,14,0,8,0.0,30,0,10,324,20.9,71.5,65.9,69.8,0,0,33,0,25.0,138.0,6.7,2,4,0,0,3,2,6.1,275,11.5
3,Terry Wilson,40709,QB,NEW MEXICO,1,57.9,19,24,3.8,2.59,0,0,0.0,41.7,10,0,11,9.1,27,1,2,241,70.6,50.4,46.2,61.6,0,1,27,1,27.3,31.9,11.1,3,0,0,5,0,0,0.0,33,1.4
3,Brock Purdy,77672,QB,IOWA STATE,1,87.5,24,24,8.0,2.48,0,2,8.0,87.5,21,0,2,0.0,25,0,14,193,29.4,80.3,91.3,41.1,0,0,26,0,0.0,156.3,0.0,0,1,0,0,3,1,3.8,288,12.0
3,Jacob Sirmon,83590,QB,C MICHIGAN,1,82.6,23,24,5.6,3.0,0,0,0.0,70.8,17,0,15,10.5,30,2,6,134,68.4,49.4,49.5,57.8,1,1,32,0,33.3,84.7,16.7,5,1,0,0,1,1,3.1,156,6.5
3,Gerry Bohanon,77636,QB,BAYLOR,1,87.0,23,23,8.9,2.52,0,0,0.0,82.6,19,0,2,5.0,23,1,12,118,70.9,70.7,68.1,66.8,0,0,23,0,0.0,145.5,0.0,0,0,0,0,2,1,4.3,275,12.0
3,KJ Jefferson,99129,QB,ARKANSAS,1,72.7,22,23,14.6,2.6,0,2,8.0,56.5,13,0,6,18.8,25,3,12,111,70.1,83.0,85.9,59.2,1,0,27,0,0.0,140.9,0.0,0,2,0,0,3,0,0.0,366,15.9
3,Sean Chambers,75888,QB,WYOMING,1,72.7,22,23,10.0,2.69,0,1,4.3,60.9,14,0,4,12.5,26,2,9,351,28.8,66.1,69.9,57.7,0,0,26,1,25.0,103.7,3.8,1,2,0,1,1,1,3.8,201,8.7
3,Ike Ogbogu,77653,QB,HOUSTON,1,63.6,22,23,7.4,2.37,0,2,8.0,60.9,14,0,5,0.0,26,0,12,182,68.6,75.0,77.5,54.1,1,0,28,1,40.0,117.3,7.7,2,1,0,0,2,1,3.6,196,8.5
3,Timmy McClain,144488,QB,USF,1,60.9,23,23,12.7,2.49,0,0,0.0,52.2,12,0,8,14.3,27,2,8,327,36.8,47.8,48.5,54.0,0,0,28,0,25.0,89.6,7.4,2,2,0,0,1,1,3.6,163,7.1
3,Kurtis Rourke,97998,QB,OHIO,1,63.2,19,22,9.5,2.79,1,2,9.1,54.5,12,0,7,0.0,23,0,6,259,25.9,52.4,61.0,46.2,1,0,23,0,14.3,100.9,4.3,1,0,0,1,2,1,4.3,122,5.5
3,DJ Irons,145585,QB,AKRON,1,81.8,22,22,8.1,3.18,0,1,4.3,81.8,18,0,11,0.0,30,0,17,102,22.5,86.3,85.8,68.5,0,0,31,0,18.2,158.3,6.7,2,5,0,0,3,0,0.0,284,12.9
3,Justin Tomlin,78482,QB,GA SOUTHRN,1,63.6,22,22,7.0,2.65,0,0,0.0,45.5,10,0,9,28.6,26,4,3,174,30.5,47.8,44.1,60.3,0,0,29,0,22.2,52.5,7.7,2,2,0,0,0,2,6.9,56,2.5
3,Austin Aune,83528,QB,N TEXAS,1,50.0,20,21,10.9,2.8,0,0,0.0,38.1,8,0,11,20.0,23,2,3,251,69.0,58.7,55.3,65.0,0,0,26,0,18.2,46.7,8.7,2,0,0,1,0,0,0.0,65,3.1
3,Sam Howell,97599,QB,N CAROLINA,1,71.4,21,21,12.0,2.91,0,1,4.3,66.7,14,0,8,6.7,29,1,14,245,71.6,74.1,61.5,77.7,0,1,31,1,12.5,129.5,3.4,1,7,0,0,5,1,3.2,307,14.6
3,Ben Bryant,77655,QB,E MICHIGAN,1,75.0,20,21,12.5,2.79,1,3,13.0,66.7,14,0,7,6.7,24,1,12,160,69.5,90.0,90.4,62.7,0,0,26,0,14.3,125.6,4.2,1,2,0,0,1,0,0.0,298,14.2
3,Kyle Vantrease,55029,QB,BUFFALO,1,73.7,19,20,7.4,2.38,0,0,0.0,65.0,13,0,9,7.1,20,1,7,126,68.8,63.3,63.1,58.0,0,0,23,0,0.0,86.7,0.0,0,0,0,1,0,0,0.0,146,7.3
3,John Paddock,77689,QB,BALL ST,1,70.0,20,20,8.0,1.93,0,1,4.3,65.0,13,0,3,7.1,21,1,3,117,68.2,47.5,47.0,59.4,0,1,24,0,33.3,52.5,4.8,1,0,0,0,0,1,4.2,82,4.1
3,Jayden de Laura,131928,QB,WASH STATE,1,61.1,18,19,9.2,2.42,0,1,5.0,52.6,10,0,3,9.1,20,1,7,341,68.6,66.2,70.4,52.2,0,1,21,0,0.0,84.8,0.0,0,1,0,1,2,0,0.0,117,6.2
3,Lucas Johnson,40551,QB,S DIEGO ST,1,73.3,15,19,5.1,2.58,2,0,0.0,52.6,10,0,6,9.1,21,1,3,284,71.5,62.6,50.8,71.9,1,0,23,0,16.7,76.0,4.8,1,1,0,1,1,1,4.3,44,2.3
3,Grayson McCall,98002,QB,COAST CAR,1,78.9,19,19,13.8,2.34,0,2,10.5,68.4,13,0,6,13.3,25,2,12,141,20.3,59.1,69.9,45.0,0,1,25,0,50.0,127.6,12.0,3,3,0,0,3,2,8.0,232,12.2
3,Chance Nolan,78493,QB,OREGON ST,1,88.2,17,19,10.1,2.83,1,1,5.3,73.7,14,0,5,6.7,23,1,9,265,67.7,77.4,82.2,54.8,0,0,25,0,20.0,141.4,4.3,1,3,0,1,3,0,0.0,175,9.2
3,Chase Cunningham,78533,QB,MIDDLE TN,1,58.8,17,18,9.9,3.21,0,0,0.0,50.0,9,0,10,10.0,22,1,6,224,25.6,43.4,45.1,53.5,0,0,24,0,20.0,115.5,9.1,2,2,0,1,2,1,4.2,150,8.3
3,Casey Thompson,77677,QB,TEXAS,1,83.3,18,18,8.1,2.42,0,0,0.0,83.3,15,0,5,0.0,20,0,8,311,67.4,70.2,69.9,60.6,0,1,22,0,0.0,118.5,0.0,0,2,0,0,2,1,4.5,164,9.1
3,Michael Pratt,123229,QB,TULANE,1,75.0,16,18,9.6,3.36,0,1,5.6,55.6,10,0,9,16.7,27,2,6,319,69.2,58.9,69.2,49.6,1,0,29,0,22.2,122.9,7.4,2,7,0,1,2,1,3.4,162,9.0
3,Aidan O'Connell,60516,QB,PURDUE,1,66.7,18,18,8.6,2.26,0,0,0.0,61.1,11,0,4,8.3,19,1,6,273,67.1,78.5,76.1,63.7,0,2,20,0,0.0,37.5,0.0,0,1,0,0,0,0,0.0,104,5.8
3,Jason Bean,83529,QB,KANSAS,1,61.5,13,17,8.1,3.11,1,0,0.0,47.1,8,0,7,0.0,19,0,3,198,72.5,61.9,55.4,65.4,0,0,20,0,14.3,74.9,5.3,1,1,0,3,1,1,5.0,57,3.4
3,Tanner Morgan,55239,QB,MINNESOTA,1,70.6,17,17,14.2,2.85,0,2,10.5,64.7,11,0,4,8.3,19,1,8,225,67.9,75.5,78.9,53.1,0,0,21,0,25.0,96.2,5.3,1,1,0,0,0,1,4.8,164,9.6
3,Rocky Lombardi,60452,QB,N ILLINOIS,1,58.8,17,17,4.2,2.2,0,0,0.0,52.9,9,0,1,10.0,20,1,3,254,69.7,45.8,36.9,62.9,0,1,20,0,0.0,53.8,0.0,0,3,0,0,1,1,5.0,46,2.7
3,Anthony Brown,40316,QB,OREGON,1,81.3,16,16,12.9,2.59,0,1,5.9,75.0,12,0,5,7.7,19,1,8,264,67.8,70.2,69.4,61.2,0,0,20,0,40.0,99.7,10.5,2,1,0,0,0,0,0.0,135,8.4
3,Andrew Marty,60498,QB,NWESTERN,1,75.0,16,16,12.5,2.92,0,2,11.8,68.8,11,0,6,8.3,19,1,6,256,16.7,88.9,81.8,75.4,0,0,20,0,16.7,138.3,5.3,1,2,0,0,2,1,5.0,151,9.4
3,Brett Gabbert,97404,QB,MIAMI OH,1,62.5,16,16,17.5,2.54,0,0,0.0,62.5,10,0,3,0.0,19,0,7,221,67.7,60.3,57.6,63.5,0,1,19,0,33.3,113.0,5.3,1,2,0,0,2,1,5.3,174,10.9
3,Hunter Johnson,60362,QB,NWESTERN,1,40.0,15,16,13.0,2.64,0,1,6.3,37.5,6,0,8,0.0,18,0,3,256,25.0,27.4,27.0,56.5,0,3,18,1,25.0,13.3,11.1,2,0,0,1,0,3,16.7,75,4.7
3,Garrett Shrader,98212,QB,SYRACUSE,1,75.0,16,16,8.8,2.29,0,0,0.0,75.0,12,0,6,0.0,20,0,9,304,69.8,70.3,58.7,73.2,0,1,22,0,0.0,108.9,0.0,0,4,0,0,1,1,4.5,190,11.9
3,Brendon Lewis,131687,QB,COLORADO,1,71.4,14,16,7.6,3.25,0,1,5.9,50.0,8,0,11,20.0,20,2,2,143,26.6,58.6,69.3,42.9,0,0,21,0,36.4,58.1,20.0,4,0,0,2,0,0,0.0,55,3.4
3,McKenzie Milton,40110,QB,FLORIDA ST,1,73.3,15,16,10.1,2.81,0,0,0.0,68.8,11,0,4,0.0,17,0,7,167,6.7,28.0,33.7,36.6,0,2,17,0,25.0,50.8,5.9,1,0,0,1,0,4,23.5,119,7.4
3,Dennis Grosel,60351,QB,BOSTON COL,1,53.3,15,15,10.2,3.18,0,0,0.0,46.7,7,0,6,12.5,19,1,4,121,69.8,64.8,56.1,73.6,0,1,21,1,16.7,51.8,5.3,1,2,0,0,1,1,4.8,59,3.9
3,Andrew Peasley,83581,QB,UTAH ST,1,76.9,13,15,17.2,3.24,0,2,13.3,66.7,10,0,9,0.0,17,0,8,329,70.2,84.4,79.1,71.9,0,0,18,0,11.1,149.3,5.9,1,1,0,2,3,0,0.0,195,13.0
3,Jake Constantine,40166,QB,RICE,1,80.0,15,15,4.9,2.04,0,0,0.0,80.0,12,0,5,0.0,17,0,3,275,67.5,69.4,68.5,62.5,0,0,17,1,40.0,88.9,11.8,2,0,0,0,0,0,0.0,80,5.3
3,Daniel Richardson,97103,QB,C MICHIGAN,1,60.0,15,15,12.6,2.71,0,0,0.0,53.3,8,0,3,11.1,15,1,5,134,66.4,60.8,60.2,,0,0,15,0,0.0,88.8,0.0,0,0,0,0,1,0,0.0,72,4.8
3,Drew Plitt,39879,QB,BALL ST,1,61.5,13,14,5.4,2.65,0,0,0.0,57.1,8,0,6,0.0,21,0,2,117,27.2,35.8,28.3,70.5,0,1,21,1,83.3,37.8,23.8,5,2,0,1,0,2,9.5,60,4.3
3,Devin Grainger,78496,QB,GA STATE,1,50.0,12,13,22.2,2.83,0,2,15.4,46.2,6,0,9,0.0,18,0,6,175,72.9,57.2,58.6,56.8,0,1,19,1,22.2,92.6,11.1,2,3,0,1,2,1,5.3,139,10.7
3,Spencer Sanders,77660,QB,OKLA STATE,1,72.7,11,13,7.8,2.46,0,0,0.0,46.2,6,0,8,25.0,17,2,4,262,74.3,79.5,76.4,69.0,1,0,19,0,25.0,66.8,11.8,2,1,0,1,0,0,0.0,82,6.3
3,Jace Ruder,77680,QB,N TEXAS,1,54.5,11,13,10.0,3.21,0,1,6.7,46.2,6,0,8,0.0,16,0,2,251,69.1,48.2,47.2,57.1,0,1,20,0,12.5,46.6,6.3,1,2,0,2,1,1,5.0,34,2.6
3,Cameron Friel,146195,QB,UNLV,1,81.8,11,13,7.4,3.38,0,0,0.0,61.5,8,0,7,11.1,15,1,2,325,68.2,63.7,63.0,59.9,1,1,16,0,28.6,42.8,13.3,2,0,0,1,0,1,6.3,67,5.2
3,Bailey Hockman,60383,QB,MIDDLE TN,1,45.5,11,12,7.7,2.95,0,0,0.0,41.7,5,0,8,0.0,15,0,3,224,66.5,33.2,32.2,,0,1,16,0,37.5,18.4,20.0,3,0,0,1,0,2,12.5,47,3.9
3,Haaziq Daniels,125263,QB,AIR FORCE,1,63.6,11,12,12.4,2.57,1,1,8.3,50.0,6,0,4,14.3,13,1,6,101,32.3,52.3,48.9,57.4,0,1,13,0,0.0,88.9,0.0,0,1,0,0,1,1,7.7,182,15.2
3,Layne Hatcher,82068,QB,ARK STATE,1,54.5,11,11,4.9,3.19,0,0,0.0,54.5,6,0,5,0.0,15,0,3,113,21.8,28.0,25.6,70.7,0,1,16,0,40.0,26.3,13.3,2,2,0,0,0,2,12.5,44,4.0
3,Cade McNamara,101620,QB,MICHIGAN,1,72.7,11,11,16.0,2.25,0,2,16.7,72.7,8,0,3,0.0,11,0,7,222,66.8,70.4,81.6,44.7,0,0,12,0,0.0,145.1,0.0,0,0,0,0,1,0,0.0,191,17.4
3,Will Howard,122599,QB,KANSAS ST,1,70.0,10,10,6.6,2.25,0,1,10.0,70.0,7,0,1,0.0,10,0,5,199,73.4,78.2,72.3,69.8,0,0,10,0,0.0,145.0,0.0,0,0,0,0,1,0,0.0,123,12.3
3,Victor Gabalis,131932,QB,WASH STATE,1,60.0,10,10,5.1,2.17,0,0,0.0,60.0,6,0,2,0.0,12,0,0,341,19.2,29.4,29.3,,0,0,12,0,100.0,64.6,16.7,2,0,0,0,0,1,8.3,19,1.9
3,AJ Mayer,63860,QB,MIAMI OH,1,88.9,9,9,9.2,2.29,0,1,11.1,88.9,8,0,0,0.0,9,0,6,221,65.1,85.0,84.8,,0,0,9,0,,155.8,0.0,0,0,0,0,1,0,0.0,123,13.7
3,Tommy DeVito,60545,QB,SYRACUSE,1,100.0,7,9,9.1,3.03,0,1,10.0,66.7,6,0,5,14.3,10,1,3,304,69.2,83.4,90.4,60.2,0,1,11,0,0.0,107.2,0.0,0,1,0,2,1,0,0.0,147,16.3
3,Ben Finley,122864,QB,NC STATE,1,75.0,8,8,8.5,2.55,0,0,0.0,62.5,5,0,2,16.7,8,1,2,248,66.2,55.1,54.8,59.5,0,0,8,0,0.0,68.8,0.0,0,0,0,0,0,0,0.0,28,3.5
3,Ty Thompson,146568,QB,OREGON,1,85.7,7,8,7.9,2.3,0,0,0.0,62.5,5,0,2,16.7,9,1,3,264,65.6,65.1,64.2,,1,0,11,0,50.0,135.4,11.1,1,0,0,0,2,0,0.0,80,10.0
3,Drew Carter,146312,QB,COLORADO,1,62.5,8,8,4.9,2.92,0,0,0.0,50.0,4,0,1,20.0,10,1,1,143,65.4,44.6,49.3,52.8,0,0,10,0,0.0,57.8,0.0,0,2,0,0,0,1,10.0,27,3.4
3,Dequan Finn,97804,QB,TOLEDO,1,66.7,6,7,2.3,3.28,0,0,0.0,42.9,3,0,8,25.0,12,1,2,316,66.8,49.1,45.4,61.0,1,0,12,0,37.5,50.3,25.0,3,2,0,0,0,0,0.0,16,2.3
3,Jordan McCloud,101058,QB,ARIZONA,1,85.7,7,7,8.3,2.98,0,0,0.0,85.7,6,0,2,0.0,8,0,4,109,65.4,59.6,59.3,,0,0,10,0,50.0,145.5,12.5,1,0,0,0,1,0,0.0,66,9.4
3,Clayton Tune,77652,QB,HOUSTON,1,57.1,7,7,10.4,2.58,0,0,0.0,57.1,4,0,3,0.0,9,0,4,182,65.1,43.8,43.4,,0,1,9,0,66.7,47.0,22.2,2,0,0,0,0,1,11.1,62,8.9
3,Harrison Bailey,124266,QB,TENNESSEE,1,42.9,7,7,9.1,2.83,0,1,12.5,42.9,3,0,5,0.0,10,0,2,307,66.7,69.7,62.2,69.1,0,0,11,0,40.0,50.3,20.0,2,1,0,0,0,0,0.0,16,2.3
3,Dylan Hopkins,83571,QB,UAB,1,85.7,7,7,13.6,3.24,0,1,14.3,85.7,6,1,3,0.0,11,0,6,321,67.6,72.3,90.2,57.8,0,0,11,1,33.3,158.3,9.1,1,3,0,0,3,0,0.0,202,28.9
3,Ryan Hilinski,71295,QB,NWESTERN,1,33.3,6,7,15.5,2.27,1,0,0.0,28.6,2,0,2,0.0,7,0,2,256,64.9,33.8,33.9,,0,0,8,0,0.0,47.3,0.0,0,0,0,0,0,1,12.5,34,4.9
3,Tyler Johnston III,60570,QB,UAB,1,50.0,6,6,12.3,2.64,0,1,14.3,16.7,1,0,4,66.7,7,2,1,321,68.2,61.8,62.6,57.3,0,0,8,0,25.0,49.3,14.3,1,0,0,0,0,0,0.0,32,5.3
3,Wiley Green,75891,QB,RICE,1,100.0,5,6,-0.8,3.08,0,0,0.0,83.3,5,0,6,0.0,9,0,2,275,66.3,52.1,61.2,51.3,0,0,9,0,16.7,86.1,11.1,1,2,0,1,0,0,0.0,28,4.7
3,Tate Martell,60505,QB,UNLV,1,60.0,5,6,8.0,3.37,0,0,0.0,33.3,2,0,2,33.3,7,1,1,325,69.0,49.3,50.8,55.3,0,0,7,0,0.0,48.6,0.0,0,1,0,1,0,0,0.0,27,4.5
3,J.J. McCarthy,144918,QB,MICHIGAN,1,66.7,6,6,9.7,2.1,0,0,0.0,66.7,4,0,1,0.0,6,0,2,222,65.7,63.3,58.4,62.8,0,0,6,0,0.0,86.8,0.0,0,0,0,0,0,0,0.0,42,7.0
3,Hunter Dekkers,122511,QB,IOWA STATE,1,50.0,6,6,9.3,2.64,0,0,0.0,33.3,2,0,2,33.3,7,1,2,193,64.6,50.5,41.4,64.9,0,0,7,0,0.0,44.4,0.0,0,1,0,0,0,0,0.0,21,3.5
3,Jordan Travis,77615,QB,FLORIDA ST,1,83.3,6,6,17.7,3.58,0,1,16.7,83.3,5,0,6,0.0,13,0,5,167,69.3,64.1,85.8,47.1,0,1,13,0,50.0,118.8,23.1,3,4,0,0,2,0,0.0,107,17.8
3,Brady Cook,124199,QB,MISSOURI,1,100.0,5,5,1.6,1.72,0,0,0.0,100.0,5,0,0,0.0,5,0,4,229,63.8,80.2,80.0,,0,0,5,0,,130.4,0.0,0,0,0,0,1,0,0.0,29,5.8
3,Josh Adkins,60483,QB,UTSA,1,75.0,4,5,7.5,2.28,0,0,0.0,40.0,2,0,1,33.3,5,1,0,331,63.8,57.8,57.5,,1,0,5,0,0.0,47.9,0.0,0,0,0,0,0,0,0.0,13,2.6
3,Cam'Ron Ransom,147110,QB,GA SOUTHRN,1,60.0,5,5,8.4,2.34,0,0,0.0,40.0,2,0,1,33.3,5,1,1,174,63.8,49.6,49.0,,0,0,5,0,0.0,48.8,0.0,0,0,0,0,0,0,0.0,16,3.2
3,Cammon Cooper,83591,QB,WASH STATE,1,80.0,5,5,12.0,3.97,0,0,0.0,80.0,4,0,2,0.0,9,0,4,341,65.1,65.2,59.4,65.7,0,1,9,0,50.0,63.8,11.1,1,3,0,0,0,1,11.1,44,8.8
3,Chandler Fields,97286,QB,LA LAFAYET,1,100.0,4,5,4.5,2.18,1,1,20.0,80.0,4,0,1,0.0,5,0,3,207,65.5,77.4,82.1,58.3,0,0,5,0,0.0,139.6,0.0,0,0,0,0,1,0,0.0,40,8.0
3,Chandler Rogers,98683,QB,LA MONROE,1,25.0,4,4,9.3,2.67,0,0,0.0,25.0,1,0,4,0.0,6,0,1,209,72.6,57.8,43.2,65.0,0,0,7,0,25.0,39.6,16.7,1,1,0,0,0,0,0.0,6,1.5
3,Sam Huard,146463,QB,WASHINGTON,1,25.0,4,4,13.3,2.1,0,0,0.0,25.0,1,0,0,0.0,4,0,1,340,64.2,59.2,58.7,,0,0,6,0,,51.0,0.0,0,0,0,0,0,0,0.0,23,5.8
3,Tyler Macon,146873,QB,MISSOURI,1,100.0,3,4,4.7,1.73,1,0,0.0,75.0,3,0,0,0.0,4,0,1,229,63.3,66.2,65.5,,0,0,4,0,,156.3,0.0,0,0,0,0,1,0,0.0,69,17.3
3,Garrett Nussmeier,146757,QB,LSU,1,25.0,4,4,18.5,3.16,0,0,0.0,25.0,1,0,2,0.0,5,0,1,211,65.5,51.2,49.2,60.0,0,0,5,0,50.0,56.3,20.0,1,0,0,0,0,0,0.0,28,7.0
3,Jacob Huesman,41939,QB,APP STATE,1,75.0,4,4,12.5,1.68,0,1,25.0,75.0,3,0,0,0.0,5,0,1,108,63.8,72.1,71.6,,0,0,5,0,,114.6,20.0,1,0,0,0,0,0,0.0,48,12.0
3,Armani Rogers,40034,QB,OHIO,1,100.0,3,4,2.0,4.03,0,0,0.0,50.0,2,0,3,33.3,4,1,1,259,71.1,58.8,56.6,60.3,0,0,5,0,0.0,60.4,0.0,0,0,0,1,0,0,0.0,16,4.0
3,Jaren Lewis,99473,QB,KANSAS ST,1,100.0,3,3,-2.7,1.77,0,0,0.0,66.7,2,0,1,33.3,3,1,1,199,65.2,63.6,62.0,60.0,0,0,4,0,0.0,70.1,0.0,0,0,0,0,0,0,0.0,6,2.0
3,Sam Vidlak,146333,QB,OREGON ST,1,100.0,3,3,2.0,2.57,0,0,0.0,66.7,2,0,1,33.3,3,1,1,265,64.8,64.5,63.3,60.0,0,0,3,0,0.0,70.1,0.0,0,0,0,0,0,0,0.0,8,2.7
3,Stetson Bennett,60387,QB,GEORGIA,1,66.7,3,3,18.3,2.37,0,0,0.0,33.3,1,0,0,50.0,3,1,0,173,67.7,35.0,27.7,65.2,0,1,3,0,,2.8,0.0,0,0,0,0,0,1,33.3,4,1.3
3,Jack Salopek,130662,QB,W MICHIGAN,1,100.0,3,3,5.0,1.8,0,0,0.0,100.0,3,0,1,0.0,3,0,2,347,62.7,67.1,66.6,,0,0,3,0,0.0,94.4,0.0,0,0,0,0,0,0,0.0,20,6.7
3,Sam Noyer,40048,QB,OREGON ST,1,33.3,3,3,4.7,2.5,0,0,0.0,33.3,1,0,1,0.0,3,0,1,265,64.8,50.4,42.4,62.4,0,1,3,0,0.0,2.8,0.0,0,0,0,0,0,0,0.0,7,2.3
3,Luke McCaffrey,101634,QB,RICE,1,100.0,3,3,1.0,3.25,0,0,0.0,66.7,2,0,1,33.3,4,1,2,275,63.3,58.5,63.9,57.0,0,0,4,0,0.0,85.4,0.0,0,1,0,0,0,0,0.0,20,6.7
3,Preston Hutchinson,60370,QB,E MICHIGAN,1,66.7,3,3,13.7,2.33,0,0,0.0,66.7,2,0,0,0.0,3,0,1,160,66.4,60.1,53.8,64.3,0,0,3,0,,92.4,0.0,0,0,0,0,0,1,33.3,25,8.3
3,Nick Tronti,60409,QB,FAU,1,100.0,3,3,6.0,1.83,0,0,0.0,100.0,3,0,0,0.0,3,0,1,165,66.4,68.9,62.8,64.2,0,0,3,0,,98.6,0.0,0,0,0,0,0,0,0.0,23,7.7
3,Mike Wright Jr.,124366,QB,VANDERBILT,1,66.7,3,3,17.3,3.45,0,0,0.0,66.7,2,0,1,0.0,4,0,3,333,66.6,58.1,36.2,73.4,0,0,4,0,0.0,140.3,0.0,0,1,0,0,1,1,25.0,31,10.3
3,Jay Butterfield,131706,QB,OREGON,1,66.7,3,3,6.0,1.9,0,0,0.0,66.7,2,0,0,0.0,3,0,1,264,62.7,57.7,56.8,,0,0,3,0,,88.2,0.0,0,0,0,0,0,0,0.0,22,7.3
3,Nick Patti,77614,QB,PITTSBURGH,1,100.0,3,3,7.3,3.2,0,0,0.0,66.7,2,0,1,33.3,3,1,1,268,62.7,87.9,87.4,,0,0,3,0,0.0,103.5,0.0,0,0,0,0,0,0,0.0,33,11.0
3,Hudson Card,123109,QB,TEXAS,1,66.7,3,3,5.0,2.67,0,0,0.0,66.7,2,0,0,0.0,3,0,1,311,64.8,40.2,28.4,63.2,0,0,3,0,,97.9,0.0,0,0,0,0,0,1,33.3,29,9.7
3,Katravis Marsh,123289,QB,USF,1,66.7,3,3,10.3,1.83,0,0,0.0,0.0,0,0,0,100.0,3,2,0,327,11.6,26.8,42.7,43.7,0,0,3,0,,39.6,0.0,0,0,0,0,0,1,33.3,0,0.0
3,Christian Anderson,60339,QB,ARMY,1,100.0,2,2,21.0,3.15,0,0,0.0,100.0,2,0,1,0.0,2,0,2,114,70.5,88.0,86.4,70.1,0,0,2,0,0.0,158.3,0.0,0,0,0,0,1,0,0.0,70,35.0
3,Kinkead Dent,99132,QB,OLE MISS,1,0.0,1,2,13.0,3.5,0,0,0.0,0.0,0,0,1,,2,0,0,226,64.4,66.7,44.9,68.2,0,0,2,0,0.0,39.6,0.0,0,0,0,1,0,0,0.0,0,0.0
3,Kedon Slovis,100580,QB,USC,1,100.0,1,2,7.0,2.6,0,0,0.0,50.0,1,0,2,0.0,3,0,0,326,62.7,56.1,55.7,,1,0,3,0,50.0,60.4,33.3,1,0,0,0,0,0,0.0,8,4.0
3,Zeb Noland,40508,QB,S CAROLINA,1,100.0,1,2,25.0,3.1,0,1,50.0,50.0,1,0,2,0.0,3,0,1,289,64.8,79.7,82.9,59.6,1,0,3,0,50.0,95.8,33.3,1,0,0,0,0,0,0.0,61,30.5
3,Tyler Snead,90863,WR,E CAROLINA,1,50.0,2,2,21.0,3.3,0,0,0.0,50.0,1,0,1,0.0,2,0,1,156,71.7,72.9,51.4,63.2,0,0,2,0,0.0,135.4,0.0,0,0,0,0,1,0,0.0,27,13.5
3,Grayson James,145214,QB,FIU,1,50.0,2,2,14.0,3.33,0,0,0.0,50.0,1,0,1,0.0,3,0,1,166,62.7,46.3,45.8,,0,0,3,0,100.0,56.3,33.3,1,0,0,0,0,0,0.0,6,3.0
3,Keytaon Thompson,60457,WR,VIRGINIA,1,50.0,2,2,10.0,2.45,0,0,0.0,50.0,1,0,1,0.0,2,0,0,335,68.9,58.4,38.9,60.4,0,0,2,1,0.0,56.3,0.0,0,0,0,0,0,1,50.0,-1,-0.5
3,Cole Snyder,97617,QB,RUTGERS,1,100.0,2,2,0.0,1.53,0,0,0.0,100.0,2,0,0,0.0,3,0,1,278,69.7,78.5,59.6,73.5,0,0,3,0,,81.3,0.0,0,0,0,0,0,0,0.0,7,3.5
3,Malik Hornsby,123957,QB,ARKANSAS,1,100.0,1,1,-5.0,2.93,0,0,0.0,100.0,1,0,1,0.0,3,0,1,111,67.7,75.2,58.9,70.6,0,0,3,0,100.0,79.2,33.3,1,1,0,0,0,0,0.0,-2,-2.0
3,Garrett Greene,123420,QB,W VIRGINIA,1,,0,1,,3.0,0,0,0.0,0.0,0,0,1,,1,0,0,343,15.8,58.7,60.0,66.3,0,0,1,0,0.0,39.6,0.0,0,0,0,1,0,1,100.0,0,0.0
3,Jahan Dotson,84375,WR,PENN STATE,1,100.0,1,1,20.0,2.8,0,0,0.0,100.0,1,0,0,0.0,1,0,1,266,72.8,78.2,76.6,59.5,0,0,1,0,,118.8,0.0,0,0,0,0,0,0,0.0,22,22.0
3,Braden Smith,61460,WR,LOUISVILLE,1,100.0,1,1,25.0,3.5,0,0,0.0,100.0,1,1,0,0.0,1,0,1,210,72.5,55.4,76.2,,0,0,1,1,,158.3,0.0,0,0,0,0,1,0,0.0,45,45.0
3,Jalon Daniels,122555,QB,KANSAS,1,,0,1,,1.4,1,0,0.0,0.0,0,0,0,,1,0,0,198,60.3,58.6,60.0,,0,0,1,0,,39.6,0.0,0,0,0,0,0,0,0.0,0,0.0
3,Johnny Langan,77617,TE,RUTGERS,1,0.0,1,1,21.0,3.1,0,0,0.0,0.0,0,0,1,,1,0,0,278,64.6,61.3,37.9,,0,0,1,0,0.0,39.6,0.0,0,0,0,0,0,1,100.0,0,0.0
3,Cameron Odom,61558,WR,OHIO,1,,0,1,,2.7,0,0,0.0,0.0,0,0,1,,1,0,0,259,63.7,52.7,60.0,,1,0,1,0,0.0,39.6,0.0,0,0,0,0,0,0,0.0,0,0.0
3,A.J. Davis,121485,WR,UAB,1,0.0,1,1,18.0,5.1,0,0,0.0,0.0,0,0,0,,1,0,0,321,60.3,55.4,56.6,,0,0,1,0,,39.6,0.0,0,0,0,0,0,0,0.0,0,0.0
3,Jordan Moore,143865,QB,DUKE,1,100.0,1,1,8.0,2.4,0,0,0.0,100.0,1,0,1,0.0,2,0,1,154,72.9,62.3,58.5,61.8,0,0,2,0,100.0,118.8,50.0,1,0,0,0,0,0,0.0,36,36.0
3,Xavier Gaines,40094,TE,MARSHALL,1,0.0,1,1,18.0,3.1,0,0,0.0,0.0,0,0,1,,1,0,0,214,65.9,70.7,72.6,,0,0,1,1,0.0,39.6,0.0,0,0,0,0,0,0,0.0,0,0.0
3,Jason Brown,109060,QB,S CAROLINA,1,,0,1,,3.5,0,0,0.0,0.0,0,0,1,,1,0,0,289,60.3,59.7,60.0,,0,0,1,0,0.0,39.6,0.0,0,0,0,1,0,0,0.0,0,0.0
3,Isaac Ross,104919,WR,UMASS,1,100.0,1,1,-2.0,3.4,0,0,0.0,100.0,1,0,0,0.0,1,0,1,216,60.3,61.9,60.4,,0,0,1,0,,118.8,0.0,0,0,0,0,0,0,0.0,25,25.0
3,Jemel Jones,102863,QB,ARMY,1,100.0,1,1,29.0,2.3,0,0,0.0,100.0,1,0,0,0.0,1,0,1,114,75.4,81.2,76.6,70.3,0,0,1,0,,118.8,0.0,0,0,0,0,0,0,0.0,37,37.0
3,John Stephen Jones,82078,QB,ARKANSAS,1,0.0,1,1,5.0,3.0,0,0,0.0,0.0,0,0,0,,1,0,0,111,60.3,54.4,57.7,,0,0,1,0,,39.6,0.0,0,0,0,0,0,0,0.0,0,0.0
3,Henry Colombi,60583,QB,TEXAS TECH,1,100.0,1,1,7.0,1.6,0,0,0.0,100.0,1,0,0,0.0,1,0,1,315,65.9,84.1,71.7,69.3,0,0,1,0,,100.0,0.0,0,0,0,0,0,0,0.0,8,8.0
3,Derek Wright,101347,WR,UTAH ST,1,0.0,1,1,22.0,3.6,0,0,0.0,0.0,0,0,0,,1,0,0,329,62.4,51.5,50.4,,0,0,1,0,,39.6,0.0,0,0,0,0,0,0,0.0,0,0.0
3,Brenden Brady,83795,HB,UTSA,1,0.0,1,1,22.0,3.6,0,0,0.0,0.0,0,0,0,,1,0,0,331,72.0,59.7,50.4,61.8,0,0,1,0,,39.6,0.0,0,0,0,0,0,0,0.0,0,0.0
3,Ryan O'Keefe,101139,WR,UCF,1,100.0,1,1,-7.0,3.0,0,0,0.0,100.0,1,0,0,0.0,1,0,1,323,65.9,65.7,60.6,,0,0,1,0,,158.3,0.0,0,0,0,0,1,0,0.0,20,20.0
3,Justice McCoy,52034,WR,COLO STATE,1,0.0,1,1,15.0,4.9,0,0,0.0,0.0,0,0,1,,1,0,0,144,60.3,49.4,46.8,,0,0,1,0,0.0,39.6,0.0,0,0,0,0,0,0,0.0,0,0.0
3,Dontayvion Wicks,99711,WR,VIRGINIA,1,0.0,1,1,17.0,1.1,0,0,0.0,0.0,0,0,0,,1,0,0,335,66.9,65.9,47.3,,0,0,1,0,,39.6,0.0,0,0,0,0,0,0,0.0,0,0.0
3,Davis Koetter,52163,WR,BOISE ST,1,0.0,1,1,23.0,3.1,0,0,0.0,0.0,0,0,0,,1,0,0,120,65.3,56.9,50.4,,0,0,1,0,,39.6,0.0,0,0,0,0,0,0,0.0,0,0.0
3,Nick Nash,98679,QB,S JOSE ST,1,100.0,1,1,46.0,4.2,0,1,100.0,0.0,0,0,0,100.0,1,1,0,285,63.7,55.1,87.3,,0,0,1,0,,39.6,0.0,0,0,0,0,0,0,0.0,0,0.0
3,Tyler Buchner,147472,QB,NOTRE DAME,1,100.0,1,1,0.0,1.9,0,0,0.0,0.0,0,0,0,100.0,1,1,0,258,67.5,79.9,60.4,71.6,0,0,1,0,,39.6,0.0,0,0,0,0,0,0,0.0,0,0.0
3,Jacob Zeno,98014,QB,BAYLOR,1,100.0,1,1,7.0,2.9,0,0,0.0,0.0,0,0,0,100.0,1,1,0,118,63.7,50.4,53.9,58.2,0,0,1,0,,39.6,0.0,0,0,0,0,0,0,0.0,0,0.0
3,Reggie Todd,61462,WR,TROY,1,0.0,1,1,35.0,4.5,0,0,0.0,0.0,0,0,0,,1,0,0,318,65.6,56.7,50.1,63.2,0,0,1,0,,39.6,0.0,0,0,0,0,0,0,0.0,0,0.0
3,Matt Myers,77698,QB,BUFFALO,1,0.0,1,1,27.0,3.1,0,0,0.0,0.0,0,0,0,,1,0,0,126,65.9,60.4,59.9,60.3,0,0,1,0,,39.6,0.0,0,0,0,0,0,0,0.0,0,0.0
3,Tory Horton,128232,WR,NEVADA,1,100.0,1,1,10.0,3.9,0,0,0.0,100.0,1,0,0,0.0,1,0,1,239,64.6,62.3,72.6,,0,0,1,0,,118.8,0.0,0,0,0,0,0,0,0.0,44,44.0
3,Tory Taylor,129481,P,IOWA,1,100.0,1,1,3.0,1.9,0,0,0.0,100.0,1,0,0,0.0,1,0,0,192,60.3,60.6,60.6,,0,0,1,0,,79.2,0.0,0,0,0,0,0,0,0.0,3,3.0
3,E.J. Perry,60349,QB,BROWN,1,75.5,53,62,8.0,2.89,4,1,1.6,59.7,37,0,17,7.5,70,3,22,123,21.7,57.8,63.3,47.4,0,2,71,1,11.8,72.2,2.9,2,6,0,5,2,4,5.6,344,5.5
3,Kenyon Oblad,83576,QB,DIXIE,1,70.4,54,58,9.2,2.56,1,1,1.5,55.2,32,0,26,15.8,66,6,23,1285,71.2,54.5,52.7,64.9,1,5,74,0,23.1,60.8,9.1,6,2,0,2,4,3,4.1,358,6.2
3,Rogan Wells,149999,QB,W CAROLINA,1,62.7,51,56,10.2,2.82,0,3,4.9,42.9,24,0,23,25.0,65,8,15,344,73.2,71.3,66.0,71.9,0,3,70,0,17.4,56.7,6.2,4,4,0,5,3,3,4.3,314,5.6
3,Mark Pappas,109046,QB,MOREHEAD,1,50.0,44,50,10.1,2.91,0,0,0.0,42.0,21,0,10,4.5,51,1,13,234,70.0,36.3,33.9,64.3,0,2,55,0,0.0,45.2,0.0,0,1,0,6,1,4,7.3,218,4.4
3,Rasean McKay,88321,QB,FL A&M,1,65.9,44,49,7.9,2.02,4,1,2.0,51.0,25,0,17,13.8,50,4,15,164,70.4,54.6,54.6,56.1,0,0,50,0,5.9,72.5,2.0,1,0,0,1,1,2,4.0,248,5.1
3,Kaleb Fletcher,60499,QB,NWSTATE,1,65.1,43,48,9.2,2.38,1,3,6.1,58.3,28,0,23,0.0,58,0,18,257,72.1,49.9,50.7,57.3,1,2,59,1,8.7,61.9,3.4,2,8,1,2,1,3,5.1,249,5.2
3,Westin Elliott,60433,QB,MERRIMACK,1,66.7,45,48,10.5,2.21,0,0,0.0,60.4,29,0,10,3.3,48,1,17,385,70.5,50.7,50.0,59.4,1,2,51,0,0.0,73.4,0.0,0,0,0,2,2,4,7.8,282,5.9
3,Richie Kenney,91723,QB,CORNELL,1,47.8,46,47,14.1,2.14,0,5,10.4,38.3,18,0,12,18.2,47,4,11,147,69.9,67.0,66.7,58.8,0,0,48,0,0.0,72.0,0.0,0,0,0,1,2,2,4.2,269,5.7
3,Liam Welch,19897,QB,SAMFORD,1,69.6,46,47,8.0,2.64,0,3,5.8,57.4,27,0,11,15.6,50,5,15,282,71.9,67.9,62.5,71.8,0,4,55,0,9.1,52.6,2.0,1,2,0,1,1,3,5.5,350,7.4
3,Corey Fields Jr.,78539,QB,SCAR STATE,1,69.6,46,47,10.1,2.73,0,5,10.2,63.8,30,0,19,6.3,52,2,19,290,70.6,67.1,67.1,58.6,0,3,54,0,10.5,88.3,3.8,2,3,0,1,4,3,5.6,352,7.5
3,Cam Ward,133244,QB,INCAR WORD,1,68.9,45,47,8.1,2.5,1,2,4.3,66.0,31,0,12,0.0,50,0,22,189,24.4,64.7,65.1,59.9,0,1,50,0,8.3,109.7,2.0,1,2,0,1,4,1,2.0,374,8.0
3,Jake Dunniway,60572,QB,SACRAMENTO,1,65.1,43,46,11.0,2.55,1,2,4.0,56.5,26,0,11,7.1,47,2,18,279,69.7,68.4,69.8,56.3,1,1,51,0,0.0,89.4,0.0,0,1,0,1,2,2,3.9,384,8.3
3,Connor Sampson,33374,QB,W ILLINOIS,1,85.0,40,46,6.7,2.71,2,4,8.3,67.4,31,0,16,8.8,51,3,21,345,69.7,91.7,92.1,60.5,0,1,53,0,18.8,116.7,5.9,3,2,0,4,4,1,1.9,425,9.2
3,Eric Barriere,40109,QB,E WASHGTON,1,82.2,45,45,11.4,2.52,0,4,8.5,68.9,31,0,6,16.2,46,6,18,161,71.4,87.9,87.5,63.2,0,0,48,0,0.0,149.3,0.0,0,1,0,0,6,2,4.2,542,12.0
3,Shedeur Sanders,131396,QB,JACKSON ST,1,76.3,38,43,6.2,2.84,0,1,2.3,65.1,28,0,23,3.4,52,1,14,194,69.8,58.9,64.5,50.5,2,1,54,1,13.0,79.5,5.8,3,6,1,2,1,1,1.9,259,6.0
3,Collin Ironside,139107,QB,VA MILT IN,1,71.1,38,42,5.9,2.1,1,2,4.3,61.9,26,0,19,3.7,46,1,11,336,42.0,64.1,67.7,49.3,0,1,50,0,10.5,82.9,4.3,2,1,0,3,2,2,4.0,235,5.6
3,Breylin Smith,33893,QB,CENT ARK,1,78.0,41,42,11.9,2.49,0,4,9.5,73.8,31,0,10,3.1,46,1,20,132,69.8,80.3,79.8,59.5,0,2,46,0,20.0,108.1,4.3,2,0,0,1,4,1,2.2,329,7.8
3,Cole Smith,109050,QB,PRINCETON,1,79.5,39,41,7.6,2.29,0,3,7.0,73.2,30,0,7,3.2,45,1,16,272,69.5,77.1,77.6,57.3,0,0,47,0,28.6,129.3,4.4,2,1,0,2,3,0,0.0,412,10.0
3,Daniel Smith,88625,QB,VILLANOVA,1,73.7,38,41,10.2,2.52,1,2,4.8,65.9,27,0,9,3.6,43,1,15,334,70.5,69.7,69.9,55.9,0,1,44,0,0.0,98.5,0.0,0,2,0,2,2,2,4.5,349,8.5
3,Ren Hefley,101621,QB,PRESBYTERN,1,52.5,40,40,6.6,2.7,0,0,0.0,50.0,20,0,18,4.8,50,1,7,271,18.8,24.3,24.4,47.9,0,7,52,1,38.9,18.4,14.0,7,3,0,0,0,9,17.3,137,3.4
3,Tim Demorat,78498,QB,FORDHAM,1,56.8,37,40,12.3,2.57,1,2,4.8,40.0,16,0,12,23.8,42,5,8,168,69.3,29.9,30.0,57.3,0,2,44,0,8.3,52.9,2.4,1,1,0,2,2,7,15.9,208,5.2
3,Quinton Williams,102366,QB,HOWARD,1,65.7,35,39,13.2,2.78,0,4,9.8,59.0,23,0,12,0.0,44,0,16,184,38.3,71.1,71.8,59.1,0,2,46,0,16.7,93.6,4.5,2,3,0,4,3,3,6.5,357,9.2
3,Davis Alexander,52162,QB,PORTLAND,1,80.0,35,38,9.9,3.13,0,2,4.5,63.2,24,0,13,14.3,39,4,13,269,71.0,77.6,77.3,62.5,1,1,46,0,0.0,94.5,0.0,0,1,0,2,2,2,4.3,303,8.0
3,Bret Edwards,88638,QB,NEW HAMP,1,69.4,36,38,9.0,3.31,1,2,5.0,57.9,22,0,15,12.0,42,3,15,240,37.3,63.5,64.6,54.3,0,0,44,0,13.3,95.2,4.8,2,2,0,1,2,2,4.5,249,6.6
3,Parker McKinney,82109,QB,E KENTUCKY,1,69.4,36,38,10.0,2.59,0,1,2.4,60.5,23,0,12,8.0,42,2,9,159,71.0,72.9,69.9,68.4,0,0,46,0,25.0,83.8,7.1,3,1,0,2,1,0,0.0,205,5.4
3,Joseph Brunell,109021,QB,GEORGETOWN,1,60.0,35,37,10.3,2.67,0,2,5.1,54.1,20,0,20,4.8,43,1,12,172,47.2,61.8,64.3,51.5,0,1,45,0,15.0,73.3,7.0,3,2,0,2,1,1,2.2,252,6.8
3,Jack Chambers,60359,QB,CHARLES SO,1,62.5,32,36,8.4,2.55,2,0,0.0,50.0,18,0,12,10.0,45,2,12,135,41.2,47.7,31.3,76.4,1,1,48,0,25.0,51.5,6.7,3,6,0,1,0,4,8.3,167,4.6
3,Draylen Ellis,121346,QB,AUSTINPEAY,1,73.5,34,36,17.3,2.91,0,3,7.7,61.1,22,0,5,12.0,39,3,11,116,70.9,70.1,66.3,70.0,0,0,43,0,20.0,120.6,2.6,1,2,0,2,3,4,9.3,344,9.6
3,Tommy Schuster,108954,QB,N DAKOTA,1,81.3,32,36,6.4,2.81,0,0,0.0,63.9,23,0,13,11.5,40,3,16,249,69.5,71.4,72.0,59.5,0,1,40,0,0.0,89.6,0.0,0,4,1,3,2,1,2.5,236,6.6
3,Davis Cheek,55146,QB,ELON,1,78.1,32,36,7.0,2.69,0,0,0.0,61.1,22,0,16,12.0,40,3,10,162,69.1,64.8,65.2,57.3,0,1,42,0,18.8,67.1,7.5,3,1,0,4,0,0,0.0,222,6.2
3,Justin Miller,103941,QB,SO UTAH,1,75.8,33,35,10.0,2.7,1,4,10.0,68.6,24,0,5,4.0,35,1,15,298,69.0,79.9,78.9,,0,2,40,0,0.0,109.8,0.0,0,0,0,1,4,3,7.5,305,8.7
3,Aqeel Glass,60328,QB,ALAB A&M,1,74.3,35,35,6.4,2.52,0,1,2.6,62.9,22,0,8,15.4,35,4,12,104,23.3,67.1,70.2,49.6,0,0,40,0,0.0,101.4,0.0,0,0,0,0,2,1,2.5,234,6.7
3,Cole Copeland,63563,QB,CHATTNOOGA,1,65.7,35,35,7.7,2.68,0,0,0.0,60.0,21,0,8,8.7,36,2,10,137,68.8,40.8,42.1,50.4,0,1,38,0,0.0,69.7,0.0,0,1,0,0,1,1,2.6,168,4.8
3,Romelo Williams,78489,QB,CENT CT ST,1,63.3,30,34,5.8,2.93,0,0,0.0,50.0,17,0,11,10.5,37,2,10,133,34.1,43.0,43.6,53.2,0,1,39,2,0.0,59.4,0.0,0,3,0,4,1,1,2.6,148,4.4
3,Jawon Pass,40916,QB,PRVIEW A&M,1,75.8,33,34,11.1,2.03,1,4,11.4,64.7,22,0,7,12.0,40,3,16,270,42.0,83.4,80.9,68.7,0,1,41,1,28.6,109.6,5.0,2,1,0,0,2,1,2.4,377,11.1
3,Felix Harper,13753,QB,ALCORN ST,1,67.7,31,33,11.5,2.96,0,3,8.3,60.6,20,0,23,4.8,41,1,13,107,69.7,76.5,75.7,62.7,2,1,44,0,17.4,83.5,9.8,4,4,0,0,1,2,4.5,265,8.0
3,Cole Kelley,39945,QB,SE LA,1,81.8,33,33,12.5,2.44,0,0,0.0,75.8,25,0,6,7.4,34,2,18,294,32.6,88.1,86.4,66.0,0,1,36,0,16.7,144.3,2.9,1,0,0,0,4,2,5.6,444,13.5
3,Joe Mancuso,40312,QB,RICHMOND,1,71.0,31,33,8.9,2.69,1,2,5.9,57.6,19,0,8,13.6,35,3,12,276,70.3,73.8,73.5,62.8,0,2,36,0,0.0,78.1,0.0,0,2,0,1,2,2,5.6,262,7.9
3,Skyler Perry,82082,QB,ARKAPB,1,44.8,29,32,13.6,3.0,0,3,8.8,40.6,13,0,15,0.0,36,0,9,112,71.1,46.6,41.7,63.1,0,1,39,1,6.7,45.4,2.8,1,3,0,3,0,3,7.7,173,5.4
3,Otto Kuhns,138014,QB,E ILLINOIS,1,61.3,31,32,11.2,2.78,0,2,6.1,50.0,16,0,16,15.8,37,3,10,158,72.1,77.7,76.8,65.3,0,1,38,0,12.5,63.2,5.4,2,3,0,1,1,0,0.0,169,5.3
3,Shannon Patrick,82081,QB,BETH COOK,1,75.9,29,32,11.1,2.73,1,5,14.7,56.3,18,0,9,18.2,35,4,11,119,20.8,84.6,89.4,51.1,0,2,37,0,11.1,62.2,2.9,1,2,0,2,1,5,13.5,222,6.9
3,Theo Day,83515,QB,N IOWA,1,58.1,31,32,8.3,2.62,0,0,0.0,56.3,18,0,9,0.0,34,0,7,255,68.6,40.3,35.0,69.3,1,1,35,0,0.0,71.0,0.0,0,2,0,0,1,1,2.9,189,5.9
3,Conner Martin,91726,QB,N COLORADO,1,70.0,30,31,7.2,3.04,0,0,0.0,61.3,19,0,13,9.5,36,2,7,253,68.7,67.2,64.3,64.1,0,1,36,0,30.8,72.2,11.1,4,1,0,1,1,1,2.8,162,5.2
3,Tony Muskett,142933,QB,MONMOUTH,1,65.5,29,30,10.8,2.45,1,1,2.9,63.3,19,0,10,0.0,34,0,13,231,68.9,76.5,76.0,62.8,0,0,38,0,20.0,105.1,5.9,2,2,0,0,2,0,0.0,202,6.7
3,Juwan Carter,91113,QB,NORFOLK,1,85.7,28,30,12.3,2.29,1,6,17.6,76.7,23,0,12,4.2,36,1,16,244,30.6,91.7,90.4,75.9,0,0,40,0,16.7,154.6,5.6,2,3,0,1,5,0,0.0,353,11.8
3,Wiley Hartley,122297,QB,CAMPBELL,1,82.8,29,30,12.8,1.99,1,1,3.0,73.3,22,0,7,8.3,32,2,11,131,69.1,89.1,86.2,69.2,0,0,35,0,14.3,150.3,3.1,1,1,0,0,6,1,2.9,342,11.4
3,Chris Ferguson,40105,QB,TOWSON,1,67.9,28,29,6.7,3.0,0,0,0.0,65.5,19,0,14,0.0,35,0,7,317,69.3,43.0,45.0,50.0,0,0,37,1,28.6,79.8,11.4,4,2,0,1,0,2,5.4,161,5.6
3,Preston Rice,60469,QB,MURRAY ST,1,57.1,28,29,13.0,3.3,0,1,3.3,44.8,13,0,16,18.8,35,3,7,236,21.1,59.6,59.5,58.5,0,2,37,0,25.0,29.7,11.4,4,2,0,1,0,3,8.1,132,4.6
3,Conor Regan,63589,QB,MS VLY ST,1,40.7,27,28,10.0,1.93,1,1,3.3,39.3,11,0,9,0.0,31,0,5,228,34.0,29.1,27.9,61.5,0,2,34,0,33.3,19.9,9.7,3,0,0,0,0,4,11.8,100,3.6
3,Griffin O'Connor,109073,QB,YALE,1,53.6,28,28,14.8,3.09,0,3,10.3,50.0,14,0,15,6.7,33,1,9,352,68.5,65.5,62.9,64.3,0,1,34,0,26.7,86.0,12.1,4,1,0,0,2,2,5.9,224,8.0
3,Darius Wilson,148492,QB,WM & MARY,1,76.9,26,28,5.2,2.78,1,0,0.0,64.3,18,0,14,10.0,31,2,9,348,31.4,57.3,53.9,63.2,1,1,33,0,0.0,59.4,0.0,0,3,0,0,0,0,0.0,125,4.5
3,Steven Duncan,40211,QB,TARLETON,1,76.9,26,28,9.7,2.51,0,3,10.0,67.9,19,0,7,5.0,32,1,15,401,32.1,68.1,59.8,76.4,0,1,34,0,28.6,120.2,6.3,2,2,1,1,4,3,8.8,248,8.9
3,Cole Johnson,29785,QB,JAMES MAD,1,74.1,27,28,4.6,2.42,0,0,0.0,71.4,20,0,6,0.0,32,0,11,197,70.8,63.2,68.3,51.6,0,0,32,0,16.7,111.8,3.1,1,3,0,1,2,0,0.0,177,6.3
3,Marquez McCray,109056,QB,SACR HEART,1,81.0,21,26,4.8,3.86,0,0,0.0,65.4,17,0,19,0.0,34,0,13,280,70.9,72.6,70.6,64.8,0,0,34,0,10.5,99.0,5.9,2,6,0,5,1,1,2.9,185,7.1
3,Blake Dever,46546,QB,N ALABAMA,1,66.7,24,26,9.4,3.04,0,2,6.7,57.7,15,0,17,6.3,35,1,14,389,69.4,70.4,74.1,56.0,1,1,39,0,17.6,93.1,8.6,3,6,0,1,1,1,2.6,288,11.1
3,Walker Harris,150449,QB,NC CENT,1,84.0,25,26,5.3,2.43,0,2,7.4,65.4,17,0,5,19.0,30,4,9,247,69.8,69.3,75.5,50.5,0,0,31,0,20.0,79.3,3.3,1,3,0,1,0,0,0.0,142,5.5
3,Jaalon Frazier,60391,QB,WAGNER,1,58.3,24,25,8.3,2.44,1,0,0.0,56.0,14,0,10,0.0,28,0,5,338,72.3,64.8,61.5,64.0,0,1,29,0,20.0,94.8,7.1,2,1,0,0,2,0,0.0,216,8.6
3,Stone Earle,123504,QB,ABILENE CH,1,86.4,22,25,3.2,2.86,1,1,3.8,72.0,18,0,8,5.3,29,1,10,100,68.8,70.8,65.6,69.6,0,0,30,0,12.5,99.8,3.4,1,3,1,1,1,1,3.3,146,5.8
3,Neil Boudreau,44632,QB,MORGAN ST,1,68.0,25,25,7.4,2.5,0,0,0.0,48.0,12,0,9,29.4,28,5,5,235,68.6,61.1,55.7,68.9,0,1,28,0,11.1,43.6,3.6,1,2,0,0,0,2,7.1,109,4.4
3,Jack Cook,109015,QB,DAYTON,1,65.2,23,24,6.0,2.43,0,0,0.0,58.3,14,0,9,6.7,26,1,5,150,70.1,65.3,66.4,56.7,0,0,27,0,22.2,73.4,7.7,2,0,0,1,0,0,0.0,131,5.5
3,Geremy Hickbottom,62834,QB,TENN STATE,1,72.7,22,24,10.0,2.5,0,3,11.5,62.5,15,0,6,6.3,28,1,12,308,18.8,74.4,80.4,49.7,0,1,31,0,16.7,122.2,3.6,1,3,1,1,3,3,9.7,264,11.0
3,Jyron Russell,82069,QB,ST FRANCIS,1,79.2,24,24,9.3,2.34,0,1,4.2,58.3,14,0,8,26.3,29,5,10,299,70.7,78.1,78.1,67.3,0,1,31,1,12.5,106.6,3.4,1,4,0,0,4,1,3.2,194,8.1
3,Teryn Berry,103950,QB,VALPO,1,76.2,21,24,8.0,2.73,0,0,0.0,62.5,15,0,9,6.3,26,1,6,332,70.1,60.5,58.3,66.9,0,1,27,1,22.2,69.1,7.7,2,0,0,3,1,1,3.7,106,4.4
3,Kahliq Paulette,147557,QB,CAL POLY,1,52.9,17,23,10.5,3.11,1,1,4.3,39.1,9,0,9,0.0,25,0,5,129,31.5,57.9,52.8,64.6,0,0,25,0,11.1,69.5,4.0,1,1,0,5,1,1,4.0,112,4.9
3,Zevi Eckhaus,148535,QB,BRYANT,1,85.0,20,23,4.5,2.69,1,0,0.0,65.2,15,0,12,11.8,26,2,9,124,28.3,60.4,57.0,64.9,1,0,30,1,8.3,91.4,3.8,1,2,0,1,1,1,3.3,113,4.9
3,Keon Howard,40418,QB,TENN MARTN,1,77.3,22,23,8.4,2.25,0,3,12.0,69.6,16,0,7,5.9,26,1,9,310,31.3,70.9,72.5,59.8,0,0,28,0,14.3,106.6,3.8,1,2,0,1,1,2,7.1,177,7.7
3,Derek Robertson,142298,QB,MAINE,1,63.6,22,23,8.8,2.06,0,2,8.0,47.8,11,0,7,21.4,25,3,7,212,28.5,67.3,70.0,53.4,0,0,27,0,14.3,82.0,4.0,1,1,0,1,1,0,0.0,141,6.1
3,Tyquell Fields,51615,QB,STNY BROOK,1,50.0,22,23,17.2,3.15,0,1,4.2,43.5,10,0,14,9.1,27,1,4,303,69.1,50.4,50.9,59.2,0,3,28,2,7.1,22.5,3.7,1,3,0,1,0,2,7.1,131,5.7
3,Harry Kirk,143015,QB,COLGATE,1,55.6,18,23,14.2,3.05,1,1,4.3,39.1,9,0,12,10.0,24,1,4,142,68.8,58.2,54.0,66.9,0,2,24,0,0.0,11.7,0.0,0,1,0,4,0,1,4.2,73,3.2
3,Ah-Shaun Davis,149376,QB,LAFAYETTE,1,78.3,23,23,9.4,3.03,0,1,4.3,69.6,16,0,18,11.1,32,2,10,203,68.3,48.7,54.6,46.2,0,1,32,0,22.2,76.7,12.5,4,5,0,0,0,2,6.3,192,8.3
3,John Quinnelly,109048,QB,PENN,1,68.2,22,22,12.0,2.95,0,2,8.3,68.2,15,0,11,0.0,28,0,10,267,71.1,64.7,72.4,53.4,0,0,30,1,9.1,140.9,3.6,1,5,0,0,2,0,0.0,273,12.4
3,Derek Kyler,109012,QB,DARTMOUTH,1,85.7,21,22,7.7,2.5,0,0,0.0,68.2,15,0,6,16.7,25,3,10,148,18.8,59.5,71.3,40.8,0,0,25,1,33.3,132.0,8.0,2,1,0,1,3,1,4.0,177,8.0
3,Matthew McKay,60485,QB,MONTANA ST,1,59.1,22,22,11.9,2.23,0,1,4.5,54.5,12,0,4,7.7,23,1,9,233,71.7,75.3,67.8,72.9,0,0,23,0,25.0,120.3,4.3,1,0,0,0,2,0,0.0,224,10.2
3,Jett Duffey,41634,QB,HAMPTON,1,71.4,21,22,12.0,3.0,0,1,4.5,63.6,14,0,5,6.7,25,1,9,178,72.6,83.6,78.4,72.3,0,0,25,0,20.0,137.5,4.0,1,2,0,1,2,1,4.0,300,13.6
3,Camden Orth,108965,QB,LIUSHAR,1,68.2,22,22,10.6,2.57,0,1,4.3,68.2,15,0,11,0.0,27,0,11,1298,69.7,53.2,58.3,55.2,0,0,28,2,36.4,110.4,14.8,4,1,0,0,1,2,7.1,192,8.7
3,Nolan Henderson,63572,QB,DELAWARE,1,70.0,20,22,9.0,2.99,1,1,3.8,54.5,12,0,12,14.3,28,2,4,151,68.4,66.6,67.4,57.3,1,0,32,0,41.7,81.8,17.9,5,1,0,0,1,0,0.0,101,4.6
3,Charlie Dean,108990,QB,HARVARD,1,68.2,22,22,14.1,2.42,0,0,0.0,59.1,13,0,9,13.3,26,2,8,179,68.0,68.9,68.0,61.3,0,0,28,0,11.1,102.7,3.8,1,2,0,0,2,1,3.6,111,5.0
3,Carson Camp,141837,QB,S DAKOTA,1,94.7,19,21,8.5,2.79,1,1,4.3,81.0,17,0,8,5.6,25,1,11,291,69.6,83.0,83.3,64.3,0,0,27,1,12.5,143.3,4.0,1,3,0,1,2,0,0.0,226,10.8
3,Kylan Weisser,78475,QB,WEBER ST,1,66.7,21,21,9.3,2.34,0,2,8.7,61.9,13,0,9,7.1,22,1,7,342,68.8,66.0,64.2,63.2,0,0,24,0,0.0,102.1,0.0,0,1,0,0,1,2,8.3,164,7.8
3,Nic Baker,87541,QB,S ILLINOIS,1,90.0,20,21,9.8,2.23,0,1,4.5,76.2,16,0,5,11.1,24,2,11,295,68.3,90.5,90.5,64.4,1,0,25,0,20.0,151.8,4.2,1,2,0,0,3,0,0.0,235,11.2
3,Ladarius Skelton,78528,QB,SOUTHERN U,1,71.4,21,21,6.3,2.34,0,1,4.8,66.7,14,0,6,6.7,25,1,8,297,34.2,47.0,48.0,53.0,0,1,26,0,33.3,118.5,8.0,2,1,0,0,3,2,7.7,207,9.9
3,Kasim Hill,60444,QB,RHODE ISLD,1,77.8,18,20,12.3,2.81,1,3,15.0,65.0,13,0,8,7.1,25,1,11,274,70.9,90.6,84.3,77.5,0,0,25,0,25.0,147.9,8.0,2,3,1,0,3,0,0.0,320,16.0
3,Bret Bushka,108927,QB,BUTLER,1,78.9,19,20,10.4,2.9,0,1,5.0,75.0,15,0,2,0.0,21,0,11,127,68.6,88.7,89.6,61.7,0,1,21,0,0.0,131.3,0.0,0,1,0,1,3,1,4.8,230,11.5
3,Hunter Rodrigues,78490,QB,UC DAVIS,1,65.0,20,20,4.3,2.85,0,0,0.0,60.0,12,0,6,7.7,22,1,6,322,29.7,44.7,39.5,60.3,0,1,23,0,16.7,71.5,4.5,1,1,0,0,1,1,4.3,113,5.7
3,Joe Green,101283,QB,COLUMBIA,1,77.8,18,20,2.6,2.53,0,1,5.0,65.0,13,0,4,7.1,25,1,6,145,68.3,67.1,70.7,56.2,0,0,25,0,0.0,105.2,0.0,0,5,0,2,1,0,0.0,155,7.8
3,Matthew Caldwell,150302,QB,JVILLE ST,1,62.5,16,19,11.3,2.46,0,1,5.3,52.6,10,0,9,0.0,19,0,5,196,70.7,58.9,53.9,64.2,1,1,19,0,0.0,44.6,0.0,0,0,0,2,0,1,5.3,94,4.9
3,Hamp Sisson,78462,QB,FURMAN,1,47.1,17,19,9.1,2.67,0,1,5.3,42.1,8,0,12,0.0,21,0,5,170,68.6,54.7,59.2,50.3,0,1,21,0,8.3,51.6,4.8,1,1,0,2,1,1,4.8,86,4.5
3,Jimmy Weirick,88641,QB,WOFFORD,1,52.6,19,19,6.7,2.82,0,0,0.0,52.6,10,0,6,0.0,22,0,6,350,67.5,52.8,47.6,66.6,0,0,24,0,16.7,71.2,4.5,1,2,0,0,0,0,0.0,115,6.1
3,Desmond Young,121715,QB,HOU BAPT,1,41.2,17,19,9.6,2.67,2,0,0.0,31.6,6,0,12,14.3,27,1,4,183,68.0,41.4,30.4,70.8,0,2,28,0,33.3,1.3,14.8,4,4,0,0,0,2,7.1,44,2.3
3,Jared Lewis,108959,QB,DELWARE ST,1,85.7,14,19,9.2,2.69,1,1,5.3,52.6,10,0,14,16.7,29,2,8,152,69.2,67.9,69.8,58.3,0,0,29,1,42.9,87.2,20.7,6,4,0,4,1,0,0.0,108,5.7
3,Trae Self,103962,QB,STF AUSTIN,1,77.8,18,18,12.8,2.76,0,0,0.0,55.6,10,0,7,28.6,19,4,4,301,67.0,64.6,64.0,,0,0,19,0,14.3,135.2,5.3,1,0,0,0,2,1,5.3,215,11.9
3,Kurtis Wilderman,87528,QB,INDIANA ST,1,70.6,17,18,10.7,2.86,0,1,5.6,61.1,11,0,6,8.3,19,1,6,191,67.7,53.0,56.2,52.8,0,0,19,0,0.0,97.2,0.0,0,1,1,0,1,1,5.3,111,6.2
3,Mason Randall,91728,QB,SAN DIEGO,1,43.8,16,17,6.6,2.35,0,1,5.6,41.2,7,0,7,0.0,19,0,3,283,67.8,34.6,29.9,63.3,1,2,20,0,28.6,9.3,10.5,2,0,0,0,0,3,15.0,41,2.4
3,Dante Perri,143112,QB,LEHIGH,1,81.3,16,17,3.1,2.36,0,1,5.9,70.6,12,0,6,7.7,19,1,2,205,67.0,75.2,74.7,,0,0,19,0,33.3,76.1,10.5,2,0,0,1,0,0,0.0,62,3.6
3,Luke Bailey,143172,QB,DRAKE,1,70.6,17,17,7.8,2.1,0,1,5.9,58.8,10,0,6,16.7,17,2,1,153,68.9,38.4,38.7,54.1,0,2,17,0,0.0,24.5,0.0,0,0,0,0,0,2,11.8,53,3.1
3,CJ Jordan,141562,QB,IDAHO,1,52.9,17,17,6.2,3.25,0,0,0.0,47.1,8,0,14,11.1,22,1,4,185,72.2,53.3,34.6,73.2,0,2,23,0,14.3,14.2,9.1,2,3,0,0,0,1,4.3,47,2.8
3,Cody Orgeron,23693,QB,MCNEESE,1,56.3,16,17,8.8,2.57,0,0,0.0,47.1,8,0,8,11.1,22,1,4,217,69.9,48.4,49.1,53.4,0,0,24,0,25.0,81.3,9.1,2,3,0,1,1,1,4.2,83,4.9
3,RJ Martinez,147690,QB,N ARIZONA,1,68.8,16,16,7.5,2.27,0,0,0.0,68.8,11,0,5,0.0,18,0,6,252,28.8,61.7,64.2,56.8,0,1,19,0,0.0,75.3,0.0,0,2,0,0,1,0,0.0,81,5.1
3,Anthony Thompson,40036,QB,INDIANA ST,1,46.7,15,16,10.3,2.4,0,0,0.0,37.5,6,0,6,14.3,18,1,3,191,66.8,26.8,26.9,56.3,0,2,18,0,16.7,41.1,5.6,1,1,1,0,1,3,16.7,102,6.4
3,Austin Day,106411,QB,MARIST,1,66.7,15,16,13.4,2.97,0,2,12.5,56.3,9,0,6,10.0,19,1,3,213,67.0,61.7,67.5,49.2,0,1,19,0,16.7,70.6,5.3,1,2,0,1,1,1,5.3,103,6.4
3,Cade Sexauer,111800,QB,STTHOM,1,53.3,15,16,5.3,2.29,0,0,0.0,50.0,8,0,7,0.0,18,0,2,1129,69.6,48.2,44.5,61.3,1,2,18,0,14.3,18.8,5.6,1,0,0,0,0,2,11.1,56,3.5
3,Tyler Riddell,102355,QB,E TENN ST,1,60.0,15,16,14.6,2.71,0,2,11.1,56.3,9,0,2,0.0,16,0,6,157,68.3,66.9,63.2,65.1,0,0,18,0,0.0,106.3,0.0,0,0,0,1,1,2,11.1,140,8.8
3,Grant Breneman,64179,QB,COLGATE,1,64.3,14,16,5.8,2.65,1,1,5.9,56.3,9,0,7,0.0,20,0,5,142,36.0,54.5,60.2,53.1,0,0,21,0,42.9,68.8,15.0,3,1,0,1,0,0,0.0,76,4.8
3,Jeff Undercuffler,78501,QB,ALBANY,1,57.1,14,15,6.1,2.23,0,1,6.7,53.3,8,0,10,0.0,21,0,2,106,24.7,30.2,36.0,49.7,1,0,21,0,60.0,67.6,28.6,6,0,0,0,0,2,9.5,76,5.1
3,Bailey Fisher,88643,QB,GARD-WEBB,1,84.6,13,15,5.2,3.03,0,0,0.0,66.7,10,0,3,9.1,18,1,8,171,67.6,60.1,49.7,71.4,0,0,18,0,0.0,126.1,0.0,0,3,0,2,2,1,5.6,104,6.9
3,Drew Martin,88645,QB,TENN TECH,1,71.4,14,14,3.5,2.38,0,1,7.1,71.4,10,0,9,0.0,18,0,4,309,68.3,46.7,45.9,57.5,0,1,18,0,22.2,59.5,11.1,2,2,0,0,0,1,5.6,93,6.6
3,C.J. Ogbonna,149182,QB,SE MO ST,1,53.8,13,14,7.5,2.98,0,0,0.0,50.0,7,0,8,0.0,18,0,4,293,71.7,40.4,33.0,57.6,0,1,20,0,12.5,29.8,5.6,1,3,0,1,0,2,10.0,53,3.8
3,Cross Wilkinson,77699,QB,LEHIGH,1,66.7,12,14,4.9,2.28,1,0,0.0,57.1,8,0,7,0.0,18,0,1,205,24.2,34.6,33.2,60.0,1,0,18,0,42.9,66.1,16.7,3,0,0,0,0,1,5.6,55,3.9
3,Nick Semptimphelter,142984,QB,BUCKNELL,1,63.6,11,13,11.8,3.09,0,1,7.1,38.5,5,0,12,28.6,19,2,3,125,67.1,54.6,59.7,50.2,0,0,20,0,25.0,62.0,15.8,3,3,0,2,0,0,0.0,87,6.7
3,Randall Johnson,98675,QB,WEBER ST,1,50.0,12,13,13.8,3.03,1,0,0.0,46.2,6,0,9,0.0,16,0,5,342,17.0,24.6,26.2,34.5,0,1,18,0,11.1,31.9,6.3,1,2,0,0,0,4,22.2,73,5.6
3,Tyler Beverett,142985,QB,BUCKNELL,1,25.0,8,13,20.4,2.97,3,0,0.0,15.4,2,0,13,0.0,15,0,1,125,68.8,29.3,27.0,61.3,0,1,16,0,7.7,7.5,6.7,1,1,0,2,0,3,18.8,20,1.5
3,Jalen Dummett,139376,QB,LAMAR,1,80.0,10,13,6.8,2.99,1,0,0.0,53.8,7,0,7,12.5,20,1,6,204,71.7,61.3,63.6,58.4,0,0,20,0,28.6,74.5,10.0,2,5,1,1,0,0,0.0,86,6.6
3,Preston Weeks,77658,QB,STF AUSTIN,1,61.5,13,13,4.3,2.06,0,0,0.0,61.5,8,0,2,0.0,14,0,7,301,67.1,48.5,48.7,58.5,0,0,14,0,50.0,101.1,7.1,1,0,0,0,0,0,0.0,149,11.5
3,Blaise Bentsen,102365,QB,HOU BAPT,1,66.7,12,12,11.3,3.72,0,0,0.0,66.7,8,0,14,0.0,23,0,8,183,68.2,67.5,62.2,66.7,0,0,24,0,28.6,129.5,17.4,4,7,0,0,3,0,0.0,93,7.8
3,Matthew Sluka,143059,QB,HOLY CROSS,1,66.7,12,12,11.0,2.72,0,0,0.0,58.3,7,0,7,12.5,15,1,6,181,75.0,72.1,48.0,78.3,0,0,15,0,28.6,78.5,13.3,2,1,0,0,0,1,6.7,80,6.7
3,Aldon Clark,60338,QB,GRAMBLING,1,45.5,11,12,13.0,2.99,0,0,0.0,41.7,5,0,9,0.0,17,0,1,177,25.8,29.4,31.5,45.9,0,0,17,0,33.3,53.8,17.6,3,2,0,1,0,2,11.8,49,4.1
3,Quincy Patterson II,77626,QB,N DAK ST,1,63.6,11,11,20.5,2.99,0,3,27.3,54.5,6,0,2,14.3,14,1,4,250,70.6,81.7,75.3,72.1,0,1,14,0,100.0,92.0,14.3,2,1,0,0,1,1,7.1,165,15.0
3,Davis Shanley,60604,QB,TENN TECH,1,50.0,10,10,4.5,2.41,0,0,0.0,50.0,5,0,3,0.0,10,0,2,309,66.5,23.9,25.8,59.2,0,2,10,1,0.0,17.9,0.0,0,0,0,0,0,3,30.0,33,3.3
3,Jy Tolen,132427,QB,GARD-WEBB,1,80.0,10,10,2.2,2.1,0,0,0.0,80.0,8,0,0,0.0,10,0,4,171,65.4,30.0,29.6,,0,0,10,0,,103.7,0.0,0,0,0,0,0,1,10.0,89,8.9
3,Willie Miller,104799,QB,TENN TECH,1,25.0,8,10,8.9,2.29,2,0,0.0,20.0,2,0,4,0.0,13,0,0,309,71.1,43.8,43.8,60.6,0,1,13,2,25.0,0.0,7.7,1,2,0,0,0,1,7.7,18,1.8
3,Judd Erickson,52033,QB,SAN DIEGO,1,62.5,8,9,8.5,2.93,1,0,0.0,55.6,5,0,5,0.0,12,0,4,283,65.8,52.8,57.0,52.5,0,0,12,0,20.0,124.8,8.3,1,2,0,0,1,0,0.0,85,9.4
3,Grady Cramer,64910,QB,MOREHEAD,1,75.0,8,9,21.1,3.06,0,0,0.0,66.7,6,0,3,0.0,9,0,5,234,19.6,63.5,75.5,45.3,0,0,9,0,0.0,149.3,0.0,0,0,0,1,2,0,0.0,127,14.1
3,Peyton Derrick,60329,QB,WOFFORD,1,75.0,8,9,6.5,2.65,0,0,0.0,55.6,5,0,4,16.7,11,1,3,350,66.7,69.6,70.1,59.6,1,1,11,0,50.0,27.8,18.2,2,0,0,0,0,0,0.0,41,4.6
3,Tommy Dolan,111302,QB,STTHOM,1,62.5,8,8,7.8,3.4,0,0,0.0,50.0,4,0,1,20.0,12,1,2,1129,18.8,27.9,34.5,39.3,0,1,12,0,0.0,17.7,0.0,0,4,0,0,0,2,16.7,26,3.3
3,Shon Mitchell,60610,QB,CENT CT ST,1,87.5,8,8,5.9,2.34,0,1,12.5,75.0,6,0,1,14.3,8,1,2,133,66.2,61.9,61.1,60.0,0,1,8,0,0.0,49.5,0.0,0,0,0,0,0,1,12.5,47,5.9
3,Mike Beaudry,101052,QB,IDAHO,1,62.5,8,8,5.9,2.46,0,0,0.0,62.5,5,0,4,0.0,10,0,1,185,17.6,36.0,38.2,56.3,0,0,10,0,25.0,73.4,10.0,1,1,0,0,0,1,10.0,37,4.6
3,Ruben Beltran,91402,QB,DRAKE,1,100.0,5,7,3.8,1.86,1,0,0.0,71.4,5,0,2,0.0,7,0,1,153,66.3,55.4,60.0,54.1,0,0,9,0,0.0,81.3,0.0,0,0,0,1,0,0,0.0,33,4.7
3,Julian McGarvey,105955,QB,MARIST,1,60.0,5,7,5.4,3.09,0,0,0.0,42.9,3,0,6,0.0,10,0,1,213,65.4,41.5,33.0,64.1,1,0,10,0,33.3,50.3,20.0,2,1,0,1,0,1,10.0,16,2.3
3,Jackson Waring,138217,QB,ILL STATE,1,85.7,7,7,5.3,3.42,0,0,0.0,71.4,5,0,5,16.7,11,1,4,188,23.9,61.6,58.2,61.3,0,0,11,0,20.0,81.3,9.1,1,3,0,0,0,1,9.1,33,4.7
3,Asher O'Hara,78529,QB,SACRAMENTO,1,50.0,4,7,6.3,3.32,0,0,0.0,28.6,2,0,5,0.0,9,0,1,279,72.7,62.1,43.5,69.0,0,0,10,0,0.0,39.6,0.0,0,2,0,3,0,0,0.0,16,2.3
3,Joey Carino,142211,QB,ALBANY,1,85.7,7,7,3.0,2.55,0,0,0.0,85.7,6,0,4,0.0,12,0,5,106,71.6,64.0,53.0,68.5,0,0,15,0,75.0,137.2,25.0,3,2,0,0,1,0,0.0,52,7.4
3,Marco Siderman,143060,QB,HOLY CROSS,1,83.3,6,6,6.7,2.61,0,1,14.3,66.7,4,0,1,20.0,7,1,1,181,64.9,60.9,63.4,57.8,0,0,8,0,0.0,104.9,0.0,0,1,0,0,0,1,12.5,68,11.3
3,Xavier Shepherd,104767,QB,KENNESAW,1,83.3,6,6,9.8,2.35,0,1,16.7,83.3,5,0,2,0.0,8,0,4,200,29.7,64.3,81.5,53.6,0,0,8,0,50.0,156.3,12.5,1,1,0,0,2,0,0.0,72,12.0
3,Kobe Tracy,141317,QB,DIXIE,1,83.3,6,6,5.8,2.73,0,0,0.0,83.3,5,0,1,0.0,6,0,3,1285,64.6,75.7,75.2,,0,0,7,0,0.0,100.0,0.0,0,0,0,0,0,0,0.0,48,8.0
3,Duce Taylor,150493,QB,MORGAN ST,1,66.7,6,6,3.0,2.61,0,0,0.0,66.7,4,0,4,0.0,7,0,1,235,64.9,68.6,62.2,64.9,0,0,8,0,0.0,72.9,0.0,0,1,0,0,0,0,0.0,22,3.7
3,Cade Bartlett,104770,QB,MCNEESE,1,60.0,5,5,12.8,2.48,0,0,0.0,40.0,2,0,1,33.3,6,1,1,217,64.2,75.4,74.9,,0,0,6,0,100.0,52.1,16.7,1,0,0,0,0,1,16.7,20,4.0
3,Brock Bagozzi,149648,QB,MARIST,1,60.0,5,5,20.8,3.26,0,1,16.7,60.0,3,0,2,0.0,7,0,2,213,64.9,63.3,72.1,51.4,0,0,8,0,0.0,101.3,0.0,0,2,0,0,0,0,0.0,59,11.8
3,Dylan Earney,102349,QB,CAMPBELL,1,100.0,5,5,15.6,1.91,0,0,0.0,80.0,4,0,2,20.0,7,1,2,131,66.3,70.3,71.9,60.0,0,0,9,0,50.0,118.8,14.3,1,0,0,0,0,0,0.0,82,16.4
3,Stone Norton,97988,QB,S ILLINOIS,1,66.7,3,4,7.0,1.65,1,0,0.0,50.0,2,0,0,0.0,4,0,1,295,64.2,67.5,66.8,,0,0,6,0,,95.8,0.0,0,0,0,0,1,0,0.0,9,2.3
3,Cole Dow,108930,QB,DAYTON,1,25.0,4,4,15.3,3.08,0,0,0.0,25.0,1,0,1,0.0,5,0,1,150,68.9,68.2,49.8,73.9,0,0,5,0,100.0,39.6,20.0,1,0,0,0,0,0,0.0,9,2.3
3,Blake Ellingson,149550,QB,DRAKE,1,0.0,4,4,22.5,3.76,0,0,0.0,0.0,0,0,5,,5,0,0,153,63.8,42.8,42.4,,0,1,5,0,20.0,0.0,20.0,1,0,0,0,0,0,0.0,0,0.0
3,Johnathan Lewis,60520,QB,S DAKOTA,1,50.0,4,4,2.8,2.28,0,0,0.0,50.0,2,0,2,0.0,4,0,1,291,68.8,44.8,50.2,57.3,0,0,4,1,0.0,71.9,0.0,0,0,0,0,0,0,0.0,27,6.8
3,Tayvon Bowers,55447,QB,GARD-WEBB,1,100.0,4,4,4.8,2.0,0,0,0.0,50.0,2,0,0,50.0,4,2,0,171,13.4,51.8,74.6,60.0,0,1,4,0,,21.9,0.0,0,0,0,0,0,0,0.0,17,4.3
3,Guenson Alexis,148625,QB,WAGNER,1,33.3,3,4,6.7,2.61,1,0,0.0,25.0,1,0,3,0.0,6,0,0,338,64.2,25.8,25.9,,0,1,6,0,66.7,0.0,33.3,2,0,0,0,0,1,16.7,5,1.3
3,Luke Emge,109025,QB,HARVARD,1,100.0,3,4,2.7,2.7,0,0,0.0,75.0,3,0,3,0.0,6,0,2,179,65.7,61.4,54.7,64.1,1,0,6,0,0.0,77.1,0.0,0,2,0,0,0,0,0.0,11,2.8
3,Brady Pope,84524,QB,N ALABAMA,1,75.0,4,4,4.3,2.42,0,0,0.0,75.0,3,0,0,0.0,5,0,1,389,69.7,54.2,55.0,57.1,0,0,5,0,,77.1,0.0,0,1,0,0,0,0,0.0,8,2.0
3,Jake Smith,109024,QB,HARVARD,1,50.0,4,4,3.8,2.3,0,0,0.0,50.0,2,0,0,0.0,4,0,0,179,63.8,45.0,44.3,,0,0,5,0,,56.3,0.0,0,0,0,0,0,0,0.0,12,3.0
3,Blake Short,122117,QB,STF AUSTIN,1,100.0,4,4,11.8,2.4,0,0,0.0,50.0,2,0,1,50.0,4,2,1,301,65.2,68.7,71.1,59.1,0,0,4,0,0.0,56.3,0.0,0,0,0,0,0,0,0.0,12,3.0
3,Jeff Widener,104774,QB,N ARIZONA,1,50.0,4,4,5.3,2.43,0,0,0.0,25.0,1,0,2,50.0,6,1,1,252,67.0,29.3,26.2,63.7,0,1,6,0,50.0,0.0,16.7,1,1,0,0,0,1,16.7,4,1.0
3,Brandon Robinson,82141,QB,RHODE ISLD,1,25.0,4,4,17.5,2.56,0,0,0.0,25.0,1,0,1,0.0,5,0,0,274,66.8,54.4,43.1,67.4,0,1,5,0,100.0,0.0,20.0,1,0,0,0,0,1,20.0,4,1.0
3,Nolan Grooms,108987,QB,YALE,1,100.0,4,4,3.0,2.6,0,0,0.0,100.0,4,0,2,0.0,4,0,3,352,70.4,60.9,59.8,61.0,0,0,4,0,0.0,95.8,0.0,0,0,0,0,0,0,0.0,28,7.0
3,Jaylan Adams,89133,QB,CITADEL,1,100.0,4,4,17.0,2.54,0,2,40.0,75.0,3,0,2,25.0,5,1,3,139,17.4,80.1,72.5,71.2,0,0,6,0,50.0,156.3,20.0,1,0,0,0,1,1,16.7,135,33.8
3,Tyler Huff,142567,QB,PRESBYTERN,1,50.0,2,3,5.5,2.93,0,0,0.0,33.3,1,0,2,0.0,3,0,1,271,66.4,47.8,47.1,56.7,0,0,3,0,0.0,81.9,0.0,0,0,0,1,0,0,0.0,38,12.7
3,Peyton Mansell,82135,QB,ABILENE CH,1,100.0,3,3,-4.3,1.77,0,0,0.0,100.0,3,0,0,0.0,3,0,0,100,64.8,63.2,63.9,59.8,0,0,3,0,,94.4,0.0,0,0,0,0,0,0,0.0,20,6.7
3,Keith Ridley,98228,QB,BRYANT,1,100.0,2,3,-2.0,1.93,1,0,0.0,66.7,2,0,0,0.0,3,0,1,124,62.7,60.7,60.2,,0,0,3,0,,70.1,0.0,0,0,0,0,0,0,0.0,7,2.3
3,Zach Gwynn,77654,QB,DELAWARE,1,0.0,3,3,11.7,3.83,0,0,0.0,0.0,0,0,2,,3,0,0,151,62.7,41.7,41.8,,0,0,3,0,0.0,39.6,0.0,0,0,0,0,0,0,0.0,0,0.0
3,Zach Weir,138031,QB,E ILLINOIS,1,0.0,1,3,25.0,4.4,0,0,0.0,0.0,0,0,3,,3,0,0,158,62.7,35.6,36.1,,1,0,3,0,0.0,39.6,0.0,0,0,0,1,0,1,33.3,0,0.0
3,Trey Feeney,148125,QB,N DAKOTA,1,33.3,3,3,8.3,2.07,0,0,0.0,33.3,1,0,1,0.0,3,0,0,249,13.8,27.8,44.9,37.8,0,0,3,0,0.0,42.4,0.0,0,0,0,0,0,0,0.0,5,1.7
3,Gunner Talkington,60371,QB,E WASHGTON,1,66.7,3,3,4.0,2.1,0,0,0.0,66.7,2,0,2,0.0,4,0,1,161,63.3,57.7,57.2,,0,0,4,0,50.0,70.1,25.0,1,0,0,0,0,0,0.0,6,2.0
3,Conor Bruce,60354,QB,CAL POLY,1,100.0,3,3,9.0,2.75,0,1,33.3,100.0,3,0,3,0.0,4,0,1,129,10.7,58.1,57.9,,0,0,4,0,33.3,158.3,25.0,1,0,0,0,1,1,25.0,69,23.0
3,Bryce Jefferson,89411,QB,ILL STATE,1,66.7,3,3,11.3,2.85,0,0,0.0,66.7,2,0,2,0.0,4,0,3,188,65.2,65.1,63.5,61.4,0,0,4,0,0.0,86.8,0.0,0,1,0,0,0,0,0.0,21,7.0
3,Ross Malmgren,104757,QB,CHARLES SO,1,33.3,3,3,4.3,2.9,0,0,0.0,33.3,1,0,3,0.0,7,0,0,135,14.6,30.3,41.7,52.9,0,0,7,1,66.7,42.4,28.6,2,2,0,0,0,1,14.3,9,3.0
3,Nick Howard,108979,QB,DARTMOUTH,1,100.0,3,3,5.0,2.07,0,0,0.0,100.0,3,0,1,0.0,3,0,2,148,24.5,63.1,66.6,59.8,0,0,3,0,0.0,109.7,0.0,0,0,0,0,0,0,0.0,31,10.3
3,Jalani Eason,52172,QB,MS VLY ST,1,50.0,2,2,5.0,2.95,0,0,0.0,50.0,1,0,1,0.0,2,0,0,228,66.2,57.6,63.1,56.0,0,0,2,0,0.0,56.3,0.0,0,0,0,0,0,0,0.0,3,1.5
3,Neyland Jean,149105,QB,AUSTINPEAY,1,100.0,2,2,31.0,4.3,0,0,0.0,50.0,1,0,1,50.0,3,1,1,116,62.7,86.1,85.7,,0,0,3,0,100.0,135.4,33.3,1,0,0,0,1,0,0.0,31,15.5
3,Nick Orlando,109004,QB,BUTLER,1,100.0,2,2,8.5,2.73,0,0,0.0,100.0,2,0,1,0.0,3,0,1,127,69.7,80.6,74.4,79.8,0,0,3,1,100.0,158.3,33.3,1,0,0,0,1,0,0.0,44,22.0
3,Gabriel Hollingsworth,148707,QB,COLUMBIA,1,50.0,2,2,1.5,2.25,0,0,0.0,50.0,1,0,2,0.0,2,0,0,145,67.6,61.1,55.5,62.7,0,0,2,0,0.0,56.3,0.0,0,0,0,0,0,0,0.0,-1,-0.5
3,Luke Shiflett,78497,WR,FURMAN,1,100.0,2,2,3.0,2.3,0,0,0.0,100.0,2,0,0,0.0,2,0,1,170,67.6,65.7,74.1,56.2,0,0,2,0,,104.2,0.0,0,0,0,0,0,0,0.0,18,9.0
3,Max Smyth,78534,QB,MONMOUTH,1,100.0,1,2,37.0,3.8,0,1,50.0,50.0,1,0,2,0.0,2,0,1,231,64.4,86.0,86.2,60.0,0,0,2,0,0.0,95.8,0.0,0,0,0,1,0,0,0.0,39,19.5
3,Cole Stenstrom,141835,QB,S DAKOTA,1,50.0,2,2,3.0,1.65,0,0,0.0,50.0,1,0,0,0.0,2,0,0,291,70.5,69.3,61.7,65.5,0,0,2,0,,62.5,0.0,0,0,0,0,0,0,0.0,9,4.5
3,Deveon Bryant,89422,QB,TENN STATE,1,50.0,2,2,5.0,2.37,0,0,0.0,50.0,1,0,0,0.0,3,0,0,308,66.4,62.5,52.1,65.4,0,0,3,0,,56.3,0.0,0,1,0,0,0,0,0.0,3,1.5
3,Tyler Knoop,108982,QB,GEORGETOWN,1,100.0,2,2,6.0,2.13,0,0,0.0,100.0,2,0,1,0.0,3,0,0,172,62.7,58.4,59.3,60.0,0,0,3,0,100.0,100.0,33.3,1,0,0,0,0,0,0.0,16,8.0
3,Cephus Johnson III,60530,QB,SE LA,1,100.0,2,2,9.5,2.7,0,0,0.0,100.0,2,0,0,0.0,2,0,2,294,71.6,75.8,82.9,64.9,0,0,2,0,,118.8,0.0,0,0,0,0,0,0,0.0,33,16.5
3,Branden Smith,149825,QB,STTHOM,1,0.0,2,2,17.0,2.15,0,0,0.0,0.0,0,0,0,,2,0,0,1129,66.2,30.0,29.2,56.9,0,0,2,0,,39.6,0.0,0,0,0,0,0,1,50.0,0,0.0
3,Casey Bauman,91401,QB,MONTANA ST,1,100.0,2,2,7.5,2.05,0,0,0.0,100.0,2,0,0,0.0,2,0,2,233,68.7,78.0,65.3,71.0,0,0,2,0,,129.2,0.0,0,0,0,0,1,0,0.0,11,5.5
3,Mike Chandler II,139371,QB,LAMAR,1,50.0,2,2,13.5,3.95,0,0,0.0,50.0,1,0,1,0.0,2,0,1,204,61.8,68.8,68.4,,0,1,2,0,0.0,31.3,0.0,0,0,0,0,0,0,0.0,13,6.5
3,Ty Lenhart,109010,QB,COLUMBIA,1,100.0,1,1,-2.0,1.4,0,0,0.0,0.0,0,0,0,100.0,1,1,0,145,65.9,63.4,61.0,60.1,0,0,1,0,,39.6,0.0,0,0,0,0,0,0,0.0,0,0.0
3,Zachary Clement,105561,QB,NWSTATE,1,100.0,1,1,-2.0,3.4,0,0,0.0,0.0,0,0,1,100.0,1,1,0,257,60.3,61.0,60.6,,0,0,1,0,0.0,39.6,0.0,0,0,0,0,0,0,0.0,0,0.0
3,Metrius Fleming,105030,WR,TENN TECH,1,100.0,1,1,5.0,4.85,0,0,0.0,0.0,0,0,1,100.0,2,1,0,309,63.2,51.3,58.9,,0,0,2,0,100.0,39.6,50.0,1,0,0,0,0,0,0.0,0,0.0
3,Brevin White,109052,QB,PRINCETON,1,0.0,1,1,-3.0,2.4,0,0,0.0,0.0,0,0,1,,3,0,1,272,62.7,60.9,51.0,64.2,0,0,3,0,100.0,39.6,33.3,1,1,0,0,0,0,0.0,0,0.0
3,Lucas Triplett,104992,WR,SACRAMENTO,1,0.0,1,1,34.0,3.9,0,0,0.0,0.0,0,0,0,,1,0,0,279,60.3,56.5,58.0,,0,0,1,0,,39.6,0.0,0,0,0,0,0,0,0.0,0,0.0
3,Zach Zebrowski,104784,QB,S ILLINOIS,1,100.0,1,1,0.0,1.4,0,0,0.0,100.0,1,0,0,0.0,1,0,0,295,67.5,53.6,60.4,55.2,0,0,1,0,,100.0,0.0,0,0,0,0,0,0,0.0,8,8.0
3,Davius Richard,109077,QB,NC CENT,1,0.0,1,1,32.0,2.2,0,0,0.0,0.0,0,0,1,,1,0,0,247,60.3,59.4,59.3,,0,0,1,0,0.0,39.6,0.0,0,0,0,0,0,0,0.0,0,0.0
3,Seth Morgan,103954,QB,VA MILT IN,1,0.0,1,1,15.0,3.2,0,0,0.0,0.0,0,0,0,,1,0,0,336,65.9,55.6,48.5,63.4,0,0,1,0,,39.6,0.0,0,0,0,0,0,0,0.0,0,0.0
3,Miles Hastings,103943,QB,UC DAVIS,1,0.0,1,1,-6.0,2.5,0,0,0.0,0.0,0,0,1,,1,0,0,322,63.7,49.8,55.3,59.4,0,0,1,0,0.0,39.6,0.0,0,0,0,0,0,0,0.0,0,0.0
3,Cam Miller,125299,QB,N DAK ST,1,0.0,1,1,36.0,2.9,0,0,0.0,0.0,0,0,0,,1,0,0,250,60.3,51.4,51.3,,0,0,1,0,,39.6,0.0,0,0,0,0,0,0,0.0,0,0.0
3,Anthony Paoletti,91403,QB,DELAWARE,1,100.0,1,1,-4.0,0.6,0,0,0.0,100.0,1,0,0,0.0,1,0,0,151,68.7,75.8,60.4,69.4,0,0,1,0,,87.5,0.0,0,0,0,0,0,0,0.0,5,5.0
3,Jayden Stinson,138056,QB,MURRAY ST,1,0.0,1,1,25.0,2.1,0,0,0.0,0.0,0,0,0,,1,0,0,236,60.3,58.1,58.4,,0,0,1,0,,39.6,0.0,0,0,0,0,0,0,0.0,0,0.0
3,Quincy Vaughn,138259,QB,N DAKOTA,1,100.0,1,1,-5.0,1.6,0,0,0.0,100.0,1,0,0,0.0,1,0,0,249,5.2,30.3,60.4,40.4,0,0,1,0,,79.2,0.0,0,0,0,0,0,0,0.0,0,0.0
3,Brock Landis,139001,QB,E TENN ST,1,0.0,1,1,10.0,4.5,0,0,0.0,0.0,0,0,1,,1,0,0,157,60.3,27.2,26.9,,0,1,1,0,0.0,0.0,0.0,0,0,0,0,0,1,100.0,0,0.0
3,Aidan Clark,153991,P,CENT CT ST,1,0.0,1,1,6.0,2.7,0,0,0.0,0.0,0,0,1,,1,0,0,133,60.3,44.9,29.2,,0,1,1,0,0.0,0.0,0.0,0,0,0,0,0,1,100.0,0,0.0
3,David Gist,88673,HB,TENN TECH,1,0.0,1,1,24.0,2.9,0,0,0.0,0.0,0,0,1,,1,0,0,309,71.6,54.3,50.4,56.5,0,0,1,0,0.0,39.6,0.0,0,0,0,0,0,0,0.0,0,0.0
3,Will McElvain,88639,QB,N IOWA,1,100.0,1,1,-5.0,0.6,0,0,0.0,0.0,0,0,0,100.0,1,1,0,255,60.3,62.3,61.0,,0,0,1,0,,39.6,0.0,0,0,0,0,0,0,0.0,0,0.0
3,Lan Larison,142157,HB,UC DAVIS,1,0.0,1,1,12.0,3.8,0,0,0.0,0.0,0,0,0,,1,0,0,322,73.2,78.9,46.8,73.7,0,0,1,0,,39.6,0.0,0,0,0,0,0,0,0.0,0,0.0
3,Isaac Brown,84384,WR,RICHMOND,1,100.0,1,1,-5.0,2.5,0,0,0.0,100.0,1,0,0,0.0,1,0,0,276,68.8,59.6,60.6,,0,0,1,0,,79.2,0.0,0,0,0,0,0,0,0.0,3,3.0
3,JT Mayo,142420,WR,WM & MARY,1,0.0,1,1,30.0,3.4,0,0,0.0,0.0,0,0,1,,1,0,0,348,68.9,70.6,58.0,66.9,0,0,1,0,0.0,39.6,0.0,0,0,0,0,0,0,0.0,0,0.0
3,Hayden Meacham,79224,TE,WEBER ST,1,0.0,1,1,11.0,1.8,0,0,0.0,0.0,0,0,0,,1,0,0,342,64.6,66.1,49.6,,0,0,1,0,,39.6,0.0,0,0,0,0,0,0,0.0,0,0.0
3,Brody Reder,73916,QB,BUTLER,1,100.0,1,1,6.0,1.9,0,0,0.0,100.0,1,0,0,0.0,1,0,1,127,68.7,64.2,54.1,65.0,0,0,1,0,,112.5,0.0,0,0,0,0,0,0,0.0,11,11.0
3,Tony Tate,65045,WR,W ILLINOIS,1,100.0,1,1,36.0,3.4,0,1,100.0,100.0,1,0,0,0.0,1,0,1,345,73.5,76.9,92.5,70.7,0,0,1,0,,118.8,0.0,0,0,0,0,0,0,0.0,43,43.0
3,Charlie Maxwell,143253,WR,VALPO,1,0.0,1,1,21.0,4.6,0,0,0.0,0.0,0,0,0,,1,0,0,332,21.5,57.6,58.9,50.3,0,0,1,0,,39.6,0.0,0,0,0,0,0,0,0.0,0,0.0
3,Carson Crawford,61756,WR,UC DAVIS,1,100.0,1,1,30.0,3.6,0,1,100.0,100.0,1,0,0,0.0,1,0,1,322,64.8,81.0,87.4,63.2,0,0,1,0,,158.3,0.0,0,0,0,0,1,0,0.0,26,26.0
3,Kaiden Bennett,147778,QB,SACRAMENTO,1,100.0,1,1,-4.0,3.2,0,0,0.0,100.0,1,0,0,0.0,1,0,0,279,63.7,76.0,66.4,58.1,0,0,1,0,,104.2,0.0,0,0,0,0,0,0,0.0,9,9.0
3,Creyton Cooper,147853,QB,WEBER ST,1,100.0,1,1,6.0,1.6,0,0,0.0,100.0,1,0,0,0.0,1,0,1,342,60.3,72.1,71.5,,0,0,1,0,,118.8,0.0,0,0,0,0,1,0,0.0,1,1.0
3,Kendall McKoy,147953,QB,GARD-WEBB,1,100.0,1,1,3.0,3.0,0,0,0.0,100.0,1,0,1,0.0,1,0,1,171,63.7,66.4,70.4,58.2,0,0,1,0,0.0,100.0,0.0,0,0,0,0,0,0,0.0,8,8.0
3,Tucker Rovig,60465,QB,MONTANA ST,1,0.0,1,1,-1.0,3.8,0,0,0.0,0.0,0,0,0,,1,0,0,233,60.3,53.9,55.3,,0,0,1,0,,39.6,0.0,0,0,0,0,0,0,0.0,0,0.0
3,Baniko Harley,54989,WR,AUSTINPEAY,1,0.0,1,1,20.0,3.6,0,0,0.0,0.0,0,0,0,,1,0,0,116,67.8,71.8,37.5,,0,0,1,0,,39.6,0.0,0,0,0,0,0,1,100.0,0,0.0
3,Cameron George,150333,QB,LAMAR,1,,0,1,,3.4,0,0,0.0,0.0,0,0,1,,1,0,0,204,60.3,55.8,60.0,,0,0,1,1,0.0,39.6,0.0,0,0,0,1,0,0,0.0,0,0.0
3,Grant Satcher,154800,QB,HOU BAPT,1,100.0,1,1,-5.0,1.4,0,0,0.0,100.0,1,0,0,0.0,1,0,1,183,60.3,61.1,60.6,,0,0,1,0,,118.8,0.0,0,0,0,0,0,0,0.0,20,20.0
3,Kevin Caldwell,120777,QB,ELIZBTH ST,1,83.8,37,38,8.6,2.04,1,4,10.0,68.4,26,0,20,16.1,46,5,13,373,70.3,83.2,88.4,57.9,0,0,48,3,40.0,131.4,17.4,8,0,0,0,4,0,0.0,339,8.9
3,Ryan Worthley,152445,QB,W OREGON,1,84.8,33,36,4.3,2.41,3,1,2.5,69.4,25,0,20,10.7,44,3,15,411,69.5,57.5,56.4,60.3,0,0,48,0,20.0,95.5,9.1,4,4,0,0,1,1,2.1,227,6.3
3,Kaelan Riley,23966,QB,N GREENVLE,1,51.7,29,32,13.3,2.87,0,1,2.9,40.6,13,0,12,13.3,35,2,9,390,70.2,53.9,55.2,53.6,1,1,37,0,16.7,47.1,5.7,2,1,0,2,0,1,2.7,186,5.8
3,Cameron Lewis,87522,QB,WSRAMS,1,70.0,30,30,6.9,2.88,0,3,9.7,60.0,18,0,13,14.3,39,3,12,1206,24.1,60.8,66.6,53.0,0,0,40,0,15.4,89.6,5.1,2,7,0,0,1,1,2.5,190,6.3
3,Clayton Roberts,152337,QB,TXPERB,1,65.0,20,23,8.0,1.99,1,1,4.3,47.8,11,0,7,15.4,25,2,6,1268,70.9,50.8,47.3,65.6,1,2,25,1,28.6,24.2,8.0,2,0,0,1,0,2,8.0,102,4.4
3,Suddin Sapien,98010,QB,TXPERB,1,63.6,11,11,8.5,3.04,0,0,0.0,63.6,7,0,6,0.0,13,0,3,1268,68.1,29.8,28.4,60.4,0,0,16,0,16.7,74.1,7.7,1,1,0,0,0,2,12.5,50,4.5
3,Jonathan Jerry,155794,QB,KY STATE,1,40.0,10,10,11.3,2.67,0,1,10.0,30.0,3,0,4,25.0,10,1,2,378,70.5,51.8,52.4,55.6,0,0,10,0,0.0,50.4,0.0,0,0,0,0,0,0,0.0,56,5.6
3,Ricardo Marble,60352,QB,TAYLOR,1,30.0,10,10,18.7,2.88,0,0,0.0,20.0,2,0,2,33.3,12,1,1,402,23.5,29.7,39.1,43.6,0,0,12,1,100.0,39.6,16.7,2,0,0,0,0,1,8.3,26,2.6
3,Levi Frazier,154373,QB,TAYLOR,1,62.5,8,9,10.3,2.61,1,0,0.0,22.2,2,0,1,60.0,9,3,1,402,0.0,20.5,27.4,18.2,0,1,9,0,0.0,0.0,0.0,0,0,0,0,0,2,22.2,16,1.8
3,Andrew Banks,151826,QB,LINCOLN,1,42.9,7,8,4.3,2.2,1,0,0.0,37.5,3,0,3,0.0,11,0,1,380,66.7,44.9,49.2,50.6,0,0,11,0,33.3,45.8,9.1,1,2,0,0,0,0,0.0,22,2.8
3,Trae Greene,151881,QB,LINCOLN,1,40.0,5,5,13.2,3.72,0,0,0.0,40.0,2,0,4,0.0,9,0,1,380,64.9,39.5,51.8,44.3,0,0,9,0,25.0,47.9,11.1,1,3,0,0,0,0,0.0,12,2.4
3,Bryce Fields,152199,QB,N GREENVLE,1,0.0,2,2,26.0,2.2,0,0,0.0,0.0,0,0,1,,2,0,0,390,61.8,50.7,50.7,,0,1,2,0,0.0,0.0,0.0,0,0,0,0,0,0,0.0,0,0.0
week,player,player_id,position,team_name,player_game_count,accuracy_percent,aimed_passes,attempts,avg_depth_of_target,avg_time_to_throw,bats,big_time_throws,btt_rate,completion_percent,completions,declined_penalties,def_gen_pressures,drop_rate,dropbacks,drops,first_downs,franchise_id,grades_hands_fumble,grades_offense,grades_pass,grades_run,hit_as_threw,interceptions,passing_snaps,penalties,pressure_to_sack_rate,qb_rating,sack_percent,sacks,scrambles,spikes,thrown_aways,touchdowns,turnover_worthy_plays,twp_rate,yards,ypa
4,Will Rogers,124184,QB,MISS STATE,1,83.9,62,62,5.3,2.68,0,4,6.1,75.8,47,0,10,9.6,67,5,20,227,70.8,82.0,83.2,55.8,0,1,71,0,10.0,99.1,1.5,1,4,0,0,3,1,1.4,364,5.9
4,Brennan Armstrong,77696,QB,VIRGINIA,1,71.4,56,58,12.6,3.49,0,5,8.2,55.2,32,0,24,20.0,71,8,24,335,71.8,81.3,84.0,56.8,1,1,75,0,29.2,80.4,9.9,7,6,0,1,2,1,1.3,390,6.7
4,Michael Penix Jr.,82134,QB,INDIANA,1,80.0,50,54,9.9,2.69,1,1,1.8,64.8,35,0,8,12.5,57,5,24,190,71.5,88.6,87.7,62.9,0,0,60,1,25.0,84.9,3.5,2,1,0,3,0,0,0.0,373,6.9
4,Kedon Slovis,100580,QB,USC,1,74.5,47,50,9.0,2.83,1,1,1.8,62.0,31,0,12,11.4,53,4,15,326,41.9,58.2,58.4,57.3,1,3,59,1,16.7,65.0,3.8,2,1,0,1,1,4,6.8,355,7.1
4,Taylor Powell,60459,QB,TROY,1,76.6,47,49,4.8,2.8,0,0,0.0,71.4,35,0,13,2.8,53,1,15,318,39.0,61.8,63.0,53.6,1,1,54,1,15.4,92.4,3.8,2,2,0,1,2,2,3.7,302,6.2
4,Michael Pratt,123229,QB,TULANE,1,64.4,45,49,10.1,2.58,2,2,3.8,55.1,27,0,15,6.9,54,2,16,319,37.9,43.1,43.7,53.7,1,2,59,0,6.7,76.2,1.9,1,4,0,1,3,6,10.2,292,6.0
4,Devin Leary,77628,QB,NC STATE,1,84.6,39,44,6.7,2.42,0,2,4.1,72.7,32,0,10,3.0,50,1,18,248,40.4,64.7,68.9,49.6,0,0,55,1,30.0,115.5,6.0,3,3,0,5,4,1,1.8,238,5.4
4,Bailey Zappe,60396,QB,W KENTUCKY,1,76.2,42,44,6.6,2.12,0,1,2.3,70.5,31,0,6,3.1,45,1,15,346,69.4,64.1,64.7,57.3,0,0,45,0,0.0,118.1,0.0,0,1,0,2,3,1,2.2,365,8.3
4,Connor Bazelak,99135,QB,MISSOURI,1,79.5,39,42,7.8,2.49,2,1,2.4,71.4,30,0,7,3.2,45,1,18,229,69.4,78.5,79.2,58.3,0,2,45,0,0.0,79.8,0.0,0,3,1,0,1,2,4.4,303,7.2
4,Chase Garbers,60356,QB,CAL,1,81.6,38,42,8.5,3.33,0,0,0.0,71.4,30,0,16,3.2,52,1,17,130,43.9,60.6,60.9,58.4,2,2,53,0,18.8,89.3,5.8,3,7,1,1,2,3,5.7,319,7.6
4,D.J. Mack Jr.,55405,QB,DOMINION,1,79.5,39,41,8.4,2.66,0,3,7.3,58.5,24,0,22,22.6,48,7,11,263,73.0,92.2,85.9,89.0,2,1,49,0,22.7,71.6,10.4,5,2,0,0,1,0,0.0,224,5.5
4,Taulia Tagovailoa,97271,QB,MARYLAND,1,92.7,41,41,6.7,2.45,0,3,7.0,75.6,31,0,4,18.4,42,7,14,215,70.1,90.3,90.3,59.6,0,1,44,0,25.0,118.3,2.4,1,0,0,0,3,0,0.0,384,9.4
4,Graham Mertz,97994,QB,WISCONSIN,1,55.6,36,41,9.4,2.82,1,1,2.3,43.9,18,0,17,10.0,42,2,10,349,22.4,29.7,33.5,47.6,0,4,44,0,5.9,31.6,2.4,1,0,0,4,1,4,9.1,240,5.9
4,Jake Haener,60596,QB,FRESNO ST,1,80.0,40,41,11.2,2.88,0,4,9.3,73.2,30,0,11,6.3,46,2,19,169,70.4,88.2,89.6,58.7,0,1,49,0,9.1,130.9,2.2,1,3,0,1,5,0,0.0,378,9.2
4,Chase Cunningham,78533,QB,MIDDLE TN,1,78.9,38,40,9.2,2.94,0,3,7.0,70.0,28,0,10,6.7,44,2,17,224,71.7,86.3,87.3,64.2,0,0,48,0,10.0,139.5,2.3,1,3,0,2,5,0,0.0,379,9.5
4,Tyler Phommachanh,147373,QB,UCONN,1,62.9,35,40,8.1,3.17,1,0,0.0,47.5,19,0,21,13.6,45,3,7,146,71.8,40.1,34.8,66.9,0,1,51,1,9.5,57.4,4.4,2,3,0,4,1,4,7.8,171,4.3
4,Hank Bachmeier,101284,QB,BOISE ST,1,75.8,33,39,8.7,2.6,2,1,2.3,56.4,22,0,22,12.0,41,3,12,120,72.3,80.8,80.1,69.4,2,1,46,1,9.1,86.1,4.9,2,0,0,2,2,1,2.2,286,7.3
4,Malik Cunningham,60436,QB,LOUISVILLE,1,69.4,36,39,8.6,2.64,0,1,2.6,64.1,25,0,11,0.0,41,0,13,210,74.3,83.8,72.6,84.6,0,0,41,1,9.1,100.8,2.4,1,1,0,3,2,1,2.4,264,6.8
4,Chase Brice,60363,QB,APP STATE,1,68.4,38,39,11.5,2.47,0,1,2.2,61.5,24,0,17,7.7,42,2,19,108,71.8,68.9,65.5,67.1,1,1,49,0,5.9,81.5,2.4,1,2,0,0,1,1,2.0,283,7.3
4,Sam Howell,97599,QB,N CAROLINA,1,82.9,35,39,12.1,3.1,0,3,7.1,64.1,25,0,19,13.8,50,4,15,245,25.5,78.0,80.2,57.7,2,0,53,0,42.1,105.3,16.0,8,3,0,2,2,0,0.0,306,7.8
4,Max Bortenschlager,46500,QB,FIU,1,61.8,34,38,16.2,2.66,1,3,7.9,52.6,20,0,20,4.8,43,1,14,166,69.7,68.0,67.1,60.0,1,1,43,0,25.0,95.8,11.6,5,0,0,2,2,2,4.7,395,10.4
4,McKenzie Milton,40110,QB,FLORIDA ST,1,68.6,35,38,9.2,3.19,0,1,2.5,60.5,23,0,15,4.2,48,1,10,167,70.1,59.5,61.8,52.1,0,1,50,0,40.0,77.5,12.5,6,4,0,3,1,1,2.0,248,6.5
4,Terry Wilson,40709,QB,NEW MEXICO,1,60.0,30,38,10.2,3.04,1,1,2.4,44.7,17,0,16,5.6,40,1,9,241,72.0,63.9,62.9,61.6,1,1,43,0,6.3,46.8,2.5,1,1,0,6,0,1,2.3,168,4.4
4,Zach Calzada,98006,QB,TEXAS A&M,1,65.6,32,37,5.8,3.54,0,1,2.4,54.1,20,0,15,4.8,42,1,8,312,69.5,58.5,58.5,57.9,1,1,47,0,20.0,52.9,7.1,3,2,0,4,0,0,0.0,151,4.1
4,James Blackman,60382,QB,ARK STATE,1,70.3,37,37,13.4,2.7,0,3,7.7,62.2,23,0,17,11.5,44,3,16,113,36.2,64.4,69.2,38.1,0,1,46,0,35.3,96.8,13.6,6,1,0,0,2,1,2.2,321,8.7
4,Jarrett Guarantano,40771,QB,WASH STATE,1,78.1,32,36,7.0,2.74,2,0,0.0,69.4,25,0,15,0.0,47,0,14,341,71.0,67.4,68.9,61.0,0,3,47,1,46.7,63.0,14.9,7,4,0,2,1,2,4.3,246,6.8
4,Spencer Rattler,97408,QB,OKLAHOMA,1,74.3,35,36,8.1,2.86,0,0,0.0,72.2,26,0,11,0.0,41,0,14,261,70.8,74.5,73.9,61.8,0,1,41,0,36.4,89.6,9.8,4,1,0,1,1,1,2.4,256,7.1
4,Drew Plitt,39879,QB,BALL ST,1,70.6,34,36,7.2,2.63,0,1,2.7,58.3,21,0,10,12.5,43,3,13,117,39.1,62.0,66.4,50.7,0,0,46,0,40.0,72.7,9.3,4,3,1,1,0,2,4.3,190,5.3
4,Jordan McCloud,101058,QB,ARIZONA,1,64.7,34,36,7.4,3.27,0,0,0.0,58.3,21,0,19,4.5,40,1,15,109,71.2,46.1,35.6,73.5,0,5,43,1,5.3,47.3,2.5,1,3,0,2,1,6,14.0,233,6.5
4,Chris Reynolds,60361,QB,CHARLOTTE,1,78.1,32,36,10.0,2.52,2,2,5.3,69.4,25,0,10,0.0,38,0,17,136,72.8,79.2,83.2,57.1,1,0,40,0,0.0,136.0,0.0,0,2,0,1,4,1,2.5,337,9.4
4,Matt McDonald,60350,QB,BOWL GREEN,1,72.4,29,35,7.7,2.85,4,0,0.0,54.3,19,0,16,9.5,42,2,7,122,70.6,66.0,63.1,67.9,1,1,45,0,25.0,55.7,9.5,4,3,0,1,0,2,4.4,170,4.9
4,Adrian Martinez,83522,QB,NEBRASKA,1,75.8,33,34,7.3,2.98,0,1,2.9,70.6,24,1,23,4.0,44,1,15,238,44.8,62.0,51.4,75.5,0,1,44,1,34.8,78.3,18.2,8,2,0,1,0,2,4.5,242,7.1
4,Spencer Sanders,77660,QB,OKLA STATE,1,75.0,32,34,7.2,2.66,0,0,0.0,64.7,22,0,12,8.3,36,2,16,262,72.5,77.1,71.3,72.1,0,0,38,0,8.3,117.8,2.8,1,1,0,2,2,1,2.6,344,10.1
4,Dustin Crum,60418,QB,KENT STATE,1,60.6,33,33,11.0,2.64,0,5,12.8,57.6,19,0,13,5.0,42,1,12,201,39.3,75.6,77.7,57.4,0,0,48,0,38.5,99.1,11.9,5,4,0,0,1,1,2.1,308,9.3
4,N'Kosi Perry,60446,QB,FAU,1,45.2,31,33,13.0,2.69,1,1,3.0,33.3,11,0,13,21.4,36,3,5,165,34.0,54.9,45.8,78.9,1,1,36,1,7.7,29.7,2.8,1,2,0,0,0,3,8.3,75,2.3
4,Ben Bryant,77655,QB,E MICHIGAN,1,74.2,31,33,11.5,3.21,1,3,8.8,60.6,20,0,10,13.0,38,3,15,160,69.8,86.7,82.5,74.8,0,0,39,0,30.0,111.7,7.9,3,2,0,1,3,2,5.1,228,6.9
4,Brock Purdy,77672,QB,IOWA STATE,1,68.8,32,33,7.9,3.12,0,0,0.0,66.7,22,0,17,0.0,39,0,15,193,33.8,59.7,60.5,55.2,0,1,42,0,17.6,89.5,7.7,3,3,0,1,1,1,2.4,272,8.2
4,Grant Wells,97784,QB,MARSHALL,1,64.5,31,33,12.1,2.61,1,2,5.9,54.5,18,0,12,10.0,35,2,9,214,70.9,68.7,66.3,65.0,0,0,36,0,16.7,91.7,5.7,2,0,0,1,1,1,2.8,270,8.2
4,Dylan Morris,100570,QB,WASHINGTON,1,79.2,24,32,8.1,2.81,1,2,5.9,59.4,19,0,11,0.0,35,0,13,340,32.5,73.3,72.3,63.6,0,0,38,0,9.1,102.9,2.9,1,2,0,7,2,1,2.6,234,7.3
4,D'Wan Mathis,99130,QB,TEMPLE,1,79.3,29,32,8.7,2.31,1,2,5.9,68.8,22,0,8,4.3,34,1,10,306,69.2,69.3,67.2,62.7,1,0,36,0,25.0,118.8,5.9,2,0,0,1,2,0,0.0,296,9.3
4,Jason Bean,83529,QB,KANSAS,1,73.3,30,32,11.7,3.48,0,4,11.8,59.4,19,0,12,13.6,41,3,13,198,71.9,60.8,57.4,63.2,0,2,43,0,8.3,88.4,2.4,1,8,0,2,2,2,4.7,323,10.1
4,Noah Vedral,55406,QB,RUTGERS,1,63.3,30,31,6.9,2.49,1,1,3.2,58.1,18,0,12,5.3,34,1,6,278,39.9,51.9,57.0,52.1,0,0,34,1,8.3,82.2,2.9,1,1,0,0,1,1,2.9,156,5.0
4,Tanner McKee,131770,QB,STANFORD,1,65.5,29,31,8.1,2.73,0,3,9.4,58.1,18,0,12,5.3,38,1,10,300,69.4,67.0,67.0,60.5,1,0,39,0,16.7,122.1,5.3,2,5,1,0,3,0,0.0,293,9.5
4,Clayton Tune,77652,QB,HOUSTON,1,76.7,30,31,12.4,2.91,0,1,2.9,71.0,22,0,9,4.3,34,1,12,182,70.2,79.0,80.8,54.2,0,0,37,0,22.2,106.5,5.9,2,1,1,0,1,1,2.7,257,8.3
4,Jarret Doege,60353,QB,W VIRGINIA,1,81.5,27,31,7.7,2.37,0,1,3.0,64.5,20,0,8,9.1,35,2,10,343,69.7,68.0,71.7,57.4,0,1,37,1,0.0,63.9,0.0,0,4,1,3,0,1,2.7,160,5.2
4,Todd Centeio,60552,QB,COLO STATE,1,65.4,26,30,7.0,2.98,3,0,0.0,53.3,16,0,16,5.9,40,1,11,144,40.1,53.8,47.7,63.6,0,0,41,0,18.8,79.2,7.5,3,6,0,1,1,1,2.4,155,5.2
4,Gavin Hardison,100827,QB,UTEP,1,68.0,25,30,15.6,2.88,0,4,12.9,50.0,15,0,11,11.8,31,2,8,330,69.4,65.0,65.1,57.5,0,1,32,1,9.1,81.7,3.2,1,0,0,5,1,3,9.4,293,9.8
4,DJ Irons,145585,QB,AKRON,1,65.5,29,29,7.3,3.03,0,0,0.0,48.3,14,0,22,26.3,43,5,8,102,70.2,41.9,43.4,54.2,0,2,45,1,31.8,41.6,16.3,7,7,0,0,1,2,4.4,115,4.0
4,Dennis Grosel,60351,QB,BOSTON COL,1,84.0,25,29,8.7,2.62,1,0,0.0,62.1,18,0,11,14.3,33,3,12,121,70.8,80.3,73.0,74.9,2,1,33,0,9.1,87.6,3.0,1,3,0,1,2,3,9.1,175,6.0
4,Sam Hartman,77618,QB,WAKE,1,70.8,24,29,11.2,3.07,2,0,0.0,58.6,17,1,9,0.0,32,0,12,339,69.5,70.8,67.5,66.6,2,0,33,1,0.0,124.2,0.0,0,3,0,1,3,0,0.0,270,9.3
4,Gunnar Holmberg,77625,QB,DUKE,1,85.7,28,29,5.6,2.45,0,1,3.4,75.9,22,0,8,8.3,31,2,13,154,74.2,87.9,80.6,76.2,0,1,31,0,0.0,109.6,0.0,0,2,0,1,1,1,3.2,328,11.3
4,Kurtis Rourke,97998,QB,OHIO,1,69.0,29,29,6.4,3.41,0,1,3.3,69.0,20,0,14,0.0,36,0,11,259,31.9,74.3,74.7,65.3,0,1,37,1,21.4,69.0,8.3,3,4,0,0,0,0,0.0,166,5.7
4,Jack Coan,60613,QB,NOTRE DAME,1,59.3,27,29,12.7,2.83,0,2,6.7,51.7,15,0,11,6.3,37,1,9,258,69.8,57.0,53.4,67.2,0,0,38,0,54.5,79.4,16.2,6,2,0,2,1,1,2.6,158,5.4
4,Frank Harris,60586,QB,UTSA,1,78.3,23,29,8.3,3.22,0,1,3.2,62.1,18,0,15,0.0,34,0,10,331,21.3,58.8,68.5,41.0,0,0,36,0,13.3,92.0,5.9,2,3,1,5,1,1,2.8,186,6.4
4,Kenny Pickett,60515,QB,PITTSBURGH,1,88.9,27,28,9.0,2.67,0,2,7.1,85.7,24,0,5,0.0,32,0,19,268,68.9,93.9,93.7,66.8,1,0,32,0,40.0,158.3,6.3,2,2,0,0,5,0,0.0,403,14.4
4,Tanner Mordecai,77656,QB,SMU,1,70.4,27,28,8.0,2.57,0,2,6.9,60.7,17,0,11,10.5,28,2,10,287,71.1,76.6,70.6,73.1,1,3,29,0,0.0,89.1,0.0,0,0,0,0,4,2,6.9,245,8.8
4,Max Duggan,99470,QB,TCU,1,63.0,27,28,16.8,2.77,0,3,10.3,57.1,16,0,8,5.9,30,1,13,305,22.6,67.7,66.7,62.2,1,0,32,0,25.0,126.5,6.7,2,0,0,0,3,2,6.3,276,9.9
4,Levi Lewis,60428,QB,LA LAFAYET,1,70.4,27,28,12.3,3.04,0,2,6.9,60.7,17,0,6,10.5,30,2,10,207,71.2,73.9,75.3,59.2,0,0,31,0,16.7,126.0,3.3,1,1,0,1,3,1,3.2,253,9.0
4,Kaleb Eleby,77686,QB,W MICHIGAN,1,66.7,27,28,11.4,3.08,1,1,3.4,60.7,17,0,12,5.6,36,1,11,347,21.3,48.6,43.7,66.4,0,0,37,0,41.7,106.3,13.9,5,3,0,0,2,3,8.1,200,7.1
4,Dylan Hopkins,83571,QB,UAB,1,88.5,26,27,8.8,2.93,0,2,7.1,70.4,19,0,12,17.4,32,4,13,321,34.3,77.4,86.6,46.0,0,1,33,0,25.0,119.7,9.4,3,2,0,1,3,1,3.0,242,9.0
4,Braxton Burmeister,60513,QB,VA TECH,1,66.7,27,27,12.8,2.52,0,0,0.0,63.0,17,0,7,5.6,32,1,13,337,71.2,70.6,70.1,62.3,0,0,33,0,28.6,99.6,6.3,2,3,0,0,1,1,3.0,212,7.9
4,Bo Nix,97790,QB,AUBURN,1,60.0,25,27,9.9,2.99,0,0,0.0,48.1,13,0,11,13.3,29,2,7,115,68.1,53.2,53.8,57.0,0,0,29,0,9.1,66.3,3.4,1,1,0,2,0,1,3.4,156,5.8
4,Austin Aune,83528,QB,N TEXAS,1,59.3,27,27,8.3,2.5,0,0,0.0,44.4,12,0,8,25.0,32,4,8,251,70.5,69.1,65.1,67.2,0,0,35,0,12.5,64.0,3.1,1,4,0,0,1,1,2.9,79,2.9
4,Max Johnson,124099,QB,LSU,1,72.0,25,27,10.9,2.92,0,0,0.0,63.0,17,0,11,5.6,30,1,8,211,70.2,62.8,63.3,57.0,1,1,30,0,18.2,121.9,6.7,2,1,0,1,4,1,3.3,280,10.4
4,Emory Jones,82111,QB,FLORIDA,1,80.8,26,27,7.6,2.94,1,1,3.4,77.8,21,0,13,0.0,34,0,16,163,72.1,84.5,77.4,78.3,0,0,36,1,7.7,123.6,2.9,1,6,0,0,2,0,0.0,209,7.7
4,Dorian Thompson-Robinson,83574,QB,UCLA,1,65.4,26,27,10.2,3.03,0,1,3.6,63.0,17,0,14,0.0,39,0,13,324,71.9,61.6,62.8,60.2,1,0,41,1,28.6,115.5,10.3,4,7,0,0,2,0,0.0,235,8.7
4,Brandon Peters,40416,QB,ILLINOIS,1,62.5,24,26,8.1,2.99,0,0,0.0,53.8,14,0,8,6.7,28,1,7,187,27.3,60.6,60.0,,0,0,29,0,25.0,63.0,7.1,2,0,0,2,0,1,3.4,100,3.8
4,Holton Ahlers,77651,QB,E CAROLINA,1,70.8,24,26,9.1,2.71,1,1,3.7,65.4,17,0,9,0.0,30,0,9,156,70.3,56.2,55.4,56.1,0,2,31,0,22.2,75.5,6.7,2,2,0,1,1,2,6.5,238,9.2
4,Sean Clifford,51708,QB,PENN STATE,1,80.8,26,26,11.2,3.12,0,3,10.7,73.1,19,0,9,9.5,31,2,11,266,69.9,84.6,90.4,50.4,0,1,33,0,33.3,138.6,9.7,3,2,0,0,4,0,0.0,401,15.4
4,Jacob Sirmon,83590,QB,C MICHIGAN,1,66.7,24,26,11.4,2.94,1,1,3.7,53.8,14,0,6,12.5,30,2,8,134,68.3,62.9,62.7,59.1,0,1,31,0,16.7,63.1,3.3,1,3,0,1,1,3,9.7,121,4.7
4,Sean Chambers,75888,QB,WYOMING,1,60.0,25,26,11.6,2.91,1,1,3.7,57.7,15,0,2,0.0,29,0,8,351,69.8,56.6,49.7,68.3,0,2,30,0,0.0,54.8,0.0,0,3,0,0,1,3,10.0,149,5.7
4,Logan Bonner,39990,QB,UTAH ST,1,46.2,26,26,14.8,2.62,0,0,0.0,42.3,11,0,10,8.3,27,1,6,329,69.1,50.1,51.1,53.7,0,2,27,0,10.0,33.0,3.7,1,0,0,0,0,2,7.4,173,6.7
4,DJ Uiagalelei,122162,QB,CLEMSON,1,56.0,25,26,10.9,2.81,0,3,10.7,46.2,12,0,11,14.3,31,2,5,140,70.8,68.9,67.8,62.8,0,1,33,0,18.2,67.9,6.5,2,3,0,1,2,1,3.0,111,4.3
4,Kyle Vantrease,55029,QB,BUFFALO,1,76.0,25,26,11.5,2.28,0,2,6.5,65.4,17,0,2,10.5,26,2,8,126,70.3,61.2,58.7,63.8,0,0,31,0,0.0,100.2,0.0,0,0,0,1,1,3,9.7,192,7.4
4,Jayden Daniels,97993,QB,ARIZONA ST,1,87.0,23,25,5.0,2.36,0,0,0.0,72.0,18,0,3,10.0,27,2,12,110,71.1,83.1,72.0,78.9,1,0,30,0,0.0,101.4,0.0,0,2,0,1,0,0,0.0,236,9.4
4,Davis Brin,77642,QB,TULSA,1,75.0,24,25,12.4,2.56,0,2,7.1,68.0,17,0,7,5.6,29,1,13,320,69.4,83.6,82.8,62.8,0,1,32,0,42.9,133.8,10.3,3,1,0,1,3,1,3.1,355,14.2
4,Luke Doty,124230,QB,S CAROLINA,1,79.2,24,25,8.2,2.73,1,1,3.8,68.0,17,0,10,10.5,30,2,10,289,69.8,72.5,80.1,49.0,0,0,31,0,20.0,98.4,6.7,2,3,0,0,1,0,0.0,158,6.3
4,Lucas Johnson,40551,QB,S DIEGO ST,1,66.7,24,25,7.7,2.23,0,0,0.0,64.0,16,0,5,0.0,26,0,7,284,27.6,38.1,40.3,60.0,0,1,28,0,20.0,76.9,3.8,1,0,0,1,1,2,7.1,149,6.0
4,Brady McBride,77641,QB,TEXAS ST,1,77.3,22,25,12.8,3.15,1,3,11.5,64.0,16,0,13,5.9,30,1,8,314,62.2,80.1,81.2,60.1,1,0,31,0,30.8,126.2,13.3,4,1,0,1,3,0,0.0,187,7.5
4,Brett Gabbert,97404,QB,MIAMI OH,1,54.5,22,25,9.9,2.6,1,0,0.0,44.0,11,0,14,8.3,31,1,9,221,68.3,57.1,56.9,58.5,1,0,31,0,21.4,83.4,9.7,3,3,0,1,1,1,3.2,188,7.5
4,Chevan Cordeiro,75886,QB,HAWAII,1,75.0,24,25,14.7,3.03,1,3,11.5,64.0,16,0,13,11.1,31,2,12,180,31.2,78.6,80.7,63.3,0,1,32,1,30.8,98.3,12.9,4,2,0,0,1,1,3.1,277,11.1
4,Henry Colombi,60583,QB,TEXAS TECH,1,86.4,22,24,13.3,3.07,0,4,15.4,75.0,18,0,8,5.3,28,1,9,315,68.3,91.7,91.4,66.6,0,1,31,0,25.0,138.9,7.1,2,2,0,2,3,0,0.0,324,13.5
4,Ty Keyes,145417,QB,SO MISS,1,63.2,19,24,6.6,2.78,0,0,0.0,45.8,11,0,11,8.3,33,1,9,296,71.7,50.2,44.8,61.7,0,1,35,0,18.2,73.4,6.1,2,4,0,5,2,0,0.0,131,5.5
4,Timmy McClain,144488,QB,USF,1,73.9,23,24,10.4,3.92,0,0,0.0,70.8,17,0,14,0.0,30,0,11,327,37.8,62.5,70.6,51.8,0,0,32,0,7.1,93.4,3.3,1,5,0,1,0,1,3.1,186,7.8
4,Seth Henigan,144267,QB,MEMPHIS,1,63.6,22,24,13.0,2.47,0,2,7.7,58.3,14,0,8,0.0,29,0,10,218,29.9,59.5,65.2,48.4,1,0,32,0,25.0,116.7,6.9,2,2,0,1,1,2,6.3,333,13.9
4,Rocky Lombardi,60452,QB,N ILLINOIS,1,79.2,24,24,8.2,2.26,0,1,4.0,70.8,17,0,0,10.5,26,2,13,254,33.8,83.2,77.6,73.3,0,1,27,0,,106.6,3.8,1,1,0,0,1,0,0.0,282,11.8
4,Justin Tomlin,78482,QB,GA SOUTHRN,1,55.0,20,24,9.5,3.67,2,0,0.0,45.8,11,0,17,0.0,33,0,11,174,25.0,46.0,50.6,48.9,0,1,34,0,35.3,53.3,18.2,6,3,0,2,0,2,5.9,175,7.3
4,Devin Grainger,78496,QB,GA STATE,1,61.9,21,24,11.3,2.6,1,1,4.0,50.0,12,0,14,7.7,30,1,9,175,73.0,56.6,50.5,64.2,2,1,31,0,28.6,74.5,13.3,4,2,0,0,2,1,3.2,117,4.9
4,Casey Thompson,77677,QB,TEXAS,1,82.6,23,23,12.4,2.86,0,2,8.3,78.3,18,0,3,5.3,25,1,13,311,70.5,92.9,90.6,84.6,0,1,27,0,33.3,140.2,4.0,1,1,0,0,5,1,3.7,303,13.2
4,Hendon Hooker,60593,QB,TENNESSEE,1,69.6,23,23,9.6,2.7,0,1,4.3,56.5,13,0,11,18.8,32,3,8,307,70.7,58.6,61.2,55.1,0,0,32,1,27.3,118.2,9.4,3,5,0,0,2,1,3.1,221,9.6
4,Brady Olson,147415,QB,UMASS,1,65.0,20,23,8.1,2.15,1,0,0.0,56.5,13,0,7,0.0,27,0,5,216,35.8,43.2,43.6,55.4,1,0,27,1,28.6,64.6,7.4,2,1,0,1,0,1,3.7,85,3.7
4,Bryce Young,123943,QB,ALABAMA,1,95.5,22,23,10.3,2.84,0,3,12.5,87.0,20,0,5,4.8,24,1,11,103,67.7,94.8,94.6,,0,1,25,1,20.0,140.2,4.2,1,0,0,1,5,0,0.0,312,13.6
4,Payton Thorne,101629,QB,MICH STATE,1,70.0,20,23,8.5,2.95,2,1,4.3,60.9,14,0,11,0.0,28,0,6,223,69.1,49.6,50.3,54.1,0,1,28,0,27.3,82.3,10.7,3,2,0,1,1,1,3.6,183,8.0
4,Cameron Rising,77663,QB,UTAH,1,71.4,21,23,9.1,2.34,0,1,4.2,56.5,13,0,6,13.3,24,2,7,328,70.5,60.2,57.7,62.9,2,0,25,0,16.7,74.0,4.2,1,0,0,0,0,1,4.0,137,6.0
4,Daniel Richardson,97103,QB,C MICHIGAN,1,69.6,23,23,15.1,3.05,0,4,16.7,69.6,16,0,6,0.0,26,0,10,134,26.7,74.1,79.3,52.9,0,0,27,1,16.7,149.6,3.8,1,2,0,0,3,1,3.7,276,12.0
4,Jake Constantine,40166,QB,RICE,1,78.3,23,23,7.5,2.56,0,1,4.3,78.3,18,0,3,0.0,25,0,12,275,67.8,83.8,81.4,67.4,0,1,26,0,33.3,112.1,4.0,1,1,0,0,1,1,3.8,271,11.8
4,Spencer Petras,82136,QB,IOWA,1,71.4,21,23,12.1,2.61,0,4,16.7,65.2,15,0,9,0.0,26,0,7,192,69.1,91.7,91.2,65.5,1,1,27,0,33.3,107.9,11.5,3,0,0,1,2,0,0.0,224,9.7
4,Will Levis,83542,QB,KENTUCKY,1,88.2,17,22,3.4,2.47,2,0,0.0,68.2,15,0,6,0.0,23,0,7,202,70.5,64.6,58.8,67.2,1,1,26,0,0.0,59.3,0.0,0,1,0,2,0,1,3.8,102,4.6
4,Jack Plummer,83543,QB,PURDUE,1,65.0,20,21,5.1,2.38,1,0,0.0,57.1,12,0,4,7.7,25,1,6,273,68.3,53.9,56.4,52.9,0,0,25,0,50.0,68.6,8.0,2,2,0,0,0,0,0.0,95,4.5
4,Anthony Brown,40316,QB,OREGON,1,55.0,20,21,12.9,2.74,1,1,4.3,47.6,10,0,8,9.1,25,1,10,264,71.8,59.6,59.8,58.6,0,0,27,0,25.0,122.2,8.0,2,2,0,0,3,1,3.7,206,9.8
4,Ryan Hilinski,71295,QB,NWESTERN,1,76.5,17,20,5.2,2.27,2,0,0.0,60.0,12,0,3,7.7,20,1,5,256,68.7,65.1,62.8,62.7,0,0,22,0,0.0,70.4,0.0,0,0,0,1,0,0,0.0,88,4.4
4,Jaren Lewis,99473,QB,KANSAS ST,1,64.7,17,19,7.4,3.4,0,1,4.8,52.6,10,0,11,9.1,21,1,6,199,27.3,37.2,36.1,57.3,0,1,23,0,18.2,74.0,9.5,2,0,0,2,1,3,13.0,148,7.8
4,Gerry Bohanon,77636,QB,BAYLOR,1,94.1,17,19,7.7,2.78,1,0,0.0,73.7,14,0,6,12.5,21,2,6,118,21.0,72.7,68.2,67.7,0,0,22,0,33.3,131.9,9.5,2,0,0,1,2,1,4.5,152,8.0
4,Chance Nolan,78493,QB,OREGON ST,1,88.9,18,19,9.0,2.93,0,4,18.2,78.9,15,0,11,6.3,22,1,11,265,70.0,90.6,90.4,70.5,1,2,25,0,0.0,113.4,0.0,0,3,0,0,4,1,4.0,213,11.2
4,Aidan O'Connell,60516,QB,PURDUE,1,77.8,18,19,10.3,2.37,0,2,10.5,63.2,12,0,3,14.3,20,2,8,273,68.5,82.4,81.9,60.1,0,2,20,0,33.3,72.6,5.0,1,0,0,1,1,1,5.0,182,9.6
4,Carter Bradley,77685,QB,TOLEDO,1,72.2,18,18,8.8,2.4,0,0,0.0,55.6,10,0,3,23.1,21,3,8,316,67.4,55.2,53.4,61.4,0,1,22,0,33.3,77.1,4.8,1,2,0,0,1,1,4.5,144,8.0
4,Aaron Allen,78494,QB,LA TECH,1,82.4,17,18,6.6,2.39,0,0,0.0,77.8,14,0,9,0.0,21,0,8,208,69.8,59.1,59.8,56.9,0,0,22,0,22.2,98.4,9.5,2,1,0,1,0,0,0.0,137,7.6
4,Kyle McCord,145053,QB,OHIO STATE,1,76.5,17,18,10.3,2.45,0,0,0.0,72.2,13,0,5,0.0,21,0,8,260,25.5,60.5,56.6,63.3,0,1,22,0,40.0,128.2,9.5,2,0,0,1,2,1,4.5,319,17.7
4,Brendon Lewis,131687,QB,COLORADO,1,56.3,16,17,5.8,3.09,0,0,0.0,41.2,7,0,10,22.2,22,2,5,143,70.5,56.8,47.1,73.4,0,0,25,1,30.0,52.8,13.6,3,2,0,1,0,1,4.0,67,3.9
4,Cade McNamara,101620,QB,MICHIGAN,1,62.5,16,16,9.8,2.44,0,0,0.0,56.3,9,0,2,10.0,17,1,6,222,70.1,60.5,62.0,55.6,0,0,17,1,0.0,91.4,0.0,0,1,0,0,0,0,0.0,163,10.2
4,T.J. Finley,124093,QB,AUBURN,1,68.8,16,16,14.4,3.04,0,2,11.8,56.3,9,0,9,18.2,18,2,7,115,67.7,92.2,91.2,70.2,0,0,19,0,11.1,95.1,5.6,1,1,0,0,1,0,0.0,97,6.1
4,Rhett Rodriguez,60332,QB,LA MONROE,1,66.7,15,16,14.1,2.83,0,1,5.3,62.5,10,0,8,0.0,19,0,6,209,27.6,50.9,68.0,31.7,0,0,22,0,12.5,109.1,5.3,1,2,0,1,1,1,4.5,131,8.2
4,Garrett Shrader,98212,QB,SYRACUSE,1,53.8,13,15,13.2,2.73,0,1,6.3,40.0,6,0,9,14.3,19,1,5,304,73.6,68.6,50.5,75.4,1,0,20,0,22.2,56.8,10.5,2,2,0,1,0,1,5.0,77,5.1
4,Nick Starkel,40326,QB,S JOSE ST,1,76.9,13,15,11.8,3.03,0,0,0.0,46.7,7,0,11,30.0,20,3,3,285,68.1,57.3,58.9,60.0,0,1,24,1,45.5,28.5,25.0,5,0,0,2,0,0,0.0,55,3.7
4,Stetson Bennett,60387,QB,GEORGIA,1,85.7,14,15,9.6,3.24,1,1,6.3,73.3,11,0,2,8.3,18,1,9,173,68.4,90.3,86.4,72.9,0,1,19,0,0.0,99.6,0.0,0,3,0,0,1,1,5.3,151,10.1
4,Jake Garcia,143941,QB,MIAMI FL,1,86.7,15,15,9.6,2.28,0,1,6.7,80.0,12,0,1,7.7,15,1,6,220,67.3,77.4,70.3,68.5,0,0,15,0,0.0,145.1,0.0,0,0,0,0,2,1,6.7,140,9.3
4,Cameron Friel,146195,QB,UNLV,1,69.2,13,15,5.1,3.16,0,0,0.0,60.0,9,0,9,0.0,21,0,4,325,67.2,57.6,55.5,67.1,1,0,22,1,44.4,90.4,19.0,4,2,0,1,0,0,0.0,138,9.2
4,KJ Jefferson,99129,QB,ARKANSAS,1,64.3,14,14,13.6,2.69,0,1,6.7,42.9,6,0,9,33.3,17,3,5,111,29.4,76.9,66.6,74.1,0,0,18,0,11.1,129.5,5.9,1,1,0,0,2,1,5.6,208,14.9
4,Grayson McCall,98002,QB,COAST CAR,1,71.4,14,14,13.1,2.3,0,1,7.1,71.4,10,0,1,0.0,14,0,7,141,68.0,85.3,81.2,69.0,0,0,14,0,0.0,149.4,0.0,0,0,0,0,2,0,0.0,162,11.6
4,Doug Brumfield,128348,QB,UNLV,1,58.3,12,13,10.3,2.75,0,0,0.0,46.2,6,0,9,14.3,15,1,6,325,68.2,64.7,51.7,77.5,1,0,16,0,0.0,126.0,0.0,0,2,0,0,2,1,6.3,143,11.0
4,Jeff Sims,122496,QB,GA TECH,1,76.9,13,13,11.7,2.21,0,0,0.0,76.9,10,0,1,0.0,15,0,7,176,72.9,85.0,65.6,84.4,0,0,15,0,0.0,127.7,0.0,0,1,0,0,1,1,6.7,112,8.6
4,Tanner Morgan,55239,QB,MINNESOTA,1,45.5,11,13,14.5,3.23,2,1,6.7,38.5,5,0,10,0.0,22,0,5,225,26.3,36.3,31.3,56.1,0,2,24,0,40.0,13.5,18.2,4,5,0,0,0,2,8.3,59,4.5
4,Will Howard,122599,QB,KANSAS ST,1,41.7,12,12,14.4,2.7,0,0,0.0,33.3,4,0,5,20.0,12,1,2,199,67.7,56.8,56.1,59.4,0,0,12,0,0.0,47.2,0.0,0,0,0,0,0,0,0.0,50,4.2
4,Tyler Van Dyke,122225,QB,MIAMI FL,1,100.0,11,11,6.0,2.28,0,1,9.1,90.9,10,0,2,9.1,13,1,7,220,67.8,87.9,90.5,57.4,0,0,13,0,100.0,158.3,15.4,2,0,0,0,3,0,0.0,270,24.5
4,JT Daniels,83578,QB,GEORGIA,1,100.0,10,10,6.8,2.13,0,1,10.0,90.0,9,0,1,10.0,10,1,5,173,65.4,89.7,89.6,,0,0,10,0,0.0,158.3,0.0,0,0,0,0,2,0,0.0,129,12.9
4,Tyler Shough,83537,QB,TEXAS TECH,1,80.0,10,10,1.4,1.95,0,0,0.0,80.0,8,0,3,0.0,12,0,5,315,65.8,43.2,35.9,64.2,0,1,12,0,0.0,52.9,0.0,0,1,0,0,0,1,8.3,62,6.2
4,Jace Ruder,77680,QB,N TEXAS,1,50.0,8,10,14.6,3.47,0,0,0.0,30.0,3,0,5,25.0,12,1,1,251,65.8,55.6,53.0,61.6,1,0,12,0,0.0,39.6,0.0,0,2,0,1,0,0,0.0,13,1.3
4,JD Head,122677,QB,LA TECH,1,55.6,9,9,8.8,2.22,0,1,10.0,55.6,5,0,5,0.0,11,0,4,208,20.5,49.1,49.2,56.9,0,0,12,0,20.0,117.8,9.1,1,1,0,0,1,1,8.3,70,7.8
4,Mike Wright Jr.,124366,QB,VANDERBILT,1,37.5,8,9,9.3,3.41,0,0,0.0,33.3,3,0,4,0.0,13,0,2,333,69.3,43.4,32.0,61.4,0,1,13,0,0.0,2.8,0.0,0,4,0,1,0,2,15.4,16,1.8
4,Ken Seals,124359,QB,VANDERBILT,1,42.9,7,9,8.4,2.37,1,0,0.0,22.2,2,0,2,33.3,10,1,0,333,66.5,47.8,42.3,63.3,0,1,10,0,50.0,0.0,10.0,1,0,0,1,0,0,0.0,8,0.9
4,Bryce Carpenter,82101,QB,COAST CAR,1,55.6,9,9,15.1,2.75,0,1,10.0,44.4,4,0,8,20.0,10,1,4,141,67.6,75.4,71.9,66.2,0,0,11,0,0.0,111.8,0.0,0,1,0,0,1,0,0.0,77,8.6
4,Joe Milton III,82151,QB,TENNESSEE,1,57.1,7,8,7.7,2.76,0,0,0.0,25.0,2,0,0,50.0,9,2,3,307,65.1,60.7,56.5,63.1,0,0,9,0,,55.2,0.0,0,1,0,1,0,0,0.0,54,6.8
4,Walker Eget,146170,QB,S JOSE ST,1,14.3,7,8,18.7,2.71,0,0,0.0,12.5,1,0,1,0.0,8,0,0,285,66.2,29.0,28.7,60.0,0,0,8,0,0.0,39.6,0.0,0,0,0,1,0,1,12.5,8,1.0
4,Jack Miller III,129754,QB,OHIO STATE,1,85.7,7,8,10.4,2.61,0,0,0.0,62.5,5,0,2,16.7,8,1,3,260,66.2,81.6,76.9,63.5,0,0,8,0,0.0,88.5,0.0,0,0,0,1,0,0,0.0,66,8.3
4,Drew Pyne,122910,QB,NOTRE DAME,1,75.0,8,8,10.1,3.09,0,0,0.0,75.0,6,0,4,0.0,10,0,5,258,65.1,74.2,73.7,,0,0,10,0,50.0,146.4,20.0,2,0,0,0,1,0,0.0,81,10.1
4,Garrett Dzuro,64526,QB,UMASS,1,71.4,7,7,8.6,3.08,0,0,0.0,57.1,4,0,4,20.0,9,1,4,216,67.4,66.1,69.0,58.3,0,0,9,0,0.0,75.9,0.0,0,2,0,0,0,0,0.0,44,6.3
4,Andrew Peasley,83581,QB,UTAH ST,1,50.0,4,7,10.5,3.42,0,1,14.3,28.6,2,0,4,0.0,9,0,2,329,21.9,58.3,49.0,65.1,0,0,9,1,25.0,47.9,11.1,1,1,0,3,0,1,11.1,35,5.0
4,Jordan Yates,97416,QB,GA TECH,1,50.0,6,6,9.2,2.31,0,1,12.5,50.0,3,0,2,0.0,8,0,1,176,67.5,60.3,59.7,59.6,0,0,10,0,50.0,58.3,12.5,1,1,0,0,0,1,10.0,21,3.5
4,Xavier Arline,121831,QB,NAVY,1,100.0,3,6,12.3,3.33,0,0,0.0,50.0,3,0,9,0.0,9,0,3,237,32.4,47.5,62.6,47.7,0,0,9,0,33.3,95.8,33.3,3,0,0,3,0,0,0.0,83,13.8
4,Ta'Quan Roberson,101625,QB,PENN STATE,1,60.0,5,5,1.8,1.92,0,0,0.0,60.0,3,0,0,0.0,5,0,2,266,66.8,58.5,60.5,58.1,0,0,5,0,,75.4,0.0,0,0,0,0,0,0,0.0,28,5.6
4,Christian Anderson,60339,QB,ARMY,1,0.0,5,5,30.4,3.5,0,0,0.0,0.0,0,0,4,,5,0,0,114,74.4,62.2,39.9,69.1,0,0,5,0,0.0,39.6,0.0,0,0,0,0,0,0,0.0,0,0.0
4,Haaziq Daniels,125263,QB,AIR FORCE,1,50.0,4,5,14.5,1.94,0,0,0.0,40.0,2,0,1,0.0,5,0,2,101,75.4,89.0,66.5,81.5,0,0,5,0,0.0,87.5,0.0,0,0,1,0,0,0,0.0,70,14.0
4,Zach Gibson,100201,QB,AKRON,1,100.0,5,5,8.2,2.93,0,0,0.0,80.0,4,0,4,20.0,8,1,2,102,64.9,67.6,71.6,57.3,0,0,8,0,50.0,98.3,25.0,2,1,0,0,0,0,0.0,38,7.6
4,Garrett Greene,123420,QB,W VIRGINIA,1,100.0,4,4,-1.3,1.78,0,0,0.0,75.0,3,0,0,25.0,4,1,1,343,19.7,57.7,64.8,55.5,0,0,4,0,,84.4,0.0,0,0,0,0,0,0,0.0,19,4.8
4,Natano Woods,128341,QB,S JOSE ST,1,66.7,3,4,6.7,3.43,1,0,0.0,50.0,2,0,4,0.0,6,0,0,285,64.6,48.6,54.8,,0,0,7,1,50.0,56.3,33.3,2,0,0,0,0,0,0.0,-4,-1.0
4,Nick Patti,77614,QB,PITTSBURGH,1,100.0,4,4,4.8,2.1,0,0,0.0,100.0,4,0,0,0.0,4,0,2,268,63.3,76.9,77.2,,0,0,4,0,,107.3,0.0,0,0,0,0,0,0,0.0,39,9.8
4,Chandler Rogers,98683,QB,LA MONROE,1,66.7,3,3,8.0,2.68,0,0,0.0,33.3,1,0,1,50.0,5,1,1,209,11.1,55.5,65.4,56.6,0,0,6,1,100.0,81.3,20.0,1,1,0,0,0,1,16.7,37,12.3
4,Paul Tyson,98363,QB,ALABAMA,1,100.0,2,3,23.0,2.87,0,0,0.0,66.7,2,0,2,0.0,3,0,2,103,64.8,83.3,83.6,60.0,0,0,3,0,0.0,109.7,0.0,0,0,0,1,0,0,0.0,58,19.3
4,Malik Hornsby,123957,QB,ARKANSAS,1,100.0,3,3,6.7,5.25,0,1,33.3,33.3,1,0,3,66.7,6,2,0,111,67.0,63.3,71.8,57.8,0,0,6,0,33.3,42.4,16.7,1,2,0,0,0,0,0.0,7,2.3
4,Carson Beck,124010,QB,GEORGIA,1,33.3,3,3,14.0,2.43,0,0,0.0,33.3,1,0,0,0.0,3,0,1,173,68.8,59.8,59.1,59.3,0,0,3,0,,45.1,0.0,0,0,0,0,0,0,0.0,11,3.7
4,Armani Rogers,40034,QB,OHIO,1,33.3,3,3,12.7,4.42,0,0,0.0,33.3,1,0,3,0.0,5,0,0,259,70.6,66.1,46.6,74.5,0,1,5,1,33.3,2.8,20.0,1,1,0,0,0,0,0.0,3,1.0
4,Ty Thompson,146568,QB,OREGON,1,0.0,3,3,21.7,3.23,0,0,0.0,0.0,0,0,1,,4,0,0,264,63.3,29.2,29.5,57.3,0,0,4,0,0.0,39.6,0.0,0,1,0,0,0,1,25.0,0,0.0
4,Dequan Finn,97804,QB,TOLEDO,1,100.0,2,2,9.5,2.12,0,1,33.3,100.0,2,0,2,0.0,5,0,1,316,72.7,90.0,74.6,78.1,0,0,6,0,100.0,118.8,40.0,2,0,0,0,0,0,0.0,28,14.0
4,Jarrett Guest,97997,QB,COAST CAR,1,100.0,1,2,5.0,2.27,1,0,0.0,50.0,1,0,0,0.0,3,0,1,141,67.7,78.3,58.9,73.0,0,0,3,0,,58.3,0.0,0,1,0,0,0,0,0.0,7,3.5
4,Logan Smothers,129713,QB,NEBRASKA,1,50.0,2,2,11.0,2.6,0,0,0.0,50.0,1,0,0,0.0,3,0,0,238,66.4,51.6,52.2,57.5,0,0,3,0,,56.3,0.0,0,1,0,0,0,0,0.0,4,2.0
4,Maasai Maynor,101057,QB,NAVY,1,100.0,2,2,16.0,3.13,0,0,0.0,50.0,1,0,2,50.0,3,1,0,237,62.7,72.1,71.7,,0,0,3,0,50.0,75.0,33.3,1,0,0,0,0,0,0.0,15,7.5
4,AJ Mayer,63860,QB,MIAMI OH,1,50.0,2,2,25.5,2.65,0,0,0.0,50.0,1,0,1,0.0,2,0,1,221,66.2,50.5,50.4,58.6,0,1,2,0,0.0,27.1,0.0,0,0,0,0,0,1,50.0,11,5.5
4,Cammon Cooper,83591,QB,WASH STATE,1,0.0,1,2,38.0,3.3,0,0,0.0,0.0,0,0,2,,3,0,0,341,62.7,40.0,40.4,,1,0,3,0,50.0,39.6,33.3,1,0,0,0,0,0,0.0,0,0.0
4,Justin Lynch,144392,QB,TEMPLE,1,100.0,1,1,-4.0,0.7,0,0,0.0,0.0,0,0,0,100.0,2,1,0,306,61.8,59.3,58.9,,0,0,2,0,,39.6,0.0,0,0,0,0,0,0,0.0,0,0.0
4,Kai Horton,144418,QB,TULANE,1,100.0,1,1,3.0,2.2,0,0,0.0,100.0,1,0,0,0.0,1,0,0,319,60.3,60.6,60.4,,0,0,1,0,,104.2,0.0,0,0,0,0,0,0,0.0,9,9.0
4,Thayer Thomas,61515,WR,NC STATE,1,0.0,1,1,24.0,3.4,0,0,0.0,0.0,0,0,1,,1,0,0,248,73.6,57.4,50.8,,0,0,1,0,0.0,39.6,0.0,0,0,0,0,0,0,0.0,0,0.0
4,Braden Smith,61460,WR,LOUISVILLE,1,0.0,1,1,27.0,4.6,0,0,0.0,0.0,0,0,0,,1,0,0,210,69.9,70.6,37.9,59.6,0,0,1,0,,39.6,0.0,0,0,0,0,0,1,100.0,0,0.0
4,Jaedyn McKinstry,145642,TE,BOWL GREEN,1,0.0,1,1,-6.0,2.8,0,0,0.0,0.0,0,0,0,,1,0,0,122,60.3,50.3,57.7,,0,0,1,0,,39.6,0.0,0,0,0,0,0,0,0.0,0,0.0
4,Austin Smith,145763,QB,E MICHIGAN,1,100.0,1,1,12.0,2.1,0,0,0.0,100.0,1,0,0,0.0,1,0,1,160,61.8,65.2,64.6,,0,0,2,0,,118.8,0.0,0,0,0,0,0,0,0.0,16,16.0
4,Joah Flores,146119,WR,NEW MEXICO,1,100.0,1,1,-6.0,2.3,0,0,0.0,100.0,1,0,0,0.0,1,0,0,241,60.3,45.9,60.4,,0,0,1,0,,87.5,0.0,0,0,0,0,0,0,0.0,5,5.0
4,William Haskell,146153,QB,S DIEGO ST,1,100.0,1,1,6.0,2.0,0,0,0.0,100.0,1,0,0,0.0,1,0,1,284,67.5,83.4,77.2,66.4,0,0,1,0,,118.8,0.0,0,0,0,0,0,0,0.0,20,20.0
4,Davis Beville,99588,QB,PITTSBURGH,1,100.0,1,1,-1.0,1.6,0,0,0.0,100.0,1,0,0,0.0,1,0,1,268,60.3,61.7,60.6,,0,0,1,0,,118.8,0.0,0,0,0,0,0,0,0.0,13,13.0
4,Knox Kadum,99578,QB,VA TECH,1,0.0,1,1,18.0,3.6,0,0,0.0,0.0,0,0,1,,1,0,0,337,60.3,26.4,26.9,,0,1,1,0,0.0,0.0,0.0,0,0,0,0,0,1,100.0,0,0.0
4,Trent Whittemore,98811,WR,FLORIDA,1,100.0,1,1,18.0,3.2,0,0,0.0,100.0,1,0,0,0.0,1,0,1,163,63.7,56.0,73.1,,0,0,1,0,,158.3,0.0,0,0,0,0,1,0,0.0,13,13.0
4,Jalen Milroe,146590,QB,ALABAMA,1,100.0,1,1,31.0,2.8,0,1,100.0,100.0,1,0,0,0.0,1,0,1,103,65.9,90.0,88.6,63.1,0,0,1,0,,158.3,0.0,0,0,0,0,1,0,0.0,24,24.0
4,Warren Thompson,77953,WR,ARKANSAS,1,100.0,1,1,23.0,3.2,0,0,0.0,100.0,1,0,0,0.0,1,0,1,111,62.4,70.0,76.2,,0,0,1,0,,118.8,0.0,0,0,0,0,0,0,0.0,27,27.0
4,Tez Johnson,123709,WR,TROY,1,,0,1,,6.8,0,0,0.0,0.0,0,0,1,,1,0,0,318,72.8,51.4,60.0,,1,0,1,0,0.0,39.6,0.0,0,0,0,0,0,0,0.0,0,0.0
4,Dylan Drummond,78187,WR,E MICHIGAN,1,100.0,1,1,18.0,2.9,0,0,0.0,100.0,1,0,1,0.0,1,0,1,160,70.6,75.0,73.1,,0,0,1,0,0.0,158.3,0.0,0,0,0,0,1,0,0.0,13,13.0
4,Peter Moore,123358,P,VA TECH,1,0.0,1,1,18.0,1.8,0,0,0.0,0.0,0,0,0,,1,0,0,337,60.3,53.0,49.6,,0,0,1,0,,39.6,0.0,0,0,0,0,0,0,0.0,0,0.0
4,Brenden Brady,83795,HB,UTSA,1,100.0,1,1,8.0,3.2,0,0,0.0,100.0,1,0,0,0.0,1,0,1,331,74.3,66.4,71.7,64.1,0,0,1,0,,100.0,0.0,0,0,0,0,0,0,0.0,8,8.0
4,Isaiah Williams,97156,WR,ILLINOIS,1,0.0,1,1,11.0,3.9,0,0,0.0,0.0,0,0,0,,1,0,0,187,67.9,56.4,46.8,56.3,0,0,1,0,,39.6,0.0,0,0,0,0,0,0,0.0,0,0.0
4,Trenton Bourguet,97285,QB,ARIZONA ST,1,100.0,1,1,-4.0,1.1,0,0,0.0,100.0,1,0,0,0.0,1,0,0,110,63.7,34.2,60.6,43.2,0,0,1,0,,91.7,0.0,0,0,0,0,0,0,0.0,6,6.0
4,Ricky Pearsall,100660,WR,ARIZONA ST,1,100.0,1,1,-4.0,3.1,0,0,0.0,100.0,1,0,0,0.0,1,0,1,110,63.7,55.0,60.6,,0,0,1,0,,158.3,0.0,0,0,0,0,1,0,0.0,30,30.0
4,Liam Welch,19897,QB,SAMFORD,1,83.3,72,73,7.1,2.37,0,4,5.3,76.7,56,0,18,6.7,81,4,31,282,51.4,88.0,83.1,76.2,0,1,87,0,11.1,107.1,2.5,2,5,0,1,3,2,2.3,580,7.9
4,Jack Chambers,60359,QB,CHARLES SO,1,68.3,60,63,7.7,2.73,0,2,3.1,61.9,39,0,30,4.9,81,2,29,135,72.6,65.6,60.2,71.2,0,1,84,0,30.0,85.7,11.1,9,9,0,3,2,3,3.6,425,6.7
4,Ren Hefley,101621,QB,PRESBYTERN,1,56.1,57,62,11.7,2.65,2,4,5.9,51.6,32,0,24,0.0,72,0,20,271,49.0,63.5,58.5,68.4,0,2,79,2,25.0,76.1,8.3,6,4,0,3,3,6,7.6,421,6.8
4,Draylen Ellis,121346,QB,AUSTINPEAY,1,57.4,54,60,10.5,2.53,1,0,0.0,51.7,31,0,9,0.0,64,0,13,116,70.8,45.0,45.4,53.6,1,3,67,2,44.4,51.3,6.3,4,0,0,4,1,3,4.5,308,5.1
4,Rogan Wells,149999,QB,W CAROLINA,1,76.8,56,58,8.3,3.05,1,2,3.3,63.8,37,0,16,14.0,65,6,23,344,29.0,83.7,80.2,71.4,0,2,67,0,25.0,83.0,6.2,4,3,0,1,2,3,4.5,426,7.3
4,Davis Cheek,55146,QB,ELON,1,81.3,48,55,8.9,2.39,1,8,14.3,65.5,36,0,15,7.7,56,3,17,162,71.1,92.9,92.4,70.3,0,0,59,0,0.0,103.4,0.0,0,0,1,5,3,0,0.0,378,6.9
4,Cam Ward,133244,QB,INCAR WORD,1,73.9,46,49,5.9,2.41,1,2,3.9,59.2,29,0,19,14.7,56,5,16,189,70.1,62.9,60.6,65.6,0,0,58,0,15.8,96.0,5.4,3,3,0,2,2,0,0.0,365,7.4
4,Luke Bailey,143172,QB,DRAKE,1,60.9,46,49,10.7,2.43,0,5,10.2,57.1,28,0,25,0.0,52,0,13,153,41.8,60.4,64.9,44.1,0,0,52,0,8.0,87.5,3.8,2,1,1,2,2,3,5.8,284,5.8
4,Connor Sampson,33374,QB,W ILLINOIS,1,81.8,44,48,7.1,3.15,0,2,3.8,68.8,33,0,18,8.3,52,3,18,345,70.1,77.0,81.2,47.7,1,1,57,0,5.6,105.9,1.9,1,3,0,3,4,1,1.8,316,6.6
4,E.J. Perry,60349,QB,BROWN,1,84.4,45,46,6.9,2.69,0,2,4.2,73.9,34,0,15,10.5,50,4,16,123,18.8,68.8,70.5,53.6,0,1,52,0,20.0,100.5,6.0,3,1,0,1,2,4,7.7,346,7.5
4,Pierce Holley,108981,QB,GEORGETOWN,1,78.4,37,44,10.1,2.51,2,4,9.1,63.6,28,0,15,3.4,49,1,17,172,70.8,78.2,81.2,54.3,0,2,49,0,6.7,84.9,2.0,1,3,0,5,1,2,4.1,435,9.9
4,Eric Barriere,40109,QB,E WASHGTON,1,76.2,42,43,12.8,2.77,0,3,6.8,69.8,30,0,7,6.3,48,2,25,161,70.4,92.9,91.7,78.0,0,0,50,0,28.6,141.4,4.2,2,3,0,1,4,0,0.0,518,12.0
4,Breylin Smith,33893,QB,CENT ARK,1,71.8,39,42,11.2,2.54,0,2,4.4,59.5,25,0,14,10.7,46,3,13,132,70.1,69.5,70.2,55.5,1,2,50,0,21.4,92.2,6.5,3,1,1,1,4,2,4.0,288,6.9
4,Aqeel Glass,60328,QB,ALAB A&M,1,81.6,38,42,7.2,2.2,2,5,11.1,66.7,28,0,10,9.7,45,3,20,104,70.3,90.2,90.2,60.8,0,2,48,0,30.0,110.6,6.7,3,0,0,2,4,1,2.1,414,9.9
4,Ryan Nettles,102339,QB,ALABAMA ST,1,64.9,37,41,11.1,2.6,3,1,2.3,56.1,23,0,5,4.2,46,1,17,105,69.9,60.0,56.9,68.4,0,2,48,0,60.0,71.2,6.5,3,2,0,1,2,2,4.2,260,6.3
4,Quinton Williams,102366,QB,HOWARD,1,71.8,39,41,9.9,3.12,0,0,0.0,61.0,25,0,22,10.7,53,3,16,184,41.3,64.4,63.4,61.6,1,1,55,1,22.7,76.8,9.4,5,7,0,1,1,2,3.6,255,6.2
4,Dylan McCaffrey,60451,QB,N COLORADO,1,81.1,37,40,7.9,2.34,1,2,5.0,62.5,25,0,18,16.7,44,5,13,253,69.7,76.9,71.0,75.6,0,0,44,0,5.6,92.0,2.3,1,3,0,2,2,1,2.3,203,5.1
4,Brock Bagozzi,149648,QB,MARIST,1,61.5,39,40,11.9,2.9,0,3,7.0,55.0,22,0,26,8.3,42,2,13,213,70.2,68.9,67.3,63.8,0,1,46,0,7.7,78.5,4.8,2,0,0,1,2,2,4.3,234,5.9
4,Shannon Patrick,82081,QB,BETH COOK,1,68.4,38,40,11.5,2.58,0,4,10.0,50.0,20,0,10,23.1,43,6,10,119,22.1,70.2,68.3,,0,1,44,0,30.0,66.8,7.0,3,0,0,2,1,3,6.8,241,6.0
4,Richie Kenney,91723,QB,CORNELL,1,58.3,36,38,9.1,2.32,0,1,2.5,47.4,18,0,14,14.3,39,3,9,147,69.1,35.5,35.0,,1,3,41,0,7.1,26.5,2.6,1,0,0,1,0,5,12.2,163,4.3
4,Drew Martin,88645,QB,TENN TECH,1,76.5,34,38,7.0,2.75,1,1,2.6,68.4,26,0,21,0.0,46,0,18,309,17.9,46.9,52.6,43.0,0,1,46,0,23.8,91.4,10.9,5,3,0,3,1,3,6.5,315,8.3
4,Griffin O'Connor,109073,QB,YALE,1,62.2,37,38,11.5,2.39,1,6,14.3,60.5,23,0,12,0.0,39,0,13,352,70.1,89.1,89.3,59.8,0,0,44,0,8.3,104.8,2.6,1,0,0,0,2,0,0.0,317,8.3
4,Justin Miller,103941,QB,SO UTAH,1,77.8,36,38,6.9,2.54,0,0,0.0,71.1,27,0,7,3.6,39,1,13,298,70.1,68.7,68.1,61.0,0,0,44,0,0.0,87.0,0.0,0,1,0,2,0,1,2.3,234,6.2
4,Zerrick Cooper,40465,QB,JVILLE ST,1,77.1,35,38,9.0,2.65,0,2,4.8,63.2,24,0,12,11.1,44,3,16,196,40.3,79.5,81.6,58.8,0,0,48,0,16.7,107.1,4.5,2,4,0,3,2,0,0.0,318,8.4
4,Skyler Perry,82082,QB,ARKAPB,1,72.7,33,37,10.0,2.63,0,3,7.7,59.5,22,0,17,8.3,41,2,13,112,36.7,75.7,74.9,63.1,0,0,45,1,5.9,95.1,2.4,1,1,0,4,1,1,2.2,306,8.3
4,Shedeur Sanders,131396,QB,JACKSON ST,1,73.0,37,37,12.3,2.84,0,1,2.5,67.6,25,0,20,7.4,41,2,15,194,36.7,60.0,67.1,35.1,0,0,45,0,20.0,113.7,9.8,4,0,0,0,3,2,4.4,251,6.8
4,RJ Martinez,147690,QB,N ARIZONA,1,71.0,31,37,8.3,3.3,2,2,5.1,56.8,21,0,17,4.5,43,1,10,252,43.6,67.7,69.9,58.1,0,0,45,0,5.9,72.8,2.3,1,4,1,3,0,1,2.2,208,5.6
4,Eric Schmid,66632,QB,SM HOUSTON,1,61.8,34,37,11.2,2.79,1,5,12.8,51.4,19,0,13,9.5,42,2,14,281,71.9,92.3,92.5,67.0,0,0,44,0,15.4,112.8,4.8,2,3,0,2,4,0,0.0,283,7.6
4,Chris Ferguson,40105,QB,TOWSON,1,66.7,33,36,9.5,2.07,1,2,5.0,52.8,19,0,9,13.6,38,3,10,317,69.6,59.1,61.4,60.0,1,1,42,0,22.2,86.9,5.3,2,0,1,0,3,2,4.8,213,5.9
4,Tyler Riddell,102355,QB,E TENN ST,1,67.6,34,36,10.8,2.65,0,2,5.6,61.1,22,0,11,4.3,39,1,18,157,69.8,69.7,68.8,66.0,0,0,39,2,9.1,116.9,2.6,1,2,0,2,3,0,0.0,312,8.7
4,Cody Orgeron,23693,QB,MCNEESE,1,78.8,33,36,6.5,2.57,3,0,0.0,61.1,22,0,8,15.4,42,4,10,217,26.4,60.4,60.3,62.6,0,1,46,1,25.0,66.3,4.8,2,4,0,0,0,3,6.5,215,6.0
4,Jack Cook,109015,QB,DAYTON,1,71.0,31,35,12.1,2.83,1,4,10.8,54.3,19,0,12,13.6,38,3,15,150,51.3,83.3,78.5,75.5,1,0,40,1,0.0,107.2,0.0,0,3,0,2,3,1,2.5,263,7.5
4,Andrew Body,155202,QB,TEXAS STHN,1,69.7,33,35,10.4,2.81,0,4,9.8,54.3,19,0,17,17.4,40,4,14,313,25.3,51.2,51.0,56.5,1,1,47,0,11.8,77.4,5.0,2,3,0,1,0,5,10.6,353,10.1
4,Daniel Smith,88625,QB,VILLANOVA,1,61.8,34,34,12.5,2.32,0,4,10.8,58.8,20,0,15,4.8,39,1,10,334,70.4,65.7,66.9,56.4,0,1,42,0,20.0,85.7,7.7,3,2,0,0,2,1,2.4,222,6.5
4,John Quinnelly,109048,QB,PENN,1,58.1,31,33,13.7,2.81,0,6,18.2,54.5,18,0,13,0.0,38,0,13,267,70.2,87.9,86.0,72.2,2,3,38,1,15.4,50.9,5.3,2,3,0,0,1,3,7.9,247,7.5
4,Tim Demorat,78498,QB,FORDHAM,1,69.7,33,33,10.2,2.24,0,2,6.1,63.6,21,0,7,8.7,35,2,16,168,70.1,68.4,68.7,57.4,0,0,35,0,14.3,130.1,2.9,1,1,0,0,4,1,2.9,280,8.5
4,Davis Alexander,52162,QB,PORTLAND,1,70.4,27,32,10.1,3.25,0,2,5.9,56.3,18,0,14,5.3,42,1,15,269,38.0,71.5,65.9,62.3,0,1,44,0,28.6,81.0,9.5,4,5,0,5,1,2,4.5,266,8.3
4,Felix Harper,13753,QB,ALCORN ST,1,50.0,32,32,14.7,2.67,0,2,5.6,50.0,16,0,21,0.0,43,0,14,107,40.8,68.7,67.2,63.3,0,1,47,0,33.3,109.9,16.3,7,4,0,0,3,2,4.3,368,11.5
4,Jake Dunniway,60572,QB,SACRAMENTO,1,64.5,31,32,14.0,2.76,1,2,5.9,59.4,19,0,12,5.0,35,1,12,279,68.8,88.5,87.4,,0,0,37,1,25.0,101.0,8.6,3,0,0,0,1,0,0.0,300,9.4
4,Nic Baker,87541,QB,S ILLINOIS,1,77.4,31,32,10.3,3.01,0,3,9.4,65.6,21,0,13,12.5,35,3,9,295,31.9,60.2,66.9,42.4,0,2,35,0,7.7,81.1,2.9,1,2,0,1,2,3,8.6,227,7.1
4,Kylan Weisser,78475,QB,WEBER ST,1,67.9,28,32,10.8,2.49,0,1,2.9,59.4,19,0,8,0.0,33,0,10,342,39.9,66.0,62.3,65.9,0,2,35,0,12.5,65.2,3.0,1,0,0,4,1,1,2.9,225,7.0
4,Geremy Hickbottom,62834,QB,TENN STATE,1,70.4,27,31,8.7,3.13,1,0,0.0,54.8,17,0,11,10.5,34,2,9,308,69.6,63.6,64.6,55.8,0,1,35,0,18.2,78.0,5.9,2,1,0,3,1,3,8.6,245,7.9
4,Tyquell Fields,51615,QB,STNY BROOK,1,67.7,31,31,11.0,3.21,0,2,6.3,67.7,21,0,12,0.0,41,0,14,303,71.9,56.0,50.7,64.6,0,1,42,0,41.7,89.9,12.2,5,5,0,0,1,3,7.1,253,8.2
4,Teryn Berry,103950,QB,VALPO,1,58.6,29,31,8.7,3.06,0,0,0.0,48.4,15,0,19,11.8,33,2,5,332,70.8,45.1,44.6,55.8,0,3,33,0,0.0,22.2,0.0,0,2,0,2,0,3,9.1,144,4.6
4,Zevi Eckhaus,148535,QB,BRYANT,1,85.7,28,30,7.5,2.69,1,1,3.0,76.7,23,0,10,4.2,36,1,15,124,69.4,69.8,63.4,75.3,1,1,39,1,0.0,111.0,0.0,0,6,0,0,2,1,2.6,264,8.8
4,Conor Bruce,60354,QB,CAL POLY,1,66.7,27,30,5.7,2.13,0,0,0.0,53.3,16,0,12,11.1,32,2,9,129,69.0,54.0,51.8,63.0,2,1,33,0,16.7,57.8,6.3,2,0,0,1,0,2,6.1,181,6.0
4,Jason Shelley,60581,QB,MO STATE,1,75.0,28,29,9.3,3.21,0,1,3.3,65.5,19,0,18,9.5,40,2,15,230,72.2,81.1,68.7,80.9,0,0,41,0,27.8,120.0,12.5,5,6,0,1,2,1,2.4,281,9.7
4,Romelo Williams,78489,QB,CENT CT ST,1,69.2,26,29,7.6,3.01,0,0,0.0,51.7,15,0,12,16.7,34,3,6,133,68.5,51.0,54.0,50.1,0,1,34,1,16.7,49.8,5.9,2,3,0,3,0,3,8.8,132,4.6
4,Carson Camp,141837,QB,S DAKOTA,1,51.9,27,29,9.3,3.02,0,3,10.0,41.4,12,0,15,14.3,35,2,7,291,35.2,52.8,49.9,61.8,0,2,36,0,33.3,52.5,14.3,5,1,0,2,1,2,5.6,231,8.0
4,Bret Bushka,108927,QB,BUTLER,1,70.4,27,28,6.9,2.78,0,0,0.0,60.7,17,0,9,10.5,33,2,10,127,68.6,63.2,61.2,63.1,0,1,35,0,22.2,59.5,6.1,2,3,0,1,0,3,8.6,146,5.2
4,Jalani Eason,52172,QB,MS VLY ST,1,76.0,25,28,4.8,2.48,0,2,6.5,67.9,19,0,15,0.0,35,0,10,228,70.2,76.5,73.1,68.8,1,1,38,0,26.7,109.8,11.4,4,3,0,2,3,1,2.6,204,7.3
4,Tony Muskett,142933,QB,MONMOUTH,1,70.4,27,27,10.4,2.47,0,1,3.6,59.3,16,0,9,15.8,37,3,8,231,34.8,65.0,66.3,57.8,0,1,38,0,66.7,68.8,16.2,6,4,0,0,1,0,0.0,132,4.9
4,Glendon McDaniel,78483,QB,SOUTHERN U,1,80.8,26,27,9.8,2.89,0,3,10.0,63.0,17,0,8,19.0,32,4,12,297,70.1,91.4,91.2,76.3,0,0,35,2,12.5,131.0,3.1,1,4,0,1,5,0,0.0,239,8.9
4,Mason Randall,91728,QB,SAN DIEGO,1,66.7,27,27,13.6,2.36,0,5,17.2,59.3,16,0,6,11.1,29,2,9,283,68.3,83.0,82.2,,0,1,31,0,33.3,75.8,6.9,2,0,0,0,1,2,6.5,178,6.6
4,Derek Robertson,142298,QB,MAINE,1,58.3,24,26,9.0,1.93,1,1,3.7,53.8,14,0,6,0.0,26,0,8,212,67.9,68.3,67.3,,1,0,27,0,0.0,73.6,0.0,0,0,0,0,0,0,0.0,166,6.4
4,Otto Kuhns,138014,QB,E ILLINOIS,1,65.4,26,26,12.2,3.14,0,1,3.7,57.7,15,0,12,11.8,31,2,6,158,69.4,52.8,55.3,52.6,0,1,32,0,0.0,89.1,0.0,0,5,0,0,2,1,3.1,183,7.0
4,Hunter Rodrigues,78490,QB,UC DAVIS,1,62.5,24,26,12.1,2.92,0,2,7.4,42.3,11,0,7,26.7,28,4,6,322,71.9,67.0,58.5,72.0,0,0,29,0,0.0,53.2,0.0,0,2,0,2,0,1,3.4,99,3.8
4,Hamp Sisson,78462,QB,FURMAN,1,69.6,23,25,9.7,2.4,0,0,0.0,64.0,16,0,9,0.0,25,0,8,170,68.3,51.4,50.7,59.5,1,3,25,0,0.0,38.5,0.0,0,0,0,1,0,2,8.0,136,5.4
4,Jackson Waring,138217,QB,ILL STATE,1,63.6,22,25,10.1,3.21,2,3,11.1,52.0,13,0,15,7.1,34,1,7,188,69.1,57.7,61.8,50.3,0,0,36,0,26.7,73.1,11.8,4,5,0,1,0,1,2.8,166,6.6
4,Cam Humphrey,39886,QB,MONTANA,1,71.4,21,24,11.6,3.04,0,1,4.2,62.5,15,0,10,0.0,28,0,8,232,29.5,65.4,72.3,48.0,1,0,29,0,20.0,119.3,7.1,2,1,0,2,2,0,0.0,215,9.0
4,Keon Howard,40418,QB,TENN MARTN,1,82.6,23,24,9.2,2.35,1,2,8.0,79.2,19,0,3,0.0,27,0,9,310,71.8,90.7,90.3,69.6,0,0,28,0,66.7,150.5,7.4,2,1,0,0,3,0,0.0,255,10.6
4,Grant Breneman,64179,QB,COLGATE,1,66.7,21,24,9.1,2.54,1,2,8.3,54.2,13,0,11,7.1,27,1,9,142,39.7,83.3,79.6,70.9,0,0,27,0,18.2,90.5,7.4,2,1,0,2,1,0,0.0,169,7.0
4,C.J. Ogbonna,149182,QB,SE MO ST,1,72.7,22,24,16.5,2.62,0,2,7.7,58.3,14,0,6,12.5,29,2,9,293,73.0,64.3,76.7,48.5,0,1,31,0,0.0,86.6,0.0,0,5,0,2,1,3,9.7,227,9.5
4,Charlie Dean,108990,QB,HARVARD,1,65.2,23,24,10.6,2.71,0,1,4.2,58.3,14,0,8,6.7,28,1,9,179,68.0,67.5,66.9,60.3,1,0,28,0,25.0,91.7,7.1,2,2,0,0,1,0,0.0,156,6.5
4,Cade Sexauer,111800,QB,STTHOM,1,76.2,21,23,9.0,2.52,0,0,0.0,69.6,16,0,9,0.0,25,0,12,1129,69.0,78.5,76.7,76.4,2,1,26,0,0.0,104.4,0.0,0,2,0,0,2,1,3.8,185,8.0
4,Lindsey Scott Jr.,40219,QB,NICHOLLS,1,78.3,23,23,9.1,3.01,0,2,8.0,60.9,14,0,6,22.2,28,4,11,243,38.4,86.3,74.4,80.1,0,1,31,0,33.3,94.8,7.1,2,3,0,0,2,1,3.2,172,7.5
4,Beau English,82066,QB,RICHMOND,1,68.2,22,23,3.5,2.06,0,0,0.0,65.2,15,0,6,0.0,27,0,4,276,71.8,53.0,50.0,66.3,1,0,27,2,33.3,70.4,7.4,2,2,0,0,0,0,0.0,77,3.3
4,Jawon Pass,40916,QB,PRVIEW A&M,1,75.0,20,23,9.8,2.59,1,1,4.3,56.5,13,0,14,13.3,29,2,8,270,22.0,56.6,61.4,51.9,1,0,30,0,14.3,112.0,6.9,2,4,0,1,2,0,0.0,187,8.1
4,Cole Smith,109050,QB,PRINCETON,1,76.2,21,23,15.5,2.9,0,6,25.0,60.9,14,0,6,12.5,26,2,11,272,69.6,92.4,91.5,72.1,0,0,27,1,33.3,132.8,7.7,2,0,0,2,3,0,0.0,223,9.7
4,Demeatric Crenshaw,138332,QB,YNGTOWN ST,1,66.7,21,23,5.5,3.19,1,0,0.0,60.9,14,0,14,0.0,29,0,5,353,41.7,51.5,29.4,71.1,1,1,29,0,0.0,49.2,0.0,0,6,0,0,0,4,13.8,80,3.5
4,Kahliq Paulette,147557,QB,CAL POLY,1,54.5,22,23,9.2,2.12,1,0,0.0,52.2,12,0,7,0.0,26,0,6,129,70.5,51.5,47.4,63.2,0,1,26,0,28.6,45.6,7.7,2,1,0,0,0,1,3.8,100,4.3
4,Elijah Walker,60434,QB,GRAMBLING,1,55.0,20,23,9.2,2.5,0,3,12.0,47.8,11,0,15,0.0,26,0,4,177,29.9,61.7,68.0,50.4,3,1,28,0,6.7,43.4,3.8,1,2,0,0,0,2,7.1,108,4.7
4,Collin Ironside,139107,QB,VA MILT IN,1,81.8,22,23,9.4,2.21,0,1,4.3,78.3,18,0,11,0.0,28,0,9,336,69.5,78.2,78.1,60.2,0,0,28,0,45.5,128.8,17.9,5,0,1,0,2,0,0.0,183,8.0
4,George Martin,103959,QB,ROB MORRIS,1,75.0,20,22,9.8,2.55,0,0,0.0,54.5,12,0,5,20.0,24,3,8,277,69.5,75.9,69.6,69.8,1,0,26,0,20.0,105.7,4.2,1,1,0,1,2,0,0.0,147,6.7
4,Steven Duncan,40211,QB,TARLETON,1,70.0,20,22,11.6,2.68,1,2,8.7,59.1,13,0,5,7.1,24,1,6,401,30.0,64.2,62.0,62.4,0,0,25,0,40.0,94.9,8.3,2,0,0,1,0,2,8.0,230,10.5
4,Bailey Fisher,88643,QB,GARD-WEBB,1,81.8,22,22,8.5,2.73,0,3,13.6,63.6,14,0,4,22.2,26,4,10,171,71.0,87.0,90.9,58.4,0,0,26,1,25.0,134.8,3.8,1,3,0,0,2,0,0.0,261,11.9
4,Kurtis Wilderman,87528,QB,INDIANA ST,1,57.1,21,22,12.0,2.8,0,0,0.0,40.9,9,0,11,25.0,25,3,4,191,68.4,48.1,46.1,62.1,1,1,26,0,18.2,34.1,8.0,2,1,0,0,0,2,7.7,89,4.0
4,Juwan Carter,91113,QB,NORFOLK,1,60.0,20,22,10.2,2.13,2,1,4.5,54.5,12,0,11,0.0,27,0,6,244,71.0,71.8,58.6,75.9,0,0,27,0,0.0,98.1,0.0,0,5,0,0,2,0,0.0,107,4.9
4,Westin Elliott,60433,QB,MERRIMACK,1,100.0,21,22,10.8,2.07,0,6,26.1,90.9,20,0,4,4.8,27,1,14,385,68.6,96.8,96.4,65.6,0,0,28,0,25.0,158.3,3.7,1,1,0,1,6,0,0.0,337,15.3
4,Bret Edwards,88638,QB,NEW HAMP,1,64.3,14,21,6.0,3.02,1,0,0.0,42.9,9,0,12,0.0,23,0,4,240,67.6,45.5,44.3,,0,1,24,1,16.7,46.3,8.7,2,0,0,6,1,1,4.2,42,2.0
4,Darius Wilson,148492,QB,WM & MARY,1,95.0,20,21,7.6,2.96,0,1,4.5,71.4,15,0,11,21.1,28,4,11,348,71.1,90.3,89.8,73.2,0,2,29,0,9.1,93.1,3.6,1,6,0,1,2,1,3.4,198,9.4
4,Matthew McKay,60485,QB,MONTANA ST,1,70.0,20,21,13.6,2.32,0,0,0.0,66.7,14,0,5,0.0,23,0,9,233,70.0,72.6,75.9,54.5,0,1,25,0,40.0,114.2,8.7,2,0,0,1,2,0,0.0,225,10.7
4,Chris Oladokun,40364,QB,S DAK ST,1,60.0,20,21,11.4,2.95,0,1,4.8,57.1,12,0,6,0.0,24,0,10,292,68.5,77.2,70.9,66.8,0,0,24,0,0.0,132.1,0.0,0,3,0,1,3,1,4.2,216,10.3
4,Fred Payton,82102,QB,MERCER,1,60.0,20,20,17.5,2.95,0,3,15.0,50.0,10,0,9,16.7,24,2,11,219,70.4,82.3,83.0,64.4,0,1,24,0,11.1,74.6,4.2,1,3,0,0,1,1,4.2,168,8.4
4,Parker McKinney,82109,QB,E KENTUCKY,1,66.7,18,20,11.3,2.71,0,0,0.0,60.0,12,0,5,0.0,22,0,7,159,69.8,48.4,50.3,53.1,0,0,22,0,20.0,118.8,4.5,1,1,0,2,2,1,4.5,160,8.0
4,Jyron Russell,82069,QB,ST FRANCIS,1,61.1,18,19,7.6,2.7,1,0,0.0,57.9,11,0,9,0.0,21,0,8,299,68.0,48.1,49.3,54.3,0,1,22,0,11.1,79.7,4.8,1,1,0,0,1,1,4.5,154,8.1
4,Jimmy Weirick,88641,QB,WOFFORD,1,66.7,18,19,9.2,2.76,0,0,0.0,57.9,11,0,8,8.3,21,1,8,350,72.2,57.1,49.7,64.0,1,1,23,0,0.0,54.5,0.0,0,2,0,0,0,0,0.0,119,6.3
4,Blake Dever,46546,QB,N ALABAMA,1,72.2,18,19,10.4,3.01,1,2,10.0,63.2,12,0,12,7.7,27,1,9,389,27.0,68.5,73.5,51.0,0,0,28,0,41.7,124.0,18.5,5,3,0,0,2,1,3.6,156,8.2
4,Dante Perri,143112,QB,LEHIGH,1,73.7,19,19,5.7,3.47,0,0,0.0,68.4,13,0,11,7.1,24,1,2,205,68.8,56.9,51.5,65.9,0,1,24,0,27.3,49.7,12.5,3,2,0,0,0,1,4.2,55,2.9
4,Stone Earle,123504,QB,ABILENE CH,1,82.4,17,18,7.7,2.84,1,3,16.7,72.2,13,0,4,7.1,18,1,11,100,66.8,87.2,86.6,,0,0,18,0,0.0,144.7,0.0,0,0,0,0,3,0,0.0,185,10.3
4,Ah-Shaun Davis,149376,QB,LAFAYETTE,1,66.7,18,18,12.5,2.88,0,3,15.8,66.7,12,0,17,0.0,25,0,4,203,68.4,77.7,80.6,58.3,0,0,26,0,23.5,112.5,16.0,4,3,0,0,1,0,0.0,157,8.7
4,Joe Green,101283,QB,COLUMBIA,1,78.6,14,17,10.0,2.5,1,1,5.6,64.7,11,0,3,0.0,18,0,5,145,21.6,71.3,70.4,60.0,1,0,19,0,33.3,86.6,5.6,1,0,0,1,0,1,5.3,125,7.4
4,John Seter,60388,QB,STETSON,1,53.3,15,17,5.5,2.59,0,1,5.9,41.2,7,0,7,12.5,18,1,3,302,22.9,57.3,56.8,,1,1,18,0,14.3,33.5,5.6,1,0,0,1,0,1,5.6,88,5.2
4,Marquez McCray,109056,QB,SACR HEART,1,100.0,13,16,7.1,3.71,0,1,5.9,75.0,12,0,18,7.7,27,1,7,280,27.6,60.6,74.9,39.0,0,0,28,0,38.9,97.7,25.9,7,4,0,3,0,0,0.0,127,7.9
4,Hunter Hays,141593,QB,IDAHO ST,1,66.7,15,15,10.1,2.48,0,1,6.7,60.0,9,0,3,10.0,18,1,4,186,66.8,35.9,29.3,65.2,0,2,18,0,0.0,65.8,0.0,0,3,0,0,1,4,22.2,112,7.5
4,Trae Self,103962,QB,STF AUSTIN,1,80.0,15,15,4.1,1.92,0,0,0.0,80.0,12,0,3,0.0,18,0,10,301,67.0,71.4,67.6,64.3,0,1,19,0,33.3,96.7,5.6,1,1,0,0,1,0,0.0,128,8.5
4,Justin Agner,41605,QB,STETSON,1,71.4,14,15,10.4,3.12,1,2,13.3,66.7,10,0,15,0.0,25,0,5,302,27.3,62.5,76.9,41.2,0,0,25,0,40.0,82.6,24.0,6,4,0,0,0,0,0.0,90,6.0
4,Marco Siderman,143060,QB,HOLY CROSS,1,86.7,15,15,6.7,2.26,0,0,0.0,86.7,13,0,3,0.0,16,0,7,181,68.9,75.9,74.1,64.9,0,0,17,0,33.3,156.5,6.3,1,0,0,0,2,0,0.0,181,12.1
4,Matthew Sluka,143059,QB,HOLY CROSS,1,80.0,15,15,9.9,2.14,0,1,6.3,66.7,10,0,3,16.7,16,2,4,181,25.3,61.6,60.0,61.7,0,0,17,0,33.3,109.6,6.3,1,0,0,0,1,1,5.9,107,7.1
4,Ben Mays,91722,QB,CORNELL,1,50.0,14,14,17.8,2.81,0,3,18.8,50.0,7,0,6,0.0,16,0,5,147,66.8,75.3,72.8,63.7,0,0,18,0,16.7,98.8,6.3,1,1,0,0,1,1,5.6,105,7.5
4,Jared Lewis,108959,QB,DELWARE ST,1,50.0,12,12,10.9,2.61,0,0,0.0,33.3,4,0,2,33.3,14,2,3,152,71.6,52.8,47.2,60.7,0,1,14,0,50.0,38.2,7.1,1,1,0,0,1,0,0.0,44,3.7
4,Jace Wilson,149892,QB,FURMAN,1,50.0,12,12,14.5,3.25,0,0,0.0,50.0,6,0,8,0.0,17,0,4,170,67.5,37.3,30.3,62.2,0,1,17,0,12.5,29.9,5.9,1,4,0,0,0,4,23.5,60,5.0
4,Noah Bodden,150881,QB,GRAMBLING,1,36.4,11,11,11.7,2.97,0,0,0.0,27.3,3,0,6,25.0,11,1,0,177,66.8,49.7,49.6,59.6,0,0,12,0,0.0,39.6,0.0,0,0,0,0,0,0,0.0,26,2.4
4,Derek Kyler,109012,QB,DARTMOUTH,1,100.0,10,10,4.0,2.53,0,0,0.0,100.0,10,0,5,0.0,12,0,6,148,68.6,79.2,80.5,62.0,0,0,13,0,20.0,150.4,8.3,1,1,0,0,2,0,0.0,106,10.6
4,Miles Hastings,103943,QB,UC DAVIS,1,100.0,8,9,3.4,2.61,1,0,0.0,77.8,7,0,4,12.5,11,1,4,322,66.8,63.6,65.6,57.6,0,0,12,0,25.0,89.8,9.1,1,1,0,0,0,0,0.0,50,5.6
4,Kris Brown,105558,QB,MONTANA,1,55.6,9,9,6.6,2.47,0,0,0.0,55.6,5,0,1,0.0,10,0,2,232,65.1,49.5,49.0,,0,0,10,0,0.0,67.8,0.0,0,0,0,0,0,0,0.0,42,4.7
4,Justin Sliwoski,77612,QB,ST FRANCIS,1,66.7,9,9,6.2,2.55,0,1,11.1,66.7,6,0,5,0.0,10,0,6,299,66.5,65.3,71.5,52.9,0,0,10,0,0.0,144.7,0.0,0,1,0,0,1,0,0.0,108,12.0
4,Preston Weeks,77658,QB,STF AUSTIN,1,75.0,8,9,10.4,2.08,0,0,0.0,55.6,5,0,2,16.7,9,1,3,301,65.1,63.5,62.5,,1,2,9,0,0.0,39.8,0.0,0,0,0,0,0,0,0.0,67,7.4
4,Shon Mitchell,60610,QB,CENT CT ST,1,62.5,8,9,5.4,2.47,1,0,0.0,44.4,4,0,4,20.0,9,1,2,133,66.5,58.6,54.0,62.4,0,0,10,0,0.0,56.3,0.0,0,0,0,0,0,0,0.0,37,4.1
4,Tyler Vander Waal,60615,QB,IDAHO ST,1,44.4,9,9,11.3,2.52,0,1,9.1,33.3,3,0,2,25.0,13,1,3,186,66.4,57.0,49.3,69.3,0,0,15,0,50.0,82.2,7.7,1,2,0,0,1,0,0.0,33,3.7
4,Guenson Alexis,148625,QB,WAGNER,1,57.1,7,8,2.0,2.97,0,0,0.0,50.0,4,0,5,0.0,15,0,4,338,11.4,28.6,38.6,37.4,0,1,15,0,40.0,22.9,13.3,2,5,0,1,0,2,13.3,36,4.5
4,Ben Nimz,109067,QB,VALPO,1,57.1,7,8,16.9,2.57,0,2,25.0,37.5,3,0,5,25.0,9,1,2,332,22.1,77.5,77.0,,0,0,9,0,20.0,111.5,11.1,1,0,0,1,1,0,0.0,74,9.3
4,Darius Perrantes,103934,QB,DUQUESNE,1,75.0,8,8,8.5,2.48,0,1,10.0,75.0,6,0,2,0.0,9,0,4,155,65.6,66.1,68.7,57.3,0,1,11,0,0.0,65.6,0.0,0,1,0,0,0,0,0.0,78,9.8
4,Julian McGarvey,105955,QB,MARIST,1,50.0,6,7,7.0,2.14,1,0,0.0,28.6,2,0,0,33.3,7,1,1,213,64.6,38.4,38.4,,0,0,7,0,,39.6,0.0,0,0,0,0,0,1,14.3,13,1.9
4,Jalen Dummett,139376,QB,LAMAR,1,83.3,6,7,6.7,3.12,0,0,0.0,57.1,4,0,5,20.0,12,1,3,204,13.6,32.7,45.0,40.4,0,1,13,0,40.0,32.7,16.7,2,3,0,1,0,2,15.4,38,5.4
4,Anthony Thompson,40036,QB,INDIANA ST,1,83.3,6,7,8.8,3.01,0,0,0.0,71.4,5,0,5,0.0,10,0,3,191,69.2,59.4,47.0,70.3,0,0,11,0,60.0,96.7,30.0,3,0,1,0,0,1,9.1,59,8.4
4,Rett Files,91405,QB,N ALABAMA,1,20.0,5,5,10.0,2.63,0,0,0.0,20.0,1,0,2,0.0,6,0,0,389,64.6,40.1,39.1,,0,0,7,0,50.0,39.6,16.7,1,0,0,0,0,0,0.0,2,0.4
4,Asher O'Hara,78529,QB,SACRAMENTO,1,75.0,4,5,12.0,4.16,0,0,0.0,60.0,3,0,4,0.0,8,0,3,279,74.3,68.0,63.0,61.3,0,0,8,0,0.0,82.1,0.0,0,3,0,1,0,0,0.0,36,7.2
4,Tommy Herion,88637,QB,NEW HAMP,1,25.0,4,4,13.0,2.0,0,0,0.0,25.0,1,0,0,0.0,4,0,1,240,13.0,27.5,42.4,44.3,0,0,4,0,,45.8,0.0,0,0,0,0,0,0,0.0,18,4.5
4,Brady Pope,84524,QB,N ALABAMA,1,100.0,4,4,0.5,2.22,0,0,0.0,100.0,4,0,2,0.0,5,0,1,389,68.9,79.7,73.7,73.4,0,0,6,2,50.0,91.7,20.0,1,0,0,0,0,0,0.0,24,6.0
4,Tommy Dolan,111302,QB,STTHOM,1,100.0,3,4,1.0,2.9,0,0,0.0,75.0,3,0,1,0.0,4,0,1,1129,63.3,62.1,61.4,,0,0,4,0,0.0,83.3,0.0,0,0,0,1,0,0,0.0,18,4.5
4,Rob McCoy,108989,QB,SACR HEART,1,75.0,4,4,3.0,1.55,0,0,0.0,75.0,3,0,0,0.0,4,0,3,280,68.8,57.2,60.0,57.2,0,0,4,0,,95.8,0.0,0,0,0,0,0,0,0.0,30,7.5
4,Elijah Burrell,139171,QB,DAVIDSON,1,25.0,4,4,14.8,2.0,0,0,0.0,25.0,1,0,0,0.0,4,0,0,149,67.8,55.1,52.4,58.4,0,1,4,0,,0.0,0.0,0,0,0,0,0,1,25.0,6,1.5
4,Ty Lenhart,109010,QB,COLUMBIA,1,25.0,4,4,10.0,2.23,0,1,25.0,25.0,1,0,1,0.0,4,0,0,145,69.7,82.0,70.9,72.7,0,0,4,0,0.0,39.6,0.0,0,0,0,0,0,0,0.0,2,0.5
4,Devin Black,78526,QB,BETH COOK,1,25.0,4,4,14.8,2.45,0,0,0.0,25.0,1,0,2,0.0,4,0,1,119,63.3,48.3,48.1,,0,0,4,0,0.0,39.6,0.0,0,0,0,0,0,0,0.0,10,2.5
4,Louis Colosimo,64186,QB,DAVIDSON,1,100.0,3,3,5.0,2.48,0,0,0.0,100.0,3,0,1,0.0,4,0,2,149,70.4,84.4,86.6,67.2,0,0,4,0,100.0,158.3,25.0,1,0,0,0,1,0,0.0,55,18.3
4,Kare Lyles,42412,QB,JACKSON ST,1,0.0,2,3,11.0,2.05,1,0,0.0,0.0,0,0,2,,4,0,0,194,66.6,42.1,31.4,64.2,0,0,4,0,50.0,39.6,25.0,1,0,0,0,0,1,25.0,0,0.0
4,Blake Stenstrom,82106,QB,PRINCETON,1,100.0,1,3,23.0,2.98,1,1,33.3,33.3,1,0,2,0.0,4,0,1,272,67.8,80.8,79.0,65.8,0,0,4,0,50.0,66.0,25.0,1,0,0,1,0,0,0.0,26,8.7
4,Peyton Mansell,82135,QB,ABILENE CH,1,66.7,3,3,-3.7,2.26,0,0,0.0,66.7,2,0,0,0.0,5,0,1,100,68.9,91.5,56.0,87.6,0,0,5,0,,70.1,0.0,0,2,0,0,0,0,0.0,2,0.7
4,Keaton Heide,103940,QB,S DAK ST,1,100.0,3,3,6.3,2.5,0,1,33.3,100.0,3,0,1,0.0,3,0,2,292,64.8,90.0,90.2,60.0,0,0,3,0,0.0,118.8,0.0,0,0,0,0,0,0,0.0,55,18.3
4,Jake Smith,109024,QB,HARVARD,1,100.0,2,3,-3.5,1.67,1,0,0.0,66.7,2,0,0,0.0,3,0,2,179,62.7,62.3,60.2,,0,0,3,0,,109.7,0.0,0,0,0,0,0,0,0.0,52,17.3
4,Mike Chandler II,139371,QB,LAMAR,1,33.3,3,3,8.3,3.06,0,0,0.0,0.0,0,0,3,100.0,5,1,0,204,16.1,24.9,36.2,37.8,0,0,5,1,66.7,39.6,40.0,2,0,0,0,0,0,0.0,0,0.0
4,Evan Nelson,142436,QB,DUQUESNE,1,66.7,3,3,13.3,1.6,0,0,0.0,66.7,2,0,1,0.0,3,0,2,155,62.7,65.4,64.2,,0,0,3,0,0.0,109.7,0.0,0,0,0,0,0,0,0.0,38,12.7
4,Joshua Zamot,78522,QB,STNY BROOK,1,0.0,2,2,10.0,2.2,0,0,0.0,0.0,0,0,0,,2,0,0,303,61.8,23.8,24.1,,0,1,2,0,,0.0,0.0,0,0,0,0,0,1,50.0,0,0.0
4,Nick Howard,108979,QB,DARTMOUTH,1,100.0,1,2,-4.0,2.55,0,0,0.0,50.0,1,0,1,0.0,2,0,1,148,72.4,67.4,40.7,71.1,0,0,2,0,0.0,68.8,0.0,0,0,0,1,0,1,50.0,12,6.0
4,Dylan Cadwallader,108978,QB,DARTMOUTH,1,0.0,1,2,18.0,3.23,0,0,0.0,0.0,0,0,3,,3,0,1,148,62.7,45.2,31.4,64.9,0,1,3,0,0.0,0.0,0.0,0,1,0,1,0,1,33.3,0,0.0
4,DreSean Kendrick,142417,HB,WM & MARY,1,100.0,1,1,30.0,3.4,0,1,100.0,100.0,1,0,0,0.0,1,0,1,348,65.7,66.2,87.3,,0,0,1,0,,158.3,0.0,0,0,0,0,1,0,0.0,29,29.0
4,Quincy Ivory,212509,QB,MS VLY ST,1,0.0,1,1,14.0,4.6,0,0,0.0,0.0,0,0,1,,1,0,0,228,9.6,37.3,73.1,43.5,0,0,1,0,0.0,39.6,0.0,0,0,0,0,0,0,0.0,0,0.0
4,LeShane Taylor,142672,QB,WAGNER,1,0.0,1,1,4.0,3.1,0,0,0.0,0.0,0,0,2,,3,0,0,338,64.8,60.2,51.0,64.6,0,0,3,0,50.0,39.6,33.3,1,1,0,0,0,0,0.0,0,0.0
4,Xavier Lankford,142724,QB,ALAB A&M,1,100.0,1,1,-2.0,1.4,0,0,0.0,100.0,1,0,0,0.0,1,0,0,104,65.9,52.7,61.0,54.7,0,0,1,0,,112.5,0.0,0,0,0,0,0,0,0.0,11,11.0
4,Tom Loeffler,111445,HB,STTHOM,1,100.0,1,1,0.0,2.4,0,0,0.0,0.0,0,0,0,100.0,1,1,0,1129,77.8,70.4,60.6,65.1,0,0,1,0,,39.6,0.0,0,0,0,0,0,0,0.0,0,0.0
4,Nick Orlando,109004,QB,BUTLER,1,0.0,1,1,16.0,2.5,0,0,0.0,0.0,0,0,1,,1,0,0,127,71.9,59.3,54.8,61.3,0,0,1,0,0.0,39.6,0.0,0,0,0,0,0,0,0.0,0,0.0
4,Nolan Grooms,108987,QB,YALE,1,100.0,1,1,-1.0,2.1,0,0,0.0,100.0,1,0,0,0.0,1,0,0,352,60.3,61.7,61.0,,0,0,1,0,,83.3,0.0,0,0,0,0,0,0,0.0,4,4.0
4,Nigel Summerville,108985,QB,LEHIGH,1,,0,1,,3.8,0,0,0.0,0.0,0,0,1,,1,0,0,205,60.3,58.7,60.0,,0,0,1,0,0.0,39.6,0.0,0,0,0,1,0,0,0.0,0,0.0
4,Chase Diehl,108933,QB,DUQUESNE,1,100.0,1,1,19.0,2.2,0,0,0.0,100.0,1,0,0,0.0,1,0,1,155,60.3,75.0,74.3,,0,0,1,0,,158.3,0.0,0,0,0,0,1,0,0.0,68,68.0
4,Lucas Triplett,104992,WR,SACRAMENTO,1,100.0,1,1,4.0,3.0,0,0,0.0,100.0,1,0,0,0.0,1,0,1,279,60.3,86.7,69.2,,0,0,1,0,,135.4,0.0,0,0,0,0,1,0,0.0,7,7.0
4,Patrick Haughney,102040,P,HOLY CROSS,1,100.0,1,1,-3.0,1.9,0,0,0.0,100.0,1,0,0,0.0,1,0,1,181,60.3,60.6,60.6,,0,0,1,0,,118.8,0.0,0,0,0,0,0,0,0.0,41,41.0
4,Nick Kokich,102039,P,E WASHGTON,1,100.0,1,1,-2.0,2.8,0,0,0.0,100.0,1,0,0,0.0,1,0,1,161,60.3,60.6,60.6,,0,0,1,0,,118.8,0.0,0,0,0,0,0,0,0.0,36,36.0
4,Christopher Bartolic,101282,P,CAL POLY,1,100.0,1,1,2.0,2.1,0,0,0.0,100.0,1,0,0,0.0,1,0,1,129,60.3,60.6,60.6,,0,0,1,0,,118.8,0.0,0,0,0,0,0,0,0.0,32,32.0
4,Cord Sandberg,82090,QB,E KENTUCKY,1,100.0,1,1,29.0,2.9,0,0,0.0,0.0,0,0,0,100.0,1,1,0,159,60.3,71.5,76.2,,0,0,1,0,,39.6,0.0,0,0,0,0,0,0,0.0,0,0.0
4,Bryce Veasley,77681,QB,DUQUESNE,1,100.0,1,1,-3.0,1.5,0,0,0.0,100.0,1,0,1,0.0,1,0,0,155,60.3,62.8,61.0,,0,0,1,1,0.0,95.8,0.0,0,0,0,0,0,0,0.0,7,7.0
4,Pierre Strong Jr.,66619,HB,S DAK ST,1,100.0,1,1,10.0,3.1,0,0,0.0,100.0,1,0,0,0.0,1,0,1,292,34.6,76.7,54.8,83.3,0,0,1,0,,158.3,0.0,0,0,0,0,1,0,0.0,22,22.0
4,Tony Tate,65045,WR,W ILLINOIS,1,100.0,1,1,15.0,2.7,0,0,0.0,100.0,1,0,0,0.0,1,0,1,345,74.6,70.6,73.1,69.1,0,0,1,0,,156.3,0.0,0,0,0,0,1,0,0.0,12,12.0
4,Beau Kelly,52154,WR,PORTLAND,1,100.0,1,1,-7.0,2.8,0,0,0.0,100.0,1,0,0,0.0,1,0,1,269,72.6,77.5,60.4,63.5,0,0,1,0,,118.8,0.0,0,0,0,0,0,0,0.0,31,31.0
4,Eli Turner Jr.,139237,HB,DAVIDSON,1,100.0,1,1,29.0,2.9,0,1,100.0,100.0,1,0,0,0.0,1,0,1,149,70.1,94.2,87.7,63.6,0,0,1,1,,118.8,0.0,0,0,0,0,0,0,0.0,34,34.0
4,Myles Crawley,141731,QB,ALABAMA ST,1,100.0,1,1,-7.0,1.4,0,0,0.0,100.0,1,0,0,0.0,1,0,0,105,60.3,60.8,60.6,,0,0,1,0,,95.8,0.0,0,0,0,0,0,0,0.0,7,7.0
4,Jalen Brown,141977,QB,TEXAS STHN,1,100.0,1,1,10.0,2.2,0,0,0.0,100.0,1,0,0,0.0,1,0,1,313,60.3,73.7,73.1,,0,0,1,0,,122.9,0.0,0,0,0,0,1,0,0.0,4,4.0
4,Blake Short,122117,QB,STF AUSTIN,1,100.0,1,1,7.0,1.6,0,0,0.0,100.0,1,0,0,0.0,1,0,1,301,60.3,53.9,71.9,60.0,0,0,1,0,,118.8,0.0,0,0,0,0,1,0,0.0,1,1.0
4,Ramone Atkins,37281,QB,N MEX HIGH,1,45.2,42,44,13.2,2.62,0,2,4.3,38.6,17,0,9,10.5,50,2,14,388,50.7,58.6,51.0,70.0,1,2,53,1,33.3,53.2,6.0,3,3,0,1,2,3,5.7,240,5.5
4,Patrick Shegog,151786,QB,DELTAST,1,46.9,32,33,10.3,2.1,0,1,3.0,36.4,12,0,17,20.0,35,3,4,841,34.9,38.6,34.1,63.2,1,0,36,0,11.8,55.0,5.7,2,0,0,0,1,2,5.6,91,2.8
4,Louis Williams,155639,QB,TUSKEGEE,1,60.0,20,23,14.7,3.17,1,1,4.0,52.2,12,0,8,0.0,32,0,8,405,21.7,53.2,63.4,45.9,1,0,34,0,12.5,112.6,3.1,1,8,0,1,2,0,0.0,210,9.1
4,Cameron Burston,136858,QB,LINCOK,1,33.3,15,17,17.6,3.19,0,2,11.1,17.6,3,0,18,40.0,30,2,3,1452,29.4,38.9,45.9,47.0,0,0,32,1,33.3,72.4,20.0,6,7,0,2,1,1,3.1,105,6.2
4,Darrius Sample,155649,QB,VA LYNCHBU,1,38.5,13,13,10.7,3.89,0,0,0.0,38.5,5,0,13,0.0,18,0,3,406,26.2,26.4,25.9,49.3,0,2,20,1,15.4,10.9,11.1,2,3,0,0,0,3,15.0,51,3.9
4,Bryson Williams,155638,QB,TUSKEGEE,1,62.5,8,8,17.4,2.5,0,1,12.5,50.0,4,0,2,20.0,10,1,3,405,20.3,39.7,53.7,41.4,0,0,10,0,0.0,79.2,0.0,0,2,0,0,0,2,20.0,68,8.5
4,Raekwon Rudolph,155814,QB,VA LYNCHBU,1,50.0,4,4,18.5,4.07,0,1,25.0,50.0,2,0,6,0.0,7,0,1,406,16.4,33.3,58.1,35.2,0,0,7,0,16.7,135.4,14.3,1,2,0,0,1,2,28.6,72,18.0
4,Terence Roberston,155810,QB,LINCOK,1,0.0,1,1,25.0,3.3,0,0,0.0,0.0,0,0,1,,1,0,0,1452,68.6,70.3,59.8,66.8,0,1,1,0,0.0,0.0,0.0,0,0,0,0,0,0,0.0,0,0.0
week,player,player_id,position,team_name,player_game_count,accuracy_percent,aimed_passes,attempts,avg_depth_of_target,avg_time_to_throw,bats,big_time_throws,btt_rate,completion_percent,completions,declined_penalties,def_gen_pressures,drop_rate,dropbacks,drops,first_downs,franchise_id,grades_hands_fumble,grades_offense,grades_pass,grades_run,hit_as_threw,interceptions,passing_snaps,penalties,pressure_to_sack_rate,qb_rating,sack_percent,sacks,scrambles,spikes,thrown_aways,touchdowns,turnover_worthy_plays,twp_rate,yards,ypa
5,Bailey Zappe,60396,QB,W KENTUCKY,1,79.0,62,65,7.4,2.52,0,4,5.8,72.3,47,0,15,4.1,70,2,25,346,46.8,73.0,76.2,43.3,0,0,74,1,20.0,108.8,4.3,3,2,0,3,3,0,0.0,485,7.5
5,Will Rogers,124184,QB,MISS STATE,1,84.5,58,59,5.3,2.38,1,2,3.2,78.0,46,0,6,6.1,63,3,24,227,71.2,87.3,85.3,65.9,0,0,67,0,50.0,112.4,4.8,3,1,0,0,3,0,0.0,408,6.9
5,Aidan O'Connell,60516,QB,PURDUE,1,68.0,50,51,9.8,2.47,0,5,9.6,64.7,33,0,15,2.9,55,1,21,273,24.8,63.4,62.6,,0,1,56,0,26.7,84.5,7.3,4,0,0,1,1,5,8.9,369,7.2
5,Jake Haener,60596,QB,FRESNO ST,1,61.7,47,50,11.4,3.16,1,2,3.8,56.0,28,0,18,3.4,56,1,20,169,52.3,53.1,50.5,63.7,1,4,59,0,11.1,67.6,3.6,2,4,0,1,3,5,8.5,386,7.7
5,Hank Bachmeier,101284,QB,BOISE ST,1,86.4,44,49,7.8,2.76,1,3,5.9,69.4,34,1,23,10.5,56,4,18,120,43.3,74.6,73.9,62.0,2,1,58,2,21.7,111.6,8.9,5,2,0,2,4,1,1.7,388,7.9
5,Grant Wells,97784,QB,MARSHALL,1,76.1,46,48,9.0,2.48,0,1,2.0,64.6,31,0,9,11.4,51,4,17,214,42.2,61.2,65.1,48.7,1,2,53,1,22.2,72.9,3.9,2,1,0,1,1,2,3.8,316,6.6
5,D'Wan Mathis,99130,QB,TEMPLE,1,73.9,46,47,7.7,2.44,0,2,4.3,70.2,33,0,13,2.9,52,1,15,306,70.5,65.0,61.6,67.8,1,0,52,0,0.0,109.3,0.0,0,3,0,0,3,0,0.0,309,6.6
5,Max Johnson,124099,QB,LSU,1,64.3,42,46,9.2,2.65,2,1,2.1,56.5,26,0,17,3.7,55,1,15,211,42.5,51.4,55.8,47.7,0,1,58,0,17.6,76.8,5.5,3,6,0,2,1,3,5.2,325,7.1
5,Matt McDonald,60350,QB,BOWL GREEN,1,89.7,39,45,6.8,2.61,4,1,2.2,64.4,29,0,11,17.1,54,6,13,122,40.0,65.2,72.2,45.3,0,1,55,1,45.5,78.3,9.3,5,4,0,2,1,3,5.5,263,5.8
5,Connor Bazelak,99135,QB,MISSOURI,1,71.4,42,44,8.0,2.45,0,1,2.3,61.4,27,0,15,10.0,45,3,15,229,69.4,69.9,69.0,,1,2,45,0,6.7,64.8,2.2,1,0,0,1,0,2,4.4,322,7.3
5,Brennan Armstrong,77696,QB,VIRGINIA,1,70.7,41,44,9.9,2.48,0,1,2.1,56.8,25,0,15,13.8,50,4,12,335,70.6,49.8,44.6,70.4,1,1,53,0,20.0,72.9,6.0,3,3,0,2,1,4,7.5,268,6.1
5,Bo Nix,97790,QB,AUBURN,1,68.3,41,44,8.1,3.5,0,3,6.8,52.3,23,0,21,17.9,49,5,17,115,72.7,75.0,74.3,64.2,0,0,49,0,0.0,77.4,0.0,0,5,0,3,1,1,2.0,255,5.8
5,Austin Kendall,40056,QB,LA TECH,1,65.9,41,43,9.3,3.06,0,3,6.7,60.5,26,0,27,3.7,56,1,20,208,70.8,73.6,69.4,69.3,0,2,58,1,11.1,89.4,5.4,3,10,0,2,3,1,1.7,341,7.9
5,James Blackman,60382,QB,ARK STATE,1,75.0,40,43,10.1,2.67,1,3,6.3,65.1,28,0,17,6.7,49,2,16,113,69.8,56.7,56.3,,0,3,54,0,35.3,72.0,12.2,6,0,0,2,2,4,7.4,302,7.0
5,Tanner Mordecai,77656,QB,SMU,1,79.5,39,42,7.5,2.53,0,1,2.4,69.0,29,0,9,6.5,44,2,20,287,71.3,90.2,91.1,58.0,1,1,44,0,0.0,111.3,0.0,0,2,0,2,4,0,0.0,301,7.2
5,Daniel Richardson,97103,QB,C MICHIGAN,1,67.5,40,42,12.3,2.78,0,2,4.5,52.4,22,0,15,18.5,45,5,18,134,69.5,61.0,60.0,62.0,0,0,47,1,6.7,93.9,2.2,1,2,0,2,2,3,6.4,326,7.8
5,Jayden de Laura,131928,QB,WASH STATE,1,67.6,37,41,9.3,2.68,1,2,4.9,61.0,25,0,9,0.0,45,0,15,341,37.8,61.3,60.0,61.1,1,2,45,0,22.2,78.6,4.4,2,2,0,2,3,3,6.7,213,5.2
5,Logan Bonner,39990,QB,UTAH ST,1,60.0,40,41,17.5,2.89,0,6,13.6,51.2,21,0,14,12.5,45,3,16,329,40.3,70.9,70.0,62.1,0,1,48,0,14.3,78.9,4.4,2,2,0,1,2,5,10.4,276,6.7
5,Ben Bryant,77655,QB,E MICHIGAN,1,76.3,38,41,9.0,2.36,1,2,4.8,68.3,28,0,11,3.4,46,1,15,160,23.4,67.7,66.3,62.7,2,1,47,0,45.5,99.1,10.9,5,0,0,0,2,3,6.4,335,8.2
5,Skylar Thompson,60417,QB,KANSAS ST,1,80.0,40,41,6.1,2.78,0,2,4.9,70.7,29,0,12,9.4,42,3,15,199,69.6,90.2,90.0,60.0,1,0,42,0,8.3,117.9,2.4,1,0,0,0,3,1,2.4,320,7.8
5,Sam Hartman,77618,QB,WAKE,1,67.6,37,40,13.8,3.31,1,3,7.3,57.5,23,0,18,8.0,47,2,16,339,70.7,76.6,74.2,67.0,2,1,48,0,11.1,90.0,4.3,2,5,0,0,2,1,2.1,324,8.1
5,Ryan Hilinski,71295,QB,NWESTERN,1,73.0,37,40,6.8,2.3,1,1,2.4,62.5,25,0,17,7.4,43,2,10,256,22.8,53.1,59.1,39.3,1,0,44,1,17.6,89.2,7.0,3,0,0,1,1,2,4.5,256,6.4
5,Dennis Grosel,60351,QB,BOSTON COL,1,68.6,35,40,11.8,3.03,3,0,0.0,57.5,23,0,23,4.2,44,1,12,121,37.3,56.6,56.3,62.7,1,2,46,1,17.4,61.6,9.1,4,0,0,1,0,2,4.3,311,7.8
5,Ken Seals,124359,QB,VANDERBILT,1,78.4,37,40,7.8,2.64,0,3,7.1,67.5,27,0,10,6.9,42,2,13,333,71.9,81.6,84.2,56.9,1,1,44,0,20.0,99.3,4.8,2,0,0,2,2,1,2.3,333,8.3
5,Seth Henigan,144267,QB,MEMPHIS,1,74.3,35,40,11.7,2.62,2,2,4.4,60.0,24,0,14,7.7,46,2,15,218,70.8,71.8,75.6,50.9,0,0,51,0,21.4,108.9,6.5,3,3,0,3,3,0,0.0,305,7.6
5,Davis Brin,77642,QB,TULSA,1,64.9,37,39,12.0,2.6,0,4,9.3,51.3,20,0,17,16.7,46,4,10,320,36.6,54.3,58.8,41.9,1,3,50,0,29.4,48.9,10.9,5,2,0,1,1,3,6.0,258,6.6
5,Jake Lange,121467,QB,SO MISS,1,62.2,37,39,12.2,2.86,0,1,2.5,59.0,23,0,16,0.0,44,0,11,296,69.8,50.8,52.0,53.0,0,3,45,3,25.0,60.2,9.1,4,1,0,2,1,4,8.9,304,7.8
5,Taylor Powell,60459,QB,TROY,1,69.7,33,38,5.5,2.2,3,0,0.0,57.9,22,0,14,4.3,40,1,10,318,69.1,48.2,47.0,,1,2,43,0,14.3,46.3,5.0,2,0,0,1,0,3,7.0,163,4.3
5,Cameron Friel,146195,QB,UNLV,1,75.0,36,37,7.4,2.77,0,0,0.0,67.6,25,0,13,7.4,44,2,14,325,22.6,49.0,55.5,37.8,0,2,44,0,46.2,79.4,13.6,6,1,0,1,1,3,6.8,307,8.3
5,Michael Pratt,123229,QB,TULANE,1,66.7,36,37,7.0,2.63,0,1,2.6,59.5,22,0,12,8.3,44,2,11,319,71.7,57.3,52.2,65.4,0,3,47,0,25.0,57.0,6.8,3,4,1,0,1,2,4.3,268,7.2
5,Carson Strong,83524,QB,NEVADA,1,72.7,33,37,10.6,2.79,2,2,5.0,64.9,24,0,9,0.0,42,0,11,239,69.8,63.0,62.1,60.0,1,0,45,0,55.6,94.8,11.9,5,0,0,1,1,0,0.0,263,7.1
5,Tanner McKee,131770,QB,STANFORD,1,71.0,31,36,9.7,2.49,2,1,2.4,55.6,20,0,10,9.1,41,2,13,300,40.6,54.5,58.3,48.0,0,0,47,0,20.0,102.8,4.9,2,3,0,3,3,1,2.1,230,6.4
5,Devin Leary,77628,QB,NC STATE,1,74.2,31,36,8.4,2.68,2,2,5.1,61.1,22,0,12,4.3,38,1,14,248,69.5,68.4,70.3,52.7,1,0,41,0,8.3,100.6,2.6,1,1,0,2,2,1,2.4,251,7.0
5,Kenny Pickett,60515,QB,PITTSBURGH,1,84.4,32,36,12.6,3.54,0,3,7.5,63.9,23,0,8,14.8,40,4,18,268,70.1,91.6,92.0,60.8,0,0,44,0,12.5,137.4,2.5,1,3,0,4,4,0,0.0,389,10.8
5,Luke Doty,124230,QB,S CAROLINA,1,75.8,33,35,6.0,2.5,0,0,0.0,60.0,21,0,12,16.0,40,4,14,289,69.6,60.1,59.2,56.7,1,0,43,0,33.3,92.9,10.0,4,1,0,1,1,2,4.7,263,7.5
5,Steven Krajewski,77650,QB,UCONN,1,72.4,29,35,11.5,2.44,1,2,5.3,51.4,18,0,10,14.3,37,3,11,146,70.4,71.0,64.8,80.5,1,2,42,1,10.0,71.6,2.7,1,1,0,4,2,1,2.4,264,7.5
5,D.J. Mack Jr.,55405,QB,DOMINION,1,75.0,32,34,9.0,2.57,1,0,0.0,58.8,20,0,16,16.7,40,4,8,263,70.9,63.4,61.0,63.6,0,1,43,0,18.8,72.3,7.5,3,3,0,1,1,1,2.3,193,5.7
5,Kaleb Eleby,77686,QB,W MICHIGAN,1,71.0,31,34,9.9,2.94,3,2,5.6,61.8,21,0,10,4.5,41,1,14,347,37.3,62.6,56.9,69.5,0,0,44,0,30.0,107.4,7.3,3,4,0,0,2,2,4.5,279,8.2
5,Jeff Sims,122496,QB,GA TECH,1,75.0,32,33,8.3,2.59,0,2,5.9,72.7,24,0,12,0.0,37,0,14,176,71.4,70.8,69.3,63.8,1,2,38,0,16.7,103.0,5.4,2,2,0,0,2,1,2.6,359,10.9
5,Henry Colombi,60583,QB,TEXAS TECH,1,78.8,33,33,10.2,2.44,0,2,6.1,66.7,22,0,11,15.4,38,4,13,315,69.7,81.6,82.4,59.5,0,0,38,0,27.3,90.5,7.9,3,1,0,0,0,0,0.0,260,7.9
5,Jarret Doege,60353,QB,W VIRGINIA,1,83.9,31,33,7.0,2.92,0,4,11.4,75.8,25,0,13,3.8,37,1,12,343,69.3,90.0,88.0,67.3,0,0,39,0,15.4,115.5,5.4,2,2,0,2,1,0,0.0,318,9.6
5,Sean Clifford,51708,QB,PENN STATE,1,65.5,29,33,9.0,3.3,1,1,2.7,51.5,17,0,14,10.5,40,2,14,266,70.5,56.9,53.2,63.7,1,1,44,0,14.3,85.2,5.0,2,5,0,2,3,2,4.5,178,5.4
5,Desmond Ridder,55086,QB,CINCINNATI,1,70.0,30,32,11.7,2.08,1,4,12.1,59.4,19,0,9,9.5,35,2,10,138,41.8,75.8,70.7,71.0,0,0,36,0,22.2,111.1,5.7,2,0,0,1,2,2,5.6,297,9.3
5,Dorian Thompson-Robinson,83574,QB,UCLA,1,74.2,31,32,9.4,3.29,1,0,0.0,65.6,21,0,11,8.7,47,2,16,324,51.2,79.9,74.4,71.9,0,0,50,0,36.4,97.8,8.5,4,11,0,0,1,1,2.0,235,7.3
5,Emory Jones,82111,QB,FLORIDA,1,76.7,30,32,6.8,2.42,0,0,0.0,71.9,23,0,9,0.0,34,0,13,163,73.4,73.9,71.2,66.7,0,1,36,0,0.0,85.8,0.0,0,1,0,2,1,1,2.8,203,6.3
5,Holton Ahlers,77651,QB,E CAROLINA,1,65.6,32,32,8.7,2.32,0,2,5.7,65.6,21,0,12,0.0,35,0,12,156,70.2,76.2,76.0,62.5,0,0,38,0,16.7,115.1,5.7,2,1,0,0,2,0,0.0,288,9.0
5,Jordan Travis,77615,QB,FLORIDA ST,1,85.7,28,32,1.3,2.74,0,0,0.0,68.8,22,0,17,8.3,46,2,12,167,71.7,74.9,67.0,71.8,2,1,48,0,11.8,84.2,4.3,2,11,0,2,2,0,0.0,131,4.1
5,Sam Howell,97599,QB,N CAROLINA,1,64.5,31,32,12.3,2.84,0,1,3.0,56.3,18,0,18,10.0,42,2,11,245,36.8,63.8,64.4,58.4,0,0,43,0,33.3,122.0,14.3,6,4,0,1,3,0,0.0,321,10.0
5,Frank Harris,60586,QB,UTSA,1,86.2,29,31,6.3,2.52,0,1,2.9,80.6,25,0,4,0.0,32,0,14,331,71.7,69.1,66.3,65.3,0,0,35,0,0.0,126.1,0.0,0,1,0,2,2,1,2.9,282,9.1
5,Cornelious Brown IV,98356,QB,GA STATE,1,64.3,28,31,8.3,2.68,1,0,0.0,51.6,16,0,15,11.1,40,2,11,175,71.1,51.2,52.1,55.2,0,2,41,0,26.7,41.2,10.0,4,5,0,2,0,1,2.4,171,5.5
5,Chase Garbers,60356,QB,CAL,1,65.4,26,30,10.0,3.12,2,1,3.3,46.7,14,0,20,17.6,39,3,6,130,70.3,53.1,51.4,62.4,0,1,39,1,20.0,48.2,10.3,4,5,0,2,0,1,2.6,152,5.1
5,Payton Thorne,101629,QB,MICH STATE,1,84.6,26,30,9.8,2.72,2,3,9.7,66.7,20,0,7,9.1,31,2,14,223,36.6,75.1,82.1,52.4,0,0,32,0,0.0,114.2,0.0,0,1,0,2,1,1,3.1,327,10.9
5,Spencer Petras,82136,QB,IOWA,1,79.3,29,30,6.9,2.58,0,2,5.7,70.0,21,0,8,8.7,32,2,12,192,69.7,82.4,80.4,71.1,0,0,37,2,25.0,129.7,6.3,2,0,0,1,3,1,2.7,259,8.6
5,Kedon Slovis,100580,QB,USC,1,75.0,28,29,11.1,2.66,0,1,3.1,65.5,19,0,3,9.5,29,2,12,326,68.9,75.4,76.1,57.0,0,0,33,0,0.0,130.8,0.0,0,0,0,1,3,0,0.0,276,9.5
5,Jake Bentley,40788,QB,S ALABAMA,1,76.9,26,29,11.7,2.56,1,3,10.0,65.5,19,0,9,5.0,33,1,11,288,69.6,78.5,80.2,62.5,1,0,35,1,22.2,91.6,6.1,2,2,0,1,0,0,0.0,243,8.4
5,Chase Brice,60363,QB,APP STATE,1,79.3,29,29,8.8,2.17,0,2,6.5,72.4,21,0,7,8.7,31,2,11,108,68.5,81.8,84.0,57.0,0,0,33,0,14.3,144.2,3.2,1,1,0,0,3,0,0.0,329,11.3
5,Tyler Van Dyke,122225,QB,MIAMI FL,1,70.4,27,29,13.0,2.83,1,3,9.4,51.7,15,0,10,21.1,36,4,8,220,69.4,71.8,69.5,65.2,0,0,39,0,40.0,85.8,11.1,4,3,0,1,1,1,2.6,203,7.0
5,Cade McNamara,101620,QB,MICHIGAN,1,67.9,28,29,13.3,2.66,1,2,6.7,58.6,17,0,13,10.5,30,2,8,222,68.8,78.4,79.8,55.9,0,0,31,0,0.0,102.2,0.0,0,1,0,0,2,0,0.0,197,6.8
5,Taulia Tagovailoa,97271,QB,MARYLAND,1,65.5,29,29,10.0,2.77,0,3,9.7,55.2,16,0,4,15.8,30,3,8,215,69.9,56.2,50.1,72.3,0,5,32,0,0.0,54.0,0.0,0,1,0,0,2,4,12.5,157,5.4
5,Matt Corral,83517,QB,OLE MISS,1,81.5,27,29,7.5,2.59,0,1,2.9,72.4,21,0,18,4.5,36,1,9,226,70.7,71.1,68.1,66.5,0,0,41,0,22.2,104.5,11.1,4,2,0,2,1,0,0.0,213,7.3
5,DJ Uiagalelei,122162,QB,CLEMSON,1,65.4,26,28,8.5,2.36,0,1,3.3,46.4,13,0,8,23.5,30,4,9,140,73.3,58.9,54.6,63.5,0,0,32,0,12.5,71.6,3.3,1,1,0,2,0,0,0.0,207,7.4
5,Gerry Bohanon,77636,QB,BAYLOR,1,56.0,25,28,13.5,3.04,0,3,9.7,46.4,13,0,14,7.1,31,1,5,118,71.3,59.1,50.7,77.1,0,0,34,1,14.3,67.1,6.5,2,1,0,3,0,3,8.8,177,6.3
5,Max Bortenschlager,46500,QB,FIU,1,62.5,24,28,13.2,2.74,0,3,10.0,42.9,12,0,9,20.0,30,3,7,166,68.4,80.5,79.6,,0,1,32,0,22.2,85.9,6.7,2,0,1,3,2,1,3.1,263,9.4
5,Max Duggan,99470,QB,TCU,1,81.5,27,28,6.8,2.98,1,0,0.0,71.4,20,0,9,9.1,34,2,9,305,40.8,77.0,80.4,60.8,0,0,36,0,22.2,100.6,5.9,2,4,0,0,1,1,2.8,182,6.5
5,Dustin Crum,60418,QB,KENT STATE,1,64.0,25,28,12.0,3.04,1,0,0.0,53.6,15,0,12,6.3,34,1,9,201,71.8,79.0,63.1,85.6,2,0,38,0,16.7,66.7,5.9,2,4,0,0,0,0,0.0,134,4.8
5,Drew Plitt,39879,QB,BALL ST,1,72.0,25,28,11.7,2.68,1,2,7.1,60.7,17,0,13,5.6,33,1,10,117,71.2,70.8,70.7,61.8,0,0,33,0,15.4,111.2,6.1,2,3,0,2,2,0,0.0,233,8.3
5,Anthony Brown,40316,QB,OREGON,1,63.0,27,27,7.1,2.73,0,0,0.0,55.6,15,0,8,11.8,32,2,10,264,71.6,47.1,41.4,61.2,0,1,33,0,25.0,62.7,6.3,2,3,0,0,0,1,3.0,193,7.1
5,Spencer Rattler,97408,QB,OKLAHOMA,1,92.0,25,27,7.6,2.69,0,2,6.9,81.5,22,0,8,4.3,32,1,13,261,70.4,83.8,84.5,63.0,0,1,34,0,25.0,113.4,6.3,2,3,2,0,2,1,2.9,243,9.0
5,Brayden Schager,146078,QB,HAWAII,1,44.0,25,27,18.1,3.17,0,0,0.0,40.7,11,0,11,0.0,30,0,7,180,29.9,40.8,41.0,52.5,1,0,34,0,9.1,78.6,3.3,1,2,0,1,2,2,5.9,116,4.3
5,Dylan Hopkins,83571,QB,UAB,1,60.0,25,26,12.4,3.01,1,1,3.8,46.2,12,0,15,20.0,35,3,5,321,69.1,37.6,37.4,53.1,0,1,35,0,33.3,48.9,14.3,5,4,0,0,0,3,8.6,152,5.8
5,Malik Cunningham,60436,QB,LOUISVILLE,1,82.6,23,26,12.6,2.96,1,1,3.2,73.1,19,0,7,0.0,30,0,11,210,72.7,83.4,80.5,69.8,0,0,35,0,42.9,138.1,10.0,3,1,1,1,2,0,0.0,309,11.9
5,Dylan Morris,100570,QB,WASHINGTON,1,75.0,24,26,4.9,2.32,2,0,0.0,65.4,17,0,11,5.6,29,1,4,340,69.7,62.9,61.6,61.0,0,1,29,0,27.3,76.1,10.3,3,0,0,0,1,1,3.4,142,5.5
5,Noah Vedral,55406,QB,RUTGERS,1,65.4,26,26,6.2,2.36,0,0,0.0,61.5,16,0,9,5.9,27,1,6,278,71.5,53.5,45.7,68.4,0,3,28,0,11.1,51.0,3.7,1,0,0,0,1,2,7.1,152,5.8
5,Bryce Young,123943,QB,ALABAMA,1,87.0,23,26,10.6,3.38,0,1,3.7,76.9,20,0,11,0.0,31,0,14,103,68.5,75.6,78.6,51.4,0,1,33,0,27.3,114.4,9.7,3,2,0,3,2,1,3.0,241,9.3
5,Mikey Keene,70961,QB,UCF,1,78.3,23,26,9.3,3.1,1,2,7.7,61.5,16,0,5,11.1,27,2,7,323,67.9,66.4,70.2,57.0,0,1,27,2,0.0,91.2,0.0,0,1,0,2,2,1,3.7,176,6.8
5,Gunnar Holmberg,77625,QB,DUKE,1,81.0,21,24,5.1,2.71,0,0,0.0,70.8,17,0,9,0.0,30,0,6,154,70.3,68.2,70.8,55.9,1,1,32,0,44.4,89.6,13.3,4,2,0,2,1,0,0.0,184,7.7
5,Clayton Tune,77652,QB,HOUSTON,1,81.8,22,24,9.5,2.87,1,2,8.0,70.8,17,0,5,5.6,26,1,12,182,67.9,73.5,77.1,51.6,0,1,27,0,0.0,113.4,0.0,0,2,0,1,2,1,3.7,241,10.0
5,Garrett Shrader,98212,QB,SYRACUSE,1,63.6,22,23,11.1,3.09,0,0,0.0,56.5,13,0,13,7.1,33,1,11,304,71.3,81.9,68.4,80.4,1,1,34,0,23.1,72.7,9.1,3,7,0,0,1,0,0.0,150,6.5
5,Spencer Sanders,77660,QB,OKLA STATE,1,78.9,19,23,11.8,2.98,2,3,12.0,56.5,13,0,9,13.3,26,2,10,262,73.3,78.4,75.9,67.5,1,3,28,0,11.1,57.1,3.8,1,2,0,1,1,3,10.7,182,7.9
5,C.J. Stroud,129759,QB,OHIO STATE,1,87.0,23,23,7.9,2.67,0,1,4.2,73.9,17,0,3,15.0,24,3,13,260,68.3,89.7,90.8,56.4,0,0,25,0,0.0,155.3,0.0,0,1,0,0,5,0,0.0,330,14.3
5,Chris Reynolds,60361,QB,CHARLOTTE,1,82.6,23,23,8.9,2.71,0,2,8.7,73.9,17,0,11,10.5,27,2,7,136,71.8,92.4,90.2,81.3,0,1,27,0,27.3,109.1,11.1,3,1,0,0,2,0,0.0,191,8.3
5,Brock Purdy,77672,QB,IOWA STATE,1,90.0,20,22,11.2,3.7,0,2,9.1,77.3,17,0,8,5.6,26,1,14,193,27.0,88.8,86.4,68.9,0,0,26,0,12.5,152.5,3.8,1,3,0,2,4,1,3.8,245,11.1
5,Brady Olson,147415,QB,UMASS,1,52.6,19,22,9.8,2.8,1,1,4.3,40.9,9,0,11,10.0,25,1,7,216,26.3,44.3,46.0,52.6,0,1,26,0,9.1,52.5,4.0,1,2,0,2,1,2,7.7,106,4.8
5,Chase Cunningham,78533,QB,MIDDLE TN,1,66.7,21,22,9.0,2.39,0,1,4.0,59.1,13,0,7,7.1,24,1,5,224,73.0,68.5,65.4,64.9,0,1,27,0,28.6,83.5,8.3,2,0,0,1,2,0,0.0,110,5.0
5,Jack Coan,60613,QB,NOTRE DAME,1,77.8,18,22,5.6,2.66,1,0,0.0,63.6,14,0,7,0.0,23,0,7,258,67.5,53.6,52.9,,1,1,23,1,14.3,57.8,4.3,1,0,0,2,0,1,4.3,114,5.2
5,Michael Penix Jr.,82134,QB,INDIANA,1,61.1,18,22,8.6,2.56,1,1,4.5,45.5,10,0,9,9.1,24,1,5,190,67.6,65.3,66.1,57.8,0,1,24,0,11.1,43.4,4.2,1,1,0,3,0,1,4.2,118,5.4
5,Timmy McClain,144488,QB,USF,1,76.2,21,22,15.0,3.45,0,1,4.2,63.6,14,0,9,12.5,30,2,13,327,32.7,62.3,74.2,48.2,0,0,32,1,22.2,97.3,6.7,2,6,0,1,0,0,0.0,223,10.1
5,Drew Pyne,122910,QB,NOTRE DAME,1,50.0,20,22,10.7,3.2,1,0,0.0,40.9,9,0,5,10.0,26,1,9,258,67.8,56.4,56.3,58.5,0,0,26,0,20.0,78.4,3.8,1,3,0,1,1,0,0.0,143,6.5
5,Terry Wilson,40709,QB,NEW MEXICO,1,76.2,21,22,8.7,3.09,0,3,12.5,63.6,14,0,13,12.5,27,2,8,241,69.8,81.6,80.4,66.2,0,1,30,0,23.1,85.2,11.1,3,2,0,1,1,1,3.3,179,8.1
5,Casey Thompson,77677,QB,TEXAS,1,66.7,21,22,11.6,2.81,0,0,0.0,54.5,12,0,13,14.3,27,2,8,311,33.7,42.2,33.4,65.6,1,1,30,0,15.4,70.6,7.4,2,3,0,0,1,4,13.3,142,6.5
5,Jake Constantine,40166,QB,RICE,1,81.8,22,22,6.0,2.36,0,1,3.8,72.7,16,0,9,11.1,27,2,9,275,69.8,68.3,71.0,55.9,0,0,31,0,22.2,129.4,7.4,2,2,0,0,2,0,0.0,192,8.7
5,N'Kosi Perry,60446,QB,FAU,1,85.7,21,21,9.4,2.32,0,2,9.5,85.7,18,0,3,0.0,21,0,8,165,70.0,92.5,93.0,60.5,0,0,21,0,0.0,158.3,0.0,0,0,0,0,3,0,0.0,329,15.7
5,Kyle Vantrease,55029,QB,BUFFALO,1,52.4,21,21,13.2,2.48,0,2,9.1,52.4,11,0,7,0.0,24,0,9,126,18.0,55.3,54.7,58.3,0,0,25,0,14.3,76.9,4.2,1,1,0,0,0,1,4.0,157,7.5
5,Rocky Lombardi,60452,QB,N ILLINOIS,1,55.0,20,20,9.9,2.41,0,1,4.5,45.0,9,0,3,18.2,20,2,4,254,29.4,50.2,50.3,53.3,0,0,22,0,0.0,57.1,0.0,0,0,0,0,0,0,0.0,84,4.2
5,Brett Gabbert,97404,QB,MIAMI OH,1,68.4,19,20,12.3,2.64,0,2,10.0,60.0,12,0,9,7.7,24,1,10,221,68.8,91.1,86.7,78.6,0,0,24,0,11.1,121.0,4.2,1,3,0,1,2,0,0.0,171,8.6
5,Jason Bean,83529,QB,KANSAS,1,55.6,18,20,10.8,3.42,0,1,5.0,50.0,10,0,7,0.0,23,0,8,198,23.3,46.0,44.0,57.9,0,1,23,0,14.3,47.9,4.3,1,2,0,2,0,2,8.7,120,6.0
5,Gavin Hardison,100827,QB,UTEP,1,63.2,19,20,14.3,3.19,0,4,18.2,50.0,10,0,8,16.7,25,2,10,330,69.6,84.4,87.9,61.7,0,0,27,1,25.0,116.9,8.0,2,3,0,1,2,1,3.7,191,9.6
5,Zach Calzada,98006,QB,TEXAS A&M,1,72.2,18,20,11.8,2.98,1,2,9.5,60.0,12,0,7,7.7,25,1,7,312,27.6,62.7,59.8,63.7,0,1,26,0,42.9,76.0,12.0,3,2,0,1,1,2,7.7,135,6.8
5,Nick Nash,98679,QB,S JOSE ST,1,94.4,18,19,4.9,2.21,1,1,5.3,84.2,16,0,2,5.9,20,1,9,285,70.8,90.7,91.9,62.3,0,0,21,0,0.0,153.6,0.0,0,1,0,0,3,0,0.0,216,11.4
5,Hendon Hooker,60593,QB,TENNESSEE,1,78.9,19,19,9.6,2.59,0,2,10.0,78.9,15,0,6,0.0,22,0,11,307,73.3,91.0,80.3,83.1,0,0,23,0,16.7,155.6,4.5,1,2,0,0,3,0,0.0,225,11.8
5,Brandon Peters,40416,QB,ILLINOIS,1,66.7,18,19,10.4,2.63,0,0,0.0,52.6,10,0,3,16.7,23,2,7,187,68.8,66.5,61.7,66.4,0,0,23,0,0.0,80.6,0.0,0,3,0,1,1,0,0.0,78,4.1
5,Jayden Daniels,97993,QB,ARIZONA ST,1,87.5,16,19,5.3,2.42,2,3,15.8,68.4,13,0,4,7.1,23,1,9,110,69.9,88.7,88.0,68.9,0,0,23,0,0.0,146.3,0.0,0,4,0,1,2,0,0.0,287,15.1
5,Levi Lewis,60428,QB,LA LAFAYET,1,68.8,16,19,3.9,3.12,0,0,0.0,52.6,10,0,6,9.1,22,1,3,207,72.2,63.4,54.3,68.6,0,0,24,0,16.7,58.4,4.5,1,2,0,3,0,0,0.0,49,2.6
5,Layne Hatcher,82068,QB,ARK STATE,1,47.1,17,18,14.3,2.65,0,1,5.6,44.4,8,0,3,0.0,18,0,6,113,67.6,58.0,51.2,69.2,0,1,18,0,0.0,88.0,0.0,0,0,0,1,2,2,11.1,151,8.4
5,AJ Mayer,63860,QB,MIAMI OH,1,76.5,17,18,10.5,2.09,0,2,11.1,72.2,13,0,7,0.0,20,0,7,221,69.1,66.3,66.9,58.9,0,1,20,0,0.0,117.6,0.0,0,1,0,1,2,1,5.0,179,9.9
5,Tanner Morgan,55239,QB,MINNESOTA,1,62.5,16,18,17.4,2.86,1,3,15.0,50.0,9,0,6,10.0,20,1,4,225,69.8,70.4,78.1,48.4,1,0,22,0,0.0,101.4,0.0,0,2,0,0,1,0,0.0,169,9.4
5,Will Levis,83542,QB,KENTUCKY,1,47.1,17,17,9.5,2.75,0,0,0.0,41.2,7,0,6,12.5,22,1,5,202,68.7,46.8,34.7,71.4,0,1,22,0,33.3,52.8,9.1,2,3,0,0,1,1,4.5,87,5.1
5,Adrian Martinez,83522,QB,NEBRASKA,1,80.0,15,17,14.4,2.6,1,2,11.1,64.7,11,0,3,8.3,17,1,6,238,29.4,77.1,77.8,63.8,0,0,18,0,0.0,125.1,0.0,0,0,0,1,1,0,0.0,202,11.9
5,Chandler Rogers,98683,QB,LA MONROE,1,60.0,15,17,14.2,2.56,1,1,5.9,52.9,9,0,5,0.0,20,0,5,209,71.7,77.3,70.5,71.6,0,1,20,0,40.0,46.2,10.0,2,1,0,1,0,0,0.0,100,5.9
5,Brendon Lewis,131687,QB,COLORADO,1,66.7,15,17,7.3,3.63,0,0,0.0,58.8,10,0,14,0.0,27,0,6,143,67.9,57.7,58.8,55.5,0,1,28,0,42.9,85.9,22.2,6,3,0,2,1,2,7.1,162,9.5
5,DJ Irons,145585,QB,AKRON,1,100.0,16,17,8.6,3.1,1,1,5.9,82.4,14,0,13,12.5,27,2,10,102,35.5,89.5,81.8,76.2,0,0,28,0,46.2,148.5,22.2,6,4,0,0,2,1,3.6,174,10.2
5,Carter Bradley,77685,QB,TOLEDO,1,66.7,15,16,11.0,3.01,0,0,0.0,62.5,10,0,8,0.0,19,0,4,316,67.8,54.6,55.6,57.3,1,0,20,0,37.5,102.1,15.8,3,0,0,0,1,0,0.0,104,6.5
5,Chance Nolan,78493,QB,OREGON ST,1,60.0,15,15,8.2,3.63,0,1,6.7,46.7,7,0,7,22.2,21,2,3,265,27.9,50.2,53.1,55.0,0,1,21,1,28.6,26.5,9.5,2,4,0,0,0,1,4.8,48,3.2
5,Graham Mertz,97994,QB,WISCONSIN,1,80.0,10,15,12.3,2.56,1,3,20.0,53.3,8,0,11,0.0,18,0,4,349,66.8,71.8,74.7,,2,0,18,1,27.3,100.7,16.7,3,0,0,2,1,1,5.6,115,7.7
5,Kurtis Rourke,97998,QB,OHIO,1,63.6,11,13,8.5,3.24,1,0,0.0,53.8,7,0,11,0.0,19,0,3,259,24.3,47.3,42.3,62.1,1,1,19,0,27.3,58.5,15.8,3,3,0,0,1,2,10.5,56,4.3
5,Grayson McCall,98002,QB,COAST CAR,1,100.0,13,13,8.9,2.54,0,3,23.1,100.0,13,0,5,0.0,15,0,10,141,24.1,90.0,95.2,44.3,0,0,15,0,0.0,158.3,0.0,0,2,0,0,2,0,0.0,212,16.3
5,KJ Jefferson,99129,QB,ARKANSAS,1,75.0,12,13,5.5,2.92,0,0,0.0,61.5,8,0,8,11.1,17,1,1,111,69.7,58.4,52.4,67.3,0,0,20,0,50.0,74.2,23.5,4,0,0,1,0,0,0.0,65,5.0
5,Jack Tuttle,83580,QB,INDIANA,1,63.6,11,12,10.8,2.35,0,1,8.3,50.0,6,0,4,14.3,15,1,4,190,67.3,55.7,52.8,62.5,1,1,15,0,25.0,35.8,6.7,1,2,0,0,0,1,6.7,77,6.4
5,Dequan Finn,97804,QB,TOLEDO,1,83.3,12,12,5.8,2.51,0,1,7.1,75.0,9,0,3,10.0,14,1,5,316,68.8,79.9,70.5,76.2,0,0,16,0,66.7,129.9,14.3,2,0,0,0,1,0,0.0,108,9.0
5,Grayson James,145214,QB,FIU,1,63.6,11,12,10.5,2.9,0,0,0.0,58.3,7,0,2,0.0,13,0,4,166,67.1,41.5,42.7,55.7,0,0,14,0,0.0,70.1,0.0,0,1,0,1,0,1,7.1,56,4.7
5,Jemel Jones,102863,QB,ARMY,1,45.5,11,11,15.9,2.4,0,1,9.1,45.5,5,0,3,0.0,12,0,3,114,69.9,45.2,52.4,48.7,0,1,12,0,0.0,27.1,0.0,0,1,0,0,0,1,8.3,66,6.0
5,Stetson Bennett,60387,QB,GEORGIA,1,88.9,9,11,8.9,3.01,0,1,6.7,63.6,7,0,4,12.5,13,1,4,173,67.5,63.1,55.4,69.2,0,0,17,0,25.0,82.4,7.7,1,1,0,2,0,1,5.9,72,6.5
5,Jacob Sirmon,83590,QB,C MICHIGAN,1,87.5,8,8,4.6,3.06,0,0,0.0,87.5,7,0,2,0.0,9,0,2,134,65.1,69.4,69.1,,0,0,9,0,50.0,93.8,11.1,1,0,0,0,0,0,0.0,52,6.5
5,Cole Snyder,97617,QB,RUTGERS,1,100.0,7,8,-0.6,1.6,1,0,0.0,87.5,7,0,2,0.0,8,0,3,278,68.2,64.0,64.5,60.1,0,0,8,0,0.0,135.4,0.0,0,0,0,0,1,0,0.0,56,7.0
5,Kato Nelson,40264,QB,AKRON,1,50.0,8,8,16.0,3.35,0,0,0.0,50.0,4,0,7,0.0,11,0,3,102,65.6,45.2,46.5,57.8,0,0,11,0,28.6,67.7,18.2,2,1,0,0,0,0,0.0,46,5.8
5,Justin Tomlin,78482,QB,GA SOUTHRN,1,16.7,6,8,10.7,2.5,1,1,12.5,12.5,1,0,2,0.0,9,0,1,174,69.1,69.2,63.5,65.6,1,0,9,0,0.0,39.6,0.0,0,1,0,0,0,0,0.0,8,1.0
5,Chase Wolf,51692,QB,WISCONSIN,1,60.0,5,8,13.4,3.06,1,1,12.5,37.5,3,0,7,0.0,12,0,3,349,19.2,31.9,31.4,57.3,1,1,12,0,42.9,60.4,25.0,3,1,0,1,1,2,16.7,52,6.5
5,Reece Udinski,60592,QB,MARYLAND,1,71.4,7,8,2.7,2.56,0,0,0.0,62.5,5,0,1,0.0,8,0,2,215,64.9,27.3,27.2,,0,1,8,0,0.0,27.1,0.0,0,0,0,1,0,2,25.0,17,2.1
5,Andrew Peasley,83581,QB,UTAH ST,1,71.4,7,7,8.3,3.75,0,0,0.0,71.4,5,0,3,0.0,8,0,2,329,64.9,46.3,46.4,,0,1,8,0,33.3,44.6,12.5,1,0,0,0,0,1,12.5,38,5.4
5,Tyler Phommachanh,147373,QB,UCONN,1,71.4,7,7,7.0,2.1,0,0,0.0,71.4,5,0,1,0.0,7,0,3,146,65.9,71.0,65.1,63.2,0,0,7,0,0.0,86.0,0.0,0,0,0,0,0,0,0.0,41,5.9
5,Alex Padilla,86285,QB,IOWA,1,33.3,3,7,12.7,2.37,1,0,0.0,14.3,1,0,3,0.0,7,0,1,192,64.6,58.2,57.6,,1,0,7,0,0.0,40.2,0.0,0,0,0,2,0,0,0.0,22,3.1
5,Bryce Carpenter,82101,QB,COAST CAR,1,66.7,6,6,11.8,2.12,0,0,0.0,50.0,3,0,0,25.0,6,1,1,141,69.7,67.7,63.9,64.6,0,0,7,0,,56.3,0.0,0,0,0,0,0,0,0.0,16,2.7
5,Colby Suits,82143,QB,LA MONROE,1,83.3,6,6,11.2,2.36,0,1,16.7,66.7,4,0,3,20.0,7,1,1,209,65.9,66.4,60.0,64.1,0,0,7,0,33.3,79.2,14.3,1,0,0,0,0,1,14.3,31,5.2
5,Devin Grainger,78496,QB,GA STATE,1,66.7,6,6,13.0,2.07,0,1,14.3,66.7,4,0,2,0.0,7,0,2,175,67.2,46.7,49.5,53.7,0,1,8,0,50.0,109.7,14.3,1,0,0,0,1,1,12.5,75,12.5
5,Nick Tronti,60409,QB,FAU,1,83.3,6,6,9.5,2.73,0,1,14.3,83.3,5,0,1,0.0,7,0,4,165,68.2,92.8,92.9,70.7,0,0,8,0,0.0,113.9,0.0,0,1,0,0,0,0,0.0,68,11.3
5,Ike Ogbogu,77653,QB,HOUSTON,1,40.0,5,5,14.2,3.4,0,0,0.0,40.0,2,0,2,0.0,6,0,2,182,64.6,45.7,53.1,57.0,0,0,7,1,0.0,52.1,0.0,0,1,0,0,0,0,0.0,20,4.0
5,Evan Simon,129906,QB,RUTGERS,1,100.0,5,5,0.8,2.03,0,0,0.0,100.0,5,0,1,0.0,6,0,1,278,66.8,58.3,63.2,55.9,0,0,6,0,100.0,89.2,16.7,1,0,0,0,0,0,0.0,27,5.4
5,Cam'Ron Ransom,147110,QB,GA SOUTHRN,1,40.0,5,5,10.8,2.66,0,0,0.0,40.0,2,0,0,0.0,5,0,2,174,66.8,53.8,48.9,62.1,0,0,5,0,,59.6,0.0,0,0,0,0,0,0,0.0,29,5.8
5,Hunter Dekkers,122511,QB,IOWA STATE,1,60.0,5,5,3.4,2.14,0,0,0.0,40.0,2,0,0,33.3,5,1,1,193,66.8,69.3,47.8,75.7,0,0,5,0,,59.6,0.0,0,0,0,0,0,0,0.0,29,5.8
5,T.J. Finley,124093,QB,AUBURN,1,25.0,4,4,9.8,3.68,0,0,0.0,25.0,1,0,4,0.0,4,0,1,115,63.3,52.6,52.4,,0,0,4,0,0.0,63.5,0.0,0,0,0,0,0,0,0.0,35,8.8
5,Tai Lavatai,121854,QB,NAVY,1,75.0,4,4,17.3,3.39,0,0,0.0,50.0,2,0,6,33.3,7,1,2,237,21.8,60.0,69.9,55.3,0,0,7,0,16.7,95.8,14.3,1,2,0,0,0,0,0.0,58,14.5
5,Tyhier Tyler,82083,QB,ARMY,1,0.0,3,4,18.7,3.82,0,0,0.0,0.0,0,0,4,,5,0,0,114,77.3,58.1,27.6,68.9,0,1,6,0,0.0,0.0,0.0,0,1,0,1,0,1,16.7,0,0.0
5,Matt Masker,83523,QB,NEBRASKA,1,100.0,3,3,0.3,1.47,0,0,0.0,100.0,3,0,0,0.0,3,0,1,238,67.7,66.2,63.9,62.0,0,0,3,0,,90.3,0.0,0,0,0,0,0,0,0.0,17,5.7
5,Ty Keyes,145417,QB,SO MISS,1,66.7,3,3,12.3,3.28,0,0,0.0,66.7,2,0,2,0.0,4,0,1,296,63.3,35.9,37.9,57.3,0,1,4,0,0.0,41.7,0.0,0,1,0,0,0,1,25.0,17,5.7
5,Kyle McCord,145053,QB,OHIO STATE,1,33.3,3,3,8.3,2.73,0,0,0.0,33.3,1,0,1,0.0,4,0,0,260,65.5,45.1,45.2,58.4,0,0,5,0,100.0,42.4,25.0,1,0,0,0,0,0,0.0,3,1.0
5,Malik Hornsby,123957,QB,ARKANSAS,1,66.7,3,3,18.3,3.8,0,0,0.0,66.7,2,0,2,0.0,5,0,1,111,13.1,58.5,43.4,70.6,0,0,5,0,100.0,88.2,40.0,2,0,0,0,0,1,20.0,22,7.3
5,Jarrett Guest,97997,QB,COAST CAR,1,100.0,3,3,8.7,2.28,0,1,33.3,100.0,3,0,0,0.0,4,0,2,141,63.3,84.0,83.8,,0,0,4,0,,158.3,0.0,0,0,0,0,1,0,0.0,39,13.0
5,Jacob Huesman,41939,QB,APP STATE,1,66.7,3,3,4.7,1.77,0,0,0.0,66.7,2,1,0,0.0,3,0,1,108,63.3,50.3,49.9,63.1,0,0,4,1,,115.3,0.0,0,0,0,0,1,0,0.0,13,4.3
5,Zamar Wise,128106,QB,UMASS,1,100.0,2,2,1.5,3.07,0,0,0.0,100.0,2,0,2,0.0,3,0,1,216,64.8,65.7,72.9,56.5,0,0,3,0,0.0,79.2,0.0,0,1,0,0,0,0,0.0,5,2.5
5,Miles Kendrick,77673,QB,KANSAS,1,50.0,2,2,17.0,2.8,0,0,0.0,50.0,1,0,0,0.0,2,0,1,198,61.8,55.6,53.6,,0,0,2,0,,58.3,0.0,0,0,0,0,0,0,0.0,7,3.5
5,Tucker Gleason,122475,QB,TOLEDO,1,100.0,2,2,8.0,2.7,0,0,0.0,50.0,1,0,0,50.0,2,1,1,316,64.4,70.4,75.3,58.2,0,0,2,0,,85.4,0.0,0,0,0,0,0,0,0.0,20,10.0
5,Garrett Greene,123420,QB,W VIRGINIA,1,100.0,1,2,2.0,3.45,0,0,0.0,50.0,1,0,3,0.0,4,0,1,343,67.8,69.3,58.9,66.6,1,0,4,0,0.0,68.8,0.0,0,2,0,0,0,0,0.0,12,6.0
5,Armani Rogers,40034,QB,OHIO,1,50.0,2,2,6.5,1.65,0,0,0.0,50.0,1,0,0,0.0,2,0,0,259,75.3,77.0,49.8,74.7,0,0,3,0,,56.3,0.0,0,0,0,0,0,0,0.0,4,2.0
5,Jay Rose,55118,TE,UCONN,1,50.0,2,2,24.0,3.5,0,0,0.0,50.0,1,0,0,0.0,2,0,1,146,66.1,63.5,66.8,,0,0,2,0,,95.8,0.0,0,0,0,0,0,0,0.0,26,13.0
5,Tyler Buchner,147472,QB,NOTRE DAME,1,0.0,2,2,15.0,4.07,0,0,0.0,0.0,0,0,2,,3,0,0,258,67.7,44.5,35.0,60.6,0,1,3,0,0.0,0.0,0.0,0,1,0,0,0,1,33.3,0,0.0
5,Ryan Wright,77591,P,TULANE,1,100.0,1,1,12.0,2.3,0,0,0.0,100.0,1,0,0,0.0,1,0,1,319,60.3,70.7,75.4,,0,0,1,0,,116.7,0.0,0,0,0,0,0,0,0.0,12,12.0
5,Garrett Dzuro,64526,QB,UMASS,1,0.0,1,1,19.0,3.2,0,0,0.0,0.0,0,0,1,,2,0,0,216,61.8,26.0,26.9,57.3,0,1,2,0,0.0,0.0,0.0,0,1,0,0,0,1,50.0,0,0.0
5,Malik Williams,61121,WR,APP STATE,1,0.0,1,1,6.0,3.5,0,0,0.0,0.0,0,0,0,,1,0,0,108,68.3,75.1,52.8,,0,0,1,0,,39.6,0.0,0,0,0,0,0,0,0.0,0,0.0
5,Justin Rogers,77666,QB,UNLV,1,100.0,1,1,12.0,3.6,0,0,0.0,100.0,1,0,1,0.0,1,0,1,325,60.3,76.1,75.4,,0,0,1,0,0.0,143.8,0.0,0,0,0,0,1,0,0.0,9,9.0
5,Anthony Richardson,124393,QB,FLORIDA,1,100.0,1,1,-5.0,1.4,0,0,0.0,100.0,1,0,0,0.0,1,0,1,163,69.6,60.2,50.0,64.2,0,0,2,0,,100.0,0.0,0,0,0,0,0,0,0.0,8,8.0
5,Haaziq Daniels,125263,QB,AIR FORCE,1,100.0,1,1,29.0,4.45,0,1,50.0,100.0,1,0,1,0.0,2,0,1,101,69.7,78.2,79.0,66.9,0,0,3,0,100.0,118.8,50.0,1,0,0,0,0,0,0.0,33,33.0
5,Zachary Stevens,122359,QB,COAST CAR,1,100.0,1,1,14.0,3.5,0,0,0.0,100.0,1,0,1,0.0,1,0,1,141,60.3,74.0,72.6,,0,0,1,0,0.0,127.1,0.0,0,0,0,0,1,0,0.0,5,5.0
5,Deuce Hogan,129470,QB,IOWA,1,100.0,1,1,-2.0,1.3,0,0,0.0,100.0,1,0,0,0.0,1,0,0,192,60.3,52.7,60.6,,0,0,1,1,,79.2,0.0,0,0,0,0,0,0,0.0,2,2.0
5,Logan Smothers,129713,QB,NEBRASKA,1,100.0,1,1,11.0,4.47,0,0,0.0,100.0,1,0,1,0.0,3,0,1,238,66.4,78.8,71.9,67.4,0,0,3,0,100.0,112.5,33.3,1,1,0,0,0,0,0.0,11,11.0
5,Carl Richardson,129735,QB,NWESTERN,1,0.0,1,1,26.0,2.3,0,0,0.0,0.0,0,0,1,,1,0,0,256,60.3,52.1,51.9,,0,0,1,0,0.0,39.6,0.0,0,0,0,0,0,0,0.0,0,0.0
5,Jack Miller III,129754,QB,OHIO STATE,1,0.0,1,1,-1.0,2.5,0,0,0.0,0.0,0,0,0,,1,0,0,260,65.9,45.5,55.3,54.1,0,0,1,0,,39.6,0.0,0,0,0,0,0,0,0.0,0,0.0
5,Tyler Snead,90863,WR,E CAROLINA,1,0.0,1,1,18.0,3.4,0,0,0.0,0.0,0,0,1,,1,0,0,156,67.4,63.4,54.8,,0,0,1,0,0.0,39.6,0.0,0,0,0,0,0,0,0.0,0,0.0
5,Alan Bowman,77679,QB,MICHIGAN,1,0.0,1,1,6.0,1.7,0,0,0.0,0.0,0,0,0,,1,0,0,222,60.3,53.9,54.1,,0,1,1,0,,0.0,0.0,0,0,0,0,0,0,0.0,0,0.0
5,Drew Cassens,130544,TE,N ILLINOIS,1,0.0,1,1,9.0,1.9,0,0,0.0,0.0,0,0,0,,1,0,0,254,60.3,43.5,26.6,,0,0,1,0,,39.6,0.0,0,0,0,0,0,1,100.0,0,0.0
5,Chandler Fields,97286,QB,LA LAFAYET,1,100.0,1,1,-3.0,1.0,0,0,0.0,100.0,1,0,0,0.0,1,0,0,207,60.3,60.6,60.4,,0,0,1,0,,104.2,0.0,0,0,0,0,0,0,0.0,9,9.0
5,Javion Posey,97606,QB,FAU,1,100.0,1,1,-6.0,5.6,0,0,0.0,100.0,1,0,1,0.0,2,0,1,165,64.4,58.0,60.4,60.6,0,0,2,0,0.0,112.5,0.0,0,1,0,0,0,0,0.0,11,11.0
5,Lincoln Victor,97215,WR,WASH STATE,1,0.0,1,1,38.0,6.0,0,0,0.0,0.0,0,0,0,,1,0,0,341,63.7,62.6,58.0,,0,0,1,0,,39.6,0.0,0,0,0,0,0,0,0.0,0,0.0
5,Matt Alaimo,84066,TE,RUTGERS,1,0.0,1,1,10.0,1.9,0,0,0.0,0.0,0,0,0,,1,0,0,278,60.3,28.9,27.4,,0,0,1,0,,39.6,0.0,0,0,0,0,0,1,100.0,0,0.0
5,Justin Lynch,144392,QB,TEMPLE,1,100.0,1,1,-3.0,0.6,0,0,0.0,100.0,1,0,0,0.0,1,0,0,306,63.7,55.1,61.0,57.4,0,0,1,0,,79.2,0.0,0,0,0,0,0,0,0.0,0,0.0
5,Matt Naranjo,44994,P,BOWL GREEN,1,0.0,1,1,3.0,2.3,0,0,0.0,0.0,0,0,0,,1,0,0,122,60.3,49.5,44.6,,0,0,1,0,,39.6,0.0,0,0,0,0,0,0,0.0,0,0.0
5,Caleb Williams,144622,QB,OKLAHOMA,1,100.0,1,1,-3.0,1.4,0,0,0.0,100.0,1,0,0,0.0,1,0,1,261,9.1,33.9,60.4,49.4,0,0,1,0,,118.8,0.0,0,0,0,0,0,0,0.0,18,18.0
5,J.J. McCarthy,144918,QB,MICHIGAN,1,100.0,1,1,37.0,2.4,0,1,100.0,100.0,1,0,0,0.0,1,0,1,222,67.5,91.7,87.4,70.5,0,0,1,0,,158.3,0.0,0,0,0,0,1,0,0.0,56,56.0
5,Kaylon Geiger,102929,WR,TEXAS TECH,1,0.0,1,1,33.0,3.4,0,0,0.0,0.0,0,0,1,,1,0,0,315,67.6,63.6,37.0,59.5,0,1,1,0,0.0,0.0,0.0,0,0,0,0,0,1,100.0,0,0.0
5,Jahan Dotson,84375,WR,PENN STATE,1,100.0,1,1,11.0,4.0,0,0,0.0,100.0,1,0,0,0.0,1,0,1,266,73.4,75.7,72.6,57.7,0,0,1,0,,118.8,0.0,0,0,0,0,0,0,0.0,21,21.0
5,Joey Gatewood,82088,QB,UCF,1,,0,1,,4.7,0,0,0.0,0.0,0,0,1,,1,0,0,323,68.7,62.7,60.0,62.6,1,0,1,0,0.0,39.6,0.0,0,0,0,0,0,0,0.0,0,0.0
5,Aaron Allen,78494,QB,LA TECH,1,0.0,1,1,30.0,1.9,0,0,0.0,0.0,0,0,1,,1,0,0,208,60.3,49.6,49.9,,0,0,1,0,0.0,39.6,0.0,0,0,0,0,0,0,0.0,0,0.0
5,Jaylen Henderson,146054,QB,FRESNO ST,1,0.0,1,1,3.0,3.83,0,0,0.0,0.0,0,0,1,,3,0,0,169,62.7,45.0,50.9,57.3,0,0,3,0,100.0,39.6,33.3,1,1,0,0,0,0,0.0,0,0.0
5,Luke McCaffrey,101634,QB,RICE,1,100.0,1,1,8.0,5.0,0,0,0.0,100.0,1,0,2,0.0,2,0,1,275,64.4,80.3,77.7,62.7,0,0,2,0,0.0,118.8,0.0,0,1,0,0,0,0,0.0,15,15.0
5,Evan Conley,97783,QB,LOUISVILLE,1,0.0,1,1,2.0,1.9,0,0,0.0,0.0,0,0,1,,1,0,0,210,60.3,61.1,61.0,,0,0,1,0,0.0,39.6,0.0,0,0,0,0,0,0,0.0,0,0.0
5,Jiya Wright,77688,QB,LA MONROE,1,0.0,1,1,24.0,4.7,0,0,0.0,0.0,0,0,4,,5,0,1,209,14.2,32.6,28.7,55.9,0,0,5,0,25.0,39.6,20.0,1,3,0,0,0,1,20.0,0,0.0
5,Nick Patti,77614,QB,PITTSBURGH,1,100.0,1,1,5.0,2.6,0,0,0.0,100.0,1,0,0,0.0,1,0,1,268,60.3,62.2,61.0,,0,0,1,0,,108.3,0.0,0,0,0,0,0,0,0.0,10,10.0
5,Mason Garcia,123811,QB,E CAROLINA,1,100.0,1,1,2.0,1.6,0,0,0.0,100.0,1,0,0,0.0,1,0,1,156,67.5,57.3,61.0,57.5,0,0,1,0,,158.3,0.0,0,0,0,0,1,0,0.0,14,14.0
5,Drew Zaubi,77616,QB,W KENTUCKY,1,0.0,1,1,5.0,1.7,0,0,0.0,0.0,0,0,1,,1,0,0,346,60.3,55.3,57.7,,0,0,1,0,0.0,39.6,0.0,0,0,0,0,0,0,0.0,0,0.0
5,Aqeel Glass,60328,QB,ALAB A&M,1,64.3,56,61,7.9,2.02,2,1,1.6,57.4,35,0,21,2.8,64,1,23,104,44.4,53.1,53.0,58.9,0,4,66,0,14.3,75.1,4.7,3,0,0,3,4,4,6.1,449,7.4
5,Draylen Ellis,121346,QB,AUSTINPEAY,1,72.9,48,53,7.0,2.51,0,1,1.7,50.9,27,0,14,22.9,59,8,17,116,45.6,63.2,61.7,62.9,0,0,65,1,28.6,71.7,6.8,4,2,1,4,1,1,1.5,266,5.0
5,Cole Kelley,39945,QB,SE LA,1,78.0,50,51,9.3,2.5,0,2,3.8,72.5,37,0,16,5.1,58,2,23,294,74.0,74.3,69.9,69.6,0,1,61,0,12.5,106.6,3.4,2,5,1,0,3,0,0.0,399,7.8
5,Westin Elliott,60433,QB,MERRIMACK,1,64.6,48,50,6.8,2.45,0,0,0.0,58.0,29,0,11,6.5,53,2,12,385,70.0,47.4,46.5,60.8,1,4,57,0,9.1,47.6,1.9,1,2,0,1,2,5,8.8,206,4.1
5,Zevi Eckhaus,148535,QB,BRYANT,1,82.6,46,49,7.9,2.43,2,4,7.8,71.4,35,0,12,7.9,53,3,22,124,71.3,92.0,92.3,60.3,0,0,55,0,16.7,110.7,3.8,2,2,0,1,3,0,0.0,337,6.9
5,Kaleb Fletcher,60499,QB,NWSTATE,1,81.3,48,48,7.3,2.2,0,0,0.0,75.0,36,0,9,7.7,54,3,18,257,25.3,71.5,76.7,49.8,0,0,55,0,11.1,106.2,1.9,1,5,0,0,2,1,1.8,319,6.6
5,Eric Barriere,40109,QB,E WASHGTON,1,66.7,45,47,11.0,2.51,0,4,7.8,55.3,26,0,22,13.3,55,4,16,161,71.8,84.2,80.4,72.5,0,2,59,0,22.7,82.0,9.1,5,2,0,2,2,0,0.0,422,9.0
5,Liam Welch,19897,QB,SAMFORD,1,80.0,45,46,7.4,2.73,0,1,2.1,67.4,31,0,10,13.9,48,5,17,282,72.8,81.2,75.0,74.6,0,2,51,0,0.0,97.4,0.0,0,2,0,1,4,2,3.9,312,6.8
5,Jett Duffey,41634,QB,HAMPTON,1,67.5,40,45,13.5,2.53,1,3,6.0,48.9,22,0,9,18.5,48,5,16,178,44.7,67.1,73.9,40.6,1,3,53,0,11.1,78.9,2.1,1,2,1,2,4,2,3.8,370,8.2
5,RJ Martinez,147690,QB,N ARIZONA,1,70.0,40,45,12.1,2.95,1,4,8.2,57.8,26,0,11,7.1,48,2,12,252,70.9,86.3,82.7,72.1,0,0,52,0,9.1,106.6,2.1,1,2,0,4,3,1,1.9,369,8.2
5,Cole Johnson,29785,QB,JAMES MAD,1,79.1,43,44,7.0,2.06,0,2,4.2,75.0,33,0,9,2.9,50,1,14,197,43.4,69.2,66.0,66.8,0,1,54,0,33.3,104.9,6.0,3,3,0,1,3,2,3.7,286,6.5
5,Rett Files,91405,QB,N ALABAMA,1,77.5,40,44,8.1,2.61,0,2,4.3,68.2,30,0,13,3.2,48,1,17,389,38.2,75.7,81.1,40.4,1,1,51,0,30.8,111.0,8.3,4,0,0,3,3,1,2.0,410,9.3
5,Mark Pappas,109046,QB,MOREHEAD,1,81.4,43,44,7.0,2.55,0,4,9.1,75.0,33,0,10,5.7,48,2,24,234,70.3,69.7,70.5,58.3,0,1,48,0,20.0,140.2,4.2,2,2,0,1,6,3,6.3,481,10.9
5,Nic Baker,87541,QB,S ILLINOIS,1,72.5,40,43,7.4,2.55,1,2,4.1,60.5,26,0,17,10.3,49,3,13,295,70.3,53.2,49.8,69.2,0,2,55,0,29.4,71.9,10.2,5,1,0,2,2,4,7.3,240,5.6
5,Beau English,82066,QB,RICHMOND,1,68.6,35,42,8.1,2.89,1,2,4.5,50.0,21,0,16,12.5,49,3,16,276,72.2,63.0,55.9,68.8,1,0,51,0,12.5,70.8,4.1,2,4,0,5,1,1,2.0,193,4.6
5,Hunter Hays,141593,QB,IDAHO ST,1,61.5,39,40,8.8,2.52,0,0,0.0,50.0,20,0,11,16.7,46,4,11,186,71.3,55.7,52.9,63.9,1,3,47,0,36.4,42.6,8.7,4,2,0,0,1,2,4.3,209,5.2
5,Jack Cook,109015,QB,DAYTON,1,63.2,38,40,15.2,2.94,0,6,14.3,57.5,23,0,9,4.2,45,1,21,150,72.0,79.4,79.3,66.6,0,1,47,1,0.0,100.8,0.0,0,5,0,2,2,2,4.3,428,10.7
5,E.J. Perry,60349,QB,BROWN,1,68.4,38,39,10.6,2.88,0,2,4.8,61.5,24,0,12,7.7,44,2,17,123,72.0,71.3,71.8,62.9,0,1,47,1,33.3,92.0,9.1,4,1,0,1,2,1,2.1,302,7.7
5,Pierce Holley,108981,QB,GEORGETOWN,1,62.5,32,39,9.7,3.03,1,0,0.0,51.3,20,0,8,0.0,47,0,13,172,69.5,49.8,48.8,59.0,0,1,48,0,62.5,56.4,10.6,5,3,0,6,0,1,2.1,208,5.3
5,Breylin Smith,33893,QB,CENT ARK,1,78.4,37,38,7.6,2.46,0,2,5.1,73.7,28,0,12,3.4,40,1,17,132,70.4,81.7,83.7,56.8,0,0,41,0,8.3,142.7,2.5,1,1,1,0,5,0,0.0,361,9.5
5,Justin Agner,41605,QB,STETSON,1,72.2,36,38,10.9,3.18,1,2,5.0,65.8,25,0,20,3.8,55,1,18,302,42.5,77.4,74.2,68.7,0,0,58,0,25.0,123.5,9.1,5,12,1,0,4,1,1.7,287,7.6
5,Kasim Hill,60444,QB,RHODE ISLD,1,73.5,34,37,10.4,2.21,2,3,8.1,56.8,21,0,13,16.0,41,4,12,274,73.1,81.8,75.4,74.2,1,0,41,0,15.4,83.8,4.9,2,2,0,0,1,0,0.0,226,6.1
5,Cam Ward,133244,QB,INCAR WORD,1,69.4,36,37,7.8,2.83,0,1,2.6,67.6,25,0,12,0.0,43,0,14,189,36.4,55.8,51.3,66.7,0,2,45,0,8.3,102.1,2.3,1,5,0,1,3,2,4.4,348,9.4
5,Tim Demorat,78498,QB,FORDHAM,1,74.3,35,37,15.0,2.48,0,0,0.0,56.8,21,0,11,19.2,39,5,16,168,69.5,88.9,86.0,70.1,0,0,40,0,9.1,92.7,2.6,1,1,0,2,1,0,0.0,305,8.2
5,Demeatric Crenshaw,138332,QB,YNGTOWN ST,1,75.0,36,37,9.5,3.01,0,0,0.0,67.6,25,0,16,7.4,44,2,12,353,39.5,52.0,55.1,51.6,1,2,44,0,18.8,67.2,6.8,3,4,0,0,1,3,6.8,198,5.4
5,Joe Green,101283,QB,COLUMBIA,1,71.4,35,36,5.6,2.22,0,4,10.8,61.1,22,0,8,12.0,41,3,8,145,69.1,73.3,74.2,57.3,0,0,42,0,50.0,81.9,9.8,4,1,0,1,1,1,2.4,170,4.7
5,Mike Beaudry,101052,QB,IDAHO,1,73.5,34,35,8.2,2.14,0,1,2.8,62.9,22,0,10,12.0,38,3,12,185,69.5,74.0,75.1,57.1,0,1,40,1,10.0,72.9,2.6,1,1,0,1,0,2,5.0,255,7.3
5,Chris Katrenick,60365,QB,E ILLINOIS,1,45.5,33,34,13.2,2.6,1,2,5.6,35.3,12,0,18,20.0,37,3,8,158,70.2,64.2,60.3,70.4,0,0,39,0,11.1,62.7,5.4,2,1,0,0,1,1,2.6,175,5.1
5,Noah Bodden,150881,QB,GRAMBLING,1,54.5,33,34,10.2,2.69,0,1,2.8,47.1,16,0,15,11.1,38,2,7,177,69.9,51.7,49.5,67.4,0,1,40,1,13.3,81.9,5.3,2,2,0,1,3,1,2.5,191,5.6
5,Trae Self,103962,QB,STF AUSTIN,1,75.9,29,34,5.0,2.45,2,0,0.0,50.0,17,0,14,22.7,40,5,12,301,22.1,56.8,46.3,77.4,1,1,42,1,21.4,77.5,7.5,3,3,0,2,2,2,4.8,215,6.3
5,Jackson Pavitt,142790,QB,CAL POLY,1,65.5,29,34,5.9,2.51,2,1,2.7,47.1,16,0,19,15.8,43,3,6,129,29.3,54.9,52.8,62.8,2,0,46,0,36.8,53.8,16.3,7,2,0,1,0,2,4.3,92,2.7
5,Geremy Hickbottom,62834,QB,TENN STATE,1,67.9,28,34,11.2,2.74,0,3,8.3,52.9,18,0,15,5.3,36,1,11,308,72.5,92.5,88.1,88.5,3,0,38,1,6.7,102.7,2.8,1,1,0,3,2,1,2.6,301,8.9
5,Connor Sampson,33374,QB,W ILLINOIS,1,80.0,25,32,7.4,3.0,1,1,3.0,62.5,20,0,19,0.0,39,0,11,345,69.1,51.3,50.0,59.7,0,2,41,1,21.1,74.0,10.3,4,3,0,6,2,2,5.0,192,6.0
5,Tommy Schuster,108954,QB,N DAKOTA,1,70.0,30,32,6.7,2.05,0,1,3.0,56.3,18,0,6,14.3,33,3,6,249,68.5,63.3,62.4,,0,1,34,1,16.7,69.3,3.0,1,0,2,0,1,1,2.9,176,5.5
5,Zerrick Cooper,40465,QB,JVILLE ST,1,62.5,32,32,9.2,2.63,0,0,0.0,59.4,19,0,13,5.0,35,1,13,196,21.4,29.7,39.7,29.8,0,2,38,0,7.7,63.5,2.9,1,2,0,0,1,6,15.8,212,6.6
5,Jake Smith,109024,QB,HARVARD,1,73.3,30,31,6.5,2.42,0,1,3.0,64.5,20,0,8,9.1,31,2,11,179,68.5,85.8,85.0,,0,1,33,0,0.0,105.4,0.0,0,0,0,1,3,0,0.0,229,7.4
5,Juwan Carter,91113,QB,NORFOLK,1,66.7,30,31,10.7,2.45,0,3,9.4,54.8,17,0,7,15.0,36,3,12,244,44.8,80.9,83.5,65.4,0,0,37,1,14.3,108.8,2.8,1,4,0,1,2,0,0.0,294,9.5
5,Wiley Hartley,122297,QB,CAMPBELL,1,64.5,31,31,9.6,2.5,0,3,9.4,58.1,18,0,4,10.0,33,2,13,131,70.0,68.6,70.4,59.8,0,2,34,1,25.0,96.4,3.0,1,1,0,0,3,0,0.0,302,9.7
5,Tony Muskett,142933,QB,MONMOUTH,1,71.0,31,31,11.5,2.22,0,7,21.9,58.1,18,0,6,18.2,35,4,13,231,69.7,89.2,91.1,50.7,0,1,36,0,50.0,115.5,8.6,3,1,0,0,4,1,2.8,289,9.3
5,George Martin,103959,QB,ROB MORRIS,1,61.3,31,31,10.9,2.56,0,1,3.0,54.8,17,0,10,10.5,34,2,12,277,68.8,63.1,63.2,57.8,0,1,37,0,20.0,72.4,5.9,2,1,0,0,1,2,5.4,203,6.5
5,Tyler Riddell,102355,QB,E TENN ST,1,75.9,29,30,9.1,2.97,0,0,0.0,70.0,21,0,9,4.5,35,1,12,157,69.6,60.7,57.8,63.5,0,1,35,0,22.2,94.9,5.7,2,3,0,1,1,1,2.9,268,8.9
5,Neil Boudreau,44632,QB,MORGAN ST,1,61.5,26,30,9.4,2.67,1,3,9.7,50.0,15,0,18,6.3,41,1,10,235,69.6,69.1,68.1,69.3,0,1,43,2,22.2,68.3,9.8,4,6,1,2,1,0,0.0,197,6.6
5,Davis Cheek,55146,QB,ELON,1,69.2,26,30,10.1,2.91,1,2,6.1,60.0,18,0,12,0.0,35,0,9,162,71.0,77.6,77.8,62.4,0,0,38,0,8.3,90.6,2.9,1,4,0,3,1,0,0.0,197,6.6
5,Jackson Waring,138217,QB,ILL STATE,1,80.8,26,30,12.1,3.31,1,3,9.4,63.3,19,0,11,9.5,36,2,11,188,68.9,63.3,68.0,51.1,0,3,38,1,27.3,92.8,8.3,3,3,0,3,3,4,10.5,318,10.6
5,Corey Fields Jr.,78539,QB,SCAR STATE,1,71.4,28,30,13.9,2.93,2,4,13.3,66.7,20,0,6,0.0,33,0,13,290,70.8,90.1,90.2,65.0,0,0,33,0,16.7,112.4,3.0,1,2,0,0,1,0,0.0,314,10.5
5,Seth Morgan,103954,QB,VA MILT IN,1,66.7,30,30,8.9,2.21,0,3,9.7,66.7,20,0,5,0.0,34,0,11,336,69.7,65.2,67.6,54.5,0,2,36,0,20.0,69.4,2.9,1,3,0,0,1,1,2.8,205,6.8
5,Keegan Shoemaker,108983,QB,SM HOUSTON,1,66.7,27,29,12.6,2.5,1,0,0.0,55.2,16,0,8,11.1,36,2,11,281,70.5,65.7,68.6,52.9,0,1,43,0,25.0,88.6,5.6,2,4,0,1,2,1,2.3,222,7.7
5,Bailey Fisher,88643,QB,GARD-WEBB,1,77.8,27,29,6.7,2.49,1,2,6.3,65.5,19,0,16,9.5,33,2,5,171,13.4,38.0,44.3,41.1,0,1,36,0,0.0,65.9,0.0,0,3,0,1,0,5,13.9,164,5.7
5,Quinton Williams,102366,QB,HOWARD,1,61.5,26,29,11.6,3.16,1,1,2.9,51.7,15,0,18,6.3,32,1,13,184,31.1,53.3,51.1,62.1,0,0,38,0,0.0,109.8,0.0,0,3,0,2,3,2,5.3,210,7.2
5,Cole Copeland,63563,QB,CHATTNOOGA,1,65.5,29,29,8.4,3.06,0,0,0.0,58.6,17,0,8,10.5,32,2,13,137,69.1,69.3,67.9,62.8,0,1,34,0,12.5,93.9,3.1,1,2,0,0,2,1,2.9,239,8.2
5,Miles Hastings,103943,QB,UC DAVIS,1,67.9,28,29,8.4,2.41,0,1,3.2,55.2,16,0,8,15.8,32,3,8,322,70.4,67.2,66.5,60.9,1,1,34,0,25.0,67.0,6.3,2,1,0,0,1,3,8.8,152,5.2
5,Parker McKinney,82109,QB,E KENTUCKY,1,52.0,25,28,14.0,2.75,1,2,6.9,42.9,12,0,8,7.7,32,1,11,159,71.7,81.2,74.6,70.3,0,1,33,0,12.5,46.3,3.1,1,3,0,2,0,0,0.0,157,5.6
5,Desmond Young,121715,QB,HOU BAPT,1,73.1,26,28,8.3,2.91,2,2,6.9,57.1,16,0,14,15.8,36,3,5,183,37.0,50.3,64.3,40.1,0,0,37,0,14.3,93.9,5.6,2,6,0,0,2,2,5.4,137,4.9
5,Stone Earle,123504,QB,ABILENE CH,1,78.6,28,28,6.3,2.94,0,1,3.3,67.9,19,0,11,13.6,31,3,11,100,21.9,58.4,65.8,47.7,0,1,33,0,0.0,99.6,0.0,0,3,0,0,2,1,3.0,215,7.7
5,Ben Mays,91722,QB,CORNELL,1,74.1,27,28,10.2,1.86,0,2,6.9,67.9,19,0,8,5.0,30,1,10,147,69.9,74.3,73.7,71.3,0,2,32,2,12.5,67.0,3.3,1,1,0,1,0,2,6.3,256,9.1
5,Jason Shelley,60581,QB,MO STATE,1,75.0,28,28,8.8,2.79,0,3,10.7,67.9,19,0,10,9.5,31,2,13,230,69.8,80.7,84.9,56.1,0,1,31,0,0.0,115.0,0.0,0,3,0,0,2,1,3.2,319,11.4
5,Skyler Perry,82082,QB,ARKAPB,1,56.5,23,28,11.4,2.74,1,0,0.0,32.1,9,0,17,30.8,31,4,4,112,69.9,57.8,58.7,56.5,3,0,32,0,5.9,41.4,3.2,1,2,0,1,0,0,0.0,51,1.8
5,Ah-Shaun Davis,149376,QB,LAFAYETTE,1,84.0,25,28,15.8,3.18,1,3,10.0,71.4,20,0,12,4.8,33,1,13,203,70.5,91.7,92.2,61.4,0,0,35,0,33.3,137.5,12.1,4,1,0,2,2,0,0.0,354,12.6
5,Carlos Davis,139131,QB,W CAROLINA,1,77.3,22,27,13.3,3.09,0,0,0.0,59.3,16,0,15,5.9,33,1,9,344,21.7,39.6,50.8,43.4,2,1,34,1,13.3,95.4,6.1,2,3,0,3,2,2,5.9,225,8.3
5,Jalani Eason,52172,QB,MS VLY ST,1,83.3,24,27,4.8,1.99,0,1,3.3,74.1,20,0,8,0.0,29,0,7,228,71.6,71.2,70.9,62.1,2,0,32,0,12.5,101.6,3.4,1,1,0,1,1,0,0.0,165,6.1
5,Ben Nimz,109067,QB,VALPO,1,65.2,23,27,11.0,2.96,1,2,7.1,51.9,14,0,9,6.7,32,1,7,332,70.0,61.2,63.0,55.0,0,2,34,1,22.2,42.8,6.3,2,3,2,1,0,2,5.9,184,6.8
5,Jalyn Williams,105549,QB,SE MO ST,1,64.0,25,27,8.5,2.95,0,0,0.0,48.1,13,0,13,18.8,35,3,10,293,71.3,65.4,64.1,62.5,0,0,35,0,30.8,73.1,11.4,4,4,0,2,1,0,0.0,120,4.4
5,Marquez McCray,109056,QB,SACR HEART,1,68.2,22,27,9.6,3.43,0,1,3.6,48.1,13,0,16,13.3,39,2,13,280,70.3,65.8,61.3,65.7,0,0,40,0,18.8,66.9,7.7,3,9,1,4,0,0,0.0,160,5.9
5,Davius Richard,109077,QB,NC CENT,1,65.2,23,26,9.0,2.86,0,1,3.7,53.8,14,0,16,6.7,31,1,9,247,70.3,63.6,53.7,75.2,2,1,32,1,18.8,75.5,9.7,3,2,0,1,1,1,3.1,198,7.6
5,Jawon Pass,40916,QB,PRVIEW A&M,1,69.2,26,26,8.8,2.36,0,2,7.7,61.5,16,0,12,11.1,33,2,8,270,69.9,76.1,78.2,59.8,0,0,33,1,16.7,87.7,6.1,2,4,0,0,0,0,0.0,214,8.2
5,Jared Lewis,108959,QB,DELWARE ST,1,70.8,24,26,10.0,2.89,0,2,7.4,61.5,16,0,14,5.9,31,1,8,152,68.9,76.5,79.3,53.7,1,0,32,0,28.6,120.0,12.9,4,1,0,1,4,0,0.0,169,6.5
5,Preston Rice,60469,QB,MURRAY ST,1,64.0,25,26,15.3,2.75,0,2,7.4,50.0,13,0,6,18.8,31,3,10,236,68.4,57.2,54.8,62.5,0,2,32,0,50.0,38.9,9.7,3,2,0,1,0,3,9.4,170,6.5
5,Cam Humphrey,39886,QB,MONTANA,1,65.2,23,26,9.4,3.18,1,0,0.0,53.8,14,0,15,6.7,36,1,13,232,33.3,51.2,48.2,62.9,1,2,37,1,20.0,64.6,8.3,3,7,0,1,2,3,8.1,150,5.8
5,Steven Duncan,40211,QB,TARLETON,1,61.5,26,26,9.4,2.51,0,2,7.4,46.2,12,0,6,25.0,29,4,4,401,68.2,59.8,61.8,52.4,0,2,30,0,16.7,29.2,3.4,1,2,0,0,0,2,6.7,129,5.0
5,Kenyon Oblad,83576,QB,DIXIE,1,63.6,22,25,7.1,2.64,1,0,0.0,56.0,14,0,14,0.0,28,0,6,1285,18.0,26.5,28.6,60.0,1,2,28,1,21.4,36.4,10.7,3,0,0,1,0,4,14.3,126,5.0
5,Carson Camp,141837,QB,S DAKOTA,1,83.3,24,25,6.3,2.82,0,2,7.1,72.0,18,0,15,10.0,36,2,13,291,69.4,65.7,62.9,64.2,0,0,39,1,26.7,135.3,11.1,4,6,0,1,3,1,2.6,202,8.1
5,Dylan McCaffrey,60451,QB,N COLORADO,1,78.3,23,25,5.9,2.26,0,0,0.0,60.0,15,0,6,16.7,26,3,5,253,69.0,43.2,45.7,55.6,1,3,26,1,0.0,43.0,0.0,0,1,0,1,1,3,11.5,103,4.1
5,Bret Edwards,88638,QB,NEW HAMP,1,76.2,21,24,6.6,3.65,0,0,0.0,66.7,16,0,17,0.0,28,0,8,240,68.7,55.3,58.1,56.9,0,1,29,1,17.6,76.4,10.7,3,1,0,3,1,1,3.4,128,5.3
5,Rasean McKay,88321,QB,FL A&M,1,54.2,24,24,8.3,2.03,0,0,0.0,50.0,12,0,9,7.7,25,1,6,164,68.4,61.4,60.9,63.3,0,0,26,1,11.1,83.2,4.0,1,0,0,0,1,0,0.0,147,6.1
5,Marco Siderman,143060,QB,HOLY CROSS,1,47.6,21,24,10.1,2.42,3,0,0.0,37.5,9,0,3,10.0,25,1,3,181,68.0,45.4,45.1,,0,1,28,1,33.3,28.5,4.0,1,0,0,0,0,1,3.6,53,2.2
5,Anthony Thompson,40036,QB,INDIANA ST,1,76.2,21,24,7.9,2.73,0,0,0.0,66.7,16,0,13,0.0,27,0,8,191,69.8,58.8,58.4,52.5,2,2,28,0,7.7,60.4,3.7,1,2,0,1,1,2,7.1,136,5.7
5,Davis Alexander,52162,QB,PORTLAND,1,86.4,22,23,5.6,2.53,0,0,0.0,78.3,18,0,6,5.3,27,1,8,269,71.0,66.1,66.7,59.4,0,1,28,0,33.3,75.9,7.4,2,2,0,1,0,1,3.6,151,6.6
5,Justin Miller,103941,QB,SO UTAH,1,72.7,22,23,7.1,2.59,0,1,4.3,65.2,15,0,8,6.3,26,1,10,298,68.4,78.8,82.6,53.4,0,1,26,0,12.5,85.2,3.8,1,2,0,1,1,0,0.0,179,7.8
5,Matthew McKay,60485,QB,MONTANA ST,1,68.2,22,23,10.3,2.14,1,1,4.2,65.2,15,0,5,0.0,23,0,11,233,27.3,69.1,64.4,71.0,0,0,24,0,0.0,135.4,0.0,0,0,0,0,2,1,4.2,276,12.0
5,Fred Payton,82102,QB,MERCER,1,68.2,22,23,12.6,3.03,0,1,4.3,56.5,13,0,9,13.3,29,2,10,219,71.6,81.5,79.4,61.0,1,1,29,0,11.1,75.5,3.4,1,5,0,0,1,0,0.0,165,7.2
5,Kobe Tracy,141317,QB,DIXIE,1,65.2,23,23,7.3,2.81,0,0,0.0,60.9,14,0,9,6.7,24,1,7,1285,68.2,40.8,41.3,57.9,0,2,24,0,11.1,53.0,4.2,1,0,0,0,1,2,8.3,121,5.3
5,Blake Ellingson,149550,QB,DRAKE,1,72.7,22,23,12.3,2.96,0,1,4.3,56.5,13,0,8,18.8,27,3,9,153,71.0,76.4,77.6,62.6,0,0,27,0,25.0,82.0,7.4,2,2,0,1,0,0,0.0,181,7.9
5,Cody Orgeron,23693,QB,MCNEESE,1,77.3,22,23,9.6,2.89,0,2,8.3,60.9,14,0,12,17.6,31,3,10,217,71.2,77.9,78.0,64.3,0,1,32,0,25.0,118.8,9.7,3,4,0,1,3,1,3.1,246,10.7
5,Nigel Summerville,108985,QB,LEHIGH,1,73.7,19,22,8.2,3.22,0,0,0.0,50.0,11,0,19,21.4,34,3,5,205,71.7,51.9,50.8,57.7,1,0,35,0,42.1,63.4,23.5,8,3,0,2,0,1,2.9,104,4.7
5,Derek Kyler,109012,QB,DARTMOUTH,1,71.4,21,22,7.4,2.57,0,1,4.2,68.2,15,0,5,0.0,26,0,9,148,68.6,70.1,70.1,59.9,0,0,28,0,40.0,104.4,7.7,2,2,0,1,1,0,0.0,160,7.3
5,Tommy Dolan,111302,QB,STTHOM,1,25.0,20,22,14.9,3.16,0,0,0.0,22.7,5,0,11,0.0,27,0,1,1129,69.6,28.6,28.5,52.1,0,0,27,1,36.4,39.6,14.8,4,1,0,2,0,2,7.4,55,2.5
5,Lindsey Scott Jr.,40219,QB,NICHOLLS,1,61.9,21,21,15.0,2.91,0,2,8.3,61.9,13,0,9,0.0,25,0,10,243,40.5,72.5,57.0,79.5,0,0,29,0,22.2,105.9,8.0,2,2,0,0,1,1,3.4,183,8.7
5,Judd Erickson,52033,QB,SAN DIEGO,1,66.7,21,21,11.0,2.23,0,2,9.5,61.9,13,0,3,7.1,23,1,7,283,68.8,53.0,52.9,58.4,0,3,23,0,33.3,76.4,4.3,1,1,0,0,2,2,8.7,154,7.3
5,Cole Smith,109050,QB,PRINCETON,1,45.0,20,20,13.8,2.95,0,0,0.0,45.0,9,0,5,0.0,26,0,8,272,74.5,64.0,57.8,65.7,0,1,28,0,60.0,43.5,11.5,3,3,0,0,0,0,0.0,119,6.0
5,Bret Bushka,108927,QB,BUTLER,1,68.4,19,20,9.6,3.01,0,1,5.0,60.0,12,0,7,7.7,21,1,8,127,74.0,74.2,70.8,68.1,0,0,21,0,0.0,74.8,0.0,0,1,0,1,0,0,0.0,109,5.5
5,Jalen Fowler,64170,QB,NC A&T,1,80.0,20,20,13.0,2.74,0,4,19.0,75.0,15,0,1,6.3,23,1,12,246,28.8,91.5,91.3,69.5,0,1,24,0,0.0,120.0,0.0,0,3,0,0,2,1,4.2,206,10.3
5,Justin Sliwoski,77612,QB,ST FRANCIS,1,78.9,19,20,8.2,2.83,1,1,4.8,65.0,13,0,9,13.3,24,2,10,299,36.7,59.2,55.9,62.5,0,0,26,0,0.0,124.2,0.0,0,4,0,0,2,0,0.0,166,8.3
5,Austin Day,106411,QB,MARIST,1,57.9,19,19,13.6,3.3,0,1,4.8,52.6,10,0,10,9.1,30,1,9,213,70.3,62.6,59.2,64.4,0,0,32,0,60.0,113.7,20.0,6,5,0,0,2,1,3.1,149,7.8
5,Tyquell Fields,51615,QB,STNY BROOK,1,62.5,16,19,16.6,2.89,1,2,9.1,47.4,9,0,8,10.0,23,1,6,303,69.5,53.4,47.9,64.7,0,1,26,0,25.0,41.8,8.7,2,2,0,2,0,4,15.4,101,5.3
5,Darius Perrantes,103934,QB,DUQUESNE,1,63.2,19,19,9.1,2.46,0,0,0.0,57.9,11,0,6,8.3,20,1,6,155,67.5,56.5,57.4,,0,0,24,1,16.7,115.6,5.0,1,0,0,0,4,1,4.2,117,6.2
5,Peyton Derrick,60329,QB,WOFFORD,1,52.9,17,18,7.5,2.46,0,0,0.0,50.0,9,0,5,0.0,20,0,5,350,69.1,63.3,58.3,65.7,1,0,20,0,0.0,88.0,0.0,0,2,0,0,1,1,5.0,111,6.2
5,Chris Oladokun,40364,QB,S DAK ST,1,50.0,18,18,15.3,2.97,0,1,5.0,44.4,8,0,2,11.1,20,1,6,292,68.8,78.7,69.4,79.2,0,0,23,0,50.0,101.6,5.0,1,1,0,0,2,0,0.0,110,6.1
5,Griffin O'Connor,109073,QB,YALE,1,61.1,18,18,11.9,2.52,0,2,10.0,50.0,9,0,4,18.2,20,2,6,352,67.4,72.7,74.2,57.3,0,0,22,0,25.0,90.7,5.0,1,1,0,0,1,0,0.0,123,6.8
5,Mason Randall,91728,QB,SAN DIEGO,1,58.8,17,17,9.6,2.39,0,0,0.0,47.1,8,0,2,20.0,17,2,4,283,67.6,46.3,45.6,60.0,0,0,18,0,0.0,70.0,0.0,0,0,0,0,0,1,5.6,117,6.9
5,Andrew Body,155202,QB,TEXAS STHN,1,87.5,16,17,4.8,2.71,0,1,5.9,82.4,14,0,5,0.0,19,0,11,313,67.0,76.0,76.1,61.0,0,0,19,0,0.0,157.0,0.0,0,2,0,1,3,0,0.0,207,12.2
5,Grant Breneman,64179,QB,COLGATE,1,86.7,15,17,13.9,3.09,0,2,11.8,76.5,13,0,4,0.0,20,0,9,142,71.7,77.7,88.7,55.6,0,0,20,0,25.0,127.3,5.0,1,2,0,2,1,0,0.0,171,10.1
5,Ryan Nettles,102339,QB,ALABAMA ST,1,33.3,15,17,8.2,2.75,0,0,0.0,29.4,5,0,10,0.0,22,0,2,105,26.6,37.7,40.5,50.0,0,0,23,0,30.0,39.6,13.6,3,2,0,2,0,0,0.0,32,1.9
5,Theo Day,83515,QB,N IOWA,1,73.3,15,16,12.6,3.1,0,1,5.9,68.8,11,0,7,0.0,20,0,9,255,67.2,80.2,78.3,65.7,1,1,21,0,14.3,123.2,5.0,1,3,0,0,2,1,4.8,193,12.1
5,John Quinnelly,109048,QB,PENN,1,64.3,14,16,10.2,2.6,1,1,5.6,43.8,7,0,9,22.2,20,2,3,267,69.3,31.0,32.5,56.5,0,2,22,1,44.4,26.6,20.0,4,0,0,1,0,3,13.6,106,6.6
5,Devin Black,78526,QB,BETH COOK,1,46.7,15,16,20.7,3.02,1,0,0.0,37.5,6,0,4,14.3,22,1,9,119,19.6,53.6,47.5,63.3,0,0,25,0,25.0,87.0,4.5,1,5,0,0,1,3,12.0,126,7.9
5,Kylan Weisser,78475,QB,WEBER ST,1,80.0,15,16,8.6,2.3,1,3,17.6,68.8,11,0,4,8.3,18,1,7,342,71.2,91.4,90.1,75.6,0,0,19,0,25.0,136.2,5.6,1,1,0,0,2,0,0.0,143,8.9
5,Nick Semptimphelter,142984,QB,BUCKNELL,1,78.6,14,15,7.2,2.14,0,1,6.3,66.7,10,0,3,9.1,15,1,5,125,68.2,78.6,76.8,63.5,0,0,16,0,0.0,103.5,0.0,0,0,0,1,1,0,0.0,85,5.7
5,Guenson Alexis,148625,QB,WAGNER,1,66.7,15,15,8.7,2.66,0,1,6.7,53.3,8,0,8,20.0,20,2,5,338,31.4,58.5,62.2,55.9,0,1,20,0,12.5,107.5,5.0,1,4,0,0,2,1,5.0,177,11.8
5,Matthew Sluka,143059,QB,HOLY CROSS,1,42.9,14,15,14.3,2.79,1,1,6.3,26.7,4,0,6,33.3,17,2,3,181,28.2,44.1,48.5,49.7,0,2,18,0,16.7,7.5,5.9,1,1,0,0,0,2,11.1,72,4.8
5,Cade Sexauer,111800,QB,STTHOM,1,50.0,14,14,13.9,2.36,0,1,7.1,42.9,6,0,2,14.3,17,1,5,1129,69.5,64.0,54.4,71.9,0,2,17,0,0.0,50.9,0.0,0,1,0,0,1,1,5.9,97,6.9
5,C.J. Ogbonna,149182,QB,SE MO ST,1,38.5,13,14,10.8,2.12,0,0,0.0,35.7,5,0,1,0.0,14,0,1,293,69.4,48.5,49.4,55.2,0,1,14,0,0.0,14.6,0.0,0,0,0,1,0,0,0.0,26,1.9
5,Joe Owens,141732,QB,ALABAMA ST,1,63.6,11,12,15.4,2.77,0,0,0.0,58.3,7,0,5,0.0,13,0,4,105,67.4,74.0,69.4,68.6,0,1,16,0,20.0,44.4,7.7,1,0,0,1,0,1,6.3,82,6.8
5,Richie Kenney,91723,QB,CORNELL,1,55.6,9,11,15.6,1.88,1,1,7.7,45.5,5,0,2,0.0,11,0,2,147,21.1,42.5,54.5,51.0,0,1,13,0,0.0,21.0,0.0,0,0,0,1,0,2,15.4,50,4.5
5,Otto Kuhns,138014,QB,E ILLINOIS,1,44.4,9,10,12.1,2.55,1,0,0.0,40.0,4,0,3,0.0,11,0,3,158,67.6,45.8,39.7,60.6,0,0,11,0,33.3,50.8,9.1,1,0,0,0,0,2,18.2,37,3.7
5,Quincy Patterson II,77626,QB,N DAK ST,1,60.0,10,10,11.8,2.27,0,1,9.1,40.0,4,0,8,33.3,14,2,3,250,49.5,68.7,66.5,64.1,0,0,15,0,12.5,55.4,7.1,1,2,0,0,0,0,0.0,48,4.8
5,Drew Martin,88645,QB,TENN TECH,1,60.0,10,10,3.2,2.38,0,0,0.0,60.0,6,0,3,0.0,12,0,1,309,15.6,32.4,31.5,,0,0,12,0,66.7,64.6,16.7,2,0,0,0,0,2,16.7,23,2.3
5,Rogan Wells,149999,QB,W CAROLINA,1,25.0,8,10,13.6,2.49,0,0,0.0,20.0,2,0,5,0.0,11,0,1,344,20.1,22.4,22.0,59.6,1,2,11,0,20.0,0.0,9.1,1,0,0,1,0,3,27.3,6,0.6
5,Willie Miller,104799,QB,TENN TECH,1,55.6,9,9,11.3,4.03,0,1,10.0,55.6,5,0,4,0.0,12,0,3,309,72.8,70.2,71.6,64.0,0,0,13,0,0.0,122.2,0.0,0,3,0,0,2,0,0.0,74,8.2
5,Shannon Patrick,82081,QB,BETH COOK,1,66.7,9,9,3.3,1.89,0,0,0.0,55.6,5,0,0,16.7,9,1,2,119,65.1,61.8,66.7,,0,1,9,1,,23.6,0.0,0,0,0,0,0,0,0.0,32,3.6
5,Collin Ironside,139107,QB,VA MILT IN,1,71.4,7,9,3.0,2.43,1,0,0.0,55.6,5,0,3,0.0,12,0,5,336,66.8,74.3,65.7,70.4,1,0,12,0,33.3,64.1,8.3,1,2,0,0,0,1,8.3,34,3.8
5,Tyler Beverett,142985,QB,BUCKNELL,1,75.0,8,9,5.4,2.14,1,0,0.0,66.7,6,0,1,0.0,9,0,4,125,71.6,57.8,56.4,58.8,0,0,9,1,0.0,85.9,0.0,0,0,0,0,0,0,0.0,61,6.8
5,Nolan Grooms,108987,QB,YALE,1,75.0,8,8,13.9,3.87,0,0,0.0,75.0,6,0,4,0.0,11,0,4,352,69.2,66.9,58.6,67.5,0,0,11,0,0.0,156.3,0.0,0,3,0,0,2,1,9.1,122,15.3
5,Jalen Brown,141977,QB,TEXAS STHN,1,75.0,8,8,7.8,3.0,0,0,0.0,75.0,6,0,5,0.0,12,0,5,313,21.1,48.9,53.7,51.2,0,0,13,0,40.0,134.9,16.7,2,2,0,0,1,0,0.0,59,7.4
5,Xzavier Vaughn,102342,QB,ARKAPB,1,62.5,8,8,17.0,3.41,0,2,20.0,50.0,4,0,6,20.0,10,1,3,112,67.7,92.5,92.4,65.1,0,1,12,0,16.7,95.8,10.0,1,1,0,0,1,0,0.0,117,14.6
5,Louis Colosimo,64186,QB,DAVIDSON,1,71.4,7,7,8.7,2.11,0,0,0.0,71.4,5,0,1,0.0,7,0,5,149,71.6,74.8,78.2,62.5,0,0,7,0,0.0,153.3,0.0,0,0,0,0,1,0,0.0,96,13.7
5,Hajj-Malik Williams,102348,QB,CAMPBELL,1,100.0,6,7,9.7,3.09,0,1,12.5,85.7,6,0,3,0.0,8,0,3,131,64.9,77.4,77.0,,0,0,9,0,33.3,157.4,12.5,1,0,0,1,1,0,0.0,86,12.3
5,Keaton Heide,103940,QB,S DAK ST,1,83.3,6,6,6.7,3.52,0,0,0.0,83.3,5,0,3,0.0,9,0,3,292,65.1,62.2,61.5,60.3,0,0,9,0,33.3,158.3,11.1,1,2,0,0,1,0,0.0,97,16.2
5,Trent Tompkins,103944,QB,UC DAVIS,1,100.0,6,6,1.3,2.86,0,0,0.0,100.0,6,0,2,0.0,7,0,5,322,73.2,85.2,68.0,79.3,0,0,7,0,0.0,140.3,0.0,0,1,0,0,1,0,0.0,49,8.2
5,Xavier Shepherd,104767,QB,KENNESAW,1,83.3,6,6,11.0,3.38,0,0,0.0,83.3,5,0,3,0.0,9,0,6,200,78.5,84.7,88.5,70.8,0,0,9,0,33.3,116.7,11.1,1,2,0,0,0,0,0.0,72,12.0
5,Kohen Granier,63573,QB,NICHOLLS,1,80.0,5,5,10.4,3.06,0,1,20.0,80.0,4,0,1,0.0,5,0,2,243,67.9,57.6,60.8,56.2,0,1,5,0,0.0,105.0,0.0,0,0,0,0,1,1,20.0,46,9.2
5,Brady Pope,84524,QB,N ALABAMA,1,50.0,4,5,7.5,1.63,0,0,0.0,40.0,2,0,2,0.0,6,0,0,389,65.7,47.5,46.4,63.3,0,0,6,1,50.0,47.9,16.7,1,0,0,1,0,0,0.0,-6,-1.2
5,LeShane Taylor,142672,QB,WAGNER,1,25.0,4,5,16.3,3.77,0,1,12.5,20.0,1,0,3,0.0,7,0,1,338,23.9,50.8,48.1,59.0,0,0,11,0,33.3,85.0,14.3,1,1,0,1,1,1,9.1,22,4.4
5,Cade Chambers,148066,QB,INDIANA ST,1,80.0,5,5,1.2,2.77,0,0,0.0,60.0,3,0,4,25.0,6,1,0,191,64.6,58.8,58.3,,0,0,7,0,25.0,64.6,16.7,1,0,0,0,0,0,0.0,7,1.4
5,Conner Martin,91726,QB,N COLORADO,1,20.0,5,5,16.8,2.92,0,0,0.0,20.0,1,0,3,0.0,6,0,2,253,64.2,36.7,37.6,57.0,0,0,6,0,0.0,39.6,0.0,0,1,0,0,0,0,0.0,5,1.0
5,Jaylan Adams,89133,QB,CITADEL,1,40.0,5,5,20.2,2.37,0,1,20.0,40.0,2,0,2,0.0,6,0,2,139,78.9,86.2,58.0,80.4,0,0,7,0,0.0,127.1,0.0,0,0,0,0,1,1,14.3,114,22.8
5,Creyton Cooper,147853,QB,WEBER ST,1,100.0,3,4,16.7,3.74,1,2,50.0,50.0,2,0,1,33.3,5,1,2,342,68.9,91.6,93.1,67.2,0,0,5,0,0.0,85.4,0.0,0,1,0,0,0,0,0.0,40,10.0
5,Kris Brown,105558,QB,MONTANA,1,50.0,4,4,9.8,3.38,0,0,0.0,50.0,2,0,1,0.0,4,0,1,232,63.3,69.2,68.8,,0,0,4,0,0.0,65.6,0.0,0,0,0,0,0,0,0.0,21,5.3
5,Orion Olivas,155517,QB,HOU BAPT,1,75.0,4,4,6.0,1.93,0,0,0.0,50.0,2,0,0,33.3,4,1,1,183,63.3,63.1,62.9,,0,0,4,0,,61.5,0.0,0,0,0,0,0,0,0.0,17,4.3
5,Trazon Connley,75885,QB,PRVIEW A&M,1,100.0,3,4,19.0,3.58,0,1,25.0,25.0,1,0,3,66.7,5,2,1,270,66.8,72.3,78.7,56.3,0,0,5,0,33.3,62.5,20.0,1,0,0,1,0,0,0.0,34,8.5
5,Michael Brescia,149295,QB,COLGATE,1,100.0,2,3,6.0,1.87,1,0,0.0,33.3,1,0,0,50.0,3,1,0,142,72.3,64.3,53.3,65.2,0,0,3,0,,42.4,0.0,0,0,0,0,0,0,0.0,5,1.7
5,Harry Kirk,143015,QB,COLGATE,1,66.7,3,3,15.0,2.83,0,1,25.0,66.7,2,0,1,0.0,3,0,2,142,68.8,77.4,79.9,61.5,0,0,4,0,0.0,140.3,0.0,0,0,0,0,1,0,0.0,31,10.3
5,Jy Tolen,132427,QB,GARD-WEBB,1,50.0,2,3,4.0,2.93,0,0,0.0,33.3,1,0,2,0.0,4,0,1,171,63.3,48.0,53.5,56.3,1,0,4,0,0.0,81.9,0.0,0,1,0,0,0,0,0.0,61,20.3
5,Isaac Brown,84384,WR,RICHMOND,1,33.3,3,3,13.7,4.83,0,0,0.0,33.3,1,0,1,0.0,3,0,1,276,68.9,52.4,40.2,,0,1,3,0,0.0,26.4,0.0,0,0,0,0,0,1,33.3,26,8.7
5,Drayton Arnold,40050,QB,CHATTNOOGA,1,33.3,3,3,13.3,2.23,0,0,0.0,33.3,1,0,0,0.0,4,0,1,137,65.2,69.3,54.4,70.1,0,0,4,0,,42.4,0.0,0,1,0,0,0,0,0.0,8,2.7
5,Quincy Hill,78485,QB,SCAR STATE,1,100.0,2,2,11.0,2.87,0,0,0.0,100.0,2,0,1,0.0,3,0,2,290,15.8,49.5,44.3,60.1,0,0,3,0,100.0,118.8,33.3,1,0,0,0,0,1,33.3,32,16.0
5,Austin Tutas,151162,QB,YALE,1,0.0,2,2,29.0,2.9,0,0,0.0,0.0,0,0,0,,2,0,0,352,61.8,51.0,50.6,,0,0,2,0,,39.6,0.0,0,0,0,0,0,0,0.0,0,0.0
5,Rudy Voss,138320,QB,S DAK ST,1,0.0,2,2,24.0,1.95,0,0,0.0,0.0,0,0,0,,2,0,0,292,66.2,60.6,51.1,65.0,0,0,2,0,,39.6,0.0,0,0,0,0,0,0,0.0,0,0.0
5,Randall Johnson,98675,QB,WEBER ST,1,100.0,2,2,-2.5,2.33,0,0,0.0,50.0,1,0,1,50.0,3,1,0,342,64.8,66.8,60.2,63.3,0,0,3,0,100.0,56.3,33.3,1,0,0,0,0,0,0.0,5,2.5
5,Carter Peevy,129563,QB,MERCER,1,50.0,2,2,14.0,2.95,0,0,0.0,50.0,1,0,1,0.0,2,0,1,219,61.8,52.7,52.7,,0,0,2,0,0.0,95.8,0.0,0,0,0,0,0,0,0.0,52,26.0
5,Peyton Mansell,82135,QB,ABILENE CH,1,100.0,1,1,-3.0,0.9,0,0,0.0,100.0,1,0,0,0.0,1,0,0,100,67.5,72.0,60.6,66.7,0,0,1,0,,91.7,0.0,0,0,0,0,0,0,0.0,6,6.0
5,Randy Fizer,155524,WR,WAGNER,1,0.0,1,1,18.0,3.1,0,0,0.0,0.0,0,0,0,,1,0,0,338,60.3,34.5,35.6,,0,1,1,0,,0.0,0.0,0,0,0,0,0,1,100.0,0,0.0
5,Deland Thomas,111892,TE,GARD-WEBB,1,0.0,1,1,26.0,3.4,0,0,0.0,0.0,0,0,0,,1,0,0,171,63.7,39.5,27.6,,0,0,1,0,,39.6,0.0,0,0,0,0,0,1,100.0,0,0.0
5,Jyran Mitchell,78175,WR,E KENTUCKY,1,100.0,1,1,4.0,2.9,0,0,0.0,100.0,1,0,0,0.0,1,0,1,159,62.4,61.7,60.4,,0,0,1,0,,118.8,0.0,0,0,0,0,0,0,0.0,42,42.0
5,Ty Lenhart,109010,QB,COLUMBIA,1,100.0,1,1,18.0,2.8,0,1,100.0,100.0,1,0,0,0.0,1,0,1,145,63.7,82.7,84.1,59.6,0,0,1,0,,118.8,0.0,0,0,0,0,0,0,0.0,23,23.0
5,Nick Orlando,109004,QB,BUTLER,1,0.0,1,1,0.0,5.03,0,0,0.0,0.0,0,0,2,,3,0,1,127,19.0,41.5,37.9,51.3,0,0,3,0,50.0,39.6,33.3,1,1,0,0,0,1,33.3,0,0.0
5,Cam Miller,125299,QB,N DAK ST,1,100.0,1,1,2.0,3.4,0,0,0.0,100.0,1,0,0,0.0,1,0,0,250,60.3,60.9,61.0,,0,0,1,0,,104.2,0.0,0,0,0,0,0,0,0.0,9,9.0
5,Tony Tate,65045,WR,W ILLINOIS,1,100.0,1,1,23.0,3.3,0,0,0.0,100.0,1,0,1,0.0,1,0,1,345,70.7,63.6,76.6,63.0,0,0,1,0,0.0,118.8,0.0,0,0,0,0,0,0,0.0,33,33.0
5,Chance Hollingsworth,138433,QB,HOWARD,1,100.0,1,1,6.0,2.8,0,0,0.0,100.0,1,0,0,0.0,2,0,1,184,61.8,70.0,60.4,64.0,0,0,2,0,,91.7,0.0,0,1,0,0,0,0,0.0,6,6.0
5,Elijah Burrell,139171,QB,DAVIDSON,1,0.0,1,1,13.0,2.0,0,0,0.0,0.0,0,0,0,,1,0,0,149,60.3,48.2,48.5,,0,0,1,0,,39.6,0.0,0,0,0,0,0,0,0.0,0,0.0
5,Josh McClurg,139440,QB,MOREHEAD,1,100.0,1,1,16.0,3.6,0,1,100.0,100.0,1,0,0,0.0,1,0,1,234,60.3,89.7,84.6,,0,0,1,0,,118.8,0.0,0,0,0,0,0,0,0.0,17,17.0
5,Carson Crawford,61756,WR,UC DAVIS,1,100.0,1,1,32.0,3.0,0,0,0.0,100.0,1,0,0,0.0,1,0,1,322,66.6,51.0,58.0,60.8,0,0,1,1,,158.3,0.0,0,0,0,0,1,0,0.0,30,30.0
5,Myles Crawley,141731,QB,ALABAMA ST,1,0.0,1,1,6.0,2.5,0,0,0.0,0.0,0,0,0,,1,0,0,105,60.3,45.9,45.8,,0,0,1,0,,39.6,0.0,0,0,0,0,0,0,0.0,0,0.0
5,Kobe Clark,86853,WR,ABILENE CH,1,,0,1,,5.6,0,0,0.0,0.0,0,0,1,,1,0,0,100,65.9,55.8,60.0,,0,0,1,0,0.0,39.6,0.0,0,0,0,1,0,0,0.0,0,0.0
5,Johnathan Lewis,60520,QB,S DAKOTA,1,100.0,1,1,4.0,1.4,0,0,0.0,100.0,1,0,0,0.0,1,0,1,291,68.7,77.5,60.6,70.3,0,0,1,0,,112.5,0.0,0,0,0,0,0,0,0.0,11,11.0
5,Kingsley Ifedi,60367,QB,NC A&T,1,100.0,1,1,6.0,2.5,0,0,0.0,100.0,1,0,0,0.0,1,0,1,246,63.7,70.2,71.9,59.4,0,0,1,0,,118.8,0.0,0,0,0,0,0,0,0.0,16,16.0
5,Nick Howard,108979,QB,DARTMOUTH,1,100.0,1,1,13.0,3.85,0,1,100.0,100.0,1,0,2,0.0,2,0,1,148,19.4,64.1,85.9,57.4,0,0,2,0,0.0,118.8,0.0,0,1,0,0,0,1,50.0,13,13.0
5,Zach Rush,103925,QB,N COLORADO,1,0.0,1,1,7.0,3.8,0,0,0.0,0.0,0,0,1,,1,0,0,253,60.3,52.9,54.1,,0,0,1,0,0.0,39.6,0.0,0,0,0,0,0,0,0.0,0,0.0
5,Zachary Clement,105561,QB,NWSTATE,1,,0,1,,3.45,1,0,0.0,0.0,0,0,0,,2,0,0,257,66.2,80.4,60.0,73.7,0,0,2,0,,39.6,0.0,0,1,0,0,0,0,0.0,0,0.0
5,Jeff Widener,104774,QB,N ARIZONA,1,100.0,1,1,18.0,3.45,0,0,0.0,100.0,1,0,0,0.0,2,0,1,252,64.4,65.2,72.6,61.4,0,0,2,1,,158.3,0.0,0,1,0,0,1,0,0.0,25,25.0
5,Hugh Brady,148928,QB,PENN,1,0.0,1,1,14.0,3.1,0,0,0.0,0.0,0,0,0,,1,0,0,267,60.3,48.3,48.5,,0,0,1,0,,39.6,0.0,0,0,0,0,0,0,0.0,0,0.0
5,Kolby Gartner,149776,P,STTHOM,1,0.0,1,1,4.0,3.2,0,0,0.0,0.0,0,0,0,,1,0,0,1129,60.3,61.1,60.6,,0,0,1,0,,39.6,0.0,0,0,0,0,0,0,0.0,0,0.0
5,Zach Larkin,22961,TE,INDIANA ST,1,100.0,1,1,-3.0,1.5,0,0,0.0,100.0,1,0,0,0.0,1,0,1,191,65.9,73.8,60.4,,0,0,1,0,,118.8,0.0,0,0,0,0,0,0,0.0,30,30.0
5,Michael Markett,109018,WR,DRAKE,1,100.0,1,1,10.0,3.2,0,0,0.0,0.0,0,0,0,100.0,1,1,0,153,62.4,53.4,72.6,,0,0,1,0,,39.6,0.0,0,0,0,0,0,0,0.0,0,0.0
5,Randal Moore,151342,QB,NAUSTA,1,42.9,14,16,7.6,3.13,0,0,0.0,37.5,6,0,12,0.0,22,0,2,1453,68.0,37.6,37.5,57.0,0,0,23,0,41.7,46.4,22.7,5,1,0,2,0,0,0.0,50,3.1
5,Isaiah Francis,156020,QB,NAUSTA,1,20.0,5,5,8.0,3.25,0,0,0.0,0.0,0,0,4,100.0,8,1,0,1453,67.2,25.2,24.6,56.4,0,0,8,0,75.0,39.6,37.5,3,0,0,0,0,2,25.0,0,0.0
5,Kierre Huey-Cazenave,151316,HB,NAUSTA,1,0.0,1,1,26.0,3.6,0,0,0.0,0.0,0,0,1,,1,0,0,1453,68.3,53.6,27.6,56.9,0,1,1,0,0.0,0.0,0.0,0,0,0,0,0,1,100.0,0,0.0
week,player,player_id,position,team_name,player_game_count,accuracy_percent,aimed_passes,attempts,avg_depth_of_target,avg_time_to_throw,bats,big_time_throws,btt_rate,completion_percent,completions,declined_penalties,def_gen_pressures,drop_rate,dropbacks,drops,first_downs,franchise_id,grades_hands_fumble,grades_offense,grades_pass,grades_run,hit_as_threw,interceptions,passing_snaps,penalties,pressure_to_sack_rate,qb_rating,sack_percent,sacks,scrambles,spikes,thrown_aways,touchdowns,turnover_worthy_plays,twp_rate,yards,ypa
6,Brennan Armstrong,77696,QB,VIRGINIA,1,73.3,60,61,10.1,2.58,0,1,1.6,65.6,40,0,14,9.1,66,4,25,335,71.0,87.3,82.6,79.2,0,2,69,0,35.7,92.7,7.6,5,0,1,0,3,1,1.4,487,8.0
6,Bailey Zappe,60396,QB,W KENTUCKY,1,83.3,54,60,8.6,2.66,3,6,9.5,63.3,38,0,8,15.6,65,7,27,346,71.0,76.3,79.6,47.4,1,1,69,0,25.0,112.0,3.1,2,3,0,2,5,3,4.3,523,8.7
6,Seth Henigan,144267,QB,MEMPHIS,1,69.2,52,57,11.3,2.75,0,4,6.6,59.6,34,0,24,5.6,66,2,26,218,45.6,79.6,76.6,69.7,2,2,70,0,12.5,82.7,4.5,3,6,0,3,2,4,5.7,463,8.1
6,Kedon Slovis,100580,QB,USC,1,77.1,48,53,8.4,2.6,2,4,7.3,62.3,33,0,16,10.8,55,4,22,326,70.1,86.4,85.2,,1,1,57,0,12.5,90.2,3.6,2,0,0,2,2,2,3.5,401,7.6
6,Bryce Young,123943,QB,ALABAMA,1,77.3,44,48,8.3,2.78,0,3,6.0,58.3,28,0,19,17.6,56,6,19,103,70.1,84.2,82.3,66.4,2,1,58,0,21.1,94.9,7.1,4,3,0,2,3,1,1.7,369,7.7
6,Jayden de Laura,131928,QB,WASH STATE,1,75.6,45,46,8.3,2.75,0,1,2.2,69.6,32,0,7,5.9,47,2,17,341,69.9,77.9,77.0,60.0,0,1,47,0,14.3,108.9,2.1,1,0,0,1,3,1,2.1,399,8.7
6,Tanner McKee,131770,QB,STANFORD,1,72.7,44,46,9.1,2.44,0,5,10.2,60.9,28,0,10,12.5,51,4,17,300,70.3,75.9,75.4,59.5,0,3,54,0,50.0,65.5,9.8,5,0,0,2,1,3,5.6,360,7.8
6,Grant Wells,97784,QB,MARSHALL,1,75.0,44,46,10.3,2.71,0,7,13.5,65.2,30,0,13,9.1,51,3,14,214,70.8,85.4,85.4,59.1,0,2,57,0,23.1,79.9,5.9,3,1,0,2,2,0,0.0,299,6.5
6,Kyle Vantrease,55029,QB,BUFFALO,1,61.9,42,44,12.3,2.64,1,1,2.1,54.5,24,0,14,7.7,48,2,15,126,70.9,74.7,65.5,86.7,1,2,52,0,14.3,58.5,4.2,2,2,0,0,1,0,0.0,236,5.4
6,Ken Seals,124359,QB,VANDERBILT,1,61.0,41,44,6.7,2.28,0,1,2.2,52.3,23,0,22,8.0,46,2,9,333,69.9,55.8,56.2,60.0,0,2,47,1,9.1,45.6,4.3,2,0,0,3,0,2,4.3,200,4.5
6,Chase Cunningham,78533,QB,MIDDLE TN,1,63.2,38,42,9.6,2.74,0,3,6.8,52.4,22,0,20,8.3,46,2,10,224,31.6,52.7,50.9,62.6,1,1,48,0,15.0,74.5,6.5,3,1,0,3,2,2,4.2,230,5.5
6,Henry Colombi,60583,QB,TEXAS TECH,1,66.7,36,41,11.4,2.84,3,1,2.3,56.1,23,0,15,4.2,45,1,15,315,70.3,71.1,73.2,54.6,1,1,47,0,6.7,73.6,2.2,1,3,0,1,0,0,0.0,344,8.4
6,Bo Nix,97790,QB,AUBURN,1,84.4,32,39,6.3,3.13,0,3,7.7,53.8,21,0,17,22.2,46,6,10,115,38.3,76.3,78.4,57.1,1,1,46,1,17.6,59.5,6.5,3,3,0,6,0,2,4.3,217,5.6
6,Tanner Mordecai,77656,QB,SMU,1,81.6,38,39,8.0,2.81,0,3,7.7,74.4,29,0,5,6.5,42,2,14,287,38.5,76.4,76.8,59.8,0,1,42,0,20.0,104.9,2.4,1,1,0,1,2,2,4.8,322,8.3
6,Max Johnson,124099,QB,LSU,1,67.6,37,39,14.0,2.88,1,2,5.0,56.4,22,0,14,12.0,43,3,11,211,33.7,58.3,60.1,57.0,0,0,44,1,21.4,85.5,7.0,3,1,0,1,1,3,6.8,261,6.7
6,Taulia Tagovailoa,97271,QB,MARYLAND,1,80.6,36,39,4.3,2.81,1,0,0.0,71.8,28,0,17,3.4,46,1,15,215,23.6,57.4,57.9,55.4,0,2,48,0,29.4,87.4,10.9,5,1,0,2,2,2,4.2,279,7.2
6,AJ Mayer,63860,QB,MIAMI OH,1,45.7,35,39,16.6,2.56,3,1,2.5,41.0,16,0,11,0.0,43,0,14,221,71.2,59.5,57.1,64.2,1,0,44,0,27.3,63.9,7.0,3,1,0,0,0,0,0.0,259,6.6
6,Cade McNamara,101620,QB,MICHIGAN,1,64.7,34,38,9.4,2.46,2,0,0.0,57.9,22,0,11,0.0,39,0,12,222,70.4,55.5,55.2,56.8,0,1,42,0,9.1,67.3,2.6,1,0,0,2,0,0,0.0,255,6.7
6,Frank Harris,60586,QB,UTSA,1,86.5,37,38,9.8,2.44,0,6,14.3,73.7,28,0,7,12.5,42,4,15,331,42.7,91.6,91.8,62.6,0,1,46,0,0.0,130.4,0.0,0,4,0,1,6,1,2.2,349,9.2
6,Clayton Tune,77652,QB,HOUSTON,1,70.6,34,36,9.5,2.57,0,2,5.3,63.9,23,0,18,4.2,39,1,14,182,69.1,74.1,73.1,,0,0,41,0,11.1,116.4,5.1,2,0,0,2,3,1,2.4,288,8.0
6,Gunnar Watson,83570,QB,TROY,1,84.4,32,36,5.0,2.41,0,2,5.4,66.7,24,0,14,11.1,41,3,11,318,28.9,62.5,61.6,60.0,2,0,42,0,35.7,107.4,12.2,5,0,0,2,2,1,2.4,270,7.5
6,Dustin Crum,60418,QB,KENT STATE,1,73.5,34,36,15.2,2.36,1,3,7.3,61.1,22,0,8,12.0,39,3,16,201,73.8,87.2,79.9,77.3,0,0,44,0,12.5,128.1,2.6,1,2,0,1,3,0,0.0,409,11.4
6,Casey Thompson,77677,QB,TEXAS,1,70.0,30,35,13.3,2.71,0,4,11.1,57.1,20,0,14,4.8,39,1,14,311,69.0,85.5,86.4,57.3,2,0,40,1,21.4,135.5,7.7,3,1,0,3,5,0,0.0,388,11.1
6,KJ Jefferson,99129,QB,ARKANSAS,1,76.5,34,35,13.1,3.24,0,2,5.6,71.4,25,0,9,3.8,37,1,17,111,75.1,88.6,81.4,76.9,0,1,38,0,11.1,117.1,2.7,1,1,0,1,3,0,0.0,326,9.3
6,Matt McDonald,60350,QB,BOWL GREEN,1,76.5,34,35,10.2,2.78,0,4,11.4,60.0,21,0,11,19.2,40,5,12,122,33.4,73.0,71.3,63.9,0,3,40,0,36.4,66.0,10.0,4,1,1,0,2,3,7.5,257,7.3
6,Mikey Keene,70961,QB,UCF,1,78.8,33,35,8.0,2.75,0,2,5.7,65.7,23,0,9,11.5,40,3,8,323,69.0,63.3,67.3,47.8,0,1,40,0,22.2,68.0,5.0,2,3,0,2,0,1,2.5,194,5.5
6,Connor Bazelak,99135,QB,MISSOURI,1,71.0,31,34,8.0,2.28,0,1,2.6,64.7,22,0,11,0.0,35,0,9,229,69.8,78.5,78.1,59.7,0,0,39,0,9.1,96.2,2.9,1,0,1,2,2,0,0.0,168,4.9
6,Kaleb Eleby,77686,QB,W MICHIGAN,1,70.0,30,33,10.4,2.9,1,0,0.0,57.6,19,0,13,9.5,42,2,14,347,17.4,48.0,65.2,27.2,0,2,42,1,30.8,57.3,9.5,4,5,0,2,0,2,4.8,257,7.8
6,Luke Doty,124230,QB,S CAROLINA,1,71.9,32,33,4.9,2.73,0,0,0.0,63.6,21,0,11,8.7,42,2,10,289,69.3,61.9,65.4,51.7,1,0,45,0,36.4,80.0,9.5,4,5,0,0,0,0,0.0,197,6.0
6,C.J. Stroud,129759,QB,OHIO STATE,1,81.3,32,33,14.3,2.81,0,3,9.1,72.7,24,0,7,7.7,35,2,20,260,69.1,90.8,91.5,53.4,0,0,35,0,0.0,153.5,0.0,0,2,0,1,5,0,0.0,406,12.3
6,Sam Hartman,77618,QB,WAKE,1,65.6,32,32,15.0,3.35,0,1,2.8,59.4,19,0,9,9.5,39,2,15,339,70.5,72.8,72.5,58.9,0,1,44,0,33.3,112.8,7.7,3,4,0,0,3,2,4.5,330,10.3
6,Sam Howell,97599,QB,N CAROLINA,1,66.7,30,32,14.2,2.97,0,2,5.9,53.1,17,0,14,15.0,40,3,12,245,70.5,85.8,71.8,87.2,0,1,44,0,7.1,80.6,2.5,1,7,0,2,2,1,2.3,203,6.3
6,Carson Strong,83524,QB,NEVADA,1,80.6,31,32,5.2,2.19,0,0,0.0,78.1,25,0,7,0.0,34,0,18,239,68.8,66.5,65.9,,0,1,37,0,28.6,142.3,5.9,2,0,0,1,6,1,2.7,377,11.8
6,Holton Ahlers,77651,QB,E CAROLINA,1,72.4,29,32,7.8,2.56,1,0,0.0,62.5,20,0,15,4.8,36,1,10,156,70.5,71.2,62.6,77.2,1,1,36,0,20.0,80.2,8.3,3,1,0,1,1,1,2.8,220,6.9
6,Ben Bryant,77655,QB,E MICHIGAN,1,73.3,30,31,8.8,2.37,0,2,6.3,67.7,21,0,15,4.5,38,1,11,160,70.7,64.9,66.7,60.8,1,1,39,1,40.0,83.5,15.8,6,1,0,0,1,2,5.1,206,6.6
6,Zach Calzada,98006,QB,TEXAS A&M,1,73.3,30,31,10.3,2.79,0,2,5.7,67.7,21,0,14,4.5,33,1,15,312,68.8,86.6,86.4,60.6,0,1,37,0,0.0,115.7,0.0,0,2,0,1,3,0,0.0,285,9.2
6,Jarret Doege,60353,QB,W VIRGINIA,1,74.1,27,31,7.5,2.79,1,1,3.1,64.5,20,0,14,0.0,37,0,11,343,69.4,69.3,69.5,59.3,0,1,39,0,35.7,85.0,13.5,5,1,0,3,1,0,0.0,237,7.6
6,Noah Vedral,55406,QB,RUTGERS,1,70.4,27,31,10.3,2.92,0,2,6.1,51.6,16,0,16,15.8,38,3,9,278,40.6,71.1,70.2,63.4,1,0,41,0,25.0,73.1,10.5,4,2,0,3,0,1,2.4,208,6.7
6,Jake Lange,121467,QB,SO MISS,1,69.0,29,31,7.6,2.52,2,0,0.0,64.5,20,0,13,0.0,38,0,11,296,70.0,41.2,43.2,53.9,0,1,42,1,38.5,96.0,13.2,5,2,0,0,2,2,4.8,239,7.7
6,Spencer Petras,82136,QB,IOWA,1,72.0,25,31,6.3,2.81,0,1,3.1,54.8,17,0,14,5.6,37,1,9,192,71.0,68.9,66.8,63.9,1,1,38,0,28.6,82.1,10.8,4,2,0,5,2,0,0.0,195,6.3
6,Michael Pratt,123229,QB,TULANE,1,81.5,27,30,4.4,2.52,0,0,0.0,66.7,20,0,17,9.1,41,2,10,319,40.1,51.5,52.3,49.5,1,0,44,0,47.1,109.6,19.5,8,3,0,2,2,2,4.5,214,7.1
6,Max Bortenschlager,46500,QB,FIU,1,78.6,28,30,11.5,2.64,1,2,6.7,63.3,19,0,15,13.6,37,3,15,166,30.4,64.7,66.5,53.6,1,1,37,0,33.3,132.6,13.5,5,2,0,0,4,2,5.4,466,15.5
6,Desmond Ridder,55086,QB,CINCINNATI,1,76.7,30,30,8.2,2.38,0,0,0.0,73.3,22,0,4,4.3,31,1,12,138,69.3,69.7,68.8,61.2,0,0,31,0,25.0,132.5,3.2,1,0,0,0,3,1,3.2,259,8.6
6,Braxton Burmeister,60513,QB,VA TECH,1,73.9,23,30,8.5,3.19,0,2,6.3,50.0,15,0,14,11.8,35,2,13,337,70.6,77.5,71.7,72.2,0,1,37,0,7.1,55.4,2.9,1,4,0,7,0,1,2.7,184,6.1
6,Layne Hatcher,82068,QB,ARK STATE,1,64.3,28,30,12.3,2.69,0,2,6.3,43.3,13,0,6,27.8,32,5,8,113,68.5,85.1,85.9,57.3,0,1,34,0,16.7,72.2,3.1,1,1,0,2,2,0,0.0,185,6.2
6,Daniel Richardson,97103,QB,C MICHIGAN,1,60.7,28,30,15.9,2.8,0,5,15.6,53.3,16,0,12,5.9,33,1,11,134,69.1,69.7,71.6,53.4,1,2,35,0,8.3,65.6,3.0,1,2,0,1,1,3,8.6,257,8.6
6,Jordan McCloud,101058,QB,ARIZONA,1,95.8,24,30,3.9,2.56,0,0,0.0,70.0,21,0,10,8.7,35,2,10,109,37.2,71.9,67.4,71.1,0,0,40,0,20.0,85.7,5.7,2,2,0,6,0,1,2.5,182,6.1
6,Hank Bachmeier,101284,QB,BOISE ST,1,73.1,26,30,6.8,2.91,0,2,6.1,60.0,18,0,9,5.3,32,1,9,120,34.2,65.3,69.0,50.4,0,0,35,1,0.0,76.0,0.0,0,2,0,4,0,0,0.0,172,5.7
6,Sean Chambers,75888,QB,WYOMING,1,44.0,25,29,14.0,3.14,2,1,3.4,37.9,11,0,14,0.0,35,0,11,351,22.2,50.1,54.8,55.3,1,0,36,2,21.4,65.7,8.6,3,3,0,1,1,3,8.3,143,4.9
6,Brady McBride,77641,QB,TEXAS ST,1,76.0,25,29,9.2,3.87,0,4,10.8,62.1,18,0,9,5.3,38,1,11,314,72.4,71.3,68.6,65.8,0,3,47,0,33.3,64.8,7.9,3,6,0,4,2,2,4.3,192,6.6
6,Gunnar Holmberg,77625,QB,DUKE,1,78.6,28,29,10.0,2.43,0,1,3.3,75.9,22,0,6,0.0,31,0,15,154,72.0,63.6,66.5,54.5,0,1,33,0,16.7,115.9,3.2,1,1,0,1,2,1,3.0,292,10.1
6,Gerry Bohanon,77636,QB,BAYLOR,1,78.6,28,29,9.9,2.4,1,3,10.0,62.1,18,0,1,18.2,29,4,13,118,71.1,82.2,83.3,62.1,0,0,30,0,0.0,141.7,0.0,0,0,0,0,4,0,0.0,336,11.6
6,Cameron Rising,77663,QB,UTAH,1,92.3,26,28,10.0,2.28,0,3,10.0,78.6,22,0,5,8.3,30,2,14,328,33.6,87.0,91.2,48.6,1,0,32,0,40.0,147.9,6.7,2,0,0,1,3,0,0.0,306,10.9
6,Chris Reynolds,60361,QB,CHARLOTTE,1,89.3,28,28,7.5,2.77,0,2,6.7,78.6,22,0,8,12.0,33,3,15,136,22.0,84.8,88.8,57.5,0,0,35,0,25.0,135.9,6.1,2,3,0,0,4,1,2.9,199,7.1
6,Adrian Martinez,83522,QB,NEBRASKA,1,75.0,24,28,8.7,2.74,1,3,9.7,64.3,18,0,11,0.0,30,0,13,238,35.3,64.9,62.4,63.7,1,1,34,0,9.1,119.8,3.3,1,1,0,2,3,2,5.9,291,10.4
6,Malik Cunningham,60436,QB,LOUISVILLE,1,75.0,24,27,12.7,2.41,0,2,6.9,63.0,17,0,6,5.6,29,1,13,210,70.3,87.0,89.3,60.5,0,0,31,0,0.0,110.1,0.0,0,2,3,0,1,0,0.0,280,10.4
6,Payton Thorne,101629,QB,MICH STATE,1,75.0,24,27,11.9,2.77,0,5,17.9,59.3,16,0,6,11.1,27,2,10,223,69.1,91.2,91.3,65.9,0,1,28,1,0.0,125.2,0.0,0,0,0,3,3,0,0.0,339,12.6
6,D'Wan Mathis,99130,QB,TEMPLE,1,77.3,22,27,6.0,2.92,0,0,0.0,59.3,16,0,21,5.9,35,1,8,306,70.0,54.4,56.6,58.0,1,1,35,1,19.0,54.6,11.4,4,4,0,4,0,1,2.9,120,4.4
6,Artur Sitkowski,83547,QB,ILLINOIS,1,36.0,25,27,9.9,2.83,0,0,0.0,29.6,8,0,6,11.1,27,1,3,187,68.3,32.2,32.2,,0,0,31,0,0.0,39.6,0.0,0,0,0,2,0,4,12.9,55,2.0
6,Garrett Shrader,98212,QB,SYRACUSE,1,68.0,25,27,12.2,3.34,0,0,0.0,55.6,15,0,18,11.8,40,2,13,304,74.6,77.1,53.8,85.1,0,0,42,0,27.8,97.8,12.5,5,8,0,2,2,1,2.4,160,5.9
6,Austin Aune,83528,QB,N TEXAS,1,69.6,23,26,11.1,2.81,1,0,0.0,61.5,16,0,12,0.0,32,0,9,251,40.5,61.4,65.5,54.7,1,2,33,0,25.0,108.7,9.4,3,3,0,1,4,1,3.0,298,11.5
6,Jake Bentley,40788,QB,S ALABAMA,1,80.8,26,26,7.2,2.57,0,1,3.3,73.1,19,0,6,9.5,29,2,11,288,69.0,70.1,69.1,61.1,0,1,33,0,16.7,102.4,3.4,1,2,0,0,2,2,6.1,186,7.2
6,Sean Clifford,51708,QB,PENN STATE,1,71.4,21,25,5.9,2.77,1,0,0.0,60.0,15,0,8,0.0,27,0,11,266,68.6,56.8,49.5,72.7,0,2,28,0,0.0,43.1,0.0,0,2,0,3,0,2,7.1,146,5.8
6,Jeff Sims,122496,QB,GA TECH,1,54.5,22,25,16.0,3.49,1,3,11.5,48.0,12,0,11,0.0,30,0,9,176,71.6,73.8,62.6,77.2,0,2,31,0,9.1,97.8,3.3,1,4,0,2,3,2,6.5,297,11.9
6,Chance Nolan,78493,QB,OREGON ST,1,58.3,24,25,11.5,3.22,0,2,7.4,44.0,11,0,14,21.4,29,3,8,265,70.7,60.2,52.4,70.5,1,2,31,0,7.1,31.3,3.4,1,3,0,0,0,1,3.2,155,6.2
6,Devin Grainger,78496,QB,GA STATE,1,80.0,25,25,12.4,2.22,0,3,10.7,72.0,18,0,4,10.0,25,2,11,175,73.3,91.3,90.2,75.0,0,0,28,0,0.0,140.0,0.0,0,0,0,0,4,1,3.6,230,9.2
6,Terry Wilson,40709,QB,NEW MEXICO,1,60.9,23,25,9.7,2.77,0,3,11.1,52.0,13,0,13,7.1,33,1,4,241,31.9,32.5,39.9,46.1,0,1,35,1,30.8,49.4,12.1,4,3,0,2,0,4,11.4,124,5.0
6,Drew Plitt,39879,QB,BALL ST,1,60.0,25,25,16.1,2.3,0,3,11.5,60.0,15,0,10,0.0,28,0,15,117,29.1,71.0,74.5,54.6,0,0,30,0,10.0,143.3,3.6,1,2,0,0,4,1,3.3,310,12.4
6,N'Kosi Perry,60446,QB,FAU,1,66.7,24,25,10.6,3.08,0,3,10.7,64.0,16,0,18,0.0,32,0,9,165,34.6,49.4,44.6,63.0,0,3,35,0,22.2,61.3,12.5,4,3,0,1,1,5,14.3,193,7.7
6,Caleb Williams,144622,QB,OKLAHOMA,1,70.8,24,25,12.0,3.1,0,1,4.0,64.0,16,0,10,5.9,25,1,8,261,69.9,91.0,79.0,91.1,1,0,26,0,0.0,117.4,0.0,0,0,0,0,2,1,3.8,212,8.5
6,Rocky Lombardi,60452,QB,N ILLINOIS,1,60.9,23,24,10.1,2.37,0,1,3.6,58.3,14,0,9,0.0,26,0,8,254,37.9,52.2,41.0,70.6,1,1,30,0,11.1,60.1,3.8,1,1,0,0,0,3,10.0,154,6.4
6,Steven Krajewski,77650,QB,UCONN,1,66.7,21,24,6.1,2.43,0,1,4.0,54.2,13,0,8,7.1,28,1,5,146,69.2,48.4,43.8,62.6,2,2,30,0,25.0,48.6,7.1,2,2,0,1,1,2,6.7,128,5.3
6,Dylan Hopkins,83571,QB,UAB,1,68.2,22,24,11.6,2.7,0,2,7.7,54.2,13,0,10,13.3,29,2,9,321,70.7,76.7,77.0,63.9,1,0,31,0,10.0,103.8,3.4,1,4,0,1,2,1,3.2,166,6.9
6,Jordon Brookshire,98678,QB,S DIEGO ST,1,50.0,24,24,12.6,2.61,0,2,7.4,45.8,11,0,7,8.3,26,1,7,284,69.7,68.6,56.3,83.2,0,0,29,0,0.0,62.8,0.0,0,2,0,0,0,1,3.4,130,5.4
6,Todd Centeio,60552,QB,COLO STATE,1,82.6,23,23,8.4,2.53,0,2,8.3,82.6,19,0,5,0.0,27,0,12,144,70.1,87.8,88.3,65.1,0,0,28,0,20.0,123.2,3.7,1,3,0,0,1,1,3.6,232,10.1
6,Jayden Daniels,97993,QB,ARIZONA ST,1,69.6,23,23,10.9,3.34,0,1,4.3,60.9,14,0,9,12.5,32,2,10,110,71.6,66.6,68.1,59.5,0,0,32,1,22.2,84.5,6.3,2,7,0,0,0,0,0.0,175,7.6
6,Hendon Hooker,60593,QB,TENNESSEE,1,90.9,22,23,8.1,2.71,0,2,8.7,73.9,17,0,9,15.0,31,3,10,307,73.3,86.5,87.6,67.8,0,0,31,0,66.7,144.0,19.4,6,2,0,1,3,0,0.0,225,9.8
6,Chandler Rogers,98683,QB,LA MONROE,1,73.9,23,23,12.6,2.23,0,0,0.0,65.2,15,0,10,11.8,30,2,10,209,21.7,64.5,59.7,66.4,0,0,34,0,30.0,123.1,10.0,3,4,0,0,2,3,8.8,208,9.0
6,D.J. Mack Jr.,55405,QB,DOMINION,1,50.0,20,23,18.1,3.16,0,1,4.2,39.1,9,0,16,10.0,28,1,8,263,21.6,39.6,31.6,61.8,0,2,29,1,18.8,32.2,10.7,3,2,0,3,1,3,10.3,106,4.6
6,Grayson McCall,98002,QB,COAST CAR,1,78.3,23,23,9.8,2.59,0,0,0.0,78.3,18,0,7,0.0,25,0,14,141,28.5,72.8,84.7,42.2,0,0,25,0,14.3,158.3,4.0,1,1,0,0,4,0,0.0,365,15.9
6,Nick Nash,98679,QB,S JOSE ST,1,52.4,21,22,10.9,3.13,1,1,4.5,50.0,11,0,9,0.0,26,0,8,285,32.0,56.0,47.6,67.3,0,1,27,0,33.3,84.3,11.5,3,1,0,0,2,2,7.4,154,7.0
6,Emory Jones,82111,QB,FLORIDA,1,71.4,21,22,12.8,3.02,1,0,0.0,63.6,14,0,9,6.7,25,1,11,163,69.1,85.1,82.8,68.3,0,1,28,0,0.0,127.5,0.0,0,3,0,0,4,1,3.6,273,12.4
6,Justin Tomlin,78482,QB,GA SOUTHRN,1,75.0,20,22,9.3,2.83,0,1,3.8,68.2,15,0,11,0.0,25,0,9,174,72.6,58.6,51.0,67.5,1,3,30,0,27.3,59.1,12.0,3,0,0,1,0,2,6.7,210,9.5
6,Brady Olson,147415,QB,UMASS,1,50.0,22,22,10.9,2.32,0,0,0.0,45.5,10,0,7,9.1,23,1,7,216,69.9,46.6,42.3,62.4,0,0,23,0,0.0,70.6,0.0,0,1,0,0,0,1,4.3,162,7.4
6,Matt Corral,83517,QB,OLE MISS,1,75.0,20,21,17.1,2.82,0,4,18.2,66.7,14,0,6,6.7,26,1,10,226,73.0,92.8,91.8,77.9,0,0,28,0,0.0,141.5,0.0,0,4,0,1,2,2,7.1,287,13.7
6,Stetson Bennett,60387,QB,GEORGIA,1,70.0,20,21,12.5,2.59,0,2,9.1,66.7,14,0,4,0.0,23,0,9,173,70.9,79.7,76.5,68.6,0,0,24,0,25.0,135.2,4.3,1,1,0,1,2,0,0.0,231,11.0
6,Davis Brin,77642,QB,TULSA,1,57.1,21,21,11.6,2.68,0,2,9.5,52.4,11,0,3,8.3,24,1,7,320,69.9,50.8,46.6,60.8,0,0,24,0,0.0,113.6,0.0,0,3,0,0,2,2,8.3,182,8.7
6,Ta'Quan Roberson,101625,QB,PENN STATE,1,52.6,19,21,10.0,2.67,0,1,4.8,33.3,7,0,7,30.0,26,3,4,266,30.5,42.8,40.8,55.2,1,2,27,0,14.3,2.8,3.8,1,4,0,1,0,3,11.1,34,1.6
6,Dorian Thompson-Robinson,83574,QB,UCLA,1,64.7,17,19,13.7,2.89,0,2,9.1,42.1,8,0,6,27.3,22,3,9,324,69.5,65.0,53.4,77.2,0,1,25,0,16.7,50.8,4.5,1,2,0,2,1,2,8.0,82,4.3
6,Graham Mertz,97994,QB,WISCONSIN,1,61.1,18,19,11.4,3.0,0,1,5.3,52.6,10,0,4,9.1,20,1,6,349,67.8,71.2,64.9,71.5,0,1,20,0,0.0,45.9,0.0,0,1,0,1,0,1,5.0,100,5.3
6,Dequan Finn,97804,QB,TOLEDO,1,62.5,16,17,10.3,2.54,0,0,0.0,58.8,10,0,11,0.0,18,0,6,316,70.4,59.3,58.5,59.9,0,0,23,0,0.0,135.2,0.0,0,1,0,1,2,0,0.0,183,10.8
6,Gavin Hardison,100827,QB,UTEP,1,50.0,16,17,14.8,2.87,0,2,11.1,41.2,7,0,4,12.5,17,1,5,330,68.3,65.6,64.2,60.1,0,1,18,0,0.0,43.0,0.0,0,0,0,1,0,1,5.6,127,7.5
6,Armani Rogers,40034,QB,OHIO,1,75.0,16,17,10.6,3.03,0,2,10.0,70.6,12,0,13,0.0,22,0,8,259,73.6,75.6,77.5,66.5,0,0,25,1,15.4,105.8,9.1,2,2,0,1,0,0,0.0,183,10.8
6,Will Levis,83542,QB,KENTUCKY,1,87.5,16,17,7.9,2.13,0,1,5.6,82.4,14,0,4,0.0,21,0,7,202,72.1,91.4,90.6,74.4,0,0,22,0,25.0,141.8,4.8,1,3,0,1,3,0,0.0,145,8.5
6,Spencer Rattler,97408,QB,OKLAHOMA,1,61.5,13,15,8.2,3.15,0,1,6.3,53.3,8,0,8,0.0,20,0,5,261,24.3,62.9,61.1,62.1,0,1,21,0,37.5,49.6,15.0,3,2,0,2,0,1,4.8,111,7.4
6,Zach Gibson,100201,QB,AKRON,1,100.0,14,15,6.2,3.02,0,1,6.3,93.3,14,0,7,0.0,18,0,10,102,67.0,92.5,91.8,70.0,0,0,19,0,14.3,155.4,5.6,1,2,0,1,3,0,0.0,177,11.8
6,Tyler Buchner,147472,QB,NOTRE DAME,1,57.1,14,14,10.4,2.38,0,1,6.7,42.9,6,0,2,25.0,15,2,5,258,72.9,67.3,55.0,71.7,0,2,16,0,0.0,55.7,0.0,0,1,0,0,1,3,18.8,113,8.1
6,Carter Bradley,77685,QB,TOLEDO,1,50.0,14,14,13.9,2.11,0,0,0.0,42.9,6,0,6,14.3,14,1,2,316,66.4,38.8,42.1,,0,0,15,1,0.0,52.7,0.0,0,0,0,0,0,1,6.7,50,3.6
6,Jordan Travis,77615,QB,FLORIDA ST,1,91.7,12,13,9.7,3.3,1,1,7.7,84.6,11,0,7,0.0,16,0,8,167,74.0,93.3,90.4,84.1,0,0,16,0,0.0,152.7,0.0,0,3,0,0,3,0,0.0,145,11.2
6,Jack Coan,60613,QB,NOTRE DAME,1,90.0,10,12,6.5,2.47,0,0,0.0,75.0,9,0,5,0.0,15,0,7,258,66.7,78.3,80.8,57.3,0,0,17,0,40.0,129.9,13.3,2,1,0,2,1,0,0.0,108,9.0
6,James Blackman,60382,QB,ARK STATE,1,75.0,12,12,12.6,2.54,0,2,16.7,58.3,7,0,5,22.2,16,2,3,113,21.8,80.8,80.2,,0,0,16,0,60.0,75.0,18.8,3,0,0,0,0,0,0.0,70,5.8
6,Nick Tronti,60409,QB,FAU,1,77.8,9,11,6.6,2.87,0,0,0.0,45.5,5,0,7,28.6,17,2,2,165,23.3,38.3,40.8,52.9,0,0,18,0,57.1,58.1,23.5,4,2,0,2,0,1,5.6,48,4.4
6,Nate Cox,60432,QB,NEVADA,1,80.0,10,11,6.2,2.34,0,1,8.3,63.6,7,0,5,12.5,13,1,4,239,66.2,78.4,74.9,64.2,0,0,14,0,20.0,80.9,7.7,1,1,0,1,0,0,0.0,68,6.2
6,Kato Nelson,40264,QB,AKRON,1,70.0,10,10,11.6,2.8,0,1,9.1,60.0,6,0,8,14.3,16,1,3,102,22.8,66.4,75.0,48.4,0,1,17,0,37.5,50.4,18.8,3,2,0,0,0,0,0.0,91,9.1
6,Max Duggan,99470,QB,TCU,1,80.0,10,10,9.1,3.57,0,1,10.0,80.0,8,0,2,0.0,11,0,6,305,70.5,79.6,75.9,68.3,0,0,11,0,0.0,143.3,0.0,0,1,0,0,1,0,0.0,104,10.4
6,Haaziq Daniels,125263,QB,AIR FORCE,1,70.0,10,10,11.3,2.66,0,2,20.0,70.0,7,0,1,0.0,10,0,6,101,73.4,80.2,86.5,62.5,0,0,10,0,0.0,139.6,0.0,0,0,0,0,1,0,0.0,110,11.0
6,Cole Snyder,97617,QB,RUTGERS,1,62.5,8,9,7.4,2.71,0,1,10.0,55.6,5,0,2,0.0,9,0,2,278,65.4,63.3,63.1,,0,0,10,0,0.0,73.4,0.0,0,0,0,1,0,0,0.0,54,6.0
6,Tai Lavatai,121854,QB,NAVY,1,66.7,6,7,15.2,2.79,1,0,0.0,57.1,4,0,7,0.0,11,0,2,237,76.0,57.8,60.5,56.9,0,0,11,0,42.9,127.4,27.3,3,1,0,0,1,0,0.0,64,9.1
6,Gunner Cruz,100575,QB,ARIZONA,1,66.7,6,7,3.2,3.02,0,0,0.0,57.1,4,0,2,0.0,9,0,1,109,65.1,53.1,55.8,57.3,0,0,9,0,50.0,78.3,11.1,1,1,0,1,0,0,0.0,48,6.9
6,Colby Suits,82143,QB,LA MONROE,1,71.4,7,7,9.6,1.93,0,0,0.0,57.1,4,0,2,20.0,8,1,1,209,64.9,51.1,51.1,,0,1,8,0,50.0,23.8,12.5,1,0,0,0,0,1,12.5,23,3.3
6,Brandon Peters,40416,QB,ILLINOIS,1,75.0,4,7,2.0,2.55,0,0,0.0,42.9,3,0,4,0.0,8,0,0,187,65.1,28.6,28.5,,2,0,9,0,25.0,50.3,12.5,1,0,0,1,0,1,11.1,12,1.7
6,Garrett Greene,123420,QB,W VIRGINIA,1,66.7,6,6,11.0,3.39,0,0,0.0,66.7,4,0,2,0.0,10,0,2,343,69.9,62.8,57.0,63.5,0,0,11,0,50.0,81.9,10.0,1,3,0,0,0,0,0.0,35,5.8
6,Anthony Richardson,124393,QB,FLORIDA,1,80.0,5,6,0.0,2.37,0,0,0.0,66.7,4,0,3,0.0,6,0,0,163,70.4,50.0,33.4,64.5,1,1,6,0,0.0,35.4,0.0,0,0,0,0,0,1,16.7,25,4.2
6,Cam'Ron Ransom,147110,QB,GA SOUTHRN,1,25.0,4,5,16.5,3.21,0,0,0.0,20.0,1,0,3,0.0,7,0,1,174,64.6,62.2,47.0,70.0,0,0,7,0,33.3,39.6,14.3,1,1,0,1,0,1,14.3,9,1.8
6,T.J. Finley,124093,QB,AUBURN,1,60.0,5,5,16.0,2.3,0,1,20.0,60.0,3,0,2,0.0,5,0,2,115,63.8,80.9,80.2,,0,0,5,0,0.0,97.9,0.0,0,0,0,0,0,0,0.0,55,11.0
6,Justin Lynch,144392,QB,TEMPLE,1,75.0,4,5,1.0,2.42,0,0,0.0,40.0,2,0,3,33.3,6,1,1,306,67.0,66.9,54.7,69.2,0,0,6,0,33.3,60.4,16.7,1,0,0,1,0,0,0.0,30,6.0
6,Cornelious Brown IV,98356,QB,GA STATE,1,75.0,4,4,10.0,1.9,0,0,0.0,50.0,2,0,3,33.3,4,1,2,175,66.8,82.3,65.8,77.5,0,0,5,0,0.0,60.4,0.0,0,0,0,0,0,0,0.0,16,4.0
6,Connor Blumrick,60558,QB,VA TECH,1,66.7,3,4,-0.3,2.56,0,0,0.0,50.0,2,0,3,0.0,5,0,0,337,68.9,44.5,31.6,64.2,0,0,6,0,33.3,56.3,20.0,1,0,0,1,0,1,16.7,3,0.8
6,Kyle McCord,145053,QB,OHIO STATE,1,66.7,3,3,13.7,2.68,0,0,0.0,66.7,2,0,1,0.0,4,0,2,260,63.3,67.5,66.9,,0,0,4,0,100.0,93.8,25.0,1,0,0,0,0,0,0.0,26,8.7
6,Clay Millen,146082,QB,NEVADA,1,66.7,3,3,5.7,3.4,0,0,0.0,66.7,2,0,3,0.0,4,0,0,239,15.0,36.7,51.5,47.5,0,0,4,0,33.3,82.6,25.0,1,0,0,0,0,0,0.0,18,6.0
6,Mike Wright Jr.,124366,QB,VANDERBILT,1,100.0,2,2,0.0,3.47,0,0,0.0,100.0,2,0,2,0.0,3,0,1,333,66.4,63.6,60.2,61.9,0,0,3,0,50.0,81.3,33.3,1,0,0,0,0,0,0.0,7,3.5
6,Blake Shapen,122282,QB,BAYLOR,1,100.0,2,2,7.5,2.75,0,0,0.0,100.0,2,0,0,0.0,2,0,1,118,61.8,74.4,73.7,,0,0,2,0,,104.2,0.0,0,0,0,0,0,0,0.0,18,9.0
6,Jack Miller III,129754,QB,OHIO STATE,1,50.0,2,2,13.0,2.15,0,0,0.0,0.0,0,0,0,100.0,2,1,0,260,61.8,59.0,58.7,,0,0,2,0,,39.6,0.0,0,0,0,0,0,0,0.0,0,0.0
6,Bryce Carpenter,82101,QB,COAST CAR,1,100.0,2,2,7.0,2.45,0,0,0.0,100.0,2,0,1,0.0,2,0,1,141,69.6,90.7,72.8,77.5,0,0,2,0,0.0,104.2,0.0,0,0,0,0,0,0,0.0,18,9.0
6,Jarrett Guest,97997,QB,COAST CAR,1,100.0,2,2,0.5,2.3,0,0,0.0,100.0,2,0,0,0.0,2,0,0,141,64.4,60.3,62.7,59.5,0,0,2,1,,83.3,0.0,0,0,0,0,0,0,0.0,8,4.0
6,Jack Salopek,130662,QB,W MICHIGAN,1,0.0,1,2,13.0,2.25,1,0,0.0,0.0,0,0,1,,2,0,0,347,62.7,64.2,63.8,,0,0,3,0,0.0,39.6,0.0,0,0,0,0,0,0,0.0,0,0.0
6,Jiya Wright,77688,QB,LA MONROE,1,100.0,2,2,12.0,3.9,0,0,0.0,50.0,1,0,4,50.0,4,1,3,209,69.7,77.4,67.4,69.7,0,0,4,0,0.0,95.8,0.0,0,2,0,0,1,0,0.0,6,3.0
6,Josh Vann,84414,WR,S CAROLINA,1,100.0,1,1,6.0,4.1,0,0,0.0,100.0,1,0,0,0.0,1,0,1,289,70.3,56.0,53.9,,0,0,1,1,,91.7,0.0,0,0,0,0,0,0,0.0,6,6.0
6,Jamarye Joiner,82071,WR,ARIZONA,1,100.0,1,1,18.0,2.7,0,0,0.0,100.0,1,0,0,0.0,1,0,1,109,60.3,52.7,72.6,,0,0,1,0,,147.9,0.0,0,0,0,0,1,0,0.0,10,10.0
6,Luke Loecher,82041,P,OREGON ST,1,0.0,1,1,30.0,2.1,0,0,0.0,0.0,0,0,0,,1,0,0,265,60.3,54.7,52.1,,0,0,1,0,,39.6,0.0,0,0,0,0,0,0,0.0,0,0.0
6,Isiah Cox,78199,WR,OHIO,1,0.0,1,1,4.0,3.0,0,0,0.0,0.0,0,0,0,,1,0,0,259,61.8,46.6,50.1,,0,0,2,0,,39.6,0.0,0,0,0,0,0,1,50.0,0,0.0
6,Jayshon Jackson,78041,WR,BALL ST,1,0.0,1,1,18.0,2.8,0,0,0.0,0.0,0,0,1,,1,0,0,117,64.6,68.2,47.3,,0,0,1,0,0.0,39.6,0.0,0,0,0,0,0,0,0.0,0,0.0
6,Evan Prater,123576,QB,CINCINNATI,1,100.0,1,1,2.0,3.05,0,0,0.0,100.0,1,0,0,0.0,2,0,0,138,61.8,55.6,60.4,57.0,0,0,2,0,,83.3,0.0,0,1,0,0,0,0,0.0,4,4.0
6,Johnny Langan,77617,TE,RUTGERS,1,100.0,1,1,-3.0,0.7,0,0,0.0,100.0,1,0,0,0.0,1,0,1,278,60.3,53.0,60.4,,0,0,1,0,,122.9,0.0,0,0,0,0,1,0,0.0,4,4.0
6,Jordan Burch,124227,ED,S CAROLINA,1,0.0,1,1,8.0,2.5,0,0,0.0,0.0,0,0,0,,1,0,0,289,60.3,28.6,26.6,,0,1,1,0,,0.0,0.0,0,0,0,0,0,1,100.0,0,0.0
6,Kai Kroeger,124245,P,S CAROLINA,1,100.0,1,1,29.0,2.3,0,0,0.0,100.0,1,0,0,0.0,1,0,1,289,60.3,71.9,78.3,,0,0,1,0,,158.3,0.0,0,0,0,0,1,0,0.0,44,44.0
6,Hayden Wolff,98362,QB,DOMINION,1,100.0,1,1,0.0,1.6,0,0,0.0,100.0,1,0,0,0.0,1,0,0,263,60.3,60.8,60.6,,0,0,1,0,,79.2,0.0,0,0,0,0,0,0,0.0,0,0.0
6,Zamar Wise,128106,QB,UMASS,1,100.0,1,1,-5.0,1.3,0,0,0.0,100.0,1,0,0,0.0,1,0,0,216,73.4,83.1,61.0,74.6,0,0,1,0,,79.2,0.0,0,0,0,0,0,0,0.0,-2,-2.0
6,Joshua Cephus,98095,WR,UTSA,1,100.0,1,1,-6.0,3.2,0,0,0.0,100.0,1,0,0,0.0,1,0,1,331,68.2,66.9,61.0,59.5,0,0,1,0,,158.3,0.0,0,0,0,0,1,0,0.0,23,23.0
6,Shae Wyatt,144440,WR,TULANE,1,0.0,1,1,5.0,3.5,0,0,0.0,0.0,0,0,0,,1,0,0,319,65.9,59.6,57.7,,0,0,1,0,,39.6,0.0,0,0,0,0,0,0,0.0,0,0.0
6,Lucas Johnson,40551,QB,S DIEGO ST,1,100.0,1,1,-5.0,3.45,0,0,0.0,100.0,1,0,1,0.0,2,0,0,284,61.8,55.0,60.6,57.0,0,0,2,0,0.0,79.2,0.0,0,1,0,0,0,0,0.0,3,3.0
6,J.J. McCarthy,144918,QB,MICHIGAN,1,100.0,1,1,2.0,1.6,0,0,0.0,0.0,0,0,0,100.0,1,1,0,222,67.5,86.2,60.4,75.6,0,0,1,0,,39.6,0.0,0,0,0,0,0,0,0.0,0,0.0
6,CJ Montes,146114,QB,NEW MEXICO,1,0.0,1,1,11.0,5.05,0,0,0.0,0.0,0,0,1,,2,0,0,241,61.8,39.0,38.2,,0,0,2,0,100.0,39.6,50.0,1,0,0,0,0,0,0.0,0,0.0
6,Vontravious Hall,83526,QB,NEW MEXICO,1,100.0,1,1,-3.0,3.2,0,0,0.0,0.0,0,0,0,100.0,1,1,0,241,64.6,61.5,60.4,,0,0,1,0,,39.6,0.0,0,0,0,0,0,0,0.0,0,0.0
6,Ren Hefley,101621,QB,PRESBYTERN,1,65.0,80,81,8.2,2.6,0,8,8.8,61.7,50,0,21,3.8,89,2,22,271,72.6,52.4,51.0,63.8,0,3,99,1,23.8,83.2,5.6,5,3,0,1,4,7,7.1,557,6.9
6,Connor Sampson,33374,QB,W ILLINOIS,1,78.8,52,59,10.5,3.04,1,5,8.1,61.0,36,0,33,12.2,68,5,24,345,27.5,72.5,70.6,66.2,2,1,73,0,21.2,100.2,10.3,7,2,0,4,4,4,5.5,449,7.6
6,Draylen Ellis,121346,QB,AUSTINPEAY,1,62.7,51,53,13.1,2.5,2,5,9.1,52.8,28,0,10,12.5,57,4,10,116,71.2,68.1,67.9,63.9,0,3,59,1,10.0,42.9,1.8,1,1,0,0,0,3,5.1,259,4.9
6,Romelo Williams,78489,QB,CENT CT ST,1,67.4,46,51,10.8,3.09,3,6,11.5,58.8,30,0,20,3.2,64,1,18,133,27.0,80.1,74.3,77.7,0,0,65,0,45.0,94.7,14.1,9,4,0,2,3,4,6.2,294,5.8
6,Jason Shelley,60581,QB,MO STATE,1,69.6,46,49,11.9,2.99,2,1,2.0,55.1,27,0,19,15.6,59,5,24,230,70.9,87.7,80.0,83.0,0,2,61,0,21.1,89.2,6.8,4,6,1,0,4,2,3.3,365,7.4
6,Davius Richard,109077,QB,NC CENT,1,75.6,45,48,6.4,2.58,0,4,8.0,66.7,32,0,19,5.9,57,2,17,247,42.0,71.0,70.1,63.0,1,0,59,0,15.8,98.7,5.3,3,6,0,2,2,1,1.7,313,6.5
6,Trae Self,103962,QB,STF AUSTIN,1,64.4,45,48,7.6,2.44,1,0,0.0,54.2,26,0,14,10.3,51,3,14,301,70.8,57.7,56.1,61.2,0,2,51,0,14.3,70.2,3.9,2,1,0,2,2,1,2.0,305,6.4
6,Davis Alexander,52162,QB,PORTLAND,1,77.8,45,48,12.8,2.46,2,6,11.8,66.7,32,0,16,8.6,55,3,21,269,26.2,55.2,58.4,49.6,0,0,58,1,6.3,122.2,1.8,1,5,1,0,4,4,6.9,424,8.8
6,Mark Pappas,109046,QB,MOREHEAD,1,61.7,47,47,8.1,2.28,0,2,4.3,57.4,27,0,17,6.9,51,2,16,234,70.1,63.9,58.6,74.8,0,1,51,0,5.9,83.1,2.0,1,3,0,0,2,0,0.0,314,6.7
6,Nic Baker,87541,QB,S ILLINOIS,1,70.7,41,46,9.9,2.96,1,3,6.4,63.0,29,0,20,0.0,56,0,15,295,41.7,81.5,86.5,56.6,1,0,57,0,10.0,116.5,3.6,2,8,0,3,4,1,1.8,363,7.9
6,Zevi Eckhaus,148535,QB,BRYANT,1,68.3,41,44,11.9,2.64,2,3,6.3,56.8,25,0,21,10.7,47,3,15,124,69.7,77.8,77.1,60.6,1,0,51,0,4.8,94.0,2.1,1,2,0,0,2,0,0.0,311,7.1
6,Jack Chambers,60359,QB,CHARLES SO,1,58.5,41,43,9.0,3.2,0,3,6.5,48.8,21,0,25,12.5,54,3,14,135,25.9,56.8,54.0,63.2,2,1,57,0,8.0,79.0,3.7,2,8,0,0,2,5,8.8,314,7.3
6,John Seter,60388,QB,STETSON,1,65.9,41,42,6.8,2.67,1,0,0.0,59.5,25,0,16,7.4,49,2,13,302,69.7,48.3,48.4,55.5,0,1,51,0,25.0,66.5,8.2,4,3,0,0,0,1,2.0,249,5.9
6,George Martin,103959,QB,ROB MORRIS,1,73.8,42,42,9.0,2.54,0,3,7.0,69.0,29,0,15,6.5,48,2,16,277,38.3,67.3,68.9,53.3,0,1,49,0,26.7,95.1,8.3,4,2,0,0,2,1,2.0,298,7.1
6,Griffin O'Connor,109073,QB,YALE,1,78.9,38,42,7.9,2.65,2,0,0.0,66.7,28,0,11,6.7,43,2,13,352,69.7,63.3,61.1,64.2,1,0,43,0,0.0,84.8,0.0,0,1,0,1,1,0,0.0,194,4.6
6,Richie Kenney,91723,QB,CORNELL,1,59.0,39,42,10.9,2.45,1,1,2.4,47.6,20,0,13,13.0,47,3,11,147,69.9,49.1,49.1,56.7,0,0,47,0,23.1,61.2,6.4,3,2,0,2,0,1,2.1,196,4.7
6,Eric Barriere,40109,QB,E WASHGTON,1,87.8,41,41,7.8,2.55,0,4,9.1,78.0,32,0,17,11.1,44,4,24,161,69.9,93.2,92.7,65.5,0,1,47,0,11.8,116.2,4.5,2,1,0,0,3,0,0.0,347,8.5
6,Cole Smith,109050,QB,PRINCETON,1,71.8,39,41,9.7,2.4,0,1,2.2,65.9,27,0,11,3.6,48,1,13,272,70.2,57.5,55.5,65.7,1,1,52,0,45.5,75.4,10.4,5,2,1,0,0,2,3.8,281,6.9
6,Wiley Hartley,122297,QB,CAMPBELL,1,74.4,39,41,8.3,2.44,0,4,9.3,63.4,26,0,14,10.3,47,3,14,131,25.7,77.9,82.9,64.1,0,0,49,0,0.0,98.2,0.0,0,4,0,2,2,1,2.0,266,6.5
6,Darius Perrantes,103934,QB,DUQUESNE,1,73.2,41,41,9.1,2.64,0,3,6.3,70.7,29,0,10,3.3,46,1,16,155,70.6,72.8,70.5,63.2,0,1,53,0,0.0,107.4,0.0,0,5,0,0,3,1,1.9,316,7.7
6,Aqeel Glass,60328,QB,ALAB A&M,1,71.1,38,40,6.9,2.41,0,2,4.3,65.0,26,0,15,3.7,51,1,16,104,25.2,66.9,68.6,57.3,1,0,59,1,66.7,102.8,19.6,10,1,0,1,2,2,3.4,287,7.2
6,Seth Morgan,103954,QB,VA MILT IN,1,75.7,37,40,6.9,2.01,2,0,0.0,70.0,28,0,7,0.0,45,0,14,336,71.0,77.9,79.2,59.1,0,0,48,0,42.9,113.9,6.7,3,2,0,1,3,0,0.0,273,6.8
6,Cole Johnson,29785,QB,JAMES MAD,1,70.3,37,40,7.8,2.27,0,2,4.9,60.0,24,0,12,7.7,44,2,13,197,72.0,76.8,75.7,64.4,1,0,45,0,25.0,70.2,6.8,3,1,0,2,0,0,0.0,174,4.4
6,E.J. Perry,60349,QB,BROWN,1,71.8,39,39,8.1,2.49,0,1,2.4,69.2,27,0,6,3.6,41,1,17,123,37.9,71.8,73.2,57.7,0,1,43,0,0.0,103.8,0.0,0,2,0,0,2,2,4.7,352,9.0
6,Lindsey Scott Jr.,40219,QB,NICHOLLS,1,67.6,37,39,14.4,3.12,0,3,7.3,56.4,22,0,14,12.0,47,3,19,243,72.4,87.0,78.7,78.6,0,2,49,0,7.1,85.2,2.1,1,7,0,2,3,2,4.1,298,7.6
6,Cole Kelley,39945,QB,SE LA,1,84.2,38,38,7.6,2.54,0,1,2.6,76.3,29,0,14,9.4,44,3,23,294,53.1,90.3,85.2,76.5,0,1,44,0,14.3,138.8,4.5,2,4,0,0,5,0,0.0,406,10.7
6,Davis Cheek,55146,QB,ELON,1,86.1,36,37,7.8,2.74,0,2,5.3,78.4,29,0,17,6.5,40,2,18,162,71.5,90.9,90.8,66.8,0,0,41,0,5.9,130.7,2.5,1,2,0,1,3,1,2.4,329,8.9
6,Tommy Schuster,108954,QB,N DAKOTA,1,76.5,34,37,6.4,2.64,0,0,0.0,64.9,24,0,13,7.7,39,2,12,249,68.9,76.5,82.3,43.6,0,0,39,0,7.7,88.6,2.6,1,1,0,3,1,0,0.0,208,5.6
6,Cole Copeland,63563,QB,CHATTNOOGA,1,63.6,33,35,10.7,2.6,0,1,2.8,51.4,18,0,5,14.3,36,3,9,137,68.8,63.0,61.0,61.7,0,0,37,0,0.0,67.8,0.0,0,1,0,2,0,1,2.7,192,5.5
6,Orion Olivas,155517,QB,HOU BAPT,1,61.3,31,35,9.1,2.6,1,0,0.0,42.9,15,0,15,21.1,37,4,6,183,69.3,58.0,59.6,53.5,0,0,38,1,6.7,67.4,2.7,1,1,0,3,1,1,2.6,169,4.8
6,Andrew Body,155202,QB,TEXAS STHN,1,91.2,34,35,7.6,2.43,0,2,5.4,80.0,28,0,9,9.7,38,3,16,313,73.7,78.9,83.8,59.6,0,0,40,0,11.1,106.3,2.6,1,2,0,1,0,0,0.0,333,9.5
6,Quinton Williams,102366,QB,HOWARD,1,71.9,32,34,11.7,2.82,0,3,8.8,61.8,21,0,9,8.7,39,2,13,184,35.1,87.0,91.1,50.7,0,1,40,0,22.2,103.2,5.1,2,3,0,2,2,1,2.5,345,10.1
6,Justin Miller,103941,QB,SO UTAH,1,58.8,34,34,11.5,2.91,0,1,2.8,55.9,19,0,8,5.0,36,1,9,298,68.9,59.0,59.8,57.3,0,3,38,0,12.5,45.8,2.8,1,1,0,0,1,2,5.3,197,5.8
6,Tony Muskett,142933,QB,MONMOUTH,1,78.1,32,33,7.2,2.08,1,0,0.0,72.7,24,0,6,4.0,36,1,10,231,69.7,62.4,66.6,49.5,0,0,37,0,0.0,107.8,0.0,0,3,0,0,2,0,0.0,197,6.0
6,Tyquell Fields,51615,QB,STNY BROOK,1,77.4,31,33,11.2,2.66,1,1,2.9,60.6,20,0,12,16.7,42,4,14,303,69.7,71.0,68.7,65.3,0,0,44,0,33.3,80.6,9.5,4,5,0,1,0,0,0.0,222,6.7
6,Blake Ellingson,149550,QB,DRAKE,1,62.5,32,33,13.9,3.01,0,1,2.9,57.6,19,0,7,5.0,37,1,12,153,70.7,64.9,67.5,55.1,0,0,39,0,0.0,91.0,0.0,0,4,0,1,1,0,0.0,244,7.4
6,Carlos Davis,139131,QB,W CAROLINA,1,63.3,30,32,10.9,3.3,0,2,5.9,56.3,18,0,21,5.3,41,1,10,344,70.1,61.2,63.3,55.3,1,2,43,0,19.0,61.8,9.8,4,5,0,1,1,2,4.7,219,6.8
6,Derek Robertson,142298,QB,MAINE,1,79.3,29,32,12.3,2.38,2,2,6.1,59.4,19,0,6,17.4,32,4,11,212,68.5,91.0,91.0,,1,0,33,0,0.0,98.8,0.0,0,0,0,0,1,0,0.0,283,8.8
6,Chris Ferguson,40105,QB,TOWSON,1,86.2,29,32,5.8,2.34,0,0,0.0,68.8,22,0,11,12.0,34,3,11,317,69.1,75.9,78.7,53.1,2,0,34,0,0.0,103.1,0.0,0,2,1,0,2,0,0.0,176,5.5
6,Chris Oladokun,40364,QB,S DAK ST,1,77.4,31,31,10.0,2.85,0,1,2.9,74.2,23,0,9,4.2,32,1,14,292,35.9,63.9,71.9,44.4,0,2,35,0,0.0,95.9,0.0,0,1,0,0,1,2,5.7,358,11.5
6,Eric Schmid,66632,QB,SM HOUSTON,1,50.0,28,31,15.6,2.7,0,1,3.1,41.9,13,0,8,7.1,37,1,9,281,33.9,49.7,46.2,63.2,0,2,38,0,25.0,53.0,5.4,2,3,0,3,2,1,2.6,159,5.1
6,Austin Day,106411,QB,MARIST,1,73.3,30,31,9.1,2.65,0,1,2.9,71.0,22,0,19,0.0,37,0,15,213,33.2,63.5,65.6,52.1,0,0,41,0,21.1,119.4,10.8,4,2,0,1,2,2,4.9,273,8.8
6,Theo Day,83515,QB,N IOWA,1,53.6,28,31,16.6,3.26,1,3,8.8,38.7,12,0,24,20.0,41,3,11,255,21.9,68.2,69.2,61.5,1,0,45,1,20.8,79.6,12.2,5,5,0,1,1,3,6.7,257,8.3
6,Devin Black,78526,QB,BETH COOK,1,56.7,30,31,10.2,2.38,0,2,6.5,54.8,17,0,14,0.0,40,0,8,119,70.4,46.0,44.3,58.0,0,1,41,0,21.4,86.9,7.5,3,4,1,0,2,3,7.3,231,7.5
6,Rett Files,91405,QB,N ALABAMA,1,76.7,30,31,7.7,2.34,1,4,10.5,67.7,21,0,15,8.7,35,2,9,389,35.9,72.8,78.7,43.9,0,1,44,0,26.7,105.6,11.4,4,0,0,0,3,0,0.0,210,6.8
6,Kris Brown,105558,QB,MONTANA,1,70.0,30,30,7.3,2.67,0,0,0.0,66.7,20,0,9,4.8,36,1,13,232,21.3,48.2,40.9,68.8,0,1,37,0,44.4,88.3,11.1,4,2,0,0,1,5,13.5,241,8.0
6,Hunter Hays,141593,QB,IDAHO ST,1,60.0,30,30,12.6,2.49,0,2,6.3,53.3,16,0,10,11.1,35,2,13,186,73.1,64.5,68.1,55.6,0,0,37,0,10.0,107.8,2.9,1,4,0,0,2,0,0.0,281,9.4
6,Glendon McDaniel,78483,QB,SOUTHERN U,1,77.8,27,30,5.7,2.28,2,0,0.0,66.7,20,0,9,4.8,34,1,14,297,70.9,71.0,63.0,75.2,0,1,37,0,22.2,72.5,5.9,2,1,1,0,0,1,2.7,207,6.9
6,Kenyon Oblad,83576,QB,DIXIE,1,56.7,30,30,11.3,2.41,0,1,3.0,53.3,16,0,11,5.9,36,1,10,1285,69.3,58.3,59.2,55.4,0,1,39,0,27.3,72.1,8.3,3,3,0,0,1,3,7.7,204,6.8
6,Camden Orth,108965,QB,LIUSHAR,1,76.0,25,30,4.8,2.47,1,0,0.0,60.0,18,0,12,5.3,34,1,6,1298,33.5,63.6,62.4,61.0,2,1,36,0,33.3,55.8,11.8,4,0,1,1,0,1,2.8,127,4.2
6,Derek Kyler,109012,QB,DARTMOUTH,1,74.1,27,29,9.3,2.71,1,2,6.7,65.5,19,0,9,5.0,33,1,8,148,68.5,76.1,79.1,52.3,0,0,34,0,22.2,95.5,6.1,2,2,0,1,1,0,0.0,190,6.6
6,Mason Randall,91728,QB,SAN DIEGO,1,86.2,29,29,6.6,2.01,0,1,3.4,82.8,24,0,7,4.0,29,1,14,283,69.7,91.1,90.6,67.8,0,0,29,0,0.0,138.1,0.0,0,0,0,0,3,0,0.0,257,8.9
6,Jack Cook,109015,QB,DAYTON,1,89.3,28,29,7.6,2.78,0,1,3.4,72.4,21,0,7,16.0,32,4,12,150,68.9,90.6,90.6,64.2,0,1,32,0,14.3,74.4,3.1,1,2,0,1,0,1,3.1,183,6.3
6,Myles Crawley,141731,QB,ALABAMA ST,1,76.9,26,28,10.3,2.5,0,2,6.9,71.4,20,0,12,0.0,28,0,10,105,34.4,75.8,76.7,60.8,0,1,29,0,0.0,128.7,0.0,0,0,0,2,4,1,3.4,285,10.2
6,Joey Carino,142211,QB,ALBANY,1,65.4,26,28,11.3,2.44,0,2,7.1,60.7,17,0,8,0.0,32,0,13,106,23.8,50.6,52.0,53.9,1,0,33,0,25.0,112.8,6.3,2,2,1,0,2,2,6.1,244,8.7
6,Stone Earle,123504,QB,ABILENE CH,1,74.1,27,28,11.2,3.37,0,1,3.6,53.6,15,0,14,25.0,34,5,8,100,70.9,59.0,57.3,67.9,0,1,34,2,21.4,55.2,8.8,3,3,0,1,0,3,8.8,157,5.6
6,Bailey Fisher,88643,QB,GARD-WEBB,1,74.1,27,28,8.0,2.73,0,1,3.6,64.3,18,0,12,10.0,32,2,6,171,68.8,61.1,61.5,57.5,1,1,32,0,33.3,76.3,12.5,4,0,0,0,1,1,3.1,159,5.7
6,Noah Bodden,150881,QB,GRAMBLING,1,38.5,26,27,8.8,2.81,0,1,3.0,37.0,10,0,10,0.0,28,0,6,177,68.5,42.3,41.9,,0,1,34,0,10.0,46.1,3.6,1,0,0,1,1,2,5.9,105,3.9
6,Parker McKinney,82109,QB,E KENTUCKY,1,70.4,27,27,15.1,2.75,0,3,11.1,55.6,15,0,8,21.1,31,4,9,159,71.6,83.3,81.2,68.7,0,1,31,0,12.5,88.8,3.2,1,3,0,0,2,1,3.2,202,7.5
6,Kaleb Fletcher,60499,QB,NWSTATE,1,76.9,26,27,9.3,2.53,1,2,6.5,63.0,17,0,11,15.0,34,3,5,257,33.9,73.7,73.6,61.7,0,0,38,0,36.4,86.5,11.8,4,3,0,0,1,1,2.6,127,4.7
6,Rasean McKay,88321,QB,FL A&M,1,72.0,25,27,10.8,2.41,1,0,0.0,59.3,16,0,8,11.1,30,2,11,164,68.3,54.5,55.3,,0,0,31,1,25.0,94.5,6.7,2,0,0,1,1,1,3.2,199,7.4
6,Dante Perri,143112,QB,LEHIGH,1,43.5,23,27,12.2,3.21,1,0,0.0,25.9,7,0,10,30.0,31,3,5,205,69.9,41.5,46.8,44.7,0,1,32,0,30.0,29.7,9.7,3,1,0,3,0,1,3.1,117,4.3
6,Ben Nimz,109067,QB,VALPO,1,75.0,24,26,10.5,2.37,1,3,10.0,65.4,17,0,9,5.6,28,1,7,332,68.9,67.9,72.7,57.3,0,2,32,2,22.2,66.7,7.1,2,0,0,1,1,1,3.1,183,7.0
6,Skyler Perry,82082,QB,ARKAPB,1,50.0,22,26,10.9,2.61,1,1,3.3,26.9,7,0,12,36.4,31,4,3,112,69.7,57.4,49.0,74.1,2,1,36,0,16.7,23.6,6.5,2,3,0,1,0,1,2.8,43,1.7
6,Daniel Smith,88625,QB,VILLANOVA,1,68.0,25,26,13.8,2.49,1,2,7.1,61.5,16,0,7,5.9,30,1,9,334,72.3,69.9,67.2,65.4,0,0,33,0,28.6,107.5,6.7,2,2,0,0,1,0,0.0,258,9.9
6,Nick Semptimphelter,142984,QB,BUCKNELL,1,70.8,24,25,11.0,2.72,0,2,8.0,56.0,14,0,14,17.6,33,3,4,125,68.5,59.6,66.2,49.0,0,0,34,1,35.7,62.1,15.2,5,3,0,1,0,0,0.0,80,3.2
6,Harry Kirk,143015,QB,COLGATE,1,65.2,23,25,12.0,2.92,1,0,0.0,56.0,14,0,9,6.7,28,1,9,142,29.9,50.7,55.9,47.1,0,0,30,0,11.1,70.8,3.6,1,2,0,1,0,2,6.7,132,5.3
6,Neil Boudreau,44632,QB,MORGAN ST,1,61.9,21,25,9.0,2.8,1,0,0.0,40.0,10,0,14,23.1,29,3,3,235,68.8,38.1,37.0,56.7,0,1,31,0,14.3,31.3,6.9,2,2,0,3,0,3,9.7,71,2.8
6,Westin Elliott,60433,QB,MERRIMACK,1,60.9,23,25,9.2,3.05,1,1,3.7,56.0,14,0,15,0.0,34,0,6,385,30.0,48.7,44.0,66.8,1,1,37,0,46.7,68.8,20.6,7,2,0,0,1,3,8.1,140,5.6
6,Carson Camp,141837,QB,S DAKOTA,1,81.8,22,24,7.8,2.83,1,1,4.2,70.8,17,0,9,5.6,31,1,12,291,70.3,68.0,71.9,54.7,0,0,32,0,33.3,120.8,9.7,3,4,0,1,2,1,3.1,184,7.7
6,Tim Demorat,78498,QB,FORDHAM,1,90.5,21,24,11.7,2.45,1,4,16.7,79.2,19,0,3,0.0,24,0,14,168,68.2,93.7,94.0,57.5,0,0,24,0,0.0,158.3,0.0,0,0,0,2,4,0,0.0,339,14.1
6,Joe Green,101283,QB,COLUMBIA,1,66.7,24,24,13.5,2.5,0,4,16.7,58.3,14,0,7,12.5,27,2,7,145,69.1,76.7,75.9,60.1,0,1,27,0,42.9,61.8,11.1,3,0,0,0,0,1,3.7,164,6.8
6,Jalani Eason,52172,QB,MS VLY ST,1,75.0,24,24,7.5,2.5,0,1,3.8,70.8,17,0,13,5.6,30,1,8,228,71.2,76.9,69.2,74.4,0,1,32,1,30.8,82.8,13.3,4,2,0,0,1,2,6.3,145,6.0
6,Tyler Riddell,102355,QB,E TENN ST,1,80.0,20,24,11.9,3.13,0,0,0.0,66.7,16,0,6,0.0,25,0,13,157,68.3,74.7,76.1,56.3,0,0,25,0,0.0,118.4,0.0,0,1,0,4,1,0,0.0,270,11.3
6,Shedeur Sanders,131396,QB,JACKSON ST,1,83.3,24,24,13.0,2.66,0,5,20.0,70.8,17,0,2,15.0,28,3,15,194,69.2,92.1,92.1,67.8,0,0,29,0,0.0,143.9,0.0,0,4,0,0,4,0,0.0,249,10.4
6,Felix Harper,13753,QB,ALCORN ST,1,69.6,23,23,6.7,2.84,0,1,4.3,69.6,16,0,14,0.0,31,0,10,107,70.7,66.0,64.5,61.9,0,1,31,0,14.3,96.3,6.5,2,6,0,0,2,1,3.2,140,6.1
6,Kasim Hill,60444,QB,RHODE ISLD,1,68.4,19,23,11.8,2.86,0,0,0.0,56.5,13,0,7,0.0,27,0,11,274,73.0,66.9,65.9,64.4,0,1,27,2,0.0,59.1,0.0,0,4,0,4,0,1,3.7,155,6.7
6,Jace Wilson,149892,QB,FURMAN,1,69.6,23,23,9.3,2.74,0,2,8.7,60.9,14,0,8,12.5,27,2,7,170,69.6,76.9,73.5,67.8,0,0,27,0,12.5,101.5,3.7,1,3,0,0,1,0,0.0,189,8.2
6,DJ Williams,138061,QB,MURRAY ST,1,61.9,21,23,10.6,2.49,1,2,8.3,56.5,13,0,11,0.0,25,0,8,236,69.1,78.5,74.3,70.0,1,0,27,0,0.0,96.6,0.0,0,2,0,0,1,0,0.0,182,7.9
6,Hunter Rodrigues,78490,QB,UC DAVIS,1,52.4,21,22,9.6,2.87,1,0,0.0,45.5,10,0,7,9.1,26,1,10,322,26.3,53.6,48.0,67.5,0,2,26,0,0.0,29.7,0.0,0,4,0,0,0,3,11.5,146,6.6
6,Cade Sexauer,111800,QB,STTHOM,1,60.0,20,22,8.7,2.86,0,0,0.0,54.5,12,0,15,0.0,27,0,5,1129,72.9,49.2,30.8,70.8,1,1,27,0,13.3,48.1,7.4,2,3,0,1,0,2,7.4,103,4.7
6,Willie Miller,104799,QB,TENN TECH,1,63.6,22,22,10.4,2.22,0,0,0.0,50.0,11,0,4,21.4,22,3,8,309,71.7,68.4,64.9,65.5,0,1,22,0,0.0,66.7,0.0,0,0,0,0,1,1,4.5,141,6.4
6,Justin Sliwoski,77612,QB,ST FRANCIS,1,76.2,21,22,4.3,2.31,0,0,0.0,68.2,15,0,7,6.3,26,1,9,299,28.5,45.1,52.5,41.2,1,0,27,0,42.9,136.7,11.5,3,1,0,0,3,2,7.4,202,9.2
6,Dylan McCaffrey,60451,QB,N COLORADO,1,90.9,22,22,4.0,2.41,0,1,4.2,72.7,16,0,7,20.0,28,4,7,253,68.8,55.4,52.6,60.5,0,1,30,0,0.0,65.5,0.0,0,6,0,0,0,1,3.3,115,5.2
6,Zerrick Cooper,40465,QB,JVILLE ST,1,73.7,19,21,9.5,2.52,0,1,4.2,52.4,11,0,9,21.4,25,3,7,196,71.9,83.1,78.4,72.0,0,0,28,0,44.4,91.6,16.0,4,0,0,2,1,0,0.0,151,7.2
6,Charlie Dean,108990,QB,HARVARD,1,61.9,21,21,14.6,2.91,0,1,4.5,57.1,12,0,7,7.7,24,1,8,179,38.3,61.4,61.7,56.8,0,0,26,0,42.9,106.1,12.5,3,0,0,0,1,1,3.8,204,9.7
6,Corey Fields Jr.,78539,QB,SCAR STATE,1,52.6,19,21,15.1,3.23,0,0,0.0,38.1,8,0,16,20.0,30,2,5,290,29.4,52.8,59.6,43.7,1,3,32,0,37.5,9.1,20.0,6,3,0,1,0,2,6.3,75,3.6
6,Quincy Patterson II,77626,QB,N DAK ST,1,60.0,20,21,13.4,3.21,1,2,9.5,52.4,11,0,6,8.3,25,1,7,250,32.1,90.2,86.7,73.5,0,0,25,0,0.0,113.6,0.0,0,4,0,0,2,0,0.0,182,8.7
6,Jalen Fowler,64170,QB,NC A&T,1,78.9,19,20,10.8,3.3,0,5,23.8,70.0,14,0,9,6.7,22,1,9,246,29.7,88.2,88.5,66.3,1,1,23,0,11.1,129.8,4.5,1,1,0,0,3,1,4.3,243,12.2
6,Anthony Thompson,40036,QB,INDIANA ST,1,78.9,19,20,4.8,2.67,0,0,0.0,70.0,14,0,6,6.7,23,1,8,191,70.0,54.5,51.6,60.6,0,0,25,0,33.3,140.4,8.7,2,1,0,1,2,1,4.0,224,11.2
6,Jaalon Frazier,60391,QB,WAGNER,1,75.0,20,20,4.0,2.42,0,0,0.0,65.0,13,0,8,13.3,24,2,6,338,20.6,51.1,50.4,57.6,0,0,26,0,25.0,77.5,8.3,2,2,0,0,0,1,3.8,102,5.1
6,Fred Payton,82102,QB,MERCER,1,63.2,19,20,14.9,3.29,0,4,18.2,50.0,10,0,9,16.7,26,2,7,219,70.6,76.7,80.1,58.8,0,0,28,0,33.3,83.5,11.5,3,3,0,1,1,1,3.6,111,5.6
6,Demeatric Crenshaw,138332,QB,YNGTOWN ST,1,73.3,15,19,12.1,3.01,1,1,4.3,52.6,10,0,12,9.1,23,1,7,353,75.1,85.0,76.2,75.6,0,0,27,0,16.7,102.7,8.7,2,2,0,3,2,0,0.0,99,5.2
6,Darius Wilson,148492,QB,WM & MARY,1,78.9,19,19,6.5,3.12,0,1,5.3,73.7,14,0,11,6.7,24,1,10,348,27.6,59.1,65.6,50.4,0,0,24,0,18.2,112.8,8.3,2,3,0,0,1,0,0.0,145,7.6
6,John Quinnelly,109048,QB,PENN,1,66.7,18,19,7.2,2.17,0,0,0.0,63.2,12,0,7,0.0,21,0,2,267,70.9,65.3,59.4,68.8,0,0,24,0,28.6,70.7,9.5,2,0,0,1,0,0,0.0,73,3.8
6,Ah-Shaun Davis,149376,QB,LAFAYETTE,1,70.6,17,18,9.2,2.45,1,1,5.3,61.1,11,0,11,8.3,22,1,7,203,69.3,60.6,58.4,61.4,0,0,23,0,18.2,81.3,9.1,2,2,0,0,0,0,0.0,122,6.8
6,Mike Chandler II,139371,QB,LAMAR,1,68.8,16,18,9.4,3.02,0,0,0.0,61.1,11,0,15,0.0,25,0,5,204,20.1,44.1,52.9,42.8,2,0,28,0,20.0,84.3,12.0,3,4,0,0,0,1,3.6,135,7.5
6,Matthew McKay,60485,QB,MONTANA ST,1,83.3,18,18,7.1,2.52,0,1,5.3,77.8,14,0,6,6.7,23,1,12,233,69.4,71.1,68.5,65.1,0,0,24,0,16.7,141.2,4.3,1,4,0,0,2,1,4.2,162,9.0
6,Jett Duffey,41634,QB,HAMPTON,1,93.3,15,18,9.1,2.32,1,1,5.0,72.2,13,0,4,7.1,19,1,6,178,67.9,73.6,76.8,54.4,1,0,21,0,0.0,113.9,0.0,0,1,0,1,1,0,0.0,143,7.9
6,Keon Howard,40418,QB,TENN MARTN,1,66.7,18,18,10.0,2.67,0,1,5.3,66.7,12,0,5,0.0,20,0,8,310,71.3,90.9,86.6,76.7,0,0,21,0,0.0,115.7,0.0,0,2,0,0,1,0,0.0,171,9.5
6,Marquez McCray,109056,QB,SACR HEART,1,60.0,15,17,10.8,2.99,0,0,0.0,41.2,7,0,10,22.2,22,2,7,280,69.5,61.8,62.9,57.7,0,2,26,0,10.0,56.9,4.5,1,4,0,2,2,1,3.8,85,5.0
6,Zach Gwynn,77654,QB,DELAWARE,1,52.9,17,17,11.5,2.58,0,1,5.9,52.9,9,0,7,0.0,20,0,6,151,25.5,40.1,42.0,51.9,0,3,20,0,14.3,54.9,5.0,1,1,0,0,1,4,20.0,117,6.9
6,Mike Beaudry,101052,QB,IDAHO,1,86.7,15,15,8.7,2.75,0,3,18.8,66.7,10,0,7,23.1,19,3,7,185,67.8,83.9,88.5,57.5,0,0,20,0,14.3,124.9,5.3,1,3,0,0,1,0,0.0,162,10.8
6,Jaylan Adams,89133,QB,CITADEL,1,58.3,12,15,9.9,2.76,0,0,0.0,33.3,5,0,6,28.6,17,2,2,139,73.3,62.5,51.0,69.1,0,1,18,0,33.3,39.3,11.8,2,0,0,3,1,1,5.6,54,3.6
6,Jared Lewis,108959,QB,DELWARE ST,1,61.5,13,14,15.6,2.93,0,2,13.3,57.1,8,0,6,0.0,16,0,5,152,67.5,81.2,75.6,71.0,1,0,17,0,16.7,126.5,6.3,1,1,0,0,2,0,0.0,125,8.9
6,Jalyn Williams,105549,QB,SE MO ST,1,53.8,13,13,9.5,2.21,0,1,7.1,53.8,7,0,2,0.0,16,0,5,293,29.7,58.2,55.2,60.5,0,0,17,0,50.0,68.8,6.3,1,2,0,0,0,2,11.8,68,5.2
6,Preston Rice,60469,QB,MURRAY ST,1,53.8,13,13,5.7,2.58,0,0,0.0,46.2,6,1,5,14.3,13,1,1,236,68.6,39.8,34.5,67.2,0,2,13,1,0.0,13.5,0.0,0,0,0,0,0,1,7.7,31,2.4
6,Brody Reder,73916,QB,BUTLER,1,46.2,13,13,11.6,2.87,0,1,7.1,30.8,4,0,5,33.3,15,2,2,127,69.5,56.1,52.4,61.8,0,3,16,0,0.0,17.3,0.0,0,2,0,0,0,1,6.3,91,7.0
6,Jake Dunniway,60572,QB,SACRAMENTO,1,75.0,12,13,11.7,2.66,0,1,7.7,61.5,8,0,2,11.1,14,1,5,279,66.2,81.9,81.3,,0,0,14,0,50.0,126.6,7.1,1,0,0,1,2,0,0.0,105,8.1
6,Jaden Jones,147558,QB,CAL POLY,1,33.3,12,13,11.9,2.68,0,0,0.0,30.8,4,0,11,0.0,16,0,2,129,72.9,44.5,28.7,66.3,0,3,17,0,9.1,0.6,6.3,1,2,0,1,0,3,17.6,24,1.8
6,Peyton Derrick,60329,QB,WOFFORD,1,58.3,12,13,10.8,2.51,0,1,7.1,46.2,6,0,8,14.3,15,1,4,350,70.1,35.4,28.7,61.7,0,1,16,0,12.5,73.6,6.7,1,1,0,1,1,2,12.5,123,9.5
6,Michael Brescia,149295,QB,COLGATE,1,63.6,11,12,11.5,2.81,0,0,0.0,58.3,7,0,6,0.0,15,0,3,142,33.3,54.9,51.4,59.7,0,0,15,0,16.7,69.4,6.7,1,2,0,1,0,1,6.7,54,4.5
6,Xavier Shepherd,104767,QB,KENNESAW,1,80.0,10,11,11.9,2.91,0,1,9.1,72.7,8,0,5,0.0,16,0,9,200,26.5,74.2,81.3,65.0,0,0,16,1,20.0,104.0,6.3,1,4,1,0,0,0,0.0,109,9.9
6,Dq Vinson,103946,QB,WAGNER,1,63.6,11,11,5.5,2.39,0,0,0.0,54.5,6,0,6,14.3,17,1,3,338,24.2,31.7,32.1,51.7,0,1,17,0,66.7,24.4,23.5,4,2,0,0,0,1,5.9,39,3.5
6,Tyler Skidmore,87543,QB,SO UTAH,1,88.9,9,9,6.3,3.33,0,1,11.1,88.9,8,0,5,0.0,13,0,4,298,20.3,63.5,66.3,57.3,0,0,13,0,60.0,101.4,23.1,3,1,0,0,0,1,7.7,75,8.3
6,Zachary Clement,105561,QB,NWSTATE,1,77.8,9,9,5.0,2.65,0,0,0.0,77.8,7,0,2,0.0,10,0,2,257,25.7,56.2,56.6,57.6,0,0,13,0,0.0,89.8,0.0,0,1,0,0,0,0,0.0,50,5.6
6,C.J. Ogbonna,149182,QB,SE MO ST,1,42.9,7,9,16.1,2.88,0,0,0.0,33.3,3,0,1,0.0,10,0,2,293,69.1,41.1,46.7,53.3,0,1,10,1,0.0,39.8,0.0,0,1,0,2,1,1,10.0,25,2.8
6,Xzavier Vaughn,102342,QB,ARKAPB,1,77.8,9,9,12.0,2.98,0,2,18.2,66.7,6,0,8,14.3,10,1,5,112,66.0,87.1,91.4,52.2,0,0,13,0,0.0,149.3,0.0,0,1,0,0,2,0,0.0,156,17.3
6,Desmond Young,121715,QB,HOU BAPT,1,62.5,8,8,7.4,3.39,0,0,0.0,50.0,4,0,3,20.0,10,1,3,183,10.4,31.7,64.9,25.3,0,0,10,0,33.3,68.8,10.0,1,1,0,0,0,1,10.0,48,6.0
6,Kody Wilstead,52001,QB,DIXIE,1,57.1,7,8,5.7,3.06,0,0,0.0,37.5,3,0,4,25.0,9,1,0,1285,67.5,46.3,45.7,59.4,0,0,10,0,25.0,45.8,11.1,1,0,0,1,0,0,0.0,18,2.3
6,Jabari Blake,108958,QB,DELWARE ST,1,83.3,6,7,6.7,2.43,0,0,0.0,71.4,5,0,2,0.0,8,0,3,152,67.2,72.6,64.4,69.8,0,0,8,0,50.0,97.3,12.5,1,0,0,1,0,0,0.0,60,8.6
6,Nick Orlando,109004,QB,BUTLER,1,57.1,7,7,20.7,3.63,0,1,14.3,42.9,3,0,8,25.0,13,1,3,127,14.1,49.9,54.8,42.7,0,0,13,0,62.5,129.5,38.5,5,1,0,0,1,1,7.7,145,20.7
6,Chris Zellous,153319,QB,HAMPTON,1,50.0,6,6,11.2,2.08,0,0,0.0,50.0,3,0,0,0.0,6,0,1,178,69.0,54.6,31.4,78.6,0,0,8,0,,99.3,0.0,0,0,0,0,1,2,25.0,23,3.8
6,Jake Smith,109024,QB,HARVARD,1,50.0,6,6,12.7,2.07,0,0,0.0,50.0,3,0,3,0.0,6,0,1,179,64.2,29.9,30.5,59.0,0,1,6,0,0.0,18.1,0.0,0,0,0,0,0,1,16.7,20,3.3
6,Miles Hastings,103943,QB,UC DAVIS,1,66.7,6,6,7.2,3.4,0,0,0.0,50.0,3,0,1,25.0,6,1,1,322,64.2,56.0,55.2,,0,1,6,0,0.0,20.8,0.0,0,0,0,0,0,1,16.7,24,4.0
6,Trent Tompkins,103944,QB,UC DAVIS,1,50.0,6,6,8.2,5.0,0,0,0.0,16.7,1,0,3,66.7,10,2,3,322,72.2,58.9,46.4,64.9,0,0,11,0,0.0,39.6,0.0,0,4,0,0,0,0,0.0,10,1.7
6,Jackson Pavitt,142790,QB,CAL POLY,1,40.0,5,5,2.0,2.47,0,0,0.0,40.0,2,0,2,0.0,6,0,1,129,64.2,59.5,62.8,57.8,0,1,6,0,0.0,13.3,0.0,0,1,0,0,0,0,0.0,21,4.2
6,Walker Harris,150449,QB,NC CENT,1,60.0,5,5,-0.6,2.12,0,0,0.0,20.0,1,0,0,66.7,5,2,0,247,63.8,52.3,51.9,,0,0,5,0,,39.6,0.0,0,0,0,0,0,0,0.0,4,0.8
6,Aldon Clark,60338,QB,GRAMBLING,1,100.0,5,5,10.6,1.68,0,1,20.0,100.0,5,0,1,0.0,6,0,3,177,22.2,69.1,52.0,71.1,0,0,6,0,100.0,158.3,16.7,1,0,0,0,1,1,16.7,67,13.4
6,Asher O'Hara,78529,QB,SACRAMENTO,1,100.0,4,4,7.5,2.78,0,0,0.0,100.0,4,0,0,0.0,4,0,4,279,25.8,75.3,81.4,63.9,0,0,4,0,,118.8,0.0,0,0,0,0,0,0,0.0,68,17.0
6,Nigel Summerville,108985,QB,LEHIGH,1,50.0,4,4,10.3,2.16,0,0,0.0,25.0,1,0,1,50.0,5,1,0,205,63.8,48.0,47.3,,0,0,5,0,100.0,39.6,20.0,1,0,0,0,0,0,0.0,4,1.0
6,Grant Wilson,143041,QB,FORDHAM,1,75.0,4,4,5.0,2.45,0,0,0.0,50.0,2,0,1,33.3,4,1,1,168,66.6,62.1,60.4,61.0,0,0,4,0,0.0,60.4,0.0,0,0,0,0,0,0,0.0,16,4.0
6,Duce Taylor,150493,QB,MORGAN ST,1,33.3,3,3,20.3,3.7,0,0,0.0,33.3,1,0,0,0.0,4,0,0,235,63.3,31.5,33.3,57.3,0,0,4,0,,42.4,0.0,0,1,0,0,0,1,25.0,6,2.0
6,Rob McCoy,108989,QB,SACR HEART,1,33.3,3,3,13.0,2.07,0,0,0.0,33.3,1,0,1,0.0,3,0,0,280,22.6,44.3,42.8,54.0,0,1,3,0,0.0,2.8,0.0,0,0,0,0,0,1,33.3,0,0.0
6,C.J. Henry,155870,QB,DELWARE ST,1,100.0,2,2,3.5,2.1,0,0,0.0,100.0,2,0,2,0.0,2,0,1,152,66.2,73.6,73.1,60.1,0,0,2,0,0.0,102.1,0.0,0,0,0,0,0,0,0.0,17,8.5
6,Casey Bauman,91401,QB,MONTANA ST,1,100.0,2,2,-1.5,2.6,0,0,0.0,100.0,2,0,1,0.0,3,0,1,233,67.7,69.6,60.2,66.5,0,0,3,0,100.0,91.7,33.3,1,0,0,0,0,0,0.0,12,6.0
6,Nolan Grooms,108987,QB,YALE,1,100.0,2,2,18.0,2.5,0,0,0.0,100.0,2,0,0,0.0,2,0,2,352,18.1,54.2,85.2,43.7,0,0,2,0,,158.3,0.0,0,0,0,0,1,0,0.0,37,18.5
6,Jack Pawloski,22773,P,GARD-WEBB,1,100.0,2,2,6.0,1.95,0,0,0.0,100.0,2,0,1,0.0,2,0,1,171,61.8,57.3,57.4,,0,0,2,0,0.0,102.1,0.0,0,0,0,0,0,0,0.0,17,8.5
6,Gunner Talkington,60371,QB,E WASHGTON,1,100.0,2,2,0.0,1.7,0,0,0.0,100.0,2,0,0,0.0,2,0,0,161,61.8,63.5,62.7,,0,0,2,0,,87.5,0.0,0,0,0,0,0,0,0.0,10,5.0
6,Jalen Dummett,139376,QB,LAMAR,1,0.0,2,2,12.0,3.63,0,0,0.0,0.0,0,0,3,,3,0,0,204,64.8,22.7,21.6,59.4,0,2,3,0,33.3,0.0,33.3,1,0,0,0,0,2,66.7,0,0.0
6,Justin Agner,41605,QB,STETSON,1,100.0,2,2,-0.5,3.4,0,0,0.0,100.0,2,0,4,0.0,5,0,0,302,65.9,71.0,59.3,69.4,0,0,7,0,50.0,100.0,40.0,2,1,0,0,0,0,0.0,16,8.0
6,Kare Lyles,42412,QB,JACKSON ST,1,0.0,1,1,23.0,2.5,0,0,0.0,0.0,0,0,0,,1,0,0,194,63.7,59.0,50.8,63.1,0,0,1,0,,39.6,0.0,0,0,0,0,0,0,0.0,0,0.0
6,Dylan Classi,106603,WR,PRINCETON,1,100.0,1,1,12.0,3.6,0,0,0.0,100.0,1,0,0,0.0,1,0,1,272,66.4,80.5,73.1,,0,0,1,0,,118.8,0.0,0,0,0,0,0,0,0.0,18,18.0
6,Faraji Woodson,102032,K,HOWARD,1,0.0,1,1,4.0,4.3,0,0,0.0,0.0,0,0,1,,1,0,0,184,60.3,61.1,60.6,,0,0,1,0,0.0,39.6,0.0,0,0,0,0,0,0,0.0,0,0.0
6,Nick Howard,108979,QB,DARTMOUTH,1,0.0,1,1,26.0,2.6,0,0,0.0,0.0,0,0,0,,1,0,0,148,73.9,66.7,50.4,68.2,0,0,1,0,,39.6,0.0,0,0,0,0,0,0,0.0,0,0.0
6,Keegan Shoemaker,108983,QB,SM HOUSTON,1,100.0,1,1,13.0,1.7,0,0,0.0,100.0,1,0,0,0.0,1,0,1,281,60.3,74.6,73.1,,0,0,1,0,,156.3,0.0,0,0,0,0,1,0,0.0,12,12.0
6,Conner Martin,91726,QB,N COLORADO,1,100.0,1,1,-2.0,3.35,0,0,0.0,100.0,1,0,1,0.0,2,0,1,253,9.2,28.6,28.8,,0,0,2,0,100.0,83.3,50.0,1,0,0,0,0,1,50.0,4,4.0
6,Anthony Paoletti,91403,QB,DELAWARE,1,,0,1,,4.5,0,0,0.0,0.0,0,0,1,,1,0,0,151,73.4,66.5,60.0,64.6,0,0,1,0,0.0,39.6,0.0,0,0,0,1,0,0,0.0,0,0.0
6,Caleb Snead,88707,WR,CAMPBELL,1,100.0,1,1,-3.0,3.2,0,0,0.0,100.0,1,0,0,0.0,1,0,0,131,68.3,80.1,60.4,,0,0,1,0,,100.0,0.0,0,0,0,0,0,0,0.0,8,8.0
6,Javon Williams Jr.,87540,HB,S ILLINOIS,1,,0,1,,4.18,0,0,0.0,0.0,0,0,4,,4,0,0,295,25.7,53.1,60.0,45.6,1,0,4,0,0.0,39.6,0.0,0,3,0,0,0,1,25.0,0,0.0
6,Zach Borisch,83230,HB,IDAHO,1,100.0,1,1,25.0,2.9,0,1,100.0,100.0,1,0,1,0.0,1,0,1,185,17.5,72.2,88.1,61.6,0,0,1,1,0.0,158.3,0.0,0,0,0,0,1,0,0.0,46,46.0
6,Parker Driggers,109547,HB,N ALABAMA,1,100.0,1,1,23.0,3.5,0,0,0.0,100.0,1,0,0,0.0,1,0,1,389,74.8,73.0,76.6,73.4,0,0,1,0,,118.8,0.0,0,0,0,0,0,0,0.0,23,23.0
6,Peyton Mansell,82135,QB,ABILENE CH,1,100.0,1,1,-3.0,0.65,0,0,0.0,100.0,1,0,0,0.0,2,0,0,100,67.6,58.1,58.9,59.1,0,0,2,0,,79.2,0.0,0,0,0,0,0,0,0.0,2,2.0
6,Joshua Komis,112250,FB,STTHOM,1,100.0,1,1,33.0,2.8,0,0,0.0,100.0,1,0,0,0.0,1,0,1,1129,63.7,67.5,60.1,59.6,0,0,1,0,,118.8,0.0,0,0,0,0,0,0,0.0,33,33.0
6,Larry Jones III,121075,HB,STF AUSTIN,1,100.0,1,1,20.0,1.9,0,1,100.0,100.0,1,0,1,0.0,1,0,1,301,63.0,90.1,89.2,,0,0,1,0,0.0,118.8,0.0,0,0,0,0,0,0,0.0,34,34.0
6,Sean Holland,78523,QB,FORDHAM,1,0.0,1,1,15.0,4.0,0,0,0.0,0.0,0,0,1,,2,0,0,168,64.4,68.0,28.7,79.4,0,0,2,0,100.0,39.6,50.0,1,0,0,0,0,1,50.0,0,0.0
6,Wykeen Gill,78139,WR,DUQUESNE,1,100.0,1,1,26.0,3.1,0,1,100.0,100.0,1,0,1,0.0,1,0,1,155,70.7,67.0,87.7,,0,0,1,0,0.0,118.8,0.0,0,0,0,0,0,0,0.0,30,30.0
6,Lucas Loffredo,138382,QB,DELWARE ST,1,,0,1,,1.8,1,0,0.0,0.0,0,0,0,,1,0,0,152,63.7,52.0,60.0,57.3,0,0,1,0,,39.6,0.0,0,0,0,0,0,0,0.0,0,0.0
6,Pierre Strong Jr.,66619,HB,S DAK ST,1,100.0,1,1,25.0,3.1,0,0,0.0,100.0,1,0,0,0.0,1,0,1,292,76.7,81.2,76.2,76.1,0,0,1,0,,158.3,0.0,0,0,0,0,1,0,0.0,19,19.0
6,Grady Cramer,64910,QB,MOREHEAD,1,0.0,1,1,7.0,2.8,0,0,0.0,0.0,0,0,1,,1,0,0,234,60.3,53.9,54.1,,0,0,1,0,0.0,39.6,0.0,0,0,0,0,0,0,0.0,0,0.0
6,Ethan Bolingbroke,141666,WR,SO UTAH,1,100.0,1,1,24.0,4.0,0,0,0.0,100.0,1,0,1,0.0,1,0,1,298,70.8,66.8,76.6,63.2,0,0,1,0,0.0,118.8,0.0,0,0,0,0,0,0,0.0,25,25.0
6,Carson Crawford,61756,WR,UC DAVIS,1,100.0,1,1,-7.0,3.1,0,0,0.0,100.0,1,0,0,0.0,1,0,1,322,64.8,48.8,60.6,59.6,0,0,1,0,,95.8,0.0,0,0,0,0,0,0,0.0,7,7.0
6,Zavier Scott,55123,WR,MAINE,1,100.0,1,1,-4.0,0.8,0,0,0.0,100.0,1,0,0,0.0,1,0,0,212,70.1,66.4,60.6,68.5,0,0,1,0,,95.8,0.0,0,0,0,0,0,0,0.0,7,7.0
6,Robbie Patterson,143694,QB,MONTANA,1,100.0,1,1,3.0,2.1,0,0,0.0,100.0,1,0,0,0.0,1,0,1,232,63.7,73.3,60.6,63.2,0,0,1,0,,100.0,0.0,0,0,0,0,0,0,0.0,8,8.0
6,Gabriel Hollingsworth,148707,QB,COLUMBIA,1,0.0,1,1,12.0,2.6,0,0,0.0,0.0,0,0,0,,1,0,0,145,73.0,73.8,47.3,72.9,0,0,1,0,,39.6,0.0,0,0,0,0,0,0,0.0,0,0.0
6,Maurcus McDaniel,148933,QB,PENN,1,0.0,1,1,14.0,4.9,0,0,0.0,0.0,0,0,1,,1,0,0,267,65.9,50.6,47.3,59.2,0,0,1,0,0.0,39.6,0.0,0,0,0,0,0,0,0.0,0,0.0
6,Quincy Guy-Barnes,155865,QB,WAGNER,1,0.0,1,1,5.0,5.17,0,0,0.0,0.0,0,0,2,,3,0,0,338,64.8,52.4,50.9,59.6,0,0,3,0,50.0,39.6,33.3,1,1,0,0,0,0,0.0,0,0.0
6,Darrius Sample,155649,QB,VA LYNCHBU,1,45.0,20,24,16.5,3.59,0,0,0.0,33.3,8,0,23,11.1,36,1,7,406,21.6,25.3,23.5,63.3,1,1,40,1,34.8,47.0,22.2,8,4,0,3,1,8,20.0,119,5.0
week,player,player_id,position,team_name,player_game_count,accuracy_percent,aimed_passes,attempts,avg_depth_of_target,avg_time_to_throw,bats,big_time_throws,btt_rate,completion_percent,completions,declined_penalties,def_gen_pressures,drop_rate,dropbacks,drops,first_downs,franchise_id,grades_hands_fumble,grades_offense,grades_pass,grades_run,hit_as_threw,interceptions,passing_snaps,penalties,pressure_to_sack_rate,qb_rating,sack_percent,sacks,scrambles,spikes,thrown_aways,touchdowns,turnover_worthy_plays,twp_rate,yards,ypa
7,Will Rogers,124184,QB,MISS STATE,1,76.0,50,57,6.7,2.6,1,1,1.7,61.4,35,0,16,7.9,64,3,16,227,70.5,47.9,48.0,62.6,0,3,66,2,31.3,53.3,7.8,5,2,0,6,0,4,6.1,300,5.3
7,Carson Strong,83524,QB,NEVADA,1,74.5,51,55,8.8,2.48,0,4,6.9,61.8,34,0,12,10.5,58,4,19,239,70.9,87.7,86.7,60.1,1,0,61,0,25.0,95.6,5.2,3,0,1,2,2,0,0.0,395,7.2
7,Bailey Zappe,60396,QB,W KENTUCKY,1,72.5,51,53,9.4,2.59,1,3,5.4,66.0,35,0,3,5.4,55,2,18,346,70.5,59.5,58.9,59.6,0,1,58,0,0.0,111.5,0.0,0,2,0,1,5,4,6.9,392,7.4
7,Jack Tuttle,83580,QB,INDIANA,1,64.6,48,52,6.1,2.48,2,0,0.0,53.8,28,0,19,9.7,57,3,9,190,43.0,41.6,37.1,71.8,0,2,62,0,15.8,45.6,5.3,3,2,0,2,0,4,6.5,183,3.5
7,Ben Bryant,77655,QB,E MICHIGAN,1,86.4,44,48,8.3,2.45,1,0,0.0,72.9,35,0,12,7.9,54,3,18,160,70.4,61.7,63.7,51.3,1,2,57,0,33.3,81.0,7.4,4,2,0,2,1,2,3.5,329,6.9
7,Brennan Armstrong,77696,QB,VIRGINIA,1,65.1,43,46,11.7,2.92,1,2,4.1,54.3,25,0,13,10.7,53,3,22,335,23.2,68.0,60.8,82.4,0,0,56,0,30.8,94.7,7.5,4,3,1,1,2,4,7.1,363,7.9
7,Chase Garbers,60356,QB,CAL,1,69.2,39,45,9.2,2.67,1,2,4.2,55.6,25,0,25,7.4,48,2,14,130,71.9,74.0,71.7,69.6,1,0,52,1,8.0,86.1,4.2,2,1,1,3,2,0,0.0,247,5.5
7,Tyler Van Dyke,122225,QB,MIAMI FL,1,53.7,41,45,11.9,2.86,2,1,1.9,44.4,20,0,15,9.1,54,2,17,220,70.3,44.6,39.2,70.0,0,3,61,0,20.0,43.2,5.6,3,6,0,2,1,2,3.3,264,5.9
7,Connor Bazelak,99135,QB,MISSOURI,1,80.5,41,43,5.0,2.36,0,1,2.1,67.4,29,0,13,12.1,45,4,9,229,70.1,50.7,48.6,63.0,0,2,50,1,15.4,61.2,4.4,2,0,0,2,0,3,6.0,230,5.3
7,Will Levis,83542,QB,KENTUCKY,1,87.2,39,41,4.2,2.45,0,0,0.0,75.6,31,0,12,8.8,48,3,14,202,70.8,83.3,77.7,75.6,1,0,49,0,25.0,101.0,6.3,3,3,0,1,2,0,0.0,193,4.7
7,Hayden Wolff,98362,QB,DOMINION,1,75.0,40,41,10.2,2.28,0,5,11.4,63.4,26,0,11,13.3,46,4,13,263,69.6,66.4,66.5,57.3,1,2,50,0,45.5,67.8,10.9,5,0,0,0,0,4,8.0,327,8.0
7,Matt McDonald,60350,QB,BOWL GREEN,1,54.3,35,41,13.5,2.8,4,3,7.0,39.0,16,0,10,15.8,47,3,11,122,69.9,58.8,53.9,70.5,2,0,49,0,20.0,66.3,4.3,2,4,0,0,1,1,2.0,232,5.7
7,Matt Corral,83517,QB,OLE MISS,1,79.4,34,40,8.9,2.95,2,2,4.9,52.5,21,0,14,22.2,54,6,15,226,28.9,76.1,66.3,75.9,0,1,55,2,28.6,76.1,7.4,4,10,0,4,2,1,1.8,231,5.8
7,Aidan O'Connell,60516,QB,PURDUE,1,84.2,38,40,9.2,2.42,0,4,9.1,75.0,30,0,5,6.3,42,2,20,273,69.4,86.0,84.0,64.2,0,0,46,0,20.0,120.2,2.4,1,1,0,2,2,0,0.0,374,9.4
7,Davis Brin,77642,QB,TULSA,1,70.3,37,39,9.8,2.73,1,3,6.8,56.4,22,0,9,15.4,41,4,14,320,39.8,76.4,74.3,66.0,1,2,47,0,11.1,73.2,2.4,1,1,0,0,2,3,6.4,266,6.8
7,Dennis Grosel,60351,QB,BOSTON COL,1,71.4,35,39,9.6,2.97,0,0,0.0,53.8,21,0,16,16.0,43,4,8,121,47.6,70.1,66.8,69.1,2,1,46,0,18.8,65.5,7.0,3,1,0,2,1,1,2.2,194,5.0
7,Zach Gibson,100201,QB,AKRON,1,79.4,34,39,9.8,2.93,1,1,2.4,64.1,25,0,15,7.4,45,2,14,102,70.3,88.3,90.4,54.2,0,0,48,0,20.0,112.2,6.7,3,3,0,4,3,0,0.0,291,7.5
7,Brayden Schager,146078,QB,HAWAII,1,72.7,33,38,5.8,3.03,1,1,2.6,57.9,22,0,20,8.3,42,2,9,180,69.1,51.0,50.4,,1,4,42,0,20.0,33.2,9.5,4,0,0,3,0,3,7.1,205,5.4
7,Kenny Pickett,60515,QB,PITTSBURGH,1,75.0,36,37,7.9,3.34,0,1,2.6,59.5,22,0,18,18.5,44,5,11,268,71.3,82.1,83.6,62.6,1,0,46,0,5.6,92.5,2.3,1,6,0,0,2,0,0.0,203,5.5
7,Garrett Shrader,98212,QB,SYRACUSE,1,58.8,34,37,8.7,2.71,1,1,2.6,45.9,17,0,18,15.0,40,3,10,304,71.2,43.5,45.6,54.0,1,1,42,1,11.1,59.6,5.0,2,1,0,1,1,3,7.1,191,5.2
7,Hank Bachmeier,101284,QB,BOISE ST,1,81.3,32,36,6.9,2.94,0,1,2.5,63.9,23,0,16,11.5,41,3,13,120,69.2,79.2,76.1,69.6,1,1,45,0,18.8,83.0,7.3,3,2,0,3,1,0,0.0,259,7.2
7,KJ Jefferson,99129,QB,ARKANSAS,1,68.8,32,35,9.4,3.64,0,0,0.0,60.0,21,0,14,4.5,45,1,18,111,37.4,64.7,63.5,61.5,0,0,47,0,21.4,98.3,6.7,3,7,0,3,2,2,4.3,228,6.5
7,Daniel Richardson,97103,QB,C MICHIGAN,1,71.0,31,35,8.8,2.66,3,1,2.9,60.0,21,0,6,4.5,38,1,11,134,69.4,55.3,53.6,60.5,0,0,39,0,33.3,96.0,5.3,2,1,0,1,2,1,2.6,209,6.0
7,Nick Nash,98679,QB,S JOSE ST,1,51.6,31,35,16.9,2.79,0,0,0.0,45.7,16,0,15,0.0,39,0,8,285,36.9,41.1,37.7,65.6,2,1,42,1,13.3,55.4,5.1,2,1,1,1,0,3,7.1,228,6.5
7,Drew Plitt,39879,QB,BALL ST,1,85.3,34,35,6.6,2.05,0,1,2.7,77.1,27,0,5,6.9,37,2,13,117,70.3,71.5,72.2,59.2,0,0,39,0,40.0,100.5,5.4,2,0,0,1,1,0,0.0,207,5.9
7,DJ Uiagalelei,122162,QB,CLEMSON,1,83.3,30,35,6.3,2.15,1,2,5.4,60.0,21,0,9,16.0,37,4,11,140,72.8,71.1,70.1,63.2,1,0,39,0,22.2,83.2,5.4,2,0,1,2,1,1,2.6,181,5.2
7,Gunnar Holmberg,77625,QB,DUKE,1,75.0,32,34,8.3,2.59,1,0,0.0,58.8,20,0,7,16.7,35,4,7,154,69.6,70.4,69.4,62.1,0,2,35,0,14.3,43.0,2.9,1,0,0,1,0,1,2.9,134,3.9
7,Adrian Martinez,83522,QB,NEBRASKA,1,66.7,30,34,12.5,2.8,3,0,0.0,52.9,18,0,13,10.0,35,2,13,238,71.3,57.3,62.2,51.7,0,0,35,1,7.7,85.5,2.9,1,0,0,1,1,1,2.9,241,7.1
7,Jake Bentley,40788,QB,S ALABAMA,1,80.6,31,33,9.4,2.44,0,2,6.1,72.7,24,0,13,4.0,37,1,16,288,69.3,85.5,82.8,69.2,0,0,37,1,7.7,142.1,2.7,1,3,0,2,3,1,2.7,389,11.8
7,Logan Bonner,39990,QB,UTAH ST,1,71.0,31,33,11.3,2.36,1,1,2.9,66.7,22,0,9,0.0,38,0,16,329,16.0,67.3,69.8,50.5,0,1,39,0,22.2,105.0,5.3,2,1,0,1,2,2,5.1,315,9.5
7,Cameron Rising,77663,QB,UTAH,1,74.2,31,33,10.1,2.69,1,2,5.4,63.6,21,0,6,8.7,37,2,19,328,35.4,85.3,80.4,73.8,0,2,41,0,0.0,81.3,0.0,0,4,0,1,2,0,0.0,247,7.5
7,Ryan Hilinski,71295,QB,NWESTERN,1,62.1,29,33,12.5,2.72,0,1,2.6,54.5,18,0,7,0.0,35,0,9,256,70.3,53.7,49.3,67.1,0,0,40,0,0.0,101.5,0.0,0,2,0,4,2,4,10.0,267,8.1
7,Spencer Petras,82136,QB,IOWA,1,62.1,29,32,9.6,2.9,0,0,0.0,53.1,17,0,15,5.6,36,1,10,192,70.5,39.0,35.4,64.7,1,4,36,0,26.7,32.2,11.1,4,0,0,2,0,4,11.1,195,6.1
7,Dequan Finn,97804,QB,TOLEDO,1,59.4,32,32,14.0,3.13,0,3,8.8,46.9,15,0,22,21.1,46,4,11,316,73.6,77.2,71.8,71.1,0,0,48,0,36.4,68.2,17.4,8,6,0,0,0,1,2.1,208,6.5
7,Tanner McKee,131770,QB,STANFORD,1,80.0,30,32,6.6,2.7,1,2,5.9,71.9,23,0,13,4.2,40,1,13,300,37.4,70.0,66.2,68.1,0,0,42,0,38.5,118.4,12.5,5,3,0,1,2,2,4.8,273,8.5
7,Braxton Burmeister,60513,QB,VA TECH,1,43.3,30,32,13.2,2.68,0,1,2.9,34.4,11,0,11,15.4,38,2,8,337,70.3,51.2,49.5,60.6,0,1,40,0,27.3,45.6,7.9,3,3,0,2,1,1,2.5,134,4.2
7,Grant Wells,97784,QB,MARSHALL,1,78.1,32,32,8.4,2.65,0,2,5.6,75.0,24,0,6,4.0,34,1,15,214,71.0,79.0,79.0,62.1,0,1,38,0,16.7,114.8,2.9,1,1,0,0,2,1,2.6,326,10.2
7,Brady McBride,77641,QB,TEXAS ST,1,73.3,30,32,9.5,2.9,0,3,8.8,68.8,22,0,17,0.0,40,0,14,314,25.6,48.9,54.8,44.2,0,3,43,0,23.5,87.9,10.0,4,4,0,2,3,4,9.3,279,8.7
7,Kyle Vantrease,55029,QB,BUFFALO,1,75.0,32,32,8.3,2.44,0,0,0.0,71.9,23,0,5,4.2,34,1,14,126,69.8,65.2,61.2,69.3,0,1,39,0,20.0,103.6,2.9,1,1,0,0,2,2,5.1,260,8.1
7,Spencer Sanders,77660,QB,OKLA STATE,1,75.9,29,32,7.6,2.69,0,1,2.8,59.4,19,0,9,13.6,34,3,11,262,72.8,55.3,55.1,55.8,0,1,38,0,22.2,72.1,5.9,2,0,0,3,1,2,5.3,178,5.6
7,Austin Aune,83528,QB,N TEXAS,1,58.6,29,31,11.0,2.71,0,0,0.0,51.6,16,0,11,5.9,33,1,3,251,69.7,48.2,47.2,58.6,0,2,36,0,18.2,35.0,6.1,2,0,0,2,0,1,2.8,125,4.0
7,Jayden de Laura,131928,QB,WASH STATE,1,75.0,28,31,13.6,3.37,1,5,15.6,54.8,17,0,8,19.0,32,4,12,341,69.1,91.6,92.6,62.1,0,0,34,3,0.0,118.9,0.0,0,1,0,2,3,0,0.0,289,9.3
7,Steven Krajewski,77650,QB,UCONN,1,70.0,30,31,8.5,2.33,0,1,2.9,64.5,20,0,8,4.8,36,1,8,146,70.7,57.6,56.1,60.4,0,0,39,0,37.5,104.1,8.3,3,1,0,1,2,0,0.0,199,6.4
7,Jayden Daniels,97993,QB,ARIZONA ST,1,80.0,30,31,8.2,2.94,1,1,3.1,64.5,20,0,16,16.7,41,4,14,110,71.9,80.9,74.1,74.6,0,0,43,0,31.3,108.8,12.2,5,4,0,0,2,0,0.0,234,7.5
7,Max Duggan,99470,QB,TCU,1,80.8,26,30,10.1,3.14,1,2,6.7,66.7,20,0,12,4.8,37,1,15,305,69.3,79.1,79.7,63.5,0,0,37,0,0.0,145.3,0.0,0,7,0,3,4,0,0.0,346,11.5
7,Dylan Morris,100570,QB,WASHINGTON,1,73.3,30,30,9.0,2.07,0,3,9.1,66.7,20,0,4,9.1,32,2,9,340,69.6,68.1,65.5,65.1,0,2,35,0,50.0,66.5,6.3,2,0,0,0,1,1,2.9,184,6.1
7,Gunnar Watson,83570,QB,TROY,1,82.1,28,29,5.4,2.15,1,3,10.3,75.9,22,0,4,4.3,31,1,8,318,69.3,84.9,84.6,60.1,0,0,31,1,25.0,102.9,3.2,1,0,0,0,1,0,0.0,182,6.3
7,Jordon Brookshire,98678,QB,S DIEGO ST,1,66.7,24,29,7.3,2.62,0,0,0.0,51.7,15,0,9,6.3,31,1,7,284,70.8,53.2,51.1,60.2,2,0,32,0,11.1,65.2,3.2,1,1,0,3,0,1,3.1,139,4.8
7,Anthony Brown,40316,QB,OREGON,1,75.0,28,29,7.8,2.83,1,2,5.9,72.4,21,0,7,0.0,34,0,11,264,33.5,79.7,76.0,69.7,0,0,39,0,28.6,108.4,5.9,2,3,0,0,1,1,2.6,240,8.3
7,Noah Vedral,55406,QB,RUTGERS,1,70.8,24,29,9.5,2.47,2,3,9.7,58.6,17,0,9,0.0,37,0,6,278,41.0,64.5,66.2,57.1,1,0,39,2,44.4,83.8,10.8,4,1,0,2,1,1,2.6,149,5.1
7,Luke Doty,124230,QB,S CAROLINA,1,64.3,28,29,9.6,2.08,0,2,6.7,62.1,18,0,9,0.0,33,0,9,289,69.5,53.1,56.6,49.2,0,2,34,1,0.0,84.3,0.0,0,2,0,1,2,2,5.9,252,8.7
7,Gavin Hardison,100827,QB,UTEP,1,70.4,27,28,10.3,2.57,0,0,0.0,64.3,18,0,11,5.3,32,1,12,330,69.9,55.1,56.0,54.2,0,1,32,0,9.1,82.9,3.1,1,2,0,1,0,2,6.3,283,10.1
7,Jake Haener,60596,QB,FRESNO ST,1,76.0,25,28,6.0,3.04,1,0,0.0,53.6,15,0,6,21.1,31,4,9,169,69.4,68.7,66.3,69.6,0,0,32,1,16.7,84.5,3.2,1,2,0,2,2,0,0.0,94,3.4
7,Gerry Bohanon,77636,QB,BAYLOR,1,76.0,25,28,10.3,2.54,1,1,3.6,64.3,18,0,8,5.3,28,1,10,118,71.0,67.5,66.3,61.5,1,1,28,0,0.0,87.1,0.0,0,0,0,1,1,2,7.1,231,8.3
7,Casey Thompson,77677,QB,TEXAS,1,68.0,25,28,6.4,2.43,0,2,6.5,53.6,15,0,11,11.8,33,2,9,311,32.9,46.8,52.6,43.9,1,2,36,1,27.3,55.5,9.1,3,2,0,2,1,2,5.6,179,6.4
7,Bryce Young,123943,QB,ALABAMA,1,81.5,27,28,6.6,3.05,0,1,3.6,71.4,20,0,15,9.1,34,2,13,103,68.5,90.2,89.1,67.9,1,0,34,0,20.0,153.0,8.8,3,3,0,0,4,0,0.0,348,12.4
7,Austin Kendall,40056,QB,LA TECH,1,59.3,27,28,6.9,3.14,1,1,3.3,50.0,14,0,17,12.5,39,2,8,208,69.1,50.7,53.7,51.1,0,3,41,0,23.5,30.1,10.3,4,7,0,0,0,4,9.8,174,6.2
7,AJ Mayer,63860,QB,MIAMI OH,1,76.9,26,27,10.7,2.79,0,2,7.1,70.4,19,0,6,5.0,30,1,12,221,68.8,86.6,80.9,75.6,0,0,31,0,16.7,133.1,3.3,1,2,0,1,3,0,0.0,229,8.5
7,Mikey Keene,70961,QB,UCF,1,70.8,24,27,7.0,2.73,1,1,3.7,59.3,16,0,10,5.9,29,1,5,323,68.2,41.4,41.0,57.0,0,2,30,0,10.0,54.4,3.4,1,1,0,2,1,3,10.0,139,5.1
7,Dorian Thompson-Robinson,83574,QB,UCLA,1,84.0,25,27,3.4,2.54,0,1,3.7,77.8,21,0,7,0.0,33,0,9,324,72.3,81.8,74.9,73.2,0,0,33,0,0.0,119.6,0.0,0,6,1,1,2,0,0.0,183,6.8
7,Payton Thorne,101629,QB,MICH STATE,1,64.0,25,26,10.0,2.79,0,2,6.9,53.8,14,0,5,12.5,28,2,5,223,36.8,73.4,66.6,55.0,1,2,31,0,40.0,47.9,7.1,2,0,0,0,1,3,9.7,126,4.8
7,Sam Howell,97599,QB,N CAROLINA,1,72.0,25,26,3.0,2.4,0,0,0.0,65.4,17,0,10,5.6,34,1,9,245,72.7,68.2,47.3,82.4,0,1,35,0,40.0,90.9,11.8,4,4,0,1,2,2,5.7,154,5.9
7,Bo Nix,97790,QB,AUBURN,1,84.6,26,26,9.0,2.66,0,2,7.1,80.8,21,0,3,4.5,27,1,12,115,71.1,90.5,90.7,64.7,0,1,29,0,0.0,123.1,0.0,0,1,0,0,2,1,3.4,292,11.2
7,Chase Brice,60363,QB,APP STATE,1,61.5,26,26,10.7,2.68,0,1,3.6,57.7,15,0,5,6.3,31,1,8,108,69.4,56.8,55.9,59.1,0,2,33,0,20.0,39.4,3.2,1,3,0,0,0,1,3.0,133,5.1
7,Hendon Hooker,60593,QB,TENNESSEE,1,65.4,26,26,13.0,3.19,0,4,14.8,65.4,17,0,13,0.0,40,0,13,307,72.8,91.1,89.4,75.6,0,0,41,0,46.2,106.7,15.0,6,8,0,0,1,0,0.0,233,9.0
7,Dustin Crum,60418,QB,KENT STATE,1,69.6,23,26,12.3,2.51,2,4,14.8,57.7,15,0,14,6.3,32,1,8,201,70.8,84.3,86.3,60.8,0,0,33,0,35.7,109.5,15.6,5,1,0,1,2,1,3.0,210,8.1
7,Todd Centeio,60552,QB,COLO STATE,1,76.2,21,26,11.0,3.04,1,0,0.0,61.5,16,0,19,0.0,34,0,12,144,70.9,71.1,71.8,60.1,0,0,35,0,21.1,112.5,11.8,4,4,1,3,1,0,0.0,289,11.1
7,Zach Calzada,98006,QB,TEXAS A&M,1,60.0,25,25,8.4,2.34,0,0,0.0,52.0,13,0,9,13.3,26,2,11,312,68.7,66.0,64.7,60.0,0,1,29,0,11.1,80.1,3.8,1,0,0,0,2,1,3.4,148,5.9
7,Brock Purdy,77672,QB,IOWA STATE,1,88.0,25,25,5.8,2.74,0,0,0.0,88.0,22,0,7,0.0,27,0,14,193,68.6,83.3,82.7,62.6,0,0,29,0,14.3,114.7,3.7,1,1,0,0,1,0,0.0,208,8.3
7,Timmy McClain,144488,QB,USF,1,57.1,21,25,13.9,3.96,0,1,3.8,40.0,10,0,18,16.7,32,2,7,327,71.6,69.2,71.1,59.1,0,0,33,0,27.8,60.1,15.6,5,2,0,4,0,0,0.0,148,5.9
7,Chandler Rogers,98683,QB,LA MONROE,1,73.9,23,25,12.4,2.49,0,1,3.7,64.0,16,0,13,5.9,32,1,11,209,75.3,56.0,54.6,58.8,2,1,34,0,38.5,102.9,15.6,5,2,0,0,2,1,2.9,225,9.0
7,Levi Lewis,60428,QB,LA LAFAYET,1,69.6,23,25,11.1,3.01,0,3,11.5,60.0,15,0,10,6.3,27,1,11,207,70.1,69.3,64.1,69.5,0,1,28,0,10.0,83.6,3.7,1,1,0,2,1,4,14.3,209,8.4
7,Skylar Thompson,60417,QB,KANSAS ST,1,77.3,22,24,11.8,3.21,0,2,7.7,62.5,15,0,8,11.8,27,2,13,199,28.8,70.4,68.2,64.7,0,1,29,1,25.0,100.3,7.4,2,1,0,2,2,2,6.9,206,8.6
7,Tanner Morgan,55239,QB,MINNESOTA,1,83.3,24,24,11.2,2.59,0,1,4.0,83.3,20,0,6,0.0,27,0,9,225,69.7,85.3,89.1,54.6,0,2,28,0,16.7,96.0,3.7,1,2,0,0,2,2,7.1,209,8.7
7,Max Johnson,124099,QB,LSU,1,77.3,22,24,9.4,2.79,1,2,7.7,58.3,14,0,12,17.6,29,3,10,211,69.3,71.9,74.1,56.6,0,0,31,0,8.3,113.4,3.4,1,4,0,1,3,2,6.5,133,5.5
7,Devin Leary,77628,QB,NC STATE,1,81.8,22,24,4.6,2.74,1,0,0.0,66.7,16,0,7,11.1,27,2,10,248,68.5,73.3,78.4,51.8,0,0,27,0,14.3,140.8,3.7,1,2,0,1,3,0,0.0,251,10.5
7,Caleb Williams,144622,QB,OKLAHOMA,1,87.0,23,23,13.8,3.08,0,4,14.3,78.3,18,0,7,10.0,26,2,12,261,71.6,95.0,94.7,74.4,0,0,31,0,28.6,158.3,7.7,2,1,0,0,4,0,0.0,295,12.8
7,Desmond Ridder,55086,QB,CINCINNATI,1,80.0,20,23,9.8,2.44,2,1,4.0,56.5,13,0,8,18.8,26,3,8,138,68.6,78.0,72.0,73.4,0,0,28,0,12.5,89.0,3.8,1,2,0,1,1,0,0.0,140,6.1
7,Sean Chambers,75888,QB,WYOMING,1,45.5,22,23,13.3,2.87,0,0,0.0,34.8,8,0,9,20.0,28,2,8,351,33.4,60.9,50.4,74.2,1,3,29,0,33.3,11.6,10.7,3,2,0,0,0,1,3.4,111,4.8
7,Kaleb Eleby,77686,QB,W MICHIGAN,1,76.2,21,22,16.8,2.49,0,3,11.5,68.2,15,0,6,6.3,24,1,14,347,68.6,86.5,84.8,66.6,0,0,28,0,0.0,150.6,0.0,0,2,0,1,3,1,3.6,307,14.0
7,Gunner Cruz,100575,QB,ARIZONA,1,61.9,21,22,4.2,2.54,0,0,0.0,59.1,13,0,7,0.0,25,0,4,109,68.5,39.7,35.0,64.3,0,1,27,0,14.3,47.9,4.0,1,1,0,1,0,1,3.7,82,3.7
7,Mike Wright Jr.,124366,QB,VANDERBILT,1,66.7,18,21,8.6,3.54,0,1,4.5,52.4,11,0,14,8.3,27,1,8,333,38.0,72.3,74.1,62.2,0,1,29,0,14.3,82.6,7.4,2,4,0,3,1,0,0.0,206,9.8
7,Jason Bean,83529,QB,KANSAS,1,66.7,18,21,10.6,2.8,2,0,0.0,52.4,11,0,3,8.3,23,1,6,198,69.4,45.2,42.4,63.0,0,1,24,1,0.0,41.8,0.0,0,2,0,1,0,3,12.5,80,3.8
7,Cameron Friel,146195,QB,UNLV,1,61.1,18,21,6.0,2.45,1,0,0.0,52.4,11,0,6,0.0,22,0,3,325,26.3,35.5,43.5,43.2,1,1,26,0,0.0,47.1,0.0,0,1,0,1,0,3,11.5,107,5.1
7,Emory Jones,82111,QB,FLORIDA,1,72.2,18,20,12.3,3.06,0,0,0.0,60.0,12,0,6,7.7,22,1,8,163,71.9,66.0,57.2,67.2,1,2,22,0,33.3,62.7,9.1,2,0,1,0,1,1,4.5,161,8.1
7,Henry Colombi,60583,QB,TEXAS TECH,1,73.7,19,20,8.6,2.6,0,0,0.0,70.0,14,0,4,0.0,23,0,8,315,69.3,56.0,53.5,61.0,1,1,23,0,25.0,82.1,4.3,1,2,0,0,1,2,8.7,124,6.2
7,Stetson Bennett,60387,QB,GEORGIA,1,82.4,17,20,11.8,2.79,0,2,9.5,70.0,14,0,3,0.0,21,0,13,173,69.2,83.8,83.2,63.4,0,0,22,0,33.3,152.1,4.8,1,0,0,3,3,0,0.0,250,12.5
7,CJ Montes,146114,QB,NEW MEXICO,1,35.3,17,20,10.4,2.31,0,0,0.0,15.0,3,0,8,50.0,24,3,0,241,29.1,25.8,27.2,37.5,0,2,27,1,37.5,0.0,12.5,3,0,0,3,0,3,11.1,11,0.6
7,Anthony Richardson,124393,QB,FLORIDA,1,64.7,17,19,15.6,2.89,0,1,5.3,52.6,10,0,6,9.1,19,1,8,163,71.2,70.9,62.2,73.8,1,2,20,0,0.0,82.6,0.0,0,0,0,1,3,2,10.0,167,8.8
7,Frank Harris,60586,QB,UTSA,1,72.2,18,19,8.7,2.64,0,2,10.0,63.2,12,0,10,7.7,22,1,8,331,68.8,90.1,84.1,72.6,0,0,23,0,0.0,116.6,0.0,0,3,0,1,2,0,0.0,122,6.4
7,Brendon Lewis,131687,QB,COLORADO,1,81.3,16,19,11.4,3.14,1,3,13.0,63.2,12,0,7,7.7,21,1,9,143,70.0,88.5,90.7,57.2,0,0,25,0,14.3,141.9,4.8,1,1,0,2,2,0,0.0,248,13.1
7,Will Plummer,131592,QB,ARIZONA,1,50.0,14,17,14.9,3.28,0,0,0.0,41.2,7,0,8,0.0,19,0,4,109,24.2,53.0,47.0,68.2,1,1,20,0,12.5,29.3,5.3,1,1,0,2,0,1,5.0,71,4.2
7,Graham Mertz,97994,QB,WISCONSIN,1,76.9,13,15,13.6,2.63,0,0,0.0,53.3,8,0,6,20.0,18,2,8,349,26.2,64.9,55.7,71.2,0,0,20,0,16.7,77.6,5.6,1,2,0,2,0,2,10.0,112,7.5
7,Dylan Hopkins,83571,QB,UAB,1,61.5,13,13,12.7,2.77,0,1,7.1,61.5,8,0,4,0.0,15,0,7,321,66.5,68.2,62.1,69.5,0,0,16,0,0.0,126.1,0.0,0,2,0,0,1,1,6.3,147,11.3
7,Justin Tomlin,78482,QB,GA SOUTHRN,1,53.8,13,13,13.5,3.23,0,0,0.0,38.5,5,0,6,28.6,15,2,2,174,70.1,47.3,47.4,55.3,0,1,16,0,0.0,17.8,0.0,0,2,0,0,0,1,6.3,49,3.8
7,Cam'Ron Ransom,147110,QB,GA SOUTHRN,1,41.7,12,12,19.6,3.69,0,1,8.3,16.7,2,0,9,60.0,17,3,2,174,70.1,58.2,52.7,65.0,0,0,17,0,44.4,49.0,23.5,4,1,0,0,0,1,5.9,63,5.3
7,Seth Henigan,144267,QB,MEMPHIS,1,66.7,12,12,11.4,2.83,0,2,16.7,66.7,8,0,3,0.0,15,0,6,218,67.3,79.8,81.1,63.0,0,1,15,0,0.0,114.6,0.0,0,3,0,0,2,1,6.7,215,17.9
7,Riley Leonard,143862,QB,DUKE,1,91.7,12,12,7.2,2.81,0,0,0.0,66.7,8,0,5,27.3,14,3,3,154,24.8,62.7,76.3,45.3,0,0,14,0,0.0,84.4,0.0,0,2,0,0,0,0,0.0,77,6.4
7,Luke McCaffrey,101634,QB,RICE,1,80.0,10,11,9.7,2.92,0,1,9.1,45.5,5,0,4,37.5,12,3,1,275,68.5,58.4,58.7,57.5,0,1,12,1,0.0,14.6,0.0,0,1,0,1,0,1,8.3,15,1.4
7,Armani Rogers,40034,QB,OHIO,1,70.0,10,10,9.7,2.9,0,0,0.0,60.0,6,0,6,14.3,12,1,3,259,23.3,69.8,72.5,62.4,0,0,13,0,16.7,83.3,8.3,1,1,0,0,0,0,0.0,75,7.5
7,Jake Lange,121467,QB,SO MISS,1,30.0,10,10,7.0,2.46,0,0,0.0,30.0,3,0,7,0.0,13,0,3,296,67.0,44.7,34.2,69.6,0,0,13,0,28.6,39.6,15.4,2,1,0,0,0,1,7.7,18,1.8
7,Rocky Lombardi,60452,QB,N ILLINOIS,1,50.0,8,8,9.0,2.97,0,1,12.5,50.0,4,0,2,0.0,10,0,2,254,69.8,49.7,41.3,59.7,0,0,10,0,50.0,103.1,10.0,1,1,0,0,1,1,10.0,38,4.8
7,Collin Schlee,98025,QB,KENT STATE,1,50.0,8,8,10.9,2.86,0,0,0.0,50.0,4,0,2,0.0,9,0,1,201,66.3,59.4,50.4,69.2,0,0,9,0,0.0,58.3,0.0,0,1,0,0,0,0,0.0,28,3.5
7,Zeb Noland,40508,QB,S CAROLINA,1,75.0,8,8,8.4,3.03,0,0,0.0,62.5,5,0,0,16.7,8,1,4,289,66.2,90.5,90.3,60.0,0,0,8,0,,132.8,0.0,0,0,0,0,1,0,0.0,75,9.4
7,Miles Kendrick,77673,QB,KANSAS,1,66.7,6,7,13.2,3.23,0,2,28.6,57.1,4,0,4,0.0,9,0,4,198,66.3,82.7,80.3,66.7,0,0,9,0,0.0,117.9,0.0,0,2,0,1,2,0,0.0,48,6.9
7,Levi Williams,98365,QB,WYOMING,1,80.0,5,7,19.0,2.71,1,0,0.0,14.3,1,0,1,75.0,7,3,1,351,67.2,77.0,73.9,64.4,1,1,8,0,0.0,6.5,0.0,0,0,0,0,0,0,0.0,32,4.6
7,Tyler Johnston III,60570,QB,UAB,1,50.0,6,7,8.8,2.43,1,0,0.0,42.9,3,0,4,0.0,8,0,2,321,67.2,53.7,43.6,63.0,0,0,8,0,25.0,50.3,12.5,1,0,0,0,0,0,0.0,18,2.6
7,Jabari Laws,82085,QB,ARMY,1,83.3,6,6,13.5,2.59,0,2,28.6,83.3,5,0,5,0.0,8,0,2,114,20.8,61.1,62.3,58.9,0,0,9,0,20.0,118.8,12.5,1,1,0,0,0,1,11.1,87,14.5
7,Jake Constantine,40166,QB,RICE,1,50.0,6,6,5.7,2.49,0,0,0.0,50.0,3,0,4,0.0,8,0,0,275,64.9,55.1,54.7,,0,1,8,0,50.0,18.8,25.0,2,0,0,0,0,0,0.0,21,3.5
7,Tee Webb,122731,QB,SO MISS,1,50.0,6,6,3.8,2.59,0,0,0.0,50.0,3,0,1,0.0,7,0,0,296,65.1,58.5,53.7,,0,1,9,0,100.0,16.7,14.3,1,0,0,0,0,0,0.0,14,2.3
7,Haaziq Daniels,125263,QB,AIR FORCE,1,40.0,5,5,14.0,3.19,0,1,20.0,20.0,1,0,3,50.0,7,1,1,101,76.2,62.0,54.8,62.4,0,0,7,0,33.3,76.3,14.3,1,1,0,0,0,0,0.0,59,11.8
7,Donovan Smith,73929,QB,TEXAS TECH,1,80.0,5,5,18.2,2.96,0,0,0.0,80.0,4,0,3,0.0,7,0,2,315,69.0,90.1,81.9,74.7,0,0,7,0,0.0,118.8,0.0,0,2,0,0,0,0,0.0,70,14.0
7,Josh Adkins,60483,QB,UTSA,1,40.0,5,5,13.4,2.44,0,0,0.0,40.0,2,0,2,0.0,7,0,2,331,64.6,57.2,49.5,64.3,0,0,7,0,50.0,49.6,14.3,1,1,0,0,0,0,0.0,17,3.4
7,Tai Lavatai,121854,QB,NAVY,1,75.0,4,4,8.0,3.06,0,0,0.0,75.0,3,0,5,0.0,7,0,1,237,74.2,65.2,56.7,65.5,0,0,9,0,60.0,132.3,42.9,3,0,0,0,1,0,0.0,27,6.8
7,Joe Milton III,82151,QB,TENNESSEE,1,50.0,2,3,19.0,3.45,0,0,0.0,33.3,1,0,2,0.0,4,0,2,307,63.3,63.2,67.7,57.8,0,0,4,0,0.0,46.5,0.0,0,1,1,0,0,0,0.0,12,4.0
7,Justin Rogers,77666,QB,UNLV,1,66.7,3,3,16.3,3.56,0,0,0.0,33.3,1,0,4,50.0,5,1,0,325,63.8,67.7,73.2,57.3,0,1,5,0,25.0,2.8,20.0,1,1,0,0,0,0,0.0,4,1.3
7,Lucas Johnson,40551,QB,S DIEGO ST,1,100.0,2,3,21.5,2.98,0,1,33.3,66.7,2,0,3,0.0,5,0,2,284,16.1,63.6,55.5,65.3,0,0,5,0,66.7,149.3,40.0,2,0,0,1,2,1,20.0,38,12.7
7,Jack Plummer,83543,QB,PURDUE,1,100.0,1,2,3.0,3.45,0,0,0.0,50.0,1,0,1,0.0,2,0,0,273,69.6,54.1,58.9,56.4,0,0,2,0,0.0,56.3,0.0,0,0,0,1,0,0,0.0,3,1.5
7,Desmond Trotter,83552,QB,S ALABAMA,1,100.0,2,2,5.5,2.1,0,0,0.0,50.0,1,0,0,50.0,2,1,1,288,64.4,74.0,79.6,58.2,0,0,2,0,,77.1,0.0,0,0,0,0,0,0,0.0,16,8.0
7,Evan Simon,129906,QB,RUTGERS,1,50.0,2,2,5.0,2.43,0,0,0.0,50.0,1,0,1,0.0,3,0,0,278,62.7,46.0,46.0,,0,0,3,0,100.0,58.3,33.3,1,0,0,0,0,0,0.0,7,3.5
7,Isaiah Chavez,128257,QB,NEW MEXICO,1,100.0,1,1,-4.0,3.77,0,0,0.0,100.0,1,0,2,0.0,3,0,0,241,62.7,49.5,48.3,,0,0,3,0,100.0,87.5,66.7,2,0,0,0,0,0,0.0,5,5.0
7,Calvin Turner Jr.,109028,WR,HAWAII,1,0.0,1,1,23.0,4.2,0,0,0.0,0.0,0,0,1,,2,0,0,180,72.3,67.7,56.4,62.9,0,0,2,0,100.0,39.6,50.0,1,0,0,0,0,0,0.0,0,0.0
7,Hassan Beydoun,78185,WR,E MICHIGAN,1,100.0,1,1,-7.0,2.8,0,0,0.0,100.0,1,0,0,0.0,1,0,1,160,71.1,64.7,61.0,,0,0,1,0,,100.0,0.0,0,0,0,0,0,0,0.0,8,8.0
7,Cole Kramer,101627,QB,MINNESOTA,1,100.0,1,1,10.0,2.1,0,0,0.0,100.0,1,0,0,0.0,1,0,1,225,70.5,68.1,75.4,59.3,0,0,1,0,,127.1,0.0,0,0,0,0,1,0,0.0,5,5.0
7,Kenny Scribner,100973,P,USF,1,100.0,1,1,-3.0,1.8,0,0,0.0,100.0,1,0,1,0.0,1,0,0,327,60.3,61.1,60.6,,0,0,1,0,0.0,95.8,0.0,0,0,0,0,0,0,0.0,7,7.0
7,Tyler Hunt,82605,TE,MICH STATE,1,100.0,1,1,15.0,4.7,0,0,0.0,100.0,1,0,1,0.0,1,0,1,223,62.4,59.8,55.3,,0,0,1,0,0.0,118.8,0.0,0,0,0,0,0,0,0.0,15,15.0
7,Will Spiers,45131,P,CLEMSON,1,100.0,1,1,17.0,2.0,0,0,0.0,100.0,1,0,0,0.0,1,0,1,140,60.3,70.7,75.4,,0,0,1,0,,118.8,0.0,0,0,0,0,0,0,0.0,17,17.0
7,Donaven McCulley,144829,QB,INDIANA,1,100.0,1,1,-4.0,1.2,0,0,0.0,100.0,1,0,0,0.0,1,0,0,190,65.9,59.9,56.8,63.6,0,0,1,0,,79.2,0.0,0,0,0,0,0,0,0.0,1,1.0
7,Bub Means,98847,WR,LA TECH,1,100.0,1,1,8.0,3.9,0,0,0.0,100.0,1,0,0,0.0,1,0,1,208,60.3,54.4,60.4,,0,0,1,0,,118.8,0.0,0,0,0,0,0,0,0.0,22,22.0
7,Luke Altmyer,146802,QB,OLE MISS,1,,0,1,,1.4,1,0,0.0,0.0,0,0,0,,1,0,0,226,60.3,59.7,60.0,,0,0,1,0,,39.6,0.0,0,0,0,0,0,0,0.0,0,0.0
7,Jace Ruder,77680,QB,N TEXAS,1,100.0,1,1,9.0,2.6,0,0,0.0,100.0,1,0,1,0.0,1,0,1,251,63.7,68.2,71.9,58.2,0,0,1,0,0.0,118.8,0.0,0,0,0,0,0,0,0.0,13,13.0
7,Trent Whittemore,98811,WR,FLORIDA,1,100.0,1,1,12.0,3.6,0,0,0.0,100.0,1,0,0,0.0,1,0,1,163,60.3,68.4,72.6,,0,0,1,0,,118.8,0.0,0,0,0,0,0,0,0.0,22,22.0
7,Brennan Presley,122982,WR,OKLA STATE,1,0.0,1,1,-6.0,2.9,0,0,0.0,0.0,0,0,0,,1,0,0,262,72.1,66.3,60.4,63.2,0,0,1,0,,39.6,0.0,0,0,0,0,0,0,0.0,0,0.0
7,Chance Warren,77869,HB,NAVY,1,100.0,1,1,12.0,1.8,0,0,0.0,100.0,1,0,0,0.0,1,0,1,237,68.2,70.6,75.4,60.1,0,0,1,0,,118.8,0.0,0,0,0,0,0,0,0.0,16,16.0
7,Austin Burton,60577,QB,PURDUE,1,,0,1,,4.0,0,0,0.0,0.0,0,0,0,,1,0,0,273,65.9,62.1,60.0,62.5,0,0,1,0,,39.6,0.0,0,0,0,1,0,0,0.0,0,0.0
7,Jayshon Jackson,78041,WR,BALL ST,1,100.0,1,1,21.0,2.9,0,0,0.0,100.0,1,0,0,0.0,1,0,1,117,65.9,69.2,76.2,,0,0,1,0,,118.8,0.0,0,0,0,0,0,0,0.0,26,26.0
7,Xavier Arline,121831,QB,NAVY,1,,0,1,,4.2,0,0,0.0,0.0,0,0,2,,2,0,0,237,68.7,58.4,55.4,61.0,0,0,2,0,50.0,39.6,50.0,1,0,0,1,0,0,0.0,0,0.0
7,Ren Hefley,101621,QB,PRESBYTERN,1,72.7,55,58,6.6,2.64,1,4,6.8,56.9,33,0,19,17.5,68,7,17,271,71.3,65.0,61.7,69.1,0,3,69,0,10.5,59.8,2.9,2,8,0,2,2,3,4.3,283,4.9
7,E.J. Perry,60349,QB,BROWN,1,76.6,47,51,8.1,2.6,1,0,0.0,66.7,34,0,23,5.6,59,2,20,123,72.8,79.0,69.5,80.4,1,1,62,0,13.0,109.2,5.1,3,5,0,2,5,1,1.6,331,6.5
7,Connor Sampson,33374,QB,W ILLINOIS,1,73.8,42,51,8.8,2.53,1,1,1.9,56.9,29,0,24,6.5,55,2,10,345,25.2,50.7,55.7,43.0,2,0,57,0,16.7,66.5,7.3,4,0,0,6,0,1,1.8,208,4.1
7,Zevi Eckhaus,148535,QB,BRYANT,1,69.0,42,48,8.3,2.57,3,1,2.0,56.3,27,0,30,6.9,55,2,16,124,70.2,54.2,49.9,66.5,3,1,60,1,6.7,72.0,3.6,2,5,0,0,2,3,5.0,206,4.3
7,Tommy Schuster,108954,QB,N DAKOTA,1,76.7,43,48,6.3,2.47,1,1,2.0,64.6,31,0,15,6.1,49,2,16,249,69.7,64.4,64.7,57.0,1,0,50,0,0.0,93.0,0.0,0,1,1,2,2,1,2.0,267,5.6
7,Corey Fields Jr.,78539,QB,SCAR STATE,1,61.9,42,45,13.5,2.46,1,1,2.2,46.7,21,0,12,19.2,47,5,12,290,71.1,64.9,63.1,63.3,1,2,48,0,0.0,69.4,0.0,0,2,0,1,3,2,4.2,267,5.9
7,Jack Chambers,60359,QB,CHARLES SO,1,62.8,43,44,13.2,2.61,0,5,11.1,56.8,25,0,7,7.4,48,2,15,135,70.0,77.6,74.3,69.6,0,0,49,1,0.0,113.5,0.0,0,4,0,1,4,0,0.0,357,8.1
7,Justin Miller,103941,QB,SO UTAH,1,82.9,41,44,9.8,2.5,3,4,8.9,63.6,28,0,7,17.6,45,6,18,298,23.6,79.6,79.8,58.4,0,0,46,0,14.3,93.0,2.2,1,0,0,0,1,2,4.3,320,7.3
7,Liam Welch,19897,QB,SAMFORD,1,69.0,42,43,10.0,2.4,0,1,2.2,65.1,28,0,4,3.4,43,1,12,282,72.3,75.3,71.5,69.6,0,0,45,0,0.0,99.7,0.0,0,0,0,1,2,1,2.2,287,6.7
7,Orion Olivas,155517,QB,HOU BAPT,1,69.0,42,42,7.5,2.35,0,1,2.3,54.8,23,0,15,20.7,46,6,12,183,38.3,49.3,57.9,33.4,0,2,48,0,6.7,75.3,2.2,1,3,0,0,3,3,6.3,238,5.7
7,Jett Duffey,41634,QB,HAMPTON,1,63.2,38,42,10.1,2.67,0,1,2.2,45.2,19,0,11,20.8,46,5,10,178,70.0,62.6,62.4,58.0,1,1,49,0,18.2,45.3,4.3,2,2,0,3,0,1,2.0,156,3.7
7,George Martin,103959,QB,ROB MORRIS,1,55.6,36,40,11.6,2.42,3,0,0.0,42.5,17,0,14,15.0,45,3,11,277,36.7,45.1,44.2,58.4,0,0,47,0,28.6,80.4,8.9,4,1,0,1,2,4,8.5,252,6.3
7,Derek Robertson,142298,QB,MAINE,1,57.9,38,40,10.4,2.54,1,1,2.3,50.0,20,0,12,9.1,42,2,17,212,70.9,63.5,57.9,73.9,0,0,45,0,0.0,83.6,0.0,0,2,0,1,2,2,4.4,223,5.6
7,Parker McKinney,82109,QB,E KENTUCKY,1,70.3,37,40,7.5,2.24,1,0,0.0,60.0,24,0,10,7.7,44,2,14,159,70.5,73.0,65.6,81.0,1,1,51,0,20.0,81.7,4.5,2,2,0,1,2,1,2.0,224,5.6
7,Mark Pappas,109046,QB,MOREHEAD,1,68.4,38,39,10.2,2.27,0,2,5.1,64.1,25,0,8,3.8,40,1,17,234,69.0,58.2,55.6,64.3,0,4,40,0,0.0,56.8,0.0,0,1,0,1,2,3,7.5,223,5.7
7,Jeff Undercuffler,78501,QB,ALBANY,1,52.8,36,38,12.3,2.68,0,1,2.4,47.4,18,0,13,5.3,42,1,9,106,69.4,38.2,38.8,52.8,0,2,46,0,15.4,39.3,4.8,2,2,0,2,0,5,10.9,179,4.7
7,Ah-Shaun Davis,149376,QB,LAFAYETTE,1,69.7,33,37,10.2,2.89,0,0,0.0,51.4,19,0,22,17.4,48,4,10,203,69.5,29.9,29.2,64.2,0,2,48,0,45.5,43.4,20.8,10,1,0,4,0,2,4.2,187,5.1
7,Cole Kelley,39945,QB,SE LA,1,91.4,35,37,8.9,2.49,0,1,2.6,81.1,30,0,9,6.3,42,2,20,294,39.0,83.3,85.6,60.7,2,0,43,0,22.2,146.7,4.8,2,3,0,0,4,0,0.0,391,10.6
7,Wiley Hartley,122297,QB,CAMPBELL,1,59.5,37,37,13.3,2.48,0,2,4.8,51.4,19,0,12,13.6,44,3,15,131,39.1,59.0,58.1,60.1,0,2,49,0,33.3,75.7,9.1,4,3,0,0,2,4,8.2,314,8.5
7,Kris Brown,105558,QB,MONTANA,1,83.3,36,36,4.7,2.99,0,0,0.0,80.6,29,0,17,3.3,46,1,12,232,38.1,55.7,52.0,63.7,0,1,46,0,23.5,76.9,8.7,4,6,0,0,0,3,6.5,188,5.2
7,Eric Barriere,40109,QB,E WASHGTON,1,80.6,36,36,12.5,2.78,0,3,8.1,72.2,26,0,17,10.3,43,3,21,161,33.7,85.3,81.9,70.8,0,0,44,0,23.5,153.9,9.3,4,2,0,0,7,1,2.3,600,16.7
7,Cam Ward,133244,QB,INCAR WORD,1,74.3,35,36,12.4,2.95,0,4,10.8,69.4,25,0,13,3.8,41,1,18,189,69.1,85.4,84.4,62.6,0,0,42,0,15.4,141.9,4.9,2,2,0,1,4,1,2.4,388,10.8
7,Westin Elliott,60433,QB,MERRIMACK,1,85.3,34,36,7.1,2.22,0,2,5.1,80.6,29,0,14,0.0,41,0,18,385,69.7,83.8,85.2,59.5,0,1,44,1,21.4,128.7,7.3,3,0,0,2,5,1,2.3,294,8.2
7,Jalen Fowler,64170,QB,NC A&T,1,58.1,31,35,12.8,2.64,0,5,14.3,40.0,14,0,8,22.2,37,4,8,246,69.7,81.0,82.7,54.9,2,0,37,0,0.0,56.4,0.0,0,1,0,2,0,0,0.0,176,5.0
7,Theo Day,83515,QB,N IOWA,1,76.5,34,35,9.1,3.2,1,2,5.6,71.4,25,0,9,3.8,45,1,17,255,35.5,69.6,73.5,56.0,0,2,47,1,55.6,92.9,11.1,5,5,0,0,2,4,8.5,303,8.7
7,Aqeel Glass,60328,QB,ALAB A&M,1,63.3,30,35,9.6,2.59,2,1,2.8,45.7,16,0,17,15.8,40,3,6,104,69.5,44.0,44.1,55.0,0,1,41,1,23.5,60.8,10.0,4,1,0,3,1,1,2.4,193,5.5
7,Geremy Hickbottom,62834,QB,TENN STATE,1,69.0,29,34,6.5,2.56,0,1,2.9,55.9,19,0,12,5.0,39,1,12,308,36.3,53.6,55.3,54.3,1,1,40,0,8.3,85.7,2.6,1,4,0,4,2,2,5.0,242,7.1
7,Tim Demorat,78498,QB,FORDHAM,1,87.9,33,34,8.9,2.24,0,3,8.1,76.5,26,0,5,10.3,36,3,20,168,68.9,87.6,86.6,,0,0,39,0,40.0,144.4,5.6,2,0,0,1,6,0,0.0,318,9.4
7,Rasean McKay,88321,QB,FL A&M,1,76.5,34,34,10.8,2.21,0,2,5.4,61.8,21,0,12,19.2,34,5,9,164,32.5,57.7,61.6,44.2,0,1,38,0,0.0,101.2,0.0,0,0,0,0,3,2,5.3,249,7.3
7,Anthony Thompson,40036,QB,INDIANA ST,1,73.3,30,32,11.0,3.21,0,1,3.0,56.3,18,0,9,18.2,36,4,8,191,68.7,77.0,79.4,52.6,0,1,37,0,22.2,69.4,5.6,2,2,1,1,1,1,2.7,177,5.5
7,Breylin Smith,33893,QB,CENT ARK,1,75.9,29,31,9.7,2.77,1,4,12.5,61.3,19,0,6,13.6,35,3,13,132,29.9,84.4,79.6,74.0,0,0,36,0,33.3,108.3,5.7,2,2,0,1,1,1,2.8,330,10.6
7,Davis Alexander,52162,QB,PORTLAND,1,76.7,30,31,7.3,3.22,0,1,2.9,58.1,18,0,7,21.7,33,5,10,269,31.1,71.5,70.9,61.1,0,1,36,0,0.0,93.3,0.0,0,2,0,1,3,1,2.8,179,5.8
7,Tony Muskett,142933,QB,MONMOUTH,1,61.3,31,31,14.6,2.55,0,6,19.4,54.8,17,0,6,10.5,34,2,14,231,69.9,92.8,93.4,59.2,0,0,34,0,16.7,118.5,2.9,1,2,0,0,3,0,0.0,286,9.2
7,Bret Edwards,88638,QB,NEW HAMP,1,75.9,29,31,4.3,2.53,0,1,3.1,64.5,20,0,9,9.1,34,2,8,240,68.6,67.7,63.6,69.6,0,1,35,0,11.1,60.0,2.9,1,2,1,1,0,2,5.7,131,4.2
7,Rett Files,91405,QB,N ALABAMA,1,77.8,27,30,11.4,2.25,0,2,6.3,66.7,20,0,10,4.8,34,1,10,389,70.1,73.9,74.1,58.4,0,2,36,0,40.0,88.5,11.8,4,0,0,3,2,2,5.6,262,8.7
7,Nolan Grooms,108987,QB,YALE,1,45.8,24,30,14.5,3.44,0,3,9.4,26.7,8,0,21,27.3,41,3,8,352,70.5,46.4,43.4,61.6,1,1,44,1,9.5,42.6,4.9,2,9,0,5,1,3,6.8,132,4.4
7,Dylan McCaffrey,60451,QB,N COLORADO,1,82.1,28,30,1.8,2.45,0,0,0.0,66.7,20,0,10,13.0,35,3,5,253,31.1,62.0,65.1,53.1,0,1,36,0,10.0,60.1,2.9,1,3,0,2,0,1,2.8,118,3.9
7,Noah Bodden,150881,QB,GRAMBLING,1,60.0,30,30,10.5,2.81,0,0,0.0,50.0,15,0,11,16.7,31,3,7,177,26.0,41.7,41.6,59.4,0,2,31,0,9.1,37.5,3.2,1,0,0,0,0,2,6.5,155,5.2
7,Kenyon Oblad,83576,QB,DIXIE,1,60.0,30,30,9.6,2.61,0,1,3.2,50.0,15,0,9,16.7,32,3,8,1285,29.9,37.0,34.4,59.5,0,1,34,0,0.0,44.9,0.0,0,2,0,0,0,4,11.8,108,3.6
7,Willie Miller,104799,QB,TENN TECH,1,46.4,28,30,10.4,3.44,0,0,0.0,40.0,12,0,14,7.7,34,1,7,309,74.2,42.3,39.4,55.3,0,1,34,1,14.3,50.3,5.9,2,2,0,2,1,3,8.8,127,4.2
7,Steven Duncan,40211,QB,TARLETON,1,73.3,30,30,11.0,2.37,0,2,6.7,70.0,21,0,7,4.5,33,1,11,401,68.5,70.2,69.1,61.6,0,0,33,0,14.3,135.3,3.0,1,2,0,0,3,0,0.0,299,10.0
7,Mason Randall,91728,QB,SAN DIEGO,1,65.5,29,30,6.6,2.5,1,1,3.2,63.3,19,0,6,0.0,31,0,9,283,70.3,67.7,65.0,65.4,0,0,32,0,16.7,91.0,3.2,1,0,0,0,1,0,0.0,180,6.0
7,DJ Williams,138061,QB,MURRAY ST,1,68.0,25,29,11.1,3.42,2,2,6.7,51.7,15,0,11,11.8,36,2,15,236,71.4,85.9,75.2,79.7,0,0,37,0,9.1,91.2,2.8,1,6,1,1,1,0,0.0,240,8.3
7,Cole Johnson,29785,QB,JAMES MAD,1,80.0,25,29,10.2,2.29,1,1,3.2,65.5,19,0,8,5.0,32,1,10,197,20.0,59.4,59.4,57.6,2,0,34,0,37.5,107.0,9.4,3,0,0,1,1,2,5.9,270,9.3
7,Lindsey Scott Jr.,40219,QB,NICHOLLS,1,70.4,27,29,11.8,3.42,1,1,3.4,65.5,19,0,12,0.0,39,0,14,243,42.5,79.0,73.1,71.7,0,1,40,0,16.7,84.7,5.1,2,8,0,1,1,2,5.0,215,7.4
7,Jake Dunniway,60572,QB,SACRAMENTO,1,67.9,28,29,11.6,2.62,0,1,3.2,58.6,17,0,8,10.5,32,2,14,279,70.4,74.7,73.4,64.2,0,1,34,0,12.5,103.7,3.1,1,2,0,1,3,1,2.9,227,7.8
7,Zach Gwynn,77654,QB,DELAWARE,1,64.3,28,29,11.6,2.46,0,2,6.9,51.7,15,0,5,16.7,32,3,9,151,28.8,46.7,42.0,66.5,0,0,32,0,20.0,96.8,3.1,1,2,0,1,2,2,6.3,199,6.9
7,Tyler Riddell,102355,QB,E TENN ST,1,73.1,26,29,11.2,2.8,2,3,9.4,58.6,17,0,12,10.5,36,2,11,157,21.4,55.6,55.9,55.8,0,1,40,0,41.7,74.8,13.9,5,2,0,1,1,3,7.5,186,6.4
7,Shedeur Sanders,131396,QB,JACKSON ST,1,76.0,25,29,9.3,3.29,0,1,3.4,58.6,17,0,16,10.5,34,2,9,194,69.1,74.1,76.4,56.1,2,0,35,1,18.8,102.8,8.8,3,2,0,2,2,0,0.0,201,6.9
7,Otto Kuhns,138014,QB,E ILLINOIS,1,64.0,25,29,8.7,2.45,3,2,6.7,44.8,13,0,18,18.8,32,3,7,158,70.0,55.9,52.0,65.8,0,1,34,0,11.1,57.4,6.3,2,1,0,1,1,0,0.0,145,5.0
7,Bronson Barron,141710,QB,WEBER ST,1,80.0,25,29,8.8,2.96,0,2,6.9,55.2,16,0,10,20.0,35,4,10,342,29.7,65.5,74.9,37.1,1,0,35,0,40.0,79.0,11.4,4,2,0,3,0,2,5.7,215,7.4
7,RJ Martinez,147690,QB,N ARIZONA,1,88.9,27,29,8.5,2.58,0,3,10.3,79.3,23,0,3,4.2,30,1,16,252,72.3,92.2,93.0,65.8,0,0,30,0,0.0,158.3,0.0,0,1,0,2,5,0,0.0,417,14.4
7,Andrew Body,155202,QB,TEXAS STHN,1,80.0,25,28,5.7,2.46,0,0,0.0,64.3,18,0,11,10.0,33,2,10,313,21.2,40.3,37.1,57.8,1,2,33,0,36.4,64.3,12.1,4,1,0,2,1,3,9.1,178,6.4
7,Hunter Rodrigues,78490,QB,UC DAVIS,1,76.0,25,28,5.4,2.89,0,0,0.0,64.3,18,0,13,5.3,36,1,10,322,68.8,57.8,59.9,54.0,0,2,37,1,30.8,67.6,11.1,4,4,0,3,1,1,2.7,200,7.1
7,Charlie Dean,108990,QB,HARVARD,1,65.4,26,27,9.5,2.28,0,0,0.0,55.6,15,0,8,11.8,29,2,12,179,18.4,50.0,61.1,28.3,1,2,29,0,12.5,40.2,3.4,1,1,0,0,0,1,3.4,147,5.4
7,Hunter Hays,141593,QB,IDAHO ST,1,63.0,27,27,8.1,2.73,0,0,0.0,55.6,15,0,9,11.8,39,2,11,186,23.6,33.3,27.7,70.8,0,2,40,0,55.6,50.7,12.8,5,7,0,0,1,6,15.0,135,5.0
7,Myles Crawley,141731,QB,ALABAMA ST,1,56.0,25,27,13.9,2.61,0,1,3.6,37.0,10,0,10,28.6,29,4,7,105,29.9,64.2,62.4,62.8,1,0,30,0,20.0,65.5,6.9,2,0,0,1,1,3,10.0,131,4.9
7,Cole Smith,109050,QB,PRINCETON,1,96.2,26,27,12.3,2.52,0,2,7.4,92.6,25,0,4,0.0,31,0,19,272,30.4,93.3,94.9,47.7,0,0,31,1,75.0,158.3,9.7,3,1,0,1,4,0,0.0,476,17.6
7,Kasim Hill,60444,QB,RHODE ISLD,1,50.0,20,27,12.5,3.36,2,1,3.3,25.9,7,0,9,30.0,34,3,4,274,33.3,51.1,54.0,50.0,1,1,37,0,55.6,26.0,14.7,5,2,0,4,0,2,5.4,93,3.4
7,Harry Kirk,143015,QB,COLGATE,1,60.0,25,27,13.1,2.79,1,3,10.0,40.7,11,0,5,26.7,28,4,7,142,68.4,74.7,77.1,53.1,1,1,32,0,0.0,60.6,0.0,0,1,0,0,1,0,0.0,179,6.6
7,Neil Boudreau,44632,QB,MORGAN ST,1,50.0,24,26,8.7,2.11,1,1,3.2,42.3,11,0,10,8.3,30,1,3,235,21.1,50.8,54.2,49.8,1,3,35,0,20.0,29.3,6.7,2,2,0,0,1,2,5.7,117,4.5
7,Jack Cook,109015,QB,DAYTON,1,91.7,24,26,6.8,2.62,1,1,3.8,73.1,19,0,8,13.6,29,3,12,150,69.2,68.8,74.1,55.5,1,1,29,1,0.0,98.2,0.0,0,3,0,0,1,1,3.4,240,9.2
7,John Quinnelly,109048,QB,PENN,1,36.4,22,25,10.8,2.91,1,1,3.8,24.0,6,0,9,25.0,30,2,6,267,69.3,54.1,54.7,56.3,0,0,31,0,22.2,40.9,6.7,2,3,0,2,0,1,3.2,83,3.3
7,Cody Orgeron,23693,QB,MCNEESE,1,85.7,21,25,10.7,2.68,0,2,8.0,64.0,16,0,11,11.1,31,2,10,217,71.9,84.3,90.5,54.7,0,0,31,0,36.4,111.4,12.9,4,2,0,4,2,0,0.0,176,7.0
7,Austin Day,106411,QB,MARIST,1,72.7,22,25,5.7,3.17,1,0,0.0,52.0,13,0,11,18.8,34,3,8,213,22.5,59.9,59.5,59.1,0,0,38,0,18.2,64.8,5.9,2,7,0,2,0,1,2.6,116,4.6
7,Chris Oladokun,40364,QB,S DAK ST,1,76.0,25,25,9.2,2.66,0,3,12.0,68.0,17,0,8,10.5,30,2,10,292,18.8,74.3,82.9,48.9,0,0,31,1,37.5,117.8,10.0,3,2,0,0,2,1,3.2,194,7.8
7,Chris Ferguson,40105,QB,TOWSON,1,75.0,24,25,8.3,2.69,1,1,4.0,64.0,16,0,7,11.1,28,2,10,317,28.3,68.9,76.0,43.1,0,0,28,1,28.6,100.6,7.1,2,1,0,0,1,0,0.0,191,7.6
7,Felix Harper,13753,QB,ALCORN ST,1,79.2,24,25,4.4,2.44,1,0,0.0,60.0,15,0,11,21.1,29,4,7,107,71.2,70.0,61.8,72.5,0,0,32,0,27.3,89.6,10.3,3,1,0,0,1,1,3.1,145,5.8
7,Jawon Pass,40916,QB,PRVIEW A&M,1,78.3,23,24,11.7,2.52,1,3,12.5,70.8,17,0,4,5.6,25,1,9,270,70.9,81.8,88.7,53.9,0,0,25,0,0.0,151.7,0.0,0,1,0,0,3,0,0.0,294,12.3
7,Nick Semptimphelter,142984,QB,BUCKNELL,1,76.2,21,24,6.6,2.62,1,0,0.0,54.2,13,0,11,18.8,30,3,4,125,68.8,51.6,53.8,51.9,0,1,30,0,36.4,47.2,13.3,4,2,0,2,0,0,0.0,100,4.2
7,Jalani Eason,52172,QB,MS VLY ST,1,55.0,20,24,7.6,2.54,3,0,0.0,33.3,8,0,9,27.3,29,3,3,228,41.6,50.7,47.6,60.4,0,0,31,0,22.2,42.4,6.9,2,3,0,1,0,1,3.2,70,2.9
7,Derek Kyler,109012,QB,DARTMOUTH,1,86.4,22,23,10.5,2.3,0,2,8.3,78.3,18,0,10,5.3,26,1,14,148,68.5,92.2,92.2,62.8,1,0,27,0,20.0,147.7,7.7,2,1,0,0,2,0,0.0,325,14.1
7,Justin Sliwoski,77612,QB,ST FRANCIS,1,69.6,23,23,9.1,2.88,0,0,0.0,69.6,16,0,9,0.0,30,0,8,299,19.6,41.8,47.6,44.3,0,0,31,0,33.3,96.8,10.0,3,4,0,0,1,1,3.2,123,5.3
7,Juwan Carter,91113,QB,NORFOLK,1,72.7,22,23,11.2,2.5,1,3,11.5,65.2,15,1,6,6.3,26,1,9,244,26.6,84.3,89.4,59.4,0,0,29,1,0.0,125.6,0.0,0,3,0,0,2,1,3.4,222,9.7
7,Alex Piccirilli,109065,QB,STETSON,1,69.6,23,23,6.6,2.94,0,1,4.2,60.9,14,0,14,12.5,33,2,8,302,36.5,40.0,29.6,63.8,0,2,34,0,28.6,33.6,12.1,4,6,0,0,0,4,11.8,94,4.1
7,Joe Green,101283,QB,COLUMBIA,1,61.9,21,22,14.0,2.54,0,2,8.7,54.5,12,0,7,7.7,23,1,9,145,69.9,90.2,88.5,69.3,0,0,24,0,0.0,97.2,0.0,0,1,0,1,1,0,0.0,182,8.3
7,Daniel Smith,88625,QB,VILLANOVA,1,54.5,22,22,11.5,2.24,0,2,8.7,40.9,9,0,4,25.0,23,3,5,334,27.6,62.7,65.4,52.0,0,1,24,0,0.0,51.7,0.0,0,1,0,0,1,0,0.0,102,4.6
7,Griffin O'Connor,109073,QB,YALE,1,50.0,20,22,11.7,2.19,1,0,0.0,45.5,10,0,8,0.0,24,0,3,352,69.0,44.2,43.2,64.8,0,3,26,1,0.0,12.9,0.0,0,1,0,1,0,3,11.5,57,2.6
7,Quincy Patterson II,77626,QB,N DAK ST,1,63.6,22,22,7.4,2.74,0,0,0.0,59.1,13,0,7,7.1,27,1,7,250,74.2,59.8,53.1,64.0,0,2,27,0,14.3,52.1,3.7,1,4,0,0,1,1,3.7,124,5.6
7,Xzavier Vaughn,102342,QB,ARKAPB,1,52.4,21,21,11.5,2.64,0,0,0.0,52.4,11,0,6,0.0,25,0,5,112,70.5,51.2,46.5,63.2,0,2,25,0,33.3,21.8,8.0,2,2,0,0,0,2,8.0,79,3.8
7,Keon Howard,40418,QB,TENN MARTN,1,65.0,20,21,11.9,3.14,0,2,9.1,57.1,12,0,15,7.7,26,1,8,310,28.1,70.7,80.2,51.8,0,0,27,0,6.7,98.1,3.8,1,4,0,1,1,1,3.7,164,7.8
7,Carson Camp,141837,QB,S DAKOTA,1,85.0,20,21,4.9,2.45,0,0,0.0,76.2,16,0,4,5.9,25,1,10,291,67.9,89.5,90.0,61.6,0,0,27,0,75.0,127.7,12.0,3,1,0,1,2,1,3.7,153,7.3
7,Jason Shelley,60581,QB,MO STATE,1,66.7,21,21,14.1,3.03,0,1,4.8,52.4,11,0,12,21.4,29,3,9,230,29.1,70.3,64.9,69.1,0,0,29,0,33.3,130.0,13.8,4,4,0,0,3,1,3.4,225,10.7
7,C.J. Ogbonna,149182,QB,SE MO ST,1,70.6,17,20,12.2,3.04,0,0,0.0,45.0,9,0,9,25.0,25,3,7,293,20.0,61.8,59.1,62.1,1,0,27,0,11.1,86.5,4.0,1,4,0,2,1,2,7.4,145,7.3
7,Matthew McKay,60485,QB,MONTANA ST,1,66.7,18,19,7.1,2.35,1,0,0.0,63.2,12,0,7,0.0,21,0,4,233,72.1,52.7,47.5,62.1,0,0,21,0,28.6,74.2,9.5,2,0,0,0,0,2,9.5,89,4.7
7,Romelo Williams,78489,QB,CENT CT ST,1,58.8,17,19,6.9,2.97,0,0,0.0,47.4,9,0,10,10.0,23,1,7,133,21.3,48.6,46.8,56.7,1,1,27,0,20.0,41.8,8.7,2,2,0,1,0,1,3.7,101,5.3
7,Devin Black,78526,QB,BETH COOK,1,63.2,19,19,15.0,2.59,0,4,19.0,57.9,11,0,7,8.3,22,1,8,119,69.4,89.3,82.9,76.4,0,1,24,0,42.9,107.8,13.6,3,0,0,0,2,0,0.0,202,10.6
7,Marquez McCray,109056,QB,SACR HEART,1,72.2,18,19,13.2,2.95,0,4,18.2,57.9,11,0,3,15.4,21,2,4,280,70.5,87.4,83.1,72.1,0,1,26,0,33.3,67.4,4.8,1,1,0,1,0,0,0.0,178,9.4
7,Cade Sexauer,111800,QB,STTHOM,1,56.3,16,18,14.0,2.6,0,2,10.0,44.4,8,0,8,11.1,21,1,4,1129,69.9,48.6,48.6,54.6,0,1,23,0,25.0,36.1,9.5,2,1,0,2,0,2,8.7,87,4.8
7,Bryce Jefferson,89411,QB,ILL STATE,1,31.3,16,18,8.8,3.38,0,0,0.0,22.2,4,0,12,20.0,25,1,4,188,28.9,28.7,27.7,57.3,0,2,27,0,41.7,0.0,20.0,5,2,0,2,0,2,7.4,40,2.2
7,Peyton Mansell,82135,QB,ABILENE CH,1,68.8,16,18,6.3,2.98,0,0,0.0,55.6,10,0,8,9.1,25,1,8,100,23.5,60.7,61.9,58.7,0,0,25,0,25.0,79.6,8.0,2,5,0,2,0,0,0.0,135,7.5
7,Fred Payton,82102,QB,MERCER,1,56.3,16,18,10.9,2.87,1,1,5.6,44.4,8,0,7,11.1,22,1,4,219,15.4,34.1,35.4,51.5,0,2,22,0,42.9,20.1,13.6,3,1,0,1,0,3,13.6,89,4.9
7,Tyquell Fields,51615,QB,STNY BROOK,1,82.4,17,18,8.8,2.77,0,1,5.0,72.2,13,0,11,7.1,22,1,7,303,28.2,71.8,72.6,59.7,0,0,24,0,27.3,111.6,13.6,3,1,0,1,1,0,0.0,133,7.4
7,Seth Morgan,103954,QB,VA MILT IN,1,73.3,15,18,6.5,2.68,0,0,0.0,50.0,9,0,2,18.2,18,2,5,336,71.2,58.5,59.5,56.6,0,0,18,0,0.0,62.5,0.0,0,0,0,3,0,0,0.0,81,4.5
7,Camden Orth,108965,QB,LIUSHAR,1,62.5,16,18,10.1,2.87,0,0,0.0,38.9,7,0,12,30.0,25,3,4,1298,17.3,35.9,45.0,40.9,0,0,27,1,50.0,55.6,24.0,6,1,0,2,0,2,7.4,91,5.1
7,Jaylan Adams,89133,QB,CITADEL,1,73.3,15,17,14.7,3.05,0,0,0.0,52.9,9,0,9,18.2,24,2,6,139,77.5,71.9,67.1,68.6,1,1,24,1,22.2,51.6,8.3,2,5,0,1,0,0,0.0,122,7.2
7,Mike Chandler II,139371,QB,LAMAR,1,75.0,16,17,9.1,3.45,0,0,0.0,52.9,9,0,8,25.0,22,3,8,204,69.8,66.3,73.2,52.9,0,0,22,0,25.0,117.0,9.1,2,3,0,1,1,0,0.0,209,12.3
7,Shannon Patrick,82081,QB,BETH COOK,1,53.3,15,16,8.1,2.41,1,1,5.9,37.5,6,0,7,25.0,17,2,3,119,67.6,52.8,55.9,60.0,0,1,18,0,14.3,21.4,5.9,1,0,0,0,0,0,0.0,54,3.4
7,Darius Wilson,148492,QB,WM & MARY,1,62.5,16,16,10.3,3.19,0,0,0.0,50.0,8,0,8,20.0,18,2,5,348,27.9,28.8,26.8,57.3,0,2,21,0,12.5,59.6,5.6,1,1,0,0,1,3,14.3,133,8.3
7,Joseph Brunell,109021,QB,GEORGETOWN,1,68.8,16,16,6.5,2.11,0,0,0.0,62.5,10,0,7,9.1,18,1,4,172,67.6,39.9,35.8,63.1,0,1,18,0,28.6,45.8,11.1,2,0,0,0,0,1,5.6,68,4.3
7,Nic Baker,87541,QB,S ILLINOIS,1,81.3,16,16,4.2,2.73,0,1,6.3,81.3,13,0,9,0.0,23,0,6,295,24.0,49.8,50.4,54.1,0,1,23,0,44.4,126.3,17.4,4,3,0,0,3,2,8.7,177,11.1
7,Glendon McDaniel,78483,QB,SOUTHERN U,1,60.0,15,15,9.5,3.23,0,0,0.0,60.0,9,0,8,0.0,20,0,2,297,68.6,63.1,62.9,60.0,0,0,21,0,25.0,68.2,10.0,2,3,0,0,0,0,0.0,58,3.9
7,Cole Copeland,63563,QB,CHATTNOOGA,1,71.4,14,15,6.1,2.79,0,0,0.0,60.0,9,0,10,10.0,19,1,6,137,68.6,58.5,46.9,74.5,0,1,21,0,10.0,50.1,5.3,1,3,0,1,0,2,9.5,93,6.2
7,Zachary Clement,105561,QB,NWSTATE,1,66.7,15,15,11.1,2.92,0,3,18.8,53.3,8,0,8,20.0,19,2,5,257,17.4,66.8,73.8,53.2,0,0,20,0,25.0,87.4,10.5,2,2,0,0,0,1,5.0,147,9.8
7,Bryce Corriston,139140,QB,WOFFORD,1,81.8,11,15,7.8,2.59,0,0,0.0,53.3,8,0,9,11.1,18,1,7,350,71.7,77.2,66.9,73.6,1,0,18,0,11.1,76.3,5.6,1,2,1,2,0,1,5.6,107,7.1
7,Kobe Tracy,141317,QB,DIXIE,1,85.7,14,15,8.9,2.51,0,1,6.3,73.3,11,0,6,8.3,17,1,6,1285,22.9,59.8,61.7,57.3,0,1,18,0,16.7,66.3,5.9,1,1,1,0,0,1,5.6,111,7.4
7,Marco Siderman,143060,QB,HOLY CROSS,1,73.3,15,15,9.0,3.08,0,0,0.0,73.3,11,0,5,0.0,17,0,6,181,22.9,63.4,62.7,,0,0,18,0,40.0,95.4,11.8,2,0,0,0,0,1,5.6,116,7.7
7,Gevani McCoy,147609,QB,IDAHO,1,50.0,14,14,12.2,3.08,0,2,13.3,50.0,7,0,9,0.0,18,0,2,185,15.7,45.5,47.6,53.8,0,2,19,0,22.2,28.6,11.1,2,2,0,0,0,3,15.8,82,5.9
7,Richie Kenney,91723,QB,CORNELL,1,78.6,14,14,11.1,2.29,0,2,14.3,78.6,11,0,2,0.0,14,0,6,147,67.1,90.5,90.7,59.7,0,0,14,0,0.0,138.1,0.0,0,0,0,0,1,0,0.0,160,11.4
7,Xavier Shepherd,104767,QB,KENNESAW,1,58.3,12,13,15.1,2.64,1,0,0.0,46.2,6,0,5,14.3,14,1,6,200,26.0,63.8,66.7,59.7,0,1,14,0,0.0,49.8,0.0,0,1,0,0,0,1,7.1,129,9.9
7,Jalen Brown,141977,QB,TEXAS STHN,1,75.0,12,13,8.0,1.78,1,0,0.0,61.5,8,0,1,11.1,13,1,5,313,66.2,54.1,53.9,,0,0,14,0,0.0,81.6,0.0,0,0,0,0,0,0,0.0,88,6.8
7,Kaleb Fletcher,60499,QB,NWSTATE,1,36.4,11,13,5.0,2.46,0,0,0.0,30.8,4,0,6,0.0,17,0,2,257,70.7,43.4,36.6,59.3,0,0,17,0,33.3,40.2,11.8,2,2,0,2,0,0,0.0,21,1.6
7,Bret Bushka,108927,QB,BUTLER,1,25.0,12,13,14.1,2.61,0,2,15.4,15.4,2,0,1,33.3,14,1,1,127,67.1,39.3,38.9,56.5,0,1,14,0,0.0,7.5,0.0,0,1,0,1,0,1,7.1,34,2.6
7,Sean Cooney,143174,QB,DRAKE,1,46.2,13,13,15.1,2.38,0,1,7.1,46.2,6,0,7,0.0,17,0,4,153,69.0,58.0,57.6,63.7,0,1,18,1,57.1,40.9,23.5,4,0,0,0,0,0,0.0,101,7.8
7,Pierce Holley,108981,QB,GEORGETOWN,1,75.0,12,12,14.6,2.68,0,2,15.4,75.0,9,0,10,0.0,15,0,5,172,68.2,85.9,90.5,54.4,0,1,16,0,20.0,81.9,13.3,2,1,0,0,0,1,6.3,160,13.3
7,Jace Wilson,149892,QB,FURMAN,1,36.4,11,12,8.2,3.36,0,0,0.0,33.3,4,0,4,0.0,17,0,3,170,24.2,29.7,31.7,46.2,0,0,17,0,25.0,85.1,5.9,1,4,0,1,1,1,5.9,79,6.6
7,Duce Taylor,150493,QB,MORGAN ST,1,30.0,10,11,10.3,2.29,1,0,0.0,27.3,3,0,5,0.0,13,0,0,235,66.0,40.5,39.8,,0,2,13,0,40.0,0.0,15.4,2,0,0,0,0,0,0.0,16,1.5
7,Beau English,82066,QB,RICHMOND,1,40.0,10,10,5.6,2.36,0,0,0.0,40.0,4,0,8,0.0,16,0,2,276,28.8,49.1,38.9,63.0,0,0,16,0,75.0,57.5,37.5,6,0,0,0,0,1,6.3,53,5.3
7,Louis Colosimo,64186,QB,DAVIDSON,1,80.0,10,10,14.7,1.81,0,0,0.0,80.0,8,0,2,0.0,10,0,6,149,68.4,79.6,56.9,89.0,0,0,10,0,0.0,158.3,0.0,0,0,0,0,3,1,10.0,151,15.1
7,Ethan Grady,149266,QB,BUCKNELL,1,70.0,10,10,9.9,2.12,0,0,0.0,50.0,5,0,2,28.6,10,2,2,125,65.4,51.4,50.5,,0,1,10,0,0.0,22.9,0.0,0,0,0,0,0,1,10.0,45,4.5
7,Matthew Sluka,143059,QB,HOLY CROSS,1,80.0,10,10,17.5,3.53,0,2,20.0,70.0,7,0,8,12.5,16,1,8,181,70.1,90.8,89.5,73.8,0,0,16,0,0.0,152.1,0.0,0,6,0,0,2,1,6.3,136,13.6
7,Stone Earle,123504,QB,ABILENE CH,1,77.8,9,9,7.3,2.12,0,0,0.0,66.7,6,0,4,14.3,10,1,4,100,67.5,74.5,70.7,65.5,0,0,10,0,25.0,109.7,10.0,1,0,0,0,0,0,0.0,123,13.7
7,Asher O'Hara,78529,QB,SACRAMENTO,1,100.0,8,9,4.9,2.79,0,1,11.1,88.9,8,0,4,0.0,12,0,5,279,31.5,78.8,78.8,68.0,0,0,12,0,0.0,101.4,0.0,0,3,0,1,0,0,0.0,75,8.3
7,Jackson Hardy,142351,QB,RICHMOND,1,66.7,6,7,2.5,2.38,0,0,0.0,57.1,4,0,3,0.0,10,0,2,276,21.4,36.7,58.4,35.8,1,0,10,0,66.7,67.6,20.0,2,1,0,0,0,0,0.0,30,4.3
7,Zach Borisch,83230,HB,IDAHO,1,66.7,6,7,10.0,3.31,0,0,0.0,57.1,4,0,10,0.0,14,0,5,185,22.5,62.6,40.7,69.7,0,0,15,0,40.0,84.2,28.6,4,3,0,1,0,1,6.7,58,8.3
7,Carter Peevy,129563,QB,MERCER,1,83.3,6,7,6.7,2.45,1,1,14.3,57.1,4,0,2,20.0,8,1,2,219,67.2,72.1,71.3,62.2,0,0,8,0,50.0,141.4,12.5,1,0,0,0,1,0,0.0,96,13.7
7,Jameson Wang,148782,QB,CORNELL,1,100.0,6,6,2.5,2.52,0,0,0.0,100.0,6,0,0,0.0,6,0,4,147,73.1,78.5,67.7,71.5,0,0,6,0,,129.2,0.0,0,0,0,0,1,0,0.0,33,5.5
7,Skyler Perry,82082,QB,ARKAPB,1,66.7,6,6,14.2,2.7,0,1,16.7,66.7,4,0,2,0.0,7,0,2,112,21.3,48.2,51.0,53.8,0,2,8,0,50.0,56.3,14.3,1,0,0,0,0,2,25.0,55,9.2
7,Michael Brescia,149295,QB,COLGATE,1,75.0,4,5,9.0,2.71,0,0,0.0,60.0,3,0,3,0.0,7,0,1,142,72.1,72.7,46.2,75.3,1,0,7,0,33.3,64.6,14.3,1,1,0,0,0,0,0.0,15,3.0
7,Peyton Derrick,60329,QB,WOFFORD,1,50.0,4,5,10.8,2.02,1,0,0.0,40.0,2,0,2,0.0,6,0,2,350,68.9,69.2,69.1,66.1,0,0,6,1,50.0,127.1,16.7,1,0,0,0,1,0,0.0,100,20.0
7,Nick Orlando,109004,QB,BUTLER,1,60.0,5,5,14.0,3.38,0,0,0.0,20.0,1,0,3,66.7,8,2,0,127,68.3,55.6,50.5,62.3,0,0,9,0,0.0,39.6,0.0,0,3,0,0,0,1,11.1,7,1.4
7,Kohen Granier,63573,QB,NICHOLLS,1,60.0,5,5,12.4,2.32,0,0,0.0,40.0,2,0,1,33.3,5,1,2,243,63.8,47.6,47.0,,0,1,5,0,0.0,20.0,0.0,0,0,0,0,0,1,20.0,29,5.8
7,John Seter,60388,QB,STETSON,1,60.0,5,5,3.6,2.06,0,0,0.0,40.0,2,0,1,33.3,5,1,1,302,63.8,53.6,53.3,,0,0,5,0,0.0,47.9,0.0,0,0,0,0,0,0,0.0,13,2.6
7,Aldon Clark,60338,QB,GRAMBLING,1,75.0,4,4,1.0,2.28,0,0,0.0,75.0,3,0,3,0.0,5,0,0,177,68.9,58.9,62.0,57.5,0,1,5,0,33.3,37.5,20.0,1,0,0,0,0,0,0.0,12,3.0
7,Jake Van Dyne,122772,QB,MO STATE,1,75.0,4,4,13.5,2.76,0,0,0.0,50.0,2,0,1,33.3,5,1,1,230,63.8,63.5,62.9,,0,1,5,0,100.0,32.3,20.0,1,0,0,0,0,1,20.0,27,6.8
7,Grant Wilson,143041,QB,FORDHAM,1,100.0,4,4,3.8,2.58,0,0,0.0,100.0,4,0,1,0.0,5,0,2,168,12.1,46.9,45.9,,0,0,5,0,100.0,104.2,20.0,1,0,0,0,0,1,20.0,36,9.0
7,Nick Howard,108979,QB,DARTMOUTH,1,75.0,4,4,2.8,1.98,0,0,0.0,75.0,3,0,0,0.0,4,0,1,148,75.8,82.9,52.6,78.3,0,0,4,0,,81.3,0.0,0,0,0,0,0,0,0.0,16,4.0
7,Quincy Vaughn,138259,QB,N DAKOTA,1,50.0,4,4,16.3,3.58,0,0,0.0,50.0,2,0,2,0.0,4,0,2,249,71.1,73.2,63.9,69.0,0,0,4,0,0.0,61.5,0.0,0,0,0,0,0,0,0.0,17,4.3
7,Collin Ironside,139107,QB,VA MILT IN,1,100.0,4,4,9.5,2.08,0,0,0.0,75.0,3,0,0,25.0,4,1,2,336,63.8,81.6,81.8,,0,0,5,0,,115.6,0.0,0,0,0,0,0,0,0.0,49,12.3
7,Anthony Chiccitt,141376,QB,ROB MORRIS,1,50.0,4,4,10.0,2.64,0,0,0.0,50.0,2,0,2,0.0,5,0,3,277,64.6,70.5,65.1,64.1,0,0,7,0,0.0,103.1,0.0,0,1,0,0,1,0,0.0,19,4.8
7,Sagan Gronauer,105567,QB,IDAHO ST,1,50.0,4,4,15.8,3.52,0,0,0.0,50.0,2,0,0,0.0,5,0,2,186,63.8,66.3,70.6,57.3,0,0,5,0,,72.9,0.0,0,1,0,0,0,0,0.0,28,7.0
7,Hamp Sisson,78462,QB,FURMAN,1,0.0,3,3,27.3,4.1,0,0,0.0,0.0,0,0,1,,3,0,0,170,11.6,39.9,51.9,60.0,0,0,3,0,0.0,39.6,0.0,0,0,0,0,0,0,0.0,0,0.0
7,Warner Bush,149585,QB,PRESBYTERN,1,66.7,3,3,5.0,2.87,0,0,0.0,66.7,2,0,2,0.0,3,0,1,271,62.7,74.3,73.9,,0,0,3,0,0.0,77.1,0.0,0,0,0,0,0,0,0.0,14,4.7
7,Gunner Talkington,60371,QB,E WASHGTON,1,66.7,3,3,19.3,2.23,0,0,0.0,66.7,2,0,1,0.0,3,0,1,161,66.6,65.2,55.9,65.8,0,0,4,0,0.0,130.6,0.0,0,0,0,0,1,0,0.0,24,8.0
7,Luke Duby,148765,QB,CORNELL,1,100.0,3,3,8.7,2.8,0,0,0.0,66.7,2,0,1,33.3,4,1,3,147,63.8,90.1,78.4,69.3,0,0,5,0,0.0,109.7,0.0,0,1,0,0,0,0,0.0,56,18.7
7,Cephus Johnson III,60530,QB,SE LA,1,0.0,2,2,10.0,2.3,0,0,0.0,0.0,0,0,0,,2,0,0,294,69.6,83.0,57.7,78.4,0,0,2,0,,39.6,0.0,0,0,0,0,0,0,0.0,0,0.0
7,Tommy Dolan,111302,QB,STTHOM,1,100.0,2,2,13.5,2.35,0,1,50.0,100.0,2,0,0,0.0,2,0,1,1129,66.2,90.9,90.0,64.9,0,0,2,0,,118.8,0.0,0,0,0,0,0,0,0.0,30,15.0
7,Gabe Carroll,121799,QB,PRESBYTERN,1,50.0,2,2,7.0,3.0,0,0,0.0,50.0,1,0,1,0.0,3,0,0,271,63.8,48.2,47.5,,0,0,5,0,100.0,58.3,33.3,1,0,0,0,0,0,0.0,7,3.5
7,Gunnar See,102372,QB,INDIANA ST,1,0.0,2,2,35.0,5.3,0,0,0.0,0.0,0,0,1,,2,0,0,191,61.8,43.3,42.9,,0,0,2,0,0.0,39.6,0.0,0,0,0,0,0,0,0.0,0,0.0
7,Jackson Waring,138217,QB,ILL STATE,1,0.0,2,2,10.5,2.95,0,0,0.0,0.0,0,0,0,,2,0,0,188,64.4,44.2,41.1,60.0,0,0,2,0,,39.6,0.0,0,0,0,0,0,0,0.0,0,0.0
7,Elijah Burrell,139171,QB,DAVIDSON,1,50.0,2,2,3.5,1.07,0,0,0.0,0.0,0,0,0,100.0,3,1,0,149,13.8,36.7,53.3,46.8,0,1,3,0,,0.0,0.0,0,0,0,0,0,0,0.0,0,0.0
7,Mike Irwin,60512,QB,TARLETON,1,0.0,1,2,2.0,2.3,0,0,0.0,0.0,0,0,1,,2,0,0,401,64.8,47.7,50.5,57.7,0,0,3,0,0.0,39.6,0.0,0,0,0,1,0,0,0.0,0,0.0
7,Shon Mitchell,60610,QB,CENT CT ST,1,0.0,1,2,11.0,3.38,1,0,0.0,0.0,0,0,1,,4,0,0,133,63.3,48.1,54.1,56.2,0,0,4,0,100.0,39.6,25.0,1,1,0,0,0,0,0.0,0,0.0
7,Justin Agner,41605,QB,STETSON,1,0.0,2,2,13.0,3.03,0,0,0.0,0.0,0,0,7,,9,0,2,302,66.3,47.7,27.2,73.3,0,1,9,0,57.1,0.0,44.4,4,3,0,0,0,1,11.1,0,0.0
7,Jonah Fitzgerald,83535,QB,NORFOLK,1,0.0,2,2,27.5,2.15,0,0,0.0,0.0,0,0,1,,2,0,0,244,61.8,52.1,50.6,,0,0,2,0,0.0,39.6,0.0,0,0,0,0,0,0,0.0,0,0.0
7,Gabriel Hollingsworth,148707,QB,COLUMBIA,1,50.0,2,2,2.5,2.65,0,0,0.0,50.0,1,0,1,0.0,2,0,0,145,70.5,56.1,47.3,61.7,0,0,2,0,0.0,56.3,0.0,0,0,0,0,0,0,0.0,0,0.0
7,Brody Reder,73916,QB,BUTLER,1,0.0,2,2,16.0,3.17,0,0,0.0,0.0,0,0,1,,3,0,0,127,62.7,26.8,26.7,,0,0,3,0,100.0,39.6,33.3,1,0,0,0,0,1,33.3,0,0.0
7,Ladarius Skelton,78528,QB,SOUTHERN U,1,50.0,2,2,-1.5,1.45,0,0,0.0,50.0,1,0,1,0.0,2,0,1,297,66.8,63.1,54.5,64.6,0,0,2,0,0.0,106.3,0.0,0,0,0,0,1,0,0.0,11,5.5
7,Tyler Beverett,142985,QB,BUCKNELL,1,0.0,1,1,5.0,2.8,0,0,0.0,0.0,0,0,1,,1,0,0,125,60.3,54.2,55.3,,0,0,1,0,0.0,39.6,0.0,0,0,0,0,0,0,0.0,0,0.0
7,Braxton Hughes,83544,QB,RICHMOND,1,0.0,1,1,6.0,2.95,0,0,0.0,0.0,0,0,1,,2,0,0,276,67.6,49.2,49.8,57.3,0,0,2,0,100.0,39.6,50.0,1,0,0,0,0,0,0.0,0,0.0
7,Sawyer Evans,141954,P,TEXAS STHN,1,0.0,1,1,4.0,3.9,0,0,0.0,0.0,0,0,0,,1,0,0,313,60.3,60.6,60.6,,0,0,1,0,,39.6,0.0,0,0,0,0,0,0,0.0,0,0.0
7,Anthony Paoletti,91403,QB,DELAWARE,1,0.0,1,1,40.0,4.1,0,0,0.0,0.0,0,0,1,,1,0,0,151,65.9,56.0,49.9,62.9,0,0,1,0,0.0,39.6,0.0,0,0,0,0,0,0,0.0,0,0.0
7,Cameron Sapp,102361,QB,FL A&M,1,100.0,1,1,16.0,3.1,0,0,0.0,100.0,1,0,1,0.0,1,0,1,164,60.3,76.1,75.4,,0,0,1,0,0.0,118.8,0.0,0,0,0,0,0,0,0.0,21,21.0
7,Lawrence Martinez,123754,LS,FL A&M,1,0.0,1,1,22.0,3.1,0,0,0.0,0.0,0,0,1,,1,0,0,164,60.3,59.9,59.9,,0,0,1,0,0.0,39.6,0.0,0,0,0,0,0,0,0.0,0,0.0
7,Joe Pesansky,149434,QB,HOLY CROSS,1,100.0,1,1,12.0,2.8,0,0,0.0,100.0,1,0,0,0.0,1,0,1,181,63.7,75.9,74.3,60.0,0,0,1,0,,118.8,0.0,0,0,0,0,0,0,0.0,14,14.0
7,Bronson Yoder,104872,HB,WM & MARY,1,100.0,1,1,-4.0,0.5,0,0,0.0,100.0,1,0,0,0.0,1,0,0,348,73.8,75.5,60.4,72.0,0,0,1,0,,79.2,0.0,0,0,0,0,0,0,0.0,-3,-3.0
7,Chris Katrenick,60365,QB,E ILLINOIS,1,100.0,1,1,6.0,3.8,0,0,0.0,100.0,1,0,1,0.0,1,0,0,158,66.2,67.3,54.6,68.4,0,0,2,0,0.0,91.7,0.0,0,0,0,0,0,0,0.0,6,6.0
7,Dante Chachere,103930,QB,PORTLAND,1,100.0,1,1,12.0,2.6,0,0,0.0,100.0,1,0,0,0.0,1,0,1,269,3.1,28.9,74.3,29.6,0,0,1,0,,116.7,0.0,0,0,0,0,0,0,0.0,12,12.0
7,Carlos Washington Jr.,63268,HB,NEW HAMP,1,100.0,1,1,26.0,3.8,0,0,0.0,100.0,1,0,1,0.0,1,0,1,240,72.9,70.6,76.2,63.6,0,0,1,0,0.0,158.3,0.0,0,0,0,0,1,0,0.0,44,44.0
7,Carson Crawford,61756,WR,UC DAVIS,1,0.0,1,1,17.0,2.6,0,0,0.0,0.0,0,0,0,,1,0,0,322,66.2,56.0,47.3,63.2,0,0,1,0,,39.6,0.0,0,0,0,0,0,0,0.0,0,0.0
7,K.J. Franklin,104007,WR,NICHOLLS,1,0.0,1,1,9.0,4.2,0,0,0.0,0.0,0,0,1,,1,0,0,243,69.1,58.3,23.5,,0,1,1,0,0.0,0.0,0.0,0,0,0,0,0,1,100.0,0,0.0
7,Darrius Sample,155649,QB,VA LYNCHBU,1,52.0,25,27,12.8,3.55,0,1,3.4,37.0,10,0,23,23.1,34,3,7,406,69.6,51.0,51.7,54.8,1,2,36,0,17.4,36.3,11.8,4,3,0,1,1,2,5.6,142,5.3
week,player,player_id,position,team_name,player_game_count,accuracy_percent,aimed_passes,attempts,avg_depth_of_target,avg_time_to_throw,bats,big_time_throws,btt_rate,completion_percent,completions,declined_penalties,def_gen_pressures,drop_rate,dropbacks,drops,first_downs,franchise_id,grades_hands_fumble,grades_offense,grades_pass,grades_run,hit_as_threw,interceptions,passing_snaps,penalties,pressure_to_sack_rate,qb_rating,sack_percent,sacks,scrambles,spikes,thrown_aways,touchdowns,turnover_worthy_plays,twp_rate,yards,ypa
8,Carson Strong,83524,QB,NEVADA,1,86.2,58,61,8.4,2.49,0,4,5.8,80.3,49,0,18,2.0,67,1,22,239,70.9,91.8,91.7,57.0,0,1,75,1,27.8,114.2,7.5,5,1,1,2,4,1,1.3,476,7.8
8,Will Rogers,124184,QB,MISS STATE,1,75.5,53,56,6.2,2.66,2,3,5.2,71.4,40,0,10,0.0,63,0,20,227,70.8,67.0,69.5,54.2,0,2,65,1,30.0,97.5,4.8,3,3,0,1,4,2,3.1,363,6.5
8,Bailey Zappe,60396,QB,W KENTUCKY,1,87.2,47,49,5.3,2.07,2,2,3.8,79.6,39,0,3,4.9,52,2,20,346,70.0,87.7,88.0,57.3,0,0,56,0,66.7,119.6,3.8,2,1,0,0,3,0,0.0,383,7.8
8,Peter Parrish,99138,QB,MEMPHIS,1,70.5,44,48,6.5,2.9,3,0,0.0,64.6,31,0,16,0.0,64,0,16,218,49.5,44.1,39.0,61.5,0,3,68,0,37.5,48.5,9.4,6,10,0,1,0,3,4.4,215,4.5
8,Brady McBride,77641,QB,TEXAS ST,1,65.9,41,47,9.8,2.79,0,2,3.8,57.4,27,0,27,0.0,58,0,18,314,46.4,68.9,63.3,71.3,0,1,63,1,14.8,64.1,6.9,4,7,0,6,0,1,1.6,260,5.5
8,Jeff Sims,122496,QB,GA TECH,1,75.6,41,44,9.1,2.71,1,2,4.3,61.4,27,0,13,12.9,47,4,15,176,72.1,67.0,63.0,68.0,0,1,50,0,7.7,94.9,2.1,1,2,0,2,3,2,4.0,300,6.8
8,Brennan Armstrong,77696,QB,VIRGINIA,1,78.9,38,43,10.6,2.84,0,4,9.3,67.4,29,0,16,3.3,49,1,19,335,71.8,90.3,88.0,72.7,4,0,49,0,12.5,127.7,4.1,2,4,0,1,4,0,0.0,396,9.2
8,Bryce Young,123943,QB,ALABAMA,1,80.5,41,43,8.9,3.36,0,2,4.5,72.1,31,0,13,6.1,54,2,24,103,70.0,83.1,80.5,72.2,0,0,55,1,15.4,113.4,3.7,2,8,0,2,2,0,0.0,369,8.6
8,Devin Leary,77628,QB,NC STATE,1,76.3,38,42,8.7,2.64,1,4,9.3,57.1,24,0,14,17.2,43,5,13,248,70.1,84.3,80.9,70.3,0,0,44,0,7.1,96.3,2.3,1,0,0,3,2,0,0.0,310,7.4
8,Tanner Mordecai,77656,QB,SMU,1,80.0,40,42,11.0,2.74,0,1,2.3,71.4,30,0,16,6.3,46,2,22,287,70.7,88.1,86.2,67.9,0,0,48,0,6.3,127.8,2.2,1,3,0,2,3,1,2.1,427,10.2
8,Jake Bentley,40788,QB,S ALABAMA,1,75.0,40,41,10.9,2.95,0,4,9.3,73.2,30,0,22,0.0,47,0,14,288,70.4,76.9,76.1,62.1,1,2,49,0,18.2,107.8,8.5,4,2,0,0,4,3,6.1,320,7.8
8,Dorian Thompson-Robinson,83574,QB,UCLA,1,62.2,37,41,10.3,2.93,0,0,0.0,53.7,22,0,22,4.3,54,1,18,324,71.0,69.7,63.2,73.1,0,1,57,0,22.7,67.1,9.3,5,7,0,4,1,0,0.0,220,5.4
8,Daniel Richardson,97103,QB,C MICHIGAN,1,84.4,32,40,8.0,2.39,2,2,5.0,60.0,24,0,11,11.1,41,3,14,134,69.5,75.7,76.9,57.0,0,0,41,0,0.0,108.5,0.0,0,1,3,3,3,0,0.0,302,7.6
8,Anthony Brown,40316,QB,OREGON,1,78.9,38,39,8.8,2.38,1,1,2.4,74.4,29,0,7,3.3,41,1,14,264,71.6,69.0,62.8,73.2,0,2,43,0,14.3,74.0,2.4,1,1,0,0,0,3,7.0,293,7.5
8,Kenny Pickett,60515,QB,PITTSBURGH,1,80.6,36,39,8.5,3.07,0,1,2.4,64.1,25,0,10,13.8,45,4,16,268,71.1,80.2,78.9,65.4,0,0,49,0,20.0,103.8,4.4,2,4,0,3,2,0,0.0,292,7.5
8,Kurtis Rourke,97998,QB,OHIO,1,88.9,36,38,5.1,2.73,0,0,0.0,81.6,31,0,5,3.1,40,1,18,259,71.1,83.0,78.9,75.3,1,1,41,1,0.0,89.5,0.0,0,2,0,1,0,0,0.0,308,8.1
8,Jake Haener,60596,QB,FRESNO ST,1,73.7,38,38,8.8,2.48,0,2,5.1,68.4,26,0,11,7.1,40,2,16,169,33.2,63.3,63.5,57.9,0,0,41,0,18.2,105.8,5.0,2,0,0,0,2,1,2.4,266,7.0
8,Holton Ahlers,77651,QB,E CAROLINA,1,69.4,36,37,9.1,2.46,0,1,2.5,62.2,23,0,16,8.0,43,2,10,156,24.2,43.3,45.9,48.8,0,0,46,0,25.0,103.2,9.3,4,2,0,1,2,2,4.3,278,7.5
8,Kedon Slovis,100580,QB,USC,1,80.0,35,37,8.4,2.58,1,3,7.7,73.0,27,0,8,3.6,42,1,13,326,22.1,64.0,67.2,53.4,0,1,44,1,37.5,85.3,7.1,3,2,0,1,0,2,4.5,299,8.1
8,Jayden de Laura,131928,QB,WASH STATE,1,73.0,37,37,10.1,2.78,0,1,2.6,70.3,26,0,6,3.7,39,1,16,341,69.5,64.9,60.6,72.0,0,1,41,0,16.7,78.3,2.6,1,1,0,0,0,4,9.8,257,6.9
8,Matt McDonald,60350,QB,BOWL GREEN,1,71.0,31,36,8.0,2.75,5,0,0.0,58.3,21,0,11,4.5,39,1,12,122,68.9,61.1,59.6,62.0,0,1,39,0,9.1,64.9,2.6,1,2,0,0,0,1,2.6,223,6.2
8,Cameron Rising,77663,QB,UTAH,1,67.6,34,36,7.9,2.83,1,2,5.4,61.1,22,0,13,4.3,41,1,15,328,41.3,73.6,75.2,63.2,0,0,42,1,0.0,102.4,0.0,0,5,0,1,2,1,2.4,267,7.4
8,Steven Krajewski,77650,QB,UCONN,1,65.6,32,36,8.2,2.46,1,3,7.7,55.6,20,0,11,4.8,42,1,8,146,70.9,51.2,48.7,61.4,2,2,45,0,27.3,61.2,7.1,3,2,0,1,1,3,6.7,231,6.4
8,Chase Cunningham,78533,QB,MIDDLE TN,1,77.8,36,36,9.8,2.79,0,3,7.9,69.4,25,0,9,10.7,42,3,17,224,71.0,77.3,82.1,55.5,0,0,44,0,11.1,131.4,2.4,1,5,0,0,4,0,0.0,297,8.3
8,Chandler Rogers,98683,QB,LA MONROE,1,75.8,33,35,10.5,2.27,0,1,2.8,71.4,25,0,13,0.0,41,0,15,209,73.2,83.6,83.2,64.7,1,0,42,0,15.4,142.8,4.9,2,3,0,1,4,1,2.4,362,10.3
8,Austin Aune,83528,QB,N TEXAS,1,75.0,32,35,8.8,2.36,0,1,2.6,62.9,22,0,8,8.3,37,2,11,251,73.4,56.2,53.4,60.8,0,2,41,0,12.5,65.4,2.7,1,0,0,3,1,5,12.2,212,6.1
8,Garrett Shrader,98212,QB,SYRACUSE,1,60.6,33,34,12.6,2.79,0,2,5.9,47.1,16,0,12,20.0,42,4,13,304,74.0,84.8,74.3,78.5,1,0,42,0,8.3,89.8,2.4,1,7,0,0,2,1,2.4,236,6.9
8,Drew Plitt,39879,QB,BALL ST,1,68.8,32,34,7.8,2.65,1,1,2.8,64.7,22,0,11,0.0,40,0,11,117,35.1,38.0,46.9,39.6,1,1,42,1,18.2,91.2,5.0,2,4,0,0,2,2,4.8,227,6.7
8,Austin Kendall,40056,QB,LA TECH,1,80.6,31,34,6.9,2.67,0,0,0.0,67.6,23,0,14,8.0,41,2,13,208,70.5,59.4,59.2,58.3,0,1,44,0,42.9,100.0,14.6,6,1,0,3,2,1,2.3,279,8.2
8,Sean Clifford,51708,QB,PENN STATE,1,67.7,31,34,8.4,3.25,2,1,2.6,55.9,19,0,9,9.5,39,2,9,266,69.2,51.6,53.9,,0,0,43,0,55.6,78.7,12.8,5,0,0,1,1,1,2.3,165,4.9
8,Brock Purdy,77672,QB,IOWA STATE,1,90.3,31,33,4.6,2.79,0,0,0.0,81.8,27,0,10,3.6,37,1,14,193,71.8,68.0,72.9,53.2,0,0,40,0,20.0,125.6,5.4,2,2,0,2,2,0,0.0,307,9.3
8,Tyler Van Dyke,122225,QB,MIAMI FL,1,80.6,31,33,10.4,2.7,0,4,11.4,75.8,25,0,12,0.0,40,0,14,220,49.6,84.3,90.0,57.2,0,0,42,1,33.3,145.8,10.0,4,3,0,2,4,0,0.0,325,9.8
8,Dylan Hopkins,83571,QB,UAB,1,70.4,27,32,12.0,2.61,1,1,2.7,59.4,19,0,11,0.0,38,0,7,321,69.2,52.3,52.2,57.2,2,1,43,0,27.3,88.5,7.9,3,3,1,1,1,2,4.7,304,9.5
8,Max Bortenschlager,46500,QB,FIU,1,68.0,25,32,8.4,2.63,4,1,3.1,46.9,15,0,15,11.8,40,2,8,166,70.8,63.7,60.7,66.8,1,0,41,0,53.3,75.9,20.0,8,0,0,2,1,1,2.4,187,5.8
8,Aidan O'Connell,60516,QB,PURDUE,1,80.0,30,32,5.2,2.25,0,1,2.9,75.0,24,0,8,0.0,36,0,13,273,68.9,57.3,57.0,,0,3,38,0,50.0,62.0,11.1,4,0,0,2,1,4,10.5,200,6.3
8,Dennis Grosel,60351,QB,BOSTON COL,1,63.3,30,32,9.3,2.32,2,1,3.0,53.1,17,0,9,10.5,37,2,9,121,32.5,56.9,58.1,53.3,0,2,38,0,44.4,49.1,10.8,4,1,0,0,1,2,5.3,141,4.4
8,Chris Reynolds,60361,QB,CHARLOTTE,1,73.3,30,31,8.4,2.8,0,2,5.7,71.0,22,0,14,0.0,33,0,12,136,23.3,51.7,61.4,37.0,1,2,37,0,14.3,74.5,6.1,2,0,0,0,1,2,5.4,219,7.1
8,Dustin Crum,60418,QB,KENT STATE,1,86.7,30,31,6.2,2.48,1,0,0.0,83.9,26,0,3,0.0,35,0,15,201,74.3,64.5,49.0,76.9,0,0,37,0,33.3,112.0,2.9,1,3,0,0,1,1,2.7,257,8.3
8,Layne Hatcher,82068,QB,ARK STATE,1,55.2,29,31,15.2,3.47,0,2,5.7,51.6,16,0,14,0.0,39,0,12,113,70.1,59.1,59.1,57.9,0,0,44,0,28.6,117.4,10.3,4,4,0,2,3,0,0.0,298,9.6
8,Chase Garbers,60356,QB,CAL,1,81.5,27,30,6.7,3.17,1,3,9.7,73.3,22,0,11,0.0,37,0,14,130,70.2,89.3,84.2,74.7,1,0,38,0,9.1,116.7,2.7,1,6,1,0,2,0,0.0,225,7.5
8,Logan Bonner,39990,QB,UTAH ST,1,63.3,30,30,13.0,2.42,0,4,10.3,56.7,17,0,15,10.5,39,2,10,329,69.9,57.9,55.1,65.6,0,1,48,0,53.3,90.0,20.5,8,1,0,0,2,3,6.3,233,7.8
8,Todd Centeio,60552,QB,COLO STATE,1,73.1,26,30,12.8,2.94,0,2,6.7,60.0,18,0,13,5.3,36,1,17,144,34.0,67.3,78.1,44.5,0,1,36,0,7.7,88.5,2.8,1,5,1,3,1,2,5.6,282,9.4
8,Desmond Ridder,55086,QB,CINCINNATI,1,69.0,29,30,8.9,2.53,0,0,0.0,60.0,18,0,6,10.0,32,2,8,138,70.3,47.1,46.8,56.3,0,1,32,0,16.7,84.9,3.1,1,1,0,1,2,3,9.4,176,5.9
8,Skylar Thompson,60417,QB,KANSAS ST,1,86.7,30,30,9.0,3.05,0,2,6.3,80.0,24,0,11,7.7,34,2,12,199,70.9,70.8,74.5,54.1,0,0,36,0,18.2,120.3,5.9,2,2,0,0,1,2,5.6,306,10.2
8,Cameron Friel,146195,QB,UNLV,1,80.0,25,29,10.6,3.25,2,1,3.4,69.0,20,0,19,0.0,41,0,14,325,70.4,71.1,79.7,49.0,0,0,41,0,26.3,105.5,12.2,5,7,1,1,1,1,2.4,240,8.3
8,Ryan Hilinski,71295,QB,NWESTERN,1,57.7,26,29,6.2,2.29,3,0,0.0,48.3,14,0,10,6.7,30,1,5,256,69.3,51.5,51.2,59.3,0,1,31,0,10.0,44.3,3.3,1,0,0,0,0,0,0.0,114,3.9
8,Sam Hartman,77618,QB,WAKE,1,86.2,29,29,11.6,2.68,0,2,6.7,79.3,23,0,11,8.0,32,2,16,339,69.5,93.5,93.4,66.2,0,0,33,0,0.0,158.3,0.0,0,3,0,0,5,0,0.0,461,15.9
8,Clayton Tune,77652,QB,HOUSTON,1,71.4,28,29,6.4,2.96,0,2,6.5,65.5,19,0,11,5.0,37,1,12,182,68.9,64.2,61.3,65.5,0,0,39,0,45.5,104.0,13.5,5,3,0,1,2,2,5.1,169,5.8
8,Kaleb Eleby,77686,QB,W MICHIGAN,1,65.2,23,29,14.0,3.06,4,2,6.7,51.7,15,0,11,0.0,37,0,11,347,69.5,65.7,68.4,56.3,0,0,40,0,18.2,78.5,5.4,2,6,0,2,0,1,2.5,232,8.0
8,Brayden Schager,146078,QB,HAWAII,1,86.2,29,29,2.3,2.46,0,1,3.3,86.2,25,0,10,0.0,32,0,13,180,68.9,66.9,61.6,70.1,0,0,33,0,10.0,97.6,3.1,1,2,0,0,0,2,6.1,215,7.4
8,Jack Coan,60613,QB,NOTRE DAME,1,80.8,26,28,7.2,2.5,0,0,0.0,71.4,20,0,5,4.8,29,1,12,258,70.3,75.1,70.5,71.3,0,1,31,0,20.0,86.8,3.4,1,0,0,2,1,1,3.2,189,6.8
8,Nick Nash,98679,QB,S JOSE ST,1,87.5,24,28,9.0,2.84,1,2,7.1,60.7,17,0,10,19.0,34,4,9,285,24.3,80.1,87.5,59.8,2,0,34,0,0.0,84.4,0.0,0,6,0,1,0,0,0.0,213,7.6
8,Jarret Doege,60353,QB,W VIRGINIA,1,80.8,26,28,7.3,2.49,1,1,3.2,75.0,21,0,3,0.0,30,0,10,343,69.0,66.5,64.7,62.1,0,0,33,0,33.3,102.8,3.3,1,1,0,1,0,1,3.0,257,9.2
8,Chase Brice,60363,QB,APP STATE,1,71.4,28,28,16.4,2.56,0,6,20.0,64.3,18,0,10,10.0,32,2,13,108,69.1,91.5,92.6,53.9,0,0,34,0,0.0,131.1,0.0,0,4,0,0,2,0,0.0,347,12.4
8,Hendon Hooker,60593,QB,TENNESSEE,1,76.9,26,28,8.9,2.66,0,2,7.1,67.9,19,0,11,5.0,38,1,8,307,70.2,61.3,68.8,52.4,0,1,38,1,27.3,121.4,7.9,3,7,0,2,3,1,2.6,282,10.1
8,C.J. Stroud,129759,QB,OHIO STATE,1,78.6,28,28,11.7,2.79,0,1,3.4,75.0,21,0,3,4.5,30,1,18,260,68.8,90.4,87.5,71.4,0,0,31,0,33.3,143.8,3.3,1,1,0,0,4,0,0.0,266,9.5
8,Rocky Lombardi,60452,QB,N ILLINOIS,1,66.7,27,27,11.8,2.37,0,1,3.6,63.0,17,0,7,5.6,30,1,9,254,70.3,62.3,62.6,58.8,0,0,31,0,28.6,143.7,6.7,2,1,0,0,3,0,0.0,348,12.9
8,Brady Olson,147415,QB,UMASS,1,54.2,24,27,5.8,2.36,0,0,0.0,44.4,12,0,8,7.7,27,1,5,216,30.0,29.0,28.1,62.5,0,2,29,0,0.0,25.2,0.0,0,0,0,3,0,4,13.8,110,4.1
8,Taulia Tagovailoa,97271,QB,MARYLAND,1,80.8,26,27,8.7,2.88,0,1,3.2,63.0,17,0,8,19.0,30,4,6,215,29.9,76.6,74.0,66.8,0,0,34,0,37.5,96.1,10.0,3,0,0,1,1,1,2.9,189,7.0
8,Cade McNamara,101620,QB,MICHIGAN,1,74.1,27,27,6.9,2.31,0,0,0.0,74.1,20,0,8,0.0,29,0,9,222,68.4,63.1,63.2,57.3,0,0,32,0,12.5,83.6,3.4,1,1,0,0,0,1,3.1,128,4.7
8,Ben Bryant,77655,QB,E MICHIGAN,1,95.8,24,26,7.8,2.65,0,1,3.8,76.9,20,0,4,13.0,31,3,16,160,69.3,91.0,92.5,56.7,0,0,31,0,25.0,137.7,3.2,1,4,0,2,2,0,0.0,286,11.0
8,Max Duggan,99470,QB,TCU,1,68.0,25,26,11.8,3.26,1,1,3.7,61.5,16,0,7,5.9,33,1,13,305,68.5,63.2,62.5,60.0,0,2,34,1,28.6,72.0,6.1,2,5,0,0,1,3,8.8,236,9.1
8,Devin Grainger,78496,QB,GA STATE,1,73.9,23,25,10.6,2.21,0,2,7.4,64.0,16,0,7,5.9,25,1,9,175,43.7,80.6,79.3,67.7,2,0,27,0,0.0,115.4,0.0,0,0,0,0,2,0,0.0,200,8.0
8,DJ Uiagalelei,122162,QB,CLEMSON,1,60.0,25,25,10.2,2.38,0,2,7.4,48.0,12,0,5,20.0,28,3,9,140,31.2,55.3,55.1,57.9,0,2,30,0,20.0,30.1,3.6,1,2,0,0,0,1,3.3,128,5.1
8,Brett Gabbert,97404,QB,MIAMI OH,1,87.0,23,24,9.7,2.41,0,1,3.7,83.3,20,0,4,0.0,27,0,11,221,70.2,88.3,86.8,67.2,0,0,31,0,25.0,130.4,3.7,1,2,0,1,2,1,3.2,207,8.6
8,Spencer Sanders,77660,QB,OKLA STATE,1,77.3,22,24,11.4,3.15,1,2,8.0,62.5,15,0,9,11.8,30,2,11,262,71.1,75.8,75.5,63.9,0,0,31,0,33.3,132.8,10.0,3,3,0,1,3,0,0.0,225,9.4
8,Matt Corral,83517,QB,OLE MISS,1,78.3,23,24,5.0,2.54,0,0,0.0,75.0,18,0,9,0.0,30,0,10,226,70.9,60.1,59.6,53.5,0,0,31,1,22.2,110.6,6.7,2,4,0,1,1,0,0.0,185,7.7
8,Zach Calzada,98006,QB,TEXAS A&M,1,66.7,21,24,8.0,3.1,0,2,8.0,50.0,12,0,8,14.3,24,2,11,312,67.7,82.3,81.7,,0,1,25,0,0.0,86.6,0.0,0,0,0,3,2,1,4.0,187,7.8
8,Dequan Finn,97804,QB,TOLEDO,1,42.9,21,24,13.6,3.23,0,2,8.0,33.3,8,0,15,11.1,30,1,6,316,71.2,60.3,56.1,63.8,1,0,31,0,20.0,81.6,10.0,3,3,0,2,2,1,3.2,138,5.8
8,Grayson McCall,98002,QB,COAST CAR,1,86.4,22,23,7.8,2.77,0,1,4.0,65.2,15,0,14,21.1,29,4,12,141,69.8,74.6,80.5,55.2,0,0,31,1,21.4,123.0,10.3,3,2,0,1,1,1,3.2,291,12.7
8,Michael Pratt,123229,QB,TULANE,1,57.1,21,23,14.4,2.93,0,2,8.0,52.2,12,0,9,0.0,29,0,11,319,68.8,72.4,75.8,56.2,1,0,31,0,11.1,127.9,3.4,1,5,0,1,3,0,0.0,236,10.3
8,Wiley Green,75891,QB,RICE,1,78.3,23,23,10.8,2.77,0,2,8.3,78.3,18,0,10,0.0,28,0,14,275,25.4,91.3,90.4,70.3,0,0,29,0,40.0,144.7,14.3,4,1,0,0,3,1,3.4,212,9.2
8,Sean Chambers,75888,QB,WYOMING,1,52.2,23,23,14.4,3.17,0,0,0.0,47.8,11,0,8,8.3,27,1,6,351,43.2,49.4,39.8,69.7,0,1,27,0,25.0,41.2,7.4,2,2,0,0,0,1,3.7,96,4.2
8,Jason Bean,83529,QB,KANSAS,1,81.8,22,23,9.1,2.71,0,0,0.0,73.9,17,0,11,5.6,25,1,15,198,73.3,83.9,75.6,75.8,0,0,25,0,9.1,122.7,4.0,1,1,0,1,1,1,4.0,246,10.7
8,Dylan Morris,100570,QB,WASHINGTON,1,73.7,19,21,15.1,2.98,1,2,8.0,61.9,13,0,12,7.1,27,1,7,340,68.3,60.2,61.8,53.6,0,0,31,0,33.3,128.5,14.8,4,2,0,1,2,0,0.0,217,10.3
8,Max Johnson,124099,QB,LSU,1,75.0,20,21,9.2,2.92,0,1,4.3,61.9,13,0,13,13.3,27,2,8,211,11.7,39.8,36.8,61.6,0,1,29,0,30.8,62.8,14.8,4,2,0,1,0,4,13.8,146,7.0
8,Caleb Williams,144622,QB,OKLAHOMA,1,84.2,19,21,10.8,3.75,0,0,0.0,71.4,15,0,9,6.3,24,1,9,261,70.5,77.9,67.3,77.4,0,1,25,1,22.2,108.8,8.3,2,1,0,2,2,1,4.0,178,8.5
8,D'Wan Mathis,99130,QB,TEMPLE,1,71.4,21,21,7.4,2.09,0,1,4.3,57.1,12,0,5,20.0,23,3,6,306,70.0,64.3,63.8,60.3,0,2,25,0,20.0,62.3,4.3,1,0,0,0,1,0,0.0,183,8.7
8,Mikey Keene,70961,QB,UCF,1,83.3,18,20,8.4,2.62,1,2,10.0,60.0,12,0,4,20.0,22,3,7,323,68.0,76.1,73.6,65.3,0,1,22,1,25.0,62.7,4.5,1,1,0,1,1,1,4.5,71,3.6
8,Kyle Vantrease,55029,QB,BUFFALO,1,75.0,20,20,7.6,2.7,0,1,4.8,75.0,15,0,5,0.0,21,0,12,126,69.3,70.0,66.5,62.9,0,0,22,0,0.0,154.4,0.0,0,1,0,0,3,0,0.0,241,12.1
8,Braxton Burmeister,60513,QB,VA TECH,1,64.7,17,20,13.1,2.83,2,1,4.8,50.0,10,0,9,9.1,26,1,10,337,70.1,73.8,69.3,68.8,0,0,27,0,33.3,97.3,11.5,3,3,0,1,1,0,0.0,177,8.9
8,Will Plummer,131592,QB,ARIZONA,1,78.9,19,20,6.7,2.85,0,0,0.0,65.0,13,0,9,13.3,26,2,4,109,68.0,60.7,62.2,55.9,0,2,28,0,22.2,29.6,7.7,2,4,0,1,0,0,0.0,62,3.1
8,Levi Lewis,60428,QB,LA LAFAYET,1,73.7,19,20,7.2,2.88,0,2,9.1,55.0,11,0,7,21.4,25,3,7,207,28.5,47.0,39.8,63.3,0,1,27,0,28.6,52.5,8.0,2,3,0,1,0,2,7.4,122,6.1
8,Chance Nolan,78493,QB,OREGON ST,1,82.4,17,19,8.4,2.85,0,2,10.0,73.7,14,0,6,0.0,22,0,9,265,27.6,74.2,74.2,61.4,1,0,23,0,33.3,144.2,9.1,2,1,0,1,2,1,4.3,208,10.9
8,Artur Sitkowski,83547,QB,ILLINOIS,1,50.0,18,19,9.3,3.13,0,1,4.2,42.1,8,0,10,11.1,24,1,3,187,20.4,29.8,26.1,71.4,0,1,29,0,40.0,27.7,16.7,4,1,0,1,0,4,13.8,38,2.0
8,Frank Harris,60586,QB,UTSA,1,81.3,16,19,10.7,2.65,0,1,4.3,63.2,12,0,9,7.7,21,1,9,331,71.4,84.7,76.6,76.6,1,0,25,0,11.1,132.1,4.8,1,1,0,2,2,1,4.0,193,10.2
8,Henry Colombi,60583,QB,TEXAS TECH,1,58.8,17,18,11.0,3.0,0,2,10.5,55.6,10,0,10,0.0,27,0,6,315,69.1,56.1,55.5,58.3,0,1,28,0,40.0,59.5,14.8,4,4,1,0,0,2,7.1,148,8.2
8,Brendon Lewis,131687,QB,COLORADO,1,66.7,15,17,6.5,3.35,1,0,0.0,52.9,9,0,11,10.0,24,1,2,143,68.9,34.2,29.4,60.3,0,1,25,0,54.5,38.6,25.0,6,1,0,1,0,2,8.0,69,4.1
8,Tai Lavatai,121854,QB,NAVY,1,78.6,14,17,5.7,2.32,0,0,0.0,64.7,11,0,5,0.0,19,0,5,237,75.5,62.4,56.8,64.0,0,1,21,0,20.0,59.9,5.3,1,1,2,1,0,2,9.5,116,6.8
8,Malik Cunningham,60436,QB,LOUISVILLE,1,58.8,17,17,11.5,3.39,0,0,0.0,52.9,9,0,5,10.0,23,1,10,210,73.3,75.0,54.4,80.6,0,2,25,1,0.0,32.8,0.0,0,6,0,0,0,2,8.0,107,6.3
8,KJ Jefferson,99129,QB,ARKANSAS,1,82.4,17,17,13.2,2.38,0,4,23.5,58.8,10,0,6,28.6,18,4,9,111,24.6,91.5,90.9,68.2,0,0,18,0,16.7,138.2,5.6,1,0,0,0,4,1,5.6,194,11.4
8,Mike Wright Jr.,124366,QB,VANDERBILT,1,85.7,14,17,4.9,3.56,0,1,5.9,70.6,12,0,8,0.0,23,0,3,333,69.3,54.3,53.0,59.1,0,1,23,0,50.0,66.3,17.4,4,2,0,3,0,1,4.3,122,7.2
8,DJ Irons,145585,QB,AKRON,1,50.0,12,14,11.8,3.46,0,0,0.0,35.7,5,0,24,16.7,31,1,9,102,15.8,35.5,29.7,58.1,0,1,33,1,41.7,22.9,32.3,10,7,0,2,0,3,9.1,70,5.0
8,Jason Brown,109060,QB,S CAROLINA,1,69.2,13,14,12.4,3.07,0,1,6.7,57.1,8,0,4,11.1,15,1,7,289,66.5,65.4,62.4,64.2,0,2,16,0,0.0,58.9,0.0,0,1,0,1,1,1,6.3,84,6.0
8,Lucas Johnson,40551,QB,S DIEGO ST,1,84.6,13,13,4.2,2.18,0,0,0.0,84.6,11,0,4,0.0,15,0,3,284,68.8,66.5,63.3,63.4,0,0,16,0,25.0,89.7,6.7,1,1,0,0,0,0,0.0,72,5.5
8,Tanner Morgan,55239,QB,MINNESOTA,1,75.0,12,13,7.0,2.27,0,0,0.0,61.5,8,0,2,11.1,13,1,6,225,68.1,72.7,69.4,64.2,0,0,15,0,0.0,93.4,0.0,0,0,1,0,0,0,0.0,125,9.6
8,Timmy McClain,144488,QB,USF,1,84.6,13,13,5.1,2.75,0,0,0.0,76.9,10,0,3,9.1,17,1,5,327,69.0,65.7,68.0,58.6,0,0,18,0,0.0,114.6,0.0,0,3,0,0,1,0,0.0,71,5.5
8,Garrett Nussmeier,146757,QB,LSU,1,63.6,11,12,16.0,2.95,0,3,25.0,58.3,7,0,2,0.0,13,0,5,211,66.0,79.8,79.1,,0,0,13,0,50.0,114.2,7.7,1,0,0,1,1,0,0.0,103,8.6
8,N'Kosi Perry,60446,QB,FAU,1,81.8,11,11,11.0,2.85,0,1,9.1,81.8,9,0,2,0.0,14,0,9,165,9.6,55.9,84.7,36.7,0,0,14,0,50.0,158.3,7.1,1,2,0,0,3,0,0.0,225,20.5
8,Jabari Laws,82085,QB,ARMY,1,90.9,11,11,15.5,2.44,0,2,16.7,81.8,9,0,2,10.0,12,1,4,114,25.1,64.5,85.6,39.4,0,0,13,0,50.0,158.3,8.3,1,0,0,0,3,0,0.0,140,12.7
8,Zeb Noland,40508,QB,S CAROLINA,1,70.0,10,11,6.6,2.54,0,0,0.0,54.5,6,0,12,14.3,20,1,1,289,68.6,58.4,50.6,69.4,0,0,21,0,41.7,60.0,25.0,5,2,0,1,0,0,0.0,26,2.4
8,James Foster,83563,QB,CHARLOTTE,1,63.6,11,11,10.5,2.95,0,0,0.0,45.5,5,0,5,28.6,13,2,2,136,21.5,39.4,54.3,36.5,0,0,13,0,20.0,60.8,7.7,1,1,0,0,0,0,0.0,55,5.0
8,Jordan Travis,77615,QB,FLORIDA ST,1,60.0,10,10,13.6,4.05,0,1,9.1,50.0,5,0,6,16.7,15,1,6,167,25.4,68.3,71.0,59.5,0,0,16,0,16.7,95.0,6.7,1,4,0,0,0,1,6.3,123,12.3
8,Isaiah Chavez,128257,QB,NEW MEXICO,1,100.0,9,10,1.9,2.11,0,0,0.0,90.0,9,0,3,0.0,11,0,4,241,74.8,66.1,78.0,56.5,0,0,11,0,0.0,147.9,0.0,0,0,0,1,1,0,0.0,115,11.5
8,Jeremy Moussa,75887,QB,VANDERBILT,1,62.5,8,8,9.0,2.31,0,0,0.0,62.5,5,0,2,0.0,8,0,1,333,64.9,55.7,55.6,,0,0,8,0,0.0,66.7,0.0,0,0,0,0,0,0,0.0,24,3.0
8,Haaziq Daniels,125263,QB,AIR FORCE,1,37.5,8,8,12.3,3.13,0,1,12.5,25.0,2,0,4,33.3,9,1,0,101,25.5,35.7,44.8,43.6,0,1,9,0,0.0,0.0,0.0,0,1,0,0,0,1,11.1,9,1.1
8,Graham Mertz,97994,QB,WISCONSIN,1,85.7,7,8,5.9,2.53,0,0,0.0,62.5,5,0,5,16.7,12,1,4,349,68.5,71.0,75.1,62.4,0,0,12,1,40.0,81.3,16.7,2,2,0,1,0,0,0.0,52,6.5
8,Warren Bryan,101291,QB,AIR FORCE,1,42.9,7,7,23.1,3.46,0,1,12.5,42.9,3,0,4,0.0,10,0,4,101,69.2,76.7,75.1,65.0,0,0,11,0,25.0,111.9,10.0,1,2,0,0,1,0,0.0,58,8.3
8,Jack Tuttle,83580,QB,INDIANA,1,66.7,6,7,13.2,3.18,0,0,0.0,57.1,4,0,8,0.0,11,0,4,190,65.4,50.6,52.8,57.3,0,0,11,0,37.5,113.7,27.3,3,1,0,1,1,1,9.1,41,5.9
8,Levi Williams,98365,QB,WYOMING,1,42.9,7,7,11.3,3.58,0,2,28.6,42.9,3,0,1,0.0,9,0,2,351,69.1,73.5,74.8,62.5,0,0,9,0,0.0,68.2,0.0,0,2,0,0,0,0,0.0,51,7.3
8,Taisun Phommachanh,99577,QB,CLEMSON,1,42.9,7,7,12.7,2.36,0,0,0.0,42.9,3,0,2,0.0,7,0,2,140,67.1,59.9,48.5,70.7,0,0,7,0,0.0,51.5,0.0,0,0,0,0,0,1,14.3,23,3.3
8,Grayson James,145214,QB,FIU,1,85.7,7,7,6.0,2.23,0,0,0.0,85.7,6,0,1,0.0,7,0,3,166,64.9,49.4,49.2,,0,0,8,0,0.0,100.6,0.0,0,0,0,0,0,1,12.5,57,8.1
8,Katravis Marsh,123289,QB,USF,1,66.7,6,7,9.3,1.91,0,0,0.0,57.1,4,0,1,0.0,7,0,1,327,64.6,52.8,50.4,,1,0,7,0,0.0,64.6,0.0,0,0,0,0,0,0,0.0,25,3.6
8,Chance Lovertich,121427,QB,MISS STATE,1,83.3,6,6,10.7,3.57,0,0,0.0,83.3,5,0,1,0.0,7,0,4,227,64.6,72.9,68.0,64.0,0,0,7,0,0.0,158.3,0.0,0,1,0,0,1,0,0.0,77,12.8
8,Zamar Wise,128106,QB,UMASS,1,50.0,6,6,1.3,2.88,0,0,0.0,50.0,3,0,4,0.0,11,0,1,216,71.2,65.3,42.0,75.5,0,0,11,0,100.0,56.9,36.4,4,1,0,0,0,0,0.0,19,3.2
8,Zach Gibson,100201,QB,AKRON,1,50.0,6,6,6.7,2.56,0,0,0.0,33.3,2,0,2,33.3,7,1,1,102,64.6,63.8,63.4,,0,0,7,0,50.0,42.4,14.3,1,0,0,0,0,0,0.0,9,1.5
8,Jack Plummer,83543,QB,PURDUE,1,60.0,5,6,8.2,3.41,0,0,0.0,50.0,3,0,4,0.0,9,0,1,273,23.3,40.8,44.7,50.8,0,0,9,0,50.0,56.9,22.2,2,1,0,1,0,0,0.0,19,3.2
8,Donaven McCulley,144829,QB,INDIANA,1,25.0,4,6,33.0,3.62,0,0,0.0,16.7,1,0,5,0.0,11,0,1,190,71.1,49.0,41.6,59.6,0,0,12,0,60.0,47.9,27.3,3,2,0,2,0,0,0.0,30,5.0
8,Kyle McCord,145053,QB,OHIO STATE,1,83.3,6,6,5.8,2.32,0,0,0.0,83.3,5,0,2,0.0,6,0,3,260,64.2,70.7,70.3,,0,0,6,0,0.0,102.1,0.0,0,0,0,0,0,0,0.0,51,8.5
8,Chubba Purdy,122412,QB,FLORIDA ST,1,100.0,5,5,11.8,2.4,0,1,16.7,100.0,5,0,0,0.0,5,0,5,167,65.7,84.8,88.8,58.1,0,0,6,0,,158.3,0.0,0,0,0,0,2,0,0.0,98,19.6
8,Armani Rogers,40034,QB,OHIO,1,80.0,5,5,3.2,2.98,0,0,0.0,60.0,3,0,0,25.0,5,1,0,259,68.1,71.4,71.0,62.1,0,0,7,0,,64.6,0.0,0,0,0,0,0,0,0.0,14,2.8
8,Malik Hornsby,123957,QB,ARKANSAS,1,33.3,3,5,25.3,4.23,0,0,0.0,20.0,1,0,4,0.0,8,0,1,111,15.7,29.5,26.4,62.8,1,0,8,0,25.0,42.9,12.5,1,2,0,1,0,2,25.0,19,3.8
8,Ethan Garbers,131896,QB,UCLA,1,50.0,4,5,11.8,2.46,0,0,0.0,40.0,2,0,2,0.0,5,0,1,324,63.8,52.5,52.5,,0,1,5,0,0.0,14.2,0.0,0,0,0,1,0,1,20.0,22,4.4
8,J.J. McCarthy,144918,QB,MICHIGAN,1,60.0,5,5,7.0,2.46,0,0,0.0,60.0,3,0,1,0.0,5,0,1,222,67.0,81.2,68.3,75.0,0,0,6,0,0.0,80.4,0.0,0,0,0,0,0,0,0.0,34,6.8
8,Aaron Allen,78494,QB,LA TECH,1,75.0,4,4,18.3,3.08,0,0,0.0,75.0,3,0,2,0.0,5,0,2,208,63.8,49.3,41.2,64.1,0,1,5,0,0.0,77.1,0.0,0,1,0,0,0,1,20.0,60,15.0
8,Grant Gremel,101632,QB,INDIANA,1,100.0,3,4,1.3,2.86,0,0,0.0,75.0,3,0,2,0.0,5,0,1,190,65.7,68.4,67.9,60.0,0,0,6,0,50.0,77.1,20.0,1,0,0,1,0,0,0.0,9,2.3
8,Tucker Melton,130376,QB,BOWL GREEN,1,33.3,3,4,2.7,2.25,1,0,0.0,25.0,1,0,0,0.0,4,0,1,122,63.3,25.0,24.5,,0,0,4,0,,49.0,0.0,0,0,0,0,0,1,25.0,21,5.3
8,Preston Hutchinson,60370,QB,E MICHIGAN,1,100.0,4,4,8.0,2.2,0,0,0.0,75.0,3,0,0,25.0,4,1,2,160,66.6,82.5,83.2,60.1,0,0,4,0,,126.0,0.0,0,0,0,0,1,0,0.0,21,5.3
8,Carl Richardson,129735,QB,NWESTERN,1,66.7,3,3,10.7,2.33,0,0,0.0,66.7,2,0,1,0.0,3,0,1,256,62.7,38.9,41.4,59.6,0,0,3,0,0.0,84.0,0.0,0,0,0,0,0,1,33.3,19,6.3
8,Jack Miller III,129754,QB,OHIO STATE,1,66.7,3,3,15.3,3.03,0,0,0.0,66.7,2,0,1,0.0,3,0,2,260,64.8,71.6,76.4,57.9,0,0,3,0,0.0,106.3,0.0,0,0,0,0,0,0,0.0,35,11.7
8,Mike DiLiello,121801,QB,MIDDLE TN,1,66.7,3,3,7.0,2.0,0,0,0.0,66.7,2,0,0,0.0,3,0,0,224,68.8,52.1,56.2,54.9,0,0,3,0,,79.9,0.0,0,0,0,0,0,0,0.0,16,5.3
8,Blake Bost,146984,QB,TEXAS A&M,1,0.0,2,2,23.0,2.5,0,0,0.0,0.0,0,0,0,,2,0,0,312,64.4,55.3,52.8,60.0,0,0,2,0,,39.6,0.0,0,0,0,0,0,0,0.0,0,0.0
8,Preston Stone,124716,QB,SMU,1,100.0,1,2,11.0,2.55,0,0,0.0,50.0,1,0,1,0.0,2,0,1,287,64.4,67.2,71.9,58.2,0,0,2,0,0.0,66.7,0.0,0,0,0,1,0,0,0.0,11,5.5
8,Casey Washington,101710,WR,ILLINOIS,1,0.0,2,2,12.0,4.4,0,0,0.0,0.0,0,0,1,,2,0,0,187,63.2,44.1,25.0,,0,0,2,0,0.0,39.6,0.0,0,0,0,0,0,1,50.0,0,0.0
8,Samson Evans,84228,HB,E MICHIGAN,1,100.0,2,2,7.0,2.0,0,0,0.0,100.0,2,0,0,0.0,2,0,2,160,71.8,67.0,73.6,66.5,0,0,2,0,,143.8,0.0,0,0,0,0,1,0,0.0,18,9.0
8,Kai Horton,144418,QB,TULANE,1,50.0,2,2,6.5,2.5,0,0,0.0,0.0,0,0,2,100.0,2,1,0,319,61.8,37.8,36.4,,0,1,2,0,0.0,0.0,0.0,0,0,0,0,0,1,50.0,0,0.0
8,Joey Gatewood,82088,QB,UCF,1,100.0,2,2,-4.0,0.5,0,0,0.0,100.0,2,0,0,0.0,2,0,1,323,66.2,63.8,62.7,61.5,0,0,2,0,,141.7,0.0,0,0,0,0,1,0,0.0,17,8.5
8,Tyler Buchner,147472,QB,NOTRE DAME,1,100.0,2,2,6.0,2.45,0,0,0.0,100.0,2,0,0,0.0,2,0,1,258,68.7,71.6,74.3,61.6,0,0,2,0,,116.7,0.0,0,0,0,0,0,0,0.0,24,12.0
8,Matt Myers,77698,QB,BUFFALO,1,100.0,2,2,4.0,3.15,0,0,0.0,100.0,2,0,1,0.0,2,0,1,126,12.5,41.8,72.7,38.0,0,0,2,0,0.0,91.7,0.0,0,0,0,0,0,0,0.0,12,6.0
8,Sam Huard,146463,QB,WASHINGTON,1,0.0,1,1,27.0,2.2,0,0,0.0,0.0,0,0,0,,1,0,0,340,61.8,33.5,32.3,,0,0,2,0,,39.6,0.0,0,0,0,0,0,1,50.0,0,0.0
8,Jaden Walley,124189,WR,MISS STATE,1,0.0,1,1,29.0,3.7,0,0,0.0,0.0,0,0,0,,1,0,0,227,65.9,73.4,50.8,,0,0,1,0,,39.6,0.0,0,0,0,0,0,0,0.0,0,0.0
8,Garrett Greene,123420,QB,W VIRGINIA,1,100.0,1,1,-4.0,0.6,0,0,0.0,100.0,1,0,0,0.0,1,0,0,343,65.9,79.0,61.0,70.7,0,0,1,0,,79.2,0.0,0,0,0,0,0,0,0.0,1,1.0
8,Jamarye Joiner,82071,WR,ARIZONA,1,,0,1,,1.8,1,0,0.0,0.0,0,0,0,,1,0,0,109,69.0,62.6,60.0,69.1,0,0,1,0,,39.6,0.0,0,0,0,0,0,0,0.0,0,0.0
8,Kaylon Geiger,102929,WR,TEXAS TECH,1,100.0,1,1,-5.0,2.3,0,0,0.0,0.0,0,0,0,100.0,1,1,0,315,63.7,63.0,60.6,,0,0,1,0,,39.6,0.0,0,0,0,0,0,0,0.0,0,0.0
8,Clint Ratkovich,34083,HB,N ILLINOIS,1,100.0,1,1,-4.0,0.6,0,0,0.0,100.0,1,0,0,0.0,1,0,1,254,70.5,57.4,60.6,62.4,0,0,1,0,,79.2,0.0,0,0,0,0,0,0,0.0,3,3.0
8,JaMichael Thompson,121827,WR,MIDDLE TN,1,100.0,1,1,-9.0,2.9,0,0,0.0,100.0,1,0,1,0.0,1,0,0,224,63.7,54.2,60.4,,0,0,1,0,0.0,87.5,0.0,0,0,0,0,0,0,0.0,5,5.0
8,Cade Fortin,77620,QB,USF,1,100.0,1,1,-4.0,0.6,0,0,0.0,100.0,1,0,0,0.0,1,0,1,327,64.4,67.1,58.9,63.2,0,0,2,0,,104.2,0.0,0,0,0,0,0,0,0.0,9,9.0
8,Ryan Wright,77591,P,TULANE,1,0.0,1,1,15.0,2.3,0,0,0.0,0.0,0,0,0,,1,0,0,319,60.3,76.1,75.4,,0,0,1,0,,39.6,0.0,0,0,0,0,0,0,0.0,0,0.0
8,Kalil Pimpleton,61799,WR,C MICHIGAN,1,100.0,1,1,4.0,3.8,0,0,0.0,100.0,1,0,0,0.0,1,0,0,134,69.6,71.8,60.4,,0,0,1,0,,83.3,0.0,0,0,0,0,0,0,0.0,4,4.0
8,Jalen Walker,61429,WR,MIAMI OH,1,100.0,1,1,25.0,4.0,0,0,0.0,100.0,1,0,0,0.0,1,0,1,221,71.1,54.5,58.4,,0,0,1,0,,118.8,0.0,0,0,0,0,0,0,0.0,27,27.0
8,Drew Carter,146312,QB,COLORADO,1,0.0,1,1,20.0,3.1,0,0,0.0,0.0,0,0,0,,1,0,0,143,60.3,60.5,59.9,,0,0,1,0,,39.6,0.0,0,0,0,0,0,0,0.0,0,0.0
8,Tommy Heatherly,100814,P,FIU,1,100.0,1,1,11.0,1.7,0,0,0.0,100.0,1,0,0,0.0,1,0,1,166,60.3,58.5,57.7,,0,0,1,0,,118.8,0.0,0,0,0,0,0,0,0.0,13,13.0
8,Cade Ballard,102861,QB,ARMY,1,0.0,1,1,11.0,3.1,0,0,0.0,0.0,0,0,0,,1,0,0,114,60.3,42.0,24.2,,0,1,1,0,,0.0,0.0,0,0,0,0,0,1,100.0,0,0.0
8,Dontario Drummond,98738,WR,OLE MISS,1,100.0,1,1,14.0,3.6,0,0,0.0,100.0,1,0,0,0.0,1,0,1,226,71.4,86.2,72.6,,0,0,1,1,,118.8,0.0,0,0,0,0,0,0,0.0,19,19.0
8,Lew Nichols,97187,HB,C MICHIGAN,1,100.0,1,1,-5.0,0.6,0,0,0.0,100.0,1,0,0,0.0,1,0,1,134,77.2,72.9,60.6,78.3,0,0,1,0,,87.5,0.0,0,0,0,0,0,0,0.0,5,5.0
8,Christian Anderson,60339,QB,ARMY,1,100.0,1,1,39.0,4.0,0,1,100.0,100.0,1,0,1,0.0,1,0,1,114,63.7,85.3,87.3,59.6,0,0,1,0,0.0,118.8,0.0,0,0,0,0,0,0,0.0,39,39.0
8,Cam Ward,133244,QB,INCAR WORD,1,76.4,55,59,7.4,2.88,1,5,7.9,66.1,39,0,26,7.1,71,3,26,189,22.4,61.4,61.7,57.0,0,3,76,0,34.6,78.5,12.7,9,2,0,3,2,5,6.6,442,7.5
8,Chris Oladokun,40364,QB,S DAK ST,1,64.6,48,53,11.3,3.14,2,2,3.8,45.3,24,0,16,22.6,62,7,14,292,43.9,69.8,68.7,63.4,1,0,62,0,18.8,71.0,4.8,3,6,0,2,1,1,1.6,316,6.0
8,Mark Pappas,109046,QB,MOREHEAD,1,73.5,49,52,9.2,2.62,1,2,3.8,61.5,32,0,14,11.1,56,4,23,234,71.4,86.5,86.2,61.8,0,0,56,1,21.4,104.2,5.4,3,1,0,2,3,0,0.0,395,7.6
8,Justin Miller,103941,QB,SO UTAH,1,66.0,47,50,8.4,2.62,2,1,2.0,58.0,29,0,7,6.5,51,2,15,298,39.1,53.8,53.3,59.7,1,0,52,0,14.3,76.0,2.0,1,0,0,0,0,1,1.9,307,6.1
8,Jack Chambers,60359,QB,CHARLES SO,1,46.8,47,48,10.9,2.86,0,4,8.0,39.6,19,0,19,13.6,56,3,14,135,47.6,47.1,36.4,72.5,0,3,58,0,10.5,34.5,3.6,2,6,0,1,1,5,8.6,213,4.4
8,Derek Kyler,109012,QB,DARTMOUTH,1,69.2,39,45,8.7,2.56,2,0,0.0,53.3,24,0,12,11.1,49,3,10,148,69.7,57.9,56.7,64.0,2,1,51,0,8.3,55.2,2.0,1,3,0,2,0,0,0.0,194,4.3
8,Spencer Brasch,100574,QB,CAL POLY,1,58.1,43,44,8.7,2.65,0,0,0.0,52.3,23,0,8,8.0,50,2,16,129,42.3,56.3,58.3,53.6,0,1,53,0,37.5,71.0,6.0,3,3,0,1,1,4,7.5,288,6.5
8,George Martin,103959,QB,ROB MORRIS,1,62.8,43,44,8.0,2.44,0,1,2.0,56.8,25,0,16,7.4,50,2,11,277,39.5,33.5,32.9,60.0,1,3,55,0,37.5,47.7,12.0,6,0,0,0,1,7,12.7,202,4.6
8,Joe Mancuso,40312,QB,RICHMOND,1,61.9,42,43,8.9,2.88,0,0,0.0,48.8,21,0,14,19.2,48,5,8,276,38.3,34.8,35.1,57.4,0,2,48,1,14.3,49.7,4.2,2,3,0,1,1,7,14.6,191,4.4
8,Orion Olivas,155517,QB,HOU BAPT,1,57.5,40,43,8.3,2.4,0,0,0.0,48.8,21,0,20,8.7,48,2,10,183,70.1,53.7,54.2,55.9,0,2,51,0,20.0,45.6,8.3,4,1,0,3,1,2,3.9,149,3.5
8,Ren Hefley,101621,QB,PRESBYTERN,1,82.5,40,42,8.1,2.1,1,3,7.0,71.4,30,0,14,9.1,45,3,15,271,29.1,91.9,91.8,,1,2,46,1,21.4,113.7,6.7,3,0,0,0,4,1,2.2,405,9.6
8,Tim Demorat,78498,QB,FORDHAM,1,71.1,38,40,12.6,2.55,0,5,12.2,60.0,24,0,9,11.1,41,3,17,168,70.8,80.5,78.9,65.3,1,0,42,0,0.0,118.9,0.0,0,1,0,1,3,1,2.4,401,10.0
8,Carlos Davis,139131,QB,W CAROLINA,1,79.5,39,40,8.6,2.88,0,3,7.1,77.5,31,0,8,0.0,42,0,21,344,41.4,83.0,90.0,49.1,0,1,44,0,0.0,124.8,0.0,0,2,0,1,3,0,0.0,418,10.5
8,Eric Barriere,40109,QB,E WASHGTON,1,59.5,37,39,11.0,3.82,0,1,2.6,48.7,19,0,18,13.6,48,3,17,161,39.4,77.8,71.2,74.0,1,1,48,0,5.6,75.3,2.1,1,8,0,1,2,4,8.3,245,6.3
8,Connor Sampson,33374,QB,W ILLINOIS,1,73.0,37,39,8.3,2.79,0,0,0.0,66.7,26,0,15,3.7,43,1,10,345,69.2,64.6,65.2,57.3,0,2,43,0,20.0,75.7,7.0,3,1,0,2,1,1,2.3,289,7.4
8,Cole Smith,109050,QB,PRINCETON,1,61.8,34,38,7.8,2.82,1,2,5.0,52.6,20,0,18,4.8,49,1,10,272,71.5,57.4,59.0,55.0,0,4,51,0,38.9,29.1,14.3,7,4,0,3,0,2,3.9,207,5.4
8,Kobe Tracy,141317,QB,DIXIE,1,64.9,37,38,11.7,2.73,0,0,0.0,57.9,22,0,23,8.3,49,2,12,1285,70.2,61.0,57.7,67.2,0,1,52,0,34.8,74.8,16.3,8,3,0,1,1,1,1.9,243,6.4
8,Shon Mitchell,60610,QB,CENT CT ST,1,59.5,37,38,11.5,2.45,0,1,2.4,50.0,19,0,8,13.6,42,3,10,133,38.3,49.8,50.8,53.9,0,1,46,0,12.5,54.5,2.4,1,3,1,0,0,2,4.3,198,5.2
8,Dante Perri,143112,QB,LEHIGH,1,81.8,33,37,7.5,2.71,0,2,4.8,73.0,27,0,10,0.0,38,0,18,205,70.9,86.5,88.5,58.5,0,0,43,0,0.0,106.7,0.0,0,1,0,4,1,1,2.3,309,8.4
8,E.J. Perry,60349,QB,BROWN,1,69.4,36,37,7.9,2.77,0,2,5.3,64.9,24,0,19,4.0,44,1,21,123,72.3,63.3,55.8,70.2,0,3,45,0,10.5,90.8,4.5,2,5,0,1,4,2,4.4,288,7.8
8,Tyquell Fields,51615,QB,STNY BROOK,1,63.6,33,37,11.2,2.73,1,1,2.6,54.1,20,0,14,4.8,41,1,13,303,69.6,57.5,55.7,71.7,0,1,42,2,14.3,79.3,4.9,2,2,0,3,2,1,2.4,226,6.1
8,Jack Cook,109015,QB,DAYTON,1,54.3,35,36,13.5,3.02,0,1,2.5,44.4,16,0,7,15.8,40,3,15,150,70.5,42.7,42.2,59.4,0,2,44,1,0.0,53.8,0.0,0,4,0,1,1,2,4.5,247,6.9
8,Zevi Eckhaus,148535,QB,BRYANT,1,67.6,34,36,9.8,2.46,1,3,7.7,61.1,22,0,23,4.3,46,1,16,124,69.9,82.9,81.2,70.3,1,0,49,1,8.7,99.0,4.3,2,7,0,0,2,0,0.0,237,6.6
8,Zachary Clement,105561,QB,NWSTATE,1,60.6,33,36,10.3,2.71,1,0,0.0,47.2,17,0,15,15.0,42,3,8,257,42.7,54.9,43.4,74.6,1,2,45,0,13.3,51.4,4.8,2,4,0,1,1,3,6.7,206,5.7
8,Rett Files,91405,QB,N ALABAMA,1,69.7,33,36,8.2,2.35,2,1,2.6,47.2,17,0,10,26.1,39,6,11,389,70.0,76.7,74.2,67.5,1,0,41,0,20.0,96.4,5.1,2,1,0,0,3,0,0.0,235,6.5
8,Pierce Holley,108981,QB,GEORGETOWN,1,76.7,30,35,9.5,2.53,0,2,5.3,57.1,20,0,17,13.0,39,3,9,172,37.4,73.7,80.1,49.7,1,0,42,0,5.9,92.4,2.6,1,3,2,2,1,0,0.0,279,8.0
8,Jake Smith,109024,QB,HARVARD,1,63.6,33,35,7.0,2.62,1,0,0.0,60.0,21,0,12,0.0,40,0,12,179,69.4,53.9,56.1,56.3,0,1,45,1,33.3,62.1,10.0,4,1,0,1,0,2,4.4,184,5.3
8,Bronson Barron,141710,QB,WEBER ST,1,78.1,32,34,6.0,2.07,2,1,2.9,61.8,21,0,13,16.0,41,4,10,342,34.1,59.0,59.6,55.6,0,0,41,0,46.2,81.3,14.6,6,1,0,0,0,1,2.4,226,6.6
8,Rasean McKay,88321,QB,FL A&M,1,68.8,32,34,11.1,2.26,1,2,5.7,58.8,20,0,9,9.1,36,2,12,164,31.4,58.1,57.0,60.0,1,2,37,0,22.2,76.8,5.6,2,0,0,0,3,3,8.1,170,5.0
8,Miles Hastings,103943,QB,UC DAVIS,1,87.5,32,34,3.8,2.17,2,0,0.0,82.4,28,0,8,0.0,37,0,13,322,69.8,92.0,91.8,64.2,0,1,38,0,37.5,99.8,8.1,3,0,0,0,2,0,0.0,210,6.2
8,RJ Martinez,147690,QB,N ARIZONA,1,68.8,32,33,8.2,2.54,0,3,8.6,57.6,19,0,10,13.6,34,3,5,252,69.2,66.4,65.6,60.0,0,1,36,1,10.0,54.6,2.9,1,0,0,1,0,1,2.8,136,4.1
8,Zerrick Cooper,40465,QB,JVILLE ST,1,56.7,30,33,7.7,2.56,0,2,6.1,45.5,15,0,13,11.8,35,2,8,196,43.2,42.0,40.8,54.8,0,1,35,0,15.4,48.9,5.7,2,0,0,3,0,5,14.3,171,5.2
8,Kris Brown,105558,QB,MONTANA,1,73.3,30,33,11.2,2.45,0,3,8.3,57.6,19,0,8,13.6,35,3,11,232,47.2,72.4,74.5,56.3,0,0,38,0,12.5,92.5,2.9,1,1,0,3,1,0,0.0,256,7.8
8,Tommy Schuster,108954,QB,N DAKOTA,1,71.0,31,32,5.5,2.45,0,1,3.0,65.6,21,0,8,4.5,33,1,13,249,69.1,72.2,72.0,59.5,0,0,34,0,0.0,104.0,0.0,0,1,0,1,1,0,0.0,283,8.8
8,Cole Kelley,39945,QB,SE LA,1,78.1,32,32,13.7,2.5,0,0,0.0,65.6,21,0,13,16.0,38,4,18,294,71.8,90.3,83.6,79.2,0,0,38,0,15.4,133.2,5.3,2,3,0,0,3,0,0.0,347,10.8
8,Bret Bushka,108927,QB,BUTLER,1,77.4,31,32,9.3,2.63,0,1,2.9,65.6,21,0,9,12.5,34,3,10,127,36.5,73.4,69.8,68.4,0,0,36,0,22.2,99.2,5.9,2,0,0,1,2,1,2.8,166,5.2
8,Bret Edwards,88638,QB,NEW HAMP,1,68.0,25,31,8.7,3.54,0,0,0.0,51.6,16,0,14,5.9,34,1,7,240,70.6,70.1,69.1,66.7,0,1,38,1,21.4,59.5,8.8,3,0,0,6,1,0,0.0,127,4.1
8,Joe Craycraft,60616,QB,YNGTOWN ST,1,55.2,29,31,12.0,2.57,0,4,12.9,41.9,13,0,12,18.8,32,3,10,353,70.3,60.7,59.5,60.7,0,4,32,0,0.0,31.3,0.0,0,1,0,2,1,4,12.5,172,5.5
8,Breylin Smith,33893,QB,CENT ARK,1,69.2,26,31,5.7,2.42,2,1,3.0,58.1,18,0,8,0.0,33,0,8,132,70.1,56.7,53.5,66.4,0,1,35,0,25.0,57.9,6.1,2,0,0,3,0,2,5.7,155,5.0
8,Davis Cheek,55146,QB,ELON,1,93.3,30,31,7.0,2.59,0,2,6.3,87.1,27,0,10,3.6,36,1,14,162,71.0,88.6,90.7,58.3,0,1,37,0,30.0,118.8,8.3,3,2,0,1,2,1,2.7,328,10.6
8,Eric Schmid,66632,QB,SM HOUSTON,1,63.3,30,31,11.7,3.01,0,1,3.0,54.8,17,0,6,10.5,38,2,11,281,71.1,63.7,65.6,57.4,0,1,40,0,16.7,86.4,2.6,1,6,0,1,2,0,0.0,227,7.3
8,DJ Williams,138061,QB,MURRAY ST,1,67.9,28,31,7.7,2.93,0,1,3.2,58.1,18,0,16,5.3,36,1,11,236,38.5,82.1,67.8,84.6,2,1,36,0,6.3,66.6,2.8,1,4,0,1,1,1,2.8,140,4.5
8,Felix Harper,13753,QB,ALCORN ST,1,77.4,31,31,7.7,2.43,0,0,0.0,74.2,23,0,11,4.2,35,1,15,107,71.3,83.9,76.9,75.9,0,0,36,0,18.2,127.8,5.7,2,2,0,0,3,0,0.0,235,7.6
8,Trae Self,103962,QB,STF AUSTIN,1,75.9,29,30,9.3,2.56,0,1,3.3,66.7,20,0,8,9.1,36,2,14,301,31.1,51.2,61.5,35.5,0,0,36,0,37.5,136.3,8.3,3,3,0,1,3,1,2.8,326,10.9
8,Corey Fields Jr.,78539,QB,SCAR STATE,1,60.7,28,30,16.5,2.75,0,3,9.7,50.0,15,0,9,11.8,34,2,7,290,72.0,70.8,74.4,55.4,0,0,35,1,22.2,72.6,5.9,2,2,0,2,0,0,0.0,208,6.9
8,Tyler Riddell,102355,QB,E TENN ST,1,82.8,29,30,6.6,2.48,1,1,3.3,73.3,22,0,11,8.3,36,2,13,157,70.5,82.1,77.2,73.3,0,0,36,0,54.5,98.9,16.7,6,0,0,0,1,0,0.0,177,5.9
8,Cole Johnson,29785,QB,JAMES MAD,1,55.2,29,30,7.2,2.59,0,0,0.0,50.0,15,0,9,6.3,32,1,8,197,71.2,66.0,58.5,72.5,1,1,32,0,11.1,46.4,3.1,1,1,0,0,0,0,0.0,119,4.0
8,Liam Welch,19897,QB,SAMFORD,1,65.5,29,29,8.8,2.58,0,2,6.9,51.7,15,0,15,21.1,38,4,9,282,32.5,68.3,59.7,77.3,0,3,38,1,26.7,36.2,10.5,4,5,0,0,1,2,5.3,133,4.6
8,Fred Payton,82102,QB,MERCER,1,71.4,28,29,15.5,3.0,1,4,13.8,65.5,19,0,9,5.0,33,1,15,219,19.0,80.4,88.7,46.9,0,0,33,0,11.1,138.9,3.0,1,3,0,0,3,1,3.0,332,11.4
8,Juwan Carter,91113,QB,NORFOLK,1,89.7,29,29,9.3,2.77,0,1,3.3,89.7,26,0,4,0.0,31,0,15,244,36.6,82.4,90.4,50.1,0,0,32,0,25.0,126.0,3.2,1,1,0,0,1,0,0.0,333,11.5
8,Andrew Body,155202,QB,TEXAS STHN,1,77.8,27,29,11.3,2.38,1,3,9.4,58.6,17,0,12,19.0,33,4,8,313,31.1,76.1,73.8,66.3,1,0,36,0,8.3,107.8,3.0,1,2,0,0,1,1,2.8,316,10.9
8,Mason Randall,91728,QB,SAN DIEGO,1,89.3,28,28,5.7,1.97,0,1,2.9,82.1,23,0,5,8.0,30,2,12,283,69.3,84.8,85.1,58.9,0,0,37,0,40.0,126.3,6.7,2,0,0,0,2,0,0.0,241,8.6
8,Lindsey Scott Jr.,40219,QB,NICHOLLS,1,74.1,27,28,8.8,2.47,0,1,3.4,64.3,18,0,3,10.0,34,2,11,243,72.4,83.2,64.1,87.0,0,1,35,0,33.3,96.4,2.9,1,5,1,0,2,1,2.9,214,7.6
8,Aidan Sayin,148974,QB,PENN,1,48.1,27,28,12.1,2.62,0,1,3.2,42.9,12,0,12,7.7,33,1,7,267,69.2,60.9,59.5,61.7,1,1,36,0,33.3,63.7,12.1,4,1,0,0,2,1,2.8,114,4.1
8,Jett Duffey,41634,QB,HAMPTON,1,72.0,25,28,12.1,2.9,1,2,7.1,60.7,17,0,11,5.6,31,1,15,178,70.7,89.2,85.6,71.9,1,0,31,0,9.1,118.9,3.2,1,2,0,1,2,1,3.2,285,10.2
8,Nolan Grooms,108987,QB,YALE,1,66.7,27,27,12.3,3.03,0,2,6.9,66.7,18,0,9,0.0,33,0,18,352,72.7,87.7,81.7,74.8,0,1,36,0,0.0,109.6,0.0,0,6,0,0,2,1,2.8,277,10.3
8,Jawon Pass,40916,QB,PRVIEW A&M,1,80.8,26,27,6.2,2.44,0,2,7.4,70.4,19,0,6,9.5,27,2,10,270,69.6,77.9,75.8,64.7,0,2,27,0,0.0,97.8,0.0,0,0,0,1,2,2,7.4,280,10.4
8,Jared Lewis,108959,QB,DELWARE ST,1,73.7,19,27,14.7,3.26,1,1,3.7,44.4,12,0,17,14.3,33,2,5,152,29.7,62.0,56.2,67.7,2,1,33,0,11.8,44.1,6.1,2,4,2,3,0,2,6.1,132,4.9
8,Camden Orth,108965,QB,LIUSHAR,1,69.6,23,26,7.5,2.53,1,1,3.8,53.8,14,0,9,12.5,29,2,6,1298,72.6,79.9,76.0,73.0,0,1,30,1,33.3,80.0,10.3,3,0,0,2,2,0,0.0,146,5.6
8,Jace Wilson,149892,QB,FURMAN,1,69.2,26,26,13.0,2.83,0,4,14.3,57.7,15,0,11,16.7,29,3,11,170,70.3,65.3,69.9,50.0,0,1,31,0,9.1,82.9,3.4,1,2,0,0,1,2,6.5,224,8.6
8,Derek Robertson,142298,QB,MAINE,1,61.5,26,26,11.7,2.74,0,2,7.4,53.8,14,0,12,12.5,30,2,9,212,68.8,65.2,65.9,57.0,0,0,31,0,25.0,88.8,10.0,3,1,0,0,1,0,0.0,181,7.0
8,Keon Howard,40418,QB,TENN MARTN,1,87.5,24,26,9.8,3.15,0,4,15.4,69.2,18,0,8,14.3,31,3,13,310,21.7,82.6,81.2,67.4,0,1,32,0,25.0,105.9,6.5,2,3,0,2,2,2,6.3,228,8.8
8,Austin Day,106411,QB,MARIST,1,76.0,25,26,10.3,3.15,0,5,16.1,69.2,18,0,20,5.3,38,1,15,213,69.2,90.2,77.8,88.5,0,1,43,0,20.0,88.9,10.5,4,8,0,1,1,0,0.0,202,7.8
8,Jason Shelley,60581,QB,MO STATE,1,77.3,22,25,8.9,3.12,1,1,3.7,64.0,16,0,19,5.9,35,1,8,230,71.0,62.2,63.8,57.2,0,1,38,0,26.3,79.1,14.3,5,5,0,2,0,1,2.6,242,9.7
8,Geremy Hickbottom,62834,QB,TENN STATE,1,81.0,21,25,9.0,2.65,0,3,11.5,60.0,15,0,13,11.8,26,2,10,308,71.8,92.0,92.8,65.2,1,0,27,0,0.0,92.7,0.0,0,1,0,3,1,0,0.0,164,6.6
8,Jalen Fowler,64170,QB,NC A&T,1,78.3,23,25,9.2,2.85,0,0,0.0,68.0,17,0,14,5.6,31,1,11,246,20.5,49.4,50.8,53.3,1,2,33,0,35.7,76.9,16.1,5,1,0,1,1,3,9.1,229,9.2
8,Shedeur Sanders,131396,QB,JACKSON ST,1,79.2,24,25,16.5,2.95,0,2,7.7,72.0,18,0,16,5.3,35,1,14,194,30.4,80.5,77.9,72.0,1,0,37,1,43.8,153.2,20.0,7,3,0,0,4,1,2.7,309,12.4
8,Otto Kuhns,138014,QB,E ILLINOIS,1,41.7,24,25,11.0,2.5,0,1,4.0,40.0,10,0,9,0.0,29,0,2,158,68.1,28.1,27.7,,1,3,29,0,44.4,8.3,13.8,4,0,0,0,0,3,10.3,70,2.8
8,Jake Dunniway,60572,QB,SACRAMENTO,1,88.0,25,25,8.5,2.3,0,2,7.7,84.0,21,0,1,4.5,25,1,16,279,69.0,81.1,84.4,53.2,0,1,26,0,0.0,128.8,0.0,0,0,0,0,2,1,3.8,328,13.1
8,Sheldon Layman,101054,QB,AUSTINPEAY,1,72.7,22,24,10.2,2.41,1,1,4.2,62.5,15,0,8,6.3,27,1,8,116,72.6,84.2,84.9,66.4,0,0,27,0,12.5,105.6,3.7,1,1,0,1,2,0,0.0,136,5.7
8,Daniel Smith,88625,QB,VILLANOVA,1,75.0,24,24,13.3,2.47,0,5,19.2,58.3,14,0,3,22.2,26,4,10,334,29.4,93.7,94.6,63.0,0,0,28,0,0.0,115.6,0.0,0,2,0,0,2,1,3.6,214,8.9
8,Hunter Hays,141593,QB,IDAHO ST,1,56.5,23,24,9.1,2.15,0,0,0.0,50.0,12,0,4,7.7,27,1,7,186,70.2,51.0,47.1,62.7,1,0,29,0,50.0,63.0,7.4,2,1,0,0,0,1,3.4,111,4.6
8,Ben Nimz,109067,QB,VALPO,1,69.6,23,24,11.7,2.73,1,2,8.3,62.5,15,0,8,6.3,28,1,11,332,69.1,70.0,68.9,62.2,0,0,28,1,37.5,124.8,10.7,3,1,0,0,2,0,0.0,247,10.3
8,C.J. Ogbonna,149182,QB,SE MO ST,1,63.6,22,24,13.4,2.29,0,2,8.3,54.2,13,0,5,7.1,24,1,8,293,71.3,75.4,70.9,69.3,1,0,24,0,0.0,108.7,0.0,0,0,0,1,2,0,0.0,194,8.1
8,Ethan Grady,149266,QB,BUCKNELL,1,85.7,21,23,12.4,2.63,0,4,17.4,60.9,14,0,7,22.2,24,4,8,125,67.6,91.2,91.7,60.0,1,2,24,0,14.3,86.6,4.2,1,0,0,1,3,1,4.2,168,7.3
8,Wiley Hartley,122297,QB,CAMPBELL,1,73.9,23,23,10.9,2.69,0,1,4.0,56.5,13,0,9,23.5,27,4,5,131,68.8,60.5,61.5,56.3,0,2,31,0,33.3,31.8,11.1,3,1,0,0,0,1,3.2,104,4.5
8,Steven Duncan,40211,QB,TARLETON,1,77.3,22,23,9.0,2.62,0,1,4.2,65.2,15,0,5,11.8,26,2,7,401,69.1,68.6,71.2,53.8,1,0,27,0,20.0,111.9,3.8,1,2,0,0,2,1,3.7,146,6.3
8,Cole Stenstrom,141835,QB,S DAKOTA,1,54.5,22,23,10.7,2.47,1,0,0.0,47.8,11,0,0,8.3,26,1,7,291,29.5,56.5,57.3,56.4,0,2,27,0,,42.8,3.8,1,2,0,0,1,1,3.7,125,5.4
8,Matthew McKay,60485,QB,MONTANA ST,1,61.9,21,22,14.0,2.7,0,1,4.5,45.5,10,0,3,23.1,26,3,7,233,18.3,58.5,63.2,52.1,0,0,26,0,33.3,96.0,3.8,1,3,0,1,2,0,0.0,136,6.2
8,Joe Green,101283,QB,COLUMBIA,1,77.3,22,22,4.3,2.56,0,0,0.0,63.6,14,0,6,17.6,27,3,7,145,69.2,66.4,65.4,65.2,0,0,29,1,16.7,88.8,3.7,1,4,0,0,1,0,0.0,98,4.5
8,Dylan McCaffrey,60451,QB,N COLORADO,1,72.2,18,22,5.7,2.63,2,0,0.0,50.0,11,0,8,15.4,28,2,6,253,72.6,64.4,51.7,70.9,1,0,30,0,25.0,72.9,7.1,2,4,0,1,1,0,0.0,74,3.4
8,Glendon McDaniel,78483,QB,SOUTHERN U,1,81.0,21,22,7.3,2.36,0,1,4.5,63.6,14,0,9,17.6,26,3,3,297,26.3,58.1,59.8,53.8,1,1,26,0,22.2,72.9,7.7,2,2,0,0,1,2,7.7,114,5.2
8,Quinton Williams,102366,QB,HOWARD,1,63.6,22,22,9.5,2.79,0,0,0.0,59.1,13,0,6,7.1,27,1,9,184,70.6,50.4,42.5,66.8,0,2,27,0,50.0,60.8,11.1,3,2,0,0,1,2,7.4,170,7.7
8,Bailey Fisher,88643,QB,GARD-WEBB,1,81.0,21,22,5.1,2.38,0,2,8.3,77.3,17,0,5,0.0,27,0,7,171,37.0,69.8,66.7,65.7,0,1,29,0,60.0,108.0,11.1,3,2,0,1,2,1,3.4,159,7.2
8,Theo Day,83515,QB,N IOWA,1,72.2,18,21,15.5,2.97,1,2,9.5,52.4,11,0,7,15.4,24,2,9,255,69.9,67.4,65.7,62.0,2,1,24,0,42.9,87.8,12.5,3,0,0,0,1,1,4.2,232,11.0
8,Guenson Alexis,148625,QB,WAGNER,1,55.0,20,21,10.4,2.88,0,0,0.0,47.6,10,0,16,9.1,26,1,2,338,31.2,38.1,38.1,53.2,0,2,30,0,12.5,14.7,7.7,2,3,0,1,0,3,10.0,57,2.7
8,Anthony Thompson,40036,QB,INDIANA ST,1,77.8,18,21,7.9,3.27,1,1,4.8,61.9,13,0,10,7.1,25,1,7,191,72.9,71.5,61.6,71.4,0,1,25,0,0.0,64.8,0.0,0,4,0,2,0,1,4.0,156,7.4
8,Chris Ferguson,40105,QB,TOWSON,1,52.6,19,20,11.1,2.77,0,0,0.0,45.0,9,0,6,10.0,23,1,5,317,25.2,27.8,27.5,57.3,0,3,23,0,33.3,42.7,8.7,2,1,0,1,1,4,17.4,125,6.3
8,Zach Gwynn,77654,QB,DELAWARE,1,44.4,18,20,14.4,2.47,0,4,18.2,30.0,6,0,14,25.0,26,2,4,151,28.3,47.9,46.7,58.6,1,2,28,0,21.4,21.9,11.5,3,2,0,1,1,2,7.1,85,4.3
8,Shannon Patrick,82081,QB,BETH COOK,1,44.4,18,20,16.9,2.23,0,4,20.0,35.0,7,0,8,12.5,21,1,4,119,67.9,69.5,69.4,59.6,0,2,21,0,12.5,33.1,4.8,1,0,0,2,1,2,9.5,119,6.0
8,Bryce Jefferson,89411,QB,ILL STATE,1,82.4,17,19,1.9,2.79,0,0,0.0,73.7,14,0,14,0.0,27,0,6,188,19.8,46.9,48.7,51.2,0,0,28,0,35.7,81.9,18.5,5,3,0,2,0,2,7.1,84,4.4
8,Jalani Eason,52172,QB,MS VLY ST,1,94.4,18,19,9.6,2.75,1,1,4.8,78.9,15,0,6,11.8,24,2,5,228,39.9,75.4,86.4,47.5,0,0,26,0,33.3,127.0,8.3,2,3,0,0,1,0,0.0,195,10.3
8,Gevani McCoy,147609,QB,IDAHO,1,62.5,16,18,16.4,3.7,1,2,10.5,44.4,8,0,18,20.0,30,2,9,185,19.8,50.0,44.7,63.2,1,2,32,0,38.9,46.5,23.3,7,5,0,0,1,4,12.5,123,6.8
8,Darius Perrantes,103934,QB,DUQUESNE,1,60.0,15,17,10.7,3.19,2,0,0.0,41.2,7,0,8,22.2,21,2,3,155,25.5,38.9,47.6,38.9,0,1,22,2,25.0,24.4,9.5,2,2,0,0,0,2,9.1,50,2.9
8,Quincy Patterson II,77626,QB,N DAK ST,1,40.0,15,17,15.3,3.17,0,2,10.5,29.4,5,0,9,16.7,20,1,3,250,70.3,53.2,47.3,64.4,0,1,22,0,11.1,21.4,5.0,1,2,1,1,0,2,9.1,77,4.5
8,Skyler Perry,82082,QB,ARKAPB,1,53.8,13,17,9.8,2.99,2,1,5.3,41.2,7,0,13,0.0,23,0,4,112,70.5,60.8,55.7,64.6,0,1,25,0,15.4,38.1,8.7,2,4,0,2,0,1,4.0,107,6.3
8,Jeff Miller,87545,QB,TOWSON,1,76.5,17,17,8.1,2.23,0,0,0.0,70.6,12,0,2,7.7,18,1,7,317,23.3,37.8,38.1,,0,1,18,0,50.0,66.5,5.6,1,0,0,0,0,2,11.1,123,7.2
8,Bryce Corriston,139140,QB,WOFFORD,1,73.3,15,17,5.8,2.85,0,0,0.0,47.1,8,0,7,27.3,19,3,6,350,18.3,58.4,70.9,47.4,0,0,19,0,0.0,75.1,0.0,0,2,0,2,1,1,5.3,58,3.4
8,Mike Chandler II,139371,QB,LAMAR,1,68.8,16,16,10.0,2.9,0,1,6.3,56.3,9,0,11,18.2,21,2,6,204,69.2,80.2,75.9,69.6,0,0,21,0,18.2,128.9,9.5,2,3,0,0,2,1,4.8,155,9.7
8,Marquez McCray,109056,QB,SACR HEART,1,73.3,15,16,9.9,3.28,0,1,5.6,68.8,11,0,9,0.0,25,0,10,280,69.7,86.5,90.2,60.0,0,0,28,0,44.4,101.8,16.0,4,5,0,1,0,0,0.0,163,10.2
8,Joey Carino,142211,QB,ALBANY,1,76.9,13,14,10.8,2.75,0,0,0.0,50.0,7,0,4,30.0,16,3,2,106,70.1,56.9,60.7,54.2,1,0,16,1,25.0,59.2,6.3,1,1,0,0,0,0,0.0,52,3.7
8,Cole Copeland,63563,QB,CHATTNOOGA,1,85.7,14,14,9.8,3.05,0,0,0.0,78.6,11,0,6,8.3,19,1,7,137,69.1,73.9,69.4,67.8,0,1,20,0,33.3,128.6,10.5,2,3,0,0,2,1,5.0,261,18.6
8,Xavier Shepherd,104767,QB,KENNESAW,1,57.1,14,14,11.9,2.83,0,0,0.0,57.1,8,0,2,0.0,17,0,5,200,30.6,54.7,62.2,51.1,0,0,17,0,0.0,122.6,0.0,0,3,0,0,2,0,0.0,112,8.0
8,Jeff Undercuffler,78501,QB,ALBANY,1,64.3,14,14,10.6,2.77,0,0,0.0,50.0,7,0,2,22.2,16,2,4,106,25.4,52.4,57.8,49.4,0,0,18,0,50.0,94.9,6.3,1,1,0,0,1,0,0.0,92,6.6
8,Richie Kenney,91723,QB,CORNELL,1,61.5,13,13,19.3,2.73,0,1,7.7,46.2,6,0,3,25.0,14,2,3,147,21.3,40.3,39.6,,0,0,15,0,33.3,101.1,7.1,1,0,0,0,1,1,6.7,109,8.4
8,Kasim Hill,60444,QB,RHODE ISLD,1,46.2,13,13,12.3,2.48,0,0,0.0,30.8,4,0,5,33.3,15,2,2,274,68.8,61.6,56.8,66.1,0,1,15,0,20.0,8.2,6.7,1,1,0,0,0,0,0.0,22,1.7
8,Matthew Sluka,143059,QB,HOLY CROSS,1,66.7,12,12,9.5,3.16,0,0,0.0,58.3,7,0,5,12.5,17,1,5,181,71.2,91.2,65.3,92.1,0,1,17,0,40.0,37.5,11.8,2,3,0,0,0,1,5.9,62,5.2
8,Jaalon Frazier,60391,QB,WAGNER,1,45.5,11,12,10.7,2.53,0,2,15.4,33.3,4,0,10,20.0,15,1,4,338,66.5,61.2,57.2,65.2,1,1,16,0,0.0,23.3,0.0,0,3,0,0,0,2,12.5,81,6.8
8,Darius Wilson,148492,QB,WM & MARY,1,66.7,12,12,11.2,3.42,0,1,7.7,58.3,7,0,6,12.5,15,1,8,348,68.8,77.2,70.1,72.2,0,1,16,0,16.7,95.8,6.7,1,2,0,0,1,0,0.0,164,13.7
8,Cody Orgeron,23693,QB,MCNEESE,1,91.7,12,12,8.1,3.3,0,0,0.0,83.3,10,0,6,9.1,18,1,9,217,72.1,91.1,91.8,70.3,0,0,18,0,33.3,142.7,11.1,2,4,0,0,1,0,0.0,139,11.6
8,Marco Siderman,143060,QB,HOLY CROSS,1,72.7,11,11,7.7,2.2,0,0,0.0,63.6,7,0,2,12.5,11,1,2,181,21.3,68.4,75.8,51.1,0,0,11,0,0.0,71.4,0.0,0,0,0,0,0,0,0.0,43,3.9
8,Jameson Wang,148782,QB,CORNELL,1,81.8,11,11,9.4,2.92,0,1,7.7,72.7,8,0,4,11.1,12,1,6,147,72.9,85.0,63.2,83.4,0,1,14,0,0.0,110.6,0.0,0,1,0,0,2,1,7.1,122,11.1
8,Brandon Robinson,82141,QB,RHODE ISLD,1,66.7,9,10,8.6,3.05,1,0,0.0,60.0,6,0,4,0.0,13,0,0,274,69.3,56.0,53.1,60.3,0,0,13,0,25.0,67.1,7.7,1,2,0,0,0,0,0.0,36,3.6
8,Louis Colosimo,64186,QB,DAVIDSON,1,80.0,10,10,19.5,2.31,0,5,45.5,70.0,7,0,1,12.5,10,1,6,149,69.9,94.3,94.8,70.2,0,0,11,0,0.0,152.1,0.0,0,0,0,0,2,0,0.0,183,18.3
8,Grant Breneman,64179,QB,COLGATE,1,40.0,10,10,11.7,2.48,0,0,0.0,30.0,3,0,5,25.0,13,1,1,142,70.5,49.8,43.1,61.8,0,2,13,0,20.0,3.3,7.7,1,2,0,0,0,0,0.0,38,3.8
8,Jaylan Adams,89133,QB,CITADEL,1,66.7,9,10,21.8,3.16,1,3,30.0,50.0,5,0,5,16.7,13,1,5,139,75.7,88.3,90.5,70.2,0,0,13,0,40.0,95.8,15.4,2,1,0,0,0,1,7.7,127,12.7
8,Cam Miller,125299,QB,N DAK ST,1,77.8,9,9,14.3,2.63,0,2,18.2,77.8,7,0,3,0.0,10,0,4,250,71.1,93.5,92.5,75.8,0,0,12,0,33.3,158.1,10.0,1,0,0,0,2,0,0.0,112,12.4
8,Ben Mays,91722,QB,CORNELL,1,33.3,9,9,14.6,2.57,0,1,10.0,33.3,3,0,3,0.0,9,0,3,147,67.5,61.8,57.6,65.0,0,0,10,0,0.0,100.7,0.0,0,0,0,0,1,0,0.0,73,8.1
8,Jalen Dummett,139376,QB,LAMAR,1,50.0,8,9,10.4,3.01,0,0,0.0,44.4,4,0,8,0.0,15,0,5,204,29.1,78.4,52.6,79.3,1,0,15,0,12.5,56.3,6.7,1,5,0,0,0,1,6.7,37,4.1
8,Darique Hampton,105274,QB,CITADEL,1,66.7,6,8,9.8,2.98,0,0,0.0,37.5,3,0,2,25.0,8,1,2,139,67.4,56.8,54.2,62.3,0,0,9,0,0.0,70.3,0.0,0,0,0,2,0,0,0.0,71,8.9
8,Matthew Caldwell,150302,QB,JVILLE ST,1,42.9,7,8,6.0,2.99,0,0,0.0,37.5,3,0,5,0.0,8,0,2,196,64.9,32.8,32.1,,0,0,8,0,0.0,47.4,0.0,0,0,0,1,0,1,12.5,27,3.4
8,Zachary Yeager,150544,QB,NC A&T,1,62.5,8,8,11.5,3.06,0,0,0.0,50.0,4,0,2,20.0,10,1,4,246,65.4,57.3,46.5,71.1,0,0,10,0,0.0,64.1,0.0,0,2,0,0,0,0,0.0,39,4.9
8,Devin Black,78526,QB,BETH COOK,1,28.6,7,7,13.6,2.88,0,0,0.0,28.6,2,0,8,0.0,12,0,3,119,12.2,28.9,29.0,50.2,0,1,14,0,37.5,7.1,25.0,3,2,0,0,0,2,14.3,33,4.7
8,Asher O'Hara,78529,QB,SACRAMENTO,1,71.4,7,7,11.0,2.41,0,1,14.3,71.4,5,0,1,0.0,9,0,4,279,27.0,61.5,84.8,48.6,0,0,9,0,100.0,150.0,11.1,1,1,0,0,1,0,0.0,82,11.7
8,Michael Brescia,149295,QB,COLGATE,1,33.3,6,6,17.2,2.78,0,1,14.3,33.3,2,0,3,0.0,8,0,2,142,72.6,54.3,39.3,65.2,0,1,10,0,33.3,18.8,12.5,1,1,0,0,0,1,10.0,41,6.8
8,Zach Weir,138031,QB,E ILLINOIS,1,50.0,6,6,12.5,3.16,0,0,0.0,50.0,3,0,4,0.0,8,0,2,158,64.9,60.1,54.7,64.3,0,0,8,0,25.0,61.8,12.5,1,1,0,0,0,0,0.0,26,4.3
8,Willie Miller,104799,QB,TENN TECH,1,66.7,6,6,14.5,3.61,0,0,0.0,66.7,4,0,2,0.0,8,0,4,309,67.4,60.3,46.9,72.3,0,1,9,1,50.0,109.7,12.5,1,1,0,0,1,1,11.1,90,15.0
8,Luke Duby,148765,QB,CORNELL,1,33.3,6,6,12.7,2.3,0,0,0.0,33.3,2,0,0,0.0,6,0,1,147,64.2,40.9,40.6,,0,0,6,0,,42.4,0.0,0,0,0,0,0,0,0.0,8,1.3
8,Randall Johnson,98675,QB,WEBER ST,1,83.3,6,6,-2.0,1.58,0,0,0.0,66.7,4,0,1,20.0,6,1,1,342,69.0,69.5,75.4,61.5,0,0,7,1,0.0,73.6,0.0,0,0,0,0,0,0,0.0,23,3.8
8,Carson Camp,141837,QB,S DAKOTA,1,50.0,6,6,17.5,3.36,0,0,0.0,50.0,3,0,3,0.0,8,0,1,291,17.4,38.5,44.8,50.6,0,0,8,0,0.0,57.6,0.0,0,2,0,0,0,1,12.5,20,3.3
8,Jake Davis,149583,QB,PRESBYTERN,1,66.7,6,6,8.2,2.37,0,0,0.0,66.7,4,0,4,0.0,6,0,2,271,64.2,67.3,66.9,,0,0,6,0,0.0,72.9,0.0,0,0,0,0,0,0,0.0,22,3.7
8,Kohen Granier,63573,QB,NICHOLLS,1,66.7,6,6,8.2,1.62,0,0,0.0,50.0,3,0,0,25.0,6,1,1,243,64.2,65.5,64.7,,0,0,6,0,,56.3,0.0,0,0,0,0,0,0,0.0,11,1.8
8,Jeff Widener,104774,QB,N ARIZONA,1,66.7,6,6,4.7,2.84,0,0,0.0,50.0,3,0,2,25.0,8,1,2,252,66.2,59.7,58.6,60.5,0,0,8,0,0.0,61.1,0.0,0,2,0,0,0,0,0.0,25,4.2
8,Evan Nelson,142436,QB,DUQUESNE,1,25.0,4,5,10.8,3.22,0,0,0.0,20.0,1,0,4,0.0,6,0,0,155,64.2,54.5,54.3,,0,0,6,1,25.0,39.6,16.7,1,0,0,1,0,0,0.0,12,2.4
8,Ross Malmgren,104757,QB,CHARLES SO,1,60.0,5,5,5.4,3.0,0,0,0.0,60.0,3,0,0,0.0,6,0,3,135,64.6,67.7,61.7,64.3,0,0,7,0,,118.3,0.0,0,1,0,0,1,0,0.0,32,6.4
8,Quincy Vaughn,138259,QB,N DAKOTA,1,75.0,4,5,2.0,2.6,0,0,0.0,60.0,3,0,1,0.0,5,0,1,249,68.2,68.2,51.9,64.6,0,0,5,0,0.0,64.6,0.0,0,0,0,1,0,0,0.0,15,3.0
8,Jalyn Williams,105549,QB,SE MO ST,1,50.0,4,4,5.8,2.18,0,0,0.0,50.0,2,0,0,0.0,5,0,0,293,63.8,28.9,28.7,57.8,0,1,5,0,,16.7,0.0,0,1,0,0,0,1,20.0,-2,-0.5
8,Ladarius Skelton,78528,QB,SOUTHERN U,1,33.3,3,4,12.0,2.9,0,0,0.0,25.0,1,0,2,0.0,5,0,0,297,70.9,45.4,27.9,63.6,0,1,5,0,0.0,0.0,0.0,0,1,0,1,0,1,20.0,6,1.5
8,Charlie Dean,108990,QB,HARVARD,1,50.0,4,4,8.3,2.7,0,0,0.0,25.0,1,0,3,50.0,5,1,0,179,63.8,40.0,48.7,57.8,0,0,5,1,0.0,39.6,0.0,0,1,0,0,0,0,0.0,7,1.8
8,Xzavier Vaughn,102342,QB,ARKAPB,1,50.0,4,4,13.3,3.19,0,0,0.0,25.0,1,0,3,50.0,7,1,0,112,65.9,28.5,26.0,59.4,0,1,7,0,33.3,0.0,14.3,1,2,0,0,0,2,28.6,5,1.3
8,Chris Katrenick,60365,QB,E ILLINOIS,1,50.0,4,4,10.3,2.3,0,0,0.0,50.0,2,0,2,0.0,5,0,1,158,65.5,47.2,46.4,60.0,0,0,5,0,50.0,63.5,20.0,1,0,0,0,0,1,20.0,19,4.8
8,Robbie Patterson,143694,QB,MONTANA,1,75.0,4,4,9.5,2.05,0,0,0.0,75.0,3,0,0,0.0,4,0,2,232,67.8,54.4,59.7,54.7,0,0,4,0,,97.9,0.0,0,0,0,0,0,0,0.0,32,8.0
8,Judd Erickson,52033,QB,SAN DIEGO,1,66.7,3,3,7.3,3.2,0,0,0.0,33.3,1,0,2,50.0,3,1,1,283,62.7,53.4,51.4,,0,0,3,0,0.0,46.5,0.0,0,0,0,0,0,0,0.0,12,4.0
8,Drayton Arnold,40050,QB,CHATTNOOGA,1,100.0,3,3,10.3,2.5,0,0,0.0,100.0,3,0,0,0.0,3,0,2,137,64.8,86.3,84.3,62.8,0,0,3,0,,118.8,0.0,0,0,0,0,0,0,0.0,38,12.7
8,Demeatric Crenshaw,138332,QB,YNGTOWN ST,1,33.3,3,3,6.0,2.3,0,0,0.0,33.3,1,0,0,0.0,3,0,0,353,67.7,78.7,64.8,72.2,0,0,3,0,,42.4,0.0,0,0,0,0,0,0,0.0,3,1.0
8,Jeffrey Jackson,143208,QB,VALPO,1,50.0,2,3,6.0,4.03,0,0,0.0,33.3,1,0,4,0.0,6,0,0,332,64.2,48.7,46.6,58.3,1,0,6,0,0.0,42.4,0.0,0,3,0,0,0,0,0.0,4,1.3
8,Lem Wash,149229,QB,TENN TECH,1,100.0,3,3,8.0,4.48,0,0,0.0,33.3,1,0,2,66.7,4,2,1,309,3.6,29.0,59.8,27.5,0,1,4,0,50.0,50.7,25.0,1,0,0,0,1,0,0.0,15,5.0
8,Joe Pesansky,149434,QB,HOLY CROSS,1,50.0,2,2,3.0,2.05,0,0,0.0,50.0,1,0,0,0.0,2,0,0,181,64.4,63.1,62.1,60.0,0,0,2,0,,56.3,0.0,0,0,0,0,0,0,0.0,1,0.5
8,Tommy Mellott,147646,QB,MONTANA ST,1,50.0,2,2,2.5,2.4,0,0,0.0,50.0,1,0,0,0.0,2,0,1,233,68.7,56.5,49.3,62.2,0,0,2,0,,64.6,0.0,0,0,0,0,0,0,0.0,10,5.0
8,Keegan Shoemaker,108983,QB,SM HOUSTON,1,50.0,2,2,9.5,3.53,0,0,0.0,50.0,1,0,1,0.0,3,0,2,281,65.2,46.6,53.1,52.6,0,0,4,0,0.0,60.4,0.0,0,1,0,0,0,0,0.0,8,4.0
8,Maurcus McDaniel,148933,QB,PENN,1,100.0,2,2,11.5,3.53,0,0,0.0,50.0,1,0,2,50.0,3,1,1,267,70.4,75.7,79.1,63.2,0,0,3,0,50.0,95.8,33.3,1,0,0,0,0,0,0.0,25,12.5
8,Jackson Hardy,142351,QB,RICHMOND,1,100.0,2,2,9.0,3.97,0,0,0.0,100.0,2,0,2,0.0,4,0,1,276,63.3,60.4,72.7,52.8,0,0,4,0,0.0,110.4,0.0,0,2,0,0,0,0,0.0,21,10.5
8,Creyton Cooper,147853,QB,WEBER ST,1,100.0,1,1,-1.0,2.2,0,0,0.0,0.0,0,0,0,100.0,1,1,0,342,65.9,56.7,57.7,62.0,0,0,1,0,,39.6,0.0,0,0,0,0,0,0,0.0,0,0.0
8,Nick Howard,108979,QB,DARTMOUTH,1,100.0,1,1,-5.0,3.0,0,0,0.0,100.0,1,0,0,0.0,2,0,0,148,72.4,72.5,60.4,67.7,0,0,2,0,,100.0,0.0,0,1,0,0,0,0,0.0,8,8.0
8,Connor Watkins,108971,QB,VILLANOVA,1,0.0,1,1,8.0,2.2,0,0,0.0,0.0,0,0,0,,1,0,0,334,60.3,46.1,46.1,,0,0,1,0,,39.6,0.0,0,0,0,0,0,0,0.0,0,0.0
8,Jake Richter,138253,WR,N DAKOTA,1,100.0,1,1,29.0,4.0,0,0,0.0,100.0,1,0,0,0.0,1,0,1,249,65.9,62.9,76.2,,0,0,1,0,,158.3,0.0,0,0,0,0,1,0,0.0,45,45.0
8,Sagan Gronauer,105567,QB,IDAHO ST,1,0.0,1,1,6.0,2.75,0,0,0.0,0.0,0,0,0,,2,0,1,186,66.2,66.0,52.8,67.4,0,0,2,0,,39.6,0.0,0,1,0,0,0,0,0.0,0,0.0
8,Elijah Burrell,139171,QB,DAVIDSON,1,0.0,1,1,24.0,2.3,0,0,0.0,0.0,0,0,0,,1,0,0,149,63.7,75.1,52.5,60.0,0,0,1,0,,39.6,0.0,0,0,0,0,0,0,0.0,0,0.0
8,Johnathan Lewis,60520,QB,S DAKOTA,1,0.0,1,1,5.0,1.5,0,0,0.0,0.0,0,0,0,,1,0,0,291,60.3,55.4,57.7,,0,0,1,0,,39.6,0.0,0,0,0,0,0,0,0.0,0,0.0
8,Hollis Mathis,104797,QB,WM & MARY,1,100.0,1,1,24.0,3.1,0,0,0.0,100.0,1,0,0,0.0,1,0,1,348,63.7,73.8,77.7,58.5,0,0,1,0,,118.8,0.0,0,0,0,0,0,0,0.0,26,26.0
8,Eric Samuta,58006,LB,MURRAY ST,1,0.0,1,1,13.0,2.3,0,0,0.0,0.0,0,0,0,,1,0,0,236,60.3,52.9,49.6,,0,1,1,0,,0.0,0.0,0,0,0,0,0,0,0.0,0,0.0
8,Giancarlo Woods,142801,WR,CAL POLY,1,0.0,1,1,8.0,3.5,0,0,0.0,0.0,0,0,0,,1,0,0,129,72.7,51.4,25.3,,0,0,1,0,,39.6,0.0,0,0,0,0,0,1,100.0,0,0.0
8,Keaton Heide,103940,QB,S DAK ST,1,0.0,1,1,5.0,2.9,0,0,0.0,0.0,0,0,0,,1,0,0,292,60.3,60.8,60.6,,0,0,1,0,,39.6,0.0,0,0,0,0,0,0,0.0,0,0.0
8,LaMartez Brooks,88738,WR,MURRAY ST,1,100.0,1,1,26.0,3.0,0,1,100.0,0.0,0,0,0,100.0,1,1,0,236,70.1,72.4,88.1,59.0,0,0,1,0,,39.6,0.0,0,0,0,0,0,0,0.0,0,0.0
8,Cephus Johnson III,60530,QB,SE LA,1,100.0,1,1,43.0,3.2,0,0,0.0,100.0,1,0,0,0.0,1,0,1,294,70.5,64.4,75.9,63.7,0,0,1,0,,158.3,0.0,0,0,0,0,1,0,0.0,89,89.0
8,Michael Haupert,87526,QB,INDIANA ST,1,100.0,1,1,8.0,4.1,0,0,0.0,100.0,1,0,0,0.0,1,0,1,191,70.3,62.2,77.2,,0,0,1,0,,118.8,0.0,0,0,0,0,0,0,0.0,18,18.0
8,Derek Ng,87238,K,HOLY CROSS,1,100.0,1,1,9.0,2.0,0,0,0.0,100.0,1,0,0,0.0,1,0,1,181,60.3,78.9,71.5,,0,0,1,0,,139.6,0.0,0,0,0,0,1,0,0.0,8,8.0
8,Zach Borisch,83230,HB,IDAHO,1,100.0,1,1,19.0,2.45,0,0,0.0,100.0,1,0,1,0.0,2,0,1,185,74.2,75.5,70.7,68.0,0,0,2,0,100.0,118.8,50.0,1,0,0,0,0,0,0.0,22,22.0
8,Mackenzie Morgan,77587,P,WEBER ST,1,100.0,1,1,3.0,2.0,0,0,0.0,100.0,1,0,0,0.0,1,0,1,342,63.7,72.9,74.3,62.7,0,0,1,0,,118.8,0.0,0,0,0,0,0,0,0.0,20,20.0
8,Kylin James,150195,HB,CENT ARK,1,100.0,1,1,29.0,3.4,0,0,0.0,100.0,1,0,0,0.0,1,0,1,132,73.6,84.4,76.2,86.6,0,0,1,0,,158.3,0.0,0,0,0,0,1,0,0.0,42,42.0
8,Undre Lindsay,154748,QB,HOWARD,1,100.0,1,1,1.0,2.8,0,0,0.0,100.0,1,0,0,0.0,1,0,0,184,63.7,55.6,60.4,57.4,0,0,1,0,,79.2,0.0,0,0,0,0,0,0,0.0,3,3.0
8,Brock Boltmann,60487,WR,N DAKOTA,1,100.0,1,1,-4.0,2.5,0,0,0.0,100.0,1,0,0,0.0,1,0,1,249,65.9,64.8,60.4,,0,0,1,1,,158.3,0.0,0,0,0,0,1,0,0.0,15,15.0
8,Dillon Sterling-Cole,46390,QB,MWSTATE,1,56.4,39,41,9.7,2.58,1,0,0.0,48.8,20,0,11,9.1,42,2,8,983,43.2,45.6,37.9,67.9,0,2,44,0,0.0,47.1,0.0,0,1,1,0,1,4,9.1,163,4.0
8,Chacai Campbell,155942,QB,VA LYNCHBU,1,61.9,21,24,11.6,3.23,0,0,0.0,54.2,13,0,22,0.0,30,0,7,406,70.3,64.1,63.9,60.0,1,0,31,0,13.6,84.2,10.0,3,3,0,2,1,0,0.0,133,5.5
8,Darrius Sample,155649,QB,VA LYNCHBU,1,0.0,2,3,18.0,4.32,0,0,0.0,0.0,0,0,5,,6,0,0,406,13.4,24.5,24.3,57.3,0,0,6,0,40.0,39.6,33.3,2,1,0,1,0,2,33.3,0,0.0
week,player,player_id,position,team_name,player_game_count,accuracy_percent,aimed_passes,attempts,avg_depth_of_target,avg_time_to_throw,bats,big_time_throws,btt_rate,completion_percent,completions,declined_penalties,def_gen_pressures,drop_rate,dropbacks,drops,first_downs,franchise_id,grades_hands_fumble,grades_offense,grades_pass,grades_run,hit_as_threw,interceptions,passing_snaps,penalties,pressure_to_sack_rate,qb_rating,sack_percent,sacks,scrambles,spikes,thrown_aways,touchdowns,turnover_worthy_plays,twp_rate,yards,ypa
9,Kenny Pickett,60515,QB,PITTSBURGH,1,75.5,53,55,9.5,3.03,0,3,5.4,70.9,39,0,18,2.5,64,1,24,268,70.6,80.3,83.7,51.9,0,2,67,0,22.2,103.5,6.3,4,5,0,2,3,2,3.0,519,9.4
9,Sean Clifford,51708,QB,PENN STATE,1,84.4,45,52,6.4,2.54,2,2,3.6,67.3,35,0,22,7.9,56,3,20,266,52.3,76.6,74.6,65.9,1,1,59,0,18.2,85.5,7.1,4,0,0,4,1,1,1.7,361,6.9
9,Carson Strong,83524,QB,NEVADA,1,84.4,45,49,6.3,2.53,0,2,3.9,75.5,37,0,12,2.6,51,1,23,239,69.8,77.5,79.5,57.3,0,1,53,1,8.3,119.2,2.0,1,1,0,4,4,1,1.9,417,8.5
9,Gavin Hardison,100827,QB,UTEP,1,59.1,44,47,14.9,2.81,1,2,4.1,48.9,23,0,8,11.5,51,3,13,330,70.5,58.6,55.0,74.7,0,2,54,1,37.5,69.0,5.9,3,1,1,1,2,3,5.6,335,7.1
9,Jarret Doege,60353,QB,W VIRGINIA,1,80.5,41,46,9.1,2.69,3,5,10.2,65.2,30,0,8,9.1,46,3,18,343,70.1,86.4,85.8,65.6,0,2,50,1,0.0,93.6,0.0,0,0,0,2,3,1,2.0,370,8.0
9,Bailey Zappe,60396,QB,W KENTUCKY,1,84.1,44,45,8.7,2.42,0,2,4.0,73.3,33,0,5,10.8,48,4,21,346,70.2,80.5,81.4,62.8,0,2,53,1,0.0,110.5,0.0,0,3,0,1,4,2,3.8,391,8.7
9,Aidan O'Connell,60516,QB,PURDUE,1,79.1,43,45,6.4,2.44,0,1,2.2,75.6,34,0,14,0.0,48,0,17,273,70.8,72.7,72.6,58.2,0,0,49,0,14.3,101.4,4.2,2,1,0,2,2,1,2.0,233,5.2
9,Cade McNamara,101620,QB,MICHIGAN,1,73.8,42,45,9.8,2.39,2,3,6.4,62.2,28,0,19,9.7,47,3,17,222,69.6,77.3,76.3,62.0,0,1,49,0,0.0,95.0,0.0,0,2,0,1,2,1,2.0,383,8.5
9,Ethan Garbers,131896,QB,UCLA,1,75.6,41,44,6.9,2.91,2,3,6.5,61.4,27,0,16,12.9,55,4,17,324,70.8,73.8,73.5,62.8,0,1,57,0,12.5,84.0,3.6,2,9,0,1,2,1,1.8,265,6.0
9,Jake Haener,60596,QB,FRESNO ST,1,63.4,41,42,12.0,2.46,0,2,4.3,61.9,26,0,16,0.0,46,0,11,169,70.0,66.7,66.7,57.0,0,0,50,0,12.5,92.0,4.3,2,1,0,1,1,1,2.0,306,7.3
9,Tyler Van Dyke,122225,QB,MIAMI FL,1,82.5,40,42,7.2,2.45,0,2,4.4,76.2,32,0,13,3.0,46,1,17,220,71.1,74.3,72.4,65.3,0,1,49,0,23.1,121.7,6.5,3,1,0,2,3,2,4.1,426,10.1
9,Cameron Friel,146195,QB,UNLV,1,82.1,39,41,7.6,2.55,1,1,2.3,65.9,27,0,23,15.6,47,5,14,325,69.6,68.6,69.0,57.3,0,3,49,1,21.7,71.5,10.6,5,1,0,1,2,4,8.2,283,6.9
9,Taulia Tagovailoa,97271,QB,MARYLAND,1,75.7,37,40,9.8,2.62,0,2,4.4,65.0,26,0,10,7.1,42,2,20,215,72.0,82.0,81.3,63.7,0,0,47,0,20.0,116.6,4.8,2,0,0,3,2,0,0.0,419,10.5
9,Will Rogers,124184,QB,MISS STATE,1,94.9,39,39,3.8,2.44,0,1,2.4,92.3,36,0,6,2.7,43,1,16,227,69.4,82.3,85.0,51.8,0,0,46,0,33.3,112.0,4.7,2,2,0,0,1,0,0.0,344,8.8
9,Chevan Cordeiro,75886,QB,HAWAII,1,64.1,39,39,11.4,3.19,0,4,10.0,59.0,23,0,14,8.0,44,2,13,180,37.3,72.7,78.6,47.3,0,1,47,0,14.3,97.8,4.5,2,3,0,0,3,0,0.0,296,7.6
9,Jake Bentley,40788,QB,S ALABAMA,1,78.9,38,39,9.6,2.34,0,3,7.5,74.4,29,0,13,3.3,45,1,14,288,69.4,83.3,82.9,60.7,0,1,46,0,23.1,114.0,6.7,3,2,0,1,4,0,0.0,248,6.4
9,Layne Hatcher,82068,QB,ARK STATE,1,67.6,34,38,10.7,2.91,0,0,0.0,50.0,19,0,20,17.4,44,4,12,113,69.5,67.0,67.0,58.4,0,3,47,1,15.0,31.3,6.8,3,3,0,4,0,4,8.5,186,4.9
9,Clayton Tune,77652,QB,HOUSTON,1,85.3,34,38,12.0,3.2,2,3,7.3,71.1,27,0,13,6.9,48,2,18,182,69.7,83.5,90.5,45.1,0,0,51,0,23.1,141.6,6.3,3,7,1,1,4,0,0.0,412,10.8
9,Casey Thompson,77677,QB,TEXAS,1,69.4,36,38,10.4,3.02,0,1,2.6,60.5,23,0,19,8.0,42,2,14,311,35.3,77.8,75.3,73.3,1,1,43,1,10.5,89.5,4.8,2,2,0,1,2,2,4.7,277,7.3
9,Austin Kendall,40056,QB,LA TECH,1,64.9,37,38,9.8,2.57,1,4,10.3,57.9,22,0,11,8.3,40,2,11,208,36.9,71.0,78.2,43.1,0,0,41,0,9.1,86.8,2.5,1,1,0,0,1,1,2.4,253,6.7
9,Sam Hartman,77618,QB,WAKE,1,71.4,35,37,15.2,3.11,2,5,13.2,64.9,24,0,14,4.0,43,1,19,339,69.4,92.8,90.8,86.6,0,0,45,0,21.4,128.4,7.0,3,3,0,0,3,0,0.0,402,10.9
9,Tanner Mordecai,77656,QB,SMU,1,67.6,37,37,11.1,2.67,0,1,2.6,64.9,24,0,9,4.0,41,1,12,287,70.1,59.4,58.1,61.9,0,1,44,0,33.3,106.3,7.3,3,1,0,0,3,1,2.3,305,8.2
9,Matt Corral,83517,QB,OLE MISS,1,65.7,35,37,9.1,2.67,0,0,0.0,56.8,21,0,11,8.7,42,2,16,226,70.9,75.7,75.0,63.5,1,1,45,0,9.1,70.7,2.4,1,4,0,1,0,1,2.2,289,7.8
9,Todd Centeio,60552,QB,COLO STATE,1,81.3,32,36,9.3,3.35,2,4,10.5,63.9,23,0,19,11.5,42,3,17,144,70.9,89.4,83.4,77.3,0,0,45,0,5.3,96.5,2.4,1,5,0,2,1,1,2.2,276,7.7
9,Devin Leary,77628,QB,NC STATE,1,71.4,35,35,9.6,2.38,0,2,5.6,68.6,24,0,8,4.0,38,1,14,248,33.2,79.8,80.4,58.6,0,0,39,0,25.0,135.5,5.3,2,1,0,0,4,1,2.6,321,9.2
9,Jake Lange,121467,QB,SO MISS,1,61.3,31,35,10.6,2.85,0,2,5.4,45.7,16,0,23,15.8,41,3,9,296,24.1,50.1,49.2,,0,2,43,1,26.1,45.7,14.6,6,0,0,4,1,3,7.0,166,4.7
9,Jayden Daniels,97993,QB,ARIZONA ST,1,73.5,34,35,7.3,2.89,0,1,2.9,65.7,23,0,13,8.0,39,2,9,110,71.5,73.6,69.5,68.7,0,2,40,0,7.7,69.3,2.6,1,3,0,1,1,1,2.5,225,6.4
9,Holton Ahlers,77651,QB,E CAROLINA,1,71.4,35,35,8.6,2.4,0,2,5.4,60.0,21,0,11,16.0,39,4,14,156,42.8,71.8,73.0,58.0,0,0,41,0,9.1,87.8,2.6,1,3,0,0,1,2,4.9,220,6.3
9,C.J. Stroud,129759,QB,OHIO STATE,1,71.9,32,34,10.2,2.63,0,1,2.7,64.7,22,0,11,4.3,34,1,13,260,69.8,68.0,66.9,60.1,0,0,38,0,0.0,103.2,0.0,0,0,0,2,1,0,0.0,305,9.0
9,Brennan Armstrong,77696,QB,VIRGINIA,1,66.7,33,34,12.5,3.24,1,2,5.6,64.7,22,0,7,0.0,38,0,17,335,72.2,65.9,54.3,78.8,0,2,41,0,14.3,112.0,2.6,1,3,0,0,4,3,7.3,337,9.9
9,Sam Howell,97599,QB,N CAROLINA,1,83.3,30,34,10.5,2.6,0,2,5.7,70.6,24,0,12,4.0,42,1,17,245,72.6,88.9,74.5,85.7,0,1,43,1,25.0,100.2,7.1,3,5,2,2,1,1,2.3,341,10.0
9,Hayden Wolff,98362,QB,DOMINION,1,78.8,33,34,6.7,2.21,1,1,2.9,67.6,23,0,5,11.5,36,3,9,263,68.8,73.3,73.9,57.3,0,1,37,0,20.0,74.3,2.8,1,1,0,0,1,0,0.0,149,4.4
9,Will Plummer,131592,QB,ARIZONA,1,73.3,30,34,10.2,2.94,0,2,5.6,58.8,20,0,17,9.1,43,2,17,109,69.4,79.1,78.9,65.5,0,0,45,0,23.5,83.2,9.3,4,5,0,4,0,0,0.0,262,7.7
9,Brendon Lewis,131687,QB,COLORADO,1,86.2,29,33,4.4,2.91,0,0,0.0,75.8,25,0,11,0.0,36,0,11,143,71.0,67.2,71.5,53.2,0,0,38,0,9.1,123.8,2.8,1,2,0,4,3,0,0.0,224,6.8
9,Anthony Brown,40316,QB,OREGON,1,89.7,29,33,5.9,2.3,1,3,8.6,75.8,25,0,4,3.8,34,1,15,264,71.4,90.1,89.1,68.7,0,0,37,0,0.0,134.3,0.0,0,1,2,1,3,0,0.0,307,9.3
9,Lucas Johnson,40551,QB,S DIEGO ST,1,55.6,27,32,14.9,2.88,1,3,9.1,43.8,14,0,5,6.7,35,1,13,284,70.5,67.6,63.0,68.8,1,2,36,0,0.0,51.6,0.0,0,3,1,2,1,3,8.3,220,6.9
9,Levi Lewis,60428,QB,LA LAFAYET,1,74.2,31,32,6.2,2.32,0,0,0.0,68.8,22,0,7,4.3,34,1,13,207,69.7,64.6,64.4,59.1,0,0,36,0,14.3,120.3,2.9,1,1,0,1,3,0,0.0,228,7.1
9,Tanner McKee,131770,QB,STANFORD,1,77.4,31,32,5.2,2.37,0,0,0.0,65.6,21,0,10,12.5,36,3,11,300,30.6,46.6,43.6,63.2,0,2,38,0,30.0,56.0,8.3,3,1,0,1,0,3,7.9,194,6.1
9,Hank Bachmeier,101284,QB,BOISE ST,1,74.2,31,32,8.7,2.59,0,1,3.0,65.6,21,0,13,8.7,35,2,16,120,69.2,83.8,83.0,64.2,0,0,36,0,15.4,121.0,5.7,2,1,0,1,3,0,0.0,253,7.9
9,Bo Nix,97790,QB,AUBURN,1,76.7,30,31,7.7,2.6,0,0,0.0,71.0,22,0,7,4.3,34,1,14,115,39.2,76.2,78.3,59.0,0,0,37,0,14.3,108.9,2.9,1,1,1,0,1,0,0.0,275,8.9
9,DJ Uiagalelei,122162,QB,CLEMSON,1,80.8,26,31,8.2,2.53,1,1,3.0,61.3,19,0,11,9.5,35,2,10,140,70.9,66.3,68.1,55.6,0,1,37,0,27.3,75.7,8.6,3,1,0,4,1,1,2.7,188,6.1
9,Jake Constantine,40166,QB,RICE,1,57.1,28,31,12.6,2.49,0,4,11.1,51.6,16,0,16,0.0,37,0,13,275,69.1,62.5,65.7,54.5,0,0,42,1,12.5,99.1,5.4,2,4,1,2,2,1,2.4,242,7.8
9,Chase Brice,60363,QB,APP STATE,1,77.8,27,30,13.4,2.49,3,5,16.7,66.7,20,0,7,4.8,32,1,13,108,68.4,90.9,92.0,51.7,0,0,32,0,0.0,132.8,0.0,0,2,0,0,4,0,0.0,256,8.5
9,Logan Bonner,39990,QB,UTAH ST,1,75.0,28,30,13.0,2.77,0,2,6.1,70.0,21,0,11,0.0,31,0,15,329,70.8,77.3,75.9,64.7,1,0,34,0,0.0,150.1,0.0,0,1,0,1,4,1,2.9,361,12.0
9,Payton Thorne,101629,QB,MICH STATE,1,71.4,28,30,7.9,2.94,1,1,2.9,63.3,19,0,14,5.0,34,1,12,223,71.5,65.7,62.2,66.3,0,2,42,0,21.4,54.3,8.8,3,1,0,1,0,2,4.8,196,6.5
9,Gunnar Watson,83570,QB,TROY,1,76.0,25,30,7.9,2.55,0,2,6.5,56.7,17,0,12,10.5,33,2,8,318,20.0,60.1,59.9,59.7,1,0,34,0,25.0,113.9,9.1,3,0,0,4,3,3,8.8,225,7.5
9,Caleb Williams,144622,QB,OKLAHOMA,1,86.2,29,30,12.3,3.57,0,5,16.1,76.7,23,0,12,8.0,32,2,20,261,69.9,93.7,93.9,62.7,0,0,33,0,8.3,157.6,3.1,1,1,0,1,6,0,0.0,402,13.4
9,Katravis Marsh,123289,QB,USF,1,53.3,30,30,14.8,2.5,0,1,3.2,50.0,15,0,2,6.3,32,1,11,327,69.0,55.4,54.1,60.1,0,3,33,0,0.0,41.9,0.0,0,2,0,0,1,2,6.1,192,6.4
9,Gerry Bohanon,77636,QB,BAYLOR,1,66.7,27,29,8.9,2.59,1,0,0.0,55.2,16,0,7,11.1,30,2,12,118,71.5,56.7,48.0,68.2,1,2,30,0,0.0,46.5,0.0,0,1,0,0,0,2,6.7,189,6.5
9,D'Wan Mathis,99130,QB,TEMPLE,1,66.7,27,29,7.6,2.85,1,0,0.0,55.2,16,0,11,11.1,36,2,6,306,69.7,59.7,57.5,66.8,0,0,37,2,36.4,64.7,11.1,4,3,0,1,0,0,0.0,116,4.0
9,Adrian Martinez,83522,QB,NEBRASKA,1,60.0,25,29,16.0,3.58,1,1,3.3,48.3,14,0,15,6.7,33,1,13,238,70.9,62.0,55.8,68.6,0,4,36,0,6.7,64.4,3.0,1,3,0,3,2,3,8.3,269,9.3
9,Malik Cunningham,60436,QB,LOUISVILLE,1,52.0,25,29,16.7,3.61,0,5,16.1,37.9,11,0,18,15.4,37,2,9,210,72.8,89.5,83.4,75.6,1,1,40,0,16.7,62.3,8.1,3,5,1,2,1,2,5.0,219,7.6
9,Connor Bazelak,99135,QB,MISSOURI,1,81.5,27,28,8.1,2.92,1,0,0.0,78.6,22,0,4,0.0,29,0,11,229,69.8,57.4,58.0,55.3,0,1,30,0,0.0,96.1,0.0,0,1,0,0,1,1,3.3,218,7.8
9,Max Bortenschlager,46500,QB,FIU,1,60.9,23,28,6.5,2.74,0,1,3.4,50.0,14,0,15,0.0,29,0,5,166,68.2,50.9,49.9,,0,1,30,1,6.7,47.9,3.4,1,0,0,5,0,1,3.3,128,4.6
9,Mike Wright Jr.,124366,QB,VANDERBILT,1,60.0,25,28,8.8,2.84,1,0,0.0,50.0,14,0,9,6.7,34,1,10,333,72.1,56.2,39.7,79.3,0,1,37,0,33.3,82.7,8.8,3,3,0,2,3,2,5.4,122,4.4
9,Will Levis,83542,QB,KENTUCKY,1,65.4,26,28,10.7,2.65,0,0,0.0,60.7,17,0,10,0.0,29,0,9,202,69.3,60.2,54.6,70.6,1,3,30,0,0.0,47.3,0.0,0,1,0,1,1,1,3.3,150,5.4
9,Devin Grainger,78496,QB,GA STATE,1,63.0,27,27,10.7,2.42,0,1,3.7,59.3,16,0,10,5.9,33,1,9,175,70.8,66.6,59.5,70.8,0,0,33,0,20.0,72.5,6.1,2,3,0,0,0,0,0.0,136,5.0
9,Jayden de Laura,131928,QB,WASH STATE,1,69.2,26,27,10.3,2.38,0,3,10.3,63.0,17,0,5,5.6,27,1,7,341,28.1,63.6,73.2,41.5,0,1,29,1,0.0,99.9,0.0,0,0,0,1,2,1,3.4,234,8.7
9,Desmond Ridder,55086,QB,CINCINNATI,1,66.7,27,27,10.8,2.59,0,1,3.7,63.0,17,0,8,5.6,34,1,12,138,72.0,70.2,67.7,65.0,0,1,34,1,37.5,111.2,8.8,3,4,0,0,3,0,0.0,227,8.4
9,Brock Purdy,77672,QB,IOWA STATE,1,64.0,25,27,8.9,3.7,0,0,0.0,59.3,16,0,16,0.0,34,0,7,193,31.1,67.2,53.8,80.4,0,0,36,0,12.5,92.4,5.9,2,5,0,2,1,1,2.8,185,6.9
9,Cameron Rising,77663,QB,UTAH,1,77.8,27,27,9.3,2.5,0,2,7.1,63.0,17,0,2,19.0,28,4,11,328,71.5,86.5,78.7,77.6,0,0,29,0,0.0,94.5,0.0,0,1,0,0,1,0,0.0,179,6.6
9,Justin Tomlin,78482,QB,GA SOUTHRN,1,75.0,24,27,9.3,2.65,0,3,11.1,66.7,18,0,12,0.0,29,0,9,174,72.3,74.8,70.5,68.7,3,2,29,0,16.7,82.2,6.9,2,0,0,0,1,1,3.4,279,10.3
9,Chase Garbers,60356,QB,CAL,1,75.0,24,26,11.9,3.29,0,3,11.1,65.4,17,0,5,5.6,32,1,15,130,71.2,90.4,91.3,65.1,0,0,33,0,0.0,137.0,0.0,0,6,0,2,3,0,0.0,262,10.1
9,Grayson McCall,98002,QB,COAST CAR,1,70.8,24,26,11.8,2.71,1,4,14.8,53.8,14,0,11,17.6,35,3,8,141,72.4,90.9,91.1,67.6,1,1,36,0,18.2,103.7,5.7,2,5,0,0,2,1,2.8,294,11.3
9,N'Kosi Perry,60446,QB,FAU,1,65.2,23,26,12.6,2.98,2,1,3.7,50.0,13,0,8,13.3,29,2,3,165,22.5,45.6,54.2,43.2,0,0,30,0,12.5,80.4,3.4,1,2,0,1,1,1,3.3,149,5.7
9,Jeff Sims,122496,QB,GA TECH,1,62.5,24,26,8.2,2.95,0,1,3.3,57.7,15,0,17,0.0,33,0,8,176,70.9,72.9,63.6,76.2,1,1,37,0,17.6,89.1,9.1,3,3,0,1,2,1,2.7,183,7.0
9,Chance Nolan,78493,QB,OREGON ST,1,65.4,26,26,15.5,2.96,0,3,11.1,57.7,15,0,9,11.8,28,2,8,265,69.3,87.6,83.8,72.6,0,2,30,0,11.1,82.7,3.6,1,1,0,0,2,1,3.3,243,9.3
9,Grant Wells,97784,QB,MARSHALL,1,83.3,24,25,4.3,2.47,0,0,0.0,80.0,20,0,0,0.0,27,0,8,214,67.9,69.0,68.7,59.5,0,0,27,0,,97.3,0.0,0,2,0,1,0,0,0.0,184,7.4
9,Matt Myers,77698,QB,BUFFALO,1,60.9,23,25,15.1,2.64,0,1,3.3,48.0,12,0,10,14.3,31,2,10,126,71.3,74.3,66.2,80.2,1,1,36,1,50.0,78.6,16.1,5,1,1,0,1,1,2.8,239,9.6
9,Braxton Burmeister,60513,QB,VA TECH,1,69.6,23,25,13.4,3.06,0,0,0.0,60.0,15,0,7,6.3,32,1,10,337,70.8,69.6,69.3,61.4,0,0,32,0,42.9,121.1,9.4,3,4,0,2,2,0,0.0,254,10.2
9,Donaven McCulley,144829,QB,INDIANA,1,63.6,22,25,12.9,3.2,0,1,3.7,56.0,14,0,12,0.0,31,0,9,190,70.8,61.8,64.0,55.0,1,0,33,0,33.3,115.8,12.9,4,2,0,2,2,2,6.1,242,9.7
9,Brady Olson,147415,QB,UMASS,1,47.6,21,25,11.6,2.37,2,0,0.0,36.0,9,0,8,10.0,29,1,5,216,28.3,28.4,26.9,66.2,0,1,31,0,12.5,41.3,3.4,1,2,0,2,1,5,16.1,74,3.0
9,Dylan Morris,100570,QB,WASHINGTON,1,77.3,22,25,5.1,2.44,1,1,3.7,68.0,17,0,9,0.0,25,0,6,340,69.6,68.1,66.7,63.5,1,0,27,0,0.0,96.4,0.0,0,0,0,1,1,0,0.0,146,5.8
9,James Foster,83563,QB,CHARLOTTE,1,54.5,22,24,8.9,2.68,2,0,0.0,50.0,12,0,17,0.0,28,0,7,136,24.2,33.5,35.0,50.7,0,1,29,1,17.6,48.4,10.7,3,0,0,0,0,3,10.3,127,5.3
9,Jack Coan,60613,QB,NOTRE DAME,1,81.8,22,24,8.6,2.43,0,2,8.0,66.7,16,0,8,11.1,26,2,9,258,69.1,86.4,80.3,75.5,0,0,27,0,12.5,108.5,3.8,1,1,0,2,1,0,0.0,213,8.9
9,Mikey Keene,70961,QB,UCF,1,77.3,22,23,12.7,2.68,0,2,8.3,69.6,16,0,2,5.9,23,1,11,323,27.0,66.0,71.8,46.3,0,1,24,1,0.0,124.6,0.0,0,0,0,1,5,2,8.3,238,10.3
9,Davis Brin,77642,QB,TULSA,1,76.2,21,23,12.8,3.53,1,1,4.0,56.5,13,0,11,18.8,28,3,8,320,21.9,62.7,66.5,50.6,0,1,31,0,27.3,75.5,10.7,3,2,0,1,1,1,3.2,165,7.2
9,Graham Mertz,97994,QB,WISCONSIN,1,55.0,20,22,10.3,2.42,1,0,0.0,50.0,11,0,4,0.0,22,0,7,349,70.4,72.5,67.8,69.6,0,0,23,0,0.0,78.6,0.0,0,0,0,1,1,0,0.0,104,4.7
9,Austin Aune,83528,QB,N TEXAS,1,66.7,21,22,12.5,2.49,0,4,18.2,50.0,11,0,8,21.4,25,3,6,251,70.9,73.0,64.9,71.8,0,0,25,0,0.0,66.7,0.0,0,3,0,1,0,2,8.0,121,5.5
9,Jordan Travis,77615,QB,FLORIDA ST,1,73.7,19,22,13.7,4.03,0,0,0.0,63.6,14,0,19,0.0,33,0,9,167,33.4,58.1,60.3,55.4,0,0,34,0,31.6,121.0,18.2,6,5,0,3,2,1,2.9,188,8.5
9,Levi Williams,98365,QB,WYOMING,1,65.0,20,22,10.1,2.95,1,1,4.5,54.5,12,0,15,7.7,28,1,6,351,73.0,55.1,41.2,69.1,0,2,28,0,20.0,64.4,10.7,3,3,0,1,2,2,7.1,129,5.9
9,Nick Nash,98679,QB,S JOSE ST,1,68.2,22,22,8.0,3.1,0,1,4.5,50.0,11,0,9,26.7,26,4,9,285,72.9,86.5,70.5,84.0,0,0,26,0,11.1,87.3,3.8,1,3,0,0,1,0,0.0,150,6.8
9,Donovan Smith,73929,QB,TEXAS TECH,1,94.7,19,21,8.4,2.68,0,0,0.0,81.0,17,0,7,5.6,25,1,9,315,69.4,78.8,79.3,63.0,1,1,26,0,14.3,100.8,4.0,1,3,0,1,1,0,0.0,192,9.1
9,Kedon Slovis,100580,QB,USC,1,78.9,19,21,9.1,2.5,2,2,8.7,71.4,15,0,8,0.0,23,0,11,326,68.3,67.2,66.0,60.0,0,1,25,0,25.0,114.0,8.7,2,0,0,0,2,1,4.0,204,9.7
9,Skylar Thompson,60417,QB,KANSAS ST,1,61.9,21,21,12.9,3.15,0,0,0.0,61.9,13,0,9,0.0,25,0,10,199,69.1,75.7,69.9,72.6,0,1,28,0,22.2,97.7,8.0,2,2,0,0,1,1,3.6,242,11.5
9,Noah Vedral,55406,QB,RUTGERS,1,72.2,18,21,11.8,2.97,2,2,9.5,47.6,10,0,3,23.1,22,3,6,278,70.8,82.1,71.7,78.8,1,0,22,0,0.0,69.1,0.0,0,1,0,0,0,0,0.0,138,6.6
9,Anthony Richardson,124393,QB,FLORIDA,1,60.0,20,20,8.7,2.66,0,0,0.0,60.0,12,0,8,0.0,23,0,4,163,32.1,41.4,35.2,61.0,0,2,23,0,37.5,29.6,13.0,3,0,0,0,0,2,8.7,82,4.1
9,Stetson Bennett,60387,QB,GEORGIA,1,70.6,17,20,13.6,3.31,1,1,4.8,50.0,10,0,9,16.7,23,2,8,173,68.8,59.1,50.7,69.8,0,2,24,1,0.0,54.4,0.0,0,3,0,2,1,2,8.3,161,8.1
9,Spencer Petras,82136,QB,IOWA,1,62.5,16,19,7.4,2.54,0,1,5.0,47.4,9,0,10,10.0,25,1,4,192,27.6,57.1,55.2,61.5,2,0,26,0,50.0,62.0,20.0,5,1,0,1,0,1,3.8,93,4.9
9,Brandon Peters,40416,QB,ILLINOIS,1,88.9,18,19,6.1,2.54,0,1,5.0,73.7,14,0,4,12.5,20,2,6,187,69.8,83.6,80.8,68.7,1,0,21,0,0.0,140.2,0.0,0,1,0,0,2,0,0.0,190,10.0
9,Matt McDonald,60350,QB,BOWL GREEN,1,86.7,15,19,10.3,2.98,2,2,10.0,68.4,13,0,8,0.0,23,0,5,122,68.8,91.1,85.0,80.5,0,0,24,0,37.5,150.8,13.0,3,1,0,2,4,0,0.0,263,13.8
9,Spencer Sanders,77660,QB,OKLA STATE,1,75.0,16,19,11.5,3.25,0,1,4.8,63.2,12,0,11,0.0,23,0,11,262,69.5,82.6,75.0,72.7,0,0,25,0,0.0,124.2,0.0,0,4,0,3,2,0,0.0,157,8.3
9,Gunnar Holmberg,77625,QB,DUKE,1,62.5,16,18,6.7,2.62,1,0,0.0,55.6,10,0,8,0.0,23,0,4,154,68.8,52.2,54.1,53.4,1,0,23,0,25.0,73.8,8.7,2,3,0,0,0,0,0.0,110,6.1
9,Jaxson Dart,146409,QB,USC,1,75.0,16,18,8.1,2.01,2,0,0.0,66.7,12,0,8,0.0,18,0,9,326,67.1,52.4,54.4,,0,0,20,1,0.0,119.9,0.0,0,0,0,0,2,0,0.0,109,6.1
9,Tanner Morgan,55239,QB,MINNESOTA,1,70.6,17,17,9.7,2.61,0,1,5.6,70.6,12,0,1,0.0,17,0,8,225,69.0,88.1,88.2,64.2,0,1,18,0,0.0,69.2,0.0,0,0,0,0,0,1,5.6,134,7.9
9,Jiya Wright,77688,QB,LA MONROE,1,62.5,16,17,12.6,2.74,0,1,5.3,52.9,9,0,5,10.0,20,1,7,209,40.5,52.4,48.4,58.7,0,2,22,0,0.0,65.0,0.0,0,3,0,1,1,2,9.1,158,9.3
9,Dennis Grosel,60351,QB,BOSTON COL,1,52.9,17,17,9.6,2.26,0,1,5.9,52.9,9,0,5,0.0,19,0,4,121,67.7,46.8,48.2,54.2,0,0,19,0,20.0,69.0,5.3,1,1,0,0,0,0,0.0,93,5.5
9,Andrew Marty,60498,QB,NWESTERN,1,75.0,16,16,7.6,3.18,0,0,0.0,62.5,10,0,3,16.7,17,2,5,256,71.2,75.0,69.7,69.3,0,0,17,0,33.3,118.0,5.9,1,0,0,0,2,0,0.0,93,5.8
9,Kai Horton,144418,QB,TULANE,1,57.1,14,16,8.4,2.6,1,1,6.3,43.8,7,0,8,12.5,21,1,4,319,26.9,47.7,38.9,66.7,1,2,21,0,50.0,19.5,19.0,4,1,0,0,0,2,9.5,79,4.9
9,Emmett Morehead,143834,QB,BOSTON COL,1,53.8,13,15,16.3,3.14,0,2,13.3,40.0,6,0,8,14.3,23,1,4,121,25.2,50.9,50.6,57.1,1,0,23,0,62.5,59.6,21.7,5,3,0,1,0,1,4.3,87,5.8
9,Emory Jones,82111,QB,FLORIDA,1,83.3,12,14,6.5,2.72,1,0,0.0,71.4,10,0,3,0.0,14,0,7,163,70.0,60.2,49.0,74.3,0,0,15,0,0.0,94.9,0.0,0,0,0,1,0,2,13.3,112,8.0
9,Tyler Vitt,83566,QB,TEXAS ST,1,61.5,13,14,5.5,2.26,0,0,0.0,42.9,6,0,1,25.0,14,2,3,314,74.1,55.7,37.3,69.1,0,1,14,1,0.0,20.5,0.0,0,0,0,1,0,2,14.3,42,3.0
9,Garrett Shrader,98212,QB,SYRACUSE,1,54.5,11,14,11.2,2.79,1,1,6.7,35.7,5,0,9,16.7,18,1,3,304,74.3,68.1,50.1,75.1,1,0,19,0,33.3,51.2,16.7,3,1,0,1,0,1,5.3,65,4.6
9,Henry Colombi,60583,QB,TEXAS TECH,1,66.7,12,13,11.6,2.13,1,1,7.7,53.8,7,0,2,12.5,15,1,3,315,66.5,62.7,67.4,52.8,0,1,16,0,0.0,65.2,0.0,0,1,0,0,1,0,0.0,77,5.9
9,Chandler Morris,122938,QB,TCU,1,69.2,13,13,15.4,3.27,0,0,0.0,69.2,9,0,2,0.0,19,0,5,305,25.5,60.7,62.1,58.1,0,0,21,0,100.0,95.4,10.5,2,4,0,0,0,1,4.8,111,8.5
9,Max Duggan,99470,QB,TCU,1,76.9,13,13,4.9,3.48,0,0,0.0,69.2,9,0,10,10.0,20,1,4,305,68.5,45.7,49.7,50.6,0,0,20,0,40.0,83.2,20.0,4,3,0,0,0,1,5.0,73,5.6
9,Mike DiLiello,121801,QB,MIDDLE TN,1,66.7,12,12,10.3,2.37,0,1,8.3,66.7,8,0,3,0.0,14,0,4,224,18.0,54.6,67.8,48.2,0,0,14,1,33.3,84.7,7.1,1,1,0,0,0,0,0.0,78,6.5
9,Shane Illingworth,71512,QB,OKLA STATE,1,66.7,9,10,12.7,2.67,0,2,20.0,60.0,6,0,5,0.0,12,0,4,262,65.8,78.9,75.2,64.3,0,0,12,0,20.0,120.8,8.3,1,1,0,1,2,1,8.3,70,7.0
9,Jason Bean,83529,QB,KANSAS,1,37.5,8,10,8.6,2.98,0,0,0.0,30.0,3,0,6,0.0,11,0,0,198,71.6,31.1,26.0,60.4,0,2,11,0,0.0,0.0,0.0,0,1,0,2,0,2,18.2,10,1.0
9,Kyle Vantrease,55029,QB,BUFFALO,1,60.0,10,10,8.5,2.44,0,1,8.3,50.0,5,0,4,16.7,12,1,2,126,68.0,57.4,56.0,59.9,0,1,14,0,50.0,20.0,16.7,2,0,0,0,0,2,14.3,38,3.8
9,Miles Kendrick,77673,QB,KANSAS,1,75.0,8,8,3.8,3.37,0,0,0.0,75.0,6,0,5,0.0,11,0,3,198,70.5,63.3,52.1,67.6,0,1,12,0,0.0,42.7,0.0,0,3,0,0,0,1,8.3,34,4.3
9,Chase Cunningham,78533,QB,MIDDLE TN,1,83.3,6,7,8.0,2.36,0,0,0.0,57.1,4,0,3,20.0,8,1,2,224,65.1,65.3,64.9,,0,1,9,0,33.3,38.7,12.5,1,0,0,1,0,0,0.0,48,6.9
9,Kaylan Wiggins,55167,QB,FIU,1,66.7,6,7,13.2,2.5,1,0,0.0,57.1,4,0,3,0.0,8,0,2,166,68.2,49.7,46.9,60.2,0,0,8,0,33.3,80.7,12.5,1,0,0,0,0,0,0.0,52,7.4
9,JD Head,122677,QB,LA TECH,1,50.0,6,7,13.3,2.5,0,0,0.0,42.9,3,0,2,0.0,7,0,2,208,64.9,59.6,59.2,,0,0,8,0,0.0,51.5,0.0,0,0,0,1,0,0,0.0,23,3.3
9,Brayden Schager,146078,QB,HAWAII,1,57.1,7,7,6.3,3.53,0,0,0.0,57.1,4,0,5,0.0,10,0,3,180,17.6,29.5,29.6,,0,1,10,0,60.0,41.1,30.0,3,0,0,0,0,2,20.0,52,7.4
9,Tee Webb,122731,QB,SO MISS,1,33.3,6,6,18.8,2.47,0,0,0.0,33.3,2,0,0,0.0,6,0,1,296,64.9,31.2,31.0,,0,1,8,0,,2.8,0.0,0,0,0,0,0,2,25.0,18,3.0
9,William Haskell,146153,QB,S DIEGO ST,1,50.0,6,6,9.3,3.59,0,0,0.0,50.0,3,0,3,0.0,7,0,1,284,66.2,61.8,61.1,60.6,0,0,8,0,0.0,62.5,0.0,0,1,0,0,0,0,0.0,27,4.5
9,Alex Padilla,86285,QB,IOWA,1,66.7,6,6,8.7,2.99,0,1,16.7,50.0,3,0,3,25.0,8,1,1,192,64.9,70.3,69.8,,0,0,8,0,66.7,70.8,25.0,2,0,0,0,0,0,0.0,39,6.5
9,Justin Lynch,144392,QB,TEMPLE,1,60.0,5,6,7.8,2.47,0,0,0.0,50.0,3,0,1,0.0,6,0,3,306,68.9,59.5,57.4,61.1,0,0,6,0,0.0,115.3,0.0,0,0,0,1,1,0,0.0,46,7.7
9,Riley Leonard,143862,QB,DUKE,1,50.0,6,6,6.3,2.83,0,0,0.0,33.3,2,0,3,33.3,7,1,1,154,70.4,65.7,41.2,76.5,0,0,7,0,0.0,61.1,0.0,0,1,0,0,0,0,0.0,45,7.5
9,Ryan Hilinski,71295,QB,NWESTERN,1,33.3,6,6,10.3,2.64,0,0,0.0,16.7,1,0,1,50.0,7,1,0,256,64.6,47.0,46.1,,0,0,7,0,100.0,39.6,14.3,1,0,0,0,0,0,0.0,4,0.7
9,Luke Altmyer,146802,QB,OLE MISS,1,100.0,5,5,0.0,2.68,0,0,0.0,100.0,5,0,2,0.0,8,0,2,226,64.9,49.5,52.1,57.3,0,0,8,0,100.0,81.7,25.0,2,1,0,0,0,0,0.0,18,3.6
9,Cole Snyder,97617,QB,RUTGERS,1,50.0,4,5,4.0,3.36,0,0,0.0,40.0,2,0,1,0.0,7,0,0,278,69.0,36.4,28.3,60.3,0,0,7,0,100.0,47.9,14.3,1,1,0,1,0,1,14.3,7,1.4
9,Spencer Rattler,97408,QB,OKLAHOMA,1,100.0,5,5,9.4,2.34,0,0,0.0,100.0,5,0,0,0.0,5,0,4,261,63.8,59.2,58.6,,0,0,5,0,,158.3,0.0,0,0,0,0,1,0,0.0,67,13.4
9,Jamarye Joiner,82071,WR,ARIZONA,1,80.0,5,5,16.6,2.75,0,0,0.0,40.0,2,0,2,50.0,6,2,1,109,67.1,56.0,61.4,54.0,0,0,7,0,50.0,127.1,16.7,1,0,0,0,1,0,0.0,75,15.0
9,Chandler Rogers,98683,QB,LA MONROE,1,40.0,5,5,12.6,3.09,0,0,0.0,40.0,2,0,1,0.0,7,0,0,209,67.2,35.2,28.1,62.9,0,1,8,0,0.0,8.3,0.0,0,2,0,0,0,1,12.5,3,0.6
9,Jay Woolfolk,151104,QB,VIRGINIA,1,40.0,5,5,16.8,5.38,0,0,0.0,40.0,2,0,3,0.0,6,0,2,335,65.7,42.3,46.8,53.3,0,0,6,0,0.0,64.6,0.0,0,1,0,0,0,1,16.7,35,7.0
9,Trenton Bourguet,97285,QB,ARIZONA ST,1,75.0,4,4,13.3,2.58,0,0,0.0,75.0,3,0,1,0.0,4,0,2,110,63.3,57.4,57.1,,0,0,4,0,0.0,153.1,0.0,0,0,0,0,1,0,0.0,47,11.8
9,Michael Kern,97799,QB,WAKE,1,33.3,3,4,7.7,2.9,0,0,0.0,25.0,1,0,1,0.0,4,0,0,339,63.3,51.3,49.6,,1,0,4,0,0.0,39.6,0.0,0,0,0,0,0,0,0.0,8,2.0
9,Tai Lavatai,121854,QB,NAVY,1,0.0,3,4,29.3,2.15,0,0,0.0,0.0,0,0,2,,4,0,0,237,76.4,68.6,34.2,74.2,0,0,4,0,0.0,39.6,0.0,0,0,1,0,0,1,25.0,0,0.0
9,Wiley Green,75891,QB,RICE,1,66.7,3,3,6.3,4.0,0,0,0.0,66.7,2,0,3,0.0,4,0,2,275,63.3,77.8,77.3,,0,0,4,0,33.3,97.9,25.0,1,0,0,0,0,0,0.0,29,9.7
9,Luke Zban,82147,QB,MARSHALL,1,100.0,3,3,-5.0,1.73,0,0,0.0,100.0,3,0,0,0.0,3,0,0,214,66.4,72.6,63.9,66.7,0,0,3,0,,83.3,0.0,0,0,0,0,0,0,0.0,12,4.0
9,J.J. McCarthy,144918,QB,MICHIGAN,1,100.0,3,3,6.3,3.23,0,1,33.3,100.0,3,0,1,0.0,3,0,1,222,13.8,56.4,88.1,40.9,0,0,3,0,0.0,138.2,0.0,0,0,0,0,1,0,0.0,23,7.7
9,Cam Fancher,145266,QB,MARSHALL,1,33.3,3,3,28.7,1.55,0,0,0.0,33.3,1,0,0,0.0,4,0,1,214,15.4,29.8,29.3,56.9,0,0,4,0,,49.3,0.0,0,0,0,0,0,0,0.0,14,4.7
9,Chandler Fields,97286,QB,LA LAFAYET,1,66.7,3,3,4.7,3.4,0,0,0.0,66.7,2,0,2,0.0,4,0,2,207,65.2,57.9,54.9,60.7,0,0,4,0,0.0,102.1,0.0,0,1,0,0,0,0,0.0,32,10.7
9,Ty Thompson,146568,QB,OREGON,1,33.3,3,3,13.7,2.53,0,0,0.0,33.3,1,0,1,0.0,3,0,0,264,64.8,41.3,32.4,63.1,0,1,3,0,0.0,2.8,0.0,0,0,0,0,0,1,33.3,5,1.7
9,Ethan Bullock,66590,QB,OKLA STATE,1,66.7,3,3,9.7,2.1,0,0,0.0,66.7,2,0,1,0.0,3,0,1,262,66.4,59.8,56.6,61.6,0,0,3,0,0.0,79.9,0.0,0,0,0,0,0,0,0.0,16,5.3
9,Nicholas Vattiato,145302,QB,MIDDLE TN,1,100.0,2,2,0.5,1.2,0,0,0.0,100.0,2,0,0,0.0,2,0,1,224,64.4,68.8,57.4,62.7,0,0,2,0,,100.0,0.0,0,0,0,0,0,0,0.0,16,8.0
9,Jacob Huesman,41939,QB,APP STATE,1,100.0,2,2,-1.5,1.7,0,0,0.0,100.0,2,0,0,0.0,2,0,2,108,61.8,64.0,62.7,,0,0,2,0,,95.8,0.0,0,0,0,0,0,0,0.0,14,7.0
9,Tyler Buchner,147472,QB,NOTRE DAME,1,100.0,2,2,-0.5,2.1,0,0,0.0,100.0,2,0,1,0.0,2,0,2,258,68.8,59.1,59.3,59.0,0,0,3,0,0.0,141.7,0.0,0,0,0,0,1,0,0.0,17,8.5
9,Christian Daniels,77648,WR,TULANE,1,100.0,2,2,5.5,3.64,0,0,0.0,100.0,2,0,2,0.0,5,0,1,319,6.0,35.7,45.3,48.2,0,0,5,0,50.0,95.8,20.0,1,2,0,0,0,1,20.0,14,7.0
9,Andrew Peasley,83581,QB,UTAH ST,1,50.0,2,2,25.0,5.45,0,1,50.0,50.0,1,0,2,0.0,4,0,2,329,10.7,51.9,69.4,47.6,0,0,4,0,50.0,95.8,25.0,1,1,0,0,0,0,0.0,45,22.5
9,Garrett Dzuro,64526,QB,UMASS,1,0.0,2,2,20.5,2.57,0,0,0.0,0.0,0,0,0,,3,0,0,216,62.7,23.5,23.2,57.3,0,0,3,0,,39.6,0.0,0,1,0,0,0,1,33.3,0,0.0
9,Taye Barber,78107,WR,TCU,1,0.0,1,1,8.0,3.9,0,0,0.0,0.0,0,0,1,,1,0,0,305,64.6,60.4,46.1,,0,0,1,0,0.0,39.6,0.0,0,0,0,0,0,0,0.0,0,0.0
9,Joey Gatewood,82088,QB,UCF,1,0.0,1,1,18.0,4.25,0,0,0.0,0.0,0,0,0,,2,0,1,323,69.6,65.1,48.5,67.2,0,0,2,0,,39.6,0.0,0,1,0,0,0,0,0.0,0,0.0
9,Lucas Krull,83962,TE,PITTSBURGH,1,,0,1,,4.5,0,0,0.0,0.0,0,0,1,,1,0,0,268,65.3,60.5,60.0,,0,0,1,1,0.0,39.6,0.0,0,0,0,1,0,0,0.0,0,0.0
9,Malik Davis,57196,HB,FLORIDA,1,0.0,1,1,19.0,3.3,0,0,0.0,0.0,0,0,1,,1,0,0,163,71.7,60.2,46.8,65.9,0,0,1,0,0.0,39.6,0.0,0,0,0,0,0,0,0.0,0,0.0
9,Orlando Lacey,55720,WR,TROY,1,0.0,1,1,26.0,3.6,0,0,0.0,0.0,0,0,0,,1,0,0,318,60.3,50.1,50.4,,0,0,1,0,,39.6,0.0,0,0,0,0,0,0,0.0,0,0.0
9,Jalen Cropper,97273,WR,FRESNO ST,1,,0,1,,4.8,0,0,0.0,0.0,0,0,1,,1,0,0,169,17.4,74.0,60.0,,0,0,1,0,0.0,39.6,0.0,0,0,0,1,0,0,0.0,0,0.0
9,Gavin Wimsatt,155757,QB,RUTGERS,1,100.0,1,1,8.0,3.3,0,0,0.0,100.0,1,0,0,0.0,1,0,1,278,60.3,72.0,71.5,,0,0,1,0,,118.8,0.0,0,0,0,0,0,0,0.0,13,13.0
9,Jake Smithhart,155934,QB,SO MISS,1,,0,1,,3.2,1,0,0.0,0.0,0,0,1,,1,0,0,296,62.5,58.6,60.0,60.0,0,0,1,0,0.0,39.6,0.0,0,0,0,0,0,0,0.0,0,0.0
9,Garrett Greene,123420,QB,W VIRGINIA,1,0.0,1,1,12.0,2.4,0,0,0.0,0.0,0,0,0,,1,0,0,343,63.7,42.9,47.3,57.5,0,0,1,0,,39.6,0.0,0,0,0,0,0,0,0.0,0,0.0
9,Tyquan Thornton,78092,WR,BAYLOR,1,100.0,1,1,11.0,3.8,0,0,0.0,100.0,1,0,1,0.0,1,0,1,118,65.9,74.3,72.6,,0,0,1,0,0.0,131.3,0.0,0,0,0,0,1,0,0.0,6,6.0
9,E.J. Perry,60349,QB,BROWN,1,74.1,54,56,5.2,2.84,2,2,3.4,69.6,39,0,14,2.5,70,1,21,123,72.0,66.1,64.2,63.9,0,2,73,0,64.3,83.0,12.9,9,5,0,0,2,1,1.4,347,6.2
9,Orion Olivas,155517,QB,HOU BAPT,1,84.0,50,51,4.3,2.87,0,0,0.0,76.5,39,0,14,7.1,57,3,16,183,70.3,67.7,70.7,47.5,0,1,62,0,21.4,86.6,5.3,3,3,0,1,1,2,3.2,274,5.4
9,Bailey Fisher,88643,QB,GARD-WEBB,1,79.5,44,49,8.5,2.67,0,4,8.0,63.3,31,0,24,11.4,53,4,18,171,71.3,77.6,75.6,70.0,2,0,54,1,0.0,91.7,0.0,0,4,0,3,1,1,1.9,354,7.2
9,Davius Richard,109077,QB,NC CENT,1,66.7,42,49,10.9,2.65,2,3,5.6,46.9,23,0,11,17.9,55,5,18,247,46.2,66.7,57.5,79.7,2,1,60,0,27.3,71.8,5.5,3,3,1,2,2,3,5.0,300,6.1
9,Bret Bushka,108927,QB,BUTLER,1,68.9,45,48,11.0,2.61,0,3,6.3,60.4,29,0,14,6.5,54,2,25,127,72.4,72.0,67.8,65.0,0,2,54,0,7.1,76.9,1.9,1,5,0,3,1,2,3.7,402,8.4
9,Cam Ward,133244,QB,INCAR WORD,1,76.6,47,48,8.7,2.66,0,1,1.9,72.9,35,0,7,2.8,51,1,20,189,70.1,78.8,74.5,74.4,0,0,57,0,14.3,119.4,2.0,1,2,0,1,4,1,1.8,331,6.9
9,Jack Chambers,60359,QB,CHARLES SO,1,73.9,46,47,6.6,2.37,0,2,4.3,70.2,33,0,10,2.9,52,1,14,135,71.6,75.6,63.2,85.8,1,1,53,0,10.0,87.8,1.9,1,4,0,0,2,1,1.9,247,5.3
9,Liam Welch,19897,QB,SAMFORD,1,73.9,46,47,9.0,2.69,1,3,6.3,68.1,32,0,10,5.9,51,2,18,282,73.1,90.3,88.2,72.2,0,0,52,0,20.0,97.7,3.9,2,2,0,0,1,0,0.0,359,7.6
9,Mike Beaudry,101052,QB,IDAHO,1,70.5,44,46,10.0,2.53,1,1,2.1,60.9,28,0,12,9.7,50,3,14,185,69.8,61.0,62.3,52.8,1,3,52,0,16.7,60.6,4.0,2,2,0,0,1,3,5.8,306,6.7
9,Wiley Hartley,122297,QB,CAMPBELL,1,68.2,44,45,11.1,2.67,1,2,4.3,62.2,28,0,15,6.7,51,2,15,131,70.2,71.0,71.4,58.2,0,2,52,0,20.0,68.3,5.9,3,3,0,0,1,1,1.9,275,6.1
9,Steven Duncan,40211,QB,TARLETON,1,66.7,42,44,14.2,2.26,0,9,19.1,56.8,25,0,16,10.7,45,3,17,401,70.3,86.9,87.6,55.6,0,0,48,0,6.3,117.9,2.2,1,0,1,1,4,0,0.0,403,9.2
9,Joe Green,101283,QB,COLUMBIA,1,60.5,43,44,9.1,2.31,0,3,6.4,50.0,22,0,8,15.4,47,4,10,145,24.1,60.8,69.9,28.3,0,0,50,0,25.0,64.9,4.3,2,1,0,1,0,1,2.0,223,5.1
9,Mark Pappas,109046,QB,MOREHEAD,1,66.7,42,43,10.5,2.17,0,3,6.8,53.5,23,0,7,17.9,47,5,14,234,70.3,64.3,63.9,59.7,0,2,48,0,14.3,68.2,2.1,1,0,0,1,2,2,4.2,262,6.1
9,Westin Elliott,60433,QB,MERRIMACK,1,76.2,42,42,8.6,2.56,0,1,2.2,66.7,28,0,14,12.5,45,4,11,385,69.9,71.5,71.1,59.6,0,1,49,0,21.4,97.0,6.7,3,0,0,0,3,1,2.0,257,6.1
9,Nic Baker,87541,QB,S ILLINOIS,1,74.4,39,42,8.4,2.41,2,2,4.7,64.3,27,0,11,6.9,45,2,13,295,38.3,66.1,66.8,57.4,1,2,46,0,27.3,74.8,6.7,3,0,0,0,1,2,4.3,313,7.5
9,Jeff Undercuffler,78501,QB,ALBANY,1,75.0,40,41,8.3,2.14,1,1,2.4,70.7,29,0,8,3.3,42,1,16,106,34.4,63.4,68.3,47.2,0,1,43,1,12.5,101.8,2.4,1,0,0,0,2,1,2.3,341,8.3
9,Jason Shelley,60581,QB,MO STATE,1,76.9,39,41,8.2,2.93,0,3,6.8,70.7,29,0,22,3.3,50,1,18,230,39.6,75.7,74.6,67.6,1,0,53,1,22.7,120.9,10.0,5,4,0,1,3,3,5.7,349,8.5
9,Ren Hefley,101621,QB,PRESBYTERN,1,74.4,39,40,7.4,2.54,0,2,4.9,62.5,25,0,18,13.8,49,4,7,271,69.7,39.5,39.8,57.8,0,3,51,0,44.4,51.8,16.3,8,1,0,1,1,5,9.8,197,4.9
9,Juwan Carter,91113,QB,NORFOLK,1,75.0,40,40,10.3,2.35,0,2,5.0,65.0,26,0,8,13.3,42,4,15,244,69.6,80.8,79.8,60.0,0,0,42,0,25.0,119.6,4.8,2,0,0,0,3,2,4.8,368,9.2
9,Kobe Tracy,141317,QB,DIXIE,1,73.7,38,40,6.6,2.27,0,1,2.3,62.5,25,0,8,10.7,44,3,12,1285,38.3,61.9,62.4,57.5,0,1,48,0,25.0,84.8,4.5,2,2,1,1,1,2,4.2,314,7.9
9,Zerrick Cooper,40465,QB,JVILLE ST,1,67.5,40,40,7.6,2.39,0,1,2.4,55.0,22,0,11,18.5,42,5,10,196,70.9,76.5,73.6,65.3,0,3,44,0,18.2,50.8,4.8,2,0,0,0,1,1,2.3,248,6.2
9,Trae Self,103962,QB,STF AUSTIN,1,86.5,37,40,4.4,2.21,0,0,0.0,80.0,32,0,13,0.0,41,0,17,301,72.2,81.4,74.3,75.9,0,0,41,0,7.7,142.3,2.4,1,0,1,2,5,1,2.4,346,8.7
9,Seth Morgan,103954,QB,VA MILT IN,1,78.4,37,40,9.6,2.22,1,5,10.9,67.5,27,0,11,6.9,43,2,19,336,49.8,85.4,83.9,68.3,0,0,49,0,18.2,131.4,4.7,2,1,0,2,3,2,4.1,461,11.5
9,Justin Miller,103941,QB,SO UTAH,1,70.3,37,39,5.8,2.35,0,2,4.7,59.0,23,0,13,11.5,40,3,9,298,69.7,80.4,77.8,60.0,1,1,44,0,7.7,75.8,2.5,1,0,0,1,1,0,0.0,250,6.4
9,Connor Sampson,33374,QB,W ILLINOIS,1,80.6,36,39,7.0,2.8,1,2,5.0,69.2,27,0,16,6.9,43,2,16,345,69.3,90.0,90.3,62.1,0,0,44,0,12.5,117.6,4.7,2,2,0,2,3,0,0.0,301,7.7
9,Richie Kenney,91723,QB,CORNELL,1,70.3,37,39,10.1,2.65,0,4,9.8,51.3,20,0,14,23.1,41,6,11,147,69.2,88.9,90.3,57.3,1,1,43,1,7.1,70.1,2.4,1,1,0,1,1,1,2.3,257,6.6
9,Ryan Nettles,102339,QB,ALABAMA ST,1,67.6,37,39,11.3,2.45,0,4,10.0,61.5,24,0,14,4.0,45,1,16,105,70.9,71.9,70.7,66.7,0,1,46,1,21.4,94.2,6.7,3,3,1,1,3,2,4.3,242,6.2
9,George Martin,103959,QB,ROB MORRIS,1,76.3,38,39,9.9,2.66,0,3,7.5,71.8,28,0,8,3.4,43,1,18,277,70.5,77.8,76.8,62.9,0,0,44,0,37.5,111.6,7.0,3,1,0,1,2,0,0.0,305,7.8
9,Daniel Smith,88625,QB,VILLANOVA,1,70.3,37,38,11.9,2.82,1,1,2.4,47.4,18,0,16,30.8,44,8,11,334,69.9,62.1,59.8,64.9,0,4,47,0,12.5,38.4,4.5,2,4,0,0,1,4,8.5,252,6.6
9,Eric Schmid,66632,QB,SM HOUSTON,1,77.1,35,38,8.8,2.81,0,4,9.5,68.4,26,1,14,3.7,43,1,16,281,71.4,64.8,64.9,59.5,0,1,47,1,7.1,121.4,2.3,1,4,0,3,5,3,6.4,307,8.1
9,Mason Randall,91728,QB,SAN DIEGO,1,70.3,37,38,8.9,2.48,0,2,4.9,63.2,24,0,13,7.7,41,2,12,283,40.4,59.9,54.0,73.6,0,1,44,0,23.1,81.6,7.3,3,0,0,1,1,2,4.5,265,7.0
9,Davis Alexander,52162,QB,PORTLAND,1,71.4,35,37,10.8,3.02,0,2,5.3,59.5,22,0,8,12.0,41,3,12,269,71.2,84.7,81.8,73.2,0,2,42,1,12.5,60.4,2.4,1,3,0,2,1,0,0.0,198,5.4
9,Skyler Perry,82082,QB,ARKAPB,1,78.8,33,37,4.9,2.63,0,2,5.0,67.6,25,0,14,3.8,43,1,9,112,37.3,51.0,56.1,43.7,1,1,46,0,28.6,91.2,9.3,4,2,0,3,1,2,4.3,311,8.4
9,Derek Robertson,142298,QB,MAINE,1,56.8,37,37,11.2,2.21,0,1,2.6,48.6,18,0,2,14.3,38,3,13,212,68.9,63.3,62.2,,0,1,39,0,0.0,97.1,0.0,0,0,0,0,4,2,5.1,264,7.1
9,Rasean McKay,88321,QB,FL A&M,1,70.6,34,36,7.8,1.95,1,0,0.0,61.1,22,0,9,8.3,36,2,14,164,68.7,76.3,75.6,,0,1,36,1,0.0,85.1,0.0,0,0,0,1,2,1,2.8,217,6.0
9,Quinton Williams,102366,QB,HOWARD,1,66.7,33,35,9.2,3.15,0,1,2.9,60.0,21,0,7,4.5,44,1,16,184,70.6,66.0,60.6,69.1,0,0,45,0,57.1,87.6,9.1,4,5,0,2,1,0,0.0,218,6.2
9,Breylin Smith,33893,QB,CENT ARK,1,75.8,33,35,9.2,2.26,1,0,0.0,62.9,22,0,6,12.0,37,3,13,132,69.8,81.8,80.9,62.6,0,0,38,1,16.7,91.3,2.7,1,1,0,1,1,0,0.0,229,6.5
9,Glendon McDaniel,78483,QB,SOUTHERN U,1,69.7,33,34,9.8,2.91,0,0,0.0,58.8,20,0,9,13.0,39,3,15,297,70.8,69.1,59.5,75.1,0,0,42,0,0.0,92.5,0.0,0,5,0,1,1,0,0.0,258,7.6
9,Spencer Brasch,100574,QB,CAL POLY,1,66.7,33,34,6.9,2.78,1,1,2.6,55.9,19,0,14,13.6,41,3,12,129,39.4,46.9,43.3,63.3,0,3,46,0,28.6,66.7,9.8,4,3,0,0,2,5,10.9,287,8.4
9,Aqeel Glass,60328,QB,ALAB A&M,1,68.8,32,33,8.5,2.33,0,2,5.7,60.6,20,0,13,9.1,35,2,15,104,71.1,73.0,78.5,57.7,1,0,37,2,15.4,132.7,5.7,2,0,0,0,4,0,0.0,321,9.7
9,Dante Perri,143112,QB,LEHIGH,1,66.7,30,33,9.4,2.81,0,0,0.0,54.5,18,0,14,10.0,38,2,6,205,23.4,52.5,50.1,62.3,1,1,41,1,35.7,62.3,13.2,5,0,0,2,1,3,7.3,137,4.2
9,Camden Orth,108965,QB,LIUSHAR,1,75.0,32,33,9.6,2.19,1,1,2.9,63.6,21,0,9,12.5,36,3,14,1298,71.7,63.3,55.3,73.5,0,1,37,0,22.2,96.5,5.6,2,1,0,0,3,2,5.4,188,5.7
9,Derek Kyler,109012,QB,DARTMOUTH,1,78.6,28,32,9.5,2.39,0,2,6.3,65.6,21,0,9,4.5,35,1,13,148,69.5,89.6,88.9,64.2,0,0,35,0,22.2,111.6,5.7,2,1,2,2,2,0,0.0,261,8.2
9,Cody Orgeron,23693,QB,MCNEESE,1,62.5,32,32,10.5,3.17,0,2,5.9,53.1,17,0,14,15.0,41,3,13,217,73.2,68.9,65.9,65.4,0,1,43,0,14.3,69.1,4.9,2,7,0,0,1,3,7.0,195,6.1
9,Keon Howard,40418,QB,TENN MARTN,1,53.3,30,32,12.7,2.67,1,1,3.0,46.9,15,0,11,6.3,37,1,11,310,39.2,59.4,47.9,75.0,0,2,39,0,9.1,43.4,2.7,1,3,0,1,1,2,5.1,137,4.3
9,Shedeur Sanders,131396,QB,JACKSON ST,1,60.0,30,32,10.6,2.64,1,1,3.0,53.1,17,0,7,5.6,35,1,10,194,69.7,77.7,78.1,64.2,0,2,36,1,28.6,84.6,5.7,2,1,0,1,3,1,2.8,254,7.9
9,Alex Piccirilli,109065,QB,STETSON,1,69.0,29,32,7.4,2.42,0,1,3.1,62.5,20,0,9,0.0,35,0,11,302,71.7,65.1,62.7,63.5,1,0,35,0,11.1,113.7,2.9,1,2,0,2,3,1,2.9,217,6.8
9,Zachary Clement,105561,QB,NWSTATE,1,65.4,26,32,9.8,2.89,1,1,3.0,53.1,17,0,15,0.0,37,0,10,257,73.4,71.3,63.3,71.6,2,1,38,0,20.0,71.7,8.1,3,2,0,3,1,1,2.6,215,6.7
9,Rogan Wells,149999,QB,W CAROLINA,1,86.2,29,31,8.9,2.85,0,3,9.7,71.0,22,0,9,12.0,34,3,17,344,32.1,90.8,84.1,83.3,0,0,34,0,0.0,143.5,0.0,0,2,0,2,4,0,0.0,318,10.3
9,Geremy Hickbottom,62834,QB,TENN STATE,1,62.1,29,31,8.0,2.97,0,0,0.0,54.8,17,0,13,5.6,37,1,11,308,71.0,54.2,41.6,77.9,2,0,38,0,15.4,79.2,5.4,2,4,0,0,1,2,5.3,154,5.0
9,Jalen Fowler,64170,QB,NC A&T,1,73.3,30,31,8.6,2.6,0,0,0.0,61.3,19,0,11,13.6,34,3,10,246,70.0,73.8,70.7,67.8,0,1,34,0,27.3,82.7,8.8,3,0,0,1,1,1,2.9,240,7.7
9,Cole Kelley,39945,QB,SE LA,1,69.0,29,31,10.9,2.93,0,2,6.5,58.1,18,0,18,10.0,39,2,9,294,24.5,54.8,57.9,53.5,1,1,39,0,22.2,91.1,10.3,4,4,1,0,2,3,7.7,242,7.8
9,Otto Kuhns,138014,QB,E ILLINOIS,1,58.6,29,30,13.7,2.92,1,4,12.9,46.7,14,0,12,17.6,35,3,10,158,69.7,79.1,76.0,68.9,0,0,36,0,16.7,81.4,5.7,2,3,0,0,1,1,2.8,211,7.0
9,Pierce Holley,108981,QB,GEORGETOWN,1,70.4,27,30,9.7,2.84,1,3,9.4,63.3,19,0,11,0.0,34,0,11,172,68.8,81.0,81.7,57.3,1,0,37,0,27.3,97.8,8.8,3,1,0,1,1,0,0.0,229,7.6
9,Neil Boudreau,44632,QB,MORGAN ST,1,62.5,24,29,4.7,2.77,1,0,0.0,48.3,14,0,15,6.7,38,1,8,235,36.4,28.8,26.4,58.3,1,2,38,0,13.3,42.7,5.3,2,7,1,2,1,4,10.5,123,4.2
9,Nolan Grooms,108987,QB,YALE,1,75.9,29,29,12.9,3.1,0,5,15.6,69.0,20,0,20,9.1,39,2,14,352,72.6,92.4,91.5,75.7,0,0,43,0,15.0,122.6,7.7,3,7,0,0,2,2,4.7,279,9.6
9,RJ Martinez,147690,QB,N ARIZONA,1,67.9,28,29,12.4,2.73,0,5,16.1,62.1,18,0,11,5.3,33,1,12,252,32.6,90.2,90.0,67.1,0,0,36,0,9.1,122.5,3.0,1,3,0,1,3,2,5.6,238,8.2
9,Lindsey Scott Jr.,40219,QB,NICHOLLS,1,64.3,28,28,10.3,2.57,0,4,13.3,64.3,18,0,8,0.0,35,0,17,243,72.4,80.7,71.5,75.7,0,2,37,0,12.5,100.9,2.9,1,6,0,0,3,3,8.1,264,9.4
9,Zach Gwynn,77654,QB,DELAWARE,1,76.9,26,28,7.3,2.32,0,0,0.0,67.9,19,0,5,5.0,28,1,9,151,68.1,73.2,72.3,,1,0,29,1,0.0,90.8,0.0,0,0,0,1,0,0,0.0,216,7.7
9,Jalani Eason,52172,QB,MS VLY ST,1,57.7,26,27,9.6,2.89,0,0,0.0,51.9,14,0,18,6.7,36,1,7,228,29.9,30.3,35.4,43.8,1,4,37,1,33.3,37.3,16.7,6,3,0,0,1,2,5.4,125,4.6
9,Tony Muskett,142933,QB,MONMOUTH,1,80.8,26,27,6.5,2.39,0,4,14.8,70.4,19,0,12,9.5,37,2,11,231,33.3,84.5,80.7,71.4,0,0,37,0,66.7,123.4,21.6,8,2,0,1,2,1,2.7,246,9.1
9,Felix Harper,13753,QB,ALCORN ST,1,68.0,25,26,13.4,3.05,1,2,6.5,50.0,13,0,8,23.5,31,4,12,107,32.6,86.0,79.0,77.2,0,0,36,0,12.5,117.0,3.2,1,4,0,0,4,0,0.0,210,8.1
9,Joe Mancuso,40312,QB,RICHMOND,1,84.0,25,26,5.4,2.39,1,3,11.1,73.1,19,0,5,9.5,30,2,10,276,40.6,76.4,90.2,50.1,0,1,31,0,0.0,133.0,0.0,0,4,0,0,3,0,0.0,297,11.4
9,Bret Edwards,88638,QB,NEW HAMP,1,58.3,24,26,8.2,3.6,0,1,3.8,46.2,12,0,15,14.3,34,2,7,240,29.1,52.8,59.9,43.6,0,0,35,0,46.7,75.2,20.6,7,1,0,2,1,1,2.9,136,5.2
9,Peyton Mansell,82135,QB,ABILENE CH,1,69.2,26,26,4.3,2.43,0,1,3.8,65.4,17,0,12,5.6,31,1,10,100,29.1,50.3,50.0,55.9,0,2,31,0,16.7,100.5,6.5,2,3,0,0,3,2,6.5,234,9.0
9,Corey Fields Jr.,78539,QB,SCAR STATE,1,65.2,23,25,8.6,2.47,0,0,0.0,56.0,14,0,8,6.7,29,1,9,290,70.2,58.4,59.8,56.0,1,0,29,1,12.5,100.6,3.4,1,3,0,1,2,1,3.4,151,6.0
9,Theo Day,83515,QB,N IOWA,1,64.0,25,25,10.9,2.74,0,1,3.7,52.0,13,0,11,18.8,33,3,8,255,70.1,61.4,57.7,63.9,0,2,35,0,18.2,57.1,6.1,2,5,0,0,2,2,5.7,110,4.4
9,Kurtis Wilderman,87528,QB,INDIANA ST,1,70.0,20,25,6.7,2.93,1,0,0.0,52.0,13,0,14,7.1,30,1,8,191,69.3,51.7,53.6,53.2,2,1,31,0,28.6,48.9,13.3,4,1,0,2,0,1,3.2,121,4.8
9,Andrew Body,155202,QB,TEXAS STHN,1,64.0,25,25,11.8,2.57,0,1,3.8,64.0,16,0,9,0.0,30,0,16,313,22.1,77.3,73.8,68.5,0,0,31,0,22.2,140.2,6.7,2,3,0,0,4,1,3.2,271,10.8
9,Jake Dunniway,60572,QB,SACRAMENTO,1,59.1,22,24,11.5,2.42,1,0,0.0,45.8,11,0,6,15.4,25,2,8,279,27.0,68.2,67.8,57.2,0,0,26,0,16.7,64.2,4.0,1,0,0,1,0,2,7.7,138,5.8
9,Ethan Grady,149266,QB,BUCKNELL,1,52.2,23,24,12.4,2.75,0,1,4.2,41.7,10,0,2,16.7,24,2,6,125,67.6,59.7,61.4,,0,0,24,1,0.0,57.3,0.0,0,0,0,1,0,0,0.0,118,4.9
9,Dylan McCaffrey,60451,QB,N COLORADO,1,75.0,20,24,7.5,2.13,0,1,4.2,58.3,14,0,10,6.7,27,1,4,253,70.6,69.5,64.4,68.5,1,0,27,0,10.0,91.0,3.7,1,1,0,3,0,1,3.7,232,9.7
9,Bronson Barron,141710,QB,WEBER ST,1,62.5,24,24,14.1,2.42,0,1,3.7,58.3,14,0,3,6.7,24,1,9,342,70.1,65.5,65.2,61.1,0,1,27,0,0.0,83.5,0.0,0,0,0,0,1,2,7.4,209,8.7
9,Kris Brown,105558,QB,MONTANA,1,73.9,23,23,7.4,2.48,0,2,8.7,73.9,17,0,4,0.0,25,0,10,232,70.9,81.7,83.3,62.4,0,1,25,0,0.0,93.8,0.0,0,2,0,0,1,0,0.0,186,8.1
9,Chris Oladokun,40364,QB,S DAK ST,1,90.9,22,22,9.7,2.78,0,1,4.2,72.7,16,0,6,20.0,27,4,13,292,69.2,74.8,71.8,67.2,0,1,29,0,33.3,106.4,7.4,2,3,0,0,1,2,6.9,251,11.4
9,Jared Lewis,108959,QB,DELWARE ST,1,66.7,21,22,13.1,3.15,0,4,18.2,63.6,14,0,7,0.0,24,0,9,152,69.4,83.6,90.2,52.7,0,0,26,0,14.3,141.3,4.2,1,1,0,1,4,0,0.0,246,11.2
9,Ah-Shaun Davis,149376,QB,LAFAYETTE,1,85.0,20,22,9.6,3.27,0,2,8.7,68.2,15,0,9,11.8,27,2,9,203,68.0,66.0,70.3,50.2,1,1,28,0,22.2,93.6,7.4,2,3,0,1,1,0,0.0,203,9.2
9,Cole Smith,109050,QB,PRINCETON,1,71.4,21,22,9.1,2.36,0,0,0.0,68.2,15,0,9,0.0,28,0,9,272,29.2,68.9,76.2,49.5,0,0,28,0,22.2,110.2,7.1,2,3,1,0,1,0,0.0,191,8.7
9,Jack Cook,109015,QB,DAYTON,1,66.7,18,21,13.3,3.03,1,6,28.6,57.1,12,0,7,0.0,23,0,11,150,69.3,84.9,85.9,61.2,0,1,23,0,14.3,113.7,4.3,1,1,0,2,2,1,4.3,269,12.8
9,Evan Nelson,142436,QB,DUQUESNE,1,45.0,20,21,14.3,2.6,0,2,8.7,38.1,8,0,8,11.1,26,1,5,155,68.6,54.9,54.5,56.9,0,0,28,0,50.0,66.6,15.4,4,1,0,1,1,1,3.6,85,4.0
9,Tommy Schuster,108954,QB,N DAKOTA,1,72.2,18,21,5.2,2.68,0,0,0.0,61.9,13,0,8,0.0,22,0,9,249,68.7,75.6,76.3,62.8,0,1,22,0,0.0,66.4,0.0,0,1,0,3,0,0,0.0,164,7.8
9,Jake Smith,109024,QB,HARVARD,1,63.2,19,21,8.4,2.88,0,1,4.5,52.4,11,0,7,8.3,23,1,4,179,15.5,48.5,47.4,,0,1,24,0,28.6,58.0,8.7,2,0,0,2,1,2,8.3,82,3.9
9,Parker McKinney,82109,QB,E KENTUCKY,1,84.2,19,20,12.1,2.3,0,2,8.7,75.0,15,0,1,6.3,22,1,9,159,69.5,71.3,64.2,73.6,0,0,25,0,100.0,149.6,4.5,1,1,0,1,3,1,4.0,218,10.9
9,Jett Duffey,41634,QB,HAMPTON,1,84.2,19,20,12.5,3.49,0,2,10.0,70.0,14,0,9,12.5,30,2,13,178,38.4,90.9,91.0,70.9,0,0,31,0,33.3,112.5,10.0,3,6,0,1,0,1,3.2,287,14.4
9,Cole Copeland,63563,QB,CHATTNOOGA,1,77.8,18,20,10.1,3.14,0,0,0.0,65.0,13,0,4,7.1,26,1,9,137,68.0,59.8,57.2,61.9,0,1,28,0,25.0,65.8,3.8,1,5,0,2,0,2,7.1,146,7.3
9,Kasim Hill,60444,QB,RHODE ISLD,1,77.8,18,20,11.7,3.26,1,3,15.0,55.0,11,0,8,21.4,25,3,7,274,69.5,74.6,79.6,54.7,0,0,25,0,37.5,124.4,12.0,3,2,0,1,3,0,0.0,177,8.9
9,Cade Sexauer,111800,QB,STTHOM,1,61.1,18,20,9.4,3.17,0,1,5.0,45.0,9,0,7,18.2,27,2,6,1129,30.5,68.9,71.7,59.0,0,0,27,0,28.6,85.2,7.4,2,5,0,2,1,0,0.0,139,7.0
9,Sheldon Layman,101054,QB,AUSTINPEAY,1,75.0,16,19,7.9,2.88,1,0,0.0,57.9,11,0,7,8.3,25,1,7,116,68.9,61.0,69.2,50.6,0,0,25,1,28.6,73.1,8.0,2,3,1,1,0,0,0.0,104,5.5
9,Chris Ferguson,40105,QB,TOWSON,1,72.2,18,19,7.3,2.77,0,0,0.0,57.9,11,0,5,15.4,22,2,7,317,68.8,66.6,64.9,61.6,0,0,23,0,40.0,77.7,9.1,2,1,0,1,0,0,0.0,125,6.6
9,Guenson Alexis,148625,QB,WAGNER,1,68.4,19,19,8.3,2.96,0,0,0.0,52.6,10,0,18,23.1,32,3,6,338,43.3,53.6,50.5,58.6,0,0,33,0,33.3,62.6,18.8,6,7,0,0,0,1,3.0,76,4.0
9,Darius Wilson,148492,QB,WM & MARY,1,73.3,15,17,5.8,2.64,0,0,0.0,52.9,9,0,5,18.2,18,2,5,348,34.4,66.4,64.2,61.7,1,0,20,0,20.0,72.4,5.6,1,0,0,1,0,0,0.0,107,6.3
9,Bryce Jefferson,89411,QB,ILL STATE,1,60.0,15,17,12.6,3.59,1,2,10.5,47.1,8,0,6,11.1,25,1,5,188,27.9,57.1,61.3,51.4,0,0,27,1,50.0,87.4,12.0,3,5,0,1,1,0,0.0,108,6.4
9,Jake Davis,149583,QB,PRESBYTERN,1,46.7,15,17,6.3,3.5,0,2,10.5,41.2,7,0,11,0.0,23,0,4,271,68.2,50.1,53.7,51.6,0,1,25,0,27.3,36.6,13.0,3,3,0,2,0,2,8.0,101,5.9
9,DJ Williams,138061,QB,MURRAY ST,1,46.7,15,17,8.4,2.9,0,0,0.0,41.2,7,0,9,0.0,20,0,4,236,69.8,37.1,29.9,63.7,0,1,21,0,33.3,31.5,15.0,3,0,0,2,0,1,4.8,80,4.7
9,Romelo Williams,78489,QB,CENT CT ST,1,71.4,14,16,8.4,2.81,1,1,6.3,62.5,10,0,4,0.0,18,0,6,133,27.5,68.6,55.4,75.2,0,0,18,0,25.0,109.6,5.6,1,1,0,1,1,2,11.1,133,8.3
9,Aidan Sayin,148974,QB,PENN,1,80.0,15,16,7.3,2.62,1,1,5.3,68.8,11,0,3,8.3,17,1,5,267,68.5,70.0,74.6,58.0,0,0,20,0,33.3,124.2,5.9,1,0,0,0,2,0,0.0,97,6.1
9,C.J. Ogbonna,149182,QB,SE MO ST,1,68.8,16,16,18.8,2.51,0,5,29.4,56.3,9,0,7,18.2,19,2,7,293,28.2,83.5,85.2,63.8,0,0,20,0,28.6,140.1,10.5,2,1,0,0,2,1,5.0,198,12.4
9,Fred Payton,82102,QB,MERCER,1,66.7,15,16,7.7,2.89,0,1,6.3,56.3,9,0,8,10.0,18,1,6,219,69.6,71.0,53.5,80.6,0,1,18,0,0.0,50.0,0.0,0,2,0,1,0,1,5.6,104,6.5
9,Ben Nimz,109067,QB,VALPO,1,26.7,15,16,17.2,2.99,0,1,5.9,12.5,2,0,12,50.0,21,2,0,332,69.8,46.4,45.7,56.5,0,0,22,2,33.3,39.6,19.0,4,1,0,1,0,0,0.0,2,0.1
9,Hunter Hays,141593,QB,IDAHO ST,1,66.7,15,15,7.4,2.23,0,1,6.7,66.7,10,0,6,0.0,19,0,6,186,68.4,73.3,67.0,73.7,0,0,19,0,50.0,112.1,15.8,3,1,0,0,1,1,5.3,116,7.7
9,Austin Day,106411,QB,MARIST,1,78.6,14,15,6.2,3.41,0,0,0.0,60.0,9,0,9,18.2,22,2,7,213,69.3,67.6,71.9,57.8,0,1,23,0,11.1,52.1,4.5,1,6,0,1,0,0,0.0,100,6.7
9,Jaylan Adams,89133,QB,CITADEL,1,71.4,14,15,13.1,3.07,0,1,6.7,53.3,8,0,10,20.0,19,2,5,139,72.5,61.8,49.8,70.7,0,1,19,0,30.0,72.1,15.8,3,1,0,1,1,1,5.3,112,7.5
9,Michael Brescia,149295,QB,COLGATE,1,93.3,15,15,6.4,2.51,0,0,0.0,86.7,13,0,1,7.1,19,1,9,142,72.1,71.1,73.4,63.6,0,0,22,1,100.0,111.7,5.3,1,3,0,0,0,0,0.0,162,10.8
9,Jyron Russell,82069,QB,ST FRANCIS,1,61.5,13,15,11.9,2.29,0,0,0.0,46.7,7,0,7,12.5,17,1,5,299,66.8,65.8,65.2,60.6,1,0,18,0,14.3,59.0,5.9,1,1,0,1,0,0,0.0,65,4.3
9,Jace Wilson,149892,QB,FURMAN,1,45.5,11,15,14.7,3.28,1,1,6.7,26.7,4,0,13,20.0,23,1,4,170,68.8,40.7,36.0,58.0,1,1,24,1,30.8,12.4,17.4,4,4,0,2,0,3,12.5,47,3.1
9,Xavier Shepherd,104767,QB,KENNESAW,1,85.7,14,14,14.4,2.32,0,4,23.5,85.7,12,0,2,0.0,18,0,8,200,39.7,85.6,91.8,59.7,0,0,21,0,50.0,158.3,5.6,1,3,0,0,4,0,0.0,209,14.9
9,Cam Miller,125299,QB,N DAK ST,1,76.9,13,14,12.5,3.01,0,1,7.1,71.4,10,0,5,0.0,17,0,8,250,68.2,57.6,57.6,57.9,0,1,17,0,0.0,123.5,0.0,0,3,0,1,3,2,11.8,179,12.8
9,Cam Humphrey,39886,QB,MONTANA,1,84.6,13,14,8.1,2.73,0,0,0.0,71.4,10,0,4,9.1,18,1,5,232,23.8,67.8,68.1,59.6,0,0,18,0,75.0,87.2,16.7,3,1,0,1,0,1,5.6,86,6.1
9,Marco Siderman,143060,QB,HOLY CROSS,1,71.4,14,14,8.4,2.37,0,1,6.3,57.1,8,0,5,20.0,15,2,6,181,68.2,65.7,65.0,60.9,0,1,17,0,20.0,76.8,6.7,1,0,0,0,1,1,5.9,111,7.9
9,Preston Rice,60469,QB,MURRAY ST,1,61.5,13,13,11.2,2.98,0,0,0.0,46.2,6,0,7,25.0,17,2,5,236,67.8,64.7,66.8,58.1,0,0,20,0,0.0,102.4,0.0,0,4,0,0,1,1,5.0,113,8.7
9,Sagan Gronauer,105567,QB,IDAHO ST,1,81.8,11,13,4.5,2.73,1,0,0.0,53.8,7,0,7,22.2,15,2,3,186,68.8,66.7,63.8,64.2,1,0,15,0,14.3,62.3,6.7,1,1,0,0,0,0,0.0,48,3.7
9,Elijah Walker,60434,QB,GRAMBLING,1,58.3,12,13,12.4,3.1,0,0,0.0,46.2,6,0,8,14.3,20,1,3,177,68.6,76.6,75.8,64.6,0,0,21,0,50.0,60.7,20.0,4,3,0,1,0,0,0.0,63,4.8
9,Anthony Thompson,40036,QB,INDIANA ST,1,63.6,11,11,6.5,3.72,0,0,0.0,63.6,7,0,5,0.0,11,0,3,191,67.6,57.2,57.3,58.4,0,0,11,0,0.0,77.8,0.0,0,0,0,0,0,0,0.0,60,5.5
9,Daelyn Williams,150337,QB,LAMAR,1,62.5,8,10,5.4,3.3,1,0,0.0,40.0,4,0,7,20.0,13,1,0,204,70.0,53.6,48.8,61.4,0,0,13,0,42.9,47.9,23.1,3,0,0,1,0,1,7.7,30,3.0
9,Joe Craycraft,60616,QB,YNGTOWN ST,1,44.4,9,10,8.0,3.18,0,1,9.1,40.0,4,0,11,0.0,16,0,1,353,67.5,52.3,48.4,60.9,1,1,17,0,18.2,10.8,12.5,2,4,0,0,0,1,5.9,36,3.6
9,Matthew Sluka,143059,QB,HOLY CROSS,1,80.0,10,10,9.1,2.83,0,0,0.0,70.0,7,0,4,12.5,15,1,6,181,29.1,76.6,66.2,72.7,0,0,16,0,50.0,78.8,13.3,2,3,0,0,0,1,6.3,44,4.4
9,Bryce Corriston,139140,QB,WOFFORD,1,37.5,8,10,9.4,3.08,0,0,0.0,20.0,2,0,3,33.3,12,1,1,350,70.5,39.8,31.9,57.7,0,1,13,0,33.3,0.0,8.3,1,0,0,2,0,1,7.7,14,1.4
9,Carlos Davis,139131,QB,W CAROLINA,1,77.8,9,9,9.2,3.21,0,0,0.0,55.6,5,0,1,28.6,11,2,0,344,65.6,57.6,63.5,52.5,0,0,11,0,0.0,60.9,0.0,0,2,0,0,0,0,0.0,18,2.0
9,Brandon Robinson,82141,QB,RHODE ISLD,1,55.6,9,9,9.0,2.46,0,0,0.0,55.6,5,0,2,0.0,9,0,1,274,16.7,42.9,42.3,,0,0,9,0,0.0,72.5,0.0,0,0,0,0,0,1,11.1,52,5.8
9,Justin Sliwoski,77612,QB,ST FRANCIS,1,77.8,9,9,9.2,2.2,0,1,11.1,77.8,7,0,4,0.0,10,0,3,299,67.5,76.8,66.8,71.9,0,0,10,1,25.0,135.6,10.0,1,0,0,0,1,0,0.0,69,7.7
9,Aldon Clark,60338,QB,GRAMBLING,1,12.5,8,9,19.3,2.0,1,0,0.0,11.1,1,0,1,0.0,9,0,1,177,67.5,47.5,37.9,71.0,0,0,10,0,0.0,39.6,0.0,0,0,0,0,0,1,10.0,3,0.3
9,Louis Colosimo,64186,QB,DAVIDSON,1,62.5,8,8,11.1,1.91,0,0,0.0,62.5,5,0,2,0.0,8,0,3,149,27.0,48.5,58.2,45.6,0,0,9,0,0.0,126.0,0.0,0,0,0,0,1,0,0.0,62,7.8
9,Luke Emge,109025,QB,HARVARD,1,75.0,8,8,10.8,2.62,0,1,11.1,75.0,6,0,3,0.0,10,0,3,179,66.7,58.7,66.2,51.1,0,0,11,0,0.0,102.6,0.0,0,2,0,0,0,0,0.0,73,9.1
9,Zach Weir,138031,QB,E ILLINOIS,1,83.3,6,8,14.5,3.4,0,1,12.5,37.5,3,0,7,40.0,10,2,2,158,65.4,74.2,78.2,57.3,2,0,10,0,14.3,66.7,10.0,1,1,0,0,0,0,0.0,64,8.0
9,Nick Semptimphelter,142984,QB,BUCKNELL,1,100.0,5,7,8.6,3.31,0,1,14.3,71.4,5,0,2,0.0,7,0,3,125,64.6,74.8,74.3,,0,0,7,0,0.0,140.5,0.0,0,0,0,2,1,0,0.0,66,9.4
9,Jalen Dummett,139376,QB,LAMAR,1,71.4,7,7,6.1,2.22,0,0,0.0,71.4,5,0,4,0.0,10,0,4,204,23.4,43.6,40.5,56.7,0,1,10,0,50.0,54.8,20.0,2,1,0,0,0,1,10.0,55,7.9
9,Brock Bagozzi,149648,QB,MARIST,1,20.0,5,7,16.0,3.13,0,1,14.3,14.3,1,0,6,0.0,8,0,1,213,6.2,25.0,42.4,28.3,0,1,8,1,0.0,0.0,0.0,0,1,0,2,0,2,25.0,4,0.6
9,Mitch Davidson,138334,QB,YNGTOWN ST,1,100.0,6,7,16.0,3.13,0,1,14.3,85.7,6,0,4,0.0,7,0,5,353,65.9,91.7,92.8,58.4,0,0,7,0,0.0,158.3,0.0,0,0,0,1,2,0,0.0,111,15.9
9,Drayton Arnold,40050,QB,CHATTNOOGA,1,50.0,4,4,14.8,2.15,0,0,0.0,50.0,2,0,0,0.0,4,0,1,137,63.3,70.2,69.5,,0,0,4,0,,71.9,0.0,0,0,0,0,0,0,0.0,27,6.8
9,Asher O'Hara,78529,QB,SACRAMENTO,1,75.0,4,4,10.0,3.62,0,0,0.0,75.0,3,0,2,0.0,6,0,2,279,74.0,67.1,70.2,61.8,0,0,6,0,0.0,138.5,0.0,0,2,0,0,1,0,0.0,33,8.3
9,Jameson Wang,148782,QB,CORNELL,1,33.3,3,3,23.0,3.1,0,1,33.3,33.3,1,0,2,0.0,3,0,1,147,73.7,72.7,68.4,66.5,0,0,3,0,0.0,95.8,0.0,0,0,0,0,1,0,0.0,19,6.3
9,Cole Payton,148154,QB,N DAK ST,1,33.3,3,3,5.7,3.35,0,0,0.0,33.3,1,0,1,0.0,4,0,0,250,70.4,73.0,56.5,71.7,0,0,4,0,0.0,42.4,0.0,0,1,0,0,0,0,0.0,6,2.0
9,Marshall Skoloff,149727,QB,STETSON,1,100.0,1,3,-3.0,2.97,0,0,0.0,33.3,1,0,1,0.0,3,0,0,302,66.6,69.2,56.8,69.0,0,0,4,0,0.0,42.4,0.0,0,0,0,2,0,0,0.0,-3,-1.0
9,Nick Howard,108979,QB,DARTMOUTH,1,33.3,3,3,17.0,2.53,0,0,0.0,33.3,1,0,0,0.0,3,0,1,148,72.8,62.2,52.8,64.3,0,0,3,0,,50.7,0.0,0,0,0,0,0,0,0.0,15,5.0
9,Brody McAndrew,142328,QB,NEW HAMP,1,50.0,2,3,9.5,4.35,0,0,0.0,33.3,1,0,2,0.0,4,0,0,240,71.1,57.6,48.5,62.1,0,0,4,0,0.0,42.4,0.0,0,1,0,1,0,0,0.0,5,1.7
9,Xzavier Vaughn,102342,QB,ARKAPB,1,66.7,3,3,5.3,2.8,0,0,0.0,66.7,2,0,2,0.0,5,0,0,112,65.5,38.3,42.2,53.7,0,0,5,0,50.0,74.3,20.0,1,1,0,0,0,0,0.0,12,4.0
9,Harry Kirk,143015,QB,COLGATE,1,66.7,3,3,12.0,2.3,0,0,0.0,66.7,2,0,0,0.0,3,0,0,142,62.7,54.9,53.6,,0,0,3,0,,70.1,0.0,0,0,0,0,0,0,0.0,9,3.0
9,Conor Regan,63589,QB,MS VLY ST,1,33.3,3,3,26.0,4.58,0,0,0.0,0.0,0,0,3,100.0,4,1,0,228,63.3,53.8,57.0,57.8,0,0,4,0,0.0,39.6,0.0,0,1,0,0,0,0,0.0,0,0.0
9,Kyle Pinnix,150021,QB,WOFFORD,1,100.0,2,2,14.0,3.53,0,1,50.0,100.0,2,0,3,0.0,4,0,2,350,16.8,71.0,91.0,53.0,0,0,4,0,0.0,150.0,0.0,0,2,0,0,1,0,0.0,21,10.5
9,Shon Mitchell,60610,QB,CENT CT ST,1,0.0,2,2,4.5,3.6,0,0,0.0,0.0,0,0,0,,2,0,0,133,61.8,32.4,31.7,60.0,0,0,2,0,,39.6,0.0,0,0,0,0,0,1,50.0,0,0.0
9,Jalen Brown,141977,QB,TEXAS STHN,1,100.0,2,2,16.0,1.9,0,1,50.0,100.0,2,0,0,0.0,2,0,2,313,64.4,87.7,88.6,60.0,0,0,2,0,,158.3,0.0,0,0,0,0,2,0,0.0,41,20.5
9,Jeffrey Jackson,143208,QB,VALPO,1,50.0,2,2,8.5,2.7,0,0,0.0,0.0,0,0,0,100.0,2,1,0,332,61.8,57.0,66.3,,0,0,2,1,,39.6,0.0,0,0,0,0,0,0,0.0,0,0.0
9,Kohen Granier,63573,QB,NICHOLLS,1,0.0,2,2,23.5,2.4,0,0,0.0,0.0,0,0,0,,2,0,0,243,64.4,46.4,44.7,60.0,0,0,2,0,,39.6,0.0,0,0,0,0,0,0,0.0,0,0.0
9,Cord Sandberg,82090,QB,E KENTUCKY,1,50.0,2,2,16.0,2.77,0,0,0.0,50.0,1,0,1,0.0,3,0,0,159,69.0,84.9,37.9,79.0,0,1,3,0,100.0,16.7,33.3,1,0,0,0,0,1,33.3,5,2.5
9,Javon Williams Jr.,87540,HB,S ILLINOIS,1,0.0,1,1,12.0,4.1,0,0,0.0,0.0,0,0,2,,2,0,0,295,73.2,58.9,46.8,61.1,0,0,2,0,0.0,39.6,0.0,0,1,0,0,0,0,0.0,0,0.0
9,Owen Goldsberry,83300,WR,PENN,1,100.0,1,1,28.0,3.2,0,0,0.0,100.0,1,0,0,0.0,1,0,1,267,64.6,63.1,76.6,,0,0,1,0,,118.8,0.0,0,0,0,0,0,0,0.0,30,30.0
9,Maurcus McDaniel,148933,QB,PENN,1,0.0,1,1,32.0,2.1,0,0,0.0,0.0,0,0,0,,1,0,0,267,62.4,52.6,49.9,,0,0,1,0,,39.6,0.0,0,0,0,0,0,0,0.0,0,0.0
9,Ryan Campbell,142618,HB,PRESBYTERN,1,100.0,1,1,4.0,2.5,0,0,0.0,0.0,0,0,0,100.0,1,1,0,271,60.3,60.6,60.6,,0,0,1,0,,39.6,0.0,0,0,0,0,0,0,0.0,0,0.0
9,Jared Cooper,102394,HB,BUCKNELL,1,100.0,1,1,-4.0,0.6,0,0,0.0,100.0,1,0,0,0.0,1,0,0,125,75.8,58.8,60.6,57.3,0,0,1,0,,79.2,0.0,0,0,0,0,0,0,0.0,-1,-1.0
9,Tony Tate,65045,WR,W ILLINOIS,1,0.0,1,1,6.0,4.1,0,0,0.0,0.0,0,0,0,,2,0,1,345,26.4,73.3,53.9,60.5,0,0,2,0,,39.6,0.0,0,1,0,0,0,0,0.0,0,0.0
9,Malachi Imoh,142414,HB,WM & MARY,1,0.0,1,1,-1.0,2.9,0,0,0.0,0.0,0,0,0,,1,0,0,348,75.7,72.2,46.1,77.7,0,1,1,0,,0.0,0.0,0,0,0,0,0,1,100.0,0,0.0
9,Joey Carino,142211,QB,ALBANY,1,100.0,1,1,12.0,3.6,0,0,0.0,0.0,0,0,0,100.0,1,1,0,106,63.7,78.2,72.6,62.7,0,0,1,0,,39.6,0.0,0,0,0,0,0,0,0.0,0,0.0
9,Ethan Bolingbroke,141666,WR,SO UTAH,1,0.0,1,1,25.0,4.3,0,0,0.0,0.0,0,0,1,,1,0,0,298,70.9,59.0,37.5,63.0,0,0,1,0,0.0,39.6,0.0,0,0,0,0,0,1,100.0,0,0.0
9,Brock Boltmann,60487,WR,N DAKOTA,1,0.0,1,1,14.0,2.8,0,0,0.0,0.0,0,0,0,,1,0,0,249,67.1,54.8,46.8,61.2,0,0,1,0,,39.6,0.0,0,0,0,0,0,0,0.0,0,0.0
9,Collin Guggenheim,139460,HB,NICHOLLS,1,100.0,1,1,-4.0,0.8,0,0,0.0,100.0,1,0,0,0.0,1,0,0,243,77.7,71.7,60.4,72.1,0,0,1,0,,79.2,0.0,0,0,0,0,0,0,0.0,0,0.0
9,Cameron Young,120877,WR,ALAB A&M,1,100.0,1,1,-6.0,3.2,0,0,0.0,100.0,1,0,0,0.0,1,0,0,104,60.3,53.7,60.6,,0,0,1,0,,91.7,0.0,0,0,0,0,0,0,0.0,6,6.0
9,Quincy Vaughn,138259,QB,N DAKOTA,1,100.0,1,1,20.0,2.8,0,0,0.0,100.0,1,0,1,0.0,1,0,1,249,68.7,80.9,76.6,64.3,0,0,1,0,0.0,158.3,0.0,0,0,0,0,1,0,0.0,21,21.0
9,D'Andre Hicks,55784,WR,ROB MORRIS,1,100.0,1,1,35.0,3.8,0,0,0.0,100.0,1,0,0,0.0,1,0,1,277,68.1,83.9,75.9,,0,0,1,0,,118.8,0.0,0,0,0,0,0,0,0.0,46,46.0
9,Nick Orlando,109004,QB,BUTLER,1,100.0,1,1,0.0,3.4,0,0,0.0,100.0,1,0,0,0.0,1,0,1,127,63.7,69.9,60.6,,0,0,1,0,,100.0,0.0,0,0,0,0,0,0,0.0,8,8.0
9,Mykah Stone,150480,LS,NC CENT,1,100.0,1,1,-3.0,1.0,0,0,0.0,100.0,1,0,0,0.0,1,0,1,247,60.3,61.1,60.6,,0,0,1,0,,95.8,0.0,0,0,0,0,0,0,0.0,7,7.0
9,Alfonzo Graham,150501,HB,MORGAN ST,1,100.0,1,1,23.0,3.0,0,0,0.0,100.0,1,0,0,0.0,1,0,1,235,71.0,74.6,76.6,68.6,0,0,1,0,,118.8,0.0,0,0,0,0,0,0,0.0,68,68.0
9,Ben Niesner,52155,P,VALPO,1,100.0,1,1,-2.0,1.9,0,0,0.0,0.0,0,0,0,100.0,1,1,0,332,60.3,60.6,60.6,,0,0,1,0,,39.6,0.0,0,0,0,0,0,0,0.0,0,0.0
9,Creyton Cooper,147853,QB,WEBER ST,1,100.0,1,1,12.0,2.5,0,0,0.0,100.0,1,0,0,0.0,1,0,1,342,73.0,73.1,73.1,64.9,0,0,1,0,,116.7,0.0,0,0,0,0,0,0,0.0,12,12.0
9,Junior Muratovic,150858,QB,FL A&M,1,100.0,1,1,-4.0,0.9,0,0,0.0,100.0,1,0,0,0.0,1,0,0,164,60.3,59.6,60.4,,0,0,1,0,,91.7,0.0,0,0,0,0,0,0,0.0,6,6.0
week,player,player_id,position,team_name,player_game_count,accuracy_percent,aimed_passes,attempts,avg_depth_of_target,avg_time_to_throw,bats,big_time_throws,btt_rate,completion_percent,completions,declined_penalties,def_gen_pressures,drop_rate,dropbacks,drops,first_downs,franchise_id,grades_hands_fumble,grades_offense,grades_pass,grades_run,hit_as_threw,interceptions,passing_snaps,penalties,pressure_to_sack_rate,qb_rating,sack_percent,sacks,scrambles,spikes,thrown_aways,touchdowns,turnover_worthy_plays,twp_rate,yards,ypa
10,Taulia Tagovailoa,97271,QB,MARYLAND,1,85.5,55,59,6.5,2.72,0,0,0.0,71.2,42,0,8,10.6,61,5,17,215,45.8,70.1,68.1,65.5,1,1,66,1,25.0,86.1,3.3,2,0,0,3,1,3,4.5,369,6.3
10,Rocky Lombardi,60452,QB,N ILLINOIS,1,73.2,56,57,9.1,2.47,0,3,5.2,57.9,33,0,5,19.5,58,8,22,254,72.7,78.2,79.3,64.9,0,0,59,0,20.0,106.3,1.7,1,0,0,1,3,0,0.0,526,9.2
10,Brett Gabbert,97404,QB,MIAMI OH,1,64.7,51,57,12.6,2.89,1,1,1.6,56.1,32,0,18,3.0,64,1,21,221,70.6,68.0,70.7,51.4,1,1,68,0,5.6,106.8,1.6,1,6,2,2,5,3,4.4,492,8.6
10,Carson Strong,83524,QB,NEVADA,1,77.1,48,56,5.3,2.56,0,2,3.5,66.1,37,0,25,0.0,63,0,16,239,70.4,59.3,60.4,52.7,1,2,64,0,16.0,71.7,6.3,4,2,0,7,1,3,4.7,315,5.6
10,C.J. Stroud,129759,QB,OHIO STATE,1,74.5,51,55,9.7,3.0,0,1,1.7,65.5,36,0,19,5.3,56,2,19,260,38.8,67.0,66.3,65.2,0,2,59,2,5.3,84.3,1.8,1,0,0,4,2,4,6.8,405,7.4
10,Aidan O'Connell,60516,QB,PURDUE,1,80.4,51,54,8.0,2.32,1,5,9.3,74.1,40,0,13,2.4,57,1,27,273,70.1,91.5,91.3,,0,0,57,0,23.1,123.7,5.3,3,0,0,2,3,0,0.0,536,9.9
10,Seth Henigan,144267,QB,MEMPHIS,1,69.2,52,53,11.8,2.42,0,4,7.1,64.2,34,0,21,5.6,61,2,21,218,46.6,53.7,54.4,54.6,1,1,64,0,19.0,91.1,6.6,4,4,0,0,2,4,6.3,392,7.4
10,Bailey Zappe,60396,QB,W KENTUCKY,1,67.4,46,51,8.1,2.09,1,2,3.7,56.9,29,0,4,6.5,52,2,17,346,70.0,70.8,68.6,64.3,1,0,55,1,0.0,98.6,0.0,0,1,0,3,4,1,1.8,281,5.5
10,Sam Hartman,77618,QB,WAKE,1,65.9,44,51,13.4,3.3,3,6,11.5,49.0,25,0,16,13.8,59,4,21,339,71.5,81.3,73.8,77.0,1,2,60,0,12.5,91.8,3.4,2,6,0,3,5,2,3.3,398,7.8
10,Will Levis,83542,QB,KENTUCKY,1,72.3,47,49,9.5,2.53,0,3,6.0,63.3,31,0,16,8.8,58,3,24,202,72.2,88.0,79.1,79.0,0,1,59,0,18.8,98.3,5.2,3,6,0,2,3,2,3.4,372,7.6
10,Will Rogers,124184,QB,MISS STATE,1,83.0,47,48,7.6,3.31,0,4,8.2,75.0,36,0,9,7.7,54,3,22,227,70.3,84.2,87.2,53.0,0,1,56,0,33.3,119.9,5.6,3,3,0,1,4,2,3.6,417,8.7
10,Sean Clifford,51708,QB,PENN STATE,1,62.2,45,47,8.9,2.69,0,3,6.4,57.4,27,0,13,3.6,51,1,15,266,70.8,64.3,64.0,63.9,0,0,51,1,23.1,103.4,5.9,3,1,0,2,3,1,2.0,363,7.7
10,Dequan Finn,97804,QB,TOLEDO,1,74.4,43,46,11.0,2.63,0,2,3.8,65.2,30,0,15,6.3,51,2,18,316,45.2,59.5,57.9,62.5,1,1,57,1,33.3,110.9,9.8,5,0,1,1,3,4,7.0,461,10.0
10,Timmy McClain,144488,QB,USF,1,60.0,40,46,10.1,3.33,0,5,10.6,47.8,22,0,26,8.3,52,2,17,327,43.1,69.0,65.3,68.8,0,2,53,2,3.8,64.5,1.9,1,5,0,6,2,3,5.7,289,6.3
10,Andrew Marty,60498,QB,NWESTERN,1,70.0,40,45,7.8,2.85,0,2,4.3,55.6,25,0,22,10.7,49,3,12,256,26.3,45.4,40.1,64.2,1,3,51,1,9.1,53.0,4.1,2,2,0,4,1,6,11.8,270,6.0
10,Kenny Pickett,60515,QB,PITTSBURGH,1,85.4,41,44,9.8,3.14,0,3,6.7,63.6,28,0,10,20.0,53,7,21,268,39.0,86.0,83.3,70.1,0,0,54,0,30.0,117.2,5.7,3,5,1,2,3,2,3.7,416,9.5
10,McKenzie Milton,40110,QB,FLORIDA ST,1,64.1,39,44,9.9,3.05,1,2,4.3,50.0,22,0,17,12.0,51,3,13,167,70.9,59.5,58.6,60.6,0,1,54,0,17.6,63.9,5.9,3,4,0,4,1,2,3.7,233,5.3
10,Chandler Rogers,98683,QB,LA MONROE,1,75.0,40,43,6.6,2.89,0,0,0.0,62.8,27,0,16,10.0,51,3,14,209,44.8,56.9,53.1,62.4,1,0,52,0,37.5,79.6,11.8,6,2,1,1,0,2,3.8,260,6.0
10,Hayden Wolff,98362,QB,DOMINION,1,76.9,39,42,8.2,2.23,2,0,0.0,52.4,22,0,4,26.7,43,8,14,263,69.2,63.8,62.6,,0,1,43,0,25.0,80.0,2.3,1,0,0,1,2,2,4.7,285,6.8
10,Nicholas Vattiato,145302,QB,MIDDLE TN,1,68.3,41,41,8.6,2.25,0,2,4.8,58.5,24,0,7,14.3,43,4,7,224,69.3,57.3,57.5,57.3,0,5,44,0,14.3,48.4,2.3,1,1,0,0,2,3,6.8,205,5.0
10,Bo Nix,97790,QB,AUBURN,1,57.9,38,41,7.1,2.72,0,1,2.4,48.8,20,0,12,9.1,46,2,8,115,16.4,43.1,39.0,67.7,0,1,47,0,33.3,48.1,8.7,4,1,0,3,0,4,8.5,153,3.7
10,Chandler Morris,122938,QB,TCU,1,72.5,40,41,12.0,3.09,0,4,9.5,70.7,29,0,15,0.0,47,0,21,305,39.3,89.5,87.1,72.2,0,0,48,0,6.7,124.1,2.1,1,5,0,1,2,2,4.2,461,11.2
10,Ben Bryant,77655,QB,E MICHIGAN,1,70.7,41,41,9.3,2.56,0,2,4.7,70.7,29,0,10,0.0,46,0,17,160,69.9,67.0,67.5,55.8,0,1,48,0,40.0,111.2,8.7,4,1,0,0,3,2,4.2,354,8.6
10,Nick Starkel,40326,QB,S JOSE ST,1,63.9,36,40,10.5,2.44,1,2,4.9,52.5,21,0,16,8.7,40,2,12,285,43.4,68.3,67.6,,0,1,41,0,0.0,88.6,0.0,0,0,0,3,3,1,2.4,271,6.8
10,Jake Haener,60596,QB,FRESNO ST,1,66.7,36,38,10.4,2.73,0,0,0.0,57.9,22,0,13,8.3,47,2,13,169,69.5,60.9,61.8,56.2,0,3,48,0,38.5,65.8,10.6,5,4,0,2,2,3,6.3,281,7.4
10,Brock Purdy,77672,QB,IOWA STATE,1,73.7,38,38,5.8,3.09,0,0,0.0,71.1,27,0,10,3.6,43,1,14,193,70.9,73.9,70.7,69.8,0,0,45,0,10.0,88.4,2.3,1,4,0,0,0,0,0.0,247,6.5
10,Bryce Young,123943,QB,ALABAMA,1,74.3,35,38,8.2,2.65,1,1,2.6,63.2,24,0,19,7.7,44,2,14,103,22.8,66.1,73.1,50.3,0,0,44,2,15.8,105.4,6.8,3,3,0,2,2,1,2.3,302,7.9
10,Chance Nolan,78493,QB,OREGON ST,1,60.5,38,38,12.0,2.96,0,1,2.6,52.6,20,0,16,13.0,42,3,8,265,71.6,55.5,52.9,61.3,0,1,44,0,6.3,71.7,2.4,1,3,0,0,1,1,2.3,255,6.7
10,Jeff Sims,122496,QB,GA TECH,1,61.1,36,38,4.8,2.48,0,0,0.0,55.3,21,0,16,4.5,43,1,9,176,26.8,47.6,42.0,70.1,0,1,45,1,18.8,67.2,7.0,3,1,0,2,1,2,4.4,194,5.1
10,Grant Wells,97784,QB,MARSHALL,1,84.2,38,38,4.5,2.38,0,2,5.1,68.4,26,0,5,18.8,39,6,12,214,70.3,70.2,71.4,55.9,0,1,40,1,20.0,95.8,2.6,1,0,0,0,1,1,2.5,355,9.3
10,Kaleb Eleby,77686,QB,W MICHIGAN,1,80.6,31,36,8.6,2.82,1,2,5.4,61.1,22,0,14,12.0,46,3,11,347,37.7,63.9,68.5,49.6,0,1,49,0,35.7,82.6,10.9,5,5,0,4,1,2,4.1,276,7.7
10,Todd Centeio,60552,QB,COLO STATE,1,70.0,30,36,6.8,2.81,3,0,0.0,55.6,20,0,14,4.8,44,1,15,144,70.6,56.5,57.8,58.6,1,2,46,1,14.3,65.4,4.5,2,6,0,2,2,1,2.2,187,5.2
10,JD Head,122677,QB,LA TECH,1,60.6,33,35,10.1,2.8,2,1,2.8,57.1,20,0,15,0.0,41,0,11,208,69.2,63.4,65.4,53.6,0,0,43,0,13.3,92.1,4.9,2,4,0,0,2,0,0.0,196,5.6
10,Jake Constantine,40166,QB,RICE,1,58.8,34,35,10.4,2.79,0,0,0.0,54.3,19,0,9,5.0,37,1,14,275,68.9,46.6,47.9,57.0,0,1,40,1,11.1,65.5,2.7,1,1,0,1,0,2,5.0,253,7.2
10,Chevan Cordeiro,75886,QB,HAWAII,1,79.3,29,35,7.0,3.12,0,0,0.0,54.3,19,0,19,17.4,43,4,10,180,69.8,71.0,66.8,69.7,0,1,46,1,21.1,65.8,9.3,4,4,1,5,1,0,0.0,175,5.0
10,Levi Lewis,60428,QB,LA LAFAYET,1,70.0,30,34,9.8,2.87,0,1,2.9,55.9,19,0,11,9.5,38,2,11,207,70.7,62.7,62.9,57.5,1,1,39,0,18.2,81.4,5.3,2,2,0,3,1,3,7.7,287,8.4
10,Tyler Van Dyke,122225,QB,MIAMI FL,1,75.0,32,34,13.3,2.78,1,2,5.4,64.7,22,0,5,8.3,37,2,13,220,70.3,75.7,73.9,64.6,0,0,40,0,20.0,131.5,2.7,1,2,0,1,3,3,7.5,376,11.1
10,Max Johnson,124099,QB,LSU,1,57.1,28,33,9.1,2.94,1,0,0.0,48.5,16,0,13,0.0,40,0,8,211,69.2,48.7,50.9,48.9,2,1,43,2,30.8,70.3,10.0,4,3,0,2,2,1,2.3,160,4.8
10,Cameron Friel,146195,QB,UNLV,1,66.7,33,33,9.8,2.06,0,1,3.0,60.6,20,0,7,9.1,34,2,9,325,68.6,67.0,67.2,60.0,0,1,36,0,0.0,88.8,0.0,0,0,0,0,2,1,2.8,227,6.9
10,Frank Harris,60586,QB,UTSA,1,65.6,32,33,9.2,2.21,1,3,8.6,63.6,21,0,6,0.0,35,0,16,331,71.7,88.2,80.5,78.6,0,0,37,0,0.0,111.3,0.0,0,2,0,0,2,1,2.7,285,8.6
10,Desmond Trotter,83552,QB,S ALABAMA,1,74.2,31,33,4.2,2.68,0,0,0.0,63.6,21,0,27,8.7,43,2,10,288,69.7,45.9,40.1,62.1,1,1,43,0,7.4,79.4,4.7,2,8,0,1,2,1,2.3,132,4.0
10,Devin Leary,77628,QB,NC STATE,1,79.3,29,32,8.4,2.84,0,3,9.4,65.6,21,0,12,8.7,36,2,13,248,70.9,75.1,74.6,62.1,0,1,36,1,25.0,124.2,8.3,3,1,0,3,4,0,0.0,314,9.8
10,Kurtis Rourke,97998,QB,OHIO,1,83.3,30,32,6.8,2.97,0,0,0.0,71.9,23,0,18,8.0,39,2,13,259,72.8,81.5,81.7,65.0,1,0,40,0,22.2,129.9,10.3,4,3,0,1,3,0,0.0,282,8.8
10,Logan Bonner,39990,QB,UTAH ST,1,78.1,32,32,11.9,2.42,0,5,14.3,71.9,23,0,8,8.0,33,2,17,329,31.1,90.6,91.1,54.6,0,1,36,0,12.5,134.8,3.0,1,0,0,0,4,2,5.6,355,11.1
10,Max Bortenschlager,46500,QB,FIU,1,73.3,30,32,10.1,2.72,0,4,12.1,56.3,18,0,13,18.2,37,4,10,166,68.9,78.6,77.8,,0,1,38,0,38.5,97.8,13.5,5,0,0,2,2,1,2.6,315,9.8
10,Zach Gibson,100201,QB,AKRON,1,83.3,30,31,7.4,2.62,0,1,3.0,77.4,24,0,13,4.0,36,1,15,102,31.8,79.0,82.5,50.8,0,0,39,0,23.1,132.6,8.3,3,2,0,1,2,1,2.6,331,10.7
10,N'Kosi Perry,60446,QB,FAU,1,74.1,27,31,19.0,2.72,0,4,12.9,48.4,15,0,14,25.0,42,5,10,165,71.5,85.0,84.5,66.7,0,0,42,0,42.9,79.8,14.3,6,5,2,2,1,0,0.0,198,6.4
10,Spencer Sanders,77660,QB,OKLA STATE,1,78.6,28,31,6.8,2.93,0,1,3.2,67.7,21,0,8,4.5,36,1,10,262,71.7,83.3,83.3,65.4,0,1,36,0,12.5,91.1,2.8,1,4,0,3,2,0,0.0,182,5.9
10,Drew Plitt,39879,QB,BALL ST,1,64.3,28,31,8.8,2.45,0,2,6.1,58.1,18,0,8,0.0,36,0,14,117,70.2,80.1,75.1,73.0,0,0,38,0,12.5,107.6,2.8,1,4,0,3,3,1,2.6,185,6.0
10,Austin Aune,83528,QB,N TEXAS,1,57.1,28,31,14.5,2.76,0,2,5.9,51.6,16,0,8,0.0,34,0,10,251,69.3,60.0,58.4,59.9,1,1,37,0,12.5,60.7,2.9,1,2,1,1,0,0,0.0,216,7.0
10,Adrian Martinez,83522,QB,NEBRASKA,1,64.3,28,31,9.2,3.17,1,1,3.1,51.6,16,0,18,11.1,40,2,9,238,42.0,71.5,61.8,74.9,0,1,41,0,27.8,75.7,12.5,5,4,0,2,1,1,2.4,248,8.0
10,Tyler Vitt,83566,QB,TEXAS ST,1,58.1,31,31,13.8,2.61,0,1,3.1,51.6,16,0,11,11.1,32,2,9,314,71.2,59.2,59.8,56.8,0,0,33,0,0.0,91.1,0.0,0,1,0,0,1,0,0.0,262,8.5
10,Payton Thorne,101629,QB,MICH STATE,1,69.0,29,30,10.3,3.13,1,1,3.1,66.7,20,0,10,0.0,35,0,13,223,70.6,70.7,67.4,67.3,0,1,37,0,30.0,104.3,8.6,3,2,0,0,2,1,2.7,276,9.2
10,Layne Hatcher,82068,QB,ARK STATE,1,66.7,27,30,11.3,2.42,1,0,0.0,56.7,17,0,10,5.6,34,1,7,113,29.4,48.5,47.9,,0,3,36,0,40.0,51.0,11.8,4,0,0,2,2,3,8.3,137,4.6
10,Emory Jones,82111,QB,FLORIDA,1,65.5,29,30,13.0,3.07,0,2,6.7,56.7,17,0,10,10.5,35,2,11,163,35.9,68.9,73.3,54.3,1,1,35,0,20.0,93.5,5.7,2,3,0,0,2,1,2.9,258,8.6
10,DJ Uiagalelei,122162,QB,CLEMSON,1,69.2,26,30,12.4,2.73,0,2,6.7,60.0,18,0,12,0.0,33,0,11,140,71.2,82.3,77.8,73.3,0,0,33,0,25.0,104.9,9.1,3,0,0,4,2,1,3.0,220,7.3
10,Gavin Hardison,100827,QB,UTEP,1,56.0,25,30,10.9,2.94,0,0,0.0,43.3,13,0,11,7.1,34,1,11,330,31.4,55.6,53.9,60.9,1,0,36,0,9.1,105.8,2.9,1,2,0,4,3,1,2.8,247,8.2
10,Dustin Crum,60418,QB,KENT STATE,1,73.3,30,30,12.5,2.55,0,6,18.8,66.7,20,0,2,9.1,31,2,13,201,70.8,94.4,93.6,79.5,0,0,33,1,0.0,124.9,0.0,0,1,0,0,2,0,0.0,324,10.8
10,Zach Calzada,98006,QB,TEXAS A&M,1,74.1,27,29,9.4,2.6,1,2,6.5,51.7,15,0,7,25.0,29,5,8,312,69.8,84.7,84.1,62.6,0,0,31,0,0.0,72.8,0.0,0,0,0,1,0,1,3.2,192,6.6
10,Jack Coan,60613,QB,NOTRE DAME,1,88.9,27,29,6.4,3.02,1,4,13.3,79.3,23,0,7,4.2,32,1,9,258,68.5,90.5,90.9,57.0,0,0,33,0,28.6,116.8,6.3,2,1,0,1,1,0,0.0,269,9.3
10,Chris Reynolds,60361,QB,CHARLOTTE,1,84.0,25,29,9.1,2.71,0,0,0.0,69.0,20,0,11,4.8,34,1,14,136,35.1,52.2,57.1,43.9,1,0,40,0,36.4,136.0,11.8,4,0,0,3,3,1,2.5,292,10.1
10,Ryan Glover,109047,QB,CAL,1,55.6,27,29,12.9,2.71,1,2,6.7,37.9,11,0,14,26.7,33,4,3,130,69.5,62.8,60.0,65.5,0,0,34,0,28.6,47.2,12.1,4,0,0,1,0,0,0.0,94,3.2
10,Michael Pratt,123229,QB,TULANE,1,72.0,25,29,5.5,2.91,1,0,0.0,58.6,17,0,13,5.6,34,1,8,319,70.5,59.7,57.3,66.9,1,0,35,2,30.8,72.1,11.8,4,1,0,2,0,0,0.0,147,5.1
10,Tanner Morgan,55239,QB,MINNESOTA,1,64.0,25,28,11.4,3.61,0,0,0.0,53.6,15,0,18,6.3,36,1,8,225,33.8,54.3,53.0,59.8,0,2,40,0,33.3,43.8,16.7,6,2,1,2,0,2,5.0,180,6.4
10,Tanner Mordecai,77656,QB,SMU,1,73.1,26,28,10.1,3.24,1,2,6.9,67.9,19,0,11,0.0,37,0,10,287,27.9,67.9,66.5,62.6,0,1,38,0,54.5,106.5,16.2,6,3,0,1,2,2,5.3,262,9.4
10,Will Plummer,131592,QB,ARIZONA,1,68.0,25,28,8.0,3.18,0,0,0.0,57.1,16,0,15,5.9,38,1,11,109,70.7,67.5,66.8,65.1,0,2,39,1,13.3,39.1,5.3,2,8,0,3,0,1,2.6,129,4.6
10,Kedon Slovis,100580,QB,USC,1,72.0,25,28,9.4,2.44,2,0,0.0,57.1,16,0,5,11.1,28,2,7,326,69.7,66.5,63.9,65.4,1,1,28,0,0.0,54.3,0.0,0,0,0,0,0,1,3.6,131,4.7
10,Alex Padilla,86285,QB,IOWA,1,80.0,25,28,6.3,2.51,0,3,10.3,64.3,18,0,8,10.0,30,2,10,192,69.8,80.6,80.1,60.8,1,0,31,0,25.0,81.3,6.7,2,0,0,2,0,0,0.0,172,6.1
10,Tyler Lytle,60364,QB,UMASS,1,69.2,26,28,12.9,2.76,0,2,6.3,53.6,15,0,16,16.7,33,3,11,216,69.7,66.4,62.5,69.4,0,1,37,0,31.3,77.5,15.2,5,0,0,2,1,2,5.4,227,8.1
10,Dylan Morris,100570,QB,WASHINGTON,1,75.0,24,27,5.0,2.34,1,0,0.0,55.6,15,0,8,16.7,29,3,4,340,68.8,52.2,54.7,56.9,0,1,30,1,12.5,50.1,3.4,1,1,0,2,0,1,3.3,111,4.1
10,Matt Corral,83517,QB,OLE MISS,1,84.6,26,27,10.5,2.52,1,1,3.4,74.1,20,0,5,9.1,33,2,14,226,68.6,76.7,82.5,49.0,0,0,35,1,40.0,126.2,6.1,2,4,0,0,1,0,0.0,324,12.0
10,Hank Bachmeier,101284,QB,BOISE ST,1,65.4,26,27,10.5,2.63,0,2,6.9,55.6,15,0,9,11.8,30,2,11,120,70.8,58.5,59.4,55.7,0,0,32,0,11.1,104.4,3.3,1,2,0,1,1,1,3.1,283,10.5
10,Davis Brin,77642,QB,TULSA,1,76.9,26,27,8.9,2.74,0,0,0.0,66.7,18,0,10,10.0,32,2,7,320,30.4,57.7,59.0,52.4,0,0,35,1,30.0,94.1,9.4,3,2,0,1,1,3,8.6,156,5.8
10,Chase Brice,60363,QB,APP STATE,1,65.2,23,26,11.9,2.32,2,0,0.0,57.7,15,0,2,0.0,29,0,9,108,30.4,54.6,56.1,54.2,0,1,31,0,100.0,73.1,6.9,2,1,0,1,1,1,3.2,163,6.3
10,Sam Howell,97599,QB,N CAROLINA,1,66.7,24,26,14.0,3.58,0,2,6.3,61.5,16,0,11,0.0,37,0,13,245,73.7,73.1,73.2,63.4,0,0,43,0,27.3,100.8,8.1,3,7,0,2,1,1,2.3,216,8.3
10,Clayton Tune,77652,QB,HOUSTON,1,88.5,26,26,10.4,2.98,0,2,7.1,80.8,21,0,8,8.7,30,2,19,182,69.3,94.2,94.3,62.5,0,0,32,1,25.0,157.2,6.7,2,2,0,0,3,0,0.0,385,14.8
10,Mikey Keene,70961,QB,UCF,1,83.3,24,25,5.5,2.47,1,1,4.0,76.0,19,0,4,5.0,30,1,8,323,69.2,77.1,82.0,53.2,0,0,30,0,75.0,130.3,10.0,3,2,0,0,2,0,0.0,229,9.2
10,Skylar Thompson,60417,QB,KANSAS ST,1,83.3,24,25,9.7,3.37,0,1,4.0,76.0,19,0,5,5.0,26,1,8,199,67.8,75.4,79.3,57.3,0,0,26,1,0.0,119.4,0.0,0,1,0,1,1,0,0.0,244,9.8
10,Donaven McCulley,144829,QB,INDIANA,1,55.0,20,25,5.0,2.77,0,0,0.0,44.0,11,0,12,0.0,29,0,5,190,23.4,52.8,51.1,58.6,1,0,29,0,16.7,53.6,6.9,2,2,0,4,0,1,3.4,89,3.6
10,Jake Lange,121467,QB,SO MISS,1,70.8,24,25,6.5,2.05,0,1,3.8,68.0,17,0,9,0.0,28,0,5,296,27.7,48.9,50.5,,1,0,29,1,33.3,91.4,10.7,3,0,0,0,1,1,3.4,116,4.6
10,Brendon Lewis,131687,QB,COLORADO,1,83.3,18,24,7.2,3.19,2,1,3.7,62.5,15,0,7,0.0,25,0,9,143,70.1,73.9,74.0,61.6,1,0,28,1,0.0,123.3,0.0,0,1,0,3,3,0,0.0,170,7.1
10,Jason Brown,109060,QB,S CAROLINA,1,78.9,19,24,11.6,3.12,2,2,8.3,58.3,14,0,9,6.7,26,1,7,289,68.3,77.9,75.7,63.2,0,0,26,0,11.1,108.9,3.8,1,0,0,3,2,0,0.0,175,7.3
10,Holton Ahlers,77651,QB,E CAROLINA,1,75.0,24,24,12.8,2.64,0,3,12.0,66.7,16,0,6,11.1,25,2,10,156,70.0,87.9,81.9,72.6,0,1,26,0,0.0,114.1,0.0,0,1,0,0,3,2,7.7,197,8.2
10,Hudson Card,123109,QB,TEXAS,1,68.2,22,24,8.0,3.73,1,0,0.0,58.3,14,0,14,6.7,27,1,5,311,28.9,47.8,48.5,59.0,0,0,27,1,21.4,81.8,11.1,3,0,0,1,1,2,7.4,99,4.1
10,KJ Jefferson,99129,QB,ARKANSAS,1,95.2,21,23,5.3,2.84,1,1,3.6,82.6,19,0,9,5.0,29,1,11,111,71.3,61.3,63.4,58.2,0,0,34,0,33.3,115.8,10.3,3,3,0,1,1,1,2.9,191,8.3
10,Gunnar Holmberg,77625,QB,DUKE,1,73.9,23,23,8.5,2.42,0,1,4.2,69.6,16,0,8,5.9,28,1,9,154,69.7,56.4,57.2,56.3,0,0,29,0,50.0,106.1,14.3,4,1,0,0,1,0,0.0,174,7.6
10,Desmond Ridder,55086,QB,CINCINNATI,1,78.3,23,23,15.5,2.74,0,3,13.0,65.2,15,0,7,16.7,27,3,13,138,37.1,91.7,93.0,63.7,0,1,27,0,28.6,116.6,7.4,2,2,0,0,2,0,0.0,272,11.8
10,Haaziq Daniels,125263,QB,AIR FORCE,1,65.0,20,22,12.2,3.26,0,3,13.6,59.1,13,0,10,0.0,25,0,11,101,50.5,82.2,90.3,59.6,1,0,25,0,10.0,109.3,4.0,1,2,0,1,1,0,0.0,226,10.3
10,Jarret Doege,60353,QB,W VIRGINIA,1,75.0,20,22,4.7,2.86,0,0,0.0,68.2,15,0,18,0.0,33,0,5,343,68.6,43.0,48.4,46.0,0,1,35,0,38.9,60.6,21.2,7,4,0,2,0,0,0.0,109,5.0
10,Justin Lynch,144392,QB,TEMPLE,1,57.9,19,22,7.3,2.5,0,0,0.0,36.4,8,0,5,27.3,24,3,3,306,70.4,59.0,54.4,64.6,0,0,24,0,0.0,44.9,0.0,0,2,0,3,0,0,0.0,50,2.3
10,Cameron Rising,77663,QB,UTAH,1,83.3,18,22,9.0,2.87,3,0,0.0,59.1,13,0,7,13.3,23,2,7,328,68.1,71.1,75.0,52.9,1,0,23,0,0.0,77.8,0.0,0,1,0,0,0,0,0.0,140,6.4
10,Malik Cunningham,60436,QB,LOUISVILLE,1,68.4,19,21,10.5,3.75,1,1,4.8,57.1,12,0,12,7.7,33,1,8,210,39.4,71.3,65.1,68.2,0,0,33,1,25.0,84.2,9.1,3,9,0,1,0,0,0.0,174,8.3
10,Gerry Bohanon,77636,QB,BAYLOR,1,73.7,19,20,15.1,3.4,0,2,9.1,70.0,14,0,8,0.0,23,0,9,118,69.5,68.8,68.4,60.7,0,2,25,0,12.5,105.0,4.3,1,2,0,1,3,1,4.0,214,10.7
10,Jayden Daniels,97993,QB,ARIZONA ST,1,65.0,20,20,11.0,2.67,0,0,0.0,55.0,11,0,6,15.4,24,2,6,110,70.5,51.5,45.7,64.4,0,2,25,0,0.0,38.5,0.0,0,3,0,0,0,2,8.0,145,7.3
10,Anthony Brown,40316,QB,OREGON,1,64.7,17,20,6.5,2.75,0,1,5.0,50.0,10,0,7,9.1,21,1,3,264,72.9,55.7,46.0,64.4,0,1,21,0,0.0,60.0,0.0,0,1,0,3,1,1,4.8,98,4.9
10,Hendon Hooker,60593,QB,TENNESSEE,1,78.9,19,20,10.6,2.56,0,2,9.5,75.0,15,0,9,0.0,29,0,13,307,29.7,86.0,79.8,74.7,0,0,30,0,66.7,156.3,20.7,6,3,0,1,4,1,3.3,316,15.8
10,Bryce Carpenter,82101,QB,COAST CAR,1,70.0,20,20,5.3,2.43,0,0,0.0,65.0,13,0,10,7.1,24,1,6,141,35.2,60.5,52.5,68.1,0,0,24,1,10.0,90.6,4.2,1,3,0,0,1,1,4.2,85,4.3
10,Dylan Hopkins,83571,QB,UAB,1,63.2,19,19,8.8,2.68,0,0,0.0,63.2,12,0,10,0.0,25,0,7,321,69.5,48.6,37.7,72.5,0,1,25,0,40.0,72.7,16.0,4,2,0,0,0,2,8.0,182,9.6
10,Jalon Daniels,122555,QB,KANSAS,1,72.2,18,19,7.7,2.39,1,1,5.3,68.4,13,0,6,0.0,21,0,6,198,24.3,63.1,59.5,64.0,0,0,21,0,16.7,99.7,4.8,1,1,0,0,1,1,4.8,105,5.5
10,Devin Grainger,78496,QB,GA STATE,1,56.3,16,19,9.4,2.74,2,0,0.0,42.1,8,0,11,11.1,25,1,6,175,70.5,54.6,45.0,66.6,0,0,25,0,27.3,76.2,12.0,3,3,0,1,1,0,0.0,98,5.2
10,Brady Cook,124199,QB,MISSOURI,1,82.4,17,19,5.4,2.76,1,1,5.3,73.7,14,0,6,0.0,25,0,5,229,28.5,60.5,65.9,53.9,0,0,25,0,33.3,80.6,8.0,2,4,0,1,0,0,0.0,78,4.1
10,Stetson Bennett,60387,QB,GEORGIA,1,83.3,18,19,15.3,3.07,0,2,10.5,68.4,13,0,4,13.3,20,2,12,173,67.8,78.6,82.7,53.1,0,0,20,0,0.0,146.3,0.0,0,1,0,1,2,1,5.0,255,13.4
10,Daniel Richardson,97103,QB,C MICHIGAN,1,76.5,17,18,13.6,2.86,0,4,21.1,55.6,10,0,10,23.1,21,3,6,134,68.7,88.4,90.6,55.3,0,0,22,0,20.0,119.0,9.5,2,1,0,1,1,0,0.0,230,12.8
10,Cade McNamara,101620,QB,MICHIGAN,1,68.8,16,18,10.7,3.23,0,1,5.6,55.6,10,0,7,9.1,20,1,8,222,67.9,64.9,61.3,70.8,0,0,21,1,14.3,124.3,5.0,1,1,0,2,2,1,4.8,168,9.3
10,Jack West,83558,QB,STANFORD,1,70.6,17,18,6.5,3.16,1,0,0.0,66.7,12,0,13,0.0,24,0,5,300,67.6,54.4,57.6,57.8,0,1,25,1,38.5,48.1,20.8,5,1,0,0,0,1,4.0,59,3.3
10,Jaxson Dart,146409,QB,USC,1,58.8,17,17,9.2,2.79,0,0,0.0,47.1,8,0,1,20.0,18,2,4,326,69.4,47.4,43.9,62.6,0,1,24,0,0.0,38.6,0.0,0,1,0,0,0,2,8.3,89,5.2
10,Levi Williams,98365,QB,WYOMING,1,71.4,14,16,6.8,2.98,1,0,0.0,56.3,9,0,6,10.0,21,1,6,351,72.1,70.1,61.6,69.2,0,0,21,0,50.0,112.5,14.3,3,2,0,1,2,0,0.0,92,5.8
10,Lucas Johnson,40551,QB,S DIEGO ST,1,81.3,16,16,3.3,2.46,0,0,0.0,75.0,12,0,6,7.7,19,1,8,284,29.7,66.5,61.7,68.0,0,0,23,1,33.3,90.4,10.5,2,1,0,0,0,1,4.3,99,6.2
10,Noah Vedral,55406,QB,RUTGERS,1,66.7,15,16,9.2,2.66,0,1,6.3,50.0,8,0,5,20.0,18,2,3,278,69.0,44.4,39.2,63.7,0,2,18,0,40.0,25.3,11.1,2,0,0,1,0,2,11.1,81,5.1
10,Graham Mertz,97994,QB,WISCONSIN,1,73.3,15,16,12.5,2.56,0,1,5.6,68.8,11,0,4,0.0,16,0,10,349,66.8,77.1,76.3,,0,1,18,0,0.0,125.0,0.0,0,0,0,1,3,1,5.6,240,15.0
10,Knox Kadum,99578,QB,VA TECH,1,57.1,14,16,9.4,2.6,1,0,0.0,43.8,7,0,3,12.5,17,1,4,337,69.0,40.7,37.3,59.2,0,0,18,0,33.3,57.6,5.9,1,0,0,1,0,1,5.6,73,4.6
10,CJ Montes,146114,QB,NEW MEXICO,1,61.5,13,13,5.8,3.06,0,0,0.0,53.8,7,0,10,12.5,22,1,2,241,29.1,40.8,42.5,51.0,0,0,22,0,70.0,59.5,31.8,7,2,0,0,0,0,0.0,28,2.2
10,Riley Leonard,143862,QB,DUKE,1,50.0,12,13,12.1,2.59,1,1,5.9,46.2,6,0,10,0.0,18,0,5,154,71.7,58.9,38.3,79.0,0,1,22,0,20.0,54.3,11.1,2,2,0,0,1,1,4.5,63,4.8
10,Tyler Macon,146873,QB,MISSOURI,1,69.2,13,13,7.2,2.67,0,1,7.1,46.2,6,0,5,33.3,15,3,3,229,72.1,63.0,65.7,58.2,0,0,16,0,20.0,64.3,6.7,1,1,0,0,0,0,0.0,74,5.7
10,D'Wan Mathis,99130,QB,TEMPLE,1,53.8,13,13,10.6,2.85,0,0,0.0,53.8,7,0,9,0.0,19,0,4,306,69.1,34.8,37.0,49.7,0,0,20,0,22.2,59.5,10.5,2,4,0,0,0,1,5.0,37,2.8
10,Phil Jurkovec,83533,QB,BOSTON COL,1,61.5,13,13,18.3,3.82,0,2,15.4,53.8,7,0,5,12.5,16,1,6,121,71.6,78.5,62.4,78.6,0,1,16,1,0.0,50.8,0.0,0,3,0,0,0,1,6.3,112,8.6
10,Gunnar Watson,83570,QB,TROY,1,84.6,13,13,5.5,2.17,0,0,0.0,84.6,11,0,0,0.0,13,0,6,318,68.7,60.9,61.9,57.7,0,0,14,0,,106.1,0.0,0,0,0,0,0,0,0.0,123,9.5
10,Justin Tomlin,78482,QB,GA SOUTHRN,1,69.2,13,13,9.8,2.16,0,1,7.7,46.2,6,0,4,33.3,14,3,5,174,11.9,41.2,60.1,38.9,0,1,14,0,25.0,35.1,7.1,1,0,0,0,0,1,7.1,83,6.4
10,Christian Anderson,60339,QB,ARMY,1,77.8,9,12,13.7,2.46,0,0,0.0,58.3,7,0,3,0.0,12,0,3,114,28.5,53.4,67.8,45.8,1,0,12,0,0.0,130.6,0.0,0,0,0,2,1,1,8.3,175,14.6
10,Taylor Powell,60459,QB,TROY,1,66.7,9,11,13.0,2.11,0,1,9.1,54.5,6,0,3,0.0,11,0,3,318,69.3,69.5,68.6,61.3,2,1,12,0,0.0,40.0,0.0,0,0,0,0,0,0,0.0,80,7.3
10,JT Daniels,83578,QB,GEORGIA,1,87.5,8,11,3.5,2.01,1,0,0.0,63.6,7,0,1,0.0,11,0,5,173,66.7,62.9,62.1,60.0,1,1,11,0,0.0,78.6,0.0,0,0,0,1,1,0,0.0,82,7.5
10,Cam'Ron Ransom,147110,QB,GA SOUTHRN,1,66.7,9,10,8.8,3.13,0,0,0.0,50.0,5,0,9,16.7,14,1,4,174,21.8,64.4,66.6,57.3,0,0,16,0,33.3,103.7,21.4,3,1,0,1,1,1,6.3,64,6.4
10,J.J. McCarthy,144918,QB,MICHIGAN,1,62.5,8,10,9.3,3.06,0,0,0.0,50.0,5,0,4,0.0,12,0,2,222,66.8,61.3,60.2,60.0,2,1,12,0,50.0,27.1,16.7,2,0,0,0,0,0,0.0,55,5.5
10,Brandon Peters,40416,QB,ILLINOIS,1,100.0,8,9,6.8,2.95,0,0,0.0,77.8,7,0,1,12.5,11,1,5,187,25.6,76.9,82.6,61.1,0,0,11,0,100.0,140.7,9.1,1,1,0,1,1,0,0.0,80,8.9
10,Nick Nash,98679,QB,S JOSE ST,1,55.6,9,9,11.1,3.04,0,0,0.0,44.4,4,0,2,20.0,9,1,1,285,23.8,55.2,53.8,58.9,0,1,9,0,0.0,14.8,0.0,0,0,0,0,0,0,0.0,33,3.7
10,Jason Bean,83529,QB,KANSAS,1,62.5,8,9,8.5,2.32,1,1,10.0,55.6,5,0,2,0.0,10,0,2,198,67.6,64.4,62.7,61.6,0,0,11,0,0.0,78.0,0.0,0,1,0,0,0,0,0.0,64,7.1
10,Casey Thompson,77677,QB,TEXAS,1,50.0,6,6,6.5,2.78,0,0,0.0,33.3,2,0,1,33.3,8,1,0,311,64.9,33.3,34.6,57.0,0,0,8,0,100.0,42.4,12.5,1,1,0,0,0,0,0.0,2,0.3
10,Evan Simon,129906,QB,RUTGERS,1,60.0,5,6,4.8,2.65,0,0,0.0,50.0,3,0,2,0.0,6,0,2,278,66.2,31.9,31.3,58.1,0,1,8,0,0.0,21.5,0.0,0,0,0,1,0,1,12.5,25,4.2
10,Mike DiLiello,121801,QB,MIDDLE TN,1,80.0,5,5,3.2,1.73,0,0,0.0,60.0,3,0,0,25.0,6,1,1,224,20.6,28.6,29.5,47.5,0,1,7,0,,30.0,0.0,0,1,0,0,0,1,14.3,21,4.2
10,Cole Snyder,97617,QB,RUTGERS,1,50.0,4,4,8.3,1.88,0,0,0.0,50.0,2,0,0,0.0,4,0,0,278,65.2,61.5,54.6,63.9,0,0,4,0,,56.3,0.0,0,0,0,0,0,0,0.0,6,1.5
10,Spencer Petras,82136,QB,IOWA,1,50.0,4,4,3.0,2.05,0,0,0.0,50.0,2,0,0,0.0,4,0,0,192,63.3,47.0,45.7,,0,0,4,0,,56.3,0.0,0,0,0,0,0,0,0.0,4,1.0
10,Will Howard,122599,QB,KANSAS ST,1,66.7,3,3,6.7,2.6,0,0,0.0,66.7,2,0,1,0.0,3,0,1,199,65.5,77.4,64.3,71.5,0,0,5,0,0.0,82.6,0.0,0,0,0,0,0,0,0.0,18,6.0
10,Evan Conley,97783,QB,LOUISVILLE,1,0.0,1,3,-1.0,3.05,1,0,0.0,0.0,0,0,3,,4,0,0,210,63.3,29.5,29.3,,0,0,4,0,33.3,39.6,25.0,1,0,0,1,0,1,25.0,0,0.0
10,Jake Bentley,40788,QB,S ALABAMA,1,100.0,3,3,7.7,2.83,0,0,0.0,100.0,3,0,2,0.0,4,0,3,288,63.3,87.9,82.8,64.3,0,0,4,0,0.0,118.8,0.0,0,1,0,0,0,0,0.0,49,16.3
10,Chase Wolf,51692,QB,WISCONSIN,1,100.0,2,3,9.5,4.0,0,0,0.0,66.7,2,0,2,0.0,4,0,2,349,64.8,60.0,61.6,58.2,0,0,4,0,50.0,104.9,25.0,1,0,0,1,0,0,0.0,34,11.3
10,Isaiah Sanders,60319,QB,STANFORD,1,100.0,2,3,11.0,4.13,0,0,0.0,66.7,2,0,1,0.0,4,0,2,300,68.8,67.3,74.3,58.6,0,0,4,0,0.0,97.9,0.0,0,1,0,1,0,0,0.0,29,9.7
10,Isaiah Chavez,128257,QB,NEW MEXICO,1,100.0,3,3,-2.0,2.63,0,0,0.0,100.0,3,0,2,0.0,4,0,1,241,6.7,30.3,31.4,49.2,0,0,4,0,50.0,118.8,25.0,1,0,0,0,1,1,25.0,8,2.7
10,Garrett Greene,123420,QB,W VIRGINIA,1,100.0,1,2,-5.0,3.03,0,0,0.0,50.0,1,0,2,0.0,3,0,0,343,19.0,51.0,28.3,68.5,0,0,3,0,50.0,58.3,33.3,1,0,0,1,0,1,33.3,7,3.5
10,Xavier Arline,121831,QB,NAVY,1,50.0,2,2,15.5,4.58,0,0,0.0,50.0,1,0,1,0.0,4,0,1,237,22.0,44.0,67.8,41.9,0,0,5,1,0.0,81.3,0.0,0,2,0,0,0,0,0.0,18,9.0
10,Luca Diamont,122370,QB,DUKE,1,100.0,2,2,5.5,1.7,0,0,0.0,50.0,1,0,1,50.0,2,1,0,154,64.4,80.9,61.7,69.2,0,0,2,0,0.0,56.3,0.0,0,0,0,0,0,0,0.0,4,2.0
10,Mason Garcia,123811,QB,E CAROLINA,1,50.0,2,2,8.0,2.25,0,0,0.0,50.0,1,0,0,0.0,2,0,0,156,67.6,43.3,27.2,73.5,0,1,2,1,,18.8,0.0,0,0,0,0,0,1,50.0,7,3.5
10,Grayson James,145214,QB,FIU,1,50.0,2,2,12.0,2.2,0,0,0.0,50.0,1,0,1,0.0,2,0,1,166,61.8,49.5,48.9,,0,0,2,0,0.0,110.4,0.0,0,0,0,0,1,0,0.0,13,6.5
10,Ari Patu,146360,QB,STANFORD,1,50.0,2,2,13.5,2.1,0,0,0.0,50.0,1,0,0,0.0,2,0,0,300,61.8,59.8,59.3,,0,0,2,0,,56.3,0.0,0,0,0,0,0,0,0.0,-3,-1.5
10,Taye Barber,78107,WR,TCU,1,100.0,1,1,-3.0,3.0,0,0,0.0,100.0,1,1,0,0.0,1,0,0,305,66.9,72.2,60.4,,0,0,1,1,,95.8,0.0,0,0,0,0,0,0,0.0,7,7.0
10,Luke Ashworth,82073,QB,ARIZONA,1,0.0,1,1,-1.0,2.5,0,0,0.0,0.0,0,0,1,,1,0,0,109,60.3,54.8,55.3,,0,1,1,0,0.0,0.0,0.0,0,0,0,0,0,0,0.0,0,0.0
10,Miles Kendrick,77673,QB,KANSAS,1,100.0,1,1,16.0,3.6,0,0,0.0,100.0,1,0,1,0.0,1,0,1,198,60.3,73.9,73.1,,0,0,1,0,0.0,118.8,0.0,0,0,0,0,0,0,0.0,17,17.0
10,De'Vion Warren,61141,WR,ARKANSAS,1,0.0,1,1,35.0,3.0,0,0,0.0,0.0,0,0,0,,1,0,0,111,60.3,49.0,49.9,,0,0,1,0,,39.6,0.0,0,0,0,0,0,0,0.0,0,0.0
10,Malik Williams,61121,WR,APP STATE,1,100.0,1,1,30.0,2.7,0,0,0.0,100.0,1,0,0,0.0,1,0,1,108,65.9,79.0,75.7,,0,0,1,0,,158.3,0.0,0,0,0,0,1,0,0.0,34,34.0
10,Tyhier Tyler,82083,QB,ARMY,1,100.0,1,1,23.0,3.4,0,0,0.0,100.0,1,0,0,0.0,1,0,1,114,74.7,62.5,76.2,57.5,0,0,1,0,,118.8,0.0,0,0,0,0,0,0,0.0,39,39.0
10,Reece Udinski,60592,QB,MARYLAND,1,,0,1,,3.0,0,0,0.0,0.0,0,0,0,,1,0,0,215,60.3,59.7,60.0,,0,0,1,0,,39.6,0.0,0,0,0,1,0,0,0.0,0,0.0
10,Joey Gatewood,82088,QB,UCF,1,,0,1,,2.8,0,0,0.0,0.0,0,0,1,,1,0,0,323,63.7,56.2,60.0,59.6,0,0,1,0,0.0,39.6,0.0,0,0,0,1,0,0,0.0,0,0.0
10,Braxton Burmeister,60513,QB,VA TECH,1,0.0,1,1,26.0,3.0,0,0,0.0,0.0,0,0,0,,2,0,0,337,66.2,59.0,51.9,59.5,0,0,2,0,,39.6,0.0,0,1,0,0,0,0,0.0,0,0.0
10,Xavier Hutchinson,122518,WR,IOWA STATE,1,100.0,1,1,28.0,3.5,0,0,0.0,100.0,1,0,0,0.0,1,0,1,193,18.5,74.1,76.2,,0,0,1,0,,158.3,0.0,0,0,0,0,1,0,0.0,49,49.0
10,Caleb Griffin,82589,WR,ILLINOIS,1,0.0,1,1,16.0,3.7,0,0,0.0,0.0,0,0,0,,1,0,0,187,60.3,54.4,55.3,,0,0,1,0,,39.6,0.0,0,0,0,0,0,0,0.0,0,0.0
10,Avery Atkins,82599,P,LSU,1,100.0,1,1,8.0,2.5,0,0,0.0,100.0,1,0,1,0.0,1,0,1,211,60.3,68.0,71.5,,0,0,1,0,0.0,118.8,0.0,0,0,0,0,0,0,0.0,26,26.0
10,Tai Lavatai,121854,QB,NAVY,1,100.0,1,1,8.0,2.55,0,0,0.0,0.0,0,0,3,100.0,4,1,0,237,21.0,32.8,55.7,39.9,0,0,4,0,66.7,39.6,50.0,2,1,0,0,0,0,0.0,0,0.0
10,Darius Bracy,55048,HB,C MICHIGAN,1,100.0,1,1,11.0,2.2,0,0,0.0,100.0,1,0,1,0.0,1,0,1,134,60.3,56.5,56.6,,0,0,1,0,0.0,152.1,0.0,0,0,0,0,1,0,0.0,11,11.0
10,Dane Kinamon,104192,HB,AIR FORCE,1,0.0,1,1,5.0,2.9,0,0,0.0,0.0,0,0,0,,1,0,0,101,70.3,66.6,60.4,60.0,0,1,1,0,,0.0,0.0,0,0,0,0,0,0,0.0,0,0.0
10,Malachi Holt-Bennett,144832,WR,INDIANA,1,0.0,1,1,7.0,3.0,0,0,0.0,0.0,0,0,0,,1,0,0,190,60.3,56.1,60.4,,0,0,1,0,,39.6,0.0,0,0,0,0,0,0,0.0,0,0.0
10,Cole Kramer,101627,QB,MINNESOTA,1,100.0,1,1,13.0,3.1,0,0,0.0,100.0,1,0,1,0.0,1,0,1,225,68.7,73.5,72.6,63.2,0,0,1,0,0.0,118.8,0.0,0,0,0,0,0,0,0.0,20,20.0
10,Tyler Buchner,147472,QB,NOTRE DAME,1,100.0,1,1,7.0,2.0,0,0,0.0,100.0,1,0,0,0.0,1,0,1,258,66.2,77.3,66.1,69.3,0,0,2,0,,112.5,0.0,0,0,0,0,0,0,0.0,11,11.0
10,Khalil Shakir,84140,WR,BOISE ST,1,0.0,1,1,26.0,3.5,0,0,0.0,0.0,0,0,1,,1,0,0,120,69.7,72.2,37.5,63.2,0,1,1,0,0.0,0.0,0.0,0,0,0,0,0,1,100.0,0,0.0
10,DJ Irons,145585,QB,AKRON,1,,0,1,,3.3,0,0,0.0,0.0,0,0,1,,1,0,0,102,60.3,58.5,60.0,,0,0,1,0,0.0,39.6,0.0,0,0,0,1,0,0,0.0,0,0.0
10,Samson Evans,84228,HB,E MICHIGAN,1,100.0,1,1,-3.0,0.8,0,0,0.0,100.0,1,0,0,0.0,1,0,1,160,71.0,72.0,61.0,67.6,0,0,1,0,,131.3,0.0,0,0,0,0,1,0,0.0,6,6.0
10,Rodrigues Clark,101068,HB,MEMPHIS,1,100.0,1,1,23.0,2.0,0,1,100.0,100.0,1,0,0,0.0,1,0,1,218,73.1,61.4,89.8,53.4,0,0,1,0,,158.3,0.0,0,0,0,0,1,0,0.0,40,40.0
10,Taisun Phommachanh,99577,QB,CLEMSON,1,0.0,1,1,6.0,1.4,0,0,0.0,0.0,0,0,0,,1,0,0,140,68.8,59.9,42.8,68.9,0,0,3,0,,39.6,0.0,0,0,0,0,0,0,0.0,0,0.0
10,Armani Rogers,40034,QB,OHIO,1,0.0,1,1,7.0,2.9,0,0,0.0,0.0,0,0,0,,1,0,0,259,65.9,45.6,46.1,58.6,0,0,1,0,,39.6,0.0,0,0,0,0,0,0,0.0,0,0.0
10,Chauncey Magwood,146734,WR,KENTUCKY,1,100.0,1,1,-3.0,3.5,0,0,0.0,100.0,1,0,0,0.0,1,0,1,202,62.4,71.4,60.4,,0,0,1,0,,118.8,0.0,0,0,0,0,0,0,0.0,15,15.0
10,Jamarye Joiner,82071,WR,ARIZONA,1,0.0,1,1,48.0,4.45,0,0,0.0,0.0,0,0,1,,2,0,0,109,64.4,34.8,34.5,57.6,0,0,2,0,100.0,39.6,50.0,1,0,0,0,0,1,50.0,0,0.0
10,Treylon Burks,99218,WR,ARKANSAS,1,0.0,1,1,41.0,3.7,0,0,0.0,0.0,0,0,0,,1,0,0,111,69.4,72.8,49.9,70.4,0,0,1,1,,39.6,0.0,0,0,0,0,0,0,0.0,0,0.0
10,Isaiah Washington,98102,WR,RUTGERS,1,,0,1,,3.1,0,0,0.0,0.0,0,0,1,,1,0,0,278,62.4,66.6,60.0,,1,0,1,0,0.0,39.6,0.0,0,0,0,0,0,0,0.0,0,0.0
10,Ren Hefley,101621,QB,PRESBYTERN,1,72.7,66,68,8.1,2.43,0,4,5.3,63.2,43,0,27,10.4,83,5,25,271,72.1,66.5,62.1,73.8,0,3,91,0,37.0,105.1,12.0,10,5,0,2,7,3,3.3,561,8.3
10,Cole Kelley,39945,QB,SE LA,1,84.4,64,68,9.6,2.5,1,1,1.4,73.5,50,0,21,7.4,77,4,36,294,73.9,88.3,86.7,69.2,1,0,80,0,14.3,117.7,3.9,3,6,1,1,3,0,0.0,647,9.5
10,Cam Ward,133244,QB,INCAR WORD,1,81.3,48,52,11.8,2.75,1,4,7.4,65.4,34,0,18,12.8,55,5,21,189,40.3,78.5,76.7,64.2,2,1,57,0,11.1,137.0,3.6,2,1,0,1,7,3,5.3,610,11.7
10,Connor Sampson,33374,QB,W ILLINOIS,1,68.8,48,51,8.8,3.47,1,2,3.8,56.9,29,0,17,12.1,61,4,18,345,70.7,59.3,62.9,47.7,0,2,62,0,29.4,75.8,8.2,5,5,0,2,2,4,6.5,362,7.1
10,Parker McKinney,82109,QB,E KENTUCKY,1,71.7,46,50,7.2,2.48,2,1,1.9,60.0,30,0,24,9.1,60,3,16,159,44.6,56.7,52.1,68.4,0,2,62,1,0.0,64.8,0.0,0,9,0,2,1,2,3.2,273,5.5
10,Zach Weir,138031,QB,E ILLINOIS,1,60.0,45,49,10.7,2.78,0,3,5.9,53.1,26,0,14,3.7,56,1,14,158,70.2,50.3,53.3,55.7,0,4,59,2,28.6,44.3,7.1,4,3,0,4,1,4,6.8,296,6.0
10,Kobe Tracy,141317,QB,DIXIE,1,68.1,47,48,7.3,2.36,0,1,2.0,58.3,28,0,12,12.5,49,4,13,1285,25.8,53.4,64.6,37.0,0,2,50,1,0.0,61.1,0.0,0,1,0,1,1,1,2.0,240,5.0
10,Aidan Sayin,148974,QB,PENN,1,71.1,38,45,8.1,2.44,4,0,0.0,57.8,26,0,11,3.7,49,1,15,267,23.7,55.9,51.4,69.2,3,1,50,0,18.2,63.1,4.1,2,1,0,0,0,4,8.0,239,5.3
10,Seth Morgan,103954,QB,VA MILT IN,1,76.2,42,44,7.1,2.52,0,2,4.3,68.2,30,0,14,6.3,49,2,12,336,71.2,54.8,53.0,61.5,0,2,52,0,21.4,63.4,6.1,3,2,0,2,0,2,3.8,248,5.6
10,Mark Pappas,109046,QB,MOREHEAD,1,61.0,41,44,8.1,2.45,1,1,2.3,50.0,22,0,22,12.0,45,3,12,234,69.8,56.2,57.3,54.3,0,2,45,0,0.0,47.8,0.0,0,1,1,1,0,1,2.2,243,5.5
10,Orion Olivas,155517,QB,HOU BAPT,1,84.2,38,42,7.5,2.95,0,0,0.0,69.0,29,0,20,9.4,47,3,17,183,69.9,67.6,67.9,56.9,0,1,47,0,20.0,78.1,8.5,4,1,1,3,0,1,2.1,286,6.8
10,Davis Alexander,52162,QB,PORTLAND,1,74.4,39,42,8.6,2.91,2,4,9.1,69.0,29,0,21,0.0,47,0,16,269,71.7,82.7,80.5,75.5,1,0,49,2,14.3,96.8,6.4,3,2,0,0,1,0,0.0,295,7.0
10,Shedeur Sanders,131396,QB,JACKSON ST,1,75.7,37,41,10.0,2.66,0,1,2.4,61.0,25,0,11,10.7,43,3,16,194,36.7,73.3,76.3,48.0,2,0,45,0,9.1,108.3,2.3,1,1,0,2,3,0,0.0,305,7.4
10,Jack Chambers,60359,QB,CHARLES SO,1,65.0,40,41,8.4,2.64,0,1,2.2,48.8,20,0,20,23.1,56,6,10,135,46.8,56.6,53.9,63.2,0,1,60,0,55.0,47.7,19.6,11,4,0,1,0,1,1.7,149,3.6
10,Dylan McCaffrey,60451,QB,N COLORADO,1,67.6,37,40,5.8,2.15,0,2,4.8,57.5,23,0,12,8.0,43,2,13,253,70.2,71.6,70.8,62.1,1,1,45,0,0.0,57.6,0.0,0,3,0,2,0,1,2.2,173,4.3
10,Nic Baker,87541,QB,S ILLINOIS,1,60.0,35,39,10.4,3.08,3,2,5.0,53.8,21,0,17,0.0,47,0,15,295,71.1,66.3,64.6,63.6,1,0,48,0,23.5,100.3,8.5,4,4,0,0,3,0,0.0,259,6.6
10,E.J. Perry,60349,QB,BROWN,1,57.9,38,38,9.3,2.43,0,1,2.5,55.3,21,0,9,4.5,41,1,15,123,37.0,65.2,58.7,62.1,0,2,43,0,22.2,81.1,4.9,2,1,0,0,3,1,2.3,261,6.9
10,Camden Orth,108965,QB,LIUSHAR,1,71.9,32,38,9.5,2.74,0,3,7.9,55.3,21,0,13,8.7,42,2,12,1298,71.2,73.4,75.2,60.4,2,1,42,1,30.8,92.9,9.5,4,0,2,2,2,3,7.1,348,9.2
10,Glendon McDaniel,78483,QB,SOUTHERN U,1,56.8,37,38,8.1,2.83,0,0,0.0,50.0,19,0,8,9.5,46,2,12,297,31.0,57.8,56.6,60.0,0,0,49,0,37.5,71.6,6.5,3,5,0,1,1,1,2.0,174,4.6
10,Miles Hastings,103943,QB,UC DAVIS,1,65.8,38,38,9.8,2.41,0,2,5.3,65.8,25,0,14,0.0,40,0,13,322,69.5,67.5,67.3,60.0,0,0,40,0,14.3,105.6,5.0,2,0,0,0,2,0,0.0,284,7.5
10,Joe Green,101283,QB,COLUMBIA,1,62.9,35,37,11.1,2.64,0,2,5.3,51.4,19,0,11,13.6,38,3,8,145,69.4,67.6,65.9,62.9,0,0,39,1,9.1,83.6,2.6,1,0,0,2,1,1,2.6,264,7.1
10,Tim Demorat,78498,QB,FORDHAM,1,67.6,34,37,12.6,2.63,0,3,7.5,59.5,22,0,5,4.3,39,1,21,168,70.0,77.2,74.0,68.9,1,0,42,0,0.0,109.4,0.0,0,2,1,1,3,1,2.4,273,7.4
10,Tony Muskett,142933,QB,MONMOUTH,1,75.0,36,37,8.6,2.26,0,1,2.6,70.3,26,0,9,3.7,39,1,16,231,70.3,66.4,68.4,57.5,0,2,40,1,11.1,107.3,2.6,1,1,0,1,4,1,2.5,294,7.9
10,Alex Piccirilli,109065,QB,STETSON,1,70.6,34,36,10.2,2.7,0,3,7.9,52.8,19,0,17,20.8,44,5,14,302,72.9,86.8,80.6,77.7,2,1,46,1,17.6,56.8,6.8,3,5,0,0,0,1,2.2,193,5.4
10,Justin Miller,103941,QB,SO UTAH,1,71.4,35,36,7.5,2.66,0,5,13.5,63.9,23,0,10,8.0,41,2,12,298,69.5,82.6,80.2,63.2,1,0,42,0,50.0,99.4,12.2,5,0,0,0,1,0,0.0,301,8.4
10,Tommy Schuster,108954,QB,N DAKOTA,1,80.0,30,35,7.3,2.84,1,0,0.0,65.7,23,0,11,4.2,38,1,12,249,37.3,55.2,56.2,58.8,0,1,44,1,0.0,86.7,0.0,0,3,0,4,2,2,4.5,191,5.5
10,George Martin,103959,QB,ROB MORRIS,1,77.1,35,35,8.3,2.54,0,1,2.7,71.4,25,0,9,7.4,39,2,16,277,31.1,67.9,75.5,35.0,0,0,41,0,22.2,115.5,5.1,2,2,0,0,2,1,2.4,293,8.4
10,Geremy Hickbottom,62834,QB,TENN STATE,1,68.6,35,35,11.5,3.14,0,2,5.7,57.1,20,0,14,16.7,43,4,11,308,33.1,67.3,67.3,60.5,0,1,43,0,21.4,73.4,7.0,3,5,0,0,1,2,4.7,219,6.3
10,Bailey Fisher,88643,QB,GARD-WEBB,1,59.4,32,35,8.1,2.52,0,1,2.7,54.3,19,0,14,0.0,39,0,9,171,35.4,55.6,55.3,61.8,1,0,42,1,14.3,84.0,5.1,2,1,0,2,2,1,2.4,148,4.2
10,Zevi Eckhaus,148535,QB,BRYANT,1,53.1,32,34,8.3,2.79,1,0,0.0,47.1,16,1,13,5.9,42,1,8,124,24.8,46.1,41.8,65.6,0,1,49,1,23.1,62.4,7.1,3,5,0,1,2,3,6.1,112,3.3
10,Bronson Barron,141710,QB,WEBER ST,1,68.8,32,34,10.0,2.62,0,0,0.0,61.8,21,0,14,4.5,41,1,9,342,70.1,73.6,70.7,67.7,1,0,43,0,28.6,78.4,9.8,4,3,0,1,0,0,0.0,203,6.0
10,Aqeel Glass,60328,QB,ALAB A&M,1,73.5,34,34,9.9,2.15,0,5,14.3,73.5,25,0,8,0.0,34,0,14,104,69.6,90.4,90.4,61.0,0,0,35,0,0.0,142.6,0.0,0,0,0,0,4,1,2.9,327,9.6
10,Juwan Carter,91113,QB,NORFOLK,1,64.7,34,34,7.1,2.59,0,0,0.0,58.8,20,0,11,9.1,41,2,12,244,41.8,57.7,48.8,71.7,0,0,45,0,36.4,67.2,9.8,4,3,0,0,0,1,2.2,131,3.9
10,Rogan Wells,149999,QB,W CAROLINA,1,83.9,31,33,9.3,3.13,0,1,2.9,66.7,22,0,16,15.4,40,4,17,344,71.5,90.2,90.3,68.0,0,2,42,0,0.0,101.3,0.0,0,7,0,2,2,0,0.0,386,11.7
10,Hajj-Malik Williams,102348,QB,CAMPBELL,1,61.3,31,33,11.6,2.99,1,1,2.9,57.6,19,0,14,0.0,44,0,14,131,18.3,65.8,65.2,61.5,0,0,46,0,28.6,104.1,9.1,4,7,0,1,2,2,4.3,268,8.1
10,Jawon Pass,40916,QB,PRVIEW A&M,1,74.2,31,33,8.5,2.43,1,0,0.0,60.6,20,0,4,13.0,38,3,10,270,71.5,59.1,52.6,69.9,0,0,41,0,50.0,74.4,5.3,2,1,1,0,0,0,0.0,173,5.2
10,Ah-Shaun Davis,149376,QB,LAFAYETTE,1,60.0,30,33,11.3,2.98,0,1,3.0,48.5,16,0,18,11.1,42,2,9,203,69.1,51.8,52.0,62.0,0,1,42,1,38.9,47.3,16.7,7,2,0,3,0,1,2.4,138,4.2
10,Felix Harper,13753,QB,ALCORN ST,1,72.7,33,33,9.9,2.73,0,0,0.0,72.7,24,0,7,0.0,38,0,15,107,70.7,70.6,70.2,61.4,0,1,40,0,28.6,98.0,5.3,2,3,0,0,1,1,2.5,300,9.1
10,Darius Perrantes,103934,QB,DUQUESNE,1,60.6,33,33,11.8,2.37,0,2,5.9,57.6,19,0,9,5.0,33,1,12,155,68.5,62.1,61.0,,0,2,34,0,0.0,82.3,0.0,0,0,0,0,3,2,5.9,215,6.5
10,Westin Elliott,60433,QB,MERRIMACK,1,68.8,32,32,8.7,2.5,0,2,6.1,65.6,21,0,8,4.5,34,1,9,385,70.1,62.0,58.0,68.8,0,2,35,0,12.5,92.1,2.9,1,1,0,0,3,3,8.6,231,7.2
10,Cole Smith,109050,QB,PRINCETON,1,85.2,27,32,5.7,2.65,2,0,0.0,65.6,21,0,10,8.7,42,2,11,272,70.9,54.7,55.4,55.8,3,1,44,0,60.0,66.0,14.3,6,4,0,0,0,3,6.8,171,5.3
10,Zerrick Cooper,40465,QB,JVILLE ST,1,60.0,30,32,10.2,2.53,0,1,2.9,56.3,18,0,9,0.0,36,0,12,196,37.3,48.9,55.2,44.7,0,0,38,0,0.0,97.7,0.0,0,4,0,2,2,3,7.9,214,6.7
10,Steven Duncan,40211,QB,TARLETON,1,71.0,31,32,10.8,2.96,0,3,9.1,65.6,21,0,9,4.5,35,1,18,401,69.2,77.7,74.9,67.7,0,1,36,0,0.0,106.1,0.0,0,3,0,1,2,2,5.6,319,10.0
10,Mason Randall,91728,QB,SAN DIEGO,1,68.8,32,32,9.5,2.48,0,3,9.1,59.4,19,0,15,13.6,33,3,10,283,70.0,69.2,66.9,65.1,0,0,34,0,0.0,83.7,0.0,0,1,0,0,0,1,2.9,247,7.7
10,John-Paul Pierce,82125,QB,GRAMBLING,1,74.1,27,32,15.6,3.18,1,4,12.5,43.8,14,0,15,30.0,33,6,9,177,70.4,90.2,88.0,72.0,1,1,33,0,6.7,61.2,3.0,1,0,0,3,1,1,3.0,194,6.1
10,Zachary Clement,105561,QB,NWSTATE,1,71.0,31,32,8.0,2.62,0,0,0.0,62.5,20,0,7,9.1,36,2,12,257,39.2,56.4,53.8,61.5,0,1,39,0,28.6,78.9,5.6,2,2,0,1,1,2,5.1,210,6.6
10,Eric Barriere,40109,QB,E WASHGTON,1,77.4,31,31,6.4,3.08,0,1,3.1,67.7,21,0,8,12.5,39,3,12,161,70.3,53.2,50.1,61.2,0,0,40,0,25.0,108.8,5.1,2,6,0,0,2,1,2.5,214,6.9
10,Derek Robertson,142298,QB,MAINE,1,67.7,31,31,9.8,2.46,0,0,0.0,54.8,17,0,7,19.0,34,4,11,212,69.7,69.0,70.1,55.8,0,2,37,0,14.3,63.9,2.9,1,1,0,0,2,1,2.7,160,5.2
10,Corey Fields Jr.,78539,QB,SCAR STATE,1,60.7,28,31,9.5,2.26,1,2,6.1,41.9,13,0,8,23.5,34,4,10,290,70.9,73.4,73.4,61.2,1,0,36,0,0.0,56.3,0.0,0,3,0,1,0,0,0.0,143,4.6
10,Dante Perri,143112,QB,LEHIGH,1,75.9,29,31,7.3,2.33,0,1,3.2,61.3,19,0,4,13.6,32,3,13,205,70.3,79.1,80.8,57.7,0,1,32,0,25.0,72.5,3.1,1,0,0,2,0,1,3.1,244,7.9
10,Davis Cheek,55146,QB,ELON,1,66.7,27,30,8.6,2.83,0,0,0.0,43.3,13,0,14,27.8,34,5,5,162,68.5,71.0,69.6,62.8,1,1,34,0,14.3,44.2,5.9,2,2,0,2,0,0,0.0,143,4.8
10,Matthew McKay,60485,QB,MONTANA ST,1,71.4,28,30,9.0,2.29,1,4,13.3,56.7,17,0,9,15.0,34,3,11,233,36.5,86.5,82.1,73.1,1,1,34,0,33.3,81.7,8.8,3,1,0,0,1,0,0.0,253,8.4
10,Spencer Brasch,100574,QB,CAL POLY,1,72.4,29,30,8.2,2.74,0,1,3.1,66.7,20,0,10,4.8,36,1,11,129,68.9,68.7,67.6,62.2,0,1,38,1,20.0,75.0,5.6,2,4,0,1,0,1,2.6,225,7.5
10,Tommy Dolan,111302,QB,STTHOM,1,65.5,29,29,9.9,2.38,0,1,3.0,58.6,17,0,8,10.5,31,2,8,1129,69.1,77.9,75.5,63.3,0,2,35,0,12.5,52.2,3.2,1,0,0,0,1,1,2.9,129,4.4
10,Theo Day,83515,QB,N IOWA,1,58.6,29,29,16.7,2.88,0,1,3.3,51.7,15,0,18,11.8,39,2,11,255,69.5,59.6,59.7,57.3,0,1,41,0,33.3,78.5,15.4,6,4,0,0,1,2,4.9,252,8.7
10,Peyton Mansell,82135,QB,ABILENE CH,1,78.6,28,29,9.1,2.71,1,3,9.7,69.0,20,0,4,9.1,36,2,13,100,72.5,74.6,73.8,65.9,0,3,38,0,25.0,74.7,2.8,1,6,0,0,1,2,5.3,301,10.4
10,Jason Shelley,60581,QB,MO STATE,1,64.3,28,29,11.1,3.04,1,0,0.0,55.2,16,0,21,11.1,44,2,12,230,43.6,57.2,49.2,70.9,0,1,45,1,52.4,80.1,25.0,11,4,0,0,1,2,4.4,243,8.4
10,Sagan Gronauer,105567,QB,IDAHO ST,1,76.9,26,29,6.8,2.75,0,0,0.0,55.2,16,0,8,20.0,30,4,8,186,70.3,64.7,66.5,55.8,1,1,32,1,0.0,69.9,0.0,0,1,0,2,1,1,3.1,172,5.9
10,Andrew Body,155202,QB,TEXAS STHN,1,54.2,24,28,9.4,2.59,1,0,0.0,42.9,12,0,13,7.7,35,1,6,313,23.3,43.9,46.9,49.0,1,0,39,0,30.8,50.3,11.4,4,3,0,2,0,1,2.6,82,2.9
10,Hamp Sisson,78462,QB,FURMAN,1,73.1,26,28,5.3,2.52,0,0,0.0,60.7,17,0,9,10.5,33,2,10,170,69.5,55.2,48.8,67.2,0,1,33,0,22.2,64.9,6.1,2,3,2,0,1,1,3.0,102,3.6
10,Joe Mancuso,40312,QB,RICHMOND,1,70.4,27,28,10.3,2.39,0,0,0.0,57.1,16,0,6,15.8,30,3,9,276,72.3,63.8,58.7,68.0,0,1,31,0,33.3,57.3,6.7,2,0,0,1,0,2,6.5,151,5.4
10,Austin Day,106411,QB,MARIST,1,88.5,26,28,5.2,2.91,1,0,0.0,75.0,21,0,8,8.7,34,2,10,213,31.9,76.0,77.6,58.5,0,1,35,0,37.5,89.3,8.8,3,3,0,1,1,1,2.9,186,6.6
10,Ian Corwin,109017,QB,DRAKE,1,61.5,26,27,10.2,2.49,1,3,11.1,48.1,13,0,8,18.8,29,3,7,153,70.1,70.6,70.7,60.5,0,1,29,0,12.5,49.0,3.4,1,1,0,0,0,1,3.4,144,5.3
10,Chris Ferguson,40105,QB,TOWSON,1,65.2,23,27,7.3,2.46,0,0,0.0,51.9,14,0,8,6.7,30,1,6,317,25.5,33.8,33.1,,1,1,31,0,37.5,64.9,10.0,3,0,0,3,1,3,9.7,147,5.4
10,Rett Files,91405,QB,N ALABAMA,1,69.2,26,27,12.6,2.54,0,4,12.9,63.0,17,0,10,5.6,29,1,9,389,68.5,61.2,60.6,,0,3,33,0,20.0,78.9,6.9,2,0,0,1,2,3,9.1,254,9.4
10,Cody Orgeron,23693,QB,MCNEESE,1,75.0,24,26,6.6,3.11,0,1,3.7,61.5,16,0,12,11.1,33,2,15,217,37.7,70.3,66.6,66.1,1,0,34,0,8.3,92.5,3.0,1,6,0,1,1,1,2.9,164,6.3
10,Jake Dunniway,60572,QB,SACRAMENTO,1,84.6,26,26,8.2,2.08,0,2,7.4,73.1,19,0,5,13.6,28,3,11,279,69.2,88.5,86.2,67.3,0,0,29,0,20.0,97.4,3.6,1,0,0,0,0,1,3.4,215,8.3
10,Rasean McKay,88321,QB,FL A&M,1,66.7,24,26,9.3,2.57,0,1,3.7,57.7,15,0,13,6.3,27,1,10,164,27.6,78.7,76.8,63.1,1,0,28,0,7.7,112.8,3.7,1,0,0,1,2,1,3.6,231,8.9
10,Nolan Grooms,108987,QB,YALE,1,73.1,26,26,9.8,2.88,0,3,11.5,69.2,18,0,7,5.3,32,1,12,352,33.4,61.8,64.3,55.6,0,0,33,0,42.9,150.3,9.4,3,3,0,0,3,0,0.0,330,12.7
10,Neil Boudreau,44632,QB,MORGAN ST,1,72.0,25,26,10.2,2.47,0,3,11.5,65.4,17,0,6,5.6,27,1,7,235,68.5,71.8,73.0,56.7,0,2,27,0,0.0,71.0,0.0,0,1,0,1,1,2,7.4,210,8.1
10,Jared Lewis,108959,QB,DELWARE ST,1,47.6,21,25,18.0,3.58,1,2,8.0,32.0,8,0,14,20.0,33,2,6,152,70.8,72.2,74.8,57.3,0,0,33,0,14.3,61.4,6.1,2,6,0,3,1,0,0.0,116,4.6
10,Tyquell Fields,51615,QB,STNY BROOK,1,56.5,23,25,13.8,2.81,0,1,3.7,52.0,13,0,7,0.0,27,0,6,303,71.5,52.1,46.7,63.3,0,1,30,0,14.3,69.4,3.7,1,1,0,2,1,2,6.7,164,6.6
10,Cam Humphrey,39886,QB,MONTANA,1,83.3,24,25,8.5,2.87,1,2,8.0,76.0,19,0,13,5.0,36,1,17,232,68.7,93.7,93.1,74.3,0,0,36,0,38.5,142.8,13.9,5,6,0,0,3,0,0.0,227,9.1
10,Shannon Patrick,82081,QB,BETH COOK,1,75.0,24,25,9.3,1.87,1,3,11.1,64.0,16,0,5,11.1,26,2,8,119,68.6,84.1,81.7,65.5,0,0,28,0,0.0,117.1,0.0,0,1,0,0,2,0,0.0,210,8.4
10,Trae Self,103962,QB,STF AUSTIN,1,77.3,22,25,7.6,2.45,0,0,0.0,64.0,16,0,8,5.9,28,1,12,301,69.6,79.7,79.9,61.9,2,1,28,0,25.0,130.4,7.1,2,1,1,0,3,1,3.6,323,12.9
10,Luke Emge,109025,QB,HARVARD,1,73.9,23,25,10.8,2.43,1,1,4.0,68.0,17,0,6,0.0,27,0,12,179,68.5,75.6,72.8,69.0,1,1,27,0,16.7,119.5,3.7,1,1,0,0,3,1,3.7,227,9.1
10,Jalen Fowler,64170,QB,NC A&T,1,56.0,25,25,7.3,3.07,0,2,7.7,40.0,10,0,9,28.6,30,4,5,246,69.8,64.2,60.6,66.2,0,2,31,0,33.3,37.3,10.0,3,2,0,0,0,1,3.2,211,8.4
10,Mike Beaudry,101052,QB,IDAHO,1,70.8,24,25,8.0,2.62,0,2,8.0,64.0,16,0,6,5.9,25,1,14,185,69.5,56.5,57.0,60.0,0,2,26,1,0.0,58.3,0.0,0,0,0,1,0,2,7.7,217,8.7
10,Ryan Nettles,102339,QB,ALABAMA ST,1,75.0,20,24,5.2,2.4,2,1,3.7,62.5,15,0,12,0.0,27,0,8,105,19.3,57.1,67.1,35.4,1,0,30,0,16.7,107.1,7.4,2,1,0,1,2,1,3.3,145,6.0
10,Davius Richard,109077,QB,NC CENT,1,60.0,20,24,14.4,2.79,2,1,3.8,37.5,9,0,14,25.0,32,3,9,247,14.6,54.1,63.7,42.0,0,0,34,0,21.4,92.0,9.4,3,5,2,0,2,3,8.8,178,7.4
10,Jack Cook,109015,QB,DAYTON,1,79.2,24,24,11.7,2.25,0,4,15.4,75.0,18,0,7,5.3,26,1,12,150,70.6,86.9,87.6,63.9,0,1,28,0,14.3,127.1,3.8,1,1,0,0,2,1,3.6,328,13.7
10,Darius Wilson,148492,QB,WM & MARY,1,65.2,23,24,6.3,2.63,0,0,0.0,50.0,12,0,11,20.0,28,3,5,348,71.1,60.1,59.7,58.9,0,1,30,0,27.3,47.7,10.7,3,1,0,1,0,0,0.0,123,5.1
10,Tyler Riddell,102355,QB,E TENN ST,1,54.5,22,23,17.0,2.83,0,3,12.0,43.5,10,0,9,16.7,24,2,5,157,70.0,80.3,79.8,61.8,1,0,26,1,11.1,78.5,4.2,1,0,0,0,1,0,0.0,142,6.2
10,Marco Siderman,143060,QB,HOLY CROSS,1,82.6,23,23,8.2,2.11,0,0,0.0,78.3,18,0,2,5.3,23,1,10,181,68.1,76.7,75.1,62.3,0,1,23,0,0.0,108.9,0.0,0,0,0,0,2,0,0.0,173,7.5
10,Daniel Smith,88625,QB,VILLANOVA,1,69.6,23,23,15.3,2.53,0,2,8.3,69.6,16,0,6,0.0,24,0,12,334,20.3,87.8,90.0,62.8,0,0,25,0,16.7,142.9,4.2,1,0,0,0,3,1,4.0,239,10.4
10,Keon Howard,40418,QB,TENN MARTN,1,50.0,22,23,10.4,2.71,1,1,4.3,47.8,11,0,5,0.0,28,0,8,310,39.8,61.8,52.8,69.9,0,0,28,0,0.0,78.9,0.0,0,5,0,0,1,1,3.6,124,5.4
10,Cam Miller,125299,QB,N DAK ST,1,76.2,21,23,12.3,3.61,0,1,3.8,65.2,15,0,14,6.3,29,1,12,250,22.1,67.1,78.6,49.7,0,1,32,1,7.1,106.8,3.4,1,5,0,2,2,1,3.1,218,9.5
10,Draylen Ellis,121346,QB,AUSTINPEAY,1,50.0,22,23,20.7,2.99,0,4,17.4,47.8,11,0,5,0.0,25,0,7,116,27.6,62.5,70.5,41.7,0,0,26,0,0.0,131.7,0.0,0,1,0,1,3,2,7.7,277,12.0
10,Zach Gwynn,77654,QB,DELAWARE,1,85.0,20,22,5.3,2.52,0,1,4.2,77.3,17,0,10,0.0,24,0,7,151,70.0,79.7,81.8,62.9,0,0,26,1,20.0,126.5,8.3,2,0,0,2,2,0,0.0,157,7.1
10,Skyler Perry,82082,QB,ARKAPB,1,76.5,17,22,8.2,3.16,0,1,4.3,50.0,11,0,13,15.4,27,2,9,112,73.6,90.5,69.9,89.7,1,0,28,0,23.1,104.7,11.1,3,2,0,4,2,0,0.0,162,7.4
10,Chris Oladokun,40364,QB,S DAK ST,1,80.0,20,22,7.5,3.51,0,1,4.5,59.1,13,0,11,18.8,29,3,8,292,70.2,76.5,84.4,56.9,0,0,29,0,9.1,81.1,3.4,1,6,0,2,0,0,0.0,157,7.1
10,Carson Camp,141837,QB,S DAKOTA,1,70.0,20,22,8.5,2.8,1,0,0.0,59.1,13,0,9,7.1,25,1,6,291,68.8,68.0,65.0,65.2,0,0,25,0,22.2,128.2,8.0,2,1,0,1,2,0,0.0,246,11.2
10,Jackson Waring,138217,QB,ILL STATE,1,55.6,18,22,9.2,4.35,1,1,4.5,40.9,9,0,19,10.0,27,1,5,188,27.6,45.4,49.3,47.6,0,0,28,0,10.5,68.0,7.4,2,3,0,3,1,1,3.6,88,4.0
10,Cole Johnson,29785,QB,JAMES MAD,1,55.0,20,21,13.9,2.88,0,4,16.0,52.4,11,0,6,0.0,24,0,12,197,28.9,71.2,65.3,72.3,0,0,28,0,33.3,136.7,8.3,2,1,0,1,4,2,7.1,259,12.3
10,Joseph Brunell,109021,QB,GEORGETOWN,1,75.0,20,21,13.5,3.05,0,1,3.6,61.9,13,0,6,13.3,23,2,11,172,69.8,81.6,81.6,60.7,1,0,30,0,33.3,106.6,8.7,2,0,0,0,1,1,3.3,187,8.9
10,Romelo Williams,78489,QB,CENT CT ST,1,78.9,19,21,7.8,2.87,0,2,8.3,71.4,15,1,11,0.0,26,0,11,133,71.5,79.8,71.7,78.1,1,1,29,1,18.2,91.0,7.7,2,3,0,1,1,1,3.4,168,8.0
10,Kasim Hill,60444,QB,RHODE ISLD,1,70.6,17,20,12.0,2.57,1,1,4.5,55.0,11,0,6,8.3,22,1,8,274,72.2,82.4,74.6,74.3,1,0,26,0,16.7,116.5,4.5,1,1,0,1,2,0,0.0,169,8.5
10,Richie Kenney,91723,QB,CORNELL,1,57.9,19,20,12.7,2.19,0,2,9.5,40.0,8,0,4,27.3,20,3,5,147,69.2,68.1,67.1,60.8,1,0,21,0,0.0,60.6,0.0,0,0,0,0,0,1,4.8,121,6.1
10,Brody McAndrew,142328,QB,NEW HAMP,1,57.9,19,20,11.8,2.8,0,0,0.0,50.0,10,0,4,9.1,21,1,4,240,28.2,29.2,38.0,38.7,0,2,22,1,25.0,18.3,4.8,1,0,0,1,0,3,13.6,68,3.4
10,Cole Copeland,63563,QB,CHATTNOOGA,1,80.0,20,20,9.0,2.46,0,0,0.0,70.0,14,0,4,12.5,21,2,11,137,67.9,90.4,89.4,63.3,0,0,21,0,25.0,118.8,4.8,1,0,0,0,1,0,0.0,200,10.0
10,Nick Semptimphelter,142984,QB,BUCKNELL,1,57.1,14,19,14.4,2.92,0,0,0.0,42.1,8,0,12,0.0,21,0,3,125,67.4,63.0,62.3,,0,1,22,0,16.7,32.6,9.5,2,0,0,5,0,1,4.5,79,4.2
10,Eric Schmid,66632,QB,SM HOUSTON,1,70.6,17,19,11.8,2.62,0,0,0.0,52.6,10,0,3,16.7,20,2,7,281,68.0,76.7,68.7,75.8,0,1,22,0,0.0,68.8,0.0,0,1,0,2,1,0,0.0,124,6.5
10,Derek Kyler,109012,QB,DARTMOUTH,1,94.1,17,19,7.1,2.23,0,3,15.8,84.2,16,0,4,0.0,19,0,7,148,67.7,91.0,90.6,63.0,0,0,19,0,0.0,148.6,0.0,0,0,0,2,3,1,5.3,193,10.2
10,Jalani Eason,52172,QB,MS VLY ST,1,84.2,19,19,6.7,2.93,0,1,5.3,63.2,12,0,8,25.0,23,4,8,228,26.6,74.0,66.2,72.8,0,0,23,0,12.5,78.8,4.3,1,3,0,0,0,1,4.3,110,5.8
10,DJ Williams,138061,QB,MURRAY ST,1,72.2,18,19,7.5,2.78,0,0,0.0,63.2,12,0,7,7.7,21,1,9,236,73.3,68.6,54.9,73.5,1,0,21,0,0.0,84.8,0.0,0,2,0,0,0,0,0.0,137,7.2
10,Ethan Grady,149266,QB,BUCKNELL,1,72.2,18,19,4.1,1.97,1,1,5.0,63.2,12,0,6,7.7,20,1,2,125,67.2,67.5,67.0,,0,2,21,0,16.7,32.0,5.0,1,0,0,0,0,1,4.8,77,4.1
10,Jett Duffey,41634,QB,HAMPTON,1,72.2,18,18,10.8,3.94,0,3,15.8,66.7,12,0,12,7.7,28,1,8,178,71.9,68.1,74.1,56.9,0,2,29,0,25.0,109.7,10.7,3,7,0,0,3,2,6.9,231,12.8
10,Daelyn Williams,150337,QB,LAMAR,1,73.3,15,17,6.9,3.27,1,1,5.9,47.1,8,0,10,27.3,23,3,4,204,69.9,63.1,64.3,59.2,0,0,24,0,10.0,80.8,4.3,1,5,0,1,1,1,4.2,81,4.8
10,Bret Edwards,88638,QB,NEW HAMP,1,80.0,15,17,9.0,3.35,1,1,5.9,70.6,12,0,4,0.0,17,0,9,240,66.7,81.4,80.8,,0,1,17,0,0.0,97.7,0.0,0,0,0,1,1,0,0.0,170,10.0
10,Conor Regan,63589,QB,MS VLY ST,1,66.7,15,17,12.4,3.42,0,0,0.0,58.8,10,0,6,0.0,21,0,5,228,67.1,55.2,60.2,50.2,0,0,21,0,16.7,97.7,4.8,1,3,0,2,1,2,9.5,110,6.5
10,Breylin Smith,33893,QB,CENT ARK,1,81.3,16,17,14.7,2.81,1,3,16.7,76.5,13,0,4,0.0,18,0,13,132,67.0,93.6,93.2,64.0,0,0,19,0,0.0,157.5,0.0,0,1,0,0,5,0,0.0,410,24.1
10,Liam Welch,19897,QB,SAMFORD,1,81.3,16,16,7.2,2.58,0,1,5.9,68.8,11,0,4,15.4,19,2,5,282,70.8,63.6,59.8,63.4,0,1,20,0,0.0,57.6,0.0,0,3,0,0,0,1,5.0,93,5.8
10,Marquez McCray,109056,QB,SACR HEART,1,87.5,16,16,14.8,2.9,0,2,11.1,87.5,14,0,9,0.0,25,0,12,280,68.5,85.4,86.8,61.7,0,0,27,0,66.7,158.3,24.0,6,3,0,0,2,0,0.0,221,13.8
10,Kohen Granier,63573,QB,NICHOLLS,1,73.3,15,15,12.0,2.64,0,0,0.0,53.3,8,0,4,27.3,16,3,6,243,72.5,65.4,67.1,59.4,0,0,18,0,0.0,111.0,0.0,0,1,0,0,1,1,5.6,152,10.1
10,Willie Miller,104799,QB,TENN TECH,1,64.3,14,15,15.3,2.81,1,1,6.7,60.0,9,0,4,0.0,16,0,6,309,72.9,64.9,58.6,66.3,0,2,16,0,25.0,46.4,6.3,1,0,0,0,0,1,6.3,122,8.1
10,Davis Shanley,60604,QB,TENN TECH,1,71.4,14,15,8.8,3.03,0,1,5.9,53.3,8,0,8,20.0,18,2,5,309,26.2,56.1,56.2,58.3,1,0,20,0,25.0,77.9,11.1,2,1,0,0,0,1,5.0,113,7.5
10,Demeatric Crenshaw,138332,QB,YNGTOWN ST,1,86.7,15,15,4.6,2.89,0,0,0.0,73.3,11,0,10,15.4,24,2,5,353,72.9,74.8,58.6,75.1,0,1,25,0,40.0,57.9,16.7,4,3,0,0,0,0,0.0,81,5.4
10,Quincy Guy-Barnes,155865,QB,WAGNER,1,50.0,12,14,8.8,3.22,0,0,0.0,42.9,6,2,13,0.0,19,0,3,338,47.0,65.1,64.0,61.6,0,0,21,2,0.0,74.1,0.0,0,5,0,2,1,0,0.0,34,2.4
10,Chance Hollingsworth,138433,QB,HOWARD,1,57.1,14,14,7.1,2.86,0,0,0.0,57.1,8,0,5,0.0,16,0,6,184,68.2,61.5,67.7,52.2,0,0,17,0,0.0,106.0,0.0,0,2,0,0,1,0,0.0,109,7.8
10,Niko Haen,141633,QB,N ARIZONA,1,57.1,14,14,8.7,3.45,0,0,0.0,50.0,7,0,13,12.5,21,1,5,252,68.6,64.5,64.8,59.7,0,0,21,0,38.5,66.4,23.8,5,2,0,0,0,0,0.0,76,5.4
10,Xavier Shepherd,104767,QB,KENNESAW,1,61.5,13,13,18.5,2.77,0,3,23.1,61.5,8,0,6,0.0,15,0,8,200,73.7,76.9,83.1,60.1,0,0,15,0,0.0,145.0,0.0,0,2,0,0,4,0,0.0,185,14.2
10,Ben Nimz,109067,QB,VALPO,1,66.7,12,12,5.0,2.51,0,0,0.0,58.3,7,0,6,12.5,14,1,3,332,66.8,56.2,51.6,64.1,0,0,18,0,16.7,77.1,7.1,1,1,0,0,0,0,0.0,76,6.3
10,Jaylan Adams,89133,QB,CITADEL,1,50.0,10,12,14.6,3.03,1,1,8.3,33.3,4,0,7,20.0,15,1,3,139,17.8,28.6,40.8,33.4,0,1,15,0,28.6,14.2,13.3,2,1,0,1,0,2,13.3,55,4.6
10,Justin Sliwoski,77612,QB,ST FRANCIS,1,80.0,10,12,3.2,2.51,0,0,0.0,66.7,8,0,5,0.0,15,0,2,299,23.2,44.6,44.8,57.6,1,1,16,0,40.0,46.5,13.3,2,0,0,1,0,2,12.5,68,5.7
10,Matthew Sluka,143059,QB,HOLY CROSS,1,54.5,11,11,10.0,3.21,0,1,9.1,54.5,6,0,3,0.0,14,0,6,181,26.1,69.7,58.8,70.4,0,0,14,0,0.0,114.6,0.0,0,3,0,0,1,1,7.1,97,8.8
10,Vincent Amendola,99580,QB,TOWSON,1,60.0,10,10,8.2,3.25,0,0,0.0,60.0,6,0,7,0.0,17,0,5,317,23.8,34.9,34.1,64.2,0,1,18,2,71.4,84.6,29.4,5,2,0,0,1,2,11.1,93,9.3
10,RJ Martinez,147690,QB,N ARIZONA,1,88.9,9,10,9.9,3.88,0,1,10.0,70.0,7,0,10,12.5,15,1,6,252,67.3,90.9,82.8,77.9,0,0,15,0,10.0,131.3,6.7,1,4,0,1,1,0,0.0,90,9.0
10,Louis Colosimo,64186,QB,DAVIDSON,1,90.0,10,10,8.0,1.56,0,0,0.0,90.0,9,0,1,0.0,10,0,6,149,69.8,86.3,88.2,65.3,0,0,10,0,0.0,158.3,0.0,0,0,0,0,2,0,0.0,141,14.1
10,Jeff Undercuffler,78501,QB,ALBANY,1,75.0,8,10,10.0,2.37,0,1,9.1,50.0,5,0,4,16.7,13,1,3,106,68.0,61.4,66.3,55.7,1,1,14,1,50.0,37.9,15.4,2,1,0,1,0,1,7.1,81,8.1
10,Jyron Russell,82069,QB,ST FRANCIS,1,57.1,7,10,13.0,2.74,1,0,0.0,20.0,2,0,5,50.0,13,2,2,299,26.1,37.7,44.1,49.8,1,0,14,1,0.0,39.6,0.0,0,3,1,0,0,1,7.1,11,1.1
10,Lindsey Scott Jr.,40219,QB,NICHOLLS,1,55.6,9,10,5.4,2.17,0,0,0.0,50.0,5,0,2,0.0,10,0,3,243,22.5,31.3,38.5,45.8,0,2,10,0,0.0,18.8,0.0,0,0,0,1,0,1,10.0,35,3.5
10,Sheldon Layman,101054,QB,AUSTINPEAY,1,66.7,9,9,13.6,2.46,0,3,33.3,66.7,6,0,1,0.0,10,0,4,116,65.4,78.0,80.7,,0,1,10,0,100.0,92.6,10.0,1,0,0,0,1,1,10.0,81,9.0
10,Quinton Williams,102366,QB,HOWARD,1,62.5,8,9,5.6,2.51,0,0,0.0,55.6,5,0,6,0.0,13,0,3,184,67.7,49.8,67.9,38.1,0,0,13,1,50.0,66.0,23.1,3,1,0,1,0,0,0.0,38,4.2
10,Cade Sexauer,111800,QB,STTHOM,1,28.6,7,7,10.6,2.17,0,0,0.0,14.3,1,0,2,50.0,7,1,0,1129,64.6,61.1,60.7,,0,0,7,0,0.0,39.6,0.0,0,0,0,0,0,0,0.0,5,0.7
10,Kyle Pinnix,150021,QB,WOFFORD,1,33.3,6,7,10.2,2.68,0,0,0.0,14.3,1,0,7,50.0,9,1,0,350,73.8,50.0,42.2,58.7,0,0,10,0,28.6,39.6,22.2,2,0,0,1,0,1,10.0,9,1.3
10,Otto Kuhns,138014,QB,E ILLINOIS,1,42.9,7,7,11.4,3.08,0,0,0.0,28.6,2,0,2,33.3,8,1,0,158,17.4,27.4,30.6,48.5,0,2,8,0,50.0,0.0,12.5,1,0,0,0,0,2,25.0,7,1.0
10,Jameson Wang,148782,QB,CORNELL,1,57.1,7,7,14.1,2.46,0,0,0.0,57.1,4,0,2,0.0,7,0,2,147,72.6,92.6,72.1,91.4,0,1,9,0,0.0,42.9,0.0,0,0,0,0,0,0,0.0,55,7.9
10,Devin Black,78526,QB,BETH COOK,1,50.0,6,7,10.3,3.56,0,0,0.0,42.9,3,0,2,0.0,8,0,1,119,65.1,56.2,45.7,69.1,1,0,9,0,0.0,101.2,0.0,0,1,0,0,1,0,0.0,40,5.7
10,Pierce Holley,108981,QB,GEORGETOWN,1,66.7,6,7,11.2,2.78,0,0,0.0,57.1,4,0,5,0.0,10,0,2,172,19.0,44.4,62.7,36.5,1,1,10,0,40.0,36.3,20.0,2,1,0,0,0,0,0.0,44,6.3
10,Keegan Shoemaker,108983,QB,SM HOUSTON,1,50.0,6,7,14.3,2.58,0,0,0.0,28.6,2,0,2,33.3,11,1,1,281,65.6,49.4,44.9,62.4,0,0,11,0,50.0,42.0,9.1,1,2,0,1,0,0,0.0,25,3.6
10,Blake Stenstrom,82106,QB,PRINCETON,1,66.7,6,6,6.8,2.87,0,0,0.0,66.7,4,0,0,0.0,10,0,2,272,19.0,43.3,35.8,60.9,0,0,10,0,,74.3,0.0,0,3,0,0,0,1,10.0,24,4.0
10,Asher O'Hara,78529,QB,SACRAMENTO,1,60.0,5,6,10.0,3.18,0,1,16.7,50.0,3,0,1,0.0,8,0,2,279,70.4,76.4,80.8,63.3,0,0,8,0,0.0,95.8,0.0,0,2,0,1,1,0,0.0,9,1.5
10,Keondre Wudtee,40367,QB,N ARIZONA,1,40.0,5,6,6.4,3.29,0,0,0.0,33.3,2,0,5,0.0,8,0,0,252,17.4,30.0,51.3,35.4,0,0,8,0,20.0,42.4,12.5,1,1,0,1,0,1,12.5,-1,-0.2
10,William Atkins IV,148354,QB,JAMES MAD,1,100.0,5,5,1.8,2.46,0,0,0.0,100.0,5,0,0,0.0,5,0,2,197,65.5,72.9,72.5,60.0,0,0,5,0,,128.8,0.0,0,0,0,0,1,0,0.0,27,5.4
10,Aldon Clark,60338,QB,GRAMBLING,1,20.0,5,5,22.8,3.24,0,0,0.0,20.0,1,0,6,0.0,10,0,2,177,69.1,45.1,31.1,64.6,0,0,10,0,50.0,39.6,30.0,3,2,0,0,0,1,10.0,4,0.8
10,Jaylen Gipson,60561,QB,N ALABAMA,1,80.0,5,5,13.4,2.63,0,3,37.5,80.0,4,0,1,0.0,6,0,4,389,25.5,79.6,79.9,65.6,0,0,9,0,100.0,158.3,16.7,1,0,0,0,2,1,11.1,64,12.8
10,Myles Crawley,141731,QB,ALABAMA ST,1,100.0,4,4,1.8,2.55,0,0,0.0,100.0,4,0,2,0.0,6,0,2,105,64.2,65.6,72.2,56.2,0,0,6,0,50.0,96.9,16.7,1,1,0,0,0,0,0.0,29,7.3
10,Jeffrey Jackson,143208,QB,VALPO,1,100.0,4,4,5.8,2.43,0,0,0.0,100.0,4,0,1,0.0,4,0,3,332,69.7,79.0,73.5,68.0,0,0,5,0,0.0,158.3,0.0,0,0,0,0,1,0,0.0,52,13.0
10,Lorenzo Linsey,108556,QB,GEORGETOWN,1,75.0,4,4,12.8,2.5,0,0,0.0,75.0,3,0,0,0.0,5,0,4,172,65.5,76.6,73.2,64.8,0,0,5,0,,156.3,0.0,0,1,0,0,1,0,0.0,51,12.8
10,Guenson Alexis,148625,QB,WAGNER,1,33.3,3,4,4.0,3.69,0,0,0.0,25.0,1,0,4,0.0,7,0,0,338,24.7,36.9,21.7,71.4,0,1,9,0,25.0,0.0,14.3,1,2,0,1,0,2,22.2,2,0.5
10,Collin Ironside,139107,QB,VA MILT IN,1,75.0,4,4,3.0,2.1,0,0,0.0,75.0,3,0,0,0.0,4,0,1,336,67.8,61.3,64.7,57.7,0,0,4,0,,79.2,0.0,0,0,0,0,0,0,0.0,14,3.5
10,Justin Agner,41605,QB,STETSON,1,25.0,4,4,14.8,3.18,0,1,25.0,25.0,1,0,3,0.0,6,0,0,302,65.7,69.7,76.7,55.5,0,0,6,0,33.3,39.6,16.7,1,1,0,0,0,0,0.0,3,0.8
10,Michael McGovern,108995,WR,BROWN,1,50.0,4,4,13.0,3.1,0,0,0.0,50.0,2,0,3,0.0,6,0,2,123,13.4,46.7,45.6,,0,0,6,0,66.7,135.4,33.3,2,0,0,0,1,1,16.7,75,18.8
10,Matthew Caldwell,150302,QB,JVILLE ST,1,33.3,3,3,11.0,2.3,0,0,0.0,33.3,1,0,1,0.0,3,0,1,196,66.4,48.5,45.8,60.1,0,0,3,0,0.0,45.1,0.0,0,0,0,0,0,0,0.0,11,3.7
10,Darius Bowers,102352,QB,CENT ARK,1,100.0,3,3,14.0,3.55,0,1,33.3,100.0,3,0,3,0.0,4,0,4,132,65.2,90.8,87.3,69.6,0,0,4,0,0.0,158.3,0.0,0,1,0,0,1,0,0.0,60,20.0
10,Trapper Pannell,139559,QB,SM HOUSTON,1,66.7,3,3,17.0,2.73,0,0,0.0,66.7,2,0,0,0.0,3,0,1,281,69.9,75.9,71.5,68.6,0,0,3,0,,109.7,0.0,0,0,0,0,0,0,0.0,40,13.3
10,Quincy Casey,104763,QB,ALAB A&M,1,33.3,3,3,21.0,2.97,0,1,33.3,33.3,1,0,2,0.0,3,0,1,104,62.7,57.0,56.6,,0,1,3,0,0.0,25.0,0.0,0,0,0,0,0,1,33.3,25,8.3
10,Joey Carino,142211,QB,ALBANY,1,100.0,2,3,2.0,2.4,0,0,0.0,66.7,2,0,1,0.0,3,0,2,106,15.8,41.6,70.7,39.0,0,0,3,0,0.0,109.7,0.0,0,0,0,1,0,0,0.0,43,14.3
10,Kenyon Oblad,83576,QB,DIXIE,1,100.0,2,3,13.5,3.17,0,0,0.0,0.0,0,0,1,100.0,3,2,0,1285,62.7,66.0,65.7,,1,0,3,0,0.0,39.6,0.0,0,0,0,0,0,0,0.0,0,0.0
10,Quincy Vaughn,138259,QB,N DAKOTA,1,50.0,2,2,25.0,3.85,0,0,0.0,0.0,0,0,1,100.0,2,1,0,249,14.7,67.4,59.4,65.5,0,0,2,0,0.0,39.6,0.0,0,0,0,0,0,0,0.0,0,0.0
10,Jonathan Murphy,104766,QB,KENNESAW,1,50.0,2,2,31.0,2.85,0,1,50.0,50.0,1,0,0,0.0,2,0,1,200,67.6,64.6,77.7,53.7,0,0,2,0,,95.8,0.0,0,0,0,0,0,0,0.0,55,27.5
10,Corbin LaFrance,155851,QB,ROB MORRIS,1,50.0,2,2,-4.0,3.2,0,0,0.0,50.0,1,0,0,0.0,2,0,1,277,61.8,41.1,41.4,,0,1,2,0,,16.7,0.0,0,0,0,0,0,1,50.0,2,1.0
10,Grant Wilson,143041,QB,FORDHAM,1,50.0,2,2,5.5,3.85,0,0,0.0,50.0,1,0,1,0.0,2,0,0,168,64.4,52.4,51.0,60.0,0,0,2,0,0.0,56.3,0.0,0,0,0,0,0,0,0.0,3,1.5
10,Jaden Jones,147558,QB,CAL POLY,1,100.0,2,2,-1.5,1.5,0,0,0.0,100.0,2,0,0,0.0,2,0,0,129,24.9,54.3,62.1,55.0,0,0,2,0,,79.2,0.0,0,0,0,0,0,0,0.0,5,2.5
10,Mikey Zele,147623,QB,IDAHO ST,1,50.0,2,2,7.0,2.93,0,0,0.0,0.0,0,0,2,100.0,3,1,0,186,62.7,39.6,39.6,,0,1,3,0,50.0,0.0,33.3,1,0,0,0,0,0,0.0,0,0.0
10,Jeff Widener,104774,QB,N ARIZONA,1,50.0,2,2,5.0,3.05,0,0,0.0,50.0,1,0,2,0.0,2,0,1,252,67.7,71.9,70.2,63.5,0,0,3,0,0.0,68.8,0.0,0,0,0,0,0,0,0.0,12,6.0
10,Caden Bell,71181,QB,COLUMBIA,1,0.0,1,1,33.0,2.77,0,0,0.0,0.0,0,0,1,,3,0,0,145,62.7,43.9,47.6,57.3,0,0,3,0,100.0,39.6,33.3,1,1,0,0,0,0,0.0,0,0.0
10,Creyton Cooper,147853,QB,WEBER ST,1,0.0,1,1,-3.0,1.5,0,0,0.0,0.0,0,0,1,,1,0,0,342,71.2,74.8,55.3,71.8,0,0,1,0,0.0,39.6,0.0,0,0,0,0,0,0,0.0,0,0.0
10,Javon Williams Jr.,87540,HB,S ILLINOIS,1,0.0,1,1,-4.0,1.4,0,0,0.0,0.0,0,0,0,,1,0,0,295,71.7,62.8,56.8,63.6,0,0,1,0,,39.6,0.0,0,0,0,0,0,0,0.0,0,0.0
10,Xavier Lankford,142724,QB,ALAB A&M,1,0.0,1,1,41.0,3.7,0,0,0.0,0.0,0,0,0,,1,0,0,104,63.7,50.8,51.3,59.7,0,0,1,0,,39.6,0.0,0,0,0,0,0,0,0.0,0,0.0
10,Pierre Strong Jr.,66619,HB,S DAK ST,1,100.0,1,1,13.0,1.8,0,0,0.0,100.0,1,0,0,0.0,1,0,1,292,77.4,71.9,75.4,73.9,0,0,1,0,,152.1,0.0,0,0,0,0,1,0,0.0,11,11.0
10,Sawyer Evans,141954,P,TEXAS STHN,1,,0,1,,6.6,0,0,0.0,0.0,0,0,1,,1,0,0,313,23.7,43.3,55.7,,0,0,1,0,0.0,39.6,0.0,0,0,0,1,0,1,100.0,0,0.0
10,Gabriel Hollingsworth,148707,QB,COLUMBIA,1,100.0,1,1,3.0,2.1,0,0,0.0,100.0,1,0,1,0.0,1,0,0,145,65.9,59.2,61.0,58.7,0,0,1,0,0.0,79.2,0.0,0,0,0,0,0,0,0.0,3,3.0
10,Marcus Libman,148710,WR,COLUMBIA,1,0.0,1,1,34.0,2.6,0,0,0.0,0.0,0,0,1,,1,0,0,145,65.9,60.3,51.3,,0,0,1,0,0.0,39.6,0.0,0,0,0,0,0,0,0.0,0,0.0
10,Tony Tate,65045,WR,W ILLINOIS,1,100.0,1,1,39.0,4.0,0,0,0.0,100.0,1,0,0,0.0,1,0,1,345,74.5,77.7,75.9,61.1,0,0,1,0,,118.8,0.0,0,0,0,0,0,0,0.0,40,40.0
10,Cole Stenstrom,141835,QB,S DAKOTA,1,100.0,1,1,7.0,1.8,0,0,0.0,100.0,1,0,0,0.0,1,0,1,291,67.5,59.6,60.4,59.1,0,0,1,0,,116.7,0.0,0,0,0,0,0,0,0.0,12,12.0
10,Lem Wash,149229,QB,TENN TECH,1,100.0,1,1,-5.0,2.0,0,0,0.0,100.0,1,0,0,0.0,1,0,0,309,9.1,35.4,61.0,48.5,0,0,1,0,,79.2,0.0,0,0,0,0,0,0,0.0,-4,-4.0
10,DeAngelo Hardy,141343,QB,KENNESAW,1,0.0,1,1,6.0,1.6,0,0,0.0,0.0,0,0,0,,1,0,0,200,15.8,32.2,61.6,40.4,0,0,1,0,,39.6,0.0,0,0,0,0,0,0,0.0,0,0.0
10,Taylor Grimes,89507,WR,INCAR WORD,1,100.0,1,1,14.0,2.9,0,0,0.0,100.0,1,0,1,0.0,1,0,1,189,68.8,87.3,73.1,,0,0,1,0,0.0,131.3,0.0,0,0,0,0,1,0,0.0,6,6.0
10,Griffin Wiegel,149432,QB,HOLY CROSS,1,0.0,1,1,10.0,2.6,0,0,0.0,0.0,0,0,0,,1,0,0,181,60.3,47.2,47.3,,0,0,1,0,,39.6,0.0,0,0,0,0,0,0,0.0,0,0.0
10,Hunter Loyd,121395,QB,CENT ARK,1,100.0,1,1,-5.0,3.1,0,0,0.0,100.0,1,0,0,0.0,1,0,0,132,9.1,37.3,60.6,48.1,0,0,1,0,,79.2,0.0,0,0,0,0,0,0,0.0,2,2.0
10,Odieu Hiliare,120861,WR,ALAB A&M,1,100.0,1,1,30.0,3.3,0,0,0.0,100.0,1,0,0,0.0,1,0,1,104,71.0,74.2,75.9,63.0,0,0,1,0,,158.3,0.0,0,0,0,0,1,0,0.0,48,48.0
10,Drew Kannely-Robles,150228,HB,DIXIE,1,100.0,1,1,20.0,2.6,0,0,0.0,0.0,0,0,0,100.0,1,1,0,1285,73.2,71.4,76.2,64.4,0,0,1,0,,39.6,0.0,0,0,0,0,0,0,0.0,0,0.0
10,Gavin Sharkey,109638,WR,HARVARD,1,100.0,1,1,39.0,3.8,0,0,0.0,100.0,1,0,0,0.0,1,0,1,179,62.4,71.8,75.7,,0,0,1,0,,118.8,0.0,0,0,0,0,0,0,0.0,39,39.0
10,Carson Crawford,61756,WR,UC DAVIS,1,100.0,1,1,33.0,2.5,0,0,0.0,100.0,1,0,0,0.0,1,0,1,322,66.7,64.5,75.7,59.5,0,0,1,0,,158.3,0.0,0,0,0,0,1,0,0.0,41,41.0
10,Tyson King,150339,HB,LAMAR,1,0.0,1,1,1.0,3.3,0,0,0.0,0.0,0,0,0,,1,0,0,204,60.3,50.4,56.8,,0,0,1,0,,39.6,0.0,0,0,0,0,0,0,0.0,0,0.0
10,Walker Harris,150449,QB,NC CENT,1,100.0,1,1,5.0,2.3,0,0,0.0,100.0,1,0,0,0.0,1,0,1,247,60.3,72.7,71.8,,0,0,1,0,,118.8,0.0,0,0,0,0,0,0,0.0,14,14.0
10,Denver Holman,151190,WR,ABILENE CH,1,100.0,1,1,-9.0,2.8,0,0,0.0,100.0,1,0,0,0.0,1,0,0,100,60.3,55.0,60.6,,0,0,1,0,,79.2,0.0,0,0,0,0,0,0,0.0,3,3.0
10,Trent Tompkins,103944,QB,UC DAVIS,1,100.0,1,1,-3.0,1.4,0,0,0.0,100.0,1,0,0,0.0,1,0,0,322,70.1,68.5,60.8,69.8,0,0,2,0,,100.0,0.0,0,0,0,0,0,0,0.0,8,8.0
10,Robbie Patterson,143694,QB,MONTANA,1,,0,1,,3.1,0,0,0.0,0.0,0,0,1,,1,0,0,232,67.5,73.7,60.0,69.5,0,0,1,0,0.0,39.6,0.0,0,0,0,1,0,0,0.0,0,0.0
10,Kris Brown,105558,QB,MONTANA,1,,0,1,,2.1,1,0,0.0,0.0,0,0,0,,1,0,0,232,60.3,58.5,60.0,,0,0,1,0,,39.6,0.0,0,0,0,0,0,0,0.0,0,0.0
10,Johnathan Lewis,60520,QB,S DAKOTA,1,0.0,1,1,36.0,2.5,0,0,0.0,0.0,0,0,0,,1,0,0,291,70.5,56.3,50.1,60.7,0,0,1,0,,39.6,0.0,0,0,0,0,0,0,0.0,0,0.0
10,Dalton Dale,153048,QB,TXWSLY,1,54.5,11,13,12.8,3.69,0,0,0.0,46.2,6,0,10,0.0,17,0,4,1457,68.9,40.7,37.7,57.5,0,1,17,0,20.0,29.6,11.8,2,2,0,2,0,1,5.9,66,5.1
10,Carson Rodgers,153036,QB,TXWSLY,1,77.8,9,10,7.6,2.5,0,1,10.0,70.0,7,0,5,0.0,12,0,2,1457,65.8,68.3,67.8,,0,1,12,0,40.0,57.1,16.7,2,0,0,1,0,1,8.3,87,8.7
week,player,player_id,position,team_name,player_game_count,accuracy_percent,aimed_passes,attempts,avg_depth_of_target,avg_time_to_throw,bats,big_time_throws,btt_rate,completion_percent,completions,declined_penalties,def_gen_pressures,drop_rate,dropbacks,drops,first_downs,franchise_id,grades_hands_fumble,grades_offense,grades_pass,grades_run,hit_as_threw,interceptions,passing_snaps,penalties,pressure_to_sack_rate,qb_rating,sack_percent,sacks,scrambles,spikes,thrown_aways,touchdowns,turnover_worthy_plays,twp_rate,yards,ypa
11,Devin Leary,77628,QB,NC STATE,1,74.1,54,59,10.5,2.72,0,5,8.1,62.7,37,0,16,7.5,62,3,19,248,43.8,74.7,73.5,62.7,2,2,65,0,12.5,91.5,3.2,2,1,0,3,4,3,4.6,406,6.9
11,Ben Bryant,77655,QB,E MICHIGAN,1,76.4,55,57,9.2,2.77,2,0,0.0,71.9,41,0,7,2.4,61,1,22,160,71.3,72.7,71.5,67.3,0,1,62,1,28.6,86.4,3.3,2,2,0,0,1,1,1.6,354,6.2
11,Gunnar Watson,83570,QB,TROY,1,71.4,49,55,5.9,3.0,1,1,1.8,52.7,29,0,19,17.1,59,6,20,318,45.0,73.5,72.0,64.4,3,1,61,0,15.8,70.7,5.1,3,1,0,2,1,1,1.6,346,6.3
11,Tanner Mordecai,77656,QB,SMU,1,79.2,48,53,4.1,2.47,0,0,0.0,67.9,36,0,16,5.3,57,2,24,287,43.3,69.4,69.2,59.4,0,1,58,0,6.3,99.1,1.8,1,2,0,5,3,2,3.4,374,7.1
11,Will Rogers,124184,QB,MISS STATE,1,82.4,51,53,8.0,2.65,1,2,3.6,77.4,41,0,10,2.4,57,1,26,227,43.1,78.7,81.0,50.2,0,0,62,0,20.0,135.7,3.5,2,2,1,0,6,2,3.2,399,7.5
11,Aidan O'Connell,60516,QB,PURDUE,1,80.8,52,52,7.4,2.03,0,5,9.4,76.9,40,0,1,4.8,52,2,23,273,69.8,88.6,87.6,,0,0,53,0,0.0,123.1,0.0,0,0,0,0,4,1,1.9,390,7.5
11,Taulia Tagovailoa,97271,QB,MARYLAND,1,73.3,45,51,8.5,2.75,0,2,3.8,56.9,29,0,16,12.1,53,4,14,215,43.8,66.7,68.8,57.6,0,1,55,3,6.3,83.0,1.9,1,1,0,6,2,3,5.5,350,6.9
11,Jake Constantine,40166,QB,RICE,1,68.1,47,50,12.1,2.77,2,2,3.8,56.0,28,0,19,12.5,54,4,19,275,33.6,63.4,63.4,57.3,0,4,56,0,15.8,53.3,5.6,3,1,0,1,1,3,5.4,374,7.5
11,Layne Hatcher,82068,QB,ARK STATE,1,78.7,47,50,10.5,2.63,1,5,10.0,68.0,34,0,8,8.1,51,3,18,113,70.1,84.6,83.6,60.0,0,2,51,0,12.5,92.4,2.0,1,0,0,2,2,1,2.0,444,8.9
11,Tyler Van Dyke,122225,QB,MIAMI FL,1,61.4,44,48,12.3,2.5,2,3,6.3,52.1,25,0,10,7.4,54,2,15,220,70.2,57.6,58.1,56.3,0,2,54,0,30.0,83.3,5.6,3,3,1,1,4,1,1.9,316,6.6
11,Carson Strong,83524,QB,NEVADA,1,79.5,44,48,6.8,2.58,0,2,4.0,70.8,34,0,16,2.9,53,1,18,239,39.5,80.0,80.3,57.3,2,0,55,0,25.0,112.3,7.5,4,1,0,2,3,1,1.8,350,7.3
11,Sam Hartman,77618,QB,WAKE,1,58.5,41,47,14.0,3.35,3,1,2.0,42.6,20,0,17,16.7,58,4,22,339,71.9,66.3,65.2,60.2,2,3,63,0,17.6,57.9,5.2,3,8,0,1,3,1,1.6,290,6.2
11,Tyler Vitt,83566,QB,TEXAS ST,1,76.7,43,46,7.8,2.74,0,0,0.0,63.0,29,0,17,12.1,51,4,11,314,72.2,69.4,70.4,58.9,1,1,53,0,11.8,69.4,3.9,2,3,0,2,0,2,3.8,263,5.7
11,Holton Ahlers,77651,QB,E CAROLINA,1,70.5,44,46,6.8,2.45,1,0,0.0,63.0,29,0,17,6.5,57,2,22,156,72.4,67.6,60.1,73.6,0,2,59,0,35.3,64.7,10.5,6,5,0,1,0,2,3.4,311,6.8
11,Jarret Doege,60353,QB,W VIRGINIA,1,69.8,43,45,9.2,3.11,0,0,0.0,60.0,27,0,12,10.0,49,3,16,343,46.9,51.8,52.1,57.3,0,2,49,0,25.0,73.2,6.1,3,1,0,2,2,2,4.1,268,6.0
11,DJ Uiagalelei,122162,QB,CLEMSON,1,61.5,39,45,10.1,2.29,1,1,2.0,46.7,21,0,12,12.5,45,3,10,140,70.0,58.3,57.7,63.3,1,1,49,2,0.0,61.4,0.0,0,0,0,4,1,1,2.0,241,5.4
11,Bailey Zappe,60396,QB,W KENTUCKY,1,83.3,42,44,8.0,2.3,0,5,10.9,77.3,34,0,3,2.9,45,1,22,346,69.8,79.8,81.3,59.6,0,1,47,2,0.0,138.8,0.0,0,1,0,2,5,1,2.1,464,10.5
11,Casey Thompson,77677,QB,TEXAS,1,76.2,42,44,9.2,2.51,0,4,8.3,68.2,30,0,10,6.3,48,2,21,311,39.6,80.7,82.4,57.1,0,1,52,0,10.0,122.9,2.1,1,3,1,1,6,0,0.0,358,8.1
11,Sean Clifford,51708,QB,PENN STATE,1,70.3,37,44,6.8,2.72,1,0,0.0,52.3,23,0,23,11.5,55,3,12,266,26.2,56.1,52.2,64.9,1,0,57,1,26.1,72.6,10.9,6,5,0,5,1,3,5.3,205,4.7
11,Kenny Pickett,60515,QB,PITTSBURGH,1,70.7,41,44,12.2,3.47,0,4,8.7,56.8,25,0,16,13.8,53,4,16,268,70.4,72.6,78.7,47.9,0,1,56,0,25.0,95.5,7.5,4,5,1,2,3,2,3.6,346,7.9
11,Chris Reynolds,60361,QB,CHARLOTTE,1,65.0,40,42,14.1,3.03,0,8,17.4,59.5,25,0,21,3.8,47,1,20,136,70.8,89.7,90.6,55.6,0,1,51,0,9.5,102.1,4.3,2,3,0,2,2,2,3.9,448,10.7
11,Brock Purdy,77672,QB,IOWA STATE,1,78.6,42,42,9.6,2.94,0,2,4.3,76.2,32,0,9,3.0,47,1,22,193,70.2,63.9,64.7,57.0,0,2,52,0,11.1,105.7,2.1,1,4,0,0,3,3,5.8,364,8.7
11,Zach Calzada,98006,QB,TEXAS A&M,1,67.5,40,42,9.9,2.91,1,5,11.6,57.1,24,0,12,11.1,43,3,11,312,69.7,87.9,87.5,59.6,0,2,44,0,8.3,53.4,2.3,1,0,0,1,0,1,2.3,237,5.6
11,Bo Nix,97790,QB,AUBURN,1,75.0,40,41,10.8,2.42,0,3,7.1,65.9,27,0,11,10.0,43,3,16,115,69.7,85.3,83.6,63.3,0,0,44,0,9.1,111.5,2.3,1,0,0,1,2,2,4.5,377,9.2
11,Zach Gibson,100201,QB,AKRON,1,73.0,37,40,12.2,3.5,0,5,11.4,65.0,26,0,35,3.7,49,1,19,102,69.8,90.2,88.2,74.2,2,0,53,1,8.6,104.7,6.1,3,6,0,1,2,0,0.0,305,7.6
11,Grant Wells,97784,QB,MARSHALL,1,73.0,37,39,8.6,2.52,0,1,2.5,56.4,22,0,10,18.5,44,5,12,214,35.6,64.7,64.1,60.5,0,1,45,0,20.0,80.3,4.5,2,2,0,2,2,3,6.7,232,5.9
11,Desmond Ridder,55086,QB,CINCINNATI,1,83.3,36,39,7.1,2.5,0,1,2.4,76.9,30,0,4,0.0,44,0,19,138,72.3,84.1,82.5,68.3,0,1,46,0,25.0,104.4,2.3,1,4,1,2,2,0,0.0,298,7.6
11,Dustin Crum,60418,QB,KENT STATE,1,80.6,36,38,8.0,2.36,1,1,2.6,73.7,28,0,9,3.4,41,1,14,201,71.9,75.2,70.3,71.6,0,0,42,0,33.3,116.1,7.3,3,0,0,1,2,1,2.4,320,8.4
11,C.J. Stroud,129759,QB,OHIO STATE,1,81.6,38,38,6.8,2.15,0,1,2.4,81.6,31,0,2,0.0,38,0,18,260,70.4,76.4,76.7,57.6,0,0,42,0,0.0,145.8,0.0,0,0,0,0,5,0,0.0,361,9.5
11,Desmond Trotter,83552,QB,S ALABAMA,1,66.7,33,38,8.8,2.78,0,0,0.0,55.3,21,0,22,4.5,44,1,13,288,69.9,71.3,72.7,55.8,1,2,47,0,13.6,59.8,6.8,3,3,0,4,1,0,0.0,226,5.9
11,Rocky Lombardi,60452,QB,N ILLINOIS,1,65.8,38,38,9.6,2.75,0,4,10.3,60.5,23,0,8,8.0,42,2,13,254,69.7,58.9,59.2,56.0,0,1,43,0,0.0,79.3,0.0,0,4,0,0,1,1,2.3,264,6.9
11,Hendon Hooker,60593,QB,TENNESSEE,1,71.4,35,37,9.0,2.44,0,0,0.0,64.9,24,0,15,4.0,45,1,13,307,44.3,55.4,47.0,72.5,0,1,48,0,40.0,81.4,13.3,6,2,0,2,1,2,4.2,244,6.6
11,Matt Corral,83517,QB,OLE MISS,1,76.5,34,37,7.7,2.54,1,1,2.7,64.9,24,0,11,7.7,40,2,16,226,24.3,57.8,62.7,49.7,0,0,40,0,9.1,93.0,2.5,1,2,0,2,1,2,5.0,247,6.7
11,Jayden de Laura,131928,QB,WASH STATE,1,65.6,32,36,9.1,2.97,1,3,8.1,55.6,20,0,15,4.8,41,1,11,341,33.8,45.3,47.1,50.6,0,2,42,0,20.0,76.2,7.3,3,2,0,3,2,4,9.5,280,7.8
11,Clayton Tune,77652,QB,HOUSTON,1,75.8,33,34,10.7,3.32,1,3,8.8,61.8,21,0,12,16.0,38,4,15,182,70.2,90.7,91.4,57.0,0,0,38,0,25.0,100.6,7.9,3,1,0,0,2,0,0.0,224,6.6
11,Lucas Johnson,40551,QB,S DIEGO ST,1,66.7,33,34,10.3,2.5,0,3,8.8,61.8,21,0,9,4.5,38,1,9,284,70.2,76.2,75.9,61.8,1,0,38,0,11.1,84.9,2.6,1,3,0,0,1,1,2.6,176,5.2
11,Mikey Keene,70961,QB,UCF,1,55.2,29,34,12.4,3.13,1,0,0.0,47.1,16,0,15,0.0,40,0,8,323,70.0,46.0,45.0,64.2,0,0,43,1,33.3,73.3,12.5,5,1,0,4,1,1,2.3,181,5.3
11,Emory Jones,82111,QB,FLORIDA,1,82.4,34,34,12.0,3.0,0,0,0.0,82.4,28,0,7,0.0,35,0,20,163,72.4,89.4,83.9,75.5,0,0,36,0,0.0,158.3,0.0,0,1,0,0,6,1,2.8,464,13.6
11,Will Plummer,131592,QB,ARIZONA,1,77.8,27,33,9.0,2.95,1,0,0.0,57.6,19,0,17,9.5,42,2,10,109,69.7,56.0,58.5,53.2,1,0,44,0,17.6,88.3,7.1,3,6,0,4,1,0,0.0,223,6.8
11,Hayden Wolff,98362,QB,DOMINION,1,63.6,33,33,11.2,2.62,0,4,11.8,63.6,21,0,8,0.0,35,0,10,263,69.2,72.6,71.6,60.0,0,0,36,0,25.0,100.8,5.7,2,0,0,0,1,1,2.8,282,8.5
11,Logan Bonner,39990,QB,UTAH ST,1,67.7,31,33,12.8,2.62,1,2,5.1,60.6,20,0,6,4.8,36,1,13,329,70.0,71.5,68.6,67.4,0,1,42,0,33.3,112.8,5.6,2,1,0,1,4,1,2.4,263,8.0
11,Jay Woolfolk,151104,QB,VIRGINIA,1,62.5,32,33,12.6,3.07,0,1,2.9,54.5,18,0,16,10.0,43,2,9,335,71.6,58.1,61.8,56.6,1,2,45,1,43.8,47.0,16.3,7,3,0,0,0,2,4.4,196,5.9
11,Donovan Smith,73929,QB,TEXAS TECH,1,81.3,32,33,10.2,3.18,0,2,6.1,75.8,25,0,13,3.8,38,1,13,315,72.8,89.4,91.2,62.8,0,1,38,0,7.7,122.9,2.6,1,4,1,0,3,0,0.0,317,9.6
11,Austin Aune,83528,QB,N TEXAS,1,61.3,31,33,15.3,2.56,1,3,8.6,45.5,15,0,10,21.1,37,4,12,251,70.7,74.0,74.7,60.6,0,0,39,0,0.0,80.4,0.0,0,4,0,1,1,1,2.6,240,7.3
11,Sam Howell,97599,QB,N CAROLINA,1,73.3,30,32,10.8,2.6,0,3,9.1,65.6,21,0,13,4.5,43,1,8,245,72.3,78.5,77.8,65.3,0,1,45,0,46.2,102.5,14.0,6,4,0,2,2,1,2.2,291,9.1
11,Hank Bachmeier,101284,QB,BOISE ST,1,86.2,29,32,8.7,2.62,2,2,6.1,71.9,23,0,10,8.0,33,2,12,120,69.6,90.7,89.3,71.1,0,0,35,0,10.0,101.7,3.0,1,0,0,1,1,1,2.9,225,7.0
11,Tanner Morgan,55239,QB,MINNESOTA,1,60.7,28,32,12.0,2.75,1,1,3.0,43.8,14,0,6,17.6,35,3,7,225,26.9,53.0,54.5,57.0,1,0,36,1,33.3,72.8,5.7,2,1,2,0,1,2,5.6,183,5.7
11,Garrett Nussmeier,146757,QB,LSU,1,63.3,30,31,11.7,2.73,1,3,9.7,58.1,18,0,11,5.3,33,1,8,211,68.5,60.0,58.9,,0,2,33,0,18.2,58.4,6.1,2,0,0,0,1,2,6.1,179,5.8
11,Jason Brown,109060,QB,S CAROLINA,1,69.2,26,31,8.2,3.13,0,3,8.3,51.6,16,0,21,11.1,35,2,7,289,31.8,38.4,41.0,,2,1,41,2,14.3,79.1,8.6,3,0,0,3,2,4,9.8,193,6.2
11,Jake Haener,60596,QB,FRESNO ST,1,86.7,30,31,4.4,2.61,0,0,0.0,77.4,24,0,9,7.7,36,2,12,169,70.7,68.8,68.9,60.2,0,0,40,0,33.3,139.2,8.3,3,2,0,1,3,0,0.0,300,9.7
11,Michael Pratt,123229,QB,TULANE,1,57.1,28,31,10.3,2.86,1,1,3.0,41.9,13,0,7,18.8,37,3,5,319,69.4,47.4,50.0,49.3,1,0,39,0,28.6,71.7,5.4,2,4,1,0,1,3,7.7,178,5.7
11,Brady Olson,147415,QB,UMASS,1,51.7,29,30,9.5,2.18,0,0,0.0,46.7,14,0,9,6.7,33,1,6,216,69.8,43.4,46.1,53.1,0,0,38,1,22.2,67.8,6.1,2,1,0,1,1,1,2.6,113,3.8
11,Frank Harris,60586,QB,UTSA,1,67.9,28,30,9.3,2.91,0,2,6.3,56.7,17,0,11,10.5,32,2,8,331,70.9,64.6,62.5,63.4,0,2,34,0,9.1,75.3,3.1,1,1,0,2,2,2,5.9,227,7.6
11,Payton Thorne,101629,QB,MICH STATE,1,73.3,30,30,10.9,2.7,0,3,8.1,73.3,22,0,8,0.0,32,0,15,223,70.7,73.6,70.2,68.8,0,1,39,0,25.0,128.2,6.3,2,0,0,0,4,0,0.0,283,9.4
11,Davis Brin,77642,QB,TULSA,1,74.1,27,30,8.9,2.82,0,1,3.1,63.3,19,0,12,5.0,37,1,11,320,70.7,65.1,60.7,67.6,1,3,40,0,33.3,52.5,10.8,4,3,0,2,1,3,7.5,188,6.3
11,Bryce Carpenter,82101,QB,COAST CAR,1,70.4,27,30,10.1,2.24,2,2,6.5,60.0,18,0,10,5.3,37,1,14,141,42.7,65.9,58.9,65.2,1,1,39,0,40.0,82.2,10.8,4,3,0,0,1,2,5.1,237,7.9
11,Cameron Rising,77663,QB,UTAH,1,72.4,29,30,9.2,2.86,0,2,6.3,63.3,19,0,10,9.5,33,2,16,328,70.5,75.3,72.2,72.6,0,0,35,1,20.0,117.9,6.1,2,1,0,1,2,1,2.9,294,9.8
11,Timmy McClain,144488,QB,USF,1,66.7,24,30,8.8,3.92,1,0,0.0,53.3,16,0,15,0.0,36,0,12,327,35.1,49.9,47.6,59.4,0,2,40,0,13.3,63.9,5.6,2,4,0,5,1,3,7.5,245,8.2
11,Jalon Daniels,122555,QB,KANSAS,1,75.9,29,30,7.8,2.85,0,3,9.7,70.0,21,0,9,4.5,36,1,14,198,71.4,90.9,90.2,71.5,1,0,37,0,22.2,121.8,5.6,2,4,0,0,3,1,2.7,202,6.7
11,Nick Starkel,40326,QB,S JOSE ST,1,71.4,28,29,3.8,2.13,0,0,0.0,65.5,19,0,10,5.0,30,1,7,285,68.4,68.3,68.6,60.0,0,1,32,0,10.0,62.1,3.3,1,0,0,1,0,0,0.0,138,4.8
11,Gavin Hardison,100827,QB,UTEP,1,62.5,24,29,13.0,2.78,1,1,3.4,51.7,15,0,12,0.0,33,0,9,330,68.8,54.0,52.4,60.4,0,1,33,0,25.0,81.5,9.1,3,1,0,4,1,2,6.1,273,9.4
11,Rhett Rodriguez,60332,QB,LA MONROE,1,48.0,25,29,12.6,2.23,0,1,3.1,41.4,12,0,10,0.0,30,0,7,209,29.7,50.1,52.5,50.0,1,2,33,0,10.0,42.3,3.3,1,0,0,3,1,1,3.0,160,5.5
11,Cade McNamara,101620,QB,MICHIGAN,1,80.0,25,29,7.6,2.3,2,1,3.2,65.5,19,0,13,5.0,31,1,8,222,70.8,66.1,60.4,71.9,1,0,33,0,15.4,122.3,6.5,2,0,0,1,3,0,0.0,217,7.5
11,Jordan Yates,97416,QB,GA TECH,1,72.0,25,28,8.4,3.62,0,0,0.0,60.7,17,0,18,5.6,36,1,9,176,70.7,57.8,43.6,79.4,1,1,40,0,16.7,68.5,8.3,3,5,0,2,1,2,5.0,126,4.5
11,Stetson Bennett,60387,QB,GEORGIA,1,72.7,22,28,7.7,2.76,1,1,3.3,57.1,16,1,14,0.0,33,0,13,173,70.1,71.6,64.9,72.3,1,0,35,1,14.3,92.9,6.1,2,3,0,4,1,1,2.9,210,7.5
11,Seth Henigan,144267,QB,MEMPHIS,1,64.0,25,28,10.5,2.85,0,1,3.3,53.6,15,0,9,6.3,37,1,13,218,70.7,65.0,66.5,58.6,0,1,39,0,11.1,101.3,2.7,1,8,2,1,3,2,5.1,227,8.1
11,Brett Gabbert,97404,QB,MIAMI OH,1,77.8,27,28,12.6,2.83,0,7,24.1,75.0,21,0,9,0.0,30,0,13,221,70.3,91.8,91.6,64.7,0,0,32,0,22.2,156.3,6.7,2,0,0,1,4,0,0.0,351,12.5
11,Dylan Morris,100570,QB,WASHINGTON,1,63.0,27,28,7.6,2.7,1,2,6.7,57.1,16,0,8,5.9,30,1,10,340,68.4,62.3,62.6,59.9,0,1,32,0,0.0,69.2,0.0,0,2,0,0,1,1,3.1,151,5.4
11,Dorian Thompson-Robinson,83574,QB,UCLA,1,73.1,26,27,9.6,3.13,0,0,0.0,66.7,18,0,8,5.3,33,1,13,324,70.1,82.1,69.3,83.7,0,1,36,0,12.5,81.9,3.0,1,5,0,1,0,1,2.8,257,9.5
11,Brendon Lewis,131687,QB,COLORADO,1,90.0,20,27,5.1,2.83,3,1,3.3,63.0,17,0,11,5.6,31,1,6,143,70.0,68.9,65.1,70.9,0,0,34,1,18.2,78.9,6.5,2,2,0,4,0,0,0.0,158,5.9
11,Daniel Richardson,97103,QB,C MICHIGAN,1,81.5,27,27,7.6,2.58,0,2,7.1,77.8,21,0,6,4.5,29,1,13,134,27.7,72.1,80.8,43.8,0,0,30,0,16.7,147.6,3.4,1,1,0,0,4,1,3.3,268,9.9
11,KJ Jefferson,99129,QB,ARKANSAS,1,76.0,25,26,6.2,2.9,0,1,3.7,69.2,18,0,14,5.3,32,1,7,111,38.3,65.6,70.5,55.4,0,0,33,1,21.4,95.4,9.4,3,3,0,1,1,0,0.0,142,5.5
11,Drew Plitt,39879,QB,BALL ST,1,56.5,23,26,13.6,2.24,3,0,0.0,42.3,11,0,4,15.4,27,2,6,117,68.0,51.1,47.2,64.0,0,0,28,0,0.0,70.4,0.0,0,1,0,0,1,1,3.6,126,4.8
11,Aaron Allen,78494,QB,LA TECH,1,84.6,26,26,12.0,2.26,0,1,3.6,80.8,21,0,7,4.5,26,1,16,208,68.6,90.0,89.2,62.4,0,1,28,1,0.0,128.2,0.0,0,0,0,0,2,1,3.6,324,12.5
11,Chase Brice,60363,QB,APP STATE,1,60.0,25,26,15.2,2.69,0,1,3.7,53.8,14,0,8,6.7,29,1,9,108,68.8,45.6,46.8,56.1,1,2,30,1,0.0,71.8,0.0,0,3,0,0,2,3,10.0,195,7.5
11,Jordan Travis,77615,QB,FLORIDA ST,1,73.9,23,25,10.3,2.79,0,4,14.8,68.0,17,0,9,0.0,33,0,10,167,74.8,89.8,89.0,71.5,1,0,35,0,33.3,99.4,9.1,3,4,0,1,0,0,0.0,244,9.8
11,Chance Nolan,78493,QB,OREGON ST,1,82.6,23,25,9.5,3.09,0,0,0.0,76.0,19,0,10,0.0,30,0,13,265,69.9,64.8,65.1,58.5,0,0,33,0,10.0,134.9,3.3,1,4,0,2,2,1,3.0,257,10.3
11,Cameron Friel,146195,QB,UNLV,1,62.5,24,25,8.3,2.61,1,0,0.0,60.0,15,0,10,0.0,27,0,8,325,29.9,51.0,44.9,68.0,0,2,28,0,20.0,47.4,7.4,2,0,0,0,0,3,10.7,172,6.9
11,Spencer Sanders,77660,QB,OKLA STATE,1,86.4,22,25,9.6,3.0,0,1,3.6,68.0,17,0,11,10.5,32,2,14,262,70.1,75.0,80.1,56.9,0,0,35,0,0.0,109.9,0.0,0,7,0,3,1,0,0.0,227,9.1
11,Justin Lynch,144392,QB,TEMPLE,1,61.1,18,24,9.8,2.75,2,0,0.0,45.8,11,0,12,0.0,27,0,6,306,73.3,44.3,31.9,65.6,1,2,30,0,8.3,26.2,3.7,1,2,0,3,0,2,6.7,119,5.0
11,Nicholas Vattiato,145302,QB,MIDDLE TN,1,91.3,23,24,4.1,2.35,1,0,0.0,83.3,20,0,2,4.8,26,1,9,224,71.4,68.1,67.9,61.4,0,0,26,0,50.0,120.0,3.8,1,1,0,0,2,0,0.0,147,6.1
11,Devin Grainger,78496,QB,GA STATE,1,82.6,23,24,7.8,2.49,1,2,7.7,75.0,18,0,11,5.3,31,1,13,175,71.2,79.6,88.5,54.2,0,0,33,0,18.2,128.1,6.5,2,5,0,0,2,1,3.0,206,8.6
11,Dequan Finn,97804,QB,TOLEDO,1,87.0,23,24,8.8,2.86,0,1,3.8,75.0,18,0,9,10.0,26,2,11,316,69.7,71.3,70.2,62.5,0,0,28,0,0.0,151.0,0.0,0,2,0,1,3,1,3.6,270,11.3
11,Alex Padilla,86285,QB,IOWA,1,70.0,20,24,14.1,3.05,0,2,8.0,45.8,11,0,8,21.4,24,3,8,192,70.0,55.6,50.4,67.1,0,0,25,0,0.0,103.8,0.0,0,0,0,4,2,2,8.0,206,8.6
11,Chevan Cordeiro,75886,QB,HAWAII,1,65.2,23,23,13.0,2.66,0,1,4.3,43.5,10,0,11,33.3,28,5,5,180,71.9,57.2,56.6,59.2,0,2,28,0,27.3,49.7,10.7,3,1,0,0,1,2,7.1,183,8.0
11,Bryce Young,123943,QB,ALABAMA,1,95.7,23,23,7.3,2.41,0,3,13.0,91.3,21,0,11,4.5,26,1,15,103,27.3,91.8,92.5,58.5,0,0,27,0,9.1,155.2,3.8,1,2,0,0,5,1,3.7,270,11.7
11,Graham Mertz,97994,QB,WISCONSIN,1,86.4,22,23,9.4,2.5,1,0,0.0,78.3,18,0,5,5.3,23,1,12,349,67.6,81.6,80.9,,0,1,24,0,0.0,116.7,0.0,0,0,0,0,2,1,4.2,216,9.4
11,Levi Lewis,60428,QB,LA LAFAYET,1,75.0,20,22,9.9,2.71,0,1,4.5,63.6,14,0,11,6.7,29,1,9,207,70.6,89.0,79.4,79.5,1,0,29,0,18.2,126.1,6.9,2,5,0,1,3,0,0.0,166,7.5
11,Todd Centeio,60552,QB,COLO STATE,1,75.0,20,22,11.0,2.86,0,3,13.6,59.1,13,0,11,13.3,25,2,9,144,72.2,84.3,85.1,66.0,1,2,25,0,9.1,46.2,4.0,1,2,0,1,0,2,8.0,173,7.9
11,Anthony Brown,40316,QB,OREGON,1,86.4,22,22,8.0,2.73,0,2,9.1,77.3,17,0,9,10.5,27,2,8,264,40.8,84.9,80.8,70.4,0,0,27,0,11.1,107.2,3.7,1,4,0,0,1,0,0.0,135,6.1
11,N'Kosi Perry,60446,QB,FAU,1,68.4,19,22,12.1,2.32,1,2,9.1,54.5,12,0,5,7.7,24,1,6,165,28.5,60.5,64.5,56.4,1,0,25,1,20.0,98.1,4.2,1,1,0,1,1,1,4.0,187,8.5
11,Connor Bazelak,99135,QB,MISSOURI,1,66.7,21,22,6.3,1.85,0,1,4.5,63.6,14,0,7,0.0,24,0,7,229,67.6,43.5,41.3,,0,2,24,0,14.3,81.4,4.2,1,0,0,1,2,2,8.3,179,8.1
11,Will Levis,83542,QB,KENTUCKY,1,72.7,22,22,12.0,2.56,0,2,8.7,63.6,14,0,7,12.5,25,2,11,202,70.5,91.7,90.7,70.7,0,1,26,0,14.3,100.0,4.0,1,2,0,0,2,0,0.0,177,8.0
11,Chandler Morris,122938,QB,TCU,1,65.0,20,21,7.1,2.36,1,1,4.5,52.4,11,0,9,15.4,25,2,3,305,27.0,57.3,57.0,59.2,0,0,26,1,44.4,67.0,16.0,4,0,0,0,0,1,3.8,107,5.1
11,Jack Zergiotis,97603,QB,UCONN,1,66.7,18,21,6.8,2.4,1,0,0.0,42.9,9,0,10,25.0,27,3,4,146,27.6,45.8,48.0,60.0,0,2,28,1,60.0,16.1,22.2,6,0,0,2,0,2,7.1,90,4.3
11,Matt McDonald,60350,QB,BOWL GREEN,1,66.7,18,20,7.8,2.59,1,0,0.0,55.0,11,0,12,8.3,28,1,4,122,69.2,59.4,54.9,64.9,0,0,29,0,41.7,78.1,17.9,5,3,0,1,1,0,0.0,65,3.3
11,Kaleb Eleby,77686,QB,W MICHIGAN,1,68.4,19,20,12.8,3.04,0,0,0.0,60.0,12,0,5,7.7,23,1,11,347,68.6,65.4,66.6,55.9,0,1,28,0,20.0,109.8,4.3,1,2,0,1,2,0,0.0,217,10.9
11,Gerry Bohanon,77636,QB,BAYLOR,1,66.7,18,20,11.0,2.92,1,0,0.0,55.0,11,0,9,8.3,24,1,9,118,71.4,82.2,73.9,78.1,1,1,25,1,11.1,69.0,4.2,1,3,0,0,1,0,0.0,121,6.1
11,Phil Jurkovec,83533,QB,BOSTON COL,1,65.0,20,20,18.1,3.69,0,5,23.8,65.0,13,0,10,0.0,21,0,12,121,71.3,92.9,92.9,71.3,0,0,22,0,0.0,141.7,0.0,0,1,0,0,2,0,0.0,310,15.5
11,Jack Coan,60613,QB,NOTRE DAME,1,83.3,18,20,8.9,2.72,1,2,10.0,75.0,15,0,6,0.0,22,0,10,258,68.7,73.4,78.6,52.5,0,1,22,0,0.0,110.8,0.0,0,2,0,1,3,1,4.5,132,6.6
11,Donaven McCulley,144829,QB,INDIANA,1,43.8,16,20,12.9,3.78,0,0,0.0,35.0,7,0,11,0.0,24,0,5,190,28.8,37.6,49.1,39.3,0,0,24,0,9.1,51.7,4.2,1,3,0,4,0,0,0.0,98,4.9
11,Kyle Vantrease,55029,QB,BUFFALO,1,63.2,19,20,9.7,2.33,0,1,4.3,55.0,11,0,7,8.3,22,1,7,126,26.6,30.6,40.0,34.1,0,1,25,0,14.3,58.5,4.5,1,1,0,1,0,2,8.0,151,7.6
11,Max Bortenschlager,46500,QB,FIU,1,58.8,17,20,6.8,2.49,0,0,0.0,45.0,9,1,13,10.0,26,1,4,166,68.0,34.9,33.8,,2,2,28,1,38.5,13.3,19.2,5,0,0,1,0,2,7.1,64,3.2
11,Skylar Thompson,60417,QB,KANSAS ST,1,83.3,18,19,4.2,3.06,0,1,5.0,73.7,14,0,5,6.7,21,1,7,199,68.8,51.6,44.8,65.7,0,0,23,0,20.0,111.3,4.8,1,1,0,1,1,2,8.7,138,7.3
11,Andrew Marty,60498,QB,NWESTERN,1,62.5,16,18,10.7,2.8,1,1,5.6,55.6,10,0,9,0.0,23,0,6,256,28.5,35.7,28.6,63.0,0,3,23,0,22.2,31.9,8.7,2,3,0,1,0,5,21.7,100,5.6
11,Dylan Hopkins,83571,QB,UAB,1,82.4,17,18,11.1,2.98,0,2,11.1,72.2,13,0,8,7.1,23,1,10,321,70.9,88.3,90.6,63.3,0,0,23,0,37.5,114.4,13.0,3,2,0,1,0,0,0.0,250,13.9
11,Levi Williams,98365,QB,WYOMING,1,68.8,16,18,8.5,3.0,0,0,0.0,61.1,11,0,6,0.0,22,0,7,351,27.9,62.7,69.3,54.3,1,1,24,1,16.7,84.5,4.5,1,3,0,1,1,0,0.0,156,8.7
11,Malik Cunningham,60436,QB,LOUISVILLE,1,82.4,17,18,11.9,2.76,0,2,11.1,72.2,13,0,7,7.1,20,1,8,210,70.3,72.8,78.9,55.9,0,0,20,0,0.0,150.2,0.0,0,2,0,1,4,1,5.0,209,11.6
11,Caleb Williams,144622,QB,OKLAHOMA,1,61.1,18,18,13.2,3.77,0,0,0.0,50.0,9,0,10,18.2,25,2,8,261,29.4,52.6,47.8,62.7,0,2,28,0,30.0,37.0,12.0,3,4,0,0,0,3,10.7,142,7.9
11,Noah Vedral,55406,QB,RUTGERS,1,62.5,16,17,13.0,2.97,0,1,5.6,52.9,9,0,6,10.0,21,1,3,278,69.8,66.4,66.6,59.9,1,0,22,0,0.0,70.0,0.0,0,2,0,0,0,0,0.0,97,5.7
11,Kurtis Rourke,97998,QB,OHIO,1,64.7,17,17,12.7,3.39,0,3,16.7,52.9,9,0,6,18.2,19,2,8,259,70.3,79.2,82.6,61.0,0,0,20,0,0.0,137.9,0.0,0,2,0,0,3,0,0.0,230,13.5
11,Ken Seals,124359,QB,VANDERBILT,1,76.5,17,17,3.5,2.62,0,0,0.0,70.6,12,0,7,7.7,20,1,4,333,67.1,45.8,44.9,,0,1,20,0,42.9,57.7,15.0,3,0,0,0,0,1,5.0,87,5.1
11,Garrett Shrader,98212,QB,SYRACUSE,1,58.8,17,17,7.5,2.85,0,1,5.3,52.9,9,0,11,10.0,26,1,3,304,72.6,58.1,54.5,61.1,0,0,28,0,36.4,58.7,15.4,4,5,0,0,0,1,3.6,45,2.6
11,Riley Leonard,143862,QB,DUKE,1,69.2,13,16,5.0,2.81,2,0,0.0,43.8,7,0,14,22.2,22,2,5,154,72.6,53.7,48.2,61.4,0,0,24,0,21.4,60.4,13.6,3,3,0,1,0,1,4.2,84,5.3
11,Jayden Daniels,97993,QB,ARIZONA ST,1,76.9,13,16,7.5,3.48,0,0,0.0,62.5,10,0,12,0.0,22,0,6,110,71.7,67.1,52.1,73.8,0,1,22,0,33.3,72.4,18.2,4,2,0,3,1,1,4.5,90,5.6
11,Braxton Burmeister,60513,QB,VA TECH,1,71.4,14,15,18.4,3.77,0,1,5.6,60.0,9,0,8,10.0,20,1,10,337,69.9,86.6,89.4,65.7,0,1,23,0,0.0,116.0,0.0,0,5,0,1,3,0,0.0,215,14.3
11,Ari Patu,146360,QB,STANFORD,1,69.2,13,14,7.2,2.51,0,1,7.1,50.0,7,0,6,22.2,16,2,4,300,67.4,57.2,56.2,59.9,1,1,16,0,0.0,53.0,0.0,0,2,0,0,1,2,12.5,51,3.6
11,Justin Tomlin,78482,QB,GA SOUTHRN,1,69.2,13,14,11.6,2.79,0,0,0.0,57.1,8,0,3,11.1,14,1,6,174,15.6,29.7,40.1,37.5,0,1,14,0,0.0,97.3,0.0,0,0,0,1,2,2,14.3,127,9.1
11,Cam'Ron Ransom,147110,QB,GA SOUTHRN,1,63.6,11,12,13.8,3.15,0,1,8.3,58.3,7,0,3,0.0,13,0,5,174,71.6,68.4,67.9,62.4,0,0,13,0,0.0,121.9,0.0,0,1,0,1,1,1,7.7,125,10.4
11,Jordan Moore,143865,QB,DUKE,1,63.6,11,12,10.4,2.7,0,2,13.3,50.0,6,0,5,14.3,16,1,4,154,73.6,67.1,51.8,73.7,1,0,20,1,20.0,93.4,6.3,1,3,0,0,1,1,5.0,63,5.3
11,Grant Gremel,101632,QB,INDIANA,1,66.7,12,12,11.1,2.51,0,0,0.0,50.0,6,0,0,25.0,12,2,2,190,66.5,60.9,60.5,,0,0,16,0,,62.2,0.0,0,0,0,0,0,1,6.3,53,4.4
11,Mike Wright Jr.,124366,QB,VANDERBILT,1,70.0,10,11,9.0,3.7,0,1,7.7,63.6,7,0,4,0.0,17,0,5,333,24.3,71.9,76.6,59.3,0,0,19,0,25.0,116.7,5.9,1,5,0,1,2,1,5.3,58,5.3
11,Haaziq Daniels,125263,QB,AIR FORCE,1,44.4,9,11,16.8,3.13,0,1,9.1,36.4,4,0,5,0.0,11,0,2,101,73.0,55.9,49.9,60.6,1,1,11,0,0.0,79.9,0.0,0,0,0,1,2,1,9.1,121,11.0
11,Steven Krajewski,77650,QB,UCONN,1,45.5,11,11,2.5,2.07,0,0,0.0,45.5,5,0,4,0.0,13,0,1,146,67.8,38.6,38.8,54.9,0,0,13,0,0.0,52.5,0.0,0,1,0,0,0,0,0.0,30,2.7
11,Matt Myers,77698,QB,BUFFALO,1,72.7,11,11,11.1,2.65,0,2,16.7,63.6,7,0,7,12.5,13,1,4,126,25.3,61.1,57.8,62.6,0,0,14,0,14.3,114.2,7.7,1,1,0,0,1,2,14.3,76,6.9
11,Jack Tuttle,83580,QB,INDIANA,1,62.5,8,10,11.6,2.64,0,0,0.0,50.0,5,0,7,0.0,11,0,2,190,66.7,38.4,35.0,59.1,1,2,11,0,0.0,16.7,0.0,0,1,0,1,0,1,9.1,26,2.6
11,Joe Milton III,82151,QB,TENNESSEE,1,66.7,9,10,14.1,2.7,1,2,16.7,60.0,6,0,4,0.0,11,0,3,307,67.0,65.7,70.7,59.1,0,0,13,1,25.0,122.1,9.1,1,0,0,0,1,1,7.7,88,8.8
11,Paul Tyson,98363,QB,ALABAMA,1,87.5,8,8,5.1,2.86,0,0,0.0,75.0,6,0,1,14.3,8,1,2,103,64.9,80.7,80.3,,0,0,8,0,0.0,87.0,0.0,0,0,0,0,0,0,0.0,43,5.4
11,Ryan Hilinski,71295,QB,NWESTERN,1,42.9,7,8,9.9,2.5,0,0,0.0,37.5,3,0,3,0.0,9,0,2,256,65.1,43.9,43.2,,1,1,9,0,33.3,6.8,11.1,1,0,0,0,0,0,0.0,25,3.1
11,Hunter Helms,122149,QB,CLEMSON,1,42.9,7,8,10.6,2.01,1,0,0.0,37.5,3,0,1,0.0,8,0,2,140,66.2,44.4,45.1,57.3,0,0,8,0,0.0,55.2,0.0,0,0,0,0,0,1,12.5,42,5.3
11,Isaiah Chavez,128257,QB,NEW MEXICO,1,50.0,6,7,22.8,3.3,0,1,12.5,28.6,2,0,3,33.3,8,1,1,241,70.5,41.8,35.7,56.1,0,1,10,0,0.0,7.7,0.0,0,1,0,1,0,2,20.0,34,4.9
11,Spencer Rattler,97408,QB,OKLAHOMA,1,83.3,6,6,9.8,3.29,0,0,0.0,66.7,4,0,3,20.0,9,1,2,261,65.1,69.0,72.9,57.3,0,0,9,0,66.7,82.6,22.2,2,1,0,0,0,0,0.0,36,6.0
11,Max Johnson,124099,QB,LSU,1,66.7,6,6,12.3,2.96,0,0,0.0,50.0,3,0,2,25.0,8,1,1,211,65.1,72.6,76.5,57.3,0,0,9,0,50.0,58.3,12.5,1,1,0,0,0,0,0.0,21,3.5
11,Chandler Rogers,98683,QB,LA MONROE,1,80.0,5,6,6.2,2.82,0,0,0.0,66.7,4,0,8,0.0,12,0,2,209,22.6,54.7,45.7,65.7,1,0,12,0,62.5,81.9,41.7,5,1,0,0,0,1,8.3,35,5.8
11,Tucker Melton,130376,QB,BOWL GREEN,1,40.0,5,5,7.2,3.12,0,0,0.0,20.0,1,0,2,50.0,5,1,0,122,64.2,25.8,25.5,,0,1,6,0,0.0,0.0,0.0,0,0,0,0,0,2,33.3,2,0.4
11,Hudson Card,123109,QB,TEXAS,1,60.0,5,5,16.6,2.48,0,1,20.0,60.0,3,0,1,0.0,6,0,2,311,63.8,39.8,39.3,,0,1,6,0,100.0,95.4,16.7,1,0,0,0,1,1,16.7,52,10.4
11,Jalen Milroe,146590,QB,ALABAMA,1,75.0,4,5,3.0,3.16,1,0,0.0,40.0,2,0,3,33.3,8,1,2,103,67.2,69.9,44.9,78.1,0,0,8,0,33.3,49.6,12.5,1,2,0,0,0,0,0.0,17,3.4
11,Dylan Plautz,83559,QB,STANFORD,1,40.0,5,5,9.0,2.48,0,0,0.0,40.0,2,0,1,0.0,6,0,1,300,64.2,26.9,27.0,,0,1,6,0,100.0,17.5,16.7,1,0,0,0,0,2,33.3,26,5.2
11,Sam Huard,146463,QB,WASHINGTON,1,60.0,5,5,11.2,2.42,0,0,0.0,60.0,3,0,2,0.0,6,0,0,340,10.3,48.6,47.0,,0,0,6,0,50.0,68.8,16.7,1,0,0,0,0,1,16.7,20,4.0
11,Chance McDonald,145529,QB,W KENTUCKY,1,40.0,5,5,4.4,1.64,0,0,0.0,20.0,1,0,0,50.0,5,1,1,346,63.8,55.4,54.5,,0,1,5,0,,0.0,0.0,0,0,0,0,0,0,0.0,13,2.6
11,Antavious Willis,100883,WR,SO MISS,1,50.0,4,4,18.5,2.98,0,0,0.0,50.0,2,0,2,0.0,6,0,1,296,19.9,38.0,31.7,56.6,0,1,6,2,100.0,24.0,33.3,2,0,0,0,0,1,16.7,19,4.8
11,Billy Wiles,144144,QB,CLEMSON,1,50.0,4,4,10.5,2.1,0,0,0.0,50.0,2,0,0,0.0,4,0,2,140,65.2,59.5,61.8,58.2,0,0,4,0,,115.6,0.0,0,0,0,0,1,0,0.0,31,7.8
11,Evan Conley,97783,QB,LOUISVILLE,1,100.0,2,4,-4.0,2.63,1,0,0.0,50.0,2,0,1,0.0,4,0,0,210,63.3,59.3,57.9,,0,0,4,0,0.0,56.3,0.0,0,0,0,1,0,0,0.0,10,2.5
11,Preston Stone,124716,QB,SMU,1,50.0,4,4,6.0,1.75,0,0,0.0,50.0,2,0,1,0.0,4,0,1,287,63.3,61.2,60.7,,0,0,4,0,0.0,57.3,0.0,0,0,0,0,0,0,0.0,13,3.3
11,Jabari Laws,82085,QB,ARMY,1,100.0,3,3,13.7,2.95,0,1,25.0,100.0,3,0,0,0.0,4,0,2,114,65.5,80.7,83.3,61.3,0,0,5,0,,158.3,0.0,0,1,0,0,1,0,0.0,58,19.3
11,Drew Carter,146312,QB,COLORADO,1,33.3,3,3,3.7,2.43,0,0,0.0,33.3,1,0,1,0.0,4,0,1,143,62.7,56.4,56.1,,0,0,4,0,100.0,42.4,25.0,1,0,0,0,0,0,0.0,8,2.7
11,Frank Gore Jr.,121457,HB,SO MISS,1,66.7,3,3,17.0,3.4,0,1,33.3,66.7,2,0,3,0.0,6,0,1,296,75.7,70.3,83.4,67.4,0,0,6,3,0.0,103.5,0.0,0,3,0,0,0,0,0.0,33,11.0
11,Tyler Buchner,147472,QB,NOTRE DAME,1,100.0,3,3,6.3,2.97,0,0,0.0,100.0,3,0,0,0.0,3,0,3,258,66.6,61.9,53.1,65.7,0,0,4,0,,118.8,0.0,0,0,0,0,0,0,0.0,42,14.0
11,Knox Kadum,99578,QB,VA TECH,1,66.7,3,3,13.0,2.93,0,0,0.0,66.7,2,0,1,0.0,3,0,2,337,64.8,50.8,47.9,60.0,0,0,3,0,0.0,109.7,0.0,0,0,0,0,0,0,0.0,61,20.3
11,Isaiah Sanders,60319,QB,STANFORD,1,33.3,3,3,15.7,4.03,0,0,0.0,33.3,1,0,0,0.0,3,0,1,300,72.3,54.3,51.4,58.3,0,0,3,0,,53.5,0.0,0,0,0,0,0,1,33.3,17,5.7
11,Nick Nash,98679,QB,S JOSE ST,1,0.0,3,3,-2.7,3.6,0,0,0.0,0.0,0,0,3,,7,0,0,285,20.1,52.1,25.2,73.1,0,0,8,0,33.3,39.6,14.3,1,3,0,0,0,1,12.5,0,0.0
11,Armani Rogers,40034,QB,OHIO,1,0.0,2,2,21.5,3.2,0,0,0.0,0.0,0,0,0,,2,0,0,259,73.4,81.3,58.5,76.6,0,0,2,0,,39.6,0.0,0,0,0,0,0,0,0.0,0,0.0
11,Andrew Brito,98674,QB,UCF,1,100.0,2,2,14.5,3.9,0,0,0.0,100.0,2,0,1,0.0,5,0,2,323,63.8,62.6,72.6,53.8,0,0,5,0,100.0,118.8,20.0,1,2,0,0,0,0,0.0,35,17.5
11,Mike DiLiello,121801,QB,MIDDLE TN,1,50.0,2,2,6.5,1.95,0,0,0.0,50.0,1,0,0,0.0,2,0,1,224,69.6,66.0,54.0,67.3,0,0,2,0,,56.3,0.0,0,0,0,0,0,0,0.0,6,3.0
11,Ike Ogbogu,77653,QB,HOUSTON,1,100.0,2,2,15.5,2.6,0,1,50.0,50.0,1,0,1,50.0,2,1,0,182,66.2,82.0,89.7,57.8,0,0,2,0,0.0,56.3,0.0,0,0,0,0,0,0,0.0,5,2.5
11,Grayson James,145214,QB,FIU,1,100.0,2,2,9.0,1.8,0,0,0.0,100.0,2,0,0,0.0,2,0,2,166,61.8,83.9,83.8,,0,0,2,0,,108.3,0.0,0,0,0,0,0,0,0.0,20,10.0
11,DJ Irons,145585,QB,AKRON,1,50.0,2,2,9.5,1.8,0,0,0.0,50.0,1,0,1,0.0,2,0,0,102,64.4,50.0,50.0,59.6,0,0,2,0,0.0,56.3,0.0,0,0,0,0,0,0,0.0,2,1.0
11,Chase Wolf,51692,QB,WISCONSIN,1,50.0,2,2,9.0,2.4,0,0,0.0,50.0,1,0,0,0.0,2,0,1,349,61.8,68.6,67.5,,0,0,2,0,,70.8,0.0,0,0,0,0,0,0,0.0,13,6.5
11,Carter Bradley,77685,QB,TOLEDO,1,0.0,1,1,7.0,1.7,0,0,0.0,0.0,0,0,1,,1,0,0,316,63.7,50.3,53.3,58.4,0,0,1,0,0.0,39.6,0.0,0,0,0,0,0,0,0.0,0,0.0
11,Jared Wayne,99691,WR,PITTSBURGH,1,0.0,1,1,30.0,3.3,0,0,0.0,0.0,0,0,0,,1,0,0,268,64.6,62.5,58.0,,0,0,1,0,,39.6,0.0,0,0,0,0,0,0,0.0,0,0.0
11,Jamarye Joiner,82071,WR,ARIZONA,1,100.0,1,1,4.0,3.0,0,0,0.0,100.0,1,0,1,0.0,2,0,1,109,67.6,66.1,69.3,60.2,0,0,2,0,100.0,83.3,50.0,1,0,0,0,0,0,0.0,4,4.0
11,Johnny Langan,77617,TE,RUTGERS,1,100.0,1,1,-4.0,0.7,0,0,0.0,100.0,1,0,0,0.0,1,0,1,278,70.7,69.4,61.0,63.8,0,0,1,0,,87.5,0.0,0,0,0,0,0,0,0.0,5,5.0
11,Andrew Peasley,83581,QB,UTAH ST,1,,0,1,,3.7,0,0,0.0,0.0,0,0,1,,1,0,0,329,65.9,63.4,60.0,62.8,0,0,1,0,0.0,39.6,0.0,0,0,0,1,0,0,0.0,0,0.0
11,Andrew Erickson,84333,WR,NEW MEXICO,1,0.0,1,1,25.0,3.0,0,0,0.0,0.0,0,0,1,,1,0,0,241,60.3,48.8,50.8,,0,0,1,0,0.0,39.6,0.0,0,0,0,0,0,0,0.0,0,0.0
11,Calvin Turner Jr.,109028,WR,HAWAII,1,,0,1,,6.0,0,0,0.0,0.0,0,0,1,,1,0,0,180,67.7,59.9,60.0,57.6,1,0,1,1,0.0,39.6,0.0,0,0,0,0,0,0,0.0,0,0.0
11,Garrett Dzuro,64526,QB,UMASS,1,100.0,1,1,0.0,1.8,0,0,0.0,0.0,0,0,1,100.0,1,1,0,216,66.2,67.0,62.7,63.0,0,0,2,0,0.0,39.6,0.0,0,0,0,0,0,0,0.0,0,0.0
11,Princeton Fant,62982,TE,TENNESSEE,1,0.0,1,1,28.0,3.0,0,0,0.0,0.0,0,0,0,,1,0,0,307,62.4,56.7,58.9,,0,0,1,0,,39.6,0.0,0,0,0,0,0,0,0.0,0,0.0
11,Cade Ballard,102861,QB,ARMY,1,0.0,1,1,19.0,2.6,0,0,0.0,0.0,0,0,0,,1,0,0,114,71.2,73.6,46.8,74.2,0,0,1,0,,39.6,0.0,0,0,0,0,0,0,0.0,0,0.0
11,Sam Jackson V,144682,QB,TCU,1,100.0,1,1,54.0,4.7,0,1,100.0,100.0,1,0,3,0.0,3,0,1,305,64.8,88.2,90.7,59.6,0,0,3,0,66.7,118.8,66.7,2,0,0,0,0,0,0.0,62,62.0
11,Amad Anderson Jr.,84380,WR,TEMPLE,1,0.0,1,1,18.0,3.5,0,0,0.0,0.0,0,0,0,,1,0,0,306,70.4,41.5,26.9,,0,1,1,0,,0.0,0.0,0,0,0,0,0,1,100.0,0,0.0
11,Dominic Johnson,41594,WR,BUFFALO,1,100.0,1,1,15.0,4.3,0,0,0.0,100.0,1,0,0,0.0,1,0,1,126,65.3,69.2,72.6,,0,0,1,0,,118.8,0.0,0,0,0,0,0,0,0.0,15,15.0
11,Jordan Stout,57649,P,PENN STATE,1,100.0,1,1,13.0,2.8,0,0,0.0,100.0,1,0,0,0.0,1,0,1,266,9.0,40.2,75.4,,0,0,1,0,,118.8,0.0,0,0,0,0,0,0,0.0,18,18.0
11,Cole Kramer,101627,QB,MINNESOTA,1,100.0,1,1,12.0,2.2,0,0,0.0,100.0,1,0,0,0.0,1,0,1,225,63.7,69.1,75.4,57.4,0,0,1,0,,158.3,0.0,0,0,0,0,1,0,0.0,37,37.0
11,Taisun Phommachanh,99577,QB,CLEMSON,1,100.0,1,1,26.0,3.0,0,0,0.0,100.0,1,0,0,0.0,1,0,1,140,67.5,90.9,76.2,73.8,0,0,1,0,,118.8,0.0,0,0,0,0,0,0,0.0,33,33.0
11,Konata Mumpfield,145598,WR,AKRON,1,0.0,1,1,28.0,3.9,0,0,0.0,0.0,0,0,0,,1,0,0,102,68.3,78.9,50.8,,0,0,1,1,,39.6,0.0,0,0,0,0,0,0,0.0,0,0.0
11,Darius Bracy,55048,HB,C MICHIGAN,1,100.0,1,1,-5.0,0.5,0,0,0.0,100.0,1,0,0,0.0,1,0,1,134,69.7,73.8,60.6,74.6,0,0,1,0,,118.8,0.0,0,0,0,0,0,0,0.0,16,16.0
11,Cam Johnson,84497,WR,VANDERBILT,1,100.0,1,1,14.0,4.4,0,0,0.0,100.0,1,0,0,0.0,1,0,1,333,68.5,55.6,72.6,,0,0,1,1,,118.8,0.0,0,0,0,0,0,0,0.0,25,25.0
11,Trevor Wilson,97287,WR,KANSAS,1,0.0,1,1,29.0,4.9,0,0,0.0,0.0,0,0,0,,1,0,0,198,65.6,52.8,37.9,57.7,0,0,1,0,,39.6,0.0,0,0,0,0,0,1,100.0,0,0.0
11,Demetrius Knight Jr.,99728,LB,GA TECH,1,100.0,1,1,-5.0,0.8,0,0,0.0,100.0,1,0,0,0.0,1,0,1,176,60.3,60.5,60.6,,0,0,1,0,,83.3,0.0,0,0,0,0,0,0,0.0,4,4.0
11,Dontayvion Wicks,99711,WR,VIRGINIA,1,,0,1,,3.7,1,0,0.0,0.0,0,0,0,,1,0,0,335,63.7,57.5,60.0,,0,0,1,0,,39.6,0.0,0,0,0,0,0,0,0.0,0,0.0
11,Treylon Burks,99218,WR,ARKANSAS,1,0.0,1,1,28.0,3.9,0,0,0.0,0.0,0,0,1,,1,0,0,111,66.7,50.4,38.9,63.4,0,0,1,0,0.0,39.6,0.0,0,0,0,0,0,1,100.0,0,0.0
11,Oscar Chapman,124403,P,AUBURN,1,0.0,1,1,8.0,2.4,0,0,0.0,0.0,0,0,0,,1,0,0,115,60.3,61.7,62.2,,0,0,1,0,,39.6,0.0,0,0,0,0,0,0,0.0,0,0.0
11,Braxton Barker,82067,QB,ALABAMA,1,100.0,1,1,10.0,2.6,0,0,0.0,100.0,1,0,0,0.0,1,0,1,103,60.3,48.7,48.5,,0,0,1,0,,108.3,0.0,0,0,0,0,0,0,0.0,10,10.0
11,Kyle Monangai,129891,HB,RUTGERS,1,100.0,1,1,-4.0,0.8,0,0,0.0,0.0,0,0,0,100.0,1,1,0,278,68.7,72.7,60.4,71.0,0,0,1,0,,39.6,0.0,0,0,0,0,0,0,0.0,0,0.0
11,T.J. Finley,124093,QB,AUBURN,1,0.0,1,1,5.0,4.35,0,0,0.0,0.0,0,0,1,,2,0,0,115,9.2,25.0,25.6,,0,0,2,0,100.0,39.6,50.0,1,0,0,0,0,1,50.0,0,0.0
11,Ren Hefley,101621,QB,PRESBYTERN,1,76.5,51,56,4.9,2.23,1,1,1.6,64.3,36,0,27,7.7,64,3,17,271,71.6,58.6,55.1,67.5,2,4,70,0,18.5,69.6,7.8,5,3,0,2,3,6,8.6,348,6.2
11,Seth Morgan,103954,QB,VA MILT IN,1,63.5,52,56,10.1,2.2,2,6,10.0,58.9,33,0,20,0.0,58,0,21,336,72.5,70.7,70.3,62.5,0,0,62,0,5.0,99.9,1.7,1,1,0,2,3,1,1.6,415,7.4
11,Eric Barriere,40109,QB,E WASHGTON,1,70.6,51,56,8.6,2.93,3,2,3.4,62.5,35,0,7,2.8,60,1,23,161,71.6,70.3,67.7,66.9,0,0,63,0,0.0,103.1,0.0,0,4,1,1,3,2,3.2,418,7.5
11,Mark Pappas,109046,QB,MOREHEAD,1,57.7,52,55,13.7,2.53,1,5,8.5,47.3,26,0,15,13.3,59,4,21,234,70.7,71.3,68.4,69.4,2,3,63,0,13.3,72.9,3.4,2,2,0,0,4,3,4.8,395,7.2
11,Aqeel Glass,60328,QB,ALAB A&M,1,71.7,53,54,9.6,2.22,0,2,3.3,64.8,35,0,11,7.9,56,3,22,104,71.6,91.2,90.7,68.2,0,0,62,0,18.2,123.1,3.6,2,0,0,1,5,1,1.6,469,8.7
11,Liam Welch,19897,QB,SAMFORD,1,76.0,50,52,5.7,2.19,2,3,5.3,63.5,33,0,8,13.2,59,5,20,282,73.7,80.3,76.2,67.5,0,1,64,0,12.5,98.3,1.7,1,6,0,0,3,0,0.0,401,7.7
11,Spencer Brasch,100574,QB,CAL POLY,1,64.4,45,51,9.0,2.77,1,2,3.8,49.0,25,0,10,13.8,54,4,16,129,71.4,71.8,70.6,63.7,1,0,56,0,10.0,81.6,1.9,1,2,1,3,3,1,1.8,233,4.6
11,Bailey Fisher,88643,QB,GARD-WEBB,1,60.4,48,51,10.1,2.68,2,0,0.0,49.0,25,0,18,13.8,62,4,17,171,26.8,36.8,40.2,45.0,0,2,64,0,27.8,67.9,8.1,5,6,0,1,2,4,6.3,345,6.8
11,Darius Perrantes,103934,QB,DUQUESNE,1,68.1,47,48,10.2,2.67,0,1,1.9,50.0,24,0,9,25.0,50,8,17,155,70.0,50.7,51.0,57.0,0,1,55,1,11.1,84.5,2.0,1,1,0,1,3,2,3.6,329,6.9
11,Zach Gwynn,77654,QB,DELAWARE,1,57.8,45,47,11.7,2.78,0,3,6.3,55.3,26,0,16,0.0,50,0,17,151,70.4,69.7,66.5,71.5,0,2,51,0,18.8,75.8,6.0,3,0,0,2,2,3,5.9,352,7.5
11,Westin Elliott,60433,QB,MERRIMACK,1,70.5,44,47,7.1,2.65,1,3,6.1,63.8,30,0,31,3.2,51,1,13,385,70.2,62.0,65.5,52.0,2,1,53,1,6.5,75.9,3.9,2,2,0,0,1,2,3.8,253,5.4
11,Parker McKinney,82109,QB,E KENTUCKY,1,75.6,41,45,8.5,2.41,2,2,4.3,62.2,28,0,17,9.7,50,3,16,159,70.9,73.2,75.0,56.9,0,1,53,0,11.8,90.3,4.0,2,3,0,2,2,2,3.8,333,7.4
11,Cole Johnson,29785,QB,JAMES MAD,1,66.7,42,44,10.3,3.04,0,5,10.9,54.5,24,0,13,14.3,51,4,16,197,71.6,72.5,73.3,59.6,0,0,53,0,7.7,86.7,2.0,1,6,0,2,1,0,0.0,334,7.6
11,Eric Schmid,66632,QB,SM HOUSTON,1,72.5,40,44,11.2,2.48,1,4,8.5,61.4,27,0,4,6.9,49,2,17,281,71.2,78.5,82.0,57.2,0,0,52,0,0.0,113.1,0.0,0,5,0,3,3,0,0.0,392,8.9
11,Rogan Wells,149999,QB,W CAROLINA,1,83.8,37,43,8.5,3.19,0,3,7.0,69.8,30,0,10,3.2,48,1,16,344,72.2,67.2,66.6,57.6,0,2,48,0,20.0,108.9,4.2,2,3,0,6,4,2,4.2,382,8.9
11,Jack Chambers,60359,QB,CHARLES SO,1,77.1,35,40,6.5,2.47,0,3,6.8,60.0,24,0,15,11.1,49,3,12,135,71.6,64.1,62.9,61.5,0,1,53,0,20.0,87.1,6.1,3,5,0,5,2,2,3.8,276,6.9
11,Cam Humphrey,39886,QB,MONTANA,1,64.9,37,39,9.7,2.76,0,2,5.1,53.8,21,0,8,12.5,44,3,12,232,69.4,56.1,59.6,48.0,1,1,46,0,12.5,66.2,2.3,1,4,1,0,0,2,4.3,280,7.2
11,Sagan Gronauer,105567,QB,IDAHO ST,1,74.3,35,39,7.9,2.76,4,1,2.4,61.5,24,0,9,7.7,45,2,13,186,70.8,68.1,70.8,54.0,0,2,49,1,33.3,78.7,6.7,3,2,0,0,2,1,2.0,277,7.1
11,Joseph Brunell,109021,QB,GEORGETOWN,1,69.4,36,39,6.4,2.26,0,1,2.5,59.0,23,0,14,8.0,43,2,13,172,71.6,67.8,63.7,72.9,1,0,44,1,21.4,81.6,7.0,3,1,1,1,1,0,0.0,204,5.2
11,Zevi Eckhaus,148535,QB,BRYANT,1,86.8,38,38,7.4,2.06,0,2,5.1,76.3,29,0,7,12.1,39,4,18,124,70.3,91.8,92.7,54.8,0,0,40,0,0.0,122.3,0.0,0,1,0,0,2,0,0.0,356,9.4
11,Cody Orgeron,23693,QB,MCNEESE,1,61.8,34,37,10.7,2.98,0,0,0.0,51.4,19,0,8,9.5,47,2,17,217,69.5,71.1,69.0,64.7,0,0,47,0,12.5,86.0,2.1,1,8,0,3,2,0,0.0,205,5.5
11,Davis Alexander,52162,QB,PORTLAND,1,62.2,37,37,9.5,2.61,0,3,7.3,59.5,22,0,13,4.3,40,1,11,269,35.0,53.4,52.4,60.0,0,3,44,0,15.4,61.2,5.0,2,0,0,0,2,6,13.6,225,6.1
11,Kaleb Fletcher,60499,QB,NWSTATE,1,62.9,35,37,10.1,2.82,0,2,5.0,59.5,22,0,12,0.0,42,0,12,257,74.6,72.4,66.4,70.5,1,2,45,0,25.0,72.6,7.1,3,2,0,1,2,0,0.0,226,6.1
11,Aidan Sayin,148974,QB,PENN,1,67.6,34,37,10.9,2.41,2,2,5.0,54.1,20,0,16,13.0,39,3,11,267,35.1,35.3,35.0,58.6,0,3,42,1,12.5,36.7,5.1,2,0,0,1,0,7,16.7,207,5.6
11,Orion Olivas,155517,QB,HOU BAPT,1,65.6,32,37,6.1,2.36,2,0,0.0,48.6,18,0,20,14.3,41,3,9,183,70.5,53.9,50.9,66.6,2,3,44,0,15.0,28.7,7.3,3,1,0,1,0,2,4.5,176,4.8
11,Nolan Grooms,108987,QB,YALE,1,48.5,33,36,8.2,3.11,1,3,8.3,38.9,14,0,20,12.5,49,2,7,352,70.8,45.8,43.3,61.6,0,3,51,2,10.0,12.3,4.1,2,11,0,2,0,3,5.9,102,2.8
11,E.J. Perry,60349,QB,BROWN,1,74.3,35,36,7.4,2.18,0,2,5.6,61.1,22,0,10,15.4,43,4,13,123,41.0,84.9,85.5,65.2,0,1,43,0,30.0,67.6,7.0,3,4,0,1,0,0,0.0,226,6.3
11,Alex Piccirilli,109065,QB,STETSON,1,71.9,32,35,11.2,3.26,0,1,2.9,51.4,18,0,15,21.7,45,5,13,302,72.9,72.9,69.0,67.6,0,3,46,0,20.0,43.7,6.7,3,7,0,3,1,2,4.3,210,6.0
11,Jawon Pass,40916,QB,PRVIEW A&M,1,73.5,34,35,9.0,2.49,0,2,5.4,68.6,24,0,4,4.0,37,1,12,270,37.8,64.8,60.6,68.2,0,0,39,0,50.0,127.7,5.4,2,0,0,1,3,3,7.7,335,9.6
11,Anthony Thompson,40036,QB,INDIANA ST,1,80.6,31,34,8.8,2.55,1,2,5.6,64.7,22,0,11,12.0,37,3,12,191,30.3,68.5,67.9,,0,2,39,0,27.3,76.1,8.1,3,0,0,2,2,2,5.1,204,6.0
11,Jason Shelley,60581,QB,MO STATE,1,77.4,31,33,6.9,3.07,1,1,3.0,66.7,22,0,14,8.3,43,2,15,230,70.9,66.6,68.3,58.5,0,0,44,0,21.4,108.1,7.0,3,7,0,1,1,1,2.3,320,9.7
11,Dante Perri,143112,QB,LEHIGH,1,83.3,30,32,8.3,2.59,0,0,0.0,68.8,22,0,4,12.0,33,3,13,205,33.4,58.0,66.4,41.5,0,0,33,0,0.0,113.9,0.0,0,1,0,2,2,1,3.0,259,8.1
11,Blake Dever,46546,QB,N ALABAMA,1,83.9,31,32,6.5,2.79,0,2,5.9,65.6,21,0,17,19.2,38,5,11,389,70.7,68.0,72.1,54.2,1,1,40,0,17.6,107.4,7.9,3,3,0,0,3,2,5.0,249,7.8
11,Jett Duffey,41634,QB,HAMPTON,1,70.0,30,32,12.1,3.2,1,0,0.0,59.4,19,0,20,9.5,40,2,14,178,73.2,71.0,70.6,63.1,0,2,43,0,15.0,55.6,7.5,3,5,0,1,0,2,4.7,231,7.2
11,Trae Self,103962,QB,STF AUSTIN,1,70.0,30,31,9.9,2.53,0,4,11.8,58.1,18,0,13,14.3,37,3,13,301,71.1,81.3,77.3,70.5,0,1,40,0,7.7,104.4,2.7,1,5,0,1,3,0,0.0,261,8.4
11,Jeff Undercuffler,78501,QB,ALBANY,1,63.3,30,31,12.1,2.16,1,1,3.1,54.8,17,0,4,10.5,32,2,13,106,69.0,79.4,76.9,65.6,0,0,33,0,0.0,111.2,0.0,0,1,0,0,2,0,0.0,312,10.1
11,Quinton Williams,102366,QB,HOWARD,1,75.9,29,31,13.1,2.9,1,0,0.0,71.0,22,0,9,0.0,37,0,15,184,69.4,56.7,55.5,61.9,0,0,39,0,33.3,118.1,8.1,3,3,0,1,1,1,2.6,343,11.1
11,Ryan Nettles,102339,QB,ALABAMA ST,1,58.1,31,31,10.1,2.37,0,2,6.3,58.1,18,0,9,0.0,35,0,11,105,69.7,34.9,34.6,53.3,0,3,36,0,22.2,73.0,5.7,2,2,0,0,3,4,11.1,222,7.2
11,Ethan Grady,149266,QB,BUCKNELL,1,56.7,30,31,7.2,1.94,0,0,0.0,51.6,16,0,10,5.9,33,1,8,125,68.5,51.6,50.9,,1,1,34,0,20.0,49.9,6.1,2,0,0,0,0,2,5.9,136,4.4
11,Ian Corwin,109017,QB,DRAKE,1,71.0,31,31,10.0,2.49,0,1,2.9,54.8,17,0,11,22.7,36,5,9,153,69.8,42.5,41.2,58.2,0,4,39,0,27.3,43.3,8.3,3,2,0,0,1,6,15.4,181,5.8
11,Shedeur Sanders,131396,QB,JACKSON ST,1,83.3,30,31,9.8,3.24,0,3,9.7,77.4,24,0,12,4.0,42,1,15,194,69.6,81.2,90.0,53.3,0,2,42,1,25.0,96.4,7.1,3,8,0,1,2,0,0.0,262,8.5
11,Rasean McKay,88321,QB,FL A&M,1,74.2,31,31,12.0,2.41,0,2,5.9,71.0,22,0,13,4.3,34,1,15,164,68.9,89.4,90.5,56.7,0,0,38,1,15.4,148.8,5.9,2,1,0,0,5,0,0.0,357,11.5
11,Draylen Ellis,121346,QB,AUSTINPEAY,1,66.7,30,31,13.2,2.8,0,1,3.1,54.8,17,0,13,15.0,39,3,8,116,70.7,60.1,53.2,71.7,0,0,40,0,38.5,109.5,12.8,5,2,0,1,2,0,0.0,299,9.6
11,Theo Day,83515,QB,N IOWA,1,67.9,28,30,12.0,3.32,0,2,6.5,56.7,17,0,18,10.5,38,2,14,255,31.8,62.8,66.7,51.2,2,2,39,0,16.7,76.8,7.9,3,5,0,0,2,3,7.7,238,7.9
11,Cam Ward,133244,QB,INCAR WORD,1,65.4,26,30,5.0,2.6,2,0,0.0,43.3,13,0,9,23.5,35,4,5,189,15.6,33.7,34.3,51.8,2,2,40,0,11.1,47.6,2.9,1,3,0,0,2,2,5.0,108,3.6
11,Chris Oladokun,40364,QB,S DAK ST,1,85.2,27,30,8.6,3.05,1,1,3.2,73.3,22,0,8,4.3,32,1,12,292,68.5,77.1,78.1,58.5,0,2,34,0,0.0,76.5,0.0,0,2,0,2,1,1,2.9,216,7.2
11,Miles Hastings,103943,QB,UC DAVIS,1,69.2,26,29,6.9,2.7,1,0,0.0,62.1,18,0,9,0.0,31,0,7,322,68.8,53.2,54.0,55.9,0,1,31,0,0.0,70.9,0.0,0,1,0,2,1,1,3.2,139,4.8
11,Dylan Earney,102349,QB,CAMPBELL,1,78.6,28,29,12.3,2.53,0,4,12.5,55.2,16,0,14,27.3,36,6,10,131,68.8,84.8,90.3,47.5,1,0,39,0,21.4,87.7,8.3,3,4,0,0,1,2,5.1,196,6.8
11,Cole Smith,109050,QB,PRINCETON,1,70.4,27,29,9.9,2.68,1,1,3.4,65.5,19,0,11,0.0,36,0,13,272,43.0,71.6,72.9,61.9,0,1,37,0,27.3,116.0,8.3,3,4,1,0,3,1,2.7,273,9.4
11,C.J. Ogbonna,149182,QB,SE MO ST,1,70.8,24,29,12.1,2.69,3,2,6.5,51.7,15,0,10,11.8,32,2,9,293,70.9,71.2,73.0,56.9,0,1,34,1,30.0,64.4,9.4,3,0,0,2,0,3,8.8,234,8.1
11,Felix Harper,13753,QB,ALCORN ST,1,70.4,27,28,13.7,2.97,1,2,7.1,64.3,18,0,15,5.3,33,1,12,107,69.9,89.2,90.1,63.7,0,0,33,0,13.3,118.6,6.1,2,3,0,0,2,0,0.0,263,9.4
11,John-Paul Pierce,82125,QB,GRAMBLING,1,48.1,27,28,15.3,3.21,0,1,3.1,42.9,12,0,9,7.7,33,1,6,177,24.5,29.9,28.6,62.9,0,2,37,0,44.4,46.6,12.1,4,1,0,1,2,5,13.5,99,3.5
11,Nic Baker,87541,QB,S ILLINOIS,1,67.9,28,28,10.9,2.39,0,3,9.4,64.3,18,0,8,5.3,28,1,9,295,69.9,65.7,66.7,65.7,0,0,32,0,0.0,115.0,0.0,0,0,0,0,2,1,3.1,239,8.5
11,Luke Emge,109025,QB,HARVARD,1,50.0,28,28,12.0,2.35,0,1,3.3,46.4,13,0,10,7.1,34,1,7,179,70.5,48.4,42.2,69.9,0,0,36,0,40.0,65.6,11.8,4,2,0,0,0,2,5.6,167,6.0
11,Kohen Granier,63573,QB,NICHOLLS,1,73.1,26,27,9.3,2.35,1,1,3.3,66.7,18,0,1,5.3,28,1,10,243,68.8,63.0,60.6,69.4,0,0,31,1,0.0,99.5,0.0,0,1,0,0,1,2,6.5,191,7.1
11,Tim Demorat,78498,QB,FORDHAM,1,57.7,26,27,14.4,2.49,1,3,10.7,44.4,12,0,8,20.0,31,3,9,168,70.3,56.6,57.7,54.7,0,1,32,0,50.0,82.8,12.9,4,0,0,0,2,2,6.3,223,8.3
11,Carson Camp,141837,QB,S DAKOTA,1,77.8,27,27,13.6,2.61,0,3,10.3,70.4,19,0,11,9.5,29,2,13,291,68.3,91.0,91.3,57.3,0,1,31,0,9.1,114.3,3.4,1,1,0,0,2,1,3.2,287,10.6
11,Davis Cheek,55146,QB,ELON,1,73.1,26,27,10.9,3.19,0,1,3.4,59.3,16,0,7,15.8,30,3,11,162,69.9,83.0,84.2,60.6,0,0,32,0,0.0,102.4,0.0,0,3,0,1,1,0,0.0,250,9.3
11,Peyton Mansell,82135,QB,ABILENE CH,1,88.5,26,27,2.2,2.32,0,1,3.7,77.8,21,0,3,8.7,31,2,10,100,72.3,76.0,83.4,59.3,0,1,31,0,33.3,88.4,3.2,1,3,0,1,1,1,3.2,161,6.0
11,Joe Fagnano,104768,QB,MAINE,1,70.8,24,27,7.5,2.71,0,2,6.9,59.3,16,0,10,5.9,28,1,7,212,69.3,64.8,66.5,54.2,1,0,30,0,0.0,108.4,0.0,0,1,0,2,2,1,3.3,209,7.7
11,Shon Mitchell,60610,QB,CENT CT ST,1,69.2,26,27,14.9,2.78,0,1,3.7,55.6,15,0,3,16.7,29,3,11,133,33.4,67.3,67.8,59.5,0,0,29,0,33.3,115.7,3.4,1,1,0,1,2,2,6.9,276,10.2
11,Cole Copeland,63563,QB,CHATTNOOGA,1,64.0,25,27,10.4,3.18,0,0,0.0,51.9,14,0,8,12.5,30,2,9,137,35.8,52.8,52.7,57.3,1,2,30,0,25.0,38.8,6.7,2,1,0,1,0,2,6.7,158,5.9
11,Breylin Smith,33893,QB,CENT ARK,1,76.0,25,26,7.6,2.85,0,1,3.4,61.5,16,0,13,15.8,33,3,8,132,69.7,68.7,73.5,55.1,0,1,36,1,23.1,76.0,9.1,3,4,0,1,1,1,2.8,161,6.2
11,Zerrick Cooper,40465,QB,JVILLE ST,1,73.9,23,26,10.0,2.55,1,1,3.6,61.5,16,0,5,5.9,28,1,13,196,34.1,67.0,73.7,49.1,0,0,30,0,20.0,130.9,3.6,1,0,0,2,3,0,0.0,244,9.4
11,Austin Day,106411,QB,MARIST,1,70.8,24,26,10.5,2.21,2,4,15.4,57.7,15,0,10,11.8,30,2,9,213,69.3,90.0,82.9,78.8,0,0,30,0,30.0,132.2,10.0,3,1,0,0,4,0,0.0,265,10.2
11,Jalani Eason,52172,QB,MS VLY ST,1,52.2,23,25,9.6,2.41,1,2,8.0,48.0,12,0,8,0.0,26,0,7,228,69.5,74.1,72.4,64.3,0,0,26,0,12.5,120.8,3.8,1,0,0,1,2,1,3.8,320,12.8
11,Jake Dunniway,60572,QB,SACRAMENTO,1,79.2,24,25,10.8,2.28,0,5,19.2,64.0,16,0,2,15.8,25,3,11,279,68.4,92.0,92.6,57.3,0,0,26,0,0.0,115.4,0.0,0,0,1,0,1,0,0.0,280,11.2
11,Tony Muskett,142933,QB,MONMOUTH,1,80.0,25,25,6.6,2.72,0,0,0.0,68.0,17,0,7,15.0,30,3,12,231,69.4,69.9,71.8,56.0,0,0,32,0,42.9,137.0,10.0,3,2,0,0,4,1,3.1,232,9.3
11,Glendon McDaniel,78483,QB,SOUTHERN U,1,69.6,23,24,6.9,2.82,0,0,0.0,66.7,16,0,8,0.0,26,0,7,297,69.1,51.9,59.4,40.9,0,1,27,0,25.0,84.7,7.7,2,0,0,1,1,0,0.0,176,7.3
11,Skyler Perry,82082,QB,ARKAPB,1,59.1,22,24,11.9,2.84,1,0,0.0,54.2,13,0,12,0.0,30,0,7,112,70.3,68.8,66.9,64.0,0,3,31,0,41.7,34.2,16.7,5,1,0,1,0,0,0.0,153,6.4
11,Ben Nimz,109067,QB,VALPO,1,83.3,24,24,10.4,2.38,0,3,12.5,79.2,19,0,8,5.0,25,1,12,332,68.9,91.8,92.4,63.9,0,0,25,1,12.5,148.1,4.0,1,0,0,0,3,0,0.0,241,10.0
11,Vincent Amendola,99580,QB,TOWSON,1,68.2,22,24,7.5,2.97,0,1,4.2,41.7,10,0,7,33.3,28,5,5,317,70.1,67.0,57.6,74.7,1,0,28,0,28.6,66.1,7.1,2,2,0,1,1,0,0.0,89,3.7
11,Juwan Carter,91113,QB,NORFOLK,1,62.5,24,24,9.1,2.47,0,1,4.0,54.2,13,0,4,13.3,27,2,10,244,68.6,64.6,63.3,61.0,0,2,28,0,25.0,48.1,3.7,1,2,0,0,1,1,3.6,125,5.2
11,Jace Wilson,149892,QB,FURMAN,1,56.5,23,24,14.0,3.04,0,1,4.2,54.2,13,0,11,0.0,33,0,11,170,21.5,49.8,50.5,53.8,0,0,33,0,36.4,121.7,12.1,4,5,0,1,2,3,9.1,269,11.2
11,Andrew Body,155202,QB,TEXAS STHN,1,58.3,24,24,13.3,2.74,0,3,12.0,54.2,13,0,13,7.1,25,1,10,313,71.4,77.5,76.3,68.6,0,0,26,1,0.0,138.7,0.0,0,1,0,0,4,0,0.0,299,12.5
11,Kasim Hill,60444,QB,RHODE ISLD,1,52.2,23,23,10.6,2.8,0,1,4.3,52.2,12,0,11,0.0,30,0,10,274,34.4,64.0,60.2,65.2,0,0,30,0,45.5,125.2,16.7,5,2,0,0,4,1,3.3,221,9.6
11,Cole Kelley,39945,QB,SE LA,1,95.5,22,23,15.2,2.52,0,7,30.4,87.0,20,0,4,4.8,25,1,14,294,70.0,96.8,97.3,64.8,0,0,25,0,50.0,158.3,8.0,2,0,0,1,4,0,0.0,379,16.5
11,Louis Colosimo,64186,QB,DAVIDSON,1,50.0,22,23,14.9,2.13,0,1,4.0,43.5,10,0,6,9.1,24,1,7,149,71.0,58.7,46.2,78.0,0,2,26,0,16.7,23.3,4.2,1,0,1,0,0,2,7.7,117,5.1
11,Kobe Tracy,141317,QB,DIXIE,1,78.3,23,23,14.0,2.87,0,3,13.0,78.3,18,0,2,0.0,24,0,12,1285,67.6,90.8,90.4,64.3,0,0,24,0,0.0,157.2,0.0,0,1,0,0,3,0,0.0,281,12.2
11,Joe Green,101283,QB,COLUMBIA,1,63.6,22,23,13.3,2.63,0,2,8.7,52.2,12,0,3,14.3,24,2,7,145,69.9,64.1,65.4,56.2,0,1,24,0,0.0,99.8,0.0,0,1,0,1,3,2,8.3,181,7.9
11,Marquez McCray,109056,QB,SACR HEART,1,71.4,21,23,12.7,3.61,0,3,11.5,56.5,13,0,10,13.3,28,2,10,280,68.8,87.0,85.8,65.2,0,1,31,0,30.0,84.3,10.7,3,2,1,1,1,0,0.0,214,9.3
11,Jared Lewis,108959,QB,DELWARE ST,1,54.5,22,22,15.1,3.19,0,3,12.5,50.0,11,0,12,8.3,27,1,9,152,70.2,66.1,70.7,56.2,0,2,29,1,16.7,86.2,7.4,2,3,0,0,3,2,6.9,215,9.8
11,Mitch Davidson,138334,QB,YNGTOWN ST,1,57.9,19,22,15.3,2.79,1,2,8.3,45.5,10,0,15,9.1,27,1,7,353,27.3,58.3,60.8,51.9,1,1,29,0,20.0,82.8,11.1,3,2,0,1,2,2,6.9,166,7.5
11,Joe Mancuso,40312,QB,RICHMOND,1,71.4,21,21,10.2,2.36,0,1,4.8,61.9,13,0,0,13.3,22,2,11,276,74.6,83.7,80.2,70.8,0,0,22,0,,128.8,0.0,0,1,0,0,3,0,0.0,179,8.5
11,Devin Black,78526,QB,BETH COOK,1,55.0,20,21,11.4,2.31,0,1,4.8,38.1,8,0,13,27.3,27,3,6,119,69.6,53.9,51.7,59.4,1,0,27,0,30.8,57.2,14.8,4,2,0,0,0,1,3.7,118,5.6
11,Daniel Smith,88625,QB,VILLANOVA,1,61.9,21,21,13.5,2.54,0,2,8.3,42.9,9,0,8,30.8,23,4,5,334,68.4,63.3,64.6,54.2,0,0,26,0,0.0,89.9,0.0,0,1,0,0,3,0,0.0,61,2.9
11,George Martin,103959,QB,ROB MORRIS,1,66.7,21,21,9.2,2.0,0,1,4.3,47.6,10,0,5,28.6,21,4,6,277,67.5,50.1,49.4,,0,1,23,0,0.0,62.2,0.0,0,0,0,0,1,2,8.7,123,5.9
11,Camden Orth,108965,QB,LIUSHAR,1,66.7,18,21,6.6,2.72,1,0,0.0,42.9,9,0,12,25.0,24,3,6,1298,29.4,55.2,57.2,55.1,0,0,24,0,16.7,83.0,8.3,2,1,0,2,1,0,0.0,148,7.0
11,Davius Richard,109077,QB,NC CENT,1,80.0,20,21,10.9,2.56,1,0,0.0,66.7,14,0,3,12.5,23,2,11,247,70.0,72.9,66.1,72.1,0,0,25,0,0.0,103.9,0.0,0,2,0,0,0,1,4.0,233,11.1
11,Niko Haen,141633,QB,N ARIZONA,1,47.6,21,21,10.1,2.6,0,0,0.0,47.6,10,0,7,0.0,26,0,3,252,27.0,29.2,30.2,46.5,0,2,26,0,28.6,17.9,7.7,2,3,0,0,0,2,7.7,79,3.8
11,Ah-Shaun Davis,149376,QB,LAFAYETTE,1,47.1,17,21,7.9,2.94,0,0,0.0,38.1,8,0,6,0.0,23,0,5,203,69.3,56.4,52.0,63.0,0,0,23,0,0.0,46.3,0.0,0,2,2,2,0,0,0.0,61,2.9
11,Matthew Sluka,143059,QB,HOLY CROSS,1,73.7,19,20,15.8,2.61,1,5,25.0,55.0,11,0,4,21.4,21,3,9,181,74.9,93.6,93.3,76.9,0,0,21,0,0.0,133.3,0.0,0,1,0,0,2,0,0.0,272,13.6
11,Steven Duncan,40211,QB,TARLETON,1,52.6,19,20,12.7,2.69,0,0,0.0,45.0,9,0,3,10.0,21,1,4,401,22.5,29.1,31.5,42.4,0,1,21,0,0.0,43.3,0.0,0,1,0,1,0,1,4.8,118,5.9
11,Keon Howard,40418,QB,TENN MARTN,1,78.9,19,20,5.2,2.25,1,0,0.0,70.0,14,0,5,6.7,22,1,6,310,69.3,59.8,48.1,75.3,0,0,23,0,20.0,123.1,4.5,1,1,0,0,2,2,8.7,141,7.1
11,Fred Payton,82102,QB,MERCER,1,64.7,17,20,9.5,3.17,1,1,5.0,45.0,9,0,9,18.2,28,2,5,219,71.0,44.5,41.0,61.6,0,1,28,2,11.1,55.2,3.6,1,7,0,2,1,1,3.6,95,4.8
11,Chayil Garnett,123986,QB,TENN STATE,1,57.9,19,19,9.3,3.58,0,0,0.0,47.4,9,0,6,18.2,23,2,5,308,25.9,47.9,47.8,57.5,0,1,23,0,16.7,58.0,4.3,1,3,0,0,1,2,8.7,95,5.0
11,Corey Fields Jr.,78539,QB,SCAR STATE,1,44.4,18,19,14.7,2.37,1,0,0.0,31.6,6,0,3,25.0,19,2,2,290,25.5,39.7,42.4,51.7,0,0,20,0,0.0,40.9,0.0,0,0,0,0,0,2,10.0,53,2.8
11,Kingsley Ifedi,60367,QB,NC A&T,1,50.0,18,18,12.6,2.88,0,1,5.3,44.4,8,0,9,11.1,21,1,4,246,27.6,46.9,44.8,58.6,0,0,22,0,22.2,105.1,9.5,2,1,0,0,2,1,4.5,125,6.9
11,Zach Borisch,83230,HB,IDAHO,1,60.0,15,18,12.5,3.81,1,1,5.6,44.4,8,0,16,11.1,26,1,6,185,74.5,63.3,51.0,71.6,0,0,26,2,37.5,94.0,23.1,6,2,0,2,1,2,7.7,157,8.7
11,Bret Bushka,108927,QB,BUTLER,1,64.7,17,18,7.8,3.63,0,0,0.0,50.0,9,0,6,18.2,22,2,2,127,31.3,61.7,65.2,56.8,0,0,22,0,16.7,64.1,4.5,1,3,0,1,0,0,0.0,88,4.9
11,Daelyn Williams,150337,QB,LAMAR,1,43.8,16,18,10.1,2.6,0,0,0.0,33.3,6,0,10,14.3,22,1,3,204,69.3,48.2,45.3,59.1,0,0,23,0,30.0,42.4,13.6,3,1,0,2,0,1,4.3,53,2.9
11,Bronson Barron,141710,QB,WEBER ST,1,93.8,16,18,12.8,2.6,0,3,16.7,72.2,13,0,4,13.3,21,2,10,342,67.9,92.5,92.7,61.6,0,0,21,0,50.0,153.9,9.5,2,1,0,2,3,0,0.0,225,12.5
11,Derek Kyler,109012,QB,DARTMOUTH,1,82.4,17,18,9.1,2.67,0,0,0.0,77.8,14,0,7,0.0,20,0,8,148,68.5,73.6,73.6,60.6,0,0,20,0,28.6,127.3,10.0,2,0,0,1,1,0,0.0,182,10.1
11,Tyquell Fields,51615,QB,STNY BROOK,1,50.0,16,18,9.4,2.64,0,0,0.0,22.2,4,0,9,50.0,21,4,2,303,70.3,49.0,40.1,66.0,1,1,22,0,22.2,16.4,9.5,2,1,0,1,0,1,4.5,42,2.3
11,Tyler Riddell,102355,QB,E TENN ST,1,53.3,15,17,7.0,2.8,1,0,0.0,41.2,7,0,3,12.5,19,1,6,157,25.5,43.2,37.2,62.1,0,0,20,0,33.3,102.6,5.3,1,1,0,1,2,1,5.0,110,6.5
11,Quincy Hill,78485,QB,SCAR STATE,1,62.5,16,17,10.3,2.38,0,1,5.9,58.8,10,0,6,0.0,19,0,3,290,73.3,62.8,68.8,57.8,0,1,19,1,16.7,59.9,5.3,1,1,0,1,0,0,0.0,136,8.0
11,Duce Taylor,150493,QB,MORGAN ST,1,76.5,17,17,6.1,3.04,0,0,0.0,58.8,10,0,9,23.1,22,3,5,235,16.4,49.2,63.3,33.7,0,0,26,0,11.1,71.9,4.5,1,4,0,0,0,2,7.7,85,5.0
11,Justin Miller,103941,QB,SO UTAH,1,52.9,17,17,8.4,2.83,0,0,0.0,47.1,8,0,3,11.1,19,1,2,298,67.1,36.9,32.8,62.1,0,3,20,0,33.3,15.2,5.3,1,1,0,0,0,2,10.0,55,3.2
11,DJ Williams,138061,QB,MURRAY ST,1,66.7,15,17,11.3,3.43,1,1,5.6,58.8,10,0,8,0.0,20,0,8,236,72.5,69.4,49.3,82.1,0,2,21,0,0.0,54.4,0.0,0,3,0,1,0,2,9.5,175,10.3
11,Jack Cook,109015,QB,DAYTON,1,66.7,15,16,7.4,2.57,0,1,5.9,56.3,9,0,4,10.0,19,1,6,150,69.1,67.0,56.4,75.8,0,0,20,0,50.0,114.6,10.5,2,1,0,1,2,1,5.0,100,6.3
11,Bret Edwards,88638,QB,NEW HAMP,1,62.5,16,16,13.2,4.11,0,0,0.0,62.5,10,0,12,0.0,25,0,5,240,67.7,54.3,56.7,53.8,0,0,25,0,33.3,76.3,16.0,4,5,0,0,0,1,4.0,85,5.3
11,Tommy Herion,88637,QB,NEW HAMP,1,40.0,15,15,12.0,2.48,0,0,0.0,33.3,5,0,3,16.7,16,1,1,240,66.4,56.7,56.4,,0,1,16,0,33.3,16.0,6.3,1,0,0,0,0,1,6.3,50,3.3
11,Justin Sliwoski,77612,QB,ST FRANCIS,1,46.7,15,15,9.2,3.34,0,0,0.0,46.7,7,0,12,0.0,22,0,4,299,68.7,60.5,52.5,68.0,0,0,22,1,16.7,89.6,9.1,2,5,0,0,1,0,0.0,95,6.3
11,Cade Sexauer,111800,QB,STTHOM,1,61.5,13,15,11.2,2.66,0,1,6.7,53.3,8,0,4,0.0,18,0,6,1129,24.6,51.2,48.5,60.0,0,1,18,0,50.0,49.6,11.1,2,1,1,1,0,2,11.1,111,7.4
11,Willie Miller,104799,QB,TENN TECH,1,46.7,15,15,11.6,3.27,0,0,0.0,46.7,7,0,0,0.0,15,0,2,309,72.1,60.2,42.0,75.5,0,1,15,1,,30.4,0.0,0,0,0,0,0,3,20.0,62,4.1
11,Lindsey Scott Jr.,40219,QB,NICHOLLS,1,71.4,14,14,8.1,3.43,0,1,7.1,57.1,8,0,7,20.0,16,2,6,243,71.1,75.8,65.6,73.3,0,1,16,0,0.0,43.8,0.0,0,2,0,0,0,0,0.0,80,5.7
11,Richie Kenney,91723,QB,CORNELL,1,45.5,11,14,14.7,2.62,1,0,0.0,28.6,4,0,3,20.0,14,1,1,147,66.2,31.7,31.5,,1,0,14,0,0.0,39.6,0.0,0,0,0,1,0,2,14.3,34,2.4
11,Michael Brescia,149295,QB,COLGATE,1,64.3,14,14,12.9,3.52,0,2,13.3,57.1,8,0,5,11.1,18,1,5,142,76.0,84.4,59.4,84.1,0,1,19,0,40.0,61.0,11.1,2,2,0,0,0,1,5.3,138,9.9
11,Hollis Mathis,104797,QB,WM & MARY,1,57.1,14,14,14.4,2.6,0,0,0.0,57.1,8,0,1,0.0,16,0,6,348,69.7,56.8,52.3,62.6,0,1,17,0,100.0,81.8,6.3,1,1,0,0,1,1,5.9,128,9.1
11,Matthew McKay,60485,QB,MONTANA ST,1,71.4,14,14,8.6,2.04,0,1,7.1,64.3,9,0,4,10.0,16,1,5,233,67.4,44.6,39.7,62.0,0,1,16,0,25.0,56.8,6.3,1,1,0,0,0,2,12.5,104,7.4
11,Cam Miller,125299,QB,N DAK ST,1,76.9,13,14,11.9,3.27,0,1,6.7,71.4,10,0,5,0.0,18,0,8,250,68.4,83.4,84.7,64.4,0,0,19,0,0.0,151.5,0.0,0,4,0,1,2,0,0.0,169,12.1
11,Neil Boudreau,44632,QB,MORGAN ST,1,60.0,10,13,6.0,2.75,1,0,0.0,46.2,6,0,10,0.0,19,0,3,235,67.7,42.2,48.7,47.2,0,0,19,1,30.0,53.0,15.8,3,3,0,2,0,0,0.0,32,2.5
11,Dq Vinson,103946,QB,WAGNER,1,55.6,9,12,12.7,3.63,1,0,0.0,33.3,4,0,13,20.0,21,1,4,338,31.3,47.3,54.5,49.2,0,0,22,0,46.2,42.4,28.6,6,3,0,2,0,1,4.5,35,2.9
11,Peyton Derrick,60329,QB,WOFFORD,1,58.3,12,12,14.1,2.3,0,1,7.1,58.3,7,0,2,0.0,13,0,7,350,25.7,50.0,57.7,50.0,0,1,15,1,0.0,107.6,0.0,0,1,0,0,4,1,6.7,181,15.1
11,Cale Millen,98017,QB,N ARIZONA,1,36.4,11,11,13.9,2.99,0,0,0.0,36.4,4,0,3,0.0,14,0,1,252,70.0,33.3,33.2,52.0,0,1,14,0,66.7,7.0,14.3,2,1,0,0,0,1,7.1,20,1.8
11,Xavier Shepherd,104767,QB,KENNESAW,1,54.5,11,11,11.8,2.62,0,0,0.0,45.5,5,0,5,16.7,12,1,4,200,23.3,51.2,60.2,50.0,0,0,13,0,0.0,106.3,0.0,0,1,0,0,1,0,0.0,95,8.6
11,Jyron Russell,82069,QB,ST FRANCIS,1,77.8,9,10,9.6,2.64,1,0,0.0,60.0,6,0,7,14.3,11,1,5,299,22.2,76.7,77.2,60.7,0,0,13,0,14.3,88.8,9.1,1,0,0,0,0,1,7.7,88,8.8
11,Deveon Bryant,89422,QB,TENN STATE,1,25.0,8,9,21.0,3.95,0,0,0.0,22.2,2,0,7,0.0,13,0,2,308,66.8,42.0,38.4,61.1,1,1,13,0,42.9,9.3,23.1,3,1,0,0,0,1,7.7,47,5.2
11,Jaylan Adams,89133,QB,CITADEL,1,66.7,9,9,18.0,3.16,0,1,9.1,66.7,6,0,3,0.0,9,0,3,139,31.7,80.0,76.8,69.2,0,0,11,0,0.0,149.3,0.0,0,0,0,0,2,0,0.0,121,13.4
11,Conor Regan,63589,QB,MS VLY ST,1,55.6,9,9,8.4,2.14,0,1,11.1,33.3,3,0,2,40.0,10,2,2,228,66.5,64.1,58.6,63.2,0,0,10,0,50.0,52.1,10.0,1,0,0,0,0,0,0.0,48,5.3
11,Demeatric Crenshaw,138332,QB,YNGTOWN ST,1,71.4,7,8,9.0,3.51,1,0,0.0,62.5,5,0,8,0.0,13,0,3,353,68.7,53.9,63.5,50.4,0,0,14,0,25.0,83.3,15.4,2,3,0,0,0,0,0.0,56,7.0
11,Ben Mays,91722,QB,CORNELL,1,57.1,7,7,13.4,2.36,0,1,14.3,42.9,3,0,0,25.0,8,1,2,147,64.9,56.1,59.0,57.3,0,0,8,0,,61.0,0.0,0,1,0,0,0,0,0.0,39,5.6
11,Darius Bowers,102352,QB,CENT ARK,1,60.0,5,6,14.8,3.29,0,0,0.0,50.0,3,0,5,0.0,8,0,2,132,64.9,68.4,68.0,,0,0,8,0,40.0,64.6,25.0,2,0,1,0,0,0,0.0,30,5.0
11,Asher O'Hara,78529,QB,SACRAMENTO,1,40.0,5,6,3.4,2.62,0,0,0.0,33.3,2,0,2,0.0,6,0,2,279,74.0,73.6,44.0,76.1,0,0,6,0,0.0,81.9,0.0,0,0,0,1,1,0,0.0,18,3.0
11,Ladarius Skelton,78528,QB,SOUTHERN U,1,33.3,6,6,14.7,2.55,0,0,0.0,33.3,2,0,3,0.0,6,0,1,297,67.0,33.6,33.8,54.2,0,0,6,0,0.0,50.0,0.0,0,0,0,0,0,1,16.7,29,4.8
11,Jalen Fowler,64170,QB,NC A&T,1,20.0,5,6,15.2,3.44,0,0,0.0,16.7,1,0,3,0.0,8,0,0,246,64.9,38.2,37.6,,0,0,8,0,66.7,39.6,25.0,2,0,0,1,0,0,0.0,10,1.7
11,Randall Johnson,98675,QB,WEBER ST,1,66.7,3,5,7.7,3.0,0,1,16.7,20.0,1,1,3,50.0,6,1,1,342,67.1,82.1,74.6,69.6,1,0,7,1,33.3,53.8,16.7,1,0,0,1,0,0,0.0,32,6.4
11,Tommy Dolan,111302,QB,STTHOM,1,100.0,5,5,3.0,2.88,0,0,0.0,60.0,3,0,1,40.0,5,2,1,1129,67.9,74.2,79.5,57.3,0,0,5,0,0.0,74.6,0.0,0,0,0,0,0,0,0.0,27,5.4
11,Joey Carino,142211,QB,ALBANY,1,80.0,5,5,7.2,2.3,0,1,20.0,60.0,3,0,1,25.0,5,1,2,106,66.8,72.0,75.4,58.5,0,0,5,0,0.0,83.8,0.0,0,0,0,0,0,1,20.0,38,7.6
11,Cameron Sapp,102361,QB,FL A&M,1,50.0,4,4,3.3,1.65,0,0,0.0,50.0,2,0,1,0.0,4,0,1,164,69.7,77.0,60.7,73.6,0,0,4,0,0.0,56.3,0.0,0,0,0,0,0,0,0.0,9,2.3
11,Geremy Hickbottom,62834,QB,TENN STATE,1,25.0,4,4,14.3,3.42,0,0,0.0,25.0,1,0,2,0.0,6,0,0,308,64.2,41.9,46.9,52.8,0,0,6,0,0.0,39.6,0.0,0,2,0,0,0,0,0.0,1,0.3
11,Mike Irwin,60512,QB,TARLETON,1,50.0,4,4,16.3,2.75,0,1,25.0,50.0,2,0,1,0.0,4,0,1,401,13.0,29.8,43.4,48.6,0,1,4,0,0.0,31.3,0.0,0,0,0,0,0,1,25.0,26,6.5
11,Kris Brown,105558,QB,MONTANA,1,75.0,4,4,13.3,2.43,0,0,0.0,75.0,3,0,0,0.0,4,0,1,232,65.2,55.8,58.2,57.5,0,0,4,0,,110.4,0.0,0,0,0,0,0,1,25.0,44,11.0
11,Brody Reder,73916,QB,BUTLER,1,75.0,4,4,13.3,3.46,0,1,25.0,50.0,2,0,2,33.3,5,1,1,127,65.5,76.5,78.3,59.6,0,0,5,0,50.0,60.4,20.0,1,0,0,0,0,0,0.0,16,4.0
11,Eli Sawyer,141870,QB,SE LA,1,100.0,4,4,1.5,2.1,0,0,0.0,100.0,4,0,0,0.0,4,0,1,294,15.0,48.3,73.0,42.3,0,0,4,0,,87.5,0.0,0,0,0,0,0,0,0.0,20,5.0
11,Lem Wash,149229,QB,TENN TECH,1,75.0,4,4,7.3,2.44,0,0,0.0,75.0,3,0,1,0.0,5,0,1,309,65.5,74.4,61.7,70.7,0,0,5,0,0.0,82.3,0.0,0,1,0,0,0,0,0.0,17,4.3
11,Chris Ferguson,40105,QB,TOWSON,1,100.0,2,4,5.0,3.0,0,0,0.0,50.0,2,0,2,0.0,5,0,1,317,63.8,51.8,57.8,56.7,2,0,5,1,0.0,57.3,0.0,0,1,0,0,0,0,0.0,13,3.3
11,Jake Davis,149583,QB,PRESBYTERN,1,66.7,3,4,3.0,3.42,1,0,0.0,25.0,1,0,3,50.0,5,1,1,271,63.8,40.0,29.1,64.9,0,1,5,0,0.0,0.0,0.0,0,1,0,0,0,1,20.0,4,1.0
11,Trent Tompkins,103944,QB,UC DAVIS,1,33.3,3,3,13.0,5.13,0,0,0.0,33.3,1,0,4,0.0,4,0,1,322,72.0,72.5,56.9,71.8,0,0,4,0,25.0,50.7,25.0,1,0,0,0,0,0,0.0,15,5.0
11,Davion Johnson,123512,WR,ABILENE CH,1,100.0,3,3,-3.7,0.93,0,0,0.0,100.0,3,0,0,0.0,3,0,0,100,70.0,79.4,63.9,68.8,0,0,3,0,,79.2,0.0,0,0,0,0,0,0,0.0,8,2.7
11,Stewart Howell,104792,QB,TENN MARTN,1,100.0,3,3,-0.7,1.73,0,0,0.0,100.0,3,0,1,0.0,3,0,1,310,66.4,81.7,58.8,77.2,0,0,3,0,0.0,79.2,0.0,0,0,0,0,0,0,0.0,8,2.7
11,Kurtis Wilderman,87528,QB,INDIANA ST,1,66.7,3,3,11.3,2.73,0,0,0.0,33.3,1,0,3,50.0,4,1,1,191,65.2,29.0,29.1,54.0,0,1,4,0,0.0,42.4,0.0,0,1,0,0,1,1,25.0,1,0.3
11,Jameson Wang,148782,QB,CORNELL,1,100.0,3,3,0.7,2.4,0,0,0.0,100.0,3,0,2,0.0,4,0,1,147,71.1,72.3,70.7,68.4,0,0,4,1,50.0,108.3,25.0,1,0,0,0,0,0,0.0,30,10.0
11,Tyler Skidmore,87543,QB,SO UTAH,1,66.7,3,3,2.0,3.73,0,0,0.0,66.7,2,0,3,0.0,6,0,0,298,63.8,42.7,45.6,57.0,0,0,6,0,66.7,70.1,33.3,2,1,0,0,0,0,0.0,6,2.0
11,Dylan Cadwallader,108978,QB,DARTMOUTH,1,100.0,3,3,3.3,2.38,0,0,0.0,100.0,3,0,1,0.0,4,0,1,148,63.3,60.4,63.9,57.8,0,0,4,0,0.0,101.4,0.0,0,1,0,0,0,0,0.0,25,8.3
11,Malcolm Brown,150492,QB,MORGAN ST,1,100.0,1,3,7.0,1.47,0,0,0.0,33.3,1,0,1,0.0,3,0,0,235,62.7,56.4,56.2,,1,0,3,0,0.0,42.4,0.0,0,0,1,0,0,0,0.0,7,2.3
11,Joe Craycraft,60616,QB,YNGTOWN ST,1,66.7,3,3,2.0,2.13,0,0,0.0,66.7,2,0,1,0.0,3,0,0,353,62.7,57.1,56.7,,0,0,3,0,0.0,70.1,0.0,0,0,0,0,0,0,0.0,7,2.3
11,Julian McGarvey,105955,QB,MARIST,1,33.3,3,3,10.7,2.47,0,1,33.3,33.3,1,0,2,0.0,3,0,1,213,66.4,72.0,76.6,58.1,0,0,3,0,0.0,121.5,0.0,0,0,0,0,1,0,0.0,45,15.0
11,Jaden Casey,131642,QB,PORTLAND,1,33.3,3,3,11.7,4.4,0,0,0.0,33.3,1,0,2,0.0,4,0,1,269,63.3,42.5,42.1,,0,0,4,0,50.0,45.1,25.0,1,0,0,0,0,0,0.0,11,3.7
11,Marco Siderman,143060,QB,HOLY CROSS,1,66.7,3,3,5.3,1.9,0,0,0.0,66.7,2,0,0,0.0,3,0,0,181,62.7,51.4,50.7,,0,0,3,0,,71.5,0.0,0,0,0,0,0,0,0.0,10,3.3
11,Joshua Zamot,78522,QB,STNY BROOK,1,100.0,2,2,8.5,3.0,0,0,0.0,100.0,2,0,1,0.0,3,0,1,303,62.7,84.6,77.4,64.3,0,0,3,0,0.0,118.8,0.0,0,1,0,0,0,0,0.0,27,13.5
11,Tommy Mellott,147646,QB,MONTANA ST,1,50.0,2,2,19.5,3.35,0,0,0.0,50.0,1,0,1,0.0,2,0,0,233,74.2,71.5,27.9,77.2,0,0,2,0,0.0,56.3,0.0,0,0,0,0,0,1,50.0,2,1.0
11,DreSean Kendrick,142417,HB,WM & MARY,1,50.0,2,2,8.0,1.85,0,0,0.0,50.0,1,0,0,0.0,2,0,0,348,64.4,47.4,52.2,57.5,0,0,2,0,,56.3,0.0,0,0,0,0,0,0,0.0,-4,-2.0
11,Sheldon Layman,101054,QB,AUSTINPEAY,1,0.0,1,2,-1.0,4.1,0,0,0.0,0.0,0,0,2,,3,0,0,116,62.7,49.0,48.3,,0,0,3,0,50.0,39.6,33.3,1,0,0,1,0,0,0.0,0,0.0
11,Kenyon Oblad,83576,QB,DIXIE,1,50.0,2,2,8.5,1.93,0,0,0.0,0.0,0,0,1,100.0,3,1,0,1285,64.8,63.4,54.6,63.3,0,0,3,0,100.0,39.6,33.3,1,0,0,0,0,0,0.0,0,0.0
11,Branden Smith,149825,QB,STTHOM,1,100.0,2,2,-2.0,2.7,0,0,0.0,100.0,2,0,1,0.0,3,0,0,1129,64.8,57.7,60.2,63.1,0,0,3,1,100.0,83.3,33.3,1,0,0,0,0,0,0.0,8,4.0
11,Romelo Williams,78489,QB,CENT CT ST,1,0.0,2,2,29.0,2.8,0,0,0.0,0.0,0,0,0,,3,0,0,133,66.6,62.6,54.9,65.4,0,0,4,0,,39.6,0.0,0,1,0,0,0,0,0.0,0,0.0
11,Maurcus McDaniel,148933,QB,PENN,1,0.0,2,2,24.5,2.35,0,0,0.0,0.0,0,0,1,,2,0,0,267,67.6,48.9,49.8,55.9,0,0,2,0,0.0,39.6,0.0,0,0,0,0,0,0,0.0,0,0.0
11,Luke Bailey,143172,QB,DRAKE,1,50.0,2,2,10.0,2.25,0,0,0.0,50.0,1,0,1,0.0,2,0,0,153,61.8,41.1,40.5,,0,1,2,0,0.0,16.7,0.0,0,0,0,0,0,1,50.0,0,0.0
11,Xzavier Vaughn,102342,QB,ARKAPB,1,50.0,2,2,11.0,3.25,0,0,0.0,50.0,1,0,2,0.0,2,0,0,112,66.2,47.0,48.4,57.8,0,0,2,0,0.0,56.3,0.0,0,0,0,0,0,0,0.0,5,2.5
11,Tanner Shiver,138137,WR,TENN TECH,1,0.0,2,2,14.5,5.6,0,0,0.0,0.0,0,0,1,,2,0,0,309,67.8,30.2,25.1,,0,1,2,0,0.0,0.0,0.0,0,0,0,0,0,1,50.0,0,0.0
11,Ryan Clark,142060,QB,BRYANT,1,100.0,2,2,8.5,3.5,0,0,0.0,50.0,1,0,0,50.0,4,1,1,124,66.6,75.8,77.9,62.9,0,0,4,0,,70.8,0.0,0,2,0,0,0,0,0.0,13,6.5
11,Hunter Raquet,82117,QB,JVILLE ST,1,100.0,1,1,11.0,2.9,0,0,0.0,100.0,1,0,0,0.0,1,0,1,196,63.7,57.9,56.6,60.0,0,0,1,0,,116.7,0.0,0,0,0,0,0,0,0.0,12,12.0
11,TJ Jones,154015,HB,W CAROLINA,1,100.0,1,1,-1.0,3.6,0,0,0.0,100.0,1,0,0,0.0,1,0,1,344,26.2,61.7,60.4,65.8,0,0,1,0,,118.8,0.0,0,0,0,0,0,0,0.0,25,25.0
11,Brandon Robinson,82141,QB,RHODE ISLD,1,100.0,1,1,1.0,2.0,0,0,0.0,100.0,1,0,0,0.0,1,0,0,274,65.9,66.6,61.0,63.0,0,0,1,0,,100.0,0.0,0,0,0,0,0,0,0.0,8,8.0
11,Joshua Komis,112250,FB,STTHOM,1,0.0,1,1,8.0,2.4,0,0,0.0,0.0,0,0,0,,1,0,0,1129,64.8,38.9,53.7,59.0,0,0,1,0,,39.6,0.0,0,0,0,0,0,0,0.0,0,0.0
11,Preston Rice,60469,QB,MURRAY ST,1,0.0,1,1,21.0,2.4,0,0,0.0,0.0,0,0,0,,1,0,0,236,60.3,58.1,58.4,,0,0,1,0,,39.6,0.0,0,0,0,0,0,0,0.0,0,0.0
11,Nick Howard,108979,QB,DARTMOUTH,1,0.0,1,1,-2.0,2.05,0,0,0.0,0.0,0,0,1,,2,0,0,148,73.8,90.8,50.9,84.1,0,0,2,0,100.0,39.6,50.0,1,0,0,0,0,0,0.0,0,0.0
11,Jayson Jones,125367,WR,JVILLE ST,1,0.0,1,1,19.0,4.5,0,0,0.0,0.0,0,0,1,,1,0,0,196,71.4,59.3,27.2,,0,1,1,0,0.0,0.0,0.0,0,0,0,0,0,1,100.0,0,0.0
11,Connor Watkins,108971,QB,VILLANOVA,1,100.0,1,1,1.0,3.5,0,0,0.0,100.0,1,0,1,0.0,1,0,0,334,63.7,62.4,61.0,60.0,0,0,1,0,0.0,87.5,0.0,0,0,0,0,0,0,0.0,5,5.0
11,Damonta Witherspoon,138062,HB,MURRAY ST,1,100.0,1,1,20.0,2.9,0,0,0.0,100.0,1,0,0,0.0,1,0,1,236,78.4,79.7,76.2,75.0,0,0,1,0,,158.3,0.0,0,0,0,0,1,0,0.0,25,25.0
11,Travis Theis,104837,HB,S DAKOTA,1,0.0,1,1,32.0,3.0,0,0,0.0,0.0,0,0,1,,1,0,0,291,75.8,57.7,50.1,60.1,0,0,1,0,0.0,39.6,0.0,0,0,0,0,0,0,0.0,0,0.0
11,Collin Guggenheim,139460,HB,NICHOLLS,1,0.0,1,1,9.0,1.9,0,0,0.0,0.0,0,0,0,,1,0,0,243,79.8,66.2,54.1,71.5,0,0,1,0,,39.6,0.0,0,0,0,0,0,0,0.0,0,0.0
11,Cade Bartlett,104770,QB,MCNEESE,1,100.0,1,1,5.0,2.2,0,0,0.0,100.0,1,0,0,0.0,1,0,1,217,60.3,72.8,71.8,,0,0,1,0,,95.8,0.0,0,0,0,0,0,0,0.0,7,7.0
11,Max Brimigion,104117,WR,VA MILT IN,1,100.0,1,1,24.0,3.6,0,0,0.0,100.0,1,0,0,0.0,1,0,1,336,67.6,75.4,58.4,,0,0,1,0,,118.8,0.0,0,0,0,0,0,0,0.0,27,27.0
11,Rett Files,91405,QB,N ALABAMA,1,0.0,1,1,32.0,2.9,0,0,0.0,0.0,0,0,1,,1,0,0,389,60.3,36.2,37.1,,0,1,1,0,0.0,0.0,0.0,0,0,0,0,0,1,100.0,0,0.0
11,Ruben Anderson,143013,P,BUCKNELL,1,0.0,1,1,20.0,2.0,0,0,0.0,0.0,0,0,1,,1,0,0,125,60.3,60.4,60.5,,0,0,1,0,0.0,39.6,0.0,0,0,0,0,0,0,0.0,0,0.0
11,Cephus Johnson III,60530,QB,SE LA,1,100.0,1,1,-2.0,1.4,0,0,0.0,100.0,1,0,0,0.0,1,0,1,294,67.5,46.6,60.4,58.4,0,0,1,0,,116.7,0.0,0,0,0,0,0,0,0.0,12,12.0
11,Kaiden Bennett,147778,QB,SACRAMENTO,1,100.0,1,1,3.0,2.7,0,0,0.0,100.0,1,0,0,0.0,1,0,1,279,63.7,72.6,61.0,60.0,0,0,1,0,,104.2,0.0,0,0,0,0,0,0,0.0,9,9.0
11,Cam Skattebo,147787,HB,SACRAMENTO,1,0.0,1,1,11.0,3.2,0,0,0.0,0.0,0,0,0,,1,0,0,279,72.0,76.9,55.3,78.9,0,0,1,0,,39.6,0.0,0,0,0,0,0,0,0.0,0,0.0
11,Creyton Cooper,147853,QB,WEBER ST,1,100.0,1,1,11.0,1.8,0,0,0.0,100.0,1,0,0,0.0,1,0,1,342,69.7,86.1,74.3,71.2,0,0,1,0,,118.8,0.0,0,0,0,0,1,0,0.0,3,3.0
11,Jyran Mitchell,78175,WR,E KENTUCKY,1,0.0,1,1,16.0,3.8,0,0,0.0,0.0,0,0,0,,1,0,0,159,64.2,59.0,59.4,,0,0,2,0,,39.6,0.0,0,0,0,0,0,0,0.0,0,0.0
11,Will Jones,60603,QB,MONMOUTH,1,100.0,1,1,0.0,1.7,0,0,0.0,100.0,1,0,0,0.0,1,0,0,231,60.3,62.3,60.6,,0,0,1,0,,108.3,0.0,0,0,0,0,0,0,0.0,10,10.0
11,Dexter Boykin,91447,WR,N ALABAMA,1,0.0,1,1,30.0,4.0,0,0,0.0,0.0,0,0,0,,1,0,0,389,67.3,70.6,49.9,,0,0,1,0,,39.6,0.0,0,0,0,0,0,0,0.0,0,0.0
11,Nick Kokich,102039,P,E WASHGTON,1,100.0,1,1,-4.0,2.5,0,0,0.0,100.0,1,0,0,0.0,1,0,1,161,60.3,60.6,60.6,,0,0,1,0,,79.2,0.0,0,0,0,0,0,0,0.0,3,3.0
11,Aaron Vardell,103748,P,VA MILT IN,1,100.0,1,1,4.0,1.8,0,0,0.0,100.0,1,0,0,0.0,1,0,0,336,60.3,61.1,60.6,,0,0,1,0,,91.7,0.0,0,0,0,0,0,0,0.0,6,6.0
11,Montrell Washington,64310,WR,SAMFORD,1,100.0,1,1,13.0,3.5,0,0,0.0,100.0,1,0,1,0.0,1,0,1,282,27.8,81.5,72.6,63.1,0,0,1,0,0.0,118.8,0.0,0,0,0,0,0,0,0.0,16,16.0
11,Grant Breneman,64179,QB,COLGATE,1,100.0,1,1,7.0,2.6,0,0,0.0,100.0,1,0,1,0.0,2,0,1,142,64.4,67.5,69.2,59.6,0,0,2,0,100.0,91.7,50.0,1,0,0,0,0,0,0.0,6,6.0
11,Antoine Murray,61302,WR,HOWARD,1,0.0,1,1,26.0,5.0,0,0,0.0,0.0,0,0,0,,1,0,0,184,13.4,54.8,27.6,,0,1,1,0,,0.0,0.0,0,0,0,0,0,1,100.0,0,0.0
11,Armon Hickson,143373,QB,FORT LEW,1,59.5,37,37,7.5,2.66,0,1,2.6,56.8,21,0,25,4.5,46,1,11,873,69.7,61.9,50.8,75.5,0,3,48,0,16.0,64.8,8.7,4,5,0,0,3,2,4.2,197,5.3
11,Kieran Fry,143426,WR,FORT LEW,1,100.0,1,1,7.0,3.2,0,0,0.0,100.0,1,0,0,0.0,1,0,1,873,67.0,68.1,71.7,,0,0,1,0,,118.8,0.0,0,0,0,0,0,0,0.0,14,14.0
week,player,player_id,position,team_name,player_game_count,accuracy_percent,aimed_passes,attempts,avg_depth_of_target,avg_time_to_throw,bats,big_time_throws,btt_rate,completion_percent,completions,declined_penalties,def_gen_pressures,drop_rate,dropbacks,drops,first_downs,franchise_id,grades_hands_fumble,grades_offense,grades_pass,grades_run,hit_as_threw,interceptions,passing_snaps,penalties,pressure_to_sack_rate,qb_rating,sack_percent,sacks,scrambles,spikes,thrown_aways,touchdowns,turnover_worthy_plays,twp_rate,yards,ypa
12,Dylan Morris,100570,QB,WASHINGTON,1,78.3,46,52,8.1,2.54,2,3,5.8,63.5,33,0,12,8.3,56,3,18,340,27.6,73.2,79.2,41.1,1,2,56,0,16.7,82.8,3.6,2,2,0,3,2,2,3.6,387,7.4
12,Brennan Armstrong,77696,QB,VIRGINIA,1,79.2,48,50,11.1,2.55,0,4,7.7,72.0,36,0,15,5.3,56,2,23,335,70.8,88.0,89.8,53.3,0,1,58,0,33.3,114.2,8.9,5,1,1,1,3,0,0.0,485,9.7
12,Nicholas Vattiato,145302,QB,MIDDLE TN,1,80.4,46,49,9.1,2.42,0,4,7.5,69.4,34,0,15,8.1,52,3,14,224,70.1,70.6,73.1,49.9,0,1,57,0,6.7,84.1,1.9,1,2,0,3,1,4,7.0,304,6.2
12,Bailey Zappe,60396,QB,W KENTUCKY,1,83.0,47,49,7.2,2.25,2,3,5.5,79.6,39,0,1,0.0,50,0,26,346,70.0,65.1,65.4,57.3,0,2,56,0,0.0,129.2,0.0,0,1,0,0,6,2,3.6,470,9.6
12,Layne Hatcher,82068,QB,ARK STATE,1,67.4,43,48,9.5,2.81,1,0,0.0,58.3,28,0,21,3.4,55,1,10,113,70.1,50.0,50.9,56.4,0,2,57,0,28.6,64.0,10.9,6,1,0,4,1,3,5.3,273,5.7
12,Todd Centeio,60552,QB,COLO STATE,1,66.7,45,48,10.9,3.03,0,4,8.2,60.4,29,0,25,3.3,58,1,20,144,44.8,75.2,79.7,51.8,0,2,59,0,20.0,115.5,8.6,5,5,0,3,5,2,3.4,527,11.0
12,Jaxson Dart,146409,QB,USC,1,68.2,44,47,10.0,2.46,1,3,5.7,57.4,27,0,15,10.0,51,3,13,326,70.8,68.9,70.5,51.8,2,2,58,0,20.0,68.1,5.9,3,1,0,0,1,3,5.2,325,6.9
12,Seth Henigan,144267,QB,MEMPHIS,1,53.5,43,45,10.4,2.46,0,3,6.3,46.7,21,0,19,8.7,51,2,12,218,70.4,63.2,60.1,60.7,0,2,54,0,10.5,49.1,3.9,2,4,0,2,1,3,5.6,208,4.6
12,Carson Strong,83524,QB,NEVADA,1,66.7,42,45,13.3,2.56,0,2,4.0,60.0,27,0,19,3.6,53,1,17,239,70.1,70.5,69.8,64.1,0,1,58,1,36.8,105.4,13.2,7,1,0,3,4,2,3.4,356,7.9
12,Mike Wright Jr.,124366,QB,VANDERBILT,1,65.9,41,44,9.6,3.06,0,2,4.3,50.0,22,0,18,18.5,52,5,15,333,44.6,69.5,64.5,69.7,0,1,55,0,11.1,57.1,3.8,2,6,0,3,0,3,5.5,241,5.5
12,Jarret Doege,60353,QB,W VIRGINIA,1,70.7,41,43,9.1,2.7,1,3,7.0,62.8,27,0,9,6.9,47,2,16,343,69.9,77.2,78.2,57.0,0,0,47,0,33.3,105.8,6.4,3,1,0,1,3,0,0.0,290,6.7
12,Brock Purdy,77672,QB,IOWA STATE,1,83.8,37,43,8.0,2.99,0,1,2.2,69.8,30,0,18,3.2,52,1,14,193,25.2,70.0,71.8,55.6,0,1,55,0,33.3,85.5,11.5,6,3,2,4,1,2,3.6,281,6.5
12,Sam Hartman,77618,QB,WAKE,1,65.1,43,43,12.6,3.13,0,1,2.2,62.8,27,0,22,3.6,52,1,19,339,43.5,64.7,70.6,42.6,0,1,54,0,31.8,82.7,13.5,7,2,0,0,1,4,7.4,312,7.3
12,Tanner McKee,131770,QB,STANFORD,1,71.8,39,43,8.1,2.5,2,1,2.0,60.5,26,0,8,7.1,47,2,13,300,70.5,60.0,60.6,61.4,0,2,53,1,37.5,56.3,6.4,3,0,0,2,0,2,3.8,239,5.6
12,Will Plummer,131592,QB,ARIZONA,1,64.1,39,42,7.6,2.79,0,1,2.2,54.8,23,0,13,8.0,47,2,11,109,40.0,57.7,62.3,52.6,2,1,50,2,23.1,74.1,6.4,3,2,0,1,2,2,4.0,206,4.9
12,Steven Krajewski,77650,QB,UCONN,1,55.6,36,42,8.3,2.33,3,0,0.0,42.9,18,0,25,10.0,50,2,10,146,71.2,55.9,48.5,74.3,1,3,51,0,16.0,25.3,8.0,4,2,0,2,0,3,5.9,174,4.1
12,Chevan Cordeiro,75886,QB,HAWAII,1,70.3,37,41,11.5,2.98,0,3,7.3,56.1,23,0,26,11.5,51,3,17,180,43.6,72.4,77.9,54.3,1,0,53,0,11.5,106.4,5.9,3,7,0,3,2,0,0.0,406,9.9
12,Kenny Pickett,60515,QB,PITTSBURGH,1,77.1,35,41,11.3,3.2,2,2,4.7,63.4,26,0,16,3.7,46,1,17,268,40.1,67.5,70.1,51.7,0,2,48,0,18.8,101.7,6.5,3,2,0,4,4,4,8.3,340,8.3
12,Logan Bonner,39990,QB,UTAH ST,1,61.8,34,40,13.1,2.59,3,1,2.4,47.5,19,0,16,9.5,45,2,16,329,69.9,67.6,64.9,66.1,2,0,47,0,6.3,77.2,2.2,1,4,0,1,2,0,0.0,181,4.5
12,Bryce Young,123943,QB,ALABAMA,1,87.2,39,40,10.4,2.81,1,4,10.0,77.5,31,0,9,8.8,45,3,21,103,71.0,91.0,90.4,70.5,0,0,47,0,33.3,158.3,6.7,3,2,0,0,5,0,0.0,559,14.0
12,Drew Plitt,39879,QB,BALL ST,1,69.4,36,39,6.8,2.13,3,0,0.0,53.8,21,0,16,16.0,42,4,9,117,70.1,64.3,61.5,65.9,0,1,43,0,12.5,63.0,4.8,2,1,0,0,1,0,0.0,170,4.4
12,Aidan O'Connell,60516,QB,PURDUE,1,81.1,37,39,11.3,2.55,0,4,9.1,74.4,29,0,8,3.3,41,1,15,273,69.9,80.6,81.1,56.7,1,0,47,0,12.5,134.9,2.4,1,1,0,1,3,1,2.1,423,10.8
12,Justin Lynch,144392,QB,TEMPLE,1,73.5,34,38,7.7,2.3,1,2,5.1,60.5,23,0,13,8.0,42,2,9,306,71.6,56.9,55.9,59.3,0,1,43,0,15.4,69.1,4.8,2,2,0,3,1,1,2.3,171,4.5
12,Matt Corral,83517,QB,OLE MISS,1,83.3,36,37,8.3,2.55,1,2,5.3,75.7,28,0,7,6.7,44,2,17,226,69.4,69.0,73.6,51.2,0,1,45,0,14.3,109.2,2.3,1,6,0,0,2,1,2.2,331,8.9
12,Kurtis Rourke,97998,QB,OHIO,1,75.0,32,37,8.8,3.41,1,2,4.3,59.5,22,0,16,8.3,44,2,12,259,72.0,62.6,62.3,60.1,0,0,55,0,31.3,86.9,11.4,5,2,1,3,1,4,7.3,233,6.3
12,Spencer Sanders,77660,QB,OKLA STATE,1,66.7,33,37,13.2,2.69,2,2,5.0,51.4,19,0,11,13.6,40,3,12,262,71.6,70.2,66.3,68.1,1,0,44,1,0.0,80.8,0.0,0,2,0,1,1,1,2.3,239,6.5
12,Frank Harris,60586,QB,UTSA,1,81.8,33,36,8.5,2.99,1,3,7.9,69.4,25,0,14,7.4,48,2,15,331,23.9,73.8,69.7,69.4,0,0,50,0,42.9,125.1,12.5,6,6,0,2,3,2,4.0,323,9.0
12,Brandon Peters,40416,QB,ILLINOIS,1,54.3,35,36,14.0,2.95,0,3,7.9,44.4,16,0,13,15.8,38,3,10,187,69.5,65.0,63.1,63.0,0,2,40,0,15.4,63.2,5.3,2,0,0,1,2,1,2.5,248,6.9
12,Payton Thorne,101629,QB,MICH STATE,1,53.3,30,36,9.7,2.72,4,0,0.0,38.9,14,0,10,12.5,39,2,7,223,69.4,54.9,56.3,53.4,0,0,39,0,20.0,62.0,5.1,2,1,0,2,1,1,2.6,158,4.4
12,Anthony Brown,40316,QB,OREGON,1,65.6,32,35,11.2,2.67,1,3,8.1,48.6,17,0,15,19.0,39,4,8,264,71.5,61.1,60.1,64.2,1,0,41,1,20.0,79.6,7.7,3,1,0,1,1,2,4.9,231,6.6
12,C.J. Stroud,129759,QB,OHIO STATE,1,94.3,35,35,7.9,2.52,0,3,8.6,91.4,32,0,6,3.0,38,1,22,260,69.3,93.8,93.4,64.5,0,0,38,0,33.3,157.7,5.3,2,1,0,0,6,0,0.0,432,12.3
12,Adrian Martinez,83522,QB,NEBRASKA,1,70.6,34,35,12.9,2.91,0,1,2.6,65.7,23,0,19,4.2,36,1,17,238,72.1,77.8,72.4,72.8,0,2,39,0,0.0,84.3,0.0,0,1,0,1,1,1,2.6,351,10.0
12,Gunnar Holmberg,77625,QB,DUKE,1,62.5,32,35,7.6,2.33,0,0,0.0,54.3,19,0,11,5.0,36,1,11,154,31.1,48.4,48.2,59.6,1,1,38,0,9.1,56.4,2.8,1,0,1,1,0,3,7.9,176,5.0
12,Gavin Hardison,100827,QB,UTEP,1,69.7,33,35,12.8,2.46,1,3,8.1,65.7,23,0,7,0.0,38,0,16,330,31.1,68.7,67.9,,1,1,40,0,42.9,107.6,7.9,3,0,0,0,2,3,7.5,366,10.5
12,Chris Reynolds,60361,QB,CHARLOTTE,1,70.0,30,34,11.2,2.99,0,3,7.5,55.9,19,0,18,9.5,35,2,10,136,37.4,76.0,78.3,55.7,1,1,42,0,0.0,87.4,0.0,0,1,0,3,3,1,2.4,176,5.2
12,Will Rogers,124184,QB,MISS STATE,1,85.3,34,34,8.4,2.41,0,2,5.9,82.4,28,0,0,3.4,34,1,16,227,68.5,92.1,91.8,,0,0,34,0,,153.8,0.0,0,0,0,0,5,0,0.0,388,11.4
12,Clayton Tune,77652,QB,HOUSTON,1,71.0,31,34,8.4,3.66,0,2,5.6,58.8,20,0,9,9.1,42,2,13,182,71.7,69.4,70.3,62.9,2,2,46,1,22.2,68.8,4.8,2,6,0,1,1,1,2.2,264,7.8
12,Jordan Travis,77615,QB,FLORIDA ST,1,73.3,30,34,10.1,2.87,1,2,5.1,58.8,20,0,9,9.1,40,2,15,167,72.3,85.4,89.5,62.4,0,0,45,2,22.2,111.3,5.0,2,4,0,3,3,0,0.0,251,7.4
12,Tyler Van Dyke,122225,QB,MIAMI FL,1,70.0,30,33,12.6,2.61,0,4,11.1,57.6,19,0,5,9.5,35,2,14,220,71.0,67.5,67.3,59.9,1,0,38,0,0.0,125.4,0.0,0,2,0,2,3,2,5.3,357,10.8
12,Taulia Tagovailoa,97271,QB,MARYLAND,1,71.0,31,33,5.9,3.29,2,1,3.0,57.6,19,0,14,13.6,39,3,12,215,70.7,62.5,48.2,80.4,0,1,40,0,14.3,70.0,5.1,2,4,0,0,1,3,7.5,178,5.4
12,Max Johnson,124099,QB,LSU,1,78.8,33,33,6.2,2.58,0,0,0.0,66.7,22,0,14,15.4,39,4,12,211,68.9,71.2,72.0,57.4,0,0,39,0,21.4,118.1,7.7,3,3,0,0,2,0,0.0,319,9.7
12,Max Bortenschlager,46500,QB,FIU,1,53.8,26,32,9.7,2.96,1,0,0.0,43.8,14,0,15,0.0,35,0,8,166,68.9,39.1,39.0,57.0,2,1,38,1,20.0,57.7,8.6,3,0,0,3,1,2,5.3,167,5.2
12,Desmond Trotter,83552,QB,S ALABAMA,1,81.5,27,32,5.0,2.4,1,2,6.3,59.4,19,0,16,13.6,40,3,8,288,70.7,70.3,71.9,58.7,0,0,40,0,25.0,100.5,10.0,4,4,0,4,2,0,0.0,216,6.8
12,Emory Jones,82111,QB,FLORIDA,1,72.4,29,32,6.2,2.49,1,1,3.1,62.5,20,0,12,4.8,35,1,11,163,44.6,70.7,65.5,64.6,2,0,35,1,16.7,87.5,5.7,2,1,0,0,0,0,0.0,256,8.0
12,T.J. Finley,124093,QB,AUBURN,1,53.1,32,32,9.8,2.74,0,0,0.0,53.1,17,0,14,0.0,35,0,10,115,69.7,63.9,63.5,59.5,0,0,36,0,7.1,81.3,2.9,1,2,0,0,1,0,0.0,188,5.9
12,Holton Ahlers,77651,QB,E CAROLINA,1,87.5,32,32,9.0,2.48,0,3,9.1,84.4,27,0,5,3.6,35,1,15,156,34.0,89.1,91.3,59.0,0,0,36,1,0.0,150.0,0.0,0,3,0,0,3,1,2.8,405,12.7
12,Jalon Daniels,122555,QB,KANSAS,1,82.1,28,31,6.2,2.41,1,1,3.2,71.0,22,0,9,4.3,32,1,12,198,70.8,68.4,59.0,78.4,0,1,32,1,11.1,103.6,3.1,1,0,0,2,2,2,6.3,255,8.2
12,Will Levis,83542,QB,KENTUCKY,1,73.3,30,31,11.1,2.41,1,1,3.2,67.7,21,0,7,4.5,32,1,16,202,29.9,77.0,82.1,48.5,0,1,32,0,0.0,136.8,0.0,0,1,0,0,4,1,3.1,419,13.5
12,KJ Jefferson,99129,QB,ARKANSAS,1,76.7,30,31,8.7,2.62,0,4,12.5,71.0,22,0,12,4.3,34,1,12,111,72.4,89.6,89.0,68.3,0,0,35,1,16.7,137.3,5.9,2,1,0,1,3,0,0.0,326,10.5
12,Davis Brin,77642,QB,TULSA,1,72.4,29,31,14.9,2.63,2,2,5.9,61.3,19,0,2,9.5,31,2,16,320,69.1,87.6,85.3,63.7,0,0,34,0,0.0,114.6,0.0,0,0,0,0,2,1,2.9,297,9.6
12,N'Kosi Perry,60446,QB,FAU,1,71.4,28,29,7.6,2.04,0,1,3.0,65.5,19,0,8,5.0,30,1,8,165,69.5,67.6,68.7,55.6,1,2,34,1,12.5,69.6,3.3,1,0,0,0,1,2,5.9,210,7.2
12,Skylar Thompson,60417,QB,KANSAS ST,1,57.7,26,29,8.1,3.78,0,1,3.3,51.7,15,0,23,0.0,34,0,6,199,69.6,54.6,55.9,54.1,1,0,35,0,21.7,67.9,14.7,5,0,0,2,0,0,0.0,158,5.4
12,Mikey Keene,70961,QB,UCF,1,85.7,28,29,4.5,2.23,0,0,0.0,79.3,23,0,3,4.2,32,1,11,323,29.4,74.2,66.8,75.5,0,0,34,0,33.3,119.5,3.1,1,2,0,1,2,1,2.9,208,7.2
12,Donovan Smith,73929,QB,TEXAS TECH,1,39.3,28,29,18.0,2.64,0,1,2.9,31.0,9,0,15,18.2,34,2,5,315,22.9,32.6,38.5,44.6,0,0,39,1,26.7,40.4,11.8,4,1,0,1,0,3,7.7,83,2.9
12,Kaleb Eleby,77686,QB,W MICHIGAN,1,85.2,27,29,11.3,2.66,1,2,6.7,75.9,22,0,11,4.3,36,1,13,347,31.9,67.9,76.9,38.6,0,1,37,0,27.3,106.5,8.3,3,3,0,1,1,1,2.7,307,10.6
12,Cade McNamara,101620,QB,MICHIGAN,1,82.1,28,29,5.6,2.66,0,0,0.0,72.4,21,0,9,8.7,31,2,7,222,69.1,75.2,70.8,71.2,0,0,34,0,11.1,122.2,3.2,1,1,1,0,2,1,2.9,256,8.8
12,Grayson McCall,98002,QB,COAST CAR,1,78.6,28,28,11.1,2.55,0,3,10.7,78.6,22,0,6,0.0,33,0,19,141,72.0,87.4,86.1,69.0,0,0,33,0,16.7,152.8,3.0,1,4,0,0,5,0,0.0,313,11.2
12,Jordan Yates,97416,QB,GA TECH,1,53.8,26,28,7.3,3.18,0,0,0.0,50.0,14,0,21,0.0,38,0,7,176,31.1,49.6,46.3,66.0,2,1,38,1,28.6,43.2,15.8,6,4,0,0,0,2,5.3,96,3.4
12,Matt McDonald,60350,QB,BOWL GREEN,1,57.7,26,28,10.1,2.71,1,1,3.3,46.4,13,0,17,13.3,37,2,5,122,30.3,54.3,56.6,57.8,1,0,39,1,47.1,56.8,21.6,8,1,0,0,0,1,2.6,108,3.9
12,Grant Wells,97784,QB,MARSHALL,1,81.5,27,28,7.4,2.42,0,1,3.6,75.0,21,0,3,4.5,30,1,10,214,69.3,73.4,76.1,55.7,0,0,30,0,0.0,128.1,0.0,0,2,0,1,2,0,0.0,267,9.5
12,Tyler Vitt,83566,QB,TEXAS ST,1,60.7,28,28,10.9,2.48,0,1,3.4,53.6,15,0,10,11.8,31,2,6,314,70.8,66.1,58.6,73.1,0,0,32,0,20.0,78.0,6.5,2,1,0,0,1,2,6.3,130,4.6
12,Timmy McClain,144488,QB,USF,1,66.7,24,27,7.0,3.31,1,0,0.0,55.6,15,0,16,6.3,34,1,4,327,21.5,30.2,29.5,58.5,0,1,34,1,31.3,52.9,14.7,5,2,0,2,0,3,8.8,129,4.8
12,Chase Garbers,60356,QB,CAL,1,70.4,27,27,11.7,3.1,0,1,3.6,66.7,18,0,5,5.3,31,1,12,130,69.9,72.2,69.2,67.1,0,1,32,0,0.0,105.5,0.0,0,4,0,0,2,1,3.1,250,9.3
12,Aaron Allen,78494,QB,LA TECH,1,52.2,23,27,6.8,3.09,0,1,3.7,40.7,11,0,13,8.3,31,1,6,208,28.0,47.5,49.5,50.5,2,2,31,1,7.7,20.6,3.2,1,3,0,2,0,2,6.5,100,3.7
12,Jayden Daniels,97993,QB,ARIZONA ST,1,64.0,25,27,9.8,3.13,0,0,0.0,59.3,16,0,10,0.0,33,0,8,110,70.4,51.3,46.2,64.0,0,1,34,0,30.0,61.7,9.1,3,3,0,2,0,1,2.9,166,6.1
12,Rocky Lombardi,60452,QB,N ILLINOIS,1,77.8,27,27,11.2,2.2,0,1,3.7,63.0,17,0,4,19.0,29,4,9,254,71.4,89.5,87.9,70.0,0,0,29,0,50.0,85.0,6.9,2,0,0,0,0,1,3.4,197,7.3
12,Tanner Mordecai,77656,QB,SMU,1,65.2,23,26,4.8,2.94,0,1,3.2,57.7,15,0,12,0.0,32,0,6,287,68.8,56.6,55.5,59.5,1,0,37,0,25.0,75.5,9.4,3,3,0,2,1,0,0.0,66,2.5
12,Connor Bazelak,99135,QB,MISSOURI,1,65.2,23,26,8.0,2.5,0,0,0.0,53.8,14,0,11,6.7,32,1,5,229,30.0,53.6,55.2,57.6,0,0,35,2,36.4,86.9,12.5,4,1,0,3,1,1,2.9,169,6.5
12,Levi Lewis,60428,QB,LA LAFAYET,1,63.6,22,25,9.4,3.02,1,1,3.7,56.0,14,0,15,0.0,30,0,10,207,69.4,74.6,72.6,70.0,0,0,32,1,20.0,116.0,10.0,3,2,0,2,3,0,0.0,166,6.6
12,Brendon Lewis,131687,QB,COLORADO,1,75.0,20,25,6.6,3.08,1,0,0.0,56.0,14,0,13,6.7,28,1,6,143,71.1,71.2,62.5,74.4,0,0,29,0,7.7,67.4,3.6,1,2,0,4,0,0,0.0,112,4.5
12,Daniel Richardson,97103,QB,C MICHIGAN,1,80.0,25,25,6.8,2.1,0,1,4.0,80.0,20,0,8,0.0,25,0,11,134,68.3,68.0,67.6,59.6,0,2,25,0,0.0,107.2,0.0,0,0,0,0,2,0,0.0,283,11.3
12,Malik Cunningham,60436,QB,LOUISVILLE,1,79.2,24,25,13.4,2.63,1,2,8.0,72.0,18,0,9,5.3,29,1,16,210,71.5,94.2,86.9,93.9,0,0,29,0,11.1,152.2,3.4,1,3,0,0,5,0,0.0,303,12.1
12,Lucas Johnson,40551,QB,S DIEGO ST,1,82.6,23,25,7.2,2.19,0,1,4.0,72.0,18,0,5,5.3,29,1,10,284,68.7,83.7,85.8,56.4,0,1,29,0,60.0,117.0,10.3,3,1,1,1,3,0,0.0,192,7.7
12,Jake Constantine,40166,QB,RICE,1,65.2,23,25,10.3,2.74,1,0,0.0,56.0,14,0,5,6.7,28,1,11,275,68.1,60.2,59.7,59.0,0,0,29,0,0.0,105.9,0.0,0,3,0,1,2,0,0.0,183,7.3
12,Phil Jurkovec,83533,QB,BOSTON COL,1,54.5,22,24,10.4,3.87,0,2,7.4,41.7,10,0,19,16.7,33,2,8,121,72.1,57.9,43.0,75.0,1,1,36,0,21.1,59.0,12.1,4,5,0,1,1,3,8.3,148,6.2
12,Hayden Wolff,98362,QB,DOMINION,1,69.6,23,24,12.8,2.36,0,2,8.0,62.5,15,0,6,6.3,25,1,8,263,69.0,77.5,76.8,60.1,0,0,26,0,16.7,123.8,4.0,1,0,0,1,2,0,0.0,241,10.0
12,Devin Leary,77628,QB,NC STATE,1,75.0,24,24,14.1,2.9,0,2,7.4,70.8,17,0,11,5.6,29,1,13,248,68.4,77.3,80.3,59.2,0,0,32,1,18.2,141.0,6.9,2,3,0,0,2,1,3.1,303,12.6
12,Christian Veilleux,145086,QB,PENN STATE,1,72.7,22,24,11.6,2.84,0,1,4.2,62.5,15,0,10,6.3,30,1,15,266,29.9,64.2,69.6,52.8,2,0,30,0,10.0,134.5,3.3,1,5,0,0,3,1,3.3,235,9.8
12,Michael Pratt,123229,QB,TULANE,1,83.3,24,24,11.2,2.5,0,3,12.5,79.2,19,0,9,5.0,27,1,12,319,70.1,86.7,86.2,66.8,0,1,27,0,11.1,141.0,3.7,1,2,0,0,3,1,3.7,311,13.0
12,Chase Brice,60363,QB,APP STATE,1,77.3,22,24,11.3,2.5,0,2,8.0,70.8,17,0,7,0.0,26,0,13,108,69.1,68.8,67.4,62.2,0,2,27,0,0.0,102.8,0.0,0,2,0,2,3,2,7.4,212,8.8
12,Desmond Ridder,55086,QB,CINCINNATI,1,77.3,22,23,13.8,2.3,1,3,13.0,73.9,17,0,6,0.0,23,0,11,138,69.5,92.1,90.3,72.4,0,0,23,0,0.0,152.9,0.0,0,0,0,0,3,0,0.0,274,11.9
12,Noah Vedral,55406,QB,RUTGERS,1,59.1,22,23,6.6,2.71,0,1,4.0,52.2,12,0,6,7.7,26,1,5,278,29.7,51.5,43.7,68.5,0,0,28,0,33.3,62.0,7.7,2,1,0,1,0,2,7.1,91,4.0
12,Jayden de Laura,131928,QB,WASH STATE,1,65.0,20,23,14.1,3.27,3,4,17.4,56.5,13,0,9,0.0,27,0,8,341,68.6,82.5,81.8,63.0,0,0,28,0,22.2,135.7,7.4,2,2,0,0,4,1,3.6,259,11.3
12,Ben Bryant,77655,QB,E MICHIGAN,1,73.7,19,23,8.8,2.59,2,1,4.3,56.5,13,0,9,7.1,29,1,7,160,69.7,81.3,75.0,74.3,1,0,29,0,44.4,77.4,13.8,4,2,0,1,0,0,0.0,156,6.8
12,Matt Myers,77698,QB,BUFFALO,1,81.8,22,23,7.3,2.49,0,2,8.7,69.6,16,0,3,11.1,26,2,6,126,32.8,65.8,77.5,47.9,0,0,26,0,33.3,103.9,3.8,1,2,0,1,1,0,0.0,162,7.0
12,Dorian Thompson-Robinson,83574,QB,UCLA,1,77.3,22,22,12.4,3.04,0,4,16.7,72.7,16,0,9,5.9,27,1,15,324,71.5,86.9,87.1,70.0,0,2,29,1,11.1,116.5,3.7,1,4,0,0,4,2,6.9,349,15.9
12,Hank Bachmeier,101284,QB,BOISE ST,1,80.0,20,22,10.3,2.81,0,2,8.7,50.0,11,0,6,31.3,25,5,7,120,67.8,79.7,79.0,62.8,1,1,26,0,16.7,67.6,4.0,1,2,0,1,1,1,3.8,146,6.6
12,Rhett Rodriguez,60332,QB,LA MONROE,1,65.0,20,22,9.4,2.49,0,1,4.2,54.5,12,0,14,7.7,22,1,8,209,69.4,49.5,47.5,60.1,0,1,24,0,0.0,73.5,0.0,0,0,0,2,1,1,4.2,157,7.1
12,Dylan Hopkins,83571,QB,UAB,1,75.0,20,22,9.3,2.94,0,3,11.5,68.2,15,0,13,0.0,28,0,9,321,69.9,81.5,75.9,73.9,0,1,32,1,23.1,118.4,10.7,3,3,0,2,2,1,3.1,254,11.5
12,Zach Gibson,100201,QB,AKRON,1,76.2,21,21,5.6,2.82,0,0,0.0,66.7,14,0,11,12.5,35,2,9,102,29.1,60.8,55.5,66.0,0,0,35,0,63.6,79.3,20.0,7,7,0,0,0,1,2.9,109,5.2
12,Blake Shapen,122282,QB,BAYLOR,1,89.5,19,21,8.1,2.65,0,1,4.5,76.2,16,0,8,5.9,22,1,7,118,70.9,83.8,76.7,74.9,0,0,23,0,0.0,92.8,0.0,0,1,0,2,0,1,4.3,137,6.5
12,Justin Rogers,77666,QB,UNLV,1,75.0,20,21,11.0,2.58,0,3,13.0,71.4,15,0,10,0.0,25,0,9,325,29.7,76.1,86.7,47.9,0,1,27,0,10.0,125.6,4.0,1,3,0,1,2,1,3.7,305,14.5
12,Devin Grainger,78496,QB,GA STATE,1,55.0,20,21,18.6,2.5,1,3,12.5,47.6,10,0,7,9.1,26,1,5,175,34.2,67.4,71.6,55.2,0,1,29,0,28.6,52.1,7.7,2,3,0,0,0,0,0.0,152,7.2
12,Gunnar Watson,83570,QB,TROY,1,60.0,20,21,5.0,2.36,0,1,4.5,52.4,11,0,9,8.3,22,1,4,318,68.1,63.2,62.2,60.0,1,1,23,0,11.1,63.4,4.5,1,0,0,0,1,0,0.0,109,5.2
12,Tanner Morgan,55239,QB,MINNESOTA,1,70.0,20,20,9.3,2.55,0,1,4.8,70.0,14,0,3,0.0,22,0,8,225,68.1,64.1,67.3,51.8,0,0,23,0,0.0,134.6,0.0,0,2,0,0,2,0,0.0,196,9.8
12,Hendon Hooker,60593,QB,TENNESSEE,1,90.0,20,20,10.0,2.65,0,2,9.1,85.0,17,0,7,5.6,26,1,11,307,69.1,91.1,90.8,68.1,0,0,28,0,42.9,152.1,11.5,3,3,0,0,2,0,0.0,273,13.7
12,Brett Gabbert,97404,QB,MIAMI OH,1,64.7,17,20,15.9,2.89,1,2,10.0,50.0,10,0,8,9.1,25,1,6,221,67.7,78.8,80.2,57.3,1,1,25,0,50.0,103.5,16.0,4,1,0,1,2,0,0.0,227,11.4
12,Garrett Shrader,98212,QB,SYRACUSE,1,42.1,19,20,9.2,3.16,0,0,0.0,40.0,8,0,16,0.0,28,0,4,304,72.3,45.9,28.7,76.7,0,1,32,0,37.5,27.7,21.4,6,2,0,1,0,1,3.1,63,3.2
12,Jack Coan,60613,QB,NOTRE DAME,1,88.2,17,20,7.5,2.82,0,0,0.0,75.0,15,0,10,0.0,23,0,10,258,67.5,74.4,76.2,57.3,0,0,23,0,20.0,150.0,8.7,2,1,0,3,2,0,0.0,285,14.3
12,DJ Uiagalelei,122162,QB,CLEMSON,1,57.9,19,19,13.8,2.53,0,2,10.5,57.9,11,0,5,0.0,20,0,8,140,25.5,57.2,54.6,60.1,0,1,20,0,0.0,91.6,0.0,0,0,0,0,1,1,5.0,208,10.9
12,Jacolby Criswell,122830,QB,N CAROLINA,1,66.7,18,19,11.7,3.24,0,0,0.0,57.9,11,0,3,8.3,21,1,9,245,69.2,79.8,71.0,75.7,0,0,21,0,0.0,77.7,0.0,0,2,0,1,0,0,0.0,125,6.6
12,Graham Mertz,97994,QB,WISCONSIN,1,81.3,16,18,6.4,2.55,1,1,5.6,66.7,12,0,3,7.7,19,1,7,349,67.7,76.1,75.6,60.0,0,0,19,0,33.3,109.7,5.3,1,0,0,1,1,0,0.0,145,8.1
12,Chance Nolan,78493,QB,OREGON ST,1,82.4,17,18,6.3,2.39,0,0,0.0,66.7,12,0,2,14.3,19,2,4,265,69.8,84.7,84.0,66.7,1,0,21,0,0.0,97.0,0.0,0,0,0,0,1,1,4.8,90,5.0
12,Cameron Rising,77663,QB,UTAH,1,73.3,15,18,7.3,3.0,1,0,0.0,55.6,10,0,8,9.1,21,1,10,328,28.8,54.1,55.3,57.9,1,0,24,1,12.5,89.6,4.8,1,2,0,1,0,1,4.2,178,9.9
12,Alex Padilla,86285,QB,IOWA,1,73.3,15,18,10.7,3.15,0,1,5.3,33.3,6,0,7,45.5,21,5,5,192,69.8,69.2,70.0,63.9,0,1,22,1,14.3,25.9,4.8,1,2,0,3,0,1,4.5,83,4.6
12,Caleb Williams,144622,QB,OKLAHOMA,1,52.9,17,18,13.6,3.98,0,0,0.0,44.4,8,0,10,11.1,24,1,5,261,42.7,65.6,55.3,72.7,0,1,24,0,40.0,54.6,16.7,4,2,0,1,1,0,0.0,87,4.8
12,Braxton Burmeister,60513,QB,VA TECH,1,87.5,16,17,4.6,2.9,0,1,5.9,82.4,14,0,11,0.0,25,0,7,337,27.3,60.8,55.5,64.8,0,0,25,0,18.2,113.0,8.0,2,6,0,1,1,1,4.0,109,6.4
12,Max Duggan,99470,QB,TCU,1,73.3,15,16,16.8,3.62,0,3,18.8,62.5,10,0,14,9.1,23,1,6,305,30.5,78.4,72.6,70.8,0,1,23,0,21.4,71.4,13.0,3,4,0,1,0,2,8.7,166,10.4
12,Hudson Card,123109,QB,TEXAS,1,80.0,15,16,8.1,3.49,0,1,5.9,62.5,10,0,6,16.7,18,2,8,311,67.0,66.6,64.9,62.4,1,0,19,0,0.0,107.0,0.0,0,2,0,0,1,0,0.0,123,7.7
12,Levi Williams,98365,QB,WYOMING,1,80.0,15,15,14.7,2.84,0,4,25.0,80.0,12,0,2,0.0,18,0,9,351,69.7,92.3,93.1,66.0,0,1,19,0,0.0,130.6,0.0,0,3,0,0,2,0,0.0,242,16.1
12,Jason Brown,109060,QB,S CAROLINA,1,66.7,15,15,9.7,2.81,0,1,6.7,66.7,10,0,9,0.0,20,0,8,289,69.1,59.4,60.2,56.0,0,1,20,0,44.4,113.1,20.0,4,1,0,0,3,1,5.0,157,10.5
12,Nick Tronti,60409,QB,FAU,1,57.1,14,15,12.1,2.42,1,1,6.3,40.0,6,0,3,25.0,16,2,4,165,66.7,53.9,53.7,,0,1,17,0,33.3,25.1,6.3,1,0,0,0,0,1,5.9,63,4.2
12,Connor Cigelske,122433,QB,GA SOUTHRN,1,78.6,14,14,5.5,2.84,0,0,0.0,78.6,11,0,3,0.0,15,0,8,174,71.1,63.9,63.9,60.1,0,1,16,0,0.0,73.2,0.0,0,1,0,0,0,1,6.3,122,8.7
12,Stetson Bennett,60387,QB,GEORGIA,1,57.1,14,14,9.4,2.52,0,0,0.0,57.1,8,0,2,0.0,14,0,6,173,66.2,68.5,67.8,,0,1,14,0,0.0,90.8,0.0,0,0,0,0,2,0,0.0,105,7.5
12,Andrew Marty,60498,QB,NWESTERN,1,76.9,13,14,5.3,3.34,1,1,7.1,71.4,10,0,12,0.0,20,0,5,256,28.8,63.2,65.7,57.6,0,0,20,0,33.3,113.1,20.0,4,2,0,0,1,0,0.0,93,6.6
12,Gerry Bohanon,77636,QB,BAYLOR,1,69.2,13,14,7.3,4.09,1,0,0.0,64.3,9,0,8,0.0,18,0,6,118,69.5,87.3,82.0,76.8,0,0,18,1,25.0,102.1,11.1,2,2,0,0,1,0,0.0,76,5.4
12,Casey Thompson,77677,QB,TEXAS,1,50.0,12,14,7.9,2.54,0,0,0.0,28.6,4,0,5,33.3,15,2,0,311,67.3,46.0,44.5,60.0,0,1,15,0,20.0,9.8,6.7,1,0,0,2,0,1,6.7,29,2.1
12,Dequan Finn,97804,QB,TOLEDO,1,84.6,13,14,10.5,2.87,0,1,7.1,71.4,10,0,4,9.1,15,1,5,316,68.1,74.4,78.2,56.9,0,0,15,0,0.0,130.1,0.0,0,1,0,1,1,0,0.0,150,10.7
12,Zach Calzada,98006,QB,TEXAS A&M,1,71.4,14,14,12.0,2.76,0,1,7.1,71.4,10,0,7,0.0,15,0,5,312,67.3,71.1,73.2,57.1,0,0,15,0,14.3,145.8,6.7,1,0,0,0,2,0,0.0,150,10.7
12,Garrett Dzuro,64526,QB,UMASS,1,66.7,12,13,9.5,1.99,0,0,0.0,53.8,7,0,9,12.5,19,1,4,216,27.2,29.2,25.9,62.1,1,2,19,0,44.4,58.0,21.1,4,0,0,0,1,2,10.5,78,6.0
12,Cameron Friel,146195,QB,UNLV,1,66.7,12,13,9.9,2.44,1,0,0.0,46.2,6,0,5,25.0,14,2,4,325,66.2,47.9,47.3,,0,1,14,0,20.0,30.0,7.1,1,0,0,0,0,1,7.1,67,5.2
12,Riley Leonard,143862,QB,DUKE,1,100.0,13,13,1.8,2.38,0,0,0.0,100.0,13,0,2,0.0,16,0,8,154,70.1,81.5,82.4,65.5,0,0,17,0,0.0,98.4,0.0,0,3,0,0,0,0,0.0,99,7.6
12,Luke McCaffrey,101634,QB,RICE,1,50.0,12,13,10.7,3.41,0,0,0.0,38.5,5,0,5,16.7,17,1,5,275,66.8,67.4,54.6,77.0,0,0,18,0,0.0,49.2,0.0,0,4,0,1,0,0,0.0,47,3.6
12,Austin Aune,83528,QB,N TEXAS,1,66.7,12,12,20.8,2.63,0,4,33.3,50.0,6,0,3,25.0,12,2,6,251,67.7,92.1,91.8,67.8,0,0,12,0,0.0,135.4,0.0,0,0,0,0,2,0,0.0,219,18.3
12,Grant Gremel,101632,QB,INDIANA,1,45.5,11,12,9.5,3.23,0,0,0.0,41.7,5,0,8,0.0,15,0,4,190,66.5,34.7,30.0,60.6,0,0,16,0,0.0,85.4,0.0,0,3,0,1,1,2,12.5,60,5.0
12,JT Daniels,83578,QB,GEORGIA,1,75.0,12,12,10.1,2.48,0,0,0.0,58.3,7,0,0,22.2,12,2,5,173,65.8,67.0,69.3,59.2,0,0,12,0,,103.8,0.0,0,0,0,0,1,0,0.0,73,6.1
12,Dustin Crum,60418,QB,KENT STATE,1,75.0,12,12,6.3,3.11,0,0,0.0,58.3,7,0,3,22.2,13,2,2,201,71.6,81.7,73.2,76.5,0,0,16,1,0.0,70.1,0.0,0,1,0,0,0,0,0.0,56,4.7
12,Chance Lovertich,121427,QB,MISS STATE,1,72.7,11,12,3.0,2.49,1,0,0.0,66.7,8,0,3,0.0,14,0,3,227,67.1,45.0,51.3,49.8,0,0,14,0,0.0,93.1,0.0,0,2,0,0,0,0,0.0,102,8.5
12,Christian Anderson,60339,QB,ARMY,1,27.3,11,12,20.5,2.72,0,2,15.4,16.7,2,0,4,33.3,13,1,2,114,72.5,61.1,49.0,70.4,0,0,14,0,25.0,41.7,7.7,1,0,0,1,0,2,14.3,42,3.5
12,Connor Blumrick,60558,QB,VA TECH,1,60.0,10,11,7.8,2.46,0,0,0.0,45.5,5,0,5,16.7,13,1,3,337,75.3,79.2,53.7,81.1,0,0,14,0,40.0,94.3,15.4,2,0,0,1,2,0,0.0,39,3.5
12,Ryan Hilinski,71295,QB,NWESTERN,1,80.0,10,11,6.7,2.59,0,0,0.0,72.7,8,0,3,0.0,11,0,2,256,65.6,62.2,61.7,,0,1,11,0,0.0,49.8,0.0,0,0,0,1,0,1,9.1,66,6.0
12,Carson Beck,124010,QB,GEORGIA,1,55.6,9,10,12.0,2.67,1,1,10.0,50.0,5,0,3,0.0,11,0,4,173,66.7,59.7,59.0,60.2,0,1,11,0,0.0,69.6,0.0,0,1,0,0,1,1,9.1,77,7.7
12,Drake Maye,143969,QB,N CAROLINA,1,88.9,9,9,11.7,2.89,0,1,10.0,77.8,7,0,1,12.5,10,1,6,245,68.5,66.0,57.9,70.1,0,0,12,0,100.0,144.9,10.0,1,0,0,0,1,0,0.0,89,9.9
12,Hunter Dekkers,122511,QB,IOWA STATE,1,66.7,9,9,9.3,2.52,0,0,0.0,55.6,5,0,4,16.7,9,1,2,193,65.1,43.3,37.9,60.0,0,1,9,0,0.0,59.3,0.0,0,0,0,0,1,1,11.1,29,3.2
12,Cade Fortin,77620,QB,USF,1,66.7,9,9,3.8,2.23,0,0,0.0,55.6,5,0,2,16.7,10,1,3,327,65.4,58.8,53.6,63.7,0,0,10,0,0.0,67.8,0.0,0,1,0,0,0,0,0.0,42,4.7
12,Kyle McCord,145053,QB,OHIO STATE,1,57.1,7,8,4.6,2.67,1,0,0.0,50.0,4,0,2,0.0,9,0,1,260,66.3,54.0,47.1,60.8,0,1,9,0,0.0,16.7,0.0,0,1,0,0,0,1,11.1,17,2.1
12,Sean Clifford,51708,QB,PENN STATE,1,28.6,7,8,3.3,3.17,1,0,0.0,25.0,2,0,7,0.0,9,0,1,266,66.5,34.9,35.0,57.9,0,0,10,0,14.3,39.6,11.1,1,0,0,0,0,0,0.0,23,2.9
12,Frank Gore Jr.,121457,HB,SO MISS,1,57.1,7,8,16.3,2.63,0,1,12.5,50.0,4,0,3,0.0,8,0,3,296,69.0,57.1,53.5,63.2,0,1,8,0,0.0,82.8,0.0,0,0,0,1,2,1,12.5,75,9.4
12,Joe Milton III,82151,QB,TENNESSEE,1,71.4,7,7,9.1,2.84,0,0,0.0,71.4,5,0,3,0.0,9,0,2,307,65.1,54.8,56.8,57.3,0,0,9,0,33.3,80.7,11.1,1,1,0,0,0,0,0.0,32,4.6
12,James Foster,83563,QB,CHARLOTTE,1,100.0,6,7,6.0,2.93,1,0,0.0,85.7,6,0,2,0.0,7,0,4,136,64.6,87.9,87.4,,0,0,7,0,0.0,147.3,0.0,0,0,0,0,1,0,0.0,69,9.9
12,Donaven McCulley,144829,QB,INDIANA,1,60.0,5,7,15.0,3.77,0,0,0.0,42.9,3,0,7,0.0,12,0,1,190,29.1,41.0,30.3,55.9,0,2,13,0,14.3,10.7,8.3,1,4,0,2,0,2,15.4,17,2.4
12,Evan Prater,123576,QB,CINCINNATI,1,50.0,6,6,5.0,2.22,0,0,0.0,50.0,3,0,1,0.0,6,0,2,138,68.0,73.6,67.2,67.7,0,0,6,0,0.0,95.8,0.0,0,0,0,0,1,0,0.0,16,2.7
12,Chandler Rogers,98683,QB,LA MONROE,1,83.3,6,6,5.7,2.53,0,0,0.0,66.7,4,0,4,20.0,7,1,1,209,69.7,75.3,71.8,66.3,0,0,7,0,25.0,122.2,14.3,1,0,0,0,1,0,0.0,36,6.0
12,Tyler Buchner,147472,QB,NOTRE DAME,1,75.0,4,6,2.0,2.34,1,0,0.0,50.0,3,0,4,0.0,7,0,2,258,9.6,41.5,29.2,64.5,1,0,7,0,25.0,56.3,14.3,1,0,0,0,0,1,14.3,17,2.8
12,J.J. McCarthy,144918,QB,MICHIGAN,1,100.0,5,5,5.6,2.66,0,0,0.0,100.0,5,0,1,0.0,5,0,3,222,65.5,76.3,81.1,58.2,0,0,5,0,0.0,154.6,0.0,0,0,0,0,1,0,0.0,58,11.6
12,Connor Genal,98366,QB,NEW MEXICO,1,40.0,5,5,10.4,2.7,0,0,0.0,20.0,1,0,4,50.0,7,1,1,241,64.2,31.8,37.3,,0,1,7,1,50.0,0.8,28.6,2,0,0,0,0,1,14.3,16,3.2
12,Blake Bost,146984,QB,TEXAS A&M,1,50.0,4,5,6.0,2.72,0,0,0.0,40.0,2,0,3,0.0,5,0,0,312,63.8,35.5,30.7,,1,1,5,0,0.0,10.8,0.0,0,0,0,0,0,1,20.0,18,3.6
12,Haaziq Daniels,125263,QB,AIR FORCE,1,50.0,4,5,27.8,3.52,0,1,20.0,20.0,1,0,1,50.0,5,1,1,101,23.7,69.1,69.9,61.5,0,0,5,0,0.0,46.3,0.0,0,0,0,1,0,0,0.0,23,4.6
12,Alan Bowman,77679,QB,MICHIGAN,1,75.0,4,4,9.0,2.35,0,1,25.0,75.0,3,0,1,0.0,4,0,1,222,63.3,73.4,72.9,,0,0,4,0,0.0,101.0,0.0,0,0,0,0,0,0,0.0,35,8.8
12,Beau Allen,73936,QB,KENTUCKY,1,100.0,3,4,10.7,2.83,0,0,0.0,75.0,3,0,3,0.0,6,0,3,202,65.7,82.3,77.5,65.8,1,0,6,0,33.3,106.3,16.7,1,1,0,0,0,0,0.0,40,10.0
12,Tai Lavatai,121854,QB,NAVY,1,100.0,4,4,12.8,3.9,0,0,0.0,100.0,4,0,4,0.0,6,0,4,237,73.1,71.2,75.8,62.1,0,0,6,1,25.0,144.8,16.7,1,1,0,0,2,0,0.0,37,9.3
12,Gavin Wimsatt,155757,QB,RUTGERS,1,25.0,4,4,6.0,3.26,0,0,0.0,25.0,1,0,1,0.0,5,0,0,278,65.5,25.2,24.6,55.7,0,1,5,0,0.0,0.0,0.0,0,1,0,0,0,2,40.0,2,0.5
12,Drew Zaubi,77616,QB,W KENTUCKY,1,100.0,3,3,8.3,1.83,0,1,25.0,100.0,3,0,0,0.0,3,0,2,346,63.3,91.7,91.8,,0,0,4,0,,118.8,0.0,0,0,0,0,0,0,0.0,38,12.7
12,Antavious Willis,100883,WR,SO MISS,1,100.0,3,3,6.3,2.58,0,0,0.0,100.0,3,0,1,0.0,4,0,2,296,18.4,48.7,68.4,45.9,0,0,4,0,100.0,150.7,25.0,1,0,0,0,1,0,0.0,32,10.7
12,Behren Morton,144747,QB,TEXAS TECH,1,50.0,2,3,5.0,3.16,0,0,0.0,33.3,1,0,3,0.0,5,0,0,315,63.8,56.2,46.9,64.1,1,0,5,0,33.3,42.4,20.0,1,1,0,0,0,0,0.0,0,0.0
12,Jack Sears,60580,QB,BOISE ST,1,33.3,3,3,29.0,3.15,0,0,0.0,33.3,1,0,1,0.0,4,0,1,120,66.8,56.1,44.1,68.6,0,0,5,0,100.0,81.9,25.0,1,0,0,0,0,1,20.0,42,14.0
12,Patrick O'Brien,40273,QB,WASHINGTON,1,100.0,2,3,-2.5,3.2,0,0,0.0,33.3,1,0,3,50.0,4,1,0,340,63.3,58.3,57.9,,1,0,4,0,33.3,42.4,25.0,1,0,0,0,0,0,0.0,1,0.3
12,Gaston Moore,123756,QB,TENNESSEE,1,100.0,2,2,0.5,1.35,0,0,0.0,100.0,2,0,0,0.0,2,0,0,307,61.8,63.4,62.7,,0,0,2,0,,79.2,0.0,0,0,0,0,0,0,0.0,6,3.0
12,Andrew Peasley,83581,QB,UTAH ST,1,0.0,2,2,12.0,4.5,0,0,0.0,0.0,0,0,1,,2,0,0,329,61.8,55.0,54.9,,0,1,2,0,0.0,0.0,0.0,0,0,0,0,0,0,0.0,0,0.0
12,Mike DiLiello,121801,QB,MIDDLE TN,1,100.0,2,2,-4.0,0.7,0,0,0.0,100.0,2,0,0,0.0,2,0,0,224,69.6,79.7,62.6,72.1,0,0,2,0,,85.4,0.0,0,0,0,0,0,0,0.0,9,4.5
12,Joey Gatewood,82088,QB,UCF,1,,0,2,,3.03,1,0,0.0,0.0,0,0,2,,3,0,0,323,62.7,52.1,52.6,,1,0,3,0,50.0,39.6,33.3,1,0,0,0,0,0,0.0,0,0.0
12,Jace Ruder,77680,QB,N TEXAS,1,50.0,2,2,6.0,2.73,0,0,0.0,50.0,1,0,1,0.0,3,0,2,251,15.8,40.4,58.1,43.8,0,0,3,0,0.0,72.9,0.0,0,1,0,0,0,0,0.0,14,7.0
12,Collin Schlee,98025,QB,KENT STATE,1,50.0,2,2,3.0,2.2,0,0,0.0,50.0,1,0,0,0.0,2,0,1,201,67.6,82.8,64.9,73.8,0,0,2,0,,66.7,0.0,0,0,0,0,0,0,0.0,11,5.5
12,Isaiah Chavez,128257,QB,NEW MEXICO,1,50.0,2,2,13.5,3.3,0,0,0.0,50.0,1,0,0,0.0,2,0,0,241,68.7,54.6,51.8,58.7,0,0,2,0,,56.3,0.0,0,0,0,0,0,0,0.0,2,1.0
12,Dan Villari,129602,QB,MICHIGAN,1,0.0,2,2,19.0,2.15,0,0,0.0,0.0,0,0,0,,2,0,0,222,66.4,52.9,47.1,62.4,0,0,3,0,,39.6,0.0,0,0,0,0,0,0,0.0,0,0.0
12,Jordan Moore,143865,QB,DUKE,1,50.0,2,2,16.5,2.75,0,0,0.0,50.0,1,0,1,0.0,2,0,0,154,64.4,48.0,51.4,57.6,0,0,2,0,0.0,56.3,0.0,0,0,0,0,0,0,0.0,0,0.0
12,Anthony Russo,40108,QB,MICH STATE,1,100.0,2,2,-2.5,2.3,0,0,0.0,100.0,2,0,0,0.0,2,0,0,223,61.8,63.0,62.7,,0,0,2,0,,79.2,0.0,0,0,0,0,0,0,0.0,0,0.0
12,Brock Vandagriff,146713,QB,GEORGIA,1,0.0,1,1,5.0,2.0,0,0,0.0,0.0,0,0,0,,1,0,0,173,60.3,40.9,46.1,,0,0,1,0,,39.6,0.0,0,0,0,0,0,1,100.0,0,0.0
12,Dajon Richard,97174,HB,SO MISS,1,100.0,1,1,-5.0,1.2,0,0,0.0,100.0,1,0,0,0.0,1,0,0,296,77.4,82.1,60.6,75.9,0,0,1,0,,79.2,0.0,0,0,0,0,0,0,0.0,3,3.0
12,Kekoa Crawford,27369,WR,CAL,1,100.0,1,1,32.0,3.8,0,0,0.0,100.0,1,0,1,0.0,1,0,1,130,64.6,63.3,58.0,,0,0,1,0,0.0,118.8,0.0,0,0,0,0,0,0,0.0,34,34.0
12,Ta'ron Keith,130368,HB,BOWL GREEN,1,0.0,1,1,13.0,2.6,0,0,0.0,0.0,0,0,1,,1,0,0,122,70.2,58.2,47.3,65.3,0,0,1,0,0.0,39.6,0.0,0,0,0,0,0,0,0.0,0,0.0
12,Tucker Melton,130376,QB,BOWL GREEN,1,0.0,1,1,14.0,4.8,0,0,0.0,0.0,0,0,0,,1,0,0,122,60.3,48.1,47.3,,0,0,1,0,,39.6,0.0,0,0,0,0,0,0,0.0,0,0.0
12,Amare Jones,77742,HB,GA SOUTHRN,1,0.0,1,1,18.0,3.0,0,0,0.0,0.0,0,0,0,,1,0,0,174,70.1,68.8,26.9,75.4,0,1,1,0,,0.0,0.0,0,0,0,0,0,1,100.0,0,0.0
12,Keytaon Thompson,60457,WR,VIRGINIA,1,,0,1,,2.1,0,0,0.0,0.0,0,1,1,,1,0,0,335,70.4,74.4,60.0,66.6,1,0,1,1,0.0,39.6,0.0,0,0,0,0,0,0,0.0,0,0.0
12,Reid Bauer,82014,P,ARKANSAS,1,100.0,1,1,9.0,2.0,0,0,0.0,100.0,1,0,0,0.0,1,0,1,111,60.3,49.7,53.7,,0,0,1,0,,158.3,0.0,0,0,0,0,1,0,0.0,32,32.0
12,Jalen McMillan,131905,WR,WASHINGTON,1,0.0,1,1,26.0,2.8,0,0,0.0,0.0,0,0,0,,1,0,0,340,66.2,51.8,58.4,57.5,0,0,1,0,,39.6,0.0,0,0,0,0,0,0,0.0,0,0.0
12,Bryce Carpenter,82101,QB,COAST CAR,1,0.0,1,1,4.0,2.85,0,0,0.0,0.0,0,0,0,,2,0,1,141,66.2,57.6,45.9,65.0,0,0,2,0,,39.6,0.0,0,1,0,0,0,0,0.0,0,0.0
12,Avery Atkins,82599,P,LSU,1,0.0,1,1,11.0,1.8,0,0,0.0,0.0,0,0,0,,1,0,0,211,60.3,58.5,57.7,,0,1,1,0,,0.0,0.0,0,0,0,0,0,0,0.0,0,0.0
12,Spencer Rattler,97408,QB,OKLAHOMA,1,100.0,1,1,-4.0,4.8,0,0,0.0,100.0,1,0,0,0.0,1,0,0,261,60.3,61.1,61.0,,0,0,1,0,,104.2,0.0,0,0,0,0,0,0,0.0,9,9.0
12,Ryan O'Keefe,101139,WR,UCF,1,100.0,1,1,27.0,5.1,0,0,0.0,100.0,1,0,1,0.0,2,0,1,323,21.3,70.4,76.2,50.2,0,0,2,0,0.0,158.3,0.0,0,1,0,0,1,1,50.0,49,49.0
12,Will Shipley,144138,HB,CLEMSON,1,100.0,1,1,9.0,1.7,0,0,0.0,100.0,1,0,1,0.0,1,0,1,140,76.3,76.0,71.9,73.0,0,0,1,0,0.0,118.8,0.0,0,0,0,0,1,0,0.0,2,2.0
12,Jonah Wieland,60261,P,OHIO,1,100.0,1,1,0.0,2.1,0,0,0.0,100.0,1,0,0,0.0,1,0,1,259,60.3,71.8,74.3,,0,0,1,0,,118.8,0.0,0,0,0,0,0,0,0.0,20,20.0
12,Darius Bracy,55048,HB,C MICHIGAN,1,100.0,1,1,-5.0,0.5,0,0,0.0,100.0,1,0,0,0.0,1,0,0,134,74.5,75.1,60.6,69.8,0,0,1,0,,79.2,0.0,0,0,0,0,0,0,0.0,-1,-1.0
12,Gabriel Rogers,100921,WR,MEMPHIS,1,100.0,1,1,1.0,2.7,0,0,0.0,100.0,1,0,0,0.0,1,0,0,218,67.9,58.8,60.6,69.5,0,0,1,0,,100.0,0.0,0,0,0,0,0,0,0.0,8,8.0
12,Tommy Heatherly,100814,P,FIU,1,100.0,1,1,15.0,2.1,0,0,0.0,100.0,1,0,0,0.0,1,0,1,166,60.3,70.7,75.4,,0,0,1,0,,118.8,0.0,0,0,0,0,0,0,0.0,20,20.0
12,JP Richardson,144650,WR,OKLA STATE,1,0.0,1,1,20.0,3.3,0,0,0.0,0.0,0,0,0,,1,0,0,262,66.4,65.7,59.9,,0,0,1,0,,39.6,0.0,0,0,0,0,0,0,0.0,0,0.0
12,Jaren Lewis,99473,QB,KANSAS ST,1,0.0,1,1,1.0,2.1,0,0,0.0,0.0,0,0,0,,1,0,0,199,60.3,60.8,60.6,,0,1,1,0,,0.0,0.0,0,0,0,0,0,0,0.0,0,0.0
12,Marcel Dancy,83642,HB,CAL,1,0.0,1,1,26.0,3.0,0,0,0.0,0.0,0,0,0,,1,0,0,130,69.0,64.8,38.9,75.8,0,0,1,0,,39.6,0.0,0,0,0,0,0,1,100.0,0,0.0
12,Samson Evans,84228,HB,E MICHIGAN,1,100.0,1,1,-4.0,0.6,0,0,0.0,100.0,1,0,0,0.0,1,0,1,160,73.0,68.8,60.6,70.1,0,0,1,0,,158.3,0.0,0,0,0,0,1,0,0.0,19,19.0
12,Nico Ragaini,84232,WR,IOWA,1,0.0,1,1,4.0,3.3,0,0,0.0,0.0,0,0,1,,1,0,0,192,63.7,54.1,57.7,,0,0,1,0,0.0,39.6,0.0,0,0,0,0,0,0,0.0,0,0.0
12,Jared Sparks,40215,WR,LA MONROE,1,0.0,1,1,5.0,3.0,0,0,0.0,0.0,0,0,0,,1,0,0,209,62.4,52.9,44.6,,0,0,1,0,,39.6,0.0,0,0,0,0,0,0,0.0,0,0.0
12,Jordan Jones,40152,WR,CINCINNATI,1,100.0,1,1,8.0,3.6,0,0,0.0,100.0,1,0,0,0.0,1,0,1,138,62.4,78.5,74.4,,0,0,1,0,,127.1,0.0,0,0,0,0,1,0,0.0,5,5.0
12,Jakarius Caston,145419,WR,SO MISS,1,0.0,1,1,37.0,4.3,0,0,0.0,0.0,0,0,1,,1,0,0,296,12.3,49.7,50.1,50.1,0,0,1,0,0.0,39.6,0.0,0,0,0,0,0,0,0.0,0,0.0
12,Trent Whittemore,98811,WR,FLORIDA,1,100.0,1,1,4.0,3.5,0,0,0.0,100.0,1,0,0,0.0,1,0,1,163,63.2,66.1,66.0,,0,0,2,0,,131.3,0.0,0,0,0,0,1,0,0.0,6,6.0
12,Michael Kern,97799,QB,WAKE,1,100.0,1,1,9.0,2.4,0,0,0.0,100.0,1,0,1,0.0,1,0,1,339,60.3,62.5,71.9,,0,0,1,1,0.0,118.8,0.0,0,0,0,0,0,0,0.0,58,58.0
12,Nick Patti,77614,QB,PITTSBURGH,1,,0,1,,4.0,0,0,0.0,0.0,0,0,1,,1,0,0,268,61.8,55.2,55.3,,0,0,2,0,0.0,39.6,0.0,0,0,0,1,0,0,0.0,0,0.0
12,Garrett Greene,123420,QB,W VIRGINIA,1,100.0,1,1,11.0,3.2,0,0,0.0,100.0,1,0,0,0.0,1,0,1,343,60.3,69.6,72.6,,0,0,1,0,,112.5,0.0,0,0,0,0,0,0,0.0,11,11.0
12,Johnny Langan,77617,TE,RUTGERS,1,,0,1,,4.5,0,0,0.0,0.0,0,0,1,,1,0,0,278,69.9,42.6,60.0,52.6,1,0,1,1,0.0,39.6,0.0,0,0,0,0,0,0,0.0,0,0.0
12,JaCobian Morgan,123050,QB,SYRACUSE,1,100.0,1,1,-2.0,1.9,0,0,0.0,100.0,1,0,1,0.0,1,0,0,304,60.3,61.5,61.0,,0,0,1,0,0.0,79.2,0.0,0,0,0,0,0,0,0.0,3,3.0
12,Kasim Hill,60444,QB,RHODE ISLD,1,68.6,51,56,11.5,2.75,1,4,6.9,55.4,31,0,8,11.4,61,4,19,274,71.0,79.7,78.9,60.8,0,2,63,0,62.5,81.2,8.2,5,0,1,3,3,2,3.2,403,7.2
12,Davis Alexander,52162,QB,PORTLAND,1,78.3,46,51,6.9,2.29,1,3,5.5,64.7,33,0,12,8.3,54,3,17,269,35.6,77.2,74.5,68.2,0,0,58,0,16.7,96.9,3.7,2,1,0,4,2,2,3.4,340,6.7
12,Rogan Wells,149999,QB,W CAROLINA,1,68.1,47,51,8.9,3.16,1,2,3.7,58.8,30,0,20,6.3,59,2,20,344,72.5,62.7,60.0,64.5,0,0,62,0,15.0,109.3,5.1,3,5,0,3,4,2,3.2,392,7.7
12,Parker McKinney,82109,QB,E KENTUCKY,1,64.6,48,50,9.9,2.66,1,2,3.9,58.0,29,0,21,6.5,60,2,21,159,27.3,81.3,82.4,62.0,0,0,61,0,19.0,101.3,6.7,4,6,0,1,4,2,3.3,290,5.8
12,Kobe Tracy,141317,QB,DIXIE,1,59.1,44,49,11.7,2.84,0,3,6.0,49.0,24,0,17,7.7,56,2,17,1285,25.5,54.7,60.0,42.3,0,1,57,0,17.6,67.3,5.4,3,4,0,5,1,2,3.5,307,6.3
12,E.J. Perry,60349,QB,BROWN,1,80.4,46,48,4.6,2.49,1,0,0.0,72.9,35,0,12,5.4,50,2,15,123,71.5,61.6,57.1,69.2,0,0,51,0,8.3,92.6,2.0,1,1,0,1,1,3,5.9,263,5.5
12,Tim Demorat,78498,QB,FORDHAM,1,73.9,46,48,10.9,2.55,2,0,0.0,60.4,29,0,6,14.7,50,5,15,168,38.6,53.5,51.7,63.4,0,3,51,0,33.3,70.6,4.0,2,0,0,0,2,4,7.8,349,7.3
12,Cole Kelley,39945,QB,SE LA,1,83.0,47,47,5.9,2.64,0,6,12.5,76.6,36,0,15,7.7,53,3,19,294,47.9,81.5,86.6,57.7,0,0,54,0,20.0,121.5,5.7,3,3,0,0,3,1,1.9,387,8.2
12,Westin Elliott,60433,QB,MERRIMACK,1,64.4,45,47,9.2,2.76,1,3,6.1,57.4,27,0,28,6.9,50,2,14,385,70.5,72.6,71.3,63.7,1,1,53,0,7.1,64.7,4.0,2,1,0,0,0,1,1.9,266,5.7
12,Seth Morgan,103954,QB,VA MILT IN,1,60.0,45,47,9.4,2.53,0,1,2.0,48.9,23,0,9,14.8,51,4,12,336,70.6,36.1,31.0,65.9,0,3,53,0,0.0,47.9,0.0,0,3,0,2,2,4,7.5,197,4.2
12,Tony Muskett,142933,QB,MONMOUTH,1,72.1,43,45,9.7,2.32,0,6,12.5,64.4,29,0,10,6.5,51,2,16,231,39.0,85.0,85.6,56.3,0,0,54,0,50.0,95.2,9.8,5,1,1,1,1,1,1.9,346,7.7
12,Spencer Brasch,100574,QB,CAL POLY,1,48.8,41,44,9.4,2.53,0,0,0.0,40.9,18,0,11,10.0,50,2,10,129,18.8,25.3,26.5,39.7,0,3,52,1,36.4,23.5,8.0,4,2,1,2,0,6,11.5,166,3.8
12,Chris Katrenick,60365,QB,E ILLINOIS,1,63.4,41,43,9.3,2.46,1,1,2.1,58.1,25,0,10,3.8,45,1,9,158,38.7,44.6,45.5,57.2,0,0,49,1,10.0,72.3,2.2,1,1,0,1,0,2,4.1,225,5.2
12,Miles Hastings,103943,QB,UC DAVIS,1,60.5,38,41,8.9,2.37,0,1,2.4,48.8,20,0,12,13.0,43,3,9,322,69.2,44.7,45.8,57.0,0,2,43,0,0.0,38.5,0.0,0,1,0,3,0,3,7.0,158,3.9
12,Dylan Earney,102349,QB,CAMPBELL,1,68.4,38,41,10.7,2.37,0,4,9.5,63.4,26,0,12,0.0,44,0,17,131,69.2,74.8,74.2,64.1,0,1,45,1,16.7,92.3,4.5,2,1,1,2,2,1,2.2,308,7.5
12,Connor Sampson,33374,QB,W ILLINOIS,1,81.6,38,40,3.9,3.23,1,2,4.9,72.5,29,0,22,6.5,55,2,9,345,70.0,53.5,53.3,57.5,0,3,56,1,54.5,48.6,21.8,12,3,0,1,0,2,3.6,167,4.2
12,Skyler Perry,82082,QB,ARKAPB,1,62.2,37,40,9.8,3.26,1,0,0.0,55.0,22,0,11,4.3,48,1,11,112,71.5,53.7,44.8,70.8,0,1,51,0,27.3,67.3,6.3,3,5,0,2,1,2,3.9,206,5.2
12,Liam Welch,19897,QB,SAMFORD,1,74.4,39,40,5.5,2.64,1,0,0.0,65.0,26,0,21,10.3,47,3,16,282,70.8,75.1,71.7,68.8,0,1,51,0,14.3,90.5,6.4,3,4,0,0,2,1,2.0,269,6.7
12,Alec Lewis,103927,QB,N COLORADO,1,54.1,37,40,7.4,2.01,2,2,5.0,47.5,19,0,10,5.0,40,1,7,253,70.7,37.3,33.3,64.8,1,3,40,0,0.0,46.3,0.0,0,0,0,0,2,3,7.5,184,4.6
12,Shedeur Sanders,131396,QB,JACKSON ST,1,80.0,35,39,9.2,2.9,0,1,2.4,71.8,28,0,16,0.0,46,0,18,194,69.5,66.7,66.1,60.8,1,0,48,0,12.5,119.3,4.3,2,5,0,3,3,1,2.1,297,7.6
12,Joseph Brunell,109021,QB,GEORGETOWN,1,63.9,36,39,12.7,2.67,1,3,7.1,59.0,23,0,11,0.0,39,0,11,172,70.0,65.5,63.1,66.7,0,1,42,0,0.0,84.5,0.0,0,0,0,2,2,2,4.8,251,6.4
12,Aidan Sayin,148974,QB,PENN,1,62.9,35,38,9.5,2.69,1,4,10.5,50.0,19,0,20,13.6,45,3,12,267,22.2,47.1,45.4,62.5,1,2,45,0,25.0,58.6,11.1,5,2,0,1,1,6,13.3,255,6.7
12,Kurtis Wilderman,87528,QB,INDIANA ST,1,64.9,37,38,9.6,2.85,1,2,5.1,55.3,21,0,14,12.5,45,3,15,191,71.3,63.8,59.3,67.1,0,0,46,0,14.3,74.9,4.4,2,5,0,0,0,0,0.0,244,6.4
12,Nolan Grooms,108987,QB,YALE,1,60.6,33,37,15.5,3.64,0,4,10.8,45.9,17,0,22,15.0,46,3,15,352,72.9,66.4,54.9,77.5,0,3,46,0,27.3,62.7,13.0,6,3,0,4,3,5,10.9,258,7.0
12,Tommy Schuster,108954,QB,N DAKOTA,1,76.5,34,37,8.4,3.03,1,2,5.4,59.5,22,0,21,15.4,46,4,12,249,70.2,81.2,76.2,73.1,1,1,46,0,14.3,73.9,6.5,3,6,0,1,1,2,4.3,218,5.9
12,Davis Shanley,60604,QB,TENN TECH,1,66.7,36,36,9.0,3.16,0,0,0.0,61.1,22,0,8,8.3,38,2,10,309,71.5,65.5,65.0,60.5,0,2,40,0,12.5,65.9,2.6,1,1,0,0,1,2,5.0,231,6.4
12,Nic Baker,87541,QB,S ILLINOIS,1,43.3,30,35,9.8,3.65,1,1,2.7,31.4,11,0,21,15.4,43,2,8,295,69.8,47.7,41.6,66.1,2,2,45,0,9.5,29.0,4.7,2,6,0,2,1,4,8.9,126,3.6
12,Jackson Waring,138217,QB,ILL STATE,1,60.0,30,34,9.7,3.12,2,0,0.0,52.9,18,0,14,0.0,41,0,9,188,69.1,60.6,57.8,64.2,0,1,42,2,14.3,68.1,4.9,2,5,0,2,1,1,2.4,199,5.9
12,Jared Lewis,108959,QB,DELWARE ST,1,68.8,32,34,11.9,3.24,0,1,2.9,58.8,20,0,21,9.1,37,2,11,152,72.1,83.8,77.3,75.8,0,0,38,0,9.5,115.1,5.4,2,1,0,2,4,0,0.0,202,5.9
12,Peyton Mansell,82135,QB,ABILENE CH,1,69.7,33,34,5.7,2.41,0,0,0.0,55.9,19,0,12,17.4,39,4,7,100,70.7,51.1,55.2,49.3,0,1,39,0,16.7,52.5,5.1,2,2,0,1,0,1,2.6,131,3.9
12,Aqeel Glass,60328,QB,ALAB A&M,1,90.6,32,34,10.5,2.55,1,5,14.3,79.4,27,0,9,6.9,35,2,18,104,69.3,96.0,96.3,55.5,1,0,37,0,11.1,158.3,2.9,1,0,0,0,6,1,2.7,474,13.9
12,Eric Barriere,40109,QB,E WASHGTON,1,87.9,33,34,10.5,2.45,0,2,5.9,76.5,26,0,4,10.3,34,3,18,161,70.4,92.8,92.9,61.2,0,0,34,0,0.0,144.1,0.0,0,0,0,1,5,0,0.0,316,9.3
12,Corey Fields Jr.,78539,QB,SCAR STATE,1,65.6,32,34,11.7,2.47,0,0,0.0,61.8,21,0,6,0.0,36,0,15,290,68.8,59.7,59.8,57.0,1,1,37,0,16.7,101.3,2.8,1,1,0,1,3,1,2.7,250,7.4
12,Luke Emge,109025,QB,HARVARD,1,56.3,32,34,11.9,2.63,0,3,8.6,44.1,15,0,12,16.7,39,3,10,179,32.8,55.7,56.2,55.5,1,1,40,0,25.0,73.5,7.7,3,2,0,1,2,1,2.5,223,6.6
12,Joe Fagnano,104768,QB,MAINE,1,66.7,33,34,9.0,2.66,0,3,8.8,61.8,21,0,13,4.5,40,1,14,212,35.7,67.4,68.0,57.6,0,0,41,0,30.8,103.7,10.0,4,2,0,1,2,1,2.4,249,7.3
12,Cam Ward,133244,QB,INCAR WORD,1,84.8,33,33,4.8,2.51,0,1,2.7,81.8,27,0,5,3.6,35,1,19,189,69.4,65.5,63.8,62.8,0,1,39,0,20.0,124.0,2.9,1,1,0,0,3,1,2.6,314,9.5
12,Tommy Herion,88637,QB,NEW HAMP,1,58.1,31,33,11.4,3.06,0,4,11.1,51.5,17,0,9,5.6,35,1,9,240,68.9,67.5,68.0,57.0,1,4,38,0,11.1,56.8,2.9,1,1,0,1,3,3,7.9,167,5.1
12,Shon Mitchell,60610,QB,CENT CT ST,1,53.3,30,33,13.8,2.41,2,3,8.6,39.4,13,0,7,18.8,34,3,9,133,30.0,50.6,53.7,52.0,0,0,36,1,0.0,72.3,0.0,0,1,0,1,2,1,2.8,136,4.1
12,Ben Nimz,109067,QB,VALPO,1,68.8,32,33,9.3,2.54,0,2,5.7,57.6,19,0,7,13.6,36,3,12,332,29.9,62.7,64.8,57.3,0,3,38,1,14.3,61.4,2.8,1,1,1,0,2,3,7.9,230,7.0
12,Eric Schmid,66632,QB,SM HOUSTON,1,70.0,30,32,10.4,2.58,1,1,3.0,56.3,18,0,11,14.3,35,3,14,281,32.6,77.6,81.6,50.7,0,0,36,0,9.1,112.0,2.9,1,2,0,1,3,0,0.0,244,7.6
12,Michael Brescia,149295,QB,COLGATE,1,68.8,32,32,13.4,3.14,0,0,0.0,53.1,17,0,5,22.7,37,5,13,142,76.3,73.2,69.4,64.9,0,0,38,0,40.0,92.2,5.4,2,3,0,0,2,0,0.0,192,6.0
12,Zerrick Cooper,40465,QB,JVILLE ST,1,58.6,29,32,10.3,2.56,2,1,3.1,50.0,16,1,13,5.9,36,1,12,196,70.5,64.6,67.5,57.4,0,1,36,2,23.1,73.8,8.3,3,1,0,1,1,0,0.0,251,7.8
12,Fred Payton,82102,QB,MERCER,1,70.0,30,31,11.7,2.74,0,1,2.9,67.7,21,0,9,0.0,35,0,16,219,70.2,60.2,57.0,64.6,0,3,38,0,0.0,90.9,0.0,0,4,0,1,2,3,7.9,375,12.1
12,Mason Randall,91728,QB,SAN DIEGO,1,67.7,31,31,14.3,2.45,0,3,9.4,67.7,21,0,3,0.0,31,0,14,283,68.9,91.0,90.5,63.3,0,0,32,0,0.0,136.0,0.0,0,0,0,0,3,0,0.0,336,10.8
12,Tyler Riddell,102355,QB,E TENN ST,1,92.9,28,31,7.9,2.8,0,2,6.3,83.9,26,0,6,0.0,32,0,12,157,29.1,91.3,90.8,63.7,0,0,33,0,16.7,134.5,3.1,1,0,2,1,3,1,3.0,265,8.5
12,Bailey Fisher,88643,QB,GARD-WEBB,1,74.2,31,31,8.6,2.35,0,3,8.8,64.5,20,0,5,13.0,33,3,13,171,71.3,83.7,88.1,60.9,0,0,36,1,20.0,119.8,3.0,1,1,0,0,3,0,0.0,236,7.6
12,Davis Cheek,55146,QB,ELON,1,83.3,30,31,8.4,2.88,0,1,3.1,74.2,23,0,10,8.0,35,2,14,162,69.2,83.6,88.6,49.3,1,0,36,1,20.0,112.8,5.7,2,2,0,0,1,1,2.8,284,9.2
12,George Martin,103959,QB,ROB MORRIS,1,71.0,31,31,5.6,2.56,0,0,0.0,64.5,20,0,6,9.1,32,2,9,277,70.2,75.6,67.8,75.1,0,1,38,0,0.0,76.7,0.0,0,1,0,0,1,0,0.0,175,5.6
12,Mark Pappas,109046,QB,MOREHEAD,1,66.7,30,31,12.9,2.89,0,6,18.2,64.5,20,0,17,0.0,34,0,15,234,29.2,91.4,91.2,56.2,0,1,36,0,11.8,126.7,5.9,2,1,0,1,3,1,2.8,391,12.6
12,Zevi Eckhaus,148535,QB,BRYANT,1,79.3,29,30,10.5,2.25,0,4,12.5,73.3,22,0,9,4.3,31,1,15,124,70.4,81.2,83.2,57.7,0,0,33,0,11.1,146.8,3.2,1,0,0,1,4,1,3.0,317,10.6
12,Ren Hefley,101621,QB,PRESBYTERN,1,58.6,29,30,6.4,2.2,0,0,0.0,53.3,16,0,10,5.9,32,1,7,271,68.4,40.1,39.6,,0,3,32,1,20.0,34.0,6.3,2,0,0,1,1,4,12.5,115,3.8
12,Jack Chambers,60359,QB,CHARLES SO,1,46.2,26,29,5.2,2.86,1,1,3.2,34.5,10,0,8,16.7,34,2,3,135,69.7,59.9,57.2,64.3,0,1,36,0,50.0,29.0,11.8,4,1,0,2,0,0,0.0,52,1.8
12,Felix Harper,13753,QB,ALCORN ST,1,71.4,28,29,9.2,2.74,0,2,6.5,62.1,18,0,15,10.0,36,2,7,107,30.3,65.0,63.7,61.6,0,1,39,0,33.3,81.1,13.9,5,2,1,0,1,1,2.6,210,7.2
12,Cody Orgeron,23693,QB,MCNEESE,1,71.4,28,29,8.6,2.86,0,1,3.3,55.2,16,0,26,20.0,47,4,13,217,70.3,58.4,60.8,53.8,0,0,48,0,42.3,77.9,23.4,11,7,0,1,0,1,2.1,208,7.2
12,Cole Smith,109050,QB,PRINCETON,1,75.0,28,29,8.4,2.54,1,1,3.4,72.4,21,0,7,0.0,33,0,11,272,73.0,86.0,83.3,70.7,0,0,33,0,14.3,94.0,3.0,1,3,0,0,0,1,3.0,220,7.6
12,Juwan Carter,91113,QB,NORFOLK,1,70.4,27,28,10.1,2.4,0,0,0.0,60.7,17,0,11,10.5,38,2,16,244,32.5,64.4,66.4,56.2,0,1,40,0,36.4,97.2,10.5,4,6,0,1,2,2,5.0,239,8.5
12,Joe Owens,141732,QB,ALABAMA ST,1,80.8,26,28,5.5,2.08,0,1,3.3,64.3,18,0,5,14.3,30,3,7,105,69.9,62.4,64.0,54.5,1,1,32,0,20.0,86.2,3.3,1,1,0,1,2,1,3.1,145,5.2
12,Davius Richard,109077,QB,NC CENT,1,65.4,26,27,13.3,3.23,1,2,7.1,59.3,16,0,8,5.9,32,1,10,247,72.0,81.7,73.0,76.8,0,1,33,0,25.0,84.0,6.3,2,3,0,0,2,1,3.0,151,5.6
12,Austin Day,106411,QB,MARIST,1,84.6,26,27,5.8,3.45,1,1,3.4,74.1,20,0,15,9.1,38,2,13,213,35.9,62.2,54.3,73.6,0,1,42,1,40.0,105.2,15.8,6,5,0,0,2,5,11.9,208,7.7
12,Zach Gwynn,77654,QB,DELAWARE,1,56.0,25,27,9.8,2.73,0,0,0.0,51.9,14,0,9,0.0,27,0,6,151,68.5,57.9,57.3,59.3,0,1,27,0,0.0,51.9,0.0,0,0,0,2,0,1,3.7,143,5.3
12,Camden Orth,108965,QB,LIUSHAR,1,66.7,21,27,8.8,2.93,0,0,0.0,48.1,13,0,18,7.1,32,1,8,1298,32.7,44.4,48.6,51.3,3,1,33,1,22.2,55.0,12.5,4,1,0,3,0,1,3.0,183,6.8
12,Carson Camp,141837,QB,S DAKOTA,1,84.0,25,27,3.6,2.76,1,0,0.0,77.8,21,0,10,0.0,35,0,9,291,69.3,59.4,62.5,57.0,0,1,37,1,30.0,105.9,8.6,3,5,0,1,2,1,2.7,194,7.2
12,Daniel Smith,88625,QB,VILLANOVA,1,66.7,24,27,16.2,2.76,3,5,18.5,44.4,12,0,6,25.0,29,4,8,334,21.8,67.2,73.1,51.6,0,1,29,0,16.7,68.1,3.4,1,1,0,0,1,3,10.3,208,7.7
12,Derek Kyler,109012,QB,DARTMOUTH,1,90.5,21,26,10.3,2.43,1,4,14.8,69.2,18,0,4,5.3,26,1,11,148,71.0,91.7,86.3,83.7,0,0,27,0,0.0,132.7,0.0,0,0,2,2,3,0,0.0,215,8.3
12,C.J. Ogbonna,149182,QB,SE MO ST,1,60.0,25,26,15.2,2.38,0,4,14.8,53.8,14,0,6,6.7,29,1,11,293,70.7,85.6,84.0,70.7,0,2,30,0,16.7,86.2,3.4,1,2,1,0,3,1,3.3,205,7.9
12,Draylen Ellis,121346,QB,AUSTINPEAY,1,64.0,25,26,13.1,2.67,0,4,14.8,57.7,15,0,7,6.3,32,1,9,116,69.9,65.6,65.7,63.9,0,0,33,1,28.6,129.8,6.3,2,2,0,1,3,0,0.0,257,9.9
12,Rasean McKay,88321,QB,FL A&M,1,79.2,24,25,7.8,2.11,0,3,11.5,68.0,17,0,5,10.5,26,2,10,164,67.9,89.4,89.1,,0,0,27,0,0.0,104.9,0.0,0,0,0,1,1,0,0.0,197,7.9
12,Cole Johnson,29785,QB,JAMES MAD,1,88.0,25,25,10.5,2.22,0,1,3.8,84.0,21,0,6,4.5,29,1,16,197,27.7,76.9,77.9,57.3,0,0,30,0,50.0,158.3,10.3,3,1,0,0,6,1,3.3,363,14.5
12,Chris Oladokun,40364,QB,S DAK ST,1,82.6,23,25,10.1,3.03,0,0,0.0,76.0,19,0,12,0.0,28,0,14,292,70.1,76.2,76.5,61.2,0,0,28,0,8.3,144.8,3.6,1,2,0,2,3,0,0.0,239,9.6
12,Matthew McKay,60485,QB,MONTANA ST,1,56.5,23,25,8.5,2.18,0,0,0.0,48.0,12,0,14,7.7,32,1,8,233,69.9,64.2,61.1,64.6,2,0,32,0,28.6,73.4,12.5,4,3,0,0,1,0,0.0,108,4.3
12,Jason Shelley,60581,QB,MO STATE,1,64.0,25,25,10.1,2.8,0,3,11.5,56.0,14,0,14,12.5,29,2,10,230,69.3,88.0,83.4,73.0,0,0,30,0,7.1,104.9,3.4,1,3,0,0,1,0,0.0,257,10.3
12,Joe Green,101283,QB,COLUMBIA,1,52.2,23,25,11.4,2.65,0,1,3.4,36.0,9,0,2,25.0,27,3,4,145,69.4,59.2,55.3,65.6,0,1,32,0,0.0,55.9,0.0,0,2,0,2,2,2,6.3,83,3.3
12,Darius Perrantes,103934,QB,DUQUESNE,1,83.3,24,25,12.9,2.64,0,6,21.4,68.0,17,0,10,15.0,27,3,10,155,68.8,96.5,96.6,69.0,1,1,31,0,0.0,122.7,0.0,0,2,0,0,3,1,3.2,246,9.8
12,Andrew Body,155202,QB,TEXAS STHN,1,65.2,23,25,10.4,2.58,1,2,7.7,56.0,14,0,7,6.7,28,1,7,313,71.1,64.9,52.8,76.1,0,1,29,0,14.3,73.3,3.6,1,2,0,1,1,2,6.9,167,6.7
12,Zachary Clement,105561,QB,NWSTATE,1,73.9,23,24,8.4,2.47,0,1,4.2,62.5,15,0,16,11.8,31,2,7,257,24.8,64.1,64.5,60.1,1,0,31,1,31.3,124.0,16.1,5,2,0,0,3,1,3.2,174,7.3
12,Jett Duffey,41634,QB,HAMPTON,1,81.0,21,24,13.5,3.33,1,4,16.7,62.5,15,0,11,11.8,32,2,13,178,72.3,89.0,84.7,75.5,0,2,32,1,18.2,61.6,6.3,2,6,0,2,0,2,6.3,243,10.1
12,Orion Olivas,155517,QB,HOU BAPT,1,50.0,20,24,5.1,3.04,0,0,0.0,41.7,10,0,12,0.0,28,0,6,183,29.1,24.7,24.7,49.0,0,4,29,0,16.7,11.8,7.1,2,2,0,4,0,6,20.7,84,3.5
12,Cam Miller,125299,QB,N DAK ST,1,82.6,23,23,5.8,2.5,0,0,0.0,82.6,19,0,3,0.0,26,0,12,250,69.1,79.4,79.5,62.6,0,0,27,0,33.3,120.8,3.8,1,2,0,0,1,0,0.0,219,9.5
12,Steven Duncan,40211,QB,TARLETON,1,68.2,22,23,14.7,2.62,0,3,13.0,60.9,14,0,10,6.7,28,1,9,401,71.0,79.4,80.1,63.1,0,1,28,0,20.0,104.3,7.1,2,3,0,1,2,0,0.0,224,9.7
12,RJ Martinez,147690,QB,N ARIZONA,1,63.2,19,23,10.3,2.38,3,0,0.0,52.2,12,0,10,0.0,25,0,7,252,26.6,61.1,58.6,63.3,0,0,25,0,20.0,90.7,8.0,2,0,0,1,1,1,4.0,169,7.3
12,Ian Corwin,109017,QB,DRAKE,1,54.5,22,23,11.8,2.78,1,1,4.2,43.5,10,0,9,16.7,26,2,4,153,67.9,60.1,60.9,53.1,0,1,27,0,11.1,55.2,3.8,1,2,0,0,1,0,0.0,113,4.9
12,Theo Day,83515,QB,N IOWA,1,81.8,22,23,11.5,2.91,0,2,8.7,60.9,14,0,13,22.2,29,4,10,255,68.7,78.3,80.3,61.4,0,0,29,1,38.5,110.6,17.2,5,1,0,1,1,0,0.0,239,10.4
12,Trae Self,103962,QB,STF AUSTIN,1,76.2,21,23,13.1,2.97,1,3,12.5,65.2,15,0,5,6.3,27,1,9,301,70.6,80.5,76.4,70.2,0,1,29,0,40.0,114.9,7.4,2,2,0,1,2,1,3.4,263,11.4
12,Warner Bush,149585,QB,PRESBYTERN,1,60.0,20,22,5.8,2.02,0,0,0.0,50.0,11,0,11,8.3,25,1,2,271,17.5,27.2,33.4,28.0,2,1,25,0,18.2,37.3,8.0,2,1,0,0,0,1,4.0,61,2.8
12,Justin Agner,41605,QB,STETSON,1,60.0,20,22,15.2,3.08,2,3,12.5,54.5,12,0,11,0.0,28,0,8,302,69.3,72.5,73.1,59.2,0,1,31,0,45.5,65.5,17.9,5,1,0,0,0,0,0.0,195,8.9
12,Cam Humphrey,39886,QB,MONTANA,1,70.0,20,22,7.3,3.05,0,0,0.0,59.1,13,0,13,7.1,30,1,9,232,69.3,64.1,64.1,59.0,0,2,31,0,38.5,70.3,16.7,5,3,0,2,1,2,6.5,220,10.0
12,Bret Bushka,108927,QB,BUTLER,1,80.0,20,22,8.7,2.78,1,0,0.0,68.2,15,0,4,6.3,25,1,11,127,70.5,79.9,76.9,68.3,0,2,26,0,25.0,54.2,4.0,1,1,0,1,0,1,3.8,175,8.0
12,Dresser Winn,63583,QB,TENN MARTN,1,47.6,21,22,11.8,2.49,0,0,0.0,45.5,10,0,9,0.0,23,0,3,310,68.7,35.0,31.4,64.0,0,1,23,0,11.1,36.2,4.3,1,0,0,1,0,2,8.7,80,3.6
12,Kohen Granier,63573,QB,NICHOLLS,1,42.9,21,21,17.4,2.22,0,3,13.6,42.9,9,0,6,0.0,21,0,7,243,19.2,62.8,66.8,45.4,0,0,22,0,0.0,89.8,0.0,0,0,0,0,1,1,4.5,182,8.7
12,Bronson Barron,141710,QB,WEBER ST,1,70.0,20,21,10.6,2.46,1,0,0.0,66.7,14,0,9,0.0,23,0,8,342,67.7,61.0,59.8,,0,1,25,0,22.2,100.3,8.7,2,0,0,0,2,0,0.0,155,7.4
12,Justin Sliwoski,77612,QB,ST FRANCIS,1,73.7,19,20,5.8,2.84,0,0,0.0,70.0,14,0,9,0.0,25,0,11,299,27.6,61.7,62.3,57.1,0,0,26,1,44.4,152.1,16.0,4,1,0,1,3,1,3.8,254,12.7
12,Chris Ferguson,40105,QB,TOWSON,1,50.0,20,20,9.7,2.02,0,0,0.0,45.0,9,0,8,10.0,22,1,5,317,25.1,34.2,33.3,,0,2,23,0,0.0,35.4,0.0,0,0,0,0,1,2,8.7,90,4.5
12,Louis Colosimo,64186,QB,DAVIDSON,1,72.2,18,20,10.7,2.38,1,0,0.0,55.0,11,0,4,15.4,22,2,7,149,73.3,65.0,60.6,65.4,1,0,23,0,25.0,88.3,4.5,1,1,0,0,1,2,8.7,114,5.7
12,Richie Kenney,91723,QB,CORNELL,1,52.6,19,19,9.8,2.25,0,0,0.0,52.6,10,0,5,0.0,19,0,7,147,67.1,41.6,41.3,,0,2,20,0,0.0,33.1,0.0,0,0,0,0,0,3,15.0,122,6.4
12,Jake Dunniway,60572,QB,SACRAMENTO,1,68.4,19,19,11.3,2.25,0,0,0.0,68.4,13,0,2,0.0,20,0,6,279,69.7,79.0,81.7,56.4,0,0,20,0,0.0,101.6,0.0,0,1,0,0,0,0,0.0,194,10.2
12,Guenson Alexis,148625,QB,WAGNER,1,56.3,16,19,14.8,2.92,0,0,0.0,42.1,8,0,16,11.1,26,1,5,338,70.6,43.6,46.3,49.9,0,0,27,0,37.5,57.3,23.1,6,1,0,3,0,0,0.0,92,4.8
12,Daelyn Williams,150337,QB,LAMAR,1,66.7,15,19,12.6,3.69,0,0,0.0,36.8,7,0,18,30.0,27,3,8,204,21.5,56.3,66.4,46.8,2,0,28,1,27.8,58.2,18.5,5,3,0,2,0,0,0.0,116,6.1
12,Blake Dever,46546,QB,N ALABAMA,1,89.5,19,19,6.1,2.66,0,0,0.0,84.2,16,0,8,5.9,22,1,13,389,68.8,71.4,70.2,62.6,0,0,24,0,25.0,136.3,9.1,2,1,0,0,1,0,0.0,257,13.5
12,Sagan Gronauer,105567,QB,IDAHO ST,1,62.5,16,19,10.1,2.95,3,1,5.0,52.6,10,0,12,0.0,29,0,4,186,27.3,59.8,64.1,50.1,0,0,30,0,50.0,71.8,20.7,6,3,0,0,0,1,3.3,118,6.2
12,Marquez McCray,109056,QB,SACR HEART,1,80.0,15,18,8.5,3.28,0,1,5.3,61.1,11,0,13,8.3,22,1,9,280,69.4,75.8,75.2,63.2,1,0,24,0,7.7,119.0,4.5,1,3,0,2,2,0,0.0,125,6.9
12,Neil Boudreau,44632,QB,MORGAN ST,1,58.8,17,17,7.9,2.87,0,1,5.3,52.9,9,0,12,10.0,21,1,4,235,68.8,59.3,63.6,51.2,0,0,23,0,8.3,65.3,4.8,1,3,0,0,0,1,4.3,78,4.6
12,Chayil Garnett,123986,QB,TENN STATE,1,66.7,15,17,-0.7,2.33,0,0,0.0,58.8,10,0,8,0.0,20,0,4,308,67.9,59.8,59.2,59.6,1,0,21,1,37.5,63.6,15.0,3,0,0,1,0,0,0.0,42,2.5
12,Jeff Undercuffler,78501,QB,ALBANY,1,75.0,16,16,6.3,2.53,0,0,0.0,68.8,11,0,4,8.3,17,1,2,106,67.1,62.8,65.3,,0,0,20,1,25.0,80.5,5.9,1,0,0,0,0,1,5.0,81,5.1
12,Drayton Arnold,40050,QB,CHATTNOOGA,1,35.7,14,16,17.4,2.93,0,1,5.9,25.0,4,0,2,20.0,18,1,4,137,67.1,55.1,58.8,50.1,0,2,20,0,50.0,12.0,5.6,1,1,1,1,0,2,10.0,94,5.9
12,Tyquell Fields,51615,QB,STNY BROOK,1,66.7,15,15,11.5,2.71,0,1,5.9,66.7,10,0,8,0.0,15,0,5,303,66.7,70.7,69.2,,0,0,17,0,0.0,138.1,0.0,0,0,0,0,2,2,11.8,147,9.8
12,Nick Semptimphelter,142984,QB,BUCKNELL,1,69.2,13,15,7.7,2.52,0,1,6.7,53.3,8,0,6,11.1,16,1,3,125,66.4,76.6,76.0,,1,0,16,0,16.7,84.3,6.3,1,0,0,1,1,0,0.0,56,3.7
12,Quinton Williams,102366,QB,HOWARD,1,73.3,15,15,14.4,2.42,0,3,20.0,73.3,11,0,2,0.0,17,0,7,184,66.7,90.9,91.5,,0,0,17,1,100.0,151.7,11.8,2,0,0,0,3,0,0.0,176,11.7
12,Demeatric Crenshaw,138332,QB,YNGTOWN ST,1,92.9,14,15,4.9,2.24,0,0,0.0,73.3,11,0,4,15.4,18,2,8,353,72.5,71.6,71.5,62.8,1,0,19,0,50.0,128.1,11.1,2,1,0,0,2,0,0.0,91,6.1
12,Ben Mays,91722,QB,CORNELL,1,69.2,13,14,11.8,2.71,0,1,6.3,64.3,9,0,5,0.0,14,0,4,147,66.5,49.8,49.5,,0,1,16,0,0.0,75.6,0.0,0,0,0,1,1,2,12.5,87,6.2
12,Tommy Dolan,111302,QB,STTHOM,1,61.5,13,14,14.5,2.82,0,1,7.1,50.0,7,0,6,12.5,17,1,5,1129,22.4,52.3,52.8,57.3,0,0,17,0,33.3,81.3,11.8,2,1,0,1,0,1,5.9,126,9.0
12,DJ Williams,138061,QB,MURRAY ST,1,58.3,12,14,12.8,3.11,0,0,0.0,50.0,7,0,7,0.0,18,0,4,236,73.3,60.8,50.4,66.6,0,0,18,0,28.6,61.3,11.1,2,2,0,2,0,1,5.6,59,4.2
12,Ethan Grady,149266,QB,BUCKNELL,1,54.5,11,13,7.1,2.58,0,0,0.0,38.5,5,0,8,16.7,15,1,2,125,66.8,42.9,42.2,,0,2,19,0,25.0,7.1,13.3,2,0,0,2,0,2,10.5,32,2.5
12,Devin Black,78526,QB,BETH COOK,1,84.6,13,13,18.1,3.83,0,4,30.8,76.9,10,0,9,9.1,21,1,10,119,67.4,94.6,93.9,78.2,0,1,22,1,44.4,125.8,19.0,4,4,0,0,3,0,0.0,231,17.8
12,Lindsey Scott Jr.,40219,QB,NICHOLLS,1,69.2,13,13,10.5,2.51,0,0,0.0,61.5,8,0,6,11.1,14,1,3,243,71.1,66.8,69.2,59.5,0,0,16,0,0.0,75.8,0.0,0,1,0,0,0,0,0.0,70,5.4
12,Darius Bowers,102352,QB,CENT ARK,1,45.5,11,13,15.5,3.22,0,0,0.0,30.8,4,0,11,20.0,18,1,2,132,67.8,54.1,47.5,68.7,2,1,20,0,36.4,9.5,22.2,4,1,0,0,0,1,5.0,43,3.3
12,Matthew Sluka,143059,QB,HOLY CROSS,1,53.8,13,13,12.4,2.5,0,0,0.0,38.5,5,0,3,28.6,16,2,5,181,68.8,67.7,57.8,73.7,0,0,16,0,66.7,74.5,12.5,2,1,0,0,1,0,0.0,46,3.5
12,Hunter Loyd,121395,QB,CENT ARK,1,40.0,10,12,13.7,2.65,0,0,0.0,33.3,4,0,3,0.0,13,0,2,132,66.7,50.2,51.1,57.8,0,0,17,0,0.0,42.4,0.0,0,1,0,2,0,0,0.0,26,2.2
12,Marco Siderman,143060,QB,HOLY CROSS,1,75.0,12,12,11.5,2.78,0,2,15.4,66.7,8,0,8,11.1,14,1,6,181,67.3,87.5,85.8,63.1,0,0,15,0,25.0,149.3,14.3,2,0,0,0,2,0,0.0,166,13.8
12,Luke Bailey,143172,QB,DRAKE,1,63.6,11,12,9.1,2.33,0,1,8.3,58.3,7,0,3,0.0,12,0,2,153,66.0,66.6,69.3,57.3,0,0,13,0,0.0,66.7,0.0,0,0,0,1,0,0,0.0,46,3.8
12,Jalen Fowler,64170,QB,NC A&T,1,72.7,11,12,9.4,3.11,0,0,0.0,58.3,7,0,6,12.5,15,1,3,246,68.9,46.2,42.3,62.0,0,0,17,0,50.0,70.8,20.0,3,0,0,1,0,2,11.8,58,4.8
12,Hunter Hays,141593,QB,IDAHO ST,1,58.3,12,12,14.0,3.34,0,1,8.3,58.3,7,0,6,0.0,18,0,4,186,69.0,63.1,61.8,61.7,0,0,18,0,50.0,79.2,16.7,3,3,0,0,0,0,0.0,82,6.8
12,Jace Wilson,149892,QB,FURMAN,1,70.0,10,11,9.5,3.25,0,0,0.0,63.6,7,0,9,0.0,17,0,8,170,26.9,59.2,63.8,53.4,0,0,18,0,22.2,137.5,11.8,2,4,0,1,1,0,0.0,145,13.2
12,Jaylen Gipson,60561,QB,N ALABAMA,1,72.7,11,11,9.0,2.12,0,0,0.0,72.7,8,0,2,0.0,12,0,5,389,69.9,52.5,49.6,60.0,0,0,12,0,50.0,93.4,8.3,1,0,0,0,0,0,0.0,81,7.4
12,Deveon Bryant,89422,QB,TENN STATE,1,90.9,11,11,5.6,2.57,0,0,0.0,81.8,9,0,2,10.0,13,1,4,308,24.9,57.7,75.9,41.8,0,0,15,0,0.0,115.2,0.0,0,2,0,0,0,0,0.0,128,11.6
12,Hayden Anderson,151208,QB,ABILENE CH,1,60.0,10,11,5.4,2.04,0,0,0.0,54.5,6,0,3,0.0,14,0,3,100,20.9,47.6,44.3,60.3,0,0,15,0,33.3,72.2,7.1,1,1,0,1,0,1,6.7,65,5.9
12,Asher O'Hara,78529,QB,SACRAMENTO,1,87.5,8,10,1.5,2.37,0,0,0.0,70.0,7,0,2,0.0,12,0,3,279,74.5,55.2,59.9,57.7,0,0,12,1,50.0,81.3,8.3,1,1,0,2,0,0,0.0,50,5.0
12,Peyton Derrick,60329,QB,WOFFORD,1,90.0,10,10,8.0,2.62,0,0,0.0,80.0,8,0,3,11.1,13,1,7,350,70.0,88.7,83.0,73.6,0,1,13,0,0.0,65.4,0.0,0,3,0,0,0,0,0.0,92,9.2
12,Nathan Kent,148446,QB,TOWSON,1,60.0,10,10,9.9,2.53,0,0,0.0,50.0,5,0,4,16.7,15,1,4,317,66.4,46.0,50.4,57.6,0,1,15,1,50.0,29.6,13.3,2,3,0,0,0,1,6.7,61,6.1
12,Jameson Wang,148782,QB,CORNELL,1,70.0,10,10,5.4,2.47,0,0,0.0,70.0,7,0,5,0.0,11,0,3,147,72.1,54.9,36.1,70.9,0,2,11,0,20.0,47.1,9.1,1,0,0,0,0,2,18.2,63,6.3
12,Jake Davis,149583,QB,PRESBYTERN,1,44.4,9,9,12.0,2.47,0,1,11.1,44.4,4,0,6,0.0,11,0,3,271,66.8,41.1,33.7,64.9,0,0,12,0,16.7,114.6,9.1,1,1,0,0,1,3,25.0,83,9.2
12,Joey Carino,142211,QB,ALBANY,1,66.7,9,9,9.7,3.2,0,0,0.0,55.6,5,0,6,16.7,12,1,4,106,67.8,68.1,68.9,60.0,0,0,13,0,16.7,91.9,8.3,1,2,0,0,0,0,0.0,94,10.4
12,Zach Borisch,83230,HB,IDAHO,1,62.5,8,9,6.1,4.29,0,0,0.0,55.6,5,0,3,0.0,10,0,3,185,75.8,70.7,72.5,67.3,0,1,10,2,0.0,47.7,0.0,0,1,0,1,0,0,0.0,84,9.3
12,Shannon Patrick,82081,QB,BETH COOK,1,62.5,8,8,8.0,1.9,0,1,12.5,62.5,5,0,1,0.0,8,0,1,119,64.9,75.6,75.1,,0,1,8,0,0.0,34.9,0.0,0,0,0,0,0,0,0.0,39,4.9
12,Jaylan Adams,89133,QB,CITADEL,1,57.1,7,8,19.0,2.68,0,1,12.5,50.0,4,0,5,0.0,9,0,3,139,78.5,83.0,64.1,77.7,0,0,9,0,20.0,108.3,11.1,1,0,0,1,1,1,11.1,48,6.0
12,Kingsley Ifedi,60367,QB,NC A&T,1,62.5,8,8,1.8,2.76,0,0,0.0,50.0,4,0,3,20.0,10,1,3,246,69.8,31.8,25.1,63.1,0,1,10,0,0.0,26.0,0.0,0,2,0,0,0,2,20.0,42,5.3
12,Trazon Connley,75885,QB,PRVIEW A&M,1,14.3,7,7,12.7,2.93,0,2,25.0,14.3,1,0,2,0.0,10,0,2,270,68.5,80.1,75.0,69.4,0,0,11,0,0.0,39.6,0.0,0,3,0,0,0,1,9.1,5,0.7
12,Patrick Bentley,78500,QB,JAMES MAD,1,50.0,6,6,9.0,2.6,0,0,0.0,50.0,3,0,1,0.0,6,0,1,197,67.0,37.0,35.3,58.1,0,1,6,0,0.0,16.7,0.0,0,0,0,0,0,1,16.7,18,3.0
12,Stewart Howell,104792,QB,TENN MARTN,1,50.0,6,6,12.5,3.61,0,1,16.7,50.0,3,0,5,0.0,12,0,3,310,67.7,54.9,62.0,52.8,0,0,12,0,40.0,75.0,16.7,2,4,0,0,0,0,0.0,45,7.5
12,Jake Van Dyne,122772,QB,MO STATE,1,60.0,5,5,8.6,2.45,0,0,0.0,40.0,2,0,4,33.3,6,1,2,230,65.5,60.9,54.1,63.7,0,1,6,0,25.0,19.2,16.7,1,0,0,0,0,0,0.0,28,5.6
12,Conor Bruce,60354,QB,CAL POLY,1,75.0,4,5,8.3,2.3,1,1,20.0,60.0,3,0,2,0.0,6,0,1,129,65.7,77.7,74.0,63.2,0,0,6,0,50.0,83.8,16.7,1,0,0,0,0,0,0.0,38,7.6
12,Alex Piccirilli,109065,QB,STETSON,1,20.0,5,5,9.2,3.54,0,0,0.0,20.0,1,0,6,0.0,11,0,0,302,70.5,44.7,44.4,54.8,0,0,11,0,83.3,39.6,45.5,5,1,0,0,0,0,0.0,-5,-1.0
12,Xavier Shepherd,104767,QB,KENNESAW,1,60.0,5,5,17.2,2.74,0,2,33.3,60.0,3,0,2,0.0,7,0,2,200,77.9,85.8,72.7,76.4,0,0,8,0,50.0,95.4,14.3,1,1,0,0,0,0,0.0,52,10.4
12,Ross Malmgren,104757,QB,CHARLES SO,1,50.0,4,5,9.5,2.07,1,0,0.0,40.0,2,0,3,0.0,6,0,0,135,64.6,49.4,48.9,,0,0,7,0,0.0,47.9,0.0,0,0,0,0,0,0,0.0,4,0.8
12,Preston Weeks,77658,QB,STF AUSTIN,1,60.0,5,5,9.8,2.22,0,0,0.0,60.0,3,0,0,0.0,5,0,2,301,67.9,61.1,58.9,60.8,0,0,5,1,,121.7,0.0,0,0,0,0,1,0,0.0,36,7.2
12,Xavier Lankford,142724,QB,ALAB A&M,1,60.0,5,5,16.6,3.2,0,1,20.0,60.0,3,0,2,0.0,5,0,1,104,66.8,85.4,78.8,69.2,0,1,5,0,0.0,29.2,0.0,0,0,0,0,0,1,20.0,20,4.0
12,Brady Pope,84524,QB,N ALABAMA,1,75.0,4,4,-3.0,1.78,0,0,0.0,75.0,3,0,2,0.0,4,0,1,389,65.2,67.0,57.4,63.7,0,0,4,0,0.0,80.2,0.0,0,0,0,0,0,0,0.0,15,3.8
12,Jawon Pass,40916,QB,PRVIEW A&M,1,66.7,3,3,14.3,2.49,0,1,33.3,33.3,1,0,5,50.0,7,1,0,270,16.4,44.8,43.2,60.0,0,0,7,0,80.0,42.4,57.1,4,0,0,0,0,1,14.3,2,0.7
12,Lem Wash,149229,QB,TENN TECH,1,66.7,3,3,18.0,3.1,0,1,33.3,66.7,2,0,0,0.0,3,0,1,309,64.8,86.4,82.7,63.5,0,0,3,0,,131.9,0.0,0,0,0,0,1,0,0.0,25,8.3
12,Hunter Rodrigues,78490,QB,UC DAVIS,1,100.0,3,3,13.7,3.92,0,0,0.0,100.0,3,0,3,0.0,5,0,3,322,63.8,83.1,85.9,61.7,0,0,5,0,0.0,158.3,0.0,0,2,0,0,1,0,0.0,42,14.0
12,Grant Satcher,154800,QB,HOU BAPT,1,66.7,3,3,6.3,1.53,0,0,0.0,66.7,2,0,0,0.0,3,0,1,183,62.7,61.8,61.0,,0,0,3,0,,100.7,0.0,0,0,0,0,0,0,0.0,31,10.3
12,Trent Tompkins,103944,QB,UC DAVIS,1,100.0,3,3,-3.7,2.08,0,0,0.0,100.0,3,0,1,0.0,4,0,1,322,70.4,57.6,63.9,57.4,0,0,4,0,0.0,100.0,0.0,0,1,0,0,0,0,0.0,24,8.0
12,Kevin Yeager,102371,QB,INCAR WORD,1,66.7,3,3,8.0,1.83,0,0,0.0,66.7,2,0,0,0.0,3,0,0,189,65.2,49.0,50.4,60.0,0,0,4,0,,81.3,0.0,0,0,0,0,0,0,0.0,17,5.7
12,Zachary Yeager,150544,QB,NC A&T,1,66.7,3,3,16.7,2.95,0,0,0.0,33.3,1,0,0,50.0,4,1,0,246,63.3,60.7,66.5,57.0,0,0,4,0,,42.4,0.0,0,1,0,0,0,0,0.0,3,1.0
12,Cade Sexauer,111800,QB,STTHOM,1,100.0,3,3,-2.3,1.63,0,0,0.0,100.0,3,0,0,0.0,3,0,3,1129,62.7,64.5,63.9,,0,0,3,0,,118.8,0.0,0,0,0,0,0,0,0.0,72,24.0
12,Branden Smith,149825,QB,STTHOM,1,66.7,3,3,6.0,2.8,0,0,0.0,66.7,2,0,1,0.0,4,0,0,1129,65.8,78.8,71.4,62.4,0,0,4,0,0.0,79.9,0.0,0,1,0,0,0,0,0.0,16,5.3
12,Jeffrey Jackson,143208,QB,VALPO,1,0.0,1,2,12.0,4.2,0,0,0.0,0.0,0,0,1,,2,0,0,332,64.4,47.6,47.2,59.4,0,0,2,1,0.0,39.6,0.0,0,0,0,1,0,0,0.0,0,0.0
12,Anthony Paoletti,91403,QB,DELAWARE,1,50.0,2,2,10.0,3.2,0,0,0.0,50.0,1,0,1,0.0,2,0,0,151,71.8,57.5,28.2,70.8,0,1,2,0,0.0,16.7,0.0,0,0,0,0,0,1,50.0,1,0.5
12,Carson Crawford,61756,WR,UC DAVIS,1,50.0,2,2,18.0,3.75,0,0,0.0,50.0,1,0,1,0.0,2,0,1,322,65.2,52.2,50.9,57.5,0,1,2,0,0.0,39.6,0.0,0,0,0,0,0,1,50.0,17,8.5
12,Chris Scott,91848,QB,PRVIEW A&M,1,0.0,1,2,39.0,2.5,1,0,0.0,0.0,0,0,0,,2,0,0,270,61.8,47.5,47.6,,0,0,2,0,,39.6,0.0,0,0,0,0,0,0,0.0,0,0.0
12,Kris Brown,105558,QB,MONTANA,1,50.0,2,2,12.5,2.2,0,0,0.0,50.0,1,0,0,0.0,2,0,1,232,61.8,61.8,61.3,,0,0,2,0,,79.2,0.0,0,0,0,0,0,0,0.0,17,8.5
12,Dylan McCaffrey,60451,QB,N COLORADO,1,100.0,2,2,3.5,2.58,0,0,0.0,100.0,2,0,1,0.0,4,0,2,253,63.3,74.4,74.3,62.1,0,0,4,0,0.0,116.7,0.0,0,2,0,0,0,0,0.0,24,12.0
12,Javon Williams Jr.,87540,HB,S ILLINOIS,1,100.0,1,1,35.0,3.4,0,1,100.0,100.0,1,0,0,0.0,1,0,1,295,23.9,86.7,87.4,69.0,0,0,1,0,,118.8,0.0,0,0,0,0,0,0,0.0,40,40.0
12,Cord Sandberg,82090,QB,E KENTUCKY,1,100.0,1,1,1.0,4.35,0,0,0.0,100.0,1,0,1,0.0,2,0,1,159,61.8,55.3,60.6,57.3,0,0,2,0,0.0,104.2,0.0,0,1,0,0,0,0,0.0,9,9.0
12,Conner Martin,91726,QB,N COLORADO,1,100.0,1,1,-3.0,1.3,0,0,0.0,100.0,1,0,0,0.0,1,0,1,253,60.3,61.7,60.6,,0,0,1,0,,79.2,0.0,0,0,0,0,0,0,0.0,3,3.0
12,Bryce Fledderman,91730,QB,SAN DIEGO,1,,0,1,,2.1,0,0,0.0,0.0,0,0,1,,1,0,0,283,60.3,59.1,60.0,,1,0,1,0,0.0,39.6,0.0,0,0,0,0,0,0,0.0,0,0.0
12,Cale Millen,98017,QB,N ARIZONA,1,100.0,1,1,2.0,1.7,0,0,0.0,100.0,1,0,0,0.0,1,0,0,252,63.7,55.8,61.0,57.2,0,0,1,0,,79.2,0.0,0,0,0,0,0,0,0.0,3,3.0
12,Sheldon Layman,101054,QB,AUSTINPEAY,1,0.0,1,1,44.0,1.8,0,0,0.0,0.0,0,0,0,,2,0,0,116,64.4,50.0,48.8,60.0,0,0,2,0,,39.6,0.0,0,0,0,0,0,0,0.0,0,0.0
12,Jacob Buie,78464,QB,SE MO ST,1,0.0,1,1,34.0,2.5,0,0,0.0,0.0,0,0,0,,1,0,0,293,60.3,46.1,49.9,,0,0,1,0,,39.6,0.0,0,0,0,0,0,0,0.0,0,0.0
12,Keyondre White,77808,HB,HAMPTON,1,0.0,1,1,27.0,4.7,0,0,0.0,0.0,0,0,1,,1,0,0,178,69.7,63.5,58.4,64.0,0,0,1,0,0.0,39.6,0.0,0,0,0,0,0,0,0.0,0,0.0
12,Grant Breneman,64179,QB,COLGATE,1,100.0,1,1,-7.0,2.3,0,0,0.0,100.0,1,0,0,0.0,1,0,1,142,65.9,81.4,66.4,60.1,0,0,1,0,,118.8,0.0,0,0,0,0,0,0,0.0,13,13.0
12,K.J. Franklin,104007,WR,NICHOLLS,1,100.0,1,1,-7.0,2.4,0,0,0.0,100.0,1,0,0,0.0,1,0,1,243,68.8,66.4,60.4,57.9,0,0,1,0,,116.7,0.0,0,0,0,0,0,0,0.0,12,12.0
12,Jonathan Murphy,104766,QB,KENNESAW,1,100.0,1,1,38.0,2.9,0,1,50.0,100.0,1,0,0,0.0,1,0,1,200,69.6,90.0,80.7,73.4,0,0,2,0,,158.3,0.0,0,0,0,0,1,0,0.0,48,48.0
12,Dylan Classi,106603,WR,PRINCETON,1,100.0,1,1,20.0,3.3,0,0,0.0,100.0,1,0,0,0.0,1,0,1,272,65.6,73.8,76.2,63.2,0,0,1,0,,158.3,0.0,0,0,0,0,1,0,0.0,18,18.0
12,Lorenzo Linsey,108556,QB,GEORGETOWN,1,100.0,1,1,11.0,2.4,0,0,0.0,100.0,1,0,1,0.0,1,0,0,172,60.3,61.9,61.8,,0,0,1,0,0.0,112.5,0.0,0,0,0,0,0,0,0.0,11,11.0
12,Nick Howard,108979,QB,DARTMOUTH,1,0.0,1,1,16.0,2.8,0,0,0.0,0.0,0,0,0,,1,0,0,148,75.1,76.5,33.8,76.6,0,1,1,0,,0.0,0.0,0,0,0,0,0,1,100.0,0,0.0
12,Keegan Shoemaker,108983,QB,SM HOUSTON,1,100.0,1,1,5.0,3.15,0,0,0.0,100.0,1,0,0,0.0,2,0,0,281,13.0,47.3,61.0,50.0,0,0,2,0,,91.7,0.0,0,1,0,0,0,0,0.0,6,6.0
12,Michael McGovern,108995,WR,BROWN,1,0.0,1,1,8.0,5.1,0,0,0.0,0.0,0,0,1,,1,0,0,123,60.3,47.0,45.8,,0,0,1,0,0.0,39.6,0.0,0,0,0,0,0,0,0.0,0,0.0
12,Shabari Davis,56170,CB,SE MO ST,1,0.0,1,1,34.0,3.2,0,0,0.0,0.0,0,0,0,,1,0,0,293,70.1,36.0,37.0,,0,0,1,0,,39.6,0.0,0,0,0,0,0,1,100.0,0,0.0
12,D'Andre Hicks,55784,WR,ROB MORRIS,1,0.0,1,1,32.0,3.9,0,0,0.0,0.0,0,0,0,,1,0,0,277,69.5,65.0,50.1,57.6,0,0,1,0,,39.6,0.0,0,0,0,0,0,0,0.0,0,0.0
12,Ian Holder,109790,WR,MOREHEAD,1,100.0,1,1,-7.0,3.1,0,0,0.0,100.0,1,0,0,0.0,1,0,1,234,69.0,54.1,60.6,,0,0,1,0,,118.8,0.0,0,0,0,0,0,0,0.0,13,13.0
12,Cee Jay Powell,42146,WR,MCNEESE,1,0.0,1,1,28.0,1.2,0,0,0.0,0.0,0,0,0,,1,0,0,217,70.3,61.8,50.4,,0,0,1,0,,39.6,0.0,0,0,0,0,0,0,0.0,0,0.0
12,Cooper Willman,138032,WR,E ILLINOIS,1,0.0,1,1,18.0,4.1,0,0,0.0,0.0,0,0,0,,1,0,0,158,63.7,62.2,46.8,,0,0,1,0,,39.6,0.0,0,0,0,0,0,0,0.0,0,0.0
12,Quincy Vaughn,138259,QB,N DAKOTA,1,,0,1,,4.2,0,0,0.0,0.0,0,0,1,,1,0,0,249,70.5,90.1,60.0,80.1,0,0,1,0,0.0,39.6,0.0,0,0,0,1,0,0,0.0,0,0.0
12,Elijah Burrell,139171,QB,DAVIDSON,1,100.0,1,1,-4.0,2.5,0,0,0.0,100.0,1,0,0,0.0,1,0,0,149,11.6,29.2,60.6,39.5,0,0,1,0,,79.2,0.0,0,0,0,0,0,0,0.0,2,2.0
12,Mike Chandler II,139371,QB,LAMAR,1,100.0,1,1,5.0,3.45,0,0,0.0,0.0,0,0,1,100.0,2,1,0,204,61.8,54.3,60.6,57.0,0,0,2,0,0.0,39.6,0.0,0,1,0,0,0,0,0.0,0,0.0
12,Niko Haen,141633,QB,N ARIZONA,1,100.0,1,1,-3.0,1.9,0,0,0.0,100.0,1,0,0,0.0,1,0,0,252,40.4,64.1,60.4,61.1,0,0,1,0,,83.3,0.0,0,0,0,0,0,0,0.0,4,4.0
12,Xander Werner,141661,WR,N ARIZONA,1,,0,1,,3.6,0,0,0.0,0.0,0,0,0,,1,0,0,252,60.3,65.9,60.0,,0,0,1,0,,39.6,0.0,0,0,0,1,0,0,0.0,0,0.0
12,Kiaran Turner,142565,WR,PRESBYTERN,1,100.0,1,1,24.0,3.2,0,0,0.0,100.0,1,0,1,0.0,1,0,1,271,69.9,70.6,76.2,,0,0,1,0,0.0,118.8,0.0,0,0,0,0,0,0,0.0,63,63.0
12,Justin Franklin,147951,WR,GARD-WEBB,1,100.0,1,1,33.0,3.1,0,1,100.0,100.0,1,0,0,0.0,1,0,1,171,62.4,67.1,87.3,,0,0,1,1,,158.3,0.0,0,0,0,0,1,0,0.0,76,76.0
12,Joshua Brown,148613,P,WAGNER,1,0.0,1,1,1.0,2.3,0,0,0.0,0.0,0,0,0,,1,0,0,338,63.7,52.2,52.7,57.5,0,0,1,0,,39.6,0.0,0,0,0,0,0,0,0.0,0,0.0
12,Jake Willcox,148649,QB,BROWN,1,100.0,1,1,13.0,4.1,0,0,0.0,100.0,1,0,0,0.0,1,0,1,123,63.7,70.0,74.3,58.2,0,0,1,0,,152.1,0.0,0,0,0,0,1,0,0.0,11,11.0
12,Gabriel Hollingsworth,148707,QB,COLUMBIA,1,100.0,1,1,0.0,2.3,0,0,0.0,100.0,1,0,0,0.0,1,0,0,145,69.7,68.5,60.6,64.8,0,0,1,0,,100.0,0.0,0,0,0,0,0,0,0.0,8,8.0
12,Justin Covington,40074,HB,VILLANOVA,1,100.0,1,1,13.0,1.5,0,0,0.0,100.0,1,0,0,0.0,1,0,1,334,75.1,67.5,75.4,66.5,0,0,1,0,,118.8,0.0,0,0,0,0,0,0,0.0,30,30.0
12,Griffin Wiegel,149432,QB,HOLY CROSS,1,100.0,1,1,-4.0,1.5,0,0,0.0,0.0,0,0,0,100.0,1,1,0,181,67.5,57.0,60.6,56.8,0,0,1,0,,39.6,0.0,0,0,0,0,0,0,0.0,0,0.0
12,Brock Bagozzi,149648,QB,MARIST,1,100.0,1,1,-3.0,1.6,0,0,0.0,100.0,1,0,0,0.0,1,0,0,213,60.3,61.0,60.6,,0,0,1,0,,91.7,0.0,0,0,0,0,0,0,0.0,6,6.0
12,Kristoff Kowalkowski,149811,QB,STTHOM,1,0.0,1,1,3.0,2.0,0,0,0.0,0.0,0,0,0,,1,0,0,1129,60.3,43.4,55.3,,0,0,1,1,,39.6,0.0,0,0,0,0,0,0,0.0,0,0.0
12,Garris Schwarting,22169,WR,CHARLES SO,1,0.0,1,1,12.0,3.4,0,0,0.0,0.0,0,0,1,,1,0,0,135,17.4,48.0,46.8,,0,0,1,0,0.0,39.6,0.0,0,0,0,0,0,0,0.0,0,0.0
12,Tyler Gee,150179,QB,CENT ARK,1,0.0,1,1,39.0,3.1,0,0,0.0,0.0,0,0,0,,1,0,0,132,60.3,36.2,37.1,,0,1,1,0,,0.0,0.0,0,0,0,0,0,1,100.0,0,0.0
12,Tyson King,150339,HB,LAMAR,1,100.0,1,1,-4.0,2.9,0,0,0.0,100.0,1,0,0,0.0,1,0,0,204,65.9,59.8,60.4,58.8,0,0,1,0,,79.2,0.0,0,0,0,0,0,0,0.0,1,1.0
12,Darrius Sample,155649,QB,VA LYNCHBU,1,58.3,12,13,12.3,3.27,0,1,7.1,46.2,6,0,9,14.3,18,1,4,406,15.6,51.2,46.7,63.3,0,1,19,0,33.3,28.4,16.7,3,2,0,1,0,2,10.5,62,4.8
week,player,player_id,position,team_name,player_game_count,accuracy_percent,aimed_passes,attempts,avg_depth_of_target,avg_time_to_throw,bats,big_time_throws,btt_rate,completion_percent,completions,declined_penalties,def_gen_pressures,drop_rate,dropbacks,drops,first_downs,franchise_id,grades_hands_fumble,grades_offense,grades_pass,grades_run,hit_as_threw,interceptions,passing_snaps,penalties,pressure_to_sack_rate,qb_rating,sack_percent,sacks,scrambles,spikes,thrown_aways,touchdowns,turnover_worthy_plays,twp_rate,yards,ypa
13,Will Rogers,124184,QB,MISS STATE,1,79.2,53,59,7.3,2.84,2,1,1.6,64.4,38,0,13,9.5,65,4,21,227,70.7,72.6,74.5,50.3,0,0,70,0,23.1,85.1,4.6,3,3,1,3,1,1,1.4,336,5.7
13,Bryce Young,123943,QB,ALABAMA,1,60.9,46,51,12.4,3.07,1,4,7.5,49.0,25,0,20,10.7,61,3,15,103,44.4,72.4,75.7,56.5,2,1,64,2,35.0,73.7,11.5,7,3,0,2,2,2,3.1,317,6.2
13,Brett Gabbert,97404,QB,MIAMI OH,1,62.0,50,51,12.7,2.71,0,7,12.3,51.0,26,0,13,16.1,56,5,21,221,71.6,76.1,77.4,57.9,0,2,62,0,0.0,87.9,0.0,0,5,0,1,4,5,8.1,410,8.0
13,Tyler Van Dyke,122225,QB,MIAMI FL,1,72.3,47,50,8.2,2.58,0,5,9.4,68.0,34,0,9,0.0,52,0,19,220,40.4,78.5,78.8,57.7,0,0,55,0,22.2,110.5,3.8,2,0,1,2,3,1,1.8,381,7.6
13,C.J. Stroud,129759,QB,OHIO STATE,1,79.2,48,49,8.0,2.65,1,1,2.0,69.4,34,0,25,10.5,53,4,19,260,70.0,75.2,72.5,68.6,0,0,55,0,16.0,107.0,7.5,4,0,0,0,2,1,1.8,394,8.0
13,N'Kosi Perry,60446,QB,FAU,1,84.1,44,49,8.3,2.13,2,2,4.1,65.3,32,0,14,13.5,55,5,12,165,42.2,74.7,75.4,61.5,2,1,55,0,14.3,89.5,3.6,2,4,0,1,2,2,3.6,328,6.7
13,Bailey Zappe,60396,QB,W KENTUCKY,1,61.4,44,48,12.1,2.88,1,4,8.0,52.1,25,0,11,7.4,51,2,14,346,38.6,63.8,63.8,57.3,0,0,53,0,18.2,101.7,3.9,2,1,0,3,4,4,7.5,328,6.8
13,Tanner Mordecai,77656,QB,SMU,1,71.1,45,46,7.9,2.56,0,2,4.3,56.5,26,0,17,18.8,51,6,12,287,71.2,68.6,62.3,74.3,0,2,52,0,11.8,65.3,3.9,2,3,0,1,1,3,5.8,298,6.5
13,Brennan Armstrong,77696,QB,VIRGINIA,1,72.7,44,45,7.9,2.82,1,3,6.3,64.4,29,0,15,9.4,52,3,22,335,41.7,72.0,68.4,70.0,0,1,56,0,13.3,91.4,3.8,2,4,0,0,1,4,7.1,405,9.0
13,Seth Henigan,144267,QB,MEMPHIS,1,68.3,41,42,7.8,2.74,0,1,2.3,64.3,27,0,16,3.6,48,1,18,218,72.1,63.4,65.2,54.9,0,0,50,0,25.0,112.8,8.3,4,2,0,1,3,1,2.0,336,8.0
13,Nick Starkel,40326,QB,S JOSE ST,1,51.4,37,42,9.7,2.27,1,1,2.2,42.9,18,0,15,5.3,46,1,11,285,37.7,48.0,45.9,63.3,1,0,50,1,20.0,62.0,6.5,3,0,0,3,0,1,2.0,244,5.8
13,Jake Bentley,40788,QB,S ALABAMA,1,80.0,35,41,8.9,2.77,3,2,4.5,68.3,28,0,18,0.0,46,0,17,288,69.6,59.0,56.9,63.7,0,3,49,0,22.2,80.7,8.7,4,1,0,3,2,3,6.1,354,8.6
13,Chris Reynolds,60361,QB,CHARLOTTE,1,70.6,34,40,7.9,2.72,0,1,2.3,60.0,24,0,15,0.0,43,0,12,136,22.0,42.3,35.5,73.9,1,2,47,1,13.3,72.6,4.7,2,1,0,5,2,4,8.5,237,5.9
13,Hank Bachmeier,101284,QB,BOISE ST,1,65.7,35,40,10.6,2.97,0,3,7.5,52.5,21,0,26,8.7,47,2,15,120,69.9,65.7,64.9,61.0,2,2,47,0,11.5,64.8,6.4,3,4,0,3,2,1,2.1,222,5.6
13,Chance Nolan,78493,QB,OREGON ST,1,80.6,36,39,8.7,2.94,0,1,2.3,64.1,25,0,18,13.8,40,4,18,265,69.8,75.2,74.1,62.3,2,1,45,0,0.0,94.8,0.0,0,1,0,1,2,0,0.0,308,7.9
13,Matt Myers,77698,QB,BUFFALO,1,69.7,33,39,11.9,3.45,2,0,0.0,46.2,18,0,14,21.7,49,5,10,126,71.8,49.1,39.6,69.2,1,4,50,0,21.4,21.0,6.1,3,7,0,3,0,6,12.0,188,4.8
13,Caleb Williams,144622,QB,OKLAHOMA,1,58.3,36,39,12.5,3.88,0,3,7.1,51.3,20,0,23,4.8,53,1,15,261,43.1,61.9,65.9,52.4,0,0,56,0,26.1,97.4,11.3,6,7,0,3,3,2,3.6,252,6.5
13,Kenny Pickett,60515,QB,PITTSBURGH,1,82.9,35,38,4.3,2.92,0,1,2.6,73.7,28,0,13,3.4,41,1,12,268,69.1,72.4,71.2,62.1,0,1,42,0,7.7,110.5,2.4,1,2,0,3,4,1,2.4,209,5.5
13,Will Plummer,131592,QB,ARIZONA,1,87.9,33,38,7.8,2.98,0,3,7.3,73.7,28,0,16,3.4,47,1,16,109,38.2,70.7,73.1,57.0,0,1,50,0,25.0,99.2,8.5,4,5,0,5,1,2,4.0,346,9.1
13,Gunnar Watson,83570,QB,TROY,1,73.5,34,38,8.0,2.67,0,2,4.9,55.3,21,0,17,16.0,43,4,9,318,69.8,74.7,72.9,62.9,3,2,46,0,29.4,57.7,11.6,5,0,0,1,0,1,2.2,287,7.6
13,Graham Mertz,97994,QB,WISCONSIN,1,64.9,37,38,9.6,2.79,0,1,2.4,55.3,21,0,10,12.5,41,3,7,349,69.4,51.9,55.6,45.1,0,1,46,0,0.0,55.9,0.0,0,3,0,1,0,1,2.2,171,4.5
13,Layne Hatcher,82068,QB,ARK STATE,1,73.0,37,38,7.6,2.59,0,2,5.1,65.8,25,0,17,7.4,44,2,17,113,36.7,64.9,65.3,57.0,0,0,45,1,23.5,104.3,9.1,4,2,0,1,2,1,2.2,272,7.2
13,Max Johnson,124099,QB,LSU,1,87.9,33,38,8.0,2.58,2,4,10.3,57.9,22,0,16,24.1,48,7,15,211,70.0,91.3,91.7,64.6,2,0,49,1,37.5,110.2,12.5,6,4,0,1,3,0,0.0,306,8.1
13,Holton Ahlers,77651,QB,E CAROLINA,1,66.7,33,38,7.3,2.54,3,1,2.4,50.0,19,0,15,13.6,42,3,13,156,39.5,69.4,70.3,57.7,1,1,45,0,26.7,66.6,9.5,4,0,0,1,1,2,4.4,228,6.0
13,Matt McDonald,60350,QB,BOWL GREEN,1,74.3,35,37,8.6,2.6,1,1,2.6,64.9,24,0,15,7.7,41,2,15,122,70.0,79.0,78.2,63.1,1,0,42,0,6.7,93.9,2.4,1,3,0,0,1,1,2.4,255,6.9
13,JD Head,122677,QB,LA TECH,1,62.2,37,37,11.8,3.06,0,2,5.3,54.1,20,0,16,13.0,44,3,12,208,70.2,66.1,63.2,66.1,0,3,45,0,25.0,70.2,9.1,4,3,0,0,3,2,4.4,265,7.2
13,Ben Bryant,77655,QB,E MICHIGAN,1,75.0,36,37,8.1,2.62,1,0,0.0,67.6,25,0,16,7.4,44,2,11,160,35.0,59.7,61.2,53.4,0,0,44,0,43.8,83.6,15.9,7,0,0,0,0,3,6.8,224,6.1
13,Jaxson Dart,146409,QB,USC,1,73.5,34,36,8.8,2.73,1,2,5.4,63.9,23,0,5,8.0,37,2,14,326,33.9,71.7,67.8,69.1,0,0,38,0,0.0,93.3,0.0,0,1,1,0,1,2,5.3,248,6.9
13,Jake Haener,60596,QB,FRESNO ST,1,80.0,35,36,5.8,3.01,1,0,0.0,75.0,27,0,6,3.6,38,1,17,169,69.4,79.8,82.5,52.4,0,0,39,0,0.0,141.1,0.0,0,2,0,0,4,0,0.0,341,9.5
13,Zach Calzada,98006,QB,TEXAS A&M,1,78.8,33,35,8.0,3.05,2,0,0.0,57.1,20,0,21,23.1,39,6,13,312,68.9,67.2,66.4,,0,0,39,0,19.0,107.1,10.3,4,0,0,0,3,0,0.0,242,6.9
13,Gavin Hardison,100827,QB,UTEP,1,67.7,31,35,7.7,2.86,0,0,0.0,60.0,21,0,14,0.0,37,0,9,330,69.1,50.2,54.4,49.4,1,1,41,2,7.1,74.0,2.7,1,1,0,3,1,1,2.4,204,5.8
13,Jack Coan,60613,QB,NOTRE DAME,1,79.4,34,35,8.1,2.53,0,2,5.7,74.3,26,0,4,3.7,37,1,14,258,69.3,79.3,76.8,63.7,0,1,37,0,50.0,112.2,5.4,2,0,0,1,2,1,2.7,345,9.9
13,Blake Shapen,122282,QB,BAYLOR,1,66.7,30,34,7.9,3.07,1,2,5.7,58.8,20,0,14,0.0,37,0,13,118,70.6,55.8,57.9,52.1,1,0,38,0,7.1,101.8,2.7,1,2,0,2,2,3,7.9,254,7.5
13,Matt Corral,83517,QB,OLE MISS,1,78.8,33,34,4.0,2.47,0,1,2.9,73.5,25,0,16,3.8,41,1,12,226,71.9,63.7,59.3,64.9,0,1,42,1,0.0,89.3,0.0,0,6,0,1,1,1,2.4,232,6.8
13,Sean Clifford,51708,QB,PENN STATE,1,80.0,30,34,10.0,3.06,2,6,17.6,67.6,23,0,12,4.2,38,1,15,266,36.1,84.9,88.8,52.7,0,0,38,0,33.3,126.2,10.5,4,0,0,2,3,1,2.6,313,9.2
13,Michael Pratt,123229,QB,TULANE,1,58.1,31,34,9.9,2.64,0,1,2.9,44.1,15,0,14,16.7,40,3,12,319,71.1,41.6,34.0,67.1,1,2,40,0,21.4,42.2,7.5,3,3,0,2,1,4,10.0,147,4.3
13,Davis Brin,77642,QB,TULSA,1,56.3,32,33,14.2,2.35,1,2,5.7,54.5,18,0,8,0.0,34,0,10,320,70.1,58.5,58.2,57.2,0,2,36,1,0.0,63.2,0.0,0,1,0,0,1,2,5.6,244,7.4
13,Dustin Crum,60418,QB,KENT STATE,1,78.1,32,33,10.8,2.81,0,2,5.3,72.7,24,0,15,4.0,41,1,14,201,70.6,75.4,74.8,64.7,0,2,46,1,26.7,98.4,9.8,4,4,0,1,2,0,0.0,323,9.8
13,Gunnar Holmberg,77625,QB,DUKE,1,71.9,32,33,5.4,2.4,0,0,0.0,60.6,20,0,6,13.0,35,3,9,154,70.1,63.2,63.0,59.2,0,1,36,0,33.3,58.6,5.7,2,0,0,1,0,2,5.6,148,4.5
13,Jayden de Laura,131928,QB,WASH STATE,1,84.4,32,32,6.9,2.87,0,0,0.0,84.4,27,0,1,0.0,34,0,14,341,69.1,78.5,75.3,78.9,0,0,35,2,0.0,98.6,0.0,0,2,0,0,0,0,0.0,245,7.7
13,Jalon Daniels,122555,QB,KANSAS,1,77.4,31,32,9.9,2.68,0,2,5.9,68.8,22,0,9,8.3,38,2,11,198,71.5,60.6,59.9,60.1,0,2,40,0,22.2,76.2,5.3,2,4,0,1,1,2,5.0,249,7.8
13,Sam Hartman,77618,QB,WAKE,1,75.9,29,32,12.0,3.06,2,2,5.7,62.5,20,0,14,9.1,39,2,13,339,70.9,88.3,78.3,83.7,1,1,43,0,21.4,103.1,7.7,3,4,0,0,3,2,4.7,236,7.4
13,Mike Wright Jr.,124366,QB,VANDERBILT,1,60.7,28,31,10.0,3.03,1,0,0.0,51.6,16,0,16,5.9,39,1,8,333,70.8,49.1,49.6,54.0,0,1,41,0,12.5,69.0,5.1,2,5,0,2,1,1,2.4,198,6.4
13,Chase Garbers,60356,QB,CAL,1,70.4,27,31,8.9,2.87,1,0,0.0,51.6,16,0,19,15.8,42,3,10,130,71.3,47.2,51.2,54.9,2,2,44,2,21.1,35.0,9.5,4,7,0,1,0,1,2.3,125,4.0
13,Timmy McClain,144488,QB,USF,1,70.4,27,31,9.4,3.07,0,1,2.9,58.1,18,0,16,5.3,39,1,13,327,41.9,63.6,64.5,60.9,0,0,43,2,31.3,80.3,12.8,5,3,1,3,0,0,0.0,222,7.2
13,Taulia Tagovailoa,97271,QB,MARYLAND,1,79.3,29,31,11.4,2.78,0,5,16.1,67.7,21,0,8,8.7,33,2,15,215,37.2,90.5,91.8,61.1,0,0,33,1,12.5,132.7,3.0,1,1,0,2,3,0,0.0,312,10.1
13,Aidan O'Connell,60516,QB,PURDUE,1,90.0,30,31,7.9,2.48,0,3,9.4,83.9,26,0,4,3.7,34,1,16,273,68.6,88.6,89.5,60.3,0,0,35,0,25.0,143.6,2.9,1,2,0,1,4,0,0.0,278,9.0
13,Chevan Cordeiro,75886,QB,HAWAII,1,76.9,26,31,12.8,3.03,1,2,6.3,61.3,19,0,13,5.0,38,1,18,180,71.8,83.8,78.5,74.4,0,1,39,0,15.4,115.4,5.3,2,5,0,4,3,0,0.0,323,10.4
13,Sam Huard,146463,QB,WASHINGTON,1,67.7,31,31,9.8,2.72,0,1,3.1,54.8,17,0,6,19.0,32,4,8,340,68.5,48.2,48.1,60.0,0,4,33,0,16.7,44.5,3.1,1,0,0,0,1,4,12.1,190,6.1
13,Drew Plitt,39879,QB,BALL ST,1,66.7,30,31,10.4,2.44,1,2,6.3,61.3,19,0,7,5.0,35,1,9,117,70.1,75.6,76.9,58.7,0,0,36,0,28.6,87.6,5.7,2,2,0,0,1,0,0.0,176,5.7
13,Grant Gremel,101632,QB,INDIANA,1,71.4,28,30,9.3,3.01,2,0,0.0,60.0,18,0,13,10.0,35,2,6,190,22.3,54.1,62.7,28.0,0,1,41,0,30.8,58.6,11.4,4,1,0,0,0,1,2.4,147,4.9
13,Devin Leary,77628,QB,NC STATE,1,75.0,28,30,6.9,2.79,2,0,0.0,63.3,19,0,12,9.5,37,2,11,248,69.5,60.1,58.6,62.4,0,0,40,0,50.0,128.8,16.2,6,1,0,0,4,0,0.0,247,8.2
13,Payton Thorne,101629,QB,MICH STATE,1,71.4,28,30,8.8,2.82,1,0,0.0,63.3,19,0,7,5.0,33,1,13,223,71.6,58.9,50.4,70.8,1,1,34,0,0.0,100.4,0.0,0,3,0,0,2,2,5.9,268,8.9
13,Clayton Tune,77652,QB,HOUSTON,1,90.0,30,30,12.4,2.92,0,5,16.7,70.0,21,0,7,22.2,31,6,13,182,68.8,95.6,96.0,55.6,0,0,31,0,0.0,141.8,0.0,0,1,0,0,4,0,0.0,301,10.0
13,Spencer Sanders,77660,QB,OKLA STATE,1,65.5,29,30,9.1,2.93,1,3,8.8,63.3,19,0,9,0.0,37,0,14,262,72.5,68.2,66.9,63.2,0,2,43,0,11.1,67.9,2.7,1,6,0,0,1,2,4.7,214,7.1
13,Brock Purdy,77672,QB,IOWA STATE,1,75.0,28,30,6.9,2.32,0,1,3.3,70.0,21,0,5,0.0,31,0,14,193,69.3,66.5,65.5,60.1,0,0,31,0,20.0,119.0,3.2,1,0,0,2,2,1,3.2,262,8.7
13,Jordan Travis,77615,QB,FLORIDA ST,1,62.1,29,29,12.6,3.33,0,1,2.9,62.1,18,0,18,0.0,46,0,18,167,23.7,65.7,62.7,64.9,0,1,52,0,22.2,80.0,8.7,4,13,0,0,1,3,5.8,202,7.0
13,Anthony Brown,40316,QB,OREGON,1,82.1,28,28,11.3,2.35,0,1,3.6,82.1,23,0,3,0.0,31,0,15,264,73.6,79.8,75.6,70.2,0,0,31,0,0.0,131.4,0.0,0,1,0,0,2,0,0.0,275,9.8
13,Dorian Thompson-Robinson,83574,QB,UCLA,1,87.5,24,28,10.0,3.23,1,2,6.3,67.9,19,0,11,9.5,37,2,13,324,71.1,85.8,79.3,77.1,0,0,41,1,0.0,118.8,0.0,0,8,0,3,3,0,0.0,164,5.9
13,Desmond Ridder,55086,QB,CINCINNATI,1,67.9,28,28,13.9,3.0,0,4,13.8,60.7,17,0,9,10.5,32,2,13,138,71.2,80.0,78.5,65.9,0,2,33,0,33.3,91.5,9.4,3,1,0,0,2,2,6.1,301,10.8
13,Sam Howell,97599,QB,N CAROLINA,1,69.6,23,27,12.6,3.34,0,1,3.3,51.9,14,0,16,12.5,37,2,11,245,42.4,75.3,60.1,81.9,1,1,40,0,31.3,64.9,13.5,5,5,1,2,1,1,2.5,147,5.4
13,T.J. Finley,124093,QB,AUBURN,1,72.0,25,26,6.6,2.59,0,0,0.0,65.4,17,0,11,5.6,33,1,7,115,69.3,53.2,53.0,56.7,1,1,38,0,54.5,88.1,18.2,6,1,0,0,2,1,2.6,137,5.3
13,Connor Bazelak,99135,QB,MISSOURI,1,43.5,23,26,9.4,2.55,0,1,3.6,38.5,10,0,7,0.0,26,0,5,229,69.7,53.9,50.1,64.5,1,1,29,0,0.0,30.6,0.0,0,0,0,2,0,1,3.4,65,2.5
13,Mikey Keene,70961,QB,UCF,1,66.7,21,26,5.9,2.91,0,0,0.0,53.8,14,0,9,0.0,26,0,6,323,68.6,51.3,51.1,57.5,0,0,26,0,0.0,78.2,0.0,0,0,0,5,1,1,3.8,115,4.4
13,Dequan Finn,97804,QB,TOLEDO,1,73.9,23,26,13.3,3.3,2,1,3.6,61.5,16,0,7,5.9,30,1,10,316,26.3,78.4,75.1,68.6,0,0,32,0,14.3,134.1,3.3,1,3,0,1,4,1,3.1,257,9.9
13,Max Duggan,99470,QB,TCU,1,65.4,26,26,11.9,3.59,0,2,7.1,57.7,15,0,16,11.8,38,2,11,305,70.0,70.0,72.7,58.6,0,1,41,0,31.3,94.4,13.2,5,7,0,0,2,2,4.9,216,8.3
13,Kaleb Eleby,77686,QB,W MICHIGAN,1,84.6,26,26,10.4,2.03,0,3,10.7,80.8,21,0,2,4.5,28,1,15,347,68.8,90.7,90.5,60.0,0,0,30,0,100.0,158.3,7.1,2,0,0,0,5,1,3.3,338,13.0
13,Tanner McKee,131770,QB,STANFORD,1,88.0,25,25,5.8,2.44,0,1,3.8,80.0,20,0,9,9.1,29,2,5,300,27.7,78.6,81.6,53.8,0,0,30,0,22.2,107.7,6.9,2,2,0,0,1,1,3.3,166,6.6
13,Hayden Wolff,98362,QB,DOMINION,1,75.0,24,25,14.4,2.64,1,6,21.4,68.0,17,0,12,5.6,27,1,10,263,69.3,90.1,90.0,60.1,0,2,30,0,16.7,117.1,7.4,2,0,0,0,3,1,3.3,328,13.1
13,Tyler Vitt,83566,QB,TEXAS ST,1,59.1,22,25,10.7,2.7,0,0,0.0,44.0,11,0,11,15.4,25,2,6,314,71.0,59.1,55.2,64.4,1,0,27,0,0.0,72.3,0.0,0,0,0,2,1,2,7.4,121,4.8
13,Grayson McCall,98002,QB,COAST CAR,1,70.8,24,25,11.0,2.9,0,2,7.1,64.0,16,0,7,5.9,36,1,11,141,23.5,64.8,73.8,51.7,1,1,39,1,71.4,81.4,13.9,5,6,0,0,1,2,5.1,176,7.0
13,Kato Nelson,40264,QB,AKRON,1,52.4,21,25,11.0,3.14,2,1,4.0,40.0,10,0,13,9.1,38,1,8,102,70.6,56.3,48.8,65.9,0,0,38,0,38.5,89.4,13.2,5,8,0,2,2,1,2.6,164,6.6
13,Luke Zban,82147,QB,MARSHALL,1,75.0,24,25,4.5,2.62,0,0,0.0,64.0,16,0,7,11.1,29,2,6,214,70.1,70.6,71.8,58.6,0,1,29,0,42.9,72.6,10.3,3,1,0,1,1,0,0.0,123,4.9
13,Garrett Shrader,98212,QB,SYRACUSE,1,85.7,21,24,9.1,2.58,0,3,12.0,70.8,17,0,14,5.6,32,1,9,304,49.0,78.1,82.2,60.3,1,0,34,1,42.9,125.7,18.8,6,2,0,2,2,1,2.9,212,8.8
13,Todd Centeio,60552,QB,COLO STATE,1,68.2,22,24,10.3,2.65,1,1,3.8,62.5,15,0,14,0.0,32,0,9,144,31.4,44.0,45.0,52.9,0,2,34,0,42.9,51.6,18.8,6,2,0,1,0,3,8.8,185,7.7
13,Chase Brice,60363,QB,APP STATE,1,60.9,23,24,15.5,2.46,1,2,8.3,50.0,12,0,11,14.3,27,2,9,108,26.7,54.2,54.4,57.3,0,0,27,0,18.2,112.3,7.4,2,1,0,0,2,1,3.7,235,9.8
13,Rhett Rodriguez,60332,QB,LA MONROE,1,57.1,21,24,9.3,2.75,0,1,3.8,45.8,11,0,10,8.3,29,1,9,209,69.8,55.4,50.6,65.1,0,0,31,0,10.0,79.3,3.4,1,3,0,3,1,2,6.5,145,6.0
13,Daniel Richardson,97103,QB,C MICHIGAN,1,56.5,23,24,11.6,2.44,1,0,0.0,50.0,12,0,3,7.7,24,1,7,134,67.9,62.7,61.2,,0,1,27,0,0.0,76.7,0.0,0,0,0,0,2,1,3.7,130,5.4
13,Max Bortenschlager,46500,QB,FIU,1,61.9,21,24,12.5,2.63,1,2,8.3,54.2,13,0,10,0.0,29,0,5,166,68.7,50.5,49.5,59.0,0,2,29,0,50.0,66.5,17.2,5,0,0,2,1,4,13.8,231,9.6
13,Levi Williams,98365,QB,WYOMING,1,66.7,24,24,6.2,2.81,0,0,0.0,62.5,15,0,5,6.3,28,1,8,351,70.6,62.4,58.4,64.2,0,0,28,0,0.0,96.0,0.0,0,4,0,0,1,0,0.0,161,6.7
13,Emory Jones,82111,QB,FLORIDA,1,70.8,24,24,8.5,2.79,0,0,0.0,66.7,16,0,10,5.9,24,1,8,163,70.4,55.8,50.0,67.4,0,3,24,0,0.0,60.2,0.0,0,0,0,0,1,3,12.5,163,6.8
13,Kurtis Rourke,97998,QB,OHIO,1,62.5,24,24,10.3,3.22,0,1,4.0,50.0,12,0,9,20.0,28,3,5,259,20.9,43.4,39.6,59.9,0,3,29,0,22.2,22.0,7.1,2,2,0,0,0,3,10.3,103,4.3
13,Donovan Smith,73929,QB,TEXAS TECH,1,75.0,20,24,10.1,2.89,0,0,0.0,62.5,15,0,9,0.0,29,0,10,315,69.2,64.1,69.5,48.5,0,0,30,0,22.2,127.6,6.9,2,2,1,3,2,0,0.0,263,11.0
13,Connor Cigelske,122433,QB,GA SOUTHRN,1,57.1,21,24,7.8,2.78,2,0,0.0,45.8,11,0,16,8.3,33,1,5,174,71.6,49.3,43.8,61.0,1,0,33,0,25.0,58.9,12.1,4,5,0,0,0,1,3.0,107,4.5
13,Logan Smothers,129713,QB,NEBRASKA,1,85.0,20,23,8.5,3.07,0,0,0.0,69.6,16,0,11,5.9,27,1,9,238,54.4,72.4,77.8,60.4,0,1,28,2,9.1,77.8,3.7,1,3,0,3,0,1,3.6,198,8.6
13,Cameron Rising,77663,QB,UTAH,1,65.2,23,23,13.2,3.1,0,2,8.7,60.9,14,0,6,6.7,24,1,11,328,27.6,59.5,58.0,60.1,0,1,24,0,0.0,106.7,0.0,0,1,0,0,3,2,8.3,179,7.8
13,Brandon Peters,40416,QB,ILLINOIS,1,75.0,20,23,12.3,3.34,0,2,8.7,60.9,14,0,3,6.7,26,1,11,187,70.0,82.0,84.3,60.9,1,1,26,0,33.3,93.0,3.8,1,2,0,2,1,1,3.8,242,10.5
13,Garrett Dzuro,64526,QB,UMASS,1,61.9,21,23,8.0,2.7,1,1,4.3,52.2,12,0,10,7.7,29,1,6,216,69.7,53.0,38.8,73.3,1,0,29,0,10.0,82.5,3.4,1,5,0,0,1,2,6.9,124,5.4
13,Brendon Lewis,131687,QB,COLORADO,1,50.0,18,23,7.9,3.65,1,0,0.0,39.1,9,0,23,0.0,33,0,4,143,70.0,51.6,45.6,62.2,0,0,34,0,17.4,49.9,12.1,4,6,0,4,0,1,2.9,84,3.7
13,Ryan Hilinski,71295,QB,NWESTERN,1,60.0,20,23,5.9,2.62,2,0,0.0,52.2,12,0,6,0.0,26,0,5,256,70.6,57.9,53.9,63.8,0,1,27,0,50.0,49.7,11.5,3,0,0,1,0,2,7.4,123,5.3
13,Casey Thompson,77677,QB,TEXAS,1,85.7,21,23,6.8,2.32,0,2,8.3,73.9,17,0,8,5.6,25,1,9,311,68.4,72.1,76.9,53.0,1,1,26,0,12.5,90.9,4.0,1,1,0,1,1,1,3.8,170,7.4
13,Devin Grainger,78496,QB,GA STATE,1,61.9,21,22,11.2,2.54,0,2,8.7,50.0,11,0,8,15.4,26,2,9,175,29.7,66.3,66.7,59.7,1,0,27,0,12.5,100.6,3.8,1,3,0,0,2,2,7.4,140,6.4
13,Levi Lewis,60428,QB,LA LAFAYET,1,73.7,19,22,7.9,3.14,0,0,0.0,59.1,13,0,10,7.1,25,1,8,207,71.0,66.3,63.8,64.3,0,0,26,0,10.0,82.2,4.0,1,2,0,3,0,0,0.0,163,7.4
13,Zeb Noland,40508,QB,S CAROLINA,1,63.2,19,22,10.2,2.96,3,1,4.3,50.0,11,0,11,8.3,24,1,5,289,67.6,60.5,57.7,64.1,0,0,25,0,9.1,61.9,4.2,1,1,0,0,0,1,4.0,96,4.4
13,Logan Bonner,39990,QB,UTAH ST,1,77.3,22,22,19.6,2.52,0,4,16.7,72.7,16,0,10,5.9,26,1,10,329,68.6,86.0,87.4,56.7,0,0,28,0,20.0,154.4,7.7,2,1,0,0,5,0,0.0,312,14.2
13,Carson Strong,83524,QB,NEVADA,1,90.0,20,22,10.1,2.09,0,5,22.7,77.3,17,0,8,5.6,26,1,10,239,67.8,93.1,93.6,57.3,1,0,26,0,37.5,158.1,11.5,3,1,0,1,4,0,0.0,288,13.1
13,Jarret Doege,60353,QB,W VIRGINIA,1,88.9,18,21,7.4,2.69,1,1,4.5,76.2,16,0,6,0.0,24,0,9,343,70.5,69.8,67.8,63.5,1,1,25,0,33.3,119.0,8.3,2,1,0,1,3,1,4.0,170,8.1
13,Nicholas Vattiato,145302,QB,MIDDLE TN,1,72.2,18,21,6.1,2.36,2,0,0.0,57.1,12,0,6,7.7,25,1,6,224,67.8,44.3,49.0,53.1,1,0,26,1,16.7,70.5,4.0,1,2,0,0,0,1,3.8,105,5.0
13,Stetson Bennett,60387,QB,GEORGIA,1,78.9,19,20,10.7,2.38,1,1,4.8,70.0,14,0,2,6.7,21,1,11,173,68.7,74.8,74.9,59.8,0,0,22,0,50.0,152.1,4.8,1,0,0,0,4,0,0.0,255,12.8
13,Lucas Johnson,40551,QB,S DIEGO ST,1,52.6,19,20,8.3,2.4,0,0,0.0,45.0,9,0,5,10.0,21,1,6,284,67.2,46.1,45.5,,0,0,21,0,20.0,60.0,4.8,1,0,0,1,0,2,9.5,98,4.9
13,Malik Cunningham,60436,QB,LOUISVILLE,1,68.4,19,20,9.3,2.99,0,1,4.8,60.0,12,0,5,7.7,24,1,8,210,31.5,63.1,63.5,59.8,0,1,25,0,0.0,61.5,0.0,0,4,0,1,0,2,8.0,145,7.3
13,Mike DiLiello,121801,QB,MIDDLE TN,1,73.7,19,20,7.9,2.27,0,0,0.0,65.0,13,0,8,7.1,23,1,8,224,72.5,57.6,54.9,61.1,1,0,24,0,12.5,102.9,4.3,1,2,0,0,1,0,0.0,144,7.2
13,DJ Uiagalelei,122162,QB,CLEMSON,1,61.1,18,19,13.8,2.62,0,1,5.3,47.4,9,0,5,18.2,20,2,5,140,70.3,62.2,57.9,64.4,0,1,20,0,0.0,41.3,0.0,0,1,0,1,0,1,5.0,99,5.2
13,Justin Rogers,77666,QB,UNLV,1,55.6,18,19,11.9,3.08,0,1,5.0,47.4,9,0,15,10.0,26,1,5,325,26.7,43.6,44.7,53.4,0,0,27,0,33.3,70.3,19.2,5,2,0,1,0,1,3.7,131,6.9
13,Jason Brown,109060,QB,S CAROLINA,1,52.9,17,19,9.4,3.15,0,0,0.0,42.1,8,0,8,11.1,20,1,3,289,67.0,34.8,34.7,57.3,0,2,20,0,0.0,12.3,0.0,0,1,0,2,0,2,10.0,67,3.5
13,Steven Krajewski,77650,QB,UCONN,1,66.7,18,19,7.4,2.58,0,1,4.8,47.4,9,0,6,25.0,21,3,5,146,70.9,70.7,61.1,73.7,0,0,24,0,16.7,76.4,4.8,1,1,0,1,1,1,4.2,79,4.2
13,TJ McMahon,83521,QB,RICE,1,72.2,18,19,11.3,2.24,1,2,9.1,63.2,12,0,7,7.7,19,1,7,275,68.7,72.3,75.9,57.4,0,1,22,1,0.0,109.8,0.0,0,0,0,0,2,1,4.5,191,10.1
13,Dylan Hopkins,83571,QB,UAB,1,78.9,19,19,3.7,2.44,0,0,0.0,73.7,14,0,5,6.7,23,1,6,321,28.5,55.3,54.9,56.8,0,1,23,0,60.0,99.2,13.0,3,1,0,0,2,2,8.7,103,5.4
13,Cade McNamara,101620,QB,MICHIGAN,1,77.8,18,19,7.9,2.5,0,3,14.3,68.4,13,0,5,7.1,20,1,4,222,68.7,72.1,68.7,66.1,1,1,22,0,0.0,72.0,0.0,0,1,0,0,0,1,4.5,159,8.4
13,KJ Jefferson,99129,QB,ARKANSAS,1,89.5,19,19,8.6,2.52,0,2,10.5,78.9,15,0,9,11.8,24,2,8,111,69.4,83.2,75.2,77.9,0,0,24,0,33.3,136.3,12.5,3,1,0,0,1,0,0.0,262,13.8
13,Will Levis,83542,QB,KENTUCKY,1,87.5,16,18,10.4,2.44,0,0,0.0,77.8,14,0,6,0.0,23,0,13,202,72.2,84.0,68.7,80.1,1,0,24,0,16.7,101.2,4.3,1,4,0,1,0,0,0.0,149,8.3
13,Hendon Hooker,60593,QB,TENNESSEE,1,70.6,17,18,7.7,2.93,1,1,5.6,55.6,10,0,4,16.7,23,2,6,307,70.9,60.5,58.4,60.9,0,0,23,0,25.0,121.5,4.3,1,4,0,0,2,1,4.3,156,8.7
13,Tanner Morgan,55239,QB,MINNESOTA,1,70.6,17,17,12.1,2.59,0,1,5.6,70.6,12,0,8,0.0,22,0,9,225,68.8,84.2,85.2,60.9,0,1,23,0,37.5,105.5,13.6,3,2,0,0,1,0,0.0,202,11.9
13,Jordan Yates,97416,QB,GA TECH,1,75.0,12,16,3.4,2.98,1,1,6.3,50.0,8,0,9,11.1,21,1,3,176,67.9,67.7,68.8,58.3,1,0,21,0,33.3,61.5,14.3,3,2,0,2,0,0,0.0,68,4.3
13,Jordon Brookshire,98678,QB,S DIEGO ST,1,73.3,15,16,9.5,2.74,0,1,5.9,68.8,11,0,2,0.0,20,0,8,284,71.3,84.7,77.1,74.3,0,0,21,0,50.0,130.2,5.0,1,3,1,0,1,0,0.0,192,12.0
13,Austin Aune,83528,QB,N TEXAS,1,75.0,16,16,9.7,1.96,0,1,5.6,62.5,10,0,2,16.7,17,2,5,251,26.5,77.8,73.8,68.6,0,0,19,0,50.0,84.4,5.9,1,0,0,0,0,1,5.3,116,7.3
13,Evan Simon,129906,QB,RUTGERS,1,57.1,14,15,11.4,2.48,0,1,6.7,53.3,8,0,2,0.0,15,0,3,278,68.1,57.5,54.2,63.5,0,0,15,0,0.0,73.8,0.0,0,0,0,1,0,0,0.0,98,6.5
13,Braxton Burmeister,60513,QB,VA TECH,1,50.0,12,14,13.0,3.26,0,2,14.3,42.9,6,0,7,0.0,21,0,6,337,71.4,79.0,66.0,72.5,0,0,21,0,57.1,103.6,19.0,4,3,0,2,1,0,0.0,141,10.1
13,Mariano Valenti,97604,QB,TEMPLE,1,71.4,14,14,6.0,2.56,0,1,6.7,71.4,10,0,9,0.0,20,0,6,306,70.3,70.7,65.6,67.4,0,0,21,0,33.3,83.3,15.0,3,3,0,0,0,0,0.0,73,5.2
13,Jayden Daniels,97993,QB,ARIZONA ST,1,78.6,14,14,8.8,3.81,0,0,0.0,71.4,10,0,6,9.1,19,1,5,110,70.3,80.6,69.9,75.2,0,0,20,0,16.7,126.8,5.3,1,4,0,0,2,0,0.0,86,6.1
13,Alex Padilla,86285,QB,IOWA,1,50.0,12,14,10.8,2.91,1,0,0.0,42.9,6,0,5,0.0,16,0,4,192,66.7,40.0,39.2,,1,0,17,0,40.0,60.4,12.5,2,0,0,0,0,2,11.8,76,5.4
13,Grant Wells,97784,QB,MARSHALL,1,71.4,14,14,7.7,2.65,0,0,0.0,71.4,10,0,5,0.0,15,0,5,214,23.7,51.3,49.0,60.6,0,0,16,0,20.0,108.0,6.7,1,0,0,0,1,2,12.5,76,5.4
13,Noah Vedral,55406,QB,RUTGERS,1,58.3,12,14,3.8,3.33,1,0,0.0,50.0,7,0,6,0.0,15,0,2,278,67.3,49.3,49.8,57.0,0,1,15,0,0.0,30.4,0.0,0,1,0,1,0,1,6.7,55,3.9
13,Frank Harris,60586,QB,UTSA,1,66.7,12,14,9.3,3.12,0,0,0.0,50.0,7,0,12,12.5,21,1,5,331,9.6,47.7,30.0,72.3,0,0,22,0,16.7,61.3,9.5,2,5,0,2,0,4,18.2,59,4.2
13,Will Howard,122599,QB,KANSAS ST,1,69.2,13,13,10.3,2.55,0,0,0.0,69.2,9,0,2,0.0,15,0,5,199,70.6,56.4,56.1,57.6,0,0,15,0,50.0,80.6,6.7,1,1,0,0,0,1,6.7,65,5.0
13,Micah Leon,60486,QB,UCONN,1,76.9,13,13,4.2,2.79,0,0,0.0,76.9,10,0,10,0.0,18,0,3,146,24.3,42.9,37.0,62.4,0,0,19,0,40.0,86.1,22.2,4,1,0,0,0,1,5.3,62,4.8
13,Spencer Petras,82136,QB,IOWA,1,66.7,12,13,10.3,3.08,0,1,6.7,53.8,7,0,5,12.5,13,1,5,192,68.8,70.9,62.9,73.6,0,0,15,0,0.0,79.6,0.0,0,0,0,1,0,2,13.3,102,7.8
13,Phil Jurkovec,83533,QB,BOSTON COL,1,30.0,10,11,22.4,3.17,1,1,7.7,27.3,3,0,7,0.0,15,0,1,121,27.8,44.9,43.6,58.6,0,2,17,1,42.9,30.3,20.0,3,1,0,0,1,2,11.8,19,1.7
13,Tai Lavatai,121854,QB,NAVY,1,45.5,11,11,17.3,2.83,0,1,9.1,45.5,5,0,5,0.0,12,0,3,237,29.1,62.2,59.8,61.2,0,0,12,0,20.0,91.9,8.3,1,0,0,0,1,0,0.0,57,5.2
13,Ethan Hampton,145858,QB,N ILLINOIS,1,44.4,9,10,11.1,2.96,0,0,0.0,40.0,4,0,6,0.0,13,0,1,254,22.5,46.2,54.7,43.7,0,0,13,0,33.3,47.9,15.4,2,1,0,1,0,1,7.7,23,2.3
13,Bryson Carroll,60479,QB,NEW MEXICO,1,100.0,9,10,2.8,2.56,0,0,0.0,80.0,8,0,4,11.1,11,1,4,241,16.6,48.3,75.8,38.8,0,0,11,0,0.0,123.8,0.0,0,1,0,1,1,0,0.0,57,5.7
13,Chandler Rogers,98683,QB,LA MONROE,1,62.5,8,9,3.5,2.74,0,0,0.0,55.6,5,0,6,0.0,11,0,1,209,68.5,42.3,37.2,59.5,1,0,12,0,16.7,60.9,9.1,1,1,0,0,0,0,0.0,16,1.8
13,Connor Genal,98366,QB,NEW MEXICO,1,71.4,7,9,7.6,2.91,1,0,0.0,44.4,4,0,5,20.0,10,1,1,241,66.5,73.3,71.6,63.3,1,0,10,0,0.0,52.1,0.0,0,1,0,0,0,0,0.0,28,3.1
13,Josh Adkins,60483,QB,UTSA,1,33.3,9,9,12.1,2.82,0,0,0.0,33.3,3,0,10,0.0,14,0,2,331,66.5,61.5,63.2,57.3,0,0,16,0,40.0,42.8,28.6,4,1,0,0,0,0,0.0,28,3.1
13,Justin Lynch,144392,QB,TEMPLE,1,71.4,7,9,4.1,2.65,0,0,0.0,55.6,5,0,2,0.0,11,0,1,306,65.6,55.2,51.2,62.6,0,0,11,1,0.0,60.9,0.0,0,2,0,2,0,0,0.0,25,2.8
13,Evan Conley,97783,QB,LOUISVILLE,1,87.5,8,8,5.4,3.36,0,0,0.0,87.5,7,0,2,0.0,10,0,6,210,65.4,83.5,69.3,77.3,0,0,10,0,0.0,139.1,0.0,0,2,0,0,1,0,0.0,63,7.9
13,Anthony Richardson,124393,QB,FLORIDA,1,71.4,7,7,10.0,4.08,0,0,0.0,71.4,5,0,8,0.0,12,0,5,163,71.6,66.6,71.9,58.9,0,0,12,0,12.5,133.9,8.3,1,4,0,0,1,0,0.0,55,7.9
13,Tucker Gleason,122475,QB,TOLEDO,1,66.7,6,6,7.2,2.72,0,0,0.0,50.0,3,0,0,25.0,6,1,3,316,64.2,51.1,49.8,,0,0,6,0,,67.4,0.0,0,0,0,0,0,1,16.7,34,5.7
13,Evan Olaes,146018,QB,COLO STATE,1,100.0,5,6,6.0,3.73,0,0,0.0,66.7,4,0,3,20.0,8,1,1,144,71.6,70.5,79.8,59.4,1,0,8,0,0.0,77.1,0.0,0,2,0,0,0,0,0.0,28,4.7
13,Luke McCaffrey,101634,QB,RICE,1,66.7,6,6,11.3,2.78,0,0,0.0,66.7,4,0,3,0.0,9,0,3,275,21.9,50.4,34.5,74.4,0,0,9,1,66.7,135.4,22.2,2,0,0,0,1,1,11.1,55,9.2
13,James Foster,83563,QB,CHARLOTTE,1,80.0,5,6,7.8,2.76,0,1,16.7,50.0,3,0,4,25.0,7,1,2,136,64.6,82.9,82.3,,1,0,7,0,25.0,75.7,14.3,1,0,0,0,0,0,0.0,46,7.7
13,Nate Cox,60432,QB,NEVADA,1,60.0,5,5,3.2,2.2,0,0,0.0,60.0,3,0,2,0.0,5,0,0,239,16.1,48.0,54.6,51.8,0,0,5,0,0.0,64.6,0.0,0,0,0,0,0,0,0.0,14,2.8
13,Joey Marousek,130303,QB,AKRON,1,60.0,5,5,6.2,1.88,0,0,0.0,60.0,3,0,1,0.0,5,0,1,102,63.8,39.9,39.8,,0,0,5,0,0.0,64.6,0.0,0,0,0,0,0,0,0.0,11,2.2
13,Frank Gore Jr.,121457,HB,SO MISS,1,80.0,5,5,12.4,2.68,0,2,40.0,80.0,4,0,0,0.0,5,0,3,296,74.0,91.2,91.5,75.2,0,0,5,0,,158.3,0.0,0,0,0,0,2,0,0.0,81,16.2
13,Sean Chambers,75888,QB,WYOMING,1,60.0,5,5,15.2,3.23,0,0,0.0,60.0,3,0,4,0.0,6,0,2,351,67.0,74.2,66.5,68.8,0,0,6,0,25.0,72.9,16.7,1,0,0,0,0,0,0.0,25,5.0
13,Christian Anderson,60339,QB,ARMY,1,75.0,4,4,17.8,2.75,0,1,25.0,75.0,3,0,2,0.0,4,0,3,114,72.8,68.6,84.2,55.8,0,0,4,0,0.0,156.3,0.0,0,0,0,0,1,0,0.0,102,25.5
13,Eddie Lee Marburger,145511,QB,UTSA,1,50.0,4,4,15.5,3.2,0,1,25.0,50.0,2,0,1,0.0,4,0,1,331,65.2,60.5,62.5,59.2,0,0,4,0,0.0,135.4,0.0,0,0,0,0,1,1,25.0,74,18.5
13,Antavious Willis,100883,WR,SO MISS,1,100.0,4,4,7.0,1.55,0,0,0.0,100.0,4,0,0,0.0,4,0,2,296,69.7,92.9,86.5,80.2,0,0,4,0,,109.4,0.0,0,0,0,0,0,0,0.0,41,10.3
13,Jacob Drena,156010,QB,UCONN,1,100.0,2,3,3.0,2.9,0,0,0.0,66.7,2,0,1,0.0,4,0,1,146,63.3,58.1,58.0,,0,0,4,0,100.0,78.5,25.0,1,0,0,1,0,0,0.0,15,5.0
13,Ike Ogbogu,77653,QB,HOUSTON,1,66.7,3,3,1.3,1.77,0,0,0.0,66.7,2,0,0,0.0,3,0,2,182,64.8,26.1,25.0,58.9,0,1,3,0,,48.6,0.0,0,0,0,0,0,1,33.3,22,7.3
13,Carter Bradley,77685,QB,TOLEDO,1,66.7,3,3,2.7,1.83,0,0,0.0,66.7,2,0,0,0.0,3,0,1,316,62.7,53.6,52.9,,0,0,3,0,,71.5,0.0,0,0,0,0,0,0,0.0,10,3.3
13,Jay Woolfolk,151104,QB,VIRGINIA,1,100.0,2,2,4.0,1.95,0,0,0.0,100.0,2,0,0,0.0,2,0,0,335,64.4,68.9,62.6,62.7,0,0,2,0,,95.8,0.0,0,0,0,0,0,0,0.0,14,7.0
13,Ryan Rizk,77630,QB,MIAMI FL,1,100.0,2,2,3.0,2.2,0,0,0.0,50.0,1,0,0,50.0,2,1,0,220,64.4,59.5,63.1,58.2,0,0,2,0,,62.5,0.0,0,0,0,0,0,0,0.0,9,4.5
13,McKenzie Milton,40110,QB,FLORIDA ST,1,50.0,2,2,3.0,2.85,0,0,0.0,50.0,1,0,0,0.0,2,0,0,167,61.8,37.2,37.5,60.0,0,1,2,0,,16.7,0.0,0,0,0,0,0,1,50.0,-6,-3.0
13,Andrew Marty,60498,QB,NWESTERN,1,0.0,2,2,11.0,2.73,0,0,0.0,0.0,0,0,1,,4,0,0,256,0.0,24.5,24.1,,0,0,4,0,200.0,39.6,50.0,2,0,0,0,0,2,50.0,0,0.0
13,Andrew Peasley,83581,QB,UTAH ST,1,100.0,2,2,0.0,1.93,0,0,0.0,100.0,2,0,2,0.0,3,0,0,329,66.4,81.5,60.2,75.4,0,0,3,0,50.0,91.7,33.3,1,0,0,0,0,0,0.0,12,6.0
13,Riley Leonard,143862,QB,DUKE,1,50.0,2,2,1.5,2.4,0,0,0.0,50.0,1,0,1,0.0,3,0,0,154,8.4,26.7,26.6,57.7,0,0,3,0,100.0,62.5,33.3,1,0,0,0,0,1,33.3,9,4.5
13,Jack Sears,60580,QB,BOISE ST,1,50.0,2,2,14.0,3.42,0,0,0.0,50.0,1,0,1,0.0,5,0,1,120,63.8,45.8,38.0,62.0,0,1,5,0,100.0,16.7,20.0,1,2,0,0,0,1,20.0,6,3.0
13,Tate Rodemaker,122414,QB,FLORIDA ST,1,100.0,2,2,-0.5,1.6,0,0,0.0,50.0,1,0,0,50.0,2,1,0,167,62.7,64.2,63.9,,0,0,3,0,,58.3,0.0,0,0,0,0,0,0,0.0,7,3.5
13,Isiah Pacheco,83747,HB,RUTGERS,1,100.0,1,1,-4.0,0.7,0,0,0.0,100.0,1,0,0,0.0,1,0,0,278,75.1,74.6,61.0,74.5,0,0,1,0,,79.2,0.0,0,0,0,0,0,0,0.0,1,1.0
13,Tyler Snead,90863,WR,E CAROLINA,1,100.0,1,1,-2.0,2.6,0,0,0.0,100.0,1,0,0,0.0,1,0,0,156,71.6,68.2,60.4,,0,0,1,0,,79.2,0.0,0,0,0,0,0,0,0.0,0,0.0
13,Chris Smith,83693,HB,LA LAFAYET,1,100.0,1,1,18.0,2.8,0,0,0.0,100.0,1,0,0,0.0,1,0,1,207,73.5,67.2,75.4,60.6,0,0,1,0,,158.3,0.0,0,0,0,0,1,0,0.0,37,37.0
13,Chandler Fields,97286,QB,LA LAFAYET,1,100.0,1,1,5.0,2.5,0,0,0.0,100.0,1,0,0,0.0,1,0,0,207,60.3,60.9,60.6,,0,0,1,1,,118.8,0.0,0,0,0,0,0,0,0.0,17,17.0
13,Jason Goldstein,83557,QB,SO MISS,1,0.0,1,1,32.0,3.6,0,0,0.0,0.0,0,0,0,,1,0,0,296,60.3,32.8,37.0,,0,1,1,0,,0.0,0.0,0,0,0,0,0,1,100.0,0,0.0
13,Jack Plummer,83543,QB,PURDUE,1,100.0,1,1,1.0,4.1,0,0,0.0,100.0,1,0,1,0.0,1,0,0,273,63.7,69.9,60.4,63.3,0,0,1,0,0.0,79.2,0.0,0,0,0,0,0,0,0.0,2,2.0
13,Collin Schlee,98025,QB,KENT STATE,1,100.0,1,1,7.0,3.9,0,0,0.0,100.0,1,0,0,0.0,1,0,1,201,65.9,63.9,60.4,62.7,0,0,1,0,,118.8,0.0,0,0,0,0,0,0,0.0,14,14.0
13,Paul Tyson,98363,QB,ALABAMA,1,0.0,1,1,-4.0,3.1,0,0,0.0,0.0,0,0,1,,1,0,0,103,24.0,26.8,36.1,,0,0,1,0,0.0,39.6,0.0,0,0,0,0,0,1,100.0,0,0.0
13,Jamarye Joiner,82071,WR,ARIZONA,1,0.0,1,1,35.0,5.05,0,0,0.0,0.0,0,0,1,,2,0,1,109,69.3,76.1,37.0,74.5,0,0,2,0,0.0,39.6,0.0,0,1,0,0,0,1,50.0,0,0.0
13,Nick Nash,98679,QB,S JOSE ST,1,0.0,1,1,16.0,3.93,0,0,0.0,0.0,0,0,2,,3,0,0,285,15.3,44.9,25.8,65.8,0,0,3,0,50.0,39.6,33.3,1,1,0,0,0,1,33.3,0,0.0
13,Tahj Magee,78919,WR,LA TECH,1,100.0,1,1,13.0,4.5,0,0,0.0,100.0,1,0,0,0.0,1,0,1,208,60.3,75.3,72.6,,0,0,1,0,,118.8,0.0,0,0,0,0,0,0,0.0,33,33.0
13,Roschon Johnson,99467,HB,TEXAS,1,100.0,1,1,-4.0,2.95,0,0,0.0,100.0,1,0,1,0.0,2,0,1,311,78.9,78.5,60.4,75.7,0,0,2,0,0.0,79.2,0.0,0,1,0,0,0,0,0.0,2,2.0
13,Tayvion Robinson,99693,WR,VA TECH,1,100.0,1,1,2.0,3.1,0,0,0.0,100.0,1,1,1,0.0,1,0,1,337,68.2,69.7,73.5,53.3,0,0,1,1,0.0,118.8,0.0,0,0,0,0,1,0,0.0,3,3.0
13,Ryan O'Keefe,101139,WR,UCF,1,100.0,1,1,-6.0,3.6,0,0,0.0,100.0,1,0,0,0.0,1,0,0,323,67.8,63.0,60.6,57.7,0,0,1,0,,79.2,0.0,0,0,0,0,0,0,0.0,-3,-3.0
13,Xavier Arline,121831,QB,NAVY,1,100.0,1,1,20.0,2.9,0,1,100.0,100.0,1,0,0,0.0,1,0,1,237,9.6,57.3,88.1,42.5,0,0,1,0,,158.3,0.0,0,0,0,0,1,0,0.0,15,15.0
13,Johnny Langan,77617,TE,RUTGERS,1,100.0,1,1,28.0,2.4,0,1,100.0,100.0,1,0,1,0.0,1,0,1,278,68.7,68.4,88.1,58.4,0,0,1,0,0.0,118.8,0.0,0,0,0,0,0,0,0.0,31,31.0
13,Beau Allen,73936,QB,KENTUCKY,1,100.0,1,1,-4.0,1.2,0,0,0.0,100.0,1,0,0,0.0,1,0,0,202,65.9,70.3,61.0,64.7,0,0,1,0,,79.2,0.0,0,0,0,0,0,0,0.0,0,0.0
13,Thayer Thomas,61515,WR,NC STATE,1,0.0,1,1,26.0,3.1,0,1,100.0,0.0,0,0,1,,1,0,0,248,71.2,74.2,87.7,63.2,0,0,1,0,0.0,39.6,0.0,0,0,0,0,0,0,0.0,0,0.0
13,De'Vion Warren,61141,WR,ARKANSAS,1,0.0,1,1,17.0,3.9,0,0,0.0,0.0,0,0,1,,1,0,0,111,65.6,69.8,46.8,69.4,0,0,1,0,0.0,39.6,0.0,0,0,0,0,0,0,0.0,0,0.0
13,Garrett Greene,123420,QB,W VIRGINIA,1,100.0,1,1,0.0,1.7,0,0,0.0,100.0,1,0,0,0.0,1,0,0,343,63.7,56.0,60.4,57.7,0,0,1,0,,87.5,0.0,0,0,0,0,0,0,0.0,5,5.0
13,Austin Burton,60577,QB,PURDUE,1,0.0,1,1,5.0,3.2,0,0,0.0,0.0,0,0,1,,1,0,0,273,63.7,62.2,56.8,63.4,0,0,1,0,0.0,39.6,0.0,0,0,0,0,0,0,0.0,0,0.0
13,Tyler Johnston III,60570,QB,UAB,1,0.0,1,1,15.0,3.3,0,0,0.0,0.0,0,0,0,,1,0,0,321,60.3,54.7,54.8,,0,0,1,0,,39.6,0.0,0,0,0,0,0,0,0.0,0,0.0
13,Ken Seals,124359,QB,VANDERBILT,1,100.0,1,1,8.0,2.3,0,0,0.0,100.0,1,0,0,0.0,1,0,0,333,60.3,61.7,61.6,,0,0,1,0,,100.0,0.0,0,0,0,0,0,0,0.0,8,8.0
13,Connor Blumrick,60558,QB,VA TECH,1,0.0,1,1,2.0,3.1,0,0,0.0,0.0,0,0,0,,1,0,0,337,24.4,30.7,44.6,44.4,0,0,1,0,,39.6,0.0,0,0,0,0,0,0,0.0,0,0.0
13,Preston Stone,124716,QB,SMU,1,0.0,1,1,18.0,3.4,0,0,0.0,0.0,0,0,1,,1,0,0,287,60.3,46.3,46.8,,0,0,1,0,0.0,39.6,0.0,0,0,0,0,0,0,0.0,0,0.0
13,Emmett Morehead,143834,QB,BOSTON COL,1,100.0,1,1,11.0,2.55,0,0,0.0,0.0,0,0,1,100.0,2,1,0,121,61.8,62.9,62.6,,0,0,2,0,100.0,39.6,50.0,1,0,0,0,0,0,0.0,0,0.0
13,ZaQuandre White,57205,HB,S CAROLINA,1,0.0,1,1,32.0,3.4,0,0,0.0,0.0,0,0,1,,1,0,0,289,71.6,59.8,50.1,67.5,0,0,1,0,0.0,39.6,0.0,0,0,0,0,0,0,0.0,0,0.0
13,J.J. McCarthy,144918,QB,MICHIGAN,1,100.0,1,1,25.0,3.1,0,1,100.0,100.0,1,0,0,0.0,1,0,1,222,65.9,91.3,88.1,67.5,0,0,1,0,,118.8,0.0,0,0,0,0,0,0,0.0,31,31.0
13,Jaylen Henderson,146054,QB,FRESNO ST,1,100.0,1,1,0.0,3.5,0,0,0.0,100.0,1,0,1,0.0,1,0,0,169,67.5,62.5,60.6,60.4,0,0,1,0,0.0,87.5,0.0,0,0,0,0,0,0,0.0,5,5.0
13,Sione Tupou,44093,LB,TEXAS ST,1,100.0,1,1,6.0,1.7,0,0,0.0,100.0,1,0,1,0.0,1,0,1,314,60.3,61.6,62.2,,0,0,1,0,0.0,104.2,0.0,0,0,0,0,0,0,0.0,9,9.0
13,Tyler Buchner,147472,QB,NOTRE DAME,1,100.0,1,1,-6.0,3.0,0,0,0.0,100.0,1,0,0,0.0,1,0,0,258,67.5,83.6,60.6,74.2,0,0,1,0,,79.2,0.0,0,0,0,0,0,0,0.0,-4,-4.0
13,Devyn McCormick,154707,P,LA MONROE,1,0.0,1,1,1.0,2.8,0,0,0.0,0.0,0,0,0,,1,0,0,209,60.3,55.3,54.4,,0,0,1,0,,39.6,0.0,0,0,0,0,0,0,0.0,0,0.0
13,Brandon Robinson,84179,WR,FAU,1,0.0,1,1,9.0,3.3,0,0,0.0,0.0,0,0,1,,1,0,0,165,65.3,50.6,45.8,,0,0,1,0,0.0,39.6,0.0,0,0,0,0,0,0,0.0,0,0.0
13,Cam Ward,133244,QB,INCAR WORD,1,76.9,52,54,4.7,2.6,0,0,0.0,72.2,39,0,30,2.5,68,1,23,189,27.7,53.6,48.2,69.2,0,0,70,0,26.7,112.3,11.8,8,6,0,2,4,3,4.3,328,6.1
13,Cole Kelley,39945,QB,SE LA,1,78.0,41,44,6.3,2.48,2,3,6.5,68.2,30,0,15,6.3,53,2,19,294,45.3,67.3,74.0,49.5,1,1,55,0,20.0,111.6,5.7,3,5,0,0,4,1,1.8,337,7.7
13,Dresser Winn,63583,QB,TENN MARTN,1,68.3,41,43,11.8,2.47,0,7,15.2,53.5,23,0,16,17.9,45,5,12,310,71.1,69.9,70.6,60.8,0,1,48,1,12.5,78.8,4.4,2,0,0,2,2,1,2.1,272,6.3
13,Jason Shelley,60581,QB,MO STATE,1,56.4,39,42,11.0,2.75,2,1,2.3,52.4,22,0,18,0.0,50,0,14,230,42.8,48.8,41.8,71.2,0,3,52,0,27.8,67.5,10.0,5,3,0,1,3,3,5.8,279,6.6
13,Rasean McKay,88321,QB,FL A&M,1,59.5,37,40,14.4,2.75,0,6,13.6,45.0,18,0,14,18.2,44,4,10,164,69.5,76.3,78.6,51.5,3,1,48,0,7.1,70.6,2.3,1,3,0,0,2,2,4.2,238,6.0
13,Trae Self,103962,QB,STF AUSTIN,1,66.7,36,38,9.1,2.65,1,0,0.0,55.3,21,0,11,12.5,42,3,10,301,71.5,64.0,64.1,62.4,0,2,42,1,18.2,79.2,4.8,2,2,0,1,3,2,4.8,243,6.4
13,Jawon Pass,40916,QB,PRVIEW A&M,1,67.6,34,36,7.4,2.29,0,1,2.4,58.3,21,0,10,8.7,41,2,13,270,69.8,44.2,40.1,67.6,1,2,47,0,30.0,53.8,7.3,3,2,0,1,0,3,6.4,227,6.3
13,Eric Barriere,40109,QB,E WASHGTON,1,73.5,34,35,9.3,2.87,1,0,0.0,60.0,21,0,10,16.0,39,4,13,161,70.4,66.5,62.4,68.8,0,1,41,0,20.0,84.7,5.1,2,2,0,0,1,3,7.3,294,8.4
13,Carson Camp,141837,QB,S DAKOTA,1,74.1,27,31,6.7,3.47,0,1,3.0,61.3,19,0,17,5.0,39,1,10,291,33.2,55.7,60.8,46.8,1,3,41,0,23.5,40.7,10.3,4,4,0,3,0,4,9.8,202,6.5
13,Nic Baker,87541,QB,S ILLINOIS,1,72.4,29,30,7.4,2.82,0,1,3.3,70.0,21,0,6,0.0,33,0,9,295,69.5,68.3,66.1,66.5,0,0,34,0,33.3,100.7,6.1,2,1,0,1,1,0,0.0,210,7.0
13,Matt Morrissey,148177,QB,N IOWA,1,48.0,25,28,15.9,3.36,1,1,3.3,35.7,10,0,15,16.7,31,2,5,255,69.0,63.8,65.1,55.9,1,2,33,0,6.7,20.8,3.2,1,2,0,1,0,2,6.1,126,4.5
13,Joe Owens,141732,QB,ALABAMA ST,1,75.0,28,28,6.6,2.48,0,2,6.7,75.0,21,0,11,0.0,31,0,11,105,29.7,65.5,68.7,55.4,0,0,33,1,18.2,109.7,6.5,2,1,0,0,1,3,9.1,223,8.0
13,Hunter Rodrigues,78490,QB,UC DAVIS,1,73.1,26,27,4.6,2.83,0,0,0.0,70.4,19,0,7,0.0,35,0,12,322,70.5,57.0,51.6,65.0,0,4,36,0,28.6,43.1,5.7,2,6,0,1,0,3,8.3,142,5.3
13,Theo Day,83515,QB,N IOWA,1,60.0,20,22,13.4,2.6,0,2,8.3,54.5,12,0,10,0.0,22,0,8,255,68.8,67.6,67.9,58.1,2,1,24,0,0.0,79.5,0.0,0,0,0,0,1,1,4.2,189,8.6
13,Elijah Walker,60434,QB,GRAMBLING,1,55.6,18,20,12.8,3.07,1,3,13.0,45.0,9,0,7,10.0,28,1,8,177,73.0,91.7,78.4,88.7,1,0,31,0,14.3,87.5,3.6,1,7,0,0,1,1,3.2,150,7.5
13,Ladarius Skelton,78528,QB,SOUTHERN U,1,63.2,19,19,8.2,2.46,0,1,4.8,57.9,11,0,5,8.3,21,1,6,297,33.6,60.1,50.0,68.2,0,1,23,0,0.0,73.6,0.0,0,2,0,0,1,2,8.7,126,6.6
13,Matthew Sluka,143059,QB,HOLY CROSS,1,72.2,18,19,8.3,3.57,1,1,5.0,68.4,13,0,14,0.0,33,0,9,181,38.3,51.1,37.6,65.2,0,0,34,0,28.6,114.1,12.1,4,10,0,0,1,3,8.8,171,9.0
13,Chris Oladokun,40364,QB,S DAK ST,1,68.8,16,17,13.1,3.08,0,1,5.6,47.1,8,0,3,27.3,19,3,6,292,25.2,68.2,69.1,50.8,0,0,20,0,0.0,102.3,0.0,0,2,0,1,2,1,5.0,89,5.2
13,Miles Hastings,103943,QB,UC DAVIS,1,62.5,16,17,6.7,2.41,1,0,0.0,41.2,7,0,6,30.0,19,3,5,322,67.8,49.0,51.8,52.6,0,2,20,0,0.0,34.3,0.0,0,2,0,0,1,2,10.0,73,4.3
13,Jalani Eason,52172,QB,MS VLY ST,1,76.9,13,13,11.8,2.61,0,2,14.3,61.5,8,0,4,20.0,15,2,6,228,19.2,73.0,90.8,43.9,0,0,16,1,0.0,131.1,0.0,0,2,0,0,1,1,6.3,168,12.9
13,Louis Colosimo,64186,QB,DAVIDSON,1,75.0,12,13,10.3,2.07,1,1,7.1,53.8,7,0,4,22.2,15,2,5,149,24.6,51.9,71.1,35.4,0,1,16,1,25.0,33.8,6.7,1,1,0,0,0,1,6.3,59,4.5
13,Marquez McCray,109056,QB,SACR HEART,1,75.0,8,12,12.9,3.62,0,1,7.1,50.0,6,0,11,0.0,17,0,4,280,67.6,63.6,67.2,53.5,0,0,19,0,36.4,70.8,23.5,4,1,0,4,0,0,0.0,78,6.5
13,Xavier Shepherd,104767,QB,KENNESAW,1,80.0,5,5,21.6,3.2,0,2,40.0,80.0,4,0,1,0.0,6,0,4,200,28.1,81.9,92.0,62.6,0,0,6,0,0.0,158.3,0.0,0,1,0,0,1,0,0.0,115,23.0
13,Cephus Johnson III,60530,QB,SE LA,1,0.0,3,4,5.7,2.67,0,0,0.0,0.0,0,0,3,,6,0,0,294,71.1,54.9,45.6,62.1,1,0,6,0,33.3,39.6,16.7,1,1,0,0,0,0,0.0,0,0.0
13,Marco Siderman,143060,QB,HOLY CROSS,1,33.3,3,3,12.3,2.77,0,0,0.0,33.3,1,0,1,0.0,3,0,0,181,64.8,29.0,29.1,57.6,0,1,3,0,0.0,2.8,0.0,0,0,0,0,0,1,33.3,6,2.0
13,Jonathan Murphy,104766,QB,KENNESAW,1,100.0,2,2,9.0,2.8,0,0,0.0,50.0,1,0,0,50.0,2,1,0,200,71.8,83.3,77.1,70.5,0,0,2,0,,56.3,0.0,0,0,0,0,0,0,0.0,-3,-1.5
13,Javon Williams Jr.,87540,HB,S ILLINOIS,1,100.0,2,2,7.5,3.35,0,0,0.0,50.0,1,0,0,50.0,2,1,1,295,75.5,83.5,77.4,72.1,0,0,2,0,,91.7,0.0,0,0,0,0,0,0,0.0,23,11.5
13,Johnathan Lewis,60520,QB,S DAKOTA,1,100.0,2,2,9.5,2.4,0,1,50.0,100.0,2,0,0,0.0,2,0,1,291,66.2,90.9,89.2,67.3,0,0,2,0,,118.8,0.0,0,0,0,0,0,0,0.0,34,17.0
13,Myles Crawley,141731,QB,ALABAMA ST,1,100.0,1,1,-1.0,2.0,0,0,0.0,100.0,1,0,0,0.0,1,0,1,105,65.9,57.3,60.6,56.8,0,0,1,0,,118.8,0.0,0,0,0,0,0,0,0.0,14,14.0
13,DeAngelo Hardy,141343,QB,KENNESAW,1,0.0,1,1,31.0,2.65,0,0,0.0,0.0,0,0,1,,2,0,0,200,68.7,74.4,75.4,62.5,0,0,2,0,100.0,39.6,50.0,1,0,0,0,0,0,0.0,0,0.0
13,Dorrell James,60905,TE,GRAMBLING,1,0.0,1,1,42.0,4.5,0,0,0.0,0.0,0,0,0,,1,0,0,177,63.0,34.8,50.1,,0,0,1,1,,39.6,0.0,0,0,0,0,0,0,0.0,0,0.0
13,John-Paul Pierce,82125,QB,GRAMBLING,1,0.0,1,1,10.0,1.7,0,0,0.0,0.0,0,0,0,,1,0,0,177,60.3,46.9,47.3,,0,0,1,0,,39.6,0.0,0,0,0,0,0,0,0.0,0,0.0
13,Pierre Strong Jr.,66619,HB,S DAK ST,1,100.0,1,1,7.0,3.2,0,0,0.0,100.0,1,0,0,0.0,1,0,1,292,31.9,91.7,77.7,90.1,0,0,1,0,,147.9,0.0,0,0,0,0,1,0,0.0,10,10.0
13,Carson Crawford,61756,WR,UC DAVIS,1,0.0,1,1,37.0,4.4,0,0,0.0,0.0,0,0,0,,1,0,0,322,66.2,63.5,58.1,57.5,0,0,1,0,,39.6,0.0,0,0,0,0,0,0,0.0,0,0.0
13,Bryson Williams,155638,QB,TUSKEGEE,1,44.4,18,19,13.5,2.53,0,2,10.5,26.3,5,0,13,37.5,23,3,6,405,25.9,57.9,50.7,72.2,0,1,23,0,15.4,46.8,8.7,2,2,0,1,1,2,8.7,110,5.8
13,Louis Williams,155639,QB,TUSKEGEE,1,40.0,5,5,15.0,2.3,0,0,0.0,20.0,1,0,3,50.0,6,1,1,405,15.4,28.9,36.7,48.9,0,0,6,0,33.3,55.4,16.7,1,0,0,0,0,0,0.0,34,6.8
13,Malik Davis,155588,QB,TUSKEGEE,1,0.0,1,2,5.0,3.4,0,0,0.0,0.0,0,0,4,,4,0,0,405,63.3,47.1,46.6,,1,0,4,1,50.0,39.6,50.0,2,0,0,0,0,0,0.0,0,0.0
week,player,player_id,position,team_name,player_game_count,accuracy_percent,aimed_passes,attempts,avg_depth_of_target,avg_time_to_throw,bats,big_time_throws,btt_rate,completion_percent,completions,declined_penalties,def_gen_pressures,drop_rate,dropbacks,drops,first_downs,franchise_id,grades_hands_fumble,grades_offense,grades_pass,grades_run,hit_as_threw,interceptions,passing_snaps,penalties,pressure_to_sack_rate,qb_rating,sack_percent,sacks,scrambles,spikes,thrown_aways,touchdowns,turnover_worthy_plays,twp_rate,yards,ypa
14,Jaxson Dart,146409,QB,USC,1,82.6,23,27,7.9,2.83,2,0,0.0,63.0,17,0,8,10.5,29,2,8,326,68.3,73.8,77.0,57.3,0,0,31,2,12.5,96.1,3.4,1,1,0,2,1,0,0.0,189,7.0
14,Chase Garbers,60356,QB,CAL,1,94.7,19,21,2.8,2.55,0,0,0.0,85.7,18,0,9,0.0,26,0,8,130,70.6,76.3,81.2,59.2,0,0,27,0,33.3,101.8,11.5,3,2,0,2,0,0,0.0,177,8.4
14,Miller Moss,70727,QB,USC,1,66.7,12,13,4.6,2.82,0,0,0.0,61.5,8,0,2,0.0,15,0,4,326,22.8,39.2,35.8,60.9,0,0,16,0,50.0,102.7,6.7,1,1,0,1,1,2,12.5,74,5.7
14,Eric Barriere,40109,QB,E WASHGTON,1,64.5,76,81,14.3,3.06,1,3,3.6,56.8,46,0,29,6.1,86,3,27,161,29.8,59.0,56.0,71.8,0,1,89,1,10.3,92.1,3.5,3,2,1,3,5,9,10.1,530,6.5
14,Cam Ward,133244,QB,INCAR WORD,1,75.4,57,61,10.3,2.44,0,3,4.5,63.9,39,1,24,9.3,68,4,24,189,47.0,60.5,60.2,59.2,2,0,75,1,12.5,115.5,4.4,3,3,0,2,5,2,2.7,481,7.9
14,Cole Kelley,39945,QB,SE LA,1,77.1,48,50,8.0,2.44,1,1,2.0,72.0,36,0,23,2.7,56,1,17,294,45.4,68.3,67.3,62.6,1,3,56,0,17.4,83.4,7.1,4,2,0,0,2,4,7.1,396,7.9
14,Jake Dunniway,60572,QB,SACRAMENTO,1,67.4,43,45,13.0,2.6,0,5,10.6,57.8,26,0,15,10.3,51,3,18,279,71.3,91.4,90.8,69.8,1,2,53,0,13.3,69.7,3.9,2,4,1,0,1,2,3.8,330,7.3
14,Tyler Riddell,102355,QB,E TENN ST,1,62.9,35,36,10.0,3.21,0,0,0.0,61.1,22,0,15,0.0,42,0,13,157,29.1,59.0,60.2,53.6,0,1,45,0,26.7,96.8,9.5,4,2,0,1,3,2,4.4,238,6.6
14,Matthew Sluka,143059,QB,HOLY CROSS,1,73.3,30,34,9.8,3.1,2,4,10.5,55.9,19,0,11,13.6,46,3,12,181,73.3,65.4,67.8,62.9,0,1,50,2,18.2,56.3,4.3,2,9,1,1,0,1,2.0,162,4.8
14,Nic Baker,87541,QB,S ILLINOIS,1,79.3,29,32,5.8,2.5,3,2,6.3,71.9,23,0,14,0.0,36,0,9,295,69.2,66.8,68.0,55.3,0,0,36,0,21.4,100.8,8.3,3,1,0,0,1,0,0.0,218,6.8
14,Eric Schmid,66632,QB,SM HOUSTON,1,73.3,30,32,8.9,2.11,2,1,2.8,65.6,21,0,8,4.5,37,1,12,281,72.9,78.6,70.7,77.4,0,0,42,1,12.5,94.5,2.7,1,4,0,0,1,0,0.0,210,6.6
14,Dresser Winn,63583,QB,TENN MARTN,1,62.5,24,27,8.3,2.4,1,0,0.0,48.1,13,0,14,13.3,31,2,6,310,19.2,43.8,49.4,42.5,0,0,32,0,21.4,57.3,9.7,3,1,0,2,0,3,9.4,98,3.6
14,Chris Oladokun,40364,QB,S DAK ST,1,65.0,20,23,11.3,3.43,0,0,0.0,52.2,12,0,14,7.7,31,1,10,292,69.3,61.9,56.5,67.8,0,0,31,0,21.4,74.0,9.7,3,4,0,3,0,2,6.5,157,6.8
14,Cam Humphrey,39886,QB,MONTANA,1,61.9,21,23,12.0,3.06,1,1,4.2,47.8,11,0,10,15.4,28,2,7,232,68.7,68.2,70.6,53.3,1,0,29,0,30.0,110.5,10.7,3,2,0,0,3,0,0.0,160,7.0
14,Daniel Smith,88625,QB,VILLANOVA,1,38.1,21,22,14.0,2.69,0,1,4.5,36.4,8,0,6,0.0,25,0,7,334,70.0,55.6,51.0,65.3,0,0,25,0,16.7,57.6,4.0,1,2,0,1,0,0,0.0,133,6.0
14,Cole Johnson,29785,QB,JAMES MAD,1,75.0,20,21,20.2,3.09,0,4,18.2,57.1,12,0,8,20.0,25,3,14,197,67.8,94.3,93.0,77.6,0,0,26,0,25.0,141.4,8.0,2,2,0,1,5,0,0.0,321,15.3
14,Tommy Mellott,147646,QB,MONTANA ST,1,52.9,17,20,8.9,2.55,2,0,0.0,40.0,8,0,11,11.1,26,1,4,233,45.8,50.3,28.7,71.5,0,0,28,0,18.2,47.9,7.7,2,4,0,1,0,4,14.3,51,2.6
14,Jonathan Murphy,104766,QB,KENNESAW,1,58.3,12,14,19.1,4.06,0,0,0.0,42.9,6,0,6,14.3,15,1,5,200,47.8,71.7,71.1,65.1,0,0,15,1,0.0,114.6,0.0,0,1,0,2,2,0,0.0,125,8.9
14,Cam Miller,125299,QB,N DAK ST,1,71.4,14,14,7.4,3.15,0,0,0.0,64.3,9,0,7,10.0,19,1,6,250,71.7,57.3,50.3,61.9,0,1,19,0,14.3,52.1,5.3,1,4,0,0,0,1,5.3,88,6.3
14,Xavier Shepherd,104767,QB,KENNESAW,1,100.0,4,5,6.3,2.74,0,0,0.0,80.0,4,0,3,0.0,7,0,2,200,69.7,55.4,68.2,54.7,1,0,7,1,33.3,104.2,14.3,1,1,0,0,0,0,0.0,45,9.0
14,Asher O'Hara,78529,QB,SACRAMENTO,1,80.0,5,5,5.2,1.84,0,1,16.7,80.0,4,0,1,0.0,5,0,3,279,71.0,70.4,70.1,63.4,0,0,7,0,0.0,142.9,0.0,0,0,0,0,1,0,0.0,44,8.8
14,Stewart Howell,104792,QB,TENN MARTN,1,75.0,4,4,6.0,2.32,0,0,0.0,75.0,3,0,3,0.0,5,0,1,310,63.8,61.8,61.1,,0,1,5,0,33.3,39.6,20.0,1,0,0,0,0,0,0.0,14,3.5
14,Marco Siderman,143060,QB,HOLY CROSS,1,66.7,3,3,11.3,2.58,0,0,0.0,66.7,2,0,1,0.0,4,0,0,181,63.3,52.7,52.5,,0,0,4,0,100.0,71.5,25.0,1,0,0,0,0,0,0.0,10,3.3
14,Jordan Fuller,149418,HB,HOLY CROSS,1,100.0,1,1,14.0,1.8,0,0,0.0,100.0,1,0,0,0.0,1,0,1,181,67.5,69.9,72.6,62.5,0,0,1,0,,135.4,0.0,0,0,0,0,1,0,0.0,7,7.0
14,Javon Williams Jr.,87540,HB,S ILLINOIS,1,0.0,1,1,8.0,3.3,0,0,0.0,0.0,0,0,0,,1,0,0,295,73.3,71.5,53.3,66.9,0,0,1,0,,39.6,0.0,0,0,0,0,0,0,0.0,0,0.0
week,player,player_id,position,team_name,player_game_count,accuracy_percent,aimed_passes,attempts,avg_depth_of_target,avg_time_to_throw,bats,big_time_throws,btt_rate,completion_percent,completions,declined_penalties,def_gen_pressures,drop_rate,dropbacks,drops,first_downs,franchise_id,grades_hands_fumble,grades_offense,grades_pass,grades_run,hit_as_threw,interceptions,passing_snaps,penalties,pressure_to_sack_rate,qb_rating,sack_percent,sacks,scrambles,spikes,thrown_aways,touchdowns,turnover_worthy_plays,twp_rate,yards,ypa
15,Christian Anderson,60339,QB,ARMY,1,61.5,13,15,13.0,2.45,0,0,0.0,46.7,7,0,6,12.5,15,1,5,114,72.1,71.8,68.1,67.4,1,0,15,0,0.0,71.0,0.0,0,0,0,1,0,1,6.7,108,7.2
15,Tai Lavatai,121854,QB,NAVY,1,80.0,5,6,9.4,2.91,0,1,16.7,66.7,4,0,4,0.0,7,0,3,237,77.0,81.1,84.3,69.2,0,0,7,1,25.0,109.7,14.3,1,0,0,1,0,0,0.0,82,13.7
15,Tyrell Robinson,121607,HB,ARMY,1,0.0,1,1,25.0,3.1,0,0,0.0,0.0,0,0,0,,1,0,0,114,72.7,51.8,51.9,55.6,0,0,1,0,,39.6,0.0,0,0,0,0,0,0,0.0,0,0.0
15,Eric Schmid,66632,QB,SM HOUSTON,1,82.9,35,39,6.2,2.95,0,0,0.0,69.2,27,0,16,6.9,50,2,16,281,71.0,49.2,41.8,68.0,1,3,54,0,25.0,82.6,8.0,4,7,1,2,2,5,9.3,354,9.1
15,Tyler Riddell,102355,QB,E TENN ST,1,56.7,30,32,8.0,2.81,0,1,3.1,50.0,16,0,12,5.9,36,1,7,157,68.7,52.2,50.4,61.6,0,1,36,0,16.7,43.2,5.6,2,2,0,2,0,4,11.1,86,2.7
15,Daniel Smith,88625,QB,VILLANOVA,1,75.0,24,26,13.8,2.73,0,5,16.1,65.4,17,0,13,5.6,30,1,11,334,70.9,94.2,93.7,74.0,0,1,35,0,15.4,109.6,6.7,2,2,0,2,2,1,2.9,271,10.4
15,Cole Johnson,29785,QB,JAMES MAD,1,85.7,21,25,10.7,2.75,1,1,3.8,68.0,17,0,8,5.6,30,1,15,197,36.0,82.3,91.0,47.3,0,0,31,1,37.5,134.6,10.0,3,2,0,3,2,0,0.0,295,11.8
15,Chris Oladokun,40364,QB,S DAK ST,1,66.7,18,19,18.1,3.12,1,2,10.0,57.9,11,0,7,8.3,22,1,8,292,67.5,65.0,66.1,57.2,0,1,23,0,0.0,96.8,0.0,0,3,0,0,2,2,8.7,152,8.0
15,Cam Miller,125299,QB,N DAK ST,1,75.0,16,17,8.3,2.94,0,0,0.0,58.8,10,0,9,16.7,19,2,6,250,68.4,72.6,69.3,66.5,0,0,19,0,11.1,81.3,5.3,1,1,0,1,0,0,0.0,123,7.2
15,Robbie Patterson,143694,QB,MONTANA,1,50.0,16,17,8.6,2.84,1,0,0.0,41.2,7,0,11,12.5,23,1,5,232,69.9,64.9,56.0,69.3,0,2,24,0,9.1,9.3,4.3,1,5,0,0,0,2,8.3,44,2.6
15,Cam Humphrey,39886,QB,MONTANA,1,66.7,12,12,8.5,2.56,0,1,8.3,58.3,7,0,9,12.5,14,1,6,232,66.2,80.2,87.7,52.8,0,0,14,0,0.0,81.3,0.0,0,2,0,0,0,1,7.1,88,7.3
15,Tommy Mellott,147646,QB,MONTANA ST,1,60.0,10,11,19.6,2.27,0,5,41.7,54.5,6,0,4,0.0,12,0,5,233,74.8,93.4,96.5,66.1,0,0,13,0,0.0,139.2,0.0,0,1,0,1,2,0,0.0,165,15.0
15,Kris Brown,105558,QB,MONTANA,1,33.3,3,5,2.7,2.77,1,0,0.0,20.0,1,0,5,0.0,6,0,1,232,64.2,36.8,34.4,,0,0,6,0,20.0,39.6,16.7,1,0,0,1,0,1,16.7,11,2.2
15,Nate Brackett,138983,P,E TENN ST,1,100.0,1,1,0.0,2.4,0,0,0.0,100.0,1,0,0,0.0,1,0,1,157,60.3,60.6,60.6,,0,0,1,0,,104.2,0.0,0,0,0,0,0,0,0.0,9,9.0
15,Willie Patterson,61476,WR,MONTANA ST,1,100.0,1,1,3.0,2.3,0,0,0.0,100.0,1,0,0,0.0,1,0,1,233,71.5,79.3,69.2,65.3,0,0,1,0,,122.9,0.0,0,0,0,0,1,0,0.0,4,4.0
15,Noah Smith,104112,HB,SM HOUSTON,1,,0,1,,7.0,0,0,0.0,0.0,0,0,1,,1,0,0,281,71.0,62.1,60.0,75.3,0,0,1,0,0.0,39.6,0.0,0,0,0,1,0,0,0.0,0,0.0
week,player,player_id,position,team_name,player_game_count,accuracy_percent,aimed_passes,attempts,avg_depth_of_target,avg_time_to_throw,bats,big_time_throws,btt_rate,completion_percent,completions,declined_penalties,def_gen_pressures,drop_rate,dropbacks,drops,first_downs,franchise_id,grades_hands_fumble,grades_offense,grades_pass,grades_run,hit_as_threw,interceptions,passing_snaps,penalties,pressure_to_sack_rate,qb_rating,sack_percent,sacks,scrambles,spikes,thrown_aways,touchdowns,turnover_worthy_plays,twp_rate,yards,ypa
17,Bailey Zappe,60396,QB,W KENTUCKY,1,71.4,56,60,12.6,2.6,0,7,10.9,60.0,36,0,10,10.0,64,4,22,346,71.8,79.9,78.9,62.8,1,2,68,0,30.0,100.5,4.7,3,1,1,2,4,2,2.9,577,9.6
17,Stetson Bennett,60387,QB,GEORGIA,1,70.5,44,48,8.4,2.68,1,1,1.9,60.4,29,0,15,6.5,53,2,17,173,70.8,65.6,61.6,71.4,0,2,57,0,20.0,85.4,5.7,3,2,0,3,3,2,3.5,340,7.1
17,Spencer Sanders,77660,QB,OKLA STATE,1,76.7,43,47,7.4,2.84,0,1,1.9,66.0,31,0,19,6.1,54,2,17,262,45.6,61.0,57.9,59.7,1,4,59,1,5.3,44.4,1.9,1,6,0,3,0,3,5.1,257,5.5
17,Sam Hartman,77618,QB,WAKE,1,50.0,44,46,13.5,2.57,0,3,6.3,45.7,21,0,27,4.5,56,1,16,339,70.8,67.7,63.8,69.8,1,4,58,0,22.2,37.7,10.7,6,4,0,1,2,3,5.2,213,4.6
17,Logan Bonner,39990,QB,UTAH ST,1,70.7,41,43,11.1,2.42,1,3,6.7,67.4,29,0,8,0.0,46,0,15,329,69.5,63.5,61.5,64.2,0,1,48,0,25.0,110.4,4.3,2,1,1,0,4,3,6.3,318,7.4
17,Bryce Young,123943,QB,ALABAMA,1,70.3,37,43,10.8,2.62,3,4,8.9,58.1,25,0,18,3.8,48,1,18,103,38.2,89.0,87.8,64.8,0,0,50,0,0.0,113.7,0.0,0,3,0,3,3,1,2.0,412,9.6
17,Kenny Pickett,60515,QB,PITTSBURGH,1,67.7,31,33,11.2,3.06,0,1,2.9,60.6,20,0,11,4.8,38,1,12,268,33.8,75.4,69.3,79.5,0,0,40,0,36.4,104.7,10.5,4,1,0,2,2,2,5.0,253,7.7
17,Chase Brice,60363,QB,APP STATE,1,50.0,26,31,13.4,3.13,0,0,0.0,38.7,12,0,19,7.7,42,1,12,108,69.3,63.7,55.4,75.3,1,0,45,1,15.8,61.1,7.1,3,8,0,4,1,1,2.2,119,3.8
17,Levi Lewis,60428,QB,LA LAFAYET,1,63.0,27,30,14.5,2.74,1,5,15.6,50.0,15,0,17,11.8,34,2,10,207,71.3,77.9,77.4,67.1,0,0,36,1,23.5,84.0,11.8,4,0,0,2,1,1,2.8,210,7.0
17,Blake Shapen,122282,QB,BAYLOR,1,88.5,26,29,7.5,2.45,0,2,6.7,79.3,23,0,8,0.0,35,0,10,118,27.9,78.3,75.5,69.4,0,0,36,1,50.0,127.0,11.4,4,2,0,3,3,1,2.8,180,6.2
17,Frank Harris,60586,QB,UTSA,1,84.6,26,29,8.1,2.89,1,1,3.1,69.0,20,0,6,9.1,32,2,13,331,72.5,77.0,67.5,71.1,0,0,35,0,0.0,113.6,0.0,0,3,0,2,2,0,0.0,216,7.4
17,Clayton Tune,77652,QB,HOUSTON,1,65.4,26,26,9.8,3.69,0,0,0.0,65.4,17,0,21,0.0,41,0,16,182,73.1,69.7,68.1,63.9,0,1,41,0,38.1,105.9,19.5,8,7,0,0,2,1,2.4,248,9.5
17,Cade McNamara,101620,QB,MICHIGAN,1,86.4,22,24,7.8,2.52,0,2,8.3,66.7,16,0,7,15.8,25,3,9,222,68.3,77.7,76.7,63.7,0,1,25,0,14.3,83.5,4.0,1,0,0,2,1,1,4.0,169,7.0
17,Anthony Brown,40316,QB,OREGON,1,63.6,22,24,9.0,2.72,1,2,7.7,54.2,13,0,12,7.1,29,1,5,264,34.8,35.5,39.9,48.6,0,2,31,1,33.3,38.0,13.8,4,1,0,1,0,2,6.5,147,6.1
17,Cameron Rising,77663,QB,UTAH,1,70.8,24,24,11.8,2.27,0,3,11.5,62.5,15,0,8,11.8,26,2,7,328,33.4,78.5,77.8,65.0,0,2,29,0,12.5,62.8,3.8,1,1,0,0,1,1,3.4,170,7.1
17,Jordon Brookshire,98678,QB,S DIEGO ST,1,68.4,19,23,10.9,3.13,2,1,3.8,47.8,11,0,14,15.4,30,2,7,284,70.4,61.2,61.4,58.7,2,0,33,0,35.7,63.1,16.7,5,2,0,0,0,0,0.0,117,5.1
17,Spencer Petras,82136,QB,IOWA,1,50.0,20,22,11.5,2.57,0,0,0.0,40.9,9,0,8,10.0,23,1,7,192,67.8,50.9,48.2,64.2,2,0,26,0,12.5,62.1,4.3,1,0,0,0,0,0,0.0,137,6.2
17,Dustin Crum,60418,QB,KENT STATE,1,55.0,20,21,17.0,3.46,0,0,0.0,52.4,11,0,9,0.0,30,0,8,201,71.2,52.7,44.0,67.0,0,2,32,0,44.4,47.4,13.3,4,5,0,1,1,2,6.3,128,6.1
17,Desmond Ridder,55086,QB,CINCINNATI,1,68.8,16,17,12.6,2.34,0,2,11.1,64.7,11,0,4,0.0,18,0,9,138,70.7,71.9,73.9,59.1,1,0,19,0,25.0,142.2,5.6,1,0,0,0,3,0,0.0,190,11.2
17,Rocky Lombardi,60452,QB,N ILLINOIS,1,69.2,13,15,12.9,2.39,1,1,5.6,46.7,7,0,3,22.2,15,2,7,254,71.7,58.3,48.3,67.3,0,1,19,0,0.0,41.5,0.0,0,0,0,1,0,2,10.5,102,6.8
17,Alex Padilla,86285,QB,IOWA,1,78.6,14,15,1.9,2.61,0,0,0.0,66.7,10,0,6,9.1,15,1,3,192,66.4,60.3,59.5,,1,1,15,0,0.0,42.4,0.0,0,0,0,0,0,0,0.0,38,2.5
17,Jalen Mayden,83520,QB,S DIEGO ST,1,83.3,6,6,4.2,1.81,0,0,0.0,83.3,5,0,1,0.0,7,0,4,284,19.4,64.4,62.5,61.8,0,0,7,0,100.0,141.0,14.3,1,0,0,0,1,0,0.0,50,8.3
17,Collin Schlee,98025,QB,KENT STATE,1,100.0,5,5,12.2,4.6,0,0,0.0,100.0,5,0,2,0.0,6,0,5,201,67.0,93.8,91.9,74.2,0,0,6,0,0.0,158.3,0.0,0,1,0,0,1,0,0.0,68,13.6
17,J.J. McCarthy,144918,QB,MICHIGAN,1,33.3,3,3,24.7,3.1,0,0,0.0,33.3,1,0,1,0.0,3,0,0,222,68.8,58.8,45.7,67.5,0,1,4,0,0.0,2.8,0.0,0,0,0,0,0,0,0.0,6,2.0
17,Chandler Fields,97286,QB,LA LAFAYET,1,50.0,2,2,9.0,2.25,0,0,0.0,0.0,0,0,1,100.0,2,1,0,207,61.8,60.4,60.2,,0,0,2,0,0.0,39.6,0.0,0,0,0,0,0,0,0.0,0,0.0
17,Tyquan Thornton,78092,WR,BAYLOR,1,,0,1,,4.2,0,0,0.0,0.0,0,0,1,,1,0,0,118,66.4,73.1,60.0,,0,0,1,1,0.0,39.6,0.0,0,0,0,1,0,0,0.0,0,0.0
17,Joshua Cephus,98095,WR,UTSA,1,100.0,1,1,-3.0,2.5,0,0,0.0,100.0,1,0,1,0.0,1,0,1,331,64.6,62.0,61.0,,0,0,1,1,0.0,108.3,0.0,0,0,0,0,0,0,0.0,10,10.0
17,Brennan Presley,122982,WR,OKLA STATE,1,100.0,1,1,-5.0,3.4,0,0,0.0,100.0,1,0,0,0.0,1,0,1,262,70.9,60.6,61.0,57.7,0,0,1,0,,91.7,0.0,0,0,0,0,0,0,0.0,6,6.0
17,Gavin Williams,129488,HB,IOWA,1,0.0,1,1,22.0,3.1,0,0,0.0,0.0,0,0,0,,1,0,0,192,73.9,57.1,50.4,59.4,0,0,1,0,,39.6,0.0,0,0,0,0,0,0,0.0,0,0.0
17,Donovan Edwards,144917,HB,MICHIGAN,1,100.0,1,1,40.0,3.7,0,1,100.0,100.0,1,0,0,0.0,1,0,1,222,68.6,74.2,87.3,59.3,0,0,1,0,,158.3,0.0,0,0,0,0,1,0,0.0,75,75.0
17,Jared Wayne,99691,WR,PITTSBURGH,1,100.0,1,1,17.0,3.4,0,0,0.0,100.0,1,0,0,0.0,1,0,1,268,64.6,68.7,73.1,,0,0,1,0,,118.8,0.0,0,0,0,0,0,0,0.0,20,20.0
17,Brenden Brady,83795,HB,UTSA,1,100.0,1,1,24.0,3.3,0,0,0.0,100.0,1,0,0,0.0,1,0,1,331,70.4,71.0,58.9,67.1,0,0,1,0,,118.8,0.0,0,0,0,0,0,0,0.0,24,24.0
17,Jawon Pass,40916,QB,PRVIEW A&M,1,38.9,18,19,11.3,2.62,0,1,5.3,31.6,6,1,13,14.3,30,1,4,270,28.8,44.6,36.9,63.1,1,3,30,1,30.8,6.1,13.3,4,7,0,0,0,4,13.3,79,4.2
17,Shedeur Sanders,131396,QB,JACKSON ST,1,71.4,14,17,10.1,2.93,1,0,0.0,52.9,9,0,11,10.0,25,1,5,194,27.0,51.4,58.0,46.8,1,1,26,0,27.3,61.6,12.0,3,5,0,1,1,1,3.8,83,4.9
17,Trazon Connley,75885,QB,PRVIEW A&M,1,42.9,7,7,9.0,2.91,0,0,0.0,42.9,3,0,4,0.0,13,0,3,270,24.0,59.7,38.2,72.6,0,0,13,0,50.0,50.3,15.4,2,4,0,0,0,1,7.7,15,2.1
17,Ty Holden,104974,WR,PRVIEW A&M,1,100.0,1,1,21.0,2.7,0,0,0.0,100.0,1,0,1,0.0,1,0,1,270,63.7,60.5,78.3,,0,0,1,0,0.0,158.3,0.0,0,0,0,0,1,0,0.0,35,35.0
week,player,player_id,position,team_name,player_game_count,accuracy_percent,aimed_passes,attempts,avg_depth_of_target,avg_time_to_throw,bats,big_time_throws,btt_rate,completion_percent,completions,declined_penalties,def_gen_pressures,drop_rate,dropbacks,drops,first_downs,franchise_id,grades_hands_fumble,grades_offense,grades_pass,grades_run,hit_as_threw,interceptions,passing_snaps,penalties,pressure_to_sack_rate,qb_rating,sack_percent,sacks,scrambles,spikes,thrown_aways,touchdowns,turnover_worthy_plays,twp_rate,yards,ypa
18,Jack Coan,60613,QB,NOTRE DAME,1,70.5,61,68,10.4,2.48,0,4,5.7,55.9,38,0,21,11.6,72,5,25,258,70.9,70.6,71.1,54.4,2,1,74,0,9.5,98.2,2.8,2,2,0,5,5,2,2.7,509,7.5
18,Will Rogers,124184,QB,MISS STATE,1,68.0,50,52,7.8,2.65,0,0,0.0,59.6,31,0,15,8.8,58,3,17,227,70.2,62.9,64.1,52.8,1,1,59,0,26.7,73.0,6.9,4,2,0,1,1,1,1.7,285,5.5
18,Spencer Sanders,77660,QB,OKLA STATE,1,74.0,50,51,8.9,2.37,0,3,5.7,66.7,34,0,22,8.1,58,3,26,262,50.6,80.0,82.2,61.4,0,0,60,0,4.5,114.1,1.7,1,5,0,1,4,0,0.0,371,7.3
18,Payton Thorne,101629,QB,MICH STATE,1,67.3,49,50,11.2,2.49,0,3,5.7,58.0,29,0,14,12.1,56,4,19,223,45.9,67.6,71.7,49.1,0,1,59,0,28.6,91.6,7.1,4,2,0,1,3,2,3.4,354,7.1
18,C.J. Stroud,129759,QB,OHIO STATE,1,86.0,43,47,9.1,2.64,1,5,10.4,78.7,37,0,4,0.0,48,0,22,260,69.6,90.0,88.0,64.2,0,1,49,0,0.0,147.2,0.0,0,1,1,2,6,2,4.1,562,12.0
18,Bailey Zappe,60396,QB,W KENTUCKY,1,76.7,43,47,7.4,2.48,1,5,10.2,70.2,33,0,10,0.0,49,0,18,346,70.5,83.1,81.3,64.7,0,0,52,0,10.0,137.6,2.0,1,1,0,3,6,0,0.0,422,9.0
18,Drew Plitt,39879,QB,BALL ST,1,69.8,43,46,8.1,2.47,0,1,2.0,58.7,27,0,17,10.0,51,3,14,117,41.8,61.6,63.9,52.8,0,1,54,0,17.6,75.7,5.9,3,2,0,3,1,1,1.9,293,6.4
18,Aidan O'Connell,60516,QB,PURDUE,1,60.0,45,46,10.9,2.61,0,6,11.1,56.5,26,0,17,3.7,49,1,16,273,70.1,65.9,66.1,57.3,0,3,57,0,11.8,106.6,4.1,2,1,0,1,5,4,7.0,534,11.6
18,Hendon Hooker,60593,QB,TENNESSEE,1,70.7,41,42,14.0,3.09,0,1,2.2,61.9,26,0,22,10.3,58,3,19,307,45.0,69.3,71.3,58.7,1,0,63,0,13.6,130.8,5.2,3,13,0,0,5,0,0.0,378,9.0
18,Jake Haener,60596,QB,FRESNO ST,1,79.5,39,41,8.6,2.81,0,0,0.0,63.4,26,0,12,16.1,43,5,15,169,70.1,65.8,66.6,55.9,0,0,44,0,8.3,92.1,2.3,1,1,0,2,1,0,0.0,286,7.0
18,Clayton Tune,77652,QB,HOUSTON,1,76.3,38,40,8.4,3.08,0,0,0.0,65.0,26,0,24,10.3,46,3,14,182,71.3,76.1,75.0,64.9,0,1,46,0,4.2,91.7,2.2,1,5,0,2,2,1,2.2,280,7.0
18,Anthony Brown,40316,QB,OREGON,1,73.7,38,40,9.2,2.95,0,3,7.3,67.5,27,0,13,3.6,46,1,15,264,70.7,77.7,76.7,64.3,0,1,47,0,23.1,104.8,6.5,3,3,0,2,3,0,0.0,306,7.7
18,Brock Purdy,77672,QB,IOWA STATE,1,72.7,33,39,5.6,2.95,1,1,2.6,59.0,23,0,15,4.2,44,1,12,193,33.7,63.2,65.5,53.8,0,1,44,0,6.7,70.9,2.3,1,4,0,5,1,2,4.5,204,5.2
18,Sam Hartman,77618,QB,WAKE,1,71.4,35,39,9.5,2.95,1,4,9.3,59.0,23,0,17,8.0,45,2,17,339,69.6,91.0,90.6,67.3,2,0,50,0,17.6,109.3,6.7,3,3,0,1,3,0,0.0,304,7.8
18,Dequan Finn,97804,QB,TOLEDO,1,54.1,37,39,11.8,2.8,0,0,0.0,46.2,18,0,15,10.0,47,2,9,316,42.0,43.5,42.6,58.6,0,1,48,2,6.7,69.6,2.1,1,6,0,2,2,3,6.3,212,5.4
18,T.J. Finley,124093,QB,AUBURN,1,62.9,35,37,9.2,2.21,0,4,10.8,51.4,19,0,10,13.6,38,3,9,115,32.5,59.4,64.5,45.6,1,0,38,0,10.0,79.4,2.6,1,0,0,1,1,0,0.0,227,6.1
18,Emory Jones,82111,QB,FLORIDA,1,58.6,29,36,13.8,3.05,1,3,7.9,38.9,14,0,13,17.6,42,3,10,163,70.9,73.1,67.5,73.4,2,0,44,0,15.4,54.3,4.8,2,4,0,4,0,0,0.0,171,4.8
18,Ben Bryant,77655,QB,E MICHIGAN,1,72.7,33,36,8.4,2.56,0,0,0.0,63.9,23,0,12,4.2,39,1,9,160,69.9,69.6,69.2,62.0,0,1,40,0,16.7,66.9,5.1,2,1,0,3,0,0,0.0,200,5.6
18,Frank Harris,60586,QB,UTSA,1,65.7,35,36,13.3,2.26,0,4,10.0,61.1,22,0,8,4.3,39,1,10,331,69.7,75.7,72.7,70.0,0,1,43,0,25.0,91.3,5.1,2,1,0,1,2,2,4.7,271,7.5
18,Lucas Johnson,40551,QB,S DIEGO ST,1,73.5,34,35,11.4,2.94,1,2,5.3,68.6,24,0,9,4.0,37,1,18,284,71.1,79.2,79.3,66.1,0,0,40,1,11.1,127.0,2.7,1,1,0,0,3,2,5.0,329,9.4
18,Nicholas Vattiato,145302,QB,MIDDLE TN,1,73.5,34,35,8.2,2.4,0,3,7.9,65.7,23,0,7,8.0,41,2,16,224,37.6,61.3,59.3,63.0,0,0,45,0,28.6,108.3,4.9,2,4,0,1,2,3,6.7,272,7.8
18,Brady Cook,124199,QB,MISSOURI,1,79.4,34,34,6.9,2.34,0,0,0.0,79.4,27,0,11,0.0,41,0,16,229,37.3,66.5,65.6,61.3,0,0,44,0,27.3,105.6,7.3,3,3,0,0,1,1,2.3,238,7.0
18,Davis Brin,77642,QB,TULSA,1,69.7,33,34,11.8,3.01,0,1,2.9,64.7,22,0,7,4.3,38,1,17,320,71.1,83.8,83.1,64.8,1,0,39,1,14.3,110.5,2.6,1,3,0,0,2,0,0.0,285,8.4
18,DJ Uiagalelei,122162,QB,CLEMSON,1,80.0,30,33,4.3,2.53,0,0,0.0,63.6,21,0,13,12.5,34,3,11,140,71.7,73.2,70.1,67.1,0,1,35,0,7.7,66.1,2.9,1,0,1,2,0,0,0.0,187,5.7
18,Sean Clifford,51708,QB,PENN STATE,1,50.0,28,33,13.7,3.2,0,2,6.1,42.4,14,0,17,0.0,39,0,12,266,71.5,48.3,43.6,61.2,1,2,40,1,0.0,46.9,0.0,0,6,0,4,1,2,5.0,195,5.9
18,Rocky Lombardi,60452,QB,N ILLINOIS,1,74.2,31,33,7.1,2.43,0,0,0.0,60.6,20,0,7,13.0,35,3,11,254,37.1,71.2,61.5,76.6,0,0,35,0,0.0,95.6,0.0,0,2,0,2,2,1,2.9,181,5.5
18,Daniel Richardson,97103,QB,C MICHIGAN,1,62.5,32,33,9.4,2.45,1,1,2.8,51.5,17,0,15,15.0,33,3,10,134,70.1,57.3,58.9,57.3,0,1,36,1,0.0,68.8,0.0,0,0,0,0,1,2,5.6,208,6.3
18,Austin Aune,83528,QB,N TEXAS,1,62.1,29,32,12.8,2.59,1,2,6.3,46.9,15,0,12,16.7,33,3,13,251,72.0,74.3,67.3,74.3,0,2,33,0,8.3,44.8,3.0,1,0,0,2,0,2,6.1,228,7.1
18,Brett Gabbert,97404,QB,MIAMI OH,1,76.7,30,31,8.8,2.66,1,1,3.0,71.0,22,0,11,4.3,39,1,14,221,30.4,61.6,61.4,62.3,0,0,42,1,36.4,113.6,10.3,4,4,0,0,2,1,2.4,230,7.4
18,Levi Lewis,60428,QB,LA LAFAYET,1,70.0,30,31,10.0,2.61,0,2,6.3,61.3,19,0,10,9.5,35,2,12,207,72.7,82.6,81.7,66.8,0,0,36,0,20.0,100.2,5.7,2,2,0,1,1,0,0.0,270,8.7
18,Jarret Doege,60353,QB,W VIRGINIA,1,67.9,28,31,9.8,3.24,0,0,0.0,58.1,18,0,17,5.3,38,1,8,343,69.5,55.4,53.4,62.3,2,1,41,0,29.4,55.6,13.2,5,2,0,1,0,2,4.9,138,4.5
18,Chance Nolan,78493,QB,OREGON ST,1,85.2,27,30,8.3,3.04,1,2,6.7,70.0,21,0,10,8.7,38,2,12,265,68.9,76.3,75.4,63.5,0,1,38,0,40.0,82.2,10.5,4,4,0,2,0,1,2.6,257,8.6
18,Spencer Petras,82136,QB,IOWA,1,66.7,30,30,8.9,2.73,0,1,3.2,63.3,19,0,7,5.0,30,1,12,192,68.3,64.4,64.4,60.0,0,3,31,0,0.0,55.7,0.0,0,0,0,0,1,1,3.2,211,7.0
18,Grayson McCall,98002,QB,COAST CAR,1,86.2,29,30,7.2,2.86,0,0,0.0,73.3,22,0,8,12.0,37,3,15,141,35.1,73.8,84.4,51.3,0,0,40,1,12.5,146.5,2.7,1,6,0,1,4,0,0.0,315,10.5
18,Luke Altmyer,146802,QB,OLE MISS,1,60.0,25,29,11.5,3.07,1,3,9.7,51.7,15,0,20,0.0,41,0,9,226,70.9,59.6,65.0,53.4,0,2,43,1,30.0,52.9,14.6,6,6,0,3,1,1,2.3,174,6.0
18,Hayden Wolff,98362,QB,DOMINION,1,73.1,26,28,8.3,2.6,0,1,3.6,67.9,19,0,3,0.0,29,0,6,263,68.7,72.5,71.7,60.0,1,1,29,1,33.3,69.9,3.4,1,0,0,1,0,1,3.4,176,6.3
18,Skylar Thompson,60417,QB,KANSAS ST,1,88.5,26,28,7.0,2.94,0,1,3.4,75.0,21,0,13,8.7,33,2,16,199,68.5,69.6,66.9,65.6,1,0,34,1,15.4,138.8,6.1,2,3,0,1,3,2,5.9,259,9.3
18,Donovan Smith,73929,QB,TEXAS TECH,1,57.7,26,28,16.7,2.62,0,3,10.3,53.6,15,0,14,0.0,31,0,11,315,70.3,81.4,75.6,75.2,1,0,32,0,7.1,96.1,3.2,1,0,0,1,1,0,0.0,252,9.0
18,Will Levis,83542,QB,KENTUCKY,1,66.7,27,28,9.3,2.81,0,1,3.4,60.7,17,0,15,5.6,38,1,11,202,72.1,66.8,65.0,63.0,0,1,39,0,40.0,84.4,15.8,6,4,0,1,1,1,2.6,233,8.3
18,Caleb Williams,144622,QB,OKLAHOMA,1,84.6,26,27,7.2,2.73,0,1,3.4,77.8,21,0,12,4.5,29,1,13,261,34.8,84.6,88.1,60.3,0,0,31,0,0.0,141.0,0.0,0,2,0,1,3,0,0.0,242,9.0
18,Dustin Crum,60418,QB,KENT STATE,1,69.2,26,27,14.3,3.17,0,4,12.5,63.0,17,0,14,5.6,37,1,12,201,70.8,87.8,86.1,71.5,0,0,42,0,28.6,142.9,10.8,4,6,0,1,4,0,0.0,316,11.7
18,Grant Wells,97784,QB,MARSHALL,1,64.0,25,26,7.0,2.49,1,1,3.7,57.7,15,0,7,6.3,29,1,5,214,28.3,37.2,39.7,53.2,0,1,30,1,28.6,50.0,6.9,2,1,0,0,0,1,3.3,99,3.8
18,Gavin Hardison,100827,QB,UTEP,1,54.5,22,25,15.4,2.93,0,1,3.3,48.0,12,0,11,0.0,28,0,10,330,20.0,49.6,53.5,51.4,0,1,33,1,18.2,80.8,7.1,2,1,0,3,1,2,6.1,252,10.1
18,Chase Brice,60363,QB,APP STATE,1,68.2,22,24,14.4,2.64,0,2,8.3,62.5,15,0,7,0.0,28,0,9,108,28.0,66.5,63.0,68.1,1,1,28,1,42.9,128.5,10.7,3,1,0,1,4,3,10.7,317,13.2
18,Taulia Tagovailoa,97271,QB,MARYLAND,1,87.5,24,24,8.3,2.91,0,2,8.3,83.3,20,0,4,4.8,27,1,12,215,68.5,91.8,91.0,71.1,0,0,27,0,0.0,140.5,0.0,0,3,0,0,2,0,0.0,265,11.0
18,Dylan Hopkins,83571,QB,UAB,1,90.9,22,23,8.0,2.46,1,2,8.7,82.6,19,0,6,5.0,27,1,11,321,69.6,86.3,87.5,60.4,0,1,27,0,50.0,122.4,11.1,3,1,0,0,3,1,3.7,189,8.2
18,Nate Cox,60432,QB,NEVADA,1,70.0,20,23,10.4,3.13,0,0,0.0,52.2,12,0,16,14.3,28,2,6,239,72.0,61.4,57.4,65.0,2,1,32,0,31.3,63.9,17.9,5,0,0,1,1,1,3.1,121,5.3
18,Victor Gabalis,131932,QB,WASH STATE,1,65.0,20,23,9.8,2.35,2,2,8.0,52.2,12,0,9,7.7,26,1,5,341,68.5,59.6,62.4,52.4,0,0,28,0,22.2,107.2,7.7,2,1,0,1,2,0,0.0,180,7.8
18,Jayden Daniels,97993,QB,ARIZONA ST,1,68.4,19,22,15.4,3.78,0,1,4.5,50.0,11,0,20,15.4,34,2,11,110,71.3,73.2,56.2,79.7,1,1,35,1,20.0,54.9,11.8,4,8,0,2,0,1,2.9,159,7.2
18,Malik Cunningham,60436,QB,LOUISVILLE,1,65.0,20,22,12.3,3.09,0,2,9.1,59.1,13,0,8,0.0,26,0,10,210,32.0,68.0,66.4,63.3,0,0,27,0,25.0,105.7,7.7,2,2,1,1,1,1,3.7,207,9.4
18,Mikey Keene,70961,QB,UCF,1,75.0,20,22,5.9,2.37,0,1,4.2,63.6,14,0,5,6.7,24,1,8,323,70.0,65.2,65.7,59.3,0,0,26,0,20.0,97.5,4.2,1,0,0,2,1,0,0.0,144,6.5
18,Cameron Rising,77663,QB,UTAH,1,77.3,22,22,8.0,2.52,0,2,8.7,77.3,17,0,8,0.0,26,0,11,328,71.0,83.8,78.7,72.1,0,0,27,0,12.5,137.3,3.8,1,3,0,0,2,0,0.0,214,9.7
18,Cooper Legas,101286,QB,UTAH ST,1,66.7,18,20,14.6,3.06,1,1,4.2,55.0,11,0,16,8.3,27,1,9,329,69.9,63.2,60.0,57.2,1,1,31,0,25.0,96.0,14.8,4,3,0,0,2,1,3.2,171,8.6
18,Sam Howell,97599,QB,N CAROLINA,1,84.2,19,20,17.0,3.3,1,3,15.0,60.0,12,0,8,25.0,27,4,9,245,71.0,92.4,92.5,69.6,0,0,27,0,50.0,111.5,14.8,4,3,0,0,1,0,0.0,205,10.3
18,KJ Jefferson,99129,QB,ARKANSAS,1,78.9,19,19,3.2,3.22,0,0,0.0,73.7,14,0,6,6.7,26,1,4,111,73.3,63.3,45.5,72.9,0,1,27,0,66.7,61.7,15.4,4,3,0,0,0,2,7.4,92,4.8
18,Devin Grainger,78496,QB,GA STATE,1,84.2,19,19,11.2,2.74,0,2,10.0,78.9,15,0,6,6.3,22,1,10,175,72.2,93.6,91.9,81.1,0,0,23,0,16.7,150.8,4.5,1,1,0,0,3,0,0.0,203,10.7
18,Davis Beville,99588,QB,PITTSBURGH,1,88.2,17,18,4.2,3.27,0,0,0.0,77.8,14,0,15,6.7,24,1,6,268,68.2,69.6,63.8,70.7,0,1,24,0,33.3,96.5,20.8,5,1,0,1,1,1,4.2,149,8.3
18,Jayden de Laura,131928,QB,WASH STATE,1,50.0,16,17,11.2,2.69,0,2,11.8,41.2,7,0,8,12.5,20,1,1,341,67.1,63.9,66.3,,0,0,20,1,37.5,48.9,15.0,3,0,0,1,0,0,0.0,47,2.8
18,Gerry Bohanon,77636,QB,BAYLOR,1,61.5,13,17,11.5,3.32,1,0,0.0,41.2,7,0,5,12.5,19,1,3,118,70.3,49.0,43.8,60.4,1,1,21,0,0.0,44.0,0.0,0,2,0,2,1,2,9.5,40,2.4
18,Gavin Wimsatt,155757,QB,RUTGERS,1,53.3,15,16,9.0,3.62,0,0,0.0,43.8,7,0,5,12.5,20,1,2,278,67.1,38.2,34.3,61.3,0,1,20,0,20.0,25.0,5.0,1,3,0,1,0,1,5.0,30,1.9
18,Graham Mertz,97994,QB,WISCONSIN,1,80.0,15,15,9.9,3.02,0,2,12.5,73.3,11,0,8,8.3,19,1,9,349,68.5,73.7,78.2,53.6,0,1,20,0,25.0,95.7,10.5,2,2,0,0,1,1,5.0,137,9.1
18,Connor Blumrick,60558,QB,VA TECH,1,66.7,15,15,7.6,3.08,0,1,6.7,60.0,9,0,8,10.0,19,1,6,337,32.2,58.4,52.8,62.8,0,0,19,0,25.0,82.6,10.5,2,2,0,0,0,2,10.5,110,7.3
18,Kaleb Eleby,77686,QB,W MICHIGAN,1,61.5,13,14,18.5,3.18,1,2,14.3,57.1,8,0,4,0.0,17,0,7,347,68.2,85.7,80.2,75.3,0,1,17,0,25.0,107.7,5.9,1,2,0,0,2,1,5.9,162,11.6
18,Tanner Morgan,55239,QB,MINNESOTA,1,69.2,13,13,11.6,2.94,0,1,7.7,61.5,8,0,5,11.1,17,1,4,225,70.7,78.5,79.8,61.3,0,1,17,0,60.0,56.3,17.6,3,1,0,0,0,0,0.0,109,8.4
18,Noah Vedral,55406,QB,RUTGERS,1,66.7,12,13,7.0,2.99,1,1,7.7,61.5,8,0,8,0.0,16,0,5,278,71.1,66.0,62.2,66.7,0,1,16,0,37.5,49.2,18.8,3,0,0,0,0,1,6.3,87,6.7
18,Jacob Huesman,41939,QB,APP STATE,1,66.7,12,12,10.2,2.03,0,0,0.0,41.7,5,0,2,37.5,12,3,3,108,66.8,32.0,31.3,58.4,0,1,12,0,0.0,16.3,0.0,0,0,0,0,0,2,16.7,41,3.4
18,Jontre Kirklin,55630,WR,LSU,1,66.7,12,12,15.4,2.14,0,3,23.1,66.7,8,0,5,0.0,14,0,5,211,72.5,69.7,66.3,65.6,0,2,16,0,0.0,109.7,0.0,0,0,0,0,3,3,18.8,151,12.6
18,Levi Williams,98365,QB,WYOMING,1,90.9,11,11,9.4,3.38,0,0,0.0,81.8,9,0,6,10.0,18,1,6,351,35.4,80.9,55.0,81.9,0,0,20,0,50.0,145.1,16.7,3,4,0,0,1,1,5.0,127,11.5
18,Haaziq Daniels,125263,QB,AIR FORCE,1,100.0,9,10,14.1,2.92,0,1,10.0,90.0,9,0,5,0.0,12,0,9,101,74.8,90.7,92.9,66.1,0,0,12,0,40.0,158.3,16.7,2,0,0,1,2,0,0.0,252,25.2
18,Logan Bonner,39990,QB,UTAH ST,1,60.0,10,10,10.9,2.7,0,0,0.0,60.0,6,0,5,0.0,11,0,4,329,65.6,54.5,56.4,57.3,0,1,11,0,0.0,40.8,0.0,0,1,0,0,0,1,9.1,68,6.8
18,Dakereon Joyner,83554,WR,S CAROLINA,1,100.0,9,9,8.7,3.03,0,1,11.1,100.0,9,0,4,0.0,14,0,7,289,71.1,88.0,90.5,67.5,0,0,14,0,0.0,155.8,0.0,0,3,0,0,1,0,0.0,160,17.8
18,Preston Hutchinson,60370,QB,E MICHIGAN,1,75.0,8,8,10.6,2.85,0,0,0.0,62.5,5,0,2,16.7,12,1,3,160,67.0,69.5,69.6,61.6,0,0,13,0,50.0,82.3,8.3,1,3,0,0,0,0,0.0,54,6.8
18,Matt Corral,83517,QB,OLE MISS,1,40.0,5,6,10.8,2.86,1,0,0.0,33.3,2,0,6,0.0,10,0,1,226,68.4,50.0,36.2,67.9,0,1,10,1,50.0,2.8,30.0,3,1,0,0,0,1,10.0,10,1.7
18,Zeb Noland,40508,QB,S CAROLINA,1,50.0,6,6,9.2,2.43,0,0,0.0,50.0,3,0,1,0.0,7,0,3,289,64.6,56.9,61.0,,0,0,7,1,100.0,135.4,14.3,1,0,0,0,1,0,0.0,82,13.7
18,Mike DiLiello,121801,QB,MIDDLE TN,1,20.0,5,6,18.4,2.82,0,1,16.7,16.7,1,0,4,0.0,6,0,0,224,68.9,70.2,54.9,74.6,0,1,6,0,0.0,0.0,0.0,0,0,0,1,0,1,16.7,6,1.0
18,Nick Patti,77614,QB,PITTSBURGH,1,80.0,5,5,13.4,3.61,0,0,0.0,40.0,2,0,2,50.0,7,2,3,268,65.9,75.6,62.4,73.9,0,0,7,0,0.0,52.9,0.0,0,2,0,0,0,0,0.0,21,4.2
18,Jabari Laws,82085,QB,ARMY,1,50.0,4,4,9.8,2.18,0,0,0.0,50.0,2,0,0,0.0,4,0,2,114,67.9,70.5,70.4,61.8,0,0,5,0,,65.6,0.0,0,0,0,0,0,0,0.0,21,5.3
18,Tahj Bullock,144070,QB,VA TECH,1,75.0,4,4,9.5,2.28,0,0,0.0,50.0,2,0,2,33.3,5,1,2,337,69.7,71.7,62.4,68.7,0,0,5,0,50.0,71.9,20.0,1,0,0,0,0,0,0.0,27,6.8
18,Christian Anderson,60339,QB,ARMY,1,75.0,4,4,21.0,3.16,0,1,25.0,75.0,3,0,0,0.0,5,0,3,114,71.1,80.2,85.9,64.4,0,0,5,0,,116.7,0.0,0,1,0,0,0,0,0.0,60,15.0
18,Mikele Colasurdo,123851,QB,GA STATE,1,100.0,2,2,-1.5,1.9,0,0,0.0,100.0,2,0,1,0.0,2,0,0,175,61.8,63.3,62.6,,0,0,2,0,0.0,79.2,0.0,0,0,0,0,0,0,0.0,2,1.0
18,Parker Navarro,123758,QB,UCF,1,50.0,2,2,6.0,1.6,0,0,0.0,50.0,1,0,1,0.0,2,0,0,323,63.7,53.0,57.7,57.3,0,0,2,0,0.0,56.3,0.0,0,0,0,0,0,0,0.0,4,2.0
18,Johnny Langan,77617,TE,RUTGERS,1,100.0,2,2,5.0,2.35,0,0,0.0,100.0,2,0,1,0.0,2,0,2,278,71.9,68.9,61.7,62.8,0,0,2,0,0.0,110.4,0.0,0,0,0,0,0,0,0.0,21,10.5
18,Bryson Barnes,131845,QB,UTAH,1,100.0,2,2,14.5,1.9,0,1,25.0,100.0,2,0,0,0.0,2,0,1,328,65.2,78.3,75.8,62.3,0,0,4,0,,154.2,0.0,0,0,0,0,1,0,0.0,23,11.5
18,Christian Veilleux,145086,QB,PENN STATE,1,50.0,2,2,22.5,3.1,0,0,0.0,50.0,1,0,1,0.0,3,0,0,266,64.8,53.0,47.0,62.4,0,0,3,0,100.0,56.3,33.3,1,0,0,0,0,0,0.0,3,1.5
18,Tyhier Tyler,82083,QB,ARMY,1,100.0,1,1,14.0,3.3,0,0,0.0,100.0,1,0,1,0.0,1,0,1,114,67.5,63.3,75.4,53.9,0,0,1,0,0.0,158.3,0.0,0,0,0,0,1,0,0.0,14,14.0
18,Joshua Cephus,98095,WR,UTSA,1,,0,1,,7.4,0,0,0.0,0.0,0,0,1,,1,0,0,331,63.7,49.3,60.0,,0,0,1,0,0.0,39.6,0.0,0,0,0,1,0,0,0.0,0,0.0
18,Collin Schlee,98025,QB,KENT STATE,1,100.0,1,1,15.0,3.05,0,0,0.0,100.0,1,0,0,0.0,2,0,1,201,64.4,59.4,72.6,53.0,0,0,2,0,,118.8,0.0,0,1,0,0,0,0,0.0,21,21.0
18,Warren Thompson,77953,WR,ARKANSAS,1,0.0,1,1,18.0,3.2,0,0,0.0,0.0,0,0,0,,1,0,0,111,62.4,47.4,34.4,,0,1,1,0,,0.0,0.0,0,0,0,0,0,1,100.0,0,0.0
18,Jackson Anthrop,41338,WR,PURDUE,1,0.0,1,1,16.0,3.0,0,0,0.0,0.0,0,0,1,,1,0,0,273,73.1,62.9,47.3,58.6,0,0,1,0,0.0,39.6,0.0,0,0,0,0,0,0,0.0,0,0.0
18,Trent Whittemore,98811,WR,FLORIDA,1,0.0,1,1,18.0,3.2,0,0,0.0,0.0,0,0,0,,1,0,0,163,64.6,55.9,46.8,,0,0,1,0,,39.6,0.0,0,0,0,0,0,0,0.0,0,0.0
18,Reece Udinski,60592,QB,MARYLAND,1,100.0,1,1,3.0,2.6,0,0,0.0,100.0,1,0,0,0.0,1,0,1,215,60.3,62.6,60.6,,0,0,1,0,,108.3,0.0,0,0,0,0,0,0,0.0,10,10.0
18,Josh Adkins,60483,QB,UTSA,1,0.0,1,1,29.0,1.9,0,0,0.0,0.0,0,0,1,,1,0,0,331,60.3,37.0,37.9,,0,0,1,0,0.0,39.6,0.0,0,0,0,0,0,1,100.0,0,0.0
18,Evan Simon,129906,QB,RUTGERS,1,,0,1,,3.4,0,0,0.0,0.0,0,0,1,,1,0,0,278,60.3,59.7,60.0,,0,0,1,0,0.0,39.6,0.0,0,0,0,1,0,0,0.0,0,0.0
18,Seth Green,40668,TE,HOUSTON,1,0.0,1,1,0.0,3.3,0,0,0.0,0.0,0,0,1,,1,0,0,182,60.3,51.1,57.7,,0,1,1,0,0.0,0.0,0.0,0,0,0,0,0,0,0.0,0,0.0
18,Reynaldo Flores,83794,WR,UTEP,1,,0,1,,3.1,0,0,0.0,0.0,0,0,1,,1,0,0,330,62.4,63.4,60.0,,0,0,1,0,0.0,39.6,0.0,0,0,0,1,0,0,0.0,0,0.0
18,Chandler Fields,97286,QB,LA LAFAYET,1,100.0,1,1,-3.0,1.4,0,0,0.0,100.0,1,0,0,0.0,1,0,0,207,60.3,60.8,60.6,,0,0,1,0,,100.0,0.0,0,0,0,0,0,0,0.0,8,8.0
18,Drake Maye,143969,QB,N CAROLINA,1,0.0,1,1,-1.0,3.7,0,0,0.0,0.0,0,0,1,,3,0,0,245,62.7,43.1,57.7,53.6,0,0,3,0,0.0,39.6,0.0,0,2,0,0,0,0,0.0,0,0.0
18,Isaiah Washington,98102,WR,RUTGERS,1,100.0,1,1,-9.0,3.8,0,0,0.0,100.0,1,0,1,0.0,1,0,1,278,63.7,63.1,60.6,,0,0,1,0,0.0,118.8,0.0,0,0,0,0,0,0,0.0,27,27.0
18,Jordan Stout,57649,P,PENN STATE,1,0.0,1,1,35.0,4.5,0,0,0.0,0.0,0,0,1,,1,0,0,266,60.3,38.3,39.1,,0,0,1,0,0.0,39.6,0.0,0,0,0,0,0,1,100.0,0,0.0
18,Joey Gatewood,82088,QB,UCF,1,0.0,1,1,8.0,2.1,0,0,0.0,0.0,0,0,1,,1,0,0,323,63.7,26.3,26.6,59.5,0,0,1,0,0.0,39.6,0.0,0,0,0,0,0,1,100.0,0,0.0
18,Derek Wright,101347,WR,UTAH ST,1,100.0,1,1,-4.0,3.3,0,0,0.0,100.0,1,0,0,0.0,1,0,1,329,64.6,63.5,60.6,,0,0,1,0,,118.8,0.0,0,0,0,0,0,0,0.0,34,34.0
18,Ricky Pearsall,100660,WR,ARIZONA ST,1,,0,1,,4.3,0,0,0.0,0.0,0,0,1,,1,0,0,110,66.7,63.8,60.0,57.6,0,0,1,1,0.0,39.6,0.0,0,0,0,1,0,0,0.0,0,0.0
18,Calvin Brownholtz,83584,QB,UTEP,1,100.0,1,1,10.0,1.4,0,0,0.0,100.0,1,0,0,0.0,1,0,1,330,65.9,68.7,74.3,57.5,0,0,1,0,,158.3,0.0,0,0,0,0,1,0,0.0,51,51.0
18,Shedeur Sanders,131396,QB,JACKSON ST,1,66.7,30,36,10.6,3.66,2,1,2.5,44.4,16,0,15,20.0,48,4,10,194,41.0,59.7,64.3,51.7,0,2,52,0,20.0,45.5,6.3,3,9,0,4,1,2,3.8,175,4.9
18,Corey Fields Jr.,78539,QB,SCAR STATE,1,46.7,30,32,14.3,2.43,1,3,8.8,40.6,13,0,9,7.1,36,1,10,290,68.9,57.6,55.6,62.8,0,1,39,0,22.2,85.0,5.6,2,2,0,1,4,3,7.7,173,5.4
week,player,player_id,position,team_name,player_game_count,accuracy_percent,aimed_passes,attempts,avg_depth_of_target,avg_time_to_throw,bats,big_time_throws,btt_rate,completion_percent,completions,declined_penalties,def_gen_pressures,drop_rate,dropbacks,drops,first_downs,franchise_id,grades_hands_fumble,grades_offense,grades_pass,grades_run,hit_as_threw,interceptions,passing_snaps,penalties,pressure_to_sack_rate,qb_rating,sack_percent,sacks,scrambles,spikes,thrown_aways,touchdowns,turnover_worthy_plays,twp_rate,yards,ypa
19,Desmond Ridder,55086,QB,CINCINNATI,1,67.9,28,32,6.9,2.4,4,1,3.1,53.1,17,0,12,10.5,41,2,8,138,69.5,64.7,61.6,65.9,0,0,41,0,50.0,65.1,14.6,6,3,0,0,0,0,0.0,144,4.5
19,Stetson Bennett,60387,QB,GEORGIA,1,81.5,27,30,7.5,2.39,1,2,6.3,66.7,20,0,9,9.1,33,2,11,173,68.6,78.3,74.9,71.6,0,0,35,0,0.0,134.4,0.0,0,3,0,2,3,1,2.9,313,10.4
19,Bryce Young,123943,QB,ALABAMA,1,75.0,24,28,7.8,2.87,0,1,3.4,60.7,17,0,15,5.6,33,1,11,103,69.5,58.2,61.3,54.8,2,1,34,1,13.3,100.4,6.1,2,2,0,2,3,1,2.9,181,6.5
19,Cade McNamara,101620,QB,MICHIGAN,1,70.6,17,19,5.1,2.67,2,1,5.3,57.9,11,0,13,8.3,26,1,5,222,26.3,45.0,43.6,58.3,0,2,26,0,30.8,34.0,15.4,4,3,0,0,0,2,7.7,106,5.6
19,J.J. McCarthy,144918,QB,MICHIGAN,1,64.7,17,17,12.2,2.95,0,2,11.1,41.2,7,0,7,36.4,22,4,6,222,68.1,67.6,70.0,56.9,0,0,23,0,0.0,88.1,0.0,0,3,0,0,1,0,0.0,131,7.7
19,Kenny McIntosh,99158,HB,GEORGIA,1,100.0,1,1,25.0,2.9,0,0,0.0,100.0,1,0,0,0.0,1,0,1,173,68.2,90.1,76.2,62.3,0,0,1,0,,158.3,0.0,0,0,0,0,1,0,0.0,18,18.0
week,player,player_id,position,team_name,player_game_count,accuracy_percent,aimed_passes,attempts,avg_depth_of_target,avg_time_to_throw,bats,big_time_throws,btt_rate,completion_percent,completions,declined_penalties,def_gen_pressures,drop_rate,dropbacks,drops,first_downs,franchise_id,grades_hands_fumble,grades_offense,grades_pass,grades_run,hit_as_threw,interceptions,passing_snaps,penalties,pressure_to_sack_rate,qb_rating,sack_percent,sacks,scrambles,spikes,thrown_aways,touchdowns,turnover_worthy_plays,twp_rate,yards,ypa
20,Bryce Young,123943,QB,ALABAMA,1,71.7,53,58,8.2,2.29,1,4,6.8,60.3,35,0,27,7.9,61,3,16,103,70.4,74.6,73.6,,0,2,63,1,11.1,70.3,4.9,3,0,0,4,1,2,3.2,369,6.4
20,Stetson Bennett,60387,QB,GEORGIA,1,86.4,22,27,9.0,2.94,1,1,3.4,63.0,17,0,15,10.5,32,2,9,173,18.8,59.4,64.5,51.2,0,0,34,2,26.7,113.8,12.5,4,1,0,4,2,2,5.9,224,8.3
20,Tucker Rovig,60465,QB,MONTANA ST,1,59.3,27,28,14.3,2.1,1,6,21.4,46.4,13,0,9,18.8,29,3,8,233,71.5,90.0,88.1,69.6,0,1,29,0,0.0,61.0,0.0,0,1,0,0,1,3,10.3,156,5.6
20,Cam Miller,125299,QB,N DAK ST,1,69.2,13,13,12.5,2.89,0,1,7.7,69.2,9,0,8,0.0,17,0,6,250,71.2,76.3,77.5,64.1,0,0,17,0,0.0,125.8,0.0,0,4,0,0,1,0,0.0,126,9.7
20,Tommy Mellott,147646,QB,MONTANA ST,1,66.7,3,3,14.7,2.73,0,0,0.0,66.7,2,0,1,0.0,4,0,1,233,66.6,70.2,64.9,65.3,0,0,4,0,0.0,89.6,0.0,0,1,0,0,0,0,0.0,23,7.7
