week,player,player_id,position,team_name,player_game_count,accuracy_percent,aimed_passes,attempts,avg_depth_of_target,avg_time_to_throw,bats,big_time_throws,btt_rate,completion_percent,completions,declined_penalties,def_gen_pressures,drop_rate,dropbacks,drops,first_downs,franchise_id,grades_hands_fumble,grades_offense,grades_pass,grades_run,hit_as_threw,interceptions,passing_snaps,penalties,pressure_to_sack_rate,qb_rating,sack_percent,sacks,scrambles,spikes,thrown_aways,touchdowns,turnover_worthy_plays,twp_rate,yards,ypa
0,Hank Bachmeier,101284,QB,LA TECH,1,83.3,42,45,4.7,2.51,0,0,0.0,75.6,34,0,12,2.9,51,1,19,208,70.8,66.7,66.5,59.4,2,1,52,1,8.3,93.9,2.0,1,3,0,1,1,1,1.9,332,7.4
0,CJ Harris,130594,QB,OHIO,1,55.6,36,41,12.3,2.58,2,1,2.3,43.9,18,0,14,10.0,46,2,15,259,71.1,60.9,55.4,70.7,2,3,48,0,7.1,37.0,2.2,1,4,0,1,1,3,6.3,204,5.0
0,Chevan Cordeiro,75886,QB,S JOSE ST,1,70.6,34,39,7.4,2.67,1,2,4.8,53.8,21,0,13,12.5,46,3,14,285,40.5,62.7,64.4,56.5,1,0,49,0,7.7,93.8,2.2,1,6,1,2,3,2,4.1,198,5.1
0,Brayden Schager,146078,QB,HAWAII,1,81.8,33,35,10.9,2.92,1,2,5.4,77.1,27,0,16,0.0,40,0,14,180,69.6,74.9,77.1,53.5,0,2,42,0,18.8,112.8,7.5,3,2,0,1,3,1,2.4,350,10.0
0,AJ Swann,157186,QB,VANDERBILT,1,66.7,30,30,11.2,2.4,0,3,8.8,63.3,19,0,10,5.0,33,1,12,333,70.2,73.3,74.2,60.8,0,0,37,2,30.0,124.0,9.1,3,0,0,0,3,1,2.7,258,8.6
0,Gavin Hardison,100827,QB,UTEP,1,70.4,27,29,11.1,2.77,0,3,9.7,58.6,17,0,9,10.5,32,2,9,330,70.8,71.3,70.6,65.7,0,2,34,1,22.2,63.6,6.3,2,1,0,2,1,2,5.9,208,7.2
0,Jalen Mayden,83520,QB,S DIEGO ST,1,75.0,24,28,10.8,2.71,0,1,3.6,64.3,18,0,15,0.0,30,0,11,284,71.9,65.4,65.9,59.4,0,0,31,0,6.7,103.9,3.3,1,1,0,4,2,2,6.5,164,5.9
0,Diego Pavia,156927,QB,NEW MEX ST,1,70.8,24,27,12.3,3.58,0,3,10.7,59.3,16,0,12,5.9,36,1,12,242,22.9,47.3,51.4,50.3,1,2,37,0,25.0,95.9,8.3,3,6,0,2,3,4,10.8,248,9.2
0,Caleb Williams,144622,QB,USC,1,87.0,23,26,8.3,3.19,0,1,3.8,69.2,18,0,9,10.0,30,2,11,326,32.0,74.8,73.4,64.7,0,0,31,1,11.1,143.9,3.3,1,2,0,3,4,1,3.2,278,10.7
0,Sam Hartman,77618,QB,NOTRE DAME,1,90.9,22,24,8.6,2.46,1,2,8.0,79.2,19,0,5,5.0,24,1,13,258,67.7,89.7,89.3,,0,0,25,0,0.0,149.8,0.0,0,0,1,0,4,0,0.0,251,10.5
0,Zion Webb,63555,QB,JVILLE ST,1,55.0,20,20,10.7,2.01,0,0,0.0,50.0,10,0,1,9.1,21,1,4,196,72.9,59.8,53.4,66.1,0,0,23,0,100.0,57.7,4.8,1,0,0,0,0,0,0.0,67,3.4
0,Taisun Phommachanh,99577,QB,UMASS,1,66.7,15,17,8.9,2.99,1,1,5.9,58.8,10,0,6,0.0,21,0,8,216,73.3,66.7,66.3,62.2,1,0,21,0,0.0,98.2,0.0,0,4,0,0,0,1,4.8,192,11.3
0,Grayson James,145214,QB,FIU,1,61.5,13,14,9.5,2.46,0,0,0.0,35.7,5,0,7,37.5,17,3,0,166,70.7,60.1,54.2,65.1,0,1,19,0,28.6,14.6,11.8,2,1,0,1,0,0,0.0,4,0.3
0,Kurtis Rourke,97998,QB,OHIO,1,80.0,10,10,5.5,2.05,0,0,0.0,80.0,8,0,2,0.0,11,0,4,259,66.0,53.6,53.1,,0,0,13,0,50.0,97.9,9.1,1,0,0,0,0,0,0.0,75,7.5
0,Miller Moss,70727,QB,USC,1,71.4,7,7,7.4,2.2,0,1,14.3,71.4,5,0,1,0.0,7,0,4,326,65.9,83.0,79.3,62.9,0,0,7,0,0.0,99.1,0.0,0,0,0,0,0,0,0.0,63,9.0
0,Tai Lavatai,121854,QB,NAVY,1,50.0,6,6,18.2,2.53,0,1,16.7,50.0,3,0,5,0.0,7,0,1,237,28.1,67.5,69.6,60.6,0,0,7,0,20.0,73.6,14.3,1,0,0,0,0,0,0.0,43,7.2
0,Malachi Nelson,174203,QB,USC,1,66.7,3,3,5.3,1.9,0,0,0.0,33.3,1,0,0,50.0,3,1,0,326,62.7,60.5,60.3,,0,0,3,0,,42.4,0.0,0,0,0,0,0,0,0.0,0,0.0
0,Steve Angeli,156966,QB,NOTRE DAME,1,100.0,1,1,-2.0,2.3,0,0,0.0,100.0,1,0,0,0.0,1,0,0,258,60.3,61.8,60.4,,0,0,1,0,,79.2,0.0,0,0,0,0,0,0,0.0,2,2.0
0,Xavier Arline,121831,QB,NAVY,1,,0,1,,2.85,0,0,0.0,0.0,0,0,2,,2,0,0,237,61.8,55.3,55.4,,0,0,2,0,50.0,39.6,50.0,1,0,0,1,0,0,0.0,0,0.0
0,Reese Poffenbarger,145346,QB,ALBANY,1,61.5,39,40,10.9,2.8,1,1,2.5,57.5,23,0,7,4.2,46,1,16,106,70.6,74.0,73.7,62.1,0,0,46,0,14.3,109.7,2.2,1,5,0,0,4,2,4.3,253,6.3
0,Jason Brown,109060,QB,JACKSON ST,1,81.8,33,33,8.6,2.13,0,1,2.6,78.8,26,0,13,3.7,36,1,13,194,69.5,70.5,71.2,60.0,0,0,41,1,23.1,142.6,8.3,3,0,0,0,3,0,0.0,361,10.9
0,CJ Montes,146114,QB,FORDHAM,1,64.3,28,31,13.4,2.75,1,0,0.0,58.1,18,0,16,0.0,43,0,10,168,70.1,45.2,50.2,44.9,0,0,45,0,50.0,87.8,18.6,8,4,0,2,1,0,0.0,198,6.4
0,Corey Fields Jr.,78539,QB,SCAR STATE,1,38.9,18,20,9.7,2.49,0,0,0.0,35.0,7,0,10,0.0,21,0,5,290,70.4,30.9,26.1,76.0,2,1,23,0,10.0,39.6,4.8,1,0,0,0,1,4,17.4,59,3.0
0,Noah Walters,164315,QB,N ALABAMA,1,64.7,17,18,8.1,2.48,0,0,0.0,61.1,11,0,6,0.0,20,0,2,389,69.3,49.8,52.2,52.9,0,0,22,0,0.0,69.9,0.0,0,2,0,1,0,1,4.5,73,4.1
0,Carter Peevy,129563,QB,MERCER,1,81.3,16,17,6.3,3.37,0,3,16.7,70.6,12,0,8,7.7,23,1,9,219,71.8,90.4,90.6,70.0,0,0,24,0,12.5,108.7,4.3,1,5,0,1,1,0,0.0,115,6.8
0,T.J. Smith,156533,QB,N ALABAMA,1,25.0,4,6,11.3,3.87,1,0,0.0,16.7,1,0,6,0.0,10,0,2,389,68.5,60.1,51.4,66.3,0,0,11,0,33.3,40.3,20.0,2,2,0,1,0,0,0.0,19,3.2
0,Andre Washington,165436,QB,SCAR STATE,1,33.3,3,3,12.0,2.83,0,0,0.0,33.3,1,0,1,0.0,3,0,0,290,68.8,51.3,48.3,58.7,0,0,3,0,0.0,42.4,0.0,0,0,0,0,0,0,0.0,4,1.3
week,player,player_id,position,team_name,player_game_count,accuracy_percent,aimed_passes,attempts,avg_depth_of_target,avg_time_to_throw,bats,big_time_throws,btt_rate,completion_percent,completions,declined_penalties,def_gen_pressures,drop_rate,dropbacks,drops,first_downs,franchise_id,grades_hands_fumble,grades_offense,grades_pass,grades_run,hit_as_threw,interceptions,passing_snaps,penalties,pressure_to_sack_rate,qb_rating,sack_percent,sacks,scrambles,spikes,thrown_aways,touchdowns,turnover_worthy_plays,twp_rate,yards,ypa
1,Brayden Schager,146078,QB,HAWAII,1,75.0,48,53,12.2,3.27,1,3,5.5,56.6,30,0,27,16.7,63,6,19,180,70.5,72.0,72.5,58.3,1,0,66,0,22.2,96.0,9.5,6,4,0,3,3,0,0.0,355,6.7
1,E.J. Warner,156185,QB,TEMPLE,1,62.0,50,50,7.5,2.23,0,1,1.8,58.0,29,0,17,6.5,51,2,15,306,71.1,60.8,62.1,57.4,0,0,58,1,0.0,88.7,0.0,0,1,0,0,2,1,1.7,299,6.0
1,Austin Reed,111760,QB,W KENTUCKY,1,70.2,47,50,8.6,2.52,1,1,1.9,58.0,29,0,13,12.1,52,4,15,346,70.3,66.7,62.4,72.9,1,0,55,0,0.0,91.7,0.0,0,2,0,1,2,0,0.0,335,6.7
1,Cam Ward,133244,QB,WASH STATE,1,80.4,46,49,6.6,2.24,0,2,4.0,75.5,37,0,15,0.0,54,0,22,341,19.9,78.6,77.1,66.0,2,0,55,0,20.0,123.8,5.6,3,2,0,1,3,2,3.6,451,9.2
1,Cooper Legas,101286,QB,UTAH ST,1,79.5,44,48,4.8,2.43,2,1,2.0,66.7,32,0,14,8.6,49,3,12,329,71.8,68.7,64.3,70.8,1,1,51,0,7.1,74.4,2.0,1,0,0,1,1,2,3.9,213,4.4
1,Shedeur Sanders,131396,QB,COLORADO,1,83.0,47,47,10.5,2.74,0,3,5.9,80.9,38,0,18,2.6,52,1,21,143,70.7,86.3,86.4,57.5,0,0,56,0,27.8,140.2,9.6,5,0,0,0,4,1,1.8,510,10.9
1,Tyler Shough,83537,QB,TEXAS TECH,1,75.0,44,47,9.0,2.58,2,4,8.3,66.0,31,0,14,6.1,55,2,21,315,72.3,69.5,64.2,70.6,1,1,56,0,21.4,99.4,5.5,3,5,0,0,3,3,5.4,338,7.2
1,Graham Mertz,97994,QB,FLORIDA,1,85.0,40,44,6.5,2.36,2,1,2.1,70.5,31,0,13,8.8,51,3,15,163,41.3,61.8,71.4,36.6,1,1,55,1,38.5,90.4,9.8,5,2,0,1,1,1,1.8,333,7.6
1,Mikey Keene,70961,QB,FRESNO ST,1,75.6,41,44,10.2,2.62,0,2,4.3,70.5,31,0,14,0.0,46,0,19,169,70.7,84.8,83.8,61.4,1,1,48,0,14.3,116.3,4.3,2,0,0,2,4,1,2.1,366,8.3
1,Athan Kaliakmanis,144971,QB,MINNESOTA,1,70.0,40,44,9.8,2.96,1,0,0.0,54.5,24,0,15,14.3,48,4,14,225,70.7,62.5,58.5,70.3,0,1,48,0,20.0,64.2,6.3,3,1,0,3,1,2,4.2,196,4.5
1,Cade Klubnik,156253,QB,CLEMSON,1,80.0,40,43,5.6,2.54,1,0,0.0,62.8,27,0,20,15.6,47,5,16,140,26.3,60.5,62.9,54.2,1,1,49,0,10.0,72.7,4.3,2,2,0,1,1,2,4.1,209,4.9
1,Grayson McCall,98002,QB,COAST CAR,1,70.7,41,42,9.7,2.19,0,3,6.7,64.3,27,0,23,6.9,47,2,16,141,42.9,69.6,66.6,67.2,1,2,50,0,17.4,70.6,8.5,4,1,0,0,1,2,4.0,271,6.5
1,Chandler Morris,122938,QB,TCU,1,60.0,40,42,9.7,2.65,0,2,4.7,57.1,24,0,15,0.0,46,0,15,305,70.3,55.6,53.3,62.4,0,2,47,0,0.0,73.4,0.0,0,3,0,2,2,3,6.4,279,6.6
1,Cole Snyder,97617,QB,BUFFALO,1,80.0,35,41,3.7,2.28,1,2,4.9,63.4,26,0,15,7.1,42,2,10,126,70.4,74.5,77.8,57.4,0,0,42,1,0.0,90.9,0.0,0,1,0,5,2,1,2.4,194,4.7
1,Jacob Zeno,98014,QB,UAB,1,92.7,41,41,3.5,2.14,0,1,2.4,92.7,38,0,6,0.0,44,0,18,321,70.1,80.3,76.2,71.4,0,0,44,0,0.0,120.6,0.0,0,3,0,0,3,1,2.3,291,7.1
1,Taylen Green,145996,QB,BOISE ST,1,62.2,37,40,8.4,2.61,0,1,2.3,47.5,19,0,13,17.4,44,4,11,120,69.9,52.6,50.1,63.7,0,2,47,1,7.7,54.5,2.3,1,3,1,2,1,3,6.4,243,6.1
1,Spencer Rattler,97408,QB,S CAROLINA,1,87.2,39,40,7.4,2.62,0,0,0.0,75.0,30,0,21,11.8,55,4,17,289,70.1,71.1,67.3,70.6,0,0,58,1,38.1,101.4,14.5,8,4,0,1,0,0,0.0,353,8.8
1,Michael Penix Jr.,82134,QB,WASHINGTON,1,80.6,36,40,12.5,2.77,0,4,9.8,72.5,29,0,7,0.0,42,0,18,340,33.1,88.3,88.9,57.3,0,0,43,0,14.3,148.9,2.4,1,1,0,4,5,1,2.3,449,11.2
1,Dequan Finn,97804,QB,TOLEDO,1,58.3,36,38,11.9,3.06,0,0,0.0,52.6,20,0,8,4.8,40,1,12,316,49.6,45.4,38.6,65.0,0,1,46,3,0.0,78.1,0.0,0,2,1,1,2,3,6.5,233,6.1
1,Preston Stone,124716,QB,SMU,1,63.9,36,38,12.0,2.53,0,4,9.8,60.5,23,0,10,0.0,41,0,12,287,69.3,77.7,75.7,65.7,0,0,44,0,0.0,106.1,0.0,0,3,1,1,3,1,2.3,249,6.6
1,Jayden Daniels,97993,QB,LSU,1,70.6,34,37,7.8,2.88,1,2,5.3,59.5,22,0,15,8.3,47,2,14,211,71.4,70.6,70.7,61.7,1,1,48,0,26.7,88.3,8.5,4,6,0,1,1,0,0.0,346,9.4
1,Frank Harris,60586,QB,UTSA,1,57.6,33,36,12.2,2.75,1,1,2.6,50.0,18,0,9,5.3,40,1,14,331,71.2,63.6,56.6,73.0,0,3,43,0,11.1,42.5,2.5,1,3,0,2,1,3,7.0,209,5.8
1,Seth Henigan,144267,QB,MEMPHIS,1,82.4,34,36,3.6,2.14,1,0,0.0,75.0,27,0,6,3.6,38,1,15,218,69.4,77.9,80.3,53.1,0,2,39,0,16.7,98.6,2.6,1,1,0,1,2,0,0.0,334,9.3
1,Ben Bryant,77655,QB,NWESTERN,1,67.6,34,36,9.7,2.71,0,2,5.4,55.6,20,0,17,13.0,43,3,8,256,22.6,33.3,30.1,64.7,1,2,44,0,29.4,44.8,11.6,5,2,0,1,0,5,11.4,169,4.7
1,Ashton Daniels,157259,QB,STANFORD,1,72.2,36,36,10.0,2.56,0,3,7.9,69.4,25,0,15,3.8,38,1,12,300,72.5,77.9,78.5,62.9,0,0,41,1,0.0,107.2,0.0,0,2,0,0,2,0,0.0,248,6.9
1,Davis Brin,77642,QB,GA SOUTHRN,1,79.4,34,36,8.9,2.56,0,2,5.4,75.0,27,0,7,0.0,39,0,13,174,68.9,69.7,67.2,64.3,0,1,40,0,28.6,99.8,5.1,2,1,0,2,2,2,5.0,244,6.8
1,Cam Fancher,145266,QB,MARSHALL,1,80.0,35,35,5.9,2.14,0,0,0.0,80.0,28,0,5,0.0,36,0,13,214,70.9,68.9,65.4,67.1,0,1,36,0,0.0,96.2,0.0,0,1,0,0,1,1,2.8,268,7.7
1,Andrew Peasley,83581,QB,WYOMING,1,62.5,32,34,10.3,2.94,1,0,0.0,52.9,18,0,19,10.0,42,2,12,351,43.1,66.0,65.0,62.0,0,0,44,0,10.5,84.1,4.8,2,6,0,1,2,2,4.5,149,4.4
1,Donovan Smith,73929,QB,HOUSTON,1,78.1,32,34,9.0,2.85,0,1,2.9,64.7,22,0,14,12.0,41,3,13,182,72.5,66.5,60.0,70.2,0,0,42,0,21.4,104.2,7.3,3,4,0,2,2,1,2.4,233,6.9
1,Byrum Brown,156206,QB,USF,1,53.1,32,34,10.0,3.23,1,1,2.8,44.1,15,0,22,11.8,46,2,8,327,28.3,45.0,26.2,83.6,0,2,51,0,22.7,44.9,10.9,5,7,0,1,1,3,5.9,169,5.0
1,Riley Leonard,143862,QB,DUKE,1,67.9,28,34,5.4,2.7,1,0,0.0,50.0,17,0,19,10.5,38,2,11,154,71.8,77.2,60.8,87.2,0,0,39,0,0.0,65.2,0.0,0,4,1,4,0,0,0.0,175,5.1
1,Ben Finley,122864,QB,CAL,1,81.3,32,34,7.9,2.64,0,1,2.6,70.6,24,0,12,7.7,34,2,16,130,70.2,77.1,76.1,62.7,0,1,38,0,0.0,93.9,0.0,0,0,0,2,1,1,2.6,289,8.5
1,Kedon Slovis,100580,QB,BYU,1,64.5,31,33,9.3,2.51,0,0,0.0,60.6,20,0,6,0.0,33,0,6,128,71.3,66.1,64.3,63.2,1,0,36,1,0.0,70.9,0.0,0,0,0,1,0,1,2.8,145,4.4
1,Noah Kim,129623,QB,MICH STATE,1,65.6,32,33,12.0,2.51,0,4,11.8,54.5,18,0,9,14.3,33,3,12,223,69.5,75.4,74.9,60.6,0,0,34,1,0.0,103.0,0.0,0,0,1,0,2,1,2.9,279,8.5
1,Keegan Shoemaker,108983,QB,SM HOUSTON,1,65.5,29,33,10.7,2.63,1,1,2.8,54.5,18,0,13,5.3,37,1,9,281,70.2,54.0,55.3,55.7,0,3,40,1,7.7,28.2,2.7,1,3,0,3,0,4,10.0,147,4.5
1,Hank Bachmeier,101284,QB,LA TECH,1,68.8,32,33,8.6,2.74,0,4,11.8,63.6,21,0,22,4.5,44,1,8,208,69.8,72.8,71.0,65.1,1,1,45,0,31.8,83.0,15.9,7,4,0,0,1,1,2.2,241,7.3
1,Taulia Tagovailoa,97271,QB,MARYLAND,1,87.1,31,33,7.5,2.89,0,1,2.6,66.7,22,0,11,18.5,35,5,13,215,69.0,81.9,78.2,70.9,0,0,40,0,0.0,120.8,0.0,0,2,0,2,3,0,0.0,260,7.9
1,Kyle McCord,145053,QB,OHIO STATE,1,65.6,32,33,9.3,2.74,0,2,5.7,60.6,20,0,8,4.8,34,1,11,260,69.2,59.8,58.4,61.5,1,1,36,0,0.0,70.1,0.0,0,1,0,0,0,2,5.6,239,7.2
1,Nicholas Vattiato,145302,QB,MIDDLE TN,1,76.7,30,32,3.8,1.99,0,1,2.9,65.6,21,0,9,8.7,36,2,8,224,69.8,57.5,52.5,70.2,0,1,39,0,33.3,70.7,8.3,3,1,0,2,1,1,2.6,127,4.0
1,Chevan Cordeiro,75886,QB,S JOSE ST,1,64.5,31,32,7.9,2.72,0,2,5.6,56.3,18,0,9,10.0,37,2,8,285,22.5,55.0,54.7,58.4,0,0,41,0,22.2,68.8,5.4,2,3,0,1,0,1,2.4,152,4.8
1,Drake Maye,143969,QB,N CAROLINA,1,90.0,30,32,8.4,2.61,1,2,6.3,75.0,24,0,11,11.1,35,3,13,245,70.5,81.1,86.6,56.9,0,2,35,1,0.0,94.4,0.0,0,3,0,1,2,1,2.9,269,8.4
1,Ben Wooldridge,82115,QB,LA LAFAYET,1,69.2,26,32,9.5,2.72,2,2,6.1,43.8,14,0,16,22.2,36,4,10,207,69.7,74.9,69.9,71.8,1,1,37,0,12.5,85.8,5.6,2,2,0,3,3,0,0.0,223,7.0
1,Carson Beck,124010,QB,GEORGIA,1,70.0,30,32,7.9,2.4,0,0,0.0,65.6,21,0,3,0.0,35,0,14,173,68.9,70.3,68.8,63.3,0,0,39,0,0.0,105.9,0.0,0,3,1,1,1,0,0.0,297,9.3
1,John Rhys Plumlee,97602,QB,UCF,1,87.1,31,32,7.7,2.85,0,1,3.1,75.0,24,0,9,11.1,37,3,15,323,33.3,72.0,61.1,80.0,0,2,37,0,11.1,109.1,2.7,1,4,0,1,3,3,8.1,302,9.4
1,Haynes King,124329,QB,GA TECH,1,67.9,28,31,10.4,2.87,0,3,9.1,58.1,18,0,12,5.3,38,1,14,176,36.9,64.1,60.4,65.2,1,1,41,0,8.3,110.3,2.6,1,5,0,2,3,2,4.9,305,9.8
1,Michael Alaimo,129802,QB,KENT STATE,1,43.3,30,31,13.8,2.72,0,1,3.0,38.7,12,0,11,7.7,37,1,10,201,69.4,57.3,56.6,58.9,0,1,39,0,18.2,40.4,5.4,2,4,0,1,0,1,2.6,145,4.7
1,Quinn Ewers,127253,QB,TEXAS,1,66.7,30,31,11.3,2.33,0,0,0.0,61.3,19,0,8,5.0,38,1,16,311,69.5,66.1,62.9,66.2,0,0,40,0,37.5,120.4,7.9,3,4,1,0,3,0,0.0,260,8.4
1,Jaden Rashada,171886,QB,ARIZONA ST,1,60.0,30,31,8.9,2.18,0,2,6.3,58.1,18,0,11,0.0,34,0,9,110,69.7,70.5,70.4,59.9,0,0,36,0,9.1,103.7,2.9,1,2,0,1,2,0,0.0,236,7.6
1,Tanner Mordecai,77656,QB,WISCONSIN,1,86.7,30,31,3.7,2.78,1,1,3.1,77.4,24,0,5,7.7,35,2,10,349,69.7,61.9,62.8,56.0,0,2,36,0,20.0,75.3,2.9,1,3,0,0,1,2,5.6,185,6.0
1,Blake Shapen,122282,QB,BAYLOR,1,79.3,29,31,9.2,2.87,0,0,0.0,67.7,21,0,16,8.7,35,2,13,118,68.9,90.6,90.5,61.6,1,0,39,0,12.5,120.8,5.7,2,2,0,1,2,0,0.0,303,9.8
1,Jack Plummer,83543,QB,LOUISVILLE,1,63.3,30,31,8.9,2.88,0,2,6.1,58.1,18,0,13,5.3,35,1,11,210,71.7,63.2,57.6,67.9,0,1,37,0,0.0,102.5,0.0,0,4,0,1,3,1,2.7,247,8.0
1,Devin Leary,77628,QB,KENTUCKY,1,65.5,29,31,9.0,2.56,1,0,0.0,54.8,17,0,12,10.5,32,2,11,202,69.1,57.7,56.8,60.0,1,1,35,0,8.3,77.9,3.1,1,0,0,0,1,1,2.9,244,7.9
1,Jordan Travis,77615,QB,FLORIDA ST,1,86.7,30,31,7.8,2.96,0,1,3.0,74.2,23,0,11,11.5,34,3,14,167,71.3,77.0,74.7,66.7,1,1,36,0,0.0,136.0,0.0,0,3,0,0,4,2,5.6,342,11.0
1,Carter Bradley,77685,QB,S ALABAMA,1,85.7,28,30,2.5,2.49,2,0,0.0,76.7,23,0,10,4.2,39,1,11,288,32.5,43.2,36.6,68.6,0,2,42,0,50.0,75.7,12.8,5,4,0,0,1,3,7.1,190,6.3
1,Joe Milton III,82151,QB,TENNESSEE,1,73.3,30,30,9.7,2.34,0,2,6.5,70.0,21,0,3,4.5,33,1,13,307,71.3,78.0,73.1,70.9,0,0,34,0,33.3,110.6,3.0,1,2,0,0,2,1,2.9,201,6.7
1,Hudson Card,123109,QB,PURDUE,1,65.4,26,30,7.7,2.87,1,1,3.0,56.7,17,0,10,0.0,33,0,10,273,70.1,61.3,56.7,67.1,1,0,36,0,0.0,106.8,0.0,0,3,0,2,2,1,2.8,254,8.5
1,Mitch Griffis,123386,QB,WAKE,1,67.9,28,30,14.3,3.04,0,1,3.3,63.3,19,0,12,0.0,39,0,13,339,69.9,66.2,62.6,66.5,2,1,40,0,41.7,120.0,12.8,5,4,0,0,3,3,7.5,329,11.0
1,T.J. Finley,124093,QB,TEXAS ST,1,82.8,29,30,14.7,2.78,0,5,16.1,73.3,22,0,12,8.3,34,2,15,314,22.0,87.0,90.6,53.7,1,0,35,0,16.7,137.9,5.9,2,2,0,0,3,3,8.6,298,9.9
1,J.J. McCarthy,144918,QB,MICHIGAN,1,86.7,30,30,8.8,2.53,0,3,9.4,86.7,26,0,6,0.0,30,0,18,222,28.8,92.2,93.4,48.6,0,0,32,0,0.0,138.9,0.0,0,0,0,0,3,0,0.0,280,9.3
1,Drew Allar,164157,QB,PENN STATE,1,92.3,26,29,7.9,2.78,1,1,3.4,72.4,21,0,13,12.5,32,3,15,266,68.9,88.8,89.6,59.7,0,0,32,0,15.4,143.6,6.3,2,1,0,2,3,1,3.1,325,11.2
1,Brendon Lewis,131687,QB,NEVADA,1,75.0,24,29,7.5,2.83,0,0,0.0,62.1,18,0,20,0.0,36,0,6,239,29.7,48.5,48.1,56.4,2,0,36,0,20.0,79.8,11.1,4,3,0,3,0,2,5.6,181,6.2
1,Billy Wiles,144144,QB,SO MISS,1,84.6,26,29,10.6,2.58,0,1,3.1,72.4,21,0,10,4.5,32,1,14,296,69.6,76.3,76.1,61.2,1,1,35,1,10.0,120.9,3.1,1,2,0,2,3,1,2.9,267,9.2
1,AJ Swann,157186,QB,VANDERBILT,1,66.7,27,29,13.7,2.65,0,4,13.3,51.7,15,0,7,16.7,31,3,10,333,69.4,77.9,71.4,77.6,1,1,32,0,14.3,81.7,3.2,1,1,0,1,2,2,6.3,194,6.7
1,Keyone Jenkins,170403,QB,FIU,1,63.0,27,29,11.9,2.47,0,2,6.7,51.7,15,0,10,11.8,34,2,8,166,71.6,65.5,63.7,63.3,1,1,35,1,40.0,95.8,11.8,4,1,0,1,2,0,0.0,292,10.1
1,Will Rogers,124184,QB,MISS STATE,1,80.8,26,29,7.2,2.39,1,0,0.0,69.0,20,0,8,4.8,31,1,13,227,68.3,60.6,62.0,56.3,0,0,31,0,12.5,115.2,3.2,1,1,0,2,2,1,3.2,227,7.8
1,Cade McNamara,101620,QB,IOWA,1,74.1,27,29,9.9,2.79,1,2,6.7,58.6,17,0,5,15.0,31,3,9,192,68.4,73.4,74.5,57.0,0,0,32,0,20.0,101.4,3.2,1,1,0,1,2,0,0.0,191,6.6
1,Grant Wells,97784,QB,VA TECH,1,69.0,29,29,10.8,2.75,0,3,10.0,58.6,17,0,8,15.0,32,3,13,337,70.8,77.7,74.2,68.8,0,0,33,1,0.0,121.5,0.0,0,3,0,0,3,0,0.0,251,8.7
1,Gavin Wimsatt,155757,QB,RUTGERS,1,68.0,25,29,10.8,3.07,0,1,3.3,58.6,17,0,6,0.0,31,0,8,278,72.0,63.6,62.8,60.3,0,0,32,0,0.0,85.8,0.0,0,2,0,4,1,1,3.1,163,5.6
1,Tommy Castellanos,158433,QB,BOSTON COL,1,73.1,26,28,13.3,3.26,1,3,9.7,46.4,13,0,7,31.6,31,6,7,121,71.3,72.1,65.0,73.3,0,1,34,0,14.3,70.2,3.2,1,2,0,1,2,1,2.9,138,4.9
1,Jason Bean,83529,QB,KANSAS,1,78.6,28,28,7.9,2.11,0,0,0.0,78.6,22,0,2,0.0,28,0,13,198,71.0,76.6,74.1,66.7,0,0,28,0,0.0,131.5,0.0,0,0,0,0,2,1,3.6,276,9.9
1,Austin Smith,145763,QB,E MICHIGAN,1,76.9,26,28,10.7,2.66,1,1,3.6,67.9,19,0,8,5.0,30,1,10,160,69.8,61.9,61.5,59.0,1,1,30,0,0.0,82.6,0.0,0,2,0,0,1,2,6.7,181,6.5
1,DJ Irons,145585,QB,AKRON,1,67.9,28,28,11.3,3.01,0,2,6.9,57.1,16,0,16,15.8,37,3,6,102,31.8,59.1,59.4,57.9,0,1,39,0,18.8,89.0,8.1,3,4,0,0,2,2,5.1,204,7.3
1,Rocky Lombardi,60452,QB,N ILLINOIS,1,51.9,27,28,10.0,2.69,0,1,3.2,46.4,13,0,9,7.1,30,1,11,254,31.9,36.6,30.6,62.4,1,0,33,0,11.1,65.3,3.3,1,1,0,0,0,4,12.1,165,5.9
1,Garrett Greene,123420,QB,W VIRGINIA,1,72.0,25,27,9.4,2.82,1,0,0.0,59.3,16,0,12,11.1,35,2,9,343,72.1,72.3,62.1,74.2,1,0,36,0,16.7,76.5,5.7,2,6,0,0,0,0,0.0,162,6.0
1,Brennan Armstrong,77696,QB,NC STATE,1,84.6,26,26,6.7,2.89,0,1,3.6,65.4,17,0,14,22.7,37,5,12,248,72.5,79.2,67.3,76.6,0,0,39,0,7.1,81.4,2.7,1,10,0,0,0,0,0.0,155,6.0
1,Bo Nix,97790,QB,OREGON,1,84.6,26,26,7.1,1.82,0,0,0.0,84.6,22,0,0,0.0,28,0,14,264,68.0,75.5,74.7,,0,0,28,0,,148.2,0.0,0,0,0,0,3,0,0.0,269,10.3
1,Joe Fagnano,104768,QB,UCONN,1,64.0,25,26,9.5,2.84,0,0,0.0,53.8,14,0,11,12.5,30,2,6,146,69.8,47.1,41.6,66.8,0,1,31,0,18.2,49.0,6.7,2,2,0,1,0,3,9.7,113,4.3
1,Will Howard,122599,QB,KANSAS ST,1,72.0,25,26,11.9,2.49,0,3,11.1,69.2,18,0,7,0.0,27,0,13,199,69.3,79.6,77.0,60.3,1,1,28,0,0.0,115.1,0.0,0,1,0,0,2,1,3.6,285,11.0
1,JT Daniels,83578,QB,RICE,1,62.5,24,26,6.3,2.7,1,0,0.0,53.8,14,0,15,6.7,30,1,6,275,68.3,44.3,48.8,50.2,1,2,31,1,13.3,51.6,6.7,2,2,0,0,1,2,6.5,149,5.7
1,Luke Altmyer,146802,QB,ILLINOIS,1,75.0,24,26,9.7,2.64,0,1,3.6,69.2,18,0,13,0.0,32,0,13,187,70.9,77.9,73.4,70.3,1,1,34,0,15.4,102.4,6.3,2,3,0,1,2,1,2.9,206,7.9
1,Jack Salopek,130662,QB,W MICHIGAN,1,80.8,26,26,4.1,2.21,0,1,3.7,69.2,18,0,7,14.3,30,3,9,347,70.3,68.4,67.0,61.9,0,1,31,0,14.3,83.8,3.3,1,2,0,0,1,1,3.2,170,6.5
1,J.T. Shrout,83562,QB,ARK STATE,1,62.5,24,26,9.1,2.49,0,1,3.7,46.2,12,0,11,20.0,27,3,5,113,68.0,69.3,66.5,64.3,1,0,28,0,0.0,64.3,0.0,0,1,0,1,0,0,0.0,148,5.7
1,DJ Uiagalelei,122162,QB,OREGON ST,1,87.5,24,25,10.9,2.76,0,2,8.0,80.0,20,0,11,4.8,27,1,12,265,70.1,91.4,91.3,67.0,1,0,27,0,9.1,146.1,3.7,1,1,0,0,3,0,0.0,239,9.6
1,Grant Wilson,143041,QB,DOMINION,1,58.3,24,25,12.0,2.76,0,0,0.0,52.0,13,0,18,7.1,36,1,7,263,39.8,47.0,33.8,66.6,1,1,36,0,27.8,71.1,13.9,5,5,0,0,2,2,5.6,94,3.8
1,Conner Weigman,158683,QB,TEXAS A&M,1,86.4,22,25,14.4,2.35,0,2,7.1,72.0,18,0,13,5.3,28,1,14,312,68.3,92.8,91.9,70.8,0,0,31,0,7.7,141.0,3.6,1,2,2,1,5,1,3.2,236,9.4
1,Casey Thompson,77677,QB,FAU,1,87.5,24,25,4.9,2.12,1,0,0.0,80.0,20,0,8,4.8,28,1,13,165,68.8,71.0,72.5,56.9,0,1,31,0,0.0,136.3,0.0,0,2,0,0,5,1,3.2,280,11.2
1,Clay Millen,146082,QB,COLO STATE,1,72.7,22,24,4.0,2.4,1,0,0.0,62.5,15,0,6,6.3,26,1,7,144,67.9,42.4,42.3,57.3,1,1,27,0,16.7,56.9,3.8,1,1,0,0,0,1,3.7,116,4.8
1,Alan Bowman,77679,QB,OKLA STATE,1,72.7,22,24,6.1,2.53,0,0,0.0,54.2,13,0,5,18.8,25,3,5,262,68.4,61.5,61.9,59.0,0,0,26,0,20.0,61.1,4.0,1,0,0,2,0,2,7.7,80,3.3
1,Garrett Shrader,98212,QB,SYRACUSE,1,79.2,24,24,12.8,2.66,0,0,0.0,75.0,18,0,8,5.3,30,1,15,304,28.8,82.0,81.9,64.8,0,1,30,0,12.5,131.4,3.3,1,5,0,0,4,1,3.3,257,10.7
1,Jayden de Laura,131928,QB,ARIZONA,1,79.2,24,24,7.3,2.99,0,3,12.0,75.0,18,0,4,5.3,26,1,14,109,27.3,82.5,80.8,64.6,0,1,27,0,25.0,136.3,3.8,1,1,0,0,3,2,7.4,285,11.9
1,Ben Whitlock,186579,QB,W GEORGIA,1,63.6,22,24,8.1,1.94,0,1,4.0,50.0,12,0,6,14.3,25,2,9,1177,68.5,57.9,56.6,60.0,1,1,27,1,16.7,56.4,4.0,1,0,0,1,0,1,3.7,173,7.2
1,Dylan Hopkins,83571,QB,NEW MEXICO,1,72.7,22,24,8.4,2.46,0,0,0.0,62.5,15,0,10,6.3,28,1,7,241,68.2,62.7,63.1,62.6,0,1,30,1,20.0,56.8,7.1,2,1,0,2,0,1,3.3,115,4.8
1,Caleb Williams,144622,QB,USC,1,78.3,23,24,10.9,3.11,0,4,16.0,75.0,18,0,8,0.0,28,0,16,326,27.3,88.4,88.7,60.8,0,0,29,0,12.5,156.3,3.6,1,2,0,1,5,1,3.4,319,13.3
1,Phil Jurkovec,83533,QB,PITTSBURGH,1,78.3,23,23,9.8,3.0,0,1,4.2,73.9,17,0,10,5.6,25,1,13,268,71.4,86.5,81.1,73.7,0,0,26,0,10.0,116.9,4.0,1,1,0,0,1,1,3.8,214,9.3
1,Emory Jones,82111,QB,CINCINNATI,1,82.6,23,23,11.9,2.6,0,2,8.0,82.6,19,0,5,0.0,27,0,16,138,70.6,84.4,89.4,57.9,0,0,29,0,40.0,158.3,7.4,2,2,0,0,5,0,0.0,345,15.0
1,KJ Jefferson,99129,QB,ARKANSAS,1,81.8,22,23,10.6,2.7,0,3,12.5,78.3,18,0,5,0.0,24,0,10,111,29.1,88.4,89.0,63.8,0,0,25,0,20.0,150.8,4.2,1,0,0,1,3,1,4.0,246,10.7
1,Jaxson Dart,146409,QB,OLE MISS,1,82.6,23,23,13.0,2.98,0,2,8.0,78.3,18,0,3,5.3,25,1,14,226,69.6,93.1,92.4,72.8,0,0,27,0,0.0,158.3,0.0,0,2,0,0,4,0,0.0,334,14.5
1,Dillon Gabriel,86272,QB,OKLAHOMA,1,90.9,22,22,9.0,2.3,0,2,8.3,86.4,19,0,3,5.0,25,1,14,261,67.9,87.9,84.5,69.5,0,0,27,0,0.0,149.1,0.0,0,2,0,0,2,0,0.0,308,14.0
1,Jiya Wright,77688,QB,LA MONROE,1,59.1,22,22,8.2,2.16,0,0,0.0,50.0,11,0,3,15.4,27,2,5,209,30.5,41.5,41.7,53.5,0,2,27,0,33.3,18.9,3.7,1,4,0,0,0,2,7.4,69,3.1
1,Tyler Van Dyke,122225,QB,MIAMI FL,1,77.3,22,22,7.2,2.15,0,1,4.0,77.3,17,0,4,0.0,22,0,11,220,67.7,77.7,76.9,,0,1,25,1,0.0,100.8,0.0,0,0,0,0,1,1,4.0,201,9.1
1,Gunnar Watson,83570,QB,TROY,1,66.7,21,22,9.1,2.43,0,1,4.5,63.6,14,0,7,0.0,23,0,9,318,25.9,62.4,72.0,38.0,1,1,23,0,0.0,113.8,0.0,0,1,0,0,4,0,0.0,201,9.1
1,Brett Gabbert,97404,QB,MIAMI OH,1,68.4,19,21,8.6,2.26,0,0,0.0,57.1,12,0,9,7.7,25,1,5,221,67.8,57.2,61.5,50.0,0,0,26,0,22.2,74.9,8.0,2,2,0,2,0,0,0.0,127,6.0
1,Connor Bazelak,99135,QB,BOWL GREEN,1,36.8,19,21,13.7,2.54,0,0,0.0,28.6,6,0,10,14.3,23,1,2,122,68.5,32.9,29.2,69.2,0,3,27,0,20.0,1.6,8.7,2,0,0,2,0,3,11.1,71,3.4
1,Kaidon Salter,132046,QB,LIBERTY,1,63.2,19,20,10.1,3.01,1,0,0.0,55.0,11,0,13,8.3,28,1,11,206,73.9,64.7,61.6,63.3,0,0,29,0,15.4,111.0,7.1,2,6,0,0,2,0,0.0,143,7.2
1,Diego Pavia,156927,QB,NEW MEX ST,1,84.2,19,20,8.1,3.02,0,0,0.0,80.0,16,0,7,0.0,21,0,12,242,69.8,81.4,82.0,61.8,0,0,21,0,14.3,152.1,4.8,1,0,0,1,2,0,0.0,317,15.9
1,Devin Grainger,78496,QB,GA STATE,1,80.0,20,20,11.0,2.37,0,2,9.1,80.0,16,0,4,0.0,23,0,7,175,37.2,69.6,71.1,60.7,0,0,25,0,25.0,140.2,4.3,1,2,0,0,2,2,8.0,193,9.7
1,Brady Cook,124199,QB,MISSOURI,1,89.5,19,20,6.3,2.06,1,1,4.5,80.0,16,0,4,5.9,23,1,8,229,68.3,79.6,75.6,69.0,0,0,25,0,25.0,118.8,4.3,1,1,0,0,1,0,0.0,170,8.5
1,Kadin Semonza,174001,QB,BALL ST,1,88.9,18,20,8.7,3.01,0,1,5.0,75.0,15,0,7,6.3,24,1,10,117,27.3,82.1,91.5,41.8,0,0,24,0,14.3,115.6,4.2,1,3,0,2,1,0,0.0,165,8.3
1,Brayden Fowler-Nicolosi,157207,QB,COLO STATE,1,68.4,19,20,8.1,2.41,0,1,5.0,65.0,13,0,4,0.0,20,0,9,144,67.1,36.6,36.8,,0,1,20,0,0.0,112.5,0.0,0,0,0,1,2,3,15.0,210,10.5
1,Stone Earle,123504,QB,N TEXAS,1,68.4,19,19,13.6,2.98,0,2,10.5,63.2,12,0,7,7.7,24,1,5,251,28.5,65.4,68.4,56.8,0,2,25,0,28.6,92.9,8.3,2,3,0,0,3,2,8.0,174,9.2
1,Jalen Mayden,83520,QB,S DIEGO ST,1,73.7,19,19,4.8,3.04,0,0,0.0,68.4,13,0,7,7.1,24,1,5,284,30.5,78.8,60.1,88.4,0,0,27,0,28.6,78.8,8.3,2,3,0,0,0,1,3.7,90,4.7
1,Jeff Sims,122496,QB,NEBRASKA,1,57.9,19,19,12.4,3.25,0,0,0.0,57.9,11,0,9,0.0,24,0,8,238,50.1,53.8,29.7,77.2,0,3,24,0,33.3,53.3,12.5,3,2,0,0,1,3,12.5,114,6.0
1,Jalon Jones,104762,QB,CHARLOTTE,1,89.5,19,19,7.3,2.51,0,1,4.8,68.4,13,0,4,23.5,24,4,7,136,70.6,79.8,69.3,76.8,0,2,27,0,50.0,64.5,8.3,2,3,0,0,1,1,3.7,125,6.6
1,Mason Garcia,123811,QB,E CAROLINA,1,64.7,17,18,6.8,2.8,0,1,5.0,61.1,11,0,8,0.0,21,0,4,156,70.4,61.0,62.1,58.3,0,1,23,0,0.0,48.4,0.0,0,3,0,1,0,1,4.3,80,4.4
1,Logan Smothers,129713,QB,JVILLE ST,1,82.4,17,18,4.8,1.79,0,0,0.0,72.2,13,0,3,7.1,20,1,8,196,73.3,84.7,80.6,71.5,0,0,21,0,33.3,110.2,5.0,1,1,1,0,1,0,0.0,127,7.1
1,Jalen Milroe,146590,QB,ALABAMA,1,76.5,17,18,13.1,2.86,1,3,15.8,72.2,13,0,7,0.0,23,0,7,103,69.4,92.3,84.6,87.9,0,0,24,0,28.6,146.8,8.7,2,3,0,0,3,0,0.0,194,10.8
1,Bryson Barnes,131845,QB,UTAH,1,81.3,16,18,10.1,3.09,0,1,5.6,66.7,12,0,9,7.7,20,1,6,328,69.8,73.1,73.8,63.6,1,0,21,0,0.0,113.0,0.0,0,2,0,1,1,1,4.8,159,8.8
1,Doug Brumfield,128348,QB,UNLV,1,72.2,18,18,7.5,2.57,0,1,5.3,61.1,11,0,3,15.4,22,2,5,325,69.3,64.3,55.8,70.6,0,1,23,0,33.3,49.8,4.5,1,3,0,0,0,0,0.0,86,4.8
1,Payton Thorne,101629,QB,AUBURN,1,58.8,17,17,13.8,2.86,0,3,16.7,58.8,10,0,5,0.0,18,0,5,115,68.4,78.7,73.9,70.0,0,0,19,0,20.0,105.3,5.6,1,0,0,0,1,0,0.0,141,8.3
1,Bert Emanuel Jr.,158581,QB,C MICHIGAN,1,70.6,17,17,6.6,3.38,0,0,0.0,64.7,11,0,13,8.3,27,1,8,134,71.5,62.6,54.8,66.1,0,1,28,0,23.1,72.4,11.1,3,7,0,0,1,1,3.6,87,5.1
1,Ethan Garbers,131896,QB,UCLA,1,68.8,16,17,11.6,2.68,0,0,0.0,58.8,10,0,6,9.1,20,1,6,324,67.9,56.7,56.4,58.8,1,2,21,0,0.0,60.8,0.0,0,2,0,0,1,1,4.8,121,7.1
1,Tony Muskett,142933,QB,VIRGINIA,1,68.8,16,17,7.2,2.39,0,1,5.9,52.9,9,0,12,18.2,24,2,4,335,69.9,65.1,69.8,53.4,0,0,24,0,41.7,69.2,20.8,5,2,0,1,0,0,0.0,94,5.5
1,Sam Hartman,77618,QB,NOTRE DAME,1,82.4,17,17,9.2,3.08,0,1,5.9,82.4,14,0,3,0.0,20,0,12,258,67.8,85.1,87.4,60.8,0,0,20,0,0.0,153.4,0.0,0,3,0,0,2,0,0.0,194,11.4
1,Taisun Phommachanh,99577,QB,UMASS,1,57.1,14,16,6.7,2.47,0,0,0.0,50.0,8,0,16,0.0,22,0,3,216,36.9,49.5,32.3,80.2,2,1,22,0,25.0,32.0,18.2,4,1,0,0,0,2,9.1,55,3.4
1,Brendan Sorsby,156398,QB,INDIANA,1,64.3,14,15,7.5,2.56,0,0,0.0,53.3,8,0,9,11.1,17,1,2,190,69.7,67.2,70.2,57.0,0,0,19,0,11.1,62.6,5.9,1,1,0,1,0,0,0.0,58,3.9
1,Garret Rangel,157795,QB,OKLA STATE,1,76.9,13,15,6.8,3.03,0,1,6.3,66.7,10,0,4,0.0,16,0,6,262,68.2,72.8,75.9,57.0,0,1,17,0,0.0,84.9,0.0,0,1,0,2,1,0,0.0,118,7.9
1,Michael Pratt,123229,QB,TULANE,1,100.0,15,15,14.1,3.21,0,5,33.3,93.3,14,0,6,6.7,22,1,12,319,70.8,94.2,98.5,54.7,0,0,22,0,16.7,158.3,4.5,1,6,0,0,4,0,0.0,293,19.5
1,Spencer Sanders,77660,QB,OLE MISS,1,64.3,14,14,15.7,2.96,0,3,21.4,57.1,8,0,2,11.1,14,1,5,226,68.0,86.5,90.4,54.3,0,0,14,0,0.0,129.2,0.0,0,0,0,0,2,0,0.0,134,9.6
1,Cardell Williams,156190,QB,TULSA,1,92.9,14,14,11.9,3.15,0,1,7.1,92.9,13,0,4,0.0,17,0,8,320,68.9,89.4,85.7,71.2,0,0,17,0,50.0,158.3,11.8,2,1,0,0,3,0,0.0,233,16.6
1,Joey Aguilar,174978,QB,APP STATE,1,84.6,13,13,14.4,2.5,0,2,15.4,84.6,11,0,4,0.0,14,0,7,108,23.1,84.2,89.9,56.0,0,0,14,0,0.0,158.3,0.0,0,1,0,0,4,0,0.0,174,13.4
1,Carlos Del Rio-Wilson,146687,QB,SYRACUSE,1,83.3,12,13,7.8,2.41,0,0,0.0,76.9,10,0,2,0.0,13,0,8,304,67.0,67.1,68.4,58.2,0,0,13,0,0.0,154.8,0.0,0,0,0,1,3,0,0.0,153,11.8
1,Rocco Becht,157567,QB,IOWA STATE,1,83.3,12,13,9.2,2.33,0,1,6.7,76.9,10,0,4,0.0,14,0,4,193,67.4,72.4,71.0,62.5,0,0,16,0,0.0,142.0,0.0,0,1,0,1,2,0,0.0,113,8.7
1,Sawyer Robertson,146839,QB,BAYLOR,1,58.3,12,12,12.9,2.41,0,1,8.3,50.0,6,0,7,14.3,14,1,5,118,21.7,65.0,73.8,47.6,0,1,14,0,14.3,48.3,7.1,1,1,0,0,0,2,14.3,113,9.4
1,Dante Moore,173983,QB,UCLA,1,87.5,8,12,14.5,2.88,2,2,16.7,58.3,7,0,8,0.0,14,0,5,324,68.0,66.1,65.1,60.1,0,1,14,0,25.0,104.9,14.3,2,0,0,2,2,1,7.1,142,11.8
1,Gavin Hardison,100827,QB,UTEP,1,90.9,11,12,5.5,2.78,0,0,0.0,83.3,10,0,4,0.0,13,0,4,330,71.1,64.2,51.4,73.4,0,0,15,0,25.0,138.9,7.7,1,0,0,1,2,1,6.7,94,7.8
1,Jackson Arnold,173684,QB,OKLAHOMA,1,100.0,11,11,3.3,1.8,0,0,0.0,100.0,11,0,0,0.0,11,0,6,261,69.9,76.3,67.0,72.4,0,0,12,0,,140.2,0.0,0,0,0,0,1,0,0.0,114,10.4
1,Alonza Barnett III,156710,QB,JAMES MAD,1,27.3,11,11,10.4,2.85,0,0,0.0,18.2,2,0,2,33.3,11,1,1,197,69.9,42.1,30.3,64.7,0,1,11,0,0.0,1.7,0.0,0,0,0,0,0,1,9.1,15,1.4
1,Bryson Daily,147303,QB,ARMY,1,54.5,11,11,9.9,2.79,0,0,0.0,45.5,5,0,4,16.7,14,1,5,114,40.9,53.2,38.4,63.3,0,2,14,0,25.0,46.2,7.1,1,2,0,0,0,3,21.4,121,11.0
1,Alex Flinn,123797,QB,E CAROLINA,1,70.0,10,11,10.1,2.55,0,2,16.7,54.5,6,0,5,14.3,14,1,3,156,67.3,76.0,73.7,65.4,0,0,15,0,0.0,67.2,0.0,0,2,0,1,0,0,0.0,52,4.7
1,Jordan McCloud,101058,QB,JAMES MAD,1,63.6,11,11,16.6,2.46,0,1,8.3,63.6,7,0,3,0.0,12,0,6,197,67.1,74.3,74.7,60.3,0,0,14,0,33.3,146.8,8.3,1,0,0,0,2,0,0.0,144,13.1
1,Steve Angeli,156966,QB,NOTRE DAME,1,88.9,9,11,1.7,2.88,0,0,0.0,72.7,8,0,5,0.0,11,0,5,258,65.8,71.6,71.0,,1,0,12,0,0.0,151.5,0.0,0,0,0,1,2,0,0.0,130,11.8
1,Emmett Morehead,143834,QB,BOSTON COL,1,40.0,10,10,7.3,2.14,0,0,0.0,40.0,4,0,3,0.0,10,0,1,121,66.5,46.3,39.8,63.3,0,0,10,0,0.0,47.9,0.0,0,0,0,0,0,0,0.0,30,3.0
1,Camden Orth,108965,QB,BOWL GREEN,1,50.0,10,10,12.8,2.7,0,1,10.0,50.0,5,0,2,0.0,11,0,3,122,69.9,53.8,55.9,55.8,0,2,11,0,0.0,65.0,0.0,0,1,0,0,1,1,9.1,66,6.6
1,Miller Moss,70727,QB,USC,1,80.0,10,10,5.1,2.85,0,0,0.0,70.0,7,0,2,12.5,10,1,4,326,65.6,67.4,66.9,,0,0,11,0,0.0,145.8,0.0,0,0,0,0,1,0,0.0,134,13.4
1,Max Johnson,124099,QB,TEXAS A&M,1,87.5,8,10,11.3,3.02,0,1,8.3,60.0,6,0,4,14.3,11,1,4,312,66.0,76.2,79.3,57.3,0,0,13,1,0.0,102.5,0.0,0,1,0,2,1,0,0.0,41,4.1
1,Ryan Burger,157544,QB,APP STATE,1,77.8,9,10,8.7,3.49,0,0,0.0,70.0,7,0,6,0.0,14,0,5,108,21.8,60.8,56.2,64.0,0,0,16,0,50.0,124.2,21.4,3,1,0,1,1,2,12.5,73,7.3
1,Hunter Herring,147138,QB,LA MONROE,1,66.7,9,9,11.3,2.66,0,1,11.1,44.4,4,0,2,33.3,11,2,2,209,67.7,59.1,59.1,58.9,0,0,12,0,0.0,88.7,0.0,0,2,0,0,1,0,0.0,22,2.4
1,Christian Veilleux,145086,QB,PITTSBURGH,1,77.8,9,9,10.6,2.23,0,0,0.0,55.6,5,0,4,28.6,10,2,3,268,68.4,58.4,63.1,59.0,0,0,10,1,0.0,113.2,0.0,0,1,0,0,1,0,0.0,60,6.7
1,Gunnar Gundy,144649,QB,OKLA STATE,1,87.5,8,9,6.3,2.1,1,1,11.1,77.8,7,0,1,0.0,10,0,5,262,68.4,74.3,74.0,62.6,0,0,10,0,0.0,115.7,0.0,0,1,0,0,0,0,0.0,106,11.8
1,Jay Butterfield,131706,QB,S JOSE ST,1,77.8,9,9,13.6,2.57,0,1,11.1,77.8,7,0,3,0.0,10,0,4,285,65.4,82.7,82.0,,0,0,10,0,33.3,140.7,10.0,1,0,0,0,1,0,0.0,80,8.9
1,CJ Harris,130594,QB,OHIO,1,87.5,8,8,6.6,2.19,0,0,0.0,87.5,7,0,2,0.0,9,0,4,259,69.8,91.1,90.7,69.9,0,0,10,0,50.0,129.2,11.1,1,0,0,0,1,0,0.0,44,5.5
1,Ty Thompson,146568,QB,OREGON,1,87.5,8,8,5.1,2.25,0,0,0.0,87.5,7,0,0,0.0,8,0,5,264,68.3,66.8,62.3,65.1,0,0,9,0,,147.4,0.0,0,0,0,0,1,1,11.1,79,9.9
1,Carlos Davis,139131,QB,UMASS,1,75.0,8,8,6.0,1.73,0,0,0.0,75.0,6,0,2,0.0,8,0,3,216,66.3,67.2,63.6,63.3,0,0,9,0,0.0,156.3,0.0,0,0,0,0,1,0,0.0,106,13.3
1,Jase Bauer,145714,QB,C MICHIGAN,1,33.3,6,8,13.0,2.86,0,0,0.0,25.0,2,0,6,0.0,8,0,0,134,67.2,47.5,38.0,66.6,1,0,8,0,0.0,39.6,0.0,0,0,0,1,0,0,0.0,9,1.1
1,Layne Hatcher,82068,QB,BALL ST,1,85.7,7,8,5.3,3.01,1,0,0.0,75.0,6,0,4,0.0,11,0,2,117,67.8,62.2,62.0,60.1,0,0,13,0,50.0,81.8,18.2,2,1,0,0,0,0,0.0,33,4.1
1,Maddux Madsen,163379,QB,BOISE ST,1,71.4,7,7,10.1,2.84,0,0,0.0,42.9,3,0,3,40.0,10,2,1,120,65.6,56.8,58.1,57.6,0,0,11,0,0.0,50.3,0.0,0,3,0,0,0,0,0.0,20,2.9
1,Billy Edwards Jr.,144185,QB,MARYLAND,1,28.6,7,7,7.7,3.19,0,0,0.0,28.6,2,0,2,0.0,10,0,2,215,65.8,68.6,56.3,73.8,0,0,12,0,0.0,39.6,0.0,0,3,0,0,0,0,0.0,5,0.7
1,Chandler Rogers,98683,QB,N TEXAS,1,42.9,7,7,6.6,2.06,0,0,0.0,42.9,3,0,2,0.0,8,0,1,251,15.7,33.1,32.6,,0,1,8,0,0.0,10.7,0.0,0,0,0,0,0,0,0.0,10,1.4
1,Parker Navarro,123758,QB,OHIO,1,71.4,7,7,9.3,2.44,0,0,0.0,71.4,5,0,1,0.0,7,0,2,259,70.4,77.3,57.7,79.1,0,1,8,0,0.0,97.3,0.0,0,0,0,0,2,0,0.0,60,8.6
1,Jayden Maiava,158135,QB,UNLV,1,100.0,5,6,7.8,3.08,0,0,0.0,66.7,4,0,1,20.0,6,1,4,325,67.0,90.0,86.9,68.2,0,0,6,0,0.0,85.4,0.0,0,0,0,1,0,0,0.0,40,6.7
1,Anthony Colandrea,170131,QB,VIRGINIA,1,33.3,6,6,11.8,1.82,0,0,0.0,16.7,1,0,2,50.0,6,1,1,335,67.1,37.9,29.0,67.0,0,0,7,0,0.0,39.6,0.0,0,0,0,0,0,1,14.3,11,1.8
1,Robby Ashford,131702,QB,AUBURN,1,40.0,5,6,11.8,3.23,0,0,0.0,33.3,2,0,3,0.0,8,0,2,115,71.0,81.4,63.1,77.2,0,0,9,0,0.0,42.4,0.0,0,2,0,1,0,0,0.0,3,0.5
1,Sam Horn,157167,QB,MISSOURI,1,80.0,5,5,9.8,3.33,0,1,20.0,60.0,3,0,2,25.0,6,1,2,229,67.0,69.6,72.5,59.2,0,1,6,0,0.0,97.1,0.0,0,1,0,0,1,0,0.0,54,10.8
1,Timmy McClain,144488,QB,UCF,1,100.0,5,5,7.8,2.08,0,0,0.0,60.0,3,0,0,40.0,5,2,2,323,66.8,89.7,83.4,69.9,0,0,5,0,,96.3,0.0,0,0,0,0,0,0,0.0,53,10.6
1,Tyler Buchner,147472,QB,ALABAMA,1,60.0,5,5,19.2,2.16,0,1,20.0,60.0,3,0,1,0.0,5,0,2,103,14.2,70.1,66.7,62.5,0,0,5,0,0.0,74.6,0.0,0,0,0,0,0,1,20.0,27,5.4
1,Gunner Stockton,157072,QB,GEORGIA,1,60.0,5,5,8.4,3.54,0,0,0.0,60.0,3,0,1,0.0,7,0,4,173,64.6,61.1,58.4,62.1,0,0,7,0,0.0,76.3,0.0,0,2,0,0,0,0,0.0,29,5.8
1,AJ Bianco,158232,QB,NEVADA,1,80.0,5,5,18.4,2.96,0,2,40.0,80.0,4,0,6,0.0,7,0,3,239,64.6,89.1,91.5,57.0,0,0,7,0,16.7,158.3,14.3,1,1,0,0,1,0,0.0,129,25.8
1,Tayven Jackson,157615,QB,INDIANA,1,20.0,5,5,20.6,2.68,0,0,0.0,20.0,1,0,2,0.0,5,0,1,190,68.9,51.7,52.6,55.6,0,0,5,0,0.0,47.1,0.0,0,0,0,0,0,0,0.0,24,4.8
1,JJ Kohl,174674,QB,IOWA STATE,1,100.0,5,5,-0.6,2.59,0,0,0.0,80.0,4,0,1,20.0,8,1,1,193,64.9,58.2,58.8,58.8,0,0,8,0,0.0,79.2,0.0,0,3,0,0,0,0,0.0,3,0.6
1,Maalik Murphy,157302,QB,TEXAS,1,80.0,5,5,10.4,2.16,0,0,0.0,60.0,3,0,0,25.0,5,1,2,311,64.6,57.9,71.2,56.2,0,0,7,0,,85.4,0.0,0,0,0,0,0,0,0.0,40,8.0
1,DC Tabscott,147020,QB,NEW MEXICO,1,33.3,3,4,22.3,2.45,1,0,0.0,25.0,1,0,3,0.0,4,0,1,241,63.3,64.0,63.4,,0,0,4,0,0.0,43.8,0.0,0,0,0,0,0,0,0.0,16,4.0
1,Brady Lichtenberg,144226,QB,CINCINNATI,1,100.0,4,4,-0.5,1.68,0,0,0.0,100.0,4,0,0,0.0,4,0,2,138,65.2,69.7,64.7,62.9,0,0,4,0,,158.3,0.0,0,0,0,0,1,0,0.0,93,23.3
1,Braylon Braxton,144442,QB,TULSA,1,25.0,4,4,10.8,2.63,0,0,0.0,25.0,1,0,1,0.0,4,0,1,320,66.6,24.7,22.7,60.2,0,2,4,0,0.0,0.0,0.0,0,0,0,0,0,2,50.0,9,2.3
1,Sam Jackson V,144682,QB,CAL,1,100.0,4,4,6.3,2.62,0,0,0.0,75.0,3,0,2,25.0,6,1,1,130,67.0,77.8,70.8,68.5,0,0,6,0,0.0,138.5,0.0,0,1,0,0,1,0,0.0,33,8.3
1,Brendan Sullivan,145034,QB,NWESTERN,1,75.0,4,4,5.8,2.95,0,0,0.0,75.0,3,0,2,0.0,6,0,1,256,67.1,53.8,66.2,49.6,0,0,7,0,0.0,117.7,0.0,0,2,0,0,1,0,0.0,13,3.3
1,Walker Howard,157112,QB,OLE MISS,1,75.0,4,4,20.0,2.73,0,1,25.0,75.0,3,0,0,0.0,4,0,3,226,63.3,89.8,89.8,,0,0,4,0,,116.7,0.0,0,0,0,0,0,0,0.0,56,14.0
1,Nate Johnson,158489,QB,UTAH,1,75.0,4,4,1.3,2.22,0,0,0.0,75.0,3,0,4,0.0,6,0,1,328,8.6,53.9,40.5,65.2,0,0,6,0,25.0,77.1,16.7,1,1,0,0,0,1,16.7,6,1.5
1,JC French IV,162521,QB,GA SOUTHRN,1,100.0,4,4,-0.3,1.3,0,0,0.0,100.0,4,0,0,0.0,4,0,1,174,63.3,56.8,60.0,60.0,0,0,4,0,,96.9,0.0,0,0,0,0,0,0,0.0,29,7.3
1,Avery Johnson,173108,QB,KANSAS ST,1,75.0,4,4,10.0,4.62,0,0,0.0,75.0,3,0,4,0.0,6,0,4,199,68.0,85.1,74.9,73.1,0,0,6,0,25.0,116.7,16.7,1,1,0,0,0,0,0.0,55,13.8
1,Brock Vandagriff,146713,QB,GEORGIA,1,100.0,2,3,31.0,3.93,0,1,25.0,66.7,2,0,1,0.0,3,0,2,173,65.2,94.3,91.9,68.9,0,0,4,0,0.0,149.3,0.0,0,0,0,1,1,0,0.0,77,25.7
1,Emory Williams,170099,QB,MIAMI FL,1,100.0,3,3,4.7,3.18,0,0,0.0,100.0,3,0,2,0.0,4,0,3,220,63.3,71.6,71.1,,0,0,4,0,50.0,118.8,25.0,1,0,0,0,0,0,0.0,42,14.0
1,Holman Edwards,144246,QB,SO MISS,1,100.0,3,3,9.3,2.76,0,0,0.0,100.0,3,0,2,0.0,5,0,2,296,65.7,46.1,46.2,58.1,0,0,6,0,100.0,106.9,40.0,2,0,0,0,0,1,16.7,29,9.7
1,Austin Novosad,174133,QB,OREGON,1,100.0,3,3,0.0,1.97,0,0,0.0,100.0,3,0,0,0.0,3,0,1,264,62.7,64.7,63.9,,0,0,3,0,,84.7,0.0,0,0,0,0,0,0,0.0,13,4.3
1,Deacon Hill,145170,QB,IOWA,1,33.3,3,3,12.3,2.33,0,0,0.0,33.3,1,0,1,0.0,3,0,0,192,64.8,49.6,47.4,60.0,0,0,3,0,0.0,42.4,0.0,0,0,0,0,0,0,0.0,5,1.7
1,Zac Larrier,104193,QB,AIR FORCE,1,66.7,3,3,19.3,3.03,0,0,0.0,66.7,2,0,0,0.0,4,0,2,101,27.3,76.2,75.2,66.8,0,0,4,0,,149.3,0.0,0,1,0,0,1,0,0.0,95,31.7
1,Cameron Edge,162791,QB,MARYLAND,1,100.0,3,3,4.7,2.28,0,0,0.0,66.7,2,0,1,33.3,4,1,1,215,63.3,56.6,56.2,,0,0,4,0,100.0,82.6,25.0,1,0,0,0,0,0,0.0,18,6.0
1,Nico Iamaleava,174728,QB,TENNESSEE,1,66.7,3,3,8.0,2.83,0,0,0.0,66.7,2,0,2,0.0,4,0,1,307,63.3,59.9,50.6,64.0,0,0,4,0,0.0,72.9,0.0,0,1,0,0,0,0,0.0,11,3.7
1,Aveon Smith,130529,QB,MIAMI OH,1,33.3,3,3,26.3,3.66,0,1,33.3,33.3,1,0,3,0.0,5,0,1,221,65.5,60.1,66.6,54.9,0,0,5,0,33.3,81.3,20.0,1,1,0,0,0,0,0.0,37,12.3
1,Devin Brown,156479,QB,OHIO STATE,1,33.3,3,3,5.0,3.63,0,0,0.0,33.3,1,0,0,0.0,3,0,0,260,64.8,50.8,51.6,59.2,0,0,3,0,,42.4,0.0,0,0,0,0,0,0,0.0,-2,-0.7
1,Aidan Chiles,173727,QB,OREGON ST,1,66.7,3,3,18.3,3.17,0,0,0.0,66.7,2,0,1,0.0,3,0,2,265,66.4,75.8,78.8,64.7,0,0,3,1,0.0,109.0,0.0,0,0,0,0,0,0,0.0,37,12.3
1,Roman Fuller,123247,QB,TULSA,1,100.0,2,2,-2.0,1.65,0,0,0.0,100.0,2,0,0,0.0,2,0,1,320,61.8,63.8,62.7,,0,0,2,0,,137.5,0.0,0,0,0,0,1,0,0.0,15,7.5
1,Holden Geriner,157045,QB,AUBURN,1,100.0,2,2,27.5,2.25,0,0,0.0,100.0,2,0,0,0.0,2,0,2,115,66.2,59.3,57.1,60.1,0,0,2,0,,118.8,0.0,0,0,0,0,0,0,0.0,59,29.5
1,Daniel Richardson,97103,QB,FAU,1,100.0,2,2,-0.5,3.15,0,0,0.0,100.0,2,0,2,0.0,2,0,0,165,61.8,63.1,62.1,,0,0,2,0,0.0,79.2,0.0,0,0,0,0,0,0,0.0,0,0.0
1,Ken Seals,124359,QB,VANDERBILT,1,100.0,2,2,-2.0,2.75,0,0,0.0,100.0,2,0,1,0.0,2,0,2,333,61.8,63.0,62.6,,0,0,2,0,0.0,158.3,0.0,0,0,0,0,1,0,0.0,52,26.0
1,Eli Stowers,147013,TE,NEW MEX ST,1,50.0,2,2,34.0,2.75,0,1,50.0,50.0,1,0,0,0.0,2,0,1,242,68.7,66.5,76.7,56.3,0,0,2,0,,135.4,0.0,0,0,0,0,1,0,0.0,63,31.5
1,Brett Griffis,157527,QB,JAMES MAD,1,100.0,2,2,2.0,2.35,0,0,0.0,100.0,2,0,0,0.0,2,0,1,197,66.4,49.7,53.3,55.6,0,0,3,0,,100.0,0.0,0,0,0,0,0,0,0.0,16,8.0
1,Kiael Kelly,145634,QB,BALL ST,1,50.0,2,2,16.0,4.33,0,0,0.0,50.0,1,0,2,0.0,4,0,1,117,69.7,56.2,52.8,59.7,0,0,5,0,0.0,89.6,0.0,0,2,0,0,0,0,0.0,22,11.0
1,Tevin Carter,157995,QB,MEMPHIS,1,100.0,2,2,3.0,2.25,0,0,0.0,50.0,1,0,0,50.0,2,1,0,218,22.1,49.6,62.7,50.6,0,0,2,0,,62.5,0.0,0,0,0,0,0,0,0.0,9,4.5
1,Noah Fifita,158722,QB,ARIZONA,1,100.0,2,2,-2.5,2.05,0,0,0.0,100.0,2,0,0,0.0,2,0,0,109,64.4,63.8,62.7,60.0,0,0,2,0,,81.3,0.0,0,0,0,0,0,0,0.0,7,3.5
1,Kenny Minchey,171091,QB,NOTRE DAME,1,100.0,2,2,-1.0,2.5,0,0,0.0,100.0,2,0,2,0.0,2,0,0,258,61.8,63.3,62.7,,0,0,2,0,0.0,91.7,0.0,0,0,0,0,0,0,0.0,12,6.0
1,Jacolby Criswell,122830,QB,ARKANSAS,1,100.0,2,2,12.0,2.45,0,0,0.0,100.0,2,0,1,0.0,2,0,2,111,64.4,77.2,84.0,57.7,0,0,2,0,0.0,158.3,0.0,0,0,0,0,1,0,0.0,28,14.0
1,DJ Riles,156596,QB,MIDDLE TN,1,100.0,2,2,-1.0,1.3,0,0,0.0,100.0,2,0,0,0.0,2,0,0,224,66.2,62.7,72.9,54.7,0,0,2,0,,81.3,0.0,0,0,0,0,0,0,0.0,7,3.5
1,Justin Lynch,144392,HB,N ILLINOIS,1,100.0,1,1,-4.0,1.3,0,0,0.0,100.0,1,0,0,0.0,1,0,1,254,67.5,62.5,60.6,62.3,0,0,1,0,,135.4,0.0,0,0,0,0,1,0,0.0,7,7.0
1,Jaxon Dailey,156650,QB,ARK STATE,1,100.0,1,1,8.0,4.3,0,0,0.0,100.0,1,0,4,0.0,4,0,2,113,63.3,59.9,58.5,60.2,0,0,4,0,25.0,116.7,25.0,1,2,0,0,0,0,0.0,12,12.0
1,Tobin O'Dell,158800,QB,S DIEGO ST,1,0.0,1,1,55.0,6.1,0,0,0.0,0.0,0,0,1,,1,0,0,284,60.3,58.1,58.1,,0,1,1,0,0.0,0.0,0.0,0,0,0,0,0,0,0.0,0,0.0
1,Deuce Spann,129427,WR,FLORIDA ST,1,100.0,1,1,15.0,8.6,0,0,0.0,100.0,1,0,1,0.0,1,0,1,167,65.3,73.5,74.3,57.5,0,0,1,0,0.0,118.8,0.0,0,0,0,0,0,0,0.0,17,17.0
1,Fernando Mendoza,158323,QB,CAL,1,0.0,1,1,16.0,1.8,0,0,0.0,0.0,0,0,0,,1,0,0,130,9.1,30.0,48.5,49.4,0,0,1,0,,39.6,0.0,0,0,0,0,0,0,0.0,0,0.0
1,Tommy Ulatowski,163150,QB,KENT STATE,1,0.0,1,1,6.0,2.85,0,0,0.0,0.0,0,0,1,,2,0,0,201,61.8,50.6,50.4,,0,0,2,0,100.0,39.6,50.0,1,0,0,0,0,0,0.0,0,0.0
1,Dewayne Coleman,163179,QB,ARMY,1,100.0,1,1,9.0,4.47,0,0,0.0,100.0,1,0,2,0.0,3,0,0,114,62.7,46.6,51.7,57.3,0,0,3,0,50.0,79.2,33.3,1,1,0,0,0,0,0.0,-16,-16.0
1,Devaughn Vele,100637,WR,UTAH,1,0.0,1,1,25.0,3.1,0,0,0.0,0.0,0,0,0,,1,0,0,328,63.7,50.7,50.4,,0,0,1,0,,39.6,0.0,0,0,0,0,0,0,0.0,0,0.0
1,Dylan Morris,100570,QB,WASHINGTON,1,100.0,1,1,10.0,2.1,0,0,0.0,100.0,1,0,0,0.0,1,0,1,340,63.7,74.5,73.1,60.0,0,0,1,0,,158.3,0.0,0,0,0,0,1,0,0.0,31,31.0
1,Beau Pribula,164182,QB,PENN STATE,1,100.0,1,1,2.0,1.6,0,0,0.0,100.0,1,0,0,0.0,1,0,1,266,67.5,76.9,70.4,66.1,0,0,1,0,,95.8,0.0,0,0,0,0,0,0,0.0,7,7.0
1,Treshaun Ward,99619,HB,KANSAS ST,1,100.0,1,1,-8.0,2.8,0,0,0.0,100.0,1,0,0,0.0,1,0,1,199,73.4,69.5,60.4,70.1,0,0,1,0,,139.6,0.0,0,0,0,0,1,0,0.0,8,8.0
1,Drake Dabney,122264,TE,BAYLOR,1,0.0,1,1,4.0,3.1,0,0,0.0,0.0,0,0,0,,1,0,0,118,66.4,71.6,55.3,,0,0,1,1,,39.6,0.0,0,0,0,0,0,0,0.0,0,0.0
1,Davis Warren,73940,QB,MICHIGAN,1,0.0,1,1,5.0,3.2,0,0,0.0,0.0,0,0,1,,2,0,0,222,62.7,53.4,52.3,,0,0,3,0,100.0,39.6,50.0,1,0,0,0,0,0,0.0,0,0.0
1,Hunter Renner,129734,P,NWESTERN,1,100.0,1,1,5.0,1.8,0,0,0.0,100.0,1,0,0,0.0,1,0,0,256,60.3,60.6,60.6,,0,0,1,0,,95.8,0.0,0,0,0,0,0,0,0.0,7,7.0
1,Kyle Lowe,156595,QB,MIDDLE TN,1,100.0,1,1,-4.0,0.6,0,0,0.0,100.0,1,0,0,0.0,1,0,0,224,63.7,60.5,60.4,59.7,0,0,1,0,,79.2,0.0,0,0,0,0,0,0,0.0,-1,-1.0
1,Logan Fife,128176,QB,FRESNO ST,1,100.0,1,1,5.0,1.8,0,0,0.0,100.0,1,0,0,0.0,1,0,0,169,60.3,60.8,60.6,,0,0,1,0,,87.5,0.0,0,0,0,0,0,0,0.0,5,5.0
1,Jalen McMillan,131905,WR,WASHINGTON,1,100.0,1,1,9.0,2.6,0,0,0.0,100.0,1,0,0,0.0,1,0,1,340,70.7,77.6,71.7,63.1,0,0,1,0,,104.2,0.0,0,0,0,0,0,0,0.0,9,9.0
1,Nick Nash,98679,WR,S JOSE ST,1,0.0,1,1,4.0,3.2,0,0,0.0,0.0,0,0,1,,1,0,0,285,17.4,48.4,57.7,,0,0,1,0,0.0,39.6,0.0,0,0,0,0,0,0,0.0,0,0.0
1,Ty Simpson,157008,QB,ALABAMA,1,100.0,1,1,5.0,1.8,0,0,0.0,100.0,1,0,0,0.0,1,0,0,103,65.9,75.7,60.4,68.6,0,0,1,0,,87.5,0.0,0,0,0,0,0,0,0.0,5,5.0
1,Jarrett Guest,97997,QB,COAST CAR,1,100.0,1,1,-5.0,2.5,0,0,0.0,100.0,1,0,1,0.0,1,0,0,141,60.3,60.8,60.6,,0,0,1,0,0.0,118.8,0.0,0,0,0,0,0,0,0.0,18,18.0
1,Zion Webb,63555,QB,JVILLE ST,1,0.0,1,1,31.0,3.1,0,0,0.0,0.0,0,0,0,,1,0,0,196,61.8,47.5,47.5,,0,0,2,0,,39.6,0.0,0,0,0,0,0,0,0.0,0,0.0
1,Alex Honig,144681,TE,UCONN,1,0.0,1,1,15.0,2.8,0,0,0.0,0.0,0,0,0,,1,0,0,146,60.3,43.6,54.8,,0,0,1,0,,39.6,0.0,0,0,0,0,0,0,0.0,0,0.0
1,Katin Houser,158386,QB,MICH STATE,1,0.0,1,1,15.0,3.2,0,0,0.0,0.0,0,0,1,,2,0,0,223,61.8,15.5,16.2,,0,0,2,0,100.0,39.6,50.0,1,0,0,0,0,1,50.0,0,0.0
1,John Mateer,158516,QB,WASH STATE,1,100.0,1,1,5.0,1.8,0,0,0.0,100.0,1,0,0,0.0,1,0,1,341,68.7,75.2,60.4,68.9,0,0,1,0,,118.8,0.0,0,0,0,0,0,0,0.0,15,15.0
1,Kyron Drones,144506,QB,VA TECH,1,100.0,1,1,-4.0,1.3,0,0,0.0,100.0,1,0,1,0.0,1,0,0,337,67.5,66.6,60.6,63.2,0,0,1,0,0.0,100.0,0.0,0,0,0,0,0,0,0.0,8,8.0
1,Chase Artopoeus,100577,QB,CHATTNOOGA,1,55.6,45,48,12.2,2.82,2,1,2.1,45.8,22,0,10,12.0,54,3,19,137,69.9,75.8,76.0,63.7,0,1,54,1,0.0,72.5,0.0,0,6,0,1,2,0,0.0,311,6.5
1,Matthew Caldwell,150302,QB,GARD-WEBB,1,76.7,43,46,5.0,2.08,0,0,0.0,65.2,30,0,12,9.1,48,3,12,171,70.7,62.7,61.5,61.4,1,2,48,1,0.0,65.6,0.0,0,2,0,2,1,1,2.1,221,4.8
1,Marquez McCray,109056,QB,MONMOUTH,1,70.5,44,46,8.0,2.2,0,1,2.2,56.5,26,0,8,16.1,52,5,12,231,70.2,65.4,68.8,54.1,0,1,52,1,25.0,77.2,3.8,2,3,0,2,2,0,0.0,249,5.4
1,Jordan Cooke,175116,QB,IDAHO ST,1,52.4,42,44,8.5,2.48,2,3,6.1,47.7,21,0,15,4.5,47,1,9,186,69.8,43.6,42.9,60.6,0,2,52,0,6.7,48.4,2.1,1,2,0,0,1,3,5.8,189,4.3
1,Sam Huard,146463,QB,CAL POLY,1,61.9,42,42,12.7,2.61,0,4,8.5,54.8,23,0,9,11.5,43,3,14,129,69.9,82.9,82.1,60.0,0,1,48,0,11.1,82.8,2.3,1,0,0,0,1,1,2.1,374,8.9
1,Derek Robertson,142298,QB,MAINE,1,59.0,39,42,8.8,2.22,0,2,4.2,50.0,21,0,16,8.7,46,2,14,212,70.2,57.0,57.9,53.2,0,0,52,0,18.8,64.9,6.5,3,1,0,3,0,3,5.8,213,5.1
1,Casey Case,130402,QB,STNY BROOK,1,37.8,37,40,11.5,2.23,1,1,2.4,35.0,14,0,12,0.0,41,0,10,303,69.7,30.3,30.0,58.3,1,3,43,0,8.3,17.0,2.4,1,0,0,1,0,3,7.0,163,4.1
1,Kasim Hill,60444,QB,RHODE ISLD,1,77.1,35,40,9.7,2.73,0,4,9.8,60.0,24,0,12,11.1,43,3,14,274,44.8,90.0,87.6,70.8,1,2,44,1,16.7,107.1,4.7,2,1,0,4,4,1,2.3,408,10.2
1,Kekoa Visperas,147588,QB,E WASHGTON,1,63.9,36,39,10.8,2.59,2,4,10.3,59.0,23,0,21,0.0,43,0,10,161,72.6,74.8,74.8,63.2,0,1,43,0,14.3,77.6,7.0,3,1,0,1,1,2,4.7,267,6.8
1,Myles Crawley,141731,QB,GRAMBLING,1,76.3,38,39,8.6,2.53,0,2,4.5,66.7,26,0,10,10.3,40,3,11,177,69.4,84.6,83.7,,1,0,45,0,10.0,106.9,2.5,1,0,0,0,2,2,4.4,301,7.7
1,Ethan Roberts,138136,QB,TENN TECH,1,71.1,38,38,6.3,2.03,0,1,2.6,65.8,25,0,6,7.4,40,2,11,309,26.8,38.9,42.2,46.7,0,3,41,0,16.7,55.2,2.5,1,1,0,0,1,4,9.8,204,5.4
1,Will McElvain,88639,QB,CENT ARK,1,74.3,35,38,6.1,2.36,1,1,2.4,65.8,25,0,10,3.8,43,1,13,132,69.4,65.7,66.5,,0,0,47,1,50.0,104.6,11.6,5,0,0,2,2,0,0.0,275,7.2
1,Reese Poffenbarger,145346,QB,ALBANY,1,68.8,32,38,9.1,2.96,0,1,2.4,57.9,22,0,19,0.0,50,0,12,106,70.5,62.0,57.9,67.1,0,0,53,0,36.8,80.4,14.0,7,5,0,6,1,0,0.0,194,5.1
1,Brayten Silbor,159764,QB,LEHIGH,1,70.6,34,38,8.0,2.31,0,1,2.5,60.5,23,0,14,4.2,39,1,9,205,70.8,68.3,72.2,54.0,1,2,41,1,7.1,62.0,2.6,1,0,0,3,1,0,0.0,206,5.4
1,Ryan O'Connor,155510,QB,DELAWARE,1,76.5,34,38,12.1,2.97,3,3,7.9,63.2,24,0,19,7.7,44,2,17,151,70.1,70.8,71.6,55.9,1,2,44,0,26.3,80.0,11.4,5,1,0,0,1,4,9.1,351,9.2
1,Andrew Body,155202,QB,TEXAS STHN,1,67.6,34,38,10.0,2.39,1,3,7.7,47.4,18,0,3,21.7,40,5,13,313,72.5,76.1,72.4,70.4,0,3,41,0,0.0,66.3,0.0,0,2,0,3,3,1,2.4,286,7.5
1,Paxton DeLaurent,159618,QB,SE MO ST,1,72.7,33,36,4.8,2.45,0,0,0.0,66.7,24,0,16,0.0,41,0,9,293,70.5,61.0,56.2,70.2,0,0,43,0,25.0,82.3,9.8,4,1,0,3,0,0,0.0,213,5.9
1,Michael Hiers,88636,QB,SAMFORD,1,86.1,36,36,10.0,2.27,0,2,5.3,80.6,29,0,8,6.5,38,2,18,282,32.5,71.3,71.8,57.3,0,0,40,0,25.0,149.4,5.3,2,0,0,0,5,1,2.5,373,10.4
1,Bret Bushka,108927,QB,BUTLER,1,74.3,35,35,7.5,2.19,0,1,2.6,68.6,24,0,15,7.7,37,2,11,127,71.8,69.7,70.1,59.8,0,1,40,1,6.7,97.8,2.7,1,1,0,0,2,2,5.0,264,7.5
1,Nate Glantz,157587,QB,MCNEESE,1,50.0,34,35,12.6,3.07,0,0,0.0,42.9,15,0,17,11.8,48,2,11,217,72.1,60.0,49.0,75.2,0,0,49,1,41.2,57.6,14.6,7,6,0,1,0,1,2.0,166,4.7
1,Mike DiLiello,121801,QB,AUSTINPEAY,1,74.3,35,35,8.4,2.52,0,4,10.3,60.0,21,0,12,19.2,39,5,8,116,37.3,73.6,70.8,67.8,0,2,44,0,33.3,73.0,10.3,4,0,0,0,2,2,4.5,216,6.2
1,Victor Gabalis,131932,QB,TARLETON,1,58.8,34,35,12.0,2.38,0,2,5.6,57.1,20,0,6,0.0,36,0,15,401,31.9,63.8,67.2,46.6,0,2,37,1,16.7,95.4,2.8,1,0,0,1,3,1,2.7,344,9.8
1,Jacob Sirmon,83590,QB,N COLORADO,1,62.5,32,34,7.3,2.66,0,0,0.0,55.9,19,0,15,5.0,41,1,8,253,69.1,52.0,48.6,65.7,1,0,42,0,26.7,71.2,9.8,4,3,0,1,1,0,0.0,104,3.1
1,Theo Day,83515,QB,N IOWA,1,55.9,34,34,11.1,3.17,0,1,2.8,47.1,16,0,16,15.8,43,3,12,255,69.4,42.6,39.7,62.0,0,2,46,0,31.3,46.7,11.6,5,4,0,0,1,3,6.5,164,4.8
1,Quinton Williams,102366,QB,HOWARD,1,58.1,31,34,13.1,2.54,0,3,7.3,47.1,16,0,15,11.1,37,2,7,184,40.3,51.0,55.3,53.3,0,0,44,3,20.0,85.3,8.1,3,0,0,3,2,1,2.3,199,5.9
1,JR Blood,104782,QB,SOUTHERN U,1,50.0,34,34,13.7,2.59,0,1,2.9,50.0,17,0,20,0.0,41,0,10,297,69.9,51.3,50.4,61.8,0,2,41,1,10.0,50.4,4.9,2,5,0,0,1,3,7.3,174,5.1
1,Trazon Connley,75885,QB,PRVIEW A&M,1,77.4,31,34,11.9,3.44,0,2,5.9,58.8,20,0,12,16.7,40,4,14,270,41.6,67.8,72.4,54.7,0,1,40,1,25.0,92.2,7.5,3,3,0,3,2,2,5.0,275,8.1
1,Matt Morrissey,148177,QB,W ILLINOIS,1,69.2,26,33,8.5,2.4,0,2,6.1,54.5,18,0,18,0.0,35,0,13,345,70.5,71.7,70.4,63.4,2,0,35,1,11.1,99.1,5.7,2,0,0,5,2,1,2.9,248,7.5
1,Luke Bailey,143172,QB,DRAKE,1,58.6,29,33,11.6,3.2,0,1,3.0,45.5,15,0,20,11.8,35,2,10,153,30.4,50.3,54.1,52.3,0,1,35,1,0.0,60.8,0.0,0,2,0,4,1,1,2.9,185,5.6
1,Steven Krajewski,77650,QB,WAGNER,1,67.7,31,33,13.2,2.77,1,5,14.7,57.6,19,0,16,9.5,42,2,10,338,33.1,59.2,62.0,53.1,1,1,43,0,25.0,99.1,9.5,4,5,0,0,2,4,9.3,328,9.9
1,Luca Stanzani,159449,QB,LIUSHAR,1,75.0,32,33,7.6,2.94,0,0,0.0,63.6,21,0,20,12.5,41,3,7,1298,69.2,58.5,58.1,59.4,0,2,43,0,20.0,61.7,9.8,4,4,0,1,1,2,4.7,172,5.2
1,CJ Montes,146114,QB,FORDHAM,1,81.3,32,32,12.6,3.08,0,5,14.7,75.0,24,0,14,7.7,40,2,18,168,71.2,90.6,90.7,66.9,0,0,42,0,14.3,145.6,5.0,2,6,0,0,5,0,0.0,318,9.9
1,Carter Cravens,150714,QB,MOREHEAD,1,70.0,30,32,12.1,2.67,2,0,0.0,65.6,21,0,10,0.0,39,0,13,234,71.8,56.4,42.2,76.9,0,2,39,0,20.0,92.7,5.1,2,5,0,0,3,3,7.7,236,7.4
1,Kinkead Dent,99132,QB,TENN MARTN,1,71.0,31,32,6.7,2.35,1,0,0.0,56.3,18,0,8,18.2,38,4,8,310,70.3,54.6,54.8,60.6,0,0,40,1,12.5,76.0,2.6,1,3,0,0,1,0,0.0,128,4.0
1,Kyle Wickersham,148418,QB,RICHMOND,1,88.5,26,31,4.7,2.81,1,0,0.0,74.2,23,0,16,0.0,39,0,9,276,73.7,63.1,60.3,62.7,2,1,40,1,25.0,73.2,10.3,4,4,0,2,0,1,2.5,169,5.5
1,Zach Calzada,98006,QB,INCAR WORD,1,66.7,30,31,9.9,2.68,1,2,5.9,58.1,18,0,11,10.0,34,2,10,189,30.4,62.8,62.0,60.0,0,1,37,0,18.2,80.0,5.9,2,1,0,0,1,2,5.4,240,7.7
1,Nathan Kent,148446,QB,TOWSON,1,69.2,26,31,8.7,2.71,1,1,3.1,51.6,16,0,12,11.1,40,2,9,317,69.5,64.0,58.2,71.5,1,0,41,1,16.7,62.3,5.0,2,7,0,3,0,0,0.0,128,4.1
1,Miles Hastings,103943,QB,UC DAVIS,1,80.0,30,31,6.3,2.2,0,0,0.0,74.2,23,0,5,4.2,33,1,15,322,29.4,55.4,53.8,60.6,0,2,34,0,20.0,81.5,3.0,1,1,0,1,1,3,8.8,251,8.1
1,Brian Maurer,99123,QB,STF AUSTIN,1,66.7,27,30,4.9,2.0,0,0,0.0,56.7,17,0,5,5.6,31,1,6,301,69.0,58.3,58.2,57.6,2,1,33,0,0.0,51.0,0.0,0,1,0,1,0,1,3.0,112,3.7
1,Zack Annexstad,83516,QB,ILL STATE,1,80.0,30,30,6.6,2.05,0,1,3.3,76.7,23,0,7,4.2,31,1,13,188,68.3,83.3,82.4,,0,0,31,0,14.3,112.5,3.2,1,0,0,0,1,0,0.0,255,8.5
1,Gavin McCusker,148580,QB,MERRIMACK,1,53.6,28,30,11.1,2.98,0,0,0.0,50.0,15,0,14,0.0,41,0,12,385,71.9,59.0,45.6,73.9,1,0,44,0,21.4,68.5,7.3,3,7,0,1,0,1,2.3,178,5.9
1,Pierce Holley,108981,QB,E ILLINOIS,1,74.1,27,30,9.0,2.68,0,1,2.9,63.3,19,0,8,5.0,32,1,12,158,71.3,63.1,66.9,51.1,2,1,37,0,12.5,97.1,3.1,1,1,0,1,2,1,2.7,244,8.1
1,Carter Peevy,129563,QB,MERCER,1,73.9,23,30,7.1,2.81,3,0,0.0,53.3,16,0,12,5.9,34,1,7,219,34.9,55.3,47.8,77.8,0,1,36,2,25.0,51.8,8.8,3,1,0,4,0,3,8.3,138,4.6
1,Otto Kuhns,138014,QB,NORFOLK,1,59.3,27,29,15.7,3.15,0,3,10.0,37.9,11,0,10,31.3,33,5,7,244,33.3,66.6,70.2,55.1,1,1,35,0,10.0,65.9,3.0,1,3,0,1,2,1,2.9,164,5.7
1,Zevi Eckhaus,148535,QB,BRYANT,1,81.5,27,29,10.0,2.92,0,2,6.7,65.5,19,0,14,13.6,37,3,12,124,69.8,76.9,73.7,71.1,2,1,38,1,7.1,75.4,2.7,1,7,0,0,0,1,2.6,230,7.9
1,Pat McQuaide,145792,QB,NICHOLLS,1,64.3,28,29,6.8,2.55,0,1,2.9,51.7,15,0,9,16.7,34,3,10,243,70.7,44.2,42.5,57.7,0,1,39,0,33.3,70.5,8.8,3,2,0,1,1,2,5.1,196,6.8
1,Michael Appel Jr.,149746,QB,VALPO,1,70.4,27,29,9.7,2.63,1,0,0.0,58.6,17,0,13,10.5,36,2,7,332,21.2,48.7,45.6,64.1,1,0,39,0,38.5,73.2,13.9,5,2,0,0,0,2,5.1,155,5.3
1,Justin Allen,105560,QB,ELON,1,69.2,26,29,8.9,2.76,1,0,0.0,62.1,18,0,8,0.0,32,0,6,162,69.9,50.9,45.8,66.3,0,2,33,0,12.5,44.9,3.1,1,2,0,2,0,2,6.1,138,4.8
1,Ashur Carraha,165036,QB,STHLSK,1,59.3,27,29,7.4,2.8,1,1,3.2,51.7,15,0,15,6.3,32,1,9,1470,69.1,56.7,54.0,62.3,0,1,34,0,0.0,56.4,0.0,0,3,0,1,0,1,2.9,178,6.1
1,Collin Ironside,139107,QB,VA MILT IN,1,74.1,27,28,8.8,2.37,0,0,0.0,64.3,18,0,7,10.0,35,2,11,336,71.0,58.4,57.3,59.2,0,1,39,0,42.9,88.7,8.6,3,3,0,1,1,1,2.6,242,8.6
1,Tyler Vander Waal,60615,QB,NWSTATE,1,50.0,28,28,8.8,2.87,0,0,0.0,42.9,12,0,11,14.3,35,2,2,257,32.8,36.5,34.1,56.7,0,0,37,0,45.5,66.1,14.3,5,2,0,0,1,2,5.4,110,3.9
1,Noah Walters,164315,QB,N ALABAMA,1,69.2,26,28,11.4,2.28,1,3,10.7,57.1,16,0,3,11.1,29,2,10,389,37.3,77.6,76.9,65.0,0,0,29,0,33.3,129.6,3.4,1,0,0,1,4,1,3.4,271,9.7
1,Cade Pribula,105550,QB,SACR HEART,1,70.4,27,28,7.6,2.52,0,0,0.0,60.7,17,0,14,10.5,33,2,7,280,70.0,70.7,68.3,65.1,0,1,34,0,21.4,70.2,9.1,3,2,0,1,1,1,2.9,138,4.9
1,Darius Wilson,148492,QB,WM & MARY,1,81.8,22,27,6.3,3.34,2,2,7.4,63.0,17,0,8,5.6,30,1,11,348,70.3,80.3,78.0,69.1,0,0,31,0,0.0,107.3,0.0,0,3,0,3,2,0,0.0,182,6.7
1,Tyler Huff,142567,QB,FURMAN,1,62.5,24,27,7.0,2.62,3,2,7.4,55.6,15,0,9,0.0,34,0,12,170,70.0,63.4,65.0,57.4,0,1,34,0,22.2,59.5,5.9,2,5,0,0,0,1,2.9,172,6.4
1,Dom Nankil,182292,QB,SAN DIEGO,1,65.2,23,27,10.3,3.18,0,1,3.7,55.6,15,0,23,0.0,38,0,8,283,30.3,63.0,60.9,63.6,0,0,39,0,30.4,71.1,18.4,7,4,0,4,0,1,2.6,147,5.4
1,Brock Bagozzi,149648,QB,MARIST,1,53.8,26,26,10.5,2.35,0,0,0.0,46.2,12,0,4,14.3,30,2,6,213,68.9,29.0,28.1,59.7,0,2,32,0,0.0,23.9,0.0,0,3,0,0,0,3,9.4,96,3.7
1,Hajj-Malik Williams,102348,QB,CAMPBELL,1,84.6,26,26,8.5,2.79,0,0,0.0,84.6,22,0,6,0.0,33,0,12,131,70.5,82.8,85.0,62.3,0,0,35,0,33.3,115.7,6.1,2,5,0,0,1,0,0.0,226,8.7
1,Tommy Schuster,108954,QB,N DAKOTA,1,92.3,26,26,6.4,2.69,0,0,0.0,84.6,22,0,7,8.3,30,2,16,249,68.7,75.6,79.9,53.8,0,0,30,0,14.3,147.1,3.3,1,3,0,0,3,0,0.0,262,10.1
1,Sam Vidlak,146333,QB,MONTANA,1,69.6,23,25,9.1,2.68,1,1,3.8,56.0,14,0,5,12.5,26,2,7,232,68.5,66.2,67.0,57.3,0,2,27,1,0.0,57.9,0.0,0,0,0,1,1,1,3.7,175,7.0
1,Maverick McIvor,99476,QB,ABILENE CH,1,72.0,25,25,9.4,2.53,0,2,7.7,64.0,16,0,4,11.1,27,2,10,100,68.0,75.0,74.2,61.8,0,0,28,0,0.0,105.1,0.0,0,2,0,0,1,0,0.0,218,8.7
1,C.J. Duell,153949,QB,CENT CT ST,1,75.0,24,25,8.5,2.77,0,1,4.0,68.0,17,0,7,5.6,28,1,14,133,29.4,75.7,82.5,54.0,0,0,28,0,0.0,124.6,0.0,0,3,0,1,2,0,0.0,235,9.4
1,Max Brosmer,105568,QB,NEW HAMP,1,88.0,25,25,10.9,2.88,0,3,12.0,76.0,19,0,8,13.6,28,3,14,240,68.0,94.0,94.4,57.3,0,0,28,0,25.0,152.5,7.1,2,1,0,0,5,0,0.0,285,11.4
1,Aidan Bouman,122508,QB,S DAKOTA,1,72.7,22,25,6.3,2.65,1,1,3.7,60.0,15,0,16,6.3,30,1,10,291,68.9,60.3,64.6,50.5,0,0,32,0,12.5,90.1,6.7,2,3,0,2,1,1,3.1,148,5.9
1,Gavin Screws,97789,QB,INDIANA ST,1,65.2,23,24,8.0,3.09,0,0,0.0,54.2,13,0,13,13.3,30,2,7,191,68.8,29.9,29.3,58.4,1,2,30,0,23.1,32.6,10.0,3,3,0,0,0,3,10.0,116,4.8
1,Parker McKinney,82109,QB,E KENTUCKY,1,60.9,23,24,7.7,2.92,0,1,4.2,54.2,13,0,11,7.1,28,1,7,159,28.3,47.1,49.6,51.2,0,2,29,0,18.2,57.1,7.1,2,2,0,1,1,3,10.3,177,7.4
1,Cam Miller,125299,QB,N DAK ST,1,75.0,24,24,8.2,2.55,0,3,11.1,75.0,18,0,6,0.0,27,0,11,250,71.1,82.4,84.0,63.3,0,0,30,0,0.0,122.6,0.0,0,3,0,0,2,1,3.3,174,7.3
1,Cole Doyle,159501,QB,ST FRANCIS,1,66.7,24,24,8.0,2.37,0,1,4.2,58.3,14,0,11,12.5,28,2,7,299,68.6,62.9,64.4,55.2,0,0,28,0,27.3,104.5,10.7,3,1,0,0,1,1,3.6,230,9.6
1,Amari Powell,165320,QB,STTHOM,1,54.2,24,24,12.8,2.15,0,0,0.0,50.0,12,0,8,7.7,24,1,7,1129,70.9,75.0,67.1,75.5,0,0,25,0,0.0,62.0,0.0,0,0,0,0,0,0,0.0,105,4.4
1,Nic Baker,87541,QB,S ILLINOIS,1,81.0,21,23,7.5,3.51,2,3,10.7,69.6,16,0,13,5.9,26,1,11,295,69.3,85.3,81.7,71.0,0,0,31,0,7.7,139.3,3.8,1,2,0,0,3,1,3.2,219,9.5
1,Connor Watkins,108971,QB,VILLANOVA,1,69.6,23,23,9.3,2.24,0,1,4.3,56.5,13,0,3,18.8,25,3,5,334,69.0,66.3,62.6,66.4,0,1,26,0,66.7,81.6,8.0,2,0,0,0,2,1,3.8,119,5.2
1,Tyler Wesley,162286,QB,PRESBYTERN,1,60.0,20,23,12.8,2.48,3,1,4.2,47.8,11,0,9,8.3,26,1,5,271,71.8,51.6,47.1,62.7,0,1,27,0,22.2,49.0,7.7,2,1,0,0,0,1,3.7,139,6.0
1,Charlie Dean,108990,QB,W CAROLINA,1,69.6,23,23,5.6,2.27,0,0,0.0,65.2,15,0,9,6.3,23,1,6,344,26.3,43.1,42.9,,0,3,26,0,0.0,34.6,0.0,0,0,0,0,0,4,15.4,98,4.3
1,Robert Coleman,76149,QB,LAMAR,1,70.0,20,23,8.0,3.01,2,0,0.0,60.9,14,0,12,0.0,30,0,8,204,70.3,41.1,37.3,62.4,0,1,33,1,33.3,70.4,13.3,4,3,0,1,1,1,3.0,117,5.1
1,Kobe Tracy,141317,QB,UTAHTC,1,54.5,22,22,14.0,2.42,0,1,4.3,45.5,10,0,15,16.7,24,2,8,1285,67.7,49.0,48.6,,0,1,25,0,13.3,59.1,8.3,2,0,0,0,1,1,4.0,121,5.5
1,Tyler Knoop,108982,QB,GEORGETOWN,1,95.0,20,22,4.8,2.77,2,0,0.0,81.8,18,0,9,5.3,29,1,15,172,69.8,76.2,76.6,64.4,0,0,30,1,0.0,129.7,0.0,0,6,0,0,2,0,0.0,173,7.9
1,Xavier Lankford,142724,QB,ALAB A&M,1,68.4,19,22,10.6,2.31,1,1,4.5,50.0,11,0,10,15.4,26,2,6,104,70.5,69.6,63.0,69.7,0,0,26,0,10.0,78.8,3.8,1,3,0,2,1,0,0.0,105,4.8
1,Davius Richard,109077,QB,NC CENT,1,72.7,22,22,12.0,3.28,0,1,4.5,68.2,15,0,4,6.3,26,1,11,247,69.5,79.1,72.7,74.6,0,1,26,0,0.0,124.2,0.0,0,4,0,0,3,1,3.8,236,10.7
1,Jacob Clark,101628,QB,MO STATE,1,71.4,21,21,6.3,2.82,0,0,0.0,66.7,14,0,12,6.7,28,1,8,230,68.7,44.8,45.0,57.5,0,2,30,1,8.3,62.3,3.6,1,6,0,0,1,2,6.7,143,6.8
1,Jeremy Moussa,75887,QB,FL A&M,1,61.9,21,21,12.4,2.1,0,2,8.3,52.4,11,0,3,15.4,23,2,7,164,69.0,65.2,62.2,64.8,0,0,26,0,33.3,106.3,4.3,1,1,0,0,2,1,3.8,145,6.9
1,Kylan Weisser,78475,QB,WEBER ST,1,57.1,21,21,11.7,2.31,0,2,9.5,57.1,12,0,3,0.0,25,0,4,342,67.7,73.9,72.7,62.5,0,0,25,0,33.3,87.4,4.0,1,2,0,0,1,0,0.0,110,5.2
1,Dino Maldonado,78516,QB,MS VLY ST,1,72.2,18,21,7.7,2.47,0,0,0.0,52.4,11,0,7,15.4,27,2,6,228,69.1,59.5,57.4,61.4,2,0,28,0,42.9,82.6,11.1,3,3,0,1,1,2,7.1,106,5.0
1,Chris Zellous,153319,QB,HAMPTON,1,76.2,21,21,10.1,2.64,0,0,0.0,66.7,14,0,7,12.5,27,2,10,178,73.9,81.1,67.2,79.1,0,2,28,0,28.6,80.6,7.4,2,4,0,0,2,1,3.6,155,7.4
1,Mekhi Hagens,167009,QB,ARKAPB,1,61.9,21,21,12.7,2.7,0,0,0.0,47.6,10,0,14,23.1,28,3,9,112,69.1,59.3,57.1,61.8,0,1,28,0,21.4,43.6,10.7,3,4,0,0,0,0,0.0,109,5.2
1,Kai Millner,146286,QB,N ARIZONA,1,73.7,19,20,9.5,2.81,0,1,5.0,65.0,13,0,11,7.1,22,1,7,252,69.3,72.4,69.8,65.4,1,0,23,0,9.1,89.8,4.5,1,1,0,0,0,0,0.0,161,8.1
1,Cole Dow,108930,QB,DAYTON,1,57.9,19,20,8.6,3.18,1,0,0.0,50.0,10,0,9,9.1,24,1,4,150,32.3,60.3,45.3,72.0,0,0,24,0,11.1,56.9,4.2,1,3,0,0,0,1,4.2,63,3.2
1,Eli Sawyer,141870,QB,SE LA,1,81.3,16,19,2.1,2.08,2,0,0.0,57.9,11,0,5,15.4,21,2,3,294,24.3,45.7,44.3,,0,0,21,0,40.0,69.0,9.5,2,0,0,1,0,1,4.8,85,4.5
1,Gevani McCoy,147609,QB,IDAHO,1,73.7,19,19,9.4,2.98,0,0,0.0,73.7,14,0,9,0.0,24,0,11,185,67.7,75.0,75.2,63.5,0,1,25,0,11.1,112.6,4.2,1,4,0,0,2,1,4.0,164,8.6
1,Ralph Rucker IV,144625,QB,BUCKNELL,1,77.8,18,19,8.9,3.07,0,1,5.3,68.4,13,0,10,7.1,25,1,7,125,69.0,78.6,82.4,58.9,0,0,27,0,20.0,89.8,8.0,2,4,0,1,0,0,0.0,140,7.4
1,Boone Abbott,97807,QB,UTAHTC,1,73.7,19,19,8.4,2.32,0,1,5.3,57.9,11,0,8,21.4,21,3,4,1285,67.2,59.7,59.2,64.1,0,2,21,1,12.5,59.6,4.8,1,1,0,0,1,1,4.8,143,7.5
1,Mitch Davidson,138334,QB,YNGTOWN ST,1,73.7,19,19,4.8,2.3,0,0,0.0,57.9,11,0,1,21.4,22,3,8,353,68.0,67.8,61.4,69.3,0,0,22,0,0.0,96.4,0.0,0,3,0,0,1,0,0.0,130,6.8
1,Anthony Chiccitt,141376,QB,ROB MORRIS,1,89.5,19,19,2.8,2.06,0,0,0.0,78.9,15,0,7,11.8,22,2,7,277,25.9,61.6,73.4,37.1,0,0,23,0,14.3,108.1,4.5,1,1,0,0,1,1,4.3,109,5.7
1,Dematrius Davis Jr.,146660,QB,ALABAMA ST,1,73.7,19,19,5.2,2.74,0,1,5.0,68.4,13,0,15,7.1,28,1,8,105,70.6,75.1,77.5,63.0,0,0,29,0,26.7,130.2,14.3,4,4,0,0,2,0,0.0,164,8.6
1,Brady Meitz,149729,QB,STETSON,1,60.0,15,19,7.7,2.48,1,0,0.0,47.4,9,0,9,0.0,20,0,7,302,68.6,56.1,54.3,60.8,0,0,21,0,11.1,68.5,5.0,1,0,0,3,0,1,4.8,123,6.5
1,Jason Brown,109060,QB,JACKSON ST,1,62.5,16,18,7.9,2.6,1,1,5.6,50.0,9,0,11,10.0,25,1,3,194,23.8,30.0,36.5,50.1,0,0,26,0,27.3,60.6,12.0,3,2,0,1,0,2,7.7,73,4.1
1,Hunter Hays,141593,QB,IDAHO ST,1,66.7,18,18,8.3,2.61,0,2,9.5,55.6,10,0,9,16.7,21,2,5,186,70.4,66.7,66.1,61.7,0,1,25,0,33.3,74.8,14.3,3,0,0,0,1,1,4.0,134,7.4
1,Walter Simmons III,151059,QB,BETH COOK,1,70.6,17,18,2.2,2.08,1,0,0.0,55.6,10,0,5,16.7,24,2,1,119,70.0,59.0,58.5,59.4,0,0,26,1,40.0,60.9,8.3,2,3,0,0,0,0,0.0,18,1.0
1,Jonathan Murphy,104766,QB,KENNESAW,1,76.5,17,18,10.8,2.94,1,1,5.6,66.7,12,0,8,7.7,20,1,6,200,72.9,91.4,87.9,78.1,0,0,20,0,25.0,145.4,10.0,2,0,0,0,2,0,0.0,219,12.2
1,Andre Washington,165436,QB,SCAR STATE,1,47.1,17,17,11.4,2.13,0,0,0.0,35.3,6,0,7,25.0,21,2,3,290,71.7,36.8,29.9,60.4,0,1,22,0,14.3,21.4,4.8,1,1,0,0,0,3,13.6,59,3.5
1,Justin Miller,103941,QB,SO UTAH,1,56.3,16,17,12.0,2.62,0,1,5.3,47.1,8,0,8,11.1,18,1,3,298,68.1,72.6,69.3,56.7,0,0,20,0,0.0,91.3,0.0,0,1,0,1,1,0,0.0,124,7.3
1,Bryce Corriston,139140,QB,WOFFORD,1,75.0,16,17,5.4,2.67,0,0,0.0,70.6,12,0,11,0.0,23,0,4,350,27.6,34.8,44.4,37.6,0,0,25,0,36.4,111.6,17.4,4,2,0,1,1,1,4.0,127,7.5
1,DJ Williams,138061,QB,MURRAY ST,1,58.8,17,17,16.5,3.15,0,0,0.0,52.9,9,0,3,10.0,18,1,8,236,69.2,77.8,78.4,61.2,0,0,21,0,0.0,96.0,0.0,0,1,0,0,1,1,4.8,123,7.2
1,Tyler Riddell,102355,QB,E TENN ST,1,91.7,12,17,6.7,2.58,1,1,5.9,58.8,10,0,12,9.1,19,1,5,157,67.7,65.5,67.7,57.0,0,1,19,0,0.0,55.3,0.0,0,2,0,4,0,0,0.0,117,6.9
1,Kaiden Bennett,147778,QB,SACRAMENTO,1,73.3,15,16,14.5,2.43,0,4,25.0,68.8,11,0,2,0.0,16,0,7,279,72.5,86.8,91.0,62.2,0,0,16,0,0.0,151.0,0.0,0,0,0,1,2,1,6.3,221,13.8
1,Matt O'Connor,108972,QB,STETSON,1,86.7,15,16,4.7,2.44,1,1,5.6,62.5,10,0,5,23.1,18,3,3,302,69.1,78.5,70.7,73.9,0,0,20,0,20.0,75.5,5.6,1,1,0,0,0,0,0.0,82,5.1
1,Marqui Adams,161340,QB,DELWARE ST,1,53.3,15,16,16.3,3.63,1,1,5.3,50.0,8,0,7,0.0,21,0,6,152,69.4,55.8,57.6,56.3,0,0,24,0,14.3,90.1,4.8,1,4,0,0,1,1,4.2,98,6.1
1,Cole Gonzales,159939,QB,W CAROLINA,1,60.0,15,15,9.0,2.6,0,0,0.0,60.0,9,0,7,0.0,17,0,3,344,67.5,53.9,53.9,58.1,0,1,17,1,28.6,57.1,11.8,2,0,0,0,0,1,5.9,118,7.9
1,Zy McDonald,147137,QB,JACKSON ST,1,76.9,13,14,10.9,2.85,0,1,7.1,71.4,10,0,5,0.0,17,0,6,194,70.1,63.6,61.8,62.2,1,0,17,0,40.0,129.8,11.8,2,1,0,0,1,1,5.9,149,10.6
1,Cole Dugger,154197,QB,LNDNWD,1,69.2,13,14,15.7,2.64,1,3,21.4,64.3,9,0,1,0.0,14,0,8,949,66.2,90.7,90.6,,0,0,14,0,0.0,147.3,0.0,0,0,0,0,4,0,0.0,263,18.8
1,Ryan Schuster,159739,QB,LAFAYETTE,1,46.2,13,14,12.8,2.38,1,0,0.0,42.9,6,0,7,0.0,18,0,1,203,69.0,55.8,54.7,64.3,0,1,18,1,57.1,20.5,22.2,4,0,0,0,0,0,0.0,40,2.9
1,Michael Brescia,149295,QB,COLGATE,1,69.2,13,14,3.6,2.19,0,0,0.0,50.0,7,0,7,22.2,19,2,1,142,69.1,38.0,29.9,61.3,1,2,19,1,42.9,16.7,15.8,3,2,0,0,0,2,10.5,29,2.1
1,Matthew Sluka,143059,QB,HOLY CROSS,1,64.3,14,14,12.9,3.25,0,1,6.7,64.3,9,0,4,0.0,19,0,9,181,72.1,85.2,68.7,81.5,0,1,20,0,50.0,117.6,10.5,2,3,0,0,2,1,5.0,190,13.6
1,Aaron Angelos,100576,QB,DELWARE ST,1,64.3,14,14,6.0,2.75,0,0,0.0,57.1,8,0,7,11.1,18,1,1,152,67.7,46.4,47.7,53.9,0,0,19,0,42.9,65.2,16.7,3,1,0,0,0,0,0.0,52,3.7
1,Dante Chachere,103930,QB,PORTLAND,1,46.2,13,14,11.5,2.69,0,0,0.0,35.7,5,0,5,16.7,15,1,4,269,71.1,58.1,42.1,74.4,0,0,15,0,0.0,68.2,0.0,0,1,0,1,1,0,0.0,35,2.5
1,Tommy Mellott,147646,QB,MONTANA ST,1,78.6,14,14,12.2,2.84,0,0,0.0,57.1,8,0,6,27.3,16,3,9,233,70.1,91.1,84.6,83.1,0,0,16,1,0.0,120.2,0.0,0,2,0,0,1,0,0.0,157,11.2
1,Deveon Bryant,89422,QB,TENN STATE,1,60.0,10,12,12.9,3.16,1,1,7.7,41.7,5,0,6,16.7,12,1,2,308,70.5,58.2,44.3,72.8,0,2,13,0,0.0,12.2,0.0,0,0,0,1,0,2,15.4,43,3.6
1,Darius Perrantes,103934,QB,DUQUESNE,1,58.3,12,12,17.5,3.05,0,4,28.6,58.3,7,0,3,0.0,13,0,5,155,68.1,81.7,80.4,63.2,0,0,15,0,33.3,137.2,7.7,1,0,0,0,2,0,0.0,135,11.3
1,Peter Parrish,99138,QB,TXAMCO,1,60.0,10,12,4.2,3.08,1,0,0.0,50.0,6,0,9,0.0,17,0,5,1139,69.6,25.4,23.9,50.4,0,3,18,1,22.2,68.8,11.8,2,3,0,1,1,3,16.7,106,8.8
1,Cornelious Brown IV,98356,QB,ALAB A&M,1,83.3,12,12,4.9,2.6,0,0,0.0,58.3,7,0,5,30.0,14,3,2,104,66.2,61.0,63.5,57.0,0,1,14,0,20.0,29.2,7.1,1,1,0,0,0,0,0.0,38,3.2
1,Luke Durkin,149464,QB,DAVIDSON,1,50.0,12,12,12.4,2.08,0,1,8.3,50.0,6,0,4,0.0,13,0,4,149,67.8,54.2,51.9,58.8,0,1,13,0,0.0,65.6,0.0,0,1,0,0,1,2,15.4,83,6.9
1,Dante Casciola,149521,QB,DAYTON,1,77.8,9,11,4.8,2.99,2,0,0.0,63.6,7,0,5,0.0,15,0,3,150,66.4,52.1,54.7,56.3,0,0,15,0,60.0,71.4,20.0,3,1,0,0,0,0,0.0,43,3.9
1,Colby Suits,82143,QB,HOUCHR,1,63.6,11,11,15.1,2.32,0,2,18.2,63.6,7,0,5,0.0,14,0,5,183,66.2,75.3,75.2,,0,0,14,0,60.0,146.8,21.4,3,0,0,0,2,0,0.0,138,12.5
1,Blake Ellingson,149550,QB,DRAKE,1,50.0,8,11,6.6,2.53,0,0,0.0,27.3,3,0,5,25.0,11,1,1,153,65.6,55.1,54.6,,0,0,11,0,0.0,39.6,0.0,0,0,0,3,0,1,9.1,32,2.9
1,Carson Camp,141837,QB,SACRAMENTO,1,45.5,11,11,10.3,2.48,0,0,0.0,45.5,5,0,2,0.0,12,0,6,279,68.5,33.0,28.0,65.3,0,1,12,0,0.0,15.3,0.0,0,1,0,0,0,1,8.3,35,3.2
1,Tony Bartalo,162107,QB,CHARLES SO,1,70.0,10,11,15.9,3.02,0,1,7.7,45.5,5,0,4,28.6,14,2,6,135,69.5,65.7,66.4,59.3,0,0,16,0,50.0,77.5,14.3,2,1,0,1,0,0,0.0,99,9.0
1,Draylen Ellis,121346,QB,TENN STATE,1,37.5,8,10,6.8,2.7,0,0,0.0,30.0,3,0,7,0.0,11,0,2,308,66.8,51.8,46.8,63.4,0,0,12,0,14.3,39.6,9.1,1,0,0,2,0,0,0.0,24,2.4
1,Mark Gronowski,138303,QB,S DAK ST,1,90.0,10,10,8.1,2.43,0,1,10.0,80.0,8,0,2,11.1,12,1,6,292,65.8,86.8,88.6,61.6,0,0,12,0,0.0,150.4,0.0,0,2,0,0,1,0,0.0,121,12.1
1,Eli Brickhandler,160410,QB,NC A&T,1,55.6,9,9,17.0,3.79,0,0,0.0,33.3,3,0,7,40.0,17,2,1,246,69.5,57.0,37.8,73.5,0,0,17,0,57.1,42.4,23.5,4,4,0,0,0,0,0.0,24,2.7
1,Jamari Jones,161271,QB,MS VLY ST,1,77.8,9,9,6.4,2.94,0,0,0.0,77.8,7,0,4,0.0,13,0,2,228,26.4,54.5,40.1,66.2,0,0,14,0,0.0,79.2,0.0,0,4,0,0,0,2,14.3,24,2.7
1,Justin Fomby,103928,QB,HOUCHR,1,100.0,9,9,5.9,1.69,0,1,11.1,100.0,9,0,0,0.0,9,0,3,183,66.3,74.7,71.4,63.2,0,0,9,0,,146.3,0.0,0,0,0,0,1,0,0.0,92,10.2
1,Zachary Clement,105561,QB,SE LA,1,62.5,8,9,4.1,2.13,0,0,0.0,55.6,5,0,2,0.0,10,0,2,294,67.5,53.1,52.3,59.4,0,0,10,0,50.0,103.9,10.0,1,0,0,1,1,0,0.0,40,4.4
1,Aaron Allen,78494,QB,ALCORN ST,1,71.4,7,9,9.6,2.86,1,1,11.1,55.6,5,0,2,0.0,9,0,2,107,65.1,68.6,67.7,,0,0,9,0,0.0,68.8,0.0,0,0,0,1,0,0,0.0,44,4.9
1,Chase Mason,159444,QB,S DAK ST,1,55.6,9,9,11.3,2.19,0,0,0.0,55.6,5,0,1,0.0,10,0,4,292,67.5,65.1,51.2,75.0,0,0,10,0,0.0,79.4,0.0,0,1,0,0,0,0,0.0,67,7.4
1,Beau Brungard,164897,QB,YNGTOWN ST,1,85.7,7,8,8.1,2.6,0,0,0.0,75.0,6,0,4,0.0,11,0,4,353,67.6,83.7,73.3,74.3,0,0,11,0,25.0,85.4,9.1,1,2,0,1,0,0,0.0,40,5.0
1,Graeson Underwood,123202,QB,CITADEL,1,60.0,5,8,5.8,2.32,1,0,0.0,25.0,2,0,3,33.3,9,1,0,139,26.0,38.0,42.4,47.6,0,0,10,0,33.3,39.6,11.1,1,0,0,2,0,0,0.0,14,1.8
1,Kaleb Jackson,167198,QB,CHARLES SO,1,33.3,6,8,14.7,3.31,0,0,0.0,25.0,2,0,3,0.0,8,0,0,135,64.9,39.1,38.6,,1,0,8,0,0.0,39.6,0.0,0,0,0,1,0,0,0.0,9,1.1
1,Carson Baker,83548,QB,MORGAN ST,1,71.4,7,8,13.4,2.83,0,0,0.0,62.5,5,0,9,0.0,15,0,4,235,67.0,39.1,30.5,61.6,0,1,15,0,33.3,50.0,20.0,3,3,0,1,0,1,6.7,68,8.5
1,Tommy Rittenhouse,148028,QB,ILL STATE,1,85.7,7,7,3.1,2.2,0,0,0.0,85.7,6,0,1,0.0,8,0,3,188,67.4,64.5,64.7,60.2,0,0,9,0,0.0,81.5,0.0,0,1,0,0,0,0,0.0,25,3.6
1,Zach Marker,173615,QB,DELAWARE,1,66.7,6,7,7.5,2.78,0,0,0.0,57.1,4,0,1,0.0,8,0,3,151,66.2,42.2,42.5,56.5,0,1,8,0,0.0,50.6,0.0,0,1,0,1,0,1,12.5,68,9.7
1,Josh Magana,174601,QB,TXAMCO,1,71.4,7,7,7.3,2.63,0,0,0.0,71.4,5,0,2,0.0,7,0,1,1139,64.6,56.8,55.7,60.0,0,0,7,0,0.0,83.6,0.0,0,0,0,0,0,0,0.0,37,5.3
1,Matthew Downing,82120,QB,ELON,1,66.7,6,7,9.3,2.53,0,0,0.0,42.9,3,0,4,25.0,10,1,0,162,65.4,45.3,44.6,,1,0,10,0,75.0,50.3,30.0,3,0,0,0,0,0,0.0,17,2.4
1,Quincy Crittendon,149944,QB,SAMFORD,1,71.4,7,7,8.9,2.27,0,0,0.0,57.1,4,0,0,20.0,7,1,2,282,65.9,47.0,47.3,58.1,0,0,7,0,,84.2,0.0,0,0,0,0,0,1,14.3,58,8.3
1,Hunter Simmons,148254,QB,S ILLINOIS,1,57.1,7,7,12.6,2.63,0,0,0.0,57.1,4,0,2,0.0,8,0,3,295,64.9,51.0,44.5,63.7,0,0,8,0,0.0,75.9,0.0,0,1,0,0,0,1,12.5,44,6.3
1,Tyler Szalkowski,148497,QB,ROB MORRIS,1,83.3,6,7,1.7,1.99,0,0,0.0,71.4,5,0,3,0.0,10,0,0,277,17.6,34.9,36.0,57.3,0,0,10,0,33.3,74.1,10.0,1,1,0,1,0,0,0.0,16,2.3
1,Logan Gonzalez,159065,QB,PORTLAND,1,50.0,6,6,5.5,1.92,0,0,0.0,50.0,3,0,0,0.0,6,0,1,269,64.2,44.7,42.8,,0,0,6,1,,56.3,0.0,0,0,0,0,0,2,33.3,17,2.8
1,Luke Sprague,108964,QB,BETH COOK,1,75.0,4,6,7.0,2.4,1,1,16.7,50.0,3,0,3,0.0,8,0,1,119,15.7,42.0,47.7,,0,0,8,1,66.7,58.3,25.0,2,0,0,1,0,1,12.5,21,3.5
1,Walker Harris,150449,QB,NC CENT,1,100.0,6,6,4.3,2.31,0,0,0.0,83.3,5,0,2,16.7,7,1,3,247,65.9,83.7,79.6,65.5,0,0,7,0,0.0,95.1,0.0,0,1,0,0,0,0,0.0,41,6.8
1,Tre Simmons,172766,QB,MCNEESE,1,60.0,5,6,10.0,2.4,0,0,0.0,50.0,3,0,1,0.0,6,0,1,217,67.0,56.7,52.8,62.8,0,1,6,0,0.0,20.1,0.0,0,0,0,1,0,0,0.0,23,3.8
1,Adam Damante,170711,QB,N ARIZONA,1,60.0,5,6,14.0,3.1,0,0,0.0,50.0,3,0,1,0.0,6,0,1,252,15.8,30.9,30.8,59.1,0,0,6,0,0.0,60.4,0.0,0,0,0,1,0,2,33.3,24,4.0
1,Matt Robinson,82130,QB,DUQUESNE,1,50.0,4,5,8.0,3.22,0,0,0.0,40.0,2,0,2,0.0,5,0,1,155,67.1,45.9,50.5,63.1,0,0,7,2,0.0,87.5,0.0,0,0,0,1,1,0,0.0,6,1.2
1,Dominique Anthony,145350,QB,MORGAN ST,1,40.0,5,5,9.2,2.53,0,0,0.0,40.0,2,0,2,0.0,6,0,1,235,24.2,47.1,48.3,53.8,0,0,6,0,0.0,62.1,0.0,0,1,0,0,0,0,0.0,32,6.4
1,Tyler Macon,146873,QB,ALCORN ST,1,0.0,3,5,19.3,3.5,2,0,0.0,0.0,0,0,2,,6,0,0,107,68.0,37.3,24.6,73.4,0,2,6,0,0.0,0.0,0.0,0,1,0,0,0,2,33.3,0,0.0
1,Zach Osborne,160474,QB,COLGATE,1,60.0,5,5,3.8,2.6,0,0,0.0,60.0,3,0,2,0.0,5,0,0,142,26.4,44.3,47.1,53.2,0,0,5,0,0.0,65.4,0.0,0,0,0,0,0,0,0.0,16,3.2
1,Jalen Macon,153929,QB,ARKAPB,1,100.0,5,5,4.2,3.26,0,1,20.0,100.0,5,0,5,0.0,9,0,2,112,65.1,70.7,79.1,58.0,0,0,9,0,20.0,100.8,11.1,1,3,0,0,0,0,0.0,41,8.2
1,Damien Mazil,159562,QB,WAGNER,1,20.0,5,5,15.8,3.23,0,0,0.0,20.0,1,0,2,0.0,6,0,1,338,64.2,40.2,41.3,57.8,0,0,6,0,0.0,39.6,0.0,0,1,0,0,0,1,16.7,10,2.0
1,Trey Feeney,148125,QB,N DAKOTA,1,80.0,5,5,9.4,2.34,0,1,20.0,80.0,4,0,1,0.0,5,0,4,249,63.8,92.1,92.1,,0,0,5,0,0.0,158.3,0.0,0,0,0,0,1,0,0.0,102,20.4
1,Eric Phoenix,177526,QB,MURRAY ST,1,100.0,5,5,14.4,2.8,0,1,20.0,80.0,4,0,1,20.0,5,1,3,236,63.8,69.4,75.9,,0,0,5,1,0.0,158.3,0.0,0,0,0,0,1,0,0.0,120,24.0
1,Jon Bell,148223,QB,S DAK ST,1,75.0,4,4,13.8,2.23,0,0,0.0,25.0,1,0,1,66.7,4,2,0,292,69.0,71.0,62.9,69.8,0,0,7,0,0.0,39.6,0.0,0,0,0,0,0,0,0.0,6,1.5
1,Nick Semptimphelter,142984,QB,BUCKNELL,1,75.0,4,4,2.5,2.18,0,0,0.0,50.0,2,0,2,33.3,6,1,0,125,64.6,46.4,46.1,,0,0,7,0,100.0,56.3,33.3,2,0,0,0,0,0,0.0,6,1.5
1,Quayde Hawkins,147245,QB,ABILENE CH,1,50.0,4,4,4.8,2.48,0,0,0.0,50.0,2,0,0,0.0,5,0,1,100,65.5,49.5,44.6,61.1,0,0,5,0,,56.3,0.0,0,1,0,0,0,0,0.0,6,1.5
1,Cooper Justice,131858,QB,LNDNWD,1,100.0,3,3,14.3,2.33,0,1,33.3,100.0,3,0,1,0.0,3,0,3,949,66.4,91.9,92.1,64.5,0,0,3,0,0.0,158.3,0.0,0,0,0,0,1,0,0.0,75,25.0
1,Carter Davis,154196,QB,LNDNWD,1,33.3,3,3,16.3,2.33,0,0,0.0,33.3,1,0,1,0.0,3,0,0,949,67.7,61.0,48.8,66.7,0,0,3,0,0.0,42.4,0.0,0,0,0,0,0,0,0.0,9,3.0
1,Jordyn Potts,174577,QB,TENN TECH,1,50.0,2,3,13.5,6.1,0,0,0.0,33.3,1,0,1,0.0,3,0,0,309,66.4,46.3,37.1,63.6,0,1,3,0,0.0,2.8,0.0,0,0,0,1,0,1,33.3,8,2.7
1,James Mott III,145185,QB,VILLANOVA,1,66.7,3,3,2.7,2.0,0,0,0.0,66.7,2,0,0,0.0,3,0,0,334,62.7,41.4,49.7,,0,0,3,1,,70.1,0.0,0,0,0,0,0,0,0.0,9,3.0
1,Brody Palhegyi,150004,QB,W CAROLINA,1,33.3,3,3,15.0,2.43,0,0,0.0,33.3,1,0,0,0.0,4,0,1,344,66.6,53.7,51.9,59.1,0,0,4,0,,45.1,0.0,0,1,0,0,0,0,0.0,11,3.7
1,Jayden Stinson,138056,QB,MURRAY ST,1,66.7,3,3,0.3,1.87,0,0,0.0,66.7,2,0,0,0.0,3,0,1,236,67.7,59.5,56.0,60.8,0,0,3,0,,88.2,0.0,0,0,0,0,0,0,0.0,22,7.3
1,Angel Flores,164493,QB,N ARIZONA,1,66.7,3,3,6.7,1.53,0,0,0.0,66.7,2,0,1,0.0,3,0,0,252,20.3,53.9,62.3,54.3,0,0,3,0,0.0,70.1,0.0,0,0,0,0,0,0,0.0,1,0.3
1,Barry Kleinpeter,159173,QB,NEW HAMP,1,100.0,3,3,-1.0,2.47,0,0,0.0,0.0,0,0,2,100.0,3,3,0,240,67.7,59.0,63.9,61.7,0,0,3,1,0.0,39.6,0.0,0,0,0,0,0,0,0.0,0,0.0
1,Clifton McDowell,98003,QB,MONTANA,1,33.3,3,3,10.3,2.68,0,0,0.0,33.3,1,0,1,0.0,6,0,1,232,72.7,89.5,68.1,79.5,0,0,6,0,0.0,42.4,0.0,0,2,0,0,0,0,0.0,4,1.3
1,Dean DeNobile,159740,QB,LAFAYETTE,1,66.7,3,3,12.0,3.43,0,0,0.0,66.7,2,0,1,0.0,4,0,3,203,69.7,80.5,59.6,81.5,0,0,7,0,0.0,97.9,0.0,0,1,0,0,0,0,0.0,29,9.7
1,Cole Payton,148154,QB,N DAK ST,1,33.3,3,3,6.7,2.7,0,0,0.0,33.3,1,0,1,0.0,4,0,0,250,70.4,72.8,45.4,78.2,0,0,4,0,100.0,42.4,25.0,1,0,0,0,0,0,0.0,2,0.7
1,Jordan Reed,159013,QB,MONTANA ST,1,100.0,2,2,6.5,3.2,0,0,0.0,100.0,2,0,0,0.0,2,0,2,233,67.6,88.1,74.1,72.1,0,0,2,0,,150.0,0.0,0,0,0,0,1,0,0.0,21,10.5
1,Grant Harper,142158,QB,UC DAVIS,1,0.0,2,2,18.0,2.6,0,0,0.0,0.0,0,0,0,,2,0,0,322,64.4,50.3,48.4,60.0,0,1,2,0,,0.0,0.0,0,0,0,0,0,0,0.0,0,0.0
1,Sean Chambers,75888,QB,MONTANA ST,1,100.0,2,2,9.5,3.4,0,0,0.0,100.0,2,0,1,0.0,2,0,2,233,71.2,81.4,73.7,66.5,0,0,2,0,0.0,118.8,0.0,0,0,0,0,0,0,0.0,53,26.5
1,Ridge Docekal,158965,QB,BRYANT,1,0.0,1,2,5.0,2.9,0,0,0.0,0.0,0,0,0,,2,0,0,124,61.8,42.9,43.5,,0,0,2,0,,39.6,0.0,0,0,0,1,0,0,0.0,0,0.0
1,Carson Jones,159807,QB,FURMAN,1,100.0,1,2,5.0,2.65,0,0,0.0,50.0,1,0,1,0.0,2,0,1,170,64.4,60.4,58.9,60.0,0,0,2,0,0.0,81.3,0.0,0,0,0,1,0,0,0.0,18,9.0
1,Hess Horne,148110,QB,MERCER,1,50.0,2,2,5.5,2.15,0,0,0.0,50.0,1,0,1,0.0,2,0,0,219,10.6,27.5,51.1,60.0,0,0,2,0,0.0,56.3,0.0,0,0,0,0,0,0,0.0,4,2.0
1,Evan Olaes,146018,QB,INDIANA ST,1,0.0,2,2,7.0,3.23,0,0,0.0,0.0,0,0,1,,3,0,1,191,71.7,42.8,24.0,64.8,0,2,3,0,0.0,0.0,0.0,0,1,0,0,0,1,33.3,0,0.0
1,Cameron Hergott,164247,QB,E KENTUCKY,1,,0,1,,3.6,0,0,0.0,0.0,0,0,1,,1,0,0,159,70.5,90.7,60.0,81.9,0,0,1,0,0.0,39.6,0.0,0,0,0,1,0,0,0.0,0,0.0
1,Baron May,76359,QB,E TENN ST,1,0.0,1,1,4.0,4.22,0,0,0.0,0.0,0,0,4,,6,0,0,157,1.1,18.6,16.4,33.6,0,1,7,0,75.0,0.0,50.0,3,2,0,0,0,4,57.1,0,0.0
1,Grady Robison,123463,QB,SO UTAH,1,100.0,1,1,14.0,6.2,0,0,0.0,100.0,1,0,1,0.0,1,0,1,298,63.7,78.2,72.6,62.9,0,0,1,0,0.0,118.8,0.0,0,0,0,0,0,0,0.0,16,16.0
1,Kody Sparks,130385,QB,TENN MARTN,1,100.0,1,1,-1.0,2.9,0,0,0.0,0.0,0,0,0,100.0,1,1,0,310,60.3,53.1,60.4,,0,1,1,1,,0.0,0.0,0,0,0,0,0,0,0.0,0,0.0
1,Patrick Heitert,126526,QB,SE MO ST,1,100.0,1,1,1.0,1.2,0,0,0.0,100.0,1,0,0,0.0,1,0,0,293,63.7,59.1,60.4,60.0,0,0,1,0,,100.0,0.0,0,0,0,0,0,0,0.0,8,8.0
1,Aidan Dunne,148181,QB,N IOWA,1,100.0,1,1,9.0,5.7,0,0,0.0,100.0,1,0,0,0.0,1,0,0,255,60.3,78.1,77.2,,0,0,1,0,,104.2,0.0,0,0,0,0,0,0,0.0,9,9.0
1,Nik Scalzo,99137,QB,SAMFORD,1,100.0,1,1,-1.0,1.6,0,0,0.0,100.0,1,0,0,0.0,1,0,0,282,65.9,61.0,60.6,59.6,0,0,1,0,,87.5,0.0,0,0,0,0,0,0,0.0,5,5.0
1,Jake Stearney,171991,QB,COLGATE,1,100.0,1,1,7.0,1.7,0,0,0.0,100.0,1,0,0,0.0,1,0,0,142,60.3,61.3,60.4,,0,0,1,0,,95.8,0.0,0,0,0,0,0,0,0.0,7,7.0
1,Tak Tateoka,172179,QB,STTHOM,1,100.0,1,1,4.0,1.8,0,0,0.0,100.0,1,0,0,0.0,1,0,0,1129,68.7,75.8,61.0,66.0,0,0,1,0,,83.3,0.0,0,0,0,0,0,0,0.0,4,4.0
1,Matt Jenner,174488,QB,CENT CT ST,1,100.0,1,1,16.0,2.4,0,1,100.0,100.0,1,0,0,0.0,1,0,1,133,60.3,90.0,87.9,,0,0,1,0,,118.8,0.0,0,0,0,0,0,0,0.0,19,19.0
1,Junior Bergen,147642,WR,MONTANA,1,100.0,1,1,16.0,3.7,0,0,0.0,100.0,1,0,0,0.0,1,0,1,232,70.8,87.8,74.3,,0,0,1,0,,118.8,0.0,0,0,0,0,0,0,0.0,31,31.0
1,Lan Larison,142157,HB,UC DAVIS,1,100.0,1,1,11.0,3.6,0,0,0.0,100.0,1,0,1,0.0,1,0,1,322,75.1,78.6,72.6,78.7,0,0,1,0,0.0,112.5,0.0,0,0,0,0,0,0,0.0,11,11.0
1,Justin Pegues,161679,HB,TENN TECH,1,,0,1,,6.0,0,0,0.0,0.0,0,0,1,,1,0,0,309,67.2,66.5,60.0,57.5,1,0,1,0,0.0,39.6,0.0,0,0,0,0,0,0,0.0,0,0.0
1,T.J. Smith,156533,QB,N ALABAMA,1,,0,1,,2.8,0,0,0.0,0.0,0,0,1,,1,0,0,389,63.7,55.0,60.0,59.1,1,0,1,0,0.0,39.6,0.0,0,0,0,0,0,0,0.0,0,0.0
1,Jack Layne,158966,QB,IDAHO,1,100.0,1,1,19.0,4.37,0,0,0.0,100.0,1,0,1,0.0,3,0,2,185,66.4,79.1,73.1,66.5,0,0,3,0,0.0,158.3,0.0,0,2,0,0,1,0,0.0,15,15.0
1,Anthony Harris,142285,QB,MAINE,1,0.0,1,1,6.0,4.8,0,0,0.0,0.0,0,0,0,,1,0,0,212,60.3,52.0,53.7,,0,0,1,0,,39.6,0.0,0,0,0,0,0,0,0.0,0,0.0
1,Noah Bodden,150881,QB,SOUTHERN U,1,0.0,1,1,16.0,4.5,0,0,0.0,0.0,0,0,1,,1,0,0,297,60.3,50.3,50.6,,0,0,1,0,0.0,39.6,0.0,0,0,0,0,0,0,0.0,0,0.0
1,Aaron Moore,84361,WR,NORFOLK,1,0.0,1,1,48.0,3.3,0,0,0.0,0.0,0,0,0,,1,0,0,244,65.3,46.9,49.9,,0,0,1,0,,39.6,0.0,0,0,0,0,0,0,0.0,0,0.0
1,Ross Tallarico,142385,HB,STNY BROOK,1,100.0,1,1,14.0,2.9,0,0,0.0,0.0,0,0,1,100.0,1,1,0,303,69.0,65.6,54.8,69.1,0,0,1,0,0.0,39.6,0.0,0,0,0,0,0,0,0.0,0,0.0
1,Dante Perri,143112,QB,LEHIGH,1,0.0,1,1,37.0,3.6,0,0,0.0,0.0,0,0,0,,2,0,0,205,64.4,60.3,58.1,60.9,0,0,2,0,,39.6,0.0,0,1,0,0,0,0,0.0,0,0.0
1,Preston Weeks,77658,QB,STF AUSTIN,1,100.0,1,1,6.0,1.6,0,0,0.0,100.0,1,0,0,0.0,1,0,1,301,60.3,60.9,60.4,,0,0,1,0,,118.8,0.0,0,0,0,0,0,0,0.0,24,24.0
1,Guenson Alexis,148625,QB,WAGNER,1,0.0,1,1,-3.0,3.1,0,0,0.0,0.0,0,0,0,,1,0,0,338,67.5,77.1,60.4,68.0,0,0,1,0,,39.6,0.0,0,0,0,0,0,0,0.0,0,0.0
1,Davis Bryson,160369,QB,KENNESAW,1,100.0,1,1,4.0,2.5,0,0,0.0,100.0,1,0,0,0.0,1,0,1,200,68.7,85.9,60.4,75.5,0,0,1,0,,118.8,0.0,0,0,0,0,0,0,0.0,30,30.0
1,Jack Bill,108992,WR,BUTLER,1,0.0,1,1,32.0,2.9,0,0,0.0,0.0,0,0,1,,1,0,0,127,66.1,58.8,50.1,,0,0,1,0,0.0,39.6,0.0,0,0,0,0,0,0,0.0,0,0.0
1,Jeffrey Jackson,143208,QB,VALPO,1,0.0,1,1,5.0,1.6,0,0,0.0,0.0,0,0,1,,1,0,0,332,60.3,54.2,55.3,,0,0,1,0,0.0,39.6,0.0,0,0,0,0,0,0,0.0,0,0.0
1,Jordan Heisey,161223,QB,DUQUESNE,1,100.0,1,1,8.0,1.9,0,0,0.0,100.0,1,0,0,0.0,1,0,1,155,68.7,70.8,71.9,61.2,0,0,1,0,,112.5,0.0,0,0,0,0,0,0,0.0,11,11.0
1,Fabian McCray,97862,WR,JACKSON ST,1,100.0,1,1,6.0,4.1,0,0,0.0,0.0,0,0,1,100.0,1,1,0,194,60.3,52.4,71.9,,0,0,1,0,0.0,39.6,0.0,0,0,0,0,0,0,0.0,0,0.0
1,Dre Tucker,78959,WR,MONMOUTH,1,,0,1,,3.4,0,0,0.0,0.0,0,0,1,,1,0,0,231,62.4,58.7,60.0,,0,0,1,0,0.0,39.6,0.0,0,0,0,1,0,0,0.0,0,0.0
1,Ty Englehart,162239,QB,PRESBYTERN,1,0.0,1,1,7.0,3.1,0,0,0.0,0.0,0,0,1,,1,0,0,271,63.7,24.9,25.1,59.4,0,0,1,0,0.0,39.6,0.0,0,0,0,0,0,1,100.0,0,0.0
1,Cooper Willman,138032,WR,E ILLINOIS,1,100.0,1,1,29.0,4.0,0,1,100.0,0.0,0,0,1,100.0,1,1,0,158,67.8,76.4,88.1,,0,0,1,0,0.0,39.6,0.0,0,0,0,0,0,0,0.0,0,0.0
1,Dylan Ramirez,166206,QB,N GREENVLE,1,87.1,31,33,7.9,2.56,0,1,3.0,63.6,21,0,16,22.2,45,6,10,390,24.9,55.1,62.8,52.2,0,1,45,2,31.3,82.9,11.1,5,6,0,2,1,2,4.4,240,7.3
1,JJ Lemming,136142,QB,CENT WASH,1,50.0,28,31,10.1,2.43,2,0,0.0,35.5,11,0,13,21.4,34,3,3,367,69.6,37.9,38.8,52.8,0,0,35,0,15.4,44.2,5.9,2,1,0,1,0,1,2.9,90,2.9
1,Preston Roberts,180955,QB,TUSCUL,1,60.7,28,31,11.5,2.32,1,0,0.0,54.8,17,0,8,0.0,35,0,9,1149,29.3,45.7,39.7,68.4,0,4,38,0,25.0,43.0,5.7,2,1,0,2,1,5,13.2,179,5.8
1,Dustin Noller,160806,QB,LIMEST,1,88.5,26,29,7.0,2.6,0,0,0.0,75.9,22,0,14,4.3,39,1,15,1283,33.2,67.5,71.7,52.9,0,0,41,0,35.7,125.8,12.8,5,5,0,3,2,1,2.4,261,9.0
1,Harold Cook,141434,QB,SHORTER,1,71.4,28,28,4.2,2.8,0,2,6.5,71.4,20,0,9,0.0,33,0,9,396,69.7,71.9,70.3,64.1,0,0,36,0,22.2,98.8,6.1,2,3,0,0,1,0,0.0,170,6.1
1,Tanner Clarkson,179154,QB,BLHLYJ,1,75.0,28,28,9.1,2.89,0,2,6.7,67.9,19,0,21,9.5,40,2,14,1227,37.9,61.7,67.6,49.0,0,1,43,0,33.3,115.5,17.5,7,5,0,0,2,1,2.3,322,11.5
1,Cephas Williams,180309,QB,AMRINT,1,54.2,24,26,10.3,2.73,0,0,0.0,34.6,9,0,20,30.8,34,4,4,737,31.9,44.9,38.9,65.5,0,0,36,0,25.0,43.4,14.7,5,3,1,1,0,2,5.6,65,2.5
1,Amir Jenkins,150757,QB,BOWIE ST,1,72.0,25,25,7.8,2.74,0,2,8.0,72.0,18,0,11,0.0,34,0,9,365,69.5,67.0,76.3,48.4,0,0,34,1,45.5,102.9,14.7,5,4,0,0,0,0,0.0,245,9.8
1,Daylin Lee,181122,QB,WSRAMS,1,68.2,22,23,14.6,2.79,0,3,12.0,60.9,14,0,5,6.7,27,1,10,1206,29.1,84.3,84.4,63.5,0,0,29,0,40.0,102.8,7.4,2,2,0,1,1,1,3.4,196,8.5
1,Matt Carlisle,138330,QB,EDNBFS,1,59.1,22,23,7.5,2.5,1,1,4.3,43.5,10,0,10,23.1,30,3,4,860,23.4,42.1,29.9,72.9,0,3,30,1,40.0,26.8,13.3,4,3,0,0,1,4,13.3,75,3.3
1,Gannon Winker,152435,QB,W OREGON,1,60.9,23,23,6.4,2.07,0,0,0.0,52.2,12,0,8,14.3,23,2,2,411,68.9,36.1,33.8,56.2,0,3,25,0,0.0,18.5,0.0,0,0,0,0,0,2,8.0,67,2.9
1,Keely Watson,165483,QB,STTMFL,1,63.2,19,20,12.1,2.32,0,0,0.0,45.0,9,0,6,25.0,20,3,6,1477,67.9,59.1,58.7,59.6,0,1,21,0,0.0,50.6,0.0,0,0,0,1,0,1,4.8,153,7.7
1,Romelo Williams,78489,QB,VIRSTA,1,76.5,17,18,14.9,2.94,0,2,10.5,66.7,12,0,10,7.7,25,1,9,1164,18.5,78.9,90.8,50.0,0,0,26,1,20.0,104.4,8.0,2,5,0,1,1,0,0.0,122,6.8
1,Ty'Quan Wiggins,165471,QB,STTMFL,1,76.5,17,17,8.8,2.74,0,2,11.1,70.6,12,0,4,7.7,19,1,9,1477,69.7,80.8,72.1,75.9,0,0,20,0,0.0,102.8,0.0,0,2,0,0,0,1,5.0,171,10.1
1,Jacob Leair,181686,QB,WISCSP,1,69.2,13,13,5.0,3.45,0,0,0.0,61.5,8,0,7,11.1,17,1,2,1212,68.3,59.1,48.1,73.5,0,0,18,0,42.9,65.9,17.6,3,1,0,0,0,0,0.0,20,1.5
1,Mylik Mitchell,26942,QB,FERRIS,1,66.7,12,12,18.3,3.25,0,1,7.1,58.3,7,0,3,12.5,13,1,7,868,12.6,54.2,71.3,33.2,0,0,15,0,0.0,128.8,0.0,0,1,0,0,1,0,0.0,145,12.1
1,Charlie Smith,181723,QB,WISCSP,1,60.0,10,10,5.2,2.79,0,0,0.0,50.0,5,0,2,16.7,11,1,0,1212,66.7,45.8,52.0,50.0,0,0,11,0,0.0,56.3,0.0,0,1,0,0,0,0,0.0,26,2.6
1,Damon Mapp,182187,QB,ARKBC,1,50.0,8,8,4.9,1.99,0,0,0.0,37.5,3,0,4,25.0,8,1,2,1515,69.8,61.2,64.1,56.8,0,1,8,0,0.0,15.1,0.0,0,0,0,0,0,0,0.0,41,5.1
1,Cal Endicott,187666,QB,LIMEST,1,66.7,6,7,10.3,3.4,0,1,14.3,57.1,4,0,4,0.0,7,0,3,1283,64.6,54.4,54.4,,0,1,7,0,0.0,94.3,0.0,0,0,0,1,1,1,14.3,75,10.7
1,Trinidad Chambliss,178723,QB,FERRIS,1,57.1,7,7,17.9,2.63,0,2,28.6,42.9,3,0,1,25.0,7,1,3,868,71.0,91.7,85.0,79.2,0,0,7,0,0.0,125.0,0.0,0,0,0,0,2,0,0.0,80,11.4
1,Stephen Schreiter,181715,QB,WISCSP,1,71.4,7,7,7.1,3.5,0,0,0.0,71.4,5,0,3,0.0,7,0,2,1212,64.9,72.4,71.9,,0,0,8,0,0.0,132.1,0.0,0,0,0,0,1,0,0.0,52,7.4
1,Jordan Davis,179823,QB,VIRSTA,1,80.0,5,5,6.4,2.47,0,0,0.0,80.0,4,0,2,0.0,6,0,2,1164,65.7,62.2,61.6,60.0,0,0,6,0,50.0,107.5,16.7,1,0,0,0,0,0,0.0,49,9.8
1,Isaac Bernard,179471,QB,EDNBFS,1,100.0,3,5,3.0,2.73,0,0,0.0,60.0,3,0,5,0.0,7,0,2,860,64.6,56.5,55.7,,0,0,7,0,40.0,77.9,28.6,2,0,0,2,0,0,0.0,31,6.2
1,Semaj Peele,182188,QB,ARKBC,1,20.0,5,5,13.8,2.43,0,0,0.0,20.0,1,0,3,0.0,6,0,1,1515,17.1,27.6,35.9,36.7,0,0,6,0,0.0,39.6,0.0,0,1,0,0,0,0,0.0,0,0.0
1,Josh Brown,181411,QB,SHORTER,1,75.0,4,4,6.5,2.54,0,0,0.0,75.0,3,0,0,0.0,5,0,1,396,63.8,51.7,57.4,56.3,0,0,5,0,,84.4,0.0,0,1,0,0,0,0,0.0,19,4.8
1,Kennedy McGill,179285,QB,CENT WASH,1,66.7,3,3,12.0,2.63,0,0,0.0,66.7,2,0,2,0.0,4,0,2,367,74.1,66.6,53.6,67.1,0,0,4,0,0.0,109.7,0.0,0,1,0,0,0,0,0.0,63,21.0
1,Lamonte Kelly,182190,QB,ARKBC,1,100.0,3,3,4.0,2.61,0,0,0.0,66.7,2,0,5,33.3,7,1,0,1515,16.4,32.8,29.8,59.7,0,0,7,0,80.0,70.1,57.1,4,0,0,0,0,1,14.3,7,2.3
1,Jordan McCarty,180205,QB,W OREGON,1,100.0,2,2,15.0,2.85,0,0,0.0,100.0,2,0,1,0.0,2,0,2,411,71.8,81.3,77.4,69.0,0,0,2,0,0.0,118.8,0.0,0,0,0,0,0,0,0.0,40,20.0
1,Carson Gulker,178746,QB,FERRIS,1,100.0,2,2,27.0,2.1,0,1,50.0,100.0,2,0,0,0.0,2,0,2,868,70.5,90.6,91.7,68.8,0,0,2,0,,118.8,0.0,0,0,0,0,0,0,0.0,64,32.0
1,Zach Matlock,82092,WR,CENT WASH,1,100.0,1,1,24.0,3.2,0,0,0.0,100.0,1,0,0,0.0,1,0,1,367,63.7,56.3,76.2,59.6,0,0,1,0,,118.8,0.0,0,0,0,0,0,0,0.0,51,51.0
week,player,player_id,position,team_name,player_game_count,accuracy_percent,aimed_passes,attempts,avg_depth_of_target,avg_time_to_throw,bats,big_time_throws,btt_rate,completion_percent,completions,declined_penalties,def_gen_pressures,drop_rate,dropbacks,drops,first_downs,franchise_id,grades_hands_fumble,grades_offense,grades_pass,grades_run,hit_as_threw,interceptions,passing_snaps,penalties,pressure_to_sack_rate,qb_rating,sack_percent,sacks,scrambles,spikes,thrown_aways,touchdowns,turnover_worthy_plays,twp_rate,yards,ypa
2,Conner Weigman,158683,QB,TEXAS A&M,1,72.3,47,53,8.4,2.61,1,1,1.7,58.5,31,0,29,8.8,57,3,16,312,70.9,78.4,75.8,68.5,2,2,62,0,3.4,74.1,1.8,1,3,0,3,2,2,3.2,336,6.3
2,Davis Brin,77642,QB,GA SOUTHRN,1,86.7,45,47,6.1,2.5,0,3,6.1,80.9,38,0,13,2.6,49,1,19,174,71.8,87.1,88.4,62.6,1,1,51,0,0.0,100.2,0.0,0,2,0,1,2,0,0.0,318,6.8
2,Brennan Armstrong,77696,QB,NC STATE,1,59.1,44,47,12.0,2.83,0,1,2.0,46.8,22,0,18,15.4,52,4,11,248,45.7,51.6,53.2,53.6,1,3,56,0,5.6,51.7,1.9,1,4,0,2,2,3,5.4,260,5.5
2,E.J. Warner,156185,QB,TEMPLE,1,54.8,42,47,11.1,2.25,4,1,1.9,42.6,20,0,15,13.0,50,3,13,306,39.5,43.3,50.2,34.6,1,2,55,1,6.7,47.3,2.0,1,2,0,0,1,3,5.5,230,4.9
2,Jayden de Laura,131928,QB,ARIZONA,1,76.2,42,46,6.5,3.21,2,2,4.0,69.6,32,0,20,0.0,52,0,18,109,70.7,68.5,66.1,66.4,0,4,56,0,5.0,70.2,1.9,1,5,0,2,2,4,7.1,352,7.7
2,Rocco Becht,157567,QB,IOWA STATE,1,68.3,41,44,7.5,2.22,1,1,2.2,52.3,23,0,12,17.9,46,5,12,193,69.5,60.1,61.5,52.3,1,1,47,0,0.0,63.0,0.0,0,2,0,1,1,2,4.3,203,4.6
2,Preston Stone,124716,QB,SMU,1,71.1,38,44,7.3,2.92,0,1,2.1,56.8,25,0,16,7.4,46,2,14,287,70.8,69.5,70.4,55.0,0,1,50,0,12.5,70.8,4.3,2,0,0,6,1,2,4.0,246,5.6
2,Shedeur Sanders,131396,QB,COLORADO,1,82.9,41,43,10.2,3.23,0,3,6.7,72.1,31,0,22,8.8,53,3,18,143,70.0,90.7,91.8,54.6,0,0,55,2,27.3,115.7,11.3,6,4,0,2,2,0,0.0,393,9.1
2,Jacob Zeno,98014,QB,UAB,1,85.0,40,43,4.9,2.56,0,1,2.3,76.7,33,0,12,2.9,47,1,20,321,18.4,49.1,58.1,38.0,2,1,48,0,8.3,109.2,2.1,1,3,0,1,2,4,8.3,385,9.0
2,Casey Thompson,77677,QB,FAU,1,80.6,36,43,6.1,3.33,3,0,0.0,53.5,23,0,20,20.7,46,6,11,165,69.9,67.2,66.9,59.5,1,2,47,0,15.0,44.7,6.5,3,0,1,2,0,1,2.1,180,4.2
2,Joey Aguilar,174978,QB,APP STATE,1,60.0,40,43,12.8,2.49,0,2,4.5,51.2,22,0,19,8.3,45,2,17,108,71.0,70.8,67.1,68.6,1,1,46,0,0.0,77.2,0.0,0,2,0,2,2,2,4.3,275,6.4
2,JT Daniels,83578,QB,RICE,1,74.4,39,42,8.4,2.41,3,2,4.3,66.7,28,0,13,3.4,45,1,17,275,70.0,74.3,72.1,65.5,0,1,49,0,15.4,110.5,4.4,2,1,0,0,3,1,2.0,393,9.4
2,Donovan Smith,73929,QB,HOUSTON,1,70.0,40,42,7.9,2.74,0,2,4.4,57.1,24,0,14,14.3,48,4,16,182,48.0,71.1,66.0,69.8,0,1,52,0,21.4,81.4,6.3,3,3,0,2,2,1,1.9,260,6.2
2,Bo Nix,97790,QB,OREGON,1,85.4,41,42,4.5,2.62,0,2,4.5,71.4,30,0,8,14.3,48,5,15,264,70.8,82.1,78.7,70.4,0,0,50,0,12.5,109.5,2.1,1,5,0,1,2,0,0.0,323,7.7
2,Tanner Mordecai,77656,QB,WISCONSIN,1,71.1,38,40,11.8,2.9,0,4,9.8,62.5,25,0,14,7.4,49,2,15,349,69.9,79.2,77.6,66.0,1,0,50,0,21.4,91.4,6.1,3,6,0,1,1,1,2.0,277,6.9
2,Brayden Schager,146078,QB,HAWAII,1,69.2,39,40,10.8,2.55,0,4,9.5,57.5,23,0,19,14.8,48,4,10,180,70.8,68.0,71.0,51.3,1,3,50,0,26.3,80.0,10.4,5,3,0,0,4,1,2.0,268,6.7
2,Mikey Keene,70961,QB,FRESNO ST,1,68.4,38,39,10.5,2.77,0,1,2.4,59.0,23,0,15,11.5,43,3,12,169,69.8,71.2,74.1,50.4,0,1,46,0,20.0,83.0,7.0,3,1,0,1,2,1,2.2,237,6.1
2,AJ Swann,157186,QB,VANDERBILT,1,73.0,37,39,9.9,2.49,0,3,7.5,66.7,26,0,10,3.7,41,1,15,333,69.6,63.0,60.6,63.4,1,2,42,0,20.0,95.5,4.9,2,0,0,1,3,2,4.8,314,8.1
2,Devin Leary,77628,QB,KENTUCKY,1,69.4,36,38,11.4,2.52,1,1,2.6,63.2,24,0,9,4.0,39,1,14,202,68.9,85.5,84.6,,0,1,39,0,11.1,111.6,2.6,1,0,0,1,4,0,0.0,299,7.9
2,Rocky Lombardi,60452,QB,N ILLINOIS,1,70.3,37,38,13.2,2.81,0,3,7.5,60.5,23,0,12,11.5,45,3,14,254,69.6,75.9,71.4,71.1,0,3,47,1,41.7,61.0,11.1,5,2,0,1,1,3,6.4,297,7.8
2,Michael Penix Jr.,82134,QB,WASHINGTON,1,86.5,37,38,9.5,2.44,0,2,5.0,73.7,28,0,3,12.5,40,4,22,340,69.1,90.1,90.0,61.0,0,1,42,0,0.0,123.0,0.0,0,2,0,1,3,1,2.4,403,10.6
2,Cade Klubnik,156253,QB,CLEMSON,1,80.6,36,38,5.2,2.22,0,1,2.6,73.7,28,0,7,3.4,40,1,18,140,46.1,69.0,71.6,53.3,1,1,40,1,0.0,122.1,0.0,0,1,0,1,4,1,2.5,315,8.3
2,Quinn Ewers,127253,QB,TEXAS,1,75.0,36,38,7.9,2.31,1,3,7.7,63.2,24,0,6,11.1,40,3,14,311,70.4,90.3,90.6,62.1,0,0,41,1,0.0,119.3,0.0,0,2,0,1,3,0,0.0,349,9.2
2,Kai Horton,144418,QB,TULANE,1,52.9,34,37,13.6,2.61,1,1,2.7,40.5,15,0,18,16.7,44,3,10,319,37.8,54.9,56.8,52.3,2,1,45,1,22.2,59.6,9.1,4,3,0,0,1,1,2.2,231,6.2
2,Nicholas Vattiato,145302,QB,MIDDLE TN,1,72.2,36,37,6.1,2.42,1,2,5.3,62.2,23,0,13,11.5,44,3,14,224,71.6,85.0,86.1,63.3,0,0,45,0,30.8,95.7,9.1,4,3,0,0,2,0,0.0,211,5.7
2,Jalen Mayden,83520,QB,S DIEGO ST,1,56.8,37,37,8.2,2.9,0,1,2.6,51.4,19,0,17,9.5,43,2,13,284,70.5,50.5,43.4,72.3,0,3,44,0,17.6,42.2,7.0,3,3,0,0,1,3,6.8,196,5.3
2,Frank Harris,60586,QB,UTSA,1,81.8,33,37,5.7,2.71,0,1,2.6,70.3,26,0,19,3.7,43,1,12,331,71.9,77.5,74.3,68.4,0,0,44,0,15.8,93.8,7.0,3,3,0,4,1,0,0.0,214,5.8
2,Tyler Shough,83537,QB,TEXAS TECH,1,72.2,36,37,11.3,3.31,0,2,4.7,64.9,24,0,16,7.7,47,2,14,315,29.1,65.8,53.2,75.9,0,3,55,0,25.0,81.1,8.5,4,6,0,1,3,4,7.3,282,7.6
2,Taulia Tagovailoa,97271,QB,MARYLAND,1,79.4,34,36,8.9,2.51,0,2,5.1,69.4,25,0,7,7.4,37,2,11,215,69.0,77.2,76.3,,0,2,40,0,14.3,79.3,2.7,1,0,0,2,1,2,5.0,287,8.0
2,Ben Wooldridge,82115,QB,LA LAFAYET,1,77.1,35,36,7.0,2.64,0,2,5.3,69.4,25,0,6,7.4,42,2,16,207,70.9,74.6,74.3,65.9,0,0,44,1,0.0,111.5,0.0,0,6,0,1,2,0,0.0,285,7.9
2,Billy Wiles,144144,QB,SO MISS,1,46.9,32,35,10.7,2.75,0,0,0.0,31.4,11,0,11,26.7,36,4,9,296,68.9,44.2,43.2,,0,1,38,2,9.1,34.7,2.8,1,0,0,3,0,3,7.9,154,4.4
2,Byrum Brown,156206,QB,USF,1,65.7,35,35,10.7,2.88,0,0,0.0,60.0,21,0,19,8.7,49,2,15,327,70.9,63.1,58.2,67.9,0,0,53,0,36.8,104.3,14.3,7,7,0,0,3,0,0.0,199,5.7
2,Hudson Card,123109,QB,PURDUE,1,78.8,33,34,8.5,3.23,0,1,2.9,67.6,23,0,19,11.5,39,3,14,273,72.8,70.5,71.8,59.6,1,0,40,0,10.5,88.8,5.1,2,3,0,0,0,0,0.0,248,7.3
2,Joe Milton III,82151,QB,TENNESSEE,1,75.8,33,33,5.1,2.3,0,0,0.0,63.6,21,0,9,16.0,34,4,8,307,69.6,65.4,62.0,66.9,0,0,35,0,11.1,103.6,2.9,1,0,0,0,2,0,0.0,224,6.8
2,Grant Wells,97784,QB,VA TECH,1,53.3,30,33,9.3,2.79,0,0,0.0,48.5,16,0,15,0.0,38,0,12,337,69.9,42.8,44.5,51.2,0,2,40,0,26.7,68.1,10.5,4,1,0,3,2,1,2.5,243,7.4
2,Austin Reed,111760,QB,W KENTUCKY,1,90.6,32,33,6.4,2.52,0,3,8.8,81.8,27,0,7,6.9,36,2,12,346,34.6,79.5,81.6,58.0,0,0,37,0,0.0,137.9,0.0,0,1,0,1,4,0,0.0,251,7.6
2,Cam Ward,133244,QB,WASH STATE,1,75.9,29,33,6.9,3.18,1,1,3.0,63.6,21,0,18,4.5,45,1,13,341,72.3,63.5,59.4,65.8,0,0,45,1,22.2,101.6,8.9,4,8,0,3,2,1,2.2,208,6.3
2,Carlos Davis,139131,QB,UMASS,1,78.6,28,33,9.0,2.68,2,3,8.3,66.7,22,0,12,0.0,40,0,11,216,36.2,61.5,62.2,56.8,1,0,44,0,33.3,118.8,10.0,4,3,0,2,3,2,4.5,244,7.4
2,Keyone Jenkins,170403,QB,FIU,1,75.0,32,32,10.8,2.81,0,3,9.4,62.5,20,0,11,16.7,35,4,15,166,36.5,60.6,58.7,64.9,0,2,36,1,9.1,76.4,2.9,1,2,0,0,1,4,11.1,291,9.1
2,Phil Jurkovec,83533,QB,PITTSBURGH,1,34.4,32,32,16.7,3.14,0,2,5.4,31.3,10,0,18,9.1,40,1,10,268,37.8,49.0,49.7,54.8,0,0,45,0,27.8,82.7,12.5,5,3,0,0,3,0,0.0,179,5.6
2,Gunnar Watson,83570,QB,TROY,1,63.3,30,32,10.3,2.55,1,1,2.9,53.1,17,0,13,10.5,36,2,8,318,20.9,44.9,44.2,,0,1,39,0,30.8,65.5,11.1,4,0,0,1,1,5,12.8,167,5.2
2,Cole Snyder,97617,QB,BUFFALO,1,88.9,27,32,9.6,2.42,1,3,8.8,75.0,24,0,5,0.0,33,0,14,126,70.5,81.4,82.9,63.5,1,0,36,2,0.0,130.7,0.0,0,1,0,3,3,1,2.8,268,8.4
2,Kedon Slovis,100580,QB,BYU,1,79.3,29,31,10.3,2.77,0,4,11.8,67.7,21,0,10,8.7,32,2,16,128,69.1,90.2,88.4,63.3,0,1,35,0,0.0,129.8,0.0,0,0,0,2,4,1,2.9,336,10.8
2,Will Howard,122599,QB,KANSAS ST,1,70.0,30,31,10.7,2.55,0,1,3.2,64.5,20,0,9,4.8,33,1,12,199,71.2,63.2,53.4,75.6,0,1,33,0,11.1,97.4,3.0,1,1,0,1,2,2,6.1,249,8.0
2,T.J. Finley,124093,QB,TEXAS ST,1,64.3,28,31,12.8,2.52,2,3,9.7,51.6,16,0,18,11.1,40,2,7,314,69.5,67.4,68.8,59.9,0,0,40,1,38.9,73.5,17.5,7,1,0,1,0,0,0.0,211,6.8
2,Jordan McCloud,101058,QB,JAMES MAD,1,70.0,30,31,7.8,2.59,0,2,5.7,64.5,20,0,10,4.8,34,1,8,197,37.2,63.1,58.2,72.8,1,0,40,1,10.0,96.7,2.9,1,2,0,0,1,2,5.0,224,7.2
2,Carson Beck,124010,QB,GEORGIA,1,89.3,28,30,7.2,2.37,0,2,6.3,76.7,23,0,5,8.0,33,2,14,173,30.4,77.4,84.6,48.2,1,1,35,0,0.0,113.6,0.0,0,3,0,1,2,1,2.9,283,9.4
2,Chandler Morris,122938,QB,TCU,1,93.3,30,30,6.0,2.54,0,0,0.0,86.7,26,0,9,7.1,37,2,15,305,68.8,88.9,86.8,69.3,0,0,37,0,0.0,125.4,0.0,0,6,0,0,2,0,0.0,263,8.8
2,Tyler Van Dyke,122225,QB,MIAMI FL,1,88.9,27,30,8.0,2.55,2,4,12.1,70.0,21,0,8,12.5,32,3,13,220,29.1,86.8,85.9,,1,0,35,1,25.0,151.9,6.3,2,0,0,0,5,1,2.9,374,12.5
2,Ta'Quan Roberson,101625,QB,UCONN,1,75.0,28,30,11.3,2.52,0,0,0.0,63.3,19,0,8,9.5,34,2,12,146,69.5,64.6,65.5,57.2,0,1,34,0,12.5,93.2,2.9,1,2,0,2,2,2,5.9,216,7.2
2,Drake Maye,143969,QB,N CAROLINA,1,82.1,28,30,7.1,2.81,0,2,6.3,70.0,21,0,15,8.7,37,2,9,245,71.4,85.8,81.7,72.3,1,0,39,0,13.3,89.3,5.4,2,5,0,1,0,0,0.0,208,6.9
2,Jalon Daniels,122555,QB,KANSAS,1,77.8,27,29,10.2,2.78,0,1,3.3,72.4,21,0,8,0.0,32,0,14,198,72.7,73.4,74.5,61.4,0,1,33,0,25.0,110.1,6.3,2,1,0,2,2,1,3.0,272,9.4
2,Garrett Shrader,98212,QB,SYRACUSE,1,77.8,27,29,9.8,2.63,1,2,6.1,65.5,19,0,9,9.5,33,2,12,304,68.8,71.6,72.1,58.6,0,0,37,0,11.1,109.3,3.0,1,3,0,1,1,0,0.0,286,9.9
2,Seth Henigan,144267,QB,MEMPHIS,1,82.1,28,29,6.0,2.74,0,1,3.3,72.4,21,0,10,8.7,33,2,10,218,70.4,84.0,84.5,63.5,0,0,34,0,20.0,119.8,6.1,2,2,0,1,2,0,0.0,239,8.2
2,Grayson McCall,98002,QB,COAST CAR,1,72.4,29,29,9.3,2.83,0,1,3.3,72.4,21,0,8,0.0,36,0,12,141,71.4,73.8,79.4,53.5,0,0,37,0,37.5,112.4,8.3,3,4,0,0,1,0,0.0,268,9.2
2,Jordan Travis,77615,QB,FLORIDA ST,1,53.6,28,29,12.6,3.13,0,3,9.1,51.7,15,0,6,0.0,32,0,11,167,70.1,77.3,78.2,60.1,0,0,36,0,16.7,93.3,3.1,1,2,0,1,2,1,2.8,175,6.0
2,Jaden Rashada,171886,QB,ARIZONA ST,1,66.7,27,29,7.6,2.51,0,0,0.0,55.2,16,0,14,11.1,34,2,5,110,69.3,50.9,48.3,62.1,2,1,37,0,21.4,69.2,8.8,3,2,0,0,1,1,2.7,167,5.8
2,Haynes King,124329,QB,GA TECH,1,78.6,28,29,9.4,2.2,1,1,3.3,72.4,21,0,5,4.5,29,1,13,176,68.8,72.0,72.6,57.6,0,0,30,0,0.0,143.7,0.0,0,0,0,0,4,1,3.3,290,10.0
2,Kurtis Rourke,97998,QB,OHIO,1,75.9,29,29,8.0,2.91,0,1,3.4,62.1,18,0,5,18.2,33,4,13,259,69.5,68.6,68.8,59.5,0,2,33,0,0.0,65.7,0.0,0,4,0,0,1,1,3.0,203,7.0
2,Connor Bazelak,99135,QB,BOWL GREEN,1,82.1,28,28,7.0,2.42,0,1,3.3,82.1,23,0,5,0.0,28,0,15,122,68.8,82.9,82.8,59.6,0,0,30,0,0.0,149.9,0.0,0,0,0,0,3,0,0.0,319,11.4
2,Spencer Rattler,97408,QB,S CAROLINA,1,96.3,27,28,8.3,2.07,0,2,6.9,89.3,25,0,4,3.8,29,1,15,289,69.8,91.2,91.4,61.9,0,0,30,0,0.0,153.7,0.0,0,0,1,0,3,0,0.0,345,12.3
2,Luke Altmyer,146802,QB,ILLINOIS,1,78.6,28,28,7.2,3.16,0,0,0.0,67.9,19,0,12,13.6,39,3,15,187,70.4,67.3,63.8,66.3,0,2,42,0,50.0,70.8,15.4,6,5,0,0,1,0,0.0,202,7.2
2,Jaxson Dart,146409,QB,OLE MISS,1,72.0,25,27,9.9,2.53,0,2,7.4,63.0,17,0,10,5.6,32,1,13,226,72.3,78.4,72.3,72.8,1,1,32,0,40.0,105.0,12.5,4,1,0,1,2,1,3.1,267,9.9
2,Sam Jackson V,144682,QB,CAL,1,58.3,24,27,9.5,2.76,0,0,0.0,51.9,14,0,7,0.0,29,0,9,130,69.7,59.0,59.8,56.4,0,2,29,0,14.3,34.3,3.4,1,1,0,3,0,1,3.4,129,4.8
2,Dante Moore,173983,QB,UCLA,1,82.6,23,27,9.9,2.69,1,1,3.4,63.0,17,0,9,10.5,32,2,13,324,29.1,71.4,71.2,60.6,0,0,35,0,22.2,136.3,6.3,2,3,0,3,3,1,2.9,290,10.7
2,Devin Grainger,78496,QB,GA STATE,1,69.2,26,27,10.1,2.55,0,0,0.0,59.3,16,0,8,11.1,30,2,9,175,72.3,69.8,56.6,78.0,1,0,31,0,12.5,85.9,3.3,1,2,0,0,1,0,0.0,143,5.3
2,Dillon Gabriel,86272,QB,OKLAHOMA,1,84.6,26,27,4.0,2.59,0,0,0.0,70.4,19,0,8,13.6,32,3,13,261,71.6,77.8,80.9,60.1,0,0,34,0,12.5,127.5,3.1,1,3,0,1,4,0,0.0,176,6.5
2,Cam Fancher,145266,QB,MARSHALL,1,79.2,24,27,11.5,2.92,1,2,6.7,55.6,15,0,10,21.1,35,4,9,214,24.7,70.8,84.7,46.7,0,0,39,0,20.0,75.8,5.7,2,5,0,2,0,0,0.0,178,6.6
2,Jalen Milroe,146590,QB,ALABAMA,1,68.0,25,27,15.3,3.68,0,4,12.9,51.9,14,0,17,17.6,39,3,12,103,37.1,58.2,53.3,65.7,0,2,43,0,29.4,78.5,12.8,5,7,0,2,2,4,9.3,255,9.4
2,Anthony Colandrea,170131,QB,VIRGINIA,1,83.3,24,26,12.6,2.74,1,4,14.8,76.9,20,0,9,0.0,32,0,10,335,20.0,64.7,73.0,41.3,0,1,34,0,44.4,127.9,12.5,4,2,0,1,2,2,5.9,377,14.5
2,Carter Bradley,77685,QB,S ALABAMA,1,80.0,25,26,6.9,2.13,0,0,0.0,73.1,19,0,3,5.0,26,1,11,288,68.0,65.8,64.5,,0,1,28,0,0.0,101.1,0.0,0,0,0,1,1,1,3.6,258,9.9
2,Drew Allar,164157,QB,PENN STATE,1,88.0,25,26,3.8,2.57,0,0,0.0,84.6,22,0,6,0.0,27,0,13,266,70.2,81.7,81.7,63.0,0,0,29,0,0.0,112.2,0.0,0,1,0,1,1,0,0.0,204,7.8
2,Emory Jones,82111,QB,CINCINNATI,1,73.1,26,26,4.5,2.56,0,0,0.0,69.2,18,0,14,5.3,32,1,9,138,72.0,66.6,67.4,60.7,0,1,32,0,21.4,89.4,9.4,3,2,0,0,2,0,0.0,125,4.8
2,Mitch Griffis,123386,QB,WAKE,1,70.8,24,26,11.4,2.85,1,1,3.4,65.4,17,0,8,0.0,31,0,12,339,70.4,72.1,69.6,65.3,0,0,34,0,25.0,113.6,6.5,2,3,0,1,2,3,8.8,196,7.5
2,Jayden Daniels,97993,QB,LSU,1,83.3,24,26,11.3,2.44,0,2,6.9,69.2,18,0,7,10.0,29,2,14,211,69.4,83.4,80.0,70.0,0,0,32,0,14.3,142.3,3.4,1,2,2,0,5,1,3.1,268,10.3
2,Sawyer Robertson,146839,QB,BAYLOR,1,40.0,25,26,14.6,2.51,0,2,7.7,38.5,10,0,8,0.0,27,0,6,118,70.1,43.4,40.8,58.3,0,2,27,0,0.0,34.5,0.0,0,1,0,1,0,2,7.4,202,7.8
2,Sam Hartman,77618,QB,NOTRE DAME,1,77.3,22,25,10.0,2.72,0,2,7.7,60.0,15,0,7,11.8,28,2,10,258,18.5,64.7,65.6,61.2,1,0,30,1,42.9,139.3,10.7,3,0,0,2,4,3,10.0,286,11.4
2,Kaidon Salter,132046,QB,LIBERTY,1,72.7,22,25,15.2,3.01,0,3,10.3,60.0,15,0,9,6.3,29,1,10,206,23.0,76.0,89.7,45.7,1,0,33,0,0.0,124.7,0.0,0,4,0,2,2,0,0.0,276,11.0
2,Ben Whitlock,186579,QB,W GEORGIA,1,60.9,23,25,11.0,2.15,2,2,8.0,52.0,13,0,8,7.1,27,1,7,1177,67.9,71.2,68.1,64.3,0,3,27,0,12.5,32.8,3.7,1,1,0,0,0,1,3.7,162,6.5
2,Gavin Hardison,100827,QB,UTEP,1,75.0,24,25,9.5,3.46,1,2,6.9,68.0,17,0,7,5.6,29,1,9,330,70.4,83.4,83.1,63.6,0,2,33,0,42.9,70.8,10.3,3,1,0,0,1,2,6.1,192,7.7
2,J.J. McCarthy,144918,QB,MICHIGAN,1,91.7,24,25,8.5,2.7,1,2,8.0,88.0,22,0,5,0.0,26,0,13,222,69.0,92.9,92.0,73.6,0,0,26,0,0.0,139.7,0.0,0,1,0,0,2,0,0.0,278,11.1
2,Jeff Undercuffler,78501,QB,AKRON,1,75.0,24,25,7.5,2.65,0,0,0.0,72.0,18,0,9,0.0,28,0,8,102,68.6,50.4,49.6,60.0,0,3,28,0,33.3,70.7,10.7,3,0,0,1,1,2,7.1,209,8.4
2,J.T. Shrout,83562,QB,ARK STATE,1,64.0,25,25,13.2,2.57,0,0,0.0,48.0,12,0,5,25.0,27,4,7,113,68.7,35.4,32.0,53.5,0,2,27,0,20.0,21.9,3.7,1,1,0,0,0,6,22.2,79,3.2
2,John Rhys Plumlee,97602,QB,UCF,1,79.2,24,24,11.8,2.74,0,1,4.2,66.7,16,0,7,15.8,25,3,9,323,72.9,90.8,90.7,71.4,0,2,25,0,0.0,70.1,0.0,0,1,0,0,0,0,0.0,272,11.3
2,Brendon Lewis,131687,QB,NEVADA,1,56.5,23,24,10.8,3.29,0,1,4.2,50.0,12,0,10,7.7,28,1,7,239,70.6,55.1,53.1,60.2,0,1,29,0,0.0,44.4,0.0,0,4,0,1,0,2,6.9,104,4.3
2,Jack Plummer,83543,QB,LOUISVILLE,1,77.3,22,23,11.6,2.51,0,1,3.8,69.6,16,0,3,5.9,24,1,7,210,37.5,60.9,67.0,46.2,0,2,27,1,0.0,83.1,0.0,0,1,0,1,1,1,3.7,247,10.7
2,Brett Gabbert,97404,QB,MIAMI OH,1,80.0,20,23,16.7,2.98,0,5,21.7,52.2,12,0,8,25.0,29,4,8,221,28.3,84.3,90.1,54.7,0,2,30,1,25.0,101.0,6.9,2,4,0,3,3,1,3.3,289,12.6
2,Mason Garcia,123811,QB,E CAROLINA,1,52.4,21,23,7.6,3.36,0,0,0.0,43.5,10,0,16,9.1,34,1,7,156,70.9,65.2,45.3,79.8,1,1,35,0,18.8,47.2,8.8,3,8,0,1,1,1,2.9,62,2.7
2,Tommy Castellanos,158433,QB,BOSTON COL,1,77.3,22,23,8.4,3.34,0,1,3.7,73.9,17,0,6,0.0,30,0,9,121,73.4,62.6,71.5,54.3,0,0,34,1,16.7,129.1,3.3,1,6,0,1,2,0,0.0,201,8.7
2,Noah Kim,129623,QB,MICH STATE,1,81.8,22,22,13.1,2.6,0,4,16.7,81.8,18,0,4,0.0,23,0,14,223,70.9,88.4,88.9,64.8,0,0,25,0,0.0,158.3,0.0,0,1,0,0,3,1,4.0,292,13.3
2,Hunter Herring,147138,QB,LA MONROE,1,84.2,19,22,6.4,2.76,0,1,4.5,54.5,12,0,7,25.0,27,4,5,209,70.1,71.6,72.5,61.4,1,0,27,0,14.3,66.3,3.7,1,4,1,1,0,0,0.0,99,4.5
2,Jack Salopek,130662,QB,W MICHIGAN,1,85.7,21,22,4.8,2.67,0,0,0.0,68.2,15,0,9,16.7,27,3,5,347,68.0,59.7,62.4,53.4,0,1,28,0,33.3,60.8,11.1,3,2,0,1,0,1,3.6,110,5.0
2,Cade McNamara,101620,QB,IOWA,1,61.9,21,22,13.6,2.93,1,1,4.3,54.5,12,0,9,7.7,23,1,4,192,68.8,65.1,63.9,60.1,0,1,24,0,11.1,51.9,4.3,1,0,0,0,0,0,0.0,123,5.6
2,Caleb Williams,144622,QB,USC,1,95.0,20,21,7.9,2.75,0,2,9.1,90.5,19,0,3,0.0,21,0,14,326,68.0,92.8,91.6,69.2,0,0,22,0,0.0,158.3,0.0,0,0,0,1,3,0,0.0,281,13.4
2,Diego Pavia,156927,QB,NEW MEX ST,1,76.2,21,21,8.1,3.42,0,0,0.0,57.1,12,0,10,25.0,26,4,6,242,29.4,53.6,43.1,70.8,0,2,26,0,20.0,55.8,7.7,2,3,0,0,1,3,11.5,150,7.1
2,Tayven Jackson,157615,QB,INDIANA,1,85.7,21,21,8.1,2.63,0,2,8.3,85.7,18,0,7,0.0,23,0,11,190,70.0,77.9,82.1,55.7,0,0,26,0,14.3,113.5,4.3,1,1,0,0,0,0,0.0,236,11.2
2,Chevan Cordeiro,75886,QB,S JOSE ST,1,71.4,21,21,9.9,2.88,0,1,4.5,71.4,15,0,4,0.0,25,0,12,285,68.4,78.5,75.3,68.1,0,0,26,0,25.0,134.0,4.0,1,3,0,0,2,1,3.8,205,9.8
2,Gavin Wimsatt,155757,QB,RUTGERS,1,57.9,19,21,14.1,2.83,1,1,4.2,47.6,10,0,6,9.1,23,1,7,278,71.4,65.5,64.5,60.7,1,0,26,0,16.7,95.1,4.3,1,1,0,0,1,0,0.0,189,9.0
2,Austin Smith,145763,QB,E MICHIGAN,1,58.8,17,20,9.1,2.84,0,1,5.0,45.0,9,0,11,10.0,26,1,3,160,27.9,31.2,35.7,49.0,3,1,27,1,36.4,33.5,15.4,4,2,0,0,0,2,7.4,71,3.6
2,Grant Wilson,143041,QB,DOMINION,1,70.0,20,20,18.5,3.2,0,5,22.7,65.0,13,0,11,7.1,24,1,9,263,69.5,91.0,91.0,69.0,0,0,26,1,27.3,147.3,12.5,3,1,0,0,4,0,0.0,247,12.4
2,Hank Bachmeier,101284,QB,LA TECH,1,68.8,16,20,8.1,2.7,0,2,8.7,55.0,11,0,7,0.0,23,0,7,208,68.4,68.3,72.0,52.4,2,0,26,0,14.3,89.6,4.3,1,2,0,2,1,0,0.0,120,6.0
2,Kyle McCord,145053,QB,OHIO STATE,1,78.9,19,20,10.9,2.45,1,1,5.0,70.0,14,0,2,6.7,21,1,8,260,67.2,71.2,72.4,57.8,0,0,21,0,0.0,152.1,0.0,0,1,0,0,3,1,4.8,258,12.9
2,Stone Earle,123504,QB,N TEXAS,1,60.0,20,20,12.0,2.99,0,0,0.0,50.0,10,0,10,16.7,25,2,8,251,28.9,64.0,50.8,79.3,0,2,27,0,20.0,41.7,8.0,2,3,0,0,1,3,11.1,100,5.0
2,Bryson Barnes,131845,QB,UTAH,1,47.1,17,19,12.3,3.78,2,0,0.0,31.6,6,0,12,25.0,25,2,6,328,68.9,54.9,58.5,56.1,0,1,25,1,16.7,22.0,8.0,2,4,0,0,0,1,4.0,71,3.7
2,Brady Cook,124199,QB,MISSOURI,1,78.9,19,19,9.4,2.33,0,1,4.5,73.7,14,0,8,6.7,23,1,7,229,36.8,64.8,57.1,69.1,0,0,26,0,50.0,143.3,17.4,4,0,0,0,2,2,7.7,204,10.7
2,Doug Brumfield,128348,QB,UNLV,1,66.7,18,19,5.9,2.5,1,0,0.0,52.6,10,0,8,16.7,27,2,6,325,69.1,52.3,54.0,54.6,0,0,28,0,62.5,67.9,18.5,5,3,0,0,0,1,3.6,100,5.3
2,KJ Jefferson,99129,QB,ARKANSAS,1,88.9,18,19,12.9,3.04,0,2,10.0,68.4,13,0,6,18.8,23,3,8,111,45.1,89.2,90.6,65.8,0,0,24,1,33.3,124.0,8.7,2,2,0,1,2,0,0.0,136,7.2
2,Justin Lamson,144052,QB,STANFORD,1,68.8,16,19,9.3,2.61,2,1,5.0,47.4,9,0,11,18.2,23,2,8,300,37.6,60.3,60.9,59.0,1,0,24,0,9.1,69.4,4.3,1,3,0,0,0,0,0.0,127,6.7
2,Bert Emanuel Jr.,158581,QB,C MICHIGAN,1,58.8,17,19,19.9,3.66,1,4,19.0,36.8,7,0,12,30.0,28,3,7,134,73.3,75.7,77.7,65.3,0,2,30,1,33.3,70.6,14.3,4,5,0,1,2,2,6.7,193,10.2
2,Taylen Green,145996,QB,BOISE ST,1,61.1,18,19,10.7,2.64,0,1,5.3,47.4,9,0,7,18.2,20,2,8,120,70.3,83.5,75.9,75.2,0,1,20,0,0.0,68.8,0.0,0,1,0,1,1,1,5.0,144,7.6
2,Roman Fuller,123247,QB,TULSA,1,72.2,18,18,9.2,2.61,0,2,10.0,66.7,12,0,3,7.7,19,1,4,320,67.2,70.5,69.5,,0,0,21,0,33.3,95.8,5.3,1,0,0,0,1,0,0.0,85,4.7
2,Garrett Greene,123420,QB,W VIRGINIA,1,66.7,18,18,15.6,2.32,0,4,21.1,55.6,10,0,1,16.7,20,2,11,343,69.2,89.0,90.3,62.6,0,0,21,0,0.0,140.0,0.0,0,2,0,0,4,0,0.0,240,13.3
2,Zion Webb,63555,QB,JVILLE ST,1,76.5,17,18,11.3,2.24,0,1,5.3,50.0,9,0,6,30.8,21,4,4,196,27.3,68.7,63.6,67.4,0,0,22,0,33.3,78.5,9.5,2,1,0,1,0,1,4.5,150,8.3
2,Michael Alaimo,129802,QB,KENT STATE,1,64.7,17,18,9.1,2.84,0,2,10.5,61.1,11,0,8,0.0,24,0,9,201,70.0,69.0,74.3,52.7,0,1,25,1,62.5,70.1,20.8,5,1,0,1,0,0,0.0,174,9.7
2,Dequan Finn,97804,QB,TOLEDO,1,94.4,18,18,9.1,2.62,0,4,22.2,94.4,17,0,4,0.0,20,0,11,316,22.8,92.4,93.6,57.9,0,0,20,0,25.0,158.3,5.0,1,1,0,0,3,1,5.0,240,13.3
2,Graham Mertz,97994,QB,FLORIDA,1,88.2,17,17,7.9,2.83,0,1,5.6,82.4,14,0,0,6.7,19,1,10,163,67.8,70.3,71.1,58.9,0,0,20,0,,133.6,0.0,0,2,0,0,1,0,0.0,193,11.4
2,Will Rogers,124184,QB,MISS STATE,1,81.3,16,17,5.1,2.67,0,2,11.1,76.5,13,0,6,0.0,19,0,8,227,68.6,70.8,67.1,66.2,0,0,21,0,33.3,144.6,10.5,2,0,0,1,3,0,0.0,160,9.4
2,Ben Bryant,77655,QB,NWESTERN,1,75.0,16,17,7.7,2.26,0,0,0.0,64.7,11,0,5,8.3,20,1,5,256,69.7,72.2,70.7,64.1,1,0,20,0,40.0,104.0,10.0,2,1,0,0,1,0,0.0,116,6.8
2,Dylan Hopkins,83571,QB,NEW MEXICO,1,76.5,17,17,14.0,2.39,0,4,23.5,76.5,13,0,6,0.0,21,0,10,241,67.2,80.9,88.9,49.9,0,1,21,0,0.0,133.0,0.0,0,3,0,0,4,1,4.8,273,16.1
2,Kadin Semonza,174001,QB,BALL ST,1,56.3,16,16,9.6,2.07,0,0,0.0,43.8,7,0,4,22.2,16,2,3,117,66.5,52.0,51.3,,0,3,16,0,0.0,13.3,0.0,0,0,0,0,0,1,6.3,55,3.4
2,Brendan Sorsby,156398,QB,INDIANA,1,62.5,16,16,10.2,2.33,0,0,0.0,56.3,9,0,9,10.0,18,1,8,190,69.7,63.8,58.2,67.3,0,0,20,0,0.0,77.1,0.0,0,2,0,0,0,0,0.0,108,6.8
2,Andrew Peasley,83581,QB,WYOMING,1,68.8,16,16,13.4,3.16,0,0,0.0,68.8,11,0,3,0.0,20,0,10,351,68.5,85.1,74.9,79.4,0,1,20,0,33.3,125.0,5.0,1,3,0,0,3,0,0.0,201,12.6
2,Alan Bowman,77679,QB,OKLA STATE,1,78.6,14,16,7.0,2.24,0,0,0.0,68.8,11,0,4,0.0,17,0,4,262,67.5,58.3,54.1,63.3,0,0,17,0,25.0,88.8,5.9,1,0,0,2,0,0,0.0,113,7.1
2,Cooper Legas,101286,QB,UTAH ST,1,87.5,16,16,8.1,2.61,0,0,0.0,87.5,14,0,3,0.0,19,0,6,329,69.1,75.1,72.1,66.5,0,0,19,0,33.3,138.8,5.3,1,2,0,0,2,0,0.0,125,7.8
2,Layne Hatcher,82068,QB,BALL ST,1,76.9,13,16,4.3,2.95,0,0,0.0,62.5,10,0,6,0.0,18,0,6,117,66.8,55.6,62.2,49.2,0,0,18,0,0.0,75.5,0.0,0,2,0,3,0,0,0.0,82,5.1
2,Treyson Bourguet,158154,QB,W MICHIGAN,1,66.7,15,16,4.2,2.13,1,0,0.0,62.5,10,0,3,0.0,16,0,3,347,66.7,51.5,51.1,,0,0,17,0,0.0,70.8,0.0,0,0,0,0,0,0,0.0,64,4.0
2,Jaxon Dailey,156650,QB,ARK STATE,1,60.0,15,15,5.5,2.26,0,0,0.0,60.0,9,0,4,0.0,17,0,3,113,67.6,48.3,44.7,63.1,0,0,18,0,50.0,69.6,11.8,2,0,0,0,0,0,0.0,63,4.2
2,Athan Kaliakmanis,144971,QB,MINNESOTA,1,78.6,14,15,6.8,3.06,0,0,0.0,66.7,10,0,3,9.1,18,1,8,225,69.2,73.9,70.2,66.7,0,1,21,0,33.3,62.4,5.6,1,2,0,1,0,0,0.0,117,7.8
2,Jalon Jones,104762,QB,CHARLOTTE,1,60.0,15,15,10.8,3.15,0,2,12.5,53.3,8,0,10,11.1,20,1,7,136,33.6,67.6,61.2,67.7,0,1,21,0,40.0,73.2,20.0,4,1,0,0,1,2,9.5,116,7.7
2,Miller Moss,70727,QB,USC,1,85.7,14,15,9.0,2.41,0,0,0.0,73.3,11,0,1,8.3,16,1,6,326,67.4,80.8,74.3,70.4,0,0,16,0,0.0,94.3,0.0,0,1,0,1,0,0,0.0,112,7.5
2,Jeff Sims,122496,QB,NEBRASKA,1,71.4,14,15,11.3,3.42,0,0,0.0,60.0,9,0,8,10.0,18,1,5,238,16.4,42.1,57.9,39.7,0,1,18,1,25.0,53.8,11.1,2,1,0,1,0,1,5.6,106,7.1
2,Chandler Rogers,98683,QB,N TEXAS,1,86.7,15,15,9.7,2.92,0,0,0.0,73.3,11,0,8,15.4,19,2,7,251,26.6,77.9,84.3,56.3,0,0,21,0,12.5,154.9,5.3,1,3,0,0,2,0,0.0,201,13.4
2,Payton Thorne,101629,QB,AUBURN,1,64.3,14,14,8.4,2.6,0,0,0.0,64.3,9,0,6,0.0,19,0,6,115,28.8,43.2,49.8,45.9,0,1,22,0,50.0,93.5,15.8,3,2,0,0,2,1,4.5,94,6.7
2,Keegan Shoemaker,108983,QB,SM HOUSTON,1,66.7,12,14,8.2,2.81,1,0,0.0,57.1,8,0,12,0.0,19,0,0,281,71.7,47.8,42.2,59.7,1,0,19,0,33.3,62.8,21.1,4,1,0,0,0,1,5.3,44,3.1
2,Cameran Brown,184894,QB,W GEORGIA,1,53.8,13,14,16.2,2.71,1,2,11.8,42.9,6,0,6,14.3,18,1,6,1177,69.8,71.4,64.0,70.7,0,1,21,0,0.0,71.7,0.0,0,4,0,0,2,1,4.8,81,5.8
2,AJ Bianco,158232,QB,NEVADA,1,61.5,13,14,4.8,3.17,1,0,0.0,57.1,8,0,5,0.0,14,0,2,239,67.1,43.4,35.0,68.3,0,1,14,0,0.0,33.0,0.0,0,0,0,0,0,1,7.1,44,3.1
2,Cardell Williams,156190,QB,TULSA,1,42.9,14,14,10.0,2.57,0,1,7.1,42.9,6,0,6,0.0,15,0,5,320,67.3,42.2,38.0,63.1,0,1,15,0,16.7,27.4,6.7,1,0,0,0,0,3,20.0,65,4.6
2,Nicco Marchiol,157363,QB,W VIRGINIA,1,57.1,14,14,11.6,2.56,0,0,0.0,50.0,7,0,3,12.5,16,1,4,343,68.8,70.5,64.2,69.4,0,0,16,0,33.3,66.1,6.3,1,1,0,0,0,0,0.0,75,5.4
2,Aidan Chiles,173727,QB,OREGON ST,1,69.2,13,13,5.5,1.99,0,0,0.0,69.2,9,0,1,0.0,14,0,6,265,70.0,67.1,54.4,74.2,0,0,14,0,0.0,109.1,0.0,0,1,0,0,1,0,0.0,74,5.7
2,Devin Brown,156479,QB,OHIO STATE,1,53.8,13,13,11.1,3.51,0,1,7.1,53.8,7,0,4,0.0,16,0,6,260,25.0,56.9,56.2,59.0,0,0,17,0,50.0,79.3,12.5,2,1,0,0,0,1,5.9,101,7.8
2,Tai Lavatai,121854,QB,NAVY,1,66.7,12,13,15.9,2.6,1,1,7.7,61.5,8,0,2,0.0,14,0,6,237,74.4,65.9,71.0,56.9,0,0,14,0,0.0,130.6,0.0,0,1,0,0,1,0,0.0,161,12.4
2,Riley Leonard,143862,QB,DUKE,1,100.0,12,13,7.3,3.03,0,0,0.0,92.3,12,0,4,0.0,16,0,7,154,67.6,87.3,90.1,61.4,0,0,18,0,0.0,135.9,0.0,0,3,1,0,1,0,0.0,136,10.5
2,DJ Uiagalelei,122162,QB,OREGON ST,1,70.0,10,12,11.3,2.44,0,0,0.0,58.3,7,0,2,0.0,13,0,4,265,69.3,69.0,62.2,69.1,0,0,13,0,0.0,125.7,0.0,0,0,0,2,2,0,0.0,102,8.5
2,Bryson Daily,147303,QB,ARMY,1,90.9,11,11,8.3,1.97,0,1,9.1,72.7,8,0,1,20.0,11,2,4,114,72.1,90.6,81.8,78.2,0,0,11,0,0.0,154.4,0.0,0,0,0,0,3,0,0.0,190,17.3
2,Ben Finley,122864,QB,CAL,1,72.7,11,11,6.0,2.17,0,0,0.0,63.6,7,0,5,12.5,12,1,1,130,66.0,78.7,79.6,60.0,0,0,13,0,20.0,67.6,8.3,1,0,0,0,0,0,0.0,31,2.8
2,Tucker Gleason,122475,QB,TOLEDO,1,81.8,11,11,13.7,2.76,0,2,18.2,72.7,8,0,1,11.1,12,1,7,316,66.8,92.5,92.5,64.8,0,0,12,0,0.0,136.4,0.0,0,1,0,0,2,0,0.0,90,8.2
2,Logan Smothers,129713,QB,JVILLE ST,1,70.0,10,10,5.9,2.06,0,0,0.0,70.0,7,0,3,0.0,12,0,4,196,23.5,64.0,49.8,76.1,0,0,13,0,66.7,84.2,16.7,2,0,0,0,0,1,7.7,57,5.7
2,Carlos Del Rio-Wilson,146687,QB,SYRACUSE,1,62.5,8,9,13.4,2.98,0,0,0.0,55.6,5,0,7,0.0,12,0,2,304,65.8,56.6,58.1,57.3,1,0,12,0,28.6,74.8,16.7,2,1,0,0,0,0,0.0,57,6.3
2,DJ Irons,145585,QB,AKRON,1,87.5,8,9,6.6,2.88,1,0,0.0,77.8,7,0,3,0.0,12,0,2,102,68.0,57.9,57.6,59.3,0,0,14,0,66.7,93.1,16.7,2,1,0,0,0,1,7.1,57,6.3
2,Hayden Wolff,98362,QB,W MICHIGAN,1,71.4,7,9,10.6,2.78,0,0,0.0,33.3,3,0,3,40.0,11,2,2,347,66.7,57.5,61.5,54.4,0,0,11,0,33.3,51.6,9.1,1,1,0,2,0,0,0.0,47,5.2
2,Alex Flinn,123797,QB,E CAROLINA,1,50.0,8,9,16.0,2.98,0,1,11.1,33.3,3,0,7,25.0,11,1,3,156,65.6,58.4,60.4,57.8,0,1,11,1,14.3,18.5,9.1,1,1,0,1,0,0,0.0,61,6.8
2,Joe Fagnano,104768,QB,UCONN,1,66.7,9,9,12.2,2.3,0,0,0.0,44.4,4,0,5,33.3,13,2,2,146,70.6,64.5,64.4,60.7,0,0,15,0,40.0,66.9,15.4,2,1,0,0,0,0,0.0,60,6.7
2,Garret Rangel,157795,QB,OKLA STATE,1,66.7,9,9,6.3,2.22,0,0,0.0,66.7,6,0,2,0.0,9,0,1,262,68.3,60.5,53.6,66.4,0,0,9,1,0.0,116.0,0.0,0,0,0,0,1,0,0.0,46,5.1
2,Henry Belin IV,162693,QB,DUKE,1,100.0,8,8,9.0,3.13,0,0,0.0,100.0,8,0,2,0.0,9,0,6,154,66.3,93.7,92.8,70.8,0,0,9,0,0.0,158.3,0.0,0,1,0,0,1,0,0.0,118,14.8
2,Maddux Madsen,163379,QB,BOISE ST,1,71.4,7,8,6.6,2.79,1,0,0.0,62.5,5,0,3,0.0,11,0,4,120,65.8,62.0,57.7,63.7,0,0,12,0,66.7,128.6,18.2,2,1,0,0,1,0,0.0,67,8.4
2,Kyron Drones,144506,QB,VA TECH,1,50.0,6,7,14.5,2.5,0,0,0.0,28.6,2,0,2,33.3,8,1,2,337,65.1,58.9,53.3,64.3,0,0,9,0,0.0,46.1,0.0,0,1,0,1,0,0,0.0,32,4.6
2,Nate Johnson,158489,QB,UTAH,1,85.7,7,7,7.9,2.5,0,0,0.0,85.7,6,0,4,0.0,8,0,4,328,26.7,76.2,79.8,64.8,0,0,8,0,25.0,115.5,12.5,1,0,0,0,0,0,0.0,82,11.7
2,Jayden Maiava,158135,QB,UNLV,1,71.4,7,7,13.0,2.64,0,1,14.3,71.4,5,0,0,0.0,9,0,4,325,65.1,57.9,63.8,52.9,0,0,9,0,,102.1,0.0,0,2,0,0,0,0,0.0,68,9.7
2,Ashton Daniels,157259,QB,STANFORD,1,28.6,7,7,7.4,2.6,0,0,0.0,28.6,2,0,5,0.0,9,0,2,300,66.2,27.7,25.3,64.8,0,1,9,0,20.0,0.0,11.1,1,1,0,0,0,2,22.2,19,2.7
2,Levi Williams,98365,QB,UTAH ST,1,83.3,6,7,11.2,3.33,0,1,14.3,71.4,5,0,3,0.0,9,0,2,329,67.5,84.9,77.3,72.2,0,0,10,0,0.0,141.7,0.0,0,2,0,1,2,0,0.0,68,9.7
2,Gunnar Gundy,144649,QB,OKLA STATE,1,83.3,6,7,6.0,2.37,0,0,0.0,71.4,5,0,3,0.0,9,0,2,262,65.6,60.3,59.4,,0,0,11,0,66.7,120.2,22.2,2,0,0,1,1,0,0.0,32,4.6
2,Garrett Nussmeier,146757,QB,LSU,1,100.0,6,6,10.3,2.08,0,1,16.7,66.7,4,0,1,33.3,6,2,2,211,65.7,92.5,92.0,63.3,0,0,6,0,0.0,91.0,0.0,0,0,0,0,0,0,0.0,48,8.0
2,Goose Crowder,144781,QB,TROY,1,100.0,6,6,5.3,3.02,0,0,0.0,83.3,5,0,2,16.7,9,1,2,318,64.6,68.9,79.5,52.3,0,0,9,0,50.0,100.7,11.1,1,2,0,0,0,0,0.0,49,8.2
2,Heinrich Haarberg,144993,QB,NEBRASKA,1,60.0,5,6,15.8,2.78,0,0,0.0,33.3,2,0,4,33.3,6,1,1,238,67.0,63.4,50.7,71.5,1,0,6,0,0.0,81.9,0.0,0,0,0,0,1,0,0.0,13,2.2
2,Beau Pribula,164182,QB,PENN STATE,1,60.0,5,5,8.4,2.4,0,0,0.0,60.0,3,0,1,0.0,5,0,1,266,71.7,72.1,58.0,71.2,0,0,5,0,0.0,110.0,0.0,0,0,0,0,1,0,0.0,22,4.4
2,Harrison Bailey,124266,QB,LOUISVILLE,1,60.0,5,5,12.6,2.12,0,0,0.0,60.0,3,0,0,0.0,5,0,2,210,65.5,65.4,68.5,57.7,0,0,5,0,,134.2,0.0,0,0,0,0,1,0,0.0,51,10.2
2,Kiael Kelly,145634,QB,BALL ST,1,50.0,2,5,20.5,3.63,1,0,0.0,20.0,1,0,3,0.0,6,0,1,117,67.0,51.9,49.6,60.2,0,0,6,0,0.0,39.6,0.0,0,1,0,2,0,0,0.0,10,2.0
2,McCae Hillstead,174761,QB,UTAH ST,1,75.0,4,5,2.5,1.86,1,0,0.0,60.0,3,0,1,0.0,5,0,1,329,66.8,68.2,64.2,63.4,0,0,5,0,0.0,67.1,0.0,0,0,0,0,0,0,0.0,18,3.6
2,Hunter Helms,122149,QB,CLEMSON,1,100.0,5,5,6.6,2.1,0,0,0.0,100.0,5,0,1,0.0,5,0,2,140,63.8,68.5,67.9,,0,0,5,0,0.0,106.7,0.0,0,0,0,0,0,0,0.0,48,9.6
2,Turner Helton,163044,QB,W KENTUCKY,1,100.0,5,5,14.0,4.2,0,0,0.0,100.0,5,0,0,0.0,6,0,4,346,64.2,89.3,91.5,57.0,0,0,6,0,,158.3,0.0,0,1,0,0,1,0,0.0,65,13.0
2,Jake McNamara,157879,QB,UTEP,1,50.0,4,5,10.8,2.94,1,0,0.0,40.0,2,0,0,0.0,5,0,1,330,68.9,51.5,48.1,59.5,0,1,5,0,,15.0,0.0,0,0,0,0,0,1,20.0,23,4.6
2,Eli Stowers,147013,TE,NEW MEX ST,1,60.0,5,5,5.6,2.48,0,0,0.0,40.0,2,0,3,33.3,6,1,2,242,65.9,56.2,43.8,69.2,0,0,7,0,0.0,51.3,0.0,0,1,0,0,0,1,14.3,19,3.8
2,Trexler Ivey,122184,QB,CHARLOTTE,1,100.0,5,5,10.6,2.12,0,0,0.0,100.0,5,0,1,0.0,5,0,3,136,65.7,73.5,76.2,58.7,0,0,6,0,0.0,118.8,0.0,0,0,0,0,0,0,0.0,73,14.6
2,Zach Pyron,156309,QB,GA TECH,1,60.0,5,5,7.0,2.57,0,0,0.0,60.0,3,0,0,0.0,6,0,1,176,64.2,62.6,66.5,57.3,0,1,6,0,,29.2,0.0,0,1,0,0,0,0,0.0,20,4.0
2,Jack Turner,162969,QB,LA TECH,1,75.0,4,4,9.5,1.75,0,1,20.0,75.0,3,0,0,0.0,4,0,0,208,11.1,39.7,67.8,39.4,0,1,5,0,,37.5,0.0,0,0,0,0,0,1,20.0,1,0.3
2,Brock Domann,102351,QB,LOUISVILLE,1,100.0,4,4,5.5,2.58,0,0,0.0,100.0,4,0,2,0.0,4,0,3,210,63.3,61.2,60.7,,0,0,4,0,0.0,102.1,0.0,0,0,0,0,0,0,0.0,34,8.5
2,Zac Larrier,104193,QB,AIR FORCE,1,100.0,4,4,10.5,3.9,0,0,0.0,50.0,2,0,4,50.0,8,2,1,101,22.1,59.4,86.5,49.5,0,0,8,0,50.0,59.4,25.0,2,2,0,0,0,0,0.0,15,3.8
2,Luke Doty,124230,WR,S CAROLINA,1,75.0,4,4,3.8,2.98,0,0,0.0,50.0,2,0,3,33.3,5,1,1,289,64.6,78.8,70.0,,0,0,5,0,33.3,61.5,20.0,1,0,0,0,0,0,0.0,17,4.3
2,John Alan Richter,156999,QB,TOLEDO,1,100.0,4,4,3.5,2.33,0,0,0.0,75.0,3,0,0,25.0,4,1,3,316,63.3,74.2,73.8,,0,0,4,0,,115.6,0.0,0,0,0,0,0,0,0.0,49,12.3
2,Champ Harris,170979,QB,ARMY,1,75.0,4,4,15.3,3.23,0,0,0.0,75.0,3,0,2,0.0,6,0,3,114,64.2,71.7,82.4,52.9,0,0,6,0,0.0,111.5,0.0,0,2,0,0,0,0,0.0,45,11.3
2,LaNorris Sellers,174326,QB,S CAROLINA,1,100.0,4,4,22.5,3.23,0,1,25.0,100.0,4,0,1,0.0,4,0,4,289,66.6,95.2,95.5,65.3,0,0,4,0,0.0,158.3,0.0,0,0,0,0,2,0,0.0,86,21.5
2,Tate Rodemaker,122414,QB,FLORIDA ST,1,100.0,3,3,4.7,2.73,0,0,0.0,100.0,3,0,3,0.0,3,0,3,167,62.7,73.6,73.0,,0,0,3,0,0.0,158.3,0.0,0,0,0,0,2,0,0.0,73,24.3
2,Micah Leon,60486,QB,FLORIDA,1,66.7,3,3,3.0,1.73,0,0,0.0,66.7,2,0,0,0.0,3,0,1,163,62.7,51.7,51.0,,0,0,3,0,,79.9,0.0,0,0,0,0,0,0,0.0,16,5.3
2,Max Brown,157756,QB,FLORIDA,1,100.0,3,3,5.3,3.27,0,0,0.0,66.7,2,0,0,33.3,3,1,2,163,63.3,28.8,28.1,,0,0,4,0,,91.0,0.0,0,0,0,0,0,1,25.0,24,8.0
2,Paul Tyson,98363,QB,CLEMSON,1,100.0,3,3,6.3,2.43,0,0,0.0,100.0,3,0,0,0.0,3,0,3,140,62.7,74.9,74.5,,0,0,3,0,,158.3,0.0,0,0,0,0,1,0,0.0,42,14.0
2,Blake Horvath,162555,QB,NAVY,1,66.7,3,3,13.0,2.13,0,0,0.0,66.7,2,0,0,0.0,3,0,0,237,14.3,42.9,53.4,50.2,0,0,3,0,,70.1,0.0,0,0,0,0,0,0,0.0,1,0.3
2,Brady Olson,147415,QB,UMASS,1,0.0,3,3,9.7,1.97,0,0,0.0,0.0,0,0,1,,3,0,0,216,63.8,26.1,26.4,,0,1,5,0,0.0,0.0,0.0,0,0,0,0,0,2,40.0,0,0.0
2,Robby Ashford,131702,QB,AUBURN,1,33.3,3,3,4.3,3.1,0,0,0.0,33.3,1,0,1,0.0,3,0,0,115,68.8,35.9,29.3,56.4,0,0,3,0,0.0,42.4,0.0,0,0,0,0,0,1,33.3,0,0.0
2,Josh Hoover,127148,QB,TCU,1,66.7,3,3,14.3,2.6,0,0,0.0,66.7,2,0,1,0.0,3,0,2,305,11.6,48.0,76.4,45.7,0,1,3,0,0.0,109.7,0.0,0,0,0,0,1,0,0.0,50,16.7
2,Brock Vandagriff,146713,QB,GEORGIA,1,0.0,2,2,27.0,2.8,0,0,0.0,0.0,0,0,0,,2,0,0,173,66.2,43.1,40.4,60.1,0,0,2,0,,39.6,0.0,0,0,0,0,0,0,0.0,0,0.0
2,Dylan Morris,100570,QB,WASHINGTON,1,100.0,2,2,13.5,1.85,0,1,33.3,100.0,2,0,0,0.0,2,0,2,340,62.7,91.2,91.1,,0,0,3,0,,118.8,0.0,0,0,0,0,0,0,0.0,45,22.5
2,Jack Lausch,162845,QB,NWESTERN,1,50.0,2,2,11.5,3.55,0,0,0.0,50.0,1,0,1,0.0,2,0,0,256,16.5,56.5,52.2,60.9,0,0,2,0,0.0,56.3,0.0,0,0,0,0,0,0,0.0,6,3.0
2,Pierce Clarkson,174699,QB,LOUISVILLE,1,100.0,1,2,7.0,2.4,1,0,0.0,50.0,1,0,1,0.0,3,0,0,210,62.7,52.8,57.9,57.0,0,0,3,0,0.0,58.3,0.0,0,1,0,0,0,0,0.0,7,3.5
2,Collin Schlee,98025,QB,UCLA,1,100.0,2,2,21.5,4.57,0,1,50.0,50.0,1,0,2,50.0,3,1,1,324,66.4,90.2,87.3,68.4,0,0,3,0,0.0,56.3,0.0,0,1,0,0,0,0,0.0,6,3.0
2,Jay Butterfield,131706,QB,S JOSE ST,1,50.0,2,2,24.0,2.85,0,0,0.0,0.0,0,0,0,100.0,2,1,0,285,66.2,52.3,52.8,58.0,0,0,2,0,,39.6,0.0,0,0,0,0,0,0,0.0,0,0.0
2,Bryce Archie,156667,QB,USF,1,100.0,1,2,-2.0,2.5,0,0,0.0,50.0,1,0,1,0.0,2,0,0,327,61.8,58.9,58.9,,1,0,2,0,0.0,56.3,0.0,0,0,0,0,0,0,0.0,-2,-1.0
2,Davis Warren,73940,QB,MICHIGAN,1,0.0,2,2,8.0,2.8,0,0,0.0,0.0,0,0,0,,2,0,0,222,61.8,27.4,27.6,,0,1,2,0,,0.0,0.0,0,0,0,0,0,1,50.0,0,0.0
2,Braxton Woodson,175276,QB,NAVY,1,100.0,2,2,-3.0,1.85,0,0,0.0,50.0,1,0,0,50.0,2,1,0,237,67.6,60.2,62.7,58.6,0,0,2,0,,56.3,0.0,0,0,0,0,0,0,0.0,1,0.5
2,Devon Dampier,171556,QB,NEW MEXICO,1,100.0,2,2,2.5,2.5,0,0,0.0,100.0,2,0,1,0.0,2,0,1,241,67.6,71.8,62.6,66.5,0,0,2,0,0.0,104.2,0.0,0,0,0,0,0,0,0.0,18,9.0
2,Camden Orth,108965,QB,BOWL GREEN,1,100.0,2,2,6.0,2.75,0,0,0.0,100.0,2,0,0,0.0,2,0,2,122,67.6,67.1,74.2,57.6,0,0,2,0,,118.8,0.0,0,0,0,0,0,0,0.0,49,24.5
2,Ryan Staub,171906,QB,COLORADO,1,50.0,2,2,2.5,1.87,0,0,0.0,50.0,1,0,1,0.0,3,0,0,143,61.8,51.6,51.3,,0,0,3,0,100.0,56.3,33.3,1,0,0,0,0,0,0.0,3,1.5
2,Colten Gauthier,146908,QB,S CAROLINA,1,50.0,2,2,9.0,4.2,0,0,0.0,50.0,1,0,1,0.0,2,0,1,289,61.8,65.7,65.1,,0,0,2,0,0.0,75.0,0.0,0,0,0,0,0,0,0.0,15,7.5
2,Rickie Collins,172474,QB,LSU,1,100.0,2,2,-2.5,1.7,0,0,0.0,100.0,2,0,0,0.0,2,0,0,211,67.6,68.8,62.7,64.3,0,0,2,0,,79.2,0.0,0,0,0,0,0,0,0.0,3,1.5
2,Gunner Stockton,157072,QB,GEORGIA,1,100.0,1,1,-2.0,2.95,0,0,0.0,100.0,1,0,1,0.0,2,0,0,173,61.8,58.9,58.9,,0,0,2,0,100.0,83.3,50.0,1,0,0,0,0,0,0.0,4,4.0
2,KC Concepcion,170362,WR,NC STATE,1,0.0,1,1,37.0,3.6,0,0,0.0,0.0,0,0,1,,1,0,0,248,65.9,50.3,58.0,,0,0,1,0,0.0,39.6,0.0,0,0,0,0,0,0,0.0,0,0.0
2,Ryan Hilinski,71295,QB,NWESTERN,1,100.0,1,1,-4.0,2.6,0,0,0.0,100.0,1,0,0,0.0,1,0,1,256,63.7,60.4,61.0,59.3,0,0,1,0,,158.3,0.0,0,0,0,0,1,0,0.0,85,85.0
2,Wyatt Begeal,147043,WR,ARK STATE,1,100.0,1,1,-5.0,3.0,0,0,0.0,100.0,1,0,0,0.0,1,0,1,113,60.3,61.9,60.4,,0,0,1,0,,118.8,0.0,0,0,0,0,0,0,0.0,24,24.0
2,DC Tabscott,147020,QB,NEW MEXICO,1,0.0,1,1,19.0,2.8,0,0,0.0,0.0,0,0,1,,1,0,0,241,61.8,32.1,40.4,,0,1,2,1,0.0,0.0,0.0,0,0,0,0,0,0,0.0,0,0.0
2,Joseph Manjack IV,146413,WR,HOUSTON,1,100.0,1,1,25.0,4.0,0,1,100.0,0.0,0,0,1,100.0,1,1,0,182,65.3,56.3,87.7,,0,0,1,0,0.0,39.6,0.0,0,0,0,0,0,0,0.0,0,0.0
2,OJ Arnold,158336,HB,GA SOUTHRN,1,100.0,1,1,28.0,3.1,0,0,0.0,100.0,1,0,0,0.0,1,0,1,174,70.1,82.9,76.6,82.6,0,0,1,0,,158.3,0.0,0,0,0,0,1,0,0.0,26,26.0
2,Katin Houser,158386,QB,MICH STATE,1,100.0,1,1,11.0,2.4,0,0,0.0,100.0,1,0,1,0.0,1,0,1,223,60.3,76.0,74.3,,0,0,1,0,0.0,112.5,0.0,0,0,0,0,0,0,0.0,11,11.0
2,Jase Bauer,145714,QB,C MICHIGAN,1,100.0,1,1,10.0,1.7,0,0,0.0,100.0,1,0,0,0.0,1,0,0,134,60.3,58.6,58.6,,0,0,1,0,,112.5,0.0,0,0,0,0,0,0,0.0,11,11.0
2,Eddie Lee Marburger,145511,QB,UTSA,1,0.0,1,1,-3.0,2.53,0,0,0.0,0.0,0,0,2,,3,0,0,331,64.8,57.6,56.4,60.0,0,0,3,0,100.0,39.6,66.7,2,0,0,0,0,0,0.0,0,0.0
2,Jayden Denegal,158533,QB,MICHIGAN,1,100.0,1,1,33.0,4.05,0,0,0.0,100.0,1,0,1,0.0,2,0,1,222,61.8,75.3,74.7,,0,0,2,0,100.0,118.8,50.0,1,0,0,0,0,0,0.0,35,35.0
2,Chuck Montgomery,145265,WR,MARSHALL,1,100.0,1,1,33.0,3.2,0,0,0.0,100.0,1,1,0,0.0,1,0,1,214,62.4,45.4,75.7,,0,0,1,1,,158.3,0.0,0,0,0,0,1,0,0.0,75,75.0
2,Braden Smith,61460,WR,CINCINNATI,1,100.0,1,1,26.0,2.8,0,1,100.0,100.0,1,0,0,0.0,1,0,1,138,69.3,79.5,87.7,,0,0,1,0,,118.8,0.0,0,0,0,0,0,0,0.0,30,30.0
2,Tobin O'Dell,158800,QB,S DIEGO ST,1,100.0,1,1,-3.0,2.4,0,0,0.0,100.0,1,0,2,0.0,2,0,0,284,61.8,59.1,58.9,,0,0,2,0,50.0,79.2,50.0,1,0,0,0,0,0,0.0,0,0.0
2,Spencer Sanders,77660,QB,OLE MISS,1,100.0,1,1,5.0,1.6,0,0,0.0,100.0,1,0,0,0.0,1,0,0,226,60.3,61.0,60.6,,0,0,1,0,,95.8,0.0,0,0,0,0,0,0,0.0,7,7.0
2,Taji Hudson,123816,WR,JAMES MAD,1,100.0,1,1,10.0,2.5,0,0,0.0,100.0,1,0,0,0.0,1,0,1,197,65.3,65.3,74.3,,0,0,1,0,,122.9,0.0,0,0,0,0,1,0,0.0,4,4.0
2,Chubba Purdy,122412,QB,NEBRASKA,1,,0,1,,2.7,1,0,0.0,0.0,0,0,0,,1,0,0,238,60.3,59.7,60.0,,0,0,1,0,,39.6,0.0,0,0,0,0,0,0,0.0,0,0.0
2,Brady Allen,156493,QB,LOUISVILLE,1,100.0,1,1,7.0,1.7,0,0,0.0,100.0,1,0,0,0.0,1,0,0,210,60.3,61.5,60.9,,0,0,1,0,,95.8,0.0,0,0,0,0,0,0,0.0,7,7.0
2,Gio Lopez,172309,QB,S ALABAMA,1,100.0,1,1,2.0,2.8,0,0,0.0,100.0,1,0,0,0.0,1,0,0,288,60.3,60.6,60.4,,0,0,1,0,,79.2,0.0,0,0,0,0,0,0,0.0,3,3.0
2,Sean Atkins,101127,WR,USF,1,100.0,1,1,28.0,3.9,0,1,100.0,100.0,1,0,1,0.0,1,0,1,327,70.8,74.2,87.7,,0,0,1,0,0.0,118.8,0.0,0,0,0,0,0,0,0.0,39,39.0
2,Jacob Cowing,100894,WR,ARIZONA,1,100.0,1,1,-8.0,3.8,0,0,0.0,100.0,1,0,0,0.0,1,0,0,109,23.1,56.8,61.0,57.3,0,0,1,0,,79.2,0.0,0,0,0,0,0,0,0.0,-2,-2.0
2,Lincoln Victor,97215,WR,WASH STATE,1,100.0,1,1,28.0,2.8,0,0,0.0,100.0,1,0,0,0.0,1,0,1,341,68.1,69.6,76.2,,0,0,1,0,,118.8,0.0,0,0,0,0,0,0,0.0,39,39.0
2,TJ McMahon,83521,QB,MARSHALL,1,100.0,1,1,-2.0,1.8,0,0,0.0,100.0,1,0,0,0.0,1,0,0,214,60.3,60.6,60.4,,0,0,1,0,,79.2,0.0,0,0,0,0,0,0,0.0,3,3.0
2,Noah Walters,164315,QB,N ALABAMA,1,63.3,60,63,7.7,2.5,0,1,1.5,57.1,36,0,17,5.3,66,2,18,389,47.6,53.8,50.6,70.3,1,1,71,1,5.9,65.6,1.5,1,2,0,2,0,1,1.4,341,5.4
2,Max Brosmer,105568,QB,NEW HAMP,1,78.3,46,51,7.8,2.5,1,2,3.6,62.7,32,0,23,11.1,52,4,21,240,70.4,65.7,64.6,62.2,3,1,56,0,4.3,112.6,1.9,1,0,0,1,4,3,5.4,493,9.7
2,Matthew Caldwell,150302,QB,GARD-WEBB,1,80.4,46,50,6.0,2.02,0,2,3.8,68.0,34,0,14,8.1,53,3,16,171,71.7,71.9,73.1,57.9,1,0,56,0,7.1,97.3,1.9,1,2,0,3,2,0,0.0,302,6.0
2,JR Blood,104782,QB,SOUTHERN U,1,63.6,44,47,12.1,2.78,0,1,2.1,55.3,26,0,23,7.1,58,2,15,297,40.7,60.5,61.1,55.8,0,2,58,0,30.4,66.4,12.1,7,4,0,3,1,2,3.4,325,6.9
2,Kekoa Visperas,147588,QB,E WASHGTON,1,65.9,44,46,10.7,2.86,0,2,4.3,58.7,27,0,20,6.9,49,2,13,161,42.4,58.9,63.8,46.5,0,1,51,0,5.0,77.5,2.0,1,2,0,2,2,2,3.9,233,5.1
2,Jeremy Moussa,75887,QB,FL A&M,1,74.4,39,43,9.3,2.56,0,2,4.1,55.8,24,0,21,17.2,48,5,17,164,70.3,86.4,84.8,64.6,3,3,54,0,19.0,63.5,8.3,4,1,0,1,1,1,1.9,374,8.7
2,Theo Day,83515,QB,N IOWA,1,66.7,39,41,10.7,3.04,2,3,6.8,56.1,23,0,22,11.5,48,3,17,255,69.6,69.9,68.9,61.8,0,3,51,0,22.7,58.1,10.4,5,2,0,0,1,3,5.9,311,7.6
2,Jacob Clark,101628,QB,MO STATE,1,65.0,40,41,11.5,2.76,1,0,0.0,56.1,23,0,17,11.5,49,3,19,230,23.9,65.9,72.4,46.1,0,0,50,0,5.9,107.0,2.0,1,7,0,0,3,2,4.0,332,8.1
2,Matt Morrissey,148177,QB,W ILLINOIS,1,68.6,35,41,9.7,2.91,2,1,2.4,53.7,22,0,25,8.3,54,2,11,345,41.3,59.7,61.3,55.4,1,0,55,1,24.0,75.2,11.1,6,6,0,3,1,1,1.8,199,4.9
2,Zach Calzada,98006,QB,INCAR WORD,1,75.0,40,40,10.5,3.07,0,6,14.6,72.5,29,0,7,3.3,43,1,17,189,69.7,91.7,91.6,60.2,0,1,44,0,28.6,117.3,4.7,2,1,0,0,3,2,4.5,386,9.7
2,Brayten Silbor,159764,QB,LEHIGH,1,61.5,39,40,9.4,2.34,1,4,9.5,52.5,21,0,17,12.5,44,3,13,205,38.3,64.3,62.6,65.6,0,1,46,0,23.5,80.5,9.1,4,0,0,0,2,2,4.3,273,6.8
2,Cole Dugger,154197,QB,LNDNWD,1,48.6,37,40,11.2,2.69,1,1,2.5,42.5,17,0,19,5.6,46,1,12,949,70.2,38.3,34.4,61.7,0,3,46,0,5.3,19.2,2.2,1,5,0,2,0,3,6.5,124,3.1
2,Mike DiLiello,121801,QB,AUSTINPEAY,1,76.9,39,39,6.1,1.91,0,1,2.3,74.4,29,0,11,3.3,46,1,8,116,74.1,71.2,66.6,71.9,0,1,51,2,63.6,89.7,15.2,7,0,0,0,1,1,2.0,260,6.7
2,Dante Chachere,103930,QB,PORTLAND,1,77.1,35,38,7.5,2.45,0,1,2.5,57.9,22,0,15,18.5,44,5,14,269,73.2,71.4,71.4,61.8,0,1,46,0,26.7,71.5,9.1,4,2,0,3,1,2,4.3,213,5.6
2,Brian Maurer,99123,QB,STF AUSTIN,1,56.8,37,37,11.3,2.66,0,2,5.4,48.6,18,0,12,14.3,39,3,11,301,71.4,66.1,57.1,78.9,0,3,39,0,16.7,44.5,5.1,2,0,0,0,1,2,5.1,237,6.4
2,CJ Montes,146114,QB,FORDHAM,1,69.7,33,37,15.3,2.67,2,2,5.1,62.2,23,0,15,0.0,43,0,18,168,73.2,70.0,72.7,58.0,1,0,46,0,13.3,128.3,4.7,2,4,0,1,5,1,2.2,309,8.4
2,Pat McQuaide,145792,QB,NICHOLLS,1,67.6,34,37,8.4,2.6,0,1,2.6,48.6,18,0,17,21.7,44,5,10,243,69.8,60.5,62.0,57.9,0,1,46,1,17.6,51.7,6.8,3,3,0,3,0,2,4.3,181,4.9
2,Michael Appel Jr.,149746,QB,VALPO,1,61.3,31,36,10.6,2.62,2,1,2.5,50.0,18,0,29,5.3,47,1,11,332,69.7,42.1,44.0,49.1,2,5,51,0,20.7,47.0,12.8,6,3,0,1,2,3,5.9,210,5.8
2,Dom Nankil,182292,QB,SAN DIEGO,1,58.6,29,36,12.7,3.86,0,4,11.1,47.2,17,0,17,0.0,45,0,10,283,69.8,73.7,81.8,45.1,1,0,46,0,23.5,91.0,8.9,4,5,0,6,3,1,2.2,188,5.2
2,Paxton DeLaurent,159618,QB,SE MO ST,1,84.8,33,35,9.5,2.21,0,4,10.8,77.1,27,0,5,3.6,36,1,15,293,71.0,91.6,89.2,80.2,0,0,38,0,0.0,126.7,0.0,0,1,0,2,3,0,0.0,267,7.6
2,Cole Gonzales,159939,QB,W CAROLINA,1,85.3,34,34,5.8,2.35,0,2,5.4,82.4,28,0,1,3.4,38,1,15,344,73.4,78.8,80.6,62.4,0,0,41,0,0.0,118.0,0.0,0,4,0,0,2,1,2.4,259,7.6
2,Kinkead Dent,99132,QB,TENN MARTN,1,55.2,29,34,11.7,2.47,1,0,0.0,41.2,14,0,10,12.5,36,2,9,310,71.3,62.2,56.4,69.0,1,0,36,1,10.0,69.7,2.8,1,1,0,3,2,0,0.0,112,3.3
2,Hajj-Malik Williams,102348,QB,CAMPBELL,1,79.4,34,34,10.6,2.87,0,4,10.8,76.5,26,0,5,3.7,39,1,19,131,70.8,92.5,91.3,77.2,0,0,42,0,20.0,139.8,2.6,1,4,0,0,3,0,0.0,364,10.7
2,Zevi Eckhaus,148535,QB,BRYANT,1,67.7,31,34,11.6,2.67,1,4,10.8,52.9,18,0,6,14.3,40,3,13,124,70.5,75.2,75.6,63.8,1,0,43,1,50.0,99.4,7.5,3,3,0,1,2,1,2.3,274,8.1
2,Kobe Tracy,141317,QB,UTAHTC,1,46.9,32,34,19.3,2.84,1,2,5.6,44.1,15,0,12,0.0,35,0,8,1285,68.8,66.6,66.0,,0,2,37,0,8.3,59.1,2.9,1,0,0,1,2,3,8.1,205,6.0
2,Michael Hiers,88636,QB,SAMFORD,1,61.8,34,34,12.8,2.78,0,2,5.6,61.8,21,0,12,0.0,40,0,12,282,22.3,61.6,63.4,49.6,0,0,42,0,41.7,102.6,12.5,5,1,0,0,1,1,2.4,320,9.4
2,Pierce Holley,108981,QB,E ILLINOIS,1,71.9,32,33,7.6,2.66,0,3,7.9,66.7,22,0,17,4.3,39,1,13,158,69.3,75.1,75.5,57.3,0,1,44,0,29.4,97.0,12.8,5,1,0,1,2,2,4.5,252,7.6
2,Kai Millner,146286,QB,N ARIZONA,1,75.9,29,33,10.3,2.98,0,0,0.0,60.6,20,0,11,9.1,42,2,14,252,24.2,57.9,56.1,61.4,0,0,45,0,27.3,105.4,7.1,3,6,0,4,2,2,4.4,258,7.8
2,Luke Bailey,143172,QB,DRAKE,1,84.4,32,33,8.8,2.89,0,2,6.1,72.7,24,0,10,11.1,34,3,14,153,68.5,81.3,78.6,64.9,0,1,34,0,0.0,102.2,0.0,0,1,0,1,2,1,2.9,253,7.7
2,Ralph Rucker IV,144625,QB,BUCKNELL,1,69.0,29,32,8.0,2.57,1,2,6.3,59.4,19,0,12,5.0,43,1,12,125,39.0,64.6,60.5,65.2,0,0,43,0,33.3,101.6,9.3,4,7,0,2,2,1,2.3,224,7.0
2,Collin Ironside,139107,QB,VA MILT IN,1,74.2,31,32,9.4,2.96,0,3,9.4,65.6,21,0,17,8.7,43,2,11,336,69.7,70.1,74.4,52.7,1,0,43,1,35.3,105.6,14.0,6,5,0,0,2,0,0.0,215,6.7
2,Tommy Schuster,108954,QB,N DAKOTA,1,78.6,28,31,7.3,2.76,0,1,3.1,67.7,21,0,11,4.5,34,1,11,249,33.3,66.4,67.5,57.7,0,0,35,0,9.1,104.1,2.9,1,2,0,3,1,0,0.0,259,8.4
2,Darius Perrantes,103934,QB,DUQUESNE,1,51.6,31,31,16.9,2.66,0,1,3.1,45.2,14,0,13,12.5,34,2,9,155,68.6,62.9,62.2,,0,2,35,0,23.1,63.9,8.8,3,0,0,0,2,2,5.7,220,7.1
2,Reese Poffenbarger,145346,QB,ALBANY,1,56.7,30,31,11.7,2.89,1,0,0.0,32.3,10,0,9,41.2,38,7,6,106,70.2,52.9,47.6,67.6,0,1,38,0,44.4,28.0,10.5,4,2,0,0,0,1,2.6,93,3.0
2,Marquez McCray,109056,QB,MONMOUTH,1,75.9,29,31,6.4,2.39,0,1,3.1,67.7,21,0,14,4.5,37,1,14,231,32.5,62.5,64.4,53.3,0,0,38,1,28.6,112.6,10.8,4,2,0,2,2,1,2.6,242,7.8
2,Justin Miller,103941,QB,SO UTAH,1,76.0,25,30,12.1,2.54,1,5,16.7,53.3,16,0,8,15.8,31,3,12,298,68.3,92.1,91.9,64.2,3,1,31,0,0.0,76.4,0.0,0,1,0,1,1,1,3.2,235,7.8
2,Jordan Cooke,175116,QB,IDAHO ST,1,73.3,30,30,6.7,2.48,0,0,0.0,66.7,20,0,11,9.1,34,2,11,186,30.0,50.8,54.2,49.4,0,1,35,0,18.2,80.6,5.9,2,2,0,0,1,1,2.9,185,6.2
2,Ashur Carraha,165036,QB,STHLSK,1,66.7,27,30,7.3,2.73,1,0,0.0,56.7,17,0,12,5.6,35,1,10,1470,69.3,61.8,61.3,58.7,2,0,37,0,25.0,94.2,8.6,3,2,0,0,2,0,0.0,163,5.4
2,Casey Case,130402,QB,STNY BROOK,1,75.0,28,30,8.5,2.08,0,1,3.1,56.7,17,0,6,19.0,32,4,9,303,29.4,54.0,53.6,58.3,0,1,34,0,16.7,65.8,3.1,1,0,0,2,1,3,8.8,139,4.6
2,Luke Sprague,108964,QB,BETH COOK,1,92.3,26,29,7.8,2.42,0,2,5.7,79.3,23,0,5,4.2,31,1,16,119,69.3,74.5,73.6,62.0,0,0,37,0,0.0,123.0,0.0,0,2,0,3,2,0,0.0,232,8.0
2,Quinton Williams,102366,QB,HOWARD,1,71.4,28,29,9.1,2.16,1,2,6.9,62.1,18,0,4,10.0,29,2,9,184,69.7,86.0,78.5,79.0,0,0,29,0,0.0,117.6,0.0,0,0,0,0,3,0,0.0,204,7.0
2,Michael Brescia,149295,QB,COLGATE,1,60.0,25,29,10.8,3.07,1,3,9.4,51.7,15,0,9,0.0,36,0,10,142,71.5,82.1,82.0,66.0,0,1,40,0,33.3,74.1,8.3,3,4,0,3,1,1,2.5,221,7.6
2,Parker McKinney,82109,QB,E KENTUCKY,1,76.9,26,29,7.5,2.72,0,0,0.0,65.5,19,0,15,5.0,35,1,12,159,69.7,61.2,57.7,64.7,2,1,36,0,13.3,85.3,5.7,2,4,0,1,1,0,0.0,219,7.6
2,Derek Robertson,142298,QB,MAINE,1,72.0,25,29,5.6,2.23,0,0,0.0,62.1,18,0,13,0.0,30,0,6,212,68.9,53.2,50.4,62.9,2,3,32,0,7.7,30.7,3.3,1,0,0,2,0,1,3.1,115,4.0
2,Anthony Chiccitt,141376,QB,ROB MORRIS,1,82.1,28,29,8.4,2.45,1,3,10.3,75.9,22,0,12,4.3,34,1,14,277,69.7,92.5,91.0,68.5,0,0,34,1,8.3,141.5,2.9,1,4,0,0,3,0,0.0,290,10.0
2,C.J. Duell,153949,QB,CENT CT ST,1,70.4,27,28,14.2,2.67,1,3,9.4,64.3,18,0,10,5.3,31,1,14,133,21.7,68.9,65.8,66.9,0,0,35,0,20.0,112.1,6.5,2,1,0,0,1,3,8.6,299,10.7
2,Ethan Roberts,138136,QB,TENN TECH,1,68.0,25,28,7.9,2.04,2,1,3.0,60.7,17,0,7,0.0,28,0,9,309,69.9,77.9,78.2,66.0,0,0,33,1,0.0,89.0,0.0,0,0,0,1,1,0,0.0,164,5.9
2,Aidan Bouman,122508,QB,S DAKOTA,1,69.2,26,28,10.3,2.8,1,1,3.6,57.1,16,0,10,11.1,30,2,13,291,68.2,84.3,85.7,57.3,1,0,30,0,10.0,103.7,3.3,1,1,0,0,2,0,0.0,203,7.3
2,Colby Suits,82143,QB,HOUCHR,1,69.2,26,28,8.9,2.48,0,0,0.0,60.7,17,0,10,5.6,34,1,13,183,69.7,69.3,72.5,58.4,1,1,37,1,10.0,93.2,2.9,1,5,1,0,2,1,2.7,212,7.6
2,Gavin McCusker,148580,QB,MERRIMACK,1,57.7,26,27,11.4,2.56,0,2,7.1,37.0,10,0,13,33.3,32,5,4,385,70.8,53.3,52.8,56.8,0,0,33,0,23.1,45.4,9.4,3,2,0,1,0,3,9.1,81,3.0
2,Nathan Kent,148446,QB,TOWSON,1,72.0,25,27,10.0,2.77,0,0,0.0,59.3,16,0,15,11.1,34,2,10,317,29.9,65.6,68.0,57.5,1,1,36,0,26.7,91.6,11.8,4,3,0,1,2,1,2.8,200,7.4
2,Chase Artopoeus,100577,QB,CHATTNOOGA,1,85.2,27,27,8.7,2.66,0,0,0.0,81.5,22,0,13,4.3,32,1,17,137,70.1,87.0,78.2,81.1,0,1,37,0,0.0,130.2,0.0,0,5,0,0,3,1,2.7,272,10.1
2,Jason Brown,109060,QB,JACKSON ST,1,66.7,27,27,8.7,2.75,0,0,0.0,59.3,16,0,9,11.1,30,2,8,194,70.3,63.5,64.9,56.6,0,0,31,0,11.1,91.9,3.3,1,2,0,0,1,1,3.2,182,6.7
2,Cole Doyle,159501,QB,ST FRANCIS,1,77.8,27,27,8.3,2.66,0,1,3.7,74.1,20,0,11,4.8,33,1,9,299,69.0,71.7,68.8,66.2,0,2,33,1,9.1,74.5,3.0,1,5,0,0,1,2,6.1,189,7.0
2,Chris Zellous,153319,QB,HAMPTON,1,55.6,27,27,14.1,2.47,0,4,13.8,55.6,15,0,6,0.0,31,0,10,178,70.8,67.3,69.8,56.9,0,2,33,0,16.7,78.2,3.2,1,3,0,0,2,1,3.0,233,8.6
2,Zack Annexstad,83516,QB,ILL STATE,1,84.6,26,26,5.4,2.8,0,1,3.8,69.2,18,0,8,18.2,31,4,10,188,68.8,74.4,71.7,66.1,0,0,31,0,12.5,102.2,3.2,1,4,0,0,1,1,3.2,185,7.1
2,Jacob Sirmon,83590,QB,N COLORADO,1,69.2,26,26,8.6,2.09,0,1,3.6,50.0,13,0,12,27.8,30,5,5,253,28.8,53.3,59.5,48.9,0,1,32,0,33.3,45.8,13.3,4,0,0,0,0,1,3.1,113,4.3
2,Matthew Downing,82120,QB,ELON,1,68.0,25,26,10.7,2.83,1,0,0.0,65.4,17,0,14,0.0,34,0,14,162,68.6,75.9,70.7,71.9,0,1,35,0,21.4,111.1,8.8,3,5,0,0,3,1,2.9,200,7.7
2,Carter Cravens,150714,QB,MOREHEAD,1,66.7,24,26,17.0,3.24,0,3,10.0,53.8,14,0,11,12.5,30,2,12,234,71.3,79.4,76.7,68.0,1,0,34,0,9.1,102.6,3.3,1,3,0,1,2,0,0.0,187,7.2
2,Kasim Hill,60444,QB,RHODE ISLD,1,87.5,24,25,11.2,2.72,0,4,16.0,68.0,17,0,10,19.0,30,4,10,274,69.8,81.2,85.2,52.9,0,0,30,0,40.0,135.3,13.3,4,1,0,1,2,0,0.0,299,12.0
2,Jalen Macon,153929,QB,ARKAPB,1,87.5,24,25,5.4,2.79,0,0,0.0,80.0,20,0,12,4.8,31,1,11,112,69.3,64.6,66.0,56.5,0,0,31,0,25.0,115.2,9.7,3,3,0,1,1,1,3.2,211,8.4
2,Tyler Huff,142567,QB,FURMAN,1,69.6,23,25,4.3,2.42,0,0,0.0,56.0,14,0,10,12.5,29,2,8,170,70.7,57.8,52.2,71.4,1,1,30,2,30.0,66.9,10.3,3,1,0,1,1,1,3.3,129,5.2
2,Peter Parrish,99138,QB,TXAMCO,1,59.1,22,25,5.1,2.93,0,0,0.0,48.0,12,0,12,7.7,32,1,4,1139,34.7,36.7,38.7,52.2,0,1,33,1,8.3,37.9,3.1,1,6,0,3,0,1,3.0,63,2.5
2,Darius Wilson,148492,QB,WM & MARY,1,58.3,24,25,13.0,3.44,0,0,0.0,48.0,12,0,10,14.3,31,2,10,348,69.4,62.6,66.9,51.5,0,0,32,1,20.0,86.3,6.5,2,4,0,1,1,3,9.4,185,7.4
2,Zachary Clement,105561,QB,SE LA,1,82.6,23,25,7.5,2.42,0,2,7.4,76.0,19,0,9,0.0,27,0,13,294,69.7,75.3,72.7,66.6,0,1,29,0,22.2,109.6,7.4,2,0,0,2,1,1,3.4,285,11.4
2,Robert Coleman,76149,QB,LAMAR,1,87.5,24,25,8.8,2.92,1,1,4.0,76.0,19,0,16,9.5,33,2,9,204,70.4,87.3,90.1,60.5,0,1,34,0,31.3,93.8,15.2,5,3,0,0,1,0,0.0,190,7.6
2,Tyler Vander Waal,60615,QB,NWSTATE,1,56.5,23,25,13.6,2.97,0,3,11.1,44.0,11,0,17,15.4,31,2,8,257,70.9,64.3,56.2,71.4,1,3,34,0,17.6,34.8,9.7,3,3,0,1,1,2,5.9,134,5.4
2,Myles Crawley,141731,QB,GRAMBLING,1,73.9,23,24,7.6,2.35,0,0,0.0,54.2,13,0,6,23.5,25,4,7,177,67.8,69.4,68.6,,0,1,26,0,0.0,69.8,0.0,0,0,0,1,1,1,3.8,150,6.3
2,Davius Richard,109077,QB,NC CENT,1,78.3,23,24,7.6,3.18,0,1,4.0,66.7,16,0,5,11.1,26,2,6,247,73.9,82.1,75.6,72.7,0,0,27,0,0.0,78.6,0.0,0,2,0,1,0,0,0.0,121,5.0
2,Kylan Weisser,78475,QB,WEBER ST,1,57.1,21,24,12.6,2.48,0,2,8.0,45.8,11,0,6,8.3,26,1,6,342,68.5,54.3,56.9,55.2,0,1,27,1,0.0,67.9,0.0,0,2,1,2,1,1,3.7,179,7.5
2,Nic Baker,87541,QB,S ILLINOIS,1,73.9,23,24,3.8,2.39,0,0,0.0,66.7,16,0,9,5.9,29,1,6,295,71.1,57.1,54.2,63.5,0,0,30,1,55.6,82.6,17.2,5,0,0,1,0,0,0.0,144,6.0
2,Trazon Connley,75885,QB,PRVIEW A&M,1,65.0,20,24,15.9,3.05,0,2,8.3,54.2,13,0,14,0.0,32,0,8,270,31.2,66.7,67.8,59.2,1,1,32,0,21.4,63.2,9.4,3,5,0,3,0,0,0.0,192,8.0
2,Dematrius Davis Jr.,146660,QB,ALABAMA ST,1,71.4,21,23,8.1,3.11,0,2,8.7,60.9,14,0,9,6.7,29,1,8,105,68.7,63.7,53.0,78.4,0,2,29,0,22.2,57.9,6.9,2,4,0,2,1,2,6.9,148,6.4
2,Damien Mazil,159562,QB,WAGNER,1,65.2,23,23,9.2,2.21,0,1,4.3,47.8,11,0,9,26.7,25,4,6,338,68.4,58.8,56.6,62.2,0,1,26,0,11.1,41.9,4.0,1,1,0,0,0,2,7.7,100,4.3
2,Victor Gabalis,131932,QB,TARLETON,1,65.2,23,23,17.1,2.76,0,4,17.4,60.9,14,0,8,6.7,28,1,9,401,68.0,85.8,89.2,57.0,0,1,28,0,12.5,126.4,3.6,1,4,0,0,4,1,3.6,336,14.6
2,Tyler Wesley,162286,QB,PRESBYTERN,1,72.7,22,23,12.3,2.44,1,5,19.2,60.9,14,0,5,12.5,25,2,9,271,71.5,90.2,90.9,65.6,0,0,30,0,20.0,135.9,4.0,1,1,0,0,3,1,3.3,240,10.4
2,Tyler Knoop,108982,QB,GEORGETOWN,1,66.7,21,23,9.0,2.38,1,1,4.0,56.5,13,0,8,7.1,26,1,7,172,28.0,45.3,46.4,50.9,1,0,28,0,12.5,92.1,3.8,1,2,0,0,1,2,7.1,157,6.8
2,Tak Tateoka,172179,QB,STTHOM,1,89.5,19,22,6.4,2.66,1,0,0.0,68.2,15,0,8,11.8,28,2,8,1129,20.8,49.4,50.4,54.0,0,0,28,0,50.0,84.1,14.3,4,1,0,2,0,1,3.6,133,6.0
2,Kaiden Bennett,147778,QB,SACRAMENTO,1,63.6,22,22,11.0,2.58,0,0,0.0,63.6,14,0,6,0.0,25,0,10,279,71.4,70.9,66.4,67.2,0,1,25,0,0.0,84.7,0.0,0,3,0,0,1,1,4.0,176,8.0
2,Kyle Wickersham,148418,QB,RICHMOND,1,85.0,20,22,4.9,2.84,1,0,0.0,72.7,16,0,17,5.9,31,1,5,276,69.5,41.2,36.8,63.6,0,0,33,0,41.2,82.0,22.6,7,2,0,1,0,1,3.0,102,4.6
2,Marqui Adams,161340,QB,DELWARE ST,1,72.7,22,22,5.9,2.96,0,0,0.0,63.6,14,0,11,12.5,26,2,9,152,19.3,43.1,36.4,64.9,0,0,28,1,27.3,86.6,11.5,3,1,0,0,0,2,7.1,166,7.5
2,Miles Hastings,103943,QB,UC DAVIS,1,66.7,21,22,5.4,2.34,0,0,0.0,54.5,12,0,4,14.3,25,2,2,322,26.0,50.3,49.6,60.0,0,1,25,0,75.0,41.1,12.0,3,0,0,1,0,1,4.0,51,2.3
2,Mark Gronowski,138303,QB,S DAK ST,1,66.7,21,22,11.5,2.47,0,1,4.2,59.1,13,0,10,7.1,26,1,11,292,28.1,49.5,42.7,66.4,0,0,29,0,30.0,116.5,11.5,3,1,0,1,2,2,6.9,184,8.4
2,Bret Bushka,108927,QB,BUTLER,1,66.7,21,22,12.3,2.53,0,5,21.7,59.1,13,0,4,7.1,25,1,6,127,71.8,90.2,89.4,71.1,1,0,26,0,75.0,101.5,12.0,3,0,0,0,1,1,3.8,185,8.4
2,Deveon Bryant,89422,QB,TENN STATE,1,81.0,21,22,7.6,2.47,1,0,0.0,72.7,16,0,8,5.9,26,1,12,308,70.6,50.6,41.5,67.1,0,0,28,0,37.5,102.7,11.5,3,1,0,0,0,2,7.1,211,9.6
2,Gevani McCoy,147609,QB,IDAHO,1,71.4,21,21,14.4,3.11,0,3,13.6,71.4,15,0,13,0.0,27,0,10,185,68.0,85.0,84.0,65.0,0,0,28,0,23.1,145.4,11.1,3,3,0,0,2,0,0.0,313,14.9
2,Jace Wilson,149892,QB,TEXAS STHN,1,55.6,18,20,11.3,2.78,0,2,9.5,40.0,8,0,13,20.0,28,2,5,313,29.9,50.0,38.8,69.4,1,1,30,0,38.5,33.8,17.9,5,3,0,1,0,3,10.0,92,4.6
2,Coulter Cleland,165212,QB,DAVIDSON,1,52.6,19,20,12.1,2.43,0,0,0.0,50.0,10,0,2,0.0,20,0,5,149,27.2,43.0,52.3,40.0,1,1,21,0,0.0,69.2,0.0,0,0,0,0,1,1,4.8,142,7.1
2,Otto Kuhns,138014,QB,NORFOLK,1,75.0,20,20,8.8,2.62,0,0,0.0,75.0,15,0,3,0.0,22,0,7,244,70.4,72.2,67.1,69.6,0,1,23,0,33.3,124.8,4.5,1,1,0,0,3,1,4.3,199,10.0
2,Maverick McIvor,99476,QB,ABILENE CH,1,72.2,18,19,18.7,2.65,0,3,15.0,68.4,13,0,6,0.0,23,0,10,100,14.7,46.1,47.8,52.9,0,0,24,0,33.3,150.8,8.7,2,2,0,1,4,4,16.7,308,16.2
2,Carter Peevy,129563,QB,MERCER,1,88.2,17,19,11.4,3.11,1,1,5.0,68.4,13,0,3,13.3,22,2,8,219,69.5,90.8,90.5,68.5,0,0,25,0,66.7,128.7,9.1,2,1,0,1,1,0,0.0,268,14.1
2,Cam Miller,125299,QB,N DAK ST,1,83.3,18,19,9.9,2.64,0,1,4.8,73.7,14,0,6,6.7,22,1,13,250,73.9,85.4,85.6,68.9,1,0,24,0,0.0,96.8,0.0,0,3,0,0,0,0,0.0,152,8.0
2,Xavier Lankford,142724,QB,ALAB A&M,1,78.9,19,19,9.4,2.47,0,1,5.3,78.9,15,0,3,0.0,21,0,7,104,67.9,84.0,82.5,62.7,0,1,21,0,66.7,108.6,9.5,2,0,0,0,2,0,0.0,131,6.9
2,Chris Howell,171592,QB,LIUSHAR,1,61.1,18,19,9.8,3.15,1,1,5.3,47.4,9,0,5,18.2,23,2,7,1298,70.4,85.7,80.6,72.4,0,0,23,0,60.0,72.0,13.0,3,1,0,0,0,0,0.0,139,7.3
2,Matt O'Connor,108972,QB,STETSON,1,68.8,16,18,14.7,2.41,0,1,5.6,61.1,11,0,7,0.0,20,0,6,302,69.7,73.0,74.8,58.2,2,0,20,0,28.6,128.9,10.0,2,0,0,0,2,0,0.0,168,9.3
2,Mitch Davidson,138334,QB,YNGTOWN ST,1,66.7,18,18,7.4,2.48,0,1,5.6,66.7,12,0,6,0.0,22,0,4,353,33.1,49.6,56.8,53.9,0,0,22,2,33.3,80.3,9.1,2,2,0,0,0,0,0.0,98,5.4
2,Duce Taylor,150493,QB,MORGAN ST,1,58.8,17,18,10.6,2.64,0,2,11.1,50.0,9,0,9,10.0,19,1,6,235,68.4,58.6,57.3,60.5,1,1,19,0,11.1,81.3,5.3,1,0,0,0,2,1,5.3,102,5.7
2,Dean DeNobile,159740,QB,LAFAYETTE,1,66.7,15,17,11.7,2.39,2,2,11.8,52.9,9,0,8,10.0,19,1,6,203,69.7,85.5,79.0,74.5,0,2,19,0,25.0,47.5,10.5,2,0,0,0,1,1,5.3,87,5.1
2,Sam Huard,146463,QB,CAL POLY,1,68.8,16,17,6.1,2.27,0,0,0.0,64.7,11,0,9,0.0,18,0,4,129,23.4,44.3,46.2,,0,1,19,1,11.1,47.9,5.6,1,0,0,1,0,2,10.5,67,3.9
2,Dante Casciola,149521,QB,DAYTON,1,64.7,17,17,7.6,2.32,0,1,5.9,58.8,10,0,3,9.1,18,1,6,150,66.8,67.4,66.6,,0,1,18,0,33.3,105.0,5.6,1,0,0,0,2,1,5.6,160,9.4
2,Hunter Hays,141593,QB,IDAHO ST,1,64.7,17,17,9.4,2.46,0,1,5.9,64.7,11,0,6,0.0,18,0,8,186,66.8,80.6,78.1,64.3,0,0,18,0,0.0,123.2,0.0,0,1,0,0,2,0,0.0,114,6.7
2,Dustin Fletcher,130553,QB,CITADEL,1,81.3,16,16,5.4,2.07,0,0,0.0,75.0,12,0,5,7.7,16,1,3,139,69.0,60.2,53.7,69.3,0,0,18,0,0.0,122.4,0.0,0,0,0,0,1,1,5.6,142,8.9
2,Bryce Corriston,139140,QB,WOFFORD,1,60.0,15,16,6.7,2.5,0,1,5.3,50.0,8,0,10,11.1,22,1,3,350,68.9,53.6,45.0,70.3,0,0,25,0,40.0,57.6,18.2,4,2,0,1,0,3,12.0,53,3.3
2,DJ Williams,138061,QB,MURRAY ST,1,56.3,16,16,13.1,3.99,0,0,0.0,43.8,7,0,13,22.2,20,2,4,236,69.7,58.8,51.8,65.5,0,0,20,0,0.0,56.3,0.0,0,4,0,0,0,0,0.0,68,4.3
2,Baron May,76359,QB,E TENN ST,1,62.5,16,16,14.8,3.07,0,0,0.0,56.3,9,0,11,10.0,23,1,10,157,29.1,57.5,59.3,56.2,0,0,23,0,18.2,124.7,8.7,2,5,0,0,2,1,4.3,139,8.7
2,Jonathan Murphy,104766,QB,KENNESAW,1,80.0,15,16,7.3,2.8,0,0,0.0,75.0,12,0,9,0.0,21,0,8,200,73.3,67.3,64.0,64.4,0,0,21,0,44.4,132.6,19.0,4,1,0,1,1,0,0.0,181,11.3
2,Boone Abbott,97807,QB,UTAHTC,1,37.5,16,16,14.3,2.59,0,0,0.0,37.5,6,0,5,0.0,18,0,2,1285,67.6,59.6,57.1,63.4,0,1,18,0,20.0,20.1,5.6,1,1,0,0,0,1,5.6,49,3.1
2,Corey Fields Jr.,78539,QB,SCAR STATE,1,56.3,16,16,7.2,2.19,0,0,0.0,56.3,9,0,5,0.0,16,0,6,290,69.5,52.1,51.2,58.6,0,1,17,0,0.0,46.4,0.0,0,0,0,0,0,1,5.9,90,5.6
2,Matthew Sluka,143059,QB,HOLY CROSS,1,73.3,15,15,13.9,3.96,0,3,20.0,66.7,10,0,8,9.1,27,1,13,181,36.7,88.8,81.9,76.7,0,0,30,0,25.0,93.8,7.4,2,10,0,0,0,1,3.3,130,8.7
2,Brady Meitz,149729,QB,STETSON,1,61.5,13,14,9.5,2.21,0,2,14.3,50.0,7,0,4,12.5,14,1,5,302,23.6,71.0,74.6,56.1,1,1,14,0,0.0,72.3,0.0,0,0,0,0,1,0,0.0,116,8.3
2,Zachary Yeager,150544,QB,NC A&T,1,57.1,14,14,6.2,2.78,0,0,0.0,50.0,7,0,5,12.5,18,1,4,246,69.6,52.2,48.3,58.3,0,0,18,0,40.0,58.9,11.1,2,2,0,0,0,1,5.6,51,3.6
2,Tony Bartalo,162107,QB,CHARLES SO,1,57.1,14,14,7.5,2.64,0,0,0.0,42.9,6,0,10,25.0,17,2,3,135,69.6,55.5,56.9,55.5,0,1,18,0,20.0,26.2,11.8,2,1,0,0,0,0,0.0,61,4.4
2,Nate Glantz,157587,QB,MCNEESE,1,46.2,13,13,9.5,2.48,0,1,7.1,46.2,6,0,5,0.0,16,0,3,217,68.2,62.9,66.4,53.7,0,0,17,0,40.0,60.4,12.5,2,1,0,0,0,1,5.9,62,4.8
2,Steven Krajewski,77650,QB,WAGNER,1,80.0,10,12,9.7,2.44,2,0,0.0,58.3,7,0,6,12.5,13,1,3,338,66.0,60.0,61.6,57.8,0,0,13,0,0.0,65.6,0.0,0,1,0,0,0,1,7.7,43,3.6
2,Eli Sawyer,141870,QB,SE LA,1,63.6,11,11,8.4,2.27,0,0,0.0,54.5,6,0,6,14.3,12,1,3,294,66.2,61.9,61.1,,0,0,14,0,16.7,72.5,8.3,1,0,0,0,0,0,0.0,66,6.0
2,Connor Watkins,108971,QB,VILLANOVA,1,72.7,11,11,16.0,3.06,0,4,30.8,72.7,8,0,4,0.0,17,0,8,334,71.2,90.1,91.3,62.0,0,0,19,0,75.0,154.4,17.6,3,2,0,0,2,0,0.0,303,27.5
2,Evan Olaes,146018,QB,INDIANA ST,1,33.3,9,10,8.6,2.74,0,0,0.0,30.0,3,0,7,0.0,17,0,1,191,71.2,43.5,34.1,59.5,1,1,17,0,42.9,0.0,17.6,3,4,0,0,0,1,5.9,21,2.1
2,Ryan O'Connor,155510,QB,DELAWARE,1,40.0,10,10,8.7,2.76,0,0,0.0,30.0,3,0,6,25.0,12,1,0,151,66.8,38.9,37.3,60.0,0,0,12,0,33.3,39.6,16.7,2,0,0,0,0,1,8.3,21,2.1
2,Aaron Allen,78494,QB,ALCORN ST,1,50.0,10,10,12.5,3.09,0,1,10.0,50.0,5,0,3,0.0,14,0,2,107,66.2,69.1,71.6,57.0,0,0,14,0,100.0,65.8,21.4,3,1,0,0,0,0,0.0,53,5.3
2,Clifton McDowell,98003,QB,MONTANA,1,87.5,8,10,5.3,3.38,1,0,0.0,70.0,7,0,4,0.0,15,0,6,232,25.7,63.4,79.7,46.0,0,0,15,0,75.0,99.6,20.0,3,2,0,1,0,0,0.0,94,9.4
2,Carson Jones,159807,QB,FURMAN,1,66.7,9,9,6.9,1.86,0,0,0.0,55.6,5,0,0,16.7,9,1,3,170,65.1,52.3,51.7,,0,0,9,0,,114.6,0.0,0,0,0,0,1,1,11.1,63,7.0
2,Sam Vidlak,146333,QB,MONTANA,1,75.0,8,9,7.5,2.58,0,0,0.0,66.7,6,0,3,0.0,11,0,3,232,18.8,48.8,47.3,,0,0,11,0,33.3,113.7,9.1,1,0,0,1,1,1,9.1,41,4.6
2,Cade Pribula,105550,QB,SACR HEART,1,55.6,9,9,13.0,2.88,0,1,11.1,33.3,3,0,7,40.0,13,2,1,280,20.0,33.7,34.7,53.5,0,2,13,0,28.6,2.8,15.4,2,2,0,0,0,3,23.1,25,2.8
2,Damon Stewart,156626,QB,ALABAMA ST,1,66.7,9,9,10.6,2.76,0,0,0.0,55.6,5,0,4,16.7,10,1,2,105,66.7,58.0,58.5,58.8,0,1,11,0,0.0,36.1,0.0,0,1,0,0,0,1,9.1,59,6.6
2,Sean Chambers,75888,QB,MONTANA ST,1,37.5,8,9,27.1,3.86,0,1,11.1,33.3,3,0,10,0.0,12,0,5,233,75.1,73.6,73.7,67.4,1,1,13,1,0.0,14.8,0.0,0,3,0,0,0,1,7.7,53,5.9
2,Luca Stanzani,159449,QB,LIUSHAR,1,57.1,7,8,3.1,2.8,1,0,0.0,50.0,4,0,6,0.0,13,0,5,1298,20.0,50.4,35.4,68.6,0,1,13,0,16.7,20.8,7.7,1,4,0,0,0,2,15.4,32,4.0
2,Carson Baker,83548,QB,MORGAN ST,1,50.0,6,8,10.8,2.51,0,0,0.0,25.0,2,0,6,33.3,11,1,0,235,65.8,41.0,40.6,,1,0,12,0,50.0,39.6,27.3,3,0,0,1,0,0,0.0,10,1.3
2,Will McElvain,88639,QB,CENT ARK,1,75.0,8,8,7.9,1.69,0,0,0.0,75.0,6,0,0,0.0,8,0,2,132,64.9,72.3,72.0,,0,0,8,0,,132.8,0.0,0,0,0,0,1,0,0.0,55,6.9
2,Tyler Macon,146873,QB,ALCORN ST,1,25.0,8,8,14.0,2.41,0,0,0.0,25.0,2,0,2,0.0,8,0,1,107,23.7,50.8,50.2,56.8,0,0,8,0,0.0,47.4,0.0,0,0,0,0,0,0,0.0,39,4.9
2,Beau Brungard,164897,QB,YNGTOWN ST,1,62.5,8,8,9.1,2.29,0,0,0.0,62.5,5,0,1,0.0,9,0,3,353,66.3,49.9,54.7,52.6,0,1,9,0,0.0,33.9,0.0,0,1,0,0,0,1,11.1,37,4.6
2,Grant Harper,142158,QB,UC DAVIS,1,71.4,7,7,11.1,2.06,0,2,25.0,57.1,4,0,2,20.0,7,1,3,322,64.9,89.9,89.4,,0,0,8,0,0.0,122.6,0.0,0,0,0,0,1,0,0.0,56,8.0
2,Cole Dow,108930,QB,DAYTON,1,71.4,7,7,10.7,3.05,0,0,0.0,71.4,5,0,1,0.0,8,0,4,150,42.9,66.0,50.2,71.5,0,0,11,0,100.0,122.0,12.5,1,0,0,0,2,0,0.0,35,5.0
2,Ja'Shawn Scroggins,160545,QB,HOWARD,1,57.1,7,7,5.3,1.82,0,0,0.0,57.1,4,0,1,0.0,9,0,2,184,20.0,37.7,35.1,58.2,0,0,9,0,0.0,67.6,0.0,0,1,0,0,0,0,0.0,30,4.3
2,Jaden Jones,147558,QB,CAL POLY,1,50.0,6,7,12.7,3.59,0,0,0.0,28.6,2,0,7,33.3,10,1,1,129,66.5,51.2,48.1,59.8,1,0,10,0,14.3,39.6,10.0,1,2,0,0,0,1,10.0,8,1.1
2,Zach Marker,173615,QB,DELAWARE,1,60.0,5,7,2.2,2.63,0,0,0.0,42.9,3,0,5,0.0,11,0,1,151,20.8,24.1,26.8,35.0,1,1,12,0,40.0,20.2,18.2,2,2,0,1,0,1,8.3,37,5.3
2,Maddux Richey,149222,QB,TENN TECH,1,50.0,6,7,9.8,2.76,0,0,0.0,42.9,3,0,4,0.0,8,0,1,309,64.9,47.3,47.2,,0,0,8,0,25.0,53.3,12.5,1,0,0,1,0,0,0.0,26,3.7
2,Graeson Underwood,123202,QB,CITADEL,1,57.1,7,7,15.7,2.33,0,1,12.5,42.9,3,0,1,25.0,7,1,1,139,67.2,63.8,61.5,62.1,0,0,8,0,0.0,67.6,0.0,0,0,0,0,0,0,0.0,50,7.1
2,Dominique Anthony,145350,QB,MORGAN ST,1,71.4,7,7,4.9,1.77,0,0,0.0,57.1,4,0,2,20.0,7,1,3,235,69.7,49.8,42.4,65.0,0,1,7,0,0.0,73.5,0.0,0,0,0,0,1,1,14.3,40,5.7
2,Jordan Pachot,164809,QB,MO STATE,1,66.7,6,6,10.3,2.89,0,0,0.0,66.7,4,0,0,0.0,7,0,3,230,64.6,38.3,39.9,57.3,0,1,7,0,,66.7,0.0,0,1,0,0,0,2,28.6,70,11.7
2,Matt Cavallaro,123412,QB,IDAHO ST,1,50.0,6,6,7.3,2.38,0,0,0.0,50.0,3,0,1,0.0,6,0,1,186,64.2,37.6,37.5,,0,1,6,0,0.0,20.8,0.0,0,0,0,0,0,1,16.7,24,4.0
2,Walter Simmons III,151059,QB,BETH COOK,1,33.3,6,6,10.3,2.29,0,0,0.0,33.3,2,0,3,0.0,9,0,1,119,66.3,31.4,33.3,51.1,0,1,9,0,33.3,17.4,11.1,1,2,0,0,0,2,22.2,39,6.5
2,Tommy Mellott,147646,QB,MONTANA ST,1,100.0,6,6,1.7,3.03,0,0,0.0,100.0,6,0,2,0.0,10,0,3,233,71.1,73.6,70.7,66.6,0,0,11,0,0.0,90.3,0.0,0,4,0,0,0,0,0.0,34,5.7
2,Rob McCoy,108989,QB,SACR HEART,1,40.0,5,6,17.6,1.64,1,0,0.0,33.3,2,0,4,0.0,7,0,0,280,67.1,56.5,44.6,69.9,0,0,7,0,25.0,42.4,14.3,1,0,0,0,0,0,0.0,12,2.0
2,Justin Allen,105560,QB,ELON,1,20.0,5,6,0.8,2.28,0,0,0.0,16.7,1,0,4,0.0,8,0,0,162,66.2,34.7,32.1,58.3,1,0,8,0,50.0,39.6,25.0,2,0,0,0,0,0,0.0,3,0.5
2,Cole Payton,148154,QB,N DAK ST,1,100.0,4,5,8.8,3.48,0,0,0.0,60.0,3,0,4,25.0,8,1,4,250,69.8,92.0,68.0,87.2,1,0,8,0,0.0,85.4,0.0,0,3,0,0,0,0,0.0,40,8.0
2,Aaron Angelos,100576,QB,DELWARE ST,1,100.0,2,5,0.5,2.68,0,0,0.0,40.0,2,0,3,0.0,6,0,0,152,65.9,47.3,46.5,59.6,1,0,7,0,33.3,47.9,16.7,1,0,0,2,0,0,0.0,1,0.2
2,Eric Phoenix,177526,QB,MURRAY ST,1,40.0,5,5,23.4,4.13,0,1,20.0,20.0,1,0,3,50.0,6,1,0,236,64.2,39.9,40.4,57.8,0,1,6,0,0.0,0.0,0.0,0,1,0,0,0,1,16.7,4,0.8
2,Julian Calvez,167101,QB,GRAMBLING,1,50.0,4,5,6.8,1.98,1,0,0.0,20.0,1,0,1,50.0,6,1,0,177,15.4,29.7,48.2,60.0,0,0,6,0,100.0,39.6,16.7,1,0,0,0,0,0,0.0,9,1.8
2,C.J. Henry,155870,QB,DELWARE ST,1,80.0,5,5,0.8,2.15,0,0,0.0,80.0,4,0,2,0.0,6,0,1,152,64.2,57.4,56.6,,0,0,6,0,50.0,86.7,16.7,1,0,0,0,0,0,0.0,24,4.8
2,Hank Gibbs,128414,QB,N COLORADO,1,40.0,5,5,14.8,2.22,0,0,0.0,40.0,2,0,1,0.0,6,0,3,253,64.2,81.2,71.9,64.3,0,0,6,0,0.0,120.0,0.0,0,1,0,0,1,0,0.0,54,10.8
2,Ty Englehart,162239,QB,PRESBYTERN,1,75.0,4,4,13.8,1.88,0,1,25.0,75.0,3,0,0,0.0,4,0,2,271,66.6,87.2,87.4,63.5,0,0,5,0,,156.3,0.0,0,0,0,0,1,0,0.0,53,13.3
2,Carson Camp,141837,QB,SACRAMENTO,1,75.0,4,4,5.5,2.44,0,0,0.0,75.0,3,0,2,0.0,5,0,0,279,67.0,44.9,55.7,49.0,0,0,6,0,0.0,81.3,0.0,0,1,0,0,0,0,0.0,16,4.0
2,Eli Brickhandler,160410,QB,NC A&T,1,75.0,4,4,1.8,2.06,0,0,0.0,25.0,1,0,1,66.7,5,2,0,246,13.4,20.7,20.8,,0,0,6,0,100.0,39.6,20.0,1,0,0,0,0,3,50.0,-3,-0.8
2,Quayde Hawkins,147245,QB,ABILENE CH,1,33.3,3,3,10.0,2.27,0,0,0.0,0.0,0,0,1,100.0,3,1,0,100,62.7,28.3,28.0,,0,1,3,0,0.0,0.0,0.0,0,0,0,0,0,1,33.3,0,0.0
2,Quaterius Hawkins,160211,QB,NWSTATE,1,66.7,3,3,1.7,1.77,0,0,0.0,66.7,2,0,0,0.0,3,0,0,257,67.7,58.2,56.1,60.3,0,0,3,0,,70.1,0.0,0,0,0,0,0,0,0.0,5,1.7
2,Austin Myers,164221,QB,CENT ARK,1,66.7,3,3,15.3,2.1,0,0,0.0,66.7,2,0,0,0.0,3,0,2,132,62.7,47.2,43.8,,0,0,3,0,,149.3,0.0,0,0,0,0,1,1,33.3,48,16.0
2,Kaden Cobb,156897,QB,HOWARD,1,50.0,2,2,12.0,2.05,0,0,0.0,50.0,1,0,0,0.0,2,0,0,184,15.1,36.4,40.7,54.8,0,0,2,0,,56.3,0.0,0,0,0,0,0,0,0.0,3,1.5
2,Connor Genal,98366,QB,MOREHEAD,1,50.0,2,2,13.5,2.05,0,0,0.0,50.0,1,0,1,0.0,2,0,1,234,61.8,38.8,39.1,,0,1,2,0,0.0,22.9,0.0,0,0,0,0,0,1,50.0,9,4.5
2,Patrick Heitert,126526,QB,SE MO ST,1,100.0,2,2,-4.0,1.85,0,0,0.0,100.0,2,0,0,0.0,2,0,0,293,67.6,73.4,62.7,66.7,0,0,2,0,,81.3,0.0,0,0,0,0,0,0,0.0,7,3.5
2,Gavin Screws,97789,QB,INDIANA ST,1,50.0,2,2,4.5,3.03,0,0,0.0,0.0,0,0,2,100.0,3,1,0,191,64.8,59.2,62.5,58.1,0,0,3,0,50.0,39.6,33.3,1,0,0,0,0,0,0.0,0,0.0
2,Kris Brown,105558,QB,MONTANA,1,0.0,2,2,2.5,2.25,0,0,0.0,0.0,0,0,1,,2,0,0,232,61.8,48.5,46.9,,0,0,2,0,0.0,39.6,0.0,0,0,0,0,0,0,0.0,0,0.0
2,Josh Magana,174601,QB,TXAMCO,1,50.0,2,2,5.5,2.33,0,0,0.0,50.0,1,0,0,0.0,3,0,0,1139,62.7,45.3,48.7,57.3,0,0,3,0,,62.5,0.0,0,1,0,0,0,0,0.0,9,4.5
2,Jackson Hardy,142351,QB,RICHMOND,1,100.0,2,2,10.0,2.2,0,0,0.0,100.0,2,0,0,0.0,2,0,2,276,64.4,77.1,82.4,58.4,0,0,2,0,,139.6,0.0,0,0,0,0,1,0,0.0,16,8.0
2,Prometheus Franklin II,165437,QB,SCAR STATE,1,50.0,2,2,11.5,1.6,0,0,0.0,50.0,1,0,0,0.0,2,0,0,290,61.8,57.7,57.4,,0,0,2,0,,56.3,0.0,0,0,0,0,0,0,0.0,4,2.0
2,Zolten Osborne,178620,QB,CHARLES SO,1,0.0,1,2,18.0,2.35,0,0,0.0,0.0,0,0,2,,2,0,0,135,61.8,28.0,31.9,,0,0,2,1,0.0,39.6,0.0,0,0,0,1,0,1,50.0,0,0.0
2,Channing Dumas,168482,QB,PRVIEW A&M,1,50.0,2,2,31.5,3.9,0,0,0.0,50.0,1,0,1,0.0,5,0,2,270,65.5,83.6,64.5,76.9,0,0,5,0,100.0,95.8,20.0,1,2,0,0,0,0,0.0,44,22.0
2,Trey Goodman,149142,WR,AUSTINPEAY,1,50.0,2,2,39.5,3.6,0,0,0.0,0.0,0,0,2,100.0,2,1,0,116,65.0,49.8,49.1,,0,0,2,0,0.0,39.6,0.0,0,0,0,0,0,0,0.0,0,0.0
2,Xander Werner,141661,TE,N ARIZONA,1,100.0,1,1,16.0,3.3,0,0,0.0,100.0,1,0,0,0.0,1,0,1,252,62.4,59.9,55.3,,0,0,1,0,,118.8,0.0,0,0,0,0,0,0,0.0,16,16.0
2,Bryce Patterson,160569,QB,MOREHEAD,1,0.0,1,1,7.0,4.6,0,0,0.0,0.0,0,0,1,,1,0,0,234,65.9,51.6,46.1,62.1,0,0,1,0,0.0,39.6,0.0,0,0,0,0,0,0,0.0,0,0.0
2,Jayden Stinson,138056,QB,MURRAY ST,1,100.0,1,1,5.0,2.5,0,0,0.0,0.0,0,0,1,100.0,1,1,0,236,60.3,61.5,61.0,,0,0,1,0,0.0,39.6,0.0,0,0,0,0,0,0,0.0,0,0.0
2,Ethan Greenwood,161869,QB,LIUSHAR,1,0.0,1,1,7.0,1.8,0,0,0.0,0.0,0,0,0,,1,0,0,1298,71.2,64.7,52.8,66.0,0,0,1,0,,39.6,0.0,0,0,0,0,0,0,0.0,0,0.0
2,Trey Lindsey,123994,QB,ALBANY,1,100.0,1,1,13.0,2.9,0,0,0.0,100.0,1,0,1,0.0,1,0,1,106,60.3,75.0,74.3,,0,0,1,0,0.0,118.8,0.0,0,0,0,0,0,0,0.0,22,22.0
2,Grady Robison,123463,QB,SO UTAH,1,0.0,1,1,5.0,2.8,0,0,0.0,0.0,0,0,1,,1,0,0,298,67.5,49.6,48.2,59.1,0,0,1,1,0.0,39.6,0.0,0,0,0,0,0,0,0.0,0,0.0
2,Kobe Warden,122815,WR,N ALABAMA,1,0.0,1,1,39.0,5.0,0,0,0.0,0.0,0,0,0,,1,0,0,389,72.0,52.1,75.7,,0,0,1,0,,39.6,0.0,0,0,0,0,0,0,0.0,0,0.0
2,Hayes Gibson,122513,QB,TENN TECH,1,0.0,1,1,10.0,4.0,0,0,0.0,0.0,0,0,1,,3,0,0,309,0.0,21.6,47.3,24.3,0,0,3,0,0.0,39.6,0.0,0,2,0,0,0,1,33.3,0,0.0
2,Draylen Ellis,121346,QB,TENN STATE,1,100.0,1,1,-2.0,2.75,0,0,0.0,100.0,1,0,1,0.0,2,0,1,308,12.5,52.5,44.1,63.5,0,0,2,0,100.0,112.5,50.0,1,0,0,0,0,1,50.0,11,11.0
2,Connor Becker,109509,WR,ROB MORRIS,1,100.0,1,1,23.0,3.8,0,0,0.0,100.0,1,0,0,0.0,1,0,1,277,64.8,68.5,76.6,57.5,0,0,1,0,,158.3,0.0,0,0,0,0,1,0,0.0,25,25.0
2,Andre Washington,165436,QB,SCAR STATE,1,100.0,1,1,15.0,3.7,0,0,0.0,0.0,0,0,1,100.0,1,1,0,290,25.7,57.0,74.3,53.7,0,0,1,0,0.0,39.6,0.0,0,0,0,0,0,0,0.0,0,0.0
2,Major Bowden,165740,HB,LAMAR,1,0.0,1,1,18.0,2.0,0,0,0.0,0.0,0,0,0,,1,0,0,204,64.6,62.5,36.7,,0,1,1,0,,0.0,0.0,0,0,0,0,0,1,100.0,0,0.0
2,Savon Smith,104833,HB,RICHMOND,1,0.0,1,1,26.0,3.9,0,0,0.0,0.0,0,0,0,,1,0,0,276,71.2,63.3,58.4,59.9,0,0,1,0,,39.6,0.0,0,0,0,0,0,0,0.0,0,0.0
2,Ephraim Floyd,168347,WR,GARD-WEBB,1,,0,1,,3.4,0,0,0.0,0.0,0,0,1,,1,0,0,171,17.7,59.6,60.0,,1,0,1,0,0.0,39.6,0.0,0,0,0,0,0,0,0.0,0,0.0
2,Quincy Casey,104763,QB,ALAB A&M,1,100.0,1,1,6.0,1.7,0,0,0.0,100.0,1,0,0,0.0,1,0,0,104,60.3,61.7,60.9,,0,0,1,0,,87.5,0.0,0,0,0,0,0,0,0.0,5,5.0
2,Eli Mirza,171752,WR,E ILLINOIS,1,0.0,1,1,20.0,4.7,0,0,0.0,0.0,0,0,0,,1,0,0,158,67.8,54.7,50.4,,0,0,1,1,,39.6,0.0,0,0,0,0,0,0,0.0,0,0.0
2,Tre Simmons,172766,QB,MCNEESE,1,100.0,1,1,2.0,6.9,0,0,0.0,100.0,1,0,2,0.0,2,0,1,217,66.2,49.8,61.0,52.4,0,0,2,0,0.0,83.3,0.0,0,1,0,0,0,0,0.0,4,4.0
2,Jacob Jones,173921,QB,GRAMBLING,1,0.0,1,1,30.0,3.7,0,0,0.0,0.0,0,0,0,,2,0,1,177,67.6,68.6,49.9,70.3,0,0,2,0,,39.6,0.0,0,1,0,0,0,0,0.0,0,0.0
2,Jermaine Braddock,84400,WR,PORTLAND,1,100.0,1,1,33.0,3.1,0,1,100.0,100.0,1,0,0,0.0,1,0,1,269,66.9,65.4,88.6,,0,0,1,0,,118.8,0.0,0,0,0,0,0,0,0.0,40,40.0
2,Matt Robinson,82130,QB,DUQUESNE,1,100.0,1,1,-4.0,2.2,0,0,0.0,100.0,1,0,0,0.0,1,0,0,155,60.3,61.9,61.0,,0,0,1,0,,112.5,0.0,0,0,0,0,0,0,0.0,11,11.0
2,Jyran Mitchell,78175,HB,BUTLER,1,100.0,1,1,-4.0,1.1,0,0,0.0,100.0,1,0,0,0.0,1,0,0,127,74.3,80.1,60.4,78.7,0,0,1,0,,79.2,0.0,0,0,0,0,0,0,0.0,0,0.0
2,Ah-Shaun Davis,149376,QB,LAFAYETTE,1,100.0,1,1,5.0,1.9,0,0,0.0,0.0,0,0,0,100.0,1,1,0,203,60.3,62.0,61.0,,0,0,1,0,,39.6,0.0,0,0,0,0,0,0,0.0,0,0.0
2,Joshua Harris,149887,WR,FURMAN,1,100.0,1,1,34.0,3.3,0,0,0.0,100.0,1,0,1,0.0,1,0,1,170,69.6,76.1,75.7,,0,0,1,0,0.0,118.8,0.0,0,0,0,0,0,0,0.0,51,51.0
2,Lem Wash,149229,QB,S DAKOTA,1,0.0,1,1,33.0,2.2,0,0,0.0,0.0,0,0,0,,1,0,0,291,63.7,57.9,59.3,59.5,0,0,1,0,,39.6,0.0,0,0,0,0,0,0,0.0,0,0.0
2,Lukkas Londono,148463,WR,TOWSON,1,0.0,1,1,21.0,3.5,0,0,0.0,0.0,0,0,0,,1,0,0,317,21.2,73.1,27.6,,0,1,1,0,,0.0,0.0,0,0,0,0,0,1,100.0,0,0.0
2,Richard Torres,156456,QB,INCAR WORD,1,100.0,1,1,-1.0,1.2,0,0,0.0,100.0,1,0,0,0.0,1,0,0,189,60.3,61.8,60.6,,0,0,1,0,,79.2,0.0,0,0,0,0,0,0,0.0,-1,-1.0
2,Trey Feeney,148125,QB,N DAKOTA,1,100.0,1,1,46.0,5.7,0,0,0.0,100.0,1,0,1,0.0,1,0,1,249,60.3,49.6,49.9,,0,0,1,0,0.0,118.8,0.0,0,0,0,0,0,0,0.0,39,39.0
2,Timothy Dorsey,148029,QB,E TENN ST,1,100.0,1,1,5.0,2.3,0,0,0.0,100.0,1,0,1,0.0,2,0,0,157,67.6,51.4,58.9,54.2,0,0,2,0,100.0,87.5,50.0,1,0,0,0,0,0,0.0,5,5.0
2,Devin Farrell,157658,QB,RHODE ISLD,1,0.0,1,1,-2.0,3.7,0,0,0.0,0.0,0,0,0,,1,0,0,274,63.7,63.5,57.7,63.8,0,0,1,0,,39.6,0.0,0,0,0,0,0,0,0.0,0,0.0
2,Jackson Berry,147830,QB,SO UTAH,1,0.0,1,1,21.0,2.3,0,0,0.0,0.0,0,0,1,,1,0,0,298,60.3,60.1,59.9,,0,0,1,0,0.0,39.6,0.0,0,0,0,0,0,0,0.0,0,0.0
2,Martin Laham,147428,WR,LEHIGH,1,0.0,1,1,-3.0,2.8,0,0,0.0,0.0,0,0,0,,1,0,0,205,64.6,63.1,60.4,,0,1,1,1,,0.0,0.0,0,0,0,0,0,0,0.0,0,0.0
2,Dante Perri,143112,QB,LEHIGH,1,0.0,1,1,23.0,2.1,0,0,0.0,0.0,0,0,1,,1,0,0,205,63.7,57.6,50.4,63.1,0,0,1,0,0.0,39.6,0.0,0,0,0,0,0,0,0.0,0,0.0
2,Josiah Silver,142337,ED,NEW HAMP,1,0.0,1,1,10.0,2.1,0,0,0.0,0.0,0,0,0,,1,0,0,240,60.3,52.9,49.6,,0,0,1,0,,39.6,0.0,0,0,0,0,0,0,0.0,0,0.0
2,Lan Larison,142157,HB,UC DAVIS,1,100.0,1,1,12.0,3.3,0,0,0.0,100.0,1,0,1,0.0,1,0,1,322,74.9,64.1,73.1,67.2,0,0,1,0,0.0,116.7,0.0,0,0,0,0,0,0,0.0,12,12.0
2,Ethan Bolingbroke,141666,WR,SO UTAH,1,100.0,1,1,25.0,3.1,0,0,0.0,100.0,1,0,0,0.0,1,0,1,298,67.7,67.0,76.2,,0,0,1,0,,118.8,0.0,0,0,0,0,0,0,0.0,27,27.0
2,Jordon Davis,182683,QB,TEXAS STHN,1,100.0,1,1,-1.0,1.5,0,0,0.0,100.0,1,0,0,0.0,1,0,0,313,67.5,87.0,61.0,76.6,0,0,1,0,,87.5,0.0,0,0,0,0,0,0,0.0,5,5.0
2,Jalyn Gramstad,180656,QB,NWREDR,1,72.2,36,41,9.0,2.83,1,2,4.8,63.4,26,0,16,0.0,49,0,14,1035,55.6,65.2,64.7,61.6,0,2,50,0,18.8,65.8,6.1,3,5,1,3,1,2,4.0,227,5.5
2,Polo Solomon,163977,QB,LANECOL,1,58.1,31,32,9.4,2.85,1,1,3.1,46.9,15,0,12,16.7,35,3,10,942,69.6,68.7,66.7,63.9,0,3,35,0,8.3,36.7,2.9,1,2,0,0,1,0,0.0,186,5.8
2,Xander Stokes,151379,QB,INWSLY,1,46.7,30,32,13.8,2.73,0,3,8.6,40.6,13,0,15,7.1,36,1,9,1451,69.8,73.7,70.4,69.2,0,1,39,0,20.0,76.4,8.3,3,1,0,2,3,0,0.0,171,5.3
2,Derrach West,168040,QB,MHMRTI,1,63.0,27,28,10.7,2.43,0,1,3.6,39.3,11,0,11,35.3,32,6,7,999,68.9,69.8,63.8,73.7,0,1,32,0,18.2,40.0,6.3,2,2,0,1,0,1,3.1,135,4.8
2,Jaquan Lynch,165877,QB,BARCOL,1,67.9,28,28,11.8,2.44,0,1,3.6,57.1,16,0,11,15.8,31,3,12,1473,71.9,78.6,78.2,66.3,0,0,31,0,9.1,105.5,3.2,1,2,0,0,1,0,0.0,295,10.5
2,C.J. Brooks,168854,QB,VA LYNCHBU,1,63.6,22,23,8.3,2.35,0,0,0.0,43.5,10,0,11,28.6,29,4,6,406,68.1,41.2,41.4,57.3,1,1,29,0,45.5,61.3,17.2,5,1,0,0,1,2,6.9,147,6.4
2,Edwin Kleinpeter Jr.,182360,QB,MILES,1,52.6,19,20,11.7,2.95,0,2,8.3,50.0,10,0,12,0.0,26,0,8,386,34.1,51.3,47.9,59.5,0,1,30,0,16.7,69.8,7.7,2,4,0,1,1,2,6.7,145,7.3
2,Damon Hockett,161177,QB,TAYLOR,1,62.5,16,19,6.4,2.38,2,1,5.0,52.6,10,0,10,0.0,24,0,5,402,17.2,46.6,47.0,67.9,0,0,25,0,10.0,84.1,4.2,1,3,0,1,1,1,4.0,94,4.9
2,Zane Whitson,180481,QB,CARSON,1,53.8,13,16,6.6,2.59,1,0,0.0,31.3,5,0,8,28.6,18,2,2,799,66.8,55.0,58.5,52.6,0,0,18,0,0.0,40.6,0.0,0,2,0,2,0,0,0.0,44,2.8
2,Gavin Herberg,179352,QB,COMESA,1,66.7,15,15,15.5,2.49,0,1,6.3,53.3,8,0,10,20.0,16,2,6,1281,68.2,75.8,70.0,72.8,0,1,17,0,10.0,105.8,6.3,1,0,0,0,2,0,0.0,171,11.4
2,Leslie Richardson,179403,QB,COMESA,1,73.3,15,15,12.7,2.86,0,2,13.3,53.3,8,0,9,27.3,19,3,4,1281,25.4,55.8,68.1,37.9,0,0,19,0,33.3,112.6,15.8,3,1,0,0,1,0,0.0,158,10.5
2,Jaylen Myers,63569,QB,CARSON,1,60.0,10,12,12.7,2.9,0,0,0.0,41.7,5,0,7,16.7,13,1,4,799,67.1,71.4,73.1,57.7,0,1,14,0,14.3,31.6,7.7,1,0,0,2,0,1,7.1,85,7.1
2,Tametrius Pogue,181032,QB,LANECOL,1,75.0,4,5,12.5,2.5,0,0,0.0,60.0,3,0,1,0.0,5,0,2,942,65.9,24.1,23.7,58.2,1,0,7,0,0.0,79.6,0.0,0,0,0,0,0,2,28.6,33,6.6
2,Langston Stewart,182456,QB,VA LYNCHBU,1,50.0,4,4,6.8,2.94,0,0,0.0,50.0,2,0,3,0.0,7,0,2,406,64.9,61.6,47.9,69.3,0,0,8,0,66.7,67.7,28.6,2,1,0,0,0,1,12.5,23,5.8
2,Walker Martinez,180436,QB,CARSON,1,0.0,2,2,28.0,2.85,0,0,0.0,0.0,0,0,2,,2,0,0,799,61.8,57.0,56.4,,0,0,2,0,0.0,39.6,0.0,0,0,0,0,0,1,50.0,0,0.0
2,Cooper Mumford,179388,T,COMESA,1,100.0,1,1,4.0,5.6,0,0,0.0,100.0,1,0,0,0.0,1,0,1,1281,60.3,68.2,55.3,,0,0,1,0,,143.8,0.0,0,0,0,0,1,0,0.0,9,9.0
2,Kameron Johnson,165866,WR,BARCOL,1,0.0,1,1,5.0,3.8,0,0,0.0,0.0,0,0,0,,1,0,0,1473,73.1,66.8,57.7,63.0,0,0,1,0,,39.6,0.0,0,0,0,0,0,0,0.0,0,0.0
2,Stephen Ellis,154372,WR,TAYLOR,1,100.0,1,1,24.0,4.65,0,0,0.0,100.0,1,0,1,0.0,2,0,1,402,68.7,60.6,76.2,58.8,0,0,2,0,0.0,158.3,0.0,0,1,0,0,1,0,0.0,75,75.0
week,player,player_id,position,team_name,player_game_count,accuracy_percent,aimed_passes,attempts,avg_depth_of_target,avg_time_to_throw,bats,big_time_throws,btt_rate,completion_percent,completions,declined_penalties,def_gen_pressures,drop_rate,dropbacks,drops,first_downs,franchise_id,grades_hands_fumble,grades_offense,grades_pass,grades_run,hit_as_threw,interceptions,passing_snaps,penalties,pressure_to_sack_rate,qb_rating,sack_percent,sacks,scrambles,spikes,thrown_aways,touchdowns,turnover_worthy_plays,twp_rate,yards,ypa
3,Davis Brin,77642,QB,GA SOUTHRN,1,70.6,51,52,9.1,2.46,0,4,7.5,63.5,33,0,15,8.3,57,3,15,174,43.2,74.4,78.6,42.3,0,5,58,0,26.7,52.5,7.0,4,1,0,1,1,3,5.2,383,7.4
3,Cole Snyder,97617,QB,BUFFALO,1,67.4,46,51,6.8,2.67,2,0,0.0,56.9,29,0,15,6.5,59,2,15,126,70.8,54.8,56.5,53.4,1,2,64,0,6.7,81.8,1.7,1,7,0,2,4,1,1.6,276,5.4
3,Mikey Keene,70961,QB,FRESNO ST,1,76.1,46,50,4.6,2.19,1,1,1.9,64.0,32,0,15,8.6,55,3,16,169,70.4,54.3,56.1,60.0,0,0,57,3,33.3,92.2,9.1,5,0,0,3,2,0,0.0,281,5.6
3,Gunnar Watson,83570,QB,TROY,1,61.4,44,47,12.3,2.68,0,4,8.2,53.2,25,0,26,7.4,53,2,15,318,39.0,72.4,72.4,57.8,0,1,55,2,19.2,80.9,9.4,5,1,0,3,2,3,5.5,329,7.0
3,Shedeur Sanders,131396,QB,COLORADO,1,91.3,46,47,6.3,2.9,0,4,7.7,80.9,38,0,19,9.5,56,4,18,143,70.3,93.3,92.9,70.1,0,1,62,0,21.1,116.9,7.1,4,5,0,1,4,1,1.6,347,7.4
3,Brayden Fowler-Nicolosi,157207,QB,COLO STATE,1,81.8,44,47,6.7,2.76,3,3,5.9,72.3,34,0,16,5.6,51,2,17,144,70.4,63.6,64.2,62.3,0,3,56,1,18.8,89.3,5.9,3,1,0,0,3,3,5.4,364,7.7
3,Hudson Card,123109,QB,PURDUE,1,76.7,43,46,9.1,2.82,1,3,6.1,69.6,32,0,25,3.0,54,1,21,273,24.7,82.6,80.2,68.3,1,1,57,0,16.0,87.2,7.4,4,3,0,1,1,2,3.5,320,7.0
3,Brayden Schager,146078,QB,HAWAII,1,66.7,42,43,6.5,2.4,0,0,0.0,62.8,27,0,13,3.6,46,1,7,180,69.7,43.3,43.6,57.3,0,1,50,0,15.4,65.2,4.3,2,1,0,1,1,4,8.0,131,3.0
3,Chevan Cordeiro,75886,QB,S JOSE ST,1,69.2,39,42,12.4,2.83,0,3,6.4,57.1,24,0,18,11.1,50,3,12,285,70.7,67.3,69.6,50.5,1,1,55,0,33.3,70.3,12.0,6,2,0,2,1,3,5.5,228,5.4
3,Spencer Rattler,97408,QB,S CAROLINA,1,60.5,38,42,9.7,3.18,0,2,4.5,52.4,22,0,26,4.3,51,1,15,289,69.8,72.3,67.2,73.6,0,2,53,0,11.5,59.2,5.9,3,5,0,4,1,3,5.7,256,6.1
3,Mitch Griffis,123386,QB,WAKE,1,63.2,38,41,12.0,3.21,2,1,2.3,58.5,24,0,21,0.0,51,0,17,339,26.2,57.8,56.1,61.0,1,2,54,0,19.0,86.6,7.8,4,6,0,0,3,6,11.1,312,7.6
3,Chandler Rogers,98683,QB,N TEXAS,1,64.1,39,41,12.3,2.81,2,2,4.7,61.0,25,0,16,0.0,46,0,15,251,71.1,76.6,72.4,68.0,0,0,48,0,6.3,101.4,2.2,1,4,0,0,2,0,0.0,317,7.7
3,Carlos Davis,139131,QB,UMASS,1,66.7,39,41,12.6,2.5,2,3,7.0,56.1,23,0,18,11.5,44,3,11,216,36.1,58.9,60.9,49.9,0,3,47,0,16.7,61.0,6.8,3,0,0,0,1,4,8.5,340,8.3
3,Haynes King,124329,QB,GA TECH,1,75.0,40,41,8.5,2.44,0,0,0.0,68.3,28,0,17,6.7,47,2,17,176,72.4,71.5,67.8,67.6,0,0,48,0,11.8,106.5,4.3,2,4,0,1,2,0,0.0,307,7.5
3,Anthony Colandrea,170131,QB,VIRGINIA,1,66.7,39,41,12.6,2.51,0,2,4.9,58.5,24,0,12,7.7,47,2,15,335,40.3,56.6,49.8,70.9,0,3,48,1,16.7,55.4,4.3,2,4,0,2,1,4,8.3,265,6.5
3,Drake Maye,143969,QB,N CAROLINA,1,83.8,37,40,12.2,2.97,1,4,9.5,72.5,29,0,10,6.5,51,2,20,245,70.9,81.3,82.7,61.7,0,2,53,0,20.0,101.5,3.9,2,8,0,2,2,2,3.8,414,10.4
3,Dylan Hopkins,83571,QB,NEW MEXICO,1,57.9,38,39,16.6,3.07,0,3,7.5,51.3,20,0,12,9.1,43,2,15,241,69.4,74.1,72.4,64.6,0,0,45,0,8.3,79.8,2.3,1,3,0,1,1,2,4.4,247,6.3
3,Will Howard,122599,QB,KANSAS ST,1,77.8,36,39,6.0,2.66,0,0,0.0,64.1,25,0,16,10.7,42,3,14,199,72.3,79.1,83.2,60.0,1,1,43,1,12.5,99.3,4.8,2,1,0,2,3,1,2.3,270,6.9
3,Jacob Zeno,98014,QB,UAB,1,77.1,35,38,8.9,3.0,2,2,4.9,71.1,27,0,18,0.0,53,0,15,321,70.7,65.9,59.1,71.9,0,2,56,1,38.9,78.8,13.2,7,8,0,1,1,2,3.6,280,7.4
3,Austin Reed,111760,QB,W KENTUCKY,1,58.3,36,37,6.0,2.19,0,2,5.1,56.8,21,0,15,0.0,39,0,10,346,71.1,59.1,56.8,63.0,0,1,41,0,6.7,70.4,2.6,1,1,0,1,1,2,4.9,207,5.6
3,Chandler Morris,122938,QB,TCU,1,80.6,36,37,11.3,2.85,0,5,12.2,64.9,24,0,12,17.2,44,5,18,305,41.2,87.8,83.5,74.9,0,1,48,0,25.0,98.3,6.8,3,4,0,1,2,2,4.2,314,8.5
3,Donovan Smith,73929,QB,HOUSTON,1,63.6,33,36,10.7,2.85,0,4,10.8,47.2,17,0,15,19.0,45,4,10,182,70.6,61.1,62.5,59.5,1,2,46,1,33.3,44.3,11.1,5,3,0,2,0,2,4.3,225,6.3
3,Brady Cook,124199,QB,MISSOURI,1,75.8,33,36,10.3,2.21,1,2,5.6,63.9,23,0,8,8.0,39,2,15,229,71.8,70.3,71.0,63.2,0,0,39,2,25.0,115.0,5.1,2,1,1,1,2,0,0.0,356,9.9
3,KJ Jefferson,99129,QB,ARKANSAS,1,78.8,33,36,6.9,3.14,1,2,5.1,66.7,24,0,16,7.7,45,2,12,111,24.8,75.2,75.1,62.9,2,1,49,0,25.0,83.9,8.9,4,5,0,0,1,3,6.1,247,6.9
3,AJ Swann,157186,QB,VANDERBILT,1,55.9,34,35,16.1,2.76,0,5,14.3,48.6,17,0,9,10.5,40,2,14,333,71.1,70.3,69.3,62.8,0,1,40,0,11.1,99.1,2.5,1,4,0,1,3,2,5.0,335,9.6
3,Michael Penix Jr.,82134,QB,WASHINGTON,1,84.8,33,35,14.3,2.94,0,3,8.1,77.1,27,0,11,3.6,35,1,18,340,69.3,91.8,92.0,57.1,0,0,37,0,0.0,156.5,0.0,0,0,0,2,4,0,0.0,473,13.5
3,Carson Beck,124010,QB,GEORGIA,1,84.8,33,35,6.0,2.14,1,1,2.8,77.1,27,0,12,3.6,38,1,14,173,70.3,87.8,83.1,75.0,0,0,39,0,16.7,98.4,5.3,2,1,0,1,0,0,0.0,269,7.7
3,Seth Henigan,144267,QB,MEMPHIS,1,75.8,33,35,10.3,2.5,1,0,0.0,65.7,23,0,13,8.0,40,2,12,218,71.5,71.7,68.1,67.5,0,1,40,0,15.4,80.4,5.0,2,3,0,1,1,2,5.0,218,6.2
3,Devin Grainger,78496,QB,GA STATE,1,96.8,31,34,8.3,2.47,0,2,5.6,79.4,27,0,12,10.0,35,3,15,175,72.8,93.2,93.2,69.5,1,0,37,1,8.3,148.2,2.9,1,0,0,2,3,0,0.0,466,13.7
3,Emory Jones,82111,QB,CINCINNATI,1,61.3,31,34,11.7,2.53,0,1,2.6,52.9,18,0,13,5.3,41,1,14,138,47.4,64.0,60.1,64.6,1,2,45,0,15.4,54.2,4.9,2,5,0,2,0,3,6.7,265,7.8
3,Joe Milton III,82151,QB,TENNESSEE,1,66.7,30,34,14.1,2.58,3,3,8.6,58.8,20,0,12,0.0,37,0,12,307,70.2,75.9,73.6,66.4,0,1,39,0,16.7,93.6,5.4,2,1,0,1,2,0,0.0,287,8.4
3,Tayven Jackson,157615,QB,INDIANA,1,84.8,33,34,7.0,2.76,0,2,5.6,70.6,24,0,14,14.3,37,4,13,190,71.4,63.4,67.6,52.4,0,1,39,1,0.0,95.1,0.0,0,3,0,1,1,2,5.1,299,8.8
3,Billy Wiles,144144,QB,SO MISS,1,62.5,32,34,8.5,2.83,1,1,2.9,55.9,19,0,17,5.0,41,1,9,296,69.5,49.2,50.9,52.4,0,0,41,1,11.8,70.3,4.9,2,5,0,1,0,1,2.4,177,5.2
3,Ben Bryant,77655,QB,NWESTERN,1,56.3,32,34,9.7,2.6,2,1,2.9,50.0,17,0,13,5.6,36,1,8,256,69.7,58.4,59.2,55.6,0,1,36,0,7.7,56.4,2.8,1,1,0,0,1,2,5.6,123,3.6
3,Jayden Daniels,97993,QB,LSU,1,90.9,33,34,8.4,2.71,0,4,11.8,88.2,30,0,8,0.0,40,0,18,211,72.5,92.4,90.8,78.7,0,0,41,0,25.0,130.5,5.0,2,4,0,1,2,0,0.0,361,10.6
3,DJ Irons,145585,QB,AKRON,1,80.6,31,34,5.8,2.71,1,0,0.0,67.6,23,0,22,8.0,40,2,7,102,41.1,56.6,50.9,66.3,0,0,41,0,18.2,74.4,10.0,4,2,0,2,0,1,2.4,130,3.8
3,Nicholas Vattiato,145302,QB,MIDDLE TN,1,90.9,33,34,5.3,1.94,1,0,0.0,82.4,28,0,7,6.7,36,2,14,224,71.4,67.8,67.9,60.2,0,1,38,0,14.3,109.7,2.8,1,1,0,0,2,1,2.6,291,8.6
3,Tommy Castellanos,158433,QB,BOSTON COL,1,74.2,31,33,7.4,2.85,0,2,5.7,60.6,20,0,10,13.0,38,3,10,121,73.4,73.5,66.7,72.6,0,1,40,0,30.0,88.6,7.9,3,2,0,2,1,3,7.5,305,9.2
3,Alex Flinn,123797,QB,E CAROLINA,1,75.9,29,33,9.1,2.95,0,2,5.7,54.5,18,0,16,18.2,39,4,10,156,69.1,57.8,49.6,80.5,1,3,42,3,6.3,29.2,2.6,1,5,0,3,0,4,9.5,155,4.7
3,Jayden Maiava,158135,QB,UNLV,1,69.7,33,33,10.2,2.43,0,2,6.1,57.6,19,0,10,17.4,36,4,12,325,70.5,64.2,60.3,66.9,0,1,36,0,10.0,80.5,2.8,1,2,0,0,1,1,2.8,261,7.9
3,Drew Allar,164157,QB,PENN STATE,1,66.7,30,33,8.0,2.93,2,1,3.0,48.5,16,0,10,20.0,38,4,13,266,69.3,76.9,72.9,72.2,0,0,38,0,10.0,68.8,2.6,1,4,0,1,0,0,0.0,208,6.3
3,Payton Thorne,101629,QB,AUBURN,1,75.0,32,32,9.8,2.67,0,3,9.1,75.0,24,0,3,0.0,38,0,13,115,71.1,82.5,66.3,88.2,0,2,39,0,33.3,85.7,2.6,1,5,0,0,1,1,2.6,282,8.8
3,Gavin Hardison,100827,QB,UTEP,1,65.5,29,32,14.4,3.32,0,1,3.0,46.9,15,0,9,21.1,34,4,9,330,68.6,67.1,66.2,,1,0,35,1,22.2,70.8,5.9,2,0,0,2,0,1,2.9,228,7.1
3,Jalen Mayden,83520,QB,S DIEGO ST,1,80.0,30,32,8.2,3.14,0,1,3.0,62.5,20,0,17,16.7,43,4,11,284,70.5,72.0,71.4,62.6,1,1,44,0,35.3,74.5,14.0,6,5,0,1,0,1,2.3,256,8.0
3,Ta'Quan Roberson,101625,QB,UCONN,1,67.9,28,32,8.1,3.14,0,1,2.9,46.9,15,1,17,21.1,37,4,5,146,70.3,65.6,66.5,57.7,2,0,40,1,5.9,74.0,2.7,1,4,0,2,1,0,0.0,172,5.4
3,Kurtis Rourke,97998,QB,OHIO,1,55.2,29,32,11.8,3.67,0,0,0.0,50.0,16,0,16,0.0,37,0,13,259,71.1,73.6,68.3,71.0,1,0,39,0,0.0,71.7,0.0,0,5,0,2,1,0,0.0,135,4.2
3,Daniel Richardson,97103,QB,FAU,1,67.9,28,32,7.5,2.66,2,0,0.0,56.3,18,0,10,5.3,34,1,7,165,68.7,52.5,51.9,,0,1,36,0,20.0,51.6,5.9,2,0,0,2,0,1,2.8,120,3.8
3,Brennan Armstrong,77696,QB,NC STATE,1,90.6,32,32,6.0,2.79,0,2,6.3,84.4,27,0,3,6.9,36,2,14,248,69.7,87.8,84.9,70.1,0,0,36,0,33.3,111.5,2.8,1,3,0,0,1,0,0.0,264,8.3
3,Kyron Drones,144506,QB,VA TECH,1,75.9,29,32,11.2,3.08,0,2,5.6,59.4,19,0,15,13.6,40,3,9,337,74.3,72.2,78.7,56.5,1,1,45,0,26.7,73.7,10.0,4,3,0,2,1,1,2.2,190,5.9
3,Jayden de Laura,131928,QB,ARIZONA,1,82.1,28,31,4.4,2.96,0,1,3.2,74.2,23,0,10,0.0,35,0,16,109,69.1,83.0,77.6,74.5,0,0,35,1,20.0,134.7,5.7,2,2,1,2,3,0,0.0,287,9.3
3,Noah Kim,129623,QB,MICH STATE,1,50.0,30,31,10.5,2.39,0,1,2.9,38.7,12,0,13,20.0,34,3,6,223,69.3,37.5,38.0,55.2,0,1,37,0,15.4,39.2,5.9,2,1,0,1,0,1,2.7,136,4.4
3,Taulia Tagovailoa,97271,QB,MARYLAND,1,73.3,30,31,11.8,2.88,0,4,12.1,64.5,20,0,11,9.1,34,2,15,215,68.7,81.6,81.0,61.8,0,0,36,0,9.1,113.8,2.9,1,2,0,1,1,1,2.8,351,11.3
3,DJ Uiagalelei,122162,QB,OREGON ST,1,53.6,28,30,13.3,2.6,1,2,6.7,46.7,14,0,11,6.7,32,1,10,265,70.3,57.7,55.5,62.0,1,2,32,0,0.0,63.8,0.0,0,1,0,0,1,1,3.1,284,9.5
3,Tanner Mordecai,77656,QB,WISCONSIN,1,74.1,27,30,6.6,2.63,3,0,0.0,63.3,19,0,6,5.0,33,1,13,349,70.4,73.5,69.7,68.0,0,0,34,0,16.7,87.6,3.0,1,2,0,0,0,0,0.0,236,7.9
3,Dillon Gabriel,86272,QB,OKLAHOMA,1,90.0,30,30,11.3,2.0,0,4,12.9,90.0,27,0,8,0.0,32,0,18,261,68.5,91.1,90.9,63.1,0,1,34,0,0.0,144.4,0.0,0,0,0,0,5,2,5.9,417,13.9
3,Taylen Green,145996,QB,BOISE ST,1,70.0,30,30,8.6,2.61,0,2,6.5,63.3,19,0,6,9.5,33,2,10,120,69.5,68.5,60.1,79.9,0,1,34,0,16.7,79.4,3.0,1,2,0,0,1,2,5.9,197,6.6
3,Joey Aguilar,174978,QB,APP STATE,1,67.9,28,29,11.6,2.72,0,2,6.5,58.6,17,0,9,10.5,33,2,13,108,71.3,62.5,60.7,61.6,1,1,35,0,11.1,105.7,3.0,1,3,0,0,3,1,2.9,241,8.3
3,Conner Weigman,158683,QB,TEXAS A&M,1,89.7,29,29,11.6,2.85,0,3,9.7,86.2,25,0,8,3.8,32,1,18,312,39.5,93.3,92.9,66.8,0,0,34,0,12.5,126.6,3.1,1,2,0,0,1,0,0.0,337,11.6
3,Athan Kaliakmanis,144971,QB,MINNESOTA,1,53.8,26,29,10.4,2.94,1,0,0.0,37.9,11,0,10,21.4,34,3,9,225,68.7,45.5,41.6,63.6,0,1,36,0,10.0,38.4,2.9,1,4,0,2,0,2,5.6,133,4.6
3,Byrum Brown,156206,QB,USF,1,57.1,28,28,8.4,3.18,0,0,0.0,50.0,14,0,22,12.5,43,2,8,327,43.6,42.0,30.1,64.7,0,1,45,0,27.3,41.8,14.0,6,9,0,0,0,3,6.7,87,3.1
3,Garrett Shrader,98212,QB,SYRACUSE,1,65.4,26,28,10.1,3.26,0,2,6.1,50.0,14,0,18,17.6,40,3,11,304,74.1,78.0,66.1,77.3,0,1,45,0,22.2,56.3,10.0,4,7,0,2,0,2,4.4,184,6.6
3,Timmy McClain,144488,QB,UCF,1,80.8,26,28,9.8,3.05,0,2,7.1,71.4,20,0,8,4.8,32,1,13,323,32.7,88.0,90.3,63.2,2,0,32,0,12.5,133.2,3.1,1,3,0,0,2,1,3.1,321,11.5
3,Rocky Lombardi,60452,QB,N ILLINOIS,1,61.5,26,28,7.5,2.37,0,0,0.0,39.3,11,0,13,31.3,32,5,3,254,69.0,37.1,33.9,64.3,0,1,33,0,23.1,32.4,9.4,3,1,0,2,0,2,6.1,73,2.6
3,Will Rogers,124184,QB,MISS STATE,1,48.0,25,28,8.5,2.33,1,2,7.1,39.3,11,0,8,8.3,32,1,5,227,68.9,56.4,58.3,54.9,1,0,32,0,50.0,50.1,12.5,4,0,0,1,0,0,0.0,103,3.7
3,Luke Altmyer,146802,QB,ILLINOIS,1,61.5,26,28,9.5,2.42,1,1,3.3,53.6,15,0,18,6.3,30,1,7,187,69.4,43.5,40.9,61.9,1,4,32,1,5.6,30.8,3.3,1,1,0,0,0,4,12.5,159,5.7
3,Trexler Ivey,122184,QB,CHARLOTTE,1,80.8,26,28,8.5,3.07,0,1,3.4,71.4,20,0,13,4.8,32,1,10,136,68.5,87.4,86.5,,0,1,33,0,30.8,96.9,12.5,4,0,0,2,1,0,0.0,257,9.2
3,Evan Svoboda,157664,QB,WYOMING,1,76.0,25,28,6.2,2.83,1,0,0.0,60.7,17,0,8,10.5,31,2,7,351,69.9,43.2,40.9,58.1,1,1,33,0,25.0,58.0,6.5,2,1,0,1,0,2,6.1,136,4.9
3,Grant Wilson,143041,QB,DOMINION,1,50.0,24,27,17.9,2.97,0,1,3.6,40.7,11,0,19,8.3,37,1,7,263,35.2,42.9,39.2,63.5,1,1,38,0,52.6,68.9,27.0,10,0,1,1,1,1,2.6,233,8.6
3,Cam Ward,133244,QB,WASH STATE,1,88.0,25,27,11.6,2.71,1,2,7.1,77.8,21,0,4,4.5,28,1,14,341,69.2,88.1,84.2,71.0,0,0,29,0,0.0,157.2,0.0,0,1,0,1,4,1,3.4,330,12.2
3,Keyone Jenkins,170403,QB,FIU,1,70.8,24,27,13.5,2.7,1,3,11.1,55.6,15,0,12,11.8,32,2,10,166,72.7,84.7,87.4,65.4,0,0,32,1,33.3,116.9,12.5,4,1,0,2,2,1,3.1,284,10.5
3,Bo Nix,97790,QB,OREGON,1,88.9,27,27,8.4,2.58,0,1,3.4,77.8,21,0,1,12.5,29,3,11,264,68.8,89.5,90.2,59.7,0,0,31,0,0.0,141.8,0.0,0,2,0,0,3,0,0.0,247,9.1
3,McCae Hillstead,174761,QB,UTAH ST,1,80.8,26,27,11.3,2.64,0,1,3.6,66.7,18,0,10,14.3,34,3,11,329,69.1,81.9,83.4,58.6,0,0,35,0,40.0,125.8,11.8,4,3,0,1,3,0,0.0,202,7.5
3,Cade Klubnik,156253,QB,CLEMSON,1,68.0,25,27,8.8,2.53,0,1,3.6,59.3,16,0,10,5.9,28,1,9,140,70.7,60.6,56.8,64.5,1,0,30,0,0.0,114.6,0.0,0,1,0,1,3,2,6.7,169,6.3
3,Eddie Lee Marburger,145511,QB,UTSA,1,75.0,24,27,12.8,2.46,0,2,7.1,63.0,17,0,9,5.6,29,1,9,331,68.8,75.2,74.6,61.4,0,0,30,0,11.1,128.5,3.4,1,1,2,1,3,0,0.0,239,8.9
3,Jalon Daniels,122555,QB,KANSAS,1,80.8,26,27,11.8,3.15,0,1,3.3,77.8,21,0,9,0.0,32,0,14,198,70.0,82.5,86.1,55.6,0,0,35,0,22.2,112.7,6.3,2,3,0,1,0,0,0.0,298,11.0
3,Kedon Slovis,100580,QB,BYU,1,60.0,25,26,9.8,3.13,0,1,3.6,53.8,14,0,14,6.7,30,1,10,128,28.6,64.6,62.6,64.2,0,0,32,0,21.4,99.5,10.0,3,1,0,1,2,1,3.1,168,6.5
3,Kaidon Salter,132046,QB,LIBERTY,1,70.8,24,26,17.9,3.09,1,6,20.0,61.5,16,0,8,5.9,30,1,10,206,71.6,91.0,91.4,65.4,0,0,34,0,12.5,145.0,3.3,1,3,0,1,5,0,0.0,344,13.2
3,Sam Hartman,77618,QB,NOTRE DAME,1,77.3,22,26,12.1,3.14,0,3,11.1,61.5,16,0,7,5.9,28,1,10,258,69.2,75.2,76.0,59.2,1,0,29,0,0.0,143.9,0.0,0,2,0,3,3,0,0.0,330,12.7
3,Austin Smith,145763,QB,E MICHIGAN,1,56.5,23,25,11.9,2.62,2,1,3.3,48.0,12,0,10,7.7,29,1,8,160,70.2,59.1,56.0,64.6,0,0,37,0,10.0,80.2,3.4,1,2,0,0,1,2,5.4,149,6.0
3,Jordan McCloud,101058,QB,JAMES MAD,1,78.3,23,25,8.9,2.41,0,0,0.0,64.0,16,0,12,11.1,28,2,7,197,71.5,77.5,76.9,63.0,0,0,28,1,16.7,94.8,7.1,2,0,0,2,1,0,0.0,156,6.2
3,Devin Leary,77628,QB,KENTUCKY,1,73.9,23,25,14.3,3.06,0,4,14.8,64.0,16,0,10,5.9,27,1,11,202,68.7,84.4,82.2,65.4,2,1,29,0,10.0,130.4,3.7,1,1,0,0,3,1,3.4,315,12.6
3,Jack Plummer,83543,QB,LOUISVILLE,1,76.2,21,24,14.4,3.16,1,4,16.0,54.2,13,0,14,18.8,30,3,12,210,69.8,93.8,93.5,75.9,0,1,31,1,7.1,85.1,3.3,1,5,0,2,1,0,0.0,238,9.9
3,Jordan Travis,77615,QB,FLORIDA ST,1,69.6,23,24,11.5,2.81,0,2,7.7,62.5,15,0,7,6.3,26,1,10,167,70.6,80.8,77.2,69.9,0,0,28,0,0.0,120.5,0.0,0,2,0,1,2,0,0.0,222,9.3
3,Heinrich Haarberg,144993,QB,NEBRASKA,1,81.8,22,24,9.9,2.94,1,1,4.2,58.3,14,0,8,22.2,29,4,10,238,74.5,66.7,58.3,68.1,0,0,29,0,12.5,105.9,3.4,1,4,0,1,2,1,3.4,158,6.6
3,Rocco Becht,157567,QB,IOWA STATE,1,70.8,24,24,11.3,2.9,0,4,16.0,70.8,17,0,12,0.0,29,0,8,193,31.2,79.7,89.1,51.8,0,2,30,0,8.3,80.7,3.4,1,4,0,0,1,0,0.0,233,9.7
3,Graham Mertz,97994,QB,FLORIDA,1,87.0,23,24,3.5,2.48,0,0,0.0,79.2,19,0,7,5.0,26,1,12,163,70.2,74.7,70.6,68.9,0,0,29,1,14.3,109.4,3.8,1,1,0,1,1,0,0.0,166,6.9
3,Sam Jackson V,144682,QB,CAL,1,66.7,21,23,11.0,3.37,0,2,8.3,52.2,12,0,9,14.3,28,2,6,130,70.2,67.1,56.3,74.5,0,0,29,0,22.2,94.1,7.1,2,3,0,2,2,1,3.4,108,4.7
3,Tyler Van Dyke,122225,QB,MIAMI FL,1,90.9,22,23,10.1,2.28,0,5,21.7,82.6,19,0,3,5.0,23,1,11,220,68.8,96.9,96.7,67.4,0,0,23,0,0.0,140.2,0.0,0,0,0,1,2,0,0.0,246,10.7
3,Kyle McCord,145053,QB,OHIO STATE,1,82.6,23,23,8.4,2.29,0,1,4.3,82.6,19,0,3,0.0,25,0,13,260,26.0,62.8,63.6,57.3,0,0,25,0,33.3,158.3,4.0,1,1,0,0,3,1,4.0,318,13.8
3,Dequan Finn,97804,QB,TOLEDO,1,65.2,23,23,8.7,2.93,0,1,4.0,56.5,13,0,8,13.3,29,2,6,316,72.7,69.3,63.8,68.2,0,1,31,0,25.0,62.2,6.9,2,4,0,0,1,1,3.2,92,4.0
3,Sawyer Robertson,146839,QB,BAYLOR,1,61.9,21,22,9.2,3.1,0,0,0.0,45.5,10,0,10,23.1,23,3,9,118,67.6,49.3,44.6,64.3,0,0,24,0,0.0,76.5,0.0,0,1,0,1,1,1,4.2,113,5.1
3,E.J. Warner,156185,QB,TEMPLE,1,71.4,21,22,13.4,3.08,0,2,8.0,63.6,14,0,7,6.7,23,1,11,306,69.0,74.6,69.6,71.6,0,0,26,0,0.0,115.3,0.0,0,1,0,1,1,2,7.7,238,10.8
3,Kadin Semonza,174001,QB,BALL ST,1,81.0,21,22,6.1,2.77,1,0,0.0,77.3,17,0,7,0.0,27,0,10,117,17.2,59.8,53.5,70.4,0,0,28,0,42.9,122.7,11.1,3,2,0,0,2,2,7.1,137,6.2
3,Brendon Lewis,131687,QB,NEVADA,1,78.9,19,22,4.5,3.13,0,1,4.3,68.2,15,0,9,0.0,28,0,6,239,30.5,53.7,41.6,69.2,0,0,29,0,22.2,80.3,7.1,2,4,0,3,0,3,10.3,113,5.1
3,T.J. Finley,124093,QB,TEXAS ST,1,89.5,19,21,9.3,2.63,0,2,9.1,81.0,17,0,2,0.0,25,0,14,314,67.8,84.0,84.1,63.4,1,0,26,0,0.0,156.1,0.0,0,4,0,1,3,0,0.0,251,12.0
3,Quinn Ewers,127253,QB,TEXAS,1,66.7,21,21,8.2,2.07,0,0,0.0,52.4,11,0,2,21.4,23,3,8,311,67.5,53.6,50.2,63.1,0,0,23,0,50.0,103.5,4.3,1,1,0,0,2,1,4.3,131,6.2
3,Nate Johnson,158489,QB,UTAH,1,65.0,20,21,11.1,3.04,0,1,4.8,61.9,13,0,9,0.0,26,0,7,328,73.0,64.8,55.4,68.8,1,0,27,0,11.1,107.8,3.8,1,4,0,0,1,1,3.7,193,9.2
3,Brett Gabbert,97404,QB,MIAMI OH,1,66.7,18,20,14.6,2.72,0,1,4.5,60.0,12,0,7,0.0,27,0,12,221,69.7,73.5,71.6,68.4,0,1,29,1,28.6,120.2,7.4,2,5,0,2,3,1,3.4,237,11.9
3,Riley Leonard,143862,QB,DUKE,1,88.9,18,20,9.2,3.31,0,1,5.0,75.0,15,0,9,6.3,28,1,14,154,70.6,90.4,79.0,81.2,0,0,28,0,11.1,110.2,3.6,1,7,0,2,0,0,0.0,219,11.0
3,Tyler Shough,83537,QB,TEXAS TECH,1,61.1,18,20,10.3,2.88,0,0,0.0,50.0,10,0,6,9.1,25,1,4,315,68.3,58.3,60.1,55.0,0,0,25,0,33.3,86.0,8.0,2,3,0,2,1,0,0.0,123,6.2
3,Phil Jurkovec,83533,QB,PITTSBURGH,1,50.0,20,20,9.7,3.02,0,0,0.0,40.0,8,0,8,20.0,23,2,3,268,71.8,50.5,41.7,65.9,0,3,25,0,12.5,12.7,4.3,1,2,0,0,0,3,12.0,81,4.1
3,Preston Stone,124716,QB,SMU,1,85.0,20,20,12.8,2.98,0,1,4.3,75.0,15,0,4,11.8,22,2,9,287,68.3,86.3,87.8,59.3,0,1,25,0,0.0,135.4,0.0,0,2,0,0,5,0,0.0,298,14.9
3,Zeon Chriss-Gremillion,156733,QB,LA LAFAYET,1,75.0,20,20,11.6,2.64,0,1,5.0,70.0,14,0,5,6.7,22,1,8,207,69.8,90.8,77.7,89.3,0,0,22,0,20.0,113.3,4.5,1,1,0,0,1,2,9.1,174,8.7
3,Kai Horton,144418,QB,TULANE,1,66.7,18,19,10.1,2.51,0,0,0.0,63.2,12,0,7,0.0,22,0,10,319,69.8,63.4,59.2,66.7,1,0,22,0,42.9,130.6,13.6,3,0,0,0,2,0,0.0,186,9.8
3,Tai Lavatai,121854,QB,NAVY,1,57.9,19,19,8.8,2.28,0,1,4.8,52.6,10,0,7,9.1,23,1,4,237,37.2,48.0,61.3,40.7,0,0,25,0,14.3,92.7,4.3,1,3,0,0,1,0,0.0,133,7.0
3,Jaxson Dart,146409,QB,OLE MISS,1,68.8,16,19,13.2,2.96,1,2,10.5,52.6,10,0,7,9.1,22,1,9,226,72.9,81.7,77.1,70.8,0,0,22,0,14.3,115.6,4.5,1,2,1,1,1,0,0.0,251,13.2
3,Jase Bauer,145714,QB,C MICHIGAN,1,60.0,15,19,8.6,2.85,1,2,9.1,47.4,9,0,12,0.0,23,0,6,134,21.8,48.3,40.8,62.1,1,0,27,0,16.7,71.6,8.7,2,2,0,2,0,2,7.4,137,7.2
3,Cade McNamara,101620,QB,IOWA,1,62.5,16,19,7.5,3.21,2,1,4.8,47.4,9,0,8,10.0,24,1,6,192,67.8,55.6,51.8,63.1,0,2,26,0,50.0,59.6,16.7,4,1,0,1,2,2,7.7,103,5.4
3,Gunnar Gundy,144649,QB,OKLA STATE,1,52.9,17,18,6.5,2.86,0,0,0.0,50.0,9,0,6,0.0,25,0,6,262,69.5,44.1,40.5,62.6,0,0,26,1,50.0,58.6,12.0,3,4,0,1,0,2,7.7,64,3.6
3,Cardell Williams,156190,QB,TULSA,1,64.7,17,18,13.6,3.45,0,0,0.0,61.1,11,0,11,0.0,22,0,9,320,24.8,60.5,61.8,60.8,0,2,22,2,18.2,95.8,9.1,2,2,0,1,2,3,13.6,196,10.9
3,JT Daniels,83578,QB,RICE,1,76.5,17,17,16.0,2.69,0,1,5.3,64.7,11,0,2,15.4,17,2,8,275,67.7,84.0,83.6,60.0,0,0,19,0,0.0,147.7,0.0,0,0,0,0,4,1,5.3,255,15.0
3,John Paddock,77689,QB,ILLINOIS,1,58.8,17,17,9.1,2.59,0,0,0.0,58.8,10,0,7,0.0,20,0,6,187,67.5,48.7,49.8,57.3,0,0,23,0,28.6,98.4,10.0,2,1,0,0,1,3,13.0,113,6.6
3,Jaxon Dailey,156650,QB,ARK STATE,1,50.0,16,17,8.6,2.55,0,1,5.9,41.2,7,0,7,12.5,21,1,5,113,67.2,65.4,58.7,71.1,1,0,21,0,28.6,51.6,9.5,2,2,0,0,0,0,0.0,62,3.6
3,Justin Lamson,144052,QB,STANFORD,1,60.0,15,17,19.0,3.43,0,1,5.3,41.2,7,0,14,22.2,24,2,7,300,69.0,66.9,63.4,66.3,1,1,26,0,35.7,45.7,20.8,5,2,0,1,0,1,3.8,138,8.1
3,Carter Bradley,77685,QB,S ALABAMA,1,80.0,15,17,10.9,2.53,1,1,5.3,58.8,10,0,6,16.7,20,2,8,288,29.6,72.4,67.6,68.1,0,0,22,1,16.7,127.6,5.0,1,2,0,1,2,0,0.0,152,8.9
3,Bryson Daily,147303,QB,ARMY,1,43.8,16,17,13.6,2.21,1,0,0.0,41.2,7,0,4,0.0,19,0,7,114,77.0,63.5,46.6,71.2,0,0,20,0,0.0,88.6,0.0,0,1,0,0,1,0,0.0,133,7.8
3,Gavin Wimsatt,155757,QB,RUTGERS,1,62.5,16,16,10.8,3.03,0,0,0.0,43.8,7,0,6,30.0,18,3,2,278,72.1,66.8,55.3,71.5,0,0,20,1,0.0,71.9,0.0,0,2,0,0,1,0,0.0,46,2.9
3,Jacob Conover,70963,QB,ARIZONA ST,1,50.0,14,16,13.4,2.81,1,0,0.0,37.5,6,0,5,14.3,19,1,4,110,68.4,45.7,46.9,54.5,0,2,19,0,40.0,16.9,10.5,2,1,0,1,0,2,10.5,89,5.6
3,Grayson McCall,98002,QB,COAST CAR,1,100.0,15,16,4.1,2.83,0,1,5.9,75.0,12,0,6,20.0,18,3,7,141,67.7,83.6,86.9,59.5,0,0,19,0,0.0,148.2,0.0,0,2,0,1,2,0,0.0,169,10.6
3,Michael Alaimo,129802,QB,KENT STATE,1,75.0,16,16,14.2,2.86,0,2,11.8,75.0,12,0,4,0.0,19,0,6,201,68.5,67.9,71.1,55.7,0,1,20,0,0.0,104.2,0.0,0,3,0,0,1,1,5.0,172,10.8
3,Treyson Bourguet,158154,QB,W MICHIGAN,1,35.7,14,16,8.1,2.51,0,1,5.3,31.3,5,0,6,0.0,19,0,3,347,18.2,43.7,50.2,45.6,1,0,22,0,33.3,81.3,10.5,2,1,0,1,1,2,9.1,124,7.8
3,Jiya Wright,77688,QB,LA MONROE,1,46.7,15,15,15.9,2.78,0,2,11.8,40.0,6,0,3,14.3,17,1,2,209,26.5,65.4,60.9,66.6,0,0,20,0,33.3,61.8,5.9,1,1,0,0,0,2,10.0,95,6.3
3,Tyler Buchner,147472,QB,ALABAMA,1,46.2,13,14,9.8,2.37,1,1,7.1,35.7,5,0,4,16.7,15,1,1,103,67.3,63.4,57.2,68.6,0,0,15,0,0.0,44.3,0.0,0,1,0,0,0,0,0.0,34,2.4
3,Cameran Brown,184894,QB,W GEORGIA,1,78.6,14,14,10.1,2.75,0,1,6.7,64.3,9,0,5,18.2,21,2,9,1177,69.8,83.1,77.2,75.0,0,1,22,1,20.0,58.9,4.8,1,6,0,0,0,1,4.5,111,7.9
3,Jack Turner,162969,QB,LA TECH,1,71.4,14,14,10.8,2.21,0,0,0.0,71.4,10,0,2,0.0,14,0,4,208,68.8,57.9,47.7,74.7,0,0,16,0,0.0,128.6,0.0,0,0,0,0,1,1,6.3,145,10.4
3,Diego Pavia,156927,QB,NEW MEX ST,1,69.2,13,14,11.4,3.9,0,1,5.6,64.3,9,0,12,0.0,20,0,8,242,70.9,75.8,62.8,77.5,0,0,24,0,8.3,147.3,5.0,1,5,0,1,2,1,4.2,203,14.5
3,Drew Pyne,122910,QB,ARIZONA ST,1,46.2,13,13,10.3,2.93,0,1,7.7,38.5,5,0,8,16.7,17,1,4,110,11.8,26.0,24.9,64.3,0,2,17,0,37.5,11.2,17.6,3,1,0,0,0,4,23.5,52,4.0
3,J.J. McCarthy,144918,QB,MICHIGAN,1,61.5,13,13,18.8,3.15,0,2,15.4,61.5,8,0,5,0.0,15,0,5,222,67.4,47.4,40.6,65.2,0,3,16,0,20.0,99.2,6.7,1,1,0,0,2,3,18.8,143,11.0
3,Behren Morton,144747,QB,TEXAS TECH,1,75.0,12,13,9.7,2.61,0,0,0.0,61.5,8,0,2,11.1,15,1,5,315,67.5,70.6,71.1,59.6,0,1,17,0,50.0,84.0,6.7,1,1,0,1,2,0,0.0,72,5.5
3,Alan Bowman,77679,QB,OKLA STATE,1,63.6,11,12,9.4,2.35,0,1,7.7,50.0,6,0,0,14.3,12,1,3,262,66.0,70.5,69.9,,0,1,13,0,,23.6,0.0,0,0,0,1,0,0,0.0,42,3.5
3,Casey Thompson,77677,QB,FAU,1,58.3,12,12,5.8,2.63,0,0,0.0,58.3,7,0,8,0.0,13,0,3,165,23.6,35.2,44.1,42.6,0,2,15,0,0.0,28.8,0.0,0,1,0,0,0,1,6.7,51,4.3
3,Dante Moore,173983,QB,UCLA,1,90.0,10,12,13.3,2.81,0,3,25.0,66.7,8,0,3,11.1,12,1,6,324,66.8,93.8,93.1,63.3,1,0,12,0,0.0,149.3,0.0,0,0,0,1,2,0,0.0,182,15.2
3,Hank Bachmeier,101284,QB,LA TECH,1,63.6,11,11,8.8,2.82,0,0,0.0,54.5,6,0,5,14.3,13,1,3,208,67.1,62.3,59.9,61.8,0,0,14,0,20.0,114.4,7.7,1,1,0,0,2,0,0.0,72,6.5
3,Max Johnson,124099,QB,TEXAS A&M,1,88.9,9,11,8.4,3.06,0,2,16.7,63.6,7,0,7,12.5,12,1,4,312,20.3,81.2,80.8,,0,0,13,0,14.3,108.9,8.3,1,0,0,2,1,2,15.4,62,5.6
3,Camden Orth,108965,QB,BOWL GREEN,1,81.8,11,11,10.0,2.59,0,2,18.2,72.7,8,0,5,11.1,16,1,3,122,21.8,65.8,70.6,53.6,0,0,16,1,60.0,97.2,18.8,3,2,0,0,0,1,6.3,91,8.3
3,Emory Williams,170099,QB,MIAMI FL,1,81.8,11,11,7.7,2.6,0,0,0.0,81.8,9,0,4,0.0,12,0,4,220,65.8,54.7,53.5,,0,0,12,0,25.0,105.3,8.3,1,0,0,0,0,1,8.3,102,9.3
3,Hayden Timosciek,176226,QB,BOWL GREEN,1,60.0,10,10,6.5,2.45,0,0,0.0,60.0,6,0,9,0.0,13,0,2,122,67.6,26.6,25.4,53.2,0,2,13,0,11.1,26.3,7.7,1,2,0,0,0,2,15.4,33,3.3
3,Roman Fuller,123247,QB,TULSA,1,60.0,10,10,6.8,2.3,0,0,0.0,60.0,6,0,4,0.0,10,0,1,320,66.5,45.0,45.5,57.9,0,3,10,0,0.0,25.0,0.0,0,0,0,0,0,2,20.0,21,2.1
3,Nicco Marchiol,157363,QB,W VIRGINIA,1,66.7,9,9,8.4,2.77,0,0,0.0,66.7,6,0,6,0.0,13,0,4,343,71.6,69.0,66.6,63.7,0,0,15,0,33.3,122.5,15.4,2,1,0,0,1,0,0.0,60,6.7
3,Ty Simpson,157008,QB,ALABAMA,1,85.7,7,9,8.9,3.0,0,1,11.1,55.6,5,0,11,16.7,15,1,2,103,68.8,78.3,71.6,70.6,0,0,15,0,45.5,82.2,33.3,5,1,0,2,0,0,0.0,73,8.1
3,Ben Whitlock,186579,QB,W GEORGIA,1,62.5,8,8,15.0,2.38,0,2,25.0,37.5,3,0,2,40.0,8,2,3,1177,66.2,83.6,83.4,60.0,0,0,8,0,0.0,111.5,0.0,0,0,0,0,2,1,12.5,74,9.3
3,Ethan Hampton,145858,QB,N ILLINOIS,1,75.0,8,8,5.9,1.81,0,0,0.0,75.0,6,0,2,0.0,8,0,4,254,65.4,72.3,71.8,,0,0,10,0,0.0,130.2,0.0,0,0,0,0,1,0,0.0,50,6.3
3,Trenton Bourguet,97285,QB,ARIZONA ST,1,75.0,8,8,6.4,2.41,0,0,0.0,75.0,6,0,2,0.0,8,0,3,110,13.8,35.3,35.2,,0,1,9,0,0.0,49.5,0.0,0,0,0,0,0,2,22.2,47,5.9
3,John Mateer,158516,QB,WASH STATE,1,100.0,7,8,8.7,3.0,1,1,12.5,87.5,7,0,2,0.0,9,0,6,341,67.4,90.1,90.5,64.5,0,0,9,0,0.0,158.3,0.0,0,1,0,0,2,0,0.0,148,18.5
3,Cooper Legas,101286,QB,UTAH ST,1,33.3,6,7,15.0,2.71,1,1,14.3,28.6,2,0,2,0.0,8,0,2,329,67.1,39.1,39.7,55.9,0,1,8,0,50.0,14.9,12.5,1,0,0,0,0,1,12.5,46,6.6
3,Ashton Daniels,157259,QB,STANFORD,1,57.1,7,7,15.7,2.97,0,0,0.0,57.1,4,0,5,0.0,10,0,4,300,67.5,49.7,40.0,63.9,0,1,10,0,20.0,90.8,10.0,1,2,0,0,1,1,10.0,69,9.9
3,Jeff Undercuffler,78501,QB,AKRON,1,85.7,7,7,4.9,2.86,0,0,0.0,85.7,6,0,3,0.0,8,0,3,102,64.9,62.7,62.4,,0,0,8,0,33.3,102.4,12.5,1,0,0,0,0,0,0.0,60,8.6
3,Jalon Jones,104762,QB,CHARLOTTE,1,60.0,5,7,10.4,3.56,1,0,0.0,42.9,3,0,4,0.0,10,0,1,136,68.7,69.5,49.6,78.8,0,0,14,0,0.0,50.3,0.0,0,3,0,1,0,0,0.0,11,1.6
3,Jaylen Raynor,172203,QB,ARK STATE,1,66.7,6,6,9.0,2.85,0,0,0.0,66.7,4,0,5,0.0,8,0,4,113,71.0,74.5,65.9,69.2,0,0,8,0,0.0,149.3,0.0,0,2,0,0,1,0,0.0,78,13.0
3,Ty Thompson,146568,QB,OREGON,1,83.3,6,6,5.7,2.68,0,0,0.0,66.7,4,0,0,20.0,6,1,2,264,65.9,75.1,76.3,59.6,0,0,7,0,,149.3,0.0,0,0,0,0,1,0,0.0,85,14.2
3,Brendan Sullivan,145034,QB,NWESTERN,1,83.3,6,6,4.8,3.31,0,0,0.0,83.3,5,0,2,0.0,10,0,2,256,66.5,68.3,59.4,67.9,0,0,10,0,50.0,94.4,10.0,1,3,0,0,0,0,0.0,40,6.7
3,Hunter Helms,122149,QB,CLEMSON,1,100.0,4,5,0.8,2.26,0,0,0.0,80.0,4,0,1,0.0,5,0,2,140,63.8,70.7,70.3,,0,0,5,0,0.0,95.8,0.0,0,0,0,1,0,0,0.0,35,7.0
3,Garret Rangel,157795,QB,OKLA STATE,1,33.3,3,5,5.3,3.43,0,0,0.0,20.0,1,0,4,0.0,7,0,1,262,64.6,56.8,49.3,64.1,1,0,7,0,25.0,39.6,14.3,1,1,0,1,0,0,0.0,8,1.6
3,Dylan Rizk,174360,QB,UCF,1,80.0,5,5,12.2,3.02,0,1,20.0,80.0,4,0,1,0.0,6,0,1,323,65.7,84.3,80.9,63.6,0,0,6,0,100.0,90.0,16.7,1,0,0,0,0,0,0.0,28,5.6
3,RJ Martinez,147690,QB,BAYLOR,1,60.0,5,5,7.2,2.5,0,0,0.0,60.0,3,0,1,0.0,5,0,0,118,63.8,62.7,62.0,,0,0,5,0,0.0,64.6,0.0,0,0,0,0,0,0,0.0,8,1.6
3,Robby Ashford,131702,QB,AUBURN,1,100.0,3,4,13.0,3.48,0,0,0.0,75.0,3,0,1,0.0,4,0,3,115,68.8,82.6,73.5,70.2,0,0,4,0,0.0,156.3,0.0,0,0,0,1,1,0,0.0,58,14.5
3,Kevin Hurley,145490,QB,UTEP,1,100.0,4,4,9.3,2.3,0,1,25.0,75.0,3,0,1,25.0,4,1,3,330,65.2,82.8,85.1,59.7,0,0,4,0,0.0,156.3,0.0,0,0,0,0,1,0,0.0,55,13.8
3,Doug Brumfield,128348,QB,UNLV,1,50.0,4,4,16.8,2.26,0,0,0.0,50.0,2,0,3,0.0,5,0,1,325,63.8,48.7,48.2,,0,1,5,0,33.3,19.8,20.0,1,0,0,0,0,0,0.0,15,3.8
3,Jackson Arnold,173684,QB,OKLAHOMA,1,75.0,4,4,15.0,2.88,0,1,25.0,50.0,2,0,3,33.3,4,1,1,261,67.8,72.6,82.0,57.7,0,0,4,0,0.0,135.4,0.0,0,0,0,0,1,0,0.0,55,13.8
3,Zac Larrier,104193,QB,AIR FORCE,1,75.0,4,4,19.8,2.93,0,0,0.0,75.0,3,0,1,0.0,6,0,4,101,71.6,73.6,69.8,66.9,0,0,6,0,100.0,116.7,16.7,1,1,0,0,0,0,0.0,84,21.0
3,Malik Hornsby,123957,QB,TEXAS ST,1,100.0,3,4,9.0,2.18,0,0,0.0,50.0,2,0,2,33.3,4,1,2,314,72.8,92.4,59.2,89.8,1,1,4,0,0.0,39.6,0.0,0,0,0,0,0,0,0.0,34,8.5
3,Dylan Morris,100570,QB,WASHINGTON,1,100.0,3,4,15.7,2.88,0,1,20.0,50.0,2,0,1,33.3,4,1,2,340,65.5,90.0,90.3,60.0,0,1,5,0,0.0,56.3,0.0,0,0,0,1,0,0,0.0,63,15.8
3,Devin Brown,156479,QB,OHIO STATE,1,75.0,4,4,10.3,3.6,0,1,25.0,75.0,3,0,1,0.0,5,0,2,260,65.5,80.1,90.6,54.2,0,1,5,0,0.0,106.3,0.0,0,1,0,0,1,0,0.0,40,10.0
3,Collin Schlee,98025,QB,UCLA,1,50.0,4,4,16.3,2.53,0,0,0.0,25.0,1,0,0,50.0,4,1,1,324,67.8,51.6,29.4,74.7,0,1,4,0,,3.1,0.0,0,0,0,0,0,1,25.0,15,3.8
3,Emmett Brown,157344,QB,WASH STATE,1,75.0,4,4,3.3,1.65,0,0,0.0,50.0,2,0,0,33.3,4,1,1,341,63.3,74.6,74.3,,0,1,4,0,,18.8,0.0,0,0,0,0,0,0,0.0,14,3.5
3,Katin Houser,158386,QB,MICH STATE,1,50.0,4,4,15.5,2.58,0,1,25.0,50.0,2,0,1,0.0,4,0,2,223,65.2,76.4,71.5,63.2,0,0,4,0,0.0,95.8,0.0,0,0,0,0,0,0,0.0,72,18.0
3,Jarrett Guest,97997,QB,COAST CAR,1,66.7,3,3,19.3,1.9,0,0,0.0,66.7,2,0,1,0.0,3,0,2,141,66.4,67.6,64.6,63.1,0,0,3,0,0.0,149.3,0.0,0,0,0,0,1,0,0.0,104,34.7
3,Garrett Nussmeier,146757,QB,LSU,1,33.3,3,3,7.0,1.97,0,0,0.0,33.3,1,0,1,0.0,3,0,0,211,62.7,51.7,51.0,,0,0,3,0,0.0,42.4,0.0,0,0,0,0,0,0,0.0,6,2.0
3,Johnathan Bennett,104158,QB,LIBERTY,1,0.0,3,3,16.7,2.23,0,0,0.0,0.0,0,0,0,,3,0,0,206,62.7,48.5,47.9,,0,0,3,0,,39.6,0.0,0,0,0,0,0,0,0.0,0,0.0
3,Kevin Jennings,158272,QB,SMU,1,100.0,3,3,10.3,3.33,0,1,33.3,100.0,3,0,0,0.0,4,0,3,287,63.3,84.6,90.8,57.3,0,0,4,0,,158.3,0.0,0,1,0,0,2,0,0.0,60,20.0
3,Beau Pribula,164182,QB,PENN STATE,1,50.0,2,3,0.0,3.14,1,0,0.0,0.0,0,0,0,100.0,5,1,1,266,22.7,51.0,52.1,55.8,0,0,5,0,,39.6,0.0,0,2,0,0,0,0,0.0,0,0.0
3,Chandler Fields,97286,QB,LA LAFAYET,1,66.7,3,3,6.0,3.0,0,0,0.0,66.7,2,0,1,0.0,3,0,1,207,68.9,45.0,33.0,64.5,0,1,5,0,0.0,65.3,0.0,0,0,0,0,0,1,20.0,34,11.3
3,Maddux Madsen,163379,QB,BOISE ST,1,100.0,3,3,17.7,2.23,0,1,33.3,100.0,3,0,0,0.0,3,0,3,120,64.8,92.7,92.9,60.0,0,0,3,0,,158.3,0.0,0,0,0,0,1,0,0.0,57,19.0
3,Deacon Hill,145170,QB,IOWA,1,66.7,3,3,11.7,2.3,0,0,0.0,66.7,2,0,2,0.0,3,0,1,192,62.7,62.5,62.1,,0,0,3,0,0.0,99.3,0.0,0,0,0,0,0,0,0.0,30,10.0
3,Noah Fifita,158722,QB,ARIZONA,1,100.0,2,2,-3.0,1.8,0,0,0.0,100.0,2,0,1,0.0,3,0,0,109,62.7,60.8,60.2,,0,0,3,0,100.0,97.9,33.3,1,0,0,0,0,0,0.0,15,7.5
3,Garrett Greene,123420,QB,W VIRGINIA,1,0.0,1,2,18.0,2.65,1,0,0.0,0.0,0,0,0,,2,0,0,343,64.4,49.9,54.1,57.3,0,0,2,0,,39.6,0.0,0,0,0,0,0,0,0.0,0,0.0
3,Mason Garcia,123811,QB,E CAROLINA,1,100.0,2,2,1.0,2.88,0,0,0.0,100.0,2,0,1,0.0,4,0,1,156,63.3,61.9,52.1,64.1,0,0,4,0,100.0,79.2,25.0,1,1,0,0,0,0,0.0,3,1.5
3,Ken Seals,124359,QB,VANDERBILT,1,50.0,2,2,7.5,2.43,0,0,0.0,50.0,1,0,1,0.0,3,0,0,333,14.2,32.1,27.8,63.3,0,0,5,0,100.0,56.3,33.3,1,0,0,0,0,1,20.0,2,1.0
3,Steve Angeli,156966,QB,NOTRE DAME,1,50.0,2,2,12.5,2.35,0,0,0.0,50.0,1,0,1,0.0,2,0,1,258,61.8,52.1,51.5,,0,0,2,0,0.0,68.8,0.0,0,0,0,0,0,0,0.0,12,6.0
3,Jack Salopek,130662,QB,W MICHIGAN,1,100.0,2,2,-3.5,2.1,0,0,0.0,100.0,2,0,1,0.0,2,0,0,347,67.6,70.6,62.7,65.7,0,0,2,0,0.0,79.2,0.0,0,0,0,0,0,0,0.0,-2,-1.0
3,Ben Finley,122864,QB,CAL,1,50.0,2,2,13.5,1.85,0,0,0.0,50.0,1,0,1,0.0,2,0,1,130,61.8,69.6,69.1,,0,0,2,0,0.0,56.3,0.0,0,0,0,0,0,0,0.0,6,3.0
3,Bronson Barron,141710,QB,W KENTUCKY,1,50.0,2,2,3.5,1.97,0,0,0.0,50.0,1,0,1,0.0,3,0,0,346,62.7,22.1,22.0,,0,1,3,0,100.0,16.7,33.3,1,0,0,0,0,1,33.3,-3,-1.5
3,Keldric Luster,175287,QB,SMU,1,50.0,2,2,19.0,2.3,0,0,0.0,50.0,1,0,0,0.0,2,0,0,287,64.4,60.7,52.7,63.2,0,0,2,0,,56.3,0.0,0,0,0,0,0,0,0.0,3,1.5
3,Brian Garcia,121416,QB,LA MONROE,1,0.0,2,2,9.0,2.57,0,0,0.0,0.0,0,0,2,,3,0,0,209,65.2,29.6,28.9,57.3,0,0,4,0,50.0,39.6,33.3,1,0,0,0,0,1,25.0,0,0.0
3,Chase Jenkins,173242,QB,RICE,1,100.0,1,1,0.0,1.4,0,0,0.0,100.0,1,0,0,0.0,1,0,0,275,69.7,79.5,56.8,75.9,0,0,1,0,,79.2,0.0,0,0,0,0,0,0,0.0,-1,-1.0
3,Tory Horton,128232,WR,COLO STATE,1,100.0,1,1,38.0,3.6,0,1,100.0,100.0,1,0,0,0.0,1,0,1,144,72.3,84.0,87.3,,0,0,1,2,,158.3,0.0,0,0,0,0,1,0,0.0,30,30.0
3,Mike Wright Jr.,124366,QB,MISS STATE,1,100.0,1,1,0.0,3.5,0,0,0.0,100.0,1,0,0,0.0,2,0,2,227,61.8,69.2,61.0,63.1,0,0,2,0,,122.9,0.0,0,1,0,0,1,0,0.0,4,4.0
3,Avery Boyd,122469,WR,GA TECH,1,0.0,1,1,2.0,2.3,0,0,0.0,0.0,0,0,1,,1,0,0,176,62.4,59.0,54.4,,0,0,1,0,0.0,39.6,0.0,0,0,0,0,0,0,0.0,0,0.0
3,Frank Gore Jr.,121457,HB,SO MISS,1,0.0,1,1,11.0,2.1,0,0,0.0,0.0,0,0,0,,1,0,0,296,74.7,57.6,49.6,57.2,0,0,1,0,,39.6,0.0,0,0,0,0,0,0,0.0,0,0.0
3,Kiael Kelly,145634,QB,BALL ST,1,100.0,1,1,-1.0,1.4,0,0,0.0,100.0,1,0,0,0.0,1,0,0,117,70.5,70.1,57.7,70.6,0,0,1,0,,79.2,0.0,0,0,0,0,0,0,0.0,0,0.0
3,Trey Potts,101647,HB,PENN STATE,1,100.0,1,1,16.0,3.1,0,0,0.0,100.0,1,0,0,0.0,1,0,1,266,63.7,55.3,72.6,59.6,0,0,1,0,,152.1,0.0,0,0,0,0,1,0,0.0,11,11.0
3,Cole Kramer,101627,QB,MINNESOTA,1,0.0,1,1,34.0,3.75,0,0,0.0,0.0,0,0,2,,2,0,0,225,61.8,29.9,37.0,56.3,0,1,2,0,0.0,0.0,0.0,0,1,0,0,0,1,50.0,0,0.0
3,Eli Stowers,147013,TE,NEW MEX ST,1,100.0,1,1,5.0,3.15,0,0,0.0,100.0,1,0,1,0.0,2,0,1,242,9.2,27.9,29.2,,0,0,2,0,100.0,118.8,50.0,1,0,0,0,0,1,50.0,17,17.0
3,Markel Johnson,147308,HB,ARMY,1,100.0,1,1,24.0,3.1,0,0,0.0,100.0,1,0,0,0.0,1,0,1,114,70.1,72.6,76.2,60.7,0,0,1,0,,118.8,0.0,0,0,0,0,0,0,0.0,55,55.0
3,Ryan O'Keefe,101139,WR,BOSTON COL,1,,0,1,,3.6,1,0,0.0,0.0,0,0,0,,1,0,0,121,67.8,69.1,60.0,,0,0,1,0,,39.6,0.0,0,0,0,0,0,0,0.0,0,0.0
3,Levi Williams,98365,QB,UTAH ST,1,0.0,1,1,11.0,1.9,0,0,0.0,0.0,0,0,0,,1,0,0,329,65.9,46.0,47.3,58.0,0,0,1,0,,39.6,0.0,0,0,0,0,0,0,0.0,0,0.0
3,Paul Tyson,98363,QB,CLEMSON,1,0.0,1,1,3.0,3.0,0,0,0.0,0.0,0,0,0,,1,0,0,140,60.3,45.5,45.9,,0,0,1,0,,39.6,0.0,0,0,0,0,0,0,0.0,0,0.0
3,Braedyn Locke,157141,QB,WISCONSIN,1,100.0,1,1,2.0,1.5,0,0,0.0,100.0,1,0,0,0.0,1,0,1,349,60.3,61.9,60.6,,0,0,1,0,,100.0,0.0,0,0,0,0,0,0,0.0,8,8.0
3,Javion Posey,97606,WR,FAU,1,100.0,1,1,32.0,3.4,0,1,100.0,100.0,1,0,1,0.0,1,0,1,165,63.0,90.0,87.4,,0,0,1,0,0.0,158.3,0.0,0,0,0,0,1,0,0.0,33,33.0
3,Logan Lupo,97582,K,FAU,1,100.0,1,1,-6.0,1.9,0,0,0.0,100.0,1,0,0,0.0,1,0,0,165,60.3,60.6,60.6,,0,0,1,0,,100.0,0.0,0,0,0,0,0,0,0.0,8,8.0
3,Chase Penry,86538,WR,BOISE ST,1,100.0,1,1,14.0,1.0,0,0,0.0,100.0,1,0,0,0.0,1,0,1,120,69.3,76.9,73.1,,0,0,1,0,,118.8,0.0,0,0,0,0,0,0,0.0,17,17.0
3,Alex Padilla,86285,QB,SMU,1,100.0,1,1,23.0,2.6,0,0,0.0,100.0,1,0,0,0.0,1,0,1,287,60.3,79.5,77.7,,0,0,1,0,,118.8,0.0,0,0,0,0,0,0,0.0,26,26.0
3,Ben Wooldridge,82115,QB,LA LAFAYET,1,0.0,1,1,4.0,2.05,0,0,0.0,0.0,0,0,1,,2,0,0,207,62.7,58.1,57.9,,0,0,3,0,100.0,39.6,50.0,1,0,0,0,0,0,0.0,0,0.0
3,Layne Hatcher,82068,QB,BALL ST,1,0.0,1,1,25.0,2.45,0,0,0.0,0.0,0,0,1,,2,0,0,117,61.8,48.3,48.4,,0,0,2,0,100.0,39.6,50.0,1,0,0,0,0,0,0.0,0,0.0
3,Blake Horvath,162555,QB,NAVY,1,0.0,1,1,15.0,3.8,0,0,0.0,0.0,0,0,2,,3,0,1,237,7.3,29.1,46.8,42.3,0,0,3,0,0.0,39.6,0.0,0,2,0,0,0,1,33.3,0,0.0
3,Parker Kingston,163251,WR,BYU,1,100.0,1,1,31.0,3.6,0,0,0.0,100.0,1,0,0,0.0,1,0,1,128,67.7,83.4,75.7,57.5,0,0,1,0,,158.3,0.0,0,0,0,0,1,0,0.0,37,37.0
3,Ethan Vasko,163817,QB,COAST CAR,1,100.0,1,1,-1.0,2.4,0,0,0.0,100.0,1,0,0,0.0,1,0,0,141,65.9,82.2,60.4,71.7,0,0,1,0,,79.2,0.0,0,0,0,0,0,0,0.0,1,1.0
3,Ethan Garbers,131896,QB,UCLA,1,100.0,1,1,13.0,3.3,0,0,0.0,100.0,1,0,1,0.0,1,0,1,324,60.3,73.9,72.6,,0,0,1,0,0.0,118.8,0.0,0,0,0,0,0,0,0.0,13,13.0
3,Quincy Patterson II,77626,QB,TEMPLE,1,100.0,1,1,-3.0,1.5,0,0,0.0,100.0,1,0,0,0.0,1,0,0,306,18.1,76.3,73.8,65.7,0,0,2,0,,83.3,0.0,0,0,0,0,0,0,0.0,4,4.0
3,Austin Novosad,174133,QB,OREGON,1,100.0,1,1,-6.0,1.4,0,0,0.0,100.0,1,0,0,0.0,1,0,0,264,60.3,61.5,61.0,,0,0,1,0,,79.2,0.0,0,0,0,0,0,0,0.0,1,1.0
3,Kaiya Sheron,62530,QB,KENTUCKY,1,0.0,1,1,11.0,3.5,0,0,0.0,0.0,0,0,0,,2,0,0,202,61.8,51.2,56.6,57.3,0,0,2,0,,39.6,0.0,0,1,0,0,0,0,0.0,0,0.0
3,Dalen Morris,60474,QB,HAWAII,1,100.0,1,1,9.0,4.0,0,0,0.0,100.0,1,0,1,0.0,1,0,1,180,63.7,79.4,71.5,63.1,0,0,1,0,0.0,112.5,0.0,0,0,0,0,0,0,0.0,11,11.0
3,Pierce Holley,108981,QB,E ILLINOIS,1,76.0,50,51,7.1,2.55,0,3,5.7,70.6,36,0,16,5.3,61,2,16,158,70.7,72.5,73.8,53.4,0,2,63,0,50.0,81.9,13.1,8,2,1,0,2,1,1.6,297,5.8
3,Nic Baker,87541,QB,S ILLINOIS,1,79.2,48,51,8.4,2.91,1,5,9.8,72.5,37,0,18,2.6,55,1,19,295,70.0,84.6,87.5,50.3,1,2,56,0,5.6,101.9,1.8,1,3,0,1,3,1,1.8,442,8.7
3,Matthew Caldwell,150302,QB,GARD-WEBB,1,60.5,43,50,10.5,2.23,0,1,1.9,40.0,20,0,11,23.1,51,6,11,171,25.0,49.2,48.2,60.4,2,0,53,1,9.1,66.8,2.0,1,0,0,5,2,4,7.5,217,4.3
3,Jake Willcox,148649,QB,BROWN,1,75.5,49,49,9.3,2.46,0,2,3.8,73.5,36,0,15,2.7,53,1,19,123,71.1,74.0,74.4,59.7,0,0,56,0,20.0,114.2,5.7,3,1,0,0,3,0,0.0,358,7.3
3,Kekoa Visperas,147588,QB,E WASHGTON,1,73.9,46,48,7.8,2.78,1,1,2.0,70.8,34,0,20,0.0,54,0,25,161,71.5,68.2,66.9,57.2,0,1,57,0,10.0,96.7,3.7,2,4,0,1,2,2,3.5,350,7.3
3,Paxton DeLaurent,159618,QB,SE MO ST,1,62.2,45,47,9.6,2.25,0,2,4.1,55.3,26,0,9,7.1,51,2,14,293,70.9,54.9,56.4,52.9,0,0,53,0,22.2,77.5,3.9,2,2,0,2,1,3,5.7,251,5.3
3,Mike DiLiello,121801,QB,AUSTINPEAY,1,82.6,46,46,7.2,2.09,0,6,12.8,80.4,37,0,9,2.6,47,1,17,116,71.1,94.0,92.8,78.6,0,0,48,0,11.1,142.8,2.1,1,0,0,0,5,0,0.0,441,9.6
3,Gevani McCoy,147609,QB,IDAHO,1,70.7,41,46,9.1,3.16,0,0,0.0,58.7,27,0,26,6.9,55,2,17,185,70.6,69.2,67.1,65.3,2,1,60,1,3.8,67.1,1.8,1,8,0,3,0,1,1.7,278,6.0
3,Parker McKinney,82109,QB,E KENTUCKY,1,77.3,44,46,11.3,2.65,0,2,4.2,58.7,27,0,13,20.6,51,7,21,159,70.9,80.2,81.8,58.4,0,1,53,0,7.7,89.6,2.0,1,4,0,2,2,3,5.7,366,8.0
3,Aidan Sayin,148974,QB,PENN,1,61.4,44,45,5.7,2.55,0,0,0.0,57.8,26,0,4,3.7,46,1,11,267,71.4,50.3,49.8,66.5,1,1,48,3,0.0,71.7,0.0,0,1,0,0,2,1,2.1,172,3.8
3,Matt Morrissey,148177,QB,W ILLINOIS,1,75.0,36,42,9.9,2.73,2,2,4.3,61.9,26,0,17,3.7,44,1,16,345,72.4,85.8,85.5,64.1,0,0,49,1,11.8,116.4,4.5,2,0,0,4,3,1,2.0,392,9.3
3,Brayten Silbor,159764,QB,LEHIGH,1,62.2,37,42,11.5,2.62,0,1,2.3,50.0,21,0,22,8.7,47,2,14,205,37.7,59.9,60.5,55.8,0,2,49,0,13.6,50.9,6.4,3,2,0,5,1,1,2.0,192,4.6
3,Justin Miller,103941,QB,SO UTAH,1,66.7,36,42,11.3,2.69,1,3,7.1,47.6,20,0,14,16.7,45,4,16,298,69.4,77.6,79.7,53.1,3,1,45,0,0.0,87.8,0.0,0,2,0,2,3,2,4.4,324,7.7
3,Michael Brescia,149295,QB,COLGATE,1,56.8,37,41,7.5,2.61,0,0,0.0,46.3,19,0,20,9.5,50,2,11,142,72.5,47.9,47.8,55.8,1,2,54,0,30.0,40.4,12.0,6,3,0,3,0,2,3.7,197,4.8
3,Tyler Wesley,162286,QB,PRESBYTERN,1,45.7,35,41,17.9,2.77,1,3,6.8,39.0,16,0,25,0.0,46,0,13,271,71.5,59.8,57.6,62.4,3,0,50,0,4.0,79.4,2.2,1,4,0,2,2,1,2.0,281,6.9
3,Quincy Casey,104763,QB,ALAB A&M,1,50.0,40,41,9.5,2.36,0,1,2.3,48.8,20,0,14,0.0,47,0,11,104,41.1,55.6,57.2,53.3,1,1,50,0,28.6,55.2,8.5,4,2,0,0,0,3,6.0,223,5.4
3,Victor Gabalis,131932,QB,TARLETON,1,64.1,39,40,9.5,2.2,1,0,0.0,52.5,21,0,11,16.0,44,4,12,401,69.3,55.2,56.3,52.9,0,3,44,0,18.2,33.5,4.5,2,2,0,0,0,3,6.8,182,4.6
3,Theo Day,83515,QB,N IOWA,1,81.6,38,40,11.5,2.48,1,1,2.3,72.5,29,0,12,6.5,41,2,19,255,69.3,81.5,79.3,64.2,0,0,44,0,0.0,119.6,0.0,0,1,1,0,2,0,0.0,388,9.7
3,Dom Nankil,182292,QB,SAN DIEGO,1,79.3,29,39,10.3,2.8,2,2,4.9,53.8,21,0,21,8.7,45,2,9,283,69.5,62.6,67.1,51.0,0,0,48,2,14.3,70.4,6.7,3,3,1,7,0,0,0.0,219,5.6
3,Sam Huard,146463,QB,CAL POLY,1,78.9,38,39,7.9,2.48,1,6,15.0,71.8,28,0,6,6.7,39,2,19,129,69.0,92.1,91.8,,0,0,40,0,0.0,136.3,0.0,0,0,0,0,6,0,0.0,326,8.4
3,Zevi Eckhaus,148535,QB,BRYANT,1,61.1,36,38,14.1,2.92,1,4,9.8,52.6,20,0,13,9.1,43,2,14,124,69.8,69.7,68.8,62.0,1,2,46,0,0.0,70.3,0.0,0,5,0,0,2,2,4.3,262,6.9
3,Quinton Williams,102366,QB,HOWARD,1,65.6,32,38,14.3,2.68,2,5,12.8,50.0,19,0,7,9.5,38,2,13,184,70.7,85.3,84.1,65.7,1,1,39,0,0.0,79.6,0.0,0,0,0,3,2,0,0.0,267,7.0
3,Miles Hastings,103943,QB,UC DAVIS,1,78.1,32,37,7.5,2.45,0,1,2.4,56.8,21,0,8,16.0,38,4,11,322,70.5,75.2,79.4,55.6,0,0,43,1,0.0,96.2,0.0,0,1,0,5,2,1,2.3,256,6.9
3,Blake Stenstrom,82106,QB,PRINCETON,1,70.3,37,37,10.4,2.4,0,1,2.5,59.5,22,0,14,15.4,43,4,12,272,70.6,60.7,55.7,70.0,0,1,46,0,21.4,85.4,7.0,3,3,0,0,2,1,2.2,240,6.5
3,Zack Annexstad,83516,QB,ILL STATE,1,69.7,33,36,9.8,2.42,0,0,0.0,55.6,20,0,9,13.0,39,3,13,188,69.9,62.8,67.7,47.6,1,2,40,0,0.0,52.4,0.0,0,3,0,2,0,2,5.0,235,6.5
3,Zach Calzada,98006,QB,INCAR WORD,1,80.0,35,36,11.1,2.96,0,6,15.4,63.9,23,0,7,17.9,39,5,14,189,71.6,90.9,90.7,71.1,0,1,43,1,28.6,96.2,5.1,2,1,0,1,1,3,7.0,373,10.4
3,Jordan Cooke,175116,QB,IDAHO ST,1,67.6,34,35,10.3,2.51,0,0,0.0,65.7,23,0,10,0.0,40,0,14,186,69.1,58.0,56.2,64.0,0,1,41,0,40.0,73.2,10.0,4,1,0,1,0,1,2.4,237,6.8
3,Casey Case,130402,QB,STNY BROOK,1,68.6,35,35,8.0,2.27,0,0,0.0,65.7,23,0,11,4.2,41,1,9,303,69.2,67.6,66.7,61.4,0,0,43,1,36.4,92.3,9.8,4,2,0,0,1,0,0.0,218,6.2
3,Marquez McCray,109056,QB,MONMOUTH,1,71.4,35,35,12.5,2.99,0,2,5.1,54.3,19,0,7,24.0,38,6,10,231,69.1,67.7,69.0,53.6,0,2,42,0,14.3,58.2,2.6,1,2,0,0,1,3,7.1,211,6.0
3,Cole Gonzales,159939,QB,W CAROLINA,1,63.6,33,33,13.9,3.07,0,5,15.2,54.5,18,0,9,14.3,34,3,15,344,69.1,82.4,83.6,58.6,0,1,35,0,0.0,108.1,0.0,0,1,0,0,3,1,2.9,340,10.3
3,Nathan Kent,148446,QB,TOWSON,1,61.3,31,33,6.9,2.32,0,1,3.0,51.5,17,0,8,10.5,38,2,8,317,70.6,51.0,48.9,59.5,0,1,38,0,0.0,63.2,0.0,0,4,0,2,1,1,2.6,164,5.0
3,Kaiden Bennett,147778,QB,SACRAMENTO,1,66.7,33,33,11.7,3.12,0,2,5.7,63.6,21,0,15,4.5,39,1,15,279,72.8,73.3,65.5,72.6,0,2,41,0,0.0,75.2,0.0,0,6,0,0,1,2,4.9,279,8.5
3,Kasim Hill,60444,QB,RHODE ISLD,1,74.2,31,32,11.1,2.38,1,3,9.1,56.3,18,0,13,21.7,35,5,10,274,70.1,72.6,72.9,60.0,0,1,36,0,7.7,87.2,2.9,1,2,0,0,2,1,2.8,234,7.3
3,Tyler Huff,142567,QB,FURMAN,1,89.7,29,32,4.7,2.49,1,0,0.0,75.0,24,0,11,7.7,41,2,13,170,73.2,72.9,68.9,67.5,1,0,42,1,27.3,95.8,7.3,3,6,0,1,0,0,0.0,240,7.5
3,Jameson Wang,148782,QB,CORNELL,1,76.7,30,32,10.2,2.58,0,4,12.1,62.5,20,0,6,13.0,35,3,12,147,74.8,90.3,88.0,75.1,0,0,36,1,16.7,113.7,2.9,1,2,0,2,2,0,0.0,297,9.3
3,Kobe Tracy,141317,QB,UTAHTC,1,59.4,32,32,11.8,2.86,0,3,9.1,59.4,19,0,4,0.0,35,0,10,1285,69.2,58.4,59.7,53.4,0,0,36,0,25.0,113.4,2.9,1,2,0,0,2,2,5.6,315,9.8
3,Brock Bagozzi,149648,QB,MARIST,1,66.7,27,32,12.1,2.95,2,4,12.1,37.5,12,0,25,33.3,34,6,8,213,69.6,84.9,86.2,56.7,1,0,35,0,8.0,82.0,5.9,2,0,0,2,2,0,0.0,214,6.7
3,Anthony Chiccitt,141376,QB,ROB MORRIS,1,75.9,29,32,4.9,2.39,0,2,5.1,62.5,20,0,9,9.1,34,2,10,277,33.2,52.5,58.4,48.3,2,0,41,1,22.2,97.5,5.9,2,0,0,1,2,2,4.9,173,5.4
3,DJ Williams,138061,QB,MURRAY ST,1,75.0,32,32,9.1,2.59,0,2,5.4,71.9,23,0,21,4.2,37,1,8,236,70.8,68.0,73.5,49.1,0,0,42,0,9.5,97.8,5.4,2,3,0,0,1,0,0.0,195,6.1
3,Maverick McIvor,99476,QB,ABILENE CH,1,50.0,32,32,13.3,2.57,0,2,6.1,43.8,14,0,9,12.5,35,2,10,100,40.7,50.7,48.7,61.2,0,1,36,0,22.2,50.1,5.7,2,0,0,0,0,2,5.6,189,5.9
3,Dylan Cadwallader,108978,QB,DARTMOUTH,1,70.0,30,31,6.1,2.11,1,0,0.0,54.8,17,0,5,19.0,31,4,7,148,69.4,48.6,50.1,53.6,0,1,32,0,0.0,60.8,0.0,0,0,0,0,0,1,3.1,197,6.4
3,Jonathan Murphy,104766,QB,KENNESAW,1,61.3,31,31,11.6,2.34,0,0,0.0,54.8,17,0,9,10.5,32,2,11,200,73.9,66.7,57.4,72.6,0,1,32,0,11.1,97.2,3.1,1,0,0,0,2,3,9.4,308,9.9
3,Will McElvain,88639,QB,CENT ARK,1,79.3,29,31,7.5,2.54,1,1,2.9,71.0,22,0,15,4.3,36,1,8,132,69.0,77.1,76.3,,0,1,40,0,26.7,86.8,11.1,4,0,0,1,1,0,0.0,210,6.8
3,Michael Hiers,88636,QB,SAMFORD,1,73.3,30,31,3.0,2.56,1,0,0.0,58.1,18,0,8,18.2,34,4,6,282,69.1,56.4,51.7,68.2,0,2,35,0,12.5,53.3,2.9,1,2,0,0,1,2,5.7,141,4.5
3,Derek Robertson,142298,QB,MAINE,1,71.0,31,31,7.3,1.95,0,0,0.0,67.7,21,0,12,4.5,33,1,8,212,68.5,73.4,72.6,,0,1,34,0,16.7,70.9,6.1,2,0,0,0,0,1,2.9,192,6.2
3,Adam Damante,170711,QB,N ARIZONA,1,79.3,29,30,5.0,2.86,0,0,0.0,73.3,22,0,8,4.3,33,1,10,252,33.9,52.3,53.2,55.3,0,2,38,0,12.5,91.9,3.0,1,2,0,1,2,4,10.5,247,8.2
3,Matthew Sluka,143059,QB,HOLY CROSS,1,80.0,30,30,8.9,2.63,0,0,0.0,76.7,23,0,6,4.2,35,1,17,181,73.4,91.1,81.3,86.7,0,0,36,1,16.7,143.8,2.9,1,4,0,0,4,0,0.0,275,9.2
3,Luke Bailey,143172,QB,DRAKE,1,65.4,26,29,10.0,3.09,1,2,6.3,55.2,16,0,17,5.9,32,1,8,153,69.1,73.5,70.9,66.5,0,0,35,0,0.0,88.3,0.0,0,3,0,2,1,0,0.0,200,6.9
3,Myles Crawley,141731,QB,GRAMBLING,1,65.4,26,29,8.7,2.66,0,0,0.0,51.7,15,0,11,11.8,31,2,10,177,68.8,71.1,71.5,59.6,1,0,31,0,18.2,111.3,6.5,2,0,0,2,3,1,3.2,220,7.6
3,Tommy Schuster,108954,QB,N DAKOTA,1,60.7,28,29,7.6,2.92,0,1,3.2,58.6,17,0,16,0.0,39,0,7,249,20.0,32.1,36.5,41.4,0,0,42,0,43.8,82.8,17.9,7,3,0,1,1,2,4.8,142,4.9
3,Kinkead Dent,99132,QB,TENN MARTN,1,81.5,27,28,8.7,2.75,0,1,3.4,71.4,20,0,10,9.1,30,2,14,310,69.3,90.2,90.3,62.6,0,0,31,1,10.0,152.7,3.3,1,1,0,1,5,1,3.2,346,12.4
3,Draylen Ellis,121346,QB,TENN STATE,1,67.9,28,28,7.3,2.69,0,1,3.4,57.1,16,0,3,15.8,29,3,7,308,70.2,56.8,58.1,55.2,0,1,30,0,33.3,69.6,3.4,1,0,0,0,1,3,10.0,154,5.5
3,Tyler Knoop,108982,QB,GEORGETOWN,1,75.0,28,28,12.6,2.5,0,3,10.3,67.9,19,0,10,9.5,34,2,12,172,33.3,75.0,85.3,48.0,0,0,35,0,0.0,123.4,0.0,0,5,0,0,3,1,2.9,195,7.0
3,Jeremy Moussa,75887,QB,FL A&M,1,80.0,25,28,9.6,2.54,0,2,6.7,64.3,18,0,9,10.0,30,2,11,164,68.9,88.1,88.7,59.6,2,0,32,0,11.1,131.7,3.3,1,1,0,1,3,0,0.0,271,9.7
3,Jason Brown,109060,QB,JACKSON ST,1,66.7,27,27,8.4,2.23,0,1,3.0,63.0,17,0,12,5.6,31,1,10,194,70.2,68.2,66.6,63.2,0,1,37,0,33.3,73.2,12.9,4,0,0,0,0,1,2.7,221,8.2
3,Steven Krajewski,77650,QB,WAGNER,1,54.2,24,27,10.3,2.51,1,1,3.7,37.0,10,0,8,23.1,30,3,5,338,71.1,46.8,40.2,67.6,0,1,30,0,12.5,43.1,3.3,1,2,1,1,1,3,10.0,86,3.2
3,Caden Bell,71181,QB,COLUMBIA,1,43.5,23,27,13.1,2.94,0,0,0.0,33.3,9,0,16,10.0,31,1,9,145,68.4,42.3,37.2,66.6,2,1,32,2,6.3,28.5,3.2,1,3,0,2,0,1,3.1,91,3.4
3,Kyle Wickersham,148418,QB,RICHMOND,1,85.2,27,27,7.3,2.36,0,2,6.5,81.5,22,0,7,4.3,28,1,13,276,69.9,78.3,80.1,57.8,0,0,32,0,0.0,131.0,0.0,0,1,0,0,2,0,0.0,257,9.5
3,Darius Wilson,148492,QB,WM & MARY,1,57.7,26,26,12.7,3.3,0,2,7.4,50.0,13,0,9,13.3,31,2,9,348,70.8,67.3,69.9,56.5,0,1,32,1,11.1,60.1,3.2,1,4,0,0,0,0,0.0,202,7.8
3,Zachary Yeager,150544,QB,NC A&T,1,52.0,25,26,11.1,2.98,0,0,0.0,38.5,10,0,14,23.1,31,3,3,246,69.9,41.5,42.5,52.3,1,2,32,1,14.3,14.6,6.5,2,3,0,0,0,2,6.3,62,2.4
3,JR Blood,104782,QB,SOUTHERN U,1,66.7,24,25,11.4,2.56,0,0,0.0,60.0,15,0,8,6.3,30,1,12,297,28.8,67.6,76.3,46.7,1,0,30,0,25.0,98.6,6.7,2,3,0,0,1,1,3.3,199,8.0
3,Colby Suits,82143,QB,HOUCHR,1,50.0,22,25,13.1,2.49,0,0,0.0,40.0,10,0,16,9.1,28,1,5,183,29.9,34.7,43.0,37.6,1,3,28,0,18.8,32.8,10.7,3,0,0,2,1,2,7.1,142,5.7
3,Matt O'Connor,108972,QB,STETSON,1,50.0,24,25,12.0,2.34,0,2,7.7,48.0,12,0,12,0.0,28,0,6,302,69.2,47.9,46.8,58.5,0,2,29,1,16.7,29.9,7.1,2,1,0,1,0,3,10.3,127,5.1
3,Mark Gronowski,138303,QB,S DAK ST,1,82.6,23,25,9.4,2.49,0,0,0.0,72.0,18,0,6,5.3,26,1,15,292,69.0,83.3,77.5,74.8,1,1,26,0,0.0,122.7,0.0,0,1,0,1,5,0,0.0,226,9.0
3,Mitch Davidson,138334,QB,YNGTOWN ST,1,84.0,25,25,7.4,2.62,0,3,12.0,84.0,21,0,8,0.0,28,0,15,353,69.1,92.3,91.8,70.9,0,1,28,0,0.0,115.4,0.0,0,3,0,0,1,1,3.6,339,13.6
3,Ryan O'Connor,155510,QB,DELAWARE,1,60.9,23,25,13.6,3.77,0,0,0.0,52.0,13,0,12,7.1,34,1,11,151,70.1,47.8,47.7,55.4,0,0,36,1,25.0,117.0,8.8,3,6,0,2,3,1,2.8,192,7.7
3,Marqui Adams,161340,QB,DELWARE ST,1,66.7,24,25,6.8,2.77,0,0,0.0,56.0,14,0,15,12.5,31,2,8,152,22.5,39.6,37.3,66.1,0,1,34,0,26.7,57.1,12.9,4,2,0,1,0,1,2.9,150,6.0
3,Amari Powell,165320,QB,STTHOM,1,60.0,25,25,10.3,2.17,0,1,4.0,60.0,15,0,8,0.0,28,0,8,1129,28.3,43.7,44.1,55.9,0,2,28,0,37.5,43.1,10.7,3,0,0,0,0,3,10.7,146,5.8
3,Nate Glantz,157587,QB,MCNEESE,1,70.8,24,24,10.0,2.84,0,1,3.8,54.2,13,0,10,23.5,29,4,6,217,29.7,58.9,54.6,66.5,0,2,31,0,30.0,34.5,10.3,3,2,0,0,0,2,6.5,127,5.3
3,Jacob Sirmon,83590,QB,N COLORADO,1,73.9,23,24,6.9,2.56,0,0,0.0,66.7,16,0,7,5.9,27,1,6,253,68.1,66.0,63.6,63.1,0,0,29,0,28.6,115.1,7.4,2,1,0,1,2,0,0.0,171,7.1
3,Ashur Carraha,165036,QB,STHLSK,1,62.5,24,24,10.4,2.84,0,2,7.7,62.5,15,0,7,0.0,26,0,9,1470,69.3,56.9,55.4,59.8,0,0,30,0,14.3,98.4,3.8,1,1,0,0,1,2,6.7,175,7.3
3,Collin Shannon,160918,QB,VA MILT IN,1,65.2,23,24,9.0,2.02,1,1,3.6,58.3,14,0,11,6.7,27,1,6,336,68.8,52.7,50.6,63.0,0,1,31,0,18.2,77.8,7.4,2,0,0,0,1,1,3.2,176,7.3
3,Duce Taylor,150493,QB,MORGAN ST,1,40.9,22,24,15.2,2.78,0,0,0.0,37.5,9,0,9,0.0,25,0,4,235,69.5,28.0,25.9,73.6,1,3,26,0,11.1,10.6,4.0,1,0,0,1,0,3,11.5,97,4.0
3,Robert Coleman,76149,QB,LAMAR,1,60.9,23,24,9.3,3.35,0,0,0.0,58.3,14,0,17,0.0,33,0,11,204,69.1,64.0,59.2,69.7,0,1,35,0,41.2,58.5,21.2,7,2,0,1,0,1,2.9,145,6.0
3,Hajj-Malik Williams,102348,QB,CAMPBELL,1,75.0,24,24,8.8,2.75,0,1,3.8,66.7,16,0,16,11.1,30,2,10,131,70.8,73.8,70.2,67.5,0,0,32,0,18.8,104.0,10.0,3,3,0,0,1,1,3.1,187,7.8
3,Max Brosmer,105568,QB,NEW HAMP,1,68.2,22,23,5.4,2.92,1,0,0.0,47.8,11,0,8,26.7,25,4,5,240,70.1,62.9,60.8,67.8,0,0,27,1,25.0,68.9,8.0,2,0,0,0,1,1,3.7,67,2.9
3,Dean DeNobile,159740,QB,LAFAYETTE,1,85.7,21,23,8.1,2.74,2,1,4.0,69.6,16,0,9,11.1,30,2,8,203,35.0,79.6,82.7,58.7,0,0,32,0,33.3,87.8,10.0,3,4,0,0,0,0,0.0,153,6.7
3,Aaron Allen,78494,QB,ALCORN ST,1,81.8,22,23,6.7,2.64,0,0,0.0,78.3,18,0,8,0.0,24,0,11,107,68.9,67.9,70.0,54.1,0,0,25,0,0.0,96.0,0.0,0,1,0,1,0,2,8.0,162,7.0
3,Connor Watkins,108971,QB,VILLANOVA,1,55.0,20,23,9.5,3.02,0,1,4.3,39.1,9,0,14,18.2,27,2,5,334,69.1,46.7,46.5,55.2,0,1,27,0,14.3,42.7,7.4,2,2,0,3,0,2,7.4,144,6.3
3,Kylan Weisser,78475,QB,WEBER ST,1,52.4,21,23,6.5,2.13,0,0,0.0,47.8,11,0,8,0.0,25,0,3,342,27.0,28.5,28.9,58.3,1,1,26,1,25.0,36.3,8.0,2,0,0,1,0,2,7.7,66,2.9
3,Brian Maurer,99123,QB,STF AUSTIN,1,54.5,22,22,10.2,2.02,0,0,0.0,54.5,12,0,0,0.0,22,0,7,301,70.4,68.5,71.7,55.0,0,1,23,0,,105.9,0.0,0,0,0,0,3,1,4.3,199,9.0
3,Coulter Cleland,165212,QB,DAVIDSON,1,81.0,21,21,9.5,2.43,0,3,14.3,81.0,17,0,8,0.0,23,0,11,149,71.3,89.9,90.4,66.0,0,0,23,0,12.5,158.3,4.3,1,1,0,0,5,0,0.0,303,14.4
3,Cole Doyle,159501,QB,ST FRANCIS,1,66.7,18,21,8.3,2.76,2,2,8.7,57.1,12,0,13,0.0,28,0,8,299,68.7,71.6,65.4,78.6,0,1,30,2,15.4,69.1,7.1,2,5,0,1,1,1,3.3,118,5.6
3,Cole Dugger,154197,QB,LNDNWD,1,80.0,20,21,7.4,2.34,0,0,0.0,71.4,15,0,6,6.3,27,1,13,949,28.3,83.3,90.8,48.4,1,1,28,0,0.0,133.4,0.0,0,4,0,0,5,2,7.1,264,12.6
3,Chris Zellous,153319,QB,HAMPTON,1,52.4,21,21,13.6,2.73,0,1,4.2,47.6,10,0,5,9.1,23,1,6,178,35.6,54.4,49.9,61.9,0,0,26,0,0.0,79.9,0.0,0,2,0,0,1,2,7.7,112,5.3
3,Elijah Owens,171426,QB,INDIANA ST,1,50.0,20,21,13.3,2.86,0,2,9.1,42.9,9,0,12,10.0,31,1,8,191,28.3,42.5,39.8,57.8,0,1,32,0,33.3,65.0,12.9,4,6,0,1,1,2,6.3,157,7.5
3,Otto Kuhns,138014,QB,NORFOLK,1,61.9,21,21,8.8,2.82,0,1,4.2,57.1,12,0,9,7.7,24,1,7,244,28.8,60.6,61.3,57.2,0,0,28,0,11.1,87.4,4.2,1,2,0,0,1,0,0.0,110,5.2
3,Darius Perrantes,103934,QB,DUQUESNE,1,52.6,19,20,12.0,2.35,1,0,0.0,40.0,8,0,11,20.0,20,2,4,155,67.1,48.0,49.9,,0,3,20,1,0.0,15.6,0.0,0,0,0,0,0,2,10.0,95,4.8
3,Walker Harris,150449,QB,NC CENT,1,76.5,17,19,7.9,2.28,0,0,0.0,63.2,12,0,6,7.7,21,1,7,247,24.3,46.0,47.3,,0,0,21,2,33.3,79.7,9.5,2,0,0,2,0,1,4.8,114,6.0
3,Cam Miller,125299,QB,N DAK ST,1,94.7,19,19,7.0,2.65,0,1,5.3,94.7,18,0,7,0.0,22,0,12,250,69.3,89.9,87.2,70.9,0,0,22,0,28.6,145.6,9.1,2,1,0,0,2,0,0.0,200,10.5
3,Zachary Clement,105561,QB,SE LA,1,64.7,17,19,7.3,2.75,1,0,0.0,52.6,10,0,9,9.1,23,1,4,294,72.2,77.2,73.3,68.9,0,1,24,0,22.2,76.6,8.7,2,2,0,1,2,0,0.0,80,4.2
3,Jace Wilson,149892,QB,TEXAS STHN,1,64.7,17,19,10.6,2.49,0,1,5.0,47.4,9,0,11,18.2,25,2,4,313,18.6,43.9,49.1,47.9,1,0,26,0,18.2,81.9,8.0,2,3,0,1,1,1,3.8,104,5.5
3,Quaterius Hawkins,160211,QB,NWSTATE,1,50.0,18,19,16.8,2.35,0,0,0.0,36.8,7,0,3,22.2,20,2,4,257,68.5,51.1,52.8,53.5,1,2,20,0,0.0,24.3,0.0,0,1,0,0,1,2,10.0,62,3.3
3,Deveon Bryant,89422,QB,TENN STATE,1,46.2,13,18,8.2,2.7,0,1,5.3,27.8,5,0,10,16.7,20,1,5,308,27.9,68.3,52.9,80.3,1,0,21,0,10.0,42.6,5.0,1,1,0,4,0,1,4.8,67,3.7
3,Bret Bushka,108927,QB,BUTLER,1,82.4,17,18,9.6,2.42,0,3,16.7,72.2,13,0,4,7.1,21,1,11,127,68.6,91.2,91.2,68.2,1,0,21,0,0.0,145.1,0.0,0,2,0,0,2,1,4.8,198,11.0
3,Dante Casciola,149521,QB,DAYTON,1,70.6,17,18,15.2,2.86,0,4,22.2,66.7,12,0,3,0.0,20,0,9,150,67.1,92.7,92.2,64.9,0,0,20,0,33.3,146.8,5.0,1,1,0,1,2,0,0.0,277,15.4
3,Hayes Gibson,122513,QB,TENN TECH,1,58.8,17,18,12.9,3.39,0,0,0.0,50.0,9,0,12,10.0,20,1,7,309,68.5,60.5,62.5,55.6,0,0,20,0,16.7,74.5,10.0,2,0,0,1,0,0,0.0,133,7.4
3,Charles DePrima,148879,QB,HARVARD,1,43.8,16,18,10.1,2.74,1,0,0.0,38.9,7,0,9,0.0,22,0,5,179,70.9,57.1,38.4,79.4,0,1,23,0,22.2,51.2,9.1,2,2,0,1,1,1,4.3,92,5.1
3,Rob McCoy,108989,QB,SACR HEART,1,64.7,17,18,10.6,2.29,0,0,0.0,44.4,8,0,1,27.3,19,3,5,280,70.3,59.7,55.4,64.9,0,1,21,0,0.0,34.7,0.0,0,0,0,1,0,0,0.0,81,4.5
3,Nolan Grooms,108987,QB,YALE,1,70.6,17,17,11.4,2.68,0,1,5.0,70.6,12,0,5,0.0,20,0,8,352,35.0,80.2,74.6,71.3,0,0,23,0,20.0,108.0,5.0,1,2,0,0,1,1,4.3,112,6.6
3,Jordan Reed,159013,QB,MONTANA ST,1,56.3,16,17,12.4,2.2,1,0,0.0,41.2,7,0,2,22.2,18,2,4,233,66.8,61.5,62.9,57.3,0,0,18,0,0.0,69.2,0.0,0,1,0,0,0,0,0.0,134,7.9
3,Tak Tateoka,172179,QB,STTHOM,1,57.1,14,17,16.1,2.98,0,0,0.0,41.2,7,0,8,12.5,19,1,3,1129,25.8,53.8,50.1,62.8,0,0,19,0,12.5,53.6,5.3,1,1,0,3,0,2,10.5,70,4.1
3,Matthew Downing,82120,QB,ELON,1,60.0,15,16,8.1,3.23,0,0,0.0,50.0,8,0,9,11.1,23,1,3,162,67.6,43.6,45.8,50.4,1,1,24,0,44.4,53.4,17.4,4,3,0,0,1,0,0.0,57,3.6
3,Chase Artopoeus,100577,QB,CHATTNOOGA,1,80.0,15,16,7.0,2.56,1,1,5.9,75.0,12,0,5,0.0,18,0,11,137,25.8,79.9,85.1,57.6,0,0,19,0,0.0,156.3,0.0,0,2,0,0,3,0,0.0,200,12.5
3,Ethan Roberts,138136,QB,TENN TECH,1,50.0,16,16,8.1,2.47,0,0,0.0,37.5,6,0,7,25.0,18,2,4,309,69.6,28.7,27.5,54.2,0,3,18,0,14.3,8.3,5.6,1,1,0,0,0,3,16.7,56,3.5
3,Matt Jenner,174488,QB,CENT CT ST,1,26.7,15,15,14.1,2.71,0,0,0.0,26.7,4,0,9,0.0,16,0,4,133,70.7,33.8,28.1,65.2,0,2,17,1,0.0,0.0,0.0,0,1,0,0,0,2,11.8,40,2.7
3,Sam Vidlak,146333,QB,MONTANA,1,76.9,13,15,11.8,3.33,1,1,5.9,60.0,9,0,12,10.0,19,1,7,232,68.0,65.6,70.4,56.3,1,1,22,1,16.7,54.6,10.5,2,2,0,0,0,2,9.1,109,7.3
3,Tony Bartalo,162107,QB,CHARLES SO,1,66.7,15,15,7.3,3.38,0,0,0.0,66.7,10,0,9,0.0,19,0,2,135,21.7,27.0,26.8,59.0,0,2,22,0,44.4,34.7,21.1,4,0,0,0,0,5,22.7,60,4.0
3,Dino Maldonado,78516,QB,MS VLY ST,1,66.7,15,15,7.2,2.53,0,0,0.0,40.0,6,0,7,40.0,15,4,1,228,66.4,62.2,61.8,,0,1,15,0,0.0,20.1,0.0,0,0,0,0,0,1,6.7,32,2.1
3,Dustin Fletcher,130553,QB,CITADEL,1,71.4,14,14,7.0,2.34,0,1,7.1,64.3,9,0,3,10.0,15,1,3,139,68.1,56.3,57.4,55.9,0,1,15,0,33.3,45.8,6.7,1,0,0,0,0,1,6.7,67,4.8
3,Logan Brabham,149647,QB,MARIST,1,71.4,14,14,10.9,2.49,0,1,6.3,64.3,9,0,7,10.0,18,1,5,213,67.8,52.8,55.4,54.6,0,1,20,0,42.9,81.5,16.7,3,1,0,0,1,1,5.0,107,7.6
3,Trazon Connley,75885,QB,PRVIEW A&M,1,70.0,10,14,13.7,2.39,0,1,6.3,42.9,6,0,9,14.3,17,1,3,270,67.7,66.0,65.0,60.0,0,0,19,0,33.3,53.0,17.6,3,0,0,4,0,0,0.0,51,3.6
3,Ty'Jarian Williams,178887,QB,MS VLY ST,1,85.7,14,14,5.4,3.1,0,0,0.0,78.6,11,0,8,8.3,21,1,5,228,35.7,63.9,79.6,49.9,0,0,22,0,50.0,88.1,19.0,4,3,0,0,0,1,4.5,72,5.1
3,Bryce Corriston,139140,QB,WOFFORD,1,53.8,13,13,13.0,2.45,0,0,0.0,46.2,6,0,6,14.3,17,1,4,350,24.3,51.5,50.5,57.1,0,0,19,0,16.7,53.0,5.9,1,3,0,0,0,0,0.0,38,2.9
3,Davius Richard,109077,QB,NC CENT,1,50.0,10,13,5.9,2.49,1,0,0.0,38.5,5,0,5,0.0,14,0,2,247,67.1,40.7,35.8,63.0,0,1,14,0,20.0,14.6,7.1,1,0,0,2,0,1,7.1,28,2.2
3,Noah Walters,164315,QB,N ALABAMA,1,53.8,13,13,10.3,2.58,0,0,0.0,46.2,6,0,6,14.3,16,1,3,389,71.8,48.7,34.8,50.5,0,2,17,0,33.3,18.6,12.5,2,1,0,0,0,3,17.6,55,4.2
3,Sean Chambers,75888,QB,MONTANA ST,1,81.8,11,13,9.9,3.02,1,1,7.7,69.2,9,0,4,0.0,17,0,8,233,68.2,82.2,76.0,71.6,0,0,17,0,0.0,104.6,0.0,0,4,0,1,0,0,0.0,140,10.8
3,Preston Weeks,77658,QB,STF AUSTIN,1,46.2,13,13,11.2,2.12,0,0,0.0,38.5,5,0,0,16.7,13,1,3,301,67.0,56.1,55.8,59.4,0,0,13,0,,56.3,0.0,0,0,0,0,0,0,0.0,69,5.3
3,Dominique Anthony,145350,QB,MORGAN ST,1,54.5,11,12,8.7,2.13,0,0,0.0,50.0,6,0,4,0.0,13,0,3,235,67.0,36.7,37.3,57.7,0,0,13,0,25.0,63.9,7.7,1,0,0,1,0,2,15.4,58,4.8
3,Baron May,76359,QB,E TENN ST,1,54.5,11,12,9.8,3.27,0,1,8.3,41.7,5,0,11,16.7,16,1,4,157,68.2,53.1,46.5,66.7,0,0,16,0,27.3,58.3,18.8,3,1,0,1,0,1,6.3,62,5.2
3,Pauly Seeley V,178692,QB,WOFFORD,1,54.5,11,11,10.6,2.37,0,1,9.1,54.5,6,0,2,0.0,11,0,3,350,27.2,62.4,73.1,45.6,0,0,11,0,0.0,81.6,0.0,0,0,0,0,0,0,0.0,90,8.2
3,Tyler Vander Waal,60615,QB,NWSTATE,1,54.5,11,11,8.0,2.16,0,0,0.0,54.5,6,0,4,0.0,14,0,3,257,26.8,36.2,36.1,57.7,0,1,15,0,75.0,33.1,21.4,3,0,0,0,0,1,6.7,62,5.6
3,Zy McDonald,147137,QB,JACKSON ST,1,81.8,11,11,6.3,2.52,0,1,9.1,72.7,8,0,7,11.1,14,1,6,194,22.7,73.6,68.3,68.5,0,0,14,0,28.6,132.6,14.3,2,1,0,0,2,1,7.1,80,7.3
3,Kai Millner,146286,QB,N ARIZONA,1,50.0,10,10,12.0,2.73,0,0,0.0,50.0,5,0,1,0.0,12,0,2,252,13.8,27.4,33.3,34.9,0,1,12,0,0.0,27.5,0.0,0,2,0,0,0,1,8.3,56,5.6
3,Mekhi Hagens,167009,QB,ARKAPB,1,44.4,9,10,17.4,4.38,0,0,0.0,40.0,4,0,8,0.0,16,0,2,112,70.8,53.7,51.4,59.1,1,0,20,0,50.0,111.3,25.0,4,2,0,0,1,0,0.0,102,10.2
3,Chris Howell,171592,QB,LIUSHAR,1,40.0,10,10,17.7,3.15,0,1,9.1,40.0,4,0,5,0.0,12,0,2,1298,71.1,46.0,35.2,64.4,0,1,13,0,20.0,12.9,8.3,1,1,0,0,0,2,15.4,41,4.1
3,Aidan Bouman,122508,QB,S DAKOTA,1,88.9,9,9,13.1,2.95,0,1,11.1,77.8,7,0,5,12.5,10,1,6,291,67.5,82.8,75.1,72.6,0,1,10,0,0.0,108.6,0.0,0,1,0,0,1,1,10.0,96,10.7
3,Kody Sparks,130385,QB,TENN MARTN,1,77.8,9,9,6.7,2.03,0,0,0.0,77.8,7,0,2,0.0,9,0,5,310,67.4,75.6,78.6,57.8,0,0,9,0,0.0,145.4,0.0,0,0,0,0,1,0,0.0,90,10.0
3,Tylik Bethea,108957,QB,BETH COOK,1,62.5,8,9,6.3,2.97,0,0,0.0,55.6,5,0,10,0.0,16,0,3,119,23.4,34.7,44.3,40.8,0,0,19,0,30.0,70.6,18.8,3,4,0,1,0,2,10.5,48,5.3
3,Hunter Hays,141593,QB,IDAHO ST,1,77.8,9,9,14.2,2.58,0,0,0.0,77.8,7,0,1,0.0,13,0,5,186,66.5,47.7,40.7,66.0,0,0,16,0,0.0,137.0,0.0,0,3,0,0,1,2,12.5,72,8.0
3,Dante Chachere,103930,QB,PORTLAND,1,77.8,9,9,7.7,2.3,0,1,9.1,66.7,6,0,2,14.3,10,1,5,269,66.8,80.3,74.5,69.6,0,0,12,0,0.0,131.5,0.0,0,1,0,0,3,0,0.0,74,8.2
3,Cade Pribula,105550,QB,SACR HEART,1,42.9,7,8,7.9,2.77,0,0,0.0,37.5,3,0,4,0.0,12,0,4,280,65.8,50.1,48.6,64.0,0,2,12,1,25.0,6.3,8.3,1,1,0,1,0,1,8.3,23,2.9
3,Nick Whitfield Jr.,159490,QB,ST FRANCIS,1,62.5,8,8,2.8,2.99,0,1,12.5,62.5,5,0,8,0.0,12,0,5,299,66.7,68.7,57.1,71.0,0,1,12,0,12.5,83.9,8.3,1,3,0,0,1,1,8.3,57,7.1
3,Carson Baker,83548,QB,MORGAN ST,1,83.3,6,8,5.8,2.62,0,0,0.0,62.5,5,0,2,0.0,11,0,4,235,19.2,56.0,54.3,61.0,0,0,12,0,50.0,71.9,9.1,1,2,0,2,0,1,8.3,34,4.3
3,Jalen Macon,153929,QB,ARKAPB,1,75.0,8,8,5.4,2.46,0,0,0.0,62.5,5,0,3,16.7,8,1,2,112,65.1,52.7,52.0,,0,0,9,0,0.0,116.7,0.0,0,0,0,0,1,0,0.0,44,5.5
3,Marshall Howe,158696,QB,YALE,1,66.7,6,7,13.3,2.6,1,0,0.0,42.9,3,0,1,25.0,7,1,3,352,21.9,58.9,65.1,57.5,0,0,7,0,0.0,95.8,0.0,0,0,0,0,1,0,0.0,31,4.4
3,Cole Dow,108930,QB,DAYTON,1,16.7,6,7,21.7,3.26,0,1,12.5,14.3,1,0,6,0.0,8,0,1,150,70.4,66.2,53.4,71.7,0,1,9,0,0.0,3.0,0.0,0,0,0,1,0,1,11.1,26,3.7
3,Gavin McCusker,148580,QB,MERRIMACK,1,33.3,6,7,23.3,3.27,0,1,14.3,28.6,2,0,2,0.0,9,0,2,385,70.4,68.6,58.7,68.4,1,0,9,1,50.0,85.7,11.1,1,1,0,0,1,0,0.0,32,4.6
3,Matt Robinson,82130,QB,DUQUESNE,1,100.0,6,6,10.5,2.67,0,1,16.7,83.3,5,0,3,16.7,6,1,2,155,67.0,75.8,89.7,55.1,0,0,6,1,0.0,154.2,0.0,0,0,0,0,1,0,0.0,69,11.5
3,Hank Gibbs,128414,QB,N COLORADO,1,40.0,5,6,20.8,2.5,0,0,0.0,33.3,2,0,3,0.0,6,0,2,253,68.0,69.2,58.8,70.9,0,0,6,0,0.0,55.6,0.0,0,0,0,1,0,0,0.0,37,6.2
3,Bo Kelly,158923,QB,CAL POLY,1,100.0,5,5,3.8,2.62,0,0,0.0,80.0,4,0,1,20.0,6,1,4,129,64.2,67.3,60.0,64.3,0,0,6,0,0.0,118.8,0.0,0,1,0,0,0,0,0.0,64,12.8
3,Daniel Lipovski,173612,QB,DELAWARE,1,20.0,5,5,21.6,2.47,0,1,20.0,20.0,1,0,2,0.0,6,0,1,151,64.2,62.2,61.9,,0,0,6,0,50.0,52.9,16.7,1,0,0,0,0,0,0.0,31,6.2
3,Brady Meitz,149729,QB,STETSON,1,80.0,5,5,11.0,2.33,0,0,0.0,80.0,4,0,1,0.0,6,0,3,302,64.2,76.6,76.1,,0,0,6,0,100.0,106.7,16.7,1,0,0,0,0,0,0.0,48,9.6
3,Blake Ellingson,149550,QB,DRAKE,1,80.0,5,5,2.2,3.42,0,0,0.0,80.0,4,0,1,0.0,5,0,0,153,63.8,59.3,58.2,,0,0,5,0,0.0,82.5,0.0,0,0,0,0,0,0,0.0,19,3.8
3,Jakolby Longino,145488,QB,LAMAR,1,40.0,5,5,10.2,3.51,0,1,20.0,40.0,2,0,3,0.0,8,0,2,204,64.9,88.8,88.9,65.7,0,1,8,0,0.0,16.7,0.0,0,3,0,0,0,0,0.0,25,5.0
3,Nick Howard,108979,QB,DARTMOUTH,1,0.0,5,5,7.2,2.57,0,0,0.0,0.0,0,0,3,,6,0,0,148,72.1,57.0,29.5,74.1,0,1,7,0,33.3,0.0,16.7,1,0,0,0,0,1,14.3,0,0.0
3,Walter Simmons III,151059,QB,BETH COOK,1,80.0,5,5,6.2,3.0,0,0,0.0,60.0,3,0,2,25.0,7,1,3,119,67.2,67.8,61.7,66.7,0,0,8,0,50.0,103.7,14.3,1,1,0,0,0,0,0.0,62,12.4
3,Justin Fomby,103928,QB,HOUCHR,1,50.0,4,4,12.3,2.88,0,0,0.0,50.0,2,0,2,0.0,4,0,1,183,65.2,55.4,55.4,59.6,0,0,4,0,0.0,77.1,0.0,0,0,0,0,0,0,0.0,32,8.0
3,Daniel Greek,126950,QB,TARLETON,1,100.0,3,4,3.3,2.22,1,0,0.0,75.0,3,0,2,0.0,5,0,1,401,65.7,59.8,59.8,59.8,0,0,6,0,50.0,80.2,20.0,1,0,0,0,0,0,0.0,15,3.8
3,Eli Sawyer,141870,QB,SE LA,1,75.0,4,4,8.3,2.6,0,0,0.0,75.0,3,0,1,0.0,4,0,2,294,63.3,69.6,70.5,,0,0,4,0,0.0,156.3,0.0,0,0,0,0,1,0,0.0,61,15.3
3,Ethan Greenwood,161869,QB,LIUSHAR,1,75.0,4,4,1.5,2.8,0,0,0.0,50.0,2,0,2,33.3,6,1,0,1298,71.1,70.2,53.9,74.2,0,0,6,0,100.0,56.3,33.3,2,0,0,0,0,0,0.0,3,0.8
3,Luke Sprague,108964,QB,BETH COOK,1,100.0,3,4,5.7,2.86,0,0,0.0,75.0,3,0,4,0.0,5,0,1,119,63.8,76.2,69.7,64.3,0,0,5,1,0.0,88.5,0.0,0,1,0,1,0,0,0.0,23,5.8
3,Chase Mason,159444,QB,S DAK ST,1,100.0,3,4,2.3,1.63,1,0,0.0,75.0,3,0,1,0.0,4,0,2,292,65.2,87.0,72.4,68.9,0,0,4,0,0.0,99.0,0.0,0,0,0,0,0,0,0.0,33,8.3
3,Ricky Ortega,142401,QB,CENT CT ST,1,66.7,3,3,3.3,2.58,0,0,0.0,66.7,2,0,1,0.0,4,0,0,133,71.7,45.4,50.7,52.0,0,0,4,0,0.0,71.5,0.0,0,1,0,0,0,0,0.0,10,3.3
3,Jaden Jones,147558,QB,CAL POLY,1,33.3,3,3,8.7,4.0,0,0,0.0,33.3,1,0,2,0.0,4,0,0,129,63.3,42.3,43.3,57.8,0,0,4,0,0.0,42.4,0.0,0,1,0,0,0,0,0.0,3,1.0
3,Logan Gonzalez,159065,QB,PORTLAND,1,66.7,3,3,19.7,2.1,0,1,33.3,66.7,2,0,2,0.0,3,0,2,269,62.7,90.5,90.6,,0,0,3,0,0.0,149.3,0.0,0,0,0,0,1,0,0.0,60,20.0
3,Cole Payton,148154,QB,N DAK ST,1,100.0,3,3,9.3,2.4,0,0,0.0,66.7,2,0,1,33.3,4,1,2,250,70.4,84.2,79.9,70.8,0,0,5,0,100.0,109.7,25.0,1,0,0,0,0,0,0.0,46,15.3
3,Channing Dumas,168482,QB,PRVIEW A&M,1,33.3,3,3,19.0,2.25,0,0,0.0,33.3,1,0,2,0.0,4,0,1,270,65.2,58.6,63.7,54.9,0,0,4,0,0.0,45.1,0.0,0,1,0,0,0,0,0.0,11,3.7
3,Haynes Eller,149869,QB,E TENN ST,1,33.3,3,3,9.7,2.4,0,0,0.0,33.3,1,0,1,0.0,3,0,1,157,1.4,24.1,32.2,27.5,0,1,3,0,0.0,6.9,0.0,0,0,0,0,0,1,33.3,12,4.0
3,Junior Muratovic,150858,QB,FL A&M,1,66.7,3,3,10.0,2.7,0,0,0.0,66.7,2,0,0,0.0,3,0,2,164,62.7,64.3,63.4,,0,0,3,0,,106.3,0.0,0,0,0,0,0,0,0.0,35,11.7
3,Noah Bodden,150881,QB,SOUTHERN U,1,50.0,2,2,19.5,4.43,0,0,0.0,50.0,1,0,2,0.0,3,0,1,297,62.7,65.5,65.0,,0,0,3,0,50.0,91.7,33.3,1,0,0,0,0,0,0.0,23,11.5
3,Luke Durkin,149464,QB,DAVIDSON,1,50.0,2,2,6.0,3.07,0,0,0.0,50.0,1,0,2,0.0,3,0,0,149,64.8,56.3,55.7,59.8,0,0,3,0,50.0,56.3,33.3,1,0,0,0,0,0,0.0,2,1.0
3,Quincy Crittendon,149944,QB,SAMFORD,1,50.0,2,2,1.0,2.4,0,0,0.0,50.0,1,0,2,0.0,3,0,0,282,66.4,60.3,52.2,64.1,0,0,3,0,50.0,56.3,33.3,1,0,0,0,0,0,0.0,3,1.5
3,T.J. Smith,156533,QB,N ALABAMA,1,50.0,2,2,-1.5,3.6,0,0,0.0,50.0,1,0,2,0.0,2,0,1,389,66.2,55.9,53.9,60.1,0,0,2,0,0.0,135.4,0.0,0,0,0,0,1,0,0.0,26,13.0
3,Trey Feeney,148125,QB,N DAKOTA,1,0.0,2,2,14.0,2.3,0,0,0.0,0.0,0,0,0,,2,0,0,249,61.8,53.7,53.4,,0,0,2,0,,39.6,0.0,0,0,0,0,0,0,0.0,0,0.0
3,Timothy Dorsey,148029,QB,E TENN ST,1,50.0,2,2,4.0,4.88,0,0,0.0,50.0,1,0,1,0.0,4,0,0,157,65.2,52.2,50.0,58.9,0,0,4,0,0.0,56.3,0.0,0,2,0,0,0,0,0.0,3,1.5
3,Beau Brungard,164897,QB,YNGTOWN ST,1,0.0,1,1,13.0,4.25,0,0,0.0,0.0,0,0,1,,2,0,1,353,70.2,89.8,56.6,81.8,0,0,2,0,0.0,39.6,0.0,0,1,0,0,0,0,0.0,0,0.0
3,Willie Miller,104799,WR,TENN TECH,1,100.0,1,1,-4.0,1.2,0,0,0.0,100.0,1,0,0,0.0,1,0,1,309,65.6,57.0,60.6,59.5,0,0,1,0,,100.0,0.0,0,0,0,0,0,0,0.0,8,8.0
3,Cameron Sapp,102361,QB,NORFOLK,1,0.0,1,1,13.0,2.8,0,0,0.0,0.0,0,0,1,,1,0,0,244,60.3,49.5,48.5,,0,0,1,0,0.0,39.6,0.0,0,0,0,0,0,0,0.0,0,0.0
3,Daniel Sobkowicz,148032,WR,ILL STATE,1,0.0,1,1,32.0,4.4,0,0,0.0,0.0,0,0,0,,1,0,0,188,66.9,68.8,37.0,,0,1,1,0,,0.0,0.0,0,0,0,0,0,1,100.0,0,0.0
3,Lan Larison,142157,HB,UC DAVIS,1,0.0,1,1,8.0,4.3,0,0,0.0,0.0,0,0,0,,1,0,0,322,76.0,75.0,60.4,74.4,0,0,1,0,,39.6,0.0,0,0,0,0,0,0,0.0,0,0.0
3,Luke Schomburg,159795,QB,CHATTNOOGA,1,100.0,1,1,8.0,3.05,0,0,0.0,100.0,1,0,1,0.0,2,0,1,137,61.8,76.7,75.9,,0,0,2,0,100.0,158.3,50.0,1,0,0,0,1,0,0.0,57,57.0
3,Michael Wortham,170696,QB,E WASHGTON,1,100.0,1,1,-4.0,2.7,0,0,0.0,100.0,1,0,0,0.0,1,0,1,161,71.1,54.4,60.6,55.9,0,0,1,0,,83.3,0.0,0,0,0,0,0,0,0.0,4,4.0
3,Jon Bell,148223,QB,S DAK ST,1,,0,1,,1.7,1,0,0.0,0.0,0,0,0,,1,0,0,292,61.8,70.0,69.4,,0,0,2,0,,39.6,0.0,0,0,0,0,0,0,0.0,0,0.0
3,Chaese Jackson,77690,TE,ROB MORRIS,1,100.0,1,1,10.0,1.0,0,0,0.0,100.0,1,1,1,0.0,2,0,1,277,65.6,64.5,70.7,,0,0,2,1,0.0,139.6,0.0,0,0,0,0,1,0,0.0,8,8.0
3,Ezra King,139152,P,PRESBYTERN,1,0.0,1,1,3.0,6.5,0,0,0.0,0.0,0,0,0,,1,0,0,271,,54.9,52.9,,0,1,1,0,,0.0,0.0,0,0,0,0,0,0,0.0,0,0.0
3,Kasey Hawthorne,138431,WR,HOWARD,1,100.0,1,1,9.0,2.0,0,0,0.0,100.0,1,0,0,0.0,1,0,1,184,69.5,68.2,56.6,60.8,0,0,1,0,,118.8,0.0,0,0,0,0,1,0,0.0,2,2.0
3,Kyle Romenick,100363,P,ELON,1,100.0,1,1,22.0,2.4,0,0,0.0,100.0,1,0,0,0.0,1,0,1,162,60.3,71.9,78.3,,0,0,1,0,,158.3,0.0,0,0,0,0,1,0,0.0,35,35.0
3,Jaden Craig,159342,QB,HARVARD,1,0.0,1,1,7.0,5.8,0,0,0.0,0.0,0,0,2,,2,0,0,179,64.8,56.6,53.8,60.7,0,0,3,0,0.0,39.6,0.0,0,1,0,0,0,0,0.0,0,0.0
3,Gino English,99576,QB,GARD-WEBB,1,0.0,1,1,14.0,2.6,0,0,0.0,0.0,0,0,0,,1,0,0,171,63.7,47.3,48.5,59.5,0,0,1,0,,39.6,0.0,0,0,0,0,0,0,0.0,0,0.0
3,Joe Pesansky,149434,QB,HOLY CROSS,1,0.0,1,1,39.0,2.4,0,0,0.0,0.0,0,0,0,,1,0,0,181,63.7,52.1,51.3,60.0,0,0,1,0,,39.6,0.0,0,0,0,0,0,0,0.0,0,0.0
3,NyGhee Lolley,151718,WR,DELWARE ST,1,0.0,1,1,6.0,4.3,0,0,0.0,0.0,0,0,1,,1,0,0,152,62.4,46.2,28.6,,0,1,1,0,0.0,0.0,0.0,0,0,0,0,0,1,100.0,0,0.0
3,Graeson Underwood,123202,QB,CITADEL,1,100.0,1,1,-2.0,2.2,0,0,0.0,100.0,1,0,0,0.0,1,0,0,139,67.5,58.9,60.6,58.2,0,0,1,0,,79.2,0.0,0,0,0,0,0,0,0.0,1,1.0
3,Peewee Jarrett,180158,QB,WESTFL,1,69.0,29,37,8.7,3.05,1,1,2.4,43.2,16,0,14,20.0,39,4,8,1269,71.6,60.4,58.6,62.7,1,1,44,0,14.3,51.0,5.1,2,0,0,6,1,0,0.0,134,3.6
3,Patrick Shegog,151786,QB,DELTAST,1,78.8,33,34,11.0,2.28,0,5,14.3,55.9,19,0,8,26.9,39,7,11,841,72.8,91.2,90.8,70.9,1,0,40,0,37.5,100.4,7.7,3,2,0,0,2,1,2.5,262,7.7
3,Edwin Kleinpeter Jr.,182360,QB,MILES,1,63.3,30,32,9.0,2.6,1,1,2.9,46.9,15,0,11,21.1,39,4,10,386,70.7,68.3,66.0,64.4,1,0,43,0,36.4,76.7,10.3,4,3,0,0,0,2,4.7,273,8.5
3,Liam Thompson,179999,QB,WABASH,1,83.3,30,32,7.9,2.93,1,3,9.4,68.8,22,0,14,12.0,39,3,14,1167,22.5,77.1,81.2,56.2,1,1,39,0,21.4,100.5,7.7,3,3,0,0,2,2,5.1,256,8.0
3,TJ Goodwin,100826,QB,LINCOK,1,63.3,30,32,12.1,2.95,0,0,0.0,56.3,18,0,21,5.3,37,1,8,1452,69.4,44.3,45.3,57.2,0,2,39,1,9.5,52.7,5.4,2,3,0,2,1,3,7.7,149,4.7
3,Mylik Mitchell,26942,QB,FERRIS,1,63.2,19,21,8.7,2.94,0,1,4.2,47.6,10,0,14,16.7,27,2,6,868,28.3,45.8,48.0,51.5,0,1,30,0,28.6,42.4,14.8,4,2,0,2,0,2,6.7,103,4.9
3,Damon Hockett,161177,QB,TAYLOR,1,82.4,17,21,10.2,3.08,0,2,9.1,61.9,13,0,9,7.1,25,1,9,402,20.6,72.0,88.2,46.7,0,0,26,0,11.1,103.7,4.0,1,3,0,4,1,0,0.0,172,8.2
3,Cedquan Smith,181299,QB,FLMMRL,1,28.6,14,16,14.6,3.15,1,2,12.5,25.0,4,0,12,0.0,20,0,5,1471,24.7,29.3,26.8,68.4,0,1,20,0,16.7,44.0,10.0,2,2,0,1,1,4,20.0,85,5.3
3,Jesper Korkalainen,182794,QB,NAUSTA,1,64.3,14,15,2.8,2.1,0,0,0.0,40.0,6,0,7,33.3,18,3,0,1453,68.3,33.8,32.7,55.5,1,1,18,0,14.3,20.1,5.6,1,1,0,0,0,1,5.6,17,1.1
3,Antoine Williams,166643,QB,FLMMRL,1,81.8,11,11,7.7,2.66,0,1,8.3,81.8,9,0,7,0.0,12,0,6,1471,67.0,54.7,53.8,58.5,0,1,13,0,14.3,63.3,8.3,1,0,0,0,0,2,15.4,91,8.3
3,Cameron Davis,187735,QB,MISS COL,1,66.7,9,9,10.1,1.93,0,0,0.0,44.4,4,0,1,33.3,9,2,2,990,66.3,53.5,53.7,59.7,0,0,9,0,0.0,53.5,0.0,0,0,0,0,0,0,0.0,31,3.4
3,Carson Gulker,178746,QB,FERRIS,1,62.5,8,8,15.3,3.13,0,1,12.5,62.5,5,0,5,0.0,9,0,2,868,73.8,75.1,71.8,67.3,0,0,9,0,20.0,121.4,11.1,1,0,0,0,1,0,0.0,53,6.6
3,Nico Cleaves,182849,QB,VA LYNCHBU,1,42.9,7,7,10.1,3.59,0,0,0.0,28.6,2,0,7,33.3,11,1,2,406,16.6,34.0,37.5,47.3,0,1,12,0,28.6,10.1,18.2,2,2,0,0,0,1,8.3,38,5.4
3,Oscar Ozuna,180602,QB,NAUSTA,1,66.7,6,6,1.2,2.16,0,0,0.0,66.7,4,0,3,0.0,7,0,1,1453,65.9,43.3,48.4,59.4,0,1,7,1,33.3,30.6,14.3,1,0,0,0,0,1,14.3,9,1.5
3,Langston Stewart,182456,QB,VA LYNCHBU,1,60.0,5,5,15.2,2.75,0,0,0.0,40.0,2,0,6,33.3,8,1,1,406,15.7,42.6,42.4,,0,0,8,0,50.0,50.4,37.5,3,0,0,0,0,1,12.5,18,3.6
3,C.J. Brooks,168854,QB,VA LYNCHBU,1,50.0,4,4,15.0,2.3,0,0,0.0,50.0,2,0,4,0.0,6,0,0,406,13.4,28.5,28.5,,0,0,6,0,50.0,66.7,33.3,2,0,0,0,0,1,16.7,22,5.5
3,Kory Barnes,182837,WR,LINCOK,1,50.0,2,2,-2.0,2.73,0,0,0.0,50.0,1,0,1,0.0,3,0,0,1452,62.7,43.9,44.1,,0,0,3,0,100.0,64.6,33.3,1,0,0,0,0,0,0.0,10,5.0
3,John Henry White,161021,QB,MISS COL,1,0.0,1,2,29.0,3.0,0,0,0.0,0.0,0,0,1,,2,0,0,990,34.9,76.7,56.4,72.2,0,0,2,0,0.0,39.6,0.0,0,0,0,1,0,0,0.0,0,0.0
3,Caden Leggett,78151,WR,WESTFL,1,,0,1,,3.0,0,0,0.0,0.0,0,0,1,,1,0,0,1269,65.3,60.0,60.0,,0,0,1,1,0.0,39.6,0.0,0,0,0,1,0,0,0.0,0,0.0
3,Jacob Riddle,179975,WR,WABASH,1,100.0,1,1,15.0,0.8,0,0,0.0,100.0,1,0,0,0.0,1,0,1,1167,63.7,62.5,73.1,,0,0,1,0,,143.8,0.0,0,0,0,0,1,0,0.0,9,9.0
3,Blake White,180008,QB,WABASH,1,100.0,1,1,11.0,2.7,0,0,0.0,100.0,1,0,0,0.0,1,0,1,1167,60.3,70.7,75.4,,0,0,1,0,,112.5,0.0,0,0,0,0,0,0,0.0,11,11.0
week,player,player_id,position,team_name,player_game_count,accuracy_percent,aimed_passes,attempts,avg_depth_of_target,avg_time_to_throw,bats,big_time_throws,btt_rate,completion_percent,completions,declined_penalties,def_gen_pressures,drop_rate,dropbacks,drops,first_downs,franchise_id,grades_hands_fumble,grades_offense,grades_pass,grades_run,hit_as_threw,interceptions,passing_snaps,penalties,pressure_to_sack_rate,qb_rating,sack_percent,sacks,scrambles,spikes,thrown_aways,touchdowns,turnover_worthy_plays,twp_rate,yards,ypa
4,Kedon Slovis,100580,QB,BYU,1,69.4,49,51,9.6,2.87,0,3,5.7,58.8,30,0,16,11.8,54,4,18,128,70.7,65.7,67.1,53.1,1,2,56,0,12.5,77.0,3.7,2,1,0,1,2,2,3.6,357,7.0
4,Jacob Zeno,98014,QB,UAB,1,77.3,44,50,3.7,2.57,1,1,2.0,64.0,32,0,15,5.9,55,2,15,321,71.1,57.0,56.0,59.8,1,1,56,1,6.7,81.5,1.8,1,4,0,4,2,0,0.0,253,5.1
4,Ben Bryant,77655,QB,NWESTERN,1,71.7,46,50,11.3,2.93,0,2,3.8,66.0,33,0,19,0.0,57,0,18,256,70.2,69.9,72.3,53.6,1,0,60,0,10.5,116.7,3.5,2,5,1,2,4,2,3.3,395,7.9
4,Daniel Richardson,97103,QB,FAU,1,66.0,47,49,9.0,2.4,1,3,6.0,57.1,28,0,11,9.7,51,3,12,165,70.2,64.8,62.1,68.1,0,1,53,0,9.1,76.6,2.0,1,1,0,1,2,1,1.9,256,5.2
4,Alan Bowman,77679,QB,OKLA STATE,1,61.5,39,48,10.9,3.1,1,2,4.1,47.9,23,0,20,4.2,50,1,12,262,70.5,46.0,45.5,57.6,0,2,51,0,5.0,62.7,2.0,1,1,0,8,2,3,5.9,278,5.8
4,Will Rogers,124184,QB,MISS STATE,1,75.0,44,48,10.8,2.61,4,5,10.2,62.5,30,1,15,9.1,54,3,18,227,39.0,90.8,91.8,43.9,0,1,55,1,26.7,94.7,7.4,4,2,0,0,1,2,3.6,487,10.1
4,McCae Hillstead,174761,QB,UTAH ST,1,57.8,45,47,12.5,2.63,0,5,10.2,53.2,25,0,24,3.8,52,1,16,329,70.3,68.9,67.4,62.9,1,3,54,0,20.8,83.6,9.6,5,0,0,1,4,3,5.6,399,8.5
4,Davis Brin,77642,QB,GA SOUTHRN,1,88.4,43,47,8.3,2.52,0,2,4.3,72.3,34,0,9,10.5,50,4,16,174,69.7,77.6,79.8,52.6,2,0,50,0,11.1,121.2,2.0,1,2,1,1,4,0,0.0,344,7.3
4,Seth Henigan,144267,QB,MEMPHIS,1,76.7,43,46,7.7,2.56,0,3,6.3,65.2,30,0,14,9.1,53,3,16,218,25.4,60.6,62.0,56.7,0,2,57,0,21.4,88.7,5.7,3,4,0,3,3,5,8.8,316,6.9
4,Brayden Fowler-Nicolosi,157207,QB,COLO STATE,1,80.0,40,43,5.5,2.16,1,1,2.3,69.8,30,0,11,6.3,45,2,16,144,69.4,71.5,73.8,57.3,0,1,46,1,9.1,97.1,2.2,1,1,0,2,2,0,0.0,321,7.5
4,Grayson McCall,98002,QB,COAST CAR,1,71.1,38,42,7.4,2.75,0,0,0.0,61.9,26,0,11,3.7,45,1,12,141,70.4,76.2,78.1,56.0,1,0,50,0,18.2,90.9,4.4,2,1,0,3,1,0,0.0,295,7.0
4,Will Howard,122599,QB,KANSAS ST,1,75.7,37,42,9.1,2.6,3,1,2.3,64.3,27,0,10,3.6,44,1,17,199,71.3,80.9,72.0,82.4,0,1,45,0,10.0,71.0,2.3,1,1,0,2,0,0,0.0,255,6.1
4,Jack Turner,162969,QB,LA TECH,1,77.5,40,42,8.7,2.54,1,0,0.0,64.3,27,0,12,12.9,46,4,11,208,48.3,80.8,80.6,63.3,0,1,48,0,8.3,82.6,2.2,1,3,0,1,1,0,0.0,292,7.0
4,Nicholas Vattiato,145302,QB,MIDDLE TN,1,82.5,40,41,6.2,2.35,1,1,2.4,73.2,30,0,11,9.1,51,3,16,224,71.6,68.5,63.9,68.3,0,0,53,0,27.3,108.6,5.9,3,7,0,0,2,1,1.9,288,7.0
4,Emory Jones,82111,QB,CINCINNATI,1,67.6,37,41,10.0,2.73,0,0,0.0,53.7,22,0,21,12.0,51,3,13,138,71.6,57.0,56.0,59.6,1,2,53,0,9.5,50.4,3.9,2,8,0,3,0,2,3.8,235,5.7
4,AJ Swann,157186,QB,VANDERBILT,1,52.6,38,40,8.7,2.4,0,1,2.2,40.0,16,0,11,20.0,43,4,9,333,70.4,45.4,42.7,65.1,0,3,49,0,18.2,23.9,4.7,2,1,0,2,0,4,8.2,189,4.7
4,Donovan Smith,73929,QB,HOUSTON,1,80.0,40,40,4.2,2.43,0,0,0.0,77.5,31,0,6,3.1,43,1,16,182,70.3,71.2,71.7,59.4,0,0,47,0,0.0,105.6,0.0,0,3,0,0,1,0,0.0,294,7.4
4,JT Daniels,83578,QB,RICE,1,73.7,38,40,6.6,2.5,1,1,2.5,67.5,27,0,16,3.6,43,1,15,275,69.2,78.3,77.5,,0,0,43,0,18.8,128.3,7.0,3,0,0,1,3,1,2.3,432,10.8
4,Austin Reed,111760,QB,W KENTUCKY,1,64.1,39,40,6.3,2.22,1,2,4.7,60.0,24,0,13,4.0,41,1,11,346,70.1,65.0,63.0,64.9,0,0,44,0,7.7,97.4,2.4,1,0,0,0,2,1,2.3,275,6.9
4,Kyle McCord,145053,QB,OHIO STATE,1,66.7,33,39,10.8,2.92,2,3,7.0,53.8,21,0,17,4.5,42,1,14,260,69.4,67.9,71.0,49.1,1,0,46,1,0.0,72.6,0.0,0,3,1,2,0,1,2.2,240,6.2
4,E.J. Warner,156185,QB,TEMPLE,1,64.9,37,39,7.9,2.31,0,1,2.6,56.4,22,0,14,8.3,41,2,11,306,43.4,58.3,57.7,,1,2,41,0,14.3,61.9,4.9,2,0,0,1,1,2,4.9,240,6.2
4,Joey Aguilar,174978,QB,APP STATE,1,64.7,34,39,9.5,2.59,2,1,2.4,53.8,21,0,13,4.5,44,1,13,108,70.2,54.0,48.4,73.4,1,1,46,1,7.7,57.0,2.3,1,3,0,2,0,2,4.3,194,5.0
4,Dillon Gabriel,86272,QB,OKLAHOMA,1,77.8,36,39,8.1,2.32,1,0,0.0,66.7,26,0,9,7.1,42,2,17,261,24.7,69.7,70.9,58.4,0,0,43,1,11.1,100.6,2.4,1,1,0,2,1,0,0.0,322,8.3
4,Hudson Card,123109,QB,PURDUE,1,63.9,36,38,11.0,3.34,0,0,0.0,55.3,21,0,19,8.7,48,2,16,273,70.7,54.9,44.5,72.7,1,2,49,0,10.5,48.4,4.2,2,8,0,1,0,3,6.1,202,5.3
4,Cade Klubnik,156253,QB,CLEMSON,1,73.5,34,38,5.8,2.38,4,1,2.5,63.2,24,0,21,4.0,45,1,15,140,43.0,61.7,58.9,63.7,0,0,47,0,19.0,92.5,8.9,4,2,0,0,1,2,4.3,265,7.0
4,Rocco Becht,157567,QB,IOWA STATE,1,75.7,37,38,8.2,2.57,0,1,2.6,71.1,27,0,12,3.6,39,1,17,193,70.7,76.0,77.5,56.2,0,0,39,1,0.0,125.8,0.0,0,1,0,1,3,0,0.0,348,9.2
4,Behren Morton,144747,QB,TEXAS TECH,1,50.0,32,37,12.0,2.79,1,1,2.7,35.1,13,0,16,18.8,41,3,7,315,70.8,36.7,36.0,54.6,1,0,41,0,12.5,58.2,4.9,2,2,0,3,1,3,7.3,158,4.3
4,Drew Allar,164157,QB,PENN STATE,1,79.4,34,37,4.2,2.5,0,0,0.0,67.6,25,0,7,7.4,38,2,13,266,71.8,76.6,73.5,67.8,0,0,38,0,0.0,113.1,0.0,0,1,0,3,4,0,0.0,166,4.5
4,Brayden Schager,146078,QB,HAWAII,1,82.9,35,37,7.9,3.2,0,1,2.6,70.3,26,0,19,10.3,47,3,15,180,39.3,79.6,79.2,63.6,0,0,49,0,26.3,97.7,10.6,5,5,0,2,1,1,2.0,249,6.7
4,Jordan Travis,77615,QB,FLORIDA ST,1,59.5,37,37,13.5,2.74,0,4,9.5,56.8,21,0,14,4.5,41,1,12,167,70.2,76.5,74.9,65.1,0,0,46,0,14.3,99.9,4.9,2,2,0,0,2,1,2.2,289,7.8
4,Drew Pyne,122910,QB,ARIZONA ST,1,66.7,33,36,8.5,2.46,1,2,5.4,58.3,21,0,17,4.5,45,1,9,110,69.9,49.8,46.7,55.8,1,1,46,1,47.1,83.2,17.8,8,1,0,1,2,3,6.5,221,6.1
4,Luke Altmyer,146802,QB,ILLINOIS,1,82.4,34,36,8.9,2.57,1,2,5.4,69.4,25,0,15,10.7,42,3,15,187,47.3,79.9,76.9,69.0,0,0,43,0,26.7,104.3,9.5,4,2,0,1,1,0,0.0,303,8.4
4,DJ Irons,145585,QB,AKRON,1,72.7,33,36,9.9,3.05,1,3,7.7,61.1,22,0,22,8.3,43,2,11,102,73.8,69.7,56.9,76.7,1,2,46,0,4.5,52.3,2.3,1,6,1,0,0,2,4.3,194,5.4
4,Billy Wiles,144144,QB,SO MISS,1,78.8,33,36,9.8,3.26,0,1,2.6,55.6,20,0,18,23.1,43,6,10,296,69.4,69.8,71.2,57.6,1,2,45,0,5.6,68.6,2.3,1,6,0,2,2,2,4.4,215,6.0
4,Taulia Tagovailoa,97271,QB,MARYLAND,1,67.6,34,36,8.1,2.55,0,1,2.8,58.3,21,0,12,8.7,37,2,11,215,70.6,60.7,60.1,59.4,0,1,37,0,0.0,92.7,0.0,0,1,0,2,3,2,5.4,223,6.2
4,Jaxson Dart,146409,QB,OLE MISS,1,63.6,33,35,9.7,3.06,0,1,2.7,57.1,20,0,17,4.8,42,1,12,226,40.3,63.5,58.0,70.2,1,1,44,0,29.4,66.7,11.9,5,2,0,1,0,2,4.5,243,6.9
4,Dante Moore,173983,QB,UCLA,1,64.5,31,35,11.6,2.98,1,5,13.5,42.9,15,0,20,25.0,44,5,7,324,23.0,45.5,52.3,34.9,1,1,46,0,35.0,63.3,15.9,7,2,0,2,1,2,4.3,234,6.7
4,Preston Stone,124716,QB,SMU,1,53.1,32,35,15.8,3.48,0,2,5.6,45.7,16,0,13,5.9,42,1,12,287,70.5,53.1,51.7,59.1,0,2,43,0,23.1,47.1,7.1,3,4,0,3,0,4,9.3,258,7.4
4,Gunnar Watson,83570,QB,TROY,1,67.6,34,35,7.5,2.54,1,0,0.0,62.9,22,0,18,4.3,40,1,13,318,25.0,62.5,63.5,61.5,0,0,42,1,27.8,105.5,12.5,5,0,0,0,1,2,4.8,349,10.0
4,Chevan Cordeiro,75886,QB,S JOSE ST,1,70.6,34,35,8.0,2.92,0,2,5.6,68.6,24,0,11,0.0,39,0,11,285,70.3,52.9,51.8,59.5,0,1,40,0,9.1,75.8,2.6,1,3,0,1,0,3,7.5,239,6.8
4,Jordan McCloud,101058,QB,JAMES MAD,1,75.8,33,35,6.5,2.51,1,1,2.9,65.7,23,0,11,8.0,36,2,12,197,39.8,61.3,58.9,63.2,0,2,36,2,0.0,114.5,0.0,0,1,0,1,4,1,2.8,364,10.4
4,Sawyer Robertson,146839,QB,BAYLOR,1,71.9,32,35,7.3,2.78,0,2,5.6,57.1,20,0,16,13.0,44,3,9,118,69.8,52.8,54.7,54.2,1,1,45,0,31.3,62.0,11.4,5,4,0,2,0,1,2.2,203,5.8
4,Cole Snyder,97617,QB,BUFFALO,1,62.1,29,34,9.6,2.84,4,1,2.9,50.0,17,0,12,5.6,37,1,10,126,70.6,43.2,38.8,65.8,0,2,38,0,25.0,53.3,8.1,3,0,0,1,1,2,5.3,198,5.8
4,Cam Ward,133244,QB,WASH STATE,1,87.9,33,34,8.5,2.62,0,2,5.7,82.4,28,0,7,3.4,37,1,18,341,39.7,90.6,89.3,72.4,0,0,38,0,28.6,155.4,5.4,2,1,0,1,4,1,2.6,404,11.9
4,DJ Uiagalelei,122162,QB,OREGON ST,1,61.3,31,34,10.7,2.74,1,1,2.7,50.0,17,0,18,10.5,38,2,10,265,71.5,68.6,57.3,82.2,1,1,41,0,11.1,65.6,5.3,2,2,0,1,1,0,0.0,198,5.8
4,Kyron Drones,144506,QB,VA TECH,1,75.0,28,34,5.9,2.99,1,0,0.0,52.9,18,0,12,14.3,43,3,10,337,40.0,71.3,63.8,72.6,0,0,43,0,33.3,65.2,9.3,4,5,0,5,0,0,0.0,155,4.6
4,Riley Leonard,143862,QB,DUKE,1,71.9,32,34,9.7,2.46,2,1,2.6,67.6,23,0,7,0.0,35,0,15,154,35.8,76.4,70.6,75.8,0,0,39,0,14.3,98.7,2.9,1,0,0,0,1,1,2.6,248,7.3
4,Shedeur Sanders,131396,QB,COLORADO,1,74.2,31,33,9.2,2.66,2,1,2.8,69.7,23,0,16,0.0,43,0,9,143,69.9,57.0,53.4,67.3,0,0,47,0,50.0,90.3,18.6,8,2,0,0,1,2,4.3,159,4.8
4,Tommy Castellanos,158433,QB,BOSTON COL,1,71.0,31,33,12.5,3.02,0,4,11.4,51.5,17,0,21,22.7,40,5,12,121,71.2,88.1,83.2,78.1,0,0,43,1,23.8,108.8,12.5,5,1,0,2,3,0,0.0,265,8.0
4,Bo Nix,97790,QB,OREGON,1,87.9,33,33,4.3,2.27,0,2,5.7,84.8,28,0,4,3.4,37,1,13,264,69.9,75.9,74.7,63.4,0,1,40,0,50.0,119.2,5.4,2,1,0,0,3,1,2.5,276,8.4
4,Chandler Morris,122938,QB,TCU,1,84.4,32,33,7.7,2.77,0,0,0.0,72.7,24,0,19,11.1,36,3,14,305,71.3,76.1,73.0,68.2,0,0,36,0,10.5,126.5,5.6,2,1,0,1,3,1,2.8,265,8.0
4,Ben Finley,122864,QB,CAL,1,63.3,30,32,10.7,2.9,0,2,5.4,53.1,17,0,12,10.5,35,2,10,130,69.5,38.8,38.8,54.9,0,3,40,0,0.0,55.1,0.0,0,3,0,2,2,5,12.5,207,6.5
4,Gavin Hardison,100827,QB,UTEP,1,58.1,31,32,15.6,3.27,0,2,5.4,43.8,14,0,15,22.2,38,4,10,330,71.2,58.4,55.7,63.6,0,3,43,0,26.7,39.2,10.5,4,2,0,1,1,1,2.3,225,7.0
4,Noah Kim,129623,QB,MICH STATE,1,62.5,32,32,10.0,3.02,0,2,5.7,56.3,18,0,14,10.0,35,2,9,223,37.0,55.5,48.6,71.0,0,2,39,0,14.3,58.1,5.7,2,1,0,0,1,5,12.8,190,5.9
4,Caleb Williams,144622,QB,USC,1,71.9,32,32,10.8,3.25,0,2,5.9,65.6,21,0,14,8.7,37,2,14,326,38.9,77.5,75.1,70.4,0,0,39,1,14.3,131.8,5.4,2,3,0,0,3,3,7.7,336,10.5
4,Carson Beck,124010,QB,GEORGIA,1,80.6,31,32,6.8,2.43,0,0,0.0,68.8,22,0,6,12.0,35,3,17,173,69.2,71.8,69.3,65.9,0,0,36,0,16.7,134.6,2.9,1,2,0,1,3,0,0.0,338,10.6
4,Brendon Lewis,131687,QB,NEVADA,1,74.2,31,32,5.4,2.55,0,0,0.0,65.6,21,0,13,8.7,40,2,10,239,71.1,56.1,42.6,74.2,0,1,41,0,7.7,63.5,2.5,1,6,0,1,0,2,4.9,152,4.8
4,Joe Milton III,82151,QB,TENNESSEE,1,65.5,29,31,14.3,2.56,0,1,3.2,58.1,18,0,9,5.3,33,1,12,307,30.4,56.8,46.3,80.0,1,0,33,0,11.1,100.1,3.0,1,1,0,1,2,2,6.1,209,6.7
4,Connor Bazelak,99135,QB,BOWL GREEN,1,60.7,28,31,6.8,2.69,0,0,0.0,51.6,16,0,14,5.9,36,1,6,122,29.9,39.7,38.9,56.5,0,2,38,0,21.4,33.1,8.3,3,2,0,3,0,3,7.9,111,3.6
4,T.J. Finley,124093,QB,TEXAS ST,1,86.7,30,31,7.2,2.69,0,1,3.2,80.6,25,0,6,3.8,34,1,13,314,31.9,63.7,60.9,64.7,0,1,35,0,33.3,114.4,5.9,2,1,0,1,2,2,5.7,295,9.5
4,Jase Bauer,145714,QB,C MICHIGAN,1,73.1,26,31,8.0,3.19,0,1,3.0,61.3,19,0,13,0.0,33,0,8,134,43.1,72.7,63.2,74.0,0,0,35,1,0.0,94.0,0.0,0,2,0,5,1,2,5.7,224,7.2
4,KJ Jefferson,99129,QB,ARKANSAS,1,75.0,28,31,10.8,3.13,1,3,8.6,67.7,21,0,15,0.0,38,0,14,111,25.3,68.8,72.3,58.8,1,2,42,1,26.7,102.8,10.5,4,3,0,1,3,3,7.1,289,9.3
4,Brennan Armstrong,77696,QB,NC STATE,1,55.2,29,31,11.8,2.77,0,1,3.1,48.4,15,0,13,6.3,38,1,9,248,72.1,60.2,54.0,66.9,1,1,39,0,15.4,74.7,5.3,2,5,1,0,2,2,5.1,180,5.8
4,Mitch Griffis,123386,QB,WAKE,1,65.4,26,30,10.7,2.99,3,0,0.0,56.7,17,0,14,0.0,42,0,11,339,43.1,49.0,44.3,62.8,0,2,48,0,64.3,56.4,21.4,9,3,0,1,1,2,4.2,171,5.7
4,Anthony Colandrea,170131,QB,VIRGINIA,1,65.5,29,30,13.9,3.47,0,2,6.1,60.0,18,0,16,5.3,39,1,14,335,71.2,68.8,71.6,59.9,0,2,42,1,18.8,84.2,7.7,3,6,0,1,2,1,2.4,271,9.0
4,Drake Maye,143969,QB,N CAROLINA,1,82.8,29,30,9.1,2.65,0,2,6.3,73.3,22,0,12,8.3,38,2,17,245,71.1,83.1,76.0,77.4,1,0,40,0,41.7,115.4,13.2,5,3,0,0,1,0,0.0,296,9.9
4,Mikey Keene,70961,QB,FRESNO ST,1,82.8,29,30,8.0,2.24,0,2,6.1,80.0,24,0,3,0.0,30,0,16,169,68.5,81.7,81.7,,0,0,33,0,0.0,145.0,0.0,0,0,0,1,3,0,0.0,324,10.8
4,Zeon Chriss-Gremillion,156733,QB,LA LAFAYET,1,78.6,28,29,8.2,2.5,1,0,0.0,75.9,22,0,11,0.0,36,0,14,207,71.7,61.8,56.4,66.3,0,2,37,0,18.2,83.8,5.6,2,5,0,0,1,1,2.7,249,8.6
4,Byrum Brown,156206,QB,USF,1,75.9,29,29,14.6,2.71,0,3,8.8,75.9,22,0,8,0.0,34,0,16,327,44.3,80.2,71.3,73.7,0,0,39,1,37.5,140.4,8.8,3,2,0,0,2,1,2.6,433,14.9
4,Devin Leary,77628,QB,KENTUCKY,1,72.0,25,29,12.5,2.42,2,3,9.4,51.7,15,0,9,16.7,31,3,10,202,31.2,71.4,68.7,66.2,1,2,34,0,11.1,57.4,3.2,1,1,0,1,1,3,8.8,205,7.1
4,Jayden Daniels,97993,QB,LSU,1,75.9,29,29,11.8,2.87,0,2,6.9,69.0,20,0,9,9.1,37,2,14,211,69.7,80.5,81.1,63.1,0,1,37,0,22.2,130.7,5.4,2,6,0,0,4,1,2.7,320,11.0
4,Tanner Mordecai,77656,QB,WISCONSIN,1,76.9,26,28,9.6,3.19,1,2,7.1,60.7,17,0,9,15.0,33,3,9,349,73.2,79.5,84.2,56.0,0,1,33,2,0.0,63.7,0.0,0,5,0,1,0,0,0.0,174,6.2
4,Ta'Quan Roberson,101625,QB,UCONN,1,61.5,26,28,9.2,2.32,0,0,0.0,46.4,13,0,7,18.8,30,3,5,146,69.3,69.8,66.0,67.9,0,0,30,0,28.6,57.7,6.7,2,0,0,2,0,0,0.0,114,4.1
4,Tayven Jackson,157615,QB,INDIANA,1,60.0,25,27,18.0,2.98,0,2,6.9,40.7,11,0,14,26.7,29,4,11,190,69.8,56.4,56.0,57.9,0,1,31,1,14.3,62.3,6.9,2,0,0,2,1,3,9.7,190,7.0
4,Ashton Daniels,157259,QB,STANFORD,1,68.0,25,27,13.2,3.14,0,1,3.3,55.6,15,0,15,11.8,33,2,8,300,29.9,65.1,65.2,59.1,0,0,36,1,26.7,77.9,12.1,4,2,0,2,0,3,8.3,191,7.1
4,Cam Fancher,145266,QB,MARSHALL,1,63.0,27,27,9.2,2.61,0,2,6.5,59.3,16,0,8,5.9,32,1,9,214,70.9,49.7,42.8,66.2,0,2,36,0,25.0,58.6,6.3,2,3,0,0,1,3,8.3,166,6.1
4,Devin Grainger,78496,QB,GA STATE,1,72.0,25,27,8.8,2.87,0,0,0.0,55.6,15,0,12,16.7,30,3,12,175,23.6,62.6,72.6,52.4,0,0,33,2,8.3,90.2,3.3,1,2,1,1,1,1,3.0,191,7.1
4,Jayden Maiava,158135,QB,UNLV,1,63.0,27,27,9.2,2.2,0,0,0.0,55.6,15,0,8,11.8,27,2,9,325,71.1,58.9,58.4,57.9,0,1,29,0,0.0,62.3,0.0,0,0,0,0,0,2,6.9,190,7.0
4,Haynes King,124329,QB,GA TECH,1,63.0,27,27,13.2,2.33,0,2,7.1,59.3,16,0,6,5.9,31,1,10,176,70.3,69.1,67.5,60.8,0,1,32,0,0.0,95.0,0.0,0,3,0,0,2,1,3.1,222,8.2
4,Carter Bradley,77685,QB,S ALABAMA,1,72.0,25,27,11.6,2.79,1,0,0.0,63.0,17,0,11,5.6,31,1,12,288,68.3,71.6,66.8,70.5,0,0,31,0,18.2,118.4,6.5,2,2,0,1,2,1,3.2,254,9.4
4,Garrett Shrader,98212,QB,SYRACUSE,1,80.8,26,26,10.3,2.85,0,0,0.0,80.8,21,0,6,0.0,33,0,15,304,70.8,55.1,49.3,65.1,0,1,33,0,33.3,102.7,6.1,2,5,0,0,1,2,6.1,245,9.4
4,Jayden de Laura,131928,QB,ARIZONA,1,68.2,22,26,11.4,3.69,0,1,3.8,53.8,14,0,9,6.7,29,1,7,109,69.2,54.9,54.7,62.5,0,0,29,1,22.2,84.9,6.9,2,1,0,4,1,1,3.4,157,6.0
4,Michael Penix Jr.,82134,QB,WASHINGTON,1,79.2,24,25,14.0,3.22,0,4,15.4,76.0,19,0,7,0.0,26,0,14,340,68.5,93.4,93.6,60.2,0,1,27,0,0.0,139.0,0.0,0,1,0,1,4,1,3.7,304,12.2
4,Sam Hartman,77618,QB,NOTRE DAME,1,77.3,22,25,8.2,2.84,2,1,3.8,68.0,17,1,8,0.0,26,0,12,258,70.1,65.6,67.5,55.1,1,0,27,1,0.0,101.3,0.0,0,1,0,0,1,1,3.7,175,7.0
4,Brady Cook,124199,QB,MISSOURI,1,79.2,24,25,8.6,2.6,0,2,7.7,72.0,18,0,7,5.3,28,1,11,229,69.7,82.3,78.8,69.9,0,0,29,0,28.6,140.8,7.1,2,1,0,1,2,0,0.0,341,13.6
4,Tyler Van Dyke,122225,QB,MIAMI FL,1,79.2,24,24,6.3,1.84,0,1,4.0,70.8,17,0,2,10.5,24,2,11,220,68.9,75.2,75.1,60.2,0,0,25,0,0.0,138.9,0.0,0,0,0,0,3,0,0.0,220,9.2
4,Graham Mertz,97994,QB,FLORIDA,1,100.0,22,24,6.9,3.08,0,1,3.8,87.5,21,0,9,4.5,30,1,12,163,70.3,87.0,90.3,58.5,1,0,32,0,33.3,130.4,10.0,3,3,0,1,1,0,0.0,287,12.0
4,Kadin Semonza,174001,QB,BALL ST,1,55.0,20,24,7.9,2.72,1,0,0.0,45.8,11,0,11,0.0,30,0,6,117,68.1,38.6,40.9,50.9,3,2,30,0,27.3,26.9,10.0,3,3,0,0,0,1,3.3,123,5.1
4,Timmy McClain,144488,QB,UCF,1,66.7,21,24,9.4,4.1,0,2,7.4,58.3,14,0,14,0.0,31,0,11,323,71.3,58.8,58.2,62.7,0,1,34,3,28.6,118.8,12.9,4,3,0,3,3,2,5.9,264,11.0
4,Ethan Hampton,145858,QB,N ILLINOIS,1,71.4,21,23,6.0,2.62,0,0,0.0,56.5,13,0,9,13.3,26,2,7,254,27.6,49.4,45.4,61.1,2,2,26,0,0.0,45.0,0.0,0,3,0,0,1,3,11.5,97,4.2
4,Michael Pratt,123229,QB,TULANE,1,82.6,23,23,7.9,2.74,0,1,4.2,78.3,18,0,11,5.3,31,1,11,319,69.0,65.9,63.8,63.4,0,1,33,0,18.2,112.0,6.5,2,6,0,0,2,1,3.0,190,8.3
4,Quinn Ewers,127253,QB,TEXAS,1,81.8,22,23,6.0,2.33,1,1,4.0,78.3,18,0,6,0.0,28,0,15,311,68.2,75.6,72.9,68.9,0,0,30,0,50.0,133.2,10.7,3,2,0,0,1,0,0.0,293,12.7
4,Treyson Bourguet,158154,QB,W MICHIGAN,1,57.1,21,22,10.4,2.88,0,2,8.3,54.5,12,0,10,0.0,30,0,6,347,32.0,48.9,48.9,53.7,0,1,32,0,40.0,58.9,13.3,4,4,0,1,0,3,9.4,160,7.3
4,Jalen Mayden,83520,QB,S DIEGO ST,1,85.0,20,22,8.2,3.83,0,0,0.0,72.7,16,0,12,5.9,31,1,13,284,21.9,76.1,89.6,54.2,0,0,31,0,16.7,123.5,6.5,2,7,0,2,1,1,3.2,241,11.0
4,Grant Gunnell,98367,QB,SM HOUSTON,1,80.0,20,22,5.3,2.52,1,1,4.0,63.6,14,0,8,12.5,25,2,3,281,68.6,60.6,61.8,60.5,0,1,28,1,25.0,55.1,8.0,2,1,0,1,0,2,7.1,100,4.5
4,Taylen Green,145996,QB,BOISE ST,1,57.1,21,22,9.8,2.54,0,1,4.3,54.5,12,0,8,0.0,24,0,7,120,72.9,63.4,55.2,68.5,1,0,25,1,12.5,93.4,4.2,1,1,0,0,1,0,0.0,162,7.4
4,Jack Plummer,83543,QB,LOUISVILLE,1,94.7,19,21,11.6,2.9,0,5,21.7,85.7,18,0,6,0.0,26,0,14,210,25.1,93.4,92.5,74.7,0,0,28,0,50.0,158.3,11.5,3,2,0,2,5,1,3.6,388,18.5
4,Kaidon Salter,132046,QB,LIBERTY,1,57.9,19,21,18.0,3.36,0,0,0.0,52.4,11,0,4,0.0,23,0,7,206,32.1,67.6,63.4,65.7,0,1,25,0,0.0,88.6,0.0,0,2,0,2,2,2,8.0,156,7.4
4,J.J. McCarthy,144918,QB,MICHIGAN,1,71.4,21,21,9.1,2.78,0,1,4.8,71.4,15,0,6,0.0,25,0,11,222,69.5,72.2,64.1,73.2,0,0,26,0,33.3,119.9,8.0,2,2,0,0,1,0,0.0,214,10.2
4,Eddie Lee Marburger,145511,QB,UTSA,1,63.2,19,21,5.6,2.39,0,0,0.0,57.1,12,0,11,0.0,22,0,3,331,68.7,41.9,41.3,57.5,0,1,22,0,9.1,42.4,4.5,1,0,0,2,0,1,4.5,61,2.9
4,Jalen Milroe,146590,QB,ALABAMA,1,85.0,20,21,11.1,3.39,0,3,13.0,81.0,17,0,10,0.0,29,0,10,103,72.7,88.3,82.9,74.2,0,1,31,0,40.0,107.3,13.8,4,4,0,1,1,1,3.2,225,10.7
4,Bryson Daily,147303,QB,ARMY,1,47.4,19,21,14.4,2.71,1,1,4.2,42.9,9,0,10,0.0,27,0,4,114,42.1,31.9,28.5,55.6,1,2,30,0,30.0,43.3,11.1,3,3,0,0,1,3,10.0,147,7.0
4,Gavin Wimsatt,155757,QB,RUTGERS,1,60.0,20,21,9.1,2.75,0,0,0.0,52.4,11,0,6,8.3,23,1,6,278,70.4,65.8,65.5,60.5,0,1,24,0,0.0,77.5,0.0,0,2,0,1,1,0,0.0,180,8.6
4,Nicco Marchiol,157363,QB,W VIRGINIA,1,66.7,21,21,10.2,2.72,0,0,0.0,57.1,12,0,7,14.3,25,2,4,343,73.3,56.8,48.2,66.8,0,2,30,0,14.3,41.5,4.0,1,3,0,0,1,1,3.3,78,3.7
4,Keyone Jenkins,170403,QB,FIU,1,57.9,19,21,10.4,3.51,0,1,4.3,42.9,9,0,13,18.2,28,2,6,166,29.4,55.9,47.0,72.4,0,1,30,0,30.8,44.3,14.3,4,3,0,2,0,2,6.7,133,6.3
4,Jaylen Raynor,172203,QB,ARK STATE,1,73.7,19,21,18.7,3.03,1,6,28.6,52.4,11,0,14,21.4,28,3,10,113,73.0,90.1,84.8,75.0,0,1,28,0,28.6,111.7,14.3,4,3,0,1,3,1,3.6,233,11.1
4,Carlos Davis,139131,QB,UMASS,1,55.0,20,20,16.9,2.65,0,3,14.3,55.0,11,0,5,0.0,23,0,8,216,69.4,64.1,56.9,69.7,0,0,24,0,0.0,105.4,0.0,0,3,0,0,1,1,4.2,196,9.8
4,Jack Shields,156830,QB,DOMINION,1,82.4,17,20,13.2,3.08,1,2,8.3,70.0,14,0,14,0.0,30,0,10,263,32.1,64.4,70.9,48.7,2,0,34,0,42.9,129.2,20.0,6,4,0,0,1,1,2.9,258,12.9
4,Cardell Williams,156190,QB,TULSA,1,61.1,18,20,10.4,2.93,0,1,4.8,40.0,8,0,9,27.3,24,3,7,320,70.5,45.7,36.0,70.5,2,2,25,0,33.3,17.1,12.5,3,0,0,0,0,4,16.0,102,5.1
4,Owen McCown,157688,QB,UTSA,1,90.0,20,20,3.4,2.25,0,0,0.0,90.0,18,0,9,0.0,24,0,11,331,27.0,56.3,52.5,63.7,0,1,24,0,22.2,114.6,8.3,2,2,0,0,2,2,8.3,170,8.5
4,Spencer Rattler,97408,QB,S CAROLINA,1,95.0,20,20,6.0,2.94,0,1,5.0,90.0,18,0,10,5.3,27,1,10,289,70.1,90.2,84.8,76.4,0,0,28,0,40.0,158.3,14.8,4,3,0,0,3,0,0.0,288,14.4
4,Jalon Daniels,122555,QB,KANSAS,1,78.9,19,19,9.1,3.44,0,1,5.0,73.7,14,0,5,6.7,23,1,11,198,70.9,80.5,73.0,74.1,0,0,24,0,20.0,131.6,4.3,1,3,0,0,3,1,4.2,130,6.8
4,Alex Flinn,123797,QB,E CAROLINA,1,68.8,16,19,9.2,2.8,0,1,5.3,42.1,8,0,9,27.3,23,3,6,156,68.1,60.0,61.4,55.8,1,0,23,1,22.2,75.3,8.7,2,2,0,2,1,0,0.0,94,4.9
4,Athan Kaliakmanis,144971,QB,MINNESOTA,1,88.2,17,19,9.4,3.24,1,0,0.0,73.7,14,0,7,6.7,22,1,8,225,69.4,76.9,71.9,70.1,0,0,24,0,0.0,132.1,0.0,0,3,0,1,2,0,0.0,153,8.1
4,Logan Smothers,129713,QB,JVILLE ST,1,61.1,18,19,9.8,2.46,0,0,0.0,47.4,9,0,7,18.2,20,2,6,196,76.3,65.3,57.6,66.0,0,0,20,0,0.0,79.5,0.0,0,1,0,1,1,1,5.0,93,4.9
4,Brett Gabbert,97404,QB,MIAMI OH,1,89.5,19,19,12.7,2.18,0,3,14.3,78.9,15,0,2,11.8,21,2,10,221,67.6,91.3,92.0,59.1,0,0,24,0,0.0,141.7,0.0,0,2,0,0,2,0,0.0,182,9.6
4,Christian Veilleux,145086,QB,PITTSBURGH,1,47.1,17,18,15.2,2.47,0,0,0.0,38.9,7,0,7,12.5,20,1,4,268,67.8,33.2,39.0,50.3,1,2,20,1,14.3,14.6,5.0,1,1,0,0,0,2,10.0,85,4.7
4,RJ Martinez,147690,QB,BAYLOR,1,66.7,15,18,9.1,2.82,1,0,0.0,50.0,9,0,4,10.0,21,1,6,118,67.2,47.2,46.5,58.5,0,0,21,0,0.0,67.4,0.0,0,3,0,2,0,1,4.8,102,5.7
4,Ike Udengwu III,175061,QB,E MICHIGAN,1,47.1,17,18,6.9,2.47,1,0,0.0,38.9,7,0,4,12.5,19,1,1,160,67.8,27.9,27.6,60.0,0,2,20,0,25.0,7.4,5.3,1,0,0,0,0,3,15.0,42,2.3
4,Heinrich Haarberg,144993,QB,NEBRASKA,1,52.9,17,17,12.9,3.11,0,0,0.0,47.1,8,0,9,11.1,21,1,5,238,39.7,66.3,56.8,69.5,0,0,22,0,44.4,87.1,19.0,4,0,0,0,1,1,4.5,107,6.3
4,Nate Johnson,158489,QB,UTAH,1,68.8,16,17,7.0,2.89,0,0,0.0,52.9,9,0,9,18.2,24,2,9,328,15.0,59.0,61.3,56.0,0,0,24,0,44.4,94.5,16.7,4,3,0,1,1,1,4.2,117,6.9
4,Jalon Jones,104762,QB,CHARLOTTE,1,78.6,14,16,6.6,3.09,0,1,5.9,68.8,11,0,13,0.0,24,0,5,136,32.7,62.7,69.1,56.2,0,0,25,1,23.1,88.3,12.5,3,4,0,2,0,0,0.0,111,6.9
4,Kurtis Rourke,97998,QB,OHIO,1,93.8,16,16,8.8,2.43,0,2,11.8,87.5,14,0,4,6.7,18,1,8,259,69.0,73.0,74.6,63.4,0,0,19,1,25.0,157.3,5.6,1,1,0,0,3,1,5.3,196,12.3
4,Dylan Hopkins,83571,QB,NEW MEXICO,1,68.8,16,16,15.8,2.77,0,3,16.7,56.3,9,0,6,18.2,19,2,7,241,70.3,82.1,79.5,68.2,0,0,21,0,50.0,119.8,15.8,3,0,0,0,1,1,4.8,192,12.0
4,Eli Gainey,121415,QB,W GEORGIA,1,33.3,15,15,13.1,2.38,0,0,0.0,33.3,5,0,3,0.0,16,0,4,1177,66.7,36.0,39.1,,0,1,17,1,33.3,14.6,6.3,1,0,0,0,0,1,5.9,44,2.9
4,Diego Pavia,156927,QB,NEW MEX ST,1,83.3,12,15,7.4,3.2,2,1,6.3,60.0,9,0,7,10.0,22,1,7,242,71.3,86.2,74.4,78.0,0,0,23,0,14.3,134.7,4.5,1,5,0,1,2,1,4.3,155,10.3
4,Cameran Brown,184894,QB,W GEORGIA,1,66.7,12,15,8.6,3.11,0,0,0.0,40.0,6,0,13,25.0,22,2,2,1177,27.3,27.8,25.8,57.8,1,1,25,1,15.4,20.1,9.1,2,5,0,2,0,3,12.0,35,2.3
4,Andrew Peasley,83581,QB,WYOMING,1,61.5,13,15,9.8,3.35,0,0,0.0,33.3,5,0,9,37.5,20,3,2,351,68.6,45.6,37.2,66.7,0,1,21,0,33.3,14.6,15.0,3,2,0,2,0,0,0.0,31,2.1
4,Michael Alaimo,129802,QB,KENT STATE,1,66.7,12,15,12.4,2.94,1,1,6.7,53.3,8,0,7,0.0,17,0,4,201,67.5,80.4,86.3,55.5,0,0,17,0,14.3,74.9,5.9,1,1,0,2,0,0,0.0,102,6.8
4,Phil Jurkovec,83533,QB,PITTSBURGH,1,85.7,14,15,5.6,2.45,0,0,0.0,73.3,11,0,5,8.3,17,1,7,268,69.5,81.7,77.7,69.2,0,0,17,0,20.0,93.5,5.9,1,0,0,1,0,0,0.0,109,7.3
4,Conner Weigman,158683,QB,TEXAS A&M,1,61.5,13,14,5.8,2.21,1,0,0.0,57.1,8,0,5,0.0,16,0,2,312,66.7,54.6,53.8,,0,0,17,0,20.0,70.5,6.3,1,0,0,0,0,0,0.0,70,5.0
4,Dequan Finn,97804,QB,TOLEDO,1,69.2,13,14,13.1,3.48,0,1,7.1,57.1,8,0,4,11.1,16,1,7,316,70.1,66.0,64.6,62.2,0,2,16,0,0.0,86.0,0.0,0,2,0,1,2,3,18.8,122,8.7
4,Cade McNamara,101620,QB,IOWA,1,54.5,11,14,3.6,2.79,0,0,0.0,35.7,5,0,8,16.7,17,1,2,192,23.2,39.7,45.8,48.9,2,0,17,0,25.0,44.3,11.8,2,1,0,1,0,1,5.9,42,3.0
4,Sam Jackson V,144682,QB,CAL,1,83.3,12,14,11.5,2.69,0,1,7.1,71.4,10,0,6,0.0,14,0,9,130,67.1,91.0,90.3,61.6,0,0,14,0,0.0,131.8,0.0,0,0,0,2,1,0,0.0,156,11.1
4,Payton Thorne,101629,QB,AUBURN,1,50.0,12,12,5.4,3.11,0,0,0.0,50.0,6,0,7,0.0,19,0,4,115,69.6,50.7,50.3,60.6,0,0,19,1,85.7,59.0,31.6,6,1,0,0,0,0,0.0,44,3.7
4,Mason Garcia,123811,QB,E CAROLINA,1,83.3,12,12,1.8,2.12,0,0,0.0,75.0,9,0,2,10.0,13,1,5,156,70.0,75.1,74.7,63.8,0,0,13,0,50.0,95.5,7.7,1,0,0,0,0,0,0.0,89,7.4
4,Ben Whitlock,186579,QB,W GEORGIA,1,72.7,11,11,10.5,2.15,0,3,27.3,54.5,6,0,2,25.0,11,2,5,1177,65.6,92.4,92.1,,0,0,11,0,0.0,122.9,0.0,0,0,0,0,1,0,0.0,119,10.8
4,Austin Smith,145763,QB,E MICHIGAN,1,54.5,11,11,12.9,3.78,0,0,0.0,54.5,6,0,15,0.0,21,0,3,160,68.6,38.9,38.4,53.0,0,1,21,0,33.3,29.7,23.8,5,5,0,0,0,1,4.8,53,4.8
4,Max Johnson,124099,QB,TEXAS A&M,1,80.0,10,11,9.1,3.01,0,1,7.7,63.6,7,0,6,12.5,15,1,7,312,67.5,89.9,90.0,65.3,0,0,17,0,16.7,141.3,6.7,1,3,0,1,2,0,0.0,123,11.2
4,Grant Wilson,143041,QB,DOMINION,1,54.5,11,11,12.3,2.37,0,1,9.1,45.5,5,0,6,16.7,13,1,2,263,67.8,37.9,33.6,63.1,0,3,13,0,33.3,26.9,15.4,2,0,0,0,0,2,15.4,70,6.4
4,Katin Houser,158386,QB,MICH STATE,1,70.0,10,10,7.6,2.52,0,0,0.0,60.0,6,0,2,14.3,11,1,3,223,65.8,44.0,44.1,,0,1,12,0,50.0,43.8,9.1,1,0,0,0,0,1,8.3,75,7.5
4,Tucker Gleason,122475,QB,TOLEDO,1,60.0,10,10,17.4,3.24,0,0,0.0,60.0,6,0,3,0.0,10,0,6,316,69.2,71.9,75.0,57.5,0,0,11,0,0.0,137.1,0.0,0,0,0,0,2,0,0.0,109,10.9
4,AJ Padgett,163006,QB,RICE,1,77.8,9,10,4.9,3.05,0,1,7.7,70.0,7,0,3,0.0,13,0,4,275,66.5,54.5,55.3,59.5,0,0,16,0,33.3,118.3,7.7,1,2,0,1,1,1,6.3,59,5.9
4,Trexler Ivey,122184,QB,CHARLOTTE,1,42.9,7,9,5.7,2.93,1,0,0.0,33.3,3,0,4,0.0,10,0,1,136,65.4,43.6,43.3,,1,0,10,0,25.0,42.4,10.0,1,0,0,0,0,0,0.0,22,2.4
4,Emmett Morehead,143834,QB,BOSTON COL,1,57.1,7,8,9.1,2.4,1,0,0.0,50.0,4,0,3,0.0,9,0,2,121,65.1,46.9,41.5,63.2,0,0,9,0,0.0,59.4,0.0,0,1,0,0,0,1,11.1,30,3.8
4,Dylan Morris,100570,QB,WASHINGTON,1,57.1,7,7,11.0,2.74,0,0,0.0,57.1,4,0,2,0.0,8,0,2,340,64.9,65.7,65.0,,0,0,8,0,50.0,100.3,12.5,1,0,0,0,0,0,0.0,85,12.1
4,Holden Geriner,157045,QB,AUBURN,1,57.1,7,7,13.9,2.55,0,1,14.3,28.6,2,0,2,50.0,8,2,1,115,64.9,76.8,76.3,,0,0,8,0,50.0,39.6,12.5,1,0,0,0,0,0,0.0,8,1.1
4,Ken Seals,124359,QB,VANDERBILT,1,57.1,7,7,12.3,2.61,0,0,0.0,57.1,4,0,4,0.0,7,0,2,333,64.6,57.0,56.7,,0,0,7,0,0.0,114.3,0.0,0,0,0,0,1,0,0.0,42,6.0
4,Jeff Undercuffler,78501,QB,AKRON,1,66.7,6,7,3.7,2.69,1,0,0.0,57.1,4,0,2,0.0,8,0,1,102,65.1,49.8,49.2,,0,1,9,0,50.0,22.6,12.5,1,0,0,0,0,0,0.0,17,2.4
4,Justin Lamson,144052,QB,STANFORD,1,66.7,6,6,10.8,2.88,0,1,14.3,66.7,4,0,1,0.0,8,0,4,300,73.0,81.7,65.8,76.3,0,0,9,0,100.0,91.0,12.5,1,1,0,0,0,0,0.0,48,8.0
4,Rocky Lombardi,60452,QB,N ILLINOIS,1,80.0,5,6,6.2,2.46,0,0,0.0,66.7,4,0,2,0.0,7,0,1,254,13.4,36.7,34.7,58.9,0,0,7,0,50.0,79.2,14.3,1,0,0,1,0,1,14.3,31,5.2
4,Kai Horton,144418,QB,TULANE,1,66.7,6,6,12.3,2.49,0,0,0.0,66.7,4,0,1,0.0,7,0,3,319,64.6,52.9,55.5,57.3,0,1,7,0,0.0,65.3,0.0,0,1,0,0,0,1,14.3,68,11.3
4,Tyler Shough,83537,QB,TEXAS TECH,1,40.0,5,6,9.0,3.16,0,0,0.0,33.3,2,0,3,0.0,8,0,1,315,67.2,44.7,51.7,51.0,1,0,8,0,0.0,42.4,0.0,0,2,0,0,0,0,0.0,3,0.5
4,Kiael Kelly,145634,QB,BALL ST,1,60.0,5,5,7.6,2.61,0,0,0.0,60.0,3,0,3,0.0,8,0,2,117,23.3,53.5,64.9,45.2,0,0,9,0,66.7,82.9,25.0,2,1,0,0,0,0,0.0,37,7.4
4,Brock Vandagriff,146713,QB,GEORGIA,1,100.0,4,5,1.5,1.96,1,0,0.0,80.0,4,0,2,0.0,5,0,1,173,65.5,75.4,61.5,68.2,0,0,5,0,0.0,97.5,0.0,0,0,0,0,0,0,0.0,37,7.4
4,Ahmad Haston,173396,QB,UMASS,1,100.0,5,5,9.8,4.08,0,0,0.0,100.0,5,0,3,0.0,9,0,2,216,24.3,52.0,65.4,49.4,0,0,10,0,33.3,158.3,11.1,1,3,0,0,1,0,0.0,102,20.4
4,Robby Ashford,131702,QB,AUBURN,1,25.0,4,4,24.8,3.94,0,0,0.0,25.0,1,0,3,0.0,7,0,1,115,69.8,47.2,37.9,61.1,0,0,8,0,33.3,39.6,14.3,1,2,0,0,0,0,0.0,4,1.0
4,Noah Fifita,158722,QB,ARIZONA,1,100.0,4,4,6.8,2.58,0,0,0.0,100.0,4,0,2,0.0,5,0,3,109,67.9,75.1,79.1,60.0,0,0,5,0,0.0,115.6,0.0,0,1,0,0,0,0,0.0,47,11.8
4,Parker Navarro,123758,QB,OHIO,1,100.0,3,3,2.7,2.7,0,0,0.0,66.7,2,0,0,33.3,3,1,0,259,66.4,73.4,73.6,61.9,0,0,3,0,,70.1,0.0,0,0,0,0,0,0,0.0,5,1.7
4,Jack Salopek,130662,QB,W MICHIGAN,1,100.0,2,3,10.5,3.33,0,1,33.3,33.3,1,0,2,50.0,3,1,0,347,62.7,84.2,83.6,,0,0,3,0,0.0,42.4,0.0,0,0,0,1,0,0,0.0,3,1.0
4,Beau Pribula,164182,QB,PENN STATE,1,100.0,3,3,-1.3,1.67,0,0,0.0,33.3,1,0,0,66.7,3,2,1,266,71.7,79.1,63.9,72.1,0,0,3,0,,52.1,0.0,0,0,0,0,0,0,0.0,16,5.3
4,Cam Skattebo,147787,HB,ARIZONA ST,1,66.7,3,3,9.3,2.33,0,0,0.0,66.7,2,0,1,0.0,3,0,2,110,40.3,76.1,64.4,75.0,0,0,3,0,0.0,109.7,0.0,0,0,0,0,0,0,0.0,42,14.0
4,Quincy Patterson II,77626,QB,TEMPLE,1,33.3,3,3,10.3,3.4,0,0,0.0,33.3,1,0,3,0.0,4,0,1,306,63.3,59.4,59.0,,0,0,4,0,33.3,68.8,25.0,1,0,0,0,0,0,0.0,28,9.3
4,Grayson James,145214,QB,FIU,1,66.7,3,3,18.0,2.8,0,0,0.0,66.7,2,0,3,0.0,7,0,2,166,64.6,46.3,39.6,62.6,0,0,7,0,66.7,77.1,28.6,2,2,0,0,0,0,0.0,14,4.7
4,Gunner Stockton,157072,QB,GEORGIA,1,66.7,3,3,8.7,2.33,0,0,0.0,66.7,2,0,1,0.0,3,0,1,173,64.8,36.1,35.0,58.3,0,1,3,0,0.0,44.4,0.0,0,0,0,0,0,1,33.3,19,6.3
4,Ui Ale,173036,QB,HOUSTON,1,50.0,2,2,17.5,3.2,0,0,0.0,50.0,1,0,1,0.0,3,0,2,182,64.8,61.2,55.9,63.1,0,0,3,0,0.0,135.4,0.0,0,1,0,0,1,1,33.3,58,29.0
4,Logan Fife,128176,QB,FRESNO ST,1,100.0,2,2,5.0,3.05,0,0,0.0,50.0,1,0,0,50.0,4,1,2,169,69.7,64.2,61.4,62.0,0,0,5,0,,70.8,0.0,0,2,0,0,0,0,0.0,13,6.5
4,Nico Iamaleava,174728,QB,TENNESSEE,1,50.0,2,2,6.0,3.23,0,0,0.0,0.0,0,0,2,100.0,3,1,0,307,62.7,53.4,52.9,,0,0,3,0,50.0,39.6,33.3,1,0,0,0,0,0,0.0,0,0.0
4,Deacon Hill,145170,QB,IOWA,1,50.0,2,2,4.0,2.23,0,0,0.0,50.0,1,0,3,0.0,3,0,1,192,61.8,63.8,63.1,,0,0,3,0,33.3,72.9,33.3,1,0,0,0,0,0,0.0,14,7.0
4,Ty Thompson,146568,QB,OREGON,1,100.0,2,2,-3.0,3.73,0,0,0.0,100.0,2,0,1,0.0,3,0,1,264,66.4,80.0,62.7,72.5,0,0,3,0,0.0,79.2,0.0,0,1,0,0,0,0,0.0,6,3.0
4,Zac Larrier,104193,QB,AIR FORCE,1,100.0,2,2,11.5,2.17,0,1,50.0,100.0,2,0,1,0.0,3,0,2,101,72.8,71.7,84.0,59.7,0,0,4,0,0.0,118.8,0.0,0,1,0,0,0,0,0.0,28,14.0
4,Sam Leavitt,175465,QB,MICH STATE,1,100.0,2,2,4.0,3.6,0,0,0.0,100.0,2,0,0,0.0,3,0,1,223,64.8,68.5,62.7,64.0,0,0,3,0,,85.4,0.0,0,1,0,0,0,0,0.0,9,4.5
4,JC French IV,162521,QB,GA SOUTHRN,1,100.0,2,2,5.0,2.1,0,0,0.0,100.0,2,0,0,0.0,3,0,2,174,63.3,77.0,59.8,69.3,0,0,4,0,,106.3,0.0,0,1,0,0,0,0,0.0,19,9.5
4,Raheim Jeter,169901,QB,E CAROLINA,1,50.0,2,2,3.5,2.1,0,0,0.0,50.0,1,0,0,0.0,2,0,0,156,67.6,56.7,62.9,55.8,0,0,2,0,,56.3,0.0,0,0,0,0,0,0,0.0,1,0.5
4,Aveon Smith,130529,QB,MIAMI OH,1,0.0,2,2,23.5,2.67,0,0,0.0,0.0,0,0,0,,3,0,1,221,62.7,71.8,52.6,69.0,0,0,3,0,,39.6,0.0,0,1,0,0,0,0,0.0,0,0.0
4,Traylon Ray,176206,WR,W VIRGINIA,1,100.0,1,1,14.0,3.0,0,0,0.0,100.0,1,0,0,0.0,1,0,1,343,60.3,60.0,72.6,,0,0,1,0,,118.8,0.0,0,0,0,0,0,0,0.0,21,21.0
4,Martin Blake,158778,HB,S DIEGO ST,1,100.0,1,1,26.0,3.1,0,0,0.0,100.0,1,0,0,0.0,1,0,1,284,64.8,59.6,76.2,59.6,0,0,1,0,,118.8,0.0,0,0,0,0,0,0,0.0,32,32.0
4,Will Pauling,144234,WR,WISCONSIN,1,100.0,1,1,11.0,5.5,0,0,0.0,100.0,1,0,1,0.0,1,0,1,349,65.0,65.0,85.0,,0,0,2,0,0.0,118.8,0.0,0,0,0,0,0,0,0.0,19,19.0
4,Jack Lausch,162845,QB,NWESTERN,1,100.0,1,1,1.0,2.6,0,0,0.0,100.0,1,0,0,0.0,1,0,0,256,16.3,61.2,60.4,78.1,0,0,1,0,,83.3,0.0,0,0,0,0,0,0,0.0,4,4.0
4,Maalik Murphy,157302,QB,TEXAS,1,0.0,1,1,5.0,2.2,0,0,0.0,0.0,0,0,0,,1,0,0,311,60.3,45.8,45.9,,0,0,1,0,,39.6,0.0,0,0,0,0,0,0,0.0,0,0.0
4,RJ Harvey,99622,HB,UCF,1,0.0,1,1,1.0,2.8,0,0,0.0,0.0,0,0,0,,1,0,0,323,27.2,59.7,57.7,54.9,0,0,1,0,,39.6,0.0,0,0,0,0,0,0,0.0,0,0.0
4,Noah Smith,104112,WR,SM HOUSTON,1,100.0,1,1,25.0,3.1,0,0,0.0,100.0,1,0,1,0.0,1,0,1,281,67.3,49.8,58.4,62.3,0,0,1,0,0.0,118.8,0.0,0,0,0,0,0,0,0.0,26,26.0
4,C.J. Ogbonna,149182,QB,BUFFALO,1,100.0,1,1,-4.0,1.2,0,0,0.0,100.0,1,0,0,0.0,1,0,0,126,73.0,79.0,60.6,71.8,0,0,1,0,,79.2,0.0,0,0,0,0,0,0,0.0,-3,-3.0
4,Stephen Kotsanlee,128385,P,UTAH ST,1,100.0,1,1,-7.0,1.35,0,0,0.0,100.0,1,0,0,0.0,2,0,0,329,9.2,41.3,43.3,,0,0,2,0,,79.2,0.0,0,0,0,0,0,1,50.0,1,1.0
4,Emory Williams,170099,QB,MIAMI FL,1,0.0,1,1,18.0,1.9,0,0,0.0,0.0,0,0,0,,1,0,0,220,60.3,49.4,48.5,,0,0,1,0,,39.6,0.0,0,0,0,0,0,0,0.0,0,0.0
4,Jaelen Gill,82535,WR,FRESNO ST,1,100.0,1,1,20.0,2.8,0,0,0.0,100.0,1,0,0,0.0,1,0,1,169,67.3,80.8,76.2,,0,0,1,0,,158.3,0.0,0,0,0,0,1,0,0.0,32,32.0
4,Braden Smith,61460,WR,CINCINNATI,1,0.0,1,1,29.0,3.2,0,0,0.0,0.0,0,0,1,,1,0,0,138,71.3,57.8,50.4,57.6,0,0,1,0,0.0,39.6,0.0,0,0,0,0,0,0,0.0,0,0.0
4,Nick Haberer,146532,P,WASH STATE,1,100.0,1,1,-1.0,1.2,0,0,0.0,100.0,1,0,0,0.0,1,0,1,341,60.3,71.8,74.3,,0,0,1,0,,118.8,0.0,0,0,0,0,0,0,0.0,18,18.0
4,Giles Pooler,146019,QB,COLO STATE,1,100.0,1,1,9.0,3.9,0,0,0.0,100.0,1,0,1,0.0,1,0,1,144,60.3,78.9,71.5,,0,0,1,0,0.0,158.3,0.0,0,0,0,0,1,0,0.0,24,24.0
4,Chubba Purdy,122412,QB,NEBRASKA,1,0.0,1,1,38.0,2.8,0,0,0.0,0.0,0,0,0,,1,0,0,238,66.2,56.1,54.0,60.1,0,0,2,0,,39.6,0.0,0,0,0,0,0,0,0.0,0,0.0
4,Zahir Abdus-Salaam,145933,HB,W MICHIGAN,1,0.0,1,1,17.0,2.9,0,0,0.0,0.0,0,0,0,,1,0,0,347,24.8,55.4,34.4,66.6,0,1,1,0,,0.0,0.0,0,0,0,0,0,1,100.0,0,0.0
4,Justin Ibieta,123220,QB,TULANE,1,100.0,1,1,-2.0,1.9,0,0,0.0,0.0,0,0,0,100.0,1,1,0,319,60.3,61.9,61.0,,0,0,1,0,,39.6,0.0,0,0,0,0,0,0,0.0,0,0.0
4,Malik Hornsby,123957,QB,TEXAS ST,1,100.0,1,1,-5.0,0.8,0,0,0.0,100.0,1,0,0,0.0,1,0,0,314,65.9,90.0,60.4,76.9,0,0,1,1,,79.2,0.0,0,0,0,0,0,0,0.0,3,3.0
4,Spencer Sanders,77660,QB,OLE MISS,1,100.0,1,1,-4.0,0.6,0,0,0.0,100.0,1,0,0,0.0,1,0,0,226,60.3,60.9,60.6,,0,0,1,0,,79.2,0.0,0,0,0,0,0,0,0.0,1,1.0
4,Tahj Bullock,144070,QB,AKRON,1,,0,1,,1.7,0,0,0.0,0.0,0,0,1,,1,0,0,102,65.9,65.3,60.0,64.3,1,0,1,0,0.0,39.6,0.0,0,0,0,0,0,0,0.0,0,0.0
4,Xavier Worthy,144718,WR,TEXAS,1,100.0,1,1,32.0,3.1,0,0,0.0,100.0,1,0,0,0.0,1,0,1,311,71.5,67.4,75.7,,0,0,1,0,,118.8,0.0,0,0,0,0,0,0,0.0,35,35.0
4,Micah Davis,125264,WR,UTAH ST,1,100.0,1,1,-6.0,4.0,0,0,0.0,100.0,1,0,1,0.0,1,0,0,329,71.5,79.2,60.4,,0,0,1,0,0.0,79.2,0.0,0,0,0,0,0,0,0.0,2,2.0
4,Dalen Cobb,158341,WR,GA SOUTHRN,1,0.0,1,1,-8.0,3.8,0,0,0.0,0.0,0,0,0,,1,0,0,174,66.7,64.2,57.7,,0,0,1,0,,39.6,0.0,0,0,0,0,0,0,0.0,0,0.0
4,Bert Emanuel Jr.,158581,QB,C MICHIGAN,1,100.0,1,1,6.0,3.25,0,0,0.0,100.0,1,0,0,0.0,2,0,0,134,64.4,54.1,61.6,55.0,0,0,2,0,,91.7,0.0,0,1,0,0,0,0,0.0,6,6.0
4,AJ Bianco,158232,QB,NEVADA,1,100.0,1,1,24.0,2.0,0,1,50.0,100.0,1,0,0,0.0,1,0,1,239,64.4,87.0,81.2,60.0,0,0,2,0,,118.8,0.0,0,0,0,0,0,0,0.0,43,43.0
4,Max Brosmer,105568,QB,NEW HAMP,1,70.2,57,57,8.5,2.7,0,0,0.0,61.4,35,0,16,12.5,61,5,22,240,70.8,66.9,66.4,62.6,0,0,65,0,6.3,94.9,1.6,1,3,0,0,2,2,3.1,410,7.2
4,Jake Willcox,148649,QB,BROWN,1,78.0,50,52,6.8,2.64,1,2,3.8,69.2,36,0,15,7.7,55,3,22,123,70.3,85.9,85.1,63.9,0,0,55,0,6.7,95.4,1.8,1,2,0,1,1,0,0.0,364,7.0
4,Noah Walters,164315,QB,N ALABAMA,1,66.0,47,51,9.5,2.26,1,2,3.7,58.8,30,0,9,3.2,55,1,15,389,72.1,68.8,63.7,72.7,2,1,58,0,33.3,85.9,5.5,3,1,0,1,3,2,3.4,286,5.6
4,Michael Hiers,88636,QB,SAMFORD,1,80.4,46,50,3.8,2.26,0,3,5.6,70.0,35,0,14,5.4,54,2,16,282,71.8,74.7,73.7,64.0,3,2,58,0,14.3,75.5,3.7,2,2,0,1,1,0,0.0,301,6.0
4,Parker McKinney,82109,QB,E KENTUCKY,1,66.7,48,50,6.4,2.83,0,1,2.0,60.0,30,0,17,6.3,59,2,20,159,71.2,76.2,68.1,76.4,0,0,59,0,0.0,93.8,0.0,0,9,0,2,3,2,3.4,260,5.2
4,Aidan Sayin,148974,QB,PENN,1,75.5,49,49,6.6,2.19,0,4,8.2,71.4,35,0,10,5.4,49,2,18,267,71.1,81.1,80.6,61.4,0,2,49,0,0.0,95.1,0.0,0,0,0,0,3,3,6.1,354,7.2
4,Matt Morrissey,148177,QB,W ILLINOIS,1,78.0,41,46,6.0,3.14,0,0,0.0,63.0,29,0,22,9.4,53,3,14,345,71.1,60.1,62.3,51.5,0,3,56,0,27.3,60.2,11.3,6,1,0,5,1,3,5.4,282,6.1
4,Hajj-Malik Williams,102348,QB,CAMPBELL,1,86.0,43,46,7.6,2.83,0,4,8.2,71.7,33,0,17,10.8,57,4,19,131,70.2,78.6,77.3,65.3,0,1,60,1,35.3,93.3,10.5,6,5,1,2,1,2,3.3,367,8.0
4,Paxton DeLaurent,159618,QB,SE MO ST,1,70.5,44,45,10.6,2.67,0,3,6.3,68.9,31,0,21,0.0,53,0,21,293,45.3,85.5,80.2,75.7,0,0,57,0,28.6,116.0,11.3,6,2,0,1,3,4,7.0,370,8.2
4,Carter Cravens,150714,QB,MOREHEAD,1,59.5,42,43,12.6,2.69,0,4,8.5,46.5,20,0,14,20.0,48,5,11,234,70.0,65.4,65.5,58.1,1,0,53,0,21.4,84.9,6.3,3,2,0,0,2,1,1.9,295,6.9
4,Kobe Tracy,141317,QB,UTAHTC,1,53.8,39,42,11.2,2.57,1,0,0.0,40.5,17,0,8,19.0,42,4,5,1285,70.2,42.6,40.5,64.6,1,4,45,0,0.0,12.8,0.0,0,0,0,1,0,2,4.4,167,4.0
4,Eli Sawyer,141870,QB,SE LA,1,71.1,38,42,10.6,2.53,1,3,6.8,61.9,26,0,18,3.7,47,1,16,294,37.2,67.5,72.6,40.3,2,0,49,0,22.2,102.4,8.5,4,1,0,1,2,2,4.1,331,7.9
4,Pat McQuaide,145792,QB,NICHOLLS,1,78.4,37,39,6.1,2.52,1,1,2.4,69.2,27,0,13,6.9,44,2,15,243,69.8,47.4,45.2,62.9,0,4,46,0,23.1,57.9,6.8,3,2,0,1,1,4,8.7,273,7.0
4,Jeremy Moussa,75887,QB,FL A&M,1,78.4,37,39,9.0,2.12,0,2,5.0,64.1,25,0,8,13.8,40,4,16,164,69.0,84.3,85.7,,1,0,41,1,12.5,103.9,2.5,1,0,0,1,2,0,0.0,293,7.5
4,Brian Maurer,99123,QB,STF AUSTIN,1,61.8,34,38,7.5,2.11,1,1,2.6,52.6,20,0,5,4.8,38,1,6,301,71.8,51.0,46.2,69.1,0,2,39,1,0.0,42.4,0.0,0,0,0,3,0,4,10.3,168,4.4
4,Dominique Anthony,145350,QB,MORGAN ST,1,57.9,38,38,8.6,2.04,0,1,2.5,44.7,17,0,8,22.7,40,5,8,235,72.5,53.3,50.9,60.4,0,0,42,0,12.5,62.6,2.5,1,1,0,0,1,1,2.4,132,3.5
4,Aaron Allen,78494,QB,ALCORN ST,1,78.4,37,38,8.6,2.48,0,2,4.8,73.7,28,0,10,3.4,42,1,14,107,70.2,66.2,66.9,56.9,0,0,46,0,20.0,114.7,4.8,2,2,0,1,2,2,4.3,307,8.1
4,Ryan O'Connor,155510,QB,DELAWARE,1,73.5,34,37,9.1,2.66,0,1,2.7,64.9,24,0,15,4.0,41,1,15,151,69.5,68.4,70.3,53.5,1,0,41,0,20.0,121.2,7.3,3,1,0,2,3,0,0.0,338,9.1
4,Sam Vidlak,146333,QB,MONTANA,1,70.6,34,37,8.4,3.0,2,1,2.5,62.2,23,0,10,4.2,46,1,7,232,36.6,56.3,53.8,64.9,1,1,49,0,70.0,74.6,15.2,7,1,0,0,1,4,8.2,204,5.5
4,Nathan Kent,148446,QB,TOWSON,1,70.6,34,37,8.6,2.67,1,0,0.0,56.8,21,0,7,12.5,41,3,11,317,71.5,61.4,57.5,65.2,0,1,42,0,14.3,60.8,2.4,1,3,0,2,0,1,2.4,201,5.4
4,Tyler Knoop,108982,QB,GEORGETOWN,1,60.6,33,37,7.4,2.6,3,0,0.0,45.9,17,0,13,15.0,42,3,7,172,70.5,49.3,52.9,52.5,1,0,44,1,7.7,55.0,2.4,1,4,0,0,0,2,4.5,130,3.5
4,Damon Stewart,156626,QB,ALABAMA ST,1,72.7,33,36,5.6,2.03,1,0,0.0,61.1,22,0,15,8.3,44,2,10,105,24.4,47.3,56.8,40.0,1,1,46,1,13.3,81.7,4.5,2,1,0,1,1,2,4.3,268,7.4
4,Pierce Holley,108981,QB,E ILLINOIS,1,67.6,34,36,12.0,2.84,0,1,2.6,58.3,21,0,15,8.7,40,2,10,158,70.4,60.9,60.1,67.7,1,0,42,2,13.3,67.0,5.0,2,2,0,1,0,0,0.0,141,3.9
4,Jameson Wang,148782,QB,CORNELL,1,80.0,35,36,6.4,2.63,0,1,2.8,72.2,26,0,9,7.1,44,2,17,147,72.3,87.1,75.4,83.2,0,0,44,0,22.2,95.3,4.5,2,6,0,1,1,0,0.0,205,5.7
4,Ashur Carraha,165036,QB,STHLSK,1,54.8,31,36,6.8,2.51,3,0,0.0,38.9,14,0,10,17.6,39,3,6,1470,70.4,41.6,38.8,59.3,0,0,41,0,0.0,47.0,0.0,0,2,0,2,0,4,9.8,97,2.7
4,Walter Simmons III,151059,QB,BETH COOK,1,65.6,32,35,8.4,3.07,0,1,2.8,54.3,19,0,23,9.5,43,2,8,119,69.7,64.3,63.8,61.1,0,0,44,0,13.0,77.7,7.0,3,4,0,3,1,2,4.5,175,5.0
4,Brock Bagozzi,149648,QB,MARIST,1,68.6,35,35,11.8,2.73,0,4,11.1,57.1,20,0,18,16.7,44,4,15,213,69.8,79.3,86.4,51.9,0,0,45,0,5.6,107.8,2.3,1,8,0,0,3,0,0.0,248,7.1
4,Justin Miller,103941,QB,SO UTAH,1,75.8,33,34,6.3,2.9,0,1,2.7,70.6,24,0,13,4.0,38,1,17,298,34.1,53.8,54.4,54.8,0,2,41,0,7.7,86.3,2.6,1,3,0,1,2,3,7.3,247,7.3
4,Marqui Adams,161340,QB,DELWARE ST,1,75.0,32,34,10.9,2.56,1,1,2.9,61.8,21,0,9,12.5,36,3,12,152,73.1,71.8,66.5,71.8,0,0,36,1,0.0,116.7,0.0,0,2,0,1,3,2,5.6,275,8.1
4,Ralph Rucker IV,144625,QB,BUCKNELL,1,66.7,30,33,10.1,2.7,0,1,2.7,51.5,17,0,16,15.0,38,3,9,125,70.0,77.7,77.5,60.5,0,0,42,0,25.0,103.7,10.5,4,1,0,3,3,0,0.0,225,6.8
4,Zack Annexstad,83516,QB,ILL STATE,1,84.8,33,33,6.5,2.76,0,2,5.4,78.8,26,0,6,7.1,37,2,14,188,70.4,74.9,79.8,51.9,0,0,41,1,16.7,123.9,2.7,1,3,0,0,2,1,2.4,293,8.9
4,Marquez McCray,109056,QB,MONMOUTH,1,75.9,29,33,9.1,2.8,0,4,11.1,63.6,21,0,21,4.5,44,1,14,231,69.5,90.5,90.9,60.8,0,0,47,0,33.3,104.9,15.9,7,4,1,3,2,0,0.0,234,7.1
4,Victor Gabalis,131932,QB,TARLETON,1,63.6,33,33,12.5,2.38,0,1,2.9,54.5,18,0,1,14.3,36,3,9,401,70.2,51.3,52.1,55.2,0,2,38,0,100.0,59.7,2.8,1,2,0,0,1,1,2.6,216,6.5
4,Quincy Casey,104763,QB,ALAB A&M,1,81.3,32,32,7.7,2.37,0,2,5.7,81.3,26,0,8,0.0,35,0,15,104,69.8,63.3,63.6,57.3,0,0,39,0,37.5,139.5,8.6,3,0,0,0,3,1,2.6,319,10.0
4,Miles Hastings,103943,QB,UC DAVIS,1,82.8,29,32,3.9,2.41,1,0,0.0,75.0,24,0,13,0.0,37,0,10,322,68.8,42.4,45.9,45.8,0,2,37,0,15.4,80.6,5.4,2,3,0,2,2,2,5.4,163,5.1
4,Jacob Sirmon,83590,QB,N COLORADO,1,74.2,31,32,7.8,2.86,0,0,0.0,68.8,22,0,14,4.3,36,1,10,253,69.7,63.5,56.5,74.2,0,2,36,0,14.3,62.8,5.6,2,2,0,1,0,1,2.8,226,7.1
4,Adam Damante,170711,QB,N ARIZONA,1,77.4,31,31,7.7,2.26,0,0,0.0,77.4,24,0,4,0.0,31,0,11,252,32.0,54.9,58.5,50.8,0,2,31,2,0.0,78.7,0.0,0,0,0,0,1,2,6.5,210,6.8
4,Blake Stenstrom,82106,QB,PRINCETON,1,85.7,28,30,7.1,2.45,1,2,6.5,53.3,16,0,8,33.3,31,8,7,272,71.2,74.7,75.8,59.8,1,1,32,0,12.5,47.9,3.2,1,0,0,0,0,1,3.1,110,3.7
4,Kekoa Visperas,147588,QB,E WASHGTON,1,75.9,29,30,7.1,2.58,0,2,6.3,70.0,21,0,7,4.5,33,1,12,161,38.0,61.0,60.8,58.9,0,0,35,0,14.3,88.9,3.0,1,2,0,1,0,1,2.9,205,6.8
4,Will McElvain,88639,QB,CENT ARK,1,64.3,28,29,9.8,2.79,0,0,0.0,62.1,18,0,7,0.0,29,0,13,132,68.1,71.6,70.7,,0,0,29,0,0.0,117.9,0.0,0,0,0,1,3,1,3.4,206,7.1
4,Kaiden Bennett,147778,QB,SACRAMENTO,1,55.2,29,29,10.8,2.9,0,1,3.2,51.7,15,0,5,6.3,36,1,11,279,71.4,63.3,66.7,54.6,0,0,38,0,60.0,102.1,8.3,3,4,0,0,2,3,7.9,236,8.1
4,Kinkead Dent,99132,QB,TENN MARTN,1,48.1,27,29,13.6,3.15,0,0,0.0,44.8,13,0,9,0.0,31,0,9,310,70.8,51.6,47.7,61.7,0,1,32,0,0.0,61.3,0.0,0,2,0,2,1,3,9.4,172,5.9
4,Jalen Macon,153929,QB,ARKAPB,1,74.1,27,29,10.9,2.92,0,0,0.0,58.6,17,0,16,15.0,36,3,11,112,33.5,72.9,65.4,75.7,0,1,39,0,18.8,92.2,8.3,3,4,0,2,2,2,5.1,227,7.8
4,Kylan Weisser,78475,QB,WEBER ST,1,57.7,26,28,7.6,2.31,0,0,0.0,50.0,14,0,8,6.7,36,1,5,342,71.0,48.8,47.3,57.6,1,0,37,0,50.0,58.8,11.1,4,4,0,1,0,0,0.0,101,3.6
4,Cole Doyle,159501,QB,ST FRANCIS,1,63.0,27,28,11.4,2.98,0,0,0.0,57.1,16,0,11,5.9,33,1,12,299,36.0,65.4,63.2,63.2,0,1,33,0,18.2,99.3,6.1,2,3,0,1,3,1,3.0,193,6.9
4,Zevi Eckhaus,148535,QB,BRYANT,1,84.0,25,28,4.2,2.84,0,0,0.0,67.9,19,0,15,9.5,41,2,11,124,32.5,48.6,43.1,63.5,0,0,43,0,40.0,89.3,14.6,6,7,1,2,1,3,7.0,126,4.5
4,Walker Harris,150449,QB,NC CENT,1,66.7,27,28,16.9,2.31,0,3,10.0,60.7,17,0,2,5.6,29,1,10,247,70.3,82.2,83.7,64.2,0,0,32,1,0.0,131.4,0.0,0,1,0,1,5,1,3.1,263,9.4
4,Steven Krajewski,77650,QB,WAGNER,1,55.6,27,27,9.3,2.04,0,0,0.0,55.6,15,0,7,0.0,30,0,7,338,41.9,35.8,37.3,49.1,0,0,30,0,14.3,97.1,3.3,1,1,0,0,2,3,10.0,156,5.8
4,Chase Artopoeus,100577,QB,CHATTNOOGA,1,81.5,27,27,11.7,2.33,0,1,3.7,77.8,21,0,3,4.5,30,1,14,137,70.2,86.4,86.7,63.1,0,0,30,0,66.7,128.9,6.7,2,1,0,0,1,0,0.0,323,12.0
4,Colby Suits,82143,QB,HOUCHR,1,64.0,25,27,11.0,2.52,1,3,10.7,59.3,16,0,10,0.0,30,0,9,183,71.2,85.6,78.7,77.1,1,0,31,1,10.0,132.8,3.3,1,1,0,0,3,0,0.0,287,10.6
4,Matthew Downing,82120,QB,ELON,1,69.2,26,27,13.7,2.95,0,1,3.6,48.1,13,0,6,27.8,31,5,9,162,68.9,72.6,68.0,70.6,1,1,32,0,16.7,44.7,3.2,1,3,0,0,0,1,3.1,116,4.3
4,Michael Brescia,149295,QB,COLGATE,1,69.2,26,27,5.3,2.91,0,1,3.7,63.0,17,0,8,5.6,30,1,5,142,71.5,67.5,65.0,64.5,0,1,30,0,25.0,58.4,6.7,2,1,0,1,0,0,0.0,125,4.6
4,Grant Sergent,108937,QB,SAN DIEGO,1,80.8,26,26,9.8,2.23,0,4,13.3,69.2,18,0,5,14.3,29,3,9,283,69.1,90.3,90.9,57.5,0,0,34,0,60.0,141.0,10.3,3,0,0,0,3,0,0.0,267,10.3
4,Kasim Hill,60444,QB,RHODE ISLD,1,78.3,23,26,10.7,2.88,2,0,0.0,53.8,14,0,7,22.2,32,4,9,274,70.6,63.3,63.6,59.4,0,1,37,0,14.3,59.0,3.1,1,5,0,1,0,1,2.7,175,6.7
4,Charles DePrima,148879,QB,HARVARD,1,57.7,26,26,11.3,2.72,0,2,7.4,57.7,15,0,3,0.0,31,0,12,179,73.0,79.8,72.6,73.4,0,1,32,0,33.3,104.6,3.2,1,4,0,0,3,0,0.0,200,7.7
4,Jacob Clark,101628,QB,MO STATE,1,76.0,25,26,9.1,2.82,1,1,3.7,73.1,19,0,7,0.0,28,0,14,230,68.0,82.5,84.4,55.6,0,0,29,0,14.3,154.6,3.6,1,1,0,0,5,0,0.0,409,15.7
4,Caden Bell,71181,QB,COLUMBIA,1,52.2,23,26,11.3,3.13,1,3,11.1,42.3,11,0,9,8.3,31,1,9,145,70.2,71.3,66.6,68.2,0,0,32,0,11.1,80.4,3.2,1,4,0,2,1,2,6.3,189,7.3
4,Matthew Sluka,143059,QB,HOLY CROSS,1,68.0,25,26,11.3,2.81,1,1,3.3,65.4,17,0,4,0.0,28,0,12,181,71.6,79.8,83.8,60.8,0,0,32,1,25.0,127.6,3.6,1,1,0,0,4,0,0.0,196,7.5
4,Rob McCoy,108989,QB,SACR HEART,1,60.9,23,25,14.4,2.07,0,3,11.1,56.0,14,0,3,0.0,28,0,10,280,73.0,70.3,65.8,67.1,0,0,30,0,33.3,106.3,3.6,1,2,2,0,2,1,3.3,185,7.4
4,Jace Wilson,149892,QB,TEXAS STHN,1,75.0,24,25,13.4,2.68,1,4,15.4,56.0,14,0,12,22.2,30,4,6,313,68.9,87.4,90.4,58.7,0,0,32,0,8.3,114.0,3.3,1,4,0,0,3,0,0.0,154,6.2
4,Michael Appel Jr.,149746,QB,VALPO,1,69.6,23,25,13.6,2.62,0,2,8.0,64.0,16,0,13,0.0,29,0,12,332,69.2,85.7,86.6,60.1,1,1,29,0,23.1,117.3,10.3,3,1,0,1,3,0,0.0,234,9.4
4,Reese Poffenbarger,145346,QB,ALBANY,1,69.6,23,25,9.7,2.63,1,1,3.3,44.0,11,0,7,31.3,28,5,3,106,72.5,67.7,62.2,68.4,0,1,34,0,42.9,70.9,10.7,3,0,0,1,2,1,2.9,133,5.3
4,Jonathan Murphy,104766,QB,KENNESAW,1,47.6,21,24,11.5,2.95,0,2,8.3,33.3,8,0,21,20.0,31,2,4,200,39.5,70.0,64.1,68.4,2,0,31,0,14.3,56.9,9.7,3,3,0,1,1,0,0.0,76,3.2
4,Jordan Cooke,175116,QB,IDAHO ST,1,62.5,24,24,10.6,2.53,0,4,14.3,58.3,14,0,8,6.7,24,1,9,186,69.1,88.0,86.4,68.1,0,1,28,0,0.0,87.0,0.0,0,0,0,0,1,1,3.6,229,9.5
4,Pauly Seeley V,178692,QB,WOFFORD,1,85.7,21,24,5.1,3.08,1,1,3.8,70.8,17,0,9,5.6,27,1,9,350,28.0,70.8,70.4,60.7,1,0,29,1,11.1,91.7,3.7,1,2,1,0,0,2,6.9,176,7.3
4,Myles Crawley,141731,QB,GRAMBLING,1,77.3,22,24,11.7,2.57,0,2,7.7,62.5,15,0,4,11.8,24,2,9,177,69.0,90.9,92.0,53.7,0,0,26,0,0.0,117.7,0.0,0,0,1,1,2,1,3.8,206,8.6
4,Nate Glantz,157587,QB,MCNEESE,1,58.3,24,24,11.2,2.55,0,1,4.0,54.2,13,0,7,7.1,28,1,11,217,70.6,74.0,66.1,73.8,0,0,29,0,14.3,107.3,3.6,1,3,0,0,2,0,0.0,186,7.8
4,Tyler Huff,142567,QB,FURMAN,1,90.9,22,24,7.7,2.4,1,0,0.0,83.3,20,0,6,0.0,30,0,8,170,71.2,79.7,75.0,68.5,0,0,31,0,16.7,109.7,3.3,1,5,0,1,1,1,3.2,168,7.0
4,Jason Brown,109060,QB,JACKSON ST,1,70.0,20,23,9.9,3.23,1,1,3.7,56.5,13,0,9,7.1,28,1,6,194,71.2,49.6,49.4,52.9,0,1,32,0,0.0,61.9,0.0,0,5,0,2,1,5,15.6,90,3.9
4,Zolten Osborne,178620,QB,CHARLES SO,1,54.5,22,23,10.0,2.85,1,0,0.0,47.8,11,0,10,8.3,26,1,5,135,69.5,44.6,39.4,62.5,0,1,26,0,10.0,38.7,3.8,1,2,0,0,0,2,7.7,82,3.6
4,Corey Fields Jr.,78539,QB,SCAR STATE,1,78.3,23,23,12.6,2.82,0,3,12.5,78.3,18,0,4,0.0,25,0,14,290,70.0,90.2,90.2,67.4,0,1,26,0,0.0,140.2,0.0,0,2,0,0,3,1,3.8,294,12.8
4,Casey Case,130402,QB,STNY BROOK,1,59.1,22,22,9.5,2.3,0,1,4.2,50.0,11,0,3,15.4,24,2,5,303,27.3,56.0,62.4,41.8,0,2,26,0,33.3,50.2,4.2,1,1,0,0,1,1,3.8,154,7.0
4,CJ Montes,146114,QB,FORDHAM,1,76.2,21,22,10.0,2.62,0,0,0.0,63.6,14,0,3,12.5,25,2,8,168,67.8,57.0,60.2,51.2,0,0,26,1,33.3,127.1,4.0,1,2,0,1,2,0,0.0,220,10.0
4,Ty'Jarian Williams,178887,QB,MS VLY ST,1,57.9,19,22,8.0,2.46,2,0,0.0,50.0,11,0,13,0.0,28,0,5,228,29.1,46.8,45.3,58.4,0,0,29,0,30.8,59.1,14.3,4,2,0,1,0,1,3.4,81,3.7
4,Cole Dugger,154197,QB,LNDNWD,1,65.0,20,22,9.6,2.58,0,1,4.3,59.1,13,0,12,0.0,28,0,8,949,70.2,72.0,70.7,63.8,1,0,29,0,16.7,102.5,7.1,2,4,0,1,1,1,3.4,190,8.6
4,Derek Robertson,142298,QB,MAINE,1,65.0,20,22,10.4,2.49,1,1,4.3,45.5,10,0,8,23.1,25,3,6,212,68.4,56.6,57.1,57.5,0,1,26,0,37.5,37.1,12.0,3,0,0,1,0,1,3.8,85,3.9
4,Bret Bushka,108927,QB,BUTLER,1,63.2,19,21,9.4,3.24,1,1,4.5,52.4,11,0,6,8.3,27,1,5,127,70.6,46.8,46.5,56.3,0,1,28,1,16.7,38.4,3.7,1,5,0,1,0,1,3.6,62,3.0
4,Maverick McIvor,99476,QB,ABILENE CH,1,63.2,19,21,9.0,2.62,1,1,4.5,57.1,12,0,10,0.0,24,0,6,100,23.7,63.0,62.6,60.0,0,0,25,0,30.0,74.3,12.5,3,0,0,1,0,2,8.0,124,5.9
4,Gevani McCoy,147609,QB,IDAHO,1,85.0,20,21,10.1,3.22,0,4,18.2,71.4,15,0,12,11.8,32,2,10,185,29.7,84.6,91.2,55.1,0,0,33,0,25.0,139.8,9.4,3,8,0,1,2,1,3.0,234,11.1
4,Nolan Grooms,108987,QB,YALE,1,42.1,19,20,16.4,3.53,0,2,10.0,35.0,7,0,9,12.5,29,1,7,352,36.1,53.3,48.8,60.4,0,1,29,0,22.2,70.6,6.9,2,7,0,1,2,3,10.3,129,6.5
4,Gavin McCusker,148580,QB,MERRIMACK,1,58.8,17,19,10.4,2.37,0,0,0.0,52.6,10,0,3,0.0,21,0,7,385,69.2,59.7,58.5,59.2,1,1,21,0,33.3,60.9,4.8,1,0,0,1,0,1,4.8,168,8.8
4,Graeson Underwood,123202,QB,CITADEL,1,61.1,18,19,8.8,2.25,1,0,0.0,52.6,10,0,2,9.1,20,1,7,139,19.4,41.5,52.4,39.2,0,1,20,0,50.0,71.8,5.0,1,0,0,0,1,1,5.0,138,7.3
4,Dylan Cadwallader,108978,QB,DARTMOUTH,1,94.4,18,19,4.8,2.24,0,1,5.0,84.2,16,0,4,5.9,20,1,7,148,25.9,67.1,78.8,41.6,1,0,21,0,0.0,108.3,0.0,0,1,0,0,1,0,0.0,110,5.8
4,Trazon Connley,75885,QB,PRVIEW A&M,1,78.9,19,19,13.9,2.96,0,2,10.0,63.2,12,0,5,20.0,22,3,10,270,68.1,90.1,90.7,62.2,0,1,23,0,0.0,91.1,0.0,0,3,0,0,1,1,4.3,186,9.8
4,Robert Coleman,76149,QB,LAMAR,1,88.9,18,18,4.1,2.29,0,0,0.0,83.3,15,0,4,6.3,23,1,11,204,70.0,61.3,64.9,55.0,0,0,26,0,50.0,148.1,8.7,2,3,0,0,2,1,3.8,192,10.7
4,Hunter Hays,141593,QB,IDAHO ST,1,80.0,15,17,8.7,2.47,1,0,0.0,58.8,10,0,6,16.7,19,2,7,186,73.3,79.7,76.0,70.7,1,0,22,0,0.0,89.3,0.0,0,2,0,0,1,0,0.0,76,4.5
4,Matthew Caldwell,150302,QB,GARD-WEBB,1,50.0,16,17,7.1,2.19,0,0,0.0,41.2,7,0,3,12.5,19,1,2,171,22.1,34.5,30.0,63.5,1,0,20,0,66.7,48.9,10.5,2,0,0,0,0,2,10.0,30,1.8
4,Sean Chambers,75888,QB,MONTANA ST,1,56.3,16,17,15.6,3.52,0,2,11.8,47.1,8,0,12,11.1,28,1,12,233,27.6,72.8,56.8,81.0,1,0,28,0,33.3,122.7,14.3,4,7,0,0,2,2,7.1,172,10.1
4,Brady Meitz,149729,QB,STETSON,1,50.0,16,17,9.7,3.12,0,0,0.0,47.1,8,0,5,0.0,18,0,5,302,67.7,50.7,52.6,54.3,0,3,19,0,0.0,36.3,0.0,0,1,0,1,1,1,5.3,61,3.6
4,Carter Peevy,129563,QB,MERCER,1,68.8,16,16,9.0,3.01,0,2,11.1,68.8,11,0,11,0.0,27,0,8,219,69.3,76.5,75.0,66.1,0,0,30,0,27.3,112.2,11.1,3,8,0,0,1,1,3.3,123,7.7
4,Matt O'Connor,108972,QB,STETSON,1,66.7,15,16,14.3,2.49,0,1,6.3,62.5,10,0,3,0.0,18,0,4,302,66.8,67.9,69.4,57.3,1,0,18,0,0.0,81.8,0.0,0,1,0,0,0,1,5.6,106,6.6
4,Dante Casciola,149521,QB,DAYTON,1,62.5,16,16,8.6,3.28,0,0,0.0,43.8,7,0,7,30.0,21,3,7,150,67.5,54.0,45.5,71.6,0,0,24,0,28.6,55.7,9.5,2,3,0,0,0,1,4.2,66,4.1
4,Bo Kelly,158923,QB,CAL POLY,1,86.7,15,16,8.1,2.32,0,1,5.6,56.3,9,0,4,30.8,17,4,4,129,68.4,58.1,56.5,60.9,0,0,19,0,25.0,86.2,5.9,1,0,0,1,1,0,0.0,63,3.9
4,Dean DeNobile,159740,QB,LAFAYETTE,1,66.7,15,16,9.9,2.42,0,1,6.3,62.5,10,0,4,0.0,21,0,7,203,29.7,76.4,75.3,65.6,0,0,21,0,25.0,122.4,4.8,1,4,0,1,2,0,0.0,110,6.9
4,Brayten Silbor,159764,QB,LEHIGH,1,68.8,16,16,7.8,2.07,0,0,0.0,56.3,9,0,6,18.2,19,2,4,205,24.7,50.2,57.0,48.6,0,0,20,0,16.7,68.8,5.3,1,0,0,0,0,0,0.0,76,4.8
4,Cole Gonzales,159939,QB,W CAROLINA,1,93.3,15,16,14.4,2.75,0,2,11.1,87.5,14,0,6,0.0,17,0,12,344,67.0,94.7,95.1,57.3,1,0,19,0,0.0,158.3,0.0,0,1,0,0,5,0,0.0,299,18.7
4,Tak Tateoka,172179,QB,STTHOM,1,62.5,16,16,12.1,3.01,0,3,17.6,62.5,10,0,6,0.0,19,0,7,1129,70.8,76.1,82.7,59.9,0,1,20,1,16.7,103.4,5.3,1,2,0,0,2,0,0.0,137,8.6
4,Zach Calzada,98006,QB,INCAR WORD,1,73.3,15,16,11.3,2.69,0,2,11.8,68.8,11,0,6,0.0,16,0,8,189,25.3,71.2,76.0,52.9,0,0,17,0,0.0,149.2,0.0,0,0,0,1,2,0,0.0,193,12.1
4,Anthony Chiccitt,141376,QB,ROB MORRIS,1,76.9,13,14,13.8,2.11,0,2,12.5,71.4,10,0,2,0.0,16,0,7,277,67.6,71.2,75.9,52.4,0,0,18,0,0.0,153.3,0.0,0,1,0,1,4,0,0.0,263,18.8
4,Otto Kuhns,138014,QB,NORFOLK,1,57.1,14,14,14.6,2.91,0,1,6.3,35.7,5,0,6,37.5,19,3,2,244,27.9,50.0,33.2,75.4,0,1,21,0,50.0,38.4,15.8,3,2,0,0,1,3,14.3,38,2.7
4,Connor Watkins,108971,QB,VILLANOVA,1,69.2,13,14,11.2,2.88,0,0,0.0,57.1,8,0,5,11.1,15,1,5,334,72.1,91.3,79.1,85.0,1,1,15,0,20.0,69.3,6.7,1,0,0,0,0,0,0.0,166,11.9
4,Willie Miller,104799,WR,TENN TECH,1,46.2,13,13,12.9,3.06,0,2,14.3,38.5,5,0,8,16.7,20,1,4,309,28.5,70.0,74.8,59.3,0,0,21,0,37.5,62.3,15.0,3,4,0,0,0,0,0.0,88,6.8
4,Josh Magana,174601,QB,TXAMCO,1,58.3,12,13,11.2,2.07,0,1,6.3,53.8,7,0,5,0.0,14,0,2,1139,66.7,50.3,49.8,,1,0,17,0,20.0,85.1,7.1,1,0,0,0,1,1,5.9,34,2.6
4,Peter Parrish,99138,QB,TXAMCO,1,75.0,12,13,9.3,2.75,0,0,0.0,61.5,8,0,4,11.1,16,1,4,1139,72.5,56.1,64.7,53.9,1,0,18,1,25.0,82.2,6.3,1,2,0,0,0,0,0.0,90,6.9
4,Darius Wilson,148492,QB,WM & MARY,1,61.5,13,13,3.4,2.39,0,0,0.0,61.5,8,0,4,0.0,14,0,4,348,25.7,60.1,60.4,57.0,0,0,14,0,0.0,98.6,0.0,0,1,0,0,1,0,0.0,61,4.7
4,Sam Huard,146463,QB,CAL POLY,1,45.5,11,12,14.2,3.13,0,1,8.3,41.7,5,0,6,0.0,16,0,3,129,22.8,29.1,28.0,62.9,0,1,16,0,50.0,65.6,18.8,3,0,0,1,1,3,18.8,103,8.6
4,Mike DiLiello,121801,QB,AUSTINPEAY,1,66.7,12,12,11.0,2.63,0,1,6.7,66.7,8,0,3,0.0,15,0,1,116,73.6,62.4,46.5,73.2,0,2,18,0,100.0,74.0,20.0,3,0,0,0,1,2,11.1,81,6.8
4,Coulter Cleland,165212,QB,DAVIDSON,1,91.7,12,12,9.4,1.56,0,2,16.7,91.7,11,0,0,0.0,12,0,8,149,65.8,90.3,90.7,,0,0,12,0,,158.3,0.0,0,0,0,0,2,0,0.0,202,16.8
4,Jackson Hardy,142351,QB,RICHMOND,1,33.3,12,12,9.3,2.31,0,1,7.7,33.3,4,0,5,0.0,14,0,2,276,72.1,40.9,28.9,65.2,0,3,15,0,40.0,42.7,14.3,2,0,0,0,1,2,13.3,71,5.9
4,Dante Perri,143112,QB,LEHIGH,1,72.7,11,11,3.7,2.3,0,0,0.0,63.6,7,0,1,12.5,13,1,1,205,66.2,52.7,55.7,56.3,0,1,14,0,0.0,29.7,0.0,0,1,0,0,0,0,0.0,27,2.5
4,Quayde Hawkins,147245,QB,ABILENE CH,1,44.4,9,10,21.2,3.31,0,0,0.0,40.0,4,0,3,0.0,11,0,3,100,65.6,68.0,63.9,64.2,0,0,11,0,0.0,95.0,0.0,0,1,0,1,1,0,0.0,63,6.3
4,Ashten Snelsire,159175,QB,RICHMOND,1,55.6,9,10,12.1,2.05,1,0,0.0,50.0,5,0,1,0.0,10,0,3,276,69.1,32.1,27.7,64.6,0,1,10,0,0.0,21.3,0.0,0,0,0,0,0,1,10.0,41,4.1
4,Collin Ironside,139107,QB,VA MILT IN,1,88.9,9,10,4.1,2.46,0,0,0.0,80.0,8,0,5,0.0,14,0,3,336,15.4,45.5,47.3,52.3,0,1,17,0,40.0,51.7,14.3,2,2,0,1,0,3,17.6,59,5.9
4,Dante Chachere,103930,QB,PORTLAND,1,80.0,10,10,7.4,2.46,0,0,0.0,80.0,8,0,4,0.0,10,0,4,269,23.4,73.9,74.3,62.1,0,0,10,0,0.0,129.6,0.0,0,0,0,0,1,0,0.0,71,7.1
4,Cole Dow,108930,QB,DAYTON,1,44.4,9,9,17.4,2.83,0,0,0.0,44.4,4,0,3,0.0,11,0,4,150,71.6,61.9,54.9,64.9,0,3,11,0,33.3,63.9,9.1,1,1,0,0,1,1,9.1,59,6.6
4,Richard Torres,156456,QB,INCAR WORD,1,75.0,8,8,9.6,1.94,0,0,0.0,50.0,4,0,1,33.3,8,2,3,189,64.9,66.2,65.5,,0,0,8,0,0.0,109.9,0.0,0,0,0,0,1,0,0.0,51,6.4
4,Nick Howard,108979,QB,DARTMOUTH,1,71.4,7,7,8.6,2.43,0,0,0.0,71.4,5,0,1,0.0,8,0,1,148,30.9,55.2,43.1,61.3,0,1,8,0,0.0,34.5,0.0,0,1,0,0,0,1,12.5,20,2.9
4,Dustin Fletcher,130553,QB,CITADEL,1,33.3,6,7,9.2,2.93,1,1,14.3,28.6,2,0,4,0.0,8,0,1,139,69.8,62.6,63.0,59.9,0,0,8,0,0.0,39.6,0.0,0,1,0,0,0,1,12.5,10,1.4
4,Jamari Jones,161271,QB,MS VLY ST,1,50.0,4,7,11.5,2.07,2,0,0.0,28.6,2,0,3,0.0,7,0,1,228,65.9,51.2,52.7,57.5,0,0,7,0,0.0,39.6,0.0,0,0,0,1,0,0,0.0,20,2.9
4,Mekhi Hagens,167009,QB,ARKAPB,1,60.0,5,6,4.6,4.01,0,0,0.0,50.0,3,0,5,0.0,7,0,1,112,65.1,37.9,44.6,57.3,0,0,9,1,20.0,95.8,14.3,1,0,0,1,1,0,0.0,13,2.2
4,Jordan Pachot,164809,QB,MO STATE,1,100.0,5,5,2.0,2.12,0,0,0.0,100.0,5,0,0,0.0,5,0,3,230,64.2,81.9,82.0,,0,0,6,0,,106.7,0.0,0,0,0,0,0,0,0.0,48,9.6
4,Zach Osborne,160474,QB,COLGATE,1,60.0,5,5,10.2,2.35,0,0,0.0,40.0,2,0,1,33.3,6,1,1,142,69.7,61.5,43.9,70.5,0,1,6,0,0.0,8.3,0.0,0,1,0,0,0,1,16.7,12,2.4
4,Hayes Gibson,122513,QB,TENN TECH,1,80.0,5,5,4.6,2.58,0,1,20.0,80.0,4,0,4,0.0,6,0,2,309,69.7,64.2,50.2,70.4,0,0,6,0,25.0,107.5,16.7,1,0,0,0,0,1,16.7,49,9.8
4,Brody Palhegyi,150004,QB,W CAROLINA,1,75.0,4,4,15.3,2.8,0,2,40.0,75.0,3,0,2,0.0,5,0,2,344,67.1,95.4,95.3,74.0,0,0,7,0,0.0,156.3,0.0,0,1,0,0,1,0,0.0,56,14.0
4,Zin'tayvious Smith,182276,QB,ROB MORRIS,1,50.0,4,4,10.3,2.0,0,0,0.0,50.0,2,0,0,0.0,4,0,1,277,71.1,78.2,60.9,75.2,0,1,4,0,,95.8,0.0,0,0,0,0,1,1,25.0,65,16.3
4,Luke Durkin,149464,QB,DAVIDSON,1,75.0,4,4,4.8,1.23,0,0,0.0,75.0,3,0,0,0.0,4,0,1,149,66.8,52.0,58.7,58.6,0,0,5,1,,77.1,0.0,0,0,0,0,0,0,0.0,12,3.0
4,Jaylen King,170801,QB,GARD-WEBB,1,25.0,4,4,8.3,3.01,0,0,0.0,25.0,1,0,4,0.0,7,0,2,171,26.3,43.3,25.6,65.4,0,0,7,0,25.0,39.6,14.3,1,2,0,0,0,1,14.3,0,0.0
4,Ryan Stubblefield,123838,QB,INCAR WORD,1,75.0,4,4,3.3,2.7,0,0,0.0,75.0,3,0,2,0.0,5,0,3,189,65.5,66.6,52.3,70.1,0,0,5,0,0.0,103.1,0.0,0,1,0,0,0,0,0.0,37,9.3
4,Taron Dickens,177946,QB,W CAROLINA,1,75.0,4,4,10.3,3.1,0,1,25.0,75.0,3,0,4,0.0,8,0,2,344,8.9,51.4,68.2,47.5,0,0,8,0,25.0,156.3,12.5,1,3,0,0,1,1,12.5,91,22.8
4,Tommy Rittenhouse,148028,QB,ILL STATE,1,100.0,4,4,-1.5,2.2,0,0,0.0,100.0,4,0,0,0.0,4,0,2,188,68.8,67.3,64.2,63.3,0,0,4,0,,133.3,0.0,0,0,0,0,1,0,0.0,26,6.5
4,Skyler Cassel,172999,QB,UTAHTC,1,33.3,3,3,11.0,2.5,0,0,0.0,33.3,1,0,1,0.0,4,0,0,1285,63.3,45.7,45.2,,0,0,4,0,100.0,42.4,25.0,1,0,0,0,0,0,0.0,6,2.0
4,Dino Maldonado,78516,QB,MS VLY ST,1,33.3,3,3,5.7,2.27,0,0,0.0,33.3,1,0,0,0.0,3,0,0,228,62.7,28.7,28.6,,0,1,3,0,,2.8,0.0,0,0,0,0,0,1,33.3,3,1.0
4,Logan Brabham,149647,QB,MARIST,1,0.0,2,3,7.0,3.03,1,0,0.0,0.0,0,0,2,,4,0,0,213,63.3,44.8,47.2,57.8,0,0,4,0,0.0,39.6,0.0,0,1,0,0,0,0,0.0,0,0.0
4,Logan Gonzalez,159065,QB,PORTLAND,1,100.0,3,3,0.7,2.17,0,0,0.0,100.0,3,0,1,0.0,3,0,1,269,62.7,64.8,63.9,,0,0,3,0,0.0,95.8,0.0,0,0,0,0,0,0,0.0,21,7.0
4,Andre Washington,165436,QB,SCAR STATE,1,50.0,2,2,16.0,2.15,0,0,0.0,50.0,1,0,0,0.0,2,0,1,290,70.5,58.6,50.8,62.8,0,1,2,0,,37.5,0.0,0,0,0,0,0,1,50.0,16,8.0
4,Carson Jones,159807,QB,FURMAN,1,100.0,2,2,1.0,1.25,0,0,0.0,50.0,1,0,0,50.0,2,1,0,170,61.8,81.0,80.4,,0,0,2,0,,56.3,0.0,0,0,0,0,0,0,0.0,-3,-1.5
4,Duce Taylor,150493,QB,MORGAN ST,1,100.0,2,2,1.0,2.25,0,0,0.0,100.0,2,0,1,0.0,2,0,0,235,61.8,63.2,62.7,,0,0,2,0,0.0,79.2,0.0,0,0,0,0,0,0,0.0,5,2.5
4,Austin Myers,164221,QB,CENT ARK,1,100.0,1,2,-4.0,2.8,0,0,0.0,50.0,1,0,1,0.0,2,0,0,132,61.8,59.5,58.9,,0,0,2,0,0.0,56.3,0.0,0,0,0,1,0,0,0.0,5,2.5
4,Preston Weeks,77658,QB,STF AUSTIN,1,100.0,2,2,11.5,2.25,0,0,0.0,100.0,2,0,0,0.0,2,0,2,301,61.8,85.5,84.7,,0,0,2,0,,158.3,0.0,0,0,0,0,1,0,0.0,26,13.0
4,Chase Belcher,164410,HB,N ARIZONA,1,100.0,1,2,27.0,2.6,0,1,50.0,50.0,1,0,1,0.0,2,0,1,252,73.9,72.2,85.3,62.9,1,0,2,1,0.0,135.4,0.0,0,0,0,0,1,0,0.0,52,26.0
4,Luke Gombert,121888,QB,INCAR WORD,1,100.0,1,1,22.0,2.0,0,0,0.0,0.0,0,0,0,100.0,1,1,0,189,60.3,77.5,76.2,,0,0,1,0,,39.6,0.0,0,0,0,0,0,0,0.0,0,0.0
4,Jakolby Longino,145488,QB,LAMAR,1,0.0,1,1,-3.0,2.1,0,0,0.0,0.0,0,0,1,,1,0,0,204,65.9,65.4,55.3,67.6,0,0,1,0,0.0,39.6,0.0,0,0,0,0,0,0,0.0,0,0.0
4,Nathan Fondacaro,79450,P,VILLANOVA,1,,0,1,,3.8,0,0,0.0,0.0,0,0,1,,1,0,0,334,60.3,57.6,59.4,,0,0,1,0,0.0,39.6,0.0,0,0,0,1,0,0,0.0,0,0.0
4,Hess Horne,148110,QB,MERCER,1,0.0,1,1,8.0,1.5,0,0,0.0,0.0,0,0,0,,1,0,0,219,61.8,46.0,45.6,,0,0,2,0,,39.6,0.0,0,0,0,0,0,0,0.0,0,0.0
4,Ryan Upp,150733,WR,MOREHEAD,1,100.0,1,1,-3.0,4.15,0,0,0.0,100.0,1,0,1,0.0,2,0,1,234,16.0,57.1,44.3,,0,0,2,0,100.0,95.8,50.0,1,0,0,0,0,1,50.0,7,7.0
4,T.J. Smith,156533,QB,N ALABAMA,1,100.0,1,1,11.0,3.8,0,0,0.0,100.0,1,0,2,0.0,2,0,1,389,67.6,68.5,63.8,64.1,0,0,2,0,50.0,108.3,50.0,1,0,0,0,0,0,0.0,10,10.0
4,Devin Farrell,157658,QB,RHODE ISLD,1,100.0,1,1,2.0,1.6,0,0,0.0,100.0,1,0,0,0.0,1,0,0,274,60.3,60.8,60.6,,0,0,1,0,,91.7,0.0,0,0,0,0,0,0,0.0,6,6.0
4,Hunter Rice,149970,HB,VA MILT IN,1,100.0,1,1,8.0,1.5,0,0,0.0,100.0,1,0,0,0.0,1,0,1,336,42.8,64.6,74.4,61.7,0,0,1,0,,118.8,0.0,0,0,0,0,1,0,0.0,3,3.0
4,Isaiah Bess,142826,QB,CHARLES SO,1,0.0,1,1,38.0,3.05,0,0,0.0,0.0,0,0,1,,2,0,0,135,61.8,48.0,47.5,,0,0,2,0,100.0,39.6,50.0,1,0,0,0,0,0,0.0,0,0.0
4,Zachary Clement,105561,QB,SE LA,1,0.0,1,1,4.0,3.3,0,0,0.0,0.0,0,0,1,,1,0,0,294,65.9,72.0,69.2,56.5,0,0,1,0,0.0,39.6,0.0,0,0,0,0,0,0,0.0,0,0.0
4,Adam Watts,178262,WR,IDAHO ST,1,100.0,1,1,14.0,2.15,0,0,0.0,100.0,1,0,0,0.0,2,0,1,186,61.8,70.5,70.1,,0,0,2,0,,118.8,0.0,0,0,0,0,0,0,0.0,31,31.0
4,Clifton McDowell,98003,QB,MONTANA,1,100.0,1,1,-8.0,1.9,0,0,0.0,100.0,1,0,1,0.0,1,0,0,232,63.7,69.4,61.0,63.4,0,0,1,0,0.0,79.2,0.0,0,0,0,0,0,0,0.0,3,3.0
4,Tanner Maddocks,160443,QB,VILLANOVA,1,100.0,1,1,6.0,2.4,0,0,0.0,100.0,1,0,0,0.0,1,0,1,334,67.5,64.4,71.9,56.2,0,0,1,0,,91.7,0.0,0,0,0,0,0,0,0.0,6,6.0
4,Isaiah Lemmond,160911,WR,VA MILT IN,1,0.0,1,1,31.0,3.4,0,0,0.0,0.0,0,0,0,,1,0,0,336,60.3,41.7,27.5,,0,1,1,0,,0.0,0.0,0,0,0,0,0,1,100.0,0,0.0
4,Zy McDonald,147137,QB,JACKSON ST,1,100.0,1,1,-6.0,3.0,0,0,0.0,100.0,1,0,1,0.0,2,0,0,194,64.4,55.5,60.6,56.5,0,0,2,0,0.0,79.2,0.0,0,1,0,0,0,0,0.0,-2,-2.0
4,Aaron Moore,84361,WR,NORFOLK,1,100.0,1,1,34.0,3.4,0,1,100.0,100.0,1,0,0,0.0,1,0,1,244,63.7,63.4,87.3,,0,0,1,0,,118.8,0.0,0,0,0,0,0,0,0.0,55,55.0
4,Justin Pegues,161679,HB,TENN TECH,1,0.0,1,1,28.0,3.5,0,0,0.0,0.0,0,0,0,,1,0,0,309,74.3,64.5,27.7,76.5,0,1,1,0,,0.0,0.0,0,0,0,0,0,1,100.0,0,0.0
4,Jack Capaldi,163883,QB,FORDHAM,1,100.0,1,1,11.0,2.4,0,0,0.0,100.0,1,0,0,0.0,1,0,1,168,11.1,41.5,73.1,40.9,0,0,1,0,,118.8,0.0,0,0,0,0,0,0,0.0,32,32.0
4,LJ Phillips Jr.,149465,QB,DAVIDSON,1,100.0,1,1,17.0,1.9,0,1,100.0,100.0,1,0,0,0.0,1,0,1,149,67.5,94.8,84.1,82.6,0,0,1,0,,118.8,0.0,0,0,0,0,0,0,0.0,28,28.0
4,Treyvion Houston,102357,WR,SCAR STATE,1,100.0,1,1,2.0,2.9,0,0,0.0,100.0,1,0,0,0.0,1,0,0,290,62.4,62.7,56.8,,0,0,1,0,,79.2,0.0,0,0,0,0,0,0,0.0,2,2.0
4,Logan Tomlinson,170894,WR,NEW HAMP,1,0.0,1,1,17.0,3.6,0,0,0.0,0.0,0,0,0,,1,0,0,240,66.4,62.1,33.8,,0,1,1,0,,0.0,0.0,0,0,0,0,0,1,100.0,0,0.0
4,Nathan Lamb,98020,QB,W ILLINOIS,1,100.0,1,1,0.0,2.2,0,0,0.0,100.0,1,0,0,0.0,1,0,0,345,60.3,61.1,61.0,,0,0,1,0,,118.8,0.0,0,0,0,0,0,0,0.0,15,15.0
4,Dominiq Ponder,174401,QB,BETH COOK,1,0.0,1,1,6.0,2.5,0,0,0.0,0.0,0,0,0,,1,0,0,119,60.3,40.2,41.0,,0,1,1,0,,0.0,0.0,0,0,0,0,0,1,100.0,0,0.0
4,Joe Pesansky,149434,QB,HOLY CROSS,1,100.0,1,1,0.0,2.6,0,0,0.0,100.0,1,0,1,0.0,1,0,0,181,11.1,29.4,61.0,41.9,0,0,1,0,0.0,83.3,0.0,0,0,0,0,0,0,0.0,4,4.0
4,Collin Sutton,179691,QB,SW BAPTIST,1,61.8,34,37,9.1,2.93,0,3,7.9,51.4,19,0,22,9.5,43,2,8,1492,25.6,64.7,65.9,56.8,0,1,44,1,18.2,56.8,9.3,4,2,0,3,0,1,2.3,206,5.6
4,Peewee Jarrett,180158,QB,WESTFL,1,80.0,25,27,12.2,2.77,0,2,6.7,74.1,20,0,13,0.0,33,0,14,1269,69.7,69.8,75.0,56.8,0,0,36,1,0.0,146.8,0.0,0,6,0,2,3,0,0.0,298,11.0
4,Jesper Korkalainen,182794,QB,NAUSTA,1,56.3,16,18,4.2,2.33,0,0,0.0,50.0,9,0,14,0.0,21,0,1,1453,69.8,34.2,32.2,59.2,0,2,22,2,14.3,16.7,9.5,2,1,0,2,0,2,9.1,-6,-0.3
4,TJ Goodwin,100826,QB,LINCOK,1,50.0,16,17,6.8,2.71,0,0,0.0,41.2,7,0,12,12.5,25,1,0,1452,28.3,35.5,28.8,59.8,0,0,28,0,41.7,48.9,20.0,5,3,0,1,0,2,7.1,18,1.1
4,C.J. Brooks,168854,QB,VA LYNCHBU,1,72.7,11,11,3.4,1.82,0,0,0.0,63.6,7,0,3,12.5,12,1,2,406,65.8,61.9,61.3,,0,0,12,0,33.3,73.7,8.3,1,0,0,0,0,0,0.0,49,4.5
4,Michael Rich Jr.,151234,QB,WESTFL,1,42.9,7,7,6.6,2.19,0,0,0.0,42.9,3,0,4,0.0,9,0,2,1269,68.3,59.8,54.1,64.5,0,0,9,0,25.0,51.5,11.1,1,1,0,0,0,0,0.0,23,3.3
4,Langston Stewart,182456,QB,VA LYNCHBU,1,14.3,7,7,11.0,2.56,0,0,0.0,14.3,1,0,10,0.0,14,0,0,406,7.4,22.5,21.6,48.4,0,0,15,0,50.0,39.6,35.7,5,2,0,0,0,5,33.3,2,0.3
4,Oscar Ozuna,180602,QB,NAUSTA,1,100.0,5,5,-3.0,1.73,0,0,0.0,100.0,5,0,1,0.0,6,0,0,1453,65.7,61.8,63.2,59.3,0,0,6,0,100.0,79.2,16.7,1,0,0,0,0,0,0.0,9,1.8
4,Nico Cleaves,182849,QB,VA LYNCHBU,1,0.0,2,2,8.0,4.56,0,0,0.0,0.0,0,0,4,,5,0,1,406,67.9,70.2,41.1,74.2,0,0,5,0,0.0,39.6,0.0,0,3,0,0,0,0,0.0,0,0.0
4,Darius Holly,181544,QB,STANKN,1,50.0,2,2,10.5,2.54,0,0,0.0,50.0,1,0,5,0.0,5,0,0,1455,8.6,35.2,52.0,39.8,0,0,6,0,40.0,56.3,40.0,2,1,0,0,0,0,0.0,3,1.5
4,Jimmy Inman,182731,QB,LINCOK,1,50.0,2,2,0.5,1.6,0,0,0.0,50.0,1,0,1,0.0,2,0,0,1452,66.2,58.0,65.0,55.3,0,0,2,0,0.0,56.3,0.0,0,0,0,0,0,0,0.0,4,2.0
4,Griffin Williams,180614,QB,NAUSTA,1,100.0,1,1,-4.0,0.7,0,0,0.0,100.0,1,0,0,0.0,1,0,0,1453,60.3,61.1,60.4,,0,0,1,0,,79.2,0.0,0,0,0,0,0,0,0.0,-1,-1.0
week,player,player_id,position,team_name,player_game_count,accuracy_percent,aimed_passes,attempts,avg_depth_of_target,avg_time_to_throw,bats,big_time_throws,btt_rate,completion_percent,completions,declined_penalties,def_gen_pressures,drop_rate,dropbacks,drops,first_downs,franchise_id,grades_hands_fumble,grades_offense,grades_pass,grades_run,hit_as_threw,interceptions,passing_snaps,penalties,pressure_to_sack_rate,qb_rating,sack_percent,sacks,scrambles,spikes,thrown_aways,touchdowns,turnover_worthy_plays,twp_rate,yards,ypa
5,Davis Brin,77642,QB,GA SOUTHRN,1,64.2,53,54,9.6,2.37,1,1,1.7,59.3,32,0,12,5.9,60,2,19,174,70.8,68.9,67.0,70.9,0,0,65,1,16.7,95.6,3.3,2,2,0,0,3,4,6.2,332,6.1
5,Austin Reed,111760,QB,W KENTUCKY,1,68.1,47,52,8.9,2.43,2,3,5.5,57.7,30,0,20,6.3,54,2,18,346,71.7,72.1,69.7,66.4,2,1,57,0,0.0,78.8,0.0,0,2,0,1,2,4,7.0,297,5.7
5,Carter Bradley,77685,QB,S ALABAMA,1,66.7,45,51,9.0,2.5,3,2,3.6,54.9,28,0,24,6.7,58,2,14,288,43.0,64.9,62.5,66.6,1,2,62,1,16.7,69.0,6.9,4,3,0,2,2,2,3.2,299,5.9
5,E.J. Warner,156185,QB,TEMPLE,1,76.7,43,49,6.3,2.11,2,1,2.0,55.1,27,0,14,18.2,51,6,15,306,70.6,67.8,67.2,60.5,1,1,53,0,7.1,76.0,2.0,1,1,0,3,2,1,1.9,269,5.5
5,Shedeur Sanders,131396,QB,COLORADO,1,80.0,40,45,6.7,2.64,2,4,8.2,66.7,30,0,17,6.3,53,2,15,143,72.0,90.2,90.5,65.8,1,1,57,0,17.6,112.4,5.7,3,5,0,2,4,0,0.0,371,8.2
5,Nicholas Vattiato,145302,QB,MIDDLE TN,1,73.3,45,45,6.4,2.4,0,3,5.9,60.0,27,0,10,18.2,48,6,11,224,71.3,77.7,75.9,65.6,0,2,55,0,20.0,56.9,4.2,2,1,0,0,0,3,5.5,252,5.6
5,Alex Flinn,123797,QB,E CAROLINA,1,65.9,41,45,8.3,3.01,0,2,4.1,46.7,21,0,27,22.2,53,6,15,156,71.8,59.1,62.1,55.2,0,1,58,1,11.1,54.5,5.7,3,5,1,3,0,3,5.2,246,5.5
5,Noah Kim,129623,QB,MICH STATE,1,68.4,38,44,6.1,2.8,2,0,0.0,56.8,25,0,10,3.8,44,1,8,223,71.7,51.7,47.0,70.1,0,3,46,1,0.0,39.3,0.0,0,0,0,4,0,2,4.3,193,4.4
5,Donovan Smith,73929,QB,HOUSTON,1,79.5,39,42,8.1,2.74,0,3,7.0,71.4,30,0,16,3.2,46,1,18,182,41.2,82.7,75.7,76.6,0,0,48,0,6.3,126.7,2.2,1,3,1,2,4,3,6.3,336,8.0
5,Chandler Morris,122938,QB,TCU,1,59.0,39,42,10.1,3.02,1,0,0.0,54.8,23,0,17,0.0,48,0,11,305,71.1,64.4,52.7,85.8,0,0,48,1,23.5,93.2,8.3,4,2,0,2,2,4,8.3,298,7.1
5,Billy Wiles,144144,QB,SO MISS,1,55.0,40,42,11.9,2.89,0,0,0.0,50.0,21,0,23,4.5,49,1,12,296,41.4,60.3,58.4,62.0,1,1,53,0,8.7,77.0,4.1,2,5,0,1,2,1,1.9,275,6.5
5,Michael Penix Jr.,82134,QB,WASHINGTON,1,82.1,39,41,6.7,2.57,0,1,2.4,75.6,31,0,6,3.1,43,1,19,340,69.4,77.2,75.3,63.1,0,0,46,0,33.3,103.1,4.7,2,0,0,2,0,0,0.0,374,9.1
5,Taisun Phommachanh,99577,QB,UMASS,1,82.5,40,41,5.9,2.61,0,1,2.3,75.6,31,0,11,6.1,46,2,13,216,69.5,57.8,58.1,57.3,0,1,48,1,36.4,90.9,8.7,4,1,0,1,1,2,4.2,274,6.7
5,Brady Cook,124199,QB,MISSOURI,1,87.2,39,41,8.6,2.11,2,4,9.1,80.5,33,0,9,2.9,41,1,21,229,71.6,91.1,92.2,54.2,0,0,44,0,0.0,139.3,0.0,0,0,0,0,4,0,0.0,395,9.6
5,Trenton Bourguet,97285,QB,ARIZONA ST,1,71.8,39,41,6.0,2.47,0,1,2.3,63.4,26,0,10,7.1,43,2,12,110,69.9,59.3,52.7,69.7,0,1,46,0,10.0,79.7,2.3,1,1,1,1,0,2,4.3,344,8.4
5,Noah Fifita,158722,QB,ARIZONA,1,74.4,39,40,7.6,2.65,1,0,0.0,67.5,27,0,10,6.9,47,2,14,109,69.7,64.5,66.8,52.7,0,1,50,0,10.0,97.1,2.1,1,5,0,0,3,3,6.0,232,5.8
5,Caleb Williams,144622,QB,USC,1,76.9,39,40,9.2,2.71,0,0,0.0,75.0,30,0,11,0.0,43,0,21,326,71.3,75.6,74.6,63.4,0,1,45,0,18.2,135.7,4.7,2,1,0,1,6,2,4.4,403,10.1
5,Jaxson Dart,146409,QB,OLE MISS,1,82.9,35,39,10.0,2.26,2,1,2.4,66.7,26,0,11,10.3,42,3,19,226,71.3,90.6,86.8,77.0,2,0,44,0,0.0,133.4,0.0,0,2,0,0,4,0,0.0,389,10.0
5,Dillon Gabriel,86272,QB,OKLAHOMA,1,76.3,38,39,11.8,2.63,1,1,2.4,66.7,26,0,8,10.3,42,3,16,261,71.6,76.4,67.8,79.7,0,1,45,0,0.0,111.7,0.0,0,2,0,0,3,3,6.7,366,9.4
5,Joey Aguilar,174978,QB,APP STATE,1,73.7,38,39,10.2,2.56,0,1,2.6,69.2,27,0,19,3.6,45,1,20,108,35.6,60.0,57.3,63.8,0,2,45,0,5.3,99.8,2.2,1,5,0,1,3,4,8.9,335,8.6
5,Treyson Bourguet,158154,QB,W MICHIGAN,1,63.2,38,39,7.5,2.48,0,3,7.3,61.5,24,0,11,0.0,44,0,13,347,71.3,62.1,66.7,51.3,0,0,46,1,9.1,114.0,2.3,1,4,0,1,3,2,4.3,328,8.4
5,Grayson McCall,98002,QB,COAST CAR,1,62.2,37,39,9.4,2.53,0,0,0.0,56.4,22,0,11,4.3,43,1,12,141,41.3,53.0,51.1,63.1,1,4,46,1,9.1,50.0,2.3,1,3,0,1,1,3,6.5,299,7.7
5,Haynes King,124329,QB,GA TECH,1,71.4,35,38,10.4,2.76,1,1,2.5,60.5,23,0,18,8.0,44,2,21,176,70.6,76.8,68.1,82.3,0,2,46,1,11.1,103.8,4.5,2,4,0,2,4,1,2.2,348,9.2
5,Jayden Daniels,97993,QB,LSU,1,85.7,35,38,11.5,2.81,1,4,10.5,71.1,27,0,10,10.0,47,3,21,211,41.7,85.2,88.9,61.1,0,0,47,0,30.0,141.8,6.4,3,6,2,0,4,2,4.3,414,10.9
5,Cade Klubnik,156253,QB,CLEMSON,1,68.6,35,37,10.2,3.09,1,3,7.3,62.2,23,0,11,4.2,44,1,13,140,69.9,51.2,49.0,61.7,0,0,48,0,27.3,101.5,6.8,3,4,0,1,2,3,6.3,263,7.1
5,Keegan Shoemaker,108983,QB,SM HOUSTON,1,68.8,32,37,9.0,2.65,0,0,0.0,59.5,22,0,14,0.0,39,0,15,281,35.7,57.9,63.7,42.8,0,1,41,1,0.0,91.4,0.0,0,2,0,5,2,1,2.4,293,7.9
5,Layne Hatcher,82068,QB,BALL ST,1,81.3,32,37,6.0,2.78,2,3,7.5,70.3,26,0,11,0.0,44,0,13,117,36.7,68.2,73.2,43.2,0,0,47,0,54.5,123.3,13.6,6,1,0,3,3,1,2.1,316,8.5
5,Emory Jones,82111,QB,CINCINNATI,1,69.4,36,36,10.4,2.82,0,0,0.0,63.9,23,0,14,8.0,42,2,15,138,72.3,64.0,55.3,71.0,0,1,45,0,7.1,101.2,2.4,1,5,0,0,3,1,2.2,256,7.1
5,Jack Plummer,83543,QB,LOUISVILLE,1,75.0,32,36,7.4,2.93,1,1,2.6,58.3,21,0,17,12.5,42,3,11,210,40.4,41.4,39.6,57.5,1,2,46,1,17.6,69.9,7.1,3,3,0,2,1,3,6.5,286,7.9
5,Chandler Rogers,98683,QB,N TEXAS,1,75.8,33,36,10.3,2.69,3,3,7.9,63.9,23,0,10,8.0,40,2,14,251,40.0,76.9,80.2,58.0,0,0,43,0,0.0,120.3,0.0,0,4,0,0,3,1,2.3,321,8.9
5,Quinn Ewers,127253,QB,TEXAS,1,73.5,34,35,10.7,2.75,1,0,0.0,71.4,25,0,14,0.0,41,0,21,311,69.7,72.7,68.4,70.6,0,1,43,0,14.3,97.9,4.9,2,4,0,0,1,1,2.3,325,9.3
5,Tony Muskett,142933,QB,VIRGINIA,1,76.7,30,35,9.0,2.59,1,1,2.8,62.9,22,0,21,4.3,42,1,15,335,71.6,57.8,60.5,54.1,2,1,44,1,19.0,100.5,9.5,4,3,0,2,3,1,2.3,247,7.1
5,Blake Shapen,122282,QB,BAYLOR,1,65.6,32,35,8.1,2.92,0,1,2.7,60.0,21,0,10,0.0,42,0,16,118,69.8,63.4,60.8,64.0,1,0,45,1,30.0,96.5,7.1,3,4,0,2,1,2,4.4,293,8.4
5,Jacob Zeno,98014,QB,UAB,1,81.8,33,35,3.9,2.3,0,0,0.0,77.1,27,0,16,0.0,38,0,13,321,33.9,53.0,60.8,38.1,1,0,38,0,12.5,94.5,5.3,2,0,0,1,0,0,0.0,236,6.7
5,Cam Fancher,145266,QB,MARSHALL,1,88.6,35,35,5.5,2.49,0,0,0.0,82.9,29,0,11,6.5,42,2,20,214,72.9,72.2,67.5,70.6,0,1,45,1,0.0,106.9,0.0,0,6,0,0,2,1,2.2,278,7.9
5,Brayden Schager,146078,QB,HAWAII,1,68.6,35,35,14.1,2.88,0,4,10.8,62.9,22,0,21,8.3,41,2,12,180,69.2,77.5,76.5,,0,1,44,0,28.6,98.9,14.6,6,0,0,0,2,0,0.0,313,8.9
5,Taulia Tagovailoa,97271,QB,MARYLAND,1,81.3,32,35,11.7,2.71,0,2,5.7,68.6,24,0,5,7.7,35,2,14,215,70.1,91.0,91.8,63.5,0,0,35,3,0.0,140.7,0.0,0,0,0,3,5,0,0.0,352,10.1
5,Spencer Rattler,97408,QB,S CAROLINA,1,78.1,32,35,3.8,2.99,0,0,0.0,68.6,24,0,19,4.0,45,1,7,289,69.8,45.7,36.1,68.9,0,1,46,0,31.6,67.4,13.3,6,4,0,3,0,3,6.5,169,4.8
5,Mikey Keene,70961,QB,FRESNO ST,1,83.9,31,34,5.2,3.0,0,0,0.0,76.5,26,0,13,0.0,37,0,12,169,69.3,57.5,57.8,56.9,0,2,38,0,15.4,93.9,5.4,2,1,0,3,2,2,5.3,269,7.9
5,Cole Snyder,97617,QB,BUFFALO,1,65.6,32,34,8.4,2.53,0,2,5.0,55.9,19,0,11,9.5,41,2,9,126,70.7,60.6,58.2,63.3,0,0,47,0,36.4,76.5,9.8,4,3,0,2,1,0,0.0,147,4.3
5,Byrum Brown,156206,QB,USF,1,84.4,32,34,11.4,2.59,1,1,2.9,76.5,26,0,12,3.7,39,1,11,327,49.7,80.0,81.5,60.1,1,0,40,0,33.3,136.6,10.3,4,1,0,0,3,0,0.0,338,9.9
5,Rocco Becht,157567,QB,IOWA STATE,1,50.0,32,33,7.5,2.44,0,1,2.9,45.5,15,0,17,6.3,35,1,7,193,70.9,54.9,54.6,57.9,0,2,36,0,5.9,58.6,2.9,1,1,0,1,2,1,2.8,188,5.7
5,Carson Beck,124010,QB,GEORGIA,1,76.7,30,33,10.8,2.46,1,1,2.9,69.7,23,0,8,0.0,35,0,14,173,70.1,88.7,89.3,61.3,2,1,36,0,0.0,97.8,0.0,0,2,0,0,1,1,2.8,318,9.6
5,Drew Allar,164157,QB,PENN STATE,1,58.1,31,33,7.9,2.75,1,1,3.0,54.5,18,0,7,0.0,35,0,10,266,71.3,74.4,67.7,73.8,0,0,35,0,14.3,81.5,2.9,1,1,0,1,1,0,0.0,189,5.7
5,Rocky Lombardi,60452,QB,N ILLINOIS,1,71.9,32,32,10.6,2.72,0,1,2.9,68.8,22,0,11,4.3,37,1,15,254,34.5,65.3,68.2,54.8,0,0,39,0,18.2,114.2,5.4,2,3,0,0,2,2,5.1,261,8.2
5,Joe Milton III,82151,QB,TENNESSEE,1,77.4,31,32,6.1,2.36,1,0,0.0,65.6,21,0,7,12.5,34,3,13,307,69.2,54.2,51.4,63.0,0,2,36,0,14.3,72.3,2.9,1,1,0,0,1,2,5.6,239,7.5
5,JT Daniels,83578,QB,RICE,1,69.0,29,32,8.9,2.52,2,1,3.0,56.3,18,0,10,10.0,34,2,10,275,69.2,78.3,83.6,56.9,0,1,36,3,10.0,87.0,2.9,1,1,0,1,2,0,0.0,232,7.3
5,Bo Nix,97790,QB,OREGON,1,87.5,32,32,8.7,2.53,0,1,3.1,84.4,27,0,3,3.6,33,1,15,264,69.5,78.0,75.4,67.1,0,0,33,0,0.0,144.0,0.0,0,1,0,0,4,1,3.0,290,9.1
5,Connor Bazelak,99135,QB,BOWL GREEN,1,75.9,29,32,5.8,2.52,1,0,0.0,65.6,21,0,10,4.5,34,1,11,122,71.4,72.1,67.8,70.1,0,0,37,0,20.0,101.4,5.9,2,0,0,2,1,0,0.0,263,8.2
5,Ta'Quan Roberson,101625,QB,UCONN,1,77.4,31,32,7.4,2.54,0,3,8.8,71.9,23,0,11,4.2,36,1,11,146,50.7,70.8,74.1,59.3,1,1,38,1,9.1,103.0,2.8,1,2,0,0,2,2,5.3,255,8.0
5,Brayden Fowler-Nicolosi,157207,QB,COLO STATE,1,83.9,31,32,8.9,2.99,0,3,9.1,81.3,26,0,10,0.0,37,0,20,144,69.3,62.7,62.8,58.8,0,2,38,0,10.0,132.3,2.7,1,4,0,1,4,3,7.9,462,14.4
5,Ken Seals,124359,QB,VANDERBILT,1,73.3,30,31,8.6,2.99,1,3,9.4,64.5,20,0,17,9.1,34,2,10,333,69.6,70.3,73.2,54.2,0,1,35,0,5.9,98.7,2.9,1,2,0,0,2,2,5.7,259,8.4
5,Sam Hartman,77618,QB,NOTRE DAME,1,63.0,27,31,11.5,3.19,0,3,8.6,48.4,15,0,20,11.8,37,2,10,258,69.1,70.2,69.6,61.3,3,0,41,0,10.0,72.2,5.4,2,4,1,0,0,2,4.9,222,7.2
5,Gunnar Watson,83570,QB,TROY,1,89.7,29,30,7.4,2.44,0,1,3.1,76.7,23,0,6,11.5,32,3,14,318,69.1,82.7,83.1,66.2,1,1,34,1,0.0,98.8,0.0,0,2,0,0,1,1,2.9,256,8.5
5,Graham Mertz,97994,QB,FLORIDA,1,86.7,30,30,7.5,3.48,0,3,9.4,83.3,25,0,15,3.8,37,1,10,163,69.4,86.6,90.2,54.7,0,1,39,0,20.0,108.9,8.1,3,4,0,0,2,0,0.0,244,8.1
5,Dylan Hopkins,83571,QB,NEW MEXICO,1,58.6,29,30,12.2,2.38,0,0,0.0,46.7,14,0,4,17.6,36,3,12,241,42.0,48.1,43.4,68.2,0,1,36,0,50.0,59.2,5.6,2,3,0,1,1,4,11.1,151,5.0
5,Michael Alaimo,129802,QB,KENT STATE,1,64.3,28,30,10.8,2.92,1,0,0.0,60.0,18,0,18,0.0,40,0,8,201,70.0,63.2,64.9,55.0,0,0,42,0,38.9,76.4,17.5,7,3,0,1,0,0,0.0,175,5.8
5,Garrett Shrader,98212,QB,SYRACUSE,1,58.6,29,29,12.1,2.81,0,2,6.7,51.7,15,0,15,11.8,39,2,7,304,23.1,48.8,52.7,51.3,0,1,40,0,33.3,79.1,12.8,5,5,0,0,2,4,10.0,176,6.1
5,Devin Grainger,78496,QB,GA STATE,1,74.1,27,29,8.3,2.67,0,2,6.7,65.5,19,0,17,5.0,31,1,7,175,71.9,66.9,62.6,66.5,1,2,32,0,5.9,55.7,3.2,1,1,0,1,0,2,6.3,193,6.7
5,Tayven Jackson,157615,QB,INDIANA,1,66.7,27,29,8.2,3.01,0,0,0.0,58.6,17,0,11,5.6,31,1,7,190,69.4,58.8,59.7,55.4,1,1,32,0,18.2,52.8,6.5,2,0,0,1,0,1,3.1,113,3.9
5,Logan Smothers,129713,QB,JVILLE ST,1,64.3,28,29,11.3,2.3,0,2,6.5,55.2,16,0,7,11.1,31,2,8,196,39.4,66.6,64.7,63.4,0,0,33,0,14.3,110.8,3.2,1,1,1,0,3,2,6.1,197,6.8
5,Max Johnson,124099,QB,TEXAS A&M,1,80.0,25,28,9.0,2.79,0,1,3.6,60.7,17,0,13,15.0,33,3,11,312,21.2,74.0,89.3,43.2,1,1,33,0,0.0,92.9,0.0,0,5,0,2,2,1,3.0,210,7.5
5,Seth Henigan,144267,QB,MEMPHIS,1,74.1,27,28,9.9,2.76,1,2,6.9,64.3,18,0,7,10.0,34,2,11,218,72.0,82.4,82.1,66.4,0,0,35,1,14.3,119.5,2.9,1,5,0,0,2,0,0.0,269,9.6
5,Sam Jackson V,144682,QB,CAL,1,46.2,26,28,11.0,2.6,0,2,6.9,42.9,12,0,10,0.0,32,0,6,130,37.2,58.2,51.3,67.7,0,0,33,0,20.0,69.0,6.3,2,2,0,2,1,2,6.1,130,4.6
5,Will Rogers,124184,QB,MISS STATE,1,66.7,24,28,6.2,2.6,0,0,0.0,57.1,16,0,11,0.0,33,0,7,227,70.4,50.8,45.3,67.4,0,3,33,0,27.3,37.9,9.1,3,1,0,4,1,2,6.1,107,3.8
5,Jiya Wright,77688,QB,LA MONROE,1,79.2,24,27,12.5,2.82,1,2,6.5,66.7,18,0,9,5.3,33,1,12,209,73.1,74.8,73.8,64.9,1,1,37,0,33.3,123.1,9.1,3,3,0,1,4,1,2.7,268,9.9
5,Riley Leonard,143862,QB,DUKE,1,56.0,25,27,8.6,2.93,1,0,0.0,44.4,12,0,19,14.3,34,2,11,154,41.4,53.4,35.9,74.5,0,1,36,0,15.8,56.7,8.8,3,4,0,1,1,2,5.6,134,5.0
5,Luke Altmyer,146802,QB,ILLINOIS,1,73.9,23,26,8.9,2.79,1,2,7.4,61.5,16,0,15,5.9,34,1,10,187,21.6,52.4,56.2,54.1,0,0,37,1,33.3,98.6,14.7,5,3,1,1,1,1,2.7,202,7.8
5,Hudson Card,123109,QB,PURDUE,1,73.1,26,26,10.3,2.85,0,3,10.3,69.2,18,0,8,5.3,28,1,10,273,70.3,80.5,84.6,53.2,0,0,31,0,25.0,120.2,7.1,2,0,0,0,2,0,0.0,217,8.3
5,Tommy Castellanos,158433,QB,BOSTON COL,1,68.0,25,26,9.3,3.14,0,0,0.0,61.5,16,0,7,5.9,30,1,9,121,44.6,50.5,44.2,60.4,1,2,34,0,14.3,76.3,3.3,1,3,0,0,2,3,8.8,183,7.0
5,Timmy McClain,144488,QB,UCF,1,58.3,24,26,11.2,3.68,0,2,6.9,50.0,13,0,8,7.1,31,1,9,323,70.1,54.5,52.0,64.9,0,1,35,1,12.5,90.9,3.2,1,4,1,1,2,2,5.7,234,9.0
5,Deacon Hill,145170,QB,IOWA,1,64.0,25,26,7.1,2.62,1,0,0.0,42.3,11,0,7,31.3,27,5,5,192,69.7,46.5,43.6,63.8,0,1,29,0,14.3,52.6,3.7,1,0,0,0,1,3,10.3,115,4.4
5,Ben Bryant,77655,QB,NWESTERN,1,63.6,22,26,6.7,2.68,0,0,0.0,53.8,14,0,17,0.0,33,0,5,256,70.4,50.0,50.5,59.4,0,0,34,1,29.4,66.5,15.2,5,2,0,4,0,0,0.0,122,4.7
5,DJ Irons,145585,QB,AKRON,1,73.1,26,26,8.9,2.76,0,0,0.0,73.1,19,0,11,0.0,34,0,11,102,38.2,60.8,61.7,58.6,0,0,35,0,27.3,97.6,8.8,3,5,0,0,1,1,2.9,136,5.2
5,Jase Bauer,145714,QB,C MICHIGAN,1,82.6,23,26,6.7,3.09,2,0,0.0,73.1,19,0,9,0.0,28,0,12,134,69.2,78.3,70.9,76.8,0,1,29,0,11.1,94.7,3.6,1,1,0,1,1,0,0.0,218,8.4
5,Austin Smith,145763,QB,E MICHIGAN,1,80.0,25,26,7.0,3.03,0,1,3.6,76.9,20,0,13,0.0,34,0,9,160,73.1,70.6,66.2,67.1,0,0,37,0,30.8,108.5,11.8,4,4,0,1,1,1,2.7,184,7.1
5,Andrew Peasley,83581,QB,WYOMING,1,78.3,23,25,7.1,2.91,1,2,7.7,64.0,16,0,8,11.1,28,2,7,351,29.7,71.1,64.5,71.3,0,0,29,0,12.5,101.1,3.6,1,2,0,1,1,1,3.4,194,7.8
5,Zeon Chriss-Gremillion,156733,QB,LA LAFAYET,1,69.6,23,25,12.4,3.33,0,2,8.0,56.0,14,0,11,12.5,30,2,10,207,70.7,69.0,65.1,66.4,0,2,31,0,9.1,70.8,3.3,1,4,0,2,2,3,9.7,172,6.9
5,Jalen Mayden,83520,QB,S DIEGO ST,1,59.1,22,25,7.6,2.8,0,0,0.0,52.0,13,0,8,0.0,27,0,7,284,69.1,56.6,47.5,76.1,0,1,27,0,12.5,62.4,3.7,1,1,1,2,1,1,3.7,122,4.9
5,DJ Uiagalelei,122162,QB,OREGON ST,1,69.6,23,25,12.4,2.54,0,3,12.0,56.0,14,0,8,12.5,26,2,9,265,71.0,69.1,62.9,71.4,0,1,26,0,12.5,79.4,3.8,1,0,0,2,1,2,7.7,204,8.2
5,Heinrich Haarberg,144993,QB,NEBRASKA,1,71.4,21,25,10.3,2.98,1,0,0.0,56.0,14,0,14,6.7,30,1,7,238,41.0,61.0,62.3,56.5,0,1,30,0,28.6,65.3,13.3,4,1,0,3,0,1,3.3,199,8.0
5,Jaylen Raynor,172203,QB,ARK STATE,1,84.0,25,25,15.4,2.84,0,4,14.3,80.0,20,0,4,4.8,28,1,19,113,71.9,85.5,90.5,57.4,0,0,31,0,25.0,158.3,3.6,1,2,0,0,6,0,0.0,383,15.3
5,Brennan Armstrong,77696,QB,NC STATE,1,60.9,23,25,11.4,3.08,0,2,7.4,52.0,13,0,14,7.1,35,1,5,248,38.7,50.0,63.8,42.7,1,2,38,0,14.3,30.8,5.7,2,8,0,1,0,1,2.6,112,4.5
5,Taylen Green,145996,QB,BOISE ST,1,52.2,23,24,13.0,2.75,0,1,3.8,50.0,12,0,6,0.0,24,0,6,120,71.8,68.5,66.1,64.5,0,0,26,0,0.0,78.5,0.0,0,0,0,1,0,0,0.0,200,8.3
5,T.J. Finley,124093,QB,TEXAS ST,1,86.4,22,24,5.7,2.39,1,0,0.0,79.2,19,0,10,0.0,27,0,12,314,69.1,82.7,81.1,63.6,1,0,29,0,30.0,146.5,11.1,3,0,0,0,2,0,0.0,338,14.1
5,Kedon Slovis,100580,QB,BYU,1,66.7,21,24,12.8,2.68,1,0,0.0,54.2,13,0,8,7.1,24,1,10,128,70.2,64.6,59.4,70.3,1,0,26,0,0.0,113.7,0.0,0,0,0,1,2,2,7.7,223,9.3
5,Michael Pratt,123229,QB,TULANE,1,63.6,22,23,14.0,2.51,0,2,8.3,60.9,14,0,6,0.0,25,0,9,319,70.0,73.4,71.7,64.8,1,0,26,0,16.7,115.1,4.0,1,1,0,0,2,0,0.0,184,8.0
5,Preston Stone,124716,QB,SMU,1,69.6,23,23,10.1,3.05,0,2,8.0,60.9,14,0,9,12.5,30,2,10,287,69.0,72.6,67.6,70.1,0,1,33,0,33.3,88.1,10.0,3,4,0,0,2,0,0.0,135,5.9
5,Nate Johnson,158489,QB,UTAH,1,59.1,22,23,8.8,3.29,0,0,0.0,34.8,8,0,16,38.5,30,5,3,328,69.4,41.2,43.2,50.6,0,0,32,0,12.5,63.9,6.7,2,5,0,1,1,1,3.1,101,4.4
5,Jack Shields,156830,QB,DOMINION,1,59.1,22,23,12.8,2.45,1,0,0.0,47.8,11,0,5,15.4,24,2,3,263,70.0,29.4,27.8,62.9,0,3,26,0,20.0,34.1,4.2,1,0,0,0,1,3,11.5,95,4.1
5,Brett Gabbert,97404,QB,MIAMI OH,1,68.2,22,23,15.2,2.32,0,1,4.2,47.8,11,0,10,26.7,27,4,10,221,70.1,56.4,54.9,60.6,0,0,28,0,40.0,94.7,14.8,4,0,0,1,1,2,7.1,211,9.2
5,Behren Morton,144747,QB,TEXAS TECH,1,80.0,20,22,8.7,2.83,0,0,0.0,63.6,14,0,4,12.5,25,2,9,315,68.3,79.0,80.8,58.9,1,0,25,0,25.0,115.9,4.0,1,2,0,1,2,0,0.0,161,7.3
5,Jordan McCloud,101058,QB,JAMES MAD,1,77.8,18,22,9.4,3.41,1,1,4.2,54.5,12,0,16,14.3,30,2,8,197,30.7,68.4,63.5,67.1,1,1,32,0,12.5,113.8,6.7,2,6,0,2,3,2,6.3,241,11.0
5,Phil Jurkovec,83533,QB,PITTSBURGH,1,55.0,20,22,15.0,3.0,0,1,4.5,50.0,11,0,16,0.0,27,0,6,268,27.3,44.5,46.3,62.9,0,0,27,3,25.0,118.6,14.8,4,0,0,2,2,2,7.4,235,10.7
5,Jason Bean,83529,QB,KANSAS,1,57.9,19,21,15.1,3.15,0,1,4.3,42.9,9,0,13,18.2,26,2,6,198,28.8,49.4,58.8,43.4,0,0,28,0,0.0,80.7,0.0,0,4,0,2,1,0,0.0,136,6.5
5,Garrett Greene,123420,QB,W VIRGINIA,1,60.0,20,21,12.7,3.19,1,0,0.0,47.6,10,0,3,16.7,28,2,9,343,71.0,65.7,62.4,64.1,0,0,28,1,0.0,69.9,0.0,0,7,0,0,0,1,3.6,142,6.8
5,Jayden Maiava,158135,QB,UNLV,1,60.0,20,21,8.7,2.41,1,1,4.5,52.4,11,0,4,8.3,22,1,9,325,28.5,57.2,60.8,48.5,0,0,23,0,0.0,105.7,0.0,0,1,0,0,2,2,8.7,142,6.8
5,Brendon Lewis,131687,QB,NEVADA,1,62.5,16,20,9.8,3.07,2,1,4.5,45.0,9,0,21,10.0,30,1,5,239,71.2,47.0,36.1,69.5,1,2,32,1,28.6,14.6,20.0,6,4,0,1,0,3,9.4,70,3.5
5,Justin Lamson,144052,QB,STANFORD,1,63.2,19,20,9.5,3.11,1,0,0.0,55.0,11,0,13,8.3,28,1,6,300,24.6,46.7,47.6,53.3,0,0,29,0,30.8,70.0,14.3,4,4,0,0,0,1,3.4,106,5.3
5,Kyron Drones,144506,QB,VA TECH,1,72.2,18,20,11.8,2.59,0,1,4.8,60.0,12,0,11,7.7,23,1,8,337,37.8,78.4,62.2,80.8,0,0,24,2,18.2,139.2,8.7,2,1,0,2,3,2,8.3,228,11.4
5,Jack Turner,162969,QB,LA TECH,1,75.0,16,20,10.4,2.25,3,0,0.0,45.0,9,0,6,25.0,22,3,3,208,28.5,39.3,31.0,66.9,1,0,26,0,33.3,87.9,9.1,2,0,0,0,1,2,7.7,152,7.6
5,Dequan Finn,97804,QB,TOLEDO,1,89.5,19,20,10.7,3.16,0,2,10.0,80.0,16,0,8,5.9,23,1,10,316,70.4,92.5,92.4,72.3,0,0,24,0,0.0,152.1,0.0,0,3,0,1,2,0,0.0,277,13.9
5,Payton Thorne,101629,QB,AUBURN,1,68.4,19,19,10.1,2.48,0,3,14.3,52.6,10,0,7,23.1,25,3,4,115,71.0,84.9,84.6,66.8,0,1,27,0,42.9,42.0,12.0,3,3,0,0,0,0,0.0,82,4.3
5,Gavin Wimsatt,155757,QB,RUTGERS,1,63.2,19,19,13.8,3.24,0,0,0.0,63.2,12,0,3,0.0,24,0,11,278,69.1,64.5,64.2,59.6,0,0,27,0,33.3,104.3,4.2,1,4,0,0,1,0,0.0,146,7.7
5,Devin Leary,77628,QB,KENTUCKY,1,70.6,17,19,5.9,1.94,2,0,0.0,47.4,9,0,2,25.0,19,3,7,202,67.1,71.2,70.2,,0,0,20,0,0.0,74.2,0.0,0,0,0,0,1,1,5.0,69,3.6
5,KJ Jefferson,99129,QB,ARKANSAS,1,60.0,15,17,12.1,3.41,1,1,5.6,52.9,9,0,14,0.0,29,0,7,111,71.1,67.5,60.7,68.8,0,1,30,0,57.1,73.7,27.6,8,4,0,1,1,0,0.0,132,7.8
5,Cardell Williams,156190,QB,TULSA,1,87.5,16,17,14.6,3.6,0,1,5.6,82.4,14,0,8,0.0,23,0,9,320,70.0,87.5,79.8,76.3,0,0,25,0,25.0,158.3,8.7,2,4,0,1,3,0,0.0,244,14.4
5,Trexler Ivey,122184,QB,CHARLOTTE,1,68.8,16,17,10.4,2.72,0,0,0.0,58.8,10,1,7,9.1,19,1,8,136,68.1,53.9,47.4,71.0,0,1,23,1,14.3,72.4,5.3,1,1,0,1,1,3,13.0,107,6.3
5,J.J. McCarthy,144918,QB,MICHIGAN,1,87.5,16,16,12.5,3.19,0,2,12.5,75.0,12,0,7,14.3,17,2,8,222,67.5,77.6,73.3,68.2,0,0,17,0,0.0,144.8,0.0,0,1,0,0,2,0,0.0,156,9.8
5,Jalon Jones,104762,QB,CHARLOTTE,1,81.8,11,15,3.9,2.82,1,0,0.0,60.0,9,0,12,0.0,17,0,3,136,71.6,55.1,54.6,60.8,0,0,17,1,8.3,67.9,5.9,1,1,0,3,0,0,0.0,57,3.8
5,AJ Bianco,158232,QB,NEVADA,1,64.3,14,14,8.2,2.33,0,1,6.7,64.3,9,0,7,0.0,16,0,7,239,67.5,76.2,71.2,69.2,0,0,17,0,14.3,108.3,6.3,1,1,0,0,1,0,0.0,97,6.9
5,Athan Kaliakmanis,144971,QB,MINNESOTA,1,85.7,14,14,9.4,2.97,0,0,0.0,85.7,12,0,6,0.0,18,0,7,225,70.8,78.4,70.1,73.0,0,1,20,0,16.7,119.9,5.6,1,3,0,0,2,1,5.0,146,10.4
5,Maddux Madsen,163379,QB,BOISE ST,1,78.6,14,14,10.3,2.58,0,1,6.7,78.6,11,0,2,0.0,14,0,8,120,66.4,69.4,68.9,,0,0,15,0,0.0,158.3,0.0,0,0,0,0,2,1,6.7,175,12.5
5,Kevin Hurley,145490,QB,UTEP,1,35.7,14,14,14.5,2.97,0,0,0.0,28.6,4,0,2,20.0,18,1,2,330,30.8,42.1,38.7,56.5,0,0,22,0,50.0,40.2,5.6,1,3,0,0,0,1,4.5,44,3.1
5,Cooper Legas,101286,QB,UTAH ST,1,100.0,11,12,7.2,2.36,0,1,7.7,91.7,11,0,5,0.0,14,0,7,329,70.0,75.9,85.0,55.1,0,0,15,0,0.0,158.3,0.0,0,2,0,1,3,0,0.0,204,17.0
5,Jalen Milroe,146590,QB,ALABAMA,1,90.9,11,12,11.9,4.24,0,0,0.0,83.3,10,0,10,0.0,21,0,11,103,68.8,83.4,74.1,75.9,1,0,23,0,40.0,118.8,19.0,4,5,0,0,0,0,0.0,164,13.7
5,Cade McConnell,73935,QB,UTEP,1,36.4,11,11,11.8,2.45,0,1,7.7,36.4,4,0,2,0.0,13,0,2,330,66.4,54.5,52.4,62.1,0,0,15,0,0.0,50.6,0.0,0,2,0,0,0,2,13.3,48,4.4
5,Brendan Sorsby,156398,QB,INDIANA,1,63.6,11,11,12.5,2.99,0,1,8.3,63.6,7,0,5,0.0,15,0,4,190,67.4,82.8,86.7,60.6,0,0,16,0,0.0,126.5,0.0,0,4,0,0,2,1,6.3,84,7.6
5,McCae Hillstead,174761,QB,UTAH ST,1,72.7,11,11,9.4,2.6,0,1,9.1,54.5,6,0,5,25.0,14,2,4,329,68.7,68.7,57.7,73.1,0,2,14,0,20.0,80.3,7.1,1,2,0,0,1,2,14.3,111,10.1
5,Bryson Barnes,131845,QB,UTAH,1,62.5,8,8,9.3,2.55,0,0,0.0,62.5,5,0,4,0.0,10,0,2,328,66.8,48.5,45.6,61.6,0,1,12,0,25.0,35.4,10.0,1,1,0,0,0,1,8.3,40,5.0
5,Zac Larrier,104193,QB,AIR FORCE,1,85.7,7,7,16.4,2.53,0,1,14.3,85.7,6,0,2,0.0,8,0,6,101,71.0,93.6,92.9,76.3,0,0,8,0,0.0,158.3,0.0,0,1,0,0,2,0,0.0,189,27.0
5,John Paddock,77689,QB,ILLINOIS,1,50.0,6,6,17.5,2.38,0,1,16.7,33.3,2,0,2,33.3,6,1,2,187,64.2,90.1,89.7,,0,0,6,0,0.0,46.5,0.0,0,0,0,0,0,0,0.0,24,4.0
5,Devon Dampier,171556,QB,NEW MEXICO,1,80.0,5,6,15.6,2.97,1,0,0.0,66.7,4,0,2,0.0,6,0,2,241,70.4,85.4,68.1,78.8,0,0,6,0,0.0,125.7,0.0,0,0,0,0,2,0,0.0,41,6.8
5,Blake Horvath,162555,QB,NAVY,1,66.7,6,6,14.2,3.3,0,1,16.7,66.7,4,0,4,0.0,8,0,2,237,71.6,39.4,55.7,45.1,0,0,8,2,0.0,149.3,0.0,0,2,0,0,2,1,12.5,83,13.8
5,Brendan Sullivan,145034,QB,NWESTERN,1,40.0,5,6,13.2,4.05,0,0,0.0,33.3,2,0,10,0.0,12,0,3,256,20.8,25.0,24.4,49.1,0,1,12,0,20.0,2.8,16.7,2,4,0,1,0,2,16.7,8,1.3
5,Tai Lavatai,121854,QB,NAVY,1,50.0,4,5,12.5,2.97,0,0,0.0,20.0,1,0,2,50.0,6,1,0,237,71.1,61.5,35.7,75.2,0,0,6,0,50.0,39.6,16.7,1,0,0,1,0,1,16.7,7,1.4
5,Cade McNamara,101620,QB,IOWA,1,80.0,5,5,2.4,2.47,0,0,0.0,60.0,3,0,2,25.0,6,1,2,192,64.2,54.2,58.1,57.3,0,0,6,0,0.0,90.4,0.0,0,1,0,0,0,0,0.0,46,9.2
5,Jack Tuttle,83580,QB,MICHIGAN,1,75.0,4,4,2.5,2.88,0,0,0.0,75.0,3,0,1,0.0,5,0,2,222,64.2,51.0,50.1,,0,0,6,0,100.0,88.5,20.0,1,0,0,0,0,0,0.0,23,5.8
5,Ashton Daniels,157259,QB,STANFORD,1,75.0,4,4,7.8,2.76,0,0,0.0,75.0,3,0,3,0.0,5,0,1,300,66.8,74.0,65.4,68.6,0,0,5,0,33.3,92.7,20.0,1,0,0,0,0,0,0.0,27,6.8
5,JJ Kohl,174674,QB,IOWA STATE,1,100.0,4,4,2.0,3.14,0,0,0.0,100.0,4,0,4,0.0,7,0,2,193,20.2,66.5,66.7,60.7,0,0,7,0,25.0,81.3,14.3,1,2,0,0,0,0,0.0,14,3.5
5,Zion Webb,63555,QB,JVILLE ST,1,0.0,4,4,24.0,2.75,0,0,0.0,0.0,0,0,1,,4,0,0,196,66.8,52.9,44.9,65.5,0,1,5,0,0.0,0.0,0.0,0,0,0,0,0,0,0.0,0,0.0
5,Davis Warren,73940,QB,MICHIGAN,1,100.0,1,2,3.0,2.47,1,0,0.0,0.0,0,0,1,100.0,3,1,0,222,62.7,53.0,58.9,57.0,0,0,3,0,0.0,39.6,0.0,0,1,0,0,0,0,0.0,0,0.0
5,Ajani Sheppard,170317,QB,RUTGERS,1,100.0,2,2,9.0,3.73,0,0,0.0,100.0,2,0,1,0.0,3,0,3,278,63.3,79.7,74.1,64.1,0,0,4,0,0.0,114.6,0.0,0,1,0,0,0,0,0.0,23,11.5
5,Jeff Undercuffler,78501,QB,AKRON,1,0.0,1,2,40.0,3.13,0,0,0.0,0.0,0,0,3,,3,0,0,102,64.8,48.9,47.2,60.0,1,0,3,0,33.3,39.6,33.3,1,0,0,0,0,0,0.0,0,0.0
5,Jake McNamara,157879,QB,UTEP,1,50.0,2,2,16.5,2.2,0,0,0.0,50.0,1,0,0,0.0,2,0,0,330,17.5,41.6,50.0,48.1,0,0,3,0,,62.5,0.0,0,0,0,0,0,0,0.0,9,4.5
5,Jackson Brousseau,173480,QB,COLO STATE,1,50.0,2,2,8.0,2.5,0,0,0.0,50.0,1,0,0,0.0,2,0,1,144,61.8,71.8,71.2,,0,0,2,0,,68.8,0.0,0,0,0,0,0,0,0.0,12,6.0
5,Cam Skattebo,147787,HB,ARIZONA ST,1,100.0,1,1,18.0,2.9,0,0,0.0,100.0,1,0,1,0.0,1,0,1,110,77.6,66.7,75.7,65.1,0,0,2,0,0.0,118.8,0.0,0,0,0,0,0,0,0.0,18,18.0
5,Jayden Denegal,158533,QB,MICHIGAN,1,100.0,1,1,11.0,3.67,0,0,0.0,100.0,1,0,2,0.0,3,0,2,222,62.7,73.4,73.1,61.4,0,0,3,0,0.0,139.6,0.0,0,2,0,0,1,0,0.0,8,8.0
5,Ty Thompson,146568,QB,OREGON,1,100.0,1,1,2.0,2.1,0,0,0.0,100.0,1,0,0,0.0,1,0,1,264,65.9,55.9,54.0,60.1,0,0,1,0,,100.0,0.0,0,0,0,0,0,0,0.0,8,8.0
5,Fred Farrier II,145441,WR,UAB,1,100.0,1,1,25.0,3.1,0,0,0.0,100.0,1,0,0,0.0,1,0,1,321,63.7,58.1,58.4,,0,0,1,0,,118.8,0.0,0,0,0,0,0,0,0.0,28,28.0
5,Ty Simpson,157008,QB,ALABAMA,1,0.0,1,1,14.0,2.4,0,0,0.0,0.0,0,0,0,,1,0,0,103,63.7,46.0,48.5,58.2,0,0,1,0,,39.6,0.0,0,0,0,0,0,0,0.0,0,0.0
5,LJ Martin,175035,HB,BYU,1,100.0,1,1,-3.0,2.2,0,0,0.0,100.0,1,0,0,0.0,1,0,0,128,75.4,76.1,60.6,77.7,0,0,1,0,,79.2,0.0,0,0,0,0,0,0,0.0,2,2.0
5,Holman Edwards,144246,QB,SO MISS,1,0.0,1,1,19.0,2.3,0,0,0.0,0.0,0,0,1,,1,0,0,296,60.3,46.8,47.3,,0,0,1,0,0.0,39.6,0.0,0,0,0,0,0,0,0.0,0,0.0
5,Robby Ashford,131702,QB,AUBURN,1,100.0,1,1,-3.0,1.7,0,0,0.0,100.0,1,0,0,0.0,1,0,0,115,68.7,75.1,60.6,68.9,0,0,1,0,,91.7,0.0,0,0,0,0,0,0,0.0,6,6.0
5,Dan Villari,129602,TE,SYRACUSE,1,100.0,1,1,20.0,3.3,0,0,0.0,0.0,0,0,0,100.0,1,1,0,304,65.9,72.7,70.6,58.2,0,0,2,1,,39.6,0.0,0,0,0,0,0,0,0.0,0,0.0
5,Kai Kroeger,124245,P,S CAROLINA,1,100.0,1,1,21.0,2.0,0,0,0.0,100.0,1,0,0,0.0,1,0,1,289,60.3,71.9,78.3,,0,0,1,0,,118.8,0.0,0,0,0,0,0,0,0.0,32,32.0
5,Carlos Del Rio-Wilson,146687,QB,SYRACUSE,1,100.0,1,1,5.0,1.4,0,0,0.0,100.0,1,0,0,0.0,1,0,0,304,63.7,70.6,60.6,63.6,0,0,1,0,,87.5,0.0,0,0,0,0,0,0,0.0,5,5.0
5,Camden Orth,108965,QB,BOWL GREEN,1,0.0,1,1,8.0,1.7,0,0,0.0,0.0,0,0,0,,1,0,0,122,69.7,74.0,61.6,68.6,0,0,1,0,,39.6,0.0,0,0,0,0,0,0,0.0,0,0.0
5,Noah Smith,104112,WR,SM HOUSTON,1,100.0,1,1,5.0,4.45,0,0,0.0,100.0,1,0,1,0.0,2,0,1,281,29.9,70.6,58.9,48.9,0,0,2,0,100.0,118.8,50.0,1,0,0,0,0,0,0.0,14,14.0
5,Beau Pribula,164182,QB,PENN STATE,1,100.0,1,1,19.0,2.7,0,0,0.0,100.0,1,0,0,0.0,1,0,1,266,60.3,73.2,72.6,,0,0,1,0,,158.3,0.0,0,0,0,0,1,0,0.0,30,30.0
5,Luke McCaffrey,101634,WR,RICE,1,,0,1,,2.7,1,0,0.0,0.0,0,0,1,,1,0,0,275,66.2,55.8,60.0,63.2,0,0,1,0,0.0,39.6,0.0,0,0,0,0,0,0,0.0,0,0.0
5,Chase Jenkins,173242,QB,RICE,1,100.0,1,1,0.0,3.7,0,0,0.0,100.0,1,0,1,0.0,2,0,1,275,67.6,80.7,60.6,73.6,0,0,2,0,0.0,100.0,0.0,0,1,0,0,0,0,0.0,8,8.0
5,Broc Lowry,173383,QB,INDIANA,1,100.0,1,1,4.0,1.8,0,0,0.0,100.0,1,0,0,0.0,1,0,0,190,60.3,60.5,60.6,,0,0,1,0,,100.0,0.0,0,0,0,0,0,0,0.0,8,8.0
5,Aidan Chiles,173727,QB,OREGON ST,1,100.0,1,1,21.0,3.5,0,1,100.0,100.0,1,0,2,0.0,3,0,1,265,62.7,75.4,81.9,59.1,0,0,3,0,100.0,118.8,66.7,2,0,0,0,0,0,0.0,23,23.0
5,Aidan Sayin,148974,QB,PENN,1,86.5,52,55,6.7,2.48,1,3,5.2,65.5,36,0,16,20.0,60,9,13,267,26.4,72.4,81.8,28.1,1,0,63,0,18.8,96.0,5.0,3,2,0,1,2,0,0.0,360,6.5
5,Michael Hiers,88636,QB,SAMFORD,1,87.8,49,49,6.9,2.43,0,2,3.8,83.7,41,0,5,4.7,52,2,23,282,45.3,90.5,90.9,59.2,0,2,55,0,40.0,90.9,3.8,2,1,0,0,1,2,3.6,405,8.3
5,Will McElvain,88639,QB,CENT ARK,1,64.4,45,49,6.9,2.72,0,1,2.0,57.1,28,0,16,3.4,52,1,18,132,71.6,55.0,55.8,62.6,0,1,54,2,6.3,89.7,1.9,1,2,1,3,3,2,3.7,330,6.7
5,Brian Maurer,99123,QB,STF AUSTIN,1,66.0,47,49,11.7,2.38,0,1,1.9,61.2,30,0,9,3.2,52,1,19,301,71.0,63.8,59.3,71.6,0,1,55,0,11.1,108.9,1.9,1,2,0,2,5,1,1.8,356,7.3
5,Jordan Cooke,175116,QB,IDAHO ST,1,73.9,46,47,8.6,2.42,0,2,4.0,66.0,31,0,13,8.8,48,3,15,186,71.2,70.6,71.9,57.0,0,2,51,0,0.0,86.2,0.0,0,1,0,1,3,2,3.9,289,6.1
5,Miles Hastings,103943,QB,UC DAVIS,1,65.1,43,47,8.5,2.11,0,1,2.0,57.4,27,0,10,3.6,47,1,15,322,70.1,76.1,75.2,60.0,1,0,50,0,0.0,79.1,0.0,0,0,0,3,1,0,0.0,249,5.3
5,Aaron Allen,78494,QB,ALCORN ST,1,75.6,45,46,8.7,2.67,1,2,4.2,69.6,32,0,17,5.9,52,2,18,107,69.9,89.8,85.2,80.8,0,1,54,1,17.6,99.0,5.8,3,3,0,0,2,1,1.9,370,8.0
5,Ralph Rucker IV,144625,QB,BUCKNELL,1,76.9,39,44,10.3,2.76,1,2,4.2,63.6,28,0,33,6.7,57,2,16,125,42.7,68.8,67.9,62.3,0,1,61,0,21.2,79.4,12.3,7,5,0,4,1,3,4.9,276,6.3
5,Quaterius Hawkins,160211,QB,NWSTATE,1,73.2,41,44,9.9,2.42,0,2,4.4,61.4,27,0,9,10.0,50,3,12,257,25.6,57.1,65.6,42.5,0,1,51,0,33.3,70.4,6.0,3,3,0,3,0,2,3.9,281,6.4
5,Blake Stenstrom,82106,QB,PRINCETON,1,73.2,41,43,6.9,2.79,1,2,4.7,60.5,26,0,9,13.3,46,4,8,272,72.7,78.5,79.5,65.3,1,1,47,1,11.1,61.3,2.2,1,2,0,0,0,1,2.1,191,4.4
5,Max Brosmer,105568,QB,NEW HAMP,1,78.6,42,43,10.5,2.64,0,1,2.2,65.1,28,0,12,15.2,49,5,21,240,49.0,84.8,83.4,65.8,0,0,51,0,25.0,104.8,6.1,3,3,0,1,2,1,2.0,340,7.9
5,Justin Miller,103941,QB,SO UTAH,1,55.3,38,42,12.1,2.83,1,3,6.7,42.9,18,0,18,14.3,47,3,8,298,38.2,51.7,57.8,35.5,2,1,50,0,11.1,78.5,4.3,2,1,0,1,4,1,2.0,190,4.5
5,Myles Crawley,141731,QB,GRAMBLING,1,74.4,39,42,9.4,2.08,1,2,4.5,61.9,26,0,7,10.3,42,3,14,177,69.7,89.2,88.5,60.0,0,0,44,0,0.0,96.9,0.0,0,0,0,2,2,0,0.0,276,6.6
5,Jacob Sirmon,83590,QB,N COLORADO,1,76.9,39,42,9.0,2.63,1,0,0.0,66.7,28,0,15,6.7,46,2,15,253,70.8,76.4,74.8,65.1,0,3,49,0,6.7,72.1,2.2,1,3,0,2,2,1,2.0,286,6.8
5,Nolan Grooms,108987,QB,YALE,1,76.9,39,40,9.7,2.84,0,4,10.0,72.5,29,0,15,3.3,45,1,20,352,38.9,86.1,84.0,68.6,0,0,45,0,6.7,133.8,2.2,1,4,0,1,4,1,2.2,364,9.1
5,Mitch Davidson,138334,QB,YNGTOWN ST,1,83.8,37,40,8.8,3.03,0,1,2.5,75.0,30,0,20,3.2,45,1,18,353,70.2,73.9,72.4,65.9,2,1,45,0,10.0,105.5,4.4,2,3,0,1,2,1,2.2,333,8.3
5,Carter Cravens,150714,QB,MOREHEAD,1,54.5,33,40,11.9,2.85,0,2,5.0,45.0,18,1,21,0.0,46,0,11,234,71.3,56.4,50.1,73.4,2,1,46,1,14.3,60.5,6.5,3,3,0,5,1,1,2.2,221,5.5
5,Grant Sergent,108937,QB,SAN DIEGO,1,55.3,38,39,9.3,2.2,0,1,2.3,53.8,21,0,20,0.0,44,0,13,283,36.9,52.3,51.6,,0,0,48,3,25.0,115.4,11.4,5,0,0,1,3,1,2.1,401,10.3
5,Anthony Chiccitt,141376,QB,ROB MORRIS,1,68.4,38,39,7.0,2.66,1,1,2.6,64.1,25,0,12,3.8,46,1,9,277,22.2,42.2,42.2,55.5,0,1,46,0,33.3,72.4,8.7,4,3,0,0,1,3,6.5,178,4.6
5,Jake Willcox,148649,QB,BROWN,1,71.1,38,39,9.8,2.51,1,3,7.1,66.7,26,0,12,3.7,41,1,17,123,69.7,85.2,82.8,66.3,0,0,44,0,8.3,133.1,2.4,1,1,0,0,4,1,2.3,386,9.9
5,Maverick McIvor,99476,QB,ABILENE CH,1,62.9,35,37,11.7,2.4,0,1,2.6,51.4,19,0,12,13.6,41,3,12,100,32.5,53.9,51.5,65.9,0,1,42,0,16.7,94.1,4.9,2,2,1,1,4,3,7.1,217,5.9
5,Casey Case,130402,QB,STNY BROOK,1,73.5,34,37,12.8,2.35,1,2,5.3,59.5,22,0,12,12.0,39,3,13,303,69.5,70.9,72.2,59.8,1,1,40,1,16.7,115.6,5.1,2,0,0,1,4,2,5.0,348,9.4
5,Bo Kelly,158923,QB,CAL POLY,1,68.8,32,37,6.2,2.78,2,0,0.0,51.4,19,0,13,13.6,46,3,11,129,37.1,53.8,58.0,52.9,1,0,51,1,30.8,75.5,8.7,4,5,0,2,1,1,2.0,192,5.2
5,Luke Bailey,143172,QB,DRAKE,1,68.6,35,37,7.5,2.58,1,2,5.1,62.2,23,0,12,4.2,39,1,13,153,70.0,58.0,56.8,60.1,1,0,41,0,16.7,92.6,5.1,2,0,0,0,1,2,4.9,264,7.1
5,Pierce Holley,108981,QB,E ILLINOIS,1,72.7,33,36,12.3,3.28,0,5,12.2,52.8,19,0,5,20.8,39,5,13,158,69.4,90.2,89.4,63.7,0,0,45,0,40.0,87.0,5.1,2,1,0,3,1,1,2.2,274,7.6
5,Jameson Wang,148782,QB,CORNELL,1,75.8,33,36,6.8,2.55,2,1,2.7,63.9,23,0,15,8.0,44,2,12,147,18.1,65.4,54.6,76.1,0,0,47,0,20.0,92.5,6.8,3,5,0,1,1,2,4.3,241,6.7
5,Colby Suits,82143,QB,HOUCHR,1,48.6,35,36,15.3,2.67,0,3,7.7,47.2,17,0,15,0.0,40,0,11,183,35.6,63.6,61.4,64.5,0,0,43,0,26.7,67.8,10.0,4,0,0,1,0,1,2.3,228,6.3
5,Cole Dugger,154197,QB,LNDNWD,1,62.5,32,36,6.9,2.59,0,0,0.0,47.2,17,0,17,15.0,42,3,9,949,33.1,43.1,38.4,70.9,0,3,43,0,23.5,27.1,9.5,4,2,0,4,0,2,4.7,176,4.9
5,Rob McCoy,108989,QB,SACR HEART,1,55.9,34,35,8.6,2.2,1,2,5.3,45.7,16,0,9,15.8,37,3,4,280,71.8,60.5,52.4,74.2,0,2,40,0,11.1,31.7,2.7,1,0,0,0,0,1,2.5,129,3.7
5,Nic Baker,87541,QB,S ILLINOIS,1,81.8,33,35,6.5,2.39,0,0,0.0,74.3,26,0,12,3.7,39,1,14,295,70.4,84.6,84.8,62.7,1,0,42,0,16.7,107.4,5.1,2,2,0,1,1,0,0.0,285,8.1
5,Tyler Knoop,108982,QB,GEORGETOWN,1,74.3,35,35,7.5,2.29,0,0,0.0,68.6,24,0,10,7.7,36,2,13,172,70.8,54.2,53.7,61.0,0,3,41,1,0.0,78.4,0.0,0,1,0,0,3,2,4.9,221,6.3
5,Davius Richard,109077,QB,NC CENT,1,76.5,34,35,12.9,3.18,0,2,5.0,60.0,21,0,8,19.2,38,5,10,247,28.5,74.1,75.1,62.8,0,0,43,0,12.5,92.9,2.6,1,2,1,0,1,3,7.0,263,7.5
5,CJ Montes,146114,QB,FORDHAM,1,57.6,33,35,16.0,2.76,0,3,8.1,45.7,16,0,16,15.8,37,3,10,168,70.7,65.6,68.2,53.8,0,0,39,0,6.3,91.6,2.7,1,1,0,2,3,1,2.6,192,5.5
5,Kasim Hill,60444,QB,RHODE ISLD,1,63.6,33,34,11.2,2.52,0,3,8.8,55.9,19,0,5,9.5,35,2,15,274,69.1,68.5,66.5,62.4,0,1,35,0,20.0,106.4,2.9,1,0,0,1,3,2,5.7,331,9.7
5,Chris Zellous,153319,QB,HAMPTON,1,78.8,33,34,9.0,2.4,0,2,5.4,70.6,24,0,8,7.7,39,2,14,178,73.2,81.6,80.9,66.4,0,1,43,0,37.5,89.8,7.7,3,2,0,1,1,1,2.3,256,7.5
5,Nathan Kent,148446,QB,TOWSON,1,78.6,28,34,11.4,2.4,1,2,5.6,61.8,21,0,11,4.5,37,1,15,317,70.7,81.2,79.2,67.9,0,1,39,1,9.1,111.2,2.7,1,2,0,5,5,1,2.6,247,7.3
5,Noah Walters,164315,QB,N ALABAMA,1,69.7,33,33,13.1,2.44,0,6,17.1,63.6,21,0,8,8.7,34,2,14,389,71.3,91.0,87.9,80.1,0,2,36,0,12.5,94.0,2.9,1,0,0,0,2,1,2.8,348,10.5
5,Draylen Ellis,121346,QB,TENN STATE,1,66.7,30,33,13.7,3.15,0,2,5.7,48.5,16,0,10,20.0,37,4,11,308,69.8,70.0,70.8,60.0,0,0,39,0,10.0,65.5,2.7,1,3,0,3,0,2,5.1,182,5.5
5,Collin Ironside,139107,QB,VA MILT IN,1,62.5,32,33,9.3,2.72,0,1,2.9,57.6,19,0,16,5.0,40,1,6,336,38.3,38.0,38.4,53.5,1,1,42,0,31.3,59.9,12.5,5,2,0,0,0,4,9.5,178,5.4
5,Kobe Tracy,141317,QB,UTAHTC,1,73.3,30,33,9.6,2.23,0,2,5.6,63.6,21,0,18,4.5,37,1,10,1285,69.0,77.4,75.0,64.2,2,1,40,0,16.7,86.0,8.1,3,1,0,1,2,0,0.0,185,5.6
5,Adam Damante,170711,QB,N ARIZONA,1,76.7,30,32,8.5,2.54,0,3,9.1,68.8,22,0,11,4.3,34,1,10,252,69.1,78.3,78.3,60.0,1,1,35,0,9.1,83.5,2.9,1,0,0,1,1,3,8.6,205,6.4
5,Camden Coleman,170901,QB,RICHMOND,1,75.0,32,32,8.0,2.44,0,1,3.1,71.9,23,0,3,4.2,35,1,13,276,68.6,82.7,81.8,,0,1,35,0,100.0,99.2,8.6,3,0,0,0,2,0,0.0,226,7.1
5,Otto Kuhns,138014,QB,NORFOLK,1,62.1,29,31,13.8,3.16,2,3,9.1,51.6,16,0,15,11.1,37,2,13,244,21.4,66.6,71.1,53.2,0,0,39,1,20.0,101.1,8.1,3,3,0,0,3,1,2.6,177,5.7
5,Brayten Silbor,159764,QB,LEHIGH,1,75.9,29,31,10.1,2.2,0,4,12.1,58.1,18,0,11,18.2,33,4,9,205,70.2,82.4,84.6,60.2,2,1,37,0,0.0,59.1,0.0,0,2,0,0,0,1,2.7,164,5.3
5,Zolten Osborne,178620,QB,CHARLES SO,1,53.6,28,31,11.7,2.74,0,1,3.0,48.4,15,0,9,0.0,32,0,8,135,69.1,62.8,62.2,59.6,0,0,34,0,0.0,67.5,0.0,0,0,0,3,0,2,5.9,187,6.0
5,Mike DiLiello,121801,QB,AUSTINPEAY,1,55.2,29,30,19.1,2.48,1,5,16.7,50.0,15,0,6,6.3,31,1,10,116,70.3,90.4,87.5,77.0,0,1,31,1,0.0,111.7,0.0,0,1,0,0,3,1,3.2,349,11.6
5,Reese Poffenbarger,145346,QB,ALBANY,1,78.6,28,30,7.8,2.82,0,4,12.1,66.7,20,0,9,9.1,32,2,13,106,70.1,84.1,87.1,55.9,0,0,35,1,11.1,123.8,3.1,1,1,0,2,3,0,0.0,236,7.9
5,Connor Watkins,108971,QB,VILLANOVA,1,60.7,28,30,11.8,2.71,1,1,3.2,56.7,17,0,15,0.0,39,0,10,334,70.8,60.3,56.0,60.3,1,2,40,0,53.3,58.7,20.5,8,1,0,0,1,2,5.0,188,6.3
5,Robert Coleman,76149,QB,LAMAR,1,66.7,30,30,11.4,2.55,0,5,16.1,63.3,19,0,8,5.0,36,1,13,204,71.4,87.7,85.3,70.4,0,0,38,0,50.0,117.4,11.1,4,2,0,0,2,0,0.0,290,9.7
5,Pauly Seeley V,178692,QB,WOFFORD,1,69.2,26,30,13.0,3.18,1,2,6.3,50.0,15,0,20,16.7,42,3,9,350,33.7,65.7,68.3,53.5,0,1,44,0,35.0,50.7,16.7,7,5,1,2,0,2,4.5,150,5.0
5,Chase Artopoeus,100577,QB,CHATTNOOGA,1,55.6,27,30,12.3,2.94,2,1,3.0,50.0,15,0,8,0.0,34,0,10,137,70.2,65.0,63.3,62.7,0,2,38,0,25.0,43.3,5.9,2,2,0,1,0,2,5.3,197,6.6
5,Nate Glantz,157587,QB,MCNEESE,1,51.7,29,30,14.2,2.66,0,3,9.7,46.7,14,0,10,6.7,33,1,11,217,70.4,61.4,57.6,66.5,0,2,34,0,20.0,51.9,6.1,2,1,0,1,1,2,5.9,199,6.6
5,Darius Perrantes,103934,QB,DUQUESNE,1,60.7,28,29,12.5,2.35,0,2,6.7,58.6,17,0,5,0.0,30,0,11,155,68.8,61.0,59.9,59.7,1,2,31,0,20.0,93.2,3.3,1,0,0,0,3,1,3.2,254,8.8
5,Theo Day,83515,QB,N IOWA,1,75.0,28,29,11.5,2.63,1,3,10.3,72.4,21,0,10,0.0,32,0,15,255,69.9,91.5,91.3,64.9,0,1,32,0,30.0,136.4,9.4,3,0,0,0,4,1,3.1,339,11.7
5,Eli Sawyer,141870,QB,SE LA,1,76.0,25,29,6.8,2.31,0,1,3.2,58.6,17,0,13,10.5,30,2,10,294,68.4,58.0,60.2,,1,2,32,1,0.0,50.2,0.0,0,0,0,3,0,1,3.1,195,6.7
5,Quincy Casey,104763,QB,ALAB A&M,1,71.4,28,28,10.7,2.36,0,4,13.3,60.7,17,0,4,15.0,31,3,15,104,28.9,81.7,80.8,62.4,0,0,33,0,25.0,136.6,3.2,1,2,0,0,4,2,6.1,298,10.6
5,Tyler Wesley,162286,QB,PRESBYTERN,1,68.0,25,28,11.0,2.82,2,2,7.1,60.7,17,0,8,0.0,31,0,10,271,69.9,60.6,58.8,62.5,0,0,32,0,25.0,124.6,6.5,2,0,0,1,2,0,0.0,323,11.5
5,Marquez McCray,109056,QB,MONMOUTH,1,85.2,27,28,11.9,2.03,0,6,20.7,78.6,22,0,6,4.3,29,1,14,231,68.2,92.6,92.5,,0,0,30,0,16.7,155.8,3.4,1,0,0,1,4,0,0.0,333,11.9
5,Derek Robertson,142298,QB,MAINE,1,82.1,28,28,10.4,2.1,0,2,7.1,82.1,23,0,4,0.0,29,0,18,212,68.1,92.1,92.2,,0,0,29,0,0.0,158.3,0.0,0,0,0,0,5,0,0.0,388,13.9
5,Cole Gonzales,159939,QB,W CAROLINA,1,81.5,27,28,6.8,2.84,0,1,3.3,78.6,22,0,3,0.0,30,0,14,344,68.9,70.0,71.2,56.6,0,0,32,0,0.0,113.8,0.0,0,2,0,1,1,2,6.3,237,8.5
5,Kylan Weisser,78475,QB,WEBER ST,1,63.0,27,28,10.6,2.97,0,0,0.0,50.0,14,0,5,17.6,36,3,9,342,71.0,35.0,29.8,57.2,0,3,37,0,20.0,32.9,2.8,1,7,0,1,0,3,8.1,193,6.9
5,Josh Magana,174601,QB,TXAMCO,1,77.8,27,28,7.5,2.61,0,2,6.7,71.4,20,0,13,4.8,29,1,9,1139,25.5,70.4,69.6,,0,0,31,0,7.7,126.2,3.4,1,0,0,1,3,1,3.2,194,6.9
5,Jeremy Moussa,75887,QB,FL A&M,1,59.3,27,27,11.9,2.4,0,1,3.7,48.1,13,0,8,18.8,28,3,6,164,68.1,60.5,63.0,53.1,0,2,29,0,0.0,59.8,0.0,0,1,0,0,2,3,10.3,154,5.7
5,Kaiden Bennett,147778,QB,SACRAMENTO,1,76.9,26,27,12.7,3.24,0,7,25.0,66.7,18,0,16,10.0,35,2,14,279,74.5,92.2,93.6,69.4,1,0,36,1,25.0,109.6,11.4,4,4,0,0,1,0,0.0,257,9.5
5,Cade Chambers,148066,QB,INDIANA ST,1,64.0,25,27,10.3,2.62,1,0,0.0,55.6,15,0,6,6.3,29,1,11,191,68.9,65.9,67.3,54.6,0,1,32,0,16.7,69.8,3.4,1,1,0,1,1,0,0.0,159,5.9
5,Matt O'Connor,108972,QB,STETSON,1,92.6,27,27,7.7,2.42,0,1,3.3,74.1,20,0,12,20.0,30,5,15,302,69.9,83.9,81.3,68.4,0,1,33,0,16.7,118.0,6.7,2,1,0,0,2,1,3.0,291,10.8
5,Matthew Sluka,143059,QB,HOLY CROSS,1,66.7,27,27,13.7,3.53,0,1,3.7,59.3,16,0,9,11.1,35,2,11,181,25.0,52.7,49.8,59.8,0,3,35,0,33.3,101.5,8.6,3,5,0,0,4,4,11.4,324,12.0
5,Hajj-Malik Williams,102348,QB,CAMPBELL,1,88.5,26,27,10.1,2.43,0,2,7.1,85.2,23,0,6,0.0,30,0,14,131,29.1,79.8,83.0,55.3,0,1,31,0,16.7,140.5,3.3,1,2,0,1,5,1,3.2,322,11.9
5,Caden Bell,71181,QB,COLUMBIA,1,69.6,23,26,5.8,2.44,1,0,0.0,42.3,11,0,12,31.3,33,5,4,145,29.4,46.0,48.4,50.9,0,0,34,0,16.7,49.8,6.1,2,5,0,2,0,1,2.9,71,2.7
5,Ashur Carraha,165036,QB,STHLSK,1,41.7,24,26,8.5,2.58,1,1,3.7,38.5,10,0,9,0.0,31,0,6,1470,28.8,37.8,32.8,65.5,0,2,32,0,33.3,35.9,9.7,3,1,0,1,1,3,9.4,131,5.0
5,Bret Bushka,108927,QB,BUTLER,1,72.0,25,26,8.5,2.41,0,0,0.0,65.4,17,0,6,5.6,33,1,14,127,72.4,75.2,62.6,77.3,0,1,36,0,0.0,77.1,0.0,0,6,0,1,1,1,2.8,148,5.7
5,Kinkead Dent,99132,QB,TENN MARTN,1,79.2,24,25,10.7,2.67,1,4,15.4,64.0,16,0,10,15.8,27,3,13,310,71.5,90.8,90.9,67.3,0,1,29,0,20.0,90.6,7.4,2,0,0,0,1,2,6.9,231,9.2
5,Tommy Schuster,108954,QB,N DAKOTA,1,79.2,24,25,5.3,2.76,0,0,0.0,76.0,19,0,6,0.0,31,0,8,249,68.5,63.6,61.5,63.3,0,0,33,0,33.3,99.1,6.5,2,4,1,0,1,0,0.0,122,4.9
5,Cam Miller,125299,QB,N DAK ST,1,80.0,25,25,7.7,2.88,0,2,7.1,72.0,18,0,7,10.0,30,2,12,250,71.6,87.9,90.6,62.1,0,1,33,0,14.3,85.3,3.3,1,4,0,0,1,1,3.0,159,6.4
5,Zevi Eckhaus,148535,QB,BRYANT,1,62.5,24,25,8.5,2.83,1,1,3.6,48.0,12,0,15,20.0,34,3,5,124,69.3,41.5,37.8,58.8,0,1,38,0,20.0,58.8,8.8,3,6,0,0,1,3,7.9,120,4.8
5,Cole Doyle,159501,QB,ST FRANCIS,1,50.0,22,25,18.7,3.4,1,1,3.7,40.0,10,0,8,9.1,28,1,8,299,29.9,56.2,67.9,39.7,0,2,30,1,12.5,36.9,3.6,1,2,0,2,1,4,13.3,129,5.2
5,Zach Osborne,160474,QB,COLGATE,1,70.8,24,25,5.5,2.38,0,1,3.7,64.0,16,0,3,5.9,31,1,10,142,41.5,64.9,52.1,71.7,0,1,33,1,33.3,95.3,3.2,1,5,0,1,2,3,9.1,179,7.2
5,Tak Tateoka,172179,QB,STTHOM,1,77.3,22,24,6.5,2.41,0,1,4.2,66.7,16,0,14,5.9,28,1,5,1129,71.5,58.4,67.7,50.5,0,0,28,1,14.3,103.5,7.1,2,2,0,2,2,0,0.0,104,4.3
5,Dean DeNobile,159740,QB,LAFAYETTE,1,81.8,22,24,12.4,3.0,2,1,4.2,70.8,17,0,10,5.6,30,1,15,203,68.8,84.4,90.0,55.5,0,0,30,0,10.0,144.4,3.3,1,5,0,0,4,0,0.0,252,10.5
5,Dante Chachere,103930,QB,PORTLAND,1,69.6,23,24,7.8,2.3,0,2,7.4,54.2,13,0,13,18.8,33,3,6,269,24.1,47.5,40.1,63.2,0,2,36,0,30.8,26.0,12.1,4,3,0,1,0,3,8.3,78,3.3
5,Pat McQuaide,145792,QB,NICHOLLS,1,58.3,24,24,8.4,2.55,0,2,7.1,58.3,14,0,5,0.0,26,0,8,243,68.8,55.9,55.6,57.0,0,0,30,0,20.0,85.4,3.8,1,1,0,0,1,4,13.3,120,5.0
5,Dante Casciola,149521,QB,DAYTON,1,68.4,19,23,8.3,2.7,2,3,13.0,47.8,11,0,13,15.4,31,2,7,150,28.0,63.7,61.6,63.1,1,1,31,0,38.5,53.0,16.1,5,3,0,1,0,2,6.5,161,7.0
5,Jared Taylor,170695,QB,E WASHGTON,1,68.8,16,23,5.6,3.2,1,0,0.0,43.5,10,0,7,9.1,32,1,7,161,45.2,61.3,44.2,72.8,0,0,36,0,14.3,69.5,3.1,1,8,0,6,1,1,2.8,92,4.0
5,Jace Wilson,149892,QB,TEXAS STHN,1,75.0,20,23,6.1,2.58,1,2,8.0,60.9,14,0,2,6.7,26,1,6,313,68.0,86.5,82.1,71.7,0,0,28,0,50.0,75.5,3.8,1,2,0,2,0,0,0.0,125,5.4
5,Michael Appel Jr.,149746,QB,VALPO,1,50.0,22,23,13.8,2.67,1,1,4.0,39.1,9,0,10,18.2,29,2,3,332,31.2,56.5,44.4,81.0,0,2,32,0,60.0,27.1,20.7,6,0,0,0,1,2,6.3,78,3.4
5,Trazon Connley,75885,QB,PRVIEW A&M,1,52.4,21,22,17.0,3.32,0,1,4.3,50.0,11,0,13,0.0,30,0,9,270,68.9,52.4,53.7,54.1,0,1,32,0,30.8,67.2,13.3,4,4,0,1,0,1,3.1,224,10.2
5,Tyler Riddell,102355,QB,E TENN ST,1,52.6,19,22,14.1,3.57,1,2,8.7,40.9,9,0,13,10.0,26,1,6,157,69.1,71.9,64.1,74.9,1,1,27,0,15.4,52.8,7.7,2,2,0,1,1,1,3.7,108,4.9
5,Mark Gronowski,138303,QB,S DAK ST,1,70.0,20,22,7.2,2.88,0,0,0.0,59.1,13,0,4,7.1,22,1,12,292,27.6,77.7,71.8,75.4,0,0,22,0,0.0,98.1,0.0,0,0,0,2,1,1,4.5,167,7.6
5,Parker McKinney,82109,QB,E KENTUCKY,1,70.0,20,22,11.4,2.33,0,2,9.1,63.6,14,0,9,0.0,22,0,9,159,69.8,71.3,70.7,61.6,0,2,22,0,0.0,96.0,0.0,0,0,1,1,2,2,9.1,256,11.6
5,Sean Chambers,75888,QB,MONTANA ST,1,66.7,21,21,8.2,1.99,0,1,4.8,66.7,14,0,4,0.0,22,0,11,233,70.9,78.2,63.0,83.6,0,0,23,0,0.0,125.6,0.0,0,0,0,0,3,1,4.3,143,6.8
5,Jordan Pachot,164809,QB,MO STATE,1,80.0,20,21,9.6,2.53,1,1,4.3,66.7,14,0,12,12.5,25,2,9,230,26.7,66.7,66.6,60.0,0,0,27,0,33.3,108.4,16.0,4,0,0,0,1,1,3.7,176,8.4
5,Victor Gabalis,131932,QB,TARLETON,1,44.4,18,21,13.1,2.19,1,0,0.0,38.1,8,0,4,0.0,22,0,4,401,68.7,36.9,34.2,60.1,1,1,22,0,25.0,26.5,4.5,1,0,0,1,0,2,9.1,62,3.0
5,Clifton McDowell,98003,QB,MONTANA,1,88.9,18,20,8.1,2.6,2,0,0.0,65.0,13,0,5,18.8,22,3,12,232,75.4,80.7,73.5,72.8,0,0,23,0,20.0,106.3,4.5,1,1,0,0,1,1,4.3,160,8.0
5,Ricky Ortega,142401,QB,CENT CT ST,1,61.1,18,20,8.6,3.48,0,0,0.0,55.0,11,0,13,0.0,25,0,6,133,71.4,49.8,49.2,55.3,2,1,27,0,7.7,71.3,4.0,1,4,0,0,1,2,7.4,132,6.6
5,JR Blood,104782,QB,SOUTHERN U,1,90.0,20,20,10.0,2.28,0,1,4.8,90.0,18,0,4,0.0,25,0,12,297,26.6,69.2,80.8,35.9,0,1,26,0,50.0,128.8,8.0,2,2,0,0,2,2,7.7,238,11.9
5,Charles DePrima,148879,QB,HARVARD,1,45.0,20,20,14.1,3.3,0,1,5.0,45.0,9,0,12,0.0,27,0,11,179,73.3,58.7,54.7,62.1,0,0,28,0,16.7,104.4,7.4,2,5,0,0,2,0,0.0,151,7.6
5,Matthew Downing,82120,QB,ELON,1,82.4,17,20,9.8,3.03,0,0,0.0,70.0,14,0,9,0.0,23,0,7,162,27.9,70.6,68.9,63.4,1,0,23,0,22.2,133.7,8.7,2,1,0,2,2,1,4.3,192,9.6
5,Brock Bagozzi,149648,QB,MARIST,1,61.1,18,19,10.8,3.27,0,3,15.8,57.9,11,0,4,0.0,23,0,11,213,67.6,80.2,74.0,72.6,0,0,24,0,0.0,133.4,0.0,0,4,0,1,2,0,0.0,219,11.5
5,Carter Peevy,129563,QB,MERCER,1,77.8,18,18,10.7,2.72,0,0,0.0,66.7,12,0,8,14.3,22,2,8,219,69.9,82.3,79.3,68.8,0,0,23,0,12.5,104.6,4.5,1,3,0,0,1,0,0.0,123,6.8
5,Gevani McCoy,147609,QB,IDAHO,1,60.0,15,18,10.5,2.96,1,2,10.5,44.4,8,0,4,11.1,22,1,4,185,68.8,77.9,78.7,63.2,0,1,23,0,0.0,64.1,0.0,0,4,0,2,1,1,4.3,128,7.1
5,Jamari Jones,161271,QB,MS VLY ST,1,58.8,17,17,10.7,2.59,0,1,5.0,47.1,8,0,7,20.0,21,2,4,228,27.0,53.6,61.7,42.3,0,0,26,0,28.6,78.8,9.5,2,2,0,0,1,0,0.0,73,4.3
5,DJ Williams,138061,QB,MURRAY ST,1,78.6,14,17,7.9,3.44,1,1,5.3,64.7,11,0,9,0.0,22,0,8,236,70.9,73.5,66.3,70.5,0,0,24,0,11.1,133.7,4.5,1,4,0,2,2,0,0.0,157,9.2
5,Nick Howard,108979,QB,DARTMOUTH,1,64.3,14,17,8.0,2.81,0,0,0.0,52.9,9,0,6,0.0,19,0,6,148,75.2,65.2,67.0,60.4,1,0,20,0,16.7,83.9,5.3,1,1,0,2,1,0,0.0,74,4.4
5,Graeson Underwood,123202,QB,CITADEL,1,81.3,16,16,8.2,2.5,0,1,5.6,68.8,11,0,4,15.4,17,2,4,139,71.2,75.1,81.4,58.3,0,0,19,0,25.0,103.9,5.9,1,0,0,0,1,0,0.0,91,5.7
5,Tahj Smith,173837,QB,MORGAN ST,1,60.0,15,16,6.9,3.22,0,0,0.0,43.8,7,0,10,22.2,22,2,2,235,68.0,38.6,33.2,61.2,1,1,22,0,30.0,25.0,13.6,3,3,0,0,0,2,9.1,31,1.9
5,Marqui Adams,161340,QB,DELWARE ST,1,81.3,16,16,11.3,2.93,0,1,5.9,75.0,12,0,6,7.7,21,1,8,152,70.3,69.7,64.2,67.8,0,3,22,0,33.3,97.1,9.5,2,3,0,0,1,3,13.6,197,12.3
5,Quinton Williams,102366,QB,HOWARD,1,86.7,15,16,6.9,2.53,1,0,0.0,81.3,13,0,6,0.0,19,0,9,184,71.2,90.1,88.4,71.5,0,0,19,0,33.3,131.5,10.5,2,1,0,0,1,0,0.0,169,10.6
5,Jonathan Murphy,104766,QB,KENNESAW,1,66.7,15,16,8.6,2.29,0,0,0.0,50.0,8,0,2,20.0,16,2,4,200,19.5,57.6,50.7,61.6,1,0,16,0,0.0,65.9,0.0,0,0,0,0,0,1,6.3,85,5.3
5,Jacob Clark,101628,QB,MO STATE,1,84.6,13,16,10.3,2.97,1,1,5.9,62.5,10,0,10,9.1,21,1,8,230,67.4,61.1,61.0,59.1,2,0,22,0,30.0,108.6,14.3,3,2,0,0,1,2,9.1,129,8.1
5,T.J. Smith,156533,QB,N ALABAMA,1,78.6,14,15,8.5,3.17,0,0,0.0,66.7,10,0,15,9.1,21,1,3,389,25.6,53.5,51.7,62.0,1,0,24,0,26.7,101.3,19.0,4,2,0,0,1,1,4.2,77,5.1
5,Dominique Anthony,145350,QB,MORGAN ST,1,71.4,14,15,6.6,2.07,1,0,0.0,60.0,9,1,7,10.0,17,1,4,235,67.6,46.1,46.4,57.0,0,1,18,1,14.3,49.9,5.9,1,1,0,0,0,1,5.6,92,6.1
5,Darius Wilson,148492,QB,WM & MARY,1,50.0,12,14,6.8,3.81,0,0,0.0,35.7,5,0,12,16.7,23,1,4,348,27.3,29.7,28.7,48.3,0,1,23,1,16.7,14.6,8.7,2,7,0,2,0,3,13.0,36,2.6
5,Coulter Cleland,165212,QB,DAVIDSON,1,84.6,13,13,3.6,2.03,0,0,0.0,84.6,11,0,2,0.0,15,0,4,149,24.9,83.6,72.8,77.7,0,0,15,0,50.0,95.5,6.7,1,1,0,0,0,1,6.7,90,6.9
5,Chris Howell,171592,QB,LIUSHAR,1,75.0,12,12,11.0,3.24,0,0,0.0,66.7,8,0,5,11.1,18,1,6,1298,11.7,48.8,46.0,57.8,0,1,18,0,60.0,87.2,16.7,3,3,0,0,1,3,16.7,105,8.8
5,Jalen Macon,153929,QB,ARKAPB,1,75.0,12,12,6.2,3.45,0,1,8.3,75.0,9,0,14,0.0,24,0,6,112,68.8,65.1,63.6,61.7,0,0,24,1,42.9,90.3,25.0,6,5,0,0,0,0,0.0,74,6.2
5,Aidan Bouman,122508,QB,S DAKOTA,1,83.3,12,12,4.8,2.73,0,1,6.7,83.3,10,0,3,0.0,12,0,7,291,67.3,81.4,81.2,60.0,0,0,15,0,0.0,158.3,0.0,0,0,0,0,2,0,0.0,168,14.0
5,Damon Stewart,156626,QB,ALABAMA ST,1,55.6,9,10,14.2,2.93,0,1,10.0,50.0,5,0,7,0.0,12,0,3,105,66.7,69.4,70.1,60.0,1,0,12,0,14.3,72.1,8.3,1,1,0,0,0,0,0.0,68,6.8
5,Brody Palhegyi,150004,QB,W CAROLINA,1,70.0,10,10,7.5,4.01,0,0,0.0,70.0,7,0,6,0.0,13,0,6,344,66.2,54.4,53.7,58.6,0,1,14,0,0.0,85.0,0.0,0,3,0,0,1,1,7.1,74,7.4
5,Kevin White,178287,QB,NC A&T,1,60.0,10,10,12.1,3.49,0,0,0.0,60.0,6,0,6,0.0,14,0,4,246,72.1,64.8,57.6,70.4,0,1,14,2,16.7,53.3,7.1,1,3,0,0,0,1,7.1,98,9.8
5,Lake Bennett,174586,QB,TXAMCO,1,44.4,9,9,10.1,2.93,0,0,0.0,44.4,4,0,4,0.0,12,0,4,1139,67.7,68.5,59.1,70.8,0,0,12,0,25.0,54.9,8.3,1,2,0,0,0,0,0.0,34,3.8
5,Jackson Proctor,148851,QB,DARTMOUTH,1,100.0,7,9,2.0,2.0,0,0,0.0,77.8,7,0,1,0.0,9,0,1,148,67.4,90.2,68.7,84.8,0,0,9,0,0.0,85.6,0.0,0,0,0,2,0,0,0.0,41,4.6
5,Mekhi Hagens,167009,QB,ARKAPB,1,62.5,8,8,11.1,3.03,0,1,12.5,50.0,4,0,5,20.0,11,1,3,112,23.4,52.0,60.7,51.5,0,1,11,0,20.0,20.3,9.1,1,2,0,0,0,1,9.1,31,3.9
5,Dematrius Davis Jr.,146660,QB,ALABAMA ST,1,87.5,8,8,0.4,2.6,0,0,0.0,87.5,7,0,6,0.0,11,0,1,105,17.3,60.5,65.8,57.1,0,0,11,0,16.7,81.3,9.1,1,2,0,0,0,0,0.0,28,3.5
5,Trey Feeney,148125,QB,N DAKOTA,1,75.0,8,8,3.4,1.64,0,0,0.0,75.0,6,0,0,0.0,8,0,3,249,66.3,62.7,58.4,63.6,0,0,9,0,,89.6,0.0,0,0,0,0,0,0,0.0,48,6.0
5,Enzo Arjona,159147,QB,MONMOUTH,1,85.7,7,7,3.4,1.44,0,1,14.3,85.7,6,0,3,0.0,8,0,2,231,7.6,52.5,74.7,36.1,0,0,8,0,33.3,99.4,12.5,1,0,0,0,0,0,0.0,55,7.9
5,Preston Weeks,77658,QB,STF AUSTIN,1,85.7,7,7,9.1,2.01,0,1,14.3,85.7,6,0,2,0.0,7,0,3,301,64.6,81.9,81.5,,0,0,7,0,0.0,155.7,0.0,0,0,0,0,1,0,0.0,83,11.9
5,Luke Duby,148765,QB,CORNELL,1,83.3,6,7,3.7,3.23,0,0,0.0,57.1,4,0,2,20.0,8,1,1,147,64.9,62.7,72.6,57.8,1,0,8,1,0.0,70.5,0.0,0,1,0,0,0,0,0.0,35,5.0
5,Steven Krajewski,77650,QB,WAGNER,1,100.0,6,6,5.7,2.86,0,0,0.0,66.7,4,0,4,33.3,10,2,1,338,65.6,50.0,56.8,56.2,0,0,11,1,75.0,70.8,30.0,3,1,0,0,0,0,0.0,19,3.2
5,Ashten Snelsire,159175,QB,RICHMOND,1,33.3,6,6,11.8,2.87,0,0,0.0,33.3,2,0,1,0.0,7,0,0,276,66.2,42.2,41.2,59.5,0,1,8,0,100.0,2.8,14.3,1,0,0,0,0,1,12.5,4,0.7
5,Aaron Angelos,100576,QB,DELWARE ST,1,40.0,5,6,16.6,2.47,0,0,0.0,33.3,2,0,3,0.0,7,0,1,152,64.6,52.7,51.8,,0,0,7,0,33.3,81.9,14.3,1,0,0,1,1,0,0.0,4,0.7
5,Anthony Harris,142285,QB,MAINE,1,80.0,5,5,8.6,2.73,0,0,0.0,80.0,4,0,2,0.0,6,0,1,212,19.9,45.2,68.5,38.8,0,0,6,0,50.0,85.0,16.7,1,0,0,0,0,0,0.0,22,4.4
5,Michael Wortham,170696,QB,E WASHGTON,1,75.0,4,5,8.3,2.8,0,0,0.0,60.0,3,0,2,0.0,6,0,1,161,69.8,76.1,67.2,81.5,1,0,6,0,0.0,120.0,0.0,0,1,0,0,1,0,0.0,34,6.8
5,Gavin McCusker,148580,QB,MERRIMACK,1,20.0,5,5,20.6,3.3,0,1,16.7,0.0,0,0,3,100.0,9,1,1,385,24.3,43.1,48.2,48.8,0,1,10,0,66.7,0.0,22.2,2,2,0,0,0,1,10.0,0,0.0
5,Cole Dow,108930,QB,DAYTON,1,40.0,5,5,11.8,2.52,0,0,0.0,40.0,2,0,3,0.0,5,0,1,150,71.7,35.2,38.5,48.9,0,1,5,0,0.0,47.9,0.0,0,0,0,0,1,1,20.0,4,0.8
5,Zachary Clement,105561,QB,SE LA,1,100.0,4,5,1.5,1.64,0,0,0.0,80.0,4,0,1,0.0,5,0,2,294,26.2,65.7,71.1,60.1,0,0,5,0,0.0,140.4,0.0,0,0,0,1,1,0,0.0,41,8.2
5,Carter Davis,154196,QB,LNDNWD,1,80.0,5,5,2.8,2.89,0,0,0.0,80.0,4,0,3,0.0,8,0,2,949,67.4,74.2,58.6,74.5,0,0,9,0,33.3,85.8,12.5,1,2,0,0,0,0,0.0,23,4.6
5,Nick Semptimphelter,142984,QB,BUCKNELL,1,60.0,5,5,11.2,3.98,0,1,20.0,60.0,3,0,4,0.0,6,0,2,125,64.2,82.3,88.7,57.3,0,0,6,1,0.0,134.2,0.0,0,1,0,0,1,0,0.0,51,10.2
5,Malakai Anthony,142524,QB,MERRIMACK,1,0.0,2,4,25.0,3.13,0,0,0.0,0.0,0,0,2,,4,0,0,385,69.7,51.8,35.6,65.3,1,0,4,1,0.0,39.6,0.0,0,0,0,1,0,0,0.0,0,0.0
5,Cooper Justice,131858,QB,LNDNWD,1,25.0,4,4,9.8,1.98,0,0,0.0,25.0,1,0,0,0.0,4,0,0,949,63.3,45.8,45.5,,0,0,4,0,,39.6,0.0,0,0,0,0,0,0,0.0,5,1.3
5,Noah Bodden,150881,QB,SOUTHERN U,1,25.0,4,4,21.3,2.65,0,0,0.0,25.0,1,0,0,0.0,4,0,1,297,63.3,58.5,57.8,,0,0,4,0,,39.6,0.0,0,0,0,0,0,0,0.0,12,3.0
5,Luke Durkin,149464,QB,DAVIDSON,1,100.0,4,4,-1.0,1.84,0,0,0.0,100.0,4,0,2,0.0,5,0,1,149,67.9,62.8,63.0,59.9,0,0,5,0,50.0,85.4,20.0,1,0,0,0,0,0,0.0,18,4.5
5,Ridge Docekal,158965,QB,BRYANT,1,100.0,4,4,0.5,1.53,0,0,0.0,100.0,4,0,0,0.0,4,0,2,124,63.3,74.5,74.1,,0,0,4,0,,125.0,0.0,0,0,0,0,1,0,0.0,18,4.5
5,Skyler Locklear,164027,QB,AUSTINPEAY,1,75.0,4,4,21.3,2.6,0,1,25.0,75.0,3,0,1,0.0,4,0,2,116,63.3,75.2,76.0,,0,0,4,0,0.0,156.3,0.0,0,0,0,0,1,0,0.0,59,14.8
5,Jordon Davis,182683,QB,TEXAS STHN,1,100.0,4,4,-1.0,2.22,0,0,0.0,75.0,3,0,1,25.0,5,1,3,313,65.5,66.9,73.4,56.4,0,0,5,0,0.0,156.3,0.0,0,1,0,0,1,0,0.0,94,23.5
5,Sam Vidlak,146333,QB,MONTANA,1,100.0,3,3,9.0,3.72,0,0,0.0,100.0,3,0,2,0.0,6,0,2,232,67.1,69.4,62.9,65.9,0,0,7,1,100.0,108.3,33.3,2,1,0,0,0,0,0.0,30,10.0
5,Jaden Jones,147558,QB,CAL POLY,1,100.0,3,3,-2.7,3.05,0,0,0.0,100.0,3,0,1,0.0,4,0,1,129,0.0,38.3,87.6,29.2,0,0,4,0,0.0,79.2,0.0,0,1,0,0,0,0,0.0,6,2.0
5,Dante Perri,143112,QB,LEHIGH,1,0.0,1,2,23.0,1.75,0,0,0.0,0.0,0,0,0,,2,0,0,205,61.8,49.6,49.4,,0,0,2,0,,39.6,0.0,0,0,0,1,0,0,0.0,0,0.0
5,Daniel Greek,126950,QB,TARLETON,1,50.0,2,2,-4.0,2.05,0,0,0.0,50.0,1,0,1,0.0,2,0,0,401,61.8,55.3,54.5,60.0,0,0,2,0,0.0,56.3,0.0,0,0,0,0,0,0,0.0,1,0.5
5,Junior Muratovic,150858,QB,FL A&M,1,100.0,2,2,6.5,2.2,0,0,0.0,100.0,2,0,0,0.0,2,0,1,164,61.8,60.7,60.1,,0,0,2,0,,110.4,0.0,0,0,0,0,0,0,0.0,21,10.5
5,Marshall Howe,158696,QB,YALE,1,50.0,2,2,4.5,2.0,0,0,0.0,50.0,1,0,0,0.0,2,0,0,352,66.2,50.3,55.6,55.0,0,0,2,0,,56.3,0.0,0,0,0,0,0,0,0.0,3,1.5
5,Damien Mazil,159562,QB,WAGNER,1,100.0,2,2,4.5,1.85,0,0,0.0,50.0,1,0,1,50.0,2,1,0,338,61.8,64.1,62.7,,0,0,2,0,0.0,56.3,0.0,0,0,0,0,0,0,0.0,4,2.0
5,Ethan Greenwood,161869,QB,LIUSHAR,1,0.0,2,2,-2.0,2.65,0,0,0.0,0.0,0,0,0,,2,0,0,1298,71.2,64.4,54.6,64.9,0,0,2,0,,39.6,0.0,0,0,0,0,0,0,0.0,0,0.0
5,Tre Simmons,172766,QB,MCNEESE,1,100.0,2,2,-2.0,2.55,0,0,0.0,100.0,2,0,1,0.0,2,0,1,217,66.2,62.7,62.6,60.3,0,0,2,0,0.0,118.8,0.0,0,0,0,0,0,0,0.0,53,26.5
5,Sawyer Racanelli,131910,WR,MONTANA,1,100.0,1,1,15.0,3.3,0,0,0.0,100.0,1,0,0,0.0,1,0,1,232,63.0,64.1,72.6,,0,0,1,0,,158.3,0.0,0,0,0,0,1,0,0.0,15,15.0
5,Jaydyn Sisk,178882,QB,MS VLY ST,1,0.0,1,1,46.0,3.65,0,0,0.0,0.0,0,0,2,,2,0,0,228,61.8,49.1,37.0,64.9,0,0,2,0,0.0,39.6,0.0,0,1,0,0,0,1,50.0,0,0.0
5,Ayden Pereira,159129,QB,MAINE,1,100.0,1,1,-5.0,1.5,0,0,0.0,100.0,1,0,0,0.0,1,0,1,212,67.5,68.6,60.4,64.4,0,0,1,0,,118.8,0.0,0,0,0,0,0,0,0.0,13,13.0
5,Quincy Craig,159061,HB,PORTLAND,1,100.0,1,1,22.0,2.9,0,0,0.0,100.0,1,0,1,0.0,1,0,1,269,76.1,70.2,77.7,62.3,0,0,1,0,0.0,118.8,0.0,0,0,0,0,0,0,0.0,22,22.0
5,Chase Belcher,164410,HB,N ARIZONA,1,100.0,1,1,36.0,3.0,0,0,0.0,100.0,1,0,0,0.0,1,0,1,252,72.6,79.7,75.9,73.5,0,0,1,0,,118.8,0.0,0,0,0,0,0,0,0.0,59,59.0
5,Jared Richardson,164680,WR,PENN,1,100.0,1,1,22.0,3.0,0,0,0.0,100.0,1,0,1,0.0,1,0,1,267,63.7,45.6,76.6,,0,0,1,0,0.0,118.8,0.0,0,0,0,0,0,0,0.0,26,26.0
5,Devin Farrell,157658,QB,RHODE ISLD,1,100.0,1,1,34.0,3.8,0,0,0.0,100.0,1,0,0,0.0,1,0,1,274,60.3,76.9,75.7,,0,0,1,0,,158.3,0.0,0,0,0,0,1,0,0.0,53,53.0
5,Beau Brungard,164897,QB,YNGTOWN ST,1,100.0,1,1,-2.0,1.8,0,0,0.0,100.0,1,0,0,0.0,1,0,0,353,65.9,56.8,60.4,57.2,0,0,1,0,,79.2,0.0,0,0,0,0,0,0,0.0,1,1.0
5,Matt Arvanitis,165021,WR,STHLSK,1,0.0,1,1,16.0,3.5,0,0,0.0,0.0,0,0,0,,1,0,0,1470,60.3,44.6,46.8,,0,0,1,0,,39.6,0.0,0,0,0,0,0,0,0.0,0,0.0
5,Jake Johnson,155873,QB,AUSTINPEAY,1,100.0,1,1,2.0,1.8,0,0,0.0,100.0,1,0,0,0.0,1,0,1,116,60.3,60.6,60.4,,0,0,1,0,,116.7,0.0,0,0,0,0,0,0,0.0,12,12.0
5,Quincy Crittendon,149944,QB,SAMFORD,1,100.0,1,1,-5.0,1.4,0,0,0.0,100.0,1,0,0,0.0,1,0,0,282,15.3,39.9,60.4,60.0,0,0,1,0,,79.2,0.0,0,0,0,0,0,0,0.0,-1,-1.0
5,Ah-Shaun Davis,149376,QB,LAFAYETTE,1,0.0,1,1,32.0,2.1,0,0,0.0,0.0,0,0,0,,1,0,0,203,65.9,54.8,51.3,60.1,0,0,1,0,,39.6,0.0,0,0,0,0,0,0,0.0,0,0.0
5,Cooper Wallace,105556,HB,CITADEL,1,100.0,1,1,11.0,2.7,0,0,0.0,100.0,1,1,0,0.0,1,0,1,139,22.6,72.3,72.6,69.9,0,0,1,1,,116.7,0.0,0,0,0,0,0,0,0.0,12,12.0
5,Nate Lussier,148637,QB,BROWN,1,100.0,1,1,4.0,2.2,0,0,0.0,100.0,1,0,0,0.0,1,0,1,123,60.3,56.7,56.1,,0,0,1,0,,122.9,0.0,0,0,0,0,1,0,0.0,4,4.0
5,Jyran Mitchell,78175,HB,BUTLER,1,100.0,1,1,-4.0,0.6,0,0,0.0,100.0,1,0,0,0.0,1,0,1,127,48.1,69.7,60.6,70.7,0,0,1,0,,118.8,0.0,0,0,0,0,0,0,0.0,17,17.0
5,Re-al Mitchell,77670,WR,SAN DIEGO,1,100.0,1,1,-4.0,1.2,0,0,0.0,100.0,1,0,1,0.0,1,0,0,283,24.3,61.8,60.4,60.5,0,0,1,0,0.0,95.8,0.0,0,0,0,0,0,0,0.0,7,7.0
5,Bryce Robinson,108962,QB,AUSTINPEAY,1,100.0,1,1,2.0,1.9,0,0,0.0,100.0,1,0,0,0.0,1,0,0,116,60.3,61.8,60.4,,0,0,1,0,,79.2,0.0,0,0,0,0,0,0,0.0,0,0.0
5,Dylan Cadwallader,108978,QB,DARTMOUTH,1,100.0,1,1,-6.0,3.15,0,0,0.0,100.0,1,0,1,0.0,2,0,0,148,61.8,54.8,61.0,57.0,0,0,2,0,0.0,79.2,0.0,0,1,0,0,0,0,0.0,3,3.0
5,Varney Layman,172699,QB,CITADEL,1,0.0,1,1,11.0,2.6,0,0,0.0,0.0,0,0,0,,1,0,0,139,13.4,44.6,47.3,55.9,0,0,1,0,,39.6,0.0,0,0,0,0,0,0,0.0,0,0.0
5,Collin Guggenheim,139460,HB,NICHOLLS,1,100.0,1,1,-1.0,2.1,0,0,0.0,100.0,1,0,1,0.0,1,0,1,243,77.4,67.9,60.6,66.7,0,0,1,0,0.0,118.8,0.0,0,0,0,0,1,0,0.0,2,2.0
5,Quayde Hawkins,147245,QB,ABILENE CH,1,0.0,1,1,11.0,4.65,0,0,0.0,0.0,0,0,1,,2,0,0,100,61.8,46.8,46.1,,0,0,2,0,100.0,39.6,50.0,1,0,0,0,0,0,0.0,0,0.0
5,Jonathan Mulatu,109124,HB,PENN,1,0.0,1,1,27.0,2.9,0,0,0.0,0.0,0,0,1,,1,0,0,267,71.3,62.9,50.4,64.6,0,0,1,0,0.0,39.6,0.0,0,0,0,0,0,0,0.0,0,0.0
5,Darius Lewis,123515,WR,SE LA,1,0.0,1,1,49.0,3.3,0,0,0.0,0.0,0,0,0,,1,0,0,294,71.6,68.2,49.9,,0,0,1,0,,39.6,0.0,0,0,0,0,0,0,0.0,0,0.0
5,Giancarlo Woods,142801,WR,CAL POLY,1,0.0,1,1,27.0,3.4,0,0,0.0,0.0,0,0,0,,1,0,0,129,66.9,62.1,37.5,,0,1,1,0,,0.0,0.0,0,0,0,0,0,1,100.0,0,0.0
5,Jaden Stewart,177014,QB,DELWARE ST,1,100.0,1,1,8.0,1.9,0,0,0.0,0.0,0,0,0,100.0,1,1,0,152,60.3,73.3,71.9,,0,0,1,0,,39.6,0.0,0,0,0,0,0,0,0.0,0,0.0
5,Stephen Brantley,177942,P,W CAROLINA,1,100.0,1,1,4.0,3.3,0,0,0.0,100.0,1,0,0,0.0,1,0,0,344,60.3,31.6,44.4,,0,0,1,0,,79.2,0.0,0,0,0,0,0,1,100.0,-1,-1.0
5,Xavier Lankford,142724,QB,ALAB A&M,1,100.0,1,1,26.0,1.9,0,1,100.0,100.0,1,0,0,0.0,1,0,1,104,60.3,93.2,92.6,,0,0,1,0,,158.3,0.0,0,0,0,0,1,0,0.0,42,42.0
5,Travis Benham,128320,P,MONTANA,1,100.0,1,1,3.0,2.2,0,0,0.0,100.0,1,0,0,0.0,1,0,1,232,60.3,67.3,70.4,,0,0,1,0,,118.8,0.0,0,0,0,0,0,0,0.0,15,15.0
5,Tyler Pastula,142259,K,ALBANY,1,0.0,1,1,34.0,2.0,0,0,0.0,0.0,0,0,0,,1,0,0,106,60.3,54.7,52.1,,0,0,1,0,,39.6,0.0,0,0,0,0,0,0,0.0,0,0.0
5,Ja'Shawn Scroggins,160545,QB,HOWARD,1,0.0,1,1,16.0,3.4,0,0,0.0,0.0,0,0,0,,1,0,0,184,63.7,29.3,26.9,62.9,0,1,1,0,,0.0,0.0,0,0,0,0,0,1,100.0,0,0.0
5,Kyle Romenick,100363,P,ELON,1,100.0,1,1,-3.0,1.6,0,0,0.0,0.0,0,0,0,100.0,1,1,0,162,60.3,60.6,60.6,,0,0,1,0,,39.6,0.0,0,0,0,0,0,0,0.0,0,0.0
5,C.J. Brooks,168854,QB,VA LYNCHBU,1,56.3,32,33,8.6,2.55,0,1,2.9,45.5,15,0,20,16.7,40,3,7,406,24.6,49.7,44.7,71.7,0,2,42,0,25.0,42.1,12.5,5,2,0,1,1,4,9.5,137,4.2
5,TJ Goodwin,100826,QB,LINCOK,1,55.0,20,20,11.8,2.91,0,1,5.0,50.0,10,0,10,9.1,29,1,6,1452,12.5,41.7,46.6,46.4,0,0,29,0,50.0,72.7,17.2,5,4,0,0,0,3,10.3,139,7.0
5,Matt Carlisle,138330,QB,EDNBFS,1,75.0,16,18,7.2,2.78,0,0,0.0,55.6,10,0,8,16.7,23,2,8,860,73.9,74.3,64.4,71.7,1,0,24,1,12.5,93.8,4.3,1,4,0,1,1,0,0.0,116,6.4
5,Marcus Martin,179753,QB,SWMINN,1,76.5,17,17,15.2,3.36,0,0,0.0,58.8,10,0,12,23.1,28,3,7,1108,33.4,59.7,67.5,54.4,0,0,29,1,25.0,112.6,10.7,3,8,0,0,1,1,3.4,171,10.1
5,Bryson Williams,155638,QB,TUSKEGEE,1,62.5,16,16,13.3,3.02,0,1,5.9,56.3,9,0,5,10.0,19,1,4,405,27.9,57.6,68.1,48.3,0,1,20,1,20.0,57.6,5.3,1,2,0,0,0,2,10.0,133,8.3
5,Brandon Cannella,182757,CB,LINCOK,1,66.7,3,3,9.0,2.04,0,0,0.0,33.3,1,0,1,50.0,5,1,0,1452,63.8,57.9,57.7,,0,0,5,0,100.0,42.4,20.0,1,0,0,0,0,0,0.0,3,1.0
5,Ryan Nettles,102339,QB,TUSKEGEE,1,0.0,1,1,5.0,2.1,0,0,0.0,0.0,0,0,1,,2,0,0,405,61.8,51.3,50.9,,0,0,2,0,100.0,39.6,50.0,1,0,0,0,0,0,0.0,0,0.0
5,Langston Stewart,182456,QB,VA LYNCHBU,1,0.0,1,1,4.0,2.3,0,0,0.0,0.0,0,0,0,,1,0,0,406,60.3,54.8,56.8,,0,0,1,0,,39.6,0.0,0,0,0,0,0,0,0.0,0,0.0
5,Kory Barnes,182837,WR,LINCOK,1,0.0,1,1,6.0,1.1,0,0,0.0,0.0,0,0,1,,2,0,0,1452,64.4,55.5,59.2,58.2,0,0,2,0,0.0,39.6,0.0,0,0,0,0,0,0,0.0,0,0.0
week,player,player_id,position,team_name,player_game_count,accuracy_percent,aimed_passes,attempts,avg_depth_of_target,avg_time_to_throw,bats,big_time_throws,btt_rate,completion_percent,completions,declined_penalties,def_gen_pressures,drop_rate,dropbacks,drops,first_downs,franchise_id,grades_hands_fumble,grades_offense,grades_pass,grades_run,hit_as_threw,interceptions,passing_snaps,penalties,pressure_to_sack_rate,qb_rating,sack_percent,sacks,scrambles,spikes,thrown_aways,touchdowns,turnover_worthy_plays,twp_rate,yards,ypa
6,E.J. Warner,156185,QB,TEMPLE,1,76.7,60,65,7.2,2.57,1,0,0.0,64.6,42,0,24,8.7,68,4,29,306,70.7,68.4,67.6,60.6,0,0,71,0,4.2,111.8,1.5,1,2,0,4,5,2,2.8,472,7.3
6,Brayden Fowler-Nicolosi,157207,QB,COLO STATE,1,54.9,51,55,11.1,2.65,0,3,5.3,45.5,25,0,14,10.7,57,3,10,144,25.4,30.0,34.3,42.7,0,3,59,0,7.1,34.1,1.8,1,0,0,4,0,5,8.5,222,4.0
6,Cam Fancher,145266,QB,MARSHALL,1,78.7,47,51,8.0,2.87,0,2,3.9,56.9,29,0,18,21.6,65,8,17,214,28.3,55.3,61.4,50.9,0,1,66,1,33.3,80.0,9.2,6,8,0,4,2,3,4.5,314,6.2
6,Jase Bauer,145714,QB,C MICHIGAN,1,81.8,44,50,8.3,3.05,0,1,1.9,56.0,28,0,23,22.2,53,8,17,134,71.1,78.2,71.9,78.4,0,3,56,0,4.3,60.3,1.9,1,2,0,6,2,2,3.6,279,5.6
6,Trenton Bourguet,97285,QB,ARIZONA ST,1,75.6,45,50,6.6,2.38,1,1,1.9,64.0,32,0,17,5.9,59,2,18,110,70.6,62.5,58.4,70.9,0,0,61,0,29.4,90.0,8.5,5,3,1,3,1,2,3.3,335,6.7
6,JT Daniels,83578,QB,RICE,1,78.7,47,49,6.9,2.81,0,1,2.0,67.3,33,0,21,10.8,53,4,18,275,19.8,50.8,51.1,57.3,1,1,54,0,9.5,93.8,3.8,2,1,0,1,2,3,5.6,359,7.3
6,Drake Maye,143969,QB,N CAROLINA,1,76.7,43,47,9.1,2.78,2,3,6.0,70.2,33,0,22,0.0,58,0,18,245,44.3,71.6,73.2,58.6,0,0,61,0,9.1,121.1,3.4,2,9,0,2,3,0,0.0,442,9.4
6,Luke Altmyer,146802,QB,ILLINOIS,1,80.0,40,47,6.1,2.75,2,3,6.3,61.7,29,0,17,9.4,52,3,14,187,50.2,68.7,72.0,52.5,0,1,54,0,11.8,77.2,3.8,2,3,0,5,1,1,1.9,287,6.1
6,Brady Cook,124199,QB,MISSOURI,1,79.5,44,47,10.0,2.49,1,4,8.3,63.8,30,0,12,14.3,50,5,19,229,25.2,72.6,72.5,60.4,0,2,53,0,16.7,88.2,4.0,2,1,0,2,2,3,5.7,411,8.7
6,Dante Moore,173983,QB,UCLA,1,63.2,38,45,11.4,2.35,1,3,6.7,48.9,22,0,17,8.3,49,2,14,324,40.7,70.5,73.7,47.2,1,2,49,1,17.6,58.6,6.1,3,1,0,5,1,1,2.0,290,6.4
6,Byrum Brown,156206,QB,USF,1,66.7,42,43,14.0,3.14,0,1,2.1,55.8,24,0,19,14.3,51,4,11,327,46.4,64.7,57.5,72.2,0,2,57,0,15.8,69.9,5.9,3,5,0,1,2,4,7.0,260,6.0
6,Shedeur Sanders,131396,QB,COLORADO,1,68.3,41,43,8.3,2.54,0,2,4.7,60.5,26,1,22,7.1,50,2,15,143,70.8,69.1,70.6,60.6,0,0,50,2,18.2,83.4,8.0,4,3,0,2,1,0,0.0,239,5.6
6,Hudson Card,123109,QB,PURDUE,1,75.7,37,42,9.2,3.15,1,2,4.5,59.5,25,0,13,10.7,46,3,12,273,37.7,56.0,60.6,41.2,0,2,49,2,30.8,64.3,8.7,4,0,0,4,1,3,6.1,247,5.9
6,Keegan Shoemaker,108983,QB,SM HOUSTON,1,73.0,37,42,7.3,2.4,0,1,2.2,64.3,27,0,8,0.0,44,0,13,281,71.7,65.6,62.1,67.1,0,1,48,0,0.0,86.9,0.0,0,2,1,4,2,2,4.2,255,6.1
6,Nicholas Vattiato,145302,QB,MIDDLE TN,1,72.5,40,41,10.7,3.28,0,3,6.8,63.4,26,0,20,10.3,57,3,15,224,71.5,71.8,73.2,59.5,0,2,60,0,40.0,92.3,14.0,8,8,0,1,2,2,3.3,408,10.0
6,Taulia Tagovailoa,97271,QB,MARYLAND,1,63.9,36,41,11.0,2.8,2,0,0.0,51.2,21,0,15,8.7,47,2,13,215,71.4,52.4,49.4,65.3,0,2,48,1,13.3,52.5,4.3,2,4,0,3,1,2,4.2,196,4.8
6,Jack Turner,162969,QB,LA TECH,1,67.6,37,41,11.7,2.35,1,3,6.8,51.2,21,0,15,16.0,46,4,12,208,43.2,66.7,67.5,58.8,1,2,49,1,13.3,59.1,4.3,2,3,0,2,1,3,6.1,261,6.4
6,T.J. Finley,124093,QB,TEXAS ST,1,77.5,40,40,7.1,2.06,0,2,5.0,75.0,30,0,6,3.2,40,1,13,314,69.0,78.1,77.1,,0,1,40,0,0.0,105.0,0.0,0,0,0,0,2,1,2.5,328,8.2
6,Cam Ward,133244,QB,WASH STATE,1,60.6,33,39,6.6,2.94,2,1,2.4,48.7,19,0,22,5.0,44,1,8,341,70.2,47.7,46.8,58.7,1,2,46,0,13.6,50.1,6.8,3,2,0,3,1,4,8.7,189,4.8
6,KJ Jefferson,99129,QB,ARKANSAS,1,73.0,37,39,6.6,2.74,1,1,2.5,64.1,25,0,14,7.4,46,2,14,111,72.7,49.2,42.2,67.2,1,2,47,0,35.7,77.9,10.9,5,2,0,0,2,3,6.4,250,6.4
6,Chevan Cordeiro,75886,QB,S JOSE ST,1,70.3,37,38,8.7,3.42,0,2,5.1,60.5,23,0,17,11.5,45,3,12,285,70.2,89.0,81.0,82.1,0,1,46,0,17.6,77.2,6.7,3,4,0,1,0,1,2.2,325,8.6
6,Sam Hartman,77618,QB,NOTRE DAME,1,62.2,37,38,12.4,2.86,0,2,5.0,57.9,22,0,18,4.3,45,1,10,258,24.4,45.3,50.8,42.1,0,3,47,0,27.8,62.8,11.1,5,2,0,1,2,4,8.5,254,6.7
6,Dillon Gabriel,86272,QB,OKLAHOMA,1,75.8,33,38,6.9,3.01,3,2,5.1,60.5,23,0,14,8.0,43,2,17,261,72.6,88.1,83.5,74.3,1,0,44,0,7.1,92.5,2.3,1,4,0,1,1,1,2.3,285,7.5
6,Blake Shapen,122282,QB,BAYLOR,1,65.7,35,37,9.3,2.72,1,1,2.5,56.8,21,0,17,8.7,47,2,13,118,23.8,57.8,58.5,53.1,1,0,50,0,35.3,94.9,12.8,6,4,0,0,1,2,4.0,324,8.8
6,Graham Mertz,97994,QB,FLORIDA,1,91.4,35,37,1.8,2.35,0,0,0.0,81.1,30,0,5,6.3,39,2,13,163,69.2,62.3,62.3,,0,0,43,1,40.0,122.3,5.1,2,0,0,2,3,0,0.0,254,6.9
6,Quinn Ewers,127253,QB,TEXAS,1,85.7,35,36,8.4,2.87,0,1,2.6,83.3,30,0,14,0.0,45,0,14,311,35.5,75.8,82.2,42.3,0,2,47,0,35.7,91.6,11.1,5,3,0,1,1,2,4.3,335,9.3
6,Tyler Van Dyke,122225,QB,MIAMI FL,1,72.2,36,36,9.9,2.43,0,3,8.3,66.7,24,0,6,7.7,38,2,13,220,68.9,79.4,77.4,63.1,0,3,38,0,16.7,65.2,2.6,1,1,0,0,1,2,5.3,285,7.9
6,Alan Bowman,77679,QB,OKLA STATE,1,74.2,31,35,8.6,2.45,0,3,8.1,54.3,19,0,3,17.4,36,4,13,262,72.2,78.4,80.4,60.7,0,0,38,0,0.0,75.3,0.0,0,1,0,4,0,0,0.0,235,6.7
6,Noah Fifita,158722,QB,ARIZONA,1,74.3,35,35,8.7,2.95,0,1,2.7,71.4,25,0,11,3.8,43,1,16,109,36.4,58.3,67.4,38.8,0,1,45,0,27.3,125.4,7.0,3,5,0,0,5,1,2.2,303,8.7
6,Austin Reed,111760,QB,W KENTUCKY,1,64.7,34,35,9.5,2.5,0,3,8.1,57.1,20,0,9,9.1,36,2,11,346,70.2,73.2,76.3,56.0,0,1,38,1,0.0,101.7,0.0,0,1,0,1,3,0,0.0,297,8.5
6,Mikey Keene,70961,QB,FRESNO ST,1,78.1,32,35,6.1,2.26,0,0,0.0,65.7,23,0,6,8.0,37,2,8,169,69.3,56.8,56.0,60.0,0,0,37,0,33.3,92.3,5.4,2,0,0,3,1,1,2.7,218,6.2
6,Carson Beck,124010,QB,GEORGIA,1,88.2,34,35,10.4,2.35,1,4,10.3,80.0,28,0,2,6.7,36,2,21,173,69.5,91.4,90.6,69.8,0,1,40,0,0.0,139.2,0.0,0,1,0,0,4,1,2.5,389,11.1
6,Hayden Wolff,98362,QB,W MICHIGAN,1,79.4,34,35,8.4,2.43,0,0,0.0,77.1,27,0,13,0.0,38,0,11,347,69.0,65.4,62.9,64.3,0,1,41,0,7.7,113.6,2.6,1,1,0,1,3,1,2.4,257,7.3
6,Gavin Wimsatt,155757,QB,RUTGERS,1,51.5,33,35,12.3,2.79,0,0,0.0,45.7,16,0,9,5.9,38,1,10,278,71.8,59.6,54.2,68.0,0,1,39,0,11.1,59.3,2.6,1,2,0,2,1,1,2.6,181,5.2
6,Will Howard,122599,QB,KANSAS ST,1,56.3,32,34,11.8,2.91,1,0,0.0,44.1,15,0,12,16.7,37,3,7,199,72.5,48.3,38.8,72.0,0,3,38,0,16.7,30.5,5.4,2,1,0,1,1,3,7.9,152,4.5
6,Ken Seals,124359,QB,VANDERBILT,1,72.4,29,34,7.4,2.63,0,1,2.8,55.9,19,0,16,9.5,37,2,9,333,35.8,72.4,74.9,55.6,0,0,39,1,12.5,102.3,5.4,2,1,0,5,2,1,2.6,278,8.2
6,Tahj Bullock,144070,QB,AKRON,1,66.7,30,34,7.0,3.01,1,0,0.0,55.9,19,0,21,5.0,41,1,8,102,74.3,51.7,40.4,68.8,2,1,44,0,23.8,64.1,12.2,5,2,0,1,1,1,2.3,146,4.3
6,Frank Harris,60586,QB,UTSA,1,90.0,30,33,10.0,2.63,0,4,11.4,75.8,25,0,7,7.4,36,2,17,331,71.8,89.6,90.4,62.8,1,0,39,0,14.3,138.2,2.8,1,2,0,2,3,0,0.0,338,10.2
6,MJ Morris,157404,QB,NC STATE,1,62.5,32,33,8.1,1.94,0,1,3.0,54.5,18,0,7,10.0,36,2,10,248,70.5,56.4,53.6,62.6,0,3,36,0,14.3,83.5,2.8,1,2,0,1,4,2,5.6,271,8.2
6,Layne Hatcher,82068,QB,BALL ST,1,70.0,30,33,7.7,2.42,0,0,0.0,60.6,20,0,13,4.8,37,1,8,117,69.8,51.5,53.4,54.0,0,0,38,1,15.4,79.4,5.4,2,1,0,3,1,0,0.0,132,4.0
6,Cole Snyder,97617,QB,BUFFALO,1,82.1,28,32,8.5,2.58,0,0,0.0,62.5,20,0,14,13.0,36,3,14,126,69.7,78.6,78.9,60.4,0,0,36,0,14.3,86.1,5.6,2,2,0,4,0,1,2.8,245,7.7
6,Kurtis Rourke,97998,QB,OHIO,1,68.8,32,32,12.4,2.78,0,3,8.8,62.5,20,0,5,9.1,36,2,17,259,71.0,65.9,63.5,64.2,0,0,38,0,0.0,124.5,0.0,0,4,0,0,3,2,5.3,300,9.4
6,Fernando Mendoza,158323,QB,CAL,1,67.7,31,32,7.7,2.43,0,1,2.9,65.6,21,0,14,0.0,35,0,11,130,69.3,74.7,70.0,71.6,0,1,38,0,0.0,91.5,0.0,0,3,0,1,2,1,2.6,207,6.5
6,Chandler Rogers,98683,QB,N TEXAS,1,71.0,31,32,12.4,2.67,0,2,6.1,68.8,22,0,16,0.0,43,0,14,251,23.6,73.0,74.1,60.5,1,0,44,0,43.8,104.6,16.3,7,4,0,0,1,2,4.5,267,8.3
6,Taisun Phommachanh,99577,QB,UMASS,1,70.0,30,32,12.4,2.61,0,4,11.1,62.5,20,0,9,4.8,34,1,11,216,69.3,76.0,74.2,64.9,0,1,38,1,11.1,97.4,2.9,1,1,0,2,2,2,5.3,272,8.5
6,Jalen Milroe,146590,QB,ALABAMA,1,73.3,30,32,13.5,3.03,0,4,12.5,62.5,20,0,14,9.1,39,2,15,103,32.8,69.4,68.1,62.4,0,1,39,0,42.9,114.5,15.4,6,1,0,2,3,2,5.1,323,10.1
6,Tanner Mordecai,77656,QB,WISCONSIN,1,66.7,30,31,10.0,2.97,0,0,0.0,54.8,17,0,14,15.0,36,3,8,349,71.7,68.3,62.9,68.5,0,0,37,0,14.3,78.0,5.6,2,3,0,1,1,0,0.0,145,4.7
6,Diego Pavia,156927,QB,NEW MEX ST,1,72.4,29,31,11.4,3.19,1,2,6.5,64.5,20,0,14,4.8,36,1,13,242,37.6,72.3,77.7,54.7,1,1,36,0,14.3,98.3,5.6,2,3,0,0,2,1,2.8,256,8.3
6,Keyone Jenkins,170403,QB,FIU,1,77.4,31,31,7.9,2.88,0,0,0.0,77.4,24,0,18,0.0,41,0,14,166,42.4,61.6,63.2,57.6,0,2,42,0,27.8,73.3,12.2,5,5,0,0,0,1,2.4,250,8.1
6,Kyle McCord,145053,QB,OHIO STATE,1,72.4,29,30,10.3,2.94,0,1,3.1,63.3,19,0,9,9.5,33,2,15,260,69.1,74.2,76.8,56.9,0,0,35,2,22.2,121.5,6.1,2,1,0,1,2,1,2.9,320,10.7
6,Austin Smith,145763,QB,E MICHIGAN,1,71.4,28,29,8.7,2.99,0,0,0.0,65.5,19,0,11,5.0,37,1,14,160,41.1,57.3,53.5,64.1,0,0,41,0,45.5,107.5,13.5,5,3,0,1,2,4,9.8,194,6.7
6,Carter Bradley,77685,QB,S ALABAMA,1,77.8,27,29,8.8,2.37,1,1,3.3,69.0,20,0,5,4.8,30,1,15,288,28.0,64.4,63.3,,0,0,31,0,0.0,137.6,0.0,0,0,0,1,3,0,0.0,303,10.4
6,Cooper Legas,101286,QB,UTAH ST,1,65.5,29,29,12.9,2.41,0,3,10.0,65.5,19,0,13,0.0,37,0,13,329,37.3,53.8,52.7,57.7,0,2,38,1,46.2,119.6,16.2,6,2,0,0,4,3,7.9,387,13.3
6,Jiya Wright,77688,QB,LA MONROE,1,62.5,24,28,11.6,3.44,1,0,0.0,46.4,13,0,12,13.3,35,2,8,209,71.8,47.9,41.2,63.9,0,2,38,0,16.7,39.6,5.7,2,5,0,3,1,4,10.5,112,4.0
6,Cade Klubnik,156253,QB,CLEMSON,1,77.8,27,28,4.9,3.06,0,0,0.0,64.3,18,0,5,14.3,35,3,7,140,37.1,61.2,65.5,54.1,1,0,35,0,20.0,75.1,2.9,1,5,0,0,0,1,2.9,131,4.7
6,Cameran Brown,184894,QB,W GEORGIA,1,66.7,21,28,7.8,2.7,1,0,0.0,50.0,14,0,7,0.0,31,0,4,1177,70.4,58.6,58.5,58.1,0,1,33,1,0.0,57.6,0.0,0,3,0,6,1,1,3.0,113,4.0
6,Rocco Becht,157567,QB,IOWA STATE,1,66.7,27,28,5.9,2.16,0,0,0.0,57.1,16,0,4,11.1,28,2,9,193,69.7,61.3,60.1,60.0,0,0,29,0,0.0,82.1,0.0,0,0,0,1,1,1,3.4,138,4.9
6,Daniel Richardson,97103,QB,FAU,1,81.5,27,28,8.0,2.42,1,2,6.7,64.3,18,0,10,18.2,33,4,7,165,70.1,74.0,73.8,60.4,0,1,35,0,30.0,62.2,9.1,3,2,0,0,0,1,2.9,144,5.1
6,Kyron Drones,144506,QB,VA TECH,1,64.0,25,27,2.8,2.78,1,0,0.0,51.9,14,0,12,12.5,32,2,7,337,72.4,56.3,42.3,76.2,0,0,37,1,16.7,61.3,6.3,2,3,0,1,0,0,0.0,104,3.9
6,Jaylen Raynor,172203,QB,ARK STATE,1,63.0,27,27,13.7,2.89,0,1,3.7,55.6,15,0,17,11.8,36,2,8,113,70.9,54.9,50.9,63.3,0,0,36,0,29.4,72.5,13.9,5,4,0,0,0,1,2.8,156,5.8
6,Andrew Peasley,83581,QB,WYOMING,1,70.4,27,27,9.4,2.57,0,1,3.3,70.4,19,0,4,0.0,29,0,12,351,70.4,71.5,67.7,68.2,0,0,34,0,25.0,126.0,3.4,1,1,0,0,3,1,2.9,183,6.8
6,Max Johnson,124099,QB,TEXAS A&M,1,77.3,22,26,10.2,3.23,0,2,6.9,53.8,14,0,19,17.6,34,3,9,312,70.2,70.6,72.8,57.3,0,1,37,1,21.1,82.1,11.8,4,4,0,4,1,1,2.7,239,9.2
6,Haynes King,124329,QB,GA TECH,1,54.2,24,26,9.3,2.87,0,2,7.1,46.2,12,0,11,7.7,31,1,6,176,71.2,53.5,42.3,71.1,0,2,33,0,9.1,45.5,3.2,1,4,1,1,1,3,9.1,151,5.8
6,Jacob Zeno,98014,QB,UAB,1,83.3,24,26,0.9,2.78,0,0,0.0,73.1,19,0,8,5.0,29,1,10,321,68.8,57.2,56.5,57.7,0,1,31,1,12.5,138.6,3.4,1,2,0,2,4,2,6.5,353,13.6
6,Tony Muskett,142933,QB,VIRGINIA,1,79.2,24,26,12.8,2.65,0,2,7.7,65.4,17,0,10,10.5,35,2,12,335,31.9,82.0,80.2,65.1,0,1,35,0,40.0,103.4,11.4,4,4,0,2,2,2,5.7,232,8.9
6,Billy Wiles,144144,QB,SO MISS,1,60.0,25,26,9.6,2.86,0,0,0.0,57.7,15,0,10,0.0,30,0,9,296,68.8,65.0,60.0,69.6,0,0,30,0,20.0,76.8,6.7,2,2,0,1,0,1,3.3,166,6.4
6,Behren Morton,144747,QB,TEXAS TECH,1,76.0,25,26,9.8,2.14,1,1,3.7,73.1,19,0,4,0.0,27,0,7,315,70.1,74.1,71.4,65.9,0,1,28,0,25.0,114.3,3.7,1,0,0,0,3,1,3.6,180,6.9
6,Devin Leary,77628,QB,KENTUCKY,1,50.0,24,26,11.8,2.6,1,1,3.7,38.5,10,0,8,16.7,29,2,8,202,68.2,52.4,51.7,,0,0,30,0,37.5,80.3,10.3,3,0,0,1,2,1,3.3,128,4.9
6,Jaxson Dart,146409,QB,OLE MISS,1,70.8,24,25,7.6,2.9,1,1,3.7,64.0,16,0,12,5.9,30,1,9,226,72.0,73.4,74.0,65.0,0,0,32,1,16.7,94.3,6.7,2,3,0,0,1,0,0.0,153,6.1
6,Mitch Griffis,123386,QB,WAKE,1,71.4,21,25,9.8,3.0,0,0,0.0,60.0,15,0,18,0.0,34,0,7,339,71.1,55.0,51.8,61.9,3,0,39,1,27.8,73.9,14.7,5,4,0,1,0,0,0.0,131,5.2
6,Caleb Williams,144622,QB,USC,1,60.9,23,25,10.3,3.73,0,0,0.0,56.0,14,0,12,0.0,32,0,11,326,26.4,60.9,52.5,71.2,0,0,42,0,25.0,98.6,9.4,3,4,0,2,1,2,4.8,219,8.8
6,DJ Uiagalelei,122162,QB,OREGON ST,1,83.3,24,25,11.8,2.66,0,4,16.0,76.0,19,0,9,5.0,25,1,12,265,71.4,92.8,94.1,60.9,0,0,25,0,0.0,150.0,0.0,0,0,0,1,5,0,0.0,270,10.8
6,Jack Plummer,83543,QB,LOUISVILLE,1,86.4,22,24,8.6,2.6,0,0,0.0,70.8,17,0,9,10.5,27,2,7,210,69.7,56.5,60.0,54.4,0,0,28,1,22.2,99.7,7.4,2,1,0,2,1,2,7.1,142,5.9
6,Heinrich Haarberg,144993,QB,NEBRASKA,1,66.7,21,24,10.8,2.87,1,0,0.0,50.0,12,0,9,14.3,27,2,9,238,44.9,56.5,53.7,59.9,0,1,28,0,11.1,53.1,3.7,1,2,0,2,0,1,3.6,154,6.4
6,Jordan Travis,77615,QB,FLORIDA ST,1,87.0,23,24,8.3,2.7,1,1,4.0,75.0,18,0,9,10.0,29,2,11,167,70.7,75.8,74.4,65.2,0,0,30,0,22.2,121.9,6.9,2,3,0,0,2,1,3.3,170,7.1
6,Dequan Finn,97804,QB,TOLEDO,1,65.2,23,23,9.8,3.1,0,2,8.0,65.2,15,0,8,0.0,29,0,10,316,71.6,78.5,66.6,77.3,0,1,32,0,0.0,92.5,0.0,0,6,0,0,2,2,6.3,139,6.0
6,Will Rogers,124184,QB,MISS STATE,1,85.7,21,22,6.2,2.28,0,0,0.0,72.7,16,0,2,11.1,22,2,10,227,68.2,70.8,69.8,62.1,1,0,24,0,0.0,138.1,0.0,0,0,0,0,3,0,0.0,189,8.6
6,Jayden Daniels,97993,QB,LSU,1,81.0,21,21,12.9,3.07,0,3,12.5,71.4,15,0,10,11.8,26,2,12,211,40.7,90.1,87.7,72.7,0,0,29,0,20.0,152.6,7.7,2,3,0,0,3,0,0.0,259,12.3
6,Gunnar Watson,83570,QB,TROY,1,78.9,19,21,12.2,2.58,1,3,13.0,57.1,12,0,4,20.0,21,3,5,318,68.1,85.7,83.1,63.7,0,0,23,0,0.0,110.4,0.0,0,0,0,1,1,0,0.0,226,10.8
6,Garrett Shrader,98212,QB,SYRACUSE,1,80.0,20,21,6.0,2.61,0,0,0.0,71.4,15,0,7,6.3,23,1,6,304,32.8,50.6,45.3,62.1,0,1,24,0,14.3,66.4,4.3,1,1,0,1,0,2,8.3,124,5.9
6,Zion Webb,63555,QB,JVILLE ST,1,64.7,17,21,10.2,2.01,4,3,13.6,52.4,11,0,3,0.0,22,0,6,196,71.7,90.5,76.5,86.2,0,0,23,0,33.3,114.4,4.5,1,0,0,0,2,1,4.3,186,8.9
6,Deacon Hill,145170,QB,IOWA,1,50.0,16,20,16.7,2.87,1,1,4.8,30.0,6,0,13,25.0,21,2,5,192,68.7,56.6,55.3,59.5,3,1,22,0,7.7,45.8,4.8,1,0,0,0,1,1,4.5,110,5.5
6,J.J. McCarthy,144918,QB,MICHIGAN,1,85.0,20,20,10.5,2.66,0,0,0.0,70.0,14,0,3,17.6,21,3,8,222,69.8,77.1,71.7,70.9,0,0,21,0,0.0,122.7,0.0,0,1,0,0,1,0,0.0,219,11.0
6,Cardell Williams,156190,QB,TULSA,1,72.2,18,20,12.4,3.48,0,1,4.3,50.0,10,0,6,23.1,21,3,5,320,70.9,62.6,60.1,62.7,1,2,24,0,16.7,28.1,4.8,1,0,0,1,0,2,8.3,115,5.8
6,Ta'Quan Roberson,101625,QB,UCONN,1,78.9,19,19,8.8,2.54,0,2,10.0,78.9,15,0,6,0.0,20,0,7,146,68.6,75.4,72.4,66.1,0,0,21,0,0.0,148.9,0.0,0,1,0,0,2,0,0.0,215,11.3
6,Josh Hoover,127148,QB,TCU,1,66.7,18,19,10.7,3.09,0,0,0.0,57.9,11,0,7,8.3,20,1,7,305,24.7,51.0,56.8,60.0,0,1,20,0,14.3,72.0,5.0,1,0,0,1,1,2,10.0,119,6.3
6,Kaidon Salter,132046,QB,LIBERTY,1,68.4,19,19,17.6,3.35,0,4,19.0,57.9,11,0,13,15.4,28,2,9,206,70.3,62.4,63.8,60.6,0,1,32,1,23.1,98.0,10.7,3,6,0,0,1,1,3.1,257,13.5
6,Grant Wilson,143041,QB,DOMINION,1,66.7,18,18,18.2,2.81,0,7,38.9,44.4,8,0,9,33.3,21,4,5,263,69.8,92.9,92.7,64.4,0,0,21,0,33.3,84.0,14.3,3,0,0,0,0,0,0.0,194,10.8
6,Brett Gabbert,97404,QB,MIAMI OH,1,83.3,18,18,7.7,2.46,0,0,0.0,83.3,15,0,4,0.0,23,0,9,221,70.0,67.5,70.8,59.7,0,0,25,1,25.0,141.2,4.3,1,4,0,0,2,1,4.0,162,9.0
6,Brendan Sullivan,145034,QB,NWESTERN,1,76.5,17,18,8.5,3.23,0,1,5.3,72.2,13,0,12,0.0,29,0,10,256,33.7,60.9,64.2,55.6,0,0,30,0,41.7,129.6,17.2,5,6,0,1,2,0,0.0,131,7.3
6,Connor Bazelak,99135,QB,BOWL GREEN,1,53.3,15,17,11.9,2.9,0,0,0.0,47.1,8,0,11,0.0,21,0,3,122,67.5,39.7,39.5,,0,1,23,0,36.4,32.5,19.0,4,0,0,2,0,2,8.7,64,3.8
6,Zeon Chriss-Gremillion,156733,QB,LA LAFAYET,1,88.2,17,17,9.3,2.7,0,1,5.6,76.5,13,0,7,13.3,22,2,9,207,14.4,69.7,70.6,61.1,0,0,23,0,28.6,155.6,9.1,2,3,0,0,3,3,13.0,205,12.1
6,Maddux Madsen,163379,QB,BOISE ST,1,60.0,15,16,8.7,2.65,1,0,0.0,56.3,9,0,7,0.0,21,0,7,120,26.6,54.7,44.4,72.1,0,1,21,0,42.9,84.1,14.3,3,2,0,0,1,2,9.5,155,9.7
6,Chandler Morris,122938,QB,TCU,1,62.5,16,16,7.9,3.49,0,0,0.0,62.5,10,0,4,0.0,18,0,7,305,69.6,62.6,56.0,68.3,0,2,18,0,25.0,59.9,5.6,1,0,0,0,1,1,5.6,94,5.9
6,Athan Kaliakmanis,144971,QB,MINNESOTA,1,54.5,11,16,8.6,2.88,2,1,5.9,31.3,5,0,10,16.7,21,1,3,225,67.4,27.8,27.1,53.5,0,2,22,0,30.0,22.9,14.3,3,2,1,2,1,2,9.1,52,3.3
6,Rocky Lombardi,60452,QB,N ILLINOIS,1,76.9,13,15,8.8,2.59,1,1,6.7,66.7,10,0,4,0.0,16,0,6,254,67.4,75.6,76.6,56.9,0,0,16,0,25.0,149.3,6.3,1,0,0,1,2,0,0.0,191,12.7
6,Timmy McClain,144488,QB,UCF,1,80.0,15,15,11.5,4.04,0,1,5.9,80.0,12,0,10,0.0,24,0,8,323,24.4,52.8,52.4,57.2,0,0,26,0,40.0,144.0,16.7,4,5,0,0,2,1,3.8,136,9.1
6,Michael Alaimo,129802,QB,KENT STATE,1,81.8,11,13,5.9,2.87,0,0,0.0,69.2,9,0,12,0.0,20,0,6,201,67.2,53.9,48.9,64.0,0,1,21,0,50.0,87.7,30.0,6,1,0,2,1,1,4.8,107,8.2
6,Bryson Daily,147303,QB,ARMY,1,83.3,12,12,9.3,2.99,0,0,0.0,75.0,9,0,6,10.0,13,1,5,114,13.9,52.2,49.5,60.3,0,0,13,2,16.7,129.2,7.7,1,0,0,0,1,2,15.4,106,8.8
6,Jason Bean,83529,QB,KANSAS,1,66.7,12,12,10.2,3.05,0,1,8.3,66.7,8,0,4,0.0,14,0,7,198,69.4,73.3,82.7,53.2,0,0,14,0,25.0,117.0,7.1,1,1,0,0,1,0,0.0,91,7.6
6,Logan Fife,128176,QB,FRESNO ST,1,72.7,11,11,8.0,2.91,0,1,7.7,63.6,7,0,3,12.5,13,1,4,169,66.4,61.6,63.8,57.3,0,1,15,0,33.3,73.3,7.7,1,1,0,0,1,0,0.0,68,6.2
6,Gio Lopez,172309,QB,S ALABAMA,1,88.9,9,10,4.3,2.45,0,0,0.0,70.0,7,0,3,12.5,11,1,6,288,65.6,69.3,64.6,64.0,0,0,11,0,0.0,128.8,0.0,0,1,0,1,1,0,0.0,84,8.4
6,Logan Smothers,129713,QB,JVILLE ST,1,50.0,8,10,8.0,1.99,1,0,0.0,40.0,4,0,2,0.0,11,0,3,196,21.0,33.1,33.6,54.1,0,1,11,1,50.0,14.6,9.1,1,0,0,1,0,2,18.2,45,4.5
6,Mike Wright Jr.,124366,QB,MISS STATE,1,80.0,10,10,6.6,2.3,0,1,9.1,70.0,7,0,2,12.5,10,1,3,227,71.1,77.2,72.5,68.5,0,0,11,0,0.0,84.2,0.0,0,0,0,0,0,0,0.0,57,5.7
6,Jack Salopek,130662,QB,W MICHIGAN,1,85.7,7,10,5.1,2.73,2,0,0.0,60.0,6,0,4,0.0,12,0,2,347,66.0,59.4,60.9,57.8,0,0,13,0,25.0,66.7,8.3,1,1,0,1,0,0,0.0,35,3.5
6,Tommy Castellanos,158433,QB,BOSTON COL,1,55.6,9,9,13.9,3.33,0,0,0.0,44.4,4,0,6,20.0,16,1,3,121,41.0,57.2,30.4,67.1,0,1,16,0,50.0,20.8,18.8,3,3,0,0,0,2,12.5,46,5.1
6,Braylon Braxton,144442,QB,TULSA,1,62.5,8,8,20.1,2.69,0,2,25.0,37.5,3,0,3,40.0,9,2,3,320,70.4,87.0,87.1,66.8,0,0,9,0,33.3,107.8,11.1,1,0,0,0,1,0,0.0,67,8.4
6,Taylen Green,145996,QB,BOISE ST,1,50.0,8,8,14.6,3.96,0,0,0.0,50.0,4,0,1,0.0,8,0,3,120,70.4,69.2,52.4,76.7,0,0,9,0,0.0,121.9,0.0,0,0,0,0,1,0,0.0,74,9.3
6,Tai Lavatai,121854,QB,NAVY,1,62.5,8,8,14.9,2.51,0,0,0.0,50.0,4,0,2,20.0,9,1,3,237,69.8,73.3,54.4,79.8,0,0,9,1,0.0,122.4,0.0,0,1,0,0,1,1,11.1,75,9.4
6,Brock Vandagriff,146713,QB,GEORGIA,1,85.7,7,7,5.9,2.53,0,1,14.3,71.4,5,0,0,16.7,8,1,3,173,66.2,81.4,73.8,70.0,0,0,8,0,,128.6,0.0,0,1,0,0,1,0,0.0,46,6.6
6,Tommy Ulatowski,163150,QB,KENT STATE,1,42.9,7,7,16.6,3.06,0,0,0.0,28.6,2,0,2,33.3,8,1,2,201,68.2,67.4,49.8,77.2,0,0,8,0,0.0,79.2,0.0,0,1,0,0,1,1,12.5,12,1.7
6,John Rhys Plumlee,97602,QB,UCF,1,50.0,6,7,7.8,2.47,1,1,14.3,42.9,3,0,2,0.0,7,0,1,323,64.6,64.0,63.6,,0,0,7,0,0.0,57.4,0.0,0,0,0,0,0,0,0.0,33,4.7
6,Camden Orth,108965,QB,BOWL GREEN,1,60.0,5,6,4.6,3.01,0,0,0.0,50.0,3,0,3,0.0,7,0,0,122,69.0,56.2,49.0,63.1,1,0,7,0,0.0,56.3,0.0,0,1,0,0,0,0,0.0,8,1.3
6,Max Brown,157756,QB,FLORIDA,1,100.0,4,4,1.3,2.86,0,0,0.0,100.0,4,0,1,0.0,5,0,1,163,63.8,59.6,64.7,57.0,0,0,5,0,0.0,93.8,0.0,0,1,0,0,0,0,0.0,26,6.5
6,Landry Lyddy,156581,QB,UAB,1,33.3,3,4,14.3,4.0,0,0,0.0,25.0,1,0,2,0.0,4,0,0,321,63.3,42.5,41.6,,0,0,4,1,0.0,39.6,0.0,0,0,0,1,0,1,25.0,2,0.5
6,Jack Shields,156830,QB,DOMINION,1,0.0,4,4,17.8,3.7,0,0,0.0,0.0,0,0,6,,7,0,1,263,67.2,40.1,32.9,61.8,0,0,8,0,33.3,39.6,28.6,2,1,0,0,0,0,0.0,0,0.0
6,Evan Simon,129906,QB,RUTGERS,1,100.0,2,3,4.5,2.73,0,0,0.0,66.7,2,0,2,0.0,3,0,2,278,62.7,59.6,59.3,,0,0,3,0,0.0,138.9,0.0,0,0,0,1,1,0,0.0,30,10.0
6,DJ Riles,156596,QB,MIDDLE TN,1,66.7,3,3,11.0,4.05,0,0,0.0,66.7,2,0,1,0.0,4,0,2,224,65.2,59.6,51.1,57.3,0,0,5,0,0.0,109.7,0.0,0,1,0,0,0,0,0.0,46,15.3
6,Haden Carlson,123620,QB,FIU,1,100.0,3,3,4.7,2.0,0,0,0.0,100.0,3,0,1,0.0,4,0,2,166,63.3,55.1,55.1,,0,0,4,0,100.0,118.8,25.0,1,0,0,0,0,0,0.0,60,20.0
6,Conner Harrell,156352,QB,N CAROLINA,1,50.0,2,2,16.0,4.05,0,0,0.0,0.0,0,0,2,100.0,2,1,0,245,66.2,66.3,69.4,58.7,0,0,2,0,0.0,39.6,0.0,0,0,0,0,0,0,0.0,0,0.0
6,Ethan Hampton,145858,QB,N ILLINOIS,1,0.0,2,2,9.0,2.6,0,0,0.0,0.0,0,0,1,,2,0,0,254,64.4,40.3,36.7,60.0,0,0,2,0,0.0,39.6,0.0,0,0,0,0,0,0,0.0,0,0.0
6,Aidan Chiles,173727,QB,OREGON ST,1,100.0,2,2,12.5,2.55,0,0,0.0,100.0,2,0,0,0.0,2,0,1,265,61.8,74.8,74.4,,0,0,2,0,,150.0,0.0,0,0,0,0,1,0,0.0,21,10.5
6,Jack Tuttle,83580,QB,MICHIGAN,1,100.0,2,2,-2.5,3.13,0,0,0.0,100.0,2,0,1,0.0,3,0,2,222,62.7,84.5,62.6,70.0,0,0,3,0,0.0,112.5,0.0,0,1,0,0,0,0,0.0,22,11.0
6,Blake Horvath,162555,QB,NAVY,1,0.0,1,2,12.0,3.65,0,0,0.0,0.0,0,0,2,,4,0,0,237,75.2,60.2,44.6,63.4,0,0,4,0,50.0,39.6,25.0,1,1,0,1,0,0,0.0,0,0.0
6,Kiael Kelly,145634,QB,BALL ST,1,50.0,2,2,4.0,3.43,0,0,0.0,50.0,1,0,1,0.0,3,0,1,117,71.7,74.9,39.6,80.2,0,0,3,0,100.0,95.8,33.3,1,0,0,0,0,0,0.0,26,13.0
6,Garrett Nussmeier,146757,QB,LSU,1,0.0,1,2,18.0,2.35,0,0,0.0,0.0,0,0,1,,2,0,0,211,64.4,47.4,46.1,60.0,0,0,2,0,0.0,39.6,0.0,0,0,0,1,0,0,0.0,0,0.0
6,Carlos Del Rio-Wilson,146687,QB,SYRACUSE,1,50.0,2,2,13.5,2.25,0,0,0.0,50.0,1,0,1,0.0,2,0,0,304,64.8,59.9,52.0,63.8,0,1,3,0,0.0,16.7,0.0,0,0,0,0,0,0,0.0,5,2.5
6,Chuck Montgomery,145265,WR,MARSHALL,1,0.0,1,1,19.0,2.9,0,0,0.0,0.0,0,0,0,,1,0,0,214,64.6,52.7,46.8,,0,0,1,0,,39.6,0.0,0,0,0,0,0,0,0.0,0,0.0
6,Kahleil Jackson,124381,WR,FLORIDA,1,0.0,1,1,30.0,3.6,0,0,0.0,0.0,0,0,0,,1,0,0,163,65.3,51.0,37.0,,0,1,1,0,,0.0,0.0,0,0,0,0,0,1,100.0,0,0.0
6,Bryce Archie,156667,QB,USF,1,0.0,1,1,47.0,4.2,0,0,0.0,0.0,0,0,0,,1,0,0,327,60.3,57.9,58.0,,0,0,1,0,,39.6,0.0,0,0,0,0,0,0,0.0,0,0.0
6,Kobe Hudson,123989,WR,UCF,1,,0,1,,4.3,0,0,0.0,0.0,0,0,1,,1,0,0,323,62.4,66.8,60.0,,0,0,1,1,0.0,39.6,0.0,0,0,0,1,0,0,0.0,0,0.0
6,Stone Earle,123504,QB,N TEXAS,1,0.0,1,1,21.0,2.9,0,0,0.0,0.0,0,0,0,,1,0,0,251,63.7,69.8,58.4,63.4,0,0,1,0,,39.6,0.0,0,0,0,0,0,0,0.0,0,0.0
6,Evan Svoboda,157664,QB,WYOMING,1,100.0,1,1,16.0,2.9,0,0,0.0,100.0,1,0,0,0.0,1,0,1,351,67.5,59.3,72.6,53.1,0,0,1,0,,118.8,0.0,0,0,0,0,0,0,0.0,16,16.0
6,Brennan Presley,122982,WR,OKLA STATE,1,100.0,1,1,-2.0,3.1,0,0,0.0,100.0,1,0,0,0.0,1,0,0,262,71.0,56.8,60.4,60.7,0,0,1,0,,79.2,0.0,0,0,0,0,0,0,0.0,3,3.0
6,John Mateer,158516,QB,WASH STATE,1,100.0,1,1,1.0,1.7,0,0,0.0,100.0,1,0,1,0.0,1,0,0,341,60.3,59.7,61.0,,0,0,1,0,0.0,95.8,0.0,0,0,0,0,0,0,0.0,7,7.0
6,Jayden Denegal,158533,QB,MICHIGAN,1,0.0,1,1,19.0,2.9,0,0,0.0,0.0,0,0,0,,1,0,0,222,63.7,43.0,47.3,60.0,0,0,1,0,,39.6,0.0,0,0,0,0,0,0,0.0,0,0.0
6,Tate Rodemaker,122414,QB,FLORIDA ST,1,,0,1,,3.3,0,0,0.0,0.0,0,0,1,,1,0,0,167,67.5,59.8,60.0,60.8,0,0,1,0,0.0,39.6,0.0,0,0,0,1,0,0,0.0,0,0.0
6,Savion Red,163857,HB,TEXAS,1,100.0,1,1,10.0,2.2,0,0,0.0,100.0,1,0,0,0.0,1,0,1,311,65.3,80.5,75.4,62.3,0,0,1,0,,118.8,0.0,0,0,0,0,0,0,0.0,25,25.0
6,JP Richardson,144650,WR,TCU,1,0.0,1,1,22.0,4.9,0,0,0.0,0.0,0,0,0,,1,0,0,305,69.1,50.6,24.4,,0,1,1,0,,0.0,0.0,0,0,0,0,0,1,100.0,0,0.0
6,Deshaun Fenwick,83759,HB,OREGON ST,1,0.0,1,1,17.0,2.8,0,0,0.0,0.0,0,0,1,,1,0,0,265,75.4,73.0,56.6,73.0,0,0,1,0,0.0,39.6,0.0,0,0,0,0,0,0,0.0,0,0.0
6,Jake Willcox,148649,QB,BROWN,1,66.0,50,55,6.7,2.55,2,0,0.0,56.4,31,0,13,6.1,57,2,17,123,44.0,60.3,62.3,49.5,0,2,60,0,7.7,54.4,1.8,1,1,0,3,0,2,3.3,271,4.9
6,Jeremy Moussa,75887,QB,FL A&M,1,67.3,52,54,6.0,2.34,0,0,0.0,57.4,31,0,6,11.4,56,4,22,164,71.5,77.7,75.4,67.6,1,0,58,1,16.7,87.3,1.8,1,1,0,1,2,1,1.7,325,6.0
6,CJ Montes,146114,QB,FORDHAM,1,79.6,49,51,9.7,2.89,0,3,5.7,68.6,35,0,14,10.3,59,4,20,168,70.9,76.4,77.7,58.2,1,0,61,0,21.4,97.0,5.1,3,5,0,1,1,0,0.0,382,7.5
6,Pierce Holley,108981,QB,E ILLINOIS,1,72.1,43,50,9.3,2.68,3,2,3.8,58.0,29,0,13,6.5,56,2,19,158,71.5,78.4,79.7,60.1,0,1,59,0,30.8,98.6,7.1,4,2,2,2,4,1,1.7,358,7.2
6,Paxton DeLaurent,159618,QB,SE MO ST,1,61.7,47,47,11.1,2.21,0,3,5.9,55.3,26,0,10,10.3,53,3,15,293,72.3,60.1,55.5,68.6,0,1,57,0,30.0,79.3,5.7,3,3,0,0,2,4,7.0,291,6.2
6,Chase Artopoeus,100577,QB,CHATTNOOGA,1,67.4,43,45,13.7,2.72,1,2,4.2,64.4,29,0,7,0.0,50,0,20,137,70.3,68.8,67.6,63.7,1,2,54,0,42.9,111.3,6.0,3,2,0,0,5,3,5.6,399,8.9
6,Miles Hastings,103943,QB,UC DAVIS,1,81.4,43,45,8.6,2.08,1,2,4.2,68.9,31,0,9,11.4,45,4,15,322,69.5,90.5,90.4,,0,0,48,0,0.0,107.7,0.0,0,0,0,1,2,1,2.1,361,8.0
6,Justin Miller,103941,QB,SO UTAH,1,81.4,43,45,8.1,2.82,0,2,4.2,75.6,34,0,15,2.9,51,1,19,298,71.0,70.7,73.3,54.4,0,1,54,0,6.7,107.1,2.0,1,5,0,2,3,3,5.6,314,7.0
6,Bo Kelly,158923,QB,CAL POLY,1,68.2,44,45,8.5,2.62,0,2,4.3,53.3,24,0,11,20.0,51,6,13,129,38.6,63.1,63.1,58.2,0,2,53,0,27.3,67.5,5.9,3,3,0,1,2,4,7.5,267,5.9
6,Will McElvain,88639,QB,CENT ARK,1,83.3,42,44,7.5,2.59,0,3,6.3,70.5,31,0,8,11.4,47,4,17,132,70.1,79.8,79.1,65.9,0,1,51,0,12.5,119.2,2.1,1,2,0,2,4,1,2.0,397,9.0
6,Jordan Pachot,164809,QB,MO STATE,1,64.3,42,44,10.5,2.63,1,4,8.7,56.8,25,0,20,7.4,46,2,16,230,69.9,68.9,67.7,62.5,0,3,48,0,5.0,54.1,2.2,1,1,0,1,1,3,6.3,269,6.1
6,Anthony Chiccitt,141376,QB,ROB MORRIS,1,76.3,38,43,5.6,2.32,2,0,0.0,60.5,26,0,15,10.3,50,3,9,277,70.2,61.5,63.1,52.7,3,0,53,0,33.3,69.6,10.0,5,2,0,0,0,0,0.0,177,4.1
6,Michael Hiers,88636,QB,SAMFORD,1,84.6,39,42,6.5,2.77,0,1,2.3,71.4,30,0,10,9.1,46,3,12,282,69.9,82.5,84.4,53.7,1,1,47,0,30.0,84.1,6.5,3,1,0,2,1,1,2.1,247,5.9
6,Ryan O'Connor,155510,QB,DELAWARE,1,79.5,39,40,10.3,2.82,0,2,4.9,70.0,28,0,18,9.7,46,3,16,151,70.3,73.1,71.7,64.2,0,1,47,0,11.1,119.5,4.3,2,4,0,1,4,2,4.3,347,8.7
6,Tyler Knoop,108982,QB,GEORGETOWN,1,77.1,35,39,8.3,2.75,2,3,7.0,66.7,26,0,18,3.7,44,1,17,172,71.4,76.8,73.4,68.8,0,2,48,0,11.1,90.5,4.5,2,3,0,2,3,2,4.2,268,6.9
6,Kobe Tracy,141317,QB,UTAHTC,1,61.5,39,39,12.8,2.26,0,4,9.5,59.0,23,0,8,4.2,42,1,14,1285,69.8,67.3,66.2,60.0,0,1,45,0,37.5,97.1,7.1,3,0,0,0,3,2,4.4,289,7.4
6,Brock Bagozzi,149648,QB,MARIST,1,70.3,37,39,7.7,3.0,1,1,2.5,61.5,24,0,22,7.7,45,2,13,213,70.2,75.4,76.7,56.9,0,3,46,0,13.6,43.0,6.7,3,3,0,1,0,2,4.3,203,5.2
6,Eli Sawyer,141870,QB,SE LA,1,80.0,35,38,7.6,2.28,1,1,2.5,71.1,27,0,12,3.6,39,1,13,294,69.1,67.7,68.4,55.6,0,1,41,0,0.0,97.0,0.0,0,1,0,2,2,0,0.0,266,7.0
6,Colby Suits,82143,QB,HOUCHR,1,51.4,37,38,10.2,2.7,0,3,7.5,44.7,17,0,16,10.5,42,2,9,183,70.5,64.9,64.7,59.8,0,3,44,0,6.3,33.8,2.4,1,3,0,1,1,2,4.5,169,4.4
6,Ashur Carraha,165036,QB,STHLSK,1,64.7,34,37,10.2,2.95,1,1,2.1,59.5,22,0,12,0.0,39,0,13,1470,70.8,62.6,59.8,63.3,1,0,49,0,8.3,100.5,2.6,1,1,0,1,3,1,2.0,194,5.2
6,Brian Maurer,99123,QB,STF AUSTIN,1,65.7,35,37,6.9,2.54,1,2,5.0,56.8,21,0,17,8.7,43,2,12,301,71.6,66.5,64.3,66.8,0,0,46,1,11.8,102.2,4.7,2,4,0,1,3,0,0.0,229,6.2
6,Xavier Lankford,142724,QB,ALAB A&M,1,62.9,35,36,9.5,2.35,0,2,5.3,58.3,21,0,5,4.5,36,1,15,104,73.4,75.6,71.9,69.0,0,2,38,1,0.0,76.7,0.0,0,0,0,1,2,2,5.3,265,7.4
6,Ralph Rucker IV,144625,QB,BUCKNELL,1,55.9,34,36,14.8,2.95,1,5,13.5,52.8,19,0,19,0.0,43,0,11,125,48.9,77.8,76.3,65.7,1,1,45,0,5.3,91.0,2.3,1,5,0,0,3,2,4.4,248,6.9
6,Camden Coleman,170901,QB,RICHMOND,1,78.8,33,36,8.7,2.55,2,1,2.6,69.4,25,0,10,3.8,39,1,17,276,71.7,73.4,73.9,54.2,0,2,42,0,10.0,118.6,2.6,1,2,0,1,6,2,4.8,365,10.1
6,Carter Cravens,150714,QB,MOREHEAD,1,54.3,35,36,9.4,2.54,0,2,5.6,52.8,19,0,11,0.0,38,0,15,234,71.4,79.7,78.3,65.7,0,1,38,0,0.0,86.7,0.0,0,2,0,1,2,0,0.0,291,8.1
6,Kinkead Dent,99132,QB,TENN MARTN,1,60.6,33,36,9.2,2.73,1,0,0.0,44.4,16,0,13,20.0,45,4,13,310,37.8,51.1,54.2,50.9,1,1,45,1,23.1,68.5,6.7,3,6,0,1,2,2,4.4,194,5.4
6,Jameson Wang,148782,QB,CORNELL,1,75.0,32,35,5.9,2.86,1,1,2.8,60.0,21,0,7,12.5,39,3,9,147,41.6,78.7,76.0,68.1,1,0,40,1,14.3,71.7,2.6,1,3,0,1,0,2,5.0,165,4.7
6,Blake Stenstrom,82106,QB,PRINCETON,1,87.5,32,35,5.7,2.88,1,0,0.0,74.3,26,0,18,7.1,44,2,10,272,70.1,66.4,71.0,48.9,1,0,44,0,33.3,110.4,13.6,6,3,0,1,1,1,2.3,310,8.9
6,Aidan Sayin,148974,QB,PENN,1,77.1,35,35,7.1,2.65,0,2,5.4,74.3,26,0,6,3.7,36,1,10,267,35.8,73.7,77.6,52.4,0,0,39,0,16.7,106.3,2.8,1,0,0,0,1,0,0.0,275,7.9
6,Davius Richard,109077,QB,NC CENT,1,74.2,31,35,9.0,2.44,2,1,2.7,60.0,21,0,15,8.7,36,2,9,247,74.0,77.0,67.4,76.1,0,0,38,0,0.0,82.0,0.0,0,1,1,1,1,0,0.0,171,4.9
6,Luke Bailey,143172,QB,DRAKE,1,64.7,34,34,12.6,2.82,0,3,7.9,47.1,16,0,10,27.3,37,6,10,153,32.7,72.2,71.7,57.8,0,0,41,1,20.0,92.4,5.4,2,1,0,0,2,1,2.4,257,7.6
6,Aaron Allen,78494,QB,ALCORN ST,1,75.0,32,34,9.8,2.68,0,4,10.8,67.6,23,0,16,4.2,45,1,14,107,23.0,73.2,78.1,55.9,1,1,48,2,37.5,108.2,13.3,6,5,0,1,3,2,4.2,266,7.8
6,Clifton McDowell,98003,QB,MONTANA,1,62.5,32,33,9.3,3.06,0,2,5.9,57.6,19,0,11,5.0,36,1,12,232,41.3,75.2,70.5,70.3,0,0,37,0,18.2,111.6,5.6,2,1,0,1,3,0,0.0,247,7.5
6,Zach Calzada,98006,QB,INCAR WORD,1,71.9,32,33,9.3,2.63,0,2,5.7,69.7,23,0,10,0.0,36,0,16,189,17.6,61.9,72.1,43.4,0,1,38,1,30.0,106.1,8.3,3,0,1,0,2,3,7.9,304,9.2
6,Zack Annexstad,83516,QB,ILL STATE,1,87.5,32,33,5.9,2.38,0,0,0.0,78.8,26,0,7,7.1,36,2,11,188,35.3,71.6,77.8,42.1,1,0,39,0,14.3,97.2,2.8,1,2,0,0,1,0,0.0,162,4.9
6,Graeson Underwood,123202,QB,CITADEL,1,59.4,32,33,8.9,1.97,1,2,5.6,54.5,18,0,9,5.3,33,1,7,139,71.7,58.9,58.3,59.2,0,2,36,0,0.0,50.8,0.0,0,0,0,0,0,3,8.3,226,6.8
6,Quaterius Hawkins,160211,QB,NWSTATE,1,66.7,33,33,8.5,2.64,0,2,5.7,60.6,20,0,11,9.1,38,2,9,257,37.2,62.9,60.0,64.8,0,1,40,0,18.2,58.3,5.3,2,3,0,0,0,2,5.0,145,4.4
6,Adam Damante,170711,QB,N ARIZONA,1,92.9,28,32,3.0,2.52,1,1,2.9,78.1,25,0,11,3.8,35,1,10,252,70.2,62.3,66.1,56.2,0,1,37,2,18.2,87.8,5.7,2,1,0,3,1,1,2.7,182,5.7
6,Nathan Kent,148446,QB,TOWSON,1,71.0,31,32,7.7,2.18,0,3,8.3,59.4,19,0,3,13.6,33,3,10,317,35.8,66.9,74.1,46.3,0,1,37,0,0.0,66.9,0.0,0,1,0,1,0,1,2.7,218,6.8
6,Quinton Williams,102366,QB,HOWARD,1,64.3,28,32,9.6,2.66,0,1,3.0,56.3,18,0,13,0.0,33,0,9,184,69.5,54.6,54.4,57.4,0,0,34,2,7.7,71.0,3.0,1,0,0,4,0,2,5.9,169,5.3
6,Pauly Seeley V,178692,QB,WOFFORD,1,61.3,31,32,10.0,2.61,0,0,0.0,40.6,13,0,8,31.6,35,6,4,350,68.8,66.6,69.2,50.2,0,1,37,1,12.5,37.8,2.9,1,2,0,1,0,0,0.0,114,3.6
6,Ty'Jarian Williams,178887,QB,MS VLY ST,1,67.7,31,31,8.7,2.8,0,1,2.9,58.1,18,0,18,14.3,41,3,13,228,72.0,66.9,69.6,56.3,0,0,45,0,38.9,91.7,17.1,7,3,0,0,1,1,2.2,227,7.3
6,Draylen Ellis,121346,QB,TENN STATE,1,63.0,27,31,11.5,3.13,1,0,0.0,48.4,15,0,13,11.8,32,2,12,308,72.0,72.6,72.9,61.2,0,0,33,0,0.0,74.5,0.0,0,1,0,3,1,1,3.0,159,5.1
6,Cade Pribula,105550,QB,SACR HEART,1,62.1,29,31,8.3,2.61,0,1,3.2,54.8,17,0,15,5.6,38,1,13,280,38.7,49.6,50.2,54.5,1,1,38,0,20.0,64.4,7.9,3,4,0,1,1,4,10.5,144,4.6
6,Brayten Silbor,159764,QB,LEHIGH,1,65.5,29,31,7.7,2.33,0,1,3.0,61.3,19,0,9,0.0,33,0,14,205,69.6,75.3,72.8,66.4,0,0,35,0,0.0,120.0,0.0,0,2,0,2,3,0,0.0,257,8.3
6,Kasim Hill,60444,QB,RHODE ISLD,1,70.4,27,30,13.9,2.56,0,2,6.1,53.3,16,0,6,15.8,32,3,9,274,70.9,70.4,71.1,59.7,0,0,35,0,0.0,110.7,0.0,0,2,0,3,3,3,8.6,222,7.4
6,Bret Bushka,108927,QB,BUTLER,1,73.1,26,30,5.2,2.73,2,0,0.0,53.3,16,0,14,15.8,40,3,7,127,71.5,65.6,49.3,79.8,0,0,41,0,28.6,61.9,10.0,4,6,0,2,0,1,2.4,111,3.7
6,Cade Chambers,148066,QB,INDIANA ST,1,79.3,29,30,9.2,2.53,0,2,5.9,76.7,23,0,10,0.0,35,0,12,191,68.9,78.1,76.1,63.1,1,2,39,0,40.0,83.3,11.4,4,1,0,0,1,2,5.1,245,8.2
6,Victor Gabalis,131932,QB,TARLETON,1,52.0,25,30,11.6,2.71,2,0,0.0,43.3,13,0,11,0.0,34,0,7,401,68.9,52.0,48.5,64.5,0,0,38,0,27.3,70.4,8.8,3,1,0,3,1,0,0.0,152,5.1
6,Dean DeNobile,159740,QB,LAFAYETTE,1,82.1,28,29,8.5,2.61,0,0,0.0,72.4,21,0,7,8.7,34,2,9,203,70.9,61.7,64.0,54.4,1,0,35,0,42.9,101.4,8.8,3,2,0,0,1,0,0.0,191,6.6
6,Jonathan Murphy,104766,QB,KENNESAW,1,48.1,27,29,10.3,2.79,0,0,0.0,41.4,12,0,13,7.7,33,1,5,200,35.3,35.8,34.4,55.6,0,1,34,0,30.8,42.9,12.1,4,0,0,2,0,4,11.8,144,5.0
6,Matt Morrissey,148177,QB,W ILLINOIS,1,76.9,26,29,6.3,2.99,1,3,10.0,65.5,19,0,17,5.0,38,1,10,345,33.2,76.0,86.6,48.3,0,1,41,2,29.4,74.6,13.2,5,4,0,2,1,1,2.4,145,5.0
6,Kylan Weisser,78475,QB,WEBER ST,1,69.0,29,29,7.9,2.47,0,0,0.0,62.1,18,0,11,10.0,34,2,6,342,44.3,59.8,52.0,74.5,0,2,36,0,27.3,43.3,8.8,3,2,0,0,0,0,0.0,127,4.4
6,Marqui Adams,161340,QB,DELWARE ST,1,73.1,26,28,8.9,3.21,1,2,6.3,57.1,16,0,15,15.8,34,3,15,152,38.3,77.8,74.9,63.5,0,2,38,0,20.0,100.4,8.8,3,3,0,1,3,3,7.9,301,10.8
6,Matthew Sluka,143059,QB,HOLY CROSS,1,71.4,28,28,9.0,2.92,0,2,7.1,67.9,19,0,6,5.0,33,1,9,181,72.7,85.7,81.0,75.2,0,0,33,1,16.7,120.8,3.0,1,4,0,0,2,1,3.0,258,9.2
6,Theo Day,83515,QB,N IOWA,1,60.7,28,28,11.0,2.55,0,2,6.9,60.7,17,0,5,0.0,31,0,11,255,68.9,73.5,70.8,65.6,0,0,32,0,40.0,84.2,6.5,2,1,0,0,0,0,0.0,212,7.6
6,Myles Crawley,141731,QB,GRAMBLING,1,57.1,28,28,13.0,2.84,0,4,12.5,57.1,16,0,3,0.0,30,0,7,177,70.4,65.8,65.8,58.7,0,3,34,0,33.3,57.3,3.3,1,1,0,0,1,2,5.9,237,8.5
6,Chris Zellous,153319,QB,HAMPTON,1,55.6,27,28,10.5,2.32,0,1,3.4,50.0,14,0,6,6.7,29,1,7,178,71.6,70.0,62.1,73.8,0,2,31,0,16.7,59.7,3.4,1,0,0,1,2,1,3.2,147,5.3
6,Nic Baker,87541,QB,S ILLINOIS,1,59.1,22,27,8.4,3.42,2,0,0.0,44.4,12,0,18,7.7,37,1,5,295,69.7,56.5,49.0,71.8,1,1,37,0,38.9,38.2,18.9,7,3,0,2,0,1,2.7,94,3.5
6,Carter Peevy,129563,QB,MERCER,1,84.6,26,27,9.7,2.77,0,2,7.1,74.1,20,0,9,9.1,30,2,14,219,36.9,73.0,75.3,57.8,0,0,31,0,22.2,137.4,6.7,2,1,0,1,2,0,0.0,317,11.7
6,Derek Robertson,142298,QB,MAINE,1,73.1,26,26,8.5,1.99,0,2,7.7,73.1,19,0,8,0.0,28,0,10,212,68.0,80.9,81.4,,0,2,28,0,12.5,108.0,3.6,1,0,0,0,2,0,0.0,321,12.3
6,Jason Brown,109060,QB,JACKSON ST,1,62.5,24,26,12.8,2.76,0,3,10.7,53.8,14,0,10,6.7,35,1,13,194,70.2,86.0,81.4,72.7,1,0,38,0,30.0,117.9,8.6,3,6,0,1,3,0,0.0,203,7.8
6,Ty Englehart,162239,QB,PRESBYTERN,1,79.2,24,25,10.3,2.5,0,1,3.4,76.0,19,0,9,0.0,32,0,14,271,72.0,64.3,58.0,66.4,0,2,36,0,44.4,93.9,12.5,4,3,0,1,2,3,8.3,211,8.4
6,Reese Poffenbarger,145346,QB,ALBANY,1,76.0,25,25,11.4,2.73,0,2,7.1,72.0,18,0,6,5.3,29,1,10,106,69.9,72.9,70.8,64.5,0,1,32,1,66.7,109.6,13.8,4,0,0,0,2,1,3.1,225,9.0
6,Pat McQuaide,145792,QB,NICHOLLS,1,69.6,23,25,6.7,2.35,0,1,3.7,60.0,15,0,7,6.3,27,1,11,243,29.1,69.5,69.1,60.3,0,1,29,0,28.6,82.8,7.4,2,0,0,2,1,1,3.4,204,8.2
6,Cole Gonzales,159939,QB,W CAROLINA,1,66.7,21,25,17.0,2.79,3,3,12.0,52.0,13,0,4,7.1,26,1,10,344,68.4,86.0,89.7,53.1,0,0,26,0,0.0,131.0,0.0,0,1,0,1,3,1,3.8,276,11.0
6,Tommy Schuster,108954,QB,N DAKOTA,1,70.8,24,24,8.9,2.54,0,3,12.0,70.8,17,0,6,0.0,26,0,11,249,68.5,79.7,73.0,76.7,0,0,27,0,16.7,96.9,3.8,1,1,0,0,0,0,0.0,206,8.6
6,Tyler Huff,142567,QB,FURMAN,1,83.3,24,24,5.7,2.36,0,0,0.0,79.2,19,0,4,5.0,28,1,12,170,37.6,82.5,73.8,75.4,0,1,30,0,0.0,102.4,0.0,0,4,0,0,2,0,0.0,146,6.1
6,Michael Appel Jr.,149746,QB,VALPO,1,70.0,20,24,8.6,2.79,3,0,0.0,45.8,11,0,14,21.4,30,3,7,332,28.3,69.0,67.9,62.4,0,0,30,0,21.4,53.8,10.0,3,3,0,1,0,1,3.3,78,3.3
6,Jackson Proctor,148851,QB,DARTMOUTH,1,73.9,23,23,7.0,2.5,0,0,0.0,73.9,17,0,5,0.0,25,0,9,148,69.5,55.7,53.1,62.3,0,2,26,0,20.0,63.7,4.0,1,1,0,0,1,2,7.7,120,5.2
6,Aidan Bouman,122508,QB,S DAKOTA,1,81.8,22,23,7.9,2.56,0,2,8.0,73.9,17,0,4,5.6,25,1,9,291,68.5,76.5,80.2,53.1,0,0,27,0,25.0,113.5,4.0,1,1,0,1,1,1,3.7,195,8.5
6,Walter Simmons III,151059,QB,BETH COOK,1,66.7,21,22,5.1,2.7,0,0,0.0,59.1,13,0,9,7.1,34,1,6,119,34.0,57.0,43.2,71.8,0,0,34,0,66.7,80.7,17.6,6,6,0,1,1,1,2.9,75,3.4
6,Connor Watkins,108971,QB,VILLANOVA,1,76.2,21,22,9.8,2.41,0,1,4.5,68.2,15,0,4,6.3,26,1,9,334,69.5,68.6,67.6,60.5,0,0,26,0,75.0,150.6,11.5,3,1,0,1,3,1,3.8,280,12.7
6,Josh Magana,174601,QB,TXAMCO,1,59.1,22,22,14.4,2.63,0,1,4.3,54.5,12,0,6,7.7,24,1,7,1139,40.6,63.0,60.6,63.3,0,1,25,0,16.7,109.3,4.2,1,1,0,0,2,1,4.0,266,12.1
6,Robert Coleman,76149,QB,LAMAR,1,52.4,21,22,10.4,3.15,0,1,4.5,45.5,10,0,7,9.1,23,1,7,204,70.4,54.1,48.8,66.2,0,1,23,0,14.3,48.3,4.3,1,0,0,1,0,1,4.3,144,6.5
6,Hayes Gibson,122513,QB,TENN TECH,1,47.4,19,22,9.5,3.33,1,0,0.0,36.4,8,0,12,11.1,30,1,3,309,36.6,45.1,42.7,56.7,0,1,33,0,33.3,25.9,13.3,4,4,0,2,0,2,6.1,65,3.0
6,DJ Williams,138061,QB,MURRAY ST,1,72.2,18,22,5.2,3.02,2,0,0.0,54.5,12,0,7,7.7,25,1,7,236,70.9,63.6,60.5,63.1,0,1,25,0,0.0,73.1,0.0,0,3,0,2,1,1,4.0,155,7.0
6,Nolan Grooms,108987,QB,YALE,1,71.4,21,22,15.8,3.28,0,2,8.3,68.2,15,0,10,0.0,30,0,9,352,72.3,66.8,75.0,52.5,0,0,32,0,30.0,134.5,10.0,3,5,0,1,2,1,3.1,239,10.9
6,Hajj-Malik Williams,102348,QB,CAMPBELL,1,75.0,20,21,10.3,3.45,0,1,4.5,66.7,14,0,3,6.7,24,1,12,131,27.9,66.0,74.1,43.1,0,1,25,0,0.0,116.8,0.0,0,3,0,1,2,1,4.0,238,11.3
6,Gevani McCoy,147609,QB,IDAHO,1,60.0,20,21,14.6,2.97,1,2,9.1,57.1,12,0,8,0.0,26,0,12,185,68.5,75.3,76.1,61.2,0,1,27,0,12.5,85.0,3.8,1,4,0,0,1,1,3.7,198,9.4
6,Cam Miller,125299,QB,N DAK ST,1,85.0,20,20,11.2,2.97,0,4,20.0,80.0,16,0,5,5.9,24,1,11,250,69.4,93.2,94.1,64.9,0,0,24,0,0.0,152.1,0.0,0,4,0,0,2,0,0.0,256,12.8
6,Caden Bell,71181,QB,COLUMBIA,1,70.6,17,20,6.6,2.83,1,0,0.0,50.0,10,0,13,16.7,28,2,5,145,14.2,30.8,29.1,52.0,0,0,29,0,23.1,57.3,10.7,3,5,0,2,0,4,13.8,65,3.3
6,Ryan Roberts,150076,QB,MCNEESE,1,68.4,19,19,5.4,1.97,0,1,5.3,63.2,12,0,2,7.7,19,1,6,217,67.0,71.7,71.2,,0,0,19,0,0.0,77.7,0.0,0,0,0,0,0,0,0.0,105,5.5
6,Nate Glantz,157587,QB,MCNEESE,1,61.1,18,19,10.7,2.47,0,1,4.8,57.9,11,0,9,0.0,24,0,4,217,17.1,39.4,35.8,63.3,1,1,26,0,55.6,53.0,20.8,5,0,0,0,0,4,15.4,112,5.9
6,Darius Wilson,148492,QB,WM & MARY,1,94.1,17,19,2.5,3.45,1,0,0.0,78.9,15,0,15,6.3,31,1,9,348,69.3,61.2,65.0,57.8,0,0,31,0,6.7,82.7,3.2,1,11,0,1,0,0,0.0,73,3.8
6,Mitch Davidson,138334,QB,YNGTOWN ST,1,78.9,19,19,7.8,2.53,0,0,0.0,73.7,14,0,3,6.7,20,1,7,353,27.9,55.6,64.1,39.9,0,1,22,0,33.3,74.9,5.0,1,0,0,0,0,1,4.5,152,8.0
6,Charles DePrima,148879,QB,HARVARD,1,70.6,17,19,10.7,2.95,0,2,9.5,63.2,12,0,8,0.0,22,0,12,179,70.9,92.1,83.6,87.6,0,0,24,0,12.5,140.1,4.5,1,2,0,2,3,0,0.0,209,11.0
6,JR Blood,104782,QB,SOUTHERN U,1,70.6,17,19,12.3,2.7,0,1,5.3,57.9,11,0,6,8.3,22,1,6,297,69.3,64.1,64.0,58.9,0,0,22,0,33.3,110.4,9.1,2,1,0,2,1,0,0.0,194,10.2
6,Dante Casciola,149521,QB,DAYTON,1,81.3,16,19,4.8,3.05,2,0,0.0,63.2,12,0,5,7.7,23,1,5,150,68.8,79.0,77.9,65.5,1,1,24,0,40.0,49.9,8.7,2,2,0,0,0,0,0.0,78,4.1
6,Trazon Connley,75885,QB,PRVIEW A&M,1,80.0,15,18,13.7,2.78,1,3,15.8,61.1,11,0,8,8.3,23,1,7,270,70.9,82.3,84.5,63.4,0,0,24,0,25.0,142.1,8.7,2,3,0,2,2,0,0.0,259,14.4
6,Kevin White,178287,QB,NC A&T,1,62.5,16,17,10.6,3.62,0,0,0.0,47.1,8,0,9,20.0,25,2,4,246,29.1,44.0,34.1,64.0,0,0,25,0,44.4,57.0,16.0,4,4,0,1,0,2,8.0,64,3.8
6,Darius Perrantes,103934,QB,DUQUESNE,1,58.8,17,17,12.5,2.51,0,2,11.8,52.9,9,0,7,10.0,19,1,6,155,67.7,55.8,56.9,55.2,0,3,19,1,14.3,57.6,5.3,1,1,0,0,1,3,15.8,128,7.5
6,Brady Meitz,149729,QB,STETSON,1,62.5,16,17,13.4,2.88,0,1,5.3,58.8,10,0,9,0.0,19,0,7,302,67.9,60.1,54.8,68.1,0,0,21,0,11.1,116.3,5.3,1,1,0,1,1,1,4.8,186,10.9
6,Matthew Caldwell,150302,QB,GARD-WEBB,1,76.5,17,17,7.9,2.48,0,1,5.6,70.6,12,0,6,7.7,19,1,6,171,27.6,68.9,72.4,57.4,0,1,20,0,16.7,115.3,5.3,1,1,0,0,2,0,0.0,162,9.5
6,Mark Gronowski,138303,QB,S DAK ST,1,78.6,14,17,12.1,3.5,0,1,5.9,64.7,11,0,4,0.0,19,0,6,292,71.4,76.5,70.2,73.5,0,0,19,0,25.0,137.5,5.3,1,1,0,3,3,0,0.0,171,10.1
6,Jeffrey Jackson,143208,QB,VALPO,1,38.5,13,16,10.3,2.83,0,2,11.8,31.3,5,0,8,0.0,20,0,4,332,69.2,65.6,62.3,64.7,0,0,21,0,25.0,83.9,10.0,2,2,1,2,2,0,0.0,62,3.9
6,Matthew Downing,82120,QB,ELON,1,71.4,14,15,13.8,3.07,0,2,13.3,66.7,10,0,11,0.0,21,0,8,162,25.1,63.2,67.6,52.3,0,1,21,0,27.3,97.4,14.3,3,3,0,1,1,2,9.5,163,10.9
6,Cole Dugger,154197,QB,LNDNWD,1,78.6,14,14,7.6,3.4,0,2,13.3,64.3,9,0,8,18.2,22,2,5,949,69.3,84.5,90.3,60.8,0,0,23,0,25.0,75.0,9.1,2,6,0,0,0,0,0.0,65,4.6
6,Damon Stewart,156626,QB,ALABAMA ST,1,66.7,12,13,13.5,3.36,0,2,15.4,61.5,8,0,7,0.0,14,0,6,105,68.0,88.6,90.2,60.6,0,0,14,0,0.0,127.1,0.0,0,1,0,1,1,0,0.0,150,11.5
6,Timothy Dorsey,148029,QB,E TENN ST,1,15.4,13,13,16.4,3.46,0,0,0.0,15.4,2,0,6,0.0,18,0,0,157,70.2,50.0,37.3,69.9,0,0,18,0,50.0,39.6,16.7,3,2,0,0,0,0,0.0,11,0.8
6,Jordyn Potts,174577,QB,TENN TECH,1,60.0,10,12,13.8,3.04,0,1,7.1,33.3,4,0,6,33.3,13,2,3,309,67.3,75.0,77.4,57.3,0,0,15,0,16.7,49.7,7.7,1,0,0,2,0,0,0.0,57,4.8
6,Matt Jenner,174488,QB,CENT CT ST,1,58.3,12,12,11.3,2.84,0,0,0.0,50.0,6,0,4,14.3,15,1,3,133,69.5,49.0,52.3,52.3,0,0,16,0,25.0,102.8,6.7,1,2,0,0,2,1,6.3,56,4.7
6,Corey Fields Jr.,78539,QB,SCAR STATE,1,54.5,11,12,16.2,2.05,0,1,7.7,41.7,5,0,1,16.7,12,1,4,290,67.0,63.1,62.8,59.7,0,0,13,0,0.0,128.5,0.0,0,0,0,1,3,0,0.0,155,12.9
6,Chris Howell,171592,QB,LIUSHAR,1,81.8,11,12,0.9,2.61,0,0,0.0,58.3,7,0,3,22.2,12,2,2,1298,14.7,26.9,37.1,28.7,0,0,12,0,0.0,63.2,0.0,0,0,0,1,0,2,16.7,36,3.0
6,Anthony Harris,142285,QB,MAINE,1,81.8,11,11,5.7,2.95,0,0,0.0,72.7,8,0,6,11.1,13,1,4,212,67.0,82.9,81.3,63.1,0,0,13,0,33.3,119.9,15.4,2,0,0,0,1,0,0.0,71,6.5
6,Luke Duby,148765,QB,CORNELL,1,90.9,11,11,4.6,2.55,0,0,0.0,81.8,9,0,0,10.0,11,1,6,147,65.8,79.8,79.2,,0,0,12,0,,126.5,0.0,0,0,0,0,1,0,0.0,78,7.1
6,Malakai Anthony,142524,QB,MERRIMACK,1,77.8,9,10,13.3,2.35,0,2,20.0,70.0,7,0,2,0.0,10,0,5,385,21.4,62.5,83.4,46.1,1,1,10,2,0.0,99.2,0.0,0,0,0,0,1,0,0.0,108,10.8
6,Cole Dow,108930,QB,DAYTON,1,40.0,10,10,16.0,3.11,0,0,0.0,40.0,4,0,2,0.0,12,0,3,150,70.7,53.2,36.1,68.2,0,2,13,0,0.0,12.9,0.0,0,2,0,0,0,2,15.4,41,4.1
6,Justin Allen,105560,QB,ELON,1,88.9,9,10,8.4,2.54,1,1,9.1,70.0,7,0,7,12.5,14,1,5,162,21.8,70.1,66.2,64.3,0,0,16,0,42.9,135.0,21.4,3,1,0,0,1,1,6.3,99,9.9
6,Dematrius Davis Jr.,146660,QB,ALABAMA ST,1,77.8,9,9,6.7,3.03,0,1,11.1,66.7,6,0,2,14.3,12,1,3,105,71.6,47.6,36.4,60.3,0,1,12,0,0.0,43.1,0.0,0,3,0,0,0,1,8.3,54,6.0
6,Quincy Casey,104763,QB,ALAB A&M,1,42.9,7,7,9.0,2.08,0,0,0.0,42.9,3,0,2,0.0,8,0,1,104,15.7,32.1,31.7,,0,1,8,0,50.0,10.7,12.5,1,0,0,0,0,1,12.5,12,1.7
6,Tak Tateoka,172179,QB,STTHOM,1,83.3,6,7,10.7,2.51,1,0,0.0,57.1,4,0,3,20.0,11,1,3,1129,66.8,62.9,73.9,55.2,0,0,12,2,66.7,87.8,18.2,2,1,0,0,0,0,0.0,64,9.1
6,William Lankford,159106,QB,ELON,1,57.1,7,7,12.0,3.56,0,0,0.0,28.6,2,0,7,50.0,14,2,4,162,26.1,69.7,57.0,71.5,0,0,14,0,42.9,39.6,21.4,3,4,0,0,0,0,0.0,20,2.9
6,Ricky Ortega,142401,QB,CENT CT ST,1,60.0,5,6,2.8,2.5,0,0,0.0,50.0,3,0,3,0.0,6,0,3,133,73.5,84.5,75.3,73.9,0,0,8,0,0.0,64.6,0.0,0,0,0,1,0,0,0.0,30,5.0
6,Nick Howard,108979,QB,DARTMOUTH,1,66.7,6,6,2.0,1.65,0,0,0.0,66.7,4,0,1,0.0,6,0,2,148,33.5,45.5,33.4,56.9,0,1,7,0,0.0,36.8,0.0,0,0,0,0,0,1,14.3,27,4.5
6,Carter Davis,154196,QB,LNDNWD,1,80.0,5,6,8.2,2.97,0,1,16.7,66.7,4,0,5,0.0,9,0,3,949,69.1,75.0,84.7,54.6,0,0,9,0,40.0,149.3,22.2,2,0,0,1,1,0,0.0,78,13.0
6,Tyler Riddell,102355,QB,E TENN ST,1,50.0,4,6,7.0,2.99,0,0,0.0,33.3,2,0,3,0.0,8,0,1,157,67.2,53.6,42.6,66.7,0,0,8,0,33.3,42.4,12.5,1,1,0,2,0,0,0.0,6,1.0
6,Jack Layne,158966,QB,IDAHO,1,83.3,6,6,3.3,2.81,0,0,0.0,83.3,5,0,4,0.0,8,0,1,185,64.9,54.6,53.2,,0,0,8,0,50.0,141.0,25.0,2,0,0,0,1,0,0.0,50,8.3
6,Deveon Bryant,89422,QB,TENN STATE,1,33.3,6,6,7.7,2.36,0,0,0.0,33.3,2,0,2,0.0,7,0,0,308,64.9,46.2,46.0,,0,0,8,0,50.0,42.4,14.3,1,0,0,0,0,0,0.0,16,2.7
6,Lake Bennett,174586,QB,TXAMCO,1,75.0,4,5,4.0,3.5,1,0,0.0,60.0,3,0,2,0.0,5,0,3,1139,66.8,68.1,65.0,68.9,0,0,5,1,0.0,90.4,0.0,0,0,0,0,0,0,0.0,46,9.2
6,William Riddle,161252,QB,E TENN ST,1,60.0,5,5,8.6,2.2,0,0,0.0,60.0,3,0,4,0.0,6,0,1,157,64.2,46.1,45.7,,0,0,6,0,25.0,75.4,16.7,1,0,0,0,0,0,0.0,28,5.6
6,Matt O'Connor,108972,QB,STETSON,1,0.0,4,5,18.3,2.47,0,0,0.0,0.0,0,0,6,,7,0,0,302,64.6,26.2,26.3,57.3,1,1,7,0,16.7,0.0,14.3,1,1,0,0,0,1,14.3,0,0.0
6,Cole Payton,148154,QB,N DAK ST,1,50.0,4,4,11.5,2.43,0,0,0.0,50.0,2,0,1,0.0,4,0,2,250,67.9,67.2,60.5,66.2,0,0,5,0,0.0,104.2,0.0,0,0,0,0,1,0,0.0,20,5.0
6,Cutter Stewart,174531,QB,HOUCHR,1,100.0,3,4,0.0,1.5,1,0,0.0,50.0,2,0,0,33.3,4,1,0,183,63.8,52.6,52.2,,0,0,5,0,,56.3,0.0,0,0,0,0,0,0,0.0,4,1.0
6,Andre Washington,165436,QB,SCAR STATE,1,33.3,3,3,28.7,1.8,0,1,25.0,33.3,1,0,1,0.0,3,0,1,290,67.8,73.9,66.9,67.5,0,0,4,0,0.0,67.4,0.0,0,0,0,0,0,0,0.0,27,9.0
6,Zachary Clement,105561,QB,SE LA,1,0.0,1,3,15.0,3.3,0,0,0.0,0.0,0,0,3,,3,0,0,294,21.5,43.1,43.4,53.7,1,0,3,0,0.0,39.6,0.0,0,0,0,1,0,0,0.0,0,0.0
6,Simon Romfo,148126,QB,N DAKOTA,1,100.0,2,2,0.5,3.0,0,0,0.0,100.0,2,0,0,0.0,2,0,1,249,68.8,77.2,62.8,71.5,0,0,3,0,,89.6,0.0,0,0,0,0,0,0,0.0,11,5.5
6,Trey Feeney,148125,QB,N DAKOTA,1,100.0,2,2,1.0,1.45,0,0,0.0,100.0,2,0,0,0.0,2,0,1,249,66.2,76.5,62.6,69.2,0,0,2,0,,108.3,0.0,0,0,0,0,0,0,0.0,20,10.0
6,Tyler Vander Waal,60615,QB,NWSTATE,1,0.0,2,2,29.5,5.55,0,0,0.0,0.0,0,0,2,,2,0,0,257,61.8,35.2,45.3,,0,0,2,1,0.0,39.6,0.0,0,0,0,0,0,0,0.0,0,0.0
6,Davis Bryson,160369,QB,KENNESAW,1,0.0,2,2,7.0,3.5,0,0,0.0,0.0,0,0,2,,4,0,1,200,67.8,52.1,35.6,64.5,0,0,4,0,0.0,39.6,0.0,0,2,0,0,0,1,25.0,0,0.0
6,Daniel Sobkowicz,148032,WR,ILL STATE,1,100.0,1,1,7.0,2.6,0,0,0.0,100.0,1,0,1,0.0,1,0,1,188,66.9,67.9,71.9,,0,0,1,0,0.0,143.8,0.0,0,0,0,0,1,0,0.0,9,9.0
6,Jaxon Janke,78939,WR,S DAK ST,1,100.0,1,1,-3.0,2.7,0,0,0.0,100.0,1,0,0,0.0,1,0,0,292,66.1,78.8,50.2,,0,0,2,0,,79.2,0.0,0,0,0,0,0,0,0.0,2,2.0
6,Jaden Craig,159342,QB,HARVARD,1,0.0,1,1,13.0,1.9,0,0,0.0,0.0,0,0,1,,1,0,0,179,69.7,60.8,49.6,64.7,0,0,1,0,0.0,39.6,0.0,0,0,0,0,0,0,0.0,0,0.0
6,Tyler Wesley,162286,QB,PRESBYTERN,1,0.0,1,1,38.0,3.7,0,0,0.0,0.0,0,0,1,,1,0,0,271,60.3,59.4,59.3,,0,0,1,0,0.0,39.6,0.0,0,0,0,0,0,0,0.0,0,0.0
6,Isaiah Scott,164006,WR,ALABAMA ST,1,0.0,1,1,26.0,3.0,0,0,0.0,0.0,0,0,0,,1,0,0,105,65.3,79.4,50.4,,0,0,1,0,,39.6,0.0,0,0,0,0,0,0,0.0,0,0.0
6,Qadir Ismail,78521,WR,SAMFORD,1,100.0,1,1,-7.0,3.3,0,0,0.0,100.0,1,0,0,0.0,1,0,0,282,62.4,59.2,60.6,,0,0,1,0,,118.8,0.0,0,0,0,0,0,0,0.0,13,13.0
6,Terrell Jennings,102408,HB,FL A&M,1,0.0,1,1,23.0,2.6,0,0,0.0,0.0,0,0,1,,1,0,0,164,70.7,61.4,37.9,69.6,0,1,1,0,0.0,0.0,0.0,0,0,0,0,0,1,100.0,0,0.0
6,Jack O'Connell,165100,QB,STHLSK,1,0.0,1,1,15.0,2.9,0,0,0.0,0.0,0,0,0,,1,0,0,1470,63.7,54.0,46.8,63.7,0,0,1,0,,39.6,0.0,0,0,0,0,0,0,0.0,0,0.0
6,Hayden Hatten,102500,WR,IDAHO,1,100.0,1,1,33.0,3.7,0,0,0.0,100.0,1,0,0,0.0,1,0,1,185,65.9,77.9,75.7,,0,0,1,0,,158.3,0.0,0,0,0,0,1,0,0.0,32,32.0
6,James Platte,166538,P,CITADEL,1,100.0,1,1,3.0,1.8,0,0,0.0,100.0,1,0,0,0.0,1,0,1,139,60.3,77.1,70.4,,0,0,1,0,,118.8,0.0,0,0,0,0,0,0,0.0,13,13.0
6,Nate Lussier,148637,QB,BROWN,1,,0,1,,4.5,0,0,0.0,0.0,0,0,0,,1,0,0,123,64.4,48.2,51.4,57.7,0,0,2,0,,39.6,0.0,0,0,0,1,0,0,0.0,0,0.0
6,Brandon Lanier,75662,TE,W ILLINOIS,1,100.0,1,1,8.0,1.5,0,0,0.0,100.0,1,0,0,0.0,1,0,1,345,60.3,67.1,71.5,,0,0,1,0,,118.8,0.0,0,0,0,0,0,0,0.0,21,21.0
6,Ian Corwin,109017,WR,DRAKE,1,100.0,1,1,6.0,3.3,0,0,0.0,100.0,1,0,0,0.0,1,0,1,153,62.4,65.6,77.2,,0,0,1,0,,108.3,0.0,0,0,0,0,0,0,0.0,10,10.0
6,Savon Smith,104833,HB,RICHMOND,1,100.0,1,1,-5.0,2.8,0,0,0.0,100.0,1,0,1,0.0,1,0,1,276,76.5,63.6,60.6,64.8,0,0,1,0,0.0,118.8,0.0,0,0,0,0,0,0,0.0,26,26.0
6,Malachi Imoh,142414,HB,WM & MARY,1,0.0,1,1,36.0,3.9,0,0,0.0,0.0,0,0,0,,1,0,0,348,72.1,50.7,49.9,60.5,0,0,1,0,,39.6,0.0,0,0,0,0,0,0,0.0,0,0.0
6,Trent Tompkins,103944,WR,UC DAVIS,1,0.0,1,1,13.0,3.0,0,0,0.0,0.0,0,0,0,,1,0,0,322,66.6,54.3,46.8,60.9,0,0,1,0,,39.6,0.0,0,0,0,0,0,0,0.0,0,0.0
6,Joe Pesansky,149434,QB,HOLY CROSS,1,100.0,1,1,9.0,4.3,0,0,0.0,0.0,0,0,0,100.0,1,1,0,181,60.3,72.8,71.9,,0,0,1,0,,39.6,0.0,0,0,0,0,0,0,0.0,0,0.0
6,Kylin James,150195,HB,CENT ARK,1,0.0,1,1,11.0,2.0,0,0,0.0,0.0,0,0,0,,1,0,0,132,68.6,64.9,48.5,71.3,0,0,1,0,,39.6,0.0,0,0,0,0,0,0,0.0,0,0.0
6,Owen Glascoe,109575,TE,LIUSHAR,1,100.0,1,1,8.0,2.9,0,0,0.0,100.0,1,0,1,0.0,1,0,1,1298,71.1,90.0,71.9,80.8,0,0,1,0,0.0,127.1,0.0,0,0,0,0,1,0,0.0,5,5.0
6,Montigo Moss,142290,WR,MAINE,1,100.0,1,1,23.0,2.6,0,0,0.0,100.0,1,0,0,0.0,1,0,1,212,66.4,71.8,76.2,,0,0,1,0,,158.3,0.0,0,0,0,0,1,0,0.0,24,24.0
6,Xander Werner,141661,TE,N ARIZONA,1,100.0,1,1,8.0,3.5,0,0,0.0,100.0,1,0,0,0.0,1,0,0,252,63.7,61.3,60.4,,0,0,1,0,,100.0,0.0,0,0,0,0,0,0,0.0,8,8.0
6,Collin Guggenheim,139460,HB,NICHOLLS,1,100.0,1,1,-4.0,0.5,0,0,0.0,100.0,1,0,0,0.0,1,0,0,243,75.4,77.0,61.0,78.8,0,0,1,0,,79.2,0.0,0,0,0,0,0,0,0.0,1,1.0
6,C.J. Brooks,168854,QB,VA LYNCHBU,1,46.7,15,15,11.5,2.31,0,0,0.0,40.0,6,0,8,14.3,19,1,5,406,67.1,56.3,57.7,57.3,0,0,20,0,37.5,68.5,15.8,3,1,0,0,0,1,5.0,119,7.9
6,Langston Stewart,182456,QB,VA LYNCHBU,1,28.6,7,8,11.1,1.98,1,0,0.0,25.0,2,0,3,0.0,8,0,1,406,64.9,26.4,26.0,,0,1,8,0,0.0,0.0,0.0,0,0,0,0,0,2,25.0,12,1.5
6,Nico Cleaves,182849,QB,VA LYNCHBU,1,66.7,3,3,3.3,3.1,0,0,0.0,66.7,2,0,5,0.0,7,0,0,406,65.9,34.9,39.2,50.7,0,1,7,0,40.0,34.7,28.6,2,2,0,0,0,1,14.3,12,4.0
week,player,player_id,position,team_name,player_game_count,accuracy_percent,aimed_passes,attempts,avg_depth_of_target,avg_time_to_throw,bats,big_time_throws,btt_rate,completion_percent,completions,declined_penalties,def_gen_pressures,drop_rate,dropbacks,drops,first_downs,franchise_id,grades_hands_fumble,grades_offense,grades_pass,grades_run,hit_as_threw,interceptions,passing_snaps,penalties,pressure_to_sack_rate,qb_rating,sack_percent,sacks,scrambles,spikes,thrown_aways,touchdowns,turnover_worthy_plays,twp_rate,yards,ypa
7,Josh Hoover,127148,QB,TCU,1,81.1,53,58,10.3,2.54,4,4,6.7,63.8,37,0,9,14.0,59,6,24,305,70.6,93.0,92.1,72.6,0,2,61,0,0.0,95.4,0.0,0,1,0,1,4,1,1.6,439,7.6
7,Brayden Fowler-Nicolosi,157207,QB,COLO STATE,1,67.9,53,55,9.0,2.55,0,3,5.4,58.2,32,0,12,11.1,57,4,19,144,70.5,73.3,74.7,52.3,0,1,58,1,8.3,88.4,1.8,1,1,1,1,3,3,5.2,359,6.5
7,Davis Brin,77642,QB,GA SOUTHRN,1,68.6,51,54,8.4,2.27,1,0,0.0,57.4,31,0,12,11.4,58,4,19,174,51.6,48.0,45.5,66.5,0,2,59,0,25.0,55.4,5.2,3,1,2,0,0,3,5.1,271,5.0
7,Jack Plummer,83543,QB,LOUISVILLE,1,70.8,48,53,10.3,2.59,0,2,3.4,54.7,29,0,16,14.7,57,5,18,210,25.9,61.0,65.3,44.1,0,2,62,1,18.8,65.8,5.3,3,1,0,5,1,1,1.6,350,6.6
7,Tyler Van Dyke,122225,QB,MIAMI FL,1,68.1,47,49,9.5,2.9,0,3,5.6,63.3,31,0,19,3.1,55,1,19,220,70.2,69.7,71.9,49.9,0,2,60,0,15.8,98.3,5.5,3,3,1,1,4,1,1.7,391,8.0
7,Graham Mertz,97994,QB,FLORIDA,1,71.1,45,49,11.2,2.75,2,2,3.9,61.2,30,0,22,6.3,54,2,19,163,71.7,69.8,70.6,58.1,0,0,57,1,13.6,109.5,5.6,3,2,0,2,3,0,0.0,423,8.6
7,Keegan Shoemaker,108983,QB,SM HOUSTON,1,73.9,46,49,9.2,2.66,0,1,2.0,65.3,32,0,14,5.9,52,2,14,281,71.3,63.8,65.6,55.1,0,0,54,0,0.0,94.3,0.0,0,3,1,2,2,0,0.0,285,5.8
7,Brayden Schager,146078,QB,HAWAII,1,72.1,43,48,13.2,2.62,2,6,12.2,60.4,29,0,14,6.5,50,2,16,180,70.1,75.4,72.1,70.3,2,1,51,0,7.1,100.4,2.0,1,1,1,0,3,1,2.0,413,8.6
7,Shedeur Sanders,131396,QB,COLORADO,1,78.3,46,48,9.5,3.13,1,2,4.1,68.8,33,0,20,8.3,58,3,22,143,70.9,80.1,77.2,68.9,0,1,60,1,15.0,120.1,5.2,3,7,0,1,5,1,1.7,400,8.3
7,T.J. Finley,124093,QB,TEXAS ST,1,68.9,45,46,8.4,2.5,0,0,0.0,52.2,24,0,11,22.6,51,7,13,314,71.3,48.3,45.6,65.1,0,1,55,1,18.2,71.1,3.9,2,2,0,1,2,1,1.8,222,4.8
7,Ashton Daniels,157259,QB,STANFORD,1,69.8,43,45,9.5,3.0,1,1,1.9,60.0,27,0,26,10.0,54,3,20,300,72.8,57.1,55.7,60.6,0,0,63,0,11.5,118.4,5.6,3,6,0,1,4,2,3.2,396,8.8
7,Bo Nix,97790,QB,OREGON,1,83.3,42,44,5.7,2.45,0,2,4.3,75.0,33,0,13,5.7,48,2,17,264,70.8,82.4,82.2,62.4,0,0,51,0,15.4,111.6,4.2,2,2,0,2,2,0,0.0,337,7.7
7,Seth Henigan,144267,QB,MEMPHIS,1,63.4,41,43,13.2,2.82,0,3,6.8,55.8,24,0,19,7.7,50,2,18,218,69.7,60.7,60.6,58.3,0,2,51,0,15.8,83.6,6.0,3,3,0,2,3,3,5.9,321,7.5
7,Noah Fifita,158722,QB,ARIZONA,1,85.0,40,43,4.4,2.36,0,1,2.3,79.1,34,0,11,0.0,45,0,15,109,69.4,75.8,76.5,57.0,0,0,46,0,9.1,99.8,2.2,1,1,0,3,0,0,0.0,342,8.0
7,Alan Bowman,77679,QB,OKLA STATE,1,77.8,36,41,4.5,2.38,1,0,0.0,68.3,28,0,12,0.0,42,0,16,262,69.3,47.0,45.5,,0,0,44,0,8.3,109.4,2.4,1,0,0,4,2,3,6.8,336,8.2
7,MJ Morris,157404,QB,NC STATE,1,74.4,39,40,11.8,2.89,0,1,2.4,60.0,24,0,16,17.2,51,5,12,248,71.0,65.2,61.3,66.7,0,1,54,0,25.0,61.6,7.8,4,7,0,1,0,2,3.7,191,4.8
7,Carson Beck,124010,QB,GEORGIA,1,86.5,37,39,7.2,2.5,1,1,2.6,74.4,29,0,10,9.4,44,3,15,173,37.0,67.6,67.1,63.5,1,1,44,1,20.0,89.8,4.5,2,3,0,0,1,2,4.5,261,6.7
7,Chandler Rogers,98683,QB,N TEXAS,1,69.2,39,39,9.2,2.66,0,1,2.5,64.1,25,0,17,7.4,47,2,16,251,71.0,64.7,68.5,50.6,0,0,48,0,35.3,122.8,12.8,6,2,0,0,4,0,0.0,310,7.9
7,Logan Fife,128176,QB,FRESNO ST,1,70.3,37,39,7.2,2.27,0,2,5.0,56.4,22,0,16,15.4,42,4,16,169,72.6,81.9,78.7,71.7,1,0,43,0,12.5,88.7,4.8,2,1,0,1,1,0,0.0,291,7.5
7,Cooper Legas,101286,QB,UTAH ST,1,66.7,36,39,12.4,2.9,1,4,9.3,59.0,23,0,15,4.2,47,1,17,329,41.1,69.7,66.0,67.9,1,2,51,0,20.0,94.3,6.4,3,5,0,1,3,4,7.8,363,9.3
7,Taulia Tagovailoa,97271,QB,MARYLAND,1,71.8,39,39,7.0,2.53,0,1,2.4,69.2,27,0,12,3.6,44,1,16,215,71.1,71.1,66.7,63.3,0,0,47,0,25.0,105.3,6.8,3,2,0,0,2,0,0.0,266,6.8
7,Daniel Richardson,97103,QB,FAU,1,83.8,37,38,8.8,2.26,1,0,0.0,81.6,31,0,7,0.0,39,0,17,165,70.3,85.6,84.0,65.4,0,1,39,0,0.0,123.9,0.0,0,1,0,0,3,1,2.6,382,10.1
7,Garrett Greene,123420,QB,W VIRGINIA,1,61.1,36,38,14.8,2.94,1,6,15.0,52.6,20,0,10,9.1,42,2,17,343,52.4,85.8,88.6,62.4,0,1,44,1,0.0,95.4,0.0,0,4,0,1,2,1,2.3,391,10.3
7,Preston Stone,124716,QB,SMU,1,57.1,35,38,17.9,3.52,0,3,7.7,50.0,19,0,9,5.0,40,1,11,287,71.5,73.2,71.7,64.3,0,0,41,0,11.1,100.3,2.5,1,1,0,3,3,2,4.9,276,7.3
7,Jordan Travis,77615,QB,FLORIDA ST,1,75.0,36,37,7.3,2.85,0,2,5.4,62.2,23,0,9,14.8,40,4,12,167,35.8,71.9,69.0,67.3,0,0,40,0,22.2,94.9,5.0,2,1,0,1,1,0,0.0,284,7.7
7,Caleb Williams,144622,QB,USC,1,78.8,33,37,7.2,2.96,2,0,0.0,62.2,23,0,20,11.5,45,3,15,326,43.6,56.5,49.2,73.2,0,3,50,0,35.0,51.5,15.6,7,1,0,2,1,4,8.0,199,5.4
7,Michael Penix Jr.,82134,QB,WASHINGTON,1,71.0,31,37,12.1,2.51,3,5,12.5,59.5,22,0,16,0.0,38,0,15,340,69.1,78.9,79.0,,0,1,41,0,6.3,110.4,2.6,1,0,0,3,4,0,0.0,302,8.2
7,Diego Pavia,156927,QB,NEW MEX ST,1,70.6,34,36,10.6,2.59,1,3,7.9,55.6,20,0,13,16.7,39,4,12,242,73.7,86.1,72.4,86.2,0,0,41,0,15.4,100.0,5.1,2,1,0,1,2,0,0.0,286,7.9
7,Kurtis Rourke,97998,QB,OHIO,1,71.4,35,36,8.3,2.82,0,0,0.0,61.1,22,0,8,12.0,37,3,6,259,70.6,60.0,55.3,68.5,0,3,38,0,0.0,36.7,0.0,0,1,0,1,0,3,7.9,159,4.4
7,Max Johnson,124099,QB,TEXAS A&M,1,60.0,30,35,11.9,3.18,0,1,2.6,45.7,16,0,24,11.1,39,2,10,312,70.4,56.6,57.4,55.3,3,2,43,2,8.3,42.9,5.1,2,2,0,2,0,3,7.0,223,6.4
7,Brett Gabbert,97404,QB,MIAMI OH,1,62.9,35,35,14.0,2.37,0,0,0.0,57.1,20,0,6,9.1,37,2,14,221,72.1,71.9,69.3,66.2,0,1,39,0,16.7,83.4,2.7,1,1,0,0,2,0,0.0,223,6.4
7,Kedon Slovis,100580,QB,BYU,1,56.7,30,34,8.9,3.04,0,2,5.3,44.1,15,1,10,11.8,38,2,6,128,70.0,65.6,64.9,60.6,0,1,42,1,30.0,45.2,7.9,3,1,0,4,0,0,0.0,152,4.5
7,Jason Bean,83529,QB,KANSAS,1,69.7,33,34,12.4,2.65,1,3,8.6,67.6,23,0,12,0.0,40,0,15,198,33.8,65.6,64.6,66.3,0,2,41,1,41.7,123.8,12.5,5,1,0,0,5,3,7.3,410,12.1
7,Cam Fancher,145266,QB,MARSHALL,1,84.8,33,34,5.3,3.07,0,1,2.7,79.4,27,0,16,3.6,44,1,15,214,69.9,68.0,72.8,52.7,1,0,48,0,18.8,113.4,6.8,3,7,0,0,1,0,0.0,301,8.9
7,Drake Maye,143969,QB,N CAROLINA,1,67.9,28,33,9.3,2.46,0,1,2.9,51.5,17,0,10,10.5,41,2,11,245,70.1,60.2,57.5,63.0,1,0,44,0,50.0,119.1,12.2,5,3,0,4,4,1,2.3,273,8.3
7,Dante Moore,173983,QB,UCLA,1,51.6,31,33,11.3,2.92,1,0,0.0,42.4,14,0,21,12.5,43,2,11,324,69.4,39.2,34.9,63.7,0,3,45,1,23.8,30.5,11.6,5,5,0,1,1,4,8.9,165,5.0
7,Hudson Card,123109,QB,PURDUE,1,50.0,28,32,9.3,2.6,2,0,0.0,40.6,13,0,19,7.1,36,1,5,273,68.8,46.1,40.5,69.3,0,0,37,0,15.8,62.8,8.3,3,1,0,2,1,1,2.7,126,3.9
7,Brendon Lewis,131687,QB,NEVADA,1,62.1,29,31,18.9,3.58,0,4,11.8,51.6,16,0,21,11.1,39,2,9,239,71.9,73.5,59.1,83.4,0,2,42,0,14.3,78.3,7.7,3,4,0,2,2,3,7.1,287,9.3
7,Quincy Patterson II,77626,QB,TEMPLE,1,55.2,29,31,9.1,2.76,0,0,0.0,38.7,12,0,18,25.0,38,4,10,306,74.5,59.5,39.6,78.4,1,3,39,1,22.2,8.9,10.5,4,3,0,1,0,3,7.7,105,3.4
7,Jordan McCloud,101058,QB,JAMES MAD,1,74.2,31,31,8.7,2.73,0,1,3.1,64.5,20,0,8,13.0,33,3,14,197,70.0,83.1,80.6,67.9,0,0,34,0,12.5,122.9,3.0,1,1,0,0,3,1,2.9,259,8.4
7,Jase Bauer,145714,QB,C MICHIGAN,1,65.4,26,31,7.7,3.42,0,1,2.9,51.6,16,0,17,5.9,38,1,10,134,47.2,46.5,41.3,58.6,2,2,42,0,11.8,42.3,5.3,2,5,0,3,0,2,4.8,179,5.8
7,Devin Grainger,78496,QB,GA STATE,1,79.3,29,31,4.2,2.15,1,0,0.0,67.7,21,0,7,8.7,33,2,10,175,41.9,64.9,55.2,71.8,0,0,34,0,28.6,100.7,6.1,2,0,0,1,1,1,2.9,234,7.5
7,Joey Aguilar,174978,QB,APP STATE,1,69.0,29,31,9.7,2.22,1,3,8.3,58.1,18,0,7,10.0,32,2,10,108,69.7,81.1,82.2,57.8,0,0,37,0,0.0,111.4,0.0,0,1,0,1,2,0,0.0,293,9.5
7,Michael Pratt,123229,QB,TULANE,1,65.5,29,31,9.6,2.45,0,0,0.0,61.3,19,0,7,0.0,33,0,10,319,72.0,52.7,49.1,62.7,2,0,35,0,14.3,98.7,3.0,1,1,0,0,1,2,5.7,259,8.4
7,Spencer Rattler,97408,QB,S CAROLINA,1,85.2,27,30,9.2,3.45,0,1,3.1,76.7,23,0,14,0.0,36,0,16,289,70.2,73.4,67.4,72.4,0,1,38,0,14.3,135.1,5.6,2,4,0,3,4,2,5.3,313,10.4
7,Braedyn Locke,157141,QB,WISCONSIN,1,68.0,25,30,7.9,3.12,2,0,0.0,50.0,15,0,8,11.8,32,2,6,349,19.7,34.6,36.6,57.7,1,1,33,1,25.0,46.8,6.3,2,0,0,2,0,4,12.1,122,4.1
7,Kyron Drones,144506,QB,VA TECH,1,80.8,26,29,5.5,2.54,1,0,0.0,69.0,20,0,9,4.8,31,1,12,337,42.5,61.4,59.9,61.0,0,0,31,1,11.1,128.7,3.2,1,1,0,2,2,2,6.5,321,11.1
7,Cam Ward,133244,QB,WASH STATE,1,85.7,28,29,5.5,3.11,0,0,0.0,72.4,21,0,9,12.5,36,3,8,341,19.3,45.9,50.8,47.3,0,1,36,0,33.3,74.9,8.3,3,3,0,1,0,4,11.1,187,6.4
7,Frank Harris,60586,QB,UTSA,1,64.3,28,29,8.3,2.3,0,0,0.0,62.1,18,0,6,0.0,32,0,11,331,32.6,67.0,67.0,60.6,0,0,34,0,16.7,100.6,3.1,1,2,0,1,2,1,2.9,166,5.7
7,Katin Houser,158386,QB,MICH STATE,1,66.7,27,29,7.6,2.33,0,0,0.0,62.1,18,0,7,0.0,31,0,9,223,35.9,48.6,50.8,54.3,0,0,35,1,28.6,96.2,6.5,2,0,0,2,2,1,2.9,135,4.7
7,Nicholas Vattiato,145302,QB,MIDDLE TN,1,85.7,28,29,6.0,2.58,0,1,3.2,79.3,23,0,8,4.2,36,1,10,224,72.1,66.5,71.0,55.1,0,0,38,0,37.5,125.3,8.3,3,4,0,1,2,0,0.0,248,8.6
7,Kyle McCord,145053,QB,OHIO STATE,1,80.8,26,29,11.1,2.5,1,2,6.3,55.2,16,0,10,23.8,30,5,12,260,31.4,78.9,80.2,72.3,1,0,33,3,10.0,122.2,3.3,1,0,0,1,3,1,3.0,276,9.5
7,Brady Cook,124199,QB,MISSOURI,1,74.1,27,29,6.6,2.63,0,1,3.0,65.5,19,0,8,5.0,33,1,11,229,72.1,56.2,46.3,72.5,0,1,37,1,25.0,79.0,6.1,2,2,0,2,1,2,5.4,175,6.0
7,Ken Seals,124359,QB,VANDERBILT,1,74.1,27,29,7.1,2.58,0,1,3.2,65.5,19,0,8,5.0,30,1,9,333,69.4,59.6,59.1,59.7,0,1,32,0,12.5,94.2,3.3,1,0,0,2,2,3,9.4,201,6.9
7,Grayson McCall,98002,QB,COAST CAR,1,76.0,25,28,13.1,2.4,0,3,9.4,67.9,19,0,11,0.0,29,0,13,141,70.4,77.8,80.5,53.7,1,0,33,1,9.1,134.5,3.4,1,0,0,2,2,1,3.0,373,13.3
7,Jake Strong,173651,QB,TEXAS TECH,1,59.3,27,28,11.7,2.3,0,1,3.6,57.1,16,0,5,0.0,28,0,9,315,68.6,45.5,40.5,68.2,0,3,28,0,0.0,47.8,0.0,0,0,0,1,1,4,14.3,173,6.2
7,Trexler Ivey,122184,QB,CHARLOTTE,1,44.4,27,28,15.4,2.86,0,2,6.9,39.3,11,0,12,8.3,34,1,7,136,42.7,43.9,41.6,65.2,0,2,35,1,41.7,26.2,14.7,5,1,1,0,0,1,2.9,142,5.1
7,Gavin Wimsatt,155757,QB,RUTGERS,1,72.7,22,28,9.9,2.91,2,4,13.8,46.4,13,0,10,18.8,31,3,8,278,72.0,81.5,83.2,60.2,0,2,32,1,30.0,49.9,9.7,3,0,0,4,1,1,3.1,181,6.5
7,Luke Altmyer,146802,QB,ILLINOIS,1,63.0,27,28,8.1,2.79,0,2,6.9,57.1,16,0,16,5.9,36,1,10,187,71.1,62.5,59.0,64.6,0,1,39,0,31.3,89.3,13.9,5,3,0,1,2,1,2.6,206,7.4
7,Tommy Ulatowski,163150,QB,KENT STATE,1,57.1,28,28,12.8,3.45,0,2,6.9,42.9,12,0,15,25.0,33,4,8,201,20.7,53.4,61.7,44.4,0,0,34,0,13.3,86.8,6.1,2,3,0,0,2,3,8.8,169,6.0
7,Donovan Smith,73929,QB,HOUSTON,1,80.8,26,27,8.3,2.53,0,1,3.2,77.8,21,0,9,0.0,31,0,13,182,72.4,72.8,71.2,64.9,1,0,36,1,22.2,145.3,6.5,2,2,0,0,4,0,0.0,253,9.4
7,Jayden Daniels,97993,QB,LSU,1,80.8,26,27,8.7,2.98,0,0,0.0,74.1,20,0,8,4.8,34,1,17,211,70.9,83.1,70.5,82.8,0,1,35,0,25.0,135.6,5.9,2,5,0,1,3,2,5.7,325,12.0
7,Dequan Finn,97804,QB,TOLEDO,1,64.0,25,27,10.0,3.02,0,1,3.6,55.6,15,0,8,6.3,31,1,11,316,70.8,61.1,59.6,60.5,0,0,33,0,0.0,74.0,0.0,0,4,0,2,0,1,3.0,166,6.1
7,Devin Leary,77628,QB,KENTUCKY,1,70.8,24,27,9.4,2.71,1,0,0.0,51.9,14,0,16,17.6,33,3,7,202,20.8,52.9,45.7,74.0,0,2,36,0,31.3,57.6,15.2,5,1,0,2,2,5,13.9,120,4.4
7,Byrum Brown,156206,QB,USF,1,73.1,26,27,11.1,2.85,1,2,7.4,59.3,16,0,10,15.8,32,3,9,327,71.2,81.4,77.2,72.1,0,0,32,1,20.0,91.0,6.3,2,3,0,0,1,0,0.0,176,6.5
7,Emory Jones,82111,QB,CINCINNATI,1,66.7,24,26,8.4,3.38,0,1,3.3,53.8,14,0,8,12.5,32,2,6,138,40.3,55.9,44.9,71.5,0,2,37,0,50.0,43.1,12.5,4,2,0,2,1,3,8.1,96,3.7
7,Mason Garcia,123811,QB,E CAROLINA,1,54.2,24,26,8.0,2.94,1,0,0.0,46.2,12,0,16,7.7,30,1,9,156,71.9,45.8,37.7,64.7,0,0,30,0,12.5,65.4,6.7,2,2,0,1,0,4,13.3,155,6.0
7,Christian Veilleux,145086,QB,PITTSBURGH,1,56.0,25,26,10.7,2.31,0,2,7.1,46.2,12,0,6,14.3,28,2,8,268,70.7,66.8,64.4,64.3,1,0,30,0,16.7,98.2,3.6,1,1,0,0,2,1,3.3,200,7.7
7,Jayden Maiava,158135,QB,UNLV,1,80.0,25,25,6.7,2.51,0,1,3.8,80.0,20,0,6,0.0,28,0,13,325,69.7,77.2,71.2,74.1,0,0,29,0,33.3,136.5,7.1,2,1,0,0,2,0,0.0,259,10.4
7,Austin Smith,145763,QB,E MICHIGAN,1,47.8,23,25,10.8,3.0,0,2,7.1,36.0,9,0,9,18.2,29,2,6,160,24.4,45.7,50.7,46.8,0,0,32,0,0.0,65.1,0.0,0,4,0,2,1,1,3.1,118,4.7
7,Rocco Becht,157567,QB,IOWA STATE,1,73.9,23,25,12.1,2.61,1,1,3.7,60.0,15,0,11,11.8,30,2,9,193,70.8,57.3,54.4,62.5,0,0,32,0,27.3,118.9,10.0,3,2,0,1,2,2,6.3,241,9.6
7,Andrew Peasley,83581,QB,WYOMING,1,72.0,25,25,12.8,3.13,0,3,11.5,60.0,15,0,13,16.7,32,3,14,351,71.2,92.4,92.3,70.4,0,0,33,0,23.1,127.0,9.4,3,4,0,0,3,0,0.0,212,8.5
7,DJ Uiagalelei,122162,QB,OREGON ST,1,63.6,22,24,14.7,2.62,0,2,8.0,58.3,14,0,11,0.0,26,0,11,265,69.6,56.5,55.8,58.7,0,0,27,0,18.2,124.7,7.7,2,0,0,2,2,1,3.7,266,11.1
7,Dylan Hopkins,83571,QB,NEW MEXICO,1,66.7,21,24,13.3,2.98,0,0,0.0,54.2,13,0,9,7.1,29,1,8,241,70.2,64.9,73.3,51.7,1,1,29,1,11.1,62.3,3.4,1,4,0,2,0,1,3.4,187,7.8
7,Jalen Mayden,83520,QB,S DIEGO ST,1,75.0,24,24,7.9,2.66,0,0,0.0,75.0,18,0,10,0.0,29,0,8,284,20.8,51.2,44.7,64.4,0,1,31,0,20.0,99.5,6.9,2,3,0,0,1,3,9.7,221,9.2
7,Jack Turner,162969,QB,LA TECH,1,68.2,22,24,5.6,2.08,2,1,3.8,62.5,15,0,4,0.0,26,0,8,208,68.0,45.0,46.9,52.6,0,1,28,0,0.0,79.0,0.0,0,2,0,0,1,1,3.6,163,6.8
7,Hank Bachmeier,101284,QB,LA TECH,1,75.0,24,24,8.5,2.66,0,0,0.0,66.7,16,0,11,11.1,27,2,10,208,68.2,67.7,68.7,57.3,0,0,30,0,18.2,102.4,7.4,2,1,0,0,1,1,3.3,178,7.4
7,KJ Jefferson,99129,QB,ARKANSAS,1,71.4,21,24,5.0,2.68,2,0,0.0,58.3,14,0,12,6.7,31,1,9,111,71.6,69.4,67.6,63.9,0,0,34,0,33.3,104.5,12.9,4,3,0,1,2,0,0.0,150,6.3
7,Keyone Jenkins,170403,QB,FIU,1,65.0,20,24,12.4,2.9,1,1,4.2,50.0,12,0,17,7.7,30,1,9,166,29.4,60.8,59.3,61.0,0,1,30,0,35.3,63.9,20.0,6,0,0,3,0,1,3.3,216,9.0
7,Drew Allar,164157,QB,PENN STATE,1,82.6,23,23,7.8,2.55,0,0,0.0,69.6,16,0,5,15.8,25,3,8,266,68.5,81.5,77.2,70.2,0,0,27,0,20.0,128.4,4.0,1,1,0,0,3,0,0.0,159,6.9
7,Payton Thorne,101629,QB,AUBURN,1,61.9,21,23,10.3,2.6,2,1,4.0,52.2,12,0,7,7.7,28,1,7,115,68.8,56.3,51.0,66.7,0,0,31,0,14.3,64.0,3.6,1,4,0,0,0,2,6.5,102,4.4
7,Rocky Lombardi,60452,QB,N ILLINOIS,1,76.2,21,23,5.0,2.82,0,0,0.0,65.2,15,0,9,6.3,25,1,6,254,71.8,73.2,73.3,62.7,0,0,25,0,22.2,102.1,8.0,2,0,0,2,1,0,0.0,172,7.5
7,Michael Kern,97799,QB,WAKE,1,68.2,22,22,11.0,2.9,0,1,4.3,63.6,14,0,12,6.7,28,1,6,339,69.7,63.4,63.6,58.7,0,0,30,0,41.7,86.6,17.9,5,1,0,0,0,2,6.7,166,7.5
7,Joe Milton III,82151,QB,TENNESSEE,1,61.9,21,22,14.1,2.9,0,0,0.0,50.0,11,0,8,15.4,26,2,9,307,70.7,55.1,51.8,61.3,1,1,31,0,37.5,58.9,11.5,3,1,0,0,1,1,3.2,100,4.5
7,Jiya Wright,77688,QB,LA MONROE,1,68.2,22,22,8.2,2.83,0,1,4.3,63.6,14,0,12,6.7,24,1,6,209,72.9,66.8,64.1,63.9,0,0,26,0,8.3,98.7,4.2,1,1,0,0,1,1,3.8,150,6.8
7,Behren Morton,144747,QB,TEXAS TECH,1,71.4,21,21,4.1,2.86,0,1,4.8,66.7,14,0,9,6.7,26,1,8,315,68.4,50.1,42.6,69.1,0,0,26,0,22.2,82.4,7.7,2,3,0,0,0,1,3.8,125,6.0
7,Gunnar Watson,83570,QB,TROY,1,52.4,21,21,13.8,2.32,0,2,9.1,47.6,10,0,2,9.1,21,1,5,318,67.4,80.2,79.5,,0,0,22,0,0.0,100.5,0.0,0,0,0,0,1,0,0.0,216,10.3
7,Jacob Zeno,98014,QB,UAB,1,77.8,18,21,2.5,2.77,1,0,0.0,61.9,13,0,7,7.1,27,1,6,321,71.0,55.0,43.8,70.3,0,1,28,0,42.9,55.7,11.1,3,3,0,2,0,1,3.6,110,5.2
7,Garrett Shrader,98212,QB,SYRACUSE,1,52.9,17,21,10.4,2.66,2,0,0.0,42.9,9,0,7,0.0,23,0,5,304,29.5,52.2,45.9,59.1,0,0,23,0,28.6,57.4,8.7,2,0,0,2,0,1,4.3,99,4.7
7,Bryson Barnes,131845,QB,UTAH,1,71.4,21,21,7.9,3.9,0,1,4.8,71.4,15,0,11,0.0,26,0,7,328,69.5,67.9,63.4,66.2,0,0,26,0,0.0,87.0,0.0,0,5,0,0,0,1,3.8,128,6.1
7,Kaidon Salter,132046,QB,LIBERTY,1,70.6,17,21,15.0,3.68,0,2,9.1,57.1,12,0,11,0.0,26,0,11,206,33.5,74.5,70.5,67.8,0,0,27,1,18.2,116.6,7.7,2,3,0,4,2,1,3.7,177,8.4
7,Jalen Milroe,146590,QB,ALABAMA,1,60.0,20,21,21.4,3.43,0,2,9.5,47.6,10,0,12,16.7,30,2,8,103,70.7,77.9,80.3,60.5,0,0,30,0,41.7,120.7,16.7,5,4,0,1,2,0,0.0,238,11.3
7,Tanner Mordecai,77656,QB,WISCONSIN,1,60.0,20,20,8.0,3.08,0,1,5.0,60.0,12,0,4,0.0,22,0,4,349,68.7,48.6,51.3,52.7,0,0,22,0,25.0,74.2,4.5,1,1,0,0,0,0,0.0,106,5.3
7,Hayden Wolff,98362,QB,W MICHIGAN,1,82.4,17,20,2.9,3.19,1,0,0.0,65.0,13,0,9,7.1,27,1,7,347,68.8,64.1,61.9,63.2,0,0,31,0,33.3,76.9,11.1,3,4,0,2,0,0,0.0,99,5.0
7,Sam Hartman,77618,QB,NOTRE DAME,1,75.0,20,20,7.5,2.4,0,2,10.0,65.0,13,0,4,13.3,21,2,7,258,68.6,86.8,84.7,66.2,0,0,21,0,0.0,115.8,0.0,0,1,0,0,2,0,0.0,126,6.3
7,Cameran Brown,184894,QB,W GEORGIA,1,70.6,17,19,10.4,2.77,0,0,0.0,52.6,10,0,7,16.7,26,2,8,1177,70.6,87.9,80.3,74.2,0,0,28,1,14.3,105.8,3.8,1,4,0,2,2,0,0.0,113,5.9
7,Logan Smothers,129713,QB,JVILLE ST,1,52.9,17,18,12.3,2.44,1,3,16.7,44.4,8,0,2,11.1,19,1,8,196,71.2,70.7,73.0,59.2,0,1,19,0,0.0,42.6,0.0,0,1,0,0,0,1,5.3,115,6.4
7,Cade McConnell,73935,QB,UTEP,1,64.7,17,17,16.5,2.75,0,2,11.8,64.7,11,0,3,0.0,20,0,8,330,25.5,44.7,44.2,60.1,0,0,20,1,100.0,147.3,15.0,3,0,0,0,2,3,15.0,262,15.4
7,J.J. McCarthy,144918,QB,MICHIGAN,1,88.2,17,17,9.7,3.31,0,0,0.0,82.4,14,0,9,6.7,24,1,14,222,17.6,74.8,69.2,70.2,0,0,24,0,44.4,158.3,16.7,4,3,0,0,3,2,8.3,222,13.1
7,Fernando Mendoza,158323,QB,CAL,1,70.6,17,17,9.7,2.52,0,3,15.0,58.8,10,0,7,16.7,21,2,6,130,69.3,85.6,86.7,66.7,0,1,24,1,42.9,102.3,14.3,3,1,0,0,2,1,4.2,149,8.8
7,Jeff Undercuffler,78501,QB,AKRON,1,78.6,14,17,8.6,2.81,0,1,5.6,58.8,10,0,9,9.1,18,1,2,102,23.4,56.3,55.9,,0,0,19,0,11.1,89.8,5.6,1,0,1,2,1,1,5.3,78,4.6
7,Tahj Bullock,144070,QB,AKRON,1,53.3,15,17,11.5,2.99,0,0,0.0,35.3,6,0,9,25.0,19,2,3,102,69.8,30.2,30.7,54.6,0,2,21,1,11.1,4.4,5.3,1,1,0,2,0,2,9.5,45,2.6
7,Chevan Cordeiro,75886,QB,S JOSE ST,1,50.0,16,17,15.4,2.98,1,2,9.5,47.1,8,0,5,0.0,19,0,7,285,68.1,78.4,79.5,58.3,0,0,23,0,0.0,132.6,0.0,0,2,0,0,2,0,0.0,272,16.0
7,Mitch Griffis,123386,QB,WAKE,1,64.3,14,17,6.7,3.0,1,0,0.0,47.1,8,0,9,11.1,21,1,5,339,26.2,59.8,61.8,56.8,0,1,21,0,22.2,31.7,9.5,2,2,0,2,0,2,9.5,61,3.6
7,Camden Orth,108965,QB,BOWL GREEN,1,62.5,16,16,5.3,2.35,0,1,6.3,56.3,9,0,3,10.0,16,1,3,122,73.7,64.4,45.8,73.0,0,2,16,0,0.0,50.3,0.0,0,0,0,0,1,2,12.5,77,4.8
7,Kiael Kelly,145634,QB,BALL ST,1,50.0,12,16,11.3,3.6,1,0,0.0,25.0,4,0,6,33.3,21,2,1,117,74.3,65.1,48.0,71.1,0,1,22,0,16.7,13.5,4.8,1,4,0,3,0,1,4.5,38,2.4
7,Maddux Madsen,163379,QB,BOISE ST,1,66.7,15,16,9.3,2.03,0,0,0.0,62.5,10,0,4,0.0,16,0,6,120,68.3,50.8,54.3,55.9,1,1,18,1,0.0,56.8,0.0,0,0,0,0,0,1,5.6,110,6.9
7,Brendan Sorsby,156398,QB,INDIANA,1,53.8,13,15,8.8,2.9,0,0,0.0,40.0,6,0,12,14.3,21,1,4,190,19.9,46.4,36.5,64.0,1,0,22,0,25.0,47.9,14.3,3,3,0,1,0,3,13.6,44,2.9
7,Cole Snyder,97617,QB,BUFFALO,1,50.0,10,15,6.9,2.53,1,1,6.7,33.3,5,0,6,0.0,15,0,1,126,24.1,29.4,30.0,50.1,2,2,15,0,0.0,2.8,0.0,0,0,0,2,0,2,13.3,30,2.0
7,C.J. Ogbonna,149182,QB,BUFFALO,1,35.7,14,14,8.6,2.73,0,0,0.0,28.6,4,0,5,20.0,15,1,3,126,70.7,48.8,32.1,74.0,0,2,17,0,0.0,23.8,0.0,0,1,0,0,1,1,5.9,41,2.9
7,Taisun Phommachanh,99577,QB,UMASS,1,69.2,13,14,4.5,2.5,0,0,0.0,42.9,6,0,12,33.3,21,3,1,216,67.2,49.9,48.8,,0,0,21,0,58.3,50.3,33.3,7,0,0,1,0,1,4.8,25,1.8
7,Ben Finley,122864,QB,CAL,1,63.6,11,14,5.7,3.04,0,0,0.0,35.7,5,0,6,28.6,17,2,2,130,67.0,55.0,57.2,55.5,0,0,19,0,33.3,44.3,11.8,2,1,0,3,0,0,0.0,39,2.8
7,Deacon Hill,145170,QB,IOWA,1,58.3,12,14,8.5,2.63,2,0,0.0,42.9,6,0,6,14.3,16,1,2,192,24.1,51.5,57.3,46.5,0,0,16,0,33.3,50.3,12.5,2,0,0,0,0,0,0.0,37,2.6
7,Braxton Woodson,175276,QB,NAVY,1,57.1,14,14,8.5,2.92,0,1,7.1,35.7,5,0,7,37.5,18,3,2,237,24.4,62.6,56.6,64.2,0,0,18,0,28.6,81.0,11.1,2,2,0,0,1,0,0.0,85,6.1
7,Champ Harris,170979,QB,ARMY,1,58.3,12,13,12.0,3.21,0,0,0.0,46.2,6,0,14,14.3,21,1,4,114,14.7,29.9,31.9,51.1,0,1,22,1,35.7,28.7,23.8,5,3,0,1,0,3,13.6,63,4.8
7,Tayven Jackson,157615,QB,INDIANA,1,66.7,12,13,9.0,2.22,0,0,0.0,53.8,7,0,4,12.5,14,1,3,190,20.6,27.7,28.6,,0,2,14,1,25.0,24.0,7.1,1,0,0,1,0,3,21.4,52,4.0
7,Alex Flinn,123797,QB,E CAROLINA,1,70.0,10,12,4.0,2.54,1,0,0.0,41.7,5,0,8,28.6,16,2,1,156,23.3,46.1,57.3,41.9,0,1,17,0,12.5,14.6,6.3,1,2,0,1,0,1,5.9,36,3.0
7,Henry Belin IV,162693,QB,DUKE,1,54.5,11,12,18.7,2.81,1,1,6.3,33.3,4,0,6,33.3,14,2,3,154,69.6,67.5,67.0,65.4,0,1,18,1,16.7,71.9,7.1,1,1,0,0,2,1,5.6,107,8.9
7,Ashton Frye,163951,QB,JVILLE ST,1,45.5,11,11,9.2,2.5,0,0,0.0,45.5,5,0,3,0.0,13,0,4,196,25.3,64.4,56.9,67.8,0,0,14,0,0.0,59.3,0.0,0,2,0,0,0,0,0.0,51,4.6
7,Treyson Bourguet,158154,QB,W MICHIGAN,1,60.0,10,10,6.8,2.79,0,0,0.0,60.0,6,0,3,0.0,14,0,2,347,67.1,43.0,48.0,48.3,0,0,14,0,33.3,67.5,7.1,1,3,0,0,0,1,7.1,37,3.7
7,Avery Johnson,173108,QB,KANSAS ST,1,88.9,9,9,5.0,2.46,0,0,0.0,88.9,8,0,1,0.0,9,0,4,199,74.9,84.7,60.9,81.0,0,0,9,0,0.0,102.3,0.0,0,0,0,0,0,0,0.0,77,8.6
7,Will Howard,122599,QB,KANSAS ST,1,66.7,9,9,7.8,3.24,0,1,10.0,66.7,6,0,5,0.0,10,0,4,199,68.5,69.4,71.6,57.9,0,0,11,0,20.0,97.5,10.0,1,0,0,0,0,0,0.0,86,9.6
7,Zac Larrier,104193,QB,AIR FORCE,1,77.8,9,9,9.2,2.51,0,0,0.0,66.7,6,0,3,14.3,10,1,3,101,75.7,63.2,50.6,66.3,0,0,11,0,0.0,121.5,0.0,0,1,0,0,1,0,0.0,58,6.4
7,Carlos Del Rio-Wilson,146687,QB,SYRACUSE,1,25.0,8,9,8.8,2.59,1,0,0.0,22.2,2,0,0,0.0,9,0,2,304,67.4,36.3,34.9,56.8,0,1,9,0,,0.9,0.0,0,0,0,0,0,2,22.2,29,3.2
7,Landry Lyddy,156581,QB,UAB,1,77.8,9,9,5.0,3.03,0,0,0.0,77.8,7,0,3,0.0,11,0,3,321,65.8,57.6,57.4,,0,1,12,0,66.7,50.7,18.2,2,0,0,0,0,0,0.0,51,5.7
7,Ahmad Haston,173396,QB,UMASS,1,55.6,9,9,6.6,3.06,0,0,0.0,33.3,3,0,7,40.0,11,2,2,216,24.8,51.6,46.4,60.8,0,1,12,0,0.0,2.8,0.0,0,2,0,0,0,1,8.3,20,2.2
7,Taylen Green,145996,QB,BOISE ST,1,62.5,8,8,2.5,2.51,0,0,0.0,62.5,5,0,2,0.0,9,0,1,120,68.3,56.2,38.7,71.2,0,1,9,1,0.0,27.6,0.0,0,1,0,0,0,1,11.1,25,3.1
7,Michael Alaimo,129802,QB,KENT STATE,1,57.1,7,8,11.9,3.29,0,0,0.0,25.0,2,0,6,50.0,9,2,2,201,65.1,39.0,36.9,57.3,0,0,9,0,0.0,39.6,0.0,0,1,0,1,0,1,11.1,11,1.4
7,Bryce Archie,156667,QB,USF,1,100.0,5,7,7.4,3.33,0,0,0.0,57.1,4,0,6,20.0,12,1,3,327,66.0,79.0,70.4,71.7,1,0,13,0,66.7,75.9,33.3,4,1,0,1,0,0,0.0,44,6.3
7,Devon Dampier,171556,QB,NEW MEXICO,1,83.3,6,6,19.0,2.97,0,0,0.0,83.3,5,0,0,0.0,7,0,4,241,69.0,77.9,74.4,67.3,0,0,7,0,,158.3,0.0,0,1,0,0,1,0,0.0,75,12.5
7,Haden Carlson,123620,QB,FIU,1,80.0,5,6,8.2,2.69,1,0,0.0,50.0,3,0,3,25.0,8,1,1,166,45.9,78.2,77.7,,0,0,8,0,66.7,82.6,25.0,2,0,0,0,0,1,12.5,56,9.3
7,Jack Tuttle,83580,QB,MICHIGAN,1,100.0,5,5,4.2,2.62,0,0,0.0,100.0,5,0,0,0.0,5,0,1,222,63.8,75.1,74.8,,0,0,5,0,,124.6,0.0,0,0,0,0,1,0,0.0,22,4.4
7,JC French IV,162521,QB,GA SOUTHRN,1,80.0,5,5,2.0,2.12,0,0,0.0,80.0,4,0,1,0.0,6,0,2,174,64.2,59.0,63.0,57.3,0,1,6,0,0.0,54.6,0.0,0,1,0,0,0,0,0.0,33,6.6
7,Robby Ashford,131702,QB,AUBURN,1,100.0,3,4,12.3,2.56,0,1,20.0,75.0,3,0,4,0.0,7,0,3,115,68.2,91.9,89.1,75.0,0,0,8,0,25.0,156.3,14.3,1,1,0,1,1,0,0.0,52,13.0
7,Bryson Daily,147303,QB,ARMY,1,75.0,4,4,-2.5,2.76,0,0,0.0,75.0,3,0,2,0.0,5,0,1,114,25.4,54.6,55.7,56.7,0,0,5,0,50.0,80.2,20.0,1,0,0,0,0,0,0.0,15,3.8
7,Justin Lamson,144052,QB,STANFORD,1,50.0,4,4,16.5,2.6,0,0,0.0,25.0,1,0,1,50.0,5,1,1,300,69.7,58.9,48.0,64.5,0,0,5,0,0.0,39.6,0.0,0,1,0,0,0,0,0.0,3,0.8
7,Ben Whitlock,186579,QB,W GEORGIA,1,66.7,3,4,8.0,1.68,0,0,0.0,25.0,1,0,2,50.0,4,1,0,1177,64.2,43.1,42.6,,1,0,6,0,0.0,39.6,0.0,0,0,0,0,0,0,0.0,7,1.8
7,Harrison Barker,121479,QB,UAB,1,100.0,3,3,6.0,3.16,0,0,0.0,33.3,1,0,2,66.7,5,2,1,321,65.5,73.5,68.3,66.1,0,0,5,0,0.0,53.5,0.0,0,2,0,0,0,0,0.0,17,5.7
7,John Mateer,158516,QB,WASH STATE,1,66.7,3,3,15.7,3.25,0,0,0.0,33.3,1,0,1,50.0,4,1,0,341,65.5,36.9,33.7,59.7,0,1,5,0,100.0,2.8,25.0,1,0,0,0,0,1,20.0,7,2.3
7,Bennett Meredith,157189,QB,PURDUE,1,50.0,2,3,14.5,2.17,1,0,0.0,33.3,1,0,0,0.0,3,0,0,273,62.7,52.9,51.5,,0,0,3,0,,42.4,0.0,0,0,0,0,0,0,0.0,8,2.7
7,Brady Lichtenberg,144226,QB,CINCINNATI,1,33.3,3,3,12.7,4.13,0,0,0.0,33.3,1,0,2,0.0,4,0,0,138,63.3,29.1,29.3,57.3,0,0,4,0,0.0,42.4,0.0,0,1,0,0,0,1,25.0,3,1.0
7,Zion Webb,63555,QB,JVILLE ST,1,50.0,2,2,16.5,2.35,0,0,0.0,50.0,1,0,0,0.0,2,0,1,196,66.2,64.3,48.0,70.3,0,1,2,0,,41.7,0.0,0,0,0,0,0,1,50.0,18,9.0
7,Aidan Chiles,173727,QB,OREGON ST,1,100.0,2,2,1.5,2.2,0,0,0.0,100.0,2,0,0,0.0,2,0,1,265,61.8,63.2,62.7,,0,0,2,0,,139.6,0.0,0,0,0,0,1,0,0.0,16,8.0
7,Tate Rodemaker,122414,QB,FLORIDA ST,1,100.0,2,2,-2.0,1.5,0,0,0.0,100.0,2,0,0,0.0,2,0,2,167,64.4,63.7,62.6,60.0,0,0,2,0,,158.3,0.0,0,0,0,0,1,0,0.0,60,30.0
7,Devin Brown,156479,QB,OHIO STATE,1,50.0,2,2,14.5,2.53,0,1,50.0,50.0,1,0,1,0.0,3,0,1,260,21.5,70.1,78.6,60.0,0,0,3,0,100.0,135.4,33.3,1,0,0,0,1,0,0.0,58,29.0
7,Joshua Cephus,98095,WR,UTSA,1,0.0,1,1,9.0,3.4,0,0,0.0,0.0,0,0,0,,1,0,0,331,66.9,62.5,32.9,,0,1,1,0,,0.0,0.0,0,0,0,0,0,1,100.0,0,0.0
7,Jaelen Gill,82535,WR,FRESNO ST,1,100.0,1,1,26.0,2.8,0,1,100.0,100.0,1,0,0,0.0,1,0,1,169,68.0,58.9,87.7,59.5,0,0,1,0,,158.3,0.0,0,0,0,0,1,0,0.0,19,19.0
7,Terrell McDonald,97922,TE,UAB,1,100.0,1,1,25.0,3.3,0,0,0.0,100.0,1,0,0,0.0,1,0,1,321,62.4,73.9,76.2,,0,0,1,0,,118.8,0.0,0,0,0,0,0,0,0.0,55,55.0
7,Devaughn Vele,100637,WR,UTAH,1,,0,1,,5.7,0,0,0.0,0.0,0,0,1,,1,0,0,328,65.0,58.2,60.0,,0,0,1,0,0.0,39.6,0.0,0,0,0,1,0,0,0.0,0,0.0
7,Grant Tisdale,97419,QB,TCU,1,100.0,1,1,0.0,2.2,0,0,0.0,100.0,1,0,0,0.0,1,0,1,305,63.7,60.6,61.0,59.7,0,0,1,0,,100.0,0.0,0,0,0,0,0,0,0.0,8,8.0
7,Owen McCown,157688,QB,UTSA,1,100.0,1,1,-1.0,2.6,0,0,0.0,100.0,1,0,1,0.0,1,0,0,331,60.3,61.7,61.0,,0,0,1,0,0.0,91.7,0.0,0,0,0,0,0,0,0.0,6,6.0
7,Jermaine Brown Jr.,97084,HB,UAB,1,0.0,1,1,23.0,3.0,0,0,0.0,0.0,0,0,1,,1,0,0,321,74.5,65.9,37.5,70.0,0,0,1,1,0.0,39.6,0.0,0,0,0,0,0,1,100.0,0,0.0
7,Sean Atkins,101127,WR,USF,1,100.0,1,1,25.0,3.3,0,0,0.0,100.0,1,0,0,0.0,1,0,1,327,67.3,61.8,76.2,,0,0,1,0,,118.8,0.0,0,0,0,0,0,0,0.0,27,27.0
7,Donovan Brown,158293,WR,SYRACUSE,1,100.0,1,1,-4.0,3.2,0,0,0.0,100.0,1,0,0,0.0,1,0,0,304,60.3,53.6,60.4,,0,0,1,0,,104.2,0.0,0,0,0,0,0,0,0.0,9,9.0
7,Germie Bernard,158374,WR,WASHINGTON,1,100.0,1,1,12.0,4.5,0,0,0.0,100.0,1,0,0,0.0,1,0,1,340,64.7,72.5,72.6,,0,0,1,0,,118.8,0.0,0,0,0,0,0,0,0.0,14,14.0
7,Jeshaun Jones,84283,WR,MARYLAND,1,100.0,1,1,4.0,2.3,0,0,0.0,100.0,1,0,1,0.0,1,0,1,215,70.3,57.9,66.4,,0,0,1,0,0.0,118.8,0.0,0,0,0,0,0,0,0.0,21,21.0
7,Collin Schlee,98025,QB,UCLA,1,100.0,1,1,-2.0,1.7,0,0,0.0,100.0,1,0,0,0.0,1,0,0,324,70.5,80.5,61.0,72.7,0,0,1,0,,79.2,0.0,0,0,0,0,0,0,0.0,1,1.0
7,Kevin Hurley,145490,QB,UTEP,1,100.0,1,1,37.0,2.5,0,1,100.0,100.0,1,0,0,0.0,1,0,1,330,60.3,89.9,88.6,,0,0,1,0,,118.8,0.0,0,0,0,0,0,0,0.0,40,40.0
7,Tyson Riley,121605,FB,ARMY,1,0.0,1,1,26.0,3.9,0,0,0.0,0.0,0,0,0,,1,0,0,114,62.4,41.5,50.4,,0,0,1,0,,39.6,0.0,0,0,0,0,0,0,0.0,0,0.0
7,Tai Lavatai,121854,QB,NAVY,1,100.0,1,1,2.0,3.2,0,0,0.0,100.0,1,0,1,0.0,2,0,0,237,64.4,68.6,58.9,63.9,0,0,2,0,100.0,95.8,50.0,1,0,0,0,0,0,0.0,7,7.0
7,Donaven McCulley,144829,WR,INDIANA,1,100.0,1,1,39.0,3.8,0,1,100.0,100.0,1,0,0,0.0,1,0,1,190,64.6,70.8,87.3,,0,0,1,0,,158.3,0.0,0,0,0,0,1,0,0.0,44,44.0
7,Luke Bauer,124195,P,MISSOURI,1,100.0,1,1,25.0,2.2,0,0,0.0,100.0,1,0,0,0.0,1,0,1,229,60.3,71.9,78.3,,0,0,1,0,,158.3,0.0,0,0,0,0,1,0,0.0,39,39.0
7,Jake Willcox,148649,QB,BROWN,1,77.4,53,60,5.8,2.79,2,0,0.0,63.3,38,0,19,7.3,63,3,22,123,71.6,70.7,73.6,56.0,3,2,63,1,0.0,83.9,0.0,0,3,0,2,3,2,3.2,378,6.3
7,Kasim Hill,60444,QB,RHODE ISLD,1,81.4,43,50,9.1,2.57,0,4,7.7,58.0,29,0,24,17.1,58,6,19,274,49.4,69.6,69.4,61.6,1,1,60,0,25.0,79.3,10.3,6,2,2,4,1,3,5.0,367,7.3
7,Max Brosmer,105568,QB,NEW HAMP,1,72.7,44,49,6.5,2.33,2,4,8.0,59.2,29,0,12,9.4,50,3,15,240,71.8,73.0,73.6,58.7,1,1,51,0,0.0,92.4,0.0,0,1,0,2,3,0,0.0,342,7.0
7,Michael Hiers,88636,QB,SAMFORD,1,78.7,47,48,7.4,2.6,0,4,8.0,75.0,36,0,14,2.7,58,1,15,282,44.3,78.4,78.2,62.0,0,0,61,0,57.1,104.1,13.8,8,2,0,1,2,2,3.3,295,6.1
7,Rob McCoy,108989,QB,SACR HEART,1,63.0,46,47,6.7,2.19,1,0,0.0,53.2,25,0,17,13.8,53,4,10,280,40.0,52.6,57.2,39.4,0,1,54,0,23.5,55.4,7.5,4,1,0,0,0,2,3.7,201,4.3
7,Kekoa Visperas,147588,QB,E WASHGTON,1,80.0,45,46,8.8,2.61,1,3,6.3,69.6,32,0,15,11.1,49,4,21,161,70.5,91.0,90.3,71.8,0,0,51,0,6.7,118.1,2.0,1,2,0,0,3,0,0.0,401,8.7
7,Jason Brown,109060,QB,JACKSON ST,1,78.0,41,45,7.3,2.7,1,1,2.0,68.9,31,0,13,3.1,51,1,11,194,43.7,58.4,60.2,49.1,0,0,57,0,23.1,81.4,5.9,3,3,1,2,0,0,0.0,237,5.3
7,Aidan Sayin,148974,QB,PENN,1,81.0,42,44,8.0,2.53,0,0,0.0,68.2,30,0,14,11.8,44,4,16,267,72.3,81.4,83.4,57.2,0,1,44,0,0.0,84.1,0.0,0,0,0,2,1,0,0.0,286,6.5
7,Noah Walters,164315,QB,N ALABAMA,1,72.1,43,43,6.4,2.43,0,3,6.7,65.1,28,0,7,9.7,43,3,12,389,70.9,73.4,70.0,69.4,0,4,45,0,0.0,53.7,0.0,0,0,0,0,2,4,8.9,213,5.0
7,Zach Calzada,98006,QB,INCAR WORD,1,69.0,42,42,9.7,2.24,0,5,11.1,64.3,27,0,11,6.9,46,2,13,189,23.5,63.3,61.6,63.2,0,3,49,0,36.4,71.5,8.7,4,0,0,0,2,5,10.2,300,7.1
7,Pierce Holley,108981,QB,E ILLINOIS,1,61.1,36,41,14.8,3.16,1,5,11.9,53.7,22,0,14,0.0,48,0,14,158,70.4,78.3,76.6,65.3,1,0,49,0,28.6,98.3,8.3,4,3,1,2,2,3,6.1,347,8.5
7,Blake Stenstrom,82106,QB,PRINCETON,1,60.0,40,40,11.0,2.78,0,2,4.8,52.5,21,0,15,12.5,45,3,10,272,70.7,67.0,64.2,66.9,0,1,47,1,20.0,75.0,6.7,3,2,0,0,2,2,4.3,220,5.5
7,Mike DiLiello,121801,QB,AUSTINPEAY,1,81.6,38,40,9.3,2.57,2,3,6.8,75.0,30,0,9,3.2,41,1,16,116,70.6,82.3,82.0,61.2,0,0,45,0,11.1,119.3,2.4,1,0,0,0,2,1,2.2,365,9.1
7,Reese Poffenbarger,145346,QB,ALBANY,1,68.4,38,40,14.1,2.81,0,7,17.1,57.5,23,0,18,11.5,48,3,15,106,40.5,78.0,79.7,57.9,0,2,49,0,27.8,101.4,10.4,5,3,1,1,4,2,4.1,373,9.3
7,Jordan Cooke,175116,QB,IDAHO ST,1,74.4,39,39,11.1,2.77,0,4,10.0,64.1,25,0,10,13.8,43,4,16,186,69.3,81.4,81.9,57.3,0,1,44,0,30.0,103.5,7.0,3,1,0,0,2,1,2.3,389,10.0
7,Myles Crawley,141731,QB,GRAMBLING,1,68.4,38,39,9.9,2.29,0,1,2.6,59.0,23,0,3,11.5,39,3,12,177,22.5,41.3,47.7,34.7,0,1,39,0,0.0,80.7,0.0,0,0,0,1,1,5,12.8,296,7.6
7,Jacob Sirmon,83590,QB,N COLORADO,1,61.1,36,39,15.8,2.33,1,6,15.4,51.3,20,0,9,9.1,44,2,12,253,70.9,76.6,84.0,39.9,0,0,44,0,33.3,80.8,6.8,3,1,0,2,1,2,4.5,257,6.6
7,Grant Sergent,108937,QB,SAN DIEGO,1,60.0,35,38,6.7,2.3,0,1,2.5,52.6,20,0,15,4.8,44,1,10,283,16.5,31.3,31.5,57.0,0,2,47,1,33.3,57.7,11.4,5,1,0,3,1,5,10.6,227,6.0
7,Zach Osborne,160474,QB,COLGATE,1,75.7,37,38,5.5,2.32,0,1,2.5,71.1,27,0,13,3.6,40,1,13,142,72.6,77.3,73.2,70.4,0,1,43,0,7.7,96.8,2.5,1,1,0,1,2,0,0.0,264,6.9
7,Carter Cravens,150714,QB,MOREHEAD,1,72.2,36,38,10.1,2.49,1,6,15.4,60.5,23,0,14,11.5,42,3,13,234,71.6,90.3,87.1,73.5,1,1,43,0,14.3,102.5,4.8,2,2,0,0,2,1,2.3,396,10.4
7,Zevi Eckhaus,148535,QB,BRYANT,1,77.1,35,37,11.2,2.3,0,4,10.3,62.2,23,0,12,14.8,40,4,18,124,71.5,92.4,91.1,77.5,1,0,42,0,0.0,114.2,0.0,0,2,0,1,3,2,4.8,296,8.0
7,Gevani McCoy,147609,QB,IDAHO,1,75.0,36,37,9.7,3.2,0,1,2.6,70.3,26,0,27,3.7,52,1,19,185,24.7,77.6,77.5,64.5,1,2,55,0,25.9,94.0,13.5,7,8,0,0,2,1,1.8,336,9.1
7,Jaylen King,170801,QB,GARD-WEBB,1,57.1,35,36,8.0,2.37,0,0,0.0,55.6,20,0,8,0.0,42,0,8,171,46.0,33.7,30.0,55.2,0,2,43,0,37.5,52.3,7.1,3,3,0,1,1,3,7.0,154,4.3
7,Luke Bailey,143172,QB,DRAKE,1,72.2,36,36,12.5,2.51,0,6,16.7,69.4,25,0,4,3.8,36,1,21,153,68.7,94.5,94.1,,0,0,36,1,0.0,147.7,0.0,0,0,0,0,5,0,0.0,416,11.6
7,Sam Huard,146463,QB,CAL POLY,1,71.0,31,36,11.6,2.64,1,3,7.7,52.8,19,0,10,13.6,38,3,11,129,69.5,76.8,79.2,57.0,2,0,41,1,10.0,99.9,2.6,1,1,0,2,3,1,2.4,225,6.3
7,Casey Case,130402,QB,STNY BROOK,1,71.9,32,35,8.3,2.04,1,2,5.6,60.0,21,0,12,8.7,39,2,11,303,31.8,64.0,65.3,54.5,0,1,40,0,25.0,78.6,7.7,3,1,1,1,1,1,2.5,243,6.9
7,Parker McKinney,82109,QB,E KENTUCKY,1,62.5,32,34,9.1,2.83,0,0,0.0,55.9,19,0,10,5.0,40,1,15,159,70.8,63.8,50.2,79.8,1,0,42,0,20.0,81.7,5.0,2,4,0,1,1,1,2.4,190,5.6
7,Corey Fields Jr.,78539,QB,SCAR STATE,1,62.5,32,34,10.2,2.53,1,0,0.0,50.0,17,0,12,15.0,38,3,7,290,69.8,48.7,48.7,56.5,1,1,38,0,8.3,68.6,2.6,1,3,0,0,1,1,2.6,223,6.6
7,Miles Hastings,103943,QB,UC DAVIS,1,71.9,32,34,8.3,2.22,2,0,0.0,64.7,22,0,3,4.3,35,1,11,322,70.2,65.5,64.8,60.8,0,0,37,0,33.3,98.2,2.9,1,0,0,0,2,1,2.7,184,5.4
7,Brayten Silbor,159764,QB,LEHIGH,1,48.4,31,34,12.4,2.65,0,1,2.7,32.4,11,0,13,26.7,35,4,10,205,68.9,64.9,65.1,57.8,2,2,38,0,0.0,39.5,0.0,0,1,0,1,1,2,5.3,205,6.0
7,Zack Annexstad,83516,QB,ILL STATE,1,69.0,29,33,10.6,2.23,1,0,0.0,57.6,19,0,5,5.0,39,1,11,188,21.6,66.1,59.2,73.2,0,1,39,0,60.0,98.0,7.7,3,3,1,2,4,2,5.1,166,5.0
7,CJ Montes,146114,QB,FORDHAM,1,63.6,33,33,10.2,2.5,0,0,0.0,60.6,20,0,9,4.8,38,1,10,168,70.5,60.6,59.0,60.8,0,0,44,0,33.3,74.2,7.9,3,2,0,0,0,0,0.0,171,5.2
7,Josh Magana,174601,QB,TXAMCO,1,53.3,30,33,8.2,2.95,0,2,5.4,45.5,15,0,17,6.3,40,1,8,1139,38.4,40.1,44.8,45.0,0,2,44,0,17.6,35.3,7.5,3,4,0,3,0,4,9.1,163,4.9
7,Paxton DeLaurent,159618,QB,SE MO ST,1,71.0,31,33,7.6,2.95,1,1,2.9,60.6,20,0,10,9.1,40,2,12,293,71.2,56.7,43.4,75.9,0,1,43,0,20.0,80.0,5.0,2,5,0,1,1,4,9.3,237,7.2
7,Tyler Knoop,108982,QB,GEORGETOWN,1,90.3,31,33,8.0,2.41,1,0,0.0,78.8,26,0,18,7.1,40,2,17,172,71.5,89.2,85.5,72.4,0,0,40,1,22.2,118.7,10.0,4,2,0,1,1,0,0.0,332,10.1
7,Derek Robertson,142298,QB,MAINE,1,71.0,31,32,8.9,2.81,0,1,3.1,62.5,20,0,9,9.1,36,2,15,212,69.2,64.8,67.5,51.4,0,0,36,0,11.1,116.0,2.8,1,3,0,1,3,1,2.8,235,7.3
7,Matt Morrissey,148177,QB,W ILLINOIS,1,76.7,30,32,7.9,2.98,0,0,0.0,71.9,23,0,22,0.0,40,0,14,345,38.9,67.2,65.8,64.6,0,1,45,0,22.7,87.1,12.5,5,3,0,2,1,2,4.4,213,6.7
7,Pauly Seeley V,178692,QB,WOFFORD,1,56.3,32,32,7.8,2.82,0,0,0.0,46.9,15,0,14,16.7,35,3,8,350,68.9,45.6,43.5,62.4,0,2,38,0,7.1,40.4,2.9,1,2,0,0,1,3,7.9,114,3.6
7,DJ Williams,138061,QB,MURRAY ST,1,42.9,28,32,15.4,3.34,0,4,12.1,37.5,12,0,19,0.0,38,0,9,236,71.4,68.2,58.8,76.2,0,2,40,0,15.8,27.7,7.9,3,3,0,4,0,2,5.0,157,4.9
7,Carter Davis,154196,QB,LNDNWD,1,58.6,29,31,9.6,2.89,0,1,3.0,48.4,15,0,14,11.8,40,2,12,949,50.3,60.2,60.8,58.3,0,2,42,0,21.4,49.0,7.5,3,6,0,2,1,1,2.4,169,5.5
7,Ty'Jarian Williams,178887,QB,MS VLY ST,1,70.0,30,31,7.0,2.91,0,1,3.2,61.3,19,0,12,9.5,36,2,14,228,71.0,77.4,79.0,61.5,0,0,37,0,16.7,120.2,5.6,2,3,0,1,3,1,2.7,259,8.4
7,Victor Gabalis,131932,QB,TARLETON,1,60.0,30,31,12.2,2.23,0,3,9.1,51.6,16,0,2,11.1,32,2,11,401,68.5,58.2,55.0,64.2,0,2,34,1,0.0,78.8,0.0,0,1,0,1,3,3,8.8,211,6.8
7,Carter Peevy,129563,QB,MERCER,1,69.0,29,31,11.3,2.79,0,2,6.5,61.3,19,0,14,5.0,39,1,10,219,31.1,66.4,68.0,54.1,0,1,39,0,42.9,88.2,15.4,6,2,0,2,1,2,5.1,281,9.1
7,Aidan Bouman,122508,QB,S DAKOTA,1,89.3,28,31,8.3,2.63,0,3,9.7,77.4,24,0,6,4.0,32,1,14,291,68.4,91.1,91.6,57.0,0,0,32,0,0.0,146.3,0.0,0,1,1,2,3,0,0.0,353,11.4
7,Bret Bushka,108927,QB,BUTLER,1,60.0,25,30,9.8,2.32,3,1,3.2,43.3,13,0,10,13.3,32,2,7,127,72.1,59.6,53.3,68.4,0,1,34,0,10.0,53.3,3.1,1,1,1,1,1,2,5.9,129,4.3
7,Jeffrey Jackson,143208,QB,VALPO,1,74.1,27,30,8.9,3.02,0,2,6.5,60.0,18,0,14,10.0,37,2,10,332,35.2,55.1,68.1,38.9,0,1,38,1,21.4,88.5,8.1,3,4,1,2,2,2,5.3,202,6.7
7,Richie Munoz,173668,QB,WEBER ST,1,55.2,29,30,9.5,2.36,1,0,0.0,50.0,15,0,5,6.3,32,1,7,342,19.4,45.9,41.7,64.5,0,0,32,0,40.0,74.0,6.3,2,0,0,0,1,2,6.3,138,4.6
7,JR Blood,104782,QB,SOUTHERN U,1,76.7,30,30,9.3,2.59,0,3,9.4,66.7,20,0,13,13.0,37,3,10,297,69.1,90.6,91.4,59.6,0,1,41,0,30.8,122.4,10.8,4,3,0,0,3,0,0.0,326,10.9
7,Kaiden Bennett,147778,QB,SACRAMENTO,1,86.2,29,29,5.0,3.08,0,1,3.1,79.3,23,0,11,8.0,38,2,10,279,71.9,76.1,84.0,54.5,0,0,41,0,27.3,128.2,7.9,3,6,0,0,3,0,0.0,188,6.5
7,Tyler Huff,142567,QB,FURMAN,1,74.1,27,29,7.1,2.45,0,0,0.0,65.5,19,0,9,5.0,33,1,11,170,46.7,66.9,64.4,64.1,0,1,38,0,11.1,94.8,3.0,1,3,1,1,2,1,2.6,205,7.1
7,Colby Suits,82143,QB,HOUCHR,1,75.0,28,29,8.6,2.58,0,2,6.3,65.5,19,0,8,9.5,31,2,7,183,70.6,71.0,65.1,67.3,0,1,35,0,0.0,79.0,0.0,0,2,1,0,1,3,8.8,175,6.0
7,Jace Wilson,149892,QB,TEXAS STHN,1,69.2,26,29,9.8,2.89,0,1,3.2,51.7,15,0,9,16.7,36,3,11,313,69.8,72.1,68.3,68.2,0,0,38,0,33.3,72.6,8.3,3,4,0,3,0,0,0.0,191,6.6
7,Caden Bell,71181,QB,COLUMBIA,1,58.6,29,29,11.1,2.83,0,1,3.3,34.5,10,0,12,41.2,36,7,5,145,70.6,72.0,75.3,56.2,0,1,37,0,16.7,29.0,5.6,2,4,0,0,0,0,0.0,87,3.0
7,Adam Damante,170711,QB,N ARIZONA,1,60.0,25,28,7.7,3.37,1,2,6.3,53.6,15,0,7,0.0,29,0,9,252,69.9,57.0,57.1,57.6,0,2,33,0,0.0,64.7,0.0,0,1,0,2,1,3,9.1,241,8.6
7,Steven Krajewski,77650,QB,WAGNER,1,66.7,27,28,15.9,2.28,1,4,14.3,57.1,16,0,13,11.1,30,2,8,338,71.1,71.5,65.3,76.3,0,0,30,1,15.4,90.3,6.7,2,0,0,0,1,3,10.0,193,6.9
7,Chase Artopoeus,100577,QB,CHATTNOOGA,1,70.4,27,28,10.0,2.93,0,0,0.0,67.9,19,0,8,0.0,34,0,12,137,68.6,72.6,78.4,50.0,1,0,35,1,37.5,106.8,8.8,3,3,0,0,1,0,0.0,244,8.7
7,Otto Kuhns,138014,QB,NORFOLK,1,52.0,25,28,13.7,2.67,2,2,6.5,35.7,10,0,6,23.1,33,3,5,244,72.1,69.9,56.4,83.3,0,1,36,0,50.0,36.2,9.1,3,1,0,1,0,3,8.3,129,4.6
7,Collin Ironside,139107,QB,VA MILT IN,1,75.0,24,27,8.5,2.58,1,1,3.7,66.7,18,0,10,0.0,33,0,8,336,68.5,63.4,63.5,57.8,1,0,33,0,20.0,82.8,6.1,2,3,0,1,0,1,3.0,163,6.0
7,Camden Coleman,170901,QB,RICHMOND,1,66.7,21,26,12.2,2.55,3,2,7.4,50.0,13,0,9,7.1,29,1,7,276,28.0,43.9,43.8,57.6,2,2,30,0,11.1,68.4,3.4,1,0,0,0,2,4,13.3,194,7.5
7,Maverick McIvor,99476,QB,ABILENE CH,1,65.2,23,26,12.5,2.64,0,4,15.4,50.0,13,0,14,13.3,27,2,10,100,67.9,76.8,76.0,,1,0,27,0,7.1,99.8,3.7,1,0,0,2,2,3,11.1,190,7.3
7,Jameson Wang,148782,QB,CORNELL,1,76.0,25,26,9.8,2.94,0,3,11.1,57.7,15,0,10,21.1,30,4,9,147,72.3,82.5,82.0,65.0,0,1,31,0,10.0,66.2,3.3,1,3,0,1,0,1,3.2,200,7.7
7,Matt Jenner,174488,QB,CENT CT ST,1,73.9,23,26,8.2,2.4,1,0,0.0,57.7,15,0,10,11.8,29,2,8,133,69.2,72.7,67.1,72.2,2,0,30,0,20.0,83.3,6.9,2,1,0,0,1,0,0.0,127,4.9
7,Graeson Underwood,123202,QB,CITADEL,1,63.6,22,26,14.9,2.6,1,0,0.0,42.3,11,0,12,21.4,29,3,8,139,73.0,56.8,50.9,64.1,1,1,32,0,0.0,40.2,0.0,0,3,1,1,0,3,9.4,118,4.5
7,Jackson Proctor,148851,QB,DARTMOUTH,1,91.3,23,26,6.6,2.11,0,0,0.0,76.9,20,0,6,4.8,27,1,12,148,27.9,78.7,85.7,44.8,0,0,27,0,0.0,109.3,0.0,0,0,2,1,0,0,0.0,269,10.3
7,Mark Gronowski,138303,QB,S DAK ST,1,84.0,25,26,8.1,2.84,0,0,0.0,80.8,21,0,9,0.0,29,0,15,292,29.9,76.4,77.5,61.3,0,0,30,0,0.0,148.4,0.0,0,3,0,1,3,2,6.7,270,10.4
7,Mitch Davidson,138334,QB,YNGTOWN ST,1,62.5,24,26,14.1,3.31,0,2,6.9,57.7,15,0,10,0.0,31,0,9,353,68.5,74.3,73.7,58.3,0,0,34,0,20.0,131.3,6.5,2,3,0,2,3,1,2.9,266,10.2
7,Luke Sprague,108964,QB,BETH COOK,1,69.6,23,26,8.2,3.3,0,0,0.0,53.8,14,0,11,12.5,32,2,9,119,70.1,62.6,58.1,66.7,1,1,35,0,36.4,62.7,12.5,4,2,0,2,1,2,5.7,118,4.5
7,Nic Baker,87541,QB,S ILLINOIS,1,60.0,25,25,9.3,2.7,0,1,4.0,56.0,14,0,6,6.7,30,1,6,295,68.7,66.3,64.6,59.3,0,0,30,0,16.7,71.3,3.3,1,4,0,0,0,1,3.3,135,5.4
7,Darius Perrantes,103934,QB,DUQUESNE,1,68.0,25,25,14.8,2.4,0,5,17.2,60.0,15,0,4,11.8,26,2,11,155,68.8,88.1,88.8,58.5,0,1,30,0,25.0,119.2,3.8,1,0,0,0,3,1,3.3,265,10.6
7,Tyler Wesley,162286,QB,PRESBYTERN,1,66.7,24,25,7.6,3.03,0,0,0.0,64.0,16,0,12,0.0,32,0,12,271,30.4,47.6,52.9,47.2,0,1,34,0,25.0,79.6,9.4,3,4,0,1,1,2,5.9,165,6.6
7,Will McElvain,88639,QB,CENT ARK,1,69.6,23,24,3.4,2.35,0,0,0.0,62.5,15,0,9,6.3,27,1,8,132,70.2,60.9,56.4,65.7,0,0,29,0,22.2,100.3,7.4,2,1,0,1,2,0,0.0,106,4.4
7,Jordan Pachot,164809,QB,MO STATE,1,77.3,22,24,11.0,3.04,2,2,7.7,70.8,17,0,11,0.0,26,0,12,230,68.6,90.3,90.1,65.3,0,0,28,0,0.0,138.4,0.0,0,2,0,0,3,0,0.0,217,9.0
7,Theo Day,83515,QB,N IOWA,1,75.0,24,24,10.5,2.96,0,2,7.7,66.7,16,0,12,11.1,31,2,8,255,28.6,53.1,60.8,39.4,0,2,33,0,33.3,59.4,12.9,4,3,0,0,0,4,12.1,210,8.8
7,Cole Doyle,159501,QB,ST FRANCIS,1,60.9,23,24,11.6,2.79,0,0,0.0,50.0,12,0,10,14.3,25,2,9,299,69.5,72.4,67.9,69.0,0,1,26,0,0.0,94.4,0.0,0,1,0,1,3,1,3.8,164,6.8
7,Zolten Osborne,178620,QB,CHARLES SO,1,73.9,23,24,9.5,3.0,0,2,8.0,62.5,15,0,6,11.8,26,2,11,135,69.1,81.6,81.0,60.1,0,0,27,0,16.7,112.2,3.8,1,0,0,1,2,0,0.0,174,7.3
7,Jordyn Potts,174577,QB,TENN TECH,1,81.0,21,23,7.6,2.76,0,0,0.0,73.9,17,0,12,0.0,26,0,11,309,28.5,68.4,77.1,38.9,0,0,27,1,25.0,102.4,11.5,3,0,0,2,0,0,0.0,214,9.3
7,Robert Coleman,76149,QB,LAMAR,1,77.3,22,22,12.8,2.68,0,3,12.5,77.3,17,0,9,0.0,25,0,12,204,70.1,91.5,90.5,73.5,0,0,27,0,33.3,145.3,12.0,3,0,0,0,2,0,0.0,256,11.6
7,Xavier Lankford,142724,QB,ALAB A&M,1,40.9,22,22,14.7,2.62,0,1,4.3,40.9,9,0,8,0.0,23,0,7,104,74.3,73.7,53.0,82.5,0,1,25,0,0.0,56.3,0.0,0,1,0,0,1,2,8.0,126,5.7
7,Quinton Williams,102366,QB,HOWARD,1,57.1,21,22,9.2,2.6,0,0,0.0,50.0,11,0,5,8.3,24,1,5,184,68.1,47.4,46.0,60.0,1,2,24,0,40.0,26.9,8.3,2,0,0,0,0,1,4.2,111,5.0
7,Preston Weeks,77658,QB,STF AUSTIN,1,77.8,18,21,4.9,2.17,2,0,0.0,52.4,11,0,4,21.4,23,3,7,301,68.1,66.9,66.0,60.0,0,0,23,0,50.0,111.4,8.7,2,0,0,1,2,0,0.0,171,8.1
7,Coulter Cleland,165212,QB,DAVIDSON,1,95.2,21,21,5.3,1.79,0,1,4.8,95.2,20,0,6,0.0,24,0,9,149,27.6,70.1,78.7,48.7,0,1,24,0,16.7,125.0,4.2,1,2,0,0,2,1,4.2,234,11.1
7,Anthony Chiccitt,141376,QB,ROB MORRIS,1,75.0,20,21,7.1,2.73,0,1,4.3,57.1,12,0,13,20.0,29,3,9,277,28.6,60.2,55.6,69.5,1,1,31,1,23.1,68.4,10.3,3,4,0,0,1,2,6.5,114,5.4
7,Brock Bagozzi,149648,QB,MARIST,1,47.6,21,21,10.6,2.17,0,1,4.8,47.6,10,0,4,0.0,23,0,4,213,25.9,43.8,47.1,54.3,0,1,23,1,25.0,71.7,4.3,1,1,0,0,2,2,8.7,91,4.3
7,Ryan O'Connor,155510,QB,DELAWARE,1,44.4,18,20,11.6,3.19,0,0,0.0,40.0,8,0,11,0.0,24,0,5,151,29.1,41.7,43.6,49.4,1,1,27,0,9.1,43.8,4.2,1,3,0,1,1,1,3.7,57,2.9
7,Brian Maurer,99123,QB,STF AUSTIN,1,75.0,20,20,5.9,1.85,0,0,0.0,75.0,15,0,1,0.0,20,0,8,301,26.6,46.1,56.1,38.6,0,0,21,0,0.0,92.3,0.0,0,0,0,0,0,0,0.0,133,6.7
7,Ethan Greenwood,161869,QB,LIUSHAR,1,72.2,18,19,8.9,3.19,0,0,0.0,63.2,12,0,13,7.7,28,1,7,1298,72.6,49.4,53.1,54.5,1,2,30,1,15.4,73.5,7.1,2,7,0,0,1,1,3.3,186,9.8
7,Nolan Grooms,108987,QB,YALE,1,61.1,18,19,14.0,3.43,0,3,14.3,52.6,10,0,7,9.1,26,1,7,352,30.5,75.2,68.8,70.9,0,1,29,0,28.6,90.6,7.7,2,5,0,1,3,2,6.9,123,6.5
7,Trazon Connley,75885,QB,PRVIEW A&M,1,77.8,18,19,8.5,3.3,0,0,0.0,63.2,12,0,9,14.3,24,2,2,270,69.5,53.9,54.9,55.7,0,1,25,0,33.3,52.5,12.5,3,2,0,1,0,1,4.0,90,4.7
7,Ralph Rucker IV,144625,QB,BUCKNELL,1,50.0,16,18,16.2,2.85,1,3,16.7,33.3,6,0,11,25.0,23,2,5,125,15.8,59.3,70.3,39.8,0,1,23,0,18.2,29.6,8.7,2,3,0,1,0,2,8.7,99,5.5
7,Chris Zellous,153319,QB,HAMPTON,1,44.4,18,18,9.0,2.15,0,0,0.0,38.9,7,0,4,12.5,19,1,2,178,22.4,39.6,43.4,48.2,0,1,20,0,0.0,23.8,0.0,0,1,0,0,0,0,0.0,45,2.5
7,Clifton McDowell,98003,QB,MONTANA,1,72.2,18,18,12.3,2.89,0,2,11.1,61.1,11,0,6,15.4,21,2,7,232,72.9,80.0,86.9,59.1,0,0,21,0,33.3,112.3,9.5,2,1,0,0,1,0,0.0,176,9.8
7,Zachary Clement,105561,QB,SE LA,1,77.8,18,18,7.1,2.54,0,1,5.6,66.7,12,0,6,14.3,20,2,7,294,70.8,73.2,77.0,59.2,0,0,20,0,0.0,108.8,0.0,0,2,0,0,1,1,5.0,141,7.8
7,Marquez McCray,109056,QB,MONMOUTH,1,73.3,15,17,12.5,2.41,0,1,5.9,58.8,10,0,4,9.1,17,1,5,231,66.7,74.9,75.0,,0,0,17,0,0.0,105.0,0.0,0,0,0,2,1,0,0.0,140,8.2
7,Kevin White,178287,QB,NC A&T,1,52.9,17,17,10.4,3.03,0,0,0.0,41.2,7,0,6,22.2,19,2,4,246,22.4,47.0,53.7,46.6,0,0,20,0,33.3,48.9,10.5,2,0,0,0,0,0,0.0,31,1.8
7,Charles DePrima,148879,QB,HARVARD,1,70.6,17,17,10.0,3.07,0,1,5.9,64.7,11,0,6,8.3,23,1,11,179,28.5,87.2,81.4,73.6,0,0,23,0,33.3,126.6,8.7,2,4,0,0,2,0,0.0,128,7.5
7,Dante Chachere,103930,QB,PORTLAND,1,80.0,15,17,8.2,2.53,0,1,5.3,70.6,12,0,5,0.0,19,0,12,269,74.0,69.4,61.4,73.8,0,0,21,2,0.0,135.8,0.0,0,1,0,2,5,2,9.5,144,8.5
7,Hunter Hays,141593,QB,IDAHO ST,1,81.3,16,16,7.5,2.24,0,0,0.0,81.3,13,0,3,0.0,18,0,9,186,69.1,58.8,58.0,60.4,0,1,20,0,33.3,96.1,5.6,1,1,0,0,1,1,5.0,133,8.3
7,Cam Miller,125299,QB,N DAK ST,1,75.0,16,16,13.9,3.25,0,2,12.5,68.8,11,0,9,8.3,22,1,7,250,69.8,64.7,71.5,53.3,0,1,22,0,11.1,99.7,4.5,1,5,0,0,1,1,4.5,175,10.9
7,Tak Tateoka,172179,QB,STTHOM,1,64.3,14,16,10.6,2.5,1,1,5.9,43.8,7,0,2,22.2,18,2,5,1129,69.7,69.6,77.2,55.0,0,1,19,1,50.0,54.9,5.6,1,1,0,1,1,0,0.0,83,5.2
7,Cole Dow,108930,QB,DAYTON,1,69.2,13,16,10.5,2.98,0,0,0.0,56.3,9,0,4,0.0,16,0,3,150,71.6,77.4,68.3,73.4,0,0,17,0,0.0,64.1,0.0,0,0,0,3,0,0,0.0,58,3.6
7,Damon Stewart,156626,QB,ALABAMA ST,1,64.3,14,15,9.8,2.64,0,0,0.0,40.0,6,0,3,33.3,18,3,3,105,69.1,49.1,43.5,62.1,0,2,19,1,0.0,20.8,0.0,0,2,0,1,0,2,10.5,90,6.0
7,Sean Chambers,75888,QB,MONTANA ST,1,53.3,15,15,16.1,2.89,0,2,13.3,46.7,7,0,4,12.5,16,1,6,233,68.8,91.2,85.2,79.5,0,0,16,0,0.0,82.9,0.0,0,1,0,0,0,0,0.0,151,10.1
7,Eli Sawyer,141870,QB,SE LA,1,66.7,15,15,12.3,2.55,0,4,26.7,53.3,8,0,7,20.0,19,2,6,294,23.4,65.0,66.5,57.3,0,2,19,0,28.6,81.3,10.5,2,1,0,0,1,3,15.8,198,13.2
7,Drew VanVleet,177653,QB,DAYTON,1,76.9,13,15,6.3,3.02,0,0,0.0,60.0,9,0,6,10.0,19,1,3,150,24.2,39.6,43.1,57.3,0,1,20,1,50.0,46.2,15.8,3,1,0,2,0,2,10.0,79,5.3
7,Jalen Macon,153929,QB,ARKAPB,1,69.2,13,14,5.2,2.98,0,1,7.1,50.0,7,0,9,22.2,20,2,6,112,15.1,43.6,47.3,50.5,1,0,21,0,22.2,61.6,10.0,2,4,0,0,0,2,9.5,60,4.3
7,Cade Chambers,148066,QB,INDIANA ST,1,81.8,11,13,4.5,2.49,1,0,0.0,61.5,8,0,7,11.1,19,1,3,191,24.6,51.6,64.0,41.1,1,2,19,0,42.9,38.5,15.8,3,3,0,0,0,1,5.3,77,5.9
7,Tommy Schuster,108954,QB,N DAKOTA,1,90.9,11,12,4.9,2.24,0,1,8.3,75.0,9,0,4,10.0,14,1,5,249,67.1,67.5,70.8,55.7,0,0,14,0,25.0,145.1,7.1,1,1,0,1,2,0,0.0,118,9.8
7,Tyler Szalkowski,148497,QB,ROB MORRIS,1,75.0,12,12,7.3,2.46,0,1,7.7,75.0,9,0,5,0.0,14,0,5,277,21.3,55.1,54.7,,0,0,15,0,40.0,116.3,14.3,2,0,0,0,1,1,6.7,69,5.8
7,Amari Powell,165320,QB,STTHOM,1,54.5,11,12,8.7,2.57,1,0,0.0,33.3,4,0,2,33.3,16,2,3,1129,11.2,26.9,30.0,36.6,0,0,16,0,100.0,46.2,12.5,2,2,0,0,0,2,12.5,47,3.9
7,William Riddle,161252,QB,E TENN ST,1,80.0,10,12,17.1,2.98,0,0,0.0,66.7,8,0,6,0.0,13,0,7,157,68.6,68.6,68.1,60.9,0,0,13,0,16.7,137.2,7.7,1,0,0,2,1,0,0.0,149,12.4
7,Nick Howard,108979,QB,DARTMOUTH,1,66.7,12,12,2.4,2.32,0,0,0.0,66.7,8,0,0,0.0,13,0,4,148,75.1,66.2,51.3,69.1,0,0,13,0,,90.3,0.0,0,1,0,0,0,0,0.0,94,7.8
7,Draylen Ellis,121346,QB,TENN STATE,1,60.0,10,11,9.7,2.96,0,2,16.7,54.5,6,0,5,0.0,15,0,4,308,27.2,66.3,51.9,74.7,0,1,17,0,20.0,71.4,6.7,1,1,0,1,1,2,11.8,83,7.5
7,Justin Allen,105560,QB,ELON,1,36.4,11,11,13.8,3.68,0,1,8.3,36.4,4,0,8,0.0,16,0,2,162,66.7,43.1,41.1,58.6,0,0,17,0,25.0,47.5,12.5,2,3,0,0,0,1,5.9,40,3.6
7,Haynes Eller,149869,QB,E TENN ST,1,60.0,10,11,10.0,2.54,0,0,0.0,45.5,5,0,2,16.7,11,1,2,157,65.8,44.5,43.7,,0,0,12,0,0.0,58.5,0.0,0,0,0,1,0,1,8.3,49,4.5
7,Chancellor Edwards,167000,QB,ARKAPB,1,90.9,11,11,3.3,2.11,0,1,9.1,81.8,9,0,6,10.0,14,1,4,112,22.7,43.1,62.1,35.3,0,1,14,0,16.7,97.2,7.1,1,2,0,0,2,1,7.1,76,6.9
7,Connor Watkins,108971,QB,VILLANOVA,1,50.0,10,10,12.1,3.08,0,0,0.0,30.0,3,0,6,40.0,12,2,3,334,31.5,68.1,41.8,76.4,0,1,12,0,16.7,2.5,8.3,1,1,0,0,0,1,8.3,36,3.6
7,Tommy Mellott,147646,QB,MONTANA ST,1,77.8,9,9,8.9,2.62,0,0,0.0,77.8,7,0,1,0.0,12,0,7,233,65.8,66.0,65.3,61.0,0,0,12,0,100.0,149.3,8.3,1,2,0,0,2,0,0.0,93,10.3
7,Deveon Bryant,89422,QB,TENN STATE,1,66.7,6,7,7.8,2.03,1,1,14.3,57.1,4,0,1,0.0,7,0,2,308,69.0,69.6,65.8,64.7,0,0,8,0,0.0,122.0,0.0,0,0,0,0,1,0,0.0,55,7.9
7,Justin Fomby,103928,QB,HOUCHR,1,80.0,5,5,1.6,2.18,0,0,0.0,80.0,4,0,3,0.0,6,0,2,183,64.2,52.0,57.8,,0,0,6,1,33.3,94.2,16.7,1,0,0,0,0,0,0.0,33,6.6
7,Noah Bodden,150881,QB,SOUTHERN U,1,60.0,5,5,8.6,1.98,0,0,0.0,60.0,3,0,0,0.0,5,0,1,297,64.2,54.0,53.9,,0,1,6,0,,31.7,0.0,0,0,0,0,0,1,16.7,23,4.6
7,Walter Simmons III,151059,QB,BETH COOK,1,66.7,3,4,4.7,3.12,0,0,0.0,50.0,2,0,1,0.0,5,0,0,119,66.8,58.1,52.0,63.4,0,0,5,0,100.0,56.3,20.0,1,0,0,1,0,0,0.0,10,2.5
7,Nick Semptimphelter,142984,QB,BUCKNELL,1,75.0,4,4,19.8,3.03,0,0,0.0,75.0,3,0,1,0.0,4,0,3,125,67.8,72.4,71.8,60.8,0,0,4,0,0.0,156.3,0.0,0,0,0,0,1,0,0.0,54,13.5
7,Blake Ellingson,149550,QB,DRAKE,1,75.0,4,4,13.0,3.1,0,1,25.0,75.0,3,0,0,0.0,4,0,2,153,66.6,83.2,84.3,60.1,0,0,4,0,,104.2,0.0,0,0,0,0,0,0,0.0,38,9.5
7,Ja'Shawn Scroggins,160545,QB,HOWARD,1,66.7,3,4,10.7,2.88,1,0,0.0,50.0,2,0,1,0.0,4,0,2,184,71.7,69.9,59.1,68.0,0,0,4,0,0.0,68.8,0.0,0,0,0,0,0,0,0.0,24,6.0
7,Cole Payton,148154,QB,N DAK ST,1,66.7,3,3,15.3,2.68,0,1,33.3,66.7,2,0,2,0.0,4,0,3,250,19.7,72.6,91.1,53.5,0,0,4,0,0.0,149.3,0.0,0,1,0,0,1,0,0.0,39,13.0
7,Bo Kelly,158923,QB,CAL POLY,1,100.0,3,3,1.0,1.77,0,0,0.0,66.7,2,0,0,33.3,3,1,1,129,62.7,75.8,75.4,,0,0,3,0,,70.1,0.0,0,0,0,0,0,0,0.0,8,2.7
7,Mekhi Hagens,167009,QB,ARKAPB,1,100.0,2,2,0.0,2.8,0,0,0.0,100.0,2,0,2,0.0,2,0,1,112,61.8,55.4,55.3,,0,0,2,0,0.0,118.8,0.0,0,0,0,0,0,0,0.0,37,18.5
7,Tommy Rittenhouse,148028,QB,ILL STATE,1,50.0,2,2,-1.0,1.45,0,0,0.0,50.0,1,0,1,0.0,2,0,1,188,66.2,64.2,62.7,61.8,0,0,2,0,0.0,56.3,0.0,0,0,0,0,0,0,0.0,6,3.0
7,Chris Howell,171592,QB,LIUSHAR,1,50.0,2,2,17.0,2.3,0,0,0.0,50.0,1,0,1,0.0,2,0,0,1298,9.6,42.9,54.0,,0,0,2,0,0.0,58.3,0.0,0,0,0,0,0,0,0.0,7,3.5
7,Ricky Ortega,142401,QB,CENT CT ST,1,,0,2,,4.47,0,0,0.0,0.0,0,0,3,,3,0,0,133,64.8,49.4,52.6,57.5,0,0,3,0,33.3,39.6,33.3,1,0,0,2,0,0,0.0,0,0.0
7,Aidan Dunne,148181,QB,N IOWA,1,100.0,2,2,1.0,1.65,0,0,0.0,100.0,2,0,1,0.0,2,0,1,255,67.6,66.3,62.7,62.7,0,0,2,0,0.0,95.8,0.0,0,0,0,0,0,0,0.0,14,7.0
7,William Lankford,159106,QB,ELON,1,50.0,2,2,7.0,4.0,0,0,0.0,50.0,1,0,2,0.0,4,0,0,162,21.0,34.6,46.7,45.8,0,0,4,0,50.0,56.3,25.0,1,1,0,0,0,0,0.0,6,3.0
7,Conor Easthope,148903,QB,HARVARD,1,50.0,2,2,2.5,2.15,0,0,0.0,0.0,0,0,1,100.0,2,1,0,179,67.6,69.1,54.5,68.8,0,0,2,0,0.0,39.6,0.0,0,0,0,0,0,0,0.0,0,0.0
7,Jaylin Jackson,83815,WR,W ILLINOIS,1,0.0,1,1,25.0,3.5,0,0,0.0,0.0,0,0,0,,1,0,0,345,67.6,65.2,37.5,63.4,0,1,1,0,,0.0,0.0,0,0,0,0,0,1,100.0,0,0.0
7,Matt Robinson,82130,QB,DUQUESNE,1,0.0,1,1,18.0,4.6,0,0,0.0,0.0,0,0,1,,1,0,0,155,61.8,49.9,48.4,,0,0,2,0,0.0,39.6,0.0,0,0,0,0,0,0,0.0,0,0.0
7,Hayden Meacham,79224,TE,WEBER ST,1,100.0,1,1,11.0,1.8,0,0,0.0,100.0,1,0,0,0.0,1,0,1,342,62.4,54.1,75.4,,0,0,1,0,,118.8,0.0,0,0,0,0,0,0,0.0,21,21.0
7,Evan Matthes,77596,P,VALPO,1,100.0,1,1,-3.0,2.2,0,0,0.0,100.0,1,0,0,0.0,1,0,1,332,60.3,71.8,74.3,,0,0,1,0,,118.8,0.0,0,0,0,0,0,0,0.0,23,23.0
7,Enzo Arjona,159147,QB,MONMOUTH,1,100.0,1,1,-2.0,1.8,0,0,0.0,100.0,1,0,0,0.0,1,0,0,231,60.3,62.0,61.0,,0,0,1,0,,79.2,0.0,0,0,0,0,0,0,0.0,1,1.0
7,Creyton Cooper,147853,QB,WEBER ST,1,0.0,1,1,18.0,2.45,0,0,0.0,0.0,0,0,0,,2,0,0,342,70.4,35.8,29.3,54.3,0,0,3,0,,39.6,0.0,0,1,0,0,0,1,33.3,0,0.0
7,Jared Lewis,108959,QB,HAMPTON,1,100.0,1,1,15.0,2.6,0,0,0.0,0.0,0,0,0,100.0,1,1,0,178,8.5,36.7,72.6,42.5,0,0,1,1,,39.6,0.0,0,0,0,0,0,0,0.0,0,0.0
7,Tylik Bethea,108957,QB,BETH COOK,1,0.0,1,1,10.0,2.0,0,0,0.0,0.0,0,0,0,,1,0,0,119,66.2,27.0,23.8,60.7,0,0,2,0,,39.6,0.0,0,0,0,0,0,1,50.0,0,0.0
7,Nyqua Lett,160257,QB,ALABAMA ST,1,100.0,1,1,0.0,1.8,0,0,0.0,100.0,1,0,0,0.0,1,0,1,105,65.9,58.9,61.0,58.5,0,0,1,0,,147.9,0.0,0,0,0,0,1,0,0.0,10,10.0
7,AJ Wilson,161436,WR,HOUCHR,1,100.0,1,1,-7.0,3.7,0,0,0.0,100.0,1,0,0,0.0,1,0,0,183,64.6,64.5,60.4,,0,0,1,0,,79.2,0.0,0,0,0,0,0,0,0.0,0,0.0
7,Myles Butler,150199,WR,CENT ARK,1,0.0,1,1,19.0,3.4,0,0,0.0,0.0,0,0,0,,1,0,0,132,63.7,54.2,54.8,,0,0,1,1,,39.6,0.0,0,0,0,0,0,0,0.0,0,0.0
7,Angel Flores,164493,QB,N ARIZONA,1,100.0,1,1,9.0,0.95,0,0,0.0,100.0,1,0,0,0.0,2,0,1,252,66.2,76.7,51.7,75.9,0,0,2,0,,118.8,0.0,0,0,0,0,1,0,0.0,3,3.0
7,Cooper Wallace,105556,HB,CITADEL,1,100.0,1,1,12.0,3.6,0,0,0.0,100.0,1,0,0,0.0,1,0,1,139,74.0,60.8,72.6,55.8,0,0,1,0,,118.8,0.0,0,0,0,0,0,0,0.0,24,24.0
7,Trent Tompkins,103944,WR,UC DAVIS,1,,0,1,,4.0,0,0,0.0,0.0,0,0,1,,1,0,0,322,77.7,69.2,60.0,70.7,1,0,1,0,0.0,39.6,0.0,0,0,0,0,0,0,0.0,0,0.0
7,Joey Audia,149440,WR,BUTLER,1,100.0,1,1,-4.0,2.2,0,0,0.0,100.0,1,0,0,0.0,1,0,0,127,65.8,59.0,60.4,,0,0,1,0,,79.2,0.0,0,0,0,0,0,0,0.0,1,1.0
7,JaCobian Morgan,123050,QB,JACKSON ST,1,100.0,1,1,-3.0,2.5,0,0,0.0,100.0,1,0,0,0.0,2,0,1,194,68.7,75.8,60.4,69.4,0,0,2,0,,79.2,0.0,0,1,0,0,0,0,0.0,-6,-6.0
7,Michael Wortham,170696,QB,E WASHGTON,1,100.0,1,1,2.0,2.8,0,0,0.0,100.0,1,0,0,0.0,1,0,0,161,71.5,70.2,60.4,66.8,0,0,1,0,,87.5,0.0,0,0,0,0,0,0,0.0,5,5.0
7,Max Quick,103920,P,STF AUSTIN,1,100.0,1,1,11.0,2.2,0,0,0.0,100.0,1,0,0,0.0,1,0,1,301,60.3,70.7,75.4,,0,0,1,0,,118.8,0.0,0,0,0,0,0,0,0.0,14,14.0
7,Elijah Owens,171426,QB,INDIANA ST,1,100.0,1,1,-5.0,1.4,0,0,0.0,100.0,1,0,0,0.0,1,0,0,191,60.3,62.2,61.0,,0,0,1,0,,79.2,0.0,0,0,0,0,0,0,0.0,-4,-4.0
7,Daron Bryden,148436,QB,STNY BROOK,1,0.0,1,1,9.0,2.0,0,0,0.0,0.0,0,0,0,,1,0,0,303,60.3,45.4,45.8,,0,0,1,0,,39.6,0.0,0,0,0,0,0,0,0.0,0,0.0
7,TJ Goodwin,100826,QB,LINCOK,1,70.6,34,35,9.0,2.24,0,2,5.1,60.0,21,0,9,12.5,37,3,8,1452,70.0,67.9,64.9,68.0,0,0,41,0,22.2,91.1,5.4,2,0,0,1,2,1,2.4,168,4.8
week,player,player_id,position,team_name,player_game_count,accuracy_percent,aimed_passes,attempts,avg_depth_of_target,avg_time_to_throw,bats,big_time_throws,btt_rate,completion_percent,completions,declined_penalties,def_gen_pressures,drop_rate,dropbacks,drops,first_downs,franchise_id,grades_hands_fumble,grades_offense,grades_pass,grades_run,hit_as_threw,interceptions,passing_snaps,penalties,pressure_to_sack_rate,qb_rating,sack_percent,sacks,scrambles,spikes,thrown_aways,touchdowns,turnover_worthy_plays,twp_rate,yards,ypa
8,Brayden Schager,146078,QB,HAWAII,1,66.7,51,52,12.7,2.24,1,2,3.7,63.5,33,0,14,2.9,54,1,22,180,50.1,56.2,56.1,58.9,0,3,56,0,14.3,77.8,3.7,2,0,0,0,3,3,5.4,345,6.6
8,Chandler Rogers,98683,QB,N TEXAS,1,77.6,49,51,7.4,2.52,0,1,1.9,68.6,35,0,17,7.9,57,3,19,251,43.9,76.9,82.2,48.9,1,0,60,0,5.9,100.4,1.8,1,5,0,1,2,0,0.0,343,6.7
8,Drake Maye,143969,QB,N CAROLINA,1,65.9,44,48,14.7,2.89,1,4,7.7,50.0,24,0,12,17.2,52,5,17,245,70.7,83.2,81.2,67.1,0,1,56,0,16.7,79.1,3.8,2,2,0,3,2,2,3.6,347,7.2
8,Austin Reed,111760,QB,W KENTUCKY,1,60.0,45,48,10.4,2.38,2,2,4.1,50.0,24,0,10,11.1,50,3,15,346,37.6,53.2,51.0,64.0,0,1,51,0,10.0,70.7,2.0,1,1,0,1,2,4,7.8,250,5.2
8,Cam Ward,133244,QB,WASH STATE,1,86.0,43,48,7.8,3.14,1,4,8.2,70.8,34,0,20,8.1,58,3,18,341,70.5,91.4,89.4,81.6,0,0,59,0,30.0,106.1,10.3,6,4,0,4,1,2,3.4,438,9.1
8,Keegan Shoemaker,108983,QB,SM HOUSTON,1,72.1,43,47,6.6,2.38,1,1,2.0,63.8,30,0,14,3.2,49,1,15,281,43.2,79.2,79.8,63.1,0,1,51,2,7.1,87.4,2.0,1,1,0,3,2,2,3.9,302,6.4
8,Trenton Bourguet,97285,QB,ARIZONA ST,1,65.1,43,47,6.9,2.32,1,1,2.1,55.3,26,0,15,7.1,50,2,10,110,70.5,57.0,54.4,64.0,1,1,51,1,0.0,56.7,0.0,0,3,0,2,0,2,3.9,196,4.2
8,Donovan Smith,73929,QB,HOUSTON,1,73.9,46,46,7.4,2.58,0,5,10.6,69.6,32,0,14,5.9,51,2,18,182,39.1,72.7,75.1,51.9,0,1,52,0,21.4,107.0,5.9,3,2,0,0,3,2,3.8,378,8.2
8,Christian Veilleux,145086,QB,PITTSBURGH,1,67.4,43,45,10.4,2.32,0,2,4.4,62.2,28,0,10,3.4,46,1,14,268,71.3,67.0,69.4,53.3,1,0,46,0,0.0,96.7,0.0,0,1,0,1,2,0,0.0,302,6.7
8,Ashton Daniels,157259,QB,STANFORD,1,73.2,41,45,8.4,2.83,1,2,4.0,60.0,27,0,19,10.0,50,3,10,300,70.3,66.0,66.6,55.7,1,1,55,0,21.1,74.6,8.0,4,1,0,2,1,1,1.8,263,5.8
8,Josh Hoover,127148,QB,TCU,1,59.5,42,43,8.1,2.5,0,0,0.0,53.5,23,0,17,8.0,46,2,11,305,69.5,41.9,41.5,,0,1,47,0,17.6,55.1,6.5,3,0,0,1,0,2,4.3,187,4.3
8,Drew Allar,164157,QB,PENN STATE,1,59.5,37,43,9.6,2.85,0,1,2.3,41.9,18,0,23,18.2,48,4,11,266,70.0,50.4,51.9,52.8,2,0,49,1,13.0,63.2,6.3,3,2,0,4,1,2,4.1,191,4.4
8,Blake Shapen,122282,QB,BAYLOR,1,70.0,40,43,9.5,2.81,0,1,2.3,58.1,25,0,13,10.7,45,3,16,118,43.1,71.8,67.7,70.5,0,0,46,1,15.4,88.9,4.4,2,0,0,3,1,0,0.0,316,7.3
8,Michael Penix Jr.,82134,QB,WASHINGTON,1,73.0,37,42,8.6,2.4,2,1,2.3,64.3,27,0,14,0.0,43,0,11,340,46.3,50.5,52.1,53.3,0,2,45,0,0.0,63.1,0.0,0,0,0,3,0,1,2.2,275,6.5
8,Hayden Wolff,98362,QB,W MICHIGAN,1,83.8,37,42,4.7,2.83,1,0,0.0,71.4,30,0,11,3.2,45,1,15,347,70.1,61.7,59.5,64.2,0,1,50,0,9.1,88.4,2.2,1,2,0,4,1,1,2.0,290,6.9
8,Braedyn Locke,157141,QB,WISCONSIN,1,60.0,40,41,9.6,2.71,1,1,2.4,51.2,21,0,13,12.5,42,3,12,349,35.6,62.9,66.0,46.4,0,0,44,0,7.7,85.4,2.4,1,0,0,0,2,1,2.3,240,5.9
8,Joe Milton III,82151,QB,TENNESSEE,1,73.2,41,41,9.4,2.88,0,1,2.4,68.3,28,0,13,6.7,46,2,13,307,73.0,77.8,73.2,71.0,0,0,48,0,23.1,102.8,6.5,3,2,0,0,2,0,0.0,271,6.6
8,Spencer Rattler,97408,QB,S CAROLINA,1,69.4,36,40,7.6,2.92,1,0,0.0,57.5,23,0,22,8.0,53,2,12,289,70.0,48.0,53.9,43.6,0,1,57,0,27.3,62.2,11.3,6,6,0,3,0,0,0.0,217,5.4
8,Jeff Undercuffler,78501,QB,AKRON,1,63.2,38,39,9.9,2.88,1,0,0.0,56.4,22,0,17,8.3,43,2,8,102,22.6,34.0,34.8,59.6,0,2,45,1,23.5,52.7,9.3,4,0,0,0,0,3,6.7,234,6.0
8,Keyone Jenkins,170403,QB,FIU,1,75.0,36,39,7.4,2.2,0,2,5.1,66.7,26,0,6,3.7,47,1,11,166,42.6,60.7,56.2,65.6,1,0,47,0,83.3,86.7,10.6,5,3,1,1,1,2,4.3,192,4.9
8,Byrum Brown,156206,QB,USF,1,76.9,39,39,8.9,2.7,0,0,0.0,69.2,27,0,11,10.0,46,3,12,327,72.4,77.3,66.8,78.1,0,1,48,0,9.1,71.1,2.2,1,6,0,0,0,1,2.1,206,5.3
8,Kurtis Rourke,97998,QB,OHIO,1,71.1,38,39,10.6,3.0,1,2,4.7,61.5,24,0,7,11.1,42,3,15,259,71.3,60.8,64.2,53.2,0,0,46,1,14.3,91.3,2.4,1,2,0,0,1,3,6.5,275,7.1
8,Zion Webb,63555,QB,JVILLE ST,1,59.5,37,39,8.5,2.4,2,2,5.1,56.4,22,0,10,0.0,46,0,13,196,52.5,71.3,57.6,75.6,0,1,46,0,30.0,61.7,6.5,3,4,0,0,0,2,4.3,218,5.6
8,Dillon Gabriel,86272,QB,OKLAHOMA,1,80.6,36,38,8.7,2.8,0,2,4.8,65.8,25,0,14,13.8,47,4,15,261,71.8,69.9,64.4,71.4,0,1,51,0,21.4,100.0,6.4,3,4,0,2,3,1,2.0,253,6.7
8,Jordan Travis,77615,QB,FLORIDA ST,1,82.9,35,37,6.9,2.88,0,1,2.6,73.0,27,0,9,6.9,38,2,15,167,41.2,84.4,84.6,67.6,0,1,39,1,11.1,99.8,2.6,1,0,0,2,2,0,0.0,268,7.2
8,Nicholas Vattiato,145302,QB,MIDDLE TN,1,75.7,37,37,8.3,1.97,0,3,7.3,64.9,24,0,4,14.3,41,4,12,224,23.6,61.3,63.6,52.7,0,2,46,0,50.0,107.8,4.9,2,1,0,0,4,2,4.3,339,9.2
8,Jake Strong,173651,QB,TEXAS TECH,1,58.8,34,37,10.9,2.44,1,2,5.1,51.4,19,0,6,5.0,38,1,8,315,37.2,35.8,38.0,46.4,1,3,40,0,16.7,46.7,2.6,1,0,0,1,1,4,10.0,236,6.4
8,JT Daniels,83578,QB,RICE,1,71.4,35,37,11.1,2.36,1,0,0.0,64.9,24,0,9,4.0,39,1,16,275,69.4,73.4,71.3,65.6,0,0,39,0,11.1,112.7,2.6,1,1,0,1,2,0,0.0,342,9.2
8,Preston Stone,124716,QB,SMU,1,71.4,35,37,12.6,2.46,0,2,5.1,62.2,23,0,8,8.0,37,2,18,287,25.6,75.4,82.3,42.4,0,0,39,0,0.0,105.7,0.0,0,0,1,1,2,0,0.0,300,8.1
8,Davis Brin,77642,QB,GA SOUTHRN,1,70.6,34,36,9.3,2.71,1,2,5.3,55.6,20,0,10,16.7,39,4,12,174,21.8,63.3,62.2,60.0,0,2,41,0,30.0,71.5,7.7,3,0,0,1,2,4,9.8,240,6.7
8,Alan Bowman,77679,QB,OKLA STATE,1,79.4,34,36,7.8,2.28,0,2,5.4,66.7,24,0,6,11.1,37,3,11,262,69.8,78.1,80.2,53.5,0,1,38,0,0.0,88.9,0.0,0,1,0,2,2,1,2.6,210,5.8
8,Frank Harris,60586,QB,UTSA,1,74.3,35,36,7.2,2.34,0,1,2.7,72.2,26,0,6,0.0,41,0,14,331,33.8,61.8,67.1,46.2,0,2,42,0,16.7,87.8,2.4,1,4,1,0,2,1,2.4,261,7.3
8,Kyle McCord,145053,QB,OHIO STATE,1,67.6,34,35,8.3,2.23,0,0,0.0,62.9,22,0,9,4.3,37,1,13,260,33.2,64.0,62.7,60.1,1,0,39,0,22.2,98.0,5.4,2,0,0,0,1,1,2.6,286,8.2
8,Jayden Maiava,158135,QB,UNLV,1,82.4,34,35,7.7,2.59,0,2,5.7,74.3,26,0,15,7.1,40,2,15,325,33.2,58.7,59.1,55.4,0,0,40,0,13.3,105.2,5.0,2,2,0,1,0,3,7.5,346,9.9
8,Caleb Williams,144622,QB,USC,1,86.2,29,35,7.5,3.15,2,3,7.3,68.6,24,0,10,4.0,43,1,13,326,32.1,73.9,68.6,73.4,0,0,49,0,50.0,89.7,11.6,5,3,1,3,0,1,2.0,256,7.3
8,Jaylen Raynor,172203,QB,ARK STATE,1,63.6,33,35,16.2,2.88,0,2,5.6,54.3,19,0,12,9.5,36,2,12,113,73.4,73.7,69.7,68.7,0,2,37,0,8.3,79.0,2.8,1,0,0,2,2,2,5.4,306,8.7
8,Cade Klubnik,156253,QB,CLEMSON,1,58.1,31,35,12.9,2.93,0,1,2.7,51.4,18,0,22,0.0,41,0,14,140,40.5,60.3,62.4,55.0,0,1,43,1,18.2,89.5,9.8,4,2,0,4,2,2,4.7,314,9.0
8,Ta'Quan Roberson,101625,QB,UCONN,1,73.3,30,34,9.8,2.41,0,1,2.9,55.9,19,0,10,13.6,37,3,9,146,32.5,61.3,66.3,45.9,0,1,38,0,10.0,69.1,2.7,1,2,0,4,1,2,5.3,187,5.5
8,Rocky Lombardi,60452,QB,N ILLINOIS,1,78.1,32,34,7.1,2.35,0,2,5.4,61.8,21,0,9,16.0,36,4,10,254,71.8,71.4,76.1,55.1,1,0,39,1,11.1,75.0,2.8,1,1,1,0,0,0,0.0,175,5.1
8,Daniel Richardson,97103,QB,FAU,1,75.0,32,34,7.8,2.41,0,3,8.8,55.9,19,0,15,20.8,39,5,8,165,69.0,78.2,77.4,,1,2,40,0,33.3,41.5,12.8,5,0,0,1,0,1,2.5,142,4.2
8,Emory Williams,170099,QB,MIAMI FL,1,86.2,29,33,5.7,2.21,2,1,2.8,72.7,24,0,5,4.0,33,1,8,220,68.7,71.8,70.8,,1,1,36,0,0.0,79.2,0.0,0,0,0,1,1,0,0.0,151,4.6
8,Cade McConnell,73935,QB,UTEP,1,56.7,30,33,11.0,2.73,0,0,0.0,45.5,15,0,9,11.8,36,2,9,330,69.8,45.2,45.3,55.1,1,0,38,1,33.3,62.6,8.3,3,0,0,2,0,1,2.6,179,5.4
8,Blake Murphy,181169,QB,LA MONROE,1,59.4,32,33,12.3,2.88,1,1,2.9,54.5,18,0,17,5.3,40,1,11,209,16.4,42.1,49.5,39.9,0,1,43,0,23.5,85.4,10.0,4,3,0,0,1,3,7.0,320,9.7
8,Cole Snyder,97617,QB,BUFFALO,1,63.3,30,33,8.4,2.24,3,0,0.0,54.5,18,0,11,5.3,34,1,11,126,70.5,71.5,72.3,57.1,0,1,35,0,0.0,69.6,0.0,0,1,0,0,1,0,0.0,195,5.9
8,Joey Aguilar,174978,QB,APP STATE,1,79.3,29,32,11.2,2.58,0,3,9.4,68.8,22,0,8,4.3,37,1,16,108,11.8,80.7,81.9,60.8,1,0,37,0,25.0,113.0,5.4,2,3,1,1,2,4,10.8,252,7.9
8,Brayden Fowler-Nicolosi,157207,QB,COLO STATE,1,74.2,31,32,7.5,2.87,0,2,5.9,65.6,21,0,9,8.7,34,2,11,144,68.7,81.0,82.3,57.3,0,0,36,0,11.1,97.8,2.9,1,1,0,1,1,0,0.0,235,7.3
8,Haynes King,124329,QB,GA TECH,1,50.0,30,32,11.0,2.71,1,3,8.8,43.8,14,0,13,6.7,37,1,13,176,71.1,74.6,65.8,75.8,0,3,39,0,0.0,36.5,0.0,0,5,0,1,1,3,7.7,204,6.4
8,Tony Muskett,142933,QB,VIRGINIA,1,78.6,28,32,6.5,2.56,1,2,5.9,65.6,21,0,8,4.5,33,1,12,335,73.0,75.8,71.9,68.6,1,1,35,1,12.5,81.9,3.0,1,0,0,2,1,1,2.9,213,6.7
8,Brendan Sorsby,156398,QB,INDIANA,1,60.0,30,31,10.4,2.66,1,1,3.0,48.4,15,0,10,16.7,36,3,7,190,71.4,59.0,55.1,64.2,0,0,38,0,0.0,70.1,0.0,0,5,0,0,1,0,0.0,126,4.1
8,Jordan McCloud,101058,QB,JAMES MAD,1,71.0,31,31,9.2,2.45,0,3,9.1,67.7,21,0,15,4.5,32,1,12,197,71.6,67.9,58.1,77.8,0,1,34,0,0.0,91.1,0.0,0,1,0,0,1,3,8.8,262,8.5
8,John Rhys Plumlee,97602,QB,UCF,1,73.9,23,31,9.0,2.82,2,3,9.1,51.6,16,0,17,5.9,33,1,9,323,71.3,75.9,76.1,63.4,1,0,35,1,11.8,99.9,6.1,2,0,0,5,2,0,0.0,248,8.0
8,Jase Bauer,145714,QB,C MICHIGAN,1,73.3,30,31,7.1,3.49,0,1,3.0,61.3,19,0,13,13.6,39,3,10,134,70.0,66.4,65.3,61.8,0,0,42,0,15.4,85.6,5.1,2,6,0,1,1,1,2.4,161,5.2
8,KJ Jefferson,99129,QB,ARKANSAS,1,65.5,29,31,9.0,2.99,0,0,0.0,61.3,19,0,16,0.0,41,0,4,111,24.3,52.5,46.2,64.1,2,1,42,0,25.0,52.8,9.8,4,5,0,0,0,2,4.8,97,3.1
8,McCae Hillstead,174761,QB,UTAH ST,1,64.3,28,30,10.1,2.99,0,1,3.1,60.0,18,0,15,0.0,37,0,9,329,69.8,52.6,54.0,54.1,0,2,39,1,6.7,69.2,2.7,1,5,0,2,2,2,5.1,163,5.4
8,Garrett Greene,123420,QB,W VIRGINIA,1,53.6,28,30,14.3,3.38,0,3,8.8,50.0,15,0,12,0.0,36,0,12,343,73.1,73.3,64.4,74.1,1,1,40,0,8.3,86.2,2.8,1,5,0,1,2,1,2.5,246,8.2
8,Emory Jones,82111,QB,CINCINNATI,1,65.5,29,30,8.9,2.86,1,1,3.2,63.3,19,0,10,0.0,34,0,10,138,44.1,62.9,69.2,57.4,0,0,35,0,20.0,99.6,5.9,2,2,0,0,2,1,2.9,162,5.4
8,Cam Fancher,145266,QB,MARSHALL,1,71.4,28,30,7.3,3.1,0,2,6.5,56.7,17,0,23,15.0,40,3,6,214,34.5,46.9,50.8,46.7,0,1,41,0,34.8,59.4,20.0,8,2,0,2,0,3,7.3,173,5.8
8,Brett Gabbert,97404,QB,MIAMI OH,1,65.5,29,29,11.1,2.51,0,2,6.7,48.3,14,0,8,26.3,34,5,9,221,69.7,67.3,66.9,60.9,0,1,36,0,25.0,53.7,5.9,2,3,0,0,0,1,2.8,179,6.2
8,Tommy Castellanos,158433,QB,BOSTON COL,1,73.1,26,29,10.7,2.62,2,1,3.2,58.6,17,0,3,10.5,31,2,11,121,73.3,80.1,75.3,71.1,0,1,33,1,0.0,73.2,0.0,0,2,0,1,0,1,3.0,255,8.8
8,Quinn Ewers,127253,QB,TEXAS,1,92.0,25,29,3.9,2.94,1,1,3.4,79.3,23,0,7,0.0,34,0,10,311,69.1,66.8,70.0,52.5,0,0,34,0,42.9,120.0,8.8,3,2,0,3,2,0,0.0,211,7.3
8,Deacon Hill,145170,QB,IOWA,1,50.0,24,28,11.6,2.7,1,0,0.0,35.7,10,0,10,16.7,32,2,4,192,22.2,30.1,28.1,66.9,2,1,36,0,40.0,34.2,12.5,4,0,0,1,0,5,13.9,116,4.1
8,Kedon Slovis,100580,QB,BYU,1,70.8,24,28,10.3,2.76,0,2,7.1,53.6,15,0,11,11.8,28,2,5,128,68.0,67.8,67.0,,1,0,28,1,0.0,89.4,0.0,0,0,0,3,2,1,3.6,127,4.5
8,Zeon Chriss-Gremillion,156733,QB,LA LAFAYET,1,65.4,26,28,9.5,2.81,0,0,0.0,50.0,14,0,7,17.6,33,3,7,207,73.7,60.6,42.2,77.9,2,1,34,0,28.6,56.5,6.1,2,3,0,0,1,2,5.9,106,3.8
8,Seth Henigan,144267,QB,MEMPHIS,1,70.4,27,28,7.9,2.81,0,0,0.0,67.9,19,0,5,0.0,31,0,10,218,40.8,58.6,65.5,49.8,0,0,32,0,20.0,106.1,3.2,1,2,0,1,2,0,0.0,159,5.7
8,Grayson McCall,98002,QB,COAST CAR,1,85.7,28,28,7.4,2.22,0,1,3.4,85.7,24,0,7,0.0,33,0,11,141,32.6,82.1,76.2,75.6,0,0,34,0,14.3,126.8,3.0,1,3,0,0,2,1,2.9,244,8.7
8,Dequan Finn,97804,QB,TOLEDO,1,70.8,24,28,9.0,3.65,1,0,0.0,57.1,16,0,13,5.9,35,1,10,316,73.1,67.6,65.9,63.1,0,0,38,0,7.7,97.3,2.9,1,6,0,3,2,0,0.0,160,5.7
8,Ethan Garbers,131896,QB,UCLA,1,80.8,26,28,8.4,2.7,0,2,6.3,71.4,20,0,12,4.8,36,1,17,324,69.0,81.0,72.9,79.6,1,0,40,0,25.0,121.1,8.3,3,5,0,1,2,0,0.0,240,8.6
8,Carter Bradley,77685,QB,S ALABAMA,1,88.0,25,27,4.2,2.51,1,0,0.0,77.8,21,0,11,4.5,29,1,18,288,68.1,78.1,77.5,61.8,0,0,29,0,0.0,115.3,0.0,0,2,0,1,0,0,0.0,315,11.7
8,J.J. McCarthy,144918,QB,MICHIGAN,1,85.2,27,27,10.4,2.95,0,4,14.8,77.8,21,0,8,8.7,29,2,17,222,68.7,91.8,90.9,70.3,0,0,29,0,12.5,150.5,3.4,1,1,0,0,4,0,0.0,287,10.6
8,Austin Smith,145763,QB,E MICHIGAN,1,58.3,24,27,4.8,2.92,2,0,0.0,51.9,14,0,11,0.0,32,0,7,160,18.5,36.4,34.1,56.8,0,2,33,0,27.3,37.7,9.4,3,2,0,1,0,3,9.1,151,5.6
8,Dylan Hopkins,83571,QB,NEW MEXICO,1,87.5,24,25,8.1,2.22,1,2,7.7,80.0,20,0,6,4.8,27,1,12,241,69.1,69.6,68.8,60.9,0,0,28,0,16.7,139.9,3.7,1,1,0,0,3,0,0.0,202,8.1
8,Brady Cook,124199,QB,MISSOURI,1,77.3,22,25,7.8,2.36,0,4,16.0,60.0,15,0,8,11.8,26,2,11,229,72.6,85.9,90.3,61.3,0,0,26,0,0.0,99.6,0.0,0,1,0,3,1,0,0.0,205,8.2
8,Bo Nix,97790,QB,OREGON,1,83.3,24,25,7.3,2.7,0,2,7.1,72.0,18,0,4,10.0,26,2,10,264,69.7,82.5,79.1,70.5,1,0,29,0,0.0,137.6,0.0,0,0,0,0,2,0,0.0,293,11.7
8,Grant Wilson,143041,QB,DOMINION,1,72.0,25,25,10.0,3.21,0,0,0.0,72.0,18,0,16,0.0,32,0,12,263,71.4,73.7,70.3,67.4,0,0,39,0,25.0,106.8,12.5,4,3,0,0,1,0,0.0,188,7.5
8,Diego Pavia,156927,QB,NEW MEX ST,1,62.5,24,25,10.6,3.07,0,4,14.3,60.0,15,0,15,0.0,31,0,10,242,72.4,92.1,89.1,81.6,0,0,34,0,20.0,109.8,9.7,3,3,0,1,2,1,2.9,186,7.4
8,Athan Kaliakmanis,144971,QB,MINNESOTA,1,61.9,21,25,11.5,3.18,2,2,7.7,40.0,10,0,9,23.1,30,3,6,225,70.7,68.4,68.6,59.4,1,0,31,0,33.3,56.4,10.0,3,2,0,1,0,0,0.0,126,5.0
8,Bryson Barnes,131845,QB,UTAH,1,77.3,22,23,8.3,2.74,0,1,4.3,60.9,14,0,16,17.6,26,3,11,328,71.4,74.4,64.7,75.2,0,1,26,0,6.3,116.8,3.8,1,2,0,1,3,1,3.8,235,10.2
8,Devin Grainger,78496,QB,GA STATE,1,90.5,21,23,7.4,2.55,0,1,4.2,73.9,17,0,3,10.5,23,2,6,175,72.2,83.5,86.6,62.0,0,0,24,1,0.0,130.9,0.0,0,0,0,2,2,0,0.0,211,9.2
8,Tai Lavatai,121854,QB,NAVY,1,72.7,22,23,10.0,2.06,1,1,4.0,56.5,13,0,5,18.8,23,3,6,237,29.1,60.0,56.9,65.0,0,2,25,0,0.0,44.8,0.0,0,0,0,0,1,1,4.0,96,4.2
8,Brendan Sullivan,145034,QB,NWESTERN,1,65.0,20,23,14.7,3.02,1,1,4.3,52.2,12,0,19,7.7,34,1,6,256,69.5,43.8,43.2,54.3,0,1,34,0,36.8,59.3,20.6,7,4,0,2,0,2,5.9,176,7.7
8,Brendon Lewis,131687,QB,NEVADA,1,66.7,18,22,8.4,3.02,0,2,8.0,40.9,9,0,13,25.0,29,3,5,239,72.3,69.0,63.3,70.8,1,0,32,1,23.1,54.7,10.3,3,3,0,3,0,0,0.0,98,4.5
8,Katin Houser,158386,QB,MICH STATE,1,57.1,21,22,7.4,2.42,1,0,0.0,54.5,12,0,12,0.0,24,0,4,223,69.0,37.4,32.9,65.4,0,1,26,0,16.7,47.7,8.3,2,0,0,0,0,4,15.4,101,4.6
8,Jalen Milroe,146590,QB,ALABAMA,1,77.8,18,21,12.4,3.45,1,1,4.5,66.7,14,0,11,0.0,26,0,11,103,29.5,69.5,67.0,64.5,0,1,27,0,27.3,113.2,11.5,3,2,0,2,2,1,3.7,220,10.5
8,Santino Marucci,144197,QB,WAKE,1,63.2,19,21,15.1,2.82,0,4,16.7,57.1,12,0,7,0.0,25,0,6,339,69.1,67.5,65.3,63.6,1,2,28,0,42.9,56.0,12.0,3,1,1,0,1,1,3.6,151,7.2
8,Luke Altmyer,146802,QB,ILLINOIS,1,73.7,19,21,7.4,3.22,2,0,0.0,61.9,13,0,13,7.1,31,1,11,187,71.3,69.1,69.0,62.0,0,0,34,0,23.1,105.3,9.7,3,7,0,0,2,0,0.0,100,4.8
8,Michael Pratt,123229,QB,TULANE,1,71.4,21,21,13.1,3.27,0,1,4.8,71.4,15,0,6,0.0,31,0,11,319,34.8,56.5,61.7,52.6,0,1,31,0,16.7,119.8,3.2,1,9,0,0,3,2,6.5,194,9.2
8,Chevan Cordeiro,75886,QB,S JOSE ST,1,78.9,19,20,6.7,3.4,1,1,4.5,75.0,15,0,8,0.0,28,0,11,285,29.7,70.2,71.3,59.6,0,0,30,0,50.0,129.0,14.3,4,4,0,0,3,1,3.3,119,6.0
8,Kaidon Salter,132046,QB,LIBERTY,1,68.4,19,20,14.8,3.0,0,3,13.0,60.0,12,0,7,7.7,23,1,9,206,74.8,81.4,60.8,84.3,0,1,26,0,0.0,93.8,0.0,0,3,0,1,2,1,3.8,140,7.0
8,Cameran Brown,184894,QB,W GEORGIA,1,66.7,18,19,8.0,2.99,0,0,0.0,57.9,11,0,5,8.3,25,1,6,1177,71.4,50.3,47.3,60.7,1,0,27,1,20.0,116.6,4.0,1,5,0,0,2,1,3.7,142,7.5
8,Alex Flinn,123797,QB,E CAROLINA,1,75.0,16,18,8.2,2.4,1,0,0.0,61.1,11,0,8,8.3,22,1,4,156,67.4,63.3,61.9,62.0,0,0,22,0,25.0,87.5,9.1,2,2,0,1,1,1,4.5,69,3.8
8,Jalon Jones,104762,QB,CHARLOTTE,1,68.8,16,18,8.1,2.81,0,1,5.3,61.1,11,0,5,0.0,20,0,6,136,77.2,67.6,55.5,68.7,0,1,21,1,0.0,63.2,0.0,0,2,0,2,0,1,4.8,144,8.0
8,Jaxson Dart,146409,QB,OLE MISS,1,66.7,15,17,13.2,3.43,1,3,15.8,58.8,10,0,13,0.0,23,0,8,226,72.2,85.3,80.8,72.1,0,1,26,1,23.1,95.7,13.0,3,3,0,1,1,0,0.0,202,11.9
8,Heinrich Haarberg,144993,QB,NEBRASKA,1,62.5,16,17,12.4,3.1,1,1,5.9,47.1,8,0,7,20.0,20,2,3,238,74.0,59.4,56.9,60.6,0,2,20,0,14.3,42.2,5.0,1,2,0,0,1,1,5.0,85,5.0
8,Kiael Kelly,145634,QB,BALL ST,1,92.9,14,16,3.4,3.26,0,0,0.0,81.3,13,0,4,0.0,19,0,6,117,73.6,71.1,64.7,67.7,0,0,20,0,50.0,93.0,10.5,2,1,0,2,0,0,0.0,101,6.3
8,Will Howard,122599,QB,KANSAS ST,1,62.5,16,16,6.3,2.89,0,0,0.0,62.5,10,0,5,0.0,16,0,8,199,32.1,60.6,49.5,74.8,0,0,17,0,0.0,133.9,0.0,0,0,0,0,3,0,0.0,154,9.6
8,Riley Leonard,143862,QB,DUKE,1,46.7,15,16,12.2,3.22,0,1,5.6,43.8,7,0,10,0.0,17,0,3,154,67.1,59.4,55.3,64.1,0,1,20,1,0.0,30.5,0.0,0,1,0,1,0,1,5.0,69,4.3
8,Jayden Daniels,97993,QB,LSU,1,73.3,15,16,10.3,3.32,0,3,18.8,68.8,11,0,6,0.0,17,0,10,211,68.9,73.9,72.4,64.1,0,0,17,1,0.0,151.0,0.0,0,1,0,1,3,1,5.9,279,17.4
8,Holman Edwards,144246,QB,SO MISS,1,53.3,15,15,11.5,3.26,0,0,0.0,33.3,5,0,9,37.5,19,3,2,296,16.1,35.2,36.9,49.6,0,1,22,0,33.3,14.6,15.8,3,1,0,0,0,1,4.5,41,2.7
8,Forrest Brock,173260,QB,TEMPLE,1,50.0,14,15,8.0,2.52,0,0,0.0,46.7,7,0,9,0.0,19,0,3,306,24.7,28.9,32.4,46.5,0,1,20,0,33.3,29.9,15.8,3,1,0,1,0,1,5.0,60,4.0
8,Jalen Mayden,83520,QB,S DIEGO ST,1,71.4,14,14,6.6,3.03,0,1,6.3,42.9,6,0,7,40.0,19,4,2,284,30.5,62.1,54.7,65.7,0,0,21,0,28.6,51.8,10.5,2,3,0,0,0,1,4.8,47,3.4
8,Quincy Patterson II,77626,QB,TEMPLE,1,76.9,13,14,6.8,2.62,0,0,0.0,42.9,6,0,8,40.0,17,4,4,306,70.2,67.0,64.8,63.7,0,0,18,0,25.0,51.8,11.8,2,1,0,1,0,1,5.6,47,3.4
8,Mason Garcia,123811,QB,E CAROLINA,1,61.5,13,14,5.2,2.59,0,0,0.0,28.6,4,0,6,50.0,14,4,0,156,70.0,53.9,52.3,59.6,0,0,15,0,0.0,39.6,0.0,0,0,0,1,0,0,0.0,19,1.4
8,Cardell Williams,156190,QB,TULSA,1,69.2,13,14,8.3,3.8,0,0,0.0,50.0,7,0,11,22.2,22,2,5,320,25.5,53.4,57.8,52.4,1,0,22,0,27.3,97.6,13.6,3,5,0,0,1,1,4.5,101,7.2
8,Tommy Ulatowski,163150,QB,KENT STATE,1,41.7,12,13,5.7,3.32,0,0,0.0,38.5,5,0,7,0.0,15,0,1,201,69.4,49.0,45.9,59.1,0,1,15,0,0.0,14.6,0.0,0,2,0,1,0,0,0.0,27,2.1
8,Michael Alaimo,129802,QB,KENT STATE,1,66.7,12,13,9.8,3.2,1,0,0.0,53.8,7,0,14,12.5,22,1,3,201,68.8,41.9,48.1,48.2,0,0,23,0,21.4,63.3,13.6,3,6,0,0,0,0,0.0,51,3.9
8,Payton Thorne,101629,QB,AUBURN,1,76.9,13,13,7.0,3.05,0,0,0.0,69.2,9,0,9,10.0,22,1,6,115,68.8,57.2,53.1,62.7,0,1,23,0,33.3,85.4,13.6,3,6,0,0,1,1,4.3,100,7.7
8,Jiya Wright,77688,QB,LA MONROE,1,53.8,13,13,10.5,2.44,0,1,7.7,53.8,7,0,3,0.0,14,0,5,209,24.5,48.7,64.5,37.3,0,1,14,0,33.3,66.5,7.1,1,0,0,0,1,1,7.1,81,6.2
8,Garrett Nussmeier,146757,QB,LSU,1,66.7,12,12,8.8,1.7,0,1,7.7,58.3,7,0,0,12.5,12,1,4,211,66.0,63.3,62.2,,0,0,13,0,,109.4,0.0,0,0,0,0,1,0,0.0,89,7.4
8,Mike Wright Jr.,124366,QB,MISS STATE,1,66.7,12,12,6.0,2.67,0,0,0.0,66.7,8,0,5,0.0,14,0,4,227,72.1,47.2,29.8,68.1,0,1,16,1,20.0,80.2,7.1,1,1,0,0,1,2,12.5,85,7.1
8,Gavin Wimsatt,155757,QB,RUTGERS,1,63.6,11,12,8.9,2.66,0,0,0.0,41.7,5,0,3,28.6,15,2,3,278,74.4,75.9,51.1,80.9,1,0,16,0,33.3,50.3,6.7,1,2,0,0,0,0,0.0,39,3.3
8,Connor Bazelak,99135,QB,BOWL GREEN,1,70.0,10,11,6.7,2.86,0,1,8.3,54.5,6,0,2,14.3,14,1,3,122,66.4,67.5,73.7,51.6,0,0,15,0,50.0,104.0,7.1,1,2,0,1,1,0,0.0,69,6.3
8,Trace Campbell,163649,QB,UAB,1,50.0,10,10,5.9,2.82,0,0,0.0,50.0,5,0,4,0.0,10,0,2,321,70.5,60.8,50.8,68.0,0,0,11,0,0.0,63.8,0.0,0,0,0,0,0,0,0.0,48,4.8
8,Avery Johnson,173108,QB,KANSAS ST,1,55.6,9,10,14.2,2.85,0,2,18.2,50.0,5,0,5,0.0,11,0,3,199,74.5,68.9,67.6,66.2,0,0,12,1,20.0,114.6,9.1,1,0,0,1,1,0,0.0,90,9.0
8,Harrison Barker,121479,QB,UAB,1,50.0,10,10,13.6,2.28,0,1,9.1,50.0,5,0,4,0.0,12,0,3,321,27.1,58.9,53.4,63.1,0,1,13,0,25.0,61.7,8.3,1,1,0,0,1,1,7.7,58,5.8
8,Champ Harris,170979,QB,ARMY,1,50.0,8,9,9.9,2.67,0,0,0.0,44.4,4,0,3,0.0,10,0,1,114,21.4,27.9,31.2,38.7,0,2,10,0,33.3,12.0,10.0,1,0,0,1,0,2,20.0,22,2.4
8,Landry Lyddy,156581,QB,UAB,1,62.5,8,8,7.3,2.4,0,0,0.0,62.5,5,0,2,0.0,9,0,3,321,65.1,26.9,27.1,,0,2,9,0,50.0,89.1,11.1,1,0,0,0,1,2,22.2,67,8.4
8,Braylon Braxton,144442,QB,TULSA,1,50.0,8,8,9.4,3.49,0,0,0.0,50.0,4,0,6,0.0,11,0,4,320,72.1,60.2,58.5,65.6,0,1,11,0,16.7,23.4,9.1,1,2,0,0,0,1,9.1,37,4.6
8,Aveon Smith,130529,QB,MIAMI OH,1,42.9,7,7,10.3,3.13,0,0,0.0,42.9,3,0,3,0.0,9,0,2,221,18.2,46.5,65.5,37.6,0,0,9,0,33.3,51.5,11.1,1,1,0,0,0,0,0.0,23,3.3
8,Sam Leavitt,175465,QB,MICH STATE,1,83.3,6,7,13.8,3.13,1,0,0.0,57.1,4,0,4,20.0,10,1,2,223,65.4,71.3,66.0,64.9,0,1,10,0,50.0,29.2,20.0,2,1,0,0,0,0,0.0,32,4.6
8,Larry Robinson,171012,QB,ARMY,1,50.0,4,6,12.3,2.47,2,0,0.0,33.3,2,0,1,0.0,6,0,1,114,67.0,40.6,28.8,67.7,0,1,6,0,0.0,4.2,0.0,0,0,0,0,0,1,16.7,20,3.3
8,Jack Tuttle,83580,QB,MICHIGAN,1,100.0,5,6,6.8,2.87,1,0,0.0,83.3,5,0,3,0.0,7,0,2,222,64.9,66.2,69.3,57.8,0,0,8,0,0.0,110.4,0.0,0,1,0,0,0,0,0.0,63,10.5
8,Henry Belin IV,162693,QB,DUKE,1,20.0,5,6,8.8,3.6,0,0,0.0,16.7,1,0,4,0.0,6,0,0,154,64.2,29.7,32.4,,1,0,6,1,0.0,39.6,0.0,0,0,0,0,0,1,16.7,7,1.2
8,Kevin Jennings,158272,QB,SMU,1,83.3,6,6,3.0,1.93,0,0,0.0,83.3,5,0,2,0.0,6,0,5,287,67.0,82.4,76.1,68.7,0,0,6,0,0.0,146.5,0.0,0,0,0,0,1,0,0.0,58,9.7
8,Braxton Woodson,175276,QB,NAVY,1,40.0,5,6,4.0,3.45,0,0,0.0,33.3,2,0,9,0.0,13,0,0,237,71.1,36.7,38.5,49.3,0,0,13,0,44.4,42.4,30.8,4,3,0,1,0,0,0.0,6,1.0
8,Zac Larrier,104193,QB,AIR FORCE,1,80.0,5,5,17.6,3.36,0,1,16.7,80.0,4,0,4,0.0,8,0,3,101,29.7,78.5,87.9,62.5,0,0,9,0,25.0,158.3,12.5,1,2,0,0,1,0,0.0,151,30.2
8,Dante Moore,173983,QB,UCLA,1,100.0,4,5,4.0,2.88,0,0,0.0,80.0,4,0,3,0.0,6,0,2,324,64.2,69.5,62.4,64.0,0,0,6,0,0.0,88.3,0.0,0,1,0,1,0,0,0.0,26,5.2
8,Billy Wiles,144144,QB,SO MISS,1,40.0,5,5,15.0,3.43,0,0,0.0,40.0,2,0,5,0.0,7,0,0,296,64.6,50.4,52.9,57.3,0,0,7,0,20.0,47.9,14.3,1,1,0,0,0,0,0.0,5,1.0
8,Robby Ashford,131702,QB,AUBURN,1,75.0,4,4,15.0,3.1,0,0,0.0,75.0,3,0,2,0.0,6,0,1,115,70.4,48.9,53.5,53.0,0,1,7,0,50.0,47.9,16.7,1,1,0,0,0,1,14.3,22,5.5
8,Gio Lopez,172309,QB,S ALABAMA,1,66.7,3,4,6.3,3.18,1,0,0.0,50.0,2,0,2,0.0,5,0,3,288,64.2,71.9,57.2,71.1,0,1,6,0,0.0,46.9,0.0,0,1,0,0,0,0,0.0,41,10.3
8,Camden Orth,108965,QB,BOWL GREEN,1,66.7,3,3,7.7,3.13,0,0,0.0,66.7,2,0,0,0.0,4,0,2,122,18.8,65.2,65.2,60.9,0,0,4,0,,116.7,0.0,0,1,0,0,1,0,0.0,14,4.7
8,William Atkins IV,148354,QB,JAMES MAD,1,50.0,2,2,3.5,2.73,0,0,0.0,50.0,1,0,1,0.0,3,0,1,197,62.7,63.5,63.2,,0,0,3,0,100.0,64.6,33.3,1,0,0,0,0,0,0.0,10,5.0
8,Jayden Denegal,158533,QB,MICHIGAN,1,100.0,2,2,0.0,2.05,0,0,0.0,100.0,2,0,0,0.0,2,0,0,222,61.8,63.0,62.7,,0,0,2,0,,81.3,0.0,0,0,0,0,0,0,0.0,7,3.5
8,Maalik Murphy,157302,QB,TEXAS,1,50.0,2,2,8.5,1.9,0,0,0.0,50.0,1,0,0,0.0,2,0,0,311,66.2,53.1,49.9,60.1,0,0,2,0,,58.3,0.0,0,0,0,0,0,0,0.0,7,3.5
8,Braden Smith,61460,WR,CINCINNATI,1,100.0,1,1,-6.0,2.8,0,0,0.0,0.0,0,0,0,100.0,1,1,0,138,16.1,61.2,60.4,,0,0,1,0,,39.6,0.0,0,0,0,0,0,0,0.0,0,0.0
8,Noah Smith,104112,WR,SM HOUSTON,1,0.0,1,1,-9.0,3.2,0,0,0.0,0.0,0,0,0,,1,0,0,281,70.0,76.9,57.7,76.9,0,0,1,0,,39.6,0.0,0,0,0,0,0,0,0.0,0,0.0
8,Chase Griffin,100579,QB,UCLA,1,100.0,1,1,11.0,3.3,0,0,0.0,100.0,1,0,1,0.0,2,0,1,324,61.8,48.7,48.2,,0,0,2,0,100.0,118.8,50.0,1,0,0,0,0,0,0.0,16,16.0
8,JC French IV,162521,QB,GA SOUTHRN,1,100.0,1,1,-1.0,2.5,0,0,0.0,100.0,1,0,0,0.0,1,0,0,174,65.9,61.7,60.4,60.2,0,0,1,0,,79.2,0.0,0,0,0,0,0,0,0.0,2,2.0
8,Kyre Duplessis,147082,WR,COAST CAR,1,0.0,1,1,38.0,3.2,0,0,0.0,0.0,0,0,0,,1,0,0,141,65.9,69.3,58.0,,0,0,1,0,,39.6,0.0,0,0,0,0,0,0,0.0,0,0.0
8,Mikele Colasurdo,123851,QB,GA STATE,1,100.0,1,1,-1.0,2.35,0,0,0.0,100.0,1,0,1,0.0,2,0,0,175,12.5,43.5,29.3,66.2,0,0,2,0,100.0,79.2,50.0,1,0,0,0,0,1,50.0,3,3.0
8,Jarrett Guest,97997,QB,COAST CAR,1,100.0,1,1,-3.0,3.53,0,0,0.0,100.0,1,0,1,0.0,3,0,1,141,66.4,54.5,61.0,60.1,0,0,3,1,0.0,91.7,0.0,0,2,0,0,0,0,0.0,6,6.0
8,Tory Horton,128232,WR,COLO STATE,1,0.0,1,1,23.0,3.0,0,0,0.0,0.0,0,0,1,,1,0,0,144,69.8,63.8,50.4,,0,1,1,0,0.0,0.0,0.0,0,0,0,0,0,0,0.0,0,0.0
8,Lincoln Victor,97215,WR,WASH STATE,1,,0,1,,3.9,0,0,0.0,0.0,0,0,0,,1,0,0,341,69.5,69.1,59.4,,0,0,1,0,,39.6,0.0,0,0,0,1,0,0,0.0,0,0.0
8,Devon Dampier,171556,QB,NEW MEXICO,1,0.0,1,1,9.0,3.1,0,0,0.0,0.0,0,0,0,,1,0,0,241,69.7,75.0,53.3,72.8,0,0,1,0,,39.6,0.0,0,0,0,0,0,0,0.0,0,0.0
8,Charlie Pollock,128242,P,OLE MISS,1,0.0,1,1,5.0,3.5,0,0,0.0,0.0,0,0,1,,1,0,0,226,60.3,24.5,31.4,,0,1,1,0,0.0,0.0,0.0,0,0,0,0,0,1,100.0,0,0.0
8,Logan Smothers,129713,QB,JVILLE ST,1,100.0,1,1,3.0,2.5,0,0,0.0,100.0,1,0,0,0.0,1,0,1,196,60.3,72.5,71.8,,0,0,1,0,,83.3,0.0,0,0,0,0,0,0,0.0,4,4.0
8,Thomas Leo,82634,P,LA LAFAYET,1,100.0,1,1,-3.0,1.7,0,0,0.0,100.0,1,0,0,0.0,1,0,1,207,60.3,60.6,60.6,,0,0,1,0,,118.8,0.0,0,0,0,0,0,0,0.0,18,18.0
8,Tyler Knoop,108982,QB,GEORGETOWN,1,66.7,51,55,7.6,2.82,1,4,6.7,56.4,31,0,22,8.8,66,3,23,172,71.0,77.8,75.5,72.1,0,3,71,1,18.2,59.6,6.1,4,6,0,3,1,1,1.4,359,6.5
8,Derek Robertson,142298,QB,MAINE,1,72.5,51,52,9.3,2.6,0,4,7.5,69.2,36,0,8,2.7,55,1,22,212,40.9,77.2,76.8,61.6,1,2,57,0,25.0,109.7,3.6,2,1,0,0,4,4,7.0,503,9.7
8,Kasim Hill,60444,QB,RHODE ISLD,1,61.7,47,50,9.3,2.14,0,0,0.0,56.0,28,1,10,3.4,51,1,13,274,71.1,51.1,52.0,59.2,1,2,56,1,10.0,53.8,2.0,1,0,1,1,0,1,1.8,261,5.2
8,Aidan Sayin,148974,QB,PENN,1,72.9,48,48,9.2,2.25,0,5,10.2,68.8,33,0,11,5.7,49,2,19,267,72.1,81.0,77.4,71.9,0,0,50,0,9.1,104.9,2.0,1,0,0,0,2,0,0.0,364,7.6
8,Drew VanVleet,177653,QB,DAYTON,1,71.1,45,48,6.7,2.43,2,0,0.0,62.5,30,0,13,6.3,51,2,11,150,69.8,72.4,72.6,57.3,0,0,52,0,15.4,69.8,3.9,2,1,0,1,0,0,0.0,180,3.8
8,Michael Hiers,88636,QB,SAMFORD,1,86.4,44,46,2.2,1.97,0,0,0.0,76.1,35,0,6,7.9,48,3,9,282,70.4,67.5,67.6,57.1,1,0,50,0,33.3,86.4,4.2,2,0,0,1,0,1,2.0,231,5.0
8,Luke Bailey,143172,QB,DRAKE,1,56.4,39,44,12.7,2.47,2,2,4.0,43.2,19,0,10,13.6,45,3,12,153,70.1,57.8,55.1,66.3,0,1,51,0,0.0,71.2,0.0,0,1,1,2,2,1,2.0,290,6.6
8,Tyler Vander Waal,60615,QB,NWSTATE,1,73.2,41,43,8.5,2.27,0,1,2.2,62.8,27,0,14,10.0,45,3,11,257,71.4,47.1,45.5,59.9,1,2,47,0,7.1,66.9,2.2,1,1,0,1,1,4,8.5,249,5.8
8,Justin Miller,103941,QB,SO UTAH,1,68.6,35,42,10.5,2.7,3,3,6.8,57.1,24,0,12,0.0,44,0,17,298,38.3,77.0,75.7,62.9,2,0,46,0,16.7,102.4,4.5,2,0,0,2,3,1,2.2,291,6.9
8,Kaiden Bennett,147778,QB,SACRAMENTO,1,72.5,40,42,7.0,2.25,0,1,2.2,61.9,26,0,6,10.3,46,3,15,279,70.8,51.4,50.1,59.6,0,2,50,0,16.7,65.0,2.2,1,2,0,2,1,3,6.0,234,5.6
8,Joe Green,101283,QB,COLUMBIA,1,73.7,38,41,7.7,2.66,0,1,2.4,61.0,25,0,17,10.7,46,3,13,145,69.8,63.7,61.9,64.4,0,1,46,0,17.6,67.0,6.5,3,2,0,3,0,2,4.3,239,5.8
8,Dante Chachere,103930,QB,PORTLAND,1,64.1,39,40,9.9,2.75,0,0,0.0,62.5,25,0,15,0.0,44,0,13,269,70.6,84.2,78.0,79.5,1,1,46,0,13.3,74.8,4.5,2,2,0,0,1,1,2.2,218,5.5
8,Preston Weeks,77658,QB,STF AUSTIN,1,74.4,39,40,8.3,2.33,1,3,7.3,60.0,24,0,7,17.2,43,5,10,301,70.1,56.4,55.5,64.9,0,2,44,1,42.9,76.9,7.0,3,0,0,0,2,3,6.8,278,7.0
8,Kobe Tracy,141317,QB,UTAHTC,1,69.2,39,40,11.6,2.63,0,5,11.6,65.0,26,0,6,3.7,43,1,18,1285,69.8,77.8,77.8,59.3,0,0,46,0,16.7,122.6,2.3,1,2,0,1,3,1,2.2,397,9.9
8,Max Brosmer,105568,QB,NEW HAMP,1,74.4,39,40,9.6,2.52,1,2,5.0,72.5,29,0,12,0.0,43,0,17,240,70.1,72.9,74.3,56.9,0,0,43,1,0.0,132.6,0.0,0,3,0,0,4,0,0.0,353,8.8
8,Parker McKinney,82109,QB,E KENTUCKY,1,71.4,35,39,7.3,2.35,1,1,2.3,61.5,24,0,7,4.0,40,1,13,159,70.2,54.6,54.0,58.5,0,3,45,0,14.3,52.6,2.5,1,0,0,3,1,3,6.7,213,5.5
8,Sam Huard,146463,QB,CAL POLY,1,84.2,38,39,8.8,2.8,0,1,2.4,79.5,31,0,8,3.1,41,1,19,129,70.1,90.3,90.7,57.2,0,2,43,0,12.5,98.2,2.4,1,1,0,1,2,1,2.3,335,8.6
8,Jameson Wang,148782,QB,CORNELL,1,74.4,39,39,9.1,2.71,0,2,5.1,69.2,27,0,8,6.9,39,2,16,147,71.1,86.5,85.8,69.1,0,1,39,1,0.0,101.4,0.0,0,0,0,0,2,1,2.6,330,8.5
8,Jake Willcox,148649,QB,BROWN,1,63.9,36,39,10.4,3.26,1,2,5.0,48.7,19,0,14,17.4,46,4,11,123,70.3,58.7,45.9,84.2,0,3,48,0,14.3,49.9,4.3,2,4,0,2,2,3,6.3,208,5.3
8,Marquez McCray,109056,QB,MONMOUTH,1,66.7,36,38,10.1,2.52,1,2,5.1,63.2,24,0,10,0.0,41,0,13,231,69.1,73.5,73.6,62.0,0,1,42,0,10.0,91.4,2.4,1,2,0,1,2,1,2.4,275,7.2
8,Chancellor Edwards,167000,QB,ARKAPB,1,55.9,34,38,9.0,2.25,2,0,0.0,50.0,19,0,16,0.0,45,0,7,112,23.6,43.8,42.4,58.9,1,0,48,0,25.0,74.3,8.9,4,3,0,1,1,3,6.3,199,5.2
8,Steven Krajewski,77650,QB,WAGNER,1,56.8,37,37,10.8,2.55,0,1,2.5,51.4,19,0,16,9.5,44,2,13,338,72.0,53.0,45.8,71.9,0,3,47,0,31.3,37.6,11.4,5,2,0,0,0,3,6.4,235,6.4
8,Zack Annexstad,83516,QB,ILL STATE,1,73.5,34,36,9.3,2.09,1,2,5.1,63.9,23,0,4,8.0,38,2,16,188,69.1,67.2,67.6,57.3,0,1,41,0,25.0,110.9,2.6,1,1,0,1,5,1,2.4,238,6.6
8,Charles DePrima,148879,QB,HARVARD,1,51.5,33,36,9.0,2.87,0,2,5.4,41.7,15,1,14,11.8,42,2,9,179,73.2,43.2,45.2,55.6,0,3,43,2,21.4,28.9,7.1,3,3,0,3,1,4,9.3,152,4.2
8,Blake Stenstrom,82106,QB,PRINCETON,1,68.8,32,36,9.6,2.69,3,1,2.7,58.3,21,0,14,4.5,37,1,13,272,70.3,67.9,70.9,53.7,1,0,39,0,0.0,97.5,0.0,0,1,0,0,2,0,0.0,244,6.8
8,Zevi Eckhaus,148535,QB,BRYANT,1,63.6,33,36,7.8,2.86,1,0,0.0,52.8,19,0,11,9.5,45,2,14,124,36.7,60.2,47.7,80.3,1,0,47,0,18.2,75.6,4.4,2,7,0,1,1,2,4.3,175,4.9
8,JaCobian Morgan,123050,QB,JACKSON ST,1,58.3,36,36,12.3,2.31,0,1,2.7,58.3,21,0,5,0.0,39,0,8,194,25.8,73.8,63.8,76.9,0,0,40,0,20.0,75.9,2.6,1,2,0,0,1,1,2.5,138,3.8
8,Tyler Wesley,162286,QB,PRESBYTERN,1,58.1,31,35,10.7,2.45,1,1,2.7,40.0,14,0,18,22.2,39,4,8,271,25.0,50.4,48.3,62.5,2,1,41,0,11.1,48.4,5.1,2,2,0,1,0,2,4.9,209,6.0
8,DJ Williams,138061,QB,MURRAY ST,1,69.7,33,34,9.0,3.39,0,3,8.6,61.8,21,0,22,8.7,45,2,11,236,36.1,76.3,74.6,65.5,0,2,46,0,22.7,86.3,11.1,5,6,0,1,3,4,8.7,227,6.7
8,Jeremy Moussa,75887,QB,FL A&M,1,60.6,33,33,9.5,2.04,0,2,6.1,51.5,17,0,5,15.0,37,3,8,164,70.2,45.7,39.3,75.8,0,1,37,1,20.0,75.3,2.7,1,1,0,0,2,4,10.8,180,5.5
8,Collin Ironside,139107,QB,VA MILT IN,1,65.6,32,33,10.0,3.12,0,1,3.0,57.6,19,0,11,9.5,41,2,7,336,69.5,59.2,62.3,49.9,1,0,41,0,45.5,83.1,12.2,5,3,0,0,1,0,0.0,182,5.5
8,Jordyn Potts,174577,QB,TENN TECH,1,46.7,30,32,11.7,3.37,0,2,5.9,40.6,13,0,15,7.1,36,1,6,309,71.4,63.1,64.5,57.5,0,1,39,0,0.0,40.5,0.0,0,4,0,2,0,0,0.0,135,4.2
8,Richie Munoz,173668,QB,WEBER ST,1,60.0,30,32,10.0,2.52,0,2,5.4,56.3,18,0,15,0.0,38,0,8,342,70.1,67.8,63.4,69.5,0,0,43,0,13.3,76.7,5.3,2,4,1,1,0,0,0.0,213,6.7
8,Hajj-Malik Williams,102348,QB,CAMPBELL,1,87.1,31,31,8.7,2.32,0,1,2.9,74.2,23,0,5,14.8,36,4,12,131,70.3,84.2,80.6,70.8,0,0,39,0,20.0,116.3,2.8,1,2,0,0,2,1,2.6,230,7.4
8,Ryan Roberts,150076,QB,MCNEESE,1,77.8,27,31,5.9,2.47,0,2,6.3,54.8,17,0,8,19.0,36,4,10,217,69.3,56.6,59.2,51.1,0,1,37,0,25.0,82.7,5.6,2,3,0,4,2,2,5.4,200,6.5
8,Carter Peevy,129563,QB,MERCER,1,80.0,30,31,7.6,2.37,0,0,0.0,77.4,24,0,4,0.0,35,0,12,219,72.5,68.8,64.2,68.1,0,0,39,0,50.0,110.1,5.7,2,2,1,0,1,0,0.0,244,7.9
8,Mike DiLiello,121801,QB,AUSTINPEAY,1,65.5,29,30,12.9,2.62,0,2,6.3,53.3,16,0,9,15.8,34,3,9,116,73.4,70.3,61.8,73.6,0,2,36,0,44.4,61.2,11.8,4,0,0,1,1,1,2.8,226,7.5
8,Aaron Allen,78494,QB,ALCORN ST,1,63.3,30,30,10.4,2.79,0,2,6.7,56.7,17,0,4,10.5,32,2,9,107,69.4,91.0,87.9,77.9,0,0,32,0,0.0,97.6,0.0,0,2,0,0,2,1,3.1,188,6.3
8,Luke Sprague,108964,QB,BETH COOK,1,69.0,29,30,7.7,2.28,0,0,0.0,60.0,18,0,11,10.0,36,2,6,119,33.2,44.0,49.4,42.6,0,1,39,0,27.3,70.8,8.3,3,2,0,1,1,2,5.1,155,5.2
8,Pierce Holley,108981,QB,E ILLINOIS,1,77.8,27,30,9.6,2.9,0,2,6.7,70.0,21,0,7,0.0,38,0,13,158,52.1,83.4,87.3,63.3,0,1,38,1,28.6,80.1,5.3,2,6,0,3,0,0,0.0,242,8.1
8,Jordan Pachot,164809,QB,MO STATE,1,75.9,29,29,10.1,3.06,0,2,6.7,65.5,19,0,13,13.6,32,3,13,230,22.5,72.2,78.5,43.0,0,1,33,0,15.4,123.1,6.3,2,1,0,0,4,2,6.1,287,9.9
8,Tommy Schuster,108954,QB,N DAKOTA,1,67.9,28,29,5.8,2.81,0,1,3.3,62.1,18,0,15,5.3,35,1,5,249,29.7,57.0,65.9,36.3,1,1,36,0,26.7,64.0,11.4,4,2,0,0,0,1,2.8,171,5.9
8,Matt Jenner,174488,QB,CENT CT ST,1,75.9,29,29,11.4,2.51,0,3,10.0,69.0,20,0,9,9.1,34,2,12,133,70.5,84.2,84.5,62.6,0,0,35,0,33.3,116.5,8.8,3,2,0,0,2,0,0.0,236,8.1
8,Brayten Silbor,159764,QB,LEHIGH,1,42.3,26,29,14.8,2.66,0,2,6.5,27.6,8,0,14,27.3,29,3,6,205,34.8,35.7,36.7,48.3,0,2,31,0,0.0,16.6,0.0,0,0,0,3,0,4,12.9,127,4.4
8,Zolten Osborne,178620,QB,CHARLES SO,1,65.2,23,29,11.0,3.42,1,2,6.5,41.4,12,0,15,20.0,31,3,9,135,29.4,83.4,86.8,53.4,1,1,33,0,6.7,49.1,3.2,1,1,0,4,0,2,6.1,187,6.4
8,Pauly Seeley V,178692,QB,WOFFORD,1,67.9,28,29,10.7,3.02,0,1,3.2,65.5,19,1,17,0.0,36,0,11,350,33.3,53.1,47.7,67.1,0,2,38,1,23.5,83.5,11.1,4,3,0,1,2,3,7.9,227,7.8
8,Zach Marker,173615,QB,DELAWARE,1,66.7,27,28,13.0,2.92,0,2,6.9,60.7,17,0,5,5.6,32,1,12,151,70.4,90.1,91.3,58.9,0,0,33,0,0.0,99.9,0.0,0,4,0,1,1,0,0.0,237,8.5
8,Davius Richard,109077,QB,NC CENT,1,75.0,24,28,9.3,2.85,1,1,3.4,50.0,14,0,16,22.2,34,4,6,247,40.2,64.9,66.1,58.8,1,0,35,0,12.5,73.5,5.9,2,2,0,2,1,1,2.9,120,4.3
8,Jace Wilson,149892,QB,TEXAS STHN,1,69.2,26,28,8.8,2.47,2,2,6.9,53.6,15,0,9,16.7,35,3,10,313,29.4,66.8,66.6,59.2,0,1,36,0,44.4,92.9,11.4,4,3,0,0,3,2,5.6,170,6.1
8,Kinkead Dent,99132,QB,TENN MARTN,1,60.0,25,28,5.8,2.42,2,0,0.0,42.9,12,0,13,20.0,29,3,7,310,71.1,71.1,64.0,72.4,1,0,29,0,0.0,67.0,0.0,0,1,0,0,1,1,3.4,116,4.1
8,Ashur Carraha,165036,QB,STHLSK,1,48.0,25,28,16.2,3.29,1,2,6.7,39.3,11,0,6,8.3,33,1,9,1470,70.1,66.6,64.8,62.8,0,1,35,0,16.7,54.5,3.0,1,4,0,2,1,1,2.9,152,5.4
8,Nathan Kent,148446,QB,TOWSON,1,71.4,28,28,5.7,2.57,0,0,0.0,67.9,19,0,7,5.0,34,1,11,317,71.4,74.2,78.1,58.4,0,0,37,0,14.3,110.4,2.9,1,5,0,0,2,0,0.0,188,6.7
8,Dominique Anthony,145350,QB,MORGAN ST,1,66.7,27,27,9.4,2.24,0,3,10.3,59.3,16,0,10,11.1,31,2,8,235,29.1,56.2,52.5,65.9,0,1,33,0,10.0,75.1,3.2,1,2,0,0,1,2,6.1,173,6.4
8,Casey Case,130402,QB,STNY BROOK,1,72.0,25,27,8.1,2.06,1,3,9.7,63.0,17,0,8,5.6,30,1,7,303,68.5,64.0,64.8,57.3,0,0,34,0,25.0,106.3,6.7,2,1,0,1,1,1,2.9,255,9.4
8,Reese Poffenbarger,145346,QB,ALBANY,1,78.3,23,27,13.7,2.34,1,1,3.7,55.6,15,0,6,16.7,29,3,14,106,69.2,89.8,88.7,65.1,0,1,29,0,0.0,122.5,0.0,0,1,0,3,4,1,3.4,324,12.0
8,Kekoa Visperas,147588,QB,E WASHGTON,1,84.0,25,27,4.2,2.77,0,2,7.4,74.1,20,0,7,4.8,30,1,13,161,70.3,78.2,76.8,65.9,0,0,31,0,14.3,111.3,3.3,1,2,0,2,1,1,3.2,228,8.4
8,Cole Doyle,159501,QB,ST FRANCIS,1,68.0,25,27,8.2,2.79,2,2,6.9,55.6,15,0,9,11.8,32,2,16,299,71.6,92.5,90.4,80.8,0,1,34,0,11.1,76.8,3.1,1,4,0,0,1,0,0.0,204,7.6
8,Ty'Jarian Williams,178887,QB,MS VLY ST,1,74.1,27,27,5.6,2.87,0,1,3.6,59.3,16,0,19,20.0,39,4,4,228,70.3,43.6,41.8,57.5,0,3,40,0,42.1,35.2,20.5,8,4,0,0,0,3,7.5,151,5.6
8,Tyler Beverett,142985,QB,BUCKNELL,1,42.3,26,26,14.9,2.62,0,1,3.8,34.6,9,0,12,18.2,33,2,6,125,29.1,45.0,44.9,56.3,0,0,33,0,25.0,43.9,9.1,3,4,0,0,0,2,6.1,81,3.1
8,Carter Cravens,150714,QB,MOREHEAD,1,52.4,21,26,9.2,2.97,0,0,0.0,34.6,9,0,14,18.2,31,2,7,234,68.5,52.0,53.4,54.1,2,0,34,2,7.1,48.9,3.2,1,4,0,3,0,0,0.0,112,4.3
8,Otto Kuhns,138014,QB,NORFOLK,1,60.0,25,26,12.7,2.68,0,1,3.7,57.7,15,0,11,0.0,31,0,10,244,70.8,65.2,56.1,73.0,0,1,32,0,18.2,81.1,6.5,2,3,0,1,1,1,3.1,213,8.2
8,Quinton Williams,102366,QB,HOWARD,1,69.6,23,26,10.8,2.73,2,0,0.0,61.5,16,0,9,0.0,28,0,11,184,70.1,84.2,80.8,70.1,0,1,28,0,0.0,105.6,0.0,0,2,0,1,2,0,0.0,266,10.2
8,Pat McQuaide,145792,QB,NICHOLLS,1,61.5,26,26,8.7,2.16,0,0,0.0,61.5,16,0,4,0.0,27,0,10,243,69.2,49.4,49.5,55.9,0,1,29,0,25.0,88.6,3.7,1,0,0,0,1,1,3.4,240,9.2
8,Nic Baker,87541,QB,S ILLINOIS,1,80.8,26,26,6.5,3.04,0,2,6.9,80.8,21,0,14,0.0,39,0,13,295,22.3,55.0,64.8,47.9,0,1,42,1,28.6,98.9,10.3,4,9,0,0,1,3,7.1,221,8.5
8,Mitch Davidson,138334,QB,YNGTOWN ST,1,75.0,24,26,11.3,2.59,1,2,7.1,61.5,16,0,6,11.1,29,2,9,353,68.8,71.6,75.7,50.4,1,0,31,0,16.7,125.5,3.4,1,2,0,0,4,0,0.0,203,7.8
8,Aaron Angelos,100576,QB,DELWARE ST,1,72.7,22,25,8.2,2.49,1,0,0.0,64.0,16,0,10,0.0,30,0,7,152,70.7,54.6,60.3,49.1,0,0,30,0,30.0,91.4,10.0,3,2,0,2,1,0,0.0,136,5.4
8,William Riddle,161252,QB,E TENN ST,1,40.9,22,25,6.8,2.4,0,0,0.0,32.0,8,0,9,11.1,29,1,3,157,27.7,31.8,30.7,60.0,3,1,30,0,44.4,24.6,13.8,4,0,0,0,0,3,10.0,46,1.8
8,Brady Meitz,149729,QB,STETSON,1,60.9,23,25,8.0,2.24,1,0,0.0,56.0,14,0,11,0.0,28,0,8,302,68.0,57.9,58.7,57.0,0,0,28,0,18.2,67.9,7.1,2,1,0,1,0,0,0.0,115,4.6
8,Chase Artopoeus,100577,QB,CHATTNOOGA,1,75.0,24,24,11.2,2.44,0,2,7.4,70.8,17,0,1,5.6,27,1,13,137,68.8,77.2,78.9,56.7,0,1,30,0,100.0,114.8,3.7,1,2,0,0,2,0,0.0,249,10.4
8,Victor Gabalis,131932,QB,TARLETON,1,68.2,22,24,15.0,3.2,0,1,4.2,54.2,13,0,7,13.3,29,2,10,401,68.1,62.0,68.3,46.3,0,0,29,0,14.3,111.5,3.4,1,4,0,2,2,2,6.9,210,8.8
8,Darius Perrantes,103934,QB,DUQUESNE,1,58.3,24,24,15.6,2.4,0,5,20.8,54.2,13,0,6,7.1,25,1,8,155,68.3,85.0,84.5,60.0,0,1,25,0,16.7,108.7,4.0,1,0,0,0,3,1,4.0,226,9.4
8,Maverick McIvor,99476,QB,ABILENE CH,1,60.9,23,24,9.4,2.25,1,0,0.0,54.2,13,0,7,7.1,26,1,9,100,70.5,53.1,51.5,63.9,0,0,26,2,0.0,98.8,0.0,0,2,0,0,2,0,0.0,137,5.7
8,Jordan Cooke,175116,QB,IDAHO ST,1,73.9,23,24,8.2,2.74,0,3,12.5,66.7,16,0,9,5.9,28,1,14,186,69.1,82.3,84.7,60.2,0,0,28,0,22.2,116.5,7.1,2,2,0,1,1,1,3.6,259,10.8
8,Nolan Grooms,108987,QB,YALE,1,63.6,22,24,11.1,3.38,0,0,0.0,58.3,14,0,12,0.0,33,0,11,352,70.6,54.7,46.6,68.6,0,1,37,0,33.3,82.5,12.1,4,5,0,2,2,1,2.7,123,5.1
8,Bret Bushka,108927,QB,BUTLER,1,81.8,22,23,5.4,2.48,0,1,4.3,78.3,18,0,6,0.0,28,0,11,127,69.7,67.8,77.2,49.1,0,1,28,0,16.7,112.0,3.6,1,4,0,1,2,1,3.6,190,8.3
8,Theo Day,83515,QB,N IOWA,1,81.0,21,23,12.6,3.21,0,2,8.7,56.5,13,0,15,23.5,27,4,11,255,69.1,92.0,93.5,50.8,1,0,27,1,13.3,121.5,7.4,2,2,0,1,2,0,0.0,239,10.4
8,Corey Fields Jr.,78539,QB,SCAR STATE,1,80.0,20,21,10.1,2.42,0,2,9.5,66.7,14,0,1,12.5,22,2,9,290,67.4,79.2,81.6,56.3,0,1,22,0,0.0,70.5,0.0,0,1,1,0,0,1,4.5,165,7.9
8,Jacob Sirmon,83590,QB,N COLORADO,1,52.6,19,21,13.5,2.43,0,0,0.0,47.6,10,0,13,0.0,24,0,9,253,68.8,68.5,70.8,56.2,0,1,24,1,7.7,84.2,4.2,1,2,0,2,2,0,0.0,154,7.3
8,Matthew Downing,82120,QB,ELON,1,66.7,21,21,13.0,2.97,0,2,9.1,66.7,14,0,14,0.0,29,0,10,162,28.8,73.8,73.2,62.2,0,0,30,0,35.7,149.3,17.2,5,3,0,0,3,1,3.3,282,13.4
8,Camden Coleman,170901,QB,RICHMOND,1,73.7,19,21,4.1,2.0,1,0,0.0,66.7,14,0,4,0.0,23,0,6,276,67.6,54.3,50.9,64.2,0,1,24,0,25.0,54.5,4.3,1,1,0,1,0,1,4.2,84,4.0
8,Darius Wilson,148492,QB,WM & MARY,1,65.0,20,21,9.3,3.3,0,1,4.5,61.9,13,0,14,0.0,28,0,12,348,29.4,63.8,59.4,66.8,0,0,30,0,21.4,112.0,10.7,3,4,0,1,2,1,3.3,134,6.4
8,Matthew Sluka,143059,QB,HOLY CROSS,1,55.0,20,21,11.2,3.54,0,2,9.5,33.3,7,0,15,36.4,32,4,11,181,46.8,93.9,75.5,94.1,1,0,32,1,13.3,62.6,6.3,2,9,0,0,1,0,0.0,85,4.0
8,Josh Magana,174601,QB,TXAMCO,1,90.0,20,21,3.1,2.32,0,3,13.6,85.7,18,0,8,0.0,22,0,6,1139,69.3,92.3,92.9,60.5,0,0,23,0,12.5,109.7,4.5,1,0,0,1,1,1,4.3,137,6.5
8,Mark Gronowski,138303,QB,S DAK ST,1,76.2,21,21,7.7,2.5,0,1,4.8,71.4,15,0,5,6.3,24,1,8,292,69.9,78.5,74.8,69.2,0,1,24,0,40.0,89.6,8.3,2,1,0,0,1,0,0.0,161,7.7
8,Dom Nankil,182292,QB,SAN DIEGO,1,85.7,14,20,8.6,3.36,1,1,5.0,55.0,11,0,9,8.3,23,1,7,283,68.1,68.8,68.3,62.1,0,0,23,0,22.2,86.5,8.7,2,1,0,5,0,0,0.0,185,9.3
8,Amari Powell,165320,QB,STTHOM,1,50.0,20,20,15.4,2.58,0,1,5.0,40.0,8,0,4,20.0,20,2,6,1129,68.5,75.9,73.0,67.3,0,1,20,0,0.0,65.8,0.0,0,0,0,0,2,0,0.0,86,4.3
8,JR Blood,104782,QB,SOUTHERN U,1,66.7,18,19,12.2,2.89,0,1,5.3,47.4,9,0,10,25.0,28,3,8,297,69.1,75.9,69.8,71.4,1,1,28,1,40.0,70.7,14.3,4,4,0,0,1,1,3.6,153,8.1
8,Noah Walters,164315,QB,N ALABAMA,1,84.2,19,19,5.2,2.28,0,0,0.0,68.4,13,0,3,18.8,22,3,7,389,34.3,82.5,68.5,80.6,0,0,24,0,33.3,102.5,4.5,1,2,0,0,1,0,0.0,118,6.2
8,Cade Pribula,105550,QB,SACR HEART,1,46.7,15,18,9.7,3.6,0,0,0.0,38.9,7,0,11,0.0,25,0,3,280,29.1,47.9,42.9,59.0,0,0,25,0,27.3,47.0,12.0,3,4,0,3,0,0,0.0,37,2.1
8,Jaylen King,170801,QB,GARD-WEBB,1,88.9,18,18,6.6,2.6,0,0,0.0,77.8,14,0,8,12.5,21,2,8,171,17.3,61.4,58.6,61.5,0,1,24,0,25.0,104.9,9.5,2,1,0,0,1,3,12.5,185,10.3
8,Zachary Clement,105561,QB,SE LA,1,82.4,17,18,5.7,2.23,0,0,0.0,66.7,12,0,4,14.3,19,2,6,294,70.8,60.4,53.4,66.7,0,1,20,0,25.0,78.0,5.3,1,0,0,1,0,0,0.0,188,10.4
8,Richard Torres,156456,QB,INCAR WORD,1,72.2,18,18,12.3,2.43,0,1,5.6,61.1,11,0,3,15.4,18,2,8,189,67.6,84.1,82.2,62.9,0,0,18,0,0.0,129.9,0.0,0,0,0,0,3,0,0.0,161,8.9
8,Dean DeNobile,159740,QB,LAFAYETTE,1,87.5,16,17,10.6,2.54,0,4,22.2,70.6,12,0,6,14.3,21,2,8,203,69.8,90.4,92.6,53.0,0,0,22,0,33.3,152.2,9.5,2,2,0,1,2,0,0.0,262,15.4
8,Aidan Bouman,122508,QB,S DAKOTA,1,86.7,15,17,8.7,2.47,0,3,15.8,64.7,11,0,5,15.4,18,2,7,291,69.7,82.7,89.0,57.2,1,0,20,1,20.0,100.1,5.6,1,0,0,1,0,0,0.0,180,10.6
8,Brock Bagozzi,149648,QB,MARIST,1,56.3,16,16,12.9,3.06,0,0,0.0,37.5,6,0,9,33.3,23,3,3,213,27.3,39.3,28.0,73.6,0,0,25,0,33.3,45.8,13.0,3,4,0,0,0,2,8.0,30,1.9
8,Coulter Cleland,165212,QB,DAVIDSON,1,68.8,16,16,12.5,2.48,0,1,5.6,68.8,11,0,5,0.0,20,0,10,149,29.7,69.2,68.3,62.4,0,0,23,0,40.0,118.8,10.0,2,2,0,0,1,1,4.3,148,9.3
8,Nick Semptimphelter,142984,QB,BUCKNELL,1,66.7,15,15,5.8,3.13,0,0,0.0,60.0,9,0,9,10.0,19,1,10,125,68.5,68.9,62.8,69.5,0,0,20,0,22.2,99.6,10.5,2,2,0,0,1,0,0.0,91,6.1
8,Chris Howell,171592,QB,LIUSHAR,1,40.0,15,15,8.9,2.62,0,0,0.0,26.7,4,0,5,33.3,16,2,2,1298,68.2,28.4,27.6,55.2,0,1,17,0,0.0,14.0,0.0,0,1,0,0,0,4,23.5,53,3.5
8,Cade Chambers,148066,QB,INDIANA ST,1,76.9,13,15,6.5,3.25,1,0,0.0,66.7,10,0,10,0.0,17,0,6,191,68.9,64.3,66.6,56.0,0,0,17,0,20.0,87.6,11.8,2,0,0,1,0,0,0.0,108,7.2
8,Jared Lewis,108959,QB,HAMPTON,1,30.8,13,15,10.4,2.99,0,0,0.0,26.7,4,0,7,0.0,16,0,2,178,66.5,30.2,29.8,57.3,1,0,16,0,0.0,40.1,0.0,0,1,0,1,0,0,0.0,47,3.1
8,Tylik Bethea,108957,QB,BETH COOK,1,64.3,14,15,5.4,2.32,0,2,11.8,60.0,9,0,5,0.0,19,0,4,119,67.2,64.8,70.6,51.1,1,0,21,0,20.0,96.0,5.3,1,3,0,0,1,0,0.0,78,5.2
8,Matt O'Connor,108972,QB,STETSON,1,71.4,14,15,9.6,2.36,1,2,11.8,60.0,9,0,3,10.0,16,1,5,302,66.8,74.0,76.1,57.3,0,0,18,0,0.0,88.8,0.0,0,1,0,0,0,0,0.0,132,8.8
8,Kevin White,178287,QB,NC A&T,1,76.9,13,15,4.2,3.56,0,0,0.0,53.3,8,0,9,20.0,22,2,3,246,69.8,64.9,63.4,62.0,0,2,22,0,22.2,19.4,9.1,2,5,0,2,0,1,4.5,37,2.5
8,Patrick Heitert,126526,QB,SE MO ST,1,92.3,13,14,6.9,2.95,0,1,6.7,85.7,12,0,5,0.0,21,0,8,293,71.3,67.7,85.6,52.1,0,0,22,1,20.0,142.6,4.8,1,6,0,1,1,0,0.0,179,12.8
8,Lake Bennett,174586,QB,TXAMCO,1,46.2,13,14,10.4,2.85,0,1,7.1,42.9,6,0,8,0.0,17,0,5,1139,69.5,58.1,50.8,68.3,0,3,17,0,25.0,28.3,11.8,2,1,0,1,0,3,17.6,101,7.2
8,Tommy Mellott,147646,QB,MONTANA ST,1,69.2,13,14,6.4,3.02,0,0,0.0,64.3,9,0,5,0.0,18,0,7,233,74.0,72.2,58.5,72.6,0,0,19,0,0.0,85.1,0.0,0,4,0,1,0,0,0.0,99,7.1
8,Ryan Stubblefield,123838,QB,INCAR WORD,1,61.5,13,14,7.0,2.08,1,1,6.7,57.1,8,0,5,0.0,15,0,1,189,24.1,42.8,55.3,36.5,0,0,16,0,20.0,65.2,6.7,1,0,0,0,0,1,6.3,52,3.7
8,Dylan Cadwallader,108978,QB,DARTMOUTH,1,87.5,8,13,5.9,3.29,0,0,0.0,46.2,6,0,6,14.3,14,1,4,148,68.0,66.2,67.2,58.9,1,0,14,1,0.0,55.6,0.0,0,1,0,4,0,0,0.0,47,3.6
8,Matt Morrissey,148177,QB,W ILLINOIS,1,75.0,12,13,5.5,2.73,0,1,7.7,61.5,8,0,12,11.1,21,1,2,345,26.6,46.9,44.3,58.2,0,1,21,0,66.7,69.7,38.1,8,0,0,1,1,1,4.8,71,5.5
8,Cam Miller,125299,QB,N DAK ST,1,75.0,12,12,9.9,3.46,0,1,8.3,66.7,8,0,2,11.1,14,1,6,250,67.3,75.7,68.8,70.9,0,0,15,0,0.0,93.4,0.0,0,2,0,0,0,0,0.0,103,8.6
8,Jeffrey Jackson,143208,QB,VALPO,1,55.6,9,12,9.4,2.97,1,0,0.0,33.3,4,0,5,20.0,14,1,2,332,67.3,51.0,55.2,51.8,0,0,15,0,20.0,43.1,7.1,1,1,0,2,0,0,0.0,38,3.2
8,Zach Osborne,160474,QB,COLGATE,1,66.7,12,12,8.9,1.87,0,0,0.0,66.7,8,0,5,0.0,12,0,6,142,66.8,50.7,47.0,63.3,0,0,12,0,0.0,118.4,0.0,0,0,0,0,1,0,0.0,95,7.9
8,Elijah Owens,171426,QB,INDIANA ST,1,45.5,11,12,11.4,3.87,0,0,0.0,41.7,5,0,8,0.0,15,0,2,191,66.4,53.1,47.1,64.6,0,0,15,0,0.0,52.1,0.0,0,3,0,1,0,0,0.0,44,3.7
8,Jake Stearney,171991,QB,COLGATE,1,75.0,12,12,6.9,2.29,0,0,0.0,66.7,8,0,3,11.1,13,1,3,142,68.6,63.1,62.9,60.0,0,0,14,0,33.3,77.1,7.7,1,0,0,0,0,0,0.0,56,4.7
8,Malakai Anthony,142524,QB,MERRIMACK,1,54.5,11,11,12.9,2.28,0,2,14.3,45.5,5,0,4,16.7,11,1,4,385,69.4,79.8,77.0,67.2,0,0,14,0,0.0,131.6,0.0,0,0,0,0,3,0,0.0,185,16.8
8,Rowan Keefe,165386,QB,VALPO,1,80.0,10,11,15.3,2.28,0,1,8.3,72.7,8,0,6,0.0,13,0,7,332,66.2,79.0,82.8,,1,0,14,1,16.7,154.4,7.7,1,0,0,0,3,0,0.0,184,16.7
8,Kyle Wickersham,148418,QB,RICHMOND,1,80.0,10,10,4.0,1.6,0,0,0.0,80.0,8,0,3,0.0,11,0,3,276,73.7,72.2,71.2,64.7,0,0,12,0,33.3,118.3,9.1,1,0,0,0,1,0,0.0,44,4.4
8,Paxton DeLaurent,159618,QB,SE MO ST,1,77.8,9,10,16.3,2.78,1,2,18.2,70.0,7,0,5,0.0,13,0,4,293,66.2,87.3,90.1,57.3,0,0,14,0,40.0,145.8,15.4,2,1,0,0,1,0,0.0,184,18.4
8,Eli Sawyer,141870,QB,SE LA,1,70.0,10,10,17.2,2.6,0,0,0.0,60.0,6,0,4,14.3,11,1,5,294,65.6,87.0,86.5,,0,0,11,0,25.0,104.2,9.1,1,0,0,0,0,0,0.0,128,12.8
8,Hunter Hays,141593,QB,IDAHO ST,1,83.3,6,8,7.5,2.58,1,0,0.0,62.5,5,0,5,0.0,9,0,3,186,73.0,90.1,76.8,78.3,0,0,9,0,0.0,74.0,0.0,0,1,0,1,0,0,0.0,38,4.8
8,Draylen Ellis,121346,QB,TENN STATE,1,66.7,6,7,9.7,2.39,0,0,0.0,42.9,3,0,4,25.0,11,1,2,308,69.9,63.5,61.2,61.9,0,0,11,0,0.0,53.3,0.0,0,2,0,1,0,0,0.0,26,3.7
8,Quayde Hawkins,147245,QB,ABILENE CH,1,28.6,7,7,8.0,2.29,0,0,0.0,14.3,1,0,2,50.0,7,1,0,100,67.2,49.2,44.2,62.9,0,0,8,0,0.0,39.6,0.0,0,0,0,0,0,0,0.0,5,0.7
8,Deveon Bryant,89422,QB,TENN STATE,1,83.3,6,7,6.3,2.86,1,0,0.0,71.4,5,0,2,0.0,7,0,3,308,69.7,66.1,63.6,67.0,0,0,7,1,0.0,93.8,0.0,0,0,0,0,0,0,0.0,54,7.7
8,Nick Minicucci,173617,QB,DELAWARE,1,80.0,5,6,9.2,2.93,0,2,28.6,66.7,4,0,3,0.0,7,0,2,151,66.2,85.5,87.5,59.7,1,0,8,0,33.3,132.6,14.3,1,0,0,0,1,0,0.0,51,8.5
8,Luke Schomburg,159795,QB,CHATTNOOGA,1,75.0,4,5,6.5,2.4,0,0,0.0,40.0,2,0,2,33.3,5,1,1,137,63.8,68.5,67.9,,0,0,5,0,0.0,47.9,0.0,0,0,0,1,0,0,0.0,10,2.0
8,Malcolm Mays,165409,QB,HAMPTON,1,60.0,5,5,17.4,2.07,0,1,20.0,20.0,1,0,2,66.7,6,2,1,178,65.7,73.5,69.4,63.7,0,0,6,0,50.0,48.8,16.7,1,0,0,0,0,0,0.0,26,5.2
8,Connor Genal,98366,QB,MOREHEAD,1,66.7,3,4,6.0,2.3,0,0,0.0,50.0,2,0,2,0.0,5,0,0,234,65.7,58.4,58.7,59.6,1,0,6,0,50.0,56.3,20.0,1,0,0,0,0,0,0.0,10,2.5
8,Daniel Greek,126950,QB,TARLETON,1,50.0,4,4,11.3,3.02,0,0,0.0,50.0,2,0,1,0.0,5,0,0,401,63.8,48.8,48.6,57.8,0,0,5,0,0.0,56.3,0.0,0,1,0,0,0,0,0.0,8,2.0
8,J.T. Fayard,172783,QB,NWSTATE,1,100.0,4,4,10.3,3.15,0,1,25.0,100.0,4,0,3,0.0,8,0,1,257,66.2,81.9,92.6,50.3,0,0,8,0,66.7,118.8,25.0,2,2,0,0,0,0,0.0,50,12.5
8,Daron Bryden,148436,QB,STNY BROOK,1,100.0,4,4,7.0,1.95,0,0,0.0,100.0,4,0,0,0.0,4,0,2,303,63.3,88.9,88.4,,0,0,4,0,,118.8,0.0,0,0,0,0,0,0,0.0,50,12.5
8,Grant Sergent,108937,QB,SAN DIEGO,1,100.0,4,4,-1.3,2.1,0,0,0.0,100.0,4,0,1,0.0,5,0,0,283,63.8,62.6,62.3,,0,0,5,0,100.0,79.2,20.0,1,0,0,0,0,0,0.0,3,0.8
8,Thomas Landry,160089,QB,TXAMCO,1,25.0,4,4,9.5,2.7,0,1,25.0,0.0,0,0,3,100.0,4,1,0,1139,63.3,66.3,65.9,,0,0,4,0,0.0,39.6,0.0,0,0,0,0,0,0,0.0,0,0.0
8,Cole Payton,148154,QB,N DAK ST,1,100.0,3,3,14.3,3.9,0,2,66.7,100.0,3,0,2,0.0,5,0,3,250,63.8,90.3,92.8,56.7,0,0,5,0,50.0,158.3,20.0,1,1,0,0,1,0,0.0,97,32.3
8,Jaydyn Sisk,178882,QB,MS VLY ST,1,100.0,3,3,2.7,2.43,0,0,0.0,100.0,3,0,1,0.0,3,0,0,228,64.8,60.1,63.9,57.9,0,0,3,0,0.0,79.2,0.0,0,0,0,0,0,0,0.0,8,2.7
8,Frankie Savino,147992,QB,MONMOUTH,1,50.0,2,2,17.5,2.1,0,0,0.0,50.0,1,0,1,0.0,2,0,1,231,61.8,46.1,46.4,,0,0,2,0,0.0,72.9,0.0,0,0,0,0,0,0,0.0,14,7.0
8,Carson Baker,83548,QB,MORGAN ST,1,0.0,1,2,36.0,1.95,0,0,0.0,0.0,0,0,1,,2,0,0,235,61.8,57.0,56.9,,0,0,2,0,0.0,39.6,0.0,0,0,0,1,0,0,0.0,0,0.0
8,Maddux Richey,149222,QB,TENN TECH,1,50.0,2,2,9.0,2.1,0,0,0.0,50.0,1,0,0,0.0,2,0,0,309,61.8,52.3,52.2,,0,0,2,0,,56.3,0.0,0,0,0,0,0,0,0.0,-2,-1.0
8,Sean Chambers,75888,QB,MONTANA ST,1,50.0,2,2,20.5,4.6,0,1,50.0,50.0,1,0,2,0.0,4,0,1,233,71.7,76.6,46.4,76.2,0,1,4,0,0.0,87.5,0.0,0,2,0,0,1,1,25.0,21,10.5
8,Nick Whitfield Jr.,159490,QB,ST FRANCIS,1,0.0,1,2,33.0,2.67,0,0,0.0,0.0,0,0,1,,3,0,0,299,62.7,54.8,54.8,,0,0,3,0,100.0,39.6,33.3,1,0,1,0,0,0,0.0,0,0.0
8,Chase Goodwin,171117,QB,COLUMBIA,1,100.0,2,2,3.0,2.2,0,0,0.0,100.0,2,0,0,0.0,2,0,1,145,66.2,68.2,62.6,63.9,0,0,2,0,,97.9,0.0,0,0,0,0,0,0,0.0,15,7.5
8,Trey Feeney,148125,QB,N DAKOTA,1,100.0,2,2,0.5,1.2,0,0,0.0,100.0,2,0,0,0.0,2,0,0,249,61.8,62.9,62.7,60.0,0,0,2,0,,83.3,0.0,0,0,0,0,0,0,0.0,8,4.0
8,Ethan Roberts,138136,QB,TENN TECH,1,50.0,2,2,7.5,2.3,0,0,0.0,50.0,1,0,1,0.0,2,0,1,309,62.7,58.6,58.5,,0,0,3,0,0.0,70.8,0.0,0,0,0,0,0,0,0.0,13,6.5
8,Nick Howard,108979,QB,DARTMOUTH,1,50.0,2,2,2.5,3.53,0,0,0.0,50.0,1,0,1,0.0,3,0,0,148,74.1,50.9,29.6,65.2,0,0,4,1,0.0,56.3,0.0,0,1,0,0,0,1,25.0,4,2.0
8,Gino English,99576,QB,GARD-WEBB,1,100.0,1,1,8.0,2.45,0,0,0.0,100.0,1,0,2,0.0,2,0,1,171,61.8,51.9,51.7,,0,0,2,0,50.0,87.5,50.0,1,0,0,0,0,0,0.0,5,5.0
8,Trey Goodman,149142,WR,AUSTINPEAY,1,100.0,1,1,47.0,8.2,0,1,100.0,100.0,1,0,1,0.0,1,0,1,116,65.3,73.5,87.3,,0,0,1,0,0.0,158.3,0.0,0,0,0,0,1,0,0.0,46,46.0
8,AJ Barber,155366,WR,PRINCETON,1,0.0,1,1,24.0,3.1,0,0,0.0,0.0,0,0,0,,1,0,0,272,69.6,60.3,37.5,,0,1,1,0,,0.0,0.0,0,0,0,0,0,1,100.0,0,0.0
8,Ty'son Edwards,148715,HB,COLUMBIA,1,0.0,1,1,8.0,3.4,0,0,0.0,0.0,0,0,0,,1,0,0,145,67.5,48.5,41.0,57.9,0,1,1,0,,0.0,0.0,0,0,0,0,0,1,100.0,0,0.0
8,Hut Graham,157335,QB,ABILENE CH,1,0.0,1,1,13.0,3.0,0,0,0.0,0.0,0,0,0,,1,0,0,100,62.4,46.0,26.8,,0,1,1,0,,0.0,0.0,0,0,0,0,0,1,100.0,0,0.0
8,Barry Kleinpeter,159173,QB,NEW HAMP,1,100.0,1,1,6.0,3.0,0,0,0.0,100.0,1,0,1,0.0,3,0,1,240,64.8,70.0,77.1,57.0,0,0,3,0,100.0,112.5,33.3,1,1,0,0,0,0,0.0,11,11.0
8,Maurice Smith,159447,HB,LIUSHAR,1,0.0,1,1,16.0,2.2,0,0,0.0,0.0,0,0,0,,1,0,0,1298,63.7,54.2,56.6,58.7,0,0,1,0,,39.6,0.0,0,0,0,0,0,0,0.0,0,0.0
8,Hollis Mathis,104797,QB,WM & MARY,1,0.0,1,1,10.0,4.0,0,0,0.0,0.0,0,0,1,,2,0,1,348,70.6,77.9,47.3,72.5,0,0,2,0,0.0,39.6,0.0,0,1,0,0,0,0,0.0,0,0.0
8,Eli Brickhandler,160410,QB,NC A&T,1,0.0,1,1,21.0,3.7,0,0,0.0,0.0,0,0,2,,2,0,0,246,64.4,55.7,56.0,59.5,0,1,2,1,50.0,0.0,50.0,1,0,0,0,0,0,0.0,0,0.0
8,Grady Robison,123463,QB,SO UTAH,1,100.0,1,1,51.0,4.3,0,0,0.0,100.0,1,0,0,0.0,1,0,1,298,66.2,70.1,60.2,67.4,0,0,2,0,,158.3,0.0,0,0,0,0,1,0,0.0,47,47.0
8,Isaiah Lemmond,160911,WR,VA MILT IN,1,0.0,1,1,25.0,4.0,0,0,0.0,0.0,0,0,0,,1,0,0,336,65.9,62.4,50.8,,0,0,1,0,,39.6,0.0,0,0,0,0,0,0,0.0,0,0.0
8,Peter Anderson,148155,QB,N DAK ST,1,0.0,1,1,16.0,3.6,0,0,0.0,0.0,0,0,1,,1,0,0,250,60.3,46.4,49.6,59.5,0,0,1,0,0.0,39.6,0.0,0,0,0,0,0,0,0.0,0,0.0
8,Travis Plugge,165319,QB,STTHOM,1,,0,1,,2.85,1,0,0.0,0.0,0,0,1,,2,0,1,1129,69.6,81.6,60.0,74.5,0,0,2,0,0.0,39.6,0.0,0,1,0,0,0,0,0.0,0,0.0
8,Maclaine Griffin,84141,WR,PORTLAND,1,100.0,1,1,34.0,3.5,0,0,0.0,100.0,1,0,0,0.0,1,0,1,269,66.4,67.5,75.7,,0,0,1,0,,118.8,0.0,0,0,0,0,0,0,0.0,47,47.0
8,Hank Gibbs,128414,QB,N COLORADO,1,0.0,1,1,6.0,1.7,0,0,0.0,0.0,0,0,1,,1,0,0,253,63.7,61.6,61.6,59.9,0,0,1,0,0.0,39.6,0.0,0,0,0,0,0,0,0.0,0,0.0
8,Daniel Lipovski,173612,QB,DELAWARE,1,100.0,1,1,1.0,2.9,0,0,0.0,100.0,1,0,0,0.0,2,0,0,151,68.7,67.3,60.6,63.8,0,0,2,0,,79.2,0.0,0,1,0,0,0,0,0.0,1,1.0
8,Montigo Moss,142290,WR,MAINE,1,0.0,1,1,22.0,4.0,0,0,0.0,0.0,0,0,0,,1,0,0,212,66.9,66.9,50.4,,0,0,1,0,,39.6,0.0,0,0,0,0,0,0,0.0,0,0.0
8,Anthony Harris,142285,QB,MAINE,1,100.0,1,1,-4.0,3.6,0,0,0.0,100.0,1,0,0,0.0,1,0,0,212,60.3,60.2,60.4,,0,0,1,0,,79.2,0.0,0,0,0,0,0,0,0.0,-4,-4.0
8,Isaiah Davis,138299,HB,S DAK ST,1,0.0,1,1,27.0,3.0,0,0,0.0,0.0,0,0,1,,1,0,0,292,75.1,70.9,50.4,73.7,0,0,1,0,0.0,39.6,0.0,0,0,0,0,0,0,0.0,0,0.0
8,Aiden Taylor,175130,HB,IDAHO ST,1,0.0,1,1,15.0,1.6,0,0,0.0,0.0,0,0,0,,1,0,0,186,67.9,66.3,55.3,66.8,0,0,1,0,,39.6,0.0,0,0,0,0,0,0,0.0,0,0.0
8,Gavin Lochow,177638,WR,DAYTON,1,0.0,1,1,12.0,4.3,0,0,0.0,0.0,0,0,1,,1,0,0,150,20.0,47.4,46.8,,0,0,1,0,0.0,39.6,0.0,0,0,0,0,0,0,0.0,0,0.0
8,Nick Tanzola,178124,K,STHLSK,1,100.0,1,1,-13.0,8.4,0,0,0.0,100.0,1,0,1,0.0,1,0,0,1470,60.3,60.6,60.6,,0,0,1,0,0.0,79.2,0.0,0,0,0,0,0,0,0.0,-6,-6.0
8,Re-al Mitchell,77670,WR,SAN DIEGO,1,100.0,1,1,-4.0,1.0,0,0,0.0,100.0,1,0,0,0.0,1,0,1,283,71.8,64.0,60.6,53.5,0,0,1,0,,118.8,0.0,0,0,0,0,0,0,0.0,17,17.0
8,Blake Ellingson,149550,QB,DRAKE,1,,0,1,,6.5,0,0,0.0,0.0,0,0,1,,1,0,0,153,60.3,59.7,60.0,,0,0,1,0,0.0,39.6,0.0,0,0,0,1,0,0,0.0,0,0.0
8,Bauer Sharp,150160,TE,SE LA,1,0.0,1,1,8.0,2.4,0,0,0.0,0.0,0,0,0,,1,0,0,294,6.6,45.0,45.7,46.6,0,0,1,0,,39.6,0.0,0,0,0,0,0,0,0.0,0,0.0
8,Dylan Ramirez,166206,QB,N GREENVLE,1,62.5,32,34,8.4,2.76,0,0,0.0,55.9,19,0,13,5.0,41,1,11,390,71.2,63.7,54.3,75.0,0,1,43,0,23.1,60.0,7.3,3,4,0,2,0,1,2.3,193,5.7
8,TJ Goodwin,100826,QB,LINCOK,1,56.3,16,16,8.6,2.87,0,1,5.9,43.8,7,0,11,22.2,21,2,4,1452,28.5,37.1,44.1,43.7,0,1,23,0,36.4,32.6,19.0,4,1,0,0,0,2,8.7,77,4.8
8,Jimmy Inman,182731,QB,LINCOK,1,80.0,5,5,-0.2,3.41,0,0,0.0,80.0,4,0,5,0.0,11,0,4,1452,67.6,71.8,68.3,65.6,0,0,11,0,40.0,80.0,18.2,2,4,0,0,0,0,0.0,16,3.2
week,player,player_id,position,team_name,player_game_count,accuracy_percent,aimed_passes,attempts,avg_depth_of_target,avg_time_to_throw,bats,big_time_throws,btt_rate,completion_percent,completions,declined_penalties,def_gen_pressures,drop_rate,dropbacks,drops,first_downs,franchise_id,grades_hands_fumble,grades_offense,grades_pass,grades_run,hit_as_threw,interceptions,passing_snaps,penalties,pressure_to_sack_rate,qb_rating,sack_percent,sacks,scrambles,spikes,thrown_aways,touchdowns,turnover_worthy_plays,twp_rate,yards,ypa
9,Cade Klubnik,156253,QB,CLEMSON,1,77.8,45,51,5.2,2.76,2,0,0.0,64.7,33,0,14,5.7,54,2,15,140,71.6,66.0,66.2,58.6,0,2,54,0,14.3,61.2,3.7,2,1,1,3,0,1,1.9,263,5.2
9,Cam Ward,133244,QB,WASH STATE,1,80.4,46,50,5.6,2.44,1,1,1.9,70.0,35,0,21,5.4,58,2,19,341,46.0,61.6,61.0,60.5,1,0,63,0,14.3,93.3,5.2,3,5,0,2,1,1,1.6,315,6.3
9,Chandler Rogers,98683,QB,N TEXAS,1,75.0,48,50,11.4,2.4,1,1,1.8,64.0,32,0,18,11.1,53,4,21,251,43.3,80.3,80.1,59.4,0,0,58,1,16.7,123.0,5.7,3,0,1,0,5,1,1.7,411,8.2
9,Carter Bradley,77685,QB,S ALABAMA,1,65.2,46,49,9.5,2.48,2,2,3.9,59.2,29,0,16,3.3,55,1,19,288,24.5,41.3,39.1,64.3,0,2,57,0,31.3,80.4,9.1,5,1,0,1,2,5,8.8,381,7.8
9,Ashton Daniels,157259,QB,STANFORD,1,81.0,42,48,10.8,2.9,0,4,7.7,66.7,32,0,26,5.9,58,2,17,300,47.4,81.3,79.6,68.2,0,0,62,1,7.7,97.6,3.4,2,8,1,5,1,1,1.6,380,7.9
9,Taulia Tagovailoa,97271,QB,MARYLAND,1,72.1,43,47,9.5,3.0,2,5,10.2,63.8,30,0,15,3.2,54,1,15,215,38.4,60.0,58.3,62.5,0,1,56,0,33.3,92.0,9.3,5,2,0,2,3,3,5.4,274,5.8
9,Brayden Fowler-Nicolosi,157207,QB,COLO STATE,1,63.6,44,45,8.6,2.57,0,1,2.2,62.2,28,0,18,0.0,48,0,14,144,37.7,44.7,42.9,63.6,0,0,49,0,11.1,88.8,4.2,2,1,0,1,1,2,4.1,297,6.6
9,Blake Murphy,181169,QB,LA MONROE,1,65.9,41,44,10.7,2.96,1,1,2.2,56.8,25,0,21,7.4,51,2,14,209,70.0,66.2,66.7,58.4,0,0,55,0,4.8,93.0,2.0,1,6,0,2,2,1,1.8,300,6.8
9,Shedeur Sanders,131396,QB,COLORADO,1,77.8,36,44,5.7,2.54,3,2,4.3,61.4,27,0,26,3.6,56,1,14,143,41.1,55.8,56.1,57.0,0,0,59,1,23.1,81.3,10.7,6,6,0,5,1,1,1.7,217,4.9
9,Austin Reed,111760,QB,W KENTUCKY,1,82.5,40,44,8.0,2.33,3,1,2.0,68.2,30,0,9,9.1,47,3,17,346,69.8,76.1,75.3,61.7,0,1,53,0,11.1,115.8,2.1,1,2,0,1,4,1,1.9,381,8.7
9,Alex Flinn,123797,QB,E CAROLINA,1,60.0,40,43,6.5,3.18,0,1,2.3,53.5,23,0,24,4.2,56,1,14,156,72.3,43.6,35.5,64.6,0,1,57,0,20.8,74.3,8.9,5,8,0,3,2,3,5.3,225,5.2
9,Billy Wiles,144144,QB,SO MISS,1,66.7,36,42,13.5,2.93,0,1,2.2,54.8,23,0,12,4.2,44,1,16,296,36.1,63.7,62.0,63.2,2,0,48,1,8.3,84.1,2.3,1,1,0,4,1,3,6.3,287,6.8
9,Gunnar Watson,83570,QB,TROY,1,73.7,38,41,12.6,2.54,0,3,7.0,65.9,27,0,15,3.6,45,1,19,318,69.9,90.6,90.4,62.8,1,0,47,0,20.0,121.2,6.7,3,1,1,1,3,0,0.0,392,9.6
9,Mikey Keene,70961,QB,FRESNO ST,1,78.4,37,41,7.1,2.49,0,2,4.8,65.9,27,0,11,6.9,42,2,11,169,69.7,70.6,69.8,60.0,0,2,43,0,9.1,95.2,2.4,1,0,0,4,4,1,2.3,256,6.2
9,Caleb Williams,144622,QB,USC,1,68.6,35,40,10.9,3.56,2,5,11.6,57.5,23,0,18,4.2,44,1,15,326,44.7,90.9,90.3,71.1,0,0,47,0,16.7,105.1,6.8,3,1,0,3,2,1,2.1,369,9.2
9,Kedon Slovis,100580,QB,BYU,1,68.4,38,40,6.8,2.62,0,0,0.0,62.5,25,0,20,3.8,43,1,8,128,70.1,48.0,46.7,59.3,0,2,44,1,10.0,53.9,4.7,2,1,0,2,0,3,6.8,197,4.9
9,Braedyn Locke,157141,QB,WISCONSIN,1,69.4,36,40,7.9,2.59,1,1,2.4,47.5,19,0,10,24.0,41,6,9,349,70.4,61.1,60.6,59.2,0,0,42,1,10.0,67.1,2.4,1,0,0,3,1,1,2.4,164,4.1
9,Jordan McCloud,101058,QB,JAMES MAD,1,75.7,37,40,9.8,3.19,0,3,7.5,67.5,27,0,10,3.6,46,1,17,197,71.0,77.9,82.8,53.2,0,2,46,0,20.0,97.9,4.3,2,4,0,3,3,1,2.2,340,8.5
9,Blake Shapen,122282,QB,BAYLOR,1,72.2,36,39,8.2,2.82,1,1,2.4,56.4,22,0,11,15.4,43,4,10,118,70.9,59.4,58.7,59.6,1,1,45,0,18.2,71.7,4.7,2,2,0,1,1,3,6.7,232,5.9
9,Fernando Mendoza,158323,QB,CAL,1,75.0,36,39,10.4,2.48,2,5,11.1,64.1,25,0,14,7.4,43,2,18,130,70.8,79.7,76.6,69.4,1,1,49,0,0.0,93.1,0.0,0,4,0,0,2,2,4.1,292,7.5
9,Devin Leary,77628,QB,KENTUCKY,1,86.5,37,39,9.2,2.65,1,2,4.9,71.8,28,0,7,12.5,43,4,20,202,69.8,84.5,83.9,66.6,0,0,45,0,14.3,118.8,2.3,1,3,0,1,2,0,0.0,372,9.5
9,Kurtis Rourke,97998,QB,OHIO,1,71.8,39,39,11.3,2.89,0,3,7.1,64.1,25,0,13,10.7,42,3,13,259,39.9,85.4,83.4,67.5,0,0,45,0,23.1,97.5,7.1,3,0,0,0,1,1,2.2,313,8.0
9,Keegan Shoemaker,108983,QB,SM HOUSTON,1,73.0,37,39,7.4,2.42,1,1,2.5,56.4,22,0,11,18.5,42,5,12,281,71.9,63.0,60.1,64.7,0,1,43,0,9.1,76.4,2.4,1,2,0,1,2,1,2.3,196,5.0
9,T.J. Finley,124093,QB,TEXAS ST,1,70.3,37,38,10.0,2.61,0,1,2.5,63.2,24,0,15,7.7,42,2,15,314,36.2,69.2,74.5,44.8,0,2,44,0,13.3,70.3,4.8,2,2,0,1,1,0,0.0,262,6.9
9,Tony Muskett,142933,QB,VIRGINIA,1,86.7,30,38,4.0,2.86,2,0,0.0,63.2,24,0,18,7.7,45,2,10,335,71.6,66.3,61.9,66.9,0,1,46,0,27.8,70.0,11.1,5,2,0,6,0,1,2.2,239,6.3
9,Michael Penix Jr.,82134,QB,WASHINGTON,1,74.3,35,37,13.3,2.89,0,3,7.7,56.8,21,0,9,19.2,38,5,15,340,70.3,79.1,79.7,60.8,0,1,40,1,11.1,115.7,2.6,1,0,0,2,4,1,2.5,369,10.0
9,Devin Grainger,78496,QB,GA STATE,1,69.7,33,37,9.2,2.4,4,0,0.0,56.8,21,0,4,8.7,40,2,10,175,41.1,53.3,51.6,59.0,0,2,41,0,25.0,62.6,2.5,1,2,0,0,2,2,4.9,157,4.2
9,Grant Wilson,143041,QB,DOMINION,1,82.4,34,36,8.2,2.38,1,2,5.1,72.2,26,0,16,7.1,43,2,13,263,70.2,76.2,80.8,49.7,1,0,46,0,31.3,113.1,11.6,5,2,0,0,2,0,0.0,279,7.8
9,John Rhys Plumlee,97602,QB,UCF,1,72.2,36,36,11.9,2.48,0,3,7.7,69.4,25,0,8,3.8,38,1,16,323,71.5,73.7,67.5,74.3,0,3,41,0,12.5,84.7,2.6,1,1,0,0,3,4,9.8,274,7.6
9,Davis Brin,77642,QB,GA SOUTHRN,1,87.1,31,36,7.9,2.87,1,1,2.6,61.1,22,0,13,18.5,41,5,13,174,38.4,61.2,65.3,49.3,0,1,44,0,23.1,107.9,7.3,3,2,1,3,3,2,4.5,334,9.3
9,Jordan Travis,77615,QB,FLORIDA ST,1,70.6,34,35,9.7,2.75,0,4,10.5,62.9,22,0,11,8.3,40,2,16,167,35.6,76.4,74.1,66.9,0,0,43,0,9.1,125.8,2.5,1,4,0,1,3,1,2.3,359,10.3
9,Jayden Maiava,158135,QB,UNLV,1,67.6,34,35,8.6,2.61,0,1,2.9,60.0,21,0,9,8.7,36,2,16,325,71.0,58.5,59.6,54.9,0,2,37,1,11.1,79.2,2.8,1,0,0,1,2,2,5.4,268,7.7
9,Spencer Rattler,97408,QB,S CAROLINA,1,75.9,29,35,5.0,2.44,1,1,2.9,54.3,19,0,15,13.6,39,3,10,289,68.9,63.7,66.6,51.1,0,0,39,3,6.7,77.0,2.6,1,2,0,5,1,0,0.0,169,4.8
9,Dylan Hopkins,83571,QB,NEW MEXICO,1,59.4,32,35,15.1,2.6,0,1,2.4,51.4,18,0,8,5.3,39,1,11,241,69.4,46.7,50.3,50.3,0,3,45,1,0.0,51.0,0.0,0,3,0,3,1,2,4.4,271,7.7
9,Graham Mertz,97994,QB,FLORIDA,1,78.1,32,34,6.7,2.41,1,1,2.8,73.5,25,0,15,0.0,38,0,11,163,31.8,65.1,62.6,63.6,0,0,40,0,26.7,111.6,10.5,4,0,0,1,2,1,2.5,234,6.9
9,Alan Bowman,77679,QB,OKLA STATE,1,64.5,31,34,12.4,2.83,1,2,5.6,50.0,17,0,8,15.0,35,3,10,262,69.3,74.1,74.6,57.7,0,1,37,0,0.0,86.2,0.0,0,1,0,2,2,1,2.7,286,8.4
9,Joey Aguilar,174978,QB,APP STATE,1,72.7,33,34,10.9,2.58,0,1,2.9,67.6,23,0,6,4.2,40,1,17,108,36.6,57.8,49.6,76.1,0,1,41,1,50.0,133.3,7.5,3,3,0,1,4,4,9.8,391,11.5
9,Noah Fifita,158722,QB,ARIZONA,1,80.6,31,33,6.1,2.52,0,0,0.0,75.8,25,0,7,0.0,36,0,12,109,69.7,63.1,60.1,65.4,0,1,37,1,42.9,117.6,8.3,3,0,0,2,3,1,2.7,275,8.3
9,Jason Bean,83529,QB,KANSAS,1,62.1,29,32,10.9,2.98,0,1,2.9,46.9,15,0,8,16.7,34,3,13,198,70.1,49.2,41.7,70.6,1,2,36,0,0.0,43.5,0.0,0,2,0,2,0,4,11.1,218,6.8
9,Rocco Becht,157567,QB,IOWA STATE,1,67.9,28,32,5.8,2.11,1,0,0.0,59.4,19,0,9,0.0,33,0,11,193,34.7,48.0,50.9,49.3,0,1,33,1,0.0,79.9,0.0,0,1,0,3,1,2,6.1,238,7.4
9,Hudson Card,123109,QB,PURDUE,1,73.3,30,32,11.4,3.46,0,1,2.9,50.0,16,0,11,27.3,38,6,6,273,38.0,63.4,69.5,52.7,0,2,41,1,18.2,41.1,5.3,2,4,0,2,1,3,7.3,100,3.1
9,Drew Allar,164157,QB,PENN STATE,1,81.5,27,32,10.9,3.12,1,3,8.8,62.5,20,0,12,9.1,37,2,10,266,70.7,78.2,74.8,68.8,0,1,40,1,16.7,99.7,5.4,2,3,0,4,3,1,2.5,210,6.6
9,Mike Wright Jr.,124366,QB,MISS STATE,1,58.6,29,32,12.8,2.81,0,3,8.8,50.0,16,0,11,5.9,33,1,9,227,74.0,67.3,63.4,66.1,0,1,35,0,0.0,62.1,0.0,0,1,0,3,1,2,5.7,161,5.0
9,Bo Nix,97790,QB,OREGON,1,83.9,31,31,7.1,2.21,0,1,3.1,77.4,24,0,6,7.7,33,2,13,264,70.0,71.8,72.9,62.5,0,0,34,1,0.0,121.4,0.0,0,1,0,0,2,1,2.9,248,8.0
9,Frank Harris,60586,QB,UTSA,1,74.1,27,31,12.6,3.11,0,0,0.0,61.3,19,0,14,5.0,38,1,14,331,69.9,63.6,60.0,72.2,0,1,40,1,28.6,131.4,10.5,4,3,0,4,4,1,2.5,395,12.7
9,Jaylen Raynor,172203,QB,ARK STATE,1,57.7,26,30,14.5,2.89,0,2,6.3,50.0,15,0,14,0.0,32,0,10,113,37.4,63.3,61.3,62.6,0,1,34,0,7.1,82.4,3.1,1,1,0,4,1,3,8.8,298,9.9
9,Michael Pratt,123229,QB,TULANE,1,75.9,29,30,8.6,2.67,0,2,6.5,73.3,22,0,9,0.0,34,0,16,319,73.1,75.0,66.2,75.0,0,1,35,0,22.2,108.1,5.9,2,2,0,1,2,2,5.7,263,8.8
9,DJ Uiagalelei,122162,QB,OREGON ST,1,60.7,28,30,12.6,3.4,0,2,6.7,53.3,16,0,13,5.9,34,1,13,265,69.5,69.8,71.5,57.1,0,0,34,0,7.7,99.0,2.9,1,3,0,2,2,2,5.9,218,7.3
9,Tyler Van Dyke,122225,QB,MIAMI FL,1,69.0,29,30,6.3,2.69,1,0,0.0,66.7,20,0,2,0.0,30,0,9,220,68.8,54.2,54.6,56.9,0,2,30,0,0.0,52.5,0.0,0,0,0,0,0,3,10.0,163,5.4
9,Haynes King,124329,QB,GA TECH,1,80.0,30,30,7.9,2.89,0,3,9.4,76.7,23,0,10,4.2,34,1,13,176,71.3,75.5,76.6,61.2,0,1,36,0,0.0,131.5,0.0,0,4,0,0,4,1,2.8,287,9.6
9,Brayden Schager,146078,QB,HAWAII,1,69.2,26,30,6.6,3.23,0,0,0.0,56.7,17,0,19,5.6,38,1,8,180,69.9,63.5,61.9,62.6,0,1,40,1,15.8,53.8,7.9,3,5,0,4,0,0,0.0,132,4.4
9,Max Johnson,124099,QB,TEXAS A&M,1,66.7,30,30,9.1,2.65,0,0,0.0,66.7,20,0,14,0.0,34,0,9,312,32.6,71.3,66.8,69.7,0,0,34,0,21.4,103.3,8.8,3,1,0,0,1,1,2.9,249,8.3
9,Bryson Barnes,131845,QB,UTAH,1,65.2,23,29,7.8,3.11,1,0,0.0,51.7,15,0,18,0.0,35,0,6,328,70.6,54.5,56.7,53.7,2,2,37,0,11.1,36.0,5.7,2,3,0,3,0,1,2.7,136,4.7
9,JT Daniels,83578,QB,RICE,1,65.5,29,29,7.8,2.7,0,1,3.2,62.1,18,0,12,5.3,31,1,12,275,68.5,53.1,49.8,64.9,0,1,33,0,8.3,89.6,3.2,1,1,0,0,2,2,6.1,189,6.5
9,Christian Veilleux,145086,QB,PITTSBURGH,1,51.7,29,29,11.0,2.38,0,1,3.3,48.3,14,0,14,6.7,31,1,5,268,68.9,27.3,27.3,57.5,0,4,32,0,14.3,21.0,6.5,2,0,0,0,0,5,15.6,127,4.4
9,Donovan Smith,73929,QB,HOUSTON,1,62.5,24,28,8.8,2.76,1,0,0.0,46.4,13,0,11,13.3,30,2,4,182,69.8,56.2,52.0,66.4,2,1,31,1,9.1,39.0,3.3,1,1,0,1,0,1,3.2,88,3.1
9,Jaxson Dart,146409,QB,OLE MISS,1,71.4,28,28,10.1,2.7,0,1,3.4,67.9,19,0,8,5.0,34,1,11,226,31.9,48.3,43.9,63.2,0,1,37,0,37.5,91.4,8.8,3,3,0,0,1,2,5.4,240,8.6
9,Kyle McCord,145053,QB,OHIO STATE,1,72.0,25,28,10.9,2.83,0,2,7.1,60.7,17,0,13,5.6,31,1,13,260,30.4,67.5,62.7,74.2,0,2,31,2,15.4,80.4,6.5,2,1,0,3,2,3,9.7,226,8.1
9,Carson Beck,124010,QB,GEORGIA,1,80.0,25,28,10.3,2.14,2,0,0.0,67.9,19,0,6,5.0,29,1,13,173,70.6,75.1,75.2,60.8,0,0,29,2,16.7,129.3,3.4,1,0,0,1,2,0,0.0,315,11.3
9,Seth Henigan,144267,QB,MEMPHIS,1,89.3,28,28,9.4,2.95,0,4,14.3,78.6,22,0,11,12.0,32,3,14,218,69.4,89.9,91.7,52.4,0,0,32,0,9.1,127.7,3.1,1,3,0,0,1,1,3.1,330,11.8
9,Ethan Garbers,131896,QB,UCLA,1,84.6,26,27,6.2,2.67,1,0,0.0,74.1,20,0,4,9.1,35,2,16,324,69.3,62.4,64.4,55.7,0,1,38,0,50.0,114.6,5.7,2,6,0,0,2,1,2.6,269,10.0
9,Hank Bachmeier,101284,QB,LA TECH,1,88.5,26,27,10.7,2.88,0,2,7.1,74.1,20,0,9,13.0,34,3,14,208,34.2,73.8,71.9,65.4,1,0,36,0,44.4,112.9,11.8,4,3,0,0,1,2,5.6,238,8.8
9,Hayden Wolff,98362,QB,W MICHIGAN,1,77.3,22,26,6.2,2.2,4,1,3.7,57.7,15,0,9,11.8,28,2,8,347,22.9,65.1,68.1,54.2,0,0,29,0,22.2,90.1,7.1,2,0,0,0,1,1,3.4,169,6.5
9,Chevan Cordeiro,75886,QB,S JOSE ST,1,69.2,26,26,11.5,3.61,0,2,7.7,61.5,16,0,10,11.1,30,2,12,285,28.6,71.2,77.5,43.1,0,0,30,0,20.0,116.3,6.7,2,2,0,0,2,1,3.3,233,9.0
9,Austin Smith,145763,QB,E MICHIGAN,1,65.2,23,26,10.4,2.87,0,3,10.3,57.7,15,0,13,0.0,30,0,6,160,69.9,62.8,63.0,58.8,2,1,33,0,23.1,84.0,10.0,3,1,0,1,1,3,9.1,231,8.9
9,Cameran Brown,184894,QB,W GEORGIA,1,72.0,25,26,10.8,2.35,1,2,7.4,65.4,17,0,2,5.6,28,1,11,1177,71.1,71.4,69.8,63.9,0,2,30,1,50.0,96.0,3.6,1,1,0,0,3,1,3.3,206,7.9
9,Payton Thorne,101629,QB,AUBURN,1,91.3,23,26,7.1,2.68,0,1,3.1,76.9,20,0,5,4.8,28,1,11,115,72.4,77.0,73.9,68.1,0,0,34,0,0.0,141.5,0.0,0,2,0,3,3,0,0.0,230,8.8
9,Daniel Richardson,97103,QB,FAU,1,84.0,25,26,9.1,2.35,0,2,7.4,69.2,18,0,5,14.3,28,3,10,165,68.1,74.7,75.7,57.3,1,1,29,0,0.0,116.8,0.0,0,1,0,0,3,2,6.9,216,8.3
9,Trenton Bourguet,97285,QB,ARIZONA ST,1,82.6,23,26,8.3,2.6,0,2,6.7,73.1,19,0,10,0.0,29,0,13,110,70.8,71.4,74.9,55.9,0,0,33,1,0.0,106.9,0.0,0,3,0,3,0,1,3.0,274,10.5
9,Drake Maye,143969,QB,N CAROLINA,1,75.0,24,25,14.3,3.04,0,7,25.9,68.0,17,0,10,5.6,33,1,14,245,69.6,93.5,93.3,72.1,0,0,35,1,20.0,137.1,6.1,2,6,0,1,2,0,0.0,310,12.4
9,Maalik Murphy,157302,QB,TEXAS,1,76.0,25,25,7.4,1.99,0,2,8.0,64.0,16,0,6,15.8,27,3,8,311,26.7,72.0,71.3,,0,1,27,0,16.7,93.8,3.7,1,0,0,0,2,2,7.4,170,6.8
9,Kyron Drones,144506,QB,VA TECH,1,65.2,23,24,13.1,3.02,0,2,7.7,62.5,15,0,6,0.0,27,0,7,337,71.1,53.5,49.8,62.9,0,0,29,0,33.3,101.7,7.4,2,1,0,1,1,2,6.9,194,8.1
9,Tommy Castellanos,158433,QB,BOSTON COL,1,78.3,23,24,8.2,2.73,0,0,0.0,66.7,16,0,6,11.1,27,2,8,121,32.6,61.9,51.3,70.8,0,1,29,0,33.3,80.4,7.4,2,1,0,1,1,2,6.9,151,6.3
9,Ta'Quan Roberson,101625,QB,UCONN,1,61.9,21,24,8.1,2.77,1,1,4.0,45.8,11,0,9,15.4,24,2,6,146,68.3,50.2,49.1,60.0,1,0,25,0,0.0,62.8,0.0,0,0,0,1,0,1,4.0,130,5.4
9,Sam Hartman,77618,QB,NOTRE DAME,1,81.8,22,24,9.4,2.17,0,1,3.8,70.8,17,0,8,5.6,26,1,11,258,68.0,77.1,76.4,,0,2,28,0,12.5,77.6,3.8,1,0,0,2,0,0,0.0,295,12.3
9,Taisun Phommachanh,99577,QB,UMASS,1,81.8,22,23,2.6,2.21,0,0,0.0,73.9,17,0,5,5.6,23,1,7,216,67.6,77.1,76.4,,0,0,24,0,0.0,85.6,0.0,0,0,0,1,0,0,0.0,121,5.3
9,Garrett Greene,123420,QB,W VIRGINIA,1,81.0,21,23,9.5,2.83,0,0,0.0,60.9,14,0,7,17.6,26,3,9,343,38.3,76.6,61.6,80.2,1,0,27,0,14.3,80.3,3.8,1,2,0,1,0,1,3.7,152,6.6
9,Riley Leonard,143862,QB,DUKE,1,71.4,21,23,13.1,3.31,1,1,3.8,39.1,9,0,16,40.0,33,6,6,154,30.0,56.4,60.2,55.3,0,1,37,1,25.0,38.5,12.1,4,6,0,1,0,2,5.4,121,5.3
9,Brendan Sullivan,145034,QB,NWESTERN,1,84.2,19,23,8.1,3.51,0,3,13.0,69.6,16,0,17,0.0,33,0,14,256,71.6,80.4,78.1,68.4,0,0,34,0,29.4,137.0,15.2,5,5,0,4,2,1,2.9,265,11.5
9,Cole Pennington,156787,QB,MARSHALL,1,59.1,22,23,6.7,2.74,0,0,0.0,52.2,12,0,8,7.7,25,1,4,214,26.0,31.6,29.4,64.3,1,2,25,0,12.5,23.3,4.0,1,1,0,0,0,2,8.0,77,3.3
9,Cam Fancher,145266,QB,MARSHALL,1,63.6,22,22,7.4,2.44,0,1,4.3,50.0,11,0,6,21.4,26,3,5,214,69.6,60.3,54.5,68.5,0,2,27,1,33.3,29.5,7.7,2,2,0,0,0,1,3.7,125,5.7
9,Katin Houser,158386,QB,MICH STATE,1,77.8,18,22,8.5,2.74,1,0,0.0,54.5,12,0,4,14.3,22,2,4,223,68.8,50.7,52.4,53.6,0,0,24,0,0.0,69.7,0.0,0,0,0,3,0,1,4.2,117,5.3
9,Cade McConnell,73935,QB,UTEP,1,65.0,20,22,12.8,2.94,0,1,4.5,54.5,12,0,7,7.7,24,1,9,330,68.8,58.6,57.9,58.4,0,1,24,0,0.0,82.8,0.0,0,2,0,2,1,3,12.5,206,9.4
9,Athan Kaliakmanis,144971,QB,MINNESOTA,1,68.2,22,22,10.8,3.02,0,2,8.7,63.6,14,0,11,6.7,26,1,10,225,29.1,69.5,63.4,71.8,0,1,27,0,27.3,89.2,11.5,3,1,0,0,1,2,7.4,200,9.1
9,Andrew Peasley,83581,QB,WYOMING,1,57.9,19,20,7.5,3.52,0,0,0.0,50.0,10,0,11,9.1,26,1,4,351,69.6,44.9,49.3,50.3,0,1,27,1,18.2,57.3,7.7,2,4,0,1,1,1,3.7,85,4.3
9,Jarrett Guest,97997,QB,COAST CAR,1,75.0,20,20,14.4,2.33,0,4,17.4,70.0,14,0,6,6.7,21,1,10,141,69.9,89.7,83.2,76.9,0,1,24,0,16.7,131.3,4.8,1,0,0,0,3,1,4.2,289,14.5
9,Grayson James,145214,QB,FIU,1,72.2,18,20,12.2,2.8,0,1,4.8,60.0,12,0,7,7.7,22,1,7,166,42.1,60.9,63.8,54.9,1,0,23,0,28.6,110.0,9.1,2,0,0,1,1,0,0.0,198,9.9
9,MJ Morris,157404,QB,NC STATE,1,73.7,19,20,6.8,2.5,1,0,0.0,55.0,11,0,9,21.4,25,3,5,248,69.1,63.1,67.4,52.4,0,0,27,0,22.2,110.0,8.0,2,3,0,0,2,0,0.0,138,6.9
9,Joe Milton III,82151,QB,TENNESSEE,1,85.0,20,20,10.8,3.13,0,1,5.0,85.0,17,0,7,0.0,23,0,9,307,71.8,77.1,74.8,66.7,0,0,24,0,28.6,130.6,8.7,2,1,0,0,1,0,0.0,227,11.4
9,Preston Stone,124716,QB,SMU,1,84.2,19,20,12.8,2.85,0,3,14.3,75.0,15,0,6,6.3,20,1,12,287,67.2,94.2,94.0,,0,0,21,0,0.0,156.3,0.0,0,0,0,1,3,0,0.0,371,18.6
9,Braylon Braxton,144442,QB,TULSA,1,47.4,19,19,11.6,3.37,0,1,5.0,47.4,9,0,11,0.0,25,0,4,320,71.8,48.4,37.7,67.6,0,2,26,0,36.4,21.1,16.0,4,2,0,0,0,2,7.7,87,4.6
9,Zion Webb,63555,QB,JVILLE ST,1,52.6,19,19,13.3,2.61,0,2,10.0,47.4,9,0,4,10.0,19,1,6,196,76.0,69.7,60.5,69.0,0,0,20,0,0.0,82.1,0.0,0,0,0,0,1,1,5.0,105,5.5
9,Diego Pavia,156927,QB,NEW MEX ST,1,52.6,19,19,12.2,3.05,0,0,0.0,52.6,10,0,13,0.0,24,0,6,242,72.2,64.5,58.4,66.4,0,0,28,0,0.0,84.3,0.0,0,5,0,0,1,0,0.0,95,5.0
9,Brendan Sorsby,156398,QB,INDIANA,1,77.8,18,19,6.5,2.72,0,1,5.3,68.4,13,0,9,7.1,29,1,11,190,69.1,58.2,61.9,53.9,0,1,29,0,33.3,128.8,10.3,3,7,0,1,3,1,3.4,269,14.2
9,Garrett Shrader,98212,QB,SYRACUSE,1,75.0,16,19,8.5,2.57,0,0,0.0,63.2,12,0,13,0.0,27,0,7,304,28.3,67.1,67.5,58.7,1,0,28,1,53.8,102.3,25.9,7,1,0,2,1,1,3.6,137,7.2
9,Dillon Gabriel,86272,QB,OKLAHOMA,1,77.8,18,19,6.4,2.45,0,0,0.0,73.7,14,0,8,0.0,26,0,9,261,72.7,53.8,47.1,62.1,1,1,31,1,12.5,79.1,3.8,1,4,0,0,0,1,3.2,171,9.0
9,Will Howard,122599,QB,KANSAS ST,1,94.1,17,17,6.5,2.4,0,0,0.0,88.2,15,0,3,6.3,19,1,7,199,71.2,78.3,75.1,67.8,0,0,19,0,66.7,146.1,10.5,2,0,0,0,2,0,0.0,164,9.6
9,Zeon Chriss-Gremillion,156733,QB,LA LAFAYET,1,81.3,16,17,8.4,3.45,0,1,5.0,76.5,13,0,9,0.0,23,0,9,207,71.0,80.9,84.3,61.2,0,0,26,0,22.2,140.6,8.7,2,4,0,1,2,0,0.0,145,8.5
9,Mitch Griffis,123386,QB,WAKE,1,40.0,15,16,10.8,3.37,1,0,0.0,37.5,6,0,14,0.0,25,0,6,339,69.6,44.1,40.5,59.1,0,0,27,0,42.9,54.7,24.0,6,3,0,0,0,1,3.7,82,5.1
9,Brendon Lewis,131687,QB,NEVADA,1,53.3,15,16,18.2,3.01,0,1,6.3,50.0,8,0,5,0.0,18,0,6,239,30.0,70.7,64.3,68.1,1,0,18,0,0.0,66.9,0.0,0,2,0,0,0,0,0.0,89,5.6
9,Jack Plummer,83543,QB,LOUISVILLE,1,73.3,15,16,6.4,2.69,0,0,0.0,68.8,11,0,6,0.0,21,0,7,210,27.6,55.6,57.0,54.5,0,0,21,0,33.3,89.8,9.5,2,3,0,1,0,0,0.0,117,7.3
9,Emory Jones,82111,QB,CINCINNATI,1,46.7,15,16,13.6,2.81,0,0,0.0,37.5,6,0,5,14.3,18,1,6,138,29.1,64.4,72.5,51.3,0,1,19,0,20.0,37.8,5.6,1,1,0,1,0,0,0.0,117,7.3
9,Maddux Madsen,163379,QB,BOISE ST,1,85.7,14,15,10.0,2.49,0,0,0.0,80.0,12,0,2,0.0,16,0,9,120,69.5,90.5,89.5,70.6,0,0,17,0,0.0,129.7,0.0,0,1,0,1,1,0,0.0,147,9.8
9,Jalon Jones,104762,QB,CHARLOTTE,1,90.9,11,15,2.5,3.37,0,0,0.0,60.0,9,0,7,10.0,20,1,5,136,28.8,55.8,57.8,56.2,0,0,20,1,28.6,68.5,10.0,2,3,0,4,0,0,0.0,59,3.9
9,Trexler Ivey,122184,QB,CHARLOTTE,1,61.5,13,15,7.4,2.62,0,0,0.0,53.3,8,0,8,0.0,18,0,2,136,66.8,49.5,54.6,56.3,0,0,18,1,25.0,87.6,11.1,2,1,0,2,1,1,5.6,68,4.5
9,Kaidon Salter,132046,QB,LIBERTY,1,80.0,15,15,6.9,2.74,0,0,0.0,66.7,10,0,8,16.7,20,2,11,206,30.8,83.0,69.1,80.2,0,0,20,1,12.5,144.2,5.0,1,4,0,0,3,0,0.0,169,11.3
9,Bryson Daily,147303,QB,ARMY,1,33.3,12,13,19.7,3.19,0,3,23.1,23.1,3,0,9,25.0,15,1,3,114,29.1,49.0,44.7,58.1,1,2,15,0,0.0,0.0,0.0,0,2,0,0,0,2,13.3,28,2.2
9,Sam Leavitt,175465,QB,MICH STATE,1,80.0,10,12,9.1,3.06,0,0,0.0,66.7,8,0,6,0.0,14,0,6,223,24.9,66.9,44.0,85.1,1,1,15,0,16.7,76.0,7.1,1,1,0,1,1,2,13.3,73,6.1
9,Walter Taylor III,163728,QB,VANDERBILT,1,40.0,10,12,12.4,3.17,0,1,8.3,33.3,4,0,8,0.0,16,0,1,333,74.7,42.0,26.8,66.4,1,1,17,0,25.0,8.3,12.5,2,2,0,1,0,2,11.8,38,3.2
9,Heinrich Haarberg,144993,QB,NEBRASKA,1,70.0,10,11,9.2,3.57,0,2,14.3,54.5,6,0,7,14.3,17,1,7,238,21.9,50.0,67.0,44.2,0,0,20,0,42.9,133.3,17.6,3,3,0,1,2,1,5.0,122,11.1
9,Aveon Smith,130529,QB,MIAMI OH,1,63.6,11,11,9.2,2.84,0,0,0.0,63.6,7,0,8,0.0,16,0,5,221,38.4,63.0,54.6,66.1,0,0,18,0,50.0,124.4,25.0,4,1,0,0,1,1,5.6,103,9.4
9,Ike Udengwu III,175061,QB,E MICHIGAN,1,70.0,10,10,3.8,2.29,0,0,0.0,60.0,6,0,3,14.3,11,1,2,160,27.2,63.6,66.2,57.1,0,0,11,0,33.3,75.8,9.1,1,0,0,0,0,0,0.0,57,5.7
9,Brady Lichtenberg,144226,QB,CINCINNATI,1,71.4,7,9,10.9,3.32,0,1,10.0,55.6,5,0,4,0.0,10,0,2,138,68.5,73.0,71.1,64.0,1,0,11,0,0.0,107.6,0.0,0,1,0,1,1,0,0.0,48,5.3
9,Keyone Jenkins,170403,QB,FIU,1,33.3,6,8,11.2,3.59,0,0,0.0,25.0,2,0,7,0.0,12,0,2,166,68.6,33.8,33.3,52.3,0,0,13,0,28.6,39.6,16.7,2,2,0,2,0,0,0.0,18,2.3
9,Ken Seals,124359,QB,VANDERBILT,1,62.5,8,8,3.8,3.12,0,0,0.0,50.0,4,0,5,20.0,12,1,1,333,66.8,36.0,28.8,65.4,0,1,12,0,40.0,16.7,16.7,2,2,0,0,0,1,8.3,22,2.8
9,Jake Farrell,128197,QB,HAWAII,1,42.9,7,8,12.7,2.49,1,0,0.0,37.5,3,0,2,0.0,8,0,1,180,67.2,49.2,45.0,62.7,0,1,8,0,0.0,6.3,0.0,0,0,0,0,0,0,0.0,14,1.8
9,Champ Harris,170979,QB,ARMY,1,75.0,8,8,17.4,2.94,0,1,12.5,75.0,6,0,4,0.0,10,0,5,114,66.5,72.8,68.7,66.3,0,0,10,0,25.0,116.7,10.0,1,1,0,0,0,0,0.0,129,16.1
9,Zac Larrier,104193,QB,AIR FORCE,1,83.3,6,7,8.0,2.92,0,0,0.0,57.1,4,0,4,20.0,9,1,2,101,74.6,74.4,77.6,64.1,1,0,9,0,0.0,108.3,0.0,0,2,0,0,1,0,0.0,32,4.6
9,Steve Angeli,156966,QB,NOTRE DAME,1,100.0,7,7,4.9,2.07,0,1,14.3,85.7,6,0,2,14.3,7,1,6,258,64.6,88.4,88.4,,0,0,7,0,0.0,158.3,0.0,0,0,0,0,1,0,0.0,92,13.1
9,Avery Johnson,173108,QB,KANSAS ST,1,83.3,6,6,4.8,2.2,0,0,0.0,83.3,5,0,1,0.0,6,0,3,199,19.9,46.0,64.2,42.7,0,0,6,0,0.0,138.2,0.0,0,0,0,0,1,0,0.0,46,7.7
9,Dom Shoffner,62788,QB,CHARLOTTE,1,66.7,6,6,12.0,3.05,0,0,0.0,66.7,4,0,1,0.0,8,0,5,136,64.9,73.9,64.2,70.9,0,0,8,0,0.0,86.8,0.0,0,2,0,0,0,0,0.0,42,7.0
9,Taylen Green,145996,QB,BOISE ST,1,80.0,5,6,12.6,2.36,0,1,16.7,50.0,3,0,1,25.0,7,1,2,120,20.6,66.0,74.8,54.1,0,0,7,0,0.0,131.3,0.0,0,0,0,1,1,0,0.0,69,11.5
9,Kevin Jennings,158272,QB,SMU,1,80.0,5,5,10.8,3.93,0,0,0.0,80.0,4,0,4,0.0,8,0,2,287,68.2,60.7,58.7,60.8,0,0,8,0,50.0,102.5,25.0,2,1,0,0,0,0,0.0,43,8.6
9,Cardell Williams,156190,QB,TULSA,1,80.0,5,5,8.6,3.11,0,0,0.0,80.0,4,0,1,0.0,7,0,3,320,68.1,66.2,62.4,63.6,0,0,7,0,100.0,132.9,14.3,1,1,0,0,1,0,0.0,32,6.4
9,Grayson Loftis,170054,QB,DUKE,1,60.0,5,5,14.4,2.5,0,0,0.0,60.0,3,0,3,0.0,5,0,1,154,63.8,62.4,62.2,,0,0,5,0,0.0,77.1,0.0,0,0,0,0,0,0,0.0,30,6.0
9,Emmett Morehead,143834,QB,BOSTON COL,1,80.0,5,5,1.6,1.94,0,0,0.0,80.0,4,0,0,0.0,5,0,1,121,63.8,66.9,66.2,,0,0,5,0,,96.7,0.0,0,0,0,0,0,0,0.0,36,7.2
9,Ui Ale,173036,QB,HOUSTON,1,40.0,5,5,8.2,2.78,0,0,0.0,40.0,2,0,1,0.0,5,0,0,182,19.2,53.3,48.8,61.0,0,0,5,0,0.0,47.9,0.0,0,0,0,0,0,0,0.0,7,1.4
9,Devon Dampier,171556,QB,NEW MEXICO,1,80.0,5,5,12.6,2.75,0,0,0.0,60.0,3,0,1,25.0,6,1,2,241,68.9,56.9,52.9,61.3,0,0,6,0,0.0,85.4,0.0,0,1,0,0,0,1,16.7,40,8.0
9,Alex Padilla,86285,QB,SMU,1,100.0,3,4,-2.7,2.03,0,0,0.0,75.0,3,0,1,0.0,4,0,1,287,63.3,62.2,61.4,,1,0,4,0,0.0,97.9,0.0,0,0,0,0,0,0,0.0,32,8.0
9,Nate Yarnell,144037,QB,PITTSBURGH,1,66.7,3,3,25.3,2.93,0,0,0.0,66.7,2,0,1,0.0,3,0,2,268,62.7,68.9,68.5,,0,0,3,0,0.0,149.3,0.0,0,0,0,0,1,0,0.0,75,25.0
9,Aidan Chiles,173727,QB,OREGON ST,1,66.7,3,3,23.3,2.73,0,1,33.3,66.7,2,0,1,0.0,3,0,1,265,14.3,58.0,63.6,56.3,0,0,3,0,0.0,109.7,0.0,0,0,0,0,0,1,33.3,58,19.3
9,AJ Bianco,158232,QB,NEVADA,1,66.7,3,3,12.3,2.25,0,0,0.0,66.7,2,0,1,0.0,4,0,2,239,70.4,62.3,56.1,68.7,0,0,6,1,100.0,109.7,25.0,1,0,0,0,0,0,0.0,39,13.0
9,Malik Hornsby,123957,QB,TEXAS ST,1,50.0,2,2,5.5,2.65,0,0,0.0,50.0,1,0,0,0.0,2,0,0,314,66.8,71.0,54.2,68.6,0,0,2,0,,72.9,0.0,0,0,0,0,0,0,0.0,14,7.0
9,Owen McCown,157688,QB,UTSA,1,0.0,2,2,26.0,2.75,0,0,0.0,0.0,0,0,0,,2,0,0,331,64.4,55.2,53.7,60.0,0,0,2,0,,39.6,0.0,0,0,0,0,0,0,0.0,0,0.0
9,Ethan Vasko,163817,QB,COAST CAR,1,0.0,1,1,21.0,2.6,0,0,0.0,0.0,0,0,0,,1,0,0,141,69.9,64.6,27.7,78.9,0,0,1,0,,39.6,0.0,0,0,0,0,0,1,100.0,0,0.0
9,Bennett Meredith,157189,QB,PURDUE,1,100.0,1,1,-4.0,0.9,0,0,0.0,100.0,1,0,0,0.0,1,0,0,273,60.3,61.5,61.0,,0,0,1,0,,79.2,0.0,0,0,0,0,0,0,0.0,-1,-1.0
9,Simeon Evans,147304,WR,SM HOUSTON,1,100.0,1,1,23.0,3.3,0,0,0.0,100.0,1,0,1,0.0,1,0,1,281,63.7,65.5,76.6,,0,0,1,0,0.0,118.8,0.0,0,0,0,0,0,0,0.0,23,23.0
9,Kyre Duplessis,147082,WR,COAST CAR,1,100.0,1,1,-7.0,2.6,0,0,0.0,100.0,1,0,1,0.0,1,0,0,141,60.3,59.1,60.4,,0,0,1,0,0.0,79.2,0.0,0,0,0,0,0,0,0.0,-7,-7.0
9,Jaylin Lane,121811,WR,VA TECH,1,0.0,1,1,24.0,4.3,0,0,0.0,0.0,0,0,1,,1,0,0,337,68.5,75.9,50.4,64.7,0,0,1,0,0.0,39.6,0.0,0,0,0,0,0,0,0.0,0,0.0
9,Jake Rubley,144589,QB,KANSAS ST,1,100.0,1,1,4.0,1.8,0,0,0.0,100.0,1,0,0,0.0,1,0,0,199,60.3,61.9,60.6,,0,0,1,0,,87.5,0.0,0,0,0,0,0,0,0.0,5,5.0
9,Tyrone Howell,144588,WR,LA MONROE,1,0.0,1,1,22.0,3.0,0,0,0.0,0.0,0,0,0,,1,0,0,209,65.9,56.5,58.4,,0,0,1,0,,39.6,0.0,0,0,0,0,0,0,0.0,0,0.0
9,Malachi Thomas,144107,HB,VA TECH,1,100.0,1,1,17.0,2.9,0,0,0.0,100.0,1,0,0,0.0,1,0,1,337,74.3,75.0,72.6,76.5,0,0,1,1,,158.3,0.0,0,0,0,0,1,0,0.0,16,16.0
9,Tiger Bachmeier,174177,WR,STANFORD,1,100.0,1,1,6.0,2.0,0,0,0.0,0.0,0,0,0,100.0,1,1,0,300,68.0,66.4,53.7,,0,0,1,0,,39.6,0.0,0,0,0,0,0,0,0.0,0,0.0
9,Collin Schlee,98025,QB,UCLA,1,0.0,1,1,21.0,2.8,0,0,0.0,0.0,0,0,0,,1,0,0,324,68.7,59.9,37.9,69.5,0,1,1,0,,0.0,0.0,0,0,0,0,0,1,100.0,0,0.0
9,Devaughn Vele,100637,WR,UTAH,1,100.0,1,1,4.0,3.5,0,0,0.0,100.0,1,0,1,0.0,1,0,1,328,66.9,74.4,73.7,,0,0,1,0,0.0,91.7,0.0,0,0,0,0,0,0,0.0,6,6.0
9,Frank Gore Jr.,121457,HB,SO MISS,1,,0,1,,2.6,1,0,0.0,0.0,0,0,1,,2,0,0,296,77.4,92.2,55.4,92.9,0,0,2,0,100.0,39.6,50.0,1,0,0,0,0,0,0.0,0,0.0
9,Tate Rodemaker,122414,QB,FLORIDA ST,1,100.0,1,1,15.0,4.15,0,0,0.0,100.0,1,0,0,0.0,2,0,1,167,66.2,60.0,73.1,57.9,0,0,2,1,,118.8,0.0,0,1,0,0,0,0,0.0,23,23.0
9,Spencer Sanders,77660,QB,OLE MISS,1,100.0,1,1,3.0,3.85,0,0,0.0,100.0,1,0,1,0.0,2,0,1,226,64.4,72.2,69.2,56.5,0,0,2,0,0.0,118.8,0.0,0,1,0,0,0,0,0.0,14,14.0
9,Evan Svoboda,157664,QB,WYOMING,1,0.0,1,1,9.0,2.7,0,0,0.0,0.0,0,0,0,,1,0,0,351,60.3,24.3,25.4,,0,0,1,0,,39.6,0.0,0,0,0,0,0,1,100.0,0,0.0
9,Cam'Ron McCoy,157481,QB,E MICHIGAN,1,0.0,1,1,5.0,1.9,0,0,0.0,0.0,0,0,0,,1,0,0,160,63.7,27.5,34.2,59.5,0,1,1,0,,0.0,0.0,0,0,0,0,0,1,100.0,0,0.0
9,Nicco Marchiol,157363,QB,W VIRGINIA,1,100.0,1,1,-3.0,1.7,0,0,0.0,100.0,1,0,0,0.0,1,0,0,343,60.3,61.1,61.0,,0,0,1,0,,79.2,0.0,0,0,0,0,0,0,0.0,0,0.0
9,Max Brosmer,105568,QB,NEW HAMP,1,76.8,56,61,8.4,2.43,4,3,4.6,67.2,41,0,15,4.7,64,2,23,240,71.5,70.3,72.2,56.8,0,1,68,1,6.7,91.6,1.6,1,2,0,1,2,2,2.9,430,7.0
9,Danny Lauter,162145,QB,GEORGETOWN,1,75.5,49,56,8.2,2.23,5,2,3.3,62.5,35,0,17,5.4,60,2,17,172,46.0,68.6,68.0,61.0,2,2,64,0,11.8,89.0,3.3,2,2,0,0,3,3,4.7,428,7.6
9,Aidan Sayin,148974,QB,PENN,1,67.3,52,54,8.3,2.38,0,4,7.3,59.3,32,0,19,8.6,57,3,21,267,42.3,77.1,76.4,66.6,2,3,58,1,10.5,65.5,3.5,2,1,0,0,2,3,5.2,322,6.0
9,Noah Walters,164315,QB,N ALABAMA,1,68.1,47,53,7.5,2.34,1,4,7.3,54.7,29,0,14,9.4,55,3,17,389,72.4,77.4,76.0,65.6,0,0,58,0,0.0,106.7,0.0,0,2,0,5,5,1,1.7,351,6.6
9,Cole Gonzales,159939,QB,W CAROLINA,1,76.1,46,52,11.5,2.95,1,2,3.6,61.5,32,0,23,8.6,61,3,22,344,25.9,57.1,53.2,69.1,1,3,64,0,13.0,92.5,4.9,3,6,1,3,5,6,9.4,388,7.5
9,Pat McQuaide,145792,QB,NICHOLLS,1,61.7,47,52,10.1,2.67,1,2,3.7,48.1,25,0,14,13.8,55,4,14,243,71.1,58.0,58.1,57.7,0,1,57,0,7.1,73.3,1.8,1,1,0,4,2,0,0.0,329,6.3
9,Kobe Tracy,141317,QB,UTAHTC,1,64.6,48,49,8.7,2.31,1,1,2.0,53.1,26,0,2,16.1,50,5,13,1285,70.1,81.7,81.2,60.4,0,0,51,0,0.0,88.1,0.0,0,1,0,0,3,0,0.0,252,5.1
9,Brock Bagozzi,149648,QB,MARIST,1,68.9,45,49,8.9,2.69,0,1,2.0,59.2,29,0,18,6.5,52,2,14,213,71.0,60.9,58.9,64.2,1,2,55,1,5.6,59.1,1.9,1,2,0,3,0,2,3.6,290,5.9
9,Carter Cravens,150714,QB,MOREHEAD,1,54.8,42,47,10.6,2.5,2,0,0.0,46.8,22,0,15,4.3,51,1,12,234,71.4,56.1,50.8,71.7,0,1,56,1,6.7,52.3,2.0,1,3,0,3,0,1,1.8,227,4.8
9,Miles Hastings,103943,QB,UC DAVIS,1,64.4,45,46,10.1,2.11,0,2,4.1,58.7,27,0,7,6.9,48,2,15,322,37.6,69.0,70.8,,0,3,51,1,28.6,67.9,4.2,2,0,0,1,2,5,9.8,327,7.1
9,Ralph Rucker IV,144625,QB,BUCKNELL,1,78.6,42,44,7.8,2.3,1,2,4.3,75.0,33,0,8,0.0,49,0,18,125,70.5,81.3,82.3,56.1,0,0,52,0,25.0,131.5,4.1,2,1,0,1,4,0,0.0,387,8.8
9,Derek Robertson,142298,QB,MAINE,1,79.5,39,43,6.9,2.41,1,0,0.0,67.4,29,0,16,6.5,46,2,17,212,37.8,56.8,64.5,36.3,0,2,47,0,6.3,83.9,2.2,1,2,0,3,3,1,2.1,224,5.2
9,Zack Annexstad,83516,QB,ILL STATE,1,78.0,41,43,6.1,2.46,0,1,2.3,74.4,32,0,11,0.0,44,0,15,188,69.8,81.6,80.1,62.3,0,1,45,0,0.0,97.4,0.0,0,0,0,2,2,1,2.2,284,6.6
9,Jameson Wang,148782,QB,CORNELL,1,76.9,39,42,7.6,2.83,1,2,4.5,61.9,26,0,14,13.3,46,4,13,147,43.8,69.6,69.2,61.6,0,1,48,0,7.1,68.2,2.2,1,3,0,2,0,2,4.2,246,5.9
9,Xavier Lankford,142724,QB,ALAB A&M,1,60.0,40,41,9.3,2.3,1,2,4.7,56.1,23,0,15,4.2,45,1,10,104,45.1,52.2,56.0,53.4,0,1,47,2,13.3,70.1,4.4,2,2,0,0,1,3,6.4,229,5.6
9,Kekoa Visperas,147588,QB,E WASHGTON,1,71.1,38,41,8.3,2.7,1,3,7.0,63.4,26,0,10,3.7,47,1,15,161,37.1,64.1,63.4,60.4,0,2,50,0,10.0,79.8,2.1,1,5,0,2,2,1,2.0,285,7.0
9,Dylan Cadwallader,108978,QB,DARTMOUTH,1,72.5,40,41,8.0,2.68,0,1,2.4,63.4,26,0,11,10.3,44,3,12,148,35.6,60.0,62.0,53.3,0,1,45,0,18.2,66.6,4.5,2,1,1,0,0,3,6.7,215,5.2
9,Josh Magana,174601,QB,TXAMCO,1,52.5,40,40,10.5,2.48,0,1,2.5,50.0,20,0,22,4.8,46,1,11,1139,70.7,52.7,50.4,65.0,0,2,47,1,9.1,41.0,4.3,2,3,0,0,0,3,6.4,174,4.4
9,Jordan Pachot,164809,QB,MO STATE,1,72.2,36,40,8.1,2.67,1,0,0.0,62.5,25,0,17,3.8,48,1,15,230,70.4,55.4,57.5,52.1,1,1,50,0,29.4,95.9,10.4,5,3,2,0,2,3,6.0,341,8.5
9,Jake Willcox,148649,QB,BROWN,1,78.4,37,40,5.3,2.52,0,1,2.5,70.0,28,0,10,3.4,47,1,19,123,69.9,74.9,73.0,66.0,0,0,47,1,20.0,111.4,4.3,2,5,0,3,3,1,2.1,249,6.2
9,Nathan Kent,148446,QB,TOWSON,1,61.8,34,39,9.1,2.35,1,1,2.6,53.8,21,0,15,0.0,44,0,14,317,70.1,61.0,59.9,61.3,0,1,44,0,20.0,73.1,6.8,3,2,0,4,1,1,2.3,265,6.8
9,JaCobian Morgan,123050,QB,JACKSON ST,1,78.9,38,38,9.3,2.6,0,2,5.0,73.7,28,0,10,6.7,45,2,17,194,71.4,78.7,76.3,67.5,0,1,47,0,30.0,135.7,6.7,3,4,0,0,5,1,2.1,398,10.5
9,Richard Torres,156456,QB,INCAR WORD,1,75.0,36,37,9.5,2.38,0,4,10.8,64.9,24,0,6,11.1,38,3,13,189,45.3,84.7,87.0,53.1,0,0,38,0,16.7,108.7,2.6,1,0,0,1,2,0,0.0,307,8.3
9,Kinkead Dent,99132,QB,TENN MARTN,1,58.8,34,37,11.9,2.62,2,2,5.3,54.1,20,0,14,0.0,40,0,12,310,33.2,55.7,47.9,78.5,1,1,41,0,7.1,88.3,2.5,1,2,0,0,3,1,2.4,226,6.1
9,Michael Hiers,88636,QB,SAMFORD,1,85.3,34,37,9.2,2.56,2,2,5.4,70.3,26,0,4,10.3,40,3,19,282,69.9,90.7,91.6,55.8,1,0,40,0,25.0,127.4,2.5,1,2,0,0,3,0,0.0,353,9.5
9,Zevi Eckhaus,148535,QB,BRYANT,1,83.3,36,37,9.2,2.35,1,4,10.3,78.4,29,0,9,3.3,39,1,20,124,69.1,93.0,93.1,57.3,0,1,41,0,11.1,129.6,2.6,1,1,0,0,4,1,2.4,339,9.2
9,Will McElvain,88639,QB,CENT ARK,1,76.5,34,37,9.2,2.85,1,2,5.3,59.5,22,0,3,15.4,43,4,12,132,36.2,87.3,84.1,70.9,0,0,44,0,66.7,98.4,4.7,2,4,0,2,3,1,2.3,175,4.7
9,CJ Montes,146114,QB,FORDHAM,1,85.7,35,36,11.1,2.68,0,2,5.1,80.6,29,0,5,3.3,40,1,20,168,22.3,83.8,81.1,68.6,0,1,43,1,60.0,139.6,7.5,3,1,0,1,4,3,7.0,410,11.4
9,Michael Brescia,149295,QB,COLGATE,1,69.7,33,36,5.1,2.53,1,0,0.0,58.3,21,0,11,8.7,40,2,13,142,70.3,67.1,61.2,72.5,1,2,41,1,18.2,58.1,5.0,2,2,0,1,1,0,0.0,184,5.1
9,Tommy Schuster,108954,QB,N DAKOTA,1,84.8,33,36,8.9,2.56,1,5,13.2,72.2,26,0,8,7.1,38,2,14,249,69.1,92.3,91.2,70.0,0,1,41,0,12.5,120.6,2.6,1,1,2,0,4,0,0.0,284,7.9
9,Tyler Huff,142567,QB,FURMAN,1,80.0,30,35,9.2,2.27,0,1,2.8,60.0,21,0,10,12.5,37,3,11,170,70.6,72.1,70.7,63.1,1,0,38,0,10.0,87.2,2.7,1,1,0,4,1,0,0.0,215,6.1
9,Joe Pesansky,149434,QB,HOLY CROSS,1,74.2,31,34,15.2,2.75,0,4,11.1,58.8,20,0,7,13.0,37,3,16,181,71.1,93.7,93.9,63.9,1,1,40,0,28.6,109.6,5.4,2,1,0,2,3,0,0.0,337,9.9
9,Matt O'Connor,108972,QB,STETSON,1,71.0,31,34,8.1,2.57,2,4,11.4,41.2,14,0,18,36.4,39,8,8,302,35.1,64.1,61.6,64.0,1,1,40,0,11.1,47.9,5.1,2,3,0,0,0,2,5.0,194,5.7
9,Hajj-Malik Williams,102348,QB,CAMPBELL,1,62.5,32,33,11.7,2.99,0,1,2.9,60.6,20,0,12,0.0,42,0,12,131,17.5,51.4,38.7,74.9,0,2,46,0,25.0,59.3,7.1,3,6,0,1,1,4,8.7,173,5.2
9,Parker McKinney,82109,QB,E KENTUCKY,1,71.0,31,33,8.7,2.47,0,2,6.1,63.6,21,0,6,4.5,36,1,15,159,69.2,89.6,87.7,65.5,0,1,36,0,33.3,113.4,5.6,2,1,0,2,3,0,0.0,322,9.8
9,Darius Wilson,148492,QB,WM & MARY,1,75.8,33,33,7.8,2.64,0,1,3.0,72.7,24,0,4,4.0,39,1,18,348,71.1,78.9,80.6,65.4,0,0,40,1,50.0,118.6,5.1,2,4,0,0,2,1,2.5,283,8.6
9,Jaylen King,170801,QB,GARD-WEBB,1,66.7,30,33,12.7,3.26,2,4,11.1,48.5,16,0,14,20.0,43,4,9,171,71.3,73.6,78.9,55.7,0,0,46,0,28.6,90.0,9.3,4,6,0,1,2,1,2.2,216,6.5
9,Mitch Davidson,138334,QB,YNGTOWN ST,1,84.4,32,33,7.4,2.25,0,5,15.2,78.8,26,0,3,3.7,34,1,15,353,69.1,91.6,91.4,63.8,0,0,34,0,0.0,155.5,0.0,0,1,0,1,4,0,0.0,390,11.8
9,Joe Green,101283,QB,COLUMBIA,1,56.7,30,32,10.0,2.55,1,1,3.0,50.0,16,0,5,5.9,37,1,8,145,68.9,62.8,57.3,72.9,0,0,38,1,40.0,69.5,5.4,2,3,0,1,1,0,0.0,118,3.7
9,Blake Stenstrom,82106,QB,PRINCETON,1,70.0,30,32,9.6,2.8,2,1,2.9,62.5,20,0,13,4.8,37,1,10,272,69.0,69.8,71.8,52.8,0,0,40,0,23.1,113.9,8.1,3,2,0,0,2,1,2.5,299,9.3
9,Colby Suits,82143,QB,HOUCHR,1,78.1,32,32,8.0,2.26,0,0,0.0,65.6,21,0,8,16.0,36,4,10,183,69.8,70.8,73.2,54.6,0,1,39,0,25.0,85.7,5.6,2,2,0,0,1,3,7.7,242,7.6
9,Collin Ironside,139107,QB,VA MILT IN,1,70.0,30,32,8.8,2.23,0,2,5.7,62.5,20,0,11,4.8,35,1,10,336,69.3,71.8,69.5,63.3,2,2,38,0,18.2,52.1,5.7,2,0,0,0,0,1,2.6,184,5.8
9,Steven Krajewski,77650,QB,WAGNER,1,60.0,30,32,7.6,2.43,0,0,0.0,53.1,17,0,11,5.6,37,1,10,338,69.9,64.8,68.6,49.5,1,0,40,0,18.2,98.4,5.4,2,3,0,1,3,1,2.5,160,5.0
9,Aidan Bouman,122508,QB,S DAKOTA,1,69.0,29,31,10.2,2.43,0,1,3.2,54.8,17,0,12,15.0,33,3,7,291,28.9,52.8,49.9,64.2,0,2,34,0,8.3,38.8,3.0,1,0,0,2,0,3,8.8,133,4.3
9,Kasim Hill,60444,QB,RHODE ISLD,1,79.3,29,31,7.6,2.36,0,1,3.1,67.7,21,0,9,8.7,34,2,12,274,28.2,71.1,73.0,55.8,0,0,35,0,22.2,106.9,5.9,2,1,0,2,1,2,5.7,280,9.0
9,Nolan Grooms,108987,QB,YALE,1,83.9,31,31,7.0,1.93,0,1,3.2,80.6,25,0,4,3.8,39,1,16,352,73.1,89.0,73.5,87.4,0,1,39,0,50.0,95.6,5.1,2,2,0,0,1,1,2.6,235,7.6
9,Reese Poffenbarger,145346,QB,ALBANY,1,67.9,28,30,17.0,2.4,1,3,9.1,60.0,18,0,9,5.3,31,1,12,106,70.0,86.4,88.1,56.5,0,0,34,0,0.0,120.0,0.0,0,1,0,1,2,0,0.0,329,11.0
9,Carter Peevy,129563,QB,MERCER,1,66.7,30,30,11.2,2.86,0,1,3.1,66.7,20,0,9,0.0,37,0,15,219,43.0,74.6,74.6,63.7,0,1,39,0,22.2,90.3,5.4,2,5,0,0,1,2,5.1,255,8.5
9,Theo Day,83515,QB,N IOWA,1,75.0,28,30,10.5,2.77,0,1,3.2,66.7,20,0,14,4.8,35,1,16,255,70.5,79.1,79.9,60.6,2,1,36,0,21.4,95.0,8.6,3,2,0,0,1,1,2.8,289,9.6
9,Ashur Carraha,165036,QB,STHLSK,1,55.6,27,30,10.5,2.81,2,0,0.0,46.7,14,0,9,6.7,31,1,8,1470,68.9,38.3,37.7,57.0,0,3,32,0,11.1,46.1,3.2,1,0,0,1,2,4,12.5,162,5.4
9,Hunter Hays,141593,QB,IDAHO ST,1,63.0,27,30,9.8,2.26,0,1,3.2,53.3,16,0,12,5.9,34,1,7,186,70.5,52.6,49.4,63.5,2,2,35,0,8.3,67.4,2.9,1,2,0,1,2,5,14.3,190,6.3
9,Gevani McCoy,147609,QB,IDAHO,1,75.9,29,29,8.8,2.76,0,2,6.5,75.9,22,0,14,0.0,35,0,12,185,71.4,79.9,80.1,63.9,0,0,37,0,28.6,121.2,11.4,4,2,0,0,2,0,0.0,229,7.9
9,Anthony Chiccitt,141376,QB,ROB MORRIS,1,76.9,26,28,7.0,2.53,0,1,3.4,71.4,20,0,9,0.0,32,0,10,277,29.1,60.0,54.7,71.9,1,1,33,0,22.2,90.3,6.3,2,2,0,1,2,2,6.1,133,4.8
9,Davius Richard,109077,QB,NC CENT,1,76.9,26,27,11.4,2.52,1,3,11.1,66.7,18,0,12,10.0,29,2,14,247,70.2,90.5,87.5,73.3,0,1,29,0,0.0,133.9,0.0,0,2,0,0,5,0,0.0,352,13.0
9,Tylik Bethea,108957,QB,BETH COOK,1,36.0,25,27,13.1,2.47,0,0,0.0,33.3,9,0,14,0.0,32,0,5,119,72.3,33.9,31.1,54.3,1,3,33,0,28.6,2.8,12.5,4,1,0,1,0,2,6.1,81,3.0
9,DJ Williams,138061,QB,MURRAY ST,1,69.6,23,26,7.2,2.89,1,2,7.4,57.7,15,0,15,6.3,29,1,5,236,32.7,67.0,74.7,48.7,1,1,30,0,13.3,51.4,6.9,2,1,0,1,0,0,0.0,108,4.2
9,Mike DiLiello,121801,QB,AUSTINPEAY,1,84.6,26,26,7.8,2.48,0,2,7.4,76.9,20,0,9,9.1,33,2,11,116,73.1,69.0,71.4,61.5,0,0,36,2,55.6,157.9,15.2,5,1,0,0,6,1,2.8,353,13.6
9,Matt Morrissey,148177,QB,W ILLINOIS,1,54.2,24,26,6.1,2.33,1,2,7.4,42.3,11,0,11,15.4,30,2,3,345,71.2,60.8,58.5,62.8,1,0,31,0,27.3,49.8,10.0,3,0,0,0,0,0,0.0,48,1.8
9,Matt Jenner,174488,QB,CENT CT ST,1,60.0,20,25,7.1,2.61,2,2,6.9,40.0,10,0,20,16.7,29,2,7,133,69.0,50.1,50.1,56.5,1,1,33,1,10.0,74.9,6.9,2,1,0,2,2,1,3.0,177,7.1
9,Myles Crawley,141731,QB,GRAMBLING,1,68.2,22,25,5.2,2.53,1,0,0.0,52.0,13,0,9,13.3,28,2,6,177,69.7,56.2,55.7,57.5,0,0,29,1,33.3,71.7,10.7,3,0,0,2,0,0,0.0,158,6.3
9,Jeremy Moussa,75887,QB,FL A&M,1,66.7,24,25,12.8,2.3,1,3,12.0,56.0,14,0,8,12.5,26,2,10,164,67.8,85.4,85.5,60.0,0,1,26,0,12.5,116.7,3.8,1,0,0,0,3,1,3.8,270,10.8
9,Quinton Williams,102366,QB,HOWARD,1,79.2,24,25,8.5,2.54,0,2,8.0,76.0,19,0,6,0.0,28,0,9,184,69.1,84.7,82.9,65.9,0,0,28,0,33.3,106.9,7.1,2,1,0,1,1,0,0.0,169,6.8
9,Aaron Allen,78494,QB,ALCORN ST,1,70.8,24,25,7.5,2.65,0,0,0.0,68.0,17,0,7,0.0,31,0,11,107,69.1,55.6,45.2,74.5,0,1,34,0,14.3,72.9,3.2,1,5,0,1,0,3,8.8,185,7.4
9,Darius Perrantes,103934,QB,DUQUESNE,1,56.0,25,25,15.8,2.23,0,3,11.1,52.0,13,0,7,7.1,25,1,10,155,68.5,79.8,79.2,57.3,0,2,27,0,0.0,72.6,0.0,0,0,0,0,2,1,3.7,203,8.1
9,Ty'Jarian Williams,178887,QB,MS VLY ST,1,75.0,24,25,4.5,2.51,0,0,0.0,72.0,18,0,15,0.0,32,0,2,228,34.7,60.6,52.8,70.1,1,1,33,0,33.3,57.9,15.6,5,2,0,0,0,2,6.1,70,2.8
9,Otto Kuhns,138014,QB,NORFOLK,1,54.5,22,25,10.4,3.41,0,0,0.0,44.0,11,0,9,8.3,26,1,8,244,71.0,37.1,31.5,61.0,1,2,27,0,0.0,47.4,0.0,0,1,0,2,1,3,11.1,172,6.9
9,Chancellor Edwards,167000,QB,ARKAPB,1,66.7,24,25,6.6,2.3,0,0,0.0,60.0,15,0,8,6.3,31,1,7,112,28.6,44.7,54.6,34.1,1,0,33,0,25.0,67.1,6.5,2,3,0,0,0,1,3.0,90,3.6
9,Jace Wilson,149892,QB,TEXAS STHN,1,78.3,23,24,5.9,2.69,0,0,0.0,70.8,17,0,8,5.6,31,1,13,313,11.1,52.5,52.6,58.0,0,1,34,2,37.5,69.4,9.7,3,4,0,1,0,4,11.8,148,6.2
9,Cam Miller,125299,QB,N DAK ST,1,79.2,24,24,6.4,2.67,0,0,0.0,75.0,18,0,1,5.3,26,1,10,250,70.1,69.8,67.3,65.7,0,0,28,0,0.0,125.7,0.0,0,2,0,0,2,1,3.6,192,8.0
9,Trazon Connley,75885,QB,PRVIEW A&M,1,40.9,22,24,13.4,2.9,0,0,0.0,37.5,9,0,8,0.0,31,0,4,270,70.7,28.7,28.6,48.5,0,3,31,0,37.5,26.2,9.7,3,4,0,2,1,3,9.7,107,4.5
9,Patrick Heitert,126526,QB,SE MO ST,1,65.0,20,24,8.9,3.31,1,1,4.0,54.2,13,0,11,0.0,30,0,6,293,73.0,66.2,60.1,69.8,1,0,33,1,36.4,84.2,13.3,4,2,0,2,1,1,3.0,133,5.5
9,Robert Coleman,76149,QB,LAMAR,1,50.0,24,24,11.5,3.29,0,0,0.0,45.8,11,0,12,8.3,33,1,3,204,29.7,44.0,43.4,60.7,0,1,35,1,41.7,39.9,15.2,5,4,0,0,0,2,5.7,98,4.1
9,Tyler Wesley,162286,QB,PRESBYTERN,1,76.2,21,24,11.8,2.66,0,3,10.7,66.7,16,0,17,0.0,31,0,9,271,72.7,82.1,66.8,83.1,2,0,35,0,17.6,118.6,9.7,3,4,0,1,2,1,2.9,191,8.0
9,William Riddle,161252,QB,E TENN ST,1,56.5,23,24,10.2,2.08,1,1,3.8,45.8,11,0,10,15.4,28,2,5,157,68.8,39.4,36.8,61.6,0,3,30,0,20.0,20.0,7.1,2,1,0,0,0,5,16.7,111,4.6
9,Tommy Mellott,147646,QB,MONTANA ST,1,63.6,22,24,14.8,2.62,0,2,8.0,50.0,12,0,10,14.3,28,2,11,233,69.2,75.3,75.8,60.9,0,0,29,0,10.0,104.7,3.6,1,3,0,2,2,1,3.4,191,8.0
9,Luke Bailey,143172,QB,DRAKE,1,40.9,22,23,10.8,2.81,0,1,4.2,34.8,8,0,9,11.1,23,1,4,153,67.7,40.8,38.0,,0,3,25,0,0.0,9.1,0.0,0,0,0,1,0,2,8.0,97,4.2
9,Damon Stewart,156626,QB,ALABAMA ST,1,76.2,21,23,9.8,2.7,1,1,4.2,69.6,16,0,8,0.0,26,0,7,105,69.6,74.5,81.0,51.5,0,0,27,1,0.0,111.7,0.0,0,2,0,1,1,0,0.0,205,8.9
9,Marquez McCray,109056,QB,MONMOUTH,1,66.7,18,23,8.6,3.77,0,1,4.0,52.2,12,0,7,0.0,26,0,9,231,68.6,56.6,62.3,50.5,0,1,28,1,14.3,64.0,3.8,1,2,0,5,1,1,3.6,122,5.3
9,Rob McCoy,108989,QB,SACR HEART,1,47.8,23,23,12.6,2.67,0,0,0.0,47.8,11,0,11,0.0,25,0,5,280,28.5,34.1,41.8,42.5,0,0,27,1,0.0,56.8,0.0,0,2,0,0,0,2,7.4,82,3.6
9,Dean DeNobile,159740,QB,LAFAYETTE,1,63.6,22,23,14.0,2.77,0,2,8.3,52.2,12,0,12,14.3,25,2,7,203,71.0,68.0,61.6,71.9,0,2,27,0,16.7,54.8,8.0,2,0,0,1,1,3,11.1,171,7.4
9,Rowan Keefe,165386,QB,VALPO,1,63.2,19,22,10.5,2.77,1,0,0.0,50.0,11,0,12,8.3,25,1,7,332,68.4,46.7,47.1,55.8,0,1,27,0,16.7,57.4,8.0,2,1,1,1,0,2,7.4,172,7.8
9,Casey Case,130402,QB,STNY BROOK,1,63.2,19,22,7.9,2.33,0,0,0.0,54.5,12,0,8,0.0,23,0,6,303,67.9,62.6,58.8,57.3,1,1,24,0,0.0,65.2,0.0,0,1,0,2,1,1,4.2,113,5.1
9,Victor Gabalis,131932,QB,TARLETON,1,61.9,21,22,12.0,2.0,1,2,8.7,54.5,12,0,4,7.7,24,1,6,401,70.0,80.0,79.6,63.0,0,0,27,0,50.0,79.4,8.3,2,0,0,0,0,0,0.0,168,7.6
9,Graeson Underwood,123202,QB,CITADEL,1,63.6,22,22,9.1,2.22,0,0,0.0,50.0,11,0,2,21.4,23,3,5,139,68.8,54.3,57.8,53.3,0,0,24,1,0.0,82.0,0.0,0,1,0,0,1,1,4.2,122,5.5
9,JR Blood,104782,QB,SOUTHERN U,1,38.1,21,22,15.8,3.17,0,1,4.0,31.8,7,0,8,12.5,30,1,4,297,69.0,46.9,45.9,57.8,1,1,33,0,62.5,22.2,16.7,5,2,0,0,0,1,3.0,57,2.6
9,Chris Zellous,153319,QB,HAMPTON,1,68.2,22,22,12.8,2.19,0,1,3.7,63.6,14,0,4,6.7,23,1,10,178,42.0,66.0,54.5,73.8,0,1,28,0,0.0,110.2,0.0,0,1,0,0,2,2,7.1,231,10.5
9,Chris Howell,171592,QB,LIUSHAR,1,61.9,21,22,10.5,2.88,1,0,0.0,54.5,12,0,6,7.7,23,1,6,1298,30.5,56.2,57.3,55.7,0,0,23,0,0.0,89.8,0.0,0,1,0,0,1,2,8.7,143,6.5
9,Jordyn Potts,174577,QB,TENN TECH,1,57.9,19,22,7.2,2.78,1,0,0.0,45.5,10,0,10,9.1,25,1,5,309,72.6,60.5,47.8,70.7,0,1,27,0,0.0,61.0,0.0,0,3,0,2,1,1,3.7,131,6.0
9,Maverick McIvor,99476,QB,ABILENE CH,1,61.9,21,21,13.2,2.41,0,1,4.5,42.9,9,0,7,30.8,25,4,4,100,68.4,59.7,58.8,60.0,0,3,26,0,42.9,28.8,12.0,3,1,0,0,1,1,3.8,74,3.5
9,Carson Conklin,170765,QB,SACRAMENTO,1,73.7,19,21,11.9,2.35,0,1,4.5,66.7,14,0,2,0.0,22,0,7,279,17.2,60.2,64.8,49.2,0,0,23,0,0.0,143.7,0.0,0,1,0,2,3,2,8.7,234,11.1
9,Justin Miller,103941,QB,SO UTAH,1,85.7,21,21,10.5,2.46,0,1,4.5,85.7,18,0,3,0.0,22,0,11,298,68.1,79.8,82.1,55.7,0,0,23,0,0.0,140.4,0.0,0,1,0,0,3,0,0.0,172,8.2
9,Aaron Angelos,100576,QB,DELWARE ST,1,66.7,18,21,8.6,2.65,0,0,0.0,57.1,12,0,3,0.0,22,0,7,152,26.3,53.7,65.2,36.4,1,0,24,0,0.0,76.3,0.0,0,1,0,2,0,2,8.3,134,6.4
9,Bret Bushka,108927,QB,BUTLER,1,68.4,19,21,5.5,2.9,0,1,4.3,61.9,13,0,8,0.0,30,0,8,127,34.1,69.3,72.0,60.4,1,0,32,0,12.5,71.3,3.3,1,8,0,1,0,0,0.0,89,4.2
9,Jacob Sirmon,83590,QB,N COLORADO,1,52.9,17,20,10.5,2.47,0,1,4.8,30.0,6,0,15,33.3,23,3,1,253,68.2,41.8,40.3,59.7,1,2,24,0,20.0,0.0,13.0,3,0,0,2,0,2,8.3,43,2.2
9,Mark Gronowski,138303,QB,S DAK ST,1,76.5,17,20,8.7,3.06,1,2,10.0,65.0,13,0,4,0.0,23,0,10,292,69.9,77.3,70.5,69.8,0,1,23,0,0.0,78.5,0.0,0,3,1,1,0,1,4.3,207,10.4
9,Cade Chambers,148066,QB,INDIANA ST,1,63.2,19,20,9.6,2.68,0,1,5.0,60.0,12,0,7,0.0,22,0,8,191,68.0,68.3,66.3,63.4,1,0,22,0,14.3,96.3,4.5,1,1,0,0,1,0,0.0,132,6.6
9,Carson Baker,83548,QB,MORGAN ST,1,52.9,17,19,12.1,3.1,0,0,0.0,47.4,9,0,12,0.0,30,0,7,235,28.9,50.4,52.0,53.6,0,0,32,0,50.0,67.0,20.0,6,5,0,2,0,1,3.1,116,6.1
9,Connor Watkins,108971,QB,VILLANOVA,1,76.5,17,19,13.4,2.62,0,4,20.0,68.4,13,0,4,0.0,21,0,13,334,68.7,91.7,91.9,64.2,2,0,22,0,0.0,150.8,0.0,0,2,0,0,4,0,0.0,361,19.0
9,Dom Nankil,182292,QB,SAN DIEGO,1,64.7,17,19,15.9,3.0,0,2,10.0,57.9,11,0,8,0.0,23,0,8,283,69.6,69.2,68.6,61.5,0,2,24,0,37.5,54.4,13.0,3,1,0,2,0,2,8.3,199,10.5
9,Nick Whitfield Jr.,159490,QB,ST FRANCIS,1,58.8,17,18,8.2,2.7,0,0,0.0,55.6,10,0,8,0.0,22,0,5,299,26.4,34.4,28.8,56.7,0,0,23,0,37.5,123.4,13.6,3,1,0,1,2,2,8.7,164,9.1
9,Zach Marker,173615,QB,DELAWARE,1,94.1,17,18,8.5,3.13,0,1,5.6,88.9,16,0,9,0.0,23,0,13,151,70.5,86.5,92.0,58.5,0,0,25,1,22.2,155.8,8.7,2,3,0,1,2,0,0.0,307,17.1
9,Amari Powell,165320,QB,STTHOM,1,76.5,17,17,10.1,2.21,0,0,0.0,64.7,11,0,6,15.4,18,2,8,1129,67.6,59.0,58.2,60.5,0,1,18,0,16.7,101.8,5.6,1,0,0,0,2,1,5.6,127,7.5
9,Nic Baker,87541,QB,S ILLINOIS,1,80.0,15,17,13.7,2.99,1,4,23.5,64.7,11,0,3,8.3,19,1,7,295,23.4,79.6,90.1,42.4,1,0,19,0,0.0,141.2,0.0,0,2,0,0,3,2,10.5,186,10.9
9,Chase Artopoeus,100577,QB,CHATTNOOGA,1,64.7,17,17,12.3,3.24,0,3,17.6,52.9,9,0,5,18.2,20,2,7,137,69.7,74.8,80.3,53.2,0,0,20,0,40.0,110.9,10.0,2,1,0,0,1,0,0.0,184,10.8
9,Corey Fields Jr.,78539,QB,SCAR STATE,1,50.0,14,16,8.9,2.68,1,0,0.0,43.8,7,0,6,0.0,19,0,5,290,69.1,60.7,56.5,64.6,0,0,20,0,33.3,99.0,10.5,2,1,0,1,2,0,0.0,80,5.0
9,Zolten Osborne,178620,QB,CHARLES SO,1,64.3,14,16,12.9,3.33,1,1,5.9,50.0,8,0,6,11.1,20,1,7,135,25.1,47.6,58.3,41.9,0,2,21,0,16.7,84.6,5.0,1,3,0,1,2,1,4.8,157,9.8
9,Daron Bryden,148436,QB,STNY BROOK,1,73.3,15,15,6.1,2.65,0,0,0.0,66.7,10,0,4,9.1,17,1,6,303,66.7,50.5,50.0,,0,0,17,0,50.0,103.5,11.8,2,0,0,0,1,1,5.9,85,5.7
9,Malakai Anthony,142524,QB,MERRIMACK,1,53.3,15,15,22.0,2.81,0,2,12.5,46.7,7,0,6,12.5,18,1,6,385,69.0,63.8,63.0,59.6,0,0,19,0,33.3,104.6,11.1,2,1,0,0,1,0,0.0,149,9.9
9,Jordan Cooke,175116,QB,IDAHO ST,1,50.0,14,15,8.9,3.24,0,0,0.0,46.7,7,0,2,0.0,16,0,2,186,14.1,28.8,32.0,44.7,0,1,16,0,0.0,27.6,0.0,0,1,0,1,0,2,12.5,52,3.5
9,Draylen Ellis,121346,QB,TENN STATE,1,85.7,14,15,8.5,2.83,0,1,6.3,66.7,10,0,5,16.7,16,2,7,308,69.5,84.0,81.4,68.7,0,0,17,0,20.0,131.9,6.3,1,0,0,1,1,1,5.9,245,16.3
9,Kevin White,178287,QB,NC A&T,1,80.0,15,15,5.8,2.35,0,0,0.0,66.7,10,0,4,16.7,18,2,7,246,68.3,69.2,67.4,62.7,0,1,18,0,50.0,121.5,11.1,2,1,0,0,2,1,5.6,218,14.5
9,Camden Coleman,170901,QB,RICHMOND,1,66.7,15,15,10.5,2.72,0,1,6.7,66.7,10,0,5,0.0,19,0,4,276,67.8,63.5,70.3,50.4,0,0,20,0,40.0,86.5,10.5,2,2,0,0,0,0,0.0,104,6.9
9,Keali'i Ah Yat,178141,QB,MONTANA,1,81.8,11,14,8.0,2.8,1,1,6.7,64.3,9,0,4,0.0,16,0,6,232,66.7,76.2,71.2,68.5,0,0,17,0,0.0,106.0,0.0,0,2,1,1,1,0,0.0,89,6.4
9,Clifton McDowell,98003,QB,MONTANA,1,71.4,14,14,10.6,3.5,0,0,0.0,50.0,7,0,8,30.0,20,3,3,232,73.3,67.1,54.8,70.3,0,0,21,0,37.5,91.7,15.0,3,3,0,0,1,1,4.8,81,5.8
9,Tyler Kubat,171769,QB,LNDNWD,1,53.8,13,13,11.3,3.43,0,1,7.7,53.8,7,0,14,0.0,18,0,6,949,67.0,66.1,59.9,70.0,0,1,19,0,21.4,91.0,16.7,3,2,0,0,2,0,0.0,114,8.8
9,Dante Chachere,103930,QB,PORTLAND,1,84.6,13,13,12.5,2.54,0,3,21.4,76.9,10,0,9,9.1,16,1,9,269,73.3,81.9,80.1,71.0,0,1,17,1,11.1,105.0,6.3,1,2,0,0,1,1,5.9,141,10.8
9,Deveon Bryant,89422,QB,TENN STATE,1,75.0,12,13,7.3,3.03,0,1,7.1,46.2,6,0,5,33.3,14,3,3,308,24.9,56.0,60.2,53.5,1,0,15,0,0.0,60.4,0.0,0,1,0,0,0,2,13.3,62,4.8
9,Elijah Owens,171426,QB,INDIANA ST,1,60.0,10,12,20.0,3.99,0,0,0.0,50.0,6,0,8,0.0,17,0,5,191,68.0,65.1,61.8,65.4,2,2,22,0,25.0,71.2,11.8,2,3,0,0,1,1,4.5,113,9.4
9,Kyle Wickersham,148418,QB,RICHMOND,1,80.0,10,11,9.9,2.78,0,2,16.7,72.7,8,0,3,0.0,12,0,6,276,68.6,89.9,90.8,59.7,0,0,13,0,33.3,154.4,8.3,1,0,0,1,2,0,0.0,161,14.6
9,Jackson Sharman,178252,QB,IDAHO ST,1,81.8,11,11,6.8,2.15,0,0,0.0,63.6,7,0,0,22.2,11,2,2,186,65.6,54.7,54.5,,0,1,11,0,,36.2,0.0,0,0,0,0,0,1,9.1,50,4.5
9,Kaiden Bennett,147778,QB,SACRAMENTO,1,70.0,10,11,12.4,3.51,0,1,9.1,63.6,7,0,4,0.0,16,0,6,279,26.8,69.5,64.0,66.6,0,1,16,0,25.0,77.1,6.3,1,4,0,1,1,1,6.3,78,7.1
9,Nick Howard,108979,QB,DARTMOUTH,1,40.0,10,11,8.4,2.48,0,0,0.0,27.3,3,0,2,25.0,11,1,1,148,72.6,48.2,35.4,63.3,0,0,11,0,0.0,39.6,0.0,0,0,1,0,0,1,9.1,29,2.6
9,Coulter Cleland,165212,QB,DAVIDSON,1,80.0,10,10,6.9,2.37,0,1,10.0,80.0,8,0,5,0.0,14,0,6,149,68.7,70.8,72.1,59.7,0,0,14,0,60.0,135.4,21.4,3,1,0,0,3,0,0.0,70,7.0
9,Charles DePrima,148879,QB,HARVARD,1,44.4,9,10,9.7,3.1,0,0,0.0,40.0,4,0,2,0.0,11,0,0,179,67.6,29.3,27.5,61.1,0,2,11,1,0.0,8.3,0.0,0,1,0,1,0,2,18.2,23,2.3
9,Isaiah Bess,142826,QB,CHARLES SO,1,50.0,8,10,18.3,3.49,1,2,20.0,30.0,3,0,4,25.0,14,1,3,135,66.2,58.3,61.6,55.6,1,0,14,0,0.0,87.1,0.0,0,4,0,0,1,0,0.0,64,6.4
9,Hunter Simmons,148254,QB,S ILLINOIS,1,77.8,9,10,10.3,2.78,1,2,18.2,60.0,6,0,2,14.3,11,1,3,295,66.0,90.9,91.3,61.8,0,0,13,0,0.0,110.4,0.0,0,1,0,0,1,1,7.7,60,6.0
9,Cooper Justice,131858,QB,LNDNWD,1,44.4,9,9,11.4,2.38,0,0,0.0,11.1,1,0,5,75.0,12,3,1,949,25.1,43.7,42.7,,0,0,13,0,60.0,39.6,25.0,3,0,0,0,0,0,0.0,15,1.7
9,Tyler Szalkowski,148497,QB,ROB MORRIS,1,55.6,9,9,6.0,2.2,0,0,0.0,55.6,5,0,3,0.0,10,0,1,277,65.1,24.0,24.0,,0,2,10,0,33.3,26.4,10.0,1,0,0,0,0,3,30.0,38,4.2
9,Chad Mascoe II,160339,QB,CAMPBELL,1,37.5,8,9,3.4,2.9,0,0,0.0,22.2,2,0,1,33.3,10,1,1,131,65.4,31.2,31.9,57.8,0,0,10,1,0.0,39.6,0.0,0,1,0,1,0,1,10.0,13,1.4
9,Angel Flores,164493,QB,N ARIZONA,1,66.7,9,9,12.0,2.1,0,1,11.1,66.7,6,0,2,0.0,9,0,4,252,76.2,87.6,79.1,70.1,0,1,9,0,0.0,105.6,0.0,0,0,0,0,1,0,0.0,109,12.1
9,Jake Stearney,171991,QB,COLGATE,1,87.5,8,9,6.3,2.37,0,1,11.1,77.8,7,0,2,0.0,10,0,3,142,65.4,79.1,78.6,,0,0,10,0,50.0,127.3,10.0,1,0,0,1,1,0,0.0,51,5.7
9,Adam Damante,170711,QB,N ARIZONA,1,57.1,7,8,12.4,2.1,0,1,12.5,50.0,4,0,1,0.0,8,0,1,252,8.9,29.0,53.0,27.7,0,1,8,0,0.0,26.0,0.0,0,0,0,1,0,1,12.5,42,5.3
9,Mekhi Hagens,167009,QB,ARKAPB,1,37.5,8,8,10.8,2.96,0,0,0.0,37.5,3,0,6,0.0,14,0,3,112,68.7,47.9,32.5,69.6,0,1,14,0,66.7,12.0,28.6,4,1,0,0,0,1,7.1,35,4.4
9,Jaden Craig,159342,QB,HARVARD,1,28.6,7,8,14.7,3.61,0,0,0.0,25.0,2,0,7,0.0,11,0,0,179,28.4,57.6,29.0,79.3,0,0,11,0,42.9,39.6,27.3,3,0,0,1,0,1,9.1,13,1.6
9,Nick Minicucci,173617,QB,DELAWARE,1,87.5,8,8,10.5,2.53,0,0,0.0,75.0,6,0,1,14.3,8,1,3,151,23.3,69.8,60.4,69.6,0,0,8,0,0.0,105.7,0.0,0,0,0,0,0,1,12.5,79,9.9
9,Davis Bryson,160369,QB,KENNESAW,1,25.0,4,6,16.5,3.23,1,0,0.0,0.0,0,0,1,100.0,7,1,0,200,26.3,56.4,42.7,62.8,0,0,7,0,0.0,39.6,0.0,0,1,0,1,0,0,0.0,0,0.0
9,Carter Davis,154196,QB,LNDNWD,1,60.0,5,5,8.2,3.03,0,1,20.0,60.0,3,0,4,0.0,8,0,3,949,64.6,59.0,55.7,62.0,0,1,8,0,25.0,104.2,12.5,1,2,0,0,1,1,12.5,92,18.4
9,Collin Shannon,160918,QB,VA MILT IN,1,80.0,5,5,9.0,2.8,0,0,0.0,80.0,4,0,3,0.0,7,0,2,336,65.1,73.9,78.2,57.3,0,0,9,0,33.3,105.0,14.3,1,1,0,0,0,0,0.0,46,9.2
9,Ty Englehart,162239,QB,PRESBYTERN,1,60.0,5,5,3.8,2.1,0,0,0.0,60.0,3,0,2,0.0,5,0,0,271,69.7,63.2,48.0,69.3,0,0,5,0,0.0,64.6,0.0,0,0,0,0,0,0,0.0,10,2.0
9,Tanner Maddocks,160443,QB,VILLANOVA,1,100.0,4,4,4.0,2.4,0,1,25.0,100.0,4,0,0,0.0,4,0,1,334,65.2,88.6,86.8,63.0,0,0,4,0,,105.2,0.0,0,0,0,0,0,0,0.0,37,9.3
9,Andre Washington,165436,QB,SCAR STATE,1,0.0,3,4,19.0,3.15,0,0,0.0,0.0,0,0,1,,4,0,0,290,67.9,46.4,31.6,68.1,0,0,5,0,0.0,39.6,0.0,0,0,0,1,0,0,0.0,0,0.0
9,Nathan Lamb,98020,QB,W ILLINOIS,1,50.0,4,4,3.3,2.26,0,0,0.0,0.0,0,0,1,100.0,5,2,0,345,64.2,63.9,62.9,,0,0,6,0,100.0,39.6,20.0,1,0,0,0,0,0,0.0,0,0.0
9,Cole Payton,148154,QB,N DAK ST,1,66.7,3,3,2.0,1.9,0,0,0.0,66.7,2,0,0,0.0,3,0,0,250,64.8,66.3,56.0,63.3,0,0,3,0,,71.5,0.0,0,0,0,0,0,0,0.0,10,3.3
9,Logan Brabham,149647,QB,MARIST,1,0.0,3,3,9.7,2.74,0,0,0.0,0.0,0,0,2,,5,0,1,213,63.8,29.2,26.4,64.1,0,0,5,0,50.0,39.6,20.0,1,1,0,0,0,1,20.0,0,0.0
9,Hank Gibbs,128414,QB,N COLORADO,1,50.0,2,3,24.0,3.52,0,0,0.0,33.3,1,0,4,0.0,5,0,1,253,65.5,55.1,57.2,58.3,1,0,5,0,50.0,75.7,40.0,2,0,0,0,0,0,0.0,33,11.0
9,Zin'tayvious Smith,182276,QB,ROB MORRIS,1,33.3,3,3,2.7,3.76,0,0,0.0,33.3,1,0,5,0.0,8,0,1,277,64.9,61.0,46.7,67.5,0,0,8,0,20.0,42.4,12.5,1,4,0,0,0,0,0.0,2,0.7
9,Tahj Smith,173837,QB,MORGAN ST,1,100.0,3,3,11.7,3.6,0,0,0.0,100.0,3,0,1,0.0,4,0,3,235,65.2,88.4,84.8,65.4,0,0,4,0,0.0,118.8,0.0,0,1,0,0,0,0,0.0,39,13.0
9,Quayde Hawkins,147245,QB,ABILENE CH,1,0.0,2,2,19.5,2.15,0,0,0.0,0.0,0,0,0,,2,0,0,100,64.4,41.4,43.5,57.3,0,0,2,0,,39.6,0.0,0,0,0,0,0,0,0.0,0,0.0
9,Lan Larison,142157,HB,UC DAVIS,1,50.0,2,2,23.5,3.25,0,0,0.0,50.0,1,0,0,0.0,2,0,1,322,77.6,73.8,70.2,75.0,0,0,2,0,,75.0,0.0,0,0,0,0,0,0,0.0,15,7.5
9,Cade Pribula,105550,QB,SACR HEART,1,50.0,2,2,5.0,3.74,0,0,0.0,50.0,1,0,2,0.0,5,0,0,280,64.2,43.5,51.4,51.6,0,0,6,0,50.0,56.3,20.0,1,2,0,0,0,0,0.0,1,0.5
9,Ridge Docekal,158965,QB,BRYANT,1,100.0,2,2,0.5,2.57,0,0,0.0,100.0,2,0,1,0.0,3,0,0,124,66.4,56.2,62.7,55.7,0,0,3,0,0.0,79.2,0.0,0,1,0,0,0,0,0.0,3,1.5
9,Lake Bennett,174586,QB,TXAMCO,1,100.0,1,1,5.0,1.2,0,0,0.0,100.0,1,0,0,0.0,1,0,0,1139,60.3,61.0,60.6,,0,0,1,0,,104.2,0.0,0,0,0,0,0,0,0.0,9,9.0
9,Lyndon Rash,61284,WR,GRAMBLING,1,0.0,1,1,38.0,5.3,0,0,0.0,0.0,0,0,1,,1,0,0,177,65.3,50.1,49.9,,0,0,1,1,0.0,39.6,0.0,0,0,0,0,0,0,0.0,0,0.0
9,Gino English,99576,QB,GARD-WEBB,1,0.0,1,1,-1.0,2.0,0,0,0.0,0.0,0,0,0,,1,0,0,171,64.4,60.4,51.2,63.3,0,0,2,0,,39.6,0.0,0,0,0,0,0,0,0.0,0,0.0
9,Nick Kokich,102039,P,E WASHGTON,1,100.0,1,1,0.0,1.8,0,0,0.0,100.0,1,0,0,0.0,1,0,0,161,60.3,60.6,60.6,,0,0,1,0,,83.3,0.0,0,0,0,0,0,0,0.0,4,4.0
9,Peter Anderson,148155,QB,N DAK ST,1,,0,1,,2.7,0,0,0.0,0.0,0,0,1,,1,0,0,250,60.3,55.6,60.0,60.0,1,0,1,0,0.0,39.6,0.0,0,0,0,0,0,0,0.0,0,0.0
9,Brian Cooey Jr.,178600,P,CHARLES SO,1,100.0,1,1,-2.0,2.6,0,0,0.0,100.0,1,0,1,0.0,1,0,0,135,60.3,60.6,60.6,,0,0,1,0,0.0,79.2,0.0,0,0,0,0,0,0,0.0,3,3.0
9,Adrian Mejia,159496,QB,ST FRANCIS,1,100.0,1,1,4.0,4.0,0,0,0.0,100.0,1,0,0,0.0,1,0,1,299,64.8,82.9,70.4,67.0,0,0,1,0,,118.8,0.0,0,0,0,0,1,0,0.0,2,2.0
9,Matt Robinson,82130,QB,DUQUESNE,1,100.0,1,1,0.0,2.7,0,0,0.0,100.0,1,0,0,0.0,1,0,0,155,60.3,62.0,61.0,,0,0,1,0,,83.3,0.0,0,0,0,0,0,0,0.0,4,4.0
9,Maleek Huggins,147957,WR,GARD-WEBB,1,0.0,1,1,-4.0,3.3,0,0,0.0,0.0,0,0,0,,1,0,0,171,60.3,35.8,57.7,,0,0,1,1,,39.6,0.0,0,0,0,0,0,0,0.0,0,0.0
9,Rahkeem Smith,161339,WR,DELWARE ST,1,0.0,1,1,23.0,3.9,0,0,0.0,0.0,0,0,0,,1,0,0,152,14.3,43.9,37.5,,0,1,1,0,,0.0,0.0,0,0,0,0,0,1,100.0,0,0.0
9,AJ Wilson,161436,WR,HOUCHR,1,100.0,1,1,17.0,3.2,0,0,0.0,100.0,1,0,0,0.0,1,0,1,183,60.3,63.7,72.6,,0,0,1,0,,156.3,0.0,0,0,0,0,1,0,0.0,12,12.0
9,Chase Mason,159444,QB,S DAK ST,1,0.0,1,1,28.0,2.9,0,0,0.0,0.0,0,0,0,,1,0,0,292,65.9,68.1,50.8,70.0,0,0,1,0,,39.6,0.0,0,0,0,0,0,0,0.0,0,0.0
9,Harry Traum,159407,P,INDIANA ST,1,0.0,1,1,10.0,2.0,0,0,0.0,0.0,0,0,0,,1,0,0,191,60.3,56.6,55.0,,0,0,1,0,,39.6,0.0,0,0,0,0,0,0,0.0,0,0.0
9,Collin Guggenheim,139460,HB,NICHOLLS,1,0.0,1,1,-6.0,3.0,0,0,0.0,0.0,0,0,0,,1,0,0,243,75.4,69.1,61.0,70.7,0,1,1,0,,0.0,0.0,0,0,0,0,0,0,0.0,0,0.0
9,Chase Belcher,164410,HB,N ARIZONA,1,100.0,1,1,-1.0,2.8,0,0,0.0,100.0,1,0,0,0.0,1,0,1,252,65.9,63.1,60.4,63.6,0,0,1,0,,158.3,0.0,0,0,0,0,1,0,0.0,23,23.0
9,Cameron Sapp,102361,QB,NORFOLK,1,100.0,1,1,18.0,2.9,0,0,0.0,100.0,1,0,0,0.0,1,0,1,244,68.7,80.4,72.6,67.7,0,0,1,0,,158.3,0.0,0,0,0,0,1,0,0.0,13,13.0
9,Owen Glascoe,109575,TE,LIUSHAR,1,100.0,1,1,14.0,2.8,0,0,0.0,100.0,1,0,1,0.0,1,0,1,1298,67.5,59.8,74.3,59.5,0,0,1,0,0.0,158.3,0.0,0,0,0,0,1,0,0.0,15,15.0
9,Beau Brungard,164897,QB,YNGTOWN ST,1,100.0,1,1,25.0,3.2,0,1,100.0,100.0,1,0,0,0.0,1,0,1,353,65.9,77.8,88.1,55.8,0,0,1,0,,118.8,0.0,0,0,0,0,0,0,0.0,25,25.0
9,Ricky Ortega,142401,QB,CENT CT ST,1,0.0,1,1,10.0,6.4,0,0,0.0,0.0,0,0,1,,1,0,0,133,65.9,55.5,48.5,63.3,0,0,1,0,0.0,39.6,0.0,0,0,0,0,0,0,0.0,0,0.0
9,Jayden Stinson,138056,QB,MURRAY ST,1,0.0,1,1,19.0,2.8,0,0,0.0,0.0,0,0,0,,1,0,0,236,60.3,46.5,46.8,,0,0,1,0,,39.6,0.0,0,0,0,0,0,0,0.0,0,0.0
9,Jared Taylor,170695,QB,E WASHGTON,1,100.0,1,1,-2.0,1.8,0,0,0.0,100.0,1,0,0,0.0,1,0,0,161,67.5,70.9,60.6,66.0,0,0,1,0,,95.8,0.0,0,0,0,0,0,0,0.0,7,7.0
9,Michael Wortham,170696,QB,E WASHGTON,1,100.0,1,1,-1.0,2.5,0,0,0.0,0.0,0,0,1,100.0,1,1,0,161,71.2,73.9,60.6,68.9,0,0,1,0,0.0,39.6,0.0,0,0,0,0,0,0,0.0,0,0.0
9,Walter Simmons III,151059,QB,BETH COOK,1,100.0,1,1,7.0,1.3,0,0,0.0,100.0,1,0,0,0.0,1,0,0,119,65.9,49.6,60.4,53.0,0,0,1,0,,104.2,0.0,0,0,0,0,0,0,0.0,9,9.0
9,Cameron George,150333,WR,LAMAR,1,100.0,1,1,29.0,3.6,0,1,100.0,100.0,1,0,0,0.0,1,0,1,204,60.3,81.0,87.7,,0,0,1,0,,158.3,0.0,0,0,0,0,1,0,0.0,75,75.0
9,Andrew McElroy,149817,WR,STTHOM,1,0.0,1,1,14.0,6.9,0,0,0.0,0.0,0,0,1,,1,0,0,1129,71.1,64.4,34.4,,0,1,1,0,0.0,0.0,0.0,0,0,0,0,0,1,100.0,0,0.0
9,Michael Rostberg,172172,QB,STTHOM,1,0.0,1,1,6.0,2.4,0,0,0.0,0.0,0,0,0,,1,0,0,1129,60.3,53.5,53.7,,0,0,1,0,,39.6,0.0,0,0,0,0,0,0,0.0,0,0.0
9,Grady Robison,123463,QB,SO UTAH,1,100.0,1,1,-3.0,1.1,0,0,0.0,100.0,1,0,0,0.0,1,0,0,298,70.5,86.6,60.4,76.5,0,0,1,0,,79.2,0.0,0,0,0,0,0,0,0.0,2,2.0
9,Travis Benham,128320,P,MONTANA,1,0.0,1,1,19.0,2.4,0,0,0.0,0.0,0,0,0,,1,0,0,232,60.3,47.0,36.7,,0,1,1,0,,0.0,0.0,0,0,0,0,0,1,100.0,0,0.0
9,Josh Brown,181411,QB,SHORTER,1,83.9,31,33,3.0,2.67,0,1,2.9,66.7,22,0,12,15.4,38,4,9,396,69.9,50.2,48.4,58.1,0,1,40,0,25.0,71.5,7.9,3,2,0,2,1,2,5.0,130,3.9
9,TJ Goodwin,100826,QB,LINCOK,1,68.8,16,18,11.9,2.58,0,1,5.0,55.6,10,0,7,9.1,21,1,9,1452,25.9,75.4,74.7,61.9,0,0,24,0,28.6,132.2,9.5,2,1,0,2,2,1,4.2,202,11.2
9,Jimmy Inman,182731,QB,LINCOK,1,44.4,9,10,8.6,3.26,0,0,0.0,40.0,4,0,7,0.0,15,0,0,1452,32.1,27.4,25.1,53.5,0,1,15,1,14.3,8.3,6.7,1,4,0,1,0,3,20.0,21,2.1
9,Kory Barnes,182837,WR,LINCOK,1,0.0,2,2,15.0,3.2,0,0,0.0,0.0,0,0,1,,2,0,0,1452,61.8,28.8,28.9,,0,1,2,0,0.0,0.0,0.0,0,0,0,0,0,1,50.0,0,0.0
week,player,player_id,position,team_name,player_game_count,accuracy_percent,aimed_passes,attempts,avg_depth_of_target,avg_time_to_throw,bats,big_time_throws,btt_rate,completion_percent,completions,declined_penalties,def_gen_pressures,drop_rate,dropbacks,drops,first_downs,franchise_id,grades_hands_fumble,grades_offense,grades_pass,grades_run,hit_as_threw,interceptions,passing_snaps,penalties,pressure_to_sack_rate,qb_rating,sack_percent,sacks,scrambles,spikes,thrown_aways,touchdowns,turnover_worthy_plays,twp_rate,yards,ypa
10,Josh Hoover,127148,QB,TCU,1,64.0,50,52,10.3,2.62,0,3,5.5,61.5,32,0,11,0.0,55,0,20,305,70.5,60.0,62.8,48.3,0,2,58,0,0.0,72.0,0.0,0,3,0,2,1,2,3.4,353,6.8
10,Braedyn Locke,157141,QB,WISCONSIN,1,65.7,35,43,7.8,2.67,3,1,2.2,48.8,21,0,8,8.7,46,2,10,349,70.7,52.8,51.3,65.8,0,0,48,1,37.5,81.6,6.5,3,0,2,3,2,1,2.1,241,5.6
10,Will Howard,122599,QB,KANSAS ST,1,93.8,32,43,8.8,3.0,3,4,9.1,60.5,26,0,23,13.3,48,4,16,199,40.7,81.0,86.4,50.4,1,1,49,0,13.0,105.5,6.3,3,2,1,6,4,1,2.0,327,7.6
10,Maddux Madsen,163379,QB,BOISE ST,1,61.9,42,43,10.7,2.71,0,1,2.3,53.5,23,0,15,11.5,51,3,17,120,70.1,48.2,44.5,64.1,0,1,51,0,6.7,70.3,2.0,1,7,1,0,1,4,7.8,264,6.1
10,Jake Retzlaff,70874,QB,BYU,1,68.3,41,42,8.4,2.84,1,0,0.0,57.1,24,0,15,14.3,50,4,13,128,70.5,64.6,62.3,68.2,0,0,51,1,20.0,70.5,6.0,3,5,0,0,0,2,3.9,210,5.0
10,Alan Bowman,77679,QB,OKLA STATE,1,78.4,37,42,8.7,2.42,0,2,4.5,66.7,28,0,6,3.4,42,1,18,262,70.5,77.0,75.4,64.5,0,0,44,0,0.0,90.8,0.0,0,0,0,5,0,0,0.0,334,8.0
10,Brayden Fowler-Nicolosi,157207,QB,COLO STATE,1,64.1,39,42,8.1,2.42,2,1,2.2,57.1,24,0,10,4.0,43,1,14,144,36.9,51.6,53.1,60.0,0,2,46,1,10.0,67.6,2.3,1,0,0,1,2,2,4.3,220,5.2
10,Graham Mertz,97994,QB,FLORIDA,1,65.0,40,42,7.2,2.66,0,2,4.7,61.9,26,0,11,0.0,46,0,13,163,36.4,57.1,57.3,57.3,0,0,47,0,27.3,105.5,6.5,3,1,0,2,3,2,4.3,282,6.7
10,Max Johnson,124099,QB,TEXAS A&M,1,80.0,40,42,9.2,2.66,0,2,4.4,73.8,31,0,13,3.1,43,1,17,312,72.0,69.7,65.4,69.6,0,1,46,0,7.7,91.9,2.3,1,0,0,2,1,5,10.9,305,7.3
10,Cole Snyder,97617,QB,BUFFALO,1,40.5,37,41,12.2,2.57,0,0,0.0,34.1,14,0,20,6.7,45,1,7,126,71.4,29.9,28.3,62.0,1,2,47,0,5.0,33.7,2.2,1,3,0,3,1,5,10.6,151,3.7
10,Taulia Tagovailoa,97271,QB,MARYLAND,1,76.9,39,40,5.1,2.41,0,3,7.0,72.5,29,0,17,3.3,45,1,13,215,38.3,62.7,63.4,56.6,0,1,48,1,29.4,98.5,11.1,5,0,0,1,2,3,6.3,286,7.2
10,Seth Henigan,144267,QB,MEMPHIS,1,65.0,40,40,10.1,2.67,0,3,7.3,57.5,23,0,19,11.5,45,3,20,218,71.0,74.8,72.6,66.5,0,0,46,0,5.3,119.7,2.2,1,4,0,0,4,1,2.2,349,8.7
10,Ta'Quan Roberson,101625,QB,UCONN,1,64.9,37,40,6.0,2.44,2,0,0.0,60.0,24,0,16,0.0,41,0,8,146,70.1,52.7,54.4,51.7,0,2,44,0,0.0,54.4,0.0,0,1,0,1,0,1,2.3,222,5.6
10,Cam Ward,133244,QB,WASH STATE,1,75.0,36,40,6.2,2.87,0,1,2.4,60.0,24,0,12,11.1,45,3,12,341,37.3,66.6,67.8,55.0,0,1,46,0,33.3,75.2,8.9,4,0,0,4,1,0,0.0,242,6.1
10,Spencer Rattler,97408,QB,S CAROLINA,1,78.4,37,39,8.8,2.72,2,2,5.0,71.8,28,0,15,3.4,45,1,17,289,71.3,72.2,70.4,64.6,0,1,46,0,33.3,111.5,11.1,5,1,0,0,2,1,2.2,404,10.4
10,Byrum Brown,156206,QB,USF,1,84.2,38,39,9.8,3.12,0,3,6.8,82.1,32,0,16,0.0,50,0,22,327,18.4,60.5,65.9,52.7,0,1,55,2,18.8,135.8,6.0,3,7,0,1,5,3,5.5,377,9.7
10,Shedeur Sanders,131396,QB,COLORADO,1,76.5,34,39,5.8,2.99,1,0,0.0,61.5,24,0,16,7.7,45,2,12,143,37.3,45.1,53.8,32.9,2,0,47,0,25.0,96.6,8.9,4,2,0,2,2,1,2.1,245,6.3
10,Jeff Undercuffler,78501,QB,AKRON,1,66.7,36,39,12.3,2.54,1,1,2.4,59.0,23,0,13,4.2,41,1,11,102,69.7,70.1,70.0,63.1,0,0,43,1,15.4,100.2,4.9,2,0,0,2,2,1,2.3,298,7.6
10,Jalen Mayden,83520,QB,S DIEGO ST,1,78.9,38,39,6.8,2.92,0,1,2.4,64.1,25,0,8,16.7,42,5,11,284,38.4,50.7,51.0,52.4,0,1,44,0,25.0,98.8,4.8,2,1,0,1,3,3,6.8,265,6.8
10,Tyler Van Dyke,122225,QB,MIAMI FL,1,67.6,34,38,5.9,2.93,1,2,5.1,55.3,21,0,10,8.7,42,2,10,220,69.2,46.9,42.0,69.3,1,3,44,0,30.0,34.2,7.1,3,1,0,2,0,4,9.1,173,4.6
10,Keegan Shoemaker,108983,QB,SM HOUSTON,1,83.8,37,38,6.0,2.58,1,1,2.4,78.9,30,0,12,3.2,45,1,13,281,24.9,66.0,72.9,47.0,0,1,48,0,33.3,108.6,8.9,4,3,0,0,3,2,4.2,242,6.4
10,Bo Nix,97790,QB,OREGON,1,84.2,38,38,9.4,2.59,0,2,4.9,76.3,29,0,6,9.4,39,3,16,264,70.8,91.7,91.4,67.9,0,1,42,0,0.0,132.1,0.0,0,1,0,0,4,0,0.0,386,10.2
10,Mikey Keene,70961,QB,FRESNO ST,1,65.8,38,38,12.2,2.49,0,5,12.8,63.2,24,0,7,4.0,39,1,17,169,69.5,78.0,77.2,60.0,0,1,40,0,14.3,84.3,2.6,1,0,0,0,1,1,2.5,290,7.6
10,Nicholas Vattiato,145302,QB,MIDDLE TN,1,67.6,34,37,8.2,2.85,0,2,5.4,56.8,21,0,15,8.7,47,2,10,224,72.7,71.9,62.2,73.6,0,1,48,0,13.3,66.6,4.3,2,8,0,3,1,1,2.1,173,4.7
10,Tommy Castellanos,158433,QB,BOSTON COL,1,62.9,35,37,10.6,2.58,1,1,2.6,54.1,20,0,8,9.1,42,2,13,121,49.5,50.0,38.4,66.0,1,0,43,0,0.0,74.7,0.0,0,5,0,0,1,4,9.3,165,4.5
10,Anthony Colandrea,170131,QB,VIRGINIA,1,69.7,33,37,8.2,2.42,3,1,2.6,56.8,21,0,10,8.7,42,2,14,335,37.8,53.3,53.6,56.5,0,1,47,0,20.0,78.7,4.8,2,3,0,1,2,2,4.3,200,5.4
10,Chandler Rogers,98683,QB,N TEXAS,1,61.1,36,37,13.1,2.97,1,0,0.0,54.1,20,0,11,9.1,42,2,14,251,43.0,69.7,63.1,73.6,0,2,46,0,27.3,73.5,7.1,3,2,0,0,2,2,4.3,274,7.4
10,Brayden Schager,146078,QB,HAWAII,1,67.6,34,37,8.7,2.68,1,3,7.7,54.1,20,0,13,13.0,41,3,10,180,42.8,83.0,83.9,63.5,0,0,43,1,15.4,87.1,4.9,2,2,0,2,2,0,0.0,195,5.3
10,J.J. McCarthy,144918,QB,MICHIGAN,1,75.7,37,37,11.3,2.89,0,2,5.3,64.9,24,0,17,14.3,41,4,15,222,69.1,84.4,84.9,57.3,0,0,42,0,17.6,93.9,7.3,3,1,0,0,0,0,0.0,335,9.1
10,Maalik Murphy,157302,QB,TEXAS,1,52.8,36,37,12.3,2.17,1,2,5.3,51.4,19,0,7,0.0,38,0,9,311,68.9,41.3,39.8,,0,2,39,1,0.0,59.3,0.0,0,0,0,0,1,4,10.3,248,6.7
10,Dillon Gabriel,86272,QB,OKLAHOMA,1,82.9,35,36,12.7,2.4,0,3,8.1,69.4,25,0,12,13.8,40,4,14,261,33.2,88.1,87.9,59.6,0,1,41,0,16.7,97.3,5.0,2,0,0,1,1,2,4.9,343,9.5
10,Caleb Williams,144622,QB,USC,1,82.4,34,36,7.7,3.3,0,3,7.7,75.0,27,0,13,3.6,42,1,12,326,38.9,74.2,66.2,77.4,0,0,45,0,23.1,128.5,7.1,3,3,1,1,3,1,2.2,312,8.7
10,Jordan McCloud,101058,QB,JAMES MAD,1,85.3,34,36,7.8,3.06,0,2,5.4,77.8,28,0,15,3.4,41,1,20,197,72.2,85.0,79.3,74.0,0,1,42,0,6.7,127.7,2.4,1,4,0,2,4,2,4.8,307,8.5
10,Trexler Ivey,122184,QB,CHARLOTTE,1,66.7,33,36,8.4,2.35,1,2,5.1,55.6,20,0,12,9.1,39,2,12,136,37.7,67.9,74.1,43.8,1,0,43,0,8.3,89.7,2.6,1,2,0,1,1,0,0.0,277,7.7
10,Jordan Travis,77615,QB,FLORIDA ST,1,64.7,34,36,11.6,2.76,1,2,5.3,61.1,22,0,12,0.0,38,0,14,167,71.1,68.8,67.1,63.6,0,0,40,0,16.7,103.9,5.3,2,0,0,1,1,1,2.5,360,10.0
10,Christian Veilleux,145086,QB,PITTSBURGH,1,58.1,31,36,12.2,2.59,2,1,2.6,41.7,15,0,17,16.7,39,3,7,268,69.1,41.3,42.0,,0,1,41,1,17.6,62.3,7.7,3,0,1,2,1,2,4.9,240,6.7
10,Jacob Zeno,98014,QB,UAB,1,85.3,34,35,7.2,2.62,1,3,8.3,82.9,29,0,11,0.0,43,0,19,321,70.5,85.1,88.1,59.9,0,1,44,0,36.4,146.4,9.3,4,4,0,0,5,1,2.3,484,13.8
10,Behren Morton,144747,QB,TEXAS TECH,1,82.4,34,35,7.0,2.66,0,3,7.9,77.1,27,0,9,3.6,38,1,11,315,71.5,78.6,81.3,56.3,0,0,41,0,22.2,119.1,5.3,2,1,0,1,2,1,2.4,283,8.1
10,Rocky Lombardi,60452,QB,N ILLINOIS,1,65.7,35,35,9.3,2.48,0,1,2.4,57.1,20,0,2,13.0,35,3,13,254,36.9,57.0,59.1,51.6,0,1,41,0,0.0,101.6,0.0,0,0,0,0,3,2,4.9,296,8.5
10,Drew Allar,164157,QB,PENN STATE,1,78.8,33,34,8.2,2.28,0,4,11.1,73.5,25,0,5,3.8,35,1,17,266,70.6,89.8,84.3,79.5,0,0,37,0,0.0,132.0,0.0,0,1,0,1,4,0,0.0,240,7.1
10,Blake Shapen,122282,QB,BAYLOR,1,79.4,34,34,5.9,3.12,0,0,0.0,76.5,26,0,12,3.7,44,1,17,118,70.2,75.1,72.4,70.4,0,1,45,1,33.3,104.4,9.1,4,6,0,0,2,1,2.2,255,7.5
10,Fernando Mendoza,158323,QB,CAL,1,67.9,28,34,7.8,2.33,3,2,5.7,52.9,18,0,14,5.3,36,1,9,130,31.9,54.4,51.5,65.0,2,1,37,1,7.1,55.6,2.8,1,0,0,1,0,3,8.1,177,5.2
10,Diego Pavia,156927,QB,NEW MEX ST,1,64.3,28,33,12.5,2.66,3,0,0.0,51.5,17,0,15,5.6,40,1,12,242,72.5,58.9,53.4,65.4,1,1,41,1,13.3,59.5,5.0,2,5,0,1,0,1,2.4,215,6.5
10,Daniel Richardson,97103,QB,FAU,1,62.5,32,33,12.2,2.64,0,3,8.8,51.5,17,0,11,15.0,40,3,14,165,31.8,73.0,70.2,67.1,0,1,41,0,45.5,99.7,12.5,5,2,0,1,3,1,2.4,293,8.9
10,Hank Bachmeier,101284,QB,LA TECH,1,74.2,31,33,7.8,2.69,0,0,0.0,69.7,23,0,12,0.0,40,0,15,208,70.4,60.6,58.0,64.2,1,0,43,0,16.7,118.8,5.0,2,4,0,1,2,2,4.7,304,9.2
10,Jaxson Dart,146409,QB,OLE MISS,1,86.2,29,33,10.3,2.57,0,3,7.5,72.7,24,0,11,4.0,35,1,17,226,69.6,89.3,88.3,64.7,2,0,42,0,9.1,131.8,2.9,1,1,0,2,2,0,0.0,387,11.7
10,Ashton Daniels,157259,QB,STANFORD,1,65.5,29,33,9.3,3.53,0,1,2.6,48.5,16,0,17,15.8,38,3,7,300,71.6,52.3,46.1,70.6,0,1,43,1,5.9,44.8,2.6,1,4,0,4,0,3,7.0,118,3.6
10,Noah Fifita,158722,QB,ARIZONA,1,86.2,29,32,6.4,2.45,1,0,0.0,78.1,25,0,10,0.0,37,0,16,109,69.8,75.1,72.7,73.5,1,1,38,1,30.0,124.0,8.1,3,1,0,1,3,1,2.6,300,9.4
10,E.J. Warner,156185,QB,TEMPLE,1,83.9,31,32,8.5,2.12,0,1,2.9,81.3,26,0,9,0.0,33,0,16,306,70.1,81.1,82.8,57.4,0,2,35,0,0.0,131.5,0.0,0,1,0,1,4,2,5.7,394,12.3
10,Carson Beck,124010,QB,GEORGIA,1,72.4,29,32,8.6,2.19,2,1,2.9,65.6,21,0,9,0.0,37,0,14,173,69.8,69.8,66.5,67.8,0,0,39,0,33.3,110.7,8.1,3,2,0,1,2,0,0.0,254,7.9
10,KJ Jefferson,99129,QB,ARKANSAS,1,70.0,30,31,8.3,2.65,0,1,3.1,64.5,20,0,12,4.8,37,1,13,111,46.3,66.2,52.8,75.8,0,1,38,0,33.3,98.2,10.8,4,2,0,1,2,2,5.3,255,8.2
10,Ethan Vasko,163817,QB,COAST CAR,1,54.8,31,31,8.6,2.74,0,1,2.9,54.8,17,0,10,0.0,35,0,12,141,75.1,73.8,60.2,77.0,0,1,39,1,20.0,69.3,5.7,2,2,0,0,1,0,0.0,180,5.8
10,Luke Altmyer,146802,QB,ILLINOIS,1,77.4,31,31,6.4,2.46,0,1,3.0,77.4,24,0,10,0.0,39,0,10,187,46.1,65.3,66.9,55.4,0,1,41,0,60.0,113.9,15.4,6,2,0,0,3,1,2.4,212,6.8
10,T.J. Finley,124093,QB,TEXAS ST,1,86.2,29,31,6.1,2.37,0,0,0.0,80.6,25,0,8,0.0,38,0,17,314,72.1,70.4,71.5,62.8,0,0,39,1,37.5,139.4,7.9,3,4,0,2,3,0,0.0,301,9.7
10,Brendan Sorsby,156398,QB,INDIANA,1,80.8,26,31,7.3,2.46,1,1,2.9,61.3,19,0,9,9.5,35,2,12,190,24.7,58.2,59.6,56.1,2,0,38,0,22.2,88.9,5.7,2,2,0,2,1,0,0.0,186,6.0
10,Brady Cook,124199,QB,MISSOURI,1,51.7,29,30,13.7,2.84,0,1,3.1,46.7,14,0,12,6.7,36,1,9,229,70.6,59.7,57.1,62.9,0,2,38,0,16.7,53.8,5.6,2,4,0,1,1,2,5.3,212,7.1
10,Sam Hartman,77618,QB,NOTRE DAME,1,53.8,26,30,7.1,3.02,1,0,0.0,43.3,13,0,23,7.1,36,1,10,258,69.3,30.1,26.6,79.9,3,2,37,0,13.0,30.7,8.3,3,3,0,0,0,3,8.1,146,4.9
10,Michael Penix Jr.,82134,QB,WASHINGTON,1,75.9,29,30,10.5,2.93,0,1,2.9,73.3,22,0,6,0.0,31,0,16,340,70.5,81.2,76.3,71.0,0,1,35,0,16.7,106.9,3.2,1,0,0,1,2,0,0.0,255,8.5
10,Haynes King,124329,QB,GA TECH,1,83.3,30,30,5.9,1.95,0,1,3.3,76.7,23,0,9,8.0,31,2,10,176,71.6,88.5,77.2,84.2,0,0,31,2,11.1,106.0,3.2,1,0,0,0,1,0,0.0,208,6.9
10,Gunnar Watson,83570,QB,TROY,1,80.0,25,29,12.2,3.0,0,3,10.3,69.0,20,0,12,0.0,32,0,11,318,70.3,82.5,83.9,60.8,1,0,32,2,16.7,133.5,6.3,2,1,0,3,3,1,3.1,275,9.5
10,Ken Seals,124359,QB,VANDERBILT,1,67.9,28,29,9.9,2.93,1,2,6.9,55.2,16,0,24,15.8,39,3,8,333,31.8,59.1,56.5,63.0,0,1,39,0,20.8,68.2,12.8,5,5,0,0,1,2,5.1,160,5.5
10,Heinrich Haarberg,144993,QB,NEBRASKA,1,53.8,26,28,12.5,3.2,1,1,3.2,42.9,12,0,19,14.3,36,2,7,238,37.6,41.8,29.8,75.6,0,2,39,0,31.6,27.2,16.7,6,2,0,1,0,5,12.8,129,4.6
10,Bryson Barnes,131845,QB,UTAH,1,73.1,26,28,5.9,2.75,0,0,0.0,67.9,19,0,9,0.0,29,0,13,328,71.1,66.8,56.0,78.3,0,0,30,0,11.1,122.2,3.4,1,0,0,2,4,1,3.3,161,5.8
10,Davis Brin,77642,QB,GA SOUTHRN,1,76.0,25,28,7.5,2.73,0,1,3.1,64.3,18,0,14,5.3,33,1,9,174,68.7,50.8,51.4,55.3,0,1,37,1,14.3,81.7,6.1,2,3,0,3,1,3,8.1,195,7.0
10,Grant Wilson,143041,QB,DOMINION,1,70.4,27,28,15.6,2.87,0,3,10.3,57.1,16,0,15,15.8,35,3,10,263,71.3,78.8,71.9,74.2,0,0,36,0,26.7,112.1,11.4,4,3,0,1,3,0,0.0,179,6.4
10,Preston Stone,124716,QB,SMU,1,68.0,25,28,12.2,3.17,0,2,6.5,53.6,15,0,5,11.8,32,2,9,287,34.6,86.1,84.8,67.7,1,0,35,0,0.0,102.8,0.0,0,4,0,2,2,0,0.0,217,7.8
10,Hudson Card,123109,QB,PURDUE,1,58.3,24,28,8.2,2.68,1,2,6.7,42.9,12,0,18,14.3,30,2,5,273,70.3,56.2,49.5,69.4,3,1,32,0,5.6,56.3,3.3,1,1,0,0,1,1,3.1,144,5.1
10,Jaylen Raynor,172203,QB,ARK STATE,1,70.4,27,28,7.4,3.19,0,0,0.0,64.3,18,0,13,5.3,36,1,14,113,39.8,70.7,61.4,72.3,0,0,36,0,23.1,84.5,8.3,3,5,0,1,0,0,0.0,194,6.9
10,Gio Lopez,172309,QB,S ALABAMA,1,73.1,26,27,6.0,3.11,0,1,3.4,63.0,17,0,12,10.5,32,2,10,288,70.4,69.7,67.2,65.0,0,1,34,0,8.3,62.9,3.1,1,4,0,1,0,0,0.0,154,5.7
10,Payton Thorne,101629,QB,AUBURN,1,88.5,26,27,7.7,2.72,0,2,7.1,63.0,17,0,8,26.1,33,6,8,115,71.6,68.4,78.8,49.2,1,1,34,0,25.0,93.8,6.1,2,4,0,0,2,1,2.9,194,7.2
10,Joey Aguilar,174978,QB,APP STATE,1,84.6,26,27,9.2,2.49,0,2,6.9,74.1,20,0,15,9.1,37,2,16,108,34.1,82.6,90.5,49.6,0,0,39,0,20.0,136.2,8.1,3,7,0,1,3,0,0.0,229,8.5
10,Donovan Smith,73929,QB,HOUSTON,1,84.6,26,27,8.3,3.17,0,2,7.1,77.8,21,0,13,4.5,34,1,13,182,74.0,79.1,74.8,70.0,0,2,35,0,15.4,96.9,5.9,2,5,0,1,2,2,5.7,236,8.7
10,Zion Webb,63555,QB,JVILLE ST,1,60.9,23,26,11.7,2.25,2,3,11.1,50.0,13,0,9,7.1,27,1,6,196,74.2,67.6,62.8,66.1,0,1,28,1,0.0,83.7,0.0,0,1,0,1,2,1,3.6,189,7.3
10,Rocco Becht,157567,QB,IOWA STATE,1,76.9,26,26,6.5,2.63,0,1,3.6,76.9,20,0,9,0.0,33,0,9,193,69.1,72.5,79.4,51.0,0,1,35,0,33.3,84.8,9.1,3,4,0,0,0,0,0.0,216,8.3
10,Cade Klubnik,156253,QB,CLEMSON,1,62.5,24,26,6.2,2.11,0,0,0.0,50.0,13,0,7,13.3,27,2,7,140,69.2,63.1,64.1,55.1,0,1,29,0,14.3,58.0,3.7,1,0,0,2,1,0,0.0,109,4.2
10,Kyle McCord,145053,QB,OHIO STATE,1,84.0,25,26,7.6,2.39,1,0,0.0,73.1,19,0,5,9.5,27,2,9,260,68.5,66.9,63.6,63.3,0,1,27,0,20.0,115.7,3.7,1,0,0,0,3,1,3.7,189,7.3
10,Frank Harris,60586,QB,UTSA,1,68.2,22,25,10.6,3.11,1,0,0.0,52.0,13,0,10,13.3,28,2,7,331,72.3,82.2,75.4,74.3,0,0,29,0,10.0,67.8,3.6,1,2,0,2,0,0,0.0,134,5.4
10,Michael Pratt,123229,QB,TULANE,1,72.0,25,25,12.1,3.41,0,2,7.4,64.0,16,0,14,11.1,30,2,10,319,36.9,77.7,67.4,79.8,0,0,33,0,21.4,104.3,10.0,3,2,0,0,1,2,6.1,213,8.5
10,Gavin Wimsatt,155757,QB,RUTGERS,1,43.5,23,25,11.0,2.46,0,0,0.0,40.0,10,0,9,0.0,27,0,8,278,40.1,47.9,54.2,49.5,1,1,30,1,11.1,53.6,3.7,1,1,0,1,1,1,3.3,129,5.2
10,Kaidon Salter,132046,QB,LIBERTY,1,73.9,23,25,12.8,2.78,0,1,3.4,64.0,16,0,12,5.9,28,1,12,206,27.4,72.6,78.7,51.1,0,0,32,0,0.0,144.5,0.0,0,3,0,2,4,1,3.1,297,11.9
10,Cam Fancher,145266,QB,MARSHALL,1,70.8,24,25,10.8,3.53,0,1,3.6,56.0,14,0,15,17.6,32,3,8,214,70.1,63.8,57.1,71.3,0,3,35,0,20.0,46.5,9.4,3,4,0,1,1,3,8.6,144,5.8
10,Jayden Daniels,97993,QB,LSU,1,73.9,23,24,9.7,3.17,1,3,11.5,62.5,15,0,9,11.8,31,2,13,211,70.4,92.0,78.8,91.5,0,1,34,0,11.1,102.6,3.2,1,6,0,0,2,0,0.0,219,9.1
10,Garrett Greene,123420,QB,W VIRGINIA,1,62.5,24,24,12.8,2.79,0,2,6.9,50.0,12,0,6,20.0,27,3,9,343,68.9,72.9,75.9,53.4,0,0,32,0,0.0,107.1,0.0,0,3,0,0,2,0,0.0,205,8.5
10,Dylan Hopkins,83571,QB,NEW MEXICO,1,71.4,21,24,10.4,2.86,0,4,16.7,62.5,15,0,6,0.0,28,0,11,241,68.0,92.0,92.8,58.2,0,0,28,0,16.7,86.6,3.6,1,3,1,2,0,0,0.0,187,7.8
10,DJ Uiagalelei,122162,QB,OREGON ST,1,66.7,21,24,10.7,2.9,0,3,12.0,50.0,12,0,11,14.3,28,2,12,265,71.9,81.7,77.4,70.8,1,0,29,0,27.3,96.4,10.7,3,1,0,2,1,1,3.4,223,9.3
10,Cade McConnell,73935,QB,UTEP,1,70.0,20,24,13.2,3.09,1,2,8.0,58.3,14,0,9,0.0,28,0,7,330,68.7,58.9,59.5,60.6,0,1,29,1,33.3,84.4,10.7,3,1,0,3,1,1,3.4,214,8.9
10,Drake Maye,143969,QB,N CAROLINA,1,76.2,21,23,12.8,2.59,0,1,4.2,69.6,16,0,5,0.0,26,0,10,245,67.9,81.9,83.6,57.0,1,0,27,0,40.0,143.8,7.7,2,1,0,1,4,0,0.0,244,10.6
10,John Rhys Plumlee,97602,QB,UCF,1,70.0,20,23,9.2,2.86,0,2,7.7,56.5,13,0,10,7.1,24,1,7,323,40.6,57.8,58.0,58.3,1,0,27,0,0.0,79.1,0.0,0,1,0,2,0,1,3.7,165,7.2
10,Tommy Ulatowski,163150,QB,KENT STATE,1,81.8,22,23,12.7,2.5,1,2,8.3,65.2,15,0,7,16.7,25,3,6,201,72.9,78.7,85.3,57.4,0,0,26,0,14.3,137.5,4.0,1,1,0,0,3,1,3.8,229,10.0
10,Jason Bean,83529,QB,KANSAS,1,65.2,23,23,17.2,3.15,0,4,14.8,60.9,14,0,3,6.7,24,1,11,198,70.1,86.7,90.4,54.4,0,0,28,0,0.0,119.3,0.0,0,1,0,0,1,1,3.6,287,12.5
10,Jalen Milroe,146590,QB,ALABAMA,1,71.4,21,23,12.6,3.21,1,0,0.0,65.2,15,0,8,0.0,32,0,16,103,73.7,77.6,63.0,77.1,1,0,33,0,25.0,96.1,6.3,2,7,0,0,0,0,0.0,219,9.5
10,Billy Wiles,144144,QB,SO MISS,1,76.5,17,23,6.7,3.06,2,0,0.0,47.8,11,0,12,15.4,27,2,9,296,69.2,61.3,57.2,69.0,0,1,29,0,25.0,73.6,11.1,3,1,0,4,1,1,3.4,195,8.5
10,Devin Leary,77628,QB,KENTUCKY,1,61.9,21,22,11.4,2.77,0,1,4.5,59.1,13,0,11,0.0,23,0,9,202,68.1,61.2,62.8,60.0,0,0,23,1,9.1,111.2,4.3,1,0,0,1,2,1,4.3,156,7.1
10,Athan Kaliakmanis,144971,QB,MINNESOTA,1,59.1,22,22,13.3,2.65,0,1,4.5,50.0,11,0,9,15.4,26,2,8,225,70.0,76.3,76.5,62.5,0,0,26,0,33.3,115.0,11.5,3,1,0,0,3,0,0.0,167,7.6
10,Jacob Conover,70963,QB,ARIZONA ST,1,33.3,18,22,17.0,2.84,2,1,4.5,22.7,5,0,12,16.7,26,1,2,110,68.4,33.0,37.6,54.9,0,1,26,2,25.0,20.6,11.5,3,1,0,2,0,1,3.8,41,1.9
10,Zac Larrier,104193,QB,AIR FORCE,1,52.4,21,22,14.9,2.64,1,2,8.0,40.9,9,0,10,18.2,29,2,7,101,24.4,30.7,29.6,49.8,0,2,32,0,30.0,16.7,10.3,3,4,0,0,0,5,15.6,97,4.4
10,Emory Jones,82111,QB,CINCINNATI,1,80.0,20,22,9.0,2.94,0,1,4.2,72.7,16,0,11,0.0,29,0,9,138,69.8,72.7,71.6,60.6,0,1,31,0,36.4,100.0,13.8,4,3,0,2,1,0,0.0,217,9.9
10,Andrew Peasley,83581,QB,WYOMING,1,78.9,19,22,8.9,3.22,1,1,4.5,68.2,15,0,16,0.0,31,0,12,351,69.8,79.6,78.8,65.7,1,1,31,0,18.8,96.8,9.7,3,6,0,1,2,1,3.2,140,6.4
10,Mike Wright Jr.,124366,QB,MISS STATE,1,55.0,20,21,8.4,3.12,0,0,0.0,52.4,11,0,6,0.0,25,0,5,227,71.4,51.3,46.4,62.0,0,1,26,0,33.3,41.4,8.0,2,2,0,1,0,1,3.8,78,3.7
10,Kyron Drones,144506,QB,VA TECH,1,66.7,18,21,5.9,2.91,0,0,0.0,57.1,12,0,13,0.0,29,0,4,337,69.8,56.4,54.7,63.4,0,1,31,1,30.8,43.6,13.8,4,4,0,3,0,0,0.0,69,3.3
10,Ethan Garbers,131896,QB,UCLA,1,65.0,20,21,5.9,2.66,0,0,0.0,61.9,13,0,8,0.0,24,0,8,324,68.3,59.9,53.8,71.2,1,0,25,0,37.5,97.9,12.5,3,0,0,0,1,1,4.0,143,6.8
10,Connor Bazelak,99135,QB,BOWL GREEN,1,70.0,20,21,7.2,2.67,0,1,4.8,61.9,13,0,11,7.1,25,1,7,122,68.3,66.3,68.5,54.7,0,0,25,0,27.3,110.8,12.0,3,1,0,1,2,0,0.0,128,6.1
10,MJ Morris,157404,QB,NC STATE,1,60.0,20,21,7.5,2.68,0,0,0.0,52.4,11,0,13,8.3,25,1,6,248,28.5,29.6,31.0,49.3,0,1,27,1,15.4,66.2,8.0,2,2,0,1,1,3,11.1,123,5.9
10,Austin Reed,111760,QB,W KENTUCKY,1,80.0,20,20,8.8,2.57,0,0,0.0,55.0,11,0,4,31.3,21,5,7,346,70.8,73.1,68.1,69.6,0,1,21,0,25.0,65.0,4.8,1,0,0,0,1,1,4.8,102,5.1
10,Brendan Sullivan,145034,QB,NWESTERN,1,72.2,18,20,6.2,2.91,0,1,4.5,60.0,12,0,10,7.7,27,1,5,256,72.6,65.4,68.7,57.5,0,0,29,0,40.0,85.6,14.8,4,3,1,1,1,0,0.0,81,4.1
10,Katin Houser,158386,QB,MICH STATE,1,73.7,19,20,9.9,2.67,1,0,0.0,65.0,13,0,6,7.1,23,1,6,223,71.3,67.0,67.5,63.9,0,0,24,1,33.3,107.3,8.7,2,1,0,0,1,0,0.0,165,8.3
10,Taisun Phommachanh,99577,QB,UMASS,1,52.6,19,20,13.6,2.51,1,2,8.7,45.0,9,0,7,10.0,20,1,5,216,69.3,53.4,51.7,60.0,0,0,23,0,0.0,77.9,0.0,0,0,0,0,1,1,4.3,104,5.2
10,Mitch Griffis,123386,QB,WAKE,1,94.1,17,19,10.4,3.39,2,0,0.0,84.2,16,0,7,0.0,34,0,12,339,19.6,53.7,71.2,41.8,0,1,35,0,42.9,96.8,8.8,3,12,0,0,0,3,8.6,241,12.7
10,Devin Grainger,78496,QB,GA STATE,1,73.7,19,19,7.1,2.82,0,1,5.0,52.6,10,0,8,28.6,25,4,5,175,71.4,72.2,61.5,74.6,0,0,26,0,37.5,63.9,12.0,3,3,0,0,0,1,3.8,82,4.3
10,Dequan Finn,97804,QB,TOLEDO,1,78.9,19,19,11.0,3.16,0,0,0.0,63.2,12,0,6,20.0,21,3,7,316,70.8,60.8,67.8,50.3,0,1,22,0,0.0,88.3,0.0,0,2,0,0,1,2,9.1,173,9.1
10,Kiael Kelly,145634,QB,BALL ST,1,62.5,16,19,9.9,3.23,0,1,5.0,47.4,9,0,12,10.0,29,1,6,117,22.5,53.9,48.6,60.7,0,0,30,0,25.0,56.0,10.3,3,6,0,3,0,0,0.0,66,3.5
10,Grayson Loftis,170054,QB,DUKE,1,68.8,16,19,9.9,2.9,1,3,15.0,36.8,7,0,9,36.4,26,4,7,154,27.9,65.8,66.8,58.5,2,1,27,0,22.2,47.3,7.7,2,5,0,0,1,1,3.7,86,4.5
10,Alex Flinn,123797,QB,E CAROLINA,1,55.6,18,18,8.9,2.95,0,0,0.0,55.6,10,0,8,0.0,21,0,5,156,68.8,67.5,69.6,57.2,0,0,23,0,12.5,76.2,4.8,1,2,0,0,0,0,0.0,120,6.7
10,Jayden Maiava,158135,QB,UNLV,1,77.8,18,18,12.3,2.56,0,4,21.1,72.2,13,0,3,7.1,20,1,7,325,68.6,82.0,91.2,49.4,0,0,21,1,0.0,153.9,0.0,0,2,0,0,3,2,9.5,247,13.7
10,Carlos Del Rio-Wilson,146687,QB,SYRACUSE,1,47.1,17,17,7.2,2.02,0,0,0.0,41.2,7,0,7,12.5,20,1,1,304,72.1,28.1,24.9,59.1,0,4,22,0,28.6,9.3,10.0,2,1,0,0,0,3,13.6,37,2.2
10,Zeon Chriss-Gremillion,156733,QB,LA LAFAYET,1,75.0,16,17,10.7,2.94,0,1,5.3,70.6,12,0,3,0.0,19,0,7,207,69.8,68.3,67.6,62.0,1,0,22,0,0.0,122.4,0.0,0,2,0,0,1,0,0.0,171,10.1
10,Chandler Fields,97286,QB,LA LAFAYET,1,62.5,16,17,10.1,3.3,0,0,0.0,58.8,10,0,7,0.0,21,0,6,207,67.2,45.3,46.7,57.3,0,1,22,0,42.9,49.1,14.3,3,1,0,1,0,1,4.5,92,5.4
10,Blake Murphy,181169,QB,LA MONROE,1,60.0,15,17,10.5,2.76,0,1,5.6,41.2,7,0,7,22.2,21,2,3,209,67.4,39.7,36.7,62.8,1,3,22,0,28.6,16.7,9.5,2,2,0,1,0,3,13.6,81,4.8
10,Jase Bauer,145714,QB,C MICHIGAN,1,85.7,14,16,7.4,3.55,0,0,0.0,56.3,9,0,7,25.0,18,3,7,134,75.5,87.6,78.4,76.1,0,0,19,0,0.0,100.0,0.0,0,2,0,2,1,0,0.0,116,7.3
10,Cooper Legas,101286,QB,UTAH ST,1,78.6,14,16,9.6,2.91,0,1,5.9,68.8,11,0,6,0.0,19,0,5,329,67.1,76.8,74.6,64.1,1,0,20,1,33.3,142.4,10.5,2,1,0,1,2,0,0.0,167,10.4
10,McCae Hillstead,174761,QB,UTAH ST,1,81.3,16,16,3.9,2.67,0,1,5.9,75.0,12,0,7,7.7,21,1,5,329,68.7,68.0,71.7,57.8,0,0,22,0,28.6,80.7,9.5,2,3,0,0,0,0,0.0,62,3.9
10,Kirk Francis,173296,QB,TULSA,1,37.5,16,16,15.1,2.46,0,2,11.1,37.5,6,0,1,0.0,16,0,4,320,66.8,64.1,63.5,,0,1,18,0,0.0,26.6,0.0,0,0,0,0,0,2,11.1,74,4.6
10,Chase Jenkins,173242,QB,RICE,1,62.5,16,16,9.7,2.84,0,2,12.5,62.5,10,0,8,0.0,19,0,3,275,67.8,55.5,56.2,57.2,0,1,20,0,12.5,50.3,5.3,1,2,0,0,0,2,10.0,85,5.3
10,Ben Whitlock,186579,QB,W GEORGIA,1,43.8,16,16,11.9,2.47,0,2,11.1,43.8,7,0,3,0.0,18,0,3,1177,21.2,29.5,29.5,,0,1,20,1,66.7,34.1,11.1,2,0,0,0,0,5,25.0,83,5.2
10,AJ Bianco,158232,QB,NEVADA,1,46.2,13,15,15.2,3.13,1,0,0.0,33.3,5,0,16,16.7,26,1,6,239,70.0,47.6,30.2,72.7,1,1,26,0,37.5,23.2,23.1,6,5,0,0,0,2,7.7,76,5.1
10,Deacon Hill,145170,QB,IOWA,1,76.9,13,15,5.2,2.56,0,0,0.0,66.7,10,0,7,0.0,17,0,4,192,70.2,47.7,37.4,70.2,0,1,20,0,28.6,70.1,11.8,2,0,0,2,1,2,10.0,65,4.3
10,Chris Parson,172551,QB,MISS STATE,1,69.2,13,15,8.8,3.98,0,1,6.7,40.0,6,0,11,33.3,18,3,4,227,66.8,73.2,73.4,64.2,0,0,18,2,18.2,54.0,11.1,2,1,0,2,0,0,0.0,67,4.5
10,JT Daniels,83578,QB,RICE,1,61.5,13,15,6.1,2.69,0,1,6.7,53.3,8,0,11,0.0,20,0,5,275,67.0,43.3,44.0,57.3,0,1,20,0,27.3,80.8,15.0,3,1,0,2,2,1,5.0,81,5.4
10,Cameran Brown,184894,QB,W GEORGIA,1,46.2,13,14,16.4,3.01,1,0,0.0,42.9,6,0,4,0.0,16,0,5,1177,28.8,55.4,39.1,71.6,0,0,17,0,0.0,70.8,0.0,0,2,0,0,0,1,5.9,111,7.9
10,Joe Milton III,82151,QB,TENNESSEE,1,84.6,13,14,13.8,2.93,1,1,7.1,78.6,11,0,3,0.0,14,0,7,307,68.1,90.7,90.1,67.9,0,0,15,0,0.0,158.3,0.0,0,0,0,0,2,0,0.0,254,18.1
10,Xavier Arline,121831,QB,NAVY,1,72.7,11,14,16.0,3.28,0,3,20.0,42.9,6,0,11,25.0,18,2,5,237,77.2,84.6,90.6,66.8,1,0,19,0,18.2,98.5,11.1,2,2,0,2,1,0,0.0,124,8.9
10,Jack Plummer,83543,QB,LOUISVILLE,1,91.7,12,12,5.0,2.91,0,0,0.0,91.7,11,0,5,0.0,15,0,7,210,68.1,85.8,82.0,70.1,0,0,15,0,20.0,143.4,6.7,1,2,0,0,1,0,0.0,141,11.8
10,Jiya Wright,77688,QB,LA MONROE,1,60.0,10,12,9.6,2.83,1,0,0.0,41.7,5,0,5,16.7,13,1,4,209,22.2,41.8,50.4,43.1,0,0,13,0,20.0,101.4,7.7,1,0,0,1,1,1,7.7,106,8.8
10,Cardell Williams,156190,QB,TULSA,1,54.5,11,11,12.9,3.03,0,0,0.0,54.5,6,0,5,0.0,16,0,5,320,68.2,79.1,74.0,69.7,0,0,17,0,20.0,70.6,6.3,1,4,0,0,0,0,0.0,61,5.5
10,Garrett Nussmeier,146757,QB,LSU,1,70.0,10,10,9.5,2.41,0,0,0.0,50.0,5,0,2,28.6,10,2,2,211,65.4,79.0,78.4,,0,0,10,0,0.0,65.4,0.0,0,0,0,0,0,0,0.0,52,5.2
10,Bryson Daily,147303,QB,ARMY,1,50.0,8,9,7.8,2.67,0,0,0.0,44.4,4,0,4,0.0,12,0,1,114,79.4,63.3,48.6,65.8,1,0,15,0,25.0,57.6,8.3,1,2,0,0,0,0,0.0,40,4.4
10,Nico Iamaleava,174728,QB,TENNESSEE,1,62.5,8,9,7.1,3.24,1,0,0.0,55.6,5,0,5,0.0,10,0,6,307,65.4,66.8,63.1,63.1,0,0,10,0,0.0,125.2,0.0,0,1,0,0,1,0,0.0,86,9.6
10,Ty Thompson,146568,QB,OREGON,1,75.0,8,8,8.9,2.24,0,1,12.5,75.0,6,0,1,0.0,8,0,4,264,64.9,85.1,84.7,,0,0,8,0,0.0,134.4,0.0,0,0,0,0,1,0,0.0,58,7.3
10,Brendon Lewis,131687,QB,NEVADA,1,16.7,6,8,23.2,4.59,0,0,0.0,12.5,1,0,3,0.0,10,0,1,239,21.4,30.0,29.8,52.4,0,0,10,0,33.3,45.8,10.0,1,1,0,2,0,1,10.0,36,4.5
10,Gaston Moore,123756,QB,TENNESSEE,1,71.4,7,7,4.4,2.36,0,0,0.0,57.1,4,0,3,20.0,8,1,2,307,64.9,75.2,74.7,,0,0,8,0,33.3,71.1,12.5,1,0,0,0,0,0,0.0,36,5.1
10,Dante Moore,173983,QB,UCLA,1,66.7,6,7,6.2,2.8,1,0,0.0,57.1,4,0,2,0.0,7,0,1,324,64.6,53.0,52.6,,0,0,7,0,0.0,62.2,0.0,0,0,0,0,0,0,0.0,14,2.0
10,Kevin Jennings,158272,QB,SMU,1,80.0,5,6,10.6,2.77,1,0,0.0,66.7,4,0,1,0.0,7,0,2,287,68.1,66.9,73.9,55.3,0,0,7,0,0.0,83.3,0.0,0,1,0,0,0,0,0.0,37,6.2
10,Trenton Bourguet,97285,QB,ARIZONA ST,1,50.0,6,6,4.0,2.25,0,0,0.0,50.0,3,0,3,0.0,6,0,0,110,64.6,55.1,54.9,,0,0,7,0,0.0,56.3,0.0,0,0,0,0,0,0,0.0,-1,-0.2
10,Collin Schlee,98025,QB,UCLA,1,20.0,5,5,16.4,3.63,0,0,0.0,0.0,0,0,2,100.0,8,1,1,324,20.1,43.9,29.7,63.5,0,0,8,0,0.0,39.6,0.0,0,3,0,0,0,0,0.0,0,0.0
10,Brady Lichtenberg,144226,QB,CINCINNATI,1,100.0,4,5,1.5,2.74,0,0,0.0,60.0,3,0,2,25.0,5,1,1,138,63.8,71.3,70.8,,1,0,5,0,0.0,82.1,0.0,0,0,0,0,0,0,0.0,36,7.2
10,Nicco Marchiol,157363,QB,W VIRGINIA,1,100.0,4,4,-0.3,1.98,0,0,0.0,100.0,4,0,0,0.0,4,0,1,343,68.8,78.6,64.1,72.9,0,0,4,0,,93.8,0.0,0,0,0,0,0,0,0.0,26,6.5
10,Logan Smothers,129713,QB,JVILLE ST,1,25.0,4,4,5.8,2.55,0,0,0.0,25.0,1,0,2,0.0,4,0,1,196,70.4,35.1,27.9,58.3,0,1,5,0,0.0,40.6,0.0,0,0,0,0,1,1,20.0,13,3.3
10,Conner Harrell,156352,QB,N CAROLINA,1,100.0,4,4,15.5,2.15,0,1,25.0,100.0,4,0,1,0.0,4,0,3,245,66.6,93.0,78.6,83.6,0,0,4,0,0.0,158.3,0.0,0,0,0,0,1,0,0.0,71,17.8
10,Beau Pribula,164182,QB,PENN STATE,1,25.0,4,4,5.8,2.57,0,0,0.0,25.0,1,0,4,0.0,6,0,0,266,71.1,59.5,42.1,68.0,0,0,6,0,25.0,39.6,16.7,1,1,0,0,0,0,0.0,6,1.5
10,Braylon Braxton,144442,QB,TULSA,1,25.0,4,4,9.8,3.02,0,0,0.0,25.0,1,0,1,0.0,5,0,0,320,67.0,41.6,35.7,58.7,0,0,6,0,0.0,39.6,0.0,0,1,0,0,0,0,0.0,2,0.5
10,Kaiya Sheron,62530,QB,KENTUCKY,1,66.7,3,3,4.3,2.4,0,0,0.0,66.7,2,0,2,0.0,3,0,1,202,62.7,60.9,60.1,,0,0,3,0,0.0,70.1,0.0,0,0,0,0,0,0,0.0,5,1.7
10,John Paddock,77689,QB,ILLINOIS,1,100.0,3,3,22.7,3.0,0,2,50.0,100.0,3,0,2,0.0,3,0,3,187,65.2,96.2,96.0,60.0,0,0,4,0,0.0,158.3,0.0,0,0,0,0,1,0,0.0,85,28.3
10,Walter Taylor III,163728,QB,VANDERBILT,1,33.3,3,3,12.3,2.6,0,0,0.0,33.3,1,0,1,0.0,3,0,0,333,66.4,48.0,47.4,58.6,0,0,3,0,0.0,42.4,0.0,0,0,0,0,0,0,0.0,6,2.0
10,Zach Pyron,156309,QB,GA TECH,1,66.7,3,3,-2.3,1.27,0,0,0.0,33.3,1,0,0,50.0,3,1,0,176,66.4,68.7,56.0,68.3,0,0,3,0,,42.4,0.0,0,0,0,0,0,0,0.0,1,0.3
10,Billy Edwards Jr.,144185,QB,MARYLAND,1,66.7,3,3,3.0,1.83,0,0,0.0,66.7,2,0,0,0.0,3,0,0,215,64.8,28.6,28.3,59.2,0,1,3,0,,30.6,0.0,0,0,0,0,0,1,33.3,-3,-1.0
10,Grant Wells,97784,QB,VA TECH,1,50.0,2,2,2.0,2.5,0,0,0.0,50.0,1,0,1,0.0,2,0,0,337,61.8,74.6,74.1,,0,0,2,0,0.0,56.3,0.0,0,0,0,0,0,0,0.0,3,1.5
10,Taylen Green,145996,QB,BOISE ST,1,50.0,2,2,15.0,3.43,0,0,0.0,50.0,1,0,0,0.0,3,0,1,120,66.6,40.6,33.2,58.4,0,1,4,0,,56.3,0.0,0,1,0,0,0,1,25.0,32,16.0
10,Jensen Jones,133209,QB,AIR FORCE,1,50.0,2,2,6.0,2.2,0,0,0.0,50.0,1,0,1,0.0,2,0,1,101,64.4,73.2,65.8,63.8,0,0,2,0,0.0,66.7,0.0,0,0,0,0,0,0,0.0,11,5.5
10,Sam Leavitt,175465,QB,MICH STATE,1,50.0,2,2,30.5,3.0,0,1,50.0,50.0,1,0,1,0.0,3,0,1,223,64.8,57.8,63.1,62.4,0,0,3,0,100.0,135.4,33.3,1,0,0,0,1,1,33.3,25,12.5
10,Tony Muskett,142933,QB,VIRGINIA,1,50.0,2,2,17.0,1.9,0,0,0.0,50.0,1,0,1,0.0,2,0,1,335,64.4,65.8,59.4,63.1,0,1,2,0,0.0,27.1,0.0,0,0,0,0,0,0,0.0,11,5.5
10,Camden Orth,108965,QB,BOWL GREEN,1,100.0,2,2,10.0,2.95,0,0,0.0,100.0,2,0,2,0.0,4,0,2,122,66.6,84.4,74.2,70.5,0,0,4,0,50.0,118.8,25.0,1,1,0,0,0,0,0.0,49,24.5
10,Devon Dampier,171556,QB,NEW MEXICO,1,100.0,2,2,8.0,3.05,0,0,0.0,100.0,2,0,1,0.0,2,0,2,241,68.8,70.5,55.8,70.4,0,0,3,0,0.0,125.0,0.0,0,0,0,0,1,0,0.0,9,4.5
10,Tevin Carter,157995,QB,MEMPHIS,1,100.0,2,2,7.5,2.15,0,0,0.0,100.0,2,0,0,0.0,2,0,1,218,64.4,65.8,72.3,57.0,0,0,2,0,,158.3,0.0,0,0,0,0,1,0,0.0,92,46.0
10,Zion Turner,158636,QB,UCONN,1,50.0,2,2,7.5,3.15,0,0,0.0,50.0,1,0,1,0.0,2,0,0,146,61.8,74.2,73.6,,0,0,2,0,0.0,56.3,0.0,0,0,0,0,0,0,0.0,3,1.5
10,Logan Fife,128176,QB,FRESNO ST,1,100.0,2,2,-3.5,2.05,0,0,0.0,50.0,1,0,0,50.0,2,1,0,169,61.8,62.9,62.7,,0,0,2,0,,70.8,0.0,0,0,0,0,0,0,0.0,13,6.5
10,Ethan Crawford,173571,QB,SO MISS,1,0.0,2,2,14.0,2.45,0,0,0.0,0.0,0,0,0,,2,0,0,296,73.4,66.0,43.1,69.1,0,0,2,0,,39.6,0.0,0,0,0,0,0,0,0.0,0,0.0
10,Dom Shoffner,62788,QB,CHARLOTTE,1,0.0,1,1,23.0,3.5,0,0,0.0,0.0,0,0,1,,2,0,0,136,67.6,51.6,48.4,60.1,0,0,2,0,100.0,39.6,50.0,1,0,0,0,0,0,0.0,0,0.0
10,Bryce Damous,145450,TE,UAB,1,100.0,1,1,-8.0,0.6,0,0,0.0,100.0,1,0,0,0.0,1,0,1,321,62.4,56.2,60.6,,0,0,1,0,,118.8,0.0,0,0,0,0,0,0,0.0,15,15.0
10,Avery Johnson,173108,QB,KANSAS ST,1,0.0,1,1,16.0,3.3,0,0,0.0,0.0,0,0,0,,1,0,0,199,63.7,27.3,27.2,59.7,0,0,1,0,,39.6,0.0,0,0,0,0,0,1,100.0,0,0.0
10,Chandler Pittman,145418,HB,SO MISS,1,100.0,1,1,35.0,3.3,0,0,0.0,100.0,1,0,0,0.0,1,0,1,296,64.8,78.0,75.7,59.6,0,0,1,0,,158.3,0.0,0,0,0,0,1,0,0.0,38,38.0
10,Shawqi Itraish,145393,QB,RICE,1,,0,1,,0.0,0,0,0.0,0.0,0,0,0,,1,0,0,275,60.3,58.8,60.0,,0,0,1,0,,39.6,0.0,0,0,1,0,0,0,0.0,0,0.0
10,Aidan Chiles,173727,QB,OREGON ST,1,0.0,1,1,21.0,3.3,0,0,0.0,0.0,0,0,1,,2,0,0,265,64.8,65.5,53.8,67.5,0,0,3,0,0.0,39.6,0.0,0,1,0,0,0,0,0.0,0,0.0
10,KeAndre Lambert-Smith,129789,WR,PENN STATE,1,0.0,1,1,31.0,3.3,0,0,0.0,0.0,0,0,0,,1,0,0,266,67.3,77.5,49.9,,0,0,1,0,,39.6,0.0,0,0,0,0,0,0,0.0,0,0.0
10,Jayden de Laura,131928,QB,ARIZONA,1,0.0,1,1,-8.0,3.6,0,0,0.0,0.0,0,0,0,,1,0,0,109,60.3,50.4,56.8,,0,0,1,0,,39.6,0.0,0,0,0,0,0,0,0.0,0,0.0
10,Brock Domann,102351,QB,LOUISVILLE,1,100.0,1,1,1.0,2.2,0,0,0.0,100.0,1,0,0,0.0,1,0,1,210,60.3,62.4,60.6,,0,0,1,0,,108.3,0.0,0,0,0,0,0,0,0.0,10,10.0
10,Brett Buckman,105723,WR,UCONN,1,,0,1,,3.3,0,0,0.0,0.0,0,0,1,,1,0,0,146,66.4,61.3,60.0,,0,0,1,1,0.0,39.6,0.0,0,0,0,1,0,0,0.0,0,0.0
10,James Ferguson-Reynolds,157204,P,BOISE ST,1,100.0,1,1,-1.0,1.9,0,0,0.0,100.0,1,0,0,0.0,1,0,1,120,60.3,71.8,74.3,,0,0,1,0,,118.8,0.0,0,0,0,0,0,0,0.0,21,21.0
10,Navy Shuler,122254,QB,TENNESSEE,1,100.0,1,1,-1.0,1.6,0,0,0.0,100.0,1,0,0,0.0,1,0,0,307,65.9,68.6,60.4,64.0,0,0,1,0,,79.2,0.0,0,0,0,0,0,0,0.0,-1,-1.0
10,Ollie Gordon II,157792,HB,OKLA STATE,1,0.0,1,1,24.0,5.1,0,0,0.0,0.0,0,0,1,,1,0,0,262,79.8,67.3,37.5,70.4,0,1,1,1,0.0,0.0,0.0,0,0,0,0,0,1,100.0,0,0.0
10,Tate Rodemaker,122414,QB,FLORIDA ST,1,100.0,1,1,-1.0,1.9,0,0,0.0,100.0,1,0,0,0.0,1,0,0,167,61.8,58.5,57.9,,0,0,2,0,,79.2,0.0,0,0,0,0,0,0,0.0,3,3.0
10,Grady Brosterhous,156379,QB,VIRGINIA,1,100.0,1,1,4.0,1.7,0,0,0.0,100.0,1,0,0,0.0,1,0,1,335,60.3,61.7,60.6,,0,0,1,0,,118.8,0.0,0,0,0,0,0,0,0.0,21,21.0
10,Jefferson Boaz,122822,QB,N CAROLINA,1,100.0,1,1,-6.0,1.6,0,0,0.0,100.0,1,0,0,0.0,1,0,0,245,60.3,61.7,61.0,,0,0,1,0,,79.2,0.0,0,0,0,0,0,0,0.0,3,3.0
10,Kai Kroeger,124245,P,S CAROLINA,1,0.0,1,1,30.0,2.2,0,0,0.0,0.0,0,0,0,,1,0,0,289,60.3,60.2,60.1,,0,0,1,0,,39.6,0.0,0,0,0,0,0,0,0.0,0,0.0
10,Alante Brown,97171,WR,MICH STATE,1,100.0,1,1,32.0,3.55,0,1,100.0,100.0,1,0,2,0.0,2,0,1,223,66.2,64.9,84.9,58.5,0,0,2,0,50.0,118.8,50.0,1,0,0,0,0,0,0.0,42,42.0
10,Zechariah Ramirez,158803,K,S DIEGO ST,1,100.0,1,1,-6.0,1.0,0,0,0.0,100.0,1,0,0,0.0,1,0,0,284,60.3,61.1,60.6,,0,0,1,0,,79.2,0.0,0,0,0,0,0,0,0.0,-2,-2.0
10,Cam Skattebo,147787,HB,ARIZONA ST,1,100.0,1,1,14.0,2.5,0,0,0.0,0.0,0,0,0,100.0,1,1,0,110,73.8,57.9,70.3,59.8,0,0,2,0,,39.6,0.0,0,0,0,0,0,0,0.0,0,0.0
10,Jaylin Noel,125155,WR,IOWA STATE,1,100.0,1,1,38.0,3.5,0,0,0.0,100.0,1,0,0,0.0,1,0,1,193,71.0,72.1,75.9,,0,0,1,0,,118.8,0.0,0,0,0,0,0,0,0.0,42,42.0
10,Jalen Royals,163442,WR,UTAH ST,1,0.0,1,1,1.0,4.7,0,0,0.0,0.0,0,0,0,,1,0,0,329,67.3,72.1,57.7,,0,0,1,0,,39.6,0.0,0,0,0,0,0,0,0.0,0,0.0
10,Justin Lamson,144052,QB,STANFORD,1,100.0,1,1,23.0,3.85,0,1,50.0,100.0,1,0,0,0.0,2,0,1,300,76.2,84.6,88.8,70.1,0,0,3,0,,118.8,0.0,0,1,0,0,0,0,0.0,27,27.0
10,Montorie Foster Jr.,129616,WR,MICH STATE,1,0.0,1,1,16.0,3.6,0,0,0.0,0.0,0,0,1,,1,0,0,223,65.3,76.7,72.6,,0,0,1,0,0.0,39.6,0.0,0,0,0,0,0,0,0.0,0,0.0
10,Ryan Bujcevski,77594,P,SMU,1,0.0,1,1,6.0,3.0,0,0,0.0,0.0,0,0,0,,1,0,0,287,60.3,36.0,54.7,,0,0,1,0,,39.6,0.0,0,0,0,0,0,0,0.0,0,0.0
10,Parker McKinney,82109,QB,E KENTUCKY,1,76.6,47,53,9.4,2.77,2,4,7.3,64.2,34,0,15,5.6,58,2,17,159,70.7,76.3,78.7,50.0,3,0,62,0,26.7,105.5,6.9,4,1,0,1,3,1,1.6,396,7.5
10,Jameson Wang,148782,QB,CORNELL,1,66.0,53,53,9.3,2.54,0,1,1.8,66.0,35,0,8,0.0,55,0,20,147,73.5,67.7,64.6,66.6,0,1,57,0,0.0,81.4,0.0,0,2,0,0,1,2,3.5,329,6.2
10,Zevi Eckhaus,148535,QB,BRYANT,1,57.1,49,51,8.8,2.42,2,3,5.6,51.0,26,0,12,7.1,56,2,19,124,70.2,73.8,69.1,73.7,0,1,60,0,8.3,90.2,1.8,1,4,0,0,4,0,0.0,338,6.6
10,Zach Calzada,98006,QB,INCAR WORD,1,57.1,49,51,11.5,2.45,0,3,5.6,54.9,28,0,12,0.0,54,0,20,189,70.1,80.3,78.0,64.9,0,2,58,0,16.7,89.8,3.7,2,0,1,1,4,1,1.7,394,7.7
10,Ralph Rucker IV,144625,QB,BUCKNELL,1,69.6,46,49,9.9,2.93,0,2,3.9,65.3,32,0,32,0.0,59,0,23,125,70.7,87.9,82.9,76.1,0,0,62,0,15.6,100.6,8.5,5,5,0,3,2,0,0.0,358,7.3
10,Zack Annexstad,83516,QB,ILL STATE,1,72.3,47,48,6.4,2.19,0,0,0.0,66.7,32,0,11,5.9,50,2,15,188,70.6,77.1,73.5,62.9,1,0,50,1,0.0,90.5,0.0,0,1,0,0,1,2,4.0,299,6.2
10,Derek Robertson,142298,QB,MAINE,1,71.1,45,48,9.4,2.44,0,5,10.2,58.3,28,0,10,12.5,50,4,19,212,69.7,77.6,77.0,60.0,2,1,51,0,20.0,107.0,4.0,2,0,0,1,5,2,3.9,349,7.3
10,Ryan O'Connor,155510,QB,DELAWARE,1,62.5,40,47,14.1,2.76,2,4,8.3,48.9,23,0,16,8.0,55,2,15,151,33.6,61.2,58.9,65.7,0,1,56,0,31.3,69.0,9.1,5,3,0,5,1,3,5.4,315,6.7
10,Jordan Cooke,175116,QB,IDAHO ST,1,59.5,42,45,8.6,2.73,1,4,8.3,51.1,23,0,13,8.0,49,2,10,186,69.8,54.4,54.1,,0,1,53,0,30.8,75.9,8.2,4,0,0,2,2,3,5.7,277,6.2
10,Dean DeNobile,159740,QB,LAFAYETTE,1,81.1,37,44,8.1,3.09,1,1,2.2,65.9,29,0,13,3.3,51,1,14,203,41.0,77.9,72.4,73.7,0,1,52,0,23.1,92.7,5.9,3,4,0,6,3,2,3.8,237,5.4
10,Brian Maurer,99123,QB,STF AUSTIN,1,65.9,41,42,7.3,2.42,1,1,2.2,59.5,25,0,7,7.4,46,2,8,301,24.6,60.6,63.9,51.2,0,0,49,0,14.3,69.9,2.2,1,3,0,0,0,1,2.0,184,4.4
10,Kobe Tracy,141317,QB,UTAHTC,1,67.5,40,42,8.4,2.37,1,0,0.0,59.5,25,0,5,7.4,44,2,14,1285,34.3,52.7,56.0,49.6,0,1,45,0,20.0,72.5,2.3,1,1,0,1,1,4,8.9,230,5.5
10,Max Brosmer,105568,QB,NEW HAMP,1,70.0,40,42,7.8,2.83,1,0,0.0,64.3,27,0,8,3.6,45,1,12,240,69.9,62.8,62.9,57.8,1,3,47,0,12.5,59.5,2.2,1,2,0,0,1,2,4.3,259,6.2
10,Kinkead Dent,99132,QB,TENN MARTN,1,73.0,37,41,11.6,2.74,1,3,7.1,58.5,24,0,21,11.1,44,3,15,310,36.7,64.1,63.3,60.3,2,1,45,0,9.5,112.6,4.5,2,1,0,1,5,4,8.9,318,7.8
10,Joe Green,101283,QB,COLUMBIA,1,61.5,39,40,9.6,2.76,0,2,5.0,60.0,24,0,17,0.0,45,0,11,145,69.4,58.7,57.2,61.7,0,2,45,0,17.6,70.3,6.7,3,2,0,1,2,3,6.7,215,5.4
10,Richie Munoz,173668,QB,WEBER ST,1,68.4,38,40,9.6,2.69,2,2,4.9,62.5,25,0,9,3.8,47,1,11,342,38.3,70.8,70.5,58.3,0,1,48,0,22.2,92.2,4.3,2,4,0,0,3,2,4.2,225,5.6
10,Jake Willcox,148649,QB,BROWN,1,65.7,35,39,8.1,2.72,0,4,9.3,51.3,20,0,14,13.0,40,3,9,123,24.0,58.1,70.0,35.8,1,1,44,1,0.0,60.0,0.0,0,1,0,3,0,1,2.3,242,6.2
10,Collin Shannon,160918,QB,VA MILT IN,1,62.2,37,38,9.4,2.47,1,1,2.6,55.3,21,0,5,8.7,40,2,12,336,70.4,62.9,56.0,77.3,0,1,42,0,20.0,68.9,2.5,1,1,0,0,1,2,4.8,209,5.5
10,Quincy Casey,104763,QB,ALAB A&M,1,64.7,34,38,11.5,2.66,1,1,2.4,50.0,19,0,13,13.6,48,3,12,104,70.8,51.6,50.1,59.7,0,1,52,0,38.5,82.0,10.4,5,5,0,3,2,4,7.7,289,7.6
10,Jordyn Potts,174577,QB,TENN TECH,1,71.4,35,38,7.7,2.87,2,1,2.5,63.2,24,0,14,4.0,40,1,10,309,70.8,72.0,73.9,54.2,0,0,42,0,7.1,117.2,2.5,1,1,0,1,5,0,0.0,209,5.5
10,Chase Artopoeus,100577,QB,CHATTNOOGA,1,63.9,36,38,14.6,2.53,2,4,10.0,52.6,20,0,15,13.0,46,3,10,137,69.9,82.1,79.6,68.2,0,0,48,0,33.3,95.2,10.9,5,3,0,0,2,0,0.0,289,7.6
10,Jaylen King,170801,QB,GARD-WEBB,1,58.3,36,37,8.7,2.83,0,2,5.3,51.4,19,0,13,9.5,46,2,15,171,48.6,63.9,55.6,68.4,0,1,47,0,15.4,69.9,4.3,2,7,0,1,2,2,4.3,162,4.4
10,Mitch Davidson,138334,QB,YNGTOWN ST,1,75.7,37,37,7.1,2.36,0,1,2.5,67.6,25,0,10,10.7,43,3,15,353,69.8,68.8,69.5,66.1,0,0,46,2,30.0,87.0,7.0,3,3,0,0,0,1,2.2,254,6.9
10,Patrick Heitert,126526,QB,SE MO ST,1,51.7,29,36,8.4,3.1,1,0,0.0,38.9,14,0,15,6.7,42,1,8,293,70.4,51.3,51.3,56.2,0,1,42,1,13.3,48.8,4.8,2,4,1,5,1,1,2.4,144,4.0
10,Noah Walters,164315,QB,N ALABAMA,1,67.6,34,36,8.9,2.68,1,0,0.0,58.3,21,0,21,8.7,49,2,15,389,70.3,61.8,61.6,59.7,0,2,54,0,19.0,70.6,8.2,4,9,0,1,2,2,3.7,212,5.9
10,Hajj-Malik Williams,102348,QB,CAMPBELL,1,75.0,32,36,6.1,2.24,3,1,2.6,63.9,23,0,9,4.2,42,1,9,131,71.6,73.3,65.4,77.6,0,1,45,1,33.3,74.2,7.1,3,1,0,1,1,2,4.4,183,5.1
10,DJ Williams,138061,QB,MURRAY ST,1,55.6,36,36,15.8,2.62,0,3,7.1,52.8,19,0,7,5.0,42,1,15,236,70.7,77.5,70.6,77.8,0,0,48,0,28.6,100.2,4.8,2,4,0,0,3,0,0.0,228,6.3
10,Matthew Downing,82120,QB,ELON,1,63.3,30,35,14.6,3.07,1,3,8.3,48.6,17,0,10,10.5,42,2,11,162,71.1,66.7,72.5,56.4,1,0,43,2,20.0,113.0,4.8,2,5,0,3,3,0,0.0,352,10.1
10,Nic Baker,87541,QB,S ILLINOIS,1,67.9,28,35,12.1,3.67,3,0,0.0,45.7,16,0,21,15.8,45,3,14,295,69.8,67.9,69.8,55.1,1,1,45,1,28.6,64.8,13.3,6,4,0,3,1,2,4.4,227,6.5
10,JaCobian Morgan,123050,QB,JACKSON ST,1,77.4,31,34,4.1,2.51,0,0,0.0,70.6,24,0,16,0.0,42,0,10,194,25.4,56.1,56.2,57.4,0,0,44,0,31.3,91.7,11.9,5,3,0,3,1,2,4.5,171,5.0
10,Jordan Pachot,164809,QB,MO STATE,1,78.8,33,34,10.2,2.92,1,3,8.6,70.6,24,0,18,7.7,40,2,15,230,69.1,83.2,80.8,64.3,0,2,41,0,27.8,91.5,12.5,5,1,0,0,2,2,4.9,290,8.5
10,Anthony Chiccitt,141376,QB,ROB MORRIS,1,67.7,31,34,9.8,2.76,1,1,2.9,58.8,20,0,11,4.8,40,1,14,277,21.6,68.8,64.7,70.3,0,1,40,0,27.3,86.9,7.5,3,3,0,2,2,3,7.5,232,6.8
10,Pierce Holley,108981,QB,E ILLINOIS,1,63.6,33,34,12.2,2.6,0,2,5.7,52.9,18,0,9,14.3,36,3,9,158,70.2,59.7,58.5,60.8,0,1,37,0,22.2,73.8,5.6,2,0,0,1,1,2,5.4,245,7.2
10,Luke Bailey,143172,QB,DRAKE,1,63.6,33,34,9.9,2.31,1,0,0.0,58.8,20,0,13,4.8,34,1,9,153,69.4,73.5,73.2,59.1,0,0,39,0,0.0,86.0,0.0,0,0,0,0,1,1,2.6,205,6.0
10,Will McElvain,88639,QB,CENT ARK,1,77.4,31,33,6.8,2.96,0,1,2.8,66.7,22,0,13,8.3,39,2,14,132,36.3,65.9,69.1,52.5,0,0,42,0,30.8,99.2,10.3,4,2,0,2,1,1,2.4,249,7.5
10,Quinton Williams,102366,QB,HOWARD,1,71.0,31,33,9.2,2.89,2,1,2.9,54.5,18,0,7,18.2,36,4,9,184,69.3,85.0,86.0,57.3,0,0,37,0,42.9,95.4,8.3,3,0,0,0,2,0,0.0,219,6.6
10,CJ Montes,146114,QB,FORDHAM,1,69.0,29,33,14.5,3.14,0,5,15.2,54.5,18,0,10,10.0,39,2,12,168,69.4,83.1,91.4,43.6,0,0,39,0,0.0,119.3,0.0,0,6,0,4,3,0,0.0,328,9.9
10,Maverick McIvor,99476,QB,ABILENE CH,1,76.7,30,33,5.8,2.43,0,0,0.0,60.6,20,0,6,13.0,36,3,15,100,36.1,66.8,60.8,70.9,0,0,36,0,16.7,94.0,2.8,1,2,0,3,2,1,2.8,168,5.1
10,Myles Crawley,141731,QB,GRAMBLING,1,70.0,30,32,9.4,2.12,0,1,3.1,65.6,21,0,8,0.0,35,0,11,177,68.6,73.0,73.6,59.2,1,2,35,0,25.0,66.8,5.7,2,0,0,1,1,1,2.9,197,6.2
10,William Riddle,161252,QB,E TENN ST,1,48.3,29,31,7.7,2.73,1,0,0.0,41.9,13,0,5,7.1,33,1,7,157,69.5,32.8,29.7,60.1,0,1,33,1,20.0,42.1,3.0,1,1,0,1,0,2,6.1,138,4.5
10,Cole Gonzales,159939,QB,W CAROLINA,1,67.7,31,31,8.7,2.85,0,2,5.9,61.3,19,0,16,9.5,37,2,14,344,38.0,73.1,71.3,65.1,0,1,41,0,0.0,92.0,0.0,0,6,0,0,2,1,2.4,229,7.4
10,Blake Stenstrom,82106,QB,PRINCETON,1,80.8,26,31,7.0,2.94,1,1,2.9,61.3,19,0,7,9.5,35,2,8,272,24.3,67.0,62.5,67.2,0,1,39,0,42.9,83.7,8.6,3,1,0,4,1,2,5.1,247,8.0
10,Aaron Allen,78494,QB,ALCORN ST,1,69.0,29,30,7.9,2.71,0,1,3.1,63.3,19,0,8,5.0,33,1,14,107,70.5,53.5,52.2,58.4,1,1,35,0,12.5,110.8,3.0,1,2,0,0,3,2,5.7,263,8.8
10,Brock Bagozzi,149648,QB,MARIST,1,66.7,27,30,7.0,3.06,1,1,3.2,60.0,18,0,14,0.0,32,0,8,213,30.0,64.3,66.0,54.8,0,0,33,0,7.1,70.8,3.1,1,1,0,2,0,1,3.0,135,4.5
10,Cameron Sapp,102361,QB,NORFOLK,1,50.0,28,30,15.5,3.2,0,3,9.7,43.3,13,0,12,7.1,32,1,8,244,43.3,56.1,52.5,62.2,1,1,33,0,8.3,73.2,3.1,1,1,0,1,2,3,9.1,192,6.4
10,Tyler Wesley,162286,QB,PRESBYTERN,1,64.3,28,30,10.4,2.77,0,0,0.0,46.7,14,1,18,22.2,38,4,7,271,39.2,33.1,30.9,57.7,1,2,39,1,27.8,34.4,13.2,5,3,0,1,0,2,5.1,153,5.1
10,Justin Miller,103941,QB,SO UTAH,1,63.3,30,30,12.0,2.74,0,3,9.1,56.7,17,0,7,10.5,31,2,12,298,69.1,75.6,75.3,60.3,0,2,34,0,0.0,89.9,0.0,0,1,0,0,3,2,5.9,252,8.4
10,Trazon Connley,75885,QB,PRVIEW A&M,1,70.4,27,29,15.3,2.78,0,3,10.0,62.1,18,0,8,5.3,32,1,13,270,45.1,78.3,85.6,58.6,0,0,33,3,0.0,109.1,0.0,0,3,0,2,1,0,0.0,305,10.5
10,Matt O'Connor,108972,QB,STETSON,1,68.0,25,29,10.1,2.01,2,1,3.3,48.3,14,0,9,17.6,33,3,10,302,69.5,52.4,52.1,58.5,2,3,34,0,22.2,59.5,6.1,2,0,0,0,2,2,5.9,235,8.1
10,Cam Miller,125299,QB,N DAK ST,1,71.4,28,29,8.5,3.12,0,1,3.4,62.1,18,0,6,10.0,37,2,14,250,72.4,80.9,72.5,74.5,1,2,37,0,16.7,72.1,2.7,1,7,0,0,2,0,0.0,167,5.8
10,Sam Huard,146463,QB,CAL POLY,1,67.9,28,29,7.1,2.33,1,1,3.4,48.3,14,0,9,26.3,31,5,11,129,68.8,69.8,70.5,56.9,0,1,31,0,11.1,60.3,3.2,1,1,0,0,1,0,0.0,145,5.0
10,Marqui Adams,161340,QB,DELWARE ST,1,84.6,26,28,6.7,2.98,1,1,3.6,75.0,21,0,13,4.5,34,1,11,152,22.6,52.1,66.3,38.0,0,1,34,2,23.1,78.3,8.8,3,3,0,1,0,1,2.9,192,6.9
10,Brayten Silbor,159764,QB,LEHIGH,1,53.8,26,28,10.6,2.39,1,1,3.3,46.4,13,0,8,7.1,29,1,8,205,30.4,48.7,52.4,46.4,1,1,31,0,12.5,69.9,3.4,1,0,0,0,2,0,0.0,136,4.9
10,Mike DiLiello,121801,QB,AUSTINPEAY,1,69.2,26,28,14.1,2.65,0,5,17.2,64.3,18,0,8,0.0,34,0,11,116,70.9,85.3,86.3,65.7,1,0,35,1,37.5,141.4,8.8,3,1,0,1,4,0,0.0,310,11.1
10,Nathan Kent,148446,QB,TOWSON,1,69.2,26,28,9.5,2.81,0,0,0.0,64.3,18,0,6,0.0,29,0,12,317,29.7,43.5,47.5,46.4,0,0,31,0,0.0,118.3,0.0,0,1,0,2,2,2,6.5,261,9.3
10,Marquez McCray,109056,QB,MONMOUTH,1,92.0,25,28,9.5,2.44,0,2,6.9,82.1,23,0,7,0.0,31,0,15,231,68.4,90.5,90.9,57.3,0,0,32,0,28.6,154.8,6.5,2,1,0,3,4,0,0.0,326,11.6
10,Jace Wilson,149892,QB,TEXAS STHN,1,60.0,25,28,10.0,2.78,1,3,9.4,53.6,15,0,10,0.0,35,0,11,313,69.8,65.1,61.8,65.6,0,2,39,0,30.0,67.6,8.6,3,4,1,1,2,1,2.6,180,6.4
10,Nolan Grooms,108987,QB,YALE,1,65.4,26,27,16.4,2.79,0,5,17.9,55.6,15,0,12,11.8,35,2,9,352,74.0,88.1,92.1,63.0,1,3,36,1,16.7,82.3,5.7,2,6,0,0,4,0,0.0,220,8.1
10,Zachary Clement,105561,QB,SE LA,1,61.5,26,27,7.5,2.36,1,0,0.0,55.6,15,0,8,6.3,29,1,8,294,42.9,69.4,50.6,81.2,0,1,30,0,12.5,82.0,3.4,1,1,0,0,2,3,10.0,158,5.9
10,Graeson Underwood,123202,QB,CITADEL,1,62.5,24,27,10.9,2.44,2,0,0.0,48.1,13,0,14,13.3,30,2,7,139,72.3,52.1,37.7,74.8,0,2,31,0,7.1,45.1,3.3,1,2,0,1,1,2,6.5,139,5.1
10,Jeremy Moussa,75887,QB,FL A&M,1,76.9,26,27,10.2,2.92,0,4,13.8,51.9,14,0,5,30.0,32,6,10,164,32.6,74.6,75.4,59.7,0,1,34,0,60.0,79.2,9.4,3,2,0,1,1,1,2.9,240,8.9
10,Drew VanVleet,177653,QB,DAYTON,1,69.2,26,27,7.0,2.63,0,0,0.0,59.3,16,0,11,11.1,33,2,7,150,68.5,66.2,68.3,52.9,0,0,33,0,36.4,68.0,12.1,4,2,0,1,0,0,0.0,107,4.0
10,Carson Jones,159807,QB,FURMAN,1,79.2,24,27,8.7,2.22,2,2,7.1,51.9,14,0,7,26.3,29,5,6,170,69.3,84.6,84.0,60.1,1,1,30,0,28.6,76.0,6.9,2,0,0,0,2,2,6.7,139,5.1
10,Connor Watkins,108971,QB,VILLANOVA,1,72.7,22,26,13.4,2.5,0,1,3.8,57.7,15,0,6,6.3,26,1,7,334,70.5,67.5,67.4,63.9,0,1,26,1,0.0,90.7,0.0,0,0,0,4,2,0,0.0,193,7.4
10,Malakai Anthony,142524,QB,MERRIMACK,1,45.8,24,26,15.0,2.84,0,1,3.6,38.5,10,0,18,9.1,30,1,5,385,69.9,42.6,35.7,70.2,2,0,33,0,16.7,49.8,10.0,3,1,0,0,0,3,9.1,98,3.8
10,Darius Perrantes,103934,QB,DUQUESNE,1,52.0,25,26,17.4,3.01,1,4,15.4,46.2,12,0,9,7.7,29,1,9,155,68.2,75.9,74.7,62.5,0,1,30,2,11.1,77.1,3.4,1,2,0,0,1,2,6.7,248,9.5
10,Tyler Kubat,171769,QB,LNDNWD,1,75.0,24,26,8.3,3.41,1,0,0.0,61.5,16,0,21,11.1,35,2,9,949,30.6,44.4,48.1,47.6,1,2,36,0,23.8,50.3,14.3,5,4,0,0,0,3,8.3,181,7.0
10,Nick Whitfield Jr.,159490,QB,ST FRANCIS,1,76.9,26,26,4.2,2.34,0,2,7.7,69.2,18,0,5,10.0,30,2,10,299,19.1,51.9,51.6,60.7,0,0,30,1,40.0,106.1,6.7,2,2,0,0,1,3,10.0,209,8.0
10,Kekoa Visperas,147588,QB,E WASHGTON,1,73.9,23,25,4.5,2.52,0,0,0.0,60.0,15,0,3,11.8,29,2,8,161,70.2,70.2,71.8,60.0,0,0,29,0,0.0,106.9,0.0,0,4,0,2,2,0,0.0,169,6.8
10,Gevani McCoy,147609,QB,IDAHO,1,75.0,24,25,8.7,2.84,1,0,0.0,72.0,18,0,6,0.0,29,0,11,185,68.2,71.8,73.0,57.0,0,1,30,0,50.0,90.9,10.3,3,1,0,0,1,1,3.3,193,7.7
10,Dom Nankil,182292,QB,SAN DIEGO,1,90.5,21,24,2.5,2.72,0,0,0.0,70.8,17,0,7,10.5,27,2,8,283,69.7,62.5,61.2,60.4,0,0,29,0,0.0,91.7,0.0,0,3,0,3,1,1,3.4,96,4.0
10,Matt Morrissey,148177,QB,W ILLINOIS,1,90.9,22,24,5.8,3.35,1,0,0.0,75.0,18,0,13,10.0,33,2,8,345,70.4,69.3,72.6,57.5,0,1,33,0,30.8,83.3,12.1,4,5,0,1,1,0,0.0,128,5.3
10,Cade Chambers,148066,QB,INDIANA ST,1,47.6,21,24,12.1,2.49,1,1,3.2,37.5,9,0,10,10.0,29,1,5,191,29.4,40.6,40.5,57.3,1,1,36,0,40.0,51.6,13.8,4,1,0,1,1,2,5.6,125,5.2
10,Dante Chachere,103930,QB,PORTLAND,1,66.7,21,23,11.2,2.45,0,3,13.0,60.9,14,0,5,0.0,26,0,12,269,71.4,62.9,69.0,53.3,0,0,26,0,20.0,107.0,3.8,1,2,0,2,1,2,7.7,219,9.5
10,Steven Krajewski,77650,QB,WAGNER,1,65.0,20,23,10.4,2.54,3,2,8.0,52.2,12,0,14,7.7,28,1,8,338,28.0,54.5,51.9,61.6,0,2,30,0,21.4,67.8,10.7,3,2,0,0,2,4,13.3,163,7.1
10,JR Blood,104782,QB,SOUTHERN U,1,60.9,23,23,10.1,2.07,0,1,4.0,52.2,12,0,4,14.3,27,2,9,297,68.7,55.5,51.8,65.5,0,3,29,0,75.0,69.9,11.1,3,1,0,0,2,2,6.9,193,8.4
10,Tommy Schuster,108954,QB,N DAKOTA,1,78.3,23,23,8.1,2.26,0,1,4.3,78.3,18,0,5,0.0,25,0,16,249,28.9,69.6,66.1,66.4,0,0,25,0,20.0,156.8,4.0,1,1,0,0,5,1,4.0,279,12.1
10,Josh Magana,174601,QB,TXAMCO,1,70.0,20,22,6.8,2.4,1,1,4.2,54.5,12,0,14,14.3,26,2,4,1139,69.1,56.6,51.7,69.8,0,1,28,1,0.0,46.8,0.0,0,3,0,1,0,1,3.6,96,4.4
10,Matt Jenner,174488,QB,CENT CT ST,1,78.9,19,22,9.6,2.83,1,0,0.0,68.2,15,0,5,0.0,23,0,10,133,69.4,71.4,66.3,69.7,0,2,24,0,0.0,50.8,0.0,0,1,0,2,0,1,4.2,157,7.1
10,Carson Conklin,170765,QB,SACRAMENTO,1,38.1,21,22,10.1,2.17,1,1,4.5,31.8,7,0,5,12.5,22,1,4,279,67.4,62.5,62.0,,0,0,22,0,0.0,41.9,0.0,0,0,0,0,0,0,0.0,70,3.2
10,Reese Poffenbarger,145346,QB,ALBANY,1,61.9,21,22,13.9,2.94,0,1,4.3,54.5,12,0,12,7.7,25,1,6,106,70.6,76.4,76.1,63.0,0,1,27,0,16.7,82.6,8.0,2,1,0,1,1,2,7.4,205,9.3
10,Miles Hastings,103943,QB,UC DAVIS,1,63.6,22,22,15.3,2.24,0,2,8.7,63.6,14,0,2,0.0,22,0,13,322,68.1,89.5,89.4,60.0,0,1,23,0,0.0,97.9,0.0,0,0,0,0,1,0,0.0,246,11.2
10,Shea Kuykendall,159025,QB,N COLORADO,1,76.2,21,21,2.7,2.68,0,0,0.0,66.7,14,0,5,12.5,26,2,5,253,68.7,47.1,49.4,50.3,0,1,29,0,60.0,66.2,11.5,3,2,0,0,1,1,3.4,55,2.6
10,Jake Stearney,171991,QB,COLGATE,1,73.7,19,21,10.3,2.42,1,4,19.0,61.9,13,0,4,7.1,22,1,8,142,69.3,90.2,90.3,64.6,0,0,22,0,0.0,122.2,0.0,0,1,0,1,3,0,0.0,146,7.0
10,Darius Wilson,148492,QB,WM & MARY,1,71.4,21,21,7.7,2.81,0,2,8.7,66.7,14,0,10,6.7,33,1,9,348,31.1,59.3,59.1,59.0,0,2,36,0,60.0,52.0,18.2,6,6,0,0,0,2,5.6,171,8.1
10,Rowan Keefe,165386,QB,VALPO,1,73.7,19,21,4.5,2.65,0,1,4.5,66.7,14,0,11,0.0,29,0,6,332,71.5,54.1,50.1,62.1,2,0,30,0,54.5,113.6,20.7,6,2,0,0,2,2,6.7,122,5.8
10,Pat McQuaide,145792,QB,NICHOLLS,1,61.1,18,20,10.1,2.4,0,1,4.8,50.0,10,0,7,9.1,20,1,6,243,68.6,59.9,58.1,60.1,0,0,21,0,0.0,83.8,0.0,0,0,0,2,1,1,4.8,112,5.6
10,Aidan Bouman,122508,QB,S DAKOTA,1,78.9,19,20,4.3,2.37,1,0,0.0,75.0,15,0,7,0.0,22,0,6,291,69.8,74.4,73.6,63.8,0,0,22,0,28.6,87.7,9.1,2,0,0,0,0,0,0.0,111,5.6
10,Clifton McDowell,98003,QB,MONTANA,1,66.7,18,20,10.9,2.95,1,1,4.8,50.0,10,0,6,16.7,24,2,6,232,38.2,71.5,59.6,70.8,1,1,25,0,33.3,102.5,8.3,2,1,0,0,2,1,4.0,222,11.1
10,Carter Cravens,150714,QB,MOREHEAD,1,63.2,19,20,10.9,2.93,0,0,0.0,55.0,11,0,6,8.3,22,1,4,234,16.1,29.8,38.2,36.7,1,0,22,0,33.3,90.8,9.1,2,0,0,0,1,1,4.5,126,6.3
10,Mark Gronowski,138303,QB,S DAK ST,1,77.8,18,20,9.0,2.44,1,1,5.0,60.0,12,0,3,14.3,22,2,9,292,70.3,83.6,83.9,65.2,0,0,22,0,33.3,129.8,4.5,1,1,0,1,2,0,0.0,213,10.7
10,Kamden Sixkiller,133096,QB,MCNEESE,1,58.8,17,20,9.6,2.65,1,0,0.0,45.0,9,0,7,10.0,25,1,4,217,69.5,59.6,53.7,66.4,0,1,26,0,14.3,62.5,4.0,1,4,1,1,1,1,3.8,130,6.5
10,Isaiah Bess,142826,QB,CHARLES SO,1,52.9,17,19,9.4,2.94,1,0,0.0,47.4,9,0,9,0.0,22,0,4,135,69.9,50.5,44.2,66.1,1,1,24,0,22.2,73.1,9.1,2,1,0,0,2,2,8.3,84,4.4
10,Joe Pesansky,149434,QB,HOLY CROSS,1,61.1,18,19,19.7,2.33,0,3,15.8,57.9,11,0,5,0.0,22,0,8,181,26.2,75.7,74.9,60.1,0,1,22,0,40.0,98.1,9.1,2,0,0,1,2,2,9.1,158,8.3
10,Ty'Jarian Williams,178887,QB,MS VLY ST,1,63.2,19,19,11.1,2.82,0,0,0.0,57.9,11,0,11,8.3,23,1,6,228,69.4,61.4,60.0,61.7,0,1,25,0,36.4,56.7,17.4,4,0,0,0,0,1,4.0,129,6.8
10,Deveon Bryant,89422,QB,TENN STATE,1,72.2,18,19,5.3,2.81,0,0,0.0,57.9,11,0,10,15.4,27,2,5,308,21.5,69.4,58.1,74.6,1,0,28,1,30.0,66.6,11.1,3,5,0,0,0,2,7.1,74,3.9
10,Bryce Corriston,139140,QB,WOFFORD,1,85.7,14,19,10.4,3.06,1,1,4.3,57.9,11,0,15,8.3,24,1,7,350,69.7,71.8,78.2,51.8,0,0,28,0,13.3,100.3,8.3,2,3,0,4,1,0,0.0,148,7.8
10,Rob McCoy,108989,QB,SACR HEART,1,72.2,18,18,12.2,2.8,0,3,16.7,72.2,13,0,7,0.0,21,0,11,280,72.9,78.7,79.6,64.5,0,1,21,0,28.6,104.4,9.5,2,1,0,0,1,1,4.8,202,11.2
10,Victor Gabalis,131932,QB,TARLETON,1,100.0,18,18,15.5,2.2,0,6,28.6,77.8,14,0,1,22.2,19,4,13,401,68.0,96.1,96.0,62.3,0,0,22,0,0.0,158.3,0.0,0,0,0,0,4,1,4.5,382,21.2
10,Bret Bushka,108927,QB,BUTLER,1,88.9,18,18,9.2,2.77,0,1,5.0,88.9,16,0,5,0.0,22,0,11,127,69.4,90.4,91.4,62.4,0,1,24,0,40.0,135.2,9.1,2,2,0,0,5,0,0.0,281,15.6
10,Jaden Craig,159342,QB,HARVARD,1,76.5,17,18,11.7,3.02,0,0,0.0,72.2,13,0,4,0.0,20,0,12,179,71.7,78.7,74.9,68.8,0,0,20,0,0.0,132.9,0.0,0,2,0,1,1,0,0.0,264,14.7
10,Angel Flores,164493,QB,N ARIZONA,1,86.7,15,18,5.5,2.7,0,1,5.0,66.7,12,0,12,7.7,21,1,5,252,73.6,66.8,68.1,60.6,1,1,23,0,25.0,56.9,14.3,3,0,0,2,0,1,4.3,97,5.4
10,Chris Howell,171592,QB,LIUSHAR,1,66.7,18,18,9.3,2.5,0,0,0.0,66.7,12,0,3,0.0,20,0,8,1298,71.4,74.8,55.9,88.5,0,1,21,1,33.3,118.5,5.0,1,1,0,0,2,2,9.5,203,11.3
10,Tahj Smith,173837,QB,MORGAN ST,1,41.2,17,18,22.3,3.19,0,0,0.0,33.3,6,0,6,14.3,22,1,6,235,72.9,50.0,43.3,62.5,1,0,25,0,16.7,97.2,4.5,1,3,0,0,2,0,0.0,131,7.3
10,Chris Zellous,153319,QB,HAMPTON,1,62.5,16,17,13.6,2.63,1,3,15.8,41.2,7,0,3,30.0,20,3,4,178,31.3,90.6,76.4,85.6,0,0,22,0,33.3,77.1,5.0,1,2,0,0,1,2,9.1,86,5.1
10,Casey Case,130402,QB,STNY BROOK,1,58.8,17,17,10.4,2.02,0,0,0.0,52.9,9,0,3,10.0,17,1,4,303,67.5,46.9,45.5,60.0,0,1,17,0,0.0,41.1,0.0,0,0,0,0,0,1,5.9,79,4.6
10,Carter Peevy,129563,QB,MERCER,1,70.6,17,17,7.1,3.14,0,1,5.9,58.8,10,0,6,16.7,23,2,8,219,69.3,68.5,67.1,62.8,0,0,23,0,33.3,126.3,8.7,2,4,0,0,2,1,4.3,147,8.6
10,Tommy Mellott,147646,QB,MONTANA ST,1,70.6,17,17,5.8,2.77,0,1,5.0,64.7,11,0,4,8.3,18,1,8,233,32.1,85.8,79.5,73.5,0,0,21,0,0.0,104.3,0.0,0,1,0,0,1,0,0.0,117,6.9
10,Kaiden Bennett,147778,QB,SACRAMENTO,1,52.9,17,17,9.5,2.81,0,0,0.0,47.1,8,0,6,11.1,19,1,4,279,30.6,48.8,37.9,64.3,0,0,19,0,16.7,54.0,5.3,1,1,0,0,0,0,0.0,52,3.1
10,Davius Richard,109077,QB,NC CENT,1,70.6,17,17,15.9,3.06,0,3,17.6,52.9,9,0,5,25.0,19,3,7,247,72.5,87.8,89.2,66.8,0,0,19,0,20.0,122.8,5.3,1,1,0,0,3,0,0.0,151,8.9
10,Damon Stewart,156626,QB,ALABAMA ST,1,70.6,17,17,7.2,2.77,0,1,5.6,70.6,12,0,3,0.0,19,0,5,105,68.5,79.0,74.5,71.8,0,1,20,0,0.0,98.9,0.0,0,2,0,0,2,0,0.0,95,5.6
10,Tylik Bethea,108957,QB,BETH COOK,1,64.7,17,17,13.9,2.42,0,0,0.0,64.7,11,0,0,0.0,19,0,7,119,26.9,57.7,67.9,42.0,0,0,22,0,,108.2,0.0,0,1,0,0,1,0,0.0,133,7.8
10,Eli Brickhandler,160410,QB,NC A&T,1,60.0,15,16,15.9,2.59,0,0,0.0,56.3,9,0,7,0.0,20,0,10,246,68.1,64.0,60.6,63.9,1,1,23,0,0.0,85.9,0.0,0,4,0,0,1,1,4.3,162,10.1
10,Theo Day,83515,QB,N IOWA,1,80.0,15,16,14.5,2.59,1,3,18.8,75.0,12,0,3,0.0,16,0,10,255,66.5,90.4,90.4,,0,0,16,0,0.0,153.4,0.0,0,0,0,0,2,1,6.3,189,11.8
10,Mirko Martos,183013,QB,TXAMCO,1,60.0,15,15,9.9,2.38,0,4,23.5,60.0,9,0,9,0.0,18,0,6,1139,67.8,86.1,88.8,58.7,0,0,20,0,11.1,102.4,5.6,1,2,0,0,1,0,0.0,101,6.7
10,Michael Brescia,149295,QB,COLGATE,1,75.0,12,15,3.0,2.46,0,0,0.0,53.3,8,0,10,11.1,18,1,4,142,68.9,72.0,69.5,65.1,0,0,18,0,20.0,64.3,11.1,2,1,0,3,0,0,0.0,64,4.3
10,Dylan Cadwallader,108978,QB,DARTMOUTH,1,69.2,13,15,6.5,2.31,1,0,0.0,53.3,8,0,2,11.1,15,1,0,148,66.4,51.5,50.8,60.0,0,0,15,0,0.0,59.0,0.0,0,0,0,1,0,0,0.0,34,2.3
10,Jonathan Murphy,104766,QB,KENNESAW,1,66.7,12,14,7.3,2.64,0,0,0.0,57.1,8,0,5,0.0,14,0,3,200,36.0,52.1,37.7,64.3,0,1,14,0,0.0,33.6,0.0,0,0,0,2,0,2,14.3,46,3.3
10,Robert Coleman,76149,QB,LAMAR,1,69.2,13,14,12.4,2.74,0,2,13.3,57.1,8,1,11,11.1,18,1,7,204,70.2,82.1,74.5,74.1,0,1,19,1,18.2,88.1,11.1,2,2,0,1,2,1,5.3,96,6.9
10,Coulter Cleland,165212,QB,DAVIDSON,1,69.2,13,14,10.2,2.59,0,1,6.7,64.3,9,0,3,0.0,15,0,8,149,68.2,83.6,82.8,65.3,0,0,16,0,0.0,125.0,0.0,0,1,0,1,1,1,6.3,153,10.9
10,Aidan Sayin,148974,QB,PENN,1,69.2,13,13,8.7,2.27,0,1,7.7,69.2,9,0,1,0.0,14,0,4,267,68.2,75.1,67.1,64.6,0,0,14,0,100.0,88.0,7.1,1,0,0,0,0,0,0.0,88,6.8
10,Draylen Ellis,121346,QB,TENN STATE,1,75.0,12,13,7.1,2.76,0,1,7.1,53.8,7,0,8,22.2,18,2,2,308,9.0,48.5,33.4,77.3,0,1,19,0,50.0,34.1,22.2,4,1,0,1,0,4,21.1,60,4.6
10,Logan Brabham,149647,QB,MARIST,1,69.2,13,13,5.8,2.82,0,1,7.1,69.2,9,0,4,0.0,17,0,5,213,67.6,65.5,68.6,57.2,0,1,18,0,0.0,53.0,0.0,0,4,0,0,0,2,11.1,79,6.1
10,Brady Meitz,149729,QB,STETSON,1,90.0,10,12,12.4,2.82,1,2,13.3,75.0,9,0,4,0.0,14,0,6,302,67.5,87.2,90.4,54.7,0,0,17,0,0.0,155.2,0.0,0,1,0,1,3,0,0.0,147,12.3
10,Jackson Proctor,148851,QB,DARTMOUTH,1,90.9,11,12,7.8,2.62,1,0,0.0,75.0,9,0,3,10.0,13,1,4,148,67.1,75.2,71.2,65.6,0,0,14,0,0.0,122.2,0.0,0,1,0,0,1,1,7.1,86,7.2
10,Corey Fields Jr.,78539,QB,SCAR STATE,1,40.0,10,11,7.6,2.81,0,0,0.0,27.3,3,0,3,25.0,12,1,2,290,28.1,42.8,29.6,59.2,0,2,12,0,0.0,0.0,0.0,0,1,0,1,0,3,25.0,19,1.7
10,Kevin White,178287,QB,NC A&T,1,66.7,9,11,9.8,2.59,1,1,8.3,54.5,6,0,2,0.0,13,0,5,246,70.0,68.1,56.7,72.4,1,0,14,0,50.0,72.5,7.7,1,1,0,0,0,0,0.0,66,6.0
10,Hunter Hays,141593,QB,IDAHO ST,1,77.8,9,10,10.7,2.8,1,0,0.0,70.0,7,0,5,0.0,14,0,5,186,68.1,56.4,51.9,70.2,0,0,16,1,60.0,92.5,21.4,3,1,0,0,0,1,6.3,77,7.7
10,Jaydyn Sisk,178882,QB,MS VLY ST,1,50.0,10,10,14.8,3.03,0,0,0.0,50.0,5,0,7,0.0,14,0,5,228,24.1,52.7,44.1,64.9,0,1,15,1,14.3,42.9,7.1,1,3,0,0,0,2,13.3,93,9.3
10,Daron Bryden,148436,QB,STNY BROOK,1,66.7,6,8,11.3,2.5,1,0,0.0,50.0,4,0,2,0.0,8,0,3,303,64.9,60.5,58.9,,0,0,8,0,0.0,66.1,0.0,0,0,0,1,0,0,0.0,43,5.4
10,Ricky Ortega,142401,QB,CENT CT ST,1,50.0,8,8,5.5,2.0,0,0,0.0,37.5,3,0,0,25.0,8,1,2,133,70.4,72.2,59.8,72.2,0,0,8,0,,68.2,0.0,0,0,0,0,0,0,0.0,67,8.4
10,Cooper Justice,131858,QB,LNDNWD,1,71.4,7,7,15.9,3.14,0,1,12.5,57.1,4,0,4,20.0,9,1,3,949,65.6,67.3,66.3,61.8,0,1,11,0,25.0,87.2,11.1,1,1,0,0,1,1,9.1,63,9.0
10,Eddie Schott,98216,QB,BUTLER,1,71.4,7,7,8.4,2.53,0,0,0.0,57.1,4,0,3,20.0,9,1,0,127,65.1,52.3,57.0,,0,1,9,1,66.7,22.6,22.2,2,0,0,0,0,0,0.0,16,2.3
10,Tyler Huff,142567,QB,FURMAN,1,100.0,6,7,8.3,2.28,0,1,14.3,57.1,4,0,2,33.3,8,2,2,170,68.2,79.7,78.7,63.8,0,0,8,0,50.0,71.7,12.5,1,0,0,1,0,0,0.0,37,5.3
10,Chancellor Edwards,167000,QB,ARKAPB,1,33.3,6,6,5.5,2.2,0,0,0.0,33.3,2,0,2,0.0,7,0,0,112,64.9,27.3,27.1,57.3,0,1,8,0,0.0,2.8,0.0,0,1,0,0,0,1,12.5,0,0.0
10,Preston Weeks,77658,QB,STF AUSTIN,1,83.3,6,6,6.5,2.56,0,0,0.0,50.0,3,0,1,40.0,7,2,1,301,65.1,50.0,51.6,57.3,0,0,9,0,0.0,56.9,0.0,0,1,0,0,0,0,0.0,19,3.2
10,Richard Torres,156456,QB,INCAR WORD,1,60.0,5,5,3.4,2.5,0,0,0.0,60.0,3,0,1,0.0,5,0,1,189,63.3,67.1,66.8,,0,0,5,0,0.0,72.9,0.0,0,0,0,0,0,0,0.0,25,5.0
10,Bo Kelly,158923,QB,CAL POLY,1,60.0,5,5,10.2,3.5,0,0,0.0,60.0,3,0,1,0.0,7,0,4,129,64.6,65.7,65.4,60.7,0,0,7,0,0.0,77.9,0.0,0,2,0,0,0,0,0.0,31,6.2
10,Aidan Dunne,148181,QB,N IOWA,1,80.0,5,5,8.4,4.0,0,0,0.0,80.0,4,0,3,0.0,6,0,4,255,21.1,62.6,61.5,60.9,0,0,6,0,0.0,151.3,0.0,0,1,0,0,1,1,16.7,54,10.8
10,Ryan Roberts,150076,QB,MCNEESE,1,60.0,5,5,6.2,2.37,0,0,0.0,60.0,3,0,1,0.0,7,0,1,217,65.9,54.2,54.5,57.5,0,0,7,0,0.0,143.8,0.0,0,2,0,0,1,0,0.0,63,12.6
10,Sean Chambers,75888,QB,MONTANA ST,1,75.0,4,4,0.0,2.63,0,0,0.0,50.0,2,0,1,33.3,4,1,0,233,71.1,86.0,65.5,77.6,0,0,5,0,0.0,62.5,0.0,0,0,0,0,0,0,0.0,18,4.5
10,Gino English,99576,QB,GARD-WEBB,1,75.0,4,4,4.8,2.95,0,0,0.0,75.0,3,0,0,0.0,4,0,1,171,66.6,55.2,49.9,63.1,0,0,4,0,,116.7,0.0,0,0,0,0,1,0,0.0,9,2.3
10,Daniel Britt,143736,QB,N ARIZONA,1,100.0,4,4,3.0,1.88,0,0,0.0,75.0,3,0,0,25.0,4,1,2,252,69.7,69.8,73.7,60.9,0,0,4,0,,156.3,0.0,0,0,0,0,2,0,0.0,57,14.3
10,Luke Durkin,149464,QB,DAVIDSON,1,66.7,3,4,17.7,2.2,1,1,25.0,50.0,2,0,0,0.0,4,0,1,149,68.8,90.8,79.4,77.6,0,0,4,0,,111.5,0.0,0,0,0,0,1,0,0.0,27,6.8
10,Mekhi Hagens,167009,QB,ARKAPB,1,50.0,4,4,3.8,3.01,0,0,0.0,25.0,1,0,3,50.0,7,1,2,112,69.0,58.3,30.4,74.6,0,0,8,0,33.3,39.6,14.3,1,2,0,0,0,1,12.5,5,1.3
10,Zachary Yeager,150544,QB,NC A&T,1,50.0,2,3,3.0,2.23,0,0,0.0,33.3,1,0,1,0.0,3,0,1,246,62.7,40.8,40.7,,0,0,3,0,0.0,59.0,0.0,0,0,0,1,0,1,33.3,21,7.0
10,"Ruben Lee, II",174276,QB,NORFOLK,1,0.0,3,3,19.3,2.83,0,0,0.0,0.0,0,0,2,,4,0,0,244,65.2,47.9,48.4,59.0,0,0,5,0,50.0,39.6,25.0,1,0,0,0,0,0,0.0,0,0.0
10,Nate Lussier,148637,QB,BROWN,1,66.7,3,3,11.7,2.37,0,0,0.0,66.7,2,0,0,0.0,3,0,1,123,63.3,69.1,71.8,,0,0,4,0,,86.8,0.0,0,0,0,0,0,1,25.0,21,7.0
10,Otto Kuhns,138014,QB,NORFOLK,1,100.0,3,3,12.7,1.93,0,0,0.0,100.0,3,0,0,0.0,3,0,3,244,62.7,91.1,91.0,,0,0,3,0,,118.8,0.0,0,0,0,0,0,0,0.0,44,14.7
10,Bryce Patterson,160569,QB,MOREHEAD,1,66.7,3,3,4.0,2.68,0,0,0.0,66.7,2,0,1,0.0,4,0,0,234,69.7,51.1,57.7,53.4,0,1,4,0,0.0,31.9,0.0,0,1,0,0,0,0,0.0,10,3.3
10,Davon Wells,142483,WR,LIUSHAR,1,50.0,2,2,9.5,3.45,0,0,0.0,50.0,1,1,0,0.0,2,0,1,1298,24.8,54.3,56.7,47.9,0,0,3,1,,87.5,0.0,0,0,0,0,0,0,0.0,21,10.5
10,Jalen Macon,153929,QB,ARKAPB,1,50.0,2,2,2.5,2.17,0,0,0.0,50.0,1,0,1,0.0,3,0,0,112,62.7,60.6,60.4,,0,0,3,0,100.0,56.3,33.3,1,0,0,0,0,0,0.0,-4,-2.0
10,Xavier Lankford,142724,QB,ALAB A&M,1,50.0,2,2,2.0,2.0,0,0,0.0,50.0,1,0,1,0.0,3,0,0,104,64.8,48.3,52.1,56.4,0,0,3,0,100.0,56.3,33.3,1,0,0,0,0,0,0.0,1,0.5
10,Barry Kleinpeter,159173,QB,NEW HAMP,1,0.0,1,1,17.0,3.45,0,0,0.0,0.0,0,0,3,,4,0,0,240,63.3,46.2,50.6,57.3,0,0,4,0,66.7,39.6,50.0,2,1,0,0,0,0,0.0,0,0.0
10,Enzo Arjona,159147,QB,MONMOUTH,1,100.0,1,1,-2.0,1.4,0,0,0.0,100.0,1,0,0,0.0,1,0,1,231,60.3,62.5,60.4,,0,0,1,0,,108.3,0.0,0,0,0,0,0,0,0.0,10,10.0
10,Jelani Mason,142528,WR,MERRIMACK,1,100.0,1,1,31.0,3.6,0,0,0.0,100.0,1,0,0,0.0,1,0,1,385,65.3,60.3,75.7,,0,0,1,0,,158.3,0.0,0,0,0,0,1,0,0.0,33,33.0
10,Aidan Clark,153991,P,CENT CT ST,1,100.0,1,1,20.0,2.5,0,0,0.0,100.0,1,0,0,0.0,1,0,1,133,60.3,71.9,78.3,,0,0,1,0,,118.8,0.0,0,0,0,0,0,0,0.0,27,27.0
10,Tyler Szalkowski,148497,QB,ROB MORRIS,1,100.0,1,1,13.0,3.73,0,0,0.0,100.0,1,0,2,0.0,4,0,1,277,66.6,73.7,68.9,64.7,0,0,4,0,100.0,118.8,50.0,2,1,0,0,0,0,0.0,18,18.0
10,Atkins Roberts,139156,K,WOFFORD,1,0.0,1,1,6.0,3.8,0,0,0.0,0.0,0,0,0,,1,0,0,350,60.3,55.8,53.7,,0,0,1,0,,39.6,0.0,0,0,0,0,0,0,0.0,0,0.0
10,Kylin James,150195,HB,CENT ARK,1,100.0,1,1,22.0,3.8,0,0,0.0,0.0,0,0,0,100.0,1,1,0,132,70.5,74.2,76.2,71.5,0,0,1,0,,39.6,0.0,0,0,0,0,0,0,0.0,0,0.0
10,Hunter Rice,149970,HB,VA MILT IN,1,100.0,1,1,-4.0,0.8,0,0,0.0,100.0,1,0,0,0.0,1,0,0,336,28.3,61.1,60.4,61.1,0,0,1,0,,79.2,0.0,0,0,0,0,0,0,0.0,0,0.0
10,Jakobe Thomas,143339,TE,MS VLY ST,1,100.0,1,1,6.0,1.5,0,0,0.0,100.0,1,0,0,0.0,1,0,1,228,71.6,74.9,78.6,61.5,0,0,1,0,,118.8,0.0,0,0,0,0,0,0,0.0,59,59.0
10,Junior Bergen,147642,WR,MONTANA,1,100.0,1,1,11.0,3.1,0,0,0.0,100.0,1,0,0,0.0,1,0,1,232,71.6,57.3,72.6,,0,0,1,0,,118.8,0.0,0,0,0,0,0,0,0.0,24,24.0
10,Javin Whatley,149832,WR,CHATTNOOGA,1,0.0,1,1,25.0,6.2,0,0,0.0,0.0,0,0,0,,1,0,0,137,66.9,63.5,38.9,,0,1,1,0,,0.0,0.0,0,0,0,0,0,1,100.0,0,0.0
10,LJ Phillips Jr.,149465,QB,DAVIDSON,1,100.0,1,1,-4.0,0.7,0,0,0.0,100.0,1,0,0,0.0,1,0,1,149,60.3,75.6,66.4,,0,0,1,0,,118.8,0.0,0,0,0,0,0,0,0.0,14,14.0
10,Grady Robison,123463,QB,SO UTAH,1,100.0,1,1,32.0,4.1,0,0,0.0,100.0,1,0,1,0.0,1,0,1,298,71.2,90.0,75.7,74.7,0,0,1,0,0.0,118.8,0.0,0,0,0,0,0,0,0.0,36,36.0
10,Maurcus McDaniel,148933,WR,PENN,1,100.0,1,1,4.0,2.9,0,0,0.0,100.0,1,0,0,0.0,1,0,1,267,60.3,74.3,71.8,,0,0,1,0,,118.8,0.0,0,0,0,0,0,0,0.0,13,13.0
10,Mr'Kai Shaw,178584,HB,BETH COOK,1,100.0,1,1,24.0,2.9,0,0,0.0,100.0,1,0,0,0.0,1,0,1,119,68.7,66.7,76.2,66.6,0,0,1,1,,158.3,0.0,0,0,0,0,1,0,0.0,41,41.0
10,Stockton Owen,148679,HB,BROWN,1,0.0,1,1,11.0,2.0,0,0,0.0,0.0,0,0,0,,1,0,0,123,70.9,62.2,57.7,64.7,0,1,1,0,,0.0,0.0,0,0,0,0,0,0,0.0,0,0.0
10,Dylan Mehrotra,145442,QB,SOUTHERN U,1,,0,1,,2.75,1,0,0.0,0.0,0,0,0,,2,0,0,297,9.2,26.7,60.0,43.6,0,0,2,0,,39.6,0.0,0,1,0,0,0,1,50.0,0,0.0
10,Nyqua Lett,160257,QB,ALABAMA ST,1,100.0,1,1,-4.0,0.7,0,0,0.0,100.0,1,0,0,0.0,1,0,0,105,67.5,75.3,60.4,68.7,0,0,1,0,,79.2,0.0,0,0,0,0,0,0,0.0,-1,-1.0
10,Maclaine Griffin,84141,WR,PORTLAND,1,0.0,1,1,30.0,3.2,0,0,0.0,0.0,0,0,0,,1,0,0,269,62.4,57.4,37.0,,0,0,1,0,,39.6,0.0,0,0,0,0,0,1,100.0,0,0.0
10,Anthony Harris,142285,QB,MAINE,1,100.0,1,1,22.0,2.1,0,1,100.0,100.0,1,0,0,0.0,1,0,0,212,60.3,74.3,89.8,,0,0,1,0,,118.8,0.0,0,0,0,0,0,0,0.0,26,26.0
10,Travis Theis,104837,HB,S DAKOTA,1,0.0,1,1,12.0,2.0,0,0,0.0,0.0,0,0,0,,1,0,0,291,74.1,62.1,48.5,63.1,0,0,1,0,,39.6,0.0,0,0,0,0,0,0,0.0,0,0.0
10,Hayden Meacham,79224,TE,WEBER ST,1,0.0,1,1,15.0,2.0,0,0,0.0,0.0,0,0,0,,1,0,0,342,64.6,60.0,49.6,,0,0,1,0,,39.6,0.0,0,0,0,0,0,0,0.0,0,0.0
10,Lan Larison,142157,HB,UC DAVIS,1,0.0,1,1,9.0,5.0,0,0,0.0,0.0,0,0,1,,1,0,0,322,77.7,71.2,53.9,71.7,0,0,1,0,0.0,39.6,0.0,0,0,0,0,0,0,0.0,0,0.0
10,Jyran Mitchell,78175,HB,BUTLER,1,100.0,1,1,-4.0,0.7,0,0,0.0,100.0,1,0,0,0.0,1,0,0,127,77.2,77.8,60.4,76.2,0,0,1,0,,91.7,0.0,0,0,0,0,0,0,0.0,6,6.0
10,Nick Howard,108979,QB,DARTMOUTH,1,100.0,1,1,-5.0,1.4,0,0,0.0,0.0,0,0,0,100.0,1,1,0,148,21.3,54.5,60.4,55.7,0,0,1,0,,39.6,0.0,0,0,0,0,0,0,0.0,0,0.0
10,Eddie Kasper,164785,WR,ILL STATE,1,100.0,1,1,8.0,2.8,0,0,0.0,100.0,1,0,1,0.0,1,0,1,188,68.0,75.9,71.5,,0,0,1,0,0.0,104.2,0.0,0,0,0,0,0,0,0.0,9,9.0
10,TJ Goodwin,100826,QB,LINCOK,1,70.0,30,34,5.7,2.79,0,0,0.0,52.9,18,0,19,14.3,40,3,9,1452,41.1,43.2,35.5,67.2,2,2,46,0,10.5,40.0,5.0,2,4,0,2,0,2,4.3,149,4.4
10,Patrick Shegog,151786,QB,DELTAST,1,66.7,30,33,7.2,2.27,1,0,0.0,57.6,19,0,7,5.0,35,1,12,841,70.6,54.7,49.0,68.2,1,0,37,0,14.3,91.5,2.9,1,1,0,1,1,1,2.7,248,7.5
10,Brandon Cannella,182757,CB,LINCOK,1,0.0,2,2,17.5,2.2,0,0,0.0,0.0,0,0,0,,2,0,0,1452,64.4,34.6,40.9,59.8,0,0,2,1,,39.6,0.0,0,0,0,0,0,1,50.0,0,0.0
10,Dominique Latham,182734,HB,LINCOK,1,0.0,1,1,21.0,3.3,0,0,0.0,0.0,0,0,1,,1,0,0,1452,69.5,67.0,51.9,66.2,0,0,1,0,0.0,39.6,0.0,0,0,0,0,0,0,0.0,0,0.0
10,Kory Barnes,182837,WR,LINCOK,1,,0,1,,2.25,1,0,0.0,0.0,0,0,1,,2,0,0,1452,9.2,38.8,28.6,,0,0,2,0,100.0,39.6,50.0,1,0,0,0,0,1,50.0,0,0.0
week,player,player_id,position,team_name,player_game_count,accuracy_percent,aimed_passes,attempts,avg_depth_of_target,avg_time_to_throw,bats,big_time_throws,btt_rate,completion_percent,completions,declined_penalties,def_gen_pressures,drop_rate,dropbacks,drops,first_downs,franchise_id,grades_hands_fumble,grades_offense,grades_pass,grades_run,hit_as_threw,interceptions,passing_snaps,penalties,pressure_to_sack_rate,qb_rating,sack_percent,sacks,scrambles,spikes,thrown_aways,touchdowns,turnover_worthy_plays,twp_rate,yards,ypa
11,Cam Ward,133244,QB,WASH STATE,1,72.2,54,59,9.8,2.94,2,3,4.7,57.6,34,0,20,12.8,70,5,23,341,28.3,64.1,64.6,58.1,0,1,75,0,35.0,85.0,10.0,7,4,0,3,3,3,4.0,354,6.0
11,Davis Brin,77642,QB,GA SOUTHRN,1,64.7,51,55,8.7,2.42,2,1,1.8,52.7,29,0,19,12.1,60,4,15,174,70.6,69.1,69.9,55.6,1,0,61,0,10.5,87.5,3.3,2,3,1,0,3,0,0.0,307,5.6
11,Seth Henigan,144267,QB,MEMPHIS,1,68.1,47,48,9.9,2.44,0,2,3.6,66.7,32,0,11,0.0,50,0,18,218,70.5,65.7,66.2,56.5,0,1,58,0,0.0,91.4,0.0,0,2,0,1,2,0,0.0,329,6.9
11,E.J. Warner,156185,QB,TEMPLE,1,56.5,46,47,10.5,2.78,0,3,5.9,51.1,24,0,20,7.7,50,2,14,306,69.9,53.1,53.2,56.4,0,3,54,0,0.0,63.1,0.0,0,3,0,1,3,3,5.6,268,5.7
11,Blake Shapen,122282,QB,BAYLOR,1,64.3,42,45,7.8,2.84,0,0,0.0,48.9,22,0,9,18.5,51,5,14,118,70.8,47.8,47.6,55.4,0,1,55,0,33.3,86.4,5.9,3,3,0,3,4,3,5.5,251,5.6
11,Tanner Mordecai,77656,QB,WISCONSIN,1,79.1,43,45,8.2,3.11,1,1,2.0,68.9,31,0,6,8.8,49,3,12,349,42.7,71.9,76.4,50.0,0,0,54,0,33.3,83.1,4.1,2,2,0,1,0,1,1.9,255,5.7
11,Drake Maye,143969,QB,N CAROLINA,1,78.9,38,43,10.3,2.79,1,5,10.0,65.1,28,0,14,6.7,47,2,17,245,72.5,83.9,85.2,61.5,1,1,54,0,14.3,87.5,4.3,2,2,0,3,1,1,1.9,342,8.0
11,Hank Bachmeier,101284,QB,LA TECH,1,78.0,41,43,10.7,2.7,0,7,16.3,69.8,30,0,10,6.3,46,2,13,208,70.6,92.9,94.0,50.4,0,2,46,0,20.0,78.4,4.3,2,1,0,2,0,1,2.2,388,9.0
11,Grant Wilson,143041,QB,DOMINION,1,58.5,41,42,11.0,2.82,0,0,0.0,54.8,23,0,12,4.2,52,1,10,263,45.0,45.5,40.0,64.7,0,1,54,0,50.0,61.7,11.5,6,4,0,1,1,3,5.6,161,3.8
11,Michael Penix Jr.,82134,QB,WASHINGTON,1,64.1,39,42,11.9,2.73,0,4,8.5,57.1,24,0,18,4.0,44,1,14,340,41.6,68.0,68.8,63.1,0,0,49,1,11.1,98.5,4.5,2,0,0,3,2,1,2.0,332,7.9
11,Tommy Ulatowski,163150,QB,KENT STATE,1,73.0,37,41,9.8,3.05,2,2,4.3,56.1,23,0,15,14.8,47,4,16,201,70.5,68.7,69.7,55.9,1,1,52,1,20.0,75.6,6.4,3,3,0,1,1,2,3.8,283,6.9
11,Athan Kaliakmanis,144971,QB,MINNESOTA,1,56.4,39,41,13.9,2.9,1,3,7.0,41.5,17,0,14,22.7,45,5,12,225,70.3,72.3,69.5,67.6,1,0,47,0,7.1,90.5,2.2,1,3,0,0,3,1,2.1,290,7.1
11,Taulia Tagovailoa,97271,QB,MARYLAND,1,75.7,37,40,6.9,2.73,2,2,4.8,67.5,27,0,12,3.6,44,1,13,215,69.8,70.1,65.6,74.9,0,1,46,2,8.3,85.7,2.3,1,3,0,1,1,1,2.2,283,7.1
11,Graham Mertz,97994,QB,FLORIDA,1,74.3,35,39,6.5,2.5,3,3,7.3,66.7,26,0,14,0.0,45,0,17,163,36.7,60.4,62.5,55.9,0,0,48,1,28.6,99.4,8.9,4,2,1,0,1,2,4.2,311,8.0
11,Gunnar Watson,83570,QB,TROY,1,70.3,37,39,7.9,2.59,0,1,2.4,61.5,24,0,11,7.7,42,2,16,318,69.3,66.4,65.8,64.3,0,0,44,1,18.2,111.0,4.8,2,1,0,2,4,0,0.0,219,5.6
11,Jordan McCloud,101058,QB,JAMES MAD,1,91.7,36,38,7.5,2.41,1,2,5.1,86.8,33,0,12,0.0,41,0,20,197,37.4,78.2,85.5,47.0,0,0,42,1,8.3,153.0,2.4,1,2,0,1,4,0,0.0,467,12.3
11,Chandler Fields,97286,QB,LA LAFAYET,1,77.8,36,38,9.2,2.88,0,3,7.7,63.2,24,0,9,14.3,40,4,14,207,69.5,87.5,88.8,55.5,0,0,41,0,11.1,100.8,2.5,1,1,0,2,2,0,0.0,260,6.8
11,Alan Bowman,77679,QB,OKLA STATE,1,61.1,36,37,7.7,2.21,0,0,0.0,51.4,19,0,5,13.6,37,3,13,262,33.3,60.2,62.6,51.4,0,3,37,1,0.0,36.4,0.0,0,0,0,1,0,2,5.4,225,6.1
11,Daniel Richardson,97103,QB,FAU,1,73.5,34,37,9.1,2.47,1,1,2.7,64.9,24,0,15,4.0,46,1,7,165,36.7,46.6,53.2,39.0,1,1,47,0,33.3,61.9,10.9,5,3,1,0,0,3,6.4,151,4.1
11,Ta'Quan Roberson,101625,QB,UCONN,1,64.7,34,37,9.8,2.54,1,0,0.0,54.1,20,0,13,9.1,39,2,10,146,68.9,48.7,50.8,51.6,0,1,39,1,0.0,59.2,0.0,0,2,0,2,0,2,5.1,207,5.6
11,Jiya Wright,77688,QB,LA MONROE,1,62.9,35,36,9.1,2.68,0,1,2.7,55.6,20,0,17,9.1,45,2,12,209,41.3,53.5,59.6,51.2,1,0,46,2,47.1,95.0,17.8,8,1,0,0,2,0,0.0,243,6.8
11,John Paddock,77689,QB,ILLINOIS,1,72.2,36,36,13.0,2.46,0,4,9.8,66.7,24,0,9,7.7,37,2,19,187,35.3,84.9,82.8,63.3,0,1,43,0,11.1,135.2,2.7,1,0,0,0,4,1,2.3,507,14.1
11,Jeff Undercuffler,78501,QB,AKRON,1,62.5,32,36,7.3,2.32,2,0,0.0,55.6,20,0,10,0.0,40,0,6,102,69.1,44.0,44.6,57.3,2,2,42,0,30.0,43.3,7.5,3,1,0,0,0,2,4.8,156,4.3
11,Dillon Gabriel,86272,QB,OKLAHOMA,1,68.6,35,36,12.4,2.75,0,1,2.8,63.9,23,0,8,4.2,39,1,19,261,72.1,85.1,77.2,79.4,0,0,39,0,25.0,143.9,5.1,2,1,0,1,5,1,2.6,423,11.8
11,Spencer Rattler,97408,QB,S CAROLINA,1,88.6,35,36,7.9,2.35,0,2,5.6,77.8,28,0,6,9.7,36,3,18,289,70.1,81.9,80.9,63.4,1,1,37,0,0.0,123.5,0.0,0,0,0,0,3,1,2.7,351,9.8
11,Keyone Jenkins,170403,QB,FIU,1,70.6,34,36,7.6,2.25,1,1,2.6,61.1,22,0,11,8.3,45,2,11,166,17.9,54.9,56.5,54.4,0,0,48,0,45.5,79.2,11.1,5,4,1,0,0,5,10.4,226,6.3
11,Shedeur Sanders,131396,QB,COLORADO,1,78.1,32,36,11.4,3.5,3,1,2.5,61.1,22,0,11,12.0,47,3,15,143,70.1,75.3,81.4,55.4,0,0,51,2,18.2,101.9,4.3,2,9,0,1,2,0,0.0,262,7.3
11,Josh Hoover,127148,QB,TCU,1,75.0,36,36,7.7,2.14,0,2,5.4,66.7,24,0,13,11.1,40,3,13,305,31.8,70.1,69.4,,0,1,41,0,23.1,99.5,7.5,3,0,0,0,2,2,4.9,302,8.4
11,Jacob Zeno,98014,QB,UAB,1,77.1,35,36,7.8,3.05,0,2,5.4,69.4,25,0,10,7.4,44,2,10,321,69.4,57.1,60.6,48.9,1,2,45,1,40.0,60.6,9.1,4,4,0,0,0,2,4.4,206,5.7
11,Hayden Wolff,98362,QB,W MICHIGAN,1,73.5,34,36,7.1,2.29,1,3,8.1,69.4,25,0,11,0.0,40,0,14,347,38.8,70.4,74.8,52.9,0,1,41,1,9.1,114.7,2.5,1,1,0,1,3,1,2.4,333,9.3
11,Austin Reed,111760,QB,W KENTUCKY,1,60.0,35,36,7.5,2.69,0,0,0.0,55.6,20,0,7,4.8,37,1,13,346,70.0,51.1,42.9,79.3,0,1,41,0,0.0,95.9,0.0,0,1,0,1,3,1,2.4,271,7.5
11,Noah Fifita,158722,QB,ARIZONA,1,67.6,34,35,8.6,2.43,1,2,5.3,60.0,21,0,6,8.7,36,2,14,109,70.3,74.5,73.6,60.8,0,0,39,0,16.7,96.6,2.8,1,0,0,0,2,0,0.0,214,6.1
11,Kirk Francis,173296,QB,TULSA,1,68.8,32,34,13.7,2.83,0,2,5.9,64.7,22,0,8,0.0,38,0,15,320,35.4,86.0,87.6,57.6,0,0,39,0,37.5,108.1,7.9,3,1,0,2,1,0,0.0,345,10.1
11,Trenton Bourguet,97285,QB,ARIZONA ST,1,65.6,32,34,6.8,2.06,0,1,2.8,55.9,19,0,8,9.5,37,2,9,110,70.3,58.7,57.6,61.8,1,1,39,1,12.5,54.7,2.7,1,2,0,1,0,1,2.6,149,4.4
11,Cade Klubnik,156253,QB,CLEMSON,1,87.1,31,34,3.7,2.87,1,2,5.7,67.6,23,0,12,14.8,39,4,14,140,69.5,70.0,72.2,63.6,0,1,40,0,16.7,110.5,5.1,2,3,0,2,4,1,2.5,205,6.0
11,Ben Whitlock,186579,QB,W GEORGIA,1,64.5,31,34,9.0,2.49,0,1,2.9,55.9,19,0,4,5.0,34,1,12,1177,68.6,49.2,48.3,,1,3,35,0,0.0,55.1,0.0,0,0,0,2,1,2,5.7,273,8.0
11,Joe Milton III,82151,QB,TENNESSEE,1,75.8,33,34,8.8,2.65,0,1,2.9,64.7,22,0,8,12.0,38,3,9,307,71.0,57.8,59.0,59.6,1,1,39,2,25.0,86.3,5.3,2,2,0,0,1,1,2.6,267,7.9
11,Quinn Ewers,127253,QB,TEXAS,1,80.0,30,33,11.2,2.57,0,2,5.7,66.7,22,0,3,8.3,34,2,14,311,68.6,72.6,71.5,,0,1,36,0,33.3,95.1,2.9,1,0,0,3,1,1,2.8,317,9.6
11,Caleb Williams,144622,QB,USC,1,69.0,29,33,12.4,3.29,0,4,10.3,57.6,19,0,16,5.0,39,1,13,326,23.9,84.3,83.0,64.7,0,0,46,1,25.0,96.9,10.3,4,2,0,4,1,2,4.3,291,8.8
11,Cooper Legas,101286,QB,UTAH ST,1,67.9,28,33,11.1,2.8,0,2,5.3,54.5,18,0,10,5.3,33,1,8,329,72.8,77.1,74.5,67.4,1,2,38,0,0.0,75.6,0.0,0,0,0,4,3,2,5.3,182,5.5
11,Brendan Sorsby,156398,QB,INDIANA,1,74.2,31,33,11.0,2.27,1,2,5.1,66.7,22,0,8,4.3,39,1,17,190,73.2,85.5,85.2,67.1,0,1,45,0,37.5,111.8,7.7,3,3,0,1,3,1,2.2,289,8.8
11,Kyle McCord,145053,QB,OHIO STATE,1,86.2,29,31,9.2,2.44,0,4,12.5,77.4,24,0,5,4.0,31,1,16,260,68.4,91.6,91.4,,0,0,32,0,0.0,143.9,0.0,0,0,0,2,3,0,0.0,335,10.8
11,Devin Leary,77628,QB,KENTUCKY,1,63.0,27,31,9.9,2.96,2,0,0.0,54.8,17,0,11,0.0,34,0,7,202,69.7,60.2,58.1,63.9,0,1,36,0,27.3,67.1,8.8,3,0,0,2,1,1,2.8,164,5.3
11,Chandler Rogers,98683,QB,N TEXAS,1,70.0,30,31,11.5,2.78,0,4,12.1,58.1,18,0,18,14.3,39,3,9,251,29.1,78.6,78.8,61.0,1,1,41,0,27.8,90.8,12.8,5,3,0,0,2,3,7.3,240,7.7
11,Bo Nix,97790,QB,OREGON,1,86.7,30,31,7.3,2.26,0,2,5.9,74.2,23,0,3,11.5,32,3,15,264,34.6,68.3,82.8,39.3,1,0,35,0,0.0,155.6,0.0,0,1,0,0,4,1,2.9,412,13.3
11,Jordan Travis,77615,QB,FLORIDA ST,1,79.3,29,31,9.6,2.55,0,0,0.0,61.3,19,0,11,17.4,36,4,12,167,71.1,73.7,72.1,64.5,2,0,39,0,27.3,99.5,8.3,3,2,0,0,1,0,0.0,265,8.5
11,Haynes King,124329,QB,GA TECH,1,60.0,30,31,11.8,2.47,1,2,6.1,41.9,13,0,14,27.8,36,5,6,176,71.4,50.7,50.1,57.4,0,4,38,0,28.6,36.3,11.1,4,1,0,0,2,4,10.5,129,4.2
11,Anthony Colandrea,170131,QB,VIRGINIA,1,78.6,28,31,9.5,2.7,1,3,8.6,64.5,20,0,16,9.1,40,2,13,335,71.9,77.9,72.2,73.4,1,1,44,0,25.0,79.0,10.0,4,4,0,1,0,0,0.0,272,8.8
11,Deacon Hill,145170,QB,IOWA,1,73.3,30,31,8.5,2.5,1,0,0.0,64.5,20,0,7,9.1,31,2,10,192,33.4,73.3,72.6,62.0,0,1,33,0,0.0,83.1,0.0,0,0,0,0,1,0,0.0,223,7.2
11,Brayden Fowler-Nicolosi,157207,QB,COLO STATE,1,60.0,30,30,11.2,2.53,0,1,3.0,56.7,17,0,5,5.6,31,1,10,144,21.3,41.7,50.2,29.8,0,1,34,0,0.0,63.5,0.0,0,1,0,0,0,1,2.9,202,6.7
11,Alex Flinn,123797,QB,E CAROLINA,1,71.4,28,30,8.5,2.65,0,2,6.3,60.0,18,0,17,10.0,35,2,8,156,70.2,76.8,74.9,65.3,0,1,37,0,23.5,59.9,11.4,4,1,0,2,0,1,2.7,156,5.2
11,Bryson Barnes,131845,QB,UTAH,1,67.9,28,30,6.3,2.86,0,2,6.1,56.7,17,0,12,10.5,32,2,7,328,70.9,65.5,60.6,67.5,0,2,35,0,0.0,80.8,0.0,0,2,0,2,2,2,5.7,267,8.9
11,Keegan Shoemaker,108983,QB,SM HOUSTON,1,80.8,26,29,7.2,2.67,0,0,0.0,62.1,18,0,14,14.3,30,3,10,281,72.6,90.0,85.2,74.3,0,0,30,1,7.1,104.0,3.3,1,0,0,3,1,0,0.0,269,9.3
11,Will Howard,122599,QB,KANSAS ST,1,76.9,26,29,7.9,2.52,1,2,6.7,65.5,19,0,5,5.0,30,1,14,199,69.3,80.6,77.2,68.8,0,0,31,0,20.0,124.9,3.3,1,0,0,2,3,1,3.2,235,8.1
11,Michael Pratt,123229,QB,TULANE,1,62.1,29,29,11.8,2.78,0,1,3.4,55.2,16,0,13,11.1,33,2,9,319,70.4,57.8,59.1,54.9,0,1,34,0,7.7,73.1,3.0,1,3,0,0,1,0,0.0,194,6.7
11,Devin Grainger,78496,QB,GA STATE,1,62.1,29,29,9.9,3.25,0,0,0.0,55.2,16,0,12,11.1,31,2,8,175,71.3,48.0,42.3,64.4,0,1,34,0,8.3,73.1,3.2,1,1,0,0,2,1,2.9,114,3.9
11,AJ Padgett,163006,QB,RICE,1,80.0,25,28,6.4,2.72,2,4,13.3,60.7,17,0,15,15.0,38,3,9,275,19.9,62.9,65.7,53.6,0,0,40,1,40.0,103.6,15.8,6,4,0,1,2,2,5.0,182,6.5
11,Jack Plummer,83543,QB,LOUISVILLE,1,78.6,28,28,9.4,2.54,0,0,0.0,67.9,19,0,8,13.6,31,3,11,210,69.9,56.4,57.4,54.4,0,1,33,0,25.0,103.7,6.5,2,1,0,0,2,1,3.0,243,8.7
11,Dequan Finn,97804,QB,TOLEDO,1,85.7,28,28,11.9,3.28,0,3,10.7,85.7,24,0,9,0.0,30,0,22,316,69.3,90.3,90.5,61.5,0,1,30,0,11.1,139.6,3.3,1,1,0,0,3,1,3.3,409,14.6
11,Ken Seals,124359,QB,VANDERBILT,1,58.3,24,28,7.4,3.05,3,1,3.4,46.4,13,0,14,7.1,30,1,6,333,70.3,68.3,63.5,68.9,0,0,31,0,7.1,68.2,3.3,1,1,0,1,1,0,0.0,104,3.7
11,Donovan Smith,73929,QB,HOUSTON,1,66.7,27,28,7.2,3.21,0,1,3.3,57.1,16,0,13,11.1,36,2,7,182,71.4,64.2,58.8,67.1,0,3,38,0,7.7,49.1,2.8,1,6,0,1,2,1,2.6,102,3.6
11,Jaylen Raynor,172203,QB,ARK STATE,1,61.5,26,28,10.2,3.09,1,0,0.0,53.6,15,0,19,6.3,34,1,9,113,37.6,48.4,36.5,76.3,1,1,38,0,21.1,71.4,11.8,4,2,0,0,1,4,10.5,186,6.6
11,Grayson Loftis,170054,QB,DUKE,1,66.7,27,28,11.9,2.71,1,3,9.4,57.1,16,0,11,11.1,30,2,12,154,70.4,85.4,90.0,57.2,0,0,34,1,9.1,113.5,3.3,1,1,0,0,3,0,0.0,189,6.8
11,Brayden Schager,146078,QB,HAWAII,1,88.9,27,28,6.9,2.43,1,1,3.4,78.6,22,0,7,8.3,32,2,12,180,70.8,81.7,73.9,76.6,0,0,33,0,14.3,116.7,3.1,1,3,0,0,2,0,0.0,176,6.3
11,Rocky Lombardi,60452,QB,N ILLINOIS,1,73.1,26,28,9.1,2.93,0,0,0.0,53.6,15,0,6,21.1,31,4,10,254,14.1,59.0,66.7,41.1,0,0,32,0,33.3,67.7,6.5,2,1,2,0,0,2,6.3,141,5.0
11,Ethan Vasko,163817,QB,COAST CAR,1,65.4,26,27,7.4,2.01,0,0,0.0,63.0,17,0,4,0.0,28,0,8,141,71.1,64.3,66.3,55.1,1,0,30,0,25.0,101.6,3.6,1,0,0,0,2,1,3.3,145,5.4
11,Jake Retzlaff,70874,QB,BYU,1,46.2,26,27,12.5,3.78,0,2,6.9,37.0,10,0,13,16.7,36,2,8,128,72.8,43.5,37.1,61.8,0,2,38,0,30.8,30.5,11.1,4,4,0,1,1,4,10.5,104,3.9
11,Garrett Greene,123420,QB,W VIRGINIA,1,45.8,24,27,17.7,2.8,0,3,9.7,37.0,10,0,11,9.1,28,1,8,343,72.3,61.5,59.0,62.9,1,1,32,0,0.0,66.0,0.0,0,1,0,2,2,1,3.1,154,5.7
11,Jase Bauer,145714,QB,C MICHIGAN,1,63.6,22,27,13.6,3.79,0,1,3.3,51.9,14,0,18,0.0,35,0,9,134,69.8,59.0,57.2,58.7,1,1,38,0,11.1,98.5,5.7,2,6,0,4,3,1,2.6,205,7.6
11,Byrum Brown,156206,QB,USF,1,88.5,26,26,12.5,3.16,0,4,15.4,69.2,18,0,18,21.7,37,5,15,327,39.2,85.7,90.1,61.1,0,1,37,1,33.3,107.2,16.2,6,5,0,0,1,3,8.1,316,12.2
11,Devon Dampier,171556,QB,NEW MEXICO,1,72.0,25,26,10.8,3.27,0,1,3.4,65.4,17,0,10,5.6,29,1,10,241,38.9,68.5,65.0,66.1,1,0,32,1,30.0,88.6,10.3,3,0,0,0,0,1,3.1,200,7.7
11,Ben Bryant,77655,QB,NWESTERN,1,79.2,24,26,8.8,2.75,0,1,3.8,69.2,18,0,9,5.3,31,1,12,256,30.0,68.1,77.1,48.8,1,0,31,1,11.1,116.7,3.2,1,4,0,1,2,0,0.0,195,7.5
11,Jayden Daniels,97993,QB,LSU,1,69.2,26,26,12.6,2.9,0,3,11.5,65.4,17,0,8,5.6,32,1,18,211,71.6,90.2,70.8,91.9,0,0,32,0,25.0,147.1,6.3,2,4,0,0,3,0,0.0,372,14.3
11,Michael Kern,97799,QB,WAKE,1,64.0,25,26,11.9,2.66,1,1,3.7,53.8,14,0,8,12.5,26,2,7,339,68.5,59.7,56.2,60.0,0,1,27,0,0.0,66.0,0.0,0,0,0,0,1,2,7.4,139,5.3
11,Trexler Ivey,122184,QB,CHARLOTTE,1,64.0,25,25,5.4,2.42,0,1,3.6,56.0,14,0,7,12.5,28,2,7,136,69.3,26.9,26.2,59.0,0,4,31,0,42.9,37.2,10.7,3,0,0,0,0,5,16.1,168,6.7
11,Kiael Kelly,145634,QB,BALL ST,1,65.2,23,25,6.2,2.93,0,0,0.0,60.0,15,0,7,0.0,27,0,9,117,73.6,63.8,60.6,62.9,1,0,27,0,0.0,84.6,0.0,0,2,0,1,1,2,7.4,115,4.6
11,Jalen Mayden,83520,QB,S DIEGO ST,1,80.0,25,25,5.9,2.66,0,0,0.0,76.0,19,0,7,5.0,29,1,8,284,71.6,66.8,62.5,67.0,0,0,34,0,42.9,86.8,10.3,3,1,0,0,0,0,0.0,128,5.1
11,Hudson Card,123109,QB,PURDUE,1,79.2,24,25,11.7,3.3,0,2,8.0,68.0,17,0,13,10.5,27,2,11,273,71.0,91.2,90.0,74.2,0,0,27,0,7.7,140.2,3.7,1,1,0,1,3,0,0.0,251,10.0
11,Carter Bradley,77685,QB,S ALABAMA,1,79.2,24,25,9.0,2.4,0,1,3.8,76.0,19,0,8,0.0,30,0,5,288,69.3,59.0,60.6,53.5,0,0,31,0,25.0,116.2,6.7,2,2,0,1,2,0,0.0,145,5.8
11,AJ Bianco,158232,QB,NEVADA,1,56.5,23,25,12.0,2.96,1,1,3.3,52.0,13,0,16,0.0,34,0,9,239,38.1,73.8,73.0,64.0,1,1,39,0,25.0,82.3,11.8,4,5,0,0,2,0,0.0,161,6.4
11,Behren Morton,144747,QB,TEXAS TECH,1,79.2,24,25,8.7,2.78,1,0,0.0,76.0,19,0,7,0.0,30,0,9,315,29.4,57.4,49.8,71.9,0,1,32,0,42.9,78.1,10.0,3,2,0,0,0,3,9.4,176,7.0
11,Carson Beck,124010,QB,GEORGIA,1,80.0,25,25,10.9,2.5,0,1,3.7,72.0,18,0,3,10.0,28,2,13,173,68.8,90.9,91.0,63.5,0,1,30,0,0.0,123.1,0.0,0,3,0,0,2,1,3.3,306,12.2
11,Nicholas Vattiato,145302,QB,MIDDLE TN,1,75.0,24,25,6.3,2.95,0,1,3.8,72.0,18,0,5,0.0,29,0,10,224,69.3,53.7,56.5,53.0,0,0,30,0,0.0,147.5,0.0,0,4,0,1,4,2,6.7,275,11.0
11,Katin Houser,158386,QB,MICH STATE,1,56.5,23,24,7.8,2.9,0,0,0.0,50.0,12,0,10,7.7,28,1,5,223,69.8,38.9,41.5,49.0,0,0,30,0,20.0,59.7,7.1,2,2,0,1,0,1,3.3,92,3.8
11,Frank Harris,60586,QB,UTSA,1,65.2,23,24,11.6,2.77,0,1,3.8,62.5,15,0,12,0.0,27,0,11,331,69.7,75.5,78.6,59.8,0,0,29,1,8.3,98.4,3.7,1,2,0,1,1,0,0.0,175,7.3
11,Austin Smith,145763,QB,E MICHIGAN,1,47.8,23,24,7.3,2.98,0,0,0.0,37.5,9,0,11,18.2,28,2,6,160,70.2,53.8,47.8,67.5,0,1,30,0,18.2,30.9,7.1,2,2,0,1,0,2,6.7,86,3.6
11,Brady Cook,124199,QB,MISSOURI,1,78.3,23,24,8.9,3.15,1,0,0.0,75.0,18,0,12,0.0,31,0,14,229,71.2,80.3,70.3,77.5,0,1,32,0,25.0,108.9,9.7,3,4,0,0,1,0,0.0,275,11.5
11,Diego Pavia,156927,QB,NEW MEX ST,1,69.6,23,24,13.2,2.66,0,2,8.0,58.3,14,0,4,12.5,27,2,13,242,71.5,81.4,78.9,68.5,0,0,28,0,0.0,103.0,0.0,0,3,0,1,2,1,3.6,141,5.9
11,Christian Veilleux,145086,QB,PITTSBURGH,1,63.6,22,23,9.5,1.9,0,0,0.0,56.5,13,0,4,7.1,23,1,5,268,17.4,33.9,49.3,25.1,0,1,24,0,0.0,74.7,0.0,0,0,1,0,1,1,4.2,161,7.0
11,Drew Allar,164157,QB,PENN STATE,1,61.9,21,23,8.8,2.86,0,0,0.0,43.5,10,0,15,23.1,28,3,8,266,32.9,53.9,49.6,56.8,0,0,33,1,0.0,65.5,0.0,0,5,0,2,1,0,0.0,70,3.0
11,Rocco Becht,157567,QB,IOWA STATE,1,81.8,22,23,7.1,2.28,0,0,0.0,65.2,15,0,7,16.7,26,3,12,193,69.1,74.0,71.3,66.2,1,0,28,0,14.3,122.2,3.8,1,2,0,0,2,0,0.0,203,8.8
11,Emory Williams,170099,QB,MIAMI FL,1,50.0,20,23,8.6,2.62,2,1,4.2,34.8,8,0,12,20.0,28,2,6,220,68.1,63.6,60.4,64.6,1,0,29,0,16.7,91.8,7.1,2,3,0,0,2,0,0.0,175,7.6
11,Jayden Maiava,158135,QB,UNLV,1,78.3,23,23,11.0,3.22,0,1,4.2,69.6,16,0,8,11.1,27,2,13,325,35.1,83.7,90.4,57.5,0,0,28,0,0.0,114.9,0.0,0,4,0,0,1,1,3.6,223,9.7
11,Jalen Milroe,146590,QB,ALABAMA,1,72.7,22,23,13.7,3.28,0,2,8.3,69.6,16,0,8,0.0,25,0,13,103,71.0,82.9,74.2,77.3,0,1,26,0,0.0,124.5,0.0,0,2,0,1,3,1,3.8,237,10.3
11,Kaidon Salter,132046,QB,LIBERTY,1,71.4,21,22,17.3,3.42,0,3,12.5,59.1,13,0,3,13.3,24,2,12,206,72.2,74.6,73.7,64.4,0,1,26,0,0.0,114.6,0.0,0,2,0,1,3,1,3.8,225,10.2
11,Andrew Peasley,83581,QB,WYOMING,1,57.1,21,22,8.1,3.41,0,0,0.0,50.0,11,0,13,8.3,31,1,10,351,69.7,57.3,41.8,74.8,0,1,31,0,23.1,52.1,9.7,3,6,0,1,0,1,3.2,144,6.5
11,Cole Snyder,97617,QB,BUFFALO,1,71.4,21,21,7.0,2.46,0,0,0.0,66.7,14,1,7,6.7,23,1,7,126,27.9,49.4,56.7,44.0,0,0,23,1,28.6,91.6,8.7,2,0,0,0,0,2,8.7,171,8.1
11,Cole Pennington,156787,QB,MARSHALL,1,71.4,21,21,3.3,2.21,0,0,0.0,71.4,15,0,6,0.0,24,0,6,214,36.8,55.5,55.2,57.7,0,1,24,0,33.3,81.6,8.3,2,1,0,0,0,1,4.2,201,9.6
11,Fernando Mendoza,158323,QB,CAL,1,66.7,21,21,6.7,2.79,0,0,0.0,66.7,14,0,8,0.0,26,0,9,130,22.2,56.1,61.3,47.8,0,0,30,1,25.0,119.1,7.7,2,3,0,0,2,0,0.0,150,7.1
11,Kurtis Rourke,97998,QB,OHIO,1,75.0,20,21,7.7,2.65,1,0,0.0,66.7,14,0,6,6.7,24,1,8,259,70.9,67.9,65.4,64.2,0,0,24,0,33.3,81.6,8.3,2,1,0,0,0,0,0.0,121,5.8
11,Logan Fife,128176,QB,FRESNO ST,1,57.9,19,21,11.6,3.12,0,0,0.0,52.4,11,0,11,0.0,28,0,6,169,69.8,68.6,69.5,58.9,1,1,30,0,45.5,64.6,17.9,5,2,0,1,1,1,3.3,115,5.5
11,Joey Aguilar,174978,QB,APP STATE,1,71.4,21,21,14.0,2.74,0,2,9.1,66.7,14,0,5,6.7,23,1,9,108,27.0,63.4,70.1,47.9,0,1,24,0,0.0,128.0,0.0,0,2,0,0,3,2,8.3,255,12.1
11,Mikey Keene,70961,QB,FRESNO ST,1,77.8,18,20,4.3,2.52,2,1,5.0,60.0,12,0,6,14.3,23,2,7,169,67.5,66.9,66.4,60.6,0,1,23,0,0.0,70.8,0.0,0,2,0,0,1,1,4.3,110,5.5
11,Cole Ballard,173062,QB,KANSAS,1,66.7,18,20,9.9,3.03,0,0,0.0,45.0,9,0,12,25.0,26,3,6,198,70.1,58.9,54.5,65.1,2,1,28,0,25.0,44.6,11.5,3,3,0,0,0,1,3.6,124,6.2
11,Payton Thorne,101629,QB,AUBURN,1,65.0,20,20,5.1,2.31,0,0,0.0,60.0,12,0,2,7.7,21,1,8,115,72.9,74.4,58.0,80.1,0,1,22,0,50.0,104.8,4.8,1,0,0,0,3,1,4.5,163,8.2
11,Preston Stone,124716,QB,SMU,1,68.4,19,20,19.5,3.76,0,2,10.0,55.0,11,0,11,15.4,24,2,8,287,69.4,70.8,69.0,62.7,0,1,24,0,18.2,109.2,8.3,2,2,0,1,2,3,12.5,234,11.7
11,Tommy Castellanos,158433,QB,BOSTON COL,1,57.9,19,20,13.7,2.59,0,1,4.5,50.0,10,0,3,9.1,23,1,7,121,72.6,64.9,57.3,70.3,0,2,27,2,0.0,43.8,0.0,0,2,0,1,1,2,7.4,110,5.5
11,Connor Bazelak,99135,QB,BOWL GREEN,1,72.2,18,20,4.0,2.43,0,0,0.0,65.0,13,0,4,0.0,21,0,5,122,68.0,56.0,52.7,63.3,0,1,22,1,25.0,91.3,4.8,1,0,0,2,1,1,4.5,188,9.4
11,Jaylen Henderson,146054,QB,TEXAS A&M,1,68.8,16,19,10.7,2.94,2,1,4.5,57.9,11,0,8,0.0,25,0,9,312,71.0,72.4,65.3,70.4,1,0,28,0,25.0,118.3,8.0,2,4,0,0,2,0,0.0,150,7.9
11,DJ Uiagalelei,122162,QB,OREGON ST,1,81.3,16,19,11.9,3.13,0,1,5.3,63.2,12,0,6,7.7,19,1,10,265,68.4,83.4,81.7,64.5,1,0,19,0,0.0,141.9,0.0,0,0,0,2,2,0,0.0,240,12.6
11,Collin Schlee,98025,QB,UCLA,1,76.5,17,18,5.4,3.02,1,0,0.0,61.1,11,0,12,15.4,27,2,8,324,70.1,70.1,71.0,64.4,0,0,27,1,25.0,98.6,11.1,3,6,0,0,1,0,0.0,117,6.5
11,Gavin Wimsatt,155757,QB,RUTGERS,1,47.1,17,18,10.5,2.84,0,0,0.0,38.9,7,0,5,12.5,19,1,5,278,26.5,55.1,50.3,66.1,0,1,19,0,20.0,32.9,5.3,1,0,0,1,0,2,10.5,93,5.2
11,John Rhys Plumlee,97602,QB,UCF,1,64.7,17,18,16.2,2.85,0,5,25.0,61.1,11,0,5,0.0,21,0,10,323,35.0,87.5,88.4,68.8,0,0,23,0,20.0,144.7,4.8,1,2,0,1,3,1,4.3,299,16.6
11,Chevan Cordeiro,75886,QB,S JOSE ST,1,58.8,17,18,10.0,2.91,0,1,5.0,50.0,9,0,4,10.0,20,1,9,285,41.5,71.9,75.7,56.8,0,0,22,1,25.0,117.1,5.0,1,1,0,1,3,0,0.0,146,8.1
11,Kyron Drones,144506,QB,VA TECH,1,86.7,15,18,6.9,2.66,0,1,5.6,66.7,12,0,6,7.7,20,1,8,337,40.6,85.4,77.7,74.4,0,0,20,1,16.7,145.4,5.0,1,1,0,3,2,1,5.0,219,12.2
11,Jaxson Dart,146409,QB,OLE MISS,1,62.5,16,17,13.5,3.12,0,1,5.6,58.8,10,0,8,0.0,21,0,4,226,69.8,53.6,49.5,62.3,1,1,22,0,25.0,54.0,9.5,2,2,0,0,0,2,9.1,112,6.6
11,Justin Lamson,144052,QB,STANFORD,1,28.6,14,17,14.9,3.45,1,0,0.0,23.5,4,0,10,0.0,21,0,4,300,73.3,53.1,48.4,62.6,0,1,23,1,20.0,15.1,9.5,2,2,0,2,0,1,4.3,42,2.5
11,Brennan Armstrong,77696,QB,NC STATE,1,80.0,15,17,6.9,2.68,1,1,5.9,70.6,12,0,6,0.0,24,0,7,248,72.6,91.5,84.3,80.6,1,0,24,0,50.0,107.7,12.5,3,3,0,0,1,0,0.0,111,6.5
11,Aveon Smith,130529,QB,MIAMI OH,1,60.0,15,17,6.5,3.27,0,0,0.0,47.1,8,0,10,11.1,19,1,4,221,72.9,68.5,62.9,66.8,0,0,20,0,10.0,53.8,5.3,1,1,0,2,0,0,0.0,50,2.9
11,Emory Jones,82111,QB,CINCINNATI,1,87.5,16,16,6.2,2.6,0,1,6.3,81.3,13,0,9,7.1,22,1,10,138,70.3,79.2,79.8,63.8,0,0,22,0,44.4,121.6,18.2,4,2,0,0,1,0,0.0,131,8.2
11,Ashton Daniels,157259,QB,STANFORD,1,62.5,16,16,17.6,3.52,0,2,11.8,62.5,10,0,14,0.0,23,0,10,300,27.0,43.4,31.5,71.1,0,3,24,0,21.4,87.5,13.0,3,4,0,0,1,5,20.8,200,12.5
11,KJ Jefferson,99129,QB,ARKANSAS,1,66.7,15,16,6.1,3.22,0,1,6.3,62.5,10,0,7,0.0,24,0,5,111,30.7,62.1,59.6,62.1,0,0,24,0,57.1,84.4,16.7,4,4,0,1,0,1,4.2,116,7.3
11,Billy Wiles,144144,QB,SO MISS,1,71.4,14,16,6.2,3.25,0,0,0.0,62.5,10,0,6,0.0,21,0,5,296,26.6,57.3,63.1,50.2,2,0,21,0,33.3,102.1,9.5,2,3,0,0,1,1,4.8,104,6.5
11,Maddux Madsen,163379,QB,BOISE ST,1,54.5,11,13,16.5,2.41,0,2,15.4,46.2,6,0,4,0.0,16,0,5,120,66.5,75.3,81.4,52.7,0,0,16,0,25.0,132.2,6.3,1,2,2,0,2,0,0.0,202,15.5
11,Jeff Sims,122496,QB,NEBRASKA,1,75.0,12,13,7.6,3.07,1,0,0.0,61.5,8,0,4,11.1,15,1,1,238,27.8,38.4,38.1,51.9,0,2,15,0,25.0,33.7,6.7,1,1,0,0,0,2,13.3,62,4.8
11,Chris Parson,172551,QB,MISS STATE,1,45.5,11,12,9.5,3.08,0,0,0.0,41.7,5,0,10,0.0,17,0,3,227,67.0,35.7,29.6,62.2,1,3,19,0,20.0,9.7,11.8,2,3,0,0,0,4,21.1,36,3.0
11,T.J. Finley,124093,QB,TEXAS ST,1,63.6,11,11,3.5,2.91,0,0,0.0,54.5,6,0,8,14.3,15,1,2,314,67.3,53.4,52.1,59.2,0,0,15,0,37.5,66.1,20.0,3,1,0,0,0,0,0.0,49,4.5
11,Xavier Arline,121831,QB,NAVY,1,70.0,10,10,7.3,2.72,0,1,8.3,70.0,7,0,4,0.0,12,0,3,237,75.6,64.3,47.5,69.1,0,1,14,0,25.0,92.1,8.3,1,1,0,0,1,1,7.1,91,9.1
11,Ethan Crawford,173571,QB,SO MISS,1,62.5,8,9,19.5,3.12,1,0,0.0,44.4,4,0,5,20.0,9,1,3,296,69.9,59.8,58.1,60.8,0,0,11,0,0.0,102.1,0.0,0,0,0,0,1,0,0.0,56,6.2
11,Mike Wright Jr.,124366,QB,MISS STATE,1,71.4,7,9,6.1,3.75,1,0,0.0,55.6,5,0,7,0.0,14,0,3,227,26.8,49.8,46.4,57.5,0,0,14,0,28.6,79.9,14.3,2,3,0,1,0,1,7.1,68,7.6
11,Malik Hornsby,123957,QB,TEXAS ST,1,75.0,8,8,13.9,3.84,0,0,0.0,50.0,4,0,4,33.3,16,2,3,314,71.6,62.8,69.7,56.9,0,0,17,0,25.0,60.4,6.3,1,7,0,0,0,0,0.0,32,4.0
11,Aidan Chiles,173727,QB,OREGON ST,1,75.0,8,8,12.0,2.94,0,0,0.0,62.5,5,0,3,16.7,10,1,3,265,67.6,60.1,54.1,65.4,0,0,11,0,33.3,132.8,10.0,1,1,0,0,1,0,0.0,75,9.4
11,J.J. McCarthy,144918,QB,MICHIGAN,1,100.0,7,8,2.6,2.67,1,0,0.0,87.5,7,0,4,0.0,10,0,5,222,71.6,74.4,56.2,76.4,0,0,11,0,25.0,97.9,10.0,1,1,0,0,0,0,0.0,60,7.5
11,Tyler Van Dyke,122225,QB,MIAMI FL,1,50.0,6,7,12.0,2.53,1,0,0.0,28.6,2,0,2,33.3,7,1,2,220,64.6,60.2,60.0,,0,1,7,0,0.0,4.8,0.0,0,0,0,0,0,1,14.3,29,4.1
11,Goose Crowder,144781,QB,TROY,1,57.1,7,7,12.9,2.88,0,0,0.0,57.1,4,0,1,0.0,9,0,3,318,65.4,47.7,51.6,53.6,0,0,10,0,0.0,116.1,0.0,0,2,0,0,1,0,0.0,45,6.4
11,Brady Lichtenberg,144226,QB,CINCINNATI,1,80.0,5,7,6.2,3.26,0,0,0.0,57.1,4,0,6,0.0,11,0,2,138,65.6,66.9,51.9,73.8,1,0,11,0,16.7,69.3,9.1,1,3,0,1,0,0,0.0,33,4.7
11,Spencer Sanders,77660,QB,OLE MISS,1,57.1,7,7,12.7,2.97,0,0,0.0,57.1,4,0,2,0.0,7,0,3,226,69.7,69.3,58.4,70.8,0,0,7,0,0.0,86.0,0.0,0,0,0,0,0,0,0.0,61,8.7
11,Emmett Morehead,143834,QB,BOSTON COL,1,57.1,7,7,7.6,1.94,0,0,0.0,42.9,3,0,0,25.0,7,1,2,121,64.6,54.9,54.4,,0,0,7,0,,54.5,0.0,0,0,0,0,0,0,0.0,28,4.0
11,Jensen Jones,133209,QB,AIR FORCE,1,57.1,7,7,23.4,3.77,0,3,37.5,42.9,3,0,5,25.0,11,1,4,101,17.7,80.5,90.9,59.6,0,1,12,0,0.0,50.3,0.0,0,4,0,0,0,0,0.0,114,16.3
11,Bryson Daily,147303,QB,ARMY,1,66.7,6,6,9.2,2.15,0,0,0.0,66.7,4,0,0,0.0,6,0,2,114,77.0,62.6,55.2,63.0,0,0,7,0,,109.7,0.0,0,0,0,0,0,0,0.0,79,13.2
11,Taylen Green,145996,QB,BOISE ST,1,83.3,6,6,10.8,2.27,0,0,0.0,83.3,5,0,2,0.0,6,0,4,120,22.6,68.2,84.5,49.8,0,0,6,0,0.0,110.4,0.0,0,0,0,0,0,0,0.0,63,10.5
11,Braylon Braxton,144442,QB,TULSA,1,50.0,6,6,12.5,1.98,0,0,0.0,50.0,3,0,1,0.0,6,0,1,320,68.4,46.2,38.9,62.3,0,1,7,0,0.0,56.3,0.0,0,0,0,0,1,2,28.6,3,0.5
11,Evan Svoboda,157664,QB,WYOMING,1,66.7,6,6,7.2,2.77,0,1,16.7,66.7,4,0,3,0.0,6,0,2,351,64.2,72.7,72.3,,0,0,6,0,0.0,79.9,0.0,0,0,0,0,0,0,0.0,32,5.3
11,Tahj Bullock,144070,QB,AKRON,1,50.0,6,6,19.8,3.28,0,0,0.0,33.3,2,0,7,33.3,11,1,2,102,68.5,63.0,42.9,76.6,0,0,11,0,42.9,43.8,27.3,3,2,0,0,0,0,0.0,20,3.3
11,Nate Yarnell,144037,QB,PITTSBURGH,1,75.0,4,5,8.5,2.24,0,0,0.0,60.0,3,0,1,0.0,5,0,1,268,63.8,64.1,63.8,,1,0,5,0,0.0,92.1,0.0,0,0,0,0,0,0,0.0,48,9.6
11,Dan Villari,129602,TE,SYRACUSE,1,80.0,5,5,3.8,1.94,0,0,0.0,60.0,3,0,1,25.0,5,1,0,304,19.6,66.7,56.7,73.7,0,0,5,0,0.0,64.6,0.0,0,0,0,0,0,0,0.0,10,2.0
11,Heinrich Haarberg,144993,QB,NEBRASKA,1,40.0,5,5,8.2,2.8,0,0,0.0,20.0,1,0,4,50.0,7,1,0,238,64.9,41.6,42.7,57.3,0,1,8,0,25.0,0.0,14.3,1,1,0,0,0,1,12.5,0,0.0
11,Garrett Shrader,98212,QB,SYRACUSE,1,100.0,5,5,0.2,1.5,0,0,0.0,80.0,4,0,0,20.0,5,1,1,304,28.6,67.4,60.5,79.5,0,0,5,1,,119.6,0.0,0,0,0,0,1,0,0.0,16,3.2
11,Avery Johnson,173108,QB,KANSAS ST,1,75.0,4,5,5.5,2.98,0,0,0.0,40.0,2,0,1,33.3,5,1,2,199,65.5,31.1,30.3,58.2,0,0,5,0,0.0,102.5,0.0,0,0,0,1,1,1,20.0,33,6.6
11,Nicco Marchiol,157363,QB,W VIRGINIA,1,66.7,3,4,6.7,3.18,0,0,0.0,0.0,0,0,2,100.0,4,2,0,343,66.6,49.4,41.4,63.0,0,1,4,0,0.0,0.0,0.0,0,0,0,1,0,1,25.0,0,0.0
11,Jason Bean,83529,QB,KANSAS,1,33.3,3,4,20.3,3.33,0,0,0.0,25.0,1,0,2,0.0,4,0,1,198,67.8,58.4,53.1,62.6,0,0,4,0,0.0,40.6,0.0,0,0,0,1,0,0,0.0,13,3.3
11,Camden Orth,108965,QB,BOWL GREEN,1,100.0,4,4,7.8,2.82,0,0,0.0,100.0,4,0,3,0.0,6,0,4,122,72.2,75.6,81.8,64.1,0,0,6,0,0.0,158.3,0.0,0,2,0,0,1,0,0.0,98,24.5
11,Jacolby Criswell,122830,QB,ARKANSAS,1,50.0,4,4,23.0,3.17,0,1,25.0,50.0,2,0,3,0.0,6,0,2,111,68.9,80.1,77.0,67.4,0,0,6,0,33.3,103.1,16.7,1,1,0,0,1,0,0.0,19,4.8
11,Ty Simpson,157008,QB,ALABAMA,1,100.0,3,4,15.0,3.36,1,0,0.0,50.0,2,0,1,33.3,5,1,3,103,64.2,90.8,90.1,64.2,0,0,6,0,0.0,95.8,0.0,0,1,0,0,0,0,0.0,51,12.8
11,Mitch Griffis,123386,QB,WAKE,1,66.7,3,3,5.7,2.5,0,0,0.0,66.7,2,0,3,0.0,7,0,0,339,65.9,52.5,47.2,62.7,0,0,7,0,100.0,84.0,42.9,3,1,0,0,0,0,0.0,19,6.3
11,Owen McCown,157688,QB,UTSA,1,33.3,3,3,13.3,2.93,0,0,0.0,33.3,1,0,1,0.0,4,0,0,331,66.6,48.9,48.5,57.9,0,0,4,0,0.0,42.4,0.0,0,1,0,0,0,0,0.0,7,2.3
11,Zion Turner,158636,QB,UCONN,1,33.3,3,3,16.7,2.93,0,0,0.0,33.3,1,0,2,0.0,3,0,0,146,62.7,45.6,45.2,,0,0,3,0,0.0,42.4,0.0,0,0,0,0,0,0,0.0,5,1.7
11,Grant Wells,97784,QB,VA TECH,1,66.7,3,3,1.3,1.83,0,0,0.0,66.7,2,0,1,0.0,3,0,1,337,11.6,48.9,55.9,55.2,0,0,3,0,0.0,82.6,0.0,0,0,0,0,0,0,0.0,18,6.0
11,Lincoln Kienholz,170256,QB,OHIO STATE,1,66.7,3,3,8.7,2.2,0,0,0.0,66.7,2,0,0,0.0,3,0,1,260,62.7,63.2,62.3,,0,0,3,1,,82.6,0.0,0,0,0,0,0,0,0.0,18,6.0
11,Cam Skattebo,147787,HB,ARIZONA ST,1,66.7,3,3,24.7,2.4,0,1,25.0,33.3,1,0,1,50.0,3,1,1,110,74.2,63.6,77.4,70.5,0,0,4,1,0.0,104.2,0.0,0,0,0,0,1,0,0.0,25,8.3
11,Chase Griffin,100579,QB,UCLA,1,0.0,2,3,20.5,2.4,0,0,0.0,0.0,0,0,2,,3,0,0,324,62.7,46.3,46.5,,1,0,3,0,0.0,39.6,0.0,0,0,0,0,0,0,0.0,0,0.0
11,Chubba Purdy,122412,QB,NEBRASKA,1,50.0,2,3,7.5,2.53,0,0,0.0,33.3,1,0,1,0.0,3,0,1,238,67.7,66.9,37.6,77.3,0,1,3,0,0.0,23.6,0.0,0,0,0,1,0,1,33.3,24,8.0
11,Brendon Lewis,131687,QB,NEVADA,1,33.3,3,3,13.0,3.58,0,0,0.0,33.3,1,0,1,0.0,4,0,0,239,67.8,50.6,46.0,60.5,0,0,4,0,100.0,42.4,25.0,1,0,0,0,0,0,0.0,3,1.0
11,Garret Rangel,157795,QB,OKLA STATE,1,0.0,2,3,16.5,2.47,0,0,0.0,0.0,0,0,1,,3,0,0,262,62.7,74.2,73.7,,0,0,3,0,0.0,39.6,0.0,0,0,0,1,0,0,0.0,0,0.0
11,Mikele Colasurdo,123851,QB,GA STATE,1,33.3,3,3,24.7,2.97,0,0,0.0,33.3,1,0,1,0.0,3,0,0,175,62.7,35.6,35.8,,0,0,3,0,0.0,42.4,0.0,0,0,0,0,0,1,33.3,6,2.0
11,Haden Carlson,123620,QB,FIU,1,50.0,2,3,15.5,2.03,0,0,0.0,33.3,1,0,1,0.0,3,0,0,166,62.7,51.5,50.9,,1,0,3,0,0.0,42.4,0.0,0,0,0,0,0,0,0.0,4,1.3
11,DJ Riles,156596,QB,MIDDLE TN,1,100.0,2,2,-1.0,1.3,0,0,0.0,100.0,2,0,0,0.0,2,0,1,224,72.9,84.3,62.6,76.1,0,0,2,0,,93.8,0.0,0,0,0,0,0,0,0.0,13,6.5
11,Johnathan Bennett,104158,QB,LIBERTY,1,0.0,2,2,31.0,2.7,0,0,0.0,0.0,0,0,1,,2,0,0,206,62.7,47.6,47.5,,0,0,3,0,0.0,39.6,0.0,0,0,0,0,0,0,0.0,0,0.0
11,Hunter Helms,122149,QB,CLEMSON,1,0.0,1,2,5.0,3.3,0,0,0.0,0.0,0,0,2,,3,0,1,140,63.3,73.7,64.8,64.9,0,0,4,0,0.0,39.6,0.0,0,1,0,1,0,0,0.0,0,0.0
11,Jalin Conyers,122920,TE,ARIZONA ST,1,100.0,2,2,-2.5,1.7,0,0,0.0,100.0,2,0,1,0.0,3,0,0,110,69.9,53.9,52.7,64.3,0,0,5,1,100.0,79.2,33.3,1,0,0,0,0,0,0.0,2,1.0
11,Ben Brittain,125262,QB,AIR FORCE,1,0.0,2,2,28.5,2.5,0,0,0.0,0.0,0,0,2,,2,0,0,101,61.8,23.0,23.4,,0,2,2,0,0.0,0.0,0.0,0,0,0,0,0,2,100.0,0,0.0
11,C.J. Ogbonna,149182,QB,BUFFALO,1,100.0,2,2,-3.0,1.35,0,0,0.0,100.0,2,0,0,0.0,2,0,0,126,73.8,76.9,62.6,70.4,0,0,2,0,,87.5,0.0,0,0,0,0,0,0,0.0,10,5.0
11,LeQuint Allen,158290,HB,SYRACUSE,1,100.0,1,2,-4.0,2.7,0,0,0.0,50.0,1,0,1,0.0,3,0,0,304,78.0,71.5,58.9,71.4,0,0,3,0,0.0,56.3,0.0,0,1,0,1,0,0,0.0,-5,-2.5
11,JJ Kohl,174674,QB,IOWA STATE,1,50.0,2,2,6.0,1.75,0,0,0.0,50.0,1,0,1,0.0,2,0,0,193,61.8,59.5,59.0,,0,0,2,0,0.0,56.3,0.0,0,0,0,0,0,0,0.0,6,3.0
11,Marcel Reed,175940,QB,TEXAS A&M,1,0.0,2,2,14.0,4.23,0,0,0.0,0.0,0,0,2,,4,0,1,312,65.2,39.9,33.5,58.1,0,0,4,0,0.0,39.6,0.0,0,2,0,0,0,1,25.0,0,0.0
11,Cam Edwards,158615,HB,UCONN,1,100.0,1,1,21.0,2.9,0,0,0.0,100.0,1,0,0,0.0,1,0,1,146,74.0,62.6,58.9,66.3,0,0,1,0,,118.8,0.0,0,0,0,0,0,0,0.0,24,24.0
11,Bryce Archie,156667,QB,USF,1,0.0,1,1,28.0,2.8,0,0,0.0,0.0,0,0,0,,1,0,0,327,60.3,50.5,50.8,,0,0,1,0,,39.6,0.0,0,0,0,0,0,0,0.0,0,0.0
11,Pryce Yates,147408,ED,UCONN,1,100.0,1,1,-5.0,1.0,0,0,0.0,100.0,1,0,0,0.0,1,0,0,146,60.3,60.5,60.6,,0,0,1,0,,83.3,0.0,0,0,0,0,0,0,0.0,4,4.0
11,Brock Vandagriff,146713,QB,GEORGIA,1,100.0,1,1,-1.0,1.7,0,0,0.0,100.0,1,0,0,0.0,1,0,0,173,61.8,60.2,59.0,,0,0,2,0,,87.5,0.0,0,0,0,0,0,0,0.0,5,5.0
11,Jakarius Caston,145419,WR,SO MISS,1,100.0,1,1,33.0,3.2,0,0,0.0,0.0,0,0,0,100.0,1,1,0,296,65.3,77.5,75.9,,0,0,1,0,,39.6,0.0,0,0,0,0,0,0,0.0,0,0.0
11,Parker Kingston,163251,WR,BYU,1,100.0,1,1,20.0,2.9,0,0,0.0,100.0,1,0,0,0.0,1,0,1,128,69.6,60.7,76.2,,0,0,1,0,,158.3,0.0,0,0,0,0,1,0,0.0,26,26.0
11,Bucky Irving,144970,HB,OREGON,1,100.0,1,1,-5.0,2.4,0,0,0.0,0.0,0,0,0,100.0,1,1,0,264,76.7,73.5,60.4,72.1,0,0,1,0,,39.6,0.0,0,0,0,0,0,0,0.0,0,0.0
11,Mario Williams,144620,WR,USC,1,100.0,1,1,-8.0,3.1,0,0,0.0,100.0,1,0,0,0.0,1,0,1,326,60.3,57.4,60.4,,0,0,1,0,,118.8,0.0,0,0,0,0,0,0,0.0,15,15.0
11,Devin Neal,144558,HB,KANSAS,1,0.0,1,1,11.0,2.3,0,0,0.0,0.0,0,0,0,,1,0,0,198,76.4,62.9,56.6,67.8,0,0,1,0,,39.6,0.0,0,0,0,0,0,0,0.0,0,0.0
11,Kaytron Allen,164158,HB,PENN STATE,1,100.0,1,1,-1.0,2.6,0,0,0.0,100.0,1,0,0,0.0,1,0,1,266,73.9,67.9,60.6,71.1,0,0,1,0,,83.3,0.0,0,0,0,0,0,0,0.0,4,4.0
11,Isaiah Hankins,144532,K,BAYLOR,1,100.0,1,1,17.0,1.9,0,0,0.0,0.0,0,0,0,100.0,1,1,0,118,60.3,85.4,75.4,,0,0,1,0,,39.6,0.0,0,0,0,0,0,0,0.0,0,0.0
11,Eric Singleton Jr.,170078,WR,GA TECH,1,100.0,1,1,5.0,2.6,0,0,0.0,100.0,1,0,0,0.0,1,0,1,176,65.9,55.6,60.6,,0,0,1,0,,100.0,0.0,0,0,0,0,0,0,0.0,8,8.0
11,Timmy McClain,144488,QB,UCF,1,100.0,1,1,-2.0,1.7,0,0,0.0,100.0,1,0,0,0.0,1,0,0,323,65.9,56.2,60.6,56.8,0,0,1,0,,79.2,0.0,0,0,0,0,0,0,0.0,0,0.0
11,Phil Mafah,144123,HB,CLEMSON,1,100.0,1,1,-3.0,2.6,0,0,0.0,0.0,0,0,1,100.0,1,1,0,140,75.8,67.1,60.4,71.7,0,0,1,0,0.0,39.6,0.0,0,0,0,0,0,0,0.0,0,0.0
11,Ben Gulbranson,131734,QB,OREGON ST,1,100.0,1,1,-1.0,1.8,0,0,0.0,100.0,1,0,0,0.0,1,0,0,265,65.9,62.9,60.4,60.1,0,0,1,0,,91.7,0.0,0,0,0,0,0,0,0.0,6,6.0
11,Robby Ashford,131702,QB,AUBURN,1,0.0,1,1,15.0,2.1,0,0,0.0,0.0,0,0,0,,1,0,0,115,65.9,49.3,33.8,66.8,0,1,1,0,,0.0,0.0,0,0,0,0,0,1,100.0,0,0.0
11,Andrew Schorfhaar,129633,QB,MICH STATE,1,100.0,1,1,-4.0,1.5,0,0,0.0,100.0,1,0,0,0.0,1,0,0,223,60.3,54.2,55.3,,0,0,1,0,,79.2,0.0,0,0,0,0,0,0,0.0,-4,-4.0
11,Tory Horton,128232,WR,COLO STATE,1,100.0,1,1,17.0,4.1,0,0,0.0,100.0,1,0,0,0.0,1,0,1,144,70.5,61.3,73.1,,0,0,1,0,,118.8,0.0,0,0,0,0,0,0,0.0,42,42.0
11,Jordan Nabors,127151,HB,BAYLOR,1,100.0,1,1,-7.0,2.7,0,0,0.0,100.0,1,0,0,0.0,1,0,0,118,65.9,60.6,60.6,,0,0,1,0,,79.2,0.0,0,0,0,0,0,0,0.0,-6,-6.0
11,Kamdyn Benjamin,123241,WR,TULSA,1,100.0,1,1,7.0,4.0,0,0,0.0,100.0,1,0,1,0.0,1,0,0,320,71.1,85.4,60.9,,0,0,1,0,0.0,95.8,0.0,0,0,0,0,0,0,0.0,7,7.0
11,Jalon Jones,104762,QB,CHARLOTTE,1,,0,1,,2.55,1,0,0.0,0.0,0,0,1,,2,0,0,136,66.2,50.4,55.4,56.4,0,0,2,0,100.0,39.6,50.0,1,0,0,0,0,0,0.0,0,0.0
11,Porter Wilson,98463,P,DUKE,1,100.0,1,1,-3.0,2.2,0,0,0.0,100.0,1,0,0,0.0,1,0,1,154,60.3,60.6,60.6,,0,0,1,0,,112.5,0.0,0,0,0,0,0,0,0.0,11,11.0
11,Kyle Maxwell,98110,WR,LA TECH,1,100.0,1,1,36.0,3.6,0,0,0.0,100.0,1,0,1,0.0,1,0,1,208,63.7,61.6,77.1,,0,0,1,0,0.0,158.3,0.0,0,0,0,0,1,0,0.0,35,35.0
11,Khaleb Hood,97159,WR,GA SOUTHRN,1,,0,1,,3.8,0,0,0.0,0.0,0,0,1,,1,0,0,174,72.9,57.0,60.0,,0,0,1,0,0.0,39.6,0.0,0,0,0,1,0,0,0.0,0,0.0
11,Samson Evans,84228,HB,E MICHIGAN,1,100.0,1,1,22.0,2.8,0,1,100.0,100.0,1,0,0,0.0,1,0,1,160,70.1,72.4,87.7,61.1,0,0,1,0,,158.3,0.0,0,0,0,0,1,0,0.0,28,28.0
11,William Watson III,174771,QB,VA TECH,1,,0,1,,2.9,0,0,0.0,0.0,0,0,0,,1,0,0,337,15.8,60.6,60.0,61.2,0,0,1,1,,39.6,0.0,0,0,0,1,0,0,0.0,0,0.0
11,Malik Washington,97108,WR,VIRGINIA,1,0.0,1,1,12.0,4.3,0,0,0.0,0.0,0,0,1,,1,0,0,335,68.5,80.0,55.3,,0,0,1,1,0.0,39.6,0.0,0,0,0,0,0,0,0.0,0,0.0
11,Israel Carter,175310,QB,USF,1,,0,1,,3.7,0,0,0.0,0.0,0,0,1,,1,0,0,327,63.7,52.2,60.0,57.5,0,0,1,0,0.0,39.6,0.0,0,0,0,1,0,0,0.0,0,0.0
11,Blake Boda,175800,QB,COAST CAR,1,100.0,1,1,8.0,1.6,0,0,0.0,100.0,1,0,0,0.0,1,0,1,141,61.8,64.0,69.4,59.2,0,0,2,0,,118.8,0.0,0,0,0,0,0,0,0.0,14,14.0
11,Tevin Carter,157995,QB,MEMPHIS,1,0.0,1,1,19.0,4.7,0,0,0.0,0.0,0,0,1,,1,0,0,218,60.3,26.3,26.8,,0,1,1,0,0.0,0.0,0.0,0,0,0,0,0,1,100.0,0,0.0
11,John Mateer,158516,QB,WASH STATE,1,100.0,1,1,-3.0,1.95,0,0,0.0,100.0,1,0,0,0.0,2,0,1,341,61.8,71.3,60.6,64.0,0,0,2,0,,83.3,0.0,0,1,0,0,0,0,0.0,4,4.0
11,Sam Huard,146463,QB,CAL POLY,1,70.7,58,58,11.4,2.29,0,2,3.4,63.8,37,0,10,9.8,60,4,20,129,70.3,71.6,70.8,,0,2,61,0,10.0,87.1,1.7,1,0,0,0,2,3,4.9,483,8.3
11,Parker McKinney,82109,QB,E KENTUCKY,1,78.0,50,54,9.0,2.75,2,3,5.2,70.4,38,0,15,2.6,57,1,18,159,70.3,66.8,67.9,52.8,1,2,61,0,6.7,86.7,1.8,1,2,0,1,2,3,4.9,377,7.0
11,Kobe Tracy,141317,QB,UTAHTC,1,68.8,48,52,8.7,2.49,2,1,1.9,59.6,31,0,11,6.1,53,2,17,1285,70.2,52.2,50.5,63.4,0,1,53,0,9.1,86.7,1.9,1,0,0,2,2,3,5.7,376,7.2
11,Gevani McCoy,147609,QB,IDAHO,1,79.5,44,51,7.3,2.88,1,1,1.9,64.7,33,0,16,5.7,54,2,18,185,70.1,75.0,73.0,64.4,2,0,58,0,18.8,91.1,5.6,3,0,0,4,1,1,1.7,349,6.8
11,Jake Willcox,148649,QB,BROWN,1,71.7,46,47,9.0,2.63,0,1,2.0,66.0,31,0,12,6.1,50,2,14,123,40.9,72.6,70.5,66.3,0,0,54,0,25.0,87.6,6.0,3,0,0,1,1,2,3.7,265,5.6
11,Jordan Cooke,175116,QB,IDAHO ST,1,66.7,42,46,8.9,2.89,1,2,4.3,58.7,27,0,23,3.6,54,1,12,186,18.6,44.8,50.8,38.7,0,2,55,0,21.7,67.0,9.3,5,3,0,3,1,4,7.3,297,6.5
11,Max Brosmer,105568,QB,NEW HAMP,1,70.0,40,45,7.1,2.65,2,2,4.4,62.2,28,0,16,0.0,51,0,15,240,38.6,55.3,55.7,55.7,1,1,51,0,18.8,82.5,5.9,3,3,0,2,2,2,3.9,248,5.5
11,Jordyn Potts,174577,QB,TENN TECH,1,65.8,38,44,4.7,2.51,2,0,0.0,54.5,24,0,11,4.0,55,1,7,309,72.1,39.4,41.5,49.3,0,3,59,1,36.4,38.6,7.3,4,6,0,4,0,3,5.1,206,4.7
11,Will McElvain,88639,QB,CENT ARK,1,69.0,42,44,9.0,2.58,0,2,4.3,61.4,27,0,19,6.9,48,2,13,132,70.4,70.0,70.6,61.9,1,1,50,1,10.5,94.0,4.2,2,2,0,1,3,1,2.0,291,6.6
11,Aaron Allen,78494,QB,ALCORN ST,1,64.1,39,41,12.6,2.85,0,4,9.8,48.8,20,0,6,20.0,42,5,10,107,69.2,62.8,62.2,64.0,0,1,43,1,16.7,59.4,2.4,1,0,0,2,0,4,9.3,264,6.4
11,Ralph Rucker IV,144625,QB,BUCKNELL,1,65.7,35,41,11.7,2.87,2,3,6.7,48.8,20,0,20,13.0,51,3,12,125,71.1,66.0,58.4,78.4,1,2,57,1,30.0,76.9,11.8,6,4,0,3,3,3,5.3,296,7.2
11,Zevi Eckhaus,148535,QB,BRYANT,1,89.2,37,40,9.8,3.05,2,2,4.8,80.0,32,0,6,3.0,44,1,22,124,69.5,92.4,92.5,61.9,0,0,47,0,16.7,138.2,2.3,1,3,1,0,4,0,0.0,367,9.2
11,Cooper Justice,131858,QB,LNDNWD,1,60.0,35,40,10.4,2.02,2,0,0.0,47.5,19,0,8,9.5,43,2,9,949,69.4,47.8,47.1,,3,2,45,0,37.5,40.4,7.0,3,0,0,0,0,3,6.7,188,4.7
11,Tyler Knoop,108982,QB,GEORGETOWN,1,75.7,37,39,9.3,2.31,2,3,7.3,71.8,28,0,10,0.0,43,0,14,172,69.8,66.6,65.2,62.6,0,2,45,0,30.0,112.7,7.0,3,1,0,0,4,2,4.4,355,9.1
11,Cole Gonzales,159939,QB,W CAROLINA,1,71.8,39,39,9.9,2.27,0,3,7.3,66.7,26,0,6,7.1,42,2,18,344,35.6,80.0,84.7,48.1,0,0,45,0,16.7,137.7,2.4,1,2,0,0,5,0,0.0,379,9.7
11,Aidan Sayin,148974,QB,PENN,1,66.7,36,38,9.4,3.04,1,0,0.0,57.9,22,0,8,8.3,39,2,11,267,69.5,58.5,59.5,54.3,0,1,40,0,0.0,63.3,0.0,0,1,0,1,0,2,5.0,218,5.7
11,Theo Day,83515,QB,N IOWA,1,52.8,36,37,14.7,2.74,1,2,4.9,37.8,14,0,15,26.3,39,5,8,255,69.7,57.7,58.7,53.3,0,2,43,0,6.7,40.6,2.6,1,1,0,0,1,4,9.3,182,4.9
11,Kekoa Visperas,147588,QB,E WASHGTON,1,81.8,33,36,5.5,2.48,1,2,5.4,75.0,27,0,14,0.0,40,0,13,161,70.4,64.4,62.1,65.1,2,2,41,0,28.6,98.1,10.0,4,0,0,0,2,2,4.9,330,9.2
11,Michael Hiers,88636,QB,SAMFORD,1,73.5,34,36,7.6,2.7,0,1,2.6,69.4,25,0,13,0.0,40,0,11,282,22.8,51.0,55.0,44.6,0,1,44,0,30.8,91.2,10.0,4,0,0,2,2,4,9.1,210,5.8
11,Luke Bailey,143172,QB,DRAKE,1,58.8,34,36,9.2,3.02,0,0,0.0,50.0,18,0,3,10.0,36,2,8,153,70.2,48.9,46.9,60.8,0,1,37,0,0.0,50.0,0.0,0,0,0,2,0,3,8.1,154,4.3
11,Marquez McCray,109056,QB,MONMOUTH,1,69.7,33,35,9.9,3.01,0,2,5.7,62.9,22,0,14,4.3,43,1,15,231,69.2,68.5,64.4,70.6,0,0,43,1,42.9,123.0,14.0,6,2,0,2,2,0,0.0,416,11.9
11,Blake Stenstrom,82106,QB,PRINCETON,1,65.6,32,35,8.8,3.04,1,3,8.3,54.3,19,0,14,9.5,42,2,11,272,38.2,68.7,70.8,57.5,0,0,44,0,28.6,85.8,9.5,4,3,0,2,1,2,4.5,243,6.9
11,Jaden Craig,159342,QB,HARVARD,1,72.7,33,35,9.7,3.22,0,0,0.0,62.9,22,0,23,8.3,44,2,13,179,47.1,61.0,54.7,62.9,0,1,45,0,26.1,82.1,13.6,6,3,0,2,1,2,4.4,252,7.2
11,Logan Brabham,149647,QB,MARIST,1,74.3,35,35,8.8,2.54,0,2,5.7,74.3,26,0,10,0.0,42,0,13,213,35.1,67.9,68.7,57.7,0,2,42,0,30.0,80.3,7.1,3,3,0,0,1,4,9.5,257,7.3
11,Robert Coleman,76149,QB,LAMAR,1,58.1,31,35,14.6,2.89,2,2,5.6,48.6,17,0,16,5.6,40,1,12,204,42.9,70.5,70.6,61.7,1,1,41,0,18.8,84.1,7.5,3,2,0,1,2,2,4.9,289,8.3
11,Quinton Williams,102366,QB,HOWARD,1,73.5,34,35,9.9,2.34,0,1,2.9,65.7,23,0,5,8.0,36,2,14,184,70.5,86.2,80.8,75.1,0,0,36,0,0.0,118.4,0.0,0,1,0,1,3,0,0.0,277,7.9
11,Shea Kuykendall,159025,QB,N COLORADO,1,71.9,32,35,8.7,2.44,0,0,0.0,60.0,21,0,10,8.7,38,2,10,253,34.5,61.5,60.2,61.2,0,1,39,1,30.0,71.5,7.9,3,0,1,2,1,3,7.7,183,5.2
11,Jordan Pachot,164809,QB,MO STATE,1,82.9,35,35,6.7,2.5,0,3,8.3,77.1,27,0,11,6.9,38,2,15,230,31.1,72.2,71.3,,0,1,40,0,27.3,131.4,7.9,3,0,0,0,4,4,10.0,326,9.3
11,CJ Montes,146114,QB,FORDHAM,1,76.5,34,34,10.1,3.03,0,1,2.7,64.7,22,0,12,15.4,43,4,16,168,70.3,90.7,91.5,62.7,0,0,47,0,8.3,95.1,2.3,1,8,0,0,1,0,0.0,239,7.0
11,Jake Stearney,171991,QB,COLGATE,1,88.2,34,34,7.7,2.28,0,1,2.8,82.4,28,0,11,6.7,38,2,16,142,70.3,90.8,90.6,65.7,0,0,40,0,18.2,140.2,5.3,2,2,0,0,3,1,2.5,360,10.6
11,Matthew Downing,82120,QB,ELON,1,78.6,28,33,11.0,2.93,2,2,6.1,57.6,19,0,16,13.6,39,3,11,162,70.0,74.1,73.7,62.1,1,0,42,0,25.0,105.7,10.3,4,2,0,2,2,1,2.4,281,8.5
11,Quincy Casey,104763,QB,ALAB A&M,1,62.5,32,33,8.8,2.44,0,0,0.0,54.5,18,0,12,10.0,39,2,10,104,35.1,41.0,45.6,48.6,1,2,40,1,25.0,54.2,7.7,3,3,0,0,1,4,10.0,173,5.2
11,Kamden Sixkiller,133096,QB,MCNEESE,1,69.0,29,32,11.2,2.69,1,3,8.3,59.4,19,0,18,5.0,37,1,12,217,34.5,71.3,68.1,68.2,1,1,41,0,16.7,81.4,8.1,3,2,0,1,1,4,9.8,249,7.8
11,Ryan O'Connor,155510,QB,DELAWARE,1,72.4,29,31,12.0,2.81,0,2,6.3,61.3,19,0,6,9.5,32,2,15,151,69.5,82.3,79.2,69.7,0,1,33,0,0.0,112.4,0.0,0,1,0,2,4,1,3.0,246,7.9
11,Daron Bryden,148436,QB,STNY BROOK,1,79.3,29,31,8.3,2.24,1,2,6.3,67.7,21,0,8,8.7,34,2,11,303,29.1,54.2,55.0,57.3,0,0,35,0,25.0,96.3,5.9,2,1,0,1,1,3,8.6,201,6.5
11,Hajj-Malik Williams,102348,QB,CAMPBELL,1,62.1,29,30,11.0,2.56,0,1,3.1,50.0,15,0,7,16.7,34,3,7,131,34.0,47.9,46.7,57.7,0,2,36,0,28.6,35.3,5.9,2,1,0,1,0,2,5.6,139,4.6
11,Nolan Grooms,108987,QB,YALE,1,86.2,29,30,6.9,2.33,0,2,6.5,76.7,23,0,8,8.0,35,2,14,352,39.8,90.2,90.1,68.9,0,0,36,0,25.0,109.3,5.7,2,3,0,1,1,1,2.8,232,7.7
11,Drew VanVleet,177653,QB,DAYTON,1,73.3,30,30,10.2,2.21,0,4,12.9,70.0,21,0,3,4.5,30,1,12,150,68.2,70.0,69.2,,0,1,31,0,0.0,101.4,0.0,0,0,0,0,2,3,9.7,235,7.8
11,Matt Morrissey,148177,QB,W ILLINOIS,1,73.1,26,30,8.0,2.82,1,1,3.1,60.0,18,0,16,5.3,38,1,8,345,69.5,63.0,66.1,52.5,1,0,41,1,31.3,87.8,13.2,5,3,0,2,1,1,2.4,177,5.9
11,Aidan Bouman,122508,QB,S DAKOTA,1,75.0,28,30,8.1,2.2,0,2,6.3,66.7,20,0,6,4.8,32,1,12,291,69.7,85.5,82.5,60.1,0,1,34,0,33.3,86.2,6.3,2,0,0,2,0,1,2.9,306,10.2
11,Reese Poffenbarger,145346,QB,ALBANY,1,78.6,28,29,11.6,2.95,1,2,6.9,72.4,21,0,11,4.5,35,1,16,106,68.7,72.8,71.2,63.7,0,1,36,0,27.3,124.0,8.6,3,3,0,0,4,1,2.8,253,8.7
11,Kinkead Dent,99132,QB,TENN MARTN,1,63.0,27,29,14.4,2.63,1,2,6.5,55.2,16,0,7,5.9,30,1,13,310,68.9,79.3,73.2,76.4,1,1,32,0,0.0,99.4,0.0,0,1,0,0,3,0,0.0,217,7.5
11,Jameson Wang,148782,QB,CORNELL,1,77.8,27,29,4.9,2.67,1,2,6.3,62.1,18,0,7,14.3,32,3,6,147,71.3,62.2,58.8,65.0,0,0,35,0,14.3,75.5,3.1,1,2,0,1,0,0,0.0,151,5.2
11,Joe Green,101283,QB,COLUMBIA,1,66.7,27,29,11.2,2.91,1,2,6.7,58.6,17,0,6,5.6,35,1,12,145,69.2,76.8,70.2,75.4,0,0,36,0,33.3,80.8,5.7,2,4,0,1,1,0,0.0,128,4.4
11,Mitch Davidson,138334,QB,YNGTOWN ST,1,69.2,26,29,8.3,2.81,1,0,0.0,58.6,17,0,15,5.6,34,1,7,353,69.8,50.2,47.9,61.2,1,1,38,1,20.0,58.0,8.8,3,2,0,1,0,2,5.3,149,5.1
11,Coulter Cleland,165212,QB,DAVIDSON,1,50.0,26,28,10.7,2.37,0,0,0.0,46.4,13,0,11,0.0,34,0,9,149,37.7,28.8,25.9,63.5,0,5,34,0,27.3,26.9,8.8,3,3,0,2,1,5,14.7,93,3.3
11,Myles Crawley,141731,QB,GRAMBLING,1,67.9,28,28,6.0,2.1,0,0,0.0,60.7,17,0,2,10.5,30,2,11,177,69.9,70.1,69.3,61.2,0,0,32,0,0.0,118.8,0.0,0,0,0,0,3,1,3.1,204,7.3
11,Brady Meitz,149729,QB,STETSON,1,65.2,23,28,10.5,2.99,0,0,0.0,53.6,15,0,17,0.0,35,0,12,302,70.9,69.0,66.1,65.4,3,0,35,0,17.6,76.9,8.6,3,4,0,2,0,0,0.0,203,7.3
11,Pierce Holley,108981,QB,E ILLINOIS,1,46.2,26,28,11.7,2.6,1,0,0.0,39.3,11,0,5,8.3,30,1,6,158,69.4,43.2,41.0,60.1,0,0,32,0,40.0,52.8,6.7,2,0,0,1,0,1,3.1,121,4.3
11,Mark Gronowski,138303,QB,S DAK ST,1,75.0,28,28,12.0,2.4,0,2,6.9,67.9,19,0,6,9.5,28,2,13,292,68.7,90.9,90.8,63.1,0,0,29,0,0.0,138.2,0.0,0,0,0,0,3,0,0.0,295,10.5
11,Kyle Wickersham,148418,QB,RICHMOND,1,80.8,26,27,4.0,2.24,0,0,0.0,74.1,20,0,11,4.8,30,1,9,276,73.7,83.4,62.6,86.4,0,1,33,0,18.2,99.2,6.7,2,0,0,1,2,1,3.0,169,6.3
11,Darius Perrantes,103934,QB,DUQUESNE,1,40.7,27,27,21.4,3.7,0,5,15.6,33.3,9,0,9,18.2,32,2,10,155,31.9,52.2,54.8,51.0,0,2,37,0,11.1,57.3,3.1,1,4,0,0,1,4,10.8,298,11.0
11,Collin Shannon,160918,QB,VA MILT IN,1,69.2,26,27,7.2,2.89,1,1,3.6,51.9,14,0,12,22.2,37,4,7,336,21.1,36.7,32.7,61.6,0,1,38,0,66.7,52.7,21.6,8,2,0,0,0,7,18.4,148,5.5
11,Maverick McIvor,99476,QB,ABILENE CH,1,73.1,26,26,6.5,2.57,0,0,0.0,69.2,18,0,9,5.3,33,1,11,100,32.7,65.5,75.1,49.4,0,0,33,1,11.1,100.2,3.0,1,3,0,0,1,1,3.0,172,6.6
11,Carson Conklin,170765,QB,SACRAMENTO,1,79.2,24,26,15.6,3.04,0,2,7.4,65.4,17,0,5,10.5,28,2,11,279,69.8,82.7,85.6,54.3,0,1,30,0,20.0,129.2,3.6,1,1,0,2,3,1,3.3,313,12.0
11,Mike DiLiello,121801,QB,AUSTINPEAY,1,61.5,26,26,8.0,2.56,0,2,7.1,61.5,16,0,11,0.0,36,0,12,116,71.4,74.2,70.5,68.0,0,2,39,0,45.5,91.2,13.9,5,2,0,0,2,1,2.6,276,10.6
11,Victor Gabalis,131932,QB,TARLETON,1,61.5,26,26,11.4,2.14,0,0,0.0,57.7,15,0,2,6.3,27,1,11,401,70.1,52.6,47.8,65.8,0,2,27,0,0.0,59.5,0.0,0,1,0,0,0,5,18.5,258,9.9
11,Connor Watkins,108971,QB,VILLANOVA,1,62.5,24,25,10.7,2.47,0,4,14.8,60.0,15,0,5,0.0,28,0,10,334,68.8,81.9,84.3,55.8,0,1,30,1,40.0,124.8,7.1,2,1,0,1,3,0,0.0,299,12.0
11,Carter Peevy,129563,QB,MERCER,1,80.0,25,25,5.6,2.8,0,1,3.6,72.0,18,0,5,10.0,30,2,11,219,38.8,66.6,65.4,62.7,0,0,34,0,20.0,84.8,3.3,1,4,0,0,0,1,2.9,136,5.4
11,Dom Nankil,182292,QB,SAN DIEGO,1,79.2,24,25,6.7,2.86,0,0,0.0,76.0,19,0,7,0.0,31,0,10,283,68.4,68.0,72.2,50.9,0,2,32,1,42.9,70.8,9.7,3,3,0,1,1,2,6.3,152,6.1
11,Ashur Carraha,165036,QB,STHLSK,1,60.0,25,25,11.0,2.76,0,1,3.8,48.0,12,0,11,20.0,29,3,8,1470,68.2,62.8,63.2,57.3,0,0,30,0,18.2,83.9,6.9,2,1,0,0,1,1,3.3,171,6.8
11,Chris Zellous,153319,QB,HAMPTON,1,70.8,24,24,7.4,2.5,0,0,0.0,58.3,14,0,6,17.6,26,3,9,178,44.1,49.9,57.5,49.0,0,4,28,0,0.0,52.6,0.0,0,2,0,0,1,4,14.3,159,6.6
11,Davius Richard,109077,QB,NC CENT,1,65.0,20,24,9.6,3.4,1,0,0.0,45.8,11,0,10,15.4,31,2,6,247,70.9,63.7,54.5,75.8,1,0,34,1,40.0,67.5,12.9,4,3,0,2,1,0,0.0,77,3.2
11,Tommy Schuster,108954,QB,N DAKOTA,1,78.3,23,24,7.1,3.02,1,0,0.0,66.7,16,0,13,11.1,30,2,5,249,68.8,58.2,60.9,53.4,0,1,31,0,15.4,60.4,6.7,2,4,0,0,0,2,6.5,116,4.8
11,Zachary Clement,105561,QB,SE LA,1,78.3,23,24,3.7,2.48,0,3,11.5,66.7,16,0,8,11.1,25,2,8,294,74.2,85.3,83.8,69.9,0,0,27,1,0.0,99.1,0.0,0,1,0,1,1,0,0.0,159,6.6
11,Carson Jones,159807,QB,FURMAN,1,85.7,21,24,11.0,2.37,1,3,12.5,75.0,18,0,5,0.0,26,0,9,170,67.8,83.7,85.9,56.3,1,0,26,0,20.0,143.4,3.8,1,1,1,0,4,1,3.8,226,9.4
11,Isaiah Bess,142826,QB,CHARLES SO,1,63.6,22,23,8.2,2.95,0,1,4.3,56.5,13,0,13,7.1,26,1,7,135,70.1,59.8,53.2,67.0,0,0,27,0,7.7,104.8,3.8,1,2,0,1,1,2,7.4,227,9.9
11,Patrick Heitert,126526,QB,SE MO ST,1,63.2,19,23,5.8,2.43,1,0,0.0,52.2,12,0,9,0.0,27,0,4,293,68.7,58.9,57.2,62.4,0,1,29,0,33.3,40.9,11.1,3,1,0,3,0,0,0.0,74,3.2
11,Tommy Rittenhouse,148028,QB,ILL STATE,1,71.4,21,23,12.8,2.44,1,2,8.7,60.9,14,0,6,6.7,24,1,10,188,69.9,87.6,86.5,66.9,1,0,24,0,0.0,98.6,0.0,0,1,0,0,1,0,0.0,173,7.5
11,Miles Hastings,103943,QB,UC DAVIS,1,68.2,22,23,9.0,2.43,0,1,4.0,60.9,14,0,10,6.7,23,1,7,322,68.9,61.8,60.6,60.1,1,1,25,0,0.0,57.5,0.0,0,0,0,0,0,1,4.0,126,5.5
11,Matthew Sluka,143059,QB,HOLY CROSS,1,77.3,22,23,10.9,3.04,1,1,4.2,69.6,16,0,14,5.9,32,1,10,181,53.6,74.3,67.7,69.5,0,1,33,0,28.6,99.2,12.5,4,5,0,0,2,1,3.0,156,6.8
11,Dean DeNobile,159740,QB,LAFAYETTE,1,73.9,23,23,6.7,2.33,0,0,0.0,69.6,16,0,6,5.9,25,1,8,203,70.5,71.9,74.3,58.1,0,0,25,0,0.0,99.4,0.0,0,2,0,0,1,0,0.0,137,6.0
11,Jace Wilson,149892,QB,TEXAS STHN,1,87.0,23,23,10.3,2.67,0,1,4.3,73.9,17,0,4,15.0,26,3,10,313,28.0,84.0,90.0,55.3,0,0,26,1,75.0,130.3,11.5,3,0,0,0,1,1,3.8,288,12.5
11,Steven Krajewski,77650,QB,WAGNER,1,63.6,22,23,8.5,2.26,1,0,0.0,52.2,12,0,11,14.3,27,2,7,338,27.4,35.4,33.8,57.3,0,0,28,0,27.3,79.1,11.1,3,1,0,0,1,5,17.9,105,4.6
11,Dante Perri,143112,QB,LEHIGH,1,47.6,21,22,17.0,2.36,1,3,13.0,45.5,10,0,5,0.0,24,0,7,205,68.3,80.4,82.3,55.6,0,0,25,0,20.0,97.9,4.2,1,1,0,0,2,0,0.0,146,6.6
11,DJ Williams,138061,QB,MURRAY ST,1,76.2,21,22,8.2,3.33,0,0,0.0,72.7,16,0,12,0.0,28,0,10,236,69.7,73.9,79.9,52.9,0,3,29,0,25.0,46.4,10.7,3,3,0,1,0,0,0.0,123,5.6
11,Angel Flores,164493,QB,N ARIZONA,1,86.4,22,22,5.5,2.21,0,2,9.1,81.8,18,0,3,5.3,22,1,8,252,74.0,82.7,90.4,61.2,0,0,22,0,0.0,113.4,0.0,0,0,0,0,1,0,0.0,167,7.6
11,Colby Suits,82143,QB,HOUCHR,1,70.0,20,22,14.2,3.01,1,3,13.6,45.5,10,0,9,28.6,23,4,6,183,71.7,89.2,81.1,78.4,0,0,23,0,11.1,80.7,4.3,1,0,0,1,1,2,8.7,135,6.1
11,Damon Stewart,156626,QB,ALABAMA ST,1,68.4,19,21,8.7,1.97,0,0,0.0,57.1,12,0,4,7.7,21,1,4,105,25.9,49.7,58.7,39.5,1,0,21,0,0.0,94.9,0.0,0,0,0,1,1,0,0.0,148,7.0
11,Nathan Kent,148446,QB,TOWSON,1,52.6,19,21,11.2,3.1,1,1,4.5,47.6,10,0,3,0.0,26,0,5,317,19.3,47.5,64.1,32.6,0,0,27,0,33.3,54.3,3.8,1,4,0,1,0,0,0.0,53,2.5
11,Kasim Hill,60444,QB,RHODE ISLD,1,70.6,17,21,9.0,3.02,1,0,0.0,52.4,11,0,10,8.3,24,1,7,274,30.0,36.6,42.0,44.4,0,1,26,1,0.0,68.9,0.0,0,3,0,3,1,3,11.5,137,6.5
11,Cam Miller,125299,QB,N DAK ST,1,80.0,20,20,14.3,3.17,0,4,19.0,80.0,16,0,4,0.0,22,0,11,250,70.9,90.8,92.9,58.1,0,0,23,0,0.0,116.7,0.0,0,2,0,0,0,0,0.0,240,12.0
11,Cade Chambers,148066,QB,INDIANA ST,1,57.9,19,20,7.4,2.54,0,0,0.0,55.0,11,0,7,0.0,22,0,6,191,25.2,37.9,37.2,56.3,0,0,23,0,14.3,92.5,4.5,1,1,0,1,1,2,8.7,134,6.7
11,Preston Weeks,77658,QB,STF AUSTIN,1,65.0,20,20,11.4,2.43,0,2,9.5,60.0,12,0,3,7.7,22,1,7,301,68.1,80.9,80.6,61.7,0,1,23,0,33.3,100.8,4.5,1,1,0,0,2,0,0.0,174,8.7
11,Jackson Proctor,148851,QB,DARTMOUTH,1,72.2,18,19,8.5,2.96,0,2,10.5,68.4,13,0,4,0.0,21,0,6,148,67.9,78.4,81.4,55.5,0,0,21,0,25.0,109.3,4.8,1,1,0,1,1,0,0.0,149,7.8
11,Graeson Underwood,123202,QB,CITADEL,1,57.9,19,19,11.4,2.68,0,0,0.0,36.8,7,0,9,36.4,21,4,5,139,27.2,53.1,50.1,60.6,0,1,21,1,0.0,29.9,0.0,0,2,0,0,0,2,9.5,87,4.6
11,Matt Jenner,174488,QB,CENT CT ST,1,81.3,16,19,9.2,3.19,0,1,4.5,63.2,12,0,9,7.7,25,1,12,133,29.9,54.7,40.8,73.5,1,2,28,0,33.3,84.4,12.0,3,3,0,2,2,4,14.3,156,8.2
11,Justin Miller,103941,QB,SO UTAH,1,76.5,17,19,13.5,2.96,0,3,15.8,68.4,13,0,6,0.0,24,0,13,298,25.6,70.7,65.6,69.3,1,1,24,0,50.0,125.7,12.5,3,2,0,1,4,3,12.5,223,11.7
11,JR Blood,104782,QB,SOUTHERN U,1,83.3,18,19,8.7,2.52,0,2,10.0,73.7,14,0,10,6.7,25,1,7,297,69.1,82.0,88.1,55.8,1,0,27,0,20.0,113.0,8.0,2,3,0,0,1,0,0.0,146,7.7
11,Jaylen King,170801,QB,GARD-WEBB,1,68.4,19,19,11.7,3.01,0,0,0.0,63.2,12,0,11,7.7,28,1,4,171,68.7,54.5,59.1,48.8,0,0,29,0,45.5,131.8,17.9,5,3,0,0,3,1,3.4,171,9.0
11,Junior Muratovic,150858,QB,FL A&M,1,58.8,17,18,10.7,2.91,0,4,20.0,44.4,8,0,6,20.0,22,2,5,164,26.3,75.1,82.4,43.1,1,0,24,0,16.7,58.1,4.5,1,1,0,0,0,0,0.0,82,4.6
11,Tyler Szalkowski,148497,QB,ROB MORRIS,1,72.2,18,18,6.1,2.82,0,1,5.6,61.1,11,0,14,15.4,21,2,8,277,67.9,69.3,60.9,73.7,0,2,21,0,7.1,36.1,4.8,1,2,0,0,0,0,0.0,98,5.4
11,Eli Brickhandler,160410,QB,NC A&T,1,76.5,17,18,8.5,3.1,1,0,0.0,61.1,11,0,8,15.4,24,2,8,246,72.9,67.5,67.3,61.7,0,0,26,0,37.5,103.7,12.5,3,3,0,0,1,0,0.0,139,7.7
11,Richie Munoz,173668,QB,WEBER ST,1,64.7,17,18,8.5,2.74,0,2,10.5,55.6,10,0,4,9.1,20,1,5,342,68.6,60.5,67.5,50.8,0,0,21,1,0.0,102.1,0.0,0,2,0,1,1,1,4.8,152,8.4
11,Aaron Angelos,100576,QB,DELWARE ST,1,69.2,13,17,9.9,3.05,0,0,0.0,52.9,9,0,5,0.0,18,0,4,152,67.7,49.4,47.6,60.0,0,2,19,1,20.0,55.4,5.6,1,0,0,4,1,1,5.3,119,7.0
11,Mekhi Hagens,167009,QB,ARKAPB,1,75.0,16,17,5.9,2.61,0,0,0.0,58.8,10,0,6,16.7,22,2,4,112,27.6,53.0,53.2,56.1,0,1,22,1,33.3,46.4,9.1,2,3,0,1,0,1,4.5,81,4.8
11,Nic Baker,87541,QB,S ILLINOIS,1,81.3,16,17,6.2,2.9,1,0,0.0,70.6,12,0,9,7.7,23,1,7,295,69.9,65.6,64.6,61.8,0,0,24,0,33.3,88.8,13.0,3,3,0,0,0,0,0.0,114,6.7
11,Dante Chachere,103930,QB,PORTLAND,1,70.6,17,17,12.9,2.63,0,2,11.1,70.6,12,0,7,0.0,21,0,7,269,70.3,64.3,59.1,67.7,0,0,22,0,42.9,120.2,14.3,3,1,0,0,1,1,4.5,162,9.5
11,Amari Powell,165320,QB,STTHOM,1,56.3,16,17,11.1,2.59,0,0,0.0,52.9,9,0,5,0.0,22,0,5,1129,69.3,71.0,67.6,66.5,0,1,23,0,80.0,63.1,18.2,4,1,0,1,1,1,4.3,89,5.2
11,Ty'Jarian Williams,178887,QB,MS VLY ST,1,70.6,17,17,3.4,2.26,0,0,0.0,64.7,11,0,6,8.3,20,1,1,228,68.5,46.2,45.7,56.9,0,0,20,0,33.3,68.5,10.0,2,1,0,0,0,1,5.0,43,2.5
11,Pat McQuaide,145792,QB,NICHOLLS,1,78.6,14,16,10.9,2.31,0,2,11.8,56.3,9,0,3,18.2,19,2,6,243,70.3,93.3,90.6,85.2,0,0,20,0,33.3,115.9,5.3,1,2,0,2,3,0,0.0,105,6.6
11,Tyler Hughes,159218,QB,WM & MARY,1,42.9,14,16,15.1,3.58,0,0,0.0,37.5,6,0,7,0.0,23,0,9,348,69.4,47.3,35.4,66.6,0,0,24,0,14.3,115.4,4.3,1,6,0,2,2,2,8.3,163,10.2
11,Bryce Patterson,160569,QB,MOREHEAD,1,92.9,14,16,13.4,2.25,1,6,33.3,62.5,10,0,10,23.1,19,3,10,234,32.1,90.4,93.7,54.1,0,0,21,0,20.0,145.8,10.5,2,0,0,1,6,1,4.8,240,15.0
11,Draylen Ellis,121346,QB,TENN STATE,1,62.5,16,16,11.1,3.16,0,0,0.0,62.5,10,0,6,0.0,18,0,6,308,71.2,52.2,51.6,57.5,0,1,18,0,0.0,66.7,0.0,0,2,0,0,1,2,11.1,68,4.3
11,Brian Maurer,99123,QB,STF AUSTIN,1,53.3,15,16,10.3,2.63,0,2,11.8,43.8,7,0,6,12.5,19,1,3,301,70.8,59.2,63.6,54.4,0,0,20,0,50.0,68.8,15.8,3,0,0,1,0,0,0.0,116,7.3
11,Trazon Connley,75885,QB,PRVIEW A&M,1,75.0,16,16,11.8,2.7,0,2,11.8,62.5,10,0,6,16.7,23,2,7,270,74.3,91.2,86.5,78.7,0,0,24,0,50.0,122.9,13.0,3,4,0,0,1,0,0.0,184,11.5
11,Malakai Anthony,142524,QB,MERRIMACK,1,80.0,15,15,13.5,2.82,0,4,26.7,73.3,11,0,5,8.3,17,1,7,385,71.2,90.8,91.4,68.6,0,0,17,0,20.0,154.9,5.9,1,1,0,0,3,0,0.0,190,12.7
11,Keali'i Ah Yat,178141,QB,MONTANA,1,71.4,14,15,8.2,3.03,0,1,6.3,66.7,10,0,7,0.0,17,0,6,232,66.8,63.1,62.2,,0,0,18,0,28.6,94.0,11.8,2,0,0,1,0,1,5.6,131,8.7
11,Deveon Bryant,89422,QB,TENN STATE,1,73.3,15,15,8.0,2.76,0,0,0.0,66.7,10,0,8,9.1,18,1,7,308,70.2,60.4,63.5,55.3,0,0,19,0,25.0,103.7,11.1,2,1,0,0,1,1,5.3,86,5.7
11,Tyler Wesley,162286,QB,PRESBYTERN,1,71.4,14,15,8.1,2.96,1,1,5.9,40.0,6,0,9,40.0,21,4,4,271,21.2,70.0,60.6,71.4,0,0,23,0,55.6,74.6,23.8,5,1,0,0,1,1,4.3,61,4.1
11,Corey Fields Jr.,78539,QB,SCAR STATE,1,46.2,13,14,14.1,2.49,0,0,0.0,28.6,4,0,2,33.3,14,2,3,290,70.0,46.7,42.8,59.0,0,2,15,0,0.0,27.4,0.0,0,0,0,1,1,2,13.3,54,3.9
11,Rowan Keefe,165386,QB,VALPO,1,53.8,13,14,8.5,2.79,0,0,0.0,50.0,7,0,6,0.0,15,0,5,332,24.1,44.8,40.7,62.8,1,3,16,0,16.7,28.6,6.7,1,0,0,0,0,4,25.0,82,5.9
11,Josh Magana,174601,QB,TXAMCO,1,53.8,13,14,14.5,2.89,1,1,6.7,50.0,7,0,7,0.0,16,0,6,1139,67.4,61.4,61.3,59.6,0,2,17,0,28.6,66.4,12.5,2,0,0,0,1,2,11.8,129,9.2
11,Tahj Smith,173837,QB,MORGAN ST,1,38.5,13,14,10.5,3.69,0,0,0.0,35.7,5,0,12,0.0,20,0,5,235,27.8,49.0,40.1,61.3,0,0,21,0,16.7,57.4,10.0,2,4,0,1,0,1,4.8,86,6.1
11,Clifton McDowell,98003,QB,MONTANA,1,69.2,13,14,10.2,3.17,0,2,10.5,64.3,9,0,5,0.0,17,0,7,232,70.4,90.9,76.5,86.9,0,0,23,1,0.0,93.5,0.0,0,3,0,1,0,0,0.0,127,9.1
11,Brayten Silbor,159764,QB,LEHIGH,1,66.7,12,12,7.3,1.98,0,0,0.0,58.3,7,0,1,12.5,12,1,3,205,66.8,54.2,53.9,59.7,0,0,12,0,0.0,75.0,0.0,0,0,0,0,0,0,0.0,70,5.8
11,Damien Mazil,159562,QB,WAGNER,1,75.0,12,12,6.8,2.39,0,0,0.0,66.7,8,0,3,11.1,13,1,4,338,66.0,55.1,57.2,57.0,0,1,13,0,0.0,44.4,0.0,0,1,0,0,0,1,7.7,62,5.2
11,Pauly Seeley V,178692,QB,WOFFORD,1,81.8,11,12,3.7,2.27,0,0,0.0,58.3,7,0,2,22.2,13,2,2,350,28.2,36.4,27.2,71.2,0,1,13,1,50.0,30.6,7.7,1,0,0,1,0,2,15.4,42,3.5
11,Chancellor Edwards,167000,QB,ARKAPB,1,50.0,12,12,11.8,2.88,0,1,7.7,41.7,5,0,6,16.7,16,1,3,112,67.5,59.4,64.5,51.7,0,1,17,0,33.3,56.9,12.5,2,2,0,0,1,1,5.9,78,6.5
11,Cameron Sapp,102361,QB,NORFOLK,1,90.9,11,12,21.0,2.92,0,2,15.4,66.7,8,0,3,20.0,13,2,7,244,72.9,91.7,93.3,66.2,1,0,14,1,33.3,149.3,7.7,1,0,0,0,2,0,0.0,174,14.5
11,Hunter Simmons,148254,QB,S ILLINOIS,1,50.0,12,12,10.2,2.92,0,0,0.0,33.3,4,0,4,33.3,13,2,3,295,66.0,41.5,43.2,57.3,0,1,13,0,0.0,8.0,0.0,0,1,0,0,0,1,7.7,37,3.1
11,Walter Simmons III,151059,QB,BETH COOK,1,58.3,12,12,6.3,2.86,0,0,0.0,41.7,5,0,4,28.6,17,2,4,119,32.2,69.1,50.8,72.7,0,1,17,0,50.0,14.6,11.8,2,3,0,0,0,0,0.0,30,2.5
11,Jordan Reed,159013,QB,MONTANA ST,1,63.6,11,11,8.4,2.56,0,0,0.0,63.6,7,0,5,0.0,14,0,2,233,68.0,65.1,61.7,63.8,0,0,14,0,40.0,77.5,14.3,2,1,0,0,0,0,0.0,59,5.4
11,Chris Howell,171592,QB,LIUSHAR,1,50.0,10,10,16.9,2.65,0,0,0.0,50.0,5,0,2,0.0,11,0,5,1298,68.6,60.9,56.4,64.8,0,0,13,0,0.0,123.8,0.0,0,1,0,0,1,0,0.0,112,11.2
11,Hunter Hays,141593,QB,IDAHO ST,1,88.9,9,10,7.7,2.49,1,2,20.0,60.0,6,0,3,25.0,11,2,3,186,68.5,80.0,91.0,50.2,0,0,11,0,0.0,100.4,0.0,0,1,0,0,1,0,0.0,36,3.6
11,Jonathan Murphy,104766,QB,KENNESAW,1,88.9,9,9,11.2,2.64,0,1,11.1,77.8,7,0,3,12.5,10,1,5,200,68.4,82.3,76.7,70.3,0,0,10,0,0.0,158.3,0.0,0,0,0,0,2,0,0.0,132,14.7
11,Jahrik Jones,183032,QB,TXAMCO,1,77.8,9,9,2.7,2.38,0,0,0.0,77.8,7,0,5,0.0,13,0,2,1139,24.5,53.6,46.0,67.9,0,0,15,0,80.0,112.0,30.8,4,0,0,0,0,1,6.7,98,10.9
11,Nick Minicucci,173617,QB,DELAWARE,1,62.5,8,9,11.0,2.93,0,0,0.0,55.6,5,0,3,0.0,11,0,3,151,69.2,78.8,74.6,67.9,1,0,11,0,33.3,80.8,9.1,1,1,0,0,0,0,0.0,70,7.8
11,Jeffrey Jackson,143208,QB,VALPO,1,75.0,8,9,5.8,3.08,1,0,0.0,66.7,6,0,3,0.0,10,0,2,332,67.5,68.6,67.9,61.3,0,0,10,0,0.0,72.0,0.0,0,1,0,0,0,0,0.0,31,3.4
11,Bennett Judy,177955,QB,W CAROLINA,1,100.0,7,8,7.1,2.6,1,1,12.5,75.0,6,0,0,14.3,8,1,4,344,64.9,81.1,80.5,,0,0,8,0,,101.6,0.0,0,0,0,0,0,0,0.0,71,8.9
11,Haynes Eller,149869,QB,E TENN ST,1,50.0,8,8,7.6,2.21,0,1,12.5,37.5,3,0,2,25.0,8,1,2,157,66.2,79.5,76.0,60.0,0,1,8,1,0.0,29.2,0.0,0,0,0,0,0,1,12.5,68,8.5
11,Tylik Bethea,108957,QB,BETH COOK,1,57.1,7,7,10.7,2.26,0,0,0.0,57.1,4,0,2,0.0,8,0,1,119,66.2,58.7,55.3,62.4,0,0,8,0,50.0,72.9,12.5,1,0,0,0,0,0,0.0,39,5.6
11,Jaydyn Sisk,178882,QB,MS VLY ST,1,71.4,7,7,5.1,2.49,0,0,0.0,71.4,5,0,2,0.0,9,0,3,228,18.2,29.0,28.3,54.8,0,1,9,0,50.0,47.6,11.1,1,1,0,0,0,3,33.3,43,6.1
11,Noah Bodden,150881,QB,SOUTHERN U,1,66.7,6,7,21.2,2.88,1,0,0.0,57.1,4,0,2,0.0,8,0,3,297,64.9,54.2,53.2,,0,0,8,0,50.0,101.8,12.5,1,0,0,0,0,1,12.5,106,15.1
11,Zach Tanner,159923,QB,ROB MORRIS,1,83.3,6,7,10.7,3.67,0,1,14.3,57.1,4,0,6,20.0,12,1,5,277,23.9,90.5,89.2,72.9,0,0,12,0,16.7,74.1,8.3,1,4,0,1,0,0,0.0,41,5.9
11,Luke Durkin,149464,QB,DAVIDSON,1,50.0,6,6,12.2,2.38,0,0,0.0,50.0,3,0,2,0.0,6,0,1,149,64.2,36.2,36.0,,0,1,6,0,0.0,19.4,0.0,0,0,0,0,0,1,16.7,22,3.7
11,Mirko Martos,183013,QB,TXAMCO,1,33.3,6,6,9.8,2.59,0,0,0.0,33.3,2,0,2,0.0,7,0,0,1139,65.9,37.8,35.9,59.6,0,2,7,0,50.0,2.8,14.3,1,0,0,0,0,2,28.6,6,1.0
11,Ty Englehart,162239,QB,PRESBYTERN,1,66.7,3,6,0.3,2.15,1,0,0.0,33.3,2,0,2,0.0,6,0,0,271,69.7,67.2,48.2,73.6,1,0,7,0,0.0,42.4,0.0,0,0,0,1,0,0,0.0,6,1.0
11,Eli Sawyer,141870,QB,SE LA,1,50.0,6,6,8.0,2.24,0,0,0.0,33.3,2,0,2,33.3,7,1,2,294,65.9,63.8,63.9,59.6,0,0,7,0,50.0,50.7,14.3,1,0,0,0,0,0,0.0,30,5.0
11,Luca Stanzani,159449,QB,LIUSHAR,1,80.0,5,6,3.8,2.75,1,0,0.0,66.7,4,0,7,0.0,8,0,4,1298,64.9,65.5,59.4,64.0,0,0,8,0,14.3,149.3,12.5,1,1,0,0,2,0,0.0,87,14.5
11,Jared Taylor,170695,QB,E WASHGTON,1,100.0,3,5,-0.7,3.13,0,0,0.0,60.0,3,0,2,0.0,6,0,0,161,71.7,54.6,57.1,56.5,0,0,6,0,50.0,64.6,16.7,1,0,0,2,0,0,0.0,8,1.6
11,Greg Menne,171803,QB,SE MO ST,1,60.0,5,5,19.6,3.23,0,1,20.0,60.0,3,0,0,0.0,6,0,1,293,64.2,63.0,67.1,57.3,0,1,6,0,,104.2,0.0,0,1,0,0,1,1,16.7,91,18.2
11,William Riddle,161252,QB,E TENN ST,1,60.0,5,5,10.2,2.28,0,1,16.7,40.0,2,0,1,33.3,5,1,2,157,15.4,43.6,53.0,60.0,0,1,6,0,0.0,47.9,0.0,0,0,0,0,0,1,16.7,64,12.8
11,Tommy Mellott,147646,QB,MONTANA ST,1,100.0,4,4,10.5,2.28,0,1,20.0,100.0,4,0,0,0.0,4,0,3,233,69.7,90.8,87.5,72.5,0,0,5,0,,158.3,0.0,0,0,0,0,1,0,0.0,98,24.5
11,Brody Palhegyi,150004,QB,W CAROLINA,1,50.0,4,4,21.8,3.4,0,1,25.0,50.0,2,0,1,0.0,6,0,3,344,65.7,68.8,62.8,66.0,0,0,6,0,0.0,128.1,0.0,0,2,0,0,1,1,16.7,43,10.8
11,Ridge Docekal,158965,QB,BRYANT,1,50.0,4,4,15.0,2.78,0,0,0.0,50.0,2,0,1,0.0,4,0,1,124,65.2,68.0,62.5,63.5,0,0,4,0,0.0,56.3,0.0,0,0,0,0,0,0,0.0,10,2.5
11,Matt O'Connor,108972,QB,STETSON,1,0.0,3,4,26.0,3.58,0,0,0.0,0.0,0,0,4,,6,0,0,302,64.2,33.9,34.5,57.3,1,0,6,0,25.0,39.6,16.7,1,1,0,0,0,1,16.7,0,0.0
11,Chase Mason,159444,QB,S DAK ST,1,75.0,4,4,12.8,2.75,0,0,0.0,75.0,3,0,2,0.0,4,0,3,292,67.8,70.0,70.4,61.6,0,0,4,0,0.0,94.8,0.0,0,0,0,0,0,0,0.0,29,7.3
11,Sean Chambers,75888,QB,MONTANA ST,1,100.0,4,4,18.8,2.83,0,1,25.0,100.0,4,0,1,0.0,4,0,3,233,69.7,85.6,86.6,66.2,0,0,4,0,0.0,158.3,0.0,0,0,0,0,3,0,0.0,119,29.8
11,Caden Bell,71181,QB,COLUMBIA,1,66.7,3,3,14.7,3.45,0,0,0.0,66.7,2,0,1,0.0,4,0,1,145,65.2,78.6,88.8,55.7,0,0,4,0,0.0,149.3,0.0,0,1,0,0,1,0,0.0,48,16.0
11,Matt Vezza,176960,QB,NEW HAMP,1,50.0,2,2,22.5,3.87,0,0,0.0,50.0,1,0,3,0.0,3,0,2,240,64.8,66.2,48.5,71.4,0,0,3,0,0.0,135.4,0.0,0,1,0,0,1,0,0.0,38,19.0
11,Charles Watson,139046,QB,FURMAN,1,100.0,2,2,-2.5,2.15,0,0,0.0,50.0,1,0,0,50.0,2,1,0,170,61.8,63.7,62.6,,0,0,2,0,,56.3,0.0,0,0,0,0,0,0,0.0,0,0.0
11,Taron Dickens,177946,QB,W CAROLINA,1,50.0,2,2,22.5,1.9,0,1,50.0,50.0,1,0,0,0.0,2,0,1,344,61.8,75.1,74.6,,0,0,2,0,,95.8,0.0,0,0,0,0,0,0,0.0,36,18.0
11,Marqui Adams,161340,QB,DELWARE ST,1,0.0,2,2,17.0,4.07,0,0,0.0,0.0,0,0,2,,3,0,0,152,62.7,41.9,41.4,,0,1,3,0,50.0,0.0,33.3,1,0,0,0,0,1,33.3,0,0.0
11,Christian Mathis,174849,WR,E TENN ST,1,50.0,2,2,15.0,4.05,0,0,0.0,0.0,0,0,0,100.0,2,1,0,157,61.8,59.6,59.4,,0,1,2,0,,0.0,0.0,0,0,0,0,0,0,0.0,0,0.0
11,Davis Bryson,160369,QB,KENNESAW,1,50.0,2,2,7.0,4.07,0,0,0.0,50.0,1,0,0,0.0,3,0,2,200,68.8,73.5,56.8,70.8,0,0,3,0,,91.7,0.0,0,1,0,0,0,0,0.0,23,11.5
11,Blaine Hipa,167662,QB,PRINCETON,1,100.0,1,1,3.0,2.6,0,0,0.0,100.0,1,0,0,0.0,1,0,1,272,67.5,80.3,73.3,66.7,0,0,1,0,,118.8,0.0,0,0,0,0,1,0,0.0,3,3.0
11,Anthony Johnson,156709,WR,STNY BROOK,1,,0,1,,4.1,0,0,0.0,0.0,0,0,0,,1,0,0,303,66.4,74.6,60.0,,0,0,1,1,,39.6,0.0,0,0,0,1,0,0,0.0,0,0.0
11,Isaiah Davis,123307,WR,STF AUSTIN,1,0.0,1,1,35.0,3.7,0,0,0.0,0.0,0,0,0,,1,0,0,301,65.3,60.2,37.0,,0,0,1,1,,39.6,0.0,0,0,0,0,0,1,100.0,0,0.0
11,Dylan Van,126536,HB,W ILLINOIS,1,0.0,1,1,18.0,2.2,0,0,0.0,0.0,0,0,1,,1,0,0,345,75.4,69.7,57.7,69.5,0,1,1,0,0.0,0.0,0.0,0,0,0,0,0,0,0.0,0,0.0
11,Jacory Jordan,150859,QB,FL A&M,1,100.0,1,1,13.0,3.0,0,0,0.0,100.0,1,0,1,0.0,1,0,1,164,9.1,50.7,72.6,56.0,0,0,1,0,0.0,118.8,0.0,0,0,0,0,0,0,0.0,13,13.0
11,Trenton Leary,132721,WR,TEXAS STHN,1,100.0,1,1,14.0,4.2,0,0,0.0,100.0,1,0,0,0.0,1,0,1,313,69.6,72.6,72.6,,0,0,1,0,,158.3,0.0,0,0,0,0,1,0,0.0,15,15.0
11,Ryan Roberts,150076,QB,MCNEESE,1,100.0,1,1,-1.0,2.8,0,0,0.0,100.0,1,0,0,0.0,1,0,1,217,60.3,76.5,69.2,,0,0,1,0,,112.5,0.0,0,0,0,0,0,0,0.0,11,11.0
11,Nehuel Garcia,172644,QB,FURMAN,1,100.0,1,1,-4.0,0.5,0,0,0.0,100.0,1,0,0,0.0,1,0,0,170,60.3,61.6,61.0,,0,0,1,0,,79.2,0.0,0,0,0,0,0,0,0.0,0,0.0
11,Hunter Rice,149970,HB,VA MILT IN,1,100.0,1,1,-4.0,1.1,0,0,0.0,100.0,1,0,0,0.0,1,0,1,336,75.4,61.2,60.6,59.8,0,0,1,0,,112.5,0.0,0,0,0,0,0,0,0.0,11,11.0
11,Jayden Stinson,138056,QB,MURRAY ST,1,0.0,1,1,16.0,3.0,0,0,0.0,0.0,0,0,0,,1,0,0,236,60.3,49.0,48.5,,0,0,1,0,,39.6,0.0,0,0,0,0,0,0,0.0,0,0.0
11,Isaiah Davis,138299,HB,S DAK ST,1,0.0,1,1,-4.0,4.1,0,0,0.0,0.0,0,0,1,,1,0,0,292,76.4,83.3,57.7,86.7,0,0,1,0,0.0,39.6,0.0,0,0,0,0,0,0,0.0,0,0.0
11,Re-al Mitchell,77670,WR,SAN DIEGO,1,100.0,1,1,-4.0,1.1,0,0,0.0,100.0,1,0,0,0.0,1,0,0,283,68.2,61.5,60.6,59.6,0,0,1,0,,79.2,0.0,0,0,0,0,0,0,0.0,0,0.0
11,DJ Arroyo,149644,QB,MARIST,1,0.0,1,1,35.0,2.4,0,0,0.0,0.0,0,0,0,,1,0,0,213,60.3,57.9,58.0,,0,1,1,0,,0.0,0.0,0,0,0,0,0,0,0.0,0,0.0
11,Jalynnee McGee,143755,HB,PORTLAND,1,0.0,1,1,32.0,2.9,0,0,0.0,0.0,0,0,1,,1,0,0,269,63.7,57.9,50.1,63.1,0,0,1,0,0.0,39.6,0.0,0,0,0,0,0,0,0.0,0,0.0
11,Bryce Corriston,139140,QB,WOFFORD,1,0.0,1,1,30.0,3.2,0,0,0.0,0.0,0,0,0,,2,0,0,350,61.8,59.9,49.9,64.0,0,0,2,0,,39.6,0.0,0,1,0,0,0,0,0.0,0,0.0
11,Xander Werner,141661,TE,N ARIZONA,1,100.0,1,1,27.0,3.8,0,0,0.0,100.0,1,0,0,0.0,1,0,1,252,63.7,69.1,76.2,,0,0,1,0,,158.3,0.0,0,0,0,0,1,0,0.0,30,30.0
11,Nick Tanzola,178124,K,STHLSK,1,100.0,1,1,-13.0,3.2,0,0,0.0,100.0,1,0,1,0.0,1,0,0,1470,60.3,60.6,60.6,,0,0,1,0,0.0,79.2,0.0,0,0,0,0,0,0,0.0,-13,-13.0
11,Nate Lussier,148637,QB,BROWN,1,0.0,1,1,14.0,2.5,0,0,0.0,0.0,0,0,0,,1,0,0,123,63.7,59.0,53.7,62.6,0,0,1,0,,39.6,0.0,0,0,0,0,0,0,0.0,0,0.0
11,Lan Larison,142157,HB,UC DAVIS,1,0.0,1,1,11.0,3.7,0,0,0.0,0.0,0,0,0,,1,0,0,322,79.2,79.8,47.3,81.0,0,0,1,0,,39.6,0.0,0,0,0,0,0,0,0.0,0,0.0
11,Davon Wells,142483,WR,LIUSHAR,1,100.0,1,1,4.0,2.1,0,0,0.0,100.0,1,0,0,0.0,1,0,0,1298,74.6,70.5,60.4,63.0,0,0,1,0,,83.3,0.0,0,0,0,0,0,0,0.0,4,4.0
11,Caleb Brickhouse,147756,P,NC A&T,1,0.0,1,1,23.0,2.4,0,0,0.0,0.0,0,0,0,,1,0,0,246,60.3,54.9,52.5,,0,0,1,0,,39.6,0.0,0,0,0,0,0,0,0.0,0,0.0
11,Kaiden Bennett,147778,QB,SACRAMENTO,1,100.0,1,1,-3.0,1.1,0,0,0.0,100.0,1,0,0,0.0,1,0,0,279,60.3,61.3,60.4,,0,0,1,0,,79.2,0.0,0,0,0,0,0,0,0.0,0,0.0
11,Chase Belcher,164410,HB,N ARIZONA,1,0.0,1,1,22.0,5.6,0,0,0.0,0.0,0,0,1,,1,0,0,252,70.6,60.1,50.4,60.9,0,0,1,0,0.0,39.6,0.0,0,0,0,0,0,0,0.0,0,0.0
11,PJ London,164424,QB,N ARIZONA,1,100.0,1,1,-5.0,2.1,0,0,0.0,100.0,1,0,0,0.0,1,0,0,252,60.3,61.1,60.6,,0,0,1,0,,83.3,0.0,0,0,0,0,0,0,0.0,4,4.0
11,Liam O'Brien,164675,QB,PENN,1,,0,1,,1.7,0,0,0.0,0.0,0,0,1,,1,0,0,267,65.9,53.7,60.0,57.7,1,0,1,0,0.0,39.6,0.0,0,0,0,0,0,0,0.0,0,0.0
11,Tanner Maddocks,160443,QB,VILLANOVA,1,100.0,1,1,-1.0,2.2,0,0,0.0,100.0,1,0,0,0.0,1,0,0,334,63.7,57.5,61.0,57.5,0,0,1,0,,79.2,0.0,0,0,0,0,0,0,0.0,1,1.0
11,Savon Smith,104833,HB,RICHMOND,1,100.0,1,1,-5.0,3.7,0,0,0.0,100.0,1,0,1,0.0,1,0,1,276,77.6,76.3,60.4,74.3,0,0,1,0,0.0,118.8,0.0,0,0,0,0,0,0,0.0,16,16.0
11,Travis Theis,104837,HB,S DAKOTA,1,100.0,1,1,-3.0,1.1,0,0,0.0,100.0,1,0,0,0.0,1,0,1,291,75.8,82.0,60.4,74.8,0,0,1,0,,118.8,0.0,0,0,0,0,0,0,0.0,25,25.0
11,Nick Howard,108979,QB,DARTMOUTH,1,100.0,1,1,21.0,3.1,0,0,0.0,100.0,1,0,0,0.0,1,0,1,148,75.8,83.4,77.7,72.3,0,0,1,0,,118.8,0.0,0,0,0,0,0,0,0.0,27,27.0
11,Bo Kelly,158923,QB,CAL POLY,1,100.0,1,1,6.0,1.6,0,0,0.0,100.0,1,0,0,0.0,1,0,1,129,60.3,61.0,60.9,,0,0,1,0,,112.5,0.0,0,0,0,0,0,0,0.0,11,11.0
11,TJ Goodwin,100826,QB,LINCOK,1,65.4,26,28,7.0,2.56,0,0,0.0,53.6,15,0,14,11.8,31,2,7,1452,70.8,59.2,60.2,56.6,0,2,32,0,14.3,39.9,6.5,2,1,0,2,0,0,0.0,154,5.5
11,Seth Morgan,103954,QB,SHPHRD,1,85.7,21,21,9.5,2.36,0,2,9.5,85.7,18,0,1,0.0,22,0,13,1095,68.0,88.8,86.6,65.6,0,1,22,0,0.0,138.5,0.0,0,1,0,0,4,1,4.5,296,14.1
11,C.J. Brooks,168854,QB,VA LYNCHBU,1,66.7,18,19,6.3,2.76,0,0,0.0,52.6,10,0,19,16.7,27,2,1,406,34.0,51.5,48.6,62.0,1,1,27,0,31.6,36.5,22.2,6,2,0,0,0,0,0.0,50,2.6
week,player,player_id,position,team_name,player_game_count,accuracy_percent,aimed_passes,attempts,avg_depth_of_target,avg_time_to_throw,bats,big_time_throws,btt_rate,completion_percent,completions,declined_penalties,def_gen_pressures,drop_rate,dropbacks,drops,first_downs,franchise_id,grades_hands_fumble,grades_offense,grades_pass,grades_run,hit_as_threw,interceptions,passing_snaps,penalties,pressure_to_sack_rate,qb_rating,sack_percent,sacks,scrambles,spikes,thrown_aways,touchdowns,turnover_worthy_plays,twp_rate,yards,ypa
12,T.J. Finley,124093,QB,TEXAS ST,1,70.9,55,56,10.1,2.62,0,1,1.7,67.9,38,0,15,2.6,59,1,17,314,43.5,60.9,61.3,55.1,0,2,61,0,13.3,89.1,3.4,2,1,0,1,3,6,9.8,369,6.6
12,Bryson Barnes,131845,QB,UTAH,1,68.1,47,54,10.0,3.45,1,3,5.4,57.4,31,0,34,3.1,66,1,20,328,72.7,79.7,75.8,71.0,1,2,69,1,11.8,71.5,6.1,4,8,0,5,2,1,1.4,320,5.9
12,Seth Henigan,144267,QB,MEMPHIS,1,75.5,49,51,8.8,2.5,0,3,5.5,68.6,35,0,11,5.4,55,2,19,218,44.3,76.8,81.1,46.8,0,0,59,0,18.2,104.8,3.6,2,2,0,2,2,0,0.0,397,7.8
12,Joey Aguilar,174978,QB,APP STATE,1,70.5,44,48,10.8,2.47,0,2,4.1,58.3,28,0,14,9.7,49,3,20,108,70.4,72.7,72.1,60.1,1,1,50,1,7.1,90.3,2.0,1,0,0,3,3,2,4.0,316,6.6
12,John Paddock,77689,QB,ILLINOIS,1,53.5,43,47,9.6,2.21,4,0,0.0,46.8,22,0,17,4.3,48,1,14,187,39.6,49.6,49.0,59.3,0,0,51,0,5.9,60.2,2.1,1,0,0,0,0,3,5.9,215,4.6
12,Jordan McCloud,101058,QB,JAMES MAD,1,65.1,43,46,9.5,3.19,0,2,4.2,58.7,27,0,23,3.6,56,1,19,197,25.5,51.7,53.7,51.5,1,1,58,1,21.7,75.4,8.9,5,5,0,2,1,4,6.9,289,6.3
12,E.J. Warner,156185,QB,TEMPLE,1,59.5,42,46,10.0,2.44,1,0,0.0,54.3,25,0,16,0.0,49,0,14,306,69.7,58.3,56.1,64.2,1,1,51,0,12.5,81.9,4.1,2,1,0,2,2,3,5.9,321,7.0
12,Frank Harris,60586,QB,UTSA,1,68.9,45,46,11.5,2.65,0,3,6.4,67.4,31,0,13,0.0,48,0,19,331,72.4,84.4,75.1,85.5,0,0,49,1,7.7,117.2,2.1,1,1,0,1,3,1,2.0,411,8.9
12,Caleb Williams,144622,QB,USC,1,80.0,40,45,7.5,2.9,0,3,6.1,71.1,32,0,17,0.0,51,0,14,326,70.3,78.8,78.9,59.4,0,1,55,0,23.5,95.0,7.8,4,2,2,3,1,0,0.0,384,8.5
12,Keegan Shoemaker,108983,QB,SM HOUSTON,1,64.3,42,45,8.0,2.71,1,1,2.1,55.6,25,0,15,7.4,49,2,14,281,71.8,62.2,59.8,63.9,0,2,51,0,13.3,62.0,4.1,2,2,0,2,1,3,5.9,267,5.9
12,Brayden Schager,146078,QB,HAWAII,1,64.3,42,44,11.8,3.2,0,2,4.4,56.8,25,0,19,7.4,51,2,12,180,43.6,55.1,62.2,46.5,1,2,52,1,15.8,64.4,5.9,3,4,0,1,1,3,5.8,278,6.3
12,Grayson Loftis,170054,QB,DUKE,1,69.2,39,43,7.8,2.77,2,1,2.1,60.5,26,0,11,3.7,45,1,17,154,69.6,65.1,65.3,57.3,0,1,49,0,9.1,84.4,2.2,1,1,0,2,2,1,2.0,270,6.3
12,Alan Bowman,77679,QB,OKLA STATE,1,78.9,38,43,8.7,2.44,0,4,8.9,67.4,29,0,7,3.3,43,1,21,262,48.1,81.8,82.6,56.5,0,1,45,0,0.0,97.8,0.0,0,0,0,5,2,2,4.4,348,8.1
12,Austin Reed,111760,QB,W KENTUCKY,1,72.5,40,41,9.3,2.45,0,4,9.5,68.3,28,0,7,3.4,42,1,13,346,39.0,56.0,59.5,48.0,0,4,43,0,14.3,83.6,2.4,1,0,0,1,3,4,9.3,392,9.6
12,Cade McConnell,73935,QB,UTEP,1,64.9,37,41,10.1,2.71,0,3,7.0,58.5,24,0,14,0.0,45,0,14,330,37.8,63.6,70.2,36.7,0,1,47,0,21.4,94.0,6.7,3,1,0,4,2,3,6.4,364,8.9
12,Chandler Fields,97286,QB,LA LAFAYET,1,81.6,38,39,7.5,2.38,0,1,2.4,74.4,29,0,10,6.5,46,2,17,207,70.4,71.9,70.5,63.6,0,1,49,0,50.0,109.1,10.9,5,2,0,1,3,0,0.0,282,7.2
12,Byrum Brown,156206,QB,USF,1,68.6,35,39,11.0,2.95,1,3,7.3,59.0,23,0,13,4.2,43,1,10,327,72.6,73.1,73.6,61.4,0,2,46,0,15.4,69.1,4.7,2,2,0,3,1,1,2.2,287,7.4
12,Katin Houser,158386,QB,MICH STATE,1,71.1,38,39,8.2,2.67,0,2,4.7,64.1,25,0,8,7.4,42,2,15,223,41.1,59.8,57.7,62.9,0,2,46,0,12.5,89.9,2.4,1,2,0,1,3,3,6.5,282,7.2
12,Tyler Van Dyke,122225,QB,MIAMI FL,1,73.5,34,39,10.7,2.75,1,2,5.0,61.5,24,0,16,4.0,41,1,14,220,69.2,76.3,74.0,64.3,0,0,43,0,6.3,96.8,2.4,1,1,0,4,1,0,0.0,327,8.4
12,Alex Flinn,123797,QB,E CAROLINA,1,74.3,35,38,7.6,3.18,0,0,0.0,63.2,24,0,12,7.7,46,2,7,156,39.8,54.7,56.4,55.0,2,2,47,0,25.0,49.8,6.5,3,5,0,1,0,4,8.5,155,4.1
12,Taisun Phommachanh,99577,QB,UMASS,1,67.6,37,38,10.8,2.43,0,3,7.7,57.9,22,0,8,12.0,38,3,10,216,68.9,63.7,62.9,,0,2,39,0,0.0,63.4,0.0,0,0,0,1,1,2,5.1,239,6.3
12,Trenton Bourguet,97285,QB,ARIZONA ST,1,58.8,34,37,7.9,1.92,0,0,0.0,54.1,20,0,7,0.0,37,0,9,110,68.8,54.8,54.5,,0,0,37,0,0.0,63.1,0.0,0,0,0,3,0,1,2.7,142,3.8
12,Jack Plummer,83543,QB,LOUISVILLE,1,84.4,32,37,7.6,2.68,1,2,4.9,64.9,24,0,18,11.1,39,3,18,210,70.5,75.5,76.6,58.4,0,1,43,0,0.0,106.6,0.0,0,2,0,4,3,1,2.3,308,8.3
12,Hank Bachmeier,101284,QB,LA TECH,1,73.5,34,37,6.1,2.43,1,2,5.3,64.9,24,0,16,4.0,40,1,11,208,70.0,62.4,64.0,55.0,1,1,41,0,0.0,76.2,0.0,0,2,0,1,1,2,4.9,198,5.4
12,Fernando Mendoza,158323,QB,CAL,1,73.5,34,36,9.9,2.58,1,2,5.1,66.7,24,0,10,4.0,40,1,14,130,70.9,72.5,69.3,68.0,1,1,44,0,30.0,107.9,7.5,3,1,0,0,3,1,2.3,294,8.2
12,Brady Cook,124199,QB,MISSOURI,1,64.5,31,36,11.0,2.81,0,0,0.0,55.6,20,0,12,0.0,39,0,12,229,70.7,64.5,67.7,52.7,0,0,40,0,8.3,95.9,2.6,1,2,1,4,1,1,2.5,331,9.2
12,Cole Pennington,156787,QB,MARSHALL,1,67.6,34,36,4.9,2.59,0,0,0.0,61.1,22,0,11,4.3,36,1,7,214,68.9,51.4,51.7,57.2,2,3,39,0,0.0,36.7,0.0,0,0,0,0,0,1,2.6,159,4.4
12,Jarrett Guest,97997,QB,COAST CAR,1,80.0,35,36,6.1,2.53,1,1,2.5,72.2,26,0,3,7.1,40,2,13,141,69.7,59.1,63.2,49.0,0,1,44,0,0.0,110.8,0.0,0,4,0,0,3,1,2.3,279,7.8
12,Keyone Jenkins,170403,QB,FIU,1,75.8,33,36,7.7,2.54,0,2,5.4,58.3,21,0,15,16.0,41,4,9,166,70.5,60.4,60.8,59.3,1,2,43,1,20.0,76.7,7.3,3,2,0,2,2,1,2.3,265,7.4
12,Drake Maye,143969,QB,N CAROLINA,1,56.3,32,36,14.9,2.8,2,3,7.9,44.4,16,0,17,11.1,45,2,12,245,70.3,63.2,53.5,79.8,1,1,48,1,23.5,61.0,8.9,4,5,0,1,1,2,4.2,209,5.8
12,Connor Bazelak,99135,QB,BOWL GREEN,1,71.9,32,35,7.5,3.04,0,1,2.9,65.7,23,0,14,0.0,40,0,14,122,69.9,67.8,68.7,57.9,0,0,40,0,28.6,100.4,10.0,4,1,0,3,1,0,0.0,286,8.2
12,Nicholas Vattiato,145302,QB,MIDDLE TN,1,62.5,32,35,9.2,2.71,1,2,5.7,51.4,18,0,9,10.0,42,2,10,224,42.4,48.7,49.8,54.1,0,1,42,0,22.2,90.4,4.8,2,5,0,2,3,2,4.8,242,6.9
12,Davis Brin,77642,QB,GA SOUTHRN,1,68.6,35,35,10.6,2.63,0,1,2.5,57.1,20,0,8,16.7,40,4,13,174,70.2,71.0,69.1,64.8,0,0,46,0,25.0,87.2,5.0,2,3,0,0,1,1,2.2,235,6.7
12,Cade Klubnik,156253,QB,CLEMSON,1,72.7,33,35,9.9,2.26,0,1,2.6,62.9,22,0,7,8.3,38,2,14,140,72.5,58.9,54.3,64.4,0,0,42,0,0.0,90.7,0.0,0,3,2,0,1,1,2.4,224,6.4
12,Brendan Sorsby,156398,QB,INDIANA,1,62.5,32,35,9.2,2.83,1,1,2.9,54.3,19,0,13,5.0,41,1,11,190,71.8,70.1,61.2,74.8,1,0,41,1,23.1,89.8,7.3,3,3,0,1,2,0,0.0,197,5.6
12,Ashton Daniels,157259,QB,STANFORD,1,61.3,31,35,10.9,3.64,1,3,8.3,51.4,18,0,14,5.3,38,1,8,300,42.9,81.8,76.5,72.6,0,0,41,0,7.1,76.8,2.6,1,2,0,3,1,1,2.4,188,5.4
12,Ta'Quan Roberson,101625,QB,UCONN,1,72.7,33,35,7.7,2.44,2,2,5.7,62.9,22,0,3,8.3,39,2,13,146,69.4,71.8,67.3,71.0,0,0,39,0,0.0,116.5,0.0,0,3,0,0,4,1,2.6,201,5.7
12,Quinn Ewers,127253,QB,TEXAS,1,69.7,33,34,7.0,2.75,0,2,5.4,67.6,23,0,12,0.0,37,0,12,311,69.9,85.5,84.8,60.1,0,0,40,1,25.0,112.5,8.1,3,0,0,1,2,1,2.5,281,8.3
12,Kirk Francis,173296,QB,TULSA,1,51.5,33,34,18.4,3.11,0,2,5.7,50.0,17,0,7,0.0,37,0,15,320,69.8,67.9,67.4,58.5,0,1,38,0,42.9,91.7,8.1,3,0,0,1,3,1,2.6,251,7.4
12,Behren Morton,144747,QB,TEXAS TECH,1,76.7,30,34,7.6,2.57,1,3,7.9,61.8,21,0,7,8.7,35,2,14,315,70.7,76.4,77.5,58.2,0,1,39,0,0.0,92.3,0.0,0,1,0,3,2,1,2.6,256,7.5
12,Devin Leary,77628,QB,KENTUCKY,1,60.0,30,34,14.0,2.77,4,2,5.3,50.0,17,0,11,5.6,38,1,10,202,69.5,52.5,53.3,54.2,0,1,42,1,18.2,61.6,5.3,2,2,0,0,1,4,9.5,166,4.9
12,Taulia Tagovailoa,97271,QB,MARYLAND,1,78.6,28,32,9.3,2.75,0,2,6.1,65.6,21,0,14,4.5,37,1,13,215,28.9,45.7,44.0,59.8,0,2,38,1,28.6,62.9,10.8,4,1,0,4,0,5,13.2,247,7.7
12,John Rhys Plumlee,97602,QB,UCF,1,56.7,30,32,11.6,2.83,1,0,0.0,50.0,16,0,8,5.9,35,1,10,323,73.4,73.5,67.2,71.6,0,1,37,0,0.0,73.4,0.0,0,2,0,1,1,1,2.7,248,7.8
12,Rocco Becht,157567,QB,IOWA STATE,1,86.2,29,32,7.3,2.25,2,1,2.9,75.0,24,0,13,4.0,35,1,15,193,69.8,85.9,86.4,58.5,0,1,38,0,23.1,114.5,8.6,3,0,0,1,2,1,2.6,323,10.1
12,Austin Smith,145763,QB,E MICHIGAN,1,72.4,29,32,8.7,3.3,0,1,2.9,62.5,20,0,9,4.8,37,1,12,160,69.9,78.0,79.9,56.4,0,0,40,0,33.3,92.4,8.1,3,2,0,3,1,0,0.0,214,6.7
12,Sam Hartman,77618,QB,NOTRE DAME,1,81.5,27,31,10.7,2.47,0,4,12.1,67.7,21,0,11,4.5,31,1,14,258,68.5,92.6,92.3,,2,0,33,0,0.0,135.3,0.0,0,0,2,0,4,0,0.0,277,8.9
12,Gunnar Watson,83570,QB,TROY,1,61.3,31,31,10.5,2.38,0,1,3.1,54.8,17,0,4,10.5,31,2,14,318,70.3,77.3,79.6,55.0,0,0,32,0,0.0,106.8,0.0,0,0,0,0,3,0,0.0,199,6.4
12,Chandler Rogers,98683,QB,N TEXAS,1,77.4,31,31,12.1,2.85,0,4,12.1,61.3,19,0,17,20.8,39,5,11,251,71.8,91.0,90.8,68.3,0,0,41,0,29.4,124.9,12.8,5,3,0,0,3,1,2.4,294,9.5
12,DJ Uiagalelei,122162,QB,OREGON ST,1,51.7,29,31,10.9,2.78,1,0,0.0,48.4,15,0,8,0.0,32,0,10,265,71.3,63.2,50.5,83.2,0,2,36,0,0.0,36.6,0.0,0,1,0,1,0,1,2.8,157,5.1
12,Hayden Wolff,98362,QB,W MICHIGAN,1,69.0,29,31,9.9,2.79,1,1,3.0,58.1,18,0,10,10.0,37,2,7,347,30.3,56.6,57.7,56.3,0,0,39,0,40.0,74.9,10.8,4,1,0,1,0,0,0.0,182,5.9
12,Daniel Richardson,97103,QB,FAU,1,77.4,31,31,4.1,2.9,0,1,3.1,77.4,24,0,12,0.0,38,0,10,165,68.9,65.0,67.7,53.1,0,1,39,0,41.7,91.1,13.2,5,2,0,0,1,2,5.1,202,6.5
12,Jaxson Dart,146409,QB,OLE MISS,1,80.6,31,31,10.5,2.74,0,1,3.0,77.4,24,0,9,4.0,37,1,14,226,31.1,76.8,78.1,56.6,0,0,39,0,44.4,140.5,10.8,4,2,0,0,3,1,2.6,310,10.0
12,Ethan Garbers,131896,QB,UCLA,1,70.0,30,31,8.8,2.77,0,0,0.0,58.1,18,0,14,14.3,38,3,12,324,34.1,66.3,63.3,65.7,1,0,39,0,28.6,103.6,10.5,4,3,0,0,3,1,2.6,155,5.0
12,Kyle McCord,145053,QB,OHIO STATE,1,69.0,29,30,7.4,2.19,0,0,0.0,66.7,20,0,3,0.0,31,0,15,260,68.8,58.2,60.4,57.3,0,0,31,1,33.3,109.3,3.2,1,0,0,1,2,1,3.2,212,7.1
12,Noah Fifita,158722,QB,ARIZONA,1,82.1,28,30,8.3,2.5,1,0,0.0,73.3,22,0,12,4.3,30,1,12,109,68.2,77.5,77.9,,0,0,30,0,0.0,120.8,0.0,0,0,0,1,2,0,0.0,255,8.5
12,Carson Beck,124010,QB,GEORGIA,1,86.7,30,30,8.0,2.38,0,2,6.3,80.0,24,0,6,7.7,33,2,18,173,31.4,87.2,90.5,55.9,0,0,35,0,0.0,141.4,0.0,0,3,0,0,3,1,2.9,298,9.9
12,Jayden Daniels,97993,QB,LSU,1,86.7,30,30,11.2,3.02,0,2,6.5,83.3,25,0,6,3.8,36,1,21,211,71.0,92.1,90.9,76.0,0,0,38,0,0.0,158.3,0.0,0,6,0,0,6,0,0.0,413,13.8
12,Joe Milton III,82151,QB,TENNESSEE,1,70.4,27,30,12.4,2.59,1,0,0.0,56.7,17,0,7,10.5,31,2,7,307,69.8,61.1,61.2,57.7,0,0,31,0,14.3,69.7,3.2,1,0,0,2,0,1,3.2,147,4.9
12,Cam Ward,133244,QB,WASH STATE,1,66.7,27,30,11.3,2.93,1,3,9.7,60.0,18,0,8,0.0,37,0,14,341,34.8,71.3,66.2,70.2,0,0,38,0,37.5,114.3,8.1,3,4,0,2,2,1,2.6,288,9.6
12,Blake Shapen,122282,QB,BAYLOR,1,76.7,30,30,9.4,2.93,0,3,10.0,66.7,20,0,9,13.0,34,3,12,118,70.9,75.3,72.6,67.0,0,0,34,0,11.1,96.1,2.9,1,3,0,0,1,1,2.9,197,6.6
12,Kyron Drones,144506,QB,VA TECH,1,81.5,27,30,10.6,2.88,0,4,12.5,56.7,17,0,13,22.7,36,5,12,337,71.4,76.4,82.2,54.1,1,1,38,0,7.7,100.0,2.8,1,3,0,2,3,2,5.3,225,7.5
12,Dequan Finn,97804,QB,TOLEDO,1,69.0,29,30,9.3,3.21,1,2,6.5,66.7,20,0,13,0.0,36,0,10,316,70.2,68.2,68.9,58.8,0,1,37,0,23.1,104.7,8.3,3,3,0,0,2,1,2.7,279,9.3
12,Brayden Fowler-Nicolosi,157207,QB,COLO STATE,1,66.7,27,30,13.1,2.78,1,3,9.1,50.0,15,0,9,16.7,31,3,11,144,29.9,75.3,76.7,56.9,1,1,34,0,0.0,86.1,0.0,0,1,0,1,2,1,2.9,245,8.2
12,Jayden Maiava,158135,QB,UNLV,1,62.1,29,29,15.2,2.57,0,2,6.7,51.7,15,0,10,16.7,35,3,11,325,70.6,43.9,33.2,75.2,0,2,38,0,30.0,88.1,8.6,3,3,0,0,2,5,13.2,339,11.7
12,Donovan Smith,73929,QB,HOUSTON,1,67.9,28,29,9.2,3.13,0,2,6.3,58.6,17,0,10,10.5,34,2,10,182,72.2,72.8,62.5,72.7,0,2,37,0,20.0,67.5,5.9,2,3,0,1,1,2,5.4,235,8.1
12,Devin Grainger,78496,QB,GA STATE,1,79.3,29,29,5.1,2.21,0,1,3.3,79.3,23,0,6,0.0,33,0,10,175,35.3,71.9,75.9,62.6,0,0,34,3,33.3,103.3,6.1,2,2,0,0,1,1,2.9,175,6.0
12,Bo Nix,97790,QB,OREGON,1,89.3,28,29,8.1,2.51,0,1,3.3,82.8,24,0,5,4.0,31,1,17,264,68.9,90.5,91.2,60.4,0,0,32,1,20.0,158.3,3.2,1,1,0,1,6,0,0.0,404,13.9
12,Anthony Colandrea,170131,QB,VIRGINIA,1,92.6,27,29,7.7,2.84,1,1,3.3,72.4,21,0,8,16.0,33,4,14,335,72.0,90.9,87.0,77.7,0,0,34,0,12.5,134.3,3.0,1,2,0,1,3,1,2.9,260,9.0
12,Josh Hoover,127148,QB,TCU,1,88.9,27,29,7.9,2.63,2,2,6.5,82.8,24,0,6,0.0,30,0,17,305,69.4,91.8,91.4,68.0,0,0,33,0,16.7,141.7,3.3,1,0,0,0,2,0,0.0,412,14.2
12,Deacon Hill,145170,QB,IOWA,1,74.1,27,29,7.5,2.74,2,0,0.0,65.5,19,0,13,5.0,34,1,11,192,69.2,62.0,59.0,65.4,0,0,37,0,30.8,92.2,11.8,4,1,0,0,1,2,5.4,167,5.8
12,Jacob Zeno,98014,QB,UAB,1,81.5,27,28,8.7,3.33,0,3,10.3,71.4,20,0,11,9.1,35,2,11,321,70.9,78.4,81.7,58.1,0,0,36,0,27.3,110.1,8.6,3,4,0,1,1,0,0.0,246,8.8
12,Michael Pratt,123229,QB,TULANE,1,81.5,27,28,10.7,2.71,0,3,10.7,75.0,21,0,9,4.5,30,1,14,319,70.6,90.2,90.6,62.5,0,0,30,0,22.2,137.8,6.7,2,0,0,1,3,0,0.0,252,9.0
12,KJ Jefferson,99129,QB,ARKANSAS,1,61.5,26,28,14.0,3.1,0,2,6.9,53.6,15,0,10,6.3,29,1,11,111,74.2,86.1,78.8,76.0,0,0,30,0,10.0,110.3,3.4,1,0,0,2,3,0,0.0,187,6.7
12,Jeff Undercuffler,78501,QB,AKRON,1,78.6,28,28,7.1,2.66,0,0,0.0,75.0,21,0,11,4.5,29,1,10,102,69.8,73.5,73.2,59.9,0,0,30,1,9.1,99.1,3.4,1,0,0,0,0,0,0.0,232,8.3
12,Michael Penix Jr.,82134,QB,WASHINGTON,1,57.1,28,28,14.3,2.74,0,3,10.0,46.4,13,0,4,18.8,30,3,10,340,70.8,73.2,67.8,72.7,0,0,32,0,0.0,88.7,0.0,0,2,0,0,2,0,0.0,162,5.8
12,Tanner Mordecai,77656,QB,WISCONSIN,1,76.0,25,28,8.9,3.53,1,0,0.0,64.3,18,0,13,5.3,33,1,11,349,70.4,63.8,60.2,65.5,0,0,34,0,15.4,91.4,6.1,2,3,0,2,1,0,0.0,160,5.7
12,Diego Pavia,156927,QB,NEW MEX ST,1,74.1,27,28,9.6,2.84,1,3,9.7,67.9,19,0,9,5.0,33,1,11,242,70.5,73.5,81.5,55.5,0,0,36,2,11.1,124.3,3.0,1,4,0,0,3,0,0.0,201,7.2
12,Grant Wilson,143041,QB,DOMINION,1,73.1,26,27,10.4,3.29,0,0,0.0,63.0,17,0,9,10.5,31,2,9,263,70.1,81.0,82.6,50.8,0,0,34,0,11.1,95.0,3.2,1,3,0,1,1,0,0.0,182,6.7
12,Will Rogers,124184,QB,MISS STATE,1,78.3,23,27,7.7,2.85,1,1,3.6,44.4,12,0,4,33.3,30,6,8,227,68.3,79.3,76.5,67.6,1,0,31,0,0.0,86.0,0.0,0,3,0,2,2,0,0.0,144,5.3
12,Brennan Armstrong,77696,QB,NC STATE,1,76.0,25,26,5.9,2.49,0,0,0.0,69.2,18,0,12,5.3,32,1,13,248,74.5,63.3,57.9,66.3,0,0,34,1,8.3,117.9,3.1,1,5,0,1,2,0,0.0,203,7.8
12,Spencer Rattler,97408,QB,S CAROLINA,1,76.0,25,26,9.6,3.05,0,1,3.6,69.2,18,0,13,5.3,37,1,12,289,69.8,72.9,73.3,62.4,0,0,39,0,15.4,118.4,5.4,2,7,0,1,2,0,0.0,206,7.9
12,Jake Retzlaff,70874,QB,BYU,1,70.8,24,26,4.5,2.64,0,1,3.8,57.7,15,0,9,11.8,30,2,11,128,15.7,51.3,52.4,55.2,1,1,30,0,11.1,87.5,3.3,1,2,0,1,2,2,6.7,173,6.7
12,Ben Bryant,77655,QB,NWESTERN,1,60.9,23,25,12.7,2.67,1,2,7.7,52.0,13,0,14,7.1,32,1,8,256,69.0,63.5,65.5,52.9,0,1,33,0,35.7,80.4,15.6,5,2,1,0,1,1,3.0,230,9.2
12,Tommy Castellanos,158433,QB,BOSTON COL,1,56.5,23,25,13.3,3.16,1,1,3.8,52.0,13,0,13,0.0,34,0,10,121,72.0,55.2,44.1,71.1,0,2,35,2,38.5,53.9,14.7,5,4,0,1,1,2,5.7,171,6.8
12,Emory Jones,82111,QB,CINCINNATI,1,66.7,21,25,10.0,3.43,0,0,0.0,56.0,14,0,7,0.0,27,0,8,138,71.5,66.1,55.4,75.9,2,0,28,1,14.3,103.1,3.7,1,1,0,2,2,1,3.6,166,6.6
12,Brendon Lewis,131687,QB,NEVADA,1,90.0,20,24,7.2,3.04,0,1,3.7,75.0,18,0,19,0.0,32,0,11,239,72.0,81.6,74.3,74.4,2,0,35,0,15.8,93.9,9.4,3,3,0,2,0,0,0.0,169,7.0
12,Jalen Mayden,83520,QB,S DIEGO ST,1,73.9,23,24,8.6,3.31,0,0,0.0,62.5,15,0,9,11.8,30,2,9,284,71.1,56.3,56.5,57.3,0,2,30,0,33.3,39.8,10.0,3,3,0,1,0,2,6.7,117,4.9
12,Will Howard,122599,QB,KANSAS ST,1,59.1,22,24,12.8,2.76,0,2,7.4,54.2,13,0,11,0.0,26,0,8,199,71.5,63.5,55.5,74.7,0,1,29,0,9.1,86.3,3.8,1,0,0,2,2,2,6.9,165,6.9
12,Chubba Purdy,122412,QB,NEBRASKA,1,72.7,22,24,10.5,3.14,1,2,7.4,62.5,15,0,11,6.3,34,1,9,238,70.6,66.4,63.8,66.5,0,1,37,1,27.3,80.0,8.8,3,7,0,1,1,1,2.7,169,7.0
12,Tate Rodemaker,122414,QB,FLORIDA ST,1,75.0,20,23,9.4,3.39,0,1,4.0,56.5,13,0,9,13.3,25,2,13,167,27.6,74.3,75.7,61.8,0,0,28,1,11.1,117.5,4.0,1,1,0,3,2,1,3.6,217,9.4
12,J.J. McCarthy,144918,QB,MICHIGAN,1,65.2,23,23,12.6,3.03,0,0,0.0,52.2,12,0,8,20.0,25,3,9,222,69.1,47.3,47.4,53.9,0,1,27,0,12.5,53.0,4.0,1,1,0,0,0,4,14.8,141,6.1
12,Kurtis Rourke,97998,QB,OHIO,1,69.6,23,23,12.0,2.47,0,1,4.2,65.2,15,0,6,6.3,25,1,10,259,71.1,77.3,73.0,70.2,0,0,27,0,33.3,96.6,8.0,2,0,0,0,0,0,0.0,222,9.7
12,Carter Bradley,77685,QB,S ALABAMA,1,77.3,22,23,5.4,2.23,0,2,7.7,73.9,17,0,9,0.0,26,0,9,288,68.0,76.9,76.1,,0,0,29,0,33.3,124.5,11.5,3,0,0,1,2,0,0.0,176,7.7
12,Preston Stone,124716,QB,SMU,1,76.2,21,23,17.7,3.25,0,5,20.8,65.2,15,0,8,6.3,25,1,14,287,71.8,93.4,93.5,69.0,0,0,26,0,12.5,137.2,4.0,1,1,0,2,2,1,3.8,286,12.4
12,Graham Mertz,97994,QB,FLORIDA,1,70.0,20,22,6.0,2.93,0,1,4.2,63.6,14,0,9,0.0,26,0,9,163,68.0,68.6,70.1,62.4,0,1,28,2,0.0,101.1,0.0,0,4,0,2,2,0,0.0,183,8.3
12,Jaylen Henderson,146054,QB,TEXAS A&M,1,72.7,22,22,13.4,3.32,0,3,13.0,72.7,16,0,13,0.0,31,0,12,312,70.3,67.3,64.5,64.3,0,0,32,0,38.5,142.2,16.1,5,4,0,0,2,2,6.3,260,11.8
12,Jase Bauer,145714,QB,C MICHIGAN,1,64.7,17,21,11.6,3.3,0,1,4.3,47.6,10,0,13,9.1,26,1,4,134,29.4,52.0,57.1,48.9,1,1,29,0,23.1,84.8,11.5,3,2,0,3,2,2,6.9,157,7.5
12,Dillon Gabriel,86272,QB,OKLAHOMA,1,66.7,21,21,14.1,3.12,0,2,9.1,61.9,13,0,4,7.1,23,1,9,261,68.8,83.0,86.9,53.5,0,0,24,0,25.0,123.3,4.3,1,1,0,0,2,0,0.0,191,9.1
12,AJ Padgett,163006,QB,RICE,1,75.0,20,21,5.8,2.38,1,0,0.0,61.9,13,0,5,13.3,26,2,10,275,72.2,46.9,41.0,60.3,0,2,28,0,20.0,55.8,3.8,1,3,0,0,1,3,10.7,130,6.2
12,Payton Thorne,101629,QB,AUBURN,1,75.0,20,20,9.9,3.18,0,1,4.3,75.0,15,0,8,0.0,32,0,6,115,34.6,75.5,80.5,59.1,0,0,35,0,50.0,112.1,12.5,4,8,0,0,1,1,2.9,148,7.4
12,Haynes King,124329,QB,GA TECH,1,84.2,19,20,4.9,2.14,1,1,4.3,80.0,16,0,4,0.0,24,0,9,176,71.8,87.6,81.9,74.0,0,1,27,0,25.0,107.9,4.2,1,3,0,0,2,0,0.0,138,6.9
12,Chevan Cordeiro,75886,QB,S JOSE ST,1,84.2,19,20,11.3,2.77,0,2,10.0,75.0,15,0,3,6.3,21,1,10,285,69.2,86.7,88.7,60.2,0,1,21,0,0.0,96.7,0.0,0,1,0,1,1,1,4.8,174,8.7
12,Michael Kern,97799,QB,WAKE,1,61.1,18,20,6.4,3.19,0,0,0.0,55.0,11,0,11,0.0,26,0,6,339,27.9,37.6,30.0,68.5,1,0,27,1,27.3,64.8,11.5,3,3,0,1,0,3,11.1,81,4.1
12,Garrett Greene,123420,QB,W VIRGINIA,1,68.4,19,19,12.7,2.82,0,4,18.2,63.2,12,0,7,7.7,22,1,9,343,71.8,93.0,81.7,92.4,0,1,25,0,0.0,96.4,0.0,0,3,0,0,1,1,4.0,210,11.1
12,Trexler Ivey,122184,QB,CHARLOTTE,1,53.3,15,19,10.2,2.62,0,0,0.0,42.1,8,0,9,0.0,21,0,4,136,27.0,48.5,41.7,68.3,0,0,24,0,11.1,49.7,4.8,1,1,0,4,0,1,4.2,51,2.7
12,Jiya Wright,77688,QB,LA MONROE,1,43.8,16,19,10.6,2.69,1,0,0.0,36.8,7,0,8,0.0,20,0,4,209,21.0,50.4,46.6,59.5,0,1,22,0,12.5,23.4,5.0,1,0,0,2,0,2,9.1,56,2.9
12,Nate Yarnell,144037,QB,PITTSBURGH,1,68.8,16,19,11.6,2.8,1,1,5.0,57.9,11,0,8,0.0,20,0,8,268,70.8,73.2,69.8,67.0,0,0,22,0,0.0,113.3,0.0,0,1,0,2,1,2,9.1,207,10.9
12,Athan Kaliakmanis,144971,QB,MINNESOTA,1,68.4,19,19,8.4,2.97,0,0,0.0,57.9,11,0,9,15.4,23,2,3,225,27.3,44.0,42.5,56.9,0,1,23,0,22.2,47.9,8.7,2,2,0,0,0,3,13.0,89,4.7
12,Jaylen Raynor,172203,QB,ARK STATE,1,93.8,16,18,10.1,2.59,0,2,10.5,77.8,14,0,10,6.7,21,1,11,113,68.8,90.5,89.5,68.9,0,0,23,1,20.0,113.7,9.5,2,1,0,2,0,0,0.0,203,11.3
12,Dylan Hopkins,83571,QB,NEW MEXICO,1,53.3,15,18,15.5,3.12,0,0,0.0,44.4,8,0,10,0.0,23,0,4,241,68.4,46.2,44.6,57.5,0,2,26,0,20.0,28.2,8.7,2,3,0,3,0,2,7.7,124,6.9
12,Taylen Green,145996,QB,BOISE ST,1,56.3,16,18,13.7,2.67,0,0,0.0,44.4,8,0,7,11.1,21,1,5,120,70.3,49.4,49.8,54.1,1,0,22,0,14.3,97.7,4.8,1,2,1,0,2,0,0.0,93,5.2
12,Rocky Lombardi,60452,QB,N ILLINOIS,1,62.5,16,17,13.1,3.01,1,1,5.9,52.9,9,0,1,10.0,18,1,5,254,72.1,75.1,67.6,73.3,0,0,18,0,0.0,68.8,0.0,0,1,0,0,0,0,0.0,92,5.4
12,Andrew Peasley,83581,QB,WYOMING,1,87.5,16,17,12.6,2.84,1,2,11.8,82.4,14,0,8,0.0,21,0,10,351,69.2,89.4,89.0,65.9,0,0,21,0,37.5,158.3,14.3,3,1,0,0,3,0,0.0,319,18.8
12,Zion Webb,63555,QB,JVILLE ST,1,41.2,17,17,11.0,2.05,0,1,5.9,35.3,6,0,1,14.3,18,1,6,196,72.1,73.8,56.8,77.8,0,0,18,0,0.0,57.5,0.0,0,1,0,0,0,0,0.0,106,6.2
12,Kaidon Salter,132046,QB,LIBERTY,1,75.0,16,16,13.3,3.6,0,1,6.3,68.8,11,0,9,8.3,22,1,13,206,19.4,73.3,73.1,64.3,0,1,22,0,0.0,125.0,0.0,0,6,0,0,2,3,13.6,225,14.1
12,Billy Wiles,144144,QB,SO MISS,1,68.8,16,16,7.9,3.17,0,1,5.6,56.3,9,0,3,18.2,18,2,4,296,67.8,46.6,43.4,61.0,0,1,20,0,0.0,66.9,0.0,0,2,0,0,1,1,5.0,89,5.6
12,Gavin Wimsatt,155757,QB,RUTGERS,1,73.3,15,16,10.5,2.41,0,0,0.0,62.5,10,0,7,9.1,20,1,8,278,73.6,84.1,82.9,69.1,0,1,20,0,42.9,60.7,15.0,3,1,0,1,0,0,0.0,125,7.8
12,Aveon Smith,130529,QB,MIAMI OH,1,80.0,15,16,12.8,3.28,1,3,18.8,56.3,9,0,6,25.0,18,3,5,221,74.9,79.1,79.5,66.0,0,0,18,0,16.7,87.0,5.6,1,0,0,0,0,0,0.0,146,9.1
12,Ryan Browne,174949,QB,PURDUE,1,75.0,16,16,5.8,3.05,0,1,6.3,75.0,12,0,3,0.0,21,0,6,273,40.0,50.6,27.5,71.8,0,2,21,0,33.3,52.1,4.8,1,4,0,0,0,3,14.3,104,6.5
12,Mikey Keene,70961,QB,FRESNO ST,1,64.3,14,16,7.6,2.46,1,0,0.0,56.3,9,0,4,0.0,17,0,4,169,66.8,64.2,63.9,,0,0,18,0,25.0,64.1,5.9,1,0,0,1,0,0,0.0,58,3.6
12,Jalen Milroe,146590,QB,ALABAMA,1,87.5,16,16,13.9,2.99,0,3,18.8,81.3,13,0,3,7.1,18,1,7,103,67.6,89.9,90.0,62.4,0,0,18,0,33.3,157.6,5.6,1,1,0,0,3,0,0.0,197,12.3
12,Cole Ballard,173062,QB,KANSAS,1,73.3,15,16,10.1,3.18,0,2,11.8,68.8,11,0,7,0.0,24,0,9,198,27.6,51.5,62.8,43.3,0,2,26,0,28.6,82.8,8.3,2,6,0,1,1,3,11.5,162,10.1
12,Logan Fife,128176,QB,FRESNO ST,1,64.3,14,15,10.9,2.83,1,0,0.0,60.0,9,0,5,0.0,19,0,5,169,67.2,53.5,57.5,55.9,0,0,21,1,20.0,90.1,5.3,1,3,0,0,0,0,0.0,137,9.1
12,Ryan Staub,171906,QB,COLORADO,1,54.5,11,14,6.3,2.64,1,0,0.0,35.7,5,0,6,16.7,18,1,3,143,68.3,41.1,43.5,51.4,0,0,18,0,33.3,48.5,11.1,2,2,0,2,0,0,0.0,56,4.0
12,Cole Snyder,97617,QB,BUFFALO,1,60.0,10,14,6.8,2.58,1,0,0.0,42.9,6,0,6,0.0,17,0,4,126,25.0,51.4,40.8,70.0,0,0,17,0,16.7,73.2,5.9,1,1,0,3,0,1,5.9,119,8.5
12,Kiael Kelly,145634,QB,BALL ST,1,33.3,12,14,15.2,3.24,0,1,6.7,28.6,4,0,6,0.0,17,0,2,117,73.6,81.3,58.7,82.7,0,0,18,0,16.7,48.2,5.9,1,2,0,2,0,0,0.0,71,5.1
12,Dan Villari,129602,TE,SYRACUSE,1,100.0,14,14,-1.1,1.56,0,0,0.0,100.0,14,0,0,0.0,15,0,2,304,29.7,72.1,73.5,66.0,0,0,15,0,,84.2,0.0,0,1,0,0,0,0,0.0,59,4.2
12,Drew Allar,164157,QB,PENN STATE,1,63.6,11,13,8.7,2.59,0,0,0.0,46.2,6,0,4,14.3,13,1,4,266,68.7,60.5,52.1,70.0,0,0,14,0,0.0,65.9,0.0,0,0,0,2,0,0,0.0,79,6.1
12,McCae Hillstead,174761,QB,UTAH ST,1,54.5,11,12,13.5,3.19,0,0,0.0,50.0,6,0,7,0.0,16,0,3,329,23.3,41.4,42.9,54.4,0,1,17,0,42.9,27.4,18.8,3,1,0,1,0,2,11.8,53,4.4
12,Devin Kargman,156913,QB,KENT STATE,1,41.7,12,12,12.9,2.55,0,0,0.0,41.7,5,0,7,0.0,15,0,3,201,66.4,32.2,31.4,,0,0,15,0,42.9,54.9,20.0,3,0,0,0,0,2,13.3,52,4.3
12,Cooper Legas,101286,QB,UTAH ST,1,66.7,12,12,15.8,3.04,0,1,8.3,66.7,8,0,7,0.0,18,0,5,329,67.6,66.5,67.5,59.7,0,0,18,0,57.1,129.9,22.2,4,2,0,0,1,0,0.0,128,10.7
12,Xavier Arline,121831,QB,NAVY,1,100.0,11,11,0.3,3.07,0,0,0.0,90.9,10,0,4,9.1,15,1,6,237,21.2,52.5,52.0,58.0,0,0,15,1,50.0,105.3,13.3,2,2,0,0,0,1,6.7,102,9.3
12,Camden Orth,108965,QB,BOWL GREEN,1,50.0,8,11,13.1,3.01,1,0,0.0,27.3,3,0,5,25.0,13,1,1,122,27.5,28.1,26.1,56.0,1,0,14,0,20.0,69.9,7.7,1,1,0,1,1,3,21.4,23,2.1
12,Shedeur Sanders,131396,QB,COLORADO,1,66.7,9,10,12.9,2.91,0,1,10.0,60.0,6,0,8,0.0,14,0,3,143,66.0,57.5,57.0,60.0,0,0,14,0,50.0,121.3,28.6,4,0,0,1,1,0,0.0,86,8.6
12,Tommy Ulatowski,163150,QB,KENT STATE,1,57.1,7,10,8.3,2.48,2,0,0.0,30.0,3,0,5,25.0,12,1,1,201,68.8,30.7,31.7,51.6,1,0,15,0,40.0,39.6,16.7,2,0,0,0,0,1,6.7,16,1.6
12,Jackson Arnold,173684,QB,OKLAHOMA,1,55.6,9,9,7.8,2.75,0,0,0.0,55.6,5,0,3,0.0,10,0,3,261,72.1,66.3,55.6,68.6,0,0,10,0,0.0,63.7,0.0,0,1,0,0,0,0,0.0,33,3.7
12,Bennett Meredith,157189,QB,PURDUE,1,85.7,7,7,2.6,2.47,0,0,0.0,71.4,5,0,2,16.7,10,1,1,273,21.3,48.5,60.9,44.1,0,0,11,0,100.0,83.0,20.0,2,1,0,0,0,0,0.0,36,5.1
12,Ty Simpson,157008,QB,ALABAMA,1,100.0,5,6,8.4,2.69,1,0,0.0,66.7,4,0,1,20.0,7,1,3,103,14.6,59.4,65.7,55.1,0,0,7,0,0.0,92.4,0.0,0,1,0,0,0,1,14.3,50,8.3
12,AJ Bianco,158232,QB,NEVADA,1,50.0,6,6,4.7,3.09,0,0,0.0,50.0,3,0,6,0.0,9,0,3,239,65.1,40.6,33.9,61.8,0,2,9,0,16.7,21.5,11.1,1,2,0,0,0,1,11.1,25,4.2
12,Jensen Jones,133209,QB,AIR FORCE,1,40.0,5,6,16.2,2.57,1,0,0.0,16.7,1,0,4,50.0,7,1,1,101,49.6,49.9,40.3,60.7,0,0,9,1,25.0,51.4,14.3,1,0,0,0,0,0,0.0,35,5.8
12,Ty Thompson,146568,QB,OREGON,1,66.7,6,6,10.2,2.2,0,1,16.7,66.7,4,0,1,0.0,6,0,3,264,69.7,70.5,69.4,62.6,0,1,6,0,0.0,98.6,0.0,0,0,0,0,1,1,16.7,59,9.8
12,Cam Skattebo,147787,HB,ARIZONA ST,1,33.3,6,6,24.5,4.02,0,0,0.0,33.3,2,0,4,0.0,6,0,1,110,71.7,47.4,29.8,67.8,0,1,7,1,0.0,21.5,0.0,0,0,0,0,0,1,14.3,45,7.5
12,Spencer Sanders,77660,QB,OLE MISS,1,100.0,5,5,3.2,1.88,0,0,0.0,80.0,4,0,0,20.0,5,1,2,226,65.5,73.3,68.7,63.3,0,0,5,0,,157.1,0.0,0,0,0,0,1,0,0.0,61,12.2
12,Max Brown,157756,QB,FLORIDA,1,100.0,5,5,13.0,3.51,0,0,0.0,80.0,4,0,2,20.0,8,1,3,163,68.2,71.9,58.6,72.4,0,0,8,0,50.0,113.3,12.5,1,2,0,0,0,0,0.0,56,11.2
12,Levi Williams,98365,QB,UTAH ST,1,100.0,4,5,18.5,3.47,0,1,16.7,40.0,2,0,5,50.0,9,2,1,329,66.5,76.7,91.2,49.3,0,0,10,0,20.0,58.8,11.1,1,3,0,1,0,0,0.0,28,5.6
12,Evan Bullock,170452,QB,LA TECH,1,66.7,3,5,4.3,2.62,1,0,0.0,40.0,2,0,2,0.0,6,0,1,208,64.2,38.4,38.3,,0,1,6,0,50.0,13.3,16.7,1,0,0,1,0,1,16.7,21,4.2
12,Jalin Conyers,122920,TE,ARIZONA ST,1,75.0,4,4,9.3,1.65,0,0,0.0,75.0,3,0,1,0.0,4,0,2,110,70.8,64.5,61.8,68.3,0,0,4,0,0.0,83.3,0.0,0,0,0,0,0,0,0.0,18,4.5
12,Chandler Morris,122938,QB,TCU,1,66.7,3,4,9.3,2.45,1,0,0.0,50.0,2,0,2,0.0,4,0,1,305,63.3,53.6,53.1,,0,0,4,0,0.0,63.5,0.0,0,0,0,0,0,0,0.0,19,4.8
12,Jack Turner,162969,QB,LA TECH,1,33.3,3,4,21.3,2.48,0,0,0.0,25.0,1,0,2,0.0,4,0,0,208,63.3,52.0,51.3,,1,0,4,0,0.0,39.6,0.0,0,0,0,0,0,0,0.0,6,1.5
12,Ethan Crawford,173571,QB,SO MISS,1,50.0,4,4,25.0,3.94,0,1,25.0,50.0,2,0,7,0.0,10,0,3,296,19.4,52.6,37.6,67.7,0,0,10,0,42.9,135.4,30.0,3,3,0,0,1,1,10.0,52,13.0
12,Jordan Travis,77615,QB,FLORIDA ST,1,50.0,4,4,17.0,2.8,0,0,0.0,50.0,2,0,0,0.0,4,0,1,167,65.2,54.4,38.5,69.2,0,0,4,0,,65.6,0.0,0,0,0,0,0,1,25.0,21,5.3
12,Mikele Colasurdo,123851,QB,GA STATE,1,75.0,4,4,8.5,2.14,0,1,25.0,75.0,3,0,1,0.0,5,0,2,175,63.8,78.3,71.4,64.9,0,0,5,0,0.0,104.2,0.0,0,1,0,0,0,0,0.0,38,9.5
12,Jalon Jones,104762,QB,CHARLOTTE,1,75.0,4,4,4.3,2.06,0,0,0.0,75.0,3,0,1,0.0,5,0,1,136,68.0,46.2,58.7,47.6,0,0,6,0,100.0,88.5,20.0,1,0,0,0,0,0,0.0,23,5.8
12,Brady Lichtenberg,144226,QB,CINCINNATI,1,66.7,3,3,6.3,3.3,0,0,0.0,66.7,2,0,2,0.0,4,0,1,138,5.1,27.8,26.1,54.5,0,0,4,0,50.0,92.4,25.0,1,0,0,0,0,2,50.0,25,8.3
12,Tahj Bullock,144070,QB,AKRON,1,100.0,2,3,2.0,3.02,0,0,0.0,66.7,2,0,4,0.0,5,0,1,102,71.7,64.2,64.6,60.9,0,0,5,0,50.0,109.7,40.0,2,0,0,1,1,0,0.0,8,2.7
12,Zak Burnett,139061,QB,LIBERTY,1,33.3,3,3,6.0,2.83,0,0,0.0,0.0,0,0,2,100.0,4,1,0,206,66.6,44.3,43.3,57.9,0,0,4,0,0.0,39.6,0.0,0,1,0,0,0,0,0.0,0,0.0
12,Brian Garcia,121416,QB,LA MONROE,1,33.3,3,3,10.7,4.3,0,0,0.0,33.3,1,0,2,0.0,3,0,1,209,63.3,68.4,67.7,,0,0,4,0,0.0,43.8,0.0,0,0,0,0,0,0,0.0,10,3.3
12,Brock Glenn,170335,QB,FLORIDA ST,1,66.7,3,3,6.0,3.18,0,1,25.0,66.7,2,0,3,0.0,6,0,1,167,16.8,59.3,62.5,57.0,0,0,7,0,0.0,106.3,0.0,0,2,0,0,0,0,0.0,35,11.7
12,Devon Dampier,171556,QB,NEW MEXICO,1,66.7,3,3,19.7,3.1,0,1,25.0,66.7,2,0,1,0.0,3,0,2,241,26.9,81.9,84.4,67.7,0,0,4,2,0.0,149.3,0.0,0,0,0,0,1,1,25.0,59,19.7
12,Desmond Trotter,83552,QB,S ALABAMA,1,66.7,3,3,3.7,2.7,0,0,0.0,66.7,2,0,2,0.0,4,0,2,288,65.2,77.8,66.3,70.2,0,0,4,0,0.0,85.4,0.0,0,1,0,0,0,0,0.0,20,6.7
12,Layne Hatcher,82068,QB,BALL ST,1,100.0,3,3,-3.3,1.87,0,0,0.0,100.0,3,0,1,0.0,3,0,2,117,64.8,64.8,63.9,60.0,0,0,3,0,0.0,90.3,0.0,0,0,0,0,0,0,0.0,17,5.7
12,Trey Lowe,77669,QB,LIBERTY,1,33.3,3,3,7.7,3.53,0,0,0.0,0.0,0,0,2,100.0,3,1,0,206,67.7,48.6,45.1,59.0,0,0,3,0,0.0,39.6,0.0,0,0,0,0,0,0,0.0,0,0.0
12,Ahmad Haston,173396,QB,UMASS,1,100.0,3,3,13.0,2.3,0,0,0.0,100.0,3,0,0,0.0,3,0,3,216,62.7,86.2,85.4,,0,0,3,0,,158.3,0.0,0,0,0,0,1,0,0.0,54,18.0
12,Steve Angeli,156966,QB,NOTRE DAME,1,100.0,3,3,11.0,1.7,0,1,33.3,100.0,3,0,0,0.0,3,0,2,258,62.7,91.1,91.1,,0,0,3,0,,156.3,0.0,0,0,0,0,1,0,0.0,36,12.0
12,John Mateer,158516,QB,WASH STATE,1,66.7,3,3,7.0,1.8,0,0,0.0,66.7,2,0,0,0.0,3,0,1,341,69.7,55.4,49.5,61.4,0,0,3,1,,109.7,0.0,0,0,0,0,0,0,0.0,54,18.0
12,Gavin Kuld,176573,QB,COLORADO,1,33.3,3,3,4.3,3.32,0,0,0.0,33.3,1,1,2,0.0,5,0,1,143,17.5,24.9,28.3,35.0,0,1,6,1,50.0,20.8,20.0,1,1,0,0,0,1,16.7,22,7.3
12,Jayden de Laura,131928,QB,ARIZONA,1,100.0,2,2,13.5,2.03,0,1,50.0,100.0,2,0,1,0.0,3,0,1,109,62.7,85.3,84.7,,0,0,3,0,100.0,158.3,33.3,1,0,0,0,1,0,0.0,51,25.5
12,Aidan Chiles,173727,QB,OREGON ST,1,100.0,1,2,5.0,2.03,1,0,0.0,50.0,1,0,1,0.0,3,0,0,265,62.7,56.5,56.4,,0,0,3,0,100.0,56.3,33.3,1,0,0,0,0,0,0.0,5,2.5
12,Lincoln Kienholz,170256,QB,OHIO STATE,1,100.0,2,2,-2.5,1.7,0,0,0.0,100.0,2,0,0,0.0,2,0,1,260,61.8,63.6,62.7,,0,0,2,0,,81.3,0.0,0,0,0,0,0,0,0.0,7,3.5
12,Dylan Lonergan,172386,QB,ALABAMA,1,100.0,2,2,4.5,1.95,0,0,0.0,100.0,2,0,0,0.0,2,0,0,103,67.6,68.1,61.7,64.3,0,0,2,0,,91.7,0.0,0,0,0,0,0,0,0.0,12,6.0
12,Dom Shoffner,62788,QB,CHARLOTTE,1,0.0,2,2,12.5,4.5,0,0,0.0,0.0,0,0,3,,3,0,1,136,62.7,49.7,56.0,56.7,0,1,3,0,0.0,0.0,0.0,0,1,0,0,0,0,0.0,0,0.0
12,C.J. Ogbonna,149182,QB,BUFFALO,1,0.0,1,2,30.0,4.1,0,0,0.0,0.0,0,0,1,,2,0,0,126,75.3,63.7,55.6,63.0,0,0,2,0,0.0,39.6,0.0,0,0,0,1,0,0,0.0,0,0.0
12,John Busha,173849,QB,AIR FORCE,1,50.0,2,2,18.0,2.4,0,0,0.0,50.0,1,0,1,0.0,2,0,1,101,62.7,49.7,49.8,,0,0,3,0,0.0,87.5,0.0,0,0,0,0,0,0,0.0,21,10.5
12,Miles Cross,145887,WR,OHIO,1,100.0,1,1,5.0,3.7,0,0,0.0,100.0,1,0,1,0.0,1,0,0,259,64.6,65.6,60.4,,0,0,1,0,0.0,95.8,0.0,0,0,0,0,0,0,0.0,7,7.0
12,Tadd Barr,145662,WR,BUFFALO,1,100.0,1,1,10.0,1.7,0,0,0.0,100.0,1,0,0,0.0,1,0,1,126,60.3,70.6,75.4,,0,0,1,0,,118.8,0.0,0,0,0,0,0,0,0.0,27,27.0
12,Sawyer Robertson,146839,QB,BAYLOR,1,100.0,1,1,2.0,3.8,0,0,0.0,100.0,1,0,1,0.0,2,0,1,118,61.8,41.8,56.8,56.4,0,0,2,0,0.0,79.2,0.0,0,1,0,0,0,0,0.0,2,2.0
12,Marshall Nichols,146864,P,UNLV,1,100.0,1,1,11.0,2.8,0,0,0.0,100.0,1,0,0,0.0,1,0,1,325,60.3,62.2,63.0,,0,0,1,0,,116.7,0.0,0,0,0,0,0,0,0.0,12,12.0
12,Bryson Daily,147303,QB,ARMY,1,0.0,1,1,18.0,3.0,0,0,0.0,0.0,0,0,0,,1,0,0,114,77.7,72.0,56.6,68.3,0,0,1,0,,39.6,0.0,0,0,0,0,0,0,0.0,0,0.0
12,Caleb Hood,143964,HB,N CAROLINA,1,,0,1,,3.4,0,0,0.0,0.0,0,0,1,,1,0,0,245,60.3,56.5,60.0,,0,0,1,0,0.0,39.6,0.0,0,0,0,1,0,0,0.0,0,0.0
12,Trayvon Rudolph,130577,WR,N ILLINOIS,1,100.0,1,1,-1.0,3.1,0,0,0.0,100.0,1,0,1,0.0,1,0,0,254,69.6,61.2,60.4,60.3,0,0,1,0,0.0,95.8,0.0,0,0,0,0,0,0,0.0,7,7.0
12,Logan Smothers,129713,QB,JVILLE ST,1,0.0,1,1,18.0,2.0,0,0,0.0,0.0,0,0,1,,1,0,0,196,65.9,56.0,49.6,62.7,0,0,1,0,0.0,39.6,0.0,0,0,0,0,0,0,0.0,0,0.0
12,Dane Olson,128163,WR,COLO STATE,1,0.0,1,1,2.0,5.6,0,0,0.0,0.0,0,0,1,,1,0,0,144,60.3,51.6,60.6,,0,0,1,0,0.0,39.6,0.0,0,0,0,0,0,0,0.0,0,0.0
12,Jabre Barber,123689,WR,TROY,1,100.0,1,1,19.0,3.0,0,0,0.0,100.0,1,0,1,0.0,1,0,1,318,69.1,78.6,72.6,,0,0,1,0,0.0,118.8,0.0,0,0,0,0,0,0,0.0,20,20.0
12,Terrell Vaughn,157634,WR,UTAH ST,1,0.0,1,1,8.0,3.3,0,0,0.0,0.0,0,0,1,,1,0,0,329,66.7,46.9,26.6,,0,1,1,0,0.0,0.0,0.0,0,0,0,0,0,1,100.0,0,0.0
12,Owen McCown,157688,QB,UTSA,1,100.0,1,1,6.0,1.6,0,0,0.0,100.0,1,0,0,0.0,1,0,0,331,65.9,62.1,60.4,60.1,0,0,1,0,,100.0,0.0,0,0,0,0,0,0,0.0,8,8.0
12,Brandon Engel,157926,TE,AIR FORCE,1,100.0,1,1,4.0,2.9,0,0,0.0,100.0,1,0,1,0.0,1,0,0,101,72.4,57.4,60.6,,0,0,1,0,0.0,83.3,0.0,0,0,0,0,0,0,0.0,4,4.0
12,Braden Davis,158114,QB,SYRACUSE,1,100.0,1,1,-4.0,0.6,0,0,0.0,100.0,1,0,0,0.0,1,0,0,304,64.2,50.9,38.6,,0,0,2,0,,79.2,0.0,0,0,0,0,0,1,50.0,-6,-6.0
12,Jahmal Banks,123373,WR,WAKE,1,100.0,1,1,17.0,4.2,0,0,0.0,100.0,1,0,0,0.0,1,0,1,339,65.9,72.3,72.6,,0,0,1,0,,118.8,0.0,0,0,0,0,0,0,0.0,17,17.0
12,Luke MacPhail,123046,QB,SYRACUSE,1,0.0,1,1,10.0,1.6,0,0,0.0,0.0,0,0,0,,1,0,0,304,60.3,26.3,26.8,,0,1,1,0,,0.0,0.0,0,0,0,0,0,1,100.0,0,0.0
12,Garrett Mmahat,158421,QB,TULANE,1,0.0,1,1,31.0,3.2,0,0,0.0,0.0,0,0,0,,1,0,0,319,60.3,48.2,49.9,,0,0,1,0,,39.6,0.0,0,0,0,0,0,0,0.0,0,0.0
12,Ben Finley,122864,QB,CAL,1,0.0,1,1,8.0,4.3,0,0,0.0,0.0,0,0,1,,1,0,0,130,60.3,60.7,60.4,,0,0,1,0,0.0,39.6,0.0,0,0,0,0,0,0,0.0,0,0.0
12,Tetairoa McMillan,158735,WR,ARIZONA,1,100.0,1,1,29.0,3.7,0,0,0.0,100.0,1,0,0,0.0,1,0,1,109,67.3,77.2,76.6,,0,0,1,0,,158.3,0.0,0,0,0,0,1,0,0.0,21,21.0
12,Jacolby Criswell,122830,QB,ARKANSAS,1,100.0,1,1,-2.0,3.6,0,0,0.0,100.0,1,0,0,0.0,2,0,0,111,64.4,53.9,60.6,55.6,0,0,2,0,,79.2,0.0,0,1,0,0,0,0,0.0,0,0.0
12,Ross James,163296,P,OREGON,1,0.0,1,1,17.0,4.8,0,0,0.0,0.0,0,0,1,,1,0,0,264,23.7,26.1,30.5,,0,1,1,0,0.0,0.0,0.0,0,0,0,0,0,1,100.0,0,0.0
12,Ahmarian Granger,163529,WR,DOMINION,1,100.0,1,1,3.0,3.4,0,0,0.0,100.0,1,0,0,0.0,1,0,1,263,64.6,72.2,61.0,,0,0,1,0,,158.3,0.0,0,0,0,0,1,0,0.0,30,30.0
12,Dillon Bell,163734,WR,GEORGIA,1,100.0,1,1,22.0,2.5,0,0,0.0,100.0,1,0,0,0.0,1,0,1,173,68.2,89.1,76.2,59.6,0,0,1,0,,158.3,0.0,0,0,0,0,1,0,0.0,18,18.0
12,Frank Gore Jr.,121457,HB,SO MISS,1,100.0,1,1,6.0,2.9,0,0,0.0,0.0,0,0,0,100.0,1,1,0,296,77.4,78.7,59.8,73.7,0,0,2,0,,39.6,0.0,0,0,0,0,0,0,0.0,0,0.0
12,Beau Pribula,164182,QB,PENN STATE,1,100.0,1,1,-1.0,2.95,0,0,0.0,100.0,1,0,0,0.0,2,0,1,266,21.2,80.7,60.4,72.9,0,0,2,0,,104.2,0.0,0,1,0,0,0,0,0.0,9,9.0
12,KC Concepcion,170362,WR,NC STATE,1,100.0,1,1,18.0,2.4,0,0,0.0,100.0,1,0,0,0.0,1,0,1,248,73.0,77.8,72.6,68.8,0,0,1,0,,158.3,0.0,0,0,0,0,1,0,0.0,17,17.0
12,Champ Harris,170979,QB,ARMY,1,0.0,1,1,23.0,2.7,0,0,0.0,0.0,0,0,0,,1,0,0,114,60.3,58.4,58.4,,0,1,1,0,,0.0,0.0,0,0,0,0,0,0,0.0,0,0.0
12,Jaelen Gill,82535,WR,FRESNO ST,1,0.0,1,1,22.0,3.1,0,0,0.0,0.0,0,0,1,,1,0,0,169,69.3,56.6,50.4,59.5,0,0,1,0,0.0,39.6,0.0,0,0,0,0,0,0,0.0,0,0.0
12,Marcel Reed,175940,QB,TEXAS A&M,1,100.0,1,1,9.0,1.5,0,0,0.0,100.0,1,0,0,0.0,1,0,1,312,60.3,72.8,71.9,,0,0,1,0,,158.3,0.0,0,0,0,0,1,0,0.0,13,13.0
12,Joseph Manjack IV,146413,WR,HOUSTON,1,100.0,1,1,-3.0,3.3,0,0,0.0,100.0,1,0,0,0.0,1,0,1,182,65.3,68.0,60.4,,0,0,1,0,,158.3,0.0,0,0,0,0,1,0,0.0,28,28.0
12,Brian Maurer,99123,QB,STF AUSTIN,1,72.0,50,54,10.4,2.69,3,1,1.8,55.6,30,0,9,16.7,57,6,18,301,70.5,72.9,74.1,53.2,0,1,60,1,22.2,78.3,3.5,2,1,0,1,2,1,1.7,328,6.1
12,Derek Robertson,142298,QB,MAINE,1,68.0,50,52,8.2,2.01,1,0,0.0,61.5,32,0,12,5.9,55,2,16,212,40.7,65.2,64.5,,0,1,58,0,25.0,89.8,5.5,3,0,0,1,3,2,3.4,315,6.1
12,Aidan Sayin,148974,QB,PENN,1,72.9,48,51,7.8,2.34,2,2,3.8,58.8,30,0,14,14.3,55,5,18,267,41.7,79.6,79.6,58.7,0,4,57,0,21.4,69.4,5.5,3,1,0,1,3,3,5.3,384,7.5
12,Logan Brabham,149647,QB,MARIST,1,67.3,49,51,10.1,2.29,1,3,5.8,60.8,31,0,8,6.1,59,2,20,213,70.6,57.9,57.1,60.1,1,0,60,0,37.5,99.1,5.1,3,5,0,0,3,2,3.3,328,6.4
12,Jameson Wang,148782,QB,CORNELL,1,81.0,42,47,8.0,3.08,1,2,4.0,68.1,32,0,10,5.9,54,2,19,147,26.5,62.8,60.5,64.7,1,4,57,0,30.0,61.0,5.6,3,4,0,3,1,4,7.0,345,7.3
12,Graeson Underwood,123202,QB,CITADEL,1,50.0,46,46,13.8,2.67,0,1,2.1,47.8,22,0,18,4.3,51,1,13,139,73.1,51.7,45.4,68.6,0,1,52,0,16.7,62.2,5.9,3,2,0,0,1,3,5.8,244,5.3
12,Will McElvain,88639,QB,CENT ARK,1,68.4,38,41,6.4,2.84,0,1,2.3,53.7,22,0,12,15.4,45,4,8,132,69.5,59.9,59.7,58.4,0,1,48,0,8.3,61.3,2.2,1,3,0,3,1,2,4.2,163,4.0
12,Kekoa Visperas,147588,QB,E WASHGTON,1,67.5,40,40,10.9,3.17,0,3,7.0,60.0,24,0,17,11.1,49,3,15,161,43.6,67.7,70.1,57.2,0,3,52,0,11.8,83.6,4.1,2,7,0,0,4,4,7.7,283,7.1
12,Damon Stewart,156626,QB,ALABAMA ST,1,73.7,38,40,11.2,3.32,0,0,0.0,67.5,27,0,12,3.6,47,1,16,105,23.0,64.6,57.2,81.2,0,0,47,0,41.7,113.3,10.6,5,2,1,1,2,3,6.4,368,9.2
12,Parker McKinney,82109,QB,E KENTUCKY,1,74.3,35,39,7.6,2.86,0,1,2.4,64.1,25,0,12,3.8,42,1,14,159,33.7,67.6,66.3,62.1,0,0,44,0,8.3,91.5,2.4,1,2,0,4,1,2,4.5,257,6.6
12,Isaiah Bess,142826,QB,CHARLES SO,1,58.3,36,39,8.5,2.12,0,0,0.0,46.2,18,0,9,14.3,42,3,7,135,33.8,45.4,45.2,57.7,0,0,42,0,22.2,57.2,4.8,2,0,1,2,0,1,2.4,156,4.0
12,Theo Day,83515,QB,N IOWA,1,73.0,37,39,8.7,2.73,0,5,12.5,61.5,24,0,19,11.1,46,3,18,255,35.5,61.8,62.3,55.6,2,4,47,0,31.6,67.3,13.0,6,1,0,0,2,5,10.6,341,8.7
12,CJ Montes,146114,QB,FORDHAM,1,70.6,34,38,9.9,2.84,2,1,2.5,57.9,22,0,12,8.3,45,2,13,168,69.9,65.1,65.8,57.7,1,0,48,1,25.0,83.2,6.7,3,4,0,1,1,0,0.0,220,5.8
12,Kinkead Dent,99132,QB,TENN MARTN,1,63.9,36,38,13.0,2.53,0,2,4.8,60.5,23,0,5,0.0,38,0,11,310,69.6,59.6,59.7,57.2,1,2,42,0,0.0,66.0,0.0,0,0,0,1,1,3,7.1,243,6.4
12,Mekhi Hagens,167009,QB,ARKAPB,1,61.3,31,38,10.0,3.4,0,2,5.3,39.5,15,0,16,21.1,45,4,15,112,42.2,75.6,74.2,65.3,1,0,46,0,6.3,65.0,2.2,1,6,0,6,1,0,0.0,194,5.1
12,Zach Calzada,98006,QB,INCAR WORD,1,76.3,38,38,10.8,2.14,0,5,12.8,76.3,29,0,4,0.0,40,0,16,189,69.1,78.4,78.9,57.8,0,0,41,0,0.0,145.4,0.0,0,1,0,0,4,2,4.9,407,10.7
12,Carson Jones,159807,QB,FURMAN,1,61.1,36,37,10.5,2.44,1,0,0.0,48.6,18,0,6,18.2,40,4,6,170,34.4,40.3,47.4,34.5,0,0,43,0,33.3,55.1,5.0,2,1,0,0,0,1,2.3,99,2.7
12,Kobe Tracy,141317,QB,UTAHTC,1,55.6,36,37,12.0,2.75,0,0,0.0,48.6,18,0,9,10.0,39,2,11,1285,33.2,77.5,84.8,41.5,1,1,39,0,0.0,56.4,0.0,0,2,0,0,0,0,0.0,222,6.0
12,Jake Willcox,148649,QB,BROWN,1,62.5,32,37,8.6,2.42,1,1,2.5,54.1,20,0,16,0.0,43,0,10,123,69.4,47.8,45.5,63.1,1,1,46,0,31.3,67.2,11.6,5,1,0,3,1,5,10.9,198,5.4
12,Colby Suits,82143,QB,HOUCHR,1,62.2,37,37,9.6,2.48,0,2,5.1,62.2,23,0,15,0.0,39,0,9,183,70.8,46.2,41.7,65.9,0,2,41,0,6.7,63.2,2.6,1,1,0,0,1,4,9.8,203,5.5
12,Kasim Hill,60444,QB,RHODE ISLD,1,69.4,36,36,11.1,2.5,0,1,2.6,63.9,23,0,8,8.0,42,2,14,274,38.8,56.3,62.7,45.8,0,1,44,2,50.0,94.6,9.5,4,2,0,0,1,1,2.3,359,10.0
12,Michael Hiers,88636,QB,SAMFORD,1,87.5,32,35,8.5,2.66,1,4,9.5,68.6,24,0,9,14.3,41,4,10,282,15.5,55.1,72.7,28.8,0,0,48,0,33.3,94.9,7.3,3,3,0,2,1,2,4.2,220,6.3
12,Brady Meitz,149729,QB,STETSON,1,69.7,33,35,10.5,2.64,0,3,8.1,62.9,22,0,21,4.3,46,1,17,302,26.4,56.1,57.7,55.1,0,3,48,1,19.0,82.8,8.7,4,6,0,2,3,5,10.4,298,8.5
12,Jordan Pachot,164809,QB,MO STATE,1,81.8,33,35,8.2,2.58,0,2,5.6,65.7,23,0,10,14.8,38,4,11,230,69.4,78.5,77.6,62.5,2,0,39,0,20.0,107.0,5.3,2,1,0,0,2,3,7.7,261,7.5
12,Pierce Holley,108981,QB,E ILLINOIS,1,83.9,31,34,8.6,2.8,0,2,5.6,67.6,23,0,9,11.5,35,3,10,158,70.2,80.9,81.9,57.4,0,0,37,2,0.0,115.6,0.0,0,1,0,3,3,1,2.7,226,6.6
12,Jace Wilson,149892,QB,TEXAS STHN,1,70.0,30,34,8.3,2.87,1,1,2.9,58.8,20,0,4,4.8,39,1,9,313,69.5,72.5,74.3,54.1,0,0,40,0,25.0,70.3,2.6,1,4,1,2,0,2,5.0,157,4.6
12,Maverick McIvor,99476,QB,ABILENE CH,1,60.6,33,34,8.4,2.05,1,1,2.9,55.9,19,0,7,5.0,35,1,9,100,68.6,53.4,54.3,,0,0,35,1,14.3,66.9,2.9,1,0,0,0,0,2,5.7,149,4.4
12,Tyler Knoop,108982,QB,GEORGETOWN,1,67.6,34,34,7.7,2.63,0,2,5.6,61.8,21,0,10,8.7,38,2,11,172,70.3,76.1,76.9,59.7,0,0,40,0,20.0,85.9,5.3,2,2,0,0,1,0,0.0,184,5.4
12,Bret Bushka,108927,QB,BUTLER,1,67.7,31,34,6.4,2.51,0,0,0.0,61.8,21,0,10,0.0,41,0,9,127,70.1,64.4,61.2,65.4,0,0,43,0,40.0,70.7,9.8,4,3,0,3,0,2,4.7,140,4.1
12,Jaden Craig,159342,QB,HARVARD,1,65.6,32,33,10.4,2.95,0,1,2.8,60.6,20,0,22,4.8,38,1,11,179,43.8,51.4,56.1,49.3,0,1,41,0,22.7,91.1,13.2,5,0,0,1,2,1,2.4,245,7.4
12,Tommy Rittenhouse,148028,QB,ILL STATE,1,77.4,31,33,8.3,2.89,0,1,2.9,63.6,21,0,14,12.5,36,3,13,188,71.4,84.6,84.3,66.2,0,0,38,0,0.0,95.6,0.0,0,3,0,2,1,0,0.0,241,7.3
12,Zach Tanner,159923,QB,ROB MORRIS,1,62.5,32,33,9.3,2.76,0,3,9.1,51.5,17,0,13,15.0,37,3,7,277,68.8,85.2,82.9,64.1,0,0,37,2,23.1,75.6,8.1,3,1,0,1,1,3,8.1,162,4.9
12,Blake Stenstrom,82106,QB,PRINCETON,1,74.1,27,32,6.5,2.71,1,2,6.1,56.3,18,0,11,10.0,35,2,8,272,39.8,66.3,67.2,59.2,1,0,36,0,18.2,90.0,5.7,2,1,0,3,2,2,5.6,155,4.8
12,Jordyn Potts,174577,QB,TENN TECH,1,63.0,27,32,7.9,2.68,0,1,2.9,50.0,16,0,9,5.9,33,1,13,309,70.5,73.0,70.1,68.4,0,0,35,0,0.0,88.5,0.0,0,1,0,5,2,2,5.7,184,5.8
12,Bryce Patterson,160569,QB,MOREHEAD,1,50.0,30,31,14.3,2.76,0,3,9.1,48.4,15,0,17,0.0,33,0,8,234,31.9,48.9,54.4,46.1,0,3,35,1,5.9,52.0,3.0,1,1,0,1,2,3,8.6,206,6.6
12,Sam Huard,146463,QB,CAL POLY,1,63.0,27,31,10.5,2.63,1,0,0.0,48.4,15,0,12,11.8,36,2,11,129,68.6,62.1,61.6,,0,2,36,0,33.3,62.0,11.1,4,0,0,3,2,2,5.6,186,6.0
12,Dante Perri,143112,QB,LEHIGH,1,66.7,27,31,6.7,2.52,3,1,3.0,54.8,17,0,5,5.6,34,1,10,205,32.6,55.5,47.8,72.2,0,1,36,0,20.0,72.5,2.9,1,2,0,1,2,2,5.6,124,4.0
12,Brody Palhegyi,150004,QB,W CAROLINA,1,65.5,29,31,9.1,3.28,2,1,3.2,58.1,18,0,12,5.3,42,1,14,344,22.3,58.0,62.3,52.8,0,1,42,0,16.7,81.8,4.8,2,9,0,0,1,3,7.1,253,8.2
12,Jayden Stinson,138056,QB,MURRAY ST,1,46.7,30,30,13.8,2.87,0,4,12.9,40.0,12,0,14,14.3,34,2,9,236,69.1,68.9,69.5,57.8,0,1,35,0,14.3,76.8,5.9,2,2,0,0,2,2,5.7,238,7.9
12,Luke Bailey,143172,QB,DRAKE,1,72.4,29,30,9.6,2.97,0,0,0.0,53.3,16,0,8,23.8,31,5,10,153,32.1,68.3,73.2,46.1,0,0,34,1,0.0,74.3,0.0,0,1,0,1,1,1,2.9,120,4.0
12,Reese Poffenbarger,145346,QB,ALBANY,1,71.4,28,29,12.4,2.57,0,4,13.8,65.5,19,0,8,5.0,31,1,10,106,69.8,75.0,71.6,67.8,0,1,31,0,0.0,117.5,0.0,0,2,0,1,4,1,3.2,248,8.6
12,Kamden Sixkiller,133096,QB,MCNEESE,1,55.2,29,29,12.4,2.51,0,2,6.9,55.2,16,0,7,0.0,34,0,10,217,69.1,68.2,64.1,69.0,0,2,34,0,14.3,83.4,2.9,1,3,0,0,3,1,2.9,206,7.1
12,Ashur Carraha,165036,QB,STHLSK,1,41.4,29,29,15.6,2.71,0,1,3.2,37.9,11,0,2,8.3,30,1,8,1470,68.5,39.3,38.5,64.1,0,1,33,1,0.0,52.5,0.0,0,0,0,0,1,2,6.1,151,5.2
12,Justin Miller,103941,QB,SO UTAH,1,73.9,23,28,7.9,3.17,0,0,0.0,60.7,17,0,11,0.0,31,0,11,298,69.9,75.2,72.5,66.4,0,0,32,0,0.0,89.1,0.0,0,3,0,5,1,1,3.1,165,5.9
12,Ralph Rucker IV,144625,QB,BUCKNELL,1,92.9,28,28,6.0,2.51,0,1,3.4,82.1,23,0,0,11.5,31,3,20,125,68.9,90.1,88.3,68.7,0,0,32,0,,143.0,0.0,0,3,0,0,3,0,0.0,273,9.8
12,Shea Kuykendall,159025,QB,N COLORADO,1,80.0,25,28,6.0,2.09,1,1,3.6,67.9,19,0,2,5.0,29,1,11,253,70.6,67.7,60.2,72.9,1,0,29,1,0.0,93.5,0.0,0,1,1,0,0,1,3.4,234,8.4
12,Cade Chambers,148066,QB,INDIANA ST,1,55.6,27,28,8.7,2.52,0,0,0.0,50.0,14,0,10,6.7,32,1,9,191,68.3,49.2,45.5,64.9,0,0,33,0,30.0,64.3,9.4,3,1,0,1,0,2,6.1,138,4.9
12,Zevi Eckhaus,148535,QB,BRYANT,1,82.1,28,28,12.9,2.74,0,5,17.2,78.6,22,0,5,4.3,33,1,18,124,70.1,93.3,93.9,62.6,0,1,35,0,40.0,143.5,6.1,2,3,0,0,6,0,0.0,394,14.1
12,Draylen Ellis,121346,QB,TENN STATE,1,58.3,24,28,8.3,2.81,0,1,3.4,46.4,13,0,11,7.1,33,1,2,308,72.0,57.5,47.7,71.6,0,1,34,0,27.3,38.4,9.1,3,2,0,4,0,2,5.9,79,2.8
12,Kaiden Bennett,147778,QB,SACRAMENTO,1,84.6,26,28,7.4,3.21,1,0,0.0,67.9,19,0,10,13.6,31,3,11,279,30.4,68.5,74.8,49.5,0,1,31,0,20.0,114.0,6.5,2,1,0,1,3,1,3.2,232,8.3
12,Nathan Brown,177760,QB,SAN DIEGO,1,88.5,26,27,5.6,2.39,0,2,7.1,77.8,21,0,5,8.7,29,2,12,283,68.2,94.3,94.8,62.1,1,0,30,0,0.0,125.2,0.0,0,2,0,0,2,0,0.0,219,8.1
12,Noah Walters,164315,QB,N ALABAMA,1,56.0,25,27,5.8,2.29,2,0,0.0,48.1,13,0,11,7.1,31,1,4,389,23.4,28.7,27.8,53.4,0,1,33,0,27.3,64.0,9.7,3,1,0,0,2,3,9.1,65,2.4
12,Dean DeNobile,159740,QB,LAFAYETTE,1,77.8,27,27,8.9,2.85,0,2,7.4,70.4,19,0,5,9.5,30,2,13,203,69.8,89.5,91.6,54.9,0,0,30,0,0.0,135.6,0.0,0,3,0,0,3,1,3.3,245,9.1
12,Nic Baker,87541,QB,S ILLINOIS,1,88.9,27,27,7.6,2.66,0,3,10.7,81.5,22,0,15,8.3,35,2,13,295,69.2,86.1,88.9,57.1,0,1,37,0,33.3,132.3,14.3,5,3,0,0,3,0,0.0,285,10.6
12,Rob McCoy,108989,QB,SACR HEART,1,79.2,24,27,5.4,2.21,1,1,3.4,63.0,17,0,5,10.5,29,2,7,280,71.2,66.6,62.1,67.3,1,0,31,1,20.0,77.1,3.4,1,1,0,1,0,1,3.2,146,5.4
12,Richie Munoz,173668,QB,WEBER ST,1,96.2,26,27,11.8,2.54,0,2,6.5,77.8,21,0,6,16.0,29,4,15,342,71.6,92.5,92.8,64.2,0,0,33,0,16.7,157.0,3.4,1,1,0,1,5,1,3.0,329,12.2
12,Jack Layne,158966,QB,IDAHO,1,87.5,24,26,8.1,3.31,1,3,11.5,76.9,20,0,18,4.8,32,1,12,185,69.9,90.9,90.2,71.8,0,0,32,0,5.6,149.7,3.1,1,5,0,1,6,0,0.0,274,10.5
12,Mitch Davidson,138334,QB,YNGTOWN ST,1,88.5,26,26,6.1,2.43,0,0,0.0,88.5,23,0,5,0.0,28,0,12,353,68.7,79.4,76.7,65.4,0,0,29,0,20.0,134.5,3.6,1,1,0,0,4,2,6.9,176,6.8
12,Aaron Allen,78494,QB,ALCORN ST,1,76.0,25,26,10.9,2.67,0,3,10.7,69.2,18,0,10,5.3,27,1,10,107,69.8,90.5,90.6,62.8,0,1,30,0,10.0,120.7,3.7,1,0,0,1,3,0,0.0,240,9.2
12,Mike DiLiello,121801,QB,AUSTINPEAY,1,73.1,26,26,8.0,2.26,0,0,0.0,73.1,19,0,8,0.0,29,0,8,116,71.6,63.9,64.1,59.2,0,0,31,0,25.0,92.5,6.9,2,1,0,0,0,0,0.0,184,7.1
12,Carson Conklin,170765,QB,SACRAMENTO,1,56.5,23,25,9.2,2.51,2,0,0.0,52.0,13,0,4,0.0,25,0,5,279,67.8,47.6,47.2,,0,1,26,0,0.0,50.3,0.0,0,0,0,0,0,2,7.7,129,5.2
12,Tyler Wesley,162286,QB,PRESBYTERN,1,56.5,23,25,16.9,2.58,2,4,16.0,44.0,11,0,7,15.4,27,2,7,271,72.2,74.5,72.3,65.9,0,1,27,0,0.0,80.6,0.0,0,2,0,0,2,1,3.7,191,7.6
12,Chris Zellous,153319,QB,HAMPTON,1,52.2,23,25,11.6,2.6,0,1,3.6,48.0,12,0,11,0.0,29,0,7,178,71.6,57.0,57.4,56.8,1,1,32,0,27.3,60.3,10.3,3,1,0,1,1,1,3.1,129,5.2
12,Walter Simmons III,151059,QB,BETH COOK,1,43.5,23,25,8.3,2.72,2,0,0.0,36.0,9,0,16,10.0,30,1,5,119,71.3,42.4,34.7,62.4,0,1,34,0,6.3,28.8,3.3,1,3,0,0,0,2,5.9,80,3.2
12,Matt Morrissey,148177,QB,W ILLINOIS,1,77.3,22,25,5.4,2.95,0,0,0.0,56.0,14,0,15,17.6,31,3,8,345,30.0,58.2,61.9,52.5,2,0,31,0,26.7,82.1,12.9,4,2,0,1,1,1,3.2,120,4.8
12,Zachary Clement,105561,QB,SE LA,1,63.6,22,25,7.8,1.98,1,1,4.0,48.0,12,0,2,14.3,25,2,5,294,74.3,68.1,64.6,65.2,0,0,25,0,0.0,58.4,0.0,0,0,0,2,0,0,0.0,98,3.9
12,Rowan Keefe,165386,QB,VALPO,1,66.7,24,25,11.3,2.42,1,0,0.0,52.0,13,0,7,18.8,33,3,9,332,69.6,57.2,60.9,54.8,0,0,35,2,57.1,81.3,12.1,4,4,0,0,1,1,2.9,135,5.4
12,Pat McQuaide,145792,QB,NICHOLLS,1,87.5,24,25,8.8,2.29,0,1,3.7,80.0,20,0,6,4.8,27,1,8,243,70.6,75.8,72.7,67.5,0,1,29,0,33.3,126.7,7.4,2,0,0,1,2,1,3.4,300,12.0
12,Max Brosmer,105568,QB,NEW HAMP,1,70.8,24,25,9.0,2.54,0,0,0.0,64.0,16,0,12,5.9,29,1,14,240,30.4,75.1,74.6,62.0,0,0,31,0,25.0,140.2,10.3,3,1,0,1,3,1,3.2,271,10.8
12,Connor Watkins,108971,QB,VILLANOVA,1,73.9,23,24,10.6,2.37,0,3,11.1,66.7,16,0,7,5.9,27,1,10,334,68.8,90.7,90.5,64.4,0,0,30,1,14.3,124.1,3.7,1,2,0,1,2,0,0.0,223,9.3
12,Collin Ironside,139107,QB,VA MILT IN,1,58.3,24,24,11.4,2.6,0,2,7.7,50.0,12,0,5,14.3,27,2,9,336,33.4,66.4,67.3,60.2,0,1,29,0,40.0,60.1,7.4,2,1,0,0,0,3,10.3,194,8.1
12,Joe Green,101283,QB,COLUMBIA,1,56.5,23,24,9.7,2.37,0,0,0.0,45.8,11,0,3,15.4,24,2,5,145,67.7,54.0,52.7,,0,0,25,0,0.0,54.2,0.0,0,0,0,1,0,0,0.0,80,3.3
12,Jeremy Moussa,75887,QB,FL A&M,1,66.7,24,24,6.6,2.66,0,0,0.0,62.5,15,0,8,6.3,25,1,9,164,67.8,69.4,66.4,64.3,0,0,26,0,0.0,81.1,0.0,0,1,0,0,0,0,0.0,155,6.5
12,Malakai Anthony,142524,QB,MERRIMACK,1,42.9,21,23,13.3,3.22,1,0,0.0,39.1,9,0,12,0.0,26,0,5,385,29.7,38.3,29.9,64.6,1,1,27,0,8.3,29.1,3.8,1,2,0,0,0,3,11.1,68,3.0
12,Dante Chachere,103930,QB,PORTLAND,1,61.9,21,23,16.5,3.4,0,2,7.1,52.2,12,1,14,7.7,30,1,12,269,42.3,65.3,52.0,73.7,0,2,36,1,14.3,56.1,6.7,2,4,0,2,1,4,11.1,178,7.7
12,Mark Gronowski,138303,QB,S DAK ST,1,81.0,21,23,13.1,2.69,1,2,7.4,69.6,16,0,5,5.9,27,1,16,292,69.8,92.7,90.9,81.2,0,0,31,0,20.0,141.1,3.7,1,3,0,1,2,0,0.0,323,14.0
12,Miles Hastings,103943,QB,UC DAVIS,1,81.8,22,23,4.7,2.08,0,0,0.0,69.6,16,0,0,11.1,23,2,8,322,69.5,70.2,70.2,60.8,0,0,25,0,,106.3,0.0,0,0,0,1,1,1,4.0,175,7.6
12,Cole Doyle,159501,QB,ST FRANCIS,1,77.3,22,23,10.1,2.69,0,0,0.0,69.6,16,0,5,5.9,28,1,14,299,68.5,79.7,76.8,72.3,0,2,33,1,20.0,108.9,3.6,1,4,0,1,4,0,0.0,251,10.9
12,Nolan Grooms,108987,QB,YALE,1,47.8,23,23,11.2,3.33,0,1,4.2,43.5,10,0,16,9.1,30,1,9,352,24.6,47.7,40.6,61.6,0,1,31,0,18.8,66.6,10.0,3,3,0,0,2,2,6.5,96,4.2
12,Marquez McCray,109056,QB,MONMOUTH,1,81.0,21,22,2.5,3.05,0,0,0.0,72.7,16,0,13,5.9,32,1,6,231,69.0,67.2,61.0,70.4,0,1,33,0,53.8,65.5,21.9,7,3,0,1,0,0,0.0,115,5.2
12,Quinton Williams,102366,QB,HOWARD,1,60.0,20,22,11.4,2.39,0,0,0.0,54.5,12,0,9,0.0,27,0,12,184,70.6,72.4,65.3,73.4,1,0,29,1,44.4,74.6,14.8,4,1,0,1,0,2,6.9,143,6.5
12,Cam Miller,125299,QB,N DAK ST,1,85.7,21,22,8.6,3.46,0,1,4.3,77.3,17,0,11,5.6,28,1,11,250,70.2,88.6,90.2,64.5,1,0,30,0,9.1,141.9,3.6,1,5,0,0,2,0,0.0,238,10.8
12,Jake Stearney,171991,QB,COLGATE,1,57.1,21,22,7.0,2.48,0,0,0.0,50.0,11,0,11,8.3,26,1,5,142,68.3,48.3,50.0,53.0,0,2,26,0,27.3,28.2,11.5,3,1,0,1,0,2,7.7,118,5.4
12,Tommy Schuster,108954,QB,N DAKOTA,1,76.2,21,22,11.5,3.16,0,2,9.1,63.6,14,0,8,12.5,24,2,10,249,68.1,80.0,76.8,68.2,0,1,24,0,0.0,83.3,0.0,0,2,0,1,1,1,4.2,169,7.7
12,Clifton McDowell,98003,QB,MONTANA,1,85.0,20,22,6.4,2.94,0,0,0.0,77.3,17,0,11,0.0,26,0,12,232,33.5,73.4,71.4,65.7,0,0,27,0,27.3,120.1,11.5,3,1,0,2,1,0,0.0,203,9.2
12,Luke Schomburg,159795,QB,CHATTNOOGA,1,55.0,20,21,6.4,2.1,0,0,0.0,47.6,10,0,2,9.1,21,1,6,137,67.5,53.6,51.9,,1,1,23,0,0.0,43.2,0.0,0,0,0,0,0,2,8.7,107,5.1
12,Davius Richard,109077,QB,NC CENT,1,90.5,21,21,14.4,2.75,0,3,14.3,90.5,19,0,5,0.0,25,0,15,247,68.4,88.4,90.7,58.9,0,0,26,0,20.0,158.3,4.0,1,3,0,0,5,1,3.8,386,18.4
12,Tahj Smith,173837,QB,MORGAN ST,1,61.1,18,21,15.3,3.04,2,2,9.1,42.9,9,0,7,18.2,25,2,5,235,69.5,78.3,70.4,76.2,0,0,26,1,42.9,80.7,12.0,3,1,0,1,1,0,0.0,136,6.5
12,Patrick Heitert,126526,QB,SE MO ST,1,75.0,20,21,9.1,2.91,0,0,0.0,61.9,13,0,10,13.3,28,2,7,293,39.0,70.6,59.3,73.0,0,0,30,0,30.0,79.7,10.7,3,4,0,1,0,1,3.3,131,6.2
12,Nick Minicucci,173617,QB,DELAWARE,1,57.1,21,21,5.0,3.18,0,0,0.0,42.9,9,0,6,25.0,25,3,3,151,70.0,57.6,51.7,65.8,0,2,25,0,16.7,26.6,4.0,1,3,0,0,1,1,4.0,54,2.6
12,Coulter Cleland,165212,QB,DAVIDSON,1,73.7,19,21,9.4,2.28,0,2,9.1,61.9,13,0,8,7.1,26,1,3,149,71.4,59.9,60.8,57.6,0,1,27,0,25.0,63.6,7.7,2,2,0,2,1,2,7.4,70,3.3
12,Kyle Wickersham,148418,QB,RICHMOND,1,78.9,19,21,5.6,2.47,2,2,8.3,66.7,14,0,10,6.7,23,1,5,276,74.2,72.7,64.8,70.1,0,0,26,0,10.0,87.8,4.3,1,1,0,0,0,1,3.8,152,7.2
12,Darius Wilson,148492,QB,WM & MARY,1,78.9,19,21,15.3,3.87,0,4,18.2,57.1,12,0,13,20.0,34,3,13,348,70.5,90.9,92.6,66.3,0,0,35,0,23.1,114.6,8.8,3,10,0,2,1,0,0.0,247,11.8
12,Angel Flores,164493,QB,N ARIZONA,1,78.9,19,20,8.9,2.6,0,1,5.0,70.0,14,0,12,6.7,24,1,9,252,46.5,84.0,71.1,80.8,0,1,24,0,25.0,125.0,12.5,3,1,0,1,2,1,4.2,262,13.1
12,Quincy Casey,104763,QB,ALAB A&M,1,65.0,20,20,10.3,2.53,0,1,4.8,60.0,12,0,4,7.7,24,1,9,104,28.8,70.7,68.0,66.5,0,1,26,0,50.0,83.3,8.3,2,2,0,0,1,2,7.7,170,8.5
12,Jackson Sharman,178252,QB,IDAHO ST,1,70.6,17,20,10.5,2.54,1,2,10.0,50.0,10,0,11,16.7,22,2,8,186,68.7,51.1,50.0,60.6,1,1,22,0,9.1,83.3,4.5,1,1,0,1,2,2,9.1,130,6.5
12,Aidan Bouman,122508,QB,S DAKOTA,1,66.7,18,20,11.9,2.71,0,1,5.0,55.0,11,0,2,8.3,20,1,8,291,67.1,77.3,76.5,,2,0,20,1,0.0,133.3,0.0,0,0,0,0,2,0,0.0,268,13.4
12,Hajj-Malik Williams,102348,QB,CAMPBELL,1,80.0,20,20,7.1,2.86,0,2,8.3,75.0,15,0,6,6.3,25,1,11,131,69.9,92.0,92.4,63.4,0,0,30,0,33.3,136.5,8.0,2,3,0,0,2,0,0.0,185,9.3
12,Jason Brown,109060,QB,JACKSON ST,1,72.2,18,19,10.1,2.78,0,0,0.0,63.2,12,0,3,7.7,21,1,3,194,25.5,55.6,58.3,53.6,1,1,21,0,33.3,53.6,4.8,1,1,0,0,0,2,9.5,95,5.0
12,Matt Jenner,174488,QB,CENT CT ST,1,50.0,16,19,7.1,3.06,0,0,0.0,42.1,8,0,8,0.0,22,0,3,133,71.3,63.9,51.1,73.4,2,1,22,0,12.5,27.7,4.5,1,2,0,1,0,0,0.0,55,2.9
12,Dante Casciola,149521,QB,DAYTON,1,94.4,18,19,1.8,2.05,0,0,0.0,84.2,16,0,9,5.9,26,1,8,150,67.9,82.5,84.0,58.3,0,0,27,0,11.1,139.4,3.8,1,3,0,1,3,0,0.0,151,7.9
12,Amari Powell,165320,QB,STTHOM,1,55.6,18,18,17.3,3.08,0,3,15.0,50.0,9,0,6,10.0,25,1,9,1129,32.0,60.8,69.6,47.8,0,1,27,0,50.0,80.6,12.0,3,4,0,0,1,2,7.4,179,9.9
12,Ty'Jarian Williams,178887,QB,MS VLY ST,1,70.6,17,18,9.6,2.38,1,1,5.6,55.6,10,0,7,16.7,22,2,7,228,12.1,42.3,61.4,30.2,0,1,22,0,42.9,113.9,13.6,3,1,0,0,2,2,9.1,223,12.4
12,Amari Odom,178686,QB,WOFFORD,1,68.8,16,18,9.3,2.68,1,1,5.0,50.0,9,0,14,18.2,24,2,5,350,12.7,52.3,47.9,61.5,1,1,27,0,21.4,41.9,12.5,3,3,0,0,0,4,14.8,92,5.1
12,Darius Perrantes,103934,QB,DUQUESNE,1,66.7,18,18,17.7,2.89,0,5,25.0,61.1,11,0,8,8.3,20,1,9,155,68.7,90.7,90.2,60.1,0,1,22,0,25.0,119.9,10.0,2,0,0,0,3,1,4.5,218,12.1
12,Matthew Downing,82120,QB,ELON,1,55.6,18,18,15.1,2.88,0,4,22.2,55.6,10,0,6,0.0,19,0,8,162,67.1,88.4,89.5,60.6,0,0,20,0,0.0,140.0,0.0,0,1,0,0,4,0,0.0,261,14.5
12,Cameron Sapp,102361,QB,NORFOLK,1,66.7,15,17,12.9,2.89,1,2,10.0,52.9,9,0,8,10.0,20,1,7,244,29.7,48.3,48.6,55.1,1,2,23,0,25.0,68.9,10.0,2,1,0,0,1,3,13.0,174,10.2
12,Chris Howell,171592,QB,LIUSHAR,1,43.8,16,17,22.1,3.56,1,7,38.9,41.2,7,0,4,0.0,21,0,9,1298,69.3,90.7,90.1,73.2,0,2,22,0,25.0,77.0,4.8,1,3,0,0,2,1,4.5,167,9.8
12,Jaylen King,170801,QB,GARD-WEBB,1,53.3,15,17,10.6,2.83,0,2,10.5,35.3,6,0,9,25.0,24,2,5,171,73.6,54.8,43.3,66.9,1,1,26,0,55.6,52.8,20.8,5,2,0,1,1,1,3.8,107,6.3
12,Nathan Kent,148446,QB,TOWSON,1,70.6,17,17,12.4,3.04,0,1,5.3,64.7,11,0,8,8.3,20,1,8,317,68.7,72.8,76.7,53.2,0,0,22,0,25.0,121.7,10.0,2,1,0,0,1,0,0.0,188,11.1
12,Robert Coleman,76149,QB,LAMAR,1,81.3,16,17,8.6,2.54,0,1,5.3,70.6,12,0,9,7.7,20,1,8,204,69.3,82.6,82.8,63.1,0,0,22,0,22.2,132.8,10.0,2,1,0,1,3,0,0.0,132,7.8
12,JaCobian Morgan,123050,QB,JACKSON ST,1,73.3,15,17,12.7,3.17,0,1,5.3,64.7,11,0,4,0.0,21,0,8,194,70.4,71.4,71.9,61.4,0,0,23,0,50.0,134.6,9.5,2,2,0,2,3,0,0.0,159,9.4
12,Alston Hooker,150546,QB,NC A&T,1,85.7,14,16,13.4,2.61,0,1,6.3,68.8,11,0,4,8.3,17,1,9,246,68.9,86.4,85.8,63.8,1,0,17,0,25.0,121.6,5.9,1,0,1,0,1,0,0.0,159,9.9
12,Haynes Eller,149869,QB,E TENN ST,1,73.3,15,15,11.9,3.08,0,1,6.7,60.0,9,0,5,18.2,16,2,6,157,68.2,80.2,83.8,58.4,0,0,16,0,0.0,136.9,0.0,0,1,0,0,2,0,0.0,163,10.9
12,Matthew Sluka,143059,QB,HOLY CROSS,1,50.0,14,14,15.1,3.12,0,1,6.7,50.0,7,0,3,0.0,20,0,5,181,76.0,79.2,62.0,76.6,0,0,21,0,33.3,104.2,5.0,1,5,0,0,1,0,0.0,123,8.8
12,Marqui Adams,161340,QB,DELWARE ST,1,41.7,12,13,12.8,3.1,0,1,7.7,38.5,5,0,5,0.0,15,0,3,152,70.6,71.1,53.3,81.4,1,1,15,0,40.0,53.0,13.3,2,0,0,0,1,1,6.7,79,6.1
12,Tommy Mellott,147646,QB,MONTANA ST,1,30.8,13,13,21.5,3.55,0,1,7.1,30.8,4,0,7,0.0,15,0,3,233,71.6,69.9,56.6,74.5,0,1,16,0,0.0,42.8,0.0,0,2,0,0,1,1,6.3,67,5.2
12,Eli Brickhandler,160410,QB,NC A&T,1,60.0,10,11,7.6,2.63,1,0,0.0,45.5,5,0,5,16.7,15,1,2,246,26.2,45.1,43.7,59.1,0,0,18,1,40.0,52.5,13.3,2,2,0,0,0,2,11.1,20,1.8
12,Corey Fields Jr.,78539,QB,SCAR STATE,1,100.0,10,11,6.5,2.15,0,1,8.3,81.8,9,0,0,10.0,11,1,7,290,22.6,75.9,87.6,48.5,0,0,12,0,,149.8,0.0,0,0,0,1,2,1,8.3,115,10.5
12,Trazon Connley,75885,QB,PRVIEW A&M,1,62.5,8,11,15.0,2.88,1,1,9.1,45.5,5,0,3,0.0,13,0,6,270,70.5,62.1,64.0,57.4,0,1,13,0,33.3,73.7,7.7,1,1,0,2,1,1,7.7,109,9.9
12,Steven Krajewski,77650,QB,WAGNER,1,90.9,11,11,11.5,2.58,0,2,18.2,81.8,9,0,1,10.0,11,1,7,338,67.6,90.5,90.7,60.1,0,0,11,0,0.0,158.3,0.0,0,0,0,0,2,0,0.0,144,13.1
12,Aaron Angelos,100576,QB,DELWARE ST,1,60.0,10,11,12.2,3.0,0,0,0.0,54.5,6,0,4,0.0,13,0,3,152,67.0,63.8,63.6,60.3,0,0,13,0,0.0,80.9,0.0,0,2,0,1,0,0,0.0,88,8.0
12,Jackson Proctor,148851,QB,DARTMOUTH,1,77.8,9,11,12.4,2.6,0,1,8.3,54.5,6,0,3,14.3,11,1,4,148,69.9,87.5,77.7,77.3,0,1,12,0,0.0,55.9,0.0,0,0,0,2,1,2,16.7,42,3.8
12,Ty Englehart,162239,QB,PRESBYTERN,1,62.5,8,11,6.4,3.17,1,0,0.0,45.5,5,0,6,0.0,13,0,3,271,71.6,68.1,38.2,83.2,0,1,13,0,16.7,51.3,7.7,1,1,0,2,1,1,7.7,50,4.5
12,Sean Brown,123871,QB,TOWSON,1,75.0,8,10,8.4,2.43,1,0,0.0,40.0,4,0,4,33.3,12,2,2,317,66.0,56.7,59.5,60.8,0,0,13,1,0.0,51.3,0.0,0,2,0,1,0,0,0.0,38,3.8
12,Luca Stanzani,159449,QB,LIUSHAR,1,75.0,8,9,7.5,2.6,0,0,0.0,66.7,6,0,4,0.0,12,0,1,1298,67.0,51.5,55.6,53.3,0,0,13,0,75.0,70.1,25.0,3,0,0,1,0,0,0.0,25,2.8
12,Jordan Cooke,175116,QB,IDAHO ST,1,62.5,8,9,11.5,2.82,0,1,11.1,55.6,5,0,6,0.0,11,0,3,186,65.6,61.5,61.2,60.0,0,1,11,0,33.3,38.4,18.2,2,0,0,1,0,1,9.1,64,7.1
12,Dominiq Ponder,174401,QB,BETH COOK,1,33.3,6,6,14.5,2.7,0,0,0.0,33.3,2,0,3,0.0,6,0,1,119,64.2,67.5,67.2,,0,1,6,0,0.0,13.2,0.0,0,0,0,0,0,0,0.0,33,5.5
12,Tyler Beverett,142985,QB,BUCKNELL,1,83.3,6,6,0.2,1.39,0,0,0.0,83.3,5,0,1,0.0,7,0,1,125,67.1,67.3,58.8,67.9,0,0,7,0,100.0,90.3,14.3,1,0,0,0,0,0,0.0,34,5.7
12,Matt Cavallaro,123412,QB,IDAHO ST,1,80.0,5,5,14.4,3.49,0,2,40.0,80.0,4,0,4,0.0,8,0,3,186,64.9,91.5,90.0,70.0,0,0,8,0,25.0,158.3,12.5,1,2,0,0,1,0,0.0,66,13.2
12,Jaden Jones,147558,QB,CAL POLY,1,40.0,5,5,13.8,2.49,0,0,0.0,40.0,2,0,4,0.0,8,0,2,129,69.8,53.6,47.3,62.8,0,0,9,0,50.0,62.9,25.0,2,0,0,0,0,0,0.0,33,6.6
12,Ryan O'Connor,155510,QB,DELAWARE,1,60.0,5,5,2.6,2.54,0,0,0.0,60.0,3,0,2,0.0,5,0,1,151,65.5,50.8,42.0,63.8,0,1,5,0,0.0,51.7,0.0,0,0,0,0,0,1,20.0,47,9.4
12,Nate Lussier,148637,QB,BROWN,1,80.0,5,5,8.6,3.0,0,0,0.0,80.0,4,0,1,0.0,5,0,3,123,68.9,72.0,70.7,63.7,0,1,5,0,0.0,69.6,0.0,0,0,0,0,0,1,20.0,51,10.2
12,Zach Marker,173615,QB,DELAWARE,1,50.0,4,5,8.8,3.18,1,0,0.0,40.0,2,0,2,0.0,5,0,1,151,67.2,76.4,58.0,61.5,0,0,5,0,0.0,58.8,0.0,0,0,0,0,0,0,0.0,28,5.6
12,Jack Wagner,175111,QB,IDAHO,1,80.0,5,5,4.0,2.87,0,0,0.0,80.0,4,0,3,0.0,6,0,3,185,67.0,46.1,29.6,68.5,0,1,6,0,0.0,100.8,0.0,0,1,0,0,1,1,16.7,41,8.2
12,Damien Mazil,159562,QB,WAGNER,1,60.0,5,5,9.0,2.92,0,0,0.0,60.0,3,0,3,0.0,5,0,1,338,63.8,46.5,45.4,60.0,0,0,5,0,0.0,66.3,0.0,0,0,0,0,0,1,20.0,17,3.4
12,Spencer Brasch,100574,QB,CAL POLY,1,66.7,3,4,18.0,2.68,1,0,0.0,50.0,2,0,2,0.0,5,0,2,129,63.8,71.0,70.5,,0,0,5,0,50.0,135.4,20.0,1,0,0,0,1,0,0.0,52,13.0
12,Caden Bell,71181,QB,COLUMBIA,1,75.0,4,4,12.0,2.92,0,1,16.7,50.0,2,0,2,33.3,5,1,1,145,67.1,90.6,68.5,87.0,0,0,7,0,50.0,83.3,20.0,1,0,0,0,0,0,0.0,38,9.5
12,Ben Harris,144624,QB,N ALABAMA,1,50.0,4,4,8.8,2.66,0,0,0.0,50.0,2,0,2,0.0,5,0,1,389,17.1,30.5,27.9,62.5,0,0,6,0,50.0,62.5,20.0,1,0,0,0,0,1,16.7,18,4.5
12,Cole Gonzales,159939,QB,W CAROLINA,1,100.0,3,4,5.7,3.6,1,1,25.0,50.0,2,0,1,33.3,6,1,1,344,64.2,80.9,83.4,61.7,0,0,6,0,0.0,66.7,0.0,0,2,0,0,0,0,0.0,22,5.5
12,Gavin Screws,97789,QB,INDIANA ST,1,50.0,4,4,8.8,3.35,0,0,0.0,50.0,2,0,5,0.0,6,0,1,191,13.4,36.7,63.3,35.0,0,0,6,0,0.0,59.4,0.0,0,2,0,0,0,1,16.7,15,3.8
12,Sean Chambers,75888,QB,MONTANA ST,1,0.0,2,3,8.5,3.0,0,0,0.0,0.0,0,0,4,,5,0,0,233,63.8,40.8,40.1,,1,0,5,0,50.0,39.6,40.0,2,0,0,0,0,0,0.0,0,0.0
12,Walker Harris,150449,QB,NC CENT,1,100.0,3,3,7.7,2.95,0,0,0.0,100.0,3,0,1,0.0,4,0,3,247,65.2,70.4,63.3,65.4,0,0,4,0,0.0,95.8,0.0,0,1,0,0,0,0,0.0,21,7.0
12,Hunter Hays,141593,QB,IDAHO ST,1,33.3,3,3,8.7,2.4,0,0,0.0,33.3,1,0,0,0.0,3,0,0,186,67.7,28.5,26.6,57.1,0,1,3,0,,2.8,0.0,0,0,0,0,0,1,33.3,0,0.0
12,Hollis Mathis,104797,QB,WM & MARY,1,50.0,2,3,15.0,3.53,1,0,0.0,33.3,1,0,0,0.0,3,0,1,348,68.7,77.7,75.1,56.2,0,0,3,0,,59.0,0.0,0,0,0,0,0,0,0.0,21,7.0
12,Eli Sawyer,141870,QB,SE LA,1,50.0,2,3,10.5,3.7,0,0,0.0,33.3,1,0,4,0.0,6,0,0,294,64.2,34.6,34.5,,0,0,6,0,75.0,42.4,50.0,3,0,0,1,0,0,0.0,7,2.3
12,Andre Washington,165436,QB,SCAR STATE,1,66.7,3,3,1.3,2.35,0,0,0.0,66.7,2,0,0,0.0,4,0,2,290,66.6,58.9,50.0,64.2,0,0,4,0,,86.8,0.0,0,1,0,0,0,0,0.0,21,7.0
12,Ryan Roberts,150076,QB,MCNEESE,1,50.0,2,2,14.0,2.35,0,0,0.0,50.0,1,0,0,0.0,2,0,0,217,61.8,28.1,28.4,,0,0,2,0,,56.3,0.0,0,0,0,0,0,1,50.0,4,2.0
12,Michael Brescia,149295,QB,COLGATE,1,100.0,2,2,2.5,2.3,0,0,0.0,100.0,2,0,0,0.0,2,0,0,142,72.4,90.1,62.7,80.5,0,0,2,0,,91.7,0.0,0,0,0,0,0,0,0.0,12,6.0
12,Chaese Jackson,77690,TE,ROB MORRIS,1,50.0,2,2,8.5,2.2,0,0,0.0,50.0,1,0,1,0.0,2,0,1,277,67.6,47.8,75.4,58.1,0,0,2,0,0.0,79.2,0.0,0,0,0,0,0,0,0.0,17,8.5
12,Ridge Docekal,158965,QB,BRYANT,1,100.0,2,2,-1.0,1.3,0,0,0.0,100.0,2,0,1,0.0,2,0,0,124,61.8,63.5,62.7,,0,0,2,0,0.0,85.4,0.0,0,0,0,0,0,0,0.0,9,4.5
12,Hunter Simmons,148254,QB,S ILLINOIS,1,100.0,2,2,2.5,1.9,0,0,0.0,100.0,2,0,0,0.0,2,0,1,295,66.2,72.9,72.5,60.1,0,0,2,0,,97.9,0.0,0,0,0,0,0,0,0.0,15,7.5
12,Deveon Bryant,89422,QB,TENN STATE,1,0.0,2,2,6.0,2.84,0,0,0.0,0.0,0,0,3,,5,0,0,308,66.8,30.4,28.9,56.2,0,1,5,0,66.7,0.0,40.0,2,1,0,0,0,1,20.0,0,0.0
12,Jarrett Synek,144995,QB,S DAKOTA,1,50.0,2,2,4.5,2.6,0,0,0.0,50.0,1,0,0,0.0,2,0,0,291,70.5,69.2,48.7,71.1,0,0,2,0,,56.3,0.0,0,0,0,0,0,0,0.0,4,2.0
12,Gino English,99576,QB,GARD-WEBB,1,100.0,2,2,15.5,2.1,0,1,50.0,100.0,2,0,0,0.0,2,0,1,171,64.4,84.6,88.4,60.0,0,0,2,0,,118.8,0.0,0,0,0,0,0,0,0.0,33,16.5
12,Eric Phoenix,177526,QB,MURRAY ST,1,100.0,2,2,2.5,2.2,0,0,0.0,100.0,2,0,0,0.0,2,0,1,236,10.2,49.8,72.5,48.5,0,0,2,0,,91.7,0.0,0,0,0,0,0,0,0.0,12,6.0
12,Keali'i Ah Yat,178141,QB,MONTANA,1,50.0,2,2,6.0,5.03,0,0,0.0,50.0,1,0,1,0.0,3,0,0,232,62.7,60.4,59.8,,0,0,3,0,100.0,56.3,33.3,1,0,0,0,0,0,0.0,4,2.0
12,Cole Dow,108930,QB,DAYTON,1,100.0,2,2,1.0,2.35,0,0,0.0,100.0,2,0,0,0.0,2,0,2,150,68.3,94.7,80.5,82.7,0,0,2,0,,137.5,0.0,0,0,0,0,2,0,0.0,15,7.5
12,Nathan Lamb,98020,QB,W ILLINOIS,1,100.0,1,1,5.0,1.8,0,0,0.0,100.0,1,0,0,0.0,1,0,0,345,60.3,61.5,61.0,,0,0,1,0,,87.5,0.0,0,0,0,0,0,0,0.0,5,5.0
12,Malachi Imoh,142414,HB,WM & MARY,1,100.0,1,1,8.0,2.1,0,0,0.0,100.0,1,0,0,0.0,1,0,1,348,72.4,69.2,74.4,67.4,0,0,1,0,,118.8,0.0,0,0,0,0,1,0,0.0,2,2.0
12,Jasiah Williams,142364,WR,RICHMOND,1,100.0,1,1,16.0,4.0,0,0,0.0,100.0,1,0,0,0.0,1,0,1,276,63.7,56.2,55.3,,0,0,1,0,,158.3,0.0,0,0,0,0,1,0,0.0,18,18.0
12,Christian Fredericksen,147624,WR,IDAHO ST,1,0.0,1,1,12.0,3.9,0,0,0.0,0.0,0,0,0,,1,0,0,186,63.7,58.7,47.3,,0,1,1,0,,0.0,0.0,0,0,0,0,0,0,0.0,0,0.0
12,Nick Whitfield Jr.,159490,QB,ST FRANCIS,1,100.0,1,1,0.0,2.8,0,0,0.0,100.0,1,0,0,0.0,1,0,0,299,60.3,62.4,61.0,,0,0,1,0,,100.0,0.0,0,0,0,0,0,0,0.0,8,8.0
12,Ashley Tucker Jr.,73973,QB,ALAB A&M,1,0.0,1,1,31.0,3.03,0,0,0.0,0.0,0,0,2,,3,0,0,104,66.4,52.1,48.8,59.7,0,0,3,0,50.0,39.6,33.3,1,1,0,0,0,0,0.0,0,0.0
12,Evan Matthes,77596,P,VALPO,1,100.0,1,1,10.0,1.7,0,0,0.0,100.0,1,0,0,0.0,1,0,1,332,60.3,70.7,75.4,,0,0,1,0,,118.8,0.0,0,0,0,0,0,0,0.0,19,19.0
12,Xander Werner,141661,TE,N ARIZONA,1,100.0,1,1,0.0,3.2,0,0,0.0,100.0,1,0,0,0.0,1,0,0,252,60.3,59.5,60.6,,0,0,1,0,,95.8,0.0,0,0,0,0,0,0,0.0,7,7.0
12,Marqeese Dietz,155299,WR,ALBANY,1,100.0,1,1,16.0,3.3,0,0,0.0,100.0,1,0,0,0.0,1,0,1,106,65.3,72.4,73.1,,0,0,1,0,,143.8,0.0,0,0,0,0,1,0,0.0,9,9.0
12,Collin Guggenheim,139460,HB,NICHOLLS,1,100.0,1,1,-3.0,1.1,0,0,0.0,100.0,1,0,0,0.0,1,0,0,243,73.9,69.7,60.6,68.8,0,0,1,0,,79.2,0.0,0,0,0,0,0,0,0.0,3,3.0
12,Varney Layman,172699,QB,CITADEL,1,100.0,1,1,-6.0,1.7,0,0,0.0,100.0,1,0,0,0.0,1,0,0,139,17.6,37.2,60.6,44.3,0,0,1,0,,79.2,0.0,0,0,0,0,0,0,0.0,-5,-5.0
12,Paul Marsh,153965,WR,CENT CT ST,1,0.0,1,1,6.0,3.3,0,0,0.0,0.0,0,0,0,,1,0,0,133,60.3,51.9,54.1,,0,0,1,0,,39.6,0.0,0,0,0,0,0,0,0.0,0,0.0
12,Sawyer Racanelli,131910,WR,MONTANA,1,100.0,1,1,11.0,4.1,0,0,0.0,100.0,1,0,1,0.0,1,0,1,232,60.3,65.3,72.6,,0,0,1,0,0.0,118.8,0.0,0,0,0,0,0,0,0.0,24,24.0
12,Luke Duby,148765,QB,CORNELL,1,100.0,1,1,-8.0,4.0,0,0,0.0,100.0,1,0,0,0.0,1,0,0,147,60.3,60.8,60.6,,0,0,1,0,,87.5,0.0,0,0,0,0,0,0,0.0,5,5.0
12,Grady Robison,123463,QB,SO UTAH,1,0.0,1,1,24.0,4.0,0,0,0.0,0.0,0,0,0,,1,0,0,298,63.7,49.3,50.4,59.6,0,0,1,0,,39.6,0.0,0,0,0,0,0,0,0.0,0,0.0
12,Junior Muratovic,150858,QB,FL A&M,1,100.0,1,1,-5.0,1.7,0,0,0.0,0.0,0,0,0,100.0,1,1,0,164,9.1,28.8,61.0,44.4,0,0,1,0,,39.6,0.0,0,0,0,0,0,0,0.0,0,0.0
12,Luke Durkin,149464,QB,DAVIDSON,1,100.0,1,1,-4.0,1.95,0,0,0.0,100.0,1,0,1,0.0,2,0,0,149,12.5,50.5,44.5,62.0,0,0,2,0,100.0,95.8,50.0,1,0,0,0,0,1,50.0,7,7.0
12,Re-al Mitchell,77670,WR,SAN DIEGO,1,100.0,1,1,-5.0,1.0,0,0,0.0,0.0,0,0,0,100.0,1,1,0,283,70.0,89.6,57.7,63.5,0,0,1,0,,39.6,0.0,0,0,0,0,0,0,0.0,0,0.0
12,Hunter Rice,149970,HB,VA MILT IN,1,100.0,1,1,-5.0,0.6,0,0,0.0,100.0,1,0,0,0.0,1,0,0,336,77.2,77.0,60.6,73.3,0,0,1,0,,79.2,0.0,0,0,0,0,0,0,0.0,1,1.0
12,Lawrence Johnson,79055,S,SE MO ST,1,100.0,1,1,12.0,4.0,0,0,0.0,100.0,1,0,0,0.0,1,0,1,293,60.3,72.8,75.4,,0,0,1,1,,118.8,0.0,0,0,0,0,0,0,0.0,19,19.0
12,Nolan James,177079,QB,NORFOLK,1,0.0,1,1,39.0,3.2,0,0,0.0,0.0,0,0,0,,1,0,0,244,65.9,55.0,51.3,61.1,0,0,1,0,,39.6,0.0,0,0,0,0,0,0,0.0,0,0.0
12,Matt Jaworski,149312,ED,FORDHAM,1,0.0,1,1,13.0,1.9,0,0,0.0,0.0,0,0,0,,1,0,0,168,60.3,49.2,49.6,,0,0,1,1,,39.6,0.0,0,0,0,0,0,0,0.0,0,0.0
12,Gavin Lochow,177638,WR,DAYTON,1,0.0,1,1,10.0,6.9,0,0,0.0,0.0,0,0,1,,1,0,0,150,67.1,60.4,35.6,59.5,0,0,1,0,0.0,39.6,0.0,0,0,0,0,0,1,100.0,0,0.0
12,Brandon Fitez,122294,WR,CAMPBELL,1,100.0,1,1,-3.0,3.5,0,0,0.0,100.0,1,0,0,0.0,1,0,1,131,67.7,74.8,66.4,,0,0,1,0,,158.3,0.0,0,0,0,0,1,0,0.0,24,24.0
12,Savon Smith,104833,HB,RICHMOND,1,100.0,1,1,6.0,2.2,0,0,0.0,100.0,1,0,0,0.0,1,0,1,276,76.4,73.1,71.7,69.1,0,0,1,0,,127.1,0.0,0,0,0,0,1,0,0.0,5,5.0
12,Ricky Conway,109107,HB,CITADEL,1,100.0,1,1,10.0,2.9,0,0,0.0,100.0,1,0,1,0.0,1,0,1,139,72.0,61.7,72.6,71.7,0,0,1,0,0.0,118.8,0.0,0,0,0,0,0,0,0.0,17,17.0
12,Devin Herring,181187,WR,ALAB A&M,1,0.0,1,1,33.0,1.7,0,0,0.0,0.0,0,0,0,,1,0,0,104,60.3,37.1,37.1,,0,1,1,0,,0.0,0.0,0,0,0,0,0,1,100.0,0,0.0
12,Adam Watts,178262,WR,IDAHO ST,1,,0,1,,3.8,0,0,0.0,0.0,0,0,2,,2,0,0,186,65.0,73.7,55.4,,0,0,2,0,50.0,39.6,50.0,1,0,0,1,0,0,0.0,0,0.0
12,Justin Pegues,161679,HB,TENN TECH,1,0.0,1,1,20.0,3.0,0,0,0.0,0.0,0,0,0,,1,0,0,309,75.9,64.3,58.9,55.7,0,0,1,0,,39.6,0.0,0,0,0,0,0,0,0.0,0,0.0
12,William Riddle,161252,QB,E TENN ST,1,100.0,1,1,10.0,3.75,0,0,0.0,0.0,0,0,2,100.0,2,1,0,157,64.4,72.7,71.9,60.0,0,0,2,0,50.0,39.6,50.0,1,0,0,0,0,0,0.0,0,0.0
12,Malakai Taylor,181086,QB,PSTEAG,1,83.3,24,25,7.4,2.27,0,4,14.8,76.0,19,0,12,5.0,30,1,11,1476,41.6,71.5,84.4,49.1,1,1,32,0,16.7,129.0,6.7,2,2,0,0,3,1,3.1,244,9.8
week,player,player_id,position,team_name,player_game_count,accuracy_percent,aimed_passes,attempts,avg_depth_of_target,avg_time_to_throw,bats,big_time_throws,btt_rate,completion_percent,completions,declined_penalties,def_gen_pressures,drop_rate,dropbacks,drops,first_downs,franchise_id,grades_hands_fumble,grades_offense,grades_pass,grades_run,hit_as_threw,interceptions,passing_snaps,penalties,pressure_to_sack_rate,qb_rating,sack_percent,sacks,scrambles,spikes,thrown_aways,touchdowns,turnover_worthy_plays,twp_rate,yards,ypa
13,Josh Hoover,127148,QB,TCU,1,63.5,52,58,7.1,2.38,1,2,3.3,55.2,32,0,18,3.0,59,1,20,305,70.9,63.5,62.1,62.7,2,1,62,0,5.6,88.6,1.7,1,0,0,3,4,3,4.8,344,5.9
13,Chandler Rogers,98683,QB,N TEXAS,1,66.0,50,53,11.0,2.65,2,0,0.0,56.6,30,0,22,9.1,59,3,20,251,71.9,76.3,76.0,61.8,1,1,62,0,18.2,92.0,6.8,4,2,0,0,3,1,1.6,404,7.6
13,Keegan Shoemaker,108983,QB,SM HOUSTON,1,75.0,44,48,5.2,2.19,2,0,0.0,64.6,31,0,10,6.1,49,2,12,281,71.7,64.2,59.8,71.4,0,1,52,0,10.0,64.4,2.0,1,0,0,2,0,1,1.9,198,4.1
13,Cam Ward,133244,QB,WASH STATE,1,84.1,44,48,7.5,2.57,1,4,8.0,66.7,32,0,17,13.5,55,5,16,341,71.5,78.4,79.9,59.0,1,2,59,0,29.4,88.6,9.1,5,2,0,2,3,1,1.7,317,6.6
13,Keyone Jenkins,170403,QB,FIU,1,63.6,44,48,6.9,2.61,0,2,4.1,54.2,26,0,19,7.1,54,2,12,166,71.3,55.2,50.9,65.7,0,2,55,1,5.3,72.3,1.9,1,5,0,4,3,4,7.3,249,5.2
13,E.J. Warner,156185,QB,TEMPLE,1,73.2,41,48,7.2,2.28,2,3,6.0,56.3,27,0,11,10.0,49,3,12,306,69.7,63.1,62.3,,0,1,51,0,9.1,82.8,2.0,1,0,0,5,2,4,7.8,330,6.9
13,Will Howard,122599,QB,KANSAS ST,1,51.1,47,48,9.3,3.02,0,2,3.7,50.0,24,0,10,0.0,48,0,14,199,73.4,60.1,57.3,63.4,0,1,54,0,0.0,67.0,0.0,0,0,0,1,1,3,5.6,288,6.0
13,Alan Bowman,77679,QB,OKLA STATE,1,72.7,44,47,8.1,2.52,0,0,0.0,66.0,31,0,8,3.1,48,1,14,262,70.7,65.8,66.0,55.5,0,2,55,0,12.5,67.8,2.1,1,0,0,3,0,4,7.3,321,6.8
13,Anthony Colandrea,170131,QB,VIRGINIA,1,73.2,41,45,8.2,2.94,1,3,6.4,62.2,28,0,24,6.7,54,2,10,335,70.7,68.1,73.2,47.9,0,1,56,0,20.8,82.4,9.3,5,4,0,3,2,1,1.8,247,5.5
13,Brayden Schager,146078,QB,HAWAII,1,82.5,40,44,8.1,2.64,0,0,0.0,68.2,30,0,11,9.1,47,3,16,180,71.5,79.1,72.9,76.4,0,0,50,0,9.1,96.8,2.1,1,2,1,3,1,0,0.0,320,7.3
13,Noah Fifita,158722,QB,ARIZONA,1,75.6,41,41,11.5,2.6,0,3,7.3,73.2,30,0,13,3.2,41,1,23,109,69.1,87.0,87.6,57.3,0,1,42,0,0.0,144.6,0.0,0,0,0,0,5,2,4.8,527,12.9
13,Bo Nix,97790,QB,OREGON,1,87.2,39,40,6.5,2.58,0,1,2.5,82.5,33,0,10,2.9,42,1,20,264,71.2,90.9,90.6,67.2,0,0,42,0,0.0,121.6,0.0,0,2,0,1,2,0,0.0,367,9.2
13,Frank Harris,60586,QB,UTSA,1,75.0,36,39,4.5,2.95,1,0,0.0,64.1,25,0,17,7.4,46,2,10,331,71.8,53.7,48.1,66.6,1,2,50,1,11.8,63.8,4.3,2,4,0,1,1,1,2.0,198,5.1
13,Will Rogers,124184,QB,MISS STATE,1,77.8,36,39,6.2,2.73,0,0,0.0,64.1,25,0,10,10.7,40,3,11,227,70.1,70.7,70.8,59.6,0,0,43,0,0.0,77.6,0.0,0,1,0,3,0,1,2.3,207,5.3
13,Dillon Gabriel,86272,QB,OKLAHOMA,1,76.5,34,38,14.3,3.3,2,4,10.0,63.2,24,0,11,7.7,41,2,15,261,70.9,91.6,91.1,68.5,0,1,43,0,27.3,113.9,7.3,3,0,0,2,3,1,2.3,400,10.5
13,Dante Moore,173983,QB,UCLA,1,70.6,34,38,6.7,2.63,2,0,0.0,60.5,23,0,20,4.2,48,1,14,324,24.0,43.5,42.3,58.5,0,2,48,0,40.0,68.5,16.7,8,2,0,2,1,3,6.3,266,7.0
13,Brayden Fowler-Nicolosi,157207,QB,COLO STATE,1,75.0,36,38,11.9,3.31,0,2,4.8,68.4,26,0,9,3.7,40,1,12,144,69.7,70.2,70.4,56.9,0,1,44,0,11.1,99.6,2.5,1,1,0,2,2,3,6.8,309,8.1
13,Drake Maye,143969,QB,N CAROLINA,1,71.4,35,38,9.7,2.94,0,1,2.4,57.9,22,0,11,12.0,43,3,16,245,40.3,64.9,65.8,61.5,1,2,48,1,9.1,73.8,2.3,1,4,0,2,2,0,0.0,254,6.7
13,Jaylen Raynor,172203,QB,ARK STATE,1,61.1,36,38,13.5,3.04,1,1,2.3,50.0,19,0,19,13.6,44,3,14,113,41.6,46.3,46.0,56.3,0,1,49,0,15.8,70.4,6.8,3,3,0,1,1,3,6.1,263,6.9
13,Mikey Keene,70961,QB,FRESNO ST,1,70.6,34,37,4.9,2.43,0,0,0.0,56.8,21,0,4,12.5,39,3,11,169,69.0,63.4,64.0,57.3,0,1,40,0,25.0,59.5,2.6,1,1,1,2,0,1,2.5,190,5.1
13,Grayson Loftis,170054,QB,DUKE,1,61.8,34,37,9.4,2.18,2,2,4.9,54.1,20,0,11,4.8,37,1,9,154,71.1,61.8,57.0,71.7,1,1,41,0,0.0,81.8,0.0,0,0,0,0,2,1,2.4,248,6.7
13,AJ Padgett,163006,QB,RICE,1,68.6,35,37,7.9,2.54,1,0,0.0,64.9,24,0,12,0.0,41,0,14,275,71.3,57.0,58.4,57.9,0,1,44,1,8.3,100.6,2.4,1,3,0,1,3,3,6.8,255,6.9
13,Nicholas Vattiato,145302,QB,MIDDLE TN,1,86.1,36,37,5.3,2.87,0,1,2.6,78.4,29,0,10,6.5,46,2,12,224,70.7,61.6,62.4,58.6,0,3,47,0,40.0,60.0,8.7,4,5,0,1,0,2,4.3,241,6.5
13,Kirk Francis,173296,QB,TULSA,1,75.0,36,37,11.6,3.31,1,1,2.6,62.2,23,0,15,14.8,40,4,16,320,69.3,80.9,75.6,74.7,0,1,44,0,0.0,93.6,0.0,0,3,0,0,2,2,4.5,293,7.9
13,Nate Yarnell,144037,QB,PITTSBURGH,1,76.5,34,36,10.4,2.99,0,3,8.1,69.4,25,0,11,3.8,42,1,13,268,71.9,68.9,73.4,56.7,0,1,43,1,27.3,97.6,7.1,3,3,0,2,2,1,2.3,265,7.4
13,Devin Grainger,78496,QB,GA STATE,1,80.0,35,36,8.4,2.35,0,0,0.0,72.2,26,0,9,7.1,38,2,9,175,25.4,46.2,47.6,52.3,0,2,38,1,11.1,81.1,2.6,1,1,0,1,2,4,10.5,203,5.6
13,Joey Aguilar,174978,QB,APP STATE,1,69.4,36,36,11.0,2.57,0,1,2.6,63.9,23,0,7,8.0,38,2,16,108,33.8,69.2,68.9,59.6,0,1,40,0,14.3,115.0,2.6,1,1,0,0,4,1,2.5,296,8.2
13,Tyler Van Dyke,122225,QB,MIAMI FL,1,81.8,33,36,8.5,3.13,0,3,8.1,63.9,23,0,9,14.8,39,4,16,220,33.8,74.8,84.3,36.3,0,0,40,0,0.0,107.4,0.0,0,3,0,3,2,0,0.0,290,8.1
13,Behren Morton,144747,QB,TEXAS TECH,1,64.7,34,36,6.9,2.66,1,1,2.7,52.8,19,0,16,13.6,39,3,6,315,69.9,50.7,44.3,72.8,0,3,40,0,12.5,23.8,5.1,2,1,0,1,0,4,10.0,88,2.4
13,Jordan McCloud,101058,QB,JAMES MAD,1,81.8,33,35,7.7,2.49,1,2,5.7,74.3,26,0,10,3.7,36,1,18,197,70.9,83.2,81.8,65.6,0,1,36,0,10.0,130.2,2.8,1,0,0,1,5,1,2.8,324,9.3
13,Gunnar Watson,83570,QB,TROY,1,64.7,34,35,14.3,2.8,0,0,0.0,60.0,21,0,10,4.5,36,1,14,318,35.2,71.1,70.6,62.6,0,1,38,0,10.0,93.5,2.8,1,0,0,1,2,2,5.3,288,8.2
13,Jaylen Henderson,146054,QB,TEXAS A&M,1,87.9,33,35,6.2,3.4,0,0,0.0,71.4,25,0,16,13.8,47,4,14,312,71.4,52.8,57.9,49.6,0,1,48,0,18.8,103.8,6.4,3,8,0,2,2,1,2.1,294,8.4
13,DJ Uiagalelei,122162,QB,OREGON ST,1,62.5,32,35,10.3,2.74,1,0,0.0,54.3,19,0,18,5.0,37,1,12,265,71.4,57.4,57.5,61.6,1,1,39,1,5.6,71.1,2.7,1,1,0,1,1,1,2.6,220,6.3
13,Austin Reed,111760,QB,W KENTUCKY,1,79.4,34,35,5.7,2.53,0,0,0.0,74.3,26,0,8,3.7,36,1,15,346,69.3,67.1,67.1,60.0,0,0,37,0,12.5,135.4,2.8,1,0,0,1,4,0,0.0,280,8.0
13,Davis Brin,77642,QB,GA SOUTHRN,1,78.1,32,34,7.1,2.67,0,0,0.0,70.6,24,0,9,4.0,36,1,10,174,69.7,47.4,43.0,67.8,0,3,37,0,11.1,53.3,2.8,1,1,0,2,0,6,16.2,238,7.0
13,John Paddock,77689,QB,ILLINOIS,1,84.8,33,34,7.7,2.43,1,2,5.3,70.6,24,0,6,14.3,36,4,13,187,70.3,75.7,77.6,53.9,0,2,40,0,33.3,106.7,5.6,2,0,0,0,3,1,2.5,334,9.8
13,Gavin Wimsatt,155757,QB,RUTGERS,1,46.7,30,34,11.7,2.58,2,1,2.7,38.2,13,0,7,7.1,37,1,8,278,73.7,63.7,47.7,81.5,1,1,40,0,28.6,51.7,5.4,2,1,0,1,1,2,5.0,165,4.9
13,Hudson Card,123109,QB,PURDUE,1,70.6,34,34,12.2,3.73,0,1,2.8,61.8,21,0,10,12.5,41,3,15,273,41.8,82.6,83.9,63.3,0,0,43,0,10.0,116.7,2.4,1,6,0,0,3,1,2.3,275,8.1
13,Diego Pavia,156927,QB,NEW MEX ST,1,71.9,32,33,9.6,2.7,0,1,2.9,66.7,22,0,18,4.3,40,1,15,242,44.6,65.1,62.0,66.2,1,2,41,1,11.1,75.9,5.0,2,5,0,0,1,3,7.3,265,8.0
13,Jack Plummer,83543,QB,LOUISVILLE,1,81.3,32,33,8.2,3.04,0,1,3.0,72.7,24,0,14,7.7,41,2,15,210,35.7,78.7,87.7,49.7,1,1,41,0,14.3,100.8,4.9,2,6,0,0,2,1,2.4,242,7.3
13,Joe Milton III,82151,QB,TENNESSEE,1,74.2,31,33,11.1,2.78,1,2,5.9,66.7,22,0,6,4.3,35,1,16,307,70.5,90.4,87.6,72.9,0,0,36,0,16.7,145.6,2.9,1,1,0,1,4,0,0.0,383,11.6
13,Michael Penix Jr.,82134,QB,WASHINGTON,1,61.3,31,33,10.5,2.51,0,0,0.0,54.5,18,1,8,5.3,34,1,7,340,69.7,64.2,63.7,59.1,1,1,37,1,12.5,80.9,2.9,1,0,0,1,2,1,2.7,204,6.2
13,Grant Wilson,143041,QB,DOMINION,1,61.3,31,33,16.2,3.25,2,3,8.3,45.5,15,0,14,21.1,44,4,7,263,71.1,70.3,70.1,61.0,0,1,49,1,57.1,63.7,18.2,8,3,0,0,1,0,0.0,208,6.3
13,Brendan Sorsby,156398,QB,INDIANA,1,64.3,28,32,13.2,3.01,1,3,9.1,53.1,17,0,11,5.6,37,1,15,190,41.7,59.2,62.0,55.1,2,3,38,1,9.1,68.0,2.7,1,4,0,1,3,2,5.3,226,7.1
13,Spencer Rattler,97408,QB,S CAROLINA,1,71.4,28,32,6.2,2.93,0,0,0.0,50.0,16,0,21,20.0,38,4,7,289,69.8,61.3,52.5,76.8,1,1,39,0,9.5,45.3,5.3,2,3,0,3,0,1,2.6,112,3.5
13,Ben Bryant,77655,QB,NWESTERN,1,80.6,31,32,9.4,2.41,0,2,6.3,75.0,24,0,10,4.0,36,1,14,256,70.6,86.6,83.5,71.3,0,2,37,0,20.0,89.8,5.6,2,2,0,1,2,2,5.4,234,7.3
13,Dylan Hopkins,83571,QB,NEW MEXICO,1,48.4,31,32,12.9,2.33,0,2,5.1,37.5,12,0,14,20.0,35,3,6,241,69.1,44.5,43.5,,0,0,42,0,14.3,49.6,5.7,2,0,1,0,0,2,4.8,125,3.9
13,Jake Retzlaff,70874,QB,BYU,1,53.8,26,31,9.7,2.46,1,1,3.1,45.2,14,0,8,0.0,32,0,6,128,48.1,46.1,47.7,55.1,0,0,33,1,0.0,61.4,0.0,0,0,1,3,0,1,3.0,161,5.2
13,Taulia Tagovailoa,97271,QB,MARYLAND,1,77.4,31,31,7.3,2.46,0,3,8.8,77.4,24,0,4,0.0,32,0,13,215,69.1,87.0,85.2,63.3,0,1,35,0,25.0,133.9,3.1,1,0,0,0,3,1,2.9,361,11.6
13,Brennan Armstrong,77696,QB,NC STATE,1,86.2,29,31,8.3,2.54,0,1,3.0,71.0,22,0,9,12.0,37,3,16,248,71.1,85.8,90.7,58.7,0,0,40,1,11.1,138.4,2.7,1,4,0,2,3,0,0.0,334,10.8
13,Kurtis Rourke,97998,QB,OHIO,1,79.3,29,30,7.3,2.76,0,1,3.2,63.3,19,0,10,17.4,36,4,8,259,71.0,81.7,77.8,71.0,0,0,37,0,30.0,94.9,8.3,3,2,0,1,1,0,0.0,208,6.9
13,Zion Webb,63555,QB,JVILLE ST,1,62.1,29,30,13.9,2.5,1,2,6.3,56.7,17,0,9,5.6,34,1,10,196,71.7,63.2,63.3,59.3,0,2,36,1,22.2,56.3,5.9,2,2,0,0,0,2,5.6,250,8.3
13,Taisun Phommachanh,99577,QB,UMASS,1,64.3,28,30,11.6,2.59,2,2,6.1,60.0,18,0,10,0.0,34,0,12,216,20.5,61.6,56.9,70.6,0,1,37,0,20.0,81.3,5.9,2,1,0,0,1,2,5.4,230,7.7
13,Kyle McCord,145053,QB,OHIO STATE,1,65.5,29,30,10.8,2.58,1,2,6.7,60.0,18,0,9,5.3,31,1,13,260,68.3,60.7,59.7,,0,2,31,0,11.1,84.0,3.2,1,0,0,0,2,2,6.5,270,9.0
13,Byrum Brown,156206,QB,USF,1,73.3,30,30,7.7,2.62,0,0,0.0,73.3,22,0,10,0.0,32,0,12,327,71.2,68.4,64.0,69.0,0,1,34,0,10.0,124.0,3.1,1,1,0,0,4,2,5.9,253,8.4
13,Fernando Mendoza,158323,QB,CAL,1,74.1,27,30,5.4,1.97,1,2,6.5,63.3,19,0,10,5.0,31,1,9,130,68.4,60.1,58.9,,0,2,32,0,10.0,74.0,3.2,1,0,0,2,2,1,3.1,178,5.9
13,Ethan Vasko,163817,QB,COAST CAR,1,72.4,29,29,7.9,2.58,0,1,3.4,72.4,21,0,8,0.0,32,0,11,141,71.2,76.8,75.2,65.7,0,0,32,0,12.5,109.6,3.1,1,2,0,0,1,1,3.1,248,8.6
13,Jayden Maiava,158135,QB,UNLV,1,75.0,28,29,7.6,2.58,0,2,6.3,65.5,19,0,13,9.5,34,2,11,325,69.3,56.2,56.0,57.5,0,0,37,0,7.7,101.4,2.9,1,3,0,1,1,1,2.7,231,8.0
13,Seth Henigan,144267,QB,MEMPHIS,1,75.0,28,29,10.1,2.31,0,2,6.5,65.5,19,0,7,9.5,31,2,13,218,68.5,51.1,47.7,64.3,0,1,33,0,14.3,118.2,3.2,1,1,0,1,4,3,9.1,253,8.7
13,Deacon Hill,145170,QB,IOWA,1,64.0,25,28,7.2,2.49,1,0,0.0,39.3,11,0,11,31.3,30,5,7,192,70.7,45.4,38.9,67.1,2,1,31,0,9.1,33.9,3.3,1,1,0,0,0,2,6.5,94,3.4
13,Ta'Quan Roberson,101625,QB,UCONN,1,65.4,26,28,9.0,2.76,1,2,6.5,57.1,16,0,5,5.9,32,1,10,146,30.4,62.9,63.0,57.9,0,0,35,0,20.0,75.6,3.1,1,3,0,1,0,0,0.0,174,6.2
13,Athan Kaliakmanis,144971,QB,MINNESOTA,1,66.7,27,28,8.8,3.08,1,1,3.2,57.1,16,0,9,11.1,31,2,9,225,69.5,52.6,47.4,69.5,0,1,34,0,22.2,71.6,6.5,2,1,0,0,1,2,5.9,167,6.0
13,Chubba Purdy,122412,QB,NEBRASKA,1,82.6,23,28,7.2,3.21,1,2,7.1,53.6,15,0,17,21.1,35,4,8,238,20.5,51.1,51.7,55.3,0,1,35,0,23.5,71.9,11.4,4,3,0,4,1,3,8.6,189,6.8
13,Devin Kargman,156913,QB,KENT STATE,1,61.5,26,28,15.5,2.5,0,3,10.0,57.1,16,0,8,0.0,29,0,13,201,68.8,84.6,85.1,60.0,1,0,31,0,12.5,111.6,3.4,1,0,0,1,2,0,0.0,256,9.1
13,T.J. Finley,124093,QB,TEXAS ST,1,77.8,27,28,11.7,3.01,0,2,6.9,67.9,19,0,8,9.5,31,2,14,314,71.2,79.0,82.2,56.0,0,1,32,0,25.0,131.5,6.5,2,1,0,1,3,0,0.0,364,13.0
13,Hayden Wolff,98362,QB,W MICHIGAN,1,79.2,24,27,2.6,2.69,0,0,0.0,63.0,17,0,11,10.5,35,2,4,347,30.4,46.0,43.5,58.0,0,2,35,0,45.5,42.7,14.3,5,3,0,3,0,4,11.4,123,4.6
13,Jaxson Dart,146409,QB,OLE MISS,1,73.9,23,27,8.9,2.93,1,0,0.0,51.9,14,0,8,17.6,29,3,6,226,71.5,65.9,60.8,66.8,1,0,29,1,0.0,72.5,0.0,0,2,0,2,1,0,0.0,96,3.6
13,John Rhys Plumlee,97602,QB,UCF,1,92.6,27,27,6.5,2.87,0,0,0.0,85.2,23,0,8,8.0,32,2,12,323,72.7,90.6,86.6,74.4,0,0,32,0,37.5,119.3,9.4,3,2,0,0,1,0,0.0,261,9.7
13,Emory Jones,82111,QB,CINCINNATI,1,65.4,26,27,8.8,2.96,1,0,0.0,55.6,15,0,6,11.8,30,2,6,138,72.6,64.2,54.1,70.7,0,0,31,0,0.0,76.8,0.0,0,3,0,0,1,1,3.2,104,3.9
13,Jeff Undercuffler,78501,QB,AKRON,1,63.0,27,27,6.8,3.0,0,0,0.0,59.3,16,0,10,5.9,32,1,6,102,69.0,37.2,37.9,55.9,0,1,33,0,40.0,51.9,12.5,4,1,0,0,0,1,3.0,103,3.8
13,Cade Klubnik,156253,QB,CLEMSON,1,75.0,24,27,6.6,2.81,1,1,3.7,55.6,15,0,10,16.7,32,3,4,140,72.0,64.4,57.8,67.3,1,1,32,2,10.0,48.4,3.1,1,3,0,1,0,1,3.1,100,3.7
13,Levi Williams,98365,QB,UTAH ST,1,72.0,25,27,12.4,2.84,1,1,3.1,59.3,16,0,15,11.1,37,2,11,329,47.2,78.0,62.1,79.8,0,1,42,0,20.0,91.3,8.1,3,7,0,1,2,1,2.4,198,7.3
13,Jase Bauer,145714,QB,C MICHIGAN,1,68.0,25,27,10.7,3.87,0,1,3.2,55.6,15,0,13,11.8,35,2,9,134,71.1,80.5,76.0,71.1,0,0,39,0,30.8,88.8,11.4,4,4,0,2,1,0,0.0,182,6.7
13,Austin Smith,145763,QB,E MICHIGAN,1,84.0,25,27,2.3,2.59,0,0,0.0,70.4,19,0,6,9.5,29,2,10,160,71.1,59.6,53.5,66.6,1,0,30,0,16.7,94.8,3.4,1,1,0,1,1,1,3.3,141,5.2
13,Tommy Castellanos,158433,QB,BOSTON COL,1,64.0,25,26,7.7,3.38,0,3,10.7,57.7,15,0,12,6.3,36,1,11,121,72.1,82.0,71.3,76.9,0,2,38,1,8.3,55.1,2.8,1,9,0,1,1,1,2.6,151,5.8
13,Cade McConnell,73935,QB,UTEP,1,71.4,21,26,9.0,2.7,1,1,3.6,46.2,12,0,8,20.0,29,3,6,330,28.9,39.0,40.9,55.6,1,1,31,2,12.5,50.8,3.4,1,1,0,3,0,2,6.5,164,6.3
13,Jacob Zeno,98014,QB,UAB,1,77.3,22,26,8.5,2.92,0,1,3.4,61.5,16,0,12,5.9,30,1,9,321,68.5,90.3,90.3,62.6,2,0,33,0,16.7,124.7,6.7,2,2,0,2,2,0,0.0,285,11.0
13,Chevan Cordeiro,75886,QB,S JOSE ST,1,87.5,24,26,9.2,3.1,0,0,0.0,73.1,19,0,8,9.5,29,2,13,285,68.7,82.2,86.1,54.0,0,0,29,0,0.0,129.3,0.0,0,3,0,2,2,0,0.0,254,9.8
13,Connor Bazelak,99135,QB,BOWL GREEN,1,76.0,25,26,6.9,2.3,0,1,3.8,69.2,18,0,5,5.3,29,1,12,122,68.1,62.9,61.3,62.1,0,0,29,0,20.0,120.2,3.4,1,2,0,1,2,2,6.9,217,8.3
13,Jalen Mayden,83520,QB,S DIEGO ST,1,80.0,25,26,9.0,2.89,0,0,0.0,65.4,17,0,11,15.0,30,3,13,284,73.6,65.1,60.1,66.1,0,0,30,0,27.3,99.7,10.0,3,1,0,1,1,0,0.0,189,7.3
13,Drew Allar,164157,QB,PENN STATE,1,79.2,24,26,11.1,2.69,1,1,3.6,65.4,17,0,8,10.5,29,2,14,266,68.3,87.9,87.7,64.2,1,0,31,1,25.0,129.0,6.9,2,1,0,0,2,0,0.0,292,11.2
13,Cole Snyder,97617,QB,BUFFALO,1,56.5,23,26,11.3,2.81,1,3,10.3,42.3,11,0,9,15.4,27,2,4,126,68.8,70.3,69.5,60.0,0,0,30,0,11.1,59.0,3.7,1,0,0,2,0,1,3.3,135,5.2
13,Shane Illingworth,71512,QB,NEVADA,1,58.3,24,26,9.9,2.76,0,1,3.3,53.8,14,0,17,0.0,36,0,9,239,69.5,45.7,51.3,48.5,2,1,40,1,29.4,59.8,13.9,5,4,0,0,0,3,7.5,180,6.9
13,Tate Rodemaker,122414,QB,FLORIDA ST,1,59.1,22,25,9.7,2.89,1,1,3.7,48.0,12,0,10,7.7,29,1,7,167,69.8,63.8,68.0,58.2,0,0,31,2,30.0,64.4,10.3,3,1,0,2,0,1,3.2,134,5.4
13,Garrett Greene,123420,QB,W VIRGINIA,1,66.7,24,25,16.7,2.83,0,7,25.0,64.0,16,0,4,0.0,29,0,13,343,40.8,91.4,90.1,75.7,0,0,32,0,0.0,126.9,0.0,0,4,0,1,2,1,3.1,269,10.8
13,Ashton Daniels,157259,QB,STANFORD,1,65.2,23,25,8.0,3.18,0,0,0.0,60.0,15,0,16,0.0,32,0,6,300,70.9,44.5,49.3,48.5,0,1,34,0,25.0,60.8,12.5,4,3,0,2,0,1,2.9,152,6.1
13,Quinn Ewers,127253,QB,TEXAS,1,72.7,22,25,8.0,2.41,1,1,4.0,64.0,16,0,7,0.0,30,0,11,311,68.2,69.6,70.3,59.2,0,1,30,0,42.9,83.4,10.0,3,0,0,2,1,1,3.3,188,7.5
13,Jalen Milroe,146590,QB,ALABAMA,1,72.7,22,25,12.5,4.42,0,3,12.0,64.0,16,0,14,0.0,38,0,17,103,71.0,79.6,80.0,70.2,1,0,38,2,7.1,125.3,2.6,1,12,0,2,2,0,0.0,259,10.4
13,Carter Bradley,77685,QB,S ALABAMA,1,79.2,24,24,8.3,2.43,0,1,3.8,75.0,18,0,7,5.3,27,1,9,288,68.0,76.1,77.6,,0,0,29,1,42.9,123.1,11.1,3,0,0,0,2,0,0.0,177,7.4
13,Michael Kern,97799,QB,WAKE,1,81.8,22,24,12.4,3.12,1,2,7.7,75.0,18,0,12,0.0,31,0,12,339,29.9,85.2,75.7,81.3,0,1,34,0,25.0,132.5,9.7,3,4,0,1,3,2,5.9,263,11.0
13,Jayden Daniels,97993,QB,LSU,1,77.3,22,24,10.8,3.01,0,1,3.7,66.7,16,0,8,5.9,32,1,17,211,70.9,90.2,82.5,78.8,1,0,35,0,25.0,138.0,6.3,2,6,0,1,4,0,0.0,235,9.8
13,Ryan Staub,171906,QB,COLORADO,1,79.2,24,24,7.7,2.44,0,1,4.0,70.8,17,0,9,10.5,27,2,10,143,28.0,74.3,79.7,50.8,0,0,28,0,22.2,108.9,7.4,2,1,0,0,1,1,3.6,195,8.1
13,Aveon Smith,130529,QB,MIAMI OH,1,69.6,23,24,11.0,2.29,1,1,4.2,58.3,14,0,2,12.5,27,2,7,221,29.7,47.2,48.7,53.1,0,2,27,0,0.0,59.4,0.0,0,3,0,0,1,3,11.1,170,7.1
13,AJ Swann,157186,QB,VANDERBILT,1,75.0,20,23,4.2,2.31,0,1,3.8,60.9,14,0,11,6.7,25,1,7,333,68.7,62.2,66.2,60.0,0,0,29,2,18.2,97.6,8.0,2,0,0,3,1,0,0.0,167,7.3
13,Michael Pratt,123229,QB,TULANE,1,70.6,17,22,12.0,3.15,2,1,4.2,40.9,9,0,5,25.0,26,3,7,319,71.5,62.1,54.2,67.7,0,0,29,0,20.0,90.2,3.8,1,3,0,3,2,1,3.4,125,5.7
13,Jaden Rashada,171886,QB,ARIZONA ST,1,57.9,19,22,11.1,3.47,0,1,4.5,45.5,10,0,7,9.1,27,1,6,110,68.5,28.9,27.4,61.8,0,2,27,0,28.6,32.8,7.4,2,3,0,3,1,3,11.1,82,3.7
13,Devin Leary,77628,QB,KENTUCKY,1,78.9,19,22,12.8,2.91,2,2,9.1,54.5,12,0,11,20.0,24,3,9,202,69.4,76.0,76.1,59.8,0,1,24,0,18.2,107.2,8.3,2,0,0,1,3,2,8.3,206,9.4
13,Trexler Ivey,122184,QB,CHARLOTTE,1,65.0,20,22,6.0,2.67,0,0,0.0,59.1,13,0,3,0.0,22,0,5,136,68.0,47.6,45.7,60.0,0,2,22,0,0.0,32.0,0.0,0,0,0,2,0,2,9.1,98,4.5
13,Tanner Mordecai,77656,QB,WISCONSIN,1,76.2,21,22,8.6,3.53,1,1,4.3,63.6,14,0,3,12.5,26,2,11,349,70.6,79.7,74.2,71.3,0,1,27,0,0.0,93.9,0.0,0,4,0,0,2,1,3.7,145,6.6
13,Haynes King,124329,QB,GA TECH,1,61.9,21,22,12.2,2.76,0,1,4.5,50.0,11,0,7,15.4,25,2,8,176,20.3,65.0,63.7,61.8,0,0,25,0,28.6,73.7,8.0,2,1,1,0,0,1,4.0,158,7.2
13,Kyron Drones,144506,QB,VA TECH,1,57.1,21,22,13.8,3.15,0,3,13.0,45.5,10,0,8,16.7,24,2,8,337,30.5,63.3,67.9,53.8,0,0,25,0,0.0,125.8,0.0,0,2,0,1,3,2,8.0,244,11.1
13,Cam Fancher,145266,QB,MARSHALL,1,85.7,21,22,8.5,3.06,0,4,18.2,72.7,16,0,8,11.1,30,2,12,214,38.8,81.8,89.0,60.9,1,0,30,0,37.5,142.8,10.0,3,5,0,0,3,0,0.0,214,9.7
13,Desmond Trotter,83552,QB,S ALABAMA,1,94.7,19,21,7.5,2.66,0,1,3.6,85.7,18,0,9,0.0,25,0,12,288,69.8,79.8,75.8,70.7,1,1,32,0,22.2,129.3,8.0,2,2,0,1,4,1,3.1,216,10.3
13,Ethan Crawford,173571,QB,SO MISS,1,57.9,19,21,4.7,3.58,1,0,0.0,52.4,11,0,17,0.0,31,0,8,296,72.0,60.3,52.9,66.8,0,0,32,0,35.3,88.4,19.4,6,4,0,1,1,1,3.1,135,6.4
13,Brady Cook,124199,QB,MISSOURI,1,70.0,20,20,10.3,2.52,0,1,4.5,60.0,12,0,2,14.3,21,2,5,229,70.4,62.8,62.2,59.8,0,0,23,0,0.0,108.8,0.0,0,1,0,0,2,0,0.0,112,5.6
13,Chandler Fields,97286,QB,LA LAFAYET,1,100.0,18,20,6.2,2.69,1,1,4.3,90.0,18,0,8,0.0,22,0,14,207,28.5,83.1,78.7,71.1,0,0,25,0,12.5,151.3,4.5,1,1,0,1,2,1,4.0,246,12.3
13,Jacolby Criswell,122830,QB,ARKANSAS,1,70.6,17,20,5.2,2.27,0,0,0.0,60.0,12,0,10,0.0,24,0,6,111,17.7,43.2,39.2,56.7,2,0,25,0,40.0,88.8,16.7,4,0,0,1,1,2,8.0,96,4.8
13,Carson Beck,124010,QB,GEORGIA,1,73.7,19,20,8.5,2.6,0,2,9.1,65.0,13,0,5,7.1,23,1,9,173,70.0,85.9,82.5,70.5,0,1,25,0,0.0,88.5,0.0,0,3,0,1,1,0,0.0,175,8.8
13,Donovan Smith,73929,QB,HOUSTON,1,66.7,18,20,9.5,3.23,0,1,4.8,60.0,12,0,11,0.0,24,0,8,182,72.6,56.1,48.6,65.5,0,1,25,0,27.3,81.5,12.5,3,1,0,2,1,1,4.0,161,8.1
13,J.J. McCarthy,144918,QB,MICHIGAN,1,80.0,20,20,7.0,2.87,0,2,10.0,80.0,16,0,8,0.0,24,0,10,222,68.2,71.9,75.2,57.2,0,0,24,0,12.5,114.2,4.2,1,3,0,0,1,0,0.0,148,7.4
13,Katin Houser,158386,QB,MICH STATE,1,64.7,17,19,8.4,2.43,0,1,5.0,57.9,11,0,14,0.0,26,0,3,223,68.5,48.7,50.9,52.6,2,1,27,0,35.7,47.5,19.2,5,2,0,0,0,2,7.4,87,4.6
13,Alex Flinn,123797,QB,E CAROLINA,1,88.9,18,19,11.2,3.04,0,3,15.0,68.4,13,0,14,18.8,27,3,10,156,69.7,79.5,75.9,68.9,0,2,28,0,21.4,96.3,11.1,3,5,0,1,2,2,7.1,190,10.0
13,Kiael Kelly,145634,QB,BALL ST,1,73.7,19,19,6.2,2.54,0,0,0.0,73.7,14,0,3,0.0,23,0,6,117,43.0,54.9,39.7,66.6,0,2,23,0,66.7,61.4,8.7,2,2,0,0,1,3,13.0,91,4.8
13,Sawyer Robertson,146839,QB,BAYLOR,1,94.7,19,19,6.6,3.4,0,3,15.8,89.5,17,0,10,5.6,26,1,12,118,71.8,92.2,91.9,73.8,0,0,26,0,30.0,131.4,11.5,3,4,0,0,1,0,0.0,215,11.3
13,Braxton Woodson,175276,QB,NAVY,1,62.5,16,19,9.6,3.07,0,1,5.0,47.4,9,0,11,10.0,26,1,4,237,39.5,54.4,47.7,63.9,0,1,27,0,36.4,35.2,15.4,4,3,1,2,0,1,3.7,71,3.7
13,Preston Stone,124716,QB,SMU,1,82.4,17,19,16.1,3.67,0,3,15.0,73.7,14,0,3,0.0,20,0,11,287,67.9,91.8,92.2,57.7,0,0,21,0,33.3,155.2,5.0,1,0,0,2,3,0,0.0,322,16.9
13,Andrew Peasley,83581,QB,WYOMING,1,83.3,18,18,9.9,3.12,0,0,0.0,66.7,12,0,6,20.0,21,3,10,351,70.9,92.8,86.6,88.1,0,0,23,0,16.7,132.9,4.8,1,2,0,0,2,0,0.0,165,9.2
13,Dequan Finn,97804,QB,TOLEDO,1,66.7,15,18,13.3,3.43,0,1,4.8,50.0,9,0,8,10.0,21,1,3,316,31.3,70.3,73.4,57.7,0,0,24,1,12.5,84.7,4.8,1,2,0,3,1,0,0.0,97,5.4
13,Rocky Lombardi,60452,QB,N ILLINOIS,1,72.2,18,18,19.1,3.27,0,2,11.1,50.0,9,0,5,30.8,20,4,8,254,70.8,81.7,89.0,58.1,0,0,20,0,0.0,104.6,0.0,0,2,0,0,1,1,5.0,183,10.2
13,John Busha,173849,QB,AIR FORCE,1,57.1,14,17,15.1,3.2,0,1,5.9,47.1,8,0,7,0.0,21,0,7,101,28.2,63.7,72.1,50.0,1,1,21,0,28.6,48.9,9.5,2,2,0,2,0,0,0.0,131,7.7
13,Jason Bean,83529,QB,KANSAS,1,86.7,15,17,16.3,2.68,0,4,22.2,76.5,13,0,5,0.0,18,0,11,198,69.1,95.2,94.0,79.2,0,0,19,0,0.0,157.1,0.0,0,1,0,2,2,0,0.0,250,14.7
13,Taylen Green,145996,QB,BOISE ST,1,82.4,17,17,7.8,2.68,0,0,0.0,76.5,13,0,7,7.1,21,1,9,120,70.8,55.6,51.9,61.8,0,2,22,0,14.3,97.9,4.8,1,1,0,0,1,2,9.1,228,13.4
13,Max Brown,157756,QB,FLORIDA,1,64.3,14,17,5.6,3.3,0,2,11.8,52.9,9,0,14,0.0,25,0,6,163,20.0,28.5,27.5,49.8,0,1,26,1,35.7,42.8,20.0,5,3,0,3,0,5,19.2,86,5.1
13,Payton Thorne,101629,QB,AUBURN,1,46.7,15,16,14.4,3.07,0,0,0.0,31.3,5,0,13,28.6,21,2,4,115,33.9,56.7,52.2,64.6,0,2,22,1,30.8,33.1,19.0,4,1,0,1,1,1,4.5,91,5.7
13,Garrett Shrader,98212,QB,SYRACUSE,1,73.3,15,15,12.2,2.13,0,0,0.0,66.7,10,0,3,9.1,16,1,9,304,72.9,80.4,70.3,78.1,0,1,16,0,0.0,116.4,0.0,0,1,0,0,3,0,0.0,169,11.3
13,Sam Hartman,77618,QB,NOTRE DAME,1,66.7,12,14,16.9,3.21,0,3,21.4,57.1,8,0,9,0.0,18,0,7,258,22.9,75.0,85.0,48.4,1,1,18,0,0.0,101.2,0.0,0,4,0,1,2,2,11.1,140,10.0
13,Daniel Richardson,97103,QB,FAU,1,69.2,13,13,9.5,2.94,0,1,7.7,61.5,8,0,3,11.1,14,1,4,165,67.1,77.8,75.7,63.0,0,0,14,0,33.3,108.8,7.1,1,0,0,0,1,0,0.0,93,7.2
13,Kaidon Salter,132046,QB,LIBERTY,1,62.5,8,12,8.9,3.58,1,0,0.0,33.3,4,0,7,20.0,17,1,4,206,71.2,63.1,39.4,72.6,0,0,17,1,0.0,70.1,0.0,0,5,0,3,1,1,5.9,18,1.5
13,Devon Dampier,171556,QB,NEW MEXICO,1,45.5,11,12,13.4,2.9,0,0,0.0,41.7,5,0,5,0.0,14,0,3,241,70.8,57.6,45.2,70.0,1,0,15,0,20.0,91.3,7.1,1,1,0,0,1,0,0.0,77,6.4
13,Rocco Becht,157567,QB,IOWA STATE,1,81.8,11,12,10.1,2.95,0,0,0.0,66.7,8,0,3,11.1,12,1,6,193,69.3,67.6,66.3,61.3,0,0,13,0,0.0,149.3,0.0,0,0,0,1,3,1,7.7,230,19.2
13,Nico Iamaleava,174728,QB,TENNESSEE,1,91.7,12,12,2.7,2.28,0,0,0.0,75.0,9,0,0,18.2,13,2,5,307,67.0,64.4,62.3,62.6,0,0,13,0,,87.5,0.0,0,1,0,0,0,0,0.0,66,5.5
13,Blake Murphy,181169,QB,LA MONROE,1,57.1,7,11,12.4,3.11,1,0,0.0,27.3,3,0,8,25.0,14,1,1,209,66.5,41.8,35.9,64.2,0,1,16,1,25.0,32.0,14.3,2,0,0,3,1,1,6.3,17,1.5
13,Jiya Wright,77688,QB,LA MONROE,1,60.0,10,10,10.4,3.07,0,1,9.1,60.0,6,0,6,0.0,13,0,5,209,69.4,70.7,66.6,66.2,0,1,14,0,16.7,40.0,7.7,1,2,0,0,0,1,7.1,66,6.6
13,Luke Bottari,73931,QB,UTAH,1,66.7,9,10,4.7,2.75,0,0,0.0,60.0,6,0,3,0.0,11,0,6,328,70.5,69.8,62.7,69.3,0,0,11,1,0.0,77.5,0.0,0,1,0,1,0,1,9.1,61,6.1
13,Ken Seals,124359,QB,VANDERBILT,1,77.8,9,9,5.9,1.79,0,0,0.0,77.8,7,0,3,0.0,9,0,3,333,68.4,66.7,59.5,68.8,0,0,10,0,0.0,131.9,0.0,0,0,0,0,1,0,0.0,61,6.8
13,Ethan Garbers,131896,QB,UCLA,1,100.0,7,9,1.4,2.04,0,0,0.0,77.8,7,0,3,0.0,10,0,4,324,65.4,65.0,68.2,57.3,2,0,10,0,0.0,86.6,0.0,0,1,0,0,0,0,0.0,43,4.8
13,Tyriq Starks,156514,QB,FAU,1,83.3,6,6,5.3,2.47,0,0,0.0,83.3,5,0,3,0.0,9,0,3,165,66.3,70.1,69.2,62.0,0,0,9,0,66.7,91.0,22.2,2,1,0,0,0,0,0.0,35,5.8
13,Ari Patu,146360,QB,STANFORD,1,66.7,6,6,9.0,3.01,0,0,0.0,50.0,3,0,2,25.0,7,1,2,300,19.4,36.4,48.8,48.6,0,0,7,1,0.0,69.4,0.0,0,1,0,0,0,0,0.0,37,6.2
13,Steven Johnson,157980,QB,CHARLOTTE,1,66.7,6,6,7.8,2.11,0,0,0.0,50.0,3,0,3,25.0,7,1,2,136,67.4,47.7,36.8,69.6,0,1,9,0,33.3,90.3,14.3,1,0,0,0,1,1,11.1,67,11.2
13,Xavier Arline,121831,QB,NAVY,1,20.0,5,6,7.6,2.37,1,0,0.0,0.0,0,0,3,100.0,7,1,0,237,68.1,37.4,39.1,53.3,0,0,7,0,33.3,39.6,14.3,1,0,0,0,0,0,0.0,0,0.0
13,Justin Lamson,144052,QB,STANFORD,1,50.0,6,6,9.2,2.79,0,0,0.0,33.3,2,0,3,33.3,7,1,1,300,72.1,69.3,50.8,72.7,0,0,7,0,0.0,43.1,0.0,0,1,0,0,0,0,0.0,19,3.2
13,Arch Manning,173162,QB,TEXAS,1,40.0,5,5,12.8,3.16,0,0,0.0,40.0,2,0,1,0.0,7,0,3,311,16.4,64.2,68.2,56.5,0,0,7,0,0.0,60.4,0.0,0,2,0,0,0,0,0.0,30,6.0
13,Beau Nelson,131774,QB,STANFORD,1,20.0,5,5,15.0,3.02,0,0,0.0,20.0,1,0,3,0.0,6,0,0,300,63.8,43.5,46.3,57.3,0,0,6,0,0.0,39.6,0.0,0,1,0,0,0,0,0.0,8,1.6
13,Keldric Luster,175287,QB,SMU,1,25.0,4,4,21.0,2.7,0,0,0.0,25.0,1,0,1,0.0,4,0,1,287,65.2,52.0,53.6,58.1,0,0,4,0,0.0,47.9,0.0,0,0,0,0,0,0,0.0,20,5.0
13,Kevin Jennings,158272,QB,SMU,1,75.0,4,4,6.8,2.68,0,0,0.0,50.0,2,0,1,33.3,4,1,1,287,65.5,58.0,61.4,57.2,0,0,5,0,0.0,70.8,0.0,0,0,0,0,0,0,0.0,26,6.5
13,JC French IV,162521,QB,GA SOUTHRN,1,66.7,3,4,12.3,3.08,0,1,25.0,50.0,2,0,4,0.0,6,0,3,174,64.2,78.2,74.8,64.3,0,0,6,0,25.0,124.0,16.7,1,1,0,1,1,0,0.0,39,9.8
13,Brady Lichtenberg,144226,QB,CINCINNATI,1,0.0,2,3,28.5,3.53,0,0,0.0,0.0,0,0,1,,3,0,0,138,62.7,26.1,26.2,,0,1,3,0,0.0,0.0,0.0,0,0,0,1,0,1,33.3,0,0.0
13,Brendon Lewis,131687,QB,NEVADA,1,100.0,2,3,1.0,3.73,0,0,0.0,66.7,2,0,3,0.0,4,0,0,239,65.5,50.9,50.4,59.6,0,0,5,0,33.3,70.1,25.0,1,0,0,1,0,0,0.0,8,2.7
13,Tahj Bullock,144070,QB,AKRON,1,33.3,3,3,3.3,2.8,0,0,0.0,33.3,1,0,1,0.0,4,0,2,102,69.7,56.6,35.6,68.9,0,0,5,0,0.0,121.5,0.0,0,1,0,0,1,0,0.0,43,14.3
13,Turner Helton,163044,QB,W KENTUCKY,1,100.0,3,3,2.0,2.88,0,0,0.0,100.0,3,0,2,0.0,5,0,3,346,63.8,53.0,56.5,57.3,0,0,5,0,50.0,90.3,20.0,1,1,0,0,0,0,0.0,17,5.7
13,Kevin Hurley,145490,QB,UTEP,1,66.7,3,3,14.0,2.37,0,1,33.3,66.7,2,0,1,0.0,3,0,2,330,66.4,71.4,68.3,62.7,0,0,3,0,0.0,149.3,0.0,0,0,0,0,1,0,0.0,57,19.0
13,Camden Orth,108965,QB,BOWL GREEN,1,50.0,2,2,13.5,3.37,0,0,0.0,50.0,1,0,1,0.0,3,0,1,122,67.8,68.6,40.5,74.4,0,1,4,0,0.0,27.1,0.0,0,1,0,0,0,1,25.0,11,5.5
13,Alex Padilla,86285,QB,SMU,1,50.0,2,2,4.5,3.25,0,0,0.0,50.0,1,0,1,0.0,2,0,0,287,64.4,48.2,47.5,59.6,0,0,2,0,0.0,56.3,0.0,0,0,0,0,0,0,0.0,1,0.5
13,Dan Villari,129602,TE,SYRACUSE,1,100.0,2,2,19.5,2.2,0,1,50.0,100.0,2,0,0,0.0,2,0,1,304,74.3,69.7,88.3,59.3,0,0,2,0,,158.3,0.0,0,0,0,0,1,0,0.0,51,25.5
13,KJ Jefferson,99129,QB,ARKANSAS,1,100.0,2,2,-1.0,2.1,0,0,0.0,100.0,2,0,2,0.0,3,0,0,111,62.7,70.9,52.1,63.6,0,0,3,0,50.0,79.2,33.3,1,0,0,0,0,0,0.0,2,1.0
13,Gaston Moore,123756,QB,TENNESSEE,1,0.0,2,2,7.5,2.3,0,0,0.0,0.0,0,0,0,,2,0,0,307,61.8,49.8,50.0,,0,0,2,0,,39.6,0.0,0,0,0,0,0,0,0.0,0,0.0
13,Frank Gore Jr.,121457,HB,SO MISS,1,0.0,2,2,36.0,2.9,0,0,0.0,0.0,0,0,0,,2,0,0,296,26.1,63.9,43.6,72.8,0,0,2,0,,39.6,0.0,0,0,0,0,0,0,0.0,0,0.0
13,C.J. Ogbonna,149182,QB,BUFFALO,1,50.0,2,2,24.5,2.35,0,1,50.0,50.0,1,0,0,0.0,2,0,1,126,70.5,88.8,81.1,72.4,0,0,2,0,,95.8,0.0,0,0,0,0,0,0,0.0,39,19.5
13,Beau Pribula,164182,QB,PENN STATE,1,100.0,2,2,0.0,2.1,0,0,0.0,100.0,2,0,0,0.0,2,0,1,266,64.4,82.4,80.7,62.5,0,0,2,0,,129.2,0.0,0,0,0,0,1,0,0.0,11,5.5
13,Caden Veltkamp,156642,QB,W KENTUCKY,1,50.0,2,2,10.5,2.6,0,0,0.0,50.0,1,0,1,0.0,3,0,0,346,15.8,52.4,61.2,53.7,0,0,3,0,0.0,56.3,0.0,0,1,0,0,0,1,33.3,4,2.0
13,Nay'Quan Wright,98803,HB,USF,1,0.0,1,1,4.0,2.7,0,0,0.0,0.0,0,0,0,,1,0,0,327,71.9,56.9,52.7,58.6,0,0,1,0,,39.6,0.0,0,0,0,0,0,0,0.0,0,0.0
13,Donovan Edwards,144917,HB,MICHIGAN,1,100.0,1,1,25.0,3.1,0,0,0.0,100.0,1,0,0,0.0,1,0,1,222,73.1,67.5,76.2,64.1,0,0,1,0,,118.8,0.0,0,0,0,0,0,0,0.0,34,34.0
13,Xavier Worthy,144718,WR,TEXAS,1,0.0,1,1,21.0,3.2,0,0,0.0,0.0,0,0,0,,1,0,0,311,72.7,62.3,37.5,,0,0,1,0,,39.6,0.0,0,0,0,0,0,1,100.0,0,0.0
13,Jimmy Horn Jr.,144483,WR,COLORADO,1,100.0,1,1,28.0,3.2,0,0,0.0,100.0,1,0,0,0.0,1,0,1,143,65.7,69.2,76.2,,0,0,1,0,,158.3,0.0,0,0,0,0,1,0,0.0,30,30.0
13,Jarquez Hunter,146662,HB,AUBURN,1,100.0,1,1,-4.0,0.7,0,0,0.0,100.0,1,0,0,0.0,1,0,0,115,74.7,73.3,61.0,76.5,0,0,1,0,,79.2,0.0,0,0,0,0,0,0,0.0,2,2.0
13,Chris Lewis,146744,WR,TROY,1,100.0,1,1,28.0,2.7,0,0,0.0,100.0,1,0,0,0.0,1,0,1,318,65.3,70.3,76.2,,0,0,1,0,,158.3,0.0,0,0,0,0,1,0,0.0,30,30.0
13,Nate Hampton,147548,QB,LIBERTY,1,0.0,1,1,28.0,3.1,0,0,0.0,0.0,0,0,1,,1,0,0,206,13.4,28.4,52.5,45.1,0,0,1,1,0.0,39.6,0.0,0,0,0,0,0,0,0.0,0,0.0
13,RJ Martinez,147690,QB,BAYLOR,1,,0,1,,5.2,0,0,0.0,0.0,0,0,1,,1,0,0,118,60.3,59.7,60.0,,1,0,1,0,0.0,39.6,0.0,0,0,0,0,0,0,0.0,0,0.0
13,Cam Skattebo,147787,HB,ARIZONA ST,1,0.0,1,1,7.0,4.5,0,0,0.0,0.0,0,0,0,,1,0,0,110,75.7,81.8,45.7,82.7,0,0,1,1,,39.6,0.0,0,0,0,0,0,0,0.0,0,0.0
13,Jared Rayman,151066,QB,VIRGINIA,1,0.0,1,1,17.0,3.3,0,0,0.0,0.0,0,0,2,,3,0,0,335,64.8,50.3,44.3,61.3,0,0,3,0,50.0,39.6,33.3,1,1,0,0,0,0,0.0,0,0.0
13,Isaiah Williams,97156,WR,ILLINOIS,1,100.0,1,1,16.0,2.5,0,0,0.0,100.0,1,0,0,0.0,1,0,1,187,70.3,61.4,74.3,59.7,0,0,1,0,,158.3,0.0,0,0,0,0,1,0,0.0,14,14.0
13,Lunch Winfield,176367,QB,LA LAFAYET,1,,0,1,,5.1,0,0,0.0,0.0,0,0,1,,1,0,0,207,68.7,84.1,60.0,80.9,0,0,1,1,0.0,39.6,0.0,0,0,0,1,0,0,0.0,0,0.0
13,Alante Brown,97171,WR,MICH STATE,1,,0,1,,3.8,0,0,0.0,0.0,0,0,1,,1,0,1,223,65.3,54.3,60.0,59.5,0,0,1,1,0.0,39.6,0.0,0,0,0,1,0,0,0.0,0,0.0
13,Lincoln Victor,97215,WR,WASH STATE,1,0.0,1,1,25.0,3.1,0,0,0.0,0.0,0,0,1,,1,0,0,341,69.5,58.1,58.4,59.6,0,0,1,0,0.0,39.6,0.0,0,0,0,0,0,0,0.0,0,0.0
13,DJ Riles,156596,QB,MIDDLE TN,1,100.0,1,1,-4.0,0.6,0,0,0.0,100.0,1,0,0,0.0,1,0,1,224,68.7,63.4,60.2,64.0,0,0,2,0,,116.7,0.0,0,0,0,0,0,0,0.0,12,12.0
13,Jake Walrath,136922,P,C MICHIGAN,1,100.0,1,1,-8.0,1.7,0,0,0.0,100.0,1,0,0,0.0,1,0,1,134,60.3,60.6,60.6,,0,0,1,0,,118.8,0.0,0,0,0,0,0,0,0.0,49,49.0
13,Steve Angeli,156966,QB,NOTRE DAME,1,0.0,1,1,2.0,3.0,0,0,0.0,0.0,0,0,1,,1,0,0,258,63.7,63.1,60.4,60.0,0,1,1,0,0.0,0.0,0.0,0,0,0,0,0,0,0.0,0,0.0
13,Sam Horn,157167,QB,MISSOURI,1,0.0,1,1,5.0,1.6,0,0,0.0,0.0,0,0,0,,1,0,0,229,63.7,55.0,55.3,60.0,0,0,1,0,,39.6,0.0,0,0,0,0,0,0,0.0,0,0.0
13,Andrew Schorfhaar,129633,QB,MICH STATE,1,100.0,1,1,-2.0,2.0,0,0,0.0,100.0,1,0,1,0.0,2,0,0,223,61.8,59.5,58.9,,0,0,2,0,100.0,79.2,50.0,1,0,0,0,0,0,0.0,1,1.0
13,Chuuky Hines,158174,WR,HAWAII,1,100.0,1,1,30.0,3.2,0,0,0.0,100.0,1,0,0,0.0,1,0,1,180,66.3,67.7,77.1,,0,0,1,0,,158.3,0.0,0,0,0,0,1,0,0.0,26,26.0
13,OJ Arnold,158336,HB,GA SOUTHRN,1,0.0,1,1,30.0,3.5,0,0,0.0,0.0,0,0,0,,1,0,0,174,75.8,64.0,50.1,67.5,0,0,1,0,,39.6,0.0,0,0,0,0,0,0,0.0,0,0.0
13,Ben Brittain,125262,QB,AIR FORCE,1,0.0,1,1,34.0,3.28,0,0,0.0,0.0,0,0,3,,4,0,0,101,67.8,66.2,53.5,68.0,0,0,4,0,66.7,39.6,50.0,2,1,0,0,0,0,0.0,0,0.0
13,Quinton Jackson,163001,HB,RICE,1,100.0,1,1,-3.0,2.4,0,0,0.0,100.0,1,0,1,0.0,1,0,0,275,60.3,60.5,60.6,,0,0,1,0,0.0,79.2,0.0,0,0,0,0,0,0,0.0,-1,-1.0
13,Holden Willis,123297,WR,MIDDLE TN,1,100.0,1,1,4.0,4.1,0,0,0.0,100.0,1,0,1,0.0,1,0,1,224,65.9,54.2,56.1,,0,0,1,0,0.0,118.8,0.0,0,0,0,0,0,0,0.0,23,23.0
13,Grant Wells,97784,QB,VA TECH,1,100.0,1,1,4.0,3.4,0,0,0.0,100.0,1,0,0,0.0,1,0,0,337,65.9,75.0,60.6,68.3,0,0,1,0,,83.3,0.0,0,0,0,0,0,0,0.0,4,4.0
13,Ryan Rehkow,122074,P,BYU,1,100.0,1,1,6.0,2.0,0,0,0.0,100.0,1,0,0,0.0,1,0,1,128,60.3,55.8,53.7,,0,0,1,0,,118.8,0.0,0,0,0,0,0,0,0.0,36,36.0
13,Brock Glenn,170335,QB,FLORIDA ST,1,0.0,1,1,6.0,2.7,0,0,0.0,0.0,0,0,0,,1,0,0,167,63.7,71.9,60.4,63.7,0,0,1,0,,39.6,0.0,0,0,0,0,0,0,0.0,0,0.0
13,Johnathan Bennett,104158,QB,LIBERTY,1,100.0,1,1,1.0,2.4,0,0,0.0,100.0,1,0,0,0.0,1,0,1,206,60.3,61.7,60.6,,0,0,1,0,,91.7,0.0,0,0,0,0,0,0,0.0,6,6.0
13,Ui Ale,173036,QB,HOUSTON,1,100.0,1,1,4.0,3.2,0,0,0.0,100.0,1,0,2,0.0,3,0,0,182,62.7,52.4,58.9,57.0,0,0,3,0,50.0,83.3,33.3,1,1,0,0,0,0,0.0,4,4.0
13,Noah Smith,104112,WR,SM HOUSTON,1,100.0,1,1,-8.0,2.8,0,0,0.0,100.0,1,0,0,0.0,1,0,0,281,63.7,62.8,60.4,,0,0,1,0,,79.2,0.0,0,0,0,0,0,0,0.0,1,1.0
13,Luke McCaffrey,101634,WR,RICE,1,0.0,1,1,9.0,4.9,0,0,0.0,0.0,0,0,0,,1,0,0,275,70.0,79.5,45.8,67.6,0,0,1,0,,39.6,0.0,0,0,0,0,0,0,0.0,0,0.0
13,Sean Atkins,101127,WR,USF,1,100.0,1,1,27.0,3.1,0,0,0.0,100.0,1,0,0,0.0,1,0,1,327,72.0,68.3,76.6,,0,0,1,1,,158.3,0.0,0,0,0,0,1,0,0.0,62,62.0
13,Ryan Montgomery,101063,HB,CINCINNATI,1,100.0,1,1,13.0,2.5,0,0,0.0,100.0,1,0,1,0.0,1,0,1,138,73.9,75.2,73.1,71.3,0,0,1,0,0.0,135.4,0.0,0,0,0,0,1,0,0.0,7,7.0
13,Oscar Cardenas,98291,TE,UTSA,1,0.0,1,1,11.0,2.9,0,0,0.0,0.0,0,0,0,,1,0,0,331,65.3,54.4,27.4,,0,1,1,0,,0.0,0.0,0,0,0,0,0,1,100.0,0,0.0
13,Dalvin Smith,98019,WR,W KENTUCKY,1,100.0,1,1,33.0,3.0,0,0,0.0,100.0,1,0,0,0.0,1,0,1,346,65.3,69.2,75.7,,0,0,1,0,,158.3,0.0,0,0,0,0,1,0,0.0,32,32.0
13,Luke Schomburg,159795,QB,CHATTNOOGA,1,64.7,34,37,11.0,2.34,0,1,2.6,56.8,21,0,5,4.5,38,1,13,137,68.9,65.7,65.6,57.8,0,1,39,0,0.0,76.3,0.0,0,1,1,2,1,1,2.6,259,7.0
13,Jaylen King,170801,QB,GARD-WEBB,1,69.7,33,36,11.1,2.96,0,1,2.6,58.3,21,0,13,8.7,45,2,10,171,43.4,40.0,40.1,53.0,0,3,47,0,38.5,52.0,11.1,5,4,0,3,1,5,10.6,231,6.4
13,Myles Crawley,141731,QB,GRAMBLING,1,76.0,25,28,4.1,2.2,0,0,0.0,67.9,19,0,8,0.0,33,0,9,177,69.5,52.0,50.9,57.2,0,1,34,0,50.0,71.0,12.1,4,1,0,3,0,1,2.9,183,6.5
13,Davius Richard,109077,QB,NC CENT,1,70.8,24,27,8.6,2.84,1,0,0.0,59.3,16,0,12,5.9,32,1,6,247,73.9,57.5,46.7,69.5,0,1,32,0,33.3,88.8,12.5,4,1,0,2,1,3,9.4,262,9.7
13,Mitch Davidson,138334,QB,YNGTOWN ST,1,87.5,24,27,10.8,2.45,0,3,10.7,66.7,18,0,7,14.3,30,3,15,353,29.5,88.2,90.6,52.2,0,0,31,0,0.0,131.1,0.0,0,1,0,3,2,0,0.0,316,11.7
13,Noah Bodden,150881,QB,SOUTHERN U,1,62.5,24,26,11.5,2.55,0,2,6.9,50.0,13,0,11,13.3,28,2,9,297,71.2,73.2,72.4,62.6,0,1,31,0,18.2,77.6,7.1,2,0,0,2,1,1,3.2,231,8.9
13,Nick Minicucci,173617,QB,DELAWARE,1,79.2,24,26,9.7,3.41,0,1,3.4,65.4,17,0,13,10.5,34,2,13,151,71.0,87.3,83.5,70.6,0,3,37,0,15.4,84.3,5.9,2,5,0,2,3,0,0.0,180,6.9
13,Pat McQuaide,145792,QB,NICHOLLS,1,56.5,23,26,9.7,2.39,0,1,3.8,46.2,12,0,13,7.7,32,1,7,243,28.6,51.6,51.0,57.9,1,2,33,0,30.8,29.5,12.5,4,2,0,2,0,3,9.1,131,5.0
13,Carter Peevy,129563,QB,MERCER,1,76.2,21,25,5.9,2.57,3,0,0.0,60.0,15,0,7,6.3,31,1,7,219,71.2,76.3,66.0,80.9,0,0,31,0,85.7,72.4,19.4,6,0,0,1,0,1,3.2,122,4.9
13,Luke Bailey,143172,QB,DRAKE,1,61.9,21,25,6.4,2.65,2,2,8.0,52.0,13,0,9,0.0,28,0,7,153,27.0,28.4,28.4,53.5,0,2,28,1,22.2,30.1,7.1,2,1,0,2,0,4,14.3,108,4.3
13,Nic Baker,87541,QB,S ILLINOIS,1,52.2,23,24,11.0,2.59,1,0,0.0,50.0,12,0,5,0.0,28,0,10,295,69.2,61.6,60.4,60.8,0,0,29,0,40.0,100.7,7.1,2,2,0,0,2,0,0.0,168,7.0
13,Kyle Wickersham,148418,QB,RICHMOND,1,76.2,21,24,15.9,2.82,1,2,7.7,66.7,16,0,11,0.0,27,0,10,276,73.3,76.2,73.7,67.0,1,0,29,0,18.2,147.7,7.4,2,1,1,0,3,1,3.4,291,12.1
13,Kaiden Bennett,147778,QB,SACRAMENTO,1,85.7,21,22,7.3,2.77,0,0,0.0,77.3,17,0,6,5.6,24,1,14,279,38.1,90.8,78.7,83.8,0,0,24,0,0.0,120.8,0.0,0,2,0,1,1,0,0.0,207,9.4
13,Mike DiLiello,121801,QB,AUSTINPEAY,1,81.0,21,22,8.7,2.2,1,1,4.3,54.5,12,0,5,29.4,26,5,3,116,20.3,62.3,67.3,51.6,0,0,27,0,80.0,83.0,15.4,4,0,0,0,1,2,7.4,107,4.9
13,Tommy Schuster,108954,QB,N DAKOTA,1,64.7,17,17,11.4,3.77,0,3,17.6,64.7,11,0,9,0.0,25,0,8,249,68.3,72.1,75.1,66.6,0,1,25,0,44.4,83.9,16.0,4,4,0,0,1,1,4.0,134,7.9
13,Damon Stewart,156626,QB,ALABAMA ST,1,75.0,16,16,14.9,3.16,0,1,5.9,68.8,11,0,9,8.3,21,1,10,105,16.6,71.9,72.6,60.1,0,0,23,0,33.3,145.8,14.3,3,1,0,0,3,1,4.3,180,11.3
13,Dean DeNobile,159740,QB,LAFAYETTE,1,71.4,14,15,10.8,2.73,0,1,6.7,66.7,10,0,7,0.0,18,0,7,203,69.5,80.3,82.7,60.8,0,0,18,1,28.6,142.8,11.1,2,1,0,1,2,0,0.0,164,10.9
13,Darius Perrantes,103934,QB,DUQUESNE,1,41.7,12,12,12.5,2.86,0,1,7.7,25.0,3,0,6,40.0,17,2,2,155,22.9,54.5,59.5,50.1,0,0,18,0,33.3,39.6,11.8,2,3,0,0,0,2,11.1,33,2.8
13,Cam Miller,125299,QB,N DAK ST,1,90.9,11,11,18.0,3.69,0,2,15.4,90.9,10,0,5,0.0,14,0,9,250,25.4,93.8,92.9,75.7,0,0,16,0,20.0,158.3,7.1,1,2,0,0,2,0,0.0,206,18.7
13,Matt Robinson,82130,QB,DUQUESNE,1,60.0,10,10,9.9,3.06,0,0,0.0,60.0,6,0,5,0.0,12,0,2,155,66.8,40.3,30.3,68.5,0,1,12,0,20.0,27.1,8.3,1,1,0,0,0,1,8.3,35,3.5
13,Ah-Shaun Davis,149376,QB,LAFAYETTE,1,80.0,5,6,7.6,3.27,0,0,0.0,66.7,4,0,3,0.0,6,0,2,203,65.7,72.5,75.6,58.2,0,0,6,0,0.0,96.5,0.0,0,0,0,1,0,0,0.0,56,9.3
13,Gino English,99576,QB,GARD-WEBB,1,0.0,5,6,11.8,2.08,0,0,0.0,0.0,0,0,1,,6,0,0,171,64.2,21.8,22.1,,0,0,6,0,0.0,39.6,0.0,0,0,0,1,0,3,50.0,0,0.0
13,Hunter Simmons,148254,QB,S ILLINOIS,1,50.0,4,4,10.0,2.38,0,0,0.0,50.0,2,0,0,0.0,4,0,1,295,63.8,63.5,62.9,,0,0,5,0,,57.3,0.0,0,0,0,0,0,0,0.0,13,3.3
13,Ryan Schuster,159739,QB,LAFAYETTE,1,25.0,4,4,12.8,2.66,0,0,0.0,25.0,1,0,3,0.0,5,0,0,203,19.9,28.6,28.2,58.3,0,0,5,1,33.3,39.6,20.0,1,0,0,0,0,1,20.0,-2,-0.5
13,Jakob Foss,148253,QB,NICHOLLS,1,66.7,3,3,15.0,2.85,0,1,33.3,66.7,2,0,1,0.0,4,0,1,243,65.2,69.7,80.3,54.2,0,0,4,0,0.0,109.7,0.0,0,1,0,0,0,0,0.0,50,16.7
13,Cole Payton,148154,QB,N DAK ST,1,100.0,2,2,0.0,3.7,0,0,0.0,100.0,2,0,4,0.0,5,0,2,250,72.7,93.1,60.2,89.9,0,0,5,0,25.0,114.6,20.0,1,2,0,0,0,0,0.0,23,11.5
13,Beau Brungard,164897,QB,YNGTOWN ST,1,100.0,2,2,-2.5,2.2,0,0,0.0,100.0,2,0,0,0.0,2,0,0,353,16.8,45.8,62.6,48.4,0,0,2,0,,79.2,0.0,0,0,0,0,0,0,0.0,6,3.0
13,Caden Dennis,162163,WR,N DAKOTA,1,100.0,1,1,-6.0,2.9,0,0,0.0,0.0,0,0,0,100.0,1,1,0,249,63.7,65.0,60.6,,0,0,1,0,,39.6,0.0,0,0,0,0,0,0,0.0,0,0.0
13,Blake Ellingson,149550,QB,DRAKE,1,100.0,1,1,-1.0,2.27,0,0,0.0,100.0,1,0,2,0.0,3,0,0,153,6.0,24.9,25.8,57.3,0,0,3,0,50.0,87.5,33.3,1,1,0,0,0,1,33.3,5,5.0
13,Walker Harris,150449,QB,NC CENT,1,,0,1,,2.35,1,0,0.0,0.0,0,0,1,,2,0,0,247,61.8,55.2,55.4,,0,0,2,0,100.0,39.6,50.0,1,0,0,0,0,0,0.0,0,0.0
13,Isaiah Scott,164006,WR,ALABAMA ST,1,0.0,1,1,37.0,3.1,0,0,0.0,0.0,0,0,1,,1,0,0,105,62.4,59.1,49.9,,0,0,1,0,0.0,39.6,0.0,0,0,0,0,0,0,0.0,0,0.0
13,Floyd Chalk IV,167095,HB,GRAMBLING,1,,0,1,,4.4,0,0,0.0,0.0,0,1,1,,1,0,0,177,76.9,78.4,60.0,79.6,0,0,1,2,0.0,39.6,0.0,0,0,0,1,0,0,0.0,0,0.0
13,Bryson Williams,155638,QB,TUSKEGEE,1,55.0,20,20,11.8,2.38,0,1,4.5,45.0,9,0,11,18.2,23,2,2,405,68.9,37.0,35.4,60.4,0,2,25,1,9.1,16.5,4.3,1,2,0,0,0,2,8.0,79,4.0
week,player,player_id,position,team_name,player_game_count,accuracy_percent,aimed_passes,attempts,avg_depth_of_target,avg_time_to_throw,bats,big_time_throws,btt_rate,completion_percent,completions,declined_penalties,def_gen_pressures,drop_rate,dropbacks,drops,first_downs,franchise_id,grades_hands_fumble,grades_offense,grades_pass,grades_run,hit_as_threw,interceptions,passing_snaps,penalties,pressure_to_sack_rate,qb_rating,sack_percent,sacks,scrambles,spikes,thrown_aways,touchdowns,turnover_worthy_plays,twp_rate,yards,ypa
14,Mitch Davidson,138334,QB,YNGTOWN ST,1,69.0,42,44,10.5,3.29,0,3,6.4,61.4,27,0,15,6.9,52,2,16,353,25.0,64.5,64.1,60.0,0,2,55,0,20.0,84.2,5.8,3,5,0,2,3,4,7.3,287,6.5
14,Ryan O'Connor,155510,QB,DELAWARE,1,55.9,34,36,9.4,2.55,1,0,0.0,47.2,17,0,7,10.5,37,2,11,151,70.5,46.4,46.4,56.0,0,1,43,0,0.0,70.8,0.0,0,1,0,1,2,0,0.0,194,5.4
14,Nic Baker,87541,QB,S ILLINOIS,1,75.0,32,34,7.8,3.04,1,1,2.9,58.8,20,0,18,16.7,38,4,11,295,25.2,71.2,81.3,37.2,0,1,40,0,16.7,63.2,7.9,3,1,0,1,0,1,2.5,199,5.9
14,Tyler Huff,142567,QB,FURMAN,1,75.0,28,29,7.1,2.83,0,2,6.3,62.1,18,0,9,14.3,35,3,12,170,69.3,63.4,65.9,54.4,0,1,38,0,11.1,67.0,2.9,1,5,0,1,0,1,2.6,192,6.6
14,Carson Camp,141837,QB,SACRAMENTO,1,76.2,21,23,10.1,3.38,0,3,12.5,60.9,14,0,11,12.5,30,2,12,279,69.4,91.8,91.5,70.6,0,0,32,0,9.1,97.7,3.3,1,6,0,2,1,1,3.1,168,7.3
14,Gevani McCoy,147609,QB,IDAHO,1,68.2,22,23,8.6,2.83,0,1,3.8,65.2,15,0,10,0.0,28,0,8,185,71.6,62.5,66.3,55.2,0,1,31,0,30.0,71.3,10.7,3,2,0,1,0,0,0.0,182,7.9
14,Reese Poffenbarger,145346,QB,ALBANY,1,54.5,22,22,18.3,2.76,0,2,8.7,54.5,12,0,8,0.0,24,0,10,106,28.9,80.7,83.4,58.4,0,1,25,0,12.5,91.1,4.2,1,1,0,0,2,1,4.0,170,7.7
14,Carter Peevy,129563,QB,MERCER,1,73.7,19,22,7.2,2.8,2,0,0.0,63.6,14,0,8,0.0,25,0,2,219,31.3,32.5,32.4,51.4,1,2,26,0,25.0,31.4,8.0,2,1,0,0,0,3,11.5,75,3.4
14,Camden Coleman,170901,QB,RICHMOND,1,95.0,20,21,6.6,2.34,1,2,9.5,76.2,16,0,9,15.8,25,3,11,276,16.4,63.9,65.4,57.0,0,0,26,0,44.4,134.4,16.0,4,0,0,0,2,2,7.7,187,8.9
14,Connor Watkins,108971,QB,VILLANOVA,1,66.7,21,21,13.4,2.64,0,5,22.7,57.1,12,0,8,14.3,23,2,8,334,71.3,90.7,90.0,71.5,0,1,24,0,12.5,97.8,4.3,1,1,0,0,1,0,0.0,275,13.1
14,Kyle Wickersham,148418,QB,RICHMOND,1,76.5,17,19,5.5,2.47,1,0,0.0,68.4,13,0,10,0.0,23,0,5,276,72.6,42.0,32.7,64.4,1,2,27,0,30.0,37.3,13.0,3,1,0,0,0,2,7.4,81,4.3
14,Clifton McDowell,98003,QB,MONTANA,1,61.1,18,19,12.1,2.56,0,3,15.0,52.6,10,0,4,9.1,20,1,8,232,70.8,79.7,75.1,74.1,0,1,21,1,0.0,99.9,0.0,0,1,0,1,2,1,4.8,186,9.8
14,Luke Schomburg,159795,QB,CHATTNOOGA,1,52.9,17,19,8.9,2.83,1,1,5.3,47.4,9,0,3,0.0,19,0,5,137,29.2,33.9,38.7,53.1,0,1,19,0,0.0,38.0,0.0,0,0,0,1,0,1,5.3,84,4.4
14,Tommy Mellott,147646,QB,MONTANA ST,1,76.5,17,17,14.7,2.8,0,5,27.8,76.5,13,0,8,0.0,21,0,10,233,74.6,92.9,93.2,74.3,0,1,22,0,0.0,132.6,0.0,0,3,0,0,2,0,0.0,251,14.8
14,Mark Gronowski,138303,QB,S DAK ST,1,68.8,16,16,12.1,3.48,0,1,5.9,68.8,11,0,9,0.0,23,0,9,292,69.9,84.6,77.0,74.7,0,1,24,0,0.0,95.3,0.0,0,7,0,0,1,0,0.0,158,9.9
14,Aidan Bouman,122508,QB,S DAKOTA,1,73.3,15,16,8.7,2.73,0,2,12.5,68.8,11,0,6,0.0,18,0,6,291,69.5,77.2,82.5,55.5,0,0,18,0,0.0,144.3,0.0,0,2,0,1,2,0,0.0,174,10.9
14,Cam Miller,125299,QB,N DAK ST,1,61.5,13,13,13.8,3.05,0,2,12.5,46.2,6,0,11,25.0,19,2,5,250,72.1,73.5,74.4,63.1,0,0,22,0,45.5,105.0,26.3,5,1,0,0,1,0,0.0,121,9.3
14,Nick Minicucci,173617,QB,DELAWARE,1,81.8,11,12,4.1,2.85,0,0,0.0,66.7,8,0,6,11.1,15,1,4,151,67.4,56.1,53.1,62.8,1,0,16,0,33.3,71.2,13.3,2,1,0,0,0,0,0.0,39,3.3
14,Kaiden Bennett,147778,QB,SACRAMENTO,1,57.1,7,7,6.4,2.84,0,0,0.0,42.9,3,0,3,25.0,8,1,2,279,6.0,30.1,67.1,25.3,0,1,8,0,0.0,18.5,0.0,0,1,0,0,0,1,12.5,34,4.9
14,Chase Mason,159444,QB,S DAK ST,1,66.7,6,6,8.0,2.45,0,0,0.0,66.7,4,0,1,0.0,6,0,1,292,67.0,67.5,66.0,62.0,0,0,6,0,0.0,102.8,0.0,0,0,0,0,0,0,0.0,65,10.8
14,Jackson Hardy,142351,QB,RICHMOND,1,66.7,3,3,4.0,2.6,0,0,0.0,66.7,2,0,1,0.0,4,0,2,276,65.2,73.1,73.2,61.9,0,0,4,0,0.0,70.1,0.0,0,1,0,0,0,0,0.0,9,3.0
14,Sean Chambers,75888,QB,MONTANA ST,1,50.0,2,2,19.0,3.8,0,0,0.0,50.0,1,0,4,0.0,5,0,2,233,69.7,74.0,66.3,70.0,0,0,5,0,50.0,95.8,40.0,2,1,0,0,0,0,0.0,26,13.0
14,Matthew Clemmer,177819,QB,CHATTNOOGA,1,0.0,1,2,4.0,3.2,0,0,0.0,0.0,0,0,1,,2,0,0,137,61.8,60.0,58.9,,0,1,2,0,0.0,0.0,0.0,0,0,0,1,0,0,0.0,0,0.0
14,Cole Payton,148154,QB,N DAK ST,1,100.0,1,1,12.0,2.5,0,0,0.0,100.0,1,0,1,0.0,1,0,1,250,71.9,63.1,73.1,57.6,0,0,1,0,0.0,116.7,0.0,0,0,0,0,0,0,0.0,12,12.0
14,Travis Theis,104837,HB,S DAKOTA,1,,0,1,,4.0,0,0,0.0,0.0,0,0,1,,1,0,0,291,29.9,61.0,60.0,64.7,0,0,1,0,0.0,39.6,0.0,0,0,0,1,0,0,0.0,0,0.0
14,Savon Smith,104833,HB,RICHMOND,1,0.0,1,1,11.0,3.4,0,0,0.0,0.0,0,0,1,,1,0,0,276,74.8,59.8,54.8,57.9,0,0,1,0,0.0,39.6,0.0,0,0,0,0,0,0,0.0,0,0.0
14,Hayden Hatten,102500,WR,IDAHO,1,0.0,1,1,33.0,2.9,0,0,0.0,0.0,0,0,0,,1,0,0,185,66.9,78.4,49.9,,0,0,1,0,,39.6,0.0,0,0,0,0,0,0,0.0,0,0.0
14,Keali'i Ah Yat,178141,QB,MONTANA,1,0.0,1,1,12.0,2.2,0,0,0.0,0.0,0,0,0,,1,0,0,232,60.3,49.9,49.6,,0,0,1,0,,39.6,0.0,0,0,0,0,0,0,0.0,0,0.0
14,Joshua Harris,149887,WR,FURMAN,1,,0,1,,3.9,0,0,0.0,0.0,0,0,1,,1,0,0,170,71.4,55.4,60.0,,0,0,1,0,0.0,39.6,0.0,0,0,0,1,0,0,0.0,0,0.0
week,player,player_id,position,team_name,player_game_count,accuracy_percent,aimed_passes,attempts,avg_depth_of_target,avg_time_to_throw,bats,big_time_throws,btt_rate,completion_percent,completions,declined_penalties,def_gen_pressures,drop_rate,dropbacks,drops,first_downs,franchise_id,grades_hands_fumble,grades_offense,grades_pass,grades_run,hit_as_threw,interceptions,passing_snaps,penalties,pressure_to_sack_rate,qb_rating,sack_percent,sacks,scrambles,spikes,thrown_aways,touchdowns,turnover_worthy_plays,twp_rate,yards,ypa
15,Tai Lavatai,121854,QB,NAVY,1,70.8,24,26,8.6,2.32,0,0,0.0,61.5,16,0,8,5.9,30,1,11,237,43.4,61.7,52.4,68.4,0,0,31,0,25.0,94.9,6.7,2,2,0,2,1,1,3.2,179,6.9
15,Bryson Daily,147303,QB,ARMY,1,50.0,14,14,11.5,1.96,0,0,0.0,50.0,7,0,2,0.0,15,0,4,114,77.4,64.6,65.2,61.2,0,0,15,0,0.0,83.6,0.0,0,1,0,0,1,0,0.0,54,3.9
15,Xavier Arline,121831,QB,NAVY,1,0.0,1,2,18.0,4.5,0,0,0.0,0.0,0,0,2,,3,0,0,237,68.8,46.9,30.7,63.3,0,1,3,0,50.0,0.0,33.3,1,0,0,1,0,1,33.3,0,0.0
15,Eli Heidenreich,162554,TE,NAVY,1,0.0,1,1,33.0,3.7,0,0,0.0,0.0,0,0,1,,1,0,0,237,65.3,58.5,50.1,,0,0,1,0,0.0,39.6,0.0,0,0,0,0,0,0,0.0,0,0.0
15,Tyler Huff,142567,QB,FURMAN,1,50.0,40,47,13.1,2.7,2,0,0.0,34.0,16,0,18,20.0,51,4,8,170,46.1,49.7,39.9,76.5,2,1,55,0,16.7,45.3,5.9,3,1,0,3,1,3,5.5,188,4.0
15,Gevani McCoy,147609,QB,IDAHO,1,70.7,41,44,10.8,2.33,0,4,8.5,56.8,25,0,17,13.8,46,4,14,185,36.6,62.0,62.2,57.8,0,0,49,0,5.9,86.8,2.2,1,1,0,3,1,1,2.0,315,7.2
15,Reese Poffenbarger,145346,QB,ALBANY,1,68.4,38,41,14.9,2.58,0,6,13.6,58.5,24,0,12,7.7,43,2,12,106,71.3,85.6,82.2,72.4,0,0,46,1,16.7,109.8,4.7,2,0,0,3,3,1,2.2,340,8.3
15,Clifton McDowell,98003,QB,MONTANA,1,62.1,29,31,9.9,3.38,0,2,6.3,54.8,17,0,15,5.6,37,1,12,232,74.3,83.7,75.3,75.9,0,1,38,0,13.3,73.1,5.4,2,4,0,2,1,1,2.6,208,6.7
15,Aidan Bouman,122508,QB,S DAKOTA,1,63.6,22,22,9.9,2.74,0,2,9.1,59.1,13,0,10,7.1,24,1,8,291,67.6,55.8,55.1,,0,2,24,0,20.0,66.3,8.3,2,0,0,0,1,2,8.3,199,9.0
15,Mark Gronowski,138303,QB,S DAK ST,1,75.0,16,19,8.4,2.79,1,0,0.0,57.9,11,0,5,8.3,21,1,5,292,71.7,83.5,80.2,70.0,0,0,23,0,20.0,88.0,4.8,1,1,0,2,1,0,0.0,92,4.8
15,Connor Watkins,108971,QB,VILLANOVA,1,44.4,18,18,11.2,3.08,0,1,5.6,33.3,6,0,5,25.0,23,2,4,334,71.3,46.5,36.4,64.4,0,1,23,1,20.0,23.8,4.3,1,4,0,0,0,2,8.7,74,4.1
15,Cam Miller,125299,QB,N DAK ST,1,86.7,15,16,13.1,3.49,0,4,25.0,81.3,13,0,8,0.0,18,0,10,250,70.7,92.1,91.5,72.8,0,0,19,0,12.5,139.6,5.6,1,1,0,1,1,1,5.3,210,13.1
15,Jarrett Synek,144995,QB,S DAKOTA,1,55.6,9,10,9.7,2.47,0,0,0.0,50.0,5,0,5,0.0,10,0,3,291,18.5,29.1,42.1,43.8,1,1,11,0,0.0,23.8,0.0,0,0,0,0,0,2,18.2,47,4.7
15,Roy Alexander,142206,WR,ALBANY,1,,0,1,,3.7,0,0,0.0,0.0,0,0,1,,1,0,0,106,14.9,61.3,60.0,,1,0,1,0,0.0,39.6,0.0,0,0,0,0,0,1,100.0,0,0.0
week,player,player_id,position,team_name,player_game_count,accuracy_percent,aimed_passes,attempts,avg_depth_of_target,avg_time_to_throw,bats,big_time_throws,btt_rate,completion_percent,completions,declined_penalties,def_gen_pressures,drop_rate,dropbacks,drops,first_downs,franchise_id,grades_hands_fumble,grades_offense,grades_pass,grades_run,hit_as_threw,interceptions,passing_snaps,penalties,pressure_to_sack_rate,qb_rating,sack_percent,sacks,scrambles,spikes,thrown_aways,touchdowns,turnover_worthy_plays,twp_rate,yards,ypa
17,Quinn Ewers,127253,QB,TEXAS,1,81.4,43,46,6.2,2.59,0,2,4.2,76.1,35,0,14,0.0,50,0,21,311,69.8,75.1,74.2,61.6,0,1,52,1,7.1,126.4,2.0,1,2,0,3,4,1,1.9,452,9.8
17,Joey Aguilar,174978,QB,APP STATE,1,74.4,39,40,8.9,2.43,1,0,0.0,70.0,28,1,12,3.4,45,1,14,108,22.6,61.1,66.3,43.2,0,0,48,2,33.3,89.1,8.9,4,1,0,0,0,2,4.2,275,6.9
17,Michael Penix Jr.,82134,QB,WASHINGTON,1,80.0,35,39,8.2,2.61,0,5,12.2,69.2,27,0,13,3.6,41,1,16,340,70.9,74.1,72.7,66.9,1,1,43,0,15.4,91.7,4.9,2,0,0,3,1,1,2.3,319,8.2
17,Alan Bowman,77679,QB,OKLA STATE,1,61.1,36,38,9.1,2.38,0,0,0.0,57.9,22,0,11,0.0,41,0,13,262,70.4,63.0,63.3,57.4,0,1,42,0,9.1,93.1,2.4,1,0,0,2,3,2,4.8,250,6.6
17,Jack Plummer,83543,QB,LOUISVILLE,1,55.2,29,37,9.9,3.11,3,2,5.4,37.8,14,0,19,12.5,46,2,7,210,70.6,53.9,52.5,59.7,0,1,46,1,31.6,34.9,13.0,6,3,0,5,0,1,2.2,111,3.0
17,Dequan Finn,97804,QB,TOLEDO,1,60.6,33,36,13.2,3.94,0,2,4.8,50.0,18,0,22,10.0,44,2,12,316,37.2,65.5,67.3,57.9,0,1,53,0,4.5,73.0,2.3,1,7,0,3,1,4,7.5,273,7.6
17,Michael Pratt,123229,QB,TULANE,1,77.4,31,36,8.7,2.78,1,1,2.6,58.3,21,0,17,12.5,44,3,11,319,37.8,61.6,58.0,68.2,2,1,47,0,41.2,75.9,15.9,7,1,0,2,1,4,8.5,238,6.6
17,Bo Nix,97790,QB,OREGON,1,71.0,31,34,6.5,2.49,1,2,5.6,61.8,21,0,9,4.5,37,1,15,264,70.7,66.1,62.2,67.1,0,1,39,0,0.0,100.0,0.0,0,3,0,2,3,1,2.6,239,7.0
17,Kevin Jennings,158272,QB,SMU,1,67.7,31,33,10.2,2.91,0,2,5.7,57.6,19,0,13,9.5,41,2,13,287,72.2,76.4,77.1,63.3,1,2,43,0,15.4,60.5,4.9,2,6,0,1,1,2,4.7,203,6.2
17,Deacon Hill,145170,QB,IOWA,1,72.4,29,32,4.8,2.48,2,0,0.0,56.3,18,0,17,14.3,36,3,5,192,69.5,46.8,43.7,64.1,0,0,36,0,23.5,64.6,11.1,4,0,0,1,0,1,2.8,120,3.8
17,J.J. McCarthy,144918,QB,MICHIGAN,1,82.8,29,30,6.0,2.66,1,0,0.0,73.3,22,0,10,8.3,34,2,9,222,70.5,67.7,66.2,62.8,0,0,36,0,40.0,83.6,11.8,4,0,0,0,0,1,2.8,147,4.9
17,Carson Beck,124010,QB,GEORGIA,1,72.4,29,29,9.0,2.78,0,1,3.3,72.4,21,0,8,0.0,33,0,11,173,70.1,68.2,64.4,67.7,0,0,35,0,25.0,97.3,6.1,2,2,0,0,0,2,5.7,243,8.4
17,Jayden Maiava,158135,QB,UNLV,1,55.6,27,29,9.8,2.92,0,0,0.0,51.7,15,0,9,0.0,32,0,9,325,29.7,36.9,46.9,34.1,0,2,33,0,0.0,40.3,0.0,0,3,0,2,0,2,6.1,166,5.7
17,Gunnar Watson,83570,QB,TROY,1,78.3,23,25,9.6,2.52,0,0,0.0,64.0,16,0,6,11.1,26,2,10,318,68.7,76.1,76.8,57.6,1,0,29,0,16.7,100.8,3.8,1,0,1,0,1,1,3.4,192,7.7
17,Kaidon Salter,132046,QB,LIBERTY,1,80.0,25,25,10.7,3.38,0,2,7.4,80.0,20,0,8,0.0,30,0,18,206,72.3,91.9,82.0,90.4,0,0,32,1,0.0,145.4,0.0,0,5,0,0,2,0,0.0,319,12.8
17,Jalen Milroe,146590,QB,ALABAMA,1,59.1,22,23,13.8,3.7,1,1,4.2,56.5,13,0,12,0.0,29,0,11,103,37.3,58.4,50.2,68.6,0,0,30,0,33.3,113.0,13.8,4,2,0,0,2,1,3.3,192,8.3
17,Brock Glenn,170335,QB,FLORIDA ST,1,55.6,18,21,6.3,2.95,1,0,0.0,38.1,8,0,15,20.0,28,2,2,167,70.2,41.8,39.3,58.4,0,0,30,1,26.7,46.3,14.3,4,3,0,2,0,2,6.7,55,2.6
17,Blaze Berlowitz,171066,QB,NEW MEX ST,1,55.6,18,19,15.3,3.8,0,3,13.0,52.6,10,0,12,0.0,23,0,7,242,67.9,77.8,69.3,78.2,0,1,27,0,0.0,70.9,0.0,0,4,0,1,1,3,11.1,134,7.1
17,Diego Pavia,156927,QB,NEW MEX ST,1,68.8,16,16,13.2,3.13,0,1,6.3,68.8,11,0,7,0.0,17,0,8,242,69.5,84.9,80.3,71.2,0,0,17,0,0.0,147.9,0.0,0,1,0,0,3,0,0.0,188,11.8
17,Aveon Smith,130529,QB,MIAMI OH,1,50.0,16,16,18.8,3.49,0,1,5.3,37.5,6,0,8,25.0,23,2,4,221,74.2,64.7,61.0,63.8,0,0,26,0,25.0,61.7,8.7,2,5,0,0,0,1,3.8,109,6.8
17,Taylen Green,145996,QB,BOISE ST,1,92.3,13,14,14.8,3.46,0,2,11.8,78.6,11,0,8,8.3,16,1,8,120,71.7,85.6,83.7,70.7,0,1,19,0,12.5,128.6,6.3,1,1,0,1,2,1,5.3,229,16.4
17,Doug Brumfield,128348,QB,UNLV,1,50.0,8,9,21.4,2.84,1,1,11.1,33.3,3,0,4,25.0,11,1,3,325,66.7,58.3,59.8,58.2,0,0,11,0,50.0,53.5,18.2,2,0,0,0,0,1,9.1,51,5.7
17,Dillon Johnson,124176,HB,WASHINGTON,1,100.0,2,2,-4.0,0.65,0,0,0.0,100.0,2,0,0,0.0,2,0,1,340,78.7,81.2,62.6,81.0,0,0,2,0,,118.8,0.0,0,0,0,0,1,0,0.0,5,2.5
17,Maalik Murphy,157302,QB,TEXAS,1,100.0,1,1,4.0,1.8,0,0,0.0,100.0,1,0,0,0.0,1,0,1,311,60.3,62.4,61.0,,0,0,1,0,,116.7,0.0,0,0,0,0,0,0,0.0,12,12.0
17,Jeremy Moussa,75887,QB,FL A&M,1,69.6,23,23,9.4,2.32,0,1,4.2,60.9,14,0,1,12.5,23,2,9,164,70.4,64.2,66.1,64.8,0,0,24,1,0.0,104.4,0.0,0,0,0,0,1,0,0.0,205,8.9
17,Trazon Connley,75885,QB,PRVIEW A&M,1,66.7,12,14,9.3,2.63,1,0,0.0,50.0,7,0,4,12.5,18,1,6,270,67.6,57.8,57.7,58.6,0,1,18,0,50.0,41.1,11.1,2,2,0,1,0,0,0.0,91,6.5
17,Chris Herron,99472,WR,PRVIEW A&M,1,0.0,3,3,21.7,4.48,0,0,0.0,0.0,0,0,4,,6,0,0,270,20.6,41.7,25.1,67.7,0,1,7,0,25.0,0.0,16.7,1,2,0,0,0,2,28.6,0,0.0
17,Marcus Riley,77967,WR,FL A&M,1,,0,1,,3.5,0,0,0.0,0.0,0,0,1,,1,0,0,164,69.5,83.9,60.0,74.9,1,0,1,0,0.0,39.6,0.0,0,0,0,0,0,0,0.0,0,0.0
17,Jaquez Yant,129716,HB,FL A&M,1,100.0,1,1,15.0,2.8,0,0,0.0,100.0,1,0,0,0.0,1,0,1,164,68.7,70.6,74.3,63.8,0,0,1,0,,118.8,0.0,0,0,0,0,0,0,0.0,31,31.0
17,Kenneth Patteron,178654,QB,PRVIEW A&M,1,0.0,1,1,6.0,1.7,0,0,0.0,0.0,0,0,0,,1,0,0,270,60.3,28.1,28.7,,0,1,1,0,,0.0,0.0,0,0,0,0,0,1,100.0,0,0.0
week,player,player_id,position,team_name,player_game_count,accuracy_percent,aimed_passes,attempts,avg_depth_of_target,avg_time_to_throw,bats,big_time_throws,btt_rate,completion_percent,completions,declined_penalties,def_gen_pressures,drop_rate,dropbacks,drops,first_downs,franchise_id,grades_hands_fumble,grades_offense,grades_pass,grades_run,hit_as_threw,interceptions,passing_snaps,penalties,pressure_to_sack_rate,qb_rating,sack_percent,sacks,scrambles,spikes,thrown_aways,touchdowns,turnover_worthy_plays,twp_rate,yards,ypa
18,Caden Veltkamp,156642,QB,W KENTUCKY,1,87.8,49,52,5.8,2.55,0,3,5.4,76.9,40,0,14,7.0,57,3,19,346,74.3,78.1,77.8,64.5,1,1,61,0,21.4,120.7,5.3,3,2,0,2,5,1,1.6,380,7.3
18,Alan Bowman,77679,QB,OKLA STATE,1,77.1,48,49,10.3,2.13,0,4,8.2,69.4,34,0,5,8.1,50,3,21,262,69.7,81.7,81.7,60.5,0,2,51,0,0.0,90.7,0.0,0,1,0,1,2,2,3.9,402,8.2
18,Kevin Jennings,158272,QB,SMU,1,65.9,44,48,11.1,3.15,1,4,8.0,50.0,24,0,26,17.2,55,5,14,287,26.0,69.1,71.6,55.8,1,0,57,0,3.8,67.3,1.8,1,6,0,2,1,1,1.8,191,4.0
18,Garrett Nussmeier,146757,QB,LSU,1,76.2,42,45,12.2,2.69,0,3,6.1,68.9,31,0,6,3.1,45,1,19,211,70.4,80.5,79.6,60.1,0,1,49,0,0.0,109.0,0.0,0,0,0,3,3,1,2.0,395,8.8
18,Jackson Arnold,173684,QB,OKLAHOMA,1,72.5,40,45,12.0,3.53,0,3,5.8,57.8,26,0,19,10.3,51,3,14,261,45.2,63.2,61.3,63.2,0,3,59,0,15.8,70.1,5.9,3,3,0,5,2,5,8.5,355,7.9
18,Cade Klubnik,156253,QB,CLEMSON,1,82.1,39,43,6.5,3.1,0,0,0.0,69.8,30,0,25,6.3,55,2,15,140,43.7,66.2,65.7,64.0,0,1,58,2,28.0,76.5,12.7,7,4,0,4,0,1,1.7,268,6.2
18,Behren Morton,144747,QB,TEXAS TECH,1,75.0,40,43,9.3,2.6,3,1,2.1,62.8,27,0,9,10.0,45,3,12,315,70.0,76.1,75.0,63.0,0,1,49,0,11.1,92.8,2.2,1,1,0,0,3,1,2.0,256,6.0
18,Davis Brin,77642,QB,GA SOUTHRN,1,82.5,40,42,7.3,2.46,0,2,4.8,76.2,32,0,18,3.0,48,1,10,174,40.3,65.7,61.8,70.2,1,3,48,0,27.8,85.9,10.4,5,0,0,1,2,3,6.3,345,8.2
18,Jaxson Dart,146409,QB,OLE MISS,1,75.7,37,40,10.4,2.3,0,2,4.7,62.5,25,0,18,10.7,43,3,20,226,71.8,92.0,92.1,63.8,1,0,46,0,5.6,118.6,2.3,1,2,0,2,3,0,0.0,379,9.5
18,Mikey Keene,70961,QB,FRESNO ST,1,84.6,39,40,6.5,2.22,0,4,9.5,77.5,31,0,3,6.1,42,2,19,169,69.3,84.8,84.1,62.2,0,1,44,0,0.0,120.8,0.0,0,2,1,0,3,2,4.5,380,9.5
18,Tanner Mordecai,77656,QB,WISCONSIN,1,76.3,38,40,12.1,3.18,0,5,12.2,67.5,27,0,18,6.9,49,2,15,349,24.8,76.7,77.7,60.1,0,0,50,0,27.8,122.7,10.2,5,4,0,2,3,2,4.0,378,9.5
18,Rocco Becht,157567,QB,IOWA STATE,1,70.3,37,39,13.3,2.68,0,3,7.5,56.4,22,0,15,15.4,44,4,19,193,70.6,84.6,84.9,62.2,0,0,45,0,13.3,122.4,4.5,2,3,1,1,3,1,2.2,446,11.4
18,Connor Bazelak,99135,QB,BOWL GREEN,1,63.6,33,39,9.5,3.08,1,2,5.0,53.8,21,0,18,0.0,43,0,11,122,70.1,81.0,80.3,61.9,1,0,44,1,16.7,79.1,7.0,3,1,0,4,1,0,0.0,221,5.7
18,Drew Allar,164157,QB,PENN STATE,1,68.8,32,39,8.0,2.97,3,0,0.0,48.7,19,0,13,13.6,43,3,16,266,36.4,64.0,56.7,78.5,1,1,45,0,7.7,80.5,2.3,1,3,0,3,2,1,2.2,294,7.5
18,Noah Fifita,158722,QB,ARIZONA,1,77.1,35,38,9.7,2.53,0,2,4.9,63.2,24,0,20,11.1,45,3,12,109,70.0,81.5,80.8,62.2,3,1,49,0,25.0,100.1,11.1,5,2,0,0,2,0,0.0,354,9.3
18,Ben Bryant,77655,QB,NWESTERN,1,76.7,30,36,9.3,2.33,2,3,8.3,63.9,23,0,14,0.0,42,0,13,256,69.1,82.7,80.7,66.6,0,0,42,0,21.4,99.5,7.1,3,3,2,2,2,0,0.0,222,6.2
18,Gunnar Watson,83570,QB,TROY,1,65.6,32,36,9.8,2.35,3,3,8.3,58.3,21,0,14,0.0,40,0,11,318,28.9,66.3,65.2,64.6,1,1,40,0,21.4,65.7,7.5,3,0,0,0,0,3,7.5,230,6.4
18,Jayden Maiava,158135,QB,UNLV,1,72.7,33,35,7.9,2.81,1,1,2.4,68.6,24,0,12,0.0,38,0,12,325,37.0,58.6,58.3,58.3,0,2,44,0,8.3,98.6,2.6,1,2,0,1,3,3,6.8,291,8.3
18,Bo Nix,97790,QB,OREGON,1,93.8,32,35,5.5,2.36,2,1,2.7,80.0,28,0,7,6.7,36,2,20,264,68.9,90.9,90.5,63.1,0,0,38,0,0.0,149.5,0.0,0,1,0,1,5,0,0.0,363,10.4
18,Marcel Reed,175940,QB,TEXAS A&M,1,68.8,32,34,12.9,2.84,0,0,0.0,58.8,20,0,11,9.1,42,2,13,312,70.1,46.9,43.2,62.7,0,1,44,0,18.2,82.0,4.8,2,6,1,1,0,2,4.5,352,10.4
18,Tucker Gleason,122475,QB,TOLEDO,1,55.2,29,34,12.4,2.37,0,2,5.7,41.2,14,0,12,12.5,34,2,11,316,71.7,82.1,75.3,76.4,3,1,35,0,0.0,46.7,0.0,0,0,0,2,0,0,0.0,184,5.4
18,Seth Henigan,144267,QB,MEMPHIS,1,77.4,31,34,9.5,3.12,0,2,5.7,70.6,24,0,12,0.0,35,0,14,218,35.2,81.9,82.5,61.7,0,0,36,0,8.3,144.7,2.9,1,0,0,3,4,0,0.0,364,10.7
18,Fernando Mendoza,158323,QB,CAL,1,71.9,32,33,8.1,3.02,0,0,0.0,66.7,22,0,15,4.3,44,1,12,130,17.1,39.8,49.5,36.2,0,3,46,0,33.3,62.8,11.4,5,6,0,1,1,6,13.0,261,7.9
18,Cole Pennington,156787,QB,MARSHALL,1,51.6,31,33,14.5,2.82,0,4,10.5,45.5,15,0,17,6.3,42,1,8,214,36.7,52.2,52.7,54.6,2,0,47,0,35.3,72.5,14.3,6,3,0,0,0,2,4.3,258,7.8
18,Jordan McCloud,101058,QB,JAMES MAD,1,73.1,26,33,11.1,2.96,0,0,0.0,57.6,19,0,17,0.0,37,0,15,197,69.2,83.2,82.4,60.0,1,1,37,1,17.6,99.4,8.1,3,0,0,6,3,1,2.7,251,7.6
18,Miller Moss,70727,QB,USC,1,80.6,31,33,12.0,2.6,0,3,8.8,69.7,23,0,7,8.0,33,2,16,326,70.4,90.0,89.3,63.5,0,1,34,0,0.0,134.1,0.0,0,0,0,2,6,1,2.9,372,11.3
18,Ethan Vasko,163817,QB,COAST CAR,1,67.7,31,33,9.8,2.84,0,0,0.0,60.6,20,0,13,4.8,37,1,15,141,74.3,75.1,76.0,63.1,0,0,39,1,0.0,107.9,0.0,0,4,0,2,3,0,0.0,198,6.0
18,Joey Aguilar,174978,QB,APP STATE,1,64.5,31,32,10.0,2.26,0,2,6.3,56.3,18,0,5,10.0,34,2,11,108,72.0,77.4,74.5,68.0,1,1,34,0,20.0,63.4,2.9,1,1,0,0,0,2,5.9,211,6.6
18,Jacurri Brown,156344,QB,MIAMI FL,1,68.8,32,32,8.5,2.93,0,2,5.7,65.6,21,0,15,4.5,38,1,12,220,72.5,54.6,47.9,66.4,0,1,41,0,13.3,79.6,5.3,2,4,0,0,1,1,2.4,195,6.1
18,Jaylen Raynor,172203,QB,ARK STATE,1,72.4,29,31,10.4,2.79,1,2,6.1,54.8,17,0,10,19.0,34,4,11,113,72.4,74.9,73.6,65.2,0,1,36,0,10.0,90.0,2.9,1,2,0,1,2,0,0.0,254,8.2
18,Avery Johnson,173108,QB,KANSAS ST,1,70.8,24,31,10.9,3.48,1,1,3.1,45.2,14,0,9,17.6,34,3,12,199,70.9,76.8,67.2,78.0,0,0,35,0,0.0,85.1,0.0,0,3,0,6,2,1,2.9,178,5.7
18,Owen McCown,157688,QB,UTSA,1,76.7,30,31,6.3,2.53,0,2,6.3,71.0,22,0,12,4.3,39,1,12,331,32.5,51.9,47.8,62.7,0,2,40,0,16.7,89.6,5.1,2,5,0,1,2,4,10.0,251,8.1
18,Chevan Cordeiro,75886,QB,S JOSE ST,1,58.6,29,30,10.9,3.05,0,0,0.0,53.3,16,0,13,5.9,36,1,12,285,70.0,64.8,57.0,74.8,0,0,41,0,7.7,87.5,2.8,1,5,0,1,1,2,4.9,215,7.2
18,Rocky Lombardi,60452,QB,N ILLINOIS,1,66.7,27,29,10.4,3.08,0,2,6.5,62.1,18,0,12,0.0,30,0,9,254,69.9,71.2,66.1,73.1,1,2,32,0,0.0,65.3,0.0,0,1,0,1,1,1,3.1,200,6.9
18,T.J. Finley,124093,QB,TEXAS ST,1,60.0,25,29,9.8,2.82,0,0,0.0,51.7,15,0,14,0.0,36,0,7,314,70.2,53.7,53.8,55.9,2,0,37,0,14.3,67.0,5.6,2,4,0,2,0,0,0.0,152,5.2
18,John Rhys Plumlee,97602,QB,UCF,1,73.1,26,29,10.1,3.03,1,2,6.5,55.2,16,0,16,15.8,36,3,10,323,72.1,75.6,79.5,59.0,0,0,38,0,18.8,99.5,8.3,3,4,0,2,2,0,0.0,198,6.8
18,Grayson Loftis,170054,QB,DUKE,1,76.9,26,29,6.5,2.41,2,0,0.0,65.5,19,0,11,5.0,31,1,9,154,69.4,58.9,57.3,60.1,0,1,33,0,18.2,68.6,6.5,2,0,0,1,0,1,3.0,183,6.3
18,Jason Bean,83529,QB,KANSAS,1,70.4,27,28,17.5,3.13,1,3,10.7,67.9,19,0,9,0.0,30,0,14,198,36.0,69.1,68.1,62.4,0,3,31,0,11.1,110.7,3.3,1,1,0,0,6,4,12.9,449,16.0
18,Devin Leary,77628,QB,KENTUCKY,1,66.7,27,28,11.6,2.82,0,1,3.4,57.1,16,0,11,11.1,31,2,10,202,19.9,53.7,57.7,46.4,0,2,32,0,18.2,89.3,6.5,2,1,0,1,2,3,9.4,306,10.9
18,Brennan Armstrong,77696,QB,NC STATE,1,65.4,26,28,11.4,2.74,1,1,3.4,50.0,14,0,9,17.6,33,3,10,248,73.4,71.3,62.2,73.3,0,1,35,0,11.1,53.3,3.0,1,4,0,1,0,1,2.9,164,5.9
18,Conner Harrell,156352,QB,N CAROLINA,1,73.1,26,28,10.5,3.09,0,2,6.3,64.3,18,0,15,5.3,38,1,12,245,71.5,71.0,63.0,74.4,0,2,42,1,40.0,67.4,15.8,6,4,0,2,1,2,4.8,199,7.1
18,Payton Thorne,101629,QB,AUBURN,1,65.2,23,27,9.6,2.93,1,0,0.0,48.1,13,0,10,13.3,33,2,6,115,70.5,34.2,29.5,61.5,0,1,35,0,30.0,51.9,9.1,3,3,0,3,1,4,11.4,83,3.1
18,Ben Gulbranson,131734,QB,OREGON ST,1,70.8,24,27,10.7,2.74,1,2,6.9,59.3,16,0,18,5.9,32,1,9,265,28.9,65.5,62.9,64.1,1,1,34,0,22.2,76.2,12.5,4,1,0,1,1,1,2.9,180,6.7
18,Cam'Ron McCoy,157481,QB,E MICHIGAN,1,53.8,26,27,11.3,2.6,0,1,3.7,44.4,12,0,10,14.3,29,2,5,160,73.0,48.6,35.7,70.1,0,2,29,0,0.0,20.8,0.0,0,2,0,1,0,2,6.9,73,2.7
18,Chandler Fields,97286,QB,LA LAFAYET,1,62.5,24,26,7.2,2.68,1,0,0.0,50.0,13,0,6,13.3,29,2,7,207,22.2,51.6,49.2,60.7,0,0,30,0,33.3,68.6,6.9,2,1,0,1,0,1,3.3,155,6.0
18,Zion Webb,63555,QB,JVILLE ST,1,57.7,26,26,10.8,2.29,0,0,0.0,53.8,14,0,9,6.7,27,1,10,196,74.5,45.7,29.2,71.0,0,2,28,0,0.0,52.7,0.0,0,1,0,0,1,3,10.7,156,6.0
18,Byrum Brown,156206,QB,USF,1,76.0,25,26,11.2,2.88,0,2,7.4,73.1,19,0,9,0.0,33,0,11,327,72.2,77.8,75.0,64.0,0,0,35,0,22.2,135.7,6.1,2,4,0,1,3,1,2.9,214,8.2
18,Brock Glenn,170335,QB,FLORIDA ST,1,52.2,23,26,17.0,2.84,2,2,7.7,34.6,9,0,12,25.0,29,3,6,167,28.3,63.9,63.2,60.8,1,2,30,0,16.7,21.2,6.9,2,1,0,0,0,2,6.7,139,5.3
18,Diego Pavia,156927,QB,NEW MEX ST,1,61.9,21,25,7.9,3.43,1,1,4.0,44.0,11,0,15,15.4,37,2,5,242,71.4,60.9,54.8,65.4,0,1,37,0,26.7,34.6,10.8,4,8,0,3,0,1,2.7,58,2.3
18,Andrew Peasley,83581,QB,WYOMING,1,87.5,24,25,8.4,2.51,1,2,8.0,80.0,20,0,11,4.8,29,1,9,351,27.6,78.9,77.8,66.1,0,0,29,1,27.3,94.7,10.3,3,1,0,0,0,1,3.4,168,6.7
18,Garrett Greene,123420,QB,W VIRGINIA,1,61.9,21,25,11.3,2.97,2,2,7.7,48.0,12,0,11,7.7,28,1,10,343,70.7,76.8,68.1,74.5,1,0,31,1,0.0,93.4,0.0,0,3,0,1,1,0,0.0,228,9.1
18,Jack Plummer,83543,QB,LOUISVILLE,1,92.0,25,25,4.4,2.59,0,1,3.7,84.0,21,0,6,8.7,30,2,4,210,29.4,67.6,62.6,68.4,0,0,32,0,50.0,89.7,10.0,3,2,0,0,0,1,3.1,138,5.5
18,Kaidon Salter,132046,QB,LIBERTY,1,77.3,22,24,8.5,2.91,1,1,4.2,62.5,15,0,8,11.8,26,2,7,206,35.2,55.3,61.4,50.7,0,1,26,0,0.0,72.0,0.0,0,2,0,1,1,1,3.8,123,5.1
18,Grant Wilson,143041,QB,DOMINION,1,71.4,21,22,8.5,2.58,0,0,0.0,59.1,13,0,8,13.3,26,2,7,263,70.1,63.3,48.4,81.1,0,1,27,0,12.5,70.8,3.8,1,3,0,1,1,2,7.4,123,5.6
18,Devin Grainger,78496,QB,GA STATE,1,90.5,21,22,12.0,2.89,0,2,8.3,86.4,19,0,11,0.0,29,0,10,175,44.8,90.0,70.4,88.4,0,0,31,2,36.4,154.9,13.8,4,3,0,1,3,2,6.5,257,11.7
18,Kyron Drones,144506,QB,VA TECH,1,78.9,19,21,8.9,3.02,0,0,0.0,61.9,13,0,15,13.3,30,2,10,337,20.9,84.4,51.2,93.2,1,0,31,0,20.0,103.5,10.0,3,5,0,1,2,2,6.5,91,4.3
18,Levi Williams,98365,QB,UTAH ST,1,81.3,16,21,7.6,2.8,1,0,0.0,57.1,12,0,10,7.7,23,1,6,329,71.4,49.8,47.8,58.6,1,1,25,1,10.0,71.7,4.3,1,1,0,3,1,1,4.0,131,6.2
18,AJ Padgett,163006,QB,RICE,1,52.4,21,21,4.3,2.38,0,1,4.3,47.6,10,0,9,9.1,24,1,6,275,67.8,28.3,28.2,57.3,0,3,26,0,22.2,34.9,8.3,2,1,0,0,1,3,11.5,85,4.0
18,CJ Tiller,173449,QB,BOISE ST,1,57.1,21,21,3.8,2.76,0,1,4.3,57.1,12,0,12,0.0,25,0,5,120,67.9,55.8,55.8,57.3,0,1,27,0,16.7,53.1,8.0,2,1,0,0,0,0,0.0,117,5.6
18,Kai Horton,144418,QB,TULANE,1,70.0,20,20,8.4,2.51,0,0,0.0,65.0,13,0,7,7.1,22,1,6,319,70.9,59.0,54.2,65.1,0,0,23,0,14.3,80.6,4.5,1,1,0,0,0,2,8.7,117,5.9
18,Billy Edwards Jr.,144185,QB,MARYLAND,1,61.1,18,20,13.6,2.86,0,0,0.0,30.0,6,0,9,45.5,23,5,6,215,72.9,68.7,58.9,71.5,0,0,23,0,11.1,68.3,4.3,1,2,0,2,1,1,4.3,118,5.9
18,Brady Cook,124199,QB,MISSOURI,1,73.3,15,19,12.3,3.28,0,2,10.0,57.9,11,0,12,0.0,29,0,8,229,73.0,79.6,70.1,74.2,0,0,30,1,41.7,95.9,17.2,5,5,0,4,1,0,0.0,128,6.7
18,Steve Angeli,156966,QB,NOTRE DAME,1,78.9,19,19,10.2,2.59,0,0,0.0,78.9,15,0,4,0.0,23,0,13,258,27.9,55.6,62.7,51.0,0,0,23,2,50.0,157.1,8.7,2,2,0,0,3,0,0.0,232,12.2
18,Gio Lopez,172309,QB,S ALABAMA,1,84.2,19,19,9.9,2.58,0,1,5.0,73.7,14,0,3,12.5,20,2,10,288,70.8,90.6,74.3,89.5,0,0,21,0,0.0,145.2,0.0,0,1,0,0,3,0,0.0,192,10.1
18,Nico Iamaleava,174728,QB,TENNESSEE,1,77.8,18,19,9.4,3.58,0,2,10.5,63.2,12,0,12,14.3,31,2,9,307,29.9,84.9,85.0,66.7,1,0,32,0,50.0,105.4,19.4,6,6,0,0,1,0,0.0,151,7.9
18,Deacon Hill,145170,QB,IOWA,1,56.3,16,18,6.1,2.95,1,0,0.0,38.9,7,0,13,22.2,24,2,3,192,26.3,29.7,29.1,60.7,0,2,24,1,30.8,7.9,16.7,4,2,0,1,0,3,12.5,56,3.1
18,Carson Beck,124010,QB,GEORGIA,1,82.4,17,18,8.8,2.21,1,1,5.0,72.2,13,0,4,7.1,19,1,10,173,67.1,61.5,61.0,,0,0,21,0,25.0,146.3,5.3,1,0,0,0,2,2,9.5,203,11.3
18,Lincoln Kienholz,170256,QB,OHIO STATE,1,53.8,13,17,9.5,2.63,0,1,5.9,35.3,6,0,11,14.3,19,1,4,260,69.6,70.2,72.6,57.7,1,0,19,0,9.1,52.6,5.3,1,1,0,3,0,0,0.0,86,5.1
18,Tommy Castellanos,158433,QB,BOSTON COL,1,58.8,17,17,8.4,2.8,0,0,0.0,58.8,10,0,8,0.0,21,0,8,121,75.7,77.8,45.7,85.1,0,1,21,0,12.5,53.1,4.8,1,2,0,0,0,1,4.8,108,6.4
18,Collin Schlee,98025,QB,UCLA,1,75.0,16,16,7.7,3.13,0,0,0.0,68.8,11,0,6,8.3,20,1,3,324,26.2,63.3,43.4,82.2,0,0,20,0,16.7,100.5,5.0,1,3,0,0,1,2,10.0,78,4.9
18,Cole Kramer,101627,QB,MINNESOTA,1,64.3,14,16,11.4,2.26,1,1,5.6,50.0,8,0,4,11.1,17,1,4,225,70.2,80.0,74.1,73.4,1,1,19,0,0.0,69.8,0.0,0,1,0,0,2,0,0.0,26,1.6
18,Desmond Trotter,83552,QB,S ALABAMA,1,60.0,15,16,9.7,2.41,0,1,5.9,50.0,8,0,4,11.1,19,1,6,288,69.1,70.0,60.9,70.6,0,1,20,0,0.0,64.8,0.0,0,2,0,1,1,1,5.0,101,6.3
18,Parker Navarro,123758,QB,OHIO,1,80.0,15,16,7.3,2.3,1,0,0.0,68.8,11,0,2,8.3,17,1,8,259,74.6,75.0,68.9,69.1,0,0,18,0,0.0,111.5,0.0,0,1,0,0,1,0,0.0,120,7.5
18,Gavin Wimsatt,155757,QB,RUTGERS,1,53.3,15,15,8.4,2.3,0,0,0.0,46.7,7,0,4,12.5,15,1,4,278,72.5,62.0,58.3,62.6,0,0,15,0,0.0,64.3,0.0,0,0,0,0,0,1,6.7,84,5.6
18,Braden Davis,158114,QB,SYRACUSE,1,54.5,11,14,13.5,2.6,0,0,0.0,42.9,6,0,6,0.0,16,0,3,304,22.2,47.6,48.8,52.3,3,0,16,1,16.7,62.8,6.3,1,1,0,0,0,1,6.3,84,6.0
18,Bryson Barnes,131845,QB,UTAH,1,61.5,13,13,7.8,3.22,0,0,0.0,61.5,8,0,9,0.0,22,0,3,328,71.3,43.8,35.3,58.6,0,2,23,0,55.6,31.4,22.7,5,4,0,0,0,2,8.7,55,4.2
18,Haynes King,124329,QB,GA TECH,1,75.0,12,13,6.5,2.28,0,1,7.7,53.8,7,0,4,22.2,14,2,3,176,74.4,78.6,68.5,72.4,0,1,14,1,0.0,68.4,0.0,0,1,0,1,1,0,0.0,87,6.7
18,Ethan Garbers,131896,QB,UCLA,1,83.3,12,12,14.5,2.59,0,2,16.7,75.0,9,0,4,10.0,13,1,6,324,69.3,94.1,93.5,73.5,0,0,13,0,0.0,156.3,0.0,0,1,0,0,2,0,0.0,152,12.7
18,McCae Hillstead,174761,QB,UTAH ST,1,70.0,10,11,10.2,3.02,0,1,7.7,63.6,7,0,6,0.0,14,0,4,329,26.8,66.3,71.5,52.0,0,0,16,0,16.7,107.0,7.1,1,2,0,1,1,0,0.0,57,5.2
18,Dan Villari,129602,TE,SYRACUSE,1,55.6,9,11,16.1,2.6,1,0,0.0,36.4,4,0,4,20.0,12,1,1,304,72.5,39.1,41.2,57.3,0,2,13,0,0.0,13.6,0.0,0,1,0,1,0,2,15.4,55,5.0
18,Gunner Stockton,157072,QB,GEORGIA,1,85.7,7,10,5.6,2.87,0,1,10.0,60.0,6,0,8,0.0,13,0,7,173,69.3,77.7,78.4,64.9,2,0,13,0,0.0,131.7,0.0,0,3,0,1,2,0,0.0,96,9.6
18,Hank Brown,172439,QB,AUBURN,1,80.0,10,10,7.3,2.45,0,1,9.1,80.0,8,0,1,0.0,10,0,6,115,65.6,83.8,83.1,,0,0,11,0,0.0,118.8,0.0,0,0,0,0,0,0,0.0,132,13.2
18,Logan Smothers,129713,QB,JVILLE ST,1,75.0,8,9,12.3,3.0,0,1,11.1,66.7,6,0,4,0.0,11,0,5,196,71.6,69.3,66.2,64.6,0,1,11,0,25.0,55.1,9.1,1,1,0,1,0,1,9.1,80,8.9
18,Henry Hesson,145798,QB,MIAMI OH,1,75.0,8,8,5.9,3.47,0,0,0.0,62.5,5,0,6,16.7,11,1,0,221,66.7,57.7,54.9,60.0,0,0,11,0,50.0,66.7,27.3,3,0,0,0,0,0,0.0,16,2.0
18,Marco Lainez,170155,QB,IOWA,1,33.3,6,7,1.2,2.81,1,0,0.0,28.6,2,0,7,0.0,12,0,4,192,66.8,59.8,35.6,75.5,0,0,12,0,14.3,39.6,8.3,1,4,0,0,0,0,0.0,4,0.6
18,Austin Novosad,174133,QB,OREGON,1,85.7,7,7,3.6,2.19,0,0,0.0,71.4,5,0,0,16.7,7,1,2,264,67.1,67.3,66.5,60.1,0,0,7,0,,91.4,0.0,0,0,0,0,0,0,0.0,50,7.1
18,Holden Geriner,157045,QB,AUBURN,1,33.3,6,6,8.0,2.55,0,0,0.0,16.7,1,0,0,50.0,6,1,1,115,64.2,31.2,37.1,,0,1,6,1,,0.0,0.0,0,0,0,0,0,1,16.7,8,1.3
18,Cameron Edge,162791,QB,MARYLAND,1,66.7,6,6,17.8,2.53,0,1,14.3,66.7,4,0,3,0.0,8,0,4,215,65.1,80.6,81.1,,0,1,9,0,66.7,109.7,25.0,2,0,0,0,1,0,0.0,82,13.7
18,Devin Brown,156479,QB,OHIO STATE,1,66.7,6,6,7.5,3.03,0,0,0.0,66.7,4,0,3,0.0,8,0,1,260,17.8,30.0,29.6,57.7,0,0,8,0,66.7,71.5,25.0,2,0,0,0,0,1,12.5,20,3.3
18,Zac Larrier,104193,QB,AIR FORCE,1,60.0,5,5,17.4,2.82,0,1,20.0,60.0,3,0,2,0.0,5,0,1,101,72.7,71.4,70.8,63.7,0,0,5,0,0.0,129.2,0.0,0,0,0,0,1,0,0.0,45,9.0
18,Timmy McClain,144488,QB,UCF,1,25.0,4,4,19.0,4.24,0,0,0.0,25.0,1,0,3,0.0,5,0,1,323,63.8,28.4,28.7,57.3,0,1,5,0,0.0,39.6,0.0,0,1,0,0,0,1,20.0,57,14.3
18,Turner Helton,163044,QB,W KENTUCKY,1,75.0,4,4,-0.3,1.82,0,0,0.0,75.0,3,0,1,0.0,5,0,0,346,12.1,22.1,22.0,,0,1,5,0,100.0,40.6,20.0,1,0,0,0,0,2,40.0,15,3.8
18,Bryce Archie,156667,QB,USF,1,75.0,4,4,2.5,2.8,0,0,0.0,50.0,2,0,2,33.3,5,1,1,327,66.8,75.4,72.8,64.8,0,0,5,0,0.0,56.3,0.0,0,1,0,0,0,0,0.0,11,2.8
18,Shawqi Itraish,145393,QB,RICE,1,50.0,4,4,9.5,3.06,0,0,0.0,50.0,2,0,2,0.0,5,0,2,275,63.8,28.3,28.4,57.3,0,2,5,0,0.0,24.0,0.0,0,1,0,0,0,2,40.0,19,4.8
18,Ike Udengwu III,175061,QB,E MICHIGAN,1,0.0,1,3,3.0,2.2,0,0,0.0,0.0,0,0,3,,3,0,0,160,64.8,52.1,56.4,57.3,1,0,3,0,0.0,39.6,0.0,0,0,0,1,0,0,0.0,0,0.0
18,Ryan Hilinski,71295,QB,NWESTERN,1,33.3,3,3,-1.3,2.6,0,0,0.0,33.3,1,0,1,0.0,3,0,0,256,67.8,45.5,41.9,60.8,0,0,4,0,0.0,42.4,0.0,0,0,0,0,0,0,0.0,3,1.0
18,Maddox Kopp,144251,QB,MIAMI OH,1,50.0,2,2,16.5,2.33,0,0,0.0,50.0,1,0,0,0.0,4,0,1,221,0.0,30.9,31.9,59.1,0,0,4,0,,95.8,50.0,2,0,0,0,0,2,50.0,28,14.0
18,Evan Svoboda,157664,QB,WYOMING,1,50.0,2,2,9.5,1.8,0,0,0.0,50.0,1,0,0,0.0,2,0,1,351,18.1,66.6,66.3,61.8,0,0,2,0,,77.1,0.0,0,0,0,0,0,0,0.0,16,8.0
18,Harold Fannin Jr.,163104,TE,BOWL GREEN,1,0.0,1,1,21.0,2.7,0,0,0.0,0.0,0,0,0,,1,0,0,122,69.1,56.0,50.4,55.3,0,0,1,0,,39.6,0.0,0,0,0,0,0,0,0.0,0,0.0
18,Justin Ibieta,123220,QB,TULANE,1,0.0,1,1,-3.0,1.3,0,0,0.0,0.0,0,0,0,,1,0,0,319,67.5,47.7,57.7,55.8,0,0,1,0,,39.6,0.0,0,0,0,0,0,0,0.0,0,0.0
18,Brennan Presley,122982,WR,OKLA STATE,1,100.0,1,1,32.0,4.1,0,0,0.0,100.0,1,0,0,0.0,1,0,1,262,72.8,82.8,75.9,,0,0,1,0,,118.8,0.0,0,0,0,0,0,0,0.0,34,34.0
18,Beau Pribula,164182,QB,PENN STATE,1,100.0,1,1,21.0,1.85,0,1,50.0,100.0,1,0,1,0.0,2,0,1,266,14.3,56.3,53.6,60.9,0,0,3,0,0.0,158.3,0.0,0,0,0,0,1,0,0.0,48,48.0
18,Jordan Watkins,122730,WR,OLE MISS,1,100.0,1,1,3.0,2.7,0,0,0.0,100.0,1,0,0,0.0,1,0,1,226,71.2,71.0,70.4,,0,0,1,0,,118.8,0.0,0,0,0,0,0,0,0.0,15,15.0
18,Colin Parachek,160568,QB,MARSHALL,1,0.0,1,1,16.0,1.9,0,0,0.0,0.0,0,0,0,,1,0,0,214,60.3,27.0,27.4,,0,1,1,0,,0.0,0.0,0,0,0,0,0,1,100.0,0,0.0
18,Jabre Barber,123689,WR,TROY,1,,0,1,,2.7,1,0,0.0,0.0,0,0,1,,1,0,0,318,69.7,74.2,60.0,,0,0,1,1,0.0,39.6,0.0,0,0,0,0,0,0,0.0,0,0.0
18,Luke Bottari,73931,QB,UTAH,1,100.0,1,1,-2.0,2.4,0,0,0.0,100.0,1,0,1,0.0,1,0,1,328,60.3,61.5,61.0,,0,0,1,0,0.0,118.8,0.0,0,0,0,0,0,0,0.0,18,18.0
18,KC Concepcion,170362,WR,NC STATE,1,0.0,1,1,16.0,4.6,0,0,0.0,0.0,0,0,0,,1,0,0,248,69.6,67.2,46.8,72.7,0,0,1,0,,39.6,0.0,0,0,0,0,0,0,0.0,0,0.0
18,Gaston Moore,123756,QB,TENNESSEE,1,0.0,1,1,14.0,2.8,0,0,0.0,0.0,0,0,0,,2,0,0,307,65.2,42.3,46.1,54.2,0,0,4,0,,39.6,0.0,0,1,0,0,0,0,0.0,0,0.0
18,Coy Eakin,157337,WR,TEXAS TECH,1,0.0,1,1,7.0,2.6,0,0,0.0,0.0,0,0,1,,1,0,0,315,66.9,76.1,53.9,,0,0,1,0,0.0,39.6,0.0,0,0,0,0,0,0,0.0,0,0.0
18,Collin Drake,157089,QB,GEORGIA,1,100.0,1,1,3.0,3.5,0,0,0.0,100.0,1,0,1,0.0,1,0,0,173,60.3,61.5,61.0,,0,0,1,0,0.0,79.2,0.0,0,0,0,0,0,0,0.0,2,2.0
18,Jaylin Noel,125155,WR,IOWA STATE,1,0.0,1,1,30.0,3.5,0,0,0.0,0.0,0,0,1,,1,0,0,193,70.7,68.4,58.0,,0,0,1,0,0.0,39.6,0.0,0,0,0,0,0,0,0.0,0,0.0
18,Chase Jenkins,173242,QB,RICE,1,100.0,1,1,5.0,3.28,0,0,0.0,100.0,1,0,3,0.0,4,0,1,275,63.3,52.1,56.5,57.3,0,0,4,0,66.7,100.0,50.0,2,1,0,0,0,0,0.0,8,8.0
18,Peter LeBlanc,97814,WR,LA LAFAYET,1,,0,1,,4.7,0,0,0.0,0.0,0,0,1,,1,0,0,207,62.4,56.7,60.0,,0,0,1,0,0.0,39.6,0.0,0,0,0,1,0,0,0.0,0,0.0
18,Tom Foley,101612,P,N ILLINOIS,1,100.0,1,1,-8.0,1.1,0,0,0.0,100.0,1,0,0,0.0,1,0,1,254,60.3,61.1,60.6,,0,0,1,0,,158.3,0.0,0,0,0,0,1,0,0.0,32,32.0
18,Deuce Spann,129427,WR,FLORIDA ST,1,100.0,1,1,-5.0,0.7,0,0,0.0,100.0,1,0,0,0.0,1,0,1,167,16.9,54.4,60.6,57.9,0,0,1,0,,95.8,0.0,0,0,0,0,0,0,0.0,7,7.0
18,Chris Lewis,146744,WR,TROY,1,100.0,1,1,8.0,3.5,0,0,0.0,100.0,1,0,0,0.0,1,0,1,318,60.3,51.3,60.4,,0,0,1,0,,112.5,0.0,0,0,0,0,0,0,0.0,11,11.0
18,Jesiah Irish,84371,WR,OREGON ST,1,100.0,1,1,5.0,3.0,0,0,0.0,100.0,1,0,1,0.0,1,0,1,265,69.1,72.9,70.4,54.0,0,0,1,0,0.0,118.8,0.0,0,0,0,0,0,0,0.0,15,15.0
18,Sean Atkins,101127,WR,USF,1,100.0,1,1,5.0,3.7,0,0,0.0,100.0,1,0,0,0.0,1,0,1,327,27.1,72.6,71.8,60.5,0,0,1,0,,118.8,0.0,0,0,0,0,0,0,0.0,21,21.0
18,Jaylen Henderson,146054,QB,TEXAS A&M,1,100.0,1,1,11.0,4.3,0,0,0.0,100.0,1,0,1,0.0,1,0,1,312,60.3,73.2,72.6,,0,0,1,0,0.0,112.5,0.0,0,0,0,0,0,0,0.0,11,11.0
18,Emeka Egbuka,145055,WR,OHIO STATE,1,0.0,1,1,27.0,4.2,0,0,0.0,0.0,0,0,0,,1,0,0,260,66.4,69.1,50.4,,0,0,1,0,,39.6,0.0,0,0,0,0,0,0,0.0,0,0.0
18,Jeremy Moussa,75887,QB,FL A&M,1,71.4,28,31,10.5,2.42,0,1,3.0,58.1,18,1,13,10.0,35,2,10,164,36.0,53.3,50.1,60.3,0,2,38,1,23.1,92.9,8.6,3,0,1,2,3,3,7.9,276,8.9
18,Quinton Williams,102366,QB,HOWARD,1,56.0,25,27,5.2,2.81,2,0,0.0,51.9,14,0,9,0.0,29,0,8,184,29.1,44.6,44.0,56.9,0,3,31,0,11.1,21.3,3.4,1,1,0,0,0,2,6.5,101,3.7
week,player,player_id,position,team_name,player_game_count,accuracy_percent,aimed_passes,attempts,avg_depth_of_target,avg_time_to_throw,bats,big_time_throws,btt_rate,completion_percent,completions,declined_penalties,def_gen_pressures,drop_rate,dropbacks,drops,first_downs,franchise_id,grades_hands_fumble,grades_offense,grades_pass,grades_run,hit_as_threw,interceptions,passing_snaps,penalties,pressure_to_sack_rate,qb_rating,sack_percent,sacks,scrambles,spikes,thrown_aways,touchdowns,turnover_worthy_plays,twp_rate,yards,ypa
19,Quinn Ewers,127253,QB,TEXAS,1,69.4,36,43,11.1,2.6,2,3,6.8,55.8,24,0,14,4.0,52,1,17,311,69.8,81.8,81.9,62.3,1,0,53,0,14.3,87.2,3.8,2,6,0,4,1,0,0.0,318,7.4
19,Michael Penix Jr.,82134,QB,WASHINGTON,1,88.2,34,38,9.1,2.93,0,6,15.0,76.3,29,0,16,3.3,39,1,17,340,70.4,93.5,93.8,64.4,0,0,41,0,0.0,130.4,0.0,0,1,0,4,2,0,0.0,430,11.3
19,J.J. McCarthy,144918,QB,MICHIGAN,1,76.0,25,27,6.0,2.73,1,1,3.7,63.0,17,0,10,10.5,27,2,11,222,70.6,71.2,71.6,60.0,1,0,27,0,0.0,125.7,0.0,0,0,0,0,3,1,3.7,221,8.2
19,Jalen Milroe,146590,QB,ALABAMA,1,69.6,23,23,8.3,2.9,0,1,4.3,69.6,16,0,12,0.0,35,0,6,103,24.6,63.1,55.1,66.9,0,0,35,0,58.3,81.1,20.0,7,5,0,0,0,1,2.9,116,5.0
19,Jalen McMillan,131905,WR,WASHINGTON,1,0.0,1,1,-6.0,2.9,0,0,0.0,0.0,0,0,0,,1,0,0,340,66.4,71.7,57.7,,0,0,1,0,,39.6,0.0,0,0,0,0,0,0,0.0,0,0.0
19,Reese Poffenbarger,145346,QB,ALBANY,1,72.1,43,44,7.8,2.39,0,0,0.0,68.2,30,0,13,3.2,51,1,15,106,70.2,51.9,45.9,71.1,0,3,53,0,15.4,52.5,3.9,2,5,0,1,0,3,5.7,232,5.3
19,Clifton McDowell,98003,QB,MONTANA,1,65.4,26,29,7.9,3.2,3,0,0.0,51.7,15,0,19,11.8,36,2,11,232,71.3,70.4,66.1,67.8,0,0,36,0,21.1,79.0,11.1,4,2,0,0,1,0,0.0,155,5.3
19,Cam Miller,125299,QB,N DAK ST,1,57.1,21,24,16.6,3.2,0,0,0.0,37.5,9,0,14,25.0,28,3,8,250,29.4,62.6,71.7,40.1,0,0,30,1,14.3,74.5,7.1,2,2,1,2,1,0,0.0,157,6.5
19,Mark Gronowski,138303,QB,S DAK ST,1,84.2,19,19,14.9,2.7,0,2,10.0,78.9,15,0,2,6.3,21,1,12,292,69.3,86.9,79.0,77.4,0,0,23,0,0.0,158.3,0.0,0,2,0,0,3,0,0.0,265,13.9
19,Chase Mason,159444,QB,S DAK ST,1,50.0,2,2,8.0,2.2,0,0,0.0,50.0,1,0,1,0.0,2,0,1,292,64.4,67.1,56.8,63.6,0,0,2,0,0.0,135.4,0.0,0,0,0,0,1,0,0.0,71,35.5
week,player,player_id,position,team_name,player_game_count,accuracy_percent,aimed_passes,attempts,avg_depth_of_target,avg_time_to_throw,bats,big_time_throws,btt_rate,completion_percent,completions,declined_penalties,def_gen_pressures,drop_rate,dropbacks,drops,first_downs,franchise_id,grades_hands_fumble,grades_offense,grades_pass,grades_run,hit_as_threw,interceptions,passing_snaps,penalties,pressure_to_sack_rate,qb_rating,sack_percent,sacks,scrambles,spikes,thrown_aways,touchdowns,turnover_worthy_plays,twp_rate,yards,ypa
20,Michael Penix Jr.,82134,QB,WASHINGTON,1,61.2,49,51,8.0,2.45,1,1,1.9,52.9,27,0,20,10.0,53,3,14,340,70.7,49.9,50.1,56.0,0,2,56,0,5.0,57.2,1.9,1,1,0,1,1,3,5.4,255,5.0
20,J.J. McCarthy,144918,QB,MICHIGAN,1,68.8,16,19,7.2,2.69,2,1,5.3,52.6,10,0,7,9.1,22,1,7,222,69.3,77.5,72.1,70.6,0,0,22,0,14.3,76.6,4.5,1,2,1,0,0,0,0.0,140,7.4
20,Clifton McDowell,98003,QB,MONTANA,1,71.4,35,40,8.7,2.88,0,0,0.0,55.0,22,0,17,12.0,47,3,8,232,18.7,45.0,53.5,40.0,1,1,48,1,17.6,54.7,6.4,3,4,0,4,0,2,4.2,165,4.1
20,Mark Gronowski,138303,QB,S DAK ST,1,73.7,19,22,13.3,2.76,1,1,4.3,59.1,13,0,6,7.1,25,1,10,292,71.0,74.0,63.7,76.5,0,1,26,1,0.0,80.7,0.0,0,2,0,2,1,1,3.8,175,8.0
20,Keali'i Ah Yat,178141,QB,MONTANA,1,85.7,7,7,4.4,2.98,0,0,0.0,85.7,6,0,3,0.0,9,0,3,232,65.1,63.9,67.8,57.3,0,0,9,0,33.3,94.6,11.1,1,1,0,0,0,0,0.0,47,6.7
