week,player,player_id,position,team_name,player_game_count,accuracy_percent,aimed_passes,attempts,avg_depth_of_target,avg_time_to_throw,bats,big_time_throws,btt_rate,completion_percent,completions,declined_penalties,def_gen_pressures,drop_rate,dropbacks,drops,first_downs,franchise_id,grades_hands_fumble,grades_offense,grades_pass,grades_run,hit_as_threw,interceptions,passing_snaps,penalties,pressure_to_sack_rate,qb_rating,sack_percent,sacks,scrambles,spikes,thrown_aways,touchdowns,turnover_worthy_plays,twp_rate,yards,ypa
0,Maverick McIvor,99476,QB,W KENTUCKY,1,77.1,48,51,10.6,2.42,1,4,7.7,64.7,33,0,16,10.8,56,4,22,346,70.8,77.3,78.1,58.3,1,0,57,0,12.5,108.9,3.6,2,3,0,1,3,1,1.8,407,8.0
0,Micah Alejado,184162,QB,HAWAII,1,76.3,38,39,9.3,2.57,0,1,2.6,69.2,27,0,10,6.9,49,2,16,180,30.3,56.1,55.5,58.9,0,0,50,0,40.0,99.3,8.2,4,6,0,1,2,1,2.0,210,5.4
0,Avery Johnson,173108,QB,KANSAS ST,1,85.7,28,31,10.0,2.3,1,1,3.2,67.7,21,0,5,12.5,32,3,9,199,71.9,85.6,83.8,68.6,0,0,32,1,0.0,116.7,0.0,0,0,0,2,2,1,3.1,273,8.8
0,Hunter Watson,183993,QB,SM HOUSTON,1,75.0,28,30,6.4,3.25,1,0,0.0,63.3,19,0,16,9.5,39,2,8,281,71.2,62.0,66.1,57.1,0,1,42,1,12.5,70.0,5.1,2,7,0,1,0,1,2.4,209,7.0
0,Ben Gulbranson,131734,QB,STANFORD,1,55.6,27,30,5.7,2.76,0,0,0.0,46.7,14,0,8,6.7,32,1,4,300,68.6,29.4,29.3,51.4,1,1,35,1,0.0,41.9,0.0,0,2,0,2,0,3,8.6,107,3.6
0,E.J. Warner,156185,QB,FRESNO ST,1,71.4,28,29,5.7,2.73,0,0,0.0,62.1,18,0,11,10.0,32,2,9,169,28.8,59.4,56.9,63.3,0,2,32,0,27.3,50.8,9.4,3,0,0,1,0,2,6.3,179,6.2
0,Rocco Becht,157567,QB,IOWA STATE,1,63.0,27,28,10.7,2.79,0,2,6.9,50.0,14,0,12,17.6,36,3,9,193,26.2,76.0,74.3,65.8,0,0,37,0,33.3,94.8,11.1,4,4,0,1,2,1,2.7,183,6.5
0,Anthony Colandrea,170131,QB,UNLV,1,84.2,19,21,9.2,3.04,0,3,13.0,71.4,15,0,11,6.3,28,1,11,325,72.3,86.9,74.9,80.6,0,0,30,0,27.3,116.2,10.7,3,4,0,2,1,0,0.0,195,9.3
0,Jalon Daniels,122555,QB,KANSAS,1,100.0,19,20,3.4,3.01,0,0,0.0,90.0,18,0,10,5.3,22,1,12,198,70.9,88.7,83.2,74.4,1,0,24,0,10.0,142.9,4.5,1,1,0,0,3,0,0.0,176,8.8
0,Alex Orji,158545,QB,UNLV,1,100.0,3,3,2.7,2.28,0,0,0.0,100.0,3,0,1,0.0,4,0,3,325,20.5,63.7,61.4,63.4,0,0,5,0,0.0,118.1,0.0,0,1,0,0,0,0,0.0,37,12.3
0,Luke Weaver,198494,QB,HAWAII,1,,0,1,,2.6,1,0,0.0,0.0,0,0,0,,1,0,0,180,60.3,59.7,60.0,,0,0,1,0,,39.6,0.0,0,0,0,0,0,0,0.0,0,0.0
0,Jordan Cooke,175116,QB,IDAHO ST,1,66.7,48,51,9.2,2.45,0,2,3.6,58.8,30,0,13,6.3,52,2,14,186,44.6,58.0,57.9,54.4,0,3,56,2,0.0,64.2,0.0,0,1,0,3,1,3,5.4,380,7.5
0,Deuce Hogan,129470,QB,NICHOLLS,1,67.7,31,36,4.3,2.79,1,1,2.8,58.3,21,0,14,0.0,38,0,11,243,70.3,57.2,53.5,65.4,1,0,39,0,7.1,85.5,2.6,1,1,0,3,1,1,2.6,221,6.1
0,Richard Torres,156456,QB,INCAR WORD,1,71.9,32,35,8.3,2.71,0,1,2.9,65.7,23,0,11,0.0,39,0,8,189,69.3,60.3,60.5,57.0,0,3,39,0,27.3,42.6,7.7,3,1,0,3,0,3,7.7,180,5.1
0,Walker Harris,150449,QB,NC CENT,1,81.5,27,27,7.6,2.66,0,0,0.0,81.5,22,0,6,0.0,31,0,14,247,28.8,68.6,79.5,40.3,0,0,32,0,16.7,109.0,3.2,1,3,0,0,1,1,3.1,194,7.2
0,Victor Gabalis,131932,QB,TARLETON,1,72.7,22,24,15.7,3.0,0,3,12.5,58.3,14,0,4,12.5,25,2,10,401,26.6,84.0,88.0,51.9,0,0,25,0,0.0,116.3,0.0,0,1,0,2,2,0,0.0,218,9.1
0,Gabe Downing,170743,QB,PORTLAND,1,62.5,16,17,8.4,1.86,0,0,0.0,58.8,10,0,2,0.0,17,0,5,269,68.3,63.9,65.8,55.8,0,2,18,0,0.0,33.8,0.0,0,0,0,1,0,0,0.0,91,5.4
0,Cam'Ron McCoy,157481,QB,SOUTHERN U,1,66.7,15,16,11.7,2.6,1,3,17.6,56.3,9,0,12,10.0,22,1,6,297,27.3,76.8,65.3,77.8,0,0,23,0,25.0,67.2,13.6,3,3,0,0,0,1,4.3,70,4.4
0,John-Keawe Sagapolutele,175709,QB,PORTLAND,1,42.9,14,14,6.8,2.63,0,0,0.0,42.9,6,0,2,0.0,14,0,3,269,66.2,28.9,29.0,,0,1,14,0,0.0,25.0,0.0,0,0,0,0,0,2,14.3,57,4.1
0,Jalen Woods,178085,QB,SOUTHERN U,1,100.0,6,6,3.2,2.35,0,0,0.0,83.3,5,0,2,16.7,6,1,1,297,64.2,68.7,68.2,,0,0,6,0,0.0,91.0,0.0,0,0,0,0,0,0,0.0,35,5.8
0,Tyrese Smith,185065,QB,PORTLAND,1,50.0,4,4,12.5,2.43,0,0,0.0,50.0,2,0,1,0.0,4,0,1,269,72.7,72.5,64.1,68.1,0,0,5,0,0.0,65.6,0.0,0,0,0,0,0,0,0.0,21,5.3
0,EJ Colson,190335,QB,INCAR WORD,1,100.0,1,1,11.0,4.23,0,0,0.0,100.0,1,0,3,0.0,3,0,2,189,64.8,77.9,70.1,65.5,0,0,3,0,33.3,118.8,33.3,1,1,0,0,0,0,0.0,13,13.0
0,Jackson Sharman,178252,QB,IDAHO ST,1,0.0,1,1,10.0,1.7,0,0,0.0,0.0,0,0,0,,1,0,0,186,60.3,26.3,26.8,,0,1,1,0,,0.0,0.0,0,0,0,0,0,1,100.0,0,0.0
0,Michael Shulikov,178255,WR,IDAHO ST,1,100.0,1,1,-3.0,3.6,0,0,0.0,100.0,1,0,0,0.0,1,0,1,186,65.3,59.0,60.6,,0,0,1,0,,158.3,0.0,0,0,0,0,1,0,0.0,15,15.0
0,Daniel Greek,126950,QB,TARLETON,1,0.0,1,1,6.0,1.7,0,0,0.0,0.0,0,0,0,,1,0,0,401,67.5,56.2,52.8,60.9,0,0,1,0,,39.6,0.0,0,0,0,0,0,0,0.0,0,0.0
week,player,player_id,position,team_name,player_game_count,accuracy_percent,aimed_passes,attempts,avg_depth_of_target,avg_time_to_throw,bats,big_time_throws,btt_rate,completion_percent,completions,declined_penalties,def_gen_pressures,drop_rate,dropbacks,drops,first_downs,franchise_id,grades_hands_fumble,grades_offense,grades_pass,grades_run,hit_as_threw,interceptions,passing_snaps,penalties,pressure_to_sack_rate,qb_rating,sack_percent,sacks,scrambles,spikes,thrown_aways,touchdowns,turnover_worthy_plays,twp_rate,yards,ypa
1,Caden Veltkamp,156642,QB,FAU,1,68.1,47,49,7.2,2.14,0,1,2.0,61.2,30,0,21,6.3,54,2,11,165,71.1,48.0,45.9,62.2,2,4,56,0,14.3,45.3,5.6,3,2,0,0,1,5,8.9,228,4.7
1,Sawyer Robertson,146839,QB,BAYLOR,1,63.8,47,48,10.0,2.38,1,2,3.6,56.3,27,0,15,10.0,52,3,16,118,70.2,60.1,59.4,,0,0,59,0,26.7,106.2,7.7,4,0,0,0,3,1,1.7,419,8.7
1,Jack Layne,158966,QB,NEW MEXICO,1,73.9,46,47,5.0,2.08,0,1,1.9,66.0,31,0,21,8.8,51,3,14,241,70.8,50.5,49.0,61.8,1,3,57,0,14.3,56.0,5.9,3,1,0,0,1,2,3.5,208,4.4
1,Maddux Madsen,163379,QB,BOISE ST,1,67.4,43,46,8.0,2.91,1,2,4.3,54.3,25,0,19,13.8,55,4,14,120,34.7,55.1,50.3,66.5,0,0,56,2,10.5,75.0,3.6,2,7,0,2,1,3,5.4,225,4.9
1,AJ Swann,157186,QB,APP STATE,1,79.5,44,46,10.2,2.53,0,1,2.1,67.4,31,0,12,11.4,49,4,21,108,70.1,90.4,89.0,69.8,0,0,51,0,8.3,113.3,2.0,1,2,0,2,3,0,0.0,368,8.0
1,Katin Houser,158386,QB,E CAROLINA,1,82.9,41,44,8.6,2.1,0,2,4.3,68.2,30,0,17,11.8,46,4,12,156,50.2,73.9,77.3,52.3,2,0,49,0,5.9,101.1,2.2,1,1,0,1,1,0,0.0,366,8.3
1,Walker Eget,146170,QB,S JOSE ST,1,70.3,37,44,11.6,2.8,2,5,10.9,52.3,23,0,12,11.5,45,3,14,285,69.4,65.1,64.3,,0,2,47,0,8.3,70.5,2.2,1,0,2,3,2,4,8.5,303,6.9
1,Malik Washington,198729,QB,MARYLAND,1,73.2,41,43,7.9,2.54,1,3,6.8,62.8,27,0,16,10.0,43,3,15,215,69.4,75.0,72.8,64.2,1,0,45,0,0.0,102.7,0.0,0,0,0,0,3,1,2.2,258,6.0
1,Avery Johnson,173108,QB,KANSAS ST,1,72.1,43,43,7.9,2.49,0,1,2.3,65.1,28,0,17,9.7,46,3,15,199,42.5,44.7,43.8,57.0,0,0,47,0,5.9,110.4,2.2,1,2,0,0,3,6,12.8,318,7.4
1,Ty Simpson,157008,QB,ALABAMA,1,69.2,39,43,9.2,3.38,1,1,2.2,53.5,23,0,19,14.8,51,4,14,103,33.7,59.5,63.2,52.7,2,0,54,1,15.8,86.8,5.9,3,5,0,1,2,1,1.9,254,5.9
1,Dylan Raiola,183581,QB,NEBRASKA,1,87.5,40,42,4.3,2.52,0,0,0.0,78.6,33,1,9,5.7,46,2,15,238,36.1,62.1,59.3,65.4,1,0,46,1,33.3,106.6,6.5,3,1,0,1,2,2,4.3,243,5.8
1,Steve Angeli,156966,QB,SYRACUSE,1,63.9,36,40,10.1,2.48,2,0,0.0,57.5,23,0,17,0.0,47,0,15,304,39.4,58.7,57.5,60.1,0,1,52,0,29.4,76.5,10.6,5,2,0,2,1,1,1.9,274,6.9
1,Tucker Gleason,122475,QB,TOLEDO,1,73.0,37,40,9.7,2.89,1,1,2.4,57.5,23,0,22,14.8,46,4,14,316,26.7,69.7,71.8,55.0,1,1,48,0,13.6,76.0,6.5,3,3,0,1,1,1,2.1,270,6.8
1,Braylon Braxton,144442,QB,SO MISS,1,70.3,37,39,7.5,2.93,1,2,4.8,66.7,26,0,13,0.0,47,0,12,296,71.5,67.0,58.4,74.1,0,1,50,1,7.7,85.3,2.1,1,7,0,1,2,4,8.0,199,5.1
1,Sam Leavitt,175465,QB,ARIZONA ST,1,67.6,37,38,7.7,2.67,1,3,7.1,63.2,24,0,11,4.0,43,1,14,110,70.3,70.7,67.9,71.0,0,1,47,1,18.2,89.5,4.7,2,3,0,0,2,2,4.3,257,6.8
1,Ben Finley,122864,QB,AKRON,1,50.0,36,38,10.4,2.87,0,0,0.0,42.1,16,0,18,11.1,43,2,8,102,70.1,52.4,51.3,62.9,0,1,44,0,22.2,41.4,9.3,4,1,0,2,0,1,2.3,139,3.7
1,Garrett Nussmeier,146757,QB,LSU,1,73.7,38,38,4.4,2.09,0,1,2.4,73.7,28,0,7,0.0,39,0,12,211,71.2,67.0,65.7,61.7,0,0,42,0,14.3,97.5,2.6,1,0,0,0,1,1,2.4,230,6.1
1,Cade Klubnik,156253,QB,CLEMSON,1,66.7,33,38,9.4,2.75,2,1,2.6,50.0,19,0,18,13.6,43,3,12,140,70.9,56.2,51.2,68.4,2,1,43,0,11.1,58.0,4.7,2,3,0,1,0,1,2.3,230,6.1
1,Brandon Rose,158503,QB,UMASS,1,69.4,36,38,7.4,2.81,1,0,0.0,60.5,23,0,19,8.0,44,2,11,216,37.3,40.5,47.6,39.6,0,1,46,0,10.5,62.7,4.5,2,4,0,1,0,2,4.3,193,5.1
1,John Mateer,158516,QB,OKLAHOMA,1,83.3,36,37,9.7,2.43,0,3,7.9,81.1,30,0,7,0.0,41,0,17,261,70.8,80.8,81.7,61.6,1,1,42,0,14.3,126.2,2.4,1,3,0,0,3,2,4.8,389,10.5
1,Kaden Anderson,127312,QB,WYOMING,1,64.7,34,36,8.6,2.54,1,0,0.0,52.8,19,0,9,13.6,38,3,10,351,69.8,64.5,62.4,63.2,0,1,39,0,0.0,73.8,0.0,0,2,0,1,1,0,0.0,260,7.2
1,Nick Minicucci,173617,QB,DELAWARE,1,77.8,36,36,9.3,2.54,0,2,5.1,77.8,28,0,6,0.0,41,0,17,151,70.9,89.4,83.4,78.1,0,0,45,0,33.3,126.3,4.9,2,3,0,0,3,1,2.2,275,7.6
1,MJ Morris,157404,QB,COAST CAR,1,68.8,32,36,7.9,2.38,2,1,2.6,55.6,20,0,10,9.1,39,2,9,141,70.4,56.5,56.9,56.6,0,1,41,0,10.0,55.7,2.6,1,2,0,2,0,2,4.9,163,4.5
1,Josh Hoover,127148,QB,TCU,1,80.0,35,36,6.1,2.46,0,2,5.1,75.0,27,0,6,3.6,37,1,17,305,69.0,86.6,87.3,57.3,0,1,40,0,0.0,104.4,0.0,0,1,0,1,2,0,0.0,284,7.9
1,Nicholas Vattiato,145302,QB,MIDDLE TN,1,48.5,33,36,8.1,2.48,1,0,0.0,41.7,15,0,12,6.3,41,1,8,224,69.7,52.5,50.3,62.8,0,0,44,0,25.0,67.8,7.3,3,2,0,2,2,0,0.0,104,2.9
1,Preston Stone,124716,QB,NWESTERN,1,61.1,36,36,8.6,2.49,0,0,0.0,52.8,19,0,14,13.6,40,3,8,256,28.0,39.2,38.5,,0,4,41,0,28.6,25.1,10.0,4,0,0,0,0,5,12.2,161,4.5
1,Drake Lindsey,184727,QB,MINNESOTA,1,60.0,35,35,11.2,2.8,0,0,0.0,54.3,19,0,13,9.5,38,2,14,225,68.9,81.2,83.5,57.3,0,1,39,1,15.4,89.0,5.3,2,1,0,0,2,1,2.6,290,8.3
1,Kyron Drones,144506,QB,VA TECH,1,60.0,30,35,12.1,3.14,0,3,7.9,42.9,15,0,17,16.7,38,3,8,337,72.5,64.2,62.1,63.0,1,2,41,0,11.8,40.4,5.3,2,1,0,4,0,2,4.9,222,6.3
1,Malachi Nelson,174203,QB,UTEP,1,74.2,31,34,9.9,2.47,0,0,0.0,61.8,21,0,8,8.7,40,2,8,330,70.1,45.1,46.1,52.4,0,1,44,2,25.0,72.2,5.0,2,3,1,2,1,3,6.8,172,5.1
1,Dylan Lonergan,172386,QB,BOSTON COL,1,78.8,33,34,8.2,2.62,1,2,5.9,76.5,26,0,5,0.0,37,0,16,121,69.3,87.6,86.8,62.4,0,0,37,0,40.0,137.9,5.4,2,1,0,0,4,0,0.0,268,7.9
1,Darian Mensah,169984,QB,DUKE,1,87.9,33,34,10.8,2.6,0,4,11.8,79.4,27,0,7,6.9,36,2,17,154,69.7,94.0,94.5,55.4,0,0,36,0,28.6,143.8,5.6,2,0,0,1,3,0,0.0,389,11.4
1,Marcel Reed,175940,QB,TEXAS A&M,1,69.7,33,34,9.2,2.94,1,0,0.0,64.7,22,0,9,4.3,41,1,15,312,69.7,70.9,74.2,59.1,0,0,43,1,0.0,130.6,0.0,0,7,0,0,4,0,0.0,289,8.5
1,Noah Kim,129623,QB,E MICHIGAN,1,75.0,32,34,7.6,2.76,0,1,2.7,67.6,23,0,14,4.2,37,1,12,160,45.1,57.9,59.4,57.8,1,0,40,1,14.3,98.7,5.4,2,1,0,1,1,1,2.5,248,7.3
1,CJ Bailey,183349,QB,NC STATE,1,75.0,32,34,10.3,2.77,1,3,8.3,70.6,24,0,10,0.0,37,0,13,248,71.8,72.9,72.7,61.5,1,1,39,0,10.0,97.4,2.7,1,2,0,0,1,1,2.6,318,9.4
1,Maalik Murphy,157302,QB,OREGON ST,1,63.6,33,33,8.7,2.59,0,2,5.6,63.6,21,0,10,0.0,36,0,12,265,69.8,53.1,49.4,65.7,0,1,39,0,10.0,73.3,2.8,1,2,0,0,0,3,7.7,244,7.4
1,Blake Shapen,122282,QB,MISS STATE,1,90.3,31,33,3.9,2.36,0,1,2.8,78.8,26,0,8,7.1,37,2,10,227,33.4,67.0,67.9,56.4,1,1,40,0,25.0,98.5,5.4,2,2,0,1,1,2,5.0,272,8.2
1,Dexter Williams II,129457,QB,KENNESAW,1,50.0,28,33,11.8,2.89,1,1,2.9,36.4,12,0,18,14.3,38,2,7,200,71.8,51.9,46.7,61.9,1,0,40,0,0.0,51.2,0.0,0,5,0,3,0,1,2.5,149,4.5
1,Ethan Vasko,163817,QB,LIBERTY,1,66.7,30,33,11.0,2.68,2,1,2.9,57.6,19,0,12,5.0,34,1,12,206,73.4,75.0,74.9,63.6,0,0,35,0,0.0,105.2,0.0,0,1,0,1,3,0,0.0,197,6.0
1,Fernando Mendoza,158323,QB,INDIANA,1,65.5,29,33,12.1,2.76,0,1,2.9,54.5,18,0,7,5.3,36,1,9,190,70.2,66.8,61.4,70.0,1,0,38,0,14.3,71.9,2.8,1,2,2,1,0,1,2.6,193,5.8
1,Kirk Francis,173296,QB,TULSA,1,71.0,31,32,8.2,1.97,0,1,2.9,62.5,20,0,5,9.1,33,2,10,320,69.7,81.0,80.6,66.8,0,0,36,1,0.0,103.4,0.0,0,1,0,1,2,0,0.0,218,6.8
1,Jake Retzlaff,70874,QB,TULANE,1,76.7,30,32,4.7,2.21,1,0,0.0,56.3,18,0,9,21.7,35,5,11,319,71.7,59.2,51.7,69.9,0,0,36,0,11.1,79.2,2.9,1,2,1,0,1,1,2.8,152,4.8
1,Owen McCown,157688,QB,UTSA,1,67.7,31,32,4.1,2.09,0,0,0.0,59.4,19,0,11,9.5,34,2,6,331,30.6,47.2,53.6,43.4,0,0,36,0,18.2,67.3,5.9,2,0,0,1,0,1,2.8,121,3.8
1,Drew Mestemaker,190616,QB,N TEXAS,1,81.3,32,32,10.9,2.72,0,5,15.2,75.0,24,0,10,7.7,35,2,16,251,69.7,92.6,93.2,59.3,0,0,36,0,0.0,138.7,0.0,0,3,0,0,3,0,0.0,329,10.3
1,Brayden Fowler-Nicolosi,157207,QB,COLO STATE,1,61.3,31,32,11.8,2.65,0,1,2.9,53.1,17,0,15,10.5,36,2,10,144,68.9,68.0,71.3,49.6,0,1,38,0,6.7,67.2,2.8,1,2,0,1,1,1,2.6,180,5.6
1,CJ Carr,184093,QB,NOTRE DAME,1,75.0,28,32,4.3,2.45,1,1,3.0,59.4,19,0,10,9.5,35,2,11,258,71.7,68.6,70.3,58.7,0,1,36,2,10.0,88.2,2.9,1,2,0,3,2,0,0.0,221,6.9
1,Maverick McIvor,99476,QB,W KENTUCKY,1,77.4,31,31,8.9,2.32,0,3,9.7,77.4,24,0,7,0.0,31,0,13,346,69.3,76.5,74.7,64.2,0,0,31,0,0.0,147.2,0.0,0,0,0,0,5,1,3.2,305,9.8
1,Logan Fife,128176,QB,NEW MEX ST,1,53.3,30,31,10.1,2.75,1,2,6.1,45.2,14,0,12,12.5,37,2,8,242,35.1,61.5,62.9,55.0,0,1,40,0,25.0,67.5,8.1,3,3,0,0,1,2,5.0,227,7.3
1,Taylen Green,145996,QB,ARKANSAS,1,80.6,31,31,8.5,3.1,0,2,5.9,77.4,24,0,11,4.0,38,1,23,111,70.4,93.9,93.6,72.0,0,0,41,0,18.2,149.5,5.3,2,5,0,0,6,0,0.0,322,10.4
1,Bryce Underwood,198795,QB,MICHIGAN,1,86.7,30,31,7.0,2.24,1,0,0.0,67.7,21,0,4,19.2,34,5,11,222,68.5,81.5,79.3,,0,0,34,0,50.0,103.0,5.9,2,0,0,0,1,0,0.0,251,8.1
1,Jaylen Raynor,172203,QB,ARK STATE,1,83.3,30,31,10.2,2.73,0,3,8.8,80.6,25,0,4,0.0,33,0,17,113,69.7,91.6,91.8,62.1,0,0,36,0,0.0,145.2,0.0,0,2,0,1,3,0,0.0,344,11.1
1,Micah Alejado,184162,QB,HAWAII,1,73.3,30,31,6.5,2.42,0,0,0.0,58.1,18,0,7,18.2,35,4,9,180,69.1,56.3,57.6,60.0,0,1,36,1,57.1,58.1,11.4,4,0,0,1,0,0,0.0,157,5.1
1,Parker Navarro,123758,QB,OHIO,1,78.6,28,31,10.8,3.05,0,1,3.2,67.7,21,0,11,4.5,34,1,16,259,46.6,90.1,81.2,81.0,0,0,34,0,0.0,122.9,0.0,0,3,0,3,3,0,0.0,239,7.7
1,Austin Simmons,175891,QB,OLE MISS,1,80.0,30,31,11.9,2.53,0,4,12.5,64.5,20,0,9,16.7,35,4,15,226,33.3,79.0,84.9,53.8,1,2,37,0,11.1,107.1,2.9,1,3,0,0,3,2,5.4,341,11.0
1,Jaxon Potter,176687,QB,WASH STATE,1,86.2,29,31,5.9,2.28,0,0,0.0,74.2,23,0,7,8.0,33,2,11,341,69.1,66.9,68.4,56.1,0,0,34,1,0.0,102.6,0.0,0,2,1,1,1,0,0.0,208,6.7
1,Jaron-Keawe Sagapolutele,198237,QB,CAL,1,69.0,29,30,12.3,2.84,1,2,6.7,66.7,20,0,12,0.0,32,0,10,130,68.4,86.6,87.8,58.5,0,0,32,0,0.0,123.5,0.0,0,2,0,0,3,0,0.0,234,7.8
1,Carson Beck,124010,QB,MIAMI FL,1,75.9,29,30,9.2,2.4,1,1,3.1,66.7,20,0,6,9.1,32,2,11,220,68.6,64.6,65.0,61.8,0,0,35,1,16.7,108.3,3.1,1,1,0,0,2,0,0.0,205,6.8
1,Kevin Jennings,158272,QB,SMU,1,82.8,29,30,6.1,2.72,0,1,3.0,73.3,22,0,7,8.3,35,2,13,287,32.1,71.1,65.2,74.1,1,1,38,0,42.9,107.6,8.6,3,2,0,0,2,2,5.3,260,8.7
1,Arch Manning,173162,QB,TEXAS,1,58.6,29,30,9.8,3.28,0,4,13.3,56.7,17,0,14,0.0,34,0,8,311,71.3,75.4,72.2,67.6,1,1,34,0,7.1,70.1,2.9,1,3,0,0,1,2,5.9,170,5.7
1,Gavin Wimsatt,155757,QB,JVILLE ST,1,63.0,27,29,7.8,2.27,1,1,3.0,51.7,15,0,6,11.8,32,2,4,196,72.7,52.2,49.7,63.2,1,1,36,1,33.3,50.8,6.3,2,1,0,0,0,2,5.6,139,4.8
1,Keyone Jenkins,170403,QB,FIU,1,64.3,28,29,11.3,2.88,0,1,3.2,62.1,18,0,9,0.0,32,0,12,166,31.9,54.8,49.2,69.0,0,0,35,0,11.1,80.7,3.1,1,2,0,1,0,4,11.4,187,6.4
1,Bryson Barnes,131845,QB,UTAH ST,1,80.0,25,28,10.9,3.23,2,1,3.3,67.9,19,0,17,5.0,40,1,13,329,71.2,75.1,72.7,66.4,1,0,42,0,35.3,105.2,15.0,6,6,0,0,1,0,0.0,233,8.3
1,Brendon Lewis,131687,QB,MEMPHIS,1,92.9,28,28,6.6,2.5,0,2,6.9,78.6,22,0,6,15.4,29,4,9,218,72.3,90.7,86.2,77.2,0,1,30,0,0.0,93.3,0.0,0,1,0,0,1,1,3.3,199,7.1
1,Robby Ashford,131702,QB,WAKE,1,81.5,27,28,4.8,3.2,0,1,3.2,71.4,20,0,11,9.1,37,2,12,339,73.4,65.2,68.1,60.0,0,0,40,1,36.4,94.0,10.8,4,5,0,1,0,0,0.0,218,7.8
1,Kaidon Salter,132046,QB,COLORADO,1,73.1,26,28,12.0,3.32,0,1,3.6,60.7,17,0,14,10.5,34,2,11,143,72.0,63.5,59.3,64.8,1,0,34,1,0.0,88.2,0.0,0,5,0,1,1,2,5.9,159,5.7
1,JC French IV,162521,QB,GA SOUTHRN,1,73.1,26,28,7.7,2.42,2,1,3.6,60.7,17,0,5,10.5,31,2,10,174,68.8,65.1,67.7,54.4,0,1,31,0,0.0,85.1,0.0,0,3,0,0,2,1,3.2,158,5.6
1,Beau Pribula,164182,QB,MISSOURI,1,85.2,27,28,10.1,2.69,0,1,3.4,82.1,23,0,6,0.0,32,0,14,229,71.2,91.8,91.5,70.8,1,0,33,0,16.7,132.6,3.1,1,3,0,0,2,0,0.0,283,10.1
1,Joey Aguilar,174978,QB,TENNESSEE,1,66.7,27,28,9.7,2.45,1,1,3.3,57.1,16,0,8,11.1,29,2,12,307,33.4,82.8,87.2,55.4,0,0,31,0,0.0,123.1,0.0,0,1,0,0,3,0,0.0,253,9.0
1,Chandler Morris,122938,QB,VIRGINIA,1,74.1,27,27,8.5,2.79,0,1,3.6,70.4,19,0,8,5.0,30,1,13,335,69.3,79.9,74.5,73.1,0,0,31,0,0.0,126.2,0.0,0,3,0,0,2,3,9.7,264,9.8
1,E.J. Warner,156185,QB,FRESNO ST,1,85.2,27,27,7.8,2.84,0,1,3.7,74.1,20,0,3,13.0,29,3,13,169,68.1,74.0,73.1,62.0,0,2,29,0,0.0,60.1,0.0,0,2,0,0,0,2,6.9,176,6.5
1,Drew Allar,164157,QB,PENN STATE,1,92.0,25,26,7.1,2.78,0,0,0.0,84.6,22,0,8,4.3,31,1,14,266,68.4,78.2,78.9,61.0,0,0,32,0,12.5,114.3,3.2,1,4,0,1,1,0,0.0,217,8.3
1,Brad Jackson,184354,QB,TEXAS ST,1,79.2,24,26,8.3,2.14,0,1,3.7,69.2,18,0,4,5.3,29,1,11,314,35.4,68.7,62.9,68.9,0,0,30,0,25.0,133.7,3.4,1,1,0,2,4,1,3.3,214,8.2
1,Devon Dampier,171556,QB,UTAH,1,84.0,25,26,8.3,3.09,0,0,0.0,80.8,21,0,7,0.0,31,0,12,328,73.0,78.5,72.0,72.2,0,0,33,0,0.0,125.3,0.0,0,5,1,0,2,0,0.0,206,7.9
1,Ryan Browne,174949,QB,PURDUE,1,80.0,25,26,12.7,3.37,0,2,7.4,69.2,18,0,12,10.0,29,2,15,273,70.2,82.0,83.9,60.8,1,0,30,0,8.3,135.3,3.4,1,2,0,0,2,0,0.0,311,12.0
1,Jayden Denegal,158533,QB,S DIEGO ST,1,60.9,23,25,13.4,2.96,1,1,3.8,52.0,13,0,7,7.1,28,1,8,284,70.2,62.5,64.5,55.8,0,0,29,0,0.0,93.3,0.0,0,3,0,1,1,2,6.9,207,8.3
1,Joe Fagnano,104768,QB,UCONN,1,76.0,25,25,8.3,2.38,0,2,8.0,72.0,18,0,4,5.3,26,1,10,146,69.0,77.6,73.2,70.1,0,0,26,0,25.0,145.0,3.8,1,0,0,0,3,1,3.8,260,10.4
1,Brendan Sorsby,156398,QB,CINCINNATI,1,63.6,22,25,9.0,3.07,2,0,0.0,52.0,13,0,7,7.1,31,1,6,138,72.0,68.7,46.1,84.2,0,1,33,0,0.0,41.3,0.0,0,6,0,1,0,1,3.0,65,2.6
1,Diego Pavia,156927,QB,VANDERBILT,1,80.0,25,25,9.8,2.19,0,3,10.3,80.0,20,0,9,0.0,29,0,14,333,70.4,90.2,89.7,71.8,0,0,33,1,11.1,152.1,3.4,1,3,0,0,3,1,3.0,275,11.0
1,Evan Simon,129906,QB,TEMPLE,1,82.6,23,25,10.5,2.52,1,2,8.0,76.0,19,0,3,0.0,27,0,17,306,69.1,90.1,90.5,61.2,0,0,27,0,0.0,146.3,0.0,0,2,0,1,6,0,0.0,248,9.9
1,Jalon Daniels,122555,QB,KANSAS,1,76.0,25,25,12.2,2.26,0,2,7.7,72.0,18,0,3,5.3,25,1,11,198,69.5,83.9,82.0,66.2,0,1,26,0,0.0,131.7,0.0,0,0,0,0,4,1,3.8,280,11.2
1,Brady Jones,200039,QB,W MICHIGAN,1,54.5,22,25,11.1,2.47,1,1,3.8,44.0,11,0,14,8.3,27,1,5,347,29.2,41.3,41.0,56.4,0,1,28,2,7.1,38.3,3.7,1,1,0,2,0,3,10.7,97,3.9
1,Conner Weigman,158683,QB,HOUSTON,1,66.7,24,24,9.6,2.68,0,1,3.8,62.5,15,0,13,6.3,28,1,11,182,28.8,55.4,53.5,59.9,0,0,30,0,7.7,121.4,3.6,1,3,0,0,3,2,6.7,159,6.6
1,Gunner Stockton,157072,QB,GEORGIA,1,76.2,21,24,8.0,3.07,1,0,0.0,58.3,14,0,9,12.5,29,2,10,173,70.7,79.0,77.4,66.7,1,0,30,1,0.0,111.5,0.0,0,5,0,1,2,0,0.0,190,7.9
1,Noah Fifita,158722,QB,ARIZONA,1,65.2,23,24,10.3,3.38,0,3,12.5,54.2,13,0,10,13.3,28,2,5,109,69.7,67.8,67.4,60.8,0,0,28,1,20.0,89.1,7.1,2,2,0,1,1,0,0.0,161,6.7
1,Jacob Clark,101628,QB,MO STATE,1,69.6,23,24,6.1,2.74,0,1,4.2,66.7,16,0,12,0.0,29,0,5,230,68.1,56.0,55.1,,1,2,29,0,41.7,62.3,17.2,5,0,0,0,1,1,3.4,147,6.1
1,Goose Crowder,144781,QB,TROY,1,71.4,21,24,8.4,2.92,1,2,8.3,58.3,14,0,7,6.7,29,1,10,318,69.8,77.4,71.6,71.3,0,0,30,0,14.3,115.3,3.4,1,4,0,2,3,1,3.3,144,6.0
1,Byrum Brown,156206,QB,USF,1,83.3,24,24,6.3,2.49,0,2,7.7,66.7,16,0,9,20.0,29,4,5,327,72.7,91.3,81.1,85.3,0,0,31,0,44.4,94.1,13.8,4,1,0,0,0,0,0.0,210,8.8
1,Miller Moss,70727,QB,LOUISVILLE,1,82.6,23,24,10.9,2.51,0,4,14.3,70.8,17,0,3,10.5,26,2,12,210,68.2,93.2,92.6,64.1,0,2,30,0,0.0,79.0,0.0,0,1,0,1,1,0,0.0,223,9.3
1,Conner Harrell,156352,QB,CHARLOTTE,1,66.7,21,24,11.2,2.94,1,0,0.0,54.2,13,0,13,7.1,26,1,7,136,29.7,50.6,52.8,52.8,1,1,29,0,0.0,68.4,0.0,0,2,0,1,1,2,6.9,142,5.9
1,Demond Williams Jr.,183648,QB,WASHINGTON,1,75.0,24,24,8.1,3.07,0,1,4.2,75.0,18,0,14,0.0,34,0,13,340,70.0,74.7,72.8,65.5,0,0,34,0,21.4,117.7,8.8,3,7,0,0,1,0,0.0,226,9.4
1,Tayven Jackson,157615,QB,UCF,1,78.3,23,24,7.2,2.81,0,2,8.3,70.8,17,0,9,5.6,27,1,9,323,27.1,77.1,74.3,67.2,1,0,27,0,33.3,137.8,11.1,3,0,0,0,2,2,7.4,282,11.8
1,Jalen Kitna,146688,QB,UAB,1,90.5,21,23,6.0,2.66,1,0,0.0,78.3,18,0,2,5.3,24,1,12,321,68.3,85.0,84.3,60.1,0,0,25,0,0.0,140.4,0.0,0,1,0,1,2,1,4.0,247,10.7
1,Walker Howard,157112,QB,LA LAFAYET,1,61.9,21,23,11.9,2.28,0,0,0.0,43.5,10,0,4,23.1,25,3,4,207,71.1,43.6,34.1,69.0,0,1,30,1,25.0,36.1,4.0,1,1,0,2,0,2,6.7,88,3.8
1,Aidan Chiles,173727,QB,MICH STATE,1,78.3,23,23,9.6,2.94,0,1,4.0,73.9,17,0,11,5.6,30,1,12,223,20.7,64.9,59.5,69.0,0,0,32,0,36.4,106.3,13.3,4,2,0,0,1,2,6.3,155,6.7
1,Dante Moore,173983,QB,OREGON,1,87.0,23,23,7.0,2.57,0,1,4.0,78.3,18,0,2,10.0,24,2,11,264,69.0,77.1,77.7,60.0,0,0,26,0,0.0,144.8,0.0,0,1,0,0,3,0,0.0,213,9.3
1,Athan Kaliakmanis,144971,QB,RUTGERS,1,90.5,21,23,9.0,2.79,0,1,4.2,78.3,18,0,9,5.3,26,1,14,278,71.0,84.7,91.0,50.5,1,0,27,0,11.1,141.3,3.8,1,2,0,1,2,0,0.0,252,11.0
1,Zach Calzada,98006,QB,KENTUCKY,1,56.5,23,23,14.8,3.1,0,1,3.8,43.5,10,0,9,23.1,25,3,4,202,72.2,54.6,49.9,62.4,0,1,28,0,0.0,35.6,0.0,0,2,0,0,0,1,3.6,85,3.7
1,Anthony Colandrea,170131,QB,UNLV,1,87.0,23,23,11.3,2.81,0,3,12.0,82.6,19,0,9,5.0,25,1,13,325,69.6,90.6,88.4,72.5,0,1,27,0,11.1,122.6,4.0,1,1,0,0,2,1,3.7,249,10.8
1,Eli Holstein,172381,QB,PITTSBURGH,1,77.3,22,23,11.6,2.48,1,2,8.3,65.2,15,0,7,11.8,27,2,12,268,70.1,85.4,82.9,68.8,0,1,28,0,14.3,116.8,3.7,1,2,0,0,4,1,3.6,215,9.3
1,Aidan Armenta,175731,QB,LA MONROE,1,68.2,22,23,12.5,2.5,0,1,3.8,52.2,12,0,4,20.0,26,3,7,209,28.0,82.0,78.4,69.3,1,1,29,0,50.0,59.1,7.7,2,1,0,0,1,1,3.4,95,4.1
1,Luke Altmyer,146802,QB,ILLINOIS,1,85.0,20,22,9.6,3.0,0,2,7.4,77.3,17,0,7,0.0,26,0,12,187,68.3,64.1,65.8,59.8,0,0,31,1,28.6,147.2,7.7,2,2,0,2,3,0,0.0,217,9.9
1,Colton Joseph,172283,QB,DOMINION,1,50.0,22,22,10.4,3.13,0,0,0.0,50.0,11,0,9,0.0,24,0,7,263,71.8,74.9,57.2,86.4,0,3,25,0,11.1,22.3,4.2,1,1,0,0,0,1,4.0,96,4.4
1,Alonza Barnett III,156710,QB,JAMES MAD,1,66.7,21,22,8.3,2.63,0,0,0.0,63.6,14,0,5,0.0,23,0,5,197,70.0,55.0,45.9,72.8,0,0,25,0,20.0,94.9,4.3,1,0,0,1,1,1,4.0,130,5.9
1,Hunter Watson,183993,QB,SM HOUSTON,1,63.2,19,22,8.8,2.52,0,0,0.0,50.0,11,0,10,8.3,29,1,7,281,69.9,51.2,45.7,64.5,1,0,32,0,20.0,62.9,6.9,2,5,0,2,0,1,3.1,101,4.6
1,Nico Iamaleava,174728,QB,UCLA,1,61.9,21,22,8.5,2.96,1,0,0.0,50.0,11,0,20,15.4,32,2,10,324,69.9,63.2,54.3,71.2,0,1,33,0,20.0,65.7,12.5,4,6,0,0,1,0,0.0,136,6.2
1,Behren Morton,144747,QB,TEXAS TECH,1,85.0,20,20,8.4,2.21,0,1,5.0,80.0,16,0,3,5.9,20,1,12,315,67.2,89.1,88.3,,0,0,21,0,0.0,148.1,0.0,0,0,0,0,4,0,0.0,201,10.1
1,Nicco Marchiol,157363,QB,W VIRGINIA,1,94.7,19,20,7.2,2.43,0,1,4.8,85.0,17,0,7,5.6,22,1,7,343,73.3,85.1,79.6,71.0,0,0,23,0,14.3,127.3,4.5,1,1,0,1,1,0,0.0,211,10.6
1,Rocco Becht,157567,QB,IOWA STATE,1,95.0,20,20,8.5,2.4,0,1,4.8,95.0,19,0,3,0.0,22,0,13,193,69.3,91.5,92.9,59.5,0,0,23,0,0.0,158.3,0.0,0,2,0,0,3,0,0.0,278,13.9
1,Trey Kukuk,198675,QB,LA TECH,1,87.5,16,20,4.4,2.3,2,0,0.0,65.0,13,0,9,7.1,24,1,6,208,73.9,76.2,71.5,68.9,0,0,24,1,33.3,100.2,12.5,3,1,1,1,1,0,0.0,131,6.6
1,Haynes King,124329,QB,GA TECH,1,76.5,17,20,5.6,2.38,1,0,0.0,60.0,12,0,6,7.7,21,1,7,176,44.2,64.0,61.7,62.1,0,1,24,0,0.0,59.0,0.0,0,1,1,1,0,0,0.0,133,6.7
1,Zane Flores,174288,QB,OKLA STATE,1,75.0,20,20,7.9,2.43,0,1,5.0,65.0,13,0,4,13.3,23,2,8,262,67.6,69.7,64.4,69.9,0,0,24,0,50.0,84.6,8.7,2,1,0,0,0,1,4.2,136,6.8
1,Ta'Quan Roberson,101625,QB,BUFFALO,1,68.4,19,20,11.5,2.58,1,1,5.0,60.0,12,0,8,7.7,25,1,5,126,70.0,58.0,57.0,59.5,0,0,25,0,25.0,91.0,8.0,2,3,0,0,1,0,0.0,107,5.4
1,Julian Sayin,183708,QB,OHIO STATE,1,88.9,18,20,6.2,2.67,0,0,0.0,65.0,13,0,5,18.8,20,3,5,260,70.4,70.6,72.3,56.7,0,0,23,0,0.0,99.2,0.0,0,0,0,2,1,0,0.0,126,6.3
1,Danny O'Neil,184200,QB,WISCONSIN,1,63.2,19,19,7.9,3.0,0,1,5.0,63.2,12,0,11,0.0,25,0,7,349,70.5,49.8,38.7,71.7,0,1,26,1,27.3,76.6,12.0,3,3,0,0,1,2,7.7,120,6.3
1,LaNorris Sellers,174326,QB,S CAROLINA,1,73.7,19,19,8.1,3.25,0,1,5.3,63.2,12,0,8,14.3,26,2,10,289,34.2,75.7,61.5,78.6,0,0,26,2,50.0,118.1,15.4,4,3,0,0,1,2,7.7,209,11.0
1,Dequan Finn,97804,QB,MIAMI OH,1,58.8,17,18,9.2,3.24,0,1,4.8,50.0,9,0,12,10.0,25,1,4,221,70.6,38.8,37.5,54.5,0,2,29,0,25.0,23.4,12.0,3,4,0,1,0,2,6.9,83,4.6
1,Drew Pyne,122910,QB,BOWL GREEN,1,66.7,18,18,3.2,2.82,0,0,0.0,66.7,12,0,9,0.0,22,0,4,122,67.5,44.1,44.4,52.5,0,0,23,1,22.2,82.9,9.1,2,2,0,0,0,0,0.0,109,6.1
1,Jayden Maiava,158135,QB,USC,1,94.1,17,18,7.1,2.53,1,0,0.0,83.3,15,0,4,6.3,18,1,11,326,68.3,90.8,89.7,68.6,0,0,18,0,0.0,155.8,0.0,0,0,0,0,2,0,0.0,295,16.4
1,DJ Lagway,184426,QB,FLORIDA,1,88.2,17,18,6.6,2.69,0,1,5.3,83.3,15,0,5,0.0,21,0,8,163,67.4,83.3,80.5,64.3,1,0,22,0,40.0,135.9,9.5,2,1,0,0,3,0,0.0,128,7.1
1,Tramell Jones Jr.,200122,QB,FLORIDA,1,77.8,18,18,9.7,2.71,0,0,0.0,66.7,12,0,7,14.3,22,2,9,163,68.1,74.4,81.4,52.2,0,0,23,0,0.0,125.0,0.0,0,4,0,0,2,0,0.0,131,7.3
1,Josh Holst,171312,QB,N ILLINOIS,1,75.0,16,18,3.4,3.55,0,0,0.0,66.7,12,0,9,0.0,24,0,7,254,70.0,42.6,47.4,48.1,0,1,25,0,0.0,57.9,0.0,0,6,0,2,0,1,4.0,101,5.6
1,Jackson Arnold,173684,QB,AUBURN,1,73.3,15,17,7.9,3.29,1,1,5.9,64.7,11,0,8,0.0,26,0,7,115,28.6,77.0,59.0,77.5,0,0,27,0,12.5,82.5,3.8,1,8,0,1,0,1,3.7,108,6.4
1,Luke Weaver,198494,QB,HAWAII,1,60.0,15,16,10.5,3.14,0,1,5.6,50.0,8,0,8,11.1,19,1,4,180,25.9,28.6,29.3,48.9,1,2,21,0,12.5,21.4,5.3,1,2,0,0,0,3,14.3,66,4.1
1,Kiael Kelly,145634,QB,BALL ST,1,73.3,15,16,1.3,3.34,0,0,0.0,62.5,10,0,13,9.1,27,1,6,117,73.0,53.1,41.8,63.5,1,0,28,0,30.8,76.8,14.8,4,7,0,0,0,1,3.6,87,5.4
1,Cole Gonzales,159939,QB,PITTSBURGH,1,66.7,15,15,7.7,2.18,0,1,6.7,53.3,8,0,2,20.0,16,2,2,268,66.5,67.2,69.9,56.7,0,0,16,0,0.0,92.9,0.0,0,1,0,0,1,0,0.0,87,5.8
1,Chubba Purdy,122412,QB,NEVADA,1,53.8,13,15,6.6,3.24,0,1,6.7,46.7,7,0,11,0.0,21,0,6,239,71.7,44.3,32.6,62.9,1,1,21,0,27.3,40.1,14.3,3,3,0,1,0,2,9.5,97,6.5
1,Mark Gronowski,138303,QB,IOWA,1,64.3,14,15,4.8,3.39,0,0,0.0,53.3,8,0,6,11.1,18,1,4,192,71.7,63.5,54.8,67.4,0,0,19,0,16.7,81.3,5.6,1,2,0,1,1,0,0.0,44,2.9
1,Tommy Castellanos,158433,QB,FLORIDA ST,1,83.3,12,14,8.3,3.07,0,1,6.7,64.3,9,0,8,10.0,20,1,5,167,73.3,76.5,82.6,61.9,0,0,21,0,12.5,100.9,5.0,1,5,0,2,0,0,0.0,152,10.9
1,Cameran Brown,184894,QB,GA STATE,1,64.3,14,14,2.4,2.59,0,0,0.0,57.1,8,0,8,11.1,17,1,0,175,69.6,50.2,50.4,63.3,0,0,18,2,12.5,62.2,5.9,1,2,0,0,0,0,0.0,17,1.2
1,Bishop Davenport,163426,QB,S ALABAMA,1,92.3,13,14,3.5,2.09,1,0,0.0,85.7,12,0,2,0.0,16,0,8,288,22.8,61.4,59.9,59.8,0,0,16,0,100.0,155.7,12.5,2,0,0,0,2,1,6.3,166,11.9
1,Zach Gibson,100201,QB,FAU,1,46.2,13,13,12.5,1.97,0,1,7.7,46.2,6,0,3,0.0,13,0,2,165,66.0,44.6,44.1,,0,2,13,0,0.0,16.7,0.0,0,0,0,0,0,3,23.1,49,3.8
1,Mabrey Mettauer,183668,QB,SM HOUSTON,1,69.2,13,13,6.0,2.41,0,0,0.0,61.5,8,1,4,11.1,17,1,1,281,26.2,47.2,53.3,46.8,0,1,22,1,50.0,74.5,11.8,2,1,0,0,1,2,9.1,86,6.6
1,Billy Edwards Jr.,144185,QB,WISCONSIN,1,54.5,11,13,16.6,2.35,1,0,0.0,46.2,6,0,5,0.0,13,0,5,349,66.2,54.7,53.9,,0,0,14,0,0.0,62.3,0.0,0,0,0,1,0,0,0.0,68,5.2
1,Dewayne Coleman,163179,QB,ARMY,1,58.3,12,12,12.3,2.44,0,1,6.7,58.3,7,0,4,0.0,12,0,6,114,46.1,77.1,69.4,70.9,0,2,15,0,0.0,55.9,0.0,0,0,0,0,0,1,6.7,129,10.8
1,Bear Bachmeier,203434,QB,BYU,1,63.6,11,11,12.5,2.36,0,0,0.0,63.6,7,0,2,0.0,13,0,8,128,68.6,64.5,56.7,68.4,0,0,13,0,0.0,131.4,0.0,0,2,0,0,3,1,7.7,97,8.8
1,Max Johnson,124099,QB,N CAROLINA,1,90.9,11,11,9.2,2.33,0,1,9.1,81.8,9,0,4,10.0,11,1,5,245,65.6,80.0,85.3,60.0,0,0,11,1,0.0,136.0,0.0,0,0,0,0,1,0,0.0,103,9.4
1,Christian Veilleux,145086,QB,GA STATE,1,50.0,10,11,4.4,2.21,1,0,0.0,36.4,4,0,5,20.0,13,1,2,175,68.6,45.3,35.7,64.2,0,1,13,0,0.0,44.5,0.0,0,2,0,0,1,1,7.7,52,4.7
1,Nick Evers,158082,QB,UCONN,1,81.8,11,11,6.8,2.26,0,0,0.0,72.7,8,0,0,11.1,11,1,4,146,66.7,69.4,69.8,59.7,0,0,11,0,,124.4,0.0,0,0,0,0,1,0,0.0,83,7.5
1,JacQai Long,184703,QB,MARSHALL,1,50.0,8,11,9.8,3.38,0,0,0.0,27.3,3,0,6,25.0,12,1,1,214,67.7,42.3,40.2,59.2,0,0,12,0,16.7,39.6,8.3,1,0,0,3,0,1,8.3,19,1.7
1,Hauss Hejny,183824,QB,OKLA STATE,1,60.0,10,10,17.2,2.53,0,1,8.3,50.0,5,0,3,16.7,11,1,5,262,68.6,74.8,73.1,64.5,0,0,13,0,0.0,117.1,0.0,0,1,0,0,1,0,0.0,96,9.6
1,Joe Labas,144847,QB,C MICHIGAN,1,62.5,8,10,6.1,2.88,1,0,0.0,50.0,5,0,4,0.0,10,0,4,134,67.6,63.1,59.0,63.1,0,0,11,0,0.0,67.1,0.0,0,0,0,1,0,0,0.0,56,5.6
1,Gio Lopez,172309,QB,N CAROLINA,1,50.0,10,10,19.7,3.12,0,3,30.0,40.0,4,0,7,20.0,14,1,3,245,23.6,57.4,56.3,59.5,0,1,14,0,28.6,24.6,14.3,2,2,0,0,0,2,14.3,69,6.9
1,Broc Lowry,173383,QB,W MICHIGAN,1,100.0,6,10,12.3,3.16,0,1,10.0,50.0,5,0,5,16.7,12,1,4,347,68.5,71.0,66.1,66.8,0,0,12,0,20.0,81.7,8.3,1,1,0,4,0,0,0.0,91,9.1
1,Dru DeShields,176094,QB,KENT STATE,1,77.8,9,10,7.6,2.88,1,1,10.0,60.0,6,0,5,14.3,12,1,4,201,21.6,61.4,62.9,58.1,0,0,12,0,20.0,134.6,8.3,1,1,0,0,1,1,8.3,118,11.8
1,Ethan Grunkemeyer,183606,QB,PENN STATE,1,88.9,9,9,2.7,2.44,0,0,0.0,77.8,7,0,3,12.5,11,1,5,266,66.7,64.5,65.0,59.6,0,0,11,0,0.0,106.5,0.0,0,2,0,0,0,0,0.0,86,9.6
1,Brady Allen,156493,QB,LOUISVILLE,1,88.9,9,9,11.1,2.32,0,3,33.3,66.7,6,0,1,25.0,9,2,2,210,65.1,84.0,83.7,,0,1,9,0,0.0,87.0,0.0,0,0,0,0,1,1,11.1,69,7.7
1,Husan Longstreet,199411,QB,USC,1,100.0,9,9,2.3,2.97,0,0,0.0,100.0,9,0,2,0.0,14,0,7,326,24.5,71.5,51.7,76.9,0,0,15,0,50.0,135.6,7.1,1,4,0,0,1,1,6.7,69,7.7
1,Cam Fancher,145266,QB,UCF,1,62.5,8,9,10.6,3.03,1,0,0.0,55.6,5,0,3,0.0,12,0,5,323,66.8,66.4,60.6,66.7,0,0,13,0,0.0,63.2,0.0,0,2,0,0,0,0,0.0,32,3.6
1,Chase Jenkins,173242,QB,RICE,1,77.8,9,9,3.2,2.09,0,0,0.0,77.8,7,0,3,0.0,12,0,3,275,72.5,41.1,48.9,45.7,0,0,12,0,33.3,87.5,8.3,1,2,0,0,0,1,8.3,45,5.0
1,Will Hammond,184898,QB,TEXAS TECH,1,77.8,9,9,9.4,2.36,0,0,0.0,77.8,7,0,0,0.0,10,0,6,315,65.4,84.3,75.4,69.1,0,0,10,0,,146.3,0.0,0,1,0,0,1,0,0.0,92,10.2
1,CJ Montes,146114,QB,KENT STATE,1,75.0,8,9,8.9,3.29,1,0,0.0,66.7,6,0,4,0.0,13,0,4,201,67.8,63.2,59.7,63.1,0,0,13,0,75.0,136.8,23.1,3,1,0,0,1,0,0.0,91,10.1
1,Daniel Kaelin,183565,QB,VIRGINIA,1,50.0,8,9,8.0,2.64,0,0,0.0,33.3,3,0,2,25.0,9,1,1,335,66.3,57.3,57.0,59.7,0,0,9,0,0.0,42.4,0.0,0,0,0,1,0,0,0.0,26,2.9
1,Zach Marker,173615,QB,DELAWARE,1,62.5,8,8,5.6,2.18,0,0,0.0,37.5,3,0,1,40.0,9,2,2,151,66.3,69.5,61.6,68.9,0,0,9,0,0.0,45.8,0.0,0,1,0,0,0,0,0.0,21,2.6
1,Rodney Tisdale Jr.,188754,QB,W KENTUCKY,1,75.0,8,8,9.8,2.59,0,0,0.0,75.0,6,0,3,0.0,9,0,5,346,66.8,57.5,55.0,61.2,0,0,12,0,0.0,153.1,0.0,0,1,0,0,1,0,0.0,94,11.8
1,Ryan Puglisi,184571,QB,GEORGIA,1,85.7,7,8,3.7,2.51,1,0,0.0,62.5,5,0,2,16.7,9,1,3,173,66.3,82.9,83.5,62.4,0,0,9,0,0.0,124.5,0.0,0,1,0,0,1,0,0.0,59,7.4
1,Zion Turner,158636,QB,MARSHALL,1,85.7,7,7,12.4,2.24,0,1,12.5,85.7,6,0,2,0.0,7,0,3,214,67.2,69.3,66.4,62.6,0,0,8,0,0.0,118.8,0.0,0,0,0,0,0,1,12.5,100,14.3
1,Braxton Woodson,175276,QB,NAVY,1,42.9,7,7,12.0,2.45,0,1,14.3,42.9,3,0,4,0.0,8,0,3,237,70.4,95.2,76.4,95.4,0,0,8,0,0.0,53.3,0.0,0,1,0,0,0,0,0.0,26,3.7
1,Josh Johnson,186429,QB,AIR FORCE,1,71.4,7,7,21.4,3.0,0,2,28.6,57.1,4,0,3,20.0,9,1,2,101,67.4,89.0,90.3,63.7,0,0,9,0,33.3,141.4,11.1,1,1,0,0,2,0,0.0,112,16.0
1,Blake Horvath,162555,QB,NAVY,1,85.7,7,7,9.6,1.84,0,1,14.3,85.7,6,0,0,0.0,7,0,3,237,67.1,85.9,80.8,69.9,0,0,7,0,,145.5,0.0,0,0,0,0,1,0,0.0,66,9.4
1,Joe Pesansky,149434,QB,FIU,1,66.7,6,6,8.7,3.0,0,1,16.7,66.7,4,0,3,0.0,7,0,1,166,64.6,59.6,61.8,57.8,0,0,7,0,0.0,89.6,0.0,0,1,0,0,0,1,14.3,46,7.7
1,Daniel Beale,197861,QB,LA LAFAYET,1,25.0,4,6,12.5,2.92,1,1,14.3,0.0,0,0,2,100.0,6,1,0,207,64.9,73.0,68.0,64.1,0,0,8,0,0.0,39.6,0.0,0,0,0,1,0,0,0.0,0,0.0
1,AJ Bianco,158232,QB,NEVADA,1,66.7,6,6,11.3,2.47,0,0,0.0,66.7,4,0,4,0.0,7,0,3,239,65.1,76.8,72.7,64.1,0,0,9,0,0.0,116.7,0.0,0,1,0,0,1,0,0.0,28,4.7
1,Cole Ballard,173062,QB,KANSAS,1,60.0,5,6,11.2,2.79,0,0,0.0,33.3,2,0,2,33.3,7,1,2,198,69.0,65.9,55.8,67.9,1,0,7,0,0.0,56.3,0.0,0,1,0,0,0,0,0.0,38,6.3
1,Trinidad Chambliss,178723,QB,OLE MISS,1,80.0,5,6,10.0,2.13,1,1,16.7,66.7,4,0,0,0.0,6,0,2,226,69.7,73.7,75.3,62.5,0,0,6,0,,138.2,0.0,0,0,0,0,1,0,0.0,59,9.8
1,Jackson Proctor,148851,QB,N ILLINOIS,1,60.0,5,6,1.8,1.85,1,0,0.0,33.3,2,0,1,33.3,6,1,0,254,67.0,51.9,47.8,60.5,0,0,6,0,0.0,42.4,0.0,0,0,0,0,0,0,0.0,8,1.3
1,Grayson James,145214,QB,BOSTON COL,1,100.0,5,5,26.4,2.72,0,1,20.0,100.0,5,0,0,0.0,5,0,5,121,66.8,95.5,95.2,65.7,0,0,5,0,,158.3,0.0,0,0,0,0,1,0,0.0,190,38.0
1,McCae Hillstead,174761,QB,BYU,1,80.0,5,5,-2.0,1.7,0,0,0.0,80.0,4,0,0,0.0,5,0,1,128,66.8,68.9,58.8,68.0,0,0,5,0,,94.2,0.0,0,0,0,0,0,0,0.0,33,6.6
1,Alex Manske,198567,QB,IOWA STATE,1,80.0,5,5,3.4,2.5,0,0,0.0,80.0,4,0,0,0.0,7,0,3,193,67.2,67.0,58.3,67.1,0,0,8,0,,90.0,0.0,0,2,0,0,0,0,0.0,28,5.6
1,JJ Kohl,174674,QB,APP STATE,1,75.0,4,4,10.0,2.65,0,0,0.0,50.0,2,0,1,33.3,4,1,2,108,63.3,71.6,71.2,,0,0,4,0,0.0,81.3,0.0,0,0,0,0,0,0,0.0,36,9.0
1,Gevani McCoy,147609,QB,TEMPLE,1,75.0,4,4,-1.0,2.2,0,0,0.0,75.0,3,0,1,0.0,5,0,1,306,68.0,66.8,65.3,64.3,0,0,6,0,0.0,93.8,0.0,0,1,0,0,0,0,0.0,28,7.0
1,Matthew Sluka,143059,QB,JAMES MAD,1,75.0,4,4,10.3,1.83,0,1,25.0,75.0,3,0,0,0.0,4,0,1,197,70.4,72.4,63.6,68.2,0,1,4,0,,80.2,0.0,0,0,0,0,1,1,25.0,15,3.8
1,Khristian Martin,188254,QB,MARYLAND,1,75.0,4,4,17.8,2.03,0,1,20.0,25.0,1,0,2,66.7,4,2,0,215,65.5,78.8,75.6,63.1,0,0,5,0,0.0,39.6,0.0,0,0,0,0,0,0,0.0,10,2.5
1,Cole Feuerbacher,171447,QB,MO STATE,1,100.0,4,4,-3.0,2.23,0,0,0.0,100.0,4,0,2,0.0,4,0,1,230,66.8,68.5,73.4,57.3,0,0,5,0,0.0,79.2,0.0,0,0,0,0,0,0,0.0,12,3.0
1,KJ Jackson,184386,QB,ARKANSAS,1,75.0,4,4,4.5,3.33,0,0,0.0,50.0,2,0,2,33.3,6,1,1,111,64.2,62.1,71.0,53.8,0,0,6,0,0.0,120.8,0.0,0,2,0,0,1,0,0.0,36,9.0
1,Bert Emanuel Jr.,158581,QB,S DIEGO ST,1,100.0,3,4,-2.3,2.95,0,0,0.0,75.0,3,0,1,0.0,4,0,1,284,68.9,65.7,53.5,67.9,0,0,5,0,0.0,94.8,0.0,0,0,0,1,0,0,0.0,29,7.3
1,Cale Hellums,170981,QB,ARMY,1,25.0,4,4,4.0,2.43,0,0,0.0,25.0,1,0,1,0.0,6,0,2,114,70.4,55.3,25.2,78.4,0,0,7,0,0.0,39.6,0.0,0,2,0,0,0,1,14.3,2,0.5
1,Isaiah Marshall,183809,QB,KANSAS,1,100.0,3,3,7.3,3.35,0,0,0.0,100.0,3,0,1,0.0,4,0,2,198,15.0,55.1,70.0,48.8,0,0,4,0,0.0,105.6,0.0,0,1,0,0,0,0,0.0,28,9.3
1,Malachi Singleton,172426,QB,PURDUE,1,100.0,3,3,13.0,3.43,0,0,0.0,66.7,2,0,2,33.3,3,1,2,273,68.8,81.1,78.9,66.1,0,0,3,0,0.0,97.9,0.0,0,0,0,0,0,0,0.0,29,9.7
1,Blaze Berlowitz,171066,QB,VANDERBILT,1,33.3,3,3,13.7,1.83,0,0,0.0,33.3,1,0,1,0.0,3,0,0,333,66.6,61.3,48.9,69.2,0,0,4,0,0.0,42.4,0.0,0,0,0,0,0,0,0.0,5,1.7
1,Angel Flores,164493,QB,C MICHIGAN,1,100.0,3,3,11.7,1.97,0,1,33.3,100.0,3,0,1,0.0,3,0,2,134,74.1,69.4,86.9,59.2,0,0,3,0,0.0,118.8,0.0,0,0,0,0,0,0,0.0,59,19.7
1,Landon Graves,181155,QB,LA MONROE,1,100.0,3,3,21.3,2.27,0,1,33.3,66.7,2,0,0,33.3,3,1,1,209,64.8,85.3,82.0,63.3,0,0,3,0,,136.1,0.0,0,0,0,0,1,0,0.0,28,9.3
1,Luke Kromenhoek,183305,QB,MISS STATE,1,100.0,2,3,6.0,2.6,1,0,0.0,33.3,1,0,1,50.0,4,1,1,227,66.6,72.7,59.3,69.8,0,0,4,0,0.0,42.4,0.0,0,1,0,0,0,0,0.0,7,2.3
1,Zeon Chriss-Gremillion,156733,QB,HOUSTON,1,33.3,3,3,7.0,3.28,0,0,0.0,33.3,1,0,1,0.0,4,0,0,182,65.2,45.6,50.1,53.9,0,0,4,0,0.0,42.4,0.0,0,1,0,0,0,0,0.0,-7,-2.3
1,Carlos Del Rio-Wilson,146687,QB,MARSHALL,1,66.7,3,3,0.7,2.5,0,0,0.0,66.7,2,0,2,0.0,4,0,0,214,67.8,57.4,56.6,59.4,0,0,4,0,0.0,71.5,0.0,0,1,0,0,0,0,0.0,10,3.3
1,Mitch Griffis,123386,QB,TEXAS TECH,1,66.7,3,3,7.0,2.85,0,0,0.0,66.7,2,0,1,0.0,4,0,2,315,65.5,77.2,72.0,65.4,0,0,5,0,0.0,126.4,0.0,0,1,0,0,1,0,0.0,21,7.0
1,Deuce Adams,190581,QB,LOUISVILLE,1,100.0,3,3,7.7,2.13,0,0,0.0,66.7,2,0,1,33.3,3,1,1,210,64.8,84.1,81.6,63.2,0,0,3,0,0.0,86.8,0.0,0,0,0,0,0,0,0.0,21,7.0
1,Matt Zollers,198887,QB,MISSOURI,1,100.0,3,3,-2.3,1.67,0,0,0.0,100.0,3,0,0,0.0,3,0,2,229,64.8,63.3,63.9,59.6,0,0,3,0,,158.3,0.0,0,0,0,0,1,0,0.0,58,19.3
1,Stephen Kittleman,126906,QB,TULSA,1,66.7,3,3,9.0,1.3,0,0,0.0,66.7,2,0,0,0.0,3,0,1,320,67.8,71.6,71.1,60.8,0,0,4,0,,82.6,0.0,0,0,0,0,0,0,0.0,18,6.0
1,Shay Smith,188323,QB,UTEP,1,50.0,2,2,-2.0,2.4,0,0,0.0,50.0,1,0,0,0.0,2,0,0,330,61.8,54.7,54.5,,0,0,2,0,,56.3,0.0,0,0,0,0,0,0,0.0,0,0.0
1,Austin Novosad,174133,QB,OREGON,1,50.0,2,2,18.5,2.75,0,0,0.0,50.0,1,0,0,0.0,2,0,1,264,61.8,69.7,69.1,,0,0,2,0,,95.8,0.0,0,0,0,0,0,0,0.0,40,20.0
1,Miles O'Neill,191260,QB,TEXAS A&M,1,100.0,2,2,0.5,3.03,0,0,0.0,50.0,1,0,1,50.0,3,1,0,312,64.8,56.8,62.6,56.7,0,0,3,0,0.0,56.3,0.0,0,1,0,0,0,0,0.0,2,1.0
1,Liam Szarka,197814,QB,AIR FORCE,1,100.0,2,2,12.0,3.75,0,0,0.0,100.0,2,0,1,0.0,2,0,2,101,66.2,80.9,77.7,61.7,0,0,2,0,0.0,118.8,0.0,0,0,0,0,0,0,0.0,47,23.5
1,Max Cutforth,176220,QB,BOISE ST,1,100.0,2,2,8.5,2.1,0,0,0.0,100.0,2,0,0,0.0,2,0,2,120,61.8,76.1,75.4,,0,0,2,0,,118.8,0.0,0,0,0,0,0,0,0.0,31,15.5
1,Brandon Tennison,174109,QB,UTSA,1,100.0,2,2,22.0,2.6,0,1,50.0,100.0,2,0,0,0.0,2,0,2,331,64.4,90.2,92.3,58.1,0,0,2,0,,158.3,0.0,0,0,0,0,1,0,0.0,49,24.5
1,Jaylen Henderson,146054,QB,W VIRGINIA,1,50.0,2,2,12.5,1.7,0,0,0.0,0.0,0,0,0,100.0,2,1,0,343,67.6,87.8,63.6,79.7,0,0,2,0,,39.6,0.0,0,0,0,0,0,0,0.0,0,0.0
1,Grant Jordan,151147,QB,UMASS,1,100.0,2,2,1.0,1.3,0,0,0.0,100.0,2,0,0,0.0,2,0,0,216,61.8,63.0,62.7,,0,0,2,0,,79.2,0.0,0,0,0,0,0,0,0.0,6,3.0
1,Treyson Bourguet,158154,QB,BYU,1,50.0,2,2,25.0,2.35,0,0,0.0,50.0,1,0,1,0.0,2,0,0,128,64.4,67.6,59.8,63.5,0,0,2,0,0.0,60.4,0.0,0,0,0,0,0,0,0.0,8,4.0
1,Reese Poffenbarger,145346,QB,N TEXAS,1,50.0,2,2,24.5,4.53,0,0,0.0,0.0,0,0,1,100.0,3,1,1,251,68.8,51.9,36.2,64.3,0,0,3,0,0.0,39.6,0.0,0,1,0,0,0,1,33.3,0,0.0
1,Tucker McDonald,171056,QB,UCONN,1,100.0,2,2,18.5,2.55,0,1,50.0,50.0,1,0,0,50.0,2,1,1,146,64.4,88.3,88.2,60.0,0,0,2,0,,95.8,0.0,0,0,0,0,0,0,0.0,45,22.5
1,Joseph Williams,190753,WR,COLORADO,1,0.0,1,1,-5.0,5.7,0,0,0.0,0.0,0,0,1,,1,0,0,143,62.4,60.9,60.4,,0,0,1,0,0.0,39.6,0.0,0,0,0,0,0,0,0.0,0,0.0
1,Grayson Loftis,170054,QB,CHARLOTTE,1,100.0,1,1,-1.0,1.8,0,0,0.0,0.0,0,0,0,100.0,1,1,0,136,61.8,62.1,61.8,,0,0,2,0,,39.6,0.0,0,0,0,0,0,0,0.0,0,0.0
1,Tad Hudson,170107,QB,COAST CAR,1,0.0,1,1,5.0,2.1,0,0,0.0,0.0,0,0,0,,1,0,0,141,60.3,53.8,54.0,,0,0,1,0,,39.6,0.0,0,0,0,0,0,0,0.0,0,0.0
1,Caden Creel,170414,QB,JVILLE ST,1,100.0,1,1,2.0,2.8,0,0,0.0,100.0,1,0,0,0.0,1,0,1,196,63.7,64.5,60.4,63.3,0,0,1,0,,118.8,0.0,0,0,0,0,0,0,0.0,18,18.0
1,Tahj Bullock,144070,QB,COLO STATE,1,0.0,1,1,19.0,3.7,0,0,0.0,0.0,0,0,2,,2,0,0,144,68.0,62.3,36.4,70.9,0,0,2,0,50.0,39.6,50.0,1,0,0,0,0,0,0.0,0,0.0
1,Ryan Leavy,139035,P,E CAROLINA,1,100.0,1,1,4.0,2.0,0,0,0.0,100.0,1,0,0,0.0,1,0,1,156,60.3,60.6,60.6,,0,0,1,0,,118.8,0.0,0,0,0,0,0,0,0.0,17,17.0
1,Ken Seals,124359,QB,TCU,1,0.0,1,1,19.0,2.1,0,0,0.0,0.0,0,0,1,,1,0,0,305,63.7,57.6,48.5,60.0,0,0,1,0,0.0,39.6,0.0,0,0,0,0,0,0,0.0,0,0.0
1,Tama Amisone,199154,QB,S JOSE ST,1,100.0,1,1,5.0,1.6,0,0,0.0,100.0,1,0,0,0.0,1,0,0,285,69.7,52.2,60.6,54.3,0,0,1,0,,87.5,0.0,0,0,0,0,0,0,0.0,5,5.0
1,Roman Gagliano,183961,QB,MIDDLE TN,1,100.0,1,1,5.0,2.2,0,0,0.0,100.0,1,0,2,0.0,3,0,0,224,62.7,56.4,56.4,,0,0,3,0,100.0,87.5,66.7,2,0,0,0,0,0,0.0,5,5.0
1,Locklan Hewlett,199429,QB,USF,1,100.0,1,1,27.0,2.3,0,0,0.0,100.0,1,0,0,0.0,1,0,1,327,60.3,71.9,78.3,,0,0,1,0,,158.3,0.0,0,0,0,0,1,0,0.0,45,45.0
1,Jared Hollins,184343,QB,S ALABAMA,1,100.0,1,1,8.0,2.6,0,0,0.0,100.0,1,0,1,0.0,1,0,0,288,60.3,69.3,77.2,,0,0,1,1,0.0,100.0,0.0,0,0,0,0,0,0,0.0,8,8.0
1,JC Evans,184302,QB,JAMES MAD,1,0.0,1,1,31.0,2.8,0,0,0.0,0.0,0,0,0,,1,0,0,197,63.7,58.9,49.9,63.5,0,0,1,0,,39.6,0.0,0,0,0,0,0,0,0.0,0,0.0
1,Alessio Milivojevic,183542,QB,MICH STATE,1,0.0,1,1,4.0,2.3,0,0,0.0,0.0,0,0,0,,1,0,0,223,67.5,24.4,23.6,60.8,0,1,1,0,,0.0,0.0,0,0,0,0,0,1,100.0,0,0.0
1,Trever Jackson,183303,QB,ARKANSAS,1,100.0,1,1,4.0,2.7,0,0,0.0,0.0,0,0,0,100.0,1,1,0,111,60.3,59.5,61.0,60.0,0,0,1,0,,39.6,0.0,0,0,0,0,0,0,0.0,0,0.0
1,Julian Dugger,183269,QB,WASH STATE,1,0.0,1,1,7.0,5.1,0,0,0.0,0.0,0,0,2,,3,0,0,341,64.8,48.0,51.1,56.5,0,0,3,0,50.0,39.6,33.3,1,1,0,0,0,0,0.0,0,0.0
1,Scotty Fox Jr.,199546,QB,W VIRGINIA,1,100.0,1,1,4.0,1.4,0,0,0.0,100.0,1,0,0,0.0,1,0,1,343,65.9,80.2,60.6,71.0,0,0,1,0,,100.0,0.0,0,0,0,0,0,0,0.0,8,8.0
1,Ethan Hampton,145858,QB,ILLINOIS,1,100.0,1,1,14.0,2.6,0,0,0.0,100.0,1,0,0,0.0,1,0,1,187,63.7,76.9,75.4,60.0,0,0,1,0,,118.8,0.0,0,0,0,0,0,0,0.0,14,14.0
1,Gabarri Johnson,175905,QB,OREGON ST,1,100.0,1,1,-5.0,1.3,0,0,0.0,100.0,1,0,0,0.0,1,0,0,265,66.2,49.8,59.1,54.1,0,0,2,0,,83.3,0.0,0,0,0,0,0,0,0.0,4,4.0
1,Zavion Thomas,163697,WR,LSU,1,100.0,1,1,9.0,4.2,0,0,0.0,100.0,1,0,0,0.0,1,0,1,211,72.1,64.0,71.7,68.8,0,0,1,0,,118.8,0.0,0,0,0,0,0,0,0.0,16,16.0
1,D.J. McKinney,175620,HB,NEW MEXICO,1,100.0,1,1,16.0,1.5,0,0,0.0,100.0,1,0,0,0.0,1,0,1,241,66.6,63.3,75.4,58.9,0,0,1,0,,143.8,0.0,0,0,0,0,1,0,0.0,9,9.0
1,Hank Brown,172439,QB,IOWA,1,100.0,1,1,4.0,2.2,0,0,0.0,100.0,1,0,0,0.0,1,0,0,192,13.8,36.8,60.4,42.7,0,0,1,0,,83.3,0.0,0,0,0,0,0,0,0.0,4,4.0
1,Keldric Luster,175287,QB,TEXAS ST,1,100.0,1,1,13.0,2.4,0,0,0.0,0.0,0,0,1,100.0,1,1,0,314,65.9,77.4,72.6,64.2,0,0,1,0,0.0,39.6,0.0,0,0,0,0,0,0,0.0,0,0.0
1,AJ Duffy,156292,QB,NEWHVN,1,68.6,51,55,13.4,2.8,0,2,3.5,56.4,31,0,19,11.4,58,4,20,1013,70.9,69.7,68.9,61.8,0,1,60,1,10.5,82.2,3.4,2,1,0,4,2,1,1.7,377,6.9
1,Adam Urena,186682,QB,MERCYHURST,1,68.8,48,49,9.6,2.51,0,1,2.0,65.3,32,0,24,3.0,53,1,17,977,69.8,79.0,78.5,60.6,0,2,54,0,8.3,79.5,3.8,2,2,0,1,2,1,1.9,311,6.3
1,Jordan Cooke,175116,QB,IDAHO ST,1,61.9,42,45,12.9,2.46,0,5,10.4,51.1,23,1,8,11.5,45,3,15,186,69.5,81.4,82.6,,0,1,48,1,0.0,73.8,0.0,0,0,0,3,1,2,4.2,334,7.4
1,Derek Robertson,142298,QB,MONMOUTH,1,77.3,44,44,9.5,1.99,0,1,2.1,77.3,34,0,5,0.0,44,0,20,231,70.7,85.2,84.3,60.8,0,4,48,0,0.0,106.8,0.0,0,0,0,0,4,3,6.3,506,11.5
1,Jaylon Tolbert,154757,QB,ALCORN ST,1,51.2,43,44,14.6,2.53,1,1,1.9,43.2,19,0,12,13.6,46,3,7,107,70.2,50.7,50.0,59.6,0,2,54,0,16.7,36.4,4.3,2,0,0,0,0,3,5.6,182,4.1
1,Cameron Peters,123326,QB,PRVIEW A&M,1,75.7,37,40,10.4,2.47,1,5,10.9,60.0,24,0,11,14.3,40,4,13,270,73.8,82.9,84.2,67.0,2,1,46,1,0.0,89.6,0.0,0,0,0,0,2,2,4.3,300,7.5
1,Richard Torres,156456,QB,INCAR WORD,1,74.4,39,40,9.4,2.17,1,3,7.1,70.0,28,0,7,3.4,44,1,18,189,37.3,74.9,78.5,49.5,0,0,46,0,28.6,104.2,4.5,2,2,0,0,1,0,0.0,340,8.5
1,Bronson Barben,188632,QB,UTAHTC,1,72.2,36,39,6.6,2.3,2,1,2.6,61.5,24,0,11,7.7,42,2,11,1285,71.5,57.5,57.2,58.6,0,2,42,0,0.0,55.7,0.0,0,3,0,1,0,2,4.8,222,5.7
1,Jared Taylor,170695,QB,E WASHGTON,1,55.3,38,39,8.7,2.43,0,0,0.0,53.8,21,0,14,0.0,39,0,8,161,73.1,55.4,49.1,67.3,0,0,41,0,0.0,66.5,0.0,0,0,0,1,0,1,2.4,183,4.7
1,Jack O'Connell,165100,QB,STHLSK,1,82.1,39,39,4.8,2.45,0,0,0.0,76.9,30,0,7,6.3,44,2,12,1470,69.4,67.3,66.8,65.3,0,1,45,1,28.6,87.8,4.5,2,3,0,0,1,1,2.2,222,5.7
1,Gunnar Smith,162611,QB,FORDHAM,1,58.3,36,38,8.2,2.2,1,0,0.0,50.0,19,0,11,9.5,42,2,9,168,71.6,48.4,41.0,70.8,0,1,44,0,27.3,49.2,7.1,3,1,0,1,0,3,6.8,150,3.9
1,Jerry Kaminski,177155,QB,N DAKOTA,1,69.4,36,38,9.5,2.57,0,1,2.6,60.5,23,0,16,8.0,44,2,13,249,38.8,72.7,71.1,62.0,0,0,47,0,18.8,86.6,6.8,3,3,0,2,1,1,2.1,231,6.1
1,Collin Hurst,177732,QB,PRESBYTERN,1,72.2,36,37,10.3,2.9,1,2,4.9,64.9,24,0,15,7.7,42,2,14,271,69.8,79.0,79.2,64.6,0,1,46,1,13.3,85.6,4.8,2,3,0,0,1,0,0.0,282,7.6
1,Jax Leatherwood,171548,QB,SE MO ST,1,83.3,36,36,4.4,2.09,0,2,5.4,72.2,26,0,9,13.3,39,4,13,293,70.7,76.0,77.8,55.9,0,0,40,0,33.3,112.3,7.7,3,0,0,0,2,0,0.0,272,7.6
1,Davin Wydner,163672,QB,W GEORGIA,1,64.7,34,36,9.0,2.81,0,0,0.0,55.6,20,0,15,9.1,40,2,9,1177,71.9,52.5,57.9,50.8,0,2,44,1,13.3,50.3,5.0,2,2,0,2,0,1,2.3,217,6.0
1,Reagan Andrew,161309,QB,BUTLER,1,68.6,35,36,5.5,2.29,1,0,0.0,61.1,22,0,12,8.3,39,2,10,127,43.9,61.5,55.7,66.0,0,2,39,0,0.0,61.3,0.0,0,3,0,0,1,2,5.1,192,5.3
1,Kamden Sixkiller,133096,QB,CAMPBELL,1,65.6,32,35,5.5,2.5,1,1,2.9,48.6,17,0,13,19.0,40,4,8,131,70.4,57.4,57.9,56.8,1,0,42,0,15.4,69.2,5.0,2,3,0,1,1,1,2.4,144,4.1
1,Ty Pennington,185022,QB,N ARIZONA,1,87.1,31,35,6.7,2.92,2,1,2.7,62.9,22,0,16,18.5,38,5,10,252,69.5,75.3,76.2,62.6,2,0,40,1,12.5,88.3,5.3,2,1,0,0,1,0,0.0,204,5.8
1,Jim Ogle,192530,QB,MURRAY ST,1,72.7,33,35,8.9,2.51,0,0,0.0,62.9,22,0,10,8.3,39,2,12,236,45.0,64.3,65.2,55.0,1,2,42,0,30.0,67.1,7.7,3,1,0,1,1,0,0.0,226,6.5
1,DJ Smith,185876,QB,MERCER,1,65.6,32,34,7.9,3.12,0,1,2.9,58.8,20,0,12,4.8,39,1,8,219,69.9,51.9,53.5,53.1,0,1,40,0,8.3,65.4,2.6,1,3,0,2,1,1,2.5,137,4.0
1,Brennan Myer,192760,QB,BRYANT,1,82.8,29,33,9.7,2.9,2,3,8.3,60.6,20,0,18,16.7,39,4,13,124,32.5,80.0,77.6,67.0,2,1,42,0,16.7,63.6,7.7,3,3,0,0,0,1,2.4,187,5.7
1,Christian Peters,154331,QB,ARKAPB,1,69.0,29,33,8.1,2.58,0,1,2.9,51.5,17,0,19,15.0,38,3,7,112,69.9,49.5,52.7,53.0,1,1,40,1,15.8,58.0,7.9,3,2,0,3,1,2,5.0,123,3.7
1,William Atkins IV,148354,QB,SCAR STATE,1,77.8,27,33,6.4,2.93,1,2,5.6,57.6,19,0,15,9.5,39,2,10,290,70.8,76.8,72.7,69.9,1,0,42,0,20.0,72.8,7.7,3,3,0,4,0,1,2.4,180,5.5
1,RJ Johnson,171379,QB,FL A&M,1,66.7,30,33,7.2,2.69,1,2,6.1,51.5,17,0,11,15.0,40,3,12,164,69.1,69.0,72.0,61.8,1,0,41,2,27.3,68.1,7.5,3,4,0,1,0,0,0.0,183,5.5
1,Walker Harris,150449,QB,NC CENT,1,63.3,30,33,10.5,2.51,2,0,0.0,39.4,13,0,10,31.6,42,6,9,247,69.2,45.9,51.0,45.3,1,1,43,0,30.0,55.7,7.1,3,6,0,0,1,1,2.3,185,5.6
1,Tyler Hughes,159218,QB,WM & MARY,1,78.6,28,32,9.1,2.86,1,1,2.7,59.4,19,0,16,13.6,37,3,12,348,72.9,77.9,71.6,72.8,0,1,43,0,18.8,76.0,8.1,3,2,1,2,1,0,0.0,208,6.5
1,Ayden Pereira,159129,QB,MERRIMACK,1,59.3,27,31,11.9,3.51,1,1,3.1,48.4,15,0,18,6.3,39,1,11,385,73.1,69.9,59.6,73.6,3,0,40,0,11.1,76.8,5.1,2,6,0,0,1,2,5.0,176,5.7
1,Carter Peevy,129563,QB,MAINE,1,55.2,29,31,9.7,3.18,1,0,0.0,41.9,13,0,18,18.8,37,3,10,212,70.6,43.7,46.4,53.0,0,1,38,1,16.7,41.3,8.1,3,3,0,1,0,1,2.6,132,4.3
1,Justin Lamson,144052,QB,MONTANA ST,1,80.0,30,31,3.8,2.47,1,0,0.0,74.2,23,0,16,4.2,37,1,13,233,71.0,62.6,60.4,62.7,0,0,38,0,18.8,90.5,8.1,3,3,0,0,0,0,0.0,198,6.4
1,Bryce Schondelmyer,171537,QB,DAYTON,1,62.1,29,31,10.0,2.64,0,4,12.9,54.8,17,0,11,5.6,36,1,6,150,68.7,76.1,75.5,61.7,0,0,36,0,27.3,104.4,8.3,3,2,0,2,2,0,0.0,261,8.4
1,Eric Rodriguez,160057,QB,TXAMCO,1,69.2,26,31,8.9,2.81,2,1,3.2,48.4,15,0,17,16.7,38,3,11,1139,32.8,57.4,56.4,63.3,0,1,38,1,17.6,54.8,7.9,3,4,0,3,0,3,7.9,192,6.2
1,Nate Glantz,157587,QB,LNDNWD,1,66.7,30,31,13.9,2.66,0,3,9.4,64.5,20,0,10,0.0,35,0,15,949,69.2,68.7,73.4,48.0,0,0,36,0,10.0,109.9,2.9,1,3,0,1,1,1,2.8,322,10.4
1,Dom Nankil,182292,QB,SAN DIEGO,1,71.4,28,30,10.5,2.95,0,0,0.0,63.3,19,0,9,5.0,43,1,10,283,69.7,58.6,60.9,57.9,0,0,43,1,55.6,94.0,11.6,5,8,0,2,1,0,0.0,202,6.7
1,Aidan Bouman,122508,QB,S DAKOTA,1,58.6,29,30,6.6,2.8,0,1,3.2,50.0,15,0,8,11.8,30,2,7,291,68.3,51.7,51.1,60.0,0,2,31,0,0.0,44.6,0.0,0,0,0,1,1,1,3.2,126,4.2
1,JaCobian Morgan,123050,QB,JACKSON ST,1,68.0,25,30,7.9,2.47,2,0,0.0,50.0,15,0,7,11.8,32,2,9,194,70.9,63.8,55.0,73.5,0,0,34,0,0.0,63.5,0.0,0,2,0,3,0,1,2.9,142,4.7
1,Caden Pinnick,185116,QB,UC DAVIS,1,75.0,28,30,6.3,3.08,2,0,0.0,66.7,20,0,14,4.8,42,1,11,322,39.5,58.0,55.3,61.8,0,1,44,0,42.9,112.2,14.3,6,6,0,0,3,2,4.5,253,8.4
1,Victor Gabalis,131932,QB,TARLETON,1,65.4,26,30,8.8,2.32,1,0,0.0,53.3,16,0,9,5.9,33,1,9,401,21.7,48.0,48.9,52.2,0,0,33,0,22.2,78.8,6.1,2,1,0,3,1,2,6.1,152,5.1
1,Nate Hampton,147548,QB,GARD-WEBB,1,42.9,28,30,20.5,3.22,0,4,13.3,40.0,12,0,9,0.0,39,0,11,171,50.4,64.0,59.0,64.8,1,0,39,0,22.2,94.2,5.1,2,7,0,1,2,3,7.7,263,8.8
1,Cal Swanson,174033,QB,HOLY CROSS,1,60.7,28,29,7.2,3.08,1,1,3.3,58.6,17,0,11,0.0,37,0,8,181,71.0,59.4,55.8,63.4,0,1,38,0,18.2,70.3,5.4,2,6,0,0,1,0,0.0,155,5.3
1,Quincy Crittendon,149944,QB,SAMFORD,1,82.1,28,29,5.2,2.5,1,1,3.3,75.9,22,0,12,4.3,33,1,7,282,38.8,47.6,59.7,43.2,0,0,34,1,25.0,87.4,9.1,3,1,0,0,0,0,0.0,154,5.3
1,Trey Hedden,185848,QB,FURMAN,1,72.4,29,29,7.8,2.22,0,0,0.0,72.4,21,0,10,0.0,32,0,10,170,70.3,75.2,73.2,67.3,0,0,34,0,30.0,99.6,9.4,3,0,0,0,1,0,0.0,179,6.2
1,Tyriq Starks,156514,QB,HOWARD,1,72.0,25,29,8.0,3.29,0,1,3.4,58.6,17,0,11,5.6,35,1,12,184,71.7,64.2,65.7,58.2,0,1,35,1,18.2,68.9,5.7,2,4,1,3,1,2,5.7,145,5.0
1,Timmy McClain,144488,QB,BETH COOK,1,72.0,25,29,8.8,2.85,0,2,6.7,62.1,18,0,21,0.0,32,0,8,119,71.6,81.2,80.8,68.0,0,0,33,1,14.3,77.4,9.4,3,0,1,3,0,0,0.0,164,5.7
1,Jake Strong,173651,QB,MCNEESE,1,85.2,27,28,7.7,2.31,0,1,3.3,78.6,22,0,3,4.3,29,1,19,217,69.3,89.3,87.2,67.7,0,0,31,0,0.0,151.3,0.0,0,1,0,1,3,0,0.0,329,11.8
1,Devin Farrell,157658,QB,RHODE ISLD,1,73.1,26,28,14.0,2.67,0,4,12.1,53.6,15,0,11,21.1,31,4,9,274,36.5,84.4,90.4,49.1,0,0,36,0,9.1,111.5,3.2,1,2,0,2,2,0,0.0,275,9.8
1,Chris Irvin,146491,QB,W ILLINOIS,1,65.4,26,28,7.1,2.41,0,1,3.4,50.0,14,0,14,17.6,35,3,7,345,69.6,61.6,64.3,57.6,1,0,36,1,28.6,63.8,11.4,4,3,0,1,0,0,0.0,135,4.8
1,Dean DeNobile,159740,QB,LAFAYETTE,1,60.0,25,28,8.8,2.81,0,1,3.4,50.0,14,0,15,6.7,33,1,6,203,69.1,65.9,66.4,58.5,1,0,34,0,13.3,72.3,6.1,2,3,0,2,1,0,0.0,112,4.0
1,Bennett Judy,177955,QB,W CAROLINA,1,69.6,23,27,11.6,2.14,1,0,0.0,55.6,15,0,11,6.3,30,1,6,344,40.3,63.1,62.0,66.1,0,1,31,1,18.2,80.9,6.7,2,1,0,3,2,2,6.5,151,5.6
1,Jaden Rashada,171886,QB,SACRAMENTO,1,52.0,25,27,14.8,2.66,1,2,7.4,40.7,11,0,15,15.4,33,2,4,279,29.1,44.5,52.8,40.1,0,1,33,0,13.3,37.9,6.1,2,4,0,1,0,2,6.1,112,4.1
1,Deuce Hogan,129470,QB,NICHOLLS,1,84.0,25,27,5.1,2.69,0,0,0.0,77.8,21,0,13,0.0,31,0,7,243,69.1,61.8,58.5,63.3,0,1,34,0,30.8,92.7,12.9,4,0,0,2,1,1,2.9,189,7.0
1,Otto Kuhns,138014,QB,NORFOLK,1,74.1,27,27,9.8,3.06,0,1,3.3,70.4,19,0,15,5.0,31,1,13,244,70.1,78.9,77.7,65.7,0,0,35,0,13.3,95.9,6.5,2,2,0,0,0,0,0.0,228,8.4
1,Andrew Indorf,201895,QB,TOWSON,1,60.0,25,26,13.0,2.8,1,1,3.6,53.8,14,0,13,6.7,31,1,8,317,69.5,58.2,54.1,65.8,0,0,33,0,23.1,114.9,9.7,3,2,0,0,3,2,6.1,184,7.1
1,Kekoa Visperas,147588,QB,TENN TECH,1,84.0,25,26,9.6,2.76,0,2,6.9,65.4,17,0,6,19.0,30,4,14,309,29.1,88.5,85.3,69.7,1,0,33,0,16.7,135.1,3.3,1,2,0,0,3,1,3.0,250,9.6
1,Ty Dieffenbach,170114,QB,CAL POLY,1,76.9,26,26,10.7,2.58,0,1,3.6,73.1,19,0,5,5.0,33,1,16,129,70.9,77.9,80.6,60.2,0,0,35,0,40.0,131.1,6.1,2,5,0,0,2,0,0.0,265,10.2
1,Sam Vidlak,146333,QB,STF AUSTIN,1,60.9,23,26,5.0,2.01,2,0,0.0,50.0,13,0,8,7.1,28,1,4,301,28.3,28.2,28.4,60.0,0,1,30,1,25.0,40.2,7.1,2,0,0,1,0,4,13.3,52,2.0
1,Josh Brown,181411,QB,MS VLY ST,1,56.0,25,26,8.2,3.06,0,1,3.7,50.0,13,0,21,7.1,34,1,8,228,70.9,65.4,53.9,74.8,0,0,35,0,9.5,92.5,5.9,2,6,0,1,2,2,5.7,144,5.5
1,Jack Shields,156830,QB,ALBANY,1,53.8,26,26,10.5,2.65,0,2,7.1,50.0,13,0,14,7.1,30,1,6,106,72.0,54.8,56.0,56.1,0,0,32,0,14.3,78.0,6.7,2,2,0,0,1,0,0.0,134,5.2
1,C'zavian Teasett,178078,QB,GRAMBLING,1,84.0,25,25,5.9,2.08,0,0,0.0,80.0,20,0,1,4.8,25,1,13,177,68.3,87.3,85.6,63.3,0,0,25,0,0.0,141.1,0.0,0,0,0,0,3,0,0.0,209,8.4
1,Collin Shannon,160918,QB,VA MILT IN,1,70.8,24,25,9.5,2.32,1,1,3.8,64.0,16,0,10,5.9,30,1,8,336,68.3,67.9,69.4,,0,0,31,1,50.0,101.6,16.7,5,0,0,0,1,1,3.2,197,7.9
1,Robert Coleman,76149,QB,LAMAR,1,69.6,23,25,4.3,2.64,0,0,0.0,56.0,14,0,13,12.5,29,2,6,204,29.1,38.7,54.2,42.4,0,1,31,4,23.1,47.9,10.3,3,1,0,2,0,1,3.2,95,3.8
1,Kael Alexander,189294,QB,STETSON,1,72.0,25,25,8.0,2.11,0,0,0.0,64.0,16,0,1,11.1,27,2,8,302,27.6,41.8,47.5,41.5,0,1,28,0,100.0,79.4,3.7,1,1,0,0,1,1,3.6,164,6.6
1,Matthew Schecklman,159420,QB,N IOWA,1,66.7,24,25,14.7,2.74,0,2,7.7,60.0,15,0,8,6.3,27,1,13,255,68.0,90.5,88.5,70.3,0,0,28,0,0.0,127.3,0.0,0,2,0,1,4,0,0.0,214,8.6
1,Hayden Johnson,185698,QB,LEHIGH,1,66.7,24,25,9.3,2.53,1,2,6.9,56.0,14,0,3,12.5,26,2,7,205,71.9,73.3,68.0,70.4,0,2,30,0,33.3,64.9,3.8,1,0,0,0,2,1,3.3,137,5.5
1,Bronson Barron,141710,QB,SO UTAH,1,79.2,24,24,8.9,2.09,0,1,3.6,75.0,18,0,5,5.3,27,1,13,298,68.8,91.8,91.2,63.4,0,0,31,0,20.0,145.5,3.7,1,0,0,0,3,0,0.0,238,9.9
1,Andrew Body,155202,QB,ALABAMA ST,1,79.2,24,24,11.5,2.92,0,3,11.1,75.0,18,0,10,5.3,34,1,18,105,37.6,94.1,90.3,91.1,0,0,38,1,20.0,156.3,5.9,2,7,0,0,4,0,0.0,312,13.0
1,Jackson Gilkey,174092,QB,WEBER ST,1,54.5,22,24,11.3,2.55,1,1,3.8,41.7,10,0,8,16.7,24,2,5,342,71.8,52.5,47.6,63.7,0,3,26,0,0.0,25.7,0.0,0,0,0,1,1,2,7.7,84,3.5
1,DJ Williams,138061,QB,S ILLINOIS,1,78.3,23,24,8.3,2.6,0,0,0.0,75.0,18,0,4,0.0,26,0,14,295,27.9,62.6,59.0,66.0,1,0,27,0,25.0,145.8,3.8,1,1,0,0,3,2,7.4,240,10.0
1,Chase Mason,159444,QB,S DAK ST,1,73.9,23,24,8.9,2.83,0,1,3.8,70.8,17,0,15,0.0,35,0,11,292,72.1,75.0,72.1,67.3,0,0,37,0,46.7,108.0,20.0,7,4,0,1,1,0,0.0,190,7.9
1,Jake Stearney,171991,QB,COLGATE,1,47.8,23,24,14.1,2.58,0,2,8.0,41.7,10,0,7,9.1,27,1,9,142,69.7,75.2,74.9,62.4,0,0,29,0,14.3,74.7,3.7,1,2,0,1,1,0,0.0,138,5.8
1,Elijah Owens,171426,QB,INDIANA ST,1,70.8,24,24,8.1,2.87,0,0,0.0,66.7,16,0,11,5.9,33,1,13,191,45.2,67.2,49.9,76.6,0,1,36,0,45.5,107.8,15.2,5,4,0,0,2,1,2.8,229,9.5
1,Tyler Riddell,102355,QB,DUQUESNE,1,76.2,21,23,7.1,2.66,0,1,4.2,60.9,14,0,17,12.5,27,2,5,155,68.6,61.7,63.1,55.6,0,0,28,1,17.6,95.2,11.1,3,1,0,2,1,1,3.6,154,6.7
1,Luther Richesson,183971,QB,CENT ARK,1,69.6,23,23,6.7,2.24,0,1,3.8,56.5,13,0,6,18.8,26,3,6,132,70.6,67.6,60.5,71.7,0,1,29,0,33.3,58.8,7.7,2,1,0,0,1,1,3.4,73,3.2
1,Carson Camp,141837,QB,SE LA,1,76.2,21,23,9.1,2.86,1,0,0.0,52.2,12,0,9,25.0,30,4,4,294,71.1,67.4,70.3,58.2,0,1,30,0,33.3,49.5,10.0,3,4,0,1,0,0,0.0,122,5.3
1,Kaiden Bennett,147778,QB,DELWARE ST,1,54.5,22,22,8.8,2.71,0,0,0.0,50.0,11,0,10,8.3,27,1,9,152,33.4,45.6,41.2,64.2,0,1,29,2,20.0,65.2,7.4,2,3,0,0,1,2,6.9,133,6.0
1,Beau Brungard,164897,QB,YNGTOWN ST,1,70.0,20,22,8.4,3.25,0,0,0.0,63.6,14,0,6,0.0,30,0,6,353,75.8,75.4,58.9,75.8,0,0,33,0,16.7,76.7,3.3,1,7,0,2,0,1,3.0,114,5.2
1,John Michalski,177310,QB,SACR HEART,1,57.1,21,22,11.7,2.44,0,1,4.3,50.0,11,0,9,8.3,26,1,4,280,71.8,65.3,63.9,61.9,0,1,27,0,11.1,47.3,3.8,1,3,1,0,0,1,3.7,119,5.4
1,KJ Cooper,197019,QB,TEXAS STHN,1,72.7,22,22,10.8,2.97,0,3,12.0,59.1,13,0,6,18.8,25,3,10,313,69.7,86.2,83.9,68.5,0,0,28,0,0.0,92.0,0.0,0,3,0,0,1,1,3.6,135,6.1
1,Kyle Wickersham,148418,QB,RICHMOND,1,80.0,20,21,4.1,2.4,1,1,4.5,71.4,15,0,8,6.3,23,1,5,276,73.6,65.7,57.2,68.6,0,1,24,0,25.0,66.4,8.7,2,0,0,0,0,1,4.2,124,5.9
1,Jayden Whitaker,186934,QB,WOFFORD,1,50.0,18,21,7.9,3.45,0,0,0.0,28.6,6,0,18,33.3,29,3,4,350,28.8,34.6,35.1,52.5,1,0,32,0,16.7,39.6,10.3,3,5,0,2,0,2,6.3,56,2.7
1,Kobe Muasau,185530,QB,MORGAN ST,1,70.0,20,21,5.9,2.62,0,0,0.0,57.1,12,0,13,14.3,27,2,7,235,18.0,56.2,56.5,56.5,0,1,29,1,15.4,58.8,7.4,2,2,0,1,0,4,13.8,146,7.0
1,Zach Tanner,159923,QB,ROB MORRIS,1,62.5,16,21,7.5,2.87,1,0,0.0,33.3,7,0,14,30.0,27,3,6,277,27.0,43.6,40.2,61.8,0,0,28,0,28.6,43.8,14.8,4,2,0,4,0,2,7.1,70,3.3
1,Jonathan Palmer,201866,QB,TENN STATE,1,66.7,18,21,8.5,2.32,0,0,0.0,52.4,11,0,6,8.3,23,1,4,308,68.7,57.4,55.9,65.5,0,1,23,1,33.3,66.2,8.7,2,0,0,3,1,0,0.0,123,5.9
1,Carter Cravens,150714,QB,MOREHEAD,1,85.0,20,21,9.2,2.86,0,0,0.0,76.2,16,0,7,5.9,28,1,12,234,70.1,80.1,74.4,71.6,0,0,28,0,14.3,124.9,3.6,1,6,0,1,1,0,0.0,219,10.4
1,Sonny Mannino,166694,QB,MARIST,1,70.6,17,20,6.4,2.88,2,0,0.0,55.0,11,0,14,8.3,28,1,7,213,44.6,49.6,45.7,57.6,0,0,32,0,7.1,80.2,3.6,1,7,0,1,1,1,3.1,75,3.8
1,Ari Patu,146360,QB,N ALABAMA,1,66.7,18,20,6.0,2.54,1,1,4.2,55.0,11,0,6,8.3,24,1,3,389,71.0,64.3,55.9,71.4,0,0,28,0,50.0,65.8,12.5,3,1,0,1,0,1,3.6,86,4.3
1,Chris Parson,172551,QB,AUSTINPEAY,1,70.6,17,20,9.4,3.26,0,2,9.5,55.0,11,0,16,8.3,28,1,8,116,29.1,63.0,72.9,51.3,0,0,29,1,18.8,110.8,10.7,3,5,0,3,2,1,3.4,142,7.1
1,Jack Stevens,185814,QB,WAGNER,1,83.3,18,20,2.3,2.03,1,0,0.0,65.0,13,0,8,13.3,23,2,3,338,68.8,36.6,47.0,51.8,1,0,24,3,25.0,91.7,8.7,2,1,0,0,1,1,4.2,90,4.5
1,Andy Peters,128138,QB,STTHOM,1,68.4,19,20,14.1,2.4,0,2,9.1,60.0,12,0,3,7.7,22,1,8,1129,30.0,57.7,67.1,45.7,0,0,24,0,0.0,121.3,0.0,0,2,1,0,2,1,4.2,172,8.6
1,Joshua Wood,163421,QB,IDAHO,1,68.4,19,20,10.2,3.04,0,1,5.0,60.0,12,0,13,7.7,28,1,6,185,29.9,52.9,49.2,64.3,0,0,28,2,0.0,64.6,0.0,0,8,0,1,0,3,10.7,44,2.2
1,Eddie Lee Marburger,145511,QB,TXRG,1,100.0,20,20,10.0,2.43,0,2,10.0,95.0,19,0,3,5.0,20,1,17,1445,67.8,94.1,93.9,62.9,0,0,20,0,0.0,158.3,0.0,0,0,0,0,5,0,0.0,423,21.2
1,Cornelious Brown IV,98356,QB,ALAB A&M,1,58.8,17,19,6.1,2.23,1,0,0.0,47.4,9,0,7,10.0,22,1,5,104,67.5,43.2,43.7,57.3,0,0,23,0,14.3,70.1,4.5,1,1,0,1,0,2,8.7,130,6.8
1,Cole LaCrue,170324,QB,E ILLINOIS,1,62.5,16,19,13.8,3.28,2,1,5.3,52.6,10,0,9,0.0,24,0,11,158,76.4,91.5,69.6,90.2,0,1,25,0,11.1,57.1,4.2,1,4,0,1,0,0,0.0,151,7.9
1,Camden Orth,108965,QB,CHATTNOOGA,1,73.7,19,19,7.4,2.42,0,1,5.0,63.2,12,0,8,14.3,23,2,7,137,27.6,46.8,52.0,46.5,0,2,24,0,25.0,57.7,8.7,2,2,0,0,1,3,12.5,114,6.0
1,Brady Olson,147415,QB,CENT CT ST,1,56.3,16,19,8.1,2.46,1,2,9.1,42.1,8,0,5,11.1,21,1,6,133,68.2,57.3,55.1,61.0,1,0,24,0,0.0,63.0,0.0,0,2,0,1,0,2,8.3,118,6.2
1,Stone Earle,123504,QB,ABILENE CH,1,73.7,19,19,7.8,2.51,0,1,5.0,68.4,13,0,12,7.1,26,1,6,100,72.6,70.1,62.4,69.3,0,1,28,0,33.3,67.9,15.4,4,3,0,0,0,1,3.6,140,7.4
1,Ralph Rucker IV,144625,QB,BUCKNELL,1,62.5,16,18,9.8,3.01,0,1,5.0,55.6,10,0,8,0.0,23,0,7,125,27.3,31.0,36.0,42.3,0,1,25,0,50.0,72.9,17.4,4,1,0,2,1,3,12.0,126,7.0
1,Ryan Stubblefield,123838,QB,SCAR STATE,1,75.0,16,18,8.9,2.5,0,2,11.1,55.6,10,0,7,16.7,22,2,7,290,68.7,83.2,76.1,75.0,1,0,22,0,28.6,96.5,9.1,2,2,0,1,1,0,0.0,128,7.1
1,Matt Vezza,176960,QB,NEW HAMP,1,58.8,17,18,16.2,2.43,0,3,13.0,55.6,10,0,8,0.0,23,0,8,240,71.9,82.1,81.2,69.8,0,0,28,1,37.5,128.5,13.0,3,2,0,1,2,0,0.0,186,10.3
1,Abram Johnston,192360,QB,NWSTATE,1,62.5,16,18,7.8,2.14,2,1,5.6,50.0,9,0,5,10.0,19,1,3,257,40.4,54.5,50.6,59.3,0,1,19,0,0.0,58.8,0.0,0,1,0,0,1,1,5.3,85,4.7
1,Cam'Ron McCoy,157481,QB,SOUTHERN U,1,71.4,14,17,13.2,2.31,0,2,11.8,47.1,8,0,5,20.0,19,2,3,297,69.1,72.2,65.9,69.4,3,0,19,0,0.0,81.0,0.0,0,2,0,0,1,1,5.3,82,4.8
1,Coulter Cleland,165212,QB,DAVIDSON,1,87.5,16,17,6.2,2.8,1,0,0.0,70.6,12,0,8,14.3,23,2,7,149,68.2,58.2,58.2,62.2,0,1,24,1,12.5,87.4,4.3,1,5,0,0,1,1,4.2,128,7.5
1,Cade McNamara,101620,QB,E TENN ST,1,70.6,17,17,9.1,2.81,0,1,5.3,70.6,12,0,4,0.0,19,0,9,157,69.8,70.2,71.6,58.8,0,1,21,0,0.0,91.8,0.0,0,2,0,0,1,0,0.0,146,8.6
1,Chase Spellman,185234,QB,DRAKE,1,87.5,16,17,8.3,2.39,0,1,5.6,82.4,14,0,4,0.0,20,0,10,153,69.8,81.9,75.3,73.2,0,1,21,1,25.0,133.5,5.0,1,2,1,0,2,1,4.8,233,13.7
1,Cole Payton,148154,QB,N DAK ST,1,75.0,16,16,14.8,3.05,0,3,18.8,62.5,10,0,4,16.7,20,2,10,250,70.8,90.7,93.0,62.2,0,0,20,1,0.0,125.0,0.0,0,4,0,0,1,1,5.0,192,12.0
1,Nick Whitfield Jr.,159490,QB,ST FRANCIS,1,71.4,14,16,2.9,2.34,0,0,0.0,56.3,9,0,5,10.0,18,1,2,299,66.8,38.8,42.6,57.3,2,1,18,1,20.0,35.4,5.6,1,1,0,0,0,1,5.6,36,2.3
1,Chris Zellous,153319,QB,STNY BROOK,1,50.0,12,16,8.2,2.92,1,0,0.0,31.3,5,0,10,16.7,17,1,0,303,69.0,30.6,34.0,51.3,0,0,18,2,0.0,40.6,0.0,0,1,0,3,0,2,11.1,21,1.3
1,Landen Clark,188534,QB,ELON,1,71.4,14,16,5.1,2.91,2,1,6.3,62.5,10,0,9,0.0,25,0,7,162,72.2,77.5,73.6,68.7,0,0,25,0,33.3,80.5,12.0,3,6,0,0,0,0,0.0,101,6.3
1,Danny Lauter,162145,QB,GEORGETOWN,1,81.3,16,16,8.8,2.14,0,0,0.0,68.8,11,0,1,15.4,16,2,6,172,67.4,73.3,72.6,60.0,0,0,16,0,0.0,131.0,0.0,0,0,0,0,2,0,0.0,123,7.7
1,Zolten Osborne,178620,QB,CHARLES SO,1,80.0,10,16,2.5,2.46,2,0,0.0,50.0,8,0,9,0.0,19,0,2,135,67.0,35.7,34.7,57.3,1,1,20,0,22.2,31.8,10.5,2,1,0,3,0,1,5.0,54,3.4
1,Isaiah Freeman,167256,QB,HAMPTON,1,73.3,15,16,8.1,2.92,1,0,0.0,62.5,10,0,6,9.1,19,1,6,178,32.9,54.2,47.3,63.4,0,1,20,0,33.3,79.4,10.5,2,1,0,0,1,1,5.0,117,7.3
1,Jase Bauer,145714,QB,TENN MARTN,1,64.3,14,16,6.1,3.06,0,0,0.0,56.3,9,0,13,0.0,22,0,2,310,70.9,49.0,33.3,73.2,1,1,23,0,30.8,41.1,18.2,4,1,0,1,0,3,13.0,70,4.4
1,Jake Weir,146840,QB,HOUCHR,1,78.6,14,16,12.8,3.1,1,1,5.6,62.5,10,0,8,9.1,20,1,6,183,67.2,65.7,66.3,57.3,0,1,22,0,37.5,70.8,15.0,3,1,0,1,1,1,4.5,84,5.3
1,Brady Stober,203110,QB,SAMFORD,1,71.4,14,15,6.3,2.9,0,1,6.7,66.7,10,0,7,0.0,17,0,4,282,29.2,50.9,55.4,51.7,1,0,17,0,14.3,83.5,5.9,1,1,0,0,0,0,0.0,93,6.2
1,Casey Bullock,185958,QB,DAVIDSON,1,75.0,12,14,5.4,2.98,1,0,0.0,50.0,7,0,6,22.2,21,2,5,149,26.6,51.8,48.0,61.0,1,0,22,0,50.0,62.2,14.3,3,4,0,0,0,2,9.1,62,4.4
1,Zach Osborne,160474,QB,COLGATE,1,78.6,14,14,11.7,2.68,0,1,6.7,78.6,11,0,5,0.0,18,0,10,142,70.7,78.3,84.3,60.6,0,0,19,0,0.0,158.3,0.0,0,4,0,0,2,0,0.0,227,16.2
1,CJ Jordan,141562,QB,PORTLAND,1,72.7,11,14,3.5,2.61,1,0,0.0,57.1,8,0,8,0.0,17,0,1,269,69.6,42.3,41.5,55.7,0,0,18,1,25.0,67.0,11.8,2,1,0,2,0,0,0.0,58,4.1
1,Myles Burkett,158691,QB,E KENTUCKY,1,61.5,13,14,4.7,2.84,1,1,6.3,35.7,5,0,13,37.5,23,3,5,159,37.6,51.3,57.0,52.9,0,0,25,1,30.8,54.5,17.4,4,5,0,0,0,0,0.0,76,5.4
1,Will Madonna,88025,QB,TXAMCO,1,50.0,12,13,7.3,2.49,0,0,0.0,46.2,6,0,5,0.0,14,0,2,1139,68.0,45.0,51.4,53.3,0,1,14,1,0.0,25.2,0.0,0,1,0,1,0,0,0.0,52,4.0
1,Tommy Rittenhouse,148028,QB,ILL STATE,1,70.0,10,13,2.7,2.39,0,0,0.0,46.2,6,0,3,14.3,14,1,1,188,67.3,63.8,67.2,60.6,2,0,15,1,0.0,53.0,0.0,0,1,0,1,0,0,0.0,22,1.7
1,Braxton Thomas,197714,QB,NC A&T,1,91.7,12,13,11.0,2.79,0,3,23.1,84.6,11,0,7,0.0,16,0,6,246,72.5,79.7,92.1,51.7,0,0,16,0,28.6,144.4,12.5,2,1,0,1,1,0,0.0,169,13.0
1,Braden Davis,158114,QB,HAMPTON,1,91.7,12,12,4.8,2.64,0,0,0.0,91.7,11,0,6,0.0,14,0,5,178,27.8,57.0,60.6,53.7,0,0,14,0,33.3,94.4,14.3,2,0,0,0,0,0,0.0,80,6.7
1,Destin Wade,163784,QB,N ALABAMA,1,45.5,11,12,7.5,2.32,0,0,0.0,41.7,5,0,6,0.0,13,0,1,389,69.4,61.0,49.8,72.4,0,0,14,0,16.7,49.3,7.7,1,0,0,1,0,0,0.0,19,1.6
1,Jalen Woods,178085,QB,SOUTHERN U,1,75.0,12,12,6.5,1.83,0,0,0.0,66.7,8,0,1,11.1,12,1,3,297,66.8,65.3,67.0,57.6,0,0,12,0,0.0,78.1,0.0,0,0,0,0,0,0,0.0,59,4.9
1,Casey Case,130402,QB,STNY BROOK,1,40.0,10,10,9.6,2.31,0,0,0.0,40.0,4,0,4,0.0,12,0,1,303,65.8,46.7,46.2,,0,0,12,0,50.0,47.9,16.7,2,0,0,0,0,0,0.0,25,2.5
1,Peter Costelli,146432,QB,N COLORADO,1,60.0,10,10,8.4,2.42,0,0,0.0,60.0,6,0,2,0.0,11,0,5,253,67.8,65.2,56.9,70.4,0,0,13,0,0.0,125.8,0.0,0,1,0,0,1,0,0.0,97,9.7
1,Cam'Ron Ransom,147110,QB,BETH COOK,1,60.0,10,10,6.8,2.61,0,0,0.0,50.0,5,0,3,16.7,10,1,2,119,21.8,44.5,53.4,46.1,0,0,10,0,0.0,75.8,0.0,0,0,0,0,0,1,10.0,77,7.7
1,Eric Handley,185928,QB,ALAB A&M,1,60.0,10,10,7.4,2.63,0,0,0.0,60.0,6,0,3,0.0,11,0,2,104,19.8,42.0,40.2,60.0,0,0,11,0,33.3,67.1,9.1,1,0,0,0,0,1,9.1,36,3.6
1,Isaac Lee,202007,QB,W CAROLINA,1,42.9,7,9,16.7,1.98,0,0,0.0,33.3,3,0,3,0.0,9,0,2,344,13.8,27.9,44.0,29.7,2,0,9,0,0.0,104.9,0.0,0,0,0,0,1,1,11.1,82,9.1
1,Champ Long,170197,QB,NC A&T,1,66.7,9,9,5.4,2.24,0,0,0.0,55.6,5,0,5,16.7,12,1,1,246,5.1,25.2,26.7,37.9,0,0,13,0,40.0,67.4,16.7,2,1,0,0,0,2,15.4,41,4.6
1,Rowan Keefe,165386,QB,VALPO,1,55.6,9,9,9.8,2.67,0,1,11.1,55.6,5,0,2,0.0,9,0,3,332,67.4,65.8,65.6,60.2,0,1,9,1,0.0,71.8,0.0,0,0,0,0,1,1,11.1,56,6.2
1,Kyle Lowe,156595,QB,SE LA,1,44.4,9,9,7.8,2.92,0,0,0.0,44.4,4,0,4,0.0,12,0,2,294,69.3,54.3,50.3,61.0,0,1,13,0,25.0,12.0,8.3,1,2,0,0,0,0,0.0,23,2.6
1,Dez Thomas II,177368,QB,GEORGETOWN,1,75.0,8,8,8.3,2.78,0,0,0.0,75.0,6,0,0,0.0,10,0,3,172,71.1,63.0,69.2,56.6,0,0,11,0,,156.3,0.0,0,2,0,0,1,0,0.0,126,15.8
1,Jacolby Criswell,122830,QB,E TENN ST,1,85.7,7,8,4.4,2.33,0,0,0.0,62.5,5,0,4,16.7,10,1,4,157,69.1,74.3,61.6,73.3,1,0,10,0,25.0,71.9,10.0,1,1,0,0,0,0,0.0,34,4.3
1,Gavin Rupp,145127,QB,STETSON,1,85.7,7,8,9.6,3.16,0,0,0.0,75.0,6,0,6,0.0,11,0,4,302,18.5,35.6,36.7,56.3,0,0,11,0,33.3,115.6,18.2,2,1,0,1,0,1,9.1,98,12.3
1,Ashton Frye,163951,QB,GRAMBLING,1,87.5,8,8,9.4,1.92,0,0,0.0,75.0,6,0,4,14.3,9,1,2,177,22.0,53.5,66.9,41.6,0,0,11,0,25.0,127.1,11.1,1,0,0,0,1,0,0.0,44,5.5
1,Caron Tyler,177813,QB,VALPO,1,71.4,7,7,5.6,1.87,0,0,0.0,71.4,5,0,1,0.0,7,0,3,332,66.2,64.5,66.9,57.3,0,0,8,0,0.0,135.1,0.0,0,0,0,0,1,0,0.0,57,8.1
1,Austin Smith,145763,QB,AUSTINPEAY,1,71.4,7,7,11.6,3.16,0,1,14.3,42.9,3,0,4,40.0,9,2,2,116,70.4,78.6,71.6,74.3,0,0,9,1,25.0,68.2,11.1,1,1,0,0,0,0,0.0,51,7.3
1,Aidan Jakobsohn,209046,QB,TXRG,1,100.0,7,7,2.1,2.38,0,0,0.0,100.0,7,0,3,0.0,8,0,4,1445,66.2,91.4,83.8,76.6,0,0,8,0,0.0,110.1,0.0,0,1,0,0,0,0,0.0,73,10.4
1,Gavin Rutherford,178188,QB,STF AUSTIN,1,66.7,6,7,9.3,2.93,0,0,0.0,57.1,4,0,4,0.0,8,0,1,301,65.1,29.5,29.5,57.3,1,1,9,0,0.0,41.7,0.0,0,1,0,0,0,1,11.1,53,7.6
1,Brandon Nunez,183978,QB,MS VLY ST,1,33.3,6,7,15.7,2.26,1,0,0.0,14.3,1,0,2,50.0,7,1,1,228,22.4,30.5,31.5,40.9,0,0,8,0,0.0,70.5,0.0,0,0,0,0,0,2,25.0,73,10.4
1,Beckham Pellant,185467,QB,ILL STATE,1,66.7,6,7,1.7,2.34,1,0,0.0,57.1,4,0,4,0.0,9,0,0,188,65.1,51.7,50.3,,0,0,9,0,50.0,62.2,22.2,2,0,0,0,0,0,0.0,12,1.7
1,Lathan Boone,191494,QB,N ARIZONA,1,57.1,7,7,4.9,2.83,0,0,0.0,57.1,4,0,1,0.0,8,0,2,252,66.3,67.0,64.2,63.0,0,1,9,0,100.0,32.7,12.5,1,0,0,0,0,0,0.0,38,5.4
1,Maddox Kopp,144251,QB,HOUCHR,1,83.3,6,6,10.5,3.6,0,0,0.0,83.3,5,0,2,0.0,8,0,3,183,66.3,70.4,59.6,70.9,0,0,9,0,50.0,140.3,12.5,1,1,0,0,1,0,0.0,49,8.2
1,Anthony Grigsby Jr.,184188,QB,CAL POLY,1,80.0,5,6,16.0,3.28,0,1,16.7,66.7,4,0,1,0.0,6,0,3,129,65.7,88.6,90.3,59.6,0,0,6,0,0.0,147.2,0.0,0,0,0,1,1,0,0.0,72,12.0
1,Tyrese Smith,185065,QB,PORTLAND,1,50.0,4,6,16.8,2.88,0,0,0.0,33.3,2,0,3,0.0,6,0,0,269,67.0,50.7,51.2,57.4,0,0,6,1,0.0,42.4,0.0,0,0,0,2,0,0,0.0,-2,-0.3
1,Alex Flores,86295,QB,MCNEESE,1,66.7,6,6,2.8,2.27,0,0,0.0,50.0,3,0,2,25.0,7,1,1,217,64.6,74.3,68.3,64.3,0,0,7,0,0.0,61.1,0.0,0,1,0,0,0,0,0.0,25,4.2
1,Chris Dietrich,190659,QB,BUCKNELL,1,100.0,6,6,3.7,2.14,0,0,0.0,100.0,6,0,3,0.0,9,0,3,125,65.1,70.4,64.8,64.3,0,0,9,0,66.7,96.5,22.2,2,1,0,0,0,0,0.0,43,7.2
1,Ethan Greenwood,161869,QB,LIUSHAR,1,66.7,6,6,11.5,2.84,0,0,0.0,50.0,3,0,5,25.0,8,1,0,1298,27.4,37.9,50.6,46.2,0,0,8,1,20.0,58.3,12.5,1,1,0,0,0,0,0.0,21,3.5
1,Davis Harsin,186187,QB,IDAHO ST,1,60.0,5,5,8.2,2.66,0,1,16.7,20.0,1,0,2,66.7,5,2,0,186,64.2,74.3,73.9,,0,0,6,0,0.0,39.6,0.0,0,0,0,0,0,0,0.0,4,0.8
1,Israel Carter,175310,QB,NORFOLK,1,80.0,5,5,4.8,2.75,0,0,0.0,60.0,3,0,2,25.0,6,1,0,244,64.6,63.5,67.8,57.3,0,0,7,0,50.0,65.4,16.7,1,0,0,0,0,0,0.0,16,3.2
1,Jake Curry,185583,QB,S ILLINOIS,1,60.0,5,5,12.0,2.45,0,1,20.0,40.0,2,0,1,33.3,6,1,1,295,67.0,70.3,75.2,56.8,0,0,6,0,0.0,47.9,0.0,0,1,0,0,0,0,0.0,11,2.2
1,Reggie Graff,165710,QB,UTAHTC,1,80.0,5,5,10.4,2.46,0,1,20.0,80.0,4,0,1,0.0,5,0,2,1285,70.4,88.4,90.3,67.4,0,0,5,0,0.0,147.9,0.0,0,0,0,0,2,0,0.0,50,10.0
1,Nathan Hayes,162204,QB,N DAK ST,1,100.0,5,5,12.4,2.32,0,0,0.0,100.0,5,0,1,0.0,5,0,5,250,65.5,91.4,92.8,57.5,0,0,5,0,0.0,158.3,0.0,0,0,0,0,1,0,0.0,71,14.2
1,Xavier Washington,160514,QB,DRAKE,1,75.0,4,4,9.0,2.78,0,0,0.0,50.0,2,0,1,33.3,4,1,2,153,63.3,63.4,62.4,,0,0,4,0,0.0,130.2,0.0,0,0,0,0,1,0,0.0,45,11.3
1,Logan Kushner,188797,QB,DUQUESNE,1,100.0,3,4,5.3,4.02,0,0,0.0,75.0,3,0,6,0.0,6,0,0,155,65.7,50.4,52.5,60.8,0,0,6,1,16.7,82.3,16.7,1,1,0,1,0,0,0.0,17,4.3
1,Jeff Hoenstine,171652,QB,ST FRANCIS,1,75.0,4,4,2.0,4.12,0,0,0.0,75.0,3,0,6,0.0,9,0,1,299,65.1,48.4,54.7,51.8,0,0,9,0,33.3,79.2,22.2,2,3,0,0,0,0,0.0,14,3.5
1,Brett Griffis,157527,QB,CENT CT ST,1,33.3,3,4,6.3,2.6,0,0,0.0,25.0,1,0,2,0.0,6,0,1,133,65.9,44.7,40.4,60.4,0,0,7,0,50.0,39.6,16.7,1,1,0,1,0,0,0.0,11,2.8
1,Eric Gibson Jr.,168461,QB,N COLORADO,1,75.0,4,4,7.3,1.8,0,1,20.0,75.0,3,0,2,0.0,4,0,1,253,68.0,66.4,70.2,57.4,0,0,6,0,0.0,105.2,0.0,0,0,0,0,0,0,0.0,39,9.8
1,John Griffith,156450,QB,MORGAN ST,1,33.3,3,3,6.3,2.1,0,0,0.0,33.3,1,0,1,0.0,3,0,1,235,64.8,49.3,52.6,57.1,0,0,3,0,0.0,42.4,0.0,0,0,0,0,0,0,0.0,3,1.0
1,Jayden Sauray,162802,QB,DELWARE ST,1,66.7,3,3,2.7,3.13,0,0,0.0,66.7,2,0,1,0.0,3,0,1,152,66.4,28.6,28.5,54.1,0,1,3,0,0.0,37.5,0.0,0,0,0,0,0,1,33.3,14,4.7
1,Quentin Hayes,186423,QB,CITADEL,1,50.0,2,3,21.0,3.7,0,0,0.0,33.3,1,0,3,0.0,5,0,1,139,18.7,31.4,25.6,58.4,1,0,5,0,66.7,49.3,40.0,2,0,0,0,0,1,20.0,14,4.7
1,JoJo Crump,192226,QB,VA MILT IN,1,0.0,2,3,14.5,2.53,1,0,0.0,0.0,0,0,0,,3,0,0,336,64.8,48.7,51.4,57.5,0,0,3,0,,39.6,0.0,0,0,0,0,0,0,0.0,0,0.0
1,Cobey Thompkins,192469,QB,CITADEL,1,66.7,3,3,-4.0,3.27,0,0,0.0,33.3,1,0,4,50.0,6,1,0,139,19.0,39.0,57.2,42.6,0,0,6,0,75.0,42.4,50.0,3,0,0,0,0,0,0.0,8,2.7
1,Luca Stanzani,159449,QB,LIUSHAR,1,33.3,3,3,16.0,2.9,0,1,33.3,33.3,1,0,0,0.0,5,0,1,1298,67.9,54.4,66.7,51.5,0,0,5,0,,68.8,0.0,0,2,0,0,0,0,0.0,28,9.3
1,Aidan Dunne,148181,WR,N IOWA,1,66.7,3,3,1.7,2.37,0,0,0.0,66.7,2,0,1,0.0,3,0,1,255,62.7,57.0,55.9,,0,0,3,0,0.0,86.8,0.0,0,0,0,0,0,0,0.0,21,7.0
1,Cole Pennington,156787,QB,GARD-WEBB,1,33.3,3,3,18.7,3.13,0,1,33.3,33.3,1,0,2,0.0,4,0,1,171,65.2,67.1,55.7,69.0,0,1,4,0,0.0,30.6,0.0,0,1,0,0,0,1,25.0,29,9.7
1,Aiden McCown,178971,QB,LAMAR,1,0.0,2,3,24.5,2.93,0,0,0.0,0.0,0,0,2,,3,0,0,204,66.4,45.3,39.5,61.1,0,0,3,0,0.0,39.6,0.0,0,0,0,1,0,0,0.0,0,0.0
1,Marco Lainez,170155,QB,ELON,1,100.0,1,2,1.0,2.1,0,0,0.0,50.0,1,0,1,0.0,2,0,1,162,67.6,63.5,58.9,62.5,1,0,2,0,0.0,66.7,0.0,0,0,0,0,0,0,0.0,11,5.5
1,Chris Howell,171592,QB,LIUSHAR,1,0.0,2,2,23.0,2.5,0,0,0.0,0.0,0,0,1,,2,0,0,1298,10.2,24.4,30.9,49.9,0,0,2,0,0.0,39.6,0.0,0,0,0,0,0,1,50.0,0,0.0
1,Cash McCollum,183478,QB,WEBER ST,1,50.0,2,2,12.5,2.75,0,0,0.0,0.0,0,0,0,100.0,2,1,0,342,61.8,54.2,53.4,,0,0,2,0,,39.6,0.0,0,0,0,0,0,0,0.0,0,0.0
1,Jace Wilson,149892,QB,TENN TECH,1,100.0,2,2,12.5,4.83,0,0,0.0,100.0,2,0,1,0.0,3,0,2,309,66.4,80.4,73.9,68.2,0,0,3,0,0.0,118.8,0.0,0,1,0,0,0,0,0.0,34,17.0
1,Lek Powell,187417,QB,CHARLES SO,1,100.0,1,2,14.0,2.97,0,0,0.0,50.0,1,0,2,0.0,3,0,1,135,62.7,70.4,69.9,,0,0,3,0,50.0,75.0,33.3,1,0,0,1,0,0,0.0,15,7.5
1,Bryson Dickerson,160006,TE,W GEORGIA,1,100.0,1,1,7.0,2.7,0,0,0.0,100.0,1,0,0,0.0,1,0,1,1177,63.7,49.8,60.4,,0,0,1,0,,118.8,0.0,0,0,0,0,0,0,0.0,22,22.0
1,Mike Chandler II,139371,QB,CAMPBELL,1,100.0,1,1,-2.0,3.7,0,0,0.0,100.0,1,0,1,0.0,1,0,0,131,72.0,57.6,60.4,65.5,0,0,1,0,0.0,83.3,0.0,0,0,0,0,0,0,0.0,4,4.0
1,Jared Echols,185142,QB,CHARLES SO,1,100.0,1,1,16.0,3.4,0,0,0.0,100.0,1,0,1,0.0,2,0,1,135,62.7,58.2,64.1,57.0,0,0,3,0,0.0,118.8,0.0,0,1,0,0,0,0,0.0,19,19.0
1,Ameer Dudley,148894,QB,ROB MORRIS,1,,0,1,,5.65,0,0,0.0,0.0,0,0,2,,2,0,0,277,61.8,49.5,60.0,56.3,0,0,2,0,0.0,39.6,0.0,0,1,0,1,0,0,0.0,0,0.0
1,Pops Battle,192799,QB,LNDNWD,1,0.0,1,1,13.0,3.35,0,0,0.0,0.0,0,0,1,,2,0,0,949,61.8,43.9,44.3,,0,0,2,0,100.0,39.6,50.0,1,0,0,0,0,0,0.0,0,0.0
1,John Austin Wood,209837,QB,N ALABAMA,1,0.0,1,1,6.0,2.8,0,0,0.0,0.0,0,0,0,,1,0,0,389,60.3,28.0,28.6,,0,0,1,0,,39.6,0.0,0,0,0,0,0,1,100.0,0,0.0
1,Ty Watkins,173774,QB,N ALABAMA,1,0.0,1,1,9.0,2.0,0,0,0.0,0.0,0,0,0,,1,0,0,389,60.3,62.7,62.2,,0,0,1,0,,39.6,0.0,0,0,0,0,0,0,0.0,0,0.0
1,Javance Tupou'ata-Johnson,175766,QB,N DAKOTA,1,100.0,1,1,18.0,2.5,0,1,100.0,100.0,1,0,0,0.0,1,0,1,249,60.3,85.7,84.6,,0,0,1,0,,118.8,0.0,0,0,0,0,0,0,0.0,21,21.0
1,Cooper Willman,138032,WR,E ILLINOIS,1,0.0,1,1,32.0,3.1,0,0,0.0,0.0,0,0,0,,1,0,0,158,73.5,62.6,49.9,,0,0,1,0,,39.6,0.0,0,0,0,0,0,0,0.0,0,0.0
1,Bryce Bailey,121794,WR,TENN MARTN,1,100.0,1,1,31.0,3.1,0,1,100.0,100.0,1,0,0,0.0,1,0,1,310,63.7,66.1,87.4,,0,0,1,0,,158.3,0.0,0,0,0,0,1,0,0.0,39,39.0
1,Gavin Hall,185847,HB,FURMAN,1,0.0,1,1,13.0,3.3,0,0,0.0,0.0,0,0,0,,1,0,0,170,75.4,59.5,55.3,62.4,0,0,1,0,,39.6,0.0,0,0,0,0,0,0,0.0,0,0.0
1,Nate Bell,170673,QB,E WASHGTON,1,0.0,1,1,31.0,2.9,0,0,0.0,0.0,0,0,0,,1,0,0,161,65.6,55.9,37.0,59.7,0,1,1,0,,0.0,0.0,0,0,0,0,0,1,100.0,0,0.0
1,Jason Penza,185670,QB,LAFAYETTE,1,100.0,1,1,5.0,2.85,0,0,0.0,100.0,1,0,1,0.0,2,0,1,203,68.7,85.2,69.3,76.6,0,0,2,0,100.0,91.7,50.0,1,0,0,0,0,0,0.0,6,6.0
1,DC Tabscott,147020,QB,N ALABAMA,1,0.0,1,1,24.0,2.2,0,0,0.0,0.0,0,0,0,,1,0,0,389,60.3,51.8,51.9,,0,0,1,0,,39.6,0.0,0,0,0,0,0,0,0.0,0,0.0
1,Atzel Chavez Jr.,209015,QB,TXRG,1,100.0,1,1,-2.0,1.4,0,0,0.0,100.0,1,0,0,0.0,1,0,0,1445,60.3,61.8,60.4,,0,0,1,0,,79.2,0.0,0,0,0,0,0,0,0.0,0,0.0
1,Andrew Piercy,148491,K,WM & MARY,1,,0,1,,3.7,0,0,0.0,0.0,0,0,1,,1,0,0,348,60.3,47.5,59.4,,0,0,1,1,0.0,39.6,0.0,0,0,0,1,0,0,0.0,0,0.0
1,Jamir Dismukes,207790,QB,ALU,1,71.1,38,39,12.2,3.02,0,1,2.4,66.7,26,0,23,3.7,51,1,21,735,71.7,72.2,68.3,68.4,0,0,55,1,17.4,107.6,7.8,4,8,0,1,2,0,0.0,308,7.9
1,DJ Ralph,158802,QB,CHADST,1,70.0,30,31,9.1,2.75,0,0,0.0,64.5,20,0,14,4.8,37,1,13,809,69.9,62.8,63.0,58.3,0,1,40,0,21.4,71.6,8.1,3,3,0,1,0,1,2.5,217,7.0
1,Griffin Scalf,209152,QB,THMORE,1,73.9,23,23,4.7,2.47,0,0,0.0,69.6,16,0,10,5.9,26,1,7,1296,11.1,27.4,30.0,36.1,0,1,26,1,20.0,59.7,7.7,2,1,0,0,0,2,7.7,98,4.3
1,Max Zavala,210343,QB,VA LYNCHBU,1,63.2,19,21,8.1,2.14,1,0,0.0,57.1,12,0,14,0.0,26,0,3,406,69.6,41.8,37.0,64.3,0,2,28,1,28.6,25.6,15.4,4,0,0,1,0,2,7.1,78,3.7
1,Tyler Strickland,197556,QB,ARKBC,1,47.1,17,19,8.4,2.11,1,0,0.0,36.8,7,0,1,12.5,20,1,2,1515,69.1,53.2,49.7,64.3,0,1,20,1,100.0,24.5,5.0,1,0,0,1,0,1,5.0,62,3.3
1,Phillip Jones II,192203,QB,LOUCHR,1,41.7,12,14,20.6,3.09,0,0,0.0,35.7,5,0,12,0.0,22,0,6,958,68.2,45.4,44.6,56.9,0,0,24,0,33.3,50.9,18.2,4,3,0,2,0,0,0.0,64,4.6
1,Andrew Martinez,209210,QB,SRSU,1,90.9,11,13,-1.2,3.0,1,0,0.0,69.2,9,0,8,10.0,16,1,2,1133,68.2,54.3,61.7,54.1,0,0,16,2,37.5,74.8,18.8,3,0,0,1,0,1,6.3,47,3.6
1,Bryce Perkins,210187,QB,LOUCHR,1,33.3,12,12,9.4,1.98,0,0,0.0,25.0,3,0,6,25.0,13,1,2,958,67.1,27.7,26.7,62.3,0,1,14,0,16.7,12.2,7.7,1,0,0,0,0,3,21.4,57,4.8
1,Sedrick Hill Jr.,205913,QB,ARKBC,1,16.7,6,8,9.7,4.29,1,0,0.0,0.0,0,0,7,100.0,11,1,0,1515,67.6,22.6,20.9,58.3,0,1,11,1,14.3,0.0,9.1,1,2,0,1,0,3,27.3,0,0.0
1,Jabari Ruise,210348,QB,VA LYNCHBU,1,57.1,7,7,11.1,2.35,0,0,0.0,57.1,4,0,6,0.0,11,0,1,406,65.6,51.2,50.7,,0,0,11,0,66.7,87.2,36.4,4,0,0,0,0,0,0.0,63,9.0
1,Chase Crone,209103,QB,THMORE,1,60.0,5,5,11.4,2.36,0,0,0.0,40.0,2,0,2,33.3,5,1,2,1296,63.8,52.3,51.6,,0,1,5,0,0.0,23.3,0.0,0,0,0,0,0,1,20.0,33,6.6
1,Kye Callicoatte,209182,QB,SRSU,1,50.0,2,2,12.5,1.8,0,0,0.0,50.0,1,0,1,0.0,2,0,0,1133,18.1,33.1,40.5,47.3,0,0,2,0,0.0,56.3,0.0,0,0,0,0,0,1,50.0,0,0.0
1,Luke Landry,210186,QB,LOUCHR,1,0.0,1,1,1.0,3.25,0,0,0.0,0.0,0,0,1,,2,0,0,958,64.4,44.9,55.3,54.5,0,0,2,0,0.0,39.6,0.0,0,1,0,0,0,0,0.0,0,0.0
1,Demetrick Welch Jr.,209172,HB,THMORE,1,0.0,1,1,20.0,3.0,0,0,0.0,0.0,0,0,0,,1,0,0,1296,69.0,56.6,50.4,57.6,0,0,1,0,,39.6,0.0,0,0,0,0,0,0,0.0,0,0.0
week,player,player_id,position,team_name,player_game_count,accuracy_percent,aimed_passes,attempts,avg_depth_of_target,avg_time_to_throw,bats,big_time_throws,btt_rate,completion_percent,completions,declined_penalties,def_gen_pressures,drop_rate,dropbacks,drops,first_downs,franchise_id,grades_hands_fumble,grades_offense,grades_pass,grades_run,hit_as_threw,interceptions,passing_snaps,penalties,pressure_to_sack_rate,qb_rating,sack_percent,sacks,scrambles,spikes,thrown_aways,touchdowns,turnover_worthy_plays,twp_rate,yards,ypa
2,Steve Angeli,156966,QB,SYRACUSE,1,75.5,49,54,8.7,2.47,1,3,5.4,63.0,34,0,20,8.1,60,3,19,304,43.1,59.8,58.9,60.9,2,1,62,0,20.0,91.3,6.7,4,2,0,2,2,3,4.8,416,7.7
2,Sawyer Robertson,146839,QB,BAYLOR,1,72.9,48,50,9.3,2.43,1,4,7.3,68.0,34,0,8,2.9,55,1,19,118,70.9,74.5,76.1,54.4,0,0,60,0,12.5,122.1,1.8,1,3,0,1,4,2,3.3,440,8.8
2,Maalik Murphy,157302,QB,OREGON ST,1,75.0,48,49,7.4,2.26,1,1,1.9,65.3,32,0,11,11.1,51,4,20,265,70.3,66.1,63.8,63.3,0,2,54,0,18.2,98.8,3.9,2,0,0,0,4,2,3.7,377,7.7
2,Dylan Lonergan,172386,QB,BOSTON COL,1,79.5,44,45,5.9,2.43,1,3,6.3,75.6,34,0,12,2.9,49,1,18,121,69.8,84.8,86.5,53.6,0,0,52,0,0.0,130.7,0.0,0,2,0,0,4,0,0.0,389,8.6
2,Logan Fife,128176,QB,NEW MEX ST,1,70.7,41,45,7.2,2.18,1,1,2.0,62.2,28,0,19,3.4,50,1,15,242,26.8,60.2,63.7,52.4,0,0,56,0,10.5,92.1,4.0,2,3,0,3,2,2,3.6,252,5.6
2,Nico Iamaleava,174728,QB,UCLA,1,77.5,40,44,6.3,2.38,1,1,2.1,70.5,31,0,11,0.0,49,0,17,324,43.9,65.7,65.0,61.1,1,1,53,0,18.2,84.3,4.1,2,3,1,1,1,2,3.8,268,6.1
2,Owen McCown,157688,QB,UTSA,1,64.3,42,43,10.0,2.35,0,1,2.2,53.5,23,0,13,14.8,49,4,15,331,70.1,68.5,63.3,72.5,0,0,51,0,7.7,83.4,2.0,1,5,0,1,2,2,3.9,219,5.1
2,Luke Weaver,198494,QB,HAWAII,1,70.7,41,43,7.1,2.36,0,1,2.2,62.8,27,0,9,6.9,50,2,18,180,70.9,61.1,57.2,66.3,0,1,53,0,33.3,96.5,6.0,3,4,0,2,3,3,5.7,294,6.8
2,Joe Fagnano,104768,QB,UCONN,1,68.4,38,43,8.2,2.54,4,1,2.2,55.8,24,0,13,7.7,44,2,10,146,69.5,67.3,66.8,,1,0,47,0,7.7,73.5,2.3,1,0,0,0,0,0,0.0,257,6.0
2,Chandler Morris,122938,QB,VIRGINIA,1,74.4,43,43,6.2,2.53,0,1,2.3,69.8,30,0,9,6.3,43,2,16,335,70.5,74.8,72.4,66.2,0,1,44,0,0.0,83.2,0.0,0,0,0,0,1,1,2.3,257,6.0
2,Walker Eget,146170,QB,S JOSE ST,1,55.3,38,43,12.6,2.73,2,0,0.0,48.8,21,0,17,0.0,46,0,10,285,70.0,47.6,45.3,63.4,0,1,49,1,17.6,51.3,6.5,3,0,0,3,0,3,6.1,188,4.4
2,Jaxon Potter,176687,QB,WASH STATE,1,70.0,40,42,6.3,2.11,1,1,2.3,66.7,28,0,7,0.0,44,0,13,341,70.9,64.9,68.2,54.4,0,0,45,1,0.0,106.9,0.0,0,2,0,1,3,1,2.2,257,6.1
2,Garrett Nussmeier,146757,QB,LSU,1,81.6,38,41,9.1,2.93,1,4,8.7,63.4,26,0,11,16.1,44,5,14,211,70.0,80.6,79.8,60.0,0,1,49,0,27.3,77.0,6.8,3,0,0,2,1,2,4.1,237,5.8
2,Caden Veltkamp,156642,QB,FAU,1,71.1,38,39,9.3,2.97,0,2,4.9,69.2,27,0,9,0.0,43,0,16,165,69.8,73.5,72.1,63.7,0,0,45,0,11.1,125.9,2.3,1,3,0,1,4,2,4.4,299,7.7
2,Beau Pribula,164182,QB,MISSOURI,1,81.6,38,39,7.8,2.61,0,3,7.7,76.9,30,0,13,3.2,47,1,18,229,36.7,87.1,91.7,39.8,0,0,47,0,30.8,127.5,8.5,4,4,0,1,3,1,2.1,334,8.6
2,Jaron-Keawe Sagapolutele,198237,QB,CAL,1,88.6,35,38,6.1,2.28,3,0,0.0,71.1,27,0,8,12.9,40,4,13,130,70.0,75.3,73.2,65.6,0,1,42,0,12.5,79.6,2.5,1,1,0,0,0,1,2.4,267,7.0
2,Drew Pyne,122910,QB,BOWL GREEN,1,82.9,35,37,4.1,2.24,0,2,5.1,78.4,29,0,12,0.0,43,0,12,122,69.8,73.7,71.5,65.4,1,0,45,0,33.3,106.5,9.3,4,2,1,0,1,0,0.0,274,7.4
2,Athan Kaliakmanis,144971,QB,RUTGERS,1,77.8,36,36,10.1,2.64,0,2,5.0,72.2,26,0,10,7.1,44,2,22,278,71.1,88.5,89.7,62.8,0,0,48,0,30.0,129.3,6.8,3,5,0,0,4,0,0.0,259,7.2
2,Maverick McIvor,99476,QB,W KENTUCKY,1,68.8,32,36,9.0,2.41,0,1,2.6,58.3,21,0,13,4.5,42,1,12,346,70.2,57.1,61.6,48.8,1,1,45,0,15.4,83.6,4.8,2,2,0,3,2,1,2.2,224,6.2
2,Nick Minicucci,173617,QB,DELAWARE,1,67.7,31,36,8.1,2.54,0,0,0.0,50.0,18,0,15,14.3,39,3,13,151,71.1,41.7,40.5,56.7,2,1,39,0,13.3,77.5,5.1,2,1,0,3,1,2,5.1,312,8.7
2,Malik Washington,198729,QB,MARYLAND,1,74.2,31,35,8.1,2.86,1,0,0.0,54.3,19,0,4,17.4,36,4,11,215,31.9,66.4,65.7,59.7,0,0,37,0,25.0,96.6,2.8,1,0,0,3,2,1,2.7,254,7.3
2,Byrum Brown,156206,QB,USF,1,64.7,34,35,6.6,2.8,0,0,0.0,62.9,22,0,11,0.0,41,0,10,327,73.5,43.9,40.4,57.5,1,0,44,0,9.1,91.8,2.4,1,4,0,0,1,1,2.3,234,6.7
2,JC French IV,162521,QB,GA SOUTHRN,1,66.7,33,35,7.9,2.21,0,2,5.4,54.3,19,0,9,13.6,40,3,9,174,70.0,63.8,62.0,63.3,0,1,42,0,33.3,75.8,7.5,3,2,0,2,2,1,2.4,179,5.1
2,Katin Houser,158386,QB,E CAROLINA,1,78.8,33,35,8.6,2.04,0,2,5.4,71.4,25,0,10,3.8,37,1,14,156,69.8,78.1,79.8,59.0,0,0,39,0,0.0,118.0,0.0,0,2,0,2,2,0,0.0,314,9.0
2,AJ Swann,157186,QB,APP STATE,1,70.6,34,34,10.8,2.68,0,3,8.6,55.9,19,0,5,20.8,38,5,14,108,69.8,77.4,76.1,64.5,0,1,39,0,20.0,91.9,2.6,1,3,0,0,2,1,2.6,293,8.6
2,John Mateer,158516,QB,OKLAHOMA,1,73.3,30,34,9.3,2.49,1,2,5.7,61.8,21,0,11,4.5,35,1,12,261,75.3,76.4,72.7,68.5,0,1,36,0,9.1,84.2,2.9,1,0,0,3,1,2,5.6,270,7.9
2,Darian Mensah,169984,QB,DUKE,1,78.1,32,34,10.7,3.22,0,4,10.8,67.6,23,0,12,8.0,40,2,14,154,22.1,66.3,66.9,56.9,0,1,43,1,33.3,106.7,10.0,4,2,0,2,2,3,7.0,334,9.8
2,Gunner Stockton,157072,QB,GEORGIA,1,87.1,31,34,3.2,2.44,1,0,0.0,76.5,26,0,8,3.7,38,1,15,173,69.5,56.5,58.1,53.4,1,0,40,0,0.0,93.6,0.0,0,4,0,1,0,2,5.0,227,6.7
2,Drew Allar,164157,QB,PENN STATE,1,66.7,30,33,9.1,2.43,1,0,0.0,57.6,19,0,5,5.0,35,1,10,266,68.8,60.3,59.4,,0,0,37,0,40.0,95.5,5.7,2,0,0,2,2,0,0.0,200,6.1
2,DJ Lagway,184426,QB,FLORIDA,1,78.8,33,33,7.9,2.67,0,1,2.9,69.7,23,0,4,11.5,38,3,10,163,68.9,69.3,68.5,62.0,0,1,39,0,25.0,85.7,2.6,1,4,0,0,1,1,2.6,222,6.7
2,Blake Shapen,122282,QB,MISS STATE,1,67.7,31,33,11.5,2.96,1,2,5.9,57.6,19,0,15,9.5,42,2,12,227,70.9,72.4,78.5,53.2,1,0,44,0,20.0,115.6,7.1,3,6,0,0,3,0,0.0,279,8.5
2,Drew Mestemaker,190616,QB,N TEXAS,1,74.2,31,33,8.8,2.56,2,3,8.3,54.5,18,0,10,21.7,37,5,13,251,69.5,80.8,75.6,75.7,0,0,41,0,30.0,96.0,8.1,3,1,0,0,2,1,2.4,224,6.8
2,Jaylen Raynor,172203,QB,ARK STATE,1,71.0,31,33,6.4,2.8,0,1,2.7,63.6,21,0,20,4.5,46,1,10,113,35.3,54.2,45.7,69.9,0,2,51,0,30.0,55.7,13.0,6,7,0,2,1,4,7.8,125,3.8
2,Jalen Kitna,146688,QB,UAB,1,77.4,31,32,9.2,2.52,1,0,0.0,68.8,22,0,10,8.3,32,2,12,321,69.3,71.1,69.2,59.4,0,2,35,1,0.0,93.8,0.0,0,0,0,0,2,3,8.6,304,9.5
2,Ben Gulbranson,131734,QB,STANFORD,1,70.4,27,32,5.3,2.7,0,1,3.1,53.1,17,0,16,10.5,36,2,8,300,22.8,32.9,34.4,57.0,1,2,36,1,18.8,38.8,8.3,3,1,0,4,0,3,8.3,142,4.4
2,Bryson Barnes,131845,QB,UTAH ST,1,66.7,24,31,10.4,2.79,1,2,5.6,48.4,15,0,18,6.3,39,1,11,329,41.8,59.3,62.0,54.8,2,0,44,1,27.8,86.6,12.8,5,3,0,4,2,2,4.5,169,5.5
2,Joey Aguilar,174978,QB,TENNESSEE,1,90.0,30,31,8.3,2.45,0,0,0.0,74.2,23,0,3,14.8,31,4,14,307,68.9,81.8,81.0,60.0,1,0,32,0,0.0,124.1,0.0,0,0,0,0,2,0,0.0,288,9.3
2,Dylan Raiola,183581,QB,NEBRASKA,1,80.6,31,31,8.7,2.62,0,1,3.2,77.4,24,0,4,4.0,33,1,19,238,69.5,85.6,84.8,64.4,0,0,33,0,0.0,155.1,0.0,0,2,0,0,4,0,0.0,364,11.7
2,Nicholas Vattiato,145302,QB,MIDDLE TN,1,72.4,29,31,6.7,2.3,1,2,6.5,64.5,20,0,13,4.8,36,1,9,224,69.2,60.6,60.0,59.9,0,1,36,0,23.1,79.6,8.3,3,2,0,1,1,1,2.8,197,6.4
2,Luke Altmyer,146802,QB,ILLINOIS,1,71.0,31,31,8.7,2.37,0,2,5.9,71.0,22,0,15,0.0,36,0,16,187,70.3,73.7,74.6,57.6,0,0,39,0,26.7,133.3,11.1,4,1,0,0,3,0,0.0,296,9.5
2,Parker Navarro,123758,QB,OHIO,1,75.9,29,31,6.9,2.98,1,2,5.6,71.0,22,0,15,0.0,39,0,15,259,72.6,64.0,57.9,73.4,1,3,44,3,6.7,65.6,2.6,1,7,0,0,1,2,4.5,247,8.0
2,Jacob Clark,101628,QB,MO STATE,1,79.3,29,31,11.2,3.37,0,1,2.9,67.7,21,0,21,8.7,43,2,15,230,41.9,77.1,74.7,62.7,1,1,46,0,28.6,125.6,14.0,6,6,0,1,3,2,4.3,359,11.6
2,Goose Crowder,144781,QB,TROY,1,75.9,29,31,6.3,2.6,0,1,3.2,61.3,19,0,7,13.6,37,3,9,318,34.6,68.9,69.6,63.1,0,3,37,1,42.9,54.3,8.1,3,3,0,2,1,3,8.1,223,7.2
2,Arch Manning,173162,QB,TEXAS,1,78.6,28,30,12.0,3.09,0,3,9.7,63.3,19,0,13,13.6,34,3,11,311,29.5,78.8,74.5,71.5,2,1,35,0,7.7,121.5,2.9,1,3,0,0,4,4,11.4,295,9.8
2,Zach Calzada,98006,QB,KENTUCKY,1,60.7,28,30,9.1,2.93,1,1,3.1,50.0,15,0,11,11.8,33,2,5,202,69.2,48.2,45.7,62.3,0,0,36,1,18.2,64.6,6.1,2,1,0,1,0,1,2.8,150,5.0
2,T.J. Finley,124093,QB,GA STATE,1,75.9,29,30,7.1,2.69,0,1,3.2,70.0,21,0,13,4.5,35,1,11,175,69.7,63.3,59.5,68.3,0,1,37,1,23.1,74.4,8.6,3,2,0,1,0,3,8.1,201,6.7
2,Jayden Denegal,158533,QB,S DIEGO ST,1,60.7,28,30,13.4,2.98,2,3,9.7,50.0,15,0,17,11.8,33,2,6,284,70.4,74.4,73.0,64.6,0,0,34,0,17.6,73.3,9.1,3,0,0,0,1,1,2.9,133,4.4
2,Jalon Daniels,122555,QB,KANSAS,1,72.4,29,30,12.0,3.04,0,3,9.7,60.0,18,0,18,14.3,34,3,12,198,20.7,66.9,66.7,60.9,0,1,36,0,11.1,91.4,5.9,2,2,0,1,2,2,5.6,223,7.4
2,Preston Stone,124716,QB,NWESTERN,1,78.6,28,29,10.0,2.57,1,2,6.7,72.4,21,0,7,4.5,31,1,14,256,28.8,74.3,77.0,51.8,0,0,32,0,14.3,132.1,3.2,1,1,0,0,3,2,6.3,245,8.4
2,Aidan Chiles,173727,QB,MICH STATE,1,73.1,26,29,13.7,3.71,0,1,3.2,65.5,19,0,14,0.0,35,0,13,223,71.7,71.6,61.3,77.9,1,0,37,0,28.6,129.5,11.4,4,2,0,2,4,0,0.0,231,8.0
2,Braylon Braxton,144442,QB,SO MISS,1,75.0,28,29,8.7,2.79,0,3,8.8,65.5,19,0,13,9.5,37,2,12,296,70.4,79.2,77.4,66.4,0,0,42,0,15.4,121.9,5.4,2,5,0,1,3,0,0.0,214,7.4
2,Kyron Drones,144506,QB,VA TECH,1,72.0,25,29,6.0,2.83,1,1,3.2,58.6,17,0,14,5.6,34,1,6,337,72.4,61.0,48.8,76.2,2,0,36,0,21.4,81.7,8.8,3,1,0,1,1,1,2.8,134,4.6
2,Conner Harrell,156352,QB,CHARLOTTE,1,70.4,27,29,8.0,2.97,0,0,0.0,58.6,17,0,13,10.5,33,2,8,136,69.9,70.4,71.2,58.7,0,0,33,0,7.7,71.0,3.0,1,3,0,2,0,0,0.0,140,4.8
2,Noah Kim,129623,QB,E MICHIGAN,1,73.1,26,29,9.7,3.02,1,0,0.0,62.1,18,0,9,5.3,31,1,11,160,70.3,77.5,79.1,59.6,0,0,32,0,0.0,104.0,0.0,0,2,0,2,2,0,0.0,189,6.5
2,Ethan Vasko,163817,QB,LIBERTY,1,70.4,27,29,10.7,3.02,1,3,9.7,65.5,19,0,14,0.0,37,0,11,206,29.8,66.1,66.5,59.3,0,1,39,0,28.6,113.4,10.8,4,4,0,1,2,2,5.1,335,11.6
2,Eli Holstein,172381,QB,PITTSBURGH,1,77.8,27,28,8.8,2.79,0,1,3.3,75.0,21,0,8,0.0,31,0,15,268,69.5,68.7,61.7,74.9,1,1,33,0,12.5,134.5,3.2,1,2,0,0,4,2,6.1,304,10.9
2,Keyone Jenkins,170403,QB,FIU,1,65.2,23,28,5.0,2.82,1,0,0.0,53.6,15,0,16,0.0,30,0,6,166,69.3,38.9,40.3,55.4,0,1,30,1,12.5,50.7,6.7,2,0,0,4,0,2,6.7,127,4.5
2,Jackson Arnold,173684,QB,AUBURN,1,88.9,27,28,7.0,2.67,0,0,0.0,85.7,24,0,7,0.0,35,0,13,115,33.3,76.5,72.5,69.3,0,0,37,0,57.1,139.7,11.4,4,3,0,1,3,1,2.7,251,9.0
2,Aaron Philo,183222,QB,GA TECH,1,84.6,26,28,9.4,2.32,0,4,13.3,75.0,21,0,11,4.5,30,1,11,176,28.8,75.1,72.2,66.8,1,1,32,0,9.1,113.7,3.3,1,1,0,1,1,3,9.4,373,13.3
2,Marcel Reed,175940,QB,TEXAS A&M,1,77.8,27,28,9.4,2.75,0,2,6.9,67.9,19,0,8,9.5,33,2,15,312,70.9,82.5,72.8,79.0,1,0,34,0,12.5,127.1,3.0,1,4,0,0,3,0,0.0,220,7.9
2,Rocco Becht,157567,QB,IOWA STATE,1,66.7,27,27,9.8,2.13,0,2,7.1,66.7,18,0,4,0.0,27,0,6,193,71.5,70.3,66.4,67.2,0,0,29,0,0.0,90.7,0.0,0,0,0,0,1,0,0.0,134,5.0
2,Danny O'Neil,184200,QB,WISCONSIN,1,85.2,27,27,5.6,2.37,0,1,3.6,85.2,23,0,5,0.0,29,0,15,349,69.3,88.9,89.6,61.3,0,1,30,0,20.0,131.9,3.4,1,1,0,0,3,0,0.0,283,10.5
2,Bear Bachmeier,203434,QB,BYU,1,76.9,26,27,7.3,2.29,0,1,3.6,63.0,17,0,11,15.0,31,3,7,128,72.3,66.7,65.1,63.0,1,0,32,0,27.3,81.6,9.7,3,1,0,0,0,1,3.1,175,6.5
2,Malachi Nelson,174203,QB,UTEP,1,68.0,25,26,11.5,2.63,0,1,3.8,53.8,14,0,5,17.6,28,3,10,330,27.4,55.1,55.7,57.3,0,0,28,0,20.0,131.1,3.6,1,1,0,1,4,2,7.1,278,10.7
2,Behren Morton,144747,QB,TEXAS TECH,1,72.0,25,26,10.4,2.58,0,3,10.7,69.2,18,0,4,0.0,27,0,9,315,68.1,79.8,81.3,56.7,0,0,29,0,0.0,139.6,0.0,0,1,0,1,3,0,0.0,258,9.9
2,Nicco Marchiol,157363,QB,W VIRGINIA,1,64.0,25,26,9.1,2.93,1,1,3.7,57.7,15,0,13,6.3,33,1,7,343,70.4,58.1,56.7,60.6,0,1,34,0,38.5,62.7,15.2,5,2,0,0,0,1,2.9,178,6.8
2,Taylen Green,145996,QB,ARKANSAS,1,78.3,23,26,9.6,2.73,2,1,3.6,65.4,17,0,5,5.6,29,1,15,111,71.2,71.4,55.3,83.0,0,2,31,0,0.0,102.4,0.0,0,3,0,1,4,2,6.5,239,9.2
2,Maddux Madsen,163379,QB,BOISE ST,1,78.3,23,26,12.8,3.11,1,2,7.1,61.5,16,0,5,11.1,29,2,14,120,69.3,91.3,90.2,73.2,0,0,31,0,0.0,128.2,0.0,0,3,0,2,2,0,0.0,307,11.8
2,Gio Lopez,172309,QB,N CAROLINA,1,82.6,23,25,6.9,2.86,1,1,3.8,68.0,17,0,8,10.5,31,2,8,245,69.9,89.0,84.6,73.0,0,0,32,0,0.0,97.9,0.0,0,6,0,1,1,0,0.0,155,6.2
2,Avery Johnson,173108,QB,KANSAS ST,1,73.9,23,25,10.9,2.81,1,4,14.8,60.0,15,0,4,11.8,25,2,9,199,69.6,92.0,92.1,62.1,0,1,27,0,0.0,77.4,0.0,0,0,0,1,1,0,0.0,172,6.9
2,Demond Williams Jr.,183648,QB,WASHINGTON,1,78.3,23,25,10.0,2.83,1,1,4.0,64.0,16,0,10,11.1,30,2,13,340,70.2,90.2,81.6,79.5,0,0,30,0,0.0,111.1,0.0,0,5,0,1,1,0,0.0,254,10.2
2,Alonza Barnett III,156710,QB,JAMES MAD,1,81.0,21,25,5.3,2.38,3,0,0.0,60.0,15,0,14,11.8,29,2,5,197,15.2,39.7,41.0,51.9,1,0,33,0,28.6,82.4,13.8,4,0,0,0,1,2,6.1,102,4.1
2,Fernando Mendoza,158323,QB,INDIANA,1,83.3,24,25,10.0,2.75,0,0,0.0,72.0,18,0,5,10.0,28,2,14,190,68.2,84.9,86.6,58.3,0,0,30,0,0.0,142.5,0.0,0,3,0,1,4,0,0.0,245,9.8
2,Brayden Fowler-Nicolosi,157207,QB,COLO STATE,1,56.5,23,24,7.3,2.72,0,0,0.0,54.2,13,0,3,0.0,28,0,12,144,28.7,45.5,30.7,82.2,0,1,30,0,33.3,52.8,3.6,1,3,0,1,0,2,6.7,132,5.5
2,Jayden Maiava,158135,QB,USC,1,73.9,23,24,11.0,2.96,0,1,4.0,66.7,16,0,7,5.9,25,1,12,326,68.4,72.0,74.6,53.5,0,0,26,0,0.0,149.3,0.0,0,1,0,1,4,1,3.8,415,17.3
2,Colton Joseph,172283,QB,DOMINION,1,83.3,24,24,13.0,2.91,0,2,8.3,79.2,19,0,5,5.0,29,1,14,263,28.1,81.3,83.2,62.9,0,0,29,0,40.0,150.9,6.9,2,3,0,0,3,1,3.4,257,10.7
2,Zion Turner,158636,QB,MARSHALL,1,60.9,23,24,8.8,2.71,1,0,0.0,54.2,13,0,10,7.1,26,1,4,214,71.8,60.1,53.8,66.5,0,1,26,1,10.0,44.3,3.8,1,1,0,0,0,1,3.8,83,3.5
2,Kaden Anderson,127312,QB,WYOMING,1,86.4,22,24,6.1,2.92,1,1,3.8,70.8,17,0,6,10.5,26,2,8,351,28.0,64.2,64.2,59.6,0,0,28,1,33.3,117.9,7.7,2,0,0,1,2,1,3.6,167,7.0
2,Cade Klubnik,156253,QB,CLEMSON,1,82.6,23,24,8.8,2.4,1,1,3.7,75.0,18,0,8,5.3,27,1,8,140,69.3,67.7,70.7,55.1,0,1,31,0,12.5,109.0,3.7,1,2,0,0,2,0,0.0,196,8.2
2,Bishop Davenport,163426,QB,S ALABAMA,1,82.6,23,24,9.9,2.5,0,2,7.4,70.8,17,0,11,10.5,26,2,8,288,39.4,64.9,58.0,68.2,0,0,29,1,9.1,129.0,3.8,1,1,0,1,2,3,10.3,231,9.6
2,Austin Simmons,175891,QB,OLE MISS,1,56.5,23,24,10.9,2.11,0,1,4.2,54.2,13,0,5,0.0,26,0,9,226,71.4,55.9,48.1,67.2,0,2,26,0,0.0,53.3,0.0,0,2,0,1,0,2,7.7,235,9.8
2,Jake Retzlaff,70874,QB,TULANE,1,78.3,23,24,7.4,3.01,1,0,0.0,54.2,13,0,7,27.8,29,5,8,319,35.4,80.3,82.7,63.1,0,0,30,1,14.3,82.8,3.4,1,4,0,0,1,1,3.3,125,5.2
2,Carson Beck,124010,QB,MIAMI FL,1,91.7,24,24,6.0,2.07,0,1,4.2,91.7,22,0,1,0.0,24,0,14,220,67.6,82.8,82.2,,0,0,24,0,0.0,140.8,0.0,0,0,0,0,2,0,0.0,267,11.1
2,Kirk Francis,173296,QB,TULSA,1,60.9,23,24,6.8,2.05,1,0,0.0,58.3,14,0,5,0.0,25,0,6,320,69.0,55.9,57.1,55.0,0,1,27,0,20.0,51.0,4.0,1,0,0,0,0,0,0.0,102,4.3
2,Mark Gronowski,138303,QB,IOWA,1,76.2,21,24,7.0,3.53,0,0,0.0,54.2,13,0,12,18.8,32,3,7,192,38.6,67.0,58.0,70.4,1,1,34,0,25.0,44.3,9.4,3,5,0,2,0,1,2.9,83,3.5
2,Bryce Underwood,198795,QB,MICHIGAN,1,52.4,21,24,11.2,2.83,1,0,0.0,37.5,9,0,12,18.2,26,2,5,222,68.6,44.7,40.3,64.9,1,0,28,0,8.3,58.0,3.8,1,1,0,1,0,1,3.6,142,5.9
2,Miller Moss,70727,QB,LOUISVILLE,1,56.5,23,23,9.7,2.96,0,0,0.0,56.5,13,0,10,0.0,27,0,6,210,28.3,45.6,42.3,67.1,0,0,30,1,30.0,91.0,11.1,3,1,0,0,1,2,6.7,151,6.6
2,Brendan Sorsby,156398,QB,CINCINNATI,1,81.0,21,23,12.4,2.52,0,4,16.7,69.6,16,0,3,5.9,27,1,16,138,71.0,90.9,91.7,63.7,0,0,28,0,0.0,151.7,0.0,0,3,0,2,3,0,0.0,334,14.5
2,MJ Morris,157404,QB,COAST CAR,1,65.2,23,23,7.9,2.17,0,1,4.2,60.9,14,0,3,6.7,24,1,7,141,69.4,34.8,31.1,60.3,0,3,25,0,33.3,34.4,4.2,1,0,0,0,0,4,16.0,117,5.1
2,Josh Holst,171312,QB,N ILLINOIS,1,76.2,21,23,6.2,2.78,0,1,4.2,60.9,14,0,14,12.5,30,2,6,254,69.3,58.8,62.7,51.8,0,0,31,1,21.4,69.3,10.0,3,4,0,2,0,0,0.0,91,4.0
2,Devon Dampier,171556,QB,UTAH,1,81.8,22,23,9.0,2.44,0,1,4.3,73.9,17,0,7,5.6,26,1,10,328,68.5,76.6,72.5,70.3,1,0,27,0,14.3,138.0,3.8,1,2,0,0,3,0,0.0,192,8.3
2,Ryan Browne,174949,QB,PURDUE,1,68.2,22,23,11.4,2.81,0,1,3.8,60.9,14,0,5,6.7,26,1,12,273,71.1,77.5,68.1,77.1,0,1,29,0,0.0,94.5,0.0,0,3,0,1,2,1,3.4,170,7.4
2,Sam Leavitt,175465,QB,ARIZONA ST,1,50.0,22,23,13.3,3.62,0,0,0.0,43.5,10,0,12,9.1,31,1,9,110,68.6,54.6,44.8,71.2,0,2,35,0,16.7,31.4,6.5,2,6,1,0,1,3,8.6,82,3.6
2,CJ Bailey,183349,QB,NC STATE,1,81.0,21,23,8.4,2.99,0,1,4.3,69.6,16,0,11,5.9,26,1,13,248,70.5,78.7,78.8,63.8,1,0,26,0,0.0,110.8,0.0,0,3,0,1,1,0,0.0,200,8.7
2,Robby Ashford,131702,QB,WAKE,1,71.4,21,22,11.5,2.62,0,1,4.0,59.1,13,0,2,13.3,25,2,8,339,23.2,63.0,66.9,53.9,0,1,28,0,0.0,90.5,0.0,0,2,0,1,1,2,7.1,227,10.3
2,Dequan Finn,97804,QB,MIAMI OH,1,71.4,21,22,13.8,2.94,0,1,3.8,63.6,14,0,12,6.7,29,1,10,221,70.4,73.7,66.4,75.9,1,1,33,1,16.7,83.7,6.9,2,5,0,0,0,1,3.0,251,11.4
2,Noah Fifita,158722,QB,ARIZONA,1,90.0,20,22,11.7,3.33,1,2,8.3,77.3,17,0,9,5.6,27,1,15,109,68.9,89.1,86.9,69.6,0,0,32,0,22.2,158.1,7.4,2,3,0,1,5,0,0.0,373,17.0
2,Daniel Beale,197861,QB,LA LAFAYET,1,85.0,20,22,5.0,2.73,2,0,0.0,63.6,14,0,6,17.6,25,3,6,207,68.3,57.5,54.6,62.8,0,0,31,0,16.7,86.6,4.0,1,2,0,0,1,0,0.0,86,3.9
2,Kevin Jennings,158272,QB,SMU,1,80.0,20,22,12.6,3.69,1,2,8.3,72.7,16,0,12,0.0,30,0,9,287,35.4,49.3,50.0,54.2,0,1,32,1,16.7,135.4,6.7,2,6,0,1,3,4,12.5,295,13.4
2,Grant Jordan,151147,QB,UMASS,1,59.1,22,22,11.4,3.53,0,2,8.7,59.1,13,0,11,0.0,28,0,11,216,70.6,77.1,73.0,69.1,0,1,29,0,18.2,71.2,7.1,2,4,0,0,0,1,3.4,205,9.3
2,Conner Weigman,158683,QB,HOUSTON,1,71.4,21,22,7.4,3.33,1,1,4.3,68.2,15,0,12,0.0,28,0,7,182,30.5,60.1,61.2,57.3,0,0,29,0,25.0,109.7,10.7,3,3,0,0,1,1,3.4,188,8.5
2,Anthony Colandrea,170131,QB,UNLV,1,78.9,19,21,11.8,2.96,0,1,4.0,71.4,15,0,11,0.0,27,0,9,325,72.3,78.7,72.2,72.6,0,0,32,0,18.2,141.5,7.4,2,3,0,2,3,0,0.0,203,9.7
2,Chubba Purdy,122412,QB,NEVADA,1,66.7,21,21,9.0,3.21,0,0,0.0,57.1,12,0,6,14.3,31,2,9,239,73.3,64.7,63.5,61.8,0,2,33,0,0.0,38.7,0.0,0,10,0,0,0,2,6.1,144,6.9
2,Ben Finley,122864,QB,AKRON,1,63.2,19,21,10.9,2.91,0,3,12.5,33.3,7,0,8,41.7,23,5,2,102,68.5,82.2,88.3,49.0,0,0,27,0,0.0,42.4,0.0,0,2,0,2,0,0,0.0,54,2.6
2,Tayven Jackson,157615,QB,UCF,1,66.7,21,21,14.8,2.83,0,2,9.5,57.1,12,0,2,14.3,22,2,7,323,68.7,62.0,57.0,69.6,0,0,22,0,50.0,87.2,4.5,1,0,0,0,0,1,4.5,189,9.0
2,Dante Moore,173983,QB,OREGON,1,80.0,20,21,7.9,2.63,0,2,9.1,76.2,16,0,5,0.0,22,0,9,264,68.1,88.2,84.0,71.4,0,0,23,0,0.0,157.2,0.0,0,1,0,1,3,0,0.0,266,12.7
2,Ta'Quan Roberson,101625,QB,BUFFALO,1,61.1,18,20,11.2,2.65,1,0,0.0,50.0,10,0,2,9.1,23,1,7,126,70.9,58.8,47.7,69.2,0,1,23,0,0.0,67.3,0.0,0,3,0,1,1,0,0.0,133,6.7
2,Jack Layne,158966,QB,NEW MEXICO,1,68.4,19,20,8.2,2.68,0,3,12.5,65.0,13,0,9,0.0,25,0,6,241,69.2,78.2,76.6,66.4,0,0,29,0,22.2,88.5,8.0,2,3,0,1,0,0,0.0,155,7.8
2,Brendon Lewis,131687,QB,MEMPHIS,1,80.0,20,20,7.2,2.92,0,1,4.5,80.0,16,0,11,0.0,26,0,13,218,70.2,75.6,73.9,65.6,0,0,29,0,9.1,107.5,3.8,1,5,0,0,0,1,3.4,196,9.8
2,Brad Jackson,184354,QB,TEXAS ST,1,66.7,18,20,16.7,2.49,2,3,12.5,60.0,12,0,9,0.0,23,0,6,314,73.3,69.5,63.4,68.2,0,1,27,0,11.1,100.0,4.3,1,2,0,0,1,1,3.7,286,14.3
2,Mabrey Mettauer,183668,QB,SM HOUSTON,1,70.6,17,19,4.1,3.42,0,0,0.0,63.2,12,0,11,0.0,31,0,8,281,70.4,54.3,58.1,56.5,0,1,33,1,27.3,52.7,9.7,3,9,0,2,0,1,3.0,91,4.8
2,Zane Flores,174288,QB,OKLA STATE,1,50.0,16,19,8.8,2.56,2,1,5.0,36.8,7,0,11,12.5,22,1,3,262,69.3,47.9,44.6,59.1,0,2,23,0,18.2,7.9,9.1,2,1,0,1,0,2,8.7,67,3.5
2,LaNorris Sellers,174326,QB,S CAROLINA,1,75.0,16,19,11.0,3.43,1,1,5.0,57.9,11,0,8,8.3,23,1,6,289,69.9,69.8,67.3,64.8,0,0,24,0,25.0,95.9,8.7,2,2,0,2,1,0,0.0,128,6.7
2,Julian Sayin,183708,QB,OHIO STATE,1,94.7,19,19,8.6,2.53,0,2,10.5,94.7,18,0,0,0.0,20,0,12,260,67.1,90.6,90.7,60.0,0,1,20,0,,136.4,5.0,1,0,0,0,4,1,5.0,306,16.1
2,E.J. Warner,156185,QB,FRESNO ST,1,81.3,16,18,5.1,2.51,0,0,0.0,72.2,13,0,2,0.0,21,0,8,169,68.7,56.9,44.4,73.1,0,1,22,1,0.0,67.1,0.0,0,3,0,2,0,2,9.1,121,6.7
2,Baylor Hayes,192135,QB,TULSA,1,88.2,17,18,7.8,3.14,0,1,5.6,83.3,15,0,6,0.0,20,0,9,320,67.7,67.1,62.0,68.5,1,1,20,0,16.7,102.1,5.0,1,1,0,0,1,1,5.0,173,9.6
2,Diego Pavia,156927,QB,VANDERBILT,1,70.6,17,18,12.9,2.64,0,3,14.3,66.7,12,0,8,0.0,19,0,10,333,72.9,90.4,90.5,71.8,0,1,22,1,0.0,116.2,0.0,0,1,0,1,2,1,4.5,193,10.7
2,Trey Kukuk,198675,QB,LA TECH,1,76.5,17,18,1.9,2.19,0,0,0.0,66.7,12,0,8,7.7,20,1,1,208,70.3,57.3,54.1,61.8,1,0,21,0,12.5,70.1,5.0,1,1,0,0,0,0,0.0,50,2.8
2,Ty Simpson,157008,QB,ALABAMA,1,100.0,17,17,3.7,2.16,0,3,16.7,100.0,17,0,3,0.0,17,0,11,103,69.0,94.1,93.3,72.8,0,0,18,0,0.0,158.3,0.0,0,0,0,0,3,0,0.0,226,13.3
2,Amari Odom,178686,QB,KENNESAW,1,66.7,15,16,12.8,2.97,0,2,11.8,62.5,10,0,7,0.0,22,0,6,200,70.4,71.0,75.2,57.9,0,1,23,0,28.6,74.0,9.1,2,4,0,1,0,1,4.3,176,11.0
2,Kaidon Salter,132046,QB,COLORADO,1,81.3,16,16,4.6,2.92,0,0,0.0,81.3,13,0,7,0.0,22,0,8,143,68.8,60.4,54.6,65.3,0,0,23,0,28.6,93.2,9.1,2,4,0,0,0,0,0.0,102,6.4
2,Kiael Kelly,145634,QB,BALL ST,1,66.7,15,16,9.9,2.76,0,0,0.0,62.5,10,0,12,0.0,23,0,2,117,13.2,32.1,34.6,51.0,0,0,26,2,58.3,72.7,30.4,7,0,0,1,0,2,7.7,71,4.4
2,Dru DeShields,176094,QB,KENT STATE,1,66.7,12,15,11.8,2.81,1,1,5.9,46.7,7,0,9,12.5,18,1,6,201,69.1,76.1,72.6,67.4,0,0,20,0,11.1,95.4,5.6,1,2,0,2,1,0,0.0,116,7.7
2,Jake Merklinger,184888,QB,TENNESSEE,1,84.6,13,14,10.7,2.65,0,0,0.0,64.3,9,0,4,18.2,16,2,10,307,66.5,87.5,83.2,69.5,1,0,16,0,0.0,130.4,0.0,0,2,0,0,2,0,0.0,118,8.4
2,Joe Labas,144847,QB,C MICHIGAN,1,91.7,12,14,6.8,2.46,2,0,0.0,78.6,11,0,6,0.0,15,0,4,134,24.5,62.5,53.6,66.3,0,0,15,0,16.7,117.0,6.7,1,0,0,0,1,1,6.7,89,6.4
2,Aidan Armenta,175731,QB,LA MONROE,1,61.5,13,14,7.7,3.28,0,1,7.1,57.1,8,0,6,0.0,15,0,3,209,67.4,66.0,69.6,54.0,0,1,16,0,0.0,32.4,0.0,0,1,0,1,0,1,6.3,28,2.0
2,Grayson Loftis,170054,QB,CHARLOTTE,1,72.7,11,13,16.2,2.96,0,1,7.1,61.5,8,0,4,0.0,14,0,7,136,66.4,74.5,71.0,64.3,1,2,15,0,0.0,49.0,0.0,0,1,1,0,0,1,6.7,110,8.5
2,Gavin Wimsatt,155757,QB,JVILLE ST,1,81.8,11,12,8.8,2.65,0,0,0.0,50.0,6,0,2,33.3,13,3,4,196,72.9,83.7,69.7,76.3,0,0,13,0,0.0,61.8,0.0,0,1,0,1,0,0,0.0,52,4.3
2,Chase Jenkins,173242,QB,RICE,1,83.3,12,12,0.1,2.35,0,0,0.0,83.3,10,0,6,0.0,16,0,5,275,30.0,66.2,58.5,66.4,0,1,17,0,50.0,49.3,18.8,3,1,0,0,0,0,0.0,50,4.2
2,Emory Williams,170099,QB,MIAMI FL,1,66.7,12,12,8.7,2.56,0,0,0.0,66.7,8,0,2,0.0,14,0,4,220,21.7,57.1,53.5,62.9,0,0,14,0,100.0,84.4,14.3,2,0,0,0,0,1,7.1,77,6.4
2,Tucker Gleason,122475,QB,TOLEDO,1,72.7,11,12,11.9,2.99,0,2,14.3,58.3,7,0,3,12.5,13,1,6,316,68.8,84.3,83.0,66.1,0,0,15,0,0.0,142.4,0.0,0,1,0,1,2,1,6.7,155,12.9
2,Cameran Brown,184894,QB,GA STATE,1,75.0,12,12,14.1,3.31,0,1,8.3,66.7,8,0,7,11.1,14,1,6,175,21.7,76.1,80.2,56.7,0,0,14,0,0.0,133.7,0.0,0,2,0,0,1,1,7.1,139,11.6
2,Tommy Castellanos,158433,QB,FLORIDA ST,1,72.7,11,11,19.3,3.16,0,2,18.2,72.7,8,0,4,0.0,13,0,5,167,67.8,76.0,82.8,55.6,0,0,13,0,0.0,154.4,0.0,0,2,0,0,3,0,0.0,237,21.5
2,Ryan Staub,171906,QB,COLORADO,1,80.0,10,11,11.1,2.58,0,2,16.7,63.6,7,1,2,12.5,12,1,4,143,67.0,73.1,70.4,63.1,0,0,13,1,50.0,146.8,8.3,1,0,1,0,2,1,7.7,158,14.4
2,Cale Hellums,170981,QB,ARMY,1,100.0,8,11,6.4,3.44,0,0,0.0,63.6,7,0,10,12.5,18,1,6,114,78.9,70.6,72.5,64.8,0,0,18,0,0.0,101.7,0.0,0,7,0,3,1,0,0.0,43,3.9
2,Broc Lowry,173383,QB,W MICHIGAN,1,83.3,6,10,1.5,3.39,0,0,0.0,50.0,5,0,8,0.0,15,0,6,347,72.1,64.4,47.0,71.3,0,0,18,0,12.5,108.3,6.7,1,4,0,4,1,0,0.0,75,7.5
2,Landyn Locke,199937,QB,SM HOUSTON,1,66.7,9,10,6.4,2.82,0,0,0.0,60.0,6,0,5,0.0,11,0,3,281,65.8,29.8,31.0,56.7,0,0,12,0,0.0,113.8,0.0,0,1,0,1,1,1,8.3,68,6.8
2,Will Hammond,184898,QB,TEXAS TECH,1,70.0,10,10,6.2,2.69,0,0,0.0,70.0,7,0,4,0.0,12,0,5,315,66.8,70.9,58.4,74.6,0,0,12,0,0.0,132.9,0.0,0,2,0,0,1,1,8.3,94,9.4
2,Jadyn Glasser,184670,QB,C MICHIGAN,1,87.5,8,10,5.0,2.76,0,0,0.0,70.0,7,0,10,0.0,13,0,5,134,69.4,80.6,71.2,73.9,1,0,14,0,20.0,92.9,15.4,2,1,1,0,0,0,0.0,78,7.8
2,Austin Mack,171934,QB,ALABAMA,1,80.0,10,10,6.3,2.93,0,0,0.0,80.0,8,0,2,0.0,12,0,6,103,65.8,59.5,64.2,52.9,0,0,12,0,0.0,139.6,0.0,0,2,0,0,2,0,0.0,80,8.0
2,CJ Montes,146114,QB,KENT STATE,1,55.6,9,10,1.6,2.37,1,0,0.0,40.0,4,0,7,20.0,13,1,2,201,67.0,52.7,47.0,64.2,0,1,13,0,28.6,16.3,15.4,2,1,0,0,0,0,0.0,49,4.9
2,Evan Simon,129906,QB,TEMPLE,1,90.0,10,10,10.4,2.87,0,1,10.0,80.0,8,0,5,11.1,15,1,8,306,68.8,88.6,89.5,67.1,0,0,15,0,40.0,158.3,13.3,2,3,0,0,3,0,0.0,174,17.4
2,Drake Lindsey,184727,QB,MINNESOTA,1,88.9,9,9,11.8,2.88,0,1,11.1,88.9,8,0,2,0.0,9,0,7,225,67.4,90.1,86.9,68.5,0,0,9,0,0.0,155.8,0.0,0,0,0,0,1,0,0.0,139,15.4
2,Turner Helton,163044,QB,GA SOUTHRN,1,62.5,8,9,8.1,2.44,0,1,9.1,44.4,4,0,2,20.0,10,1,2,174,65.8,53.7,56.2,57.0,0,0,12,0,0.0,51.6,0.0,0,1,0,1,0,0,0.0,24,2.7
2,John Alan Richter,156999,QB,TOLEDO,1,77.8,9,9,14.7,2.83,0,1,11.1,55.6,5,0,2,28.6,10,2,4,316,65.6,65.2,75.5,52.8,0,1,11,1,0.0,67.1,0.0,0,1,0,0,1,0,0.0,46,5.1
2,Blake Horvath,162555,QB,NAVY,1,75.0,8,8,11.1,3.13,0,1,12.5,75.0,6,0,2,0.0,11,0,7,237,74.8,81.4,79.8,70.1,0,0,11,0,0.0,156.3,0.0,0,3,0,0,1,0,0.0,168,21.0
2,Blake Baker,170448,QB,LA TECH,1,60.0,5,8,13.8,2.23,0,0,0.0,37.5,3,0,6,0.0,10,0,1,208,69.2,48.3,29.1,75.3,2,0,11,0,16.7,96.9,10.0,1,1,0,1,1,2,18.2,46,5.8
2,Lincoln Kienholz,170256,QB,OHIO STATE,1,85.7,7,7,5.4,2.44,0,0,0.0,85.7,6,0,2,0.0,7,0,5,260,67.1,79.5,69.5,71.9,0,0,7,0,0.0,148.5,0.0,0,0,0,0,1,0,0.0,71,10.1
2,TJ Lateef,199810,QB,NEBRASKA,1,85.7,7,7,4.3,3.03,0,0,0.0,85.7,6,0,1,0.0,8,0,5,238,66.2,72.7,63.3,70.1,0,0,8,0,0.0,118.8,0.0,0,1,0,0,0,0,0.0,128,18.3
2,George MacIntyre,199971,QB,TENNESSEE,1,85.7,7,7,7.1,2.84,0,0,0.0,85.7,6,0,2,0.0,7,0,4,307,64.6,62.4,61.9,,0,0,7,0,0.0,97.6,0.0,0,0,0,0,0,0,0.0,52,7.4
2,Brandon Rose,158503,QB,UMASS,1,66.7,6,6,5.5,2.48,0,0,0.0,66.7,4,0,2,0.0,6,0,2,216,64.2,64.8,64.2,,0,0,6,0,0.0,74.3,0.0,0,0,0,0,0,0,0.0,24,4.0
2,Gevani McCoy,147609,QB,TEMPLE,1,100.0,6,6,4.2,2.41,0,0,0.0,100.0,6,0,0,0.0,7,0,6,306,22.4,62.6,78.0,49.0,0,0,8,0,,145.8,0.0,0,1,0,0,1,0,0.0,57,9.5
2,Keelon Russell,198077,QB,ALABAMA,1,83.3,6,6,7.5,2.6,0,1,14.3,66.7,4,0,1,20.0,6,1,4,103,65.9,86.1,89.8,58.7,0,0,7,0,0.0,142.4,0.0,0,0,0,0,2,0,0.0,65,10.8
2,Husan Longstreet,199411,QB,USC,1,80.0,5,6,3.6,3.21,0,0,0.0,66.7,4,0,2,0.0,7,0,2,326,64.6,57.7,60.9,57.3,0,0,7,0,0.0,81.3,0.0,0,1,0,1,0,0,0.0,34,5.7
2,Deuce Knight,198161,QB,AUBURN,1,60.0,5,5,5.2,2.33,0,0,0.0,40.0,2,0,2,33.3,8,1,3,115,7.9,24.4,20.2,71.4,0,0,8,0,100.0,52.1,25.0,2,1,0,0,0,3,37.5,20,4.0
2,Joe Pesansky,149434,QB,FIU,1,75.0,4,5,5.0,3.4,0,0,0.0,60.0,3,0,5,0.0,7,0,2,166,16.8,62.0,47.5,71.9,1,0,7,0,20.0,70.4,14.3,1,1,0,0,0,1,14.3,22,4.4
2,Max Shikenjanski,173421,QB,MINNESOTA,1,100.0,5,5,8.6,2.47,0,1,20.0,80.0,4,0,2,20.0,6,1,2,225,65.7,81.4,79.7,63.0,0,0,6,0,50.0,158.3,16.7,1,0,0,0,1,0,0.0,80,16.0
2,Kevin Sperry,198436,QB,FLORIDA ST,1,80.0,5,5,14.6,2.95,0,0,0.0,80.0,4,0,1,0.0,6,0,3,167,67.0,70.0,73.2,59.3,0,0,6,0,0.0,157.1,0.0,0,1,0,0,2,0,0.0,61,12.2
2,Tad Hudson,170107,QB,COAST CAR,1,60.0,5,5,1.4,1.88,0,0,0.0,60.0,3,0,1,0.0,5,0,2,141,69.7,67.7,53.5,71.0,0,0,6,0,0.0,82.9,0.0,0,0,0,0,0,0,0.0,37,7.4
2,Matthew Sluka,143059,QB,JAMES MAD,1,60.0,5,5,8.4,2.41,0,0,0.0,60.0,3,0,1,0.0,7,0,2,197,75.5,77.4,41.3,80.0,0,1,8,0,100.0,41.7,14.3,1,1,0,0,0,1,12.5,35,7.0
2,Quinn Henicle,190064,QB,DOMINION,1,60.0,5,5,10.0,3.28,0,0,0.0,60.0,3,0,1,0.0,5,0,1,263,69.7,55.2,55.8,57.6,0,0,7,0,0.0,68.8,0.0,0,0,0,0,0,0,0.0,20,4.0
2,Miles O'Neill,191260,QB,TEXAS A&M,1,60.0,5,5,20.4,3.77,0,2,40.0,60.0,3,0,4,0.0,7,0,2,312,64.6,76.5,81.3,57.3,0,1,7,0,25.0,104.2,14.3,1,1,0,0,1,1,14.3,99,19.8
2,Henry Belin IV,162693,QB,DUKE,1,40.0,5,5,25.0,3.92,0,0,0.0,40.0,2,0,1,0.0,5,0,1,154,65.5,59.5,52.3,63.2,0,0,5,0,0.0,53.8,0.0,0,0,0,0,0,0,0.0,22,4.4
2,Mike Wright Jr.,124366,QB,E CAROLINA,1,80.0,5,5,3.6,2.24,0,0,0.0,60.0,3,0,2,25.0,5,1,0,156,68.2,68.1,60.4,67.8,0,0,5,0,0.0,64.6,0.0,0,0,0,0,0,0,0.0,13,2.6
2,Brady Jones,200039,QB,W MICHIGAN,1,60.0,5,5,12.2,3.37,0,0,0.0,40.0,2,0,0,33.3,6,1,0,347,3.6,33.2,42.8,60.0,0,0,6,0,,47.9,16.7,1,0,0,0,0,1,16.7,12,2.4
2,Kai Horton,144418,QB,WASHINGTON,1,60.0,5,5,22.2,3.37,0,0,0.0,60.0,3,0,1,0.0,7,0,4,340,65.9,68.1,56.2,70.9,0,0,7,0,0.0,93.8,0.0,0,2,0,0,0,1,14.3,50,10.0
2,Mason Heintschel,199088,QB,PITTSBURGH,1,75.0,4,4,9.8,2.25,0,0,0.0,75.0,3,0,0,0.0,4,0,1,268,63.8,48.2,47.6,,0,0,5,0,,102.1,0.0,0,0,0,0,0,1,20.0,36,9.0
2,Braedyn Locke,157141,QB,ARIZONA,1,75.0,4,4,6.8,2.62,0,0,0.0,50.0,2,0,2,33.3,5,1,1,109,65.5,65.8,60.9,62.8,0,0,5,0,50.0,56.3,20.0,1,0,0,0,0,0,0.0,11,2.8
2,Landon Graves,181155,QB,LA MONROE,1,66.7,3,4,17.7,3.1,0,0,0.0,50.0,2,0,3,0.0,4,0,2,209,63.3,67.4,66.8,,0,0,4,0,0.0,71.9,0.0,0,0,0,1,0,0,0.0,27,6.8
2,Byrd Ficklin,199457,QB,UTAH,1,100.0,4,4,2.8,2.42,0,0,0.0,100.0,4,0,2,0.0,5,0,2,328,69.7,92.4,74.3,86.4,0,0,5,0,0.0,118.8,0.0,0,1,0,0,0,0,0.0,53,13.3
2,AJ Hairston,184157,QB,UMASS,1,75.0,4,4,10.8,3.7,0,0,0.0,75.0,3,0,1,0.0,5,0,2,216,64.2,70.7,70.0,62.0,0,0,6,0,0.0,93.8,0.0,0,1,0,0,0,0,0.0,28,7.0
2,Deshawn Purdie,184271,QB,WAKE,1,75.0,4,4,13.8,2.2,0,1,25.0,75.0,3,0,1,0.0,4,0,2,339,67.8,76.8,77.1,60.8,0,0,4,0,0.0,147.9,0.0,0,0,0,0,1,0,0.0,42,10.5
2,Chaston Ditta,198345,QB,E CAROLINA,1,100.0,4,4,6.5,1.55,0,0,0.0,75.0,3,0,0,25.0,4,1,2,156,63.3,67.7,67.1,,0,0,4,0,,141.7,0.0,0,0,0,0,1,0,0.0,36,9.0
2,Julian Lewis,198304,QB,COLORADO,1,75.0,4,4,3.8,3.07,0,0,0.0,50.0,2,0,2,33.3,6,1,0,143,68.0,64.7,68.7,57.2,0,0,6,0,50.0,56.3,16.7,1,1,0,0,0,0,0.0,8,2.0
2,Alberto Mendoza,188673,QB,INDIANA,1,100.0,3,3,11.0,1.9,0,0,0.0,100.0,3,0,0,0.0,3,0,3,190,64.8,90.2,90.4,60.0,0,0,3,1,,154.9,0.0,0,0,0,0,1,0,0.0,35,11.7
2,Dylan Wittke,174804,QB,MINNESOTA,1,33.3,3,3,14.3,2.37,0,0,0.0,33.3,1,0,1,0.0,3,0,0,225,63.3,39.9,38.0,,0,1,4,0,0.0,2.8,0.0,0,0,0,0,0,1,25.0,7,2.3
2,Josh Flowers,184255,QB,ARK STATE,1,33.3,3,3,9.0,1.7,0,0,0.0,33.3,1,0,0,0.0,3,0,1,113,66.4,68.6,67.4,61.6,0,0,3,0,,42.4,0.0,0,0,0,0,0,0,0.0,7,2.3
2,Luke Moga,184857,QB,OREGON,1,66.7,3,3,6.3,2.35,0,0,0.0,66.7,2,0,0,0.0,4,0,2,264,63.8,66.2,59.2,64.2,0,0,5,0,,109.7,0.0,0,1,0,0,0,0,0.0,53,17.7
2,Angel Flores,164493,QB,C MICHIGAN,1,100.0,2,3,0.5,1.68,0,0,0.0,66.7,2,0,4,0.0,6,0,0,134,71.1,65.6,53.9,66.8,0,0,6,0,50.0,71.5,33.3,2,0,0,1,0,0,0.0,10,3.3
2,KJ Jackson,184386,QB,ARKANSAS,1,100.0,3,3,12.3,3.13,0,0,0.0,100.0,3,0,0,0.0,4,0,4,111,65.5,89.4,86.1,65.3,0,0,5,0,,118.8,0.0,0,1,0,0,0,0,0.0,70,23.3
2,Max Cutforth,176220,QB,BOISE ST,1,33.3,3,3,6.7,2.0,0,0,0.0,33.3,1,0,0,0.0,3,0,0,120,66.4,47.1,45.4,58.6,0,0,3,0,,42.4,0.0,0,0,0,0,0,0,0.0,2,0.7
2,Landon Sims,200048,QB,WYOMING,1,100.0,3,3,2.7,3.2,0,0,0.0,100.0,3,0,2,0.0,5,0,2,351,66.8,74.9,70.1,66.1,0,0,5,0,50.0,98.6,20.0,1,1,0,0,0,0,0.0,23,7.7
2,Cutter Boley,184630,QB,KENTUCKY,1,66.7,3,3,18.7,3.53,0,0,0.0,33.3,1,0,4,50.0,6,1,2,202,65.9,55.9,54.1,60.2,0,0,7,0,25.0,81.9,16.7,1,2,0,0,0,0,0.0,38,12.7
2,Brendan Sullivan,145034,QB,TULANE,1,100.0,3,3,10.0,3.18,0,0,0.0,100.0,3,0,1,0.0,4,0,3,319,63.3,75.8,82.7,57.3,0,0,4,0,0.0,118.8,0.0,0,1,0,0,0,0,0.0,40,13.3
2,Matthew Caldwell,150302,QB,TEXAS,1,66.7,3,3,9.0,2.33,0,0,0.0,66.7,2,0,0,0.0,3,0,1,311,62.7,70.2,69.8,,0,0,3,0,,88.2,0.0,0,0,0,0,0,0,0.0,22,7.3
2,Jacurri Brown,156344,QB,UCF,1,66.7,3,3,7.0,2.47,0,0,0.0,66.7,2,0,1,0.0,6,0,2,323,68.0,81.4,49.9,82.6,0,0,6,0,0.0,78.5,0.0,0,2,0,0,0,0,0.0,15,5.0
2,Brock Glenn,170335,QB,FLORIDA ST,1,100.0,3,3,5.3,2.47,0,0,0.0,100.0,3,0,1,0.0,3,0,2,167,64.8,78.8,74.5,63.3,0,0,3,0,0.0,158.3,0.0,0,0,0,0,1,0,0.0,56,18.7
2,Tommy Ulatowski,163150,QB,KENNESAW,1,66.7,3,3,5.3,1.83,0,0,0.0,66.7,2,0,1,0.0,3,0,0,200,62.7,51.2,50.3,,0,0,3,0,0.0,70.1,0.0,0,0,0,0,0,0,0.0,7,2.3
2,Skyler Locklear,164027,QB,UTEP,1,33.3,3,3,26.3,3.42,0,0,0.0,33.3,1,0,2,0.0,5,0,0,330,65.5,69.9,37.6,77.7,0,0,5,0,100.0,42.4,40.0,2,0,0,0,0,0,0.0,0,0.0
2,Ryan Puglisi,184571,QB,GEORGIA,1,100.0,2,2,6.5,1.8,0,1,50.0,50.0,1,0,0,50.0,2,1,0,173,61.8,87.8,86.9,,0,0,2,0,,56.3,0.0,0,0,0,0,0,0,0.0,4,2.0
2,Dexter Williams II,129457,QB,KENNESAW,1,50.0,2,2,3.5,1.6,0,0,0.0,50.0,1,0,0,0.0,2,0,0,200,61.8,28.4,28.5,,0,0,2,0,,56.3,0.0,0,0,0,0,0,1,50.0,-1,-0.5
2,Jaylen Henderson,146054,QB,W VIRGINIA,1,50.0,2,2,25.0,3.6,0,1,50.0,0.0,0,0,2,100.0,3,1,0,343,67.7,78.4,73.7,66.6,0,0,3,0,50.0,39.6,33.3,1,0,0,0,0,0,0.0,0,0.0
2,Jalyn Gramstad,180656,QB,NEBRASKA,1,100.0,2,2,1.0,1.2,0,0,0.0,100.0,2,0,0,0.0,2,0,0,238,61.8,62.1,61.7,,0,0,2,0,,79.2,0.0,0,0,0,0,0,0,0.0,2,1.0
2,Mitch Griffis,123386,QB,TEXAS TECH,1,100.0,2,2,3.5,1.65,0,0,0.0,100.0,2,0,0,0.0,2,0,1,315,68.7,67.4,62.3,63.7,0,0,2,0,,106.3,0.0,0,0,0,0,0,0,0.0,19,9.5
2,Gunnar Gray,171202,QB,BUFFALO,1,50.0,2,2,1.0,1.9,0,0,0.0,50.0,1,0,0,0.0,2,0,0,126,61.8,57.0,54.5,,0,1,2,0,,16.7,0.0,0,0,0,0,0,0,0.0,0,0.0
2,Blaze Berlowitz,171066,QB,VANDERBILT,1,100.0,2,2,6.0,2.8,0,0,0.0,100.0,2,0,1,0.0,2,0,2,333,66.2,68.4,76.4,56.4,0,0,2,0,0.0,158.3,0.0,0,0,0,0,1,0,0.0,35,17.5
2,Mason Bray,189620,QB,ARIZONA,1,50.0,2,2,4.0,1.75,0,0,0.0,50.0,1,0,0,0.0,2,0,1,109,66.2,78.1,54.3,75.7,0,0,2,0,,89.6,0.0,0,0,0,0,0,0,0.0,22,11.0
2,Carson Cruver,169906,QB,FAU,1,0.0,1,2,9.0,2.4,1,0,0.0,0.0,0,0,0,,2,0,0,165,61.8,27.4,27.7,,0,0,2,0,,39.6,0.0,0,0,0,0,0,1,50.0,0,0.0
2,Zach Gibson,100201,QB,FAU,1,50.0,2,2,29.5,2.25,0,0,0.0,50.0,1,0,0,0.0,2,0,1,165,61.8,50.4,49.5,,0,0,2,0,,95.8,0.0,0,0,0,0,0,0,0.0,33,16.5
2,Michael Johnson Jr.,97796,QB,AKRON,1,100.0,2,2,4.0,2.85,0,0,0.0,100.0,2,0,2,0.0,4,0,0,102,19.7,38.7,57.2,42.8,0,0,4,0,100.0,83.3,50.0,2,0,0,0,0,0,0.0,8,4.0
2,Tavien St. Clair,199863,QB,OHIO STATE,1,50.0,2,2,7.0,2.7,0,0,0.0,0.0,0,0,0,100.0,2,1,0,260,61.8,50.7,49.0,,0,0,2,0,,39.6,0.0,0,0,0,0,0,0,0.0,0,0.0
2,Devin Brown,156479,QB,CAL,1,100.0,2,2,12.5,2.0,0,0,0.0,100.0,2,0,0,0.0,2,0,2,130,61.8,73.8,73.3,,0,0,2,0,,158.3,0.0,0,0,0,0,1,0,0.0,27,13.5
2,Michael Grant,170336,QB,FLORIDA ST,1,100.0,1,1,-1.0,2.1,0,0,0.0,100.0,1,0,2,0.0,2,0,1,167,9.2,29.6,28.8,,0,0,2,0,50.0,118.8,50.0,1,0,0,0,0,1,50.0,14,14.0
2,Graham Knowles,183218,QB,GA TECH,1,100.0,1,1,-5.0,1.0,0,0,0.0,100.0,1,0,0,0.0,1,0,1,176,60.3,60.6,60.4,,0,0,1,0,,158.3,0.0,0,0,0,0,1,0,0.0,84,84.0
2,Myles Butler,150199,WR,MIDDLE TN,1,,0,1,,4.5,0,0,0.0,0.0,0,0,1,,1,0,0,224,65.3,60.4,60.0,,0,0,1,1,0.0,39.6,0.0,0,0,0,1,0,0,0.0,0,0.0
2,John White,184784,QB,SO MISS,1,100.0,1,1,-4.0,1.4,0,0,0.0,100.0,1,0,0,0.0,1,0,0,296,60.3,60.6,60.4,,0,0,1,0,,79.2,0.0,0,0,0,0,0,0,0.0,-1,-1.0
2,John Neider,171057,WR,UCONN,1,100.0,1,1,19.0,2.6,0,0,0.0,100.0,1,0,0,0.0,1,0,1,146,60.3,69.1,73.1,,0,0,1,0,,158.3,0.0,0,0,0,0,1,0,0.0,15,15.0
2,Iverson Hooks,163020,WR,UAB,1,100.0,1,1,9.0,7.4,0,0,0.0,100.0,1,0,1,0.0,1,0,1,321,17.7,64.6,77.2,,0,0,1,0,0.0,118.8,0.0,0,0,0,0,0,0,0.0,17,17.0
2,Brady Hart,199994,QB,TEXAS A&M,1,0.0,1,1,6.0,2.0,0,0,0.0,0.0,0,0,0,,1,0,0,312,67.5,56.5,54.1,60.8,0,0,1,0,,39.6,0.0,0,0,0,0,0,0,0.0,0,0.0
2,Reggie Branch II,150071,HB,MO STATE,1,100.0,1,1,1.0,3.9,0,0,0.0,100.0,1,0,1,0.0,1,0,1,230,60.3,61.9,60.6,,0,0,1,0,0.0,118.8,0.0,0,0,0,0,0,0,0.0,29,29.0
2,Brock Thomas,176601,QB,OREGON,1,,0,1,,2.2,0,0,0.0,0.0,0,0,1,,1,0,0,264,64.4,51.6,55.4,59.5,1,0,2,0,0.0,39.6,0.0,0,0,0,0,0,0,0.0,0,0.0
2,Stanley Anderson-Lofton,198834,QB,MIDDLE TN,1,100.0,1,1,4.0,3.0,0,0,0.0,100.0,1,0,1,0.0,2,0,0,224,66.2,60.6,50.8,65.3,0,0,2,0,100.0,112.5,50.0,1,0,0,0,0,0,0.0,11,11.0
2,Trent Walker,146340,WR,OREGON ST,1,100.0,1,1,16.0,3.8,0,0,0.0,100.0,1,0,0,0.0,1,0,1,265,71.3,76.1,72.6,,0,0,1,0,,118.8,0.0,0,0,0,0,0,0,0.0,17,17.0
2,Tama Amisone,199154,QB,S JOSE ST,1,,0,1,,4.6,0,0,0.0,0.0,0,0,1,,1,0,0,285,60.3,57.4,60.0,,0,0,1,0,0.0,39.6,0.0,0,0,0,1,0,0,0.0,0,0.0
2,Landry Lyddy,156581,QB,SO MISS,1,100.0,1,1,-5.0,0.7,0,0,0.0,100.0,1,0,0,0.0,1,0,1,296,60.3,61.6,60.4,,0,0,1,0,,112.5,0.0,0,0,0,0,0,0,0.0,11,11.0
2,Weston Bryan,207846,QB,GA SOUTHRN,1,100.0,1,1,31.0,1.8,0,0,0.0,100.0,1,0,0,0.0,1,0,1,174,60.3,59.4,59.3,,0,0,1,0,,158.3,0.0,0,0,0,0,1,0,0.0,32,32.0
2,Jordan Magwood,199666,QB,FAU,1,100.0,1,1,14.0,2.3,0,0,0.0,100.0,1,0,0,0.0,1,0,1,165,60.3,73.4,72.6,,0,0,1,0,,118.8,0.0,0,0,0,0,0,0,0.0,18,18.0
2,Luke Doty,124230,QB,S CAROLINA,1,0.0,1,1,31.0,2.8,0,0,0.0,0.0,0,0,0,,1,0,0,289,61.8,57.4,56.5,,0,0,2,0,,39.6,0.0,0,0,0,0,0,0,0.0,0,0.0
2,Tay Lanier,78216,WR,COLO STATE,1,100.0,1,1,7.0,3.1,0,0,0.0,100.0,1,0,0,0.0,1,0,0,144,60.3,53.9,60.4,,0,0,1,0,,104.2,0.0,0,0,0,0,0,0,0.0,9,9.0
2,Anthony Garcia,174863,WR,UTAH ST,1,100.0,1,1,6.0,3.5,0,0,0.0,100.0,1,0,1,0.0,1,0,1,329,61.8,56.7,67.7,,0,0,2,0,0.0,118.8,0.0,0,0,0,0,1,0,0.0,3,3.0
2,Noah Short,163220,HB,ARMY,1,100.0,1,1,33.0,3.5,0,1,100.0,100.0,1,0,0,0.0,1,0,1,114,73.1,70.5,87.4,66.8,0,0,1,0,,118.8,0.0,0,0,0,0,0,0,0.0,52,52.0
2,Drew Devillier,190639,QB,RICE,1,100.0,1,1,-1.0,1.1,0,0,0.0,100.0,1,0,0,0.0,1,0,0,275,60.3,61.5,61.0,,0,0,1,0,,79.2,0.0,0,0,0,0,0,0,0.0,1,1.0
2,Isaiah Alston,121550,WR,JAMES MAD,1,0.0,1,1,33.0,3.3,0,0,0.0,0.0,0,0,0,,1,0,0,197,60.3,54.4,58.0,,0,0,1,0,,39.6,0.0,0,0,0,0,0,0,0.0,0,0.0
2,Michael Valentino,189408,QB,FAU,1,0.0,1,1,27.0,1.9,0,0,0.0,0.0,0,0,0,,1,0,0,165,60.3,50.3,50.4,,0,0,1,0,,39.6,0.0,0,0,0,0,0,0,0.0,0,0.0
2,Cameron Flowers,188745,WR,W KENTUCKY,1,100.0,1,1,39.0,3.3,0,0,0.0,100.0,1,0,0,0.0,1,0,1,346,63.7,89.0,75.7,,0,0,1,0,,118.8,0.0,0,0,0,0,0,0,0.0,39,39.0
2,Khristian Martin,188254,QB,MARYLAND,1,100.0,1,1,2.0,2.1,0,0,0.0,0.0,0,0,0,100.0,1,1,0,215,63.7,54.7,54.0,60.0,0,0,1,0,,39.6,0.0,0,0,0,0,0,0,0.0,0,0.0
2,Quincy Crittendon,149944,QB,SAMFORD,1,76.4,55,56,5.2,2.55,0,0,0.0,71.4,40,0,20,4.8,60,2,15,282,73.6,68.8,68.7,62.2,0,3,64,0,15.0,63.4,5.0,3,1,0,1,0,2,3.1,324,5.8
2,Gunnar Smith,162611,QB,FORDHAM,1,70.8,48,49,11.7,2.54,0,4,7.3,53.1,26,0,17,23.5,57,8,12,168,26.4,75.9,71.2,75.9,1,1,63,0,35.3,89.3,10.5,6,2,0,0,3,3,4.8,366,7.5
2,Brennan Myer,192760,QB,BRYANT,1,62.8,43,47,13.9,2.85,2,5,10.0,48.9,23,0,18,14.8,51,4,16,124,71.0,76.9,76.9,60.1,0,2,54,0,11.1,74.6,3.9,2,2,1,1,3,2,3.7,318,6.8
2,Camden Orth,108965,QB,CHATTNOOGA,1,52.4,42,45,11.6,2.73,1,1,2.2,48.9,22,0,27,0.0,51,0,13,137,41.5,48.5,49.5,53.3,0,1,51,0,14.8,64.0,7.8,4,2,0,2,1,1,2.0,249,5.5
2,Derek Robertson,142298,QB,MONMOUTH,1,72.1,43,44,7.1,1.93,0,3,6.7,68.2,30,0,7,3.2,47,1,19,231,38.3,68.4,67.2,62.6,0,1,48,0,28.6,124.4,4.3,2,1,0,1,6,3,6.3,374,8.5
2,Jake Weir,146840,QB,HOUCHR,1,52.3,44,44,9.2,2.48,0,0,0.0,47.7,21,0,13,8.7,51,2,13,183,26.1,58.6,64.5,34.7,0,0,52,1,38.5,68.4,9.8,5,2,0,0,1,1,1.9,200,4.5
2,Sonny Mannino,166694,QB,MARIST,1,61.0,41,42,10.1,2.82,0,2,4.8,52.4,22,0,14,12.0,53,3,16,213,73.1,68.2,64.2,67.0,1,1,53,0,7.1,66.5,1.9,1,9,0,0,1,1,1.9,229,5.5
2,Collin Hurst,177732,QB,PRESBYTERN,1,69.2,39,41,9.4,2.34,0,0,0.0,63.4,26,0,10,3.7,42,1,18,271,69.4,63.0,62.0,61.0,1,3,45,1,0.0,92.0,0.0,0,1,0,1,5,4,9.1,275,6.7
2,Trey Hedden,185848,QB,FURMAN,1,76.3,38,40,8.1,2.33,1,1,2.4,72.5,29,0,4,0.0,42,0,13,170,69.2,78.2,77.2,,0,2,43,0,50.0,77.4,4.8,2,0,0,1,1,0,0.0,263,6.6
2,Bronson Barron,141710,QB,SO UTAH,1,67.6,37,40,9.3,2.88,1,3,7.3,60.0,24,0,16,4.0,46,1,17,298,69.9,74.0,75.1,57.2,1,0,47,0,18.8,111.3,6.5,3,3,0,1,3,4,8.5,328,8.2
2,Jim Ogle,192530,QB,MURRAY ST,1,75.0,36,39,6.7,2.31,1,1,2.6,64.1,25,0,14,7.4,42,2,11,236,69.1,56.8,56.2,58.7,0,2,42,0,0.0,69.3,0.0,0,3,0,2,1,2,4.8,249,6.4
2,Sam Vidlak,146333,QB,STF AUSTIN,1,75.0,36,38,7.9,2.67,1,1,2.4,63.2,24,0,7,11.1,43,3,9,301,34.3,71.5,73.5,52.9,0,1,46,0,42.9,70.6,7.0,3,2,0,1,0,1,2.2,245,6.4
2,Christian Peters,154331,QB,ARKAPB,1,61.1,36,37,9.8,2.67,0,1,2.6,48.6,18,0,16,18.2,39,4,6,112,69.5,68.1,68.4,57.9,0,0,40,1,12.5,77.3,5.1,2,0,0,1,1,1,2.5,228,6.2
2,Nate Glantz,157587,QB,LNDNWD,1,67.6,34,36,11.5,3.06,0,2,5.6,55.6,20,0,27,13.0,49,3,9,949,27.4,49.5,52.4,51.2,0,2,50,0,29.6,59.6,16.3,8,5,0,2,1,2,4.0,217,6.0
2,Jack O'Connell,165100,QB,STHLSK,1,79.4,34,35,7.1,2.77,1,2,5.6,71.4,25,0,16,7.4,41,2,12,1470,70.0,61.6,61.2,59.0,0,1,42,0,18.8,110.3,7.3,3,3,0,0,3,1,2.4,269,7.7
2,KJ Cooper,197019,QB,TEXAS STHN,1,70.6,34,35,8.4,3.01,1,0,0.0,54.3,19,0,30,20.8,43,5,9,313,69.4,63.3,61.5,70.3,0,1,46,3,6.7,51.7,4.7,2,6,0,0,0,2,4.3,137,3.9
2,Jaylon Tolbert,154757,QB,ALCORN ST,1,74.3,35,35,7.2,2.28,0,0,0.0,68.6,24,0,5,7.7,36,2,9,107,69.5,71.1,68.4,63.4,0,0,40,0,20.0,89.1,2.8,1,0,0,0,1,0,0.0,171,4.9
2,DJ Williams,138061,QB,S ILLINOIS,1,66.7,33,34,5.6,2.58,0,0,0.0,58.8,20,0,10,9.1,39,2,12,295,73.1,68.1,67.2,62.9,0,0,39,0,20.0,85.7,5.1,2,3,1,0,1,0,0.0,202,5.9
2,Cornelious Brown IV,98356,QB,ALAB A&M,1,84.8,33,34,7.6,2.6,0,3,8.1,73.5,25,0,7,10.7,39,3,17,104,70.0,90.0,85.7,77.9,0,0,42,1,0.0,124.6,0.0,0,5,0,1,3,0,0.0,260,7.6
2,Stone Earle,123504,QB,ABILENE CH,1,82.4,34,34,7.3,2.59,0,0,0.0,67.6,23,0,12,17.9,38,5,13,100,43.3,73.7,74.8,60.7,0,0,42,0,16.7,88.4,5.3,2,2,0,0,0,0,0.0,244,7.2
2,Jack Shields,156830,QB,ALBANY,1,73.3,30,34,11.2,2.53,2,2,5.6,58.8,20,0,6,9.1,36,2,13,106,69.7,77.6,74.2,69.4,1,0,38,0,33.3,132.1,5.6,2,0,0,1,4,0,0.0,341,10.0
2,Devin Farrell,157658,QB,RHODE ISLD,1,68.8,32,34,12.0,2.72,0,1,2.9,58.8,20,0,4,9.1,38,2,16,274,71.1,73.3,71.8,64.6,1,0,40,0,25.0,109.4,2.6,1,3,0,1,2,2,5.0,316,9.3
2,Jase Bauer,145714,QB,TENN MARTN,1,79.3,29,33,8.3,3.11,0,3,8.6,69.7,23,0,19,0.0,40,0,13,310,38.5,72.9,77.3,54.9,0,0,42,0,15.8,104.7,7.5,3,4,0,4,1,2,4.8,273,8.3
2,Jax Leatherwood,171548,QB,SE MO ST,1,73.3,30,33,7.0,2.47,1,0,0.0,63.6,21,0,12,4.5,38,1,12,293,71.1,64.7,62.0,64.8,0,0,41,0,33.3,103.6,10.5,4,1,0,2,2,0,0.0,224,6.8
2,Eddie Lee Marburger,145511,QB,TXRG,1,74.2,31,32,12.3,3.22,0,3,8.6,59.4,19,0,12,17.4,35,4,13,1445,70.6,90.5,83.9,84.4,1,0,38,1,25.0,95.6,8.6,3,0,0,0,1,1,2.6,258,8.1
2,Bennett Judy,177955,QB,W CAROLINA,1,76.9,26,32,5.3,2.45,2,0,0.0,56.3,18,0,19,10.0,37,2,8,344,69.3,53.7,52.6,62.4,3,1,38,0,21.1,56.1,10.8,4,1,0,1,0,1,2.6,155,4.8
2,AJ Duffy,156292,QB,NEWHVN,1,55.2,29,31,9.2,2.64,0,1,2.9,51.6,16,0,10,0.0,34,0,8,1013,69.8,59.1,52.1,73.3,0,1,38,0,0.0,66.3,0.0,0,3,0,2,1,1,2.6,178,5.7
2,Andy Peters,128138,QB,STTHOM,1,75.9,29,31,10.0,2.55,0,2,5.9,67.7,21,0,20,4.5,35,1,15,1129,39.7,83.7,84.5,64.6,0,0,38,0,10.0,126.3,5.7,2,2,2,0,3,2,5.3,264,8.5
2,Zach Osborne,160474,QB,COLGATE,1,64.3,28,30,13.6,2.16,2,3,9.1,50.0,15,0,11,16.7,33,3,10,142,70.1,72.2,72.9,59.2,0,0,36,0,9.1,99.2,3.0,1,2,0,0,2,2,5.6,239,8.0
2,Deuce Hogan,129470,QB,NICHOLLS,1,66.7,24,30,8.0,2.95,1,1,3.1,46.7,14,0,17,12.5,31,2,6,243,69.5,39.2,46.0,44.3,1,1,33,2,0.0,56.3,0.0,0,1,0,4,1,2,6.1,130,4.3
2,Eric Gibson Jr.,168461,QB,N COLORADO,1,71.4,28,30,10.7,2.02,1,2,5.9,63.3,19,0,6,5.0,30,1,9,253,31.2,64.8,69.9,45.5,0,1,34,1,0.0,64.3,0.0,0,0,0,1,0,0,0.0,168,5.6
2,Kyle Wickersham,148418,QB,RICHMOND,1,79.3,29,30,4.9,2.56,0,2,6.1,66.7,20,0,11,13.0,32,3,9,276,75.6,71.3,65.7,68.4,0,1,35,0,0.0,78.5,0.0,0,1,0,1,1,1,2.9,170,5.7
2,Jake Strong,173651,QB,MCNEESE,1,79.3,29,30,6.6,2.35,0,0,0.0,63.3,19,0,10,17.4,35,4,7,217,20.0,56.3,59.3,52.9,0,1,35,0,20.0,67.5,5.7,2,3,0,1,0,3,8.6,191,6.4
2,Cam'Ron McCoy,157481,QB,SOUTHERN U,1,70.4,27,29,6.2,2.7,1,1,3.4,48.3,14,1,13,26.3,39,5,11,297,22.7,50.4,56.4,51.1,1,2,39,2,15.4,48.1,5.1,2,8,0,0,1,3,7.7,160,5.5
2,Zach Tanner,159923,QB,ROB MORRIS,1,60.7,28,29,9.4,2.47,0,2,6.7,55.2,16,0,11,5.9,33,1,12,277,29.9,66.4,73.9,46.1,0,0,34,1,18.2,98.6,6.1,2,2,0,1,2,0,0.0,192,6.6
2,Kobe Muasau,185530,QB,MORGAN ST,1,80.8,26,29,6.2,2.91,2,1,3.3,62.1,18,0,16,14.3,35,3,14,235,14.5,77.0,83.3,57.3,0,1,36,1,6.3,82.4,2.9,1,5,0,1,1,3,8.3,219,7.6
2,Nick Whitfield Jr.,159490,QB,ST FRANCIS,1,80.0,25,29,3.6,2.43,1,0,0.0,58.6,17,0,7,15.0,30,3,7,299,68.2,55.0,54.7,63.2,0,0,30,3,0.0,67.6,0.0,0,1,0,3,0,1,3.3,116,4.0
2,Ty Pennington,185022,QB,N ARIZONA,1,81.5,27,28,5.4,2.64,1,1,3.6,75.0,21,0,8,4.5,32,1,11,252,72.3,73.2,68.5,68.6,0,1,32,0,25.0,96.0,6.3,2,2,0,0,1,1,3.1,231,8.3
2,Justin Lamson,144052,QB,MONTANA ST,1,69.2,26,28,6.3,3.0,0,1,3.4,64.3,18,0,14,0.0,38,0,7,233,42.1,71.2,71.1,64.2,0,0,39,0,21.4,74.0,7.9,3,7,0,2,0,0,0.0,123,4.4
2,Jared Taylor,170695,QB,E WASHGTON,1,68.0,25,28,6.7,2.81,0,0,0.0,50.0,14,0,15,17.6,30,3,4,161,74.5,68.1,52.9,75.9,1,0,31,0,6.7,59.5,3.3,1,1,0,2,0,1,3.2,106,3.8
2,Carter Cravens,150714,QB,MOREHEAD,1,79.2,24,28,10.7,2.39,1,0,0.0,50.0,14,0,10,26.3,35,5,10,234,14.2,59.4,64.0,46.8,1,1,39,0,50.0,60.7,14.3,5,2,0,2,1,3,7.7,134,4.8
2,RJ Johnson,171379,QB,FL A&M,1,76.9,26,28,6.9,2.64,0,1,3.4,64.3,18,0,10,10.0,34,2,13,164,28.2,42.9,43.2,57.3,1,0,35,1,20.0,112.5,5.9,2,4,0,1,2,4,11.4,222,7.9
2,Collin Shannon,160918,QB,VA MILT IN,1,64.3,28,28,13.1,2.68,0,1,3.4,53.6,15,0,4,16.7,28,3,11,336,68.1,65.2,64.3,,0,1,29,0,0.0,100.7,0.0,0,0,0,0,3,2,6.9,223,8.0
2,Pat McQuaide,145792,QB,VILLANOVA,1,73.1,26,28,11.2,2.61,0,2,7.1,64.3,18,0,3,5.3,28,1,11,334,70.6,73.6,70.9,66.3,0,0,28,0,0.0,112.1,0.0,0,0,0,2,1,0,0.0,299,10.7
2,Andrew Body,155202,QB,ALABAMA ST,1,74.1,27,27,10.0,2.44,0,0,0.0,63.0,17,0,5,15.0,33,3,7,105,29.4,50.2,51.6,51.9,0,0,34,0,80.0,109.0,12.1,4,2,0,0,2,1,2.9,193,7.1
2,Kekoa Visperas,147588,QB,TENN TECH,1,76.9,26,27,6.3,2.71,0,0,0.0,66.7,18,0,3,10.0,29,2,11,309,69.8,66.9,68.9,56.2,1,1,31,0,0.0,103.9,0.0,0,2,0,0,2,2,6.5,240,8.9
2,Davis Harsin,186187,QB,IDAHO ST,1,79.2,24,27,7.2,2.73,1,2,7.1,66.7,18,0,14,5.3,30,1,8,186,36.6,83.2,83.8,66.1,1,1,32,0,0.0,83.3,0.0,0,3,0,1,1,0,0.0,186,6.9
2,Victor Gabalis,131932,QB,TARLETON,1,74.1,27,27,13.5,2.53,0,5,15.6,74.1,20,0,6,0.0,27,0,13,401,68.9,94.1,94.2,60.0,0,0,32,1,0.0,148.9,0.0,0,0,0,0,5,0,0.0,295,10.9
2,Carter Peevy,129563,QB,MAINE,1,70.0,20,27,8.5,3.06,1,0,0.0,48.1,13,0,13,7.1,29,1,9,212,72.7,75.6,63.0,78.0,0,1,31,0,7.7,66.4,3.4,1,1,0,6,2,2,6.5,97,3.6
2,Adam Urena,186682,QB,MERCYHURST,1,88.9,27,27,8.5,2.33,0,3,11.1,77.8,21,0,7,12.5,31,3,17,977,68.3,87.3,91.2,48.9,0,0,31,0,14.3,131.1,3.2,1,3,0,0,1,0,0.0,348,12.9
2,Ethan Drumm,202066,QB,WOFFORD,1,69.2,26,27,9.8,2.46,0,1,3.7,48.1,13,0,16,27.8,33,5,5,350,68.5,55.0,57.3,51.3,1,0,34,0,25.0,59.3,12.1,4,2,0,0,0,1,2.9,111,4.1
2,JaCobian Morgan,123050,QB,JACKSON ST,1,58.3,24,27,10.8,2.87,1,2,7.4,51.9,14,0,17,0.0,35,0,8,194,69.1,67.4,67.0,60.4,0,1,35,0,17.6,50.1,8.6,3,5,0,2,0,1,2.9,131,4.9
2,Luther Richesson,183971,QB,CENT ARK,1,72.0,25,26,10.2,2.26,0,3,10.7,69.2,18,0,2,0.0,28,0,14,132,36.7,90.2,82.6,78.4,0,1,30,0,0.0,127.6,0.0,0,2,1,0,3,0,0.0,283,10.9
2,Ayden Pereira,159129,QB,MERRIMACK,1,88.0,25,26,5.3,2.73,0,2,7.1,73.1,19,0,5,13.6,29,3,13,385,32.7,86.9,89.9,63.2,1,0,32,0,0.0,114.6,0.0,0,3,0,0,1,0,0.0,242,9.3
2,Matthew Schecklman,159420,QB,N IOWA,1,68.0,25,26,7.6,2.56,0,0,0.0,57.7,15,0,9,11.8,30,2,7,255,68.5,52.4,51.5,59.3,0,2,34,0,22.2,35.3,6.7,2,2,0,1,0,2,5.9,107,4.1
2,Kaiden Bennett,147778,QB,DELWARE ST,1,73.9,23,26,6.5,2.62,2,0,0.0,65.4,17,0,13,0.0,34,0,12,152,39.2,73.9,58.1,80.6,1,0,37,0,30.8,78.0,11.8,4,4,0,0,0,0,0.0,134,5.2
2,Joshua Wood,163421,QB,IDAHO,1,87.5,24,26,12.5,2.56,1,2,7.1,80.8,21,0,10,0.0,29,0,12,185,70.3,93.4,90.2,92.2,0,1,31,0,20.0,135.7,6.9,2,1,0,1,3,1,3.2,291,11.2
2,Walker Harris,150449,QB,NC CENT,1,59.1,22,25,6.0,2.28,1,0,0.0,48.0,12,0,7,7.7,26,1,4,247,68.8,43.8,44.1,54.9,0,2,30,0,14.3,23.4,3.8,1,0,0,2,0,1,3.3,88,3.5
2,Chase Mason,159444,QB,S DAK ST,1,70.8,24,25,8.1,2.49,0,0,0.0,68.0,17,0,8,0.0,33,0,10,292,71.3,71.9,66.5,70.0,0,0,35,0,50.0,127.7,12.1,4,4,0,1,3,0,0.0,176,7.0
2,Kamden Sixkiller,133096,QB,CAMPBELL,1,72.0,25,25,1.0,2.19,0,0,0.0,72.0,18,0,10,0.0,28,0,6,131,29.4,43.6,41.1,61.1,0,0,30,0,30.0,82.3,10.7,3,0,0,0,0,1,3.3,121,4.8
2,Danny Lauter,162145,QB,GEORGETOWN,1,73.9,23,25,8.1,2.1,0,1,3.6,60.0,15,0,3,11.8,26,2,10,172,28.0,73.3,80.8,41.5,1,0,29,0,0.0,93.4,0.0,0,1,1,0,1,0,0.0,168,6.7
2,Carson Camp,141837,QB,SE LA,1,84.0,25,25,5.4,2.49,0,0,0.0,72.0,18,0,9,14.3,29,3,12,294,40.4,58.0,60.1,55.4,0,1,29,0,11.1,87.6,3.4,1,3,0,0,1,2,6.9,173,6.9
2,Keali'i Ah Yat,178141,QB,MONTANA,1,65.2,23,25,10.3,2.66,1,3,12.0,56.0,14,0,19,6.7,29,1,8,232,68.7,63.0,59.0,66.6,0,2,29,1,5.3,83.8,3.4,1,3,0,1,2,3,10.3,250,10.0
2,Coulter Cleland,165212,QB,DAVIDSON,1,57.1,21,24,8.4,2.56,1,1,4.0,41.7,10,0,5,16.7,29,2,5,149,20.2,49.7,50.1,55.8,1,0,30,0,80.0,64.8,13.8,4,1,0,1,1,2,6.7,81,3.4
2,Matt Vezza,176960,QB,NEW HAMP,1,63.6,22,24,10.1,2.33,0,1,4.0,45.8,11,0,9,21.4,27,3,6,240,71.9,53.1,44.6,68.0,1,2,28,1,11.1,28.0,3.7,1,2,1,0,0,4,14.3,129,5.4
2,Jackson Gilkey,174092,QB,WEBER ST,1,57.1,21,24,10.8,2.13,1,0,0.0,41.7,10,0,7,16.7,27,2,4,342,71.5,53.7,45.6,68.4,1,2,29,0,28.6,14.6,7.4,2,0,0,1,0,1,3.4,68,2.8
2,Landen Clark,188534,QB,ELON,1,66.7,24,24,15.6,3.04,0,4,16.7,62.5,15,0,4,6.3,28,1,12,162,70.1,91.6,88.7,78.9,0,0,28,0,25.0,136.6,3.6,1,3,0,0,3,0,0.0,247,10.3
2,Jack Stevens,185814,QB,WAGNER,1,70.8,24,24,8.5,2.71,0,0,0.0,62.5,15,0,11,11.8,31,2,10,338,71.2,57.7,55.4,59.8,0,2,31,0,27.3,41.7,9.7,3,4,0,0,0,1,3.2,128,5.3
2,Andrew Indorf,201895,QB,TOWSON,1,86.4,22,23,5.1,2.67,0,2,8.0,78.3,18,0,8,5.3,30,1,8,317,69.0,81.5,79.2,67.1,0,0,33,0,50.0,114.9,13.3,4,3,0,1,1,0,0.0,186,8.1
2,Bryce Schondelmyer,171537,QB,DAYTON,1,81.0,21,23,9.6,2.34,1,1,4.2,69.6,16,0,7,5.9,28,1,8,150,28.0,72.2,78.4,47.9,1,0,29,0,14.3,111.9,3.6,1,3,0,0,2,0,0.0,126,5.5
2,Ralph Rucker IV,144625,QB,BUCKNELL,1,78.3,23,23,11.0,3.52,0,2,8.7,78.3,18,0,12,0.0,28,0,12,125,70.1,64.3,68.0,53.5,0,1,28,0,8.3,91.3,3.6,1,4,0,0,0,1,3.6,236,10.3
2,Chris Parson,172551,QB,AUSTINPEAY,1,77.3,22,23,4.2,2.62,1,0,0.0,69.6,16,0,9,5.9,28,1,7,116,70.1,53.3,55.7,53.5,0,1,28,0,22.2,70.0,7.1,2,3,0,0,0,0,0.0,155,6.7
2,Reggie Graff,165710,QB,UTAHTC,1,76.2,21,23,7.4,2.24,1,1,4.0,47.8,11,0,2,31.3,25,5,7,1285,36.2,64.2,59.8,65.5,1,1,27,0,0.0,38.1,0.0,0,1,0,0,0,2,7.4,79,3.4
2,Zolten Osborne,178620,QB,CHARLES SO,1,52.6,19,22,5.7,2.93,2,0,0.0,45.5,10,0,11,0.0,25,0,2,135,67.7,27.5,27.2,57.3,1,1,25,0,18.2,33.5,8.0,2,1,0,0,0,3,12.0,55,2.5
2,Cole Pennington,156787,QB,GARD-WEBB,1,80.0,20,21,11.2,2.47,0,4,17.4,66.7,14,0,11,12.5,26,2,8,171,68.6,81.6,82.4,58.2,0,0,28,0,45.5,106.1,19.2,5,0,0,1,1,0,0.0,164,7.8
2,Jack Snyder,185417,QB,SACR HEART,1,76.2,21,21,11.5,2.76,0,1,4.8,66.7,14,0,7,12.5,30,2,8,280,68.8,58.9,56.6,61.6,0,0,30,0,28.6,77.3,6.7,2,7,0,0,0,0,0.0,99,4.7
2,Brady Olson,147415,QB,CENT CT ST,1,76.2,21,21,13.0,2.56,0,2,9.5,71.4,15,0,5,6.3,24,1,11,133,17.8,72.9,77.1,52.7,0,0,24,0,40.0,142.4,8.3,2,1,0,0,2,1,4.2,247,11.8
2,Jerry Kaminski,177155,QB,N DAKOTA,1,66.7,21,21,10.7,2.75,0,1,4.3,66.7,14,0,6,0.0,25,0,13,249,70.1,83.9,76.7,75.8,0,0,27,0,16.7,129.8,4.0,1,3,0,0,4,0,0.0,164,7.8
2,Aidan Bouman,122508,QB,S DAKOTA,1,50.0,20,21,13.9,2.86,0,0,0.0,47.6,10,0,10,0.0,22,0,5,291,67.7,42.0,41.4,57.3,0,1,25,0,10.0,59.2,4.5,1,0,0,1,1,4,16.0,108,5.1
2,Davin Wydner,163672,QB,W GEORGIA,1,42.1,19,21,10.2,2.71,0,2,9.1,33.3,7,0,7,12.5,25,1,7,1177,72.6,68.9,56.1,73.1,1,2,26,0,0.0,34.5,0.0,0,4,1,0,2,1,3.8,63,3.0
2,Myles Burkett,158691,QB,E KENTUCKY,1,73.7,19,20,5.6,3.24,0,0,0.0,70.0,14,0,4,0.0,27,0,3,159,70.6,51.0,46.0,60.0,0,1,28,0,25.0,57.1,3.7,1,6,0,1,0,1,3.6,84,4.2
2,Tyler Riddell,102355,QB,DUQUESNE,1,85.0,20,20,8.9,2.11,0,2,10.0,75.0,15,0,0,11.8,20,2,11,155,67.1,93.5,93.3,,0,0,20,0,,154.0,0.0,0,0,0,0,5,0,0.0,239,12.0
2,Otto Kuhns,138014,QB,NORFOLK,1,73.7,19,20,11.8,2.68,0,2,10.0,65.0,13,0,7,7.1,23,1,10,244,26.6,76.6,75.1,64.7,0,0,23,0,14.3,125.6,4.3,1,2,0,1,2,2,8.7,173,8.7
2,Chris Zellous,153319,QB,STNY BROOK,1,70.0,20,20,9.3,2.28,0,0,0.0,60.0,12,0,8,14.3,25,2,4,303,74.5,62.4,48.1,70.2,0,1,26,0,37.5,59.8,12.0,3,2,0,0,0,1,3.8,137,6.9
2,Rowan Keefe,165386,QB,VALPO,1,84.2,19,19,10.2,2.7,0,1,5.3,78.9,15,0,0,6.3,23,1,9,332,68.8,67.1,73.5,52.0,0,3,23,0,,60.6,0.0,0,4,0,0,0,3,13.0,153,8.1
2,Tyler Hughes,159218,QB,WM & MARY,1,82.4,17,19,7.2,3.8,0,1,4.5,68.4,13,0,13,7.1,29,1,10,348,69.9,72.3,74.3,61.8,0,0,32,0,15.4,122.5,6.9,2,8,0,2,2,1,3.1,129,6.8
2,Josh Brown,181411,QB,MS VLY ST,1,64.7,17,19,12.6,2.76,2,1,5.0,52.6,10,0,11,9.1,24,1,5,228,70.9,52.3,46.4,64.5,0,1,25,0,27.3,48.8,12.5,3,2,0,0,0,2,8.0,113,5.9
2,Cade McNamara,101620,QB,E TENN ST,1,81.3,16,18,7.7,2.58,1,1,5.3,61.1,11,0,11,15.4,21,2,5,157,67.4,91.2,92.5,52.9,0,0,22,0,9.1,91.2,4.8,1,2,0,1,1,0,0.0,85,4.7
2,Destin Wade,163784,QB,N ALABAMA,1,52.9,17,18,15.5,2.79,0,4,20.0,44.4,8,0,6,11.1,22,1,8,389,72.9,73.2,67.8,69.6,0,0,25,0,16.7,100.0,4.5,1,3,0,1,2,2,8.0,103,5.7
2,Dean DeNobile,159740,QB,LAFAYETTE,1,61.1,18,18,14.2,2.61,0,2,9.1,61.1,11,0,3,0.0,18,0,4,203,70.3,63.4,57.9,68.4,0,1,22,0,0.0,60.4,0.0,0,0,0,0,0,0,0.0,132,7.3
2,Cameron Peters,123326,QB,PRVIEW A&M,1,77.8,18,18,6.6,2.76,0,0,0.0,55.6,10,0,6,28.6,20,4,4,270,71.3,62.1,59.8,62.5,0,0,22,0,0.0,69.0,0.0,0,2,0,0,0,0,0.0,89,4.9
2,Luca Stanzani,159449,QB,LIUSHAR,1,76.5,17,18,6.0,2.59,1,0,0.0,66.7,12,0,4,7.7,20,1,8,1298,72.2,79.3,57.2,78.6,0,0,20,0,0.0,90.7,0.0,0,2,0,0,0,1,5.0,143,7.9
2,Chris Irvin,146491,QB,W ILLINOIS,1,53.3,15,18,9.7,2.42,0,0,0.0,27.8,5,0,13,37.5,19,3,2,345,69.7,52.8,57.9,55.1,2,1,20,1,7.7,16.4,5.3,1,0,0,1,0,0,0.0,27,1.5
2,Ari Patu,146360,QB,N ALABAMA,1,44.4,18,18,9.1,2.2,0,1,5.0,27.8,5,0,6,37.5,19,3,4,389,69.8,62.3,54.5,72.4,0,1,21,0,16.7,17.1,5.3,1,0,0,0,0,0,0.0,57,3.2
2,Keegan Patterson,158465,QB,INDIANA ST,1,68.8,16,18,12.3,2.54,0,2,11.1,61.1,11,0,7,0.0,18,0,4,191,70.2,81.7,78.1,69.0,1,0,18,1,0.0,115.7,0.0,0,0,0,1,2,0,0.0,111,6.2
2,Robert Coleman,76149,QB,LAMAR,1,66.7,15,17,5.0,2.96,0,0,0.0,52.9,9,0,11,10.0,21,1,5,204,34.3,68.2,67.3,62.4,0,2,22,0,27.3,24.8,14.3,3,1,0,2,0,0,0.0,74,4.4
2,Reagan Andrew,161309,QB,BUTLER,1,87.5,16,17,4.4,2.15,0,1,5.6,82.4,14,0,2,0.0,19,0,11,127,72.9,84.2,83.3,68.7,0,0,20,0,0.0,145.6,0.0,0,2,0,1,2,0,0.0,162,9.5
2,Israel Carter,175310,QB,NORFOLK,1,80.0,15,17,4.2,2.7,1,0,0.0,58.8,10,0,6,16.7,20,2,4,244,30.8,57.7,60.9,55.8,0,0,20,0,16.7,70.7,5.0,1,2,1,0,0,0,0.0,80,4.7
2,John-Keawe Sagapolutele,175709,QB,PORTLAND,1,64.7,17,17,13.6,2.65,0,0,0.0,64.7,11,0,12,0.0,20,0,7,269,68.6,61.7,59.1,64.2,0,2,21,0,16.7,71.8,10.0,2,1,0,0,1,2,9.5,146,8.6
2,Hayden Johnson,185698,QB,LEHIGH,1,76.9,13,17,8.6,3.35,0,2,11.8,58.8,10,0,5,0.0,19,0,5,205,69.7,68.8,61.2,69.3,0,1,20,0,20.0,58.2,5.3,1,1,0,4,0,2,10.0,129,7.6
2,Dom Nankil,182292,QB,SAN DIEGO,1,37.5,16,16,10.8,2.34,0,1,5.6,37.5,6,0,0,0.0,20,0,6,283,69.3,58.9,49.3,67.5,0,0,23,1,,70.8,0.0,0,4,0,0,1,1,4.3,64,4.0
2,Kael Alexander,189294,QB,STETSON,1,85.7,14,16,18.8,2.31,0,4,25.0,68.8,11,0,2,8.3,16,1,7,302,66.5,90.2,91.0,,0,0,16,1,0.0,151.0,0.0,0,0,0,2,3,1,6.3,333,20.8
2,Beau Brungard,164897,QB,YNGTOWN ST,1,85.7,14,16,7.4,2.75,0,0,0.0,75.0,12,0,6,0.0,19,0,9,353,71.7,94.7,71.1,98.5,0,0,19,0,16.7,117.2,5.3,1,2,0,2,1,0,0.0,122,7.6
2,Anthony Grigsby Jr.,184188,QB,CAL POLY,1,46.7,15,16,11.5,2.53,0,0,0.0,43.8,7,0,10,0.0,20,0,4,129,70.8,57.4,57.2,59.4,0,1,22,0,10.0,31.3,5.0,1,3,0,1,0,0,0.0,72,4.5
2,Isaiah Freeman,167256,QB,HAMPTON,1,64.3,14,16,6.4,2.35,0,0,0.0,56.3,9,0,6,0.0,19,0,3,178,70.3,56.2,51.0,62.1,1,0,20,0,16.7,62.2,5.3,1,2,0,1,0,0,0.0,51,3.2
2,Caden Pinnick,185116,QB,UC DAVIS,1,56.3,16,16,4.7,2.33,0,0,0.0,50.0,8,0,3,11.1,18,1,3,322,69.8,52.1,47.8,64.0,0,1,21,0,66.7,51.6,11.1,2,0,0,0,1,2,9.5,50,3.1
2,Cole Payton,148154,QB,N DAK ST,1,86.7,15,16,7.7,2.69,0,1,6.3,81.3,13,0,3,0.0,18,0,10,250,69.0,85.8,85.5,66.1,0,0,18,0,0.0,130.7,0.0,0,2,0,1,1,0,0.0,166,10.4
2,Cal Swanson,174033,QB,HOLY CROSS,1,61.5,13,15,11.2,2.91,0,0,0.0,53.3,8,0,9,0.0,24,0,8,181,69.5,67.2,58.4,71.0,1,1,26,0,55.6,45.1,20.8,5,4,0,1,0,1,3.8,95,6.3
2,C'zavian Teasett,178078,QB,GRAMBLING,1,71.4,14,15,5.4,2.62,0,1,6.7,60.0,9,0,6,10.0,17,1,2,177,68.2,54.7,50.3,63.9,0,1,17,0,16.7,39.6,5.9,1,1,0,1,0,1,5.9,55,3.7
2,Timmy McClain,144488,QB,BETH COOK,1,92.9,14,15,3.8,1.89,0,1,6.3,86.7,13,0,5,0.0,16,0,6,119,24.5,60.2,58.4,61.0,1,0,17,0,20.0,90.6,6.3,1,0,0,0,0,2,11.8,86,5.7
2,Tyriq Starks,156514,QB,HOWARD,1,53.8,13,14,11.2,3.33,0,0,0.0,50.0,7,0,10,0.0,19,0,5,184,68.7,52.1,47.2,67.4,0,0,22,1,20.0,80.1,10.5,2,3,0,1,1,1,4.5,39,2.8
2,William Atkins IV,148354,QB,SCAR STATE,1,76.9,13,14,10.8,2.98,0,1,6.7,71.4,10,0,8,0.0,18,0,4,290,69.1,69.5,70.3,60.2,0,0,19,0,25.0,96.7,11.1,2,2,0,1,0,0,0.0,118,8.4
2,Ryan Stubblefield,123838,QB,SCAR STATE,1,57.1,14,14,9.0,2.53,0,2,14.3,57.1,8,0,6,0.0,18,0,7,290,66.8,73.3,72.2,62.5,0,0,18,0,33.3,100.3,11.1,2,2,0,0,1,0,0.0,90,6.4
2,Cardell Williams,156190,QB,SACRAMENTO,1,85.7,14,14,7.8,2.68,0,2,12.5,85.7,12,0,5,0.0,17,0,5,279,70.8,91.3,90.6,73.0,0,1,20,0,60.0,112.8,17.6,3,0,0,0,1,0,0.0,188,13.4
2,Tommy Rittenhouse,148028,QB,ILL STATE,1,61.5,13,13,12.4,2.19,0,1,6.7,61.5,8,0,1,0.0,14,0,5,188,21.9,57.1,56.4,58.9,0,1,16,0,100.0,86.9,7.1,1,0,0,0,2,1,6.3,81,6.2
2,Jonathan Palmer,201866,QB,TENN STATE,1,54.5,11,13,5.3,2.21,0,0,0.0,38.5,5,0,8,16.7,14,1,1,308,67.1,62.1,62.1,59.4,0,0,14,0,12.5,46.6,7.1,1,0,0,2,0,0,0.0,38,2.9
2,Jackson Sharman,178252,QB,IDAHO ST,1,91.7,12,12,2.1,2.24,0,0,0.0,83.3,10,0,1,9.1,12,1,4,186,69.3,76.7,80.5,59.2,0,0,12,0,0.0,94.1,0.0,0,0,0,0,0,0,0.0,79,6.6
2,Jacolby Criswell,122830,QB,E TENN ST,1,70.0,10,12,9.1,2.66,0,0,0.0,58.3,7,0,6,0.0,14,0,2,157,68.0,60.8,59.7,60.5,0,0,14,0,16.7,77.1,7.1,1,1,0,2,0,0,0.0,76,6.3
2,Cole LaCrue,170324,QB,E ILLINOIS,1,90.0,10,12,3.3,2.56,2,0,0.0,58.3,7,0,8,22.2,17,2,2,158,28.8,36.5,28.0,61.8,0,1,18,1,50.0,29.2,23.5,4,1,0,0,0,2,11.1,38,3.2
2,Connor Wolf,191443,QB,E ILLINOIS,1,75.0,12,12,10.3,3.05,0,0,0.0,66.7,8,0,11,11.1,16,1,5,158,66.7,62.0,66.0,52.8,0,0,17,0,18.2,96.2,12.5,2,2,0,0,0,0,0.0,111,9.3
2,Abram Johnston,192360,QB,NWSTATE,1,54.5,11,11,2.0,2.26,0,0,0.0,54.5,6,0,4,0.0,13,0,0,257,66.0,23.5,23.0,,0,2,13,0,50.0,20.5,15.4,2,0,0,0,0,2,15.4,10,0.9
2,Cobey Thompkins,192469,QB,CITADEL,1,81.8,11,11,16.1,2.7,0,2,16.7,81.8,9,0,2,0.0,12,0,5,139,30.6,80.9,90.0,61.9,0,0,13,1,0.0,149.1,0.0,0,1,0,0,1,0,0.0,155,14.1
2,Jarrin Alley,191827,QB,BUTLER,1,80.0,10,10,-0.2,1.97,0,0,0.0,80.0,8,0,3,0.0,11,0,4,127,67.6,65.2,61.1,64.0,0,0,11,0,33.3,92.5,9.1,1,0,0,0,0,0,0.0,62,6.2
2,Elijah Owens,171426,QB,INDIANA ST,1,90.0,10,10,1.6,2.16,0,0,0.0,90.0,9,0,1,0.0,13,0,5,191,70.5,80.4,74.6,71.9,0,0,13,0,0.0,127.9,0.0,0,3,0,0,1,0,0.0,67,6.7
2,Tevin Carter,157995,QB,PRVIEW A&M,1,80.0,10,10,6.3,2.98,0,0,0.0,60.0,6,0,4,25.0,14,2,3,270,71.2,74.4,61.9,73.3,0,0,17,0,0.0,72.1,0.0,0,4,0,0,0,0,0.0,48,4.8
2,Brandon Nunez,183978,QB,MS VLY ST,1,44.4,9,10,7.2,2.3,0,0,0.0,40.0,4,0,5,0.0,12,0,2,228,24.0,36.5,28.9,61.9,1,2,13,0,20.0,29.6,8.3,1,1,0,0,0,2,15.4,81,8.1
2,Isaac Lee,202007,QB,W CAROLINA,1,90.0,10,10,3.8,2.06,0,0,0.0,80.0,8,0,3,11.1,13,1,4,344,68.6,67.3,72.4,55.8,0,0,13,0,33.3,87.1,7.7,1,1,0,0,0,0,0.0,49,4.9
2,Nate Bell,170673,QB,E WASHGTON,1,62.5,8,9,10.6,2.8,0,1,10.0,55.6,5,0,5,0.0,10,0,2,161,71.6,67.7,46.7,79.2,0,1,12,0,0.0,43.1,0.0,0,1,0,1,0,1,8.3,74,8.2
2,Beckham Pellant,185467,QB,ILL STATE,1,50.0,8,9,10.0,2.17,0,0,0.0,44.4,4,0,3,0.0,9,0,3,188,10.4,33.7,59.6,25.1,0,0,10,0,0.0,104.4,0.0,0,0,0,1,1,0,0.0,61,6.8
2,Ty Dieffenbach,170114,QB,CAL POLY,1,75.0,8,9,6.1,2.11,1,1,10.0,66.7,6,0,4,0.0,10,0,3,129,67.6,44.0,44.3,56.9,0,1,11,0,25.0,56.0,10.0,1,0,0,0,0,1,9.1,82,9.1
2,Nate Hampton,147548,QB,GARD-WEBB,1,77.8,9,9,9.2,3.14,0,0,0.0,66.7,6,0,9,14.3,15,1,4,171,67.3,69.1,68.4,62.6,0,0,15,0,11.1,115.5,6.7,1,5,0,0,1,0,0.0,45,5.0
2,Devin Sherwood,156368,QB,YNGTOWN ST,1,100.0,8,8,2.9,2.76,0,0,0.0,100.0,8,0,2,0.0,10,0,5,353,67.5,66.8,75.2,58.5,0,0,10,1,0.0,91.1,0.0,0,2,0,0,0,0,0.0,47,5.9
2,Jalen Ferguson,200587,QB,CAMPBELL,1,42.9,7,8,6.6,2.15,1,0,0.0,37.5,3,0,3,0.0,8,0,1,131,66.3,45.0,43.9,59.4,0,0,9,0,0.0,45.8,0.0,0,0,0,0,0,0,0.0,24,3.0
2,Grant Harper,142158,QB,UC DAVIS,1,75.0,8,8,8.6,2.81,0,1,12.5,37.5,3,0,2,50.0,11,3,2,322,66.7,54.1,63.8,53.2,0,0,11,2,50.0,53.6,9.1,1,2,0,0,0,1,9.1,39,4.9
2,Cason Carswell,206621,QB,W ILLINOIS,1,75.0,8,8,4.9,3.16,0,0,0.0,75.0,6,0,3,0.0,10,0,3,345,66.5,69.5,59.4,71.6,0,0,10,0,33.3,131.3,10.0,1,1,0,0,1,0,0.0,52,6.5
2,Kyle Lowe,156595,QB,SE LA,1,87.5,8,8,5.0,2.32,0,0,0.0,75.0,6,0,2,14.3,9,1,3,294,28.4,66.2,60.2,64.8,0,0,9,0,50.0,88.0,11.1,1,0,0,0,0,0,0.0,45,5.6
2,Ashton Frye,163951,QB,GRAMBLING,1,42.9,7,7,5.9,2.48,0,0,0.0,28.6,2,0,4,33.3,8,1,1,177,69.0,40.9,38.1,56.4,0,0,8,0,25.0,39.6,12.5,1,0,0,0,0,1,12.5,17,2.4
2,Logan Kushner,188797,QB,DUQUESNE,1,85.7,7,7,4.3,2.89,0,0,0.0,85.7,6,0,2,0.0,7,0,3,155,65.9,83.0,78.7,63.3,0,0,7,0,0.0,104.8,0.0,0,0,0,0,0,0,0.0,64,9.1
2,Jett Peddy,200923,QB,FL A&M,1,20.0,5,7,15.0,2.3,1,1,14.3,14.3,1,0,1,0.0,7,0,0,164,67.1,53.5,54.0,58.3,0,0,7,0,0.0,39.6,0.0,0,0,0,1,0,1,14.3,5,0.7
2,Champ Long,170197,QB,NC A&T,1,60.0,5,7,3.2,2.69,1,0,0.0,42.9,3,0,6,0.0,9,0,1,246,5.2,24.6,22.8,63.1,1,1,9,0,33.3,13.7,22.2,2,0,0,0,0,4,44.4,26,3.7
2,Bronson Barben,188632,QB,UTAHTC,1,42.9,7,7,15.6,2.5,0,1,14.3,42.9,3,0,3,0.0,8,0,1,1285,18.8,29.4,36.7,46.9,0,2,8,0,33.3,74.1,12.5,1,0,0,0,1,3,37.5,61,8.7
2,Alex Gevaudan,186621,QB,MERCYHURST,1,83.3,6,6,3.3,1.97,0,1,16.7,83.3,5,0,1,0.0,6,0,2,977,64.2,73.9,73.5,,0,1,6,0,0.0,47.9,0.0,0,0,0,0,0,0,0.0,30,5.0
2,Nathan Hayes,162204,QB,N DAK ST,1,33.3,6,6,18.5,2.65,0,0,0.0,33.3,2,0,1,0.0,6,0,1,250,64.2,44.1,42.9,,0,1,6,0,0.0,79.9,0.0,0,0,0,0,1,1,16.7,72,12.0
2,John Michalski,177310,QB,SACR HEART,1,66.7,6,6,11.7,1.85,0,0,0.0,33.3,2,0,1,50.0,6,2,0,280,68.9,49.3,45.5,59.4,0,0,6,0,0.0,42.4,0.0,0,0,0,0,0,0,0.0,13,2.2
2,Marco Lainez,170155,QB,ELON,1,25.0,4,5,11.3,3.38,0,0,0.0,20.0,1,0,1,0.0,6,0,1,162,71.6,60.9,53.4,63.3,0,0,7,0,0.0,39.6,0.0,0,1,0,1,0,0,0.0,11,2.2
2,Ethan Greenwood,161869,QB,LIUSHAR,1,75.0,4,5,9.5,3.5,1,0,0.0,60.0,3,0,2,0.0,8,0,5,1298,69.3,80.7,72.2,69.1,0,0,8,0,0.0,104.2,0.0,0,3,0,0,0,0,0.0,105,21.0
2,Ja'Shawn Scroggins,160545,QB,HOWARD,1,40.0,5,5,12.6,2.78,0,0,0.0,20.0,1,0,3,50.0,5,1,0,184,65.5,40.7,41.3,59.1,0,1,5,0,0.0,0.0,0.0,0,0,0,0,0,1,20.0,5,1.0
2,Eric Rodriguez,160057,QB,TXAMCO,1,60.0,5,5,13.2,3.63,0,0,0.0,60.0,3,0,5,0.0,10,0,1,1139,69.3,61.3,61.3,59.6,0,1,12,0,40.0,39.2,20.0,2,3,0,0,0,1,8.3,32,6.4
2,Drew VanVleet,177653,QB,DAYTON,1,100.0,4,5,8.0,2.02,0,2,40.0,60.0,3,0,1,25.0,5,1,3,150,63.8,87.8,91.1,,0,0,5,1,0.0,127.5,0.0,0,0,0,1,1,0,0.0,43,8.6
2,Zach Pirtle,177926,QB,VA MILT IN,1,40.0,5,5,12.4,2.97,0,0,0.0,20.0,1,0,0,50.0,6,1,1,336,65.7,54.1,45.7,65.4,0,0,6,0,,39.6,0.0,0,1,0,0,0,0,0.0,1,0.2
2,Casey Bullock,185958,QB,DAVIDSON,1,40.0,5,5,7.8,2.47,0,0,0.0,40.0,2,0,1,0.0,6,0,1,149,64.2,44.7,44.3,,0,0,6,0,100.0,47.9,16.7,1,0,0,0,0,0,0.0,12,2.4
2,Will Madonna,88025,QB,TXAMCO,1,60.0,5,5,3.8,2.22,0,0,0.0,40.0,2,0,1,33.3,5,1,1,1139,64.2,37.5,43.2,,0,1,6,1,0.0,10.0,0.0,0,0,0,0,0,1,16.7,17,3.4
2,Brady Stober,203110,QB,SAMFORD,1,75.0,4,5,11.3,2.97,0,1,20.0,60.0,3,0,2,0.0,7,0,2,282,64.6,90.6,80.5,69.3,1,0,7,0,50.0,83.8,14.3,1,1,0,0,0,0,0.0,38,7.6
2,Gunner Chenier,189305,QB,STETSON,1,100.0,3,4,6.0,3.2,0,0,0.0,50.0,2,0,1,33.3,6,1,2,302,65.7,77.8,85.0,64.7,0,0,6,1,0.0,65.6,0.0,0,2,0,1,0,0,0.0,21,5.3
2,Will O'Dell,206486,QB,MARIST,1,100.0,4,4,7.8,2.36,0,0,0.0,100.0,4,0,0,0.0,5,0,3,213,65.7,56.7,53.3,61.5,0,0,6,0,,101.0,0.0,0,1,0,0,0,0,0.0,33,8.3
2,Jackson Akins,191379,QB,CAL POLY,1,66.7,3,4,2.0,2.12,1,0,0.0,50.0,2,0,3,0.0,5,0,0,129,65.5,60.8,55.5,62.9,0,0,5,0,33.3,56.3,20.0,1,0,0,0,0,0,0.0,4,1.0
2,Jaden Rashada,171886,QB,SACRAMENTO,1,100.0,2,4,8.5,3.55,0,0,0.0,25.0,1,0,4,50.0,6,1,0,279,64.2,54.6,70.8,52.8,0,0,6,1,0.0,39.6,0.0,0,2,0,2,0,0,0.0,9,2.3
2,Braden Davis,158114,QB,HAMPTON,1,50.0,4,4,8.5,1.88,0,0,0.0,50.0,2,0,1,0.0,4,0,1,178,13.0,29.3,49.9,43.4,0,0,4,0,0.0,56.3,0.0,0,0,0,0,0,0,0.0,8,2.0
2,Jeff Hoenstine,171652,QB,ST FRANCIS,1,50.0,4,4,-1.5,2.93,0,0,0.0,25.0,1,0,2,50.0,6,1,0,299,64.2,47.0,48.7,57.8,0,0,6,0,50.0,39.6,16.7,1,1,0,0,0,0,0.0,4,1.0
2,Eli Anderson,201571,QB,NWSTATE,1,75.0,4,4,0.5,2.36,0,0,0.0,75.0,3,0,2,0.0,5,0,1,257,65.5,46.9,51.6,54.3,0,0,5,0,0.0,78.1,0.0,0,1,0,0,0,0,0.0,13,3.3
2,Byron McNair,128017,QB,TENN STATE,1,50.0,4,4,5.5,3.5,0,0,0.0,50.0,2,0,1,0.0,5,0,0,308,63.8,29.1,28.6,57.8,0,1,5,0,0.0,16.7,0.0,0,1,0,0,0,1,20.0,12,3.0
2,Jy Walls,209866,QB,NC A&T,1,66.7,3,4,3.7,2.72,1,0,0.0,50.0,2,0,3,0.0,5,0,1,246,66.8,48.7,37.3,62.8,0,0,5,0,33.3,58.3,20.0,1,0,0,0,0,1,20.0,14,3.5
2,Treynor Cleeland,201915,QB,UC DAVIS,1,100.0,2,3,8.0,3.07,0,0,0.0,66.7,2,0,3,0.0,3,0,1,322,62.7,72.7,72.2,,0,0,3,0,0.0,93.8,0.0,0,0,0,1,0,0,0.0,26,8.7
2,Jack Jacobs,173517,QB,TXAMCO,1,100.0,2,3,17.5,2.68,1,1,33.3,66.7,2,0,2,0.0,4,0,2,1139,63.3,89.0,88.7,,0,0,4,0,50.0,109.7,25.0,1,0,0,0,0,0,0.0,43,14.3
2,Mike Chandler II,139371,QB,CAMPBELL,1,50.0,2,3,7.0,3.63,0,0,0.0,33.3,1,0,2,0.0,3,0,0,131,68.4,59.8,47.1,57.3,0,0,3,0,0.0,42.4,0.0,0,0,0,1,0,0,0.0,2,0.7
2,Jayden Sauray,162802,QB,DELWARE ST,1,66.7,3,3,21.0,1.8,0,1,33.3,66.7,2,0,2,0.0,3,0,2,152,64.8,85.8,89.3,59.5,0,0,3,0,0.0,109.7,0.0,0,0,0,0,0,0,0.0,39,13.0
2,Caleb Koger,170554,QB,CENT ARK,1,100.0,3,3,1.7,1.37,0,0,0.0,100.0,3,0,0,0.0,3,0,1,132,67.7,66.5,65.2,60.8,0,0,3,0,,84.7,0.0,0,0,0,0,0,0,0.0,13,4.3
2,Julian Calvez,167101,QB,TENN MARTN,1,66.7,3,3,17.0,2.52,0,0,0.0,33.3,1,0,1,50.0,5,1,1,310,63.8,63.4,68.4,57.3,0,0,5,0,100.0,60.4,20.0,1,1,0,0,0,0,0.0,22,7.3
2,Javance Tupou'ata-Johnson,175766,QB,N DAKOTA,1,50.0,2,2,11.5,4.57,0,0,0.0,50.0,1,0,8,0.0,9,0,3,249,23.4,69.5,28.1,83.5,0,0,10,0,37.5,58.3,33.3,3,4,0,0,0,1,10.0,7,3.5
2,Quentin Hayes,186423,QB,CITADEL,1,50.0,2,2,31.0,2.75,0,0,0.0,50.0,1,0,1,0.0,2,0,0,139,24.0,64.3,65.2,64.2,0,0,2,1,0.0,110.4,0.0,0,0,0,0,1,0,0.0,13,6.5
2,Dez Thomas II,177368,QB,GEORGETOWN,1,50.0,2,2,16.5,3.0,0,0,0.0,50.0,1,0,1,0.0,2,0,0,172,69.6,55.3,40.6,64.5,0,0,2,0,0.0,56.3,0.0,0,0,0,0,0,1,50.0,6,3.0
2,Aveon Smith,130529,QB,MERRIMACK,1,50.0,2,2,11.0,2.65,0,0,0.0,50.0,1,0,1,0.0,2,0,1,385,16.5,56.8,65.8,54.3,0,1,2,0,0.0,37.5,0.0,0,0,0,0,0,0,0.0,16,8.0
2,Aidan Dunne,148181,WR,N IOWA,1,0.0,1,2,5.0,2.65,0,0,0.0,0.0,0,0,1,,2,0,0,255,61.8,50.8,51.0,,1,0,2,0,0.0,39.6,0.0,0,0,0,0,0,0,0.0,0,0.0
2,Cam'Ron Ransom,147110,QB,BETH COOK,1,50.0,2,2,6.5,3.82,0,0,0.0,50.0,1,0,4,0.0,5,0,2,119,66.8,57.7,38.2,67.0,0,1,5,0,0.0,31.3,0.0,0,3,0,0,0,1,20.0,13,6.5
2,Xavier Rice,178207,QB,DUQUESNE,1,50.0,2,2,2.5,1.75,0,0,0.0,50.0,1,0,0,0.0,2,0,0,155,61.8,55.6,54.5,,0,0,2,0,,56.3,0.0,0,0,0,0,0,0,0.0,2,1.0
2,Carson Jenkins,159227,WR,WM & MARY,1,0.0,1,1,21.0,4.0,0,0,0.0,0.0,0,0,0,,1,0,0,348,60.3,67.1,76.2,,0,0,1,0,,39.6,0.0,0,0,0,0,0,0,0.0,0,0.0
2,Christian Anaya,164384,WR,W ILLINOIS,1,100.0,1,1,28.0,3.5,0,1,100.0,100.0,1,0,0,0.0,1,0,1,345,68.8,61.9,87.7,,0,0,1,0,,118.8,0.0,0,0,0,0,0,0,0.0,31,31.0
2,Griffin Caldwell,161295,HB,BUTLER,1,100.0,1,1,28.0,2.6,0,0,0.0,100.0,1,0,1,0.0,1,0,1,127,75.8,68.8,76.2,66.0,0,0,1,0,0.0,158.3,0.0,0,0,0,0,1,0,0.0,24,24.0
2,Jordan Barton,86281,QB,WAGNER,1,100.0,1,1,-5.0,1.7,0,0,0.0,100.0,1,0,0,0.0,1,0,1,338,60.3,61.3,61.0,,0,0,1,0,,104.2,0.0,0,0,0,0,0,0,0.0,9,9.0
2,Garrett Sanford,202324,ED,MURRAY ST,1,100.0,1,1,-7.0,0.6,0,0,0.0,100.0,1,0,0,0.0,1,0,1,236,60.3,60.5,60.6,,0,0,1,0,,87.5,0.0,0,0,0,0,0,0,0.0,5,5.0
2,Savion Red,163857,HB,SACRAMENTO,1,100.0,1,1,27.0,4.1,0,1,100.0,100.0,1,0,1,0.0,1,0,1,279,68.7,75.0,87.7,64.6,0,0,1,0,0.0,118.8,0.0,0,0,0,0,0,0,0.0,28,28.0
2,Terrell Russell,203468,QB,HOWARD,1,100.0,1,1,-3.0,1.9,0,0,0.0,0.0,0,0,0,100.0,1,1,0,184,60.3,54.2,55.3,,0,0,1,0,,39.6,0.0,0,0,0,0,0,0,0.0,0,0.0
2,JaShawn Todd,206183,WR,STTHOM,1,0.0,1,1,3.0,3.2,0,0,0.0,0.0,0,0,1,,1,0,0,1129,69.7,60.3,57.7,57.3,0,0,1,0,0.0,39.6,0.0,0,0,0,0,0,0,0.0,0,0.0
2,Gavin Rutherford,178188,QB,STF AUSTIN,1,100.0,1,1,12.0,3.4,0,0,0.0,100.0,1,0,0,0.0,1,0,1,301,63.7,69.0,74.3,57.7,0,0,1,0,,118.8,0.0,0,0,0,0,1,0,0.0,3,3.0
2,James Tyre,177965,WR,W CAROLINA,1,0.0,1,1,37.0,3.6,0,0,0.0,0.0,0,0,0,,1,0,0,344,68.8,64.1,50.1,,0,0,1,0,,39.6,0.0,0,0,0,0,0,0,0.0,0,0.0
2,Daniel Sobkowicz,148032,WR,ILL STATE,1,100.0,1,1,28.0,3.1,0,1,100.0,100.0,1,0,0,0.0,1,0,1,188,65.9,85.4,87.7,,0,0,1,0,,118.8,0.0,0,0,0,0,0,0,0.0,28,28.0
2,Jordon Davis,182683,QB,TEXAS STHN,1,100.0,1,1,-2.0,1.4,0,0,0.0,100.0,1,0,0,0.0,1,0,0,313,65.9,53.2,60.6,55.7,0,0,1,0,,79.2,0.0,0,0,0,0,0,0,0.0,3,3.0
2,Jake Jensen,147512,QB,MONTANA,1,100.0,1,1,-4.0,0.5,0,0,0.0,100.0,1,0,0,0.0,1,0,0,232,60.3,62.0,60.6,,0,0,1,0,,95.8,0.0,0,0,0,0,0,0,0.0,7,7.0
2,Joshua Jones,177098,QB,NC CENT,1,100.0,1,1,3.0,2.3,0,0,0.0,0.0,0,0,1,100.0,2,1,0,247,23.0,66.8,58.9,64.6,0,0,2,0,100.0,39.6,50.0,1,0,0,0,0,0,0.0,0,0.0
2,Tyrese Smith,185065,QB,PORTLAND,1,0.0,1,1,7.0,2.6,0,0,0.0,0.0,0,0,1,,2,0,0,269,70.5,58.8,45.7,67.6,0,0,2,1,0.0,39.6,0.0,0,1,0,0,0,0,0.0,0,0.0
2,Jace Wilson,149892,QB,TENN TECH,1,100.0,1,1,31.0,3.5,0,0,0.0,100.0,1,0,0,0.0,1,0,1,309,60.3,77.0,75.7,,0,0,1,0,,158.3,0.0,0,0,0,0,1,0,0.0,52,52.0
2,Adam Jones,176769,HB,MONTANA ST,1,100.0,1,1,15.0,3.0,0,0,0.0,100.0,1,0,0,0.0,1,0,1,233,72.9,72.9,72.6,67.0,0,0,1,0,,118.8,0.0,0,0,0,0,0,0,0.0,16,16.0
2,Michael Briscoe,142810,WR,CAL POLY,1,0.0,1,1,33.0,3.5,0,0,0.0,0.0,0,0,0,,1,0,0,129,66.2,60.5,50.1,59.7,0,0,1,0,,39.6,0.0,0,0,0,0,0,0,0.0,0,0.0
2,Jason Penza,185670,QB,LAFAYETTE,1,100.0,1,1,6.0,1.6,0,0,0.0,100.0,1,0,0,0.0,1,0,1,203,70.5,75.4,61.6,69.5,0,0,1,0,,118.8,0.0,0,0,0,0,0,0,0.0,18,18.0
2,Caleb Burke,142312,WR,NEW HAMP,1,100.0,1,1,38.0,3.2,0,0,0.0,100.0,1,0,0,0.0,1,0,1,240,64.6,67.8,75.7,,0,0,1,0,,158.3,0.0,0,0,0,0,1,0,0.0,53,53.0
2,Dylan Mauro,175645,P,UC DAVIS,1,100.0,1,1,-1.0,2.1,0,0,0.0,100.0,1,0,0,0.0,1,0,1,322,60.3,60.6,60.6,,0,0,1,0,,118.8,0.0,0,0,0,0,0,0,0.0,27,27.0
2,Braydon Black,186596,WR,MERCYHURST,1,0.0,1,1,2.0,3.3,0,0,0.0,0.0,0,0,0,,1,0,0,977,63.7,57.5,48.2,,0,0,1,1,,39.6,0.0,0,0,0,0,0,0,0.0,0,0.0
2,Trey Drake,174411,QB,N DAK ST,1,100.0,1,1,-3.0,2.8,0,0,0.0,100.0,1,0,1,0.0,1,0,0,250,65.9,59.1,60.6,58.1,0,0,1,0,0.0,83.3,0.0,0,0,0,0,0,0,0.0,4,4.0
2,Rashad Rochelle,156502,WR,INDIANA ST,1,100.0,1,1,23.0,3.3,0,0,0.0,100.0,1,0,0,0.0,1,0,1,191,72.0,68.9,76.2,,0,0,1,0,,118.8,0.0,0,0,0,0,0,0,0.0,23,23.0
2,Caleb McCreary,190693,QB,TENN STATE,1,100.0,1,1,11.0,3.4,0,0,0.0,100.0,1,0,1,0.0,2,0,1,308,67.6,65.4,72.6,57.8,0,0,2,0,0.0,112.5,0.0,0,1,0,0,0,0,0.0,11,11.0
2,Matt Machalik,192072,QB,LEHIGH,1,100.0,1,1,-5.0,1.1,0,0,0.0,100.0,1,0,0,0.0,1,0,1,205,68.7,76.9,60.6,70.0,0,0,1,0,,100.0,0.0,0,0,0,0,0,0,0.0,8,8.0
2,Chris Howell,171592,QB,LIUSHAR,1,0.0,1,1,10.0,2.3,0,0,0.0,0.0,0,0,0,,1,0,0,1298,62.4,73.5,58.6,,0,0,1,0,,39.6,0.0,0,0,0,0,0,0,0.0,0,0.0
2,Jaxon Dailey,156650,QB,N IOWA,1,100.0,1,1,-4.0,0.6,0,0,0.0,100.0,1,0,0,0.0,1,0,0,255,71.9,53.2,60.4,55.1,0,0,1,0,,83.3,0.0,0,0,0,0,0,0,0.0,4,4.0
2,Daniel Greek,126950,QB,TARLETON,1,100.0,1,1,11.0,2.3,0,0,0.0,100.0,1,0,0,0.0,1,0,1,401,67.5,70.4,72.6,60.5,0,0,1,0,,156.3,0.0,0,0,0,0,1,0,0.0,12,12.0
2,Jaden Gibson,170132,WR,SAMFORD,1,0.0,1,1,-7.0,1.3,0,0,0.0,0.0,0,0,0,,1,0,0,282,68.5,66.9,57.7,,0,0,1,0,,39.6,0.0,0,0,0,0,0,0,0.0,0,0.0
2,Parker Stofa,197903,QB,JACKSON ST,1,0.0,1,1,18.0,2.5,0,0,0.0,0.0,0,0,0,,1,0,0,194,60.3,26.7,27.2,,0,1,1,0,,0.0,0.0,0,0,0,0,0,1,100.0,0,0.0
2,Jackson Byrd,200791,QB,E TENN ST,1,100.0,1,1,6.0,2.35,0,0,0.0,100.0,1,0,1,0.0,2,0,0,157,64.4,55.9,58.5,58.9,0,0,2,0,100.0,91.7,50.0,1,0,0,0,0,0,0.0,6,6.0
2,Rahsaan Matthews Jr.,193775,QB,VIRSTA,1,60.0,40,49,12.6,3.15,0,4,7.8,42.9,21,0,21,12.5,55,3,13,1164,72.1,63.2,59.7,60.6,1,1,57,0,14.3,67.6,5.5,3,3,0,8,2,3,5.3,290,5.9
2,Hamas Duren,211979,QB,LINCOLN,1,79.3,29,34,5.6,2.7,0,3,8.6,55.9,19,0,22,17.4,38,4,9,380,32.8,74.4,79.0,49.1,1,0,39,0,18.2,91.7,10.5,4,0,0,4,2,2,5.1,191,5.6
2,Griffin Scalf,209152,QB,THMORE,1,51.6,31,33,8.9,2.12,1,0,0.0,45.5,15,0,10,6.3,33,1,6,1296,69.0,46.3,44.2,62.5,0,2,33,1,0.0,30.6,0.0,0,0,0,1,0,2,6.1,126,3.8
2,Dylan Hair,211379,QB,TRSU,1,62.1,29,31,12.6,2.85,0,1,2.9,45.2,14,0,8,22.2,33,4,9,1147,37.6,70.1,69.9,61.3,0,0,36,0,25.0,101.7,6.1,2,0,0,2,3,0,0.0,221,7.1
2,Christopher Perkins,211881,QB,ELIZBTH ST,1,73.1,26,30,7.7,2.78,1,0,0.0,63.3,19,0,17,0.0,36,0,12,373,27.4,54.1,52.4,59.1,1,0,43,0,5.9,92.1,2.8,1,5,0,2,1,2,4.7,188,6.3
2,Jeremiah Johnson,160963,QB,WARNER,1,53.8,26,28,8.0,2.32,0,1,3.4,46.4,13,0,11,7.1,29,1,6,407,25.1,38.9,48.1,44.3,1,2,30,2,0.0,28.3,0.0,0,1,0,1,0,3,10.0,116,4.1
2,Noah Beaudrie,206644,QB,ADRIAN,1,77.3,22,23,7.3,2.79,0,2,8.7,69.6,16,0,11,5.9,29,1,8,1534,69.7,78.7,87.4,58.2,0,0,29,1,18.2,107.7,6.9,2,4,0,1,1,0,0.0,183,8.0
2,Drew Forkner,194346,QB,ST ANSELM,1,60.0,20,22,8.0,3.24,0,1,4.0,31.8,7,0,12,41.7,30,5,2,399,68.5,51.2,54.6,56.2,0,0,33,1,33.3,56.3,13.3,4,4,0,2,1,1,3.0,55,2.5
2,Eli Foutz,211762,QB,Ferr,1,73.3,15,17,3.8,2.13,1,0,0.0,64.7,11,0,5,0.0,18,0,3,869,69.1,59.7,57.7,60.9,0,0,20,0,0.0,76.6,0.0,0,1,0,1,0,0,0.0,84,4.9
2,Kennedy McGill,179285,QB,CENT WASH,1,53.8,13,16,12.4,2.94,0,1,5.9,43.8,7,0,10,0.0,19,0,4,367,72.5,61.4,63.3,61.3,1,2,20,2,10.0,39.6,5.3,1,2,0,2,1,1,5.0,76,4.8
2,Michael Ryan,211606,QB,WARNER,1,50.0,12,13,14.2,3.23,0,1,7.7,46.2,6,0,10,0.0,20,0,6,407,67.8,59.0,59.7,58.4,0,0,20,0,20.0,69.7,10.0,2,5,0,1,0,0,0.0,91,7.0
2,Ronan Noke,194370,QB,ST ANSELM,1,72.7,11,12,6.3,2.93,0,0,0.0,58.3,7,0,2,12.5,14,1,3,399,68.7,61.7,51.9,69.8,0,1,14,0,0.0,45.8,0.0,0,2,0,1,0,0,0.0,86,7.2
2,Cephas Williams,180309,QB,AMRINT,1,70.0,10,11,6.4,2.74,0,0,0.0,63.6,7,0,8,0.0,13,0,5,737,66.0,34.5,41.7,,0,0,13,2,25.0,87.3,15.4,2,0,0,1,0,1,7.7,85,7.7
2,Connor Dietz,206824,QB,AMRINT,1,83.3,6,8,4.0,2.77,1,0,0.0,62.5,5,0,9,0.0,14,0,2,737,25.4,60.6,64.1,60.8,0,0,14,1,22.2,72.9,14.3,2,3,0,1,0,0,0.0,36,4.5
2,Zach Wyatt,211852,QB,Ferr,1,66.7,6,6,16.7,3.43,0,0,0.0,66.7,4,0,3,0.0,7,0,1,869,65.9,50.8,52.7,55.9,0,0,7,0,0.0,78.5,0.0,0,1,0,0,0,0,0.0,30,5.0
2,Caleb Christensen,193566,QB,CENT WASH,1,66.7,3,4,17.3,2.53,0,0,0.0,50.0,2,0,3,0.0,4,0,2,367,63.3,76.7,76.2,,1,0,4,0,0.0,77.1,0.0,0,0,0,0,0,0,0.0,32,8.0
2,Rhyel Miles-Eubanks,211961,QB,LINCOLN,1,100.0,2,2,-1.0,1.3,0,0,0.0,100.0,2,0,0,0.0,2,0,0,380,61.8,62.9,62.7,,0,0,2,0,,81.3,0.0,0,0,0,0,0,0,0.0,7,3.5
2,Lukas Kasko,180254,QB,AMRINT,1,0.0,1,1,2.0,1.9,0,0,0.0,0.0,0,0,1,,1,0,0,737,60.3,54.7,57.7,,0,0,1,0,0.0,39.6,0.0,0,0,0,0,0,0,0.0,0,0.0
2,Malik Hunter,179841,WR,VIRSTA,1,100.0,1,1,-6.0,2.8,0,0,0.0,100.0,1,0,0,0.0,1,0,1,1164,66.4,57.3,60.6,,0,0,1,0,,158.3,0.0,0,0,0,0,1,0,0.0,14,14.0
2,Drew Owen,197470,P,WARNER,1,100.0,1,1,12.0,2.4,0,0,0.0,100.0,1,0,0,0.0,1,0,1,407,60.3,58.5,57.7,,0,0,1,0,,118.8,0.0,0,0,0,0,0,0,0.0,19,19.0
week,player,player_id,position,team_name,player_game_count,accuracy_percent,aimed_passes,attempts,avg_depth_of_target,avg_time_to_throw,bats,big_time_throws,btt_rate,completion_percent,completions,declined_penalties,def_gen_pressures,drop_rate,dropbacks,drops,first_downs,franchise_id,grades_hands_fumble,grades_offense,grades_pass,grades_run,hit_as_threw,interceptions,passing_snaps,penalties,pressure_to_sack_rate,qb_rating,sack_percent,sacks,scrambles,spikes,thrown_aways,touchdowns,turnover_worthy_plays,twp_rate,yards,ypa
3,Darian Mensah,169984,QB,DUKE,1,70.2,47,51,10.5,3.11,1,3,5.4,58.8,30,0,17,9.1,52,3,18,154,70.1,69.6,69.7,57.3,0,1,58,0,0.0,88.1,0.0,0,1,0,3,3,2,3.4,313,6.1
3,Caden Veltkamp,156642,QB,FAU,1,75.0,48,51,9.2,2.76,1,2,3.8,64.7,33,0,18,8.3,56,3,15,165,71.8,56.6,58.5,53.3,0,3,58,0,11.1,72.6,3.6,2,3,0,2,2,4,6.9,343,6.7
3,DJ Lagway,184426,QB,FLORIDA,1,73.9,46,49,6.7,2.54,1,2,3.8,67.3,33,0,20,2.9,55,1,12,163,71.2,53.9,52.2,61.3,1,5,58,0,15.0,49.8,5.5,3,3,0,1,1,6,10.3,287,5.9
3,Nicholas Vattiato,145302,QB,MIDDLE TN,1,73.8,42,45,7.1,2.78,0,0,0.0,60.0,27,0,18,12.9,57,4,15,224,70.5,59.9,62.0,54.2,0,1,59,0,22.2,73.1,7.0,4,8,1,2,1,0,0.0,247,5.5
3,Maalik Murphy,157302,QB,OREGON ST,1,68.2,44,44,9.2,2.34,0,0,0.0,56.8,25,0,18,16.7,48,5,13,265,70.3,64.9,64.0,66.4,0,2,48,1,16.7,72.3,6.3,3,1,0,0,2,2,4.2,282,6.4
3,Dylan Lonergan,172386,QB,BOSTON COL,1,73.2,41,44,7.6,2.53,1,2,4.5,68.2,30,0,15,0.0,48,0,17,121,69.6,62.1,61.6,59.3,0,1,49,0,13.3,88.5,4.2,2,2,0,2,1,2,4.1,333,7.6
3,Jalen Kitna,146688,QB,UAB,1,80.5,41,44,7.7,2.72,0,1,2.3,68.2,30,0,16,9.1,47,3,19,321,37.8,71.2,70.7,59.6,1,0,47,0,18.8,106.3,6.4,3,0,0,2,2,1,2.1,341,7.8
3,Noah Kim,129623,QB,E MICHIGAN,1,71.8,39,42,8.4,3.05,1,2,4.7,59.5,25,0,14,10.7,48,3,13,160,70.8,76.2,75.2,64.7,0,1,49,0,14.3,82.4,4.2,2,4,0,2,1,0,0.0,330,7.9
3,Luke Weaver,198494,QB,HAWAII,1,68.3,41,42,7.6,2.54,1,2,4.3,61.9,26,0,10,7.1,52,2,11,180,70.8,64.3,65.3,58.2,0,0,58,0,20.0,93.4,3.8,2,8,0,0,2,1,1.7,240,5.7
3,Ta'Quan Roberson,101625,QB,BUFFALO,1,76.3,38,40,10.6,2.64,0,4,9.8,70.0,28,0,12,3.4,47,1,18,126,24.0,59.3,57.5,61.8,0,1,48,0,25.0,108.6,6.4,3,4,0,2,3,3,6.3,323,8.1
3,Ryan Browne,174949,QB,PURDUE,1,76.5,34,39,7.3,2.84,0,0,0.0,61.5,24,0,21,7.7,47,2,16,273,70.1,63.0,63.0,51.4,1,3,51,0,28.6,62.4,12.8,6,2,0,4,1,3,5.9,305,7.8
3,Tad Hudson,170107,QB,COAST CAR,1,68.6,35,39,9.0,2.69,1,3,7.0,48.7,19,0,25,20.8,49,5,12,141,26.1,76.8,79.2,53.6,0,2,53,0,24.0,39.7,12.2,6,4,0,3,0,2,3.8,172,4.4
3,Jaron-Keawe Sagapolutele,198237,QB,CAL,1,73.0,37,39,9.8,2.76,1,2,4.7,61.5,24,0,12,11.1,42,3,14,130,71.0,74.7,74.0,61.8,0,0,46,0,25.0,108.8,7.1,3,0,1,0,3,1,2.2,279,7.2
3,Devon Dampier,171556,QB,UTAH,1,77.8,36,39,7.6,2.66,0,1,2.3,66.7,26,0,5,7.1,42,2,12,328,44.7,66.1,67.1,59.3,0,0,46,0,20.0,99.5,2.4,1,2,0,3,2,1,2.2,232,5.9
3,Kyron Drones,144506,QB,VA TECH,1,75.7,37,39,9.4,3.71,0,1,2.4,66.7,26,0,20,7.1,50,2,12,337,26.6,59.9,57.2,62.4,0,1,53,0,20.0,101.0,8.0,4,7,0,2,3,4,7.5,266,6.8
3,Eli Holstein,172381,QB,PITTSBURGH,1,67.6,34,38,9.2,2.9,1,1,2.6,57.9,22,0,18,4.3,48,1,8,268,40.7,37.8,30.6,66.9,1,1,49,2,33.3,81.4,12.5,6,4,0,2,1,5,10.2,303,8.0
3,Marcel Reed,175940,QB,TEXAS A&M,1,52.9,34,37,14.6,3.19,1,2,5.3,45.9,17,0,17,5.6,40,1,16,312,70.8,51.8,49.6,60.3,0,1,42,0,0.0,87.7,0.0,0,3,0,2,2,4,9.5,360,9.7
3,Joe Fagnano,104768,QB,UCONN,1,81.1,37,37,10.6,2.78,0,2,5.3,75.7,28,0,9,6.7,38,2,19,146,69.0,91.3,90.8,64.0,0,0,40,0,11.1,122.6,2.6,1,0,0,0,2,0,0.0,350,9.5
3,Baylor Hayes,192135,QB,TULSA,1,68.6,35,37,9.0,2.61,1,0,0.0,59.5,22,0,16,8.3,42,2,13,320,39.4,47.5,43.5,63.0,0,1,46,0,12.5,70.7,4.8,2,3,0,1,1,2,4.3,189,5.1
3,Joey Aguilar,174978,QB,TENNESSEE,1,73.5,34,37,9.9,2.53,0,1,2.5,64.9,24,0,9,4.0,38,1,15,307,37.1,63.6,69.4,42.8,0,2,42,1,0.0,111.4,0.0,0,1,0,3,4,1,2.4,371,10.0
3,Sawyer Robertson,146839,QB,BAYLOR,1,62.2,37,37,8.1,2.42,0,3,7.7,62.2,23,0,5,0.0,39,0,12,118,69.5,55.0,53.0,62.2,0,2,41,0,20.0,82.2,2.6,1,1,0,0,3,2,4.9,211,5.7
3,Jacob Clark,101628,QB,MO STATE,1,75.0,32,37,8.4,2.34,1,3,7.5,59.5,22,0,23,8.3,46,2,12,230,69.7,60.8,63.7,50.6,3,3,50,1,21.7,57.5,10.9,5,3,1,0,1,2,4.0,272,7.4
3,Owen McCown,157688,QB,UTSA,1,86.1,36,37,4.0,2.31,0,1,2.6,81.1,30,0,7,3.2,39,1,12,331,69.1,77.4,79.9,53.1,0,0,41,0,0.0,130.1,0.0,0,2,0,1,4,0,0.0,243,6.6
3,Kevin Jennings,158272,QB,SMU,1,80.6,36,37,8.0,2.78,0,2,5.1,67.6,25,0,8,13.8,41,4,13,287,69.2,86.8,89.1,52.8,0,1,43,0,25.0,87.8,4.9,2,2,0,1,1,1,2.3,281,7.6
3,Katin Houser,158386,QB,E CAROLINA,1,75.7,37,37,9.0,1.71,0,2,5.3,75.7,28,0,3,0.0,37,0,17,156,70.2,76.2,73.2,68.1,0,1,38,1,0.0,104.9,0.0,0,0,0,0,2,2,5.3,293,7.9
3,Brad Jackson,184354,QB,TEXAS ST,1,74.3,35,36,7.0,2.66,0,0,0.0,69.4,25,0,14,3.8,46,1,11,314,39.7,60.6,55.1,68.1,0,0,49,0,35.7,90.2,10.9,5,5,0,1,1,1,2.0,181,5.0
3,Ben Finley,122864,QB,AKRON,1,63.9,36,36,12.9,3.0,0,1,2.6,55.6,20,0,12,13.0,41,3,14,102,71.3,78.6,75.4,69.3,0,0,44,0,41.7,99.4,12.2,5,0,0,0,2,0,0.0,281,7.8
3,Byrum Brown,156206,QB,USF,1,61.8,34,36,9.1,2.87,1,2,5.3,55.6,20,0,18,4.8,43,1,10,327,40.9,61.1,70.4,45.6,0,1,45,0,11.1,77.8,4.7,2,5,0,1,1,2,4.4,274,7.6
3,Behren Morton,144747,QB,TEXAS TECH,1,78.1,32,36,11.8,2.93,0,5,13.9,63.9,23,0,9,8.0,38,2,18,315,69.8,86.0,86.9,59.3,1,1,38,1,11.1,132.9,2.6,1,1,0,3,4,1,2.6,464,12.9
3,Ryan Staub,171906,QB,COLORADO,1,66.7,33,36,8.1,2.86,1,2,5.4,52.8,19,0,15,13.6,46,3,9,143,21.6,40.6,46.1,48.0,2,2,49,2,20.0,55.8,6.5,3,7,0,0,1,4,8.2,204,5.7
3,Malachi Nelson,174203,QB,UTEP,1,75.8,33,35,4.8,2.45,0,1,2.8,65.7,23,0,12,8.0,39,2,7,330,69.1,54.9,55.2,57.3,0,2,41,0,16.7,57.9,5.1,2,1,0,2,0,3,7.3,209,6.0
3,Robby Ashford,131702,QB,WAKE,1,67.6,34,35,6.8,2.65,1,2,5.4,60.0,21,0,7,8.7,39,2,8,339,71.2,63.7,61.2,63.9,0,2,43,0,14.3,58.3,2.6,1,3,0,0,0,2,4.7,252,7.2
3,Taylen Green,145996,QB,ARKANSAS,1,71.9,32,35,9.5,3.3,1,1,2.7,62.9,22,0,12,4.3,38,1,15,111,73.1,74.5,59.8,81.8,1,0,40,0,0.0,100.3,0.0,0,3,0,1,1,2,5.0,305,8.7
3,John Mateer,158516,QB,OKLAHOMA,1,67.7,31,34,6.5,2.74,2,1,2.9,58.8,20,0,12,4.8,37,1,15,261,70.6,81.0,76.5,71.9,0,1,38,0,8.3,83.2,2.7,1,2,0,1,1,0,0.0,282,8.3
3,Nico Iamaleava,174728,QB,UCLA,1,71.0,31,34,8.1,2.84,1,0,0.0,64.7,22,0,18,0.0,38,0,11,324,44.2,61.9,56.8,68.6,1,1,38,0,0.0,80.1,0.0,0,4,0,1,1,1,2.6,217,6.4
3,Jaylen Raynor,172203,QB,ARK STATE,1,63.3,30,34,9.3,3.0,1,0,0.0,55.9,19,0,11,0.0,41,0,11,113,43.3,66.0,51.4,80.7,0,1,43,1,18.2,63.6,4.9,2,5,0,3,0,2,4.7,222,6.5
3,Dru DeShields,176094,QB,KENT STATE,1,71.0,31,34,8.1,2.95,0,1,2.9,64.7,22,1,18,0.0,43,0,12,201,70.9,62.3,60.4,61.8,0,0,45,2,11.1,109.8,4.7,2,7,1,2,2,0,0.0,279,8.2
3,Logan Fife,128176,QB,NEW MEX ST,1,70.0,30,33,10.8,2.5,2,3,8.6,51.5,17,0,8,19.0,37,4,10,242,28.4,54.4,57.3,50.9,0,2,40,0,12.5,75.7,2.7,1,3,0,1,2,3,7.5,283,8.6
3,CJ Carr,184093,QB,NOTRE DAME,1,65.6,32,33,11.1,2.45,0,1,2.9,60.6,20,0,9,4.8,34,1,12,258,69.6,66.7,69.0,57.5,0,1,35,1,11.1,87.1,2.9,1,0,0,1,1,3,8.6,293,8.9
3,Nick Minicucci,173617,QB,DELAWARE,1,78.1,32,33,7.9,2.56,0,2,5.6,69.7,23,0,10,8.0,40,2,8,151,73.2,58.8,55.0,63.3,0,0,43,0,50.0,103.7,12.5,5,2,0,1,1,3,7.0,265,8.0
3,Noah Fifita,158722,QB,ARIZONA,1,67.9,28,33,11.3,3.08,2,2,5.4,48.5,16,0,11,15.8,41,3,10,109,72.6,80.0,81.4,64.4,1,0,46,0,18.2,65.0,4.9,2,6,0,2,0,0,0.0,178,5.4
3,CJ Bailey,183349,QB,NC STATE,1,86.7,30,32,7.5,3.06,0,1,2.7,71.9,23,0,12,11.5,35,3,12,248,72.2,84.5,84.1,64.9,0,0,41,0,8.3,119.4,2.9,1,2,0,2,3,0,0.0,201,6.3
3,Julian Sayin,183708,QB,OHIO STATE,1,80.6,31,32,9.2,3.04,0,2,6.3,78.1,25,0,7,0.0,35,0,15,260,69.1,80.4,83.4,56.7,0,2,35,1,14.3,117.1,2.9,1,1,0,1,3,1,2.9,347,10.8
3,Drake Lindsey,184727,QB,MINNESOTA,1,70.4,27,32,9.1,2.5,2,1,2.8,59.4,19,0,8,0.0,33,0,11,225,68.8,80.4,80.0,,2,1,37,0,12.5,75.7,3.0,1,0,0,1,1,1,2.7,205,6.4
3,Drew Pyne,122910,QB,BOWL GREEN,1,69.0,29,32,6.4,2.58,2,1,3.0,50.0,16,0,6,20.0,36,4,10,122,70.6,77.8,77.1,63.8,0,0,37,0,16.7,73.2,2.8,1,3,1,0,1,0,0.0,146,4.6
3,Gunner Stockton,157072,QB,GEORGIA,1,82.8,29,31,6.2,2.51,0,3,7.9,74.2,23,0,14,4.2,39,1,14,173,71.6,65.1,66.3,57.4,1,0,46,0,28.6,126.3,10.3,4,4,0,1,2,2,4.3,304,9.8
3,Steve Angeli,156966,QB,SYRACUSE,1,93.3,30,31,12.0,2.55,0,3,9.4,74.2,23,0,6,17.9,33,5,17,304,70.9,93.3,92.5,74.4,1,0,35,0,0.0,154.8,0.0,0,2,0,0,5,0,0.0,382,12.3
3,Conner Harrell,156352,QB,CHARLOTTE,1,90.0,30,30,7.5,2.71,0,2,6.5,86.7,26,0,9,3.7,34,1,18,136,40.8,79.8,84.2,61.4,0,1,36,0,11.1,138.2,2.9,1,3,0,0,3,1,2.8,382,12.7
3,Aidan Chiles,173727,QB,MICH STATE,1,78.6,28,29,8.7,3.2,0,0,0.0,75.9,22,0,8,0.0,32,0,15,223,70.8,70.6,70.3,62.0,0,1,32,0,0.0,101.2,0.0,0,3,0,1,1,1,3.1,270,9.3
3,Ty Simpson,157008,QB,ALABAMA,1,89.7,29,29,7.2,3.09,0,6,19.4,82.8,24,0,9,7.7,34,2,17,103,69.2,94.4,93.8,72.5,0,0,36,0,11.1,158.3,2.9,1,4,0,0,4,0,0.0,382,13.2
3,Braylon Braxton,144442,QB,SO MISS,1,75.9,29,29,8.4,2.34,0,3,10.0,75.9,22,1,4,0.0,31,0,13,296,71.6,83.4,79.4,71.3,0,1,32,2,25.0,114.0,3.2,1,1,0,0,2,1,3.1,279,9.6
3,Trinidad Chambliss,178723,QB,OLE MISS,1,79.3,29,29,8.0,2.7,0,2,6.3,72.4,21,0,10,8.7,33,2,14,226,74.0,85.6,82.1,72.1,0,0,36,0,10.0,124.6,3.0,1,3,0,0,1,0,0.0,353,12.2
3,Tucker Kilcrease,156863,QB,TROY,1,40.0,25,29,12.7,2.95,2,0,0.0,34.5,10,0,21,0.0,37,0,6,318,69.9,45.1,43.1,59.6,1,1,40,0,19.0,29.0,10.8,4,4,0,1,0,1,2.5,65,2.2
3,Drew Allar,164157,QB,PENN STATE,1,58.6,29,29,11.1,3.02,0,1,3.3,55.2,16,0,5,5.9,31,1,12,266,68.4,57.8,56.3,60.6,0,1,32,0,0.0,75.2,0.0,0,2,0,0,1,2,6.3,209,7.2
3,Avery Johnson,173108,QB,KANSAS ST,1,66.7,24,29,12.1,2.9,2,2,6.9,44.8,13,0,10,18.8,31,3,5,199,70.7,48.6,47.5,58.1,0,0,31,0,10.0,52.1,3.2,1,1,0,3,0,3,9.7,88,3.0
3,Haynes King,124329,QB,GA TECH,1,80.0,25,28,6.1,2.51,0,1,3.6,71.4,20,0,11,0.0,32,0,10,176,75.8,85.6,78.5,75.4,1,0,32,0,18.2,93.0,6.3,2,2,0,2,0,0,0.0,211,7.5
3,Carson Beck,124010,QB,MIAMI FL,1,82.1,28,28,12.3,2.63,0,2,7.1,82.1,23,0,4,0.0,30,0,15,220,70.2,79.6,78.9,64.1,0,2,30,0,25.0,123.2,3.3,1,1,0,0,3,1,3.3,340,12.1
3,Drew Mestemaker,190616,QB,N TEXAS,1,85.7,28,28,5.9,2.3,0,1,3.2,85.7,24,0,5,0.0,29,0,13,251,69.4,79.2,74.2,72.8,0,0,32,0,20.0,137.6,3.4,1,0,0,0,4,0,0.0,211,7.5
3,Jayden Maiava,158135,QB,USC,1,69.2,26,28,11.7,3.28,0,3,10.0,60.7,17,0,9,5.6,30,1,11,326,71.2,64.5,62.2,63.3,0,0,32,0,11.1,94.6,3.3,1,1,0,2,0,3,9.4,282,10.1
3,Athan Kaliakmanis,144971,QB,RUTGERS,1,76.9,26,27,13.3,2.8,0,3,10.3,66.7,18,0,4,10.0,31,2,14,278,68.5,90.1,90.6,58.2,0,0,33,0,25.0,117.7,3.2,1,3,1,0,1,0,0.0,309,11.4
3,Luke Doty,124230,QB,S CAROLINA,1,70.4,27,27,6.7,2.49,0,0,0.0,66.7,18,0,6,5.3,33,1,11,289,30.4,59.1,58.9,59.2,0,1,33,0,16.7,64.3,3.0,1,5,0,0,0,1,3.0,143,5.3
3,Garrett Nussmeier,146757,QB,LSU,1,75.0,24,27,6.5,2.44,1,3,10.7,55.6,15,0,7,16.7,28,3,8,211,69.8,76.9,75.8,63.4,1,1,30,0,0.0,79.2,0.0,0,1,0,1,1,1,3.3,220,8.1
3,Brendon Lewis,131687,QB,MEMPHIS,1,82.6,23,27,10.5,3.2,1,3,10.3,63.0,17,0,12,10.5,32,2,9,218,38.8,76.4,68.7,73.1,1,0,34,0,25.0,99.8,9.4,3,2,0,2,1,1,2.9,213,7.9
3,Josh Hoover,127148,QB,TCU,1,77.8,27,27,13.3,2.49,0,2,7.1,77.8,21,0,4,0.0,28,0,14,305,68.7,82.5,81.8,60.0,0,0,29,0,0.0,158.3,0.0,0,0,0,0,4,1,3.4,337,12.5
3,Cade Klubnik,156253,QB,CLEMSON,1,76.2,21,26,8.5,3.0,1,2,7.1,57.7,15,0,9,6.3,29,1,9,140,27.3,68.2,75.7,53.3,1,1,31,0,0.0,80.1,0.0,0,3,0,3,1,1,3.2,207,8.0
3,Bishop Davenport,163426,QB,S ALABAMA,1,80.0,25,26,5.8,2.36,0,0,0.0,69.2,18,0,5,10.0,29,2,13,288,31.2,65.8,62.3,65.4,0,1,32,0,20.0,96.6,3.4,1,2,0,1,2,2,6.3,170,6.5
3,Luke Altmyer,146802,QB,ILLINOIS,1,78.3,23,26,10.3,2.86,0,1,3.6,61.5,16,0,6,11.1,31,2,10,187,68.5,79.9,80.9,58.8,1,0,34,0,33.3,110.4,6.5,2,3,0,2,2,0,0.0,196,7.5
3,Conner Weigman,158683,QB,HOUSTON,1,75.0,20,25,11.5,2.86,0,1,3.7,60.0,15,1,17,0.0,29,0,9,182,53.1,73.4,64.4,75.1,1,0,31,2,5.9,89.1,3.4,1,2,0,4,0,0,0.0,222,8.9
3,Sam Leavitt,175465,QB,ARIZONA ST,1,82.6,23,25,7.9,3.13,0,2,8.0,60.0,15,0,13,21.1,32,4,10,110,70.8,89.8,75.1,86.3,1,0,32,0,23.1,110.1,9.4,3,4,0,1,2,0,0.0,188,7.5
3,Arch Manning,173162,QB,TEXAS,1,50.0,24,25,7.0,3.49,1,0,0.0,44.0,11,0,6,8.3,27,1,8,311,36.4,49.1,43.9,60.6,0,1,30,0,0.0,54.4,0.0,0,2,0,0,1,2,6.7,114,4.6
3,Diego Pavia,156927,QB,VANDERBILT,1,72.0,25,25,9.5,2.52,0,2,7.7,72.0,18,0,6,0.0,28,0,10,333,38.5,62.5,68.4,51.4,0,1,29,0,16.7,101.6,3.6,1,1,0,0,2,1,3.4,177,7.1
3,Bryce Underwood,198795,QB,MICHIGAN,1,72.0,25,25,12.6,3.05,0,2,7.7,64.0,16,0,8,11.1,31,2,17,222,69.9,89.5,78.2,82.4,0,1,32,0,0.0,91.3,0.0,0,6,0,0,1,2,6.3,235,9.4
3,Nicco Marchiol,157363,QB,W VIRGINIA,1,76.0,25,25,7.9,2.43,0,2,7.4,76.0,19,0,12,0.0,30,0,11,343,70.3,69.8,77.0,48.8,0,0,32,1,25.0,110.8,10.0,3,2,0,0,1,0,0.0,192,7.7
3,Rocco Becht,157567,QB,IOWA STATE,1,64.0,25,25,13.2,2.85,0,1,3.7,56.0,14,0,8,12.5,28,2,12,193,70.2,76.4,69.6,76.1,0,1,30,0,25.0,89.6,7.1,2,1,0,0,1,1,3.3,265,10.6
3,Evan Simon,129906,QB,TEMPLE,1,66.7,21,25,4.9,2.58,2,0,0.0,52.0,13,0,16,7.1,30,1,5,306,32.7,52.5,48.5,63.7,0,0,32,0,18.8,57.9,10.0,3,2,0,2,0,1,3.1,75,3.0
3,Noah Gillon,198101,QB,APP STATE,1,61.9,21,24,6.7,2.56,1,0,0.0,45.8,11,0,15,15.4,32,2,4,108,68.5,44.9,44.8,56.1,2,0,33,0,26.7,59.2,12.5,4,4,0,0,0,2,6.1,109,4.5
3,Keyone Jenkins,170403,QB,FIU,1,79.2,24,24,8.3,2.88,0,1,4.0,75.0,18,0,11,5.3,31,1,11,166,69.9,74.0,70.7,67.0,0,0,32,0,9.1,110.4,3.2,1,5,0,0,1,0,0.0,184,7.7
3,E.J. Warner,156185,QB,FRESNO ST,1,91.7,24,24,4.7,2.4,0,1,3.7,87.5,21,0,5,4.5,26,1,12,169,27.3,80.6,81.9,57.8,0,0,29,0,20.0,148.6,3.8,1,1,0,0,4,1,3.4,244,10.2
3,Gavin Wimsatt,155757,QB,JVILLE ST,1,78.3,23,24,4.5,2.87,1,0,0.0,66.7,16,0,6,11.1,26,2,8,196,72.9,83.1,82.8,67.1,0,1,26,0,0.0,85.1,0.0,0,2,0,0,1,0,0.0,178,7.4
3,Jackson Arnold,173684,QB,AUBURN,1,68.2,22,24,8.9,2.89,0,0,0.0,54.2,13,0,5,13.3,27,2,9,115,72.2,78.4,71.0,73.6,0,0,27,0,20.0,85.8,3.7,1,2,0,2,1,0,0.0,142,5.9
3,Ethan Vasko,163817,QB,LIBERTY,1,63.6,22,24,11.5,2.83,0,2,6.9,54.2,13,0,10,7.1,30,1,8,206,39.3,64.7,69.0,53.8,0,2,35,0,40.0,60.1,13.3,4,2,0,2,1,1,2.9,194,8.1
3,Mark Gronowski,138303,QB,IOWA,1,86.4,22,24,6.5,3.22,0,0,0.0,66.7,16,0,9,15.8,29,3,11,192,28.0,71.8,72.4,59.9,1,0,29,0,22.2,116.5,6.9,2,3,0,1,2,1,3.4,179,7.5
3,Jake Retzlaff,70874,QB,TULANE,1,76.2,21,23,7.7,2.61,1,1,4.3,65.2,15,0,12,6.3,28,1,15,319,43.1,75.9,77.6,65.7,1,0,28,0,8.3,100.8,3.6,1,4,0,0,0,1,3.6,245,10.7
3,Kaden Anderson,127312,QB,WYOMING,1,65.0,20,23,9.9,2.8,0,1,3.7,52.2,12,0,9,7.7,26,1,4,351,69.7,53.0,55.7,50.6,0,1,30,0,22.2,47.0,7.7,2,1,0,3,0,2,6.7,108,4.7
3,AJ Swann,157186,QB,APP STATE,1,72.7,22,23,6.8,2.03,0,1,4.2,65.2,15,0,4,6.3,23,1,8,108,68.2,54.0,50.3,63.3,0,3,24,0,0.0,56.2,0.0,0,0,0,1,0,2,8.3,217,9.4
3,JC French IV,162521,QB,GA SOUTHRN,1,73.9,23,23,8.7,2.55,0,0,0.0,65.2,15,0,3,11.8,27,2,11,174,71.8,71.6,69.1,65.1,0,0,27,0,0.0,104.6,0.0,0,3,0,0,1,1,3.7,186,8.1
3,Jaxon Potter,176687,QB,WASH STATE,1,72.7,22,23,6.5,2.08,0,2,8.0,69.6,16,0,6,0.0,23,0,8,341,67.7,64.7,64.0,,0,3,25,0,0.0,45.7,0.0,0,0,0,1,0,3,12.0,139,6.0
3,Bryson Barnes,131845,QB,UTAH ST,1,85.7,21,22,12.5,2.67,0,0,0.0,77.3,17,0,7,5.6,26,1,13,329,73.0,80.1,76.4,67.8,0,0,27,0,42.9,148.9,11.5,3,1,0,1,2,0,0.0,287,13.0
3,Colton Joseph,172283,QB,DOMINION,1,77.3,22,22,14.7,2.67,0,5,20.8,72.7,16,0,5,5.9,22,1,12,263,72.2,92.0,92.2,68.9,0,0,25,0,0.0,145.1,0.0,0,0,0,0,2,0,0.0,276,12.5
3,Beau Pribula,164182,QB,MISSOURI,1,68.2,22,22,6.2,2.32,0,0,0.0,68.2,15,0,8,0.0,26,0,8,229,69.1,58.8,53.8,66.5,0,1,28,0,25.0,103.2,7.7,2,2,0,0,2,1,3.6,174,7.9
3,Ben Gulbranson,131734,QB,STANFORD,1,72.2,18,22,6.8,2.7,2,1,4.3,59.1,13,0,9,0.0,24,0,7,300,69.5,80.3,77.8,66.2,1,0,25,0,11.1,101.7,4.2,1,1,0,1,1,0,0.0,186,8.5
3,Malik Washington,198729,QB,MARYLAND,1,89.5,19,22,8.8,2.7,1,2,8.7,72.7,16,0,8,5.9,23,1,11,215,68.8,91.6,90.6,72.0,0,1,24,0,0.0,108.3,0.0,0,1,0,2,1,0,0.0,261,11.9
3,Dylan Raiola,183581,QB,NEBRASKA,1,80.0,20,21,9.1,3.19,0,1,4.8,71.4,15,0,4,6.3,22,1,11,238,68.0,78.8,75.0,68.5,0,0,23,0,25.0,137.4,4.5,1,0,0,1,2,0,0.0,222,10.6
3,Preston Stone,124716,QB,NWESTERN,1,57.1,21,21,9.4,2.98,0,1,4.8,52.4,11,0,9,8.3,27,1,7,256,27.3,35.8,32.4,59.1,0,2,27,0,33.3,32.9,11.1,3,3,0,0,0,3,11.1,135,6.4
3,Cutter Boley,184630,QB,KENTUCKY,1,65.0,20,21,14.2,3.29,0,3,13.6,57.1,12,0,4,7.7,26,1,11,202,68.6,73.9,74.6,60.2,0,0,28,0,0.0,129.1,0.0,0,4,0,1,2,2,7.1,240,11.4
3,Dante Moore,173983,QB,OREGON,1,80.0,20,20,10.9,3.04,0,2,9.5,80.0,16,0,7,0.0,21,0,10,264,68.0,79.0,80.1,59.4,0,1,22,0,0.0,99.6,0.0,0,1,0,0,1,1,4.5,178,8.9
3,Fernando Mendoza,158323,QB,INDIANA,1,100.0,19,20,8.6,2.59,0,1,4.8,95.0,19,0,7,0.0,24,0,15,190,68.9,91.1,91.7,63.9,1,0,25,0,0.0,158.3,0.0,0,4,0,0,5,0,0.0,270,13.5
3,Chandler Morris,122938,QB,VIRGINIA,1,77.8,18,19,6.8,3.22,1,0,0.0,68.4,13,0,3,7.1,20,1,8,335,67.1,78.9,77.0,63.7,0,0,20,0,0.0,109.3,0.0,0,1,0,0,1,0,0.0,149,7.8
3,Gio Lopez,172309,QB,N CAROLINA,1,62.5,16,18,12.9,3.25,0,0,0.0,55.6,10,0,10,0.0,22,0,9,245,29.4,49.0,38.9,66.6,0,0,22,0,20.0,113.0,9.1,2,2,0,2,2,2,9.1,119,6.6
3,Dexter Williams II,129457,QB,KENNESAW,1,62.5,16,18,9.3,2.45,0,0,0.0,55.6,10,0,3,0.0,19,0,6,200,69.7,53.5,44.1,69.4,2,1,19,0,0.0,48.1,0.0,0,1,0,0,0,1,5.3,99,5.5
3,T.J. Finley,124093,QB,GA STATE,1,66.7,18,18,15.7,2.33,0,1,5.6,61.1,11,0,2,8.3,18,1,6,175,67.6,66.3,67.8,57.2,0,2,18,0,0.0,66.7,0.0,0,0,0,0,1,1,5.6,150,8.3
3,AJ Bianco,158232,QB,NEVADA,1,64.7,17,17,9.5,2.78,0,1,5.9,52.9,9,0,6,18.2,21,2,4,239,67.2,59.0,57.2,62.0,0,1,21,0,33.3,40.8,9.5,2,2,0,0,0,1,4.8,78,4.6
3,Tucker Gleason,122475,QB,TOLEDO,1,87.5,16,17,10.2,2.85,0,1,5.6,76.5,13,0,2,7.1,17,1,8,316,66.8,84.5,83.9,,0,0,18,0,0.0,128.1,0.0,0,0,0,1,1,0,0.0,174,10.2
3,Chase Jenkins,173242,QB,RICE,1,75.0,16,17,7.3,2.51,0,0,0.0,64.7,11,0,5,8.3,20,1,7,275,42.5,82.0,85.9,67.2,0,0,20,0,0.0,99.6,0.0,0,3,0,1,1,0,0.0,98,5.8
3,Danny O'Neil,184200,QB,WISCONSIN,1,64.7,17,17,8.8,3.53,0,1,5.6,64.7,11,0,13,0.0,26,0,8,349,69.6,42.5,36.7,60.0,0,2,27,0,30.8,64.7,15.4,4,5,0,0,1,2,7.4,117,6.9
3,Broc Lowry,173383,QB,W MICHIGAN,1,66.7,15,16,7.7,2.98,0,0,0.0,62.5,10,0,5,0.0,19,0,5,347,69.8,69.3,68.0,63.4,1,0,22,0,20.0,74.5,5.3,1,2,0,0,0,0,0.0,78,4.9
3,Blake Baker,170448,QB,LA TECH,1,57.1,14,16,14.1,3.49,0,0,0.0,50.0,8,0,13,0.0,25,0,8,208,71.6,73.1,55.5,78.7,1,0,29,0,7.7,103.9,4.0,1,8,0,1,1,0,0.0,151,9.4
3,Jack Layne,158966,QB,NEW MEXICO,1,80.0,15,16,9.8,3.16,0,0,0.0,75.0,12,0,5,0.0,18,0,8,241,67.7,68.9,78.7,51.8,0,0,19,0,0.0,143.8,0.0,0,2,0,1,2,0,0.0,152,9.5
3,Brendan Sorsby,156398,QB,CINCINNATI,1,100.0,15,15,8.5,2.54,0,2,13.3,100.0,15,0,2,0.0,17,0,15,138,66.7,95.5,93.1,84.1,0,0,17,0,0.0,158.3,0.0,0,2,0,0,5,0,0.0,253,16.9
3,Liam Szarka,197814,QB,AIR FORCE,1,53.8,13,15,10.6,2.79,0,1,6.7,40.0,6,0,6,14.3,17,1,4,101,72.5,66.1,48.8,74.1,1,1,17,1,0.0,26.3,0.0,0,2,0,1,0,1,5.9,67,4.5
3,Kiael Kelly,145634,QB,BALL ST,1,92.3,13,15,7.5,3.27,2,0,0.0,60.0,9,0,2,25.0,20,3,11,117,72.1,83.6,75.3,74.2,0,1,21,0,50.0,93.1,5.0,1,4,0,0,2,1,4.8,105,7.0
3,Grant Jordan,151147,QB,UMASS,1,71.4,14,14,4.1,3.48,0,0,0.0,64.3,9,0,11,10.0,20,1,2,216,68.5,51.5,43.0,69.6,0,0,20,0,45.5,68.2,25.0,5,1,0,0,0,0,0.0,37,2.6
3,Blake Shapen,122282,QB,MISS STATE,1,76.9,13,14,14.3,2.53,0,1,6.7,71.4,10,0,4,0.0,15,0,4,227,68.2,76.0,79.3,63.8,1,1,16,1,0.0,122.9,0.0,0,1,0,0,2,0,0.0,173,12.4
3,John Alan Richter,156999,QB,TOLEDO,1,78.6,14,14,11.2,2.54,0,0,0.0,71.4,10,0,2,9.1,16,1,7,316,66.5,80.3,77.1,64.3,0,0,16,0,50.0,128.9,6.3,1,1,0,0,2,0,0.0,93,6.6
3,Daniel Kaelin,183565,QB,VIRGINIA,1,78.6,14,14,10.4,2.79,0,0,0.0,57.1,8,0,3,27.3,15,3,6,335,67.3,79.7,81.2,59.2,0,1,15,0,0.0,68.8,0.0,0,1,0,0,0,0,0.0,164,11.7
3,Amari Odom,178686,QB,KENNESAW,1,92.9,14,14,3.2,2.21,0,0,0.0,85.7,12,0,2,7.7,16,1,5,200,70.2,72.0,63.7,72.3,0,0,19,0,50.0,122.6,6.3,1,1,0,0,1,1,5.3,108,7.7
3,Parker Navarro,123758,QB,OHIO,1,75.0,8,13,4.5,3.33,2,0,0.0,46.2,6,0,10,0.0,17,0,3,259,67.5,57.6,52.1,64.5,0,0,17,0,20.0,96.3,11.8,2,2,0,3,1,0,0.0,94,7.2
3,Cameran Brown,184894,QB,GA STATE,1,83.3,12,12,11.1,2.4,0,2,16.7,83.3,10,0,2,0.0,12,0,9,175,69.3,93.4,93.4,68.4,0,0,13,0,0.0,154.2,0.0,0,0,0,0,3,0,0.0,138,11.5
3,Angel Flores,164493,QB,C MICHIGAN,1,63.6,11,12,4.2,2.63,1,0,0.0,58.3,7,0,5,0.0,16,0,2,134,26.1,52.4,54.2,55.7,0,0,16,0,0.0,63.2,0.0,0,4,0,0,0,1,6.3,24,2.0
3,Blake Horvath,162555,QB,NAVY,1,77.8,9,10,11.7,2.71,0,0,0.0,60.0,6,0,5,14.3,14,1,7,237,41.2,81.0,65.2,76.2,1,2,15,0,20.0,85.0,7.1,1,3,0,0,1,1,6.7,94,9.4
3,Daniel Beale,197861,QB,LA LAFAYET,1,10.0,10,10,12.2,2.39,0,0,0.0,10.0,1,0,5,0.0,12,0,0,207,66.0,48.3,46.8,,0,0,13,0,40.0,39.6,16.7,2,0,0,0,0,0,0.0,5,0.5
3,Zevi Eckhaus,148535,QB,WASH STATE,1,70.0,10,10,11.0,2.99,0,0,0.0,70.0,7,0,4,0.0,12,0,4,341,67.0,62.8,61.8,60.9,0,0,13,0,25.0,90.4,8.3,1,1,0,0,0,0,0.0,72,7.2
3,Alberto Mendoza,188673,QB,INDIANA,1,88.9,9,9,7.1,1.68,0,0,0.0,66.7,6,0,0,25.0,9,2,3,190,67.4,71.4,70.7,61.3,0,0,9,0,,145.4,0.0,0,0,0,0,2,0,0.0,104,11.6
3,Josh Johnson,186429,QB,AIR FORCE,1,55.6,9,9,16.6,2.8,0,2,22.2,55.6,5,0,3,0.0,12,0,6,101,26.7,70.0,77.0,57.6,0,1,12,0,33.3,60.6,8.3,1,2,0,0,0,1,8.3,112,12.4
3,Carlos Del Rio-Wilson,146687,QB,MARSHALL,1,87.5,8,9,9.4,2.78,0,1,11.1,77.8,7,0,4,0.0,11,0,5,214,73.0,76.4,79.6,63.6,0,0,11,0,50.0,156.3,18.2,2,0,0,1,2,0,0.0,108,12.0
3,Joe Labas,144847,QB,C MICHIGAN,1,62.5,8,8,11.5,2.63,0,0,0.0,50.0,4,0,9,20.0,11,1,2,134,68.5,52.4,50.7,60.0,0,1,11,0,33.3,22.9,27.3,3,0,0,0,0,1,9.1,36,4.5
3,Brady Jones,200039,QB,W MICHIGAN,1,57.1,7,8,9.6,2.3,1,0,0.0,37.5,3,0,1,25.0,9,1,1,347,65.1,59.4,58.5,,0,0,9,0,100.0,45.8,11.1,1,0,0,0,0,0,0.0,13,1.6
3,Nick Poulos,188474,QB,OHIO,1,57.1,7,8,7.7,2.66,0,0,0.0,50.0,4,0,6,0.0,12,0,3,259,67.8,47.7,39.8,63.3,1,0,13,0,33.3,56.3,16.7,2,2,0,0,0,0,0.0,19,2.4
3,AJ Hairston,184157,QB,UMASS,1,71.4,7,8,8.9,2.88,1,0,0.0,50.0,4,0,2,20.0,8,1,3,216,66.2,75.0,77.9,58.1,0,0,8,0,0.0,72.9,0.0,0,0,0,0,0,0,0.0,56,7.0
3,Khristian Martin,188254,QB,MARYLAND,1,71.4,7,7,3.7,2.23,0,0,0.0,71.4,5,0,2,0.0,9,0,1,215,65.1,56.5,58.7,57.3,0,0,9,0,50.0,74.1,11.1,1,1,0,0,0,0,0.0,15,2.1
3,Chubba Purdy,122412,QB,NEVADA,1,71.4,7,7,15.1,2.77,0,0,0.0,71.4,5,0,4,0.0,10,0,3,239,70.5,68.2,64.4,66.1,0,1,10,0,25.0,113.7,10.0,1,2,0,0,1,0,0.0,88,12.6
3,Nate Bennett,184815,QB,BAYLOR,1,71.4,7,7,6.6,2.57,0,0,0.0,71.4,5,0,1,0.0,7,0,2,118,64.6,69.4,68.8,,0,0,7,0,0.0,81.8,0.0,0,0,0,0,0,0,0.0,34,4.9
3,LaNorris Sellers,174326,QB,S CAROLINA,1,85.7,7,7,9.1,2.46,0,0,0.0,85.7,6,0,3,0.0,9,0,4,289,67.4,69.7,71.4,59.4,0,1,9,0,33.3,79.2,11.1,1,1,0,0,0,1,11.1,94,13.4
3,AJ Surace,184666,QB,RUTGERS,1,71.4,7,7,17.7,2.74,0,0,0.0,57.1,4,0,2,20.0,9,1,3,278,65.4,71.1,70.5,,0,0,10,0,100.0,123.8,22.2,2,0,0,0,2,0,0.0,58,8.3
3,Hank Brown,172439,QB,IOWA,1,85.7,7,7,5.0,2.13,0,0,0.0,71.4,5,0,0,16.7,7,1,3,192,64.6,72.2,71.5,,0,0,7,0,,133.9,0.0,0,0,0,0,1,0,0.0,55,7.9
3,Kalieb Osborne,184132,QB,TOLEDO,1,66.7,6,6,9.3,2.79,0,0,0.0,66.7,4,0,2,0.0,8,0,3,316,22.9,59.8,52.3,64.0,0,0,9,0,0.0,78.5,0.0,0,2,0,0,0,0,0.0,30,5.0
3,Carson Conklin,170765,QB,FRESNO ST,1,83.3,6,6,9.0,2.6,0,0,0.0,83.3,5,0,1,0.0,6,0,2,169,68.9,63.6,64.7,58.4,0,0,6,0,0.0,95.8,0.0,0,0,0,0,0,0,0.0,42,7.0
3,Rickie Collins,172474,QB,SYRACUSE,1,66.7,6,6,12.0,2.94,0,0,0.0,66.7,4,0,1,0.0,7,0,3,304,67.1,56.3,55.7,59.1,0,1,7,0,0.0,102.8,0.0,0,1,0,0,1,1,14.3,65,10.8
3,Brady Lichtenberg,144226,QB,CINCINNATI,1,66.7,6,6,6.3,2.51,0,1,16.7,66.7,4,0,2,0.0,7,0,4,138,64.6,84.5,72.9,69.1,0,0,7,0,0.0,136.1,0.0,0,1,0,0,1,0,0.0,56,9.3
3,Billy Wiles,144144,QB,APP STATE,1,100.0,5,5,6.2,2.88,0,0,0.0,100.0,5,0,3,0.0,8,0,4,108,65.1,79.8,82.1,60.6,0,0,9,0,33.3,147.1,12.5,1,2,0,0,1,0,0.0,49,9.8
3,Reese Poffenbarger,145346,QB,N TEXAS,1,100.0,5,5,2.2,1.66,0,0,0.0,100.0,5,0,0,0.0,5,0,2,251,63.8,59.7,58.7,,0,0,5,0,,96.7,0.0,0,0,0,0,0,0,0.0,36,7.2
3,Ken Seals,124359,QB,TCU,1,80.0,5,5,4.0,2.26,0,0,0.0,80.0,4,0,1,0.0,5,0,1,305,63.8,47.5,46.8,,0,1,5,0,0.0,47.1,0.0,0,0,0,0,0,1,20.0,24,4.8
3,JacQai Long,184703,QB,MARSHALL,1,33.3,3,5,11.0,3.15,0,0,0.0,20.0,1,0,4,0.0,6,0,0,214,25.8,57.9,28.3,73.8,2,0,6,0,25.0,39.6,16.7,1,0,0,0,0,1,16.7,6,1.2
3,Will Hammond,184898,QB,TEXAS TECH,1,60.0,5,5,8.2,1.75,0,0,0.0,60.0,3,0,2,0.0,6,0,0,315,69.7,70.5,56.3,71.7,0,1,7,0,0.0,25.0,0.0,0,0,0,0,0,0,0.0,7,1.4
3,Gaston Moore,123756,QB,USF,1,100.0,4,5,1.8,2.4,0,0,0.0,80.0,4,0,1,0.0,5,0,1,327,63.8,58.2,58.1,,1,0,5,0,0.0,81.7,0.0,0,0,0,0,0,0,0.0,18,3.6
3,Trey Kukuk,198675,QB,LA TECH,1,80.0,5,5,5.2,1.54,0,0,0.0,80.0,4,0,0,0.0,5,0,1,208,70.4,63.4,31.3,78.6,0,1,5,0,,109.2,0.0,0,0,0,0,1,1,20.0,51,10.2
3,TJ Lateef,199810,QB,NEBRASKA,1,100.0,5,5,10.8,4.21,0,1,16.7,100.0,5,0,2,0.0,8,0,6,238,65.1,77.4,74.7,65.7,0,0,9,0,0.0,158.3,0.0,0,3,0,0,1,0,0.0,126,25.2
3,Lunch Winfield,176367,QB,LA LAFAYET,1,50.0,4,4,8.0,2.3,0,0,0.0,25.0,1,0,1,50.0,4,1,0,207,66.6,62.6,61.9,60.7,0,0,4,0,0.0,39.6,0.0,0,0,0,0,0,0,0.0,-1,-0.3
3,Drew Devillier,190639,QB,RICE,1,100.0,4,4,3.3,1.48,0,1,25.0,75.0,3,0,1,25.0,4,1,2,275,66.6,89.4,90.3,63.1,0,0,4,0,0.0,146.9,0.0,0,0,0,0,1,0,0.0,41,10.3
3,Scotty Fox Jr.,199546,QB,W VIRGINIA,1,25.0,4,4,9.5,1.88,0,0,0.0,25.0,1,0,1,0.0,4,0,1,343,70.4,24.1,21.1,51.7,0,2,4,0,0.0,39.6,0.0,0,0,0,0,0,2,50.0,56,14.0
3,Brock Thomas,176601,QB,OREGON,1,100.0,2,4,6.5,2.2,2,0,0.0,50.0,2,0,0,0.0,4,0,1,264,63.3,69.8,69.3,,0,0,4,0,,58.3,0.0,0,0,0,0,0,0,0.0,14,3.5
3,Jalyn Gramstad,180656,QB,NEBRASKA,1,100.0,3,3,1.0,1.7,0,0,0.0,100.0,3,0,0,0.0,3,0,0,238,62.7,64.6,63.9,,0,0,3,0,,86.1,0.0,0,0,0,0,0,0,0.0,14,4.7
3,Michael Hawkins Jr.,184595,QB,OKLAHOMA,1,33.3,3,3,18.3,2.7,0,0,0.0,33.3,1,0,3,0.0,6,0,2,261,19.8,45.8,31.3,63.6,0,0,7,0,33.3,42.4,16.7,1,2,0,0,0,1,14.3,5,1.7
3,Goose Crowder,144781,QB,TROY,1,66.7,3,3,0.7,1.53,0,0,0.0,66.7,2,0,1,0.0,3,0,0,318,63.3,78.3,77.8,,0,0,4,0,0.0,70.1,0.0,0,0,0,0,0,0,0.0,7,2.3
3,Jaylen Henderson,146054,QB,W VIRGINIA,1,66.7,3,3,0.7,2.55,0,0,0.0,66.7,2,0,3,0.0,4,0,0,343,67.9,56.9,53.5,61.4,0,0,5,0,33.3,74.3,25.0,1,0,0,0,0,0,0.0,12,4.0
3,Dermaricus Davis,190930,QB,HAWAII,1,50.0,2,3,18.0,2.87,0,0,0.0,33.3,1,0,1,0.0,3,0,1,180,66.4,75.2,62.2,70.5,0,0,3,0,0.0,43.8,0.0,0,0,0,1,0,0,0.0,10,3.3
3,Kamario Taylor,198868,QB,MISS STATE,1,66.7,3,3,26.7,2.57,0,1,25.0,66.7,2,0,2,0.0,3,0,1,227,67.8,87.9,83.7,71.7,0,0,4,0,0.0,149.3,0.0,0,0,0,0,1,0,0.0,46,15.3
3,Cole Geer,200287,QB,VIRGINIA,1,100.0,2,2,2.0,1.55,0,0,0.0,100.0,2,0,0,0.0,2,0,1,335,68.7,76.3,73.0,63.9,0,0,2,0,,83.3,0.0,0,0,0,0,0,0,0.0,8,4.0
3,Julian Dugger,183269,QB,WASH STATE,1,0.0,2,2,-0.5,3.1,0,0,0.0,0.0,0,0,3,,5,0,0,341,17.7,31.4,50.5,42.2,0,0,5,0,66.7,39.6,40.0,2,1,0,0,0,0,0.0,0,0.0
3,Matt Zollers,198887,QB,MISSOURI,1,100.0,2,2,-4.5,0.85,0,0,0.0,100.0,2,0,0,0.0,2,0,1,229,16.2,45.1,62.7,53.1,0,0,2,0,,79.2,0.0,0,0,0,0,0,0,0.0,5,2.5
3,Luke Moga,184857,QB,OREGON,1,50.0,2,2,4.5,2.0,0,0,0.0,50.0,1,0,0,0.0,2,0,0,264,66.2,54.9,54.5,59.7,0,0,2,0,,56.3,0.0,0,0,0,0,0,0,0.0,5,2.5
3,Brendan Sullivan,145034,QB,TULANE,1,100.0,2,2,-1.5,2.2,0,0,0.0,100.0,2,0,0,0.0,2,0,2,319,61.8,62.1,62.7,,0,0,2,0,,118.8,0.0,0,0,0,0,0,0,0.0,25,12.5
3,Ethan Grunkemeyer,183606,QB,PENN STATE,1,50.0,2,2,30.5,2.65,0,0,0.0,50.0,1,0,0,0.0,2,0,1,266,61.8,51.1,50.9,,0,0,2,0,,122.9,0.0,0,0,0,0,1,1,50.0,19,9.5
3,Gevani McCoy,147609,QB,TEMPLE,1,100.0,1,2,3.0,4.05,0,0,0.0,50.0,1,0,1,0.0,2,0,0,306,64.4,55.9,58.9,59.4,0,0,2,0,0.0,56.3,0.0,0,0,0,1,0,0,0.0,3,1.5
3,Emory Williams,170099,QB,MIAMI FL,1,100.0,2,2,9.0,2.65,0,0,0.0,100.0,2,0,2,0.0,2,0,1,220,64.4,81.1,76.5,63.2,0,0,2,0,0.0,118.8,0.0,0,0,0,0,0,0,0.0,31,15.5
3,Samaj Jones,183797,QB,CINCINNATI,1,100.0,2,2,3.0,1.4,0,0,0.0,100.0,2,0,0,0.0,2,0,1,138,67.6,79.5,61.7,73.1,0,0,2,0,,158.3,0.0,0,0,0,0,1,0,0.0,53,26.5
3,Gabarri Johnson,175905,QB,OREGON ST,1,0.0,2,2,0.5,1.35,0,0,0.0,0.0,0,0,0,,2,0,0,265,66.2,53.5,54.2,58.7,0,0,2,0,,39.6,0.0,0,0,0,0,0,0,0.0,0,0.0
3,Tucker McDonald,171056,QB,UCONN,1,0.0,1,1,-1.0,1.5,0,0,0.0,0.0,0,0,0,,1,0,0,146,60.3,56.9,57.7,,0,0,1,0,,39.6,0.0,0,0,0,0,0,0,0.0,0,0.0
3,Patrick Crayton Jr.,204285,QB,RICE,1,100.0,1,1,-4.0,0.8,0,0,0.0,100.0,1,0,0,0.0,1,0,1,275,65.9,84.4,69.2,63.8,0,0,1,0,,118.8,0.0,0,0,0,0,0,0,0.0,17,17.0
3,Luke Watkins,198688,WR,LA TECH,1,100.0,1,1,-6.0,2.5,0,0,0.0,100.0,1,0,1,0.0,1,0,0,208,60.3,59.1,61.0,,0,0,1,0,0.0,79.2,0.0,0,0,0,0,0,0,0.0,-5,-5.0
3,Landry Lyddy,156581,QB,SO MISS,1,,0,1,,2.9,0,0,0.0,0.0,0,0,0,,1,0,0,296,65.9,54.3,60.0,58.1,0,0,1,0,,39.6,0.0,0,0,0,1,0,0,0.0,0,0.0
3,Marcus Bellon,104082,WR,NEVADA,1,0.0,1,1,18.0,3.1,0,0,0.0,0.0,0,0,0,,1,0,0,239,72.6,51.8,54.8,,0,0,1,0,,39.6,0.0,0,0,0,0,0,0,0.0,0,0.0
3,Sean Ashenfelder,199125,QB,RUTGERS,1,100.0,1,1,2.0,2.3,0,0,0.0,100.0,1,0,0,0.0,1,0,1,278,63.7,57.8,60.6,58.7,0,0,1,0,,112.5,0.0,0,0,0,0,0,0,0.0,11,11.0
3,Terry Lockett Jr.,129625,WR,E MICHIGAN,1,0.0,1,1,19.0,3.6,0,0,0.0,0.0,0,0,1,,1,0,0,160,64.6,65.0,46.8,,0,0,1,0,0.0,39.6,0.0,0,0,0,0,0,0,0.0,0,0.0
3,Ryan Puglisi,184571,QB,GEORGIA,1,0.0,1,1,48.0,5.0,0,0,0.0,0.0,0,0,0,,1,0,0,173,60.3,58.1,58.1,,0,1,1,0,,0.0,0.0,0,0,0,0,0,0,0.0,0,0.0
3,Grant Wilson,143041,QB,INDIANA,1,100.0,1,1,5.0,1.5,0,0,0.0,100.0,1,0,0,0.0,1,0,1,190,60.3,57.2,56.1,,0,0,1,0,,87.5,0.0,0,0,0,0,0,0,0.0,5,5.0
3,Cade Backe,163937,P,JVILLE ST,1,100.0,1,1,2.0,3.2,0,0,0.0,100.0,1,0,0,0.0,1,0,0,196,60.3,61.1,60.6,,0,0,1,0,,87.5,0.0,0,0,0,0,0,0,0.0,5,5.0
3,Blaze Berlowitz,171066,QB,VANDERBILT,1,,0,1,,7.5,0,0,0.0,0.0,0,0,1,,1,0,0,333,67.5,56.2,60.0,59.0,0,0,1,0,0.0,39.6,0.0,0,0,0,1,0,0,0.0,0,0.0
3,Cole Gonzales,159939,QB,PITTSBURGH,1,0.0,1,1,-2.0,1.0,0,0,0.0,0.0,0,0,0,,1,0,0,268,60.3,56.0,56.8,,0,0,1,0,,39.6,0.0,0,0,0,0,0,0,0.0,0,0.0
3,Michael Merdinger,183334,QB,LIBERTY,1,,0,1,,1.8,1,0,0.0,0.0,0,0,1,,1,0,0,206,60.3,59.7,60.0,,0,0,1,0,0.0,39.6,0.0,0,0,0,0,0,0,0.0,0,0.0
3,Frank Covey IV,174054,WR,NWESTERN,1,0.0,1,1,30.0,3.1,0,0,0.0,0.0,0,0,0,,1,0,0,256,60.3,50.8,49.9,,0,0,1,0,,39.6,0.0,0,0,0,0,0,0,0.0,0,0.0
3,Au'Tori Newkirk,205242,QB,N CAROLINA,1,0.0,1,1,14.0,2.0,0,0,0.0,0.0,0,0,0,,1,0,0,245,63.7,26.5,26.8,60.0,0,1,1,0,,0.0,0.0,0,0,0,0,0,1,100.0,0,0.0
3,Luke Kromenhoek,183305,QB,MISS STATE,1,100.0,1,1,13.0,2.9,0,0,0.0,100.0,1,0,0,0.0,1,0,1,227,63.7,80.9,72.6,62.9,0,0,1,0,,118.8,0.0,0,0,0,0,0,0,0.0,13,13.0
3,Javin Whatley,149832,WR,ARIZONA,1,0.0,1,1,20.0,4.7,0,0,0.0,0.0,0,0,0,,1,0,0,109,65.9,49.3,37.9,,0,1,1,0,,0.0,0.0,0,0,0,0,0,1,100.0,0,0.0
3,Austin Mack,171934,QB,ALABAMA,1,0.0,1,1,8.0,4.1,0,0,0.0,0.0,0,0,1,,1,0,0,103,60.3,54.3,54.1,,0,0,1,0,0.0,39.6,0.0,0,0,0,0,0,0,0.0,0,0.0
3,Michael Buckley,156001,WR,NEW MEXICO,1,0.0,1,1,41.0,3.3,0,1,100.0,0.0,0,0,1,,1,0,0,241,72.5,67.8,87.3,,0,0,1,0,0.0,39.6,0.0,0,0,0,0,0,0,0.0,0,0.0
3,Austin Simmons,175891,QB,OLE MISS,1,100.0,1,1,12.0,2.6,0,0,0.0,100.0,1,0,1,0.0,1,0,1,226,63.7,78.5,73.1,63.0,0,0,1,0,0.0,122.9,0.0,0,0,0,0,1,0,0.0,4,4.0
3,Jack Shields,156830,QB,ALBANY,1,64.6,48,53,11.4,3.12,1,6,10.0,56.6,30,0,17,3.2,60,1,17,106,71.8,68.7,65.5,69.9,0,2,67,0,35.3,71.7,10.0,6,1,1,3,1,4,6.0,406,7.7
3,Derek Robertson,142298,QB,MONMOUTH,1,84.4,45,49,10.3,2.21,1,2,4.0,73.5,36,0,13,5.3,54,2,24,231,70.3,87.1,85.0,65.6,0,0,55,0,30.8,125.4,7.4,4,1,0,3,4,0,0.0,410,8.4
3,Danny Lauter,162145,QB,GEORGETOWN,1,69.8,43,45,9.0,2.31,0,0,0.0,62.2,28,0,22,6.7,47,2,18,172,70.0,57.9,58.5,56.9,2,1,49,0,4.5,90.0,2.1,1,1,0,0,2,2,4.1,330,7.3
3,Matt Vezza,176960,QB,NEW HAMP,1,62.8,43,44,9.1,2.48,1,3,6.7,56.8,25,0,17,7.4,56,2,17,240,71.4,71.5,66.6,71.5,0,0,57,0,29.4,81.5,8.9,5,7,0,0,1,1,1.8,259,5.9
3,Adam Urena,186682,QB,MERCYHURST,1,68.3,41,44,8.0,2.36,0,2,4.3,61.4,27,0,19,3.6,49,1,16,977,70.5,69.0,64.9,71.7,1,2,51,1,15.8,75.9,6.1,3,2,0,2,2,3,5.9,280,6.4
3,Connor Wolf,191443,QB,E ILLINOIS,1,74.4,39,44,7.4,2.62,1,2,4.5,63.6,28,0,22,3.4,50,1,15,158,70.8,62.3,67.3,50.1,0,2,51,0,9.1,105.4,4.0,2,4,0,4,4,1,2.0,411,9.3
3,Kamden Sixkiller,133096,QB,CAMPBELL,1,83.3,42,43,6.7,2.52,1,4,9.1,79.1,34,0,14,2.9,50,1,17,131,70.8,88.7,90.3,61.8,0,0,51,0,14.3,102.9,4.0,2,5,0,0,1,0,0.0,294,6.8
3,Jerry Kaminski,177155,QB,N DAKOTA,1,47.4,38,41,12.0,2.38,1,1,2.4,39.0,16,0,9,11.1,45,2,10,249,72.3,66.1,68.4,57.0,0,1,45,0,0.0,75.7,0.0,0,4,1,1,3,0,0.0,264,6.4
3,Keali'i Ah Yat,178141,QB,MONTANA,1,70.3,37,39,10.8,2.69,0,2,4.8,64.1,25,0,16,3.8,46,1,10,232,38.6,69.3,68.2,61.9,0,2,51,1,31.3,83.3,10.9,5,2,0,2,2,1,2.0,300,7.7
3,Eric Gibson Jr.,168461,QB,N COLORADO,1,78.4,37,39,8.6,2.31,2,3,7.5,71.8,28,0,9,3.4,41,1,14,253,69.1,79.7,81.0,57.3,0,0,42,0,11.1,106.4,2.4,1,1,0,0,1,1,2.4,336,8.6
3,Collin Shannon,160918,QB,VA MILT IN,1,60.5,38,39,12.2,2.64,1,5,11.4,53.8,21,0,16,8.7,41,2,11,336,69.4,84.4,82.8,62.7,0,0,46,0,6.3,111.3,2.4,1,1,0,0,3,1,2.2,362,9.3
3,Davin Wydner,163672,QB,W GEORGIA,1,61.8,34,38,9.6,3.0,1,1,2.4,47.4,18,0,11,14.3,45,3,11,1177,71.8,55.9,51.9,63.8,0,3,49,0,18.2,63.8,4.4,2,5,1,2,3,3,6.1,263,6.9
3,Jake Strong,173651,QB,MCNEESE,1,63.9,36,38,10.4,2.47,1,2,4.9,52.6,20,0,12,13.0,44,3,13,217,70.7,77.9,67.1,84.2,0,2,48,0,16.7,72.0,4.5,2,4,0,1,2,2,4.2,278,7.3
3,AJ Duffy,156292,QB,NEWHVN,1,74.3,35,37,4.1,2.47,0,0,0.0,67.6,25,0,14,3.8,40,1,11,1013,70.1,61.6,59.5,63.1,0,0,44,0,0.0,106.7,0.0,0,3,0,2,3,1,2.3,189,5.1
3,Tommy Rittenhouse,148028,QB,ILL STATE,1,68.6,35,36,10.2,2.68,0,2,5.1,66.7,24,0,6,0.0,38,0,11,188,70.4,73.5,73.9,59.4,0,0,41,0,0.0,120.0,0.0,0,2,0,1,3,1,2.4,299,8.3
3,Ryan Stubblefield,123838,QB,SCAR STATE,1,68.6,35,36,9.9,2.05,0,2,5.3,58.3,21,0,4,12.5,39,3,15,290,71.1,85.0,77.4,85.2,1,0,41,1,25.0,92.8,2.6,1,2,0,0,1,1,2.4,284,7.9
3,Matthew Schecklman,159420,QB,N IOWA,1,70.6,34,36,10.8,2.78,1,1,2.5,66.7,24,0,7,0.0,39,0,15,255,70.0,71.2,69.8,62.5,0,1,43,0,28.6,106.8,5.1,2,1,0,1,2,4,9.3,365,10.1
3,Devin Farrell,157658,QB,RHODE ISLD,1,67.6,34,36,9.7,2.83,0,0,0.0,58.3,21,0,9,8.7,41,2,13,274,70.5,67.8,68.2,59.1,0,1,44,0,11.1,71.3,2.4,1,4,0,2,0,1,2.3,278,7.7
3,Braden Atkinson,201350,QB,MERCER,1,72.2,36,36,11.5,2.27,0,5,12.2,72.2,26,0,3,0.0,36,0,17,219,36.9,81.0,86.6,40.1,0,2,41,0,0.0,85.0,0.0,0,0,0,0,1,3,7.3,316,8.8
3,Walker Harris,150449,QB,NC CENT,1,76.5,34,36,11.1,2.56,1,4,10.5,63.9,23,0,4,11.5,40,3,18,247,70.4,86.0,87.9,59.5,0,1,42,0,25.0,116.3,2.5,1,3,0,1,3,1,2.4,387,10.8
3,Brady Olson,147415,QB,CENT CT ST,1,50.0,32,35,11.2,2.47,1,1,2.8,45.7,16,0,14,0.0,37,0,9,133,70.2,60.4,56.6,68.6,2,0,38,0,14.3,82.2,5.4,2,0,0,0,2,1,2.6,193,5.5
3,Nate Bell,170673,QB,E WASHGTON,1,67.6,34,35,8.2,2.72,1,2,5.3,60.0,21,0,8,8.7,40,2,9,161,72.6,87.1,77.7,79.9,0,0,44,0,25.0,71.0,5.0,2,3,0,0,0,0,0.0,159,4.5
3,Trey Hedden,185848,QB,FURMAN,1,76.5,34,35,9.0,2.35,0,3,8.1,74.3,26,0,10,0.0,35,0,15,170,69.3,81.2,81.4,60.0,1,0,37,0,0.0,120.4,0.0,0,0,0,0,2,0,0.0,314,9.0
3,John-Keawe Sagapolutele,175709,QB,PORTLAND,1,71.9,32,35,6.4,2.47,1,1,2.8,65.7,23,0,11,0.0,41,0,9,269,36.5,54.9,62.5,41.7,1,1,43,0,27.3,69.1,7.3,3,3,0,1,0,1,2.3,203,5.8
3,Nate Glantz,157587,QB,LNDNWD,1,66.7,33,34,11.8,2.6,0,5,14.7,58.8,20,0,11,9.1,38,2,13,949,71.0,92.7,91.3,79.5,0,0,38,0,18.2,91.1,5.3,2,2,0,1,1,0,0.0,246,7.2
3,Bronson Barron,141710,QB,SO UTAH,1,74.2,31,34,8.6,2.7,0,4,11.4,64.7,22,0,14,4.3,38,1,14,298,69.8,90.4,91.2,57.0,0,0,39,0,14.3,98.8,5.3,2,2,1,2,1,1,2.6,269,7.9
3,Cam'Ron Ransom,147110,QB,BETH COOK,1,68.8,32,34,11.4,2.64,0,4,11.8,64.7,22,0,12,0.0,36,0,16,119,43.6,82.8,82.9,66.1,1,0,36,0,8.3,132.8,2.8,1,1,0,1,4,0,0.0,307,9.0
3,Brennan Myer,192760,QB,BRYANT,1,78.8,33,34,8.5,2.41,0,1,2.8,70.6,24,0,8,7.7,37,2,15,124,31.3,76.1,77.0,56.7,0,1,39,0,25.0,99.5,5.4,2,1,0,1,2,3,7.7,255,7.5
3,Beau Brungard,164897,QB,YNGTOWN ST,1,75.0,32,34,4.5,2.91,0,0,0.0,70.6,24,0,12,0.0,41,0,13,353,71.9,59.5,64.7,52.9,0,1,41,0,16.7,97.9,4.9,2,5,0,2,2,1,2.4,242,7.1
3,Cornelious Brown IV,98356,QB,ALAB A&M,1,83.3,30,33,6.6,2.45,3,1,2.9,63.6,21,0,14,16.0,37,4,13,104,37.0,60.9,61.1,58.3,0,0,39,0,14.3,117.5,5.4,2,2,0,0,2,2,5.1,334,10.1
3,Zolten Osborne,178620,QB,CHARLES SO,1,84.4,32,33,9.8,2.65,0,5,14.7,69.7,23,0,9,14.8,33,4,13,135,69.1,91.2,92.0,57.6,0,1,34,1,0.0,94.0,0.0,0,0,0,1,1,1,2.9,288,8.7
3,Gunnar Smith,162611,QB,FORDHAM,1,59.4,32,33,10.4,3.15,0,3,8.8,48.5,16,0,10,15.8,42,3,9,168,36.8,46.1,44.8,56.4,0,2,43,0,40.0,48.0,9.5,4,5,0,1,1,6,14.0,164,5.0
3,Isaac Lee,202007,QB,W CAROLINA,1,70.0,30,32,6.2,2.72,0,0,0.0,62.5,20,0,13,4.8,37,1,7,344,69.8,53.3,48.0,67.7,0,2,39,0,15.4,56.3,5.4,2,3,0,2,1,2,5.1,136,4.3
3,Kekoa Visperas,147588,QB,TENN TECH,1,82.8,29,32,7.1,2.48,3,2,6.1,71.9,23,0,7,4.2,37,1,16,309,69.3,78.6,73.8,74.8,0,0,38,0,28.6,125.3,5.4,2,3,0,0,3,0,0.0,246,7.7
3,Ty Pennington,185022,QB,N ARIZONA,1,74.1,27,31,13.6,2.9,0,3,8.8,61.3,19,0,10,5.0,37,1,13,252,72.2,82.4,84.1,62.6,1,0,40,1,30.0,134.7,8.1,3,3,0,3,3,1,2.5,367,11.8
3,Sonny Mannino,166694,QB,MARIST,1,51.7,29,30,6.5,2.9,0,0,0.0,36.7,11,0,14,26.7,40,4,7,213,22.7,42.7,29.8,74.8,0,0,42,0,28.6,57.8,10.0,4,6,0,1,1,4,9.5,101,3.4
3,Chris Zellous,153319,QB,STNY BROOK,1,78.6,28,29,5.4,2.35,0,3,10.0,75.9,22,0,8,0.0,34,0,10,303,72.0,76.8,69.3,73.0,0,1,35,0,25.0,123.5,5.9,2,3,0,1,3,1,2.9,265,9.1
3,Stone Earle,123504,QB,ABILENE CH,1,86.2,29,29,9.6,3.11,0,5,13.9,75.9,22,0,15,12.0,37,3,13,100,70.5,86.8,89.9,58.4,0,0,44,0,26.7,127.9,10.8,4,4,0,0,2,0,0.0,276,9.5
3,Jase Bauer,145714,QB,TENN MARTN,1,78.6,28,29,4.4,2.63,0,1,3.3,75.9,22,0,10,0.0,35,0,12,310,70.5,79.1,80.9,63.4,0,0,36,0,0.0,101.9,0.0,0,6,0,1,1,0,0.0,175,6.0
3,Dean DeNobile,159740,QB,LAFAYETTE,1,66.7,27,28,14.9,2.39,0,3,10.3,64.3,18,0,7,0.0,30,0,14,203,20.5,67.3,74.3,40.5,0,1,31,0,28.6,109.2,6.7,2,0,0,1,2,2,6.5,300,10.7
3,Ralph Rucker IV,144625,QB,BUCKNELL,1,78.6,28,28,11.2,3.44,0,5,17.2,75.0,21,0,20,4.5,41,1,16,125,70.1,84.8,84.0,67.2,0,1,44,0,25.0,141.4,12.2,5,8,0,0,5,2,4.5,405,14.5
3,Tyler Riddell,102355,QB,DUQUESNE,1,70.4,27,28,10.6,2.81,1,2,6.5,60.7,17,0,11,10.5,34,2,11,155,32.8,57.2,57.7,56.7,0,1,37,0,18.2,93.8,5.9,2,4,0,0,2,2,5.4,216,7.7
3,Cal Swanson,174033,QB,HOLY CROSS,1,76.0,25,28,5.6,2.6,1,0,0.0,50.0,14,0,16,26.3,40,5,10,181,69.3,60.6,58.5,62.6,2,0,44,0,31.3,67.1,12.5,5,6,0,0,0,0,0.0,157,5.6
3,Jim Ogle,192530,QB,MURRAY ST,1,65.4,26,28,6.0,2.26,2,0,0.0,60.7,17,0,5,0.0,31,0,8,236,68.6,55.4,56.7,53.6,0,0,35,0,20.0,85.1,3.2,1,2,0,0,1,1,2.9,138,4.9
3,Zach Osborne,160474,QB,COLGATE,1,61.5,26,28,11.8,2.37,1,2,6.9,46.4,13,0,11,18.8,31,3,7,142,69.4,59.0,55.8,66.1,0,2,32,0,9.1,31.1,3.2,1,2,0,1,0,2,6.3,135,4.8
3,Byron McNair,128017,QB,TENN STATE,1,68.0,25,27,7.4,2.95,1,2,6.9,63.0,17,0,18,0.0,35,0,10,308,18.9,67.7,71.0,53.4,0,1,38,0,22.2,75.7,11.4,4,4,0,1,1,2,5.3,157,5.8
3,C'zavian Teasett,178078,QB,GRAMBLING,1,60.0,25,27,10.0,2.43,2,2,7.4,48.1,13,0,8,13.3,30,2,10,177,71.1,72.6,70.9,64.4,0,0,30,0,0.0,102.1,0.0,0,3,0,0,2,0,0.0,228,8.4
3,Tyriq Starks,156514,QB,HOWARD,1,72.0,25,27,11.3,2.67,1,1,3.4,59.3,16,0,11,11.1,37,2,10,184,71.1,72.4,61.3,78.3,1,0,39,0,45.5,113.3,13.5,5,4,0,0,2,1,2.6,241,8.9
3,Landen Clark,188534,QB,ELON,1,53.8,26,27,23.0,3.43,0,5,16.7,40.7,11,0,14,21.4,33,3,10,162,75.8,77.2,72.2,71.0,0,2,37,0,14.3,76.9,6.1,2,4,0,1,2,2,5.4,305,11.3
3,Justin Lamson,144052,QB,MONTANA ST,1,92.3,26,26,7.5,2.55,0,2,7.1,88.5,23,0,4,4.2,31,1,14,233,69.0,88.7,82.0,77.6,0,1,33,0,50.0,136.1,6.5,2,3,0,0,3,1,3.0,293,11.3
3,Nick Whitfield Jr.,159490,QB,ST FRANCIS,1,56.0,25,26,10.8,2.87,0,1,3.7,50.0,13,0,14,7.1,30,1,6,299,28.0,52.5,54.6,51.6,0,2,31,0,14.3,37.7,6.7,2,2,0,1,0,1,3.2,162,6.2
3,Kaiden Bennett,147778,QB,DELWARE ST,1,69.2,26,26,11.1,2.5,0,1,3.4,65.4,17,0,5,5.6,27,1,12,152,71.2,68.2,71.4,55.1,0,0,31,1,20.0,132.7,3.7,1,0,0,0,3,0,0.0,235,9.0
3,Coulter Cleland,165212,QB,DAVIDSON,1,75.0,24,26,5.7,2.1,1,2,7.4,61.5,16,0,6,11.1,29,2,7,149,68.2,65.2,66.0,57.3,0,1,30,0,33.3,84.1,6.9,2,1,0,1,2,1,3.3,132,5.1
3,Carter Peevy,129563,QB,MAINE,1,73.9,23,26,10.4,3.18,0,0,0.0,57.7,15,0,14,11.8,29,2,4,212,69.2,67.7,64.1,67.5,1,0,29,0,21.4,65.4,10.3,3,0,0,2,0,0,0.0,95,3.7
3,Tevin Carter,157995,QB,PRVIEW A&M,1,52.0,25,26,9.3,2.95,0,3,10.3,46.2,12,0,12,7.7,35,1,8,270,39.5,65.7,69.1,57.3,0,0,38,0,16.7,74.4,5.7,2,7,0,1,1,0,0.0,131,5.0
3,Jack O'Connell,165100,QB,STHLSK,1,69.6,23,25,9.4,3.12,0,1,3.6,56.0,14,0,16,12.5,33,2,6,1470,69.7,71.6,68.9,65.9,0,0,36,0,25.0,84.1,12.1,4,4,0,2,1,0,0.0,132,5.3
3,Andrew Indorf,201895,QB,TOWSON,1,56.5,23,25,12.9,2.43,0,2,8.0,48.0,12,0,10,7.7,29,1,8,317,68.1,43.0,39.6,64.1,0,1,29,0,30.0,62.9,10.3,3,1,0,2,1,3,10.3,145,5.8
3,Hayden Johnson,185698,QB,LEHIGH,1,78.3,23,25,9.4,2.59,1,0,0.0,68.0,17,0,7,5.6,25,1,9,205,70.0,80.3,80.4,61.4,0,0,25,0,0.0,135.7,0.0,0,0,0,1,3,0,0.0,224,9.0
3,Logan Inagawa,206029,QB,DRAKE,1,62.5,24,25,10.3,2.73,0,1,3.7,60.0,15,0,19,0.0,29,0,9,153,72.7,70.3,63.9,69.7,0,1,32,0,10.5,58.8,6.9,2,2,0,1,0,3,9.4,140,5.6
3,Kael Alexander,189294,QB,STETSON,1,75.0,24,25,5.7,2.11,0,1,4.0,64.0,16,0,8,11.1,28,2,5,302,68.0,66.2,60.7,70.8,0,1,28,0,12.5,51.8,3.6,1,2,0,1,0,1,3.6,78,3.1
3,Chase Mason,159444,QB,S DAK ST,1,78.3,23,25,11.4,2.85,0,3,11.1,72.0,18,0,11,0.0,32,0,16,292,69.6,87.8,79.9,77.7,0,0,35,0,0.0,112.9,0.0,0,7,0,2,1,0,0.0,225,9.0
3,Jack Stevens,185814,QB,WAGNER,1,50.0,22,24,9.9,2.78,2,0,0.0,45.8,11,0,9,0.0,30,0,3,338,72.3,28.8,25.2,65.9,0,4,31,0,55.6,13.2,16.7,5,1,0,0,0,4,12.9,57,2.4
3,Bennett Judy,177955,QB,W CAROLINA,1,79.2,24,24,4.3,2.1,0,0,0.0,70.8,17,0,5,10.5,25,2,5,344,68.6,64.0,64.4,58.7,0,0,28,0,0.0,95.5,0.0,0,1,0,0,1,0,0.0,118,4.9
3,Christian Peters,154331,QB,ARKAPB,1,68.2,22,24,11.1,2.16,1,2,7.7,58.3,14,0,6,6.7,26,1,8,112,68.6,65.1,63.6,67.4,0,3,28,1,0.0,56.6,0.0,0,2,0,1,1,4,14.3,182,7.6
3,Isaiah Freeman,167256,QB,HAMPTON,1,63.6,22,24,10.4,2.47,0,0,0.0,50.0,12,0,10,14.3,30,2,9,178,73.9,70.6,56.3,76.0,1,0,31,1,30.0,98.1,10.0,3,3,0,1,2,0,0.0,153,6.4
3,Dom Nankil,182292,QB,SAN DIEGO,1,66.7,24,24,6.0,2.46,0,0,0.0,58.3,14,0,4,12.5,26,2,6,283,68.4,58.9,60.2,55.6,0,0,26,0,25.0,87.0,3.8,1,1,0,0,1,0,0.0,129,5.4
3,EJ Colson,190335,QB,INCAR WORD,1,70.8,24,24,12.0,2.92,0,2,8.0,70.8,17,0,9,0.0,31,0,10,189,68.9,53.1,59.6,47.4,0,0,32,0,22.2,137.7,6.5,2,5,0,0,3,2,6.3,213,8.9
3,Collin Hurst,177732,QB,PRESBYTERN,1,78.3,23,23,18.4,2.51,0,4,16.0,69.6,16,0,5,11.1,27,2,11,271,27.0,91.3,90.8,64.3,0,0,29,0,60.0,151.7,11.1,3,1,0,0,3,1,3.4,343,14.9
3,Ayden Pereira,159129,QB,MERRIMACK,1,77.3,22,23,14.5,3.17,0,3,10.7,52.2,12,0,18,29.4,36,5,9,385,72.9,78.3,81.5,61.6,0,0,42,0,38.9,78.5,19.4,7,6,0,1,0,1,2.4,182,7.9
3,Joshua Wood,163421,QB,IDAHO,1,65.2,23,23,9.4,2.86,0,0,0.0,56.5,13,0,12,13.3,28,2,11,185,72.6,81.4,64.0,85.8,0,0,29,0,8.3,85.4,3.6,1,3,0,0,1,0,0.0,120,5.2
3,Jarrin Alley,191827,QB,BUTLER,1,76.2,21,23,8.6,2.5,0,1,4.3,69.6,16,0,3,0.0,24,0,8,127,70.4,66.0,67.0,58.7,0,1,24,0,0.0,71.1,0.0,0,1,0,2,0,1,4.2,161,7.0
3,KJ Cooper,197019,QB,TEXAS STHN,1,73.9,23,23,5.3,3.17,0,1,4.2,56.5,13,0,15,23.5,34,4,6,313,30.4,64.7,50.4,78.4,0,1,35,0,33.3,44.3,14.7,5,6,0,0,0,2,5.7,73,3.2
3,Jax Leatherwood,171548,QB,SE MO ST,1,65.0,20,23,7.8,2.72,1,2,8.3,52.2,12,0,13,7.7,31,1,5,293,69.4,72.1,73.3,64.2,1,0,32,1,15.4,86.3,6.5,2,6,0,1,1,1,3.1,145,6.3
3,RJ Johnson,171379,QB,FL A&M,1,90.5,21,23,10.0,2.8,0,2,8.3,73.9,17,0,9,10.5,27,2,13,164,70.1,92.5,92.6,63.9,1,0,28,0,33.3,141.9,11.1,3,1,0,1,2,0,0.0,272,11.8
3,Aiden McCown,178971,QB,LAMAR,1,68.2,22,23,5.6,2.82,0,0,0.0,52.2,12,0,4,20.0,26,3,5,204,70.6,60.1,47.0,75.2,0,1,27,0,0.0,42.1,0.0,0,3,0,1,0,1,3.7,81,3.5
3,Cole Payton,148154,QB,N DAK ST,1,72.7,22,23,13.4,3.03,0,4,15.4,69.6,16,0,9,0.0,28,0,12,250,71.2,93.2,91.3,81.9,0,0,31,0,22.2,151.7,7.1,2,3,0,1,4,0,0.0,348,15.1
3,Nate Hampton,147548,QB,GARD-WEBB,1,72.2,18,22,10.1,3.09,0,3,13.6,59.1,13,0,13,0.0,27,0,6,171,70.1,71.9,73.2,58.9,1,0,27,0,30.8,120.6,14.8,4,1,0,3,2,0,0.0,206,9.4
3,Luther Richesson,183971,QB,CENT ARK,1,76.5,17,21,12.1,3.33,0,1,4.8,57.1,12,0,17,7.7,30,1,8,132,36.1,64.9,52.9,75.5,3,1,30,1,35.3,78.1,20.0,6,3,0,1,1,3,10.0,163,7.8
3,Jared Lockhart,201210,QB,JACKSON ST,1,80.0,20,21,12.6,3.49,1,2,8.7,71.4,15,0,5,6.3,28,1,12,194,70.3,87.7,78.5,82.1,0,1,31,1,60.0,105.5,10.7,3,4,0,0,1,2,6.5,241,11.5
3,Jake Stearney,171991,QB,COLGATE,1,70.0,20,20,8.0,2.51,0,2,10.0,70.0,14,0,3,0.0,22,0,8,142,67.4,81.9,86.6,52.6,0,0,22,0,0.0,124.6,0.0,0,2,0,0,2,0,0.0,148,7.4
3,Bronson Barben,188632,QB,UTAHTC,1,73.7,19,20,7.0,2.36,0,1,5.0,60.0,12,0,7,14.3,21,2,7,1285,69.2,64.6,62.0,63.9,0,0,21,0,0.0,75.2,0.0,0,1,0,1,0,1,4.8,111,5.6
3,Bryce Patterson,160569,QB,MOREHEAD,1,72.2,18,20,5.3,2.62,1,0,0.0,60.0,12,0,10,7.7,24,1,5,234,68.3,45.3,49.3,50.0,1,1,25,0,10.0,48.5,4.2,1,3,0,0,0,1,4.0,83,4.2
3,Otto Kuhns,138014,QB,NORFOLK,1,44.4,18,20,12.4,3.11,0,1,4.8,40.0,8,0,14,0.0,25,0,5,244,67.8,50.8,49.4,59.4,0,1,26,0,14.3,33.3,8.0,2,3,0,2,0,1,3.8,90,4.5
3,Richard Torres,156456,QB,INCAR WORD,1,73.7,19,20,7.5,2.38,0,1,4.8,70.0,14,0,9,0.0,23,0,6,189,67.5,56.6,56.0,,0,1,24,0,33.3,62.7,13.0,3,0,0,1,0,1,4.2,111,5.6
3,Chris Irvin,146491,QB,W ILLINOIS,1,70.0,20,20,13.1,2.68,0,1,4.3,70.0,14,0,3,0.0,25,0,12,345,69.7,69.6,68.8,62.0,0,1,28,0,33.3,130.8,4.0,1,4,0,0,3,1,3.6,248,12.4
3,Jackson Gilkey,174092,QB,WEBER ST,1,63.2,19,20,15.1,2.62,0,3,15.0,55.0,11,0,11,8.3,22,1,7,342,74.0,88.9,78.9,78.5,0,2,22,0,9.1,70.4,4.5,1,1,0,1,1,2,9.1,218,10.9
3,Jack Snyder,185417,QB,SACR HEART,1,77.8,18,19,11.4,3.17,0,2,10.0,73.7,14,0,10,0.0,35,0,13,280,27.4,61.7,74.5,50.4,0,2,36,1,10.0,66.2,2.9,1,15,0,1,0,2,5.6,193,10.2
3,Aidan Bouman,122508,QB,S DAKOTA,1,55.6,18,19,10.2,2.72,0,1,5.3,36.8,7,0,5,30.0,19,3,7,291,68.4,69.2,67.9,60.1,0,1,19,0,0.0,50.1,0.0,0,0,0,1,1,1,5.3,99,5.2
3,DJ Williams,138061,QB,S ILLINOIS,1,77.8,18,19,10.4,2.73,0,1,4.5,73.7,14,0,3,0.0,21,0,9,295,36.9,90.7,81.5,80.8,1,2,24,0,0.0,89.5,0.0,0,2,0,0,1,0,0.0,219,11.5
3,Eddie Lee Marburger,145511,QB,TXRG,1,81.3,16,19,11.3,2.46,3,4,21.1,63.2,12,0,8,7.7,23,1,8,1445,68.1,91.9,92.0,62.3,0,0,23,0,37.5,144.7,13.0,3,1,0,0,3,0,0.0,230,12.1
3,Jordyn Potts,174577,QB,E KENTUCKY,1,47.4,19,19,13.3,2.77,0,0,0.0,36.8,7,0,5,22.2,23,2,4,159,70.0,57.5,58.9,56.0,0,0,26,0,60.0,67.4,13.0,3,1,0,0,1,0,0.0,78,4.1
3,Jaylon Tolbert,154757,QB,ALCORN ST,1,66.7,18,19,14.3,2.67,0,1,5.0,57.9,11,0,9,8.3,21,1,3,107,67.5,57.4,61.6,50.6,0,1,23,1,0.0,45.9,0.0,0,2,0,1,0,2,8.7,80,4.2
3,Andy Peters,128138,QB,STTHOM,1,77.8,18,19,12.3,2.44,0,1,4.8,68.4,13,0,7,7.1,23,1,11,1129,29.7,83.7,76.7,75.1,1,0,25,0,42.9,150.8,13.0,3,1,0,0,3,1,4.0,238,12.5
3,Jake Weir,146840,QB,HOUCHR,1,66.7,18,18,8.8,2.48,0,0,0.0,61.1,11,0,8,8.3,21,1,2,183,25.9,55.9,52.8,62.3,0,0,22,0,37.5,68.5,14.3,3,0,0,0,0,1,4.5,67,3.7
3,Cardell Williams,156190,QB,SACRAMENTO,1,47.1,17,17,20.2,3.44,0,3,16.7,47.1,8,0,3,0.0,18,0,7,279,70.7,60.1,56.2,62.4,0,0,19,1,0.0,123.7,0.0,0,1,0,0,2,3,15.8,176,10.4
3,Ethan Drumm,202066,QB,WOFFORD,1,50.0,16,17,18.2,2.48,0,2,11.8,41.2,7,0,6,12.5,20,1,4,350,26.2,56.8,71.2,37.7,0,0,20,0,16.7,118.9,5.0,1,2,0,1,3,1,5.0,175,10.3
3,Noah Sanders,164546,QB,NC A&T,1,40.0,15,17,14.2,2.59,1,1,5.9,35.3,6,0,2,0.0,19,0,3,246,70.2,55.6,55.9,57.4,0,0,19,0,0.0,69.5,0.0,0,2,0,1,1,1,5.3,75,4.4
3,Noah Brannock,170937,QB,WM & MARY,1,56.3,16,17,9.8,2.93,0,2,11.8,47.1,8,0,9,11.1,22,1,6,348,69.8,75.7,74.4,65.0,0,0,22,0,22.2,68.5,9.1,2,3,0,1,0,0,0.0,111,6.5
3,Keegan Patterson,158465,QB,INDIANA ST,1,75.0,12,16,4.8,2.38,2,0,0.0,50.0,8,0,10,11.1,22,1,0,191,67.4,41.9,43.9,52.8,2,0,22,0,40.0,56.3,18.2,4,2,0,0,0,1,4.5,13,0.8
3,Caron Tyler,177813,QB,VALPO,1,68.8,16,16,8.4,2.4,0,1,5.9,62.5,10,0,3,9.1,21,1,7,332,71.3,68.6,68.3,65.0,0,0,22,1,33.3,110.7,4.8,1,4,0,0,1,1,4.5,137,8.6
3,Andrew Body,155202,QB,ALABAMA ST,1,93.3,15,16,5.9,2.76,1,1,5.3,87.5,14,0,4,0.0,22,0,11,105,68.3,90.2,86.0,73.3,0,0,25,0,25.0,158.3,4.5,1,5,0,0,4,0,0.0,241,15.1
3,Camden Orth,108965,QB,CHATTNOOGA,1,62.5,16,16,11.1,2.46,0,2,12.5,43.8,7,0,1,30.0,19,3,6,137,71.7,91.5,85.8,80.5,0,1,19,0,100.0,76.6,5.3,1,2,0,0,2,1,5.3,94,5.9
3,Victor Gabalis,131932,QB,TARLETON,1,66.7,15,16,20.7,2.98,0,1,6.3,62.5,10,0,4,0.0,18,0,6,401,67.7,83.7,86.7,55.1,0,0,19,0,25.0,139.8,5.6,1,1,0,1,3,0,0.0,177,11.1
3,Destin Wade,163784,QB,N ALABAMA,1,92.3,13,15,7.0,2.88,0,3,20.0,73.3,11,0,7,8.3,19,1,7,389,69.7,91.8,92.8,68.8,0,0,20,0,0.0,130.1,0.0,0,4,0,2,1,0,0.0,161,10.7
3,Chris Parson,172551,QB,AUSTINPEAY,1,86.7,15,15,16.3,4.12,0,4,26.7,80.0,12,0,8,7.7,20,1,8,116,67.8,91.9,94.1,57.6,0,0,20,0,12.5,118.8,5.0,1,4,0,0,0,0,0.0,204,13.6
3,Pat McQuaide,145792,QB,VILLANOVA,1,61.5,13,15,6.3,2.33,1,0,0.0,46.7,7,0,7,12.5,17,1,0,334,67.5,41.0,37.9,60.0,1,1,17,0,28.6,25.7,11.8,2,0,0,0,0,2,11.8,27,1.8
3,Sam Vidlak,146333,QB,STF AUSTIN,1,84.6,13,14,9.8,2.29,0,2,14.3,78.6,11,0,3,0.0,15,0,7,301,66.4,89.8,89.4,,1,0,15,0,33.3,158.3,6.7,1,0,0,0,2,0,0.0,212,15.1
3,Ashton Strother,208047,QB,SOUTHERN U,1,64.3,14,14,9.0,2.09,0,0,0.0,64.3,9,0,4,0.0,16,0,5,297,24.5,49.4,55.9,46.5,0,0,17,0,50.0,93.5,12.5,2,0,0,0,0,0,0.0,127,9.1
3,Jett Peddy,200923,QB,FL A&M,1,85.7,14,14,7.0,2.25,0,1,7.1,64.3,9,0,1,25.0,15,3,5,164,66.4,82.7,85.3,57.3,0,1,15,0,0.0,55.4,0.0,0,1,0,0,0,0,0.0,99,7.1
3,Quincy Crittendon,149944,QB,SAMFORD,1,75.0,12,14,5.3,2.56,1,0,0.0,57.1,8,0,7,11.1,17,1,3,282,24.2,49.1,53.9,51.6,0,1,17,0,14.3,37.2,5.9,1,1,0,1,0,1,5.9,58,4.1
3,Josh Brown,181411,QB,MS VLY ST,1,76.9,13,14,5.1,3.33,0,0,0.0,64.3,9,0,12,10.0,21,1,4,228,70.9,47.1,54.3,51.5,1,1,24,1,25.0,42.0,14.3,3,4,0,0,0,1,4.2,54,3.9
3,Cade McNamara,101620,QB,E TENN ST,1,75.0,12,13,9.0,2.51,0,0,0.0,69.2,9,0,7,0.0,17,0,4,157,68.2,62.5,62.7,58.4,0,2,18,0,57.1,44.6,23.5,4,0,0,1,0,1,5.6,76,5.8
3,Carson Camp,141837,QB,SE LA,1,100.0,10,12,3.0,1.96,1,0,0.0,66.7,8,0,2,20.0,12,2,5,294,67.7,78.0,73.1,67.7,0,0,12,0,0.0,145.5,0.0,0,0,0,1,2,0,0.0,139,11.6
3,Tanner Maddocks,160443,QB,VILLANOVA,1,54.5,11,12,10.4,2.77,1,0,0.0,50.0,6,0,2,0.0,15,0,5,334,68.1,54.4,49.6,63.0,0,1,15,0,50.0,60.8,6.7,1,2,0,0,1,1,6.7,69,5.8
3,Ty Dieffenbach,170114,QB,CAL POLY,1,81.8,11,11,13.2,2.62,0,3,25.0,72.7,8,0,1,11.1,14,1,8,129,68.8,85.9,89.3,62.0,0,0,15,0,100.0,154.4,7.1,1,2,0,0,3,0,0.0,192,17.5
3,Anthony Grigsby Jr.,184188,QB,CAL POLY,1,70.0,10,11,8.4,2.86,1,0,0.0,63.6,7,0,5,0.0,12,0,6,129,67.7,73.7,73.4,61.6,0,0,12,0,20.0,137.5,8.3,1,0,0,0,1,0,0.0,138,12.5
3,Cobey Thompkins,192469,QB,CITADEL,1,60.0,10,10,10.5,2.77,0,2,18.2,60.0,6,0,4,0.0,13,0,4,139,74.4,75.3,61.2,74.4,0,0,14,1,50.0,125.8,15.4,2,1,0,0,1,1,7.1,97,9.7
3,Nelson Layne,201474,QB,NC A&T,1,100.0,9,10,7.8,3.14,0,1,10.0,80.0,8,0,6,11.1,14,1,3,246,22.7,58.2,63.9,53.6,0,0,14,0,16.7,95.4,7.1,1,3,0,1,0,1,7.1,69,6.9
3,Brady Stober,203110,QB,SAMFORD,1,50.0,8,10,6.9,2.88,0,0,0.0,40.0,4,0,8,0.0,13,0,2,282,67.8,27.1,24.6,61.7,1,2,13,0,12.5,8.3,7.7,1,2,0,1,0,3,23.1,30,3.0
3,Abram Johnston,192360,QB,NWSTATE,1,70.0,10,10,2.4,2.46,0,0,0.0,60.0,6,0,4,14.3,14,1,1,257,68.7,58.4,59.6,57.7,0,0,14,0,50.0,67.5,14.3,2,1,0,0,0,0,0.0,37,3.7
3,Rowan Keefe,165386,QB,VALPO,1,60.0,10,10,10.7,2.31,0,2,20.0,50.0,5,0,4,16.7,10,1,2,332,11.6,62.0,85.9,34.9,0,0,10,1,0.0,66.7,0.0,0,0,0,0,0,0,0.0,55,5.5
3,Gunner Chenier,189305,QB,STETSON,1,77.8,9,10,6.1,2.59,0,0,0.0,50.0,5,0,3,28.6,12,2,0,302,67.7,65.9,71.7,54.3,1,0,12,0,33.3,56.3,8.3,1,1,0,0,0,0,0.0,18,1.8
3,Zach Tanner,159923,QB,ROB MORRIS,1,88.9,9,9,7.6,2.37,0,0,0.0,88.9,8,0,4,0.0,10,0,5,277,68.4,59.3,58.5,57.8,0,0,10,0,25.0,144.7,10.0,1,0,0,0,2,0,0.0,83,9.2
3,Kobe Muasau,185530,QB,MORGAN ST,1,75.0,8,9,4.6,2.49,0,0,0.0,66.7,6,0,8,0.0,12,0,1,235,66.8,58.2,56.8,60.0,0,0,12,0,37.5,70.1,25.0,3,0,0,1,0,0,0.0,18,2.0
3,Jackson Akins,191379,QB,CAL POLY,1,55.6,9,9,11.7,2.41,0,0,0.0,55.6,5,0,1,0.0,10,0,3,129,66.8,41.2,43.0,54.2,0,1,12,0,0.0,34.3,0.0,0,1,0,0,0,2,16.7,55,6.1
3,Austin Smith,145763,QB,AUSTINPEAY,1,88.9,9,9,11.0,1.98,0,0,0.0,77.8,7,0,0,12.5,10,1,4,116,67.5,83.2,82.3,65.2,0,0,10,0,,137.0,0.0,0,1,0,0,1,0,0.0,72,8.0
3,Ashten Snelsire,159175,QB,RICHMOND,1,37.5,8,8,10.1,2.34,0,0,0.0,37.5,3,0,2,0.0,8,0,3,276,71.6,30.8,25.7,64.5,0,1,10,0,0.0,8.3,0.0,0,0,0,0,0,3,30.0,28,3.5
3,Kyle Lowe,156595,QB,SE LA,1,100.0,8,8,9.6,1.7,0,1,12.5,100.0,8,0,2,0.0,8,0,6,294,68.2,90.5,90.7,65.6,0,0,8,0,0.0,158.3,0.0,0,0,0,0,3,0,0.0,174,21.8
3,Timmy McClain,144488,QB,BETH COOK,1,37.5,8,8,10.9,2.66,0,0,0.0,37.5,3,0,3,0.0,9,0,1,119,22.0,28.1,25.3,68.8,0,1,11,0,33.3,6.3,11.1,1,0,0,0,0,3,27.3,23,2.9
3,Jacolby Criswell,122830,QB,E TENN ST,1,83.3,6,8,16.8,2.99,0,2,25.0,62.5,5,0,6,0.0,11,0,6,157,69.2,90.1,90.5,67.9,1,0,11,0,16.7,145.8,9.1,1,2,0,1,3,0,0.0,108,13.5
3,Reggie Graff,165710,QB,UTAHTC,1,75.0,8,8,7.5,2.62,0,0,0.0,50.0,4,0,2,33.3,10,2,3,1285,69.8,57.8,58.2,58.7,0,1,10,0,0.0,19.8,0.0,0,2,0,0,0,1,10.0,30,3.8
3,Tyler Hughes,159218,QB,WM & MARY,1,71.4,7,8,14.7,3.48,0,1,12.5,62.5,5,0,8,0.0,12,0,1,348,66.8,54.4,66.1,48.6,0,0,12,0,12.5,142.2,8.3,1,3,0,1,1,0,0.0,93,11.6
3,John Griffith,156450,QB,MORGAN ST,1,80.0,5,7,4.2,2.2,2,1,14.3,42.9,3,0,2,25.0,7,1,0,235,65.9,73.0,74.5,59.6,0,0,7,0,0.0,50.3,0.0,0,0,0,0,0,0,0.0,2,0.3
3,Kyle Wickersham,148418,QB,RICHMOND,1,85.7,7,7,6.1,2.79,0,1,14.3,85.7,6,0,5,0.0,10,0,1,276,13.6,52.5,58.5,52.3,0,0,10,0,60.0,94.6,30.0,3,0,0,0,0,1,10.0,47,6.7
3,David Parsons,192170,QB,MOREHEAD,1,85.7,7,7,14.6,2.9,0,0,0.0,71.4,5,0,3,16.7,8,1,3,234,64.9,68.5,68.1,,0,0,8,0,33.3,145.8,12.5,1,0,0,0,1,0,0.0,75,10.7
3,Ja'Shawn Scroggins,160545,QB,HOWARD,1,83.3,6,6,3.8,1.96,0,0,0.0,66.7,4,0,0,20.0,7,1,2,184,64.6,62.1,56.4,63.7,0,0,7,0,,77.1,0.0,0,1,0,0,0,0,0.0,28,4.7
3,Chris Howell,171592,QB,LIUSHAR,1,16.7,6,6,12.2,2.54,0,0,0.0,16.7,1,0,3,0.0,7,0,1,1298,68.1,50.7,44.2,62.9,0,0,7,0,33.3,39.6,14.3,1,0,0,0,0,0,0.0,10,1.7
3,Dez Thomas II,177368,QB,GEORGETOWN,1,83.3,6,6,3.3,2.9,0,0,0.0,83.3,5,0,5,0.0,9,0,1,172,66.3,56.5,67.3,51.1,0,0,9,0,0.0,96.5,0.0,0,3,0,0,0,0,0.0,43,7.2
3,Aleks Sitkowski,197815,QB,COLGATE,1,100.0,5,6,6.6,1.75,1,0,0.0,50.0,3,0,0,40.0,6,2,0,142,64.2,73.0,72.5,,0,0,6,0,,56.3,0.0,0,0,0,0,0,0,0.0,18,3.0
3,Jayden Sauray,162802,QB,DELWARE ST,1,20.0,5,6,15.2,2.83,0,0,0.0,16.7,1,0,4,0.0,8,0,1,152,66.2,38.9,43.1,51.0,0,0,8,0,0.0,39.6,0.0,0,2,0,1,0,0,0.0,17,2.8
3,Jayden Whitaker,186934,QB,WOFFORD,1,75.0,4,5,18.0,2.95,1,1,20.0,60.0,3,0,3,0.0,8,0,2,350,14.6,64.9,67.8,57.8,0,0,8,0,66.7,103.7,25.0,2,1,0,0,0,1,12.5,62,12.4
3,Ty Englehart,162239,QB,PRESBYTERN,1,40.0,5,5,10.8,3.46,0,0,0.0,40.0,2,0,1,0.0,8,0,3,271,65.1,58.1,37.6,75.6,0,0,9,0,0.0,47.9,0.0,0,3,0,0,0,1,11.1,14,2.8
3,Will O'Dell,206486,QB,MARIST,1,50.0,4,5,12.8,2.56,1,1,16.7,40.0,2,0,1,0.0,7,0,3,213,27.0,55.8,76.5,49.0,0,0,9,0,0.0,108.3,0.0,0,2,0,0,1,0,0.0,40,8.0
3,Aidan Jakobsohn,209046,QB,TXRG,1,80.0,5,5,12.6,2.43,0,1,20.0,80.0,4,0,2,0.0,6,0,5,1445,64.2,72.9,67.1,64.3,0,0,6,0,0.0,158.3,0.0,0,1,0,0,2,0,0.0,67,13.4
3,Eli Anderson,201571,QB,NWSTATE,1,60.0,5,5,3.6,2.72,0,0,0.0,60.0,3,0,1,0.0,5,0,0,257,69.7,48.3,50.4,53.7,0,0,5,0,0.0,64.6,0.0,0,0,0,0,0,0,0.0,2,0.4
3,Myles Burkett,158691,QB,E KENTUCKY,1,20.0,5,5,11.2,3.1,0,0,0.0,20.0,1,0,4,0.0,7,0,1,159,67.2,36.4,29.3,65.3,0,2,8,0,50.0,0.0,28.6,2,0,0,0,0,2,25.0,13,2.6
3,Patrick Duchien,176764,QB,MONTANA ST,1,100.0,4,5,4.5,1.94,1,0,0.0,80.0,4,0,0,0.0,5,0,1,233,66.8,65.3,69.3,57.0,0,0,5,0,,90.0,0.0,0,0,0,0,0,0,0.0,28,5.6
3,Brock Riddle,185493,QB,INDIANA ST,1,75.0,4,4,11.0,2.76,0,0,0.0,75.0,3,0,3,0.0,5,0,2,191,63.8,66.1,65.2,,0,0,5,0,33.3,90.6,20.0,1,0,0,0,0,0,0.0,25,6.3
3,Nathan Kent,148446,QB,TOWSON,1,50.0,4,4,16.3,2.68,0,1,16.7,50.0,2,0,1,0.0,5,0,2,317,64.6,62.4,56.9,64.0,0,0,7,0,0.0,135.4,0.0,0,1,0,0,1,0,0.0,85,21.3
3,Jace Wilson,149892,QB,TENN TECH,1,50.0,4,4,14.5,3.1,0,0,0.0,25.0,1,0,1,50.0,4,1,1,309,65.2,49.7,56.1,58.2,0,0,4,1,0.0,41.7,0.0,0,0,0,0,0,0,0.0,14,3.5
3,Cam'Ron McCoy,157481,QB,SOUTHERN U,1,25.0,4,4,9.5,3.39,0,0,0.0,25.0,1,0,3,0.0,8,0,0,297,66.2,42.9,47.3,52.6,0,0,8,0,66.7,39.6,25.0,2,2,0,0,0,0,0.0,4,1.0
3,Bo Kelly,158923,QB,CAL POLY,1,25.0,4,4,15.3,1.88,0,0,0.0,0.0,0,0,1,100.0,4,1,0,129,65.2,46.6,45.3,60.0,0,1,4,0,0.0,0.0,0.0,0,0,0,0,0,0,0.0,0,0.0
3,Luca Stanzani,159449,QB,LIUSHAR,1,50.0,4,4,17.3,2.94,0,0,0.0,50.0,2,0,4,0.0,8,0,2,1298,69.0,71.4,56.5,72.2,0,0,8,0,50.0,58.3,25.0,2,2,0,0,0,0,0.0,14,3.5
3,Te'Sean Smoot,163976,QB,ALABAMA ST,1,50.0,4,4,8.5,2.5,0,0,0.0,50.0,2,0,0,0.0,4,0,2,105,63.3,70.7,70.3,,0,0,4,0,,70.8,0.0,0,0,0,0,0,0,0.0,26,6.5
3,DJ Stevenson,197564,QB,ARKAPB,1,50.0,4,4,16.3,3.73,0,0,0.0,50.0,2,0,2,0.0,7,0,1,112,67.4,53.7,59.6,52.3,0,0,9,0,0.0,63.5,0.0,0,3,0,0,0,1,11.1,19,4.8
3,John Austin Wood,209837,QB,N ALABAMA,1,66.7,3,4,6.0,3.0,1,0,0.0,50.0,2,0,4,0.0,5,0,1,389,14.2,41.5,60.1,43.4,0,0,5,0,0.0,56.3,0.0,0,1,0,0,0,0,0.0,11,2.8
3,Israel Carter,175310,QB,NORFOLK,1,50.0,2,3,9.0,2.17,0,0,0.0,33.3,1,0,1,0.0,3,0,0,244,64.8,48.3,51.5,56.0,1,0,3,0,0.0,42.4,0.0,0,0,0,0,0,0,0.0,2,0.7
3,DC Tabscott,147020,QB,N ALABAMA,1,66.7,3,3,11.7,1.8,0,1,33.3,33.3,1,0,2,50.0,3,1,1,389,62.7,75.2,74.8,,0,0,3,0,0.0,67.4,0.0,0,0,0,0,0,0,0.0,27,9.0
3,Cole Pennington,156787,QB,GARD-WEBB,1,66.7,3,3,1.3,3.58,0,0,0.0,66.7,2,0,1,0.0,4,0,1,171,63.3,61.6,61.4,,0,0,4,0,100.0,71.5,25.0,1,0,0,0,0,0,0.0,10,3.3
3,Tyler Voss,157830,QB,SAN DIEGO,1,33.3,3,3,19.7,3.63,0,1,33.3,33.3,1,0,2,0.0,4,0,2,283,63.3,47.2,39.4,63.1,0,0,4,0,0.0,56.3,0.0,0,1,0,0,0,1,25.0,19,6.3
3,Xavier Washington,160514,QB,DRAKE,1,66.7,3,3,9.3,3.43,0,1,33.3,66.7,2,0,3,0.0,4,0,1,153,66.4,41.5,33.0,62.8,0,0,4,0,33.3,148.6,25.0,1,0,0,0,1,2,50.0,37,12.3
3,Gavin Rutherford,178188,QB,STF AUSTIN,1,100.0,3,3,19.7,2.83,0,1,33.3,100.0,3,0,0,0.0,3,0,3,301,66.4,91.3,93.5,57.8,0,0,3,0,,158.3,0.0,0,0,0,0,1,0,0.0,74,24.7
3,Andre Washington,165436,QB,ALCORN ST,1,66.7,3,3,7.7,2.63,0,0,0.0,66.7,2,0,1,0.0,3,0,0,107,66.6,54.9,55.9,57.9,0,0,4,0,0.0,70.1,0.0,0,0,0,0,0,0,0.0,7,2.3
3,Brandon Nunez,183978,QB,MS VLY ST,1,0.0,2,2,10.5,2.5,0,0,0.0,0.0,0,0,1,,2,0,0,228,66.2,42.2,43.4,55.2,0,0,2,0,0.0,39.6,0.0,0,0,0,0,0,0,0.0,0,0.0
3,Julian Calvez,167101,QB,TENN MARTN,1,50.0,2,2,5.5,1.85,0,0,0.0,50.0,1,0,0,0.0,2,0,1,310,61.8,60.1,59.7,,0,0,2,0,,56.3,0.0,0,0,0,0,0,0,0.0,5,2.5
3,Baxter Wright,192540,QB,MURRAY ST,1,100.0,2,2,7.5,3.55,0,0,0.0,100.0,2,0,2,0.0,4,0,1,236,68.9,72.3,72.9,63.0,0,0,5,0,50.0,110.4,25.0,1,1,0,0,0,0,0.0,21,10.5
3,Parker Stofa,197903,QB,JACKSON ST,1,100.0,1,2,-1.0,4.25,0,0,0.0,50.0,1,0,1,0.0,2,0,0,194,64.4,66.5,58.9,62.8,0,0,2,0,0.0,56.3,0.0,0,0,0,1,0,0,0.0,2,1.0
3,Carter Cravens,150714,QB,MOREHEAD,1,100.0,2,2,8.0,1.9,0,0,0.0,100.0,2,0,1,0.0,2,0,1,234,61.8,74.6,74.1,,0,0,2,0,0.0,102.1,0.0,0,0,0,0,0,0,0.0,17,8.5
3,T.C. Molk,202029,QB,W ILLINOIS,1,50.0,2,2,8.5,1.9,0,0,0.0,0.0,0,0,1,100.0,2,1,0,345,61.8,33.2,31.9,,0,1,2,0,0.0,0.0,0.0,0,0,0,0,0,1,50.0,0,0.0
3,JT Kitna,202540,QB,STF AUSTIN,1,50.0,2,2,-1.0,1.45,0,0,0.0,50.0,1,0,0,0.0,2,0,0,301,61.8,53.5,54.6,,0,0,2,0,,56.3,0.0,0,0,0,0,0,0,0.0,2,1.0
3,Aveon Smith,130529,QB,MERRIMACK,1,100.0,2,2,6.5,2.1,0,0,0.0,50.0,1,0,0,50.0,2,1,1,385,61.8,80.3,79.6,,0,0,2,0,,95.8,0.0,0,0,0,0,0,0,0.0,34,17.0
3,Patrick Heitert,126526,QB,SE MO ST,1,50.0,2,2,3.5,3.2,0,0,0.0,50.0,1,0,4,0.0,7,0,2,293,64.9,62.8,55.9,64.2,0,1,8,0,50.0,20.8,28.6,2,3,0,0,0,0,0.0,8,4.0
3,Cameron Peters,123326,QB,PRVIEW A&M,1,50.0,2,2,21.0,2.6,0,0,0.0,50.0,1,0,2,0.0,2,0,1,270,61.8,55.9,55.9,,0,0,2,0,0.0,85.4,0.0,0,0,0,0,0,1,50.0,20,10.0
3,Eric Handley,185928,QB,ALAB A&M,1,100.0,2,2,-2.0,1.9,0,0,0.0,100.0,2,0,0,0.0,2,0,1,104,66.2,57.6,62.1,57.2,0,0,2,0,,118.8,0.0,0,0,0,0,0,0,0.0,26,13.0
3,Kia'i Keone,179368,QB,N COLORADO,1,,0,1,,1.8,1,0,0.0,0.0,0,0,0,,1,0,0,253,60.3,59.0,59.4,,0,0,1,0,,39.6,0.0,0,0,0,0,0,0,0.0,0,0.0
3,Derek Burrell,159547,WR,WAGNER,1,0.0,1,1,34.0,2.6,0,0,0.0,0.0,0,0,0,,1,0,0,338,73.5,54.5,58.1,,0,1,1,0,,0.0,0.0,0,0,0,0,0,0,0.0,0,0.0
3,Deyandre Ruffin,184287,WR,SCAR STATE,1,0.0,1,1,10.0,3.5,0,0,0.0,0.0,0,0,1,,1,0,0,290,66.4,63.6,55.3,,0,0,1,1,0.0,39.6,0.0,0,0,0,0,0,0,0.0,0,0.0
3,Landyn Backey,159121,WR,ELON,1,0.0,1,1,29.0,1.3,0,0,0.0,0.0,0,0,0,,1,0,0,162,65.6,56.8,58.4,63.4,0,0,1,1,,39.6,0.0,0,0,0,0,0,0,0.0,0,0.0
3,Antwon McKay Jr,192948,WR,W ILLINOIS,1,100.0,1,1,15.0,3.0,0,0,0.0,100.0,1,0,0,0.0,1,0,1,345,60.3,53.7,72.6,,0,0,1,0,,158.3,0.0,0,0,0,0,1,0,0.0,14,14.0
3,Max Holtzclaw,193407,QB,PRESBYTERN,1,0.0,1,1,22.0,3.0,0,0,0.0,0.0,0,0,0,,1,0,0,271,63.7,48.8,51.9,58.7,0,0,1,0,,39.6,0.0,0,0,0,0,0,0,0.0,0,0.0
3,Tre' Holloway,196317,WR,TENN TECH,1,100.0,1,1,8.0,3.5,0,0,0.0,100.0,1,0,0,0.0,1,0,0,309,71.2,52.2,60.4,,0,0,1,0,,100.0,0.0,0,0,0,0,0,0,0.0,8,8.0
3,Fresh Walters,157978,WR,YNGTOWN ST,1,,0,1,,4.0,0,0,0.0,0.0,0,0,0,,1,0,0,353,62.4,53.4,60.0,,0,0,1,0,,39.6,0.0,0,0,0,1,0,0,0.0,0,0.0
3,C.J. Evans,121347,HB,SAMFORD,1,100.0,1,1,11.0,3.2,0,0,0.0,100.0,1,0,0,0.0,1,0,1,282,73.9,65.5,54.8,69.7,0,0,1,0,,156.3,0.0,0,0,0,0,1,0,0.0,12,12.0
3,Alex Gevaudan,186621,QB,MERCYHURST,1,0.0,1,1,24.0,2.1,0,0,0.0,0.0,0,0,1,,1,0,0,977,60.3,51.6,51.9,,0,0,1,0,0.0,39.6,0.0,0,0,0,0,0,0,0.0,0,0.0
3,Cooper Willman,138032,WR,E ILLINOIS,1,0.0,1,1,14.0,3.5,0,0,0.0,0.0,0,0,0,,1,0,0,158,72.4,57.3,46.8,59.6,0,0,1,0,,39.6,0.0,0,0,0,0,0,0,0.0,0,0.0
3,Ryan Marks,157625,P,UTAHTC,1,100.0,1,1,0.0,2.4,0,0,0.0,100.0,1,0,0,0.0,1,0,1,1285,60.3,60.6,60.6,,0,0,1,0,,100.0,0.0,0,0,0,0,0,0,0.0,8,8.0
3,Evan James,200945,WR,FURMAN,1,0.0,1,1,18.0,3.0,0,0,0.0,0.0,0,0,0,,1,0,0,170,68.0,78.2,26.8,,0,1,1,0,,0.0,0.0,0,0,0,0,0,1,100.0,0,0.0
3,Quentin Hayes,186423,QB,CITADEL,1,0.0,1,1,41.0,2.97,0,0,0.0,0.0,0,0,3,,3,0,0,139,11.6,53.0,40.9,63.2,0,0,3,0,66.7,39.6,66.7,2,0,0,0,0,1,33.3,0,0.0
3,Jordan Smith,154034,WR,SCAR STATE,1,100.0,1,1,27.0,4.5,0,0,0.0,100.0,1,0,1,0.0,1,0,1,290,68.0,76.5,76.2,,0,0,1,0,0.0,118.8,0.0,0,0,0,0,0,0,0.0,49,49.0
3,Bryce Bailey,121794,WR,TENN MARTN,1,0.0,1,1,14.0,3.1,0,0,0.0,0.0,0,0,1,,1,0,0,310,66.4,62.0,33.8,,0,1,1,0,0.0,0.0,0.0,0,0,0,0,0,1,100.0,0,0.0
3,Casey Bullock,185958,QB,DAVIDSON,1,0.0,1,1,23.0,3.1,0,0,0.0,0.0,0,0,1,,3,0,0,149,64.8,52.5,48.4,60.7,0,0,3,0,100.0,39.6,33.3,1,1,0,0,0,0,0.0,0,0.0
3,Payton Rhoades,142087,WR,SACR HEART,1,0.0,1,1,32.0,3.0,0,0,0.0,0.0,0,0,0,,1,0,0,280,65.3,66.8,58.0,,0,0,1,0,,39.6,0.0,0,0,0,0,0,0,0.0,0,0.0
3,Will Prichard,175779,QB,MOREHEAD,1,0.0,1,1,11.0,3.3,0,0,0.0,0.0,0,0,2,,2,0,0,234,61.8,56.3,56.2,,0,0,2,0,50.0,39.6,50.0,1,0,0,0,0,0,0.0,0,0.0
3,"Ruben Lee, II",174276,QB,MS VLY ST,1,100.0,1,1,-1.0,2.95,0,0,0.0,100.0,1,0,1,0.0,2,0,0,228,61.8,59.2,58.9,,0,0,2,0,100.0,79.2,50.0,1,0,0,0,0,0,0.0,-1,-1.0
3,Jaden Rashada,171886,QB,SACRAMENTO,1,0.0,1,1,45.0,3.8,0,0,0.0,0.0,0,0,0,,1,0,0,279,60.3,49.7,49.9,,0,0,1,0,,39.6,0.0,0,0,0,0,0,0,0.0,0,0.0
3,Nate Brackett,138983,P,E TENN ST,1,0.0,1,1,-1.0,2.4,0,0,0.0,0.0,0,0,0,,1,0,0,157,60.3,55.3,54.4,,0,0,1,0,,39.6,0.0,0,0,0,0,0,0,0.0,0,0.0
3,Joshua Jones,177098,QB,NC CENT,1,100.0,1,1,7.0,2.1,0,0,0.0,100.0,1,0,0,0.0,1,0,1,247,67.5,86.7,77.7,67.9,0,0,1,0,,112.5,0.0,0,0,0,0,0,0,0.0,11,11.0
3,Josh Fillion,164583,WR,NEW HAMP,1,0.0,1,1,32.0,2.7,0,0,0.0,0.0,0,0,0,,1,0,0,240,63.7,47.9,49.9,,0,0,1,0,,39.6,0.0,0,0,0,0,0,0,0.0,0,0.0
3,Gabe Passini,191845,QB,BUTLER,1,100.0,1,1,3.0,4.2,0,0,0.0,100.0,1,0,1,0.0,1,0,1,127,73.0,64.1,60.4,62.1,0,0,1,0,0.0,118.8,0.0,0,0,0,0,0,0,0.0,17,17.0
3,Peyton Beck,164472,WR,WEBER ST,1,100.0,1,1,-6.0,0.6,0,0,0.0,100.0,1,0,0,0.0,1,0,1,342,60.3,61.1,60.6,,0,0,1,0,,147.9,0.0,0,0,0,0,1,0,0.0,10,10.0
3,Josh Lorick,192305,WR,INCAR WORD,1,0.0,1,1,18.0,3.2,0,0,0.0,0.0,0,0,0,,1,0,0,189,65.9,54.2,55.3,,0,1,1,0,,0.0,0.0,0,0,0,0,0,0,0.0,0,0.0
3,Nathan Hayes,162204,QB,N DAK ST,1,0.0,1,1,6.0,2.9,0,0,0.0,0.0,0,0,0,,1,0,0,250,66.2,56.5,54.0,60.1,0,0,2,0,,39.6,0.0,0,0,0,0,0,0,0.0,0,0.0
3,Jordan McCarty,180205,QB,W OREGON,1,69.2,39,41,9.5,2.58,1,2,4.4,58.5,24,0,15,11.1,47,3,11,411,71.8,67.6,65.4,64.7,1,2,51,0,13.3,65.7,4.3,2,4,0,0,1,0,0.0,266,6.5
3,Donnie Smith,210870,QB,NORTHEA ST,1,67.6,34,34,7.9,2.38,0,3,8.1,52.9,18,0,19,21.7,37,5,6,1030,31.1,60.5,61.5,57.3,0,2,40,0,10.5,68.5,5.4,2,1,0,0,2,4,10.0,222,6.5
3,Kohl Meisman,211694,QB,WLU,1,67.7,31,34,10.4,2.52,1,3,8.1,58.8,20,0,19,4.8,43,1,13,1178,71.0,75.7,72.5,68.6,1,2,47,0,21.1,62.6,9.3,4,4,0,1,1,1,2.1,214,6.3
3,Isaiah Knowles,144324,QB,ALBANY ST,1,80.0,25,30,10.0,2.81,2,4,11.8,56.7,17,0,7,15.0,36,3,14,360,69.5,91.3,91.0,67.2,0,0,40,0,28.6,88.3,5.6,2,4,0,3,1,0,0.0,201,6.7
3,Luke Warnock,206990,QB,Bent,1,70.0,30,30,6.5,2.5,0,1,3.1,60.0,18,0,3,14.3,33,3,6,1238,69.1,43.1,44.5,52.8,0,1,35,0,66.7,51.2,6.1,2,1,0,0,0,2,5.7,94,3.1
3,Brinley Vandiver,193742,QB,MILES,1,69.2,26,30,6.3,2.3,1,1,3.2,56.7,17,0,18,5.6,32,1,11,386,68.4,50.5,49.2,,1,0,33,0,11.1,71.9,6.3,2,0,0,2,0,2,6.1,163,5.4
3,Eian Roudebush,195574,QB,HA,1,73.1,26,28,7.3,3.35,1,0,0.0,64.3,18,0,19,5.3,39,1,6,1528,70.7,61.7,61.5,59.5,0,0,39,1,31.6,83.8,15.4,6,5,0,1,1,0,0.0,109,3.9
3,Malakai Anthony,142524,QB,BOWIE ST,1,72.0,25,27,6.2,2.78,0,0,0.0,48.1,13,0,12,27.8,31,5,8,365,68.4,64.8,62.0,65.2,1,0,32,0,8.3,67.1,3.2,1,3,0,1,1,1,3.1,81,3.0
3,Denim Johnson,196083,QB,KY STATE,1,77.3,22,24,6.9,2.2,1,2,7.7,62.5,15,0,4,11.8,25,2,8,378,69.1,72.9,72.1,61.7,0,0,27,1,25.0,93.4,4.0,1,0,0,1,1,0,0.0,146,6.1
3,Miles Scott,178892,QB,MHMRTI,1,42.1,19,21,13.7,2.45,0,1,4.5,38.1,8,0,10,0.0,23,0,4,999,68.8,52.6,52.9,56.3,1,1,24,0,0.0,45.7,0.0,0,2,0,1,1,0,0.0,80,3.8
3,Raequan Beal,138504,QB,TUSKEGEE,1,68.4,19,21,6.2,2.28,0,0,0.0,57.1,12,0,4,7.7,21,1,3,405,68.1,65.3,69.1,59.7,1,0,23,1,0.0,66.8,0.0,0,0,0,1,0,0,0.0,86,4.1
3,Robert Brazziel,212065,QB,LINCOK,1,63.2,19,20,9.8,2.43,0,2,9.1,55.0,11,0,12,8.3,25,1,7,1452,29.1,61.4,78.8,41.5,0,1,27,2,8.3,54.2,4.0,1,3,0,1,0,1,3.7,130,6.5
3,Duke Shovald,210960,QB,NMiU,1,61.1,18,19,10.3,2.31,0,0,0.0,57.9,11,0,12,0.0,25,0,6,1031,30.7,44.8,46.9,49.8,1,0,28,0,41.7,79.5,20.0,5,1,0,0,0,0,0.0,133,7.0
3,Ryan Killmer,212103,QB,ECU,1,68.8,16,18,12.3,2.32,0,1,5.0,61.1,11,0,6,0.0,19,0,5,1526,24.7,69.7,65.3,60.0,1,1,21,1,16.7,78.9,5.3,1,0,0,1,1,1,4.8,132,7.3
3,Kevin Taylor,180333,QB,BOWIE ST,1,85.7,14,17,7.6,3.07,0,0,0.0,70.6,12,0,9,0.0,21,0,5,365,24.4,57.6,70.8,42.8,0,0,24,1,0.0,82.5,0.0,0,4,0,3,0,0,0.0,88,5.2
3,Dereun Dortch,210810,QB,NORTHEA ST,1,36.4,11,13,13.3,2.45,1,0,0.0,23.1,3,0,5,25.0,13,1,3,1030,21.1,43.6,43.3,59.6,0,0,13,0,0.0,81.9,0.0,0,0,0,1,1,1,7.7,91,7.0
3,Michael Jackson,148295,QB,MHMRTI,1,28.6,7,9,13.7,2.18,1,0,0.0,22.2,2,0,5,0.0,10,0,2,999,18.5,35.3,34.4,,0,0,11,0,20.0,49.3,10.0,1,0,0,1,0,2,18.2,48,5.3
3,Andrew Martinez,209210,QB,SRSU,1,50.0,4,7,8.0,3.02,0,0,0.0,14.3,1,0,5,50.0,9,1,1,1133,66.7,39.3,37.3,61.5,0,1,11,1,20.0,0.0,11.1,1,1,0,3,0,0,0.0,1,0.1
3,Torrence Bardell,141753,QB,KY STATE,1,83.3,6,6,17.0,2.2,0,1,16.7,83.3,5,0,2,0.0,7,0,2,378,68.1,65.9,68.8,63.0,0,0,7,1,50.0,156.9,14.3,1,0,0,0,1,0,0.0,73,12.2
3,Jay Carney,164716,QB,LINCOK,1,40.0,5,6,7.2,2.88,0,0,0.0,33.3,2,0,3,0.0,6,0,1,1452,64.2,65.1,64.6,,0,0,6,1,0.0,42.4,0.0,0,0,0,1,0,0,0.0,15,2.5
3,Isaiah Osgood,206970,QB,Bent,1,100.0,4,5,3.8,3.06,0,0,0.0,80.0,4,0,2,0.0,7,0,3,1238,67.2,72.1,63.5,74.1,0,0,8,1,0.0,158.3,0.0,0,2,0,1,1,0,0.0,77,15.4
3,Carter Kopecky,210840,QB,NORTHEA ST,1,100.0,1,1,-5.0,2.47,0,0,0.0,0.0,0,0,1,100.0,3,1,0,1030,62.7,52.5,58.9,57.3,0,0,3,0,100.0,39.6,33.3,1,1,0,0,0,0,0.0,0,0.0
3,Deuce Roberson,210864,WR,NORTHEA ST,1,100.0,1,1,28.0,3.4,0,1,50.0,100.0,1,0,1,0.0,1,0,1,1030,67.3,63.2,82.5,64.3,0,0,2,0,0.0,118.8,0.0,0,0,0,0,0,0,0.0,35,35.0
3,EJ Hall,190688,WR,TUSKEGEE,1,0.0,1,1,40.0,3.4,0,0,0.0,0.0,0,0,0,,1,0,0,405,68.8,62.9,49.9,,0,0,1,1,,39.6,0.0,0,0,0,0,0,0,0.0,0,0.0
3,Mo Foketi,210816,K,NORTHEA ST,1,100.0,1,1,4.0,2.2,0,0,0.0,100.0,1,0,0,0.0,1,0,1,1030,60.3,71.8,74.3,,0,0,1,0,,118.8,0.0,0,0,0,0,0,0,0.0,14,14.0
3,Anthony Mix,210766,QB,MILES,1,100.0,1,1,2.0,1.7,0,0,0.0,100.0,1,0,0,0.0,1,0,0,386,67.5,58.3,61.0,57.6,0,0,1,0,,79.2,0.0,0,0,0,0,0,0,0.0,2,2.0
3,Hunter Patterson,211698,HB,WLU,1,,0,1,,5.0,0,0,0.0,0.0,0,0,1,,1,0,0,1178,26.6,56.6,60.0,57.2,0,0,1,0,0.0,39.6,0.0,0,0,0,1,0,0,0.0,0,0.0
3,Kye Callicoatte,209182,QB,SRSU,1,100.0,1,1,-4.0,2.85,0,0,0.0,100.0,1,0,0,0.0,2,0,0,1133,16.5,37.7,60.6,44.4,0,0,2,0,,79.2,0.0,0,1,0,0,0,0,0.0,-4,-4.0
3,Breylon Boyd,193954,QB,ECU,1,0.0,1,1,4.0,2.15,0,0,0.0,0.0,0,0,1,,2,0,0,1526,61.8,48.5,48.0,,0,0,3,0,100.0,39.6,50.0,1,0,0,0,0,0,0.0,0,0.0
week,player,player_id,position,team_name,player_game_count,accuracy_percent,aimed_passes,attempts,avg_depth_of_target,avg_time_to_throw,bats,big_time_throws,btt_rate,completion_percent,completions,declined_penalties,def_gen_pressures,drop_rate,dropbacks,drops,first_downs,franchise_id,grades_hands_fumble,grades_offense,grades_pass,grades_run,hit_as_threw,interceptions,passing_snaps,penalties,pressure_to_sack_rate,qb_rating,sack_percent,sacks,scrambles,spikes,thrown_aways,touchdowns,turnover_worthy_plays,twp_rate,yards,ypa
4,Cade Klubnik,156253,QB,CLEMSON,1,66.7,57,61,10.6,2.88,1,1,1.6,60.7,37,0,25,2.6,63,1,21,140,71.2,70.1,71.6,51.9,0,1,66,0,4.0,87.0,1.6,1,1,1,2,3,1,1.5,363,6.0
4,Jalen Kitna,146688,QB,UAB,1,78.4,51,51,5.4,2.48,0,1,2.0,74.5,38,0,16,5.0,55,2,17,321,39.5,62.5,64.7,56.2,0,1,55,1,18.8,98.8,5.5,3,1,0,0,2,2,3.6,364,7.1
4,Micah Alejado,184162,QB,HAWAII,1,65.1,43,47,9.3,2.6,1,2,4.0,59.6,28,0,17,0.0,58,0,12,180,70.9,44.9,43.1,59.3,1,3,61,0,23.5,51.6,6.9,4,7,0,2,1,4,6.6,219,4.7
4,Malachi Nelson,174203,QB,UTEP,1,61.4,44,46,13.0,2.61,0,6,12.0,47.8,22,0,18,18.5,51,5,15,330,70.0,83.9,84.9,53.1,0,2,55,0,16.7,81.9,5.9,3,2,0,2,3,2,3.6,401,8.7
4,Braylon Braxton,144442,QB,SO MISS,1,70.7,41,46,11.1,2.98,2,3,6.1,60.9,28,0,12,3.4,53,1,19,296,71.7,60.9,64.8,51.3,0,1,56,1,8.3,93.8,1.9,1,6,0,3,2,1,1.8,392,8.5
4,Anthony Colandrea,170131,QB,UNLV,1,75.6,41,43,6.8,2.24,2,1,2.3,67.4,29,0,15,6.5,51,2,19,325,72.5,71.1,64.5,72.5,0,2,53,0,26.7,82.8,7.8,4,4,0,0,2,1,1.9,293,6.8
4,Dylan Raiola,183581,QB,NEBRASKA,1,75.6,41,42,8.1,2.95,0,2,4.5,71.4,30,0,22,3.2,49,1,16,238,69.7,64.6,63.7,,1,1,51,0,31.8,106.1,14.3,7,0,0,0,3,2,3.9,308,7.3
4,Jaylen Raynor,172203,QB,ARK STATE,1,75.7,37,41,7.3,2.92,1,3,6.8,61.0,25,0,17,10.7,45,3,11,113,71.4,53.1,57.5,48.7,1,0,48,0,5.9,92.1,2.2,1,3,0,2,2,3,6.3,226,5.5
4,Katin Houser,158386,QB,E CAROLINA,1,69.2,39,41,11.0,2.34,1,2,4.5,58.5,24,0,12,11.1,45,3,13,156,44.6,44.6,41.4,60.0,0,2,49,0,16.7,59.6,4.4,2,1,0,1,0,5,10.2,286,7.0
4,Zane Flores,174288,QB,OKLA STATE,1,70.0,40,41,9.9,2.8,0,0,0.0,61.0,25,0,14,10.7,48,3,13,262,71.0,66.3,59.5,67.5,0,0,51,0,14.3,74.4,4.2,2,5,1,0,0,1,2.0,212,5.2
4,Athan Kaliakmanis,144971,QB,RUTGERS,1,62.5,40,40,12.1,2.53,0,5,11.9,60.0,24,0,19,4.0,46,1,15,278,71.1,76.2,74.2,66.1,0,1,48,0,15.8,76.0,6.5,3,3,0,0,0,1,2.1,330,8.3
4,Josh Hoover,127148,QB,TCU,1,64.9,37,40,10.0,2.61,1,0,0.0,55.0,22,0,13,8.3,46,2,14,305,70.7,64.9,65.7,57.1,2,1,47,0,15.4,116.6,4.3,2,3,0,0,5,2,4.3,379,9.5
4,CJ Bailey,183349,QB,NC STATE,1,76.3,38,39,5.2,2.6,1,1,2.4,74.4,29,1,13,0.0,41,0,14,248,41.8,46.8,49.5,49.5,0,3,45,1,15.4,88.0,4.9,2,0,0,0,2,3,6.7,364,9.3
4,Sawyer Robertson,146839,QB,BAYLOR,1,75.0,36,39,5.7,2.73,0,0,0.0,64.1,25,0,9,7.4,41,2,11,118,69.3,60.5,59.7,,1,1,44,0,22.2,97.7,4.9,2,0,0,2,3,1,2.3,255,6.5
4,Kevin Jennings,158272,QB,SMU,1,75.0,36,38,10.6,3.06,0,2,5.1,63.2,24,0,15,11.1,44,3,14,287,69.4,65.2,62.3,66.7,0,2,45,0,13.3,90.9,4.5,2,3,0,2,3,2,4.4,290,7.6
4,Jaron-Keawe Sagapolutele,198237,QB,CAL,1,54.1,37,38,12.8,2.82,0,3,7.7,44.7,17,0,17,15.0,41,3,11,130,69.6,60.9,62.2,53.6,0,2,42,0,11.8,40.2,4.9,2,1,0,1,0,3,7.1,208,5.5
4,Devon Dampier,171556,QB,UTAH,1,67.6,37,38,9.1,2.48,1,1,2.4,65.8,25,0,10,0.0,39,0,6,328,43.7,54.5,57.3,52.4,0,2,43,0,10.0,52.6,2.6,1,0,0,0,0,2,4.7,161,4.2
4,John Mateer,158516,QB,OKLAHOMA,1,77.1,35,37,8.2,2.66,0,2,5.0,67.6,25,0,17,7.4,41,2,12,261,43.2,75.5,81.8,53.3,1,0,44,0,5.9,97.6,2.4,1,3,0,1,1,0,0.0,268,7.2
4,Zevi Eckhaus,148535,QB,WASH STATE,1,77.8,36,37,10.9,2.86,0,2,5.1,70.3,26,0,20,7.1,39,2,15,341,27.7,66.2,68.1,56.9,0,2,41,0,10.0,87.6,5.1,2,0,0,1,2,1,2.4,279,7.5
4,Bishop Davenport,163426,QB,S ALABAMA,1,66.7,36,36,6.1,2.57,0,1,2.6,61.1,22,0,12,8.3,40,2,7,288,48.6,39.8,36.2,61.2,0,2,44,0,33.3,52.7,10.0,4,0,0,0,0,3,6.8,197,5.5
4,Drew Mestemaker,190616,QB,N TEXAS,1,76.5,34,36,8.9,2.49,0,1,2.6,72.2,26,0,8,0.0,39,0,13,251,70.0,73.4,75.7,54.6,1,0,41,0,0.0,100.3,0.0,0,3,0,1,1,0,0.0,249,6.9
4,Nick Minicucci,173617,QB,DELAWARE,1,69.7,33,35,9.5,2.53,0,2,5.0,65.7,23,0,9,0.0,37,0,12,151,70.4,69.5,68.1,63.1,0,1,42,0,11.1,99.5,2.7,1,1,0,2,3,2,4.8,218,6.2
4,Ryan Browne,174949,QB,PURDUE,1,80.0,30,35,8.4,2.78,0,2,5.6,60.0,21,0,12,12.5,41,3,14,273,34.0,78.1,77.6,56.2,1,1,43,0,25.0,79.5,7.3,3,3,1,3,1,2,4.7,250,7.1
4,Baylor Hayes,192135,QB,TULSA,1,68.8,32,35,8.5,2.42,2,0,0.0,62.9,22,0,12,0.0,37,0,13,320,35.8,55.1,58.2,51.1,0,0,37,0,0.0,90.1,0.0,0,2,0,1,1,2,5.4,219,6.3
4,Keyone Jenkins,170403,QB,FIU,1,64.7,34,35,8.9,2.98,0,0,0.0,62.9,22,0,16,0.0,43,0,10,166,36.2,47.2,52.4,52.2,0,2,44,2,18.8,64.3,7.0,3,5,1,0,1,3,6.8,203,5.8
4,T.J. Finley,124093,QB,GA STATE,1,70.6,34,34,6.2,2.07,0,1,2.6,61.8,21,0,9,12.5,36,3,7,175,69.5,68.4,66.0,63.3,0,0,41,0,22.2,94.5,5.6,2,0,0,0,2,1,2.4,174,5.1
4,Malik Washington,198729,QB,MARYLAND,1,75.0,32,34,9.9,2.59,2,2,5.9,52.9,18,0,10,25.0,36,6,10,215,69.7,76.4,77.5,57.5,0,0,36,0,10.0,98.3,2.8,1,1,0,0,2,0,0.0,265,7.8
4,Taylen Green,145996,QB,ARKANSAS,1,58.1,31,34,12.7,3.07,0,2,5.7,52.9,18,0,12,0.0,36,0,13,111,72.8,64.8,54.5,75.5,0,2,37,0,8.3,71.3,2.8,1,1,0,3,1,3,8.1,325,9.6
4,Amari Odom,178686,QB,KENNESAW,1,78.8,33,34,7.1,2.89,0,2,5.7,73.5,25,0,11,3.8,44,1,20,200,25.6,77.0,87.1,53.7,0,0,45,0,18.2,110.9,4.5,2,8,0,1,1,2,4.4,308,9.1
4,Kyron Drones,144506,QB,VA TECH,1,90.6,32,33,5.3,2.98,0,0,0.0,81.8,27,0,14,6.9,37,2,17,337,38.1,74.2,81.4,50.9,0,0,39,0,7.1,125.6,2.7,1,3,1,0,2,1,2.6,307,9.3
4,Broc Lowry,173383,QB,W MICHIGAN,1,65.4,26,33,10.2,2.83,0,1,2.9,48.5,16,0,18,5.9,40,1,11,347,45.3,75.2,64.3,77.2,1,1,43,0,22.2,55.5,10.0,4,3,0,6,0,1,2.3,203,6.2
4,Daniel Beale,197861,QB,LA LAFAYET,1,75.0,32,33,9.7,2.44,1,2,5.3,60.6,20,1,9,16.7,35,4,13,207,69.0,64.5,64.7,57.8,0,2,40,1,11.1,56.6,2.9,1,1,0,0,0,1,2.5,232,7.0
4,Maverick McIvor,99476,QB,W KENTUCKY,1,77.4,31,33,8.3,2.11,1,1,3.0,66.7,22,0,12,8.3,35,2,11,346,69.1,70.5,70.0,60.0,0,1,35,0,16.7,72.3,5.7,2,0,0,1,0,1,2.9,216,6.5
4,JC French IV,162521,QB,GA SOUTHRN,1,75.9,29,33,8.2,2.28,0,2,6.1,57.6,19,0,9,13.6,37,3,15,174,69.7,73.4,67.4,74.6,0,1,37,0,0.0,79.5,0.0,0,4,2,2,1,1,2.7,253,7.7
4,Chubba Purdy,122412,QB,NEVADA,1,80.0,25,32,7.5,2.82,3,1,2.7,50.0,16,0,12,20.0,36,4,9,239,72.2,59.0,56.8,62.1,1,2,42,0,0.0,39.2,0.0,0,4,2,1,0,4,9.5,165,5.2
4,Miller Moss,70727,QB,LOUISVILLE,1,80.0,30,32,9.6,2.54,1,0,0.0,71.9,23,0,6,4.2,35,1,11,210,69.0,68.3,67.5,,0,0,40,0,50.0,103.1,8.6,3,0,0,1,0,1,2.5,316,9.9
4,Nicholas Vattiato,145302,QB,MIDDLE TN,1,70.0,30,32,5.4,2.31,1,0,0.0,59.4,19,0,5,9.5,35,2,11,224,35.7,71.1,74.2,54.6,0,1,41,0,40.0,98.3,5.7,2,1,0,1,2,0,0.0,299,9.3
4,Jackson Arnold,173684,QB,AUBURN,1,76.7,30,32,9.7,3.07,0,0,0.0,65.6,21,0,21,8.7,48,2,12,115,71.8,50.1,53.4,53.5,0,0,51,2,47.6,95.8,20.8,10,6,0,2,1,1,2.0,220,6.9
4,Sam Leavitt,175465,QB,ARIZONA ST,1,71.0,31,32,8.2,3.08,0,2,5.6,68.8,22,0,6,0.0,36,0,13,110,73.7,78.6,65.7,80.9,0,0,40,0,16.7,98.6,2.8,1,3,0,1,1,1,2.5,221,6.9
4,Evan Simon,129906,QB,TEMPLE,1,51.9,27,32,8.3,2.77,0,0,0.0,40.6,13,0,17,7.1,40,1,8,306,71.5,45.7,34.8,67.5,1,0,40,0,11.8,62.9,5.0,2,6,0,4,1,1,2.5,127,4.0
4,Tayven Jackson,157615,QB,UCF,1,84.4,32,32,4.9,2.45,0,0,0.0,78.1,25,0,7,7.4,35,2,12,323,72.1,79.0,71.6,74.8,0,0,36,0,14.3,106.1,2.9,1,2,0,0,1,0,0.0,223,7.0
4,Steve Angeli,156966,QB,SYRACUSE,1,70.4,27,31,10.0,2.21,4,3,9.7,58.1,18,0,11,5.3,34,1,10,304,69.1,76.8,75.3,62.7,0,0,34,0,27.3,104.9,8.8,3,0,0,0,2,0,0.0,245,7.9
4,Joe Fagnano,104768,QB,UCONN,1,76.7,30,31,7.2,2.19,0,0,0.0,67.7,21,0,11,8.7,34,2,7,146,70.5,58.5,61.4,51.5,1,0,35,0,0.0,95.5,0.0,0,3,0,0,1,0,0.0,195,6.3
4,Chandler Morris,122938,QB,VIRGINIA,1,76.7,30,31,12.3,3.21,0,3,9.1,74.2,23,0,15,0.0,35,0,15,335,69.3,75.2,79.9,55.5,1,0,37,1,0.0,154.6,0.0,0,4,0,0,4,1,2.7,380,12.3
4,Noah Kim,129623,QB,E MICHIGAN,1,75.0,28,31,8.2,2.73,1,0,0.0,67.7,21,0,11,0.0,33,0,10,160,70.0,52.1,48.8,62.3,0,1,34,0,9.1,86.2,3.0,1,1,0,2,1,1,2.9,226,7.3
4,Brendon Lewis,131687,QB,MEMPHIS,1,61.5,26,31,12.9,3.67,0,0,0.0,48.4,15,0,19,6.3,39,1,13,218,41.5,64.5,50.1,77.9,0,1,42,1,10.5,66.5,5.1,2,6,0,5,1,1,2.4,199,6.4
4,Garrett Nussmeier,146757,QB,LSU,1,87.1,31,31,7.7,2.52,0,4,12.5,80.6,25,0,5,7.4,34,2,17,211,69.6,92.3,91.0,76.7,0,0,35,0,40.0,135.6,5.9,2,1,0,0,3,0,0.0,273,8.8
4,Grayson Loftis,170054,QB,CHARLOTTE,1,59.3,27,31,9.9,2.96,1,0,0.0,48.4,15,0,21,6.3,37,1,9,136,70.3,56.5,57.1,56.0,1,0,41,0,28.6,78.2,16.2,6,0,0,2,1,0,0.0,186,6.0
4,Dante Moore,173983,QB,OREGON,1,78.6,28,31,12.4,2.76,3,5,15.2,67.7,21,0,9,4.5,38,1,18,264,69.1,91.0,91.8,61.3,0,0,41,1,11.1,139.1,2.6,1,6,0,0,4,0,0.0,305,9.8
4,Carson Beck,124010,QB,MIAMI FL,1,70.4,27,30,4.5,2.42,1,0,0.0,56.7,17,0,6,10.5,31,2,10,220,69.9,57.1,55.4,60.0,1,1,33,0,16.7,57.6,3.2,1,0,0,1,0,1,3.0,160,5.3
4,Tucker Gleason,122475,QB,TOLEDO,1,68.0,25,30,6.9,2.91,2,1,3.2,50.0,15,0,16,11.8,34,2,7,316,20.6,42.1,44.5,47.8,0,2,35,0,12.5,28.5,5.9,2,2,0,3,0,4,11.4,89,3.0
4,Gavin Wimsatt,155757,QB,JVILLE ST,1,67.9,28,29,6.6,2.84,0,0,0.0,55.2,16,0,4,15.8,32,3,13,196,29.7,71.0,74.3,54.5,0,0,32,0,0.0,86.7,0.0,0,3,0,1,1,0,0.0,189,6.5
4,Ben Gulbranson,131734,QB,STANFORD,1,74.1,27,29,12.3,2.93,1,3,10.0,69.0,20,0,9,0.0,35,0,10,300,29.9,69.6,72.3,56.9,0,0,36,1,55.6,123.6,14.3,5,1,0,1,2,2,5.6,286,9.9
4,E.J. Warner,156185,QB,FRESNO ST,1,79.3,29,29,7.2,2.41,0,0,0.0,75.9,22,0,11,4.3,35,1,13,169,43.7,68.9,66.2,65.9,0,0,38,0,9.1,109.8,2.9,1,3,0,0,1,1,2.6,230,7.9
4,LaNorris Sellers,174326,QB,S CAROLINA,1,80.0,25,28,15.7,3.22,0,4,12.1,64.3,18,0,19,10.0,35,2,11,289,70.3,77.2,80.5,54.7,2,0,40,0,26.3,124.4,14.3,5,2,0,1,2,1,2.5,302,10.8
4,Kaidon Salter,132046,QB,COLORADO,1,80.0,25,28,12.6,3.78,0,2,6.7,64.3,18,0,10,10.0,34,2,15,143,70.9,82.3,76.7,72.9,0,0,36,0,10.0,136.6,2.9,1,5,0,3,3,0,0.0,304,10.9
4,Jacob Clark,101628,QB,MO STATE,1,77.8,27,28,11.2,2.94,0,3,10.7,71.4,20,0,14,4.8,34,1,18,230,69.1,85.7,87.9,60.2,0,0,35,0,14.3,137.6,5.9,2,4,0,1,3,1,2.9,271,9.7
4,Darian Mensah,169984,QB,DUKE,1,84.6,26,28,11.3,3.29,0,3,9.7,67.9,19,0,13,13.6,32,3,13,154,69.6,90.1,90.2,60.7,0,0,35,0,23.1,134.4,9.4,3,1,0,2,3,0,0.0,269,9.6
4,Beau Pribula,164182,QB,MISSOURI,1,66.7,24,27,8.6,3.06,0,1,3.6,59.3,16,0,13,0.0,33,0,13,229,71.3,64.7,57.2,69.9,0,1,34,0,7.7,74.8,3.0,1,5,0,3,1,1,2.9,171,6.3
4,Trinidad Chambliss,178723,QB,OLE MISS,1,75.0,24,27,11.9,2.85,1,4,13.8,63.0,17,0,7,5.6,30,1,11,226,73.0,90.2,85.1,76.0,1,0,32,0,14.3,126.6,3.3,1,2,0,1,2,0,0.0,307,11.4
4,Nicco Marchiol,157363,QB,W VIRGINIA,1,68.2,22,27,7.4,2.48,2,0,0.0,55.6,15,0,12,0.0,31,0,6,343,69.3,54.2,53.2,59.5,2,1,31,0,25.0,52.4,9.7,3,1,0,1,0,2,6.5,126,4.7
4,Parker Navarro,123758,QB,OHIO,1,66.7,27,27,13.2,3.04,0,2,7.1,66.7,18,0,12,0.0,34,0,17,259,69.7,77.8,72.6,71.8,0,0,36,0,16.7,114.7,5.9,2,5,0,0,1,0,0.0,290,10.7
4,Bryson Barnes,131845,QB,UTAH ST,1,76.9,26,27,12.3,2.8,0,2,7.4,70.4,19,0,10,5.0,33,1,16,329,72.0,89.3,80.7,78.2,1,1,34,0,10.0,127.5,3.0,1,5,0,0,3,1,2.9,293,10.9
4,Owen McCown,157688,QB,UTSA,1,59.1,22,26,7.0,2.51,1,0,0.0,50.0,13,0,9,0.0,28,0,7,331,68.8,46.1,46.0,55.6,1,2,31,0,0.0,51.9,0.0,0,1,0,2,1,2,6.5,171,6.6
4,Tad Hudson,170107,QB,COAST CAR,1,72.7,22,26,7.3,2.84,0,0,0.0,50.0,13,0,10,18.8,28,3,7,141,70.3,61.8,64.0,58.8,1,0,32,2,0.0,87.3,0.0,0,2,0,3,2,0,0.0,112,4.3
4,Jayden Maiava,158135,QB,USC,1,87.0,23,26,7.0,2.81,2,1,3.7,76.9,20,0,4,0.0,27,0,13,326,69.7,86.5,82.0,70.3,0,0,28,0,0.0,142.1,0.0,0,1,0,1,3,0,0.0,234,9.0
4,Hunter Watson,183993,QB,SM HOUSTON,1,64.0,25,25,6.9,2.84,0,0,0.0,52.0,13,0,13,18.8,37,3,5,281,21.6,35.1,38.7,47.1,0,1,37,2,38.5,43.1,13.5,5,7,0,0,0,1,2.7,86,3.4
4,Alonza Barnett III,156710,QB,JAMES MAD,1,77.3,22,25,9.1,2.16,1,2,7.4,68.0,17,0,3,0.0,25,0,10,197,71.0,66.4,55.7,76.1,1,1,27,0,0.0,90.9,0.0,0,0,0,1,1,1,3.7,213,8.5
4,Kiael Kelly,145634,QB,BALL ST,1,80.0,25,25,6.3,3.06,0,1,3.8,72.0,18,0,11,10.0,32,2,12,117,71.4,75.5,60.7,74.2,0,1,33,0,36.4,95.1,12.5,4,3,0,0,1,1,3.0,218,8.7
4,Brayden Fowler-Nicolosi,157207,QB,COLO STATE,1,76.2,21,25,8.0,3.06,1,1,4.0,56.0,14,0,12,12.5,30,2,7,144,68.8,45.0,46.1,53.1,1,0,30,0,33.3,78.1,13.3,4,1,0,2,0,1,3.3,176,7.0
4,Bear Bachmeier,203434,QB,BYU,1,76.0,25,25,11.0,2.25,0,0,0.0,72.0,18,0,2,5.3,26,1,10,128,70.1,82.4,78.6,72.3,0,0,28,0,50.0,116.4,3.8,1,0,0,0,1,1,3.6,246,9.8
4,Kaden Anderson,127312,QB,WYOMING,1,62.5,24,25,9.3,2.51,1,2,6.9,44.0,11,0,5,26.7,27,4,8,351,69.9,59.3,56.3,68.8,0,0,32,1,40.0,94.8,7.4,2,0,0,0,2,2,6.3,176,7.0
4,Diego Pavia,156927,QB,VANDERBILT,1,90.9,22,24,7.3,2.7,1,1,3.8,75.0,18,0,6,10.0,30,2,14,333,70.8,86.6,80.8,73.9,0,0,32,0,0.0,121.0,0.0,0,4,0,1,1,0,0.0,245,10.2
4,Tucker Kilcrease,156863,QB,TROY,1,69.6,23,24,14.9,2.82,0,3,12.0,58.3,14,0,11,12.5,33,2,8,318,37.7,68.8,63.7,67.6,0,0,34,0,36.4,90.3,12.1,4,5,0,1,1,2,5.9,148,6.2
4,Jalon Daniels,122555,QB,KANSAS,1,65.2,23,24,9.7,2.86,0,0,0.0,50.0,12,0,9,20.0,26,3,8,198,70.0,64.2,50.2,79.8,0,0,26,0,0.0,107.3,0.0,0,2,0,1,3,1,3.8,138,5.8
4,DJ Lagway,184426,QB,FLORIDA,1,78.9,19,23,3.7,2.96,0,0,0.0,52.2,12,0,16,20.0,29,3,2,163,69.2,57.7,53.5,65.2,2,0,29,0,31.3,58.1,17.2,5,1,0,2,0,0,0.0,61,2.7
4,Ben Finley,122864,QB,AKRON,1,69.6,23,23,12.9,3.0,0,2,8.3,56.5,13,0,5,18.8,24,3,11,102,68.3,73.1,72.9,60.2,0,1,25,0,0.0,99.7,0.0,0,1,0,0,2,2,8.0,219,9.5
4,Maddux Madsen,163379,QB,BOISE ST,1,60.9,23,23,8.0,2.57,0,0,0.0,56.5,13,0,8,7.1,23,1,10,120,69.1,65.4,64.3,60.1,0,1,27,0,0.0,109.9,0.0,0,0,0,0,2,0,0.0,275,12.0
4,Fernando Mendoza,158323,QB,INDIANA,1,91.3,23,23,6.4,2.26,0,1,4.3,91.3,21,0,9,0.0,27,0,15,190,69.6,84.2,84.0,64.6,0,0,27,0,22.2,154.6,7.4,2,2,0,0,5,0,0.0,267,11.6
4,Josh Holst,171312,QB,N ILLINOIS,1,63.6,22,23,9.8,2.5,0,1,4.3,60.9,14,0,9,0.0,26,0,8,254,68.4,59.7,54.8,66.6,1,1,26,0,0.0,73.6,0.0,0,3,0,0,1,1,3.8,135,5.9
4,Luke Altmyer,146802,QB,ILLINOIS,1,70.0,20,22,10.3,2.85,1,0,0.0,63.6,14,0,15,0.0,30,0,6,187,68.8,40.0,38.1,61.1,0,0,31,0,46.7,97.9,23.3,7,1,0,1,1,2,6.5,146,6.6
4,Bryce Underwood,198795,QB,MICHIGAN,1,71.4,21,22,5.9,2.42,1,0,0.0,54.5,12,0,4,20.0,25,3,7,222,30.5,54.9,62.1,49.7,0,0,25,0,25.0,67.4,4.0,1,2,0,0,0,1,4.0,105,4.8
4,Danny O'Neil,184200,QB,WISCONSIN,1,73.7,19,22,6.7,3.48,0,0,0.0,63.6,14,0,18,0.0,31,0,5,349,72.0,39.4,33.7,58.1,1,1,33,0,33.3,58.9,19.4,6,3,0,2,0,2,6.1,120,5.5
4,Joey Aguilar,174978,QB,TENNESSEE,1,77.3,22,22,12.2,2.67,0,1,3.8,68.2,15,0,2,11.8,23,2,10,307,28.3,67.3,71.6,49.7,0,1,27,0,0.0,120.8,0.0,0,1,0,0,3,0,0.0,218,9.9
4,Drew Pyne,122910,QB,BOWL GREEN,1,68.4,19,22,6.1,2.63,3,0,0.0,50.0,11,0,10,15.4,24,2,7,122,67.6,52.1,49.8,61.6,0,2,24,0,0.0,45.8,0.0,0,2,0,0,1,2,8.3,131,6.0
4,Carlos Del Rio-Wilson,146687,QB,MARSHALL,1,85.7,21,22,6.9,2.01,1,1,4.2,81.8,18,0,4,0.0,24,0,12,214,73.3,70.2,67.3,65.2,0,0,26,0,25.0,155.7,4.2,1,1,0,0,4,1,3.8,261,11.9
4,Walker Eget,146170,QB,S JOSE ST,1,70.0,20,21,19.4,2.79,0,4,18.2,61.9,13,0,6,7.1,22,1,6,285,57.3,84.2,83.5,,0,0,23,0,16.7,113.6,4.5,1,0,0,1,1,1,4.3,222,10.6
4,Arch Manning,173162,QB,TEXAS,1,90.0,20,21,10.1,2.55,1,2,9.1,85.7,18,0,6,0.0,22,0,10,311,69.9,94.3,93.9,72.1,0,0,24,0,16.7,158.3,4.5,1,0,0,0,3,0,0.0,309,14.7
4,Aidan Chiles,173727,QB,MICH STATE,1,66.7,18,21,10.2,3.52,0,2,8.0,57.1,12,0,12,0.0,27,0,7,223,30.1,63.3,66.7,66.2,0,0,31,0,16.7,131.3,7.4,2,4,0,3,3,0,0.0,212,10.1
4,Blake Shapen,122282,QB,MISS STATE,1,76.5,17,20,14.6,3.2,1,2,9.5,60.0,12,0,9,7.7,28,1,9,227,69.7,70.9,73.0,59.6,0,0,29,0,22.2,102.1,7.1,2,6,0,2,1,0,0.0,160,8.0
4,Byrum Brown,156206,QB,USF,1,84.2,19,20,11.8,2.74,0,2,9.1,70.0,14,0,3,12.5,21,2,9,327,68.1,91.3,91.3,62.3,1,1,23,0,0.0,128.3,0.0,0,1,0,0,4,0,0.0,236,11.8
4,Maalik Murphy,157302,QB,OREGON ST,1,60.0,15,20,13.9,2.57,3,0,0.0,30.0,6,0,7,33.3,20,3,4,265,67.9,66.7,64.1,62.4,0,0,21,0,0.0,42.5,0.0,0,0,0,2,0,1,4.8,74,3.7
4,Blake Baker,170448,QB,LA TECH,1,89.5,19,20,8.1,2.23,1,2,9.1,75.0,15,0,5,11.8,21,2,9,208,73.9,86.5,88.4,65.8,0,0,23,0,20.0,114.2,4.8,1,0,0,0,0,0,0.0,238,11.9
4,Brad Jackson,184354,QB,TEXAS ST,1,68.4,19,20,14.8,2.89,0,2,9.5,65.0,13,0,3,0.0,26,0,10,314,69.6,74.4,76.7,60.4,0,0,27,0,0.0,93.8,0.0,0,5,0,1,0,0,0.0,180,9.0
4,Behren Morton,144747,QB,TEXAS TECH,1,72.2,18,19,5.7,2.74,0,0,0.0,63.2,12,0,10,7.7,22,1,5,315,68.7,65.1,65.7,59.0,0,2,23,0,10.0,46.3,4.5,1,2,0,1,0,1,4.3,142,7.5
4,Demond Williams Jr.,183648,QB,WASHINGTON,1,88.9,18,19,11.2,3.34,0,1,5.3,84.2,16,0,13,0.0,27,0,14,340,71.0,90.9,87.2,76.6,0,0,27,0,23.1,158.3,11.1,3,5,0,1,4,0,0.0,298,15.7
4,Dru DeShields,176094,QB,KENT STATE,1,64.7,17,19,10.0,2.57,0,1,5.0,47.4,9,0,5,18.2,20,2,4,201,67.2,62.5,62.3,60.0,1,1,21,1,20.0,65.5,5.0,1,0,0,1,1,1,4.8,129,6.8
4,Max Johnson,124099,QB,N CAROLINA,1,75.0,16,19,3.8,2.66,0,0,0.0,57.9,11,0,5,8.3,19,1,4,245,67.4,66.0,65.4,,1,0,22,0,0.0,82.6,0.0,0,0,0,2,1,0,0.0,67,3.5
4,Henry Hesson,145798,QB,MIAMI OH,1,53.3,15,18,10.2,2.31,1,1,5.6,44.4,8,0,4,0.0,18,0,6,221,66.8,66.6,65.9,,0,0,18,0,0.0,88.7,0.0,0,0,1,1,1,0,0.0,134,7.4
4,Mark Gronowski,138303,QB,IOWA,1,86.7,15,18,10.7,3.4,1,2,10.0,66.7,12,0,7,7.7,22,1,10,192,72.9,90.3,82.0,78.4,0,0,24,0,28.6,100.7,9.1,2,2,0,2,0,1,4.2,186,10.3
4,Liam Szarka,197814,QB,AIR FORCE,1,76.5,17,18,13.6,3.02,0,2,11.1,72.2,13,0,12,0.0,19,0,10,101,75.8,90.5,86.4,75.9,0,1,19,0,8.3,128.2,5.3,1,0,0,1,2,2,10.5,246,13.7
4,Haynes King,124329,QB,GA TECH,1,88.2,17,18,9.0,2.85,0,2,10.5,72.2,13,0,6,13.3,22,2,6,176,18.7,52.5,70.6,36.3,0,0,23,0,33.3,136.6,9.1,2,2,0,1,2,0,0.0,161,8.9
4,Jayden Denegal,158533,QB,S DIEGO ST,1,94.1,17,18,3.6,2.46,1,0,0.0,83.3,15,0,2,6.3,20,1,8,284,37.7,62.3,59.5,62.6,0,0,23,0,50.0,127.8,5.0,1,1,0,0,1,0,0.0,184,10.2
4,Jake Retzlaff,70874,QB,TULANE,1,50.0,14,17,8.4,3.3,0,0,0.0,29.4,5,0,9,28.6,20,2,6,319,69.7,73.6,66.7,71.5,0,0,20,0,0.0,40.8,0.0,0,3,0,3,0,0,0.0,56,3.3
4,Will Hammond,184898,QB,TEXAS TECH,1,93.8,16,16,11.9,2.46,0,3,18.8,81.3,13,0,4,13.3,17,2,8,315,71.2,96.0,96.0,75.0,0,0,17,0,0.0,150.3,0.0,0,1,0,0,2,0,0.0,169,10.6
4,Ta'Quan Roberson,101625,QB,BUFFALO,1,76.9,13,15,15.0,2.89,0,2,13.3,60.0,9,0,3,10.0,15,1,5,126,68.8,79.1,82.7,58.1,0,0,15,0,0.0,81.0,0.0,0,0,0,2,0,0,0.0,104,6.9
4,Cameran Brown,184894,QB,GA STATE,1,100.0,10,14,2.7,2.74,0,0,0.0,64.3,9,0,9,10.0,14,1,4,175,68.0,75.0,78.2,57.2,2,0,14,1,0.0,103.9,0.0,0,0,0,2,1,0,0.0,82,5.9
4,Joe Labas,144847,QB,C MICHIGAN,1,85.7,14,14,9.1,2.76,0,2,14.3,85.7,12,0,5,0.0,15,0,9,134,66.4,82.1,85.7,57.3,0,0,15,0,0.0,158.3,0.0,0,1,0,0,3,0,0.0,241,17.2
4,Gio Lopez,172309,QB,N CAROLINA,1,78.6,14,14,4.1,2.87,0,1,6.7,78.6,11,0,10,0.0,18,0,6,245,69.1,68.4,65.9,64.1,0,2,19,0,20.0,53.0,11.1,2,2,0,0,0,0,0.0,87,6.2
4,Conner Harrell,156352,QB,CHARLOTTE,1,69.2,13,13,9.3,2.41,0,0,0.0,61.5,8,0,2,11.1,13,1,3,136,68.9,72.3,68.5,67.4,0,0,17,0,0.0,76.8,0.0,0,0,0,0,0,0,0.0,73,5.6
4,Gunnar Gray,171202,QB,BUFFALO,1,46.2,13,13,13.4,2.32,0,0,0.0,38.5,5,0,3,16.7,13,1,2,126,66.0,57.4,56.4,,0,0,13,0,0.0,49.8,0.0,0,0,0,0,0,0,0.0,49,3.8
4,Tommy Castellanos,158433,QB,FLORIDA ST,1,83.3,12,13,17.8,2.93,1,1,7.7,76.9,10,0,2,0.0,15,0,7,167,70.0,79.7,75.4,69.3,0,1,15,0,0.0,86.2,0.0,0,2,0,0,0,1,6.7,205,15.8
4,Jackson Brousseau,173480,QB,COLO STATE,1,90.9,11,13,3.8,2.34,0,0,0.0,76.9,10,0,2,0.0,14,0,6,144,66.4,72.9,69.2,64.2,0,0,15,0,0.0,116.8,0.0,0,1,1,1,1,0,0.0,78,6.0
4,Dewayne Coleman,163179,QB,ARMY,1,66.7,9,12,11.2,2.98,0,0,0.0,50.0,6,0,6,0.0,13,0,3,114,76.5,79.4,57.8,77.4,0,0,13,0,0.0,118.4,0.0,0,1,1,2,2,0,0.0,101,8.4
4,Dequan Finn,97804,QB,MIAMI OH,1,80.0,10,12,12.9,3.13,0,1,8.3,58.3,7,0,5,12.5,12,1,5,221,69.3,68.2,62.7,67.2,0,1,12,0,0.0,101.0,0.0,0,0,0,2,2,1,8.3,131,10.9
4,Michael Van Buren Jr.,184764,QB,LSU,1,83.3,12,12,7.9,2.31,0,1,8.3,83.3,10,0,3,0.0,14,0,7,211,23.2,67.5,77.2,51.8,0,0,15,0,0.0,136.8,0.0,0,2,0,0,1,1,6.7,122,10.2
4,Aidan Armenta,175731,QB,LA MONROE,1,70.0,10,12,14.6,2.56,1,2,14.3,50.0,6,0,3,14.3,14,1,4,209,70.1,78.9,84.5,67.1,0,0,16,2,0.0,120.8,0.0,0,0,0,1,2,0,0.0,108,9.0
4,Brendan Sullivan,145034,QB,TULANE,1,60.0,10,12,13.3,2.99,0,2,14.3,41.7,5,0,7,16.7,13,1,3,319,69.4,59.9,67.9,50.8,1,1,15,0,0.0,46.5,0.0,0,1,0,1,1,1,6.7,48,4.0
4,CJ Carr,184093,QB,NOTRE DAME,1,83.3,12,12,13.6,3.65,0,2,16.7,83.3,10,0,4,0.0,14,0,10,258,26.8,91.6,91.3,65.3,0,0,14,0,25.0,158.3,7.1,1,1,0,0,2,0,0.0,223,18.6
4,Chase Jenkins,173242,QB,RICE,1,72.7,11,11,10.8,2.38,0,2,16.7,72.7,8,0,5,0.0,12,0,6,275,72.1,84.3,74.9,75.2,0,0,13,0,20.0,125.9,8.3,1,0,0,0,1,0,0.0,87,7.9
4,Ui Ale,173036,QB,TROY,1,70.0,10,11,11.5,2.64,0,0,0.0,45.5,5,0,4,28.6,16,2,4,318,67.5,62.2,57.3,66.8,0,0,17,0,75.0,60.4,18.8,3,2,1,0,0,0,0.0,54,4.9
4,Ethan Vasko,163817,QB,LIBERTY,1,44.4,9,10,11.7,3.12,0,0,0.0,40.0,4,0,6,0.0,15,0,5,206,70.6,56.0,41.9,67.1,0,0,15,0,16.7,50.8,6.7,1,4,0,1,0,1,6.7,37,3.7
4,Nolan Good,198637,QB,KENT STATE,1,50.0,8,9,5.1,2.84,1,0,0.0,44.4,4,0,2,0.0,11,0,2,201,65.6,45.8,47.0,57.3,0,0,11,0,50.0,54.9,9.1,1,1,0,0,0,0,0.0,34,3.8
4,Hunter Simmons,148254,QB,WISCONSIN,1,87.5,8,9,8.5,3.22,0,1,11.1,77.8,7,0,4,0.0,9,0,4,349,65.1,62.6,62.3,,0,0,9,0,0.0,136.1,0.0,0,0,0,1,1,1,11.1,70,7.8
4,Kenny Minchey,171091,QB,NOTRE DAME,1,87.5,8,8,8.9,2.92,0,0,0.0,87.5,7,0,4,0.0,9,0,3,258,68.3,74.2,77.4,58.2,0,0,9,0,0.0,96.9,0.0,0,1,0,0,0,0,0.0,58,7.3
4,Jake Merklinger,184888,QB,TENNESSEE,1,71.4,7,8,12.1,4.0,0,1,12.5,37.5,3,0,4,40.0,10,2,2,307,66.5,66.5,70.2,55.7,0,0,10,0,25.0,63.0,10.0,1,1,0,1,0,0,0.0,57,7.1
4,Rickie Collins,172474,QB,SYRACUSE,1,62.5,8,8,6.6,2.01,0,0,0.0,37.5,3,0,5,40.0,9,2,3,304,68.3,52.8,52.0,58.5,0,0,9,0,20.0,90.6,11.1,1,0,0,0,1,1,11.1,34,4.3
4,Matthew Caldwell,150302,QB,TEXAS,1,66.7,6,6,12.2,2.03,0,0,0.0,66.7,4,0,1,0.0,6,0,3,311,65.7,79.3,68.3,68.9,0,0,6,0,0.0,76.4,0.0,0,0,0,0,0,0,0.0,27,4.5
4,Gaston Moore,123756,QB,USF,1,80.0,5,6,0.4,2.76,0,0,0.0,66.7,4,0,1,0.0,7,0,2,327,65.9,64.5,59.5,63.9,1,0,7,0,0.0,70.1,0.0,0,1,0,0,0,0,0.0,16,2.7
4,Michael Merdinger,183334,QB,LIBERTY,1,33.3,6,6,9.7,3.76,0,0,0.0,33.3,2,0,6,0.0,10,0,3,206,65.4,45.5,35.4,65.5,0,0,10,0,16.7,44.4,10.0,1,3,0,0,0,1,10.0,21,3.5
4,Brock Glenn,170335,QB,FLORIDA ST,1,50.0,4,5,6.5,2.47,1,0,0.0,40.0,2,0,1,0.0,6,0,2,167,65.9,57.2,46.2,67.1,0,0,7,0,0.0,87.5,0.0,0,1,0,0,1,0,0.0,8,1.6
4,Blaze Berlowitz,171066,QB,VANDERBILT,1,60.0,5,5,10.4,2.84,0,1,20.0,40.0,2,0,4,33.3,7,1,3,333,67.1,71.3,62.9,68.4,0,0,7,0,0.0,65.4,0.0,0,2,0,0,0,0,0.0,36,7.2
4,Gevani McCoy,147609,QB,TEMPLE,1,80.0,5,5,3.4,2.55,0,0,0.0,80.0,4,0,0,0.0,6,0,3,306,17.8,42.7,62.6,37.8,0,0,8,0,,120.4,0.0,0,1,0,0,1,0,0.0,17,3.4
4,Kevin Sperry,198436,QB,FLORIDA ST,1,80.0,5,5,8.2,2.48,0,0,0.0,80.0,4,0,2,0.0,6,0,3,167,64.2,63.4,62.6,,0,0,6,0,50.0,118.8,16.7,1,0,0,0,0,0,0.0,64,12.8
4,Michael Johnson Jr.,97796,QB,AKRON,1,0.0,3,5,9.7,3.02,2,0,0.0,0.0,0,0,2,,6,0,1,102,67.0,61.4,45.1,70.9,0,0,6,0,0.0,39.6,0.0,0,1,0,0,0,0,0.0,0,0.0
4,Ethan Houck,198664,QB,LIBERTY,1,25.0,4,5,18.3,2.63,1,1,20.0,20.0,1,0,1,0.0,6,0,1,206,68.9,55.6,39.5,70.8,0,0,6,0,100.0,41.3,16.7,1,0,0,0,0,1,16.7,17,3.4
4,Shay Smith,188323,QB,UTEP,1,25.0,4,4,15.0,2.85,0,0,0.0,25.0,1,0,1,0.0,4,0,0,330,69.7,26.4,23.2,58.6,0,0,5,0,0.0,39.6,0.0,0,0,0,0,0,2,40.0,5,1.3
4,Cole Feuerbacher,171447,QB,MO STATE,1,75.0,4,4,12.8,2.78,0,0,0.0,50.0,2,0,0,33.3,4,1,0,230,13.0,43.6,56.2,53.9,0,0,4,0,,60.4,0.0,0,0,0,0,0,0,0.0,16,4.0
4,Brayden Roggow,184145,QB,AKRON,1,100.0,3,4,0.7,2.75,0,0,0.0,75.0,3,0,1,0.0,4,0,2,102,67.8,69.0,60.5,66.7,0,0,4,0,0.0,95.8,0.0,0,0,0,1,0,0,0.0,30,7.5
4,Jaylen Henderson,146054,QB,W VIRGINIA,1,50.0,4,4,13.8,2.93,0,0,0.0,50.0,2,0,2,0.0,4,0,0,343,71.1,74.8,51.6,75.3,0,0,4,0,0.0,60.4,0.0,0,0,0,0,0,0,0.0,16,4.0
4,Malachi Singleton,172426,QB,PURDUE,1,75.0,4,4,12.8,3.4,0,1,20.0,75.0,3,0,2,0.0,5,0,3,273,68.9,62.9,48.1,70.2,0,1,6,0,0.0,105.2,0.0,0,1,0,0,1,1,16.7,39,9.8
4,Max Cutforth,176220,QB,BOISE ST,1,100.0,3,4,11.0,3.08,1,0,0.0,75.0,3,0,0,0.0,4,0,2,120,63.8,73.1,72.6,,0,0,5,0,,100.0,0.0,0,0,0,0,0,0,0.0,34,8.5
4,Cade Cunningham,145264,QB,JVILLE ST,1,66.7,3,3,6.3,2.5,0,0,0.0,33.3,1,0,1,50.0,3,1,0,196,62.7,68.6,68.1,,0,0,3,0,0.0,42.4,0.0,0,0,0,0,0,0,0.0,-1,-0.3
4,Ethan Lane,171235,QB,C MICHIGAN,1,66.7,3,3,0.3,1.83,0,0,0.0,33.3,1,0,0,50.0,3,1,0,134,64.8,52.3,49.5,60.0,0,0,3,0,,42.4,0.0,0,0,0,0,0,0,0.0,8,2.7
4,Whit Muschamp,188521,QB,VANDERBILT,1,100.0,3,3,2.7,2.0,0,0,0.0,66.7,2,0,0,33.3,3,1,1,333,66.4,66.0,58.8,64.7,0,0,3,0,,109.7,0.0,0,0,0,0,0,0,0.0,40,13.3
4,Devin Brown,156479,QB,CAL,1,33.3,3,3,10.3,4.54,0,0,0.0,33.3,1,0,3,0.0,5,0,1,130,63.8,48.8,47.8,,0,0,5,0,66.7,52.1,40.0,2,0,0,0,0,0,0.0,16,5.3
4,Ethan Hampton,145858,QB,ILLINOIS,1,66.7,3,3,8.7,1.87,0,0,0.0,66.7,2,0,1,0.0,3,0,0,187,62.7,50.1,49.9,,0,1,3,0,0.0,36.1,0.0,0,0,0,0,0,0,0.0,13,4.3
4,Billy Edwards Jr.,144185,QB,WISCONSIN,1,50.0,2,3,4.5,3.03,0,0,0.0,33.3,1,0,1,0.0,3,0,1,349,62.7,46.3,45.9,,0,0,3,0,0.0,81.9,0.0,0,0,0,1,0,0,0.0,45,15.0
4,Cale Hellums,170981,QB,ARMY,1,0.0,2,2,13.5,2.95,0,0,0.0,0.0,0,0,1,,4,0,0,114,22.1,27.3,26.1,46.5,0,1,4,0,100.0,0.0,25.0,1,1,0,0,0,1,25.0,0,0.0
4,Caden Creel,170414,QB,JVILLE ST,1,100.0,2,2,-2.0,1.95,0,0,0.0,100.0,2,0,0,0.0,2,0,1,196,73.9,81.6,62.7,73.6,0,0,2,0,,95.8,0.0,0,0,0,0,0,0,0.0,14,7.0
4,Josh Johnson,186429,QB,AIR FORCE,1,100.0,1,2,3.0,2.05,1,0,0.0,0.0,0,0,0,100.0,2,1,0,101,66.4,54.1,54.6,58.6,0,0,3,0,,39.6,0.0,0,0,0,0,0,0,0.0,0,0.0
4,Lunch Winfield,176367,QB,LA LAFAYET,1,50.0,2,2,5.0,1.8,0,0,0.0,50.0,1,0,0,0.0,2,0,0,207,64.4,37.6,48.3,57.5,0,0,2,1,,56.3,0.0,0,0,0,0,0,0,0.0,5,2.5
4,Keldric Luster,175287,QB,TEXAS ST,1,50.0,2,2,9.0,2.65,0,0,0.0,50.0,1,0,0,0.0,2,0,1,314,64.4,63.7,67.7,58.2,0,0,2,0,,72.9,0.0,0,0,0,0,0,0,0.0,14,7.0
4,Cole Ballard,173062,QB,KANSAS,1,50.0,2,2,10.0,1.65,0,0,0.0,50.0,1,0,0,0.0,2,0,1,198,66.2,69.7,61.2,65.5,0,0,2,0,,60.4,0.0,0,0,0,0,0,0,0.0,8,4.0
4,Gabarri Johnson,175905,QB,OREGON ST,1,100.0,2,2,1.0,2.7,0,0,0.0,50.0,1,0,1,50.0,2,1,0,265,10.2,29.4,62.7,43.4,0,0,2,0,0.0,56.3,0.0,0,0,0,0,0,0,0.0,6,3.0
4,Drew Dickey,163710,QB,VANDERBILT,1,50.0,2,2,21.5,3.1,0,1,50.0,50.0,1,0,0,0.0,2,0,1,333,67.6,86.6,82.1,68.0,0,0,2,0,,95.8,0.0,0,0,0,0,0,0,0.0,28,14.0
4,Brady Davidson,199832,QB,N ILLINOIS,1,50.0,2,2,15.5,3.3,0,0,0.0,50.0,1,0,1,0.0,3,0,0,254,63.3,58.7,58.6,,0,0,4,0,100.0,58.3,33.3,1,0,0,0,0,0,0.0,7,3.5
4,Omari Kelly,157048,WR,MICH STATE,1,50.0,2,2,5.0,3.4,0,0,0.0,50.0,1,0,2,0.0,2,0,1,223,68.2,80.6,65.8,,0,0,2,0,0.0,70.8,0.0,0,0,0,0,0,0,0.0,13,6.5
4,Karle Lacey Jr.,208850,QB,TEXAS,1,100.0,1,1,7.0,2.0,0,0,0.0,100.0,1,0,0,0.0,1,0,0,311,60.3,62.2,61.6,,0,0,1,0,,95.8,0.0,0,0,0,0,0,0,0.0,7,7.0
4,Dalen Cobb,158341,WR,GA SOUTHRN,1,100.0,1,1,33.0,3.1,0,0,0.0,100.0,1,0,0,0.0,1,0,1,174,68.9,57.8,75.7,64.3,0,0,1,0,,118.8,0.0,0,0,0,0,0,0,0.0,44,44.0
4,Parker Kingston,163251,WR,BYU,1,0.0,1,1,37.0,4.8,0,0,0.0,0.0,0,0,0,,1,0,0,128,67.2,65.0,58.1,63.4,0,0,1,0,,39.6,0.0,0,0,0,0,0,0,0.0,0,0.0
4,Tyrell Henry,158385,WR,WISCONSIN,1,0.0,1,1,22.0,3.1,0,0,0.0,0.0,0,0,0,,1,0,0,349,73.5,52.0,50.8,,0,0,1,0,,39.6,0.0,0,0,0,0,0,0,0.0,0,0.0
4,William Watson III,174771,QB,VA TECH,1,0.0,1,1,16.0,3.5,0,0,0.0,0.0,0,0,1,,2,0,0,337,67.6,62.2,47.3,67.5,0,0,2,0,0.0,39.6,0.0,0,1,0,0,0,0,0.0,0,0.0
4,CJ Smith,157076,WR,MEMPHIS,1,0.0,1,1,23.0,2.9,0,0,0.0,0.0,0,0,1,,1,0,0,218,60.3,40.5,37.5,,0,1,1,0,0.0,0.0,0.0,0,0,0,0,0,1,100.0,0,0.0
4,Ryder Burton,175011,QB,UAB,1,100.0,1,1,9.0,2.5,0,0,0.0,100.0,1,0,0,0.0,1,0,0,321,63.7,56.0,60.9,57.7,0,0,1,0,,95.8,0.0,0,0,0,0,0,0,0.0,7,7.0
4,Sam Jackson V,144682,QB,OKLA STATE,1,100.0,1,1,-9.0,3.1,0,0,0.0,100.0,1,0,1,0.0,1,0,0,262,63.7,70.4,60.4,,0,0,1,0,0.0,83.3,0.0,0,0,0,0,0,0,0.0,4,4.0
4,Qian Magwood,130339,WR,BALL ST,1,100.0,1,1,12.0,3.1,0,0,0.0,100.0,1,0,0,0.0,1,0,1,117,63.7,63.3,75.4,,0,0,1,0,,158.3,0.0,0,0,0,0,1,0,0.0,19,19.0
4,Turner Helton,163044,QB,GA SOUTHRN,1,100.0,1,1,-1.0,1.5,0,0,0.0,100.0,1,0,0,0.0,1,0,0,174,60.3,61.6,61.0,,0,0,1,0,,79.2,0.0,0,0,0,0,0,0,0.0,1,1.0
4,Devin Mockobee,145111,HB,PURDUE,1,100.0,1,1,-2.0,2.8,0,0,0.0,100.0,1,0,0,0.0,1,0,1,273,74.3,62.5,60.4,57.7,0,0,1,0,,158.3,0.0,0,0,0,0,1,0,0.0,14,14.0
4,Daniel Kaelin,183565,QB,VIRGINIA,1,100.0,1,1,11.0,2.6,0,0,0.0,100.0,1,0,0,0.0,1,0,1,335,65.9,74.8,74.3,60.1,0,0,1,0,,122.9,0.0,0,0,0,0,1,0,0.0,4,4.0
4,Hunter Herring,147138,QB,LA MONROE,1,100.0,1,1,4.0,2.6,0,0,0.0,100.0,1,0,1,0.0,1,0,1,209,17.2,51.7,60.6,53.7,0,0,1,1,0.0,118.8,0.0,0,0,0,0,0,0,0.0,13,13.0
4,Jaylen King,170801,QB,FLORIDA ST,1,,0,1,,3.2,0,0,0.0,0.0,0,0,0,,1,0,0,167,67.5,70.7,60.0,67.6,0,0,1,0,,39.6,0.0,0,0,0,1,0,0,0.0,0,0.0
4,Carter Holden,188279,K,MIAMI OH,1,0.0,1,1,6.0,2.3,0,0,0.0,0.0,0,0,1,,1,0,0,221,60.3,61.6,60.9,,0,1,1,0,0.0,0.0,0.0,0,0,0,0,0,0,0.0,0,0.0
4,Deuce Adams,190581,QB,LOUISVILLE,1,100.0,1,1,-4.0,3.0,0,0,0.0,100.0,1,0,0,0.0,1,0,0,210,60.3,56.1,60.6,59.7,0,0,1,0,,79.2,0.0,0,0,0,0,0,0,0.0,-3,-3.0
4,Drew Devillier,190639,QB,RICE,1,100.0,1,1,11.0,2.5,0,0,0.0,100.0,1,0,0,0.0,1,0,1,275,60.3,75.4,74.3,,0,0,1,0,,112.5,0.0,0,0,0,0,0,0,0.0,11,11.0
4,AJ Jones,158729,WR,MIDDLE TN,1,0.0,1,1,37.0,3.4,0,0,0.0,0.0,0,0,0,,1,0,0,224,62.4,44.7,37.0,,0,0,1,0,,39.6,0.0,0,0,0,0,0,1,100.0,0,0.0
4,Eric Singleton Jr.,170078,WR,AUBURN,1,0.0,1,1,37.0,3.1,0,0,0.0,0.0,0,0,1,,1,0,0,115,67.6,63.1,51.3,,0,0,1,0,0.0,39.6,0.0,0,0,0,0,0,0,0.0,0,0.0
4,Jacob Conover,70963,QB,UTAH ST,1,,0,1,,2.7,0,0,0.0,0.0,0,0,0,,1,0,0,329,67.5,68.3,60.0,65.3,0,0,1,0,,39.6,0.0,0,0,0,1,0,0,0.0,0,0.0
4,Weston Bryan,207846,QB,GA SOUTHRN,1,100.0,1,1,31.0,2.4,0,1,100.0,0.0,0,0,0,100.0,1,1,0,174,68.7,83.1,87.4,62.9,0,0,1,0,,39.6,0.0,0,0,0,0,0,0,0.0,0,0.0
4,Angel Flores,164493,QB,C MICHIGAN,1,100.0,1,1,12.0,2.2,0,0,0.0,100.0,1,0,0,0.0,1,0,1,134,73.0,90.5,72.6,77.8,0,0,1,0,,158.3,0.0,0,0,0,0,1,0,0.0,22,22.0
4,RaRa Thomas,146850,WR,TROY,1,0.0,1,1,27.0,4.7,0,0,0.0,0.0,0,0,1,,1,0,0,318,65.9,58.3,24.4,,0,1,1,0,0.0,0.0,0.0,0,0,0,0,0,1,100.0,0,0.0
4,Carter Jones,198923,QB,NEVADA,1,0.0,1,1,21.0,3.5,0,0,0.0,0.0,0,0,0,,1,0,0,239,60.3,52.7,50.4,,0,0,1,0,,39.6,0.0,0,0,0,0,0,0,0.0,0,0.0
4,Landon Sims,200048,QB,WYOMING,1,100.0,1,1,3.0,1.5,0,0,0.0,100.0,1,0,0,0.0,1,0,1,351,65.9,58.1,52.7,62.6,0,0,1,0,,91.7,0.0,0,0,0,0,0,0,0.0,6,6.0
4,OJ Arnold,158336,HB,GA SOUTHRN,1,100.0,1,1,17.0,2.2,0,0,0.0,100.0,1,0,0,0.0,1,0,1,174,26.6,73.9,72.6,69.6,0,0,1,0,,156.3,0.0,0,0,0,0,1,0,0.0,12,12.0
4,Semaj Morgan,174043,WR,MICHIGAN,1,0.0,1,1,27.0,3.0,0,0,0.0,0.0,0,0,0,,1,0,0,222,68.5,52.9,50.4,,0,0,1,0,,39.6,0.0,0,0,0,0,0,0,0.0,0,0.0
4,Quincy Crittendon,149944,QB,SAMFORD,1,77.6,49,54,9.4,3.39,0,2,3.6,64.8,35,0,30,7.9,61,3,24,282,73.3,75.5,74.7,66.6,0,1,63,1,10.0,102.1,4.9,3,4,0,5,3,2,3.2,456,8.4
4,Jax Leatherwood,171548,QB,SE MO ST,1,80.4,46,46,7.5,2.23,0,3,6.4,71.7,33,0,10,10.8,52,4,23,293,71.3,91.0,91.1,64.2,0,1,54,0,30.0,105.5,5.8,3,2,0,0,2,1,1.9,422,9.2
4,Kamden Sixkiller,133096,QB,CAMPBELL,1,77.3,44,46,6.1,2.37,1,2,4.2,65.2,30,0,12,11.8,51,4,20,131,43.4,71.2,70.4,63.5,1,2,54,0,16.7,106.2,3.9,2,3,0,0,5,2,3.7,349,7.6
4,Cade McNamara,101620,QB,E TENN ST,1,72.1,43,45,6.3,2.43,0,2,4.2,66.7,30,0,9,3.2,50,1,12,157,71.6,62.6,61.4,62.1,0,1,53,0,22.2,73.2,4.0,2,3,0,2,0,1,1.9,268,6.0
4,Taron Dickens,177946,QB,W CAROLINA,1,84.4,45,45,12.3,2.47,0,2,4.2,77.8,35,0,14,7.9,47,3,25,344,71.2,93.5,93.2,71.9,0,0,51,1,0.0,158.3,0.0,0,1,0,0,6,0,0.0,589,13.1
4,Pat McQuaide,145792,QB,VILLANOVA,1,76.9,39,43,11.3,2.41,1,2,4.2,58.1,25,0,11,16.7,46,5,17,334,38.4,76.7,75.8,,1,0,51,0,27.3,98.3,6.5,3,0,0,2,2,1,2.0,333,7.7
4,Otto Kuhns,138014,QB,NORFOLK,1,68.3,41,43,12.4,3.0,0,4,9.1,65.1,28,0,12,0.0,46,0,19,244,36.7,90.3,92.3,40.6,0,1,47,0,0.0,87.8,0.0,0,3,1,1,1,0,0.0,345,8.0
4,Bronson Barron,141710,QB,SO UTAH,1,65.0,40,43,10.7,2.78,2,1,2.3,53.5,23,0,18,11.5,51,3,15,298,23.5,69.5,71.7,51.0,1,1,52,0,27.8,83.1,9.8,5,3,0,0,2,4,7.7,316,7.3
4,Gunnar Smith,162611,QB,FORDHAM,1,70.7,41,42,9.5,2.83,0,3,7.0,57.1,24,0,12,17.2,53,5,15,168,69.9,66.6,66.0,61.2,1,1,54,0,25.0,84.7,5.7,3,8,0,0,3,1,1.9,213,5.1
4,Stone Earle,123504,QB,ABILENE CH,1,76.2,42,42,9.6,2.83,0,1,2.2,71.4,30,0,15,6.3,44,2,17,100,71.0,85.7,80.3,77.0,0,1,47,0,6.7,118.5,2.3,1,1,0,0,4,1,2.1,353,8.4
4,Beau Brungard,164897,QB,YNGTOWN ST,1,67.6,37,42,9.0,3.05,1,0,0.0,57.1,24,0,19,4.0,48,1,20,353,73.6,81.6,70.8,80.3,0,0,52,0,5.3,85.1,2.1,1,5,1,3,1,0,0.0,277,6.6
4,Myles Burkett,158691,QB,E KENTUCKY,1,63.2,38,41,9.1,3.26,0,2,4.5,51.2,21,0,25,12.5,47,3,11,159,53.2,68.0,70.8,56.4,2,1,50,0,8.0,55.2,4.3,2,4,0,1,0,1,2.0,203,5.0
4,Chris Zellous,153319,QB,STNY BROOK,1,70.0,40,41,6.4,2.44,0,3,6.8,65.9,27,0,16,3.6,48,1,15,303,41.5,65.4,66.5,57.4,0,0,51,0,18.8,104.3,6.3,3,4,0,1,2,2,3.9,306,7.5
4,AJ Duffy,156292,QB,NEWHVN,1,65.8,38,38,8.5,2.23,0,2,4.3,60.5,23,0,7,8.0,42,2,14,1013,39.6,58.5,56.9,61.9,0,2,51,0,14.3,103.3,2.4,1,3,0,0,4,2,3.9,343,9.0
4,Chris Parson,172551,QB,AUSTINPEAY,1,73.0,37,38,9.9,2.96,0,1,2.4,63.2,24,0,11,11.1,47,3,17,116,26.1,58.5,58.9,58.7,0,0,50,0,27.3,107.6,6.4,3,6,0,1,2,2,4.0,322,8.5
4,Eric Gibson Jr.,168461,QB,N COLORADO,1,74.3,35,37,4.7,2.43,0,0,0.0,64.9,24,0,7,7.7,39,2,11,253,69.6,29.9,28.6,62.3,0,2,42,0,14.3,66.8,2.6,1,1,0,2,1,3,7.1,215,5.8
4,EJ Colson,190335,QB,INCAR WORD,1,87.5,32,37,5.9,3.09,1,0,0.0,75.7,28,0,11,0.0,45,0,16,189,71.1,76.5,74.5,69.1,1,0,50,1,9.1,116.0,2.2,1,7,0,3,2,1,2.0,292,7.9
4,Nick Whitfield Jr.,159490,QB,ST FRANCIS,1,72.2,36,36,10.0,2.86,0,2,5.6,72.2,26,0,8,0.0,42,0,14,299,69.1,70.7,67.0,69.3,0,2,42,0,25.0,80.0,4.8,2,4,0,0,1,2,4.8,273,7.6
4,Tommy Rittenhouse,148028,QB,ILL STATE,1,63.6,33,36,13.3,2.79,0,2,4.8,55.6,20,0,3,4.8,40,1,16,188,24.7,60.3,64.4,50.4,0,0,46,0,33.3,105.1,2.5,1,3,0,3,3,0,0.0,250,6.9
4,Jake Weir,146840,QB,HOUCHR,1,75.0,32,35,8.6,2.68,1,3,8.6,48.6,17,0,15,29.2,40,7,6,183,69.8,71.4,74.7,51.7,2,0,40,0,20.0,61.6,7.5,3,2,0,0,0,0,0.0,160,4.6
4,Braden Atkinson,201350,QB,MERCER,1,90.6,32,35,6.2,2.39,0,1,2.8,80.0,28,0,8,3.4,36,1,16,219,68.8,74.9,76.2,,1,0,37,1,12.5,141.2,2.8,1,0,0,2,4,0,0.0,306,8.7
4,Adam Urena,186682,QB,MERCYHURST,1,80.0,30,35,6.2,2.37,2,0,0.0,65.7,23,0,14,4.2,38,1,12,977,31.1,61.9,61.3,,0,1,40,1,21.4,69.5,7.9,3,0,0,3,0,1,2.5,206,5.9
4,Matt Vezza,176960,QB,NEW HAMP,1,75.8,33,35,8.4,2.64,0,3,8.1,62.9,22,0,12,12.0,40,3,12,240,72.2,81.5,85.6,59.2,0,2,42,0,16.7,72.7,5.0,2,3,0,2,1,1,2.4,273,7.8
4,Cal Swanson,174033,QB,HOLY CROSS,1,61.8,34,35,10.4,2.27,0,2,5.3,48.6,17,0,13,19.0,42,4,11,181,70.6,68.5,69.3,58.7,0,0,45,1,23.1,79.5,7.1,3,4,0,1,1,1,2.2,230,6.6
4,Collin Shannon,160918,QB,VA MILT IN,1,56.3,32,35,10.6,2.55,2,2,5.6,48.6,17,0,9,5.6,39,1,8,336,69.5,67.2,69.1,53.2,1,1,40,0,22.2,73.4,5.1,2,2,0,0,2,2,5.0,199,5.7
4,Ralph Rucker IV,144625,QB,BUCKNELL,1,80.6,31,35,7.4,3.04,1,2,5.7,65.7,23,0,22,8.0,46,2,13,125,70.3,85.8,84.1,68.4,0,1,48,0,27.3,98.6,13.0,6,5,0,3,2,0,0.0,291,8.3
4,Chase Goodwin,171117,QB,COLUMBIA,1,54.8,31,35,12.4,2.9,0,3,8.1,42.9,15,0,9,11.8,36,2,10,145,68.9,67.6,67.1,,2,1,38,1,11.1,58.6,2.8,1,0,0,2,1,2,5.3,195,5.6
4,Brennan Myer,192760,QB,BRYANT,1,59.4,32,34,13.6,3.14,0,1,2.6,44.1,15,0,14,21.1,38,4,12,124,70.4,73.4,70.7,66.7,0,2,42,0,7.1,50.5,2.6,1,3,0,2,1,3,7.1,215,6.3
4,Chris Irvin,146491,QB,W ILLINOIS,1,59.4,32,34,11.3,2.51,0,3,7.9,47.1,16,0,12,15.8,38,3,8,345,71.5,73.5,63.8,78.9,2,1,42,0,25.0,69.1,7.9,3,1,0,0,2,2,4.8,167,4.9
4,Tyler Voss,157830,QB,SAN DIEGO,1,75.8,33,34,5.0,2.1,0,1,2.8,70.6,24,0,6,4.0,34,1,10,283,68.8,63.6,65.4,,0,0,37,2,0.0,118.3,0.0,0,0,1,0,3,1,2.7,228,6.7
4,Ty Pennington,185022,QB,N ARIZONA,1,66.7,30,34,15.0,2.83,0,3,8.8,50.0,17,0,10,15.0,34,3,12,252,69.5,73.3,73.7,57.3,1,0,34,0,0.0,108.2,0.0,0,0,0,3,3,1,2.9,286,8.4
4,Tyler Hughes,159218,QB,WM & MARY,1,76.7,30,33,5.3,2.63,0,1,2.9,66.7,22,0,9,4.3,40,1,16,348,73.2,69.7,63.6,68.6,0,0,42,0,11.1,134.6,2.5,1,6,0,3,4,0,0.0,296,9.0
4,Matthew Schecklman,159420,QB,N IOWA,1,68.8,32,33,6.0,2.67,1,1,3.0,54.5,18,0,12,18.2,37,4,6,255,69.2,66.0,65.1,60.0,0,0,37,0,33.3,67.7,10.8,4,0,0,0,0,0,0.0,160,4.8
4,Eric Rodriguez,160057,QB,TXAMCO,1,77.4,31,33,9.6,2.96,1,4,12.1,69.7,23,0,12,4.2,38,1,12,1139,71.4,90.0,88.4,69.7,0,1,38,0,16.7,96.7,5.3,2,3,0,1,2,1,2.6,229,6.9
4,Devin Farrell,157658,QB,RHODE ISLD,1,62.5,32,32,7.0,2.86,0,0,0.0,59.4,19,0,10,5.0,35,1,12,274,69.7,71.3,67.1,69.3,0,1,36,0,10.0,84.5,2.9,1,2,0,0,2,1,2.8,193,6.0
4,Joshua Wood,163421,QB,IDAHO,1,61.3,31,32,12.2,3.38,0,1,2.9,56.3,18,0,14,5.3,38,1,14,185,70.0,63.0,63.4,57.9,0,0,41,0,7.1,100.0,2.6,1,5,0,1,2,3,7.3,232,7.3
4,Derek Robertson,142298,QB,MONMOUTH,1,76.7,30,31,13.1,2.28,0,5,15.2,67.7,21,0,9,8.7,32,2,16,231,68.5,81.8,82.9,57.3,0,0,34,1,0.0,150.2,0.0,0,1,0,1,4,0,0.0,399,12.9
4,Liam O'Brien,164675,QB,PENN,1,61.5,26,31,11.9,3.08,1,1,3.1,51.6,16,0,13,0.0,34,0,8,267,71.3,58.7,51.8,69.9,0,1,35,0,15.4,74.4,5.9,2,1,0,4,1,2,5.7,238,7.7
4,Ari Patu,146360,QB,N ALABAMA,1,63.0,27,31,10.7,2.56,0,0,0.0,54.8,17,0,6,0.0,32,0,11,389,73.7,53.6,49.5,61.9,0,1,36,0,0.0,106.6,0.0,0,1,0,4,4,2,5.6,243,7.8
4,Brady Olson,147415,QB,CENT CT ST,1,51.6,31,31,9.8,2.99,0,1,2.9,45.2,14,0,14,12.5,38,2,10,133,35.4,49.9,56.2,45.5,0,1,41,0,7.1,49.7,2.6,1,6,0,0,0,1,2.4,174,5.6
4,Grayson Saunier,171185,QB,DARTMOUTH,1,79.3,29,30,7.5,2.3,0,1,3.3,73.3,22,0,6,4.3,31,1,13,148,38.4,76.1,74.7,66.0,0,1,31,0,0.0,83.2,0.0,0,1,0,1,0,1,3.2,244,8.1
4,Nate Bell,170673,QB,E WASHGTON,1,44.4,27,29,14.5,3.38,1,5,15.2,37.9,11,0,11,8.3,32,1,8,161,45.7,79.7,70.2,77.4,0,2,37,1,0.0,67.0,0.0,0,3,0,1,2,3,8.1,272,9.4
4,Nate Glantz,157587,QB,LNDNWD,1,75.0,28,29,11.0,3.2,0,3,10.3,69.0,20,0,16,4.8,34,1,13,949,73.0,84.6,81.0,71.1,0,0,34,0,6.3,118.3,2.9,1,4,0,1,2,1,2.9,249,8.6
4,Eric Handley,185928,QB,ALAB A&M,1,73.9,23,29,13.0,2.75,2,1,3.4,51.7,15,0,9,11.8,30,2,9,104,68.8,76.2,74.5,62.9,1,2,30,0,11.1,68.9,3.3,1,0,1,2,2,2,6.7,205,7.1
4,Landen Clark,188534,QB,ELON,1,65.4,26,29,11.2,3.3,0,0,0.0,51.7,15,0,10,11.8,37,2,13,162,40.5,57.2,52.8,64.2,0,1,38,0,40.0,85.8,10.8,4,4,0,3,2,1,2.6,223,7.7
4,Jackson Akins,191379,QB,CAL POLY,1,53.6,28,29,8.0,2.49,0,0,0.0,44.8,13,0,13,13.3,33,2,6,129,22.6,33.2,38.5,44.3,0,3,35,0,7.7,37.5,3.0,1,3,0,1,1,2,5.7,182,6.3
4,Ayden Pereira,159129,QB,MERRIMACK,1,57.7,26,29,11.7,3.47,0,1,3.3,37.9,11,0,12,26.7,35,4,12,385,71.7,67.9,62.2,69.2,1,2,36,0,0.0,22.9,0.0,0,6,0,2,0,2,5.6,125,4.3
4,Andrew Indorf,201895,QB,TOWSON,1,71.4,28,29,10.3,2.88,0,3,9.1,62.1,18,0,14,10.0,32,2,9,317,69.7,67.7,68.1,60.5,0,1,36,0,7.1,85.1,3.1,1,2,0,1,1,2,5.6,238,8.2
4,Walker Harris,150449,QB,NC CENT,1,88.0,25,28,12.0,2.54,0,2,6.9,75.0,21,0,2,4.5,31,1,16,247,69.4,80.0,83.2,52.9,0,0,32,0,50.0,152.4,3.2,1,1,0,3,3,1,3.1,370,13.2
4,Nate Hampton,147548,QB,GARD-WEBB,1,76.0,25,28,7.8,2.98,0,1,3.3,67.9,19,0,10,0.0,33,0,10,171,70.1,76.7,82.9,54.8,0,1,35,0,0.0,110.6,0.0,0,5,0,3,2,0,0.0,289,10.3
4,Jim Ogle,192530,QB,MURRAY ST,1,69.2,26,28,3.8,1.97,0,0,0.0,60.7,17,0,5,5.6,29,1,5,236,69.3,28.7,28.3,56.1,1,2,30,1,0.0,42.3,0.0,0,1,0,1,0,3,10.0,130,4.6
4,William Atkins IV,148354,QB,SCAR STATE,1,76.0,25,28,5.2,2.55,0,1,3.3,64.3,18,0,18,5.3,32,1,7,290,30.0,44.1,45.1,53.6,0,0,35,0,11.1,78.1,6.3,2,2,0,3,0,1,2.9,151,5.4
4,Chris Howell,171592,QB,LIUSHAR,1,46.2,26,28,12.3,3.05,2,0,0.0,35.7,10,0,14,16.7,35,2,9,1298,71.7,51.7,38.6,73.5,0,2,35,0,21.4,17.1,8.6,3,4,0,0,0,2,5.7,101,3.6
4,James Murphy,177426,QB,BROWN,1,71.4,28,28,6.9,2.23,0,1,3.4,71.4,20,0,12,0.0,29,0,9,123,68.3,86.5,86.7,63.5,0,1,31,0,0.0,103.1,0.0,0,1,0,0,2,1,3.2,219,7.8
4,Jayden Whitaker,186934,QB,WOFFORD,1,69.2,26,27,6.2,2.57,1,2,7.1,59.3,16,0,16,11.1,31,2,7,350,68.4,74.0,73.2,,0,1,32,0,25.0,57.8,12.9,4,0,0,0,0,0,0.0,141,5.2
4,Keali'i Ah Yat,178141,QB,MONTANA,1,85.2,27,27,8.4,2.64,0,0,0.0,81.5,22,0,6,4.3,27,1,16,232,68.5,85.7,85.8,62.7,0,0,27,0,0.0,139.7,0.0,0,0,0,0,2,0,0.0,313,11.6
4,Keegan Patterson,158465,QB,INDIANA ST,1,60.0,25,27,11.8,2.43,1,2,7.1,55.6,15,0,13,0.0,31,0,8,191,69.3,65.1,57.3,77.7,0,1,32,0,23.1,74.5,9.7,3,1,0,1,1,1,3.1,189,7.0
4,Jase Bauer,145714,QB,TENN MARTN,1,84.0,25,27,4.2,3.03,0,0,0.0,70.4,19,0,14,9.5,32,2,6,310,69.4,48.4,48.8,56.5,0,1,32,0,14.3,61.7,6.3,2,3,0,2,0,2,6.3,106,3.9
4,Reggie Graff,165710,QB,UTAHTC,1,63.6,22,26,4.5,2.33,0,0,0.0,46.2,12,0,12,14.3,27,2,6,1285,38.8,73.6,63.7,75.0,2,1,29,2,0.0,55.0,0.0,0,1,0,2,1,0,0.0,110,4.2
4,Jack O'Connell,165100,QB,STHLSK,1,81.8,22,26,8.8,3.01,1,2,7.4,69.2,18,0,17,0.0,32,0,9,1470,29.1,71.5,77.1,49.4,0,0,33,1,17.6,111.9,9.4,3,3,0,3,2,1,3.0,165,6.3
4,C'zavian Teasett,178078,QB,GRAMBLING,1,64.0,25,26,9.2,2.52,0,1,3.8,53.8,14,0,9,12.5,30,2,10,177,21.2,47.8,48.3,55.3,0,0,30,0,22.2,88.5,6.7,2,2,0,1,1,2,6.7,179,6.9
4,Luther Richesson,183971,QB,CENT ARK,1,76.9,26,26,9.0,2.56,0,0,0.0,65.4,17,0,10,15.0,34,3,8,132,71.4,67.8,71.5,53.8,0,0,37,0,80.0,100.6,23.5,8,0,0,0,1,0,0.0,195,7.5
4,DJ Williams,138061,QB,S ILLINOIS,1,72.0,25,25,11.7,2.75,0,3,11.5,72.0,18,0,5,0.0,27,0,14,295,71.8,91.1,74.4,93.1,0,0,28,0,20.0,153.8,3.7,1,1,0,0,4,0,0.0,342,13.7
4,Jackson Gilkey,174092,QB,WEBER ST,1,60.0,25,25,13.6,2.51,0,4,14.8,56.0,14,0,1,6.7,28,1,8,342,31.2,69.5,83.1,36.7,0,2,30,0,100.0,72.9,3.6,1,2,0,0,2,2,6.7,185,7.4
4,Dez Thomas II,177368,QB,GEORGETOWN,1,43.5,23,24,12.6,3.41,1,1,4.2,29.2,7,0,21,30.0,38,3,6,172,22.9,35.4,29.8,57.5,0,2,38,0,33.3,8.7,18.4,7,7,0,0,0,6,15.8,94,3.9
4,Tevin Carter,157995,QB,PRVIEW A&M,1,73.9,23,23,6.5,2.66,0,1,3.7,69.6,16,0,6,5.9,25,1,4,270,71.9,60.2,56.2,65.6,0,1,29,0,16.7,69.7,4.0,1,1,0,0,0,2,6.9,153,6.7
4,Carter Cravens,150714,QB,MOREHEAD,1,81.8,22,23,10.2,2.38,1,3,12.5,78.3,18,0,2,0.0,26,0,16,234,69.1,80.0,78.0,66.5,0,0,28,0,50.0,158.3,3.8,1,2,0,0,4,1,3.6,311,13.5
4,Jake Strong,173651,QB,MCNEESE,1,45.0,20,23,9.2,2.51,1,1,4.0,30.4,7,0,11,22.2,29,2,6,217,68.8,51.5,44.1,70.1,1,0,31,0,27.3,58.1,10.3,3,3,0,1,1,2,6.5,89,3.9
4,Sam Vidlak,146333,QB,STF AUSTIN,1,90.0,20,22,8.7,2.73,1,3,13.0,68.2,15,0,8,16.7,25,3,7,301,67.8,84.2,86.8,57.0,0,0,26,0,25.0,123.3,8.0,2,1,0,1,2,1,3.8,180,8.2
4,Kobe Muasau,185530,QB,MORGAN ST,1,77.3,22,22,8.8,2.53,0,2,9.1,68.2,15,0,8,11.8,27,2,7,235,27.0,61.4,60.4,60.5,0,1,27,0,37.5,84.7,11.1,3,2,0,0,1,2,7.4,156,7.1
4,Eddie Lee Marburger,145511,QB,TXRG,1,90.5,21,22,10.4,2.9,0,3,12.0,72.7,16,0,8,15.8,25,3,10,1445,69.7,87.4,90.1,59.7,0,0,28,0,12.5,122.2,4.0,1,2,0,1,1,0,0.0,234,10.6
4,Carter Peevy,129563,QB,MAINE,1,68.2,22,22,10.2,2.91,0,1,4.3,59.1,13,0,7,13.3,24,2,5,212,68.9,67.9,64.2,67.6,0,0,25,0,28.6,68.0,8.3,2,0,0,0,0,0,0.0,88,4.0
4,Caden Pinnick,185116,QB,UC DAVIS,1,71.4,21,21,10.0,3.03,0,1,4.3,61.9,13,0,12,13.3,26,2,9,322,69.2,74.1,70.3,71.9,0,0,29,1,16.7,117.6,7.7,2,3,0,0,2,1,3.4,162,7.7
4,Tyler Riddell,102355,QB,DUQUESNE,1,52.6,19,21,10.1,2.54,0,0,0.0,38.1,8,0,9,20.0,26,2,3,155,25.1,26.1,25.0,60.9,0,2,28,0,33.3,6.7,11.5,3,2,0,2,0,4,14.3,52,2.5
4,Deuce Hogan,129470,QB,NICHOLLS,1,84.2,19,21,2.2,3.22,0,0,0.0,71.4,15,0,11,6.3,26,1,4,243,70.2,54.4,50.6,60.9,1,1,29,0,9.1,61.0,3.8,1,4,0,1,0,1,3.4,97,4.6
4,Kael Alexander,189294,QB,STETSON,1,66.7,18,20,13.4,2.94,0,2,10.0,55.0,11,0,7,8.3,20,1,6,302,69.1,71.8,75.4,54.9,0,0,20,0,0.0,87.1,0.0,0,0,0,2,1,0,0.0,108,5.4
4,Abram Johnston,192360,QB,NWSTATE,1,77.8,18,20,7.8,3.49,0,1,5.0,65.0,13,0,9,7.1,27,1,9,257,71.8,62.5,62.7,61.0,0,0,27,0,22.2,123.5,7.4,2,5,0,2,2,0,0.0,163,8.2
4,Cardell Williams,156190,QB,SACRAMENTO,1,75.0,20,20,10.9,2.25,0,2,9.5,75.0,15,0,5,0.0,21,0,10,279,30.0,68.6,64.0,66.9,0,0,22,0,20.0,133.3,4.8,1,0,0,0,1,2,9.1,252,12.6
4,Hayden Johnson,185698,QB,LEHIGH,1,85.0,20,20,9.8,2.3,0,0,0.0,80.0,16,0,0,5.9,20,1,10,205,28.9,83.3,84.7,62.2,0,0,21,0,,135.6,0.0,0,0,0,0,2,0,0.0,171,8.6
4,Dante Reno,184498,QB,YALE,1,70.0,20,20,12.9,2.5,0,3,15.0,65.0,13,0,10,7.1,25,1,4,352,29.1,75.2,79.1,56.7,0,0,25,0,30.0,107.5,12.0,3,2,0,0,1,1,4.0,166,8.3
4,Bryce Schondelmyer,171537,QB,DAYTON,1,72.2,18,20,10.3,2.49,0,0,0.0,65.0,13,0,5,0.0,24,0,10,150,68.9,58.0,58.7,56.8,0,0,25,0,40.0,128.5,8.3,2,1,0,2,2,0,0.0,187,9.4
4,Cam'Ron Ransom,147110,QB,BETH COOK,1,70.6,17,20,8.5,3.09,0,1,5.0,50.0,10,0,10,16.7,25,2,5,119,69.5,67.8,63.1,66.8,0,1,25,0,20.0,98.3,8.0,2,3,0,3,3,1,4.0,172,8.6
4,Aidan Bouman,122508,QB,S DAKOTA,1,65.0,20,20,9.9,2.73,0,1,4.5,65.0,13,0,7,0.0,20,0,8,291,67.4,80.7,80.3,,0,0,22,0,0.0,136.7,0.0,0,0,0,0,2,0,0.0,226,11.3
4,Kaiden Bennett,147778,QB,DELWARE ST,1,42.1,19,20,12.1,3.04,1,2,8.0,40.0,8,0,7,0.0,25,0,7,152,71.9,59.2,48.4,70.4,0,1,30,0,28.6,33.3,8.0,2,3,0,0,0,1,3.3,90,4.5
4,Jerry Kaminski,177155,QB,N DAKOTA,1,77.8,18,20,11.9,3.04,0,0,0.0,65.0,13,0,5,7.1,21,1,11,249,68.6,78.1,82.6,57.6,0,0,21,0,0.0,125.4,0.0,0,1,1,1,2,0,0.0,172,8.6
4,Kai Colon,167663,QB,PRINCETON,1,70.6,17,19,13.8,2.98,1,0,0.0,63.2,12,0,10,0.0,27,0,8,272,28.3,75.6,79.2,56.0,0,0,28,0,50.0,116.3,18.5,5,3,1,0,1,1,3.6,201,10.6
4,Daniel Greek,126950,QB,TARLETON,1,76.5,17,19,18.3,2.93,0,5,25.0,57.9,11,0,6,15.4,22,2,8,401,68.4,93.5,93.0,64.7,1,0,23,0,16.7,132.3,4.5,1,2,1,0,2,0,0.0,214,11.3
4,Jack Shields,156830,QB,ALBANY,1,42.1,19,19,13.9,2.86,0,0,0.0,36.8,7,0,9,12.5,22,1,3,106,68.8,38.1,36.3,58.8,0,1,23,0,22.2,26.2,9.1,2,1,0,0,0,2,8.7,70,3.7
4,Logan Inagawa,206029,QB,DRAKE,1,78.9,19,19,10.1,3.3,0,0,0.0,78.9,15,0,11,0.0,28,0,12,153,73.3,68.6,62.2,67.7,0,2,30,0,9.1,80.6,3.6,1,7,0,0,1,2,6.7,164,8.6
4,Collin Hurst,177732,QB,PRESBYTERN,1,83.3,18,18,8.1,2.26,0,1,5.6,83.3,15,0,2,0.0,19,0,12,271,67.0,89.2,82.9,69.3,0,0,19,0,0.0,158.3,0.0,0,1,0,0,4,0,0.0,289,16.1
4,Zach Osborne,160474,QB,COLGATE,1,75.0,16,17,9.8,2.13,1,2,11.1,70.6,12,0,5,0.0,19,0,10,142,71.7,81.2,77.0,69.6,0,0,20,0,20.0,152.2,5.3,1,1,0,0,2,0,0.0,219,12.9
4,Dean DeNobile,159740,QB,LAFAYETTE,1,100.0,15,17,7.4,2.72,0,1,5.3,82.4,14,0,4,6.7,20,1,5,203,68.0,74.3,84.7,51.8,0,0,22,1,0.0,107.4,0.0,0,3,0,2,0,0,0.0,166,9.8
4,Justin Lamson,144052,QB,MONTANA ST,1,70.6,17,17,9.1,2.93,0,0,0.0,70.6,12,0,8,0.0,21,0,7,233,70.8,61.7,55.7,65.1,0,1,21,0,0.0,66.1,0.0,0,3,0,0,0,1,4.8,121,7.1
4,Kevin White,178287,QB,NC A&T,1,62.5,16,17,13.8,2.98,0,0,0.0,58.8,10,0,10,0.0,23,0,8,246,69.9,64.7,58.7,67.8,0,1,24,1,30.0,98.3,13.0,3,3,0,1,1,1,4.2,232,13.6
4,Casey Bullock,185958,QB,DAVIDSON,1,81.3,16,17,5.8,2.41,0,1,5.9,76.5,13,0,5,0.0,18,0,3,149,69.0,62.4,54.7,69.7,0,1,18,0,0.0,71.9,0.0,0,1,0,1,0,1,5.6,125,7.4
4,Jarrin Alley,191827,QB,BUTLER,1,18.8,16,17,7.2,2.54,0,0,0.0,17.6,3,0,8,0.0,20,0,0,127,67.2,30.0,30.8,56.3,1,1,21,0,25.0,15.1,10.0,2,1,0,0,0,1,4.8,12,0.7
4,Davin Wydner,163672,QB,W GEORGIA,1,66.7,15,16,10.1,3.1,0,2,12.5,56.3,9,0,8,10.0,21,1,4,1177,28.8,60.1,49.1,69.4,0,0,22,0,25.0,113.0,9.5,2,3,1,0,2,2,9.1,94,5.9
4,Zolten Osborne,178620,QB,CHARLES SO,1,75.0,12,16,9.6,2.77,0,0,0.0,56.3,9,0,8,0.0,17,0,4,135,67.5,67.8,66.5,60.0,0,0,17,0,12.5,64.6,5.9,1,0,0,4,0,0,0.0,60,3.8
4,Jake Stearney,171991,QB,COLGATE,1,60.0,15,16,7.7,2.43,1,0,0.0,56.3,9,0,2,0.0,17,0,7,142,70.1,56.9,40.8,77.1,0,0,17,0,0.0,98.4,0.0,0,1,0,0,1,0,0.0,110,6.9
4,Dom Nankil,182292,QB,SAN DIEGO,1,86.7,15,16,8.4,3.01,1,1,6.3,81.3,13,0,5,0.0,20,0,7,283,68.5,75.1,78.0,59.4,0,0,20,0,20.0,96.6,5.0,1,3,0,0,0,0,0.0,115,7.2
4,Tyriq Starks,156514,QB,HOWARD,1,93.3,15,15,5.9,2.96,0,1,5.9,80.0,12,0,6,14.3,18,2,8,184,70.8,84.2,83.9,68.9,0,0,21,0,16.7,112.5,5.6,1,2,0,0,0,0,0.0,165,11.0
4,Zach Tanner,159923,QB,ROB MORRIS,1,53.3,15,15,12.9,2.69,0,0,0.0,46.7,7,0,3,12.5,16,1,6,277,68.2,63.4,57.4,69.5,0,0,17,0,33.3,64.3,6.3,1,0,0,0,0,0,0.0,84,5.6
4,Rowan Keefe,165386,QB,VALPO,1,71.4,14,15,7.3,2.18,1,0,0.0,53.3,8,0,4,20.0,18,2,4,332,67.6,49.8,49.1,57.8,0,1,18,0,25.0,71.8,5.6,1,2,0,0,1,1,5.6,111,7.4
4,Ryan Stubblefield,123838,QB,SCAR STATE,1,66.7,12,14,7.3,2.47,0,0,0.0,50.0,7,0,12,12.5,18,1,6,290,69.0,65.1,61.5,64.8,0,1,18,0,25.0,39.0,16.7,3,1,0,2,0,0,0.0,84,6.0
4,Victor Gabalis,131932,QB,TARLETON,1,69.2,13,14,17.9,2.49,0,3,20.0,64.3,9,0,2,0.0,14,0,4,401,67.3,87.0,88.4,58.8,1,0,15,0,0.0,131.5,0.0,0,0,0,0,1,1,6.7,190,13.6
4,Garrett Bass-Sulpizio,171137,QB,CORNELL,1,64.3,14,14,7.8,2.87,0,0,0.0,57.1,8,0,5,11.1,14,1,2,147,26.1,42.5,46.0,50.8,0,0,15,0,0.0,68.5,0.0,0,0,0,0,0,0,0.0,63,4.5
4,Jack Snyder,185417,QB,SACR HEART,1,69.2,13,14,7.8,2.98,1,0,0.0,57.1,8,0,4,11.1,21,1,8,280,68.7,66.8,59.2,69.6,0,0,22,1,0.0,75.9,0.0,0,7,0,0,0,0,0.0,88,6.3
4,Davis Harsin,186187,QB,IDAHO ST,1,76.9,13,13,10.8,2.23,0,1,7.1,76.9,10,0,0,0.0,13,0,9,186,67.1,80.0,80.5,59.7,0,0,14,0,,157.9,0.0,0,0,0,0,6,0,0.0,195,15.0
4,Kyle Wickersham,148418,QB,RICHMOND,1,83.3,12,13,6.3,3.33,1,1,7.1,76.9,10,0,4,0.0,16,0,6,276,35.2,57.5,64.9,53.3,0,0,17,0,50.0,157.9,12.5,2,1,0,0,2,0,0.0,166,12.8
4,Camden Orth,108965,QB,CHATTNOOGA,1,66.7,12,13,15.4,2.93,0,1,5.6,53.8,7,0,5,12.5,16,1,5,137,71.7,67.2,62.3,66.3,0,1,21,0,40.0,52.4,12.5,2,1,0,1,0,1,4.8,117,9.0
4,Caden Drezek,170839,QB,MAINE,1,50.0,12,13,7.3,3.06,0,0,0.0,46.2,6,0,4,0.0,14,0,3,212,66.4,37.9,38.9,57.0,0,1,15,1,0.0,24.8,0.0,0,1,0,1,0,1,6.7,51,3.9
4,Carson Camp,141837,QB,SE LA,1,81.8,11,13,3.0,2.27,2,0,0.0,61.5,8,0,4,11.1,18,1,3,294,68.3,56.9,56.4,59.1,0,0,18,0,50.0,106.9,11.1,2,2,0,0,1,0,0.0,87,6.7
4,Jaden Craig,159342,QB,HARVARD,1,76.9,13,13,14.5,2.45,0,2,15.4,76.9,10,0,1,0.0,13,0,8,179,66.2,91.3,91.2,,0,0,14,0,0.0,157.9,0.0,0,0,0,0,2,0,0.0,208,16.0
4,Devin Page,177490,QB,CORNELL,1,75.0,12,12,7.8,3.17,0,0,0.0,66.7,8,0,6,11.1,15,1,6,147,71.1,68.7,59.2,69.3,0,1,16,0,0.0,81.9,0.0,0,3,0,0,1,1,6.3,90,7.5
4,Coulter Cleland,165212,QB,DAVIDSON,1,72.7,11,12,9.4,2.91,0,1,8.3,50.0,6,0,5,25.0,16,2,8,149,68.2,82.4,87.4,62.2,0,0,17,0,0.0,127.4,0.0,0,4,0,1,3,0,0.0,127,10.6
4,Jordan Barton,86281,QB,WAGNER,1,63.6,11,12,4.3,3.02,1,0,0.0,58.3,7,0,5,0.0,17,0,2,338,69.1,62.2,63.6,58.6,0,0,19,0,20.0,63.2,5.9,1,4,0,0,0,0,0.0,23,1.9
4,Colin Parachek,160568,QB,ALBANY,1,63.6,11,11,12.5,2.87,0,0,0.0,54.5,6,0,4,14.3,13,1,4,106,70.0,61.8,55.6,66.4,0,0,13,0,25.0,65.0,7.7,1,1,0,0,0,0,0.0,46,4.2
4,Quentin Hayes,186423,QB,CITADEL,1,55.6,9,10,5.1,3.21,0,0,0.0,50.0,5,0,3,0.0,12,0,3,139,72.9,47.1,34.7,62.2,0,1,14,0,33.3,29.6,8.3,1,1,0,1,0,1,7.1,61,6.1
4,Cason Carswell,206621,QB,W ILLINOIS,1,66.7,9,9,15.0,2.49,0,1,11.1,55.6,5,0,1,16.7,9,1,2,345,65.1,81.8,81.1,,0,0,9,0,0.0,67.4,0.0,0,0,0,0,0,0,0.0,41,4.6
4,Isaiah Freeman,167256,QB,HAMPTON,1,55.6,9,9,11.1,2.65,0,0,0.0,44.4,4,0,5,20.0,10,1,1,178,23.0,30.8,28.2,63.1,0,1,12,0,20.0,12.0,10.0,1,0,0,0,0,2,16.7,22,2.4
4,Jake Wolfe,185211,QB,ROB MORRIS,1,44.4,9,9,11.4,2.64,0,0,0.0,44.4,4,0,4,0.0,11,0,2,277,70.5,58.6,46.5,67.8,0,0,11,0,25.0,53.0,9.1,1,1,0,0,0,0,0.0,30,3.3
4,Gabe Passini,191845,QB,BUTLER,1,62.5,8,9,6.9,2.43,1,0,0.0,55.6,5,0,1,0.0,11,0,3,127,76.6,69.8,55.0,69.4,0,0,11,0,0.0,109.0,0.0,0,2,0,0,1,0,0.0,51,5.7
4,Ty Englehart,162239,QB,PRESBYTERN,1,62.5,8,8,8.1,2.48,0,0,0.0,62.5,5,0,1,0.0,9,0,3,271,65.4,49.0,50.7,57.3,0,0,10,0,0.0,130.7,0.0,0,1,0,0,2,1,10.0,71,8.9
4,Kyle Lowe,156595,QB,SE LA,1,66.7,6,8,1.0,1.69,2,0,0.0,37.5,3,0,4,25.0,10,1,1,294,24.7,49.2,69.6,43.5,0,0,10,0,25.0,48.4,10.0,1,0,0,0,0,0,0.0,29,3.6
4,Bo Kelly,158923,QB,CAL POLY,1,62.5,8,8,10.5,3.27,0,1,10.0,62.5,5,0,4,0.0,9,0,2,129,65.6,50.9,50.6,,0,0,11,0,25.0,127.1,11.1,1,0,0,0,1,0,0.0,64,8.0
4,Gunner Chenier,189305,QB,STETSON,1,50.0,8,8,8.0,2.88,0,0,0.0,50.0,4,0,3,0.0,10,0,2,302,68.4,41.2,44.8,52.5,0,0,10,0,33.3,56.8,10.0,1,1,0,0,0,1,10.0,25,3.1
4,Aidan Jakobsohn,209046,QB,TXRG,1,37.5,8,8,8.5,2.85,0,0,0.0,25.0,2,0,2,33.3,11,1,4,1445,66.7,48.9,39.6,65.2,0,1,11,0,0.0,0.0,0.0,0,3,0,0,0,1,9.1,24,3.0
4,Blaine Hipa,167662,QB,PRINCETON,1,83.3,6,7,8.0,2.63,0,1,14.3,71.4,5,0,2,0.0,10,0,3,272,65.4,83.9,79.9,64.1,0,0,10,0,50.0,106.8,10.0,1,1,0,1,0,0,0.0,76,10.9
4,Gavin Rutherford,178188,QB,STF AUSTIN,1,100.0,4,7,1.5,2.76,1,0,0.0,42.9,3,0,3,25.0,8,1,0,301,21.2,41.4,38.3,58.2,0,0,9,0,0.0,50.3,0.0,0,1,0,2,0,1,11.1,12,1.7
4,Dante Torres,177468,QB,HARVARD,1,50.0,6,6,4.7,2.46,0,0,0.0,50.0,3,0,2,0.0,7,0,4,179,65.9,61.8,57.5,62.9,0,1,7,0,0.0,54.9,0.0,0,1,0,0,0,1,14.3,73,12.2
4,Baxter Wright,192540,QB,MURRAY ST,1,66.7,6,6,0.2,2.71,0,0,0.0,66.7,4,0,3,0.0,8,0,2,236,67.2,47.7,43.1,60.3,0,0,8,0,33.3,70.1,12.5,1,1,0,0,0,0,0.0,11,1.8
4,Destin Wade,163784,QB,N ALABAMA,1,83.3,6,6,1.8,2.7,0,0,0.0,83.3,5,0,3,0.0,9,0,2,389,21.9,39.3,50.7,46.2,0,0,9,0,33.3,81.9,11.1,1,2,0,0,0,0,0.0,22,3.7
4,Jack Stevens,185814,QB,WAGNER,1,60.0,5,5,0.4,1.94,0,0,0.0,60.0,3,0,4,0.0,7,0,1,338,15.7,31.5,30.2,,0,1,8,0,50.0,29.2,28.6,2,0,0,0,0,1,12.5,20,4.0
4,Gavin Rupp,145127,QB,STETSON,1,75.0,4,5,7.5,2.47,1,0,0.0,60.0,3,0,2,0.0,6,0,1,302,17.1,29.6,41.7,43.1,0,1,6,0,50.0,25.0,16.7,1,0,0,0,0,1,16.7,11,2.2
4,Jordan Cooke,175116,QB,IDAHO ST,1,80.0,5,5,6.6,2.14,0,0,0.0,80.0,4,0,0,0.0,5,0,3,186,64.6,59.5,59.0,,0,0,7,0,,142.1,0.0,0,0,0,0,1,0,0.0,43,8.6
4,Javance Tupou'ata-Johnson,175766,QB,N DAKOTA,1,25.0,4,5,7.8,2.68,0,0,0.0,20.0,1,0,0,0.0,5,0,1,249,65.5,50.8,42.0,62.9,0,0,5,0,,39.6,0.0,0,0,0,1,0,0,0.0,13,2.6
4,Jack Johnson,185639,QB,GEORGETOWN,1,80.0,5,5,1.6,3.06,0,0,0.0,40.0,2,0,5,50.0,8,2,1,172,64.9,28.2,28.3,56.2,0,0,8,0,40.0,47.9,25.0,2,1,0,0,0,1,12.5,13,2.6
4,Alex Flores,86295,QB,MCNEESE,1,80.0,5,5,8.8,2.7,0,0,0.0,80.0,4,0,4,0.0,8,0,3,217,64.9,62.0,69.8,52.6,0,0,8,0,25.0,100.8,12.5,1,2,0,0,0,0,0.0,41,8.2
4,Cooper Tankersley,177897,QB,CITADEL,1,100.0,3,4,4.7,3.02,1,0,0.0,75.0,3,0,1,0.0,6,0,0,139,67.1,50.7,57.7,52.5,0,0,7,0,100.0,81.3,16.7,1,1,0,0,0,0,0.0,16,4.0
4,John Griffith,156450,QB,MORGAN ST,1,33.3,3,4,10.7,3.22,0,0,0.0,25.0,1,0,3,0.0,5,0,0,235,66.8,49.6,46.6,58.5,1,0,5,0,0.0,39.6,0.0,0,1,0,0,0,0,0.0,2,0.5
4,Logan Kushner,188797,QB,DUQUESNE,1,33.3,3,4,25.0,3.2,1,0,0.0,25.0,1,0,2,0.0,4,0,0,155,67.8,58.0,48.4,64.7,0,0,4,0,0.0,39.6,0.0,0,0,0,0,0,0,0.0,0,0.0
4,Julian Calvez,167101,QB,TENN MARTN,1,75.0,4,4,2.3,1.45,0,0,0.0,75.0,3,0,0,0.0,4,0,2,310,66.8,40.4,43.1,55.9,0,0,5,0,,88.5,0.0,0,0,0,0,0,0,0.0,23,5.8
4,Braden Davis,158114,QB,HAMPTON,1,100.0,3,4,9.7,3.04,1,0,0.0,75.0,3,0,2,0.0,8,0,2,178,69.1,66.9,65.8,66.1,0,0,9,1,100.0,97.9,25.0,2,2,0,0,0,0,0.0,32,8.0
4,Simon Romfo,148126,QB,N DAKOTA,1,66.7,3,3,5.0,2.4,0,0,0.0,66.7,2,0,0,0.0,3,0,2,249,66.6,49.7,45.1,61.3,0,0,4,0,,92.4,0.0,0,0,0,0,0,0,0.0,25,8.3
4,Caron Tyler,177813,QB,VALPO,1,0.0,3,3,5.0,2.94,0,0,0.0,0.0,0,0,3,,5,0,0,332,67.0,48.3,52.9,53.3,0,0,6,0,0.0,39.6,0.0,0,2,0,0,0,0,0.0,0,0.0
4,Benjamin Newman,203577,QB,WAGNER,1,100.0,3,3,4.0,1.4,0,0,0.0,66.7,2,0,0,33.3,4,1,0,338,63.3,59.1,58.3,,0,0,4,0,,70.1,0.0,0,0,0,0,0,0,0.0,3,1.0
4,Noah Sanders,164546,QB,NC A&T,1,33.3,3,3,13.0,4.13,0,0,0.0,33.3,1,0,4,0.0,6,0,1,246,64.2,46.5,54.3,51.6,0,0,6,0,25.0,57.6,16.7,1,2,0,0,0,0,0.0,20,6.7
4,Timmy McClain,144488,QB,BETH COOK,1,100.0,3,3,-1.3,1.73,0,0,0.0,100.0,3,0,0,0.0,3,0,1,119,62.7,64.0,63.3,,0,0,3,1,,118.1,0.0,0,0,0,0,0,0,0.0,37,12.3
4,Ty Dieffenbach,170114,QB,CAL POLY,1,100.0,2,2,28.0,3.08,0,2,100.0,50.0,1,0,1,50.0,4,1,1,129,67.8,91.5,95.1,62.5,0,0,4,0,0.0,95.8,0.0,0,2,0,0,0,0,0.0,42,21.0
4,Ameer Dudley,148894,QB,ROB MORRIS,1,0.0,2,2,10.5,3.0,0,0,0.0,0.0,0,0,0,,3,0,0,277,64.8,65.4,66.3,65.5,0,0,3,1,,39.6,0.0,0,1,0,0,0,0,0.0,0,0.0
4,Brock Riddle,185493,QB,INDIANA ST,1,50.0,2,2,7.0,1.5,0,0,0.0,50.0,1,0,0,0.0,2,0,0,191,61.8,48.6,48.4,,0,0,2,0,,56.3,0.0,0,0,0,0,0,0,0.0,3,1.5
4,Jaden Rashada,171886,QB,SACRAMENTO,1,100.0,2,2,41.0,3.1,0,1,33.3,100.0,2,0,1,0.0,2,0,2,279,62.7,93.5,93.6,,0,0,3,0,0.0,158.3,0.0,0,0,0,0,1,0,0.0,88,44.0
4,Cole Pennington,156787,QB,GARD-WEBB,1,50.0,2,2,4.5,1.75,0,0,0.0,0.0,0,0,1,100.0,2,1,0,171,61.8,54.6,54.5,,0,0,2,0,0.0,39.6,0.0,0,0,0,0,0,0,0.0,0,0.0
4,Jack Sulik,191977,QB,N DAKOTA,1,100.0,2,2,0.0,2.45,0,0,0.0,100.0,2,0,0,0.0,2,0,1,249,64.4,61.8,62.7,59.5,0,0,2,0,,87.5,0.0,0,0,0,0,0,0,0.0,10,5.0
4,Luke Flowers,192495,QB,MONTANA,1,100.0,2,2,-3.5,1.05,0,0,0.0,100.0,2,0,0,0.0,2,0,1,232,61.8,63.9,62.7,,0,0,2,0,,118.8,0.0,0,0,0,0,0,0,0.0,31,15.5
4,Joshua Jones,177098,QB,NC CENT,1,100.0,2,2,7.5,1.9,0,0,0.0,100.0,2,0,0,0.0,2,0,1,247,71.2,71.9,74.3,62.8,0,0,2,0,,106.3,0.0,0,0,0,0,0,0,0.0,19,9.5
4,Logan Gonzalez,159065,QB,IDAHO ST,1,100.0,2,2,-1.5,1.95,0,0,0.0,50.0,1,0,0,50.0,2,1,0,186,64.8,72.0,63.9,63.4,0,0,3,0,,56.3,0.0,0,0,0,0,0,0,0.0,2,1.0
4,Mike Chandler II,139371,QB,CAMPBELL,1,100.0,2,2,9.0,4.4,0,0,0.0,50.0,1,0,2,50.0,3,1,1,131,68.8,62.1,62.9,55.9,0,0,4,0,0.0,95.8,0.0,0,1,0,0,1,0,0.0,4,2.0
4,Lek Powell,187417,QB,CHARLES SO,1,100.0,2,2,11.5,3.2,0,0,0.0,100.0,2,0,2,0.0,4,0,1,135,63.8,76.6,70.4,64.1,0,0,5,0,50.0,118.8,25.0,1,1,0,0,0,0,0.0,26,13.0
4,Richard Torres,156456,QB,INCAR WORD,1,100.0,2,2,-1.5,1.2,0,0,0.0,100.0,2,0,0,0.0,2,0,0,189,61.8,62.8,62.6,,0,0,2,0,,79.2,0.0,0,0,0,0,0,0,0.0,0,0.0
4,Raymond Moore III,201451,QB,MORGAN ST,1,100.0,1,1,-2.0,1.4,0,0,0.0,100.0,1,0,0,0.0,1,0,1,235,65.9,65.1,61.0,62.2,0,0,1,0,,95.8,0.0,0,0,0,0,0,0,0.0,7,7.0
4,Eli Anderson,201571,QB,NWSTATE,1,0.0,1,1,4.0,4.1,0,0,0.0,0.0,0,0,0,,1,0,0,257,60.3,56.9,57.7,,0,0,1,0,,39.6,0.0,0,0,0,0,0,0,0.0,0,0.0
4,Earl Woods III,170445,QB,HAMPTON,1,100.0,1,1,-1.0,2.9,0,0,0.0,100.0,1,0,0,0.0,1,0,1,178,63.7,85.0,60.6,68.5,0,0,1,0,,118.8,0.0,0,0,0,0,0,0,0.0,17,17.0
4,Eddie Kasper,164785,WR,ILL STATE,1,100.0,1,1,38.0,4.0,0,0,0.0,100.0,1,0,1,0.0,1,0,1,188,72.6,63.3,49.9,,0,0,1,0,0.0,118.8,0.0,0,0,0,0,0,0,0.0,39,39.0
4,Aveon Smith,130529,QB,MERRIMACK,1,0.0,1,1,13.0,2.2,0,0,0.0,0.0,0,0,0,,1,0,0,385,67.5,60.0,55.3,62.0,0,0,1,0,,39.6,0.0,0,0,0,0,0,0,0.0,0,0.0
4,Kaden Cobb,156897,WR,HOWARD,1,100.0,1,1,23.0,3.6,0,0,0.0,100.0,1,0,0,0.0,1,0,1,184,60.3,66.9,76.2,,0,0,1,0,,158.3,0.0,0,0,0,0,1,0,0.0,17,17.0
4,Jaxon Baize,209008,QB,TXRG,1,0.0,1,1,6.0,1.8,0,0,0.0,0.0,0,0,0,,1,0,0,1445,60.3,26.1,26.6,,0,0,1,0,,39.6,0.0,0,0,0,0,0,1,100.0,0,0.0
4,Ean Rodrigue,178002,QB,NICHOLLS,1,,0,1,,4.1,0,0,0.0,0.0,0,0,1,,1,0,0,243,60.3,58.8,60.0,,0,0,1,0,0.0,39.6,0.0,0,0,0,1,0,0,0.0,0,0.0
4,JT Smith,178693,HB,NC A&T,1,0.0,1,1,18.0,2.7,0,0,0.0,0.0,0,0,1,,1,0,0,246,70.5,39.3,26.9,56.1,0,1,1,0,0.0,0.0,0.0,0,0,0,0,0,1,100.0,0,0.0
4,Chandler Wilson,177935,QB,VA MILT IN,1,100.0,1,1,-4.0,2.55,0,0,0.0,100.0,1,0,1,0.0,2,0,0,336,61.8,54.5,60.6,57.0,0,0,2,0,0.0,79.2,0.0,0,1,0,0,0,0,0.0,-3,-3.0
4,Luke Woodson,160519,HB,DRAKE,1,0.0,1,1,30.0,4.0,0,0,0.0,0.0,0,0,1,,1,0,0,153,71.9,62.0,49.9,66.0,0,0,1,0,0.0,39.6,0.0,0,0,0,0,0,0,0.0,0,0.0
4,Joey Tomasso,185315,QB,WM & MARY,1,0.0,1,1,1.0,3.0,0,0,0.0,0.0,0,0,0,,1,0,0,348,60.3,49.2,54.4,,0,0,1,0,,39.6,0.0,0,0,0,0,0,0,0.0,0,0.0
4,Ashley Tucker Jr.,73973,QB,ALAB A&M,1,100.0,1,1,6.0,4.0,0,0,0.0,0.0,0,0,0,100.0,2,1,1,104,64.4,37.7,41.1,57.0,0,1,2,0,,0.0,0.0,0,1,0,0,0,1,50.0,0,0.0
4,Bryce LaFollette,174792,P,TOWSON,1,100.0,1,1,9.0,1.9,0,0,0.0,100.0,1,0,0,0.0,1,0,1,317,63.7,73.1,71.5,60.0,0,0,1,0,,118.8,0.0,0,0,0,0,0,0,0.0,14,14.0
4,Dane Wallace,139528,WR,NWSTATE,1,0.0,1,1,30.0,3.7,0,0,0.0,0.0,0,0,0,,1,0,0,257,62.4,55.6,58.0,,0,1,1,0,,0.0,0.0,0,0,0,0,0,0,0.0,0,0.0
4,Courtland Simmons,173768,HB,AUSTINPEAY,1,0.0,1,1,29.0,3.2,0,0,0.0,0.0,0,0,0,,1,0,0,116,70.8,61.1,58.4,65.0,0,0,1,0,,39.6,0.0,0,0,0,0,0,0,0.0,0,0.0
4,Sam Slade,163930,HB,HOLY CROSS,1,,0,1,,2.6,0,0,0.0,0.0,0,0,1,,1,0,0,181,66.6,59.5,60.0,60.7,1,0,1,0,0.0,39.6,0.0,0,0,0,0,0,0,0.0,0,0.0
4,Alex Gevaudan,186621,QB,MERCYHURST,1,100.0,1,1,-2.0,1.4,0,0,0.0,100.0,1,0,0,0.0,1,0,0,977,60.3,60.8,60.6,,0,0,1,0,,79.2,0.0,0,0,0,0,0,0,0.0,-1,-1.0
4,Ashten Snelsire,159175,QB,RICHMOND,1,100.0,1,1,-5.0,3.1,0,0,0.0,100.0,1,0,0,0.0,1,0,1,276,63.7,59.2,61.0,58.7,0,0,1,0,,118.8,0.0,0,0,0,0,0,0,0.0,22,22.0
4,Ja'koby Banks,173037,WR,PRVIEW A&M,1,0.0,1,1,34.0,3.5,0,0,0.0,0.0,0,0,0,,1,0,0,270,60.3,53.9,58.0,,0,0,1,0,,39.6,0.0,0,0,0,0,0,0,0.0,0,0.0
4,Marcus Brown,189117,QB,VALPO,1,0.0,1,1,22.0,3.75,0,0,0.0,0.0,0,0,1,,2,0,0,332,66.4,45.6,49.4,53.9,0,0,3,0,0.0,39.6,0.0,0,1,0,0,0,0,0.0,0,0.0
4,Javion Martin,189270,QB,NC CENT,1,0.0,1,1,25.0,1.9,0,0,0.0,0.0,0,0,0,,1,0,0,247,63.7,51.6,50.4,60.0,0,0,1,0,,39.6,0.0,0,0,0,0,0,0,0.0,0,0.0
4,Bryce Bailey,121794,WR,TENN MARTN,1,100.0,1,1,8.0,3.5,0,0,0.0,100.0,1,0,0,0.0,1,0,1,310,10.5,47.1,60.4,63.1,0,0,1,0,,118.8,0.0,0,0,0,0,0,0,0.0,15,15.0
4,Caleb Sanchez,191601,QB,COLUMBIA,1,0.0,1,1,34.0,2.2,0,0,0.0,0.0,0,0,0,,1,0,0,145,60.3,37.6,38.3,,0,0,1,0,,39.6,0.0,0,0,0,0,0,1,100.0,0,0.0
4,Xander Menapace,171125,QB,COLUMBIA,1,100.0,1,1,3.0,2.4,0,0,0.0,100.0,1,0,0,0.0,1,0,1,145,67.5,73.0,71.8,62.5,0,0,1,0,,79.2,0.0,0,0,0,0,0,0,0.0,3,3.0
4,Jake Jensen,147512,QB,MONTANA,1,100.0,1,1,0.0,3.0,0,0,0.0,0.0,0,0,1,100.0,2,1,1,232,64.4,78.7,60.6,70.5,0,0,2,0,0.0,39.6,0.0,0,1,0,0,0,0,0.0,0,0.0
4,Colton Fitzgerald,145980,QB,W GEORGIA,1,0.0,1,1,23.0,1.8,0,0,0.0,0.0,0,0,1,,1,0,0,1177,67.5,49.6,52.5,56.7,0,0,1,0,0.0,39.6,0.0,0,0,0,0,0,0,0.0,0,0.0
4,John Dunmore,101705,WR,TOWSON,1,100.0,1,1,24.0,3.6,0,0,0.0,100.0,1,0,0,0.0,1,0,1,317,69.1,62.4,76.2,,0,0,1,0,,158.3,0.0,0,0,0,0,1,0,0.0,33,33.0
4,Mason McKenzie,207982,QB,SVSU,1,62.2,37,39,10.4,2.53,0,0,0.0,53.8,21,0,9,8.7,43,2,11,1082,72.3,70.7,69.4,67.0,0,1,46,1,11.1,74.8,2.3,1,3,1,1,2,0,0.0,201,5.2
4,Noah Bodden,150881,QB,ED WATERS,1,51.4,35,39,10.4,2.72,1,0,0.0,46.2,18,0,21,0.0,44,0,11,372,71.7,45.9,38.2,73.9,0,3,46,3,14.3,34.9,6.8,3,2,0,3,1,4,8.7,167,4.3
4,Chase Altis,207551,QB,GC,1,68.8,32,35,11.7,2.29,1,3,7.9,57.1,20,0,17,9.1,42,2,8,1533,23.4,42.7,46.0,56.5,1,2,45,2,35.3,50.9,14.3,6,1,0,1,0,5,11.1,210,6.0
4,Cole Michael Francis,211273,QB,TXWSLY,1,51.7,29,30,10.7,2.41,0,2,6.7,50.0,15,0,6,0.0,33,0,7,1457,68.4,49.8,46.6,64.3,0,2,33,0,33.3,46.1,6.1,2,1,0,1,0,3,9.1,217,7.2
4,Jackson Wasik,210569,QB,KYCRST,1,75.0,24,27,10.1,2.79,0,1,3.4,59.3,16,0,14,11.1,30,2,12,1474,69.9,66.7,66.3,64.9,1,0,33,1,7.1,126.3,3.3,1,2,0,2,3,1,3.0,245,9.1
4,Robert Brazziel,212065,QB,LINCOK,1,60.9,23,24,8.7,2.72,0,1,4.2,58.3,14,0,14,0.0,31,0,8,1452,68.8,59.5,62.9,53.1,0,2,31,0,21.4,43.4,9.7,3,4,1,0,0,0,0.0,158,6.6
4,Nick Billoups,131847,QB,LANECOL,1,54.5,11,13,11.6,3.09,0,2,15.4,38.5,5,0,9,16.7,17,1,3,942,26.8,39.2,30.7,61.3,1,1,17,0,33.3,20.0,17.6,3,1,0,1,0,3,17.6,56,4.3
4,Josh Sims,207647,QB,GC,1,60.0,10,10,11.6,1.96,0,1,10.0,50.0,5,0,1,16.7,10,1,3,1533,65.4,74.4,73.8,,0,1,10,0,0.0,30.0,0.0,0,0,0,0,0,0,0.0,62,6.2
4,Carson Rodgers,153036,QB,TXWSLY,1,77.8,9,10,8.6,2.55,0,2,20.0,50.0,5,0,5,28.6,11,2,3,1457,65.6,84.2,83.7,,1,0,11,0,20.0,72.9,9.1,1,0,0,0,0,0,0.0,70,7.0
4,Jay Carney,164716,QB,LINCOK,1,60.0,10,10,6.2,2.74,0,1,9.1,60.0,6,0,5,0.0,13,0,1,1452,67.1,61.0,59.9,60.9,0,0,14,0,20.0,72.5,7.7,1,2,0,0,0,0,0.0,49,4.9
4,Cameron Sheppard,210714,QB,LANECOL,1,33.3,3,3,17.3,4.68,0,0,0.0,33.3,1,0,2,0.0,4,0,1,942,16.8,29.8,42.3,44.1,0,1,4,0,0.0,2.8,0.0,0,1,0,0,0,1,25.0,1,0.3
4,Sky Forest,101055,QB,LANECOL,1,66.7,3,3,7.0,2.93,0,0,0.0,66.7,2,0,1,0.0,4,0,1,942,63.8,53.6,56.8,57.3,0,0,5,0,0.0,79.9,0.0,0,1,0,0,0,0,0.0,16,5.3
4,Tayden Carpenter,210605,QB,KYCRST,1,50.0,2,2,7.0,2.45,0,0,0.0,50.0,1,0,0,0.0,2,0,0,1474,61.8,27.0,27.2,,0,0,2,0,,62.5,0.0,0,0,0,0,0,1,50.0,9,4.5
4,BJ Higgins,160137,QB,ED WATERS,1,50.0,2,2,15.0,2.4,0,0,0.0,50.0,1,0,2,0.0,3,0,1,372,62.7,29.5,39.8,57.3,0,1,3,1,0.0,25.0,0.0,0,1,0,0,0,1,33.3,10,5.0
week,player,player_id,position,team_name,player_game_count,accuracy_percent,aimed_passes,attempts,avg_depth_of_target,avg_time_to_throw,bats,big_time_throws,btt_rate,completion_percent,completions,declined_penalties,def_gen_pressures,drop_rate,dropbacks,drops,first_downs,franchise_id,grades_hands_fumble,grades_offense,grades_pass,grades_run,hit_as_threw,interceptions,passing_snaps,penalties,pressure_to_sack_rate,qb_rating,sack_percent,sacks,scrambles,spikes,thrown_aways,touchdowns,turnover_worthy_plays,twp_rate,yards,ypa
5,Walker Eget,146170,QB,S JOSE ST,1,67.9,56,58,10.8,2.52,1,5,7.9,62.1,36,0,14,5.3,60,2,23,285,70.8,79.8,78.8,62.1,1,0,65,0,0.0,105.2,0.0,0,2,0,0,3,1,1.5,476,8.2
5,Miller Moss,70727,QB,LOUISVILLE,1,76.1,46,51,7.8,2.59,2,2,3.8,64.7,33,0,16,5.7,53,2,17,210,71.0,66.6,64.2,71.8,1,1,55,1,12.5,95.1,3.8,2,0,0,2,3,3,5.5,339,6.6
5,Caden Veltkamp,156642,QB,FAU,1,72.3,47,50,7.2,2.48,0,2,3.9,62.0,31,0,10,8.8,50,3,13,165,27.1,75.2,77.5,57.4,1,0,51,0,0.0,79.8,0.0,0,0,0,2,0,0,0.0,313,6.3
5,Micah Alejado,184162,QB,HAWAII,1,88.6,44,48,8.9,2.34,2,4,8.0,72.9,35,0,9,10.3,51,4,22,180,72.5,90.3,92.3,49.6,0,0,53,1,0.0,123.4,0.0,0,3,0,2,3,0,0.0,457,9.5
5,Noah Fifita,158722,QB,ARIZONA,1,75.6,45,48,9.7,2.97,1,1,2.1,66.7,32,0,12,5.9,51,2,14,109,70.8,71.4,69.2,65.9,0,2,51,0,8.3,76.1,2.0,1,2,0,2,2,2,3.9,253,5.3
5,Jaylen Raynor,172203,QB,ARK STATE,1,66.7,45,47,8.3,2.96,0,0,0.0,61.7,29,0,22,3.3,60,1,16,113,24.8,42.9,42.0,58.4,0,1,64,0,36.4,70.2,13.3,8,4,0,2,0,3,4.7,288,6.1
5,Brendan Sorsby,156398,QB,CINCINNATI,1,72.5,40,45,10.8,2.8,0,1,2.0,64.4,29,0,24,0.0,50,0,19,138,72.6,87.2,87.9,64.9,1,0,55,0,4.2,106.5,2.0,1,4,1,3,2,1,1.8,388,8.6
5,Jayden Maiava,158135,QB,USC,1,73.8,42,44,9.0,2.84,0,6,12.5,68.2,30,0,17,3.2,45,1,21,326,70.8,81.4,79.7,66.1,0,1,49,1,5.9,99.1,2.2,1,0,0,2,2,1,2.0,364,8.3
5,Ben Gulbranson,131734,QB,STANFORD,1,78.6,42,43,10.5,2.63,0,3,6.5,67.4,29,0,16,12.1,47,4,18,300,37.9,82.8,81.8,,0,0,50,0,25.0,116.8,8.5,4,0,0,1,2,2,4.0,444,10.3
5,Haynes King,124329,QB,GA TECH,1,77.5,40,42,6.3,2.68,0,1,2.3,66.7,28,0,12,9.7,42,3,11,176,75.8,79.3,71.3,74.5,0,0,44,0,0.0,89.7,0.0,0,0,0,2,1,0,0.0,243,5.8
5,Drake Lindsey,184727,QB,MINNESOTA,1,81.6,38,41,9.0,2.49,1,4,9.3,75.6,31,0,13,0.0,43,0,15,225,69.8,80.1,79.1,60.0,0,0,45,0,15.4,122.4,4.7,2,0,0,2,3,0,0.0,324,7.9
5,Zane Flores,174288,QB,OKLA STATE,1,66.7,36,41,7.5,2.86,0,2,4.8,56.1,23,0,22,4.2,45,1,10,262,70.6,62.2,58.9,71.0,1,0,46,0,9.1,72.4,4.4,2,2,0,4,0,2,4.3,232,5.7
5,Nicholas Vattiato,145302,QB,MIDDLE TN,1,77.5,40,41,6.2,2.49,0,1,2.2,65.9,27,0,9,12.9,47,4,14,224,70.5,61.3,67.6,45.9,0,1,52,0,11.1,75.1,2.1,1,5,0,1,0,3,5.8,278,6.8
5,Maverick McIvor,99476,QB,W KENTUCKY,1,77.8,36,40,5.7,2.21,4,3,6.4,67.5,27,0,9,3.6,42,1,14,346,70.8,80.5,79.8,64.9,0,0,49,0,22.2,99.7,4.8,2,0,0,0,1,0,0.0,317,7.9
5,Joey Aguilar,174978,QB,TENNESSEE,1,78.4,37,40,9.3,3.01,0,3,7.1,60.0,24,0,14,17.2,46,5,15,307,70.3,86.2,87.9,59.0,1,2,48,0,14.3,74.5,4.3,2,4,0,2,1,0,0.0,335,8.4
5,Sam Leavitt,175465,QB,ARIZONA ST,1,73.7,38,39,7.2,3.09,0,4,9.3,69.2,27,0,14,3.6,49,1,17,110,43.1,70.8,67.3,67.4,0,0,53,1,28.6,108.0,8.2,4,6,0,1,2,2,3.8,291,7.5
5,Dante Moore,173983,QB,OREGON,1,85.7,35,39,5.9,2.51,1,3,7.3,74.4,29,0,10,3.3,45,1,12,264,71.0,76.3,79.5,57.8,0,0,47,0,0.0,116.2,0.0,0,5,0,3,3,1,2.1,248,6.4
5,Trinidad Chambliss,178723,QB,OLE MISS,1,76.5,34,39,8.7,2.75,2,1,2.3,59.0,23,0,9,11.5,41,3,17,226,74.3,77.2,76.3,65.3,0,1,45,0,0.0,82.3,0.0,0,2,0,3,1,0,0.0,311,8.0
5,Malachi Nelson,174203,QB,UTEP,1,54.5,33,38,3.5,2.49,2,1,2.6,47.4,18,0,14,0.0,40,0,7,330,69.5,38.0,33.9,64.3,0,4,41,0,0.0,14.5,0.0,0,2,0,3,0,3,7.3,73,1.9
5,Ty Simpson,157008,QB,ALABAMA,1,70.3,37,38,8.3,2.77,0,2,5.1,63.2,24,0,9,7.7,41,2,19,103,70.8,72.0,67.4,72.2,1,0,42,0,0.0,102.5,0.0,0,2,0,0,2,2,4.8,276,7.3
5,Logan Fife,128176,QB,NEW MEX ST,1,67.6,34,37,10.5,2.67,3,1,2.5,54.1,20,0,16,13.0,50,3,11,242,71.0,51.6,47.6,65.3,0,1,54,0,56.3,64.6,18.0,9,4,0,0,0,3,5.6,255,6.9
5,Maddux Madsen,163379,QB,BOISE ST,1,82.9,35,37,8.4,2.55,1,3,7.7,67.6,25,0,6,13.8,39,4,15,120,31.8,89.3,90.0,57.3,0,0,41,0,16.7,130.6,2.6,1,1,0,1,4,1,2.4,321,8.7
5,Rickie Collins,172474,QB,SYRACUSE,1,71.4,35,37,9.3,2.76,2,1,2.3,64.9,24,0,15,4.0,41,1,12,304,30.0,61.9,61.8,57.9,0,1,47,0,13.3,70.0,4.9,2,2,0,0,0,4,8.5,223,6.0
5,Dylan Lonergan,172386,QB,BOSTON COL,1,71.9,32,36,8.2,2.8,2,1,2.6,58.3,21,0,9,8.7,40,2,9,121,69.2,51.0,50.7,57.4,0,2,43,0,11.1,50.3,2.5,1,3,0,2,0,3,7.0,197,5.5
5,Sawyer Robertson,146839,QB,BAYLOR,1,71.4,35,36,10.9,2.84,0,2,5.0,66.7,24,0,16,4.0,39,1,15,118,70.1,78.4,77.0,64.1,0,0,43,1,0.0,139.8,0.0,0,2,0,1,4,1,2.3,390,10.8
5,Baylor Hayes,192135,QB,TULSA,1,61.3,31,36,10.2,3.1,0,0,0.0,50.0,18,0,23,5.3,46,1,10,320,70.0,29.9,29.4,56.1,1,1,49,0,26.1,69.8,13.0,6,4,0,4,1,4,8.2,245,6.8
5,Conner Weigman,158683,QB,HOUSTON,1,66.7,33,36,9.1,2.74,0,3,7.9,55.6,20,0,14,9.1,40,2,12,182,70.5,62.8,60.5,64.1,2,1,43,0,21.4,86.6,7.5,3,1,0,1,2,1,2.3,270,7.5
5,Bishop Davenport,163426,QB,S ALABAMA,1,61.3,31,35,6.3,2.76,0,0,0.0,48.6,17,0,13,10.5,40,2,12,288,73.2,60.2,52.0,68.9,1,1,43,1,7.7,63.4,2.5,1,4,0,3,1,2,4.7,195,5.6
5,CJ Bailey,183349,QB,NC STATE,1,82.4,34,35,7.7,2.85,0,1,2.8,74.3,26,0,11,7.1,41,2,13,248,70.4,72.6,72.4,60.8,0,0,42,1,36.4,111.6,9.8,4,2,0,1,2,1,2.4,240,6.9
5,Chandler Morris,122938,QB,VIRGINIA,1,79.4,34,35,7.4,3.0,0,1,2.8,74.3,26,0,15,3.7,41,1,17,335,70.0,72.1,60.6,83.5,0,3,42,0,13.3,74.6,4.9,2,4,0,1,2,2,4.8,229,6.5
5,Diego Pavia,156927,QB,VANDERBILT,1,82.4,34,34,10.1,2.66,0,3,8.8,76.5,26,0,12,7.1,39,2,20,333,71.1,91.2,84.8,83.8,0,1,39,0,8.3,132.5,2.6,1,4,0,0,5,1,2.6,321,9.4
5,Garrett Nussmeier,146757,QB,LSU,1,69.7,33,34,10.1,2.53,0,1,2.6,61.8,21,0,8,8.7,36,2,9,211,69.5,58.4,58.8,56.7,0,1,41,0,12.5,75.2,2.8,1,1,0,1,1,2,4.9,197,5.8
5,Athan Kaliakmanis,144971,QB,RUTGERS,1,66.7,33,34,11.0,2.86,0,2,5.7,61.8,21,0,14,4.5,43,1,16,278,70.1,61.6,58.4,66.5,0,1,44,0,50.0,91.4,16.3,7,2,0,1,2,4,9.1,249,7.3
5,Jaron-Keawe Sagapolutele,198237,QB,CAL,1,71.0,31,34,9.0,2.59,1,3,7.7,64.7,22,0,8,0.0,35,0,12,130,70.3,57.0,57.6,54.5,1,1,40,0,0.0,94.5,0.0,0,1,0,1,2,2,5.0,254,7.5
5,Kyron Drones,144506,QB,VA TECH,1,71.9,32,34,6.8,2.69,0,4,11.4,58.8,20,0,12,13.0,38,3,8,337,72.1,78.9,82.4,59.0,0,0,39,0,16.7,92.4,5.3,2,2,0,2,2,1,2.6,177,5.2
5,Maalik Murphy,157302,QB,OREGON ST,1,70.0,30,33,8.2,2.69,1,1,3.0,60.6,20,0,6,4.8,34,1,8,265,29.9,65.8,68.1,51.3,1,0,34,0,16.7,88.1,2.9,1,0,0,1,1,1,2.9,201,6.1
5,Jackson Arnold,173684,QB,AUBURN,1,65.5,29,33,5.3,2.79,1,1,2.9,54.5,18,0,20,5.3,43,1,6,115,71.4,53.2,44.8,67.3,1,0,47,0,25.0,63.3,11.6,5,5,0,2,0,2,4.3,125,3.8
5,Josh Hoover,127148,QB,TCU,1,68.8,32,32,9.2,2.32,0,6,16.7,62.5,20,0,9,9.1,40,2,12,305,36.2,59.4,59.2,59.5,0,2,44,0,66.7,59.6,15.0,6,2,0,0,0,4,9.1,242,7.6
5,Tommy Castellanos,158433,QB,FLORIDA ST,1,69.0,29,32,11.8,2.98,1,3,8.8,56.3,18,0,10,10.0,34,2,12,167,44.4,88.8,91.1,62.7,0,2,36,0,0.0,66.4,0.0,0,2,0,2,1,1,2.8,254,7.9
5,Taylen Green,145996,QB,ARKANSAS,1,72.4,29,32,9.2,2.84,1,2,5.9,53.1,17,0,9,19.0,37,4,7,111,71.5,73.1,67.0,72.1,1,1,40,0,33.3,60.3,8.1,3,2,0,1,0,2,5.0,207,6.5
5,Joe Fagnano,104768,QB,UCONN,1,70.0,30,32,7.0,2.73,0,1,3.0,59.4,19,0,11,9.5,37,2,11,146,69.3,74.1,65.8,78.3,0,0,38,0,9.1,82.2,2.7,1,4,1,1,1,1,2.6,155,4.8
5,Carlos Del Rio-Wilson,146687,QB,MARSHALL,1,77.4,31,32,5.4,2.64,0,1,2.9,75.0,24,0,12,0.0,39,0,16,214,73.7,74.8,69.2,69.8,0,0,41,1,16.7,129.4,5.1,2,5,0,1,3,0,0.0,258,8.1
5,Jake Retzlaff,70874,QB,TULANE,1,67.9,28,31,11.6,3.13,2,1,3.2,54.8,17,0,13,10.5,35,2,13,319,36.8,72.6,73.3,62.0,0,0,35,0,15.4,80.3,5.7,2,2,0,1,0,2,5.7,242,7.8
5,AJ Hairston,184157,QB,UMASS,1,51.9,27,31,9.2,2.49,0,0,0.0,35.5,11,0,18,21.4,31,3,5,216,68.4,50.7,52.2,,3,1,32,1,0.0,41.5,0.0,0,0,0,1,1,1,3.1,75,2.4
5,CJ Carr,184093,QB,NOTRE DAME,1,75.9,29,31,10.9,2.53,0,1,2.9,71.0,22,0,8,0.0,32,0,19,258,68.7,69.1,66.9,63.1,0,0,36,1,0.0,148.4,0.0,0,1,0,2,4,1,2.8,354,11.4
5,Beau Pribula,164182,QB,MISSOURI,1,92.9,28,30,4.6,2.41,0,0,0.0,86.7,26,0,10,0.0,35,0,16,229,69.1,72.6,74.0,55.5,1,1,35,0,40.0,97.4,11.4,4,1,1,0,1,1,2.9,241,8.0
5,Jack Layne,158966,QB,NEW MEXICO,1,85.7,28,30,10.6,2.58,0,3,9.1,76.7,23,0,7,4.2,34,1,14,241,69.3,88.3,91.2,50.7,0,0,38,0,0.0,147.6,0.0,0,3,0,2,4,0,0.0,303,10.1
5,Jalon Daniels,122555,QB,KANSAS,1,74.1,27,29,13.8,3.58,0,3,10.0,65.5,19,0,8,5.0,34,1,19,198,24.1,82.2,89.9,56.9,1,0,36,0,12.5,148.3,2.9,1,4,0,1,4,0,0.0,445,15.3
5,Drew Pyne,122910,QB,BOWL GREEN,1,67.9,28,29,9.2,2.69,1,0,0.0,65.5,19,0,12,0.0,36,0,9,122,69.7,44.2,49.4,57.0,0,3,37,3,33.3,53.0,11.1,4,2,0,0,1,2,5.4,170,5.9
5,Gunnar Gray,171202,QB,BUFFALO,1,67.9,28,29,8.9,2.17,0,1,3.4,58.6,17,0,7,10.5,29,2,6,126,68.7,48.4,46.6,60.0,1,0,29,0,0.0,80.4,0.0,0,0,0,0,1,2,6.9,125,4.3
5,Darian Mensah,169984,QB,DUKE,1,84.6,26,29,5.6,2.47,0,0,0.0,75.9,22,0,7,0.0,32,0,12,154,68.7,74.2,71.9,63.7,0,0,36,1,28.6,126.8,6.3,2,1,0,3,2,0,0.0,268,9.2
5,Blake Shapen,122282,QB,MISS STATE,1,80.8,26,29,7.0,2.48,1,2,6.7,62.1,18,0,12,14.3,38,3,7,227,34.5,60.9,65.9,49.4,0,1,39,0,50.0,76.8,15.8,6,3,0,2,1,2,5.1,180,6.2
5,Nico Iamaleava,174728,QB,UCLA,1,80.0,25,28,11.8,2.88,0,1,3.3,67.9,19,0,13,5.0,35,1,13,324,71.7,83.2,78.8,71.6,1,0,37,0,23.1,97.3,8.6,3,4,1,1,1,0,0.0,180,6.4
5,Jackson Brousseau,173480,QB,COLO STATE,1,83.3,24,28,8.8,3.1,0,0,0.0,67.9,19,0,22,5.0,40,1,12,144,69.1,58.7,50.8,71.3,3,0,43,0,18.2,86.6,10.0,4,7,0,1,0,1,2.3,188,6.7
5,Julian Sayin,183708,QB,OHIO STATE,1,88.0,25,28,4.9,2.97,0,0,0.0,78.6,22,0,9,0.0,32,0,14,260,68.5,59.7,62.6,50.9,0,0,34,0,11.1,121.4,3.1,1,3,0,3,2,0,0.0,208,7.4
5,Robby Ashford,131702,QB,WAKE,1,60.0,25,28,11.5,3.06,1,2,6.9,46.4,13,0,10,13.3,32,2,10,339,72.0,76.4,79.0,63.3,1,0,33,1,0.0,73.4,0.0,0,4,0,1,0,1,3.0,219,7.8
5,Noah Kim,129623,QB,E MICHIGAN,1,69.2,26,28,7.3,2.85,0,0,0.0,60.7,17,0,10,5.6,33,1,9,160,31.9,52.1,59.5,43.8,0,1,35,0,20.0,63.8,6.1,2,3,0,2,0,1,2.9,175,6.3
5,Drew Mestemaker,190616,QB,N TEXAS,1,53.6,28,28,9.5,3.4,0,0,0.0,53.6,15,0,12,0.0,32,0,9,251,34.0,59.4,62.1,52.8,0,0,34,0,8.3,93.8,3.1,1,3,0,0,1,0,0.0,236,8.4
5,Zevi Eckhaus,148535,QB,WASH STATE,1,66.7,27,28,13.0,2.54,0,2,6.9,57.1,16,0,13,11.1,30,2,10,341,72.7,79.2,70.8,77.0,0,0,31,0,7.7,101.6,3.3,1,0,0,1,2,0,0.0,189,6.8
5,Colton Joseph,172283,QB,DOMINION,1,69.2,26,27,16.9,2.6,0,3,10.3,66.7,18,0,3,0.0,28,0,11,263,42.1,75.3,74.9,64.7,0,1,30,1,33.3,121.1,3.6,1,0,0,1,3,1,3.3,271,10.0
5,Bear Bachmeier,203434,QB,BYU,1,80.0,25,27,5.1,2.49,0,0,0.0,70.4,19,0,10,5.0,31,1,13,128,43.6,74.8,66.8,73.7,1,0,36,0,0.0,113.0,0.0,0,4,0,1,2,0,0.0,179,6.6
5,Eli Holstein,172381,QB,PITTSBURGH,1,69.6,23,26,11.4,2.71,2,3,11.5,53.8,14,0,13,12.5,30,2,8,268,69.8,50.1,50.4,56.0,1,2,30,0,7.7,77.1,3.3,1,3,0,0,2,2,6.7,228,8.8
5,Devon Dampier,171556,QB,UTAH,1,91.7,24,26,8.8,2.78,0,1,3.7,80.8,21,0,8,4.5,29,1,14,328,35.1,72.9,84.0,47.8,1,1,30,0,0.0,128.2,0.0,0,3,0,1,4,1,3.3,237,9.1
5,Luke Altmyer,146802,QB,ILLINOIS,1,76.9,26,26,6.5,2.26,0,0,0.0,76.9,20,0,6,0.0,27,0,13,187,70.8,85.2,76.8,73.8,0,0,29,0,16.7,143.9,3.7,1,0,0,0,2,0,0.0,328,12.6
5,Blake Baker,170448,QB,LA TECH,1,79.2,24,26,5.8,2.39,1,0,0.0,69.2,18,0,14,5.3,34,1,6,208,22.7,50.9,43.3,66.6,1,1,36,0,35.7,78.5,14.7,5,3,0,0,1,2,5.6,137,5.3
5,Drew Allar,164157,QB,PENN STATE,1,69.6,23,25,7.5,2.77,1,2,8.0,56.0,14,0,15,12.5,31,2,7,266,70.3,72.2,61.9,77.2,1,1,31,0,13.3,81.6,6.5,2,3,0,0,2,2,6.5,137,5.5
5,Mark Gronowski,138303,QB,IOWA,1,87.5,24,25,4.8,2.53,1,0,0.0,76.0,19,0,7,9.5,29,2,10,192,30.0,73.0,83.7,46.8,0,1,29,0,14.3,72.8,3.4,1,3,0,0,0,0,0.0,144,5.8
5,Parker Navarro,123758,QB,OHIO,1,70.8,24,25,8.7,2.77,0,1,3.8,68.0,17,0,12,0.0,32,0,12,259,15.1,51.0,47.4,60.2,0,1,33,0,25.0,103.4,9.4,3,4,0,1,2,3,9.1,208,8.3
5,Avery Johnson,173108,QB,KANSAS ST,1,83.3,24,25,8.0,3.29,0,0,0.0,72.0,18,0,9,10.0,30,2,12,199,22.5,71.9,73.5,61.8,0,0,30,0,11.1,116.8,3.3,1,4,0,1,2,2,6.7,168,6.7
5,Aidan Armenta,175731,QB,LA MONROE,1,69.6,23,25,10.0,2.68,1,2,8.0,64.0,16,0,6,0.0,28,0,8,209,70.6,58.9,57.0,60.9,0,1,28,1,0.0,94.6,0.0,0,2,0,1,2,1,3.6,175,7.0
5,AJ Swann,157186,QB,APP STATE,1,61.9,21,24,8.8,2.36,0,0,0.0,45.8,11,0,14,15.4,27,2,4,108,68.1,28.4,29.3,,1,2,29,2,21.4,31.9,11.1,3,0,0,2,1,3,10.3,64,2.7
5,Tayven Jackson,157615,QB,UCF,1,56.5,23,24,9.3,2.73,0,0,0.0,50.0,12,0,8,7.7,28,1,3,323,69.7,40.1,39.1,61.3,1,1,29,2,37.5,46.4,10.7,3,1,0,0,0,2,6.9,115,4.8
5,JC French IV,162521,QB,GA SOUTHRN,1,60.9,23,24,8.4,2.57,0,0,0.0,58.3,14,0,15,0.0,34,0,7,174,32.6,45.9,44.8,57.5,0,0,36,0,46.7,93.2,20.6,7,3,0,1,1,2,5.6,165,6.9
5,Katin Houser,158386,QB,E CAROLINA,1,72.7,22,23,10.3,2.33,1,3,12.5,69.6,16,0,7,0.0,25,0,12,156,20.6,70.9,86.0,39.6,0,1,26,0,14.3,116.6,4.0,1,1,0,0,2,2,7.7,252,11.0
5,Marcel Reed,175940,QB,TEXAS A&M,1,81.8,22,23,12.0,2.93,0,2,7.7,65.2,15,0,12,16.7,28,3,11,312,20.6,77.2,85.5,44.9,0,1,32,1,25.0,75.8,10.7,3,2,0,1,0,1,3.1,207,9.0
5,Fernando Mendoza,158323,QB,INDIANA,1,65.0,20,23,11.0,2.66,0,2,8.0,56.5,13,0,12,0.0,30,0,12,190,70.7,67.9,67.3,64.7,2,1,32,1,16.7,102.3,6.7,2,5,0,1,2,1,3.1,233,10.1
5,Henry Hesson,145798,QB,MIAMI OH,1,70.0,20,23,13.3,2.42,0,2,8.7,56.5,13,0,6,7.1,25,1,7,221,68.3,61.4,63.9,52.9,0,0,25,0,0.0,115.9,0.0,0,2,2,1,2,1,4.0,208,9.0
5,Braylon Braxton,144442,QB,SO MISS,1,76.5,17,22,8.3,3.04,2,2,8.3,59.1,13,0,13,0.0,28,0,8,296,35.1,59.3,51.1,67.2,0,0,30,0,15.4,110.4,7.1,2,4,0,3,2,2,6.7,152,6.9
5,Bryson Barnes,131845,QB,UTAH ST,1,83.3,18,22,8.9,2.92,0,1,4.3,68.2,15,0,16,0.0,26,0,8,329,30.5,73.3,80.5,55.0,2,0,27,0,6.3,129.0,3.8,1,3,0,2,3,0,0.0,161,7.3
5,Alonza Barnett III,156710,QB,JAMES MAD,1,73.7,19,22,7.9,2.75,1,2,8.0,50.0,11,0,8,21.4,23,3,9,197,36.5,81.4,84.5,62.7,0,0,26,0,0.0,86.9,0.0,0,1,0,2,1,0,0.0,148,6.7
5,Demond Williams Jr.,183648,QB,WASHINGTON,1,81.8,22,22,5.8,3.06,0,0,0.0,81.8,18,0,18,0.0,34,0,11,340,69.1,64.0,67.2,55.5,0,0,34,0,33.3,99.4,17.6,6,6,0,0,0,0,0.0,173,7.9
5,Chase Jenkins,173242,QB,RICE,1,65.0,20,21,12.8,2.57,1,3,13.6,57.1,12,0,13,7.7,27,1,7,275,71.5,68.4,73.5,55.3,0,0,28,0,15.4,88.2,7.4,2,3,0,0,1,0,0.0,114,5.4
5,Rocco Becht,157567,QB,IOWA STATE,1,84.2,19,20,9.9,2.58,1,2,9.5,70.0,14,0,7,12.5,23,2,9,193,71.3,67.9,65.6,64.9,0,1,24,0,28.6,90.2,8.7,2,1,0,0,0,1,4.2,243,12.2
5,Gunner Stockton,157072,QB,GEORGIA,1,84.2,19,20,8.2,2.51,1,2,9.1,65.0,13,0,5,18.8,24,3,5,173,69.0,75.4,71.7,68.1,0,0,26,0,40.0,100.0,8.3,2,1,0,0,1,1,3.8,130,6.5
5,Jayden Denegal,158533,QB,S DIEGO ST,1,75.0,20,20,8.3,3.12,0,1,4.5,65.0,13,0,8,13.3,26,2,9,284,70.6,68.1,67.4,61.8,0,2,28,0,25.0,39.6,7.7,2,4,0,0,0,1,3.6,110,5.5
5,Broc Lowry,173383,QB,W MICHIGAN,1,83.3,18,20,6.4,2.8,0,0,0.0,75.0,15,0,6,0.0,23,0,9,347,72.5,79.7,67.4,76.2,0,0,23,0,16.7,111.0,4.3,1,2,0,2,1,0,0.0,143,7.2
5,Cutter Boley,184630,QB,KENTUCKY,1,55.6,18,20,11.1,2.67,0,0,0.0,50.0,10,0,11,0.0,29,0,5,202,10.2,28.8,27.6,62.4,0,2,30,1,54.5,29.4,20.7,6,2,0,2,0,5,16.7,121,6.1
5,Brendon Lewis,131687,QB,MEMPHIS,1,87.5,16,19,15.0,3.36,0,3,15.0,68.4,13,0,15,7.1,29,1,7,218,35.1,76.2,74.3,66.5,0,0,30,0,20.0,137.2,10.3,3,7,0,3,2,1,3.3,196,10.3
5,Tucker Gleason,122475,QB,TOLEDO,1,94.1,17,19,7.5,3.09,0,0,0.0,84.2,16,0,8,0.0,20,0,11,316,68.5,84.0,86.4,64.7,1,0,20,1,0.0,157.3,0.0,0,1,0,1,3,0,0.0,233,12.3
5,Preston Stone,124716,QB,NWESTERN,1,81.3,16,18,9.5,2.76,2,2,10.0,66.7,12,0,5,7.7,22,1,7,256,68.2,75.9,74.2,65.1,0,0,24,0,40.0,102.8,9.1,2,2,0,0,1,0,0.0,115,6.4
5,Deuce Bailey,198907,QB,MO STATE,1,46.7,15,17,7.9,4.07,0,0,0.0,41.2,7,0,12,0.0,23,0,8,230,69.0,69.3,60.1,72.2,0,0,26,0,0.0,70.0,0.0,0,6,1,1,1,0,0.0,57,3.4
5,Amari Odom,178686,QB,KENNESAW,1,75.0,16,17,10.3,3.01,0,3,16.7,64.7,11,0,7,8.3,20,1,7,200,69.2,75.3,82.6,56.1,0,0,21,0,0.0,134.9,0.0,0,3,0,1,2,0,0.0,162,9.5
5,Caden Creel,170414,QB,JVILLE ST,1,56.3,16,17,5.5,3.15,0,0,0.0,52.9,9,0,11,0.0,25,0,8,196,43.7,55.3,28.6,74.4,0,2,27,1,18.2,52.9,8.0,2,6,0,1,1,2,7.4,109,6.4
5,Joe Labas,144847,QB,C MICHIGAN,1,87.5,16,16,3.4,2.48,0,0,0.0,87.5,14,0,5,0.0,16,0,7,134,69.5,63.6,57.7,67.6,0,0,16,0,0.0,123.4,0.0,0,0,0,0,1,0,0.0,138,8.6
5,Kaidon Salter,132046,QB,COLORADO,1,78.6,14,16,6.9,3.63,1,0,0.0,68.8,11,0,8,0.0,25,0,8,143,71.8,59.1,38.3,73.9,0,1,26,0,37.5,85.2,12.0,3,6,0,1,1,2,7.7,119,7.4
5,Daniel Beale,197861,QB,LA LAFAYET,1,53.3,15,15,11.4,3.18,0,0,0.0,46.7,7,0,7,12.5,18,1,5,207,23.4,49.0,45.9,61.6,0,2,19,0,14.3,21.4,5.6,1,2,0,0,0,1,5.3,72,4.8
5,Jacob Clark,101628,QB,MO STATE,1,53.3,15,15,12.3,3.03,0,1,6.7,53.3,8,0,6,0.0,18,0,6,230,66.8,61.2,66.0,51.4,0,0,18,0,0.0,86.3,0.0,0,3,0,0,0,1,5.6,143,9.5
5,LaNorris Sellers,174326,QB,S CAROLINA,1,85.7,14,14,6.9,3.33,0,0,0.0,78.6,11,0,11,8.3,21,1,10,289,71.3,87.4,79.6,75.4,0,0,22,0,18.2,112.2,9.5,2,5,0,0,0,0,0.0,153,10.9
5,Jacob Conover,70963,QB,UTAH ST,1,78.6,14,14,6.8,2.2,0,1,6.7,78.6,11,0,4,0.0,16,0,6,329,66.7,64.6,66.4,57.3,0,0,17,0,25.0,133.6,6.3,1,1,0,0,2,0,0.0,92,6.6
5,Josh Holst,171312,QB,N ILLINOIS,1,58.3,12,14,6.7,2.97,0,0,0.0,42.9,6,0,6,14.3,23,1,4,254,69.4,42.7,45.1,51.7,0,0,24,0,33.3,52.4,8.7,2,7,0,2,0,0,0.0,49,3.5
5,Lunch Winfield,176367,QB,LA LAFAYET,1,58.3,12,13,15.8,3.22,0,2,14.3,53.8,7,0,5,0.0,17,0,9,207,72.1,82.3,67.0,78.5,1,0,18,0,0.0,126.6,0.0,0,4,0,0,2,1,5.6,125,9.6
5,Blake Horvath,162555,QB,NAVY,1,66.7,12,13,10.6,2.74,0,2,15.4,61.5,8,0,5,0.0,14,0,9,237,75.9,81.7,72.2,74.3,0,1,14,0,0.0,73.4,0.0,0,1,0,1,0,1,7.1,172,13.2
5,Michael Johnson Jr.,97796,QB,AKRON,1,66.7,12,13,8.7,2.69,0,0,0.0,53.8,7,0,5,12.5,18,1,2,102,71.2,56.2,53.4,60.0,1,0,18,1,40.0,59.5,11.1,2,3,0,0,0,0,0.0,28,2.2
5,Hank Brown,172439,QB,IOWA,1,54.5,11,13,7.0,2.85,0,0,0.0,38.5,5,0,6,16.7,13,1,3,192,66.0,54.7,54.3,,2,1,13,0,0.0,17.5,0.0,0,0,0,0,0,0,0.0,48,3.7
5,Liam Szarka,197814,QB,AIR FORCE,1,90.9,11,12,14.4,3.57,0,4,30.8,83.3,10,0,6,0.0,15,0,8,101,74.0,91.0,91.6,71.7,0,1,16,0,33.3,123.6,13.3,2,1,0,1,3,1,6.3,278,23.2
5,Brayden Roggow,184145,QB,AKRON,1,63.6,11,12,8.3,2.24,0,0,0.0,58.3,7,0,2,0.0,12,0,3,102,65.8,60.8,60.2,,0,0,12,0,0.0,68.4,0.0,0,0,0,1,0,0,0.0,51,4.3
5,Michael Merdinger,183334,QB,LIBERTY,1,54.5,11,11,8.3,3.23,0,1,9.1,54.5,6,0,5,0.0,15,0,3,206,70.0,57.3,57.3,57.1,0,0,15,0,60.0,76.7,20.0,3,1,0,0,0,0,0.0,77,7.0
5,Dewayne Coleman,163179,QB,ARMY,1,100.0,8,9,7.1,3.71,0,1,10.0,55.6,5,0,4,37.5,11,3,2,114,39.8,61.2,83.2,51.4,0,0,12,0,25.0,65.0,9.1,1,1,0,1,0,0,0.0,36,4.0
5,Grant Jordan,151147,QB,UMASS,1,66.7,6,8,12.0,2.89,2,0,0.0,37.5,3,0,3,25.0,8,1,2,216,64.6,71.3,70.8,,0,0,8,0,0.0,49.0,0.0,0,0,0,0,0,0,0.0,30,3.8
5,Gavin Wimsatt,155757,QB,JVILLE ST,1,71.4,7,8,0.3,2.08,0,0,0.0,50.0,4,0,5,20.0,10,1,2,196,24.3,49.7,35.3,66.2,0,0,10,0,40.0,56.3,20.0,2,0,0,1,0,1,10.0,19,2.4
5,Jaylen Henderson,146054,QB,W VIRGINIA,1,42.9,7,7,5.3,2.23,0,0,0.0,42.9,3,0,5,0.0,11,0,2,343,27.4,26.9,20.8,64.4,0,0,12,0,40.0,50.9,18.2,2,2,0,0,0,3,25.0,22,3.1
5,Cole Gonzales,159939,QB,PITTSBURGH,1,60.0,5,6,14.0,2.66,0,0,0.0,50.0,3,0,7,0.0,7,0,1,268,64.6,30.4,30.1,,1,1,7,0,14.3,25.7,14.3,1,0,0,0,0,2,28.6,31,5.2
5,Khalil Wilkins,189946,QB,W VIRGINIA,1,66.7,6,6,16.2,2.37,0,0,0.0,50.0,3,0,2,25.0,6,1,1,343,72.1,51.2,44.2,60.7,0,0,8,0,0.0,127.1,0.0,0,0,0,0,1,0,0.0,63,10.5
5,Skyler Locklear,164027,QB,UTEP,1,66.7,6,6,15.0,2.74,0,1,12.5,66.7,4,0,1,0.0,7,0,2,330,65.1,54.6,57.1,57.3,0,1,9,0,0.0,109.0,0.0,0,1,0,0,1,1,11.1,74,12.3
5,Sam Jackson V,144682,QB,OKLA STATE,1,75.0,4,4,12.0,3.94,0,0,0.0,75.0,3,0,1,0.0,5,0,3,262,67.2,68.8,75.0,63.3,0,0,5,0,0.0,152.1,0.0,0,1,0,0,1,0,0.0,46,11.5
5,Byrd Ficklin,199457,QB,UTAH,1,100.0,4,4,12.3,3.1,0,1,25.0,100.0,4,0,4,0.0,5,0,4,328,68.9,90.3,91.4,66.1,0,0,5,0,0.0,158.3,0.0,0,1,0,0,1,0,0.0,53,13.3
5,Cale Hellums,170981,QB,ARMY,1,33.3,3,3,13.7,4.17,0,0,0.0,33.3,1,0,4,0.0,7,0,1,114,69.7,49.8,53.1,54.6,0,0,7,0,0.0,47.9,0.0,0,4,0,0,0,0,0.0,13,4.3
5,Brady Jones,200039,QB,W MICHIGAN,1,66.7,3,3,5.7,2.88,0,0,0.0,66.7,2,0,3,0.0,5,0,2,347,21.7,51.3,32.9,68.4,0,1,5,0,0.0,36.1,0.0,0,1,0,0,0,0,0.0,13,4.3
5,Kalieb Osborne,184132,QB,TOLEDO,1,66.7,3,3,13.0,2.82,0,1,33.3,66.7,2,0,1,0.0,5,0,2,316,66.8,87.5,71.0,76.9,0,0,5,0,100.0,109.7,20.0,1,1,0,0,0,0,0.0,42,14.0
5,Angel Flores,164493,QB,C MICHIGAN,1,50.0,2,3,13.0,1.87,0,0,0.0,33.3,1,0,1,0.0,3,0,1,134,77.0,65.9,32.8,69.5,0,0,3,0,0.0,81.9,0.0,0,0,1,0,1,1,33.3,2,0.7
5,Deshawn Purdie,184271,QB,WAKE,1,50.0,2,3,11.0,3.28,1,0,0.0,33.3,1,0,2,0.0,4,0,0,339,65.2,53.5,60.0,54.2,0,0,4,0,0.0,49.3,0.0,0,1,0,0,0,0,0.0,14,4.7
5,Parker Kingston,163251,WR,BYU,1,0.0,1,2,33.0,4.05,0,0,0.0,0.0,0,0,1,,2,0,0,128,69.7,59.6,47.5,60.7,0,0,2,0,0.0,39.6,0.0,0,0,0,1,0,0,0.0,0,0.0
5,Tommy Ulatowski,163150,QB,KENNESAW,1,100.0,1,2,0.0,2.75,0,0,0.0,50.0,1,0,1,0.0,2,0,0,200,67.6,56.0,58.9,57.7,0,0,2,0,0.0,56.3,0.0,0,0,0,1,0,0,0.0,2,1.0
5,Bert Emanuel Jr.,158581,QB,S DIEGO ST,1,50.0,2,2,8.0,2.55,0,0,0.0,50.0,1,0,0,0.0,2,0,0,284,64.4,58.5,63.1,57.3,0,0,2,0,,56.3,0.0,0,0,0,0,0,0,0.0,5,2.5
5,John Alan Richter,156999,QB,TOLEDO,1,100.0,2,2,1.5,3.57,0,0,0.0,100.0,2,0,1,0.0,3,0,2,316,62.7,52.5,57.4,57.3,0,0,3,0,0.0,95.8,0.0,0,1,0,0,0,0,0.0,14,7.0
5,Jacurri Brown,156344,QB,UCF,1,50.0,2,2,20.0,3.6,0,0,0.0,50.0,1,0,2,0.0,3,0,1,323,9.0,25.0,37.4,30.2,0,1,3,0,0.0,95.8,0.0,0,1,0,0,1,1,33.3,82,41.0
5,Brendan Sullivan,145034,QB,TULANE,1,50.0,2,2,1.0,3.68,0,0,0.0,50.0,1,0,2,0.0,4,0,0,319,68.0,54.9,51.6,59.7,0,0,6,0,50.0,64.6,25.0,1,1,0,0,0,0,0.0,10,5.0
5,Billy Wiles,144144,QB,APP STATE,1,50.0,2,2,9.5,2.68,0,0,0.0,50.0,1,0,2,0.0,4,0,0,108,11.1,24.8,25.0,,0,1,4,0,100.0,16.7,50.0,2,0,0,0,0,2,50.0,1,0.5
5,Noah Gillon,198101,QB,APP STATE,1,0.0,1,2,17.0,3.0,1,0,0.0,0.0,0,0,1,,2,0,0,108,61.8,27.8,31.9,,0,0,2,1,0.0,39.6,0.0,0,0,0,0,0,1,50.0,0,0.0
5,Brady Davidson,199832,QB,N ILLINOIS,1,50.0,2,2,8.0,3.15,0,0,0.0,50.0,1,0,1,0.0,2,0,0,254,61.8,27.1,27.2,,0,1,2,0,0.0,20.8,0.0,0,0,0,0,0,1,50.0,8,4.0
5,Donovan Faupel,175668,WR,NEW MEX ST,1,100.0,1,1,19.0,4.5,0,0,0.0,100.0,1,0,0,0.0,1,0,1,242,66.9,66.6,72.6,,0,0,1,1,,158.3,0.0,0,0,0,0,1,0,0.0,34,34.0
5,Jordan Faison,171081,WR,NOTRE DAME,1,100.0,1,1,13.0,3.8,0,0,0.0,100.0,1,0,0,0.0,1,0,1,258,69.8,72.8,75.4,,0,0,1,1,,118.8,0.0,0,0,0,0,0,0,0.0,40,40.0
5,Christian Moss,144095,WR,KENNESAW,1,100.0,1,1,22.0,3.0,0,0,0.0,100.0,1,0,1,0.0,1,0,1,200,60.3,58.8,76.2,,0,0,1,0,0.0,158.3,0.0,0,0,0,0,1,0,0.0,13,13.0
5,Suderian Harrison,175436,WR,VIRGINIA,1,0.0,1,1,32.0,5.1,0,0,0.0,0.0,0,0,0,,1,0,0,335,60.3,47.8,49.9,,0,0,1,0,,39.6,0.0,0,0,0,0,0,0,0.0,0,0.0
5,Landon Rehkow,175039,P,UTAH ST,1,100.0,1,1,0.0,2.2,0,0,0.0,100.0,1,0,0,0.0,1,0,0,329,60.3,60.6,60.6,,0,0,1,0,,91.7,0.0,0,0,0,0,0,0,0.0,6,6.0
5,Joseph Manjack IV,146413,WR,TCU,1,100.0,1,1,15.0,3.3,0,0,0.0,100.0,1,0,0,0.0,1,0,1,305,66.4,72.6,73.1,,0,0,1,0,,118.8,0.0,0,0,0,0,0,0,0.0,17,17.0
5,Anthony Garcia,174863,WR,UTAH ST,1,100.0,1,1,14.0,4.2,0,0,0.0,100.0,1,0,0,0.0,1,0,1,329,63.7,71.3,72.6,,0,0,1,0,,118.8,0.0,0,0,0,0,0,0,0.0,15,15.0
5,Marshall Nichols,146864,P,GA TECH,1,100.0,1,1,5.0,1.9,0,0,0.0,100.0,1,0,0,0.0,1,0,0,176,60.3,55.3,54.4,,0,0,1,0,,87.5,0.0,0,0,0,0,0,0,0.0,5,5.0
5,Benjamin Brahmer,174660,TE,IOWA STATE,1,100.0,1,1,38.0,3.2,0,1,100.0,100.0,1,0,0,0.0,1,0,1,193,63.7,75.4,87.4,,0,0,1,0,,118.8,0.0,0,0,0,0,0,0,0.0,45,45.0
5,Jared Hollins,184343,QB,S ALABAMA,1,100.0,1,1,-3.0,3.3,0,0,0.0,100.0,1,0,1,0.0,1,0,0,288,60.3,60.8,60.6,,0,0,1,0,0.0,79.2,0.0,0,0,0,0,0,0,0.0,-3,-3.0
5,Mason Love,184495,K,S CAROLINA,1,100.0,1,1,2.0,1.6,0,0,0.0,100.0,1,0,0,0.0,1,0,0,289,60.3,60.6,60.6,,0,0,1,0,,108.3,0.0,0,0,0,0,0,0,0.0,10,10.0
5,Linkon Cure,204094,WR,KANSAS ST,1,0.0,1,1,26.0,3.3,0,0,0.0,0.0,0,0,1,,1,0,0,199,62.4,55.1,37.5,,0,1,1,0,0.0,0.0,0.0,0,0,0,0,0,1,100.0,0,0.0
5,Tommy Lock,146875,QB,MISSOURI,1,0.0,1,1,6.0,1.7,0,0,0.0,0.0,0,0,0,,1,0,0,229,60.3,54.7,53.7,,0,0,1,0,,39.6,0.0,0,0,0,0,0,0,0.0,0,0.0
5,Connor Moberly,184835,QB,IOWA STATE,1,,0,1,,3.3,0,0,0.0,0.0,0,0,1,,1,0,0,193,68.7,81.3,60.0,74.3,0,0,1,0,0.0,39.6,0.0,0,0,0,1,0,0,0.0,0,0.0
5,Quin Smith,173880,WR,AIR FORCE,1,100.0,1,1,15.0,2.4,0,0,0.0,0.0,0,0,0,100.0,1,1,0,101,64.6,90.5,75.4,,0,0,1,0,,39.6,0.0,0,0,0,0,0,0,0.0,0,0.0
5,Michael Buckley,156001,WR,NEW MEXICO,1,100.0,1,1,29.0,3.4,0,1,100.0,100.0,1,0,0,0.0,1,0,1,241,60.3,56.1,87.7,,0,0,1,0,,158.3,0.0,0,0,0,0,1,0,0.0,41,41.0
5,Zach Gibson,100201,QB,FAU,1,100.0,1,1,-2.0,3.0,0,0,0.0,100.0,1,0,0,0.0,1,0,0,165,60.3,61.7,61.0,,0,0,1,0,,83.3,0.0,0,0,0,0,0,0,0.0,4,4.0
5,Hank Beatty,158198,WR,ILLINOIS,1,100.0,1,1,8.0,3.5,0,0,0.0,100.0,1,0,1,0.0,1,0,0,187,69.1,83.3,71.9,63.5,0,0,1,0,0.0,118.8,0.0,0,0,0,0,1,0,0.0,3,3.0
5,Germie Bernard,158374,WR,ALABAMA,1,100.0,1,1,0.0,3.65,0,0,0.0,100.0,1,0,1,0.0,2,0,1,103,70.1,60.5,50.8,63.3,0,0,2,0,100.0,83.3,50.0,1,0,0,0,0,0,0.0,4,4.0
5,Blaze Berlowitz,171066,QB,VANDERBILT,1,0.0,1,1,19.0,2.8,0,0,0.0,0.0,0,0,0,,1,0,0,333,65.9,49.1,46.8,60.1,0,0,1,0,,39.6,0.0,0,0,0,0,0,0,0.0,0,0.0
5,Grady Gross,162487,K,WASHINGTON,1,0.0,1,1,9.0,2.1,0,0,0.0,0.0,0,0,1,,1,0,0,340,60.3,63.7,62.2,,0,0,1,0,0.0,39.6,0.0,0,0,0,0,0,0,0.0,0,0.0
5,Ethan Houck,198664,QB,LIBERTY,1,0.0,1,1,14.0,3.0,0,0,0.0,0.0,0,0,0,,1,0,0,206,68.7,31.6,26.9,64.3,0,1,1,1,,0.0,0.0,0,0,0,0,0,1,100.0,0,0.0
5,Matt Zollers,198887,QB,MISSOURI,1,100.0,1,1,4.0,3.15,0,0,0.0,100.0,1,0,0,0.0,2,0,1,229,61.8,55.4,60.6,57.3,0,0,2,0,,116.7,0.0,0,1,0,0,0,0,0.0,12,12.0
5,Muaaz Byard,162971,LB,MIDDLE TN,1,100.0,1,1,-3.0,1.6,0,0,0.0,100.0,1,0,0,0.0,1,0,1,224,60.3,60.7,60.6,,0,0,1,0,,118.8,0.0,0,0,0,0,0,0,0.0,27,27.0
5,Kenny Minchey,171091,QB,NOTRE DAME,1,100.0,1,1,28.0,3.05,0,1,100.0,100.0,1,0,1,0.0,2,0,1,258,64.4,80.9,89.2,56.7,0,0,2,1,0.0,118.8,0.0,0,1,0,0,0,0,0.0,37,37.0
5,Mark Konecny,163162,QB,W MICHIGAN,1,,0,1,,3.2,0,0,0.0,0.0,0,0,0,,1,0,0,347,60.3,58.8,60.0,,0,0,1,0,,39.6,0.0,0,0,0,1,0,0,0.0,0,0.0
5,Max Cutforth,176220,QB,BOISE ST,1,0.0,1,1,20.0,4.05,0,0,0.0,0.0,0,0,2,,2,0,0,120,64.4,52.7,49.5,60.0,0,0,2,0,50.0,39.6,50.0,1,0,0,0,0,0,0.0,0,0.0
5,Trent Howland,144833,HB,OKLA STATE,1,100.0,1,1,11.0,3.0,0,0,0.0,100.0,1,0,1,0.0,1,0,1,262,75.5,76.0,73.1,72.3,0,0,1,0,0.0,118.8,0.0,0,0,0,0,0,0,0.0,13,13.0
5,Randy Pittman Jr.,176195,TE,FLORIDA ST,1,100.0,1,1,8.0,2.1,0,0,0.0,100.0,1,0,1,0.0,1,0,1,167,65.6,75.6,71.7,62.9,0,0,1,0,0.0,122.9,0.0,0,0,0,0,1,0,0.0,4,4.0
5,Devin Page,177490,QB,CORNELL,1,51.0,49,53,8.1,2.96,1,3,5.4,45.3,24,0,18,4.0,58,1,16,147,29.1,48.4,45.1,60.8,1,4,62,0,16.7,41.9,5.2,3,2,0,2,2,5,8.1,267,5.0
5,Cade McNamara,101620,QB,E TENN ST,1,71.4,42,46,12.5,2.36,3,4,8.0,63.0,29,0,19,3.3,52,1,18,157,70.0,83.0,83.7,57.3,0,2,56,0,26.3,101.5,9.6,5,1,1,0,4,1,1.8,398,8.7
5,Kamden Sixkiller,133096,QB,CAMPBELL,1,45.2,42,45,13.3,3.38,0,1,2.0,40.0,18,0,10,5.3,54,1,11,131,51.5,57.5,56.4,61.1,0,1,61,0,20.0,52.5,3.7,2,7,0,3,1,2,3.3,205,4.6
5,Grayson Saunier,171185,QB,DARTMOUTH,1,74.4,43,45,8.9,2.4,1,5,10.6,66.7,30,0,8,6.3,46,2,17,148,70.4,85.1,81.9,71.5,0,1,50,0,0.0,100.9,0.0,0,1,0,1,2,2,4.0,407,9.0
5,Nick Whitfield Jr.,159490,QB,ST FRANCIS,1,70.5,44,44,9.8,2.69,0,3,6.4,70.5,31,0,17,0.0,52,0,21,299,69.9,74.0,71.4,71.9,0,1,55,2,17.6,94.6,5.8,3,5,0,0,1,2,3.6,377,8.6
5,C'zavian Teasett,178078,QB,GRAMBLING,1,57.5,40,43,9.6,3.34,0,0,0.0,48.8,21,0,18,8.7,45,2,8,177,70.2,47.7,45.1,63.4,0,3,45,0,5.6,37.5,2.2,1,1,0,3,1,2,4.4,166,3.9
5,Colin Parachek,160568,QB,ALBANY,1,65.8,38,42,10.6,2.99,0,0,0.0,50.0,21,0,16,16.0,52,4,15,106,70.2,61.8,60.4,62.4,1,1,53,0,12.5,60.0,3.8,2,8,0,3,1,2,3.8,184,4.4
5,Quincy Crittendon,149944,QB,SAMFORD,1,70.7,41,42,7.5,2.6,0,0,0.0,66.7,28,0,11,3.4,50,1,13,282,44.3,60.3,59.4,61.3,0,1,54,0,54.5,88.6,12.0,6,2,0,1,2,1,1.9,252,6.0
5,Trey Hedden,185848,QB,FURMAN,1,74.4,39,41,9.7,2.23,0,0,0.0,68.3,28,0,8,3.4,41,1,13,170,70.5,73.2,73.8,57.1,1,0,43,0,0.0,102.9,0.0,0,0,0,1,2,0,0.0,272,6.6
5,Austin Myers,164221,QB,CENT ARK,1,67.6,37,41,12.6,2.51,0,1,2.3,61.0,25,0,13,0.0,46,0,16,132,29.8,65.3,65.4,57.3,0,2,48,0,23.1,91.3,6.5,3,1,0,4,3,2,4.2,338,8.2
5,Eric Handley,185928,QB,ALAB A&M,1,75.0,36,41,10.2,2.52,1,2,4.5,65.9,27,0,16,0.0,46,0,15,104,70.4,73.1,74.2,57.0,1,1,49,0,12.5,107.3,4.3,2,3,1,2,3,1,2.0,355,8.7
5,Liam O'Brien,164675,QB,PENN,1,73.7,38,40,7.1,2.38,0,3,7.3,70.0,28,0,6,0.0,43,0,13,267,71.6,76.5,74.0,67.2,0,1,44,0,50.0,107.9,7.0,3,0,1,1,3,0,0.0,316,7.9
5,Taron Dickens,177946,QB,W CAROLINA,1,71.8,39,40,10.4,2.6,0,3,7.1,65.0,26,0,9,7.1,48,2,23,344,51.2,84.2,90.3,52.6,1,0,50,0,33.3,134.1,6.3,3,5,0,0,4,1,2.0,427,10.7
5,Ron Peace,186224,QB,TXAMCO,1,59.5,37,39,14.4,2.95,0,9,23.1,48.7,19,0,20,13.6,46,3,13,1139,22.4,70.4,70.7,58.3,0,1,46,0,20.0,86.8,8.7,4,3,0,2,2,6,13.0,353,9.1
5,Dean DeNobile,159740,QB,LAFAYETTE,1,78.4,37,39,4.7,2.49,2,0,0.0,71.8,28,0,8,3.4,40,1,13,203,69.5,52.4,51.5,58.4,0,1,40,0,0.0,88.1,0.0,0,1,0,0,1,1,2.5,265,6.8
5,Eric Gibson Jr.,168461,QB,N COLORADO,1,68.4,38,38,12.8,2.37,0,4,9.3,65.8,25,0,12,3.8,46,1,16,253,38.6,71.4,79.8,35.2,0,0,51,1,25.0,118.2,6.5,3,4,0,0,2,2,3.9,399,10.5
5,Brennan Myer,192760,QB,BRYANT,1,67.6,34,36,6.4,3.06,1,2,5.3,61.1,22,0,14,4.3,40,1,12,124,69.1,64.9,60.9,70.0,1,1,42,0,14.3,75.9,5.0,2,2,0,0,1,1,2.4,218,6.1
5,Jack Snyder,185417,QB,SACR HEART,1,85.3,34,36,5.7,2.53,0,1,2.7,77.8,28,0,10,3.4,46,1,15,280,71.7,68.0,72.0,55.8,0,0,47,0,40.0,119.7,8.7,4,6,0,2,2,0,0.0,298,8.3
5,Tyler Hughes,159218,QB,WM & MARY,1,57.6,33,36,11.1,2.94,0,4,10.0,50.0,18,0,16,5.3,45,1,16,348,73.0,78.3,68.0,79.6,0,0,49,0,18.8,80.0,6.7,3,6,1,2,1,2,4.1,233,6.5
5,John-Keawe Sagapolutele,175709,QB,PORTLAND,1,58.1,31,36,7.7,2.8,1,0,0.0,50.0,18,0,11,0.0,41,0,14,269,69.8,83.8,76.3,77.5,2,0,42,0,9.1,76.4,2.4,1,4,0,2,1,0,0.0,202,5.6
5,Sonny Mannino,166694,QB,MARIST,1,80.6,31,35,5.4,2.85,0,1,2.7,65.7,23,0,13,8.0,44,2,6,213,69.4,50.9,57.8,46.0,1,1,46,1,38.5,83.9,11.4,5,4,0,3,2,0,0.0,167,4.8
5,Jordan Cooke,175116,QB,IDAHO ST,1,45.2,31,34,13.5,2.81,1,3,8.6,35.3,12,0,6,14.3,34,2,6,186,34.6,49.7,52.1,50.3,0,0,35,1,0.0,66.9,0.0,0,0,0,2,1,0,0.0,209,6.1
5,Jake Strong,173651,QB,MCNEESE,1,66.7,33,34,7.5,2.51,1,0,0.0,61.8,21,0,14,4.5,45,1,12,217,40.8,45.0,53.6,40.9,0,1,47,0,42.9,77.3,13.3,6,5,0,0,1,3,6.4,214,6.3
5,RJ Johnson,171379,QB,FL A&M,1,64.5,31,33,5.5,3.06,0,0,0.0,60.6,20,0,10,0.0,36,0,7,164,31.8,59.3,56.2,63.0,0,0,38,0,0.0,78.7,0.0,0,3,0,2,1,0,0.0,127,3.8
5,JaCobian Morgan,123050,QB,JACKSON ST,1,71.9,32,33,11.5,2.38,0,3,8.6,69.7,23,0,6,0.0,34,0,12,194,34.6,78.9,76.4,67.1,0,0,37,0,16.7,123.5,2.9,1,0,1,0,2,1,2.7,342,10.4
5,Stone Earle,123504,QB,ABILENE CH,1,68.8,32,33,9.3,2.59,0,1,2.9,54.5,18,0,9,18.2,37,4,10,100,69.3,50.8,44.8,70.9,0,2,38,1,11.1,49.6,2.7,1,3,0,1,1,2,5.3,136,4.1
5,Brady Olson,147415,QB,CENT CT ST,1,90.0,30,33,8.0,2.66,0,3,8.8,75.8,25,0,15,7.4,39,2,16,133,69.5,74.5,75.8,55.1,1,0,40,0,33.3,123.8,12.8,5,1,0,2,3,0,0.0,224,6.8
5,Kevin White,178287,QB,NC A&T,1,71.9,32,33,11.7,2.89,0,2,5.9,60.6,20,0,15,13.0,42,3,12,246,70.5,67.1,67.5,59.3,0,0,43,0,33.3,108.0,11.9,5,4,1,0,2,0,0.0,279,8.5
5,Christian Peters,154331,QB,ARKAPB,1,66.7,30,33,9.3,2.69,0,2,5.4,60.6,20,0,11,0.0,36,0,11,112,72.2,75.0,76.5,63.2,0,0,40,1,0.0,103.5,0.0,0,3,0,3,1,0,0.0,323,9.8
5,Deuce Hogan,129470,QB,NICHOLLS,1,77.8,27,32,7.1,2.92,0,0,0.0,62.5,20,0,5,4.8,33,1,8,243,69.2,72.4,74.7,53.2,2,2,36,1,0.0,66.3,0.0,0,1,0,3,1,0,0.0,213,6.7
5,Walker Harris,150449,QB,NC CENT,1,72.4,29,32,9.6,2.45,0,4,11.8,65.6,21,0,5,0.0,33,0,15,247,70.5,90.3,86.1,78.3,0,0,35,0,0.0,115.1,0.0,0,1,0,3,2,0,0.0,288,9.0
5,Jaden Craig,159342,QB,HARVARD,1,77.4,31,32,12.0,2.37,0,4,12.1,75.0,24,0,4,0.0,33,0,17,179,68.5,90.3,89.4,63.7,0,0,34,0,0.0,145.4,0.0,0,1,1,0,4,1,2.9,317,9.9
5,Josh Brown,181411,QB,MS VLY ST,1,78.6,28,31,10.0,2.86,3,2,6.1,64.5,20,0,7,9.1,41,2,15,228,44.8,66.7,65.4,62.7,0,0,44,0,28.6,100.7,4.9,2,8,0,0,1,1,2.3,254,8.2
5,Andrew Indorf,201895,QB,TOWSON,1,65.5,29,31,9.3,2.58,0,2,6.1,54.8,17,0,6,10.5,33,2,8,317,70.9,63.3,63.3,58.3,0,0,35,1,0.0,79.1,0.0,0,2,0,2,1,0,0.0,153,4.9
5,Hayden Johnson,185698,QB,LEHIGH,1,60.7,28,31,16.7,2.45,3,3,9.1,48.4,15,0,1,11.8,31,2,11,205,69.5,80.7,82.5,54.1,0,0,33,0,0.0,96.0,0.0,0,0,0,0,2,0,0.0,239,7.7
5,EJ Colson,190335,QB,INCAR WORD,1,63.0,27,30,12.5,3.25,0,0,0.0,56.7,17,0,8,0.0,37,0,11,189,73.4,75.4,59.6,79.3,0,0,38,0,0.0,77.4,0.0,0,7,0,3,1,0,0.0,122,4.1
5,Eddie Lee Marburger,145511,QB,TXRG,1,64.3,28,29,14.1,2.91,0,4,12.5,55.2,16,0,11,11.1,36,2,9,1445,69.8,79.8,75.5,71.9,0,1,39,0,27.3,99.5,8.3,3,4,0,1,3,1,2.6,218,7.5
5,Chase Mason,159444,QB,S DAK ST,1,79.3,29,29,11.6,2.54,0,0,0.0,72.4,21,0,4,8.7,33,2,16,292,29.9,79.2,85.5,47.4,0,0,36,0,0.0,143.0,0.0,0,4,0,0,3,0,0.0,321,11.1
5,Sam Vidlak,146333,QB,STF AUSTIN,1,63.0,27,29,9.1,2.75,0,2,6.3,51.7,15,0,11,11.8,32,2,8,301,68.5,71.3,70.5,,0,0,35,0,27.3,113.1,9.4,3,0,0,2,3,1,2.9,233,8.0
5,Kael Alexander,189294,QB,STETSON,1,59.3,27,29,9.9,2.89,1,0,0.0,48.3,14,0,8,12.5,30,2,10,302,68.4,49.6,52.3,56.2,0,2,32,1,0.0,61.4,0.0,0,1,0,1,2,3,9.4,173,6.0
5,Otto Kuhns,138014,QB,NORFOLK,1,72.0,25,29,6.4,2.87,0,0,0.0,58.6,17,0,10,5.6,32,1,8,244,29.1,63.7,61.5,63.6,1,1,33,0,10.0,53.7,3.1,1,2,1,2,0,1,3.0,119,4.1
5,Zolten Osborne,178620,QB,CHARLES SO,1,66.7,27,29,9.9,2.46,1,1,3.1,48.3,14,0,10,22.2,34,4,9,135,69.3,79.1,73.9,73.3,0,1,37,0,20.0,69.0,5.9,2,3,0,1,1,1,2.7,206,7.1
5,Jaylon Tolbert,154757,QB,ALCORN ST,1,66.7,27,29,8.6,2.94,0,0,0.0,55.2,16,0,6,11.1,34,2,7,107,69.1,59.4,62.1,52.4,0,1,34,0,16.7,75.6,2.9,1,4,2,0,1,0,0.0,212,7.3
5,Carter Peevy,129563,QB,MAINE,1,85.7,28,29,10.6,2.94,0,4,13.8,72.4,21,0,9,12.5,32,3,13,212,70.3,91.5,92.7,55.0,0,0,32,0,22.2,132.4,6.3,2,1,0,1,2,0,0.0,327,11.3
5,Joshua Wood,163421,QB,IDAHO,1,51.9,27,28,17.1,3.51,1,1,2.9,50.0,14,0,13,0.0,34,0,11,185,22.9,57.5,60.9,51.7,0,0,40,0,7.7,81.7,2.9,1,5,0,0,0,2,5.0,255,9.1
5,AJ Duffy,156292,QB,NEWHVN,1,75.0,24,28,5.5,2.43,0,2,6.5,64.3,18,0,6,0.0,29,0,10,1013,68.9,43.1,41.1,59.9,0,2,32,0,0.0,77.1,0.0,0,1,0,4,2,4,12.5,184,6.6
5,Braden Davis,158114,QB,HAMPTON,1,64.0,25,28,9.9,2.83,1,2,6.1,50.0,14,0,11,12.5,35,2,9,178,72.2,60.3,59.9,59.3,0,2,40,0,36.4,54.8,11.4,4,3,1,1,1,2,5.0,194,6.9
5,Cal Swanson,174033,QB,HOLY CROSS,1,74.1,27,27,7.2,2.39,0,1,3.7,66.7,18,0,7,10.0,31,2,9,181,69.8,74.8,73.9,62.8,0,0,31,0,28.6,98.7,6.5,2,1,0,0,1,0,0.0,186,6.9
5,Andy Peters,128138,QB,STTHOM,1,61.5,26,27,13.0,2.52,0,3,10.3,55.6,15,0,5,6.3,31,1,8,1129,41.0,76.2,75.4,66.2,0,0,33,0,60.0,106.7,9.7,3,1,0,1,2,0,0.0,218,8.1
5,Pat McQuaide,145792,QB,VILLANOVA,1,73.1,26,27,12.3,2.33,0,1,3.4,51.9,14,0,5,26.3,28,5,10,334,68.2,80.3,80.6,,0,0,30,0,0.0,75.5,0.0,0,0,0,1,0,1,3.3,196,7.3
5,Bo Kelly,158923,QB,CAL POLY,1,69.2,26,27,8.7,2.84,1,0,0.0,63.0,17,0,12,5.6,33,1,10,129,69.1,63.8,63.8,62.9,0,0,35,1,33.3,110.6,12.1,4,2,0,0,2,1,2.9,203,7.5
5,Reggie Graff,165710,QB,UTAHTC,1,65.4,26,27,6.9,2.5,1,0,0.0,59.3,16,0,6,5.9,34,1,9,1285,39.3,59.1,54.9,63.2,0,0,35,0,50.0,73.5,8.8,3,4,0,0,0,1,2.9,143,5.3
5,Caden Pinnick,185116,QB,UC DAVIS,1,66.7,27,27,8.7,3.43,0,2,7.1,59.3,16,0,16,11.1,37,2,14,322,70.2,71.0,68.4,65.7,0,0,38,0,12.5,120.6,5.4,2,8,0,0,2,0,0.0,288,10.7
5,Nate Glantz,157587,QB,LNDNWD,1,41.7,24,26,15.6,2.7,0,1,3.6,34.6,9,0,12,10.0,30,1,5,949,70.8,35.8,35.0,58.3,0,2,32,1,16.7,12.8,6.7,2,2,0,2,0,3,9.4,87,3.3
5,Reagan Andrew,161309,QB,BUTLER,1,78.3,23,26,6.6,2.39,2,2,7.7,61.5,16,0,7,11.1,32,2,9,127,40.0,57.8,55.4,60.5,1,0,32,0,28.6,115.5,6.3,2,3,0,0,3,2,6.3,148,5.7
5,James Murphy,177426,QB,BROWN,1,62.5,24,26,5.6,2.89,0,1,3.4,53.8,14,0,17,6.7,31,1,8,123,68.6,49.1,48.5,58.7,1,3,35,0,11.8,36.1,6.5,2,3,0,1,1,3,8.6,99,3.8
5,Ralph Rucker IV,144625,QB,BUCKNELL,1,66.7,24,26,11.1,3.23,0,1,3.4,57.7,15,0,10,6.3,35,1,15,125,69.8,87.6,85.6,69.6,1,0,39,0,20.0,89.9,5.7,2,7,0,1,1,0,0.0,168,6.5
5,Braden Atkinson,201350,QB,MERCER,1,79.2,24,26,9.7,2.62,1,1,3.6,69.2,18,0,7,5.3,26,1,9,219,69.7,79.9,79.3,60.8,0,1,28,0,0.0,112.2,0.0,0,0,0,1,3,1,3.6,187,7.2
5,Ryan Stubblefield,123838,QB,SCAR STATE,1,80.0,25,26,11.2,2.61,1,0,0.0,65.4,17,0,7,15.0,34,3,11,290,73.0,70.6,68.1,71.6,0,0,34,3,28.6,87.0,5.9,2,5,0,0,0,0,0.0,190,7.3
5,Ethan Greenwood,161869,QB,LIUSHAR,1,57.1,21,25,16.1,4.02,2,2,8.0,48.0,12,0,16,0.0,34,0,10,1298,40.7,63.0,65.6,57.9,1,2,34,1,18.8,31.6,8.8,3,6,0,1,0,2,5.9,137,5.5
5,Davin Wydner,163672,QB,W GEORGIA,1,60.9,23,25,8.3,2.8,1,1,3.8,56.0,14,0,11,0.0,30,0,8,1177,71.2,69.7,60.6,73.2,1,0,31,0,18.2,85.8,6.7,2,3,0,0,1,0,0.0,142,5.7
5,Bronson Barron,141710,QB,SO UTAH,1,78.3,23,25,7.7,2.8,1,1,3.8,60.0,15,0,10,16.7,31,3,8,298,68.4,70.0,70.9,59.2,0,1,32,0,30.0,79.8,9.7,3,3,0,1,1,0,0.0,186,7.4
5,Chris Parson,172551,QB,AUSTINPEAY,1,79.2,24,25,7.2,2.44,0,1,3.8,72.0,18,0,7,5.3,29,1,10,116,71.6,82.1,73.1,76.0,1,0,31,0,14.3,135.7,3.4,1,3,0,0,3,0,0.0,204,8.2
5,Cardell Williams,156190,QB,SACRAMENTO,1,47.8,23,24,17.4,3.03,0,2,8.0,41.7,10,0,7,9.1,27,1,7,279,70.1,34.7,36.0,48.4,1,3,28,0,14.3,39.6,3.7,1,2,0,0,1,6,21.4,164,6.8
5,Tyriq Starks,156514,QB,HOWARD,1,61.9,21,24,9.1,2.8,0,1,3.7,45.8,11,0,12,15.4,31,2,7,184,72.7,73.3,63.5,73.7,2,2,35,0,33.3,20.1,12.9,4,3,0,1,0,1,2.9,84,3.5
5,Matt Vezza,176960,QB,NEW HAMP,1,86.4,22,24,6.0,2.8,0,1,4.0,79.2,19,0,7,0.0,31,0,11,240,71.2,80.0,81.4,64.8,0,0,32,0,42.9,113.5,9.7,3,4,0,2,1,0,0.0,190,7.9
5,Cam'Ron Ransom,147110,QB,BETH COOK,1,78.3,23,24,10.0,2.52,0,2,8.3,70.8,17,0,6,5.6,26,1,9,119,71.4,82.1,83.4,62.8,1,2,26,0,0.0,91.8,0.0,0,2,0,0,2,1,3.8,217,9.0
5,Ty Pennington,185022,QB,N ARIZONA,1,76.2,21,24,8.6,2.64,0,1,4.2,62.5,15,0,8,6.3,25,1,12,252,70.5,85.1,80.4,72.8,0,0,25,0,12.5,113.5,4.0,1,0,0,3,1,0,0.0,262,10.9
5,Devin Farrell,157658,QB,RHODE ISLD,1,69.6,23,24,8.1,2.77,0,1,3.8,66.7,16,0,12,0.0,31,0,10,274,15.6,43.6,43.0,,0,1,33,0,58.3,93.9,22.6,7,0,0,1,1,2,6.1,229,9.5
5,Camden Orth,108965,QB,CHATTNOOGA,1,66.7,24,24,7.8,3.0,0,1,3.6,62.5,15,0,14,6.3,31,1,10,137,69.1,64.9,62.6,67.4,0,1,35,1,14.3,71.7,6.5,2,5,0,0,0,2,5.7,201,8.4
5,Aidan Bouman,122508,QB,S DAKOTA,1,63.6,22,24,7.5,2.51,0,1,4.0,58.3,14,0,17,0.0,25,0,6,291,67.8,52.1,58.6,,0,1,26,3,5.9,69.4,4.0,1,0,0,2,0,0,0.0,208,8.7
5,Jase Bauer,145714,QB,TENN MARTN,1,76.2,21,24,11.9,2.86,0,2,8.3,62.5,15,0,9,6.3,26,1,9,310,73.6,87.3,84.0,71.9,0,0,26,1,11.1,121.0,3.8,1,1,1,2,2,0,0.0,225,9.4
5,Jonathan Palmer,201866,QB,TENN STATE,1,66.7,21,24,8.7,2.67,0,1,3.4,58.3,14,0,16,0.0,27,0,6,308,68.4,56.0,56.8,57.3,2,1,32,0,12.5,55.4,7.4,2,1,0,1,0,0,0.0,127,5.3
5,Chase Goodwin,171117,QB,COLUMBIA,1,61.9,21,24,12.5,3.15,1,1,3.8,45.8,11,0,11,15.4,28,2,8,145,70.7,62.3,53.0,72.1,0,1,31,0,0.0,63.2,0.0,0,4,0,2,1,1,3.2,152,6.3
5,Dez Thomas II,177368,QB,GEORGETOWN,1,52.4,21,24,8.3,3.73,1,0,0.0,37.5,9,0,15,18.2,34,2,4,172,68.7,34.6,32.9,52.6,1,3,36,0,13.3,6.3,5.9,2,8,0,1,0,3,8.3,68,2.8
5,Jordan Barton,86281,QB,WAGNER,1,66.7,21,23,11.3,2.52,2,3,12.5,60.9,14,0,9,0.0,27,0,9,338,23.4,61.5,73.2,48.3,0,2,28,0,11.1,78.7,3.7,1,3,0,0,2,3,10.7,183,8.0
5,Tyler Riddell,102355,QB,DUQUESNE,1,68.2,22,23,9.2,2.2,1,0,0.0,65.2,15,0,1,0.0,23,0,8,155,71.7,65.4,56.8,70.9,0,0,23,1,0.0,132.4,0.0,0,0,0,0,3,1,4.3,201,8.7
5,Carter Cravens,150714,QB,MOREHEAD,1,40.9,22,23,12.1,2.32,0,1,3.8,39.1,9,0,5,0.0,25,0,4,234,69.1,29.4,28.7,59.3,0,2,28,0,20.0,13.7,4.0,1,1,0,1,0,2,7.1,84,3.7
5,Tevin Carter,157995,QB,PRVIEW A&M,1,68.4,19,23,5.6,2.69,0,2,8.7,47.8,11,0,10,15.4,26,2,5,270,21.1,66.5,56.4,71.5,1,0,26,0,10.0,60.6,3.8,1,2,0,3,0,2,7.7,103,4.5
5,Ayden Pereira,159129,QB,MERRIMACK,1,31.8,22,23,17.1,3.64,0,0,0.0,26.1,6,0,12,14.3,30,1,5,385,72.3,47.5,40.8,64.2,0,0,31,1,16.7,54.1,6.7,2,5,0,1,1,0,0.0,60,2.6
5,Keali'i Ah Yat,178141,QB,MONTANA,1,86.4,22,23,7.4,2.77,1,1,4.3,73.9,17,0,10,10.5,28,2,10,232,69.7,78.5,80.4,65.4,0,0,28,1,20.0,118.6,7.1,2,3,0,0,1,1,3.6,223,9.7
5,Dante Reno,184498,QB,YALE,1,84.2,19,23,10.1,2.59,1,1,4.3,60.9,14,0,10,12.5,26,2,7,352,27.9,57.2,64.3,46.0,2,1,27,0,10.0,74.4,3.8,1,2,0,1,1,1,3.7,139,6.0
5,Ashton Strother,208047,QB,SOUTHERN U,1,60.0,20,23,12.5,3.44,0,2,8.3,43.5,10,0,17,16.7,29,2,7,297,69.3,54.8,58.2,56.0,0,1,31,1,11.8,41.9,6.9,2,4,0,3,0,1,3.2,120,5.2
5,Bryce Schondelmyer,171537,QB,DAYTON,1,86.4,22,22,12.3,2.44,0,3,13.6,81.8,18,0,3,5.3,23,1,16,150,67.5,94.7,94.8,,0,0,23,0,33.3,158.3,4.3,1,0,0,0,5,0,0.0,336,15.3
5,Landen Clark,188534,QB,ELON,1,58.8,17,22,14.8,3.6,0,2,8.0,40.9,9,0,17,10.0,29,1,5,162,33.6,55.2,56.8,54.7,2,1,32,0,23.5,63.1,13.8,4,3,0,3,1,1,3.1,162,7.4
5,Raymond Moore III,201451,QB,MORGAN ST,1,50.0,20,22,11.1,3.0,1,0,0.0,36.4,8,0,14,20.0,30,2,7,235,14.3,37.3,27.4,75.3,1,1,34,1,14.3,41.1,6.7,2,6,0,0,1,4,11.8,63,2.9
5,Jackson Gilkey,174092,QB,WEBER ST,1,68.2,22,22,8.3,2.17,0,0,0.0,63.6,14,0,3,6.7,25,1,7,342,34.9,54.4,47.3,64.2,0,0,25,0,66.7,81.3,8.0,2,1,0,0,0,2,8.0,138,6.3
5,Chris Zellous,153319,QB,STNY BROOK,1,63.6,22,22,10.6,2.97,0,1,3.6,59.1,13,0,13,7.1,31,1,9,303,49.9,75.0,60.5,80.7,0,1,38,0,23.1,79.2,9.7,3,6,0,0,1,1,2.6,167,7.6
5,Myles Burkett,158691,QB,E KENTUCKY,1,55.6,18,21,9.2,3.44,0,0,0.0,33.3,7,0,10,30.0,25,3,6,159,70.5,61.8,60.1,61.0,1,0,26,0,20.0,60.0,8.0,2,2,0,2,1,0,0.0,72,3.4
5,Gunnar Smith,162611,QB,FORDHAM,1,70.0,20,21,13.6,2.55,0,3,13.0,66.7,14,0,3,0.0,23,0,11,168,72.2,88.1,90.0,65.9,0,0,25,0,33.3,123.9,4.3,1,1,0,1,1,0,0.0,254,12.1
5,Justin Lamson,144052,QB,MONTANA ST,1,73.7,19,21,11.5,2.76,0,2,9.1,61.9,13,0,6,7.1,28,1,11,233,29.1,74.5,79.1,56.2,0,0,29,0,50.0,145.3,10.7,3,3,1,1,3,0,0.0,270,12.9
5,Jack O'Connell,165100,QB,STHLSK,1,85.0,20,21,5.9,3.14,0,0,0.0,76.2,16,0,8,5.9,21,1,8,1470,69.3,74.2,70.9,66.4,0,1,22,0,0.0,94.3,0.0,0,0,0,1,1,1,4.5,165,7.9
5,Cason Carswell,206621,QB,W ILLINOIS,1,80.0,20,21,7.5,2.6,0,0,0.0,71.4,15,0,2,6.3,23,1,8,345,68.9,69.6,72.2,58.3,0,0,25,0,0.0,116.0,0.0,0,2,0,1,2,0,0.0,114,5.4
5,KJ Cooper,197019,QB,TEXAS STHN,1,75.0,20,21,14.0,3.27,0,3,13.0,61.9,13,0,9,13.3,31,2,13,313,69.5,83.7,82.2,68.2,0,0,33,0,11.1,87.4,3.2,1,9,1,0,0,0,0.0,170,8.1
5,Chris Irvin,146491,QB,W ILLINOIS,1,63.2,19,20,10.3,2.84,1,0,0.0,55.0,11,0,9,8.3,22,1,5,345,25.9,64.2,67.3,52.5,0,0,22,0,22.2,66.5,9.1,2,0,0,0,0,0,0.0,89,4.5
5,Kai Colon,167663,QB,PRINCETON,1,73.7,19,20,8.3,2.67,0,0,0.0,65.0,13,0,6,7.1,21,1,9,272,68.8,69.2,70.2,57.3,0,0,23,0,0.0,97.9,0.0,0,1,0,1,1,0,0.0,120,6.0
5,Cole Payton,148154,QB,N DAK ST,1,88.2,17,19,14.4,3.68,1,6,31.6,73.7,14,0,7,6.7,24,1,14,250,70.4,95.2,95.1,80.3,0,0,24,1,0.0,150.7,0.0,0,5,0,1,2,0,0.0,273,14.4
5,Jayden Sauray,162802,QB,DELWARE ST,1,66.7,18,18,11.3,3.0,0,1,5.6,66.7,12,0,10,0.0,23,0,8,152,68.1,72.3,77.9,51.6,0,0,23,0,30.0,124.1,13.0,3,2,0,0,1,0,0.0,207,11.5
5,Johnny Weber,192878,QB,SE MO ST,1,72.2,18,18,10.8,2.88,0,0,0.0,50.0,9,0,5,30.8,21,4,4,293,67.4,49.3,52.5,52.4,0,0,22,0,40.0,63.9,9.5,2,1,0,0,0,0,0.0,87,4.8
5,Andrew Body,155202,QB,ALABAMA ST,1,55.6,18,18,14.6,2.54,0,0,0.0,55.6,10,0,4,0.0,20,0,5,105,70.8,74.3,67.7,71.1,0,0,21,0,25.0,109.5,5.0,1,1,0,0,2,0,0.0,104,5.8
5,Adam Urena,186682,QB,MERCYHURST,1,70.6,17,18,10.1,2.91,0,1,5.6,66.7,12,0,11,0.0,23,0,7,977,67.5,60.5,57.0,67.9,0,2,23,0,27.3,60.4,13.0,3,2,0,1,1,2,8.7,103,5.7
5,Collin Hurst,177732,QB,PRESBYTERN,1,70.6,17,17,10.2,2.42,0,1,5.6,64.7,11,0,6,8.3,19,1,10,271,68.5,71.9,71.7,60.8,0,0,20,0,16.7,129.5,5.3,1,1,0,0,2,0,0.0,140,8.2
5,Aiden McCown,178971,QB,LAMAR,1,81.3,16,17,6.8,2.68,1,0,0.0,76.5,13,0,5,0.0,19,0,7,204,70.4,64.6,65.0,58.7,0,1,23,0,40.0,115.7,10.5,2,0,0,0,3,1,4.3,142,8.4
5,Braden Graham,191899,QB,HOLY CROSS,1,68.8,16,16,7.8,2.04,0,0,0.0,56.3,9,0,5,18.2,17,2,4,181,66.5,51.0,50.3,,0,1,17,0,20.0,37.8,5.9,1,0,0,0,0,1,5.9,57,3.6
5,Kekoa Visperas,147588,QB,TENN TECH,1,60.0,15,16,7.6,3.02,1,0,0.0,56.3,9,0,11,0.0,23,0,7,309,15.5,50.3,55.3,48.6,0,0,24,0,27.3,96.6,13.0,3,4,0,0,1,2,8.3,103,6.4
5,Dom Nankil,182292,QB,SAN DIEGO,1,78.6,14,16,15.6,3.51,0,3,18.8,68.8,11,0,12,0.0,23,0,7,283,68.1,85.5,90.4,52.6,0,0,23,0,41.7,151.0,21.7,5,2,0,2,2,0,0.0,265,16.6
5,Byron McNair,128017,QB,TENN STATE,1,69.2,13,15,8.6,3.38,0,2,11.8,53.3,8,0,11,11.1,18,1,5,308,12.8,44.7,55.8,39.9,1,2,20,0,18.2,38.6,11.1,2,1,0,1,0,2,10.0,114,7.6
5,Tyler Voss,157830,QB,SAN DIEGO,1,78.6,14,14,9.1,2.56,0,0,0.0,78.6,11,0,3,0.0,14,0,2,283,66.2,65.6,64.9,,0,0,14,0,0.0,83.0,0.0,0,0,0,0,0,0,0.0,55,3.9
5,Ashten Snelsire,159175,QB,RICHMOND,1,35.7,14,14,11.0,2.6,0,0,0.0,28.6,4,0,6,20.0,15,1,3,276,71.2,46.8,34.9,70.0,0,1,18,0,16.7,33.6,6.7,1,0,0,0,1,2,11.1,35,2.5
5,Kyle Lowe,156595,QB,SE LA,1,92.3,13,13,6.6,2.28,0,0,0.0,84.6,11,0,3,8.3,15,1,7,294,27.8,85.0,89.8,64.6,0,0,15,0,0.0,133.3,0.0,0,2,0,0,1,0,0.0,128,9.8
5,Carson Camp,141837,QB,SE LA,1,83.3,12,13,11.8,3.09,0,1,7.1,69.2,9,0,5,10.0,14,1,6,294,67.3,91.1,90.3,69.3,1,0,15,1,0.0,139.1,0.0,0,1,0,0,2,0,0.0,124,9.5
5,Eric Rodriguez,160057,QB,TXAMCO,1,63.6,11,12,14.0,3.23,0,2,16.7,58.3,7,0,2,0.0,16,0,7,1139,53.8,93.1,92.0,73.3,0,0,16,0,0.0,125.0,0.0,0,4,0,1,2,1,6.3,100,8.3
5,Jax Leatherwood,171548,QB,SE MO ST,1,75.0,12,12,11.4,2.71,0,0,0.0,58.3,7,0,6,22.2,15,2,2,293,67.3,80.4,70.6,75.7,0,1,15,0,16.7,33.0,6.7,1,2,0,0,0,0,0.0,49,4.1
5,Jared Taylor,170695,QB,E WASHGTON,1,54.5,11,12,7.9,2.53,1,0,0.0,41.7,5,0,4,16.7,13,1,3,161,73.3,52.9,49.6,60.3,0,0,13,0,0.0,57.3,0.0,0,1,0,0,0,0,0.0,59,4.9
5,Blaine Hipa,167662,QB,PRINCETON,1,81.8,11,12,6.4,2.67,0,0,0.0,66.7,8,0,4,11.1,14,1,7,272,67.1,69.7,59.1,74.1,0,0,14,1,0.0,88.9,0.0,0,2,0,1,0,0,0.0,90,7.5
5,Patrick Heitert,126526,QB,SE MO ST,1,70.0,10,11,10.8,3.22,0,0,0.0,54.5,6,0,6,14.3,15,1,4,293,67.3,64.2,57.9,64.2,1,1,15,0,33.3,37.3,13.3,2,2,0,0,0,1,6.7,73,6.6
5,Jake Schakel,191466,QB,E WASHGTON,1,70.0,10,10,8.7,3.2,0,0,0.0,70.0,7,0,2,0.0,12,0,3,161,66.8,78.1,75.1,66.3,0,0,12,0,0.0,83.3,0.0,0,2,0,0,0,0,0.0,55,5.5
5,Connor Wolf,191443,QB,E ILLINOIS,1,50.0,8,10,19.8,2.95,0,1,10.0,40.0,4,0,5,0.0,11,0,3,158,69.9,57.4,49.9,66.8,0,1,11,0,20.0,33.3,9.1,1,0,0,2,0,1,9.1,90,9.0
5,Nate Bell,170673,QB,E WASHGTON,1,44.4,9,9,3.1,3.63,0,0,0.0,33.3,3,0,7,25.0,12,1,2,161,72.6,58.2,51.0,62.5,0,0,12,0,14.3,42.4,8.3,1,2,0,0,0,0,0.0,21,2.3
5,Bryce Patterson,160569,QB,MOREHEAD,1,71.4,7,9,6.4,3.22,0,0,0.0,55.6,5,0,5,0.0,11,0,5,234,66.7,63.9,51.7,71.5,1,1,11,0,0.0,24.5,0.0,0,2,0,1,0,0,0.0,34,3.8
5,Israel Carter,175310,QB,NORFOLK,1,55.6,9,9,6.1,2.47,0,0,0.0,55.6,5,0,1,0.0,9,0,2,244,68.4,51.4,49.5,60.0,0,1,10,0,0.0,22.2,0.0,0,0,0,0,0,1,10.0,29,3.2
5,Davis Harsin,186187,QB,IDAHO ST,1,60.0,5,8,10.6,2.84,1,0,0.0,25.0,2,0,3,33.3,8,1,2,186,69.0,58.6,52.8,68.1,0,0,8,2,0.0,48.4,0.0,0,0,0,2,0,0,0.0,41,5.1
5,Quentin Hayes,186423,QB,CITADEL,1,87.5,8,8,3.0,2.11,0,0,0.0,87.5,7,0,2,0.0,9,0,4,139,74.6,79.7,70.3,71.7,0,0,9,0,0.0,99.5,0.0,0,1,0,0,0,0,0.0,63,7.9
5,Cobey Thompkins,192469,QB,CITADEL,1,85.7,7,7,6.3,2.2,0,1,14.3,71.4,5,0,1,16.7,7,1,2,139,71.6,91.7,89.9,76.5,0,0,7,1,0.0,125.0,0.0,0,0,0,0,1,0,0.0,40,5.7
5,Jaden Rashada,171886,QB,SACRAMENTO,1,25.0,4,6,24.5,3.29,0,0,0.0,16.7,1,0,5,0.0,8,0,1,279,64.9,57.2,50.7,64.1,1,0,8,0,20.0,39.6,12.5,1,1,0,1,0,0,0.0,9,1.5
5,Aidan Jakobsohn,209046,QB,TXRG,1,40.0,5,5,13.0,4.07,0,0,0.0,40.0,2,0,3,0.0,7,0,2,1445,67.1,63.5,50.8,69.2,0,0,7,0,0.0,53.8,0.0,0,2,0,0,0,0,0.0,22,4.4
5,Kobe Muasau,185530,QB,MORGAN ST,1,60.0,5,5,5.8,2.38,0,0,0.0,60.0,3,0,1,0.0,6,0,0,235,67.2,55.3,43.2,70.3,0,0,8,0,100.0,64.6,16.7,1,0,0,0,0,1,12.5,13,2.6
5,Liam Poronsky,188956,QB,DAYTON,1,60.0,5,5,15.2,2.74,0,0,0.0,60.0,3,0,2,0.0,5,0,1,150,67.0,50.2,53.7,54.0,0,0,6,0,0.0,64.6,0.0,0,0,0,0,0,0,0.0,14,2.8
5,Brady Stober,203110,QB,SAMFORD,1,80.0,5,5,4.2,2.93,0,0,0.0,80.0,4,0,1,0.0,8,0,6,282,64.9,86.8,78.0,71.1,0,1,8,0,100.0,79.2,12.5,1,2,0,0,0,0,0.0,67,13.4
5,Conner Kenyon,126191,QB,RHODE ISLD,1,100.0,3,4,6.3,1.9,0,0,0.0,75.0,3,0,1,0.0,4,0,2,274,63.3,80.0,79.6,,1,0,4,0,0.0,92.7,0.0,0,0,0,0,0,0,0.0,27,6.8
5,Patrick Duchien,176764,QB,MONTANA ST,1,50.0,4,4,6.8,2.23,0,0,0.0,25.0,1,0,1,50.0,4,1,1,233,63.3,42.1,40.8,,0,1,4,0,0.0,2.1,0.0,0,0,0,0,0,1,25.0,14,3.5
5,Caleb Sanchez,191601,QB,COLUMBIA,1,66.7,3,3,6.3,2.1,0,0,0.0,66.7,2,0,0,0.0,3,0,0,145,64.8,57.3,50.5,62.5,0,0,3,0,,70.1,0.0,0,0,0,0,0,0,0.0,6,2.0
5,Luther Richesson,183971,QB,CENT ARK,1,33.3,3,3,8.0,2.07,0,0,0.0,33.3,1,0,0,0.0,3,0,1,132,64.8,51.7,51.6,59.6,0,0,3,0,,46.5,0.0,0,0,0,0,0,0,0.0,12,4.0
5,Luke Marble,188423,QB,S DAK ST,1,100.0,3,3,-3.3,1.73,0,0,0.0,100.0,3,0,0,0.0,3,0,2,292,64.8,84.5,80.4,63.3,0,0,3,0,,97.2,0.0,0,0,0,0,0,0,0.0,22,7.3
5,Jake Triptree,193097,QB,NEWHVN,1,100.0,3,3,-2.7,1.47,0,0,0.0,100.0,3,0,0,0.0,3,0,0,1013,62.7,64.1,63.9,,0,0,3,0,,79.2,0.0,0,0,0,0,0,0,0.0,9,3.0
5,Patrick Grusser,197638,QB,MARIST,1,100.0,3,3,12.0,3.03,0,0,0.0,100.0,3,0,1,0.0,3,0,2,213,64.8,79.9,80.4,62.9,0,0,3,0,0.0,158.3,0.0,0,0,0,0,1,0,0.0,41,13.7
5,Chris Stephenson,178446,QB,STETSON,1,100.0,3,3,-3.0,2.18,0,0,0.0,100.0,3,0,2,0.0,4,0,0,302,69.7,63.6,63.2,61.2,0,0,4,0,0.0,79.2,0.0,0,1,0,0,0,0,0.0,4,1.3
5,Kyle Wickersham,148418,QB,RICHMOND,1,0.0,1,3,5.0,1.97,1,0,0.0,0.0,0,0,2,,3,0,0,276,65.2,52.2,44.7,63.2,1,0,4,0,0.0,39.6,0.0,0,0,0,0,0,0,0.0,0,0.0
5,Cameron Peters,123326,QB,PRVIEW A&M,1,100.0,2,3,6.5,1.6,1,0,0.0,66.7,2,0,0,0.0,3,0,1,270,15.8,43.2,54.1,50.0,0,0,3,0,,91.0,0.0,0,0,0,0,0,0,0.0,24,8.0
5,Brenton Toles III,189017,QB,HAMPTON,1,66.7,3,3,9.3,2.5,0,0,0.0,66.7,2,0,0,0.0,3,0,1,178,64.8,41.2,42.1,58.0,0,1,3,0,,47.2,0.0,0,0,0,0,0,1,33.3,21,7.0
5,Mike Chandler II,139371,QB,CAMPBELL,1,100.0,2,3,26.0,4.63,0,1,25.0,66.7,2,0,1,0.0,3,0,2,131,72.0,71.1,93.2,54.0,0,0,5,0,0.0,109.7,0.0,0,0,0,1,0,0,0.0,79,26.3
5,David Parsons,192170,QB,MOREHEAD,1,0.0,2,2,20.0,2.85,0,0,0.0,0.0,0,0,0,,2,0,0,234,61.8,39.7,39.9,,0,0,2,0,,39.6,0.0,0,0,0,0,0,1,50.0,0,0.0
5,Dijon Jennings,156891,QB,WEBER ST,1,100.0,2,2,7.5,1.8,0,0,0.0,100.0,2,0,0,0.0,2,0,2,342,66.2,72.7,78.8,57.8,0,0,2,0,,158.3,0.0,0,0,0,0,1,0,0.0,37,18.5
5,Aveon Smith,130529,QB,MERRIMACK,1,0.0,2,2,20.5,4.5,0,0,0.0,0.0,0,0,2,,2,0,0,385,73.3,66.7,46.0,69.9,0,0,3,0,0.0,39.6,0.0,0,0,0,0,0,0,0.0,0,0.0
5,Grant Harper,142158,QB,UC DAVIS,1,50.0,2,2,11.0,2.95,0,0,0.0,50.0,1,0,1,0.0,2,0,0,322,61.8,48.6,48.4,,0,0,2,0,0.0,56.3,0.0,0,0,0,0,0,0,0.0,6,3.0
5,Max Holtzclaw,193407,QB,PRESBYTERN,1,50.0,2,2,18.0,2.05,0,0,0.0,50.0,1,0,0,0.0,2,0,0,271,68.7,72.4,59.5,69.2,0,0,2,0,,56.3,0.0,0,0,0,0,0,0,0.0,5,2.5
5,Will Burns,173629,QB,SO UTAH,1,100.0,2,2,7.0,2.85,0,0,0.0,100.0,2,0,0,0.0,2,0,1,298,64.4,82.0,74.3,63.3,0,0,2,0,,108.3,0.0,0,0,0,0,0,0,0.0,20,10.0
5,Asher Weiner,189205,QB,PRINCETON,1,100.0,2,2,-1.5,1.75,0,0,0.0,100.0,2,0,1,0.0,2,0,1,272,68.7,63.8,62.7,64.4,0,0,2,0,0.0,79.2,0.0,0,0,0,0,0,0,0.0,2,1.0
5,Devin Lippold,186017,QB,MCNEESE,1,50.0,2,2,21.0,2.4,0,1,50.0,0.0,0,0,1,100.0,2,1,0,217,61.8,67.9,67.5,,0,0,2,0,0.0,39.6,0.0,0,0,0,0,0,1,50.0,0,0.0
5,Austin Smith,145763,QB,AUSTINPEAY,1,100.0,2,2,9.5,2.7,0,0,0.0,100.0,2,0,0,0.0,2,0,2,116,64.4,79.4,75.5,63.0,0,0,2,0,,158.3,0.0,0,0,0,0,1,0,0.0,35,17.5
5,Marqeese Dietz,155299,WR,STNY BROOK,1,100.0,1,1,20.0,3.4,0,0,0.0,100.0,1,0,0,0.0,1,0,1,303,74.0,67.9,76.2,63.4,0,0,1,0,,118.8,0.0,0,0,0,0,0,0,0.0,20,20.0
5,Gabriel Abel,165294,HB,STTHOM,1,0.0,1,1,19.0,3.4,0,0,0.0,0.0,0,0,1,,1,0,0,1129,72.0,55.1,46.8,62.5,0,0,1,0,0.0,39.6,0.0,0,0,0,0,0,0,0.0,0,0.0
5,Rodney Hammond Jr.,144024,HB,SACRAMENTO,1,100.0,1,1,10.0,3.3,0,0,0.0,100.0,1,0,0,0.0,1,0,1,279,76.5,76.3,74.3,74.3,0,0,1,0,,158.3,0.0,0,0,0,0,1,0,0.0,23,23.0
5,Kaiden Bennett,147778,QB,DELWARE ST,1,100.0,1,1,-2.0,1.5,0,0,0.0,100.0,1,0,0,0.0,1,0,0,152,65.9,72.2,60.4,76.5,0,0,1,1,,91.7,0.0,0,0,0,0,0,0,0.0,6,6.0
5,Alex Gevaudan,186621,QB,MERCYHURST,1,100.0,1,1,5.0,1.5,0,0,0.0,100.0,1,0,0,0.0,1,0,1,977,60.3,61.3,60.6,,0,0,1,0,,108.3,0.0,0,0,0,0,0,0,0.0,10,10.0
5,Joe Kerbacher,186634,WR,MERCYHURST,1,0.0,1,1,22.0,3.1,0,0,0.0,0.0,0,0,0,,1,0,0,977,60.3,42.0,37.5,,0,0,1,0,,39.6,0.0,0,0,0,0,0,1,100.0,0,0.0
5,James Tyre,177965,WR,W CAROLINA,1,100.0,1,1,24.0,4.2,0,0,0.0,100.0,1,0,0,0.0,1,0,1,344,70.8,74.2,76.2,,0,0,1,0,,158.3,0.0,0,0,0,0,1,0,0.0,61,61.0
5,Dante Torres,177468,QB,HARVARD,1,,0,1,,3.1,0,0,0.0,0.0,0,0,1,,1,0,0,179,60.3,58.5,59.4,,0,0,1,0,0.0,39.6,0.0,0,0,0,1,0,0,0.0,0,0.0
5,Nathan Hayes,162204,QB,N DAK ST,1,100.0,1,1,0.0,3.4,0,0,0.0,100.0,1,0,1,0.0,1,0,0,250,61.8,59.2,58.0,,0,0,2,0,0.0,79.2,0.0,0,0,0,0,0,0,0.0,0,0.0
5,Timmy McClain,144488,QB,BETH COOK,1,100.0,1,1,36.0,3.95,0,1,100.0,100.0,1,0,1,0.0,2,0,1,119,61.8,88.9,87.3,63.1,0,0,2,0,0.0,118.8,0.0,0,1,0,0,0,0,0.0,40,40.0
5,Mehki Wall,156261,WR,NC CENT,1,0.0,1,1,41.0,3.4,0,0,0.0,0.0,0,0,0,,1,0,0,247,68.9,65.5,49.9,,0,0,1,0,,39.6,0.0,0,0,0,0,0,0,0.0,0,0.0
5,Joshua Jones,177098,QB,NC CENT,1,0.0,1,1,10.0,3.2,0,0,0.0,0.0,0,0,0,,1,0,0,247,69.7,74.2,56.6,71.0,0,0,1,0,,39.6,0.0,0,0,0,0,0,0,0.0,0,0.0
5,Cam'Ron McCoy,157481,QB,SOUTHERN U,1,100.0,1,1,0.0,3.6,0,0,0.0,100.0,1,0,1,0.0,1,0,0,297,63.7,68.7,60.6,63.1,0,0,1,0,0.0,79.2,0.0,0,0,0,0,0,0,0.0,0,0.0
5,Skyler Cassel,172999,QB,UTAHTC,1,0.0,1,1,18.0,2.1,0,0,0.0,0.0,0,0,0,,1,0,0,1285,60.3,56.5,56.6,,0,0,1,0,,39.6,0.0,0,0,0,0,0,0,0.0,0,0.0
5,Garrett Bass-Sulpizio,171137,QB,CORNELL,1,0.0,1,1,8.0,4.25,0,0,0.0,0.0,0,0,2,,2,0,0,147,61.8,46.9,53.3,57.3,0,0,2,0,0.0,39.6,0.0,0,1,0,0,0,0,0.0,0,0.0
5,Chance Wilson,170708,QB,MONTANA ST,1,100.0,1,1,1.0,2.5,0,0,0.0,100.0,1,0,1,0.0,1,0,0,233,63.7,83.2,60.6,68.5,0,0,1,0,0.0,79.2,0.0,0,0,0,0,0,0,0.0,3,3.0
5,Brandon Nunez,183978,QB,MS VLY ST,1,100.0,1,1,-6.0,2.1,0,0,0.0,100.0,1,0,0,0.0,1,0,0,228,60.3,60.8,60.6,,0,0,1,0,,79.2,0.0,0,0,0,0,0,0,0.0,-5,-5.0
5,Tyrese Smith,185065,QB,PORTLAND,1,100.0,1,1,-4.0,2.4,0,0,0.0,100.0,1,0,1,0.0,1,0,0,269,65.9,59.2,61.0,58.7,0,0,1,0,0.0,79.2,0.0,0,0,0,0,0,0,0.0,0,0.0
5,Brinley Vandiver,193742,QB,MILES,1,75.8,33,39,7.2,2.3,1,3,7.1,61.5,24,0,21,4.0,45,1,9,386,38.3,43.9,42.8,58.7,3,0,48,0,19.0,97.5,8.9,4,2,0,2,2,5,10.4,253,6.5
week,player,player_id,position,team_name,player_game_count,accuracy_percent,aimed_passes,attempts,avg_depth_of_target,avg_time_to_throw,bats,big_time_throws,btt_rate,completion_percent,completions,declined_penalties,def_gen_pressures,drop_rate,dropbacks,drops,first_downs,franchise_id,grades_hands_fumble,grades_offense,grades_pass,grades_run,hit_as_threw,interceptions,passing_snaps,penalties,pressure_to_sack_rate,qb_rating,sack_percent,sacks,scrambles,spikes,thrown_aways,touchdowns,turnover_worthy_plays,twp_rate,yards,ypa
6,Ryan Browne,174949,QB,PURDUE,1,73.9,46,50,7.8,2.92,1,1,2.0,60.0,30,0,17,11.8,58,4,19,273,70.2,68.0,66.8,62.7,0,0,60,0,17.6,83.9,5.2,3,5,0,3,1,1,1.7,302,6.0
6,Malik Washington,198729,QB,MARYLAND,1,77.3,44,49,5.9,2.49,3,2,4.0,61.2,30,0,8,11.8,51,4,16,215,69.8,69.6,68.5,61.9,0,1,52,0,0.0,70.0,0.0,0,2,0,2,1,2,3.8,219,4.5
6,Rocco Becht,157567,QB,IOWA STATE,1,70.2,47,48,9.7,2.63,0,2,3.8,62.5,30,0,6,9.1,52,3,15,193,72.4,76.6,74.8,65.8,0,0,58,0,50.0,95.3,5.8,3,1,0,1,2,0,0.0,314,6.5
6,Miller Moss,70727,QB,LOUISVILLE,1,74.5,47,48,7.5,2.63,1,2,4.1,70.8,34,0,24,2.9,53,1,18,210,41.8,62.5,57.9,73.4,0,1,54,0,20.8,94.9,9.4,5,0,0,0,2,5,9.3,329,6.9
6,Nick Minicucci,173617,QB,DELAWARE,1,74.4,43,47,9.1,2.69,1,2,4.0,61.7,29,0,14,9.4,48,3,17,151,29.7,55.7,52.3,63.9,0,1,51,0,0.0,73.2,0.0,0,1,1,2,0,3,5.9,322,6.9
6,Avery Johnson,173108,QB,KANSAS ST,1,80.0,40,46,9.0,2.75,1,2,4.3,63.0,29,0,14,9.4,50,3,21,199,71.8,77.2,76.8,64.5,1,1,51,0,0.0,91.2,0.0,0,4,1,3,2,1,2.0,344,7.5
6,Kaden Anderson,127312,QB,WYOMING,1,62.8,43,46,7.7,2.91,1,0,0.0,54.3,25,0,18,7.4,48,2,13,351,40.1,44.6,43.3,59.6,0,1,52,0,5.6,68.6,2.1,1,1,0,2,1,2,3.8,254,5.5
6,Maalik Murphy,157302,QB,OREGON ST,1,70.5,44,45,9.0,2.71,0,0,0.0,66.7,30,0,16,3.2,46,1,17,265,69.6,51.0,50.3,,0,2,49,0,6.3,87.1,2.2,1,0,0,1,2,3,6.1,358,8.0
6,Rickie Collins,172474,QB,SYRACUSE,1,62.8,43,45,12.2,2.7,1,2,4.3,48.9,22,0,13,18.5,54,5,15,304,70.4,49.3,45.0,66.6,0,3,57,1,15.4,48.3,3.7,2,7,0,1,1,3,5.3,279,6.2
6,Tommy Castellanos,158433,QB,FLORIDA ST,1,64.3,42,45,10.2,3.32,0,1,2.0,55.6,25,0,30,7.4,56,2,21,167,71.8,74.6,73.1,65.3,2,2,60,0,6.7,69.9,3.6,2,9,0,1,2,1,1.7,272,6.0
6,Jalen Kitna,146688,QB,UAB,1,64.1,39,42,10.3,3.03,0,2,4.5,57.1,24,0,10,4.0,44,1,13,321,69.8,55.1,53.9,61.9,0,1,46,0,10.0,73.4,2.3,1,1,0,3,1,3,6.5,259,6.2
6,Max Johnson,124099,QB,N CAROLINA,1,67.5,40,42,4.7,2.41,1,0,0.0,61.9,26,0,20,3.7,45,1,12,245,70.3,44.3,40.7,65.1,0,0,48,0,5.0,74.3,2.2,1,2,0,1,0,1,2.1,208,5.0
6,Cutter Boley,184630,QB,KENTUCKY,1,69.2,39,41,9.9,2.6,0,0,0.0,58.5,24,0,11,11.1,45,3,12,202,38.6,50.2,56.3,35.3,0,1,51,0,18.2,79.3,4.4,2,1,1,1,2,1,2.0,220,5.4
6,Mason Heintschel,199088,QB,PITTSBURGH,1,79.5,39,41,6.9,3.09,0,2,4.3,73.2,30,0,12,3.2,50,1,20,268,70.3,67.1,67.5,59.0,0,0,55,0,16.7,128.4,4.0,2,7,0,2,4,1,1.8,323,7.9
6,Demond Williams Jr.,183648,QB,WASHINGTON,1,73.7,38,41,9.6,3.18,0,3,7.0,68.3,28,0,19,0.0,51,0,18,340,71.3,65.9,64.2,65.6,1,1,54,1,10.5,93.0,3.9,2,8,0,2,2,0,0.0,275,6.7
6,Behren Morton,144747,QB,TEXAS TECH,1,86.8,38,40,5.3,2.57,0,2,4.8,70.0,28,0,14,15.2,44,5,11,315,41.6,79.7,80.3,61.4,0,0,47,0,14.3,104.7,4.5,2,2,0,2,1,1,2.1,345,8.6
6,Ta'Quan Roberson,101625,QB,BUFFALO,1,58.3,36,40,9.6,2.64,0,0,0.0,47.5,19,0,11,9.5,42,2,12,126,35.9,38.1,35.2,65.6,1,0,44,1,9.1,95.0,2.4,1,1,1,2,3,5,11.4,272,6.8
6,Jack Layne,158966,QB,NEW MEXICO,1,78.4,37,40,10.1,2.72,1,3,6.7,70.0,28,0,12,3.4,46,1,20,241,39.1,69.8,65.6,72.2,0,3,52,0,33.3,65.0,8.7,4,2,0,2,0,4,7.7,344,8.6
6,Robby Ashford,131702,QB,WAKE,1,67.6,37,40,6.8,2.53,1,1,2.3,60.0,24,0,14,4.0,43,1,11,339,72.6,56.4,55.4,59.4,0,1,46,1,0.0,76.7,0.0,0,3,0,2,1,3,6.5,256,6.4
6,Sawyer Robertson,146839,QB,BAYLOR,1,71.1,38,39,12.7,2.8,0,3,7.3,64.1,25,0,17,7.4,42,2,17,118,70.2,78.2,77.8,61.8,0,1,45,0,5.9,98.8,2.4,1,2,0,1,2,1,2.2,345,8.8
6,Noah Fifita,158722,QB,ARIZONA,1,75.7,37,38,11.8,3.08,1,4,9.8,73.7,28,0,11,0.0,43,0,18,109,38.3,75.0,82.7,37.6,0,1,46,0,36.4,133.3,9.3,4,1,0,0,5,1,2.2,376,9.9
6,Maddux Madsen,163379,QB,BOISE ST,1,68.6,35,37,6.1,3.27,0,0,0.0,59.5,22,0,22,8.3,48,2,11,120,70.6,28.1,28.2,48.2,0,4,53,0,18.2,36.3,8.3,4,7,0,2,0,6,11.3,215,5.8
6,Owen McCown,157688,QB,UTSA,1,76.5,34,37,7.6,2.84,1,0,0.0,67.6,25,0,16,3.8,41,1,15,331,69.8,71.7,67.1,65.9,1,2,45,0,18.8,80.2,7.3,3,1,0,1,2,2,4.4,234,6.3
6,Jaylen Raynor,172203,QB,ARK STATE,1,80.6,36,36,5.3,2.42,0,1,2.6,77.8,28,0,10,3.4,42,1,16,113,74.1,78.1,62.7,84.1,0,0,45,0,50.0,114.6,11.9,5,1,0,0,2,2,4.4,254,7.1
6,Diego Pavia,156927,QB,VANDERBILT,1,75.0,32,35,8.4,2.88,0,1,2.8,60.0,21,0,17,12.5,40,3,13,333,41.1,46.5,48.6,52.5,1,1,41,0,5.9,73.3,2.5,1,4,0,2,1,4,9.8,198,5.7
6,Kevin Jennings,158272,QB,SMU,1,85.7,35,35,6.1,2.31,0,3,8.1,82.9,29,0,6,3.3,38,1,15,287,69.9,78.0,80.8,56.5,0,1,40,0,16.7,126.8,2.6,1,2,0,0,4,1,2.5,285,8.1
6,Byrum Brown,156206,QB,USF,1,75.0,32,34,9.2,3.0,0,1,2.7,55.9,19,0,12,20.8,40,5,12,327,44.5,74.8,68.0,71.3,0,2,43,0,0.0,89.2,0.0,0,6,0,2,4,2,4.7,211,6.2
6,Hunter Watson,183993,QB,SM HOUSTON,1,80.0,30,34,4.5,2.56,0,0,0.0,64.7,22,0,14,8.3,40,2,14,281,35.1,60.4,61.4,56.6,1,1,41,1,14.3,80.8,5.0,2,3,0,3,1,3,7.3,222,6.5
6,Kirk Francis,173296,QB,TULSA,1,64.5,31,34,10.3,2.64,2,1,2.9,58.8,20,0,6,0.0,34,0,8,320,69.1,52.3,52.7,55.8,0,3,35,0,0.0,45.6,0.0,0,0,0,1,1,2,5.7,175,5.1
6,Kiael Kelly,145634,QB,BALL ST,1,60.0,30,34,8.1,3.04,2,0,0.0,52.9,18,0,14,0.0,40,0,9,117,74.6,69.9,63.3,68.9,0,0,43,0,0.0,81.5,0.0,0,6,0,2,1,0,0.0,208,6.1
6,Caden Veltkamp,156642,QB,FAU,1,72.7,33,33,9.5,1.92,0,3,8.6,69.7,23,0,2,4.2,34,1,11,165,70.9,81.8,80.6,64.8,0,1,36,0,50.0,114.5,2.9,1,0,0,0,3,1,2.8,290,8.8
6,Josh Hoover,127148,QB,TCU,1,78.1,32,33,7.1,2.61,0,3,8.3,69.7,23,0,12,8.0,38,2,17,305,35.7,73.6,67.0,74.4,0,0,41,0,16.7,134.5,5.3,2,3,0,1,4,2,4.9,275,8.3
6,Noah Kim,129623,QB,E MICHIGAN,1,75.0,28,31,8.3,2.62,1,1,2.9,61.3,19,0,12,9.5,33,2,8,160,21.6,55.2,55.7,55.3,0,0,38,0,0.0,97.2,0.0,0,2,0,2,2,2,5.3,168,5.4
6,Preston Stone,124716,QB,NWESTERN,1,73.3,30,31,12.8,2.95,1,1,3.0,64.5,20,0,8,9.1,33,2,12,256,70.1,83.8,81.5,71.9,0,0,35,1,0.0,123.3,0.0,0,2,0,0,3,1,2.9,262,8.5
6,Ty Simpson,157008,QB,ALABAMA,1,89.3,28,31,9.9,3.18,2,3,9.1,74.2,23,0,10,8.0,37,2,15,103,70.3,90.5,90.8,62.7,1,1,39,0,40.0,117.7,10.8,4,2,0,0,2,1,2.6,340,11.0
6,Maverick McIvor,99476,QB,W KENTUCKY,1,79.3,29,31,8.3,2.51,0,2,6.3,74.2,23,0,10,0.0,34,0,13,346,70.1,73.0,69.5,68.6,1,0,35,1,10.0,105.3,2.9,1,2,0,1,1,0,0.0,228,7.4
6,Jaron-Keawe Sagapolutele,198237,QB,CAL,1,73.3,30,31,9.4,2.76,0,2,5.9,64.5,20,0,20,9.1,39,2,13,130,69.6,60.4,58.7,62.7,0,3,42,0,35.0,59.9,17.9,7,1,0,1,1,3,7.1,245,7.9
6,Chandler Morris,122938,QB,VIRGINIA,1,76.7,30,31,5.1,2.69,0,1,3.2,61.3,19,0,15,17.4,36,4,6,335,69.7,66.7,65.3,62.6,0,0,36,0,13.3,83.9,5.6,2,3,0,1,1,0,0.0,149,4.8
6,Arch Manning,173162,QB,TEXAS,1,68.0,25,30,20.2,3.49,0,2,6.7,53.3,16,0,26,5.9,42,1,13,311,70.4,54.5,50.1,68.3,3,2,42,1,23.1,77.5,14.3,6,6,1,1,2,5,11.9,263,8.8
6,Brendon Lewis,131687,QB,MEMPHIS,1,82.1,28,30,9.0,3.32,1,1,3.2,73.3,22,0,10,4.3,37,1,15,218,41.7,69.6,62.1,70.3,0,2,38,0,20.0,105.7,5.4,2,5,0,1,3,3,7.9,266,8.9
6,Walker Eget,146170,QB,S JOSE ST,1,86.7,30,30,10.7,2.48,0,2,6.7,86.7,26,0,6,0.0,31,0,15,285,70.7,78.5,77.1,64.7,0,0,31,0,0.0,145.4,0.0,0,1,0,0,3,1,3.2,327,10.9
6,Kaidon Salter,132046,QB,COLORADO,1,69.2,26,30,8.5,2.95,1,1,3.0,60.0,18,0,11,0.0,33,0,11,143,70.5,52.4,51.9,56.9,0,3,36,0,18.2,64.9,6.1,2,1,1,2,2,3,8.3,217,7.2
6,Parker Navarro,123758,QB,OHIO,1,66.7,27,30,12.0,3.22,0,1,3.1,53.3,16,0,11,11.1,35,2,10,259,19.4,57.5,55.6,60.7,0,0,37,1,27.3,83.8,8.6,3,2,0,3,1,2,5.4,188,6.3
6,Darian Mensah,169984,QB,DUKE,1,73.3,30,30,11.3,2.46,0,3,9.7,73.3,22,0,9,0.0,32,0,14,154,68.5,90.2,89.8,,0,0,33,0,22.2,122.2,6.3,2,0,0,0,2,1,3.0,265,8.8
6,Tad Hudson,170107,QB,COAST CAR,1,72.4,29,30,7.5,2.72,1,0,0.0,63.3,19,0,10,9.5,35,2,8,141,30.4,29.9,27.7,69.0,0,1,35,0,30.0,67.1,8.6,3,2,0,0,1,6,17.1,108,3.6
6,Colton Joseph,172283,QB,DOMINION,1,66.7,30,30,13.2,2.45,0,1,3.3,56.7,17,0,9,15.0,31,3,13,263,70.7,88.3,84.8,71.3,0,0,31,0,11.1,132.6,3.2,1,0,0,0,4,0,0.0,315,10.5
6,Ben Finley,122864,QB,AKRON,1,67.9,28,29,8.1,2.83,0,1,3.4,62.1,18,0,11,5.3,31,1,13,102,69.3,63.7,64.4,55.7,0,1,31,0,9.1,110.1,3.2,1,1,0,1,3,2,6.5,252,8.7
6,Hunter Simmons,148254,QB,WISCONSIN,1,76.0,25,29,7.2,2.5,1,1,3.4,62.1,18,0,14,5.3,30,1,9,349,36.6,44.0,42.8,,1,1,30,0,7.1,64.9,3.3,1,0,0,2,0,2,6.7,177,6.1
6,Kyron Drones,144506,QB,VA TECH,1,64.0,25,28,7.1,3.27,0,0,0.0,50.0,14,0,17,12.5,34,2,8,337,72.4,61.5,52.6,69.7,2,1,35,0,11.8,57.3,5.9,2,4,0,1,1,2,5.7,111,4.0
6,Brady Davidson,199832,QB,N ILLINOIS,1,52.0,25,28,8.5,2.7,1,0,0.0,46.4,13,0,12,0.0,31,0,5,254,28.3,44.8,43.8,,0,1,33,0,25.0,53.6,9.7,3,0,0,2,1,1,3.0,106,3.8
6,Carson Beck,124010,QB,MIAMI FL,1,77.8,27,28,7.4,2.24,0,2,6.9,71.4,20,0,4,4.8,30,1,8,220,68.8,74.2,77.3,52.9,1,0,31,1,0.0,137.1,0.0,0,2,0,0,4,0,0.0,241,8.6
6,Bryce Underwood,198795,QB,MICHIGAN,1,81.5,27,28,7.0,2.58,1,1,3.4,67.9,19,0,6,13.6,33,3,11,222,29.7,65.9,70.0,49.7,0,0,34,0,16.7,110.7,3.0,1,3,0,0,1,0,0.0,270,9.6
6,JJ Kohl,174674,QB,APP STATE,1,61.5,26,28,13.2,2.62,0,3,10.0,46.4,13,0,12,18.8,32,3,9,108,70.0,74.9,79.0,56.9,2,0,34,1,16.7,85.1,6.3,2,2,0,0,1,0,0.0,218,7.8
6,DJ Lagway,184426,QB,FLORIDA,1,80.8,26,28,9.4,2.32,0,0,0.0,75.0,21,0,9,0.0,28,0,10,163,68.0,67.3,66.1,,0,1,28,0,0.0,117.0,0.0,0,0,0,2,2,0,0.0,292,10.4
6,Joe Fagnano,104768,QB,UCONN,1,85.2,27,28,9.1,2.91,1,2,6.5,78.6,22,0,12,4.3,33,1,11,146,29.9,84.7,82.4,67.3,0,0,36,0,25.0,158.3,9.1,3,2,0,0,4,1,2.8,354,12.6
6,T.J. Finley,124093,QB,GA STATE,1,84.0,25,28,5.3,2.36,0,2,6.5,67.9,19,0,9,9.5,30,2,7,175,69.0,71.1,72.4,56.0,2,0,33,0,22.2,100.0,6.7,2,0,0,1,1,0,0.0,198,7.1
6,Julian Sayin,183708,QB,OHIO STATE,1,85.2,27,27,11.0,2.65,0,3,11.1,85.2,23,0,5,0.0,27,0,13,260,69.1,91.5,91.7,62.1,0,0,28,0,0.0,154.0,0.0,0,0,0,0,3,0,0.0,326,12.1
6,Dequan Finn,97804,QB,MIAMI OH,1,61.5,26,27,11.9,3.07,0,1,3.6,51.9,14,0,12,12.5,33,2,11,221,46.1,72.2,76.6,59.5,0,0,36,0,16.7,83.9,6.1,2,4,0,1,1,0,0.0,170,6.3
6,Logan Fife,128176,QB,NEW MEX ST,1,79.2,24,26,10.7,2.51,0,3,11.1,73.1,19,0,10,0.0,29,0,14,242,28.8,87.0,90.9,50.1,0,0,30,0,10.0,116.7,3.4,1,2,0,2,1,0,0.0,255,9.8
6,Blake Horvath,162555,QB,NAVY,1,84.0,25,26,13.2,2.5,0,6,23.1,76.9,20,0,13,4.8,29,1,12,237,24.8,88.2,94.3,54.0,0,0,29,2,0.0,156.7,0.0,0,3,0,1,3,0,0.0,339,13.0
6,Drew Allar,164157,QB,PENN STATE,1,80.0,25,26,7.8,3.22,0,1,3.7,73.1,19,0,7,5.0,35,1,14,266,69.7,73.3,67.1,70.7,0,0,36,0,14.3,120.7,2.9,1,8,0,1,2,0,0.0,200,7.7
6,Drake Lindsey,184727,QB,MINNESOTA,1,68.2,22,26,6.2,2.8,1,0,0.0,57.7,15,0,8,0.0,27,0,5,225,67.9,58.9,60.3,,1,0,27,1,12.5,65.2,3.7,1,0,0,2,0,1,3.7,94,3.6
6,E.J. Warner,156185,QB,FRESNO ST,1,78.3,23,26,5.6,2.54,2,1,3.7,69.2,18,0,10,0.0,31,0,10,169,70.3,65.9,62.2,66.1,1,1,32,0,30.0,99.8,9.7,3,2,0,0,2,1,3.1,190,7.3
6,Brad Jackson,184354,QB,TEXAS ST,1,76.9,26,26,9.2,2.62,0,0,0.0,69.2,18,0,2,10.0,30,2,9,314,35.4,75.9,72.6,67.9,0,0,32,0,0.0,105.9,0.0,0,3,0,0,1,0,0.0,208,8.0
6,Jalon Daniels,122555,QB,KANSAS,1,79.2,24,26,9.1,2.76,0,2,7.7,69.2,18,0,9,5.3,28,1,10,198,73.0,85.9,81.9,72.3,0,0,28,0,11.1,97.4,3.6,1,1,0,2,0,0,0.0,235,9.0
6,Bear Bachmeier,203434,QB,BYU,1,78.3,23,25,8.8,2.56,0,1,3.7,72.0,18,0,4,0.0,27,0,8,128,39.0,59.2,63.7,53.9,1,1,30,0,0.0,110.8,0.0,0,2,0,1,1,1,3.3,344,13.8
6,Brendan Sorsby,156398,QB,CINCINNATI,1,56.5,23,25,14.4,3.24,0,2,7.4,52.0,13,0,6,0.0,26,0,8,138,72.2,72.2,68.4,67.3,0,0,28,0,0.0,107.7,0.0,0,1,0,2,2,1,3.6,214,8.6
6,Jackson Brousseau,173480,QB,COLO STATE,1,65.0,20,25,9.8,3.32,1,1,3.8,52.0,13,0,15,0.0,31,0,8,144,69.0,73.1,72.7,62.0,1,0,33,0,20.0,84.6,9.7,3,3,0,3,1,0,0.0,155,6.2
6,Broc Lowry,173383,QB,W MICHIGAN,1,80.0,25,25,6.2,2.39,0,0,0.0,72.0,18,0,3,10.0,25,2,8,347,74.8,80.7,73.2,73.4,0,0,27,0,0.0,102.6,0.0,0,0,0,0,1,0,0.0,163,6.5
6,Keyone Jenkins,170403,QB,FIU,1,71.4,21,24,4.8,2.54,2,0,0.0,62.5,15,0,8,0.0,27,0,4,166,27.9,42.1,46.8,46.0,1,1,27,0,25.0,49.7,7.4,2,1,0,0,0,2,7.4,74,3.1
6,Michael Hawkins Jr.,184595,QB,OKLAHOMA,1,69.6,23,24,9.6,2.56,0,0,0.0,58.3,14,0,6,12.5,27,2,9,261,71.0,83.8,73.5,80.3,1,0,27,0,33.3,118.4,7.4,2,1,0,0,3,0,0.0,162,6.8
6,Evan Simon,129906,QB,TEMPLE,1,71.4,21,24,9.3,2.86,0,2,8.0,62.5,15,0,12,0.0,29,0,12,306,70.2,71.3,73.3,57.7,0,0,30,1,16.7,113.2,6.9,2,3,0,3,2,0,0.0,180,7.5
6,Dylan Raiola,183581,QB,NEBRASKA,1,77.3,22,24,3.4,2.89,1,0,0.0,66.7,16,0,10,5.9,33,1,7,238,70.4,45.7,42.3,60.3,0,1,34,0,50.0,87.8,15.2,5,3,0,1,1,1,2.9,194,8.1
6,Nico Iamaleava,174728,QB,UCLA,1,79.2,24,24,8.9,2.73,0,2,7.4,70.8,17,0,14,10.5,34,2,18,324,37.0,89.7,77.8,82.8,0,0,37,0,28.6,117.7,11.8,4,6,0,0,2,1,2.7,166,6.9
6,Cade Klubnik,156253,QB,CLEMSON,1,91.7,24,24,5.6,2.53,0,0,0.0,91.7,22,0,11,0.0,26,0,10,140,69.1,74.2,72.4,67.3,0,0,27,0,18.2,150.3,7.7,2,0,0,0,4,1,3.7,254,10.6
6,Gunner Stockton,157072,QB,GEORGIA,1,75.0,20,23,9.1,2.66,1,1,4.0,65.2,15,0,8,0.0,25,0,8,173,70.1,69.1,62.0,71.0,1,1,27,0,0.0,88.3,0.0,0,2,0,1,1,1,3.7,196,8.5
6,Marcel Reed,175940,QB,TEXAS A&M,1,68.2,22,23,11.7,3.18,0,1,4.2,56.5,13,0,4,13.3,26,2,8,312,71.0,64.7,60.9,64.7,0,1,27,0,25.0,92.7,3.8,1,2,0,1,2,1,3.7,180,7.8
6,Aidan Chiles,173727,QB,MICH STATE,1,47.8,23,23,10.2,3.43,0,0,0.0,39.1,9,0,17,18.2,33,2,6,223,70.9,50.0,31.2,79.2,0,2,34,0,23.5,13.9,12.1,4,5,0,0,0,2,5.9,85,3.7
6,Tayven Jackson,157615,QB,UCF,1,63.6,22,23,5.9,2.13,1,0,0.0,60.9,14,0,3,0.0,25,0,5,323,24.4,39.0,37.4,59.6,0,0,26,0,33.3,70.4,4.0,1,0,0,0,0,2,7.7,97,4.2
6,CJ Bailey,183349,QB,NC STATE,1,87.0,23,23,14.3,3.18,0,0,0.0,87.0,20,0,8,0.0,25,0,17,248,69.1,85.5,90.1,52.6,0,0,27,0,0.0,158.3,0.0,0,2,0,0,4,0,0.0,337,14.7
6,CJ Carr,184093,QB,NOTRE DAME,1,76.2,21,23,14.5,2.82,0,2,7.1,65.2,15,0,7,6.3,23,1,11,258,71.0,78.6,78.3,63.2,0,0,28,0,0.0,119.7,0.0,0,0,0,2,2,0,0.0,189,8.2
6,Luke Altmyer,146802,QB,ILLINOIS,1,90.9,22,22,11.3,3.2,0,2,8.7,86.4,19,0,10,5.0,27,1,13,187,29.4,82.5,91.5,45.5,0,0,28,0,20.0,133.9,7.4,2,3,0,0,1,0,0.0,390,17.7
6,Alonza Barnett III,156710,QB,JAMES MAD,1,63.2,19,22,4.6,2.57,1,0,0.0,50.0,11,0,8,8.3,23,1,4,197,70.9,45.3,38.1,64.8,0,0,25,0,12.5,57.8,4.3,1,0,0,2,0,1,4.0,74,3.4
6,Joe Labas,144847,QB,C MICHIGAN,1,63.2,19,21,9.7,2.56,0,0,0.0,57.1,12,0,10,0.0,25,0,5,134,68.1,56.4,55.7,,0,0,29,0,40.0,76.3,16.0,4,0,1,1,0,0,0.0,134,6.4
6,Blake Shapen,122282,QB,MISS STATE,1,78.9,19,20,10.6,2.75,0,1,4.5,75.0,15,0,12,0.0,25,0,4,227,28.3,59.4,71.0,35.3,0,1,27,0,33.3,89.6,16.0,4,1,0,1,1,0,0.0,140,7.0
6,Zane Flores,174288,QB,OKLA STATE,1,56.3,16,20,6.9,2.78,0,0,0.0,45.0,9,0,5,0.0,23,0,3,262,68.8,45.9,41.7,62.0,0,1,24,0,20.0,31.3,4.3,1,2,0,4,0,1,4.2,47,2.4
6,Anthony Colandrea,170131,QB,UNLV,1,55.0,20,20,9.2,2.82,0,0,0.0,55.0,11,0,10,0.0,26,0,8,325,20.5,66.4,63.1,64.4,0,0,27,0,30.0,85.8,11.5,3,3,0,0,1,2,7.4,102,5.1
6,Tucker Kilcrease,156863,QB,TROY,1,81.3,16,20,12.3,2.96,1,2,9.5,60.0,12,0,6,7.7,26,1,9,318,40.8,70.5,75.4,61.9,1,1,27,1,0.0,105.2,0.0,0,5,0,2,2,0,0.0,195,9.8
6,Liam Szarka,197814,QB,AIR FORCE,1,73.3,15,19,11.8,2.84,0,1,4.8,57.9,11,0,11,0.0,22,0,10,101,46.8,69.6,62.1,68.4,3,0,24,0,18.2,131.9,9.1,2,1,0,1,2,1,4.2,212,11.2
6,Aidan Armenta,175731,QB,LA MONROE,1,61.1,18,19,15.3,3.04,0,1,4.8,52.6,10,0,7,9.1,22,1,7,209,68.8,78.0,74.3,69.9,0,0,24,0,42.9,91.8,13.6,3,0,0,1,1,0,0.0,129,6.8
6,AJ Hairston,184157,QB,UMASS,1,61.1,18,18,10.6,3.38,0,0,0.0,61.1,11,0,10,0.0,23,0,6,216,31.0,55.5,58.0,53.8,0,1,24,0,30.0,59.5,13.0,3,2,0,0,0,0,0.0,128,7.1
6,Zach Wilcke,156836,QB,CHARLOTTE,1,82.4,17,18,9.5,2.95,0,2,9.5,77.8,14,0,6,0.0,20,0,8,136,68.8,74.2,81.6,49.4,0,1,23,0,0.0,115.3,0.0,0,2,0,1,2,1,4.3,150,8.3
6,Dylan Lonergan,172386,QB,BOSTON COL,1,58.8,17,18,10.5,2.68,0,1,5.6,50.0,9,0,6,10.0,21,1,2,121,25.1,45.6,46.7,55.9,0,0,21,0,33.3,64.4,9.5,2,1,0,1,0,1,4.8,89,4.9
6,Brandon Rose,158503,QB,UMASS,1,80.0,15,17,6.6,3.1,0,0,0.0,52.9,9,0,8,25.0,20,3,2,216,67.9,76.5,75.4,62.7,0,0,21,0,25.0,63.8,10.0,2,1,0,2,0,0,0.0,72,4.2
6,Bishop Davenport,163426,QB,S ALABAMA,1,78.6,14,16,0.9,2.53,0,0,0.0,62.5,10,0,11,9.1,21,1,6,288,72.1,64.3,52.3,72.2,1,0,21,1,18.2,120.8,9.5,2,3,0,1,2,0,0.0,104,6.5
6,Jayden Denegal,158533,QB,S DIEGO ST,1,86.7,15,16,14.1,2.34,1,3,17.6,81.3,13,0,3,0.0,16,0,10,284,68.2,91.2,91.3,65.1,0,0,17,0,0.0,158.3,0.0,0,0,0,0,2,0,0.0,256,16.0
6,Chase Jenkins,173242,QB,RICE,1,68.8,16,16,12.1,2.31,0,1,5.9,68.8,11,0,5,0.0,17,0,6,275,71.7,69.7,62.8,68.8,0,0,18,0,20.0,115.9,5.9,1,0,0,0,1,1,5.6,137,8.6
6,Carter Jones,198923,QB,NEVADA,1,73.3,15,15,11.8,2.87,0,1,6.3,73.3,11,0,3,0.0,16,0,6,239,67.5,72.2,72.4,60.4,0,1,17,0,0.0,109.7,0.0,0,1,0,0,2,0,0.0,125,8.3
6,Devin Kargman,156913,QB,KENT STATE,1,53.3,15,15,10.1,2.13,0,0,0.0,46.7,7,0,9,12.5,18,1,3,201,66.7,52.0,51.0,,0,1,18,0,33.3,32.1,16.7,3,0,0,0,0,1,5.6,68,4.5
6,Cam Fancher,145266,QB,UCF,1,75.0,12,14,7.6,3.47,1,0,0.0,57.1,8,0,7,11.1,17,1,5,323,69.5,79.7,77.6,66.8,0,0,17,0,14.3,73.2,5.9,1,2,0,1,0,0,0.0,79,5.6
6,Khalil Wilkins,189946,QB,W VIRGINIA,1,61.5,13,14,15.4,2.95,1,1,6.7,42.9,6,0,7,25.0,20,2,5,343,74.9,58.4,63.4,57.5,0,2,21,1,0.0,23.5,0.0,0,6,0,0,0,1,4.8,85,6.1
6,Zeon Chriss-Gremillion,156733,QB,HOUSTON,1,50.0,12,13,13.0,2.81,1,1,6.7,38.5,5,0,11,16.7,15,1,2,182,27.2,62.2,54.4,67.7,0,1,17,0,9.1,57.5,6.7,1,1,0,0,1,2,11.8,93,7.2
6,Conner Weigman,158683,QB,HOUSTON,1,45.5,11,12,11.2,2.35,0,0,0.0,41.7,5,0,9,0.0,14,0,2,182,15.9,34.8,29.3,64.7,0,1,17,0,11.1,26.7,7.1,1,0,0,1,0,2,11.8,71,5.9
6,Joe Pesansky,149434,QB,FIU,1,58.3,12,12,14.9,3.64,0,1,7.7,58.3,7,0,11,0.0,17,0,6,166,67.6,56.2,56.1,58.5,0,2,18,0,27.3,45.8,17.6,3,2,0,0,0,2,11.1,100,8.3
6,Grayson Loftis,170054,QB,CHARLOTTE,1,25.0,8,12,4.8,3.08,0,0,0.0,16.7,2,0,7,0.0,13,0,0,136,67.0,27.5,28.4,53.4,1,1,13,1,0.0,4.9,0.0,0,1,0,3,0,1,7.7,-1,-0.1
6,Christopher Vizzina,170032,QB,CLEMSON,1,54.5,11,11,6.2,2.1,0,0,0.0,54.5,6,0,1,0.0,11,0,1,140,67.8,29.1,28.5,58.5,0,0,13,0,0.0,62.3,0.0,0,0,0,0,0,4,30.8,39,3.5
6,Grayson James,145214,QB,BOSTON COL,1,25.0,8,9,14.1,2.3,0,0,0.0,22.2,2,0,5,0.0,9,0,1,121,65.1,29.4,29.1,,1,1,9,0,0.0,1.4,0.0,0,0,0,0,0,2,22.2,30,3.3
6,Alessio Milivojevic,183542,QB,MICH STATE,1,85.7,7,7,10.1,2.93,0,1,11.1,85.7,6,0,1,0.0,7,0,4,223,66.3,82.8,78.6,60.0,0,0,9,0,0.0,148.5,0.0,0,0,0,0,1,0,0.0,71,10.1
6,Sam Jackson V,144682,QB,OKLA STATE,1,75.0,4,6,0.5,2.66,2,0,0.0,50.0,3,0,3,0.0,8,0,1,262,68.2,49.4,45.4,63.7,0,0,8,0,0.0,62.5,0.0,0,2,0,0,0,0,0.0,27,4.5
6,Lex Thomas,170381,QB,NC STATE,1,50.0,4,6,13.0,3.78,0,0,0.0,33.3,2,0,3,0.0,6,0,1,248,10.3,37.0,35.4,,0,0,6,0,0.0,42.4,0.0,0,0,0,2,0,1,16.7,18,3.0
6,Braedyn Locke,157141,QB,ARIZONA,1,60.0,5,5,15.4,2.87,0,0,0.0,60.0,3,0,2,0.0,7,0,2,109,65.9,36.8,35.0,60.0,0,1,7,0,100.0,60.0,28.6,2,0,0,0,0,1,14.3,57,11.4
6,Darius Curry,191052,QB,COLO STATE,1,100.0,5,5,8.2,3.37,0,0,0.0,100.0,5,0,3,0.0,9,0,4,144,65.4,68.0,71.0,58.6,0,0,10,0,33.3,148.8,11.1,1,3,0,0,1,0,0.0,51,10.2
6,Mabrey Mettauer,183668,QB,SM HOUSTON,1,100.0,5,5,-1.2,2.25,0,0,0.0,100.0,5,0,3,0.0,6,0,1,281,64.2,69.6,75.5,57.0,0,0,6,0,0.0,85.0,0.0,0,1,0,0,0,0,0.0,22,4.4
6,Will Wilson,198972,QB,NC STATE,1,60.0,5,5,8.0,2.12,0,0,0.0,60.0,3,0,1,0.0,5,0,2,248,66.8,35.4,29.1,63.3,0,1,5,0,0.0,25.8,0.0,0,0,0,0,0,1,20.0,16,3.2
6,Chubba Purdy,122412,QB,NEVADA,1,0.0,4,4,15.0,3.1,0,0,0.0,0.0,0,0,0,,4,0,0,239,68.8,47.3,34.6,63.3,0,2,4,0,,0.0,0.0,0,0,0,0,0,1,25.0,0,0.0
6,Nick Evers,158082,QB,UCONN,1,50.0,4,4,9.5,2.1,0,0,0.0,50.0,2,0,1,0.0,4,0,1,146,63.3,50.2,49.5,,0,0,4,0,0.0,66.7,0.0,0,0,0,0,0,0,0.0,22,5.5
6,Cale Hellums,170981,QB,ARMY,1,33.3,3,4,15.0,3.28,0,0,0.0,25.0,1,0,4,0.0,6,0,2,114,76.5,71.9,57.4,69.2,0,0,7,0,0.0,69.8,0.0,0,2,1,0,0,0,0.0,41,10.3
6,Deante Ruffin,198632,QB,KENT STATE,1,75.0,4,4,12.5,3.1,0,0,0.0,75.0,3,0,6,0.0,9,0,1,201,66.5,47.8,54.0,51.2,0,0,10,0,33.3,116.7,22.2,2,3,0,0,0,0,0.0,50,12.5
6,Ryan Puglisi,184571,QB,GEORGIA,1,75.0,4,4,14.0,2.8,0,0,0.0,75.0,3,0,2,0.0,5,0,3,173,67.9,66.4,74.7,54.6,0,1,5,0,0.0,76.0,0.0,0,1,0,0,0,1,20.0,49,12.3
6,Angel Flores,164493,QB,C MICHIGAN,1,66.7,3,4,-2.0,2.5,0,0,0.0,50.0,2,0,2,0.0,4,0,0,134,74.8,72.9,40.1,73.9,0,0,5,1,0.0,56.3,0.0,0,0,0,1,0,1,20.0,2,0.5
6,Cameran Brown,184894,QB,GA STATE,1,75.0,4,4,7.5,2.75,0,0,0.0,75.0,3,0,2,0.0,4,0,0,175,65.7,67.2,58.9,62.7,0,0,6,0,0.0,79.2,0.0,0,0,0,0,0,0,0.0,14,3.5
6,Eli Holstein,172381,QB,PITTSBURGH,1,50.0,4,4,2.5,1.73,0,0,0.0,50.0,2,0,1,0.0,4,0,1,268,66.6,71.9,58.4,70.6,0,0,4,0,0.0,56.3,0.0,0,0,0,0,0,0,0.0,8,2.0
6,Quinn Henicle,190064,QB,DOMINION,1,50.0,4,4,4.3,2.63,0,0,0.0,25.0,1,0,2,50.0,6,1,0,263,22.2,76.1,45.3,82.1,0,0,6,0,100.0,39.6,33.3,2,0,0,0,0,1,16.7,2,0.5
6,Scotty Fox Jr.,199546,QB,W VIRGINIA,1,100.0,3,3,15.0,1.87,0,1,33.3,100.0,3,0,0,0.0,3,0,3,343,66.4,86.4,87.5,63.2,0,0,3,0,,158.3,0.0,0,0,0,0,1,0,0.0,54,18.0
6,Shaker Reisig,199615,QB,BOSTON COL,1,100.0,3,3,17.7,2.3,0,2,66.7,100.0,3,0,0,0.0,3,0,3,121,62.7,95.2,95.1,,0,0,3,0,,158.3,0.0,0,0,0,0,1,0,0.0,70,23.3
6,Trent Pearman,156233,QB,CLEMSON,1,50.0,2,3,28.5,3.23,0,1,33.3,33.3,1,0,2,0.0,3,0,1,140,13.8,60.0,83.0,44.7,0,0,3,0,0.0,72.9,0.0,0,0,0,1,0,0,0.0,31,10.3
6,Whitt Newbauer,188566,QB,OKLAHOMA,1,33.3,3,3,8.7,2.18,0,0,0.0,33.3,1,0,1,0.0,4,0,1,261,66.8,61.6,48.5,70.1,0,0,5,0,100.0,42.4,25.0,1,0,0,0,0,0,0.0,8,2.7
6,Banks Bowen,204187,QB,OKLA STATE,1,50.0,2,2,-1.5,2.93,0,0,0.0,50.0,1,0,2,0.0,3,0,0,262,14.3,24.4,18.9,69.4,0,0,3,0,50.0,56.3,33.3,1,0,0,0,0,2,66.7,-5,-2.5
6,Dewayne Coleman,163179,QB,ARMY,1,100.0,1,2,1.0,2.95,0,0,0.0,50.0,1,0,1,0.0,2,0,0,114,71.2,65.4,58.9,63.5,0,0,2,1,0.0,58.3,0.0,0,0,0,1,0,0,0.0,7,3.5
6,AJ Bianco,158232,QB,NEVADA,1,50.0,2,2,2.5,3.37,0,0,0.0,50.0,1,0,0,0.0,3,0,0,239,62.7,42.7,48.4,57.3,0,0,3,0,,56.3,0.0,0,1,0,0,0,0,0.0,-4,-2.0
6,Michael Johnson Jr.,97796,QB,AKRON,1,100.0,2,2,3.0,2.4,0,0,0.0,100.0,2,0,0,0.0,2,0,1,102,61.8,73.6,73.1,,0,0,2,0,,118.8,0.0,0,0,0,0,1,0,0.0,3,1.5
6,Ryan Boe,190878,QB,NWESTERN,1,50.0,2,2,0.0,3.23,0,0,0.0,50.0,1,0,1,0.0,3,0,1,256,64.8,84.9,62.7,75.5,0,0,3,0,0.0,58.3,0.0,0,1,0,0,0,0,0.0,7,3.5
6,Hunter Herring,147138,QB,LA MONROE,1,50.0,2,2,23.5,3.4,0,0,0.0,50.0,1,0,0,0.0,2,0,1,209,66.2,64.1,61.6,61.9,0,0,2,0,,95.8,0.0,0,0,0,0,0,0,0.0,48,24.0
6,Landon Graves,181155,QB,LA MONROE,1,100.0,1,2,9.0,3.73,0,0,0.0,50.0,1,0,3,0.0,4,0,3,209,63.3,77.9,61.2,71.8,1,0,4,0,0.0,62.5,0.0,0,2,0,0,0,0,0.0,9,4.5
6,Kemper Hodges,186426,QB,AIR FORCE,1,100.0,1,1,15.0,2.4,0,0,0.0,100.0,1,0,1,0.0,1,0,1,101,63.7,74.4,75.4,59.8,0,0,1,0,0.0,118.8,0.0,0,0,0,0,0,0,0.0,37,37.0
6,John Neider,171057,WR,UCONN,1,0.0,1,1,32.0,4.3,0,0,0.0,0.0,0,0,1,,1,0,0,146,64.6,66.7,49.9,,0,0,1,0,0.0,39.6,0.0,0,0,0,0,0,0,0.0,0,0.0
6,Lincoln Kienholz,170256,QB,OHIO STATE,1,100.0,1,1,8.0,3.7,0,0,0.0,100.0,1,0,0,0.0,1,0,1,260,68.7,84.2,77.2,67.0,0,0,1,0,,118.8,0.0,0,0,0,0,0,0,0.0,15,15.0
6,Jordan Napier,175759,WR,S DIEGO ST,1,0.0,1,1,33.0,5.1,0,0,0.0,0.0,0,0,0,,1,0,0,284,70.6,78.0,27.5,,0,0,1,0,,39.6,0.0,0,0,0,0,0,1,100.0,0,0.0
6,Gaston Moore,123756,QB,USF,1,100.0,1,1,10.0,3.3,0,0,0.0,100.0,1,0,0,0.0,1,0,1,327,60.3,77.1,75.4,,0,0,1,0,,118.8,0.0,0,0,0,0,0,0,0.0,13,13.0
6,Bert Emanuel Jr.,158581,QB,S DIEGO ST,1,100.0,1,1,-3.0,2.0,0,0,0.0,100.0,1,0,0,0.0,1,0,1,284,65.9,75.6,61.0,68.5,0,0,1,0,,79.2,0.0,0,0,0,0,0,0,0.0,3,3.0
6,Deshawn Purdie,184271,QB,WAKE,1,0.0,1,1,21.0,2.2,0,0,0.0,0.0,0,0,0,,1,0,0,339,67.5,53.1,50.8,60.8,0,0,1,0,,39.6,0.0,0,0,0,0,0,0,0.0,0,0.0
6,Ryan Wingo,184520,WR,TEXAS,1,0.0,1,1,32.0,2.8,0,0,0.0,0.0,0,0,0,,1,0,0,311,65.3,64.7,49.9,,0,0,1,1,,39.6,0.0,0,0,0,0,0,0,0.0,0,0.0
6,Devin Brown,156479,QB,CAL,1,0.0,1,1,19.0,3.7,0,0,0.0,0.0,0,0,1,,1,0,0,130,60.3,26.7,27.2,,0,1,1,0,0.0,0.0,0.0,0,0,0,0,0,1,100.0,0,0.0
6,Antonio Williams,156241,WR,CLEMSON,1,100.0,1,1,32.0,3.1,0,1,100.0,100.0,1,0,0,0.0,1,0,1,140,65.9,71.5,87.3,,0,0,1,0,,158.3,0.0,0,0,0,0,1,0,0.0,75,75.0
6,Matthew Caldwell,150302,QB,TEXAS,1,100.0,1,1,20.0,3.1,0,0,0.0,100.0,1,0,0,0.0,1,0,1,311,60.3,80.8,79.9,,0,0,1,0,,118.8,0.0,0,0,0,0,0,0,0.0,26,26.0
6,Ksaan Farrar,198321,QB,UCONN,1,0.0,1,1,20.0,4.33,0,0,0.0,0.0,0,0,3,,3,0,1,146,62.7,66.6,57.5,64.0,0,0,3,0,33.3,39.6,33.3,1,1,0,0,0,0,0.0,0,0.0
6,Ty Hawkins,199163,QB,SMU,1,100.0,1,1,9.0,3.6,0,0,0.0,100.0,1,0,0,0.0,1,0,0,287,60.3,61.3,60.9,,0,0,1,0,,104.2,0.0,0,0,0,0,0,0,0.0,9,9.0
6,Taron Dickens,177946,QB,W CAROLINA,1,91.4,58,58,4.3,2.56,0,0,0.0,91.4,53,0,23,0.0,68,0,25,344,23.5,81.3,81.8,63.8,0,0,70,0,17.4,111.0,5.9,4,6,0,0,3,3,4.3,377,6.5
6,Jordan Cooke,175116,QB,IDAHO ST,1,66.7,51,53,14.2,2.71,1,4,7.1,60.4,32,0,12,5.9,56,2,20,186,70.5,70.1,72.7,47.7,0,1,59,0,0.0,89.3,0.0,0,2,0,1,2,1,1.7,410,7.7
6,Cason Carswell,206621,QB,W ILLINOIS,1,81.8,44,49,7.6,2.72,1,2,4.0,69.4,34,0,17,5.6,54,2,14,345,40.4,51.0,51.3,56.7,0,1,55,0,23.5,94.5,7.4,4,1,1,3,2,2,3.6,347,7.1
6,Trey Hedden,185848,QB,FURMAN,1,75.5,49,49,8.4,2.4,0,1,2.0,73.5,36,0,8,2.7,49,1,21,170,70.1,69.1,66.6,63.3,0,1,50,0,0.0,98.9,0.0,0,0,0,0,2,3,6.0,358,7.3
6,Ty Pennington,185022,QB,N ARIZONA,1,75.0,40,48,3.7,2.97,1,0,0.0,58.3,28,0,14,6.7,52,2,16,252,71.3,65.6,67.3,60.7,2,1,53,1,7.1,60.9,1.9,1,3,0,5,0,0,0.0,218,4.5
6,John-Keawe Sagapolutele,175709,QB,PORTLAND,1,67.4,46,46,8.4,2.33,0,5,10.4,60.9,28,0,12,9.7,48,3,13,269,70.1,75.9,74.2,65.3,0,1,50,0,0.0,78.4,0.0,0,2,0,0,1,1,2.0,302,6.6
6,EJ Colson,190335,QB,INCAR WORD,1,80.0,45,46,7.3,2.69,0,3,5.9,76.1,35,0,14,2.8,55,1,17,189,72.1,72.2,69.2,67.7,0,1,60,0,42.9,91.2,10.9,6,2,0,1,1,1,1.7,304,6.6
6,Beau Brungard,164897,QB,YNGTOWN ST,1,75.6,41,45,7.3,3.13,0,2,4.1,64.4,29,0,14,6.5,55,2,17,353,56.9,72.0,65.0,71.8,1,0,60,1,14.3,103.5,3.6,2,8,0,3,3,0,0.0,275,6.1
6,Devin Farrell,157658,QB,RHODE ISLD,1,74.4,43,45,10.5,2.71,0,4,8.9,66.7,30,0,11,6.3,50,2,19,274,69.7,86.2,83.2,70.4,1,2,51,0,18.2,94.0,4.0,2,3,0,1,3,2,3.9,353,7.8
6,Gunnar Smith,162611,QB,FORDHAM,1,82.2,45,45,8.9,2.32,0,3,6.7,71.1,32,0,15,13.5,51,5,15,168,72.1,71.7,69.4,65.9,0,1,51,0,33.3,90.8,9.8,5,1,0,0,1,2,3.9,338,7.5
6,Keali'i Ah Yat,178141,QB,MONTANA,1,77.1,35,41,8.7,2.58,1,0,0.0,56.1,23,0,14,14.8,45,4,16,232,71.2,73.3,64.6,70.1,1,1,48,0,21.4,82.4,6.7,3,1,1,3,1,1,2.1,350,8.5
6,Sonny Mannino,166694,QB,MARIST,1,60.0,40,41,10.9,2.91,0,2,4.5,53.7,22,1,20,8.3,50,2,12,213,46.2,53.4,52.2,59.8,0,1,53,1,30.0,82.6,12.0,6,3,0,1,2,2,3.8,292,7.1
6,Matthew Schecklman,159420,QB,N IOWA,1,82.1,39,40,6.5,2.26,0,0,0.0,65.0,26,0,14,18.8,47,6,12,255,36.1,70.7,65.6,73.8,0,1,48,0,28.6,75.1,8.5,4,3,0,1,1,2,4.2,201,5.0
6,Cornelious Brown IV,98356,QB,ALAB A&M,1,77.1,35,39,9.3,2.65,0,2,5.1,64.1,25,0,15,7.4,42,2,17,104,33.8,71.8,66.7,73.3,1,1,42,0,6.7,97.7,2.4,1,2,0,3,2,3,7.1,335,8.6
6,Brady Olson,147415,QB,CENT CT ST,1,69.2,39,39,9.9,2.3,0,4,8.7,69.2,27,0,8,0.0,41,0,16,133,71.7,92.0,91.6,69.2,0,0,48,0,12.5,127.8,2.4,1,0,0,0,4,1,2.1,317,8.1
6,Carter Peevy,129563,QB,MAINE,1,74.3,35,39,9.4,2.61,0,4,10.0,59.0,23,0,14,11.5,40,3,12,212,69.5,85.4,87.7,62.3,0,0,41,2,7.1,113.0,2.5,1,0,0,4,3,0,0.0,338,8.7
6,Dante Reno,184498,QB,YALE,1,72.2,36,38,6.6,1.86,0,2,5.1,65.8,25,0,7,3.8,40,1,12,352,35.7,49.7,58.7,34.2,2,2,41,0,0.0,79.6,0.0,0,1,0,0,2,3,7.3,247,6.5
6,Garrett Bass-Sulpizio,171137,QB,CORNELL,1,66.7,36,38,6.3,2.49,1,1,2.6,60.5,23,0,8,4.2,44,1,14,147,46.2,64.7,51.6,76.5,0,2,46,0,12.5,64.0,2.3,1,5,0,1,1,2,4.3,225,5.9
6,Deuce Hogan,129470,QB,NICHOLLS,1,71.4,35,38,7.6,2.34,0,1,2.6,55.3,21,0,8,16.0,40,4,11,243,70.8,73.8,74.7,62.8,0,0,41,1,12.5,66.3,2.5,1,1,0,3,0,1,2.4,166,4.4
6,Derek Robertson,142298,QB,MONMOUTH,1,76.3,38,38,12.4,2.11,0,5,12.2,65.8,25,0,6,13.8,40,4,16,231,69.2,91.9,92.2,57.0,0,0,43,0,16.7,130.5,2.5,1,1,0,0,4,1,2.3,351,9.2
6,Collin Shannon,160918,QB,VA MILT IN,1,58.8,34,36,10.1,2.66,2,2,4.9,44.4,16,0,8,20.0,41,4,9,336,35.8,39.3,41.1,50.2,0,1,46,0,25.0,47.5,4.9,2,3,0,0,0,4,8.7,172,4.8
6,Dean DeNobile,159740,QB,LAFAYETTE,1,72.2,36,36,9.8,2.35,0,1,2.6,69.4,25,0,3,3.8,38,1,14,203,69.0,54.9,56.1,56.4,0,1,40,0,0.0,103.2,0.0,0,1,0,0,2,0,0.0,314,8.7
6,Jake Weir,146840,QB,HOUCHR,1,52.9,34,36,8.8,2.81,0,0,0.0,50.0,18,0,15,0.0,44,0,6,183,69.4,41.4,38.5,64.3,1,1,46,0,46.7,51.9,15.9,7,1,0,1,0,3,6.5,170,4.7
6,Bo Kelly,158923,QB,CAL POLY,1,70.6,34,36,12.1,2.82,1,2,4.9,55.6,20,0,8,16.7,40,4,11,129,70.7,62.3,59.2,59.0,0,0,45,0,12.5,96.9,2.5,1,3,0,1,2,3,6.7,259,7.2
6,Tommy Rittenhouse,148028,QB,ILL STATE,1,71.0,31,36,8.8,2.98,2,1,2.8,58.3,21,0,14,4.5,41,1,13,188,70.0,80.3,82.9,56.8,1,1,41,0,14.3,71.2,4.9,2,3,0,2,1,1,2.4,197,5.5
6,Jack O'Connell,165100,QB,STHLSK,1,67.6,34,36,6.1,2.39,0,1,2.8,58.3,21,0,19,8.7,39,2,10,1470,68.9,59.5,58.7,60.5,1,1,39,0,5.3,67.2,2.6,1,2,0,1,1,2,5.1,163,4.5
6,Kekoa Visperas,147588,QB,TENN TECH,1,71.4,35,36,10.7,2.86,1,4,10.5,66.7,24,0,11,4.0,44,1,18,309,69.8,83.9,77.3,76.3,0,0,46,0,9.1,136.1,2.3,1,7,0,0,4,0,0.0,358,9.9
6,Braden Atkinson,201350,QB,MERCER,1,75.8,33,35,12.0,2.24,1,2,5.6,62.9,22,0,6,12.0,35,3,16,219,69.2,86.9,85.9,60.0,0,0,36,0,0.0,137.5,0.0,0,0,0,1,5,1,2.8,365,10.4
6,Timmy McClain,144488,QB,BETH COOK,1,80.6,31,35,7.7,2.81,0,1,2.7,71.4,25,0,17,0.0,43,0,19,119,38.9,48.4,49.3,54.0,1,1,45,0,5.9,100.4,2.3,1,7,1,2,2,3,6.7,266,7.6
6,Ralph Rucker IV,144625,QB,BUCKNELL,1,75.8,33,35,8.5,2.27,0,1,2.7,68.6,24,0,17,4.0,38,1,17,125,71.5,73.7,72.5,63.4,0,0,40,0,11.8,102.1,5.3,2,1,1,1,1,2,5.0,280,8.0
6,Cal Swanson,174033,QB,HOLY CROSS,1,56.7,30,34,12.3,2.72,2,4,11.8,41.2,14,0,15,17.6,37,3,9,181,70.2,55.3,59.3,54.8,0,3,37,1,6.7,57.8,2.7,1,1,0,2,3,3,8.1,235,6.9
6,Kobe Muasau,185530,QB,MORGAN ST,1,71.0,31,33,8.0,2.06,0,3,8.6,66.7,22,0,5,0.0,34,0,9,235,70.1,72.0,75.6,52.5,0,0,36,0,0.0,113.2,0.0,0,1,0,2,2,0,0.0,280,8.5
6,Coulter Cleland,165212,QB,DAVIDSON,1,66.7,30,33,9.6,2.89,0,1,2.9,57.6,19,0,12,5.0,41,1,12,149,38.3,41.5,45.0,48.3,1,0,42,0,16.7,115.0,4.9,2,6,0,2,3,3,7.1,274,8.3
6,Andrew Indorf,201895,QB,TOWSON,1,71.9,32,32,8.6,3.13,0,3,9.1,62.5,20,0,16,13.0,41,3,13,317,70.0,67.1,75.2,49.4,0,1,42,0,6.3,74.6,2.4,1,8,0,0,0,0,0.0,257,8.0
6,Stone Earle,123504,QB,ABILENE CH,1,77.4,31,32,7.9,2.37,1,1,3.1,68.8,22,0,7,8.3,35,2,12,100,70.5,73.3,69.1,69.7,0,1,35,0,14.3,119.9,2.9,1,1,0,0,4,1,2.9,261,8.2
6,DJ Williams,138061,QB,S ILLINOIS,1,78.6,28,32,7.2,2.1,2,3,9.4,59.4,19,0,3,13.6,32,3,9,295,70.8,89.9,85.0,74.9,0,0,32,0,0.0,101.8,0.0,0,0,1,1,2,0,0.0,226,7.1
6,Austin Myers,164221,QB,CENT ARK,1,64.5,31,32,10.0,2.49,0,3,8.8,62.5,20,0,10,0.0,35,0,8,132,70.2,74.8,73.7,60.8,0,1,37,0,30.0,80.6,8.6,3,0,0,1,1,1,2.7,223,7.0
6,Dez Thomas II,177368,QB,GEORGETOWN,1,66.7,27,32,10.2,2.73,1,2,6.1,53.1,17,0,15,5.6,40,1,14,172,40.1,67.5,61.0,70.6,3,0,41,0,26.7,104.6,10.0,4,2,1,0,3,1,2.4,207,6.5
6,Bronson Barben,188632,QB,UTAHTC,1,65.5,29,31,6.4,2.71,1,1,2.9,48.4,15,0,16,21.1,34,4,7,1285,69.7,66.6,65.3,63.4,0,1,37,0,6.3,77.2,2.9,1,2,0,1,2,1,2.7,199,6.4
6,Jim Ogle,192530,QB,MURRAY ST,1,64.3,28,31,7.8,2.44,1,1,2.8,51.6,16,0,7,11.1,33,2,9,236,69.8,69.8,65.9,69.4,0,0,38,0,28.6,80.4,6.1,2,0,0,2,1,1,2.6,183,5.9
6,JaCobian Morgan,123050,QB,JACKSON ST,1,75.9,29,31,11.8,2.76,0,4,12.9,67.7,21,0,7,4.5,37,1,16,194,71.4,92.7,91.5,77.8,1,0,37,0,0.0,140.3,0.0,0,6,1,0,4,0,0.0,314,10.1
6,Tyler Riddell,102355,QB,DUQUESNE,1,74.1,27,31,10.0,2.52,3,2,6.5,61.3,19,0,6,5.0,33,1,11,155,68.5,80.5,81.9,62.0,0,0,34,1,16.7,117.5,3.0,1,1,0,1,3,0,0.0,239,7.7
6,Nate Hampton,147548,QB,GARD-WEBB,1,69.0,29,31,14.3,3.29,1,2,5.9,61.3,19,0,9,5.0,37,1,16,171,23.4,69.1,72.3,57.0,0,0,41,0,11.1,107.9,2.7,1,5,0,1,2,1,2.4,247,8.0
6,Chris Zellous,153319,QB,STNY BROOK,1,77.8,27,30,5.9,2.34,0,1,3.1,66.7,20,0,10,4.8,34,1,12,303,71.3,54.8,43.4,74.6,2,0,36,0,30.0,102.2,8.8,3,1,0,1,1,2,5.6,241,8.0
6,Chase Mason,159444,QB,S DAK ST,1,57.1,28,30,11.0,2.39,1,3,9.7,46.7,14,0,3,12.5,34,2,9,292,70.9,60.5,58.3,62.2,0,1,35,0,33.3,64.4,2.9,1,3,0,1,1,1,2.9,189,6.3
6,Grayson Saunier,171185,QB,DARTMOUTH,1,65.4,26,30,9.8,2.73,1,1,3.1,53.3,16,0,6,5.9,35,1,8,148,72.8,55.5,53.9,59.1,0,2,37,0,16.7,38.5,2.9,1,4,0,3,0,2,5.4,142,4.7
6,Braden Davis,158114,QB,HAMPTON,1,69.2,26,29,7.9,2.78,1,0,0.0,58.6,17,0,6,5.6,32,1,10,178,44.8,65.6,62.3,65.3,0,1,36,0,16.7,77.1,3.1,1,2,0,2,1,0,0.0,202,7.0
6,Kevin White,178287,QB,NC A&T,1,80.8,26,29,8.4,2.86,1,1,3.4,69.0,20,0,11,4.8,34,1,11,246,70.8,75.1,73.5,65.9,0,0,34,0,36.4,103.4,11.8,4,1,1,1,1,0,0.0,225,7.8
6,Ashten Snelsire,159175,QB,RICHMOND,1,67.9,28,29,14.5,2.97,0,5,17.2,62.1,18,0,8,5.3,32,1,14,276,72.0,67.5,68.0,60.3,0,3,32,0,12.5,100.2,3.1,1,2,0,1,4,3,9.4,323,11.1
6,Adam Urena,186682,QB,MERCYHURST,1,86.2,29,29,5.8,2.56,0,1,3.0,79.3,23,0,10,8.0,36,2,10,977,69.5,74.0,73.1,62.4,0,1,40,0,50.0,90.5,13.9,5,1,0,0,1,1,2.5,186,6.4
6,Chase Goodwin,171117,QB,COLUMBIA,1,74.1,27,28,7.0,2.96,0,0,0.0,67.9,19,0,8,5.0,28,1,7,145,68.8,55.4,51.9,63.3,0,2,30,0,0.0,53.4,0.0,0,0,0,1,0,1,3.3,165,5.9
6,Christian Peters,154331,QB,ARKAPB,1,57.7,26,28,9.8,2.9,0,1,3.4,53.6,15,0,15,0.0,34,0,9,112,70.5,47.9,45.5,58.3,0,1,35,0,6.7,60.3,2.9,1,5,0,2,1,1,2.9,111,4.0
6,Chris Howell,171592,QB,LIUSHAR,1,66.7,27,28,13.2,2.8,0,3,10.7,53.6,15,0,5,16.7,29,3,6,1298,71.5,70.6,67.0,67.3,0,2,29,0,0.0,53.7,0.0,0,1,0,1,1,3,10.3,167,6.0
6,Ryan Stubblefield,123838,QB,SCAR STATE,1,68.0,25,27,9.7,2.44,0,2,7.1,48.1,13,0,7,23.5,29,4,8,290,29.4,58.8,60.6,59.0,0,0,30,1,14.3,94.7,3.4,1,1,0,2,2,1,3.3,180,6.7
6,Andy Peters,128138,QB,STTHOM,1,65.4,26,27,12.7,2.84,0,2,7.1,59.3,16,0,6,5.9,29,1,12,1129,36.4,62.2,61.4,59.9,0,1,30,0,33.3,78.2,6.9,2,0,0,1,1,1,3.3,193,7.1
6,Otto Kuhns,138014,QB,NORFOLK,1,65.4,26,27,9.7,3.01,0,1,3.2,59.3,16,0,11,5.9,34,1,11,244,68.9,63.5,57.5,70.8,0,0,38,0,18.2,126.3,5.9,2,5,0,1,3,1,2.6,245,9.1
6,Abram Johnston,192360,QB,NWSTATE,1,54.2,24,27,8.1,2.59,1,0,0.0,48.1,13,0,12,0.0,32,0,6,257,34.0,54.2,52.1,61.7,0,1,36,0,33.3,45.9,12.5,4,1,0,2,0,2,5.6,124,4.6
6,Pat McQuaide,145792,QB,VILLANOVA,1,82.6,23,27,10.5,2.34,1,2,6.9,63.0,17,0,4,10.5,28,2,14,334,68.2,90.6,90.7,64.2,0,0,30,1,0.0,105.5,0.0,0,1,0,3,1,0,0.0,250,9.3
6,Sam Vidlak,146333,QB,STF AUSTIN,1,76.0,25,27,10.6,2.37,0,2,7.1,70.4,19,0,12,0.0,30,0,9,301,68.3,69.1,68.4,,0,0,31,0,16.7,138.0,6.7,2,0,1,1,3,2,6.5,261,9.7
6,Jack Snyder,185417,QB,SACR HEART,1,64.0,25,27,10.2,3.2,1,1,3.7,59.3,16,0,15,0.0,35,0,11,280,71.7,75.2,72.6,66.7,0,0,35,0,26.7,109.2,11.4,4,4,1,0,2,0,0.0,214,7.9
6,Jaden Craig,159342,QB,HARVARD,1,73.1,26,27,11.1,2.3,0,3,11.1,70.4,19,0,6,0.0,28,0,14,179,68.0,91.2,90.7,64.1,0,0,28,0,0.0,136.0,0.0,0,1,0,1,3,0,0.0,248,9.2
6,Bryce Patterson,160569,QB,MOREHEAD,1,62.5,24,27,13.8,3.16,2,3,10.0,55.6,15,0,13,0.0,37,0,16,234,32.5,56.1,54.7,60.3,1,1,40,0,23.1,96.5,8.1,3,7,0,0,2,3,7.5,252,9.3
6,James Murphy,177426,QB,BROWN,1,84.6,26,27,6.0,2.76,1,1,3.3,74.1,20,0,7,9.1,31,2,12,123,70.0,83.1,83.0,64.3,0,0,34,0,28.6,119.5,6.5,2,2,0,0,2,0,0.0,201,7.4
6,Caden Pinnick,185116,QB,UC DAVIS,1,87.5,24,26,9.9,3.34,0,2,6.9,80.8,21,0,11,0.0,35,0,18,322,71.0,91.5,91.0,71.8,0,0,38,0,18.2,155.3,5.7,2,7,0,2,3,1,2.6,313,12.0
6,Chris Parson,172551,QB,AUSTINPEAY,1,76.2,21,26,16.1,2.93,1,4,14.3,61.5,16,0,11,0.0,32,0,11,116,29.8,77.2,73.5,68.8,0,1,34,1,27.3,127.9,9.4,3,3,0,4,3,2,5.9,346,13.3
6,DC Tabscott,147020,QB,N ALABAMA,1,59.1,22,26,8.0,2.85,1,0,0.0,46.2,12,0,10,7.7,26,1,8,389,68.5,45.6,48.2,58.5,1,0,27,2,0.0,89.3,0.0,0,0,0,2,2,1,3.7,144,5.5
6,Bryce Schondelmyer,171537,QB,DAYTON,1,73.1,26,26,9.3,2.55,0,1,3.8,69.2,18,0,6,5.3,27,1,7,150,27.9,61.8,55.9,71.2,0,0,27,0,16.7,107.7,3.7,1,0,0,0,1,2,7.4,219,8.4
6,Dom Nankil,182292,QB,SAN DIEGO,1,54.5,22,25,15.5,3.38,1,3,11.1,48.0,12,0,9,0.0,33,0,4,283,69.1,56.1,58.4,54.0,0,0,35,0,33.3,89.9,9.1,3,5,0,2,2,0,0.0,127,5.1
6,Landen Clark,188534,QB,ELON,1,72.7,22,25,7.0,3.76,1,0,0.0,60.0,15,0,9,6.3,32,1,10,162,73.0,63.8,56.5,66.3,0,1,33,0,0.0,65.6,0.0,0,7,0,2,0,1,3.0,181,7.2
6,Jake Stearney,171991,QB,COLGATE,1,81.0,21,25,11.4,2.46,0,3,12.0,64.0,16,0,8,5.9,26,1,10,142,30.0,78.5,87.4,51.5,0,0,26,0,0.0,129.3,0.0,0,1,0,4,4,1,3.8,206,8.2
6,Cameron Peters,123326,QB,PRVIEW A&M,1,90.9,22,25,5.3,2.38,0,1,3.8,68.0,17,0,6,15.0,26,3,9,270,72.6,76.6,77.7,63.1,1,0,27,1,0.0,97.8,0.0,0,1,0,2,1,1,3.7,154,6.2
6,Jaylon Tolbert,154757,QB,ALCORN ST,1,52.4,21,24,12.9,2.8,0,1,4.0,45.8,11,0,12,0.0,28,0,6,107,20.6,50.6,50.3,56.7,1,1,30,0,33.3,53.5,14.3,4,0,2,0,0,3,10.0,176,7.3
6,AJ Duffy,156292,QB,NEWHVN,1,82.6,23,24,2.0,2.01,0,0,0.0,79.2,19,0,5,0.0,26,0,10,1013,69.1,57.4,59.6,54.1,0,1,27,0,0.0,87.3,0.0,0,2,0,1,1,0,0.0,139,5.8
6,KJ Cooper,197019,QB,TEXAS STHN,1,77.3,22,23,9.1,2.54,0,1,4.2,69.6,16,1,7,5.9,25,1,10,313,69.5,72.2,65.4,76.6,0,1,26,1,0.0,107.5,0.0,0,2,0,1,2,1,3.8,202,8.8
6,Camden Orth,108965,QB,CHATTNOOGA,1,63.6,22,23,8.6,2.17,0,0,0.0,60.9,14,0,6,0.0,23,0,7,137,35.9,45.7,43.6,59.5,1,1,25,0,0.0,71.5,0.0,0,0,0,0,1,1,4.0,123,5.3
6,Matt Vezza,176960,QB,NEW HAMP,1,71.4,21,23,6.8,2.98,0,0,0.0,56.5,13,0,9,13.3,29,2,7,240,70.2,69.2,60.3,75.1,0,1,30,0,33.3,52.4,10.3,3,3,0,2,0,1,3.3,118,5.1
6,Jerry Kaminski,177155,QB,N DAKOTA,1,91.3,23,23,8.0,2.38,0,1,4.3,87.0,20,0,6,4.8,25,1,11,249,69.5,91.5,90.8,71.5,0,0,25,0,0.0,151.7,0.0,0,2,0,0,4,0,0.0,251,10.9
6,Zolten Osborne,178620,QB,CHARLES SO,1,72.2,18,22,10.8,2.82,2,0,0.0,59.1,13,0,8,0.0,24,0,8,135,68.3,56.1,56.6,55.5,0,0,25,0,12.5,92.2,4.2,1,1,0,2,0,1,4.0,216,9.8
6,Aiden McCown,178971,QB,LAMAR,1,66.7,21,22,10.7,3.2,0,1,4.5,54.5,12,0,7,14.3,24,2,9,204,70.4,63.1,65.2,55.7,1,1,24,0,0.0,88.6,0.0,0,2,0,0,1,1,4.2,237,10.8
6,Jase Bauer,145714,QB,TENN MARTN,1,85.7,21,22,6.9,3.02,1,0,0.0,77.3,17,0,7,5.6,31,1,9,310,69.9,79.3,74.8,70.5,0,0,33,0,42.9,90.0,9.7,3,6,0,0,0,0,0.0,124,5.6
6,Brady Stober,203110,QB,SAMFORD,1,71.4,21,22,12.1,2.54,0,1,4.3,63.6,14,0,10,6.7,29,1,7,282,70.2,63.2,70.7,49.1,0,1,30,0,30.0,111.0,10.3,3,3,0,1,2,0,0.0,235,10.7
6,Connor Wolf,191443,QB,E ILLINOIS,1,70.0,20,22,13.4,3.09,2,0,0.0,59.1,13,0,9,7.1,25,1,10,158,70.5,72.8,67.1,71.9,0,0,25,0,22.2,107.0,8.0,2,1,0,0,2,0,0.0,134,6.1
6,Kamden Sixkiller,133096,QB,CAMPBELL,1,75.0,20,22,5.3,2.57,1,0,0.0,54.5,12,0,7,20.0,26,3,6,131,67.8,54.0,51.9,61.8,0,0,26,0,28.6,79.2,7.7,2,2,0,1,1,1,3.8,87,4.0
6,Byron McNair,128017,QB,TENN STATE,1,80.0,20,21,10.2,3.11,0,0,0.0,76.2,16,0,10,0.0,26,0,9,308,69.7,64.1,67.8,54.7,0,1,28,0,10.0,100.5,3.8,1,4,1,0,1,1,3.6,196,9.3
6,Daniel Greek,126950,QB,TARLETON,1,80.0,20,21,15.5,2.52,0,3,14.3,76.2,16,0,7,0.0,24,0,13,401,28.8,83.9,91.0,49.3,1,0,24,0,14.3,157.2,4.2,1,2,0,0,3,1,4.2,282,13.4
6,Cooper Panteck,203080,QB,ROB MORRIS,1,55.0,20,21,16.3,2.56,0,1,4.2,52.4,11,0,7,0.0,22,0,5,277,67.7,50.5,49.8,,0,2,25,0,14.3,45.8,4.5,1,0,0,1,1,3,12.0,120,5.7
6,Eddie Lee Marburger,145511,QB,TXRG,1,61.1,18,21,12.3,3.73,1,0,0.0,52.4,11,0,9,0.0,26,0,7,1445,73.3,73.8,66.5,70.8,1,2,28,0,22.2,48.0,7.7,2,3,0,1,1,2,7.1,131,6.2
6,Liam O'Brien,164675,QB,PENN,1,76.2,21,21,9.1,3.08,0,0,0.0,76.2,16,0,5,0.0,25,0,9,267,74.8,71.9,65.2,69.0,0,1,29,0,0.0,106.6,0.0,0,4,0,0,2,1,3.4,147,7.0
6,Kaiden Bennett,147778,QB,DELWARE ST,1,55.0,20,21,7.7,2.93,0,1,4.3,47.6,10,0,9,9.1,30,1,8,152,72.3,53.4,42.8,68.3,0,0,32,1,22.2,60.4,6.7,2,6,0,1,0,0,0.0,94,4.5
6,Reagan Andrew,161309,QB,BUTLER,1,85.7,21,21,6.3,2.05,0,2,8.7,76.2,16,0,5,11.1,23,2,8,127,24.1,69.8,67.2,65.5,0,0,25,0,40.0,93.6,8.7,2,0,0,0,0,1,4.0,141,6.7
6,Chase Spellman,185234,QB,DRAKE,1,61.1,18,20,7.2,2.3,1,0,0.0,50.0,10,0,5,9.1,21,1,5,153,68.0,43.3,43.7,56.7,1,1,22,0,0.0,49.6,0.0,0,1,0,0,0,2,9.1,128,6.4
6,Justin Lamson,144052,QB,MONTANA ST,1,88.9,18,19,6.2,2.78,1,1,5.3,68.4,13,0,3,18.8,22,3,7,233,27.9,68.0,72.7,57.5,0,0,22,0,33.3,140.9,4.5,1,2,0,0,2,1,4.5,213,11.2
6,Colin Parachek,160568,QB,ALBANY,1,36.8,19,19,14.4,2.83,0,1,5.3,26.3,5,0,7,28.6,24,2,6,106,26.3,43.6,43.9,59.4,0,1,24,1,28.6,23.1,8.3,2,3,0,0,0,2,8.3,82,4.3
6,Colton Fitzgerald,145980,QB,W GEORGIA,1,52.6,19,19,8.9,2.28,0,0,0.0,36.8,7,0,1,30.0,21,3,4,1177,25.5,28.8,29.3,52.7,0,1,23,0,0.0,24.7,0.0,0,2,0,0,0,3,13.0,63,3.3
6,Jayden Whitaker,186934,QB,WOFFORD,1,55.6,18,19,13.5,3.03,0,1,4.8,52.6,10,1,7,0.0,24,0,6,350,69.5,57.7,57.9,58.1,0,0,26,1,28.6,126.9,8.3,2,3,0,1,2,0,0.0,209,11.0
6,Ron Peace,186224,QB,TXAMCO,1,73.7,19,19,12.3,2.48,0,2,10.0,73.7,14,0,5,0.0,22,0,10,1139,25.2,82.6,77.8,71.1,0,1,23,0,20.0,111.2,4.5,1,2,0,0,1,2,8.7,268,14.1
6,Nate Bell,170673,QB,E WASHGTON,1,70.6,17,18,6.1,3.58,0,0,0.0,55.6,10,0,12,16.7,26,2,6,161,16.3,71.1,41.7,89.1,0,1,29,0,25.0,65.7,11.5,3,5,0,1,1,3,10.3,95,5.3
6,Kai Colon,167663,QB,PRINCETON,1,43.8,16,17,13.8,3.26,1,0,0.0,41.2,7,0,5,0.0,21,0,4,272,67.2,55.2,56.3,57.0,0,1,21,0,40.0,47.4,9.5,2,1,0,0,0,1,4.8,145,8.5
6,Nate Glantz,157587,QB,LNDNWD,1,81.3,16,17,13.2,3.13,0,2,11.1,70.6,12,0,3,7.7,19,1,9,949,72.5,91.5,92.9,66.4,0,0,20,0,0.0,152.6,0.0,0,2,0,1,3,0,0.0,227,13.4
6,Brock Riddle,185493,QB,INDIANA ST,1,43.8,16,17,11.0,2.95,0,0,0.0,41.2,7,0,8,0.0,22,0,5,191,68.8,47.9,48.4,53.5,1,1,24,0,12.5,31.5,4.5,1,4,0,0,0,0,0.0,80,4.7
6,Will Burns,173629,QB,SO UTAH,1,70.6,17,17,7.4,2.6,0,0,0.0,70.6,12,0,5,0.0,23,0,8,298,70.9,69.8,68.2,63.6,0,1,23,0,60.0,85.7,13.0,3,3,0,0,1,1,4.3,121,7.1
6,Davin Wydner,163672,QB,W GEORGIA,1,92.9,14,17,5.4,3.18,0,0,0.0,64.7,11,0,7,15.4,24,2,9,1177,28.6,65.5,72.7,49.9,1,0,24,0,14.3,109.2,4.2,1,5,0,2,1,0,0.0,137,8.1
6,Aidan Bouman,122508,QB,S DAKOTA,1,73.3,15,16,14.4,2.95,0,2,11.8,68.8,11,0,4,0.0,17,0,8,291,66.8,64.7,65.5,57.3,0,0,18,0,0.0,147.1,0.0,0,1,0,1,3,1,5.6,185,11.6
6,Andrew Body,155202,QB,ALABAMA ST,1,81.3,16,16,7.5,2.64,0,0,0.0,68.8,11,0,4,15.4,19,2,9,105,70.3,83.5,69.1,81.9,0,0,20,0,25.0,143.5,5.3,1,2,0,0,2,0,0.0,171,10.7
6,Ridge Docekal,158965,QB,BRYANT,1,38.5,13,15,10.2,2.6,0,0,0.0,33.3,5,0,4,0.0,15,0,2,124,66.7,40.9,40.3,,0,1,17,0,0.0,14.6,0.0,0,0,0,2,0,0,0.0,33,2.2
6,Jacolby Criswell,122830,QB,E TENN ST,1,61.5,13,15,15.5,2.76,0,2,11.8,46.7,7,0,6,12.5,19,1,5,157,34.3,73.0,71.8,63.5,0,1,22,0,33.3,41.0,10.5,2,2,1,1,0,1,4.5,100,6.7
6,Jake Strong,173651,QB,MCNEESE,1,58.3,12,15,5.7,2.98,1,0,0.0,33.3,5,0,9,28.6,19,2,3,217,68.4,60.1,57.7,66.7,1,2,19,1,33.3,2.8,15.8,3,1,0,1,0,1,5.3,37,2.5
6,Hayden Johnson,185698,QB,LEHIGH,1,53.3,15,15,12.3,2.79,0,1,6.3,53.3,8,0,6,0.0,17,0,8,205,70.7,51.2,34.5,72.9,0,0,18,0,0.0,134.4,0.0,0,2,0,0,2,1,5.6,174,11.6
6,Tyler Hughes,159218,QB,WM & MARY,1,53.8,13,14,12.9,3.14,0,0,0.0,50.0,7,0,9,0.0,19,0,3,348,71.2,60.5,55.1,65.2,0,0,20,0,22.2,130.1,10.5,2,3,0,1,2,0,0.0,157,11.2
6,Cole Payton,148154,QB,N DAK ST,1,85.7,14,14,10.6,3.36,0,2,14.3,85.7,12,0,6,0.0,23,0,11,250,72.2,91.4,87.9,80.3,0,0,24,1,16.7,142.6,4.3,1,8,0,0,1,0,0.0,194,13.9
6,Ayden Pereira,159129,QB,MERRIMACK,1,41.7,12,13,12.1,3.75,0,0,0.0,38.5,5,0,12,0.0,16,0,4,385,29.1,51.1,42.6,63.0,0,1,17,1,8.3,25.5,6.3,1,2,0,1,0,2,11.8,73,5.6
6,Tyler Voss,157830,QB,SAN DIEGO,1,38.5,13,13,7.5,2.63,0,0,0.0,30.8,4,0,4,20.0,15,1,0,283,66.5,42.9,47.2,57.0,0,0,16,1,25.0,40.2,6.7,1,1,0,0,0,0,0.0,22,1.7
6,Julian Calvez,167101,QB,TENN MARTN,1,90.0,10,12,6.8,2.54,2,0,0.0,75.0,9,0,3,0.0,13,0,5,310,66.0,79.0,76.1,63.7,0,0,13,0,0.0,107.6,0.0,0,1,0,0,1,0,0.0,44,3.7
6,Tevin Carter,157995,QB,PRVIEW A&M,1,81.8,11,12,8.4,2.06,1,1,8.3,75.0,9,0,2,0.0,12,0,2,270,67.7,59.8,58.8,60.3,0,0,12,0,0.0,90.3,0.0,0,0,0,0,0,1,8.3,74,6.2
6,Carson Camp,141837,QB,SE LA,1,90.9,11,12,5.5,2.33,1,0,0.0,83.3,10,0,5,0.0,15,0,7,294,70.6,72.1,70.6,63.7,0,0,15,0,60.0,146.5,20.0,3,0,0,0,1,0,0.0,173,14.4
6,Rowan Keefe,165386,QB,VALPO,1,50.0,12,12,8.2,2.3,0,0,0.0,41.7,5,0,8,16.7,18,1,3,332,67.1,36.0,36.3,57.3,0,3,20,0,62.5,9.7,27.8,5,1,0,0,0,1,5.0,31,2.6
6,Quincy Crittendon,149944,QB,SAMFORD,1,81.8,11,11,3.3,2.93,0,0,0.0,72.7,8,0,7,11.1,15,1,1,282,68.1,64.4,65.5,58.4,0,0,15,0,57.1,80.5,26.7,4,0,0,0,0,0,0.0,47,4.3
6,William Atkins IV,148354,QB,SCAR STATE,1,81.8,11,11,11.5,2.65,0,1,9.1,81.8,9,0,5,0.0,11,0,7,290,65.6,87.6,87.0,,0,0,11,0,0.0,158.3,0.0,0,0,0,0,3,0,0.0,162,14.7
6,Jaden Keefner,174907,QB,BRYANT,1,62.5,8,10,10.1,3.13,0,1,9.1,50.0,5,0,5,0.0,12,0,6,124,72.5,85.2,85.7,68.9,1,0,13,0,0.0,75.4,0.0,0,2,0,1,0,0,0.0,76,7.6
6,Blaine Hipa,167662,QB,PRINCETON,1,100.0,8,10,7.0,2.89,1,1,8.3,70.0,7,0,2,12.5,11,1,5,272,26.4,64.2,73.6,53.2,0,0,13,0,0.0,99.2,0.0,0,1,0,1,0,0,0.0,93,9.3
6,Jalen Ferguson,200587,QB,CAMPBELL,1,77.8,9,9,6.6,1.98,0,0,0.0,77.8,7,0,3,0.0,9,0,1,131,66.5,57.1,62.5,58.7,0,0,10,1,0.0,82.4,0.0,0,0,0,0,0,0,0.0,34,3.8
6,Chris Stephenson,178446,QB,STETSON,1,77.8,9,9,3.3,2.67,0,0,0.0,77.8,7,0,4,0.0,12,0,5,302,18.5,55.8,39.4,66.3,0,2,13,0,50.0,68.8,16.7,2,1,0,0,0,2,15.4,90,10.0
6,Keegan Patterson,158465,QB,INDIANA ST,1,66.7,9,9,7.0,2.76,0,0,0.0,66.7,6,0,4,0.0,13,0,4,191,66.0,67.0,53.5,75.2,0,0,13,0,25.0,78.0,7.7,1,3,0,0,0,0,0.0,44,4.9
6,Reggie Graff,165710,QB,UTAHTC,1,77.8,9,9,7.8,2.51,0,0,0.0,66.7,6,0,2,14.3,9,1,2,1285,68.3,60.2,70.5,49.6,0,0,9,0,0.0,78.5,0.0,0,0,0,0,0,0,0.0,45,5.0
6,Caron Tyler,177813,QB,VALPO,1,62.5,8,9,4.4,2.85,1,0,0.0,55.6,5,0,6,0.0,15,0,3,332,68.1,43.3,43.2,54.0,0,0,15,0,33.3,67.8,13.3,2,4,0,0,0,1,6.7,42,4.7
6,Kyle Lowe,156595,QB,SE LA,1,75.0,8,8,7.6,2.39,0,1,12.5,62.5,5,0,4,16.7,9,1,5,294,69.1,78.0,68.2,73.5,0,0,9,0,25.0,143.2,11.1,1,0,0,0,1,0,0.0,95,11.9
6,Xander Menapace,171125,QB,COLUMBIA,1,87.5,8,8,9.4,3.78,0,0,0.0,75.0,6,0,5,14.3,10,1,3,145,66.5,60.4,60.9,60.3,0,0,10,0,20.0,85.4,10.0,1,1,0,0,0,0,0.0,40,5.0
6,Cade McNamara,101620,QB,E TENN ST,1,50.0,6,7,14.2,2.44,1,0,0.0,28.6,2,0,3,33.3,9,1,2,157,65.4,51.1,45.2,64.3,0,0,10,0,33.3,39.6,11.1,1,1,0,0,0,0,0.0,11,1.6
6,Cam'Ron Ransom,147110,QB,BETH COOK,1,40.0,5,6,12.8,2.94,0,1,16.7,33.3,2,0,4,0.0,7,0,2,119,16.4,51.7,46.3,62.7,0,0,7,0,25.0,121.5,14.3,1,0,0,1,1,1,14.3,96,16.0
6,Ari Patu,146360,QB,N ALABAMA,1,50.0,6,6,6.8,3.25,0,0,0.0,50.0,3,0,3,0.0,8,0,0,389,9.7,35.3,58.5,32.6,0,0,9,0,0.0,57.6,0.0,0,2,0,0,0,1,11.1,20,3.3
6,Logan Inagawa,206029,QB,DRAKE,1,100.0,6,6,4.5,2.64,0,0,0.0,100.0,6,0,1,0.0,7,0,3,153,72.1,71.4,77.2,61.6,0,0,7,0,0.0,145.1,0.0,0,1,0,0,1,0,0.0,56,9.3
6,Aidan Semo,162719,QB,ALBANY,1,60.0,5,5,16.4,2.27,0,0,0.0,60.0,3,0,1,0.0,6,0,2,106,66.2,49.9,45.5,63.1,0,0,8,0,100.0,143.8,16.7,1,0,0,0,1,1,12.5,66,13.2
6,Dante Torres,177468,QB,HARVARD,1,80.0,5,5,11.0,2.2,0,0,0.0,80.0,4,0,1,0.0,5,0,3,179,63.8,74.8,74.3,,0,0,5,0,0.0,158.3,0.0,0,0,0,0,1,0,0.0,68,13.6
6,Alex Flores,86295,QB,MCNEESE,1,25.0,4,4,11.0,3.26,0,0,0.0,0.0,0,0,2,100.0,5,1,0,217,65.7,49.1,53.0,54.2,0,0,6,0,0.0,39.6,0.0,0,1,0,0,0,1,16.7,0,0.0
6,Aveon Smith,130529,QB,MERRIMACK,1,75.0,4,4,9.8,3.12,0,0,0.0,75.0,3,0,4,0.0,6,0,3,385,72.2,67.0,73.9,59.4,0,0,6,0,25.0,146.9,16.7,1,1,0,0,1,0,0.0,41,10.3
6,Karson Siqueiros-Lasky,185377,QB,PENN,1,100.0,2,3,5.5,2.27,0,0,0.0,66.7,2,0,1,0.0,3,0,1,267,62.7,70.2,69.8,,0,0,3,0,0.0,77.1,0.0,0,0,1,0,0,0,0.0,14,4.7
6,Shawn Brown,178102,QB,STHLSK,1,33.3,3,3,13.7,3.38,0,0,0.0,0.0,0,0,3,100.0,6,1,2,1470,67.0,71.7,58.6,70.1,0,0,6,0,0.0,39.6,0.0,0,3,0,0,0,0,0.0,0,0.0
6,Jake Triptree,193097,QB,NEWHVN,1,33.3,3,3,3.0,1.43,0,0,0.0,33.3,1,0,0,0.0,3,0,0,1013,62.7,49.8,49.6,,0,0,3,0,,42.4,0.0,0,0,0,0,0,0,0.0,-1,-0.3
6,Cole LaCrue,170324,QB,E ILLINOIS,1,66.7,3,3,8.3,3.43,0,0,0.0,66.7,2,0,2,0.0,3,0,2,158,72.7,65.6,68.2,60.2,0,0,5,0,0.0,104.9,0.0,0,0,0,0,0,0,0.0,34,11.3
6,Eric Handley,185928,QB,ALAB A&M,1,33.3,3,3,12.0,2.07,0,0,0.0,33.3,1,0,0,0.0,3,0,0,104,62.7,51.7,50.6,,0,0,3,0,,42.4,0.0,0,0,0,0,0,0,0.0,6,2.0
6,Noah Brannock,170937,QB,WM & MARY,1,50.0,2,2,14.5,1.85,0,0,0.0,50.0,1,0,1,0.0,2,0,1,348,64.4,36.1,38.7,57.3,0,1,2,0,0.0,25.0,0.0,0,0,0,0,0,1,50.0,10,5.0
6,Michael Wortham,170696,WR,MONTANA,1,100.0,2,2,22.5,4.3,0,0,0.0,100.0,2,0,1,0.0,2,0,2,232,73.5,86.7,90.3,76.8,0,0,2,0,0.0,158.3,0.0,0,0,0,0,1,0,0.0,49,24.5
6,Devin Page,177490,QB,CORNELL,1,0.0,2,2,15.0,2.6,0,0,0.0,0.0,0,0,1,,2,0,0,147,64.4,23.1,21.0,62.9,0,2,2,0,0.0,0.0,0.0,0,0,0,0,0,2,100.0,0,0.0
6,Eric Rodriguez,160057,QB,TXAMCO,1,50.0,2,2,-1.5,2.13,0,0,0.0,50.0,1,0,2,0.0,3,0,0,1139,62.7,53.7,51.9,,0,0,3,0,50.0,56.3,33.3,1,0,0,0,0,0,0.0,3,1.5
6,Jordon Davis,182683,QB,TEXAS STHN,1,50.0,2,2,4.0,3.84,0,0,0.0,50.0,1,0,4,0.0,5,0,1,313,67.9,67.7,55.1,70.7,0,0,5,1,0.0,64.6,0.0,0,3,0,0,0,0,0.0,10,5.0
6,JP Pickles,183996,QB,MERCER,1,0.0,2,2,17.0,3.65,0,0,0.0,0.0,0,0,1,,2,0,0,219,67.6,45.8,28.9,66.8,0,1,2,0,0.0,0.0,0.0,0,0,0,0,0,1,50.0,0,0.0
6,Jake Curry,185583,QB,S ILLINOIS,1,100.0,1,2,9.0,1.7,1,0,0.0,0.0,0,0,0,100.0,2,1,0,295,64.4,70.2,69.4,60.0,0,0,2,0,,39.6,0.0,0,0,0,0,0,0,0.0,0,0.0
6,Ameer Dudley,148894,QB,ROB MORRIS,1,50.0,2,2,9.0,4.13,0,0,0.0,50.0,1,0,2,0.0,4,0,0,277,65.2,40.1,48.9,50.9,0,0,4,0,0.0,58.3,0.0,0,2,0,0,0,0,0.0,7,3.5
6,Landen Chambers,170530,HB,CENT ARK,1,0.0,1,1,19.0,2.8,0,0,0.0,0.0,0,0,0,,1,0,0,132,77.9,74.3,54.8,75.4,0,1,1,0,,0.0,0.0,0,0,0,0,0,0,0.0,0,0.0
6,Jason Penza,185670,QB,LAFAYETTE,1,100.0,1,1,-5.0,1.1,0,0,0.0,100.0,1,0,0,0.0,1,0,0,203,65.9,57.9,60.6,58.7,0,0,1,0,,87.5,0.0,0,0,0,0,0,0,0.0,5,5.0
6,Nana Utsey,210103,QB,VA MILT IN,1,100.0,1,1,40.0,2.7,0,1,100.0,100.0,1,0,0,0.0,1,0,1,336,68.7,66.3,87.3,51.5,0,0,1,0,,118.8,0.0,0,0,0,0,0,0,0.0,41,41.0
6,Tra Neal,170886,WR,MONMOUTH,1,100.0,1,1,32.0,3.3,0,1,100.0,100.0,1,0,0,0.0,1,0,1,231,65.3,65.9,87.4,,0,0,1,0,,158.3,0.0,0,0,0,0,1,0,0.0,33,33.0
6,Nevan Cremascoli,158044,QB,S DAKOTA,1,100.0,1,1,1.0,2.9,0,0,0.0,100.0,1,0,0,0.0,1,0,0,291,60.3,63.0,61.0,,0,0,1,0,,79.2,0.0,0,0,0,0,0,0,0.0,3,3.0
6,Brooks Ferguson,159048,TE,PORTLAND,1,100.0,1,1,28.0,3.2,0,1,100.0,100.0,1,0,1,0.0,1,0,1,269,60.3,60.9,87.7,,0,0,1,1,0.0,118.8,0.0,0,0,0,0,0,0,0.0,37,37.0
6,Ean Rodrigue,178002,QB,NICHOLLS,1,100.0,1,1,-4.0,0.4,0,0,0.0,100.0,1,0,0,0.0,1,0,0,243,65.9,71.7,60.4,65.8,0,0,1,0,,95.8,0.0,0,0,0,0,0,0,0.0,7,7.0
6,JK Carter,148041,WR,MURRAY ST,1,100.0,1,1,15.0,4.4,0,0,0.0,100.0,1,0,0,0.0,1,0,1,236,64.6,64.0,73.1,,0,0,1,0,,158.3,0.0,0,0,0,0,1,0,0.0,29,29.0
6,DK Daniel,188055,WR,W GEORGIA,1,100.0,1,1,9.0,2.8,0,0,0.0,100.0,1,0,0,0.0,1,0,1,1177,62.4,53.4,77.2,,0,0,1,0,,147.9,0.0,0,0,0,0,1,0,0.0,10,10.0
6,Gavin Lochow,177638,WR,DAYTON,1,100.0,1,1,27.0,3.3,0,0,0.0,100.0,1,0,1,0.0,1,0,1,150,69.2,68.0,76.6,67.3,0,0,1,0,0.0,158.3,0.0,0,0,0,0,1,0,0.0,19,19.0
6,Jayden Sauray,162802,QB,DELWARE ST,1,100.0,1,1,17.0,4.75,0,0,0.0,100.0,1,0,2,0.0,2,0,1,152,61.8,67.4,72.6,57.8,0,0,2,0,0.0,118.8,0.0,0,1,0,0,0,0,0.0,18,18.0
6,Marcus Brown,189117,QB,VALPO,1,0.0,1,1,16.0,2.4,0,0,0.0,0.0,0,0,1,,1,0,0,332,65.9,55.4,47.3,64.0,0,0,1,0,0.0,39.6,0.0,0,0,0,0,0,0,0.0,0,0.0
6,Michael Briscoe,142810,WR,CAL POLY,1,100.0,1,1,7.0,3.6,0,0,0.0,100.0,1,0,0,0.0,1,0,1,129,64.6,51.5,71.7,,0,0,1,0,,118.8,0.0,0,0,0,0,1,0,0.0,2,2.0
6,Alek Marshall,191399,TE,CAL POLY,1,100.0,1,1,9.0,1.4,0,0,0.0,100.0,1,0,0,0.0,1,0,1,129,62.4,63.3,71.5,,0,0,1,0,,118.8,0.0,0,0,0,0,0,0,0.0,19,19.0
6,Josh Fillion,164583,WR,NEW HAMP,1,0.0,1,1,24.0,3.5,0,0,0.0,0.0,0,0,0,,1,0,0,240,63.7,66.6,76.2,,0,0,1,0,,39.6,0.0,0,0,0,0,0,0,0.0,0,0.0
6,Gabe Passini,191845,QB,BUTLER,1,100.0,1,1,16.0,3.1,0,0,0.0,100.0,1,0,0,0.0,1,0,1,127,69.9,90.2,73.1,72.2,0,0,1,0,,118.8,0.0,0,0,0,0,0,0,0.0,16,16.0
6,Mike Chandler II,139371,QB,CAMPBELL,1,100.0,1,1,-1.0,2.0,0,0,0.0,100.0,1,0,0,0.0,1,0,0,131,65.6,69.1,61.0,59.6,0,0,1,0,,79.2,0.0,0,0,0,0,0,0,0.0,0,0.0
6,Patrick Duchien,176764,QB,MONTANA ST,1,100.0,1,1,0.0,2.2,0,0,0.0,100.0,1,0,0,0.0,1,0,1,233,63.7,71.9,60.6,62.8,0,0,1,0,,100.0,0.0,0,0,0,0,0,0,0.0,8,8.0
6,Andre Washington,165436,QB,ALCORN ST,1,0.0,1,1,45.0,3.3,0,0,0.0,0.0,0,0,1,,2,0,0,107,64.4,62.7,55.5,63.0,0,0,2,0,100.0,39.6,50.0,1,0,0,0,0,0,0.0,0,0.0
6,Casey Case,130402,QB,STNY BROOK,1,100.0,1,1,5.0,1.6,0,0,0.0,100.0,1,0,0,0.0,1,0,1,303,60.3,57.6,56.1,,0,0,1,0,,104.2,0.0,0,0,0,0,0,0,0.0,9,9.0
6,Patrick Grusser,197638,QB,MARIST,1,0.0,1,1,1.0,2.1,0,0,0.0,0.0,0,0,1,,1,0,0,213,63.7,47.3,57.7,57.3,0,0,1,0,0.0,39.6,0.0,0,0,0,0,0,0,0.0,0,0.0
6,Dante Archie,209825,HB,MORGAN ST,1,100.0,1,1,32.0,3.0,0,0,0.0,100.0,1,0,0,0.0,1,0,1,235,60.3,65.4,77.1,,0,0,1,0,,158.3,0.0,0,0,0,0,1,0,0.0,28,28.0
6,Cade Fennegan,128127,QB,ABILENE CH,1,100.0,1,1,-2.0,1.4,0,0,0.0,100.0,1,0,0,0.0,1,0,0,100,67.5,59.0,60.6,58.4,0,0,1,0,,100.0,0.0,0,0,0,0,0,0,0.0,8,8.0
6,Jonathan Palmer,201866,QB,TENN STATE,1,0.0,1,1,9.0,4.0,0,0,0.0,0.0,0,0,0,,1,0,0,308,60.3,53.5,53.7,,0,0,1,0,,39.6,0.0,0,0,0,0,0,0,0.0,0,0.0
6,Luke Larsen,123823,P,VILLANOVA,1,100.0,1,1,-2.0,2.5,0,0,0.0,100.0,1,0,0,0.0,1,0,0,334,60.3,60.6,60.6,,0,0,1,0,,83.3,0.0,0,0,0,0,0,0,0.0,4,4.0
6,Daniel King,123422,K,SO UTAH,1,100.0,1,1,-6.0,1.4,0,0,0.0,100.0,1,0,0,0.0,1,0,1,298,60.3,60.6,60.6,,0,0,1,0,,100.0,0.0,0,0,0,0,0,0,0.0,8,8.0
6,Andrew Frazier,173585,WR,DAVIDSON,1,100.0,1,1,-2.0,1.2,0,0,0.0,100.0,1,0,0,0.0,1,0,0,149,66.2,55.2,60.4,63.1,0,0,1,0,,79.2,0.0,0,0,0,0,0,0,0.0,-2,-2.0
6,Elliott Janish,172353,P,SCAR STATE,1,100.0,1,1,5.0,2.5,0,0,0.0,100.0,1,0,0,0.0,1,0,1,290,5.8,54.9,74.3,60.0,0,0,1,0,,118.8,0.0,0,0,0,0,0,0,0.0,27,27.0
6,Noah Cronquist,86569,WR,E WASHGTON,1,100.0,1,1,24.0,3.4,0,0,0.0,100.0,1,0,0,0.0,1,0,1,161,69.6,60.4,76.2,,0,0,1,0,,118.8,0.0,0,0,0,0,0,0,0.0,33,33.0
6,Jaxon Dailey,156650,QB,N IOWA,1,,0,1,,2.3,0,0,0.0,0.0,0,0,1,,1,0,0,255,63.7,52.3,60.0,57.7,1,0,1,0,0.0,39.6,0.0,0,0,0,0,0,0,0.0,0,0.0
6,Jace Wilson,149892,QB,TENN TECH,1,100.0,1,1,28.0,2.8,0,0,0.0,100.0,1,0,0,0.0,1,0,1,309,60.3,77.4,76.2,,0,0,1,0,,158.3,0.0,0,0,0,0,1,0,0.0,94,94.0
6,Ethan Coady,210998,QB,PACENY,1,69.2,26,27,10.2,2.54,0,1,3.3,59.3,16,0,14,11.1,35,2,10,1536,38.7,60.2,61.9,57.0,0,1,38,0,21.4,85.9,8.6,3,5,0,1,1,2,5.3,243,9.0
6,Luke Porcaro,211044,QB,PACENY,1,33.3,3,3,14.7,3.16,0,1,33.3,33.3,1,0,3,0.0,5,0,1,1536,12.1,48.8,48.9,,0,0,5,0,66.7,91.7,40.0,2,0,0,0,1,1,20.0,16,5.3
week,player,player_id,position,team_name,player_game_count,accuracy_percent,aimed_passes,attempts,avg_depth_of_target,avg_time_to_throw,bats,big_time_throws,btt_rate,completion_percent,completions,declined_penalties,def_gen_pressures,drop_rate,dropbacks,drops,first_downs,franchise_id,grades_hands_fumble,grades_offense,grades_pass,grades_run,hit_as_threw,interceptions,passing_snaps,penalties,pressure_to_sack_rate,qb_rating,sack_percent,sacks,scrambles,spikes,thrown_aways,touchdowns,turnover_worthy_plays,twp_rate,yards,ypa
7,Micah Alejado,184162,QB,HAWAII,1,70.0,50,53,10.6,2.56,1,2,3.8,62.3,33,0,20,5.7,63,2,21,180,70.7,78.9,81.0,53.7,0,1,63,0,25.0,96.6,7.9,5,4,0,2,3,1,1.6,402,7.6
7,Athan Kaliakmanis,144971,QB,RUTGERS,1,75.6,45,50,8.2,2.92,3,2,3.8,62.0,31,0,14,8.8,58,3,17,278,71.3,65.3,62.8,66.4,0,1,62,0,28.6,90.9,6.9,4,4,0,2,2,2,3.2,386,7.7
7,Cam Fancher,145266,QB,UCF,1,65.2,46,49,8.8,3.49,0,1,1.8,57.1,28,0,20,6.7,62,2,13,323,72.4,53.8,45.3,71.4,0,0,68,1,10.0,68.5,3.2,2,11,0,3,0,4,5.9,221,4.5
7,E.J. Warner,156185,QB,FRESNO ST,1,69.6,46,49,9.9,2.44,1,3,5.6,57.1,28,0,16,12.5,57,4,18,169,42.3,61.9,64.3,48.1,0,3,62,0,31.3,74.4,8.8,5,3,0,2,3,4,6.5,350,7.1
7,AJ Hairston,184157,QB,UMASS,1,67.4,43,48,9.3,3.0,2,1,1.9,54.2,26,0,26,10.3,54,3,11,216,41.6,65.7,65.6,58.3,2,1,58,0,15.4,58.2,7.4,4,2,0,1,0,3,5.2,227,4.7
7,Josh Hoover,127148,QB,TCU,1,70.5,44,47,7.5,2.42,1,2,4.2,55.3,26,0,13,16.1,51,5,13,305,70.5,62.8,67.3,54.7,0,2,53,2,7.7,85.1,2.0,1,2,0,2,3,4,7.5,376,8.0
7,Drew Mestemaker,190616,QB,N TEXAS,1,79.1,43,46,8.7,2.64,1,4,8.0,65.2,30,0,13,11.8,49,4,19,251,70.2,66.9,63.7,69.6,0,3,53,0,15.4,74.2,4.1,2,1,0,2,2,3,5.7,336,7.3
7,Noah Fifita,158722,QB,ARIZONA,1,67.5,40,45,10.2,3.34,1,2,4.2,55.6,25,0,18,7.4,48,2,10,109,71.5,72.3,72.4,60.3,0,1,51,0,0.0,74.2,0.0,0,3,0,4,2,2,3.9,219,4.9
7,Drake Lindsey,184727,QB,MINNESOTA,1,54.8,42,45,8.9,2.7,0,0,0.0,46.7,21,0,17,8.7,49,2,13,225,69.8,49.9,48.9,60.8,1,1,52,0,11.8,68.0,4.1,2,2,0,2,2,1,1.9,232,5.2
7,Luke Altmyer,146802,QB,ILLINOIS,1,73.8,42,44,8.9,2.87,0,1,2.1,68.2,30,0,14,3.2,49,1,13,187,40.3,65.1,66.5,52.5,0,1,53,0,28.6,80.5,8.2,4,1,0,2,1,2,3.8,248,5.6
7,JC French IV,162521,QB,GA SOUTHRN,1,67.5,40,43,12.1,2.61,0,2,4.4,55.8,24,0,17,11.1,52,3,17,174,71.3,58.6,57.4,64.3,1,3,54,1,29.4,65.4,9.6,5,4,0,2,2,3,5.6,313,7.3
7,Nicholas Vattiato,145302,QB,MIDDLE TN,1,83.8,37,43,5.7,2.44,2,1,2.3,69.8,30,0,10,3.2,48,1,12,224,70.4,66.7,70.0,51.1,0,0,50,0,20.0,101.6,4.2,2,3,1,3,2,1,2.0,267,6.2
7,Ryan Browne,174949,QB,PURDUE,1,71.8,39,41,10.3,3.22,0,3,6.8,51.2,21,0,14,25.0,46,7,14,273,70.8,76.8,75.4,65.7,1,2,50,0,0.0,45.1,0.0,0,5,0,1,0,3,6.0,203,5.0
7,Jalen Kitna,146688,QB,UAB,1,75.6,41,41,4.7,2.62,0,1,2.2,70.7,29,0,17,6.5,46,2,11,321,69.8,61.2,60.1,61.2,0,0,53,0,29.4,95.7,10.9,5,0,0,0,1,0,0.0,261,6.4
7,Alonza Barnett III,156710,QB,JAMES MAD,1,75.0,36,40,8.8,2.49,2,2,4.9,65.0,26,0,5,3.7,40,1,11,197,41.1,63.9,63.8,60.0,0,1,41,2,0.0,101.6,0.0,0,0,0,2,3,1,2.4,295,7.4
7,Tucker Kilcrease,156863,QB,TROY,1,94.1,34,40,10.5,2.72,0,4,9.1,75.0,30,0,19,6.3,50,2,21,318,43.8,79.9,90.9,36.9,0,0,55,0,26.3,147.4,10.0,5,5,1,5,5,0,0.0,415,10.4
7,Kaden Anderson,127312,QB,WYOMING,1,70.3,37,40,9.7,2.83,1,1,2.3,57.5,23,0,18,11.5,44,3,12,351,69.8,62.4,64.3,51.9,1,2,47,0,11.1,77.5,4.5,2,2,1,0,2,1,2.1,304,7.6
7,Ben Gulbranson,131734,QB,STANFORD,1,66.7,33,40,9.5,2.69,2,2,4.7,55.0,22,0,19,0.0,48,0,13,300,30.9,61.2,58.7,64.1,0,1,51,0,36.8,74.8,14.6,7,1,0,5,1,2,3.9,278,7.0
7,Ben Finley,122864,QB,AKRON,1,72.2,36,39,9.8,2.83,0,0,0.0,53.8,21,0,11,19.2,44,5,13,102,69.3,75.8,74.7,62.5,1,1,44,0,27.3,67.4,6.8,3,2,0,2,1,1,2.3,211,5.4
7,Malik Washington,198729,QB,MARYLAND,1,73.0,37,38,4.9,2.89,0,1,2.6,71.1,27,0,10,0.0,41,0,10,215,70.4,74.7,77.9,58.7,0,0,41,2,10.0,97.4,2.4,1,2,0,1,1,0,0.0,249,6.6
7,Jeff Sims,122496,QB,ARIZONA ST,1,56.8,37,38,9.4,2.71,1,1,2.5,47.4,18,0,24,14.3,49,3,11,110,73.1,59.6,47.8,74.1,0,0,52,0,20.8,55.2,10.2,5,6,0,0,0,1,1.9,124,3.3
7,Walker Eget,146170,QB,S JOSE ST,1,77.1,35,38,10.9,2.5,0,2,5.1,60.5,23,0,10,14.8,39,4,12,285,32.5,55.7,55.4,59.5,0,0,40,0,10.0,120.0,2.6,1,0,1,2,4,2,5.0,295,7.8
7,John Mateer,158516,QB,OKLAHOMA,1,63.9,36,38,8.3,2.78,0,0,0.0,52.6,20,0,17,13.0,47,3,11,261,42.6,29.5,27.8,61.7,1,3,47,0,29.4,35.2,10.6,5,3,0,1,0,6,12.8,202,5.3
7,Dexter Williams II,129457,QB,KENNESAW,1,93.8,32,37,5.5,2.54,1,0,0.0,73.0,27,0,15,10.0,39,3,15,200,70.7,77.1,77.6,59.9,1,0,40,1,13.3,131.6,5.1,2,0,1,2,4,1,2.5,290,7.8
7,Gunner Stockton,157072,QB,GEORGIA,1,79.4,34,37,7.7,2.5,1,2,4.9,64.9,24,0,11,11.1,43,3,14,173,71.4,77.7,79.2,59.1,0,0,47,1,18.2,80.6,4.7,2,4,0,2,0,1,2.1,217,5.9
7,Evan Simon,129906,QB,TEMPLE,1,80.6,31,36,9.9,2.41,1,2,5.4,69.4,25,0,9,0.0,38,0,15,306,37.8,67.2,61.8,71.5,2,0,39,0,11.1,109.1,2.6,1,0,0,2,1,1,2.6,345,9.6
7,Jake Retzlaff,70874,QB,TULANE,1,77.8,36,36,9.8,2.64,0,1,2.6,72.2,26,0,15,7.1,39,2,19,319,70.4,73.1,73.2,61.1,0,0,41,0,0.0,120.9,0.0,0,2,0,0,2,2,4.9,347,9.6
7,DJ Lagway,184426,QB,FLORIDA,1,63.6,33,36,8.5,2.43,1,2,5.1,58.3,21,0,12,0.0,39,0,13,163,21.6,52.4,51.5,,1,0,43,0,25.0,97.5,7.7,3,0,0,1,2,4,9.3,244,6.8
7,Cameran Brown,184894,QB,GA STATE,1,69.7,33,35,9.5,2.77,1,1,2.6,54.3,19,0,11,17.4,39,4,16,175,70.4,60.1,58.5,62.8,0,0,43,0,18.2,91.6,5.1,2,2,0,1,2,2,4.7,212,6.1
7,Dante Moore,173983,QB,OREGON,1,71.9,32,34,8.0,2.85,0,1,2.9,61.8,21,0,20,8.7,42,2,8,264,34.4,47.8,46.6,59.3,1,2,43,0,30.0,61.6,14.3,6,2,0,1,1,2,4.7,186,5.5
7,Ethan Vasko,163817,QB,LIBERTY,1,66.7,30,34,10.9,2.96,0,1,2.9,55.9,19,0,15,5.0,36,1,11,206,73.7,73.1,70.8,68.3,0,0,36,2,0.0,78.4,0.0,0,1,0,4,0,0,0.0,243,7.1
7,Jalon Daniels,122555,QB,KANSAS,1,93.5,31,33,6.2,2.74,1,0,0.0,81.8,27,0,23,6.9,45,2,14,198,33.3,72.9,69.5,67.8,0,0,50,0,34.8,119.1,17.8,8,4,0,1,2,1,2.0,255,7.7
7,Garrett Nussmeier,146757,QB,LSU,1,76.7,30,33,9.7,2.58,1,2,5.6,60.6,20,0,13,13.0,36,3,14,211,35.4,65.2,68.8,50.9,0,2,39,0,0.0,79.6,0.0,0,3,0,2,2,2,5.1,254,7.7
7,Rocco Becht,157567,QB,IOWA STATE,1,71.9,32,33,8.6,2.66,0,0,0.0,54.5,18,0,8,21.7,37,5,12,193,33.3,51.2,59.6,44.4,0,1,37,1,0.0,60.8,0.0,0,4,0,1,0,1,2.7,205,6.2
7,JJ Kohl,174674,QB,APP STATE,1,67.7,31,32,9.8,2.45,0,3,8.8,65.6,21,0,5,0.0,33,0,15,108,69.1,84.6,83.2,62.4,0,0,35,1,20.0,136.6,3.0,1,0,0,1,4,0,0.0,309,9.7
7,Carter Jones,198923,QB,NEVADA,1,61.3,31,32,8.3,2.36,1,1,3.1,50.0,16,0,13,15.8,39,3,10,239,29.3,31.7,29.2,60.1,0,2,39,0,23.1,54.2,7.7,3,3,0,0,1,4,10.3,200,6.3
7,Anthony Colandrea,170131,QB,UNLV,1,80.0,30,32,10.0,2.84,0,2,5.7,62.5,20,0,11,16.7,36,4,12,325,70.3,77.9,78.6,63.3,2,0,39,0,0.0,111.6,0.0,0,4,0,0,1,0,0.0,361,11.3
7,CJ Carr,184093,QB,NOTRE DAME,1,66.7,30,32,15.4,2.56,1,5,13.9,59.4,19,0,6,5.0,34,1,15,258,69.3,83.9,84.3,57.5,0,1,38,0,33.3,103.9,5.9,2,0,1,0,2,3,7.9,342,10.7
7,Noah Kim,129623,QB,E MICHIGAN,1,74.1,27,32,7.5,3.18,0,0,0.0,59.4,19,0,8,5.0,33,1,9,160,72.4,55.4,51.8,61.9,1,1,34,0,0.0,68.1,0.0,0,1,0,4,1,1,2.9,147,4.6
7,Jayden Maiava,158135,QB,USC,1,83.9,31,32,5.9,2.27,1,2,6.3,78.1,25,0,5,3.8,33,1,14,326,69.0,78.9,79.7,57.6,0,1,34,0,0.0,108.3,0.0,0,0,0,0,2,1,2.9,260,8.1
7,Jackson Arnold,173684,QB,AUBURN,1,64.5,31,31,6.0,2.45,0,0,0.0,61.3,19,0,7,5.0,34,1,6,115,42.6,50.0,46.1,62.0,0,0,38,1,14.3,71.6,2.9,1,2,0,0,0,2,5.3,137,4.4
7,Tucker Gleason,122475,QB,TOLEDO,1,73.3,30,31,12.6,2.76,0,4,12.1,64.5,20,0,13,9.1,33,2,9,316,70.9,88.9,90.0,65.3,0,1,35,1,15.4,89.2,6.1,2,0,0,1,1,0,0.0,268,8.6
7,Taylen Green,145996,QB,ARKANSAS,1,78.6,28,31,10.0,3.32,0,1,3.1,67.7,21,0,15,4.5,42,1,18,111,18.6,72.0,62.2,75.9,0,0,44,0,40.0,114.4,14.3,6,5,0,3,2,3,6.8,256,8.3
7,Fernando Mendoza,158323,QB,INDIANA,1,71.4,28,31,8.2,2.54,1,0,0.0,64.5,20,0,13,0.0,34,0,15,190,71.8,51.9,49.4,60.6,0,1,38,0,7.7,82.1,2.9,1,2,0,2,1,1,2.6,215,6.9
7,Deuce Bailey,198907,QB,MO STATE,1,72.0,25,31,10.5,3.34,3,1,3.2,51.6,16,0,15,11.1,37,2,11,230,26.4,53.9,55.3,55.6,1,0,37,0,26.7,93.2,10.8,4,2,0,2,1,2,5.4,278,9.0
7,Maddux Madsen,163379,QB,BOISE ST,1,79.3,29,31,6.8,2.61,2,0,0.0,67.7,21,0,13,8.7,37,2,14,120,69.3,67.8,67.7,58.1,0,0,38,0,30.8,110.4,10.8,4,2,0,0,2,0,0.0,226,7.3
7,Zevi Eckhaus,148535,QB,WASH STATE,1,92.9,28,31,4.3,2.33,2,2,5.6,77.4,24,0,13,7.7,39,2,10,341,37.8,81.3,79.1,68.0,0,0,45,0,30.8,116.3,10.3,4,4,0,1,2,1,2.2,210,6.8
7,Ty Simpson,157008,QB,ALABAMA,1,76.7,30,31,6.5,3.3,1,3,8.8,74.2,23,0,15,0.0,39,0,14,103,36.3,63.6,63.4,66.3,0,0,42,3,26.7,123.1,10.3,4,4,0,0,3,1,2.4,200,6.5
7,Kevin Jennings,158272,QB,SMU,1,83.3,30,31,6.3,2.39,0,1,3.2,74.2,23,0,9,8.0,35,2,11,287,69.1,76.7,75.9,62.2,1,0,35,0,22.2,119.4,5.7,2,2,0,0,2,0,0.0,253,8.2
7,Maalik Murphy,157302,QB,OREGON ST,1,60.7,28,30,9.3,2.37,1,1,3.3,43.3,13,0,12,23.5,31,4,6,265,68.3,61.7,61.1,,0,1,31,0,8.3,42.4,3.2,1,0,0,1,0,1,3.2,130,4.3
7,CJ Bailey,183349,QB,NC STATE,1,58.6,29,30,11.0,2.77,0,2,6.7,56.7,17,0,13,0.0,38,0,8,248,34.4,29.8,34.3,40.5,0,3,38,0,30.8,46.7,10.5,4,3,0,1,1,3,7.9,186,6.2
7,Cade Klubnik,156253,QB,CLEMSON,1,86.2,29,30,8.5,2.74,0,2,6.7,73.3,22,0,7,12.0,32,3,13,140,71.6,78.4,73.8,71.2,0,1,32,0,14.3,99.3,3.1,1,1,0,1,1,1,3.1,280,9.3
7,Katin Houser,158386,QB,E CAROLINA,1,63.3,30,30,8.4,2.23,0,1,2.9,63.3,19,0,10,0.0,36,0,10,156,70.0,68.9,58.9,82.5,0,0,42,0,30.0,91.0,8.3,3,3,0,0,1,0,0.0,180,6.0
7,Caden Veltkamp,156642,QB,FAU,1,84.6,26,29,7.1,2.52,1,1,3.0,72.4,21,0,7,4.5,31,1,11,165,70.1,71.4,71.8,59.1,1,1,35,0,0.0,125.5,0.0,0,2,0,1,3,1,2.9,299,10.3
7,Trinidad Chambliss,178723,QB,OLE MISS,1,71.4,28,29,10.0,2.86,1,1,3.3,69.0,20,0,11,0.0,34,0,13,226,35.9,57.3,54.1,62.6,0,0,35,1,27.3,118.9,8.8,3,2,0,0,2,2,5.7,253,8.7
7,Bear Bachmeier,203434,QB,BYU,1,61.5,26,29,11.4,2.9,1,2,6.1,41.4,12,0,15,25.0,36,4,9,128,46.3,57.3,51.6,63.5,1,2,40,0,6.7,44.0,2.8,1,5,0,1,1,3,7.5,172,5.9
7,Dylan Raiola,183581,QB,NEBRASKA,1,74.1,27,29,7.3,2.67,1,1,2.9,69.0,20,0,5,0.0,31,0,13,238,69.2,53.4,54.9,57.6,0,3,36,1,20.0,96.9,3.2,1,1,0,1,4,3,8.3,260,9.0
7,LaNorris Sellers,174326,QB,S CAROLINA,1,70.8,24,29,8.8,3.76,0,0,0.0,51.7,15,0,26,11.8,40,2,7,289,43.6,56.9,57.8,56.9,0,1,43,2,11.5,48.6,7.5,3,8,0,5,0,1,2.3,124,4.3
7,Mason Heintschel,199088,QB,PITTSBURGH,1,74.1,27,29,10.0,3.6,0,2,6.9,69.0,20,0,22,0.0,44,0,17,268,35.0,56.4,62.2,50.6,0,2,44,1,18.2,98.6,9.1,4,10,0,2,2,2,4.5,312,10.8
7,Aidan Armenta,175731,QB,LA MONROE,1,57.1,28,29,11.3,2.65,0,2,6.9,48.3,14,0,6,12.5,30,2,7,209,70.3,53.3,53.0,58.2,0,1,31,1,0.0,64.7,0.0,0,0,0,1,1,3,9.7,176,6.1
7,Lunch Winfield,176367,QB,LA LAFAYET,1,56.0,25,29,17.0,2.82,1,0,0.0,48.3,14,0,11,0.0,33,0,7,207,73.4,49.9,47.5,58.8,2,1,38,0,18.2,85.7,6.1,2,2,1,0,2,0,0.0,242,8.3
7,Conner Weigman,158683,QB,HOUSTON,1,72.4,29,29,13.2,2.59,0,5,15.2,72.4,21,0,7,0.0,31,0,14,182,70.1,80.3,78.4,66.4,0,0,36,0,14.3,129.4,3.2,1,1,0,0,2,2,5.6,306,10.6
7,Colton Joseph,172283,QB,DOMINION,1,59.3,27,28,14.3,3.33,0,2,6.7,53.6,15,0,7,6.3,33,1,9,263,71.7,43.7,41.3,57.4,0,2,35,0,28.6,68.5,6.1,2,3,0,1,1,3,8.6,266,9.5
7,Beau Pribula,164182,QB,MISSOURI,1,61.5,26,28,8.7,3.44,0,0,0.0,57.1,16,0,10,0.0,34,0,8,229,35.3,52.9,51.1,59.3,0,2,34,0,30.0,67.9,8.8,3,3,0,2,2,2,5.9,162,5.8
7,Byrum Brown,156206,QB,USF,1,81.5,27,28,8.8,2.67,1,1,3.6,78.6,22,0,6,0.0,33,0,14,327,44.2,77.0,68.3,74.4,0,1,33,1,50.0,124.0,9.1,3,2,0,0,3,2,6.1,245,8.8
7,Braylon Braxton,144442,QB,SO MISS,1,71.4,28,28,16.3,2.91,0,3,9.7,67.9,19,0,5,5.0,30,1,10,296,40.3,73.6,80.4,50.9,0,0,33,0,20.0,117.7,3.3,1,1,0,0,2,0,0.0,237,8.5
7,Deshawn Purdie,184271,QB,WAKE,1,70.4,27,28,10.6,2.6,1,2,6.7,53.6,15,0,5,21.1,28,4,9,339,68.2,58.5,57.6,,0,0,30,0,0.0,127.2,0.0,0,0,0,0,4,1,3.3,275,9.8
7,Julian Sayin,183708,QB,OHIO STATE,1,73.1,26,27,8.6,2.76,1,0,0.0,70.4,19,0,5,0.0,28,0,12,260,69.7,86.0,84.0,65.9,0,0,29,0,20.0,111.0,3.6,1,0,0,0,2,0,0.0,166,6.1
7,Arch Manning,173162,QB,TEXAS,1,91.3,23,27,4.0,2.79,0,1,3.7,77.8,21,0,14,0.0,30,0,9,311,70.7,84.2,80.9,69.8,1,0,31,0,7.1,104.6,3.3,1,1,0,3,1,1,3.2,166,6.1
7,Demond Williams Jr.,183648,QB,WASHINGTON,1,87.5,24,27,10.6,3.08,0,1,3.7,77.8,21,0,11,0.0,32,0,19,340,26.3,90.9,91.5,67.6,2,0,32,0,9.1,143.4,3.1,1,4,0,1,2,0,0.0,402,14.9
7,Broc Lowry,173383,QB,W MICHIGAN,1,88.5,26,27,6.3,2.28,1,1,3.7,85.2,23,0,8,0.0,28,0,14,347,73.6,84.9,75.6,76.1,0,0,28,0,0.0,128.5,0.0,0,1,0,0,2,0,0.0,241,8.9
7,Bryson Barnes,131845,QB,UTAH ST,1,63.6,22,26,9.0,2.99,0,0,0.0,53.8,14,0,18,0.0,35,0,9,329,36.0,47.6,44.3,59.5,0,1,40,0,16.7,71.8,8.6,3,6,0,4,1,3,7.5,175,6.7
7,T.J. Finley,124093,QB,GA STATE,1,62.5,24,26,4.7,2.19,1,0,0.0,50.0,13,0,6,13.3,27,2,6,175,67.9,49.9,49.5,,0,1,27,0,16.7,42.3,3.7,1,0,0,1,0,1,3.7,91,3.5
7,Preston Stone,124716,QB,NWESTERN,1,81.8,22,26,7.7,2.92,0,1,3.7,65.4,17,0,7,5.6,31,1,9,256,70.3,64.7,68.6,52.8,1,0,32,0,28.6,95.5,6.5,2,3,0,3,1,0,0.0,163,6.3
7,Brady Davidson,199832,QB,N ILLINOIS,1,50.0,22,26,13.0,2.77,0,0,0.0,42.3,11,0,8,0.0,27,0,3,254,68.1,40.1,40.1,56.3,3,1,29,0,0.0,36.4,0.0,0,1,0,1,0,1,3.4,94,3.6
7,Avery Johnson,173108,QB,KANSAS ST,1,64.0,25,26,10.2,2.9,1,1,3.6,61.5,16,0,7,0.0,32,0,11,199,38.6,66.2,72.5,52.2,0,0,34,1,28.6,123.6,6.3,2,4,0,0,3,0,0.0,198,7.6
7,Marcel Reed,175940,QB,TEXAS A&M,1,68.0,25,26,10.7,2.89,1,1,3.8,61.5,16,0,4,5.9,30,1,11,312,69.8,59.8,61.1,55.9,0,1,30,1,0.0,87.7,0.0,0,4,0,0,1,1,3.3,234,9.0
7,Kaidon Salter,132046,QB,COLORADO,1,75.0,24,25,8.4,2.9,0,2,7.7,64.0,16,0,6,11.1,29,2,12,143,71.9,83.3,85.7,63.5,0,0,30,1,0.0,124.6,0.0,0,4,0,1,2,0,0.0,255,10.2
7,Dequan Finn,97804,QB,MIAMI OH,1,71.4,21,25,11.9,3.09,1,2,7.4,56.0,14,0,7,6.7,26,1,7,221,73.6,72.3,68.4,69.8,0,1,28,2,0.0,79.3,0.0,0,1,0,3,1,1,3.6,203,8.1
7,Joey Aguilar,174978,QB,TENNESSEE,1,75.0,24,25,13.0,2.77,0,2,7.7,64.0,16,0,8,11.1,27,2,12,307,71.0,90.7,89.0,73.2,0,0,28,1,0.0,105.6,0.0,0,2,0,1,1,1,3.6,221,8.8
7,Carlos Del Rio-Wilson,146687,QB,MARSHALL,1,79.2,24,24,9.8,2.46,0,1,3.7,70.8,17,0,8,10.5,26,2,9,214,74.8,78.5,70.3,74.2,0,0,29,0,0.0,126.9,0.0,0,2,0,0,2,1,3.4,219,9.1
7,Bryce Underwood,198795,QB,MICHIGAN,1,68.2,22,24,8.0,2.6,1,1,3.8,62.5,15,0,6,0.0,27,0,9,222,69.2,68.6,68.2,60.1,0,1,29,0,33.3,100.5,7.4,2,1,0,1,2,0,0.0,207,8.6
7,Mark Gronowski,138303,QB,IOWA,1,73.9,23,24,6.6,2.71,1,0,0.0,70.8,17,0,4,0.0,27,0,8,192,68.6,57.9,54.6,63.0,0,1,28,1,0.0,62.3,0.0,0,3,0,0,0,1,3.6,107,4.5
7,Haynes King,124329,QB,GA TECH,1,87.5,24,24,6.1,2.29,0,0,0.0,83.3,20,0,6,4.8,24,1,10,176,74.5,86.0,77.5,76.3,0,0,26,0,0.0,117.5,0.0,0,0,0,0,1,0,0.0,213,8.9
7,Nico Iamaleava,174728,QB,UCLA,1,82.6,23,24,7.5,2.63,0,1,4.0,66.7,16,0,4,15.8,28,3,7,324,69.2,65.9,63.4,64.2,0,0,29,0,50.0,128.5,7.1,2,2,0,1,3,0,0.0,180,7.5
7,Tommy Castellanos,158433,QB,FLORIDA ST,1,81.0,21,23,11.0,3.09,0,2,8.0,69.6,16,0,9,5.9,28,1,11,167,29.4,67.2,63.4,65.9,1,0,30,0,22.2,144.0,7.1,2,3,0,1,3,1,3.3,245,10.7
7,Brad Jackson,184354,QB,TEXAS ST,1,95.0,20,22,8.7,2.75,1,3,13.6,86.4,19,0,7,0.0,29,0,12,314,38.5,86.9,91.7,61.3,0,0,29,0,28.6,113.6,6.9,2,5,0,1,0,0,0.0,248,11.3
7,Kyron Drones,144506,QB,VA TECH,1,66.7,21,22,12.2,3.21,0,1,3.8,59.1,13,0,12,7.1,27,1,9,337,73.0,70.8,68.9,64.7,0,1,32,1,16.7,99.2,7.4,2,3,0,1,2,2,6.3,193,8.8
7,Kiael Kelly,145634,QB,BALL ST,1,66.7,21,21,8.7,3.04,0,0,0.0,57.1,12,0,14,14.3,29,2,4,117,32.2,65.2,72.3,50.1,0,0,30,0,35.7,63.6,17.2,5,3,0,0,0,0,0.0,70,3.3
7,Brendan Sorsby,156398,QB,CINCINNATI,1,65.0,20,21,10.5,2.43,0,2,8.7,57.1,12,0,5,7.7,22,1,7,138,29.4,63.9,66.3,56.6,0,0,24,0,0.0,119.3,0.0,0,1,0,1,2,0,0.0,191,9.1
7,Hunter Simmons,148254,QB,WISCONSIN,1,52.6,19,21,10.2,2.97,1,1,4.8,38.1,8,0,8,20.0,23,2,4,349,68.0,62.2,56.7,68.6,0,2,23,0,0.0,10.5,0.0,0,1,0,1,0,1,4.3,82,3.9
7,Owen McCown,157688,QB,UTSA,1,84.2,19,21,10.7,2.93,0,1,4.5,71.4,15,0,9,6.3,23,1,9,331,68.2,84.2,86.3,57.0,0,0,24,0,11.1,148.0,4.3,1,1,0,2,3,0,0.0,236,11.2
7,Evan Bullock,170452,QB,LA TECH,1,60.0,20,20,9.3,2.55,0,2,9.1,50.0,10,0,9,16.7,26,2,6,208,69.7,43.0,38.4,63.2,0,1,28,0,33.3,45.8,11.5,3,2,0,0,0,3,10.7,110,5.5
7,Drew Allar,164157,QB,PENN STATE,1,72.2,18,20,4.6,2.91,0,0,0.0,65.0,13,0,4,0.0,23,0,8,266,69.3,65.6,60.4,67.1,1,1,23,0,0.0,64.0,0.0,0,3,0,1,0,1,4.3,137,6.9
7,Hunter Watson,183993,QB,SM HOUSTON,1,66.7,18,19,7.2,2.52,0,2,9.5,63.2,12,0,13,0.0,27,0,7,281,30.5,69.5,71.9,59.0,1,0,29,0,46.2,122.1,22.2,6,1,0,0,3,0,0.0,127,6.7
7,Dylan Lonergan,172386,QB,BOSTON COL,1,88.2,17,19,5.5,2.53,1,0,0.0,63.2,12,0,9,20.0,24,3,7,121,26.3,57.1,59.1,53.8,1,0,26,0,33.3,80.4,12.5,3,2,0,0,0,1,3.8,117,6.2
7,Jackson Brousseau,173480,QB,COLO STATE,1,92.9,14,18,4.4,2.8,1,1,5.6,66.7,12,0,8,7.7,21,1,6,144,67.9,71.7,77.1,52.7,1,0,21,0,12.5,130.6,4.8,1,2,0,2,3,0,0.0,144,8.0
7,Alessio Milivojevic,183542,QB,MICH STATE,1,55.6,18,18,9.2,2.28,0,0,0.0,44.4,8,0,2,20.0,19,2,6,223,67.0,68.4,63.0,64.1,0,0,19,0,0.0,80.8,0.0,0,1,0,0,1,1,5.3,100,5.6
7,Dru DeShields,176094,QB,KENT STATE,1,70.6,17,18,14.8,2.88,0,2,10.0,55.6,10,0,7,16.7,20,2,7,201,26.2,54.8,62.2,42.8,0,0,22,1,14.3,122.2,5.0,1,1,0,1,4,2,9.1,148,8.2
7,Jayden Denegal,158533,QB,S DIEGO ST,1,100.0,15,17,6.3,2.84,2,1,5.6,82.4,14,0,5,6.7,18,1,9,284,69.1,90.2,85.9,72.9,0,0,19,0,20.0,157.1,5.6,1,0,0,0,2,1,5.3,209,12.3
7,Caden Creel,170414,QB,JVILLE ST,1,81.3,16,17,3.6,3.26,0,0,0.0,76.5,13,0,7,0.0,24,0,7,196,25.7,60.6,66.1,55.8,0,0,29,1,0.0,97.4,0.0,0,7,0,1,0,0,0.0,129,7.6
7,Blake Horvath,162555,QB,NAVY,1,40.0,15,17,15.6,3.1,0,0,0.0,35.3,6,0,6,0.0,20,0,6,237,40.5,59.6,45.7,69.1,1,0,22,0,0.0,85.7,0.0,0,3,0,1,1,0,0.0,141,8.3
7,Sam Jackson V,144682,QB,OKLA STATE,1,50.0,14,17,10.1,3.39,1,1,5.6,41.2,7,0,9,0.0,21,0,2,262,26.6,32.7,39.2,50.4,0,1,22,3,11.1,32.5,4.8,1,3,0,2,0,2,9.1,84,4.9
7,Aidan Chiles,173727,QB,MICH STATE,1,66.7,15,17,8.7,2.63,0,0,0.0,47.1,8,0,3,20.0,18,2,2,223,27.6,51.2,37.7,74.7,0,0,19,0,33.3,57.5,5.6,1,0,0,2,0,1,5.3,66,3.9
7,Jack Layne,158966,QB,NEW MEXICO,1,46.7,15,17,13.1,2.85,0,2,11.8,41.2,7,0,12,0.0,22,0,6,241,24.8,36.1,44.3,50.1,0,2,22,2,16.7,44.6,9.1,2,3,0,2,1,3,13.6,115,6.8
7,Liam Szarka,197814,QB,AIR FORCE,1,58.8,17,17,14.5,2.8,0,1,5.6,58.8,10,0,6,0.0,18,0,10,101,49.7,71.6,79.1,60.2,0,0,19,0,0.0,113.6,0.0,0,1,0,0,1,0,0.0,175,10.3
7,Skyler Locklear,164027,QB,UTEP,1,52.9,17,17,18.2,3.26,0,1,5.9,52.9,9,0,12,0.0,24,0,7,330,68.2,54.5,41.2,73.4,0,2,24,0,8.3,28.7,4.2,1,6,0,0,0,2,8.3,90,5.3
7,Will Hammond,184898,QB,TEXAS TECH,1,53.3,15,16,8.7,2.4,0,0,0.0,43.8,7,0,4,12.5,16,1,2,315,71.6,56.0,42.1,71.9,1,1,17,0,0.0,25.0,0.0,0,0,0,0,0,1,5.9,42,2.6
7,Lucian Anderson III,173364,QB,BOWL GREEN,1,66.7,15,16,8.3,2.61,0,0,0.0,56.3,9,0,2,10.0,17,1,5,122,72.5,54.2,50.7,59.9,0,1,20,1,0.0,86.5,0.0,0,1,0,1,2,0,0.0,92,5.8
7,Samari Collier,144801,QB,COAST CAR,1,46.2,13,15,11.5,2.74,0,0,0.0,33.3,5,0,5,16.7,18,1,3,141,29.1,53.7,34.4,73.6,1,0,18,0,20.0,64.6,5.6,1,2,0,1,1,1,5.6,37,2.5
7,Zach Wilcke,156836,QB,CHARLOTTE,1,72.7,11,14,7.1,2.44,1,0,0.0,57.1,8,0,7,0.0,16,0,2,136,69.5,54.9,55.4,56.9,0,0,16,0,28.6,62.2,12.5,2,0,0,2,0,1,6.3,42,3.0
7,Gabarri Johnson,175905,QB,OREGON ST,1,75.0,12,12,6.8,2.64,0,0,0.0,50.0,6,0,8,33.3,15,3,2,265,67.5,54.6,54.0,57.9,0,0,17,0,25.0,87.2,13.3,2,1,0,0,1,0,0.0,45,3.8
7,Grayson Loftis,170054,QB,CHARLOTTE,1,72.7,11,12,11.3,3.01,0,1,8.3,66.7,8,0,4,0.0,14,0,5,136,66.2,79.3,75.7,64.3,0,0,14,0,25.0,109.0,7.1,1,1,0,1,1,0,0.0,68,5.7
7,Devon Dampier,171556,QB,UTAH,1,66.7,12,12,11.9,3.24,0,0,0.0,58.3,7,0,3,12.5,13,1,4,328,72.1,81.7,53.9,90.1,0,0,15,0,0.0,86.8,0.0,0,1,0,0,0,1,6.7,104,8.7
7,Behren Morton,144747,QB,TEXAS TECH,1,80.0,10,12,4.9,2.78,1,0,0.0,58.3,7,0,1,12.5,13,1,4,315,67.0,46.4,46.8,57.5,0,0,13,0,100.0,110.1,7.7,1,0,0,1,1,1,7.7,91,7.6
7,James Laubstein,190465,QB,NEW MEXICO,1,90.9,11,11,5.5,2.67,0,0,0.0,72.7,8,0,2,20.0,12,2,4,241,68.5,87.0,80.0,72.4,0,0,12,0,0.0,118.4,0.0,0,1,0,0,1,0,0.0,67,6.1
7,Blake Baker,170448,QB,LA TECH,1,66.7,9,11,5.9,2.03,0,0,0.0,54.5,6,0,3,0.0,11,0,3,208,70.5,74.9,70.9,67.0,1,0,11,0,0.0,65.0,0.0,0,0,0,1,0,0,0.0,46,4.2
7,Shaker Reisig,199615,QB,BOSTON COL,1,33.3,9,10,8.1,3.11,1,0,0.0,30.0,3,0,8,0.0,15,0,2,121,26.3,30.7,27.7,66.0,0,1,15,0,25.0,0.0,13.3,2,3,0,0,0,1,6.7,19,1.9
7,Malachi Nelson,174203,QB,UTEP,1,60.0,10,10,12.6,2.41,0,1,10.0,40.0,4,0,6,33.3,13,2,1,330,66.0,45.0,45.9,57.8,0,0,13,0,33.3,47.9,15.4,2,1,0,0,0,1,7.7,21,2.1
7,Jacob Conover,70963,QB,UTAH ST,1,40.0,10,10,18.7,3.32,0,1,10.0,40.0,4,0,2,0.0,10,0,3,329,65.6,62.4,64.8,57.3,0,0,11,1,0.0,55.8,0.0,0,0,0,0,0,0,0.0,49,4.9
7,Xavier Ward,146492,QB,S JOSE ST,1,60.0,10,10,7.9,2.29,0,0,0.0,30.0,3,0,4,50.0,10,3,1,285,67.7,56.7,51.4,65.3,0,1,12,0,0.0,0.0,0.0,0,0,0,0,0,0,0.0,15,1.5
7,Tama Amisone,199154,QB,S JOSE ST,1,85.7,7,9,8.6,3.22,0,0,0.0,55.6,5,0,3,16.7,10,1,3,285,69.1,57.0,56.9,58.9,0,0,10,1,33.3,62.3,10.0,1,0,0,2,0,0,0.0,30,3.3
7,Cole Ballard,173062,QB,KANSAS,1,50.0,6,6,9.2,2.4,0,0,0.0,50.0,3,0,2,0.0,7,0,1,198,18.0,47.2,56.0,49.4,0,0,7,0,50.0,56.3,14.3,1,0,0,0,0,0,0.0,17,2.8
7,Patrick Crayton Jr.,204285,QB,RICE,1,75.0,4,6,-1.3,2.11,1,0,0.0,50.0,3,0,5,0.0,8,0,0,275,20.5,29.0,27.2,55.2,1,1,8,0,40.0,16.7,25.0,2,0,0,0,0,1,12.5,3,0.5
7,Noah Gillon,198101,QB,APP STATE,1,50.0,6,6,4.8,2.12,0,0,0.0,33.3,2,0,0,33.3,6,1,0,108,68.0,53.6,50.6,60.8,0,0,6,0,,42.4,0.0,0,0,0,0,0,0,0.0,2,0.3
7,Drew Devillier,190639,QB,RICE,1,80.0,5,6,9.6,2.79,1,0,0.0,50.0,3,0,1,25.0,7,1,1,275,17.8,47.1,63.0,42.6,0,0,8,0,0.0,56.9,0.0,0,1,0,0,0,0,0.0,19,3.2
7,Cale Hellums,170981,QB,ARMY,1,66.7,3,4,20.3,3.7,0,1,25.0,50.0,2,0,3,0.0,5,0,2,114,76.6,87.1,84.4,73.7,0,0,5,0,0.0,95.8,0.0,0,1,0,1,0,0,0.0,50,12.5
7,Lucas Scheerhorn,190304,QB,RICE,1,100.0,4,4,6.8,2.74,0,0,0.0,75.0,3,0,2,25.0,5,1,1,275,66.8,62.0,72.1,52.8,0,0,5,0,0.0,89.6,0.0,0,1,0,0,0,0,0.0,24,6.0
7,Brandon Tennison,174109,QB,UTSA,1,100.0,2,4,1.5,1.6,2,0,0.0,25.0,1,0,0,50.0,4,1,0,331,67.9,51.4,50.1,63.0,0,0,5,1,,39.6,0.0,0,0,0,0,0,0,0.0,10,2.5
7,Zeon Chriss-Gremillion,156733,QB,HOUSTON,1,75.0,4,4,3.8,2.1,0,0,0.0,75.0,3,0,0,0.0,4,0,1,182,67.9,53.0,29.8,75.5,0,0,5,0,,78.1,0.0,0,0,0,0,0,1,20.0,13,3.3
7,Tad Hudson,170107,QB,COAST CAR,1,66.7,3,3,-0.7,2.9,0,0,0.0,66.7,2,0,2,0.0,6,0,4,141,18.8,52.4,36.9,65.3,0,0,8,0,50.0,82.6,16.7,1,2,0,0,0,1,12.5,18,6.0
7,Christopher Vizzina,170032,QB,CLEMSON,1,33.3,3,3,6.3,2.47,0,0,0.0,33.3,1,0,1,0.0,3,0,0,140,68.8,41.7,28.2,63.3,0,1,3,0,0.0,2.8,0.0,0,0,0,0,0,2,66.7,-2,-0.7
7,Chase Jenkins,173242,QB,RICE,1,66.7,3,3,13.3,2.53,0,0,0.0,33.3,1,0,1,50.0,4,1,1,275,66.6,53.1,49.6,60.3,0,0,4,0,0.0,75.7,0.0,0,1,0,0,0,0,0.0,33,11.0
7,Trey Kukuk,198675,QB,LA TECH,1,50.0,2,3,11.0,2.93,1,0,0.0,33.3,1,0,2,0.0,3,0,1,208,66.4,57.0,66.2,53.4,0,1,3,0,0.0,5.6,0.0,0,0,0,0,0,0,0.0,11,3.7
7,Dewayne Coleman,163179,QB,ARMY,1,100.0,1,2,30.0,3.2,0,1,50.0,0.0,0,0,2,100.0,2,1,0,114,71.8,82.2,86.2,66.7,0,0,2,0,0.0,39.6,0.0,0,0,0,1,0,0,0.0,0,0.0
7,Brady Jones,200039,QB,W MICHIGAN,1,50.0,2,2,11.0,4.23,0,0,0.0,50.0,1,0,2,0.0,3,0,1,347,66.4,51.1,47.6,59.4,0,1,3,0,0.0,56.3,0.0,0,1,0,0,1,1,33.3,1,0.5
7,D.J. McKinney,175620,HB,NEW MEXICO,1,0.0,1,2,-7.0,4.1,0,0,0.0,0.0,0,0,2,,2,0,0,241,67.6,54.6,50.9,59.6,1,0,2,0,0.0,39.6,0.0,0,0,0,0,0,0,0.0,0,0.0
7,Noah Walters,164315,QB,OKLA STATE,1,50.0,2,2,12.5,2.05,0,0,0.0,50.0,1,0,0,0.0,2,0,1,262,62.7,67.0,66.4,,0,0,3,0,,135.4,0.0,0,0,0,0,1,0,0.0,33,16.5
7,Jadyn Davis,183683,QB,MICHIGAN,1,0.0,2,2,16.5,2.43,0,0,0.0,0.0,0,0,1,,3,0,0,222,9.4,24.8,25.0,,0,1,3,0,100.0,0.0,33.3,1,0,0,0,0,2,66.7,0,0.0
7,Hollywood Smothers,173719,HB,NC STATE,1,100.0,1,1,-5.0,2.5,0,0,0.0,100.0,1,0,0,0.0,1,0,0,248,74.8,61.2,60.4,57.9,0,0,1,0,,79.2,0.0,0,0,0,0,0,0,0.0,-4,-4.0
7,Micah Ford,188865,HB,STANFORD,1,0.0,1,1,17.0,2.5,0,0,0.0,0.0,0,0,0,,1,0,0,300,75.4,60.9,33.8,67.5,0,0,1,0,,39.6,0.0,0,0,0,0,0,1,100.0,0,0.0
7,Malachi Singleton,172426,QB,PURDUE,1,0.0,1,1,28.0,2.4,0,0,0.0,0.0,0,0,0,,1,0,0,273,69.7,71.1,50.8,71.2,0,0,1,0,,39.6,0.0,0,0,0,0,0,0,0.0,0,0.0
7,Lynel Billups-Williams,171271,WR,MIAMI OH,1,0.0,1,1,21.0,3.2,0,0,0.0,0.0,0,0,1,,1,0,0,221,71.4,57.7,58.4,,0,0,1,0,0.0,39.6,0.0,0,0,0,0,0,0,0.0,0,0.0
7,Dillon Bell,163734,WR,GEORGIA,1,0.0,1,1,13.0,3.8,0,0,0.0,0.0,0,0,0,,1,0,0,173,60.3,51.7,46.8,,0,0,1,0,,39.6,0.0,0,0,0,0,0,0,0.0,0,0.0
7,Shamar Rigby,190922,WR,OKLA STATE,1,100.0,1,1,25.0,3.3,0,0,0.0,100.0,1,0,0,0.0,1,0,1,262,62.4,59.6,76.6,,0,0,1,0,,158.3,0.0,0,0,0,0,1,0,0.0,63,63.0
7,Oscar Doyle,192649,P,BOISE ST,1,100.0,1,1,7.0,4.2,0,0,0.0,100.0,1,0,1,0.0,1,0,1,120,60.3,89.2,78.6,,0,0,1,0,0.0,147.9,0.0,0,0,0,0,1,0,0.0,10,10.0
7,Javonnie Gibson,193295,WR,OKLAHOMA,1,100.0,1,1,7.0,4.6,0,0,0.0,100.0,1,0,1,0.0,1,0,0,261,62.4,60.4,77.7,,0,0,1,1,0.0,100.0,0.0,0,0,0,0,0,0,0.0,8,8.0
7,Aidan Leffler,163088,QB,BALL ST,1,0.0,1,1,6.0,1.9,0,0,0.0,0.0,0,0,0,,1,0,0,117,60.3,45.8,46.1,,0,0,1,0,,39.6,0.0,0,0,0,0,0,0,0.0,0,0.0
7,Jeremy Hecklinski,183388,QB,IOWA,1,100.0,1,1,-3.0,1.4,0,0,0.0,100.0,1,0,0,0.0,1,0,0,192,60.3,61.5,61.0,,0,0,1,0,,79.2,0.0,0,0,0,0,0,0,0.0,2,2.0
7,Nolan Good,198637,QB,KENT STATE,1,100.0,1,1,-5.0,1.5,0,0,0.0,100.0,1,0,0,0.0,1,0,0,201,21.7,41.0,61.0,46.0,0,0,1,0,,83.3,0.0,0,0,0,0,0,0,0.0,4,4.0
7,Christian Neptune,206238,WR,USF,1,100.0,1,1,27.0,3.0,0,1,100.0,100.0,1,0,0,0.0,1,0,1,327,66.4,73.2,88.1,,0,0,1,0,,158.3,0.0,0,0,0,0,1,0,0.0,29,29.0
7,Easton Messer,163051,WR,FAU,1,100.0,1,1,34.0,2.9,0,1,100.0,100.0,1,0,1,0.0,1,0,1,165,73.2,71.4,87.3,63.4,0,0,1,0,0.0,158.3,0.0,0,0,0,0,1,0,0.0,48,48.0
7,Bert Emanuel Jr.,158581,QB,S DIEGO ST,1,,0,1,,3.75,0,0,0.0,0.0,0,0,2,,2,0,0,284,66.2,56.0,55.4,64.7,0,0,2,1,50.0,39.6,50.0,1,0,0,1,0,0,0.0,0,0.0
7,Brandon Rose,158503,QB,UMASS,1,0.0,1,1,14.0,3.0,0,0,0.0,0.0,0,0,1,,1,0,0,216,65.9,64.2,56.6,64.2,0,1,1,0,0.0,0.0,0.0,0,0,0,0,0,0,0.0,0,0.0
7,Gavin Freeman,158078,WR,OKLA STATE,1,0.0,1,1,-4.0,3.2,0,0,0.0,0.0,0,0,0,,1,0,0,262,68.5,68.5,56.8,,0,0,1,0,,39.6,0.0,0,0,0,0,0,0,0.0,0,0.0
7,Chris Jimerson Jr.,198991,QB,N TEXAS,1,0.0,1,1,9.0,5.8,0,0,0.0,0.0,0,0,2,,2,0,0,251,61.8,64.8,71.7,57.0,0,0,2,0,0.0,39.6,0.0,0,1,0,0,0,0,0.0,0,0.0
7,Jarris Williams,147249,HB,TROY,1,0.0,1,1,4.0,1.5,0,0,0.0,0.0,0,0,0,,1,0,0,318,69.7,60.5,55.6,66.4,0,0,1,0,,39.6,0.0,0,0,0,0,0,0,0.0,0,0.0
7,Hunter Herring,147138,QB,LA MONROE,1,0.0,1,1,21.0,3.7,0,0,0.0,0.0,0,0,0,,1,0,0,209,64.4,40.4,37.2,59.4,0,1,2,0,,0.0,0.0,0,0,0,0,0,1,50.0,0,0.0
7,Byrd Ficklin,199457,QB,UTAH,1,100.0,1,1,11.0,2.7,0,0,0.0,100.0,1,0,0,0.0,1,0,1,328,67.5,78.5,73.1,64.3,0,0,1,0,,118.8,0.0,0,0,0,0,0,0,0.0,32,32.0
7,Steele Pizzella,199501,QB,WAKE,1,0.0,1,1,26.0,2.0,0,0,0.0,0.0,0,0,0,,1,0,0,339,65.9,73.0,50.8,72.8,0,0,1,0,,39.6,0.0,0,0,0,0,0,0,0.0,0,0.0
7,Devin Mockobee,145111,HB,PURDUE,1,0.0,1,1,17.0,3.2,0,0,0.0,0.0,0,0,1,,1,0,0,273,77.2,65.3,33.8,74.6,0,1,1,0,0.0,0.0,0.0,0,0,0,0,0,1,100.0,0,0.0
7,Brendan Sullivan,145034,QB,TULANE,1,100.0,1,1,12.0,4.5,0,0,0.0,100.0,1,0,1,0.0,1,0,1,319,65.9,75.0,72.6,63.0,0,0,1,0,0.0,118.8,0.0,0,0,0,0,0,0,0.0,15,15.0
7,RJ Garcia II,144591,WR,BOWL GREEN,1,100.0,1,1,26.0,4.0,0,1,100.0,100.0,1,0,0,0.0,1,0,1,122,63.7,64.6,88.1,,0,0,1,0,,158.3,0.0,0,0,0,0,1,0,0.0,73,73.0
7,Jaden Bradley,144016,WR,UNLV,1,100.0,1,1,20.0,3.2,0,0,0.0,100.0,1,0,0,0.0,1,0,1,325,64.6,62.1,76.2,,0,0,1,1,,158.3,0.0,0,0,0,0,1,0,0.0,16,16.0
7,Da'Realyst Clark,198624,WR,KENT STATE,1,100.0,1,1,14.0,5.4,0,0,0.0,100.0,1,0,1,0.0,1,0,1,201,66.2,70.7,75.4,,0,0,1,0,0.0,118.8,0.0,0,0,0,0,0,0,0.0,27,27.0
7,Adrian Norton,176301,WR,MARSHALL,1,100.0,1,1,25.0,3.3,0,1,100.0,0.0,0,0,0,100.0,1,1,0,214,63.7,63.4,88.1,,0,0,1,1,,39.6,0.0,0,0,0,0,0,0,0.0,0,0.0
7,Bryson Graves,175806,WR,COAST CAR,1,100.0,1,1,27.0,4.1,0,0,0.0,100.0,1,0,0,0.0,1,0,0,141,72.5,60.8,76.2,,0,0,1,0,,118.8,0.0,0,0,0,0,0,0,0.0,40,40.0
7,JacQai Long,184703,QB,MARSHALL,1,100.0,1,1,-1.0,1.9,0,0,0.0,100.0,1,0,0,0.0,1,0,0,214,63.7,57.8,61.0,60.0,0,0,1,0,,79.2,0.0,0,0,0,0,0,0,0.0,3,3.0
7,Anthony Garcia,174863,WR,UTAH ST,1,100.0,1,1,16.0,3.4,0,0,0.0,100.0,1,0,0,0.0,1,0,1,329,60.3,56.8,72.6,,0,0,1,0,,158.3,0.0,0,0,0,0,1,0,0.0,30,30.0
7,Jake Stearney,171991,QB,COLGATE,1,61.9,42,46,8.8,2.27,1,2,4.3,54.3,25,0,17,3.8,50,1,12,142,25.3,57.2,55.5,62.6,1,1,51,0,23.5,82.0,8.0,4,0,0,2,2,1,2.0,322,7.0
7,James Murphy,177426,QB,BROWN,1,70.7,41,45,6.5,2.41,0,0,0.0,64.4,29,0,16,0.0,49,0,16,123,70.4,57.7,55.2,64.7,1,1,49,1,18.8,85.1,6.1,3,1,0,3,1,1,2.0,337,7.5
7,Braden Atkinson,201350,QB,MERCER,1,75.0,40,42,10.1,2.36,1,3,7.0,64.3,27,0,8,10.0,43,3,20,219,69.3,89.8,90.0,57.8,0,1,44,0,0.0,104.0,0.0,0,1,0,1,3,1,2.3,347,8.3
7,Keali'i Ah Yat,178141,QB,MONTANA,1,72.5,40,41,8.3,2.42,1,2,4.8,65.9,27,0,11,6.9,44,2,12,232,72.0,62.2,59.8,64.3,0,1,45,0,18.2,80.6,4.5,2,1,0,0,1,1,2.2,253,6.2
7,Liam O'Brien,164675,QB,PENN,1,81.1,37,40,11.9,3.01,0,1,2.4,65.0,26,0,11,13.3,45,4,15,267,71.0,90.7,90.4,67.8,0,0,47,0,18.2,107.8,4.4,2,3,0,3,2,0,0.0,335,8.4
7,Jim Ogle,192530,QB,MURRAY ST,1,66.7,36,39,9.2,2.36,0,4,10.0,59.0,23,0,13,4.2,41,1,18,236,72.2,80.6,78.2,70.2,2,1,42,0,0.0,79.3,0.0,0,2,0,1,1,2,4.8,283,7.3
7,Johnny Weber,192878,QB,SE MO ST,1,69.2,39,39,8.6,2.34,0,1,2.3,61.5,24,0,7,11.1,42,3,16,293,39.8,55.7,60.9,42.6,0,2,47,0,28.6,79.1,4.8,2,1,0,0,2,2,4.3,281,7.2
7,Chris Parson,172551,QB,AUSTINPEAY,1,76.5,34,38,11.0,3.71,0,5,12.8,57.9,22,0,20,15.4,47,4,15,116,73.6,82.9,80.1,69.9,1,1,48,0,10.0,79.2,4.3,2,7,1,2,1,2,4.2,283,7.4
7,Jordan Cooke,175116,QB,IDAHO ST,1,73.3,30,38,12.3,2.71,1,2,5.3,52.6,20,0,10,9.1,38,2,11,186,69.3,78.6,78.9,58.5,0,1,38,0,0.0,85.5,0.0,0,0,1,6,2,0,0.0,301,7.9
7,Colton Fitzgerald,145980,QB,W GEORGIA,1,59.4,32,37,8.8,2.46,1,2,5.3,51.4,19,0,6,0.0,39,0,11,1177,69.0,67.9,65.7,63.2,1,0,40,0,16.7,85.3,2.6,1,1,0,3,1,0,0.0,279,7.5
7,Jaden Craig,159342,QB,HARVARD,1,58.3,36,37,13.8,2.76,0,3,8.1,56.8,21,0,11,0.0,38,0,13,179,69.3,84.6,84.5,60.3,0,1,38,0,0.0,73.8,0.0,0,1,0,1,1,1,2.6,237,6.4
7,Cam'Ron Ransom,147110,QB,BETH COOK,1,82.9,35,37,8.1,2.4,0,1,2.5,73.0,27,0,7,6.9,39,2,16,119,70.8,73.4,71.0,70.6,0,0,42,1,14.3,109.5,2.6,1,1,0,2,2,0,0.0,254,6.9
7,Dean DeNobile,159740,QB,LAFAYETTE,1,79.4,34,35,14.1,2.26,1,2,5.7,74.3,26,0,6,3.7,36,1,14,203,69.2,83.7,85.8,57.5,0,0,36,0,16.7,141.2,2.8,1,0,0,0,5,0,0.0,316,9.0
7,Bronson Barben,188632,QB,UTAHTC,1,59.4,32,35,11.3,2.59,0,1,2.9,51.4,18,0,9,5.3,36,1,7,1285,69.2,70.1,66.8,69.4,3,0,36,0,0.0,75.2,0.0,0,1,0,0,1,1,2.8,174,5.0
7,Brady Olson,147415,QB,CENT CT ST,1,63.6,33,35,11.4,2.19,0,2,5.3,54.3,19,0,5,9.5,38,2,13,133,70.7,84.4,83.7,65.2,0,0,41,0,20.0,79.0,2.6,1,2,0,2,1,0,0.0,186,5.3
7,Trey Hedden,185848,QB,FURMAN,1,56.3,32,34,12.9,2.79,0,1,2.6,50.0,17,0,13,5.6,37,1,11,170,32.5,49.1,48.3,,1,3,42,0,23.1,41.8,8.1,3,0,0,1,1,4,9.5,204,6.0
7,Beau Brungard,164897,QB,YNGTOWN ST,1,66.7,30,34,12.6,2.98,1,3,8.8,52.9,18,0,11,10.0,41,2,12,353,73.1,62.5,61.2,61.4,0,0,41,1,9.1,98.8,2.4,1,6,0,3,2,3,7.3,269,7.9
7,Eric Gibson Jr.,168461,QB,N COLORADO,1,73.3,30,34,11.0,2.41,2,3,8.3,64.7,22,0,11,0.0,36,0,16,253,70.6,92.2,92.4,66.3,0,0,38,0,0.0,118.5,0.0,0,2,0,2,2,0,0.0,350,10.3
7,Reagan Andrew,161309,QB,BUTLER,1,66.7,30,34,8.3,2.43,2,0,0.0,58.8,20,0,7,0.0,36,0,11,127,77.7,68.6,65.9,64.8,0,0,37,0,14.3,75.2,2.8,1,1,1,1,0,0,0.0,197,5.8
7,Byron McNair,128017,QB,TENN STATE,1,57.1,28,34,9.5,2.9,2,1,2.7,44.1,15,0,15,6.3,38,1,6,308,35.9,50.3,53.3,49.3,1,0,42,0,13.3,60.3,5.3,2,2,0,3,0,0,0.0,175,5.1
7,J.T. Fayard,172783,QB,WOFFORD,1,78.8,33,34,10.8,2.55,0,4,11.4,67.6,23,0,9,11.5,35,3,11,350,34.0,74.9,84.7,37.2,0,1,36,0,0.0,96.4,0.0,0,1,0,1,2,2,5.6,250,7.4
7,Ty Dieffenbach,170114,QB,CAL POLY,1,56.3,32,33,10.3,2.3,0,2,5.6,45.5,15,0,6,16.7,36,3,7,129,42.9,28.2,28.9,47.0,0,4,40,0,16.7,38.9,2.8,1,2,0,1,1,3,7.5,225,6.8
7,Kevin White,178287,QB,NC A&T,1,59.4,32,33,11.0,3.06,0,3,7.9,54.5,18,0,18,5.3,41,1,10,246,23.8,50.1,49.3,57.2,1,1,47,0,22.2,70.0,9.8,4,4,0,0,1,4,8.5,198,6.0
7,Ron Peace,186224,QB,TXAMCO,1,80.8,26,33,7.3,2.29,1,1,3.0,60.6,20,0,11,4.8,37,1,12,1139,24.1,80.5,88.1,52.9,0,0,37,0,18.2,79.6,5.4,2,2,2,4,0,0,0.0,214,6.5
7,Jack Wagner,175111,QB,IDAHO,1,71.9,32,33,7.8,3.1,0,1,2.9,63.6,21,0,20,8.7,41,2,13,185,34.4,62.0,62.3,58.9,0,2,43,0,15.0,69.9,7.3,3,5,0,1,1,2,4.7,237,7.2
7,Eric Handley,185928,QB,ALAB A&M,1,78.8,33,33,6.3,2.46,0,1,2.9,75.8,25,0,5,3.8,39,1,15,104,32.5,48.1,59.4,35.7,0,1,40,0,0.0,105.1,0.0,0,6,0,0,2,2,5.0,256,7.8
7,Dante Reno,184498,QB,YALE,1,70.0,30,33,4.1,2.03,1,1,2.9,57.6,19,0,7,9.5,34,2,13,352,68.7,53.4,56.5,52.9,1,1,36,1,0.0,82.4,0.0,0,1,0,1,2,2,5.6,196,5.9
7,Coulter Cleland,165212,QB,DAVIDSON,1,71.9,32,33,8.2,2.32,0,0,0.0,66.7,22,0,11,4.3,37,1,14,149,69.7,79.1,83.2,54.6,0,1,37,0,0.0,97.0,0.0,0,4,0,1,2,0,0.0,252,7.6
7,Abram Johnston,192360,QB,NWSTATE,1,51.7,29,32,9.2,3.18,2,1,2.9,46.9,15,0,7,0.0,36,0,11,257,72.1,65.2,49.9,81.2,0,2,38,0,0.0,52.1,0.0,0,4,0,1,2,2,5.3,124,3.9
7,Chris Dietrich,190659,QB,BUCKNELL,1,64.5,31,32,9.3,2.85,1,5,15.6,59.4,19,0,13,5.0,37,1,10,125,68.8,78.1,77.5,62.1,0,1,38,0,23.1,88.5,8.1,3,2,0,0,2,1,2.6,224,7.0
7,Aiden McCown,178971,QB,LAMAR,1,76.7,30,32,9.2,3.42,0,1,2.7,71.9,23,0,13,0.0,42,0,14,204,38.8,70.4,75.8,53.0,0,0,47,0,15.4,109.1,4.8,2,8,0,2,1,1,2.1,282,8.8
7,Stone Earle,123504,QB,ABILENE CH,1,73.3,30,32,11.1,2.98,2,1,3.0,65.6,21,0,8,4.5,40,1,19,100,70.4,90.4,87.8,73.6,0,0,41,0,12.5,119.4,2.5,1,7,0,0,3,0,0.0,241,7.5
7,Matt Vezza,176960,QB,NEW HAMP,1,70.4,27,32,8.4,2.84,2,1,2.9,50.0,16,0,12,15.8,40,3,13,240,43.2,67.4,62.2,67.3,1,0,44,0,16.7,89.7,5.0,2,6,0,2,2,1,2.3,193,6.0
7,Chase Mason,159444,QB,S DAK ST,1,69.0,29,31,8.0,2.61,0,0,0.0,61.3,19,0,12,5.0,37,1,13,292,70.3,66.2,62.6,66.8,1,0,39,0,25.0,108.4,8.1,3,2,0,1,2,1,2.6,251,8.1
7,Pat McQuaide,145792,QB,VILLANOVA,1,75.9,29,31,10.1,2.43,0,2,6.1,71.0,22,0,7,0.0,32,0,11,334,69.1,71.2,74.0,52.2,0,0,34,1,0.0,117.4,0.0,0,1,0,2,2,0,0.0,258,8.3
7,Derek Robertson,142298,QB,MONMOUTH,1,83.9,31,31,6.7,2.19,0,1,3.2,83.9,26,0,3,0.0,33,0,15,231,69.0,86.6,88.2,57.0,0,0,33,0,0.0,121.8,0.0,0,1,0,0,2,0,0.0,250,8.1
7,Andrew Body,155202,QB,ALABAMA ST,1,71.4,28,30,9.8,3.55,0,3,10.0,66.7,20,0,16,0.0,39,0,17,105,71.1,76.9,70.4,72.0,2,1,39,0,12.5,103.3,5.1,2,7,0,0,1,2,5.1,349,11.6
7,Caden Pinnick,185116,QB,UC DAVIS,1,86.2,29,30,6.4,2.76,0,0,0.0,83.3,25,0,12,0.0,34,0,15,322,31.9,81.2,86.0,50.5,0,0,35,1,25.0,154.6,8.8,3,1,0,1,5,0,0.0,348,11.6
7,Cason Carswell,206621,QB,W ILLINOIS,1,75.0,28,30,11.3,2.9,2,2,5.9,70.0,21,0,9,0.0,33,0,14,345,69.3,73.4,71.8,64.9,0,0,37,0,22.2,128.9,6.1,2,1,0,0,2,0,0.0,333,11.1
7,Otto Kuhns,138014,QB,NORFOLK,1,66.7,27,30,8.5,2.92,0,1,3.2,56.7,17,0,14,5.6,34,1,5,244,69.2,56.4,60.4,51.4,0,1,36,0,7.1,81.1,2.9,1,3,0,3,2,1,2.8,169,5.6
7,DJ Williams,138061,QB,S ILLINOIS,1,67.9,28,29,8.6,2.29,0,2,5.7,51.7,15,0,11,21.1,35,4,10,295,24.9,76.2,66.3,78.0,0,1,41,0,36.4,57.8,11.4,4,2,0,1,0,2,4.9,188,6.5
7,Cooper Panteck,203080,QB,ROB MORRIS,1,53.6,28,29,10.9,2.52,0,2,6.9,51.7,15,0,10,0.0,32,0,9,277,30.7,47.1,52.6,43.6,0,2,32,0,20.0,46.0,6.3,2,1,0,1,0,2,6.3,206,7.1
7,Garrett Bass-Sulpizio,171137,QB,CORNELL,1,67.9,28,29,5.8,3.06,1,0,0.0,62.1,18,0,12,5.3,36,1,8,147,24.9,42.2,47.7,47.2,0,1,39,0,25.0,57.7,8.3,3,4,0,0,0,3,7.7,127,4.4
7,Walker Harris,150449,QB,NC CENT,1,81.5,27,28,9.0,2.53,0,0,0.0,75.0,21,0,5,4.5,29,1,15,247,70.6,87.4,86.4,70.3,0,1,29,1,20.0,114.9,3.4,1,0,0,1,2,1,3.4,278,9.9
7,Ty Pennington,185022,QB,N ARIZONA,1,76.0,25,28,9.6,3.26,0,3,10.3,64.3,18,0,17,5.3,36,1,10,252,25.1,67.8,63.0,68.1,0,0,37,0,29.4,104.0,13.9,5,3,0,3,1,1,2.7,245,8.8
7,Dijon Jennings,156891,QB,WEBER ST,1,69.2,26,28,8.9,2.77,1,1,3.1,57.1,16,0,7,11.1,34,2,9,342,69.4,60.9,62.2,55.1,1,0,39,0,28.6,85.0,5.9,2,4,0,0,1,1,2.6,157,5.6
7,Tyler Voss,157830,QB,SAN DIEGO,1,51.9,27,28,10.3,2.68,1,0,0.0,50.0,14,0,5,0.0,32,0,7,283,70.8,51.2,45.8,67.0,0,0,32,1,20.0,60.0,3.1,1,3,0,0,0,0,0.0,109,3.9
7,Jase Bauer,145714,QB,TENN MARTN,1,73.1,26,28,7.7,3.21,0,2,6.7,67.9,19,0,10,0.0,36,0,13,310,36.3,68.8,68.3,64.9,0,0,40,1,30.0,105.2,8.3,3,5,0,2,1,0,0.0,233,8.3
7,Andrew Indorf,201895,QB,TOWSON,1,84.0,25,27,10.6,2.58,0,2,6.3,74.1,20,0,10,4.8,32,1,12,317,15.6,76.1,75.6,62.9,0,0,37,0,20.0,132.3,6.3,2,2,0,2,2,3,8.1,284,10.5
7,Jaden Keefner,174907,QB,BRYANT,1,73.1,26,27,9.4,2.41,0,0,0.0,59.3,16,0,5,15.8,31,3,11,124,71.2,79.6,77.3,67.7,0,1,32,0,20.0,73.5,3.2,1,3,0,1,1,1,3.1,163,6.0
7,Carter Peevy,129563,QB,MAINE,1,64.0,25,26,15.6,2.9,0,4,14.8,50.0,13,0,1,18.8,26,3,7,212,71.8,79.5,80.8,62.3,0,1,27,1,0.0,54.0,0.0,0,0,0,1,0,1,3.7,164,6.3
7,Jett Peddy,200923,QB,FL A&M,1,54.2,24,26,7.9,2.23,2,1,3.7,42.3,11,0,7,15.4,30,2,6,164,68.8,52.8,53.3,56.9,0,3,31,0,42.9,22.4,10.0,3,1,0,0,0,1,3.2,154,5.9
7,Jerry Kaminski,177155,QB,N DAKOTA,1,77.3,22,26,9.8,2.71,2,1,3.4,61.5,16,0,7,5.9,29,1,9,249,72.0,71.1,72.5,59.5,0,0,32,0,28.6,115.5,6.9,2,1,0,2,3,0,0.0,148,5.7
7,Tommy Rittenhouse,148028,QB,ILL STATE,1,87.5,24,25,11.7,2.84,0,4,14.3,84.0,21,0,9,0.0,27,0,16,188,71.1,86.3,88.1,61.3,0,0,30,0,11.1,158.3,3.7,1,1,0,1,4,0,0.0,338,13.5
7,Taron Dickens,177946,QB,W CAROLINA,1,82.6,23,25,11.9,2.98,0,3,10.7,68.0,17,0,8,10.5,32,2,13,344,69.1,77.5,74.1,72.6,0,0,35,1,25.0,135.0,6.3,2,5,0,2,4,1,2.9,220,8.8
7,Aidan Bouman,122508,QB,S DAKOTA,1,73.9,23,25,8.8,2.6,0,0,0.0,64.0,16,0,10,5.9,30,1,12,291,69.3,76.9,73.8,66.9,0,0,31,0,40.0,86.4,13.3,4,1,0,2,0,0,0.0,186,7.4
7,Alex Gevaudan,186621,QB,MERCYHURST,1,54.2,24,25,9.3,2.67,0,0,0.0,52.0,13,0,5,0.0,25,0,6,977,67.8,58.4,57.6,,0,0,26,0,0.0,90.6,0.0,0,0,0,1,1,0,0.0,191,7.6
7,Tyler Riddell,102355,QB,DUQUESNE,1,52.2,23,24,13.5,2.12,0,1,4.2,50.0,12,0,5,0.0,25,0,7,155,67.7,59.9,59.3,,1,0,25,0,20.0,115.5,4.0,1,0,0,0,4,1,4.0,185,7.7
7,Myles Burkett,158691,QB,E KENTUCKY,1,82.6,23,24,7.3,2.66,0,1,4.0,75.0,18,0,9,5.3,32,1,9,159,34.0,65.3,61.4,65.1,1,0,34,0,33.3,95.0,9.4,3,5,0,0,0,1,2.9,175,7.3
7,Chase Spellman,185234,QB,DRAKE,1,72.7,22,24,4.4,2.77,0,0,0.0,66.7,16,0,11,0.0,32,0,8,153,32.1,45.4,43.8,56.5,1,0,34,1,27.3,85.6,9.4,3,4,1,0,0,2,5.9,161,6.7
7,Zolten Osborne,178620,QB,CHARLES SO,1,52.4,21,24,10.5,2.51,2,2,7.4,45.8,11,0,4,0.0,26,0,6,135,68.2,65.8,64.8,64.9,0,1,30,1,25.0,50.7,3.8,1,1,0,1,1,1,3.3,80,3.3
7,Kekoa Visperas,147588,QB,TENN TECH,1,72.7,22,23,9.2,2.42,1,1,4.2,56.5,13,0,6,18.8,26,3,10,309,72.2,81.7,72.8,76.8,0,2,27,0,16.7,51.9,3.8,1,2,0,0,1,1,3.7,135,5.9
7,Cole LaCrue,170324,QB,E ILLINOIS,1,57.1,21,23,11.3,2.75,0,1,4.3,47.8,11,0,13,8.3,29,1,5,158,72.2,82.1,63.7,89.7,2,0,29,0,46.2,59.1,20.7,6,0,0,0,0,1,3.4,95,4.1
7,Hayden Johnson,185698,QB,LEHIGH,1,78.3,23,23,12.1,2.29,0,2,8.0,73.9,17,0,5,5.6,23,1,9,205,72.6,89.8,86.9,71.6,0,0,25,0,0.0,121.6,0.0,0,0,0,0,1,0,0.0,240,10.4
7,Brock Riddle,185493,QB,INDIANA ST,1,71.4,21,23,5.4,2.4,1,1,4.3,56.5,13,0,10,13.3,25,2,6,191,68.3,77.5,80.9,53.7,1,0,25,0,10.0,101.0,4.0,1,1,0,0,2,2,8.0,126,5.5
7,Nate Hampton,147548,QB,GARD-WEBB,1,75.0,20,23,10.4,3.03,0,2,8.7,65.2,15,0,7,0.0,27,0,9,171,29.1,70.0,81.2,48.3,1,0,27,0,0.0,106.6,0.0,0,4,0,2,1,0,0.0,197,8.6
7,Caron Tyler,177813,QB,VALPO,1,68.2,22,23,6.9,2.58,1,0,0.0,60.9,14,0,6,6.7,30,1,8,332,70.7,51.0,47.3,60.8,0,1,30,0,50.0,51.7,10.0,3,4,0,0,0,1,3.3,94,4.1
7,Devin Farrell,157658,QB,RHODE ISLD,1,68.2,22,23,8.3,3.38,0,1,4.2,65.2,15,0,9,0.0,33,0,13,274,30.6,66.5,57.8,70.9,0,1,34,0,33.3,68.0,9.1,3,7,0,1,0,2,5.9,164,7.1
7,Ayden Pereira,159129,QB,MERRIMACK,1,76.2,21,23,6.5,2.39,0,0,0.0,65.2,15,0,5,6.3,25,1,8,385,74.8,71.5,69.3,70.6,1,2,27,0,0.0,59.7,0.0,0,0,0,1,1,0,0.0,138,6.0
7,Raymond Moore III,201451,QB,MORGAN ST,1,59.1,22,23,10.5,2.91,1,0,0.0,56.5,13,0,4,0.0,26,0,10,235,70.1,46.5,41.2,62.7,0,1,28,0,0.0,76.9,0.0,0,3,0,0,1,3,10.7,173,7.5
7,Destin Wade,163784,QB,N ALABAMA,1,42.9,21,23,14.8,3.23,0,0,0.0,30.4,7,0,11,22.2,30,2,7,389,69.9,57.5,55.7,61.3,0,0,33,0,18.2,57.5,6.7,2,5,0,2,1,0,0.0,86,3.7
7,Austin Myers,164221,QB,CENT ARK,1,61.9,21,22,16.9,2.58,1,2,8.3,50.0,11,0,6,15.4,24,2,8,132,68.4,65.0,63.2,62.0,0,0,26,0,16.7,127.3,4.2,1,1,0,0,3,1,3.8,232,10.5
7,Bryce Patterson,160569,QB,MOREHEAD,1,50.0,22,22,15.5,3.29,0,1,4.3,50.0,11,0,9,0.0,27,0,7,234,69.1,49.9,51.3,54.7,0,1,28,0,22.2,56.4,7.4,2,3,0,0,0,2,7.1,167,7.6
7,JaCobian Morgan,123050,QB,JACKSON ST,1,78.9,19,22,13.5,2.79,1,3,13.0,68.2,15,0,7,0.0,26,0,12,194,69.6,91.2,90.3,75.7,0,1,27,0,0.0,115.0,0.0,0,4,0,2,5,1,3.7,187,8.5
7,Will O'Dell,206486,QB,MARIST,1,81.0,21,22,8.4,2.93,1,2,6.9,63.6,14,0,11,17.6,30,3,7,213,32.8,65.3,59.6,70.3,0,0,37,0,9.1,77.5,3.3,1,6,0,0,0,0,0.0,118,5.4
7,Grayson Saunier,171185,QB,DARTMOUTH,1,75.0,20,22,10.0,3.06,1,0,0.0,68.2,15,0,6,0.0,30,0,12,148,71.2,68.5,65.4,64.8,0,0,33,0,33.3,88.8,6.7,2,6,0,1,0,1,3.0,158,7.2
7,Landen Clark,188534,QB,ELON,1,78.9,19,22,11.2,3.93,0,1,4.3,63.6,14,0,15,6.7,33,1,14,162,70.4,75.6,67.4,72.7,0,1,34,0,26.7,77.8,12.1,4,7,1,2,0,1,2.9,220,10.0
7,Kai Colon,167663,QB,PRINCETON,1,71.4,21,21,10.8,2.58,0,0,0.0,61.9,13,0,7,13.3,24,2,8,272,15.3,67.2,66.6,,0,0,24,0,42.9,110.0,12.5,3,0,0,0,2,2,8.3,124,5.9
7,Daniel Greek,126950,QB,TARLETON,1,66.7,21,21,15.3,2.73,0,1,4.5,61.9,13,0,3,7.1,22,1,8,401,69.9,85.7,87.8,65.1,0,1,24,0,0.0,67.4,0.0,0,1,0,0,0,1,4.2,169,8.0
7,Justin Lamson,144052,QB,MONTANA ST,1,90.0,20,21,6.0,3.05,0,0,0.0,81.0,17,0,12,5.6,29,1,14,233,71.9,76.8,71.2,70.1,1,0,31,0,33.3,142.8,13.8,4,4,0,0,4,0,0.0,184,8.8
7,William Atkins IV,148354,QB,SCAR STATE,1,55.0,20,21,13.2,2.35,0,1,4.3,47.6,10,0,7,9.1,21,1,5,290,39.3,68.4,70.6,57.1,1,0,23,0,0.0,93.6,0.0,0,0,0,0,2,0,0.0,101,4.8
7,AJ Duffy,156292,QB,NEWHVN,1,71.4,21,21,15.3,2.71,0,3,13.6,71.4,15,0,4,0.0,22,0,13,1013,68.8,89.9,87.0,69.2,0,0,23,0,25.0,153.3,4.5,1,0,0,0,4,1,4.3,354,16.9
7,Tyriq Starks,156514,QB,HOWARD,1,70.6,17,21,7.1,2.97,0,1,4.8,52.4,11,0,8,8.3,26,1,5,184,71.4,59.4,60.7,57.5,0,0,27,0,37.5,61.6,11.5,3,2,0,4,0,1,3.7,80,3.8
7,Bryce Schondelmyer,171537,QB,DAYTON,1,78.9,19,20,5.6,2.0,0,1,5.0,65.0,13,0,5,13.3,22,2,8,150,67.4,78.5,77.8,,1,0,22,0,0.0,133.8,0.0,0,0,0,0,3,0,0.0,182,9.1
7,Xander Menapace,171125,QB,COLUMBIA,1,52.6,19,20,13.2,3.06,0,2,10.0,50.0,10,0,13,0.0,28,0,6,145,69.1,50.8,42.4,71.2,0,2,28,0,38.5,55.2,17.9,5,3,0,1,1,2,7.1,165,8.3
7,Nick Whitfield Jr.,159490,QB,ST FRANCIS,1,61.1,18,20,3.6,2.2,1,0,0.0,55.0,11,0,8,0.0,23,0,1,299,67.5,38.4,38.8,57.0,0,1,23,1,25.0,39.6,8.7,2,1,0,1,0,1,4.3,57,2.9
7,Matthew Schecklman,159420,QB,N IOWA,1,60.0,20,20,8.9,2.6,0,0,0.0,60.0,12,0,10,0.0,25,0,5,255,70.1,45.0,41.5,60.7,0,2,27,0,20.0,38.5,8.0,2,3,0,0,0,2,7.4,125,6.3
7,KJ Cooper,197019,QB,TEXAS STHN,1,66.7,18,20,8.5,2.98,0,0,0.0,55.0,11,0,10,8.3,24,1,7,313,70.4,60.3,51.7,72.3,1,1,24,0,30.0,62.3,12.5,3,1,0,1,1,0,0.0,89,4.5
7,Jack Snyder,185417,QB,SACR HEART,1,61.1,18,19,10.0,2.79,0,0,0.0,57.9,11,0,4,0.0,23,0,7,280,36.0,54.4,61.8,50.5,0,0,23,0,25.0,100.1,4.3,1,3,0,1,1,0,0.0,147,7.7
7,Ashten Snelsire,159175,QB,RICHMOND,1,73.7,19,19,7.7,2.43,0,1,4.8,68.4,13,0,7,7.1,22,1,9,276,72.6,62.7,64.8,57.5,0,0,24,0,28.6,120.3,9.1,2,1,0,0,1,0,0.0,199,10.5
7,Ari Patu,146360,QB,N ALABAMA,1,66.7,18,19,9.0,2.33,0,0,0.0,63.2,12,0,4,0.0,21,0,7,389,26.6,43.7,45.9,51.3,0,2,21,0,25.0,57.0,4.8,1,1,0,1,1,3,14.3,111,5.8
7,Josh Brown,181411,QB,MS VLY ST,1,58.8,17,18,11.1,3.2,0,0,0.0,50.0,9,0,9,10.0,25,1,9,228,69.1,55.6,49.7,66.0,0,0,27,0,11.1,90.7,4.0,1,6,0,1,1,0,0.0,123,6.8
7,Braden Davis,158114,QB,HAMPTON,1,68.8,16,17,6.9,2.82,0,0,0.0,64.7,11,0,8,0.0,23,0,6,178,31.3,37.5,29.5,61.0,0,2,24,0,62.5,68.1,21.7,5,1,0,1,1,2,8.3,131,7.7
7,Chris Stephenson,178446,QB,STETSON,1,60.0,15,17,9.5,3.17,0,0,0.0,52.9,9,0,9,0.0,25,0,8,302,40.3,78.1,41.1,86.6,1,0,26,2,11.1,87.4,4.0,1,7,0,1,1,2,7.7,88,5.2
7,Jordan Barton,86281,QB,WAGNER,1,80.0,15,17,8.2,3.44,0,1,5.9,64.7,11,0,10,8.3,25,1,8,338,16.9,41.3,53.9,39.4,1,0,25,0,20.0,108.0,8.0,2,6,0,1,1,1,4.0,132,7.8
7,Collin Shannon,160918,QB,VA MILT IN,1,53.3,15,16,8.1,2.19,1,0,0.0,43.8,7,0,3,12.5,17,1,2,336,25.5,49.6,50.1,57.7,0,1,21,0,33.3,25.0,5.9,1,0,0,0,0,2,9.5,40,2.5
7,Collin Hurst,177732,QB,PRESBYTERN,1,75.0,16,16,6.3,2.32,0,0,0.0,75.0,12,0,2,0.0,18,0,9,271,68.3,63.6,61.1,62.6,0,0,18,0,50.0,149.7,5.6,1,1,0,0,2,1,5.6,175,10.9
7,Cole Payton,148154,QB,N DAK ST,1,87.5,16,16,10.8,3.37,0,3,18.8,81.3,13,0,4,7.1,21,1,12,250,69.2,95.6,93.7,86.5,0,0,21,0,25.0,139.6,4.8,1,4,0,0,1,0,0.0,243,15.2
7,Ashton Strother,208047,QB,SOUTHERN U,1,69.2,13,14,9.0,1.97,0,0,0.0,64.3,9,0,2,0.0,15,0,6,297,66.4,74.9,74.4,,0,0,15,0,50.0,109.5,6.7,1,0,1,0,1,0,0.0,101,7.2
7,Maddox Kopp,144251,QB,HOUCHR,1,50.0,12,14,13.2,2.81,1,1,7.1,42.9,6,0,3,0.0,18,0,4,183,68.2,63.6,57.7,67.4,0,0,18,0,33.3,83.3,5.6,1,3,0,1,1,0,0.0,73,5.2
7,Jake McNamara,157879,QB,E TENN ST,1,61.5,13,14,9.5,2.84,0,0,0.0,57.1,8,0,4,0.0,18,0,8,157,68.5,55.3,50.8,62.1,0,1,20,0,50.0,111.6,11.1,2,2,0,1,2,1,5.0,176,12.6
7,Jaylon Tolbert,154757,QB,ALCORN ST,1,100.0,13,14,5.4,2.05,1,0,0.0,85.7,12,0,3,7.7,15,1,6,107,12.6,52.9,62.1,43.8,0,0,15,0,33.3,150.3,6.7,1,0,0,0,2,1,6.7,148,10.6
7,Cam'Ron McCoy,157481,QB,SOUTHERN U,1,53.8,13,13,14.7,2.67,0,1,7.7,38.5,5,0,6,28.6,16,2,2,297,66.5,56.0,55.1,,0,0,16,0,50.0,92.1,18.8,3,0,0,0,1,1,6.3,101,7.8
7,Blaine Hipa,167662,QB,PRINCETON,1,45.5,11,13,14.6,3.59,0,1,7.1,38.5,5,0,6,0.0,16,0,3,272,23.8,45.2,47.9,51.9,1,0,18,0,33.3,55.6,12.5,2,1,0,1,0,1,5.6,67,5.2
7,Tysan Robbins,150846,QB,ARKAPB,1,69.2,13,13,12.0,2.28,0,0,0.0,69.2,9,0,2,0.0,15,0,6,112,66.4,54.3,52.0,61.8,0,1,15,0,0.0,96.3,0.0,0,2,0,0,1,1,6.7,134,10.3
7,Andy Peters,128138,QB,STTHOM,1,92.3,13,13,9.6,2.37,0,1,7.7,76.9,10,0,1,16.7,14,2,6,1129,70.0,90.4,92.0,61.4,0,0,14,0,0.0,143.9,0.0,0,1,0,0,1,0,0.0,190,14.6
7,Jake Wolfe,185211,QB,ROB MORRIS,1,81.8,11,12,12.5,2.98,0,3,23.1,75.0,9,0,4,0.0,13,0,6,277,67.1,80.0,80.9,60.4,1,0,14,0,0.0,138.5,0.0,0,1,0,0,1,1,7.1,133,11.1
7,Mike Chandler II,139371,QB,CAMPBELL,1,72.7,11,12,9.5,2.68,1,1,7.7,50.0,6,0,8,25.0,16,2,5,131,72.2,74.6,73.5,62.2,0,0,17,0,25.0,75.0,12.5,2,2,0,0,0,0,0.0,90,7.5
7,Davis Harsin,186187,QB,IDAHO ST,1,72.7,11,11,10.1,2.54,0,0,0.0,54.5,6,0,2,25.0,11,2,3,186,68.5,61.4,58.7,63.5,0,1,12,0,0.0,32.8,0.0,0,0,0,0,0,1,8.3,61,5.5
7,Ashton Frye,163951,QB,GRAMBLING,1,90.0,10,11,6.9,2.69,0,1,9.1,81.8,9,0,1,0.0,14,0,6,177,12.0,52.9,75.6,32.4,0,0,14,0,0.0,97.3,0.0,0,3,0,1,0,0,0.0,81,7.4
7,Jeff Hoenstine,171652,QB,ST FRANCIS,1,63.6,11,11,15.0,3.64,0,0,0.0,63.6,7,0,6,0.0,18,0,5,299,66.7,53.4,49.8,62.2,0,0,18,0,50.0,105.5,16.7,3,4,0,0,1,0,0.0,53,4.8
7,Chandler Wilson,177935,QB,VA MILT IN,1,14.3,7,10,8.6,2.32,3,0,0.0,10.0,1,0,4,0.0,13,0,0,336,66.4,45.2,46.0,57.3,0,0,15,0,50.0,39.6,15.4,2,1,0,0,0,1,6.7,4,0.4
7,Jacolby Criswell,122830,QB,E TENN ST,1,60.0,10,10,9.9,2.21,0,0,0.0,60.0,6,0,1,0.0,10,0,1,157,67.6,55.5,52.5,62.8,0,0,11,0,0.0,67.1,0.0,0,0,0,0,0,0,0.0,36,3.6
7,Jake Weir,146840,QB,HOUCHR,1,88.9,9,9,7.9,2.94,0,1,9.1,77.8,7,0,6,12.5,11,1,3,183,66.0,79.0,75.6,64.0,0,0,13,0,16.7,87.0,9.1,1,1,0,0,0,1,7.7,44,4.9
7,Ryan Stubblefield,123838,QB,SCAR STATE,1,66.7,9,9,9.6,2.57,0,1,11.1,55.6,5,0,1,16.7,12,1,2,290,65.8,29.9,41.8,49.8,0,1,12,2,0.0,38.4,0.0,0,3,0,0,0,1,8.3,64,7.1
7,Lek Powell,187417,QB,CHARLES SO,1,55.6,9,9,9.2,3.56,0,1,11.1,33.3,3,0,7,40.0,15,2,3,135,66.4,61.1,73.7,47.3,0,0,15,0,28.6,58.1,13.3,2,4,0,0,0,0,0.0,61,6.8
7,Cardell Williams,156190,QB,SACRAMENTO,1,66.7,9,9,4.9,2.61,0,0,0.0,55.6,5,0,2,16.7,10,1,2,279,73.4,75.5,55.3,75.6,0,0,10,0,0.0,72.9,0.0,0,1,0,0,0,0,0.0,53,5.9
7,Kaiden Bennett,147778,QB,DELWARE ST,1,87.5,8,8,14.0,2.08,0,2,25.0,75.0,6,0,0,14.3,8,1,3,152,21.3,84.4,92.1,54.5,0,0,8,0,,113.0,0.0,0,0,0,0,0,0,0.0,93,11.6
7,James McCauley,159246,QB,COLUMBIA,1,33.3,6,7,12.8,2.6,0,0,0.0,28.6,2,0,2,0.0,7,0,2,145,64.6,58.8,58.6,,0,0,7,0,0.0,41.4,0.0,0,0,0,1,0,0,0.0,24,3.4
7,Connor Wolf,191443,QB,E ILLINOIS,1,28.6,7,7,10.0,2.76,0,0,0.0,28.6,2,0,4,0.0,9,0,1,158,67.4,43.8,36.8,64.3,0,0,9,0,50.0,39.6,22.2,2,0,0,0,0,1,11.1,13,1.9
7,Jack Stevens,185814,QB,WAGNER,1,28.6,7,7,21.6,3.19,0,2,28.6,28.6,2,0,4,0.0,11,0,3,338,65.6,59.8,58.0,61.8,0,0,11,0,50.0,62.8,18.2,2,2,0,0,0,0,0.0,60,8.6
7,Aidan Dunne,148181,WR,N IOWA,1,60.0,5,6,7.8,2.6,0,0,0.0,33.3,2,0,3,33.3,6,1,1,255,64.2,36.9,33.3,,0,1,6,0,0.0,2.8,0.0,0,0,0,1,0,1,16.7,18,3.0
7,Ryan Jackson,192201,QB,STTHOM,1,83.3,6,6,7.5,2.28,0,0,0.0,83.3,5,0,1,0.0,6,0,1,1129,68.0,70.1,69.3,62.1,0,0,6,0,0.0,133.3,0.0,0,0,0,0,1,0,0.0,39,6.5
7,Caleb McCreary,190693,QB,TENN STATE,1,50.0,6,6,19.5,3.6,0,1,16.7,50.0,3,0,7,0.0,9,0,2,308,66.3,76.2,78.0,59.2,0,1,9,0,42.9,38.9,33.3,3,0,0,0,0,0,0.0,50,8.3
7,Cobey Thompkins,192469,QB,CITADEL,1,50.0,6,6,11.2,2.92,0,0,0.0,33.3,2,0,1,33.3,9,1,3,139,69.1,41.5,25.2,70.6,0,1,9,0,0.0,18.1,0.0,0,3,0,0,0,2,22.2,40,6.7
7,Kamden Sixkiller,133096,QB,CAMPBELL,1,66.7,6,6,6.0,2.2,0,0,0.0,66.7,4,0,4,0.0,7,0,2,131,65.9,72.4,64.8,68.6,0,0,7,0,0.0,93.8,0.0,0,1,0,0,0,0,0.0,52,8.7
7,Rowan Keefe,165386,QB,VALPO,1,83.3,6,6,6.2,2.88,0,1,11.1,83.3,5,0,3,0.0,8,0,4,332,20.5,35.7,50.4,37.6,0,1,12,0,33.3,118.8,12.5,1,1,0,0,1,1,8.3,113,18.8
7,Bo Kelly,158923,QB,CAL POLY,1,40.0,5,6,9.4,2.12,0,0,0.0,16.7,1,0,2,50.0,6,1,0,129,64.2,49.2,49.3,,0,0,6,0,0.0,39.6,0.0,0,0,0,1,0,0,0.0,0,0.0
7,Carter Cravens,150714,QB,MOREHEAD,1,50.0,4,6,8.3,2.53,0,0,0.0,33.3,2,0,3,0.0,8,0,2,234,66.2,37.5,34.8,55.9,1,1,8,0,0.0,2.8,0.0,0,2,0,1,0,1,12.5,16,2.7
7,Javion Martin,189270,QB,NC CENT,1,25.0,4,5,13.8,3.38,0,0,0.0,20.0,1,0,3,0.0,5,0,1,247,67.9,53.9,43.4,71.7,0,0,5,1,0.0,39.6,0.0,0,0,0,1,0,0,0.0,12,2.4
7,Reggie Graff,165710,QB,UTAHTC,1,80.0,5,5,5.4,2.68,0,0,0.0,80.0,4,0,3,0.0,8,0,5,1285,71.6,81.8,67.4,74.8,0,0,8,0,33.3,105.0,12.5,1,2,0,0,0,0,0.0,46,9.2
7,Nana Utsey,210103,QB,VA MILT IN,1,75.0,4,4,4.8,2.52,0,0,0.0,75.0,3,0,2,0.0,6,0,1,336,67.0,46.6,52.3,53.1,0,0,6,0,50.0,89.6,16.7,1,1,0,0,0,0,0.0,24,6.0
7,Jayden Sauray,162802,QB,DELWARE ST,1,100.0,4,4,5.0,2.24,0,0,0.0,100.0,4,0,0,0.0,5,0,3,152,64.6,95.1,89.0,78.5,0,0,7,0,,158.3,0.0,0,1,0,0,1,0,0.0,60,15.0
7,Amari Powell,165320,QB,STTHOM,1,75.0,4,4,19.0,2.48,0,2,40.0,75.0,3,0,1,0.0,4,0,3,1129,65.5,84.9,89.8,58.7,0,0,5,0,0.0,156.3,0.0,0,0,0,0,1,0,0.0,148,37.0
7,C'zavian Teasett,178078,QB,GRAMBLING,1,100.0,4,4,9.8,2.7,0,1,25.0,100.0,4,0,0,0.0,4,0,3,177,63.3,92.3,92.3,,0,0,4,0,,118.8,0.0,0,0,0,0,0,0,0.0,62,15.5
7,Logan Kushner,188797,QB,DUQUESNE,1,100.0,4,4,4.5,3.28,0,0,0.0,100.0,4,0,2,0.0,6,0,3,155,65.7,63.3,68.4,56.6,0,0,6,0,0.0,151.0,0.0,0,2,0,0,1,0,0.0,43,10.8
7,Quentin Hayes,186423,QB,CITADEL,1,33.3,3,3,5.7,2.3,0,0,0.0,33.3,1,0,1,0.0,5,0,0,139,68.9,52.6,27.7,68.2,0,0,5,0,100.0,42.4,20.0,1,1,0,0,0,1,20.0,4,1.3
7,Raeden Oliver,162912,QB,MORGAN ST,1,66.7,3,3,2.3,1.97,0,0,0.0,66.7,2,0,1,0.0,3,0,1,235,62.7,59.1,56.8,,0,0,3,0,0.0,79.9,0.0,0,0,0,0,0,0,0.0,16,5.3
7,Nathan Hayes,162204,QB,N DAK ST,1,100.0,3,3,11.3,2.43,0,0,0.0,100.0,3,0,0,0.0,3,0,3,250,66.4,76.8,76.9,60.1,0,0,3,0,,112.5,0.0,0,0,0,0,0,0,0.0,33,11.0
7,Carson Jones,159807,QB,FURMAN,1,33.3,3,3,15.3,2.87,0,0,0.0,33.3,1,0,1,0.0,3,0,1,170,62.7,54.4,53.6,,0,0,3,0,0.0,45.1,0.0,0,0,0,0,0,0,0.0,11,3.7
7,Casey Bullock,185958,QB,DAVIDSON,1,100.0,1,3,10.0,2.8,0,0,0.0,33.3,1,0,2,0.0,4,0,1,149,13.0,28.7,41.9,49.4,0,0,4,1,50.0,64.6,25.0,1,0,0,2,0,0,0.0,25,8.3
7,Timmy McClain,144488,QB,BETH COOK,1,100.0,3,3,1.7,2.8,0,0,0.0,100.0,3,0,1,0.0,3,0,3,119,70.4,72.1,63.8,67.0,0,0,3,0,0.0,90.3,0.0,0,0,0,0,0,0,0.0,17,5.7
7,Andre Washington,165436,QB,ALCORN ST,1,100.0,2,3,17.5,3.2,0,0,0.0,33.3,1,0,2,50.0,3,1,0,107,64.8,63.1,57.2,62.9,0,0,3,0,0.0,42.4,0.0,0,0,0,1,0,0,0.0,0,0.0
7,Jake Triptree,193097,QB,NEWHVN,1,100.0,2,2,-0.5,2.3,0,0,0.0,100.0,2,0,0,0.0,3,0,1,1013,66.4,59.9,62.6,56.8,0,0,3,0,,118.8,0.0,0,1,0,0,1,0,0.0,6,3.0
7,Landon Holcomb,193304,QB,ARKAPB,1,100.0,2,2,9.5,1.8,0,0,0.0,100.0,2,0,0,0.0,2,0,1,112,61.8,74.8,74.3,,0,0,2,0,,116.7,0.0,0,0,0,0,0,0,0.0,24,12.0
7,DJ Stevenson,197564,QB,ARKAPB,1,100.0,2,2,20.0,2.3,0,1,33.3,100.0,2,0,1,0.0,2,0,2,112,67.7,91.4,91.6,64.7,0,0,3,0,0.0,158.3,0.0,0,0,0,0,1,0,0.0,66,33.0
7,James Paige,178466,HB,TARLETON,1,50.0,2,2,17.5,2.45,0,0,0.0,50.0,1,0,1,0.0,2,0,1,401,79.1,77.0,64.7,74.7,0,0,2,0,0.0,95.8,0.0,0,0,0,0,1,0,0.0,4,2.0
7,Logan Inagawa,206029,QB,DRAKE,1,0.0,1,2,9.0,3.85,1,0,0.0,0.0,0,0,0,,2,0,0,153,66.2,36.3,26.1,68.6,0,0,2,0,,39.6,0.0,0,0,0,0,0,1,50.0,0,0.0
7,Garrison Davis,206352,QB,ARKAPB,1,100.0,2,2,-3.5,1.05,0,0,0.0,50.0,1,0,0,50.0,2,1,0,112,68.7,74.5,62.7,68.6,0,0,2,0,,62.5,0.0,0,0,0,0,0,0,0.0,9,4.5
7,Achilles Ringo,200469,QB,ALCORN ST,1,50.0,2,2,18.5,2.4,0,0,0.0,50.0,1,0,0,0.0,2,0,0,107,64.4,67.4,75.6,60.0,0,0,2,1,,64.6,0.0,0,0,0,0,0,0,0.0,10,5.0
7,Luke Marble,188423,QB,S DAK ST,1,50.0,2,2,4.5,2.15,0,0,0.0,50.0,1,0,0,0.0,2,0,0,292,61.8,39.3,48.9,,0,0,2,1,,66.7,0.0,0,0,0,0,0,0,0.0,11,5.5
7,Patrick Grusser,197638,QB,MARIST,1,50.0,2,2,8.5,4.45,0,0,0.0,50.0,1,0,3,0.0,4,0,0,213,66.8,44.4,37.5,59.9,0,0,5,0,33.3,56.3,25.0,1,1,0,0,0,1,20.0,5,2.5
7,Julian Calvez,167101,QB,TENN MARTN,1,100.0,1,2,10.0,5.8,0,0,0.0,50.0,1,0,2,0.0,2,0,0,310,61.8,56.2,56.2,,0,0,2,1,0.0,64.6,0.0,0,0,0,1,0,0,0.0,10,5.0
7,Christian Peters,154331,QB,ARKAPB,1,100.0,2,2,21.5,2.35,0,1,33.3,100.0,2,0,0,0.0,2,0,1,112,62.7,76.6,76.1,,0,0,3,0,,158.3,0.0,0,0,0,0,1,0,0.0,40,20.0
7,Drew VanVleet,177653,QB,DAYTON,1,50.0,2,2,6.0,3.63,0,0,0.0,50.0,1,0,3,0.0,3,0,0,150,64.8,46.2,45.9,58.6,0,0,3,0,33.3,60.4,33.3,1,0,0,0,0,0,0.0,8,4.0
7,Bryson Dickerson,160006,TE,W GEORGIA,1,0.0,1,1,24.0,3.3,0,0,0.0,0.0,0,0,0,,1,0,0,1177,65.9,63.7,37.5,,0,1,1,0,,0.0,0.0,0,0,0,0,0,1,100.0,0,0.0
7,Jaxon Fresques,201631,WR,SACRAMENTO,1,100.0,1,1,10.0,4.7,0,0,0.0,100.0,1,0,1,0.0,1,0,1,279,68.1,71.6,73.1,,0,0,1,0,0.0,108.3,0.0,0,0,0,0,0,0,0.0,10,10.0
7,Devaughn Slaughter,201871,WR,TENN STATE,1,0.0,1,1,23.0,3.5,0,0,0.0,0.0,0,0,0,,1,0,0,308,68.7,56.6,37.9,59.5,0,1,1,0,,0.0,0.0,0,0,0,0,0,1,100.0,0,0.0
7,Jaxon Dailey,156650,QB,N IOWA,1,0.0,1,1,35.0,2.9,0,0,0.0,0.0,0,0,0,,1,0,0,255,68.7,66.0,49.3,69.7,0,1,2,0,,0.0,0.0,0,0,0,0,0,0,0.0,0,0.0
7,Brady Young,144242,P,HOUCHR,1,0.0,1,1,17.0,2.9,0,0,0.0,0.0,0,0,0,,1,0,0,183,60.3,53.0,49.6,,0,0,1,0,,39.6,0.0,0,0,0,0,0,0,0.0,0,0.0
7,Amyne Darensburg,209698,QB,GRAMBLING,1,0.0,1,1,26.0,4.07,0,0,0.0,0.0,0,0,3,,3,0,0,177,67.7,32.4,28.0,56.6,0,1,3,0,0.0,0.0,0.0,0,2,0,0,0,1,33.3,0,0.0
7,Norman Taylor,206398,HB,MS VLY ST,1,0.0,1,1,15.0,2.9,0,0,0.0,0.0,0,0,0,,1,0,0,228,73.9,63.7,56.6,65.6,0,0,1,0,,39.6,0.0,0,0,0,0,0,0,0.0,0,0.0
7,Jason Penza,185670,QB,LAFAYETTE,1,100.0,1,1,4.0,1.5,0,0,0.0,100.0,1,0,0,0.0,1,0,1,203,71.2,63.1,60.6,61.4,0,0,1,0,,91.7,0.0,0,0,0,0,0,0,0.0,6,6.0
7,Winston Watkins,185303,QB,TOWSON,1,100.0,1,1,7.0,1.3,0,0,0.0,100.0,1,0,0,0.0,1,0,1,317,17.2,52.7,56.6,56.4,0,0,1,0,,118.8,0.0,0,0,0,0,1,0,0.0,1,1.0
7,Aveon Smith,130529,QB,MERRIMACK,1,100.0,1,1,12.0,3.5,0,0,0.0,0.0,0,0,0,100.0,1,1,0,385,3.1,34.1,74.3,33.8,0,0,1,0,,39.6,0.0,0,0,0,0,0,0,0.0,0,0.0
7,Jared Echols,185142,QB,CHARLES SO,1,100.0,1,1,4.0,2.95,0,0,0.0,100.0,1,0,1,0.0,2,0,0,135,61.8,59.0,58.9,,0,0,2,0,100.0,87.5,50.0,1,0,0,0,0,0,0.0,5,5.0
7,JD Davis II,184136,QB,ALAB A&M,1,100.0,1,1,-6.0,0.6,0,0,0.0,100.0,1,0,0,0.0,1,0,1,104,63.7,57.5,60.6,58.0,0,0,1,0,,95.8,0.0,0,0,0,0,0,0,0.0,7,7.0
7,Yosei Takahashi,182306,WR,SAN DIEGO,1,100.0,1,1,18.0,3.7,0,0,0.0,100.0,1,0,0,0.0,1,0,1,283,69.6,73.0,74.3,,0,0,1,0,,158.3,0.0,0,0,0,0,1,0,0.0,73,73.0
7,Lathan Boone,191494,QB,N ARIZONA,1,,0,1,,2.75,1,0,0.0,0.0,0,0,1,,2,0,0,252,12.5,36.1,47.8,51.7,0,0,2,0,100.0,39.6,50.0,1,0,0,0,0,0,0.0,0,0.0
7,Bryce Goulet,191623,WR,MERRIMACK,1,0.0,1,1,33.0,1.3,0,0,0.0,0.0,0,0,0,,1,0,0,385,60.3,47.9,50.1,,0,0,1,0,,39.6,0.0,0,0,0,0,0,0,0.0,0,0.0
7,Matt Machalik,192072,QB,LEHIGH,1,100.0,1,1,2.0,3.3,0,0,0.0,100.0,1,0,0,0.0,2,0,1,205,71.8,68.0,61.0,64.6,0,0,2,0,,83.3,0.0,0,1,0,0,0,0,0.0,4,4.0
7,Joshua Jones,177098,QB,NC CENT,1,100.0,1,1,1.0,2.1,0,0,0.0,100.0,1,0,0,0.0,1,0,0,247,63.7,57.2,61.0,58.2,0,0,1,0,,79.2,0.0,0,0,0,0,0,0,0.0,1,1.0
7,Brayden Munroe,176815,WR,N COLORADO,1,0.0,1,1,4.0,3.0,0,0,0.0,0.0,0,0,0,,1,0,0,253,66.4,77.2,56.8,,0,0,1,0,,39.6,0.0,0,0,0,0,0,0,0.0,0,0.0
7,Andrew Civey,171795,TE,SE MO ST,1,100.0,1,1,-5.0,0.8,0,0,0.0,100.0,1,0,0,0.0,1,0,1,293,62.4,44.2,60.6,,0,0,1,2,,118.8,0.0,0,0,0,0,0,0,0.0,35,35.0
7,Baxter Wright,192540,QB,MURRAY ST,1,100.0,1,1,4.0,3.35,0,0,0.0,100.0,1,0,2,0.0,2,0,1,236,64.4,65.4,58.9,63.4,0,0,2,0,50.0,108.3,50.0,1,0,0,0,0,0,0.0,10,10.0
7,Mikal Davis,192780,QB,DELWARE ST,1,100.0,1,1,38.0,2.4,0,1,100.0,100.0,1,0,0,0.0,1,0,1,152,63.7,90.2,87.4,63.0,0,0,1,0,,158.3,0.0,0,0,0,0,1,0,0.0,35,35.0
7,Jeremy Decaro,193001,WR,MARIST,1,100.0,1,1,34.0,3.8,0,0,0.0,100.0,1,0,0,0.0,1,0,1,213,65.3,59.0,75.7,,0,0,1,0,,158.3,0.0,0,0,0,0,1,0,0.0,29,29.0
7,Mekhi Norris,196453,WR,MS VLY ST,1,100.0,1,1,23.0,3.4,0,0,0.0,100.0,1,0,0,0.0,1,0,1,228,64.6,67.0,76.2,,0,0,1,0,,118.8,0.0,0,0,0,0,0,0,0.0,50,50.0
7,Jackson Byrd,200791,QB,E TENN ST,1,100.0,1,1,11.0,2.0,0,0,0.0,100.0,1,0,0,0.0,1,0,1,157,65.9,87.9,73.1,70.9,0,0,1,0,,118.8,0.0,0,0,0,0,0,0,0.0,13,13.0
7,Mason Stallons,201264,K,LAMAR,1,0.0,1,1,10.0,2.4,0,0,0.0,0.0,0,0,0,,1,0,0,204,60.3,51.7,55.0,,0,0,1,0,,39.6,0.0,0,0,0,0,0,0,0.0,0,0.0
7,Robert Brazziel,212065,QB,LINCOK,1,56.7,30,32,6.0,2.54,0,1,2.9,46.9,15,0,18,11.8,40,2,5,1452,70.9,50.8,52.3,58.2,0,0,43,2,38.9,56.3,17.5,7,1,0,2,0,1,2.3,116,3.6
7,Max Zavala,210343,QB,VA LYNCHBU,1,64.0,25,29,6.6,2.74,1,0,0.0,51.7,15,0,14,6.3,34,1,9,406,68.5,61.4,61.8,57.6,0,1,35,0,14.3,63.6,5.9,2,3,0,3,1,1,2.9,148,5.1
7,John Giller,211177,QB,SOCTOW,1,72.7,22,25,10.7,2.63,2,1,3.8,64.0,16,0,13,0.0,37,0,10,1107,71.0,56.5,51.3,65.0,1,1,38,0,53.8,106.1,18.9,7,4,0,0,2,2,5.3,244,9.8
7,Allen Rainey,212319,QB,WCU,1,56.3,16,17,12.4,2.99,0,0,0.0,52.9,9,0,15,0.0,20,0,5,1535,70.1,55.7,51.7,62.0,0,2,27,0,13.3,43.6,10.0,2,1,0,1,1,2,10.0,71,4.2
7,Dylan Jackson,212187,QB,WCST,1,58.3,12,15,12.5,2.93,0,0,0.0,40.0,6,0,9,14.3,18,1,3,1537,22.9,51.3,50.6,,2,1,18,0,33.3,24.6,16.7,3,0,0,1,0,1,5.6,61,4.1
7,Will Anglen,131670,QB,LINCOK,1,50.0,10,10,6.4,2.37,0,1,10.0,40.0,4,0,6,20.0,11,1,2,1452,67.6,58.8,68.6,55.0,0,0,11,1,0.0,68.8,0.0,0,1,0,0,0,1,9.1,80,8.0
7,Matthew Xiques,212256,QB,WCST,1,28.6,7,7,13.3,3.15,0,0,0.0,28.6,2,0,3,0.0,10,0,1,1537,65.4,45.3,51.5,57.0,0,1,10,1,66.7,11.9,20.0,2,1,0,0,0,0,0.0,41,5.9
7,Joqwan West,212350,WR,WCU,1,25.0,4,4,13.5,4.07,0,0,0.0,0.0,0,0,5,100.0,7,1,0,1535,22.4,58.7,25.7,47.5,0,2,7,0,0.0,0.0,0.0,0,3,0,0,0,2,28.6,0,0.0
7,Jabari Ruise,210348,QB,VA LYNCHBU,1,0.0,1,3,32.0,4.36,1,1,33.3,0.0,0,0,3,,5,0,1,406,63.8,77.9,78.5,62.0,0,0,6,0,0.0,39.6,0.0,0,2,0,1,0,0,0.0,0,0.0
7,Brandon Jorgensen,164612,QB,SOCTOW,1,100.0,1,1,-3.0,3.03,0,0,0.0,0.0,0,0,2,100.0,4,1,1,1107,10.7,47.4,44.5,60.5,0,0,4,0,50.0,39.6,25.0,1,2,0,0,0,1,25.0,0,0.0
week,player,player_id,position,team_name,player_game_count,accuracy_percent,aimed_passes,attempts,avg_depth_of_target,avg_time_to_throw,bats,big_time_throws,btt_rate,completion_percent,completions,declined_penalties,def_gen_pressures,drop_rate,dropbacks,drops,first_downs,franchise_id,grades_hands_fumble,grades_offense,grades_pass,grades_run,hit_as_threw,interceptions,passing_snaps,penalties,pressure_to_sack_rate,qb_rating,sack_percent,sacks,scrambles,spikes,thrown_aways,touchdowns,turnover_worthy_plays,twp_rate,yards,ypa
8,Ta'Quan Roberson,101625,QB,BUFFALO,1,71.2,52,57,10.3,2.5,0,6,9.5,63.2,36,0,18,2.7,59,1,25,126,70.8,71.2,70.9,69.4,1,1,65,4,5.6,88.6,1.7,1,1,0,4,2,4,6.2,403,7.1
8,Sawyer Robertson,146839,QB,BAYLOR,1,62.5,48,52,12.8,2.7,1,3,5.4,48.1,25,0,16,16.7,55,5,14,118,70.9,60.3,60.5,56.2,1,3,60,0,12.5,56.4,3.6,2,1,0,2,2,5,8.3,318,6.1
8,Walker Eget,146170,QB,S JOSE ST,1,65.2,46,50,12.2,2.82,0,3,5.7,54.0,27,0,11,10.0,52,3,14,285,70.3,71.3,69.8,63.5,0,0,55,0,0.0,88.5,0.0,0,2,1,3,2,1,1.8,337,6.7
8,Caden Veltkamp,156642,QB,FAU,1,80.9,47,50,4.7,2.49,1,1,1.8,70.0,35,0,14,7.9,57,3,15,165,71.9,67.4,66.7,62.1,0,1,62,0,35.7,79.1,8.8,5,2,0,2,1,0,0.0,244,4.9
8,Nick Minicucci,173617,QB,DELAWARE,1,69.4,49,50,12.8,2.89,0,3,5.3,64.0,32,0,17,5.9,54,2,16,151,44.3,78.4,82.0,50.5,1,0,61,0,11.8,97.3,3.7,2,2,0,0,1,0,0.0,422,8.4
8,Malik Washington,198729,QB,MARYLAND,1,57.8,45,48,8.2,2.75,2,2,3.9,47.9,23,0,8,11.5,53,3,11,215,70.4,63.6,57.0,75.2,0,1,56,0,0.0,58.5,0.0,0,5,0,1,1,2,3.6,210,4.4
8,Sam Leavitt,175465,QB,ARIZONA ST,1,69.8,43,47,8.5,2.6,3,3,6.0,59.6,28,0,15,6.7,55,2,14,110,52.6,59.4,61.3,53.9,0,0,58,0,26.7,87.1,7.3,4,4,0,1,1,1,1.7,319,6.8
8,Joey Aguilar,174978,QB,TENNESSEE,1,72.7,44,45,7.8,2.83,0,0,0.0,62.2,28,0,16,12.5,52,4,14,307,70.2,63.1,66.1,48.1,0,1,59,1,18.8,76.9,5.8,3,4,0,1,1,3,5.1,268,6.0
8,Darian Mensah,169984,QB,DUKE,1,78.6,42,45,9.1,2.78,0,1,2.2,71.1,32,0,17,3.0,47,1,17,154,37.7,73.9,83.5,33.6,0,0,49,1,5.9,110.7,2.1,1,1,0,3,2,0,0.0,373,8.3
8,Jaylen Raynor,172203,QB,ARK STATE,1,68.9,45,45,9.3,2.65,0,0,0.0,64.4,29,0,8,6.5,50,2,11,113,72.8,63.3,54.9,75.0,0,1,53,0,25.0,73.3,4.0,2,3,0,0,1,2,3.8,209,4.6
8,Kevin Jennings,158272,QB,SMU,1,67.6,37,43,7.9,2.45,1,2,4.4,53.5,23,0,9,8.0,44,2,12,287,71.3,61.5,60.6,60.3,0,1,46,0,11.1,80.6,2.3,1,0,0,5,2,0,0.0,290,6.7
8,Jayden Maiava,158135,QB,USC,1,64.1,39,42,10.6,3.03,0,3,6.3,52.4,22,0,17,12.0,44,3,14,326,37.6,62.1,61.4,,0,2,51,0,11.8,74.3,4.5,2,0,0,3,2,3,5.9,328,7.8
8,Julian Sayin,183708,QB,OHIO STATE,1,90.0,40,42,9.2,2.97,1,4,9.5,85.7,36,0,13,0.0,45,0,21,260,70.6,89.5,90.0,61.6,1,0,45,0,7.7,137.4,2.2,1,2,0,0,4,1,2.2,393,9.4
8,Christopher Vizzina,170032,QB,CLEMSON,1,80.5,41,42,7.4,2.58,0,2,4.8,69.0,29,0,21,12.1,50,4,16,140,43.3,69.4,79.5,42.9,1,0,50,0,23.8,114.9,10.0,5,3,0,0,3,1,2.0,317,7.5
8,JJ Kohl,174674,QB,APP STATE,1,79.5,39,41,8.2,2.64,1,0,0.0,65.9,27,0,23,12.9,50,4,19,108,22.2,35.4,32.8,59.0,1,0,52,0,17.4,101.5,8.0,4,5,0,0,2,6,11.5,278,6.8
8,Baylor Hayes,192135,QB,TULSA,1,77.8,36,41,7.4,2.55,2,1,2.3,56.1,23,0,15,17.9,51,5,11,320,37.2,69.4,64.4,70.1,1,0,53,0,40.0,90.6,11.8,6,4,0,2,2,1,1.9,251,6.1
8,Cutter Boley,184630,QB,KENTUCKY,1,82.1,39,40,4.8,2.66,0,0,0.0,77.5,31,0,18,3.1,51,1,21,202,70.9,70.8,69.2,64.0,0,1,54,0,27.8,83.1,9.8,5,6,1,0,0,1,1.9,258,6.5
8,Beau Pribula,164182,QB,MISSOURI,1,72.2,36,40,7.1,2.5,0,0,0.0,57.5,23,0,23,11.5,47,3,20,229,73.0,63.4,59.2,66.2,0,2,50,0,13.0,55.4,6.4,3,3,0,4,0,3,6.0,252,6.3
8,Ben Finley,122864,QB,AKRON,1,59.0,39,40,14.0,2.8,0,2,4.9,55.0,22,0,23,4.3,48,1,17,102,70.1,58.3,56.5,62.5,0,2,50,0,21.7,82.4,10.4,5,3,0,1,3,4,8.0,291,7.3
8,Brad Jackson,184354,QB,TEXAS ST,1,82.4,34,39,9.0,2.62,1,3,7.5,66.7,26,0,14,7.1,49,2,17,314,72.7,60.8,55.0,66.5,1,1,50,0,28.6,111.5,8.2,4,6,1,2,2,3,6.0,444,11.4
8,Katin Houser,158386,QB,E CAROLINA,1,70.6,34,38,7.7,2.45,0,4,10.5,55.3,21,0,8,12.5,41,3,13,156,70.8,88.9,89.6,64.7,0,0,41,0,12.5,98.6,2.4,1,2,0,4,2,0,0.0,300,7.9
8,Micah Alejado,184162,QB,HAWAII,1,80.0,35,38,8.7,2.77,0,4,9.8,68.4,26,0,10,7.1,43,2,14,180,71.7,67.9,71.6,54.3,0,1,46,0,0.0,107.5,0.0,0,5,0,3,3,2,4.3,301,7.9
8,Will Hammond,184898,QB,TEXAS TECH,1,77.1,35,38,7.5,2.7,0,2,5.1,57.9,22,0,10,18.5,44,5,9,315,72.9,60.3,54.9,66.0,1,1,45,0,20.0,75.2,4.5,2,4,1,1,2,2,4.4,167,4.4
8,Cameran Brown,184894,QB,GA STATE,1,85.3,34,38,6.0,2.75,3,1,2.2,76.3,29,0,11,0.0,45,0,20,175,72.5,74.2,70.3,70.7,0,0,52,1,0.0,104.8,0.0,0,7,0,1,1,0,0.0,277,7.3
8,Jaron-Keawe Sagapolutele,198237,QB,CAL,1,77.1,35,38,6.6,2.66,2,1,2.6,52.6,20,0,15,25.9,44,7,11,130,69.8,73.9,76.3,54.2,0,0,46,0,13.3,77.7,4.5,2,2,0,1,1,0,0.0,210,5.5
8,Devon Dampier,171556,QB,UTAH,1,71.0,31,37,11.3,3.38,2,0,0.0,54.1,20,0,18,9.1,43,2,14,328,72.3,67.9,65.9,66.8,0,1,46,2,11.1,79.1,4.7,2,4,0,4,2,2,4.3,224,6.1
8,Miller Moss,70727,QB,LOUISVILLE,1,65.7,35,37,5.3,2.32,1,0,0.0,62.2,23,0,11,0.0,38,0,12,210,71.0,63.8,58.8,71.7,0,0,38,0,9.1,99.8,2.6,1,0,0,1,2,0,0.0,248,6.7
8,Logan Fife,128176,QB,NEW MEX ST,1,68.6,35,37,11.7,2.56,2,4,10.8,54.1,20,0,10,16.7,41,4,11,242,70.4,90.1,90.1,62.9,0,0,41,0,20.0,92.4,4.9,2,2,0,0,2,1,2.4,242,6.5
8,Noah Kim,129623,QB,E MICHIGAN,1,65.6,32,36,13.2,3.08,0,5,13.2,55.6,20,0,15,4.8,41,1,10,160,69.2,69.7,71.2,53.8,0,2,43,0,20.0,98.0,7.3,3,2,0,4,4,2,4.7,309,8.6
8,Trinidad Chambliss,178723,QB,OLE MISS,1,62.5,32,36,7.1,2.51,2,1,2.7,52.8,19,0,7,5.0,38,1,15,226,40.0,54.2,46.4,69.9,0,0,39,0,0.0,85.8,0.0,0,2,0,2,1,1,2.6,263,7.3
8,Drew Mestemaker,190616,QB,N TEXAS,1,71.9,32,36,7.0,2.42,1,1,2.6,61.1,22,0,7,4.3,38,1,16,251,70.7,65.6,63.0,64.7,1,0,40,0,14.3,122.1,2.6,1,1,1,1,4,2,5.0,277,7.7
8,Blake Shapen,122282,QB,MISS STATE,1,69.4,36,36,11.9,2.81,0,3,7.9,66.7,24,0,11,4.0,41,1,14,227,71.2,69.3,70.5,57.5,0,1,43,0,36.4,83.6,9.8,4,1,0,0,0,1,2.3,324,9.0
8,Aidan Armenta,175731,QB,LA MONROE,1,62.9,35,36,13.1,3.05,0,2,5.3,58.3,21,0,10,4.5,41,1,11,209,33.1,32.3,32.4,57.8,0,2,43,1,40.0,61.2,9.8,4,1,0,1,1,5,11.6,211,5.9
8,Nico Iamaleava,174728,QB,UCLA,1,76.7,30,35,9.9,2.86,1,2,5.3,60.0,21,0,13,8.7,42,2,12,324,69.8,66.8,63.8,65.6,3,2,46,0,15.4,64.1,4.8,2,5,0,1,1,2,4.3,221,6.3
8,Gio Lopez,172309,QB,N CAROLINA,1,72.7,33,35,8.5,2.89,1,1,2.5,54.3,19,0,12,20.8,39,5,8,245,69.7,66.6,65.6,61.6,0,0,44,0,8.3,66.8,2.6,1,3,0,1,0,1,2.3,164,4.7
8,Tayven Jackson,157615,QB,UCF,1,77.4,31,35,10.1,2.5,1,4,11.1,65.7,23,0,8,4.2,35,1,11,323,68.7,90.2,90.0,,1,1,36,2,0.0,98.2,0.0,0,0,0,2,2,1,2.8,287,8.2
8,Carson Beck,124010,QB,MIAMI FL,1,78.1,32,35,8.2,2.64,1,1,2.8,71.4,25,0,11,0.0,40,0,8,220,69.5,55.2,61.3,46.2,0,4,41,0,0.0,54.3,0.0,0,5,0,2,0,4,9.8,271,7.7
8,Aidan Chiles,173727,QB,MICH STATE,1,87.5,32,34,5.2,2.63,0,0,0.0,79.4,27,0,13,3.6,38,1,10,223,36.6,73.8,79.7,51.6,0,0,41,1,15.4,106.3,5.3,2,2,0,2,1,0,0.0,243,7.1
8,DJ Lagway,184426,QB,FLORIDA,1,65.6,32,34,10.7,2.82,0,2,5.4,58.8,20,0,10,4.8,39,1,14,163,70.0,63.4,63.5,58.3,0,2,42,0,20.0,60.9,5.1,2,3,0,2,0,2,4.8,280,8.2
8,Demond Williams Jr.,183648,QB,WASHINGTON,1,75.0,28,32,7.9,2.73,1,1,3.0,62.5,20,0,13,4.8,36,1,11,340,69.2,37.5,36.0,57.4,1,3,37,0,15.4,42.3,5.6,2,2,0,2,0,3,8.1,209,6.5
8,Marcel Reed,175940,QB,TEXAS A&M,1,80.6,31,32,7.7,2.75,1,2,5.9,71.9,23,0,5,8.0,35,2,17,312,70.7,81.6,77.4,71.1,0,0,39,0,0.0,129.7,0.0,0,3,0,0,3,0,0.0,280,8.8
8,Taylen Green,145996,QB,ARKANSAS,1,80.0,25,32,9.4,3.52,0,1,2.9,59.4,19,0,20,5.0,42,1,18,111,70.2,78.0,65.0,84.4,3,0,46,0,20.0,116.1,9.5,4,6,0,4,3,2,4.3,256,8.0
8,Carlos Del Rio-Wilson,146687,QB,MARSHALL,1,76.7,30,32,6.6,2.76,1,0,0.0,68.8,22,0,14,4.3,35,1,15,214,74.3,72.2,62.1,73.9,1,1,40,0,0.0,92.8,0.0,0,3,0,0,1,2,5.0,277,8.7
8,Bryson Barnes,131845,QB,UTAH ST,1,75.9,29,31,11.2,3.28,0,3,8.8,67.7,21,0,20,4.5,39,1,11,329,72.7,84.2,81.1,71.4,1,0,42,0,15.0,113.1,7.7,3,5,0,1,1,0,0.0,326,10.5
8,Gunner Stockton,157072,QB,GEORGIA,1,89.7,29,31,7.9,3.06,0,2,6.1,83.9,26,0,6,0.0,35,0,21,173,41.5,84.5,90.3,58.2,0,0,38,0,0.0,145.1,0.0,0,4,0,2,4,1,2.6,289,9.3
8,Maverick McIvor,99476,QB,W KENTUCKY,1,67.9,28,31,6.0,2.54,0,0,0.0,58.1,18,0,6,5.3,36,1,6,346,21.4,31.0,28.6,62.8,0,3,38,0,16.7,31.2,2.8,1,3,2,1,0,6,15.8,151,4.9
8,Rickie Collins,172474,QB,SYRACUSE,1,60.0,30,31,11.0,2.9,1,1,2.9,48.4,15,0,14,16.7,39,3,7,304,69.7,50.5,41.8,71.2,0,3,44,0,14.3,41.3,5.1,2,6,0,0,2,3,6.8,126,4.1
8,Josh Hoover,127148,QB,TCU,1,80.0,30,31,8.5,2.56,0,2,6.3,71.0,22,0,3,8.3,31,2,12,305,29.9,75.2,84.1,36.6,0,0,32,0,0.0,124.5,0.0,0,0,0,1,3,0,0.0,231,7.5
8,Joe Fagnano,104768,QB,UCONN,1,79.3,29,31,10.0,2.81,0,0,0.0,74.2,23,0,7,0.0,36,0,14,146,71.1,76.0,71.1,71.3,0,0,39,0,14.3,152.2,2.8,1,4,0,2,4,1,2.6,362,11.7
8,Jackson Arnold,173684,QB,AUBURN,1,84.6,26,30,8.2,2.91,1,3,9.7,60.0,18,0,18,18.2,41,4,10,115,71.9,73.5,78.2,57.2,1,1,42,0,27.8,66.9,12.2,5,6,0,2,0,1,2.4,207,6.9
8,Ethan Vasko,163817,QB,LIBERTY,1,75.0,28,30,7.9,2.86,0,1,3.0,66.7,20,0,11,4.8,33,1,13,206,70.9,69.3,65.1,68.8,0,2,36,0,18.2,54.7,6.1,2,1,0,2,0,2,5.6,179,6.0
8,Jackson Brousseau,173480,QB,COLO STATE,1,59.3,27,29,13.6,3.07,0,1,3.2,51.7,15,0,20,6.3,38,1,8,144,32.5,40.7,40.7,54.3,1,0,40,0,30.0,82.0,15.8,6,3,0,1,1,3,7.5,176,6.1
8,Jake Retzlaff,70874,QB,TULANE,1,82.1,28,29,8.8,2.67,0,0,0.0,75.9,22,0,8,4.3,31,1,15,319,71.2,81.2,74.8,74.4,0,1,33,0,0.0,111.4,0.0,0,2,0,1,2,2,6.1,261,9.0
8,Tucker Gleason,122475,QB,TOLEDO,1,78.6,28,29,9.9,2.72,0,3,10.3,72.4,21,0,6,4.5,30,1,15,316,68.8,91.3,91.9,55.6,0,0,30,1,0.0,144.3,0.0,0,1,0,1,4,0,0.0,294,10.1
8,Kaden Anderson,127312,QB,WYOMING,1,82.1,28,29,4.7,2.66,0,2,6.7,79.3,23,0,6,0.0,32,0,14,351,68.5,61.7,60.7,60.6,0,1,33,0,16.7,94.1,3.1,1,2,0,1,1,2,6.1,211,7.3
8,Carter Jones,198923,QB,NEVADA,1,82.1,28,29,7.4,2.28,0,0,0.0,79.3,23,0,9,0.0,33,0,11,239,70.5,66.3,69.3,55.2,0,0,36,0,11.1,95.7,3.0,1,3,0,1,0,0,0.0,202,7.0
8,Grayson James,145214,QB,BOSTON COL,1,60.7,28,29,12.9,2.82,0,1,3.2,55.2,16,0,15,5.9,38,1,12,121,39.9,65.6,60.8,67.6,0,0,40,1,40.0,100.4,15.8,6,3,0,1,2,1,2.5,204,7.0
8,Brendan Sorsby,156398,QB,CINCINNATI,1,79.3,29,29,9.9,3.16,0,3,9.4,69.0,20,0,9,13.0,32,3,14,138,70.1,88.7,90.3,61.0,0,0,35,0,11.1,132.8,3.1,1,2,0,0,3,0,0.0,270,9.3
8,Ty Simpson,157008,QB,ALABAMA,1,73.1,26,29,8.5,3.03,2,2,6.3,65.5,19,0,7,0.0,34,0,14,103,69.2,77.1,80.5,56.1,0,0,37,0,14.3,116.0,2.9,1,3,0,1,2,0,0.0,253,8.7
8,Anthony Colandrea,170131,QB,UNLV,1,65.5,29,29,10.1,2.55,0,3,10.0,62.1,18,0,9,5.3,38,1,10,325,71.1,64.7,55.3,72.8,0,1,39,0,33.3,93.3,7.9,3,5,0,0,2,1,2.6,215,7.4
8,Ethan Grunkemeyer,183606,QB,PENN STATE,1,61.5,26,29,6.4,2.75,1,0,0.0,51.7,15,0,10,6.3,32,1,10,266,30.0,54.3,56.3,52.3,0,2,33,1,0.0,29.8,0.0,0,3,0,2,0,0,0.0,93,3.2
8,Tommy Castellanos,158433,QB,FLORIDA ST,1,55.6,27,28,16.9,3.43,0,3,10.7,50.0,14,0,14,6.7,36,1,9,167,71.4,66.6,73.2,58.6,0,0,38,2,7.1,79.8,2.8,1,7,0,1,0,0,0.0,242,8.6
8,Fernando Mendoza,158323,QB,INDIANA,1,89.3,28,28,8.0,2.42,0,2,6.7,85.7,24,0,4,4.0,29,1,16,190,70.7,86.7,85.9,65.7,0,0,31,0,0.0,155.7,0.0,0,1,0,0,4,0,0.0,332,11.9
8,Josh Holst,171312,QB,N ILLINOIS,1,71.4,28,28,7.1,2.88,0,2,6.9,71.4,20,0,13,0.0,35,0,8,254,34.0,60.5,65.8,52.3,0,0,36,0,15.4,109.1,5.7,2,5,0,0,2,1,2.8,159,5.7
8,Garrett Nussmeier,146757,QB,LSU,1,75.0,28,28,5.9,2.28,0,1,3.1,67.9,19,0,13,9.5,30,2,10,211,68.5,73.8,73.1,,0,0,34,0,15.4,115.9,6.7,2,0,0,0,2,1,2.9,225,8.0
8,Bryce Underwood,198795,QB,MICHIGAN,1,84.6,26,27,4.2,2.6,1,2,6.9,77.8,21,0,7,4.5,31,1,13,222,70.4,83.4,89.8,57.6,0,0,33,0,14.3,126.9,3.2,1,3,0,0,2,0,0.0,230,8.5
8,John Mateer,158516,QB,OKLAHOMA,1,76.9,26,27,4.4,2.1,0,0,0.0,70.4,19,0,4,5.0,29,1,12,261,72.0,61.7,58.9,62.9,0,0,32,0,25.0,97.0,3.4,1,0,0,1,1,2,6.3,155,5.7
8,Ryder Burton,175011,QB,UAB,1,77.8,27,27,10.6,2.67,0,3,10.0,74.1,20,0,9,4.8,29,1,15,321,70.3,90.4,90.2,62.9,0,1,32,0,11.1,124.2,3.4,1,1,0,0,3,1,3.1,251,9.3
8,Arch Manning,173162,QB,TEXAS,1,59.1,22,27,6.2,2.67,2,0,0.0,44.4,12,0,15,7.7,32,1,6,311,72.0,54.2,52.0,60.1,0,0,33,0,20.0,59.5,9.4,3,2,0,3,0,0,0.0,132,4.9
8,Skyler Locklear,164027,QB,UTEP,1,91.7,24,27,3.5,2.06,1,1,3.6,77.8,21,0,4,4.5,27,1,8,330,73.6,72.7,66.3,69.8,0,1,28,1,0.0,112.3,0.0,0,0,0,2,2,1,3.6,236,8.7
8,Zevi Eckhaus,148535,QB,WASH STATE,1,79.2,24,27,7.9,2.65,3,1,3.6,66.7,18,0,12,5.3,30,1,8,341,71.9,70.6,69.6,63.3,0,2,31,0,8.3,67.4,3.3,1,2,0,0,1,1,3.2,183,6.8
8,LaNorris Sellers,174326,QB,S CAROLINA,1,77.3,22,26,5.5,3.02,1,0,0.0,65.4,17,0,17,0.0,37,0,7,289,70.3,48.5,40.5,68.2,0,0,40,0,35.3,89.3,16.2,6,5,1,2,1,0,0.0,124,4.8
8,Preston Stone,124716,QB,NWESTERN,1,56.0,25,26,14.1,2.8,0,2,6.5,42.3,11,0,5,21.4,27,3,9,256,70.8,55.6,49.8,69.9,0,1,32,0,0.0,68.1,0.0,0,1,0,1,2,4,12.5,132,5.1
8,Noah Fifita,158722,QB,ARIZONA,1,96.0,25,26,4.0,2.89,1,0,0.0,92.3,24,0,13,0.0,35,0,12,109,69.8,69.8,69.2,62.0,0,0,38,0,30.8,135.4,11.4,4,4,0,0,2,0,0.0,269,10.3
8,CJ Carr,184093,QB,NOTRE DAME,1,65.4,26,26,7.0,2.6,0,1,3.7,61.5,16,0,6,5.9,27,1,7,258,71.0,55.2,51.2,62.9,0,1,28,0,16.7,72.0,3.7,1,0,0,0,1,1,3.6,136,5.2
8,JC French IV,162521,QB,GA SOUTHRN,1,70.8,24,26,7.3,2.4,0,0,0.0,65.4,17,0,9,0.0,34,0,12,174,71.4,60.3,46.7,75.3,0,0,38,0,11.1,128.7,2.9,1,7,1,1,3,1,2.6,210,8.1
8,Keyone Jenkins,170403,QB,FIU,1,68.0,25,26,6.6,2.88,0,2,6.7,65.4,17,0,6,0.0,27,0,9,166,69.3,74.4,74.4,60.1,0,0,31,0,16.7,98.9,3.7,1,0,0,1,1,0,0.0,184,7.1
8,Alonza Barnett III,156710,QB,JAMES MAD,1,68.0,25,25,10.2,3.18,0,2,8.0,68.0,17,0,10,0.0,32,0,17,197,72.7,90.0,83.7,75.7,0,0,32,0,20.0,134.6,6.3,2,5,0,0,2,0,0.0,295,11.8
8,Chandler Morris,122938,QB,VIRGINIA,1,66.7,24,25,10.5,2.42,0,1,4.0,60.0,15,0,8,6.3,26,1,6,335,71.0,66.1,64.2,62.9,0,0,26,0,0.0,81.9,0.0,0,1,0,1,0,0,0.0,179,7.2
8,Lucian Anderson III,173364,QB,BOWL GREEN,1,82.6,23,25,7.8,2.76,1,2,7.1,68.0,17,0,7,10.5,32,2,6,122,34.2,77.8,73.5,70.1,0,2,35,0,42.9,50.9,9.4,3,4,0,1,0,2,5.7,153,6.1
8,AJ Hill,198754,QB,MEMPHIS,1,61.9,21,25,9.6,3.22,1,1,3.7,52.0,13,0,7,0.0,25,0,9,218,67.9,51.8,53.7,,0,1,27,1,0.0,71.3,0.0,0,0,0,3,1,2,7.4,175,7.0
8,Dylan Raiola,183581,QB,NEBRASKA,1,72.0,25,25,10.2,3.35,0,2,7.7,68.0,17,0,19,5.6,38,1,9,238,68.9,57.8,62.1,48.9,0,0,39,0,47.4,88.3,23.7,9,4,0,0,0,0,0.0,177,7.1
8,Athan Kaliakmanis,144971,QB,RUTGERS,1,40.9,22,25,13.4,2.69,1,0,0.0,32.0,8,0,13,11.1,30,1,3,278,68.7,54.9,54.5,57.7,0,2,30,0,23.1,8.6,10.0,3,2,0,2,0,0,0.0,79,3.2
8,Parker Navarro,123758,QB,OHIO,1,81.8,22,24,12.0,3.44,0,0,0.0,70.8,17,0,9,5.6,28,1,13,259,70.7,78.9,77.2,66.2,0,1,31,0,11.1,79.3,3.6,1,3,0,2,0,1,3.2,205,8.5
8,Dru DeShields,176094,QB,KENT STATE,1,59.1,22,24,8.7,2.47,1,1,3.7,50.0,12,0,8,7.7,25,1,4,201,68.0,53.8,55.1,,0,1,28,1,12.5,67.9,4.0,1,0,0,1,1,1,3.6,159,6.6
8,Mason Heintschel,199088,QB,PITTSBURGH,1,65.2,23,24,8.7,3.52,0,0,0.0,54.2,13,0,16,13.3,34,2,7,268,70.6,51.8,41.5,73.6,0,1,37,0,43.8,54.2,20.6,7,3,0,1,0,1,2.7,140,5.8
8,Byrum Brown,156206,QB,USF,1,66.7,24,24,13.0,3.23,0,3,12.0,58.3,14,0,4,12.5,28,2,11,327,72.6,89.7,84.4,74.7,0,0,29,0,25.0,134.7,3.6,1,3,0,0,3,0,0.0,256,10.7
8,Bishop Davenport,163426,QB,S ALABAMA,1,86.4,22,23,2.8,2.5,1,0,0.0,78.3,18,0,7,5.3,26,1,5,288,30.4,66.2,64.7,61.9,0,0,31,0,28.6,88.0,7.7,2,0,0,0,0,1,3.2,118,5.1
8,Conner Weigman,158683,QB,HOUSTON,1,71.4,21,23,7.7,2.36,2,0,0.0,65.2,15,0,6,0.0,23,0,8,182,73.9,77.9,59.7,82.5,0,0,25,0,0.0,125.7,0.0,0,0,0,0,3,0,0.0,164,7.1
8,Bear Bachmeier,203434,QB,BYU,1,70.0,20,23,12.4,2.49,1,1,4.0,56.5,13,0,10,7.1,26,1,9,128,72.6,82.4,67.8,86.4,0,0,28,0,30.0,93.8,11.5,3,0,1,1,1,1,3.6,166,7.2
8,Maddux Madsen,163379,QB,BOISE ST,1,71.4,21,23,9.9,2.84,1,1,4.3,60.9,14,0,6,6.7,27,1,11,120,67.9,86.5,89.2,58.2,0,1,27,0,16.7,120.1,3.7,1,3,0,1,4,0,0.0,253,11.0
8,Diego Pavia,156927,QB,VANDERBILT,1,80.0,20,22,9.1,3.45,0,3,13.0,63.6,14,0,13,12.5,31,2,12,333,73.0,87.7,90.5,66.1,0,0,32,0,7.7,100.6,3.2,1,8,0,2,1,0,0.0,160,7.3
8,Tucker Kilcrease,156863,QB,TROY,1,82.4,17,22,8.2,2.63,4,0,0.0,63.6,14,0,9,0.0,24,0,9,318,71.4,63.1,69.1,51.6,0,0,25,0,11.1,112.3,4.2,1,1,0,1,1,0,0.0,222,10.1
8,Jack Layne,158966,QB,NEW MEXICO,1,77.8,18,22,5.9,2.86,1,0,0.0,63.6,14,0,10,0.0,26,0,8,241,29.1,62.1,60.4,61.2,1,0,31,0,10.0,81.3,3.8,1,3,0,2,0,0,0.0,138,6.3
8,Grayson Loftis,170054,QB,CHARLOTTE,1,57.1,21,22,13.7,2.77,0,3,13.0,45.5,10,0,5,16.7,23,2,5,136,28.5,58.3,64.0,48.7,1,1,25,0,20.0,56.6,4.3,1,0,0,0,1,1,4.0,108,4.9
8,Dequan Finn,97804,QB,MIAMI OH,1,70.0,20,22,9.5,3.18,1,0,0.0,59.1,13,0,7,7.1,25,1,12,221,72.2,73.1,65.8,70.6,0,0,25,0,14.3,111.7,4.0,1,2,0,1,2,0,0.0,159,7.2
8,Evan Simon,129906,QB,TEMPLE,1,75.0,20,22,10.0,2.1,0,2,9.1,68.2,15,0,5,0.0,24,0,11,306,69.9,79.4,80.4,61.2,0,0,24,0,20.0,135.2,4.2,1,1,0,2,3,1,4.2,194,8.8
8,Haynes King,124329,QB,GA TECH,1,78.9,19,22,9.4,2.37,2,1,4.3,68.2,15,0,7,0.0,23,0,8,176,74.3,86.3,86.7,68.2,0,0,24,0,0.0,97.5,0.0,0,1,0,1,0,0,0.0,204,9.3
8,Lunch Winfield,176367,QB,LA LAFAYET,1,65.0,20,21,9.0,3.28,0,0,0.0,57.1,12,0,14,7.7,28,1,6,207,24.0,44.4,31.1,63.0,0,1,29,0,14.3,52.1,7.1,2,5,0,1,0,3,10.3,112,5.3
8,Colton Joseph,172283,QB,DOMINION,1,66.7,21,21,13.6,2.25,0,4,18.2,61.9,13,0,5,7.1,23,1,7,263,70.9,65.5,61.9,65.6,0,2,24,0,40.0,95.1,8.7,2,0,0,0,3,2,8.3,209,10.0
8,Caden Creel,170414,QB,JVILLE ST,1,66.7,21,21,6.6,3.39,0,0,0.0,66.7,14,0,11,0.0,28,0,7,196,70.7,55.7,53.6,60.0,0,0,31,0,9.1,97.5,3.6,1,6,0,0,1,0,0.0,121,5.8
8,Owen McCown,157688,QB,UTSA,1,66.7,21,21,8.0,2.24,0,1,4.3,57.1,12,0,8,14.3,27,2,7,331,11.7,55.2,53.7,60.8,0,0,29,0,37.5,82.8,11.1,3,2,0,0,1,2,6.9,87,4.1
8,Malachi Singleton,172426,QB,PURDUE,1,64.7,17,20,9.6,3.02,0,1,5.0,55.0,11,0,15,0.0,24,0,7,273,70.9,61.0,62.1,58.2,2,1,24,0,13.3,64.4,8.3,2,2,0,1,0,1,4.2,179,9.0
8,Dante Moore,173983,QB,OREGON,1,78.9,19,20,13.2,2.63,0,4,20.0,75.0,15,0,3,0.0,22,0,12,264,68.0,93.6,93.2,70.5,0,1,22,0,0.0,135.4,0.0,0,2,0,1,4,0,0.0,288,14.4
8,Drake Lindsey,184727,QB,MINNESOTA,1,80.0,20,20,6.6,2.61,0,1,4.5,80.0,16,0,3,0.0,21,0,7,225,68.1,63.0,58.8,63.2,0,0,23,0,33.3,115.2,4.8,1,0,0,0,1,1,4.3,153,7.7
8,Samari Collier,144801,QB,COAST CAR,1,72.2,18,19,7.2,2.68,0,1,5.0,63.2,12,0,6,7.7,21,1,6,141,74.6,58.1,45.2,66.3,0,1,22,1,16.7,76.0,4.8,1,1,0,1,1,1,4.5,117,6.2
8,Kiael Kelly,145634,QB,BALL ST,1,63.2,19,19,8.9,2.69,0,0,0.0,52.6,10,0,12,16.7,28,2,9,117,42.5,69.1,58.9,71.7,0,1,31,0,33.3,68.1,14.3,4,4,0,0,1,1,3.2,121,6.4
8,Hunter Watson,183993,QB,SM HOUSTON,1,78.9,19,19,9.6,2.68,0,1,4.8,68.4,13,0,4,13.3,21,2,10,281,68.8,75.8,76.8,59.3,0,0,23,0,25.0,112.0,4.8,1,1,0,0,1,0,0.0,161,8.5
8,Sam Jackson V,144682,QB,OKLA STATE,1,72.2,18,19,11.1,4.16,0,1,4.5,57.9,11,0,9,15.4,24,2,7,262,33.5,54.1,63.4,47.8,0,1,27,0,0.0,61.1,0.0,0,5,0,1,0,1,3.7,149,7.8
8,Braylon Braxton,144442,QB,SO MISS,1,82.4,17,18,10.9,2.82,1,3,16.7,72.2,13,0,5,7.1,19,1,5,296,71.2,73.3,76.1,58.5,0,1,19,0,0.0,109.7,0.0,0,1,0,0,1,1,5.3,232,12.9
8,Scotty Fox Jr.,199546,QB,W VIRGINIA,1,46.7,15,17,11.8,2.6,1,0,0.0,35.3,6,0,10,14.3,24,1,2,343,42.0,39.9,38.7,54.8,0,0,25,0,50.0,44.0,20.8,5,2,0,1,0,1,4.0,47,2.8
8,Mark Gronowski,138303,QB,IOWA,1,73.3,15,16,3.7,2.63,0,0,0.0,62.5,10,0,4,9.1,18,1,2,192,71.7,68.6,47.5,81.2,0,1,20,0,0.0,45.8,0.0,0,2,0,1,0,0,0.0,68,4.3
8,AJ Hairston,184157,QB,UMASS,1,61.5,13,16,7.5,3.72,0,2,11.1,37.5,6,0,15,25.0,25,2,4,216,69.1,66.7,70.1,60.3,0,0,27,2,20.0,103.9,12.0,3,6,0,3,2,0,0.0,119,7.4
8,Ben Gulbranson,131734,QB,STANFORD,1,63.6,11,13,8.3,3.02,1,0,0.0,46.2,6,0,7,14.3,14,1,5,300,66.4,58.1,56.9,,0,1,15,0,14.3,63.0,7.1,1,0,0,1,1,1,6.7,90,6.9
8,Maalik Murphy,157302,QB,OREGON ST,1,75.0,12,12,7.8,2.5,0,0,0.0,75.0,9,0,3,0.0,13,0,4,265,66.0,58.5,58.0,,0,0,13,0,33.3,88.5,7.7,1,0,0,0,0,1,7.7,69,5.8
8,Elijah Brown,183276,QB,STANFORD,1,50.0,12,12,6.3,2.27,0,0,0.0,50.0,6,0,4,0.0,13,0,3,300,68.1,38.5,35.6,59.6,0,0,15,1,25.0,68.4,7.7,1,0,0,0,0,0,0.0,71,5.9
8,Hunter Simmons,148254,QB,WISCONSIN,1,77.8,9,12,9.7,3.48,1,1,7.1,50.0,6,0,9,14.3,14,1,3,349,66.5,69.4,69.0,,1,1,16,0,22.2,27.8,14.3,2,0,0,1,0,0,0.0,54,4.5
8,Ryan Browne,174949,QB,PURDUE,1,55.6,9,10,14.9,2.68,0,0,0.0,50.0,5,0,5,0.0,10,0,0,273,66.8,48.5,46.0,60.9,0,0,12,0,0.0,56.7,0.0,0,0,0,1,0,0,0.0,31,3.1
8,Brendon Lewis,131687,QB,MEMPHIS,1,100.0,9,10,4.7,3.55,0,0,0.0,90.0,9,0,8,0.0,14,0,5,218,68.7,72.3,72.1,63.2,0,0,14,0,12.5,95.0,7.1,1,3,0,1,0,0,0.0,68,6.8
8,Khalil Wilkins,189946,QB,W VIRGINIA,1,55.6,9,10,7.8,2.82,0,0,0.0,50.0,5,0,6,0.0,13,0,2,343,20.2,44.7,29.0,64.2,0,0,14,0,33.3,57.1,15.4,2,1,0,1,0,2,14.3,32,3.2
8,Cale Hellums,170981,QB,ARMY,1,88.9,9,10,19.8,3.35,0,2,16.7,70.0,7,0,8,12.5,17,1,7,114,52.3,74.8,83.4,63.5,0,0,19,0,25.0,112.5,11.8,2,5,0,1,0,1,5.3,125,12.5
8,Gabarri Johnson,175905,QB,OREGON ST,1,88.9,9,9,5.9,2.24,0,0,0.0,77.8,7,0,0,12.5,9,1,4,265,70.5,78.2,55.8,81.9,0,1,10,0,,100.7,0.0,0,0,0,0,1,1,10.0,79,8.8
8,Landyn Locke,199937,QB,SM HOUSTON,1,75.0,8,9,7.5,2.77,0,0,0.0,55.6,5,0,3,16.7,10,1,2,281,66.5,58.8,59.1,59.7,0,0,10,0,33.3,66.9,10.0,1,0,0,1,0,0,0.0,40,4.4
8,Rodney Tisdale Jr.,188754,QB,W KENTUCKY,1,87.5,8,8,6.9,2.92,0,0,0.0,87.5,7,0,1,0.0,9,0,4,346,65.1,81.7,85.8,57.3,0,0,9,0,0.0,101.0,0.0,0,1,0,0,0,0,0.0,66,8.3
8,Liam Szarka,197814,QB,AIR FORCE,1,66.7,6,8,7.0,2.91,0,0,0.0,37.5,3,0,4,25.0,10,1,3,101,77.4,72.9,51.1,72.9,1,0,11,0,25.0,50.5,10.0,1,1,0,1,0,0,0.0,33,4.1
8,Jordan Magwood,199666,QB,FAU,1,85.7,7,8,7.7,3.01,0,0,0.0,75.0,6,0,3,0.0,10,0,3,165,66.5,66.9,70.2,57.8,1,0,10,0,0.0,88.0,0.0,0,2,0,0,0,0,0.0,45,5.6
8,Mabrey Mettauer,183668,QB,SM HOUSTON,1,62.5,8,8,4.1,3.07,0,0,0.0,50.0,4,0,4,20.0,12,1,1,281,67.0,48.9,56.8,48.5,0,0,13,0,25.0,106.3,8.3,1,3,0,0,1,0,0.0,44,5.5
8,Kevin Sperry,198436,QB,FLORIDA ST,1,57.1,7,8,19.1,3.95,0,0,0.0,50.0,4,0,3,0.0,11,0,3,167,65.8,59.1,57.1,62.0,0,0,12,1,33.3,79.7,9.1,1,2,0,1,0,0,0.0,69,8.6
8,Zach Wilcke,156836,QB,CHARLOTTE,1,83.3,6,7,2.3,3.65,0,0,0.0,71.4,5,0,5,0.0,10,0,5,136,67.5,64.0,63.4,60.4,0,0,10,0,20.0,91.4,10.0,1,2,0,1,0,0,0.0,50,7.1
8,Walker Howard,157112,QB,LA LAFAYET,1,50.0,6,6,13.0,3.09,0,0,0.0,33.3,2,0,3,33.3,7,1,2,207,64.6,32.1,33.8,57.3,0,1,7,0,0.0,6.3,0.0,0,1,0,0,0,1,14.3,23,3.8
8,Cutter Woods,199951,QB,S CAROLINA,1,66.7,6,6,14.5,2.7,0,0,0.0,66.7,4,0,3,0.0,8,0,4,289,64.9,86.5,87.8,62.0,0,1,8,0,0.0,50.0,0.0,0,2,0,0,0,0,0.0,46,7.7
8,Brandon Tennison,174109,QB,UTSA,1,80.0,5,5,3.2,2.26,0,0,0.0,80.0,4,0,3,0.0,7,0,1,331,64.6,50.3,53.0,57.3,0,0,7,0,33.3,92.5,14.3,1,1,0,0,0,0,0.0,31,6.2
8,Joe Pesansky,149434,QB,FIU,1,60.0,5,5,8.6,2.32,0,0,0.0,60.0,3,0,2,0.0,5,0,1,166,67.1,58.0,48.0,65.7,0,0,7,0,0.0,68.8,0.0,0,0,0,0,0,0,0.0,20,4.0
8,Alessio Milivojevic,183542,QB,MICH STATE,1,60.0,5,5,12.2,3.33,0,0,0.0,60.0,3,0,5,0.0,7,0,4,223,64.6,70.7,65.2,64.3,0,0,7,0,20.0,93.8,14.3,1,1,0,0,0,0,0.0,50,10.0
8,Brock Thomas,176601,QB,OREGON,1,75.0,4,4,7.5,2.6,0,0,0.0,75.0,3,0,0,0.0,4,0,1,264,67.8,73.8,68.4,65.4,0,0,4,0,,111.5,0.0,0,0,0,0,0,0,0.0,45,11.3
8,Landon Graves,181155,QB,LA MONROE,1,25.0,4,4,20.0,3.14,0,0,0.0,25.0,1,0,0,0.0,5,0,0,209,66.8,33.0,32.7,53.5,0,0,5,0,,39.6,0.0,0,1,0,0,0,1,20.0,7,1.8
8,Joe Labas,144847,QB,C MICHIGAN,1,50.0,4,4,11.3,2.05,0,1,20.0,50.0,2,0,0,0.0,4,0,1,134,69.7,90.4,75.3,79.3,0,0,5,1,,95.8,0.0,0,0,0,0,0,0,0.0,72,18.0
8,Kalieb Osborne,184132,QB,TOLEDO,1,100.0,3,3,22.0,2.56,0,1,25.0,100.0,3,0,3,0.0,5,0,3,316,71.1,91.2,88.5,74.1,0,0,6,0,0.0,158.3,0.0,0,1,0,0,1,0,0.0,59,19.7
8,Brock Hansel,158437,QB,UCF,1,66.7,3,3,-0.3,1.5,0,0,0.0,33.3,1,0,0,50.0,3,1,1,323,64.8,28.7,28.1,60.0,0,1,3,0,,5.6,0.0,0,0,0,0,0,1,33.3,11,3.7
8,Danny O'Neil,184200,QB,WISCONSIN,1,33.3,3,3,9.0,3.5,0,0,0.0,33.3,1,0,2,0.0,4,0,0,349,66.6,47.2,38.4,62.8,0,0,4,0,50.0,42.4,25.0,1,0,0,0,0,0,0.0,-5,-1.7
8,Luke Carney,199218,QB,SYRACUSE,1,66.7,3,3,6.0,3.85,0,0,0.0,66.7,2,0,1,0.0,4,0,1,304,66.6,64.2,66.0,59.4,0,0,4,0,0.0,71.5,0.0,0,1,0,0,0,0,0.0,10,3.3
8,Gavin Wimsatt,155757,QB,JVILLE ST,1,66.7,3,3,-1.0,2.64,0,0,0.0,66.7,2,0,2,0.0,5,0,2,196,66.8,62.9,54.1,64.8,0,0,5,1,50.0,81.3,20.0,1,1,0,0,0,0,0.0,17,5.7
8,Davi Belfort,184926,QB,UCF,1,66.7,3,3,11.3,3.2,0,0,0.0,66.7,2,0,1,0.0,4,0,1,323,68.8,80.4,62.2,75.9,0,0,4,0,100.0,106.3,25.0,1,0,0,0,0,0,0.0,35,11.7
8,MJ Morris,157404,QB,COAST CAR,1,100.0,2,2,0.0,1.25,0,0,0.0,100.0,2,0,1,0.0,2,0,1,141,64.4,68.2,62.6,62.3,0,0,2,0,0.0,158.3,0.0,0,0,0,0,1,0,0.0,39,19.5
8,AJ Surace,184666,QB,RUTGERS,1,0.0,2,2,12.0,1.8,0,0,0.0,0.0,0,0,0,,2,0,0,278,61.8,52.6,51.0,,0,0,2,0,,39.6,0.0,0,0,0,0,0,0,0.0,0,0.0
8,Brady Davidson,199832,QB,N ILLINOIS,1,50.0,2,2,1.5,2.5,0,0,0.0,50.0,1,0,2,0.0,2,0,0,254,61.8,53.9,54.0,,0,0,2,0,0.0,56.3,0.0,0,0,0,0,0,0,0.0,2,1.0
8,Ty Robinson,146317,WR,BALL ST,1,100.0,1,1,27.0,3.2,0,1,100.0,100.0,1,0,1,0.0,1,0,1,117,60.3,67.3,87.7,,0,0,1,0,0.0,118.8,0.0,0,0,0,0,0,0,0.0,37,37.0
8,Donaven McCulley,144829,WR,MICHIGAN,1,0.0,1,1,17.0,4.1,0,0,0.0,0.0,0,0,0,,1,0,0,222,65.6,54.8,33.8,63.2,0,0,1,0,,39.6,0.0,0,0,0,0,0,1,100.0,0,0.0
8,Chris Jimerson Jr.,198991,QB,N TEXAS,1,100.0,1,1,38.0,3.4,0,1,100.0,100.0,1,0,0,0.0,1,0,1,251,60.3,90.4,89.4,,0,0,1,0,,158.3,0.0,0,0,0,0,1,0,0.0,37,37.0
8,Matthew Sluka,143059,QB,JAMES MAD,1,100.0,1,1,24.0,2.65,0,0,0.0,100.0,1,0,1,0.0,2,0,1,197,68.7,72.2,57.5,69.6,0,0,2,0,100.0,158.3,50.0,1,0,0,0,1,0,0.0,18,18.0
8,Anthony Garcia,174863,WR,UTAH ST,1,100.0,1,1,4.0,1.5,0,0,0.0,100.0,1,0,0,0.0,1,0,0,329,66.2,74.1,60.6,69.4,0,0,1,0,,87.5,0.0,0,0,0,0,0,0,0.0,5,5.0
8,Bryson Graves,175806,WR,COAST CAR,1,100.0,1,1,-6.0,3.4,0,0,0.0,100.0,1,0,0,0.0,1,0,0,141,67.0,66.2,60.4,,0,0,1,0,,95.8,0.0,0,0,0,0,0,0,0.0,7,7.0
8,Weston Bryan,207846,QB,GA SOUTHRN,1,100.0,1,1,-1.0,1.3,0,0,0.0,100.0,1,0,0,0.0,1,0,0,174,69.7,70.2,61.0,65.9,0,0,1,0,,79.2,0.0,0,0,0,0,0,0,0.0,2,2.0
8,Gaston Moore,123756,QB,USF,1,100.0,1,1,0.0,3.9,0,1,50.0,100.0,1,0,0,0.0,2,0,0,327,64.8,73.0,86.5,54.1,0,0,3,0,,95.8,0.0,0,1,0,0,0,0,0.0,7,7.0
8,Tristan Ti'a,204242,QB,OREGON ST,1,100.0,1,1,4.0,1.6,0,0,0.0,100.0,1,0,0,0.0,1,0,1,265,60.3,71.8,70.4,,0,0,1,0,,83.3,0.0,0,0,0,0,0,0,0.0,4,4.0
8,Evan Svoboda,157664,TE,WYOMING,1,0.0,1,1,8.0,1.8,0,0,0.0,0.0,0,0,0,,1,0,0,351,65.6,57.0,33.1,57.1,0,1,1,0,,0.0,0.0,0,0,0,0,0,1,100.0,0,0.0
8,Parker Kingston,163251,WR,BYU,1,0.0,1,1,11.0,3.6,0,0,0.0,0.0,0,0,0,,1,0,0,128,69.4,62.4,54.8,68.5,0,0,1,1,,39.6,0.0,0,0,0,0,0,0,0.0,0,0.0
8,KJ Jackson,184386,QB,ARKANSAS,1,100.0,1,1,2.0,2.6,0,0,0.0,100.0,1,0,1,0.0,1,0,0,111,60.3,61.1,61.0,,0,0,1,0,0.0,79.2,0.0,0,0,0,0,0,0,0.0,3,3.0
8,Devin Kargman,156913,QB,KENT STATE,1,,0,1,,3.2,0,0,0.0,0.0,0,0,1,,1,0,0,201,60.3,58.8,60.0,,0,0,1,0,0.0,39.6,0.0,0,0,0,1,0,0,0.0,0,0.0
8,Mason Love,184495,K,S CAROLINA,1,0.0,1,1,7.0,1.6,0,0,0.0,0.0,0,0,0,,1,0,0,289,60.3,46.3,32.7,,0,1,1,0,,0.0,0.0,0,0,0,0,0,1,100.0,0,0.0
8,Angel Flores,164493,QB,C MICHIGAN,1,100.0,1,1,-2.0,1.5,0,0,0.0,100.0,1,0,0,0.0,1,0,0,134,76.4,80.3,61.0,74.9,0,0,1,1,,79.2,0.0,0,0,0,0,0,0,0.0,1,1.0
8,JacQai Long,184703,QB,MARSHALL,1,100.0,1,1,1.0,2.65,0,0,0.0,100.0,1,0,1,0.0,2,0,0,214,61.8,59.2,58.9,,0,0,2,0,100.0,79.2,50.0,1,0,0,0,0,0,0.0,3,3.0
8,Devin Brown,156479,QB,CAL,1,100.0,1,1,4.0,2.0,0,0,0.0,100.0,1,0,0,0.0,1,0,0,130,60.3,61.1,61.0,,0,0,1,0,,87.5,0.0,0,0,0,0,0,0,0.0,5,5.0
8,Whitt Newbauer,188566,QB,OKLAHOMA,1,100.0,1,1,-2.0,1.7,0,0,0.0,100.0,1,0,0,0.0,1,0,0,261,60.3,61.7,61.0,,0,0,1,0,,79.2,0.0,0,0,0,0,0,0,0.0,-2,-2.0
8,Cam Vaughn,170441,WR,W VIRGINIA,1,0.0,1,1,32.0,5.1,0,0,0.0,0.0,0,0,0,,1,0,0,343,63.7,53.7,50.1,,0,0,1,0,,39.6,0.0,0,0,0,0,0,0,0.0,0,0.0
8,Jojo Stone,183321,WR,FIU,1,0.0,1,1,10.0,3.6,0,0,0.0,0.0,0,0,1,,1,0,0,166,63.7,78.1,54.8,,0,0,1,0,0.0,39.6,0.0,0,0,0,0,0,0,0.0,0,0.0
8,Gevani McCoy,147609,QB,TEMPLE,1,100.0,1,1,0.0,1.8,0,0,0.0,100.0,1,0,1,0.0,3,0,1,306,67.7,54.9,58.9,56.9,0,0,3,0,0.0,118.8,0.0,0,1,0,0,0,0,0.0,18,18.0
8,Oscar Doyle,192649,P,BOISE ST,1,100.0,1,1,2.0,2.0,0,0,0.0,100.0,1,0,0,0.0,1,0,1,120,60.3,71.8,74.3,,0,0,1,0,,112.5,0.0,0,0,0,0,0,0,0.0,11,11.0
8,Hunter Herring,147138,QB,LA MONROE,1,100.0,1,1,12.0,2.6,0,0,0.0,100.0,1,0,0,0.0,1,0,1,209,67.9,59.3,72.6,53.6,0,0,1,0,,135.4,0.0,0,0,0,0,1,0,0.0,7,7.0
8,Trent Walker,146340,WR,OREGON ST,1,0.0,1,1,20.0,2.9,0,0,0.0,0.0,0,0,1,,1,0,0,265,72.6,55.5,37.9,,0,0,1,0,0.0,39.6,0.0,0,0,0,0,0,1,100.0,0,0.0
8,Cason Carswell,206621,QB,W ILLINOIS,1,73.9,46,51,7.6,2.68,1,3,5.8,66.7,34,0,12,0.0,52,0,16,345,71.9,75.1,76.2,57.6,1,1,53,0,8.3,93.2,1.9,1,0,0,3,2,0,0.0,375,7.4
8,Brady Stober,203110,QB,SAMFORD,1,78.3,46,46,7.6,2.66,0,1,2.1,76.1,35,0,9,2.8,54,1,14,282,72.0,62.7,56.9,71.0,0,1,56,0,44.4,104.6,7.4,4,4,0,0,3,2,3.6,292,6.3
8,Caleb Sanchez,191601,QB,COLUMBIA,1,60.5,43,46,10.9,2.96,1,2,4.1,56.5,26,0,19,0.0,50,0,16,145,69.8,68.3,69.3,57.0,0,0,53,0,15.8,90.9,6.0,3,1,0,2,2,0,0.0,300,6.5
8,DJ Williams,138061,QB,S ILLINOIS,1,72.1,43,46,5.9,2.14,3,1,2.0,63.0,29,0,8,6.5,48,2,14,295,71.5,58.1,51.8,73.2,0,1,51,0,12.5,76.1,2.1,1,1,0,0,1,2,3.9,257,5.6
8,Brady Olson,147415,QB,CENT CT ST,1,70.5,44,45,9.7,2.36,0,3,6.3,55.6,25,0,8,19.4,47,6,14,133,45.2,65.7,72.0,47.0,1,2,50,0,0.0,60.1,0.0,0,2,0,0,1,3,6.0,247,5.5
8,Jake Stearney,171991,QB,COLGATE,1,61.5,39,43,13.4,2.05,0,1,2.1,53.5,23,0,10,4.2,44,1,16,142,71.8,76.2,74.6,65.0,1,2,49,1,10.0,68.4,2.3,1,0,1,2,1,1,2.0,344,8.0
8,Coulter Cleland,165212,QB,DAVIDSON,1,65.9,41,42,9.6,2.73,0,2,4.4,52.4,22,0,21,18.5,49,5,14,149,41.8,57.5,56.6,60.2,0,0,52,2,19.0,70.7,8.2,4,3,0,1,0,2,3.8,252,6.0
8,Matthew Schecklman,159420,QB,N IOWA,1,60.5,38,40,10.0,3.16,0,0,0.0,55.0,22,0,14,4.3,50,1,14,255,43.6,56.8,52.7,64.4,0,0,52,0,35.7,84.3,10.0,5,5,0,2,2,1,1.9,189,4.7
8,Matt Vezza,176960,QB,NEW HAMP,1,67.6,37,40,11.4,2.71,0,1,2.3,60.0,24,0,13,4.0,47,1,16,240,71.1,73.7,69.3,70.0,0,0,50,0,7.7,84.4,2.1,1,6,0,3,1,0,0.0,230,5.8
8,Dean DeNobile,159740,QB,LAFAYETTE,1,48.6,37,40,9.1,2.51,0,0,0.0,45.0,18,0,11,0.0,40,0,8,203,69.2,35.9,36.2,,0,1,43,2,0.0,55.8,0.0,0,0,0,3,1,4,9.3,176,4.4
8,Trey Hedden,185848,QB,FURMAN,1,76.3,38,39,7.5,2.61,0,0,0.0,69.2,27,0,18,6.9,44,2,13,170,69.3,63.2,62.4,,1,3,45,0,27.8,63.7,11.4,5,0,0,0,1,3,6.7,257,6.6
8,RJ Johnson,171379,QB,FL A&M,1,80.0,35,38,8.6,2.4,0,1,2.5,68.4,26,0,13,7.1,42,2,16,164,70.9,74.8,70.0,77.1,1,0,44,1,15.4,103.8,4.8,2,2,0,2,1,0,0.0,328,8.6
8,Collin Shannon,160918,QB,VA MILT IN,1,69.4,36,38,11.4,2.71,1,1,2.5,63.2,24,0,17,4.0,46,1,16,336,69.9,80.2,79.2,64.6,0,1,48,0,35.3,107.2,13.0,6,2,0,1,2,1,2.1,419,11.0
8,Nate Glantz,157587,QB,LNDNWD,1,60.0,35,38,12.4,3.09,0,3,7.5,50.0,19,0,15,9.5,44,2,14,949,72.9,77.9,73.6,70.5,1,0,46,0,26.7,111.2,9.1,4,2,0,2,4,0,0.0,295,7.8
8,Gunnar Smith,162611,QB,FORDHAM,1,69.7,33,35,7.6,2.73,1,2,5.6,60.0,21,0,7,8.7,38,2,10,168,71.1,58.2,53.6,70.5,0,1,39,0,42.9,78.0,7.9,3,0,0,1,1,3,7.7,238,6.8
8,James Murphy,177426,QB,BROWN,1,74.2,31,35,6.3,2.68,2,0,0.0,62.9,22,0,9,4.3,42,1,11,123,70.2,41.9,43.7,49.9,1,3,46,0,33.3,39.3,7.1,3,4,0,1,0,3,6.5,173,4.9
8,Sonny Mannino,166694,QB,MARIST,1,69.7,33,35,7.5,3.17,2,1,2.8,65.7,23,0,19,0.0,50,0,18,213,70.9,59.1,50.3,69.8,0,0,53,0,26.3,95.9,10.0,5,10,0,0,1,1,1.9,248,7.1
8,Jordan Barton,86281,QB,WAGNER,1,72.7,33,35,7.5,2.91,1,1,2.7,57.1,20,0,17,16.7,44,4,10,338,37.0,56.9,55.9,59.5,0,1,46,2,23.5,70.9,9.1,4,5,0,1,1,2,4.3,198,5.7
8,EJ Colson,190335,QB,INCAR WORD,1,78.8,33,34,10.4,3.13,0,5,13.5,70.6,24,0,10,7.7,45,2,13,189,70.3,67.5,63.2,67.0,0,2,48,0,30.0,89.7,6.7,3,8,0,1,2,2,4.2,275,8.1
8,Camden Orth,108965,QB,CHATTNOOGA,1,72.4,29,34,10.8,2.46,1,3,8.6,58.8,20,0,13,4.8,39,1,17,137,69.5,71.7,71.3,65.2,1,0,40,2,7.7,132.4,2.6,1,4,2,1,4,2,5.0,343,10.1
8,Cole Pennington,156787,QB,GARD-WEBB,1,54.5,33,33,15.6,3.18,0,3,9.1,54.5,18,0,7,0.0,41,0,13,171,21.6,53.1,58.5,48.9,0,3,42,0,28.6,39.5,4.9,2,6,0,0,0,4,9.5,236,7.2
8,Keali'i Ah Yat,178141,QB,MONTANA,1,84.4,32,33,7.6,2.94,0,2,5.9,81.8,27,0,6,0.0,37,0,20,232,69.3,82.6,79.7,68.9,0,0,38,0,16.7,150.3,2.7,1,3,0,1,5,0,0.0,349,10.6
8,Eric Gibson Jr.,168461,QB,N COLORADO,1,77.4,31,33,9.7,2.36,1,3,8.3,63.6,21,0,3,12.5,35,3,12,253,69.8,73.3,67.6,76.1,0,4,38,0,33.3,86.4,2.9,1,1,0,1,3,3,7.9,321,9.7
8,Jim Ogle,192530,QB,MURRAY ST,1,66.7,33,33,7.4,2.27,0,1,2.8,63.6,21,0,13,4.5,35,1,11,236,70.6,31.2,29.4,62.8,0,4,38,0,15.4,77.3,5.7,2,0,0,0,2,5,13.2,329,10.0
8,Chris Dietrich,190659,QB,BUCKNELL,1,63.3,30,33,11.7,3.35,0,0,0.0,57.6,19,0,15,0.0,43,0,13,125,69.3,57.0,62.7,48.7,3,2,44,0,6.7,72.8,2.3,1,9,0,0,2,2,4.5,220,6.7
8,Kyle Wickersham,148418,QB,RICHMOND,1,75.9,29,32,9.3,2.85,0,1,2.9,62.5,20,0,19,9.1,38,2,10,276,44.2,64.0,68.7,57.4,3,0,40,1,5.3,93.0,2.6,1,5,0,0,1,0,0.0,218,6.8
8,Taron Dickens,177946,QB,W CAROLINA,1,84.4,32,32,8.3,2.69,0,3,8.8,84.4,27,0,14,0.0,43,0,21,344,70.6,83.1,88.8,56.1,0,1,45,0,28.6,141.9,9.3,4,7,0,0,5,0,0.0,374,11.7
8,Cameron Peters,123326,QB,PRVIEW A&M,1,76.7,30,32,7.7,2.04,1,0,0.0,62.5,20,0,8,13.0,33,3,9,270,69.0,72.8,72.1,56.8,0,0,33,0,0.0,94.5,0.0,0,1,0,1,1,0,0.0,230,7.2
8,Johnny Weber,192878,QB,SE MO ST,1,80.0,30,31,7.9,2.45,1,2,6.1,67.7,21,0,7,12.5,36,3,11,293,69.8,82.0,83.9,59.4,0,1,38,0,14.3,122.7,2.8,1,4,0,0,4,2,5.3,283,9.1
8,Nate Bell,170673,QB,E WASHGTON,1,67.9,28,31,9.6,3.18,1,0,0.0,58.1,18,0,11,5.3,34,1,8,161,75.8,87.2,77.5,78.5,0,1,35,0,9.1,82.3,2.9,1,2,0,2,2,1,2.9,177,5.7
8,Tyriq Starks,156514,QB,HOWARD,1,68.0,25,29,6.3,3.06,1,1,3.4,55.2,16,0,15,5.9,37,1,8,184,70.6,57.5,57.7,57.6,3,2,37,0,26.7,37.4,10.8,4,4,0,0,0,1,2.7,126,4.3
8,Jaden Craig,159342,QB,HARVARD,1,75.9,29,29,14.0,2.64,0,4,11.8,58.6,17,0,3,22.7,32,5,11,179,69.3,90.2,91.3,51.0,0,1,37,0,33.3,91.9,3.1,1,2,0,0,1,1,2.7,305,10.5
8,Adam Urena,186682,QB,MERCYHURST,1,52.0,25,29,10.3,2.61,2,1,3.2,34.5,10,0,14,23.1,33,3,3,977,29.1,62.2,61.9,,0,0,35,0,28.6,43.3,12.1,4,0,0,2,0,1,2.9,82,2.8
8,Kai Colon,167663,QB,PRINCETON,1,74.1,27,29,10.9,2.51,1,0,0.0,65.5,19,0,8,5.0,31,1,10,272,69.0,75.9,72.8,68.3,0,1,33,1,12.5,95.8,3.2,1,1,0,1,2,0,0.0,212,7.3
8,Grayson Saunier,171185,QB,DARTMOUTH,1,75.0,28,29,8.8,2.83,0,2,6.9,72.4,21,0,7,0.0,35,0,13,148,30.4,74.6,83.2,49.9,0,0,35,0,0.0,125.8,0.0,0,6,0,1,2,1,2.9,281,9.7
8,Jack O'Connell,165100,QB,STHLSK,1,58.3,24,28,7.6,2.28,1,0,0.0,46.4,13,0,8,7.1,31,1,6,1470,69.0,54.1,48.6,71.0,1,0,33,0,25.0,57.0,6.5,2,1,0,2,0,1,3.0,109,3.9
8,Cade McNamara,101620,QB,E TENN ST,1,78.6,28,28,5.4,2.1,0,2,6.7,67.9,19,0,7,13.6,30,3,9,157,69.8,82.9,76.3,78.6,0,0,32,0,14.3,99.6,3.3,1,1,0,0,1,0,0.0,195,7.0
8,Collin Hurst,177732,QB,PRESBYTERN,1,75.0,28,28,7.9,2.14,0,2,6.9,71.4,20,0,4,4.8,30,1,12,271,68.8,76.8,75.3,62.9,0,1,31,0,50.0,95.1,6.7,2,0,0,0,1,1,3.2,245,8.8
8,Zach Tanner,159923,QB,ROB MORRIS,1,62.5,24,27,7.3,2.27,2,0,0.0,51.9,14,0,6,6.7,29,1,6,277,68.1,43.1,42.5,,0,1,29,0,33.3,69.5,6.9,2,0,1,0,1,1,3.4,177,6.6
8,Jaylon Tolbert,154757,QB,ALCORN ST,1,76.0,25,27,8.6,2.72,0,1,3.7,70.4,19,0,7,0.0,30,0,9,107,70.2,73.4,66.7,72.5,0,0,30,0,14.3,113.5,3.3,1,2,0,2,2,1,3.3,182,6.7
8,Liam O'Brien,164675,QB,PENN,1,79.2,24,26,9.1,3.1,0,0,0.0,65.4,17,0,9,10.5,28,2,14,267,74.2,66.8,52.1,77.7,0,2,31,1,22.2,107.7,7.1,2,0,0,2,4,3,9.7,272,10.5
8,Myles Burkett,158691,QB,E KENTUCKY,1,56.0,25,26,8.4,3.08,0,0,0.0,53.8,14,0,12,0.0,33,0,6,159,70.0,47.5,46.2,58.2,0,1,34,0,33.3,65.1,12.1,4,3,0,1,1,2,5.9,133,5.1
8,Luca Stanzani,159449,QB,LIUSHAR,1,65.2,23,26,10.2,2.25,3,0,0.0,57.7,15,0,7,0.0,28,0,8,1298,71.5,49.1,40.4,69.2,0,1,29,1,28.6,63.5,7.1,2,0,0,0,1,2,6.9,103,4.0
8,Jack Snyder,185417,QB,SACR HEART,1,80.8,26,26,9.2,2.75,0,0,0.0,76.9,20,0,12,4.8,33,1,13,280,69.5,79.3,81.9,58.4,0,0,33,0,33.3,126.1,12.1,4,3,0,0,2,0,0.0,214,8.2
8,Ayden Pereira,159129,QB,MERRIMACK,1,73.9,23,26,8.1,3.05,0,0,0.0,50.0,13,0,10,23.5,29,4,9,385,74.8,71.0,71.4,63.1,0,1,30,0,10.0,46.6,3.4,1,2,0,3,0,0,0.0,118,4.5
8,Jack Shields,156830,QB,ALBANY,1,56.0,25,26,11.8,2.86,0,1,3.1,46.2,12,0,12,14.3,34,2,9,106,36.3,49.8,46.1,68.0,0,2,40,0,58.3,52.1,20.6,7,1,0,1,1,2,5.0,192,7.4
8,J.T. Fayard,172783,QB,WOFFORD,1,78.3,23,25,7.3,2.22,0,3,11.5,68.0,17,0,6,5.6,25,1,5,350,70.0,84.6,83.2,65.6,0,1,26,0,0.0,94.9,0.0,0,0,0,2,2,0,0.0,157,6.3
8,Tyler Hughes,159218,QB,WM & MARY,1,76.0,25,25,9.9,2.85,0,1,3.7,76.0,19,0,13,0.0,33,0,10,348,41.4,75.4,78.8,60.3,0,0,35,0,30.8,123.8,12.1,4,3,0,0,2,1,2.9,190,7.6
8,Sam Vidlak,146333,QB,STF AUSTIN,1,83.3,24,25,7.3,2.59,1,2,7.4,72.0,18,0,1,10.0,25,2,8,301,67.9,69.0,68.4,,0,1,27,0,0.0,88.8,0.0,0,0,0,0,1,1,3.7,180,7.2
8,Braden Graham,191899,QB,HOLY CROSS,1,58.3,24,25,8.5,2.28,0,0,0.0,52.0,13,0,7,7.1,26,1,6,181,69.1,44.2,42.0,60.1,0,0,27,0,14.3,60.6,3.8,1,0,0,1,0,1,3.7,91,3.6
8,Dante Reno,184498,QB,YALE,1,75.0,24,25,11.0,2.53,0,3,11.5,64.0,16,0,6,11.1,29,2,11,352,28.8,83.7,91.1,48.5,0,0,30,0,0.0,113.3,0.0,0,4,1,0,1,1,3.3,267,10.7
8,Zolten Osborne,178620,QB,CHARLES SO,1,65.2,23,25,13.1,2.63,0,4,14.3,56.0,14,0,10,6.7,27,1,12,135,69.8,90.5,90.3,60.8,1,0,30,0,20.0,132.0,7.4,2,0,0,1,4,1,3.3,262,10.5
8,Victor Gabalis,131932,QB,TARLETON,1,65.2,23,24,17.3,2.83,0,3,12.5,54.2,13,0,9,13.3,29,2,9,401,68.2,80.1,81.0,57.3,0,1,30,0,55.6,116.0,17.2,5,0,0,1,3,1,3.3,268,11.2
8,Keegan Patterson,158465,QB,INDIANA ST,1,69.6,23,24,7.7,2.32,0,0,0.0,58.3,14,0,11,12.5,25,2,4,191,70.1,48.7,45.0,62.5,1,1,27,0,9.1,51.9,4.0,1,0,0,0,0,2,7.4,107,4.5
8,Aidan Bouman,122508,QB,S DAKOTA,1,66.7,24,24,7.6,2.73,0,1,3.8,66.7,16,0,9,0.0,26,0,10,291,68.6,65.8,64.8,60.0,0,0,28,0,22.2,121.2,7.7,2,0,0,0,2,0,0.0,206,8.6
8,Ron Peace,186224,QB,TXAMCO,1,60.9,23,24,9.6,2.8,1,0,0.0,54.2,13,0,12,7.1,29,1,10,1139,28.8,72.0,63.7,76.9,0,0,30,0,16.7,108.3,6.9,2,3,0,0,2,2,6.7,192,8.0
8,Reagan Andrew,161309,QB,BUTLER,1,81.8,22,23,5.5,2.1,0,1,4.2,78.3,18,0,4,0.0,25,0,10,127,75.6,70.1,72.4,61.5,0,0,26,0,50.0,142.0,8.0,2,0,0,1,2,0,0.0,256,11.1
8,Garrett Bass-Sulpizio,171137,QB,CORNELL,1,68.2,22,23,7.0,2.38,1,1,4.2,60.9,14,0,5,6.7,26,1,10,147,31.3,61.3,49.6,72.9,0,0,27,0,40.0,97.0,7.7,2,1,0,0,1,1,3.7,164,7.1
8,Stone Earle,123504,QB,ABILENE CH,1,78.3,23,23,8.4,3.29,0,1,4.2,73.9,17,0,16,5.6,35,1,9,100,72.4,57.1,54.7,60.2,0,3,36,0,31.3,79.3,14.3,5,7,0,0,1,2,5.6,225,9.8
8,Dez Thomas II,177368,QB,GEORGETOWN,1,77.3,22,23,9.1,2.67,0,1,4.3,73.9,17,0,10,0.0,31,0,11,172,29.7,66.5,61.6,66.6,1,0,32,0,20.0,100.5,6.5,2,5,0,0,0,0,0.0,203,8.8
8,Davin Wydner,163672,QB,W GEORGIA,1,52.4,21,23,9.8,3.18,0,1,4.2,47.8,11,0,22,0.0,33,0,8,1177,32.6,65.0,58.0,69.9,0,1,34,0,27.3,58.8,18.2,6,4,0,2,1,2,5.9,113,4.9
8,Byron McNair,128017,QB,TENN STATE,1,95.0,20,23,3.4,2.6,1,0,0.0,82.6,19,0,9,0.0,28,0,8,308,28.3,65.3,64.2,61.4,1,0,28,0,22.2,138.1,7.1,2,3,0,1,3,1,3.6,176,7.7
8,Aiden McCown,178971,QB,LAMAR,1,85.7,21,23,8.4,3.06,0,2,8.7,73.9,17,0,14,5.6,37,1,12,204,69.4,65.0,70.9,55.8,0,1,39,0,14.3,111.3,5.4,2,12,0,2,2,0,0.0,203,8.8
8,Jake Strong,173651,QB,MCNEESE,1,60.9,23,23,7.1,2.13,0,0,0.0,60.9,14,0,7,0.0,26,0,9,217,73.9,61.3,36.8,80.4,0,1,26,0,28.6,58.8,7.7,2,1,0,0,0,2,7.7,133,5.8
8,Logan Inagawa,206029,QB,DRAKE,1,89.5,19,22,6.9,3.18,0,1,4.3,72.7,16,0,8,5.9,25,1,11,153,69.0,78.6,81.1,58.3,0,0,26,0,0.0,137.5,0.0,0,2,0,3,3,0,0.0,186,8.5
8,Eddie Lee Marburger,145511,QB,TXRG,1,61.9,21,22,14.2,2.98,0,1,4.5,40.9,9,0,11,30.8,31,4,7,1445,69.8,55.0,57.6,53.6,0,1,31,0,36.4,67.6,12.9,4,5,1,0,2,1,3.2,106,4.8
8,John-Keawe Sagapolutele,175709,QB,PORTLAND,1,55.0,20,22,7.0,2.29,1,1,4.5,50.0,11,0,9,0.0,25,0,6,269,27.9,29.6,29.2,56.2,0,3,25,0,33.3,30.3,12.0,3,0,0,1,0,4,16.0,138,6.3
8,Kekoa Visperas,147588,QB,TENN TECH,1,81.8,22,22,8.0,2.91,0,1,4.5,72.7,16,0,8,11.1,26,2,11,309,20.8,74.6,72.2,66.3,0,0,26,0,37.5,135.0,11.5,3,1,0,0,3,1,3.8,173,7.9
8,Luke Marble,188423,QB,S DAK ST,1,65.0,20,21,10.2,2.97,0,2,9.1,61.9,13,0,4,0.0,25,0,7,292,69.0,55.3,54.3,57.5,0,1,26,0,0.0,103.1,0.0,0,4,0,1,2,3,11.5,189,9.0
8,Eric Rodriguez,160057,QB,TXAMCO,1,85.0,20,21,10.3,2.24,0,5,23.8,76.2,16,0,5,5.9,23,1,10,1139,27.3,92.8,92.0,72.7,0,0,23,0,20.0,135.6,4.3,1,1,0,1,2,1,4.3,193,9.2
8,Amari Powell,165320,QB,STTHOM,1,78.9,19,20,12.5,2.52,0,3,15.0,65.0,13,0,3,13.3,20,2,11,1129,69.1,91.3,91.0,66.5,0,0,20,0,0.0,147.9,0.0,0,0,0,1,3,1,5.0,265,13.3
8,Ashton Strother,208047,QB,SOUTHERN U,1,66.7,18,20,11.6,3.46,0,0,0.0,60.0,12,0,7,0.0,26,0,6,297,29.2,58.3,69.9,44.1,0,1,28,0,14.3,48.1,3.8,1,5,0,2,0,0,0.0,81,4.1
8,Eli Anderson,201571,QB,NWSTATE,1,56.3,16,20,4.0,3.08,0,1,5.0,45.0,9,0,13,0.0,26,0,3,257,29.4,46.6,50.2,54.1,0,1,26,1,30.8,38.8,15.4,4,2,0,4,0,2,7.7,96,4.8
8,Devin Farrell,157658,QB,RHODE ISLD,1,100.0,19,20,10.2,2.8,0,3,14.3,95.0,19,0,8,0.0,24,0,14,274,68.3,93.3,93.2,63.1,1,0,25,0,50.0,158.3,16.7,4,0,0,0,4,0,0.0,342,17.1
8,Dijon Jennings,156891,QB,WEBER ST,1,77.8,18,19,3.1,2.08,0,0,0.0,68.4,13,0,7,7.1,20,1,5,342,69.1,54.0,52.0,59.5,1,1,20,0,14.3,64.1,5.0,1,0,0,0,0,1,5.0,123,6.5
8,Landen Clark,188534,QB,ELON,1,82.4,17,18,12.8,3.58,0,0,0.0,77.8,14,0,12,0.0,31,0,8,162,73.3,83.0,77.6,72.3,0,1,33,0,33.3,123.1,12.9,4,9,0,1,2,1,3.0,184,10.2
8,Destin Wade,163784,QB,N ALABAMA,1,75.0,16,18,7.9,2.91,1,2,11.1,61.1,11,0,7,8.3,23,1,9,389,74.6,79.4,78.7,67.7,0,0,24,0,14.3,119.4,4.3,1,4,0,1,2,0,0.0,127,7.1
8,Cole Payton,148154,QB,N DAK ST,1,82.4,17,18,13.8,3.88,1,0,0.0,66.7,12,0,9,14.3,25,2,14,250,69.5,90.0,82.4,77.2,0,1,25,1,11.1,87.5,4.0,1,6,0,0,1,0,0.0,149,8.3
8,Braden Davis,158114,QB,HAMPTON,1,72.2,18,18,6.8,2.53,0,0,0.0,61.1,11,0,6,15.4,24,2,6,178,20.6,43.4,56.6,38.2,0,1,28,0,50.0,63.2,12.5,3,3,0,0,1,1,3.6,64,3.6
8,Carter Cravens,150714,QB,MOREHEAD,1,87.5,16,17,11.1,2.84,0,1,5.9,70.6,12,0,5,14.3,20,2,7,234,18.1,66.8,90.3,38.1,0,1,20,0,0.0,91.1,0.0,0,3,0,1,1,0,0.0,143,8.4
8,Bronson Barron,141710,QB,SO UTAH,1,87.5,16,17,6.8,2.86,1,1,5.6,76.5,13,0,6,7.1,22,1,8,298,68.8,76.6,76.7,61.2,0,1,23,0,50.0,88.1,13.6,3,2,0,0,1,0,0.0,111,6.5
8,Deuce Hogan,129470,QB,NICHOLLS,1,66.7,15,17,4.7,2.36,0,0,0.0,52.9,9,0,10,10.0,21,1,3,243,33.1,42.8,45.5,51.0,0,0,22,0,20.0,58.7,9.5,2,1,0,2,0,0,0.0,43,2.5
8,Maddox Kopp,144251,QB,HOUCHR,1,53.8,13,16,11.6,3.23,0,1,5.9,37.5,6,0,6,14.3,19,1,5,183,68.5,60.7,63.3,55.7,1,1,20,0,0.0,32.0,0.0,0,3,0,2,0,0,0.0,95,5.9
8,Jase Bauer,145714,QB,TENN MARTN,1,93.8,16,16,7.6,2.45,0,3,18.8,93.8,15,0,2,0.0,17,0,8,310,70.7,94.2,94.6,74.8,0,0,17,0,0.0,131.8,0.0,0,1,0,0,1,0,0.0,170,10.6
8,Cardell Williams,156190,QB,SACRAMENTO,1,60.0,15,16,6.5,2.89,0,0,0.0,50.0,8,0,6,11.1,20,1,3,279,69.3,65.1,60.9,58.7,0,0,20,0,50.0,88.0,15.0,3,1,0,1,1,0,0.0,90,5.6
8,Drew VanVleet,177653,QB,DAYTON,1,50.0,14,16,12.2,2.25,2,0,0.0,43.8,7,0,5,0.0,17,0,4,150,67.7,57.3,58.0,57.3,0,0,19,0,20.0,82.6,5.9,1,0,0,0,1,0,0.0,89,5.6
8,Nick Josifek,175092,QB,IDAHO,1,66.7,12,15,14.8,3.18,1,1,6.3,46.7,7,1,4,12.5,18,1,6,185,67.0,80.2,77.4,66.8,0,0,19,1,0.0,101.8,0.0,0,3,1,1,1,0,0.0,139,9.3
8,Jerry Kaminski,177155,QB,N DAKOTA,1,66.7,15,15,4.4,2.16,0,0,0.0,60.0,9,0,7,10.0,16,1,5,249,71.6,68.7,59.6,69.4,0,0,16,0,0.0,94.6,0.0,0,1,0,0,1,0,0.0,73,4.9
8,Chris Stephenson,178446,QB,STETSON,1,42.9,14,15,8.6,2.52,0,0,0.0,40.0,6,0,6,0.0,19,0,2,302,71.7,57.4,42.6,70.4,1,0,19,0,33.3,47.9,10.5,2,2,0,0,0,0,0.0,35,2.3
8,Tyler Riddell,102355,QB,DUQUESNE,1,50.0,14,14,9.6,2.74,0,0,0.0,50.0,7,0,4,0.0,16,0,6,155,66.5,50.2,39.5,70.8,0,1,16,1,0.0,65.5,0.0,0,2,0,0,1,1,6.3,93,6.6
8,Ryan Jackson,192201,QB,STTHOM,1,85.7,14,14,5.4,2.84,0,0,0.0,71.4,10,0,4,16.7,15,2,5,1129,71.1,74.3,73.7,64.0,0,0,15,0,25.0,83.9,6.7,1,0,0,0,0,0,0.0,75,5.4
8,Tyrese Smith,185065,QB,PORTLAND,1,64.3,14,14,15.6,2.85,0,2,14.3,64.3,9,0,3,0.0,15,0,6,269,71.1,82.8,81.3,67.5,0,1,15,0,0.0,100.3,0.0,0,1,0,0,1,1,6.7,170,12.1
8,Bryce Schondelmyer,171537,QB,DAYTON,1,69.2,13,14,12.9,2.34,0,2,14.3,64.3,9,0,3,0.0,14,0,4,150,66.2,80.1,79.5,,0,0,14,0,0.0,102.4,0.0,0,0,0,1,1,0,0.0,77,5.5
8,Gunner Chenier,189305,QB,STETSON,1,57.1,14,14,13.4,2.46,0,1,7.1,57.1,8,0,7,0.0,16,0,3,302,72.5,66.7,61.1,66.3,0,1,16,0,14.3,70.5,6.3,1,1,0,0,1,1,6.3,90,6.4
8,Pat McQuaide,145792,QB,VILLANOVA,1,76.9,13,13,11.5,2.25,0,1,6.7,76.9,10,0,3,0.0,14,0,7,334,67.4,90.5,90.2,62.4,0,0,16,0,33.3,157.9,7.1,1,0,0,0,5,0,0.0,166,12.8
8,Cole LaCrue,170324,QB,E ILLINOIS,1,33.3,12,13,17.8,3.46,1,0,0.0,30.8,4,0,5,0.0,19,0,3,158,71.7,59.6,29.5,86.7,0,3,19,0,60.0,1.6,15.8,3,3,0,0,0,2,10.5,42,3.2
8,Jack Wagner,175111,QB,IDAHO,1,80.0,10,12,9.0,3.15,2,0,0.0,66.7,8,0,3,0.0,17,0,4,185,69.5,64.3,68.3,60.9,0,1,17,0,66.7,80.9,11.8,2,3,0,0,1,1,5.9,87,7.3
8,Mike Chandler II,139371,QB,CAMPBELL,1,75.0,12,12,12.3,2.99,0,1,8.3,75.0,9,0,5,0.0,14,0,4,131,27.1,51.4,68.1,46.0,0,0,15,1,20.0,116.7,7.1,1,1,0,0,0,2,13.3,158,13.2
8,KJ Cooper,197019,QB,TEXAS STHN,1,80.0,10,12,11.1,3.32,0,1,8.3,50.0,6,0,1,25.0,13,2,3,313,21.7,70.9,61.8,72.1,0,1,14,0,0.0,88.2,0.0,0,1,0,2,2,2,14.3,114,9.5
8,Connor Wolf,191443,QB,E ILLINOIS,1,40.0,10,10,9.7,2.71,0,1,10.0,40.0,4,0,4,0.0,12,0,2,158,19.2,44.4,45.0,57.3,0,1,12,0,25.0,29.2,8.3,1,1,0,0,0,2,16.7,80,8.0
8,Ean Rodrigue,178002,QB,NICHOLLS,1,90.0,10,10,3.9,2.37,0,0,0.0,90.0,9,0,2,0.0,11,0,4,243,67.7,70.9,73.0,59.0,0,0,12,0,0.0,136.7,0.0,0,1,0,0,1,0,0.0,88,8.8
8,Jake Weir,146840,QB,HOUCHR,1,30.0,10,10,15.0,3.07,0,0,0.0,30.0,3,0,5,0.0,10,0,2,183,65.6,39.9,34.6,64.3,0,1,11,0,0.0,0.0,0.0,0,0,0,0,0,2,18.2,21,2.1
8,Rowan Keefe,165386,QB,VALPO,1,66.7,9,10,9.8,2.44,1,1,9.1,40.0,4,0,3,33.3,11,2,1,332,21.9,69.5,67.7,62.6,0,1,12,0,33.3,9.6,9.1,1,0,0,0,0,1,8.3,33,3.3
8,Kyle Lowe,156595,QB,SE LA,1,90.0,10,10,6.1,2.25,0,0,0.0,90.0,9,0,2,0.0,11,0,6,294,69.9,77.0,86.3,53.6,0,0,12,0,0.0,146.3,0.0,0,1,0,0,1,0,0.0,111,11.1
8,Carson Camp,141837,QB,SE LA,1,62.5,8,9,13.5,3.26,0,1,11.1,44.4,4,0,4,20.0,11,1,4,294,66.7,64.3,66.0,63.1,0,0,11,1,0.0,116.0,0.0,0,2,0,1,1,0,0.0,86,9.6
8,Caron Tyler,177813,QB,VALPO,1,75.0,8,9,8.6,2.84,0,1,11.1,66.7,6,0,10,0.0,18,0,3,332,70.7,55.2,68.0,50.1,1,1,18,0,30.0,50.5,16.7,3,6,0,0,0,1,5.6,70,7.8
8,Josh Brown,181411,QB,MS VLY ST,1,50.0,8,9,14.1,2.54,0,0,0.0,33.3,3,0,3,25.0,9,1,3,228,69.2,33.0,29.7,56.7,0,0,11,0,0.0,56.7,0.0,0,0,0,1,0,1,9.1,58,6.4
8,Will Currid,192701,QB,BROWN,1,75.0,8,8,6.6,2.69,0,0,0.0,75.0,6,0,3,0.0,9,0,2,123,65.4,56.5,59.5,57.3,0,0,10,0,0.0,82.3,0.0,0,1,0,0,0,0,0.0,34,4.3
8,Jordyn Potts,174577,QB,E KENTUCKY,1,60.0,5,6,16.4,2.79,0,0,0.0,50.0,3,0,3,0.0,7,0,2,159,64.6,58.6,58.1,,0,0,7,0,33.3,63.9,14.3,1,0,0,1,0,0,0.0,29,4.8
8,Kingston Tisdell,202557,QB,WEBER ST,1,33.3,6,6,12.5,1.82,0,0,0.0,33.3,2,0,1,0.0,6,0,2,342,65.7,43.3,41.6,60.0,0,0,6,0,0.0,48.6,0.0,0,0,0,0,0,1,16.7,27,4.5
8,Brady Ford,200820,QB,E ILLINOIS,1,66.7,6,6,18.8,2.7,0,1,16.7,66.7,4,0,1,0.0,6,0,1,158,64.2,73.5,74.1,,0,1,6,0,0.0,55.6,0.0,0,0,0,0,0,1,16.7,54,9.0
8,Noah Brannock,170937,QB,WM & MARY,1,60.0,5,6,11.6,3.03,1,0,0.0,50.0,3,0,5,0.0,7,0,3,348,67.1,68.3,73.3,56.2,0,0,7,0,20.0,84.7,14.3,1,0,0,0,0,0,0.0,59,9.8
8,Rocco Koch,186165,QB,IDAHO,1,0.0,5,6,14.4,3.6,0,0,0.0,0.0,0,0,1,,7,0,1,185,17.8,43.1,29.2,58.6,0,0,7,0,0.0,39.6,0.0,0,1,0,1,0,1,14.3,0,0.0
8,Robert Coleman,76149,QB,LAMAR,1,50.0,6,6,7.8,2.78,0,0,0.0,50.0,3,0,3,0.0,6,0,2,204,65.7,51.4,50.8,60.0,0,0,6,0,0.0,56.3,0.0,0,0,0,0,0,0,0.0,17,2.8
8,Alex Gevaudan,186621,QB,MERCYHURST,1,66.7,6,6,5.2,2.47,0,0,0.0,66.7,4,0,1,0.0,6,0,1,977,64.2,66.6,66.2,,0,0,6,0,0.0,73.6,0.0,0,0,0,0,0,0,0.0,23,3.8
8,Chase Mason,159444,QB,S DAK ST,1,83.3,6,6,5.5,2.46,0,0,0.0,83.3,5,0,1,0.0,7,0,4,292,18.8,77.5,86.9,55.1,0,0,8,0,0.0,114.6,0.0,0,1,0,0,0,0,0.0,69,11.5
8,Earl Woods III,170445,QB,HAMPTON,1,60.0,5,6,11.6,3.0,0,0,0.0,33.3,2,0,2,33.3,7,1,2,178,70.4,68.4,45.6,76.8,1,0,9,0,0.0,49.3,0.0,0,1,0,0,0,1,11.1,28,4.7
8,Blaine Hipa,167662,QB,PRINCETON,1,80.0,5,5,0.2,1.98,0,0,0.0,80.0,4,0,0,0.0,5,0,0,272,63.8,59.7,58.8,,0,0,5,0,,79.2,0.0,0,0,0,0,0,0,0.0,5,1.0
8,Marshall Howe,158696,QB,YALE,1,40.0,5,5,10.0,2.55,0,0,0.0,40.0,2,0,0,0.0,6,0,1,352,64.6,55.5,58.0,57.3,0,0,7,0,,54.6,0.0,0,1,0,0,0,0,0.0,23,4.6
8,Cobey Thompkins,192469,QB,CITADEL,1,80.0,5,5,24.6,3.2,0,2,40.0,60.0,3,0,2,25.0,7,1,5,139,72.6,90.3,92.6,68.6,0,0,7,0,0.0,143.8,0.0,0,2,0,0,1,0,0.0,111,22.2
8,Aleks Sitkowski,197815,QB,COLGATE,1,20.0,5,5,12.0,1.74,0,0,0.0,20.0,1,0,2,0.0,5,0,0,142,63.8,41.4,41.5,,0,0,5,0,0.0,39.6,0.0,0,0,0,0,0,0,0.0,5,1.0
8,Ty Englehart,162239,QB,PRESBYTERN,1,100.0,4,4,-1.8,1.5,0,0,0.0,100.0,4,0,0,0.0,4,0,4,271,70.4,63.8,51.6,67.4,0,0,5,0,,118.8,0.0,0,0,0,0,0,0,0.0,57,14.3
8,Quentin Hayes,186423,QB,CITADEL,1,50.0,4,4,8.3,3.64,0,0,0.0,50.0,2,0,1,0.0,5,0,1,139,74.3,76.9,61.0,73.5,0,0,6,0,0.0,65.6,0.0,0,1,0,0,0,0,0.0,21,5.3
8,Tanner Maddocks,160443,QB,VILLANOVA,1,66.7,3,4,2.7,2.48,0,0,0.0,50.0,2,0,3,0.0,6,0,3,334,67.0,75.6,32.7,87.4,0,0,6,1,0.0,56.3,0.0,0,2,0,1,0,1,16.7,9,2.3
8,Gavin Rutherford,178188,QB,STF AUSTIN,1,100.0,3,3,-2.0,1.33,0,0,0.0,100.0,3,0,0,0.0,3,0,1,301,8.5,38.4,63.1,39.3,0,0,4,0,,91.7,0.0,0,0,0,0,0,0,0.0,18,6.0
8,Will Burns,173629,QB,SO UTAH,1,100.0,3,3,2.0,2.3,0,0,0.0,66.7,2,0,0,33.3,4,1,0,298,65.2,56.9,63.4,55.5,0,0,4,0,,70.1,0.0,0,1,0,0,0,0,0.0,5,1.7
8,Jordon Davis,182683,QB,TEXAS STHN,1,33.3,3,3,11.0,2.13,0,0,0.0,33.3,1,0,0,0.0,3,0,1,313,19.0,72.1,77.6,58.9,0,0,3,0,,43.8,0.0,0,0,0,0,0,0,0.0,10,3.3
8,Deven Sisler,201812,QB,STHLSK,1,33.3,3,3,10.0,2.92,0,0,0.0,33.3,1,0,3,0.0,6,0,2,1470,64.6,35.3,37.3,56.2,0,0,7,0,66.7,42.4,33.3,2,1,0,0,0,0,0.0,8,2.7
8,Aveon Smith,130529,QB,MERRIMACK,1,0.0,2,2,7.5,2.83,0,0,0.0,0.0,0,0,0,,3,0,1,385,69.7,51.8,38.3,62.1,0,0,3,0,,39.6,0.0,0,1,0,0,0,0,0.0,0,0.0
8,Carson Jones,159807,QB,FURMAN,1,0.0,1,2,13.0,2.5,1,0,0.0,0.0,0,0,2,,2,0,0,170,61.8,54.2,54.1,,0,0,2,0,0.0,39.6,0.0,0,0,0,0,0,0,0.0,0,0.0
8,Nathan Hayes,162204,QB,N DAK ST,1,100.0,2,2,11.5,3.83,0,0,0.0,50.0,1,0,1,50.0,3,1,0,250,64.8,68.6,74.8,57.0,0,0,3,0,0.0,68.8,0.0,0,1,0,0,0,0,0.0,12,6.0
8,Xander Eschelman,202652,QB,COLUMBIA,1,50.0,2,2,3.0,2.37,0,0,0.0,50.0,1,0,3,0.0,3,0,0,145,17.5,37.2,52.2,45.7,0,0,3,0,33.3,66.7,33.3,1,0,0,0,0,0,0.0,11,5.5
8,Mike Ryan,185350,K,MERRIMACK,1,0.0,1,1,5.0,1.8,0,0,0.0,0.0,0,0,0,,1,0,0,385,60.3,55.3,54.4,,0,0,1,0,,39.6,0.0,0,0,0,0,0,0,0.0,0,0.0
8,Jason Penza,185670,QB,LAFAYETTE,1,100.0,1,1,4.0,2.1,0,0,0.0,100.0,1,0,0,0.0,1,0,0,203,69.7,62.3,61.0,60.6,0,0,1,0,,91.7,0.0,0,0,0,0,0,0,0.0,6,6.0
8,Jaden Rashada,171886,QB,SACRAMENTO,1,100.0,1,1,11.0,4.1,0,0,0.0,100.0,1,0,0,0.0,1,0,1,279,60.3,79.5,76.4,,0,0,1,0,,118.8,0.0,0,0,0,0,0,0,0.0,21,21.0
8,Colton Fitzgerald,145980,QB,W GEORGIA,1,0.0,1,1,14.0,2.0,0,0,0.0,0.0,0,0,1,,1,0,0,1177,61.8,29.0,29.3,,0,1,2,0,0.0,0.0,0.0,0,0,0,0,0,1,50.0,0,0.0
8,Hutch Crow,191587,WR,COLUMBIA,1,0.0,1,1,33.0,3.5,0,0,0.0,0.0,0,0,0,,1,0,0,145,69.3,70.9,58.0,,0,0,1,1,,39.6,0.0,0,0,0,0,0,0,0.0,0,0.0
8,Brandon Nunez,183978,QB,MS VLY ST,1,100.0,1,1,27.0,4.3,0,1,100.0,100.0,1,0,0,0.0,2,0,2,228,68.7,92.1,87.7,72.2,0,0,2,0,,158.3,0.0,0,1,0,0,1,0,0.0,39,39.0
8,Cru Newman,185057,WR,PORTLAND,1,100.0,1,1,-1.0,2.7,0,0,0.0,100.0,1,0,0,0.0,1,0,1,269,70.1,63.9,61.0,63.6,0,0,1,0,,87.5,0.0,0,0,0,0,0,0,0.0,5,5.0
8,Matt Schearer,159737,K,BUCKNELL,1,100.0,1,1,-1.0,1.7,0,0,0.0,100.0,1,0,0,0.0,1,0,1,125,60.3,60.6,60.6,,0,0,1,0,,118.8,0.0,0,0,0,0,0,0,0.0,15,15.0
8,Josh Gary,159715,WR,BUCKNELL,1,,0,1,,5.7,0,0,0.0,0.0,0,0,1,,1,0,0,125,64.6,58.5,60.0,,0,0,1,0,0.0,39.6,0.0,0,0,0,1,0,0,0.0,0,0.0
8,Conner Kenyon,126191,QB,RHODE ISLD,1,100.0,1,1,3.0,2.8,0,0,0.0,100.0,1,0,0,0.0,1,0,1,274,60.3,71.9,70.4,,0,0,1,0,,118.8,0.0,0,0,0,0,1,0,0.0,2,2.0
8,Nico Cleaves,182849,QB,VA LYNCHBU,1,44.8,29,31,16.7,3.51,0,2,6.5,35.5,11,0,15,15.4,41,2,9,406,34.5,47.9,52.1,49.7,0,3,41,0,13.3,16.3,4.9,2,8,0,2,1,1,2.4,100,3.2
8,Robert Brazziel,212065,QB,LINCOK,1,82.8,29,30,7.0,3.17,1,1,2.9,70.0,21,0,21,12.5,38,3,11,1452,69.7,70.3,66.6,70.0,0,1,43,0,28.6,69.7,15.8,6,2,0,0,0,1,2.3,167,5.6
8,Jay Carney,164716,QB,LINCOK,1,53.3,15,16,11.3,3.45,0,0,0.0,37.5,6,0,7,25.0,23,2,5,1452,68.1,29.2,30.5,47.7,0,2,23,0,42.9,18.0,13.0,3,4,0,1,0,3,13.0,93,5.8
8,Jabari Ruise,210348,QB,VA LYNCHBU,1,66.7,6,6,4.2,2.56,0,0,0.0,16.7,1,0,2,75.0,8,3,0,406,17.4,57.6,62.8,55.0,0,0,8,0,50.0,40.3,12.5,1,1,0,0,0,0,0.0,19,3.2
week,player,player_id,position,team_name,player_game_count,accuracy_percent,aimed_passes,attempts,avg_depth_of_target,avg_time_to_throw,bats,big_time_throws,btt_rate,completion_percent,completions,declined_penalties,def_gen_pressures,drop_rate,dropbacks,drops,first_downs,franchise_id,grades_hands_fumble,grades_offense,grades_pass,grades_run,hit_as_threw,interceptions,passing_snaps,penalties,pressure_to_sack_rate,qb_rating,sack_percent,sacks,scrambles,spikes,thrown_aways,touchdowns,turnover_worthy_plays,twp_rate,yards,ypa
9,AJ Hairston,184157,QB,UMASS,1,64.3,42,51,11.7,2.91,1,1,1.9,41.2,21,0,27,22.2,58,6,9,216,70.9,46.6,46.7,55.4,4,1,60,1,11.1,42.6,5.2,3,4,0,4,0,3,5.0,176,3.5
9,Nicholas Vattiato,145302,QB,MIDDLE TN,1,71.1,45,50,8.5,2.57,1,1,2.0,62.0,31,0,12,3.1,56,1,19,224,25.2,59.1,62.7,46.9,0,1,56,0,16.7,88.8,3.6,2,4,2,2,3,2,3.6,281,5.6
9,Drew Mestemaker,190616,QB,N TEXAS,1,87.0,46,49,6.5,2.43,1,3,6.1,75.5,37,0,14,7.5,53,3,28,251,39.6,79.7,83.3,45.5,0,1,53,0,21.4,135.4,5.7,3,1,0,2,4,2,3.8,608,12.4
9,Joe Fagnano,104768,QB,UCONN,1,77.3,44,48,5.9,2.48,2,0,0.0,66.7,32,0,12,5.9,51,2,14,146,70.2,65.8,65.8,58.4,1,0,52,0,0.0,108.3,0.0,0,3,0,1,3,0,0.0,344,7.2
9,Mason Heintschel,199088,QB,PITTSBURGH,1,63.8,47,48,10.2,2.73,0,2,3.6,58.3,28,0,16,6.7,50,2,20,268,70.4,61.6,60.5,61.3,0,0,57,0,0.0,108.2,0.0,0,2,0,1,3,3,5.3,423,8.8
9,Grayson James,145214,QB,BOSTON COL,1,55.8,43,47,10.3,2.94,1,2,4.2,48.9,23,0,27,4.2,53,1,15,121,72.3,50.0,47.7,60.1,0,2,54,0,7.4,68.0,3.8,2,4,0,3,3,5,9.3,244,5.2
9,Arch Manning,173162,QB,TEXAS,1,79.1,43,46,8.4,2.61,2,1,2.0,63.0,29,0,18,14.7,53,5,18,311,71.1,81.9,79.0,69.9,0,1,57,0,27.8,98.6,9.4,5,2,0,1,3,0,0.0,346,7.5
9,Blake Baker,170448,QB,LA TECH,1,76.2,42,46,7.6,2.49,0,1,2.2,67.4,31,0,8,3.1,51,1,17,208,71.6,69.2,72.7,55.4,1,1,52,0,0.0,87.2,0.0,0,5,1,2,1,2,3.8,340,7.4
9,Brendon Lewis,131687,QB,MEMPHIS,1,75.0,36,44,8.0,2.97,3,2,4.3,61.4,27,0,13,0.0,50,0,17,218,45.0,72.9,66.5,68.7,2,0,55,0,23.1,97.4,6.0,3,3,0,3,2,3,5.5,307,7.0
9,Trinidad Chambliss,178723,QB,OLE MISS,1,63.2,38,44,8.8,2.33,3,4,8.5,54.5,24,0,13,0.0,47,0,15,226,47.0,74.3,75.6,62.3,0,0,51,0,7.7,84.9,2.1,1,2,0,3,1,0,0.0,315,7.2
9,Byrum Brown,156206,QB,USF,1,75.0,40,44,8.8,3.23,1,1,2.1,59.1,26,0,15,13.3,50,4,19,327,74.4,87.1,80.4,76.2,1,1,53,0,6.7,74.9,2.0,1,5,1,1,1,2,3.8,269,6.1
9,Jacob Clark,101628,QB,MO STATE,1,73.8,42,44,8.1,2.79,2,2,4.3,63.6,28,0,15,9.7,48,3,12,230,69.7,66.5,65.6,,0,2,50,0,26.7,84.3,8.3,4,0,0,0,3,3,6.0,268,6.1
9,Ty Simpson,157008,QB,ALABAMA,1,65.9,41,43,11.9,2.81,1,0,0.0,55.8,24,0,14,11.1,48,3,17,103,39.4,57.2,55.4,63.0,1,0,51,0,14.3,88.6,4.2,2,3,0,0,2,2,3.9,253,5.9
9,Nick Minicucci,173617,QB,DELAWARE,1,70.0,40,42,8.2,2.64,0,1,2.3,64.3,27,1,11,3.6,43,1,15,151,71.0,78.6,77.6,63.9,1,0,46,2,0.0,114.8,0.0,0,1,0,1,4,0,0.0,276,6.6
9,Tucker Gleason,122475,QB,TOLEDO,1,84.6,39,42,7.6,2.7,1,1,2.3,61.9,26,0,14,21.2,45,7,12,316,39.6,72.5,72.0,61.4,0,1,47,0,7.1,75.3,2.2,1,2,1,1,1,1,2.1,238,5.7
9,Carson Conklin,170765,QB,FRESNO ST,1,57.5,40,42,11.1,2.85,0,0,0.0,47.6,20,0,18,13.0,45,3,9,169,70.7,46.6,47.8,52.7,0,2,47,0,5.6,40.0,2.2,1,2,0,2,0,3,6.4,182,4.3
9,Blake Shapen,122282,QB,MISS STATE,1,86.5,37,42,7.0,2.71,1,1,2.3,61.9,26,0,17,18.8,50,6,19,227,24.7,59.9,63.4,51.4,1,0,52,1,35.3,123.2,12.0,6,2,0,3,4,2,3.8,381,9.1
9,Caden Veltkamp,156642,QB,FAU,1,75.7,37,41,7.9,2.65,1,1,2.3,61.0,25,0,13,10.7,50,3,14,165,41.8,55.8,58.1,53.6,1,1,52,0,23.1,89.1,6.0,3,6,0,2,2,2,3.8,296,7.2
9,Scotty Fox Jr.,199546,QB,W VIRGINIA,1,83.8,37,41,7.9,2.07,1,2,4.7,68.3,28,0,9,9.7,43,3,13,343,25.8,66.6,72.4,48.4,1,0,45,0,22.2,105.8,4.7,2,0,0,2,2,0,0.0,301,7.3
9,Jaron-Keawe Sagapolutele,198237,QB,CAL,1,82.4,34,41,8.2,2.73,1,3,7.0,58.5,24,0,19,14.3,45,4,13,130,22.9,70.5,71.3,56.6,0,0,48,1,10.5,88.1,4.4,2,1,1,5,1,3,6.3,286,7.0
9,CJ Bailey,183349,QB,NC STATE,1,70.3,37,40,9.2,2.66,0,0,0.0,60.0,24,0,13,7.7,45,2,11,248,36.1,57.9,59.9,55.2,0,0,45,0,0.0,100.5,0.0,0,4,0,3,3,2,4.4,225,5.6
9,Josh Hoover,127148,QB,TCU,1,67.6,37,39,8.5,2.31,1,1,2.4,61.5,24,0,6,4.0,41,1,12,305,70.5,50.8,50.0,58.2,0,0,44,0,16.7,87.3,2.4,1,1,0,1,1,1,2.3,238,6.1
9,Kevin Jennings,158272,QB,SMU,1,69.7,33,39,5.3,2.48,2,0,0.0,53.8,21,0,19,8.7,41,2,4,287,35.9,44.4,45.2,53.3,1,1,44,0,5.3,54.6,2.4,1,1,0,3,0,2,4.5,172,4.4
9,JJ Kohl,174674,QB,APP STATE,1,63.6,33,37,6.7,2.49,2,2,5.0,51.4,19,0,11,9.5,38,2,8,108,70.8,39.6,39.5,55.6,2,2,41,0,9.1,46.9,2.6,1,0,0,0,1,4,9.8,138,3.7
9,Bear Bachmeier,203434,QB,BYU,1,70.6,34,36,8.8,2.73,0,4,11.1,61.1,22,0,11,8.3,41,2,14,128,41.1,85.2,82.9,69.7,0,0,41,0,18.2,107.1,4.9,2,3,1,1,2,1,2.4,307,8.5
9,Ta'Quan Roberson,101625,QB,BUFFALO,1,75.8,33,36,12.2,2.85,1,4,10.3,63.9,23,0,16,8.0,43,2,12,126,40.2,49.5,52.4,49.9,2,4,46,0,25.0,55.8,9.3,4,3,0,0,1,5,10.9,266,7.4
9,Rocco Becht,157567,QB,IOWA STATE,1,76.5,34,36,9.6,3.0,0,2,5.4,66.7,24,0,17,7.7,43,2,13,193,35.6,60.9,66.9,41.0,0,3,45,0,29.4,68.2,11.6,5,2,0,2,1,3,6.7,311,8.6
9,Grayson Loftis,170054,QB,CHARLOTTE,1,71.0,31,36,10.1,2.75,0,4,10.8,55.6,20,0,11,9.1,38,2,9,136,71.1,70.5,71.7,57.5,1,0,39,0,18.2,101.0,5.3,2,0,0,4,2,3,7.7,295,8.2
9,Keyone Jenkins,170403,QB,FIU,1,81.8,33,36,9.8,2.64,0,0,0.0,61.1,22,0,15,18.5,40,5,15,166,69.7,68.8,71.5,50.6,0,0,44,0,13.3,96.5,5.0,2,2,0,3,1,1,2.3,296,8.2
9,Jaylen Raynor,172203,QB,ARK STATE,1,72.2,36,36,7.3,2.41,0,0,0.0,63.9,23,0,7,11.5,40,3,14,113,73.2,77.6,70.0,74.3,0,1,45,0,14.3,67.6,2.5,1,3,0,0,0,0,0.0,206,5.7
9,Gio Lopez,172309,QB,N CAROLINA,1,79.3,29,36,10.2,3.16,1,1,2.5,63.9,23,0,21,0.0,42,0,10,245,72.0,61.9,62.3,58.0,1,2,46,0,14.3,65.5,7.1,3,3,0,5,1,1,2.2,208,5.8
9,Garrett Nussmeier,146757,QB,LSU,1,71.9,32,35,5.2,2.17,3,0,0.0,62.9,22,0,9,4.3,40,1,8,211,69.5,53.5,53.5,58.9,0,0,41,0,55.6,84.0,12.5,5,0,0,0,1,0,0.0,168,4.8
9,Jalon Daniels,122555,QB,KANSAS,1,61.3,31,35,7.1,2.81,3,1,2.8,48.6,17,0,14,10.5,43,2,9,198,25.4,35.8,27.8,70.0,0,1,44,0,28.6,46.0,9.3,4,4,0,1,0,4,9.1,129,3.7
9,Chandler Morris,122938,QB,VIRGINIA,1,62.9,35,35,8.8,3.11,0,2,5.3,57.1,20,0,17,9.1,42,2,8,335,23.4,58.6,58.7,57.5,0,1,45,0,35.3,71.1,14.3,6,1,0,0,1,2,4.4,200,5.7
9,Sam Leavitt,175465,QB,ARIZONA ST,1,60.6,33,35,12.3,2.75,1,4,10.3,51.4,18,0,16,10.0,41,2,12,110,69.3,71.0,69.9,62.4,0,0,45,0,25.0,86.6,9.8,4,2,0,1,1,3,6.7,270,7.7
9,Evan Simon,129906,QB,TEMPLE,1,75.0,32,35,9.1,2.33,0,2,5.7,68.6,24,0,6,0.0,39,0,15,306,70.3,82.0,85.0,55.7,2,0,40,0,16.7,130.6,2.6,1,2,0,1,5,0,0.0,267,7.6
9,Cutter Boley,184630,QB,KENTUCKY,1,79.4,34,35,5.6,2.89,0,1,2.5,74.3,26,0,9,3.7,41,1,17,202,70.3,73.0,73.0,62.7,0,1,48,0,11.1,132.9,2.4,1,5,0,1,5,0,0.0,346,9.9
9,Colton Joseph,172283,QB,DOMINION,1,66.7,33,35,11.8,3.44,0,0,0.0,60.0,21,0,11,4.5,46,1,15,263,25.3,62.5,69.0,51.8,0,1,48,0,18.2,106.3,4.3,2,9,0,2,3,1,2.1,315,9.0
9,Rodney Tisdale Jr.,188754,QB,W KENTUCKY,1,68.8,32,34,8.3,2.86,1,0,0.0,61.8,21,0,7,4.5,40,1,14,346,71.2,70.0,63.7,71.8,0,1,44,0,28.6,78.9,5.0,2,4,0,1,1,2,4.5,227,6.7
9,Logan Fife,128176,QB,NEW MEX ST,1,72.7,33,34,9.0,2.44,1,2,5.6,64.7,22,0,7,8.3,37,2,12,242,70.3,64.0,59.7,69.7,0,4,39,0,28.6,51.6,5.4,2,1,0,0,1,2,5.1,207,6.1
9,Luke Altmyer,146802,QB,ILLINOIS,1,74.2,31,34,10.7,2.46,0,0,0.0,64.7,22,0,12,4.3,34,1,15,187,71.8,72.0,65.9,73.3,1,2,38,0,0.0,75.5,0.0,0,0,0,2,2,3,7.9,199,5.9
9,Cameran Brown,184894,QB,GA STATE,1,67.7,31,33,8.9,2.84,0,1,2.9,57.6,19,0,9,9.5,37,2,11,175,71.5,80.5,76.9,70.0,2,1,40,0,0.0,107.4,0.0,0,4,0,0,4,0,0.0,241,7.3
9,LaNorris Sellers,174326,QB,S CAROLINA,1,66.7,30,33,5.7,3.03,0,2,5.6,54.5,18,0,16,10.0,43,2,10,289,44.3,63.2,56.7,67.1,2,1,47,0,12.5,73.0,4.7,2,8,1,0,1,2,4.3,222,6.7
9,Ben Finley,122864,QB,AKRON,1,67.7,31,33,9.4,2.33,0,1,2.7,51.5,17,0,6,19.0,35,4,11,102,35.8,56.1,57.0,53.3,0,1,39,1,33.3,81.6,5.7,2,0,0,2,2,3,7.7,230,7.0
9,Demond Williams Jr.,183648,QB,WASHINGTON,1,84.4,32,33,6.4,3.08,1,0,0.0,78.8,26,0,5,3.7,37,1,16,340,72.1,69.7,66.5,67.8,0,0,38,0,0.0,141.6,0.0,0,4,0,0,4,2,5.3,280,8.5
9,John Mateer,158516,QB,OKLAHOMA,1,60.7,28,32,12.0,3.25,1,1,2.6,53.1,17,0,15,0.0,39,0,8,261,71.6,52.4,53.9,54.4,0,0,45,0,20.0,85.8,7.7,3,4,1,2,1,0,0.0,223,7.0
9,Haynes King,124329,QB,GA TECH,1,90.0,30,31,4.5,2.42,0,1,3.1,80.6,25,0,7,7.4,33,2,15,176,39.9,80.8,77.2,69.8,0,0,34,0,14.3,139.8,3.0,1,1,0,1,3,0,0.0,304,9.8
9,Parker Navarro,123758,QB,OHIO,1,82.1,28,31,12.6,3.01,0,5,14.3,74.2,23,0,9,0.0,34,0,13,259,74.0,74.7,82.6,55.0,0,2,39,2,0.0,100.6,0.0,0,3,1,2,2,2,5.1,313,10.1
9,Baylor Hayes,192135,QB,TULSA,1,75.0,28,31,15.3,3.56,1,6,15.8,61.3,19,0,15,9.5,33,2,14,320,43.4,66.6,75.1,48.0,0,0,40,0,6.7,125.2,3.0,1,1,0,2,3,2,5.0,296,9.5
9,Dequan Finn,97804,QB,MIAMI OH,1,66.7,27,30,14.0,3.36,1,3,9.7,60.0,18,0,10,0.0,34,0,13,221,72.4,80.5,89.0,54.4,1,0,35,0,0.0,99.3,0.0,0,4,0,1,1,2,5.7,260,8.7
9,Noah Kim,129623,QB,E MICHIGAN,1,84.6,26,30,11.1,3.04,2,4,13.3,70.0,21,0,12,4.5,33,1,11,160,33.4,71.6,82.1,46.9,0,0,33,0,0.0,118.6,0.0,0,3,0,2,2,3,9.1,259,8.6
9,Broc Lowry,173383,QB,W MICHIGAN,1,64.3,28,30,9.4,2.54,1,2,6.5,56.7,17,0,14,5.6,35,1,8,347,74.3,67.4,54.8,74.2,0,0,36,0,21.4,86.0,8.6,3,2,0,1,1,0,0.0,184,6.1
9,Carter Jones,198923,QB,NEVADA,1,58.6,29,29,9.6,2.24,0,0,0.0,55.2,16,0,10,5.9,32,1,10,239,69.0,45.6,42.9,62.3,0,3,33,0,20.0,29.3,6.3,2,1,0,0,0,4,12.1,145,5.0
9,Rickie Collins,172474,QB,SYRACUSE,1,58.6,29,29,8.9,3.21,0,1,3.2,58.6,17,0,17,0.0,40,0,9,304,36.3,48.8,55.5,46.8,0,0,42,0,11.8,94.0,5.0,2,9,0,0,1,1,2.4,220,7.6
9,Preston Stone,124716,QB,NWESTERN,1,60.7,28,29,10.2,2.85,1,0,0.0,51.7,15,0,7,11.8,29,2,6,256,30.4,49.3,51.5,50.6,0,2,31,0,0.0,39.3,0.0,0,0,0,0,0,1,3.2,159,5.5
9,Miller Moss,70727,QB,LOUISVILLE,1,68.0,25,28,8.1,2.65,1,1,3.4,53.6,15,0,6,11.8,31,2,8,210,69.8,69.3,65.9,66.7,0,1,32,1,16.7,71.6,3.2,1,2,1,1,1,1,3.1,187,6.7
9,Carson Beck,124010,QB,MIAMI FL,1,88.5,26,28,5.0,2.05,1,0,0.0,75.0,21,0,1,8.7,29,2,13,220,68.1,67.0,67.8,57.0,0,0,29,0,0.0,104.6,0.0,0,1,0,1,1,0,0.0,189,6.8
9,Maddux Madsen,163379,QB,BOISE ST,1,63.0,27,28,11.3,2.87,0,0,0.0,53.6,15,0,6,11.8,35,2,12,120,70.6,55.2,51.3,62.8,0,1,37,1,33.3,57.7,5.7,2,5,0,1,0,2,5.4,174,6.2
9,Drake Lindsey,184727,QB,MINNESOTA,1,70.4,27,28,7.6,2.71,0,0,0.0,57.1,16,0,9,15.8,32,3,5,225,28.3,33.8,32.5,,0,3,32,0,44.4,26.3,12.5,4,0,0,1,0,4,12.5,109,3.9
9,Aidan Chiles,173727,QB,MICH STATE,1,56.0,25,28,8.3,2.75,0,2,6.7,46.4,13,0,11,7.1,33,1,6,223,40.4,47.7,49.0,51.4,0,0,35,1,18.2,60.0,6.1,2,2,0,3,0,2,5.7,129,4.6
9,Athan Kaliakmanis,144971,QB,RUTGERS,1,84.0,25,27,12.4,3.04,0,3,11.1,70.4,19,0,14,9.5,35,2,11,278,70.0,84.0,86.2,60.3,0,0,35,0,35.7,125.2,14.3,5,3,0,2,1,0,0.0,359,13.3
9,Nico Iamaleava,174728,QB,UCLA,1,56.0,25,27,9.0,3.18,2,1,3.6,48.1,13,0,19,7.1,34,1,7,324,68.6,43.4,36.8,68.6,0,2,35,0,15.8,28.8,8.8,3,4,0,0,0,2,5.7,113,4.2
9,Deshawn Purdie,184271,QB,WAKE,1,69.6,23,27,6.7,2.76,0,0,0.0,51.9,14,0,12,12.5,30,2,10,339,14.1,35.3,50.6,27.5,2,2,32,0,8.3,42.7,3.3,1,2,1,1,0,2,6.3,183,6.8
9,Joey Aguilar,174978,QB,TENNESSEE,1,80.8,26,26,13.5,2.93,0,5,18.5,76.9,20,0,11,4.8,29,1,14,307,69.3,91.3,93.1,49.0,0,0,31,0,9.1,156.7,3.4,1,2,0,0,3,0,0.0,396,15.2
9,Sawyer Robertson,146839,QB,BAYLOR,1,69.2,26,26,7.2,2.64,0,0,0.0,69.2,18,0,3,0.0,31,0,10,118,71.0,58.9,58.1,59.4,0,0,37,0,66.7,107.4,6.5,2,3,0,0,2,2,5.4,137,5.3
9,JC French IV,162521,QB,GA SOUTHRN,1,81.8,22,25,5.6,2.73,1,0,0.0,72.0,18,0,13,0.0,36,0,13,174,42.5,60.2,59.0,60.2,0,0,38,0,30.8,123.4,11.1,4,6,1,1,2,0,0.0,208,8.3
9,Tucker Kilcrease,156863,QB,TROY,1,73.9,23,24,8.3,2.42,0,0,0.0,66.7,16,0,12,5.9,31,1,14,318,71.6,62.9,55.5,68.9,0,1,32,0,25.0,71.5,9.7,3,3,0,1,0,0,0.0,180,7.5
9,Matt Zollers,198887,QB,MISSOURI,1,80.0,20,24,10.2,2.77,0,0,0.0,58.3,14,0,6,12.5,27,2,7,229,28.6,43.6,51.2,40.7,0,0,30,1,16.7,88.5,3.7,1,2,0,4,1,1,3.3,138,5.8
9,Kaden Anderson,127312,QB,WYOMING,1,76.2,21,24,9.6,2.44,0,1,3.8,66.7,16,0,6,0.0,25,0,9,351,68.5,73.5,74.5,57.0,0,0,27,0,0.0,111.8,0.0,0,1,0,3,2,0,0.0,152,6.3
9,Landon Graves,181155,QB,LA MONROE,1,56.5,23,24,10.5,3.07,0,0,0.0,50.0,12,0,13,7.7,25,1,7,209,71.0,52.6,55.2,55.0,0,2,28,1,0.0,40.8,0.0,0,1,0,1,1,3,10.7,103,4.3
9,Bryson Barnes,131845,QB,UTAH ST,1,63.6,22,23,8.8,2.78,0,1,3.8,56.5,13,0,15,7.1,28,1,7,329,29.7,57.6,55.3,63.3,0,1,32,1,20.0,75.3,10.7,3,2,0,1,1,2,6.3,164,7.1
9,Kiael Kelly,145634,QB,BALL ST,1,57.1,21,23,14.2,3.59,0,0,0.0,43.5,10,0,17,16.7,35,2,9,117,45.6,48.2,44.1,59.6,0,2,37,1,23.5,41.2,11.4,4,8,0,2,1,3,8.1,136,5.9
9,Byrd Ficklin,199457,QB,UTAH,1,47.6,21,23,9.8,2.66,1,1,4.2,43.5,10,0,6,0.0,26,0,8,328,43.7,61.1,58.2,61.9,0,0,27,0,16.7,92.7,3.8,1,2,1,0,2,0,0.0,140,6.1
9,Kaidon Salter,132046,QB,COLORADO,1,62.5,16,23,7.1,3.21,1,0,0.0,39.1,9,0,22,10.0,31,1,4,143,69.8,46.7,39.4,64.3,0,1,31,1,18.2,29.1,12.9,4,4,0,6,0,1,3.2,37,1.6
9,Braylon Braxton,144442,QB,SO MISS,1,81.8,22,23,9.8,2.79,1,1,3.8,78.3,18,0,10,0.0,30,0,10,296,70.4,66.9,71.7,54.3,0,0,33,0,30.0,151.2,10.0,3,4,0,0,4,0,0.0,248,10.8
9,Zevi Eckhaus,148535,QB,WASH STATE,1,55.0,20,23,14.6,3.17,0,2,8.0,43.5,10,0,16,9.1,27,1,8,341,73.9,70.9,55.4,77.2,0,2,30,1,6.3,59.9,3.7,1,3,0,3,2,2,6.7,159,6.9
9,Fernando Mendoza,158323,QB,INDIANA,1,71.4,21,22,7.5,2.61,0,1,3.8,68.2,15,0,6,0.0,25,0,12,190,69.2,74.7,66.8,75.1,0,1,29,0,0.0,111.4,0.0,0,3,0,1,3,0,0.0,168,7.6
9,Taylen Green,145996,QB,ARKANSAS,1,66.7,21,22,11.7,3.05,0,1,4.5,63.6,14,0,9,0.0,25,0,8,111,70.0,67.5,60.2,72.4,0,3,25,0,22.2,81.4,8.0,2,1,0,1,1,3,12.0,268,12.2
9,Conner Weigman,158683,QB,HOUSTON,1,86.4,22,22,10.0,2.39,0,0,0.0,77.3,17,0,4,10.5,24,2,11,182,47.4,85.1,86.3,67.9,0,0,26,0,25.0,119.7,4.2,1,0,0,0,1,0,0.0,201,9.1
9,Jack Layne,158966,QB,NEW MEXICO,1,89.5,19,22,7.4,2.93,1,0,0.0,77.3,17,0,8,0.0,24,0,10,241,68.2,76.2,78.7,56.7,0,0,24,0,0.0,116.3,0.0,0,2,0,2,1,0,0.0,183,8.3
9,Bishop Davenport,163426,QB,S ALABAMA,1,72.7,22,22,11.9,2.73,0,4,17.4,72.7,16,0,5,0.0,28,0,11,288,70.2,81.6,83.7,61.1,0,0,29,0,40.0,145.1,7.1,2,4,0,0,2,1,3.4,280,12.7
9,Baron May,76359,QB,BOWL GREEN,1,66.7,18,22,9.4,2.51,2,3,12.5,54.5,12,0,10,0.0,27,0,8,122,34.8,64.9,58.0,71.0,2,0,29,1,30.0,89.6,11.1,3,2,0,0,1,1,3.4,142,6.5
9,Chase Jenkins,173242,QB,RICE,1,85.0,20,22,4.8,2.5,0,1,4.5,77.3,17,0,6,0.0,25,0,7,275,41.7,62.9,70.2,54.8,0,0,25,0,16.7,117.2,4.0,1,2,0,2,1,0,0.0,188,8.5
9,Dru DeShields,176094,QB,KENT STATE,1,66.7,21,22,11.5,2.75,0,1,4.5,59.1,13,0,11,7.1,26,1,9,201,68.4,67.7,65.3,66.1,1,0,26,0,9.1,96.8,3.8,1,3,0,0,1,1,3.8,160,7.3
9,Lunch Winfield,176367,QB,LA LAFAYET,1,70.0,20,22,15.0,3.23,2,1,4.5,54.5,12,0,13,14.3,31,2,9,207,73.9,71.9,66.2,68.2,0,2,31,0,30.8,60.2,12.9,4,5,0,0,1,2,6.5,187,8.5
9,Dylan Raiola,183581,QB,NEBRASKA,1,80.0,20,22,8.5,2.22,0,0,0.0,72.7,16,0,6,0.0,26,0,7,238,27.0,49.2,59.3,35.1,0,1,26,0,16.7,85.6,3.8,1,2,0,2,1,2,7.7,141,6.4
9,Ben Gulbranson,131734,QB,STANFORD,1,52.4,21,22,6.6,2.94,0,0,0.0,40.9,9,0,11,18.2,23,2,3,300,67.6,38.0,36.6,,0,2,24,1,9.1,25.9,4.3,1,0,0,1,1,2,8.3,50,2.3
9,Brendan Sorsby,156398,QB,CINCINNATI,1,70.0,20,21,6.8,2.82,0,1,4.2,61.9,13,0,6,7.1,25,1,11,138,72.2,72.7,70.6,65.2,0,0,28,0,0.0,107.4,0.0,0,4,0,1,2,0,0.0,111,5.3
9,Marcel Reed,175940,QB,TEXAS A&M,1,68.4,19,21,6.2,3.21,0,2,9.1,57.1,12,0,9,7.7,25,1,14,312,72.2,66.1,60.5,65.7,1,2,26,0,0.0,81.9,0.0,0,4,0,1,2,2,7.7,202,9.6
9,Hunter Simmons,148254,QB,WISCONSIN,1,45.0,20,21,8.9,2.9,1,0,0.0,33.3,7,0,8,22.2,22,2,5,349,13.1,27.5,29.5,33.4,0,1,24,0,12.5,43.0,4.5,1,0,0,0,1,4,16.7,86,4.1
9,Ryan Browne,174949,QB,PURDUE,1,68.4,19,20,10.8,3.13,0,0,0.0,55.0,11,0,7,15.4,22,2,7,273,25.9,57.0,54.8,61.9,0,0,23,0,0.0,89.0,0.0,0,2,0,1,1,1,4.3,117,5.9
9,Mark Gronowski,138303,QB,IOWA,1,81.3,16,19,8.3,3.18,1,1,5.3,63.2,12,0,8,7.7,25,1,8,192,69.5,73.2,62.9,74.8,0,0,25,0,25.0,101.9,8.0,2,4,0,2,1,0,0.0,135,7.1
9,Jackson Brousseau,173480,QB,COLO STATE,1,66.7,18,19,7.7,2.64,1,0,0.0,57.9,11,0,8,8.3,24,1,4,144,68.4,32.8,30.7,55.4,0,3,26,0,12.5,33.6,4.2,1,4,0,0,0,4,15.4,104,5.5
9,Diego Pavia,156927,QB,VANDERBILT,1,70.6,17,19,9.9,3.0,0,1,4.8,52.6,10,0,9,16.7,24,2,8,333,70.1,65.2,60.1,70.3,0,1,27,1,22.2,52.3,8.3,2,3,0,2,0,0,0.0,129,6.8
9,Sam Jackson V,144682,QB,OKLA STATE,1,60.0,15,19,-0.3,3.42,0,0,0.0,47.4,9,0,5,0.0,21,0,4,262,67.9,51.0,50.0,58.1,0,0,21,0,0.0,54.1,0.0,0,2,0,4,0,0,0.0,48,2.5
9,Kyron Drones,144506,QB,VA TECH,1,66.7,15,18,15.0,3.1,0,2,10.5,50.0,9,0,6,10.0,23,1,6,337,75.1,78.6,65.6,75.5,1,1,24,0,50.0,87.7,13.0,3,2,0,2,3,1,4.2,119,6.6
9,Jayden Denegal,158533,QB,S DIEGO ST,1,70.6,17,18,11.2,3.29,1,0,0.0,61.1,11,0,9,8.3,23,1,6,284,70.5,48.2,44.6,59.7,0,1,26,0,22.2,58.6,8.7,2,3,0,0,0,2,7.7,124,6.9
9,Bryce Underwood,198795,QB,MICHIGAN,1,56.3,16,17,12.1,3.32,1,0,0.0,47.1,8,0,10,11.1,21,1,4,222,26.6,44.6,43.4,54.3,0,0,23,0,10.0,62.4,4.8,1,3,0,0,0,2,8.7,86,5.1
9,Avery Johnson,173108,QB,KANSAS ST,1,78.6,14,17,13.4,2.96,1,4,22.2,64.7,11,0,5,0.0,17,0,7,199,71.2,91.0,91.9,66.0,1,0,18,0,0.0,147.3,0.0,0,0,0,1,2,0,0.0,231,13.6
9,Darius Curry,191052,QB,COLO STATE,1,73.3,15,16,9.7,3.03,0,0,0.0,56.3,9,0,7,18.2,18,2,5,144,66.8,64.3,62.9,62.1,0,0,18,0,0.0,78.1,0.0,0,2,0,1,0,0,0.0,112,7.0
9,Amari Odom,178686,QB,KENNESAW,1,73.3,15,15,10.8,2.52,0,1,6.7,66.7,10,0,3,9.1,16,1,5,200,71.6,69.4,70.3,61.7,0,0,16,0,0.0,131.9,0.0,0,1,0,0,1,0,0.0,205,13.7
9,Dante Moore,173983,QB,OREGON,1,78.6,14,15,4.6,2.44,1,0,0.0,60.0,9,0,6,18.2,17,2,3,264,68.9,69.6,63.7,69.0,0,0,17,0,33.3,76.0,11.8,2,0,0,0,0,0,0.0,86,5.7
9,AJ Swann,157186,QB,APP STATE,1,93.3,15,15,9.1,2.19,0,2,11.8,80.0,12,0,5,14.3,15,2,7,108,66.7,79.2,78.5,,0,0,17,0,0.0,145.1,0.0,0,0,0,0,2,0,0.0,140,9.3
9,Will Hammond,184898,QB,TEXAS TECH,1,66.7,15,15,9.0,2.56,0,1,5.9,60.0,9,0,2,10.0,19,1,4,315,22.5,52.2,51.6,57.9,0,0,21,0,50.0,102.6,5.3,1,3,0,0,1,1,4.8,102,6.8
9,Zach Gibson,100201,QB,FAU,1,69.2,13,14,3.5,2.29,1,0,0.0,64.3,9,0,3,0.0,15,0,6,165,66.7,62.6,64.5,57.3,0,0,17,0,0.0,119.6,0.0,0,1,0,0,2,0,0.0,82,5.9
9,Beau Pribula,164182,QB,MISSOURI,1,81.8,11,14,5.5,3.19,0,0,0.0,64.3,9,0,7,0.0,16,0,3,229,69.5,76.3,68.9,71.0,0,0,16,0,0.0,75.9,0.0,0,2,0,3,0,0,0.0,68,4.9
9,Mitch Griffis,123386,QB,TEXAS TECH,1,69.2,13,13,10.0,2.24,0,2,11.8,69.2,9,0,5,0.0,17,0,8,315,69.2,73.3,79.9,53.7,0,0,21,0,40.0,137.5,11.8,2,2,0,0,1,0,0.0,172,13.2
9,Noah Walters,164315,QB,OKLA STATE,1,50.0,12,12,8.9,2.44,0,0,0.0,41.7,5,0,2,16.7,15,1,3,262,70.0,41.5,40.2,55.8,0,0,15,0,50.0,50.3,6.7,1,1,0,0,0,1,6.7,39,3.3
9,Blake Horvath,162555,QB,NAVY,1,75.0,12,12,9.9,2.48,0,0,0.0,66.7,8,0,2,11.1,12,1,3,237,76.5,86.9,69.2,81.0,0,0,12,0,0.0,86.5,0.0,0,0,0,0,0,0,0.0,83,6.9
9,Jackson Arnold,173684,QB,AUBURN,1,66.7,12,12,6.4,2.37,0,0,0.0,58.3,7,0,4,12.5,13,1,5,115,70.0,60.5,54.2,65.9,0,1,14,0,25.0,69.1,7.7,1,0,0,0,1,1,7.1,73,6.1
9,Jeff Sims,122496,QB,ARIZONA ST,1,60.0,10,11,6.0,2.21,0,0,0.0,54.5,6,0,3,0.0,12,0,2,110,67.7,66.2,61.4,66.6,0,0,12,0,33.3,99.8,8.3,1,0,0,1,1,0,0.0,58,5.3
9,Joe Labas,144847,QB,C MICHIGAN,1,100.0,11,11,6.5,2.76,0,2,16.7,90.9,10,0,3,9.1,12,1,6,134,24.4,71.9,90.1,40.3,0,0,13,0,33.3,158.3,8.3,1,0,0,0,2,0,0.0,148,13.5
9,Josh Holst,171312,QB,N ILLINOIS,1,60.0,10,11,8.0,2.7,0,0,0.0,54.5,6,0,5,0.0,13,0,5,254,67.1,47.1,29.2,78.4,0,1,14,0,20.0,64.6,7.7,1,1,0,1,1,2,14.3,65,5.9
9,Robby Ashford,131702,QB,WAKE,1,66.7,9,10,8.3,2.38,1,0,0.0,40.0,4,0,3,33.3,11,2,2,339,66.8,55.1,51.4,62.7,0,0,12,0,33.3,82.5,9.1,1,0,0,0,1,1,8.3,33,3.3
9,Ashton Daniels,157259,QB,AUBURN,1,75.0,8,8,10.3,3.73,0,0,0.0,75.0,6,0,5,0.0,11,0,3,115,71.1,65.8,64.3,65.2,0,0,12,1,40.0,104.7,18.2,2,1,0,0,0,0,0.0,77,9.6
9,Ryan Staub,171906,QB,COLORADO,1,62.5,8,8,18.3,2.28,0,1,12.5,50.0,4,0,2,20.0,12,1,4,143,67.7,68.3,65.5,64.2,0,0,12,0,100.0,77.6,16.7,2,2,0,0,0,0,0.0,65,8.1
9,Alberto Mendoza,188673,QB,INDIANA,1,57.1,7,7,10.4,2.5,0,0,0.0,57.1,4,0,1,0.0,8,0,3,190,69.0,56.2,34.0,76.1,0,1,8,0,0.0,36.9,0.0,0,1,0,0,0,2,25.0,45,6.4
9,Alessio Milivojevic,183542,QB,MICH STATE,1,83.3,6,6,8.8,3.11,0,0,0.0,83.3,5,0,3,0.0,8,0,2,223,65.4,63.7,67.0,57.3,0,0,10,0,33.3,147.9,12.5,1,1,0,0,1,0,0.0,60,10.0
9,Hunter Najm,184223,QB,BOWL GREEN,1,50.0,4,6,12.5,1.62,0,1,14.3,33.3,2,0,0,0.0,6,0,2,122,64.6,56.8,56.7,,0,0,7,0,,50.7,0.0,0,0,2,0,0,0,0.0,30,5.0
9,Elijah Brown,183276,QB,STANFORD,1,60.0,5,5,8.8,2.62,0,0,0.0,60.0,3,0,2,0.0,5,0,1,300,63.8,50.8,50.2,,0,0,5,0,0.0,84.6,0.0,0,0,0,0,0,1,20.0,39,7.8
9,Michael Van Buren Jr.,184764,QB,LSU,1,75.0,4,4,20.0,4.01,0,1,25.0,75.0,3,0,5,0.0,7,0,2,211,67.1,63.1,64.1,59.4,0,0,7,0,40.0,156.3,28.6,2,1,0,0,1,0,0.0,50,12.5
9,Brock Thomas,176601,QB,OREGON,1,100.0,4,4,9.5,3.76,0,0,0.0,100.0,4,0,1,0.0,7,0,4,264,22.7,37.9,38.9,51.1,0,0,8,0,100.0,154.2,14.3,1,2,0,0,1,1,12.5,46,11.5
9,Malachi Singleton,172426,QB,PURDUE,1,100.0,2,3,5.0,3.4,0,0,0.0,66.7,2,0,1,0.0,3,0,2,273,68.8,65.7,72.2,58.0,0,0,3,0,0.0,112.5,0.0,0,0,0,1,2,0,0.0,11,3.7
9,Cole Ballard,173062,QB,KANSAS,1,100.0,2,2,6.5,2.75,0,0,0.0,50.0,1,0,1,50.0,2,1,1,198,64.4,66.9,56.6,62.5,0,1,2,0,0.0,20.8,0.0,0,0,0,0,0,0,0.0,8,4.0
9,Braden Streeter,185330,QB,DELAWARE,1,50.0,2,2,4.0,2.4,0,0,0.0,50.0,1,0,0,0.0,2,0,0,151,66.2,64.2,62.9,60.1,0,1,2,0,,16.7,0.0,0,0,0,0,0,0,0.0,5,2.5
9,Angel Flores,164493,QB,C MICHIGAN,1,100.0,2,2,31.5,3.35,0,2,100.0,100.0,2,0,1,0.0,2,0,2,134,71.8,92.7,94.8,71.7,0,0,2,0,0.0,118.8,0.0,0,0,0,0,0,0,0.0,75,37.5
9,Emory Williams,170099,QB,MIAMI FL,1,50.0,2,2,6.5,1.7,0,0,0.0,50.0,1,0,0,0.0,2,0,1,220,61.8,57.7,56.2,,0,0,2,0,,77.1,0.0,0,0,0,0,0,0,0.0,16,8.0
9,Dexter Williams II,129457,QB,KENNESAW,1,100.0,2,2,22.0,3.25,0,0,0.0,100.0,2,0,0,0.0,2,0,2,200,68.7,89.3,85.3,70.1,0,0,2,0,,158.3,0.0,0,0,0,0,1,0,0.0,79,39.5
9,Austin Simmons,175891,QB,OLE MISS,1,0.0,2,2,12.5,2.25,0,0,0.0,0.0,0,0,0,,2,0,0,226,62.7,52.5,52.6,,0,0,3,0,,39.6,0.0,0,0,0,0,0,0,0.0,0,0.0
9,Eli Holstein,172381,QB,PITTSBURGH,1,0.0,1,1,7.0,1.6,0,0,0.0,0.0,0,0,0,,1,0,0,268,63.7,70.8,60.4,63.3,0,1,1,0,,0.0,0.0,0,0,0,0,0,0,0.0,0,0.0
9,Walker Howard,157112,QB,LA LAFAYET,1,0.0,1,1,4.0,2.0,0,0,0.0,0.0,0,0,0,,1,0,0,207,60.3,60.6,60.4,,0,1,1,0,,0.0,0.0,0,0,0,0,0,0,0.0,0,0.0
9,Landon Sims,200048,QB,WYOMING,1,100.0,1,1,-4.0,0.9,0,0,0.0,100.0,1,0,0,0.0,1,0,0,351,69.7,72.7,60.4,67.4,0,0,1,0,,91.7,0.0,0,0,0,0,0,0,0.0,6,6.0
9,Chubba Purdy,122412,QB,NEVADA,1,100.0,1,1,-2.0,1.1,0,0,0.0,100.0,1,0,0,0.0,1,0,0,239,69.2,68.0,60.4,59.9,0,0,1,0,,79.2,0.0,0,0,0,0,0,0,0.0,3,3.0
9,Jeremy Hecklinski,183388,QB,IOWA,1,100.0,1,1,6.0,2.7,0,0,0.0,100.0,1,0,0,0.0,2,0,1,192,64.4,70.7,60.9,65.3,0,0,2,0,,91.7,0.0,0,1,0,0,0,0,0.0,6,6.0
9,Denzel Boston,162481,WR,WASHINGTON,1,100.0,1,1,15.0,3.1,0,0,0.0,100.0,1,0,0,0.0,1,0,1,340,69.3,89.0,72.6,,0,0,1,0,,156.3,0.0,0,0,0,0,1,0,0.0,12,12.0
9,Holden Phillips,199309,QB,TEXAS TECH,1,100.0,1,1,8.0,2.4,0,0,0.0,100.0,1,0,0,0.0,1,0,1,315,67.5,68.0,71.9,58.3,0,0,1,0,,100.0,0.0,0,0,0,0,0,0,0.0,8,8.0
9,Da'Realyst Clark,198624,WR,KENT STATE,1,100.0,1,1,18.0,3.0,0,0,0.0,100.0,1,0,0,0.0,1,0,1,201,65.3,66.5,73.1,59.5,0,0,1,0,,156.3,0.0,0,0,0,0,1,0,0.0,12,12.0
9,AJ Bianco,158232,QB,NEVADA,1,100.0,1,1,-2.0,3.8,0,0,0.0,100.0,1,0,0,0.0,1,0,0,239,60.3,61.1,60.6,,0,0,1,0,,79.2,0.0,0,0,0,0,0,0,0.0,0,0.0
9,Kamario Taylor,198868,QB,MISS STATE,1,100.0,1,1,6.0,2.2,0,0,0.0,100.0,1,0,1,0.0,1,0,1,227,63.7,51.0,53.7,59.2,0,0,1,0,0.0,118.8,0.0,0,0,0,0,1,0,0.0,1,1.0
9,Matthew Caldwell,150302,QB,TEXAS,1,100.0,1,1,17.0,1.5,0,0,0.0,100.0,1,0,0,0.0,1,0,1,311,60.3,74.0,73.1,,0,0,1,0,,147.9,0.0,0,0,0,0,1,0,0.0,10,10.0
9,Orion Phillips,177614,P,UTAH,1,100.0,1,1,-3.0,2.0,0,0,0.0,100.0,1,0,0,0.0,1,0,1,328,60.3,60.6,60.6,,0,0,1,0,,118.8,0.0,0,0,0,0,0,0,0.0,25,25.0
9,Teddy Hoffmann,198966,WR,NC STATE,1,100.0,1,1,21.0,3.1,0,0,0.0,100.0,1,0,0,0.0,1,0,1,248,65.3,75.4,76.2,,0,0,1,0,,158.3,0.0,0,0,0,0,1,0,0.0,59,59.0
9,Ian Ratliff,176183,P,APP STATE,1,100.0,1,1,11.0,2.5,0,0,0.0,100.0,1,0,0,0.0,1,0,1,108,60.3,70.7,75.4,,0,0,1,0,,118.8,0.0,0,0,0,0,0,0,0.0,23,23.0
9,Brady Kluse,184714,WR,MEMPHIS,1,100.0,1,1,-6.0,2.7,0,0,0.0,100.0,1,0,0,0.0,1,0,1,218,62.4,61.3,60.6,,0,0,1,0,,118.8,0.0,0,0,0,0,0,0,0.0,14,14.0
9,Kendrick Law,157004,WR,KENTUCKY,1,0.0,1,1,39.0,2.7,0,0,0.0,0.0,0,0,0,,1,0,0,202,65.6,64.8,49.9,62.7,0,0,1,0,,39.6,0.0,0,0,0,0,0,0,0.0,0,0.0
9,Braxton Woodson,175276,QB,NAVY,1,100.0,1,1,6.0,3.0,0,0,0.0,100.0,1,0,0,0.0,1,0,1,237,63.7,77.4,60.4,68.3,0,0,1,0,,118.8,0.0,0,0,0,0,0,0,0.0,23,23.0
9,Mikey Matthews,174168,WR,UCLA,1,0.0,1,1,9.0,6.6,0,0,0.0,0.0,0,0,1,,1,0,0,324,65.8,49.2,45.7,,0,0,1,1,0.0,39.6,0.0,0,0,0,0,0,0,0.0,0,0.0
9,Isaac Wilson,183872,QB,UTAH,1,0.0,1,1,6.0,2.55,0,0,0.0,0.0,0,0,0,,2,0,0,328,67.6,29.5,28.6,54.5,0,0,2,0,,39.6,0.0,0,1,0,0,0,1,50.0,0,0.0
9,Garrett Bass-Sulpizio,171137,QB,CORNELL,1,61.2,49,49,11.1,2.63,0,4,7.8,59.2,29,0,9,3.3,59,1,22,147,56.6,67.0,66.2,62.4,0,0,61,0,33.3,81.1,5.1,3,7,0,0,0,0,0.0,349,7.1
9,James Murphy,177426,QB,BROWN,1,75.6,45,49,11.1,2.79,0,3,5.9,63.3,31,0,14,8.8,54,3,16,123,70.0,68.2,69.9,52.9,2,1,56,0,21.4,100.0,5.6,3,2,0,2,2,2,3.6,471,9.6
9,Sam Vidlak,146333,QB,STF AUSTIN,1,65.9,44,46,9.7,3.14,0,3,6.4,63.0,29,0,13,0.0,49,0,18,301,41.1,66.9,70.6,47.0,0,3,50,1,7.7,70.1,2.0,1,2,0,2,2,3,6.0,311,6.8
9,EJ Colson,190335,QB,INCAR WORD,1,72.1,43,45,10.1,2.87,1,3,6.7,64.4,29,0,15,6.5,57,2,14,189,41.2,60.7,57.4,65.0,1,1,57,0,20.0,92.7,5.3,3,9,0,0,2,2,3.5,339,7.5
9,Destin Wade,163784,QB,N ALABAMA,1,63.4,41,45,9.8,2.76,0,0,0.0,57.8,26,0,14,0.0,51,0,14,389,46.8,47.5,39.9,69.7,0,3,55,0,14.3,67.8,3.9,2,3,0,4,2,2,3.6,330,7.3
9,Christian Peters,154331,QB,ARKAPB,1,59.5,42,44,14.4,3.02,1,3,6.7,47.7,21,0,14,16.0,52,4,11,112,70.2,45.5,46.0,54.6,1,0,53,0,14.3,67.7,3.8,2,6,0,0,1,4,7.5,193,4.4
9,Eric Gibson Jr.,168461,QB,N COLORADO,1,74.4,43,44,5.8,2.32,0,0,0.0,68.2,30,0,9,6.3,49,2,12,253,38.1,53.7,53.3,,0,1,52,0,44.4,82.5,8.2,4,0,0,1,1,3,5.8,269,6.1
9,Kamden Sixkiller,133096,QB,CAMPBELL,1,71.8,39,43,8.5,2.58,1,3,6.4,62.8,27,0,11,3.6,50,1,16,131,69.9,73.4,70.9,67.3,0,1,54,0,36.4,84.9,8.0,4,3,0,3,2,1,1.9,255,5.9
9,Adam Urena,186682,QB,MERCYHURST,1,75.6,41,42,7.9,2.4,1,0,0.0,71.4,30,0,9,3.2,42,1,15,977,69.7,64.1,63.5,60.0,0,1,44,0,0.0,93.5,0.0,0,0,0,0,2,1,2.3,261,6.2
9,Jake Stearney,171991,QB,COLGATE,1,75.0,36,41,7.2,2.19,1,0,0.0,56.1,23,0,16,14.8,46,4,15,142,39.3,60.8,56.9,67.5,0,0,48,1,12.5,87.0,4.3,2,3,0,4,2,3,6.3,216,5.3
9,Bronson Barben,188632,QB,UTAHTC,1,71.8,39,41,6.7,2.48,0,0,0.0,65.9,27,0,14,3.6,45,1,13,1285,71.0,68.0,64.1,69.0,1,1,46,0,21.4,70.5,6.7,3,1,0,1,0,1,2.2,233,5.7
9,AJ Duffy,156292,QB,NEWHVN,1,54.3,35,40,11.0,3.04,1,1,2.3,45.0,18,0,16,5.3,47,1,9,1013,69.7,55.4,50.4,70.6,0,2,50,1,18.8,41.7,6.4,3,4,0,4,1,2,4.0,140,3.5
9,Liam O'Brien,164675,QB,PENN,1,61.1,36,40,10.2,3.18,2,3,7.0,52.5,21,0,20,4.5,46,1,10,267,50.4,63.4,62.1,61.9,1,0,49,0,15.0,77.1,6.5,3,3,0,1,1,3,6.1,220,5.5
9,Aidan Bouman,122508,QB,S DAKOTA,1,70.3,37,39,10.1,2.98,0,0,0.0,53.8,21,0,20,19.2,40,5,10,291,69.5,73.5,70.7,66.3,0,0,40,0,0.0,74.0,0.0,0,1,1,1,1,1,2.5,173,4.4
9,Zolten Osborne,178620,QB,CHARLES SO,1,78.9,38,39,8.3,2.75,0,1,2.6,66.7,26,0,9,13.3,42,4,13,135,69.6,79.9,81.7,54.2,0,0,42,0,11.1,96.1,2.4,1,2,1,0,1,0,0.0,280,7.2
9,Ron Peace,186224,QB,TXAMCO,1,52.8,36,38,12.8,2.19,0,2,5.0,47.4,18,0,16,5.3,43,1,11,1139,70.6,75.8,75.5,60.9,0,1,45,0,25.0,66.8,9.3,4,1,1,1,1,0,0.0,250,6.6
9,Jordan Cooke,175116,QB,IDAHO ST,1,72.2,36,38,9.9,2.7,1,1,2.4,65.8,25,0,5,3.8,42,1,15,186,70.2,64.3,66.1,54.0,0,1,46,0,20.0,82.9,2.4,1,3,0,1,1,1,2.2,257,6.8
9,Tyriq Starks,156514,QB,HOWARD,1,77.1,35,37,7.0,2.82,1,0,0.0,73.0,27,0,10,0.0,44,0,20,184,71.9,68.3,74.9,51.5,0,2,44,0,20.0,86.8,4.5,2,5,0,1,2,1,2.3,252,6.8
9,Dom Nankil,182292,QB,SAN DIEGO,1,86.1,36,37,8.4,2.48,0,3,7.5,67.6,25,0,6,19.4,39,6,17,283,69.6,89.5,86.2,71.1,0,1,42,0,0.0,97.6,0.0,0,2,0,1,2,1,2.4,288,7.8
9,Jax Leatherwood,171548,QB,SE MO ST,1,77.8,36,37,6.3,2.45,1,2,5.3,73.0,27,0,12,3.6,41,1,15,293,22.3,59.0,65.2,42.0,0,0,42,0,16.7,103.2,4.9,2,2,0,0,1,1,2.4,278,7.5
9,Braden Atkinson,201350,QB,MERCER,1,88.6,35,36,8.7,2.33,0,5,13.5,83.3,30,0,2,3.2,36,1,16,219,68.8,91.7,91.5,,0,0,37,0,0.0,158.3,0.0,0,0,0,1,5,0,0.0,535,14.9
9,Eddie Lee Marburger,145511,QB,TXRG,1,88.6,35,36,11.1,2.37,0,4,11.1,72.2,26,0,6,16.1,39,5,16,1445,37.0,91.2,91.2,66.0,0,0,39,0,16.7,152.7,2.6,1,2,0,1,6,1,2.6,439,12.2
9,William Atkins IV,148354,QB,SCAR STATE,1,75.8,33,35,11.6,2.7,0,4,10.5,68.6,24,0,9,4.0,37,1,17,290,69.5,92.3,92.8,55.7,1,1,40,0,11.1,136.6,2.7,1,1,0,1,4,1,2.5,430,12.3
9,Josh Brown,181411,QB,MS VLY ST,1,60.6,33,35,9.6,2.89,0,0,0.0,45.7,16,0,15,20.0,43,4,11,228,70.5,64.9,63.1,64.9,0,0,43,0,20.0,68.2,7.0,3,4,0,2,1,0,0.0,155,4.4
9,Jerry Kaminski,177155,QB,N DAKOTA,1,75.9,29,35,11.0,2.43,4,1,2.9,62.9,22,0,9,0.0,40,0,15,249,69.5,82.2,75.7,76.8,0,1,40,0,11.1,116.4,2.5,1,4,1,1,4,0,0.0,300,8.6
9,Jaden Keefner,174907,QB,BRYANT,1,53.1,32,34,10.3,2.62,1,1,2.5,47.1,16,0,14,5.9,41,1,13,124,72.4,52.6,48.7,61.4,0,2,47,0,7.1,49.8,2.4,1,6,0,1,1,3,6.4,189,5.6
9,Walker Harris,150449,QB,NC CENT,1,78.1,32,34,11.3,2.67,1,5,13.5,67.6,23,0,9,8.0,40,2,13,247,70.1,93.7,93.6,65.7,0,1,43,0,44.4,109.8,10.0,4,2,1,0,2,0,0.0,359,10.6
9,Jaylon Tolbert,154757,QB,ALCORN ST,1,74.2,31,33,7.6,2.39,0,0,0.0,69.7,23,0,8,0.0,36,0,12,107,69.8,67.4,67.1,61.2,0,0,38,0,12.5,130.7,2.8,1,2,1,1,4,0,0.0,245,7.4
9,Carter Peevy,129563,QB,MAINE,1,80.0,30,33,5.0,2.41,0,1,2.9,72.7,24,0,5,0.0,34,0,15,212,70.9,72.2,74.3,58.1,0,0,36,0,0.0,115.7,0.0,0,1,0,3,2,0,0.0,260,7.9
9,Nate Glantz,157587,QB,LNDNWD,1,55.2,29,32,10.7,2.76,0,1,3.0,50.0,16,0,10,0.0,34,0,8,949,70.1,43.3,43.1,55.5,0,2,35,0,10.0,49.9,2.9,1,0,0,3,1,3,8.6,167,5.2
9,Gunnar Smith,162611,QB,FORDHAM,1,58.6,29,32,10.0,3.0,2,0,0.0,53.1,17,0,15,0.0,41,0,13,168,31.6,60.5,52.5,74.0,0,0,44,0,33.3,72.8,12.2,5,4,0,1,0,2,4.5,203,6.3
9,Nick Whitfield Jr.,159490,QB,ST FRANCIS,1,64.3,28,32,9.5,3.04,1,2,6.1,53.1,17,0,10,5.6,33,1,12,299,29.7,55.1,61.5,46.7,1,1,34,1,10.0,85.4,3.0,1,0,0,2,2,2,5.9,240,7.5
9,Davin Wydner,163672,QB,W GEORGIA,1,65.5,29,32,12.8,2.62,0,1,2.9,53.1,17,0,7,10.5,34,2,11,1177,72.7,57.3,43.9,76.9,0,0,36,0,0.0,90.1,0.0,0,2,0,3,2,2,5.6,176,5.5
9,Braden Davis,158114,QB,HAMPTON,1,77.8,27,31,4.6,2.97,1,0,0.0,64.5,20,0,12,4.8,37,1,8,178,71.5,48.7,42.2,65.4,1,1,41,2,33.3,73.9,10.8,4,2,0,2,0,2,4.9,234,7.5
9,Tyler Riddell,102355,QB,DUQUESNE,1,75.9,29,31,6.3,2.35,1,0,0.0,67.7,21,0,8,4.5,34,1,8,155,18.8,43.1,38.8,66.7,0,2,34,0,37.5,64.3,8.8,3,0,0,1,1,4,11.8,163,5.3
9,Chris Dietrich,190659,QB,BUCKNELL,1,74.1,27,31,9.9,2.61,1,0,0.0,58.1,18,0,10,10.0,36,2,11,125,68.8,57.7,56.0,61.6,1,1,37,0,30.0,88.4,8.3,3,2,1,1,2,1,2.7,222,7.2
9,Austin Myers,164221,QB,CENT ARK,1,70.0,30,31,9.2,2.39,0,0,0.0,67.7,21,0,7,0.0,33,0,11,132,42.7,62.4,62.7,56.2,0,1,35,0,28.6,92.1,6.1,2,0,0,1,2,1,2.9,190,6.1
9,Kai Colon,167663,QB,PRINCETON,1,75.0,28,31,10.6,2.79,0,2,6.5,61.3,19,0,8,9.5,33,2,11,272,69.1,86.2,84.1,70.1,1,1,34,0,12.5,93.3,3.0,1,1,0,2,2,1,2.9,239,7.7
9,Grant Harper,142158,QB,UC DAVIS,1,60.7,28,31,11.1,2.97,1,2,6.3,48.4,15,0,11,11.8,35,2,12,322,71.3,63.0,57.0,72.1,0,2,36,1,9.1,76.8,2.9,1,3,0,2,3,2,5.6,216,7.0
9,RJ Johnson,171379,QB,FL A&M,1,76.7,30,31,5.7,2.16,1,1,2.9,71.0,22,0,5,4.3,34,1,15,164,70.2,81.4,82.0,69.6,0,0,38,2,20.0,110.6,2.9,1,2,0,0,1,0,0.0,287,9.3
9,Justin Lamson,144052,QB,MONTANA ST,1,75.0,28,30,5.9,2.89,1,0,0.0,63.3,19,0,8,9.5,37,2,12,233,71.7,78.3,71.8,72.4,1,0,38,0,25.0,90.4,5.4,2,5,0,0,1,0,0.0,176,5.9
9,Ty Pennington,185022,QB,N ARIZONA,1,82.8,29,30,4.0,2.49,1,0,0.0,80.0,24,0,8,0.0,33,0,10,252,72.4,73.6,68.2,69.7,0,0,35,0,12.5,101.5,3.0,1,2,0,0,1,0,0.0,171,5.7
9,Nate Bell,170673,QB,E WASHGTON,1,73.3,30,30,7.8,3.28,0,0,0.0,66.7,20,0,23,9.1,42,2,9,161,43.9,54.8,55.3,56.5,0,0,46,0,21.7,92.2,11.9,5,7,0,0,1,1,2.2,169,5.6
9,Cason Carswell,206621,QB,W ILLINOIS,1,60.0,25,30,7.2,2.46,3,0,0.0,46.7,14,0,12,6.7,32,1,5,345,21.8,43.6,50.0,43.3,0,0,36,0,8.3,70.6,3.1,1,1,0,2,1,2,5.6,133,4.4
9,Robert Coleman,76149,QB,LAMAR,1,70.4,27,30,7.4,2.47,1,0,0.0,60.0,18,0,9,5.3,35,1,7,204,69.1,58.3,56.0,62.1,0,0,35,0,44.4,90.7,11.4,4,1,0,2,1,0,0.0,198,6.6
9,Bo Kelly,158923,QB,CAL POLY,1,81.5,27,30,8.3,2.54,0,5,15.2,66.7,20,0,16,9.1,30,2,8,129,69.0,78.0,78.8,57.3,1,1,33,0,0.0,92.1,0.0,0,0,0,2,2,1,3.0,188,6.3
9,Quinn Boyd,191683,QB,STNY BROOK,1,80.0,25,29,5.5,2.37,2,1,3.2,65.5,19,0,5,5.0,32,1,9,303,70.9,73.1,78.4,50.9,0,0,34,0,20.0,93.5,3.1,1,2,0,2,1,0,0.0,176,6.1
9,Jaden Craig,159342,QB,HARVARD,1,66.7,27,28,9.4,2.99,0,0,0.0,57.1,16,0,8,11.1,34,2,11,179,69.7,70.3,65.2,69.3,1,1,36,0,12.5,78.9,2.9,1,5,0,0,1,2,5.6,216,7.7
9,Byron McNair,128017,QB,TENN STATE,1,75.0,24,28,8.3,2.97,1,1,3.4,64.3,18,0,20,0.0,37,0,9,308,70.6,64.5,61.8,66.9,0,1,38,2,25.0,80.5,13.5,5,4,0,3,1,1,2.6,187,6.7
9,J.T. Fayard,172783,QB,WOFFORD,1,77.8,27,28,6.5,2.47,1,1,3.2,75.0,21,0,12,0.0,32,0,4,350,29.9,55.7,53.8,61.2,0,0,36,0,25.0,86.5,9.4,3,1,0,0,0,1,2.8,147,5.3
9,Andy Peters,128138,QB,STTHOM,1,78.6,28,28,9.5,2.61,0,1,3.4,78.6,22,0,4,0.0,30,0,13,1129,36.9,76.9,70.0,73.2,0,1,31,0,0.0,131.0,0.0,0,2,0,0,3,1,3.2,292,10.4
9,Ashton Strother,208047,QB,SOUTHERN U,1,50.0,26,28,10.8,2.98,0,0,0.0,42.9,12,0,11,7.7,33,1,10,297,70.5,57.0,49.2,70.4,0,0,36,0,9.1,67.1,3.0,1,4,0,2,0,1,2.8,197,7.0
9,Brady Stober,203110,QB,SAMFORD,1,69.6,23,28,7.9,2.89,3,0,0.0,42.9,12,0,11,25.0,35,4,5,282,71.3,44.9,39.6,62.4,2,1,36,0,36.4,35.7,11.4,4,3,0,0,0,3,8.3,86,3.1
9,Jack Shields,156830,QB,ALBANY,1,52.2,23,27,10.4,2.86,2,0,0.0,40.7,11,0,13,8.3,31,1,7,106,22.0,29.9,36.7,42.9,1,1,35,1,15.4,48.7,6.5,2,2,0,1,1,3,8.6,102,3.8
9,Victor Gabalis,131932,QB,TARLETON,1,76.9,26,27,10.5,2.8,0,1,3.7,66.7,18,0,9,10.0,33,2,14,401,68.5,86.9,85.6,66.3,1,0,33,0,33.3,101.9,9.1,3,3,0,0,1,0,0.0,207,7.7
9,Tommy Rittenhouse,148028,QB,ILL STATE,1,80.0,25,27,4.9,2.41,0,0,0.0,66.7,18,0,3,10.0,31,2,11,188,21.9,54.7,56.9,54.7,0,0,32,0,33.3,104.1,3.2,1,1,0,2,2,1,3.1,141,5.2
9,Sonny Mannino,166694,QB,MARIST,1,64.0,25,27,6.8,3.13,1,0,0.0,59.3,16,0,13,0.0,43,0,11,213,70.6,45.4,43.7,55.5,1,0,46,0,30.8,76.5,9.3,4,11,0,0,0,1,2.2,162,6.0
9,C'zavian Teasett,178078,QB,GRAMBLING,1,73.9,23,26,9.9,2.85,0,1,3.6,61.5,16,0,12,5.9,30,1,11,177,19.9,55.0,61.2,50.5,0,0,32,1,16.7,116.2,6.7,2,2,0,3,2,2,6.3,232,8.9
9,Dijon Jennings,156891,QB,WEBER ST,1,64.0,25,26,9.8,2.78,0,1,3.6,61.5,16,0,6,0.0,29,0,8,342,41.6,61.9,60.3,61.1,0,2,31,0,16.7,43.9,3.4,1,2,0,1,0,1,3.2,141,5.4
9,Luca Stanzani,159449,QB,LIUSHAR,1,66.7,24,26,7.4,2.57,0,0,0.0,57.7,15,0,6,6.3,32,1,11,1298,43.2,62.4,61.6,60.6,0,1,35,0,33.3,71.3,6.3,2,4,0,2,1,1,2.9,152,5.8
9,Hayden Johnson,185698,QB,LEHIGH,1,73.1,26,26,13.6,3.05,0,2,7.4,65.4,17,0,5,10.5,29,2,13,205,70.7,82.5,83.1,63.5,0,0,30,0,20.0,99.4,3.4,1,2,0,0,0,0,0.0,267,10.3
9,Collin Shannon,160918,QB,VA MILT IN,1,50.0,22,25,7.7,2.53,2,0,0.0,40.0,10,0,8,9.1,30,1,3,336,68.2,54.1,53.4,,1,0,30,0,62.5,52.8,16.7,5,0,0,0,0,0,0.0,104,4.2
9,Raymond Moore III,201451,QB,MORGAN ST,1,62.5,24,25,8.6,3.09,1,0,0.0,52.0,13,0,8,13.3,35,2,13,235,34.0,79.2,68.6,78.1,0,0,36,0,37.5,85.3,8.6,3,7,0,0,1,1,2.8,159,6.4
9,Beau Brungard,164897,QB,YNGTOWN ST,1,96.0,25,25,8.4,3.0,0,7,26.9,88.0,22,0,6,8.3,30,2,13,353,72.8,94.3,95.5,68.6,0,0,32,0,0.0,135.2,0.0,0,5,0,0,2,0,0.0,251,10.0
9,Frankie Weaver,191675,QB,MONMOUTH,1,69.6,23,25,7.0,2.66,2,0,0.0,56.0,14,0,7,12.5,27,2,6,231,26.7,47.5,44.8,,0,1,27,0,28.6,52.4,7.4,2,0,0,0,0,1,3.7,122,4.9
9,Carter Cravens,150714,QB,MOREHEAD,1,66.7,24,25,9.0,2.77,0,0,0.0,64.0,16,0,11,0.0,28,0,8,234,69.8,62.8,63.0,58.6,0,1,30,0,9.1,78.4,3.6,1,2,0,1,1,1,3.3,158,6.3
9,Caleb Sanchez,191601,QB,COLUMBIA,1,63.6,22,25,6.8,2.65,2,0,0.0,40.0,10,0,7,28.6,27,4,5,145,68.5,28.4,27.8,57.6,0,1,27,0,14.3,36.3,3.7,1,1,0,1,0,2,7.4,105,4.2
9,Andrew Body,155202,QB,ALABAMA ST,1,82.6,23,24,9.7,2.91,1,0,0.0,79.2,19,0,2,0.0,28,0,18,105,69.7,90.3,79.3,84.6,0,0,29,0,0.0,158.3,0.0,0,4,0,0,5,0,0.0,304,12.7
9,Tyler Hughes,159218,QB,WM & MARY,1,87.0,23,24,6.5,2.79,0,1,3.8,79.2,19,0,11,5.0,28,1,8,348,72.7,90.5,81.3,79.5,0,0,31,0,0.0,102.1,0.0,0,4,0,1,0,0,0.0,204,8.5
9,Chris Parson,172551,QB,AUSTINPEAY,1,82.6,23,24,14.9,3.73,0,2,8.0,70.8,17,0,8,10.5,31,2,15,116,70.7,74.0,59.3,81.7,0,0,33,0,37.5,152.8,9.7,3,4,0,1,3,2,6.1,316,13.2
9,Cole Payton,148154,QB,N DAK ST,1,78.3,23,24,11.5,3.26,0,2,8.0,75.0,18,0,13,0.0,32,0,14,250,72.3,91.2,86.8,78.8,0,1,33,0,23.1,89.4,9.4,3,5,1,0,0,1,3.0,243,10.1
9,Braden Graham,191899,QB,HOLY CROSS,1,66.7,24,24,6.9,1.8,0,0,0.0,62.5,15,0,2,6.3,25,1,9,181,67.9,57.1,55.9,,0,0,27,0,0.0,104.0,0.0,0,0,0,0,2,2,7.4,127,5.3
9,DJ Williams,138061,QB,S ILLINOIS,1,86.4,22,23,4.8,2.41,0,1,4.2,82.6,19,0,6,0.0,24,0,9,295,72.2,86.1,80.6,73.5,0,0,25,0,0.0,130.1,0.0,0,1,0,1,2,0,0.0,190,8.3
9,Matt Vezza,176960,QB,NEW HAMP,1,73.9,23,23,10.4,2.63,0,1,4.3,73.9,17,0,4,0.0,28,0,12,240,73.3,92.4,90.0,81.4,0,0,28,0,25.0,154.0,3.6,1,4,0,0,3,1,3.6,280,12.2
9,Abram Johnston,192360,QB,NWSTATE,1,60.9,23,23,13.6,2.66,0,1,4.2,56.5,13,0,9,7.1,27,1,9,257,71.0,65.0,60.8,66.9,0,1,28,0,33.3,97.0,11.1,3,1,0,0,1,1,3.6,284,12.3
9,Zach Tanner,159923,QB,ROB MORRIS,1,65.0,20,23,13.2,2.24,3,3,12.0,52.2,12,0,7,7.7,25,1,7,277,67.9,82.0,81.3,63.1,0,0,27,1,14.3,103.7,4.0,1,1,0,0,2,0,0.0,161,7.0
9,Landen Clark,188534,QB,ELON,1,81.0,21,23,6.2,3.29,0,1,4.2,69.6,16,0,17,5.9,34,1,8,162,71.3,79.4,64.9,79.9,0,1,35,0,29.4,79.6,14.7,5,6,0,2,1,1,2.9,128,5.6
9,Pat McQuaide,145792,QB,VILLANOVA,1,76.2,21,22,11.8,2.29,0,2,8.0,68.2,15,0,3,6.3,24,1,6,334,70.0,77.9,75.0,67.2,0,1,27,0,66.7,108.7,8.3,2,0,0,1,2,1,3.7,203,9.2
9,Trey Hedden,185848,QB,FURMAN,1,77.3,22,22,7.3,2.43,0,1,4.5,72.7,16,0,7,5.9,24,1,8,170,69.9,80.5,77.7,67.8,0,0,24,0,28.6,102.7,8.3,2,0,0,0,0,0,0.0,211,9.6
9,Keegan Patterson,158465,QB,INDIANA ST,1,50.0,16,22,16.4,2.8,2,1,4.5,31.8,7,0,15,12.5,28,1,5,191,68.5,51.4,50.6,62.9,2,1,28,1,20.0,22.9,10.7,3,3,1,1,0,1,3.6,70,3.2
9,Collin Hurst,177732,QB,PRESBYTERN,1,63.6,22,22,11.8,2.76,0,2,8.3,63.6,14,0,6,0.0,24,0,7,271,67.8,75.5,76.7,57.3,0,3,26,0,16.7,86.6,4.2,1,1,0,0,2,1,3.8,215,9.8
9,Nathan Kent,148446,QB,TOWSON,1,57.9,19,22,14.3,2.75,0,3,13.6,45.5,10,0,3,9.1,23,1,9,317,68.1,74.6,71.2,69.1,1,0,23,0,0.0,104.9,0.0,0,1,0,2,2,0,0.0,183,8.3
9,Dante Reno,184498,QB,YALE,1,86.4,22,22,6.5,2.5,0,2,8.7,72.7,16,0,8,15.8,24,3,12,352,69.5,78.8,74.1,70.7,0,0,25,0,0.0,142.2,0.0,0,2,0,0,3,0,0.0,211,9.6
9,Devin Farrell,157658,QB,RHODE ISLD,1,66.7,21,22,13.6,2.62,1,3,13.0,63.6,14,0,5,0.0,28,0,8,274,68.7,72.6,70.4,69.5,0,1,29,1,40.0,118.6,7.1,2,4,0,0,2,1,3.4,275,12.5
9,Joshua Wood,163421,QB,IDAHO,1,75.0,20,22,11.7,2.68,0,1,4.3,68.2,15,0,5,0.0,23,0,13,185,68.8,80.7,80.4,63.7,2,0,24,0,0.0,147.5,0.0,0,1,0,0,4,0,0.0,259,11.8
9,Jim Ogle,192530,QB,MURRAY ST,1,66.7,21,22,8.3,2.23,0,0,0.0,54.5,12,0,7,14.3,22,2,6,236,69.3,55.1,53.3,61.6,0,1,23,1,0.0,65.5,0.0,0,0,0,1,1,1,4.3,115,5.2
9,Cole Pennington,156787,QB,GARD-WEBB,1,85.7,21,21,9.1,2.67,0,2,9.5,85.7,18,0,2,0.0,23,0,12,171,69.4,85.8,90.8,54.3,0,0,24,0,0.0,132.5,0.0,0,2,0,0,1,0,0.0,252,12.0
9,Coulter Cleland,165212,QB,DAVIDSON,1,80.0,20,21,11.0,2.67,0,2,8.7,71.4,15,0,8,6.3,26,1,11,149,69.1,77.8,79.2,59.3,0,2,28,1,50.0,105.9,15.4,4,1,0,1,2,1,3.6,277,13.2
9,Dez Thomas II,177368,QB,GEORGETOWN,1,76.2,21,21,11.2,3.35,0,1,4.2,76.2,16,0,10,0.0,28,0,6,172,71.6,61.5,67.5,54.0,0,0,31,1,50.0,118.8,17.9,5,2,0,0,1,0,0.0,188,9.0
9,Jack O'Connell,165100,QB,STHLSK,1,72.2,18,21,13.8,2.67,0,3,14.3,61.9,13,0,6,0.0,23,0,11,1470,72.9,66.4,69.4,60.9,1,1,23,1,0.0,104.5,0.0,0,2,1,1,2,1,4.3,196,9.3
9,Camden Orth,108965,QB,CHATTNOOGA,1,63.2,19,20,10.5,2.8,0,2,8.7,55.0,11,0,4,8.3,23,1,10,137,28.8,74.7,76.0,60.1,0,0,26,0,25.0,123.1,4.3,1,2,0,1,3,0,0.0,171,8.6
9,Kevin White,178287,QB,NC A&T,1,72.2,18,20,10.0,2.53,0,1,5.0,60.0,12,0,7,7.7,26,1,7,246,70.0,59.3,62.1,58.8,1,0,26,2,42.9,96.5,11.5,3,3,0,1,1,0,0.0,133,6.7
9,Ean Rodrigue,178002,QB,NICHOLLS,1,68.4,19,20,6.4,2.76,1,0,0.0,60.0,12,0,6,7.7,22,1,7,243,73.3,77.1,68.0,74.0,0,0,23,0,33.3,102.3,9.1,2,0,0,0,1,0,0.0,161,8.1
9,Kekoa Visperas,147588,QB,TENN TECH,1,68.4,19,20,9.2,2.94,1,0,0.0,55.0,11,0,9,15.4,29,2,8,309,45.2,56.6,61.6,51.3,0,0,31,0,33.3,114.2,10.3,3,5,0,0,2,1,3.2,158,7.9
9,Cam'Ron Ransom,147110,QB,BETH COOK,1,65.0,20,20,9.2,2.86,0,0,0.0,65.0,13,0,7,0.0,25,0,8,119,72.2,62.8,56.9,64.9,0,0,26,0,28.6,91.7,8.0,2,3,0,0,0,0,0.0,170,8.5
9,Maddox Kopp,144251,QB,HOUCHR,1,61.1,18,19,13.4,3.27,0,0,0.0,52.6,10,0,13,9.1,27,1,4,183,27.0,46.0,54.4,40.0,0,0,28,0,30.8,62.0,14.8,4,4,0,1,0,2,7.1,73,3.8
9,Johnny Weber,192878,QB,SE MO ST,1,62.5,16,19,9.4,3.06,0,1,4.8,52.6,10,0,9,0.0,23,0,4,293,26.6,55.4,58.4,53.5,0,1,25,0,33.3,46.6,13.0,3,1,0,3,0,1,4.0,103,5.4
9,Myles Burkett,158691,QB,E KENTUCKY,1,72.2,18,19,8.9,2.89,1,0,0.0,57.9,11,0,12,15.4,24,2,8,159,70.9,65.7,63.0,64.0,0,2,25,0,16.7,35.5,8.3,2,3,0,0,0,2,8.0,113,5.9
9,Jake Strong,173651,QB,MCNEESE,1,68.8,16,19,17.0,2.68,0,2,10.5,57.9,11,0,9,0.0,21,0,5,217,72.1,51.4,40.0,68.1,1,2,22,0,11.1,68.0,4.8,1,1,0,2,1,3,13.6,181,9.5
9,Luke Marble,188423,QB,S DAK ST,1,60.0,15,18,6.6,3.5,1,1,5.0,44.4,8,0,14,11.1,24,1,5,292,27.3,49.9,58.0,41.8,0,0,26,1,28.6,80.1,16.7,4,2,0,2,1,0,0.0,97,5.4
9,Jake McNamara,157879,QB,E TENN ST,1,83.3,18,18,2.1,2.93,0,0,0.0,77.8,14,0,7,6.7,24,1,6,157,70.0,42.9,45.3,54.2,0,0,25,1,28.6,89.1,8.3,2,4,0,0,0,2,8.0,97,5.4
9,Bronson Barron,141710,QB,SO UTAH,1,58.8,17,17,9.8,2.56,0,0,0.0,58.8,10,0,5,0.0,19,0,8,298,67.0,54.3,56.1,53.8,0,0,19,0,0.0,78.1,0.0,0,2,0,0,0,0,0.0,110,6.5
9,Cameron Peters,123326,QB,PRVIEW A&M,1,75.0,16,17,16.3,2.71,0,1,5.0,64.7,11,0,6,8.3,19,1,9,270,67.5,89.9,90.1,60.6,0,0,23,0,0.0,147.3,0.0,0,2,0,1,2,0,0.0,243,14.3
9,Cole LaCrue,170324,QB,E ILLINOIS,1,64.7,17,17,7.1,2.63,0,1,5.6,58.8,10,0,8,9.1,24,1,10,158,71.3,76.6,68.8,72.2,0,0,25,0,50.0,100.4,16.7,4,3,0,0,1,0,0.0,121,7.1
9,Otto Kuhns,138014,QB,NORFOLK,1,64.7,17,17,17.5,3.57,0,2,9.5,64.7,11,0,13,0.0,25,0,7,244,27.7,60.9,56.8,67.3,0,1,29,0,38.5,123.2,20.0,5,3,0,0,3,2,6.9,246,14.5
9,Quentin Hayes,186423,QB,CITADEL,1,73.3,15,16,10.7,2.72,0,3,17.6,68.8,11,0,7,0.0,19,0,8,139,33.9,83.7,82.7,68.9,1,0,20,0,28.6,149.5,10.5,2,1,0,0,2,1,5.0,194,12.1
9,Charlie Gilliam,176067,QB,SAMFORD,1,60.0,15,16,12.7,2.54,0,0,0.0,56.3,9,0,3,0.0,16,0,7,282,68.2,45.6,45.1,58.3,0,1,16,1,0.0,58.9,0.0,0,0,0,1,0,3,18.8,138,8.6
9,Carson Camp,141837,QB,SE LA,1,80.0,15,15,6.7,2.11,0,1,6.7,80.0,12,0,2,0.0,16,0,7,294,25.7,58.3,63.0,51.9,0,2,16,0,50.0,96.2,6.3,1,0,0,0,1,2,12.5,169,11.3
9,Rowan Keefe,165386,QB,VALPO,1,66.7,15,15,12.6,2.63,0,1,6.7,60.0,9,0,4,10.0,17,1,7,332,68.9,70.3,76.1,54.0,0,1,17,0,0.0,67.1,0.0,0,2,0,0,0,0,0.0,154,10.3
9,Jaxon Dailey,156650,QB,N IOWA,1,78.6,14,15,7.7,2.43,0,2,11.1,53.3,8,0,5,27.3,16,3,5,255,70.8,90.8,82.4,80.4,1,0,20,0,0.0,111.9,0.0,0,1,0,0,2,0,0.0,93,6.2
9,Drew VanVleet,177653,QB,DAYTON,1,93.3,15,15,5.9,2.31,0,2,13.3,86.7,13,0,4,7.1,17,1,6,150,68.2,84.7,90.5,60.1,0,0,17,0,50.0,118.9,11.8,2,0,0,0,1,0,0.0,108,7.2
9,Kaiden Bennett,147778,QB,DELWARE ST,1,71.4,14,15,11.4,2.98,1,0,0.0,60.0,9,0,8,10.0,19,1,8,152,71.2,58.8,51.7,64.5,0,1,19,1,12.5,116.0,5.3,1,3,0,0,2,2,10.5,212,14.1
9,John-Keawe Sagapolutele,175709,QB,PORTLAND,1,53.8,13,14,7.6,3.05,0,0,0.0,50.0,7,0,8,0.0,17,0,4,269,67.5,56.7,50.8,66.0,1,1,17,0,0.0,26.5,0.0,0,3,0,0,0,2,11.8,41,2.9
9,Tyrese Smith,185065,QB,PORTLAND,1,58.3,12,13,14.8,2.91,1,1,7.7,53.8,7,0,4,0.0,16,0,7,269,71.6,61.4,52.3,70.3,0,1,16,1,25.0,58.8,6.3,1,2,0,0,0,1,6.3,137,10.5
9,Brock Riddle,185493,QB,INDIANA ST,1,25.0,12,13,16.7,2.3,0,1,7.7,23.1,3,0,5,0.0,15,0,2,191,13.6,30.4,40.8,37.4,1,2,15,0,40.0,41.3,13.3,2,0,0,0,1,2,13.3,88,6.8
9,Cade McNamara,101620,QB,E TENN ST,1,92.3,13,13,3.2,2.46,0,2,14.3,92.3,12,0,2,0.0,14,0,6,157,67.3,93.0,93.1,63.4,0,0,15,0,0.0,99.7,0.0,0,1,0,0,0,0,0.0,103,7.9
9,Jack Stevens,185814,QB,WAGNER,1,83.3,12,13,4.5,2.36,1,0,0.0,76.9,10,0,4,0.0,18,0,6,338,71.3,74.6,64.5,75.8,0,0,21,1,50.0,111.7,11.1,2,3,0,0,1,0,0.0,62,4.8
9,Logan Inagawa,206029,QB,DRAKE,1,83.3,12,13,10.3,3.32,0,2,14.3,76.9,10,0,6,0.0,16,0,9,153,39.0,76.0,86.6,60.4,0,0,17,0,0.0,157.9,0.0,0,3,0,1,2,0,0.0,163,12.5
9,JD Davis II,184136,QB,ALAB A&M,1,41.7,12,13,12.2,2.79,0,1,7.7,38.5,5,0,5,0.0,17,0,3,104,22.9,35.7,32.4,60.6,0,1,18,0,40.0,55.9,11.8,2,2,0,1,1,2,11.1,88,6.8
9,Grayson Saunier,171185,QB,DARTMOUTH,1,92.3,13,13,9.6,2.43,0,2,14.3,92.3,12,0,3,0.0,15,0,5,148,70.1,93.1,81.5,91.3,0,0,16,0,0.0,144.2,0.0,0,2,0,0,1,0,0.0,162,12.5
9,Andrew Indorf,201895,QB,TOWSON,1,36.4,11,12,12.2,2.91,0,0,0.0,25.0,3,0,5,25.0,14,1,2,317,67.1,53.0,54.3,56.2,0,0,14,0,20.0,42.4,7.1,1,1,0,1,0,0,0.0,44,3.7
9,Eric Handley,185928,QB,ALAB A&M,1,36.4,11,12,9.5,2.27,1,0,0.0,25.0,3,0,2,25.0,14,1,0,104,24.1,29.8,29.5,56.0,0,1,16,0,100.0,4.9,14.3,2,0,0,0,0,2,12.5,11,0.9
9,Nathan Downey,203361,QB,VALPO,1,50.0,10,12,7.7,2.44,1,0,0.0,41.7,5,0,6,0.0,14,0,3,332,66.4,44.0,43.5,,0,0,15,0,33.3,51.0,14.3,2,0,1,0,0,0,0.0,41,3.4
9,Parker Stofa,197903,QB,JACKSON ST,1,54.5,11,11,11.2,2.88,0,1,8.3,54.5,6,0,7,0.0,15,0,3,194,14.1,34.7,53.9,31.5,0,0,16,0,28.6,79.4,13.3,2,2,0,0,0,0,0.0,84,7.6
9,Matthew Schecklman,159420,QB,N IOWA,1,66.7,9,10,7.7,2.93,0,0,0.0,50.0,5,0,6,16.7,17,1,1,255,68.2,69.5,37.9,92.3,0,1,17,0,66.7,18.3,23.5,4,3,0,1,0,1,5.9,34,3.4
9,Kyle Lowe,156595,QB,SE LA,1,33.3,9,10,4.7,2.35,0,0,0.0,30.0,3,0,1,0.0,11,0,1,294,69.9,46.9,42.5,58.3,0,1,11,0,0.0,0.0,0.0,0,1,0,1,0,1,9.1,26,2.6
9,Jared Lockhart,201210,QB,JACKSON ST,1,44.4,9,9,15.9,4.31,0,1,10.0,44.4,4,0,9,0.0,13,0,4,194,24.1,53.7,66.6,47.6,0,0,15,0,0.0,123.8,0.0,0,4,0,0,1,0,0.0,103,11.4
9,Baxter Wright,192540,QB,MURRAY ST,1,87.5,8,8,4.1,2.5,0,0,0.0,87.5,7,0,2,0.0,10,0,4,236,69.9,81.1,80.4,66.6,0,0,12,0,0.0,146.4,0.0,0,2,0,0,1,0,0.0,77,9.6
9,Brandon Nunez,183978,QB,MS VLY ST,1,57.1,7,7,7.7,1.93,0,0,0.0,57.1,4,0,1,0.0,7,0,2,228,66.3,40.9,35.7,63.3,0,2,8,0,0.0,33.9,0.0,0,0,0,0,0,2,25.0,40,5.7
9,Gunner Chenier,189305,QB,STETSON,1,71.4,7,7,5.1,1.64,0,0,0.0,71.4,5,0,1,0.0,7,0,2,302,68.1,59.4,61.7,57.4,0,1,7,0,0.0,35.1,0.0,0,0,0,0,0,0,0.0,22,3.1
9,Chris Stephenson,178446,QB,STETSON,1,42.9,7,7,5.0,2.16,0,0,0.0,42.9,3,0,6,0.0,9,0,1,302,27.4,41.4,57.5,43.6,0,0,10,0,33.3,52.7,22.2,2,0,0,0,0,0,0.0,25,3.6
9,Te'Sean Smoot,163976,QB,ALABAMA ST,1,66.7,6,6,4.5,2.15,0,0,0.0,66.7,4,0,1,0.0,6,0,0,105,64.2,61.0,60.1,,0,0,6,0,0.0,70.1,0.0,0,0,0,0,0,0,0.0,9,1.5
9,JaCobian Morgan,123050,QB,JACKSON ST,1,50.0,6,6,7.8,2.37,0,0,0.0,50.0,3,0,3,0.0,6,0,3,194,65.7,69.5,65.4,63.3,0,0,6,0,0.0,87.5,0.0,0,0,0,0,0,0,0.0,63,10.5
9,Gavin Rupp,145127,QB,STETSON,1,60.0,5,5,5.8,2.37,0,1,16.7,60.0,3,0,4,0.0,7,0,1,302,64.9,64.8,64.2,,0,0,8,0,50.0,125.8,28.6,2,0,0,0,1,0,0.0,41,8.2
9,Ty Dieffenbach,170114,QB,CAL POLY,1,40.0,5,5,10.0,2.4,0,0,0.0,40.0,2,0,2,0.0,6,0,0,129,67.0,45.7,41.9,59.3,0,0,6,0,0.0,47.9,0.0,0,1,0,0,0,0,0.0,3,0.6
9,Reggie Graff,165710,QB,UTAHTC,1,50.0,4,4,5.8,2.63,0,0,0.0,50.0,2,0,3,0.0,4,0,1,1285,67.8,29.7,28.9,53.9,0,0,4,0,0.0,56.3,0.0,0,0,0,0,0,1,25.0,11,2.8
9,Sawyer Teeney,209713,QB,IDAHO,1,50.0,4,4,7.3,3.55,0,0,0.0,50.0,2,0,3,0.0,8,0,1,185,66.2,42.5,42.2,61.0,0,0,8,1,66.7,56.3,25.0,2,2,0,0,0,0,0.0,4,1.0
9,JP Pickles,183996,QB,MERCER,1,100.0,4,4,2.0,2.34,0,0,0.0,100.0,4,0,0,0.0,5,0,4,219,65.5,53.2,58.1,54.5,0,0,5,0,,116.7,0.0,0,1,0,0,0,0,0.0,48,12.0
9,Cobey Thompkins,192469,QB,CITADEL,1,100.0,3,3,-0.7,2.1,0,0,0.0,100.0,3,0,3,0.0,3,0,0,139,70.4,53.4,63.2,53.4,0,0,3,0,0.0,80.6,0.0,0,0,0,0,0,0,0.0,10,3.3
9,Will Burns,173629,QB,SO UTAH,1,100.0,3,3,3.3,2.3,0,0,0.0,100.0,3,0,0,0.0,3,0,2,298,69.7,72.1,74.3,68.5,0,0,3,0,,118.8,0.0,0,0,0,0,0,0,0.0,43,14.3
9,Amyne Darensburg,209698,QB,GRAMBLING,1,100.0,2,3,8.0,3.1,0,0,0.0,33.3,1,0,3,50.0,6,1,1,177,64.2,73.2,73.8,61.7,0,0,6,0,33.3,45.1,16.7,1,2,1,0,0,0,0.0,11,3.7
9,Jake Weir,146840,QB,HOUCHR,1,50.0,2,3,8.5,2.87,0,0,0.0,33.3,1,0,1,0.0,3,0,0,183,62.7,60.0,59.9,,1,0,3,0,0.0,46.5,0.0,0,0,0,0,0,0,0.0,12,4.0
9,James McCauley,159246,QB,COLUMBIA,1,66.7,3,3,7.7,2.88,0,0,0.0,33.3,1,0,2,50.0,4,1,1,145,63.3,50.5,49.9,,0,0,4,0,50.0,43.8,25.0,1,0,0,0,0,0,0.0,10,3.3
9,Mike Chandler II,139371,QB,CAMPBELL,1,100.0,3,3,19.0,3.5,0,0,0.0,100.0,3,0,0,0.0,4,0,2,131,69.8,74.2,81.5,56.7,0,0,5,0,,118.8,0.0,0,1,0,0,0,0,0.0,57,19.0
9,Javance Tupou'ata-Johnson,175766,QB,N DAKOTA,1,0.0,3,3,18.7,2.53,0,0,0.0,0.0,0,0,1,,3,0,0,249,66.4,53.4,35.9,70.2,0,0,3,0,0.0,39.6,0.0,0,0,0,0,0,0,0.0,0,0.0
9,Will O'Dell,206486,QB,MARIST,1,66.7,3,3,11.0,2.55,0,0,0.0,66.7,2,0,0,0.0,4,0,3,213,63.3,54.1,45.4,64.3,0,1,4,0,,51.4,0.0,0,1,0,0,0,1,25.0,24,8.0
9,Tevin Carter,157995,QB,PRVIEW A&M,1,50.0,2,3,7.0,3.08,0,0,0.0,33.3,1,0,2,0.0,5,0,1,270,65.7,54.5,47.0,64.2,1,0,6,0,50.0,50.7,20.0,1,1,0,0,0,0,0.0,15,5.0
9,Daniel Greek,126950,QB,TARLETON,1,100.0,1,2,27.0,2.7,0,0,0.0,50.0,1,0,1,0.0,2,0,1,401,71.2,71.1,75.2,62.0,0,0,2,0,0.0,95.8,0.0,0,0,0,1,0,0,0.0,28,14.0
9,Noah Trigueros,193381,QB,DARTMOUTH,1,100.0,2,2,6.0,2.1,0,0,0.0,50.0,1,0,0,50.0,2,1,0,148,61.8,73.4,72.9,,0,0,2,0,,56.3,0.0,0,0,0,0,0,0,0.0,4,2.0
9,Chandler Wilson,177935,QB,VA MILT IN,1,100.0,2,2,1.5,2.75,0,0,0.0,50.0,1,0,0,50.0,2,1,0,336,64.4,61.6,62.7,59.7,0,0,2,0,,56.3,0.0,0,0,0,0,0,0,0.0,1,0.5
9,Nana Utsey,210103,QB,VA MILT IN,1,0.0,2,2,19.0,3.03,0,0,0.0,0.0,0,0,2,,3,0,0,336,64.8,42.8,43.8,56.5,0,0,3,0,0.0,39.6,0.0,0,1,0,0,0,0,0.0,0,0.0
9,Jake Curry,185583,QB,S ILLINOIS,1,50.0,2,2,2.0,2.87,0,0,0.0,50.0,1,0,2,0.0,3,0,1,295,66.4,57.4,54.3,60.8,0,0,3,0,0.0,70.8,0.0,0,1,0,0,0,0,0.0,13,6.5
9,Amari Powell,165320,QB,STTHOM,1,50.0,2,2,19.0,2.9,0,0,0.0,50.0,1,0,0,0.0,2,0,1,1129,61.8,56.2,55.8,,0,0,2,0,,135.4,0.0,0,0,0,0,1,0,0.0,64,32.0
9,Vinson Berry,191788,QB,NORFOLK,1,50.0,2,2,10.0,1.75,0,0,0.0,0.0,0,0,0,100.0,2,1,0,244,61.8,68.8,68.4,,0,0,2,0,,39.6,0.0,0,0,0,0,0,0,0.0,0,0.0
9,Lucas Powell,192330,QB,LAMAR,1,100.0,2,2,-0.5,2.1,0,0,0.0,100.0,2,0,0,0.0,2,0,0,204,64.8,77.1,61.0,69.1,0,0,3,0,,102.1,0.0,0,0,0,0,0,0,0.0,17,8.5
9,Jayden Sauray,162802,QB,DELWARE ST,1,100.0,1,1,-2.0,6.1,0,0,0.0,100.0,1,0,1,0.0,2,0,0,152,67.6,47.3,60.4,51.5,0,0,2,0,0.0,79.2,0.0,0,1,0,0,0,0,0.0,0,0.0
9,Aidan Jakobsohn,209046,QB,TXRG,1,100.0,1,1,-6.0,2.0,0,0,0.0,100.0,1,0,1,0.0,1,0,0,1445,67.5,63.0,61.0,61.6,0,0,1,0,0.0,79.2,0.0,0,0,0,0,0,0,0.0,0,0.0
9,Jaden Gibson,170132,WR,SAMFORD,1,100.0,1,1,21.0,3.7,0,0,0.0,100.0,1,0,0,0.0,1,0,1,282,70.2,68.5,76.6,,0,0,1,0,,118.8,0.0,0,0,0,0,0,0,0.0,24,24.0
9,Rocco Koch,186165,QB,IDAHO,1,100.0,1,1,14.0,1.9,0,0,0.0,100.0,1,0,0,0.0,1,0,1,185,63.7,86.1,74.3,62.1,0,0,1,0,,158.3,0.0,0,0,0,0,1,0,0.0,42,42.0
9,Isaiah Garcia-Castaneda,138481,WR,S DAK ST,1,100.0,1,1,26.0,2.6,0,0,0.0,100.0,1,0,0,0.0,1,0,1,292,60.3,74.8,76.2,,0,0,1,0,,118.8,0.0,0,0,0,0,0,0,0.0,26,26.0
9,Marcus Brown,189117,QB,VALPO,1,0.0,1,1,35.0,4.8,0,0,0.0,0.0,0,0,3,,5,0,1,332,67.9,44.7,39.6,56.3,0,0,5,0,33.3,39.6,20.0,1,3,0,0,0,0,0.0,0,0.0
9,Carson Gresock,185177,HB,GARD-WEBB,1,100.0,1,1,-4.0,0.8,0,0,0.0,100.0,1,0,0,0.0,1,0,1,171,36.1,82.1,60.4,76.6,0,0,1,0,,116.7,0.0,0,0,0,0,0,0,0.0,12,12.0
9,Brendan Anderson,178992,QB,SO UTAH,1,0.0,1,1,4.0,2.0,0,0,0.0,0.0,0,0,0,,1,0,0,298,60.3,54.4,55.3,,0,0,1,0,,39.6,0.0,0,0,0,0,0,0,0.0,0,0.0
9,Caleb McCreary,190693,QB,TENN STATE,1,0.0,1,1,11.0,3.0,0,0,0.0,0.0,0,0,0,,1,0,0,308,60.3,56.6,56.6,,0,1,1,0,,0.0,0.0,0,0,0,0,0,0,0.0,0,0.0
9,Gavin Lochow,177638,WR,DAYTON,1,0.0,1,1,32.0,3.9,0,0,0.0,0.0,0,0,0,,1,0,0,150,76.1,70.9,38.3,68.5,0,1,1,0,,0.0,0.0,0,0,0,0,0,1,100.0,0,0.0
9,Jack Sulik,191977,QB,N DAKOTA,1,0.0,1,1,0.0,1.0,0,0,0.0,0.0,0,0,0,,1,0,0,249,60.3,55.1,57.7,,0,0,1,0,,39.6,0.0,0,0,0,0,0,0,0.0,0,0.0
9,Jack Henry,192029,QB,S DAK ST,1,0.0,1,1,17.0,2.2,0,0,0.0,0.0,0,0,0,,1,0,0,292,69.7,30.0,26.8,57.3,0,0,1,0,,39.6,0.0,0,0,0,0,0,1,100.0,0,0.0
9,Matt Machalik,192072,QB,LEHIGH,1,100.0,1,1,-3.0,1.1,0,0,0.0,100.0,1,0,0,0.0,1,0,0,205,69.7,48.4,60.6,53.0,0,0,1,0,,83.3,0.0,0,0,0,0,0,0,0.0,4,4.0
9,Colin Seibert,192088,QB,YNGTOWN ST,1,0.0,1,1,49.0,4.1,0,0,0.0,0.0,0,0,0,,1,0,0,353,60.3,59.0,58.1,,0,0,1,0,,39.6,0.0,0,0,0,0,0,0,0.0,0,0.0
9,Carston Naegle,172989,QB,SO UTAH,1,100.0,1,1,3.0,1.8,0,0,0.0,100.0,1,0,1,0.0,1,0,0,298,60.3,60.6,60.4,,0,0,1,0,0.0,79.2,0.0,0,0,0,0,0,0,0.0,3,3.0
9,Pops Battle,192799,QB,LNDNWD,1,0.0,1,1,18.0,2.95,0,0,0.0,0.0,0,0,1,,2,0,0,949,61.8,28.6,28.7,,0,1,2,0,100.0,0.0,50.0,1,0,0,0,0,1,50.0,0,0.0
9,Earl Woods III,170445,QB,HAMPTON,1,100.0,1,1,11.0,5.6,0,0,0.0,100.0,1,0,1,0.0,1,0,0,178,63.7,73.4,76.4,59.0,0,0,1,0,0.0,118.8,0.0,0,0,0,0,0,0,0.0,20,20.0
9,Blaine Hipa,167662,QB,PRINCETON,1,100.0,1,1,0.0,2.93,0,0,0.0,100.0,1,0,3,0.0,3,0,1,272,64.8,63.6,56.4,63.3,0,0,3,0,66.7,79.2,66.7,2,0,0,0,0,0,0.0,3,3.0
9,Andre Washington,165436,QB,ALCORN ST,1,0.0,1,1,5.0,1.2,0,0,0.0,0.0,0,0,0,,1,0,0,107,61.8,45.7,44.7,,0,0,2,0,,39.6,0.0,0,0,0,0,0,0,0.0,0,0.0
9,Eddie Kasper,164785,WR,ILL STATE,1,100.0,1,1,25.0,5.8,0,1,100.0,100.0,1,0,0,0.0,1,0,1,188,60.3,90.6,88.1,,0,0,1,0,,118.8,0.0,0,0,0,0,0,0,0.0,29,29.0
9,Fresh Walters,157978,WR,YNGTOWN ST,1,100.0,1,1,-2.0,1.2,0,0,0.0,100.0,1,0,0,0.0,1,0,1,353,60.3,46.1,60.4,,0,0,1,0,,158.3,0.0,0,0,0,0,1,0,0.0,50,50.0
9,Norman Taylor,206398,HB,MS VLY ST,1,100.0,1,1,18.0,2.1,0,0,0.0,0.0,0,0,0,100.0,1,1,0,228,74.4,71.4,72.6,62.7,0,0,1,0,,39.6,0.0,0,0,0,0,0,0,0.0,0,0.0
9,Jay Carney,164716,QB,LINCOK,1,36.4,11,11,16.6,3.61,0,0,0.0,36.4,4,0,9,0.0,20,0,2,1452,23.9,27.0,29.2,39.1,0,0,20,0,44.4,48.3,20.0,4,5,0,0,0,2,10.0,42,3.8
week,player,player_id,position,team_name,player_game_count,accuracy_percent,aimed_passes,attempts,avg_depth_of_target,avg_time_to_throw,bats,big_time_throws,btt_rate,completion_percent,completions,declined_penalties,def_gen_pressures,drop_rate,dropbacks,drops,first_downs,franchise_id,grades_hands_fumble,grades_offense,grades_pass,grades_run,hit_as_threw,interceptions,passing_snaps,penalties,pressure_to_sack_rate,qb_rating,sack_percent,sacks,scrambles,spikes,thrown_aways,touchdowns,turnover_worthy_plays,twp_rate,yards,ypa
10,Nick Minicucci,173617,QB,DELAWARE,1,68.1,47,49,11.4,2.62,0,2,3.7,59.2,29,0,12,9.4,54,3,14,151,71.5,62.4,59.2,68.3,2,1,59,0,16.7,85.8,3.7,2,2,0,0,2,3,5.1,344,7.0
10,Anthony Colandrea,170131,QB,UNLV,1,86.0,43,47,7.0,2.69,0,1,2.1,76.6,36,0,20,2.7,53,1,20,325,19.2,66.8,76.1,41.1,0,0,54,1,10.0,121.1,3.8,2,3,1,3,3,1,1.9,382,8.1
10,Micah Alejado,184162,QB,HAWAII,1,81.4,43,46,10.7,3.07,1,2,4.3,67.4,31,0,11,11.4,49,4,17,180,70.1,78.1,78.4,61.0,0,0,50,0,9.1,113.2,2.0,1,2,0,2,3,1,2.0,367,8.0
10,Athan Kaliakmanis,144971,QB,RUTGERS,1,63.4,41,45,9.7,2.46,2,0,0.0,55.6,25,0,10,3.8,50,1,13,278,70.5,65.7,67.4,54.2,2,0,51,0,20.0,79.2,4.0,2,3,0,0,1,0,0.0,253,5.6
10,Joey Aguilar,174978,QB,TENNESSEE,1,76.2,42,45,10.7,2.66,1,5,10.2,64.4,29,0,19,9.4,53,3,20,307,42.6,67.9,68.2,58.7,2,2,57,0,26.3,95.9,9.4,5,3,0,0,3,3,5.3,393,8.7
10,Nicholas Vattiato,145302,QB,MIDDLE TN,1,65.0,40,45,10.4,2.76,2,2,4.2,51.1,23,0,13,11.5,50,3,13,224,40.8,59.0,56.6,64.9,0,1,54,0,15.4,72.0,4.0,2,3,0,3,2,1,1.9,235,5.2
10,Kevin Jennings,158272,QB,SMU,1,79.5,39,44,9.4,2.57,2,4,8.9,65.9,29,0,13,6.5,50,2,17,287,70.9,90.2,91.3,56.2,1,0,52,0,15.4,99.1,4.0,2,3,0,2,1,0,0.0,365,8.3
10,Darian Mensah,169984,QB,DUKE,1,82.4,34,41,9.5,2.77,2,3,6.5,65.9,27,0,11,3.6,45,1,14,154,69.7,77.5,80.7,52.8,0,0,50,1,18.2,126.2,4.4,2,2,0,5,4,3,6.0,361,8.8
10,Sawyer Robertson,146839,QB,BAYLOR,1,76.9,39,40,8.0,2.72,1,2,5.0,72.5,29,0,11,3.3,44,1,16,118,34.6,79.7,76.3,70.0,0,0,44,0,18.2,115.3,4.5,2,2,0,0,3,2,4.5,267,6.7
10,Walker Eget,146170,QB,S JOSE ST,1,61.5,39,40,17.6,3.02,1,4,9.5,50.0,20,0,11,16.7,44,4,18,285,40.2,67.2,72.4,47.8,0,0,46,0,0.0,108.1,0.0,0,4,0,0,2,3,6.5,458,11.5
10,Logan Fife,128176,QB,NEW MEX ST,1,44.1,34,40,11.1,2.76,1,0,0.0,35.0,14,0,14,6.7,44,1,6,242,71.4,39.5,32.4,71.9,2,1,47,0,21.4,33.3,6.8,3,1,0,3,0,3,6.4,112,2.8
10,Rodney Tisdale Jr.,188754,QB,W KENTUCKY,1,81.6,38,39,7.7,2.55,0,0,0.0,76.9,30,0,6,3.2,45,1,17,346,41.7,60.3,61.6,57.1,0,1,45,0,33.3,121.8,4.4,2,4,1,0,4,2,4.4,301,7.7
10,Drake Lindsey,184727,QB,MINNESOTA,1,77.1,35,39,5.5,2.5,1,2,4.7,66.7,26,0,6,3.7,41,1,9,225,70.6,71.5,70.9,61.4,0,0,45,0,16.7,78.7,2.4,1,1,0,3,0,0,0.0,197,5.1
10,Mason Heintschel,199088,QB,PITTSBURGH,1,70.6,34,38,9.1,2.88,2,2,4.9,60.5,23,0,12,4.2,44,1,16,268,24.2,65.1,73.0,44.1,0,2,47,0,16.7,90.2,4.5,2,4,0,2,3,4,8.5,304,8.0
10,Diego Pavia,156927,QB,VANDERBILT,1,85.3,34,38,8.6,3.15,1,0,0.0,71.1,27,1,23,6.9,49,2,22,333,42.3,77.5,76.7,67.8,1,0,53,2,21.7,127.6,10.2,5,6,0,2,3,1,1.9,365,9.6
10,Carson Beck,124010,QB,MIAMI FL,1,81.1,37,38,7.7,2.39,1,2,4.8,68.4,26,0,4,13.3,43,4,13,220,70.7,78.0,79.0,59.3,0,2,47,0,0.0,84.8,0.0,0,3,0,0,2,1,2.1,274,7.2
10,Grayson James,145214,QB,BOSTON COL,1,75.8,33,38,9.7,2.91,1,1,2.5,65.8,25,0,23,0.0,45,0,10,121,71.4,51.7,54.4,51.1,0,2,48,1,21.7,70.1,11.1,5,2,0,4,1,3,6.3,240,6.3
10,Haynes King,124329,QB,GA TECH,1,79.4,34,37,9.4,2.81,1,4,10.3,67.6,25,0,11,7.4,41,2,18,176,74.6,86.0,83.4,71.5,0,1,43,0,18.2,111.1,4.9,2,2,2,0,2,0,0.0,408,11.0
10,Rocco Becht,157567,QB,IOWA STATE,1,61.3,31,37,9.4,2.82,1,1,2.5,48.6,18,0,11,5.3,42,1,9,193,70.6,56.9,55.2,61.4,1,1,45,0,18.2,61.3,4.8,2,3,1,3,1,1,2.2,186,5.0
10,Cade Klubnik,156253,QB,CLEMSON,1,82.9,35,36,6.9,2.63,0,2,5.1,75.0,27,0,11,6.9,40,2,17,140,69.2,77.7,75.9,65.8,0,0,43,0,9.1,128.0,2.5,1,3,0,1,2,0,0.0,388,10.8
10,Chandler Morris,122938,QB,VIRGINIA,1,76.5,34,36,7.5,2.72,2,1,2.7,66.7,24,0,7,7.7,41,2,13,335,70.0,72.0,68.4,68.6,0,0,42,0,28.6,88.0,4.9,2,2,0,0,0,0,0.0,262,7.3
10,Carlos Del Rio-Wilson,146687,QB,MARSHALL,1,66.7,36,36,7.3,2.63,0,2,5.3,58.3,21,0,16,12.5,44,3,11,214,29.9,50.3,55.2,50.3,0,2,46,0,6.3,55.6,2.3,1,6,0,0,1,1,2.2,162,4.5
10,Conner Weigman,158683,QB,HOUSTON,1,78.1,32,35,7.9,2.65,0,2,5.1,71.4,25,0,13,0.0,41,0,19,182,16.3,62.9,60.7,63.7,1,2,45,0,38.5,112.7,12.2,5,1,0,2,4,4,8.9,309,8.8
10,Tucker Kilcrease,156863,QB,TROY,1,71.0,31,34,7.8,2.96,3,1,2.9,55.9,19,0,21,13.6,47,3,9,318,71.1,59.7,50.0,75.7,0,1,48,0,42.9,56.7,19.1,9,4,0,0,0,3,6.3,166,4.9
10,Bishop Davenport,163426,QB,S ALABAMA,1,69.7,33,34,8.3,2.27,0,1,2.6,61.8,21,0,2,8.7,35,2,7,288,71.5,61.0,51.0,79.8,0,1,40,0,50.0,76.0,2.9,1,0,0,1,1,2,5.0,203,6.0
10,Brad Jackson,184354,QB,TEXAS ST,1,72.4,29,34,10.8,2.81,1,2,5.7,52.9,18,0,16,14.3,44,3,14,314,71.7,60.7,57.4,63.1,0,3,46,0,18.8,47.4,6.8,3,7,2,2,1,3,6.5,230,6.8
10,CJ Bailey,183349,QB,NC STATE,1,89.7,29,33,10.4,3.03,0,1,2.9,72.7,24,0,9,7.7,36,2,18,248,69.8,85.9,82.2,71.7,0,0,39,0,11.1,125.8,2.8,1,2,1,3,2,0,0.0,340,10.3
10,Hunter Watson,183993,QB,SM HOUSTON,1,63.0,27,33,11.9,2.95,1,1,2.9,42.4,14,0,9,17.6,39,3,9,281,70.3,74.2,68.8,75.1,1,1,40,1,22.2,49.2,5.1,2,4,0,4,0,0,0.0,193,5.8
10,Brendan Sorsby,156398,QB,CINCINNATI,1,44.8,29,33,15.3,2.32,3,2,6.1,33.3,11,0,15,15.4,35,2,9,138,30.4,52.5,59.5,40.1,0,1,35,0,0.0,55.2,0.0,0,2,0,1,1,0,0.0,221,6.7
10,Arch Manning,173162,QB,TEXAS,1,84.8,33,33,6.0,2.53,0,1,2.8,75.8,25,0,7,10.7,34,3,17,311,69.3,85.1,88.4,57.0,0,0,37,1,0.0,136.9,0.0,0,1,0,0,3,0,0.0,328,9.9
10,Tayven Jackson,157615,QB,UCF,1,58.1,31,33,8.4,2.48,0,1,2.9,54.5,18,0,12,0.0,36,0,7,323,69.7,41.6,39.5,59.5,0,2,37,1,8.3,41.4,2.8,1,2,0,2,0,2,5.4,151,4.6
10,Avery Johnson,173108,QB,KANSAS ST,1,56.7,30,33,10.2,3.0,1,1,2.9,48.5,16,0,18,5.9,39,1,5,199,42.1,44.9,31.5,70.8,1,2,40,0,11.1,52.5,5.1,2,4,0,1,1,3,7.5,199,6.0
10,Owen McCown,157688,QB,UTSA,1,100.0,32,33,4.9,2.2,0,1,2.8,93.9,31,0,5,3.1,34,1,19,331,70.2,90.8,91.8,54.9,0,0,37,0,0.0,153.6,0.0,0,1,0,1,4,0,0.0,375,11.4
10,Behren Morton,144747,QB,TEXAS TECH,1,74.2,31,32,9.3,2.5,1,2,6.1,65.6,21,0,9,8.7,36,2,9,315,68.8,65.1,66.8,52.9,0,1,37,0,22.2,97.0,5.6,2,2,0,0,2,2,5.4,249,7.8
10,Taylen Green,145996,QB,ARKANSAS,1,74.1,27,32,7.9,3.34,0,1,2.9,59.4,19,0,17,5.0,38,1,12,111,72.9,77.7,70.0,73.5,2,0,42,1,17.6,87.2,7.9,3,3,0,3,1,1,2.4,194,6.1
10,Devon Dampier,171556,QB,UTAH,1,56.7,30,31,15.7,2.91,0,4,12.1,51.6,16,0,8,5.9,34,1,11,328,73.1,65.0,57.1,70.5,0,1,36,0,0.0,81.8,0.0,0,3,0,1,2,2,5.6,213,6.9
10,Luke Altmyer,146802,QB,ILLINOIS,1,75.0,28,31,8.4,3.04,1,2,6.3,61.3,19,0,11,9.5,34,2,17,187,70.5,82.7,73.0,81.4,0,1,35,0,9.1,110.9,2.9,1,2,0,2,4,1,2.9,235,7.6
10,Malik Washington,198729,QB,MARYLAND,1,64.5,31,31,6.7,2.83,0,0,0.0,51.6,16,0,14,20.0,32,4,9,215,29.4,44.9,53.6,36.5,0,2,32,0,0.0,61.5,0.0,0,1,0,0,1,2,6.3,242,7.8
10,Jaron-Keawe Sagapolutele,198237,QB,CAL,1,69.0,29,31,11.8,2.79,0,3,9.7,61.3,19,0,16,5.0,37,1,10,130,30.6,59.0,64.5,43.1,0,2,37,0,25.0,54.9,10.8,4,2,1,1,0,2,5.4,213,6.9
10,Ryder Burton,175011,QB,UAB,1,75.9,29,30,7.6,3.55,1,0,0.0,70.0,21,0,16,4.5,41,1,10,321,38.2,58.3,60.0,55.7,0,2,44,0,25.0,83.9,9.8,4,6,0,0,2,0,0.0,209,7.0
10,Ben Gulbranson,131734,QB,STANFORD,1,65.5,29,30,9.4,2.4,0,1,3.2,56.7,17,0,10,10.5,33,2,10,300,68.5,28.2,28.1,,0,3,34,0,30.0,52.5,9.1,3,0,0,1,1,7,20.6,228,7.6
10,Joe Fagnano,104768,QB,UCONN,1,80.0,30,30,9.3,2.44,0,3,9.7,76.7,23,0,11,4.2,34,1,13,146,69.6,86.0,86.2,62.2,0,0,35,0,27.3,142.6,8.8,3,1,0,0,4,1,2.9,267,8.9
10,Gunner Stockton,157072,QB,GEORGIA,1,81.5,27,29,8.9,2.82,1,0,0.0,69.0,20,0,12,9.1,37,2,10,173,71.8,73.2,82.1,51.5,1,1,40,1,16.7,100.2,5.4,2,6,0,0,2,0,0.0,223,7.7
10,Skyler Locklear,164027,QB,UTEP,1,64.0,25,29,7.7,3.31,0,1,3.4,48.3,14,0,12,12.5,40,2,10,330,45.4,57.6,53.2,62.3,1,0,41,0,25.0,88.3,7.5,3,7,0,3,2,0,0.0,160,5.5
10,John Mateer,158516,QB,OKLAHOMA,1,71.4,28,29,6.3,2.66,1,1,3.3,65.5,19,0,13,5.0,36,1,14,261,73.1,63.9,54.2,71.4,0,1,38,0,23.1,65.2,8.3,3,4,0,0,0,0,0.0,159,5.5
10,Cutter Boley,184630,QB,KENTUCKY,1,64.3,28,29,8.7,2.37,1,0,0.0,62.1,18,0,10,0.0,35,0,9,202,69.7,44.8,44.0,56.3,0,2,36,0,20.0,59.7,5.7,2,3,0,0,1,3,8.3,161,5.6
10,Jaylen Raynor,172203,QB,ARK STATE,1,77.8,27,29,9.7,2.65,0,2,6.3,72.4,21,0,12,0.0,31,0,13,113,73.4,73.5,78.1,57.5,1,0,34,0,0.0,120.5,0.0,0,1,0,1,2,2,5.9,244,8.4
10,Max Cutforth,176220,QB,BOISE ST,1,68.0,25,29,9.2,2.63,2,0,0.0,48.3,14,0,9,17.6,32,3,4,120,39.6,38.1,37.3,58.9,1,2,33,0,33.3,40.3,9.4,3,0,0,1,1,3,9.1,106,3.7
10,LaNorris Sellers,174326,QB,S CAROLINA,1,57.1,28,29,14.7,3.68,0,2,6.3,51.7,15,0,14,6.3,39,1,7,289,40.3,47.0,44.3,59.7,0,2,42,1,42.9,53.2,15.4,6,3,0,1,1,4,9.5,176,6.1
10,Miller Moss,70727,QB,LOUISVILLE,1,71.4,28,28,8.5,2.55,0,0,0.0,67.9,19,0,10,5.0,31,1,8,210,68.9,56.7,51.0,70.0,0,1,32,0,10.0,75.9,3.2,1,2,0,0,1,2,6.3,136,4.9
10,Jake Retzlaff,70874,QB,TULANE,1,55.6,27,28,12.4,2.8,0,2,5.9,50.0,14,0,10,6.7,29,1,9,319,71.3,66.7,59.0,75.0,0,2,35,0,0.0,54.8,0.0,0,1,0,1,1,2,5.7,194,6.9
10,Blake Shapen,122282,QB,MISS STATE,1,70.4,27,28,12.7,2.49,1,2,6.5,57.1,16,0,12,15.8,32,3,11,227,72.0,75.5,77.8,59.3,0,1,35,0,16.7,93.5,6.3,2,2,0,0,2,1,2.9,234,8.4
10,Ashton Daniels,157259,QB,AUBURN,1,63.6,22,28,9.1,3.37,0,0,0.0,46.4,13,0,19,7.1,38,1,9,115,71.1,57.3,51.9,62.4,1,1,39,0,21.1,42.0,10.5,4,6,0,5,0,1,2.6,108,3.9
10,Zane Flores,174288,QB,OKLA STATE,1,88.0,25,28,5.6,2.62,0,1,3.4,78.6,22,0,13,0.0,32,0,12,262,29.1,64.7,74.3,38.7,0,0,33,0,15.4,125.4,6.3,2,2,0,3,2,1,3.0,235,8.4
10,Alessio Milivojevic,183542,QB,MICH STATE,1,77.8,27,28,11.3,3.19,1,2,6.9,71.4,20,0,21,4.8,38,1,10,223,45.7,73.2,76.5,56.8,0,0,39,1,42.9,119.8,23.7,9,1,0,0,1,0,0.0,311,11.1
10,Ethan Grunkemeyer,183606,QB,PENN STATE,1,76.0,25,28,4.7,2.58,1,1,3.4,67.9,19,0,14,0.0,32,0,9,266,28.6,47.1,45.6,,0,1,33,0,28.6,65.3,12.5,4,0,0,2,0,2,6.1,145,5.2
10,Jacob Clark,101628,QB,MO STATE,1,65.4,26,27,8.3,3.17,1,0,0.0,59.3,16,0,11,5.9,36,1,14,230,70.6,64.3,59.8,66.3,0,0,37,0,27.3,101.3,8.3,3,6,0,0,2,1,2.7,163,6.0
10,CJ Carr,184093,QB,NOTRE DAME,1,79.2,24,26,13.3,2.54,0,4,13.8,69.2,18,0,2,5.3,27,1,15,258,69.3,90.4,90.0,65.0,0,0,30,0,0.0,133.3,0.0,0,1,1,1,2,0,0.0,299,11.5
10,Ryan Browne,174949,QB,PURDUE,1,82.6,23,25,3.7,2.79,1,0,0.0,76.0,19,0,12,0.0,30,0,9,273,69.1,57.8,56.9,59.4,0,0,35,1,16.7,100.9,6.7,2,3,0,1,1,1,2.9,133,5.3
10,Jayden Maiava,158135,QB,USC,1,47.8,23,25,10.7,3.47,0,2,7.4,36.0,9,0,15,18.2,29,2,6,326,71.9,69.6,55.4,80.4,0,1,31,2,6.7,37.9,3.4,1,3,0,2,0,1,3.2,135,5.4
10,Ta'Quan Roberson,101625,QB,BUFFALO,1,70.0,20,24,11.5,2.31,1,2,7.7,54.2,13,0,6,7.1,25,1,5,126,68.5,79.0,84.2,54.3,1,1,27,1,0.0,67.4,0.0,0,1,0,2,1,0,0.0,136,5.7
10,Zevi Eckhaus,148535,QB,WASH STATE,1,61.9,21,24,13.6,3.29,1,1,3.6,54.2,13,0,19,0.0,35,0,9,341,37.0,49.5,42.5,65.3,0,2,39,0,31.6,37.8,17.1,6,5,0,2,0,3,7.7,146,6.1
10,DJ Lagway,184426,QB,FLORIDA,1,70.8,24,24,10.3,3.23,0,1,3.7,62.5,15,0,9,11.8,28,2,6,163,29.1,58.4,57.5,59.3,0,0,31,0,11.1,96.9,3.6,1,3,0,0,1,2,6.5,166,6.9
10,Broc Lowry,173383,QB,W MICHIGAN,1,77.3,22,24,5.9,2.02,0,1,3.7,70.8,17,0,5,0.0,28,0,8,347,75.3,80.9,73.5,75.0,1,0,31,1,60.0,101.0,10.7,3,1,0,1,1,0,0.0,150,6.3
10,Kyron Drones,144506,QB,VA TECH,1,56.5,23,24,6.2,2.39,1,1,4.0,45.8,11,0,11,15.4,28,2,5,337,73.0,63.9,57.3,66.1,0,0,29,0,0.0,67.4,0.0,0,3,0,0,1,1,3.4,76,3.2
10,Drew Mestemaker,190616,QB,N TEXAS,1,90.5,21,24,6.0,2.32,1,1,3.8,79.2,19,0,7,0.0,26,0,10,251,69.7,78.2,77.8,60.8,0,0,28,0,28.6,107.3,7.7,2,0,0,2,0,0,0.0,234,9.8
10,Keyone Jenkins,170403,QB,FIU,1,71.4,21,24,9.2,2.77,1,1,4.2,62.5,15,0,9,0.0,28,0,11,166,19.8,63.7,62.1,61.9,1,0,28,0,22.2,107.5,7.1,2,2,0,1,2,1,3.6,147,6.1
10,Jeff Sims,122496,QB,ARIZONA ST,1,63.6,22,24,6.7,2.8,1,0,0.0,54.2,13,0,6,7.1,26,1,9,110,29.1,68.6,51.7,72.8,0,1,27,0,0.0,74.5,0.0,0,2,0,1,1,1,3.7,177,7.4
10,Kaden Anderson,127312,QB,WYOMING,1,66.7,21,24,7.5,3.07,1,1,3.7,50.0,12,0,8,14.3,28,2,5,351,68.3,38.3,38.0,57.0,0,3,31,0,37.5,20.3,10.7,3,1,0,2,0,3,9.7,93,3.9
10,Julian Sayin,183708,QB,OHIO STATE,1,90.9,22,23,9.7,2.54,0,2,8.0,87.0,20,0,10,0.0,24,0,13,260,69.5,92.6,92.2,69.2,0,0,26,0,0.0,158.3,0.0,0,1,0,1,4,0,0.0,316,13.7
10,Katin Houser,158386,QB,E CAROLINA,1,86.4,22,23,7.0,2.22,1,3,13.0,78.3,18,0,3,5.3,24,1,10,156,68.2,92.1,93.4,53.3,0,1,24,0,0.0,123.2,0.0,0,1,0,0,2,0,0.0,252,11.0
10,Jack Layne,158966,QB,NEW MEXICO,1,81.0,21,22,8.7,2.41,1,3,12.0,77.3,17,0,11,0.0,30,0,10,241,69.1,79.9,74.6,72.4,0,1,34,0,36.4,139.2,13.3,4,4,0,0,3,1,2.9,342,15.5
10,Scotty Fox Jr.,199546,QB,W VIRGINIA,1,61.9,21,22,11.3,2.01,0,2,9.1,59.1,13,0,7,0.0,23,0,6,343,73.3,73.8,68.1,69.0,0,0,23,0,0.0,96.2,0.0,0,1,0,1,1,0,0.0,157,7.1
10,Jayden Denegal,158533,QB,S DIEGO ST,1,75.0,20,22,10.0,3.2,0,0,0.0,50.0,11,0,3,26.7,22,4,7,284,68.8,56.5,55.5,54.5,1,2,24,0,0.0,57.6,0.0,0,0,0,1,1,1,4.2,193,8.8
10,Brendon Lewis,131687,QB,MEMPHIS,1,95.2,21,22,6.5,3.03,0,0,0.0,81.8,18,0,8,10.0,30,2,14,218,70.3,88.5,74.3,83.1,0,0,31,0,25.0,109.3,6.7,2,6,0,1,0,0,0.0,225,10.2
10,Dexter Williams II,129457,QB,KENNESAW,1,45.0,20,22,18.3,3.18,1,1,4.5,36.4,8,0,9,11.1,26,1,5,200,69.5,64.6,57.8,69.9,0,1,26,0,11.1,26.3,3.8,1,3,0,1,0,1,3.8,68,3.1
10,Bryce Underwood,198795,QB,MICHIGAN,1,72.7,22,22,9.7,2.84,0,1,4.5,59.1,13,0,14,18.8,28,3,11,222,28.8,60.4,60.1,58.5,0,1,28,0,14.3,59.8,7.1,2,4,0,0,0,1,3.6,145,6.6
10,Carson Conklin,170765,QB,FRESNO ST,1,68.8,16,21,3.4,2.64,0,0,0.0,47.6,10,0,7,9.1,21,1,1,169,71.3,47.0,45.1,59.8,1,0,23,1,0.0,54.3,0.0,0,0,0,4,0,1,4.3,35,1.7
10,Fernando Mendoza,158323,QB,INDIANA,1,83.3,18,21,8.3,2.37,2,1,4.5,66.7,14,0,4,6.7,22,1,9,190,69.3,90.0,87.2,69.7,1,1,23,0,25.0,93.6,4.5,1,0,0,0,1,1,4.3,201,9.6
10,Blake Baker,170448,QB,LA TECH,1,90.5,21,21,6.6,2.46,0,1,4.8,81.0,17,0,4,10.5,25,2,13,208,69.5,86.7,84.6,69.1,0,1,25,0,0.0,106.5,0.0,0,4,0,0,1,0,0.0,221,10.5
10,Colton Joseph,172283,QB,DOMINION,1,60.0,20,21,15.5,3.21,0,1,4.2,57.1,12,0,14,0.0,29,0,10,263,36.6,68.3,58.4,73.5,1,0,32,0,28.6,95.5,13.8,4,4,0,0,0,1,3.1,231,11.0
10,Robby Ashford,131702,QB,WAKE,1,65.0,20,21,3.4,3.29,0,0,0.0,57.1,12,0,11,7.7,31,1,7,339,19.7,49.9,45.0,63.6,0,1,32,1,9.1,48.3,3.2,1,8,0,1,0,2,6.3,93,4.4
10,Trinidad Chambliss,178723,QB,OLE MISS,1,57.1,21,21,10.2,2.97,0,1,4.8,57.1,12,0,4,0.0,22,0,9,226,74.6,50.2,47.9,57.2,0,1,22,0,0.0,77.3,0.0,0,1,0,0,1,3,13.6,159,7.6
10,Ethan Vasko,163817,QB,LIBERTY,1,88.9,18,20,11.4,3.03,0,0,0.0,70.0,14,0,5,12.5,21,2,12,206,69.8,85.7,83.3,68.6,1,0,21,0,0.0,139.8,0.0,0,1,0,1,2,1,4.8,221,11.1
10,Samari Collier,144801,QB,COAST CAR,1,50.0,18,20,10.2,2.65,0,0,0.0,40.0,8,0,6,11.1,22,1,6,141,75.9,57.8,49.1,66.9,1,1,25,0,0.0,88.8,0.0,0,2,0,1,2,1,4.0,196,9.8
10,Evan Simon,129906,QB,TEMPLE,1,66.7,18,20,6.2,2.62,0,1,4.8,55.0,11,0,6,8.3,21,1,3,306,67.4,29.9,29.5,,0,1,22,0,16.7,43.8,4.8,1,0,0,2,0,4,18.2,80,4.0
10,Noah Fifita,158722,QB,ARIZONA,1,76.5,17,19,12.2,2.61,0,3,15.0,57.9,11,0,5,15.4,19,2,8,109,69.1,75.5,74.3,63.4,0,0,20,0,0.0,136.6,0.0,0,0,0,2,4,1,5.0,213,11.2
10,Jalon Daniels,122555,QB,KANSAS,1,73.7,19,19,11.0,2.62,0,2,10.5,68.4,13,0,3,7.1,22,1,11,198,69.3,76.8,77.9,61.8,0,0,22,0,0.0,118.3,0.0,0,3,0,0,2,0,0.0,110,5.8
10,Gio Lopez,172309,QB,N CAROLINA,1,83.3,18,19,5.7,2.91,0,0,0.0,78.9,15,0,8,0.0,22,0,7,245,70.8,72.3,71.6,63.0,1,0,22,0,0.0,149.6,0.0,0,3,0,0,2,0,0.0,218,11.5
10,Caden Creel,170414,QB,JVILLE ST,1,73.7,19,19,6.2,2.94,0,0,0.0,68.4,13,0,7,7.1,25,1,7,196,73.3,39.7,34.6,53.9,0,0,25,0,28.6,107.1,8.0,2,4,0,0,1,1,4.0,139,7.3
10,Aidan Armenta,175731,QB,LA MONROE,1,64.7,17,19,15.4,3.25,0,1,4.5,57.9,11,0,14,0.0,30,0,7,209,70.1,46.0,47.8,50.9,0,1,35,0,42.9,78.8,20.0,6,4,0,2,1,2,5.7,150,7.9
10,Liam Szarka,197814,QB,AIR FORCE,1,76.5,17,18,10.8,2.23,0,0,0.0,72.2,13,0,8,0.0,20,0,9,101,50.0,57.4,42.9,66.1,0,2,21,0,25.0,60.0,10.0,2,0,1,0,0,4,19.0,161,8.9
10,Joseph Filardi,199227,QB,SYRACUSE,1,25.0,16,18,11.4,3.48,0,2,10.5,22.2,4,0,11,0.0,25,0,2,304,11.1,30.8,29.0,63.6,0,0,27,1,27.3,39.6,12.0,3,4,0,2,0,3,11.1,39,2.2
10,Alonza Barnett III,156710,QB,JAMES MAD,1,75.0,16,18,9.0,3.07,1,1,5.3,66.7,12,0,7,0.0,21,0,10,197,71.3,78.6,76.2,65.6,0,1,22,0,14.3,126.2,4.8,1,2,0,1,4,1,4.5,264,14.7
10,Julian Lewis,198304,QB,COLORADO,1,64.3,14,17,7.3,3.28,0,1,5.6,52.9,9,0,7,0.0,18,0,5,143,67.0,63.8,59.3,64.9,1,0,19,1,0.0,95.5,0.0,0,1,0,2,1,0,0.0,121,7.1
10,Drew Pyne,122910,QB,BOWL GREEN,1,46.7,15,16,5.8,2.62,1,0,0.0,43.8,7,0,7,0.0,21,0,3,122,67.9,37.2,34.4,60.0,0,0,21,0,71.4,52.1,23.8,5,0,0,0,0,1,4.8,52,3.3
10,Tommy Castellanos,158433,QB,FLORIDA ST,1,80.0,15,16,13.9,3.11,0,2,12.5,75.0,12,0,3,0.0,21,0,10,167,70.3,77.4,90.1,51.4,0,0,21,0,66.7,137.5,9.5,2,3,0,1,1,0,0.0,271,16.9
10,Lunch Winfield,176367,QB,LA LAFAYET,1,93.3,15,16,15.0,2.89,0,3,17.6,87.5,14,0,6,0.0,19,0,10,207,74.3,84.0,90.1,63.3,0,0,20,0,16.7,158.3,5.3,1,2,1,0,2,0,0.0,232,14.5
10,Chase Jenkins,173242,QB,RICE,1,78.6,14,16,6.1,2.82,0,1,5.6,68.8,11,0,7,0.0,19,0,5,275,22.3,62.1,65.3,57.0,0,1,21,0,14.3,80.2,5.3,1,1,0,2,1,1,4.8,100,6.3
10,Kaidon Salter,132046,QB,COLORADO,1,80.0,15,15,4.2,3.08,0,1,5.9,73.3,11,0,7,8.3,22,1,5,143,27.0,52.8,40.8,69.1,0,1,24,0,28.6,71.2,9.1,2,5,0,0,1,2,8.3,49,3.3
10,Dylan Raiola,183581,QB,NEBRASKA,1,73.3,15,15,9.5,2.21,0,0,0.0,66.7,10,0,3,9.1,16,1,5,238,24.2,58.4,61.1,53.4,0,0,17,0,33.3,105.1,6.3,1,0,0,0,1,1,5.9,91,6.1
10,Gabarri Johnson,175905,QB,OREGON ST,1,66.7,15,15,6.7,2.93,0,0,0.0,66.7,10,0,6,0.0,19,0,3,265,24.3,48.1,57.7,42.5,0,0,19,0,16.7,70.1,5.3,1,3,0,0,0,0,0.0,33,2.2
10,Blake Horvath,162555,QB,NAVY,1,61.5,13,14,8.2,2.81,0,1,7.1,57.1,8,0,8,0.0,16,0,4,237,75.0,67.6,56.0,71.1,0,2,17,1,12.5,33.9,6.3,1,1,0,1,0,2,11.8,80,5.7
10,Elijah Brown,183276,QB,STANFORD,1,76.9,13,14,11.3,2.64,0,1,7.1,71.4,10,0,6,0.0,17,0,5,300,66.7,70.3,72.5,57.3,1,0,17,0,33.3,117.6,11.8,2,1,0,0,1,1,5.9,108,7.7
10,Hunter Najm,184223,QB,BOWL GREEN,1,50.0,10,11,14.4,2.86,1,0,0.0,36.4,4,0,3,20.0,14,1,3,122,66.4,40.0,36.4,61.8,0,1,15,0,33.3,12.7,7.1,1,2,0,0,0,1,6.7,48,4.4
10,Joe Pesansky,149434,QB,FIU,1,60.0,10,11,12.4,2.58,0,0,0.0,54.5,6,0,2,0.0,11,0,4,166,65.6,60.6,64.1,,0,0,11,1,0.0,105.1,0.0,0,0,0,1,1,0,0.0,72,6.5
10,Joe Labas,144847,QB,C MICHIGAN,1,90.9,11,11,8.4,2.65,0,0,0.0,72.7,8,0,3,20.0,12,2,6,134,28.5,71.8,73.1,61.0,0,1,16,0,33.3,107.2,8.3,1,0,0,0,1,1,6.3,152,13.8
10,Amari Odom,178686,QB,KENNESAW,1,80.0,10,10,8.8,3.02,0,1,8.3,60.0,6,0,5,25.0,10,2,1,200,68.5,60.9,60.8,59.1,0,0,12,0,0.0,87.9,0.0,0,0,0,0,0,1,8.3,86,8.6
10,Deshawn Purdie,184271,QB,WAKE,1,60.0,10,10,9.3,2.65,0,1,9.1,60.0,6,0,5,0.0,14,0,5,339,66.4,52.1,47.3,64.3,0,0,15,0,60.0,114.2,21.4,3,1,0,0,1,1,6.7,69,6.9
10,Cale Hellums,170981,QB,ARMY,1,66.7,9,9,15.7,2.88,0,2,20.0,55.6,5,0,2,16.7,11,1,4,114,77.5,77.8,74.7,69.1,0,0,13,0,0.0,132.6,0.0,0,2,0,0,1,0,0.0,102,11.3
10,Dylan Lonergan,172386,QB,BOSTON COL,1,62.5,8,8,4.6,2.16,0,0,0.0,62.5,5,0,2,0.0,9,0,1,121,65.1,27.0,27.0,57.3,0,1,9,0,0.0,29.7,0.0,0,1,0,0,0,2,22.2,29,3.6
10,Mabrey Mettauer,183668,QB,SM HOUSTON,1,42.9,7,7,7.6,2.5,0,0,0.0,42.9,3,0,1,0.0,7,0,1,281,64.6,47.4,52.5,,0,0,7,1,0.0,50.3,0.0,0,0,0,0,0,0,0.0,14,2.0
10,Brendan Sullivan,145034,QB,TULANE,1,85.7,7,7,9.4,4.52,0,1,11.1,85.7,6,0,5,0.0,13,0,3,319,66.4,51.5,62.9,47.5,0,1,15,0,20.0,104.2,7.7,1,5,0,0,1,1,6.7,63,9.0
10,TJ Lateef,199810,QB,NEBRASKA,1,71.4,7,7,6.3,2.81,0,0,0.0,71.4,5,0,0,0.0,11,0,3,238,10.2,29.4,57.1,29.8,0,0,11,0,,74.1,0.0,0,4,0,0,0,1,9.1,7,1.0
10,Braedyn Locke,157141,QB,ARIZONA,1,16.7,6,7,4.3,2.16,0,0,0.0,14.3,1,0,2,0.0,7,0,0,109,66.5,29.6,29.2,58.3,1,0,10,0,0.0,39.6,0.0,0,0,0,0,0,1,10.0,1,0.1
10,Jalen Kitna,146688,QB,UAB,1,60.0,5,5,8.4,3.46,0,0,0.0,40.0,2,0,3,33.3,5,1,1,321,63.8,59.7,59.0,,0,1,5,0,0.0,8.3,0.0,0,0,0,0,0,0,0.0,9,1.8
10,Gevani McCoy,147609,QB,TEMPLE,1,80.0,5,5,11.4,3.03,0,1,20.0,80.0,4,0,2,0.0,7,0,2,306,65.9,82.1,90.6,53.9,0,0,7,0,50.0,118.8,14.3,1,1,0,0,0,0,0.0,71,14.2
10,Kamario Taylor,198868,QB,MISS STATE,1,60.0,5,5,14.2,2.68,0,1,20.0,40.0,2,0,1,33.3,6,1,2,227,69.7,87.9,59.8,83.8,0,0,6,0,0.0,108.3,0.0,0,1,0,0,1,1,16.7,40,8.0
10,Maddux Madsen,163379,QB,BOISE ST,1,75.0,4,4,8.0,2.78,0,1,25.0,25.0,1,0,3,66.7,5,2,0,120,63.8,77.8,77.6,,0,0,5,0,33.3,39.6,20.0,1,0,0,0,0,0,0.0,-4,-1.0
10,Banks Bowen,204187,QB,OKLA STATE,1,66.7,3,3,5.7,2.98,0,0,0.0,66.7,2,0,1,0.0,4,0,1,262,12.5,36.5,28.7,63.1,0,0,5,0,0.0,70.1,0.0,0,1,0,0,0,1,20.0,9,3.0
10,Jackson Arnold,173684,QB,AUBURN,1,66.7,3,3,2.7,3.25,0,0,0.0,66.7,2,0,3,0.0,6,0,1,115,64.2,49.9,52.2,57.8,0,0,6,0,66.7,78.5,33.3,2,1,0,0,0,0,0.0,15,5.0
10,Landon Sims,200048,QB,WYOMING,1,100.0,2,3,11.5,3.1,0,0,0.0,33.3,1,0,2,50.0,3,1,1,351,68.8,90.8,89.9,70.1,1,0,3,0,0.0,81.9,0.0,0,0,0,0,1,0,0.0,3,1.0
10,James Laubstein,190465,QB,NEW MEXICO,1,66.7,3,3,12.0,3.53,0,0,0.0,66.7,2,0,1,0.0,3,0,2,241,71.7,64.7,54.0,65.4,0,0,3,0,0.0,137.5,0.0,0,0,0,0,1,0,0.0,29,9.7
10,Maalik Murphy,157302,QB,OREGON ST,1,66.7,3,3,12.7,3.34,0,1,33.3,66.7,2,0,3,0.0,5,0,1,265,66.8,73.5,73.2,60.1,0,0,5,0,66.7,95.1,40.0,2,0,0,0,0,0,0.0,27,9.0
10,Malachi Singleton,172426,QB,PURDUE,1,50.0,2,2,4.5,3.05,0,0,0.0,50.0,1,0,1,0.0,2,0,0,273,70.4,64.4,69.3,59.0,0,0,3,0,0.0,56.3,0.0,0,0,0,0,0,0,0.0,5,2.5
10,Khristian Martin,188254,QB,MARYLAND,1,100.0,2,2,2.0,1.45,0,0,0.0,100.0,2,0,0,0.0,2,0,0,215,64.4,77.5,73.0,63.0,0,0,2,0,,95.8,0.0,0,0,0,0,0,0,0.0,14,7.0
10,Alberto Mendoza,188673,QB,INDIANA,1,100.0,2,2,8.0,2.35,0,0,0.0,100.0,2,0,1,0.0,2,0,2,190,64.4,91.6,82.7,68.9,0,0,2,0,0.0,147.9,0.0,0,0,0,0,1,0,0.0,20,10.0
10,Gavin Wimsatt,155757,QB,JVILLE ST,1,100.0,2,2,11.5,3.33,0,1,50.0,100.0,2,0,2,0.0,3,0,2,196,63.7,81.7,87.9,64.3,0,0,3,0,0.0,158.3,0.0,0,1,0,0,1,0,0.0,76,38.0
10,Ryan Staub,171906,QB,COLORADO,1,0.0,2,2,18.5,2.85,0,0,0.0,0.0,0,0,1,,2,0,0,143,61.8,23.4,23.3,,0,2,2,0,0.0,0.0,0.0,0,0,0,0,0,2,100.0,0,0.0
10,Tucker Parks,184002,QB,W KENTUCKY,1,,0,2,,5.8,0,0,0.0,0.0,0,0,1,,2,0,0,346,69.6,64.0,55.4,64.8,0,0,2,0,0.0,39.6,0.0,0,0,0,2,0,0,0.0,0,0.0
10,Michael Merdinger,183334,QB,LIBERTY,1,50.0,2,2,27.5,2.4,0,1,50.0,50.0,1,0,1,0.0,2,0,1,206,61.8,79.2,78.8,,0,0,2,0,0.0,95.8,0.0,0,0,0,0,0,0,0.0,40,20.0
10,Arrington Maiden,184715,QB,MEMPHIS,1,0.0,1,1,10.0,2.95,0,0,0.0,0.0,0,0,1,,2,0,0,218,64.4,71.4,70.7,60.0,0,0,2,0,100.0,39.6,50.0,1,0,0,0,0,0,0.0,0,0.0
10,Jaxton Eck,175078,LB,NEW MEXICO,1,100.0,1,1,13.0,1.7,0,0,0.0,100.0,1,0,0,0.0,1,0,1,241,60.3,70.6,75.4,,0,0,1,0,,118.8,0.0,0,0,0,0,0,0,0.0,30,30.0
10,Romello Brinson,143936,WR,SMU,1,0.0,1,1,4.0,5.7,0,0,0.0,0.0,0,0,1,,1,0,0,287,64.6,55.4,55.3,,0,0,1,0,0.0,39.6,0.0,0,0,0,0,0,0,0.0,0,0.0
10,Quinn Henicle,190064,QB,DOMINION,1,0.0,1,1,5.0,4.1,0,0,0.0,0.0,0,0,1,,1,0,0,263,63.7,65.4,57.7,63.0,0,0,1,1,0.0,39.6,0.0,0,0,0,0,0,0,0.0,0,0.0
10,Zeon Chriss-Gremillion,156733,QB,HOUSTON,1,100.0,1,1,-3.0,1.3,0,0,0.0,100.0,1,0,0,0.0,1,0,1,182,60.3,61.1,61.0,,0,0,1,0,,104.2,0.0,0,0,0,0,0,0,0.0,9,9.0
10,Dominiq Ponder,174401,QB,COLORADO,1,0.0,1,1,5.0,3.3,0,0,0.0,0.0,0,0,1,,2,0,0,143,64.4,47.2,50.8,58.3,0,0,2,0,100.0,39.6,50.0,1,0,0,0,0,0,0.0,0,0.0
10,Drew Devillier,190639,QB,RICE,1,0.0,1,1,5.0,3.2,0,0,0.0,0.0,0,0,1,,2,0,0,275,64.4,47.9,55.3,56.9,0,0,2,0,0.0,39.6,0.0,0,1,0,0,0,0,0.0,0,0.0
10,Nate Rogers,190774,QB,UAB,1,100.0,1,1,-1.0,3.3,0,0,0.0,100.0,1,0,0,0.0,1,0,0,321,11.1,44.8,60.4,50.1,0,0,1,0,,79.2,0.0,0,0,0,0,0,0,0.0,0,0.0
10,David Amador II,174085,WR,UTSA,1,100.0,1,1,25.0,3.5,0,0,0.0,100.0,1,0,0,0.0,1,0,1,331,70.6,93.2,76.2,,0,0,1,0,,158.3,0.0,0,0,0,0,1,0,0.0,21,21.0
10,Marcus Beamon,198245,QB,C MICHIGAN,1,100.0,1,1,31.0,2.7,0,1,100.0,100.0,1,0,0,0.0,1,0,1,134,72.4,80.9,88.6,64.6,0,0,1,0,,158.3,0.0,0,0,0,0,1,0,0.0,33,33.0
10,Liam Clifford,145089,WR,PENN STATE,1,0.0,1,1,18.0,4.4,0,0,0.0,0.0,0,0,1,,1,0,0,266,63.7,61.6,46.8,,0,0,1,0,0.0,39.6,0.0,0,0,0,0,0,0,0.0,0,0.0
10,Adam Damante,170711,QB,NEW MEX ST,1,0.0,1,1,6.0,1.5,0,0,0.0,0.0,0,0,0,,1,0,0,242,60.3,61.0,60.9,,0,0,1,0,,39.6,0.0,0,0,0,0,0,0,0.0,0,0.0
10,Brock Glenn,170335,QB,FLORIDA ST,1,100.0,1,1,4.0,2.25,0,0,0.0,0.0,0,0,1,100.0,2,1,0,167,65.9,69.4,67.9,61.8,0,0,2,0,100.0,39.6,50.0,1,0,0,0,0,0,0.0,0,0.0
10,Que'Sean Brown,170041,WR,DUKE,1,0.0,1,1,18.0,3.3,0,0,0.0,0.0,0,0,0,,1,0,0,154,69.6,65.5,48.5,,0,0,1,0,,39.6,0.0,0,0,0,0,0,0,0.0,0,0.0
10,Johnny Chaney Jr.,150871,LB,FIU,1,100.0,1,1,-5.0,0.7,0,0,0.0,100.0,1,0,0,0.0,1,0,1,166,60.3,60.5,60.6,,0,0,1,0,,116.7,0.0,0,0,0,0,0,0,0.0,12,12.0
10,Walker Howard,157112,QB,LA LAFAYET,1,0.0,1,1,1.0,1.5,0,0,0.0,0.0,0,0,0,,1,0,0,207,60.3,54.8,55.3,,0,0,1,0,,39.6,0.0,0,0,0,0,0,0,0.0,0,0.0
10,Tama Uiliata,184180,WR,HAWAII,1,100.0,1,1,29.0,3.8,0,1,100.0,100.0,1,0,0,0.0,1,0,1,180,68.5,84.3,87.7,,0,0,1,0,,118.8,0.0,0,0,0,0,0,0,0.0,34,34.0
10,Holden Geriner,157045,QB,TEXAS ST,1,0.0,1,1,13.0,2.4,0,0,0.0,0.0,0,0,1,,1,0,0,314,65.9,55.3,48.5,63.1,0,0,1,0,0.0,39.6,0.0,0,0,0,0,0,0,0.0,0,0.0
10,Landon Graves,181155,QB,LA MONROE,1,100.0,1,1,1.0,2.5,0,0,0.0,100.0,1,0,0,0.0,1,0,1,209,60.3,61.2,60.4,,0,0,1,0,,112.5,0.0,0,0,0,0,0,0,0.0,11,11.0
10,JC Evans,184302,QB,JAMES MAD,1,0.0,1,1,17.0,2.4,0,0,0.0,0.0,0,0,1,,1,0,0,197,68.7,66.6,56.6,65.8,0,0,1,0,0.0,39.6,0.0,0,0,0,0,0,0,0.0,0,0.0
10,Bryson Graves,175806,WR,COAST CAR,1,100.0,1,1,10.0,3.3,0,0,0.0,0.0,0,0,1,100.0,1,1,0,141,71.5,68.0,54.8,,0,0,1,0,0.0,39.6,0.0,0,0,0,0,0,0,0.0,0,0.0
10,Mason Mini,175102,TE,CAL,1,100.0,1,1,27.0,2.9,0,0,0.0,100.0,1,0,1,0.0,1,0,1,130,65.6,62.9,76.2,59.9,0,0,1,0,0.0,158.3,0.0,0,0,0,0,1,0,0.0,42,42.0
10,Jimmy Calloway,124274,WR,TULANE,1,100.0,1,1,50.0,5.0,0,1,100.0,100.0,1,0,0,0.0,1,0,1,319,62.4,91.0,92.5,,0,0,1,0,,158.3,0.0,0,0,0,0,1,0,0.0,42,42.0
10,Jayden Bradford,184684,QB,LIBERTY,1,100.0,1,1,6.0,2.4,0,0,0.0,100.0,1,0,0,0.0,1,0,1,206,65.9,68.8,71.5,59.7,0,0,1,0,,118.8,0.0,0,0,0,0,0,0,0.0,18,18.0
10,Josh Brown,181411,QB,MS VLY ST,1,71.4,56,60,7.6,2.74,2,4,6.7,63.3,38,0,21,5.0,65,2,23,228,73.1,64.4,67.3,54.2,1,1,66,0,14.3,83.5,4.6,3,2,0,1,1,2,3.0,433,7.2
10,Quinn Boyd,191683,QB,STNY BROOK,1,69.1,55,59,8.1,2.55,3,2,3.3,55.9,33,0,25,13.2,69,5,16,303,44.9,71.9,74.2,52.2,0,0,70,0,20.0,75.5,7.2,5,5,0,1,1,1,1.4,299,5.1
10,KJ Cooper,197019,QB,TEXAS STHN,1,69.4,49,52,9.6,2.99,2,1,1.9,50.0,26,0,10,23.5,56,8,14,313,70.0,82.0,83.3,52.9,0,1,56,0,20.0,72.9,3.6,2,2,0,1,2,0,0.0,304,5.8
10,Jax Leatherwood,171548,QB,SE MO ST,1,70.8,48,51,6.9,2.28,1,1,1.8,56.9,29,0,15,14.7,54,5,11,293,25.5,48.8,52.4,44.7,1,0,58,0,13.3,78.5,3.7,2,1,0,1,1,3,5.2,275,5.4
10,Victor Gabalis,131932,QB,TARLETON,1,60.0,45,49,15.3,2.83,0,6,10.9,53.1,26,0,13,3.7,56,1,17,401,70.3,79.0,80.8,50.6,0,1,62,1,30.8,82.5,7.1,4,3,1,3,2,2,3.2,366,7.5
10,Braden Atkinson,201350,QB,MERCER,1,65.3,49,49,12.8,2.58,0,4,7.7,57.1,28,0,10,12.5,50,4,20,219,70.2,83.5,82.5,61.9,0,0,53,0,0.0,113.1,0.0,0,1,0,0,4,0,0.0,426,8.7
10,James Murphy,177426,QB,BROWN,1,80.5,41,44,7.1,2.79,1,1,2.1,70.5,31,0,22,6.1,50,2,15,123,48.7,67.9,72.0,46.8,1,1,54,0,13.6,100.6,6.0,3,3,0,1,2,1,1.9,360,8.2
10,Jake Schakel,191466,QB,E WASHGTON,1,70.6,34,39,6.9,3.03,1,1,2.3,61.5,24,0,16,0.0,48,0,11,161,49.6,62.2,57.9,68.3,1,0,52,1,25.0,74.8,8.3,4,5,1,2,0,1,1.9,201,5.2
10,Tyler Hughes,159218,QB,WM & MARY,1,77.8,36,38,8.3,3.02,0,0,0.0,65.8,25,0,8,10.7,46,3,16,348,70.7,72.7,72.2,64.3,0,0,47,0,12.5,92.5,2.2,1,7,0,2,1,1,2.1,245,6.4
10,Tommy Rittenhouse,148028,QB,ILL STATE,1,78.4,37,37,7.1,2.53,0,1,2.6,75.7,28,0,4,3.4,41,1,16,188,70.9,75.3,75.4,61.2,0,0,43,0,25.0,100.4,2.4,1,3,0,0,1,0,0.0,233,6.3
10,Jordan Cooke,175116,QB,IDAHO ST,1,62.9,35,36,10.9,2.21,0,1,2.8,58.3,21,0,4,4.5,37,1,12,186,69.7,65.1,65.3,57.5,0,2,37,0,25.0,75.2,2.7,1,0,0,1,2,1,2.7,252,7.0
10,Gunnar Smith,162611,QB,FORDHAM,1,58.3,36,36,9.4,2.86,0,0,0.0,52.8,19,0,19,9.5,46,2,7,168,18.5,39.3,37.0,57.2,0,2,49,0,15.8,44.7,6.5,3,7,0,0,1,5,10.2,91,2.5
10,Otto Kuhns,138014,QB,NORFOLK,1,66.7,33,35,13.1,3.28,0,3,8.1,60.0,21,0,8,4.5,39,1,15,244,69.9,68.3,65.3,73.1,0,1,41,2,25.0,104.3,5.1,2,2,0,2,3,3,7.3,299,8.5
10,Cameron Peters,123326,QB,PRVIEW A&M,1,59.4,32,35,9.6,2.77,0,1,2.9,45.7,16,1,14,15.8,37,3,10,270,73.4,70.1,59.5,75.0,0,4,37,1,7.1,51.7,2.7,1,1,1,2,3,2,5.4,189,5.4
10,Zolten Osborne,178620,QB,CHARLES SO,1,62.5,32,35,15.8,3.39,1,6,15.8,48.6,17,0,16,15.0,43,3,14,135,70.6,78.2,80.3,56.7,0,0,46,0,18.8,88.0,7.0,3,5,0,2,1,0,0.0,302,8.6
10,AJ Duffy,156292,QB,NEWHVN,1,78.8,33,35,4.5,2.48,1,0,0.0,62.9,22,0,9,15.4,36,4,9,1013,68.9,56.6,57.6,56.3,1,1,38,0,11.1,78.4,2.8,1,0,0,0,1,0,0.0,221,6.3
10,Ty Pennington,185022,QB,N ARIZONA,1,75.0,32,34,10.9,2.69,0,2,5.4,67.6,23,0,5,4.2,36,1,9,252,71.4,77.8,79.4,60.0,0,0,39,0,40.0,101.0,5.6,2,0,0,2,1,0,0.0,267,7.9
10,Collin Hurst,177732,QB,PRESBYTERN,1,81.8,33,34,9.7,2.59,1,0,0.0,79.4,27,0,10,0.0,38,0,15,271,69.6,73.7,70.3,62.1,0,1,39,0,10.0,107.8,2.6,1,3,0,0,2,2,5.1,276,8.1
10,Kyle Wickersham,148418,QB,RICHMOND,1,71.9,32,34,7.9,2.55,2,2,5.7,64.7,22,0,12,4.3,38,1,11,276,72.1,73.1,72.9,62.8,0,1,39,0,0.0,77.2,0.0,0,4,0,0,1,1,2.6,193,5.7
10,Carter Cravens,150714,QB,MOREHEAD,1,67.7,31,34,10.7,2.59,0,0,0.0,61.8,21,0,7,0.0,37,0,15,234,70.7,70.1,68.7,63.1,1,0,40,0,14.3,97.4,2.7,1,2,0,2,1,0,0.0,278,8.2
10,Jaden Keefner,174907,QB,BRYANT,1,56.3,32,34,14.0,2.56,0,2,5.9,44.1,15,0,11,16.7,34,3,10,124,70.9,76.3,76.2,61.1,1,0,34,0,0.0,69.1,0.0,0,0,0,1,1,0,0.0,167,4.9
10,Luca Stanzani,159449,QB,LIUSHAR,1,71.9,32,34,7.4,2.63,1,3,8.3,61.8,21,0,12,8.7,38,2,9,1298,71.5,90.3,85.4,78.4,0,0,40,0,33.3,80.0,10.5,4,0,0,1,1,0,0.0,136,4.0
10,Eric Gibson Jr.,168461,QB,N COLORADO,1,63.6,33,33,6.8,2.11,0,0,0.0,57.6,19,0,6,9.5,35,2,4,253,69.1,60.9,59.3,63.4,0,1,35,0,16.7,49.9,2.9,1,1,0,0,0,0,0.0,94,2.8
10,Christian Peters,154331,QB,ARKAPB,1,73.3,30,33,6.6,2.2,0,1,2.8,63.6,21,1,7,4.5,33,1,9,112,72.1,70.3,68.5,64.2,1,1,36,1,0.0,91.9,0.0,0,0,1,1,2,1,2.8,231,7.0
10,Sam Vidlak,146333,QB,STF AUSTIN,1,84.4,32,32,5.6,2.82,0,0,0.0,78.1,25,0,11,7.4,33,2,12,301,68.5,80.8,79.9,,0,0,33,0,9.1,113.9,3.0,1,0,0,0,2,0,0.0,203,6.3
10,Chase Goodwin,171117,QB,COLUMBIA,1,67.9,28,32,9.3,2.71,0,0,0.0,46.9,15,0,14,21.1,43,4,10,145,70.9,67.5,65.5,63.8,1,0,45,0,35.7,78.6,11.6,5,6,0,3,1,0,0.0,208,6.5
10,Grayson Saunier,171185,QB,DARTMOUTH,1,64.5,31,32,10.9,2.87,0,0,0.0,56.3,18,0,15,10.0,37,2,11,148,72.8,77.7,75.3,67.5,0,0,37,0,20.0,75.0,8.1,3,2,0,1,0,0,0.0,200,6.3
10,Caden Pinnick,185116,QB,UC DAVIS,1,83.9,31,32,8.4,3.06,0,2,6.1,71.9,23,0,14,11.5,46,3,20,322,37.2,65.4,62.1,65.1,0,2,48,0,28.6,88.7,8.7,4,10,0,1,1,2,4.2,325,10.2
10,Jaden Craig,159342,QB,HARVARD,1,83.3,30,32,9.5,3.08,2,1,3.1,65.6,21,0,13,16.0,40,4,16,179,69.5,79.5,81.5,58.3,0,2,41,0,30.8,112.2,10.0,4,4,0,0,4,1,2.4,322,10.1
10,William Atkins IV,148354,QB,SCAR STATE,1,74.2,31,32,12.0,2.75,0,2,6.1,65.6,21,0,7,8.7,37,2,15,290,71.0,84.1,87.7,61.1,0,1,38,1,42.9,101.4,8.1,3,2,0,1,1,0,0.0,363,11.3
10,Ayden Pereira,159129,QB,MERRIMACK,1,73.3,30,32,9.5,2.79,0,1,3.1,65.6,21,0,15,4.5,34,1,10,385,72.4,80.3,82.5,62.1,0,2,34,0,0.0,61.6,0.0,0,2,1,1,0,1,2.9,237,7.4
10,Kai Colon,167663,QB,PRINCETON,1,64.3,28,32,9.5,3.38,3,2,6.1,50.0,16,0,7,11.1,40,2,8,272,69.0,61.2,67.3,45.8,0,0,41,0,42.9,82.7,7.5,3,5,0,1,1,0,0.0,219,6.8
10,Destin Wade,163784,QB,N ALABAMA,1,55.2,29,31,14.1,3.0,1,2,6.1,45.2,14,0,12,12.5,34,2,9,389,53.7,66.8,54.8,75.9,0,0,36,0,8.3,77.8,2.9,1,2,0,1,1,0,0.0,203,6.5
10,Joshua Wood,163421,QB,IDAHO,1,56.7,30,31,10.8,3.7,0,0,0.0,48.4,15,0,14,11.8,35,2,11,185,71.4,53.4,54.5,55.0,0,1,37,0,14.3,74.7,5.7,2,2,0,1,2,1,2.7,180,5.8
10,Eric Rodriguez,160057,QB,TXAMCO,1,60.0,30,31,10.6,2.87,0,2,6.5,51.6,16,0,16,11.1,42,2,10,1139,71.5,55.7,60.6,50.6,0,1,42,1,25.0,55.6,9.5,4,5,0,1,0,2,4.8,178,5.7
10,Beau Brungard,164897,QB,YNGTOWN ST,1,77.8,27,31,6.7,3.25,1,1,3.2,61.3,19,0,14,9.5,36,2,14,353,72.4,85.0,80.1,72.7,0,1,37,1,7.1,77.8,2.8,1,4,0,3,1,0,0.0,203,6.5
10,Brady Olson,147415,QB,CENT CT ST,1,56.7,30,30,12.5,2.44,0,5,16.7,53.3,16,0,3,5.9,34,1,9,133,70.4,82.2,83.2,62.0,0,1,34,0,33.3,71.5,2.9,1,3,0,0,1,0,0.0,200,6.7
10,Jack Shields,156830,QB,ALBANY,1,44.4,27,30,13.0,2.68,3,2,6.3,30.0,9,0,5,25.0,33,3,7,106,70.1,58.0,58.0,57.8,0,1,35,0,40.0,31.7,6.1,2,1,0,0,0,1,2.9,133,4.4
10,Jerry Kaminski,177155,QB,N DAKOTA,1,58.6,29,30,9.0,2.52,0,1,3.2,53.3,16,0,9,5.9,32,1,9,249,73.0,50.3,40.2,66.8,1,2,33,0,0.0,43.3,0.0,0,2,0,0,0,2,6.1,177,5.9
10,Taron Dickens,177946,QB,W CAROLINA,1,71.4,28,30,12.0,3.06,0,1,2.9,60.0,18,0,7,10.0,35,2,16,344,26.0,58.3,58.6,57.7,0,0,39,2,0.0,122.9,0.0,0,5,0,2,4,1,2.6,225,7.5
10,Drew VanVleet,177653,QB,DAYTON,1,67.9,28,30,12.8,2.74,0,2,6.1,60.0,18,0,11,5.3,36,1,12,150,68.9,63.3,64.2,57.8,1,2,39,0,45.5,77.1,13.9,5,1,0,1,2,2,5.1,220,7.3
10,Raymond Moore III,201451,QB,MORGAN ST,1,67.9,28,30,12.1,3.17,0,2,6.5,56.7,17,0,14,10.5,41,2,15,235,70.8,80.4,74.4,73.8,1,2,42,0,14.3,86.7,4.9,2,9,0,1,3,1,2.4,229,7.6
10,EJ Colson,190335,QB,INCAR WORD,1,75.0,28,30,6.5,2.76,0,1,3.1,70.0,21,0,13,0.0,38,0,10,189,71.5,56.7,58.4,58.0,0,0,40,1,30.8,116.1,10.5,4,4,0,2,3,1,2.5,161,5.4
10,Bronson Barben,188632,QB,UTAHTC,1,72.4,29,30,10.2,2.36,0,0,0.0,63.3,19,0,1,9.5,31,2,9,1285,70.3,56.7,53.4,63.7,0,0,31,0,100.0,103.7,3.2,1,0,0,1,1,0,0.0,272,9.1
10,Cole Pennington,156787,QB,GARD-WEBB,1,70.8,24,29,10.2,2.72,0,1,3.0,55.2,16,0,21,5.9,41,1,9,171,22.4,60.6,62.3,53.7,2,0,45,0,33.3,83.5,17.1,7,5,0,3,1,2,4.4,167,5.8
10,Collin Shannon,160918,QB,VA MILT IN,1,80.8,26,29,9.2,2.59,1,3,10.0,72.4,21,0,7,0.0,34,0,12,336,20.8,60.7,81.7,29.2,0,0,35,1,0.0,122.9,0.0,0,5,0,2,2,1,2.9,261,9.0
10,Luke Marble,188423,QB,S DAK ST,1,65.4,26,29,10.2,2.5,1,2,6.9,58.6,17,0,12,0.0,34,0,9,292,70.9,59.0,53.1,66.6,2,1,34,0,16.7,74.1,5.9,2,3,0,0,1,5,14.7,181,6.2
10,Jase Bauer,145714,QB,TENN MARTN,1,78.6,28,29,6.1,2.92,0,2,6.5,75.9,22,0,12,0.0,34,0,12,310,72.7,89.1,84.4,74.2,0,0,36,0,8.3,113.0,2.9,1,4,0,1,2,0,0.0,172,5.9
10,Walker Harris,150449,QB,NC CENT,1,65.4,26,29,11.8,2.9,0,4,13.8,58.6,17,0,10,0.0,32,0,15,247,69.4,80.9,79.0,62.0,0,2,32,0,10.0,107.8,3.1,1,2,0,3,4,2,6.3,320,11.0
10,RJ Johnson,171379,QB,FL A&M,1,71.4,28,29,7.9,2.67,0,0,0.0,55.2,16,0,18,20.0,35,4,8,164,69.7,72.7,69.8,67.0,0,0,37,0,11.1,90.0,5.7,2,4,0,1,2,0,0.0,132,4.6
10,Tyriq Starks,156514,QB,HOWARD,1,66.7,27,28,10.0,3.15,0,1,3.6,60.7,17,0,23,5.6,39,1,9,184,71.8,56.8,56.9,57.7,0,1,39,0,30.4,72.0,17.9,7,4,0,1,1,1,2.6,150,5.4
10,Jake Stearney,171991,QB,COLGATE,1,55.6,27,28,12.0,2.06,0,3,10.7,50.0,14,0,9,6.7,29,1,11,142,28.6,62.7,68.8,42.8,0,1,29,0,11.1,78.0,3.4,1,0,0,1,1,1,3.4,250,8.9
10,Myles Burkett,158691,QB,E KENTUCKY,1,75.0,24,27,7.7,2.99,1,1,3.7,66.7,18,0,15,0.0,33,0,16,159,71.2,70.4,62.4,71.5,0,1,33,0,6.7,111.5,3.0,1,5,0,2,3,1,3.0,209,7.7
10,Austin Myers,164221,QB,CENT ARK,1,59.1,22,27,12.1,2.88,2,1,3.7,40.7,11,0,13,15.4,28,2,5,132,68.0,59.7,59.5,,1,2,28,0,7.7,29.4,3.6,1,0,0,2,0,1,3.6,157,5.8
10,Chris Parson,172551,QB,AUSTINPEAY,1,66.7,27,27,11.6,3.4,0,0,0.0,55.6,15,0,12,16.7,34,3,13,116,41.2,80.7,70.3,78.0,0,0,35,0,33.3,100.5,11.8,4,3,0,0,2,2,5.7,178,6.6
10,Quincy Crittendon,149944,QB,SAMFORD,1,76.0,25,27,6.8,2.48,0,1,3.7,70.4,19,0,7,0.0,31,0,11,282,70.3,58.6,58.6,58.9,0,0,31,0,57.1,95.3,12.9,4,0,1,1,0,2,6.5,224,8.3
10,John-Keawe Sagapolutele,175709,QB,PORTLAND,1,72.0,25,27,13.6,2.72,0,1,3.4,63.0,17,0,7,5.6,28,1,10,269,70.3,81.7,87.1,53.4,1,1,31,0,0.0,91.1,0.0,0,1,0,1,1,0,0.0,257,9.5
10,Camden Orth,108965,QB,CHATTNOOGA,1,61.5,26,27,14.8,3.13,0,2,6.5,51.9,14,0,13,12.5,36,2,15,137,71.1,66.0,64.0,68.3,0,2,40,2,15.4,64.3,5.6,2,7,0,1,1,2,5.0,243,9.0
10,Keali'i Ah Yat,178141,QB,MONTANA,1,64.0,25,27,10.0,2.46,2,1,3.7,55.6,15,0,5,6.3,29,1,10,232,69.7,72.1,73.1,59.9,0,0,29,0,0.0,118.8,0.0,0,2,0,0,2,0,0.0,296,11.0
10,Liam O'Brien,164675,QB,PENN,1,70.4,27,27,9.1,3.27,0,0,0.0,66.7,18,0,10,5.3,33,1,16,267,71.2,59.3,53.0,66.6,0,1,33,0,20.0,88.3,6.1,2,4,0,0,1,2,6.1,219,8.1
10,Jaylon Tolbert,154757,QB,ALCORN ST,1,83.3,24,26,7.8,2.62,0,1,3.8,76.9,20,0,6,0.0,30,0,11,107,70.7,78.7,72.5,72.2,1,0,30,0,16.7,114.4,3.3,1,3,0,1,1,1,3.3,221,8.5
10,Rowan Keefe,165386,QB,VALPO,1,75.0,24,26,7.0,2.35,0,0,0.0,65.4,17,0,12,5.6,32,1,9,332,29.7,52.2,48.6,64.0,0,0,33,0,41.7,104.6,15.6,5,1,0,2,1,1,3.0,220,8.5
10,Stone Earle,123504,QB,ABILENE CH,1,76.9,26,26,10.3,3.13,0,3,10.7,65.4,17,0,9,15.0,31,3,11,100,70.4,67.3,72.2,53.6,0,1,34,0,22.2,86.2,6.5,2,3,0,0,1,3,8.8,205,7.9
10,Kevin White,178287,QB,NC A&T,1,48.0,25,26,11.8,3.13,0,0,0.0,42.3,11,0,16,8.3,33,1,6,246,70.0,57.9,58.9,60.0,0,2,34,1,0.0,19.7,0.0,0,7,0,1,0,1,2.9,90,3.5
10,Dean DeNobile,159740,QB,LAFAYETTE,1,53.8,26,26,10.4,2.34,0,0,0.0,50.0,13,0,6,7.1,27,1,5,203,68.5,53.1,51.0,60.0,0,0,27,0,16.7,62.8,3.7,1,0,0,0,0,0,0.0,119,4.6
10,Robert Coleman,76149,QB,LAMAR,1,87.0,23,25,4.1,2.82,0,1,4.0,72.0,18,0,11,10.0,32,2,7,204,69.9,71.1,81.1,47.3,0,0,32,0,36.4,105.7,12.5,4,3,0,2,1,0,0.0,182,7.3
10,Carter Peevy,129563,QB,MAINE,1,69.6,23,25,8.6,3.01,0,0,0.0,56.0,14,0,10,12.5,29,2,10,212,71.5,67.3,61.3,67.8,1,2,29,0,0.0,73.4,0.0,0,4,0,1,2,1,3.4,188,7.5
10,Cam'Ron Ransom,147110,QB,BETH COOK,1,71.4,21,25,8.9,2.75,0,1,4.0,56.0,14,0,7,6.7,30,1,8,119,72.6,70.5,63.1,69.5,1,0,30,0,28.6,87.8,6.7,2,3,2,1,1,0,0.0,154,6.2
10,Kekoa Visperas,147588,QB,TENN TECH,1,75.0,24,25,8.3,2.54,1,3,12.0,68.0,17,0,8,5.6,30,1,12,309,20.7,68.3,71.9,56.2,0,0,30,0,25.0,131.9,6.7,2,3,0,0,2,2,6.7,279,11.2
10,Keegan Patterson,158465,QB,INDIANA ST,1,75.0,24,25,10.5,2.46,0,2,7.7,60.0,15,0,10,16.7,26,3,6,191,71.0,76.3,82.5,53.0,1,0,27,0,0.0,110.1,0.0,0,1,0,0,2,0,0.0,188,7.5
10,Zach Tanner,159923,QB,ROB MORRIS,1,37.5,24,25,13.1,2.99,0,0,0.0,36.0,9,0,5,0.0,28,0,6,277,69.7,48.8,49.2,58.4,0,1,29,1,20.0,60.3,3.6,1,2,0,1,2,2,6.9,109,4.4
10,Garrett Bass-Sulpizio,171137,QB,CORNELL,1,70.8,24,25,6.8,2.71,1,0,0.0,60.0,15,0,3,11.8,27,2,5,147,73.0,58.7,51.2,65.7,0,1,29,1,0.0,81.6,0.0,0,2,0,0,2,1,3.4,117,4.7
10,J.T. Fayard,172783,QB,WOFFORD,1,73.9,23,25,5.8,2.39,0,0,0.0,56.0,14,0,10,17.6,32,3,4,350,26.4,48.9,44.8,64.3,0,1,34,0,60.0,45.4,18.8,6,1,1,1,0,2,5.9,80,3.2
10,Charlie Gilliam,176067,QB,SAMFORD,1,68.2,22,25,3.5,2.32,0,0,0.0,60.0,15,0,5,0.0,27,0,5,282,71.0,35.7,36.5,51.9,1,4,27,0,20.0,44.7,3.7,1,1,0,2,1,2,7.4,113,4.5
10,Dez Thomas II,177368,QB,GEORGETOWN,1,62.5,24,25,10.8,2.95,1,1,3.8,56.0,14,0,13,6.7,35,1,8,172,70.6,69.2,73.1,55.9,0,1,37,0,46.2,60.1,17.1,6,4,0,0,0,0,0.0,168,6.7
10,Dante Reno,184498,QB,YALE,1,79.2,24,25,6.9,2.15,0,1,3.7,64.0,16,0,4,15.8,28,3,9,352,70.7,71.6,69.5,64.2,0,0,30,0,0.0,111.6,0.0,0,2,0,1,2,1,3.3,177,7.1
10,Jim Ogle,192530,QB,MURRAY ST,1,70.8,24,25,5.8,2.13,0,0,0.0,56.0,14,0,2,17.6,26,3,7,236,68.5,45.4,45.1,57.9,0,1,27,0,50.0,66.1,3.8,1,0,0,1,1,3,11.1,124,5.0
10,Andrew Indorf,201895,QB,TOWSON,1,78.3,23,24,12.3,3.08,0,2,7.7,75.0,18,0,9,0.0,26,0,9,317,69.2,89.7,90.8,56.7,0,0,29,0,0.0,143.4,0.0,0,2,0,1,2,1,3.4,294,12.3
10,Coulter Cleland,165212,QB,DAVIDSON,1,39.1,23,24,8.0,2.55,1,0,0.0,37.5,9,0,5,0.0,27,0,7,149,69.1,38.3,27.4,80.2,0,2,27,1,0.0,26.6,0.0,0,3,0,0,1,3,11.1,81,3.4
10,Jack Snyder,185417,QB,SACR HEART,1,63.6,22,24,9.7,2.36,0,2,8.3,54.2,13,0,6,7.1,28,1,8,280,71.5,61.1,61.8,60.7,0,0,28,1,50.0,87.7,10.7,3,1,0,2,1,0,0.0,153,6.4
10,Cole Payton,148154,QB,N DAK ST,1,78.3,23,24,10.0,3.58,1,0,0.0,70.8,17,0,10,5.6,29,1,13,250,72.6,77.4,82.2,59.2,0,1,29,0,10.0,77.4,3.4,1,4,0,0,0,0,0.0,194,8.1
10,Eddie Lee Marburger,145511,QB,TXRG,1,69.6,23,24,9.8,2.51,0,0,0.0,66.7,16,0,8,0.0,26,0,9,1445,68.6,59.8,55.3,69.2,0,2,28,0,12.5,56.8,3.8,1,1,0,1,1,3,10.7,115,4.8
10,Jack O'Connell,165100,QB,STHLSK,1,65.2,23,24,8.5,2.77,0,0,0.0,54.2,13,0,8,13.3,27,2,6,1470,39.1,66.0,73.0,54.0,0,0,28,0,12.5,81.3,3.7,1,2,0,1,1,0,0.0,116,4.8
10,Nate Glantz,157587,QB,LNDNWD,1,72.7,22,23,8.3,2.64,0,1,3.8,69.6,16,0,6,0.0,25,0,6,949,34.2,59.6,57.6,60.8,0,1,28,0,33.3,68.9,8.0,2,0,0,1,0,1,3.6,149,6.5
10,Bronson Barron,141710,QB,SO UTAH,1,81.0,21,23,9.4,2.7,1,0,0.0,65.2,15,0,3,11.8,27,2,9,298,68.7,77.1,74.5,69.0,0,0,29,0,100.0,89.8,11.1,3,1,1,0,0,0,0.0,184,8.0
10,Will O'Dell,206486,QB,MARIST,1,61.9,21,23,7.0,2.39,0,1,4.0,56.5,13,0,12,0.0,29,0,3,213,19.0,42.4,48.6,42.6,1,3,31,0,25.0,27.5,10.3,3,3,0,1,0,3,9.7,99,4.3
10,Jaxon Dailey,156650,QB,N IOWA,1,68.2,22,23,7.0,3.11,0,0,0.0,65.2,15,0,17,0.0,34,0,6,255,70.9,48.1,48.9,54.3,0,2,36,0,17.6,60.4,8.8,3,8,0,1,1,3,8.3,142,6.2
10,Ty Dieffenbach,170114,QB,CAL POLY,1,63.6,22,23,12.6,2.48,1,1,4.3,60.9,14,0,5,0.0,26,0,12,129,21.1,78.9,87.4,56.4,0,1,26,0,0.0,86.0,0.0,0,3,0,0,1,1,3.8,203,8.8
10,Dom Nankil,182292,QB,SAN DIEGO,1,76.2,21,23,10.2,3.24,0,1,4.3,69.6,16,0,6,0.0,25,0,10,283,70.0,84.4,86.1,60.9,0,0,25,0,16.7,128.0,4.0,1,1,0,2,2,0,0.0,215,9.3
10,Abram Johnston,192360,QB,NWSTATE,1,42.1,19,23,10.9,2.95,0,1,4.3,34.8,8,0,15,0.0,28,0,4,257,22.1,31.7,43.3,34.6,0,1,28,0,20.0,25.5,10.7,3,2,0,4,0,4,14.3,53,2.3
10,Logan Inagawa,206029,QB,DRAKE,1,78.3,23,23,6.1,2.72,0,3,12.5,78.3,18,0,10,0.0,28,0,9,153,72.3,78.0,78.5,63.8,0,0,29,0,40.0,125.4,14.3,4,1,0,0,1,2,6.9,244,10.6
10,Dijon Jennings,156891,QB,WEBER ST,1,80.0,20,22,9.1,2.59,1,0,0.0,68.2,15,0,8,6.3,26,1,7,342,68.2,64.4,66.0,56.0,0,1,30,0,12.5,73.5,3.8,1,3,0,1,1,1,3.3,97,4.4
10,Hayden Johnson,185698,QB,LEHIGH,1,81.0,21,22,12.9,2.9,0,1,4.5,63.6,14,0,8,17.6,23,3,8,205,29.1,76.9,86.8,50.1,1,0,23,0,0.0,104.0,0.0,0,1,0,0,1,0,0.0,178,8.1
10,Justin Lamson,144052,QB,MONTANA ST,1,72.7,22,22,11.7,2.87,0,2,9.1,72.7,16,0,7,0.0,27,0,14,233,30.0,90.7,91.8,62.7,0,0,27,1,0.0,154.4,0.0,0,5,0,0,3,0,0.0,331,15.0
10,Dominic Campanile,201034,QB,HOLY CROSS,1,90.0,20,22,5.3,2.87,1,1,4.5,77.3,17,0,10,5.6,29,1,5,181,68.1,66.2,62.4,66.6,0,1,29,0,40.0,71.6,13.8,4,3,0,1,0,1,3.4,127,5.8
10,Ean Rodrigue,178002,QB,NICHOLLS,1,81.0,21,22,7.5,2.54,1,0,0.0,77.3,17,0,4,0.0,26,0,9,243,38.6,56.7,62.8,51.0,0,0,27,0,0.0,129.7,0.0,0,4,0,0,2,0,0.0,174,7.9
10,Frankie Weaver,191675,QB,MONMOUTH,1,76.2,21,21,3.5,1.8,0,1,4.8,76.2,16,0,4,0.0,23,0,11,231,67.5,43.6,40.8,60.0,0,2,23,0,50.0,105.0,8.7,2,0,0,0,2,2,8.7,238,11.3
10,Reagan Andrew,161309,QB,BUTLER,1,73.7,19,21,9.2,2.5,1,2,8.7,66.7,14,0,2,0.0,23,0,9,127,72.9,70.9,73.9,60.1,0,1,25,0,0.0,107.4,0.0,0,2,0,1,2,0,0.0,191,9.1
10,Kingston Tisdell,202557,QB,WEBER ST,1,60.0,20,21,11.4,2.43,0,1,4.8,47.6,10,0,4,16.7,21,2,5,342,67.9,56.0,53.7,63.2,0,0,21,0,0.0,80.7,0.0,0,0,0,1,1,1,4.8,116,5.5
10,Aidan Bouman,122508,QB,S DAKOTA,1,73.7,19,21,7.8,2.97,0,1,4.2,66.7,14,0,7,0.0,25,0,7,291,69.2,72.4,74.0,56.8,0,0,29,1,42.9,108.6,12.0,3,1,0,2,1,0,0.0,177,8.4
10,Andy Peters,128138,QB,STTHOM,1,78.9,19,21,15.8,2.93,0,3,13.6,66.7,14,0,2,6.7,23,1,11,1129,72.9,89.8,91.6,65.2,0,0,25,1,50.0,139.6,4.3,1,1,1,1,2,0,0.0,253,12.0
10,Ashton Strother,208047,QB,SOUTHERN U,1,68.4,19,21,8.3,2.23,2,1,4.3,57.1,12,0,4,7.7,23,1,3,297,68.3,66.7,65.9,60.0,0,1,25,0,50.0,70.7,8.7,2,0,0,0,1,1,4.0,126,6.0
10,DJ Williams,138061,QB,S ILLINOIS,1,55.0,20,20,12.1,2.58,0,0,0.0,55.0,11,0,2,0.0,21,0,8,295,75.5,62.4,52.0,67.7,0,0,21,0,0.0,99.6,0.0,0,1,0,0,1,1,4.8,168,8.4
10,Nick Whitfield Jr.,159490,QB,ST FRANCIS,1,75.0,20,20,3.6,2.28,0,0,0.0,70.0,14,0,8,6.7,23,1,7,299,15.4,49.4,49.5,60.0,0,1,23,0,37.5,77.9,13.0,3,0,0,0,1,2,8.7,104,5.2
10,Byron McNair,128017,QB,TENN STATE,1,64.7,17,20,6.8,3.1,0,1,4.8,55.0,11,0,10,0.0,26,0,3,308,27.3,50.3,49.5,57.2,0,0,27,0,40.0,92.1,15.4,4,2,0,3,1,1,3.7,132,6.6
10,Cole LaCrue,170324,QB,E ILLINOIS,1,77.8,18,19,8.1,2.86,0,2,10.0,73.7,14,0,3,0.0,22,0,9,158,29.7,85.9,88.6,63.6,1,0,23,0,33.3,129.3,4.5,1,2,0,0,2,0,0.0,140,7.4
10,Trey Hedden,185848,QB,FURMAN,1,75.0,16,18,7.4,2.98,0,0,0.0,66.7,12,0,12,0.0,24,0,4,170,34.0,46.6,47.9,53.5,0,1,27,0,33.3,107.4,16.7,4,2,0,2,2,1,3.7,155,8.6
10,Kaiden Bennett,147778,QB,DELWARE ST,1,94.4,18,18,6.6,2.57,0,0,0.0,88.9,16,0,8,5.9,23,1,10,152,71.4,78.9,78.4,65.0,0,0,26,0,37.5,121.5,13.0,3,2,0,0,1,0,0.0,157,8.7
10,Carson Camp,141837,QB,SE LA,1,84.6,13,18,11.3,3.08,2,3,16.7,61.1,11,0,6,0.0,19,0,6,294,67.7,91.3,90.4,69.4,0,0,19,0,0.0,142.1,0.0,0,1,0,3,2,0,0.0,226,12.6
10,JD Davis II,184136,QB,ALAB A&M,1,70.6,17,18,5.5,2.84,0,0,0.0,66.7,12,0,13,0.0,28,0,6,104,68.7,60.3,54.9,68.7,0,2,29,0,61.5,65.0,28.6,8,2,0,1,1,1,3.4,123,6.8
10,Jake Strong,173651,QB,MCNEESE,1,75.0,16,17,4.9,1.91,0,0,0.0,64.7,11,0,3,8.3,17,1,6,217,73.3,63.2,55.7,64.4,0,1,18,0,0.0,80.8,0.0,0,0,0,1,1,1,5.6,121,7.1
10,Maddox Kopp,144251,QB,HOUCHR,1,86.7,15,16,11.9,3.03,0,2,11.8,75.0,12,0,7,7.7,20,1,7,183,67.4,74.2,73.5,,0,1,22,0,57.1,82.8,20.0,4,0,1,0,0,1,4.5,170,10.6
10,Jack Stevens,185814,QB,WAGNER,1,78.6,14,15,5.8,2.4,0,1,5.9,73.3,11,0,9,0.0,21,0,4,338,70.8,59.1,53.0,65.0,0,1,23,0,44.4,51.8,19.0,4,2,0,1,0,1,4.3,59,3.9
10,Nate Bell,170673,QB,E WASHGTON,1,66.7,12,14,10.2,2.56,2,0,0.0,42.9,6,0,2,25.0,15,2,3,161,69.4,59.8,49.4,72.4,0,0,15,0,50.0,74.1,6.7,1,0,0,0,1,1,6.7,39,2.8
10,Hayden Benoit,209683,QB,GRAMBLING,1,75.0,12,13,4.6,2.49,1,0,0.0,69.2,9,0,3,0.0,15,0,3,177,68.8,47.5,51.2,50.6,0,1,15,0,0.0,56.9,0.0,0,2,0,0,0,1,6.7,91,7.0
10,Jack Henry,192029,QB,S DAK ST,1,54.5,11,12,14.4,2.62,0,0,0.0,50.0,6,0,5,0.0,15,0,4,292,68.8,52.1,51.4,59.4,1,1,16,0,60.0,33.3,20.0,3,0,0,0,0,1,6.3,70,5.8
10,Cam'Ron McCoy,157481,QB,SOUTHERN U,1,72.7,11,11,3.9,2.14,0,1,8.3,63.6,7,0,2,12.5,13,1,5,297,68.0,60.0,64.8,54.2,0,0,14,1,0.0,104.0,0.0,0,2,0,0,1,1,7.1,49,4.5
10,Kyle Lowe,156595,QB,SE LA,1,90.0,10,11,2.5,1.86,0,1,9.1,81.8,9,0,1,0.0,11,0,5,294,68.5,90.3,91.5,61.0,1,0,11,0,0.0,129.2,0.0,0,0,0,0,1,0,0.0,85,7.7
10,Jared Lockhart,201210,QB,JACKSON ST,1,50.0,10,10,19.5,4.25,0,0,0.0,50.0,5,0,8,0.0,14,0,5,194,15.8,49.2,57.8,45.6,0,0,16,0,0.0,120.4,0.0,0,4,0,0,1,1,6.3,104,10.4
10,Gavin Rutherford,178188,QB,STF AUSTIN,1,77.8,9,10,6.7,2.1,1,1,10.0,60.0,6,0,3,14.3,10,1,4,301,67.5,78.6,80.7,60.5,0,0,10,0,0.0,111.3,0.0,0,0,0,0,1,1,10.0,62,6.2
10,Jake Weir,146840,QB,HOUCHR,1,28.6,7,9,17.3,2.43,0,0,0.0,22.2,2,0,4,0.0,9,0,0,183,65.1,30.3,30.0,,2,3,9,0,0.0,0.0,0.0,0,0,0,0,0,2,22.2,11,1.2
10,Te'Sean Smoot,163976,QB,ALABAMA ST,1,44.4,9,9,6.6,2.61,0,0,0.0,44.4,4,0,2,0.0,10,0,4,105,68.4,50.9,50.4,56.5,0,0,10,0,0.0,58.6,0.0,0,1,0,0,0,0,0.0,42,4.7
10,Jeff Hoenstine,171652,QB,ST FRANCIS,1,85.7,7,7,4.7,3.23,0,0,0.0,71.4,5,0,3,16.7,11,1,5,299,19.8,60.5,69.0,53.5,0,0,11,0,0.0,139.9,0.0,0,4,0,0,1,0,0.0,65,9.3
10,Peter Costelli,146432,QB,N COLORADO,1,71.4,7,7,9.1,2.53,0,0,0.0,71.4,5,0,0,0.0,8,0,5,253,23.4,45.3,42.6,58.2,0,0,10,0,,99.7,12.5,1,0,0,0,0,2,20.0,64,9.1
10,Quentin Hayes,186423,QB,CITADEL,1,71.4,7,7,23.9,3.09,0,3,37.5,71.4,5,0,2,0.0,9,0,4,139,29.7,74.3,88.8,59.2,0,0,10,0,0.0,153.3,0.0,0,2,0,0,3,0,0.0,175,25.0
10,Andrew Body,155202,QB,ALABAMA ST,1,83.3,6,7,9.0,3.53,0,1,14.3,71.4,5,0,1,0.0,8,0,3,105,21.3,51.9,51.3,57.0,0,0,8,0,0.0,108.6,0.0,0,1,0,1,0,2,25.0,79,11.3
10,Braden Graham,191899,QB,HOLY CROSS,1,85.7,7,7,3.4,1.95,0,0,0.0,57.1,4,0,2,33.3,8,2,2,181,64.6,43.5,42.9,,0,1,8,0,50.0,22.6,12.5,1,0,0,0,0,1,12.5,20,2.9
10,Amari Powell,165320,QB,STTHOM,1,57.1,7,7,9.7,2.88,0,0,0.0,57.1,4,0,1,0.0,8,0,3,1129,70.4,50.3,50.7,55.8,0,0,9,0,0.0,78.9,0.0,0,1,0,0,0,0,0.0,49,7.0
10,Jack Johnson,185639,QB,GEORGETOWN,1,57.1,7,7,6.7,2.66,0,0,0.0,57.1,4,0,3,0.0,9,0,2,172,23.6,55.7,61.5,53.0,0,0,9,0,33.3,62.2,11.1,1,1,0,0,0,0,0.0,20,2.9
10,Cardell Williams,156190,QB,SACRAMENTO,1,50.0,6,6,8.3,3.13,0,0,0.0,50.0,3,0,2,0.0,7,0,2,279,22.8,29.1,29.2,43.3,0,1,7,0,0.0,16.7,0.0,0,1,0,0,0,2,28.6,15,2.5
10,Reilly Garcia,201069,QB,HOUCHR,1,66.7,3,6,4.3,3.69,0,0,0.0,33.3,2,0,3,0.0,7,0,0,183,68.1,44.7,46.6,54.2,1,0,7,0,0.0,42.4,0.0,0,1,0,2,0,0,0.0,6,1.0
10,Nathan Kent,148446,QB,TOWSON,1,50.0,6,6,6.0,2.82,0,0,0.0,50.0,3,0,1,0.0,6,0,1,317,67.0,49.2,44.5,62.0,0,0,6,0,0.0,59.0,0.0,0,0,0,0,0,1,16.7,22,3.7
10,Eli Anderson,201571,QB,NWSTATE,1,40.0,5,6,8.8,2.92,0,0,0.0,33.3,2,0,2,0.0,6,0,2,257,24.0,49.3,57.0,50.1,0,0,6,0,0.0,47.9,0.0,0,0,0,1,0,0,0.0,26,4.3
10,Jake Jensen,147512,QB,MONTANA,1,50.0,6,6,4.7,1.95,0,0,0.0,33.3,2,0,3,33.3,6,1,1,232,64.2,47.7,47.2,,0,0,6,0,0.0,42.4,0.0,0,0,0,0,0,0,0.0,12,2.0
10,Connor Wolf,191443,QB,E ILLINOIS,1,100.0,5,5,5.0,2.35,0,1,16.7,100.0,5,0,1,0.0,6,0,4,158,64.2,84.0,90.0,,0,0,7,1,100.0,158.3,16.7,1,0,0,0,1,0,0.0,100,20.0
10,Tanner Murray,158824,QB,SE LA,1,75.0,4,4,12.3,1.98,0,0,0.0,75.0,3,0,1,0.0,4,0,1,294,67.8,68.2,67.4,60.8,0,0,4,0,0.0,94.8,0.0,0,0,0,0,0,0,0.0,29,7.3
10,Jayden Sauray,162802,QB,DELWARE ST,1,25.0,4,4,14.0,4.28,0,0,0.0,25.0,1,0,3,0.0,5,0,0,152,63.8,37.6,36.9,,0,0,5,1,33.3,39.6,20.0,1,0,0,0,0,0,0.0,5,1.3
10,Nelson Layne,201474,QB,NC A&T,1,75.0,4,4,5.8,2.89,0,0,0.0,75.0,3,0,2,0.0,7,0,1,246,67.1,67.2,53.6,69.9,0,0,7,0,50.0,77.1,14.3,1,2,0,0,0,0,0.0,12,3.0
10,Cobey Thompkins,192469,QB,CITADEL,1,66.7,3,3,14.0,2.87,0,0,0.0,66.7,2,0,2,0.0,6,0,0,139,14.0,60.2,29.7,74.9,0,0,7,1,50.0,70.1,16.7,1,2,0,0,0,1,14.3,7,2.3
10,Amyne Darensburg,209698,QB,GRAMBLING,1,66.7,3,3,10.3,3.36,0,0,0.0,66.7,2,0,2,0.0,5,0,0,177,63.8,58.0,54.7,62.0,0,0,5,0,0.0,70.1,0.0,0,2,0,0,0,0,0.0,1,0.3
10,Will Madonna,88025,QB,TXAMCO,1,66.7,3,3,6.0,2.0,0,0,0.0,66.7,2,0,0,0.0,3,0,1,1139,62.7,51.5,51.6,,0,0,3,0,,149.3,0.0,0,0,0,0,1,0,0.0,75,25.0
10,Alex Flores,86295,QB,MCNEESE,1,66.7,3,3,1.3,1.17,0,0,0.0,66.7,2,0,1,0.0,3,0,2,217,62.7,53.8,51.9,,0,0,3,0,0.0,95.1,0.0,0,0,0,0,0,0,0.0,27,9.0
10,Ethan Greenwood,161869,QB,LIUSHAR,1,50.0,2,3,5.5,2.9,0,0,0.0,33.3,1,0,1,0.0,3,0,0,1298,25.1,36.2,48.3,49.5,1,0,3,0,0.0,42.4,0.0,0,0,0,0,0,0,0.0,0,0.0
10,Noah Sanders,164546,QB,NC A&T,1,50.0,2,3,2.0,2.43,0,0,0.0,33.3,1,0,2,0.0,3,0,1,246,64.8,34.1,52.3,49.4,1,0,3,0,0.0,49.3,0.0,0,0,0,0,0,0,0.0,14,4.7
10,Ty Englehart,162239,QB,PRESBYTERN,1,100.0,2,2,4.5,2.13,0,0,0.0,100.0,2,0,1,0.0,3,0,2,271,66.4,76.7,70.6,66.7,0,0,3,0,100.0,145.8,33.3,1,0,0,0,1,0,0.0,19,9.5
10,Sean Brown,123871,QB,TOWSON,1,50.0,2,2,3.0,1.95,0,0,0.0,50.0,1,0,0,0.0,2,0,1,317,61.8,24.6,25.0,,0,0,2,0,,95.8,0.0,0,0,0,0,0,1,50.0,28,14.0
10,Reggie Graff,165710,QB,UTAHTC,1,0.0,2,2,11.0,2.5,0,0,0.0,0.0,0,0,0,,2,0,0,1285,67.6,62.5,67.8,57.4,0,1,2,0,,0.0,0.0,0,0,0,0,0,0,0.0,0,0.0
10,Aidan Jakobsohn,209046,QB,TXRG,1,50.0,2,2,11.5,4.58,0,0,0.0,0.0,0,0,1,100.0,5,1,1,1445,14.7,48.0,48.5,56.0,0,0,5,0,0.0,39.6,0.0,0,3,0,0,0,1,20.0,0,0.0
10,Tyrese Smith,185065,QB,PORTLAND,1,50.0,2,2,18.0,1.85,0,0,0.0,50.0,1,0,1,0.0,2,0,1,269,72.8,65.2,51.2,66.7,0,0,3,0,0.0,60.4,0.0,0,0,0,0,0,0,0.0,8,4.0
10,Baxter Wright,192540,QB,MURRAY ST,1,100.0,2,2,-4.5,1.5,0,0,0.0,100.0,2,0,0,0.0,2,0,0,236,16.5,35.9,62.7,41.4,0,0,2,0,,79.2,0.0,0,0,0,0,0,0,0.0,0,0.0
10,Luke Flowers,192495,QB,MONTANA,1,100.0,1,2,-4.0,2.05,1,0,0.0,50.0,1,0,2,0.0,2,0,1,232,67.6,61.3,58.9,60.8,0,0,2,0,0.0,87.5,0.0,0,0,0,0,0,0,0.0,21,10.5
10,Aiden McCown,178971,QB,LAMAR,1,,0,1,,3.95,0,0,0.0,0.0,0,0,2,,2,0,0,204,64.4,52.6,55.4,58.8,0,0,2,0,50.0,39.6,50.0,1,0,0,1,0,0,0.0,0,0.0
10,Ari Patu,146360,QB,N ALABAMA,1,0.0,1,1,16.0,2.9,0,0,0.0,0.0,0,0,0,,1,0,0,389,60.3,50.0,46.8,,0,0,1,0,,39.6,0.0,0,0,0,0,0,0,0.0,0,0.0
10,Luke Woodson,160519,HB,DRAKE,1,0.0,1,1,32.0,3.2,0,0,0.0,0.0,0,0,1,,1,0,0,153,72.6,65.8,58.0,66.5,0,0,1,0,0.0,39.6,0.0,0,0,0,0,0,0,0.0,0,0.0
10,Michael Briscoe,142810,WR,CAL POLY,1,0.0,1,1,20.0,3.6,0,0,0.0,0.0,0,0,1,,1,0,0,129,66.7,74.1,37.9,63.2,0,1,1,0,0.0,0.0,0.0,0,0,0,0,0,1,100.0,0,0.0
10,Gavin Lochow,177638,WR,DAYTON,1,0.0,1,1,16.0,3.2,0,0,0.0,0.0,0,1,1,,1,0,0,150,73.6,51.7,46.8,52.8,0,0,1,1,0.0,39.6,0.0,0,0,0,0,0,0,0.0,0,0.0
10,Winston Watkins,185303,QB,TOWSON,1,100.0,1,1,36.0,2.6,0,1,100.0,100.0,1,0,0,0.0,2,0,2,317,66.2,84.5,88.6,61.8,0,0,2,0,,158.3,0.0,0,1,0,0,1,0,0.0,38,38.0
10,Najih Rahman,177432,WR,BROWN,1,100.0,1,1,10.0,3.5,0,0,0.0,100.0,1,0,0,0.0,1,0,1,123,69.8,67.6,75.4,,0,0,1,0,,122.9,0.0,0,0,0,0,1,0,0.0,4,4.0
10,Max Pelham,185547,P,S DAK ST,1,100.0,1,1,12.0,1.8,0,0,0.0,100.0,1,0,0,0.0,1,0,0,292,60.3,70.7,75.4,,0,0,1,0,,118.8,0.0,0,0,0,0,0,0,0.0,28,28.0
10,Devin Lippold,186017,QB,MCNEESE,1,0.0,1,1,6.0,1.9,0,0,0.0,0.0,0,0,1,,1,0,0,217,63.7,52.7,46.1,62.5,0,0,1,0,0.0,39.6,0.0,0,0,0,0,0,0,0.0,0,0.0
10,Will Burns,173629,QB,SO UTAH,1,0.0,1,1,10.0,5.2,0,0,0.0,0.0,0,0,0,,1,0,0,298,67.5,59.8,46.8,66.3,0,0,1,0,,39.6,0.0,0,0,0,0,0,0,0.0,0,0.0
10,Marqeese Dietz,155299,WR,STNY BROOK,1,0.0,1,1,33.0,3.7,0,0,0.0,0.0,0,0,1,,1,0,0,303,68.4,58.0,49.9,,0,0,1,0,0.0,39.6,0.0,0,0,0,0,0,0,0.0,0,0.0
10,Dane Steel,191486,WR,MONTANA ST,1,100.0,1,1,9.0,3.7,0,0,0.0,100.0,1,0,0,0.0,1,0,1,233,65.9,71.6,77.2,,0,0,1,0,,116.7,0.0,0,0,0,0,0,0,0.0,12,12.0
10,Shane Lee,191945,HB,NICHOLLS,1,100.0,1,1,23.0,3.2,0,0,0.0,100.0,1,0,0,0.0,1,0,1,243,75.8,67.3,76.2,62.5,0,0,1,0,,158.3,0.0,0,0,0,0,1,0,0.0,24,24.0
10,Richie Watts,171217,LB,CAL POLY,1,,0,1,,4.8,0,0,0.0,0.0,0,0,1,,1,0,0,129,60.3,54.9,57.4,,0,0,1,1,0.0,39.6,0.0,0,0,0,1,0,0,0.0,0,0.0
10,Noah Brannock,170937,QB,WM & MARY,1,100.0,1,1,2.0,4.0,0,0,0.0,100.0,1,0,1,0.0,1,0,0,348,63.7,62.8,61.0,60.0,0,0,1,0,0.0,91.7,0.0,0,0,0,0,0,0,0.0,6,6.0
10,Zachary Dodson-Greene,170698,WR,PORTLAND,1,0.0,1,1,32.0,2.9,0,0,0.0,0.0,0,0,0,,1,0,0,269,64.6,49.3,37.0,,0,1,1,0,,0.0,0.0,0,0,0,0,0,1,100.0,0,0.0
10,Tyrell Pollard,200612,WR,CENT ARK,1,0.0,1,1,31.0,3.9,0,0,0.0,0.0,0,0,0,,1,0,0,132,64.6,65.7,37.0,,0,1,1,0,,0.0,0.0,0,0,0,0,0,1,100.0,0,0.0
10,Blaine Hipa,167662,QB,PRINCETON,1,0.0,1,1,38.0,3.1,0,0,0.0,0.0,0,0,0,,1,0,0,272,63.7,49.1,50.1,59.4,0,0,1,0,,39.6,0.0,0,0,0,0,0,0,0.0,0,0.0
10,Kaleb Bailey,202276,QB,MURRAY ST,1,0.0,1,1,12.0,2.75,0,0,0.0,0.0,0,0,0,,2,0,1,236,66.2,50.7,33.8,66.3,0,1,2,0,,0.0,0.0,0,1,0,0,0,1,50.0,0,0.0
10,JT Kitna,202540,QB,STF AUSTIN,1,100.0,1,1,-5.0,1.0,0,0,0.0,100.0,1,0,0,0.0,1,0,0,301,60.3,61.6,60.6,,0,0,1,0,,87.5,0.0,0,0,0,0,0,0,0.0,5,5.0
10,Bo Kelly,158923,QB,CAL POLY,1,0.0,1,1,33.0,2.6,0,0,0.0,0.0,0,0,0,,1,0,0,129,60.3,56.8,58.0,,0,0,1,0,,39.6,0.0,0,0,0,0,0,0,0.0,0,0.0
10,Byron Eaton Jr.,202767,HB,GRAMBLING,1,,0,1,,5.4,0,0,0.0,0.0,0,0,0,,1,0,0,177,70.5,48.8,60.0,55.7,0,0,1,1,,39.6,0.0,0,0,0,1,0,0,0.0,0,0.0
10,Damian Harris,142993,WR,WM & MARY,1,100.0,1,1,14.0,3.3,0,0,0.0,100.0,1,0,0,0.0,1,0,1,348,63.7,60.4,72.6,,0,0,1,0,,158.3,0.0,0,0,0,0,1,0,0.0,16,16.0
week,player,player_id,position,team_name,player_game_count,accuracy_percent,aimed_passes,attempts,avg_depth_of_target,avg_time_to_throw,bats,big_time_throws,btt_rate,completion_percent,completions,declined_penalties,def_gen_pressures,drop_rate,dropbacks,drops,first_downs,franchise_id,grades_hands_fumble,grades_offense,grades_pass,grades_run,hit_as_threw,interceptions,passing_snaps,penalties,pressure_to_sack_rate,qb_rating,sack_percent,sacks,scrambles,spikes,thrown_aways,touchdowns,turnover_worthy_plays,twp_rate,yards,ypa
11,Nick Minicucci,173617,QB,DELAWARE,1,61.4,44,52,10.5,3.02,1,0,0.0,50.0,26,0,14,3.7,57,1,14,151,71.6,53.5,50.5,63.4,3,2,63,1,0.0,64.9,0.0,0,5,0,4,2,2,3.2,304,5.8
11,AJ Swann,157186,QB,APP STATE,1,71.4,49,51,10.7,2.79,1,3,5.7,66.7,34,0,16,2.9,55,1,20,108,25.0,66.0,69.3,43.8,0,1,57,0,18.8,91.0,5.5,3,1,0,1,2,6,10.5,348,6.8
11,Jaylen Raynor,172203,QB,ARK STATE,1,80.9,47,50,8.9,2.6,1,1,1.9,74.0,37,0,10,2.6,55,1,19,113,71.7,72.7,73.5,59.4,0,4,57,0,10.0,71.3,1.8,1,4,2,0,2,1,1.8,331,6.6
11,Josh Hoover,127148,QB,TCU,1,73.5,49,50,8.3,2.62,0,0,0.0,68.0,34,0,9,5.6,51,2,23,305,69.9,74.7,72.8,64.3,0,2,54,0,0.0,75.3,0.0,0,1,0,1,1,3,5.6,319,6.4
11,Logan Fife,128176,QB,NEW MEX ST,1,65.9,44,47,7.6,2.71,0,0,0.0,59.6,28,0,18,3.4,57,1,17,242,44.9,51.3,54.2,49.3,0,2,63,1,27.8,69.5,8.8,5,5,0,3,2,3,4.8,241,5.1
11,Jaron-Keawe Sagapolutele,198237,QB,CAL,1,66.7,45,47,7.9,2.49,2,3,6.3,63.8,30,0,17,0.0,51,0,17,130,70.2,64.0,65.0,58.3,0,0,52,0,17.6,98.1,5.9,3,0,0,0,2,0,0.0,323,6.9
11,Baylor Hayes,192135,QB,TULSA,1,67.5,40,47,8.6,3.08,2,2,4.0,51.1,24,0,22,11.1,59,3,17,320,72.5,67.2,64.8,64.3,2,2,63,1,18.2,47.7,6.8,4,8,0,3,0,0,0.0,235,5.0
11,Ashton Daniels,157259,QB,AUBURN,1,82.1,39,47,9.8,2.56,2,3,6.0,66.0,31,0,17,3.1,54,1,24,115,48.3,83.2,74.5,78.5,0,0,58,1,11.8,102.5,3.7,2,5,2,4,2,2,3.4,353,7.5
11,Tommy Castellanos,158433,QB,FLORIDA ST,1,66.7,42,44,10.4,3.12,0,0,0.0,52.3,23,0,17,17.9,50,5,13,167,41.9,60.6,60.8,58.5,0,1,52,1,23.5,67.4,8.0,4,2,0,2,1,0,0.0,250,5.7
11,Gabarri Johnson,175905,QB,OREGON ST,1,78.0,41,42,6.4,2.85,0,2,4.5,69.0,29,0,10,9.4,48,3,16,265,70.1,55.2,54.0,59.2,0,2,51,0,20.0,68.2,4.2,2,4,0,1,0,3,5.9,286,6.8
11,Walker Eget,146170,QB,S JOSE ST,1,77.1,35,42,11.1,2.88,4,2,4.5,64.3,27,0,14,0.0,45,0,16,285,69.5,71.4,71.7,58.5,0,2,47,0,0.0,68.9,0.0,0,3,0,3,0,2,4.3,334,8.0
11,Elijah Brown,183276,QB,STANFORD,1,73.7,38,40,7.5,2.36,1,1,2.3,67.5,27,0,19,3.6,48,1,16,300,37.6,47.1,47.9,,0,1,51,1,42.1,85.8,16.7,8,0,0,1,1,2,3.9,284,7.1
11,Noah Kim,129623,QB,E MICHIGAN,1,64.7,34,40,9.3,2.5,1,2,4.3,55.0,22,0,11,0.0,41,0,8,160,71.4,63.6,57.8,70.9,0,0,49,0,0.0,78.1,0.0,0,1,1,4,1,1,2.0,210,5.3
11,Katin Houser,158386,QB,E CAROLINA,1,82.1,39,40,8.8,2.37,0,0,0.0,62.5,25,0,10,21.9,47,7,15,156,42.4,71.8,74.3,57.0,1,0,51,0,20.0,94.7,4.3,2,4,0,0,2,1,2.0,229,5.7
11,Joe Fagnano,104768,QB,UCONN,1,83.3,36,39,5.7,2.27,3,2,4.5,69.2,27,0,11,10.0,44,3,15,146,70.4,80.2,73.4,80.5,0,0,50,0,18.2,118.6,4.5,2,3,0,0,3,2,4.0,311,8.0
11,Miller Moss,70727,QB,LOUISVILLE,1,66.7,33,39,8.2,2.85,2,1,2.6,51.3,20,0,12,9.1,42,2,7,210,38.5,46.3,44.1,60.2,2,1,42,0,16.7,55.8,4.8,2,1,1,1,0,2,4.8,203,5.2
11,Bear Bachmeier,203434,QB,BYU,1,73.0,37,38,8.4,2.9,0,1,2.5,60.5,23,0,16,14.8,43,4,10,128,34.5,54.7,57.0,53.4,0,1,45,0,0.0,70.9,0.0,0,4,0,1,1,2,4.4,188,4.9
11,Nicholas Vattiato,145302,QB,MIDDLE TN,1,77.8,36,37,7.8,2.34,0,2,5.3,70.3,26,0,6,7.1,40,2,11,224,69.5,71.8,74.6,52.8,0,1,41,0,16.7,104.2,2.5,1,2,0,1,3,1,2.4,247,6.7
11,Dylan Lonergan,172386,QB,BOSTON COL,1,73.5,34,37,7.4,2.48,2,3,7.7,67.6,25,0,8,0.0,45,0,15,121,69.5,75.7,74.7,63.2,0,1,47,0,50.0,82.3,8.9,4,4,0,1,1,0,0.0,232,6.3
11,JC French IV,162521,QB,GA SOUTHRN,1,76.5,34,37,10.0,2.69,2,1,2.7,67.6,25,0,16,3.8,42,1,20,174,72.2,72.7,74.4,59.6,0,0,42,0,12.5,107.0,4.8,2,3,0,1,1,1,2.4,352,9.5
11,Julian Lewis,198304,QB,COLORADO,1,72.7,33,37,10.7,3.51,2,3,7.9,64.9,24,0,18,0.0,49,0,11,143,69.7,78.0,79.0,59.5,0,0,50,0,38.9,108.5,14.3,7,5,0,2,2,1,2.0,305,8.2
11,Carlos Del Rio-Wilson,146687,QB,MARSHALL,1,54.8,31,35,9.8,2.68,3,2,5.4,45.7,16,0,15,5.9,41,1,12,214,74.8,67.9,61.8,66.7,1,0,43,0,6.7,68.0,2.4,1,5,0,0,1,2,4.7,154,4.4
11,Ethan Vasko,163817,QB,LIBERTY,1,64.5,31,35,10.0,2.98,1,1,2.7,51.4,18,0,9,10.0,38,2,9,206,35.1,29.5,31.8,45.2,0,1,40,1,11.1,56.4,2.6,1,2,0,3,0,4,10.0,196,5.6
11,Ty Simpson,157008,QB,ALABAMA,1,69.7,33,35,11.0,2.58,0,4,10.8,60.0,21,0,9,8.7,37,2,13,103,38.9,78.9,77.2,67.7,0,0,39,0,11.1,94.6,2.7,1,0,0,2,1,1,2.6,277,7.9
11,Ryder Burton,175011,QB,UAB,1,59.4,32,34,13.5,3.34,0,5,14.3,52.9,18,0,12,5.3,41,1,12,321,35.9,61.3,61.0,59.0,0,0,42,0,41.7,91.9,12.2,5,2,0,2,2,1,2.4,213,6.3
11,Brendon Lewis,131687,QB,MEMPHIS,1,90.6,32,34,7.4,2.56,0,2,5.4,85.3,29,0,14,0.0,40,0,12,218,70.9,67.5,67.5,60.0,1,1,44,0,42.9,112.9,15.0,6,0,0,1,2,1,2.3,317,9.3
11,Micah Alejado,184162,QB,HAWAII,1,78.8,33,34,10.2,2.82,0,5,14.3,64.7,22,0,12,15.4,36,4,12,180,70.6,80.6,80.0,63.2,0,1,37,0,16.7,104.5,5.6,2,0,0,1,3,2,5.4,256,7.5
11,Brad Jackson,184354,QB,TEXAS ST,1,87.5,32,34,9.6,2.71,1,5,13.5,79.4,27,0,10,3.6,40,1,14,314,40.8,80.2,82.3,60.4,0,1,43,0,40.0,128.7,10.0,4,2,0,1,3,1,2.3,366,10.8
11,Skyler Locklear,164027,QB,UTEP,1,65.6,32,33,11.3,3.19,0,3,8.8,51.5,17,0,16,19.0,35,4,8,330,47.8,74.3,68.7,70.0,0,1,37,0,0.0,83.8,0.0,0,2,0,1,2,1,2.7,247,7.5
11,Jacob Clark,101628,QB,MO STATE,1,74.2,31,33,10.1,2.78,1,5,13.9,60.6,20,0,15,13.0,41,3,14,230,69.7,79.2,80.2,58.1,0,0,44,0,33.3,108.9,12.2,5,3,0,1,2,1,2.3,286,8.7
11,Julian Sayin,183708,QB,OHIO STATE,1,87.5,32,33,9.6,3.26,0,4,11.8,81.8,27,0,10,3.6,37,1,18,260,68.9,90.9,90.8,62.1,0,1,38,0,20.0,102.4,5.4,2,2,0,1,1,1,2.6,303,9.2
11,Demond Williams Jr.,183648,QB,WASHINGTON,1,72.4,29,33,7.4,3.33,0,0,0.0,60.6,20,0,24,4.8,45,1,11,340,40.4,42.7,35.3,61.8,0,1,45,1,16.7,67.0,8.9,4,8,0,4,1,2,4.4,134,4.1
11,Trinidad Chambliss,178723,QB,OLE MISS,1,96.9,32,33,6.0,2.08,1,1,2.9,87.9,29,0,3,6.5,34,2,16,226,69.2,82.8,82.6,59.6,0,0,36,0,33.3,139.0,2.9,1,0,0,0,3,0,0.0,333,10.1
11,Diego Pavia,156927,QB,VANDERBILT,1,78.8,33,33,10.9,2.91,0,3,8.6,75.8,25,0,11,3.8,39,1,22,333,73.5,92.8,91.3,79.6,0,0,42,1,9.1,143.1,2.6,1,5,0,0,3,0,0.0,377,11.4
11,Jayden Maiava,158135,QB,USC,1,75.8,33,33,10.7,3.1,0,1,2.9,72.7,24,0,12,4.0,35,1,15,326,69.7,83.6,79.3,73.0,0,1,37,0,8.3,108.0,2.9,1,1,0,0,2,2,5.4,299,9.1
11,Behren Morton,144747,QB,TEXAS TECH,1,62.5,32,32,10.5,2.67,0,2,5.9,53.1,17,0,8,15.0,37,3,8,315,69.8,54.5,53.0,60.1,0,0,39,0,62.5,85.3,13.5,5,0,0,0,1,2,5.1,219,6.8
11,Kevin Jennings,158272,QB,SMU,1,61.3,31,32,10.5,2.76,0,2,5.6,50.0,16,0,4,15.8,34,3,11,287,69.3,79.4,81.3,53.7,0,1,38,0,25.0,104.4,2.9,1,1,0,1,3,0,0.0,326,10.2
11,Darian Mensah,169984,QB,DUKE,1,75.9,29,31,7.8,3.1,0,1,3.1,71.0,22,0,10,0.0,36,0,16,154,27.2,59.0,55.0,66.9,0,2,37,0,20.0,96.4,5.6,2,3,0,2,3,4,10.8,222,7.2
11,Noah Fifita,158722,QB,ARIZONA,1,78.6,28,31,8.0,2.96,0,1,3.0,51.6,16,0,15,27.3,39,6,7,109,71.1,48.4,42.7,65.2,1,0,41,0,33.3,87.8,12.8,5,3,0,2,2,2,4.9,158,5.1
11,Ethan Grunkemeyer,183606,QB,PENN STATE,1,82.8,29,31,8.5,2.6,0,1,3.1,71.0,22,0,16,8.3,35,2,9,266,29.7,62.7,59.5,64.3,0,1,36,0,12.5,88.0,5.7,2,1,0,2,1,1,2.8,219,7.1
11,Conner Weigman,158683,QB,HOUSTON,1,69.0,29,31,9.8,2.61,1,1,3.2,64.5,20,0,8,0.0,36,0,10,182,75.1,56.2,46.0,67.1,0,3,36,0,25.0,67.7,5.6,2,3,0,1,2,3,8.3,223,7.2
11,Grayson Loftis,170054,QB,CHARLOTTE,1,75.0,28,31,10.4,2.94,1,2,6.3,64.5,20,0,14,4.8,37,1,10,136,69.8,73.6,77.3,51.5,0,1,38,0,28.6,112.2,10.8,4,2,0,2,3,1,2.6,279,9.0
11,Tucker Gleason,122475,QB,TOLEDO,1,90.3,31,31,6.8,2.45,0,1,2.9,80.6,25,0,3,10.7,31,3,16,316,69.6,87.8,84.7,69.6,0,0,35,0,0.0,129.7,0.0,0,0,0,0,2,0,0.0,309,10.0
11,Fernando Mendoza,158323,QB,INDIANA,1,73.1,26,31,11.2,2.83,1,5,15.6,61.3,19,0,18,0.0,36,0,11,190,31.1,81.4,82.0,64.4,1,1,38,1,16.7,79.8,8.3,3,2,1,2,1,2,5.3,218,7.0
11,Caden Creel,170414,QB,JVILLE ST,1,73.1,26,31,9.4,2.61,1,0,0.0,48.4,15,0,6,21.1,34,4,9,196,73.4,73.4,60.6,77.1,1,1,36,1,0.0,64.0,0.0,0,3,0,3,1,1,2.8,181,5.8
11,Parker Navarro,123758,QB,OHIO,1,63.0,27,31,8.7,3.24,1,0,0.0,51.6,16,0,11,5.9,37,1,10,259,71.0,40.9,39.0,55.8,0,1,38,0,9.1,69.4,2.7,1,5,0,3,1,1,2.6,201,6.5
11,Preston Stone,124716,QB,NWESTERN,1,71.4,28,30,6.9,2.47,0,0,0.0,66.7,20,0,8,0.0,32,0,5,256,68.5,57.6,56.7,,0,0,33,0,25.0,89.6,6.3,2,0,0,2,1,1,3.0,150,5.0
11,Amari Odom,178686,QB,KENNESAW,1,50.0,28,30,15.0,2.7,0,4,12.5,46.7,14,0,10,0.0,32,0,9,200,71.3,55.5,50.1,70.0,1,2,35,1,0.0,76.9,0.0,0,1,0,1,3,3,8.6,219,7.3
11,Jalon Daniels,122555,QB,KANSAS,1,64.3,28,30,13.3,2.94,0,1,3.3,50.0,15,0,8,16.7,34,3,11,198,40.9,63.1,63.6,59.6,0,0,34,1,0.0,82.5,0.0,0,4,1,1,1,2,5.9,199,6.6
11,Marcel Reed,175940,QB,TEXAS A&M,1,84.6,26,29,2.9,2.45,1,0,0.0,69.0,20,0,6,9.1,32,2,10,312,69.5,62.4,57.9,66.7,0,0,34,1,16.7,112.4,3.1,1,2,0,2,2,1,2.9,208,7.2
11,Kiael Kelly,145634,QB,BALL ST,1,66.7,27,29,5.4,2.63,2,0,0.0,58.6,17,0,11,5.6,36,1,8,117,74.3,57.1,49.3,65.4,0,0,36,0,36.4,98.8,11.1,4,3,0,0,2,1,2.8,173,6.0
11,Braylon Braxton,144442,QB,SO MISS,1,76.9,26,29,8.2,2.48,2,0,0.0,69.0,20,0,6,0.0,31,0,11,296,69.3,71.5,70.0,62.7,0,1,31,0,33.3,89.4,6.5,2,0,0,1,1,2,6.5,228,7.9
11,Gunner Stockton,157072,QB,GEORGIA,1,70.4,27,29,11.1,2.55,1,2,6.5,62.1,18,0,6,5.3,31,1,13,173,70.4,84.8,80.1,73.1,0,0,33,1,0.0,126.2,0.0,0,2,0,1,3,0,0.0,264,9.1
11,Tayven Jackson,157615,QB,UCF,1,55.6,27,29,5.3,2.34,0,0,0.0,51.7,15,0,6,0.0,32,0,7,323,68.5,33.2,33.6,53.1,0,1,33,0,0.0,50.4,0.0,0,2,0,2,0,2,6.1,136,4.7
11,Scotty Fox Jr.,199546,QB,W VIRGINIA,1,67.9,28,28,9.3,2.16,0,1,3.4,60.7,17,0,12,10.5,31,2,7,343,45.0,62.1,63.3,58.2,0,2,33,0,16.7,64.9,6.5,2,1,0,0,1,1,3.0,202,7.2
11,Caden Veltkamp,156642,QB,FAU,1,75.0,28,28,9.0,1.96,0,2,7.1,71.4,20,0,8,4.8,29,1,9,165,29.8,73.8,77.4,43.6,0,0,29,0,12.5,136.8,3.4,1,0,0,0,3,1,3.4,265,9.5
11,Malik Washington,198729,QB,MARYLAND,1,66.7,24,28,4.8,2.86,2,0,0.0,53.6,15,0,8,6.3,32,1,5,215,70.3,61.5,46.1,78.8,1,1,32,0,0.0,58.3,0.0,0,4,0,1,1,1,3.1,98,3.5
11,Joe Pesansky,149434,QB,FIU,1,76.0,25,28,14.0,2.61,3,4,12.1,60.7,17,0,7,10.5,30,2,10,166,33.5,87.6,88.6,61.1,0,2,36,0,28.6,100.1,6.7,2,0,0,0,4,0,0.0,253,9.0
11,Daniel Kaelin,183565,QB,VIRGINIA,1,69.2,26,28,5.5,2.73,0,0,0.0,64.3,18,0,12,0.0,31,0,7,335,29.4,36.9,33.0,60.6,1,0,31,0,16.7,77.2,6.5,2,1,0,1,0,2,6.5,145,5.2
11,Nico Iamaleava,174728,QB,UCLA,1,73.9,23,27,7.3,3.11,2,0,0.0,63.0,17,0,16,0.0,37,0,14,324,71.0,70.8,51.6,83.5,0,0,37,0,18.8,108.7,8.1,3,7,2,0,2,0,0.0,191,7.1
11,Lunch Winfield,176367,QB,LA LAFAYET,1,73.1,26,27,10.9,3.0,0,0,0.0,63.0,17,0,12,10.5,29,2,11,207,75.3,73.3,75.4,62.0,1,2,32,1,0.0,90.4,0.0,0,2,0,0,3,0,0.0,192,7.1
11,Cade Klubnik,156253,QB,CLEMSON,1,83.3,24,27,6.3,2.74,0,1,3.7,74.1,20,0,10,0.0,30,0,10,140,70.7,79.2,76.1,68.4,1,0,30,0,20.0,110.3,6.7,2,1,0,2,1,0,0.0,221,8.2
11,Dru DeShields,176094,QB,KENT STATE,1,62.5,24,27,13.5,3.14,2,2,7.4,55.6,15,0,15,0.0,30,0,9,201,69.3,66.7,66.1,67.2,0,0,30,1,6.7,81.1,3.3,1,2,0,1,0,0,0.0,212,7.9
11,Bryson Barnes,131845,QB,UTAH ST,1,80.0,25,26,11.5,3.13,0,3,10.7,73.1,19,0,10,5.0,32,1,13,329,70.9,84.2,89.5,60.8,0,0,34,0,0.0,148.2,0.0,0,5,0,1,3,0,0.0,292,11.2
11,Jayden Denegal,158533,QB,S DIEGO ST,1,66.7,18,26,9.1,4.12,0,1,3.4,38.5,10,0,16,16.7,30,2,5,284,69.5,39.9,37.7,58.6,0,2,33,0,18.8,23.2,10.0,3,1,0,8,0,3,9.1,132,5.1
11,Rocco Becht,157567,QB,IOWA STATE,1,60.0,20,25,8.8,2.58,2,0,0.0,36.0,9,0,8,25.0,26,3,7,193,69.7,64.3,60.7,66.1,1,2,28,1,0.0,30.6,0.0,0,1,0,2,1,1,3.6,111,4.4
11,Gio Lopez,172309,QB,N CAROLINA,1,78.3,23,25,9.8,2.68,0,0,0.0,72.0,18,0,12,0.0,28,0,8,245,32.0,55.4,53.1,61.1,1,0,31,0,16.7,122.6,7.1,2,1,0,1,2,2,6.5,203,8.1
11,T.J. Finley,124093,QB,GA STATE,1,73.9,23,25,9.5,2.14,0,1,3.7,60.0,15,0,10,11.8,28,2,8,175,69.3,62.1,58.6,67.1,2,1,30,0,20.0,78.3,7.1,2,0,0,0,1,1,3.3,177,7.1
11,Evan Simon,129906,QB,TEMPLE,1,75.0,20,25,6.2,2.63,1,2,8.0,60.0,15,0,8,0.0,25,0,9,306,70.5,73.3,76.2,58.7,0,0,25,0,0.0,91.6,0.0,0,0,0,4,1,0,0.0,157,6.3
11,Rickie Collins,172474,QB,SYRACUSE,1,65.2,23,25,8.4,2.97,1,1,4.0,48.0,12,0,18,20.0,35,3,5,304,68.6,50.6,49.9,56.8,0,2,35,0,33.3,22.9,17.1,6,4,0,1,0,2,5.7,85,3.4
11,Jake Retzlaff,70874,QB,TULANE,1,78.3,23,24,16.1,3.2,0,5,20.0,66.7,16,0,8,11.1,26,2,14,319,72.6,91.6,92.2,63.9,0,0,27,1,0.0,149.3,0.0,0,2,0,1,3,1,3.7,332,13.8
11,Carson Beck,124010,QB,MIAMI FL,1,82.6,23,24,4.0,2.53,1,0,0.0,75.0,18,0,7,5.3,30,1,9,220,69.1,59.1,58.6,50.8,0,0,32,0,28.6,121.4,6.7,2,2,0,0,1,1,3.1,247,10.3
11,Alonza Barnett III,156710,QB,JAMES MAD,1,78.3,23,24,16.1,3.12,0,2,7.7,58.3,14,0,9,22.2,29,4,10,197,72.3,75.5,81.2,59.9,0,1,31,2,11.1,119.8,3.4,1,4,0,1,3,0,0.0,270,11.3
11,Dequan Finn,97804,QB,MIAMI OH,1,80.0,20,24,12.4,3.81,1,1,4.0,66.7,16,0,8,0.0,28,0,9,221,71.5,72.9,74.8,59.5,0,1,30,1,25.0,101.7,7.1,2,1,0,3,2,1,3.3,194,8.1
11,Owen McCown,157688,QB,UTSA,1,82.6,23,23,7.8,2.23,0,2,7.1,69.6,16,0,11,15.8,28,3,7,331,29.1,61.1,62.5,57.3,0,1,33,0,45.5,92.7,17.9,5,0,0,0,1,2,6.1,200,8.7
11,Cutter Boley,184630,QB,KENTUCKY,1,85.7,21,23,6.9,2.36,1,1,4.3,78.3,18,0,5,0.0,24,0,13,202,26.3,80.3,87.9,46.4,0,1,24,0,0.0,108.0,0.0,0,1,0,1,2,1,4.2,168,7.3
11,Anthony Colandrea,170131,QB,UNLV,1,76.2,21,22,11.2,2.37,0,2,8.3,68.2,15,0,6,6.3,23,1,10,325,69.5,89.5,81.3,79.7,1,1,25,0,0.0,117.8,0.0,0,1,0,0,2,0,0.0,251,11.4
11,Jackson Brousseau,173480,QB,COLO STATE,1,82.4,17,22,5.4,3.18,0,1,4.2,59.1,13,0,13,7.1,29,1,8,144,68.3,48.8,48.5,55.6,0,0,31,0,23.1,95.5,10.3,3,4,0,5,1,1,3.2,153,7.0
11,AJ Hairston,184157,QB,UMASS,1,75.0,20,22,7.2,2.67,0,0,0.0,63.6,14,0,11,6.7,24,1,5,216,27.3,56.3,66.5,36.6,0,0,27,0,9.1,86.4,4.2,1,1,0,2,1,0,0.0,85,3.9
11,Matt Zollers,198887,QB,MISSOURI,1,40.0,20,22,15.3,2.38,0,1,3.8,31.8,7,0,8,12.5,25,1,3,229,67.9,46.2,45.4,57.8,0,0,29,0,25.0,43.2,8.0,2,1,0,2,0,0,0.0,77,3.5
11,Dante Moore,173983,QB,OREGON,1,80.0,20,21,8.2,2.13,1,1,4.5,61.9,13,0,1,18.8,21,3,4,264,28.6,65.6,64.0,61.9,0,1,22,0,0.0,56.1,0.0,0,0,0,0,0,2,9.1,112,5.3
11,Garrett Nussmeier,146757,QB,LSU,1,90.0,20,21,2.9,2.75,0,0,0.0,85.7,18,0,4,0.0,23,0,5,211,68.2,60.4,66.4,53.1,0,0,24,1,25.0,89.9,4.3,1,1,0,1,0,1,4.2,117,5.6
11,Ben Finley,122864,QB,AKRON,1,63.2,19,21,11.3,2.87,0,2,8.7,57.1,12,0,8,0.0,23,0,10,102,60.0,82.0,79.0,68.4,1,0,25,0,0.0,120.5,0.0,0,2,0,1,2,0,0.0,197,9.4
11,Brandon Tennison,174109,QB,UTSA,1,70.0,20,21,5.7,2.27,0,0,0.0,61.9,13,0,5,7.1,25,1,7,331,68.3,61.3,54.4,70.2,0,0,25,0,20.0,91.2,4.0,1,3,0,1,1,0,0.0,109,5.2
11,Samari Collier,144801,QB,COAST CAR,1,83.3,18,20,7.2,2.5,0,1,4.8,65.0,13,0,6,13.3,23,2,6,141,71.3,90.7,80.0,83.8,0,0,24,0,33.3,122.5,8.7,2,1,0,2,3,0,0.0,128,6.4
11,Athan Kaliakmanis,144971,QB,RUTGERS,1,70.0,20,20,16.2,2.68,0,5,23.8,65.0,13,0,6,7.1,21,1,11,278,69.8,90.5,90.5,65.2,0,2,22,0,16.7,104.0,4.8,1,0,0,0,4,1,4.5,229,11.5
11,DJ Lagway,184426,QB,FLORIDA,1,63.2,19,20,9.4,2.21,0,0,0.0,55.0,11,0,2,8.3,22,1,7,163,69.9,54.2,42.8,74.3,0,3,23,0,0.0,42.3,0.0,0,2,1,0,1,2,8.7,83,4.2
11,Ryan Browne,174949,QB,PURDUE,1,55.6,18,19,7.2,3.35,0,0,0.0,52.6,10,0,5,0.0,22,0,5,273,67.7,53.6,48.4,67.0,0,1,25,0,0.0,40.7,0.0,0,3,0,1,0,0,0.0,76,4.0
11,Mark Gronowski,138303,QB,IOWA,1,68.8,16,19,9.3,3.41,0,1,4.8,57.9,11,0,7,0.0,20,0,6,192,72.9,72.9,71.3,64.8,0,0,22,0,14.3,98.8,5.0,1,0,0,3,1,0,0.0,141,7.4
11,Brady Davidson,199832,QB,N ILLINOIS,1,53.8,13,17,9.7,2.93,2,0,0.0,35.3,6,0,9,14.3,19,1,2,254,68.0,27.6,26.7,60.9,0,0,22,1,11.1,44.7,5.3,1,1,0,2,0,4,18.2,54,3.2
11,Tramell Jones Jr.,200122,QB,FLORIDA,1,73.3,15,17,7.4,2.9,0,0,0.0,52.9,9,0,7,18.2,20,2,5,163,67.1,51.9,55.4,51.6,0,0,20,0,14.3,60.9,5.0,1,2,0,2,0,1,5.0,60,3.5
11,Robby Ashford,131702,QB,WAKE,1,43.8,16,16,12.4,2.78,0,1,6.3,43.8,7,0,8,0.0,18,0,5,339,72.5,63.6,52.7,69.0,0,0,18,0,0.0,51.0,0.0,0,2,0,0,0,0,0.0,46,2.9
11,CJ Carr,184093,QB,NOTRE DAME,1,87.5,16,16,13.6,2.28,0,2,11.1,81.3,13,0,2,7.1,16,1,11,258,67.5,85.1,84.6,60.0,0,0,18,0,0.0,158.3,0.0,0,0,0,0,3,0,0.0,218,13.6
11,Roman Gagliano,183961,QB,MIDDLE TN,1,60.0,15,16,12.4,3.26,0,2,12.5,43.8,7,0,10,22.2,20,2,3,224,24.3,50.5,56.5,49.2,1,0,21,0,20.0,82.6,10.0,2,2,0,0,1,2,9.5,89,5.6
11,Hunter Najm,184223,QB,BOWL GREEN,1,78.6,14,16,5.4,2.6,1,0,0.0,68.8,11,0,4,0.0,21,0,9,122,67.4,57.1,56.9,57.4,0,1,22,0,50.0,87.8,9.5,2,3,1,0,1,1,4.5,129,8.1
11,TJ Lateef,199810,QB,NEBRASKA,1,93.3,15,15,4.9,2.76,0,0,0.0,86.7,13,0,3,7.1,17,1,10,238,71.2,75.0,78.6,59.4,0,0,17,0,0.0,158.3,0.0,0,2,0,0,3,0,0.0,205,13.7
11,Chase Jenkins,173242,QB,RICE,1,78.6,14,15,5.1,2.43,0,0,0.0,73.3,11,0,8,0.0,18,0,4,275,29.4,53.2,60.4,50.0,1,0,18,0,12.5,115.3,5.6,1,2,0,0,2,0,0.0,41,2.7
11,Blake Shapen,122282,QB,MISS STATE,1,91.7,12,15,5.8,2.86,1,0,0.0,66.7,10,0,5,9.1,20,1,4,227,27.9,54.6,69.8,42.1,1,0,21,0,40.0,81.5,10.0,2,3,0,1,0,0,0.0,86,5.7
11,Byrum Brown,156206,QB,USF,1,93.3,15,15,12.3,3.16,0,1,6.7,93.3,14,0,6,0.0,17,0,9,327,71.2,93.6,90.3,85.4,0,0,17,0,0.0,158.3,0.0,0,2,0,0,2,0,0.0,239,15.9
11,Evan Bullock,170452,QB,LA TECH,1,78.6,14,15,4.6,2.68,0,0,0.0,73.3,11,1,5,0.0,16,0,5,208,67.6,62.2,61.3,60.0,1,1,18,1,20.0,61.8,6.3,1,0,0,0,0,0,0.0,95,6.3
11,Landyn Locke,199937,QB,SM HOUSTON,1,50.0,10,14,14.8,2.98,2,1,7.1,35.7,5,0,4,0.0,14,0,3,281,67.1,42.2,40.9,60.0,0,1,14,0,0.0,14.6,0.0,0,0,0,2,0,1,7.1,42,3.0
11,Josh Holst,171312,QB,N ILLINOIS,1,50.0,12,13,16.4,2.68,0,0,0.0,38.5,5,0,6,16.7,16,1,4,254,69.5,55.7,50.0,64.0,0,0,17,0,16.7,62.0,6.3,1,2,0,1,0,0,0.0,87,6.7
11,AJ Bianco,158232,QB,NEVADA,1,66.7,9,12,4.6,3.19,0,0,0.0,50.0,6,0,4,0.0,14,0,1,239,67.3,47.5,47.1,56.9,0,0,15,1,25.0,58.7,7.1,1,1,0,3,0,0,0.0,43,3.6
11,Cameran Brown,184894,QB,GA STATE,1,75.0,12,12,11.3,2.54,0,2,16.7,75.0,9,0,5,0.0,14,0,5,175,26.1,74.6,83.5,53.2,0,0,14,0,40.0,132.6,14.3,2,0,0,0,1,0,0.0,116,9.7
11,Austin Simmons,175891,QB,OLE MISS,1,75.0,12,12,12.2,2.73,0,1,8.3,58.3,7,0,2,22.2,14,2,4,226,68.0,86.9,83.3,69.0,0,1,14,0,100.0,50.7,14.3,2,0,0,0,0,0,0.0,100,8.3
11,Carter Smith,199578,QB,WISCONSIN,1,40.0,10,12,8.8,3.13,1,0,0.0,25.0,3,0,7,25.0,15,1,1,349,35.5,44.3,29.7,62.3,0,0,16,0,28.6,39.6,13.3,2,1,0,1,0,1,6.3,8,0.7
11,Michael Van Buren Jr.,184764,QB,LSU,1,72.7,11,11,7.9,3.02,0,1,9.1,45.5,5,0,5,37.5,16,3,4,211,67.3,70.4,75.7,55.7,0,0,16,0,40.0,59.7,12.5,2,3,0,0,0,0,0.0,52,4.7
11,Mabrey Mettauer,183668,QB,SM HOUSTON,1,71.4,7,10,13.4,3.19,1,1,8.3,40.0,4,0,4,20.0,13,1,2,281,66.4,70.4,68.8,62.6,1,0,15,0,25.0,86.7,7.7,1,2,0,1,1,0,0.0,43,4.3
11,Liam Szarka,197814,QB,AIR FORCE,1,66.7,9,10,9.8,2.26,1,0,0.0,50.0,5,0,1,16.7,10,1,3,101,77.1,65.5,60.9,63.6,0,0,11,0,0.0,94.2,0.0,0,0,0,0,1,0,0.0,41,4.1
11,Kamario Taylor,198868,QB,MISS STATE,1,60.0,10,10,13.7,2.7,0,1,9.1,60.0,6,0,5,0.0,13,0,6,227,72.1,80.8,64.8,77.3,0,0,14,0,0.0,88.3,0.0,0,3,0,0,0,0,0.0,87,8.7
11,Braxton Woodson,175276,QB,NAVY,1,62.5,8,8,10.9,3.12,0,1,12.5,37.5,3,0,10,40.0,13,2,3,237,38.0,68.5,56.8,68.5,0,0,13,0,30.0,45.8,23.1,3,2,0,0,0,1,7.7,22,2.8
11,Jacob Conover,70963,QB,UTAH ST,1,50.0,8,8,7.5,2.33,0,0,0.0,50.0,4,0,2,0.0,8,0,2,329,67.4,50.3,44.1,64.0,0,0,9,1,0.0,90.1,0.0,0,0,0,0,0,1,11.1,89,11.1
11,Chubba Purdy,122412,QB,NEVADA,1,57.1,7,7,16.1,3.27,0,0,0.0,42.9,3,0,3,25.0,9,1,3,239,26.5,57.0,46.2,65.7,0,0,10,0,33.3,125.0,11.1,1,1,0,0,2,2,20.0,80,11.4
11,Blake Baker,170448,QB,LA TECH,1,57.1,7,7,9.0,2.46,0,0,0.0,57.1,4,0,2,0.0,8,0,2,208,66.7,47.5,50.7,53.1,0,0,11,0,0.0,74.1,0.0,0,1,0,0,0,0,0.0,41,5.9
11,Deshawn Purdie,184271,QB,WAKE,1,40.0,5,7,20.8,3.6,1,0,0.0,28.6,2,0,2,0.0,7,0,0,339,64.6,58.1,57.7,,1,0,7,0,0.0,39.6,0.0,0,0,0,0,0,0,0.0,18,2.6
11,Arrington Maiden,184715,QB,MEMPHIS,1,66.7,6,6,12.7,3.17,0,1,16.7,66.7,4,0,1,0.0,7,0,3,218,69.7,83.8,86.1,65.5,0,0,7,0,0.0,93.1,0.0,0,1,0,0,0,1,14.3,51,8.5
11,Grant Jordan,151147,QB,UMASS,1,33.3,6,6,13.0,2.0,0,0,0.0,33.3,2,0,3,0.0,6,0,0,216,71.1,56.4,47.8,63.2,0,0,6,0,0.0,42.4,0.0,0,0,0,0,0,0,0.0,7,1.2
11,Landry Lyddy,156581,QB,SO MISS,1,66.7,6,6,15.7,2.6,0,0,0.0,66.7,4,0,1,0.0,7,0,4,296,65.9,63.6,61.5,62.0,0,1,7,0,0.0,109.7,0.0,0,1,0,0,1,1,14.3,128,21.3
11,Chandler Morris,122938,QB,VIRGINIA,1,60.0,5,6,8.0,2.78,0,0,0.0,50.0,3,0,1,0.0,6,0,1,335,65.7,52.7,46.2,63.2,0,0,6,0,0.0,56.9,0.0,0,0,0,1,0,0,0.0,19,3.2
11,Shaker Reisig,199615,QB,BOSTON COL,1,66.7,6,6,15.8,2.56,0,0,0.0,66.7,4,0,1,0.0,8,0,2,121,64.9,46.1,48.7,57.3,0,1,8,0,100.0,54.2,12.5,1,1,0,0,0,1,12.5,52,8.7
11,Darius Curry,191052,QB,COLO STATE,1,80.0,5,6,9.8,2.6,0,0,0.0,66.7,4,0,2,0.0,6,0,1,144,65.7,42.2,41.4,59.7,1,1,6,0,0.0,43.1,0.0,0,0,0,0,0,1,16.7,36,6.0
11,Carter Jones,198923,QB,NEVADA,1,50.0,6,6,5.0,2.37,0,0,0.0,16.7,1,0,2,66.7,7,2,0,239,65.9,37.9,39.0,59.4,0,2,7,0,50.0,0.0,14.3,1,0,0,0,0,1,14.3,-1,-0.2
11,Zach Wilcke,156836,QB,CHARLOTTE,1,20.0,5,5,7.0,3.02,0,0,0.0,20.0,1,0,4,0.0,5,0,0,136,65.5,36.9,29.7,62.7,0,0,5,0,0.0,39.6,0.0,0,0,0,0,0,1,20.0,5,1.0
11,Hunter Simmons,148254,QB,WISCONSIN,1,100.0,3,3,3.3,3.0,0,0,0.0,66.7,2,0,1,33.3,3,1,1,349,63.3,74.1,73.7,,0,0,4,0,0.0,79.9,0.0,0,0,0,0,0,0,0.0,16,5.3
11,Charlie Fiser,158265,QB,SMU,1,100.0,3,3,-4.0,0.9,0,0,0.0,100.0,3,0,0,0.0,3,0,1,287,66.4,71.2,63.9,64.8,0,0,3,0,,102.8,0.0,0,0,0,0,0,0,0.0,26,8.7
11,Cale Hellums,170981,QB,ARMY,1,66.7,3,3,14.0,3.77,0,0,0.0,33.3,1,0,4,50.0,7,1,2,114,80.1,72.3,72.1,66.2,0,0,8,0,25.0,66.0,14.3,1,3,0,0,0,0,0.0,26,8.7
11,Kenny Minchey,171091,QB,NOTRE DAME,1,100.0,3,3,10.0,3.6,0,1,25.0,100.0,3,0,2,0.0,4,0,3,258,66.8,90.2,89.7,65.9,0,0,5,0,0.0,115.3,0.0,0,1,0,0,0,0,0.0,35,11.7
11,Malachi Singleton,172426,QB,PURDUE,1,100.0,3,3,3.3,2.57,0,0,0.0,100.0,3,0,1,0.0,3,0,2,273,66.4,77.1,74.0,63.9,0,0,3,0,0.0,131.3,0.0,0,0,0,0,1,0,0.0,18,6.0
11,Josh Flowers,184255,QB,ARK STATE,1,66.7,3,3,10.0,2.2,0,0,0.0,33.3,1,0,1,50.0,3,1,1,113,69.7,58.1,42.5,66.3,0,1,3,0,0.0,42.4,0.0,0,0,0,0,1,1,33.3,6,2.0
11,Gaston Moore,123756,QB,USF,1,66.7,3,3,12.7,2.15,0,0,0.0,66.7,2,0,2,0.0,4,0,0,327,16.8,44.0,39.5,60.8,0,0,4,0,50.0,70.1,25.0,1,0,0,0,0,1,25.0,-6,-2.0
11,Trey Kukuk,198675,QB,LA TECH,1,100.0,3,3,0.3,2.62,0,0,0.0,100.0,3,1,1,0.0,5,0,4,208,71.1,65.1,61.4,63.0,0,0,5,1,100.0,118.8,20.0,1,1,0,0,0,0,0.0,66,22.0
11,Zach Gibson,100201,QB,FAU,1,100.0,3,3,11.0,2.13,0,0,0.0,66.7,2,0,2,33.3,4,1,2,165,65.2,79.1,78.9,60.0,0,0,5,0,0.0,149.3,0.0,0,0,0,0,1,0,0.0,39,13.0
11,Joseph Filardi,199227,QB,SYRACUSE,1,100.0,3,3,13.7,1.8,0,1,33.3,100.0,3,0,2,0.0,4,0,3,304,63.3,72.6,72.2,,0,0,4,0,50.0,158.3,25.0,1,0,0,0,1,0,0.0,39,13.0
11,Cameron Friel,146195,QB,UNLV,1,0.0,1,2,2.0,3.67,0,0,0.0,0.0,0,0,1,,3,0,1,325,67.7,59.2,50.8,68.0,0,0,3,1,0.0,39.6,0.0,0,1,0,1,0,0,0.0,0,0.0
11,Chaston Ditta,198345,QB,E CAROLINA,1,0.0,1,2,11.0,2.4,1,0,0.0,0.0,0,0,1,,3,0,0,156,67.7,57.1,43.4,66.9,0,0,3,0,100.0,39.6,33.3,1,0,0,0,0,0,0.0,0,0.0
11,Jacob De Jesus,174068,WR,CAL,1,50.0,2,2,22.5,5.0,0,0,0.0,50.0,1,0,1,0.0,3,0,1,130,71.4,80.2,64.3,56.3,0,0,3,0,0.0,95.8,0.0,0,1,0,0,0,0,0.0,27,13.5
11,Jackson Gutierrez,189488,HB,NAVY,1,0.0,2,2,9.0,2.05,0,0,0.0,0.0,0,0,1,,2,0,0,237,71.1,59.2,29.5,69.6,0,0,3,0,0.0,39.6,0.0,0,0,0,0,0,1,33.3,0,0.0
11,Kalieb Osborne,184132,QB,TOLEDO,1,0.0,2,2,8.5,3.87,0,0,0.0,0.0,0,0,1,,3,0,0,316,67.7,47.0,36.5,60.9,0,0,3,0,0.0,39.6,0.0,0,1,0,0,0,0,0.0,0,0.0
11,Danny O'Neil,184200,QB,WISCONSIN,1,0.0,2,2,10.5,3.27,0,0,0.0,0.0,0,0,2,,3,0,0,349,66.4,62.5,50.3,67.5,0,0,3,0,50.0,39.6,33.3,1,0,0,0,0,0,0.0,0,0.0
11,Grayson James,145214,QB,BOSTON COL,1,0.0,2,2,3.5,3.04,0,0,0.0,0.0,0,0,2,,5,0,0,121,18.8,46.3,37.6,60.0,0,0,5,0,100.0,39.6,40.0,2,1,0,0,0,0,0.0,0,0.0
11,Brendan Sullivan,145034,QB,TULANE,1,,0,1,,4.0,0,0,0.0,0.0,0,0,1,,1,0,0,319,60.3,59.1,60.0,,1,0,1,0,0.0,39.6,0.0,0,0,0,0,0,0,0.0,0,0.0
11,Bryan Hansen,163324,K,COLO STATE,1,0.0,1,1,21.0,5.3,0,0,0.0,0.0,0,0,1,,1,0,0,144,,30.5,40.6,,0,0,1,0,0.0,39.6,0.0,0,0,0,0,0,1,100.0,0,0.0
11,Easton Messer,163051,WR,FAU,1,100.0,1,1,6.0,3.4,0,0,0.0,100.0,1,0,0,0.0,1,0,0,165,66.4,68.5,60.9,,0,0,1,0,,95.8,0.0,0,0,0,0,0,0,0.0,7,7.0
11,Nathan Totten,176386,K,MARSHALL,1,100.0,1,1,12.0,2.1,0,0,0.0,100.0,1,0,0,0.0,1,0,1,214,60.3,70.7,75.4,,0,0,1,0,,116.7,0.0,0,0,0,0,0,0,0.0,12,12.0
11,Sam Huard,146463,QB,USC,1,100.0,1,1,9.0,2.3,0,0,0.0,100.0,1,0,0,0.0,1,0,1,326,63.7,72.6,71.5,60.0,0,0,1,0,,108.3,0.0,0,0,0,0,0,0,0.0,10,10.0
11,Bert Emanuel Jr.,158581,QB,S DIEGO ST,1,0.0,1,1,10.0,2.5,0,0,0.0,0.0,0,0,0,,1,0,0,284,15.1,46.1,46.1,56.5,0,0,2,0,,39.6,0.0,0,0,0,0,0,0,0.0,0,0.0
11,Michael Johnson Jr.,97796,QB,AKRON,1,100.0,1,1,17.0,2.7,0,0,0.0,100.0,1,0,0,0.0,1,0,1,102,61.8,74.8,74.2,,0,0,2,0,,118.8,0.0,0,0,0,0,0,0,0.0,23,23.0
11,Xavier Ward,146492,QB,S JOSE ST,1,100.0,1,1,6.0,2.2,0,0,0.0,100.0,1,0,0,0.0,1,0,0,285,9.1,28.2,60.4,46.2,0,0,1,0,,95.8,0.0,0,0,0,0,0,0,0.0,7,7.0
11,Zachary Waters,175574,QB,FIU,1,100.0,1,1,-4.0,0.5,0,0,0.0,100.0,1,0,0,0.0,1,0,0,166,67.5,63.4,61.0,60.8,0,0,1,0,,100.0,0.0,0,0,0,0,0,0,0.0,8,8.0
11,Germie Bernard,158374,WR,ALABAMA,1,100.0,1,1,-5.0,3.9,0,0,0.0,100.0,1,0,0,0.0,1,0,0,103,66.2,66.1,61.0,62.3,0,0,1,0,,112.5,0.0,0,0,0,0,0,0,0.0,11,11.0
11,Ashton Logan,157726,P,MIDDLE TN,1,0.0,1,1,-4.0,1.9,0,0,0.0,0.0,0,0,0,,1,0,0,224,60.3,55.3,54.4,,0,0,1,0,,39.6,0.0,0,0,0,0,0,0,0.0,0,0.0
11,Ryan Puglisi,184571,QB,GEORGIA,1,0.0,1,1,31.0,2.2,0,0,0.0,0.0,0,0,1,,1,0,0,173,65.9,54.6,51.3,60.1,0,0,1,0,0.0,39.6,0.0,0,0,0,0,0,0,0.0,0,0.0
11,Mike Wright Jr.,124366,QB,E CAROLINA,1,,0,1,,6.3,0,0,0.0,0.0,0,0,1,,1,0,0,156,62.4,77.3,60.0,,0,0,1,0,0.0,39.6,0.0,0,0,0,1,0,0,0.0,0,0.0
11,AJ Maddox,184744,QB,OLE MISS,1,100.0,1,1,3.0,1.5,0,0,0.0,100.0,1,0,0,0.0,1,0,1,226,63.7,59.7,60.4,59.3,0,0,1,0,,118.8,0.0,0,0,0,0,0,0,0.0,19,19.0
11,Malachi Toney,200155,WR,MIAMI FL,1,100.0,1,1,-8.0,3.5,0,0,0.0,100.0,1,0,0,0.0,1,0,1,220,73.6,64.0,60.4,67.4,0,0,1,0,,158.3,0.0,0,0,0,0,1,0,0.0,14,14.0
11,Davi Belfort,184926,QB,UCF,1,0.0,1,1,29.0,4.4,0,0,0.0,0.0,0,0,2,,4,0,2,323,15.0,27.0,20.3,66.8,0,1,4,1,50.0,0.0,25.0,1,2,0,0,0,2,50.0,0,0.0
11,Terrence Smith,188214,WR,UCONN,1,0.0,1,1,31.0,3.3,0,0,0.0,0.0,0,0,0,,1,0,0,146,67.5,55.5,49.9,62.2,0,0,1,0,,39.6,0.0,0,0,0,0,0,0,0.0,0,0.0
11,Sean West,189741,K,WISCONSIN,1,100.0,1,1,8.0,2.1,0,0,0.0,100.0,1,0,0,0.0,1,0,1,349,60.3,61.7,62.2,,0,0,1,0,,118.8,0.0,0,0,0,0,0,0,0.0,24,24.0
11,Brayden Roggow,184145,QB,AKRON,1,100.0,1,1,1.0,1.9,0,0,0.0,100.0,1,0,0,0.0,1,0,0,102,60.3,62.1,60.6,,0,0,1,0,,108.3,0.0,0,0,0,0,0,0,0.0,10,10.0
11,Sebastian Brown,129607,WR,KENT STATE,1,0.0,1,1,29.0,3.6,0,0,0.0,0.0,0,0,0,,1,0,0,201,62.4,46.3,37.5,,0,1,1,0,,0.0,0.0,0,0,0,0,0,1,100.0,0,0.0
11,Jake Schakel,191466,QB,E WASHGTON,1,77.2,57,62,10.5,2.66,2,5,7.6,67.7,42,0,26,4.5,72,2,21,161,47.6,81.0,85.3,36.5,1,2,76,0,34.6,85.8,12.5,9,1,0,2,2,2,2.6,445,7.2
11,Taron Dickens,177946,QB,W CAROLINA,1,68.1,47,49,16.0,3.07,1,3,5.8,65.3,32,0,20,0.0,60,0,25,344,72.2,83.8,90.1,52.8,0,1,64,0,20.0,132.9,6.7,4,6,0,1,7,1,1.6,533,10.9
11,Quinn Boyd,191683,QB,STNY BROOK,1,84.4,45,48,7.5,2.51,2,3,6.1,77.1,37,0,13,2.6,57,1,18,303,71.1,79.2,77.0,68.9,0,0,58,0,30.8,120.1,7.0,4,5,0,1,3,1,1.7,380,7.9
11,Kai Colon,167663,QB,PRINCETON,1,67.4,43,48,4.7,3.29,0,1,1.9,60.4,29,0,27,0.0,56,0,15,272,70.6,51.6,45.0,73.1,0,2,61,2,7.4,58.2,3.6,2,6,1,4,0,3,4.9,266,5.5
11,DJ Williams,138061,QB,S ILLINOIS,1,62.5,40,43,11.8,2.77,0,3,6.7,53.5,23,0,15,8.0,45,2,14,295,43.9,70.9,74.4,54.7,1,0,47,0,6.7,104.9,2.2,1,1,0,2,3,1,2.1,361,8.4
11,James Murphy,177426,QB,BROWN,1,68.3,41,43,10.2,2.44,1,2,4.2,60.5,26,0,24,7.1,50,2,12,123,70.0,51.9,52.7,,0,2,55,1,29.2,76.3,14.0,7,0,1,0,1,1,1.8,366,8.5
11,Braden Atkinson,201350,QB,MERCER,1,63.2,38,40,15.6,2.67,0,3,7.0,57.5,23,0,12,4.2,40,1,16,219,70.1,76.1,75.6,60.5,1,0,43,0,0.0,121.1,0.0,0,0,0,1,3,1,2.3,443,11.1
11,Joshua Wood,163421,QB,IDAHO,1,54.1,37,39,12.5,3.5,1,4,10.3,51.3,20,0,15,0.0,48,0,15,185,39.3,64.4,69.4,56.1,0,1,48,1,13.3,83.2,4.2,2,7,0,1,2,2,4.2,299,7.7
11,Walker Harris,150449,QB,NC CENT,1,69.4,36,39,11.5,2.69,0,0,0.0,61.5,24,0,6,4.0,43,1,16,247,70.6,61.5,63.5,52.3,0,1,46,0,33.3,96.6,4.7,2,2,0,3,3,4,8.7,265,6.8
11,Jax Leatherwood,171548,QB,SE MO ST,1,62.2,37,39,12.1,2.35,0,2,4.8,53.8,21,0,16,8.7,50,2,12,293,69.8,70.2,69.0,62.4,0,0,53,0,62.5,105.1,20.0,10,1,0,2,3,0,0.0,304,7.8
11,Jerry Kaminski,177155,QB,N DAKOTA,1,70.6,34,38,5.7,2.43,1,0,0.0,55.3,21,0,17,12.5,43,3,9,249,73.5,59.4,53.8,65.5,1,3,46,0,17.6,33.9,7.0,3,2,0,2,0,2,4.3,170,4.5
11,Chase Goodwin,171117,QB,COLUMBIA,1,54.1,37,38,11.8,2.63,0,2,4.8,52.6,20,0,9,0.0,43,0,12,145,70.7,62.2,60.7,62.8,0,2,47,0,33.3,64.0,7.0,3,2,0,1,2,3,6.4,205,5.4
11,Christian Peters,154331,QB,ARKAPB,1,83.8,37,38,8.9,2.62,0,4,10.0,71.1,27,0,6,12.9,47,4,17,112,71.1,90.0,90.9,61.2,0,0,49,0,50.0,124.5,6.4,3,6,1,0,3,0,0.0,336,8.8
11,Tyler Hughes,159218,QB,WM & MARY,1,77.1,35,37,6.5,2.71,0,1,2.3,67.6,25,0,16,7.4,45,2,12,348,74.1,82.3,77.9,72.0,0,0,52,0,12.5,99.2,4.4,2,6,0,2,1,0,0.0,282,7.6
11,Eric Handley,185928,QB,ALAB A&M,1,60.6,33,37,6.8,2.7,1,0,0.0,48.6,18,0,7,10.0,40,2,5,104,69.7,46.5,46.9,54.3,0,0,43,0,14.3,55.1,2.5,1,2,0,3,0,0,0.0,101,2.7
11,Jake Stearney,171991,QB,COLGATE,1,69.4,36,37,6.1,2.09,0,0,0.0,59.5,22,0,5,12.0,40,3,13,142,70.4,50.6,48.5,62.4,1,2,41,0,40.0,80.3,5.0,2,1,0,0,3,2,4.9,215,5.8
11,KJ Cooper,197019,QB,TEXAS STHN,1,81.3,32,36,4.0,2.62,1,0,0.0,69.4,25,0,13,3.8,43,1,15,313,37.3,64.5,59.2,67.7,0,0,44,0,15.4,103.9,4.7,2,5,1,2,2,1,2.3,220,6.1
11,Dominic Campanile,201034,QB,HOLY CROSS,1,75.9,29,35,6.6,2.89,3,2,5.3,54.3,19,0,16,13.6,42,3,8,181,70.2,79.7,81.7,62.2,0,0,45,1,25.0,70.5,9.5,4,3,0,3,0,0,0.0,195,5.6
11,Jordan Cooke,175116,QB,IDAHO ST,1,86.2,29,35,9.0,2.45,0,2,5.4,71.4,25,0,8,0.0,35,0,15,186,72.4,84.8,83.3,68.1,0,0,37,0,0.0,102.9,0.0,0,0,0,6,1,0,0.0,267,7.6
11,Tommy Rittenhouse,148028,QB,ILL STATE,1,85.7,35,35,7.2,2.67,0,0,0.0,85.7,30,0,6,0.0,37,0,18,188,70.3,86.0,86.6,60.7,0,0,40,0,16.7,142.5,2.7,1,1,0,0,4,0,0.0,317,9.1
11,Beau Brungard,164897,QB,YNGTOWN ST,1,77.1,35,35,12.0,3.05,0,2,5.6,74.3,26,0,16,3.7,43,1,18,353,72.9,80.0,81.7,65.8,0,0,44,1,6.3,143.2,2.3,1,7,0,0,4,1,2.3,345,9.9
11,Austin Myers,164221,QB,CENT ARK,1,63.3,30,34,9.4,2.36,0,1,2.8,55.9,19,0,9,0.0,35,0,10,132,68.8,56.0,53.6,63.6,2,0,37,0,0.0,104.2,0.0,0,1,0,2,3,0,0.0,213,6.3
11,Brandon Nunez,183978,QB,MS VLY ST,1,53.1,32,34,7.5,2.42,0,1,2.9,44.1,15,0,8,11.8,35,2,7,228,26.0,41.9,43.3,51.4,0,1,35,0,12.5,42.0,2.9,1,0,0,2,0,3,8.6,126,3.7
11,Cason Carswell,206621,QB,W ILLINOIS,1,60.6,33,34,11.2,2.92,1,3,8.1,50.0,17,0,12,15.0,38,3,9,345,70.0,74.6,74.6,61.3,0,0,41,1,16.7,84.8,5.3,2,2,0,0,2,0,0.0,175,5.1
11,Nick Whitfield Jr.,159490,QB,ST FRANCIS,1,63.6,33,34,10.6,2.67,1,0,0.0,61.8,21,0,6,0.0,38,0,12,299,22.3,49.3,55.4,46.0,0,0,42,1,0.0,76.5,0.0,0,4,0,0,0,2,4.8,187,5.5
11,Davin Wydner,163672,QB,W GEORGIA,1,86.7,30,34,6.8,2.8,1,3,8.6,73.5,25,0,15,3.8,42,1,14,1177,24.4,77.4,79.7,60.7,2,0,44,0,20.0,117.2,7.1,3,4,1,0,2,2,4.5,279,8.2
11,Ashton Strother,208047,QB,SOUTHERN U,1,63.3,30,34,10.9,2.46,1,0,0.0,47.1,16,0,10,15.8,38,3,6,297,69.8,48.7,51.6,49.3,0,0,38,0,10.0,62.3,2.6,1,3,1,2,0,1,2.6,171,5.0
11,Ean Rodrigue,178002,QB,NICHOLLS,1,62.5,32,33,7.4,2.93,0,1,2.9,57.6,19,0,16,5.0,37,1,8,243,25.2,65.4,70.0,54.2,0,0,38,0,12.5,84.4,5.4,2,2,1,0,1,0,0.0,192,5.8
11,Bronson Barben,188632,QB,UTAHTC,1,75.9,29,33,6.8,2.37,1,0,0.0,54.5,18,0,8,18.2,35,4,5,1285,70.5,46.2,39.7,70.4,1,4,35,0,25.0,25.5,5.7,2,0,0,2,0,3,8.6,139,4.2
11,J.T. Fayard,172783,QB,WOFFORD,1,75.0,32,33,9.3,2.33,1,2,5.7,66.7,22,0,4,8.3,35,2,12,350,30.4,84.7,85.6,59.1,0,0,37,0,25.0,143.3,2.9,1,1,0,0,5,1,2.7,365,11.1
11,Jack Shields,156830,QB,ALBANY,1,75.9,29,32,7.4,2.39,2,2,6.1,68.8,22,0,15,0.0,35,0,11,106,69.6,80.7,82.8,55.9,0,0,36,1,13.3,110.8,5.7,2,1,0,1,2,0,0.0,235,7.3
11,Chris Parson,172551,QB,AUSTINPEAY,1,81.3,32,32,9.4,2.97,0,2,6.3,71.9,23,0,9,11.5,40,3,12,116,44.2,85.6,85.6,68.0,0,0,40,1,22.2,122.0,5.0,2,6,0,0,2,1,2.5,301,9.4
11,Adam Urena,186682,QB,MERCYHURST,1,71.0,31,32,11.6,2.34,0,0,0.0,68.8,22,0,6,0.0,34,0,11,977,68.6,60.9,60.2,,0,0,36,0,33.3,96.5,5.9,2,0,0,1,1,1,2.8,205,6.4
11,Tyler Riddell,102355,QB,DUQUESNE,1,51.7,29,32,9.1,3.0,1,0,0.0,40.6,13,0,12,13.3,38,2,8,155,70.0,44.1,43.0,55.5,0,2,41,0,16.7,35.8,5.3,2,4,0,2,1,1,2.4,119,3.7
11,Carter Cravens,150714,QB,MOREHEAD,1,76.7,30,32,10.9,2.6,1,1,2.9,71.9,23,0,8,0.0,35,0,14,234,31.1,79.3,77.0,65.4,0,0,38,1,25.0,121.6,5.7,2,1,0,1,2,1,2.6,298,9.3
11,Cole Pennington,156787,QB,GARD-WEBB,1,57.1,28,32,11.8,3.29,3,1,2.9,46.9,15,0,15,6.3,41,1,12,171,22.8,57.8,66.9,42.8,0,0,44,0,13.3,87.9,4.9,2,7,0,1,1,1,2.3,279,8.7
11,Cole LaCrue,170324,QB,E ILLINOIS,1,53.6,28,31,11.6,2.53,2,1,3.2,48.4,15,0,16,0.0,39,0,13,158,23.5,51.5,54.5,55.1,0,1,40,1,18.8,63.1,7.7,3,5,0,1,1,1,2.5,174,5.6
11,Garrett Bass-Sulpizio,171137,QB,CORNELL,1,86.2,29,31,6.2,2.12,1,2,5.9,77.4,24,0,5,4.0,33,1,14,147,72.1,76.3,75.8,64.5,0,0,36,0,0.0,113.0,0.0,0,2,0,1,1,0,0.0,265,8.5
11,Nate Glantz,157587,QB,LNDNWD,1,66.7,30,31,12.1,2.89,0,2,6.3,64.5,20,0,5,0.0,32,0,11,949,69.9,64.5,61.2,66.6,0,2,33,0,20.0,79.5,3.1,1,0,0,1,2,2,6.1,216,7.0
11,Gunnar Smith,162611,QB,FORDHAM,1,57.1,28,30,16.9,3.05,0,1,2.9,46.7,14,0,10,12.5,42,2,12,168,24.0,64.3,71.5,48.3,1,1,46,0,50.0,72.9,11.9,5,7,0,1,2,0,0.0,170,5.7
11,Jacolby Criswell,122830,QB,E TENN ST,1,72.4,29,30,10.8,2.69,0,3,9.4,63.3,19,0,9,9.5,35,2,16,157,69.3,87.7,84.4,73.4,0,0,37,0,22.2,113.3,5.7,2,3,0,1,2,0,0.0,261,8.7
11,Keali'i Ah Yat,178141,QB,MONTANA,1,88.5,26,30,10.2,2.89,1,3,10.0,73.3,22,0,6,4.3,32,1,11,232,68.4,91.0,91.1,60.6,1,0,32,0,0.0,121.0,0.0,0,2,0,2,2,0,0.0,256,8.5
11,Frankie Weaver,191675,QB,MONMOUTH,1,73.3,30,30,9.6,2.79,0,2,6.7,66.7,20,0,9,9.1,35,2,10,231,28.6,64.0,63.1,,0,0,35,0,55.6,112.5,14.3,5,0,0,0,2,2,5.7,235,7.8
11,Devin Farrell,157658,QB,RHODE ISLD,1,86.2,29,30,5.2,3.09,0,3,10.0,80.0,24,0,11,4.0,36,1,12,274,70.1,86.1,88.4,58.8,0,0,36,0,45.5,131.7,13.9,5,1,0,1,2,0,0.0,308,10.3
11,Andrew Indorf,201895,QB,TOWSON,1,60.7,28,30,13.2,3.38,1,0,0.0,46.7,14,0,16,17.6,38,3,9,317,70.1,61.2,56.3,67.3,0,0,43,0,6.3,62.6,2.6,1,7,0,1,0,1,2.3,156,5.2
11,Brady Olson,147415,QB,CENT CT ST,1,75.0,28,30,12.6,2.34,0,0,0.0,66.7,20,0,6,4.8,31,1,18,133,32.0,78.9,77.7,66.2,0,0,31,0,0.0,116.5,0.0,0,1,0,2,2,1,3.2,264,8.8
11,Caden Pinnick,185116,QB,UC DAVIS,1,75.0,28,29,9.1,2.83,0,0,0.0,72.4,21,0,14,0.0,35,0,14,322,71.7,56.6,46.9,73.5,0,2,35,0,28.6,103.8,11.4,4,2,1,0,3,4,11.4,248,8.6
11,Stone Earle,123504,QB,ABILENE CH,1,62.1,29,29,5.4,2.73,0,0,0.0,58.6,17,0,7,5.6,33,1,7,100,69.5,64.5,63.6,60.9,0,0,34,0,14.3,73.3,3.0,1,3,0,0,0,0,0.0,156,5.4
11,Rowan Keefe,165386,QB,VALPO,1,62.1,29,29,9.3,2.57,0,3,9.7,62.1,18,0,12,0.0,34,0,11,332,69.7,62.5,66.2,52.4,0,3,36,0,8.3,81.8,2.9,1,4,0,0,3,2,5.6,230,7.9
11,Dean DeNobile,159740,QB,LAFAYETTE,1,85.2,27,29,9.2,2.05,1,2,6.5,62.1,18,0,3,21.7,29,5,11,203,68.8,88.3,87.0,63.2,0,1,31,0,0.0,108.6,0.0,0,0,0,1,4,0,0.0,206,7.1
11,Dom Nankil,182292,QB,SAN DIEGO,1,82.8,29,29,6.2,2.43,0,1,3.3,72.4,21,0,2,12.5,32,3,14,283,69.0,75.2,74.7,61.9,0,0,33,0,50.0,105.4,3.1,1,2,0,0,1,1,3.0,219,7.6
11,Ty Dieffenbach,170114,QB,CAL POLY,1,64.3,28,29,8.5,2.73,0,0,0.0,62.1,18,0,7,0.0,39,0,14,129,72.5,59.0,45.2,71.4,1,1,40,0,14.3,75.6,2.6,1,9,0,0,1,2,5.0,172,5.9
11,Eddie Lee Marburger,145511,QB,TXRG,1,78.6,28,29,10.0,2.57,0,4,13.8,65.5,19,0,10,13.6,33,3,13,1445,69.5,85.2,81.3,71.4,0,1,33,1,10.0,98.2,3.0,1,2,0,1,2,1,3.0,229,7.9
11,Trey Hedden,185848,QB,FURMAN,1,74.1,27,28,10.3,2.28,0,3,10.3,67.9,19,0,4,5.0,30,1,10,170,68.3,85.5,84.7,,1,2,31,0,50.0,96.1,6.7,2,0,0,0,2,1,3.2,292,10.4
11,Dante Reno,184498,QB,YALE,1,74.1,27,28,9.6,2.7,0,1,3.4,71.4,20,0,15,0.0,32,0,10,352,70.4,65.5,69.7,51.4,0,0,33,0,6.7,116.4,3.1,1,3,0,1,2,1,3.0,208,7.4
11,Jack O'Connell,165100,QB,STHLSK,1,63.0,27,28,7.7,2.86,1,0,0.0,57.1,16,0,15,5.9,39,1,10,1470,69.0,59.3,59.7,54.8,0,0,40,0,33.3,85.4,12.8,5,6,0,0,1,0,0.0,160,5.7
11,EJ Colson,190335,QB,INCAR WORD,1,78.6,28,28,8.4,2.42,0,1,3.4,78.6,22,0,5,0.0,29,0,14,189,69.8,83.5,84.7,58.9,0,0,30,0,20.0,129.6,3.4,1,0,0,0,2,0,0.0,263,9.4
11,Eric Gibson Jr.,168461,QB,N COLORADO,1,74.1,27,27,5.7,2.0,0,2,6.9,59.3,16,0,1,20.0,28,4,6,253,68.8,66.2,68.4,53.7,0,0,30,0,0.0,72.8,0.0,0,1,0,0,0,1,3.3,138,5.1
11,Jaylon Tolbert,154757,QB,ALCORN ST,1,69.2,26,27,8.2,2.29,0,2,6.9,66.7,18,0,9,0.0,29,0,9,107,72.3,56.0,53.4,60.5,1,2,32,1,11.1,87.1,3.4,1,1,0,0,3,2,6.3,151,5.6
11,Jared Lockhart,201210,QB,JACKSON ST,1,84.6,26,27,6.5,2.29,1,0,0.0,77.8,21,0,4,4.5,30,1,13,194,43.6,57.9,61.5,52.1,0,0,30,0,25.0,128.5,3.3,1,2,0,0,2,0,0.0,241,8.9
11,Timmy McClain,144488,QB,BETH COOK,1,91.7,24,26,6.5,2.7,0,1,3.7,80.8,21,0,10,4.5,29,1,13,119,70.2,89.7,90.9,58.5,0,0,30,1,20.0,122.8,6.9,2,1,0,2,1,0,0.0,270,10.4
11,Bronson Barron,141710,QB,SO UTAH,1,76.9,26,26,11.8,3.02,0,1,3.8,73.1,19,0,9,5.0,30,1,13,298,71.1,79.8,82.6,61.4,0,0,30,1,33.3,107.9,10.0,3,1,0,0,0,0,0.0,280,10.8
11,Brady Stober,203110,QB,SAMFORD,1,50.0,24,26,7.5,2.71,1,0,0.0,46.2,12,0,10,0.0,32,0,5,282,13.5,32.6,34.5,48.4,0,0,34,0,50.0,76.0,15.6,5,1,0,1,1,3,8.8,141,5.4
11,RJ Johnson,171379,QB,FL A&M,1,69.2,26,26,9.0,2.66,0,1,3.6,69.2,18,0,6,0.0,29,0,11,164,68.9,72.5,72.6,59.7,0,1,32,0,16.7,107.1,3.4,1,2,0,0,2,1,3.1,235,9.0
11,AJ Duffy,156292,QB,NEWHVN,1,68.2,22,26,12.9,3.06,0,3,10.3,57.7,15,0,7,0.0,32,0,9,1013,71.7,79.4,78.9,67.1,0,0,35,0,0.0,138.5,0.0,0,6,0,4,3,0,0.0,311,12.0
11,Matt Vezza,176960,QB,NEW HAMP,1,69.6,23,26,12.2,3.3,1,2,7.4,61.5,16,0,9,0.0,33,0,11,240,72.1,66.4,51.3,75.9,0,0,36,1,0.0,106.7,0.0,0,7,0,2,2,2,5.6,173,6.7
11,Dez Thomas II,177368,QB,GEORGETOWN,1,78.3,23,26,11.3,3.37,0,1,3.4,65.4,17,0,19,5.6,35,1,10,172,16.9,40.4,52.9,32.4,1,0,38,2,31.6,98.2,17.1,6,3,0,2,1,2,5.3,180,6.9
11,Keegan Patterson,158465,QB,INDIANA ST,1,70.8,24,26,7.9,3.11,2,1,3.8,61.5,16,0,11,5.9,33,1,9,191,34.9,57.3,58.9,56.3,0,2,34,0,18.2,79.3,6.1,2,5,0,0,2,2,5.9,202,7.8
11,Otto Kuhns,138014,QB,NORFOLK,1,78.3,23,25,7.8,2.75,1,1,3.8,68.0,17,0,11,5.6,32,1,10,244,28.9,49.0,41.5,72.7,1,1,34,1,27.3,87.9,9.4,3,3,0,0,1,2,5.9,195,7.8
11,Kaiden Bennett,147778,QB,DELWARE ST,1,73.9,23,25,6.8,2.84,0,1,4.0,64.0,16,0,8,5.9,30,1,8,152,70.7,59.1,58.2,59.2,0,2,30,1,25.0,50.3,6.7,2,2,1,1,0,2,6.7,169,6.8
11,Jaden Craig,159342,QB,HARVARD,1,70.8,24,25,10.3,2.75,0,1,3.7,64.0,16,0,5,5.9,28,1,10,179,68.8,70.8,66.0,70.7,0,0,30,0,20.0,117.6,3.6,1,2,1,0,2,0,0.0,213,8.5
11,Zach Tanner,159923,QB,ROB MORRIS,1,52.2,23,24,17.0,2.7,0,3,12.0,50.0,12,0,5,0.0,28,0,10,277,37.4,64.7,71.7,40.7,0,0,29,0,20.0,103.6,3.6,1,3,1,0,2,1,3.4,185,7.7
11,Kevin White,178287,QB,NC A&T,1,65.2,23,24,10.3,3.33,0,2,8.3,62.5,15,0,12,0.0,32,0,10,246,69.9,58.2,54.0,67.9,0,2,32,1,25.0,64.8,9.4,3,5,0,1,1,3,9.4,181,7.5
11,Raymond Moore III,201451,QB,MORGAN ST,1,59.1,22,24,11.3,3.44,1,0,0.0,41.7,10,0,18,23.1,41,3,8,235,34.7,63.6,52.2,72.5,0,0,42,0,27.8,56.3,12.2,5,11,0,1,0,1,2.4,112,4.7
11,Jaden Keefner,174907,QB,BRYANT,1,77.3,22,24,9.8,2.43,0,2,8.3,58.3,14,0,10,17.6,26,3,8,124,68.3,81.0,83.3,55.5,1,0,26,0,10.0,103.5,3.8,1,1,1,0,1,0,0.0,224,9.3
11,Ty Englehart,162239,QB,PRESBYTERN,1,52.6,19,24,6.5,2.54,3,0,0.0,41.7,10,0,7,0.0,29,0,5,271,32.0,44.5,45.6,54.7,1,2,29,2,0.0,15.3,0.0,0,5,0,1,0,1,3.4,76,3.2
11,Jack Henry,192029,QB,S DAK ST,1,56.5,23,24,13.2,2.64,1,1,4.0,54.2,13,0,7,0.0,27,0,6,292,71.0,64.5,67.9,55.2,0,1,28,0,14.3,67.4,3.7,1,2,0,0,1,1,3.6,136,5.7
11,Carter Peevy,129563,QB,MAINE,1,77.3,22,24,7.2,2.82,1,0,0.0,70.8,17,0,5,0.0,27,0,13,212,70.2,79.6,75.6,71.4,1,0,29,0,20.0,121.7,3.7,1,2,0,0,4,2,6.9,121,5.0
11,William Atkins IV,148354,QB,SCAR STATE,1,69.6,23,24,12.8,2.98,0,2,8.3,62.5,15,0,7,6.3,29,1,9,290,70.2,72.2,78.1,50.8,0,1,29,0,42.9,109.4,10.3,3,2,0,1,2,1,3.4,258,10.8
11,Kekoa Visperas,147588,QB,TENN TECH,1,90.5,21,23,8.5,2.84,1,1,4.2,73.9,17,0,8,10.5,29,2,9,309,71.1,69.8,73.4,57.9,0,1,30,0,12.5,87.4,3.4,1,5,0,1,1,1,3.3,151,6.6
11,Pat McQuaide,145792,QB,VILLANOVA,1,68.4,19,23,12.6,2.57,0,2,7.7,47.8,11,0,8,15.4,25,2,6,334,69.7,72.6,75.2,53.9,0,0,28,0,12.5,63.7,4.0,1,1,0,4,0,1,3.6,120,5.2
11,Byron McNair,128017,QB,TENN STATE,1,70.0,20,23,6.4,2.7,0,1,4.3,56.5,13,0,8,7.1,27,1,3,308,67.8,53.1,52.7,,1,0,27,0,37.5,63.0,11.1,3,0,0,2,0,0,0.0,76,3.3
11,Logan Inagawa,206029,QB,DRAKE,1,66.7,21,23,8.1,3.67,1,2,8.3,60.9,14,0,16,0.0,30,0,8,153,71.2,54.1,49.6,62.7,0,1,31,1,25.0,62.6,13.3,4,3,0,1,0,2,6.5,154,6.7
11,Chris Dietrich,190659,QB,BUCKNELL,1,82.6,23,23,7.0,3.04,0,2,8.3,78.3,18,0,6,5.3,29,1,10,125,68.3,73.2,77.2,56.5,0,0,31,0,50.0,136.7,10.3,3,3,0,0,3,1,3.2,168,7.3
11,Ty Pennington,185022,QB,N ARIZONA,1,90.9,22,22,5.7,2.39,0,2,8.7,86.4,19,0,2,5.0,24,1,11,252,68.3,91.7,92.2,57.7,0,0,25,0,50.0,133.0,4.2,1,0,0,0,1,0,0.0,270,12.3
11,Liam O'Brien,164675,QB,PENN,1,72.7,22,22,9.4,3.03,0,1,4.3,68.2,15,0,7,6.3,27,1,5,267,38.0,79.6,71.2,74.0,0,0,28,0,14.3,80.1,3.7,1,4,0,0,0,1,3.6,112,5.1
11,Tyriq Starks,156514,QB,HOWARD,1,42.9,21,22,14.2,3.24,0,1,4.3,31.8,7,0,13,22.2,29,2,6,184,30.7,56.0,44.3,75.6,0,1,30,0,30.8,28.0,13.8,4,3,0,1,0,3,10.0,97,4.4
11,Battle Alberson,192097,QB,CHATTNOOGA,1,72.7,22,22,10.5,2.67,0,3,13.0,68.2,15,0,9,6.3,27,1,16,137,69.7,91.3,87.4,80.2,0,0,28,0,0.0,150.6,0.0,0,5,0,0,4,0,0.0,277,12.6
11,Kamden Sixkiller,133096,QB,CAMPBELL,1,80.0,20,22,4.3,2.68,0,0,0.0,68.2,15,0,5,6.3,30,1,10,131,69.8,75.4,66.2,74.0,0,0,31,0,20.0,84.7,3.3,1,7,0,2,0,0,0.0,136,6.2
11,Cameron Peters,123326,QB,PRVIEW A&M,1,86.4,22,22,13.3,2.98,0,1,4.5,77.3,17,0,6,10.5,24,2,14,270,70.4,88.1,91.4,56.3,0,0,24,0,0.0,158.1,0.0,0,2,0,0,5,0,0.0,394,17.9
11,Aidan Bouman,122508,QB,S DAKOTA,1,75.0,20,21,9.1,2.43,0,2,9.1,66.7,14,0,5,6.7,23,1,6,291,69.9,69.8,68.6,61.3,0,0,24,0,40.0,104.9,8.7,2,0,0,1,1,1,4.2,158,7.5
11,Andy Peters,128138,QB,STTHOM,1,70.0,20,21,9.3,2.96,0,0,0.0,61.9,13,0,7,7.1,24,1,6,1129,73.6,72.5,59.4,76.5,0,0,25,0,28.6,77.7,8.3,2,1,0,1,0,1,4.0,121,5.8
11,Ron Peace,186224,QB,TXAMCO,1,52.6,19,20,12.7,2.73,0,1,4.8,45.0,9,0,5,10.0,21,1,4,1139,69.3,52.4,52.9,57.0,0,2,22,0,0.0,19.6,0.0,0,1,0,1,0,1,4.5,94,4.7
11,Reilly Garcia,201069,QB,HOUCHR,1,70.6,17,20,7.7,2.97,0,2,9.5,60.0,12,0,20,0.0,30,0,6,183,70.8,56.6,57.8,57.1,0,2,32,0,40.0,40.0,26.7,8,2,1,2,0,1,3.1,132,6.6
11,Ayden Pereira,159129,QB,MERRIMACK,1,61.1,18,20,13.1,3.49,0,1,4.5,50.0,10,0,11,9.1,27,1,8,385,72.6,54.9,53.8,58.9,2,1,29,0,45.5,75.4,18.5,5,2,0,0,1,1,3.4,172,8.6
11,Kael Alexander,189294,QB,STETSON,1,38.9,18,20,13.3,3.16,0,1,4.5,35.0,7,0,3,0.0,23,0,3,302,67.7,28.5,29.4,50.0,0,1,25,1,33.3,39.6,4.3,1,2,0,2,1,3,12.0,59,3.0
11,Chandler Wilson,177935,QB,VA MILT IN,1,77.8,18,20,3.8,2.45,0,0,0.0,70.0,14,0,6,0.0,24,0,7,336,27.9,39.8,47.4,42.4,0,1,24,0,50.0,86.0,12.5,3,1,0,2,1,1,4.2,143,7.2
11,Kyle Wickersham,148418,QB,RICHMOND,1,73.7,19,19,7.9,2.47,0,2,9.5,63.2,12,0,5,14.3,19,2,2,276,26.6,68.9,64.4,64.6,0,0,21,0,0.0,76.6,0.0,0,0,0,0,0,2,9.5,100,5.3
11,Reagan Andrew,161309,QB,BUTLER,1,68.4,19,19,9.4,2.1,0,0,0.0,68.4,13,0,3,0.0,21,0,4,127,23.3,54.7,46.3,64.4,0,2,23,0,66.7,42.1,9.5,2,0,0,0,0,2,8.7,103,5.4
11,Abram Johnston,192360,QB,NWSTATE,1,72.2,18,19,6.2,2.82,0,0,0.0,63.2,12,0,11,7.7,28,1,3,257,32.0,43.1,40.4,56.5,0,0,28,0,45.5,82.1,17.9,5,3,0,1,0,2,7.1,125,6.6
11,Landen Clark,188534,QB,ELON,1,81.3,16,19,7.0,3.27,0,1,4.5,63.2,12,0,13,7.7,27,1,4,162,69.8,67.3,65.7,63.2,0,0,30,0,23.1,95.1,11.1,3,5,1,2,1,0,0.0,104,5.5
11,Hayden Benoit,209683,QB,GRAMBLING,1,63.2,19,19,15.3,2.55,0,2,10.0,63.2,12,0,4,0.0,23,0,8,177,27.3,54.2,54.6,54.6,0,1,24,0,25.0,120.6,4.3,1,2,0,0,4,1,4.2,220,11.6
11,Dijon Jennings,156891,QB,WEBER ST,1,75.0,16,18,6.4,2.38,0,0,0.0,66.7,12,0,3,0.0,18,0,2,342,68.3,51.5,54.5,51.6,0,1,18,0,0.0,72.7,0.0,0,0,0,2,1,1,5.6,85,4.7
11,Hayden Johnson,185698,QB,LEHIGH,1,66.7,18,18,14.7,2.51,0,6,33.3,44.4,8,0,4,33.3,21,4,6,205,68.6,89.9,90.0,68.2,0,2,21,1,75.0,79.4,14.3,3,0,0,0,3,3,14.3,174,9.7
11,Jake Strong,173651,QB,MCNEESE,1,68.8,16,18,13.5,3.01,0,2,11.1,55.6,10,0,9,9.1,25,1,10,217,21.3,63.7,69.8,55.4,1,1,25,0,22.2,83.3,8.0,2,5,0,1,1,1,4.0,171,9.5
11,Coulter Cleland,165212,QB,DAVIDSON,1,56.3,16,17,9.6,3.29,0,1,5.9,52.9,9,0,13,0.0,24,0,8,149,70.5,47.4,49.0,52.9,0,0,25,0,15.4,109.2,8.3,2,5,0,1,2,0,0.0,97,5.7
11,Justin Lamson,144052,QB,MONTANA ST,1,75.0,16,16,7.1,2.91,0,0,0.0,75.0,12,0,6,0.0,23,0,11,233,69.0,75.3,68.5,65.6,0,0,23,0,33.3,134.6,8.7,2,5,0,0,2,0,0.0,117,7.3
11,Eric Rodriguez,160057,QB,TXAMCO,1,75.0,16,16,9.1,2.7,0,2,10.5,68.8,11,0,6,8.3,22,1,9,1139,27.0,58.5,53.8,65.6,0,1,26,0,50.0,90.6,13.6,3,3,0,0,1,2,7.7,140,8.8
11,Gavin Rutherford,178188,QB,STF AUSTIN,1,75.0,16,16,14.1,3.05,0,2,11.8,68.8,11,0,5,8.3,19,1,10,301,25.9,83.7,86.2,63.8,0,0,21,0,0.0,133.3,0.0,0,3,0,0,3,1,4.8,132,8.3
11,Myles Burkett,158691,QB,E KENTUCKY,1,64.3,14,16,6.7,3.77,0,0,0.0,56.3,9,0,9,0.0,22,0,6,159,70.3,68.8,66.6,65.4,0,1,22,0,22.2,73.7,9.1,2,4,0,2,1,0,0.0,115,7.2
11,Jonathan Palmer,201866,QB,TENN STATE,1,84.6,13,15,7.7,2.27,1,2,13.3,73.3,11,0,3,0.0,15,0,3,308,66.4,84.8,84.0,,0,0,15,0,0.0,87.9,0.0,0,0,0,1,0,0,0.0,89,5.9
11,Cole Payton,148154,QB,N DAK ST,1,53.3,15,15,13.3,3.88,0,3,18.8,53.3,8,0,13,0.0,24,0,7,250,72.2,75.8,71.2,68.7,0,1,25,1,15.4,53.5,8.3,2,7,0,0,0,1,4.0,125,8.3
11,Sonny Mannino,166694,QB,MARIST,1,66.7,15,15,13.6,3.49,0,0,0.0,53.3,8,0,5,20.0,22,2,8,213,69.3,80.1,80.6,65.1,0,0,22,0,20.0,138.1,4.5,1,6,0,0,2,0,0.0,187,12.5
11,Grayson Saunier,171185,QB,DARTMOUTH,1,92.9,14,15,4.9,2.85,1,1,6.3,80.0,12,0,7,7.7,19,1,7,148,69.7,81.3,80.7,65.1,0,0,20,0,14.3,131.1,5.3,1,3,0,0,1,0,0.0,152,10.1
11,Ethan Greenwood,161869,QB,LIUSHAR,1,66.7,15,15,6.3,2.3,0,1,6.7,60.0,9,0,4,10.0,17,1,9,1298,75.0,70.2,75.4,60.9,0,0,17,0,0.0,125.6,0.0,0,2,0,0,2,0,0.0,122,8.1
11,Jase Bauer,145714,QB,TENN MARTN,1,66.7,12,14,4.8,2.51,0,0,0.0,57.1,8,0,6,0.0,18,0,4,310,73.3,75.4,54.6,82.6,0,0,18,1,50.0,63.7,16.7,3,1,0,2,0,1,5.6,47,3.4
11,Marco Lainez,170155,QB,ELON,1,70.0,10,13,12.3,2.91,0,1,7.7,46.2,6,0,7,14.3,14,1,2,162,66.2,66.8,66.2,,1,0,14,0,14.3,72.9,7.1,1,0,0,2,0,0,0.0,101,7.8
11,John-Keawe Sagapolutele,175709,QB,PORTLAND,1,58.3,12,13,11.1,2.41,0,1,7.7,38.5,5,0,5,28.6,14,2,3,269,67.1,43.6,43.9,57.9,1,2,14,0,20.0,17.6,7.1,1,0,0,0,0,2,14.3,72,5.5
11,Te'Sean Smoot,163976,QB,ALABAMA ST,1,83.3,12,13,13.7,2.61,1,2,14.3,69.2,9,0,1,10.0,14,1,7,105,68.1,86.0,88.8,57.4,0,0,15,0,0.0,137.5,0.0,0,0,0,0,1,0,0.0,215,16.5
11,Quincy Crittendon,149944,QB,SAMFORD,1,83.3,12,12,1.2,2.33,0,0,0.0,75.0,9,0,3,10.0,14,1,4,282,69.4,74.6,70.6,69.1,0,0,14,0,33.3,132.3,7.1,1,1,0,0,1,0,0.0,115,9.6
11,Kaleb Bailey,202276,QB,MURRAY ST,1,45.5,11,12,15.5,3.37,0,1,8.3,41.7,5,0,9,0.0,22,0,8,236,34.3,65.2,52.1,68.5,1,1,22,0,22.2,69.1,9.1,2,8,0,0,1,1,4.5,113,9.4
11,Jaxon Dailey,156650,QB,N IOWA,1,80.0,10,11,9.9,3.17,0,1,8.3,72.7,8,0,3,0.0,14,0,4,255,29.7,69.3,85.2,52.4,0,0,15,0,33.3,143.4,7.1,1,2,0,1,1,0,0.0,133,12.1
11,Robert Coleman,76149,QB,LAMAR,1,88.9,9,11,9.8,2.52,0,0,0.0,63.6,7,0,4,12.5,12,1,5,204,71.6,67.0,71.2,57.8,0,0,12,0,0.0,116.9,0.0,0,0,0,2,1,0,0.0,83,7.5
11,Carson Camp,141837,QB,SE LA,1,55.6,9,11,9.7,3.2,0,0,0.0,45.5,5,0,7,0.0,15,0,1,294,24.9,53.8,53.6,56.9,0,0,16,0,28.6,61.2,13.3,2,2,0,2,0,1,6.3,56,5.1
11,Cardell Williams,156190,QB,SACRAMENTO,1,72.7,11,11,7.7,2.41,0,0,0.0,72.7,8,0,4,0.0,15,0,6,279,68.8,67.4,67.2,61.4,0,0,16,0,50.0,154.4,13.3,2,2,0,0,2,0,0.0,186,16.9
11,Tyrese Smith,185065,QB,PORTLAND,1,80.0,10,11,7.1,2.98,0,2,16.7,72.7,8,0,9,0.0,17,0,3,269,72.9,80.8,72.0,73.7,0,0,18,0,55.6,132.8,29.4,5,1,0,1,1,0,0.0,105,9.5
11,Kingston Tisdell,202557,QB,WEBER ST,1,55.6,9,11,7.1,2.03,1,0,0.0,45.5,5,0,3,0.0,11,0,1,342,67.6,43.5,46.0,53.3,1,1,11,0,0.0,14.6,0.0,0,0,0,0,0,1,9.1,22,2.0
11,Cooper Panteck,203080,QB,ROB MORRIS,1,60.0,10,11,13.0,2.13,0,2,18.2,45.5,5,0,4,16.7,11,1,4,277,65.4,58.5,58.3,,1,0,11,0,0.0,70.3,0.0,0,0,0,0,0,2,18.2,80,7.3
11,John Austin Wood,209837,QB,N ALABAMA,1,50.0,8,11,8.6,2.51,1,0,0.0,36.4,4,0,6,0.0,15,0,1,389,70.6,44.3,45.5,52.7,1,1,17,0,33.3,7.0,13.3,2,1,0,1,0,2,11.8,25,2.3
11,Earl Woods III,170445,QB,HAMPTON,1,90.0,10,10,-1.2,2.91,0,0,0.0,90.0,9,0,3,0.0,15,0,5,178,27.1,53.5,43.9,61.9,0,0,15,0,33.3,135.8,6.7,1,4,0,0,1,1,6.7,86,8.6
11,Jackson Kilburg,200696,QB,COLGATE,1,90.0,10,10,8.0,2.85,0,0,0.0,90.0,9,0,1,0.0,13,0,6,142,66.2,69.8,75.2,53.1,0,1,14,0,100.0,101.7,7.7,1,2,0,0,2,1,7.1,84,8.4
11,Ashten Snelsire,159175,QB,RICHMOND,1,66.7,9,10,18.1,2.27,1,1,10.0,50.0,5,0,4,16.7,10,1,4,276,70.5,89.3,89.2,67.9,0,0,10,1,0.0,130.8,0.0,0,0,0,0,2,0,0.0,114,11.4
11,Vinson Berry,191788,QB,NORFOLK,1,50.0,8,9,7.0,2.29,1,0,0.0,44.4,4,0,4,0.0,12,0,2,244,66.0,54.7,57.8,56.2,0,0,13,0,50.0,98.1,16.7,2,1,0,0,2,0,0.0,42,4.7
11,Destin Wade,163784,QB,N ALABAMA,1,87.5,8,9,13.4,2.38,0,2,20.0,66.7,6,0,5,14.3,12,1,2,389,70.5,89.5,90.6,67.3,0,0,13,1,20.0,146.8,8.3,1,2,0,1,1,0,0.0,114,12.7
11,Jack Stevens,185814,QB,WAGNER,1,66.7,9,9,8.8,2.72,0,0,0.0,55.6,5,0,2,16.7,12,1,2,338,74.1,57.8,60.8,57.1,0,0,12,0,0.0,65.0,0.0,0,3,0,0,0,0,0.0,36,4.0
11,Ridge Docekal,158965,QB,BRYANT,1,50.0,8,8,11.8,2.33,0,2,25.0,50.0,4,0,5,0.0,8,0,3,124,67.2,81.3,83.0,59.4,0,0,8,1,0.0,103.6,0.0,0,0,0,0,1,0,0.0,39,4.9
11,Baxter Wright,192540,QB,MURRAY ST,1,100.0,8,8,-2.4,1.49,0,0,0.0,100.0,8,0,0,0.0,8,0,1,236,66.2,68.9,72.7,57.5,0,0,8,0,,90.6,0.0,0,0,0,0,0,0,0.0,46,5.8
11,Gavin Rupp,145127,QB,STETSON,1,71.4,7,8,11.6,3.11,0,1,12.5,62.5,5,0,2,0.0,8,0,3,302,64.9,39.3,38.0,,0,2,8,0,0.0,49.5,0.0,0,0,0,1,0,2,25.0,67,8.4
11,Gabe Passini,191845,QB,BUTLER,1,57.1,7,7,6.3,2.17,0,0,0.0,57.1,4,0,0,0.0,7,0,1,127,69.9,64.8,59.9,69.0,0,0,7,1,,68.8,0.0,0,0,0,0,0,0,0.0,32,4.6
11,Ja'Shawn Scroggins,160545,QB,HOWARD,1,0.0,5,6,23.4,3.68,0,0,0.0,0.0,0,0,5,,8,0,1,184,66.3,36.3,33.3,59.8,1,0,9,0,20.0,39.6,12.5,1,1,0,0,0,0,0.0,0,0.0
11,Cobey Thompkins,192469,QB,CITADEL,1,50.0,6,6,12.5,2.75,0,0,0.0,50.0,3,0,3,0.0,8,0,1,139,69.8,53.2,57.1,53.8,0,0,8,1,66.7,59.7,25.0,2,0,0,0,0,0,0.0,23,3.8
11,Jake McNamara,157879,QB,E TENN ST,1,80.0,5,5,5.4,2.77,0,1,20.0,60.0,3,0,1,25.0,6,1,1,157,65.7,70.5,78.3,55.5,0,0,6,0,0.0,78.8,0.0,0,1,0,0,0,0,0.0,32,6.4
11,Peter Costelli,146432,QB,N COLORADO,1,60.0,5,5,15.8,2.76,0,0,0.0,60.0,3,0,1,0.0,5,0,2,253,68.9,47.4,32.8,66.6,0,1,5,0,0.0,36.7,0.0,0,0,0,0,0,1,20.0,29,5.8
11,Aveon Smith,130529,QB,MERRIMACK,1,60.0,5,5,8.2,3.46,0,0,0.0,60.0,3,0,2,0.0,8,0,3,385,68.2,66.4,65.2,62.4,0,0,8,0,0.0,115.0,0.0,0,3,0,0,1,0,0.0,28,5.6
11,Aiden McCown,178971,QB,LAMAR,1,25.0,4,5,11.3,3.9,0,0,0.0,20.0,1,0,4,0.0,8,0,1,204,17.4,34.1,35.8,51.7,0,0,8,0,25.0,39.6,12.5,1,2,0,1,0,1,12.5,9,1.8
11,Braden Davis,158114,QB,HAMPTON,1,100.0,2,4,3.0,3.59,1,0,0.0,50.0,2,0,5,0.0,9,0,0,178,65.1,49.1,39.8,64.3,0,0,9,0,80.0,56.3,44.4,4,1,0,1,0,0,0.0,11,2.8
11,Nana Utsey,210103,QB,VA MILT IN,1,25.0,4,4,8.3,3.0,0,0,0.0,25.0,1,0,3,0.0,4,0,0,336,71.1,58.7,29.1,73.1,0,1,5,0,0.0,0.0,0.0,0,0,0,0,0,1,20.0,2,0.5
11,Cam'Ron Ransom,147110,QB,BETH COOK,1,100.0,4,4,1.3,2.76,0,0,0.0,100.0,4,0,4,0.0,8,0,1,119,7.7,33.9,48.7,48.6,0,0,8,1,100.0,96.9,50.0,4,0,0,0,0,0,0.0,29,7.3
11,Richard Torres,156456,QB,INCAR WORD,1,25.0,4,4,13.0,2.48,0,0,0.0,25.0,1,0,0,0.0,4,0,0,189,63.3,48.8,47.6,,0,0,4,0,,39.6,0.0,0,0,0,0,0,0,0.0,4,1.0
11,Kyle Lowe,156595,QB,SE LA,1,0.0,4,4,5.0,1.95,0,0,0.0,0.0,0,0,1,,4,0,0,294,71.1,42.6,26.9,65.2,0,1,4,0,0.0,0.0,0.0,0,0,0,0,0,1,25.0,0,0.0
11,Jack Snyder,185417,QB,SACR HEART,1,100.0,4,4,5.3,2.38,0,0,0.0,100.0,4,0,0,0.0,4,0,4,280,63.3,67.7,67.0,,0,0,4,0,,158.3,0.0,0,0,0,0,1,0,0.0,60,15.0
11,Damien Mazil,159562,WR,WAGNER,1,33.3,3,4,25.0,3.1,0,0,0.0,25.0,1,0,1,0.0,4,0,0,338,69.7,46.9,28.7,65.6,0,1,4,0,0.0,0.0,0.0,0,0,0,1,0,1,25.0,7,1.8
11,Terrell Russell,203468,QB,HOWARD,1,66.7,3,3,20.0,2.93,0,1,33.3,66.7,2,0,0,0.0,4,0,1,184,63.3,80.8,74.5,64.3,0,0,4,0,,149.3,0.0,0,1,0,0,1,0,0.0,49,16.3
11,Patrick Duchien,176764,QB,MONTANA ST,1,100.0,3,3,6.3,2.23,0,0,0.0,100.0,3,0,1,0.0,4,0,1,233,0.0,23.9,23.5,,0,0,5,0,100.0,156.3,25.0,1,0,0,0,1,2,40.0,36,12.0
11,Xander Menapace,171125,QB,COLUMBIA,1,33.3,3,3,10.7,2.67,0,0,0.0,33.3,1,0,2,0.0,3,0,1,145,68.8,61.0,47.5,67.3,0,0,3,0,0.0,50.7,0.0,0,0,0,0,0,0,0.0,15,5.0
11,Connor Wolf,191443,QB,E ILLINOIS,1,66.7,3,3,2.3,2.55,0,0,0.0,66.7,2,0,3,0.0,4,0,1,158,63.8,67.2,66.9,,0,0,5,0,33.3,78.5,25.0,1,0,0,0,0,0,0.0,15,5.0
11,Ashley Tucker Jr.,73973,QB,ALAB A&M,1,33.3,3,3,7.7,3.55,0,0,0.0,0.0,0,0,2,100.0,4,1,0,104,63.3,33.7,34.6,57.0,0,0,4,0,0.0,39.6,0.0,0,1,0,0,0,1,25.0,0,0.0
11,JT Kitna,202540,QB,STF AUSTIN,1,66.7,3,3,19.3,2.07,0,1,25.0,66.7,2,0,1,0.0,3,0,2,301,66.6,81.9,85.6,61.0,0,0,4,0,0.0,143.1,0.0,0,0,0,0,1,0,0.0,33,11.0
11,Jake Wolfe,185211,QB,ROB MORRIS,1,0.0,2,2,7.0,1.85,0,0,0.0,0.0,0,0,1,,2,0,0,277,66.2,41.6,34.1,61.0,0,0,2,0,0.0,39.6,0.0,0,0,0,0,0,0,0.0,0,0.0
11,Zach Osborne,160474,QB,COLGATE,1,100.0,2,2,0.5,1.25,0,0,0.0,100.0,2,0,0,0.0,2,0,0,142,71.8,73.3,62.6,67.9,0,0,2,0,,93.8,0.0,0,0,0,0,0,0,0.0,13,6.5
11,Mike Chandler II,139371,QB,CAMPBELL,1,50.0,2,2,22.0,4.77,0,1,50.0,50.0,1,0,1,0.0,3,0,1,131,70.5,60.8,61.4,62.6,0,1,3,0,0.0,56.3,0.0,0,1,0,0,0,1,33.3,35,17.5
11,Cam'Ron McCoy,157481,QB,SOUTHERN U,1,100.0,1,2,13.0,2.5,0,0,0.0,50.0,1,0,2,0.0,3,0,1,297,64.8,62.7,67.7,57.7,0,0,3,0,50.0,75.0,33.3,1,0,0,1,0,0,0.0,15,7.5
11,Lathan Boone,191494,QB,N ARIZONA,1,100.0,2,2,-2.5,1.3,0,0,0.0,100.0,2,0,0,0.0,2,0,2,252,66.2,72.9,62.7,67.1,0,0,2,0,,89.6,0.0,0,0,0,0,0,0,0.0,11,5.5
11,Ryan Stubblefield,123838,QB,SCAR STATE,1,50.0,2,2,21.5,2.65,0,0,0.0,50.0,1,0,0,0.0,2,0,0,290,16.2,27.6,39.9,53.1,0,1,2,0,,16.7,0.0,0,0,0,0,0,1,50.0,2,1.0
11,Brock Riddle,185493,QB,INDIANA ST,1,100.0,1,2,-5.0,1.6,1,0,0.0,50.0,1,0,0,0.0,2,0,0,191,61.8,59.2,58.9,,0,0,2,0,,56.3,0.0,0,0,0,0,0,0,0.0,2,1.0
11,Brett Griffis,157527,QB,CENT CT ST,1,100.0,2,2,3.0,2.0,0,0,0.0,50.0,1,0,0,50.0,2,1,0,133,64.4,57.9,62.3,57.8,0,0,2,0,,56.3,0.0,0,0,0,0,0,0,0.0,6,3.0
11,Deuce Hogan,129470,QB,NICHOLLS,1,100.0,1,2,6.0,3.4,0,0,0.0,50.0,1,0,2,0.0,2,0,0,243,61.8,59.2,59.2,,0,0,2,0,0.0,60.4,0.0,0,0,0,1,0,0,0.0,8,4.0
11,Quayde Hawkins,147245,QB,ABILENE CH,1,100.0,2,2,15.5,4.4,0,0,0.0,100.0,2,0,1,0.0,4,0,2,100,63.8,72.1,86.1,52.0,0,0,5,0,0.0,158.3,0.0,0,2,0,0,1,0,0.0,34,17.0
11,Jayden Whitaker,186934,QB,WOFFORD,1,100.0,1,2,7.0,2.5,0,0,0.0,50.0,1,0,1,0.0,2,0,1,350,67.6,70.0,69.0,60.8,1,0,2,0,0.0,64.6,0.0,0,0,0,0,0,0,0.0,10,5.0
11,Chance Wilson,170708,QB,MONTANA ST,1,50.0,2,2,-0.5,2.15,0,0,0.0,50.0,1,0,0,0.0,2,0,1,233,67.6,90.0,54.5,83.3,0,0,2,0,,83.3,0.0,0,0,0,0,0,0,0.0,19,9.5
11,Luca Stanzani,159449,QB,LIUSHAR,1,0.0,1,2,19.0,2.77,1,0,0.0,0.0,0,0,0,,3,0,0,1298,66.4,29.7,26.4,59.6,0,1,3,0,,0.0,0.0,0,1,0,0,0,1,33.3,0,0.0
11,Nate Thomas,148204,HB,IDAHO,1,,0,1,,3.4,0,0,0.0,0.0,0,0,0,,1,0,0,185,65.9,66.5,60.0,65.8,0,0,1,0,,39.6,0.0,0,0,0,1,0,0,0.0,0,0.0
11,Hayden Fletcher,201537,QB,N ARIZONA,1,100.0,1,1,2.0,1.4,0,0,0.0,100.0,1,0,0,0.0,1,0,1,252,63.7,60.3,61.0,59.4,0,0,1,0,,112.5,0.0,0,0,0,0,0,0,0.0,11,11.0
11,Leo Blumentritt,201562,P,N COLORADO,1,0.0,1,1,26.0,2.6,0,0,0.0,0.0,0,0,0,,1,0,0,253,60.3,54.9,52.5,,0,0,1,0,,39.6,0.0,0,0,0,0,0,0,0.0,0,0.0
11,Eli Anderson,201571,QB,NWSTATE,1,100.0,1,1,-1.0,1.1,0,0,0.0,100.0,1,0,0,0.0,1,0,1,257,65.9,64.9,60.6,61.6,0,0,1,0,,79.2,0.0,0,0,0,0,0,0,0.0,3,3.0
11,Josh Brown,181411,QB,MS VLY ST,1,0.0,1,1,6.0,1.7,0,0,0.0,0.0,0,0,1,,1,0,0,228,60.3,60.4,60.4,,0,0,1,0,0.0,39.6,0.0,0,0,0,0,0,0,0.0,0,0.0
11,Alex Williams,145537,TE,W ILLINOIS,1,0.0,1,1,18.0,4.4,0,0,0.0,0.0,0,0,1,,2,0,0,345,63.2,49.3,47.2,,0,0,2,0,100.0,39.6,50.0,1,0,0,0,0,0,0.0,0,0.0
11,Caden Drezek,170839,QB,MAINE,1,100.0,1,1,6.0,1.7,0,0,0.0,100.0,1,0,0,0.0,1,0,1,212,60.3,73.3,71.9,,0,0,1,0,,95.8,0.0,0,0,0,0,0,0,0.0,7,7.0
11,Bryson Broadway,202536,QB,STF AUSTIN,1,0.0,1,1,9.0,2.9,0,0,0.0,0.0,0,0,0,,1,0,0,301,60.3,54.1,53.7,60.0,0,0,1,0,,39.6,0.0,0,0,0,0,0,0,0.0,0,0.0
11,Whit Hobgood,177888,TE,CITADEL,1,0.0,1,1,21.0,2.7,0,0,0.0,0.0,0,0,0,,1,0,0,139,60.3,47.3,50.8,,0,0,1,0,,39.6,0.0,0,0,0,0,0,0,0.0,0,0.0
11,Ian Reynolds,210109,QB,VA MILT IN,1,0.0,1,1,12.0,3.6,0,0,0.0,0.0,0,0,0,,2,0,0,336,61.8,50.8,55.3,57.8,0,0,2,0,,39.6,0.0,0,1,0,0,0,0,0.0,0,0.0
11,Thomas Lee,203064,WR,ROB MORRIS,1,100.0,1,1,21.0,3.7,0,1,100.0,100.0,1,0,1,0.0,1,0,1,277,64.6,66.9,87.7,,0,0,1,0,0.0,118.8,0.0,0,0,0,0,0,0,0.0,24,24.0
11,JD Sherrod,172365,QB,SE MO ST,1,0.0,1,1,6.0,3.7,0,0,0.0,0.0,0,0,1,,1,0,0,293,60.3,53.7,53.7,,0,0,1,0,0.0,39.6,0.0,0,0,0,0,0,0,0.0,0,0.0
11,Joshua Jones,177098,QB,NC CENT,1,100.0,1,1,5.0,2.0,0,0,0.0,100.0,1,0,0,0.0,1,0,0,247,63.7,86.0,61.0,67.7,0,0,1,0,,87.5,0.0,0,0,0,0,0,0,0.0,5,5.0
11,Calvin Jones,132441,WR,SAMFORD,1,0.0,1,1,17.0,1.3,0,0,0.0,0.0,0,0,0,,1,0,0,282,68.0,61.4,54.8,,0,1,1,1,,0.0,0.0,0,0,0,0,0,0,0.0,0,0.0
11,Will O'Dell,206486,QB,MARIST,1,0.0,1,1,8.0,1.7,0,0,0.0,0.0,0,0,0,,1,0,0,213,65.9,54.9,53.3,60.1,0,0,1,0,,39.6,0.0,0,0,0,0,0,0,0.0,0,0.0
11,Jayden Shwed,206499,HB,NEWHVN,1,100.0,1,1,17.0,2.5,0,0,0.0,100.0,1,0,0,0.0,1,0,1,1013,71.2,60.4,72.6,53.4,0,0,1,0,,158.3,0.0,0,0,0,0,1,0,0.0,20,20.0
11,Daniel Lipovski,173612,QB,LAFAYETTE,1,100.0,1,1,26.0,2.1,0,1,100.0,100.0,1,0,0,0.0,1,0,1,203,60.3,90.0,88.1,,0,0,1,0,,158.3,0.0,0,0,0,0,1,0,0.0,26,26.0
11,John Michalski,177310,QB,SACR HEART,1,0.0,1,1,34.0,2.7,0,0,0.0,0.0,0,0,0,,1,0,0,280,15.4,57.8,58.0,54.9,0,0,1,0,,39.6,0.0,0,0,0,0,0,0,0.0,0,0.0
11,Evan Wallace,159133,WR,MAINE,1,0.0,1,1,19.0,3.3,0,0,0.0,0.0,0,0,0,,1,0,0,212,60.3,48.7,47.3,,0,0,1,0,,39.6,0.0,0,0,0,0,0,0,0.0,0,0.0
11,Jordan Reed,159013,WR,MONTANA ST,1,100.0,1,1,-3.0,3.4,0,0,0.0,100.0,1,0,0,0.0,1,0,1,233,62.4,67.3,60.6,,0,0,1,0,,108.3,0.0,0,0,0,0,0,0,0.0,10,10.0
11,Michael Costigan Jr.,177278,QB,SACR HEART,1,100.0,1,1,2.0,2.1,0,0,0.0,100.0,1,0,0,0.0,2,0,1,280,64.4,53.9,60.6,54.9,0,0,2,0,,118.8,0.0,0,1,0,0,0,0,0.0,19,19.0
11,Tevin Carter,157995,QB,PRVIEW A&M,1,0.0,1,1,16.0,2.6,0,0,0.0,0.0,0,0,1,,1,0,0,270,13.4,26.6,26.9,49.9,0,1,1,0,0.0,0.0,0.0,0,0,0,0,0,1,100.0,0,0.0
11,Josh Fillion,164583,WR,NEW HAMP,1,100.0,1,1,7.0,3.4,0,0,0.0,100.0,1,0,0,0.0,1,0,1,240,63.7,61.7,71.5,,0,0,1,0,,118.8,0.0,0,0,0,0,0,0,0.0,13,13.0
11,A.J. Little,177829,WR,CHATTNOOGA,1,,0,1,,5.0,0,0,0.0,0.0,0,0,1,,1,0,0,137,67.0,59.4,60.0,,0,0,1,1,0.0,39.6,0.0,0,0,0,1,0,0,0.0,0,0.0
11,Reggie Graff,165710,QB,UTAHTC,1,0.0,1,1,38.0,3.4,0,0,0.0,0.0,0,0,0,,1,0,0,1285,63.7,60.4,50.1,63.2,0,0,1,0,,39.6,0.0,0,0,0,0,0,0,0.0,0,0.0
11,Thomas O'Hara,192529,P,MURRAY ST,1,0.0,1,1,0.0,2.5,0,0,0.0,0.0,0,0,0,,1,0,0,236,60.3,55.3,54.4,,0,0,1,0,,39.6,0.0,0,0,0,0,0,0,0.0,0,0.0
11,Ephraim Floyd,168347,WR,E TENN ST,1,100.0,1,1,21.0,1.7,0,0,0.0,100.0,1,0,0,0.0,1,0,1,157,66.2,70.0,58.4,57.5,0,0,1,0,,158.3,0.0,0,0,0,0,1,0,0.0,70,70.0
11,Luke Carter,183471,TE,NWSTATE,1,0.0,1,1,24.0,2.9,0,0,0.0,0.0,0,0,0,,1,0,0,257,60.3,46.0,51.9,,0,0,1,0,,39.6,0.0,0,0,0,0,0,0,0.0,0,0.0
11,DJ Stevenson,197564,QB,ARKAPB,1,100.0,1,1,14.0,2.0,0,0,0.0,100.0,1,0,0,0.0,1,0,1,112,60.3,73.2,72.6,,0,0,1,0,,156.3,0.0,0,0,0,0,1,0,0.0,12,12.0
11,Jordon Davis,182683,QB,TEXAS STHN,1,100.0,1,1,-3.0,1.4,0,0,0.0,100.0,1,0,0,0.0,1,0,0,313,60.3,61.0,60.6,,0,0,1,0,,79.2,0.0,0,0,0,0,0,0,0.0,-3,-3.0
11,Chris Zellous,153319,QB,STNY BROOK,1,0.0,1,1,-4.0,1.3,0,0,0.0,0.0,0,0,0,,1,0,0,303,65.9,54.9,56.8,60.6,0,0,1,0,,39.6,0.0,0,0,0,0,0,0,0.0,0,0.0
11,Javonte Graves-Billips,149847,WR,CITADEL,1,0.0,1,1,25.0,2.6,0,0,0.0,0.0,0,0,1,,1,0,0,139,65.9,53.7,59.9,54.4,0,0,1,0,0.0,39.6,0.0,0,0,0,0,0,0,0.0,0,0.0
11,Jabari Ruise,210348,QB,VA LYNCHBU,1,53.6,28,28,11.0,2.8,0,1,3.2,46.4,13,0,12,13.3,36,2,8,406,20.9,33.5,31.9,55.7,0,2,39,0,33.3,47.0,11.1,4,4,0,0,1,6,15.4,162,5.8
week,player,player_id,position,team_name,player_game_count,accuracy_percent,aimed_passes,attempts,avg_depth_of_target,avg_time_to_throw,bats,big_time_throws,btt_rate,completion_percent,completions,declined_penalties,def_gen_pressures,drop_rate,dropbacks,drops,first_downs,franchise_id,grades_hands_fumble,grades_offense,grades_pass,grades_run,hit_as_threw,interceptions,passing_snaps,penalties,pressure_to_sack_rate,qb_rating,sack_percent,sacks,scrambles,spikes,thrown_aways,touchdowns,turnover_worthy_plays,twp_rate,yards,ypa
12,Sawyer Robertson,146839,QB,BAYLOR,1,56.4,55,59,13.0,2.25,2,4,6.3,49.2,29,0,18,6.5,63,2,19,118,70.6,79.8,80.7,51.8,1,2,68,0,11.1,76.2,3.2,2,2,0,1,3,1,1.5,430,7.3
12,Ben Finley,122864,QB,AKRON,1,67.3,55,58,12.5,2.83,1,0,0.0,55.2,32,0,18,13.5,67,5,20,102,46.7,70.0,66.2,65.4,1,1,71,1,33.3,88.6,9.0,6,3,0,1,3,3,4.2,424,7.3
12,Caden Veltkamp,156642,QB,FAU,1,83.0,53,57,8.5,2.34,0,0,0.0,68.4,39,0,15,11.4,58,5,21,165,47.2,72.8,78.2,43.3,0,3,66,0,6.7,76.3,1.7,1,0,0,4,2,3,4.5,375,6.6
12,Malik Washington,198729,QB,MARYLAND,1,69.8,43,46,8.4,2.73,3,0,0.0,54.3,25,0,11,16.7,48,5,14,215,70.4,59.8,58.5,61.9,0,1,50,0,9.1,59.9,2.1,1,1,0,0,0,1,2.0,238,5.2
12,Jalen Kitna,146688,QB,UAB,1,59.1,44,45,11.3,2.81,0,0,0.0,57.8,26,0,14,0.0,47,0,15,321,70.8,54.2,51.3,67.3,0,2,50,0,14.3,65.1,4.3,2,0,0,1,1,4,8.0,281,6.2
12,Anthony Colandrea,170131,QB,UNLV,1,65.9,41,44,13.5,3.4,2,3,6.7,54.5,24,0,11,11.1,49,3,15,325,46.0,74.3,71.0,68.6,0,1,50,1,18.2,71.8,4.1,2,3,0,1,1,2,4.0,276,6.3
12,Landry Lyddy,156581,QB,SO MISS,1,78.6,42,44,6.3,2.76,1,2,4.3,65.9,29,0,6,12.1,46,4,11,296,69.9,67.5,68.4,56.3,0,2,48,0,0.0,70.9,0.0,0,2,0,1,1,2,4.2,267,6.1
12,Arch Manning,173162,QB,TEXAS,1,82.1,39,43,8.9,2.66,1,1,2.2,62.8,27,0,19,15.6,46,5,12,311,38.3,74.2,74.6,57.8,1,1,48,0,15.8,76.8,6.5,3,0,0,2,1,2,4.2,251,5.8
12,Roman Gagliano,183961,QB,MIDDLE TN,1,70.7,41,43,9.9,2.8,1,0,0.0,58.1,25,0,15,13.8,51,4,14,224,72.3,69.5,69.4,64.1,0,0,56,1,13.3,102.7,3.9,2,6,0,1,2,1,1.8,378,8.8
12,Brendon Lewis,131687,QB,MEMPHIS,1,82.5,40,42,6.9,3.17,0,0,0.0,73.8,31,0,9,6.1,49,2,12,218,71.8,69.6,67.9,64.0,0,1,51,0,22.2,81.8,4.1,2,5,0,2,1,0,0.0,204,4.9
12,Ty Simpson,157008,QB,ALABAMA,1,73.2,41,42,9.0,2.7,0,2,4.7,66.7,28,0,11,6.7,48,2,16,103,39.5,56.2,55.1,60.0,0,1,49,0,36.4,87.3,8.3,4,2,0,1,1,3,6.1,319,7.6
12,T.J. Finley,124093,QB,GA STATE,1,77.8,36,41,9.2,2.8,0,2,4.5,61.0,25,0,14,10.7,51,3,14,175,39.5,55.9,65.0,37.4,2,2,55,0,21.4,66.2,5.9,3,7,2,1,1,3,5.5,251,6.1
12,Dylan Lonergan,172386,QB,BOSTON COL,1,70.0,40,41,10.1,2.77,0,0,0.0,63.4,26,0,6,7.1,43,2,15,121,70.1,69.0,71.5,50.9,0,0,44,0,16.7,108.0,2.3,1,1,0,1,2,1,2.3,362,8.8
12,Rodney Tisdale Jr.,188754,QB,W KENTUCKY,1,84.6,39,41,9.5,2.41,0,4,9.5,70.7,29,0,12,12.1,44,4,19,346,71.3,92.4,92.3,65.4,1,1,45,0,16.7,113.0,4.5,2,1,0,1,3,0,0.0,371,9.0
12,Landyn Locke,199937,QB,SM HOUSTON,1,52.8,36,40,12.2,2.64,0,1,2.3,40.0,16,0,10,15.8,43,3,12,281,37.7,43.1,41.0,62.9,0,0,49,1,20.0,57.6,4.7,2,1,1,3,0,3,6.1,213,5.3
12,Marcel Reed,175940,QB,TEXAS A&M,1,73.0,37,39,10.7,2.93,0,4,9.3,56.4,22,0,17,18.5,44,5,18,312,34.3,69.2,67.4,64.5,2,2,49,0,11.8,100.3,4.5,2,3,0,0,3,5,10.2,439,11.3
12,Jacob Clark,101628,QB,MO STATE,1,86.5,37,39,7.4,2.65,0,3,7.1,76.9,30,0,12,6.3,47,2,19,230,70.8,78.5,80.0,56.5,1,0,50,0,41.7,135.6,10.6,5,3,0,1,4,1,2.0,330,8.5
12,Bryson Barnes,131845,QB,UTAH ST,1,67.6,37,38,12.9,3.0,0,2,5.1,50.0,19,0,15,24.0,49,6,13,329,47.4,74.6,67.9,72.7,0,0,50,0,40.0,80.6,12.2,6,5,0,1,1,1,2.0,256,6.7
12,Henry Hesson,145798,QB,MIAMI OH,1,40.6,32,38,15.7,3.34,0,0,0.0,28.9,11,1,26,15.4,49,2,9,221,70.1,44.7,44.8,59.1,0,3,50,1,23.1,10.3,12.2,6,5,0,6,0,4,8.0,147,3.9
12,Owen McCown,157688,QB,UTSA,1,71.4,35,37,7.4,2.35,0,1,2.6,64.9,24,0,5,4.0,37,1,12,331,69.8,61.0,58.7,63.7,1,1,38,0,0.0,97.4,0.0,0,0,0,1,2,2,5.3,306,8.3
12,Zane Flores,174288,QB,OKLA STATE,1,81.3,32,36,6.1,2.65,1,0,0.0,66.7,24,0,16,7.7,39,2,13,262,35.0,66.2,60.3,74.4,2,2,40,0,12.5,61.5,5.1,2,1,0,1,0,1,2.5,233,6.5
12,Gio Lopez,172309,QB,N CAROLINA,1,69.7,33,36,7.9,2.89,0,1,2.6,58.3,21,0,15,8.7,40,2,11,245,69.7,70.1,71.3,57.8,1,0,44,0,13.3,74.0,5.0,2,2,0,2,0,0,0.0,201,5.6
12,Nick Minicucci,173617,QB,DELAWARE,1,77.1,35,36,11.0,3.33,1,3,7.9,66.7,24,0,19,11.1,47,3,14,151,39.5,69.0,71.1,54.4,0,1,49,0,42.1,94.4,17.0,8,3,0,0,1,2,4.1,338,9.4
12,Chandler Morris,122938,QB,VIRGINIA,1,78.1,32,35,6.7,2.69,3,2,5.4,65.7,23,0,14,8.0,37,2,12,335,42.4,74.4,76.5,52.7,0,2,39,0,0.0,89.7,0.0,0,2,0,0,2,1,2.6,316,9.0
12,Darius Curry,191052,QB,COLO STATE,1,82.4,34,35,4.9,2.34,1,1,2.9,74.3,26,0,13,7.1,38,2,13,144,68.9,79.7,81.1,57.3,0,3,39,0,23.1,76.8,7.9,3,0,0,0,2,0,0.0,248,7.1
12,Darian Mensah,169984,QB,DUKE,1,66.7,33,35,14.2,3.15,0,1,2.9,51.4,18,0,18,18.2,42,4,7,154,69.5,73.0,71.7,63.6,0,0,42,0,22.2,77.4,9.5,4,3,0,2,1,1,2.4,193,5.5
12,Trinidad Chambliss,178723,QB,OLE MISS,1,84.8,33,35,5.7,2.44,0,1,2.6,74.3,26,0,10,7.1,42,2,16,226,71.6,75.2,77.0,59.8,0,1,45,0,50.0,97.4,11.9,5,2,0,2,1,1,2.2,301,8.6
12,Alonza Barnett III,156710,QB,JAMES MAD,1,73.3,30,35,9.7,2.87,3,1,2.9,62.9,22,0,13,0.0,39,0,15,197,71.8,82.4,77.5,73.3,0,1,39,1,23.1,78.6,7.7,3,1,0,2,0,0,0.0,303,8.7
12,Cade Klubnik,156253,QB,CLEMSON,1,93.1,29,34,4.0,2.51,1,2,5.6,64.7,22,0,13,18.5,37,5,11,140,38.1,75.4,84.1,44.4,0,0,39,0,15.4,78.9,5.4,2,0,0,4,0,0,0.0,187,5.5
12,Haynes King,124329,QB,GA TECH,1,84.4,32,34,7.3,2.74,0,1,2.9,76.5,26,1,7,3.7,36,1,15,176,74.0,74.6,75.0,63.4,1,0,36,1,14.3,121.1,2.8,1,1,0,1,1,0,0.0,371,10.9
12,Logan Fife,128176,QB,NEW MEX ST,1,80.6,31,34,4.0,2.02,2,0,0.0,67.6,23,0,9,8.0,37,2,9,242,21.3,50.9,60.0,35.6,0,1,37,0,11.1,66.5,2.7,1,1,0,1,0,1,2.7,166,4.9
12,Drake Lindsey,184727,QB,MINNESOTA,1,63.3,30,34,3.8,2.25,1,1,2.8,55.9,19,0,6,0.0,36,0,6,225,68.9,54.7,53.8,,0,0,38,1,33.3,75.4,5.6,2,0,1,2,1,0,0.0,138,4.1
12,Katin Houser,158386,QB,E CAROLINA,1,80.0,30,34,13.4,2.36,1,4,11.4,67.6,23,0,9,4.2,36,1,16,156,34.6,89.6,86.0,72.3,2,0,37,0,22.2,108.9,5.6,2,0,0,1,1,1,2.7,332,9.8
12,Joe Pesansky,149434,QB,FIU,1,83.3,30,34,9.1,3.09,1,2,5.9,70.6,24,0,14,4.0,39,1,12,166,70.2,89.4,90.0,65.3,1,0,39,0,0.0,105.8,0.0,0,5,0,2,2,0,0.0,206,6.1
12,Bear Bachmeier,203434,QB,BYU,1,86.2,29,33,10.2,2.66,2,1,2.9,69.7,23,0,9,8.0,35,2,17,128,72.1,91.4,91.4,68.8,0,0,37,0,0.0,107.6,0.0,0,2,0,2,1,0,0.0,296,9.0
12,Ta'Quan Roberson,101625,QB,BUFFALO,1,66.7,30,33,10.5,2.57,1,2,5.7,48.5,16,0,15,20.0,40,4,7,126,70.4,67.7,68.1,59.1,2,1,42,0,33.3,64.5,12.5,5,2,0,0,1,1,2.4,194,5.9
12,Blake Shapen,122282,QB,MISS STATE,1,65.5,29,33,7.0,2.49,3,0,0.0,57.6,19,0,9,0.0,40,0,7,227,73.2,54.1,49.3,63.1,0,2,43,0,44.4,49.9,10.0,4,3,0,1,0,2,4.7,199,6.0
12,Tayven Jackson,157615,QB,UCF,1,87.9,33,33,4.8,2.32,0,0,0.0,81.8,27,0,13,6.9,38,2,8,323,69.8,67.2,66.5,61.2,0,1,39,0,23.1,86.6,7.9,3,1,0,0,1,0,0.0,178,5.4
12,Mason Heintschel,199088,QB,PITTSBURGH,1,69.0,29,33,5.9,3.41,2,1,2.7,48.5,16,0,21,20.0,41,4,8,268,69.8,44.3,33.3,77.4,1,1,46,0,19.0,45.8,9.8,4,4,0,1,0,3,6.5,126,3.8
12,Bryce Underwood,198795,QB,MICHIGAN,1,68.8,32,32,12.6,2.85,0,2,6.1,65.6,21,0,10,4.5,39,1,17,222,69.9,66.4,62.9,66.5,0,2,40,0,30.0,67.2,7.7,3,4,0,0,0,2,5.0,280,8.8
12,Byrum Brown,156206,QB,USF,1,81.3,32,32,11.7,3.25,0,3,8.3,71.9,23,0,13,11.5,42,3,13,327,72.3,78.4,78.3,66.3,0,1,46,0,7.7,112.4,2.4,1,9,0,0,2,1,2.2,327,10.2
12,CJ Carr,184093,QB,NOTRE DAME,1,75.0,28,32,5.4,2.16,1,1,2.9,65.6,21,0,10,0.0,35,0,10,258,34.2,50.7,46.7,64.2,2,2,37,0,10.0,79.2,2.9,1,1,0,1,2,3,8.1,212,6.6
12,Amari Odom,178686,QB,KENNESAW,1,71.0,31,32,9.6,2.9,0,2,6.1,62.5,20,0,11,9.1,38,2,14,200,38.1,56.9,52.3,64.5,0,3,39,0,18.2,49.1,5.3,2,4,0,1,0,4,10.3,261,8.2
12,DJ Lagway,184426,QB,FLORIDA,1,57.1,28,32,9.1,3.07,1,2,6.3,50.0,16,0,12,0.0,35,0,7,163,70.9,64.7,58.9,69.1,0,1,36,0,8.3,69.5,2.9,1,2,1,2,1,1,2.8,218,6.8
12,Ethan Vasko,163817,QB,LIBERTY,1,63.0,27,32,14.2,3.13,2,3,9.1,53.1,17,0,13,0.0,35,0,10,206,70.9,69.9,65.8,68.8,0,2,36,1,23.1,59.1,8.6,3,0,1,2,1,1,2.8,218,6.8
12,JC French IV,162521,QB,GA SOUTHRN,1,71.0,31,32,9.1,2.52,0,2,5.6,65.6,21,0,8,4.5,37,1,11,174,71.9,59.9,58.5,61.9,0,1,41,0,37.5,99.6,8.1,3,1,0,1,2,0,0.0,269,8.4
12,Jayden Maiava,158135,QB,USC,1,83.3,30,32,10.7,3.0,1,4,10.8,71.9,23,0,10,8.0,34,2,13,326,37.8,88.4,89.3,59.8,1,0,39,0,20.0,105.5,5.9,2,0,0,0,1,1,2.6,254,7.9
12,Tucker Gleason,122475,QB,TOLEDO,1,67.9,28,31,9.2,2.65,1,1,3.1,58.1,18,0,11,5.3,32,1,10,316,70.4,68.2,62.4,71.4,1,2,33,0,0.0,67.8,0.0,0,1,0,1,2,1,3.0,169,5.5
12,Scotty Fox Jr.,199546,QB,W VIRGINIA,1,70.0,30,31,5.4,2.11,0,2,6.5,61.3,19,0,10,9.5,34,2,13,343,73.7,59.6,62.1,55.6,0,1,34,0,30.0,108.7,8.8,3,0,0,1,2,2,5.9,353,11.4
12,Noah Fifita,158722,QB,ARIZONA,1,80.0,30,31,11.2,3.05,0,3,8.8,74.2,23,0,10,4.2,36,1,16,109,71.8,90.8,91.5,60.8,0,0,39,0,30.0,114.2,8.3,3,2,0,1,1,0,0.0,294,9.5
12,Michael Van Buren Jr.,184764,QB,LSU,1,80.0,30,31,6.9,2.7,0,1,2.9,67.7,21,0,10,12.5,39,3,12,211,71.2,73.0,67.7,71.7,0,0,43,0,40.0,99.0,10.3,4,4,0,1,1,2,4.7,221,7.1
12,Julian Sayin,183708,QB,OHIO STATE,1,74.2,31,31,8.0,2.95,0,0,0.0,74.2,23,0,8,0.0,34,0,9,260,68.7,74.0,74.7,57.3,0,0,36,0,12.5,99.4,2.9,1,1,0,0,1,0,0.0,184,5.9
12,Dante Moore,173983,QB,OREGON,1,90.0,30,30,7.8,2.35,0,0,0.0,90.0,27,0,6,0.0,31,0,18,264,30.7,84.9,90.3,45.4,0,0,32,0,16.7,131.4,3.2,1,0,0,0,2,0,0.0,306,10.2
12,LaNorris Sellers,174326,QB,S CAROLINA,1,65.4,26,30,9.8,2.58,3,1,2.9,50.0,15,0,17,11.8,38,2,8,289,71.3,75.8,68.4,70.2,0,1,42,0,23.5,86.2,10.5,4,4,0,1,2,1,2.4,246,8.2
12,CJ Bailey,183349,QB,NC STATE,1,60.0,30,30,6.1,2.71,0,0,0.0,56.7,17,0,13,5.6,34,1,7,248,69.5,29.8,27.3,72.3,0,2,35,0,7.7,38.2,2.9,1,3,0,0,0,3,8.6,120,4.0
12,Skyler Locklear,164027,QB,UTEP,1,65.4,26,29,10.0,3.07,1,1,2.9,48.3,14,0,12,17.6,35,3,10,330,73.1,73.7,65.5,73.2,0,0,40,0,16.7,60.3,5.7,2,4,0,2,0,0,0.0,125,4.3
12,Gunner Stockton,157072,QB,GEORGIA,1,88.9,27,29,5.6,2.39,1,2,6.5,82.8,24,0,8,0.0,32,0,13,173,70.0,80.2,75.6,72.2,0,1,34,0,25.0,124.8,6.3,2,1,0,1,4,1,2.9,229,7.9
12,Noah Kim,129623,QB,E MICHIGAN,1,81.5,27,29,9.2,2.37,0,1,3.2,62.1,18,0,8,18.2,30,4,14,160,72.3,66.2,67.3,58.3,0,2,32,0,0.0,70.2,0.0,0,1,0,2,1,2,6.3,234,8.1
12,Miller Moss,70727,QB,LOUISVILLE,1,76.9,26,28,4.6,2.6,1,1,3.4,67.9,19,0,9,5.0,30,1,7,210,69.3,60.0,59.2,60.0,0,0,31,0,11.1,90.2,3.3,1,1,1,0,0,1,3.2,212,7.6
12,Jeff Sims,122496,QB,ARIZONA ST,1,81.5,27,28,10.4,2.92,1,2,6.9,67.9,19,0,10,13.6,33,3,10,110,26.8,70.5,75.8,57.9,0,0,34,0,20.0,125.1,6.1,2,3,0,0,3,0,0.0,207,7.4
12,Preston Stone,124716,QB,NWESTERN,1,70.0,20,28,13.2,2.9,4,3,9.7,46.4,13,0,8,7.1,28,1,6,256,68.8,83.6,81.5,63.2,0,0,31,1,0.0,68.2,0.0,0,0,0,4,0,0,0.0,184,6.6
12,Brendan Sorsby,156398,QB,CINCINNATI,1,66.7,27,28,12.0,2.38,0,3,10.3,53.6,15,0,7,16.7,30,3,8,138,71.9,79.3,73.3,73.1,0,2,31,0,14.3,51.8,3.3,1,1,0,1,1,2,6.5,154,5.5
12,AJ Swann,157186,QB,APP STATE,1,52.2,23,28,10.4,2.37,2,2,6.5,28.6,8,0,12,33.3,30,4,3,108,29.5,29.4,34.7,42.6,2,1,33,0,16.7,24.7,6.7,2,0,0,1,0,2,6.1,64,2.3
12,Tad Hudson,170107,QB,COAST CAR,1,60.7,28,28,10.6,2.59,0,1,3.4,53.6,15,0,5,11.8,29,2,9,141,69.3,58.0,57.5,60.5,0,1,30,1,20.0,57.6,3.4,1,0,0,0,0,2,6.7,173,6.2
12,Malachi Singleton,172426,QB,PURDUE,1,68.0,25,28,13.6,3.12,2,0,0.0,57.1,16,0,12,5.9,30,1,7,273,72.3,63.6,62.8,61.4,0,0,32,0,8.3,83.9,3.3,1,1,0,1,1,1,3.1,150,5.4
12,Avery Johnson,173108,QB,KANSAS ST,1,60.7,28,28,8.8,2.35,0,1,3.4,53.6,15,0,4,11.8,30,2,9,199,71.9,67.3,66.2,62.6,0,1,31,0,50.0,70.1,6.7,2,0,0,0,1,1,3.2,177,6.3
12,Carlos Del Rio-Wilson,146687,QB,MARSHALL,1,81.5,27,27,8.2,2.98,0,1,3.2,81.5,22,0,9,0.0,32,0,15,214,73.7,75.4,79.2,60.4,0,0,36,0,22.2,153.2,6.3,2,3,0,0,3,0,0.0,321,11.9
12,Jake Retzlaff,70874,QB,TULANE,1,84.0,25,27,9.5,2.64,0,1,3.7,66.7,18,0,5,14.3,28,3,12,319,71.9,83.1,81.1,67.8,0,1,29,0,20.0,104.1,3.6,1,0,0,2,2,1,3.4,241,8.9
12,Carson Beck,124010,QB,MIAMI FL,1,85.2,27,27,9.0,2.65,0,4,13.8,77.8,21,0,7,8.7,30,2,16,220,68.4,90.8,91.4,61.7,0,0,32,0,14.3,148.6,3.3,1,2,0,0,3,0,0.0,291,10.8
12,Carson Conklin,170765,QB,FRESNO ST,1,62.5,24,26,9.9,2.79,0,1,3.6,50.0,13,0,5,13.3,27,2,6,169,31.5,51.5,61.9,37.9,1,0,29,1,20.0,72.0,3.7,1,0,0,1,1,0,0.0,96,3.7
12,Alessio Milivojevic,183542,QB,MICH STATE,1,78.3,23,26,7.7,3.11,0,0,0.0,65.4,17,0,21,5.6,32,1,6,223,28.6,53.0,49.6,64.3,1,0,33,0,23.8,77.1,15.6,5,1,0,2,0,1,3.0,128,4.9
12,Drew Mestemaker,190616,QB,N TEXAS,1,75.0,24,25,8.0,2.93,0,1,3.8,72.0,18,0,7,0.0,27,0,13,251,68.6,79.4,81.8,55.0,0,0,28,0,14.3,138.4,3.7,1,1,0,1,2,0,0.0,298,11.9
12,Luke Altmyer,146802,QB,ILLINOIS,1,81.0,21,25,7.8,3.04,1,1,4.0,60.0,15,0,7,11.8,28,2,9,187,30.7,78.2,75.4,67.8,2,1,28,0,14.3,90.8,3.6,1,2,0,1,2,2,7.1,172,6.9
12,Jack Layne,158966,QB,NEW MEXICO,1,65.2,23,25,11.6,2.68,0,2,7.4,52.0,13,0,12,13.3,32,2,10,241,70.0,78.7,79.0,63.5,0,0,34,0,33.3,83.1,12.5,4,3,0,2,0,0,0.0,226,9.0
12,Robby Ashford,131702,QB,WAKE,1,70.8,24,25,5.6,3.06,1,1,4.0,60.0,15,0,8,11.8,29,2,7,339,33.4,61.9,54.8,67.4,0,0,29,0,25.0,97.3,6.9,2,2,0,0,1,2,6.9,191,7.6
12,Dru DeShields,176094,QB,KENT STATE,1,73.9,23,24,9.5,2.49,1,1,4.2,66.7,16,0,10,5.9,26,1,12,201,28.8,69.4,81.3,36.7,0,0,26,1,10.0,149.3,3.8,1,0,0,0,5,0,0.0,315,13.1
12,Fernando Mendoza,158323,QB,INDIANA,1,95.8,24,24,8.8,2.87,0,2,8.0,91.7,22,0,7,4.3,29,1,11,190,68.8,85.8,83.8,62.8,0,0,30,0,71.4,158.2,17.2,5,0,0,0,4,0,0.0,299,12.5
12,Grayson Loftis,170054,QB,CHARLOTTE,1,65.0,20,24,9.8,2.87,1,0,0.0,54.2,13,0,15,0.0,30,0,6,136,68.8,49.8,52.3,51.5,2,0,30,0,20.0,64.6,10.0,3,3,0,1,0,1,3.3,100,4.2
12,Kaden Anderson,127312,QB,WYOMING,1,38.1,21,24,10.6,3.07,1,0,0.0,25.0,6,0,8,25.0,27,2,1,351,70.1,38.6,35.1,63.9,1,1,28,1,25.0,22.2,7.4,2,1,0,1,0,1,3.6,64,2.7
12,John Mateer,158516,QB,OKLAHOMA,1,76.2,21,24,6.0,2.82,1,0,0.0,62.5,15,0,5,6.3,27,1,7,261,72.3,59.0,51.2,65.8,1,0,29,1,20.0,78.1,3.7,1,2,0,1,0,1,3.4,138,5.8
12,Zevi Eckhaus,148535,QB,WASH STATE,1,77.3,22,24,5.1,2.5,0,0,0.0,70.8,17,0,8,0.0,25,0,7,341,72.6,71.9,62.1,72.6,1,0,27,0,0.0,100.3,0.0,0,1,0,1,1,1,3.7,146,6.1
12,Tommy Castellanos,158433,QB,FLORIDA ST,1,60.9,23,24,10.3,2.56,0,2,7.7,50.0,12,0,4,14.3,26,2,12,167,70.6,84.0,75.6,78.1,0,0,28,0,0.0,90.5,0.0,0,2,0,1,1,0,0.0,189,7.9
12,Joe Labas,144847,QB,C MICHIGAN,1,79.2,24,24,8.9,2.65,0,1,4.2,75.0,18,0,6,5.3,26,1,8,134,67.8,62.0,62.6,57.8,0,2,26,0,16.7,100.5,3.8,1,1,0,0,2,1,3.8,247,10.3
12,Bishop Davenport,163426,QB,S ALABAMA,1,78.3,23,23,4.7,2.18,0,1,3.7,73.9,17,0,4,5.6,26,1,11,288,36.7,72.7,69.8,65.9,0,0,30,2,25.0,93.0,3.8,1,2,0,0,0,1,3.3,162,7.0
12,Joey Aguilar,174978,QB,TENNESSEE,1,81.8,22,23,9.0,3.24,0,1,4.3,73.9,17,0,5,5.6,25,1,10,307,68.3,81.8,82.1,61.8,0,2,25,0,0.0,78.9,0.0,0,2,0,1,1,0,0.0,204,8.9
12,Joe Fagnano,104768,QB,UCONN,1,78.3,23,23,3.6,2.17,0,0,0.0,65.2,15,0,4,16.7,24,3,7,146,68.4,67.0,59.5,72.6,0,1,26,0,0.0,66.4,0.0,0,1,0,0,0,0,0.0,155,6.7
12,Walker Eget,146170,QB,S JOSE ST,1,66.7,21,23,10.4,3.5,0,0,0.0,47.8,11,0,10,21.4,29,3,4,285,68.2,29.9,28.7,58.2,0,3,30,0,0.0,15.8,0.0,0,6,0,2,0,3,10.0,74,3.2
12,Luke Duncan,173972,QB,UCLA,1,82.6,23,23,3.3,2.02,0,0,0.0,69.6,16,0,7,15.8,23,3,6,324,67.5,51.9,53.3,,0,0,23,1,0.0,102.4,0.0,0,0,0,0,1,1,4.3,154,6.7
12,Josh Hoover,127148,QB,TCU,1,54.5,22,23,11.0,3.39,0,1,4.2,43.5,10,0,16,16.7,31,2,8,305,69.9,56.4,64.6,45.4,0,2,33,0,25.0,35.2,12.9,4,4,0,1,0,1,3.0,183,8.0
12,Kiael Kelly,145634,QB,BALL ST,1,61.9,21,22,4.6,3.16,0,1,4.3,59.1,13,0,15,0.0,31,0,5,117,71.2,58.1,39.2,77.7,0,1,32,0,26.7,44.9,12.9,4,5,0,1,0,1,3.1,62,2.8
12,Cutter Boley,184630,QB,KENTUCKY,1,90.5,21,21,5.7,2.66,0,1,4.5,85.7,18,0,5,5.3,24,1,12,202,67.7,86.9,79.9,76.5,0,0,25,0,20.0,129.4,4.2,1,2,0,0,1,0,0.0,236,11.2
12,AJ Hairston,184157,QB,UMASS,1,75.0,20,21,6.6,2.96,0,0,0.0,61.9,13,0,11,13.3,24,2,7,216,67.9,54.8,53.8,60.8,0,0,24,0,9.1,71.7,4.2,1,2,0,1,0,0,0.0,91,4.3
12,Goose Crowder,144781,QB,TROY,1,60.0,20,21,10.7,2.85,0,1,4.8,52.4,11,0,19,8.3,33,1,6,318,29.1,54.0,49.8,64.5,0,1,33,0,42.1,44.7,24.2,8,4,0,1,0,2,6.1,95,4.5
12,Colton Joseph,172283,QB,DOMINION,1,70.6,17,20,12.9,2.88,2,2,9.1,50.0,10,0,7,16.7,24,2,5,263,37.3,74.4,76.5,62.1,1,0,26,0,14.3,91.0,4.2,1,3,0,0,1,0,0.0,147,7.4
12,Behren Morton,144747,QB,TEXAS TECH,1,75.0,20,20,8.1,2.54,0,1,4.8,70.0,14,0,3,6.7,20,1,6,315,67.2,72.8,72.5,,0,0,21,0,0.0,108.1,0.0,0,0,0,0,1,1,4.8,149,7.5
12,Taylen Green,145996,QB,ARKANSAS,1,61.1,18,20,8.7,3.18,0,0,0.0,55.0,11,0,11,0.0,26,0,7,111,72.6,59.7,46.4,70.9,0,2,27,1,27.3,42.7,11.5,3,3,0,2,0,1,3.7,165,8.3
12,Brandon Rose,158503,QB,UMASS,1,73.7,19,20,9.4,2.83,0,0,0.0,55.0,11,0,6,21.4,23,3,6,216,18.9,56.5,55.3,60.3,1,0,24,0,33.3,69.0,8.7,2,1,0,0,0,3,12.5,101,5.1
12,Carter Jones,198923,QB,NEVADA,1,84.2,19,19,5.2,2.28,0,0,0.0,84.2,16,0,4,0.0,21,0,11,239,68.0,72.5,68.8,63.2,0,0,22,0,50.0,144.5,9.5,2,0,0,0,2,0,0.0,195,10.3
12,Demond Williams Jr.,183648,QB,WASHINGTON,1,89.5,19,19,8.1,3.27,0,2,10.0,84.2,16,0,9,5.9,24,1,10,340,68.9,87.0,92.1,54.9,0,0,25,0,0.0,153.8,0.0,0,5,0,0,2,0,0.0,257,13.5
12,Baylor Hayes,192135,QB,TULSA,1,76.5,17,19,9.9,2.83,0,3,13.6,63.2,12,0,7,7.7,22,1,7,320,69.5,77.3,70.8,72.6,0,0,26,0,14.3,109.1,4.5,1,2,0,2,1,2,7.7,168,8.8
12,Mark Gronowski,138303,QB,IOWA,1,68.4,19,19,7.3,2.73,0,2,10.0,63.2,12,0,3,7.7,19,1,7,192,30.8,70.0,65.8,61.2,0,1,22,0,0.0,79.3,0.0,0,0,0,0,1,1,4.5,132,6.9
12,Aidan Armenta,175731,QB,LA MONROE,1,66.7,18,19,13.1,2.52,1,1,4.8,52.6,10,0,4,16.7,23,2,4,209,67.8,48.4,52.5,48.1,0,1,26,0,50.0,42.0,8.7,2,2,0,0,0,1,3.8,82,4.3
12,Parker Navarro,123758,QB,OHIO,1,47.4,19,19,12.5,3.97,0,0,0.0,42.1,8,0,12,11.1,29,1,8,259,72.3,47.2,29.4,71.8,0,1,30,1,16.7,31.9,6.9,2,8,0,0,0,3,10.0,76,4.0
12,Matt Zollers,198887,QB,MISSOURI,1,69.2,13,18,9.0,2.37,1,0,0.0,44.4,8,0,3,11.1,18,1,4,229,68.3,67.3,66.4,60.1,0,1,18,2,0.0,78.9,0.0,0,0,1,3,2,0,0.0,112,6.2
12,Max Cutforth,176220,QB,BOISE ST,1,88.2,17,18,6.1,2.38,0,1,5.0,66.7,12,0,3,20.0,20,3,3,120,22.9,69.2,67.4,62.3,1,0,22,0,33.3,81.7,5.0,1,1,0,0,0,1,4.5,104,5.8
12,Adam Damante,170711,QB,NEW MEX ST,1,83.3,18,18,8.0,2.51,0,0,0.0,66.7,12,1,4,20.0,22,3,6,242,67.6,66.2,65.0,61.8,0,1,24,1,50.0,68.5,9.1,2,2,0,0,0,0,0.0,147,8.2
12,Kyron Drones,144506,QB,VA TECH,1,52.9,17,17,16.9,3.81,0,0,0.0,52.9,9,0,11,0.0,28,0,11,337,34.8,59.6,45.3,69.7,0,1,29,0,9.1,73.2,3.6,1,9,0,0,1,2,6.9,130,7.6
12,Mitch Griffis,123386,QB,TEXAS TECH,1,100.0,13,17,6.8,2.46,3,2,10.5,76.5,13,0,3,0.0,17,0,8,315,69.7,91.0,91.3,63.3,0,0,19,0,0.0,101.3,0.0,0,0,0,1,0,0,0.0,145,8.5
12,Brad Jackson,184354,QB,TEXAS ST,1,93.8,16,17,2.8,2.85,0,0,0.0,82.4,14,0,7,6.7,26,1,11,314,72.6,76.9,73.5,68.2,0,0,28,0,14.3,133.3,3.8,1,8,0,1,1,0,0.0,192,11.3
12,Blake Horvath,162555,QB,NAVY,1,57.1,14,15,14.5,3.01,0,2,11.8,53.3,8,0,7,0.0,19,0,6,237,42.9,60.0,72.6,51.4,0,0,21,0,14.3,109.6,5.3,1,3,0,1,1,0,0.0,147,9.8
12,Carter Smith,199578,QB,WISCONSIN,1,76.9,13,15,5.8,3.06,0,0,0.0,60.0,9,0,11,10.0,17,1,3,349,26.5,36.9,44.3,43.0,1,1,17,0,18.2,73.8,11.8,2,0,0,1,1,1,5.9,98,6.5
12,Gabarri Johnson,175905,QB,OREGON ST,1,42.9,14,14,5.1,2.84,0,0,0.0,42.9,6,0,5,0.0,18,0,2,265,67.0,34.7,30.0,62.2,0,0,19,0,40.0,50.9,11.1,2,2,0,0,0,0,0.0,44,3.1
12,Devon Dampier,171556,QB,UTAH,1,50.0,12,13,12.3,3.49,0,0,0.0,46.2,6,0,5,0.0,15,0,7,328,71.1,62.6,55.7,67.0,0,0,15,0,20.0,105.8,6.7,1,1,0,1,2,0,0.0,80,6.2
12,Caden Creel,170414,QB,JVILLE ST,1,83.3,12,13,10.6,3.56,1,2,13.3,61.5,8,0,8,20.0,22,2,5,196,70.5,92.8,93.2,76.5,0,0,25,1,12.5,97.3,4.5,1,8,0,0,0,0,0.0,137,10.5
12,Broc Lowry,173383,QB,W MICHIGAN,1,75.0,12,13,7.7,2.89,0,0,0.0,61.5,8,0,5,11.1,15,1,5,347,75.9,72.0,65.9,67.6,0,0,15,0,0.0,94.1,0.0,0,1,0,1,0,0,0.0,127,9.8
12,Ethan Grunkemeyer,183606,QB,PENN STATE,1,90.0,10,13,7.7,4.01,1,1,7.7,61.5,8,0,7,11.1,21,1,6,266,25.9,61.2,56.4,63.7,0,0,21,0,57.1,133.7,19.0,4,4,0,2,2,1,4.8,127,9.8
12,Dexter Williams II,129457,QB,KENNESAW,1,69.2,13,13,15.9,3.51,0,2,13.3,61.5,8,0,5,11.1,15,1,7,200,67.5,73.7,75.3,59.2,0,1,17,0,0.0,83.5,0.0,0,2,0,0,1,2,11.8,114,8.8
12,Jackson Brousseau,173480,QB,COLO STATE,1,88.9,9,11,1.1,2.63,0,0,0.0,72.7,8,0,7,0.0,12,0,0,144,22.6,40.3,56.1,35.3,1,0,15,0,14.3,77.1,8.3,1,0,0,1,0,0,0.0,38,3.5
12,Maalik Murphy,157302,QB,OREGON ST,1,50.0,10,11,13.5,3.08,0,0,0.0,45.5,5,0,4,0.0,11,0,2,265,65.6,50.3,49.2,,0,0,11,0,0.0,61.2,0.0,0,0,0,1,0,0,0.0,56,5.1
12,Tristan Ti'a,204242,QB,OREGON ST,1,72.7,11,11,11.9,2.89,0,1,7.7,72.7,8,0,3,0.0,12,0,7,265,67.1,83.6,81.6,63.0,0,0,14,0,33.3,154.4,8.3,1,0,0,0,2,0,0.0,141,12.8
12,Evan Bullock,170452,QB,LA TECH,1,50.0,10,10,7.6,2.65,0,0,0.0,40.0,4,0,3,20.0,13,1,3,208,66.2,53.0,51.8,64.3,0,0,14,1,66.7,50.4,15.4,2,1,0,0,0,0,0.0,36,3.6
12,Jayden Denegal,158533,QB,S DIEGO ST,1,70.0,10,10,4.1,2.74,0,0,0.0,60.0,6,0,2,14.3,11,1,1,284,71.1,64.4,61.4,61.9,0,0,11,0,0.0,64.6,0.0,0,1,0,0,0,0,0.0,17,1.7
12,Gunnar Gray,171202,QB,BUFFALO,1,75.0,8,9,9.0,2.32,1,1,10.0,66.7,6,0,0,0.0,9,0,2,126,65.4,60.6,60.1,,0,1,10,0,,80.1,0.0,0,0,0,0,1,1,10.0,54,6.0
12,Trey Kukuk,198675,QB,LA TECH,1,62.5,8,9,2.0,2.73,0,0,0.0,55.6,5,0,3,0.0,12,0,1,208,71.6,27.1,24.5,59.6,0,1,13,1,33.3,21.3,8.3,1,2,1,0,0,2,15.4,24,2.7
12,JJ Kohl,174674,QB,APP STATE,1,85.7,7,8,9.9,2.11,0,1,11.1,75.0,6,0,1,0.0,8,0,3,108,65.1,73.4,73.0,,0,0,9,0,0.0,146.4,0.0,0,0,0,1,1,0,0.0,81,10.1
12,Kemper Hodges,186426,QB,AIR FORCE,1,57.1,7,8,10.6,3.19,0,0,0.0,50.0,4,0,3,0.0,9,0,3,101,72.1,69.4,62.1,67.4,0,0,10,0,0.0,60.4,0.0,0,1,0,1,0,0,0.0,32,4.0
12,Samari Collier,144801,QB,COAST CAR,1,40.0,5,6,12.8,2.57,1,0,0.0,33.3,2,0,3,0.0,7,0,2,141,23.3,46.3,47.2,55.7,0,0,9,0,0.0,42.4,0.0,0,1,0,0,0,0,0.0,18,3.0
12,Eli Holstein,172381,QB,PITTSBURGH,1,50.0,6,6,14.8,2.85,0,0,0.0,50.0,3,0,3,0.0,6,0,1,268,66.2,46.4,47.2,58.1,0,0,8,0,0.0,99.3,0.0,0,0,0,0,1,1,12.5,23,3.8
12,Ryan Browne,174949,QB,PURDUE,1,20.0,5,6,15.0,3.67,0,0,0.0,16.7,1,0,5,0.0,7,0,1,273,66.2,26.5,26.1,59.6,0,1,8,0,20.0,0.0,14.3,1,0,0,1,0,2,25.0,17,2.8
12,Brennen Ward,200146,QB,KENTUCKY,1,100.0,5,6,5.2,2.6,1,0,0.0,50.0,3,0,2,40.0,6,2,1,202,64.6,80.9,80.5,,0,0,7,0,0.0,61.1,0.0,0,0,0,0,0,0,0.0,25,4.2
12,Tama Amisone,199154,QB,S JOSE ST,1,80.0,5,5,15.8,5.11,0,0,0.0,80.0,4,0,4,0.0,7,0,4,285,67.1,88.8,77.1,75.4,0,0,7,0,0.0,115.8,0.0,0,2,0,0,0,0,0.0,59,11.8
12,Kamario Taylor,198868,QB,MISS STATE,1,100.0,5,5,3.6,3.21,0,0,0.0,80.0,4,0,4,20.0,8,1,4,227,71.1,58.2,61.6,60.0,0,0,10,1,50.0,136.3,25.0,2,1,0,0,1,0,0.0,36,7.2
12,Zach Wilcke,156836,QB,CHARLOTTE,1,75.0,4,5,12.8,3.5,0,0,0.0,60.0,3,0,3,0.0,6,0,2,136,64.2,41.3,43.8,57.0,0,1,6,1,0.0,50.8,0.0,0,1,0,1,0,1,16.7,46,9.2
12,Jalen Macon,153929,QB,N ILLINOIS,1,75.0,4,4,8.8,3.17,0,0,0.0,75.0,3,0,0,0.0,6,0,2,254,72.7,80.2,61.9,74.8,0,0,6,0,,156.3,0.0,0,2,0,0,1,0,0.0,73,18.3
12,Robert McDaniel,199153,QB,S JOSE ST,1,25.0,4,4,11.3,2.9,0,0,0.0,25.0,1,0,1,0.0,5,0,1,285,64.2,37.1,37.1,,0,1,6,0,100.0,0.0,20.0,1,0,0,0,0,1,16.7,12,3.0
12,Brady Davidson,199832,QB,N ILLINOIS,1,75.0,4,4,10.5,2.4,0,1,25.0,75.0,3,0,0,0.0,4,0,2,254,65.2,84.5,85.7,60.0,0,0,4,0,,147.9,0.0,0,0,0,0,1,0,0.0,42,10.5
12,Mason Drube,200056,QB,WYOMING,1,50.0,4,4,5.8,3.48,0,0,0.0,50.0,2,0,3,0.0,6,0,1,351,68.0,28.5,28.4,50.8,0,0,6,0,33.3,57.3,16.7,1,1,0,0,0,1,16.7,13,3.3
12,Liam Szarka,197814,QB,AIR FORCE,1,66.7,3,3,14.3,2.67,0,1,33.3,66.7,2,0,1,0.0,3,0,2,101,71.1,68.2,74.7,58.9,0,0,3,0,0.0,104.9,0.0,0,0,0,0,0,0,0.0,34,11.3
12,Emory Williams,170099,QB,MIAMI FL,1,66.7,3,3,5.7,1.8,0,0,0.0,66.7,2,0,0,0.0,3,0,1,220,62.7,60.7,60.4,,0,0,3,0,,102.1,0.0,0,0,0,0,0,0,0.0,32,10.7
12,Braxton Woodson,175276,QB,NAVY,1,100.0,2,3,13.5,2.97,0,0,0.0,66.7,2,0,1,0.0,3,0,1,237,72.3,90.8,85.1,75.2,0,0,3,0,0.0,109.7,0.0,0,0,0,1,0,0,0.0,39,13.0
12,Brock Thomas,176601,QB,OREGON,1,100.0,3,3,6.0,2.38,0,0,0.0,100.0,3,0,1,0.0,4,0,1,264,63.3,68.5,75.4,57.0,0,0,4,0,0.0,101.4,0.0,0,1,0,0,0,0,0.0,25,8.3
12,Lincoln Kienholz,170256,QB,OHIO STATE,1,100.0,3,3,10.3,3.15,0,0,0.0,100.0,3,0,2,0.0,4,0,3,260,63.3,74.8,81.2,57.3,0,0,4,0,0.0,113.9,0.0,0,1,0,0,0,0,0.0,34,11.3
12,Byrd Ficklin,199457,QB,UTAH,1,100.0,3,3,6.7,2.5,0,0,0.0,66.7,2,0,0,33.3,4,1,3,328,70.4,97.3,82.1,96.7,0,0,4,0,,89.6,0.0,0,1,0,0,0,0,0.0,23,7.7
12,Kai Horton,144418,QB,WASHINGTON,1,66.7,3,3,12.7,3.48,0,0,0.0,66.7,2,0,2,0.0,5,0,3,340,67.9,81.8,75.5,68.7,0,0,5,0,50.0,109.0,20.0,1,1,0,0,0,0,0.0,37,12.3
12,Tucker Kilcrease,156863,QB,TROY,1,100.0,2,2,2.0,3.3,0,0,0.0,100.0,2,0,1,0.0,3,0,1,318,62.7,57.1,62.7,57.3,0,0,3,0,0.0,95.8,0.0,0,1,0,0,0,0,0.0,14,7.0
12,Jake Merklinger,184888,QB,TENNESSEE,1,100.0,1,2,-2.0,4.15,0,0,0.0,50.0,1,0,2,0.0,2,0,0,307,61.8,58.9,58.9,,1,0,2,0,0.0,56.3,0.0,0,0,0,0,0,0,0.0,-2,-1.0
12,Ryder Burton,175011,QB,UAB,1,50.0,2,2,19.5,3.0,0,0,0.0,50.0,1,0,0,0.0,2,0,0,321,64.4,50.4,38.5,63.3,0,1,2,0,,18.8,0.0,0,0,0,0,0,1,50.0,7,3.5
12,George MacIntyre,199971,QB,TENNESSEE,1,50.0,2,2,19.0,2.65,0,0,0.0,50.0,1,0,0,0.0,2,0,1,307,61.8,53.4,52.7,,0,0,2,0,,60.4,0.0,0,0,0,0,0,0,0.0,8,4.0
12,Malachi Toney,200155,WR,MIAMI FL,1,50.0,2,2,16.5,2.4,0,1,50.0,50.0,1,0,1,0.0,2,0,1,220,73.3,82.5,73.8,59.5,0,0,2,0,0.0,95.8,0.0,0,0,0,0,0,0,0.0,44,22.0
12,John Hoyet Chance,189821,P,LA TECH,1,0.0,1,1,10.0,1.9,0,0,0.0,0.0,0,0,0,,1,0,0,208,60.3,58.5,57.7,,0,0,1,0,,39.6,0.0,0,0,0,0,0,0,0.0,0,0.0
12,Marcus Beamon,198245,QB,C MICHIGAN,1,,0,1,,3.45,1,0,0.0,0.0,0,0,1,,2,0,0,134,74.1,59.2,56.9,60.0,0,0,3,0,0.0,39.6,0.0,0,1,0,0,0,0,0.0,0,0.0
12,Clay Thevenin,198671,HB,LA TECH,1,100.0,1,1,-4.0,3.0,0,0,0.0,0.0,0,0,0,100.0,1,1,0,208,72.3,59.2,61.0,58.2,0,0,1,0,,39.6,0.0,0,0,0,0,0,0,0.0,0,0.0
12,Sam Jackson V,144682,QB,OKLA STATE,1,100.0,1,1,-7.0,3.1,0,0,0.0,100.0,1,0,0,0.0,1,0,0,262,63.7,61.9,60.4,,0,0,1,0,,79.2,0.0,0,0,0,0,0,0,0.0,-7,-7.0
12,Gavin Wimsatt,155757,QB,JVILLE ST,1,100.0,1,1,55.0,4.3,0,0,0.0,100.0,1,0,0,0.0,1,0,1,196,60.3,59.4,59.3,,0,0,1,0,,158.3,0.0,0,0,0,0,1,0,0.0,62,62.0
12,DJ Burks,157550,S,APP STATE,1,0.0,1,1,3.0,2.5,0,0,0.0,0.0,0,0,0,,1,0,0,108,60.3,54.6,54.4,,0,0,1,0,,39.6,0.0,0,0,0,0,0,0,0.0,0,0.0
12,Jordan Shipp,183338,WR,N CAROLINA,1,0.0,1,1,28.0,3.1,0,0,0.0,0.0,0,0,0,,1,0,0,245,65.3,63.9,50.8,,0,0,1,0,,39.6,0.0,0,0,0,0,0,0,0.0,0,0.0
12,Reece Vander Zee,189694,WR,IOWA,1,100.0,1,1,5.0,3.1,0,0,0.0,100.0,1,0,0,0.0,1,0,1,192,62.4,66.8,73.3,,0,0,1,0,,127.1,0.0,0,0,0,0,1,0,0.0,5,5.0
12,Zavion Thomas,163697,WR,LSU,1,0.0,1,1,19.0,3.6,0,0,0.0,0.0,0,0,0,,1,0,0,211,69.8,69.9,46.8,,0,0,1,1,,39.6,0.0,0,0,0,0,0,0,0.0,0,0.0
12,Eli Heidenreich,162554,FB,NAVY,1,100.0,1,1,25.0,2.7,0,1,100.0,0.0,0,0,1,100.0,1,1,0,237,71.3,77.3,87.7,66.3,0,0,1,0,0.0,39.6,0.0,0,0,0,0,0,0,0.0,0,0.0
12,OJ Arnold,158336,HB,GA SOUTHRN,1,100.0,1,1,29.0,3.6,0,1,100.0,100.0,1,0,0,0.0,1,0,1,174,37.9,87.7,88.1,88.2,0,0,1,0,,158.3,0.0,0,0,0,0,1,0,0.0,73,73.0
12,Ju'Juan Johnson,184458,HB,LSU,1,100.0,1,1,10.0,3.2,0,0,0.0,100.0,1,0,0,0.0,1,0,1,211,65.6,71.8,73.1,62.5,0,0,1,0,,118.8,0.0,0,0,0,0,0,0,0.0,14,14.0
12,Nykahi Davenport,189601,HB,USF,1,100.0,1,1,33.0,3.7,0,0,0.0,100.0,1,0,0,0.0,1,0,1,327,27.2,61.7,75.9,63.7,0,0,1,0,,158.3,0.0,0,0,0,0,1,0,0.0,29,29.0
12,Caullin Lacy,121426,WR,LOUISVILLE,1,100.0,1,1,3.0,3.0,0,0,0.0,100.0,1,0,0,0.0,1,0,1,210,70.5,64.4,73.7,,0,0,1,0,,118.8,0.0,0,0,0,0,1,0,0.0,2,2.0
12,Alberto Mendoza,188673,QB,INDIANA,1,100.0,1,1,4.0,1.7,0,0,0.0,100.0,1,0,0,0.0,1,0,0,190,63.7,67.6,60.4,62.4,0,0,1,0,,91.7,0.0,0,0,0,0,0,0,0.0,6,6.0
12,Bryson Graves,175806,WR,COAST CAR,1,100.0,1,1,32.0,3.8,0,0,0.0,100.0,1,0,0,0.0,1,0,1,141,69.9,54.2,75.7,,0,0,1,0,,158.3,0.0,0,0,0,0,1,0,0.0,75,75.0
12,Jacquon Gibson,158762,WR,UMASS,1,100.0,1,1,5.0,3.0,0,0,0.0,100.0,1,0,0,0.0,1,0,0,216,69.1,64.6,60.4,59.6,0,0,1,0,,87.5,0.0,0,0,0,0,0,0,0.0,5,5.0
12,Brian Rowe Jr.,199945,WR,S CAROLINA,1,100.0,1,1,12.0,3.6,0,0,0.0,100.0,1,0,0,0.0,1,0,1,289,62.4,61.5,72.6,,0,0,1,0,,118.8,0.0,0,0,0,0,0,0,0.0,21,21.0
12,Arrington Maiden,184715,QB,MEMPHIS,1,100.0,1,1,5.0,1.9,0,0,0.0,100.0,1,0,0,0.0,1,0,0,218,61.8,51.3,51.5,,0,0,2,0,,100.0,0.0,0,0,0,0,0,0,0.0,8,8.0
12,Trent Howland,144833,HB,OKLA STATE,1,0.0,1,1,24.0,3.3,0,0,0.0,0.0,0,0,1,,1,0,0,262,69.0,66.9,37.9,76.7,0,1,1,0,0.0,0.0,0.0,0,0,0,0,0,1,100.0,0,0.0
12,Weston Bryan,207846,QB,GA SOUTHRN,1,100.0,1,1,11.0,1.5,0,0,0.0,100.0,1,0,0,0.0,1,0,1,174,65.9,92.3,72.6,77.7,0,0,1,0,,122.9,0.0,0,0,0,0,1,0,0.0,4,4.0
12,Brock Glenn,170335,QB,FLORIDA ST,1,100.0,1,1,4.0,1.8,0,0,0.0,100.0,1,0,0,0.0,1,0,0,167,63.7,70.4,60.4,63.5,0,0,1,0,,87.5,0.0,0,0,0,0,0,0,0.0,5,5.0
12,Luke Nickel,200166,QB,MIAMI FL,1,0.0,1,1,35.0,2.8,0,0,0.0,0.0,0,0,0,,1,0,0,220,60.3,50.2,49.9,,0,0,1,0,,39.6,0.0,0,0,0,0,0,0,0.0,0,0.0
12,Donovan Faupel,175668,WR,NEW MEX ST,1,0.0,1,1,24.0,4.6,0,0,0.0,0.0,0,0,0,,1,0,0,242,67.6,64.4,50.4,,0,0,1,0,,39.6,0.0,0,0,0,0,0,0,0.0,0,0.0
12,Na'eem Abdul-Rahim Gladding,190053,WR,DOMINION,1,100.0,1,1,-4.0,2.8,0,0,0.0,100.0,1,0,1,0.0,1,0,0,263,62.4,55.8,73.5,,0,0,1,0,0.0,87.5,0.0,0,0,0,0,0,0,0.0,5,5.0
12,Robby Washington,170096,WR,COAST CAR,1,100.0,1,1,19.0,3.2,0,0,0.0,100.0,1,0,0,0.0,1,0,1,141,63.7,71.4,72.6,,0,0,1,0,,156.3,0.0,0,0,0,0,1,0,0.0,12,12.0
12,Jack Henry,192029,QB,S DAK ST,1,69.4,49,51,10.2,2.75,1,0,0.0,62.7,32,0,16,5.9,64,2,18,292,72.0,61.4,59.9,62.0,0,2,66,0,37.5,65.3,9.4,6,7,0,1,1,2,3.0,254,5.0
12,Jaden Craig,159342,QB,HARVARD,1,66.7,45,47,10.8,2.52,0,3,6.3,59.6,28,0,8,6.7,48,2,21,179,70.4,67.2,66.1,61.4,0,0,49,0,0.0,107.6,0.0,0,1,2,0,3,4,8.2,390,8.3
12,Taron Dickens,177946,QB,W CAROLINA,1,80.0,45,47,8.0,2.92,2,1,2.0,68.1,32,0,16,11.1,58,4,18,344,43.2,63.5,62.5,61.3,0,0,60,0,18.8,110.2,5.2,3,7,0,0,2,1,1.7,419,8.9
12,Garrett Bass-Sulpizio,171137,QB,CORNELL,1,82.2,45,46,5.2,2.43,0,1,2.0,80.4,37,0,8,0.0,46,0,16,147,70.4,53.9,52.7,62.3,0,0,50,0,0.0,103.6,0.0,0,0,0,1,1,2,4.0,328,7.1
12,Trey Hedden,185848,QB,FURMAN,1,81.0,42,46,5.1,2.22,3,0,0.0,71.7,33,0,10,2.9,46,1,19,170,38.6,72.9,76.8,45.2,0,0,47,0,0.0,101.3,0.0,0,0,0,1,2,0,0.0,275,6.0
12,Brady Olson,147415,QB,CENT CT ST,1,72.1,43,45,9.0,2.31,0,1,2.2,62.2,28,0,14,9.7,48,3,17,133,69.6,62.3,62.5,57.0,0,2,49,0,14.3,104.2,4.2,2,1,0,2,4,0,0.0,423,9.4
12,Cason Carswell,206621,QB,W ILLINOIS,1,59.5,42,44,13.6,3.01,1,6,12.8,50.0,22,0,25,12.0,51,3,13,345,40.3,67.1,66.8,62.8,0,1,54,1,20.0,76.6,9.8,5,2,0,1,2,3,5.6,287,6.5
12,James Murphy,177426,QB,BROWN,1,80.0,40,43,7.2,2.76,0,3,6.4,72.1,31,0,9,3.1,47,1,18,123,70.5,90.7,91.3,53.8,1,0,51,0,22.2,126.1,4.3,2,2,0,2,4,1,2.0,340,7.9
12,Jake Schakel,191466,QB,E WASHGTON,1,84.2,38,42,8.4,2.7,2,1,2.2,73.8,31,0,9,3.1,43,1,16,161,69.4,83.2,83.7,57.3,0,1,46,0,0.0,99.2,0.0,0,1,0,2,2,1,2.2,299,7.1
12,Brady Stober,203110,QB,SAMFORD,1,83.8,37,41,4.4,2.67,1,1,2.4,70.7,29,0,18,6.5,45,2,12,282,71.3,62.9,63.6,58.8,1,1,47,0,22.2,86.0,8.9,4,0,0,2,1,2,4.3,266,6.5
12,Coulter Cleland,165212,QB,DAVIDSON,1,53.8,39,40,10.6,2.94,0,1,2.3,47.5,19,0,14,9.5,45,2,12,149,37.7,42.8,45.4,48.1,0,1,49,0,14.3,59.7,4.4,2,3,0,1,1,3,6.1,193,4.8
12,Ayden Pereira,159129,QB,MERRIMACK,1,65.8,38,40,9.7,3.13,0,1,2.4,47.5,19,0,8,24.0,48,6,15,385,74.4,70.4,57.9,76.8,0,0,50,0,12.5,75.2,2.1,1,7,0,2,2,1,2.0,162,4.1
12,Liam O'Brien,164675,QB,PENN,1,87.2,39,39,8.1,2.83,0,1,2.2,82.1,32,0,7,5.9,40,2,18,267,51.3,86.3,79.3,76.3,0,0,48,0,0.0,121.3,0.0,0,1,0,0,3,1,2.1,271,6.9
12,Stone Earle,123504,QB,ABILENE CH,1,68.4,38,39,7.2,2.79,1,1,2.4,59.0,23,0,12,11.5,44,3,15,100,42.5,72.0,72.0,60.8,0,0,47,0,25.0,83.9,6.8,3,2,0,0,1,2,4.3,226,5.8
12,Johnny Weber,192878,QB,SE MO ST,1,67.6,37,38,9.9,2.66,0,2,5.1,57.9,22,0,7,12.0,41,3,13,293,70.0,65.5,66.0,59.6,0,0,42,0,42.9,80.3,7.3,3,0,0,1,1,2,4.8,193,5.1
12,Kyle Wickersham,148418,QB,RICHMOND,1,66.7,33,37,11.7,2.38,0,2,5.4,54.1,20,0,8,9.1,39,2,12,276,72.9,84.0,74.9,75.7,1,1,39,0,12.5,80.5,2.6,1,1,2,1,2,1,2.6,236,6.4
12,Matt Vezza,176960,QB,NEW HAMP,1,82.9,35,37,5.5,2.12,0,0,0.0,73.0,27,0,8,6.9,38,2,16,240,70.7,82.8,79.9,69.2,0,1,40,0,12.5,128.3,2.6,1,0,0,2,5,1,2.5,329,8.9
12,Tyriq Starks,156514,QB,HOWARD,1,70.6,34,37,10.4,3.65,0,1,2.6,56.8,21,0,10,12.5,45,3,13,184,49.1,65.6,60.7,69.5,1,2,48,0,40.0,64.2,8.9,4,4,0,2,1,2,4.2,252,6.8
12,Caden Pinnick,185116,QB,UC DAVIS,1,75.8,33,36,8.1,3.28,1,0,0.0,61.1,22,0,21,12.0,51,3,14,322,21.8,66.5,58.5,71.3,1,2,52,0,28.6,75.5,11.8,6,9,0,1,2,2,3.8,234,6.5
12,Gunnar Smith,162611,QB,FORDHAM,1,69.4,36,36,8.2,2.93,0,1,2.6,61.1,22,0,17,12.0,48,3,14,168,40.5,62.4,61.9,60.3,0,1,50,0,41.2,66.4,14.6,7,5,0,0,0,4,8.0,216,6.0
12,William Atkins IV,148354,QB,SCAR STATE,1,79.4,34,36,10.5,2.67,0,2,5.4,66.7,24,0,12,11.1,46,3,15,290,70.7,72.0,74.1,57.0,0,1,48,0,41.7,110.2,10.9,5,5,0,2,3,1,2.1,314,8.7
12,Carter Peevy,129563,QB,MAINE,1,66.7,33,36,10.0,3.07,1,2,5.3,58.3,21,0,16,4.5,41,1,14,212,70.9,75.4,77.5,57.9,0,1,43,0,12.5,80.8,4.9,2,3,0,2,1,0,0.0,280,7.8
12,Braden Atkinson,201350,QB,MERCER,1,77.8,36,36,9.6,2.47,0,1,2.6,77.8,28,0,1,0.0,37,0,19,219,69.0,72.2,73.0,57.3,0,1,40,1,0.0,131.8,0.0,0,1,0,0,5,1,2.5,321,8.9
12,Jordan Cooke,175116,QB,IDAHO ST,1,63.9,36,36,14.4,2.87,0,3,7.7,55.6,20,0,7,13.0,38,3,15,186,72.5,74.9,70.5,69.6,0,0,41,0,0.0,95.3,0.0,0,2,0,0,1,2,4.9,325,9.0
12,Eric Handley,185928,QB,ALAB A&M,1,62.5,32,36,6.5,2.46,1,1,2.8,55.6,20,0,13,0.0,40,0,9,104,69.9,47.8,45.3,59.9,1,1,40,0,15.4,72.3,5.0,2,2,1,1,1,2,5.0,227,6.3
12,Austin Myers,164221,QB,CENT ARK,1,54.5,33,35,12.4,2.54,0,3,8.6,51.4,18,0,9,0.0,37,0,10,132,69.3,57.1,59.6,56.7,0,1,37,1,11.1,69.6,2.7,1,1,0,2,1,1,2.7,227,6.5
12,J.T. Fayard,172783,QB,WOFFORD,1,69.0,29,35,8.6,1.96,0,0,0.0,51.4,18,0,9,10.0,35,2,10,350,69.3,52.4,51.0,60.0,1,0,37,0,0.0,79.5,0.0,0,0,1,4,1,1,2.7,210,6.0
12,Jake Strong,173651,QB,MCNEESE,1,75.8,33,35,5.0,2.52,0,1,2.9,71.4,25,0,17,0.0,45,0,14,217,71.3,74.4,76.4,60.0,0,2,45,0,29.4,80.1,11.1,5,5,0,2,1,0,0.0,275,7.9
12,Hayden Benoit,209683,QB,GRAMBLING,1,59.4,32,34,9.3,2.7,1,1,2.9,47.1,16,0,10,15.8,40,3,11,177,69.0,61.9,64.7,56.1,0,0,41,1,20.0,59.2,5.0,2,4,0,1,0,2,4.9,146,4.3
12,DJ Williams,138061,QB,S ILLINOIS,1,69.0,29,33,15.4,3.24,0,4,11.1,57.6,19,0,12,5.0,38,1,15,295,73.4,65.4,65.3,61.1,0,1,41,0,0.0,114.5,0.0,0,5,2,2,4,2,4.9,297,9.0
12,Carson Camp,141837,QB,SE LA,1,70.0,30,33,8.1,2.61,0,1,2.9,57.6,19,0,6,9.5,35,2,11,294,69.7,55.4,54.2,60.2,0,0,36,0,16.7,85.3,2.9,1,1,0,3,1,1,2.8,199,6.0
12,Kamden Sixkiller,133096,QB,CAMPBELL,1,72.7,33,33,8.4,2.92,0,1,2.9,69.7,23,0,6,4.2,41,1,12,131,22.3,57.8,57.1,60.2,0,1,43,0,33.3,81.4,4.9,2,6,0,0,0,3,7.0,268,8.1
12,Jack Shields,156830,QB,ALBANY,1,66.7,30,33,8.8,2.69,0,1,2.9,51.5,17,0,14,15.0,40,3,8,106,70.0,59.4,56.6,65.2,0,2,41,0,35.7,51.1,12.5,5,2,0,3,1,2,4.9,168,5.1
12,Dijon Jennings,156891,QB,WEBER ST,1,81.8,33,33,3.9,3.32,0,0,0.0,72.7,24,0,13,11.1,41,3,9,342,70.0,55.8,54.5,59.9,0,0,42,1,23.1,86.9,7.3,3,5,0,0,0,1,2.4,192,5.8
12,Baxter Wright,192540,QB,MURRAY ST,1,69.7,33,33,7.3,2.3,0,0,0.0,66.7,22,0,11,4.3,43,1,8,236,42.6,44.7,39.7,61.5,0,1,45,0,45.5,62.7,11.6,5,4,0,0,0,2,4.4,140,4.2
12,Quinn Boyd,191683,QB,STNY BROOK,1,66.7,33,33,7.8,2.48,0,1,2.9,63.6,21,0,12,4.5,37,1,10,303,70.2,61.8,56.7,69.3,0,0,38,0,16.7,100.3,5.4,2,2,0,0,1,1,2.6,278,8.4
12,Maddox Kopp,144251,QB,HOUCHR,1,63.0,27,32,10.4,2.64,1,1,2.8,46.9,15,0,8,11.8,38,2,11,183,73.5,68.6,59.1,72.7,2,0,42,0,12.5,85.8,2.6,1,5,0,2,2,2,4.8,183,5.7
12,Jaylon Tolbert,154757,QB,ALCORN ST,1,82.8,29,32,7.1,2.93,0,0,0.0,71.9,23,0,9,4.2,35,1,9,107,72.7,62.8,54.2,74.6,0,0,36,1,22.2,83.7,5.7,2,1,1,2,0,1,2.8,167,5.2
12,Tommy Rittenhouse,148028,QB,ILL STATE,1,60.0,30,32,8.0,2.53,1,1,3.1,53.1,17,0,10,5.6,35,1,11,188,72.4,60.2,63.9,53.2,0,0,35,0,10.0,96.0,2.9,1,2,0,1,3,0,0.0,141,4.4
12,Andy Peters,128138,QB,STTHOM,1,60.0,30,31,11.3,3.05,0,2,6.3,51.6,16,0,12,11.1,36,2,8,1129,35.8,57.6,48.8,75.4,0,2,37,0,25.0,37.6,8.3,3,2,0,1,0,3,8.1,144,4.6
12,Gavin Rutherford,178188,QB,STF AUSTIN,1,74.1,27,31,6.2,3.0,2,0,0.0,54.8,17,0,15,15.0,39,3,14,301,71.5,62.8,53.8,71.9,2,1,42,0,13.3,53.2,5.1,2,6,0,0,0,1,2.4,140,4.5
12,Walker Harris,150449,QB,NC CENT,1,46.7,30,31,13.5,2.68,0,1,2.9,41.9,13,0,11,7.1,35,1,9,247,30.6,54.2,54.5,57.3,1,0,38,0,27.3,77.1,8.6,3,1,0,0,1,1,2.6,218,7.0
12,Ridge Docekal,158965,QB,BRYANT,1,76.0,25,30,7.8,2.91,1,1,3.0,53.3,16,0,12,15.8,33,3,6,124,29.9,78.0,76.9,68.6,1,1,36,1,16.7,51.5,6.1,2,1,0,3,0,1,2.8,136,4.5
12,Chris Parson,172551,QB,AUSTINPEAY,1,69.0,29,30,8.1,2.75,0,0,0.0,53.3,16,0,9,20.0,35,4,11,116,37.6,68.8,70.6,59.0,0,1,36,0,11.1,80.6,2.9,1,4,1,0,1,1,2.8,265,8.8
12,Beau Brungard,164897,QB,YNGTOWN ST,1,82.1,28,30,9.8,3.24,0,2,6.5,76.7,23,0,14,0.0,36,0,16,353,73.7,84.0,82.0,69.5,0,0,37,0,14.3,136.0,5.6,2,4,0,2,3,0,0.0,264,8.8
12,Pat McQuaide,145792,QB,VILLANOVA,1,64.3,28,30,14.6,2.95,1,3,9.7,60.0,18,0,11,0.0,35,0,12,334,35.2,75.6,76.3,60.3,0,0,36,0,36.4,130.6,11.4,4,1,0,1,4,1,2.8,280,9.3
12,Aidan Bouman,122508,QB,S DAKOTA,1,75.9,29,30,10.7,2.83,0,6,17.1,70.0,21,0,10,4.5,32,1,16,291,69.3,91.8,91.4,66.3,0,1,37,0,10.0,127.8,3.1,1,1,0,1,5,1,2.7,300,10.0
12,Vinson Berry,191788,QB,NORFOLK,1,60.0,30,30,7.7,2.44,0,1,3.2,53.3,16,0,9,11.1,33,2,8,244,69.1,41.6,45.0,57.7,0,2,34,0,33.3,64.3,9.1,3,0,0,0,2,2,5.9,168,5.6
12,Eric Rodriguez,160057,QB,TXAMCO,1,71.4,28,30,10.4,2.29,1,1,3.0,66.7,20,0,5,0.0,33,0,17,1139,23.9,59.0,63.8,51.2,0,1,36,0,20.0,115.8,3.0,1,2,0,1,4,5,13.9,234,7.8
12,Rowan Keefe,165386,QB,VALPO,1,70.4,27,29,9.7,2.57,1,2,5.9,65.5,19,0,12,0.0,37,0,15,332,34.7,81.7,74.9,76.9,0,0,42,0,25.0,111.7,8.1,3,5,1,0,2,1,2.4,223,7.7
12,Ty Pennington,185022,QB,N ARIZONA,1,88.5,26,29,11.8,2.72,1,6,20.0,75.9,22,0,4,4.3,31,1,14,252,71.6,94.1,95.9,54.7,0,1,32,0,25.0,141.7,3.2,1,1,0,2,4,1,3.1,356,12.3
12,Jacolby Criswell,122830,QB,E TENN ST,1,67.9,28,29,14.0,2.92,0,3,10.0,58.6,17,0,11,10.5,34,2,17,157,70.5,86.1,88.0,63.1,0,0,36,0,9.1,124.4,2.9,1,4,0,1,3,0,0.0,271,9.3
12,Eddie Lee Marburger,145511,QB,TXRG,1,62.1,29,29,14.0,3.26,0,4,13.8,58.6,17,0,16,5.6,34,1,12,1445,29.9,79.0,82.7,56.2,0,0,34,0,6.3,127.4,2.9,1,4,0,0,4,1,2.9,257,8.9
12,Connor Wolf,191443,QB,E ILLINOIS,1,72.0,25,29,8.4,2.56,1,0,0.0,58.6,17,0,10,5.6,33,1,7,158,68.5,53.0,55.3,52.3,2,0,33,0,20.0,81.1,6.1,2,2,0,1,1,0,0.0,130,4.5
12,Cam'Ron Ransom,147110,QB,BETH COOK,1,60.0,25,28,12.3,3.35,1,1,3.6,53.6,15,0,13,0.0,35,0,10,119,39.3,54.4,55.1,56.8,1,2,35,0,15.4,49.0,5.7,2,5,0,1,0,1,2.9,215,7.7
12,Landen Clark,188534,QB,ELON,1,66.7,24,28,12.1,3.74,1,1,3.6,46.4,13,0,18,18.8,37,3,10,162,71.8,84.3,78.6,74.2,0,0,38,0,22.2,98.5,10.8,4,5,0,3,2,0,0.0,228,8.1
12,Dez Thomas II,177368,QB,GEORGETOWN,1,73.1,26,28,6.9,3.06,0,1,3.1,64.3,18,0,10,5.3,33,1,6,172,72.1,71.3,64.2,71.3,1,0,37,0,20.0,99.7,6.1,2,3,0,1,2,1,2.7,136,4.9
12,Andrew Indorf,201895,QB,TOWSON,1,67.9,28,28,8.4,2.92,0,2,6.3,57.1,16,0,6,15.8,31,3,11,317,30.0,66.7,64.0,64.8,0,0,35,1,33.3,90.8,6.5,2,1,0,0,1,1,2.9,196,7.0
12,Davin Wydner,163672,QB,W GEORGIA,1,87.5,24,28,7.1,3.07,0,0,0.0,64.3,18,0,8,14.3,31,3,11,1177,68.8,65.4,65.3,58.6,0,0,31,0,12.5,97.5,3.2,1,2,0,4,1,0,0.0,201,7.2
12,Ashten Snelsire,159175,QB,RICHMOND,1,62.5,24,28,6.7,2.57,2,1,3.6,50.0,14,0,8,6.7,31,1,4,276,69.3,53.6,49.7,65.2,2,0,31,0,12.5,59.7,3.2,1,2,0,0,0,1,3.2,107,3.8
12,Jake Stearney,171991,QB,COLGATE,1,64.0,25,28,11.7,2.77,0,2,7.1,53.6,15,0,13,6.3,31,1,6,142,68.8,60.3,64.6,53.7,1,1,31,1,15.4,66.2,6.5,2,1,0,2,1,0,0.0,151,5.4
12,Bronson Barron,141710,QB,SO UTAH,1,80.8,26,27,7.1,2.54,0,1,3.7,74.1,20,0,5,4.8,30,1,12,298,70.2,69.4,65.1,67.5,0,1,30,0,20.0,79.9,3.3,1,2,1,0,0,1,3.3,204,7.6
12,Frankie Weaver,191675,QB,MONMOUTH,1,73.1,26,27,10.8,2.03,1,1,3.7,70.4,19,0,0,0.0,27,0,16,231,67.9,82.6,81.9,,0,0,27,0,,152.4,0.0,0,0,0,0,6,0,0.0,428,15.9
12,Bronson Barben,188632,QB,UTAHTC,1,64.0,25,27,10.0,3.03,1,0,0.0,55.6,15,0,10,6.3,33,1,6,1285,19.8,41.5,41.0,54.3,0,1,34,1,10.0,54.7,3.0,1,5,0,1,0,3,8.8,141,5.2
12,Adam Urena,186682,QB,MERCYHURST,1,84.0,25,27,6.8,2.67,0,0,0.0,70.4,19,0,10,9.5,33,2,13,977,70.1,53.4,50.2,62.5,0,1,36,0,30.0,89.3,9.1,3,3,0,2,1,3,8.3,205,7.6
12,Collin Hurst,177732,QB,PRESBYTERN,1,73.1,26,27,7.9,2.51,0,3,10.3,70.4,19,0,11,0.0,34,0,12,271,21.3,66.0,62.2,67.4,0,1,36,1,36.4,110.7,11.8,4,3,0,1,2,3,8.3,264,9.8
12,Battle Alberson,192097,QB,CHATTNOOGA,1,52.2,23,26,11.8,2.88,0,0,0.0,46.2,12,0,10,0.0,32,0,7,137,40.2,29.5,33.4,40.5,1,2,33,0,30.0,43.1,9.4,3,3,0,2,1,2,6.1,136,5.2
12,Kevin White,178287,QB,NC A&T,1,68.2,22,26,10.0,3.51,0,1,3.8,50.0,13,0,13,13.3,32,2,8,246,69.9,67.5,64.5,65.0,0,0,32,0,15.4,73.9,6.3,2,4,1,3,0,1,3.1,188,7.2
12,Jase Bauer,145714,QB,TENN MARTN,1,76.0,25,26,10.2,2.87,0,2,7.1,69.2,18,0,7,5.3,30,1,14,310,70.3,79.4,74.6,71.3,0,0,32,0,0.0,113.0,0.0,0,4,0,1,1,1,3.1,252,9.7
12,Joshua Wood,163421,QB,IDAHO,1,68.0,25,26,8.9,3.79,0,0,0.0,57.7,15,0,11,11.8,33,2,10,185,71.6,73.9,66.2,71.7,0,1,33,0,0.0,60.1,0.0,0,7,0,1,0,1,3.0,162,6.2
12,Chase Goodwin,171117,QB,COLUMBIA,1,72.0,25,26,11.7,2.66,1,2,7.4,65.4,17,0,11,5.6,28,1,9,145,67.9,68.5,67.9,60.0,0,1,29,0,18.2,105.4,7.1,2,0,0,0,3,2,6.9,165,6.3
12,RJ Johnson,171379,QB,FL A&M,1,87.5,24,25,11.2,2.83,1,4,16.0,84.0,21,0,8,0.0,28,0,13,164,68.7,90.5,92.5,54.6,0,0,29,1,12.5,154.9,3.6,1,2,0,0,3,0,0.0,292,11.7
12,Byron McNair,128017,QB,TENN STATE,1,80.0,25,25,7.7,2.31,0,3,11.1,72.0,18,0,7,10.0,27,2,9,308,69.7,83.7,90.2,48.9,0,0,29,0,14.3,117.3,3.7,1,1,0,0,2,0,0.0,171,6.8
12,Cameron Peters,123326,QB,PRVIEW A&M,1,84.0,25,25,9.9,2.49,0,1,4.0,84.0,21,0,6,0.0,28,0,15,270,69.7,73.2,78.4,53.2,0,0,28,0,0.0,138.8,0.0,0,3,0,0,2,1,3.6,273,10.9
12,Hayden Johnson,185698,QB,LEHIGH,1,68.0,25,25,8.8,2.41,0,1,3.6,68.0,17,0,3,0.0,29,0,7,205,69.9,61.5,68.3,47.5,0,0,32,0,33.3,115.3,3.4,1,3,0,0,1,0,0.0,259,10.4
12,EJ Colson,190335,QB,INCAR WORD,1,73.9,23,25,6.3,2.44,1,2,7.7,64.0,16,0,8,5.9,33,1,6,189,70.5,62.5,64.4,56.6,0,0,35,0,50.0,81.8,12.1,4,4,1,0,0,1,2.9,158,6.3
12,Zolten Osborne,178620,QB,CHARLES SO,1,60.0,25,25,11.6,2.85,0,2,8.0,56.0,14,0,6,6.7,30,1,10,135,68.2,75.8,74.6,62.6,0,1,30,0,50.0,104.8,10.0,3,2,0,0,2,2,6.7,276,11.0
12,Kai Colon,167663,QB,PRINCETON,1,50.0,22,24,11.7,3.3,0,0,0.0,45.8,11,0,20,0.0,37,0,10,272,69.8,36.3,37.6,51.6,0,1,38,1,20.0,53.6,10.8,4,9,1,1,0,2,5.3,177,7.4
12,John-Keawe Sagapolutele,175709,QB,PORTLAND,1,57.1,21,24,13.8,2.44,0,1,4.0,50.0,12,0,7,0.0,24,0,7,269,67.6,62.0,61.6,,1,3,25,0,0.0,31.1,0.0,0,0,0,2,0,3,12.0,155,6.5
12,Ethan Greenwood,161869,QB,LIUSHAR,1,62.5,24,24,11.4,3.19,0,1,4.0,54.2,13,0,4,13.3,25,2,4,1298,74.8,72.4,65.9,69.7,0,0,26,0,25.0,65.5,4.0,1,0,0,0,0,1,3.8,105,4.4
12,Sonny Mannino,166694,QB,MARIST,1,82.6,23,24,9.4,2.86,0,0,0.0,75.0,18,0,6,5.3,27,1,15,213,32.0,85.6,90.8,57.5,0,0,27,0,16.7,130.6,3.7,1,2,0,1,1,0,0.0,321,13.4
12,Myles Burkett,158691,QB,E KENTUCKY,1,54.5,22,24,11.1,2.84,0,1,4.2,41.7,10,0,14,16.7,31,2,7,159,28.6,47.7,48.0,55.8,0,0,31,0,42.9,63.7,19.4,6,1,0,2,0,2,6.5,155,6.5
12,Liam Poronsky,188956,QB,DAYTON,1,57.1,21,24,14.5,2.75,1,1,4.2,50.0,12,0,4,0.0,31,0,7,150,70.3,57.7,59.7,55.7,0,0,32,0,50.0,78.3,6.5,2,4,0,2,1,0,0.0,119,5.0
12,Chris Stephenson,178446,QB,STETSON,1,68.2,22,24,7.4,2.41,0,1,3.7,58.3,14,0,5,6.7,27,1,10,302,36.0,79.6,73.3,72.5,1,0,31,0,0.0,89.2,0.0,0,3,0,1,1,0,0.0,142,5.9
12,Reagan Andrew,161309,QB,BUTLER,1,69.6,23,23,8.1,2.57,0,0,0.0,65.2,15,0,3,6.3,25,1,6,127,41.2,56.5,64.6,49.8,0,1,28,0,33.3,78.4,4.0,1,1,0,0,1,2,7.1,141,6.1
12,Grayson Saunier,171185,QB,DARTMOUTH,1,68.2,22,23,9.3,2.48,0,0,0.0,56.5,13,0,8,13.3,25,2,6,148,72.2,77.0,69.9,72.9,1,0,27,0,25.0,71.3,8.0,2,0,0,0,0,0,0.0,122,5.3
12,Ty Dieffenbach,170114,QB,CAL POLY,1,52.2,23,23,10.7,3.23,0,0,0.0,43.5,10,0,4,16.7,28,2,8,129,69.7,47.9,47.3,57.3,0,2,28,0,75.0,38.1,10.7,3,2,0,0,1,3,10.7,119,5.2
12,Keegan Patterson,158465,QB,INDIANA ST,1,78.9,19,23,12.9,3.28,1,4,15.4,65.2,15,0,16,0.0,30,0,9,191,35.3,63.1,71.9,47.1,0,1,34,0,31.3,130.0,16.7,5,2,0,3,3,1,2.9,319,13.9
12,Abram Johnston,192360,QB,NWSTATE,1,86.4,22,23,4.5,2.22,1,1,4.3,78.3,18,0,7,5.3,25,1,6,257,42.8,65.2,70.4,57.7,0,1,25,0,0.0,89.1,0.0,0,2,0,0,1,0,0.0,144,6.3
12,Brandon Nunez,183978,QB,MS VLY ST,1,57.1,21,23,6.8,2.08,0,1,4.2,47.8,11,0,5,8.3,23,1,4,228,68.8,53.4,50.0,63.9,0,2,24,0,0.0,26.5,0.0,0,0,0,2,0,2,8.3,115,5.0
12,Jaxon Dailey,156650,QB,N IOWA,1,47.6,21,23,13.3,2.9,1,0,0.0,39.1,9,0,15,10.0,27,1,5,255,28.5,38.6,34.8,61.4,0,2,27,0,26.7,30.9,14.8,4,0,0,1,1,2,7.4,99,4.3
12,Te'Sean Smoot,163976,QB,ALABAMA ST,1,71.4,21,23,10.5,2.54,0,1,4.2,60.9,14,0,4,6.7,25,1,9,105,69.5,71.7,69.2,67.5,0,1,26,0,0.0,83.8,0.0,0,2,2,0,1,1,3.8,191,8.3
12,Raymond Moore III,201451,QB,MORGAN ST,1,81.8,22,23,7.9,2.77,0,0,0.0,73.9,17,0,5,5.6,32,1,12,235,31.4,45.9,49.1,48.8,1,1,33,0,80.0,108.4,12.5,4,4,0,0,2,4,12.1,187,8.1
12,Nate Glantz,157587,QB,LNDNWD,1,59.1,22,23,13.2,2.63,0,1,4.3,56.5,13,0,5,0.0,24,0,10,949,71.8,87.5,81.5,74.6,0,2,24,0,20.0,92.7,4.2,1,0,0,1,2,1,4.2,280,12.2
12,Jack O'Connell,165100,QB,STHLSK,1,57.1,21,22,9.0,3.25,0,1,4.0,50.0,11,0,21,8.3,31,1,5,1470,20.8,36.9,35.5,55.0,0,1,34,0,23.8,42.2,16.1,5,4,0,1,0,2,5.9,92,4.2
12,Devin Farrell,157658,QB,RHODE ISLD,1,77.3,22,22,9.2,2.71,0,1,4.5,72.7,16,0,6,5.9,25,1,11,274,26.3,75.2,76.0,57.8,0,0,25,0,33.3,134.8,8.0,2,1,0,0,2,1,4.0,221,10.0
12,Nicholas Penuvchev,202172,QB,BUCKNELL,1,66.7,21,22,12.1,2.76,0,2,8.3,59.1,13,0,8,7.1,26,1,8,125,27.7,52.6,54.7,52.9,1,1,30,0,50.0,107.6,15.4,4,0,0,0,2,2,6.7,237,10.8
12,Dean DeNobile,159740,QB,LAFAYETTE,1,71.4,21,21,12.1,2.19,0,1,4.3,66.7,14,0,6,6.7,23,1,7,203,67.7,70.0,69.0,,0,1,25,0,33.3,110.1,8.7,2,0,0,0,3,1,4.0,165,7.9
12,Ashton Strother,208047,QB,SOUTHERN U,1,55.0,20,21,7.1,2.52,0,0,0.0,52.4,11,0,2,0.0,25,0,8,297,70.5,44.4,32.9,67.5,0,1,25,0,0.0,94.9,0.0,0,4,0,1,2,3,12.0,188,9.0
12,Ean Rodrigue,178002,QB,NICHOLLS,1,75.0,20,21,5.9,2.51,1,0,0.0,57.1,12,0,2,20.0,24,3,10,243,71.9,56.0,55.1,58.2,0,1,28,0,0.0,76.7,0.0,0,3,0,0,1,1,3.6,156,7.4
12,Jared Lockhart,201210,QB,JACKSON ST,1,71.4,21,21,8.7,3.19,0,1,4.8,57.1,12,0,10,20.0,25,3,5,194,70.0,50.5,53.2,50.8,0,1,25,0,10.0,77.5,4.0,1,3,0,0,1,2,8.0,160,7.6
12,Tyler Riddell,102355,QB,DUQUESNE,1,83.3,18,21,9.4,2.5,1,1,3.8,66.7,14,0,7,6.7,22,1,5,155,31.5,64.3,64.8,58.2,0,0,27,1,14.3,133.3,4.5,1,0,0,2,3,0,0.0,182,8.7
12,Kekoa Visperas,147588,QB,TENN TECH,1,73.7,19,21,6.9,3.41,1,0,0.0,61.9,13,0,14,7.1,27,1,9,309,68.5,67.1,65.5,66.8,0,1,27,1,7.1,71.9,3.7,1,5,0,1,1,0,0.0,112,5.3
12,Keali'i Ah Yat,178141,QB,MONTANA,1,84.2,19,21,6.8,2.58,0,1,4.5,66.7,14,0,5,12.5,23,2,8,232,68.8,72.9,72.1,63.9,0,0,24,0,20.0,133.7,4.3,1,1,0,2,3,2,8.3,184,8.8
12,Cole Pennington,156787,QB,GARD-WEBB,1,72.2,18,20,6.7,2.78,1,1,4.8,65.0,13,0,5,0.0,23,0,7,171,67.6,37.2,37.0,56.7,0,0,24,1,40.0,95.4,8.7,2,1,0,1,1,2,8.3,108,5.4
12,KJ Cooper,197019,QB,TEXAS STHN,1,90.0,20,20,8.2,2.58,0,0,0.0,85.0,17,0,6,5.6,27,1,11,313,71.4,72.4,79.7,55.5,0,0,27,0,50.0,150.0,11.1,3,4,0,0,3,0,0.0,210,10.5
12,Tyler Hughes,159218,QB,WM & MARY,1,90.0,20,20,5.9,2.59,0,1,4.8,85.0,17,0,6,5.6,24,1,11,348,68.3,80.0,76.9,68.1,0,1,25,0,16.7,128.5,4.2,1,3,0,0,5,1,4.0,207,10.4
12,Quentin Hayes,186423,QB,CITADEL,1,63.2,19,19,10.7,2.7,0,1,4.8,63.2,12,0,12,0.0,24,0,5,139,74.8,62.8,55.0,68.2,0,1,26,1,25.0,83.9,12.5,3,2,0,0,1,1,3.8,153,8.1
12,Cardell Williams,156190,QB,SACRAMENTO,1,78.9,19,19,8.8,2.65,0,1,5.3,78.9,15,0,3,0.0,23,0,9,279,28.2,68.3,73.2,55.4,0,0,24,0,100.0,127.2,13.0,3,1,0,0,1,0,0.0,196,10.3
12,Eric Gibson Jr.,168461,QB,N COLORADO,1,68.4,19,19,7.9,2.76,0,0,0.0,68.4,13,0,2,0.0,19,0,7,253,67.0,50.5,49.7,,0,2,19,0,0.0,60.7,0.0,0,0,0,0,1,3,15.8,108,5.7
12,Nick Whitfield Jr.,159490,QB,ST FRANCIS,1,47.1,17,18,9.1,2.95,0,1,5.3,38.9,7,1,9,12.5,23,1,2,299,16.6,29.8,38.4,40.1,1,1,24,2,44.4,23.8,17.4,4,1,0,0,0,1,4.2,36,2.0
12,Jerry Kaminski,177155,QB,N DAKOTA,1,70.6,17,18,10.2,2.49,0,1,5.3,61.1,11,0,4,8.3,20,1,8,249,71.7,55.6,46.2,69.0,0,1,21,1,0.0,78.7,0.0,0,2,0,1,1,2,9.5,131,7.3
12,Justin Lamson,144052,QB,MONTANA ST,1,73.3,15,18,7.1,3.1,2,0,0.0,55.6,10,0,7,9.1,23,1,7,233,70.9,76.7,67.2,73.2,1,0,24,0,14.3,100.2,4.3,1,4,0,0,1,0,0.0,144,8.0
12,Braden Davis,158114,QB,HAMPTON,1,76.5,17,18,3.9,2.1,1,0,0.0,61.1,11,0,3,15.4,21,2,5,178,26.6,54.2,51.8,61.4,0,1,21,0,100.0,56.9,14.3,3,0,0,0,0,2,9.5,117,6.5
12,Dom Nankil,182292,QB,SAN DIEGO,1,64.3,14,17,12.4,2.69,0,3,17.6,52.9,9,0,5,0.0,18,0,7,283,66.8,78.7,79.4,,0,1,18,0,20.0,93.4,5.6,1,0,0,3,1,1,5.6,218,12.8
12,Peter Costelli,146432,QB,N COLORADO,1,50.0,16,17,14.9,2.52,0,0,0.0,47.1,8,0,4,0.0,19,0,6,253,67.7,46.6,44.3,64.4,0,3,19,1,0.0,23.0,0.0,0,2,0,1,0,3,15.8,87,5.1
12,Cole Payton,148154,QB,N DAK ST,1,93.8,16,17,7.1,2.81,1,1,5.9,88.2,15,0,10,0.0,23,0,9,250,69.9,93.8,92.2,84.1,0,0,23,1,30.0,138.2,13.0,3,3,0,0,1,0,0.0,212,12.5
12,Dominic Campanile,201034,QB,HOLY CROSS,1,68.8,16,17,9.6,3.08,0,1,5.9,58.8,10,0,7,9.1,18,1,4,181,24.6,52.2,47.5,62.3,0,0,18,0,14.3,84.9,5.6,1,0,0,1,0,1,5.6,138,8.1
12,DC Tabscott,147020,QB,N ALABAMA,1,46.7,15,16,13.5,2.33,0,2,12.5,31.3,5,0,10,28.6,18,2,3,389,66.8,33.4,33.6,,1,4,18,0,20.0,9.6,11.1,2,0,0,0,0,3,16.7,81,5.1
12,Victor Gabalis,131932,QB,TARLETON,1,75.0,16,16,16.1,3.02,0,4,23.5,75.0,12,0,3,0.0,17,0,9,401,66.8,91.5,92.1,57.0,0,2,18,0,0.0,116.7,0.0,0,1,0,0,4,0,0.0,282,17.6
12,Dante Reno,184498,QB,YALE,1,68.8,16,16,7.9,2.8,0,2,12.5,68.8,11,0,5,0.0,22,0,5,352,69.8,53.0,52.2,57.0,0,2,22,0,60.0,59.9,13.6,3,3,0,0,0,1,4.5,154,9.6
12,Chandler Wilson,177935,QB,VA MILT IN,1,64.3,14,16,8.4,2.56,1,0,0.0,50.0,8,0,6,11.1,20,1,3,336,68.5,62.3,55.0,68.8,0,0,20,0,33.3,58.3,10.0,2,2,0,1,0,0,0.0,56,3.5
12,Jonathan Palmer,201866,QB,TENN STATE,1,53.8,13,14,12.5,2.34,1,0,0.0,50.0,7,0,6,0.0,14,0,1,308,66.4,27.9,27.8,,0,4,15,0,0.0,17.0,0.0,0,0,0,0,0,2,13.3,43,3.1
12,Damien Mazil,159562,WR,WAGNER,1,53.8,13,14,11.5,3.08,0,1,7.1,42.9,6,0,3,14.3,15,1,3,338,71.1,62.3,58.9,63.9,0,0,15,0,0.0,50.3,0.0,0,1,0,1,0,0,0.0,37,2.6
12,DJ Stevenson,197564,QB,ARKAPB,1,69.2,13,14,8.6,3.43,0,1,6.7,57.1,8,0,5,11.1,18,1,3,112,69.1,64.8,71.2,53.2,0,1,19,0,20.0,43.2,5.6,1,3,0,1,0,1,5.3,78,5.6
12,Aiden McCown,178971,QB,LAMAR,1,83.3,12,14,6.2,3.45,0,0,0.0,71.4,10,0,11,0.0,19,0,6,204,23.4,55.0,48.6,66.9,1,0,19,0,18.2,84.8,10.5,2,3,0,1,0,1,5.3,78,5.6
12,Logan Inagawa,206029,QB,DRAKE,1,66.7,12,13,6.4,3.03,0,0,0.0,61.5,8,0,4,0.0,15,0,4,153,33.8,52.5,53.7,55.1,0,0,15,0,25.0,77.4,6.7,1,1,0,1,0,0,0.0,75,5.8
12,Robert Coleman,76149,QB,LAMAR,1,80.0,10,12,3.7,2.5,1,0,0.0,66.7,8,0,5,0.0,13,0,1,204,68.6,57.8,49.8,66.8,1,1,13,0,0.0,38.9,0.0,0,1,0,0,0,1,7.7,46,3.8
12,Jayden Sauray,162802,QB,DELWARE ST,1,66.7,12,12,14.8,3.39,0,2,13.3,58.3,7,0,4,12.5,15,1,4,152,69.1,78.4,80.7,65.4,0,0,19,1,25.0,100.7,6.7,1,2,0,0,0,0,0.0,144,12.0
12,Anthony Grigsby Jr.,184188,QB,CAL POLY,1,41.7,12,12,24.5,3.28,0,2,16.7,41.7,5,0,5,0.0,15,0,4,129,68.1,78.5,72.5,73.3,0,1,15,0,20.0,80.6,6.7,1,2,0,0,1,0,0.0,146,12.2
12,Jack Snyder,185417,QB,SACR HEART,1,75.0,12,12,9.1,2.79,0,1,7.7,75.0,9,0,3,0.0,18,0,9,280,70.7,90.7,76.5,83.0,0,0,19,0,0.0,129.5,0.0,0,6,0,0,1,0,0.0,107,8.9
12,John Austin Wood,209837,QB,N ALABAMA,1,60.0,10,11,3.9,2.59,1,0,0.0,36.4,4,0,6,33.3,16,2,2,389,6.1,30.1,41.9,39.4,0,0,16,0,50.0,44.9,18.8,3,2,0,0,0,1,6.3,23,2.1
12,Drew VanVleet,177653,QB,DAYTON,1,66.7,9,11,11.0,2.52,2,0,0.0,45.5,5,0,2,16.7,13,1,4,150,66.0,33.1,36.5,60.0,0,2,13,1,100.0,31.8,15.4,2,0,0,0,0,2,15.4,83,7.5
12,Nana Utsey,210103,QB,VA MILT IN,1,60.0,10,10,17.8,3.5,0,0,0.0,40.0,4,0,5,33.3,13,2,3,336,25.4,67.6,75.8,52.3,0,0,16,0,20.0,63.8,7.7,1,2,0,0,0,0,0.0,68,6.8
12,Tyrese Smith,185065,QB,PORTLAND,1,70.0,10,10,9.9,2.4,0,0,0.0,50.0,5,0,5,28.6,11,2,3,269,72.5,64.5,54.0,70.6,0,2,12,1,0.0,30.4,0.0,0,1,0,0,0,2,16.7,63,6.3
12,Jake Wolfe,185211,QB,ROB MORRIS,1,50.0,8,10,12.3,2.4,1,0,0.0,20.0,2,0,4,50.0,13,2,3,277,70.5,54.4,39.9,70.9,1,0,13,1,25.0,39.6,7.7,1,2,0,0,0,0,0.0,24,2.4
12,Cole LaCrue,170324,QB,E ILLINOIS,1,90.0,10,10,2.1,2.47,0,0,0.0,80.0,8,0,2,11.1,13,1,3,158,67.8,57.4,60.1,55.9,0,0,13,0,50.0,86.3,7.7,1,2,0,0,0,0,0.0,47,4.7
12,Jackson Byrd,200791,QB,E TENN ST,1,71.4,7,8,18.9,2.38,0,3,37.5,62.5,5,0,2,0.0,8,0,4,157,70.4,91.7,92.4,66.7,1,0,8,0,0.0,145.8,0.0,0,0,0,0,3,1,12.5,123,15.4
12,Nathan Hayes,162204,QB,N DAK ST,1,50.0,8,8,12.6,2.09,0,0,0.0,37.5,3,0,3,25.0,8,1,3,250,66.2,57.2,45.8,69.2,0,0,8,0,0.0,62.5,0.0,0,0,0,0,0,0,0.0,56,7.0
12,Ameer Dudley,148894,QB,ROB MORRIS,1,57.1,7,8,9.3,3.33,1,0,0.0,37.5,3,0,7,25.0,15,1,4,277,22.3,40.1,58.1,39.9,0,0,15,0,28.6,62.0,13.3,2,5,0,0,0,0,0.0,55,6.9
12,Jeff Hoenstine,171652,QB,ST FRANCIS,1,71.4,7,7,5.3,2.91,0,0,0.0,71.4,5,0,2,0.0,9,0,1,299,65.1,65.0,59.2,64.3,0,0,9,0,50.0,87.8,11.1,1,1,0,0,0,0,0.0,44,6.3
12,Ralph Rucker IV,144625,QB,BUCKNELL,1,85.7,7,7,11.4,2.98,0,1,14.3,85.7,6,0,5,0.0,12,0,2,125,67.7,70.3,76.8,56.5,0,0,12,0,60.0,140.8,25.0,3,2,0,0,1,0,0.0,58,8.3
12,Daniel Greek,126950,QB,TARLETON,1,100.0,6,6,8.5,3.01,0,0,0.0,100.0,6,0,2,0.0,7,0,4,401,68.1,67.5,73.9,56.5,0,0,7,0,0.0,158.3,0.0,0,1,0,0,1,0,0.0,84,14.0
12,Jake Jensen,147512,QB,MONTANA,1,80.0,5,5,8.0,2.91,0,0,0.0,80.0,4,0,3,0.0,7,0,3,232,64.6,65.2,63.2,61.8,0,0,7,0,0.0,147.9,0.0,0,2,0,0,1,1,14.3,50,10.0
12,Cam'Ron McCoy,157481,QB,SOUTHERN U,1,50.0,2,3,28.0,4.06,0,0,0.0,33.3,1,0,1,0.0,8,0,5,297,19.0,67.3,66.2,62.6,0,0,10,0,0.0,60.4,0.0,0,5,1,0,0,0,0.0,22,7.3
12,Kaiden Bennett,147778,QB,DELWARE ST,1,100.0,3,3,-2.7,4.23,0,1,25.0,100.0,3,0,2,0.0,6,0,3,152,73.2,85.0,79.5,68.7,0,0,7,0,100.0,101.4,33.3,2,1,0,0,0,0,0.0,25,8.3
12,Earl Woods III,170445,QB,HAMPTON,1,33.3,3,3,6.3,3.15,0,0,0.0,33.3,1,0,3,0.0,4,0,0,178,18.4,42.5,28.7,63.0,0,0,4,0,33.3,42.4,25.0,1,0,0,0,0,1,25.0,-2,-0.7
12,Gavin Lochow,177638,WR,DAYTON,1,,0,2,,5.3,0,0,0.0,0.0,0,0,0,,2,0,0,150,75.5,57.3,55.4,58.5,0,0,2,1,,39.6,0.0,0,0,0,2,0,0,0.0,0,0.0
12,Jack Stevens,185814,QB,WAGNER,1,100.0,2,2,3.0,2.0,0,0,0.0,100.0,2,0,0,0.0,2,0,2,338,67.6,69.8,73.7,56.4,0,0,2,0,,106.3,0.0,0,0,0,0,0,0,0.0,19,9.5
12,Zach Osborne,160474,QB,COLGATE,1,100.0,2,2,5.0,2.63,0,0,0.0,100.0,2,0,0,0.0,3,0,2,142,68.9,66.9,76.9,55.9,0,0,5,0,,89.6,0.0,0,1,0,0,0,0,0.0,11,5.5
12,Luke Flowers,192495,QB,MONTANA,1,100.0,2,2,3.5,2.05,0,0,0.0,100.0,2,0,1,0.0,2,0,1,232,61.8,63.9,62.7,,0,0,2,0,0.0,93.8,0.0,0,0,0,0,0,0,0.0,13,6.5
12,Tevin Carter,157995,QB,PRVIEW A&M,1,100.0,2,2,11.0,2.25,0,1,50.0,100.0,2,0,0,0.0,2,0,2,270,61.8,93.4,94.2,,0,0,2,1,,158.3,0.0,0,0,0,0,2,0,0.0,66,33.0
12,Jace Wilson,149892,QB,TENN TECH,1,50.0,2,2,10.5,1.7,0,0,0.0,50.0,1,0,0,0.0,2,0,0,309,16.5,29.1,50.0,39.8,0,0,2,0,,62.5,0.0,0,0,0,0,0,0,0.0,9,4.5
12,Nelson Layne,201474,QB,NC A&T,1,100.0,2,2,-3.5,2.98,0,0,0.0,100.0,2,0,3,0.0,5,0,1,246,69.7,78.1,59.2,74.1,0,0,6,0,33.3,79.2,20.0,1,2,0,0,0,0,0.0,-5,-2.5
12,Sam Vidlak,146333,QB,STF AUSTIN,1,50.0,2,2,12.5,2.25,0,0,0.0,50.0,1,0,0,0.0,2,0,1,301,61.8,38.5,39.1,,0,0,2,0,,62.5,0.0,0,0,0,0,0,1,50.0,9,4.5
12,Colton Fitzgerald,145980,QB,W GEORGIA,1,100.0,2,2,7.0,3.0,0,0,0.0,50.0,1,0,0,50.0,3,1,1,1177,62.7,60.1,64.4,57.8,0,0,3,0,,77.1,0.0,0,1,0,0,0,0,0.0,16,8.0
12,Malik Kemp,206384,QB,MS VLY ST,1,0.0,2,2,21.5,3.95,0,0,0.0,0.0,0,0,1,,2,0,0,228,71.8,48.4,52.1,53.9,0,0,2,0,0.0,39.6,0.0,0,0,0,0,0,0,0.0,0,0.0
12,Devin Lippold,186017,QB,MCNEESE,1,100.0,1,1,13.0,2.4,0,0,0.0,100.0,1,0,1,0.0,1,0,1,217,63.7,73.3,75.4,59.2,0,0,1,0,0.0,118.8,0.0,0,0,0,0,0,0,0.0,16,16.0
12,Derrick Gurley,191705,QB,WM & MARY,1,,0,1,,1.1,1,0,0.0,0.0,0,0,0,,1,0,0,348,62.4,57.9,60.0,,0,0,1,0,,39.6,0.0,0,0,0,0,0,0,0.0,0,0.0
12,DreSean Kendrick,142417,WR,NORFOLK,1,100.0,1,1,1.0,4.5,0,0,0.0,0.0,0,0,0,100.0,1,1,0,244,67.9,65.3,60.4,63.1,0,0,1,0,,39.6,0.0,0,0,0,0,0,0,0.0,0,0.0
12,Bryson Dickerson,160006,TE,W GEORGIA,1,100.0,1,1,17.0,4.0,0,0,0.0,100.0,1,0,0,0.0,1,0,1,1177,62.4,61.8,73.1,,0,0,1,0,,158.3,0.0,0,0,0,0,1,0,0.0,18,18.0
12,Dylan Djete,159994,WR,ALABAMA ST,1,0.0,1,1,13.0,3.6,0,0,0.0,0.0,0,0,0,,1,0,0,105,64.6,59.9,46.8,,0,0,1,1,,39.6,0.0,0,0,0,0,0,0,0.0,0,0.0
12,Carson Jones,159807,QB,FURMAN,1,100.0,1,1,-4.0,1.5,0,0,0.0,100.0,1,0,0,0.0,1,0,0,170,60.3,61.7,61.0,,0,0,1,0,,79.2,0.0,0,0,0,0,0,0,0.0,-1,-1.0
12,Cobey Thompkins,192469,QB,CITADEL,1,100.0,1,1,-6.0,3.95,0,0,0.0,100.0,1,0,1,0.0,2,0,0,139,64.4,50.6,61.0,53.1,0,0,2,0,0.0,87.5,0.0,0,1,0,0,0,0,0.0,5,5.0
12,Charlie Gilliam,176067,QB,SAMFORD,1,100.0,1,1,5.0,2.8,0,0,0.0,100.0,1,0,0,0.0,1,0,0,282,60.3,61.1,60.4,,0,0,1,0,,95.8,0.0,0,0,0,0,0,0,0.0,7,7.0
12,Will O'Dell,206486,QB,MARIST,1,100.0,1,1,5.0,1.9,0,0,0.0,0.0,0,0,0,100.0,1,1,0,213,15.3,47.5,60.6,53.8,0,0,1,0,,39.6,0.0,0,0,0,0,0,0,0.0,0,0.0
12,Pops Battle,192799,QB,LNDNWD,1,100.0,1,1,8.0,3.67,0,0,0.0,100.0,1,0,1,0.0,3,0,1,949,67.7,64.9,60.4,62.8,0,0,3,0,0.0,104.2,0.0,0,2,0,0,0,0,0.0,9,9.0
12,Jack Jacobs,173517,QB,TXAMCO,1,100.0,1,1,1.0,1.7,0,0,0.0,100.0,1,0,0,0.0,1,0,0,1139,65.9,63.1,61.0,60.1,0,0,1,0,,79.2,0.0,0,0,0,0,0,0,0.0,3,3.0
12,Demari Davis,192925,WR,W ILLINOIS,1,0.0,1,1,9.0,4.9,0,0,0.0,0.0,0,0,1,,1,0,0,345,65.9,66.8,52.8,,0,0,1,0,0.0,39.6,0.0,0,0,0,0,0,0,0.0,0,0.0
12,Tysan Robbins,150846,QB,ARKAPB,1,100.0,1,1,-4.0,2.5,0,0,0.0,100.0,1,0,0,0.0,1,0,0,112,60.3,62.1,60.6,,0,0,1,0,,79.2,0.0,0,0,0,0,0,0,0.0,2,2.0
12,Mike Chandler II,139371,QB,CAMPBELL,1,100.0,1,1,0.0,1.9,0,0,0.0,100.0,1,0,0,0.0,1,0,1,131,69.9,54.8,60.6,49.2,0,0,1,0,,95.8,0.0,0,0,0,0,0,0,0.0,7,7.0
12,Kareem Keye,197767,WR,ALABAMA ST,1,100.0,1,1,-6.0,3.13,0,0,0.0,100.0,1,0,1,0.0,3,0,1,105,62.7,63.7,60.6,61.3,0,0,3,0,0.0,79.2,0.0,0,2,0,0,0,0,0.0,-2,-2.0
12,DJ Smith,185876,QB,MERCER,1,100.0,1,1,-4.0,3.55,0,0,0.0,100.0,1,0,0,0.0,2,0,1,219,66.2,90.3,60.6,79.9,0,0,2,0,,95.8,0.0,0,1,0,0,0,0,0.0,7,7.0
12,Kaden Rolfsness,200903,QB,E WASHGTON,1,0.0,1,1,36.0,2.8,0,0,0.0,0.0,0,0,0,,1,0,0,161,71.9,63.8,51.3,65.1,0,0,1,0,,39.6,0.0,0,0,0,0,0,0,0.0,0,0.0
12,Landon Ogles,173521,P,E WASHGTON,1,,0,1,,2.8,0,0,0.0,0.0,0,0,1,,1,0,0,161,60.3,57.6,59.4,,1,0,1,0,0.0,39.6,0.0,0,0,0,0,0,0,0.0,0,0.0
12,Daniel Sobkowicz,148032,WR,ILL STATE,1,,0,1,,5.4,1,0,0.0,0.0,0,0,1,,1,0,0,188,65.9,69.4,60.0,,0,0,1,0,0.0,39.6,0.0,0,0,0,0,0,0,0.0,0,0.0
12,Daniel Lipovski,173612,QB,LAFAYETTE,1,0.0,1,1,9.0,1.9,0,0,0.0,0.0,0,0,0,,1,0,0,203,11.1,31.4,54.1,44.7,0,0,1,0,,39.6,0.0,0,0,0,0,0,0,0.0,0,0.0
12,Jake Curry,185583,QB,S ILLINOIS,1,100.0,1,1,0.0,2.6,0,0,0.0,100.0,1,0,0,0.0,1,0,0,295,60.3,60.8,60.6,,0,0,1,0,,91.7,0.0,0,0,0,0,0,0,0.0,6,6.0
12,Jagger Matera,185270,QB,MONMOUTH,1,0.0,1,1,29.0,1.9,0,0,0.0,0.0,0,0,0,,1,0,0,231,60.3,53.9,52.5,,0,0,1,0,,39.6,0.0,0,0,0,0,0,0,0.0,0,0.0
12,Jake Weir,146840,QB,HOUCHR,1,100.0,1,1,6.0,2.5,0,0,0.0,100.0,1,0,1,0.0,1,0,0,183,60.3,60.4,60.4,,0,0,1,0,0.0,91.7,0.0,0,0,0,0,0,0,0.0,6,6.0
12,Conner Kenyon,126191,QB,RHODE ISLD,1,100.0,1,1,11.0,2.5,0,0,0.0,100.0,1,0,1,0.0,2,0,1,274,64.4,72.6,71.9,60.0,0,0,2,0,100.0,116.7,50.0,1,0,0,0,0,0,0.0,12,12.0
12,Treynor Cleeland,201915,QB,UC DAVIS,1,0.0,1,1,39.0,3.8,0,0,0.0,0.0,0,0,1,,1,0,0,322,60.3,47.8,49.9,,0,0,1,0,0.0,39.6,0.0,0,0,0,0,0,0,0.0,0,0.0
12,Ty Watkins,173774,QB,N ALABAMA,1,100.0,1,1,9.0,2.5,0,0,0.0,100.0,1,0,0,0.0,1,0,1,389,67.5,48.3,54.1,53.8,0,0,1,0,,104.2,0.0,0,0,0,0,0,0,0.0,9,9.0
12,Winston Watkins,185303,QB,TOWSON,1,100.0,1,1,6.0,1.8,0,0,0.0,0.0,0,0,0,100.0,1,1,0,317,71.9,77.8,52.8,74.2,0,0,1,0,,39.6,0.0,0,0,0,0,0,0,0.0,0,0.0
12,Stefano Giovannelli,172152,WR,STTHOM,1,0.0,1,1,5.0,5.7,0,0,0.0,0.0,0,0,1,,1,0,0,1129,63.7,51.7,56.1,59.0,0,0,1,0,0.0,39.6,0.0,0,0,0,0,0,0,0.0,0,0.0
12,Jace Clark,171491,LS,S ILLINOIS,1,100.0,1,1,-4.0,0.9,0,0,0.0,100.0,1,0,0,0.0,1,0,1,295,60.3,61.1,60.6,,0,0,1,0,,122.9,0.0,0,0,0,0,1,0,0.0,4,4.0
12,Noah Brannock,170937,QB,WM & MARY,1,100.0,1,1,-5.0,2.93,0,0,0.0,100.0,1,0,0,0.0,3,0,0,348,62.7,65.1,60.4,61.8,0,0,3,0,,79.2,0.0,0,2,0,0,0,0,0.0,2,2.0
12,Michael Wortham,170696,WR,MONTANA,1,0.0,1,1,27.0,3.0,0,0,0.0,0.0,0,0,1,,1,0,0,232,20.7,51.0,50.8,59.6,0,0,1,0,0.0,39.6,0.0,0,0,0,0,0,0,0.0,0,0.0
12,Misa Paiau,191405,LB,CAL POLY,1,100.0,1,1,31.0,3.5,0,0,0.0,0.0,0,0,0,100.0,1,1,0,129,70.9,67.1,75.7,61.5,0,0,1,0,,39.6,0.0,0,0,0,0,0,0,0.0,0,0.0
12,Eric Horn,172840,QB,ALABAMA ST,1,0.0,1,1,10.0,1.8,0,0,0.0,0.0,0,0,0,,1,0,0,105,63.7,32.5,35.6,58.2,0,1,1,0,,0.0,0.0,0,0,0,0,0,1,100.0,0,0.0
12,Davis Harsin,186187,QB,IDAHO ST,1,100.0,1,1,5.0,2.2,0,0,0.0,100.0,1,0,0,0.0,1,0,0,186,24.3,67.6,60.6,64.2,0,0,1,0,,108.3,0.0,0,0,0,0,0,0,0.0,10,10.0
12,James Platte,166538,P,CITADEL,1,100.0,1,1,8.0,1.8,0,0,0.0,100.0,1,0,0,0.0,1,0,1,139,60.3,68.0,71.5,,0,0,1,0,,100.0,0.0,0,0,0,0,0,0,0.0,8,8.0
week,player,player_id,position,team_name,player_game_count,accuracy_percent,aimed_passes,attempts,avg_depth_of_target,avg_time_to_throw,bats,big_time_throws,btt_rate,completion_percent,completions,declined_penalties,def_gen_pressures,drop_rate,dropbacks,drops,first_downs,franchise_id,grades_hands_fumble,grades_offense,grades_pass,grades_run,hit_as_threw,interceptions,passing_snaps,penalties,pressure_to_sack_rate,qb_rating,sack_percent,sacks,scrambles,spikes,thrown_aways,touchdowns,turnover_worthy_plays,twp_rate,yards,ypa
13,Caden Veltkamp,156642,QB,FAU,1,82.7,52,55,5.7,2.49,0,2,3.5,76.4,42,0,14,2.3,58,1,25,165,70.9,82.0,76.7,78.4,0,1,60,0,7.1,107.7,1.7,1,1,0,3,2,3,5.0,494,9.0
13,Braylon Braxton,144442,QB,SO MISS,1,79.5,44,51,9.3,2.72,2,2,3.6,60.8,31,0,14,11.4,53,4,16,296,42.5,76.9,80.5,44.7,0,1,58,0,14.3,96.9,3.8,2,0,0,5,3,0,0.0,400,7.8
13,Ta'Quan Roberson,101625,QB,BUFFALO,1,66.7,42,49,12.5,2.53,2,4,8.0,49.0,24,0,25,14.3,58,4,17,126,20.1,59.0,55.8,66.7,1,2,59,0,24.0,65.3,10.3,6,3,0,4,2,5,8.5,303,6.2
13,Jaron-Keawe Sagapolutele,198237,QB,CAL,1,72.9,48,49,7.8,2.69,0,2,4.1,67.3,33,0,22,5.7,58,2,13,130,42.5,74.0,78.0,47.5,0,0,58,0,22.7,81.1,8.6,5,3,0,1,0,2,3.4,269,5.5
13,Darius Curry,191052,QB,COLO STATE,1,69.0,42,46,6.8,2.54,0,2,3.9,56.5,26,0,19,10.3,50,3,11,144,42.9,41.6,46.7,42.2,0,3,57,0,5.3,63.0,2.0,1,3,0,4,2,4,7.0,293,6.4
13,Joe Fagnano,104768,QB,UCONN,1,79.5,44,46,6.6,2.3,1,1,2.1,71.7,33,0,12,5.7,51,2,21,146,33.2,69.6,70.7,53.9,0,0,53,0,25.0,124.0,5.9,3,2,0,1,3,1,1.9,446,9.7
13,Cutter Boley,184630,QB,KENTUCKY,1,70.7,41,44,8.0,2.84,0,0,0.0,59.1,26,0,11,10.3,48,3,17,202,69.5,67.1,66.8,59.4,1,2,48,0,18.2,74.1,4.2,2,2,0,2,2,2,4.2,280,6.4
13,Jaylen Raynor,172203,QB,ARK STATE,1,70.0,40,43,9.0,2.75,2,0,0.0,58.1,25,0,11,10.7,48,3,14,113,72.7,52.2,52.6,55.9,1,0,49,0,9.1,75.3,2.1,1,4,0,0,0,1,2.0,256,6.0
13,Goose Crowder,144781,QB,TROY,1,74.4,39,43,9.0,2.46,3,3,7.0,62.8,27,0,12,6.9,49,2,14,318,71.1,89.2,88.5,65.9,0,0,50,0,33.3,119.3,8.2,4,2,0,1,4,0,0.0,350,8.1
13,Jayden Maiava,158135,QB,USC,1,65.9,41,43,9.4,2.42,2,2,4.1,58.1,25,0,14,7.4,44,2,16,326,41.1,58.6,55.3,68.3,0,2,50,0,7.1,84.5,2.3,1,0,0,0,3,5,10.0,311,7.2
13,Michael Van Buren Jr.,184764,QB,LSU,1,71.8,39,42,6.9,2.48,1,0,0.0,59.5,25,0,5,10.7,45,3,12,211,42.9,48.7,50.9,49.9,1,1,48,0,40.0,69.7,4.4,2,1,0,1,1,3,6.3,202,4.8
13,Alessio Milivojevic,183542,QB,MICH STATE,1,77.1,35,42,7.3,2.82,1,2,4.8,59.5,25,0,21,7.4,45,2,12,223,69.4,73.4,73.9,57.3,1,1,45,0,9.5,82.9,4.4,2,1,0,5,2,1,2.2,255,6.1
13,Adam Damante,170711,QB,NEW MEX ST,1,78.9,38,41,7.0,2.38,2,0,0.0,70.7,29,0,10,3.3,44,1,15,242,24.8,67.6,70.4,51.4,0,1,48,0,30.0,101.6,6.8,3,0,0,1,3,2,4.2,259,6.3
13,Haynes King,124329,QB,GA TECH,1,76.3,38,41,6.7,2.67,1,3,7.1,65.9,27,0,24,6.9,47,2,14,176,74.1,68.0,64.3,66.0,1,2,48,0,4.2,79.0,2.1,1,5,0,1,2,2,4.2,257,6.3
13,Landyn Locke,199937,QB,SM HOUSTON,1,76.3,38,40,8.0,2.76,0,1,2.5,62.5,25,0,12,13.8,43,4,15,281,69.7,73.1,75.7,52.4,0,1,43,0,8.3,89.7,2.3,1,2,0,2,2,1,2.3,281,7.0
13,Kaden Anderson,127312,QB,WYOMING,1,71.9,32,40,8.8,3.42,1,0,0.0,55.0,22,0,14,4.3,43,1,7,351,35.0,47.8,46.9,59.1,0,0,44,0,7.1,72.6,2.3,1,2,1,6,1,2,4.5,157,3.9
13,Rodney Tisdale Jr.,188754,QB,W KENTUCKY,1,59.5,37,39,5.9,2.34,0,1,2.3,51.3,20,0,12,9.1,46,2,7,346,70.6,38.8,40.8,56.1,0,2,50,0,50.0,37.1,13.0,6,1,0,2,0,3,6.0,128,3.3
13,Malik Washington,198729,QB,MARYLAND,1,60.5,38,39,9.6,2.92,1,0,0.0,48.7,19,0,23,17.4,46,4,15,215,70.7,58.5,52.1,71.5,0,1,47,0,13.0,63.0,6.5,3,4,0,0,1,1,2.1,210,5.4
13,Christian Veilleux,145086,QB,GA STATE,1,62.9,35,39,12.9,2.62,0,3,7.1,48.7,19,0,11,13.6,41,3,15,175,45.9,66.2,63.9,65.6,2,1,44,0,0.0,72.9,0.0,0,2,1,1,1,1,2.3,303,7.8
13,Diego Pavia,156927,QB,VANDERBILT,1,89.5,38,39,8.4,2.91,0,4,9.5,84.6,33,0,9,2.9,44,1,22,333,73.0,89.2,90.3,64.5,0,1,48,0,33.3,147.3,6.8,3,2,0,1,5,0,0.0,484,12.4
13,Julian Lewis,198304,QB,COLORADO,1,63.9,36,38,7.7,3.57,1,2,5.1,50.0,19,0,19,17.4,45,4,8,143,70.2,59.0,57.9,60.5,0,0,46,0,21.1,70.2,8.9,4,3,0,1,1,1,2.2,161,4.2
13,Brendan Sorsby,156398,QB,CINCINNATI,1,76.5,34,38,8.1,3.28,0,1,2.6,65.8,25,0,18,3.8,45,1,15,138,69.8,62.3,58.7,66.2,0,1,45,0,5.6,96.4,2.2,1,6,0,4,2,2,4.4,300,7.9
13,TJ Lateef,199810,QB,NEBRASKA,1,66.7,33,37,8.7,3.04,1,2,5.4,56.8,21,0,15,4.5,45,1,11,238,70.2,61.2,57.6,65.1,0,0,45,0,20.0,70.4,6.7,3,5,0,3,0,1,2.2,187,5.1
13,Kevin Jennings,158272,QB,SMU,1,80.6,36,37,5.8,2.67,0,1,2.5,78.4,29,0,11,0.0,40,0,20,287,70.5,80.3,79.0,65.1,0,0,43,0,9.1,127.8,2.5,1,2,0,1,3,0,0.0,303,8.2
13,Tad Hudson,170107,QB,COAST CAR,1,77.8,36,36,3.0,1.89,0,0,0.0,75.0,27,0,5,3.6,38,1,8,141,69.8,67.2,66.6,60.0,0,0,40,0,40.0,84.7,5.3,2,0,0,0,0,0,0.0,174,4.8
13,Beau Pribula,164182,QB,MISSOURI,1,66.7,33,36,9.1,2.55,0,1,2.5,55.6,20,0,13,9.1,42,2,10,229,70.6,61.8,62.6,56.0,3,2,46,0,30.8,52.0,9.5,4,2,0,0,0,2,4.3,231,6.4
13,Jalen Kitna,146688,QB,UAB,1,66.7,33,36,12.0,3.04,2,1,2.5,55.6,20,0,15,9.1,40,2,14,321,70.2,44.6,39.2,69.7,0,3,45,0,13.3,40.3,5.0,2,2,0,1,0,6,13.3,230,6.4
13,Roman Gagliano,183961,QB,MIDDLE TN,1,66.7,33,34,11.2,2.62,0,4,10.8,61.8,21,0,10,4.5,41,1,15,224,70.5,91.5,90.8,72.0,0,0,44,0,20.0,96.2,4.9,2,5,0,1,1,0,0.0,268,7.9
13,Devon Dampier,171556,QB,UTAH,1,58.1,31,34,12.0,2.79,0,4,11.1,52.9,18,0,10,0.0,37,0,12,328,45.5,74.0,71.3,68.8,1,0,39,1,20.0,97.5,5.4,2,1,0,2,2,0,0.0,259,7.6
13,Max Cutforth,176220,QB,BOISE ST,1,75.8,33,34,10.2,2.48,0,1,2.6,64.7,22,0,8,12.0,37,3,12,120,69.5,68.7,69.9,55.7,1,0,41,1,25.0,85.0,5.4,2,1,0,0,0,0,0.0,237,7.0
13,Luke Altmyer,146802,QB,ILLINOIS,1,74.1,27,34,9.0,2.9,4,1,2.8,58.8,20,0,24,0.0,43,0,14,187,39.9,65.8,60.3,69.9,0,0,45,0,20.8,79.9,11.6,5,3,0,3,0,1,2.2,235,6.9
13,Owen McCown,157688,QB,UTSA,1,83.3,30,33,3.4,2.62,0,0,0.0,72.7,24,0,9,4.0,34,1,12,331,68.8,63.0,60.0,64.3,0,0,37,0,0.0,133.6,0.0,0,1,0,3,5,1,2.7,248,7.5
13,Baylor Hayes,192135,QB,TULSA,1,75.0,28,33,12.1,2.94,0,3,8.1,60.6,20,0,16,4.8,36,1,13,320,70.0,70.5,73.6,54.0,0,0,41,0,6.3,95.8,2.8,1,2,2,3,1,0,0.0,262,7.9
13,Amari Odom,178686,QB,KENNESAW,1,80.6,31,33,11.7,2.78,1,4,11.8,69.7,23,0,14,8.0,40,2,15,200,72.9,90.5,88.8,72.3,0,0,42,0,28.6,148.1,10.0,4,2,0,1,5,0,0.0,383,11.6
13,E.J. Warner,156185,QB,FRESNO ST,1,83.3,30,33,6.8,2.95,1,1,3.0,69.7,23,0,8,8.0,39,2,8,169,69.4,74.9,79.6,52.9,0,1,39,0,25.0,81.3,5.1,2,4,0,2,1,0,0.0,187,5.7
13,Sawyer Robertson,146839,QB,BAYLOR,1,71.9,32,33,8.3,2.04,1,1,2.7,66.7,22,0,7,4.3,36,1,7,118,71.5,58.2,50.9,71.9,0,2,41,0,42.9,62.9,8.3,3,0,0,0,1,2,4.9,162,4.9
13,Darian Mensah,169984,QB,DUKE,1,71.4,28,33,7.0,3.11,2,0,0.0,60.6,20,0,13,0.0,36,0,11,154,70.3,73.6,74.3,59.9,1,0,40,0,0.0,84.8,0.0,0,3,0,2,1,0,0.0,175,5.3
13,Josh Hoover,127148,QB,TCU,1,75.8,33,33,10.1,2.28,0,4,11.4,72.7,24,0,8,4.0,36,1,13,305,70.2,71.8,70.0,64.9,0,3,38,0,25.0,80.0,5.6,2,1,0,0,2,3,7.9,277,8.4
13,Carson Beck,124010,QB,MIAMI FL,1,84.4,32,32,7.3,2.12,0,1,3.0,84.4,27,0,2,0.0,34,0,16,220,69.7,79.8,84.5,54.9,0,0,37,0,0.0,147.9,0.0,0,1,0,0,4,1,2.7,320,10.0
13,Katin Houser,158386,QB,E CAROLINA,1,59.4,32,32,9.4,2.35,0,1,2.7,56.3,18,0,8,5.3,35,1,11,156,71.1,64.5,64.8,58.6,0,1,40,0,25.0,88.2,5.7,2,1,0,0,2,1,2.5,241,7.5
13,Kiael Kelly,145634,QB,BALL ST,1,59.3,27,32,8.9,2.91,0,3,9.1,46.9,15,0,20,6.3,41,1,9,117,25.3,56.7,51.1,66.1,0,2,42,0,35.0,49.7,17.1,7,2,0,5,1,4,9.5,186,5.8
13,Tommy Castellanos,158433,QB,FLORIDA ST,1,56.7,30,32,17.9,3.45,1,2,5.9,50.0,16,0,16,5.9,39,1,13,167,70.8,80.1,75.0,72.1,0,2,41,0,0.0,54.6,0.0,0,7,0,1,1,2,4.9,203,6.3
13,Brad Jackson,184354,QB,TEXAS ST,1,83.3,30,32,5.4,2.6,1,0,0.0,78.1,25,0,9,0.0,40,0,15,314,41.5,55.6,58.0,54.6,0,1,42,0,22.2,100.7,5.0,2,6,0,1,2,1,2.4,201,6.3
13,Evan Simon,129906,QB,TEMPLE,1,78.6,28,32,7.6,2.9,0,0,0.0,65.6,21,0,18,4.5,39,1,10,306,69.7,65.8,66.8,61.0,1,0,44,1,22.2,99.7,10.3,4,2,0,3,2,1,2.3,170,5.3
13,Preston Stone,124716,QB,NWESTERN,1,86.2,29,31,9.9,2.78,1,3,8.6,80.6,25,0,5,0.0,33,0,16,256,69.8,91.3,90.0,76.3,0,0,38,1,0.0,129.2,0.0,0,2,0,1,2,1,2.6,305,9.8
13,Drake Lindsey,184727,QB,MINNESOTA,1,75.0,28,31,13.1,2.44,1,3,9.4,64.5,20,0,6,4.8,32,1,12,225,68.5,80.9,80.4,,0,0,33,0,16.7,130.9,3.1,1,0,1,1,4,1,3.0,264,8.5
13,Zevi Eckhaus,148535,QB,WASH STATE,1,65.5,29,31,6.5,2.5,0,2,6.1,61.3,19,0,16,0.0,34,0,9,341,70.5,58.0,58.4,63.8,0,1,36,2,0.0,73.5,0.0,0,3,0,2,1,1,2.8,171,5.5
13,Jacob Clark,101628,QB,MO STATE,1,74.2,31,31,10.6,2.69,0,1,2.9,74.2,23,0,9,0.0,34,0,14,230,68.9,77.9,81.0,52.9,0,2,38,0,11.1,115.5,2.9,1,2,0,0,3,1,2.6,344,11.1
13,Caden Creel,170414,QB,JVILLE ST,1,70.4,27,30,10.4,3.34,1,1,3.2,56.7,17,0,17,10.5,38,2,12,196,43.4,52.4,48.9,62.1,0,0,40,1,17.6,99.0,7.9,3,5,0,2,2,1,2.5,198,6.6
13,Skyler Locklear,164027,QB,UTEP,1,72.0,25,30,14.0,3.03,1,1,3.3,53.3,16,0,11,11.1,33,2,8,330,71.6,67.3,63.3,66.5,1,1,34,0,9.1,75.0,3.0,1,2,0,3,2,1,2.9,145,4.8
13,Nick Minicucci,173617,QB,DELAWARE,1,78.6,28,30,5.9,2.33,0,0,0.0,70.0,21,0,9,4.5,32,1,5,151,69.4,69.4,70.1,57.4,0,0,32,0,22.2,91.0,6.3,2,0,0,2,1,0,0.0,140,4.7
13,Dante Moore,173983,QB,OREGON,1,86.2,29,30,5.3,2.09,0,2,6.1,73.3,22,0,8,12.0,31,3,13,264,42.1,86.7,85.7,64.2,0,1,34,0,12.5,107.2,3.2,1,0,0,1,2,1,2.9,257,8.6
13,John Mateer,158516,QB,OKLAHOMA,1,53.8,26,30,10.5,2.96,1,0,0.0,46.7,14,0,12,0.0,36,0,10,261,73.7,49.5,45.9,59.5,0,0,37,0,25.0,87.2,8.3,3,3,0,3,2,2,5.4,173,5.8
13,Bryson Barnes,131845,QB,UTAH ST,1,73.1,26,30,10.8,2.96,1,1,3.2,53.3,16,0,18,15.8,36,3,11,329,75.4,86.0,79.4,72.7,1,1,40,0,11.1,53.5,5.6,2,4,0,2,0,0,0.0,150,5.0
13,Arch Manning,173162,QB,TEXAS,1,69.2,26,30,14.8,2.8,1,2,6.1,60.0,18,0,7,0.0,31,0,15,311,69.3,84.8,84.1,56.9,1,0,35,0,0.0,143.8,0.0,0,1,0,2,4,0,0.0,389,13.0
13,KJ Jackson,184386,QB,ARKANSAS,1,64.3,28,29,9.5,2.75,0,0,0.0,55.2,16,0,11,11.1,32,2,11,111,69.1,76.4,67.2,82.3,0,0,35,0,9.1,89.2,3.1,1,2,0,1,1,1,2.9,206,7.1
13,Conner Weigman,158683,QB,HOUSTON,1,66.7,27,29,8.3,3.07,0,1,3.0,51.7,15,0,13,16.7,34,3,9,182,73.4,65.9,54.1,74.3,1,1,38,0,0.0,76.9,0.0,0,5,0,1,2,1,2.6,161,5.6
13,Mason Heintschel,199088,QB,PITTSBURGH,1,77.8,27,28,10.1,2.85,0,1,3.3,71.4,20,0,18,4.8,36,1,11,268,36.4,76.8,69.5,77.1,0,0,38,1,27.8,119.0,13.9,5,2,0,1,2,1,2.6,226,8.1
13,Joe Pesansky,149434,QB,FIU,1,71.4,21,28,9.1,3.21,3,0,0.0,50.0,14,0,12,6.7,34,1,11,166,72.1,72.9,70.1,66.3,1,2,36,2,8.3,67.0,2.9,1,5,0,3,2,1,2.8,196,7.0
13,Zane Flores,174288,QB,OKLA STATE,1,55.6,27,28,7.6,2.36,0,0,0.0,46.4,13,0,6,13.3,31,2,9,262,69.3,46.9,40.7,69.5,0,1,31,0,33.3,56.3,6.5,2,1,0,1,1,2,6.5,124,4.4
13,JJ Kohl,174674,QB,APP STATE,1,74.1,27,28,5.7,2.64,0,1,3.6,67.9,19,0,6,5.0,30,1,7,108,70.2,70.5,70.5,60.7,1,0,30,1,0.0,90.5,0.0,0,2,0,0,1,0,0.0,134,4.8
13,Dru DeShields,176094,QB,KENT STATE,1,50.0,28,28,10.9,2.79,0,2,6.7,50.0,14,0,19,0.0,39,0,12,201,28.2,53.2,52.4,58.1,0,0,42,0,26.3,71.3,12.8,5,5,0,0,0,1,2.4,185,6.6
13,Ben Finley,122864,QB,AKRON,1,50.0,24,28,12.6,2.68,2,1,3.3,32.1,9,0,11,25.0,37,3,10,102,22.7,52.1,51.5,57.4,0,1,39,0,36.4,52.1,10.8,4,5,2,0,1,2,5.1,176,6.3
13,Jake Retzlaff,70874,QB,TULANE,1,74.1,27,27,8.4,2.78,0,1,3.4,59.3,16,0,6,20.0,30,4,8,319,69.4,79.1,75.7,69.9,0,0,32,0,16.7,110.1,3.3,1,2,0,0,2,1,3.1,220,8.1
13,Grayson Loftis,170054,QB,CHARLOTTE,1,56.0,25,27,7.5,2.68,0,0,0.0,51.9,14,0,10,0.0,30,0,5,136,68.2,48.1,44.9,63.2,0,2,30,0,20.0,34.5,6.7,2,1,0,2,0,2,6.7,130,4.8
13,Gio Lopez,172309,QB,N CAROLINA,1,77.8,27,27,8.7,2.87,0,1,3.4,77.8,21,0,19,0.0,33,0,14,245,70.1,82.3,85.8,58.5,0,0,36,0,15.8,110.5,9.1,3,3,0,0,1,0,0.0,204,7.6
13,Aidan Armenta,175731,QB,LA MONROE,1,83.3,24,27,5.5,2.83,0,0,0.0,74.1,20,0,8,0.0,31,0,10,209,68.5,64.2,65.4,56.6,0,0,34,0,12.5,90.4,3.2,1,3,0,3,0,1,2.9,172,6.4
13,Tama Amisone,199154,QB,S JOSE ST,1,78.9,19,27,7.5,3.32,1,0,0.0,55.6,15,0,11,0.0,31,0,8,285,72.7,66.5,59.7,68.7,0,1,32,0,18.2,49.0,6.5,2,2,0,7,0,1,3.1,104,3.9
13,Nico Iamaleava,174728,QB,UCLA,1,77.3,22,26,5.5,3.0,1,1,3.7,61.5,16,0,11,5.9,29,1,4,324,17.9,47.5,56.7,40.2,2,0,31,0,9.1,65.9,3.4,1,2,0,1,0,2,6.5,69,2.7
13,Hunter Najm,184223,QB,BOWL GREEN,1,45.5,22,26,8.4,2.9,3,1,3.8,34.6,9,0,8,10.0,32,1,5,122,29.4,29.4,28.6,54.4,0,2,32,0,37.5,33.8,9.4,3,3,0,1,1,3,9.4,138,5.3
13,Anthony Colandrea,170131,QB,UNLV,1,80.8,26,26,11.1,3.47,0,0,0.0,80.8,21,0,11,0.0,28,0,13,325,68.8,81.9,81.8,61.4,0,0,31,0,9.1,144.6,3.6,1,1,0,0,3,0,0.0,246,9.5
13,Demond Williams Jr.,183648,QB,WASHINGTON,1,65.4,26,26,10.7,3.49,0,1,3.4,65.4,17,0,7,0.0,28,0,11,340,70.3,71.5,66.4,69.6,0,1,32,1,0.0,100.3,0.0,0,2,0,0,2,1,3.1,213,8.2
13,Byrum Brown,156206,QB,USF,1,83.3,24,26,11.2,2.84,1,4,13.8,73.1,19,0,10,5.0,30,1,14,327,31.2,86.7,76.7,80.5,0,0,33,1,20.0,153.5,6.7,2,2,0,1,3,1,3.0,353,13.6
13,Tucker Gleason,122475,QB,TOLEDO,1,66.7,24,26,8.5,2.5,0,3,10.7,61.5,16,0,8,0.0,27,0,9,316,68.7,71.5,68.7,62.7,0,2,29,0,12.5,96.2,3.7,1,0,1,1,4,1,3.4,220,8.5
13,CJ Bailey,183349,QB,NC STATE,1,75.0,24,26,8.5,3.23,0,1,3.6,69.2,18,0,12,0.0,31,0,10,248,69.9,60.8,51.9,75.5,0,0,33,0,25.0,109.8,9.7,3,2,1,1,2,1,3.0,152,5.8
13,Lunch Winfield,176367,QB,LA LAFAYET,1,72.0,25,26,7.8,2.76,0,0,0.0,69.2,18,0,15,0.0,36,0,8,207,24.1,63.5,48.0,77.3,0,0,37,2,33.3,83.3,13.9,5,5,0,1,0,2,5.4,147,5.7
13,Joseph Filardi,199227,QB,SYRACUSE,1,60.0,25,26,5.3,2.6,0,0,0.0,53.8,14,0,16,6.7,34,1,5,304,71.4,28.7,25.7,67.9,0,3,38,0,31.3,20.7,14.7,5,3,0,1,0,5,13.2,83,3.2
13,Bear Bachmeier,203434,QB,BYU,1,65.2,23,25,7.3,3.0,0,0,0.0,60.0,15,0,10,0.0,27,0,7,128,73.3,59.9,49.4,69.4,0,0,28,0,0.0,73.3,0.0,0,2,0,2,0,3,10.7,127,5.1
13,Tayven Jackson,157615,QB,UCF,1,72.7,22,25,9.2,3.05,0,0,0.0,64.0,16,0,14,0.0,31,0,11,323,42.8,58.6,56.2,62.7,0,2,33,0,14.3,93.9,6.5,2,4,0,3,2,3,9.1,271,10.8
13,Noah Fifita,158722,QB,ARIZONA,1,65.2,23,24,14.7,3.23,0,0,0.0,58.3,14,0,11,6.7,27,1,10,109,70.7,65.3,61.1,66.7,0,1,31,0,9.1,79.0,3.7,1,2,0,1,1,1,3.2,183,7.6
13,Micah Alejado,184162,QB,HAWAII,1,78.3,23,24,9.0,3.03,0,1,3.8,62.5,15,0,12,16.7,31,3,7,180,69.1,77.5,77.8,62.7,0,1,34,0,25.0,79.0,9.7,3,4,0,1,1,0,0.0,163,6.8
13,Jeff Sims,122496,QB,ARIZONA ST,1,56.5,23,24,14.5,2.81,0,2,7.7,45.8,11,0,7,15.4,27,2,6,110,27.6,63.7,62.6,61.8,0,1,29,0,28.6,86.5,7.4,2,1,0,1,2,2,6.9,206,8.6
13,Avery Johnson,173108,QB,KANSAS ST,1,75.0,20,24,8.6,2.83,1,0,0.0,50.0,12,0,9,20.0,27,3,6,199,71.9,63.5,53.6,72.4,0,1,30,1,11.1,58.0,3.7,1,2,0,3,1,1,3.3,102,4.3
13,JC French IV,162521,QB,GA SOUTHRN,1,77.3,22,24,5.1,2.3,0,1,3.8,66.7,16,0,9,5.9,27,1,5,174,68.7,50.4,50.5,59.7,1,1,29,0,22.2,65.8,7.4,2,0,0,1,0,1,3.4,147,6.1
13,Rocco Becht,157567,QB,IOWA STATE,1,85.7,21,23,9.6,2.52,2,1,4.2,78.3,18,0,5,0.0,25,0,13,193,67.8,89.2,90.5,57.3,0,0,26,0,20.0,149.9,4.0,1,1,0,0,3,0,0.0,241,10.5
13,Bryce Underwood,198795,QB,MICHIGAN,1,81.8,22,23,8.0,2.91,0,2,8.0,69.6,16,0,14,11.1,30,2,11,222,68.9,81.2,74.9,73.5,0,0,32,0,14.3,128.0,6.7,2,5,0,1,2,1,3.1,215,9.3
13,Thomas Gotkowski,184081,QB,MIAMI OH,1,61.9,21,23,16.2,2.51,1,2,8.7,56.5,13,0,8,0.0,26,0,9,221,73.3,69.6,69.1,62.4,1,0,26,0,12.5,97.2,3.8,1,2,0,0,1,0,0.0,185,8.0
13,Bishop Davenport,163426,QB,S ALABAMA,1,90.9,22,23,2.8,1.99,1,0,0.0,87.0,20,0,4,0.0,26,0,8,288,71.8,65.0,64.8,60.1,0,0,27,0,25.0,94.0,3.8,1,2,0,0,0,0,0.0,151,6.6
13,Jalon Daniels,122555,QB,KANSAS,1,56.5,23,23,10.6,3.03,0,1,4.2,56.5,13,0,4,0.0,28,0,8,198,69.2,47.3,52.0,48.9,0,1,29,0,0.0,59.0,0.0,0,5,0,0,0,1,3.4,154,6.7
13,Drew Mestemaker,190616,QB,N TEXAS,1,82.6,23,23,10.6,2.69,0,3,13.0,82.6,19,0,1,0.0,24,0,14,251,68.2,92.0,92.2,60.7,0,0,24,0,0.0,158.3,0.0,0,1,0,0,3,1,4.2,469,20.4
13,Robby Ashford,131702,QB,WAKE,1,71.4,21,22,5.5,2.26,0,1,4.3,68.2,15,0,12,0.0,27,0,9,339,31.5,61.5,46.6,78.3,0,1,29,0,0.0,131.6,0.0,0,2,0,1,3,1,3.4,292,13.3
13,Mark Gronowski,138303,QB,IOWA,1,70.6,17,22,13.4,3.21,1,0,0.0,54.5,12,0,12,0.0,27,0,9,192,30.5,59.3,49.2,70.8,0,1,27,1,25.0,71.6,11.1,3,2,0,4,1,2,7.4,147,6.7
13,Joey Aguilar,174978,QB,TENNESSEE,1,86.4,22,22,6.4,2.54,0,0,0.0,77.3,17,0,5,10.5,23,2,12,307,68.8,69.0,66.7,63.1,0,0,25,1,20.0,120.3,4.3,1,0,0,0,1,0,0.0,204,9.3
13,Chase Jenkins,173242,QB,RICE,1,66.7,21,21,6.2,2.58,0,0,0.0,66.7,14,0,8,0.0,25,0,7,275,73.3,58.0,48.8,64.9,0,0,25,0,12.5,93.6,4.0,1,3,0,0,1,0,0.0,101,4.8
13,Athan Kaliakmanis,144971,QB,RUTGERS,1,55.0,20,21,10.3,2.97,0,0,0.0,47.6,10,0,7,9.1,27,1,4,278,68.2,56.6,55.3,60.2,0,0,31,0,57.1,57.8,14.8,4,2,0,1,0,2,6.5,81,3.9
13,Gunner Stockton,157072,QB,GEORGIA,1,90.0,20,21,4.8,2.74,1,0,0.0,81.0,17,0,5,5.6,25,1,13,173,68.3,73.5,64.1,75.8,0,1,25,0,20.0,85.7,4.0,1,3,0,0,0,1,4.0,196,9.3
13,Grant Jordan,151147,QB,UMASS,1,61.1,18,21,10.1,3.32,1,1,4.5,47.6,10,0,11,9.1,26,1,6,216,69.6,46.6,43.2,60.2,0,1,27,0,18.2,50.3,7.7,2,3,0,2,1,2,7.4,56,2.7
13,Ethan Vasko,163817,QB,LIBERTY,1,50.0,16,21,15.6,3.1,1,1,4.3,38.1,8,0,6,0.0,21,0,5,206,71.7,45.3,31.1,72.4,0,4,23,1,0.0,38.1,0.0,0,0,0,4,1,4,17.4,141,6.7
13,Carlos Del Rio-Wilson,146687,QB,MARSHALL,1,70.0,20,21,6.9,2.9,0,0,0.0,61.9,13,0,8,7.1,23,1,9,214,73.3,67.8,64.1,65.3,0,1,25,0,0.0,62.8,0.0,0,2,0,1,0,0,0.0,146,7.0
13,Kyron Drones,144506,QB,VA TECH,1,72.2,18,21,9.6,3.25,0,2,9.5,57.1,12,0,12,7.7,29,1,4,337,28.4,64.5,57.1,68.0,1,0,30,0,33.3,74.3,13.8,4,4,0,2,0,2,6.7,124,5.9
13,Deuce Knight,198161,QB,AUBURN,1,80.0,20,20,11.6,3.05,0,0,0.0,75.0,15,0,6,6.3,26,1,13,115,69.6,91.1,82.2,83.6,0,0,27,0,16.7,147.7,3.8,1,5,0,0,2,0,0.0,239,12.0
13,LaNorris Sellers,174326,QB,S CAROLINA,1,85.0,20,20,4.4,2.9,0,0,0.0,80.0,16,0,3,5.9,24,1,11,289,28.8,69.5,61.0,72.1,0,0,26,0,0.0,152.1,0.0,0,4,0,0,2,1,3.8,274,13.7
13,Joe Labas,144847,QB,C MICHIGAN,1,66.7,18,20,10.0,3.11,0,0,0.0,55.0,11,0,8,8.3,22,1,6,134,68.0,71.0,66.1,69.4,0,1,22,0,12.5,85.6,4.5,1,1,0,2,2,2,9.1,121,6.1
13,Trey Kukuk,198675,QB,LA TECH,1,76.5,17,20,8.9,2.72,1,0,0.0,65.0,13,0,9,0.0,24,0,9,208,74.3,79.1,74.6,70.2,1,0,25,0,0.0,80.8,0.0,0,4,0,1,0,0,0.0,118,5.9
13,Taylen Green,145996,QB,ARKANSAS,1,64.7,17,20,7.4,3.31,0,0,0.0,50.0,10,0,8,9.1,21,1,5,111,70.3,61.0,49.5,74.2,1,1,22,0,0.0,47.5,0.0,0,1,0,2,0,1,4.5,118,5.9
13,Elijah Brown,183276,QB,STANFORD,1,62.5,16,20,10.4,2.85,2,2,9.1,50.0,10,0,7,0.0,23,0,7,300,68.3,69.2,68.4,60.9,0,0,25,0,14.3,86.0,4.3,1,2,0,2,1,1,4.0,123,6.2
13,Julian Sayin,183708,QB,OHIO STATE,1,77.8,18,19,6.6,2.75,0,0,0.0,68.4,13,0,7,7.1,19,1,10,260,67.4,71.1,70.1,,0,0,22,0,0.0,128.6,0.0,0,0,0,1,2,0,0.0,157,8.3
13,Colton Joseph,172283,QB,DOMINION,1,70.6,17,19,9.6,3.05,0,0,0.0,63.2,12,0,5,0.0,22,0,8,263,51.8,76.8,55.5,81.5,0,0,24,1,0.0,103.0,0.0,0,3,0,2,1,0,0.0,140,7.4
13,Alonza Barnett III,156710,QB,JAMES MAD,1,68.8,16,18,10.7,2.75,1,1,5.3,50.0,9,0,8,18.2,19,2,3,197,72.1,63.1,57.0,66.6,0,1,20,0,12.5,72.5,5.3,1,0,0,1,1,0,0.0,144,8.0
13,Carter Jones,198923,QB,NEVADA,1,68.8,16,17,6.3,2.37,1,0,0.0,64.7,11,0,6,0.0,18,0,4,239,25.8,56.3,65.8,43.8,0,0,19,0,0.0,89.8,0.0,0,1,0,0,1,1,5.3,58,3.4
13,DJ Lagway,184426,QB,FLORIDA,1,75.0,16,17,6.5,2.97,0,0,0.0,64.7,11,0,7,8.3,20,1,6,163,71.3,71.5,74.0,59.2,0,0,22,0,28.6,104.0,10.0,2,1,0,1,1,0,0.0,116,6.8
13,Ty Simpson,157008,QB,ALABAMA,1,76.5,17,17,9.6,2.78,0,0,0.0,70.6,12,0,2,7.7,19,1,8,103,67.7,74.8,75.0,60.2,0,2,19,0,0.0,57.6,0.0,0,1,0,0,0,1,5.3,148,8.7
13,Deuce Adams,190581,QB,LOUISVILLE,1,80.0,15,17,6.5,2.75,2,2,11.8,70.6,12,0,8,0.0,21,0,4,210,69.2,65.6,66.1,59.8,0,0,21,0,25.0,83.9,9.5,2,2,0,0,0,0,0.0,94,5.5
13,Braden Streeter,185330,QB,DELAWARE,1,75.0,16,17,10.8,2.75,1,1,5.9,64.7,11,0,5,8.3,18,1,5,151,66.8,70.2,72.0,57.3,0,0,18,0,0.0,98.4,0.0,0,1,0,0,1,1,5.6,93,5.5
13,Jayden Denegal,158533,QB,S DIEGO ST,1,64.3,14,16,11.9,2.82,0,1,5.6,50.0,8,0,4,11.1,18,1,2,284,29.7,55.6,51.8,61.5,0,0,20,0,25.0,64.8,5.6,1,0,0,2,0,0,0.0,81,5.1
13,Cade Klubnik,156253,QB,CLEMSON,1,84.6,13,16,14.5,3.31,0,2,12.5,56.3,9,0,6,18.2,16,2,8,140,68.2,77.2,79.3,57.5,0,0,16,1,0.0,129.9,0.0,0,0,0,3,2,0,0.0,159,9.9
13,Turner Helton,163044,QB,GA SOUTHRN,1,60.0,15,16,5.5,3.1,0,0,0.0,56.3,9,0,7,0.0,17,0,4,174,66.7,68.0,70.2,57.3,0,0,17,0,0.0,82.6,0.0,0,1,0,1,1,0,0.0,49,3.1
13,Jack Layne,158966,QB,NEW MEXICO,1,66.7,15,15,8.5,2.88,0,0,0.0,66.7,10,0,12,0.0,22,0,9,241,68.0,65.1,53.8,73.5,0,0,22,0,25.0,87.1,13.6,3,4,0,0,0,0,0.0,106,7.1
13,Christopher Vizzina,170032,QB,CLEMSON,1,66.7,15,15,5.7,1.88,0,0,0.0,60.0,9,0,3,10.0,15,1,1,140,69.4,56.8,52.3,64.0,0,0,15,0,0.0,88.8,0.0,0,0,0,0,1,0,0.0,52,3.5
13,Marcel Reed,175940,QB,TEXAS A&M,1,66.7,15,15,11.4,2.75,0,1,6.7,66.7,10,0,6,0.0,16,0,5,312,66.5,53.1,54.1,57.3,0,0,16,0,0.0,130.6,0.0,0,1,0,0,3,1,6.3,120,8.0
13,Ethan Grunkemeyer,183606,QB,PENN STATE,1,91.7,12,12,7.3,2.72,0,0,0.0,91.7,11,0,3,0.0,16,0,8,266,67.6,68.6,77.3,49.6,0,0,18,0,33.3,146.5,6.3,1,3,0,0,1,0,0.0,181,15.1
13,Cameran Brown,184894,QB,GA STATE,1,50.0,12,12,9.2,1.88,0,0,0.0,50.0,6,0,5,0.0,13,0,3,175,29.1,48.8,49.8,55.2,0,0,13,0,20.0,63.5,7.7,1,0,0,0,0,0,0.0,57,4.8
13,Carter Smith,199578,QB,WISCONSIN,1,81.8,11,11,5.7,3.64,0,0,0.0,81.8,9,0,13,0.0,19,0,6,349,34.7,53.9,49.2,59.8,0,0,19,0,38.5,95.1,26.3,5,3,0,0,0,1,5.3,75,6.8
13,Ryan Puglisi,184571,QB,GEORGIA,1,90.9,11,11,3.5,1.93,0,0,0.0,63.6,7,0,2,30.0,12,3,2,173,65.8,55.0,54.2,,0,0,12,0,50.0,73.7,8.3,1,0,0,0,0,0,0.0,49,4.5
13,Luke Duncan,173972,QB,UCLA,1,66.7,9,11,7.9,2.36,2,0,0.0,45.5,5,0,2,16.7,11,1,3,324,65.6,75.6,75.1,,0,0,11,0,0.0,100.9,0.0,0,0,0,0,1,0,0.0,81,7.4
13,Brady Hart,199994,QB,TEXAS A&M,1,62.5,8,10,4.4,2.42,0,0,0.0,50.0,5,0,4,0.0,11,0,3,312,65.6,59.0,53.7,64.0,1,0,11,0,0.0,69.6,0.0,0,1,1,0,0,0,0.0,62,6.2
13,Cale Hellums,170981,QB,ARMY,1,60.0,10,10,16.3,2.64,0,2,18.2,60.0,6,0,2,0.0,10,0,2,114,78.8,83.7,75.2,74.0,0,1,11,0,0.0,39.2,0.0,0,0,0,0,0,1,9.1,64,6.4
13,Keelon Russell,198077,QB,ALABAMA,1,77.8,9,9,7.3,3.0,0,0,0.0,77.8,7,0,3,0.0,11,0,6,103,65.6,64.8,55.3,70.8,0,0,11,0,0.0,102.8,0.0,0,2,0,0,0,1,9.1,78,8.7
13,Zion Turner,158636,QB,MARSHALL,1,100.0,8,9,5.3,2.49,1,0,0.0,88.9,8,0,3,0.0,10,0,3,214,9.2,65.7,74.5,49.9,0,0,10,0,33.3,91.7,10.0,1,0,0,0,0,1,10.0,54,6.0
13,CJ Carr,184093,QB,NOTRE DAME,1,62.5,8,9,12.1,2.31,1,0,0.0,55.6,5,0,3,0.0,10,0,4,258,66.5,67.1,66.3,60.0,0,0,10,0,33.3,108.1,10.0,1,0,0,0,1,0,0.0,49,5.4
13,Broc Lowry,173383,QB,W MICHIGAN,1,55.6,9,9,6.7,2.02,0,0,0.0,55.6,5,0,1,0.0,9,0,2,347,74.6,78.3,49.5,78.5,0,1,9,0,0.0,23.6,0.0,0,0,0,0,0,1,11.1,32,3.6
13,Brady Davidson,199832,QB,N ILLINOIS,1,62.5,8,8,12.0,3.57,0,0,0.0,62.5,5,0,6,0.0,11,0,4,254,65.8,70.9,71.0,60.8,0,0,12,0,16.7,131.8,9.1,1,2,0,0,1,0,0.0,73,9.1
13,Walker Eget,146170,QB,S JOSE ST,1,66.7,6,8,4.3,2.64,1,0,0.0,50.0,4,0,4,0.0,8,0,1,285,66.2,48.5,48.7,58.8,1,1,8,0,0.0,20.8,0.0,0,0,0,0,0,0,0.0,32,4.0
13,Parker Navarro,123758,QB,OHIO,1,66.7,6,8,11.5,3.59,1,0,0.0,37.5,3,0,6,25.0,14,1,3,259,27.8,54.3,44.8,60.7,0,0,15,0,33.3,47.9,14.3,2,4,0,1,0,2,13.3,28,3.5
13,Jalen Macon,153929,QB,N ILLINOIS,1,16.7,6,7,18.0,3.23,0,0,0.0,14.3,1,0,6,0.0,10,0,1,254,70.5,48.7,36.5,62.0,0,0,11,0,16.7,39.6,10.0,1,2,0,1,0,0,0.0,5,0.7
13,Miles O'Neill,191260,QB,TEXAS A&M,1,50.0,6,7,23.7,3.44,1,0,0.0,42.9,3,0,5,0.0,11,0,1,312,65.8,46.5,35.7,66.5,0,1,12,0,20.0,10.7,9.1,1,3,0,0,0,1,8.3,19,2.7
13,Josh Johnson,186429,QB,AIR FORCE,1,50.0,6,6,12.5,4.01,0,1,16.7,50.0,3,0,5,0.0,9,0,2,101,69.1,59.9,53.1,64.0,0,1,9,0,20.0,36.1,11.1,1,2,0,0,0,1,11.1,46,7.7
13,Cole Ballard,173062,QB,KANSAS,1,66.7,6,6,18.0,2.6,0,1,16.7,50.0,3,0,1,25.0,6,1,2,198,65.7,77.6,73.3,63.6,0,0,6,0,0.0,109.0,0.0,0,0,0,0,1,0,0.0,37,6.2
13,Kenny Minchey,171091,QB,NOTRE DAME,1,66.7,6,6,12.5,2.37,0,0,0.0,66.7,4,0,2,0.0,6,0,1,258,67.0,69.9,61.2,69.3,0,0,6,0,0.0,70.1,0.0,0,0,0,0,0,0,0.0,18,3.0
13,Brandon Rose,158503,QB,UMASS,1,83.3,6,6,7.0,2.3,0,0,0.0,83.3,5,0,2,0.0,7,0,3,216,69.7,60.4,60.9,59.1,0,1,7,0,50.0,90.3,14.3,1,0,0,0,1,1,14.3,34,5.7
13,Kemper Hodges,186426,QB,AIR FORCE,1,20.0,5,5,17.0,3.45,0,0,0.0,20.0,1,0,5,0.0,8,0,0,101,33.2,46.6,27.0,64.2,0,0,8,0,60.0,39.6,37.5,3,0,0,0,0,1,12.5,5,1.0
13,Zach Calzada,98006,QB,KENTUCKY,1,60.0,5,5,14.4,2.66,0,0,0.0,60.0,3,0,0,0.0,5,0,0,202,63.8,33.9,34.2,,0,1,5,0,,25.0,0.0,0,0,0,0,0,1,20.0,4,0.8
13,Blaze Berlowitz,171066,QB,VANDERBILT,1,80.0,5,5,8.2,2.55,0,0,0.0,80.0,4,0,1,0.0,6,0,2,333,67.0,40.5,32.6,62.7,0,0,6,0,0.0,112.5,0.0,0,0,0,0,0,1,16.7,55,11.0
13,Jacob Zeno,98014,QB,TEXAS A&M,1,66.7,3,5,3.3,2.58,1,0,0.0,40.0,2,0,1,0.0,5,0,1,312,63.8,62.0,61.1,,1,0,5,0,0.0,57.9,0.0,0,0,0,0,0,0,0.0,27,5.4
13,Austin Mack,171934,QB,ALABAMA,1,100.0,5,5,1.6,2.58,0,0,0.0,100.0,5,0,1,0.0,6,0,4,103,65.9,64.1,59.6,69.3,0,0,7,1,0.0,104.2,0.0,0,1,0,0,0,0,0.0,45,9.0
13,Quinn Henicle,190064,QB,DOMINION,1,40.0,5,5,17.4,2.72,0,0,0.0,40.0,2,0,2,0.0,6,0,3,263,19.9,54.7,59.0,54.9,0,0,6,0,0.0,64.6,0.0,0,1,0,0,0,0,0.0,35,7.0
13,Gevani McCoy,147609,QB,TEMPLE,1,60.0,5,5,4.8,2.6,0,0,0.0,60.0,3,0,3,0.0,6,0,0,306,64.2,66.1,70.8,57.3,0,0,6,0,0.0,65.4,0.0,0,1,0,0,0,0,0.0,16,3.2
13,Jackson Arnold,173684,QB,AUBURN,1,100.0,5,5,6.2,2.75,0,0,0.0,60.0,3,0,1,40.0,6,2,2,115,67.0,85.5,72.3,75.3,0,0,6,0,100.0,77.9,16.7,1,0,0,0,0,0,0.0,31,6.2
13,Cutter Woods,199951,QB,S CAROLINA,1,100.0,5,5,5.0,2.66,0,0,0.0,80.0,4,0,2,20.0,5,1,2,289,65.2,75.5,79.2,58.5,0,0,5,0,0.0,85.8,0.0,0,0,0,0,0,0,0.0,23,4.6
13,Chris Denson,199629,QB,CLEMSON,1,100.0,4,4,-0.3,2.34,0,0,0.0,100.0,4,0,1,0.0,5,0,3,140,69.7,91.7,73.2,82.2,0,0,5,0,0.0,129.2,0.0,0,1,0,0,1,0,0.0,22,5.5
13,Luke Carney,199218,QB,SYRACUSE,1,75.0,4,4,5.3,2.53,0,0,0.0,75.0,3,0,2,0.0,6,0,0,304,65.7,59.7,54.6,63.5,0,0,6,0,50.0,77.1,16.7,1,1,0,0,0,0,0.0,12,3.0
13,Hunter Simmons,148254,QB,WISCONSIN,1,66.7,3,4,4.3,2.5,0,0,0.0,50.0,2,0,2,0.0,4,0,1,349,63.3,60.7,60.5,,0,0,4,0,0.0,61.5,0.0,0,0,0,1,0,0,0.0,17,4.3
13,Deshawn Purdie,184271,QB,WAKE,1,25.0,4,4,20.0,4.15,0,0,0.0,25.0,1,0,2,0.0,4,0,1,339,63.3,30.4,29.9,,0,1,4,0,0.0,10.4,0.0,0,0,0,0,0,1,25.0,22,5.5
13,Ryder Burton,175011,QB,UAB,1,66.7,3,3,5.3,3.2,0,0,0.0,33.3,1,0,0,50.0,3,1,1,321,67.7,59.0,57.8,60.2,0,0,3,0,,59.0,0.0,0,0,0,0,0,0,0.0,21,7.0
13,Brady Allen,156493,QB,LOUISVILLE,1,66.7,3,3,7.7,3.18,0,0,0.0,66.7,2,0,0,0.0,4,0,1,210,63.3,35.2,35.3,57.3,0,1,4,0,,30.6,0.0,0,1,0,0,0,1,25.0,6,2.0
13,Lincoln Kienholz,170256,QB,OHIO STATE,1,50.0,2,3,8.0,3.45,0,0,0.0,33.3,1,0,1,0.0,4,0,1,260,68.9,56.3,47.3,63.9,0,0,5,0,0.0,56.3,0.0,0,1,0,1,0,0,0.0,19,6.3
13,William Watson III,174771,QB,VA TECH,1,66.7,3,3,15.7,3.2,0,1,33.3,66.7,2,0,3,0.0,5,0,2,337,65.2,65.2,69.4,62.8,0,0,5,1,66.7,109.7,40.0,2,0,0,0,0,0,0.0,77,25.7
13,Air Noland,183705,QB,S CAROLINA,1,66.7,3,3,1.7,1.8,0,0,0.0,66.7,2,0,0,0.0,3,0,1,289,65.2,48.6,50.0,58.2,0,0,4,0,,75.7,0.0,0,0,0,0,0,0,0.0,13,4.3
13,Jared Hollins,184343,QB,S ALABAMA,1,100.0,3,3,-1.7,2.13,0,0,0.0,100.0,3,0,0,0.0,3,0,2,288,62.7,64.5,63.9,,0,0,3,0,,115.3,0.0,0,0,0,0,0,0,0.0,35,11.7
13,Khristian Martin,188254,QB,MARYLAND,1,100.0,3,3,16.0,2.27,0,1,33.3,100.0,3,0,2,0.0,3,0,3,215,62.7,92.3,92.0,,0,0,3,0,0.0,118.8,0.0,0,0,0,0,0,0,0.0,66,22.0
13,Robert McDaniel,199153,QB,S JOSE ST,1,33.3,3,3,6.7,3.43,0,0,0.0,33.3,1,0,3,0.0,6,0,0,285,64.2,41.9,44.5,57.0,0,0,6,0,66.7,42.4,33.3,2,1,0,0,0,0,0.0,-1,-0.3
13,Weston Bryan,207846,QB,GA SOUTHRN,1,100.0,2,2,0.5,0.83,0,0,0.0,100.0,2,0,0,0.0,3,0,0,174,68.8,70.1,60.2,67.1,0,0,3,0,,79.2,0.0,0,0,0,0,0,0,0.0,4,2.0
13,Trent Pearman,156233,QB,CLEMSON,1,50.0,2,2,11.0,2.15,0,0,0.0,50.0,1,0,1,0.0,2,0,0,140,61.8,61.7,61.2,,0,0,2,0,0.0,56.3,0.0,0,0,0,0,0,0,0.0,4,2.0
13,Luke Doty,124230,QB,S CAROLINA,1,100.0,2,2,3.5,1.55,0,0,0.0,50.0,1,0,0,50.0,2,1,0,289,61.8,76.0,75.4,,0,0,2,0,,56.3,0.0,0,0,0,0,0,0,0.0,5,2.5
13,Henry Hesson,145798,QB,MIAMI OH,1,0.0,2,2,11.0,2.1,0,0,0.0,0.0,0,0,2,,3,0,0,221,62.7,35.1,35.0,,0,0,3,0,50.0,39.6,33.3,1,0,0,0,0,0,0.0,0,0.0
13,Kai Horton,144418,QB,WASHINGTON,1,100.0,2,2,-1.0,2.83,0,0,0.0,50.0,1,0,2,50.0,3,1,0,340,62.7,44.9,44.2,,0,0,3,0,50.0,56.3,33.3,1,0,0,0,0,0,0.0,1,0.5
13,Kalieb Osborne,184132,QB,TOLEDO,1,0.0,2,2,27.5,3.25,0,0,0.0,0.0,0,0,2,,2,0,0,316,66.2,41.3,40.4,58.1,0,0,2,0,0.0,39.6,0.0,0,0,0,0,0,0,0.0,0,0.0
13,Anthony Garcia,174863,WR,UTAH ST,1,100.0,2,2,15.0,3.3,0,0,0.0,100.0,2,0,0,0.0,2,0,2,329,65.2,60.6,87.8,63.2,0,0,2,0,,158.3,0.0,0,0,0,0,2,0,0.0,26,13.0
13,Ty Robinson,146317,WR,BALL ST,1,50.0,2,2,12.5,2.95,0,0,0.0,50.0,1,0,2,0.0,2,0,1,117,61.8,54.0,58.4,,0,0,2,0,0.0,95.8,0.0,0,0,0,0,0,0,0.0,40,20.0
13,Marcus Beamon,198245,QB,C MICHIGAN,1,50.0,2,2,10.0,2.55,0,0,0.0,50.0,1,0,1,0.0,2,0,0,134,72.9,67.6,52.2,67.4,0,0,2,0,0.0,56.3,0.0,0,0,0,0,0,0,0.0,2,1.0
13,Nico Ottomanelli,183576,K,SM HOUSTON,1,0.0,1,1,2.0,5.3,0,0,0.0,0.0,0,0,0,,1,0,0,281,24.0,26.8,36.1,,0,0,1,0,,39.6,0.0,0,0,0,0,0,1,100.0,0,0.0
13,Brendan Sullivan,145034,QB,TULANE,1,100.0,1,1,6.0,3.9,0,0,0.0,100.0,1,0,0,0.0,1,0,1,319,65.9,66.9,71.7,57.9,0,0,1,0,,112.5,0.0,0,0,0,0,0,0,0.0,11,11.0
13,Andrew Burnette,205005,HB,LA TECH,1,0.0,1,1,31.0,2.6,0,0,0.0,0.0,0,0,0,,1,0,0,208,75.7,67.7,37.1,70.2,0,1,1,0,,0.0,0.0,0,0,0,0,0,1,100.0,0,0.0
13,Marcus Bellon,104082,WR,NEVADA,1,,0,1,,4.3,0,0,0.0,0.0,0,0,1,,1,0,0,239,71.3,55.5,60.0,,0,0,1,0,0.0,39.6,0.0,0,0,0,1,0,0,0.0,0,0.0
13,Octavian Smith Jr.,162805,WR,MARYLAND,1,0.0,1,1,23.0,2.9,0,0,0.0,0.0,0,0,1,,1,0,0,215,65.9,60.8,50.4,,0,0,1,0,0.0,39.6,0.0,0,0,0,0,0,0,0.0,0,0.0
13,Donovan Faupel,175668,WR,NEW MEX ST,1,100.0,1,1,12.0,3.4,0,0,0.0,100.0,1,0,0,0.0,1,0,1,242,19.5,71.8,75.4,,0,0,1,0,,118.8,0.0,0,0,0,0,0,0,0.0,23,23.0
13,Mason Mini,175102,TE,CAL,1,100.0,1,1,14.0,4.6,0,0,0.0,100.0,1,0,1,0.0,1,0,1,130,62.4,52.1,74.3,,0,0,1,0,0.0,118.8,0.0,0,0,0,0,0,0,0.0,17,17.0
13,Byrd Ficklin,199457,QB,UTAH,1,0.0,1,1,13.0,3.7,0,0,0.0,0.0,0,0,0,,1,0,0,328,71.2,89.7,46.8,87.8,0,0,1,1,,39.6,0.0,0,0,0,0,0,0,0.0,0,0.0
13,Marvis Parrish,199564,HB,W KENTUCKY,1,100.0,1,1,4.0,1.3,0,0,0.0,0.0,0,0,0,100.0,1,1,0,346,71.6,70.2,60.6,73.8,0,0,1,0,,39.6,0.0,0,0,0,0,0,0,0.0,0,0.0
13,Makai Lemon,174150,WR,USC,1,100.0,1,1,24.0,4.8,0,0,0.0,100.0,1,0,1,0.0,1,0,1,326,72.5,66.0,76.6,58.1,0,0,1,0,0.0,158.3,0.0,0,0,0,0,1,0,0.0,24,24.0
13,Gavin Wimsatt,155757,QB,JVILLE ST,1,0.0,1,1,47.0,4.9,0,0,0.0,0.0,0,0,0,,1,0,0,196,60.3,58.4,58.0,,0,0,1,0,,39.6,0.0,0,0,0,0,0,0,0.0,0,0.0
13,Malachi Toney,200155,WR,MIAMI FL,1,100.0,1,1,8.0,4.0,0,0,0.0,100.0,1,1,0,0.0,1,0,1,220,71.1,80.2,77.2,65.4,0,0,1,1,,118.8,0.0,0,0,0,0,0,0,0.0,15,15.0
13,Jmariyae Robinson,164812,WR,MO STATE,1,0.0,1,1,-7.0,3.2,0,0,0.0,0.0,0,0,0,,1,0,0,230,66.3,56.9,53.4,,0,0,1,1,,39.6,0.0,0,0,0,0,0,1,100.0,0,0.0
13,Mason Drube,200056,QB,WYOMING,1,100.0,1,1,-5.0,1.6,0,0,0.0,100.0,1,0,0,0.0,1,0,0,351,60.3,62.1,60.4,,0,0,1,0,,79.2,0.0,0,0,0,0,0,0,0.0,-5,-5.0
13,Charlie Fiser,158265,QB,SMU,1,100.0,1,1,-4.0,1.0,0,0,0.0,100.0,1,0,0,0.0,1,0,0,287,60.3,61.8,60.4,,0,0,1,0,,83.3,0.0,0,0,0,0,0,0,0.0,4,4.0
13,Colton Allen,157725,QB,COLORADO,1,100.0,1,1,-1.0,1.6,0,0,0.0,100.0,1,0,0,0.0,1,0,0,143,60.3,61.1,61.0,,0,0,1,0,,83.3,0.0,0,0,0,0,0,0,0.0,4,4.0
13,Jordyn Tyson,157690,WR,ARIZONA ST,1,0.0,1,1,27.0,3.0,0,0,0.0,0.0,0,0,0,,1,0,0,110,63.7,72.7,51.9,,0,0,1,0,,39.6,0.0,0,0,0,0,0,0,0.0,0,0.0
13,Nate Rogers,190774,QB,UAB,1,0.0,1,1,28.0,3.2,0,0,0.0,0.0,0,0,1,,1,0,0,321,63.7,45.7,50.4,57.3,0,0,1,0,0.0,39.6,0.0,0,0,0,0,0,0,0.0,0,0.0
13,Jimmy Calloway,124274,WR,TULANE,1,0.0,1,1,21.0,3.7,0,0,0.0,0.0,0,0,0,,1,0,0,319,64.4,37.4,43.9,59.3,0,0,2,0,,39.6,0.0,0,0,0,0,0,0,0.0,0,0.0
13,Ryan Boe,190878,QB,NWESTERN,1,0.0,1,1,16.0,2.5,0,0,0.0,0.0,0,0,0,,1,0,0,256,68.7,58.5,47.3,64.8,0,0,1,0,,39.6,0.0,0,0,0,0,0,0,0.0,0,0.0
13,Cameron Bates,190986,WR,BOISE ST,1,100.0,1,1,15.0,2.6,0,0,0.0,100.0,1,0,0,0.0,1,0,1,120,66.3,55.1,54.8,,0,0,1,0,,118.8,0.0,0,0,0,0,0,0,0.0,15,15.0
13,Cameron Flowers,188745,WR,W KENTUCKY,1,100.0,1,1,0.0,6.1,0,0,0.0,100.0,1,1,0,0.0,1,0,0,346,62.4,58.9,61.0,,0,0,1,1,,79.2,0.0,0,0,0,0,0,0,0.0,2,2.0
13,Parker Livingstone,184512,WR,TEXAS,1,100.0,1,1,6.0,3.1,0,0,0.0,100.0,1,0,0,0.0,1,0,1,311,63.7,75.5,71.7,,0,0,1,0,,122.9,0.0,0,0,0,0,1,0,0.0,4,4.0
13,AJ Hairston,184157,QB,UMASS,1,0.0,1,1,4.0,2.55,0,0,0.0,0.0,0,0,1,,2,0,1,216,62.7,82.8,75.4,64.3,0,0,3,0,0.0,39.6,0.0,0,1,0,0,0,0,0.0,0,0.0
13,Kanyon Floyd,183740,P,ARIZONA ST,1,100.0,1,1,12.0,1.5,0,0,0.0,100.0,1,0,0,0.0,1,0,1,110,60.3,70.7,75.4,,0,0,1,0,,118.8,0.0,0,0,0,0,0,0,0.0,19,19.0
13,Chaston Ditta,198345,QB,E CAROLINA,1,100.0,1,1,1.0,2.25,0,0,0.0,100.0,1,0,1,0.0,2,0,0,156,64.4,55.5,58.9,58.3,0,0,2,0,100.0,79.2,50.0,1,0,0,0,0,0,0.0,2,2.0
13,Ryan Montgomery,198473,QB,GEORGIA,1,100.0,1,1,-4.0,0.6,0,0,0.0,100.0,1,0,0,0.0,1,0,1,173,60.3,61.9,60.6,,0,0,1,0,,116.7,0.0,0,0,0,0,0,0,0.0,12,12.0
13,Jaden Craig,159342,QB,HARVARD,1,62.7,51,53,11.1,2.79,0,6,10.7,54.7,29,0,15,9.4,60,3,16,179,45.4,76.6,72.7,66.1,0,0,63,0,13.3,91.8,3.3,2,5,1,1,3,1,1.6,321,6.1
13,Quinn Boyd,191683,QB,STNY BROOK,1,79.1,43,47,7.3,2.47,2,1,2.0,70.2,33,0,21,2.9,57,1,20,303,45.7,56.4,56.2,58.0,0,0,63,0,14.3,101.2,5.3,3,7,0,2,2,1,1.6,298,6.3
13,Frankie Weaver,191675,QB,MONMOUTH,1,76.1,46,47,7.7,2.06,1,0,0.0,63.8,30,0,5,14.3,48,5,14,231,69.8,62.8,62.1,,0,0,53,0,20.0,100.4,2.1,1,0,0,0,3,2,3.8,269,5.7
13,Kekoa Visperas,147588,QB,TENN TECH,1,75.6,45,46,8.1,2.68,0,1,2.0,67.4,31,0,8,8.8,51,3,16,309,70.3,65.8,68.4,50.5,0,0,55,0,25.0,97.2,3.9,2,3,1,0,2,1,1.8,270,5.9
13,Cole Pennington,156787,QB,GARD-WEBB,1,69.8,43,45,11.6,3.02,1,2,3.8,64.4,29,0,15,3.3,54,1,17,171,25.7,59.1,66.3,33.2,0,1,61,0,40.0,95.1,11.1,6,3,0,1,2,3,4.9,365,8.1
13,Victor Gabalis,131932,QB,TARLETON,1,62.8,43,44,16.1,2.71,0,6,12.8,52.3,23,0,8,14.8,51,4,14,401,39.0,79.0,79.5,57.2,0,0,54,0,50.0,97.8,7.8,4,3,0,1,3,1,1.9,311,7.1
13,Kaden Rolfsness,200903,QB,E WASHGTON,1,60.0,40,42,11.0,2.51,0,1,2.3,54.8,23,0,13,4.2,47,1,14,161,28.4,46.5,44.0,58.3,2,3,49,0,15.4,49.3,4.3,2,3,0,0,1,4,8.2,236,5.6
13,Grayson Saunier,171185,QB,DARTMOUTH,1,71.8,39,41,8.4,2.35,0,1,2.4,58.5,24,0,12,14.3,42,4,12,148,71.6,54.6,47.3,69.5,1,3,43,0,0.0,72.6,0.0,0,1,0,1,3,6,14.0,274,6.7
13,Taron Dickens,177946,QB,W CAROLINA,1,81.6,38,40,9.2,2.84,0,3,7.3,70.0,28,0,8,9.7,44,3,18,344,70.6,91.4,91.5,65.8,2,0,45,0,0.0,120.3,0.0,0,4,0,0,3,1,2.2,335,8.4
13,Kamden Sixkiller,133096,QB,CAMPBELL,1,83.3,36,39,8.1,2.62,0,1,2.5,71.8,28,0,9,6.7,44,2,15,131,69.3,83.8,81.7,69.5,0,0,45,0,33.3,98.8,6.8,3,2,1,2,1,0,0.0,265,6.8
13,Ty Pennington,185022,QB,N ARIZONA,1,72.7,33,39,9.7,3.17,1,4,10.3,53.8,21,0,16,12.5,46,3,10,252,24.0,54.0,58.5,50.4,0,1,46,0,18.8,80.1,6.5,3,4,0,5,2,2,4.3,250,6.4
13,Anthony Grigsby Jr.,184188,QB,CAL POLY,1,62.9,35,38,13.3,2.82,0,3,7.7,55.3,21,0,15,4.5,45,1,13,129,40.4,48.1,48.8,57.3,0,2,46,1,26.7,89.9,8.9,4,3,0,3,3,4,8.7,341,9.0
13,Trey Hedden,185848,QB,FURMAN,1,66.7,33,38,7.1,2.32,3,3,7.7,57.9,22,0,14,0.0,40,0,7,170,21.7,58.7,63.2,48.0,0,1,41,0,14.3,67.8,5.0,2,0,0,2,1,2,4.9,179,4.7
13,Kingston Tisdell,202557,QB,WEBER ST,1,73.0,37,38,5.3,2.44,0,1,2.6,68.4,26,0,7,3.7,39,1,11,342,31.8,40.8,43.2,60.0,0,1,39,2,14.3,96.1,2.6,1,0,0,1,2,2,5.1,277,7.3
13,Caleb Koger,170554,QB,CENT ARK,1,69.4,36,38,11.7,2.46,0,2,5.1,63.2,24,0,9,4.0,38,1,14,132,68.9,65.7,65.6,60.0,0,3,39,1,0.0,92.7,0.0,0,0,0,2,4,2,5.1,326,8.6
13,Adam Urena,186682,QB,MERCYHURST,1,57.1,35,37,7.7,2.0,0,0,0.0,48.6,18,0,7,10.0,39,2,10,977,69.1,48.2,47.1,,1,0,42,0,14.3,82.8,2.6,1,0,0,1,2,1,2.4,197,5.3
13,Dean DeNobile,159740,QB,LAFAYETTE,1,70.3,37,37,11.7,2.29,0,1,2.6,70.3,26,0,12,0.0,38,0,13,203,70.3,63.5,62.3,62.8,0,0,39,0,8.3,90.9,2.6,1,0,0,0,0,0,0.0,269,7.3
13,Stone Earle,123504,QB,ABILENE CH,1,86.5,37,37,8.2,2.53,0,5,12.8,81.1,30,0,10,6.3,40,2,13,100,70.5,86.1,86.3,64.1,0,0,44,0,10.0,119.6,2.5,1,2,0,0,2,0,0.0,310,8.4
13,Tyriq Starks,156514,QB,HOWARD,1,78.1,32,36,10.1,2.95,0,3,8.3,66.7,24,0,10,4.0,38,1,13,184,48.1,80.9,89.3,50.0,1,1,38,0,0.0,105.0,0.0,0,2,0,3,3,0,0.0,269,7.5
13,Garrett Bass-Sulpizio,171137,QB,CORNELL,1,60.6,33,35,10.2,2.85,0,1,2.8,54.3,19,0,11,5.0,39,1,12,147,47.1,52.1,55.8,49.3,0,1,40,1,27.3,62.2,7.7,3,1,0,2,0,2,5.0,225,6.4
13,Jaylon Tolbert,154757,QB,ALCORN ST,1,64.7,34,35,9.9,2.72,0,0,0.0,62.9,22,0,10,0.0,37,0,10,107,71.8,64.3,61.9,63.6,1,0,38,0,0.0,99.3,0.0,0,2,0,0,2,0,0.0,217,6.2
13,Brady Olson,147415,QB,CENT CT ST,1,69.7,33,35,10.8,2.45,0,4,11.1,62.9,22,0,5,4.3,35,1,15,133,70.5,75.5,71.4,70.5,0,1,36,0,0.0,97.4,0.0,0,0,0,2,3,3,8.3,221,6.3
13,Jack Snyder,185417,QB,SACR HEART,1,88.2,34,35,6.0,2.66,0,3,8.1,80.0,28,0,10,6.7,40,2,11,280,36.8,74.4,74.6,60.5,0,1,43,0,30.0,98.0,7.5,3,2,0,1,1,1,2.3,283,8.1
13,Cooper Panteck,203080,QB,ROB MORRIS,1,57.1,28,34,10.4,1.91,3,1,2.9,41.2,14,0,4,12.5,35,2,6,277,68.6,67.6,68.1,57.2,0,0,35,0,0.0,68.0,0.0,0,1,1,2,1,0,0.0,178,5.2
13,RJ Johnson,171379,QB,FL A&M,1,78.1,32,34,8.6,2.63,0,1,2.8,61.8,21,0,16,16.0,39,4,9,164,70.0,74.3,71.0,68.8,0,0,41,0,25.0,100.4,10.3,4,1,0,2,2,1,2.4,222,6.5
13,Johnny Weber,192878,QB,SE MO ST,1,62.5,32,34,7.2,2.56,0,0,0.0,58.8,20,0,11,0.0,38,0,9,293,69.7,55.6,56.6,54.1,0,1,43,0,27.3,68.4,7.9,3,1,0,2,1,2,4.7,161,4.7
13,Walker Harris,150449,QB,NC CENT,1,84.4,32,34,5.8,2.29,0,0,0.0,67.6,23,0,8,14.8,38,4,13,247,69.8,53.9,54.9,53.7,0,0,39,0,37.5,110.4,7.9,3,1,0,2,2,1,2.6,264,7.8
13,Jaxon Dailey,156650,QB,N IOWA,1,78.1,32,34,9.2,2.68,1,2,5.3,73.5,25,0,8,0.0,39,0,13,255,70.5,82.6,81.7,68.7,0,0,43,1,25.0,126.1,5.1,2,3,0,1,2,1,2.3,352,10.4
13,Braden Atkinson,201350,QB,MERCER,1,63.6,33,33,8.9,2.43,0,2,5.9,60.6,20,0,16,4.8,34,1,12,219,69.1,79.0,78.5,60.0,0,2,35,0,6.3,64.0,2.9,1,0,0,0,1,2,5.7,210,6.4
13,Jordan Cooke,175116,QB,IDAHO ST,1,65.6,32,33,12.2,2.61,0,4,11.8,60.6,20,0,6,4.8,34,1,8,186,73.4,83.1,77.2,76.4,0,0,35,1,0.0,99.6,0.0,0,1,0,1,2,1,2.9,212,6.4
13,Jerry Kaminski,177155,QB,N DAKOTA,1,71.0,31,33,11.1,2.71,1,1,2.9,60.6,20,0,7,9.1,38,2,12,249,72.4,78.2,78.2,64.1,0,1,39,0,28.6,97.0,5.3,2,3,0,1,2,1,2.6,292,8.8
13,Timmy McClain,144488,QB,BETH COOK,1,76.7,30,33,9.0,3.14,0,1,2.7,66.7,22,0,13,4.3,39,1,12,119,41.4,73.1,75.1,58.9,0,0,44,0,23.1,134.3,7.7,3,3,0,3,4,0,0.0,294,8.9
13,Collin Hurst,177732,QB,PRESBYTERN,1,63.3,30,33,12.2,2.87,0,2,5.1,54.5,18,0,8,5.3,34,1,12,271,70.3,62.9,60.0,67.3,0,1,40,0,12.5,81.4,2.9,1,0,1,2,2,1,2.5,208,6.3
13,Keali'i Ah Yat,178141,QB,MONTANA,1,86.7,30,32,3.6,2.8,1,0,0.0,81.3,26,0,9,0.0,38,0,12,232,69.5,65.7,63.4,65.1,0,1,40,0,22.2,88.9,5.3,2,4,0,1,1,0,0.0,191,6.0
13,Conner Kenyon,126191,QB,RHODE ISLD,1,80.6,31,32,8.8,2.31,0,1,3.1,65.6,21,0,6,16.0,32,4,12,274,69.4,79.6,78.4,63.4,0,0,32,0,0.0,111.2,0.0,0,0,1,0,2,0,0.0,258,8.1
13,Gunnar Smith,162611,QB,FORDHAM,1,67.7,31,32,9.1,2.49,0,2,6.1,53.1,17,0,11,19.0,36,4,11,168,72.4,70.0,61.6,73.3,1,2,37,0,18.2,63.5,5.6,2,2,0,0,1,0,0.0,252,7.9
13,Liam O'Brien,164675,QB,PENN,1,79.3,29,31,6.6,3.34,1,4,12.5,71.0,22,0,7,4.3,35,1,12,267,44.5,71.4,70.3,65.4,0,0,36,0,28.6,115.4,5.7,2,2,0,1,2,1,2.8,243,7.8
13,Battle Alberson,192097,QB,CHATTNOOGA,1,82.1,28,31,8.6,2.79,1,1,3.1,67.7,21,0,15,8.7,39,2,16,137,47.1,75.2,77.9,57.6,0,1,40,0,26.7,74.0,10.3,4,4,0,2,0,1,2.5,215,6.9
13,Coulter Cleland,165212,QB,DAVIDSON,1,66.7,30,31,8.8,3.15,0,0,0.0,61.3,19,0,14,5.0,39,1,14,149,69.5,55.6,57.2,53.9,1,3,40,0,28.6,65.3,10.3,4,4,0,0,2,3,7.5,225,7.3
13,Cason Carswell,206621,QB,W ILLINOIS,1,70.4,27,31,9.6,2.38,2,1,3.2,58.1,18,0,8,5.3,32,1,8,345,69.4,57.1,54.7,62.3,1,0,32,0,12.5,99.3,3.1,1,0,0,1,2,1,3.1,203,6.5
13,Ayden Pereira,159129,QB,MERRIMACK,1,60.0,25,31,12.8,3.31,1,3,9.7,35.5,11,0,22,26.7,34,4,6,385,74.5,75.8,73.6,66.9,0,0,35,0,9.1,75.6,5.9,2,1,1,4,2,1,2.9,167,5.4
13,Baxter Wright,192540,QB,MURRAY ST,1,78.6,28,30,7.8,2.46,0,1,3.2,73.3,22,0,10,0.0,37,0,13,236,72.5,78.2,84.4,57.8,0,0,38,0,20.0,109.4,5.4,2,5,0,2,1,0,0.0,253,8.4
13,Chris Parson,172551,QB,AUSTINPEAY,1,62.1,29,30,13.0,3.43,0,5,16.1,56.7,17,0,10,5.6,35,1,14,116,75.1,76.2,66.4,72.3,0,1,36,0,20.0,115.7,5.7,2,3,0,1,4,1,2.8,293,9.8
13,DJ Williams,138061,QB,S ILLINOIS,1,71.4,28,30,7.5,2.84,1,1,3.2,60.0,18,0,11,10.0,38,2,9,295,73.4,72.8,56.4,79.8,1,0,39,0,18.2,74.2,5.3,2,6,0,0,0,2,5.1,159,5.3
13,Eric Handley,185928,QB,ALAB A&M,1,64.3,28,30,10.8,2.56,2,1,3.2,53.3,16,0,6,11.1,37,2,9,104,69.3,64.5,66.5,56.2,0,0,38,0,66.7,66.8,10.8,4,3,0,0,0,2,5.3,146,4.9
13,Byron McNair,128017,QB,TENN STATE,1,59.3,27,30,8.4,2.7,1,1,3.2,53.3,16,0,7,0.0,36,0,7,308,69.7,62.5,68.1,48.1,0,0,37,0,28.6,67.1,5.6,2,4,0,2,0,0,0.0,148,4.9
13,Caden Pinnick,185116,QB,UC DAVIS,1,83.3,30,30,7.1,2.67,0,2,6.7,80.0,24,0,4,4.0,31,1,15,322,22.7,74.9,79.1,51.7,0,0,31,0,25.0,131.4,3.2,1,0,0,0,2,1,3.2,306,10.2
13,Bronson Barben,188632,QB,UTAHTC,1,87.5,24,29,7.4,2.27,3,1,3.4,58.6,17,0,8,19.0,32,4,5,1285,28.8,42.6,42.6,59.4,0,1,32,0,37.5,68.0,9.4,3,0,1,1,1,3,9.4,139,4.8
13,Richard Torres,156456,QB,INCAR WORD,1,62.1,29,29,11.7,2.23,0,3,10.3,55.2,16,0,3,11.1,32,2,9,189,69.4,63.3,64.5,54.1,0,1,32,0,33.3,83.1,3.1,1,2,0,0,2,2,6.3,184,6.3
13,Carter Peevy,129563,QB,MAINE,1,69.2,26,29,10.6,3.18,0,0,0.0,55.2,16,0,8,11.1,31,2,7,212,71.2,66.9,56.0,78.6,1,2,32,0,12.5,59.3,3.2,1,1,0,2,1,4,12.5,198,6.8
13,Tyler Riddell,102355,QB,DUQUESNE,1,62.5,24,29,9.3,2.5,2,2,6.5,48.3,14,0,4,6.7,31,1,9,155,70.4,70.9,73.0,56.2,1,0,33,1,25.0,96.0,3.2,1,1,0,2,2,0,0.0,214,7.4
13,Pat McQuaide,145792,QB,VILLANOVA,1,71.4,28,29,12.1,2.37,0,3,9.7,58.6,17,0,6,15.0,31,3,11,334,69.0,64.6,66.4,53.1,0,0,33,0,16.7,105.0,3.2,1,1,0,1,2,3,9.1,216,7.4
13,Te'Sean Smoot,163976,QB,ALABAMA ST,1,77.8,27,28,9.3,2.43,0,3,10.7,71.4,20,0,3,4.8,30,1,14,105,69.3,88.5,90.3,58.1,0,0,30,0,0.0,142.3,0.0,0,2,1,0,4,0,0.0,276,9.9
13,Matt Vezza,176960,QB,NEW HAMP,1,68.0,25,28,8.5,2.73,1,1,3.2,57.1,16,0,8,5.9,36,1,13,240,71.1,76.8,74.9,66.3,1,0,39,0,25.0,101.2,5.6,2,6,1,0,1,0,0.0,266,9.5
13,Rowan Keefe,165386,QB,VALPO,1,64.3,28,28,9.3,2.61,0,0,0.0,64.3,18,0,10,0.0,36,0,14,332,31.1,78.1,84.9,54.5,0,0,36,1,40.0,118.3,11.1,4,4,0,0,3,1,2.8,181,6.5
13,Keegan Patterson,158465,QB,INDIANA ST,1,64.3,28,28,13.8,3.67,0,3,10.3,60.7,17,0,11,5.6,31,1,11,191,32.2,79.3,79.6,62.5,0,1,32,1,9.1,108.3,3.2,1,2,0,0,2,2,6.3,314,11.2
13,Chase Goodwin,171117,QB,COLUMBIA,1,50.0,26,27,14.4,2.51,0,1,3.1,44.4,12,0,7,7.7,27,1,8,145,28.8,53.1,56.1,48.7,1,2,32,0,0.0,46.8,0.0,0,0,0,0,1,3,9.4,170,6.3
13,James Murphy,177426,QB,BROWN,1,85.2,27,27,6.1,2.33,0,1,3.6,81.5,22,0,11,4.3,30,1,11,123,70.7,79.6,75.3,71.5,0,2,31,0,18.2,107.1,6.7,2,1,0,0,3,2,6.5,222,8.2
13,Eric Rodriguez,160057,QB,TXAMCO,1,56.0,25,27,11.6,2.46,1,2,7.4,44.4,12,0,11,14.3,33,2,10,1139,21.5,41.0,42.2,51.4,0,2,33,1,9.1,25.2,3.0,1,5,0,1,0,5,15.2,110,4.1
13,J.T. Fayard,172783,QB,WOFFORD,1,81.5,27,27,10.2,2.22,0,1,3.7,77.8,21,0,3,4.5,27,1,10,350,67.9,83.2,83.4,,0,0,27,0,0.0,142.9,0.0,0,0,0,0,3,1,3.7,254,9.4
13,Ridge Docekal,158965,QB,BRYANT,1,66.7,24,27,13.0,2.94,0,3,10.7,51.9,14,0,11,12.5,27,2,8,124,69.1,59.4,59.6,56.9,0,3,28,0,0.0,39.4,0.0,0,0,0,3,0,2,7.1,218,8.1
13,Earl Woods III,170445,QB,HAMPTON,1,83.3,24,26,1.2,2.57,1,0,0.0,69.2,18,0,11,10.0,31,2,6,178,72.4,62.6,61.5,63.5,1,1,34,1,0.0,64.4,0.0,0,4,0,0,0,0,0.0,129,5.0
13,Carter Cravens,150714,QB,MOREHEAD,1,75.0,24,26,9.8,2.81,0,3,11.1,69.2,18,0,11,0.0,34,0,11,234,33.3,56.4,69.9,40.3,1,0,35,1,27.3,90.2,8.8,3,4,0,1,0,0,0.0,190,7.3
13,Jack Shields,156830,QB,ALBANY,1,80.0,25,26,9.7,2.67,0,0,0.0,73.1,19,0,10,5.0,33,1,13,106,36.1,70.9,76.8,52.6,0,0,36,0,20.0,128.0,6.1,2,5,0,1,3,0,0.0,166,6.4
13,Jacolby Criswell,122830,QB,E TENN ST,1,76.0,25,26,12.0,2.32,0,0,0.0,69.2,18,0,9,5.3,32,1,14,157,70.2,81.5,74.1,80.0,1,1,38,0,22.2,95.7,6.3,2,4,0,0,1,0,0.0,244,9.4
13,Amari Powell,165320,QB,STTHOM,1,60.0,25,26,5.1,2.08,0,0,0.0,53.8,14,0,5,6.7,27,1,5,1129,24.6,31.8,30.7,55.5,1,2,27,1,20.0,32.5,3.7,1,0,0,0,0,3,11.1,110,4.2
13,Zach Osborne,160474,QB,COLGATE,1,52.0,25,25,15.2,2.17,0,3,12.0,52.0,13,0,3,0.0,25,0,8,142,74.3,68.0,67.2,62.5,0,1,25,0,0.0,110.7,0.0,0,0,0,0,3,1,4.0,254,10.2
13,Andrew Indorf,201895,QB,TOWSON,1,62.5,24,25,13.1,2.88,0,2,8.0,60.0,15,0,7,0.0,26,0,7,317,69.5,72.2,74.3,57.8,0,1,26,0,0.0,107.3,0.0,0,0,0,1,4,1,3.8,194,7.8
13,Beau Brungard,164897,QB,YNGTOWN ST,1,80.0,25,25,10.3,3.12,0,2,7.7,80.0,20,0,7,0.0,32,0,12,353,74.8,89.8,84.5,75.0,0,0,33,0,28.6,131.0,6.3,2,5,0,0,2,0,0.0,226,9.0
13,Jase Bauer,145714,QB,TENN MARTN,1,68.0,25,25,9.0,3.08,0,1,4.0,68.0,17,0,10,0.0,31,0,9,310,71.9,69.4,65.8,66.4,0,0,31,0,40.0,97.1,12.9,4,1,0,0,1,0,0.0,150,6.0
13,Chris Stephenson,178446,QB,STETSON,1,52.2,23,24,8.3,2.37,1,1,4.2,50.0,12,0,6,0.0,27,0,4,302,76.1,73.4,59.0,76.2,0,2,27,1,16.7,21.5,3.7,1,2,0,0,0,1,3.7,69,2.9
13,Tyler Hughes,159218,QB,WM & MARY,1,69.6,23,24,11.8,3.24,0,0,0.0,62.5,15,0,10,6.3,34,1,4,348,28.0,55.8,51.8,65.2,0,1,36,1,40.0,51.7,11.8,4,6,0,1,0,0,0.0,86,3.6
13,Devin Lippold,186017,QB,MCNEESE,1,59.1,22,24,11.3,2.23,0,0,0.0,45.8,11,0,4,15.4,27,2,4,217,72.6,53.3,49.4,60.9,0,1,28,0,25.0,49.3,3.7,1,2,1,1,1,1,3.6,69,2.9
13,Landen Clark,188534,QB,ELON,1,43.5,23,24,21.3,3.32,1,1,4.0,41.7,10,0,5,0.0,30,0,8,162,36.0,63.3,66.4,55.9,0,0,31,0,40.0,116.5,6.7,2,4,0,0,4,0,0.0,231,9.6
13,Blaine Hipa,167662,QB,PRINCETON,1,56.5,23,24,13.5,3.26,0,1,3.8,45.8,11,0,7,15.4,28,2,4,272,69.8,52.8,48.8,64.4,0,1,31,0,28.6,43.8,7.1,2,2,0,1,0,2,6.5,120,5.0
13,Carson Camp,141837,QB,SE LA,1,71.4,21,24,9.5,2.59,0,1,4.0,50.0,12,0,6,20.0,25,3,6,294,69.0,67.7,65.2,64.9,0,0,26,0,0.0,89.9,0.0,0,1,0,3,2,0,0.0,106,4.4
13,William Atkins IV,148354,QB,SCAR STATE,1,72.7,22,23,13.0,2.62,0,3,12.5,60.9,14,0,2,12.5,27,2,8,290,68.6,61.3,64.5,51.4,1,0,28,0,50.0,123.3,3.7,1,3,0,0,2,1,3.6,229,10.0
13,Eddie Lee Marburger,145511,QB,TXRG,1,78.3,23,23,8.4,2.9,0,0,0.0,73.9,17,0,6,5.6,26,1,9,1445,67.9,83.1,85.5,58.3,0,0,27,0,16.7,118.2,3.8,1,2,0,0,2,0,0.0,141,6.1
13,John Austin Wood,209837,QB,N ALABAMA,1,71.4,21,22,10.3,2.51,0,0,0.0,68.2,15,0,12,0.0,31,0,10,389,72.0,62.9,61.7,60.9,1,0,34,0,41.7,132.2,16.1,5,4,0,0,2,1,2.9,227,10.3
13,Liam Poronsky,188956,QB,DAYTON,1,76.2,21,22,6.9,2.16,0,2,9.1,72.7,16,0,3,0.0,23,0,9,150,26.6,65.3,73.7,44.6,1,1,24,0,0.0,112.1,0.0,0,1,0,0,2,1,4.2,201,9.1
13,Aiden McCown,178971,QB,LAMAR,1,52.6,19,22,11.4,2.49,2,2,8.0,36.4,8,0,5,20.0,23,2,5,204,29.7,42.5,42.1,53.1,0,2,26,0,0.0,35.2,0.0,0,1,0,1,1,3,11.5,135,6.1
13,Tommy Rittenhouse,148028,QB,ILL STATE,1,59.1,22,22,8.8,2.91,0,0,0.0,54.5,12,0,9,7.7,27,1,8,188,27.9,48.5,46.6,58.8,0,1,27,0,22.2,54.0,7.4,2,3,0,0,0,3,11.1,134,6.1
13,Bronson Barron,141710,QB,SO UTAH,1,81.0,21,22,7.0,2.2,0,1,4.3,77.3,17,0,8,0.0,26,0,9,298,27.9,66.5,70.9,49.6,0,0,27,0,50.0,115.7,15.4,4,0,0,1,1,0,0.0,180,8.2
13,Raymond Moore III,201451,QB,MORGAN ST,1,61.9,21,21,8.3,3.16,0,1,4.5,57.1,12,0,18,7.7,35,1,8,235,69.8,53.7,39.7,70.7,0,2,39,0,33.3,48.0,17.1,6,8,0,0,1,2,5.1,111,5.3
13,Maddox Kopp,144251,QB,HOUCHR,1,70.0,20,21,14.0,2.89,0,2,9.5,61.9,13,0,14,7.1,28,1,5,183,29.9,68.1,64.4,66.5,1,0,28,0,42.9,100.5,21.4,6,1,0,0,1,1,3.6,156,7.4
13,Nate Glantz,157587,QB,LNDNWD,1,70.0,20,21,8.7,2.7,1,2,8.7,66.7,14,0,12,0.0,23,0,6,949,71.8,74.3,79.2,55.0,0,0,25,0,16.7,83.8,8.7,2,0,0,0,0,0,0.0,132,6.3
13,Damien Mazil,159562,WR,WAGNER,1,57.9,19,21,6.3,2.67,0,0,0.0,52.4,11,0,7,0.0,22,0,1,338,69.5,45.7,46.7,51.8,0,0,26,0,0.0,58.2,0.0,0,1,0,2,0,1,3.8,53,2.5
13,Ean Rodrigue,178002,QB,NICHOLLS,1,84.2,19,21,6.0,2.87,1,1,4.3,71.4,15,0,12,6.3,27,1,8,243,20.9,58.0,71.9,42.3,0,0,29,0,25.0,87.8,11.1,3,3,0,1,0,1,3.4,132,6.3
13,Garrison Davis,206352,QB,ARKAPB,1,83.3,18,21,3.4,2.68,1,0,0.0,66.7,14,0,9,6.7,26,1,4,112,37.7,53.2,49.6,58.9,0,0,28,0,22.2,73.5,7.7,2,3,0,2,0,1,3.6,80,3.8
13,Nana Utsey,210103,QB,VA MILT IN,1,36.8,19,20,13.9,3.73,0,3,13.0,30.0,6,0,19,14.3,37,1,11,336,73.4,61.3,39.9,75.5,0,1,40,0,21.1,22.9,10.8,4,13,0,1,0,2,5.0,80,4.0
13,Nelson Layne,201474,QB,NC A&T,1,64.7,17,20,11.8,3.08,0,2,9.5,55.0,11,0,14,0.0,32,0,6,246,25.7,44.8,40.5,58.6,0,1,33,0,64.3,93.8,28.1,9,3,0,3,2,2,6.1,160,8.0
13,Jordon Davis,182683,QB,TEXAS STHN,1,65.0,20,20,9.9,3.48,0,1,5.0,55.0,11,0,7,15.4,29,2,14,313,71.1,76.5,68.3,72.4,0,0,29,0,28.6,97.5,6.9,2,7,0,0,1,0,0.0,158,7.9
13,Justin Lamson,144052,QB,MONTANA ST,1,94.7,19,19,5.8,3.17,0,0,0.0,89.5,17,0,9,5.6,30,1,10,233,71.2,80.4,81.6,65.1,0,0,33,0,44.4,117.3,13.3,4,7,0,0,1,0,0.0,151,7.9
13,Jared Lockhart,201210,QB,JACKSON ST,1,84.2,19,19,5.2,2.21,0,0,0.0,84.2,16,0,5,0.0,25,0,9,194,19.8,59.1,78.0,35.9,0,0,27,1,60.0,126.3,12.0,3,3,0,0,1,0,0.0,192,10.1
13,Dante Reno,184498,QB,YALE,1,83.3,18,19,9.6,2.17,0,2,9.5,78.9,15,0,4,0.0,22,0,10,352,34.1,68.0,73.8,48.8,1,0,24,0,0.0,158.3,0.0,0,2,0,0,3,0,0.0,273,14.4
13,Kaiden Bennett,147778,QB,DELWARE ST,1,52.9,17,19,8.1,3.32,0,0,0.0,47.4,9,0,11,0.0,22,0,4,152,72.2,37.9,26.5,74.6,1,2,23,0,18.2,18.2,9.1,2,1,0,1,0,3,13.0,74,3.9
13,Brandon Nunez,183978,QB,MS VLY ST,1,81.3,16,19,7.1,2.81,0,2,10.5,52.6,10,0,5,23.1,19,3,4,228,26.5,74.0,82.1,50.5,0,1,19,1,0.0,44.0,0.0,0,0,0,3,0,0,0.0,91,4.8
13,Zolten Osborne,178620,QB,CHARLES SO,1,42.1,19,19,12.6,3.14,0,1,5.0,42.1,8,0,5,0.0,23,0,5,135,69.9,60.3,53.3,69.6,0,0,24,0,60.0,86.5,13.0,3,1,0,0,1,0,0.0,145,7.6
13,Myles Burkett,158691,QB,E KENTUCKY,1,75.0,16,19,8.2,3.8,0,0,0.0,63.2,12,0,13,0.0,26,0,10,159,28.5,76.0,77.9,63.1,0,0,27,0,15.4,118.3,7.7,2,5,0,3,2,2,7.4,130,6.8
13,Quentin Hayes,186423,QB,CITADEL,1,68.8,16,18,13.1,3.08,1,2,10.0,61.1,11,0,5,0.0,20,0,9,139,74.6,76.0,72.0,68.8,0,2,22,0,0.0,78.2,0.0,0,2,0,1,1,1,4.5,200,11.1
13,Gabe Passini,191845,QB,BUTLER,1,61.1,18,18,6.2,2.93,0,0,0.0,61.1,11,0,5,0.0,22,0,8,127,74.9,57.0,38.6,69.6,0,2,22,0,20.0,65.7,4.5,1,3,0,0,1,3,13.6,146,8.1
13,Kyle Wickersham,148418,QB,RICHMOND,1,70.6,17,18,11.4,3.22,1,1,5.6,66.7,12,0,6,0.0,22,0,6,276,73.3,77.4,84.3,61.6,0,0,22,0,16.7,124.3,4.5,1,3,0,0,2,0,0.0,128,7.1
13,Dez Thomas II,177368,QB,GEORGETOWN,1,52.9,17,18,8.8,2.69,0,0,0.0,50.0,9,0,8,0.0,23,0,3,172,68.8,34.5,35.8,51.4,0,3,24,0,25.0,22.7,8.7,2,2,0,1,0,2,8.3,80,4.4
13,Eric Gibson Jr.,168461,QB,N COLORADO,1,82.4,17,17,4.8,1.85,0,1,5.9,70.6,12,0,3,14.3,17,2,3,253,66.7,76.1,76.2,,0,0,17,0,0.0,84.9,0.0,0,0,0,0,0,0,0.0,98,5.8
13,Jack Henry,192029,QB,S DAK ST,1,43.8,16,17,19.1,2.96,0,2,10.5,35.3,6,0,5,14.3,20,1,6,292,68.7,59.2,58.6,57.5,0,2,22,0,20.0,63.5,5.0,1,2,0,1,2,2,9.1,132,7.8
13,Jack O'Connell,165100,QB,STHLSK,1,37.5,16,16,14.3,2.71,0,1,5.6,31.3,5,0,4,16.7,18,1,4,1470,67.1,41.6,43.6,57.3,0,0,20,1,25.0,93.0,5.6,1,1,0,0,2,1,5.0,97,6.1
13,Hayden Johnson,185698,QB,LEHIGH,1,73.3,15,16,8.9,2.62,1,1,6.3,68.8,11,0,4,0.0,18,0,8,205,71.2,77.8,57.2,86.5,0,1,18,0,25.0,95.6,5.6,1,1,0,0,1,2,11.1,159,9.9
13,Devin Farrell,157658,QB,RHODE ISLD,1,80.0,15,16,8.3,2.84,0,2,11.8,68.8,11,0,7,8.3,20,1,6,274,67.9,71.1,72.6,57.5,0,0,21,0,42.9,99.5,15.0,3,0,0,1,0,0,0.0,154,9.6
13,Ethan Greenwood,161869,QB,LIUSHAR,1,73.3,15,16,16.3,3.42,0,1,5.9,68.8,11,0,8,0.0,19,0,8,1298,75.5,77.1,89.4,60.8,0,1,20,0,0.0,94.5,0.0,0,3,0,1,1,0,0.0,155,9.7
13,Eli Anderson,201571,QB,NWSTATE,1,84.6,13,16,9.9,2.73,0,1,5.9,68.8,11,0,8,0.0,18,0,9,257,69.7,78.7,85.3,54.0,1,0,19,0,12.5,138.0,5.6,1,1,0,2,2,0,0.0,150,9.4
13,Quincy Crittendon,149944,QB,SAMFORD,1,75.0,12,16,1.3,2.62,2,0,0.0,43.8,7,0,6,22.2,17,2,1,282,68.9,35.8,32.4,55.8,1,0,17,0,16.7,51.0,5.9,1,0,0,1,0,1,5.9,46,2.9
13,John-Keawe Sagapolutele,175709,QB,PORTLAND,1,66.7,15,16,7.1,2.38,1,0,0.0,62.5,10,0,9,0.0,16,0,5,269,66.8,37.1,36.3,,0,1,18,0,0.0,46.1,0.0,0,0,0,0,0,2,11.1,69,4.3
13,Cameron Peters,123326,QB,PRVIEW A&M,1,86.7,15,16,13.3,2.69,0,1,6.3,75.0,12,0,7,7.7,17,1,9,270,69.5,90.9,92.7,58.7,0,1,17,0,0.0,130.2,0.0,0,1,0,1,2,0,0.0,234,14.6
13,Jack Johnson,185639,QB,GEORGETOWN,1,42.9,14,15,14.6,2.89,1,0,0.0,40.0,6,0,7,0.0,23,0,4,172,27.3,40.8,47.8,45.1,0,1,25,0,42.9,52.1,13.0,3,4,0,0,1,2,8.0,80,5.3
13,Jake Weir,146840,QB,HOUCHR,1,50.0,12,15,15.1,2.82,0,1,6.7,40.0,6,0,6,0.0,15,0,4,183,68.1,40.7,39.6,58.9,3,0,15,0,0.0,67.9,0.0,0,0,0,0,0,1,6.7,117,7.8
13,Dominic Campanile,201034,QB,HOLY CROSS,1,58.3,12,15,7.4,3.28,0,0,0.0,46.7,7,0,13,0.0,19,0,3,181,68.5,49.0,51.0,51.3,1,0,20,0,15.4,78.2,10.5,2,2,0,2,1,0,0.0,54,3.6
13,Will O'Dell,206486,QB,MARIST,1,86.7,15,15,10.1,2.87,0,2,12.5,80.0,12,0,8,7.7,20,1,10,213,70.3,84.4,91.3,56.4,0,0,21,0,12.5,138.9,5.0,1,4,0,0,1,0,0.0,180,12.0
13,Dom Nankil,182292,QB,SAN DIEGO,1,80.0,15,15,6.9,2.97,0,0,0.0,73.3,11,0,6,8.3,17,1,6,283,66.7,72.9,72.7,,0,1,17,0,33.3,65.7,11.8,2,0,0,0,0,0,0.0,109,7.3
13,Jack Jacobs,173517,QB,TXAMCO,1,75.0,12,14,9.0,2.49,0,2,13.3,57.1,8,0,5,11.1,15,1,4,1139,66.5,87.4,83.7,64.9,1,0,16,0,0.0,96.4,0.0,0,1,0,1,1,0,0.0,77,5.5
13,Vinson Berry,191788,QB,NORFOLK,1,57.1,14,14,7.4,3.0,0,1,7.1,57.1,8,0,5,0.0,17,0,4,244,67.4,54.2,54.7,62.3,0,0,17,1,40.0,78.9,11.8,2,1,0,0,0,0,0.0,98,7.0
13,Jayden Sauray,162802,QB,DELWARE ST,1,61.5,13,14,14.1,2.68,0,0,0.0,57.1,8,0,8,0.0,19,0,4,152,67.0,44.2,46.4,52.9,0,2,19,0,37.5,39.3,15.8,3,2,1,0,0,1,5.3,98,7.0
13,Joshua Wood,163421,QB,IDAHO,1,83.3,12,13,5.0,2.59,1,1,7.7,69.2,9,0,3,10.0,14,1,2,185,67.3,78.3,69.9,73.1,0,1,15,0,0.0,51.1,0.0,0,1,0,0,0,1,6.7,73,5.6
13,Nicholas Penuvchev,202172,QB,BUCKNELL,1,50.0,12,13,12.6,2.58,1,0,0.0,46.2,6,0,6,0.0,16,0,4,125,66.7,33.6,31.2,,0,2,17,0,50.0,39.1,18.8,3,0,0,0,1,2,11.8,37,2.8
13,Sawyer Teeney,209713,QB,IDAHO,1,83.3,12,12,4.2,3.51,0,1,6.7,66.7,8,0,4,20.0,14,2,2,185,25.0,49.8,50.2,56.1,0,0,17,0,25.0,103.8,7.1,1,1,0,0,1,2,11.8,53,4.4
13,Adrian Mejia,159496,WR,ST FRANCIS,1,77.8,9,12,11.0,3.49,0,0,0.0,58.3,7,0,6,0.0,17,0,6,299,69.6,59.7,56.5,61.7,0,1,18,1,33.3,80.2,11.8,2,3,0,3,1,1,5.6,105,8.8
13,Logan Inagawa,206029,QB,DRAKE,1,58.3,12,12,13.0,2.39,0,0,0.0,58.3,7,0,3,0.0,13,0,4,153,27.8,54.4,65.8,46.7,0,0,13,0,0.0,66.3,0.0,0,0,0,0,0,0,0.0,45,3.8
13,Jake Hamilton,206154,WR,ST FRANCIS,1,60.0,10,12,16.6,3.76,1,0,0.0,41.7,5,0,6,16.7,16,1,5,299,66.5,41.9,37.5,65.1,1,2,16,1,16.7,13.2,6.3,1,3,0,0,0,4,25.0,46,3.8
13,Cole Payton,148154,QB,N DAK ST,1,83.3,12,12,21.5,3.55,0,2,16.7,75.0,9,0,7,10.0,16,1,8,250,21.8,79.0,91.3,35.9,0,0,16,0,28.6,156.3,12.5,2,2,0,0,3,1,6.3,279,23.3
13,Nathan Hayes,162204,QB,N DAK ST,1,80.0,10,11,11.4,2.91,1,0,0.0,72.7,8,0,3,0.0,12,0,7,250,65.8,91.0,90.2,64.3,0,0,12,0,0.0,147.0,0.0,0,1,0,0,2,0,0.0,118,10.7
13,Sam Vidlak,146333,QB,STF AUSTIN,1,100.0,9,10,15.3,2.25,0,3,30.0,90.0,9,0,1,0.0,10,0,8,301,17.6,95.2,95.2,,0,0,10,0,0.0,158.3,0.0,0,0,0,1,3,1,10.0,207,20.7
13,Cardell Williams,156190,QB,SACRAMENTO,1,50.0,10,10,9.4,3.71,0,0,0.0,40.0,4,0,4,20.0,13,1,2,279,71.6,51.1,39.4,65.5,0,1,14,1,25.0,8.3,7.7,1,2,0,0,0,1,7.1,26,2.6
13,Gabe Downing,170743,QB,PORTLAND,1,66.7,9,9,15.9,2.65,0,1,11.1,55.6,5,0,2,16.7,11,1,4,269,65.6,58.3,64.5,51.9,0,0,11,0,0.0,69.7,0.0,0,2,0,0,0,0,0.0,46,5.1
13,Parker Lancaster,191803,QB,NORFOLK,1,55.6,9,9,15.7,2.71,0,2,22.2,44.4,4,0,7,20.0,14,1,2,244,66.4,69.2,71.9,57.0,0,0,15,0,57.1,117.8,28.6,4,1,0,0,1,0,0.0,90,10.0
13,Tyrese Smith,185065,QB,PORTLAND,1,87.5,8,8,4.4,2.81,0,0,0.0,87.5,7,0,3,0.0,10,0,2,269,75.5,84.0,75.2,73.8,0,0,10,0,66.7,110.4,20.0,2,0,0,0,0,0,0.0,84,10.5
13,Connor Wolf,191443,QB,E ILLINOIS,1,71.4,7,8,5.3,2.4,1,0,0.0,50.0,4,0,2,20.0,9,1,1,158,65.1,70.4,69.7,,0,0,9,0,50.0,56.3,11.1,1,0,0,0,0,0,0.0,20,2.5
13,Sonny Mannino,166694,QB,MARIST,1,87.5,8,8,5.4,2.99,0,0,0.0,75.0,6,0,2,14.3,10,1,1,213,20.3,46.7,57.6,46.0,0,0,10,0,50.0,77.1,10.0,1,1,0,0,0,1,10.0,24,3.0
13,Abram Johnston,192360,QB,NWSTATE,1,60.0,5,7,5.6,2.64,1,0,0.0,42.9,3,0,3,0.0,8,0,0,257,71.0,56.7,54.6,59.7,0,0,9,0,33.3,50.3,12.5,1,0,0,1,0,0,0.0,11,1.6
13,Kyle Lowe,156595,QB,SE LA,1,100.0,7,7,2.9,1.34,0,0,0.0,100.0,7,0,0,0.0,8,0,2,294,69.8,89.5,71.9,80.5,0,0,8,0,,137.8,0.0,0,0,0,0,1,0,0.0,53,7.6
13,Ashten Snelsire,159175,QB,RICHMOND,1,50.0,6,6,13.5,2.83,0,1,16.7,50.0,3,0,1,0.0,6,0,1,276,72.2,60.8,62.8,58.7,0,0,6,1,0.0,74.3,0.0,0,0,0,0,0,0,0.0,44,7.3
13,Alex Brown,159714,WR,BUCKNELL,1,16.7,6,6,14.3,2.7,0,0,0.0,16.7,1,0,2,0.0,7,0,1,125,64.6,50.3,42.3,64.3,0,0,7,0,0.0,39.6,0.0,0,1,0,0,0,0,0.0,10,1.7
13,Bryson Broadway,202536,QB,STF AUSTIN,1,100.0,6,6,0.8,2.3,0,0,0.0,83.3,5,0,0,16.7,6,1,2,301,64.2,72.4,73.1,,0,0,6,0,,134.0,0.0,0,0,0,0,1,0,0.0,40,6.7
13,West Smith,173914,QB,PRINCETON,1,50.0,6,6,6.7,2.45,0,0,0.0,50.0,3,0,1,0.0,6,0,2,272,64.2,53.7,52.9,,0,0,6,0,0.0,60.4,0.0,0,0,0,0,0,1,16.7,24,4.0
13,Reggie Graff,165710,QB,UTAHTC,1,20.0,5,5,9.2,2.8,0,0,0.0,20.0,1,0,3,0.0,5,0,1,1285,67.9,54.4,49.1,62.5,0,0,5,0,0.0,39.6,0.0,0,0,0,0,0,0,0.0,12,2.4
13,Tevin Carter,157995,QB,PRVIEW A&M,1,50.0,4,5,6.8,3.3,0,1,20.0,40.0,2,0,1,0.0,6,0,2,270,67.0,90.0,73.1,78.8,0,0,6,0,0.0,51.3,0.0,0,1,0,1,0,0,0.0,19,3.8
13,Kael Alexander,189294,QB,STETSON,1,50.0,4,5,10.5,2.16,0,1,16.7,20.0,1,0,1,50.0,5,1,1,302,64.2,69.6,69.2,,0,0,6,0,0.0,39.6,0.0,0,0,0,1,0,0,0.0,13,2.6
13,Ryan Jackson,192201,QB,STTHOM,1,40.0,5,5,8.2,3.13,0,0,0.0,40.0,2,0,1,0.0,6,0,0,1129,65.7,50.5,41.8,63.3,0,0,6,0,100.0,50.4,16.7,1,0,0,0,0,0,0.0,18,3.6
13,Beckham Pellant,185467,QB,ILL STATE,1,60.0,5,5,8.8,2.8,0,0,0.0,60.0,3,0,3,0.0,5,0,1,188,63.8,42.1,40.8,,0,1,5,0,0.0,25.0,0.0,0,0,0,0,0,1,20.0,10,2.0
13,Will Burns,173629,QB,SO UTAH,1,60.0,5,5,7.8,2.13,0,0,0.0,60.0,3,0,0,0.0,6,0,3,298,23.8,51.4,46.1,58.9,0,0,7,0,,104.2,0.0,0,1,0,0,0,1,14.3,83,16.6
13,Gavin Rutherford,178188,QB,STF AUSTIN,1,75.0,4,4,13.5,2.63,0,1,25.0,75.0,3,0,0,0.0,4,0,2,301,63.3,71.2,70.6,,0,0,4,0,,114.6,0.0,0,0,0,0,0,1,25.0,48,12.0
13,Carson Jones,159807,QB,FURMAN,1,100.0,4,4,5.5,2.28,0,0,0.0,75.0,3,0,1,25.0,4,1,1,170,65.2,83.5,83.8,60.0,0,0,4,0,0.0,91.7,0.0,0,0,0,0,0,0,0.0,26,6.5
13,Isaac Lee,202007,QB,W CAROLINA,1,25.0,4,4,4.3,3.35,0,0,0.0,25.0,1,0,2,0.0,4,0,1,344,67.8,57.8,46.2,65.9,0,0,4,0,0.0,43.8,0.0,0,0,0,0,0,0,0.0,16,4.0
13,Luke Pennington,200773,QB,DAYTON,1,66.7,3,3,16.0,2.3,0,0,0.0,66.7,2,0,0,0.0,3,0,2,150,62.7,48.2,48.2,,0,1,3,0,,63.9,0.0,0,0,0,0,0,1,33.3,33,11.0
13,Patrick Grusser,197638,QB,MARIST,1,0.0,2,3,12.0,4.25,0,0,0.0,0.0,0,0,2,,4,0,0,213,63.3,32.4,36.4,56.2,0,0,4,0,0.0,39.6,0.0,0,1,0,1,0,1,25.0,0,0.0
13,Alex Flores,86295,QB,MCNEESE,1,66.7,3,3,10.0,2.46,0,0,0.0,66.7,2,0,2,0.0,5,0,1,217,63.3,46.9,46.2,,0,0,5,0,100.0,102.1,40.0,2,0,0,0,0,1,20.0,32,10.7
13,Gavin Rupp,145127,QB,STETSON,1,33.3,3,3,13.3,2.65,0,0,0.0,33.3,1,0,1,0.0,4,0,1,302,63.3,58.6,58.2,,0,1,4,0,100.0,2.8,25.0,1,0,0,0,0,0,0.0,8,2.7
13,Jake Stearney,171991,QB,COLGATE,1,50.0,2,3,23.0,2.67,0,0,0.0,33.3,1,0,1,0.0,3,0,0,142,62.7,50.9,50.8,,0,0,3,0,0.0,42.4,0.0,0,0,0,1,0,0,0.0,3,1.0
13,Tyler Nelson,173797,QB,PRVIEW A&M,1,50.0,2,2,18.0,2.05,0,1,50.0,50.0,1,0,0,0.0,2,0,1,270,18.1,50.0,89.7,38.9,0,0,2,0,,70.8,0.0,0,0,0,0,0,0,0.0,13,6.5
13,Sam Milligan,171964,WR,BUCKNELL,1,100.0,2,2,5.0,2.67,0,0,0.0,100.0,2,0,1,0.0,3,0,1,125,71.9,69.8,73.1,71.2,0,0,3,0,100.0,108.3,33.3,1,0,0,0,0,0,0.0,20,10.0
13,Reagan Andrew,161309,QB,BUTLER,1,100.0,2,2,7.0,2.4,0,0,0.0,100.0,2,0,0,0.0,2,0,2,127,67.6,81.0,90.0,59.9,0,0,2,0,,158.3,0.0,0,0,0,0,1,0,0.0,30,15.0
13,JP Pickles,183996,QB,MERCER,1,50.0,2,2,15.5,2.5,0,0,0.0,50.0,1,0,1,0.0,2,0,1,219,66.2,57.4,63.1,55.6,0,0,2,0,0.0,70.8,0.0,0,0,0,0,0,0,0.0,13,6.5
13,Luca Stanzani,159449,QB,LIUSHAR,1,0.0,2,2,4.5,2.45,0,0,0.0,0.0,0,0,1,,2,0,0,1298,64.4,72.0,49.0,67.3,0,0,2,0,0.0,39.6,0.0,0,0,0,0,0,0,0.0,0,0.0
13,Cobey Thompkins,192469,QB,CITADEL,1,50.0,2,2,25.0,3.9,0,0,0.0,50.0,1,0,1,0.0,3,0,1,139,67.8,56.7,62.8,55.8,0,0,4,0,0.0,70.8,0.0,0,1,0,0,0,0,0.0,13,6.5
13,Nate Rembert,196456,WR,JACKSON ST,1,0.0,1,2,36.0,3.35,0,0,0.0,0.0,0,0,1,,2,0,0,194,68.0,86.0,55.5,,0,0,2,0,0.0,39.6,0.0,0,0,0,1,0,0,0.0,0,0.0
13,Myles Lopez,202549,QB,STF AUSTIN,1,50.0,2,2,14.5,1.7,0,0,0.0,50.0,1,0,0,0.0,2,0,0,301,61.8,54.2,53.6,,0,0,2,0,,56.3,0.0,0,0,0,0,0,0,0.0,-4,-2.0
13,Mike Chandler II,139371,QB,CAMPBELL,1,100.0,1,2,-4.0,3.8,0,0,0.0,50.0,1,0,1,0.0,2,0,0,131,71.0,71.0,58.9,71.5,0,0,2,0,0.0,58.3,0.0,0,0,0,1,0,0,0.0,7,3.5
13,Malik Kemp,206384,QB,MS VLY ST,1,0.0,1,2,37.0,3.98,0,0,0.0,0.0,0,0,3,,4,0,0,228,73.6,48.0,40.7,59.4,0,0,5,1,66.7,39.6,50.0,2,0,0,1,0,0,0.0,0,0.0
13,DJ Smith,185876,QB,MERCER,1,0.0,1,1,2.0,2.35,0,0,0.0,0.0,0,0,1,,2,0,0,219,63.7,53.7,58.8,57.3,0,0,2,0,100.0,39.6,50.0,1,0,0,0,0,0,0.0,0,0.0
13,Winston Watkins,185303,QB,TOWSON,1,100.0,1,1,14.0,2.2,0,0,0.0,100.0,1,0,0,0.0,1,0,1,317,72.4,69.6,72.6,62.3,0,0,1,0,,158.3,0.0,0,0,0,0,1,0,0.0,64,64.0
13,Jack Ryder,160450,QB,VILLANOVA,1,100.0,1,1,-3.0,2.2,0,0,0.0,100.0,1,0,0,0.0,1,0,0,334,63.7,58.1,60.4,58.9,0,0,1,0,,79.2,0.0,0,0,0,0,0,0,0.0,0,0.0
13,John Dunmore,101705,WR,TOWSON,1,0.0,1,1,35.0,4.2,0,0,0.0,0.0,0,0,0,,1,0,0,317,64.6,53.3,50.1,,0,0,1,0,,39.6,0.0,0,0,0,0,0,0,0.0,0,0.0
13,Dante Torres,177468,QB,HARVARD,1,100.0,1,1,5.0,1.7,0,0,0.0,100.0,1,0,0,0.0,1,0,1,179,60.3,60.6,60.4,,0,0,1,0,,116.7,0.0,0,0,0,0,0,0,0.0,12,12.0
13,Jared Richardson,164680,WR,PENN,1,0.0,1,1,9.0,4.3,0,0,0.0,0.0,0,0,0,,1,0,0,267,68.8,72.5,45.7,,0,0,1,0,,39.6,0.0,0,0,0,0,0,0,0.0,0,0.0
13,Michael Rossin,202014,WR,W CAROLINA,1,100.0,1,1,12.0,2.9,0,0,0.0,0.0,0,0,1,100.0,1,1,0,344,65.7,63.3,72.6,,0,0,1,1,0.0,39.6,0.0,0,0,0,0,0,0,0.0,0,0.0
13,Michael Mussari,176151,WR,DAYTON,1,100.0,1,1,10.0,3.7,0,0,0.0,100.0,1,0,0,0.0,1,0,1,150,65.9,51.4,72.6,54.4,0,0,1,1,,108.3,0.0,0,0,0,0,0,0,0.0,10,10.0
13,Shemar Kirk,175381,WR,AUSTINPEAY,1,100.0,1,1,14.0,4.6,0,0,0.0,100.0,1,0,0,0.0,1,0,1,116,13.4,65.8,51.6,,0,0,1,0,,118.8,0.0,0,0,0,0,0,1,100.0,15,15.0
13,Carson Persing,172060,WR,LAFAYETTE,1,0.0,1,1,23.0,4.0,0,0,0.0,0.0,0,0,0,,1,0,0,203,67.6,66.3,37.9,,0,1,1,0,,0.0,0.0,0,0,0,0,0,1,100.0,0,0.0
13,Jace Clark,171491,LS,S ILLINOIS,1,,0,1,,4.1,0,0,0.0,0.0,0,0,0,,1,0,0,295,60.3,57.6,59.4,,0,0,1,0,,39.6,0.0,0,0,0,1,0,0,0.0,0,0.0
13,Jordan Chambers-Smith,202608,WR,ALAB A&M,1,100.0,1,1,37.0,3.3,0,0,0.0,100.0,1,0,0,0.0,1,0,1,104,70.1,61.4,75.7,,0,0,1,0,,158.3,0.0,0,0,0,0,1,0,0.0,44,44.0
13,Daniel Greek,126950,QB,TARLETON,1,100.0,1,1,9.0,3.1,0,0,0.0,100.0,1,0,0,0.0,1,0,1,401,60.3,72.0,71.5,,0,0,1,0,,118.8,0.0,0,0,0,0,1,0,0.0,2,2.0
13,Brady Stober,203110,QB,SAMFORD,1,0.0,1,1,28.0,2.7,0,0,0.0,0.0,0,0,1,,1,0,0,282,63.7,61.3,50.8,63.3,0,0,1,0,0.0,39.6,0.0,0,0,0,0,0,0,0.0,0,0.0
13,CJ Neely,203460,WR,HOWARD,1,0.0,1,1,29.0,4.2,0,0,0.0,0.0,0,0,0,,1,0,0,184,60.3,32.6,37.5,,0,1,1,0,,0.0,0.0,0,0,0,0,0,1,100.0,0,0.0
13,Andre Washington,165436,QB,ALCORN ST,1,100.0,1,1,-5.0,0.8,0,0,0.0,100.0,1,0,0,0.0,1,0,0,107,68.7,61.6,61.0,60.3,0,0,1,0,,79.2,0.0,0,0,0,0,0,0,0.0,-7,-7.0
13,Bryce LaFollette,174792,P,TOWSON,1,100.0,1,1,0.0,2.2,0,0,0.0,100.0,1,0,0,0.0,1,0,0,317,60.3,60.6,60.6,,0,0,1,0,,79.2,0.0,0,0,0,0,0,0,0.0,1,1.0
13,JaShawn Todd,206183,WR,STTHOM,1,100.0,1,1,-3.0,3.6,0,0,0.0,100.0,1,0,0,0.0,1,0,1,1129,71.6,65.9,60.4,58.9,0,0,1,0,,118.8,0.0,0,0,0,0,0,0,0.0,24,24.0
13,Cole LaCrue,170324,QB,E ILLINOIS,1,100.0,1,1,8.0,2.6,0,0,0.0,0.0,0,0,2,100.0,3,1,0,158,11.6,35.8,33.7,59.7,0,1,3,0,100.0,0.0,66.7,2,0,0,0,0,1,33.3,0,0.0
13,Isaiah Eastman,170713,WR,N ARIZONA,1,0.0,1,1,42.0,1.5,0,0,0.0,0.0,0,0,0,,1,0,0,252,71.9,62.8,49.9,68.2,0,0,1,0,,39.6,0.0,0,0,0,0,0,0,0.0,0,0.0
13,Levontai Summersett,172872,HB,FL A&M,1,0.0,1,1,37.0,3.3,0,0,0.0,0.0,0,0,0,,1,0,0,164,63.7,60.6,49.9,63.1,0,0,1,0,,39.6,0.0,0,0,0,0,0,0,0.0,0,0.0
13,Elliot Huether,172157,K,STTHOM,1,0.0,1,1,11.0,5.4,0,0,0.0,0.0,0,0,1,,1,0,0,1129,60.3,28.9,36.7,,0,0,1,0,0.0,39.6,0.0,0,0,0,0,0,0,0.0,0,0.0
13,Aidan Jakobsohn,209046,QB,TXRG,1,0.0,1,1,7.0,1.8,0,0,0.0,0.0,0,0,0,,1,0,0,1445,63.7,55.7,54.1,60.0,0,0,1,0,,39.6,0.0,0,0,0,0,0,0,0.0,0,0.0
13,Jeremy Decaro,193001,WR,MARIST,1,100.0,1,1,4.0,1.5,0,0,0.0,100.0,1,0,0,0.0,1,0,0,213,65.3,70.0,60.4,,0,0,1,0,,95.8,0.0,0,0,0,0,0,0,0.0,7,7.0
13,JK Carter,148041,WR,MURRAY ST,1,100.0,1,1,8.0,4.9,0,0,0.0,100.0,1,0,1,0.0,1,0,1,236,64.6,68.6,77.2,,0,0,1,1,0.0,118.8,0.0,0,0,0,0,0,0,0.0,27,27.0
13,Shane Lee,191945,HB,NICHOLLS,1,0.0,1,1,19.0,3.3,0,0,0.0,0.0,0,0,0,,1,0,0,243,74.7,63.2,46.8,66.6,0,0,1,0,,39.6,0.0,0,0,0,0,0,0,0.0,0,0.0
week,player,player_id,position,team_name,player_game_count,accuracy_percent,aimed_passes,attempts,avg_depth_of_target,avg_time_to_throw,bats,big_time_throws,btt_rate,completion_percent,completions,declined_penalties,def_gen_pressures,drop_rate,dropbacks,drops,first_downs,franchise_id,grades_hands_fumble,grades_offense,grades_pass,grades_run,hit_as_threw,interceptions,passing_snaps,penalties,pressure_to_sack_rate,qb_rating,sack_percent,sacks,scrambles,spikes,thrown_aways,touchdowns,turnover_worthy_plays,twp_rate,yards,ypa
14,Malik Washington,198729,QB,MARYLAND,1,72.4,58,61,11.3,2.72,0,3,4.9,62.3,38,0,22,9.5,67,4,23,215,71.2,71.6,72.2,57.7,1,1,67,0,9.1,94.9,3.0,2,3,0,2,3,2,3.0,459,7.5
14,Max Cutforth,176220,QB,BOISE ST,1,67.4,46,49,8.2,2.89,1,2,3.8,53.1,26,0,16,16.1,53,5,16,120,70.1,59.6,57.2,64.2,0,0,57,0,12.5,88.9,3.8,2,1,0,2,2,4,7.0,341,7.0
14,Jaylen Raynor,172203,QB,ARK STATE,1,77.8,45,47,8.5,2.78,1,4,8.3,68.1,32,0,9,8.6,52,3,19,113,54.3,72.0,74.0,58.2,1,1,53,0,33.3,103.4,5.8,3,2,0,0,3,1,1.9,363,7.7
14,Ryan Browne,174949,QB,PURDUE,1,60.0,45,47,10.4,3.32,0,4,8.2,53.2,25,0,14,7.4,50,2,12,273,39.1,57.8,64.7,36.0,0,1,52,0,0.0,58.6,0.0,0,3,0,2,0,3,5.8,238,5.1
14,Sawyer Robertson,146839,QB,BAYLOR,1,57.5,40,46,8.9,2.46,2,1,2.1,50.0,23,0,11,0.0,47,0,16,118,71.4,57.1,51.9,71.5,2,1,48,0,9.1,69.9,2.1,1,0,0,2,1,1,2.1,309,6.7
14,Noah Fifita,158722,QB,ARIZONA,1,78.9,38,45,9.6,2.53,1,1,2.1,62.2,28,0,15,6.7,49,2,17,109,73.1,75.9,75.0,64.0,0,0,52,0,6.7,87.8,2.0,1,1,0,6,1,0,0.0,286,6.4
14,Adam Damante,170711,QB,NEW MEX ST,1,73.8,42,44,10.7,2.25,0,1,2.0,65.9,29,1,12,6.5,46,2,16,242,70.9,60.5,55.4,75.7,0,2,52,1,8.3,82.7,2.2,1,1,0,2,2,2,3.8,311,7.1
14,Joey Aguilar,174978,QB,TENNESSEE,1,69.8,43,44,9.3,2.34,1,1,2.1,65.9,29,0,18,3.3,48,1,11,307,71.6,85.4,80.3,76.8,0,0,52,0,22.2,92.9,8.3,4,0,0,0,1,0,0.0,299,6.8
14,Roman Gagliano,183961,QB,MIDDLE TN,1,68.4,38,43,11.5,2.53,0,5,11.1,55.8,24,0,17,7.7,46,2,15,224,71.7,87.1,82.8,74.0,2,0,48,2,11.8,97.0,4.3,2,1,1,2,3,1,2.1,260,6.0
14,Robby Ashford,131702,QB,WAKE,1,80.0,40,43,9.1,2.89,1,6,12.8,62.8,27,0,22,15.6,53,5,19,339,47.1,89.7,90.7,63.4,0,1,57,0,9.1,93.1,3.8,2,7,0,2,2,1,1.8,339,7.9
14,LaNorris Sellers,174326,QB,S CAROLINA,1,62.2,37,42,11.3,2.81,3,7,16.7,54.8,23,0,19,0.0,49,0,15,289,71.4,93.2,93.5,62.9,1,2,49,0,26.3,81.5,10.2,5,2,0,1,2,1,2.0,381,9.1
14,Tristan Ti'a,204242,QB,OREGON ST,1,76.9,39,41,8.8,2.82,1,1,2.3,68.3,28,0,19,6.7,50,2,12,265,17.9,44.2,52.3,37.2,1,2,54,1,31.6,71.2,12.0,6,3,0,0,1,5,9.3,240,5.9
14,Owen McCown,157688,QB,UTSA,1,79.5,39,41,6.9,2.31,0,2,4.9,65.9,27,0,11,12.9,43,4,13,331,69.7,68.7,68.3,63.3,0,1,43,1,18.2,90.1,4.7,2,0,1,1,2,1,2.3,266,6.5
14,Noah Kim,129623,QB,E MICHIGAN,1,77.1,35,41,7.3,2.68,0,1,2.2,58.5,24,0,10,11.1,42,3,12,160,38.3,77.3,79.4,52.4,0,3,47,0,10.0,69.9,2.4,1,0,0,6,2,1,2.1,327,8.0
14,Jaron-Keawe Sagapolutele,198237,QB,CAL,1,86.5,37,40,6.4,2.23,2,4,8.7,77.5,31,0,9,3.1,40,1,17,130,69.8,85.6,84.7,60.0,1,0,46,0,0.0,134.4,0.0,0,0,0,0,4,0,0.0,330,8.3
14,Alessio Milivojevic,183542,QB,MICH STATE,1,76.3,38,39,7.8,2.66,1,0,0.0,69.2,27,0,12,6.9,41,2,15,223,70.8,78.9,77.0,66.2,0,1,42,0,0.0,114.5,0.0,0,2,0,0,4,2,4.8,292,7.5
14,JJ Kohl,174674,QB,APP STATE,1,82.9,35,39,8.7,2.55,2,2,5.0,66.7,26,0,11,10.3,42,3,17,108,69.2,86.3,81.0,76.5,1,0,43,0,9.1,103.7,2.4,1,2,0,1,2,0,0.0,271,6.9
14,Skyler Locklear,164027,QB,UTEP,1,68.8,32,39,9.9,3.34,1,3,7.0,56.4,22,0,23,0.0,49,0,11,330,70.6,43.2,38.7,66.6,0,5,55,1,21.7,79.8,10.2,5,5,0,6,4,5,9.1,338,8.7
14,Cade Klubnik,156253,QB,CLEMSON,1,68.4,38,39,11.1,2.48,0,3,6.7,61.5,24,0,17,7.7,42,2,13,140,40.3,73.1,79.0,49.7,0,1,48,1,5.9,71.3,2.4,1,2,0,1,0,3,6.3,268,6.9
14,Tad Hudson,170107,QB,COAST CAR,1,61.8,34,39,7.2,2.51,2,1,2.4,41.0,16,0,14,23.8,42,5,6,141,71.3,44.6,45.2,57.7,1,1,44,2,7.1,49.9,2.4,1,2,0,2,1,2,4.5,148,3.8
14,Ashton Daniels,157259,QB,AUBURN,1,67.6,37,39,9.4,2.95,1,1,2.4,46.2,18,0,20,28.0,51,7,14,115,73.4,60.9,57.5,63.2,0,1,54,0,5.0,66.1,2.0,1,11,0,1,1,2,3.7,259,6.6
14,Tayven Jackson,157615,QB,UCF,1,75.0,32,38,8.1,3.39,0,1,2.6,55.3,21,0,16,12.5,40,3,11,323,34.7,58.1,58.7,53.9,0,0,40,1,6.3,91.1,2.5,1,1,0,6,2,2,5.0,232,6.1
14,Nico Iamaleava,174728,QB,UCLA,1,75.0,36,38,5.4,2.68,1,0,0.0,71.1,27,0,13,0.0,47,0,16,324,39.1,65.6,72.8,49.2,0,0,48,2,30.8,92.0,8.5,4,5,0,1,1,0,0.0,200,5.3
14,John Mateer,158516,QB,OKLAHOMA,1,67.6,37,38,9.2,2.65,0,1,2.5,60.5,23,0,6,8.0,40,2,10,261,43.2,55.0,60.6,47.8,0,3,42,1,0.0,72.0,0.0,0,2,0,1,2,2,4.8,318,8.4
14,Jake Retzlaff,70874,QB,TULANE,1,80.6,36,38,5.7,2.1,1,0,0.0,73.7,28,0,9,3.4,39,1,13,319,38.3,58.0,59.4,54.5,0,2,40,0,0.0,73.5,0.0,0,0,0,1,0,3,7.5,291,7.7
14,Jackson Brousseau,173480,QB,COLO STATE,1,90.9,33,37,4.7,2.66,1,2,5.4,75.7,28,0,12,6.7,41,2,15,144,69.5,79.8,80.8,58.4,0,0,41,0,16.7,119.5,4.9,2,2,0,3,2,0,0.0,323,8.7
14,Elijah Brown,183276,QB,STANFORD,1,55.6,36,37,9.3,2.45,0,1,2.6,48.6,18,0,10,10.0,38,2,10,300,68.9,66.0,65.2,,0,1,39,0,10.0,63.3,2.6,1,0,0,1,1,0,0.0,204,5.5
14,Nick Minicucci,173617,QB,DELAWARE,1,66.7,36,37,9.4,2.61,0,2,5.1,64.9,24,0,8,0.0,38,0,17,151,44.2,64.9,70.2,51.8,0,0,40,0,0.0,118.2,0.0,0,1,0,1,3,2,5.0,311,8.4
14,Christian Veilleux,145086,QB,GA STATE,1,64.7,34,37,8.5,2.33,2,0,0.0,48.6,18,0,11,18.2,38,4,9,175,69.5,40.9,38.1,63.3,0,1,40,0,9.1,57.7,2.6,1,0,0,1,1,2,5.0,154,4.2
14,Preston Stone,124716,QB,NWESTERN,1,61.8,34,36,9.7,3.16,0,4,10.3,52.8,19,0,16,9.5,38,2,13,256,22.1,53.4,64.3,26.4,1,3,41,0,12.5,39.5,5.3,2,0,0,1,1,2,4.9,163,4.5
14,JC French IV,162521,QB,GA SOUTHRN,1,71.4,35,36,8.8,2.9,0,1,2.7,66.7,24,0,12,4.0,47,1,18,174,43.4,67.7,69.1,59.2,0,0,48,0,16.7,112.4,4.3,2,8,0,1,2,0,0.0,313,8.7
14,Kevin Jennings,158272,QB,SMU,1,71.4,35,36,6.6,2.52,0,1,2.7,66.7,24,0,8,4.0,40,1,12,287,70.0,74.0,67.6,75.9,0,1,41,0,25.0,93.5,5.0,2,2,0,1,2,1,2.4,250,6.9
14,Braylon Braxton,144442,QB,SO MISS,1,61.1,36,36,14.0,2.83,0,3,6.8,58.3,21,0,14,4.5,43,1,10,296,70.2,63.0,68.9,47.3,0,1,53,1,21.4,74.5,7.0,3,4,0,0,1,0,0.0,226,6.3
14,Brendon Lewis,131687,QB,MEMPHIS,1,75.9,29,36,12.9,3.22,2,1,2.7,52.8,19,0,14,13.6,43,3,10,218,70.9,63.3,59.4,66.9,0,0,45,0,28.6,84.5,9.3,4,2,0,5,2,2,4.4,172,4.8
14,Chandler Morris,122938,QB,VIRGINIA,1,69.7,33,35,6.8,2.52,0,2,5.4,60.0,21,0,9,8.7,38,2,14,335,69.5,77.9,73.8,73.5,0,0,41,0,11.1,73.8,2.6,1,2,0,2,0,0,0.0,182,5.2
14,Darian Mensah,169984,QB,DUKE,1,77.4,31,35,6.5,2.88,1,1,2.6,68.6,24,0,19,0.0,38,0,14,154,69.1,69.6,67.4,63.1,0,0,42,0,10.5,110.2,5.3,2,1,0,3,2,1,2.4,268,7.7
14,Ty Simpson,157008,QB,ALABAMA,1,75.9,29,35,7.7,3.16,1,1,2.7,54.3,19,0,16,13.6,40,3,8,103,71.2,68.5,62.4,71.5,2,0,42,0,18.8,90.4,7.5,3,2,0,3,3,2,4.8,122,3.5
14,Grant Jordan,151147,QB,UMASS,1,73.5,34,35,11.5,2.76,0,1,2.9,62.9,22,0,17,12.0,38,3,10,216,72.1,71.8,71.0,62.8,0,0,38,0,17.6,100.1,7.9,3,0,0,1,2,0,0.0,223,6.4
14,Zane Flores,174288,QB,OKLA STATE,1,81.3,32,34,5.8,2.77,0,1,2.8,67.6,23,0,11,11.5,38,3,9,262,22.3,48.5,54.4,42.1,1,1,40,0,27.3,71.0,7.9,3,1,0,1,0,3,7.5,202,5.9
14,Goose Crowder,144781,QB,TROY,1,78.8,33,34,7.0,2.48,0,1,2.9,70.6,24,0,13,7.7,41,2,14,318,70.0,53.3,57.6,47.9,0,1,41,0,23.1,113.0,7.3,3,4,0,1,3,3,7.3,285,8.4
14,Trinidad Chambliss,178723,QB,OLE MISS,1,69.7,33,34,12.2,2.77,0,5,13.2,67.6,23,0,7,0.0,38,0,18,226,71.5,89.4,87.1,70.0,1,0,42,0,0.0,141.7,0.0,0,4,0,0,4,0,0.0,359,10.6
14,Behren Morton,144747,QB,TEXAS TECH,1,89.3,28,33,6.3,2.35,1,2,5.9,75.8,25,0,10,0.0,36,0,17,315,31.4,70.0,71.1,57.5,1,0,37,0,30.0,134.7,8.3,3,0,1,2,3,2,5.4,310,9.4
14,Brendan Sorsby,156398,QB,CINCINNATI,1,80.6,31,33,8.6,2.86,1,2,5.6,69.7,23,0,12,8.0,38,2,14,138,71.1,82.0,78.1,71.0,0,0,41,0,25.0,126.1,7.9,3,2,0,1,3,0,0.0,282,8.5
14,Mason Heintschel,199088,QB,PITTSBURGH,1,80.6,31,32,7.7,2.5,0,2,5.9,68.8,22,0,14,12.0,37,3,8,268,69.4,66.5,66.8,58.0,1,1,39,0,28.6,82.7,10.8,4,1,0,0,1,0,0.0,199,6.2
14,Mason Drube,200056,QB,WYOMING,1,59.4,32,32,11.4,3.31,0,0,0.0,53.1,17,0,14,10.5,37,2,10,351,71.5,63.4,63.7,59.2,0,1,40,0,21.4,56.6,8.1,3,2,0,0,0,1,2.5,179,5.6
14,Marcel Reed,175940,QB,TEXAS A&M,1,75.9,29,32,7.4,3.42,1,0,0.0,62.5,20,0,13,9.1,41,2,10,312,70.9,47.1,48.4,53.2,1,2,43,1,7.7,51.6,2.4,1,8,0,1,0,2,4.7,180,5.6
14,Arch Manning,173162,QB,TEXAS,1,64.0,25,31,12.8,2.89,1,0,0.0,45.2,14,0,14,12.5,35,2,10,311,70.6,68.5,60.2,75.9,2,0,37,1,7.1,74.5,2.9,1,3,1,2,1,0,0.0,179,5.8
14,Jacob Clark,101628,QB,MO STATE,1,62.1,29,31,13.0,2.8,1,3,8.6,54.8,17,0,13,5.6,37,1,10,230,70.0,83.3,81.6,70.9,0,1,41,1,30.8,95.4,10.8,4,2,0,1,2,2,4.9,294,9.5
14,Kamario Taylor,198868,QB,MISS STATE,1,63.0,27,31,13.4,3.67,0,0,0.0,48.4,15,0,22,11.8,43,2,14,227,53.3,76.5,54.4,87.4,1,1,45,0,13.6,52.9,7.0,3,8,0,3,0,0,0.0,178,5.7
14,Bryson Barnes,131845,QB,UTAH ST,1,46.4,28,31,12.5,2.95,0,1,2.9,41.9,13,0,20,0.0,36,0,9,329,40.4,51.1,45.2,62.9,0,0,41,0,10.0,61.8,5.6,2,3,0,3,0,2,4.9,184,5.9
14,Conner Weigman,158683,QB,HOUSTON,1,75.9,29,31,5.0,2.81,0,0,0.0,67.7,21,0,6,4.5,34,1,13,182,75.5,62.8,53.9,68.4,0,1,38,0,16.7,82.9,2.9,1,2,0,2,1,1,2.6,201,6.5
14,Joe Labas,144847,QB,C MICHIGAN,1,70.4,27,30,8.0,3.24,1,4,12.1,63.3,19,0,19,0.0,34,0,6,134,33.3,62.5,63.7,55.6,0,1,37,0,21.1,74.6,11.8,4,0,0,2,0,3,8.1,242,8.1
14,Demond Williams Jr.,183648,QB,WASHINGTON,1,62.5,24,30,9.3,3.81,1,1,3.2,50.0,15,0,22,0.0,37,0,10,340,70.2,55.5,51.4,64.0,1,2,38,0,18.2,56.1,10.8,4,3,0,4,2,2,5.3,129,4.3
14,Caden Veltkamp,156642,QB,FAU,1,73.3,30,30,6.4,2.39,0,0,0.0,63.3,19,0,8,13.6,35,3,8,165,68.9,58.2,60.3,52.6,0,2,39,0,50.0,52.5,11.4,4,1,0,0,0,2,5.1,183,6.1
14,CJ Bailey,183349,QB,NC STATE,1,82.1,28,30,5.5,2.65,0,0,0.0,70.0,21,0,9,8.7,35,2,13,248,70.2,80.9,70.0,82.6,0,0,38,0,11.1,110.6,2.9,1,4,0,2,2,0,0.0,201,6.7
14,Landyn Locke,199937,QB,SM HOUSTON,1,55.6,27,30,14.9,2.53,0,1,3.2,46.7,14,0,8,6.7,33,1,7,281,31.2,34.7,31.9,65.9,1,2,34,1,37.5,41.1,9.1,3,0,0,2,1,4,11.8,121,4.0
14,Katin Houser,158386,QB,E CAROLINA,1,78.6,28,30,8.7,2.25,1,2,6.3,70.0,21,0,6,4.5,33,1,13,156,72.1,90.3,78.0,86.5,0,0,37,0,16.7,121.1,3.0,1,2,0,1,2,0,0.0,277,9.2
14,Aidan Armenta,175731,QB,LA MONROE,1,69.0,29,30,12.3,2.53,0,3,10.0,60.0,18,0,8,10.0,33,2,13,209,45.1,73.0,73.0,60.4,0,0,33,0,37.5,127.4,9.1,3,0,0,1,3,0,0.0,302,10.1
14,Dante Moore,173983,QB,OREGON,1,78.6,28,29,10.4,2.59,0,5,16.1,69.0,20,0,4,9.1,31,2,8,264,72.0,90.7,90.7,66.4,0,0,33,0,50.0,112.1,6.5,2,0,0,1,1,1,3.0,286,9.9
14,Carson Beck,124010,QB,MIAMI FL,1,82.8,29,29,5.9,1.97,0,0,0.0,79.3,23,0,4,4.2,34,1,13,220,69.6,60.3,64.0,51.3,0,1,35,0,50.0,125.1,5.9,2,2,0,0,3,0,0.0,267,9.2
14,Tommy Castellanos,158433,QB,FLORIDA ST,1,74.1,27,29,13.3,3.31,0,2,6.7,62.1,18,0,11,10.0,38,2,14,167,25.1,71.5,74.6,59.7,0,1,39,1,27.3,97.6,7.9,3,6,0,2,2,2,5.1,245,8.4
14,Jayden Maiava,158135,QB,USC,1,75.0,28,29,8.5,3.01,0,1,3.3,72.4,21,0,9,0.0,31,0,15,326,70.3,78.3,75.6,67.5,0,0,32,0,22.2,122.3,6.5,2,0,0,1,2,1,3.1,257,8.9
14,Ta'Quan Roberson,101625,QB,BUFFALO,1,68.0,25,28,13.1,2.85,0,2,6.7,57.1,16,0,8,5.9,33,1,12,126,31.9,52.6,55.1,51.6,0,1,35,0,25.0,98.8,6.1,2,2,1,2,2,2,5.7,270,9.6
14,Zevi Eckhaus,148535,QB,WASH STATE,1,65.4,26,28,8.7,2.47,1,0,0.0,60.7,17,0,9,0.0,30,0,12,341,71.5,65.1,54.2,74.8,0,0,30,0,0.0,93.9,0.0,0,2,0,1,1,0,0.0,197,7.0
14,Cutter Boley,184630,QB,KENTUCKY,1,60.0,25,28,6.5,2.55,0,0,0.0,50.0,14,0,16,6.7,35,1,4,202,69.2,32.4,33.0,57.3,0,2,36,2,31.3,29.9,14.3,5,2,0,3,0,3,8.3,107,3.8
14,Evan Simon,129906,QB,TEMPLE,1,52.0,25,28,11.6,2.58,0,1,3.4,39.3,11,0,10,15.4,30,2,5,306,69.8,40.8,40.4,54.4,0,1,31,0,0.0,44.3,0.0,0,2,0,3,1,3,9.7,83,3.0
14,Diego Pavia,156927,QB,VANDERBILT,1,78.3,23,28,7.5,2.93,2,1,3.4,64.3,18,0,14,0.0,34,0,15,333,74.3,79.8,64.3,79.8,1,2,35,0,7.1,75.9,2.9,1,5,0,2,1,2,5.7,256,9.1
14,Jalon Daniels,122555,QB,KANSAS,1,54.2,24,27,11.8,2.65,0,3,10.3,37.0,10,0,8,23.1,28,3,7,198,71.5,68.2,63.6,67.9,0,3,30,0,12.5,34.6,3.6,1,0,0,3,1,2,6.7,187,6.9
14,CJ Carr,184093,QB,NOTRE DAME,1,69.2,26,27,10.5,2.64,0,0,0.0,63.0,17,0,5,5.6,30,1,12,258,68.8,79.2,74.9,70.7,1,0,30,0,0.0,110.9,0.0,0,3,0,0,2,0,0.0,205,7.6
14,Haynes King,124329,QB,GA TECH,1,82.6,23,27,7.7,2.64,0,0,0.0,70.4,19,0,12,0.0,29,0,9,176,72.3,68.1,66.1,63.9,0,1,30,0,8.3,73.2,3.4,1,1,0,4,0,1,3.3,181,6.7
14,Brad Jackson,184354,QB,TEXAS ST,1,80.8,26,26,8.0,2.45,0,2,7.7,76.9,20,0,6,4.8,30,1,11,314,72.3,81.2,78.3,70.0,0,0,30,0,0.0,137.5,0.0,0,4,0,0,2,0,0.0,285,11.0
14,Julian Sayin,183708,QB,OHIO STATE,1,83.3,24,26,9.2,2.81,0,2,7.7,73.1,19,0,4,5.0,27,1,11,260,70.1,82.0,76.6,73.1,0,1,27,0,0.0,122.8,0.0,0,1,0,2,3,1,3.7,233,9.0
14,Michael Van Buren Jr.,184764,QB,LSU,1,76.2,21,26,4.0,2.44,3,0,0.0,57.7,15,0,5,6.3,27,1,5,211,70.2,60.8,58.3,61.9,0,1,29,1,0.0,62.7,0.0,0,1,0,2,1,1,3.4,98,3.8
14,Jeff Sims,122496,QB,ARIZONA ST,1,50.0,24,25,11.6,2.77,0,1,3.8,44.0,11,0,6,8.3,26,1,7,110,22.9,37.4,47.7,39.6,0,3,27,0,0.0,18.2,0.0,0,1,0,1,0,4,14.8,114,4.6
14,Rodney Tisdale Jr.,188754,QB,W KENTUCKY,1,70.8,24,25,8.1,2.95,0,1,3.7,68.0,17,0,9,0.0,28,0,8,346,69.8,64.9,67.2,55.6,0,1,30,1,0.0,72.1,0.0,0,3,0,1,0,0,0.0,180,7.2
14,Kaidon Salter,132046,QB,COLORADO,1,69.6,23,25,10.8,3.13,0,0,0.0,56.0,14,0,15,12.5,35,2,9,143,71.0,56.3,49.1,65.3,0,1,37,0,20.0,60.8,8.6,3,7,0,2,0,2,5.4,172,6.9
14,Carter Jones,198923,QB,NEVADA,1,73.9,23,25,7.4,2.28,1,0,0.0,68.0,17,0,6,0.0,27,0,7,239,27.6,56.2,53.6,62.9,1,0,28,0,33.3,76.3,7.4,2,0,0,0,0,1,3.6,105,4.2
14,Devon Dampier,171556,QB,UTAH,1,68.2,22,25,10.8,2.2,3,3,11.5,60.0,15,0,3,0.0,25,0,8,328,74.2,78.1,79.0,65.8,0,0,26,0,0.0,133.8,0.0,0,0,0,0,3,1,3.8,253,10.1
14,Jack Layne,158966,QB,NEW MEXICO,1,76.2,21,25,9.0,3.16,1,0,0.0,56.0,14,0,20,12.5,35,2,7,241,69.8,57.9,58.5,57.5,0,0,39,0,30.0,83.3,17.1,6,4,0,3,1,0,0.0,127,5.1
14,Grayson Loftis,170054,QB,CHARLOTTE,1,79.2,24,25,7.2,2.36,0,2,8.0,72.0,18,0,12,5.3,30,1,4,136,69.3,56.8,59.2,53.2,0,1,30,0,25.0,68.8,10.0,3,1,0,1,0,2,6.7,140,5.6
14,Bear Bachmeier,203434,QB,BYU,1,91.7,24,25,7.4,2.98,0,0,0.0,84.0,21,0,11,4.5,31,1,12,128,32.2,75.0,70.0,71.4,0,0,32,0,36.4,128.2,12.9,4,1,0,1,1,2,6.3,289,11.6
14,Grayson James,145214,QB,BOSTON COL,1,69.6,23,24,14.2,2.92,0,1,3.8,66.7,16,0,8,0.0,25,0,11,121,69.6,83.2,83.3,61.0,1,0,27,0,12.5,107.6,4.0,1,0,0,0,0,0,0.0,288,12.0
14,Jayden Denegal,158533,QB,S DIEGO ST,1,63.6,22,24,15.1,2.82,2,1,3.8,58.3,14,0,8,0.0,30,0,6,284,28.8,61.0,56.4,67.9,0,1,32,0,50.0,75.3,13.3,4,2,0,0,1,2,6.3,162,6.8
14,Keyone Jenkins,170403,QB,FIU,1,66.7,24,24,14.0,3.35,0,1,4.2,62.5,15,0,9,6.3,29,1,15,166,68.2,68.5,65.8,65.0,0,1,30,0,11.1,126.9,3.4,1,4,0,0,3,1,3.3,291,12.1
14,Byrum Brown,156206,QB,USF,1,73.9,23,24,10.5,3.34,1,1,3.8,66.7,16,0,8,5.9,31,1,15,327,39.7,80.1,71.7,74.1,0,0,34,0,0.0,145.0,0.0,0,6,0,0,4,0,0.0,275,11.5
14,Micah Alejado,184162,QB,HAWAII,1,82.6,23,24,11.4,3.34,0,3,12.0,70.8,17,0,11,10.5,26,2,8,180,70.1,70.3,78.1,48.9,0,1,27,0,0.0,121.7,0.0,0,2,0,1,2,1,3.7,289,12.0
14,Drake Lindsey,184727,QB,MINNESOTA,1,82.6,23,24,3.9,2.81,0,0,0.0,75.0,18,0,5,5.3,26,1,5,225,69.6,72.6,73.7,58.2,0,0,27,0,20.0,94.1,3.8,1,1,0,1,1,0,0.0,90,3.8
14,TJ Lateef,199810,QB,NEBRASKA,1,55.0,20,24,12.5,2.94,1,1,3.8,37.5,9,0,8,18.2,25,2,2,238,68.5,50.1,50.3,55.6,1,0,27,0,0.0,45.8,0.0,0,1,0,2,0,0,0.0,69,2.9
14,DJ Lagway,184426,QB,FLORIDA,1,81.0,21,24,6.4,2.59,0,1,4.2,62.5,15,0,4,11.8,27,2,13,163,67.9,78.1,76.1,64.3,0,1,27,0,50.0,105.6,7.4,2,1,0,3,3,0,0.0,168,7.0
14,Thomas Gotkowski,184081,QB,MIAMI OH,1,56.5,23,24,15.2,2.45,1,2,8.3,50.0,12,0,5,7.7,27,1,8,221,28.8,70.5,63.1,72.7,0,0,28,0,20.0,122.6,3.7,1,2,0,0,3,1,3.6,226,9.4
14,Drew Mestemaker,190616,QB,N TEXAS,1,87.5,24,24,9.3,2.77,0,1,3.7,83.3,20,0,6,4.8,24,1,14,251,67.9,79.2,78.5,,0,0,27,0,0.0,158.3,0.0,0,0,0,0,3,2,7.4,366,15.3
14,Kiael Kelly,145634,QB,BALL ST,1,65.2,23,23,11.7,2.5,0,1,4.3,60.9,14,0,14,6.7,33,1,9,117,16.3,41.8,42.3,52.8,0,0,34,0,42.9,113.9,18.2,6,2,0,0,2,3,8.8,177,7.7
14,Scotty Fox Jr.,199546,QB,W VIRGINIA,1,61.9,21,23,5.6,2.17,1,0,0.0,56.5,13,0,11,0.0,27,0,4,343,69.7,42.8,44.1,54.8,0,1,28,0,27.3,48.8,11.1,3,1,0,1,0,1,3.6,98,4.3
14,Amari Odom,178686,QB,KENNESAW,1,66.7,21,23,10.8,3.14,0,3,10.7,60.9,14,0,7,0.0,28,0,12,200,39.2,76.0,83.1,56.2,0,0,33,0,14.3,135.9,3.6,1,4,0,2,4,0,0.0,240,10.4
14,Parker Navarro,123758,QB,OHIO,1,66.7,21,23,15.0,3.56,0,2,7.7,43.5,10,0,13,28.6,30,4,10,259,41.5,72.5,72.7,65.1,0,1,33,1,15.4,75.8,6.7,2,5,0,2,2,1,3.0,147,6.4
14,Colton Joseph,172283,QB,DOMINION,1,40.9,22,22,13.4,2.46,0,0,0.0,40.9,9,0,4,0.0,23,0,5,263,45.4,48.5,33.4,68.2,0,1,26,0,25.0,37.3,4.3,1,0,0,0,0,2,7.7,106,4.8
14,Athan Kaliakmanis,144971,QB,RUTGERS,1,85.7,21,22,13.2,2.99,0,3,12.0,72.7,16,0,9,11.1,29,2,15,278,27.9,92.2,92.0,69.4,0,0,32,0,44.4,154.4,13.8,4,3,0,1,3,1,3.1,338,15.4
14,Josh Hoover,127148,QB,TCU,1,90.5,21,22,9.7,2.65,0,2,9.1,86.4,19,0,4,0.0,25,0,12,305,68.9,77.4,85.9,54.5,0,0,25,1,25.0,158.3,4.0,1,1,0,1,3,0,0.0,304,13.8
14,Dru DeShields,176094,QB,KENT STATE,1,63.2,19,22,14.7,3.5,0,4,15.4,50.0,11,0,10,8.3,24,1,7,201,68.6,48.8,49.3,53.9,0,1,28,0,10.0,94.3,4.2,1,1,0,3,2,3,10.7,207,9.4
14,Bishop Davenport,163426,QB,S ALABAMA,1,63.6,22,22,8.8,2.68,0,0,0.0,63.6,14,0,10,0.0,28,0,6,288,70.7,53.0,49.5,61.6,0,1,30,0,30.0,54.7,10.7,3,3,0,0,0,2,6.7,98,4.5
14,Baylor Hayes,192135,QB,TULSA,1,52.4,21,22,17.0,3.38,0,1,4.2,50.0,11,0,14,0.0,26,0,8,320,69.7,50.3,49.8,56.2,0,1,28,0,14.3,70.1,7.7,2,2,0,1,1,1,3.6,159,7.2
14,Michael Merdinger,183334,QB,LIBERTY,1,68.4,19,22,11.5,2.57,2,2,8.0,54.5,12,0,7,7.7,28,1,12,206,68.8,76.2,72.2,69.0,0,0,31,0,42.9,102.8,10.7,3,3,1,0,1,0,0.0,212,9.6
14,Anthony Colandrea,170131,QB,UNLV,1,76.2,21,22,10.8,2.75,0,3,12.0,68.2,15,0,5,6.3,23,1,12,325,69.5,87.4,82.1,77.9,0,2,26,0,0.0,87.3,0.0,0,1,0,1,1,3,11.5,270,12.3
14,Miller Moss,70727,QB,LOUISVILLE,1,63.2,19,21,8.5,2.94,0,1,4.5,57.1,12,0,8,0.0,24,0,11,210,16.7,61.7,61.9,57.3,0,0,25,0,12.5,125.4,4.2,1,2,1,1,3,3,12.0,182,8.7
14,Xavier Ward,146492,QB,S JOSE ST,1,47.4,19,21,10.9,2.99,1,1,4.3,38.1,8,0,8,11.1,25,1,5,285,68.0,28.0,26.8,59.2,1,3,28,0,0.0,12.9,0.0,0,4,0,0,0,4,14.3,94,4.5
14,Alonza Barnett III,156710,QB,JAMES MAD,1,76.2,21,21,12.3,2.47,0,2,9.1,71.4,15,0,8,6.3,23,1,10,197,71.8,70.1,69.1,63.0,0,1,24,0,12.5,122.4,4.3,1,1,0,0,3,1,4.2,207,9.9
14,Gunner Stockton,157072,QB,GEORGIA,1,61.1,18,21,9.7,3.13,2,0,0.0,52.4,11,0,10,0.0,30,0,4,173,71.2,38.3,35.7,52.7,0,1,32,0,20.0,55.7,6.7,2,7,0,1,1,2,6.3,70,3.3
14,Lunch Winfield,176367,QB,LA LAFAYET,1,52.6,19,21,8.4,2.61,0,0,0.0,47.6,10,0,8,0.0,22,0,5,207,34.5,44.3,47.5,50.4,0,0,25,0,0.0,58.0,0.0,0,1,0,2,0,0,0.0,82,3.9
14,Ethan Grunkemeyer,183606,QB,PENN STATE,1,85.7,21,21,9.0,2.49,0,1,4.2,81.0,17,0,7,5.6,22,1,11,266,68.3,77.5,76.7,60.0,0,0,26,1,14.3,124.0,4.5,1,0,0,0,1,0,0.0,209,10.0
14,E.J. Warner,156185,QB,FRESNO ST,1,80.0,20,20,5.8,2.68,0,1,5.0,75.0,15,0,2,6.3,23,1,7,169,27.3,59.0,61.2,53.7,0,1,23,0,50.0,89.2,4.3,1,2,0,0,1,1,4.3,138,6.9
14,Zach Gibson,100201,QB,FAU,1,68.4,19,20,6.1,3.26,0,1,4.5,60.0,12,0,5,7.7,20,1,5,165,25.9,45.5,54.9,47.9,0,1,22,0,0.0,55.4,0.0,0,0,0,1,0,1,4.5,116,5.8
14,Hunter Simmons,148254,QB,WISCONSIN,1,68.4,19,20,8.2,3.05,0,2,10.0,60.0,12,0,4,7.7,23,1,5,349,67.5,57.8,58.4,57.4,0,2,23,1,0.0,46.3,0.0,0,3,0,1,0,2,8.7,162,8.1
14,Zion Turner,158636,QB,MARSHALL,1,73.7,19,19,9.5,3.02,0,1,5.0,68.4,13,0,7,7.1,20,1,8,214,67.2,84.9,87.4,56.2,0,0,21,0,0.0,114.4,0.0,0,1,0,0,1,0,0.0,172,9.1
14,Caden Creel,170414,QB,JVILLE ST,1,86.7,15,19,11.0,4.05,1,2,10.0,63.2,12,0,11,7.7,27,1,11,196,40.2,82.5,90.8,61.7,1,0,28,0,18.2,134.5,7.4,2,6,0,2,2,0,0.0,204,10.7
14,Rocco Becht,157567,QB,IOWA STATE,1,66.7,15,18,9.5,2.72,0,1,5.0,50.0,9,0,9,10.0,25,1,7,193,70.1,79.4,81.0,63.1,1,0,27,0,22.2,88.4,8.0,2,4,0,2,1,0,0.0,113,6.3
14,Bryce Underwood,198795,QB,MICHIGAN,1,72.2,18,18,4.8,2.82,0,1,5.0,44.4,8,0,8,38.5,22,5,4,222,68.8,60.8,58.8,61.9,0,1,24,0,37.5,30.6,13.6,3,1,0,0,0,0,0.0,63,3.5
14,Avery Johnson,173108,QB,KANSAS ST,1,75.0,16,17,7.3,2.66,0,0,0.0,58.8,10,0,3,16.7,20,2,8,199,69.7,75.8,75.2,64.8,0,0,20,0,0.0,79.3,0.0,0,3,0,1,0,0,0.0,115,6.8
14,Tucker Gleason,122475,QB,TOLEDO,1,68.8,16,17,10.8,2.51,1,1,5.6,52.9,9,0,4,18.2,18,2,3,316,67.7,75.4,77.6,62.3,0,0,19,1,0.0,70.2,0.0,0,1,0,0,0,0,0.0,98,5.8
14,Jalen Kitna,146688,QB,UAB,1,87.5,16,17,5.6,2.83,0,0,0.0,82.4,14,0,6,0.0,22,0,8,321,69.3,62.7,62.5,58.2,0,0,22,0,33.3,146.6,9.1,2,3,0,1,2,0,0.0,166,9.8
14,KJ Jackson,184386,QB,ARKANSAS,1,70.6,17,17,7.4,2.62,0,2,11.8,64.7,11,0,8,8.3,20,1,6,111,25.8,68.3,66.1,64.0,0,0,20,0,12.5,106.5,5.0,1,1,0,0,1,1,5.0,126,7.4
14,Joseph Filardi,199227,QB,SYRACUSE,1,62.5,16,17,5.9,2.38,0,0,0.0,58.8,10,0,7,0.0,22,0,4,304,69.9,52.5,47.1,64.6,0,0,23,1,28.6,67.0,9.1,2,2,0,1,0,0,0.0,65,3.8
14,Mark Gronowski,138303,QB,IOWA,1,64.3,14,16,11.0,4.01,0,3,17.6,56.3,9,0,7,0.0,17,0,7,192,73.6,88.3,86.5,71.3,0,0,18,0,0.0,113.0,0.0,0,1,0,2,1,0,0.0,166,10.4
14,Carlos Del Rio-Wilson,146687,QB,MARSHALL,1,69.2,13,16,9.5,2.39,1,1,6.3,56.3,9,0,6,0.0,16,0,6,214,67.4,62.8,63.2,59.6,0,1,16,0,0.0,58.3,0.0,0,0,0,2,0,1,6.3,136,8.5
14,Gio Lopez,172309,QB,N CAROLINA,1,68.8,16,16,13.7,3.5,0,1,5.3,68.8,11,0,9,0.0,21,0,7,245,69.9,71.2,70.3,62.8,0,0,24,1,44.4,110.9,19.0,4,1,0,0,1,0,0.0,118,7.4
14,Kyron Drones,144506,QB,VA TECH,1,40.0,15,16,13.9,3.27,0,0,0.0,25.0,4,0,9,33.3,20,2,2,337,71.2,50.6,50.5,55.8,1,2,20,0,11.1,28.6,5.0,1,3,0,0,1,1,5.0,78,4.9
14,Broc Lowry,173383,QB,W MICHIGAN,1,69.2,13,15,16.0,2.85,0,0,0.0,46.7,7,0,4,22.2,18,2,6,347,74.6,78.7,69.5,72.8,1,0,18,0,25.0,68.8,5.6,1,2,1,0,0,0,0.0,100,6.7
14,Luke Altmyer,146802,QB,ILLINOIS,1,71.4,14,15,11.9,3.27,0,0,0.0,66.7,10,0,9,0.0,19,0,5,187,17.1,49.5,59.0,47.7,0,0,21,1,11.1,95.4,5.3,1,3,0,1,0,1,4.8,136,9.1
14,Fernando Mendoza,158323,QB,INDIANA,1,53.3,15,15,12.5,2.79,0,2,13.3,53.3,8,0,3,0.0,16,0,6,190,67.5,40.2,31.3,69.4,0,0,17,0,0.0,118.6,0.0,0,1,0,0,2,3,17.6,117,7.8
14,Max Johnson,124099,QB,N CAROLINA,1,66.7,15,15,4.1,3.09,0,0,0.0,53.3,8,0,7,20.0,19,2,5,245,23.4,45.4,38.2,66.6,0,0,19,0,14.3,61.5,5.3,1,3,0,0,0,2,10.5,54,3.6
14,Taylen Green,145996,QB,ARKANSAS,1,53.8,13,13,8.0,3.7,0,0,0.0,46.2,6,0,11,14.3,20,1,4,111,68.0,54.7,53.6,59.2,0,0,22,0,27.3,59.5,15.0,3,4,0,0,0,2,9.1,59,4.5
14,Trey Kukuk,198675,QB,LA TECH,1,81.8,11,13,5.5,3.13,0,1,6.7,61.5,8,0,4,11.1,13,1,4,208,75.6,86.1,65.8,82.6,0,0,15,0,0.0,81.3,0.0,0,0,0,2,0,0,0.0,87,6.7
14,Jared Hollins,184343,QB,S ALABAMA,1,70.0,10,11,5.6,2.68,1,2,13.3,63.6,7,0,3,0.0,12,0,3,288,66.5,70.4,69.8,,0,0,16,0,33.3,108.5,8.3,1,0,0,0,1,0,0.0,61,5.5
14,Cale Hellums,170981,QB,ARMY,1,40.0,10,10,17.8,2.75,0,0,0.0,40.0,4,0,4,0.0,10,0,3,114,77.3,67.7,55.0,69.3,0,0,11,0,0.0,84.6,0.0,0,0,0,0,1,0,0.0,38,3.8
14,Jalen Macon,153929,QB,N ILLINOIS,1,60.0,10,10,9.5,3.26,0,0,0.0,50.0,5,0,4,16.7,13,1,5,254,74.1,71.4,55.4,70.9,0,0,13,0,0.0,56.3,0.0,0,3,0,0,0,0,0.0,27,2.7
14,Blake Horvath,162555,QB,NAVY,1,55.6,9,10,15.3,3.07,0,0,0.0,50.0,5,0,6,0.0,12,0,6,237,21.9,51.7,55.4,52.9,0,0,14,1,0.0,118.8,0.0,0,2,0,1,1,0,0.0,100,10.0
14,Chase Jenkins,173242,QB,RICE,1,75.0,8,9,-2.1,2.63,0,0,0.0,66.7,6,0,5,0.0,12,0,2,275,71.6,53.3,58.0,54.1,0,0,13,0,20.0,75.7,8.3,1,2,0,1,0,0,0.0,39,4.3
14,Tama Amisone,199154,QB,S JOSE ST,1,33.3,9,9,10.4,2.78,0,0,0.0,22.2,2,0,1,33.3,10,1,0,285,67.6,52.9,49.4,62.2,0,2,11,0,0.0,0.0,0.0,0,1,0,0,0,1,9.1,12,1.3
14,Walker Howard,157112,QB,LA LAFAYET,1,66.7,9,9,8.0,3.03,0,0,0.0,66.7,6,0,1,0.0,10,0,1,207,69.1,65.1,63.7,61.9,0,0,10,0,0.0,78.0,0.0,0,1,0,0,0,0,0.0,44,4.9
14,Drew Devillier,190639,QB,RICE,1,44.4,9,9,8.2,2.18,0,0,0.0,33.3,3,0,2,25.0,11,1,2,275,67.7,41.8,43.4,53.9,0,0,12,0,0.0,60.0,0.0,0,2,0,0,0,1,8.3,65,7.2
14,Hunter Najm,184223,QB,BOWL GREEN,1,87.5,8,9,-0.1,2.29,0,0,0.0,77.8,7,0,0,0.0,9,0,6,122,66.3,46.5,39.3,60.0,0,0,9,0,,158.3,0.0,0,0,0,1,3,1,11.1,128,14.2
14,AJ Bianco,158232,QB,NEVADA,1,85.7,7,8,4.3,2.97,1,0,0.0,75.0,6,0,5,0.0,11,0,3,239,18.8,57.0,51.8,63.7,0,0,11,0,40.0,87.0,18.2,2,1,0,0,0,1,9.1,43,5.4
14,Kenny Minchey,171091,QB,NOTRE DAME,1,62.5,8,8,11.8,2.23,0,0,0.0,62.5,5,0,1,0.0,8,0,3,258,66.2,68.1,65.4,63.0,0,0,8,0,0.0,79.2,0.0,0,0,0,0,0,0,0.0,48,6.0
14,Carter Smith,199578,QB,WISCONSIN,1,83.3,6,8,5.2,3.28,0,0,0.0,62.5,5,0,2,0.0,8,0,2,349,69.8,57.0,61.3,55.6,0,0,8,0,0.0,106.3,0.0,0,0,0,2,1,0,0.0,20,2.5
14,Kalieb Osborne,184132,QB,TOLEDO,1,71.4,7,7,5.3,2.85,0,0,0.0,71.4,5,0,5,0.0,12,0,4,316,26.0,44.4,35.5,57.7,0,0,12,0,40.0,153.3,16.7,2,3,0,0,1,2,16.7,108,15.4
14,Beau Pribula,164182,QB,MISSOURI,1,85.7,7,7,0.4,3.01,0,0,0.0,57.1,4,0,4,33.3,10,2,2,229,28.1,55.8,32.7,66.5,0,0,11,0,75.0,64.6,30.0,3,0,0,0,0,1,9.1,25,3.6
14,Kaden Anderson,127312,QB,WYOMING,1,60.0,5,5,7.8,2.24,0,0,0.0,60.0,3,0,1,0.0,5,0,2,351,63.8,56.5,56.1,,0,0,5,0,0.0,71.3,0.0,0,0,0,0,0,0,0.0,23,4.6
14,Au'Tori Newkirk,205242,QB,N CAROLINA,1,60.0,5,5,11.8,2.42,0,0,0.0,60.0,3,0,2,0.0,5,0,2,245,65.7,64.0,59.0,63.6,0,0,6,0,0.0,110.8,0.0,0,0,0,0,1,0,0.0,23,4.6
14,Gevani McCoy,147609,QB,TEMPLE,1,40.0,5,5,15.6,2.92,0,0,0.0,40.0,2,0,1,0.0,5,0,1,306,64.2,37.5,37.0,,0,0,6,0,0.0,73.8,0.0,0,0,0,0,0,0,0.0,46,9.2
14,Lloyd Jones III,199313,QB,TEXAS TECH,1,80.0,5,5,13.0,2.88,0,0,0.0,80.0,4,0,3,0.0,6,0,4,315,69.7,64.9,72.8,59.9,0,0,6,1,0.0,158.3,0.0,0,1,0,0,2,0,0.0,74,14.8
14,Khalil Wilkins,189946,QB,W VIRGINIA,1,20.0,5,5,15.0,2.93,0,0,0.0,20.0,1,0,4,0.0,6,0,0,343,15.7,32.2,30.0,56.0,0,0,6,0,25.0,39.6,16.7,1,0,0,0,0,1,16.7,9,1.8
14,Josh Johnson,186429,QB,AIR FORCE,1,100.0,4,4,13.0,3.53,0,0,0.0,100.0,4,0,2,0.0,6,0,4,101,71.6,75.2,90.6,56.0,0,0,6,0,50.0,158.3,16.7,1,1,0,0,2,0,0.0,104,26.0
14,Robert McDaniel,199153,QB,S JOSE ST,1,33.3,3,4,3.3,2.36,1,0,0.0,25.0,1,0,3,0.0,5,0,1,285,63.8,66.9,60.5,63.2,0,0,5,0,0.0,39.6,0.0,0,1,0,0,0,0,0.0,8,2.0
14,Gaston Moore,123756,QB,USF,1,100.0,4,4,1.3,1.4,0,0,0.0,50.0,2,0,0,50.0,4,2,1,327,69.7,68.7,62.7,65.6,0,0,5,0,,95.8,0.0,0,0,0,0,1,0,0.0,6,1.5
14,Max Brown,157756,QB,W VIRGINIA,1,50.0,2,3,20.5,3.35,0,0,0.0,33.3,1,0,1,0.0,4,0,1,343,65.5,33.9,35.1,53.4,0,1,5,0,0.0,2.8,0.0,0,1,0,1,0,1,20.0,7,2.3
14,Weston Bryan,207846,QB,GA SOUTHRN,1,66.7,3,3,22.0,2.27,0,1,33.3,66.7,2,0,0,0.0,3,0,1,174,69.7,90.1,83.1,72.2,0,0,3,0,,149.3,0.0,0,0,0,0,1,0,0.0,42,14.0
14,Parker Awad,183974,QB,NEW MEX ST,1,0.0,2,3,13.5,5.6,0,0,0.0,0.0,0,0,4,,4,0,0,242,65.2,52.6,54.9,57.6,0,0,4,0,0.0,39.6,0.0,0,1,0,1,0,0,0.0,0,0.0
14,Charlie Mirer,157260,QB,STANFORD,1,100.0,2,3,8.0,2.98,1,0,0.0,66.7,2,0,2,0.0,5,0,2,300,63.8,79.4,64.4,69.4,0,0,5,0,50.0,127.8,20.0,1,1,0,0,1,0,0.0,22,7.3
14,Zach Wilcke,156836,QB,CHARLOTTE,1,66.7,3,3,1.7,1.83,0,0,0.0,66.7,2,0,1,0.0,3,0,0,136,64.8,30.1,29.4,59.5,0,1,3,0,0.0,30.6,0.0,0,0,0,0,0,1,33.3,3,1.0
14,DJ Bailey,189891,QB,SM HOUSTON,1,66.7,3,3,12.0,2.78,0,0,0.0,66.7,2,0,2,0.0,5,0,2,281,65.2,55.8,57.8,58.1,0,0,5,0,100.0,109.7,40.0,2,0,0,0,0,0,0.0,42,14.0
14,Shay Smith,188323,QB,UTEP,1,50.0,2,2,3.5,2.5,0,0,0.0,50.0,1,0,0,0.0,2,0,0,330,67.7,66.7,71.4,58.0,0,0,3,0,,56.3,0.0,0,0,0,0,0,0,0.0,6,3.0
14,Hunter Herring,147138,QB,LA MONROE,1,0.0,2,2,10.5,2.8,0,0,0.0,0.0,0,0,1,,2,0,0,209,61.8,30.1,27.8,,0,1,2,0,0.0,0.0,0.0,0,0,0,0,0,1,50.0,0,0.0
14,Davi Belfort,184926,QB,UCF,1,100.0,2,2,4.5,4.2,0,0,0.0,100.0,2,0,0,0.0,2,0,1,323,61.8,62.8,62.6,,0,0,2,0,,104.2,0.0,0,0,0,0,0,0,0.0,18,9.0
14,Alberto Mendoza,188673,QB,INDIANA,1,100.0,2,2,1.0,1.4,0,0,0.0,100.0,2,0,0,0.0,2,0,2,190,66.2,73.3,57.4,70.5,0,0,2,0,,158.3,0.0,0,0,0,0,1,0,0.0,76,38.0
14,Malachi Toney,200155,WR,MIAMI FL,1,50.0,2,2,18.0,2.25,0,0,0.0,50.0,1,0,0,0.0,2,0,1,220,74.8,90.0,70.1,70.6,0,0,2,0,,102.1,0.0,0,0,0,0,1,0,0.0,9,4.5
14,Dylan Lonergan,172386,QB,BOSTON COL,1,100.0,2,2,4.0,2.85,0,0,0.0,100.0,2,0,1,0.0,2,0,1,121,61.8,73.6,72.9,,0,0,2,0,0.0,83.3,0.0,0,0,0,0,0,0,0.0,8,4.0
14,Emile Sebafundi,186490,P,COAST CAR,1,100.0,1,1,1.0,2.3,0,0,0.0,100.0,1,0,0,0.0,1,0,0,141,60.3,60.6,60.6,,0,0,1,0,,79.2,0.0,0,0,0,0,0,0,0.0,2,2.0
14,Joseph Manjack IV,146413,WR,TCU,1,,0,1,,3.4,0,0,0.0,0.0,0,0,0,,1,0,0,305,14.9,61.6,60.0,,0,0,1,1,,39.6,0.0,0,0,0,1,0,0,0.0,0,0.0
14,Ryan Wingo,184520,WR,TEXAS,1,0.0,1,1,24.0,4.0,0,0,0.0,0.0,0,0,1,,1,0,0,311,65.3,58.3,58.4,,0,0,1,0,0.0,39.6,0.0,0,0,0,0,0,0,0.0,0,0.0
14,Tama Uiliata,184180,WR,HAWAII,1,0.0,1,1,9.0,3.8,0,0,0.0,0.0,0,0,1,,1,0,0,180,71.4,48.0,45.8,,0,0,1,1,0.0,39.6,0.0,0,0,0,0,0,0,0.0,0,0.0
14,Matthew Sluka,143059,QB,JAMES MAD,1,100.0,1,1,39.0,4.6,0,1,50.0,100.0,1,0,1,0.0,2,0,1,197,64.8,90.1,93.1,62.9,0,0,3,2,0.0,158.3,0.0,0,1,0,0,1,0,0.0,32,32.0
14,J'Mari Taylor,150482,HB,VIRGINIA,1,100.0,1,1,7.0,2.2,0,0,0.0,100.0,1,0,0,0.0,1,0,1,335,76.7,69.2,74.4,67.1,0,0,1,0,,118.8,0.0,0,0,0,0,1,0,0.0,1,1.0
14,Jacob Rodriguez,151095,LB,TEXAS TECH,1,0.0,1,1,9.0,1.5,0,0,0.0,0.0,0,0,0,,1,0,0,315,63.7,29.3,27.2,63.0,0,1,1,0,,0.0,0.0,0,0,0,0,0,1,100.0,0,0.0
14,Johntay Cook,131255,WR,SYRACUSE,1,0.0,1,1,25.0,3.7,0,0,0.0,0.0,0,0,0,,1,0,0,304,64.6,63.0,50.4,,0,0,1,0,,39.6,0.0,0,0,0,0,0,0,0.0,0,0.0
14,Evan Crenshaw,156684,P,TROY,1,100.0,1,1,-1.0,2.1,0,0,0.0,100.0,1,0,0,0.0,1,0,1,318,60.3,60.6,60.6,,0,0,1,0,,112.5,0.0,0,0,0,0,0,0,0.0,11,11.0
14,Jay Ducker,130550,HB,TEMPLE,1,100.0,1,1,16.0,2.6,0,0,0.0,100.0,1,0,0,0.0,1,0,1,306,74.0,73.9,74.3,73.7,0,0,1,0,,158.3,0.0,0,0,0,0,1,0,0.0,16,16.0
14,Joshua Burnham,156977,ED,NOTRE DAME,1,100.0,1,1,8.0,1.4,0,0,0.0,100.0,1,0,0,0.0,1,0,1,258,60.3,72.2,78.6,,0,0,1,0,,158.3,0.0,0,0,0,0,1,0,0.0,84,84.0
14,Mike Wright Jr.,124366,QB,E CAROLINA,1,0.0,1,1,30.0,1.8,0,0,0.0,0.0,0,0,0,,1,0,0,156,71.2,58.6,58.0,60.1,0,0,1,0,,39.6,0.0,0,0,0,0,0,0,0.0,0,0.0
14,Bryce Yates,199090,WR,PITTSBURGH,1,0.0,1,1,19.0,3.3,0,0,0.0,0.0,0,0,0,,1,0,0,268,60.3,47.3,47.3,,0,0,1,0,,39.6,0.0,0,0,0,0,0,0,0.0,0,0.0
14,Hank Beatty,158198,WR,ILLINOIS,1,100.0,1,1,19.0,3.1,0,0,0.0,100.0,1,0,1,0.0,1,0,1,187,67.0,65.0,73.1,,0,0,1,0,0.0,118.8,0.0,0,0,0,0,0,0,0.0,28,28.0
14,Bryson Graves,175806,WR,COAST CAR,1,100.0,1,1,13.0,4.3,0,0,0.0,100.0,1,0,1,0.0,2,0,1,141,65.0,64.0,70.7,,0,0,2,0,100.0,118.8,50.0,1,0,0,0,0,0,0.0,25,25.0
14,Duane Thomas Jr.,175797,WR,UCF,1,0.0,1,1,8.0,4.3,0,0,0.0,0.0,0,0,0,,1,0,0,323,69.7,60.2,28.7,65.4,0,1,1,0,,0.0,0.0,0,0,0,0,0,1,100.0,0,0.0
14,Mark Fletcher Jr.,175374,HB,MIAMI FL,1,0.0,1,1,-3.0,2.9,0,0,0.0,0.0,0,0,1,,1,0,0,220,73.0,62.6,56.8,68.3,0,0,1,0,0.0,39.6,0.0,0,0,0,0,0,0,0.0,0,0.0
14,Agyeman Addae,199393,HB,UCF,1,100.0,1,1,1.0,1.4,0,0,0.0,100.0,1,0,0,0.0,1,0,1,323,65.9,70.4,60.6,,0,0,1,0,,122.9,0.0,0,0,0,0,1,0,0.0,4,4.0
14,Ryder Burton,175011,QB,UAB,1,100.0,1,1,8.0,2.0,0,0,0.0,0.0,0,0,0,100.0,1,1,0,321,65.9,51.4,60.9,54.0,0,1,1,0,,0.0,0.0,0,0,0,0,0,0,0.0,0,0.0
14,Anthony Garcia,174863,WR,UTAH ST,1,0.0,1,1,22.0,3.5,0,0,0.0,0.0,0,0,0,,1,0,0,329,63.7,60.4,58.4,60.0,0,0,1,0,,39.6,0.0,0,0,0,0,0,0,0.0,0,0.0
14,Noah Short,163220,HB,ARMY,1,100.0,1,1,32.0,4.0,0,0,0.0,100.0,1,0,2,0.0,2,0,1,114,74.7,68.1,55.7,73.2,0,0,2,0,50.0,118.8,50.0,1,0,0,0,0,0,0.0,32,32.0
14,Mitch Griffis,123386,QB,TEXAS TECH,1,,0,1,,2.63,0,0,0.0,0.0,0,0,3,,3,0,1,315,7.4,31.1,26.9,64.3,1,0,4,0,33.3,39.6,33.3,1,1,0,0,0,1,25.0,0,0.0
14,Zavion Thomas,163697,WR,LSU,1,100.0,1,1,17.0,2.8,0,0,0.0,100.0,1,0,0,0.0,1,0,1,211,72.7,69.4,72.6,,0,0,1,0,,118.8,0.0,0,0,0,0,0,0,0.0,17,17.0
14,Cam Vaughn,170441,WR,W VIRGINIA,1,100.0,1,1,23.0,2.6,0,0,0.0,100.0,1,0,0,0.0,1,0,1,343,63.7,59.6,76.2,,0,0,1,0,,118.8,0.0,0,0,0,0,0,0,0.0,29,29.0
14,Chubba Purdy,122412,QB,NEVADA,1,0.0,1,1,36.0,3.3,0,0,0.0,0.0,0,0,1,,1,0,0,239,70.5,63.0,50.1,67.7,0,0,1,0,0.0,39.6,0.0,0,0,0,0,0,0,0.0,0,0.0
14,David Amador II,174085,WR,UTSA,1,100.0,1,1,13.0,3.5,0,0,0.0,100.0,1,0,1,0.0,1,0,1,331,70.6,57.7,72.6,,0,0,1,0,0.0,122.9,0.0,0,0,0,0,1,0,0.0,4,4.0
14,Gabe Glover,204935,WR,JVILLE ST,1,100.0,1,1,16.0,4.3,0,0,0.0,100.0,1,0,0,0.0,1,0,0,196,60.3,72.5,76.6,,0,0,1,0,,118.8,0.0,0,0,0,0,0,0,0.0,18,18.0
14,Cameron Flowers,188745,WR,W KENTUCKY,1,0.0,1,1,-7.0,3.5,0,0,0.0,0.0,0,0,1,,1,0,0,346,66.8,51.5,57.7,,0,0,1,0,0.0,39.6,0.0,0,0,0,0,0,0,0.0,0,0.0
14,Brendan Sullivan,145034,QB,TULANE,1,100.0,1,1,20.0,5.04,0,1,100.0,100.0,1,0,3,0.0,5,0,1,319,65.5,60.6,89.2,48.4,0,0,5,0,0.0,118.8,0.0,0,4,0,0,0,0,0.0,21,21.0
14,Brady Olson,147415,QB,CENT CT ST,1,70.0,60,62,9.3,2.69,0,1,1.6,56.5,35,0,19,16.7,65,7,19,133,71.2,64.6,63.1,68.3,1,0,66,1,5.3,80.8,1.5,1,2,0,1,2,2,3.0,311,5.0
14,Kekoa Visperas,147588,QB,TENN TECH,1,66.0,47,51,8.9,2.77,1,1,1.9,58.8,30,0,16,3.2,62,1,14,309,17.5,36.5,38.9,48.7,0,2,63,0,37.5,64.0,9.7,6,5,0,3,1,6,9.5,278,5.5
14,Brandon Nunez,183978,QB,MS VLY ST,1,68.9,45,47,9.0,2.23,1,1,2.0,59.6,28,0,11,9.7,48,3,15,228,72.4,74.6,72.9,67.1,0,1,50,0,0.0,93.5,0.0,0,1,0,1,3,1,2.0,331,7.0
14,Devin Farrell,157658,QB,RHODE ISLD,1,80.0,35,38,12.0,2.8,2,4,10.0,63.2,24,0,11,14.3,43,4,14,274,69.8,87.4,89.7,61.6,1,1,45,1,0.0,102.0,0.0,0,4,0,0,2,1,2.2,371,9.8
14,Dante Reno,184498,QB,YALE,1,76.7,30,38,9.2,2.08,5,3,7.3,55.3,21,0,13,8.7,42,2,15,352,37.8,61.5,60.4,60.8,1,2,45,0,30.8,81.0,9.5,4,0,0,2,3,3,6.7,260,6.8
14,RJ Johnson,171379,QB,FL A&M,1,62.5,32,36,7.7,2.76,3,1,2.7,55.6,20,0,11,0.0,43,0,14,164,70.5,52.7,52.8,55.9,0,3,44,0,36.4,64.9,9.3,4,3,1,0,2,2,4.5,283,7.9
14,Beau Brungard,164897,QB,YNGTOWN ST,1,69.7,33,35,9.6,3.12,1,3,7.7,65.7,23,0,10,0.0,40,0,16,353,73.5,78.1,74.8,69.0,1,0,46,0,10.0,123.2,2.5,1,4,0,0,3,3,6.5,317,9.1
14,Hayden Benoit,209683,QB,GRAMBLING,1,64.5,31,33,7.4,2.48,1,2,5.7,51.5,17,0,11,15.0,41,3,11,177,70.0,65.0,61.9,65.5,1,1,43,0,36.4,79.7,9.8,4,4,0,0,2,3,7.0,215,6.5
14,Stone Earle,123504,QB,ABILENE CH,1,83.9,31,31,9.9,2.57,0,6,18.8,80.6,25,0,6,3.8,34,1,13,100,70.5,77.0,79.0,57.8,0,1,35,0,16.7,126.9,2.9,1,2,0,0,3,2,5.7,308,9.9
14,Aiden McCown,178971,QB,LAMAR,1,60.7,28,31,8.9,2.87,1,0,0.0,48.4,15,0,12,11.8,40,2,14,204,39.9,56.4,54.9,60.5,1,0,41,0,25.0,99.7,7.5,3,6,0,1,2,1,2.4,266,8.6
14,Logan Inagawa,206029,QB,DRAKE,1,61.3,31,31,7.4,3.01,0,0,0.0,61.3,19,0,14,0.0,39,0,11,153,72.6,52.2,47.0,62.4,0,0,43,1,21.4,83.9,7.7,3,5,0,0,1,2,4.7,149,4.8
14,Te'Sean Smoot,163976,QB,ALABAMA ST,1,91.7,24,25,8.7,2.37,1,2,8.0,84.0,21,0,3,4.5,27,1,18,105,69.1,93.0,92.3,71.9,0,0,27,0,33.3,158.3,3.7,1,1,0,0,4,0,0.0,429,17.2
14,Tommy Rittenhouse,148028,QB,ILL STATE,1,77.8,18,22,8.7,2.83,0,0,0.0,63.6,14,0,8,0.0,27,0,10,188,70.8,74.9,71.3,61.3,1,0,28,0,25.0,82.8,7.4,2,3,0,3,0,0,0.0,146,6.6
14,Pat McQuaide,145792,QB,VILLANOVA,1,66.7,21,22,12.1,2.83,0,1,4.5,63.6,14,0,4,0.0,22,0,10,334,69.3,59.9,50.0,72.4,0,0,22,0,0.0,130.3,0.0,0,0,0,1,3,2,9.1,188,8.5
14,Jaden Craig,159342,QB,HARVARD,1,61.9,21,21,13.4,3.27,0,3,13.6,42.9,9,0,11,30.8,27,4,8,179,69.1,66.5,67.2,59.0,0,2,28,0,27.3,35.3,11.1,3,3,0,0,1,1,3.6,107,5.1
14,Matt Vezza,176960,QB,NEW HAMP,1,60.0,20,21,6.8,2.85,1,0,0.0,47.6,10,0,8,16.7,28,2,3,240,69.2,46.0,40.2,62.1,0,1,29,0,12.5,34.4,3.6,1,6,0,0,0,1,3.4,48,2.3
14,Carson Camp,141837,QB,SE LA,1,78.9,19,21,4.1,2.63,1,0,0.0,66.7,14,0,8,6.7,26,1,6,294,68.0,38.5,42.6,53.1,0,3,28,1,37.5,41.9,11.5,3,1,0,1,0,2,7.1,120,5.7
14,Chase Mason,159444,QB,S DAK ST,1,84.2,19,20,8.4,2.15,0,1,5.0,80.0,16,0,2,0.0,20,0,12,292,68.5,88.9,89.9,59.5,0,1,20,0,0.0,133.3,0.0,0,0,0,1,3,1,5.0,230,11.5
14,Aidan Bouman,122508,QB,S DAKOTA,1,75.0,20,20,16.7,3.03,0,1,4.3,75.0,15,0,5,0.0,21,0,11,291,68.2,89.1,88.5,60.0,0,0,24,0,20.0,156.3,4.8,1,0,0,0,4,0,0.0,262,13.1
14,Kyle Lowe,156595,QB,SE LA,1,70.6,17,19,9.4,2.05,0,2,10.5,52.6,10,0,2,16.7,20,2,4,294,70.8,78.3,78.5,67.4,1,1,20,1,0.0,44.6,0.0,0,0,0,1,0,0,0.0,94,4.9
14,Cam'Ron McCoy,157481,QB,SOUTHERN U,1,41.2,17,18,13.9,2.57,0,3,16.7,33.3,6,0,9,14.3,20,1,5,297,69.1,75.8,77.6,59.1,0,0,20,0,11.1,82.6,5.0,1,1,0,1,1,0,0.0,148,8.2
14,Jerry Kaminski,177155,QB,N DAKOTA,1,62.5,16,18,12.5,2.67,0,2,11.1,50.0,9,0,4,10.0,19,1,4,249,70.7,45.9,44.9,56.0,0,1,19,0,0.0,61.8,0.0,0,1,0,2,1,2,10.5,98,5.4
14,Simon Romfo,148126,QB,N DAKOTA,1,85.7,7,8,3.6,2.5,1,0,0.0,50.0,4,0,2,33.3,9,2,2,249,68.4,50.3,55.0,51.9,0,0,10,0,50.0,68.8,11.1,1,0,0,0,0,0,0.0,48,6.0
14,James Hayes,186082,QB,ALABAMA ST,1,80.0,5,5,8.0,2.24,0,0,0.0,80.0,4,0,1,0.0,5,0,3,105,63.8,74.2,73.9,,0,0,5,0,0.0,95.0,0.0,0,0,0,0,0,0,0.0,34,6.8
14,Ashton Strother,208047,QB,SOUTHERN U,1,0.0,2,2,12.5,3.1,0,0,0.0,0.0,0,0,3,,4,0,0,297,65.2,49.2,51.4,56.9,0,1,4,0,33.3,0.0,25.0,1,1,0,0,0,0,0.0,0,0.0
14,Jack Henry,192029,QB,S DAK ST,1,100.0,1,1,1.0,2.8,0,0,0.0,100.0,1,0,0,0.0,2,0,2,292,9.2,56.0,74.3,48.9,0,0,2,0,,118.8,0.0,0,1,0,0,1,1,50.0,2,2.0
14,Lucas Powell,192330,QB,LAMAR,1,,0,1,,3.1,0,0,0.0,0.0,0,0,1,,1,0,0,204,60.3,59.7,60.0,,1,0,1,0,0.0,39.6,0.0,0,0,0,0,0,0,0.0,0,0.0
14,Mekhi Norris,196453,WR,MS VLY ST,1,100.0,1,1,23.0,3.3,0,0,0.0,100.0,1,0,0,0.0,1,0,1,228,67.3,75.5,76.2,,0,0,1,1,,158.3,0.0,0,0,0,0,1,0,0.0,27,27.0
14,Josh Fillion,164583,WR,NEW HAMP,1,0.0,1,1,24.0,3.8,0,0,0.0,0.0,0,0,0,,1,0,0,240,63.7,51.2,50.4,,0,0,1,0,,39.6,0.0,0,0,0,0,0,0,0.0,0,0.0
14,Daniel Sobkowicz,148032,WR,ILL STATE,1,100.0,1,1,-1.0,2.3,0,0,0.0,100.0,1,0,0,0.0,1,0,1,188,67.3,77.2,60.6,,0,0,1,0,,118.8,0.0,0,0,0,0,1,0,0.0,1,1.0
14,Luke Woodson,160519,HB,DRAKE,1,100.0,1,1,5.0,2.0,0,0,0.0,100.0,1,0,1,0.0,1,0,0,153,67.1,57.0,60.6,56.3,0,0,1,0,0.0,118.8,0.0,0,0,0,0,0,0,0.0,13,13.0
14,Marshall Howe,158696,QB,YALE,1,0.0,1,1,7.0,2.4,0,0,0.0,0.0,0,0,0,,1,0,0,352,60.3,28.1,28.6,,0,0,1,0,,39.6,0.0,0,0,0,0,0,1,100.0,0,0.0
14,Michael Franklin,196791,QB,TUSKEGEE,1,51.7,29,29,14.7,2.77,0,2,6.3,41.4,12,0,4,20.0,33,3,9,405,29.9,31.4,31.6,53.4,0,3,36,0,75.0,38.4,9.1,3,1,0,0,1,4,11.1,208,7.2
14,Ennio Yapoor,211471,QB,TUSKEGEE,1,0.0,1,2,13.0,3.7,1,0,0.0,0.0,0,0,1,,2,0,0,405,61.8,48.1,48.2,,0,0,2,0,0.0,39.6,0.0,0,0,0,0,0,0,0.0,0,0.0
week,player,player_id,position,team_name,player_game_count,accuracy_percent,aimed_passes,attempts,avg_depth_of_target,avg_time_to_throw,bats,big_time_throws,btt_rate,completion_percent,completions,declined_penalties,def_gen_pressures,drop_rate,dropbacks,drops,first_downs,franchise_id,grades_hands_fumble,grades_offense,grades_pass,grades_run,hit_as_threw,interceptions,passing_snaps,penalties,pressure_to_sack_rate,qb_rating,sack_percent,sacks,scrambles,spikes,thrown_aways,touchdowns,turnover_worthy_plays,twp_rate,yards,ypa
15,Blake Horvath,162555,QB,NAVY,1,61.5,13,14,8.5,2.62,0,0,0.0,50.0,7,0,9,12.5,18,1,6,237,21.5,57.8,31.0,69.7,1,1,18,0,33.3,62.2,16.7,3,1,0,0,1,2,11.1,82,5.9
15,Cale Hellums,170981,QB,ARMY,1,62.5,8,10,17.9,3.39,0,1,9.1,50.0,5,0,9,0.0,14,0,4,114,76.2,51.2,42.5,59.1,0,1,15,0,11.1,38.3,7.1,1,3,0,2,0,2,13.3,82,8.2
15,Tommy Rittenhouse,148028,QB,ILL STATE,1,68.6,51,52,5.9,2.63,0,0,0.0,67.3,35,0,18,0.0,58,0,16,188,71.2,55.3,54.7,58.2,1,5,60,0,5.6,57.8,1.7,1,5,0,0,3,3,5.0,249,4.8
15,Devin Farrell,157658,QB,RHODE ISLD,1,66.7,39,41,10.1,2.9,0,3,6.7,56.1,23,0,11,11.5,46,3,12,274,70.8,79.2,79.1,60.1,0,0,50,0,36.4,96.0,8.7,4,1,0,2,2,0,0.0,304,7.4
15,Braden Atkinson,201350,QB,MERCER,1,67.6,37,38,10.7,2.89,1,2,5.1,47.4,18,0,13,28.0,39,7,10,219,28.4,48.0,55.5,31.8,0,4,40,0,0.0,18.2,0.0,0,1,0,0,0,4,10.0,148,3.9
15,Chase Mason,159444,QB,S DAK ST,1,52.8,36,36,14.0,2.86,0,0,0.0,52.8,19,0,7,0.0,39,0,15,292,38.3,60.9,60.4,59.8,0,2,40,1,14.3,73.4,2.6,1,2,0,0,1,3,7.5,356,9.9
15,Stone Earle,123504,QB,ABILENE CH,1,55.6,36,36,11.8,3.03,0,2,5.1,52.8,19,0,16,5.0,43,1,14,100,71.7,62.8,56.9,71.3,0,1,46,1,6.3,58.3,2.3,1,6,0,0,0,2,4.3,206,5.7
15,Keali'i Ah Yat,178141,QB,MONTANA,1,82.4,34,36,7.9,2.08,1,3,8.1,77.8,28,0,6,0.0,38,0,18,232,68.9,84.4,85.1,,1,0,39,0,16.7,144.8,2.6,1,0,0,0,4,0,0.0,355,9.9
15,Sam Vidlak,146333,QB,STF AUSTIN,1,79.4,34,36,10.4,2.56,1,2,5.3,72.2,26,0,7,3.7,39,1,16,301,70.0,76.7,77.3,57.2,0,0,41,1,28.6,131.4,5.1,2,1,0,1,3,0,0.0,357,9.9
15,Dante Reno,184498,QB,YALE,1,69.7,33,35,9.2,2.42,1,2,5.7,57.1,20,0,11,13.0,38,3,15,352,69.3,75.5,78.3,52.2,0,2,38,0,18.2,60.7,5.3,2,1,0,1,1,0,0.0,212,6.1
15,Caden Pinnick,185116,QB,UC DAVIS,1,70.4,27,29,12.0,3.48,2,4,12.9,58.6,17,0,15,10.5,42,2,19,322,70.5,89.7,80.5,79.7,0,1,44,0,20.0,115.9,7.1,3,10,0,0,5,1,2.3,277,9.6
15,Jerry Kaminski,177155,QB,N DAKOTA,1,52.0,25,28,12.6,2.76,1,0,0.0,39.3,11,0,3,15.4,34,2,7,249,71.1,48.0,42.0,64.0,0,2,39,0,66.7,21.7,5.9,2,4,0,2,0,2,5.1,112,4.0
15,Pat McQuaide,145792,QB,VILLANOVA,1,64.3,28,28,13.2,2.37,0,1,3.6,64.3,18,0,9,0.0,31,0,9,334,70.3,68.5,67.4,61.3,0,0,31,0,33.3,98.5,9.7,3,0,0,0,1,0,0.0,208,7.4
15,Victor Gabalis,131932,QB,TARLETON,1,62.5,24,25,14.2,2.84,0,3,11.5,60.0,15,0,6,0.0,31,0,10,401,27.1,87.5,90.0,59.3,1,1,32,0,50.0,123.7,9.7,3,3,0,0,3,1,3.1,292,11.7
15,Hayden Johnson,185698,QB,LEHIGH,1,72.2,18,20,9.1,2.88,0,1,4.5,60.0,12,0,12,7.7,24,1,10,205,30.0,63.8,70.3,52.0,0,0,26,0,8.3,85.6,4.2,1,3,0,2,0,0,0.0,161,8.1
15,Aidan Bouman,122508,QB,S DAKOTA,1,87.5,16,18,10.1,3.03,0,2,11.1,72.2,13,0,9,7.1,18,1,7,291,68.3,91.0,91.3,60.1,1,0,18,0,0.0,151.4,0.0,0,0,0,1,2,0,0.0,241,13.4
15,Justin Lamson,144052,QB,MONTANA ST,1,76.9,13,16,7.7,2.69,2,0,0.0,62.5,10,0,4,0.0,19,0,7,233,18.1,53.8,69.7,42.7,1,0,20,0,0.0,78.1,0.0,0,3,0,0,0,0,0.0,92,5.8
15,Cole Payton,148154,QB,N DAK ST,1,45.5,11,12,15.9,2.82,0,1,8.3,33.3,4,0,7,20.0,17,1,3,250,24.2,53.2,47.5,65.0,1,0,18,0,57.1,92.7,23.5,4,1,0,0,1,1,5.6,101,8.4
15,Nathan Hayes,162204,QB,N DAK ST,1,50.0,6,7,18.3,3.14,0,0,0.0,28.6,2,0,2,33.3,8,1,1,250,64.9,56.6,58.8,57.8,1,0,8,0,0.0,39.6,0.0,0,1,0,0,0,1,12.5,19,2.7
15,Michael Wortham,170696,WR,MONTANA,1,100.0,1,1,-3.0,1.3,0,0,0.0,100.0,1,0,0,0.0,1,0,0,232,71.9,86.7,60.4,66.5,0,0,1,0,,79.2,0.0,0,0,0,0,0,0,0.0,1,1.0
15,Marshall Howe,158696,QB,YALE,1,0.0,1,1,20.0,2.3,0,0,0.0,0.0,0,0,0,,1,0,0,352,63.7,45.4,37.5,63.2,0,1,1,0,,0.0,0.0,0,0,0,0,0,1,100.0,0,0.0
15,Quayde Hawkins,147245,QB,ABILENE CH,1,100.0,1,1,-4.0,1.7,0,0,0.0,100.0,1,0,0,0.0,1,0,0,100,60.3,60.8,60.6,,0,0,1,0,,79.2,0.0,0,0,0,0,0,0,0.0,2,2.0
week,player,player_id,position,team_name,player_game_count,accuracy_percent,aimed_passes,attempts,avg_depth_of_target,avg_time_to_throw,bats,big_time_throws,btt_rate,completion_percent,completions,declined_penalties,def_gen_pressures,drop_rate,dropbacks,drops,first_downs,franchise_id,grades_hands_fumble,grades_offense,grades_pass,grades_run,hit_as_threw,interceptions,passing_snaps,penalties,pressure_to_sack_rate,qb_rating,sack_percent,sacks,scrambles,spikes,thrown_aways,touchdowns,turnover_worthy_plays,twp_rate,yards,ypa
16,Alonza Barnett III,156710,QB,JAMES MAD,1,60.5,43,48,8.5,2.62,3,2,3.6,47.9,23,0,21,11.5,52,3,10,197,47.9,58.8,56.4,62.5,0,0,59,0,9.5,79.6,3.8,2,2,0,2,2,1,1.7,273,5.7
16,John Mateer,158516,QB,OKLAHOMA,1,80.6,36,42,7.7,2.98,2,2,4.7,61.9,26,0,15,10.3,51,3,13,261,47.3,64.9,67.6,55.9,0,1,52,0,46.7,90.1,13.7,7,2,1,3,2,3,5.8,307,7.3
16,Marcel Reed,175940,QB,TEXAS A&M,1,78.4,37,40,5.3,3.13,0,1,2.5,62.5,25,1,18,13.8,52,4,15,312,40.1,46.5,33.5,79.2,0,2,52,2,33.3,58.0,11.5,6,6,0,3,0,4,7.7,237,5.9
16,Jake Retzlaff,70874,QB,TULANE,1,70.6,34,35,8.4,2.94,0,0,0.0,57.1,20,0,12,16.7,40,4,17,319,23.5,52.7,62.8,38.8,0,1,40,0,16.7,83.7,5.0,2,3,0,1,1,2,5.0,306,8.7
16,Ty Simpson,157008,QB,ALABAMA,1,78.6,28,29,9.6,2.63,0,2,6.7,62.1,18,0,14,18.2,34,4,9,103,70.1,84.5,83.5,63.9,0,0,35,0,28.6,110.1,11.8,4,1,0,1,2,0,0.0,232,8.0
16,Trinidad Chambliss,178723,QB,OLE MISS,1,82.1,28,29,6.5,2.54,1,0,0.0,79.3,23,0,5,0.0,33,0,18,226,69.5,69.3,59.1,79.9,0,0,34,1,20.0,118.7,3.0,1,3,0,0,1,1,2.9,282,9.7
16,Dante Moore,173983,QB,OREGON,1,73.1,26,26,10.5,2.03,0,2,7.1,69.2,18,0,4,5.3,27,1,13,264,70.2,77.1,74.6,67.3,0,2,29,0,0.0,115.4,0.0,0,0,0,0,4,1,3.4,300,11.5
16,Carson Beck,124010,QB,MIAMI FL,1,70.0,20,20,7.9,2.04,0,0,0.0,70.0,14,0,3,0.0,24,0,4,220,26.3,41.2,41.3,53.3,0,0,24,0,66.7,98.5,8.3,2,2,0,0,1,1,4.2,103,5.2
16,Austin Simmons,175891,QB,OLE MISS,1,80.0,5,5,10.2,2.38,0,0,0.0,80.0,4,0,2,0.0,6,0,3,226,18.6,54.3,54.5,58.5,0,0,6,0,50.0,118.8,16.7,1,0,0,0,0,1,16.7,64,12.8
16,Malachi Toney,200155,WR,MIAMI FL,1,0.0,1,1,30.0,3.6,0,0,0.0,0.0,0,0,1,,1,0,0,220,24.8,55.3,50.1,60.0,0,0,1,0,0.0,39.6,0.0,0,0,0,0,0,0,0.0,0,0.0
16,Brendan Sullivan,145034,QB,TULANE,1,100.0,1,1,-1.0,1.9,0,0,0.0,0.0,0,0,0,100.0,1,1,0,319,60.3,60.6,60.4,,0,0,1,0,,39.6,0.0,0,0,0,0,0,0,0.0,0,0.0
16,Omari Hayes,156520,WR,TULANE,1,,0,1,,3.3,1,0,0.0,0.0,0,0,1,,1,0,0,319,69.1,66.0,60.0,,0,0,1,0,0.0,39.6,0.0,0,0,0,0,0,0,0.0,0,0.0
16,Nick DeGennaro,129503,WR,JAMES MAD,1,100.0,1,1,27.0,3.7,0,0,0.0,100.0,1,0,0,0.0,2,0,1,197,66.6,65.9,77.7,57.3,0,0,2,1,,118.8,0.0,0,1,0,0,0,0,0.0,50,50.0
16,Tyler White,127307,P,TEXAS A&M,1,0.0,1,1,17.0,2.1,0,0,0.0,0.0,0,0,0,,1,0,0,312,60.3,58.5,57.7,,0,0,1,0,,39.6,0.0,0,0,0,0,0,0,0.0,0,0.0
16,Sam Vidlak,146333,QB,STF AUSTIN,1,78.6,42,43,8.5,2.34,0,0,0.0,60.5,26,0,11,21.2,48,7,15,301,69.8,86.8,85.7,,0,1,54,0,45.5,74.0,10.4,5,0,0,1,1,0,0.0,242,5.6
16,Caden Pinnick,185116,QB,UC DAVIS,1,84.2,38,41,5.6,2.97,1,2,4.4,70.7,29,0,11,9.4,46,3,19,322,70.1,89.6,89.8,64.9,1,1,51,0,0.0,116.1,0.0,0,5,0,1,3,1,2.0,402,9.8
16,Pat McQuaide,145792,QB,VILLANOVA,1,59.4,32,33,10.8,2.46,0,1,2.9,48.5,16,0,12,15.8,36,3,12,334,71.4,47.8,44.9,62.2,0,1,37,0,16.7,62.7,5.6,2,1,0,1,1,3,8.1,180,5.5
16,Aidan Bouman,122508,QB,S DAKOTA,1,58.6,29,33,10.5,2.67,0,1,2.7,45.5,15,0,16,11.8,34,2,9,291,69.3,56.1,56.5,55.9,1,1,38,1,0.0,76.7,0.0,0,1,0,3,2,2,5.3,231,7.0
16,Keali'i Ah Yat,178141,QB,MONTANA,1,75.9,29,30,9.1,2.56,0,1,3.2,70.0,21,0,7,4.5,31,1,13,232,68.9,70.8,72.1,55.4,0,0,32,0,0.0,136.1,0.0,0,1,0,1,3,1,3.1,305,10.2
16,Justin Lamson,144052,QB,MONTANA ST,1,84.0,25,26,5.5,2.66,0,1,3.7,76.9,20,0,9,4.8,33,1,17,233,72.0,73.3,83.9,53.2,0,1,34,1,22.2,114.9,6.1,2,5,0,1,2,1,2.9,244,9.4
16,Victor Gabalis,131932,QB,TARLETON,1,56.5,23,23,14.1,2.93,0,2,6.9,52.2,12,0,8,7.7,30,1,6,401,69.2,58.5,62.3,48.9,0,1,36,0,50.0,94.5,13.3,4,3,0,0,2,1,2.8,210,9.1
16,Tommy Rittenhouse,148028,QB,ILL STATE,1,78.9,19,20,12.7,2.85,0,2,10.0,75.0,15,0,2,0.0,25,0,12,188,68.9,84.4,80.8,71.1,0,1,25,0,50.0,135.4,4.0,1,4,0,1,3,2,8.0,266,13.3
16,Daniel Sobkowicz,148032,WR,ILL STATE,1,0.0,1,1,-7.0,3.9,0,0,0.0,0.0,0,0,1,,1,0,0,188,66.4,84.6,61.0,,0,0,1,0,0.0,39.6,0.0,0,0,0,0,0,0,0.0,0,0.0
16,Braden Reed,203400,WR,VILLANOVA,1,100.0,1,1,29.0,2.8,0,0,0.0,100.0,1,0,0,0.0,1,0,1,334,73.2,61.5,76.2,59.6,0,0,1,0,,158.3,0.0,0,0,0,0,1,0,0.0,27,27.0
week,player,player_id,position,team_name,player_game_count,accuracy_percent,aimed_passes,attempts,avg_depth_of_target,avg_time_to_throw,bats,big_time_throws,btt_rate,completion_percent,completions,declined_penalties,def_gen_pressures,drop_rate,dropbacks,drops,first_downs,franchise_id,grades_hands_fumble,grades_offense,grades_pass,grades_run,hit_as_threw,interceptions,passing_snaps,penalties,pressure_to_sack_rate,qb_rating,sack_percent,sacks,scrambles,spikes,thrown_aways,touchdowns,turnover_worthy_plays,twp_rate,yards,ypa
17,Chandler Morris,122938,QB,VIRGINIA,1,63.9,36,40,9.8,2.66,2,3,6.8,52.5,21,0,13,8.7,42,2,11,335,69.8,68.7,66.8,64.2,0,2,46,0,7.7,64.2,2.4,1,1,0,2,2,2,4.3,216,5.4
17,Ty Simpson,157008,QB,ALABAMA,1,64.9,37,39,6.7,2.96,1,1,2.4,48.7,19,0,18,20.8,43,5,9,103,70.6,49.3,51.6,50.6,0,1,45,0,16.7,63.2,7.0,3,1,0,1,1,1,2.2,212,5.4
17,Anthony Colandrea,170131,QB,UNLV,1,57.6,33,38,10.6,3.12,0,2,5.3,47.4,18,0,18,5.3,44,1,16,325,42.2,65.7,62.5,65.3,0,0,44,0,5.6,75.0,2.3,1,4,0,5,1,1,2.3,225,5.9
17,Drew Mestemaker,190616,QB,N TEXAS,1,68.8,32,34,10.1,2.71,1,0,0.0,61.8,21,0,17,4.5,44,1,18,251,69.9,68.4,63.6,70.7,0,3,47,0,29.4,72.4,11.4,5,5,0,1,2,2,4.3,294,8.6
17,Goose Crowder,144781,QB,TROY,1,51.7,29,33,11.4,2.78,2,2,5.6,45.5,15,0,19,0.0,39,0,8,318,70.0,74.8,71.1,70.6,0,0,42,0,26.3,64.7,12.8,5,1,0,2,0,0,0.0,196,5.9
17,Behren Morton,144747,QB,TEXAS TECH,1,68.8,32,33,6.0,2.56,0,2,5.7,60.6,20,0,10,9.1,37,2,7,315,68.9,56.6,57.8,52.9,0,0,39,0,20.0,99.9,5.4,2,2,0,1,2,2,5.1,215,6.5
17,Amari Odom,178686,QB,KENNESAW,1,87.1,31,32,4.3,2.97,0,2,5.6,81.3,26,0,16,3.7,39,1,12,200,42.7,72.9,74.0,60.4,0,0,43,1,31.3,109.1,12.8,5,2,0,1,1,1,2.3,246,7.7
17,Maddux Madsen,163379,QB,BOISE ST,1,72.4,29,31,9.8,2.49,0,2,6.3,54.8,17,0,11,19.0,33,4,13,120,70.0,83.2,77.5,75.7,0,0,34,0,9.1,118.9,3.0,1,1,0,2,3,1,2.9,289,9.3
17,Julian Sayin,183708,QB,OHIO STATE,1,84.0,25,29,10.3,3.42,0,1,3.4,72.4,21,0,12,0.0,34,0,12,260,69.1,70.2,70.4,60.0,1,1,34,0,41.7,96.6,14.7,5,0,0,3,1,1,2.9,258,8.9
17,Bear Bachmeier,203434,QB,BYU,1,65.4,26,27,2.9,2.12,1,0,0.0,59.3,16,0,12,5.9,31,1,4,128,22.1,46.1,39.5,65.5,0,2,32,0,16.7,37.7,6.5,2,2,0,0,0,3,9.4,111,4.1
17,Gunner Stockton,157072,QB,GEORGIA,1,95.7,23,26,2.8,2.86,2,0,0.0,76.9,20,0,9,9.1,31,2,10,173,73.0,77.7,78.4,64.4,0,0,33,0,11.1,129.6,3.2,1,4,0,1,3,0,0.0,156,6.0
17,Alonza Barnett III,156710,QB,JAMES MAD,1,66.7,24,25,11.9,3.21,0,2,8.0,40.0,10,0,9,37.5,29,6,6,197,49.3,75.8,60.8,81.8,0,1,29,1,33.3,47.6,10.3,3,1,0,1,1,1,3.4,93,3.7
17,Darian Mensah,169984,QB,DUKE,1,76.0,25,25,7.8,3.08,0,3,11.5,76.0,19,0,11,0.0,29,0,7,154,28.6,69.0,69.9,57.3,0,1,30,0,18.2,108.1,6.9,2,2,0,0,2,2,6.7,196,7.8
17,Fernando Mendoza,158323,QB,INDIANA,1,83.3,18,23,12.3,3.38,1,3,12.0,65.2,15,0,13,0.0,26,0,11,190,69.1,91.9,91.9,62.4,0,1,28,0,23.1,93.0,11.5,3,0,0,4,1,0,0.0,222,9.7
17,Jake Retzlaff,70874,QB,TULANE,1,73.7,19,21,7.8,2.57,0,0,0.0,61.9,13,0,4,7.1,22,1,9,319,74.3,70.0,54.4,75.9,1,0,23,0,0.0,82.4,0.0,0,1,0,1,0,1,4.3,145,6.9
17,Caden Creel,170414,QB,JVILLE ST,1,68.4,19,21,8.6,3.61,0,1,4.2,57.1,12,0,12,7.7,29,1,10,196,39.8,63.8,58.3,65.7,1,1,32,0,16.7,48.9,6.9,2,6,0,1,0,2,6.3,96,4.6
17,Henry Hesson,145798,QB,MIAMI OH,1,42.1,19,20,17.6,2.36,0,0,0.0,35.0,7,0,6,12.5,24,1,6,221,32.0,52.1,53.2,55.3,0,0,25,0,50.0,70.2,12.5,3,1,0,1,1,0,0.0,107,5.4
17,Thomas Gotkowski,184081,QB,MIAMI OH,1,66.7,12,18,16.8,2.63,0,1,5.3,38.9,7,0,13,12.5,22,1,6,221,67.5,58.4,63.0,51.0,2,0,23,0,7.7,55.8,4.5,1,3,1,3,0,0,0.0,92,5.1
17,Broc Lowry,173383,QB,W MICHIGAN,1,69.2,13,13,11.8,2.75,0,1,6.3,61.5,8,0,11,11.1,21,1,8,347,42.4,61.5,74.5,51.9,0,0,24,0,18.2,88.9,9.5,2,6,0,0,0,0,0.0,111,8.5
17,Tucker Kilcrease,156863,QB,TROY,1,20.0,5,5,11.8,3.48,0,0,0.0,20.0,1,0,5,0.0,9,0,0,318,68.3,39.9,40.1,54.7,0,0,10,0,60.0,39.6,33.3,3,1,0,0,0,0,0.0,7,1.4
17,Brandon Inniss,170255,WR,OHIO STATE,1,100.0,1,1,-2.0,4.2,0,0,0.0,100.0,1,0,0,0.0,1,0,0,260,70.3,60.6,61.0,,0,0,1,0,,91.7,0.0,0,0,0,0,0,0,0.0,6,6.0
17,Sam Vander Haar,156357,P,BYU,1,0.0,1,1,1.0,2.3,0,0,0.0,0.0,0,0,0,,1,0,0,128,60.3,55.3,54.4,,0,0,1,0,,39.6,0.0,0,0,0,0,0,0,0.0,0,0.0
17,Justus Savage,189806,HB,JVILLE ST,1,0.0,1,1,38.0,3.7,0,0,0.0,0.0,0,0,1,,1,0,0,196,63.7,58.2,59.3,59.5,0,0,1,0,0.0,39.6,0.0,0,0,0,0,0,0,0.0,0,0.0
17,Parker Kingston,163251,WR,BYU,1,100.0,1,1,7.0,2.7,0,0,0.0,100.0,1,0,0,0.0,1,0,1,128,69.1,67.2,60.4,,0,0,1,0,,118.8,0.0,0,0,0,0,0,0,0.0,22,22.0
17,Cameron Peters,123326,QB,PRVIEW A&M,1,76.0,25,28,11.2,2.55,1,2,7.1,60.7,17,0,10,10.5,31,2,10,270,21.9,63.0,72.9,54.0,0,1,33,0,10.0,93.5,3.2,1,2,0,2,1,2,6.1,294,10.5
17,Jared Lockhart,201210,QB,JACKSON ST,1,77.8,9,9,22.3,3.39,0,2,22.2,66.7,6,0,3,14.3,11,1,4,194,65.6,87.0,90.0,57.8,0,1,11,0,33.3,107.2,9.1,1,1,0,0,1,1,9.1,156,17.3
17,JaCobian Morgan,123050,QB,JACKSON ST,1,66.7,6,7,9.3,3.16,0,0,0.0,42.9,3,0,3,25.0,9,1,1,194,65.1,62.2,48.9,69.4,0,0,9,0,33.3,50.3,11.1,1,1,0,1,0,0,0.0,6,0.9
17,Shadrick Byrd,101661,HB,PRVIEW A&M,1,100.0,1,1,14.0,2.1,0,0,0.0,0.0,0,0,0,100.0,1,1,0,270,70.3,68.9,72.6,63.4,0,0,1,0,,39.6,0.0,0,0,0,0,0,0,0.0,0,0.0
week,player,player_id,position,team_name,player_game_count,accuracy_percent,aimed_passes,attempts,avg_depth_of_target,avg_time_to_throw,bats,big_time_throws,btt_rate,completion_percent,completions,declined_penalties,def_gen_pressures,drop_rate,dropbacks,drops,first_downs,franchise_id,grades_hands_fumble,grades_offense,grades_pass,grades_run,hit_as_threw,interceptions,passing_snaps,penalties,pressure_to_sack_rate,qb_rating,sack_percent,sacks,scrambles,spikes,thrown_aways,touchdowns,turnover_worthy_plays,twp_rate,yards,ypa
18,Braylon Braxton,144442,QB,SO MISS,1,64.1,39,47,13.5,3.09,2,1,2.0,51.1,24,0,19,4.0,53,1,16,296,27.8,55.9,60.1,47.4,2,1,56,0,10.5,66.1,3.8,2,4,0,4,1,1,1.8,262,5.6
18,Micah Alejado,184162,QB,HAWAII,1,78.6,42,46,8.5,2.83,0,1,2.1,69.6,32,0,15,3.0,48,1,17,180,71.1,79.6,75.5,72.6,0,0,50,0,0.0,106.6,0.0,0,2,0,4,3,1,2.0,274,6.0
18,Zevi Eckhaus,148535,QB,WASH STATE,1,65.9,41,44,9.2,2.64,1,2,4.5,59.1,26,0,20,3.7,50,1,18,341,72.4,70.0,62.2,74.2,0,3,50,0,10.0,77.3,4.0,2,4,0,2,3,1,2.0,334,7.6
18,Jaron-Keawe Sagapolutele,198237,QB,CAL,1,73.7,38,39,8.4,2.38,0,0,0.0,71.8,28,0,9,0.0,43,0,19,130,69.8,56.3,52.3,74.7,0,0,46,1,11.1,106.4,2.3,1,2,0,1,1,3,6.5,336,8.6
18,Lunch Winfield,176367,QB,LA LAFAYET,1,78.8,33,36,8.8,2.59,0,1,2.6,58.3,21,0,20,19.2,42,5,12,207,43.1,56.6,63.9,47.1,1,1,44,0,10.0,75.1,4.8,2,4,1,1,1,1,2.3,231,6.4
18,Amari Odom,178686,QB,KENNESAW,1,60.0,30,36,11.8,3.06,1,1,2.6,50.0,18,0,16,0.0,41,0,6,200,47.3,38.0,33.5,64.6,0,2,44,0,31.3,54.1,12.2,5,0,1,4,1,3,6.8,209,5.8
18,Jacob Clark,101628,QB,MO STATE,1,84.4,32,35,9.1,3.13,1,5,12.8,71.4,25,0,23,7.4,49,2,14,230,69.8,85.2,87.3,63.2,0,0,54,1,39.1,141.3,18.4,9,5,0,2,4,1,1.9,349,10.0
18,Preston Stone,124716,QB,NWESTERN,1,72.4,29,31,10.8,2.94,2,1,3.1,61.3,19,0,3,9.5,32,2,10,256,69.0,86.3,84.6,62.9,0,0,33,1,33.3,115.8,3.1,1,0,0,0,3,0,0.0,226,7.3
18,Joe Pesansky,149434,QB,FIU,1,44.4,27,31,9.9,3.0,0,0,0.0,35.5,11,0,16,8.3,38,1,8,166,69.4,37.2,33.4,64.5,1,1,45,0,18.8,53.4,7.9,3,4,0,3,2,3,6.7,102,3.3
18,Jaylen Raynor,172203,QB,ARK STATE,1,71.4,28,31,11.8,2.35,1,2,5.6,54.8,17,0,10,15.0,33,3,10,113,71.0,81.3,82.0,58.5,1,0,38,0,20.0,120.8,6.1,2,0,0,1,3,0,0.0,303,9.8
18,Anthony Colandrea,170131,QB,UNLV,1,75.0,28,30,9.9,2.99,1,5,15.2,63.3,19,0,12,9.5,34,2,11,325,35.2,71.7,68.0,69.7,1,1,38,0,16.7,66.5,5.9,2,2,0,0,0,2,5.4,184,6.1
18,Nick Minicucci,173617,QB,DELAWARE,1,69.0,29,30,10.8,2.53,0,3,10.0,63.3,19,0,5,5.0,33,1,9,151,32.1,75.9,82.1,49.9,0,0,34,0,40.0,90.4,6.1,2,1,0,1,1,1,2.9,176,5.9
18,Gaston Moore,123756,QB,USF,1,85.2,27,28,5.1,2.74,1,2,7.1,75.0,21,0,11,8.7,34,2,9,327,70.0,67.3,69.9,55.7,0,2,34,0,27.3,81.8,8.8,3,3,0,0,1,2,5.9,236,8.4
18,Owen McCown,157688,QB,UTSA,1,75.0,28,28,9.5,2.47,0,2,6.7,64.3,18,0,7,14.3,34,3,15,331,21.3,62.9,73.9,35.5,0,0,37,0,42.9,135.3,8.8,3,3,0,0,3,1,2.7,295,10.5
18,Drake Lindsey,184727,QB,MINNESOTA,1,69.2,26,28,8.1,2.76,1,1,3.3,64.3,18,0,13,0.0,31,0,6,225,69.5,55.0,52.1,63.5,0,0,33,0,23.1,101.3,9.7,3,0,0,1,2,4,12.1,147,5.3
18,Kalieb Osborne,184132,QB,TOLEDO,1,80.8,26,28,4.2,2.96,2,1,3.0,60.7,17,0,15,19.0,40,4,12,316,41.4,80.7,75.4,72.2,0,0,45,0,26.7,89.4,10.0,4,8,0,0,1,1,2.2,167,6.0
18,Max Cutforth,176220,QB,BOISE ST,1,65.4,26,27,9.3,2.62,0,0,0.0,55.6,15,0,12,11.8,29,2,9,120,68.3,38.9,40.6,,0,3,31,1,16.7,52.3,6.9,2,0,0,1,1,4,12.9,202,7.5
18,CJ Bailey,183349,QB,NC STATE,1,66.7,24,27,14.6,2.69,0,2,6.5,51.9,14,0,12,12.5,30,2,9,248,31.2,59.8,54.8,69.2,1,0,34,1,16.7,104.1,6.7,2,1,0,2,2,3,8.8,221,8.2
18,Quinn Henicle,190064,QB,DOMINION,1,56.5,23,25,11.6,2.51,0,0,0.0,44.0,11,0,13,15.4,33,2,9,263,55.3,59.8,48.0,68.2,2,0,33,0,30.8,59.9,12.1,4,4,0,0,0,0,0.0,127,5.1
18,Demond Williams Jr.,183648,QB,WASHINGTON,1,81.0,21,24,13.2,3.41,0,2,8.0,62.5,15,0,19,11.8,34,2,12,340,69.8,81.3,84.4,61.6,0,0,35,0,21.1,129.5,11.8,4,6,0,3,4,0,0.0,206,8.6
18,Brendon Lewis,131687,QB,MEMPHIS,1,75.0,20,24,10.1,2.84,0,0,0.0,54.2,13,0,15,13.3,29,2,6,218,70.8,77.5,72.9,70.6,1,1,31,0,6.7,61.8,3.4,1,4,0,3,1,0,0.0,104,4.3
18,Tucker Kilcrease,156863,QB,TROY,1,61.9,21,24,11.8,3.19,2,0,0.0,50.0,12,0,12,7.7,34,1,9,318,69.5,51.4,51.4,56.8,0,2,34,0,50.0,29.2,17.6,6,4,1,0,0,2,5.9,116,4.8
18,Miller Moss,70727,QB,LOUISVILLE,1,72.7,22,24,7.5,2.51,2,1,3.8,66.7,16,0,6,0.0,27,0,8,210,71.9,65.8,60.0,68.5,0,0,29,0,33.3,112.0,7.4,2,0,0,0,2,0,0.0,153,6.4
18,Joe Labas,144847,QB,C MICHIGAN,1,87.5,24,24,6.5,2.74,0,0,0.0,87.5,21,0,10,0.0,29,0,11,134,29.7,49.9,60.3,39.4,0,0,32,1,40.0,111.5,13.8,4,1,0,0,1,0,0.0,178,7.4
18,Jack Layne,158966,QB,NEW MEXICO,1,65.0,20,23,10.4,3.04,3,0,0.0,52.2,12,0,15,7.7,32,1,5,241,69.1,54.6,52.2,62.0,0,1,36,0,26.7,40.7,12.5,4,5,0,0,0,1,2.9,73,3.2
18,Bryson Barnes,131845,QB,UTAH ST,1,45.0,20,21,12.4,2.95,1,2,8.3,42.9,9,0,11,0.0,26,0,4,329,72.3,50.8,48.0,60.8,0,1,30,0,36.4,41.0,15.4,4,1,0,0,0,2,6.7,116,5.5
18,Rodney Tisdale Jr.,188754,QB,W KENTUCKY,1,52.6,19,21,9.6,2.44,0,0,0.0,42.9,9,0,9,10.0,23,1,3,346,69.1,48.9,44.8,64.3,0,1,24,1,11.1,31.6,4.3,1,1,0,2,0,1,4.2,69,3.3
18,Caden Creel,170414,QB,JVILLE ST,1,78.9,19,20,11.4,3.38,0,1,4.8,70.0,14,0,14,6.7,28,1,9,196,30.5,67.0,70.4,56.3,0,0,29,0,35.7,113.1,17.9,5,3,0,1,1,1,3.4,173,8.7
18,Broc Lowry,173383,QB,W MICHIGAN,1,70.6,17,19,8.9,2.93,0,2,9.1,63.2,12,0,6,0.0,21,0,7,347,28.2,79.2,91.3,43.3,1,1,24,0,0.0,94.2,0.0,0,2,0,1,2,0,0.0,120,6.3
18,Maverick McIvor,99476,QB,W KENTUCKY,1,66.7,18,19,11.3,2.67,0,1,4.8,63.2,12,0,11,0.0,22,0,8,346,70.4,75.1,74.0,64.4,1,1,24,0,9.1,75.8,4.5,1,2,0,0,0,1,4.2,196,10.3
18,Maddux Madsen,163379,QB,BOISE ST,1,64.3,14,16,6.7,2.75,2,0,0.0,43.8,7,0,8,22.2,19,2,2,120,67.1,44.6,43.3,57.5,0,2,20,0,12.5,12.2,5.3,1,2,0,0,0,1,5.0,51,3.2
18,Parker Navarro,123758,QB,OHIO,1,80.0,15,15,12.3,2.46,0,2,11.8,73.3,11,0,4,8.3,16,1,6,259,74.6,83.3,83.8,68.2,0,1,18,1,25.0,75.1,6.3,1,0,0,0,0,1,5.6,143,9.5
18,Keyone Jenkins,170403,QB,FIU,1,69.2,13,14,9.1,2.86,0,0,0.0,50.0,7,0,3,22.2,15,2,3,166,66.4,57.6,59.4,57.3,0,1,15,0,0.0,28.6,0.0,0,1,0,1,0,0,0.0,49,3.5
18,Locklan Hewlett,199429,QB,USF,1,66.7,12,12,12.6,2.64,0,1,8.3,58.3,7,0,3,12.5,14,1,1,327,66.2,54.6,57.2,56.7,0,1,14,0,33.3,31.6,7.1,1,1,0,0,0,1,7.1,45,3.8
18,AJ Hill,198754,QB,MEMPHIS,1,85.7,7,7,5.4,2.0,0,0,0.0,85.7,6,0,2,0.0,8,0,1,218,64.9,57.7,57.0,,0,0,8,0,50.0,95.2,12.5,1,0,0,0,0,0,0.0,48,6.9
18,Goose Crowder,144781,QB,TROY,1,50.0,6,6,3.0,2.29,0,0,0.0,50.0,3,0,1,0.0,7,0,2,318,65.9,69.8,60.2,69.0,0,0,7,0,0.0,56.3,0.0,0,1,0,0,0,0,0.0,13,2.2
18,Jacob Conover,70963,QB,UTAH ST,1,100.0,5,6,11.2,3.02,0,1,12.5,83.3,5,0,4,0.0,9,0,4,329,65.6,53.3,52.9,58.7,0,0,11,0,0.0,158.3,0.0,0,3,0,1,2,1,9.1,78,13.0
18,Clayton Dees,183928,QB,FIU,1,75.0,4,4,2.3,2.83,0,0,0.0,75.0,3,0,1,0.0,6,0,1,166,63.8,42.4,44.8,57.3,0,0,6,0,100.0,90.6,16.7,1,1,0,0,0,0,0.0,25,6.3
18,James Laubstein,190465,QB,NEW MEXICO,1,66.7,3,4,4.3,2.88,1,0,0.0,50.0,2,0,1,0.0,6,0,2,241,73.9,76.9,60.0,72.5,0,0,7,0,0.0,61.5,0.0,0,2,0,0,0,0,0.0,17,4.3
18,Ryan Boe,190878,QB,NWESTERN,1,25.0,4,4,15.5,2.8,0,0,0.0,25.0,1,0,2,0.0,4,0,1,256,65.2,55.3,46.7,62.6,0,1,4,0,0.0,0.0,0.0,0,0,0,0,0,0,0.0,10,2.5
18,Luke Weaver,198494,QB,HAWAII,1,100.0,2,3,15.0,3.43,0,1,33.3,66.7,2,0,0,0.0,3,0,1,180,62.7,85.4,84.7,,0,0,3,0,,136.1,0.0,0,0,0,1,1,0,0.0,28,9.3
18,Kai Horton,144418,QB,WASHINGTON,1,33.3,3,3,18.0,2.83,0,0,0.0,33.3,1,0,2,0.0,4,0,1,340,63.8,48.3,48.2,,0,0,5,0,50.0,43.8,25.0,1,0,0,0,0,0,0.0,10,3.3
18,Julian Dugger,183269,QB,WASH STATE,1,66.7,3,3,8.7,3.35,0,0,0.0,66.7,2,0,1,0.0,4,0,2,341,67.8,75.9,77.3,62.8,0,0,4,0,0.0,109.7,0.0,0,1,0,0,0,0,0.0,39,13.0
18,Arrington Maiden,184715,QB,MEMPHIS,1,0.0,2,2,23.0,2.35,0,0,0.0,0.0,0,0,1,,2,0,0,218,14.7,28.8,42.6,42.0,0,0,2,0,0.0,39.6,0.0,0,0,0,0,0,0,0.0,0,0.0
18,Brandon Tennison,174109,QB,UTSA,1,50.0,2,2,12.0,2.97,0,0,0.0,0.0,0,0,0,100.0,3,1,1,331,63.3,78.1,73.4,63.7,0,0,3,0,,39.6,0.0,0,1,0,0,0,0,0.0,0,0.0
18,Walker Howard,157112,QB,LA LAFAYET,1,,0,2,,2.9,0,0,0.0,0.0,0,0,1,,2,0,0,207,61.8,55.2,55.4,,1,0,2,0,0.0,39.6,0.0,0,0,0,1,0,0,0.0,0,0.0
18,Chase Leon,192324,P,USF,1,0.0,1,1,13.0,3.9,0,0,0.0,0.0,0,0,0,,1,0,0,327,60.3,53.0,49.6,,0,1,1,0,,0.0,0.0,0,0,0,0,0,0,0.0,0,0.0
18,AJ Wilson,161436,WR,UTSA,1,0.0,1,1,10.0,4.0,0,0,0.0,0.0,0,0,0,,1,0,0,331,64.6,66.3,46.8,,0,0,1,0,,39.6,0.0,0,0,0,0,0,0,0.0,0,0.0
18,Denzel Boston,162481,WR,WASHINGTON,1,100.0,1,1,-7.0,3.0,0,0,0.0,100.0,1,0,0,0.0,1,0,0,340,66.4,71.7,60.6,,0,0,1,0,,79.2,0.0,0,0,0,0,0,0,0.0,3,3.0
18,Cade Cunningham,145264,QB,JVILLE ST,1,0.0,1,1,37.0,5.5,0,0,0.0,0.0,0,0,1,,1,0,0,196,60.3,47.8,49.9,,0,0,1,0,0.0,39.6,0.0,0,0,0,0,0,0,0.0,0,0.0
18,Ryan Huff,199073,QB,DOMINION,1,0.0,1,1,13.0,2.0,0,0,0.0,0.0,0,0,0,,1,0,0,263,60.3,46.3,46.8,,0,0,1,0,,39.6,0.0,0,0,0,0,0,0,0.0,0,0.0
18,Gavin Wimsatt,155757,QB,JVILLE ST,1,100.0,1,1,3.0,1.8,0,0,0.0,0.0,0,0,0,100.0,1,1,0,196,60.3,60.0,60.6,,0,0,1,0,,39.6,0.0,0,0,0,0,0,0,0.0,0,0.0
18,Cameron Flowers,188745,WR,W KENTUCKY,1,100.0,1,1,-5.0,2.9,0,0,0.0,100.0,1,0,0,0.0,1,0,0,346,60.3,64.3,60.6,,0,0,1,0,,79.2,0.0,0,0,0,0,0,0,0.0,3,3.0
18,Grant Page,157692,WR,SO MISS,1,0.0,1,1,24.0,3.0,0,0,0.0,0.0,0,0,0,,1,0,0,296,60.3,48.4,50.4,,0,0,1,0,,39.6,0.0,0,0,0,0,0,0,0.0,0,0.0
18,Angel Flores,164493,QB,C MICHIGAN,1,0.0,1,1,2.0,3.5,0,0,0.0,0.0,0,0,2,,2,0,0,134,14.7,29.1,50.9,42.2,0,1,2,0,50.0,0.0,50.0,1,0,0,0,0,0,0.0,0,0.0
18,Lex Thomas,170381,QB,NC STATE,1,100.0,1,1,-9.0,2.7,0,0,0.0,0.0,0,0,0,100.0,1,1,0,248,60.3,61.2,60.6,,0,0,1,0,,39.6,0.0,0,0,0,0,0,0,0.0,0,0.0
18,Cameron Peters,123326,QB,PRVIEW A&M,1,71.4,35,36,12.2,2.45,0,3,7.7,66.7,24,0,10,4.0,36,1,16,270,73.2,91.0,91.3,62.8,0,0,39,0,0.0,142.4,0.0,0,0,0,1,4,0,0.0,412,11.4
18,Ryan Stubblefield,123838,QB,SCAR STATE,1,57.1,28,30,15.5,2.59,0,4,12.1,50.0,15,0,6,6.3,34,1,12,290,71.8,78.1,82.1,57.3,0,1,38,0,33.3,84.6,5.9,2,2,1,1,2,0,0.0,234,7.8
18,William Atkins IV,148354,QB,SCAR STATE,1,77.8,9,9,11.6,3.24,0,0,0.0,77.8,7,0,7,0.0,14,0,4,290,67.1,64.1,64.5,59.2,0,0,14,0,57.1,87.5,28.6,4,1,0,0,0,0,0.0,45,5.0
18,Cameron Bonner,144511,WR,PRVIEW A&M,1,100.0,1,1,-8.0,3.0,0,0,0.0,100.0,1,0,0,0.0,1,0,1,270,65.6,60.4,60.4,57.6,0,0,1,0,,118.8,0.0,0,0,0,0,0,0,0.0,24,24.0
week,player,player_id,position,team_name,player_game_count,accuracy_percent,aimed_passes,attempts,avg_depth_of_target,avg_time_to_throw,bats,big_time_throws,btt_rate,completion_percent,completions,declined_penalties,def_gen_pressures,drop_rate,dropbacks,drops,first_downs,franchise_id,grades_hands_fumble,grades_offense,grades_pass,grades_run,hit_as_threw,interceptions,passing_snaps,penalties,pressure_to_sack_rate,qb_rating,sack_percent,sacks,scrambles,spikes,thrown_aways,touchdowns,turnover_worthy_plays,twp_rate,yards,ypa
19,Keali'i Ah Yat,178141,QB,MONTANA,1,72.5,40,42,5.3,2.71,1,0,0.0,64.3,27,0,11,6.9,46,2,12,232,69.8,58.7,58.1,59.4,0,1,47,0,27.3,78.6,6.5,3,1,0,1,1,2,4.3,251,6.0
19,Tommy Rittenhouse,148028,QB,ILL STATE,1,57.1,35,38,12.7,2.84,0,1,2.4,47.4,18,0,12,10.0,42,2,13,188,70.9,60.7,62.3,54.4,1,1,45,1,8.3,75.7,2.4,1,3,0,2,2,1,2.2,251,6.6
19,Pat McQuaide,145792,QB,VILLANOVA,1,48.3,29,30,15.3,2.57,0,4,12.9,43.3,13,0,14,7.1,33,1,8,334,69.5,50.1,51.2,53.8,0,1,34,0,14.3,63.1,6.1,2,1,0,1,1,3,8.8,199,6.6
19,Justin Lamson,144052,QB,MONTANA ST,1,82.4,17,18,9.0,2.8,0,2,10.5,72.2,13,0,8,7.1,24,1,11,233,71.0,84.1,83.9,67.7,0,0,26,0,12.5,147.7,4.2,1,5,0,1,2,0,0.0,209,11.6
