week,player,player_id,position,team_name,player_game_count,attempts,avoided_tackles,breakaway_attempts,breakaway_percent,breakaway_yards,declined_penalties,designed_yards,drops,elu_recv_mtf,elu_rush_mtf,elu_yco,elusive_rating,explosive,first_downs,franchise_id,fumbles,gap_attempts,grades_hands_fumble,grades_offense,grades_offense_penalty,grades_pass,grades_pass_block,grades_pass_route,grades_run,grades_run_block,longest,penalties,rec_yards,receptions,routes,run_plays,scramble_yards,scrambles,targets,total_touches,touchdowns,yards,yards_after_contact,yco_attempt,ypa,yprr,zone_attempts
1,Christian McCaffrey,11763,HB,SF,1,22,2,0,0.0,0,0,69,0,4,2,45,39.6,1,6,28,0,5,79.1,59.9,80.7,,13.5,81.7,53.0,,13,0,73,9,29,23,0,0,10,31,0,69,45,2.05,3.1,2.52,16
1,Chase Brown,77787,HB,CIN,1,21,5,0,0.0,0,0,43,1,1,5,50,62.1,0,3,7,0,11,77.9,63.1,75.8,,75.2,36.1,68.3,,8,0,8,2,13,22,0,0,3,23,1,43,50,2.38,2.0,0.62,5
1,Ashton Jeanty,157196,HB,LV,1,19,4,0,0.0,0,0,38,0,0,4,44,44.1,0,2,23,0,6,77.1,53.3,78.3,,46.4,54.8,55.1,60.0,9,0,2,2,22,20,0,0,2,21,1,38,44,2.32,2.0,0.09,12
1,Josh Jacobs,45953,HB,GB,1,19,1,1,22.7,15,0,66,0,0,1,55,14.5,2,3,12,0,10,77.0,59.2,76.4,,42.0,53.1,65.1,35.7,15,0,4,1,15,21,0,0,1,20,1,66,55,2.89,3.5,0.27,9
1,Breece Hall,97636,HB,NYJ,1,19,2,3,47.7,51,0,107,0,1,2,90,67.7,4,7,22,0,1,77.1,81.5,76.3,,79.7,80.3,76.5,60.0,18,0,38,2,8,23,0,0,2,21,0,107,90,4.74,5.6,4.75,18
1,Kyren Williams,97118,HB,LA,1,18,2,0,0.0,0,1,66,0,0,2,42,24.6,0,3,26,0,13,77.0,56.9,76.7,,22.7,54.4,61.8,60.0,9,1,3,1,17,23,0,0,1,19,1,66,42,2.33,3.7,0.18,4
1,Jonathan Taylor,57488,HB,IND,1,18,2,1,21.1,15,0,71,0,1,2,41,32.5,2,3,14,0,7,77.3,64.7,77.6,,83.5,77.0,58.5,60.0,15,0,27,3,24,22,0,0,3,21,0,71,41,2.28,3.9,1.13,11
1,Tony Pollard,27126,HB,TEN,1,18,3,0,0.0,0,0,60,0,1,3,54,63.2,0,2,31,1,12,25.0,53.6,76.9,,38.4,68.0,53.6,,9,0,29,1,20,18,0,0,1,19,0,60,54,3.0,3.3,1.45,5
1,Derrick Henry,10679,HB,BLT,1,18,3,4,84.0,142,0,169,0,0,3,108,94.7,5,5,3,1,5,25.0,68.5,72.7,,66.6,74.3,65.5,60.0,49,0,13,1,5,19,0,0,1,19,2,169,108,6.0,9.4,2.6,13
1,Saquon Barkley,45791,HB,PHI,1,18,2,1,26.7,16,0,60,1,2,2,36,36.4,3,4,24,0,5,77.2,58.5,78.1,,27.4,63.0,58.4,60.0,16,0,24,4,27,20,0,0,5,22,1,60,36,2.0,3.3,0.89,12
1,D'Andre Swift,57212,HB,CHI,1,17,1,0,0.0,0,0,53,0,1,1,37,21.8,1,2,6,0,2,76.9,55.7,78.0,,84.5,64.6,50.9,,13,0,12,3,29,17,0,0,5,20,0,53,37,2.18,3.1,0.41,15
1,Travis Etienne Jr.,57185,HB,JAX,1,16,3,2,61.5,88,0,143,0,1,3,92,121.1,4,3,15,0,7,76.7,75.6,76.1,,25.0,66.9,76.8,60.0,71,0,13,3,15,21,0,0,3,19,0,143,92,5.75,8.9,0.87,9
1,J.K. Dobbins,57366,HB,DEN,1,16,3,1,30.2,19,0,63,0,0,3,51,53.1,2,2,10,0,9,76.2,68.3,74.6,,77.4,65.9,66.7,59.6,19,0,5,2,13,21,0,0,2,18,1,63,51,3.19,3.9,0.38,7
1,Chuba Hubbard,57373,HB,CAR,1,16,0,0,0.0,0,0,57,1,1,0,36,11.8,0,3,5,0,5,76.4,66.3,78.2,,27.1,68.1,66.4,60.0,9,0,32,3,19,17,0,0,4,19,0,57,36,2.25,3.6,1.68,11
1,Jordan Mason,62946,HB,MIN,1,15,3,2,54.4,37,0,68,0,1,3,56,93.3,2,3,18,0,8,76.0,73.2,73.4,,61.8,59.0,72.6,60.0,19,0,7,1,7,18,0,0,1,16,0,68,56,3.73,4.5,1.0,6
1,Javonte Williams,77803,HB,DAL,1,15,0,0,0.0,0,0,54,0,1,0,32,12.5,1,5,9,0,6,75.9,66.8,79.2,,19.2,54.0,73.6,60.0,11,0,10,2,27,16,0,0,2,17,2,54,32,2.13,3.6,0.37,8
1,Omarion Hampton,162750,HB,LAC,1,15,3,0,0.0,0,0,48,0,0,3,39,45.9,1,4,27,0,6,76.2,54.8,77.5,,18.7,56.0,59.0,60.0,11,0,13,2,25,21,0,0,2,17,0,48,39,2.6,3.2,0.52,9
1,Josh Allen,46601,QB,BUF,1,14,0,0,0.0,0,0,3,0,0,0,5,0.0,0,4,4,0,2,82.7,87.0,80.0,82.2,,,76.8,60.0,9,0,0,0,0,26,27,5,0,9,2,30,20,1.43,2.1,,0
1,Bucky Irving,144970,HB,TB,1,14,1,0,0.0,0,0,37,0,1,1,23,18.3,0,1,30,0,13,76.0,58.0,76.0,,48.8,61.8,57.2,60.0,9,0,8,4,21,16,0,0,4,18,0,37,23,1.64,2.6,0.38,1
1,Jalen Hurts,40291,QB,PHI,1,14,3,0,0.0,0,0,-1,0,0,0,1,0.0,1,7,24,0,0,79.2,88.6,78.9,70.7,,,90.7,60.0,15,1,0,0,0,28,63,9,0,5,2,62,38,2.71,4.4,,0
1,Nick Chubb,45783,HB,HST,1,13,5,0,0.0,0,0,60,0,0,5,33,97.6,2,4,13,0,9,75.5,63.9,75.1,,80.2,53.6,63.4,60.0,13,0,0,0,9,16,0,0,1,13,0,60,33,2.54,4.6,0.0,4
1,James Cook,83666,HB,BUF,1,13,1,0,0.0,0,0,44,0,4,1,32,68.4,1,3,4,0,7,75.8,64.7,78.4,,69.7,72.5,61.4,59.4,11,0,58,5,27,18,0,0,5,18,1,44,32,2.46,3.4,2.15,6
1,Dylan Sampson,163772,HB,CLV,1,12,1,0,0.0,0,0,29,0,3,1,27,45.0,0,2,8,0,7,76.1,70.8,75.9,,59.2,92.4,58.6,60.0,5,0,64,8,15,14,0,0,8,20,0,29,27,2.25,2.4,4.27,5
1,James Conner,11860,HB,ARZ,1,12,4,0,0.0,0,0,39,0,1,4,30,78.1,1,1,1,0,10,75.6,64.5,77.1,,25.7,70.6,65.7,60.0,12,0,5,4,21,14,0,0,4,16,0,39,30,2.5,3.3,0.24,2
1,Justin Fields,82118,QB,NYJ,1,12,1,1,31.3,15,0,37,0,0,1,9,9.0,1,5,22,0,1,79.1,82.2,0.0,90.4,,,59.0,60.0,15,1,0,0,0,38,11,2,0,10,2,48,13,1.08,4.0,,5
1,Zach Charbonnet,97630,HB,SEA,1,12,2,0,0.0,0,0,47,0,0,2,29,40.3,0,4,29,0,2,73.8,66.4,76.4,,42.6,52.8,69.6,60.0,7,0,0,0,11,13,0,0,0,12,1,47,29,2.42,3.9,0.0,9
1,Bijan Robinson,123126,HB,ATL,1,12,3,0,0.0,0,0,24,1,2,3,26,60.2,0,0,2,0,6,76.0,69.6,78.6,,74.3,81.6,60.3,59.9,6,0,100,6,36,16,0,0,7,18,0,24,26,2.17,2.0,2.78,6
1,DJ Giddens,144595,HB,IND,1,12,1,0,0.0,0,0,41,0,0,1,25,17.4,2,2,14,0,6,74.7,61.3,72.8,,73.5,60.0,60.8,60.0,12,0,0,0,1,16,0,0,0,12,0,41,25,2.08,3.4,0.0,6
1,Alvin Kamara,11822,HB,NO,1,11,3,1,40.0,18,0,45,0,1,3,36,100.7,1,3,20,0,3,75.0,61.4,81.0,,18.5,52.9,71.5,59.6,18,0,12,2,36,14,0,0,2,13,1,45,36,3.27,4.1,0.33,8
1,Jaylen Warren,98692,HB,PIT,1,11,3,0,0.0,0,0,37,0,0,3,33,69.2,0,1,25,0,3,74.4,67.6,74.8,,57.9,80.3,63.6,,9,0,22,2,9,11,0,0,2,13,0,37,33,3.0,3.4,2.44,8
1,Jayden Daniels,97993,QB,WAS,1,11,0,0,0.0,0,0,31,0,0,0,25,0.0,3,3,32,0,3,80.5,83.9,79.3,78.8,,,75.6,60.0,14,1,0,0,0,29,37,4,0,7,0,68,29,2.64,6.2,,1
1,David Montgomery,45719,HB,DET,1,11,1,0,0.0,0,0,25,0,0,1,23,13.9,0,1,11,0,4,74.9,67.8,74.9,,,72.0,65.4,,6,0,18,4,14,11,0,0,4,15,0,25,23,2.09,2.3,1.29,6
1,Tyler Allgeier,83639,HB,ATL,1,10,0,0,0.0,0,0,24,0,0,0,18,0.0,0,1,2,0,3,73.3,65.3,71.5,,72.4,54.1,66.0,60.0,5,0,0,0,6,11,0,0,0,10,0,24,18,1.8,2.4,0.0,7
1,Kenneth Walker III,97199,HB,SEA,1,10,0,0,0.0,0,0,20,0,1,0,17,13.1,0,0,29,0,6,74.2,62.5,77.2,,,73.9,56.5,59.8,8,0,4,3,9,11,0,0,3,13,0,20,17,1.7,2.0,0.44,4
1,Jacory Croskey-Merritt,102382,HB,WAS,1,10,3,1,51.2,42,0,82,0,0,3,42,126.0,3,4,32,0,10,73.3,79.3,74.9,,52.9,53.8,83.9,54.1,42,0,0,0,7,12,0,0,1,10,1,82,42,4.2,8.2,0.0,0
1,Tyrone Tracy,84226,HB,NYG,1,10,1,0,0.0,0,0,24,0,0,1,21,17.5,0,1,21,0,7,73.9,63.7,77.7,,27.6,50.0,74.3,60.0,6,0,11,2,30,12,0,0,3,12,0,24,21,2.1,2.4,0.37,3
1,Brian Robinson,57120,HB,SF,1,9,2,0,0.0,0,0,33,0,1,2,27,90.0,0,1,28,0,2,73.1,55.1,72.3,,,58.5,55.5,60.0,9,0,4,1,7,11,0,0,2,10,0,33,27,3.0,3.7,0.57,7
1,Jahmyr Gibbs,122474,HB,DET,1,9,4,0,0.0,0,0,19,0,3,4,19,77.8,1,1,11,0,3,75.8,62.2,77.6,,47.5,67.6,59.6,60.0,14,0,31,10,28,13,0,0,10,19,0,19,19,2.11,2.1,1.11,6
1,Bo Nix,97790,QB,DEN,1,8,2,0,0.0,0,0,3,0,0,0,1,0.0,1,2,10,1,1,35.2,40.5,0.0,38.2,,,67.3,60.0,11,2,0,0,0,28,15,2,0,6,0,18,15,1.88,2.3,,0
1,Aaron Jones,11937,HB,MIN,1,8,1,0,0.0,0,0,23,0,0,1,24,27.3,0,1,18,0,3,73.2,68.4,75.4,,28.6,77.3,60.5,79.5,9,0,44,3,13,8,0,0,3,11,0,23,24,3.0,2.9,3.38,4
1,Trey Benson,131705,HB,ARZ,1,8,3,1,75.4,52,0,69,0,1,3,35,194.4,1,1,1,0,7,72.5,59.6,74.3,,74.6,56.5,60.5,58.7,52,0,6,1,10,10,0,0,1,9,0,69,35,4.38,8.6,0.6,1
1,Russell Wilson,7077,QB,NYG,1,8,0,0,0.0,0,0,4,0,0,0,3,0.0,1,3,21,1,0,33.4,54.1,79.2,54.5,,,56.6,60.0,15,0,0,0,0,17,40,6,0,2,0,44,10,1.25,5.5,,0
1,Justin Herbert,28237,QB,LAC,1,7,0,0,0.0,0,0,-4,0,0,0,0,0.0,1,1,27,0,0,80.1,84.0,0.0,81.6,,,73.9,60.0,19,1,0,0,0,22,36,4,0,3,0,32,5,0.71,4.6,,0
1,De'Von Achane,124305,HB,MIA,1,7,2,2,74.5,41,0,55,1,2,2,39,222.9,2,2,17,0,2,72.7,64.6,76.0,,41.0,48.0,74.8,60.0,26,0,20,3,21,8,0,0,4,10,0,55,39,5.57,7.9,0.95,5
1,Daniel Jones,39395,QB,IND,1,7,1,0,0.0,0,0,6,0,0,0,4,0.0,1,4,14,0,0,79.0,72.8,79.4,66.5,,,75.2,60.0,11,0,0,0,0,39,20,3,0,4,2,26,7,1.0,3.7,,0
1,Kenneth Gainwell,77737,HB,PIT,1,7,1,0,0.0,0,0,19,0,0,1,20,28.6,0,1,25,1,2,21.4,47.2,77.8,,65.2,58.6,41.9,,6,0,4,3,16,7,0,0,3,10,0,19,20,2.86,2.7,0.25,5
1,Rhamondre Stevenson,98689,HB,NE,1,7,0,0,0.0,0,0,15,0,0,0,17,0.0,0,1,19,0,7,72.3,53.0,76.9,,56.4,56.7,51.5,59.4,6,0,12,2,23,10,0,0,3,9,0,15,17,2.43,2.1,0.52,0
1,Kyler Murray,38334,QB,ARZ,1,7,2,0,0.0,0,0,7,0,0,0,2,0.0,2,3,1,0,2,79.9,65.8,0.0,64.5,,,67.3,60.0,13,1,0,0,0,24,31,4,0,3,0,38,15,2.14,5.4,,0
1,Lamar Jackson,46416,QB,BLT,1,6,1,1,24.3,17,0,51,0,0,0,3,0.0,5,5,3,0,0,77.4,79.2,78.2,65.6,,,88.2,60.0,19,0,0,0,0,28,19,1,0,5,1,70,44,7.33,11.7,,5
1,Caleb Williams,144622,QB,CHI,1,6,5,0,0.0,0,0,0,0,0,0,,100.0,3,4,6,0,0,80.2,77.1,79.3,67.9,,,86.1,60.0,13,1,0,0,0,20,58,6,0,0,1,58,33,5.5,9.7,,0
1,Austin Ekeler,12164,HB,WAS,1,6,0,0,0.0,0,0,26,0,2,0,18,66.7,0,1,32,0,5,72.0,57.1,0.0,,58.9,64.5,58.5,58.8,6,1,31,3,19,9,0,0,3,9,0,26,18,3.0,4.3,1.63,1
1,Braelon Allen,145159,HB,NYJ,1,6,0,0,0.0,0,0,9,0,0,0,13,0.0,0,1,22,0,0,71.4,49.9,76.4,,78.1,56.9,50.3,58.5,8,0,0,0,3,14,0,0,0,6,1,9,13,2.17,1.5,0.0,6
1,Patrick Mahomes,11765,QB,KC,1,6,0,0,0.0,0,0,0,0,0,0,,100.0,4,5,16,0,0,80.3,79.0,78.9,69.1,,,87.6,60.0,15,0,0,0,0,12,57,6,0,0,1,57,2,0.33,9.5,,0
1,RJ Harvey,99622,HB,DEN,1,6,2,1,71.4,50,0,70,0,0,2,58,276.2,1,1,10,0,4,71.1,66.4,74.8,,73.1,53.1,71.1,60.0,50,0,-1,1,14,7,0,0,1,7,0,70,58,9.67,11.7,-0.07,2
1,Michael Penix Jr.,82134,QB,ATL,1,6,1,0,0.0,0,0,-1,0,0,0,0,0.0,1,3,2,1,1,80.7,68.9,79.6,67.0,,,65.1,60.0,12,0,0,0,0,25,22,4,0,2,1,21,17,2.83,3.5,,0
1,Jerome Ford,83601,HB,CLV,1,6,1,0,0.0,0,0,8,0,0,1,9,21.4,0,0,8,0,2,71.1,49.4,77.1,,52.4,50.1,48.7,60.0,2,0,-3,1,25,7,0,0,1,7,0,8,9,1.5,1.3,-0.12,4
1,Isiah Pacheco,83747,HB,KC,1,5,2,0,0.0,0,0,25,1,0,2,16,91.4,1,1,16,0,1,71.6,56.3,77.6,,75.3,37.6,65.6,,10,0,3,2,21,6,0,0,3,7,0,25,16,3.2,5.0,0.14,3
1,Kendre Miller,123091,HB,NO,1,5,3,0,0.0,0,0,24,0,0,3,15,180.0,1,1,20,0,4,72.9,64.5,71.7,,75.7,54.9,64.9,60.0,10,0,0,0,2,6,0,0,0,5,0,24,15,3.0,4.8,0.0,1
1,Tank Bigsby,123974,HB,JAX,1,5,0,0,0.0,0,0,12,0,0,0,14,0.0,0,1,15,0,2,71.7,68.5,71.4,,,54.5,69.9,,4,0,0,0,7,6,0,0,0,5,0,12,14,2.8,2.4,0.0,2
1,Baker Mayfield,46518,QB,TB,1,5,0,0,0.0,0,0,-1,0,0,0,0,0.0,2,3,30,0,0,79.0,57.0,78.5,52.9,,,70.3,60.0,20,0,0,0,0,20,40,4,0,1,0,39,6,1.2,7.8,,0
1,C.J. Stroud,129759,QB,HST,1,5,0,0,0.0,0,0,2,0,0,0,2,0.0,1,3,13,0,0,79.0,73.1,79.0,65.4,,,80.5,60.0,14,1,0,0,0,25,30,4,0,1,0,32,4,0.8,6.4,,0
1,TreVeyon Henderson,145059,HB,NE,1,5,1,0,0.0,0,0,27,0,0,1,8,14.5,1,1,19,0,3,74.9,63.2,76.8,,,65.6,61.5,,14,0,24,6,18,7,0,0,6,11,0,27,8,1.6,5.4,1.33,2
1,Brock Purdy,77672,QB,SF,1,5,0,0,0.0,0,1,-2,0,0,0,0,0.0,0,0,28,0,0,79.7,69.4,79.6,68.2,,,61.8,60.0,9,1,0,0,0,34,19,3,0,2,0,17,5,1.0,3.4,,0
1,Kareem Hunt,11841,HB,KC,1,5,0,0,0.0,0,0,16,0,0,0,11,0.0,0,2,16,0,2,70.9,63.7,74.5,,5.2,63.7,68.1,,6,0,10,2,17,5,0,0,3,7,0,16,11,2.2,3.2,0.59,2
1,Bryce Young,123943,QB,CAR,1,5,0,0,0.0,0,0,-1,0,0,0,0,0.0,1,2,5,1,0,29.1,71.1,78.9,71.8,,,56.2,60.0,22,0,0,0,0,21,41,4,0,1,0,40,22,4.4,8.0,,0
1,Spencer Rattler,97408,QB,NO,1,4,0,0,0.0,0,0,8,0,0,0,4,0.0,1,1,20,0,2,81.2,77.3,79.7,73.7,,,72.0,60.0,12,0,0,0,0,22,21,2,0,2,0,29,26,6.5,7.3,,0
1,Jeremy McNichols,11917,HB,WAS,1,4,0,0,0.0,0,0,25,0,0,0,13,0.0,1,2,32,0,4,68.6,63.4,75.2,,,55.1,64.3,60.0,13,0,0,0,5,8,0,0,0,4,0,25,13,3.25,6.3,0.0,0
1,Trevor Lawrence,77632,QB,JAX,1,4,0,0,0.0,0,0,-2,0,0,0,0,0.0,1,2,15,0,0,78.6,63.0,79.0,59.0,,,70.6,60.0,10,1,0,0,0,32,14,2,0,2,0,12,0,0.0,3.0,,0
1,Miles Sanders,40555,HB,DAL,1,4,0,1,92.5,49,0,53,0,0,0,13,0.0,1,1,9,1,2,17.4,48.4,71.7,,76.0,65.9,44.7,,49,0,-3,1,3,4,0,0,1,5,0,53,13,3.25,13.3,-1.0,2
1,Drake Maye,143969,QB,NE,1,4,0,0,0.0,0,0,4,0,0,0,3,0.0,0,0,19,1,0,80.9,69.3,0.0,73.4,,,46.3,60.0,4,1,2,1,0,17,7,3,1,2,0,11,3,0.75,2.8,,1
1,Matthew Stafford,4924,QB,LA,1,4,0,0,0.0,0,0,-2,0,0,0,18,0.0,0,0,26,1,0,28.4,92.9,78.8,93.8,,,44.4,60.0,0,0,0,0,0,26,0,0,0,4,0,-2,18,4.5,-0.5,,0
1,Woody Marks,124179,HB,HST,1,3,0,0,0.0,0,0,3,0,0,0,6,0.0,0,0,13,0,2,67.2,42.9,69.6,,3.1,56.9,52.4,,2,0,0,0,3,3,0,0,0,3,0,3,6,2.0,1.0,0.0,1
1,Bhayshul Tuten,150568,HB,JAX,1,3,0,0,0.0,0,0,11,0,0,0,13,0.0,0,1,15,0,0,69.0,56.5,66.3,,,,57.3,60.0,8,0,0,0,0,4,0,0,0,3,0,11,13,4.33,3.7,,3
1,Will Shipley,144138,HB,PHI,1,3,0,1,76.9,20,0,26,0,0,0,11,0.0,1,2,24,0,1,67.7,66.8,66.7,,,73.2,62.6,,20,0,0,0,3,2,0,0,0,3,0,26,11,3.67,8.7,0.0,1
1,Devin Singletary,40485,HB,NYG,1,3,1,0,0.0,0,0,9,0,0,1,6,66.7,0,0,21,0,0,67.2,56.1,72.4,,73.0,54.4,57.7,,8,0,0,0,6,3,0,0,0,3,0,9,6,2.0,3.0,0.0,3
1,AJ Dillon,57165,HB,PHI,1,3,1,0,0.0,0,0,10,0,0,1,10,111.1,0,1,24,0,3,67.2,59.3,72.0,,,58.5,59.5,60.0,9,0,0,0,2,6,0,0,0,3,0,10,10,3.33,3.3,0.0,0
1,DJ Moore,48267,WR,CHI,1,3,1,0,0.0,0,0,8,0,0,1,5,27.8,0,1,6,1,0,68.7,59.9,0.0,,,62.6,58.9,59.2,5,2,68,3,38,15,0,0,5,6,0,8,5,1.67,2.7,1.79,2
1,Raheim Sanders,146626,HB,CLV,1,3,0,0,0.0,0,0,3,0,0,0,2,0.0,0,2,8,0,1,67.2,65.0,67.5,,,,63.3,,2,0,0,0,0,3,0,0,0,3,1,3,2,0.67,1.0,,1
1,Jordan Love,40306,QB,GB,1,3,0,0,0.0,0,0,1,0,0,0,1,0.0,0,1,12,0,0,76.7,76.3,77.8,75.9,,,60.6,60.0,3,0,0,0,0,24,3,1,0,2,0,4,1,0.33,1.3,,0
1,Rico Dowdle,40693,HB,CAR,1,3,0,0,0.0,0,0,12,1,0,0,4,0.0,0,0,5,0,1,69.0,40.9,76.1,,14.0,36.4,58.1,60.0,9,0,4,2,13,5,0,0,3,5,0,12,4,1.33,4.0,0.31,2
1,Zamir White,83665,HB,LV,1,3,0,0,0.0,0,0,8,0,0,0,9,0.0,0,0,23,0,0,69.0,49.0,70.0,,75.7,56.4,49.4,,5,0,0,0,5,3,0,0,0,3,0,8,9,3.0,2.7,0.0,3
1,Dameon Pierce,83659,HB,HST,1,3,0,0,0.0,0,0,5,1,0,0,3,0.0,0,0,13,0,2,67.2,34.6,69.6,,3.1,26.0,55.4,60.0,2,0,0,0,3,4,0,0,1,3,0,5,3,1.0,1.7,0.0,1
1,Cam Skattebo,147787,HB,NYG,1,2,0,0,0.0,0,0,-3,0,3,0,1,37.5,0,0,21,0,1,67.8,75.6,69.0,,77.0,91.4,56.6,,-1,0,12,2,3,2,0,0,2,4,0,-3,1,0.5,-1.5,4.0,1
1,Zay Flowers,97268,WR,BLT,1,2,1,0,0.0,0,1,8,0,0,1,4,22.2,0,0,3,0,2,71.1,83.8,0.0,,,86.4,62.9,59.7,8,1,143,7,22,23,0,0,9,9,0,8,4,2.0,4.0,6.5,0
1,KaVontae Turpin,47658,WR,DAL,1,2,1,0,0.0,0,0,9,0,1,1,6,150.0,0,1,9,0,1,73.7,63.8,75.6,,,61.4,64.3,59.2,5,0,18,2,17,9,0,0,2,4,0,9,6,3.0,4.5,1.06,0
1,Joe Flacco,4332,QB,CLV,1,2,0,0,0.0,0,0,2,0,0,0,2,0.0,0,1,8,0,0,80.9,73.1,0.0,73.2,,,62.7,60.2,4,1,0,0,0,23,4,1,0,1,0,6,2,1.0,3.0,,0
1,Ollie Gordon II,157792,HB,MIA,1,2,0,0,0.0,0,0,4,0,1,0,2,33.3,0,1,17,0,1,66.7,60.4,75.7,,72.4,56.9,61.5,,3,0,-1,1,9,2,0,0,1,3,0,4,2,1.0,2.0,-0.11,1
1,Dyami Brown,77986,WR,JAX,1,2,0,0,0.0,0,0,6,1,0,0,2,0.0,0,1,15,0,0,68.7,65.1,78.0,,,62.6,62.3,72.3,4,1,52,3,28,19,0,0,4,5,0,6,2,1.0,3.0,1.86,0
1,Justice Hill,45865,HB,BLT,1,2,0,0,0.0,0,0,-14,1,0,0,-9,0.0,0,0,3,1,1,14.3,35.1,77.8,,17.9,42.5,43.5,57.1,1,0,3,1,13,9,0,0,2,3,0,-14,-9,-4.5,-7.0,0.23,1
1,Isaiah Davis,138299,HB,NYJ,1,2,2,1,83.3,15,0,18,0,0,2,9,450.0,1,0,22,0,2,65.2,63.7,75.2,,79.4,54.2,63.1,,15,0,0,0,4,2,0,0,0,2,0,18,9,4.5,9.0,0.0,0
1,Geno Smith,7820,QB,LV,1,2,0,0,0.0,0,0,-1,0,0,0,0,0.0,1,1,23,0,0,79.3,83.8,78.9,80.1,,,68.3,60.0,11,0,0,0,0,23,11,1,0,1,0,10,21,10.5,5.0,,0
1,Devin Neal,144558,HB,NO,1,2,0,0,0.0,0,0,9,0,0,0,3,0.0,0,0,20,0,0,65.2,51.2,71.9,,,55.9,53.7,60.0,5,0,0,0,3,3,0,0,0,2,0,9,3,1.5,4.5,0.0,2
1,Sam Darnold,29048,QB,SEA,1,2,0,0,0.0,0,0,9,0,0,0,0,0.0,0,1,29,1,0,77.1,82.6,78.2,82.6,,,58.4,60.2,9,1,0,0,0,24,5,1,0,1,0,14,0,0.0,7.0,,1
1,Dare Ogunbowale,12329,HB,HST,1,2,1,0,0.0,0,0,9,0,0,1,11,137.5,0,0,13,1,1,15.3,39.6,75.4,,54.8,28.5,54.8,,7,0,17,2,8,2,0,0,2,4,0,9,11,5.5,4.5,2.13,1
1,Julius Chestnut,109239,HB,TEN,1,2,0,0,0.0,0,0,2,0,0,0,2,0.0,0,0,31,0,2,65.2,51.9,69.8,,74.6,58.0,53.6,60.0,1,0,0,0,2,3,0,0,0,2,0,2,2,1.0,1.0,0.0,0
1,J.J. McCarthy,144918,QB,MIN,1,2,1,0,0.0,0,0,14,0,0,0,2,0.0,2,2,18,0,0,77.8,63.3,0.0,61.0,,,71.9,60.0,14,2,0,0,0,25,11,1,0,1,1,25,2,1.0,12.5,,1
1,Joe Burrow,28022,QB,CIN,1,2,0,0,0.0,0,0,0,0,0,0,,100.0,0,0,7,0,0,77.4,75.6,78.3,78.7,,,48.1,60.0,2,1,0,0,0,22,3,2,0,0,0,3,15,7.5,1.5,,0
1,Rachaad White,131633,HB,TB,1,2,0,0,0.0,0,0,14,0,0,0,5,0.0,1,1,30,0,1,66.7,58.1,79.2,,17.9,59.1,62.8,60.0,11,0,2,1,8,4,0,0,1,3,0,14,5,2.5,7.0,0.25,1
1,Ty Johnson,45769,HB,BUF,1,2,0,1,70.8,17,0,24,1,0,0,6,0.0,1,1,4,0,0,68.2,56.1,77.0,,42.8,48.7,62.9,60.0,17,0,0,0,18,5,0,0,1,2,0,24,6,3.0,12.0,0.0,1
1,Deebo Samuel,48274,WR,WAS,1,1,1,1,100.0,19,0,19,1,0,1,15,187.5,1,1,32,0,1,72.9,71.9,77.4,,,67.9,72.3,59.1,19,0,77,7,31,21,0,0,10,8,1,19,15,15.0,19.0,2.48,0
1,Aaron Rodgers,2241,QB,PIT,1,1,0,0,0.0,0,0,-1,0,0,0,0,0.0,0,0,25,0,0,78.7,54.5,0.0,56.2,,,60.0,60.0,-1,1,0,0,0,20,0,0,0,1,0,-1,0,0.0,-1.0,,0
1,Xavier Worthy,144718,WR,KC,1,1,0,0,,0,0,0,0,0,0,1,0.0,0,0,16,0,1,61.9,55.8,68.5,,,60.0,59.2,60.0,0,0,0,0,1,2,0,0,1,1,0,0,1,1.0,0.0,0.0,0
1,Emeka Egbuka,145055,WR,TB,1,1,0,0,0.0,0,0,9,0,0,0,1,0.0,0,0,30,0,0,68.3,69.8,78.6,,,68.1,63.1,58.5,9,0,67,4,36,17,0,0,6,5,0,9,1,1.0,9.0,1.86,0
1,Jalen Milroe,146590,QB,SEA,1,1,0,0,0.0,0,0,1,0,0,0,2,0.0,0,0,29,0,0,61.9,58.3,64.6,,,,59.4,,1,0,0,0,0,1,0,0,0,1,0,1,2,2.0,1.0,,0
1,Brian Thomas Jr.,146760,WR,JAX,1,1,0,0,0.0,0,0,9,1,0,0,0,0.0,0,1,15,0,0,64.6,50.0,78.2,,,50.5,63.1,41.3,9,0,11,1,33,23,0,0,7,2,1,9,0,0.0,9.0,0.33,0
1,Elijah Moore,84302,WR,BUF,1,1,0,0,0.0,0,0,8,0,0,0,4,0.0,0,1,4,0,0,64.6,66.0,73.9,,,55.9,65.3,84.8,8,0,3,1,7,3,0,0,1,2,0,8,4,4.0,8.0,0.43,0
1,Kaleb Johnson,156419,HB,PIT,1,1,1,0,0.0,0,0,-2,0,0,1,3,300.0,0,0,25,0,0,18.3,52.7,64.4,,,59.9,56.3,,-2,0,0,0,1,1,0,0,0,1,0,-2,3,3.0,-2.0,0.0,1
1,Trevor Etienne,157730,HB,CAR,1,1,0,0,0.0,0,0,4,0,0,0,2,0.0,0,0,5,0,1,70.1,57.7,65.2,,,,59.7,59.8,4,0,0,0,0,2,0,0,0,1,0,4,2,2.0,4.0,,0
1,Dak Prescott,10769,QB,DAL,1,1,2,0,0.0,0,0,0,0,0,0,,100.0,0,0,9,0,0,79.0,90.0,78.7,86.1,,,65.6,60.0,3,0,0,0,0,21,3,1,0,0,0,3,13,13.0,3.0,,0
1,Emanuel Wilson,154173,HB,GB,1,1,0,0,0.0,0,0,4,0,0,0,3,0.0,0,0,12,0,0,61.9,56.4,66.9,,,,58.8,60.0,4,0,0,0,0,2,0,0,0,1,0,4,3,3.0,4.0,,1
1,Ashton Dulin,91479,WR,IND,1,1,2,1,100.0,15,0,15,0,0,2,10,2.0e3,1,1,14,0,0,65.8,81.5,70.6,,,,70.0,50.7,15,0,0,0,0,10,0,0,0,1,0,15,10,10.0,15.0,,0
1,Malik Washington,97108,WR,MIA,1,1,0,0,0.0,0,0,9,0,1,0,6,200.0,0,0,17,0,1,72.3,55.6,75.8,,,53.4,62.9,60.0,9,0,20,2,26,2,0,0,5,3,0,9,6,6.0,9.0,0.77,0
1,Jared Goff,10635,QB,DET,1,1,0,0,0.0,0,0,-1,0,0,0,0,0.0,0,0,11,0,0,27.3,45.5,79.0,45.7,,,60.0,60.0,-1,0,0,0,0,23,0,0,0,1,0,-1,0,0.0,-1.0,,0
1,Chris Brooks,83644,HB,GB,1,1,0,0,0.0,0,0,1,0,0,0,2,0.0,0,0,12,0,1,64.6,66.8,75.5,,81.9,59.5,59.5,76.7,1,0,2,1,3,3,0,0,1,2,0,1,2,2.0,1.0,0.67,0
1,Ulysses Bentley IV,97200,HB,IND,1,1,0,0,,0,0,0,0,0,0,1,0.0,0,0,14,0,0,61.9,55.5,66.4,,,59.9,58.5,,0,0,0,0,1,1,0,0,0,1,0,0,1,1.0,0.0,0.0,1
1,Najee Harris,57121,HB,LAC,1,1,0,0,0.0,0,0,5,0,0,0,4,0.0,0,0,27,0,0,64.6,60.6,72.5,,21.4,58.5,62.6,,5,0,5,1,6,1,0,0,1,2,0,5,4,4.0,5.0,0.83,1
1,Jordan Whittington,97623,WR,LA,1,1,0,0,0.0,0,0,5,0,0,0,2,0.0,0,0,26,0,0,69.1,60.6,77.1,,,66.4,56.6,53.4,5,0,0,0,10,19,0,0,0,1,0,5,2,2.0,5.0,0.0,0
1,LeQuint Allen,158290,HB,JAX,1,1,0,0,0.0,0,0,7,0,0,0,4,0.0,0,1,15,0,0,64.6,64.1,75.0,,79.4,59.1,61.5,,7,0,4,1,6,1,0,0,1,2,0,7,4,4.0,7.0,0.67,1
1,Zach Wilson,82096,QB,MIA,1,1,0,0,0.0,0,0,0,0,0,0,,100.0,0,0,17,0,0,70.9,47.7,71.9,49.7,,,58.3,,3,0,0,0,0,0,3,1,0,0,0,3,0,0.0,3.0,,0
1,Derius Davis,78196,WR,LAC,1,1,2,0,0.0,0,0,3,0,0,2,5,1.0e3,0,0,27,0,0,66.2,63.5,72.0,,,57.3,63.1,59.0,3,0,0,0,3,5,0,0,0,1,0,3,5,5.0,3.0,0.0,0
1,Puka Nacua,100632,WR,LA,1,1,0,0,0.0,0,0,1,0,3,0,1,27.3,0,0,26,0,0,71.7,91.6,75.6,,,92.3,56.6,50.3,1,0,130,10,22,15,0,0,11,11,0,1,1,1.0,1.0,5.91,1
1,Ray Davis,101072,HB,BUF,1,1,0,0,0.0,0,0,2,0,0,0,2,0.0,0,0,4,0,0,66.7,51.6,72.5,,,57.2,52.6,60.0,2,0,-1,1,6,3,0,0,1,2,0,2,2,2.0,2.0,-0.17,1
1,Jameson Williams,101701,WR,DET,1,1,1,0,0.0,0,0,3,0,0,1,8,160.0,0,0,11,0,0,68.3,53.7,0.0,,,55.5,56.6,78.5,3,1,23,4,43,21,0,0,5,5,0,3,8,8.0,3.0,0.53,0
1,Antonio Gibson,78050,HB,NE,1,1,0,0,0.0,0,0,3,0,0,0,4,0.0,0,0,19,0,0,68.2,47.9,70.9,,,45.9,56.7,60.0,3,0,0,0,3,2,0,0,1,1,0,3,4,4.0,3.0,0.0,1
1,Tucker Kraft,104034,TE,GB,1,1,0,0,0.0,0,0,3,0,0,0,1,0.0,0,0,12,0,0,66.2,63.9,74.5,,72.9,68.2,57.2,58.2,3,0,16,2,18,21,0,0,4,3,0,3,1,1.0,3.0,0.89,0
1,Demario Douglas,104155,WR,NE,1,1,0,0,0.0,0,0,4,1,2,0,2,133.3,0,0,19,0,0,66.2,48.6,77.0,,,50.5,56.6,57.2,4,0,-2,2,39,5,0,0,5,3,0,4,2,2.0,4.0,-0.05,0
1,Rasheen Ali,121717,HB,BLT,1,1,0,0,0.0,0,0,5,0,0,0,3,0.0,0,0,3,0,1,73.2,64.4,62.8,,,,62.6,,5,0,0,0,0,1,0,0,0,1,0,5,3,3.0,5.0,,0
1,Xavier Hutchinson,122518,WR,HST,1,1,1,0,0.0,0,0,5,0,0,1,3,100.0,0,1,13,0,0,66.2,60.8,78.3,,,59.3,62.1,56.3,5,0,30,2,23,17,0,0,2,3,0,5,3,3.0,5.0,1.3,0
1,Sean Tucker,123056,HB,TB,1,1,0,0,0.0,0,0,2,0,0,0,1,0.0,0,0,30,0,0,70.8,63.9,66.4,,,,62.8,,2,0,0,0,0,2,0,0,0,1,0,2,1,1.0,2.0,,1
1,Harold Fannin Jr.,163104,TE,CLV,1,1,1,0,0.0,0,0,3,1,1,1,3,75.0,0,0,8,0,1,70.8,54.3,0.0,,66.3,60.4,59.5,49.5,3,1,63,7,31,19,0,0,9,8,0,3,3,3.0,3.0,2.03,0
1,Tyler Conklin,47124,TE,LAC,1,1,0,0,0.0,0,0,2,0,0,0,2,0.0,0,1,27,1,0,14.1,57.4,75.9,,,44.1,62.6,67.4,2,0,50,2,12,14,0,0,2,3,0,2,2,2.0,2.0,4.17,0
1,Justin Jefferson,61398,WR,MIN,1,1,0,0,0.0,0,0,4,2,1,0,3,60.0,0,0,18,0,0,67.0,58.3,78.5,,,57.8,,61.1,4,0,44,4,25,25,0,0,7,5,0,4,3,3.0,4.0,1.76,0
1,Tua Tagovailoa,60326,QB,MIA,1,1,0,0,0.0,0,0,0,0,0,0,,100.0,0,0,17,1,0,25.5,52.5,77.1,53.2,,,58.3,60.0,7,0,0,0,0,10,7,1,0,0,0,7,0,0.0,7.0,,0
1,AJ Barner,129433,TE,SEA,1,1,0,0,0.0,0,0,2,0,0,0,1,0.0,0,1,29,0,0,64.6,60.1,74.7,,72.1,46.7,62.6,68.7,2,0,0,1,19,21,0,0,2,2,0,2,1,1.0,2.0,0.0,0
1,Blake Corum,129574,HB,LA,1,1,0,0,0.0,0,0,2,0,0,0,5,0.0,0,0,26,0,0,64.6,60.5,71.8,,75.7,73.3,56.7,60.0,2,0,14,1,5,2,0,0,1,2,0,2,5,5.0,2.0,2.8,1
1,Tyler Warren,129798,TE,IND,1,1,0,0,0.0,0,0,3,0,1,0,2,25.0,0,1,14,0,0,70.8,90.4,79.2,,78.3,79.0,62.4,88.6,3,0,76,7,24,25,0,0,9,8,0,3,2,2.0,3.0,3.17,0
1,Chimere Dike,129918,WR,TEN,1,1,1,0,0.0,0,0,9,0,0,1,5,500.0,0,0,31,0,0,74.5,59.4,72.9,,,55.4,63.1,53.1,9,0,0,0,5,5,0,0,1,1,0,9,5,5.0,9.0,0.0,0
week,player,player_id,position,team_name,player_game_count,attempts,avoided_tackles,breakaway_attempts,breakaway_percent,breakaway_yards,declined_penalties,designed_yards,drops,elu_recv_mtf,elu_rush_mtf,elu_yco,elusive_rating,explosive,first_downs,franchise_id,fumbles,gap_attempts,grades_hands_fumble,grades_offense,grades_offense_penalty,grades_pass,grades_pass_block,grades_pass_route,grades_run,grades_run_block,longest,penalties,rec_yards,receptions,routes,run_plays,scramble_yards,scrambles,targets,total_touches,touchdowns,yards,yards_after_contact,yco_attempt,ypa,yprr,zone_attempts
2,Jonathan Taylor,57488,HB,IND,1,25,8,1,41.2,68,0,165,0,0,8,135,160.0,3,4,14,0,14,79.0,73.3,78.8,,70.2,74.0,70.6,60.0,68,0,50,2,27,31,0,0,2,27,0,165,135,5.4,6.6,1.85,11
2,Josh Jacobs,45953,HB,GB,1,23,4,0,0.0,0,0,84,0,0,4,72,54.4,1,4,12,0,12,78.4,64.7,0.0,,28.8,52.3,70.4,60.0,10,1,0,0,16,28,0,0,0,23,1,84,72,3.13,3.7,0.0,11
2,Bijan Robinson,123126,HB,ATL,1,22,12,3,42.0,60,0,143,1,1,12,97,229.3,4,5,2,0,6,78.1,75.1,76.2,,24.3,45.3,84.4,,25,0,25,3,18,22,0,0,5,25,0,143,97,4.41,6.5,1.39,15
2,Saquon Barkley,45791,HB,PHI,1,22,3,0,0.0,0,0,88,0,1,3,49,37.1,2,3,24,0,4,77.7,57.1,80.2,,34.0,56.2,63.0,43.0,13,0,6,2,12,28,0,0,2,24,1,88,49,2.23,4.0,0.5,17
2,Alvin Kamara,11822,HB,NO,1,21,5,1,15.2,15,0,99,0,1,5,66,69.8,3,4,20,1,9,27.7,63.4,79.3,,61.9,34.4,71.9,60.0,15,0,21,6,32,22,0,0,6,27,0,99,66,3.14,4.7,0.66,11
2,James Cook,83666,HB,BUF,1,21,2,1,33.3,44,0,132,0,1,2,88,57.1,2,6,4,1,8,26.1,72.7,74.2,,66.3,57.1,72.5,59.9,44,0,3,1,10,24,0,0,1,22,2,132,88,4.19,6.3,0.3,13
2,Tony Pollard,27126,HB,TEN,1,20,3,0,0.0,0,0,92,1,0,3,63,47.3,2,5,31,0,4,77.1,57.4,80.5,,80.5,36.1,64.2,60.0,10,0,0,0,29,22,0,0,1,20,0,92,63,3.15,4.6,0.0,16
2,Javonte Williams,77803,HB,DAL,1,18,5,2,50.5,49,0,97,0,1,5,79,109.7,3,5,9,0,8,77.5,68.3,79.7,,86.1,61.4,67.8,,30,0,33,6,30,18,0,0,6,24,1,97,79,4.39,5.4,1.1,9
2,Bucky Irving,144970,HB,TB,1,17,4,0,0.0,0,0,71,0,5,4,47,108.2,1,2,30,0,14,77.6,63.7,77.6,,8.2,73.1,63.2,60.0,10,0,50,6,33,19,0,0,6,23,0,71,47,2.76,4.2,1.52,2
2,Kyren Williams,97118,HB,LA,1,17,1,1,22.7,15,0,66,0,0,1,51,15.8,2,3,26,0,6,76.6,65.4,75.8,,85.9,57.1,64.4,60.0,15,0,14,2,15,20,0,0,2,19,0,66,51,3.0,3.9,0.93,11
2,Tyler Allgeier,83639,HB,ATL,1,16,1,1,22.4,17,0,76,0,0,1,44,16.2,3,7,2,0,4,76.6,70.9,72.0,,76.8,61.4,68.8,,17,0,4,1,2,17,0,0,1,17,1,76,44,2.75,4.8,2.0,11
2,Chase Brown,77787,HB,CIN,1,16,2,0,0.0,0,0,47,0,0,2,35,24.3,1,4,7,0,7,76.2,52.3,78.3,,12.4,61.5,56.9,60.0,11,0,18,2,22,18,0,0,3,18,0,47,35,2.19,2.9,0.82,9
2,Zach Charbonnet,97630,HB,SEA,1,15,1,0,0.0,0,0,10,0,0,1,26,11.6,0,0,29,0,3,75.5,47.7,75.1,,81.3,51.2,48.0,60.0,6,0,0,0,13,16,0,0,0,15,0,10,26,1.73,0.7,0.0,12
2,J.K. Dobbins,57366,HB,DEN,1,14,0,2,53.9,41,0,76,0,0,0,40,0.0,2,5,10,0,7,75.7,65.7,0.0,,,65.7,68.3,60.0,23,1,9,1,10,16,0,0,2,15,1,76,40,2.86,5.4,0.9,6
2,Travis Etienne Jr.,57185,HB,JAX,1,14,0,1,42.3,30,0,71,0,0,0,34,0.0,1,3,15,0,5,75.5,60.9,79.0,,81.5,66.8,56.7,56.4,30,0,18,2,22,17,0,0,3,16,0,71,34,2.43,5.1,0.82,7
2,Jaylen Warren,98692,HB,PIT,1,14,2,0,0.0,0,0,48,0,6,2,32,101.6,0,5,25,0,9,76.0,77.7,76.9,,79.3,90.4,69.8,60.0,9,0,86,4,16,16,0,0,4,18,0,48,32,2.29,3.4,5.38,5
2,Kenneth Walker III,97199,HB,SEA,1,13,4,3,51.4,54,0,105,0,0,4,61,134.1,4,7,29,0,4,74.9,91.0,73.8,,20.1,59.9,90.9,,20,0,13,1,7,13,0,0,1,14,1,105,61,4.69,8.1,1.86,9
2,Christian McCaffrey,11763,HB,SF,1,13,3,0,0.0,0,0,55,0,0,3,39,47.4,1,4,28,0,3,76.0,76.9,78.5,,55.9,74.7,75.9,60.0,10,0,52,6,35,15,0,0,7,19,0,55,39,3.0,4.2,1.49,10
2,Nick Chubb,45783,HB,HST,1,12,0,1,58.1,25,0,43,0,0,0,13,0.0,1,2,13,0,8,75.2,65.2,74.0,,82.0,69.8,61.7,,25,0,29,2,9,13,0,0,2,14,1,43,13,1.08,3.6,3.22,4
2,Jahmyr Gibbs,122474,HB,DET,1,12,4,2,72.3,68,0,94,0,1,4,16,44.4,3,5,11,0,6,75.0,73.0,73.9,,78.6,69.1,71.3,60.0,42,0,10,3,15,13,0,0,3,15,1,94,16,1.33,7.8,0.67,5
2,D'Andre Swift,57212,HB,CHI,1,12,1,1,31.7,20,0,62,0,0,1,24,15.6,2,3,6,1,5,23.1,52.5,0.0,,72.4,60.8,53.0,60.0,20,1,6,3,16,12,1,1,3,14,1,63,24,2.0,5.3,0.38,6
2,De'Von Achane,124305,HB,MIA,1,11,4,0,0.0,0,0,30,0,6,4,24,114.8,0,0,17,0,3,75.0,73.9,77.6,,76.3,79.0,67.8,60.0,9,0,92,8,36,11,0,0,10,19,0,30,24,2.18,2.7,2.56,6
2,Ashton Jeanty,157196,HB,LV,1,11,4,0,0.0,0,0,43,0,2,4,40,155.8,2,3,23,0,5,74.6,62.8,75.5,,28.7,63.1,65.2,60.0,13,0,1,3,18,15,0,0,4,14,0,43,40,3.64,3.9,0.06,5
2,Rhamondre Stevenson,98689,HB,NE,1,11,3,1,38.9,21,0,54,0,3,3,55,187.5,1,2,19,0,4,75.5,77.7,77.1,,67.8,83.7,72.9,60.0,21,0,88,5,15,16,0,0,5,16,0,54,55,5.0,4.9,5.87,6
2,James Conner,11860,HB,ARZ,1,11,3,0,0.0,0,0,34,0,0,3,24,54.5,0,3,1,0,10,74.5,65.3,73.6,,46.2,62.6,65.5,60.0,8,0,18,1,11,14,0,0,1,12,1,34,24,2.18,3.1,1.64,1
2,Derrick Henry,10679,HB,BLT,1,11,1,0,0.0,0,0,23,0,0,1,27,22.3,0,1,3,1,4,21.3,47.7,74.8,,66.4,52.5,47.4,60.0,8,0,0,0,13,13,0,0,0,11,0,23,27,2.45,2.1,0.0,7
2,David Montgomery,45719,HB,DET,1,11,2,1,31.6,18,0,57,0,0,2,31,47.0,2,4,11,0,2,74.1,70.4,73.1,,79.0,60.0,68.8,60.0,18,0,4,1,6,13,0,0,1,12,1,57,31,2.82,5.2,0.67,9
2,Cam Skattebo,147787,HB,NYG,1,11,3,1,53.3,24,0,45,1,0,3,35,73.4,1,3,21,0,4,74.8,73.6,75.0,,68.8,40.9,82.8,60.0,24,0,14,2,19,14,0,0,3,13,1,45,35,3.18,4.1,0.74,7
2,Breece Hall,97636,HB,NYJ,1,10,0,0,0.0,0,0,29,0,0,0,18,0.0,1,2,22,0,1,73.9,59.5,77.6,,26.1,59.5,61.8,60.0,12,0,9,2,14,13,0,0,2,12,0,29,18,1.8,2.9,0.64,9
2,Rachaad White,131633,HB,TB,1,10,5,1,24.6,16,0,65,0,2,5,51,297.5,2,4,30,0,7,73.9,80.1,74.4,,80.3,57.8,81.9,,16,0,1,2,8,10,0,0,2,12,1,65,51,5.1,6.5,0.13,3
2,Chuba Hubbard,57373,HB,CAR,1,10,2,0,0.0,0,0,38,1,1,2,33,66.0,1,4,5,0,2,75.3,60.6,80.1,,76.3,61.8,58.4,60.0,14,0,39,5,43,13,0,0,6,15,0,38,33,3.3,3.8,0.91,6
2,Drake Maye,143969,QB,NE,1,10,1,0,0.0,0,0,2,0,0,0,2,0.0,1,4,19,0,0,79.3,83.6,78.9,78.8,,,74.4,60.0,13,0,0,0,0,27,29,4,0,6,1,31,17,1.7,3.1,,0
2,Isiah Pacheco,83747,HB,KC,1,10,0,0,0.0,0,0,22,0,0,0,22,0.0,0,1,16,0,4,73.6,50.4,76.4,,83.2,54.5,48.0,60.0,7,0,7,1,19,11,0,0,2,11,0,22,22,2.2,2.2,0.37,5
2,Quinshon Judkins,157128,HB,CLV,1,10,2,1,50.8,31,0,61,0,0,2,57,87.7,1,3,8,0,5,74.4,67.7,72.8,,,76.7,64.1,,31,0,10,3,8,10,0,0,3,13,0,61,57,5.7,6.1,1.25,5
2,Jalen Hurts,40291,QB,PHI,1,9,0,0,0.0,0,0,4,0,0,0,5,0.0,1,5,24,1,0,26.4,61.9,78.9,48.5,,,80.3,60.0,11,0,0,0,0,32,11,1,0,8,1,15,5,0.56,1.7,,0
2,Jordan Mason,62946,HB,MIN,1,9,1,0,0.0,0,0,30,0,0,1,38,38.4,0,2,18,0,5,73.9,70.7,74.3,,27.5,60.5,74.7,60.0,8,0,8,2,12,11,0,0,2,11,0,30,38,4.22,3.3,0.67,4
2,Justin Herbert,28237,QB,LAC,1,9,0,0,0.0,0,0,5,0,0,0,6,0.0,1,2,27,2,2,78.9,67.9,78.6,68.5,,,58.8,60.0,12,0,0,0,0,25,26,3,0,6,0,31,7,0.78,3.4,,0
2,Ray Davis,101072,HB,BUF,1,9,0,0,0.0,0,0,24,0,0,0,16,0.0,0,2,4,0,5,73.3,46.5,71.6,,10.2,55.4,52.4,60.0,8,0,0,0,5,14,0,0,0,9,0,24,16,1.78,2.7,0.0,4
2,Kareem Hunt,11841,HB,KC,1,8,1,0,0.0,0,0,31,0,0,1,23,31.9,1,3,16,1,2,20.0,50.1,0.0,,,52.1,56.1,,11,1,3,1,14,8,0,0,1,9,0,31,23,2.88,3.9,0.21,5
2,Austin Ekeler,12164,HB,WAS,1,8,0,0,0.0,0,0,17,0,0,0,15,0.0,0,2,32,0,2,73.2,56.8,76.8,,70.6,55.6,56.7,,5,0,7,2,21,8,0,0,4,10,0,17,15,1.88,2.1,0.33,5
2,Najee Harris,57121,HB,LAC,1,8,0,0,0.0,0,0,28,0,2,0,29,72.5,0,2,27,0,3,73.4,75.7,72.8,,74.4,83.0,70.2,60.0,7,0,20,2,7,12,0,0,2,10,0,28,29,3.63,3.5,2.86,5
2,Bhayshul Tuten,150568,HB,JAX,1,8,1,0,0.0,0,0,42,0,2,1,30,112.5,0,0,15,0,3,73.6,65.0,75.3,,17.8,76.4,64.1,60.0,9,0,32,2,6,10,0,0,2,10,0,42,30,3.75,5.3,5.33,5
2,Omarion Hampton,162750,HB,LAC,1,8,3,1,62.5,15,0,24,0,0,3,26,108.3,1,2,27,0,5,73.1,60.2,75.2,,48.3,54.8,63.3,59.2,15,0,1,1,16,12,0,0,2,9,0,24,26,3.25,3.0,0.06,3
2,Kyler Murray,38334,QB,ARZ,1,7,3,0,0.0,0,0,-2,0,0,0,3,0.0,1,1,1,0,2,79.0,81.4,78.3,82.3,,,60.8,60.0,30,0,0,0,0,20,34,3,0,4,0,32,44,6.29,4.6,,1
2,Patrick Mahomes,11765,QB,KC,1,7,1,0,0.0,0,0,0,0,0,0,,100.0,3,5,16,0,0,79.2,70.1,78.7,62.3,,,77.7,60.0,22,0,0,0,0,19,66,7,0,0,1,66,4,0.57,9.4,,0
2,Kyle Monangai,129891,HB,CHI,1,7,3,0,0.0,0,0,28,0,0,3,15,80.4,2,2,6,0,2,71.9,56.7,74.2,,44.7,55.7,58.0,60.0,10,0,8,1,15,10,0,0,2,8,0,28,15,2.14,4.0,0.53,4
2,Jayden Daniels,97993,QB,WAS,1,7,1,0,0.0,0,0,0,0,0,1,3,300.0,0,0,32,0,0,81.3,56.1,79.3,57.7,,,53.5,60.0,8,0,0,0,0,13,17,6,0,1,0,17,22,3.14,2.4,,0
2,Josh Allen,46601,QB,BUF,1,6,2,0,0.0,0,0,-1,0,0,0,3,0.0,1,3,4,0,1,78.4,74.7,78.9,69.8,,,72.4,60.0,40,2,0,0,0,32,60,4,0,2,0,59,63,10.5,9.8,,0
2,Rico Dowdle,40693,HB,CAR,1,6,0,0,0.0,0,0,9,0,1,0,13,31.0,0,0,5,0,3,72.8,52.9,75.9,,18.6,61.3,55.8,60.0,5,0,10,1,11,10,0,0,1,7,0,9,13,2.17,1.5,0.91,3
2,Brian Robinson,57120,HB,SF,1,6,0,0,0.0,0,0,20,0,1,0,11,26.2,0,0,28,0,1,71.9,64.2,71.1,,74.4,61.9,62.7,60.0,7,0,-1,1,4,11,0,0,1,7,0,20,11,1.83,3.3,-0.25,5
2,Mac Jones,60323,QB,SF,1,6,1,0,0.0,0,0,-7,0,0,0,1,0.0,1,1,28,2,1,31.2,58.6,0.0,60.6,,,56.5,60.0,13,1,0,0,0,26,13,1,0,5,0,6,5,0.83,1.0,,0
2,Jerome Ford,83601,HB,CLV,1,6,0,0,0.0,0,0,31,1,0,0,23,0.0,0,1,8,0,4,75.5,61.8,76.9,,81.0,44.2,69.5,,8,0,23,5,24,6,0,0,6,11,0,31,23,3.83,5.2,0.96,1
2,Daniel Jones,39395,QB,IND,1,6,1,0,0.0,0,0,-4,0,0,0,2,0.0,0,2,14,0,1,79.9,79.6,79.3,81.4,,,56.6,60.0,2,0,0,0,0,31,6,3,0,3,1,2,12,2.0,0.3,,0
2,Miles Sanders,40555,HB,DAL,1,5,1,0,0.0,0,0,15,0,1,1,13,74.3,0,1,9,0,1,72.5,67.7,75.2,,26.2,63.8,72.3,60.0,6,0,4,2,7,8,0,0,2,7,1,15,13,2.6,3.0,0.57,4
2,Blake Corum,129574,HB,LA,1,5,1,2,68.2,30,0,44,0,0,1,19,76.0,2,4,26,0,3,73.7,74.7,71.8,,78.5,54.1,75.9,,15,0,0,0,9,5,0,0,0,5,1,44,19,3.8,8.8,0.0,2
2,Kendre Miller,123091,HB,NO,1,5,1,0,0.0,0,0,8,0,0,1,11,36.7,0,0,20,0,1,73.3,61.4,70.5,,37.8,61.5,62.9,,6,0,2,1,1,5,0,0,1,6,0,8,11,2.2,1.6,2.0,4
2,Tyrone Tracy,84226,HB,NYG,1,5,0,0,0.0,0,0,15,1,2,0,17,75.6,0,2,21,0,0,75.4,59.4,76.6,,60.8,53.9,61.7,60.0,9,0,36,4,18,6,0,0,5,9,0,15,17,3.4,3.0,2.0,5
2,RJ Harvey,99622,HB,DEN,1,5,0,0,0.0,0,0,8,0,0,0,9,0.0,0,0,10,0,2,73.3,50.8,75.8,,,59.6,48.7,60.0,3,0,16,1,10,7,0,0,1,6,0,8,9,1.8,1.6,1.6,3
2,Aaron Jones,11937,HB,MIN,1,5,0,0,0.0,0,0,23,1,0,0,9,0.0,0,0,18,0,2,69.7,59.1,74.5,,53.5,28.7,66.5,72.2,8,0,0,0,12,6,0,0,1,5,0,23,9,1.8,4.6,0.0,3
2,J.J. McCarthy,144918,QB,MIN,1,5,0,0,0.0,0,0,1,0,0,0,0,0.0,1,1,18,3,0,15.4,49.4,78.0,51.8,,,50.8,60.0,16,1,0,0,0,17,24,3,0,2,0,25,10,2.0,5.0,,0
2,Caleb Williams,144622,QB,CHI,1,5,0,0,0.0,0,0,8,0,0,0,3,0.0,1,2,6,0,1,79.7,67.2,78.6,64.0,,59.9,69.1,60.2,10,0,0,0,1,16,19,2,0,3,0,27,19,3.8,5.4,0.0,0
2,Kenneth Gainwell,77737,HB,PIT,1,5,1,0,0.0,0,0,20,1,2,1,12,90.0,1,1,25,0,2,72.3,58.3,78.1,,75.7,46.1,68.6,,13,0,16,3,19,5,0,0,5,8,0,20,12,2.4,4.0,0.84,3
2,Geno Smith,7820,QB,LV,1,5,1,0,0.0,0,0,3,0,0,0,5,0.0,1,2,23,0,0,81.2,40.0,79.2,34.4,,,75.9,60.0,15,0,0,0,0,17,17,2,0,3,0,20,29,5.8,4.0,,1
2,Antonio Gibson,78050,HB,NE,1,5,0,1,55.6,15,0,27,0,0,0,12,0.0,1,1,19,0,4,75.3,64.0,71.2,,,62.2,63.1,60.0,15,0,1,1,4,6,0,0,1,6,0,27,12,2.4,5.4,0.25,1
2,Justin Fields,82118,QB,NYJ,1,5,0,0,0.0,0,0,21,0,0,0,2,0.0,2,2,22,2,1,15.8,30.7,76.0,28.9,,,55.8,60.0,27,0,0,0,0,14,28,2,0,3,0,49,2,0.4,9.8,,2
2,Dylan Sampson,163772,HB,CLV,1,4,0,0,0.0,0,0,6,0,0,0,7,0.0,0,2,8,0,2,70.6,68.2,75.9,,9.4,79.9,67.0,60.0,3,0,13,3,10,5,0,0,3,7,0,6,7,1.75,1.5,1.3,2
2,Spencer Rattler,97408,QB,NO,1,4,3,0,0.0,0,0,0,0,0,0,0,0.0,0,2,20,1,1,29.3,75.5,79.3,72.3,,,69.6,60.0,9,0,0,0,0,27,14,3,0,1,0,14,38,9.5,3.5,,0
2,Cam Ward,133244,QB,TEN,1,4,0,0,0.0,0,0,1,0,0,0,0,0.0,0,2,31,1,0,29.1,68.5,79.2,68.0,,,60.0,60.0,3,0,0,0,0,23,7,3,0,1,0,8,0,0.0,2.0,,0
2,C.J. Stroud,129759,QB,HST,1,4,0,0,0.0,0,0,0,0,0,0,0,0.0,1,1,13,0,0,78.0,51.2,77.9,46.1,,,71.8,60.0,19,0,0,0,0,17,27,3,0,1,0,27,5,1.25,6.8,,0
2,Jacory Croskey-Merritt,102382,HB,WAS,1,4,0,0,0.0,0,0,17,0,0,0,12,0.0,0,1,32,0,3,68.6,66.8,74.6,,43.3,53.4,71.3,,5,0,0,0,9,4,0,0,1,4,0,17,12,3.0,4.3,0.0,1
2,Woody Marks,124179,HB,HST,1,3,1,0,0.0,0,0,14,0,0,1,11,91.7,0,0,13,0,1,68.2,62.5,71.5,,78.9,70.7,57.8,60.0,7,0,37,1,7,4,0,0,1,4,0,14,11,3.67,4.7,5.29,2
2,AJ Dillon,57165,HB,PHI,1,3,1,0,0.0,0,0,19,0,0,1,13,144.4,0,1,24,0,0,65.2,74.0,76.8,,76.8,90.4,59.9,60.0,8,0,0,0,3,4,0,0,0,3,0,19,13,4.33,6.3,0.0,2
2,Baker Mayfield,46518,QB,TB,1,3,3,0,0.0,0,0,0,0,0,0,,100.0,2,3,30,1,0,32.0,73.8,79.8,67.0,,,84.4,60.0,16,0,0,0,0,28,33,3,0,0,0,33,48,16.0,11.0,,0
2,Justice Hill,45865,HB,BLT,1,3,0,0,0.0,0,0,7,0,0,0,5,0.0,0,0,3,0,0,69.7,57.2,76.1,,74.9,63.4,53.1,60.0,6,0,18,3,13,7,0,0,3,6,0,7,5,1.67,2.3,1.38,2
2,Jordan Love,40306,QB,GB,1,3,2,0,0.0,0,0,-2,0,0,0,0,0.0,1,1,12,0,0,79.0,86.7,79.2,84.0,,,66.1,60.3,14,0,0,0,0,31,14,1,0,2,0,12,6,2.0,4.0,,0
2,Craig Reynolds,94383,HB,DET,1,3,0,0,0.0,0,0,4,0,0,0,3,0.0,0,0,11,0,0,67.2,49.2,67.1,,,,51.9,,3,0,0,0,0,3,0,0,0,3,0,4,3,1.0,1.3,,3
2,Malik Washington,97108,WR,MIA,1,3,1,1,78.3,18,0,23,0,0,1,18,150.0,1,1,17,0,1,73.0,62.6,0.0,,,62.7,66.6,59.3,18,1,2,1,24,7,0,0,2,4,0,23,18,6.0,7.7,0.08,2
2,Cooper Rush,12324,QB,BLT,1,3,0,0,0.0,0,0,-4,0,0,0,0,0.0,0,0,3,0,0,67.2,61.2,68.2,,,,60.5,,-1,0,0,0,0,3,0,0,0,3,0,-4,0,0.0,-1.3,,0
2,Bo Nix,97790,QB,DEN,1,3,1,0,0.0,0,0,2,0,0,1,5,125.0,1,1,10,0,1,78.7,48.6,78.6,48.0,,,58.9,60.0,18,0,0,0,0,24,18,1,0,2,0,20,5,1.67,6.7,,1
2,Mitch Trubisky,11757,QB,BUF,1,3,0,0,0.0,0,0,-3,0,0,0,0,0.0,0,0,4,0,0,69.1,76.7,72.3,76.3,,,60.5,60.0,-1,0,0,0,0,8,0,0,0,3,0,-3,0,0.0,-1.0,,0
2,Dak Prescott,10769,QB,DAL,1,3,2,0,0.0,0,0,0,0,0,0,0,0.0,1,1,9,1,0,40.7,81.4,80.2,81.5,,,52.6,60.0,14,1,0,0,0,27,17,2,0,1,0,17,12,4.0,5.7,,0
2,Trey Benson,131705,HB,ARZ,1,3,0,0,0.0,0,0,14,0,1,0,6,28.6,1,0,1,0,2,71.1,59.1,73.2,,23.9,67.3,57.7,59.7,11,0,30,4,16,7,0,0,5,7,0,14,6,2.0,4.7,1.88,1
2,Russell Wilson,7077,QB,NYG,1,3,0,0,0.0,0,0,8,0,0,0,2,0.0,1,1,21,1,1,27.9,88.2,79.1,85.6,,,67.2,60.0,15,1,0,0,0,18,15,1,0,2,0,23,4,1.33,7.7,,0
2,TreVeyon Henderson,145059,HB,NE,1,3,0,0,0.0,0,1,10,0,3,0,5,100.0,0,1,19,0,1,70.0,48.1,0.0,,0.0,77.3,57.3,60.0,6,2,30,2,11,5,0,0,2,5,0,10,5,1.67,3.3,2.73,2
2,Tyrod Taylor,6332,QB,NYJ,1,3,0,0,0.0,0,0,0,0,0,0,,100.0,1,1,22,0,0,73.9,88.9,74.5,88.6,,,63.6,60.0,15,0,0,0,0,2,21,3,0,0,0,21,6,2.0,7.0,,0
2,Braelon Allen,145159,HB,NYJ,1,2,0,0,0.0,0,0,11,1,0,0,5,0.0,0,0,22,0,0,65.2,42.6,72.5,,75.7,25.9,53.6,66.6,8,0,0,0,3,5,0,0,1,2,0,11,5,2.5,5.5,0.0,0
2,Chimere Dike,129918,WR,TEN,1,2,0,0,0.0,0,0,9,0,0,0,4,0.0,0,0,31,0,0,75.5,54.5,75.3,,,61.3,53.6,34.0,5,0,-1,2,17,10,0,0,5,4,0,9,4,2.0,4.5,-0.06,0
2,Bryce Young,123943,QB,CAR,1,2,0,0,0.0,0,0,-1,0,0,0,0,0.0,0,0,5,1,0,24.1,56.4,0.0,57.9,,,57.9,60.1,3,2,0,0,0,20,3,1,0,1,0,2,1,0.5,1.0,,0
2,Lamar Jackson,46416,QB,BLT,1,2,0,0,0.0,0,0,2,0,0,0,3,0.0,1,0,3,0,0,78.7,64.6,78.4,62.0,,,67.6,60.0,11,0,0,0,0,17,11,1,0,1,0,13,4,2.0,6.5,,1
2,Tyson Bagent,169628,QB,CHI,1,2,0,0,0.0,0,0,0,0,0,0,1,0.0,0,0,6,1,0,66.9,59.2,72.6,61.7,,,58.3,60.0,7,0,0,0,0,7,7,1,0,1,0,7,1,0.5,3.5,,0
2,Matthew Golden,156165,WR,GB,1,2,0,0,0.0,0,0,15,0,0,0,16,0.0,0,0,12,0,0,68.0,52.7,76.9,,,51.7,59.5,61.4,9,0,0,0,23,15,0,0,2,2,0,15,16,8.0,7.5,0.0,0
2,Elijah Moore,84302,WR,BUF,1,2,2,0,0.0,0,0,6,0,0,2,4,133.3,0,1,4,0,0,66.7,68.9,76.4,,,69.3,60.8,60.6,4,0,31,1,13,16,0,0,1,3,1,6,4,2.0,3.0,2.38,0
2,Matthew Stafford,4924,QB,LA,1,2,0,0,0.0,0,0,-6,0,0,0,0,0.0,0,0,26,1,0,78.7,78.5,78.8,77.0,,,60.0,60.0,-2,0,0,0,0,25,0,0,0,2,0,-6,0,0.0,-3.0,,0
2,Zamir White,83665,HB,LV,1,2,0,0,0.0,0,0,-2,0,0,0,2,0.0,0,0,23,0,1,72.8,57.5,74.6,,83.0,62.0,52.3,60.0,3,0,15,2,10,4,0,0,3,4,0,-2,2,1.0,-1.0,1.5,1
2,Savion Williams,123101,WR,GB,1,2,0,1,66.7,16,0,24,0,0,0,0,0.0,1,1,12,0,1,67.7,70.4,75.7,,,56.1,71.8,60.0,16,0,0,0,4,6,0,0,0,2,0,24,0,0.0,12.0,0.0,0
2,Trevor Lawrence,77632,QB,JAX,1,2,0,0,0.0,0,0,1,0,0,0,0,0.0,0,0,15,1,1,29.8,58.1,79.3,60.4,,,47.6,60.0,3,1,0,0,0,26,3,1,0,1,0,4,13,6.5,2.0,,0
2,Ty Johnson,45769,HB,BUF,1,2,0,0,0.0,0,0,6,0,0,0,7,0.0,0,0,4,0,0,67.7,43.7,73.7,,17.9,50.0,49.9,,3,0,0,0,12,2,0,0,1,2,0,6,7,3.5,3.0,0.0,2
2,Amon-Ra St. Brown,84470,WR,DET,1,2,0,0,0.0,0,0,7,0,1,0,9,40.9,0,1,11,0,2,72.8,91.6,80.1,,,91.4,64.8,59.6,6,0,115,9,28,22,0,0,11,11,0,7,9,4.5,3.5,4.11,0
2,LeQuint Allen,158290,HB,JAX,1,2,0,0,0.0,0,0,13,0,0,0,7,0.0,0,1,15,0,0,65.2,58.6,71.7,,78.9,54.8,58.4,,9,0,0,0,7,2,0,0,0,2,0,13,7,3.5,6.5,0.0,2
2,KaVontae Turpin,47658,WR,DAL,1,2,0,0,0.0,0,1,6,0,0,0,1,0.0,0,1,9,0,1,75.1,90.5,72.0,,,90.3,62.6,,7,1,47,4,12,2,0,0,4,6,0,6,1,0.5,3.0,3.92,0
2,Olamide Zaccheaus,44920,WR,CHI,1,1,0,0,0.0,0,0,9,0,0,0,5,0.0,0,0,6,0,0,66.2,64.5,76.5,,,59.4,63.1,85.6,9,0,12,2,19,8,0,0,5,3,0,9,5,5.0,9.0,0.63,0
2,Mark Andrews,47436,TE,BLT,1,1,0,0,0.0,0,0,2,0,0,0,1,0.0,0,1,3,0,0,64.6,49.5,77.6,,69.8,45.3,62.6,58.0,2,2,2,1,26,15,0,0,3,2,0,2,1,1.0,2.0,0.08,0
2,Jaxson Dart,146409,QB,NYG,1,1,0,0,0.0,0,0,-3,0,0,0,0,0.0,0,0,21,0,0,61.9,52.8,68.2,,,,56.5,60.0,-3,0,0,0,0,3,0,0,0,1,0,-3,0,0.0,-3.0,,1
2,Troy Franklin,146567,WR,DEN,1,1,1,0,0.0,0,0,11,0,3,1,14,622.2,1,1,10,0,0,70.8,76.7,79.0,,,75.4,63.1,51.9,11,0,89,8,28,18,0,0,9,9,0,11,14,14.0,11.0,3.18,0
2,Jake Browning,46401,QB,CIN,1,1,0,0,0.0,0,0,1,0,0,0,1,0.0,0,1,7,0,0,78.6,57.1,77.8,56.5,,,61.0,60.0,1,0,0,0,0,14,0,0,0,1,1,1,1,1.0,1.0,,0
2,Kaleb Johnson,156419,HB,PIT,1,1,0,0,0.0,0,0,1,0,0,0,0,0.0,0,0,25,0,0,69.9,57.6,66.3,,,59.9,59.4,,1,0,0,0,1,1,0,0,0,1,0,1,0,0.0,1.0,0.0,1
2,Joe Flacco,4332,QB,CLV,1,1,0,0,0.0,0,0,0,0,0,0,,100.0,0,1,8,1,0,30.0,41.1,0.0,41.8,,,63.3,60.0,8,1,0,0,0,17,8,1,0,0,0,8,0,0.0,8.0,,0
2,Aaron Rodgers,2241,QB,PIT,1,1,0,0,0.0,0,0,0,0,0,0,,100.0,0,0,25,0,0,79.0,62.3,78.6,63.3,,,55.7,60.0,3,1,0,0,0,19,3,1,0,0,0,3,0,0.0,3.0,,0
2,Zay Flowers,97268,WR,BLT,1,1,0,0,0.0,0,0,4,0,0,0,9,0.0,0,0,3,0,0,70.8,77.2,77.7,,,77.8,56.6,61.0,4,0,75,7,29,12,0,0,10,8,0,4,9,9.0,4.0,2.59,0
2,Xavier Legette,99197,WR,CAR,1,1,0,0,,0,0,0,0,0,0,2,0.0,0,0,5,0,0,64.6,47.9,80.9,,,49.1,56.6,58.5,0,0,-2,1,48,15,0,0,6,2,0,0,2,2.0,0.0,-0.04,0
2,Puka Nacua,100632,WR,LA,1,1,1,1,100.0,45,0,45,0,1,1,46,1022.2,1,1,26,0,0,70.8,81.6,77.9,,,77.1,66.4,49.8,45,0,91,8,29,11,0,0,9,9,1,45,46,46.0,45.0,3.14,1
2,Ollie Gordon II,157792,HB,MIA,1,1,0,0,0.0,0,0,8,0,1,0,5,250.0,0,0,17,0,0,64.6,59.6,75.5,,18.3,62.2,62.8,60.0,8,0,5,1,3,2,0,0,1,2,0,8,5,5.0,8.0,1.67,1
2,Ricky Pearsall,100660,WR,SF,1,1,1,0,0.0,0,0,-4,0,0,1,5,100.0,0,0,28,0,0,68.3,66.8,78.6,,,67.5,59.2,54.4,-4,0,56,4,40,21,0,0,6,5,0,-4,5,5.0,-4.0,1.4,0
2,Tre Tucker,101106,WR,LV,1,1,1,0,0.0,0,0,7,1,0,1,6,150.0,0,0,23,0,0,72.1,48.7,79.4,,,47.5,63.1,58.1,7,0,12,3,44,15,0,0,8,4,0,7,6,6.0,7.0,0.27,0
2,Kalif Raymond,11028,WR,DET,1,1,0,0,0.0,0,0,9,0,0,0,4,0.0,0,0,11,0,0,71.2,64.1,77.5,,,61.8,63.1,56.9,9,0,14,1,13,19,0,0,1,2,0,9,4,4.0,9.0,1.08,0
2,Quentin Johnston,123085,WR,LAC,1,1,0,0,0.0,0,0,-2,0,0,0,0,0.0,0,0,27,0,0,67.4,65.8,78.4,,,66.6,59.7,52.3,-2,0,71,3,30,14,0,0,6,4,0,-2,0,0.0,-2.0,2.37,1
2,Tyler Badie,83714,HB,DEN,1,1,0,0,0.0,0,0,3,0,0,0,2,0.0,0,0,10,0,0,66.2,61.6,73.2,,80.8,71.2,56.7,,3,0,19,2,9,1,0,0,2,3,0,3,2,2.0,3.0,2.11,1
2,Arian Smith,124039,WR,NYJ,1,1,0,0,0.0,0,1,-10,0,0,0,0,0.0,0,0,22,0,0,64.6,54.0,0.0,,,61.2,56.6,59.2,-10,1,8,1,19,3,0,0,2,2,0,-10,0,0.0,-10.0,0.42,0
2,Isaiah Bond,163586,WR,CLV,1,1,0,0,0.0,0,0,9,1,0,0,3,0.0,0,0,8,0,0,69.6,49.2,78.3,,,46.4,63.1,60.9,9,0,6,1,20,7,0,0,3,2,0,9,3,3.0,9.0,0.3,0
2,Jacoby Brissett,10725,QB,ARZ,1,1,0,0,0.0,0,0,2,0,0,0,2,0.0,0,1,1,0,0,61.9,66.5,64.6,,,,62.6,,2,0,0,0,0,1,0,0,0,1,0,2,2,2.0,2.0,,0
2,AJ Barner,129433,TE,SEA,1,1,0,0,0.0,0,0,2,0,0,0,2,0.0,0,1,29,0,0,66.2,65.5,15.9,,31.3,68.9,62.6,62.9,2,1,26,2,24,29,0,0,3,3,0,2,2,2.0,2.0,1.08,0
2,Devin Singletary,40485,HB,NYG,1,1,0,0,0.0,0,0,4,0,0,0,3,0.0,0,0,21,0,0,64.6,60.0,67.5,,69.4,64.3,59.5,,4,0,-4,1,2,1,0,0,1,2,0,4,3,3.0,4.0,-2.0,1
2,Tyler Warren,129798,TE,IND,1,1,0,0,,0,0,0,0,0,0,2,0.0,0,0,14,0,0,68.3,67.5,79.6,,72.7,72.7,56.2,56.5,0,0,79,4,32,30,0,0,7,5,0,0,2,2.0,0.0,2.47,1
2,Michael Penix Jr.,82134,QB,ATL,1,1,0,0,0.0,0,0,-1,0,0,0,0,0.0,0,0,2,0,0,76.9,66.6,79.4,65.2,,,60.0,60.1,-1,1,0,0,0,40,0,0,0,1,0,-1,0,0.0,-1.0,,0
2,Jared Goff,10635,QB,DET,1,1,0,0,0.0,0,0,0,0,0,0,,100.0,0,0,11,0,0,77.4,85.1,78.4,84.7,,,57.9,60.0,6,0,0,0,0,26,6,1,0,0,0,6,2,2.0,6.0,,0
2,Dyami Brown,77986,WR,JAX,1,1,0,0,0.0,0,0,9,2,1,0,3,50.0,0,0,15,0,0,69.1,57.7,79.5,,,56.2,63.1,56.6,9,0,57,5,36,20,0,0,7,6,0,9,3,3.0,9.0,1.58,0
2,Brashard Smith,143951,HB,KC,1,1,0,0,0.0,0,0,2,0,0,0,1,0.0,0,0,16,0,0,68.2,57.4,68.3,,,58.4,59.7,60.0,2,0,0,0,2,3,0,0,1,1,0,2,1,1.0,2.0,0.0,1
week,player,player_id,position,team_name,player_game_count,attempts,avoided_tackles,breakaway_attempts,breakaway_percent,breakaway_yards,declined_penalties,designed_yards,drops,elu_recv_mtf,elu_rush_mtf,elu_yco,elusive_rating,explosive,first_downs,franchise_id,fumbles,gap_attempts,grades_hands_fumble,grades_offense,grades_offense_penalty,grades_pass,grades_pass_block,grades_pass_route,grades_run,grades_run_block,longest,penalties,rec_yards,receptions,routes,run_plays,scramble_yards,scrambles,targets,total_touches,touchdowns,yards,yards_after_contact,yco_attempt,ypa,yprr,zone_attempts
3,Bucky Irving,144970,HB,TB,1,25,4,1,24.2,16,0,66,0,2,4,50,41.4,2,2,30,0,10,78.7,49.5,76.5,,31.0,68.1,47.6,60.0,16,0,33,4,20,25,0,0,4,29,0,66,50,2.0,2.6,1.65,13
3,Jahmyr Gibbs,122474,HB,DET,1,22,3,0,0.0,0,0,67,0,0,3,47,23.7,0,5,11,0,10,78.4,70.4,75.7,,81.8,73.3,67.6,60.0,9,0,32,5,18,24,0,0,6,27,2,67,47,2.14,3.0,1.78,11
3,Kyren Williams,97118,HB,LA,1,20,4,0,0.0,0,0,94,1,1,4,66,75.0,3,7,26,0,11,77.4,80.0,75.5,,40.4,47.0,86.3,60.0,13,0,18,2,18,22,0,0,3,22,0,94,66,3.3,4.7,1.0,9
3,James Cook,83666,HB,BUF,1,19,8,2,38.9,42,0,108,0,0,8,78,149.3,4,6,4,0,5,77.3,69.9,76.4,,73.0,59.2,70.3,60.0,26,0,10,3,17,20,0,0,3,22,1,108,78,4.11,5.7,0.59,14
3,Omarion Hampton,162750,HB,LAC,1,19,7,0,0.0,0,0,70,0,0,7,57,84.0,2,4,27,1,11,28.0,66.0,79.4,,28.8,48.8,74.9,60.0,11,0,59,6,32,22,0,0,6,25,1,70,57,3.0,3.7,1.84,6
3,Jaylen Warren,98692,HB,PIT,1,18,9,0,0.0,0,0,47,1,0,9,56,121.7,1,5,25,0,2,77.6,56.5,78.0,,70.3,51.4,57.6,60.0,11,0,34,5,15,20,0,0,6,23,0,47,56,3.11,2.6,2.27,15
3,Quinshon Judkins,157128,HB,CLV,1,18,2,1,40.4,38,0,94,0,0,2,87,50.9,2,5,8,0,10,77.0,65.6,76.7,,77.0,53.9,66.1,,38,0,1,1,14,19,0,0,1,19,1,94,87,4.83,5.2,0.07,5
3,Alvin Kamara,11822,HB,NO,1,18,0,0,0.0,0,0,42,0,0,0,17,0.0,0,3,20,0,8,76.7,57.5,79.1,,78.0,56.7,57.0,60.0,8,0,14,1,30,19,0,0,2,19,0,42,17,0.94,2.3,0.47,8
3,Saquon Barkley,45791,HB,PHI,1,18,0,0,0.0,0,0,46,1,1,0,37,9.3,1,3,24,0,2,77.2,51.5,81.3,,69.5,44.9,54.2,58.9,12,0,9,4,20,26,0,0,5,22,0,46,37,2.06,2.6,0.45,15
3,Jonathan Taylor,57488,HB,IND,1,17,6,1,45.1,46,0,102,1,0,6,85,150.0,2,6,14,0,12,77.3,70.8,76.8,,80.6,40.3,77.1,60.0,46,0,16,3,22,21,0,0,4,20,3,102,85,5.0,6.0,0.73,5
3,Christian McCaffrey,11763,HB,SF,1,17,4,1,28.8,15,0,52,2,3,4,42,64.1,2,3,28,0,2,77.8,63.0,78.9,,22.8,64.7,63.5,60.0,15,0,88,10,38,18,0,0,14,27,0,52,42,2.47,3.1,2.32,15
3,Chuba Hubbard,57373,HB,CAR,1,17,0,0,0.0,0,0,73,0,0,0,40,0.0,0,2,5,0,8,76.9,80.3,74.1,,83.3,59.8,79.2,60.0,8,0,3,2,12,19,0,0,2,19,0,73,40,2.35,4.3,0.25,9
3,Ashton Jeanty,157196,HB,LV,1,17,5,2,54.0,34,0,63,0,0,5,62,107.3,3,3,23,0,5,76.8,60.3,77.2,,23.2,52.5,63.6,60.0,18,0,0,0,16,21,0,0,0,17,0,63,62,3.65,3.7,0.0,12
3,Josh Jacobs,45953,HB,GB,1,16,4,0,0.0,0,0,30,0,0,4,38,45.2,0,2,12,0,6,76.8,73.4,78.1,,65.8,90.2,63.8,59.6,7,0,44,5,17,22,0,0,9,21,0,30,38,2.38,1.9,2.59,9
3,Jordan Mason,62946,HB,MIN,1,16,3,2,37.1,43,0,116,0,0,3,46,53.9,4,7,18,0,4,76.2,70.1,78.5,,5.0,49.5,76.7,,24,0,0,0,16,17,0,0,0,16,2,116,46,2.88,7.3,0.0,12
3,Kenneth Walker III,97199,HB,SEA,1,16,4,0,0.0,0,0,38,0,1,4,33,60.7,2,4,29,0,5,76.7,73.8,74.0,,72.4,65.2,71.8,60.0,10,0,12,1,10,19,0,0,1,17,2,38,33,2.06,2.4,1.2,11
3,Tony Pollard,27126,HB,TEN,1,16,2,0,0.0,0,0,45,0,0,2,31,21.5,1,6,31,0,7,76.2,64.1,78.9,,67.2,53.4,66.8,60.0,10,0,14,2,35,17,0,0,3,18,1,45,31,1.94,2.8,0.4,9
3,Travis Etienne Jr.,57185,HB,JAX,1,16,5,0,0.0,0,0,56,1,0,5,41,80.1,1,2,15,0,8,76.2,60.0,77.2,,77.6,37.2,64.7,60.0,10,0,0,0,15,19,0,0,1,16,1,56,41,2.56,3.5,0.0,7
3,D'Andre Swift,57212,HB,CHI,1,13,3,0,0.0,0,0,33,0,0,3,34,49.0,1,4,6,0,6,75.4,74.0,77.1,,79.8,70.6,70.6,60.0,11,0,45,3,13,18,0,0,3,16,0,33,34,2.62,2.5,3.46,7
3,Bijan Robinson,123126,HB,ATL,1,13,4,1,23.6,17,0,72,0,0,4,46,78.6,2,4,2,0,3,75.8,70.5,77.5,,61.1,66.2,72.2,,17,0,39,5,36,13,0,0,6,18,0,72,46,3.54,5.5,1.08,10
3,David Montgomery,45719,HB,DET,1,12,3,2,68.2,103,0,151,0,0,3,110,211.5,4,6,11,0,6,74.9,89.5,73.2,,78.1,71.6,84.9,57.8,72,0,13,1,7,15,0,0,1,13,2,151,110,9.17,12.6,1.86,6
3,Derrick Henry,10679,HB,BLT,1,12,0,1,56.0,28,0,50,0,0,0,18,0.0,1,2,3,1,5,22.7,43.6,74.5,48.9,78.9,58.9,47.2,59.5,28,0,7,1,10,14,0,0,1,13,1,50,18,1.5,4.2,0.7,7
3,De'Von Achane,124305,HB,MIA,1,12,2,0,0.0,0,0,62,0,1,2,34,44.7,2,1,17,0,3,75.5,61.5,81.4,,49.2,63.9,59.8,,14,0,29,7,32,11,0,0,10,19,0,62,34,2.83,5.2,0.91,8
3,Chris Rodriguez Jr.,83689,HB,WAS,1,11,0,0,0.0,0,0,39,0,0,0,26,0.0,1,1,32,0,8,73.8,57.0,74.1,,75.6,56.1,57.3,59.2,14,0,0,0,3,16,0,0,0,11,0,39,26,2.36,3.5,0.0,3
3,TreVeyon Henderson,145059,HB,NE,1,11,1,0,0.0,0,0,28,0,1,1,21,27.3,0,2,19,0,7,76.3,57.0,74.3,,48.7,57.5,57.8,60.0,5,0,19,3,19,12,0,0,3,14,0,28,21,1.91,2.5,1.0,4
3,J.K. Dobbins,57366,HB,DEN,1,11,6,2,72.3,60,0,83,1,0,6,76,345.5,3,3,10,0,4,73.6,57.3,77.9,,43.7,42.7,62.5,60.0,41,0,0,1,18,13,0,0,2,12,1,83,76,6.91,7.5,0.0,6
3,Kareem Hunt,11841,HB,KC,1,10,1,0,0.0,0,0,34,0,0,1,24,21.8,0,2,16,0,3,73.6,56.4,0.0,,12.0,56.2,62.8,60.0,6,1,10,1,14,14,0,0,1,11,1,34,24,2.4,3.4,0.71,7
3,Javonte Williams,77803,HB,DAL,1,10,3,1,28.9,22,0,76,0,3,3,49,196.0,1,4,9,1,3,24.0,71.7,78.1,,81.0,66.2,72.2,60.0,22,0,16,5,27,13,0,0,5,15,0,76,49,4.9,7.6,0.59,7
3,Rico Dowdle,40693,HB,CAR,1,10,2,0,0.0,0,0,30,0,0,2,19,34.5,0,3,5,0,3,74.3,59.7,74.9,,26.1,64.9,65.0,32.7,8,0,8,1,7,11,0,0,1,11,1,30,19,1.9,3.0,1.14,6
3,Chase Brown,77787,HB,CIN,1,10,0,0,0.0,0,0,3,0,0,0,11,0.0,0,0,7,1,4,22.7,44.9,76.6,,18.5,70.6,38.7,55.9,4,0,17,4,13,13,0,0,5,14,0,3,11,1.1,0.3,1.31,6
3,Cam Skattebo,147787,HB,NYG,1,10,5,0,0.0,0,0,60,0,0,5,44,137.5,3,4,21,0,1,75.3,82.9,77.7,,72.9,86.6,78.1,60.0,13,0,61,6,23,13,0,0,8,16,1,60,44,4.4,6.0,2.65,9
3,Isiah Pacheco,83747,HB,KC,1,10,1,0,0.0,0,0,45,0,0,1,30,27.3,1,2,16,0,3,73.6,64.1,78.1,,19.1,47.3,73.3,60.0,10,0,3,1,23,14,0,0,1,11,0,45,30,3.0,4.5,0.13,7
3,George Holani,72154,HB,SEA,1,10,2,0,0.0,0,0,27,0,0,2,26,43.3,0,2,29,1,5,21.7,55.2,72.8,,69.2,71.3,52.0,59.9,8,0,15,2,7,12,0,0,2,12,0,27,26,2.6,2.7,2.14,5
3,Trey Benson,131705,HB,ARZ,1,10,4,1,69.0,29,0,42,0,0,4,44,135.4,1,2,1,0,7,74.2,61.6,76.9,,72.4,55.6,64.1,59.1,29,0,9,3,24,14,0,0,3,13,0,42,44,4.4,4.2,0.38,3
3,Miles Sanders,40555,HB,DAL,1,9,2,0,0.0,0,0,41,0,0,2,28,51.9,0,2,9,0,5,75.0,69.6,76.6,,45.8,63.4,71.7,,8,0,12,3,10,9,0,0,3,12,0,41,28,3.11,4.6,1.2,3
3,Jalen Hurts,40291,QB,PHI,1,9,0,1,45.0,18,0,38,0,0,0,7,0.0,2,5,24,1,2,80.6,73.0,79.0,67.4,,,75.0,60.0,18,0,0,0,0,27,2,1,0,8,1,40,15,1.67,4.4,,2
3,James Conner,11860,HB,ARZ,1,9,1,0,0.0,0,1,22,0,3,1,15,55.6,0,3,1,1,6,22.2,54.3,0.0,,73.0,74.2,54.5,,9,1,15,3,9,10,0,0,4,12,0,22,15,1.67,2.4,1.67,2
3,Nick Chubb,45783,HB,HST,1,9,1,0,0.0,0,0,38,0,0,1,26,24.1,0,1,13,0,5,73.7,53.7,75.5,,19.6,59.5,55.7,60.0,8,0,2,3,17,10,0,0,3,12,0,38,26,2.89,4.2,0.12,4
3,Breece Hall,97636,HB,NYJ,1,9,0,1,81.0,17,0,21,1,1,0,8,6.8,1,1,22,0,1,74.4,52.4,77.0,,81.7,56.9,48.6,,17,0,31,4,21,10,0,0,6,13,0,21,8,0.89,2.3,1.48,8
3,Ollie Gordon II,157792,HB,MIA,1,9,4,1,42.1,16,0,38,0,0,4,39,192.6,1,4,17,0,4,72.7,75.5,73.2,,,55.3,75.2,60.0,16,0,0,0,4,10,0,0,0,9,1,38,39,4.33,4.2,0.0,5
3,Blake Corum,129574,HB,LA,1,8,0,0,0.0,0,0,53,0,0,0,25,0.0,3,4,26,0,3,75.7,69.8,70.6,,52.9,55.5,70.3,60.0,12,0,0,0,4,9,0,0,0,8,0,53,25,3.13,6.6,0.0,5
3,Tyrod Taylor,6332,QB,NYJ,1,8,3,0,0.0,0,0,-1,0,0,0,0,0.0,2,3,22,1,0,80.6,62.1,79.2,59.5,,,65.7,60.0,14,0,0,0,0,18,49,7,0,1,0,48,47,5.88,6.0,,0
3,Bo Nix,97790,QB,DEN,1,8,1,0,0.0,0,0,-4,0,0,0,2,0.0,1,0,10,0,0,79.1,57.9,78.1,63.8,,,45.6,60.0,12,0,0,0,0,16,37,5,0,3,0,33,10,1.25,4.1,,1
3,Zavier Scott,55123,HB,MIN,1,8,0,0,0.0,0,0,30,0,2,0,19,52.8,1,2,18,1,1,19.9,51.1,75.6,,74.2,79.8,44.2,,11,0,20,1,7,7,0,0,1,9,0,30,19,2.38,3.8,2.86,6
3,Jacory Croskey-Merritt,102382,HB,WAS,1,8,3,0,0.0,0,0,26,0,0,3,30,125.0,0,2,32,0,6,73.1,74.9,72.6,,79.1,58.8,77.4,51.7,9,0,5,1,7,12,0,0,1,9,1,26,30,3.75,3.3,0.71,2
3,Antonio Gibson,78050,HB,NE,1,7,0,0,0.0,0,0,28,0,0,0,15,0.0,1,2,19,1,3,19.5,45.4,74.4,,78.7,53.4,47.5,60.0,11,0,0,0,7,9,0,0,0,7,0,28,15,2.14,4.0,0.0,3
3,Kendre Miller,123091,HB,NO,1,7,3,0,0.0,0,0,27,0,1,3,25,158.7,0,0,20,0,2,77.2,71.9,73.9,,80.2,60.0,71.8,,8,0,9,2,8,7,0,0,2,9,0,27,25,3.57,3.9,1.13,5
3,Nate Carter,147376,HB,ATL,1,7,1,0,0.0,0,0,46,0,0,1,30,61.2,1,2,2,1,1,19.5,56.2,67.7,,,,57.0,,10,0,0,0,0,7,0,0,0,7,0,46,30,4.29,6.6,,6
3,Lamar Jackson,46416,QB,BLT,1,7,2,0,0.0,0,0,16,0,0,1,7,43.8,2,2,3,1,1,29.6,58.4,78.6,57.0,,58.9,62.6,60.0,13,0,0,0,1,16,19,3,0,4,0,35,19,2.71,5.0,0.0,1
3,Drake Maye,143969,QB,NE,1,7,2,0,0.0,0,0,3,0,0,0,0,0.0,2,5,19,1,0,28.6,56.4,79.5,53.2,,,66.8,60.0,15,0,0,0,0,24,42,5,0,2,0,45,39,5.57,6.4,,0
3,Tyrone Tracy,84226,HB,NYG,1,7,0,0,0.0,0,0,29,0,0,0,9,0.0,1,3,21,0,0,72.3,60.5,71.7,,,66.7,59.0,,10,0,7,2,4,7,0,0,2,9,0,29,9,1.29,4.1,1.75,7
3,Emanuel Wilson,154173,HB,GB,1,6,1,0,0.0,0,0,25,0,0,1,15,41.7,0,1,12,0,2,71.4,58.5,73.3,,80.4,57.1,57.5,,9,0,0,0,4,7,0,0,0,6,0,25,15,2.5,4.2,0.0,4
3,Woody Marks,124179,HB,HST,1,6,0,0,0.0,0,0,27,0,2,0,16,76.2,0,0,13,0,4,71.1,51.2,77.4,,2.4,56.2,57.9,60.0,8,0,9,1,19,7,0,0,2,7,0,27,16,2.67,4.5,0.47,2
3,Najee Harris,57121,HB,LAC,1,6,2,0,0.0,0,0,28,0,0,2,22,122.2,0,1,27,0,4,70.6,82.8,68.9,,,55.2,82.3,,7,0,0,0,5,6,0,0,0,6,0,28,22,3.67,4.7,0.0,1
3,Braelon Allen,145159,HB,NYJ,1,6,1,0,0.0,0,0,30,0,1,1,13,54.2,0,1,22,0,0,74.5,66.3,74.7,,78.7,67.8,64.0,,9,0,17,2,12,7,0,0,2,8,0,30,13,2.17,5.0,1.42,6
3,Kyler Murray,38334,QB,ARZ,1,6,1,0,0.0,0,0,10,0,0,0,1,0.0,0,2,1,0,1,79.6,80.4,79.2,75.4,,,75.0,60.0,9,2,0,0,0,25,27,4,0,2,0,37,5,0.83,6.2,,1
3,Bhayshul Tuten,150568,HB,JAX,1,6,1,0,0.0,0,0,21,0,0,1,17,47.2,0,2,15,0,1,70.6,61.3,71.6,,,54.7,62.5,,6,0,0,0,6,6,0,0,1,6,1,21,17,2.83,3.5,0.0,5
3,Marcus Mariota,9435,QB,WAS,1,6,2,1,55.0,22,0,38,0,0,2,11,88.0,2,2,32,1,3,26.7,86.5,78.5,90.3,,,58.0,60.3,22,1,0,0,0,32,2,1,0,5,1,40,15,2.5,6.7,,1
3,Kyle Monangai,129891,HB,CHI,1,6,4,0,0.0,0,0,16,0,0,4,5,47.6,0,1,6,0,4,71.1,63.0,74.1,,31.3,56.4,65.5,,8,0,4,1,8,6,0,0,1,7,0,16,5,0.83,2.7,0.5,2
3,Rachaad White,131633,HB,TB,1,5,0,0,0.0,0,0,12,0,2,0,13,86.7,0,0,30,0,0,72.3,69.2,74.9,,79.3,59.2,69.2,60.0,7,0,2,1,6,8,0,0,1,6,0,12,13,2.6,2.4,0.33,5
3,Caleb Williams,144622,QB,CHI,1,5,0,0,0.0,0,0,10,0,0,0,2,0.0,0,0,6,0,0,78.5,76.8,79.1,72.4,,,72.4,60.0,7,0,0,0,0,28,2,1,0,4,0,12,2,0.4,2.4,,2
3,Jacardia Wright,99250,HB,SEA,1,5,1,0,0.0,0,0,20,0,0,1,11,44.0,1,1,29,0,1,69.7,68.3,68.0,,,,66.3,,10,0,0,0,0,5,0,0,0,5,0,20,11,2.2,4.0,,4
3,Tahj Brooks,123133,HB,CIN,1,5,1,0,0.0,0,0,17,0,0,1,11,44.0,0,0,7,0,1,69.7,58.4,70.2,,15.9,56.1,63.6,,7,0,0,0,4,5,0,0,0,5,0,17,11,2.2,3.4,0.0,4
3,Zamir White,83665,HB,LV,1,5,0,0,0.0,0,0,19,0,0,0,8,0.0,0,0,23,0,0,71.5,52.2,75.4,,17.5,58.3,55.6,60.0,9,0,4,1,10,6,0,0,2,6,0,19,8,1.6,3.8,0.4,5
3,Russell Wilson,7077,QB,NYG,1,5,1,0,0.0,0,1,3,0,0,0,4,0.0,1,1,21,0,0,79.6,47.0,78.9,49.2,,,50.1,60.0,14,2,0,0,0,22,24,3,0,2,0,27,14,2.8,5.4,,1
3,Patrick Mahomes,11765,QB,KC,1,5,1,0,0.0,0,0,-3,0,0,0,0,0.0,0,0,16,2,0,23.0,55.0,79.3,53.5,,,63.5,60.0,4,0,0,0,0,25,5,2,0,3,0,2,13,2.6,0.4,,0
3,Cam Akers,57206,HB,MIN,1,5,0,0,0.0,0,0,19,1,0,0,24,0.0,1,1,18,0,4,69.7,50.5,72.0,,,26.3,64.2,,14,0,0,0,2,5,0,0,1,5,0,19,24,4.8,3.8,0.0,1
3,Jeremy McNichols,11917,HB,WAS,1,4,4,1,76.9,60,0,78,0,0,4,75,1875.0,2,3,32,0,1,68.6,84.2,73.9,,74.6,53.7,89.3,58.0,60,0,0,0,6,7,0,0,0,4,1,78,75,18.75,19.5,0.0,3
3,Jared Goff,10635,QB,DET,1,4,0,0,0.0,0,0,1,0,0,0,10,0.0,0,1,11,1,0,77.9,71.0,79.1,72.1,,,53.9,60.0,5,0,0,0,0,37,5,1,0,3,0,6,10,2.5,1.5,,0
3,Samaje Perine,11869,HB,CIN,1,4,0,0,0.0,0,0,21,0,0,0,14,0.0,1,2,7,1,1,19.8,45.1,74.1,,77.4,54.5,44.4,,12,0,0,0,7,4,0,0,0,4,0,21,14,3.5,5.3,0.0,3
3,Aaron Rodgers,2241,QB,PIT,1,4,0,0,0.0,0,0,-2,0,0,0,0,0.0,0,0,25,0,0,26.5,34.8,0.0,37.5,,,55.8,60.3,3,1,0,0,0,26,3,1,0,3,0,1,1,0.25,0.3,,0
3,Daniel Jones,39395,QB,IND,1,4,1,0,0.0,0,0,8,0,0,0,3,0.0,1,2,14,0,0,77.7,84.6,78.0,78.8,,,76.1,60.0,17,0,0,0,0,21,19,2,0,2,0,27,44,11.0,6.8,,1
3,Jordan Love,40306,QB,GB,1,4,0,0,0.0,0,0,14,0,0,0,0,0.0,1,1,12,0,0,78.9,59.0,79.3,62.6,,,47.4,60.5,10,0,0,0,0,31,4,1,0,3,0,18,0,0.0,4.5,,2
3,Devin Singletary,40485,HB,NYG,1,4,0,0,0.0,0,0,11,0,0,0,9,0.0,0,0,21,0,0,74.3,54.8,72.6,,81.1,59.6,51.7,,4,0,0,0,7,4,0,0,0,4,0,11,9,2.25,2.8,0.0,4
3,Baker Mayfield,46518,QB,TB,1,4,4,0,0.0,0,0,-1,0,0,0,0,0.0,2,2,30,1,0,26.5,83.9,79.5,80.9,,,69.2,60.0,33,1,0,0,0,32,45,3,0,1,0,44,31,7.75,11.0,,0
3,Josh Allen,46601,QB,BUF,1,4,0,0,0.0,0,0,2,0,0,0,3,0.0,1,0,4,1,1,78.3,75.7,78.6,74.8,,,61.6,60.0,19,0,0,0,0,26,23,2,0,2,0,25,4,1.0,6.3,,0
3,Kenneth Gainwell,77737,HB,PIT,1,4,0,0,0.0,0,0,16,0,1,0,9,45.0,1,2,25,0,0,70.7,63.1,72.9,,7.5,63.4,66.2,60.0,13,0,10,1,6,7,0,0,1,5,1,16,9,2.25,4.0,1.67,3
3,Rhamondre Stevenson,98689,HB,NE,1,4,4,0,0.0,0,0,18,0,0,4,14,200.0,1,1,19,2,3,10.9,41.0,73.9,,75.1,70.4,28.8,60.0,10,0,38,3,11,5,0,0,3,7,0,18,14,3.5,4.5,3.45,1
3,Anthony Richardson,124393,QB,IND,1,4,0,0,0.0,0,0,-1,0,0,0,1,0.0,0,1,14,0,0,68.6,69.8,71.1,,,,66.7,60.0,2,0,0,0,0,7,0,0,0,4,0,-1,1,0.25,-0.3,,0
3,C.J. Stroud,129759,QB,HST,1,4,0,0,0.0,0,0,-1,0,0,0,0,0.0,1,1,13,0,0,80.1,63.2,78.9,62.7,,,60.4,60.0,12,0,0,0,0,17,23,3,0,1,0,22,6,1.5,5.5,,0
3,Ty Johnson,45769,HB,BUF,1,3,0,0,0.0,0,0,13,1,0,0,7,0.0,0,1,4,0,0,68.2,46.8,76.0,,43.4,40.2,56.7,60.0,7,0,8,1,8,5,0,0,2,4,0,13,7,2.33,4.3,1.0,3
3,DJ Moore,48267,WR,CHI,1,3,0,0,0.0,0,0,7,0,0,0,6,0.0,0,0,6,0,1,70.3,65.5,78.5,,,67.3,61.5,47.4,5,0,21,4,26,25,0,0,5,7,0,7,6,2.0,2.3,0.81,2
3,Deebo Samuel,48274,WR,WAS,1,3,1,0,0.0,0,0,18,1,1,1,9,120.0,0,0,32,0,1,72.5,47.9,75.7,,,46.8,62.6,34.9,9,0,11,2,11,11,0,0,3,5,0,18,9,3.0,6.0,1.0,1
3,Matthew Golden,156165,WR,GB,1,3,1,0,0.0,0,0,9,0,0,1,15,71.4,0,0,12,0,0,72.7,62.8,77.7,,,62.7,62.7,53.6,4,0,52,4,26,17,0,0,4,7,0,9,15,5.0,3.0,2.0,1
3,Cam Ward,133244,QB,TEN,1,3,0,0,0.0,0,0,0,0,0,0,,100.0,0,1,31,0,0,80.4,50.7,79.3,51.0,,,56.7,60.0,7,0,0,0,0,20,12,3,0,0,0,12,15,5.0,4.0,,0
3,Dylan Laube,88664,HB,LV,1,3,0,0,0.0,0,0,2,0,0,0,3,0.0,0,0,23,0,0,71.6,40.2,71.5,,9.5,58.8,50.8,,2,0,0,0,2,3,0,0,0,3,0,2,3,1.0,0.7,0.0,3
3,Spencer Rattler,97408,QB,NO,1,2,0,0,0.0,0,0,0,0,0,0,,100.0,0,1,20,0,0,79.9,40.5,79.4,42.3,,,50.2,60.0,5,0,0,0,0,24,10,2,0,0,0,10,14,7.0,5.0,,0
3,RJ Harvey,99622,HB,DEN,1,2,0,0,0.0,0,0,2,0,0,0,4,0.0,0,0,10,0,0,71.4,60.8,72.9,,,65.8,56.0,60.0,4,0,14,3,10,4,0,0,3,5,0,2,4,2.0,1.0,1.4,2
3,Tyler Goodson,101659,HB,IND,1,2,0,0,0.0,0,0,6,0,0,0,4,0.0,0,0,14,0,2,65.2,52.1,67.6,,,58.0,54.3,,4,0,0,0,2,2,0,0,0,2,0,6,4,2.0,3.0,0.0,0
3,Julius Chestnut,109239,HB,TEN,1,2,0,1,103.8,27,0,26,0,0,0,9,0.0,1,1,31,0,0,65.2,77.0,70.5,,,57.1,74.6,60.0,27,0,0,0,3,3,0,0,0,2,0,26,9,4.5,13.0,0.0,2
3,Savion Williams,123101,WR,GB,1,2,1,0,0.0,0,0,-1,0,0,1,6,150.0,0,0,12,0,1,70.8,46.6,71.1,,,57.3,49.9,60.0,2,0,0,0,3,3,0,0,0,2,0,-1,6,3.0,-0.5,0.0,0
3,Bryce Young,123943,QB,CAR,1,2,2,0,0.0,0,0,0,0,0,0,,100.0,0,2,5,0,0,77.2,63.9,78.6,56.8,,,77.5,60.0,4,0,0,0,0,28,8,2,0,0,1,8,24,12.0,4.0,,0
3,Michael Penix Jr.,82134,QB,ATL,1,2,0,0,0.0,0,0,0,0,0,0,,100.0,0,0,2,0,0,78.7,27.9,0.0,29.3,,,54.2,60.0,6,1,0,0,0,13,9,2,0,0,0,9,16,8.0,4.5,,0
3,Emari Demercado,77763,HB,ARZ,1,2,0,0,,0,0,0,1,0,0,1,0.0,0,0,1,0,1,69.4,43.2,73.6,,81.3,25.7,56.7,,1,0,0,0,2,2,0,0,1,2,0,0,1,0.5,0.0,0.0,1
3,Trevor Lawrence,77632,QB,JAX,1,2,1,0,0.0,0,0,-1,0,0,0,0,0.0,1,1,15,0,0,80.1,66.7,79.4,64.4,,,65.4,60.0,10,0,0,0,0,24,10,1,0,1,0,9,6,3.0,4.5,,0
3,Chimere Dike,129918,WR,TEN,1,2,0,0,0.0,0,0,3,0,1,0,8,80.0,0,0,31,0,1,75.3,59.6,75.2,,36.3,62.9,56.4,58.4,2,0,2,3,15,12,0,0,4,5,0,3,8,4.0,1.5,0.13,0
3,Tua Tagovailoa,60326,QB,MIA,1,2,0,0,0.0,0,0,0,0,0,0,,100.0,0,1,17,1,0,28.2,50.6,78.7,53.6,,,47.0,60.0,8,0,0,0,0,21,10,2,0,0,0,10,3,1.5,5.0,,0
3,Brashard Smith,143951,HB,KC,1,2,1,0,0.0,0,0,13,0,0,1,14,350.0,0,1,16,0,0,65.8,66.5,70.4,,,78.1,56.5,59.1,8,0,0,0,3,4,0,0,1,2,0,13,14,7.0,6.5,0.0,0
3,Brian Robinson,57120,HB,SF,1,2,1,1,86.4,19,0,22,0,0,1,9,225.0,1,1,28,0,2,65.2,69.0,68.2,,73.4,57.3,67.5,,19,0,0,0,3,2,0,0,0,2,0,22,9,4.5,11.0,0.0,0
3,Justin Herbert,28237,QB,LAC,1,2,0,0,0.0,0,0,2,0,0,0,0,0.0,0,1,27,0,0,81.5,74.1,80.0,72.9,,,60.4,60.0,4,0,0,0,0,28,4,1,0,1,0,6,2,1.0,3.0,,0
3,Carson Wentz,10636,QB,MIN,1,2,0,0,0.0,0,0,0,0,0,0,,100.0,0,0,18,0,0,76.6,61.4,78.1,63.9,,58.4,51.1,60.0,3,0,0,0,0,21,4,2,0,0,0,4,2,1.0,2.0,,0
3,Jordan Whittington,97623,WR,LA,1,2,0,0,0.0,0,0,7,0,0,0,3,0.0,0,0,26,0,0,67.8,57.7,75.3,,44.9,64.4,50.5,59.6,6,0,7,2,12,19,0,0,2,4,0,7,3,1.5,3.5,0.58,0
3,Geno Smith,7820,QB,LV,1,2,0,0,0.0,0,0,5,0,0,0,1,0.0,0,2,23,0,0,78.9,84.2,79.0,80.4,,,70.6,60.0,3,0,0,0,0,30,0,0,0,2,0,5,1,0.5,2.5,,0
3,Malik Washington,97108,WR,MIA,1,2,2,0,0.0,0,0,20,0,1,2,16,480.0,1,2,17,0,0,73.2,72.7,76.6,,,70.2,62.8,59.9,14,0,12,3,25,7,0,0,4,5,0,20,16,8.0,10.0,0.48,0
3,Luther Burden III,157170,WR,CHI,1,1,1,0,0.0,0,0,7,0,1,1,6,300.0,0,1,6,0,0,69.1,93.0,74.5,,,92.4,63.4,53.5,7,0,101,3,9,8,0,0,3,4,0,7,6,6.0,7.0,11.22,0
3,DJ Giddens,144595,HB,IND,1,1,0,0,0.0,0,0,3,0,0,0,3,0.0,0,0,14,0,1,61.9,43.4,72.7,,10.9,59.9,57.3,60.0,3,0,0,0,1,5,0,0,0,1,0,3,3,3.0,3.0,0.0,0
3,Ja'Marr Chase,84270,WR,CIN,1,1,0,0,0.0,0,0,9,0,1,0,0,0.0,0,0,7,1,0,17.9,66.4,80.1,,,64.2,63.1,60.7,9,0,50,5,27,18,0,0,6,6,0,9,0,0.0,9.0,1.85,0
3,Elijah Moore,84302,WR,BUF,1,1,0,0,0.0,0,0,11,0,1,0,3,100.0,1,1,4,0,0,67.8,74.9,73.6,,,66.9,70.7,59.8,11,0,30,2,9,5,0,0,3,3,0,11,3,3.0,11.0,3.33,0
3,KaVontae Turpin,47658,WR,DAL,1,1,1,0,0.0,0,0,4,0,0,1,2,66.7,0,0,9,0,0,72.5,62.0,75.8,,,63.4,56.6,59.3,4,0,64,2,33,12,0,0,3,3,0,4,2,2.0,4.0,1.94,0
3,Jake Browning,46401,QB,CIN,1,1,0,0,0.0,0,1,3,0,0,0,0,0.0,0,1,7,0,0,78.4,64.7,78.2,63.2,,,62.6,60.0,3,1,0,0,0,20,0,0,0,1,0,3,0,0.0,3.0,,0
3,Tyler Allgeier,83639,HB,ATL,1,1,0,0,0.0,0,0,4,1,0,0,2,0.0,0,0,2,0,1,64.6,45.4,70.6,,75.0,28.1,59.3,,4,0,0,1,4,1,0,0,2,2,0,4,2,2.0,4.0,0.0,0
3,Jaxson Dart,146409,QB,NYG,1,1,0,0,0.0,0,0,0,0,0,0,,100.0,0,0,21,0,0,60.4,56.4,68.2,,,,58.3,60.0,3,0,0,0,0,2,3,1,0,0,0,3,4,4.0,3.0,,0
3,Jalen Milroe,146590,QB,SEA,1,1,0,0,0.0,0,0,3,0,0,0,2,0.0,0,0,29,0,1,61.9,58.1,64.6,,,,59.3,,3,0,0,0,0,1,0,0,0,1,0,3,2,2.0,3.0,,0
3,Derius Davis,78196,WR,LAC,1,1,0,0,0.0,0,0,2,0,0,0,2,0.0,0,0,27,0,0,21.1,49.7,69.8,,,56.6,56.6,60.0,2,0,0,0,4,3,0,0,0,1,0,2,2,2.0,2.0,0.0,0
3,Andy Dalton,6187,QB,CAR,1,1,0,0,0.0,0,0,-1,0,0,0,0,0.0,0,0,5,0,0,61.9,60.0,64.6,,,,60.0,,-1,0,0,0,0,1,0,0,0,1,0,-1,0,0.0,-1.0,,0
3,Tre Tucker,101106,WR,LV,1,1,0,0,0.0,0,0,4,0,0,0,1,0.0,0,0,23,0,0,73.7,86.1,79.2,,,88.0,56.6,54.9,4,1,145,8,33,27,0,0,9,9,0,4,1,1.0,4.0,4.39,0
3,Dylan Sampson,163772,HB,CLV,1,1,0,0,0.0,0,0,2,0,0,0,3,0.0,0,0,8,0,1,61.9,53.5,73.3,,,56.1,58.2,,2,0,0,0,3,1,0,0,0,1,0,2,3,3.0,2.0,0.0,0
3,Olamide Zaccheaus,44920,WR,CHI,1,1,1,0,0.0,0,0,12,0,0,1,2,50.0,1,1,6,0,0,67.4,69.6,76.2,,,67.2,63.1,60.6,12,0,24,3,17,15,0,0,4,4,0,12,2,2.0,12.0,1.41,0
3,Greg Dortch,42237,WR,ARZ,1,1,0,0,0.0,0,0,5,0,0,0,3,0.0,0,0,1,0,1,73.5,61.7,72.2,,,55.8,62.2,59.6,5,0,3,2,11,5,0,0,2,3,0,5,3,3.0,5.0,0.27,0
3,Drew Lock,39517,QB,SEA,1,1,0,0,0.0,0,0,-1,0,0,0,0,0.0,0,0,29,0,0,67.4,46.1,74.5,43.5,,,60.0,60.0,-1,0,0,0,0,15,0,0,0,1,0,-1,0,0.0,-1.0,,0
3,Mac Jones,60323,QB,SF,1,1,0,0,0.0,0,0,-1,0,0,0,0,0.0,0,0,28,0,0,79.9,81.1,78.9,79.3,,,60.0,60.0,-1,0,0,0,0,20,0,0,0,1,0,-1,0,0.0,-1.0,,0
3,Nikko Remigio,84150,WR,KC,1,1,0,0,0.0,0,0,11,0,0,0,5,0.0,1,1,16,0,0,70.1,71.2,70.4,,,58.1,63.4,60.0,11,0,0,0,2,3,0,0,0,1,0,11,5,5.0,11.0,0.0,0
3,Puka Nacua,100632,WR,LA,1,1,0,0,0.0,0,0,6,0,1,0,2,16.7,0,0,26,0,0,72.1,83.8,0.0,,58.9,89.3,56.6,52.9,6,1,112,11,30,26,0,0,15,12,0,6,2,2.0,6.0,3.73,0
week,player,player_id,position,team_name,player_game_count,attempts,avoided_tackles,breakaway_attempts,breakaway_percent,breakaway_yards,declined_penalties,designed_yards,drops,elu_recv_mtf,elu_rush_mtf,elu_yco,elusive_rating,explosive,first_downs,franchise_id,fumbles,gap_attempts,grades_hands_fumble,grades_offense,grades_offense_penalty,grades_pass,grades_pass_block,grades_pass_route,grades_run,grades_run_block,longest,penalties,rec_yards,receptions,routes,run_plays,scramble_yards,scrambles,targets,total_touches,touchdowns,yards,yards_after_contact,yco_attempt,ypa,yprr,zone_attempts
4,Cam Skattebo,147787,HB,NYG,1,25,3,1,20.3,16,0,79,0,0,3,65,28.9,1,4,21,0,6,79.1,69.8,80.1,,16.9,61.3,70.2,81.8,16,0,11,2,19,33,0,0,2,27,0,79,65,2.6,3.2,0.58,19
4,Josh Jacobs,45953,HB,GB,1,22,3,2,43.0,37,0,86,0,2,3,73,63.8,3,6,12,0,11,78.2,81.8,78.2,,78.3,77.1,79.1,60.0,19,0,71,4,24,24,0,0,4,26,2,86,73,3.32,3.9,2.96,11
4,James Cook,83666,HB,BUF,1,22,6,1,12.8,15,0,117,0,1,6,69,87.8,3,6,4,0,13,78.3,86.6,74.5,,,64.2,86.5,60.0,15,0,18,3,19,24,0,0,3,25,1,117,69,3.14,5.3,0.95,9
4,Quinshon Judkins,157128,HB,CLV,1,21,4,0,0.0,0,0,82,0,0,4,61,46.5,2,7,8,0,14,78.0,71.9,74.3,,11.2,77.6,70.5,60.0,11,0,33,4,14,24,0,0,4,25,1,82,61,2.9,3.9,2.36,7
4,Ashton Jeanty,157196,HB,LV,1,21,9,1,46.4,64,1,138,0,2,9,123,280.1,5,6,23,1,5,26.4,83.4,75.9,,80.8,76.6,79.4,60.0,64,1,17,2,13,25,0,0,2,23,1,138,123,5.86,6.6,1.31,16
4,Javonte Williams,77803,HB,DAL,1,20,2,0,0.0,0,0,85,0,2,2,56,48.7,2,5,9,0,11,77.8,70.2,76.4,,80.1,61.5,70.2,59.7,13,0,15,3,26,24,0,0,4,23,1,85,56,2.8,4.3,0.58,9
4,De'Von Achane,124305,HB,MIA,1,20,9,1,21.2,21,0,99,0,0,9,85,182.1,3,4,17,1,5,25.4,64.1,76.9,,74.6,52.2,67.0,59.8,21,0,2,1,19,21,0,0,2,21,1,99,85,4.25,5.0,0.11,14
4,Kenneth Gainwell,77737,HB,PIT,1,19,7,2,30.3,30,0,99,0,0,7,78,114.9,3,8,25,0,9,78.5,85.0,74.5,,77.5,64.9,85.4,60.0,15,0,35,6,17,22,0,0,6,25,2,99,78,4.11,5.2,2.06,10
4,Saquon Barkley,45791,HB,PHI,1,19,1,0,0.0,0,0,43,0,2,1,42,28.8,1,1,24,0,9,77.2,56.0,78.9,,39.0,67.3,55.4,60.0,10,0,31,4,16,20,0,0,4,23,1,43,42,2.21,2.3,1.94,8
4,Travis Etienne Jr.,57185,HB,JAX,1,19,3,2,53.2,66,0,124,0,0,3,74,58.4,4,5,15,0,10,77.0,79.5,75.3,,80.7,78.1,74.0,60.0,48,0,1,1,11,25,0,0,1,20,1,124,74,3.89,6.5,0.09,8
4,Kenneth Walker III,97199,HB,SEA,1,19,5,2,50.6,41,0,81,1,1,5,36,56.8,2,2,29,0,9,77.0,63.2,0.0,,26.6,70.8,64.2,60.0,21,1,29,1,12,20,0,0,2,20,0,81,36,1.89,4.3,2.42,10
4,Christian McCaffrey,11763,HB,SF,1,17,3,0,0.0,0,0,49,1,1,3,48,49.1,1,1,28,1,4,25.8,56.6,78.7,,44.1,49.3,60.5,60.0,11,0,92,6,36,17,0,0,9,23,0,49,48,2.82,2.9,2.56,12
4,Bijan Robinson,123126,HB,ATL,1,17,5,0,0.0,0,0,75,0,0,5,62,86.8,2,5,2,1,3,25.6,75.8,80.4,,19.5,83.2,68.1,,14,0,106,4,23,17,0,0,5,21,1,75,62,3.65,4.4,4.61,14
4,Woody Marks,124179,HB,HST,1,17,3,2,47.8,33,0,69,0,1,3,48,53.8,2,5,13,0,10,77.3,76.7,76.6,,83.5,79.2,71.8,60.0,18,0,50,4,14,19,0,0,5,21,1,69,48,2.82,4.1,3.57,7
4,Jonathan Taylor,57488,HB,IND,1,17,4,0,0.0,0,0,76,0,0,4,49,52.4,2,3,14,0,5,77.2,73.2,77.2,,76.9,62.7,75.4,60.0,12,0,20,5,27,20,0,0,5,22,0,76,49,2.88,4.5,0.74,12
4,Jordan Mason,62946,HB,MIN,1,16,0,0,0.0,0,1,57,0,1,0,51,16.8,0,4,18,1,7,24.9,57.3,77.7,,54.2,59.5,57.3,,9,1,15,3,20,16,0,0,3,19,0,57,51,3.19,3.6,0.75,8
4,J.K. Dobbins,57366,HB,DEN,1,16,3,1,15.8,16,0,101,0,1,3,41,60.3,4,6,10,0,11,76.4,81.2,75.0,,42.0,56.9,82.9,60.0,16,0,4,1,12,18,0,0,1,17,0,101,41,2.56,6.3,0.33,5
4,Tyler Allgeier,83639,HB,ATL,1,16,7,2,66.7,34,0,51,0,0,7,67,183.2,2,3,2,0,5,75.8,75.8,73.2,,65.8,60.0,72.2,60.0,19,0,0,0,1,19,0,0,0,16,1,51,67,4.19,3.2,0.0,11
4,Bucky Irving,144970,HB,TB,1,15,6,1,23.8,15,0,63,0,3,6,50,150.0,1,2,30,1,11,25.8,69.6,76.1,,34.3,86.9,65.0,60.0,15,0,102,5,17,19,0,0,5,20,0,63,50,3.33,4.2,6.0,4
4,Alvin Kamara,11822,HB,NO,1,15,4,1,24.3,17,0,70,0,1,4,58,101.8,3,4,20,0,7,76.6,60.8,78.0,,82.7,57.8,60.2,60.0,17,0,2,4,24,20,0,0,5,19,0,70,58,3.87,4.7,0.08,8
4,Jahmyr Gibbs,122474,HB,DET,1,15,2,2,50.5,46,0,91,0,0,2,67,52.5,2,5,11,0,5,76.2,58.6,76.0,,21.5,58.4,61.0,60.0,24,0,6,2,15,17,0,0,2,17,1,91,67,4.47,6.1,0.4,10
4,RJ Harvey,99622,HB,DEN,1,14,4,0,0.0,0,0,58,0,0,4,49,77.8,0,2,10,0,8,76.6,76.9,77.3,,64.2,75.6,73.0,60.0,9,0,40,4,15,17,0,0,5,18,0,58,49,3.5,4.1,2.67,5
4,D'Andre Swift,57212,HB,CHI,1,14,2,0,0.0,0,0,38,1,0,2,28,22.2,1,4,6,0,3,76.1,62.3,0.0,,81.4,49.3,69.2,60.0,13,1,22,4,24,16,0,0,6,18,1,38,28,2.0,2.7,0.92,9
4,Breece Hall,97636,HB,NYJ,1,14,2,2,49.4,40,0,81,0,0,2,55,41.4,2,3,22,0,5,76.1,71.8,77.5,,80.6,67.0,70.5,60.0,23,0,30,5,17,16,0,0,6,19,0,81,55,3.93,5.8,1.76,9
4,Tony Pollard,27126,HB,TEN,1,14,3,1,32.8,21,0,64,0,1,3,55,92.4,2,2,31,0,10,76.0,65.9,78.3,,78.4,71.0,62.3,,21,0,12,3,20,14,0,0,3,17,0,64,55,3.93,4.6,0.6,4
4,Kareem Hunt,11841,HB,KC,1,13,1,0,0.0,0,0,34,0,0,1,15,8.2,0,4,16,0,5,74.9,60.9,79.1,,69.2,61.3,60.3,60.0,7,0,13,1,15,15,0,0,1,14,0,34,15,1.15,2.6,0.87,7
4,Nick Chubb,45783,HB,HST,1,13,0,0,0.0,0,0,47,0,0,0,33,0.0,1,2,13,0,5,75.9,59.8,74.5,,6.8,60.0,65.1,60.0,11,0,15,2,9,17,0,0,2,15,0,47,33,2.54,3.6,1.67,8
4,Kyren Williams,97118,HB,LA,1,13,2,0,0.0,0,0,77,0,0,2,35,33.7,3,6,26,1,2,24.3,68.3,76.2,,63.6,60.4,70.2,60.0,11,0,17,3,29,15,0,0,4,16,0,77,35,2.69,5.9,0.59,11
4,Zach Charbonnet,97630,HB,SEA,1,12,4,1,38.5,15,0,39,0,0,4,31,73.8,1,3,29,0,3,74.8,72.8,73.8,,78.5,58.4,75.2,57.1,15,0,5,2,13,12,0,0,2,14,1,39,31,2.58,3.3,0.38,9
4,Omarion Hampton,162750,HB,LAC,1,12,4,3,78.9,101,0,128,0,0,4,85,166.7,3,5,27,0,10,76.1,79.7,77.6,,24.9,75.2,82.9,77.1,54,0,37,5,32,15,0,0,5,17,1,128,85,7.08,10.7,1.16,2
4,Kendre Miller,123091,HB,NO,1,11,5,1,27.7,18,0,65,0,0,5,53,219.0,3,5,20,0,2,73.3,82.8,75.5,,79.1,90.7,72.5,59.4,18,0,0,0,4,14,0,0,0,11,1,65,53,4.82,5.9,0.0,7
4,Chuba Hubbard,57373,HB,CAR,1,10,1,0,0.0,0,0,49,0,0,1,27,20.8,1,3,5,0,4,74.2,61.8,75.6,,62.0,59.7,62.4,59.6,11,0,20,3,21,12,0,0,3,13,0,49,27,2.7,4.9,0.95,6
4,Chase Brown,77787,HB,CIN,1,10,2,0,0.0,0,0,40,0,2,2,25,76.9,0,2,7,0,5,74.2,65.6,75.6,,75.6,69.3,62.7,60.0,6,0,31,3,19,12,0,0,3,13,0,40,25,2.5,4.0,1.63,4
4,Jaxson Dart,146409,QB,NYG,1,10,0,1,27.8,15,0,31,0,0,0,9,0.0,3,5,21,1,4,29.1,48.9,0.0,45.1,,,63.2,60.0,15,1,0,0,0,42,23,3,0,7,1,54,21,2.1,5.4,,2
4,Blake Corum,129574,HB,LA,1,9,0,0,0.0,0,0,21,1,1,0,11,11.1,1,1,26,0,3,73.4,44.3,72.3,,28.5,29.4,54.5,,10,0,-5,2,7,9,0,0,4,11,0,21,11,1.22,2.3,-0.71,6
4,David Montgomery,45719,HB,DET,1,9,1,0,0.0,0,0,12,0,0,1,19,23.5,0,0,11,0,3,72.7,44.6,73.4,,75.7,55.2,45.0,60.0,4,0,0,0,7,10,0,0,0,9,0,12,19,2.11,1.3,0.0,6
4,Rhamondre Stevenson,98689,HB,NE,1,9,3,1,57.9,22,0,38,0,0,3,20,66.7,1,1,19,0,6,73.1,53.7,74.1,,73.3,57.3,53.3,60.0,22,0,3,1,12,14,0,0,1,10,0,38,20,2.22,4.2,0.25,2
4,Jalen Hurts,40291,QB,PHI,1,9,0,0,0.0,0,0,15,0,0,0,0,0.0,1,2,24,1,0,36.9,58.3,78.5,64.5,,,48.0,60.0,29,0,0,0,0,25,47,5,0,4,0,62,10,1.11,6.9,,2
4,Rico Dowdle,40693,HB,CAR,1,9,1,0,0.0,0,0,32,0,0,1,17,18.9,1,2,5,0,3,76.1,61.3,75.2,,53.1,55.4,63.1,,10,0,-2,1,12,10,0,0,1,10,0,32,17,1.89,3.6,-0.17,6
4,Emanuel Wilson,154173,HB,GB,1,8,1,0,0.0,0,0,44,0,2,1,36,122.7,1,3,12,0,3,72.7,66.1,77.7,,76.8,51.5,70.8,60.0,13,0,37,3,14,8,0,0,3,11,0,44,36,4.5,5.5,2.64,4
4,Trey Benson,131705,HB,ARZ,1,8,3,0,0.0,0,0,35,0,2,3,19,91.3,1,1,1,0,4,73.8,64.3,79.0,,77.2,67.0,61.3,60.0,12,0,19,5,22,9,0,0,5,13,0,35,19,2.38,4.4,0.86,4
4,Derrick Henry,10679,HB,BLT,1,8,0,0,0.0,0,0,42,0,0,0,18,0.0,2,2,3,0,2,72.9,60.8,73.9,,79.9,63.9,58.4,59.9,14,0,16,2,7,10,0,0,2,10,0,42,18,2.25,5.3,2.29,6
4,Caleb Williams,144622,QB,CHI,1,8,1,0,0.0,0,0,-7,0,0,0,1,0.0,1,1,6,2,0,30.1,62.2,79.3,69.4,,,38.0,60.0,12,0,0,0,0,24,20,3,0,5,0,13,9,1.13,1.6,,2
4,Josh Allen,46601,QB,BUF,1,7,3,1,33.3,15,0,12,0,0,0,0,0.0,2,3,4,0,0,78.2,66.1,78.7,58.4,,,76.3,60.0,27,0,0,0,0,30,33,3,0,4,1,45,31,4.43,6.4,,0
4,Chris Rodriguez Jr.,83689,HB,WAS,1,7,2,1,81.4,48,0,59,0,0,2,60,244.9,1,1,32,0,5,71.4,62.4,72.9,,22.6,55.0,65.4,59.9,48,0,0,0,8,11,0,0,0,7,0,59,60,8.57,8.4,0.0,1
4,Trevor Etienne,157730,HB,CAR,1,7,1,1,66.7,22,0,33,0,0,1,16,32.7,1,1,5,0,4,75.0,67.7,70.4,,,56.9,67.1,60.0,22,0,0,0,3,8,0,0,0,7,0,33,16,2.29,4.7,0.0,3
4,Justin Fields,82118,QB,NYJ,1,7,2,0,0.0,0,0,4,0,0,0,2,0.0,2,3,22,1,1,28.8,63.3,79.1,50.3,,,84.6,60.0,43,1,0,0,0,23,77,6,0,1,1,81,15,2.14,11.6,,0
4,Isiah Pacheco,83747,HB,KC,1,7,1,0,0.0,0,0,35,1,0,1,22,34.9,1,2,16,0,1,72.3,51.0,75.9,,67.2,42.9,55.9,60.0,12,0,13,2,16,9,0,0,3,9,0,35,22,3.14,5.0,0.81,6
4,Jacory Croskey-Merritt,102382,HB,WAS,1,7,1,1,34.0,16,0,47,0,0,1,31,49.2,1,4,32,0,3,72.7,73.8,75.3,,13.3,69.4,78.0,60.0,16,0,10,2,7,8,0,0,2,9,0,47,31,4.43,6.7,1.43,4
4,Trevor Lawrence,77632,QB,JAX,1,7,0,0,0.0,0,0,5,0,0,0,5,0.0,0,2,15,0,0,79.7,60.9,0.0,62.6,,,58.5,60.0,6,1,0,0,0,32,2,1,0,6,0,7,5,0.71,1.0,,1
4,Devin Singletary,40485,HB,NYG,1,7,1,0,0.0,0,0,28,0,0,1,14,28.6,0,2,21,0,4,73.2,63.7,77.7,,77.3,54.0,64.4,60.0,8,0,0,0,7,9,0,0,0,7,0,28,14,2.0,4.0,0.0,3
4,TreVeyon Henderson,145059,HB,NE,1,7,1,0,0.0,0,0,32,0,0,1,20,31.7,1,3,19,0,4,73.1,64.4,73.4,,8.0,77.0,64.5,59.9,11,1,14,2,5,9,0,0,2,9,1,32,20,2.86,4.6,2.8,1
4,Rachaad White,131633,HB,TB,1,6,0,0,0.0,0,0,17,0,1,0,16,26.7,0,2,30,0,3,72.4,63.9,77.9,,80.0,62.8,62.8,60.0,5,0,29,4,20,7,0,0,4,10,0,17,16,2.67,2.8,1.45,3
4,Kaleb Johnson,156419,HB,PIT,1,6,0,0,0.0,0,0,22,1,0,0,15,0.0,0,1,25,0,2,70.6,44.9,70.6,,,27.8,56.0,,9,0,0,0,5,6,0,0,1,6,0,22,15,2.5,3.7,0.0,4
4,Antonio Gibson,78050,HB,NE,1,6,1,1,77.8,21,0,27,0,0,1,27,75.0,1,2,19,0,1,71.7,60.7,68.7,,66.3,57.5,60.9,,21,0,0,0,2,6,0,0,0,6,1,27,27,4.5,4.5,0.0,3
4,Ollie Gordon II,157792,HB,MIA,1,6,1,0,0.0,0,0,10,0,0,1,8,22.2,0,1,17,0,2,70.6,59.7,71.0,,70.7,56.3,60.0,59.9,7,0,0,0,4,9,0,0,1,6,0,10,8,1.33,1.7,0.0,4
4,Lamar Jackson,46416,QB,BLT,1,6,0,0,0.0,0,0,7,0,0,0,3,0.0,2,3,3,1,1,26.4,45.8,0.0,42.3,,,73.3,60.0,17,3,0,0,0,10,41,4,0,2,0,48,39,6.5,8.0,,1
4,Bo Nix,97790,QB,DEN,1,6,0,0,0.0,0,0,-2,0,0,0,1,0.0,0,1,10,0,1,80.5,79.1,79.7,78.4,,,61.3,60.3,6,0,0,0,0,36,9,2,0,4,1,7,1,0.17,1.2,,0
4,Spencer Rattler,97408,QB,NO,1,6,1,0,0.0,0,0,14,0,0,1,12,133.3,2,5,20,1,1,28.1,69.5,79.0,57.0,,60.0,87.7,60.0,15,1,0,0,1,32,35,3,1,3,0,49,19,3.17,8.2,0.0,0
4,Brian Robinson,57120,HB,SF,1,5,1,0,0.0,0,0,21,0,0,1,15,60.0,0,0,28,0,2,69.7,67.3,70.3,,,54.7,68.3,,7,0,0,0,3,5,0,0,0,5,0,21,15,3.0,4.2,0.0,3
4,Kyler Murray,38334,QB,ARZ,1,5,1,0,0.0,0,0,3,0,0,0,3,0.0,1,1,1,0,0,81.2,52.5,79.1,54.5,,,51.6,60.0,29,0,0,0,0,12,38,4,0,1,0,41,3,0.6,8.2,,1
4,Raheem Mostert,9783,HB,LV,1,4,0,1,59.7,37,0,62,0,0,0,44,0.0,3,3,23,0,0,73.5,61.9,73.6,,68.8,60.3,61.3,,37,0,11,1,3,4,0,0,1,5,0,62,44,11.0,15.5,3.67,4
4,C.J. Stroud,129759,QB,HST,1,4,0,0,0.0,0,0,4,0,0,0,2,0.0,0,3,13,0,0,78.7,72.8,79.3,71.8,,,61.9,60.0,4,0,0,0,0,36,7,2,0,2,0,11,3,0.75,2.8,,0
4,Kyle Monangai,129891,HB,CHI,1,4,2,0,0.0,0,0,18,0,0,2,20,250.0,0,0,6,0,1,69.7,70.8,74.8,,76.7,53.0,73.7,60.0,9,0,0,0,9,8,0,0,0,4,0,18,20,5.0,4.5,0.0,3
4,Brashard Smith,143951,HB,KC,1,4,0,0,0.0,0,0,9,1,3,0,7,75.0,0,0,16,0,1,73.2,60.4,76.7,,,57.6,62.8,60.0,5,0,27,3,10,9,0,0,4,7,0,9,7,1.75,2.3,2.7,3
4,Geno Smith,7820,QB,LV,1,4,1,0,0.0,0,0,2,0,0,0,2,0.0,1,1,23,0,0,76.5,29.7,78.2,27.1,,,69.7,60.0,20,0,0,0,0,29,29,2,0,2,0,31,19,4.75,7.8,,0
4,Braelon Allen,145159,HB,NYJ,1,4,0,1,57.7,15,0,26,0,0,0,15,0.0,1,2,22,1,2,16.8,47.6,69.6,,,58.8,49.9,,15,0,0,0,2,4,0,0,0,4,0,26,15,3.75,6.5,0.0,2
4,Bhayshul Tuten,150568,HB,JAX,1,4,2,0,0.0,0,0,14,0,0,2,15,150.0,0,0,15,0,1,72.4,55.4,72.3,,72.7,67.7,52.1,60.0,8,0,8,1,7,7,0,0,1,5,0,14,15,3.75,3.5,1.14,3
4,Patrick Mahomes,11765,QB,KC,1,4,0,0,0.0,0,0,-1,0,0,0,0,0.0,0,0,16,0,0,79.8,71.6,0.0,75.2,,,52.8,60.0,4,1,0,0,0,23,6,3,0,1,0,5,0,0.0,1.3,,0
4,Michael Penix Jr.,82134,QB,ATL,1,4,0,0,0.0,0,0,-3,0,0,0,0,0.0,0,1,2,0,0,78.0,84.4,79.0,81.8,,,65.7,60.0,5,1,0,0,0,36,5,1,0,3,0,2,0,0.0,0.5,,0
4,Matthew Stafford,4924,QB,LA,1,4,0,0,0.0,0,0,-2,0,0,0,0,0.0,0,0,26,0,0,80.8,82.8,79.5,82.7,,,55.0,60.0,6,0,0,0,0,26,6,1,0,3,0,4,1,0.25,1.0,,0
4,Joshua Dobbs,11890,QB,NE,1,3,0,0,0.0,0,0,-2,0,0,0,0,0.0,0,0,19,0,0,68.2,48.1,70.6,47.3,,,60.5,60.0,0,0,0,0,0,5,0,0,0,3,0,-2,0,0.0,-0.7,,0
4,Tua Tagovailoa,60326,QB,MIA,1,3,0,0,0.0,0,0,0,0,0,0,0,0.0,0,0,17,1,0,26.6,59.6,78.6,69.3,,,29.6,60.0,5,0,0,0,0,28,6,2,0,1,0,6,1,0.33,2.0,,1
4,AJ Dillon,57165,HB,PHI,1,3,0,0,0.0,0,0,17,0,0,0,7,0.0,1,1,24,0,3,67.2,58.0,74.3,,76.8,59.6,57.4,60.0,11,0,0,0,1,5,0,0,0,3,0,17,7,2.33,5.7,0.0,0
4,Deebo Samuel,48274,WR,WAS,1,3,2,0,0.0,0,0,9,0,0,2,7,51.9,0,1,32,1,1,19.5,76.1,78.3,,,72.2,66.7,77.2,7,0,72,6,29,15,0,0,6,9,0,9,7,2.33,3.0,2.48,0
4,Jake Browning,46401,QB,CIN,1,3,0,0,0.0,0,0,1,0,0,0,2,0.0,0,1,7,0,0,78.4,57.8,78.1,60.0,,,51.6,60.0,3,1,0,0,0,15,3,1,0,2,0,4,2,0.67,1.3,,0
4,Justice Hill,45865,HB,BLT,1,3,1,1,93.4,71,0,76,0,3,1,67,1116.7,1,2,3,0,0,74.9,83.0,77.7,,86.1,67.2,90.3,,71,0,41,5,19,3,0,0,6,8,1,76,67,22.33,25.3,2.16,3
4,Aaron Rodgers,2241,QB,PIT,1,3,0,0,0.0,0,0,-2,0,0,0,0,0.0,1,0,25,1,0,25.4,60.6,78.3,67.1,,,43.0,60.1,10,1,0,0,0,28,10,1,0,2,0,8,0,0.0,2.7,,0
4,Joe Flacco,4332,QB,CLV,1,3,0,0,0.0,0,0,-1,0,0,0,0,0.0,0,0,8,1,0,21.8,62.7,0.0,65.4,,,54.6,60.0,0,1,0,0,0,25,0,0,0,3,0,-1,0,0.0,-0.3,,0
4,Drake Maye,143969,QB,NE,1,3,0,0,0.0,0,0,0,0,0,0,,100.0,0,1,19,0,0,75.6,76.5,77.4,74.9,,,65.4,60.0,5,0,0,0,0,21,11,3,0,0,1,11,6,2.0,3.7,,0
4,Isaiah Davis,138299,HB,NYJ,1,3,0,0,0.0,0,0,9,0,1,0,6,40.0,0,1,22,0,0,72.5,59.4,77.6,,55.8,66.0,56.4,59.8,6,0,18,2,10,5,0,0,2,5,0,9,6,2.0,3.0,1.8,3
4,Jaxon Smith-Njigba,129758,WR,SEA,1,3,0,0,0.0,0,0,11,0,2,0,6,57.1,1,0,29,0,1,69.4,85.9,78.2,,,81.9,62.9,88.9,10,1,79,4,28,24,0,0,5,7,0,11,6,2.0,3.7,2.82,1
4,Jordan Love,40306,QB,GB,1,3,1,0,0.0,0,0,-1,0,0,0,0,0.0,1,1,12,1,0,80.6,78.6,80.0,77.4,,,61.5,60.0,25,1,0,0,0,32,29,2,0,1,0,28,41,13.67,9.3,,0
4,Baker Mayfield,46518,QB,TB,1,2,1,0,0.0,0,0,0,0,0,0,,100.0,0,1,30,1,0,29.6,60.4,79.4,59.2,,,62.9,60.1,7,0,0,0,0,25,13,2,0,0,0,13,5,2.5,6.5,,0
4,Emari Demercado,77763,HB,ARZ,1,2,0,0,0.0,0,0,8,0,1,0,3,37.5,0,0,1,0,1,67.8,61.3,78.9,,33.8,69.5,62.5,,8,0,13,2,17,2,0,0,2,4,0,8,3,1.5,4.0,0.76,1
4,Cam Ward,133244,QB,TEN,1,2,0,0,0.0,0,0,0,0,0,0,,100.0,2,1,31,0,0,78.3,41.5,78.0,40.5,,,62.5,60.0,12,0,0,0,0,15,22,2,0,0,0,22,22,11.0,11.0,,0
4,Gardner Minshew,41401,QB,KC,1,2,0,0,0.0,0,0,-3,0,0,0,0,0.0,0,0,16,0,0,65.2,61.0,70.6,,,,60.0,60.0,-1,0,0,0,0,6,0,0,0,2,0,-3,0,0.0,-1.5,,0
4,Tre Tucker,101106,WR,LV,1,2,0,0,0.0,0,0,9,0,0,0,0,0.0,0,0,23,0,0,69.7,59.3,79.1,,,58.7,60.5,58.5,5,0,13,2,23,28,0,0,2,4,0,9,0,0.0,4.5,0.57,0
4,Carson Wentz,10636,QB,MIN,1,2,0,0,0.0,0,0,0,0,0,0,,100.0,1,1,18,1,0,36.3,56.4,0.0,56.9,,,62.9,60.0,11,2,0,0,0,18,12,2,0,0,0,12,2,1.0,6.0,,0
4,Brock Purdy,77672,QB,SF,1,2,0,0,0.0,0,0,2,0,0,0,0,0.0,1,2,28,1,0,29.3,61.7,79.0,59.7,,,65.5,60.0,11,0,0,0,0,22,11,1,0,1,0,13,3,1.5,6.5,,0
4,Jeremy McNichols,11917,HB,WAS,1,2,0,0,0.0,0,0,3,0,0,0,3,0.0,0,0,32,0,1,66.7,50.6,74.6,,41.9,54.7,53.7,,2,0,0,1,13,2,0,0,2,3,0,3,3,1.5,1.5,0.0,1
4,Jacob Saylors,87559,HB,DET,1,2,1,0,0.0,0,0,11,0,0,1,8,200.0,0,1,11,0,1,69.4,67.7,67.2,,,,64.0,60.0,9,0,0,0,0,4,0,0,0,2,0,11,8,4.0,5.5,,1
4,Rashid Shaheed,63707,WR,NO,1,2,0,0,0.0,0,0,5,0,0,0,4,0.0,0,0,20,0,0,73.1,64.1,76.9,,,64.4,59.5,58.1,5,0,47,4,28,19,0,0,5,6,0,5,4,2.0,2.5,1.68,0
4,Kyle Allen,26152,QB,DET,1,2,0,0,0.0,0,0,-2,0,0,0,0,0.0,0,0,11,0,0,65.2,60.8,69.2,,,,60.0,60.0,-1,0,0,0,0,4,0,0,0,2,0,-2,0,0.0,-1.0,,0
4,Malik Washington,97108,WR,MIA,1,2,0,0,0.0,0,0,8,0,0,0,3,0.0,0,0,17,0,0,72.9,51.8,75.4,,,53.5,63.0,34.5,8,0,13,2,17,10,0,0,3,4,0,8,3,1.5,4.0,0.76,1
4,Xavier Worthy,144718,WR,KC,1,2,0,1,92.1,35,0,38,0,1,0,1,7.1,1,2,16,0,0,70.3,81.0,77.9,,,78.5,63.1,61.2,35,0,83,5,30,11,0,0,8,7,0,38,1,0.5,19.0,2.77,0
4,Marcus Mariota,9435,QB,WAS,1,2,0,0,0.0,0,0,-2,0,0,0,2,0.0,1,1,32,0,1,78.8,90.4,78.5,89.2,,,63.3,60.2,22,1,0,0,0,20,22,1,0,1,0,20,3,1.5,10.0,,0
4,Miles Sanders,40555,HB,DAL,1,2,0,0,0.0,0,0,8,0,2,0,6,150.0,0,1,9,0,1,67.8,66.9,68.6,,,88.5,58.2,,5,0,17,2,5,2,0,0,2,4,0,8,6,3.0,4.0,3.4,1
4,Zavier Scott,55123,HB,MIN,1,2,0,0,0.0,0,0,1,0,0,0,7,0.0,0,0,18,0,0,70.6,73.7,76.4,,76.8,82.3,53.6,,2,0,43,6,23,2,0,0,7,8,0,1,7,3.5,0.5,1.87,2
4,Tyler Warren,129798,TE,IND,1,2,0,0,0.0,0,1,3,1,0,0,2,0.0,0,1,14,0,1,70.6,52.3,0.0,,73.4,57.0,62.5,44.3,2,2,70,5,32,17,0,0,6,7,1,3,2,1.0,1.5,2.19,0
4,Dylan Sampson,163772,HB,CLV,1,1,0,0,0.0,0,0,-2,1,0,0,1,0.0,0,0,8,0,0,61.9,40.7,76.2,,,29.2,59.7,60.0,-2,0,0,0,7,2,0,0,1,1,0,-2,1,1.0,-2.0,0.0,1
4,Sterling Shepard,10674,WR,TB,1,1,0,0,0.0,0,0,6,0,0,0,3,0.0,0,0,30,0,0,66.2,53.3,78.0,,,51.7,63.1,57.3,6,0,14,2,32,10,0,0,4,3,0,6,3,3.0,6.0,0.44,0
4,Chris Moore,10741,WR,WAS,1,1,0,0,0.0,0,0,9,0,0,0,2,0.0,0,0,32,0,0,,52.7,77.5,,,52.8,,59.2,9,0,0,0,27,9,0,0,2,1,0,9,2,2.0,9.0,0.0,0
4,Dak Prescott,10769,QB,DAL,1,1,0,0,0.0,0,0,2,0,0,0,0,0.0,0,1,9,0,0,79.5,84.6,79.3,82.5,,,61.4,60.3,2,1,0,0,0,27,0,0,0,1,1,2,0,0.0,2.0,,0
4,Samaje Perine,11869,HB,CIN,1,1,0,0,0.0,0,0,4,0,0,0,3,0.0,0,0,7,0,0,65.2,54.8,75.7,,16.8,55.2,61.8,60.0,4,0,0,0,9,4,0,0,1,1,0,4,3,3.0,4.0,0.0,1
4,David Moore,11981,WR,CAR,1,1,0,0,0.0,0,0,12,0,0,0,6,0.0,1,1,5,0,0,61.9,70.4,63.6,,,,63.1,,12,0,0,0,0,1,0,0,0,1,0,12,6,6.0,12.0,,0
4,Justin Herbert,28237,QB,LAC,1,1,0,0,0.0,0,0,0,0,0,0,,100.0,1,1,27,0,0,80.3,65.1,79.0,61.0,,,74.6,60.0,24,1,0,0,0,15,24,1,0,0,0,24,0,0.0,24.0,,0
4,Sam Darnold,29048,QB,SEA,1,1,0,0,0.0,0,0,0,0,0,0,,100.0,1,1,29,1,0,32.2,73.6,79.0,69.8,,,65.6,60.0,24,0,0,0,0,33,24,1,0,0,0,24,0,0.0,24.0,,0
4,Adam Prentice,35639,FB,DEN,1,1,0,0,0.0,0,0,4,0,0,0,3,0.0,0,1,10,0,0,61.9,79.5,70.8,,,,62.0,72.8,4,0,0,0,0,7,0,0,0,1,0,4,3,3.0,4.0,,0
4,Daniel Jones,39395,QB,IND,1,1,0,0,0.0,0,0,-1,0,0,0,0,0.0,0,0,14,1,0,79.1,60.1,78.8,59.6,,,60.0,60.2,-1,0,0,0,0,21,0,0,0,1,0,-1,0,0.0,-1.0,,0
4,Greg Dortch,42237,WR,ARZ,1,1,1,0,0.0,0,0,4,1,2,1,7,420.0,0,0,1,0,0,72.5,55.2,76.8,,,57.8,,34.4,4,0,35,4,35,7,0,0,5,5,0,4,7,7.0,4.0,1.0,0
4,Braden Mann,44664,P,PHI,1,1,0,0,0.0,0,0,-34,0,0,0,9,0.0,0,0,24,0,0,61.9,60.0,65.7,,,,60.0,,-34,0,0,0,0,1,0,0,0,1,0,-34,9,9.0,-34.0,,0
4,Ty Johnson,45769,HB,BUF,1,1,0,0,,0,0,0,0,0,0,0,0.0,0,0,4,0,1,65.8,48.5,71.1,,4.2,53.0,58.7,60.0,0,0,0,0,9,2,0,0,0,1,0,0,0,0.0,0.0,0.0,0
4,KaVontae Turpin,47658,WR,DAL,1,1,0,0,0.0,0,0,4,0,0,0,4,0.0,0,0,9,0,0,75.2,72.9,77.7,,,73.0,59.2,58.7,4,0,30,3,28,13,0,0,4,4,0,4,4,4.0,4.0,1.07,0
4,Connor Heyward,57301,TE,PIT,1,1,0,0,0.0,0,0,2,0,0,0,0,0.0,0,1,25,0,0,61.9,62.2,74.9,,,57.2,62.6,54.8,2,0,0,0,4,12,0,0,0,1,0,2,0,0.0,2.0,0.0,0
4,Michael Carter,57337,HB,ARZ,1,1,0,0,0.0,0,0,1,0,0,0,2,0.0,0,0,1,0,0,61.9,55.0,70.5,,,56.6,58.5,,1,0,0,0,3,1,0,0,0,1,0,1,2,2.0,1.0,0.0,1
4,Jerome Ford,83601,HB,CLV,1,1,0,0,0.0,0,0,-1,1,0,0,1,0.0,0,0,8,0,0,64.6,43.7,78.2,,56.5,30.1,56.4,,-1,0,4,1,10,1,0,0,2,2,0,-1,1,1.0,-1.0,0.4,0
4,Elijah Moore,84302,WR,BUF,1,1,0,0,,0,0,0,0,0,0,1,0.0,0,0,4,0,0,61.9,50.4,73.3,,,54.0,56.6,59.0,0,0,0,0,7,11,0,0,0,1,0,0,1,1.0,0.0,0.0,0
4,Hunter Luepke,91319,FB,DAL,1,1,0,0,0.0,0,0,6,0,0,0,1,0.0,0,0,9,0,0,61.9,51.9,75.8,,78.4,54.4,57.4,50.6,6,0,0,0,7,8,0,0,1,1,0,6,1,1.0,6.0,0.0,0
4,Ashton Dulin,91479,WR,IND,1,1,0,0,0.0,0,0,7,0,0,0,5,0.0,0,0,14,0,0,64.6,73.1,71.7,,,68.5,63.1,60.2,7,0,11,1,6,5,0,0,1,2,0,7,5,5.0,7.0,1.83,0
4,Ray Davis,101072,HB,BUF,1,1,0,0,0.0,0,0,3,0,0,0,3,0.0,0,0,4,0,1,61.9,51.9,69.2,,,59.7,56.8,60.0,3,0,0,0,1,4,0,0,0,1,0,3,3,3.0,3.0,0.0,0
4,Jameson Williams,101701,WR,DET,1,1,1,0,0.0,0,0,-3,2,0,1,6,200.0,0,0,11,0,0,66.2,47.0,0.0,,,52.2,56.2,52.3,-3,1,40,2,27,21,0,0,7,3,0,-3,6,6.0,-3.0,1.48,0
4,Julius Chestnut,109239,HB,TEN,1,1,0,0,,0,0,0,0,0,0,0,0.0,0,0,31,0,0,61.9,56.3,70.5,,70.4,56.9,60.0,,0,0,0,0,5,1,0,0,1,1,0,0,0,0.0,0.0,0.0,1
4,Andrei Iosivas,109811,WR,CIN,1,1,0,0,0.0,0,0,5,0,1,0,2,100.0,0,0,7,0,0,64.6,55.5,76.6,,65.9,56.9,60.0,60.3,5,0,22,1,27,12,0,0,1,2,0,5,2,2.0,5.0,0.81,0
4,Marvin Mims Jr.,122937,WR,DEN,1,1,0,1,100.0,16,0,16,0,0,0,3,0.0,1,1,10,0,0,74.9,82.7,78.7,,,80.3,63.1,57.5,16,0,69,6,23,9,0,0,6,7,1,16,3,3.0,16.0,3.0,0
4,Savion Williams,123101,WR,GB,1,1,0,0,0.0,0,0,1,0,0,0,3,0.0,0,0,12,0,1,69.1,56.5,71.6,,,61.0,57.0,59.5,1,0,22,3,6,4,0,0,3,4,0,1,3,3.0,1.0,3.67,0
4,Tez Johnson,123709,WR,TB,1,1,0,0,0.0,0,0,5,0,0,0,3,0.0,0,0,30,0,0,64.6,50.9,76.7,,,54.8,56.6,53.7,5,0,8,1,12,11,0,0,1,2,0,5,3,3.0,5.0,0.67,0
4,Bryce Young,123943,QB,CAR,1,1,0,0,0.0,0,0,0,0,0,0,,100.0,0,1,5,0,0,78.3,53.7,78.6,51.9,,,62.6,60.0,3,0,0,0,0,21,3,1,0,0,0,3,0,0.0,3.0,,0
4,Jaylin Noel,125155,WR,HST,1,1,0,0,0.0,0,0,2,0,0,0,2,0.0,0,0,13,0,0,73.5,51.8,72.5,,,55.5,56.6,60.8,2,0,-2,1,9,8,0,0,1,2,0,2,2,2.0,2.0,-0.22,0
4,Kyle Williams,128374,WR,NE,1,1,0,0,0.0,0,0,-2,0,0,0,4,0.0,0,0,19,0,0,61.9,53.4,73.6,,,55.2,59.2,59.7,-2,0,0,0,6,8,0,0,0,1,0,-2,4,4.0,-2.0,0.0,0
4,Parker Washington,129799,WR,JAX,1,1,0,0,0.0,0,0,-1,0,0,0,0,0.0,0,0,15,0,0,68.8,46.4,79.2,,,49.9,56.6,42.3,-1,0,0,0,29,26,0,0,2,1,0,-1,0,0.0,-1.0,0.0,0
4,Chimere Dike,129918,WR,TEN,1,1,0,0,0.0,0,0,-4,0,0,0,3,0.0,0,0,31,0,0,72.6,51.3,73.6,,,53.3,,47.4,-4,0,0,0,9,7,0,0,0,1,0,-4,3,3.0,-4.0,0.0,0
4,Emeka Egbuka,145055,WR,TB,1,1,0,0,,0,0,0,1,0,0,0,0.0,0,0,30,0,0,68.3,55.0,0.0,,,59.1,56.2,56.2,0,1,101,4,41,20,0,0,10,5,0,0,0,0.0,0.0,2.46,0
4,Brian Thomas Jr.,146760,WR,JAX,1,1,0,0,0.0,0,0,7,0,0,0,2,0.0,0,1,15,0,0,69.1,63.6,0.0,,,68.2,56.5,56.3,7,1,49,5,29,22,0,0,7,6,0,7,2,2.0,7.0,1.69,0
4,Matthew Golden,156165,WR,GB,1,1,0,0,0.0,0,0,5,0,2,0,2,66.7,0,1,12,0,0,72.9,63.7,77.6,,,65.8,56.5,53.9,5,0,58,5,34,13,0,0,6,6,0,5,2,2.0,5.0,1.71,0
4,Ryan Flournoy,159617,WR,DAL,1,1,0,0,0.0,0,0,12,0,0,0,2,0.0,1,1,9,0,0,66.2,71.9,72.9,,,66.0,63.1,75.4,12,0,14,2,9,6,0,0,2,3,0,12,2,2.0,12.0,1.56,0
4,Harold Fannin Jr.,163104,TE,CLV,1,1,0,0,0.0,0,0,1,1,1,0,1,33.3,0,0,8,0,1,67.4,51.6,0.0,,65.9,58.9,59.6,48.1,1,1,24,2,27,27,0,0,6,3,0,1,1,1.0,1.0,0.89,0
week,player,player_id,position,team_name,player_game_count,attempts,avoided_tackles,breakaway_attempts,breakaway_percent,breakaway_yards,declined_penalties,designed_yards,drops,elu_recv_mtf,elu_rush_mtf,elu_yco,elusive_rating,explosive,first_downs,franchise_id,fumbles,gap_attempts,grades_hands_fumble,grades_offense,grades_offense_penalty,grades_pass,grades_pass_block,grades_pass_route,grades_run,grades_run_block,longest,penalties,rec_yards,receptions,routes,run_plays,scramble_yards,scrambles,targets,total_touches,touchdowns,yards,yards_after_contact,yco_attempt,ypa,yprr,zone_attempts
5,Quinshon Judkins,157128,HB,CLV,1,23,3,1,29.1,32,0,110,0,0,3,94,51.1,3,5,8,0,15,78.8,77.3,73.9,,26.5,73.7,75.7,60.0,32,0,18,1,5,28,0,0,2,24,0,110,94,4.09,4.8,3.6,8
5,Rico Dowdle,40693,HB,CAR,1,23,8,4,66.5,137,0,206,0,0,8,169,226.1,6,7,5,0,11,78.2,78.7,77.4,,75.7,73.2,75.9,60.0,53,0,28,3,18,25,0,0,4,26,1,206,169,7.35,9.0,1.56,11
5,Christian McCaffrey,11763,HB,SF,1,22,2,0,0.0,0,0,57,0,5,2,38,40.3,0,2,28,0,5,78.7,67.8,79.7,,81.7,90.9,51.1,60.0,8,0,82,8,43,28,0,0,9,30,0,57,38,1.73,2.6,1.91,17
5,J.K. Dobbins,57366,HB,DEN,1,20,2,1,21.5,17,0,79,0,0,2,47,22.4,3,5,10,0,12,77.5,62.2,76.2,,36.4,58.1,64.0,60.0,17,0,5,1,9,23,0,0,1,21,1,79,47,2.35,4.0,0.56,7
5,David Montgomery,45719,HB,DET,1,18,2,1,29.2,19,0,65,0,0,2,48,28.1,1,4,11,0,6,76.9,65.4,73.6,72.2,82.8,69.4,58.3,60.0,19,0,6,1,7,20,0,0,1,19,1,65,48,2.67,3.6,0.86,12
5,Michael Carter,57337,HB,ARZ,1,18,2,0,0.0,0,0,51,0,2,2,33,31.9,0,2,1,0,14,77.6,63.3,75.6,,76.0,68.2,60.6,,7,0,22,5,17,19,0,0,5,23,1,51,33,1.83,2.8,1.29,4
5,Jonathan Taylor,57488,HB,IND,1,17,2,1,24.2,16,0,66,1,1,2,36,31.8,2,6,14,0,14,77.3,51.0,76.0,,78.9,39.3,55.7,60.0,16,0,20,3,23,21,0,0,4,20,3,66,36,2.12,3.9,0.87,3
5,Javonte Williams,77803,HB,DAL,1,16,3,1,48.9,66,0,135,0,0,3,110,121.3,2,6,9,0,10,76.4,75.3,75.3,,84.8,52.6,75.8,60.0,66,0,4,1,16,20,0,0,1,17,1,135,110,6.88,8.4,0.25,6
5,James Cook,83666,HB,BUF,1,15,2,0,0.0,0,0,49,1,0,2,32,28.4,0,2,4,0,8,76.0,55.1,76.3,,17.1,34.0,64.9,60.0,9,0,0,0,25,18,0,0,1,15,0,49,32,2.13,3.3,0.0,7
5,Derrick Henry,10679,HB,BLT,1,15,0,0,0.0,0,0,33,0,0,0,33,0.0,0,3,3,0,13,75.5,59.4,73.4,,74.2,54.0,59.8,60.0,7,0,0,0,9,17,0,0,1,15,1,33,33,2.2,2.2,0.0,2
5,Cam Skattebo,147787,HB,NYG,1,15,2,0,0.0,0,0,59,0,1,2,42,40.0,0,4,21,1,3,25.5,64.6,78.0,,75.5,74.1,56.9,69.8,9,0,45,6,28,17,0,0,6,21,0,59,42,2.8,3.9,1.61,12
5,Breece Hall,97636,HB,NYJ,1,14,6,5,81.4,92,0,113,0,0,6,60,142.9,6,6,22,1,5,24.8,63.2,77.0,,18.6,74.7,62.7,60.0,22,0,42,4,23,16,0,0,4,18,0,113,60,4.29,8.1,1.83,9
5,Rachaad White,131633,HB,TB,1,14,2,0,0.0,0,0,41,0,1,2,24,28.6,1,5,30,0,10,75.6,71.3,77.9,,85.8,68.7,68.9,60.0,12,0,30,4,25,16,0,0,4,18,2,41,24,1.71,2.9,1.2,3
5,Jacory Croskey-Merritt,102382,HB,WAS,1,14,3,3,51.4,57,0,111,0,0,3,74,99.1,5,6,32,1,12,24.2,73.9,74.9,,,71.7,71.4,60.0,27,0,39,2,12,16,0,0,2,16,2,111,74,5.29,7.9,3.25,2
5,Tony Pollard,27126,HB,TEN,1,14,5,0,0.0,0,0,67,0,0,5,49,102.9,3,4,31,1,7,24.1,62.2,77.5,,18.9,55.6,65.4,60.0,14,0,11,3,29,18,0,0,3,17,1,67,49,3.5,4.8,0.38,7
5,Ashton Jeanty,157196,HB,LV,1,14,0,0,0.0,0,0,67,0,1,0,44,16.5,2,3,23,0,5,76.5,66.3,77.9,,77.3,70.3,62.5,60.0,12,0,42,5,17,18,0,0,6,19,0,67,44,3.14,4.8,2.47,9
5,Kyren Williams,97118,HB,LA,1,14,0,1,30.8,20,0,65,1,1,0,32,10.4,1,4,26,1,12,26.1,53.6,77.0,,31.4,61.0,51.2,,20,0,66,8,40,15,0,0,9,22,0,65,32,2.29,4.6,1.65,0
5,Jordan Mason,62946,HB,MIN,1,13,1,0,0.0,0,0,52,0,0,1,37,17.8,1,3,18,1,4,23.7,56.6,77.8,,83.8,56.0,54.8,60.0,14,0,4,3,23,15,0,0,4,16,1,52,37,2.85,4.0,0.17,9
5,Jahmyr Gibbs,122474,HB,DET,1,12,1,0,0.0,0,0,54,0,1,1,32,38.1,0,3,11,0,7,75.2,76.7,0.0,,80.8,90.6,69.4,60.0,9,1,33,2,14,15,0,0,2,14,0,54,32,2.67,4.5,2.36,4
5,Omarion Hampton,162750,HB,LAC,1,12,5,0,0.0,0,0,44,0,2,5,43,139.4,0,2,27,0,6,75.3,74.9,77.4,,15.6,76.1,76.4,60.0,8,0,26,6,21,14,0,0,6,18,0,44,43,3.58,3.7,1.24,4
5,Travis Etienne Jr.,57185,HB,JAX,1,12,2,0,0.0,0,0,49,0,0,2,35,38.9,0,2,15,0,4,75.0,72.3,74.4,,79.8,59.9,73.0,59.1,8,0,9,3,13,14,0,0,4,15,0,49,35,2.92,4.1,0.69,7
5,Nick Chubb,45783,HB,HST,1,11,4,1,44.3,27,0,61,1,0,4,32,105.8,1,3,13,0,6,73.8,61.1,73.5,,15.0,28.1,72.4,60.0,27,0,0,0,9,13,0,0,1,11,1,61,32,2.91,5.5,0.0,5
5,Kenneth Walker III,97199,HB,SEA,1,10,2,2,61.6,53,0,86,0,0,2,48,87.3,3,3,29,0,4,74.4,83.5,75.5,,73.4,76.3,79.0,60.0,31,0,0,1,10,13,0,0,1,11,0,86,48,4.8,8.6,0.0,5
5,De'Von Achane,124305,HB,MIA,1,10,0,0,0.0,0,0,16,1,0,0,15,0.0,0,2,17,0,3,75.2,59.3,78.4,,77.9,61.8,55.4,60.0,6,0,30,6,34,11,0,0,7,16,0,16,15,1.5,1.6,0.88,7
5,Trevor Lawrence,77632,QB,JAX,1,10,3,0,0.0,0,0,3,0,0,0,4,0.0,3,6,15,1,1,29.1,75.0,0.0,73.3,,,70.6,60.0,16,2,0,0,0,19,51,7,0,3,2,54,33,3.3,5.4,,1
5,Kendre Miller,123091,HB,NO,1,10,3,0,0.0,0,0,41,0,0,3,44,120.0,1,1,20,0,2,74.3,71.4,76.0,,65.8,57.3,73.7,60.0,11,0,8,1,9,16,0,0,1,11,0,41,44,4.4,4.1,0.89,8
5,Josh Allen,46601,QB,BUF,1,9,1,0,0.0,0,0,3,0,0,0,2,0.0,2,3,4,1,0,79.8,77.5,79.2,74.6,,,69.0,60.0,19,0,0,0,0,24,50,7,0,2,0,53,23,2.56,5.9,,0
5,Zach Charbonnet,97630,HB,SEA,1,9,3,0,0.0,0,0,36,0,0,3,27,90.0,0,3,29,0,2,73.1,55.4,76.7,,8.1,52.7,66.9,,8,0,12,1,17,9,0,0,1,10,1,36,27,3.0,4.0,0.71,6
5,Jayden Daniels,97993,QB,WAS,1,8,3,0,0.0,0,0,-1,0,0,1,4,44.4,1,2,32,0,2,78.9,85.9,78.8,82.1,,,73.5,60.1,12,1,0,0,0,24,40,5,0,3,0,39,58,7.25,4.9,,1
5,Alvin Kamara,11822,HB,NO,1,8,2,0,0.0,0,0,27,2,1,2,24,75.0,1,0,20,0,4,74.0,47.3,79.7,,74.1,34.7,51.7,59.8,11,0,28,4,19,13,0,0,6,12,0,27,24,3.0,3.4,1.47,4
5,Chase Brown,77787,HB,CIN,1,8,0,0,0.0,0,0,27,0,0,0,18,0.0,0,0,7,1,4,22.9,54.9,78.6,,70.4,39.9,61.7,60.0,6,0,21,7,21,9,0,0,8,15,0,27,18,2.25,3.4,1.0,4
5,Woody Marks,124179,HB,HST,1,7,1,0,0.0,0,0,24,0,0,1,17,34.7,1,1,13,0,1,72.1,64.7,75.5,,65.9,52.6,66.8,60.0,11,0,0,0,12,9,0,0,1,7,0,24,17,2.43,3.4,0.0,6
5,Jaxson Dart,146409,QB,NYG,1,7,0,0,0.0,0,0,11,0,0,0,4,0.0,3,4,21,1,1,28.4,60.5,79.6,55.2,,,73.1,60.0,20,1,0,0,0,24,44,5,0,2,0,55,14,2.0,7.9,,0
5,Dak Prescott,10769,QB,DAL,1,7,0,0,0.0,0,0,1,0,0,0,0,0.0,1,2,9,0,0,78.9,70.9,78.7,63.9,,,77.4,60.0,14,0,0,0,0,27,27,3,0,4,0,28,18,2.57,4.0,,0
5,Justin Fields,82118,QB,NYJ,1,7,1,0,0.0,0,0,2,0,0,0,0,0.0,1,3,22,0,0,82.4,77.7,79.9,76.8,,,62.7,60.0,11,0,0,0,0,20,24,3,0,4,0,26,12,1.71,3.7,,0
5,Dameon Pierce,83659,HB,HST,1,7,2,0,0.0,0,0,21,0,0,2,20,81.6,1,1,13,0,4,71.4,58.9,72.5,,17.8,56.0,63.6,60.0,10,0,0,0,4,10,0,0,0,7,0,21,20,2.86,3.0,0.0,3
5,Isiah Pacheco,83747,HB,KC,1,7,1,1,44.4,16,0,36,0,1,1,22,62.9,2,4,16,0,0,73.2,68.9,77.7,,76.5,61.6,71.5,60.0,16,0,20,3,28,10,0,0,3,10,0,36,22,3.14,5.1,0.71,7
5,Kareem Hunt,11841,HB,KC,1,7,2,1,67.3,33,0,49,0,0,2,45,160.7,1,3,16,0,2,71.9,70.9,73.4,,26.5,58.6,76.0,,33,0,8,1,8,7,0,0,1,8,2,49,45,6.43,7.0,1.0,5
5,Rhamondre Stevenson,98689,HB,NE,1,7,1,0,0.0,0,0,14,0,0,1,9,14.3,0,2,19,1,5,21.8,53.1,75.8,,58.4,28.5,67.2,,7,0,13,2,17,7,0,0,2,9,2,14,9,1.29,2.0,0.76,1
5,Raheem Mostert,9783,HB,LV,1,7,1,0,0.0,0,0,22,0,0,1,15,30.6,0,1,23,0,1,72.4,54.1,76.6,,25.8,51.0,58.5,60.0,5,0,0,0,20,8,0,0,0,7,0,22,15,2.14,3.1,0.0,6
5,Taysom Hill,12112,TE,NO,1,6,1,0,0.0,0,0,-1,0,0,1,9,25.0,0,1,20,0,5,71.2,57.6,73.4,71.9,,60.0,51.5,59.9,2,0,0,0,1,7,0,0,0,6,0,-1,9,1.5,-0.2,0.0,0
5,Saquon Barkley,45791,HB,PHI,1,6,0,1,56.7,17,0,30,0,1,0,22,40.7,1,1,24,0,0,72.7,63.1,80.3,,78.5,66.7,57.5,,17,1,58,3,22,7,0,0,3,9,0,30,22,3.67,5.0,2.64,6
5,Spencer Rattler,97408,QB,NO,1,6,0,0,0.0,0,0,21,0,0,0,2,0.0,2,3,20,0,2,79.4,72.6,78.9,70.2,,58.8,68.2,60.6,11,1,0,1,1,27,0,0,1,7,0,21,2,0.33,3.5,0.0,1
5,Antonio Gibson,78050,HB,NE,1,6,0,0,0.0,0,0,21,0,0,0,11,0.0,0,1,19,0,1,20.2,67.0,70.0,,67.1,64.2,65.2,,8,0,5,1,2,6,0,0,1,7,0,21,11,1.83,3.5,2.5,5
5,TreVeyon Henderson,145059,HB,NE,1,6,1,0,0.0,0,0,24,0,0,1,23,47.9,1,1,19,0,3,72.5,55.6,75.3,,44.9,56.7,55.7,60.0,13,0,3,2,19,7,0,0,3,8,0,24,23,3.83,4.0,0.16,2
5,Devin Singletary,40485,HB,NYG,1,6,4,0,0.0,0,0,20,1,0,4,18,171.4,0,2,21,0,1,71.1,58.0,75.4,,74.7,34.7,68.0,60.0,7,0,4,1,13,7,0,0,2,7,0,20,18,3.0,3.3,0.31,5
5,Patrick Mahomes,11765,QB,KC,1,6,2,0,0.0,0,0,9,0,0,0,0,0.0,2,4,16,0,0,80.1,69.1,0.0,63.8,,,80.1,60.0,15,2,0,0,0,18,51,5,0,1,1,60,20,3.33,10.0,,1
5,Jerome Ford,83601,HB,CLV,1,5,0,0,0.0,0,0,18,0,1,0,15,42.9,1,2,8,0,2,73.6,64.8,77.7,,51.7,67.8,64.5,,10,0,20,2,14,5,0,0,2,7,0,18,15,3.0,3.6,1.43,3
5,Baker Mayfield,46518,QB,TB,1,5,0,0,0.0,0,0,-1,0,0,0,0,0.0,0,1,30,0,0,79.5,92.2,78.7,92.8,,,54.6,60.0,8,0,0,0,0,19,16,4,0,1,0,15,11,2.2,3.0,,0
5,Chris Rodriguez Jr.,83689,HB,WAS,1,5,0,0,0.0,0,0,7,0,0,0,11,0.0,0,1,32,0,4,69.7,48.4,72.8,,68.5,54.1,49.6,60.0,3,0,0,0,6,6,0,0,0,5,0,7,11,2.2,1.4,0.0,1
5,Hassan Haskins,83701,HB,LAC,1,5,0,0,0.0,0,0,13,0,0,0,13,0.0,0,0,27,0,2,70.3,57.2,72.7,,43.3,57.3,58.7,,5,0,2,1,7,5,0,0,1,6,0,13,13,2.6,2.6,0.29,3
5,DJ Giddens,144595,HB,IND,1,5,0,0,0.0,0,0,22,1,0,0,17,0.0,0,1,14,0,3,69.7,46.6,72.5,,5.4,26.2,64.1,,9,0,0,0,2,5,0,0,1,5,0,22,17,3.4,4.4,0.0,2
5,Zavier Scott,55123,HB,MIN,1,5,0,0,0.0,0,0,18,0,0,0,15,0.0,0,0,18,1,1,16.7,41.4,73.2,,76.5,55.1,41.6,,9,0,0,0,5,5,0,0,0,5,0,18,15,3.0,3.6,0.0,3
5,Cam Ward,133244,QB,TEN,1,5,1,0,0.0,0,0,-8,0,0,0,0,0.0,0,0,31,0,0,80.4,68.0,79.0,67.7,,,58.4,60.2,2,0,0,0,0,23,2,1,0,4,0,-6,7,1.4,-1.2,,0
5,Brian Robinson,57120,HB,SF,1,5,1,0,0.0,0,0,12,0,0,1,13,52.0,0,2,28,0,2,69.7,68.6,71.1,,74.4,56.1,68.4,60.0,5,0,0,0,4,6,0,0,0,5,0,12,13,2.6,2.4,0.0,3
5,Trevor Etienne,157730,HB,CAR,1,4,2,0,0.0,0,0,22,0,0,2,22,220.0,1,1,5,0,2,70.7,71.3,73.2,,69.2,56.9,73.2,60.0,12,0,7,1,5,6,0,0,1,5,0,22,22,5.5,5.5,1.4,2
5,Mac Jones,60323,QB,SF,1,4,0,0,0.0,0,0,5,0,0,0,1,0.0,0,2,28,0,0,81.4,66.5,80.1,65.0,,,63.9,60.0,2,0,0,0,0,33,0,0,0,4,0,5,1,0.25,1.3,,0
5,Kyler Murray,38334,QB,ARZ,1,4,0,0,0.0,0,0,10,0,0,0,12,0.0,2,3,1,1,1,79.1,64.4,79.0,58.5,,,75.2,60.0,12,1,0,0,0,26,15,2,0,2,1,25,23,5.75,6.3,,0
5,Jake Browning,46401,QB,CIN,1,4,1,0,0.0,0,0,3,0,0,0,3,0.0,2,2,7,1,0,32.0,38.8,0.0,38.1,,,67.2,60.0,13,1,0,0,0,13,28,3,0,1,0,31,22,5.5,7.8,,0
5,Justin Herbert,28237,QB,LAC,1,4,1,1,30.0,18,0,19,0,0,0,4,0.0,2,3,27,0,1,79.2,84.1,78.8,78.9,,,75.9,60.0,41,0,0,0,0,24,41,1,0,3,0,60,38,9.5,15.0,,0
5,Tyjae Spears,97195,HB,TEN,1,4,0,0,0.0,0,0,14,0,0,0,10,0.0,0,1,31,0,2,68.6,61.9,73.9,,78.0,51.8,63.5,,5,0,0,0,10,4,0,0,0,4,0,14,10,2.5,3.5,0.0,2
5,Kimani Vidal,123727,HB,LAC,1,4,1,0,0.0,0,0,18,0,0,1,13,65.0,1,1,27,0,3,69.4,64.5,76.2,,80.7,57.0,64.5,60.0,11,0,1,1,6,5,0,0,1,5,0,18,13,3.25,4.5,0.17,1
5,Bam Knight,97432,HB,ARZ,1,4,0,0,0.0,0,0,11,0,0,0,8,0.0,1,2,1,0,4,73.5,70.3,74.5,,67.1,66.8,67.9,,10,0,13,1,5,4,0,0,1,5,1,11,8,2.0,2.8,2.6,0
5,Bhayshul Tuten,150568,HB,JAX,1,4,2,0,0.0,0,0,6,0,0,2,6,60.0,0,1,15,0,1,69.4,60.4,70.9,,79.8,59.8,58.9,60.0,4,0,5,1,5,5,0,0,1,5,0,6,6,1.5,1.5,1.0,3
5,Jaydon Blue,157303,HB,DAL,1,4,2,0,0.0,0,0,7,0,0,2,10,125.0,0,0,9,0,2,70.1,64.1,69.7,,69.2,56.9,63.4,60.0,6,0,0,0,3,7,0,0,0,4,0,7,10,2.5,1.8,0.0,2
5,RJ Harvey,99622,HB,DEN,1,4,0,0,0.0,0,0,12,0,0,0,18,0.0,0,1,10,0,3,74.1,67.0,73.2,,29.0,66.0,66.8,60.0,8,0,18,3,9,5,0,0,3,7,0,12,18,4.5,3.0,2.0,1
5,Samaje Perine,11869,HB,CIN,1,4,1,0,0.0,0,0,27,0,1,1,12,100.0,2,2,7,0,1,70.0,65.1,75.9,,76.6,62.5,65.9,,10,0,2,2,21,4,0,0,2,6,0,27,12,3.0,6.8,0.1,3
5,Drake Maye,143969,QB,NE,1,3,0,0,0.0,0,0,0,0,0,0,2,0.0,0,1,19,0,0,79.3,79.7,78.8,80.2,,,57.1,60.0,9,0,0,0,0,20,12,2,0,1,0,12,4,1.33,4.0,,1
5,Bo Nix,97790,QB,DEN,1,3,1,0,0.0,0,0,2,0,0,0,1,0.0,1,1,10,0,0,80.1,70.7,0.0,68.8,,,71.2,60.0,14,2,0,0,0,28,20,2,0,1,0,22,5,1.67,7.3,,0
5,Ollie Gordon II,157792,HB,MIA,1,3,0,0,0.0,0,0,-2,0,0,0,2,0.0,0,0,17,0,1,67.2,48.4,71.6,,0.0,52.8,56.1,60.0,3,0,0,0,9,4,0,0,0,3,0,-2,2,0.67,-0.7,0.0,2
5,Geno Smith,7820,QB,LV,1,3,0,0,0.0,0,0,3,0,0,0,2,0.0,0,2,23,0,0,79.9,56.0,79.1,53.5,,,67.3,60.0,5,0,0,0,0,25,5,1,0,2,0,8,2,0.67,2.7,,0
5,Emari Demercado,77763,HB,ARZ,1,3,1,1,87.7,71,1,81,0,0,1,74,822.2,2,0,1,1,3,12.4,29.4,77.2,,74.6,53.0,29.9,26.5,71,1,0,0,11,5,0,0,0,3,0,81,74,24.67,27.0,0.0,0
5,Keaton Mitchell,123826,HB,BLT,1,3,0,0,0.0,0,0,8,0,0,0,7,0.0,0,1,3,0,0,73.8,58.1,69.2,,,65.5,57.3,,6,0,5,1,1,3,0,0,1,4,0,8,7,2.33,2.7,5.0,1
5,Carson Wentz,10636,QB,MIN,1,3,1,0,0.0,0,0,0,0,0,0,,100.0,0,0,18,0,0,79.6,67.1,79.0,70.7,,59.3,45.5,60.0,6,0,0,0,1,19,13,3,0,0,0,13,23,7.67,4.3,0.0,0
5,Sean Tucker,123056,HB,TB,1,3,1,0,0.0,0,0,3,0,0,1,6,33.3,0,0,30,0,1,69.7,50.0,70.0,,25.5,65.5,49.2,60.0,3,0,-4,3,7,4,0,0,3,6,0,3,6,2.0,1.0,-0.57,2
5,Davis Mills,52269,QB,HST,1,3,0,0,0.0,0,0,-2,0,0,0,0,0.0,0,0,13,0,0,70.2,79.6,73.5,83.4,,,57.9,60.0,5,0,0,0,0,9,5,1,0,2,0,3,0,0.0,1.0,,0
5,Bryce Young,123943,QB,CAR,1,3,0,0,0.0,0,0,-3,0,0,0,0,0.0,0,0,5,1,0,26.8,68.8,0.0,71.0,,,55.6,60.0,4,1,0,0,0,30,4,1,0,2,0,1,1,0.33,0.3,,0
5,Ameer Abdullah,9487,HB,IND,1,2,0,0,0.0,0,0,6,0,0,0,4,0.0,0,1,14,0,0,65.2,61.1,71.6,,,56.4,61.7,,4,0,0,0,2,2,0,0,0,2,1,6,4,2.0,3.0,0.0,2
5,Ty Johnson,45769,HB,BUF,1,2,1,0,0.0,0,0,10,0,0,1,9,225.0,0,0,4,0,0,70.5,65.5,72.8,,,54.6,70.3,,7,0,0,0,9,3,0,0,0,2,0,10,9,4.5,5.0,0.0,2
5,AJ Dillon,57165,HB,PHI,1,2,0,0,0.0,0,0,12,0,0,0,7,0.0,0,1,24,0,0,65.2,56.5,72.2,,,53.5,58.8,60.0,9,0,0,0,5,3,0,0,0,2,0,12,7,3.5,6.0,0.0,2
5,Jared Goff,10635,QB,DET,1,2,0,0,0.0,0,0,-2,0,0,0,0,0.0,0,0,11,1,0,77.1,68.2,78.8,67.4,,59.1,60.0,60.0,-1,0,0,0,1,34,0,0,0,2,0,-2,0,0.0,-1.0,0.0,0
5,Dillon Gabriel,86272,QB,CLV,1,2,0,0,0.0,0,0,-3,0,0,0,2,0.0,0,0,8,0,1,78.7,63.0,79.3,63.5,,,55.2,60.0,8,0,0,0,0,34,8,1,0,1,0,5,4,2.0,2.5,,0
5,Ryan Flournoy,159617,WR,DAL,1,2,0,0,0.0,0,0,10,0,3,0,3,56.3,1,1,9,0,0,70.6,90.7,78.9,,,90.4,62.6,61.2,10,0,114,6,21,13,0,0,8,8,0,10,3,1.5,5.0,5.43,0
5,Jimmy Horn Jr.,144483,WR,CAR,1,2,0,0,0.0,0,0,10,0,0,0,5,0.0,0,0,5,0,0,67.8,60.7,78.7,,,68.3,50.5,58.9,5,0,21,2,9,10,0,0,2,4,0,10,5,2.5,5.0,2.33,0
5,British Brooks,77714,FB,HST,1,2,1,0,0.0,0,0,15,0,0,1,10,250.0,0,2,13,0,0,65.2,75.5,70.1,,68.8,,67.7,63.7,9,0,0,0,0,10,0,0,0,2,0,15,10,5.0,7.5,,0
5,Ray Davis,101072,HB,BUF,1,2,0,0,0.0,0,0,1,0,0,0,3,0.0,0,0,4,0,1,65.2,55.7,68.4,,74.9,59.9,55.9,60.0,1,0,0,0,1,3,0,0,0,2,0,1,3,1.5,0.5,0.0,1
5,Jalen Hurts,40291,QB,PHI,1,2,1,0,0.0,0,0,-1,0,0,0,0,0.0,0,0,24,0,0,80.6,80.5,78.9,79.7,,,57.8,60.0,4,0,0,0,0,11,4,1,0,1,0,3,10,5.0,1.5,,0
5,Kameron Johnson,165866,WR,TB,1,1,1,0,0.0,0,0,2,0,0,1,2,200.0,0,0,30,0,1,66.2,50.2,71.1,,,56.5,56.9,58.3,2,0,0,0,4,3,0,0,0,1,0,2,2,2.0,2.0,0.0,0
5,Kyle Juszczyk,7912,FB,SF,1,1,0,0,0.0,0,0,-1,0,1,0,0,0.0,0,0,28,0,0,67.4,61.4,78.5,,76.2,62.5,60.0,57.8,-1,0,21,3,18,13,0,0,4,4,0,-1,0,0.0,-1.0,1.17,0
5,Sterling Shepard,10674,WR,TB,1,1,0,0,0.0,0,0,-5,0,0,0,2,0.0,0,0,30,0,0,68.3,63.6,76.4,,,65.4,56.6,59.8,-5,0,24,4,20,3,0,0,5,5,0,-5,2,2.0,-5.0,1.2,0
5,Jeremy McNichols,11917,HB,WAS,1,1,0,0,0.0,0,0,6,0,1,0,2,100.0,0,0,32,0,1,64.6,54.9,0.0,,17.9,63.0,63.1,,6,1,12,1,13,1,0,0,2,2,0,6,2,2.0,6.0,0.92,0
5,Adam Prentice,35639,FB,DEN,1,1,1,0,0.0,0,0,8,0,0,1,5,500.0,0,1,10,0,0,61.9,66.7,67.6,,,,62.0,58.9,8,0,0,0,0,4,0,0,0,1,0,8,5,5.0,8.0,,0
5,Daniel Jones,39395,QB,IND,1,1,0,0,0.0,0,0,2,0,0,0,2,0.0,0,1,14,1,0,78.7,73.8,78.6,72.8,,58.9,61.7,60.0,2,0,0,0,1,23,0,0,0,1,0,2,2,2.0,2.0,0.0,0
5,Justice Hill,45865,HB,BLT,1,1,0,0,0.0,0,0,3,0,1,0,5,250.0,0,0,3,0,0,66.7,65.8,76.5,,75.0,64.3,63.9,,3,0,9,1,9,2,0,0,2,2,0,3,5,5.0,3.0,1.0,0
5,Tua Tagovailoa,60326,QB,MIA,1,1,0,0,0.0,0,0,0,0,0,0,,100.0,0,0,17,0,0,79.3,90.5,78.3,90.4,,,55.7,60.0,5,0,0,0,0,13,5,1,0,0,0,5,0,0.0,5.0,,0
5,Nico Collins,61441,WR,HST,1,1,0,0,0.0,0,0,8,0,0,0,5,0.0,0,0,13,0,0,68.3,69.0,78.1,,,66.7,63.1,60.2,8,0,52,4,25,12,0,0,5,5,0,8,5,5.0,8.0,2.08,0
5,Malachi Corley,66272,WR,CLV,1,1,0,0,0.0,0,0,11,0,0,0,2,0.0,1,1,8,0,0,61.9,61.1,73.2,,,57.4,63.1,52.0,11,0,0,0,2,10,0,0,0,1,0,11,2,2.0,11.0,0.0,0
5,Khalil Shakir,84140,WR,BUF,1,1,0,0,0.0,0,0,5,1,0,0,1,0.0,0,0,4,0,0,71.6,61.1,0.0,,62.3,63.8,,49.1,5,1,45,6,29,9,0,0,9,7,0,5,1,1.0,5.0,1.55,0
5,Jalen Nailor,84292,WR,MIN,1,1,1,1,100.0,15,0,15,0,1,1,13,650.0,1,1,18,0,0,68.3,63.3,78.9,,76.3,63.7,63.1,36.4,15,0,27,3,27,10,0,0,4,4,0,15,13,13.0,15.0,1.0,0
5,Trey Lance,91399,QB,LAC,1,1,0,0,0.0,0,0,0,0,0,0,,100.0,1,0,27,0,0,68.9,48.6,70.6,51.4,,,57.9,,11,0,0,0,0,0,11,1,0,0,0,11,0,0.0,11.0,,0
5,Skyy Moore,97116,WR,SF,1,1,0,0,0.0,0,0,1,0,0,0,1,0.0,0,0,28,0,0,71.4,50.9,70.9,,,58.4,56.6,59.9,1,0,0,0,2,6,0,0,0,1,0,1,1,1.0,1.0,0.0,0
5,Tre Tucker,101106,WR,LV,1,1,0,0,0.0,0,0,9,0,0,0,5,0.0,0,0,23,0,0,68.3,61.2,80.4,,,60.1,63.1,54.5,9,0,62,4,37,21,0,0,6,5,0,9,5,5.0,9.0,1.68,0
5,Jameson Williams,101701,WR,DET,1,1,1,0,0.0,0,0,1,0,0,1,4,200.0,0,0,11,0,0,64.6,56.7,78.0,,,58.3,56.6,59.3,1,0,9,1,24,27,0,0,1,2,0,1,4,4.0,1.0,0.38,0
5,Wan'Dale Robinson,101735,WR,NYG,1,1,0,0,0.0,0,1,2,0,2,0,2,66.7,0,1,21,0,1,69.1,53.6,80.1,,,52.0,61.9,61.5,2,1,30,5,44,22,0,0,7,6,0,2,2,2.0,2.0,0.68,0
5,Max Brosmer,105568,QB,MIN,1,1,0,0,0.0,0,0,-1,0,0,0,0,0.0,0,0,18,0,0,61.9,60.0,64.6,,,,60.0,,-1,0,0,0,0,1,0,0,0,1,0,-1,0,0.0,-1.0,,0
5,Julius Chestnut,109239,HB,TEN,1,1,0,0,0.0,0,0,3,0,0,0,1,0.0,0,1,31,0,1,61.9,65.2,66.2,,,60.0,62.1,60.0,3,0,0,0,1,2,0,0,1,1,0,3,1,1.0,3.0,0.0,0
5,Marvin Mims Jr.,122937,WR,DEN,1,1,0,0,0.0,0,0,9,0,0,0,2,0.0,0,0,10,0,0,72.8,56.3,76.9,,,54.4,63.1,53.9,9,0,10,2,19,8,0,0,5,3,0,9,2,2.0,9.0,0.53,0
5,Quentin Johnston,123085,WR,LAC,1,1,0,0,0.0,0,0,9,0,2,0,1,40.0,0,0,27,1,0,17.0,60.9,0.0,,,61.6,63.1,60.5,9,1,40,4,33,20,0,0,4,5,0,9,1,1.0,9.0,1.21,0
5,Jaylin Noel,125155,WR,HST,1,1,0,0,0.0,0,0,5,1,0,0,4,0.0,0,0,13,0,0,72.7,67.7,74.5,,,63.4,63.6,60.0,5,0,13,2,12,9,0,0,3,3,0,5,4,4.0,5.0,1.08,0
5,Blake Corum,129574,HB,LA,1,1,0,0,0.0,0,0,13,1,0,0,6,0.0,1,1,26,0,0,61.9,29.9,76.8,,,36.7,49.6,60.0,13,0,0,0,4,2,0,0,2,1,0,13,6,6.0,13.0,0.0,0
5,C.J. Stroud,129759,QB,HST,1,1,0,0,0.0,0,0,0,0,0,0,,100.0,1,1,13,0,0,77.9,78.9,78.4,73.7,,,69.0,60.0,30,0,0,0,0,23,30,1,0,0,0,30,1,1.0,30.0,,0
5,Isaiah Davis,138299,HB,NYJ,1,1,0,0,0.0,0,0,5,0,1,0,7,175.0,0,0,22,0,0,67.4,66.1,75.9,,81.4,60.6,62.8,60.0,5,0,28,3,24,4,0,0,4,4,0,5,7,7.0,5.0,1.17,1
5,Brashard Smith,143951,HB,KC,1,1,0,0,0.0,0,0,4,0,0,0,1,0.0,0,0,16,0,0,73.4,86.3,71.1,,,87.4,59.7,60.0,4,0,32,3,4,2,0,0,3,4,0,4,1,1.0,4.0,8.0,1
5,Will Shipley,144138,HB,PHI,1,1,0,0,,0,0,0,0,0,0,2,0.0,0,0,24,0,1,70.5,58.9,72.3,,69.2,59.4,59.6,,0,0,4,1,6,1,0,0,1,2,0,0,2,2.0,0.0,0.67,0
5,Xavier Worthy,144718,WR,KC,1,1,0,0,0.0,0,0,9,0,0,0,0,0.0,0,0,16,0,0,69.8,65.2,79.1,,,63.1,63.1,61.4,9,0,42,6,37,12,0,0,9,7,0,9,0,0.0,9.0,1.14,0
5,Jalen Milroe,146590,QB,SEA,1,1,0,0,,0,0,0,0,0,0,0,0.0,0,0,29,1,0,16.4,27.1,64.6,,,,39.8,,0,0,0,0,0,1,0,0,0,1,0,0,0,0.0,0.0,,1
5,Dylan Sampson,163772,HB,CLV,1,1,0,0,0.0,0,0,-4,0,0,0,0,0.0,0,0,8,0,0,64.6,56.5,71.4,,,56.9,59.5,,-4,0,6,1,6,1,0,0,1,2,0,-4,0,0.0,-4.0,1.0,1
5,Matthew Stafford,4924,QB,LA,1,1,0,0,,0,0,0,0,0,0,0,0.0,0,0,26,1,1,80.5,80.6,79.2,79.2,,,60.0,60.0,0,0,0,0,0,17,0,0,0,1,0,0,0,0.0,0.0,,0
week,player,player_id,position,team_name,player_game_count,attempts,avoided_tackles,breakaway_attempts,breakaway_percent,breakaway_yards,declined_penalties,designed_yards,drops,elu_recv_mtf,elu_rush_mtf,elu_yco,elusive_rating,explosive,first_downs,franchise_id,fumbles,gap_attempts,grades_hands_fumble,grades_offense,grades_offense_penalty,grades_pass,grades_pass_block,grades_pass_route,grades_run,grades_run_block,longest,penalties,rec_yards,receptions,routes,run_plays,scramble_yards,scrambles,targets,total_touches,touchdowns,yards,yards_after_contact,yco_attempt,ypa,yprr,zone_attempts
6,Rico Dowdle,40693,HB,CAR,1,30,4,1,8.2,15,0,183,0,0,4,94,36.9,4,10,5,1,17,29.8,67.6,0.0,,6.1,40.0,82.0,60.0,15,2,56,4,20,31,0,0,5,34,0,183,94,3.13,6.1,2.8,13
6,Derrick Henry,10679,HB,BLT,1,24,1,0,0.0,0,0,122,0,1,1,83,27.7,4,7,3,0,5,78.5,75.3,74.6,,68.8,66.0,72.6,60.0,12,0,8,1,9,28,0,0,2,25,0,122,83,3.46,5.1,0.89,19
6,Ashton Jeanty,157196,HB,LV,1,23,4,0,0.0,0,0,75,0,0,4,63,43.8,1,4,23,0,9,78.2,66.6,0.0,,55.9,63.9,68.8,60.0,13,1,11,2,17,24,0,0,4,25,1,75,63,2.74,3.3,0.65,14
6,Breece Hall,97636,HB,NYJ,1,22,2,0,0.0,0,0,59,0,0,2,60,24.8,0,5,22,0,7,77.7,66.8,77.5,,78.8,52.8,64.0,60.0,8,0,0,0,13,26,0,0,0,22,0,59,60,2.73,2.7,0.0,13
6,Jonathan Taylor,57488,HB,IND,1,21,2,2,37.4,46,0,123,0,2,2,76,57.9,4,7,14,0,11,78.2,69.5,78.6,,24.3,60.5,72.3,60.0,30,0,14,4,28,23,0,0,4,25,1,123,76,3.62,5.9,0.5,10
6,Bijan Robinson,123126,HB,ATL,1,19,8,2,60.6,103,0,170,0,4,8,152,384.0,3,5,2,0,4,27.2,74.7,80.0,,81.6,67.3,73.0,59.0,81,0,68,6,22,23,0,0,7,25,1,170,152,8.0,8.9,3.09,15
6,Cam Skattebo,147787,HB,NYG,1,19,4,1,18.4,18,0,98,0,0,4,64,64.2,4,9,21,0,11,77.1,70.4,0.0,,2.4,61.1,80.7,58.3,18,1,12,2,16,27,0,0,2,21,3,98,64,3.37,5.2,0.75,8
6,Josh Jacobs,45953,HB,GB,1,18,5,1,17.2,16,0,93,0,1,5,67,97.1,4,7,12,0,7,77.1,83.6,79.1,,80.6,90.2,75.7,59.8,16,0,57,5,22,20,0,0,5,23,2,93,67,3.72,5.2,2.59,10
6,Kimani Vidal,123727,HB,LAC,1,18,3,3,67.7,84,0,124,0,0,3,62,49.2,4,4,27,0,7,77.0,62.4,74.2,,20.4,64.4,64.2,,38,0,14,3,21,18,0,0,4,21,0,124,62,3.44,6.9,0.67,11
6,Christian McCaffrey,11763,HB,SF,1,17,4,0,0.0,0,0,54,0,1,4,48,58.8,1,4,28,0,8,77.8,66.5,79.6,,48.4,78.5,60.3,60.0,11,0,57,7,36,21,0,0,8,24,1,54,48,2.82,3.2,1.58,9
6,James Cook,83666,HB,BUF,1,17,3,0,0.0,0,0,87,0,0,3,58,60.2,2,5,4,0,13,76.2,71.7,72.9,,,53.4,72.4,,14,0,0,0,11,17,0,0,0,17,0,87,58,3.41,5.1,0.0,4
6,Jahmyr Gibbs,122474,HB,DET,1,17,2,1,23.1,15,0,65,0,0,2,38,24.8,1,3,11,0,5,76.4,61.9,76.8,,79.8,54.6,62.1,60.0,15,0,0,1,16,18,0,0,2,18,0,65,38,2.24,3.8,0.0,12
6,Jacory Croskey-Merritt,102382,HB,WAS,1,17,1,0,0.0,0,0,61,0,0,1,40,13.1,1,4,32,1,9,24.6,48.4,77.2,,48.1,54.0,47.5,66.9,11,0,7,1,16,22,0,0,1,18,0,61,40,2.35,3.6,0.44,8
6,Rachaad White,131633,HB,TB,1,17,1,0,0.0,0,0,65,0,1,1,43,25.3,2,6,30,0,16,77.3,66.2,75.5,,76.2,63.7,65.1,60.0,10,0,21,3,19,20,0,0,3,20,1,65,43,2.53,3.8,1.11,1
6,De'Von Achane,124305,HB,MIA,1,16,3,3,62.5,80,0,128,1,0,3,82,76.9,3,6,17,0,6,76.5,76.7,78.0,,78.7,72.1,74.1,60.0,49,0,22,4,30,16,0,0,6,20,2,128,82,5.13,8.0,0.73,8
6,D'Andre Swift,57212,HB,CHI,1,14,1,2,31.5,34,0,108,0,1,1,42,37.5,5,6,6,0,5,75.5,85.6,81.4,,77.8,88.2,77.2,60.0,19,0,67,2,16,17,0,0,3,16,0,108,42,3.0,7.7,4.19,9
6,J.K. Dobbins,57366,HB,DEN,1,14,2,0,0.0,0,0,40,1,0,2,32,32.7,0,2,10,0,8,75.1,47.5,74.0,,73.4,29.1,54.3,60.0,8,0,0,0,13,16,0,0,1,14,0,40,32,2.29,2.9,0.0,6
6,Kyren Williams,97118,HB,LA,1,13,0,0,0.0,0,0,50,0,0,0,33,0.0,1,3,26,0,5,75.5,75.5,74.7,,57.0,90.6,67.5,60.0,13,0,37,2,16,16,0,0,2,15,1,50,33,2.54,3.8,2.31,8
6,Javonte Williams,77803,HB,DAL,1,13,0,0,0.0,0,0,29,1,0,0,26,0.0,0,1,9,0,7,75.8,46.4,0.0,,32.0,49.5,52.6,60.0,6,1,5,5,23,16,0,0,7,18,0,29,26,2.0,2.2,0.22,6
6,Jaxson Dart,146409,QB,NYG,1,13,3,0,0.0,0,0,16,0,0,1,11,17.2,1,5,21,0,3,79.8,89.7,79.2,81.8,,,82.3,60.0,20,0,0,0,0,33,42,5,0,8,1,58,52,4.0,4.5,,0
6,Rhamondre Stevenson,98689,HB,NE,1,13,1,0,0.0,0,0,18,1,0,1,19,11.2,0,1,19,0,9,74.7,53.6,76.2,,36.5,29.9,57.8,78.1,7,0,0,0,16,19,0,0,1,13,0,18,19,1.46,1.4,0.0,2
6,Isiah Pacheco,83747,HB,KC,1,12,0,0,0.0,0,0,51,1,0,0,27,0.0,1,3,16,0,2,74.5,55.8,78.2,,73.0,33.1,64.0,60.0,11,0,0,1,29,18,0,0,3,13,0,51,27,2.25,4.3,0.0,10
6,Quinshon Judkins,157128,HB,CLV,1,12,4,0,0.0,0,0,36,0,0,4,26,72.2,0,4,8,0,5,74.3,54.7,77.9,,29.1,51.4,58.7,60.0,6,0,0,0,15,13,0,0,1,12,0,36,26,2.17,3.0,0.0,7
6,Zach Charbonnet,97630,HB,SEA,1,12,3,0,0.0,0,0,24,0,0,3,30,57.7,0,0,29,0,5,74.5,68.1,75.0,,36.1,63.4,69.9,60.0,8,0,13,1,14,15,0,0,1,13,0,24,30,2.5,2.0,0.93,7
6,Travis Etienne Jr.,57185,HB,JAX,1,12,1,0,0.0,0,0,27,0,0,1,25,13.0,0,1,15,0,4,75.8,67.0,76.6,,68.4,78.3,61.5,60.0,7,0,28,4,21,14,0,0,5,16,0,27,25,2.08,2.3,1.33,7
6,Saquon Barkley,45791,HB,PHI,1,12,5,2,62.1,36,0,58,0,1,5,44,157.1,3,3,24,0,5,74.8,66.5,79.1,,82.6,52.1,70.6,60.0,18,0,9,2,23,16,0,0,3,14,0,58,44,3.67,4.8,0.39,7
6,Bam Knight,97432,HB,ARZ,1,11,3,0,0.0,0,0,34,0,0,3,26,59.1,0,3,1,0,7,74.1,68.3,74.9,,73.4,60.8,67.7,60.0,7,0,20,1,13,13,0,0,1,12,1,34,26,2.36,3.1,1.54,4
6,Jaylen Warren,98692,HB,PIT,1,11,4,0,0.0,0,0,52,0,0,4,41,114.7,3,3,25,0,2,74.8,67.0,77.5,,81.0,65.5,64.4,60.0,11,0,11,2,13,13,0,0,2,13,0,52,41,3.73,4.7,0.85,9
6,Jayden Daniels,97993,QB,WAS,1,10,3,0,0.0,0,0,-2,0,0,0,2,0.0,2,2,32,2,3,22.3,64.6,79.0,69.8,,,49.3,60.0,18,1,0,0,0,25,54,6,0,4,0,52,41,4.1,5.2,,0
6,Kenneth Walker III,97199,HB,SEA,1,10,3,0,0.0,0,0,34,0,0,3,27,73.6,1,1,29,0,2,74.1,70.6,71.1,,,58.1,70.7,,10,0,3,1,8,11,0,0,1,11,0,34,27,2.7,3.4,0.38,8
6,Patrick Mahomes,11765,QB,KC,1,10,1,0,0.0,0,0,-2,0,0,1,0,0.0,2,3,16,1,0,29.6,72.8,78.9,70.6,,,66.4,60.0,11,0,0,0,0,24,34,5,0,5,1,32,3,0.3,3.2,,0
6,Alvin Kamara,11822,HB,NO,1,10,0,0,0.0,0,0,31,0,0,0,32,0.0,0,1,20,0,3,74.7,63.3,77.6,,18.6,72.3,59.3,72.3,7,0,45,5,17,12,0,0,5,15,0,31,32,3.2,3.1,2.65,6
6,Tony Pollard,27126,HB,TEN,1,10,2,1,50.0,17,0,34,0,1,2,32,80.0,1,1,31,0,7,73.9,60.1,73.9,,77.7,65.9,57.4,,17,0,13,2,13,10,0,0,2,12,0,34,32,3.2,3.4,1.0,3
6,Tyler Allgeier,83639,HB,ATL,1,10,1,1,65.6,21,0,32,0,1,1,36,65.5,1,3,2,0,2,73.6,56.9,72.6,,,57.3,57.3,60.0,21,0,6,1,10,12,0,0,1,11,1,32,36,3.6,3.2,0.6,8
6,Drake Maye,143969,QB,NE,1,9,0,0,0.0,0,0,-2,0,0,0,2,0.0,1,2,19,2,0,28.6,91.0,0.0,92.0,,,62.6,60.0,20,1,0,0,0,29,30,4,0,5,0,28,37,4.11,3.1,,0
6,TreVeyon Henderson,145059,HB,NE,1,9,1,0,0.0,0,0,27,1,0,1,23,25.6,0,1,19,0,4,73.6,46.7,73.3,,36.8,31.8,53.0,,7,0,9,1,6,10,0,0,2,10,0,27,23,2.56,3.0,1.5,5
6,Chase Brown,77787,HB,CIN,1,9,1,0,0.0,0,0,42,0,0,1,30,30.3,1,1,7,0,6,73.7,65.0,76.5,,25.1,65.1,67.3,60.0,13,0,7,2,21,10,0,0,2,11,0,42,30,3.33,4.7,0.33,3
6,Michael Carter,57337,HB,ARZ,1,9,2,0,0.0,0,0,34,1,2,2,28,113.1,1,1,1,0,5,73.4,60.2,76.4,,27.7,48.5,63.8,72.4,11,0,30,2,20,9,0,0,4,11,0,34,28,3.11,3.8,1.5,4
6,Kendre Miller,123091,HB,NO,1,8,0,0,0.0,0,0,21,0,0,0,19,0.0,0,2,20,0,2,72.9,48.0,75.8,,28.7,73.2,46.4,58.9,4,0,11,1,6,10,0,0,1,9,0,21,19,2.38,2.6,1.83,6
6,Jalen Hurts,40291,QB,PHI,1,7,0,0,0.0,0,0,1,0,0,0,2,0.0,0,2,24,0,1,79.9,58.2,78.5,58.4,,,57.9,60.0,9,0,0,0,0,18,12,2,0,5,1,13,2,0.29,1.9,,0
6,Jordan Love,40306,QB,GB,1,7,2,0,0.0,0,0,2,0,0,0,1,0.0,0,3,12,0,0,78.7,73.0,78.7,73.0,,,60.9,60.0,7,0,0,0,0,26,24,5,0,2,0,26,8,1.14,3.7,,0
6,Justin Fields,82118,QB,NYJ,1,7,2,0,0.0,0,0,14,0,0,1,8,50.0,0,1,22,1,0,78.0,51.2,78.5,49.0,,,59.0,60.0,8,0,0,0,0,27,17,3,0,4,0,31,26,3.71,4.4,,3
6,Justice Hill,45865,HB,BLT,1,6,1,0,0.0,0,0,16,0,1,1,15,45.5,0,1,3,0,3,72.8,65.6,79.2,,27.3,62.1,67.2,78.4,6,0,28,5,21,8,0,0,6,11,0,16,15,2.5,2.7,1.33,3
6,Josh Allen,46601,QB,BUF,1,6,1,0,0.0,0,0,0,0,0,0,0,0.0,1,2,4,2,0,78.6,68.3,78.5,66.7,,,63.7,60.0,24,0,0,0,0,19,42,5,0,1,0,42,4,0.67,7.0,,0
6,Sean Tucker,123056,HB,TB,1,6,0,0,0.0,0,0,25,0,0,0,8,0.0,0,2,30,0,6,75.1,65.5,73.9,,29.4,60.0,66.5,60.0,9,0,0,0,3,7,0,0,0,6,1,25,8,1.33,4.2,0.0,0
6,Samaje Perine,11869,HB,CIN,1,6,1,0,0.0,0,0,16,0,2,1,13,81.3,0,4,7,0,0,71.6,71.6,76.5,,69.3,65.0,72.4,,6,0,16,2,18,6,0,0,3,8,0,16,13,2.17,2.7,0.89,6
6,Kareem Hunt,11841,HB,KC,1,6,1,0,0.0,0,0,23,0,1,1,17,81.0,1,2,16,0,0,71.1,70.0,76.0,,75.3,68.1,66.1,60.0,10,0,11,1,7,10,0,0,1,7,0,23,17,2.83,3.8,1.57,5
6,Kenneth Gainwell,77737,HB,PIT,1,6,1,0,0.0,0,0,22,0,1,1,15,41.7,1,2,25,0,4,73.9,58.7,76.8,,,63.1,56.0,60.0,10,0,14,6,13,7,0,0,6,12,0,22,15,2.5,3.7,1.08,1
6,Kaleb Johnson,156419,HB,PIT,1,6,1,0,0.0,0,0,15,0,0,1,12,33.3,0,1,25,0,1,70.6,52.3,72.5,,,58.0,54.0,60.0,9,0,0,0,2,9,0,0,0,6,0,15,12,2.0,2.5,0.0,5
6,Hassan Haskins,83701,HB,LAC,1,6,0,0,0.0,0,0,14,0,0,0,19,0.0,1,2,27,0,2,71.1,66.6,75.4,,81.7,65.3,58.6,72.8,10,0,9,1,8,7,0,0,1,7,0,14,19,3.17,2.3,1.13,4
6,Daniel Jones,39395,QB,IND,1,5,0,0,0.0,0,0,0,0,0,0,0,0.0,1,3,14,0,0,78.6,65.5,78.6,58.6,,,79.0,60.0,17,1,0,0,0,26,20,2,0,3,1,20,5,1.0,4.0,,0
6,Raheem Mostert,9783,HB,LV,1,5,0,0,0.0,0,0,-4,0,0,0,3,0.0,0,0,23,0,2,69.7,49.4,73.3,,73.1,57.0,50.5,60.0,3,0,0,0,3,8,0,0,0,5,0,-4,3,0.6,-0.8,0.0,3
6,Tyjae Spears,97195,HB,TEN,1,5,3,0,0.0,0,0,31,0,2,3,19,211.1,1,2,31,0,2,71.8,67.5,76.6,,28.2,74.0,73.9,30.7,12,0,19,4,26,5,0,0,5,9,0,31,19,3.8,6.2,0.73,3
6,Bo Nix,97790,QB,DEN,1,5,1,0,0.0,0,0,4,0,0,1,5,55.6,1,1,10,0,0,79.1,81.3,78.8,78.6,,,68.4,60.0,11,0,0,0,0,24,20,2,0,3,0,24,6,1.2,4.8,,1
6,Kyle Monangai,129891,HB,CHI,1,5,1,0,0.0,0,0,19,0,0,1,12,40.0,0,0,6,0,0,70.9,63.6,73.0,,77.0,69.1,60.3,59.8,7,0,25,1,10,7,0,0,1,6,0,19,12,2.4,3.8,2.5,5
6,Blake Corum,129574,HB,LA,1,5,1,0,0.0,0,0,23,0,0,1,9,36.0,1,1,26,0,1,69.7,53.7,71.5,,32.0,53.9,57.1,60.0,12,0,0,0,4,6,0,0,0,5,0,23,9,1.8,4.6,0.0,4
6,Mac Jones,60323,QB,SF,1,5,0,0,0.0,0,0,5,0,0,0,1,0.0,0,2,28,1,0,80.6,69.2,79.3,70.9,,,52.8,60.0,5,1,0,0,0,21,8,2,0,3,0,13,2,0.4,2.6,,0
6,Sam Darnold,29048,QB,SEA,1,4,0,0,0.0,0,0,-4,0,0,0,0,0.0,0,1,29,0,0,78.0,94.6,78.3,93.5,,,67.7,60.0,6,0,0,0,0,26,6,1,0,3,0,2,3,0.75,0.5,,0
6,Geno Smith,7820,QB,LV,1,4,0,0,0.0,0,0,-3,0,0,0,0,0.0,0,0,23,0,0,78.2,68.2,78.9,68.1,,,58.1,60.0,0,2,0,0,0,32,0,0,0,4,0,-3,0,0.0,-0.8,,0
6,Spencer Rattler,97408,QB,NO,1,4,0,0,0.0,0,0,10,0,0,0,4,0.0,0,3,20,0,0,78.7,93.2,78.4,91.7,,,73.8,60.0,9,0,0,0,0,20,10,2,0,2,0,20,13,3.25,5.0,,1
6,Matthew Stafford,4924,QB,LA,1,4,0,0,0.0,0,0,-2,0,0,0,0,0.0,0,0,26,2,0,26.6,68.2,78.3,69.9,,,52.2,60.0,3,0,0,0,0,23,3,1,0,3,0,1,0,0.0,0.3,,0
6,Tyrone Tracy,84226,HB,NYG,1,4,1,0,0.0,0,0,6,0,0,1,4,25.0,0,0,21,0,2,68.6,50.0,78.2,,78.2,54.7,49.0,58.4,3,0,0,0,8,9,0,0,0,4,0,6,4,1.0,1.5,0.0,2
6,David Montgomery,45719,HB,DET,1,4,1,0,0.0,0,0,24,0,0,1,13,54.2,1,1,11,0,1,70.6,71.5,72.0,60.4,80.9,82.9,63.7,,13,0,37,2,7,4,0,0,2,6,0,24,13,3.25,6.0,5.29,3
6,Caleb Williams,144622,QB,CHI,1,4,0,0,0.0,0,0,-1,0,0,0,6,0.0,0,2,6,1,0,79.2,46.0,78.9,42.3,,,70.4,60.0,4,0,0,0,0,26,4,1,0,3,1,3,6,1.5,0.8,,0
6,Dylan Sampson,163772,HB,CLV,1,3,0,0,0.0,0,0,12,0,1,0,7,46.7,0,0,8,0,1,74.1,68.0,76.1,,,73.2,61.1,,7,0,12,2,9,3,0,0,2,5,0,12,7,2.33,4.0,1.33,2
6,Jacoby Brissett,10725,QB,ARZ,1,3,1,0,0.0,0,0,7,0,0,0,5,0.0,1,3,1,0,0,80.7,73.1,79.5,67.7,,,79.1,60.0,12,0,0,0,0,23,12,1,0,2,0,19,28,9.33,6.3,,0
6,Devin Singletary,40485,HB,NYG,1,3,0,0,0.0,0,0,10,0,0,0,7,0.0,0,0,21,0,1,67.2,64.0,66.9,,,60.0,63.4,,6,0,0,0,1,3,0,0,0,3,0,10,7,2.33,3.3,0.0,2
6,Tyler Huntley,46448,QB,BLT,1,3,0,0,0.0,0,0,12,0,0,0,10,0.0,2,2,3,0,0,75.7,66.2,75.6,55.3,,,80.4,60.0,19,0,0,0,0,4,27,2,0,1,0,39,13,4.33,13.0,,0
6,Baker Mayfield,46518,QB,TB,1,3,3,0,0.0,0,0,-1,0,0,0,0,0.0,1,1,30,1,1,76.9,76.9,78.3,65.5,,,90.5,60.0,15,0,0,0,0,27,15,1,0,2,0,14,27,9.0,4.7,,0
6,Mason Rudolph,46569,QB,PIT,1,3,0,0,,0,0,0,0,0,0,0,0.0,0,0,25,0,0,67.2,61.2,68.2,,,,60.5,,0,0,0,0,0,3,0,0,0,3,0,0,0,0.0,0.0,,0
6,Mark Andrews,47436,TE,BLT,1,3,0,0,0.0,0,0,2,0,0,0,2,0.0,0,1,3,0,0,70.9,57.1,79.6,,67.1,55.2,58.7,66.6,2,1,24,4,29,28,0,0,6,7,0,2,2,0.67,0.7,0.83,0
6,Trevor Lawrence,77632,QB,JAX,1,3,0,0,0.0,0,0,3,0,0,0,0,0.0,0,1,15,0,0,81.2,69.2,0.0,71.4,,,55.6,60.0,6,1,0,0,0,20,6,1,0,2,0,9,5,1.67,3.0,,1
6,Bryce Young,123943,QB,CAR,1,3,0,0,0.0,0,0,-3,0,0,0,0,0.0,0,0,5,0,0,77.7,82.1,79.2,78.2,,,69.4,60.0,8,0,0,0,0,37,8,1,0,2,0,5,0,0.0,1.7,,0
6,Emanuel Wilson,154173,HB,GB,1,3,0,0,0.0,0,0,11,0,0,0,7,0.0,0,0,12,0,1,68.2,57.6,71.3,,,58.7,58.3,60.0,6,0,-4,1,6,5,0,0,1,4,0,11,7,2.33,3.7,-0.67,2
6,Jaydon Blue,157303,HB,DAL,1,3,0,0,,0,0,0,0,0,0,5,0.0,0,0,9,0,1,70.5,50.1,68.2,,73.0,59.0,52.6,,2,0,0,0,1,3,0,0,0,3,0,0,5,1.67,0.0,0.0,2
6,Trevor Etienne,157730,HB,CAR,1,3,0,0,0.0,0,0,17,0,0,0,9,0.0,1,3,5,0,2,69.0,59.1,71.3,,,58.7,59.6,60.0,11,0,0,0,2,6,0,0,0,3,0,17,9,3.0,5.7,0.0,1
6,Matthew Golden,156165,WR,GB,1,2,2,0,0.0,0,0,16,0,1,2,9,270.0,0,2,12,0,0,69.3,90.4,75.9,,,90.0,62.1,60.9,8,0,86,3,23,19,0,0,5,5,0,16,9,4.5,8.0,3.74,0
6,Dak Prescott,10769,QB,DAL,1,2,0,0,0.0,0,0,-1,0,0,0,0,0.0,0,0,9,1,1,78.7,81.1,78.5,80.1,,,59.5,60.0,0,1,0,0,0,19,0,0,0,2,0,-1,0,0.0,-0.5,,0
6,Jeremy McNichols,11917,HB,WAS,1,2,0,0,0.0,0,0,5,1,0,0,2,0.0,0,1,32,0,2,68.7,60.8,78.2,,67.7,52.0,64.9,60.0,4,0,30,3,13,3,0,0,4,5,0,5,2,1.0,2.5,2.31,0
6,RJ Harvey,99622,HB,DEN,1,2,0,0,0.0,0,0,4,0,0,0,3,0.0,0,0,10,0,1,69.4,58.5,76.2,,,60.4,57.2,60.0,2,0,21,4,11,5,0,0,4,6,0,4,3,1.5,2.0,1.91,1
6,Michael Penix Jr.,82134,QB,ATL,1,2,0,0,0.0,0,0,-1,0,0,0,0,0.0,0,0,2,0,0,79.0,51.5,79.3,51.5,,,57.8,60.1,7,0,0,0,0,32,7,1,0,1,0,6,0,0.0,3.0,,0
6,DJ Moore,48267,WR,CHI,1,2,0,0,0.0,0,0,10,0,1,0,10,100.0,0,0,6,0,2,68.7,71.8,0.0,,61.5,71.4,66.2,71.7,6,1,42,3,30,25,0,0,5,5,0,10,10,5.0,5.0,1.4,0
6,Ollie Gordon II,157792,HB,MIA,1,2,0,0,0.0,0,0,1,0,0,0,1,0.0,0,1,17,0,2,66.7,61.7,75.3,,75.8,59.4,60.7,60.0,3,0,1,1,7,5,0,0,1,3,0,1,1,0.5,0.5,0.14,0
6,Bhayshul Tuten,150568,HB,JAX,1,2,0,0,0.0,0,0,14,0,1,0,3,37.5,0,0,15,0,0,69.0,66.9,71.0,,,57.7,68.6,60.0,8,0,14,2,7,4,0,0,3,4,0,14,3,1.5,7.0,2.0,2
6,Isaiah Davis,138299,HB,NYJ,1,2,0,0,0.0,0,0,2,0,0,0,3,0.0,0,0,22,0,1,66.7,51.1,74.3,,16.0,59.8,57.1,60.0,2,0,-1,1,9,3,0,0,1,3,0,2,3,1.5,1.0,-0.11,1
6,Jerome Ford,83601,HB,CLV,1,2,1,0,0.0,0,0,17,0,1,1,14,200.0,1,2,8,0,1,71.2,56.8,82.0,,19.7,62.8,66.8,,12,0,13,5,21,2,0,0,5,7,0,17,14,7.0,8.5,0.62,1
6,Deebo Samuel,48274,WR,WAS,1,1,0,0,0.0,0,0,-1,0,0,0,2,0.0,0,0,32,0,1,68.3,51.1,77.8,,,52.6,56.3,60.2,-1,0,15,4,30,13,0,0,5,5,0,-1,2,2.0,-1.0,0.5,0
6,Savion Williams,123101,WR,GB,1,1,0,0,0.0,0,0,3,0,0,0,2,0.0,0,0,12,0,0,69.9,53.6,71.6,,,55.6,59.7,60.0,3,0,0,0,5,2,0,0,0,1,0,3,2,2.0,3.0,0.0,1
6,Ty Johnson,45769,HB,BUF,1,1,0,0,0.0,0,0,5,0,0,0,3,0.0,0,0,4,0,0,64.6,51.3,74.9,,39.1,54.3,56.3,,5,0,11,1,15,1,0,0,2,2,0,5,3,3.0,5.0,0.73,1
6,Olamide Zaccheaus,44920,WR,CHI,1,1,0,0,0.0,0,0,4,1,0,0,3,0.0,0,0,6,0,0,66.2,49.4,78.1,,,51.9,56.6,51.2,4,0,24,2,25,25,0,0,6,3,0,4,3,3.0,4.0,0.96,0
6,Feleipe Franks,40217,TE,ATL,1,1,0,0,0.0,0,0,2,0,0,0,1,0.0,0,1,2,0,0,61.9,70.8,70.8,,,,62.6,60.0,2,0,0,0,0,3,0,0,0,1,0,2,1,1.0,2.0,,0
6,Adam Prentice,35639,FB,DEN,1,1,0,0,0.0,0,0,3,0,0,0,2,0.0,0,0,10,0,0,61.9,52.5,71.9,,76.0,60.0,60.0,53.3,3,0,0,0,1,8,0,0,0,1,0,3,2,2.0,3.0,0.0,1
6,Alec Ingold,34934,FB,MIA,1,1,0,0,0.0,0,0,3,0,0,0,2,0.0,0,0,17,0,0,64.6,55.6,79.9,,84.5,63.2,58.0,47.8,3,0,22,1,6,13,0,0,1,2,0,3,2,2.0,3.0,3.67,0
6,Justin Herbert,28237,QB,LAC,1,1,0,0,0.0,0,0,2,0,0,0,2,0.0,0,1,27,0,0,79.1,66.0,79.1,63.6,,,62.6,60.0,2,0,0,0,0,25,0,0,0,1,0,2,2,2.0,2.0,,0
6,Jaleel McLaughlin,138346,HB,DEN,1,1,0,0,,0,0,0,1,0,0,1,0.0,0,0,10,0,1,61.9,41.7,70.5,,,26.9,59.2,,0,0,0,0,5,1,0,0,1,1,0,0,1,1.0,0.0,0.0,0
6,Cooper Rush,12324,QB,BLT,1,1,0,0,,0,0,0,0,0,0,0,0.0,0,0,3,1,0,75.4,53.1,78.4,55.3,,,52.1,60.2,0,0,0,0,0,32,0,0,0,1,0,0,0,0.0,0.0,,0
6,Jimmy Horn Jr.,144483,WR,CAR,1,1,1,0,0.0,0,0,11,0,0,1,6,200.0,1,1,5,0,0,66.2,73.7,72.1,,,70.5,62.1,60.3,11,0,36,2,5,9,0,0,2,3,0,11,6,6.0,11.0,7.2,0
6,Taysom Hill,12112,TE,NO,1,1,0,0,0.0,0,0,1,0,0,0,0,0.0,0,1,20,0,1,61.9,58.8,74.2,,74.0,50.8,61.8,56.2,1,0,0,0,4,6,0,0,0,1,1,1,0,0.0,1.0,0.0,0
6,Xavier Worthy,144718,WR,KC,1,1,0,0,0.0,0,0,6,0,1,0,2,66.7,0,0,16,0,0,66.2,59.7,77.7,,,61.1,56.6,61.6,6,0,20,2,29,16,0,0,4,3,0,6,2,2.0,6.0,0.69,0
6,Jonnu Smith,11855,TE,PIT,1,1,2,0,0.0,0,0,10,0,0,2,14,700.0,1,1,25,0,0,67.4,61.0,79.0,,28.9,59.8,63.1,56.1,10,0,18,3,22,18,0,0,4,4,0,10,14,14.0,10.0,0.82,0
6,Terrance Ferguson,146563,TE,LA,1,1,0,0,,0,0,0,0,0,0,1,0.0,0,0,26,0,0,61.9,46.1,75.6,,,50.5,60.0,57.5,0,0,0,0,8,8,0,0,0,1,0,0,1,1.0,0.0,0.0,0
6,Troy Franklin,146567,WR,DEN,1,1,0,0,0.0,0,1,2,0,0,0,1,0.0,0,0,10,1,0,16.1,47.1,75.9,,,48.9,58.7,54.8,2,1,19,3,23,9,0,0,4,4,0,2,1,1.0,2.0,0.83,0
6,Evan Engram,11778,TE,DEN,1,1,0,0,0.0,0,0,7,0,1,0,1,16.7,0,0,10,0,0,69.1,81.2,79.6,,,85.7,57.2,57.9,7,0,42,5,17,9,0,0,5,6,0,7,1,1.0,7.0,2.47,0
6,LeQuint Allen,158290,HB,JAX,1,1,0,0,0.0,0,0,2,0,0,0,2,0.0,0,0,15,0,0,71.7,54.3,73.3,,27.0,58.6,60.0,60.0,2,0,10,1,12,2,0,0,2,2,0,2,2,2.0,2.0,0.83,1
6,Jared Goff,10635,QB,DET,1,1,0,0,0.0,0,0,0,0,0,0,,100.0,0,1,11,0,0,77.7,80.6,0.0,76.5,,78.6,63.3,60.0,7,1,0,0,0,22,7,1,0,0,0,7,0,0.0,7.0,,0
6,Ameer Abdullah,9487,HB,IND,1,1,0,0,0.0,0,0,7,0,0,0,4,0.0,0,1,14,0,0,64.6,71.3,65.5,,,80.1,62.8,,7,0,9,1,2,1,0,0,1,2,0,7,4,4.0,7.0,4.5,1
6,Ryan Flournoy,159617,WR,DAL,1,1,0,0,0.0,0,0,3,0,3,0,2,150.0,0,0,9,0,0,67.4,66.8,78.4,,,68.1,56.6,62.0,3,0,30,3,25,11,0,0,4,4,0,3,2,2.0,3.0,1.2,0
6,Aaron Rodgers,2241,QB,PIT,1,1,0,0,0.0,0,0,0,0,0,0,,100.0,0,0,25,0,0,77.6,82.9,78.5,82.5,,,58.3,60.0,1,0,0,0,0,25,1,1,0,0,0,1,1,1.0,1.0,,0
6,Malik Washington,97108,WR,MIA,1,1,0,0,0.0,0,0,1,0,0,0,1,0.0,0,0,17,0,0,74.5,68.4,76.1,,,68.8,59.7,59.8,1,0,22,4,19,5,0,0,5,5,0,1,1,1.0,1.0,1.16,1
6,Amon-Ra St. Brown,84470,WR,DET,1,1,0,0,0.0,0,0,2,1,0,0,3,0.0,0,0,11,1,0,23.5,56.1,77.5,,,57.5,56.6,59.3,2,0,45,9,30,17,0,0,10,10,0,2,3,3.0,2.0,1.5,0
6,Ja'Marr Chase,84270,WR,CIN,1,1,0,0,0.0,0,0,-3,0,0,0,1,0.0,0,0,7,0,0,72.1,78.8,79.1,,,78.9,56.6,60.9,-3,0,94,10,46,16,0,0,12,11,0,-3,1,1.0,-3.0,2.04,0
6,Chris Brooks,83644,HB,GB,1,1,0,0,0.0,0,0,1,0,0,0,0,0.0,0,0,12,0,0,61.9,65.7,71.3,,,58.0,59.7,60.0,1,0,0,0,2,3,0,0,0,1,0,1,0,0.0,1.0,0.0,1
6,Dyami Brown,77986,WR,JAX,1,1,0,0,0.0,0,0,7,0,0,0,4,0.0,0,1,15,0,0,66.2,50.6,77.5,,,49.8,63.1,49.5,7,0,13,2,33,12,0,0,5,3,0,7,4,4.0,7.0,0.39,0
6,Emari Demercado,77763,HB,ARZ,1,1,0,0,0.0,0,0,1,0,0,0,1,0.0,0,0,1,0,0,61.9,59.2,65.4,,75.0,60.0,59.7,,1,0,0,0,1,1,0,0,1,1,0,1,1,1.0,1.0,0.0,1
6,Bo Melton,61610,WR,GB,1,1,0,0,0.0,0,0,3,0,0,0,1,0.0,0,0,12,0,1,65.8,47.8,63.6,,,,56.3,,3,0,0,0,0,1,0,0,0,1,0,3,1,1.0,3.0,,0
6,Tua Tagovailoa,60326,QB,MIA,1,1,0,0,0.0,0,0,0,0,0,0,,100.0,0,0,17,0,0,78.9,54.4,78.6,54.9,,60.0,58.3,60.0,4,0,0,0,1,19,4,1,0,0,0,4,0,0.0,4.0,0.0,0
6,Roschon Johnson,99467,HB,CHI,1,1,0,0,0.0,0,0,6,0,0,0,3,0.0,0,0,6,0,1,61.9,65.6,67.0,,,59.9,62.8,60.0,6,0,0,0,1,2,0,0,0,1,0,6,3,3.0,6.0,0.0,0
6,AJ Dillon,57165,HB,PHI,1,1,0,0,0.0,0,0,2,0,0,0,3,0.0,0,0,24,1,0,16.7,40.9,72.5,,73.4,26.1,59.5,59.9,2,0,18,2,5,2,0,0,2,3,0,2,3,3.0,2.0,3.6,1
6,Jaylin Lane,121811,WR,WAS,1,1,0,0,0.0,0,0,7,0,0,0,3,0.0,0,0,32,0,0,67.6,74.8,75.3,,,68.9,63.1,78.6,7,0,37,1,12,13,0,0,1,2,0,7,3,3.0,7.0,3.08,0
6,DeeJay Dallas,55632,HB,CAR,1,1,0,0,,0,0,0,0,0,0,0,0.0,0,0,5,0,0,65.8,49.6,68.5,,,60.0,56.5,60.0,0,0,0,0,1,3,0,0,0,1,0,0,0,0.0,0.0,0.0,1
6,Marvin Mims Jr.,122937,WR,DEN,1,1,1,0,0.0,0,0,-2,0,2,1,5,500.0,0,0,10,1,1,22.7,53.6,76.6,,,57.1,57.6,60.0,-2,0,30,2,15,4,0,0,3,3,0,-2,5,5.0,-2.0,2.0,0
week,player,player_id,position,team_name,player_game_count,attempts,avoided_tackles,breakaway_attempts,breakaway_percent,breakaway_yards,declined_penalties,designed_yards,drops,elu_recv_mtf,elu_rush_mtf,elu_yco,elusive_rating,explosive,first_downs,franchise_id,fumbles,gap_attempts,grades_hands_fumble,grades_offense,grades_offense_penalty,grades_pass,grades_pass_block,grades_pass_route,grades_run,grades_run_block,longest,penalties,rec_yards,receptions,routes,run_plays,scramble_yards,scrambles,targets,total_touches,touchdowns,yards,yards_after_contact,yco_attempt,ypa,yprr,zone_attempts
7,Quinshon Judkins,157128,HB,CLV,1,25,6,2,75.0,63,0,84,0,0,6,95,91.2,2,5,8,0,19,78.6,74.6,76.0,,65.8,53.4,72.2,85.0,46,0,0,0,9,26,0,0,0,25,3,84,95,3.8,3.4,0.0,5
7,Christian McCaffrey,11763,HB,SF,1,24,3,2,23.3,30,0,129,1,1,3,68,36.6,7,9,28,0,12,79.0,84.2,75.7,,20.0,88.1,80.2,60.0,15,0,72,7,21,26,0,0,8,31,2,129,68,2.83,5.4,3.43,12
7,D'Andre Swift,57212,HB,CHI,1,19,2,3,44.4,55,0,124,0,0,2,63,33.2,5,6,6,0,8,77.1,83.6,76.6,,76.6,71.2,81.0,,23,0,14,1,14,19,0,0,1,20,1,124,63,3.32,6.5,1.0,11
7,Javonte Williams,77803,HB,DAL,1,19,8,2,43.1,50,0,116,0,0,8,99,208.4,2,4,9,0,12,77.0,80.9,75.9,,78.9,53.7,83.7,60.0,33,0,2,1,21,20,0,0,3,20,1,116,99,5.21,6.1,0.1,7
7,Rhamondre Stevenson,98689,HB,NE,1,18,6,1,18.2,16,0,88,0,1,6,62,120.6,3,5,19,0,5,76.9,68.7,76.2,,82.7,53.5,70.7,,16,0,0,2,25,18,0,0,2,20,1,88,62,3.44,4.9,0.0,13
7,Saquon Barkley,45791,HB,PHI,1,18,3,0,0.0,0,1,44,0,0,3,41,36.0,0,2,24,0,5,77.0,64.1,75.6,,62.9,58.1,63.7,60.0,9,1,-2,1,8,21,0,0,1,19,0,44,41,2.28,2.4,-0.25,13
7,Kenneth Walker III,97199,HB,SEA,1,17,3,1,24.2,16,0,66,0,0,3,43,44.6,2,1,29,0,9,76.5,52.7,75.2,,66.3,52.0,54.6,,16,0,0,0,12,18,0,0,0,17,0,66,43,2.53,3.9,0.0,6
7,Jahmyr Gibbs,122474,HB,DET,1,17,9,2,68.4,93,0,136,0,2,9,43,139.1,3,5,11,0,5,76.7,81.9,75.0,,38.5,84.8,79.0,60.0,78,0,82,3,15,18,0,0,3,20,2,136,43,2.53,8.0,5.47,11
7,Rico Dowdle,40693,HB,CAR,1,17,2,0,0.0,0,0,79,0,0,2,55,35.9,3,4,5,0,12,76.4,66.2,74.2,,63.5,62.6,65.0,60.0,13,0,17,1,9,20,0,0,1,18,0,79,55,3.24,4.6,1.89,5
7,Jaylen Warren,98692,HB,PIT,1,16,4,2,48.0,61,0,127,0,4,4,92,230.0,4,6,25,0,1,76.9,87.6,76.5,,73.1,90.3,80.7,59.7,37,0,31,4,17,18,0,0,4,20,0,127,92,5.75,7.9,1.82,14
7,Cam Skattebo,147787,HB,NYG,1,16,4,1,30.0,18,0,60,0,3,4,47,108.2,1,3,21,0,8,76.7,62.8,79.0,,8.6,74.5,63.7,60.0,18,0,34,3,19,21,0,0,5,19,0,60,47,2.94,3.8,1.79,7
7,Jonathan Taylor,57488,HB,IND,1,16,4,3,68.1,64,0,94,0,0,4,50,65.8,3,8,14,0,9,76.7,70.7,78.1,,82.3,63.3,71.0,,23,0,38,3,31,17,0,0,3,19,3,94,50,3.13,5.9,1.23,6
7,Jordan Mason,62946,HB,MIN,1,15,2,0,0.0,0,0,57,0,0,2,31,27.6,2,5,18,0,6,75.5,70.6,78.0,,83.1,50.1,73.7,,12,0,0,0,27,15,0,0,0,15,1,57,31,2.07,3.8,0.0,9
7,Isiah Pacheco,83747,HB,KC,1,15,4,0,0.0,0,0,57,1,1,4,37,77.1,1,5,16,0,0,75.7,54.4,0.0,,43.0,33.7,66.0,60.0,11,1,-3,1,20,18,0,0,2,16,1,57,37,2.47,3.8,-0.15,15
7,J.K. Dobbins,57366,HB,DEN,1,14,4,1,39.5,32,0,81,0,0,4,68,129.5,1,3,10,0,7,75.3,67.8,76.0,,66.4,54.7,69.3,60.0,32,0,-1,1,16,16,0,0,1,15,0,81,68,4.86,5.8,-0.06,7
7,Bijan Robinson,123126,HB,ATL,1,14,4,0,0.0,0,0,40,0,3,4,28,70.0,0,1,2,0,4,76.0,69.5,80.3,,8.8,83.6,58.8,60.0,8,0,52,6,37,14,0,0,8,20,0,40,28,2.0,2.9,1.41,9
7,Bam Knight,97432,HB,ARZ,1,14,0,0,0.0,0,0,57,1,0,0,30,0.0,0,2,1,0,10,76.1,57.0,74.4,,17.6,47.2,64.2,60.0,9,0,7,3,14,17,0,0,4,17,0,57,30,2.14,4.1,0.5,4
7,Chuba Hubbard,57373,HB,CAR,1,14,0,0,0.0,0,0,31,0,0,0,29,0.0,1,3,5,0,8,75.5,53.0,76.3,,28.6,60.7,54.9,,11,0,24,2,17,14,0,0,2,16,0,31,29,2.07,2.2,1.41,6
7,Brashard Smith,143951,HB,KC,1,14,0,0,0.0,0,0,39,0,2,0,26,19.5,0,1,16,0,0,76.1,63.7,76.7,,,79.7,53.5,60.0,8,0,42,5,9,19,0,0,5,19,0,39,26,1.86,2.8,4.67,14
7,Jacory Croskey-Merritt,102382,HB,WAS,1,13,2,0,0.0,0,0,33,0,0,2,30,33.0,0,1,32,0,8,74.9,53.8,75.9,,74.4,55.5,54.7,57.0,9,0,-1,1,15,17,0,0,1,14,0,33,30,2.31,2.5,-0.07,5
7,David Montgomery,45719,HB,DET,1,13,1,0,0.0,0,0,21,0,0,1,21,10.8,0,0,11,0,5,75.2,50.6,72.8,,22.1,71.2,52.3,,6,0,18,2,9,13,0,0,2,15,0,21,21,1.62,1.6,2.0,8
7,Kyle Monangai,129891,HB,CHI,1,13,0,1,29.6,24,0,81,0,2,0,38,39.0,3,6,6,0,2,75.2,73.8,74.1,,73.4,71.0,71.3,59.9,24,0,13,2,10,20,0,0,2,15,1,81,38,2.92,6.2,1.3,11
7,Josh Jacobs,45953,HB,GB,1,13,4,0,0.0,0,0,55,0,0,4,37,81.3,1,4,12,0,5,75.2,71.2,75.6,,45.3,57.7,73.6,,10,0,3,1,15,13,0,0,1,14,2,55,37,2.85,4.2,0.2,8
7,De'Von Achane,124305,HB,MIA,1,13,1,2,84.1,69,0,82,0,1,1,73,70.2,2,2,17,0,6,75.0,62.1,0.0,,19.6,51.0,72.4,60.0,46,1,16,3,17,13,0,0,5,16,0,82,73,5.62,6.3,0.94,6
7,Zach Charbonnet,97630,HB,SEA,1,12,3,1,30.6,15,0,49,0,0,3,43,76.8,1,4,29,0,4,74.8,79.9,75.0,,80.0,59.3,81.0,60.0,15,0,6,2,15,16,0,0,2,14,2,49,43,3.58,4.1,0.4,7
7,Kyren Williams,97118,HB,LA,1,12,2,0,0.0,0,0,54,0,0,2,38,45.2,1,3,26,0,6,74.8,64.0,75.9,,85.2,56.7,63.2,60.0,10,0,11,2,17,13,0,0,3,14,0,54,38,3.17,4.5,0.65,6
7,Blake Corum,129574,HB,LA,1,12,0,0,0.0,0,0,37,0,0,0,27,0.0,0,1,26,0,11,74.5,61.6,72.9,,74.9,57.5,61.7,,6,0,6,1,7,12,0,0,1,13,0,37,27,2.25,3.1,0.86,1
7,Chase Brown,77787,HB,CIN,1,11,7,2,59.3,64,0,108,1,1,7,98,548.3,3,4,7,0,5,74.8,78.1,77.4,,75.6,37.5,90.7,60.0,37,0,-8,2,28,15,0,0,4,13,0,108,98,8.91,9.8,-0.29,5
7,Alvin Kamara,11822,HB,NO,1,11,0,0,0.0,0,0,28,0,0,0,13,0.0,0,1,20,0,2,74.6,50.2,78.4,,18.7,56.2,55.3,60.0,6,0,1,3,25,13,0,0,3,14,0,28,13,1.18,2.5,0.04,9
7,Breece Hall,97636,HB,NYJ,1,11,3,0,0.0,0,0,38,0,0,3,26,54.5,0,2,22,0,3,73.9,60.5,77.4,,26.1,69.8,58.0,60.0,8,0,14,2,17,11,0,0,2,13,0,38,26,2.36,3.5,0.82,7
7,Woody Marks,124179,HB,HST,1,10,2,0,0.0,0,0,15,0,2,2,15,46.2,1,1,13,0,4,74.2,56.8,76.3,,71.5,73.3,48.1,,11,0,20,3,23,10,0,0,5,13,0,15,15,1.5,1.5,0.87,6
7,Rachaad White,131633,HB,TB,1,10,1,0,0.0,0,0,38,0,0,1,18,12.9,0,2,30,0,7,74.4,63.5,80.8,,59.3,55.2,68.6,,7,0,6,4,41,10,0,0,6,14,0,38,18,1.8,3.8,0.15,3
7,Tyrone Tracy,84226,HB,NYG,1,9,2,1,67.4,31,0,46,0,0,2,14,34.6,1,2,21,0,4,72.7,54.2,75.6,,80.1,52.2,54.5,59.9,31,0,0,0,14,10,0,0,0,9,1,46,14,1.56,5.1,0.0,5
7,Kimani Vidal,123727,HB,LAC,1,9,0,0,0.0,0,0,20,0,1,0,16,13.7,0,0,27,0,1,74.0,62.1,79.6,,44.3,65.6,61.9,60.0,5,0,15,4,31,11,0,0,4,13,0,20,16,1.78,2.2,0.48,8
7,Brian Robinson,57120,HB,SF,1,9,3,0,0.0,0,0,36,0,0,3,30,111.1,1,1,28,0,4,72.7,54.6,72.1,,69.2,56.5,55.7,60.0,10,0,0,0,4,12,0,0,0,9,0,36,30,3.33,4.0,0.0,5
7,Travis Etienne Jr.,57185,HB,JAX,1,8,3,0,0.0,0,0,44,0,1,3,27,150.0,1,3,15,0,3,73.1,68.7,78.4,,79.4,56.4,68.2,74.1,13,0,11,1,24,14,0,0,2,9,0,44,27,3.38,5.5,0.46,4
7,Jayden Daniels,97993,QB,WAS,1,8,1,0,0.0,0,0,3,0,0,0,7,0.0,1,4,32,1,2,27.4,67.4,77.8,63.5,,,68.1,60.0,14,0,0,0,0,17,32,4,0,4,1,35,35,4.38,4.4,,1
7,Drake Maye,143969,QB,NE,1,8,0,0,0.0,0,0,0,0,0,0,,100.0,2,3,19,0,0,78.3,87.0,78.4,83.8,,,72.1,60.0,19,0,0,0,0,20,62,8,0,0,0,62,17,2.13,7.8,,0
7,Samaje Perine,11869,HB,CIN,1,7,3,0,0.0,0,0,31,0,0,3,19,116.3,0,2,7,0,3,74.0,66.4,77.9,,76.7,52.0,69.5,60.0,9,0,0,0,16,9,0,0,0,7,0,31,19,2.71,4.4,0.0,4
7,Michael Carter,57337,HB,ARZ,1,7,0,0,0.0,0,0,11,0,1,0,12,19.0,0,1,1,0,6,72.3,60.6,77.4,,48.2,72.9,57.4,,5,0,25,2,15,7,0,0,2,9,0,11,12,1.71,1.6,1.67,1
7,Jaydon Blue,157303,HB,DAL,1,7,0,0,0.0,0,0,29,0,0,0,14,0.0,0,2,9,0,3,71.9,66.0,0.0,,77.7,61.8,69.7,60.0,9,1,5,1,4,9,0,0,1,8,0,29,14,2.0,4.1,1.25,4
7,Emanuel Wilson,154173,HB,GB,1,6,0,0,0.0,0,0,17,0,0,0,23,0.0,0,0,12,0,1,71.1,60.7,74.5,,74.7,56.9,61.3,,8,0,-2,1,9,6,0,0,1,7,0,17,23,3.83,2.8,-0.22,5
7,Ashton Jeanty,157196,HB,LV,1,6,0,0,0.0,0,0,21,0,1,0,8,19.0,0,0,23,0,1,72.5,67.7,72.5,,74.6,66.8,66.2,60.0,8,0,13,1,9,9,0,0,1,7,0,21,8,1.33,3.5,1.44,5
7,Justin Herbert,28237,QB,LAC,1,6,0,0,0.0,0,0,7,0,0,0,2,0.0,1,4,27,0,0,82.3,81.6,0.0,79.1,,,73.7,60.0,11,1,0,0,0,13,24,3,0,3,0,31,21,3.5,5.2,,0
7,Tony Pollard,27126,HB,TEN,1,6,0,0,0.0,0,0,18,0,0,0,15,0.0,0,0,31,0,2,73.1,66.0,76.2,,83.2,80.9,52.4,72.4,6,0,43,6,20,7,0,0,6,12,0,18,15,2.5,3.0,2.15,4
7,Jacoby Brissett,10725,QB,ARZ,1,6,3,0,0.0,0,0,2,0,0,0,0,0.0,1,2,1,1,0,34.6,70.3,79.5,70.5,,,58.5,60.0,11,0,0,0,0,25,24,4,0,2,0,26,12,2.0,4.3,,0
7,Joe Flacco,4332,QB,CIN,1,5,0,0,0.0,0,0,3,0,0,0,1,0.0,1,2,7,0,0,81.5,84.2,79.6,81.1,,,69.7,60.0,12,0,0,0,0,24,0,0,0,5,0,3,1,0.2,0.6,,1
7,Jaxson Dart,146409,QB,NYG,1,5,0,0,0.0,0,0,11,0,0,0,6,0.0,0,2,21,0,2,80.5,49.1,0.0,51.9,,,63.7,60.0,9,3,0,0,0,33,0,0,0,5,1,11,6,1.2,2.2,,0
7,Mac Jones,60323,QB,SF,1,5,0,0,0.0,0,0,3,0,0,0,2,0.0,0,2,28,0,0,78.0,75.9,79.0,71.8,,,70.6,60.0,8,0,0,0,0,38,8,1,0,4,0,11,2,0.4,2.2,,0
7,Dak Prescott,10769,QB,DAL,1,5,0,0,0.0,0,0,-1,0,0,0,0,0.0,0,1,9,1,0,28.9,75.9,79.1,80.3,,,49.5,60.0,7,0,0,0,0,29,8,2,0,3,0,7,7,1.4,1.4,,1
7,Ollie Gordon II,157792,HB,MIA,1,5,0,0,0.0,0,0,11,0,0,0,11,0.0,0,1,17,0,4,70.3,60.7,77.3,,74.9,57.4,60.8,59.9,8,0,2,1,9,7,0,0,2,6,0,11,11,2.2,2.2,0.22,1
7,Tyjae Spears,97195,HB,TEN,1,5,1,0,0.0,0,0,22,0,0,1,16,40.0,0,1,31,0,2,72.0,56.0,76.8,,43.8,60.6,56.6,,8,0,18,3,11,6,0,0,4,8,0,22,16,3.2,4.4,1.64,3
7,Bo Nix,97790,QB,DEN,1,5,0,1,37.5,18,0,27,0,0,0,1,0.0,2,4,10,1,2,42.4,68.1,79.8,66.7,,,63.5,60.0,21,0,0,0,0,20,21,1,0,4,2,48,1,0.2,9.6,,1
7,Nick Chubb,45783,HB,HST,1,5,0,0,0.0,0,0,16,0,0,0,12,0.0,0,0,13,0,2,70.3,72.3,73.8,,77.7,57.5,74.1,,5,0,-5,1,10,5,0,0,3,6,0,16,12,2.4,3.2,-0.5,3
7,Terrell Jennings,102408,HB,NE,1,5,0,0,0.0,0,0,18,0,0,0,10,0.0,0,1,19,0,4,69.7,66.5,68.8,,67.1,,64.4,60.0,9,0,0,0,0,7,0,0,0,5,0,18,10,2.0,3.6,,1
7,Bhayshul Tuten,150568,HB,JAX,1,5,0,0,0.0,0,0,22,0,0,0,13,0.0,0,0,15,0,2,69.7,53.6,74.4,,76.9,51.5,54.3,60.0,8,0,0,0,13,6,0,0,0,5,0,22,13,2.6,4.4,0.0,3
7,Daniel Jones,39395,QB,IND,1,5,0,0,0.0,0,0,-3,0,0,0,0,0.0,0,0,14,0,0,79.4,66.1,78.6,67.9,,,51.6,60.0,7,0,0,0,0,22,10,2,0,3,0,7,6,1.2,1.4,,0
7,Jalen Hurts,40291,QB,PHI,1,4,0,0,0.0,0,0,-10,0,0,0,2,0.0,0,1,24,0,0,77.7,95.2,78.0,94.9,,,61.0,60.0,1,0,0,0,0,24,0,0,0,4,0,-10,2,0.5,-2.5,,1
7,Carson Wentz,10636,QB,MIN,1,4,2,0,0.0,0,0,0,0,0,0,0,0.0,2,2,18,1,0,32.0,45.9,79.2,40.0,,,86.0,60.0,16,1,0,0,0,20,28,2,0,2,0,28,25,6.25,7.0,,0
7,Patrick Mahomes,11765,QB,KC,1,4,0,0,0.0,0,0,0,0,0,0,,100.0,1,2,16,0,0,79.6,67.4,79.0,62.2,,,75.6,60.0,10,0,0,0,0,21,28,4,0,0,0,28,17,4.25,7.0,,0
7,Kareem Hunt,11841,HB,KC,1,4,0,0,0.0,0,0,18,0,0,0,15,0.0,0,3,16,0,0,68.6,66.8,73.6,,76.8,52.0,68.7,60.0,9,0,0,0,6,5,0,0,0,4,0,18,15,3.75,4.5,0.0,2
7,Jordan Love,40306,QB,GB,1,4,1,0,0.0,0,0,-1,0,0,0,0,0.0,1,1,12,2,0,22.5,53.5,78.5,58.4,,,42.6,60.0,12,0,0,0,0,20,23,3,0,1,0,22,20,5.0,5.5,,0
7,Zavier Scott,55123,HB,MIN,1,4,0,0,0.0,0,0,4,0,0,0,4,0.0,0,0,18,0,0,69.4,65.9,70.9,,,61.0,65.4,,5,0,2,1,5,4,0,0,1,5,0,4,4,1.0,1.0,0.4,4
7,Justin Fields,82118,QB,NYJ,1,4,1,0,0.0,0,0,15,0,0,1,6,66.7,0,1,22,0,1,75.4,38.9,76.0,38.5,,,55.1,60.0,7,0,0,0,0,11,7,1,0,3,0,22,13,3.25,5.5,,1
7,Tyler Allgeier,83639,HB,ATL,1,4,0,0,0.0,0,0,16,0,0,0,12,0.0,0,2,2,0,2,68.6,65.0,73.5,,68.5,53.5,67.4,60.0,7,0,0,0,8,5,0,0,0,4,0,16,12,3.0,4.0,0.0,1
7,Dillon Gabriel,86272,QB,CLV,1,4,0,0,0.0,0,0,-1,0,0,0,0,0.0,0,0,8,0,0,76.9,47.6,78.4,48.6,,,52.8,60.0,6,1,0,0,0,28,13,3,0,1,0,12,2,0.5,3.0,,0
7,RJ Harvey,99622,HB,DEN,1,4,1,0,,0,0,0,0,0,1,6,30.0,0,0,10,0,1,67.2,52.8,77.7,,,52.9,56.3,60.0,4,0,2,1,17,2,0,0,2,5,0,0,6,1.5,0.0,0.12,0
7,Caleb Williams,144622,QB,CHI,1,4,0,0,0.0,0,0,-2,0,0,0,2,0.0,0,0,6,2,1,31.3,62.4,79.4,63.8,,,52.6,60.0,0,0,0,0,0,40,0,0,0,4,0,-2,2,0.5,-0.5,,0
7,Parker Washington,129799,WR,JAX,1,3,0,0,0.0,0,1,10,2,0,0,5,0.0,0,1,15,0,0,73.6,53.1,79.5,,,53.2,57.7,60.9,5,1,52,4,51,15,0,0,10,7,0,10,5,1.67,3.3,1.02,0
7,Kenneth Gainwell,77737,HB,PIT,1,3,0,0,0.0,0,0,14,0,0,0,11,0.0,1,1,25,0,2,72.5,55.3,75.6,,70.7,51.3,57.8,,11,0,1,2,15,3,0,0,2,5,0,14,11,3.67,4.7,0.07,1
7,Dylan Sampson,163772,HB,CLV,1,3,0,0,0.0,0,0,8,0,0,0,5,0.0,0,0,8,0,2,71.0,75.6,71.7,,74.4,74.8,62.9,60.0,4,0,9,1,3,5,0,0,1,4,0,8,5,1.67,2.7,3.0,1
7,Jimmy Garoppolo,8697,QB,LA,1,3,0,0,0.0,0,0,-3,0,0,0,0,0.0,0,0,26,0,0,67.2,61.2,68.2,,,,60.5,,-1,0,0,0,0,3,0,0,0,3,0,-3,0,0.0,-1.0,,0
7,Tua Tagovailoa,60326,QB,MIA,1,3,0,0,0.0,0,0,0,0,0,0,5,0.0,0,0,17,3,1,20.6,28.6,77.9,33.1,,,37.4,60.0,6,0,0,0,0,17,6,1,0,2,0,6,5,1.67,2.0,,0
7,Sam Darnold,29048,QB,SEA,1,3,0,0,0.0,0,0,-2,0,0,0,0,0.0,0,0,29,1,0,26.4,61.4,79.4,61.5,,58.9,57.5,60.1,3,0,0,0,1,33,3,1,0,2,0,1,14,4.67,0.3,0.0,0
7,Tyrod Taylor,6332,QB,NYJ,1,3,1,0,0.0,0,0,0,0,0,0,,100.0,0,0,22,0,0,77.2,46.8,76.6,50.4,,,49.1,60.0,5,0,0,0,0,4,11,3,0,0,0,11,14,4.67,3.7,,0
7,Chris Rodriguez Jr.,83689,HB,WAS,1,3,0,0,0.0,0,0,12,0,0,0,7,0.0,0,1,32,0,2,67.2,56.2,72.0,,13.2,57.1,62.5,60.0,7,0,0,0,4,4,0,0,0,3,1,12,7,2.33,4.0,0.0,1
7,Gardner Minshew,41401,QB,KC,1,3,0,0,0.0,0,0,-3,0,0,0,0,0.0,0,0,16,0,0,67.2,62.3,74.3,,,,60.5,60.0,-1,0,0,0,0,16,0,0,0,3,0,-3,0,0.0,-1.0,,0
7,Matthew Stafford,4924,QB,LA,1,2,0,0,0.0,0,0,-1,0,0,0,0,0.0,0,0,26,0,0,79.5,80.7,0.0,81.9,,,55.8,60.0,2,1,0,0,0,25,2,1,0,1,0,1,3,1.5,0.5,,0
7,Bryce Young,123943,QB,CAR,1,2,0,0,0.0,0,0,0,0,0,0,,100.0,0,0,5,1,0,29.5,58.4,78.0,61.1,,,50.3,60.0,6,0,0,0,0,20,10,2,0,0,0,10,5,2.5,5.0,,0
7,TreVeyon Henderson,145059,HB,NE,1,2,0,0,0.0,0,0,5,0,0,0,3,0.0,0,0,19,0,2,65.2,54.9,70.8,,77.8,55.4,56.8,60.0,3,0,0,0,4,3,0,0,0,2,0,5,3,1.5,2.5,0.0,0
7,Marcus Mariota,9435,QB,WAS,1,2,0,1,73.5,25,0,34,0,0,0,3,0.0,1,1,32,0,2,73.8,37.4,75.2,30.8,,,72.0,60.0,25,1,0,0,0,8,0,0,0,2,0,34,3,1.5,17.0,,0
7,Dylan Laube,88664,HB,LV,1,2,0,0,0.0,0,0,3,0,0,0,5,0.0,0,0,23,0,0,66.7,55.5,68.0,,,63.2,56.1,60.0,2,0,1,1,2,3,0,0,1,3,0,3,5,2.5,1.5,0.5,2
7,Jeremy McNichols,11917,HB,WAS,1,2,3,1,86.4,19,0,22,0,0,3,19,712.5,1,1,32,0,0,67.8,72.9,77.2,,66.9,60.3,74.2,64.9,19,0,23,2,13,4,0,0,3,4,0,22,19,9.5,11.0,1.77,2
7,C.J. Stroud,129759,QB,HST,1,2,1,0,0.0,0,0,0,0,0,0,,100.0,2,0,13,0,0,29.7,41.2,79.6,40.4,,,66.1,60.0,15,0,0,0,0,15,25,2,0,0,0,25,0,0.0,12.5,,0
7,Geno Smith,7820,QB,LV,1,2,0,0,0.0,0,0,0,0,0,0,0,0.0,0,0,23,1,0,24.1,56.1,76.1,67.2,,,34.1,60.0,1,0,0,0,0,9,1,1,0,1,0,1,10,5.0,0.5,,1
7,Taysom Hill,12112,TE,NO,1,2,0,0,0.0,0,0,-4,0,0,0,8,0.0,0,1,20,0,2,67.8,66.0,73.7,,,59.6,65.2,60.0,5,1,12,2,6,3,0,0,2,4,0,-4,8,4.0,-2.0,2.0,0
7,Michael Penix Jr.,82134,QB,ATL,1,2,0,0,0.0,0,0,0,0,0,0,,100.0,0,0,2,1,0,80.0,59.3,0.0,61.7,,,54.7,60.0,3,2,0,0,0,17,6,2,0,0,0,6,1,0.5,3.0,,0
7,Joshua Dobbs,11890,QB,NE,1,2,0,0,0.0,0,0,-2,0,0,0,0,0.0,0,0,19,0,0,66.7,73.6,71.9,71.9,,,60.0,60.0,-1,0,0,0,0,8,0,0,0,2,0,-2,0,0.0,-1.0,,0
7,Andy Dalton,6187,QB,CAR,1,2,0,0,0.0,0,0,-2,0,0,0,0,0.0,0,0,5,0,0,71.8,76.1,75.2,75.1,,,60.0,60.0,-1,0,0,0,0,14,0,0,0,2,0,-2,0,0.0,-1.0,,0
7,Trevor Lawrence,77632,QB,JAX,1,2,0,0,0.0,0,0,0,0,0,0,,100.0,1,1,15,0,0,81.4,68.7,79.6,68.1,,,59.0,60.0,14,0,0,0,0,18,18,2,0,0,0,18,1,0.5,9.0,,0
7,Isaiah Davis,138299,HB,NYJ,1,2,0,0,0.0,0,0,10,0,0,0,6,0.0,0,0,22,0,1,67.8,67.6,79.3,,30.7,76.6,65.5,59.9,5,0,22,2,21,4,0,0,3,4,0,10,6,3.0,5.0,1.05,1
7,Jared Goff,10635,QB,DET,1,2,0,0,0.0,0,0,1,0,0,0,1,0.0,0,1,11,1,0,28.1,37.4,79.2,36.0,,,62.6,60.0,6,0,0,0,0,31,6,1,0,1,0,7,1,0.5,3.5,,0
7,Ameer Abdullah,9487,HB,IND,1,2,1,0,0.0,0,0,19,0,0,1,13,216.7,1,1,14,0,1,70.1,62.4,75.1,,6.1,61.9,67.0,,14,0,8,1,2,2,0,0,1,3,0,19,13,6.5,9.5,4.0,1
7,Devin Singletary,40485,HB,NYG,1,2,0,0,0.0,0,0,2,0,0,0,3,0.0,0,0,21,0,2,65.2,55.3,67.6,,,60.0,56.6,,2,0,0,0,0,2,0,0,0,2,0,2,3,1.5,1.0,,0
7,Spencer Rattler,97408,QB,NO,1,2,1,0,0.0,0,0,5,0,0,1,6,600.0,0,1,20,1,1,28.6,54.3,78.4,48.6,,,79.7,60.3,7,0,0,0,0,17,7,1,0,1,0,12,20,10.0,6.0,,0
7,Hassan Haskins,83701,HB,LAC,1,1,0,0,0.0,0,0,3,0,1,0,0,0.0,0,0,27,0,1,66.2,57.5,76.4,,78.0,57.7,57.0,60.0,3,0,2,2,19,2,0,0,2,3,0,3,0,0.0,3.0,0.11,0
7,Jerome Ford,83601,HB,CLV,1,1,0,0,,0,0,0,0,0,0,1,0.0,0,0,8,0,0,66.2,63.6,76.8,,77.3,70.4,59.0,,0,0,10,2,9,1,0,0,2,3,0,0,1,1.0,0.0,1.11,1
7,Kenny Pickett,60515,QB,LV,1,1,0,0,,0,0,0,0,0,0,0,0.0,0,0,23,1,0,14.0,29.0,69.9,62.0,,,47.6,60.0,0,0,0,0,0,3,0,0,0,1,0,0,0,0.0,0.0,,1
7,DJ Moore,48267,WR,CHI,1,1,0,0,0.0,0,0,9,0,1,0,2,50.0,0,0,6,0,0,67.4,71.1,79.0,,,69.6,63.1,60.8,9,0,43,3,25,33,0,0,4,4,0,9,2,2.0,9.0,1.72,0
7,Roschon Johnson,99467,HB,CHI,1,1,0,0,0.0,0,0,11,0,0,0,2,0.0,1,1,6,0,0,61.9,63.1,62.8,,,,61.8,,11,0,0,0,0,1,0,0,0,1,0,11,2,2.0,11.0,,1
7,Travis Hunter,160766,WR,JAX,1,1,0,0,,0,0,0,0,1,0,0,0.0,0,0,15,0,0,70.8,72.7,78.7,,,72.6,58.5,59.3,0,0,101,8,51,14,0,0,12,9,0,0,0,0.0,0.0,1.98,0
7,D'Ernest Johnson,45734,HB,ARZ,1,1,0,0,,0,0,0,0,0,0,2,0.0,0,0,1,0,1,61.9,47.4,75.0,,15.6,55.4,59.7,,0,0,0,0,7,1,0,0,0,1,0,0,2,2.0,0.0,0.0,0
7,Olamide Zaccheaus,44920,WR,CHI,1,1,0,0,,0,0,0,0,0,0,0,0.0,0,0,6,0,0,66.2,54.4,78.9,,66.2,55.1,58.5,60.4,0,0,9,2,16,18,0,0,3,3,0,0,0,0.0,0.0,0.56,0
7,Marvin Mims Jr.,122937,WR,DEN,1,1,2,0,0.0,0,0,13,0,0,2,16,457.1,1,1,10,0,0,74.1,76.1,79.9,,,73.4,63.0,60.7,13,0,85,6,33,7,0,0,7,7,0,13,16,16.0,13.0,2.58,0
7,Sean Tucker,123056,HB,TB,1,1,0,0,0.0,0,0,4,0,0,0,3,0.0,0,0,30,0,0,64.6,53.1,70.0,,19.1,63.0,59.4,60.0,4,0,2,1,3,2,0,0,1,2,0,4,3,3.0,4.0,0.67,1
7,Kendre Miller,123091,HB,NO,1,1,0,0,0.0,0,0,7,0,0,0,2,0.0,0,0,20,0,1,65.8,65.7,66.3,,72.4,,62.7,,7,0,0,0,0,1,0,0,0,1,0,7,2,2.0,7.0,,0
7,Aaron Rodgers,2241,QB,PIT,1,1,0,0,0.0,0,0,0,0,0,0,,100.0,0,0,25,0,0,78.6,76.8,78.6,76.3,,,58.3,60.0,6,0,0,0,0,20,6,1,0,0,0,6,0,0.0,6.0,,0
7,Tank Bigsby,123974,HB,PHI,1,1,0,0,0.0,0,0,11,0,1,0,5,250.0,1,1,24,0,0,64.6,68.0,68.9,,73.4,65.2,62.8,60.0,11,0,-1,1,1,2,0,0,1,2,0,11,5,5.0,11.0,-1.0,1
7,Quinn Ewers,127253,QB,MIA,1,1,0,0,,0,0,0,0,0,0,4,0.0,0,0,17,2,0,18.9,23.5,0.0,28.7,,,60.0,60.0,0,1,0,0,0,2,0,0,0,1,0,0,4,4.0,0.0,,0
7,AJ Barner,129433,TE,SEA,1,1,0,0,0.0,0,0,2,0,0,0,1,0.0,0,1,29,0,0,64.6,49.7,74.7,,43.7,46.3,62.6,53.7,2,0,7,1,22,29,0,0,2,2,0,2,1,1.0,2.0,0.32,0
7,Chimere Dike,129918,WR,TEN,1,1,1,0,0.0,0,1,-1,0,0,1,9,180.0,0,0,31,0,0,75.5,75.7,75.5,,22.3,78.2,56.6,60.0,-1,1,70,4,26,3,0,0,4,5,0,-1,9,9.0,-1.0,2.69,0
7,Mack Hollins,11873,WR,NE,1,1,0,0,0.0,0,1,4,0,0,0,1,0.0,0,0,19,0,0,66.2,61.5,77.0,,,65.5,56.2,53.4,4,1,49,2,21,22,0,0,2,3,0,4,1,1.0,4.0,2.33,0
7,Jimmy Horn Jr.,144483,WR,CAR,1,1,0,0,0.0,0,0,7,1,0,0,1,0.0,0,0,5,0,0,66.2,61.1,75.0,,,57.2,63.1,58.3,7,0,8,1,8,6,0,0,2,2,0,7,1,1.0,7.0,1.0,0
7,Devin Neal,144558,HB,NO,1,1,0,0,0.0,0,0,1,0,0,0,1,0.0,0,0,20,0,0,68.2,53.8,70.7,,25.8,56.9,59.3,60.0,1,0,0,0,3,2,0,0,0,1,0,1,1,1.0,1.0,0.0,1
7,Xavier Worthy,144718,WR,KC,1,1,0,0,0.0,0,0,13,0,0,0,2,0.0,1,1,16,0,0,67.4,62.8,77.8,,,60.7,63.1,61.3,13,0,35,3,30,14,0,0,4,4,0,13,2,2.0,13.0,1.17,0
7,Teddy Bridgewater,8667,QB,TB,1,1,0,0,0.0,0,0,-1,0,0,0,0,0.0,0,0,30,0,0,61.9,60.0,64.6,,,,60.0,,-1,0,0,0,0,1,0,0,0,1,0,-1,0,0.0,-1.0,,0
7,Kyle Juszczyk,7912,FB,SF,1,1,0,0,0.0,0,0,-2,0,0,0,1,0.0,0,0,28,0,0,64.6,66.2,78.7,,,65.6,59.3,63.7,-2,0,10,1,12,27,0,0,1,2,0,-2,1,1.0,-2.0,0.83,0
7,Luther Burden III,157170,WR,CHI,1,1,1,0,0.0,0,0,-1,0,0,1,2,100.0,0,0,6,0,0,64.6,65.8,73.1,,,67.6,59.2,58.2,-1,0,22,1,9,10,0,0,2,2,0,-1,2,2.0,-1.0,2.44,0
week,player,player_id,position,team_name,player_game_count,attempts,avoided_tackles,breakaway_attempts,breakaway_percent,breakaway_yards,declined_penalties,designed_yards,drops,elu_recv_mtf,elu_rush_mtf,elu_yco,elusive_rating,explosive,first_downs,franchise_id,fumbles,gap_attempts,grades_hands_fumble,grades_offense,grades_offense_penalty,grades_pass,grades_pass_block,grades_pass_route,grades_run,grades_run_block,longest,penalties,rec_yards,receptions,routes,run_plays,scramble_yards,scrambles,targets,total_touches,touchdowns,yards,yards_after_contact,yco_attempt,ypa,yprr,zone_attempts
8,Kimani Vidal,123727,HB,LAC,1,23,5,2,33.3,39,0,117,0,0,5,73,66.1,3,8,27,0,11,78.3,80.3,76.8,,77.1,61.6,77.1,72.4,21,0,10,1,18,24,0,0,2,24,1,117,73,3.17,5.1,0.56,12
8,Derrick Henry,10679,HB,BLT,1,21,1,0,0.0,0,0,71,1,0,1,52,11.8,1,6,3,0,5,77.4,52.9,74.3,,78.4,28.3,58.3,60.0,10,0,0,0,10,24,0,0,1,21,2,71,52,2.48,3.4,0.0,16
8,James Cook,83666,HB,BUF,1,19,7,3,50.5,109,0,216,0,0,7,53,102.8,7,10,4,0,4,77.1,92.6,72.3,,,53.4,91.7,,64,0,0,0,8,20,0,0,0,19,2,216,53,2.79,11.4,0.0,15
8,Breece Hall,97636,HB,NYJ,1,18,3,2,46.6,62,0,133,0,0,3,71,59.2,4,6,22,0,8,77.1,69.1,0.0,55.1,22.3,66.3,75.0,60.0,35,1,14,2,15,20,0,0,2,20,2,133,71,3.94,7.4,0.93,10
8,De'Von Achane,124305,HB,MIA,1,18,2,0,0.0,0,0,67,0,0,2,39,18.8,3,4,17,0,10,77.6,69.7,77.9,,25.8,74.6,65.2,58.2,12,0,24,5,19,24,0,0,6,23,0,67,39,2.17,3.7,1.26,8
8,Nick Chubb,45783,HB,HST,1,17,2,0,0.0,0,0,56,0,1,2,36,33.4,0,0,13,0,9,76.9,67.2,74.3,,28.8,60.9,68.5,60.0,9,0,13,2,9,19,0,0,2,19,0,56,36,2.12,3.3,1.44,6
8,J.K. Dobbins,57366,HB,DEN,1,15,3,4,68.5,76,0,111,0,0,3,49,57.6,4,5,10,0,12,76.2,83.8,75.5,,79.9,59.6,84.0,,25,0,10,2,13,16,0,0,2,17,0,111,49,3.27,7.4,0.77,3
8,Rhamondre Stevenson,98689,HB,NE,1,14,3,0,0.0,0,0,34,0,0,3,44,62.9,0,0,19,0,8,75.3,60.5,79.0,,68.2,68.7,56.3,60.0,9,0,15,1,24,17,0,0,2,15,0,34,44,3.14,2.4,0.63,6
8,Saquon Barkley,45791,HB,PHI,1,14,3,2,62.0,93,0,150,0,0,3,34,40.5,3,4,24,0,9,76.0,83.1,76.1,,73.8,66.4,84.2,60.0,65,0,24,4,18,15,0,0,4,18,1,150,34,2.43,10.7,1.33,5
8,Rachaad White,131633,HB,TB,1,13,1,0,0.0,0,0,35,0,0,1,34,17.4,0,2,30,0,11,75.2,59.6,75.2,,50.0,77.0,56.6,,9,0,26,2,12,13,0,0,2,15,0,35,34,2.62,2.7,2.17,2
8,Javonte Williams,77803,HB,DAL,1,13,3,0,0.0,0,0,41,0,0,3,28,46.2,0,4,9,0,5,74.9,52.6,78.7,,52.3,53.4,54.1,60.0,9,0,8,1,23,15,0,0,2,14,2,41,28,2.15,3.2,0.35,8
8,Josh Jacobs,45953,HB,GB,1,13,2,0,0.0,0,0,33,0,0,2,26,25.0,0,1,12,0,5,75.4,45.2,77.1,,28.7,61.6,45.9,,6,0,12,3,14,13,0,0,3,16,1,33,26,2.0,2.5,0.86,8
8,Jaylen Warren,98692,HB,PIT,1,13,0,1,27.4,17,0,62,0,2,0,28,28.7,1,2,25,0,1,75.2,62.8,77.5,,73.4,64.0,61.5,,17,0,11,2,23,13,0,0,2,15,0,62,28,2.15,4.8,0.48,12
8,Isiah Pacheco,83747,HB,KC,1,12,1,0,0.0,0,0,58,0,0,1,38,26.4,2,3,16,0,5,74.3,59.1,78.0,,77.9,50.9,61.3,60.0,13,0,0,0,24,13,0,0,0,12,0,58,38,3.17,4.8,0.0,5
8,Chase Brown,77787,HB,CIN,1,12,4,1,30.1,22,0,73,0,1,4,44,122.2,4,5,7,0,5,75.2,86.9,76.1,,76.4,90.0,80.5,,22,0,32,3,17,12,0,0,3,15,1,73,44,3.67,6.1,1.88,6
8,Sean Tucker,123056,HB,TB,1,12,2,1,35.7,15,0,42,0,0,2,31,43.1,1,3,30,1,9,23.6,55.3,73.0,,77.1,55.6,55.9,,15,0,0,0,5,13,0,0,0,12,1,42,31,2.58,3.5,0.0,3
8,Jonathan Taylor,57488,HB,IND,1,12,7,3,73.9,113,0,153,0,1,7,123,585.7,5,7,14,0,6,75.2,91.1,78.1,,55.9,80.1,90.8,,80,0,21,2,24,13,0,0,2,14,2,153,123,10.25,12.8,0.88,6
8,Chuba Hubbard,57373,HB,CAR,1,12,5,0,0.0,0,0,34,0,0,5,24,83.3,0,2,5,0,3,74.9,64.9,75.4,,33.0,50.8,70.6,60.0,5,0,0,0,16,14,0,0,1,12,1,34,24,2.0,2.8,0.0,9
8,Woody Marks,124179,HB,HST,1,11,0,1,37.1,23,0,62,0,2,0,24,29.1,2,2,13,0,5,75.2,71.9,73.8,,,73.5,69.8,60.0,23,0,49,4,17,15,0,0,4,15,0,62,24,2.18,5.6,2.88,5
8,Emanuel Wilson,154173,HB,GB,1,11,0,1,24.6,15,0,61,0,3,0,35,68.2,2,4,12,1,5,23.0,45.4,73.3,,15.3,29.2,58.7,,15,0,26,3,11,11,0,0,3,14,0,61,35,3.18,5.5,2.36,6
8,Tony Pollard,27126,HB,TEN,1,11,2,0,0.0,0,0,44,0,0,2,31,47.0,2,3,31,0,4,74.1,58.8,75.0,,46.0,59.1,59.4,60.0,11,0,9,1,17,13,0,0,2,12,0,44,31,2.82,4.0,0.53,7
8,D'Andre Swift,57212,HB,CHI,1,11,1,0,0.0,0,0,45,0,0,1,15,10.5,2,3,6,0,5,74.4,55.2,76.9,,16.7,67.4,60.0,,13,0,26,2,14,11,0,0,2,13,1,45,15,1.36,4.1,1.86,6
8,Jaret Patterson,77745,HB,LAC,1,11,1,0,0.0,0,0,30,0,0,1,31,25.6,0,2,27,0,5,73.8,61.7,70.3,,14.3,58.2,64.7,,7,0,0,0,1,11,0,0,0,11,0,30,31,2.82,2.7,0.0,6
8,Justin Fields,82118,QB,NYJ,1,11,0,0,0.0,0,0,15,0,0,0,4,0.0,0,3,22,0,1,80.1,77.8,79.4,80.8,,60.0,59.9,60.0,7,0,0,0,1,32,16,5,0,6,0,31,5,0.45,2.8,0.0,2
8,Tyrone Tracy,84226,HB,NYG,1,10,2,0,0.0,0,0,39,0,2,2,29,96.7,0,2,21,0,5,73.9,78.1,76.6,,77.0,69.0,78.8,60.0,6,0,14,2,17,13,0,0,2,12,0,39,29,2.9,3.9,0.82,5
8,Ollie Gordon II,157792,HB,MIA,1,10,2,0,0.0,0,0,46,0,0,2,16,29.1,2,6,17,0,6,74.3,82.8,72.8,,79.2,72.5,77.7,,13,0,20,1,5,10,0,0,1,11,0,46,16,1.6,4.6,4.0,4
8,TreVeyon Henderson,145059,HB,NE,1,10,5,2,60.0,45,0,75,0,0,5,44,220.0,3,6,19,1,6,22.1,62.5,70.2,,73.4,57.3,62.1,,27,0,0,0,3,10,0,0,0,10,0,75,44,4.4,7.5,0.0,2
8,Ray Davis,101072,HB,BUF,1,9,0,0,0.0,0,0,16,0,0,0,12,0.0,0,0,4,0,6,72.7,52.0,71.4,,73.0,72.9,50.7,60.0,5,0,0,0,3,11,0,0,1,9,0,16,12,1.33,1.8,0.0,3
8,Quinshon Judkins,157128,HB,CLV,1,9,1,0,0.0,0,0,19,0,0,1,15,13.9,0,0,8,0,7,73.7,55.4,72.9,,23.9,68.9,56.0,60.0,6,0,-2,3,5,10,0,0,3,12,0,19,15,1.67,2.1,-0.4,2
8,Jacory Croskey-Merritt,102382,HB,WAS,1,9,2,0,0.0,0,0,25,0,0,2,14,34.6,0,2,32,0,5,72.7,58.5,75.5,,76.7,53.0,59.3,59.2,5,0,0,0,13,15,0,0,0,9,0,25,14,1.56,2.8,0.0,4
8,Jaylen Wright,146934,HB,MIA,1,9,1,0,0.0,0,0,28,0,0,1,25,27.8,0,1,17,0,5,73.1,63.7,70.1,,,60.3,63.1,,7,0,0,1,1,9,0,0,1,10,0,28,25,2.78,3.1,0.0,4
8,Tank Bigsby,123974,HB,PHI,1,9,5,3,61.5,64,0,104,0,0,5,79,487.7,5,5,24,0,8,72.7,94.7,73.5,,73.4,57.0,92.1,60.0,29,0,0,0,3,12,0,0,0,9,0,104,79,8.78,11.6,0.0,1
8,Kareem Hunt,11841,HB,KC,1,9,0,0,0.0,0,0,40,0,0,0,22,0.0,1,4,16,0,6,73.1,72.6,77.9,,76.4,65.2,71.8,60.0,11,0,2,1,9,11,0,0,1,10,1,40,22,2.44,4.4,0.22,3
8,Bijan Robinson,123126,HB,ATL,1,9,0,0,0.0,0,0,25,0,0,0,18,0.0,0,1,2,1,2,19.8,42.4,74.3,,18.7,63.7,41.6,,7,0,23,3,14,9,0,0,3,12,0,25,18,2.0,2.8,1.64,7
8,Samaje Perine,11869,HB,CIN,1,9,6,2,56.4,53,0,94,0,0,6,74,493.3,4,5,7,0,1,73.1,75.6,76.9,,76.4,57.2,77.0,60.0,32,0,6,1,14,10,0,0,1,10,1,94,74,8.22,10.4,0.43,7
8,Tyjae Spears,97195,HB,TEN,1,9,0,1,69.5,41,0,59,0,1,0,22,20.4,1,2,31,0,5,73.7,68.6,77.3,,62.4,66.3,68.6,60.0,41,0,23,3,20,10,0,0,3,12,1,59,22,2.44,6.6,1.15,4
8,Rico Dowdle,40693,HB,CAR,1,8,3,1,44.4,24,0,54,0,0,3,33,154.7,2,2,5,0,3,73.0,67.4,75.0,,,52.3,70.5,,24,0,0,0,12,8,0,0,0,8,0,54,33,4.13,6.8,0.0,4
8,Tyler Huntley,46448,QB,BLT,1,8,0,0,0.0,0,0,24,0,0,0,12,0.0,3,4,3,0,1,78.6,72.1,78.9,67.7,,,70.1,60.3,29,1,0,0,0,35,29,1,0,7,0,53,17,2.13,6.6,,3
8,Christian McCaffrey,11763,HB,SF,1,8,2,0,0.0,0,0,25,0,2,2,12,54.5,0,1,28,0,3,73.7,65.6,78.7,,84.1,63.4,65.0,,9,0,43,3,33,9,0,0,5,11,0,25,12,1.5,3.1,1.3,3
8,Jaydon Blue,157303,HB,DAL,1,8,1,0,0.0,0,0,29,0,0,1,12,18.8,1,1,9,1,1,20.7,39.8,72.0,,69.7,58.0,43.0,60.0,14,0,0,0,2,11,0,0,0,8,0,29,12,1.5,3.6,0.0,7
8,Marcus Mariota,9435,QB,WAS,1,8,2,0,0.0,0,0,18,0,0,0,5,0.0,0,1,32,1,3,28.8,69.4,78.3,77.8,,,44.0,60.0,8,0,0,0,0,17,10,3,0,5,0,28,18,2.25,3.5,,2
8,C.J. Stroud,129759,QB,HST,1,7,0,0,0.0,0,0,5,0,0,0,3,0.0,1,4,13,0,0,80.5,79.8,79.7,76.0,,,71.8,60.0,13,0,0,0,0,35,25,3,0,4,0,30,3,0.43,4.3,,0
8,Drake Maye,143969,QB,NE,1,7,1,0,0.0,0,0,-3,0,0,0,0,0.0,2,2,19,1,0,28.7,71.6,79.2,67.7,,,70.8,60.0,28,0,0,0,0,31,53,4,0,3,0,50,15,2.14,7.1,,0
8,Kyle Monangai,129891,HB,CHI,1,7,2,1,62.5,15,0,24,0,0,2,18,73.5,1,1,6,0,4,71.4,50.9,75.2,,62.7,51.9,51.0,60.0,15,0,0,0,15,8,0,0,0,7,0,24,18,2.57,3.4,0.0,3
8,RJ Harvey,99622,HB,DEN,1,7,0,1,87.0,40,0,46,0,0,0,7,0.0,1,1,10,0,6,72.8,71.1,75.0,,73.4,70.6,65.5,,40,0,5,1,8,7,0,0,1,8,2,46,7,1.0,6.6,0.63,1
8,Justin Herbert,28237,QB,LAC,1,7,2,0,0.0,0,0,0,0,0,0,,100.0,2,4,27,0,0,78.3,93.6,79.5,91.5,,,82.7,60.0,18,0,0,0,0,37,62,7,0,0,0,62,18,2.57,8.9,,0
8,Isaiah Davis,138299,HB,NYJ,1,7,2,1,76.9,50,0,65,0,1,2,64,228.6,1,1,22,0,4,73.6,79.7,75.4,,82.8,88.7,71.7,58.0,50,0,44,5,15,12,0,0,5,12,0,65,64,9.14,9.3,2.93,3
8,Jaxson Dart,146409,QB,NYG,1,6,0,0,0.0,0,0,8,0,0,0,7,0.0,0,2,21,0,2,78.7,81.1,0.0,80.9,,,67.5,60.0,8,1,0,0,0,20,9,2,0,4,1,17,13,2.17,2.8,,1
8,Dak Prescott,10769,QB,DAL,1,6,1,0,0.0,0,0,0,0,0,0,0,0.0,0,2,9,0,0,79.5,51.6,79.0,54.7,,,48.5,60.0,9,0,0,0,0,23,31,5,0,1,0,31,30,5.0,5.2,,0
8,Alvin Kamara,11822,HB,NO,1,6,0,0,0.0,0,0,21,0,0,0,10,0.0,0,1,20,1,2,19.1,45.9,77.6,,28.5,32.8,58.7,,5,0,24,2,22,6,0,0,2,8,0,21,10,1.67,3.5,1.09,4
8,Aaron Jones,11937,HB,MIN,1,5,0,0,0.0,0,0,15,0,0,0,13,0.0,0,0,18,0,1,70.9,57.6,77.6,,16.7,65.1,59.7,,5,0,15,2,18,5,0,0,4,7,0,15,13,2.6,3.0,0.83,4
8,Kenneth Gainwell,77737,HB,PIT,1,5,0,0,0.0,0,0,31,0,0,0,10,0.0,1,2,25,1,3,21.5,50.2,79.3,,77.4,28.7,67.6,,14,0,4,2,14,5,0,0,2,7,0,31,10,2.0,6.2,0.29,2
8,Josh Williams,99171,HB,TB,1,4,0,0,0.0,0,0,11,0,0,0,10,0.0,0,0,30,0,1,69.7,49.8,70.5,,,59.7,51.9,,4,0,0,0,1,5,0,0,0,4,0,11,10,2.5,2.8,0.0,3
8,Patrick Mahomes,11765,QB,KC,1,4,1,0,0.0,0,0,-1,0,0,0,0,0.0,1,1,16,0,0,79.7,82.8,79.2,81.7,,,63.2,60.0,15,1,0,0,0,26,31,3,0,1,0,30,15,3.75,7.5,,0
8,Jalen Hurts,40291,QB,PHI,1,4,0,0,0.0,0,0,2,0,0,0,1,0.0,0,2,24,0,0,77.4,63.1,0.0,68.0,,,52.1,60.0,8,1,0,0,0,26,20,3,0,1,0,22,18,4.5,5.5,,0
8,Ty Johnson,45769,HB,BUF,1,4,1,0,0.0,0,0,6,0,0,1,7,43.8,0,0,4,0,1,70.1,57.3,76.5,,75.3,53.0,60.9,60.0,4,0,0,0,11,6,0,0,0,4,0,6,7,1.75,1.5,0.0,3
8,Jordan Mason,62946,HB,MIN,1,4,2,0,0.0,0,0,3,0,0,2,6,60.0,0,0,18,0,1,70.3,46.1,74.0,,11.3,58.2,51.4,,4,0,3,1,8,5,0,0,1,5,0,3,6,1.5,0.8,0.38,3
8,Tyler Allgeier,83639,HB,ATL,1,4,0,0,0.0,0,0,4,0,0,0,5,0.0,0,1,2,0,0,70.0,58.0,72.5,,41.2,68.9,56.1,60.0,6,0,10,2,12,6,0,0,2,6,1,4,5,1.25,1.0,0.83,4
8,Keaton Mitchell,123826,HB,BLT,1,4,0,1,58.1,25,0,43,0,0,0,5,0.0,2,2,3,0,3,72.0,61.8,70.6,,,58.0,62.1,,25,0,0,0,2,5,0,0,0,4,0,43,5,1.25,10.8,0.0,1
8,Trevor Etienne,157730,HB,CAR,1,4,0,0,0.0,0,0,16,0,0,0,10,0.0,0,1,5,0,2,75.7,70.2,66.3,,,,67.7,,8,0,0,0,0,4,0,0,0,4,0,16,10,2.5,4.0,,2
8,Cam Skattebo,147787,HB,NYG,1,3,1,0,0.0,0,0,12,0,0,1,9,75.0,0,0,21,0,3,69.4,63.2,69.0,,,71.7,60.0,,5,0,18,1,7,4,0,0,2,4,0,12,9,3.0,4.0,2.57,0
8,Marvin Mims Jr.,122937,WR,DEN,1,3,0,0,0.0,0,0,18,1,0,0,5,0.0,0,1,10,0,2,75.0,49.9,76.1,,,44.0,68.0,59.3,9,0,0,0,11,5,0,0,1,3,0,18,5,1.67,6.0,0.0,0
8,Tyler Shough,83537,QB,NO,1,3,1,0,0.0,0,0,0,0,0,0,,100.0,0,1,20,0,0,78.3,71.3,77.2,71.0,,,59.4,60.0,6,0,0,0,0,4,12,3,0,0,0,12,5,1.67,4.0,,0
8,Spencer Rattler,97408,QB,NO,1,3,0,0,0.0,0,0,3,0,0,0,1,0.0,0,1,20,1,1,25.8,35.1,0.0,50.4,,,29.1,60.0,7,1,0,0,0,5,9,2,0,1,0,12,2,0.67,4.0,,0
8,Will Shipley,144138,HB,PHI,1,3,0,0,0.0,0,0,2,0,0,0,7,0.0,0,1,24,0,2,71.6,38.1,70.7,,5.2,57.1,46.0,,3,0,0,0,3,3,0,0,0,3,0,2,7,2.33,0.7,0.0,1
8,Brashard Smith,143951,HB,KC,1,3,0,0,0.0,0,0,8,0,0,0,2,0.0,0,0,16,1,1,65.2,54.0,74.7,,,53.3,58.3,60.0,4,0,0,0,5,4,0,0,0,3,0,8,2,0.67,2.7,0.0,1
8,Josh Allen,46601,QB,BUF,1,3,0,0,0.0,0,0,7,0,0,0,3,0.0,0,2,4,0,1,76.9,69.8,78.2,65.3,,,69.7,60.0,5,0,0,0,0,30,0,0,0,3,2,7,3,1.0,2.3,,0
8,Caleb Williams,144622,QB,CHI,1,3,0,0,0.0,0,0,0,0,0,0,0,0.0,1,1,6,0,0,79.5,60.0,78.9,60.0,,,57.6,60.0,22,2,0,0,0,21,24,2,0,1,0,24,0,0.0,8.0,,0
8,Dylan Sampson,163772,HB,CLV,1,3,0,0,,0,0,0,0,1,0,2,8.3,0,1,8,0,2,71.9,56.7,75.8,,26.3,64.6,53.8,60.0,1,0,29,5,17,4,0,0,5,8,0,0,2,0.67,0.0,1.71,1
8,Tanner McKee,131770,QB,PHI,1,3,0,0,0.0,0,0,-2,0,0,0,0,0.0,0,0,24,0,0,67.2,61.3,69.2,,,,60.5,60.0,0,0,0,0,0,4,0,0,0,3,0,-2,0,0.0,-0.7,,0
8,Malik Davis,57196,HB,DAL,1,2,0,0,0.0,0,0,3,0,0,0,0,0.0,0,0,9,0,0,65.2,53.0,69.0,,72.4,59.7,54.7,,2,0,0,0,1,2,0,0,0,2,0,3,0,0.0,1.5,0.0,2
8,Ameer Abdullah,9487,HB,IND,1,2,0,0,0.0,0,0,5,0,0,0,3,0.0,0,0,14,0,0,66.7,53.8,70.4,,68.8,58.9,53.7,,3,0,3,1,7,2,0,0,1,3,0,5,3,1.5,2.5,0.43,2
8,Kirk Cousins,7102,QB,ATL,1,2,0,0,0.0,0,0,2,0,0,0,0,0.0,0,0,2,0,0,78.4,66.2,78.1,66.2,,,60.0,60.0,3,0,0,0,0,17,0,0,0,2,0,2,0,0.0,1.0,,0
8,Andy Dalton,6187,QB,CAR,1,2,0,0,0.0,0,0,0,0,0,0,0,0.0,0,0,5,2,0,20.7,43.1,78.7,50.2,,,36.8,60.3,1,0,0,0,0,25,1,1,0,1,0,1,0,0.0,0.5,,0
8,Zavier Scott,55123,HB,MIN,1,2,2,0,0.0,0,0,16,0,0,2,7,175.0,1,1,18,0,1,67.8,77.3,71.6,,,78.2,71.9,,10,0,8,2,4,2,0,0,2,4,0,16,7,3.5,8.0,2.0,1
8,DJ Moore,48267,WR,CHI,1,2,0,0,0.0,0,0,3,0,1,0,2,16.7,0,0,6,0,2,69.4,61.4,77.8,,,68.0,50.0,34.9,3,0,73,4,37,15,0,0,6,6,0,3,2,1.0,1.5,1.97,0
8,Nyheim Miller-Hines,48103,HB,LAC,1,2,0,0,0.0,0,0,-2,0,0,0,2,0.0,0,0,27,0,2,65.2,51.6,70.2,,72.4,59.9,53.9,,1,0,0,0,1,2,0,0,0,2,0,-2,2,1.0,-1.0,0.0,0
8,Tyler Goodson,101659,HB,IND,1,2,0,0,0.0,0,0,2,0,0,0,2,0.0,0,0,14,0,1,65.2,52.9,68.9,,,59.7,55.3,60.0,2,0,0,0,1,3,0,0,0,2,0,2,2,1.0,1.0,0.0,1
8,Rashee Rice,97605,WR,KC,1,2,0,0,0.0,0,0,12,0,1,0,9,40.9,0,0,16,1,1,19.9,75.3,80.0,,,75.4,62.6,46.6,7,2,93,9,34,23,0,0,9,11,0,12,9,4.5,6.0,2.74,0
8,Devin Singletary,40485,HB,NYG,1,2,0,0,,0,0,0,0,0,0,3,0.0,0,0,21,0,2,70.1,59.9,71.6,,73.0,88.5,53.1,60.0,3,0,28,1,4,3,0,0,1,3,0,0,3,1.5,0.0,7.0,0
8,Cam Ward,133244,QB,TEN,1,2,0,0,0.0,0,0,-3,0,0,0,0,0.0,0,0,31,0,1,80.2,64.9,79.4,65.8,,,54.1,60.1,7,0,0,0,0,24,7,1,0,1,0,4,6,3.0,2.0,,0
8,Terrell Jennings,102408,HB,NE,1,2,0,0,0.0,0,0,15,0,0,0,5,0.0,1,1,19,0,2,65.2,66.1,68.0,,,,63.4,60.0,11,0,0,0,0,5,0,0,0,2,0,15,5,2.5,7.5,,0
8,Demario Douglas,104155,WR,NE,1,2,0,0,0.0,0,0,3,0,0,0,4,0.0,0,1,19,0,0,66.7,71.1,73.9,,,72.1,59.1,60.0,8,0,44,1,9,3,0,0,1,3,0,3,4,2.0,1.5,4.89,0
8,Julius Chestnut,109239,HB,TEN,1,2,0,0,0.0,0,0,5,0,0,0,3,0.0,0,0,31,0,2,65.2,64.8,64.5,,,,63.4,,5,0,0,0,0,2,0,0,0,2,0,5,3,1.5,2.5,,0
8,Jimmy Horn Jr.,144483,WR,CAR,1,2,1,0,0.0,0,0,9,0,0,1,6,150.0,0,0,5,0,0,,59.6,72.4,,,59.3,,60.0,7,0,0,0,6,2,0,0,1,2,0,9,6,3.0,4.5,0.0,0
8,Mac Jones,60323,QB,SF,1,2,0,0,0.0,0,0,0,0,0,0,,100.0,2,2,28,0,0,78.9,78.8,77.9,75.1,,,71.0,60.0,13,0,0,0,0,9,23,2,0,0,0,23,0,0.0,11.5,,0
8,Taysom Hill,12112,TE,NO,1,2,0,0,0.0,0,0,6,0,0,0,5,0.0,0,1,20,0,1,66.7,62.8,76.2,,,61.8,61.5,59.7,3,0,6,1,1,4,0,0,1,3,0,6,5,2.5,3.0,6.0,1
8,Nate Carter,147376,HB,ATL,1,2,0,0,0.0,0,0,14,0,0,0,3,0.0,1,1,2,0,1,65.2,66.2,64.5,,,,64.2,,12,0,0,0,0,2,0,0,0,2,0,14,3,1.5,7.0,,1
8,Joe Flacco,4332,QB,CIN,1,2,1,0,0.0,0,0,1,0,0,0,0,0.0,1,2,7,0,0,78.8,69.1,78.6,64.0,,,74.6,60.0,13,0,0,0,0,22,13,1,0,1,1,14,17,8.5,7.0,,0
8,Isaiah Williams,97156,WR,NYJ,1,1,0,1,100.0,25,0,25,0,0,0,2,0.0,1,1,22,0,0,75.8,74.8,74.6,,,68.8,63.1,87.0,25,0,31,3,16,14,0,0,4,4,0,25,2,2.0,25.0,1.94,0
8,Zay Flowers,97268,WR,BLT,1,1,1,0,0.0,0,0,8,0,0,1,6,75.0,0,1,3,0,1,70.3,76.6,80.4,,,74.8,63.0,61.3,8,0,63,7,23,34,0,0,9,8,0,8,6,6.0,8.0,2.74,0
8,Chris Olave,84355,WR,NO,1,1,0,0,0.0,0,1,-3,1,0,0,0,0.0,0,0,20,0,0,70.1,51.5,0.0,,,51.8,,83.9,-3,1,63,8,61,5,0,0,12,9,0,-3,0,0.0,-3.0,1.03,0
8,Bo Nix,97790,QB,DEN,1,1,0,0,0.0,0,0,-1,0,0,0,0,0.0,0,0,10,0,0,78.5,87.2,78.7,85.2,,,60.0,60.3,-1,0,0,0,0,24,0,0,0,1,0,-1,0,0.0,-1.0,,0
8,Tyler Badie,83714,HB,DEN,1,1,1,0,0.0,0,0,6,0,0,1,4,400.0,0,0,10,0,0,61.9,56.3,71.6,,78.4,55.3,57.7,60.0,6,0,0,0,4,3,0,0,0,1,0,6,4,4.0,6.0,0.0,1
8,Chris Rodriguez Jr.,83689,HB,WAS,1,1,0,0,0.0,0,0,2,0,0,0,1,0.0,0,0,32,0,1,61.9,59.0,68.4,,75.7,,59.2,,2,0,0,0,0,1,0,0,0,1,0,2,1,1.0,2.0,,0
8,Malachi Corley,66272,WR,CLV,1,1,2,1,100.0,31,0,31,0,0,2,26,5.2e3,1,1,8,0,0,72.3,79.7,68.4,,,57.1,69.8,60.0,31,0,0,0,2,2,0,0,0,1,0,31,26,26.0,31.0,0.0,0
8,CeeDee Lamb,61570,WR,DAL,1,1,0,0,0.0,0,0,2,0,0,0,1,0.0,0,0,9,0,0,70.3,66.1,0.0,,,69.0,59.2,54.7,2,1,74,7,34,15,0,0,10,8,0,2,1,1.0,2.0,2.18,0
8,Savion Williams,123101,WR,GB,1,1,0,0,0.0,0,0,1,0,0,0,0,0.0,0,0,12,0,0,71.7,72.5,77.2,,,77.3,59.7,54.0,1,0,8,1,2,10,0,0,1,2,0,1,0,0.0,1.0,4.0,1
8,Harold Fannin Jr.,163104,TE,CLV,1,1,0,0,0.0,0,0,2,0,0,0,1,0.0,0,1,8,0,0,68.8,75.4,77.6,,68.2,74.9,,63.3,2,0,62,6,28,9,0,0,7,7,0,2,1,1.0,2.0,2.21,0
8,Deebo Samuel,48274,WR,WAS,1,1,0,0,0.0,0,0,1,1,0,0,2,0.0,0,0,32,0,0,67.4,47.9,76.8,,,48.4,59.2,61.6,1,0,11,3,26,13,0,0,6,4,0,1,2,2.0,1.0,0.42,0
8,Justice Hill,45865,HB,BLT,1,1,0,0,0.0,0,0,2,0,0,0,3,0.0,0,0,3,0,0,61.9,48.3,75.2,,20.5,56.0,59.5,60.0,2,0,0,0,7,6,0,0,0,1,0,2,3,3.0,2.0,0.0,1
8,Chimere Dike,129918,WR,TEN,1,1,0,0,0.0,0,0,1,0,0,0,0,0.0,0,0,31,0,0,77.1,76.1,80.7,,,75.4,56.6,77.5,1,0,93,7,39,20,0,0,8,8,0,1,0,0.0,1.0,2.38,0
8,Jordan Love,40306,QB,GB,1,1,0,0,0.0,0,0,-1,0,0,0,0,0.0,0,0,12,0,0,79.0,81.2,78.9,79.5,,,60.0,60.0,-1,0,0,0,0,26,0,0,0,1,0,-1,0,0.0,-1.0,,0
8,Riley Leonard,143862,QB,IND,1,1,0,0,0.0,0,0,1,0,0,0,2,0.0,0,0,14,0,0,66.1,27.0,70.6,28.6,,,58.2,60.0,1,0,0,0,0,4,0,0,0,1,0,1,2,2.0,1.0,,1
8,Daniel Jones,39395,QB,IND,1,1,0,0,0.0,0,0,0,0,0,0,,100.0,0,0,14,0,0,77.9,74.9,77.7,74.7,,,58.3,60.0,3,0,0,0,0,14,3,1,0,0,0,3,2,2.0,3.0,,0
8,Jarrett Stidham,13725,QB,DEN,1,1,0,0,0.0,0,0,-1,0,0,0,0,0.0,0,0,10,0,0,61.9,60.0,69.2,,,,60.0,60.0,-1,0,0,0,0,4,0,0,0,1,0,-1,0,0.0,-1.0,,0
8,Dare Ogunbowale,12329,HB,HST,1,1,0,0,0.0,0,0,9,0,1,0,1,50.0,0,0,13,0,0,64.6,61.0,76.7,,72.3,58.3,59.7,,9,0,8,1,4,1,0,0,1,2,0,9,1,1.0,9.0,2.0,0
8,Gage Larvadain,150169,WR,CLV,1,1,2,0,0.0,0,0,0,0,0,0,,100.0,0,0,8,0,0,65.6,49.7,76.9,,,52.6,57.9,47.9,3,0,0,0,20,6,3,1,0,0,0,3,16,16.0,3.0,0.0,0
8,Jeremy McNichols,11917,HB,WAS,1,1,0,0,0.0,0,0,4,0,1,0,4,66.7,0,1,32,0,0,69.1,80.5,77.3,,38.6,90.8,62.6,60.0,4,0,64,5,17,2,0,0,6,6,0,4,4,4.0,4.0,3.76,1
8,Hunter Luepke,91319,FB,DAL,1,1,0,0,0.0,0,0,2,0,0,0,1,0.0,0,1,9,0,0,61.9,61.6,75.2,,69.2,56.4,61.4,57.0,2,0,0,0,4,6,0,0,0,1,0,2,1,1.0,2.0,0.0,0
8,Dillon Gabriel,86272,QB,CLV,1,1,0,0,0.0,0,0,0,0,0,0,,100.0,1,1,8,0,0,79.0,33.7,0.0,34.6,,60.0,64.4,60.0,13,2,0,0,1,13,13,1,0,0,0,13,0,0.0,13.0,0.0,0
week,player,player_id,position,team_name,player_game_count,attempts,avoided_tackles,breakaway_attempts,breakaway_percent,breakaway_yards,declined_penalties,designed_yards,drops,elu_recv_mtf,elu_rush_mtf,elu_yco,elusive_rating,explosive,first_downs,franchise_id,fumbles,gap_attempts,grades_hands_fumble,grades_offense,grades_offense_penalty,grades_pass,grades_pass_block,grades_pass_route,grades_run,grades_run_block,longest,penalties,rec_yards,receptions,routes,run_plays,scramble_yards,scrambles,targets,total_touches,touchdowns,yards,yards_after_contact,yco_attempt,ypa,yprr,zone_attempts
9,Christian McCaffrey,11763,HB,SF,1,28,4,1,15.1,16,0,106,0,1,4,62,33.5,3,5,28,0,11,79.4,66.7,76.3,,76.4,65.2,64.9,60.0,16,0,67,5,25,30,0,0,5,33,1,106,62,2.21,3.8,2.68,15
9,James Cook,83666,HB,BUF,1,27,7,2,28.9,33,0,114,0,0,7,69,63.9,3,4,4,0,18,79.2,69.1,74.4,,78.8,62.0,68.0,60.0,17,0,11,1,16,31,0,0,1,28,0,114,69,2.56,4.2,0.69,9
9,Kyle Monangai,129891,HB,CHI,1,26,4,2,32.4,57,0,176,1,1,4,118,78.2,3,6,6,0,12,79.2,71.5,78.4,,43.9,49.9,75.1,60.0,39,0,22,3,24,28,0,0,4,29,0,176,118,4.54,6.8,0.92,14
9,Kyren Williams,97118,HB,LA,1,25,8,1,13.2,15,0,114,0,0,8,77,98.6,2,9,26,0,16,78.6,75.1,75.2,,44.9,50.6,77.3,60.0,15,0,0,0,18,28,0,0,0,25,1,114,77,3.08,4.6,0.0,9
9,Rico Dowdle,40693,HB,CAR,1,25,4,2,36.9,48,0,130,0,0,4,94,55.7,3,7,5,0,13,78.7,74.6,0.0,,78.1,68.9,74.3,60.0,29,1,11,2,12,26,0,0,3,27,2,130,94,3.76,5.2,0.92,11
9,Travis Etienne Jr.,57185,HB,JAX,1,22,7,1,23.8,20,0,84,0,3,7,83,139.7,3,6,15,1,13,27.7,66.9,78.9,,77.9,41.6,73.2,60.0,20,0,31,5,20,24,0,0,5,27,0,84,83,3.77,3.8,1.55,6
9,Derrick Henry,10679,HB,BLT,1,19,0,2,45.4,54,0,119,0,0,0,86,0.0,4,3,3,0,7,77.0,65.9,73.3,,21.9,58.1,67.8,60.0,35,0,2,1,11,22,0,0,1,20,0,119,86,4.53,6.3,0.18,12
9,Josh Jacobs,45953,HB,GB,1,17,4,2,37.9,33,0,87,0,1,4,60,84.0,2,6,12,0,10,77.5,81.2,75.1,,76.8,68.1,80.3,60.0,18,0,13,4,16,20,0,0,5,21,1,87,60,3.53,5.1,0.81,7
9,Jaylen Warren,98692,HB,PIT,1,16,0,0,0.0,0,0,31,0,0,0,25,0.0,0,3,25,0,8,76.2,51.5,74.1,,49.6,56.8,52.1,60.0,8,0,-2,2,15,17,0,0,2,18,2,31,25,1.56,1.9,-0.13,8
9,Javonte Williams,77803,HB,DAL,1,15,7,2,41.0,34,0,83,0,0,7,79,230.4,3,6,9,1,7,23.3,66.9,77.8,,77.8,28.7,81.0,,19,0,0,1,33,14,0,0,1,16,0,83,79,5.27,5.5,0.0,7
9,J.K. Dobbins,57366,HB,DEN,1,15,4,0,0.0,0,0,61,0,0,4,34,56.7,1,3,10,0,9,75.7,72.7,73.6,,83.5,62.2,70.4,58.5,12,0,-2,1,4,20,0,0,1,16,0,61,34,2.27,4.1,-0.5,6
9,Emari Demercado,77763,HB,ARZ,1,14,0,2,44.3,35,0,79,0,0,0,60,0.0,3,4,1,0,14,75.3,67.4,74.8,,85.4,61.1,64.6,,19,0,-1,1,7,14,0,0,1,15,0,79,60,4.29,5.6,-0.14,0
9,TreVeyon Henderson,145059,HB,NE,1,14,1,0,0.0,0,0,55,1,4,1,37,73.4,0,2,19,0,12,76.0,61.6,77.5,,28.7,51.0,68.8,60.0,8,0,32,4,28,15,0,0,5,18,0,55,37,2.64,3.9,1.14,2
9,De'Von Achane,124305,HB,MIA,1,14,7,2,55.2,37,0,67,0,1,7,52,148.6,3,4,17,0,3,76.3,66.3,77.6,,13.6,65.7,71.9,60.1,22,0,39,6,33,18,0,0,10,20,0,67,52,3.71,4.8,1.18,11
9,Jonathan Taylor,57488,HB,IND,1,14,6,0,0.0,0,0,45,0,0,6,44,117.9,0,3,14,0,5,75.5,63.0,80.6,,66.8,51.4,68.6,60.0,9,0,12,2,37,16,0,0,2,16,0,45,44,3.14,3.2,0.32,8
9,Blake Corum,129574,HB,LA,1,13,7,1,36.2,21,0,58,0,0,7,28,116.0,2,3,26,0,6,74.7,73.0,73.3,,47.0,53.8,73.7,,21,0,0,0,7,13,0,0,0,13,0,58,28,2.15,4.5,0.0,7
9,Ashton Jeanty,157196,HB,LV,1,13,5,0,0.0,0,0,42,0,1,5,28,71.8,2,3,23,0,6,76.1,65.6,77.6,,50.9,78.8,61.7,60.0,13,0,47,5,29,17,0,0,5,18,0,42,28,2.15,3.2,1.62,7
9,Bijan Robinson,123126,HB,ATL,1,12,1,1,32.6,15,0,46,0,0,1,29,12.1,1,2,2,0,3,76.3,76.4,79.3,,55.7,92.0,54.4,60.0,15,0,50,8,29,13,0,0,9,20,0,46,29,2.42,3.8,1.72,8
9,Jacory Croskey-Merritt,102382,HB,WAS,1,12,2,0,0.0,0,0,38,0,0,2,41,52.6,0,0,32,0,9,74.5,72.4,78.9,,38.0,55.0,76.2,,6,0,3,1,15,12,0,0,1,13,0,38,41,3.42,3.2,0.2,3
9,Chris Rodriguez Jr.,83689,HB,WAS,1,12,1,0,0.0,0,0,65,0,0,1,39,27.1,2,7,32,0,9,74.3,67.6,75.0,,,54.0,68.7,60.0,12,0,0,0,8,14,0,0,0,12,1,65,39,3.25,5.4,0.0,3
9,Kimani Vidal,123727,HB,LAC,1,12,1,0,0.0,0,0,30,0,0,1,23,16.0,0,1,27,1,8,21.9,50.1,76.4,,84.4,50.9,47.5,60.0,7,0,0,0,24,13,0,0,0,12,0,30,23,1.92,2.5,0.0,4
9,Terrell Jennings,102408,HB,NE,1,11,1,0,0.0,0,0,35,0,0,1,29,22.0,1,5,19,0,9,74.1,64.7,71.6,,,75.6,61.7,60.0,11,0,9,1,4,13,0,0,1,12,1,35,29,2.64,3.2,2.25,2
9,Nick Chubb,45783,HB,HST,1,11,2,0,0.0,0,0,34,0,0,2,27,44.6,0,1,13,0,7,73.8,57.8,74.4,,75.5,53.6,58.2,,8,0,0,0,11,11,0,0,0,11,0,34,27,2.45,3.1,0.0,4
9,Chase Brown,77787,HB,CIN,1,11,2,0,0.0,0,0,37,2,2,2,26,49.8,1,3,7,0,3,75.7,59.1,80.7,,82.7,55.7,58.7,60.0,12,0,75,8,43,13,0,0,13,19,0,37,26,2.36,3.4,1.74,8
9,David Montgomery,45719,HB,DET,1,11,2,0,0.0,0,0,40,0,2,2,22,61.5,2,3,11,1,6,22.8,46.0,74.4,,29.5,70.9,44.2,,11,0,10,2,10,12,0,0,4,13,1,40,22,2.0,3.6,1.0,5
9,Kenneth Walker III,97199,HB,SEA,1,11,2,0,0.0,0,0,42,0,0,2,30,42.0,2,2,29,0,2,74.4,64.4,73.8,,77.2,60.7,63.6,60.0,12,0,19,2,12,12,0,0,2,13,0,42,30,2.73,3.8,1.58,9
9,Kareem Hunt,11841,HB,KC,1,11,1,0,0.0,0,0,49,0,0,1,31,23.5,1,3,16,0,3,74.5,68.4,77.1,,86.0,54.0,68.5,60.0,13,0,6,1,22,14,0,0,1,12,1,49,31,2.82,4.5,0.27,8
9,Tony Pollard,27126,HB,TEN,1,10,3,1,28.6,16,0,56,0,0,3,38,103.6,3,3,31,0,6,74.8,61.2,76.5,,76.7,65.5,56.4,60.0,16,0,12,1,11,13,0,0,1,11,0,56,38,3.8,5.6,1.09,4
9,Jayden Daniels,97993,QB,WAS,1,10,3,0,0.0,0,0,1,0,0,0,2,0.0,1,2,32,0,1,79.0,68.7,78.6,67.7,,,63.4,60.0,12,0,0,0,0,19,50,9,0,1,1,51,54,5.4,5.1,,0
9,Jordan Mason,62946,HB,MIN,1,10,3,0,0.0,0,0,36,0,0,3,27,73.6,1,1,18,0,5,74.1,55.2,74.3,,23.8,57.7,60.7,59.7,13,0,1,1,9,18,0,0,1,11,0,36,27,2.7,3.6,0.11,4
9,Woody Marks,124179,HB,HST,1,10,2,0,0.0,0,0,27,1,0,2,26,52.0,0,0,13,0,6,73.3,51.0,78.4,,79.4,29.9,59.2,60.0,7,0,0,0,17,14,0,0,3,10,0,27,26,2.6,2.7,0.0,2
9,Jahmyr Gibbs,122474,HB,DET,1,9,2,0,0.0,0,0,25,0,0,2,27,50.0,0,0,11,0,2,73.7,51.9,76.8,,41.2,57.7,53.7,,7,0,3,3,17,9,0,0,3,12,0,25,27,3.0,2.8,0.18,7
9,Justin Herbert,28237,QB,LAC,1,9,0,0,0.0,0,0,10,0,0,0,2,0.0,2,6,27,0,0,79.9,78.5,79.0,65.9,,,90.0,60.0,29,0,0,0,0,26,47,4,0,5,1,57,10,1.11,6.3,,0
9,Aaron Jones,11937,HB,MIN,1,9,1,1,39.7,31,0,78,0,0,1,36,36.4,3,4,18,0,1,72.9,76.6,74.9,,79.4,86.6,68.2,60.0,31,0,20,2,14,10,0,0,2,11,0,78,36,4.0,8.7,1.43,7
9,J.J. McCarthy,144918,QB,MIN,1,9,1,0,0.0,0,0,3,0,0,0,6,0.0,0,1,18,1,1,29.5,63.5,78.9,64.9,,,56.1,60.0,9,0,0,0,0,28,9,1,0,8,1,12,6,0.67,1.3,,2
9,Jaret Patterson,77745,HB,LAC,1,9,1,0,0.0,0,0,44,0,0,1,31,38.3,0,1,27,0,6,72.7,71.4,72.9,,78.8,57.1,69.4,60.0,9,0,0,0,3,13,0,0,0,9,0,44,31,3.44,4.9,0.0,3
9,Bhayshul Tuten,150568,HB,JAX,1,9,1,0,0.0,0,0,29,0,0,1,31,34.4,1,4,15,0,5,74.5,64.4,72.6,,75.7,58.3,64.6,60.0,11,0,-3,1,6,11,0,0,1,10,1,29,31,3.44,3.2,-0.5,4
9,Trevor Lawrence,77632,QB,JAX,1,9,0,0,0.0,0,0,12,0,0,0,1,0.0,0,4,15,0,0,80.4,75.3,79.8,76.6,,,59.4,60.7,7,1,0,0,0,37,12,4,0,5,2,24,23,2.56,2.7,,0
9,Bam Knight,97432,HB,ARZ,1,9,1,1,63.0,17,0,27,0,0,1,22,22.2,1,3,1,0,8,73.9,61.9,75.5,,24.5,71.4,63.3,60.0,17,0,20,2,17,14,0,0,2,11,0,27,22,2.44,3.0,1.18,1
9,Devin Singletary,40485,HB,NYG,1,8,3,0,0.0,0,0,43,0,2,3,34,212.5,1,4,21,0,3,72.9,72.0,79.5,,80.7,54.8,76.8,60.0,14,0,8,2,15,12,0,0,2,10,0,43,34,4.25,5.4,0.53,4
9,Jaxson Dart,146409,QB,NYG,1,8,2,0,0.0,0,0,16,0,0,0,4,0.0,2,5,21,0,2,79.9,75.0,78.6,70.8,,,71.3,60.0,18,0,0,0,0,18,40,4,0,4,1,56,43,5.38,7.0,,0
9,Drake Maye,143969,QB,NE,1,8,1,0,0.0,0,0,-3,0,0,0,0,0.0,1,2,19,2,0,20.9,59.1,79.1,57.2,,,62.6,60.0,12,0,0,0,0,28,23,5,0,3,0,20,26,3.25,2.5,,0
9,Zach Charbonnet,97630,HB,SEA,1,8,1,0,0.0,0,0,25,0,0,1,21,29.2,0,1,29,0,4,72.5,66.4,73.2,,,64.1,65.5,60.0,9,0,21,1,9,9,0,0,1,9,0,25,21,2.63,3.1,2.33,4
9,Tyjae Spears,97195,HB,TEN,1,7,2,0,0.0,0,0,26,0,0,2,31,88.6,1,0,31,0,2,72.0,65.1,74.9,,17.8,68.5,65.4,,10,0,36,3,13,6,0,0,3,10,0,26,31,4.43,3.7,2.77,4
9,Alvin Kamara,11822,HB,NO,1,6,2,0,0.0,0,0,14,1,0,2,18,85.7,0,0,20,1,2,18.4,40.4,75.0,,70.4,36.1,46.3,59.3,3,0,3,1,14,8,0,0,3,7,0,14,18,3.0,2.3,0.21,4
9,Josh Allen,46601,QB,BUF,1,6,0,0,0.0,0,0,13,0,0,0,8,0.0,1,4,4,0,0,78.8,83.1,79.0,78.5,,,73.3,60.0,11,0,0,0,0,35,6,1,0,5,2,19,8,1.33,3.2,,1
9,Emanuel Wilson,154173,HB,GB,1,6,0,0,0.0,0,0,16,1,0,0,9,0.0,0,1,12,0,1,70.3,51.4,77.8,,7.9,33.8,71.3,,7,0,1,1,13,5,0,0,2,7,0,16,9,1.5,2.7,0.08,4
9,Jacoby Brissett,10725,QB,ARZ,1,5,0,0,0.0,0,0,0,0,0,0,0,0.0,0,1,1,1,0,29.2,66.6,79.1,70.3,,,46.0,60.0,4,0,0,0,0,29,4,1,0,4,1,4,0,0.0,0.8,,1
9,Caleb Williams,144622,QB,CHI,1,5,1,0,0.0,0,0,0,0,0,0,,0.0,3,2,6,0,0,79.8,90.8,0.0,85.2,,90.6,82.4,60.0,14,1,22,2,3,33,53,5,2,2,0,53,13,2.6,10.6,7.33,0
9,Geno Smith,7820,QB,LV,1,5,0,0,0.0,0,0,3,0,0,0,2,0.0,0,2,23,0,0,80.4,70.2,78.9,68.9,,,63.0,60.0,4,0,0,0,0,18,6,2,0,3,0,9,14,2.8,1.8,,0
9,Chuba Hubbard,57373,HB,CAR,1,5,0,0,0.0,0,0,17,1,0,0,10,0.0,0,1,5,0,1,69.7,44.7,71.3,,74.6,27.1,55.3,60.0,8,0,0,0,4,6,0,0,1,5,0,17,10,2.0,3.4,0.0,4
9,Tyrone Tracy,84226,HB,NYG,1,5,0,0,0.0,0,0,18,0,0,0,11,0.0,1,1,21,0,2,71.4,65.1,80.3,,,62.4,66.0,60.0,11,0,19,3,19,6,0,0,4,8,0,18,11,2.2,3.6,1.0,2
9,Lamar Jackson,46416,QB,BLT,1,5,1,0,0.0,0,0,-2,0,0,0,2,0.0,1,1,3,0,0,77.6,87.8,78.4,89.2,,,58.7,60.1,13,0,0,0,0,29,16,2,0,3,0,14,18,3.6,2.8,,1
9,Brittain Brown,40399,HB,CHI,1,5,3,1,59.5,22,0,37,0,0,3,26,312.0,1,2,6,0,3,71.0,66.3,74.0,,,52.1,69.3,,22,0,0,0,9,5,0,0,1,5,1,37,26,5.2,7.4,0.0,2
9,Brian Robinson,57120,HB,SF,1,5,4,2,64.2,34,0,53,0,0,4,43,688.0,3,4,28,0,2,71.0,89.8,68.7,,,57.9,84.9,60.0,18,0,0,0,2,7,0,0,0,5,1,53,43,8.6,10.6,0.0,3
9,Keaton Mitchell,123826,HB,BLT,1,4,0,0,0.0,0,0,11,0,0,0,5,0.0,0,1,3,0,2,70.7,42.8,71.4,,7.9,60.2,47.9,60.0,4,0,7,1,4,6,0,0,1,5,0,11,5,1.25,2.8,1.75,2
9,Dak Prescott,10769,QB,DAL,1,4,1,0,0.0,0,0,0,0,0,0,,100.0,1,1,9,0,0,80.5,69.8,79.0,66.4,,,71.1,60.0,14,0,0,0,0,16,34,4,0,0,0,34,10,2.5,8.5,,0
9,Taysom Hill,12112,TE,NO,1,4,1,1,96.7,29,0,30,0,0,1,25,156.3,1,1,20,0,4,69.4,53.8,72.5,59.8,,57.6,60.0,60.0,29,0,0,0,3,5,0,0,0,4,0,30,25,6.25,7.5,0.0,0
9,Matthew Stafford,4924,QB,LA,1,4,0,0,0.0,0,0,-4,0,0,0,0,0.0,0,0,26,0,0,79.3,85.0,79.7,83.5,,,61.0,60.0,-1,0,0,0,0,44,0,0,0,4,0,-4,0,0.0,-1.0,,0
9,Mac Jones,60323,QB,SF,1,4,0,0,0.0,0,0,1,0,0,0,0,0.0,0,1,28,1,0,26.7,62.3,79.0,62.1,,,58.1,60.1,2,0,0,0,0,36,3,2,0,2,0,4,0,0.0,1.0,,0
9,Bo Nix,97790,QB,DEN,1,3,0,0,0.0,0,1,11,0,0,0,16,0.0,1,1,10,0,2,79.6,67.5,78.8,65.5,,,65.4,60.0,25,1,0,0,0,22,25,1,0,2,0,36,16,5.33,12.0,,0
9,George Holani,72154,HB,SEA,1,3,0,0,0.0,0,0,9,0,0,0,2,0.0,0,0,29,0,0,70.5,49.0,65.5,,,,51.7,,7,0,0,0,0,3,0,0,0,3,0,9,2,0.67,3.0,,3
9,Kenneth Gainwell,77737,HB,PIT,1,3,0,0,0.0,0,0,-1,0,2,0,3,28.6,0,1,25,0,0,70.9,74.2,76.7,,75.0,76.0,68.8,60.0,5,0,35,4,17,4,0,0,5,7,0,-1,3,1.0,-0.3,2.06,3
9,Brashard Smith,143951,HB,KC,1,3,0,0,0.0,0,0,7,0,0,0,4,0.0,0,0,16,0,0,67.2,46.3,73.6,,,53.6,49.1,60.0,4,0,0,0,5,5,0,0,1,3,0,7,4,1.33,2.3,0.0,2
9,Devin Neal,144558,HB,NO,1,3,0,0,0.0,0,0,11,0,0,0,6,0.0,0,0,20,0,0,68.2,48.3,75.1,,,54.4,47.7,60.0,4,0,1,1,11,5,0,0,1,4,0,11,6,2.0,3.7,0.09,3
9,Daniel Jones,39395,QB,IND,1,3,0,0,0.0,0,0,3,0,0,0,1,0.0,0,2,14,3,0,24.7,53.1,79.6,55.9,,,45.0,60.0,2,0,0,0,0,17,1,1,0,2,1,4,4,1.33,1.3,,0
9,Malik Washington,97108,WR,MIA,1,3,0,0,0.0,0,0,13,0,1,0,6,33.3,0,0,17,1,0,20.3,51.0,77.6,,,61.8,38.5,36.8,7,0,48,3,31,13,0,0,3,6,0,13,6,2.0,4.3,1.55,0
9,Aaron Rodgers,2241,QB,PIT,1,2,0,0,,0,0,-1,0,0,0,0,0.0,0,0,25,0,0,79.3,70.2,78.8,70.9,,,55.0,60.0,1,0,0,0,0,22,1,1,0,1,0,0,0,0.0,0.0,,0
9,Ty Johnson,45769,HB,BUF,1,2,0,0,0.0,0,0,8,0,0,0,2,0.0,0,1,4,0,0,67.8,74.7,74.4,,,76.2,67.6,60.0,5,0,12,2,10,3,0,0,2,4,1,8,2,1.0,4.0,1.2,2
9,Mark Andrews,47436,TE,BLT,1,2,0,0,0.0,0,0,4,0,0,0,1,0.0,0,2,3,0,0,67.8,78.1,75.9,,,68.5,69.5,78.8,2,0,22,2,17,11,0,0,2,4,0,4,1,0.5,2.0,1.29,0
9,Davis Mills,52269,QB,HST,1,2,1,0,0.0,0,0,0,0,0,0,0,0.0,0,0,13,0,0,78.3,43.2,0.0,46.8,,,54.1,60.0,7,1,0,0,0,16,7,1,0,1,0,7,6,3.0,3.5,,0
9,Clyde Edwards-Helaire,57279,HB,KC,1,2,1,0,0.0,0,0,5,0,0,1,4,100.0,0,0,16,0,0,65.2,64.0,66.3,,,,62.8,,7,0,0,0,0,2,0,0,0,2,0,5,4,2.0,2.5,,2
9,British Brooks,77714,FB,HST,1,2,0,0,,0,0,0,0,0,0,0,0.0,0,0,13,0,0,65.2,49.2,73.4,,74.9,59.9,56.1,52.6,0,0,0,0,1,8,0,0,0,2,0,0,0,0.0,0.0,0.0,0
9,Michael Penix Jr.,82134,QB,ATL,1,2,1,0,0.0,0,0,0,0,0,0,,100.0,1,1,2,1,0,40.6,58.8,78.5,56.8,,,66.4,60.0,15,1,0,0,0,14,19,2,0,0,0,19,0,0.0,9.5,,0
9,Tyler Allgeier,83639,HB,ATL,1,2,0,0,0.0,0,0,6,0,0,0,4,0.0,0,0,2,0,0,65.2,52.7,72.5,,61.8,54.5,53.7,59.1,4,0,0,0,7,5,0,0,0,2,0,6,4,2.0,3.0,0.0,2
9,Rashee Rice,97605,WR,KC,1,2,0,0,0.0,0,0,6,1,0,0,2,0.0,0,2,16,0,0,69.4,72.6,79.7,,,71.1,63.8,58.7,3,0,80,4,31,16,0,0,8,6,1,6,2,1.0,3.0,2.58,1
9,RJ Harvey,99622,HB,DEN,1,2,0,0,0.0,0,0,5,0,4,0,1,28.6,0,0,10,0,1,72.1,65.6,75.6,,,77.0,57.1,,3,0,51,5,17,2,0,0,5,7,0,5,1,0.5,2.5,3.0,1
9,Bryce Young,123943,QB,CAR,1,2,1,0,0.0,0,0,0,0,0,0,,100.0,0,2,5,1,0,28.6,42.6,78.6,37.6,,,69.6,60.0,5,0,0,0,0,32,9,2,0,0,0,9,10,5.0,4.5,,0
9,C.J. Stroud,129759,QB,HST,1,2,1,0,0.0,0,0,0,0,0,0,,100.0,0,1,13,0,0,73.2,68.1,75.3,67.7,,,60.6,60.0,6,0,0,0,0,9,12,2,0,0,0,12,11,5.5,6.0,,0
9,Cam Ward,133244,QB,TEN,1,2,0,0,0.0,0,0,0,0,0,0,0,0.0,0,0,31,2,0,23.6,40.6,78.0,41.7,,,56.0,60.1,6,0,0,0,0,19,6,1,0,1,0,6,1,0.5,3.0,,1
9,Troy Franklin,146567,WR,DEN,1,2,0,0,0.0,0,0,-4,0,1,0,2,16.7,0,1,10,0,0,70.0,63.2,79.1,,,62.0,62.3,59.6,2,0,27,4,35,14,0,0,9,6,0,-4,2,1.0,-2.0,0.77,1
9,Ollie Gordon II,157792,HB,MIA,1,2,0,0,0.0,0,0,6,0,0,0,6,0.0,0,0,17,0,2,66.7,56.3,71.9,,56.9,59.0,57.1,60.0,3,1,3,1,5,4,0,0,1,3,0,6,6,3.0,3.0,0.6,0
9,Jordan Addison,123000,WR,MIN,1,1,0,1,100.0,16,0,16,1,0,0,7,0.0,1,1,18,0,0,66.2,63.1,78.8,,,61.6,63.0,53.4,16,0,48,2,30,25,0,0,4,3,0,16,7,7.0,16.0,1.6,0
9,Savion Williams,123101,WR,GB,1,1,0,0,,0,0,0,0,0,0,0,0.0,0,0,12,1,0,17.7,47.3,75.1,,,48.0,,58.6,0,0,12,2,11,8,0,0,2,3,0,0,0,0.0,0.0,1.09,0
9,Dyami Brown,77986,WR,JAX,1,1,0,0,0.0,0,0,4,1,0,0,3,0.0,0,0,15,0,0,70.4,54.5,78.0,,,58.1,56.3,41.1,4,0,25,3,25,20,0,0,7,4,0,4,3,3.0,4.0,1.0,1
9,Tahj Brooks,123133,HB,CIN,1,1,0,0,0.0,0,0,1,0,0,0,1,0.0,0,0,7,0,0,68.2,57.6,69.0,,,59.8,59.5,60.0,1,0,0,0,1,2,0,0,0,1,0,1,1,1.0,1.0,0.0,1
9,Tua Tagovailoa,60326,QB,MIA,1,1,0,0,0.0,0,0,0,0,0,0,,100.0,0,0,17,0,0,79.8,68.1,79.0,68.0,,,57.9,60.0,1,1,0,0,0,19,1,1,0,0,0,1,0,0.0,1.0,,0
9,Connor Heyward,57301,TE,PIT,1,1,0,0,0.0,0,0,4,0,0,0,3,0.0,0,1,25,0,0,65.8,67.3,69.3,,,59.3,62.6,60.0,4,0,0,0,1,3,0,0,0,1,0,4,3,3.0,4.0,0.0,0
9,Ameer Abdullah,9487,HB,IND,1,1,1,0,0.0,0,0,3,0,0,1,3,150.0,0,0,14,0,1,70.5,69.6,69.2,,,62.1,63.4,,3,0,2,1,4,1,0,0,1,2,0,3,3,3.0,3.0,0.5,0
9,Malik Davis,57196,HB,DAL,1,1,0,0,0.0,0,0,3,0,0,0,3,0.0,0,1,9,0,0,61.9,51.7,67.9,,55.1,59.9,56.5,,3,0,0,0,1,1,0,0,0,1,0,3,3,3.0,3.0,0.0,1
9,Deebo Samuel,48274,WR,WAS,1,1,0,0,0.0,0,0,3,0,1,0,2,33.3,0,0,32,0,1,70.9,70.2,79.7,,61.8,69.6,59.7,60.7,3,0,41,5,27,13,0,0,6,6,0,3,2,2.0,3.0,1.52,0
9,Jaylin Noel,125155,WR,HST,1,1,0,0,0.0,0,0,-3,0,0,0,0,0.0,0,0,13,0,0,73.2,42.6,71.7,,,54.5,56.2,31.4,-3,0,0,0,6,5,0,0,0,1,0,-3,0,0.0,-3.0,0.0,0
9,AJ Barner,129433,TE,SEA,1,1,0,0,0.0,0,0,1,0,0,0,0,0.0,0,1,29,1,0,15.1,57.4,74.3,,59.3,56.4,62.6,51.8,1,0,24,3,19,18,0,0,4,4,1,1,0,0.0,1.0,1.26,0
9,DJ Moore,48267,WR,CHI,1,1,0,1,100.0,17,0,17,0,1,0,2,40.0,1,1,6,0,0,69.1,74.6,79.3,68.9,,68.6,70.0,56.0,17,1,72,4,35,29,0,0,6,5,1,17,2,2.0,17.0,2.06,0
9,Jaxon Smith-Njigba,129758,WR,SEA,1,1,1,0,0.0,0,0,11,0,1,1,6,133.3,1,1,29,0,0,70.8,90.3,77.4,,,89.5,63.1,58.8,11,0,129,8,23,8,0,0,9,9,0,11,6,6.0,11.0,5.61,0
9,Kaleb Johnson,156419,HB,PIT,1,1,0,0,0.0,0,0,4,0,0,0,3,0.0,0,0,25,0,0,64.6,52.0,69.2,,3.6,76.6,56.3,,4,0,9,1,3,1,0,0,1,2,0,4,3,3.0,4.0,3.0,1
9,KaVontae Turpin,47658,WR,DAL,1,1,0,0,0.0,0,0,3,1,0,0,3,0.0,0,0,9,0,0,75.4,43.0,71.9,,,47.5,56.3,,3,0,10,2,10,1,0,0,3,3,0,3,3,3.0,3.0,1.0,1
9,Joe Flacco,4332,QB,CIN,1,1,0,0,0.0,0,0,-1,0,0,0,0,0.0,0,0,7,1,0,33.8,79.9,79.2,78.2,,,60.0,60.0,-1,1,0,0,0,15,0,0,0,1,0,-1,0,0.0,-1.0,,0
9,Justice Hill,45865,HB,BLT,1,1,0,0,0.0,0,0,2,0,1,0,1,33.3,0,0,3,0,1,66.2,65.1,72.5,,74.1,72.7,56.7,60.0,2,0,13,2,8,2,0,0,2,3,0,2,1,1.0,2.0,1.63,0
9,Greg Dortch,42237,WR,ARZ,1,1,0,0,0.0,0,0,9,0,0,0,4,0.0,0,0,1,0,1,72.4,57.9,72.7,,,53.2,62.8,60.1,9,0,0,0,11,3,0,0,0,1,0,9,4,4.0,9.0,0.0,0
9,Jimmy Horn Jr.,144483,WR,CAR,1,1,0,0,0.0,0,0,7,0,0,0,1,0.0,0,1,5,0,0,66.7,65.1,75.0,,,56.3,69.5,59.4,7,0,1,1,7,7,0,0,1,2,0,7,1,1.0,7.0,0.14,0
9,Jordan Love,40306,QB,GB,1,1,0,0,0.0,0,0,1,0,0,0,0,0.0,0,0,12,0,0,79.3,61.5,79.0,62.0,,,56.5,60.0,1,0,0,0,0,25,0,0,0,1,0,1,0,0.0,1.0,,1
9,Adam Prentice,35639,FB,DEN,1,1,0,0,0.0,0,0,2,0,0,0,2,0.0,0,1,10,0,0,61.9,52.2,72.8,,74.7,58.3,57.4,59.6,2,0,0,0,3,4,0,0,0,1,0,2,2,2.0,2.0,0.0,0
9,Xavier Worthy,144718,WR,KC,1,1,1,0,0.0,0,0,7,0,2,1,3,225.0,0,0,16,0,0,65.8,62.0,79.2,,,61.5,,60.1,7,0,23,3,34,14,0,0,7,4,0,7,3,3.0,7.0,0.68,0
9,Jeremy McNichols,11917,HB,WAS,1,1,0,0,,0,1,0,0,0,0,1,0.0,0,0,32,0,0,61.9,56.2,75.6,,80.7,52.7,58.5,60.0,0,1,0,0,11,2,0,0,0,1,0,0,1,1.0,0.0,0.0,1
9,George Kittle,11901,TE,SF,1,1,1,0,0.0,0,0,-3,0,0,1,3,60.0,0,0,28,0,0,68.3,75.1,75.4,,38.6,68.3,56.6,77.0,-3,0,32,4,23,31,0,0,4,5,0,-3,3,3.0,-3.0,1.39,0
9,Samaje Perine,11869,HB,CIN,1,1,0,0,0.0,0,0,5,0,0,0,2,0.0,0,0,7,0,1,68.2,64.4,62.8,,,,62.6,,5,0,0,0,0,1,0,0,0,1,0,5,2,2.0,5.0,,0
9,LeQuint Allen,158290,HB,JAX,1,1,0,0,0.0,0,0,10,0,0,0,2,0.0,1,1,15,0,0,64.6,62.3,74.1,,80.1,57.2,61.5,57.7,10,0,1,1,13,5,0,0,1,2,0,10,2,2.0,10.0,0.08,1
9,Brock Bowers,146715,TE,LV,1,1,0,0,0.0,0,0,6,0,2,0,3,46.2,0,0,23,0,0,72.5,93.6,80.3,,67.2,92.9,53.1,59.8,6,0,127,12,35,13,0,0,13,13,0,6,3,3.0,6.0,3.63,0
9,Patrick Mahomes,11765,QB,KC,1,1,0,0,0.0,0,0,0,0,0,0,,100.0,0,0,16,0,0,79.2,58.7,78.7,59.5,,,56.8,60.1,5,1,0,0,0,19,5,1,0,0,0,5,3,3.0,5.0,,0
9,Puka Nacua,100632,WR,LA,1,1,0,0,0.0,0,0,3,0,1,0,1,12.5,0,1,26,0,0,70.3,91.6,79.6,,65.3,90.9,63.1,69.8,3,0,95,7,22,15,0,0,7,8,0,3,1,1.0,3.0,4.32,0
9,Tyler Shough,83537,QB,NO,1,1,0,0,0.0,0,0,2,0,0,0,1,0.0,0,0,20,0,1,76.9,69.0,77.0,69.8,,,57.0,60.0,2,0,0,0,0,11,0,0,0,1,0,2,1,1.0,2.0,,0
9,Rodney Thomas II,108389,S,IND,1,1,0,0,0.0,0,0,3,0,0,0,2,0.0,0,1,14,0,0,61.9,65.0,65.0,,,,63.1,,3,0,0,0,0,1,0,0,0,1,0,3,2,2.0,3.0,,0
9,Andrei Iosivas,109811,WR,CIN,1,1,0,0,0.0,0,0,4,0,0,0,1,0.0,0,0,7,0,0,69.1,60.5,77.8,,64.9,61.7,56.6,55.3,4,0,66,5,46,9,0,0,7,6,0,4,1,1.0,4.0,1.43,0
9,Adrian Martinez,83522,QB,SF,1,1,0,0,0.0,0,0,-1,0,0,0,0,0.0,0,0,28,0,0,61.9,60.0,64.6,,,,60.0,,-1,0,0,0,0,1,0,0,0,1,0,-1,0,0.0,-1.0,,0
week,player,player_id,position,team_name,player_game_count,attempts,avoided_tackles,breakaway_attempts,breakaway_percent,breakaway_yards,declined_penalties,designed_yards,drops,elu_recv_mtf,elu_rush_mtf,elu_yco,elusive_rating,explosive,first_downs,franchise_id,fumbles,gap_attempts,grades_hands_fumble,grades_offense,grades_offense_penalty,grades_pass,grades_pass_block,grades_pass_route,grades_run,grades_run_block,longest,penalties,rec_yards,receptions,routes,run_plays,scramble_yards,scrambles,targets,total_touches,touchdowns,yards,yards_after_contact,yco_attempt,ypa,yprr,zone_attempts
10,Jonathan Taylor,57488,HB,IND,1,32,7,3,52.9,129,0,244,0,1,7,205,146.4,5,11,14,1,27,29.9,80.4,78.8,,26.9,36.6,89.4,60.0,83,0,42,3,24,34,0,0,3,35,3,244,205,6.41,7.6,1.75,5
10,Kimani Vidal,123727,HB,LAC,1,25,4,0,0.0,0,0,95,0,0,4,62,38.2,4,9,27,0,7,78.8,77.2,78.5,,35.3,69.7,78.2,60.0,12,0,13,1,23,29,0,0,1,26,1,95,62,2.48,3.8,0.57,16
10,De'Von Achane,124305,HB,MIA,1,22,5,3,62.6,109,0,174,0,4,5,145,211.9,5,7,17,0,6,78.2,85.5,77.8,,75.1,90.5,77.0,59.1,59,0,51,6,19,26,0,0,6,28,2,174,145,6.59,7.9,2.68,14
10,Saquon Barkley,45791,HB,PHI,1,22,3,1,25.0,15,0,60,0,1,3,31,22.5,1,2,24,0,14,78.6,59.1,75.6,,70.5,73.1,56.4,60.0,15,0,41,3,16,26,0,0,3,25,0,60,31,1.41,2.7,2.56,7
10,Quinshon Judkins,157128,HB,CLV,1,22,4,0,0.0,0,0,75,0,0,4,51,38.6,2,5,8,0,9,77.9,61.1,76.8,,73.7,59.3,60.8,,11,0,10,2,14,22,0,0,3,24,0,75,51,2.32,3.4,0.71,12
10,Alvin Kamara,11822,HB,NO,1,22,3,1,19.3,16,0,83,0,0,3,54,29.5,2,4,20,0,8,78.1,59.4,76.8,,13.4,64.6,60.9,60.0,16,0,32,3,16,24,0,0,3,25,0,83,54,2.45,3.8,2.0,14
10,Josh Jacobs,45953,HB,GB,1,21,4,0,0.0,0,0,74,0,2,4,56,61.5,2,5,12,1,8,27.2,62.1,77.3,,27.7,81.8,57.6,60.0,11,0,33,5,25,23,0,0,6,26,1,74,56,2.67,3.5,1.32,13
10,Breece Hall,97636,HB,NYJ,1,21,4,2,62.7,52,0,83,0,0,4,69,59.7,3,5,22,0,3,77.8,73.0,76.2,,31.0,87.6,69.8,59.9,30,0,42,1,4,27,0,0,1,22,0,83,69,3.29,4.0,10.5,18
10,Derrick Henry,10679,HB,BLT,1,20,4,0,0.0,0,0,75,0,0,4,59,51.3,2,5,3,0,4,77.6,62.3,75.8,,83.2,59.8,61.6,58.6,14,0,9,3,16,25,0,0,3,23,0,75,59,2.95,3.8,0.56,15
10,Ashton Jeanty,157196,HB,LV,1,19,5,0,0.0,0,0,60,2,1,5,40,57.4,1,3,23,1,10,26.3,50.8,77.0,,23.8,24.9,69.9,60.0,10,0,3,3,25,21,0,0,5,22,1,60,40,2.11,3.2,0.12,9
10,J.K. Dobbins,57366,HB,DEN,1,18,5,0,0.0,0,0,77,0,0,5,49,71.6,1,3,10,0,11,77.0,66.1,73.3,,75.8,59.1,66.8,60.0,13,0,7,1,6,24,0,0,1,19,0,77,49,2.72,4.3,1.17,6
10,Rico Dowdle,40693,HB,CAR,1,18,1,0,0.0,0,0,53,0,0,1,45,11.9,1,4,5,0,8,77.0,55.6,75.5,,68.2,65.4,53.2,60.0,14,0,10,3,15,20,0,0,3,21,1,53,45,2.5,2.9,0.67,10
10,Bijan Robinson,123126,HB,ATL,1,17,5,1,19.0,16,0,84,0,0,5,55,85.1,3,5,2,0,2,76.6,69.4,78.1,,79.3,53.9,74.1,60.0,16,0,4,2,27,22,0,0,2,19,0,84,55,3.24,4.9,0.15,15
10,Travis Etienne Jr.,57185,HB,JAX,1,16,3,0,0.0,0,0,58,1,2,3,43,74.7,2,3,15,0,7,76.2,57.3,76.1,,77.0,57.9,56.9,60.0,13,0,19,2,11,19,0,0,3,18,1,58,43,2.69,3.6,1.73,7
10,David Montgomery,45719,HB,DET,1,15,1,0,0.0,0,0,71,0,0,1,35,14.6,1,3,11,0,3,76.0,56.3,75.1,,58.5,53.5,57.7,,12,0,0,1,17,16,0,0,1,16,0,71,35,2.33,4.7,0.0,12
10,Jahmyr Gibbs,122474,HB,DET,1,15,7,2,50.0,71,0,142,0,0,7,100,259.3,4,7,11,0,8,76.1,93.7,76.6,,76.6,85.2,92.6,78.4,43,0,30,3,16,17,0,0,4,18,2,142,100,6.67,9.5,1.88,7
10,Kenneth Walker III,97199,HB,SEA,1,14,2,1,35.8,24,0,67,0,0,2,41,39.0,2,3,29,0,9,75.7,84.7,72.6,,17.9,59.6,85.8,60.0,24,0,3,1,5,17,0,0,1,15,0,67,41,2.93,4.8,0.6,5
10,Woody Marks,124179,HB,HST,1,14,5,1,33.3,21,0,63,0,0,5,41,91.5,2,4,13,0,8,75.9,86.5,78.5,,55.0,73.4,87.5,71.4,21,0,18,2,27,17,0,0,3,16,1,63,41,2.93,4.5,0.67,6
10,Tyrone Tracy,84226,HB,NYG,1,14,0,1,22.5,16,0,71,0,0,0,27,0.0,3,3,21,0,3,75.7,56.6,75.6,,42.9,55.7,59.5,59.8,16,0,0,1,17,17,0,0,2,15,0,71,27,1.93,5.1,0.0,10
10,Zach Charbonnet,97630,HB,SEA,1,14,6,1,36.1,30,0,83,0,0,6,77,235.7,2,4,29,0,5,75.7,83.1,73.8,,72.4,57.8,78.7,60.0,30,0,0,0,2,20,0,0,0,14,1,83,77,5.5,5.9,0.0,9
10,Kyren Williams,97118,HB,LA,1,14,2,0,0.0,0,0,73,0,0,2,37,33.0,1,5,26,0,10,75.5,76.3,74.4,,84.3,56.0,77.8,60.0,12,0,11,2,18,15,0,0,3,16,2,73,37,2.64,5.2,0.61,4
10,Jaylen Warren,98692,HB,PIT,1,14,5,0,0.0,0,0,70,0,2,5,49,153.1,2,4,25,0,5,75.5,62.7,75.6,,75.7,72.7,59.9,60.0,14,0,21,2,8,15,0,0,2,16,0,70,49,3.5,5.0,2.63,9
10,TreVeyon Henderson,145059,HB,NE,1,14,2,3,95.2,140,0,147,0,1,2,162,231.4,3,4,19,0,8,75.3,67.7,76.1,,79.6,53.7,70.0,60.0,69,0,3,1,26,18,0,0,1,15,2,147,162,11.57,10.5,0.12,6
10,D'Andre Swift,57212,HB,CHI,1,13,5,1,31.3,25,0,80,1,0,5,44,94.0,3,4,6,0,7,75.8,60.3,77.2,,19.6,49.2,68.2,60.0,25,0,18,5,23,14,0,0,7,18,0,80,44,3.38,6.2,0.78,6
10,James Cook,83666,HB,BUF,1,13,4,0,0.0,0,0,53,0,0,4,29,49.6,1,2,4,1,8,24.8,56.9,73.0,,72.4,71.4,52.6,60.0,14,0,24,5,18,15,0,0,5,18,0,53,29,2.23,4.1,1.33,5
10,Blake Corum,129574,HB,LA,1,13,4,1,26.8,15,0,56,0,0,4,29,68.6,2,4,26,0,5,77.1,69.9,72.8,,37.9,53.1,72.2,,15,0,0,0,7,14,0,0,0,13,0,56,29,2.23,4.3,0.0,8
10,Christian McCaffrey,11763,HB,SF,1,12,1,0,0.0,0,0,30,0,1,1,29,24.2,0,3,28,0,2,76.1,64.3,82.4,,24.1,83.7,55.5,60.0,5,0,66,8,32,13,0,0,9,20,0,30,29,2.42,2.5,2.06,10
10,Tyler Allgeier,83639,HB,ATL,1,11,4,0,0.0,0,0,57,0,0,4,42,138.8,2,5,2,0,1,73.8,82.5,73.0,,81.6,54.8,80.1,59.9,13,0,0,0,5,13,0,0,0,11,2,57,42,3.82,5.2,0.0,10
10,Jacory Croskey-Merritt,102382,HB,WAS,1,11,1,0,0.0,0,0,30,0,0,1,22,18.2,0,0,32,0,5,74.3,52.2,75.5,,80.1,53.7,53.3,58.8,6,0,0,0,6,15,0,0,0,11,0,30,22,2.0,2.7,0.0,6
10,Rachaad White,131633,HB,TB,1,10,3,0,0.0,0,0,38,0,0,3,37,74.0,0,2,30,0,3,74.7,82.4,78.9,,81.9,65.4,90.2,60.0,7,0,16,5,31,12,0,0,5,15,0,38,37,3.7,3.8,0.52,7
10,Bam Knight,97432,HB,ARZ,1,10,3,0,0.0,0,0,28,0,0,3,15,40.9,1,4,1,0,6,76.1,63.3,76.2,,81.6,55.3,63.1,60.0,11,0,5,1,17,11,0,0,4,11,0,28,15,1.5,2.8,0.29,4
10,Lamar Jackson,46416,QB,BLT,1,9,3,0,0.0,0,0,21,0,0,1,8,22.2,0,3,3,0,4,79.8,71.7,79.3,70.9,,,63.2,60.0,8,0,0,0,0,33,15,3,0,6,0,36,25,2.78,4.0,,1
10,Sean Tucker,123056,HB,TB,1,9,1,1,34.0,18,0,53,1,0,1,29,32.2,3,5,30,0,3,73.1,66.9,73.9,,17.7,30.8,79.5,60.0,18,0,-2,1,10,11,0,0,2,10,0,53,29,3.22,5.9,-0.2,6
10,Aaron Jones,11937,HB,MIN,1,9,1,1,36.2,17,0,47,1,1,1,32,59.3,2,3,18,0,7,73.7,62.5,78.4,,66.0,44.5,66.8,73.1,17,0,22,3,30,9,0,0,5,12,1,47,32,3.56,5.2,0.73,2
10,Caleb Williams,144622,QB,CHI,1,8,3,0,0.0,0,0,-1,0,0,0,2,0.0,2,3,6,0,1,80.3,81.1,79.2,76.2,,,75.1,60.0,29,0,0,0,0,23,64,5,0,3,1,63,29,3.63,7.9,,0
10,Brian Robinson,57120,HB,SF,1,8,1,0,0.0,0,0,41,0,0,1,26,36.1,2,4,28,0,4,72.5,68.5,71.5,,62.0,59.6,67.9,,13,0,4,1,4,8,0,0,1,9,1,41,26,3.25,5.1,1.0,4
10,Devin Singletary,40485,HB,NYG,1,8,0,0,0.0,0,0,20,0,3,0,13,44.3,0,1,21,0,2,73.2,64.6,74.3,,83.8,78.9,58.4,60.0,6,0,53,3,7,11,0,0,3,11,0,20,13,1.63,2.5,7.57,6
10,George Holani,72154,HB,SEA,1,7,3,0,0.0,0,0,31,0,0,3,31,189.8,0,3,29,0,0,71.4,76.7,69.2,,65.8,,72.7,60.0,9,0,0,0,0,10,0,0,0,7,1,31,31,4.43,4.4,,7
10,Justin Fields,82118,QB,NYJ,1,7,0,0,0.0,0,0,6,0,0,0,5,0.0,1,2,22,0,0,76.1,45.7,78.1,38.9,,,61.2,60.0,13,0,0,0,0,32,22,2,0,5,0,28,6,0.86,4.0,,2
10,Kyle Monangai,129891,HB,CHI,1,7,0,0,0.0,0,0,28,1,0,0,13,0.0,0,1,6,0,3,71.4,49.4,76.6,,,32.9,59.6,60.0,9,0,0,0,16,9,0,0,1,7,1,28,13,1.86,4.0,0.0,4
10,Daniel Jones,39395,QB,IND,1,7,0,0,0.0,0,0,2,0,0,0,1,0.0,2,3,14,3,0,17.5,44.0,0.0,37.9,,,71.5,60.3,19,1,0,0,0,35,51,6,0,1,0,53,8,1.14,7.6,,0
10,Taysom Hill,12112,TE,NO,1,7,0,0,0.0,0,0,20,1,0,0,16,0.0,0,3,20,0,3,71.9,55.3,76.1,60.0,,31.0,66.6,60.5,5,0,0,0,5,19,0,0,1,7,0,20,16,2.29,2.9,0.0,3
10,Drake Maye,143969,QB,NE,1,7,0,0,0.0,0,0,-1,0,0,0,0,0.0,0,0,19,0,0,79.4,66.1,78.8,70.5,,,46.1,60.0,5,0,0,0,0,23,14,4,0,3,0,13,10,1.43,1.9,,0
10,Jaxson Dart,146409,QB,NYG,1,6,0,2,63.6,42,0,62,0,0,0,14,0.0,3,3,21,1,4,28.4,71.2,78.1,67.6,,,69.4,60.0,24,0,0,0,0,18,4,1,0,5,2,66,14,2.33,11.0,,0
10,Chris Rodriguez Jr.,83689,HB,WAS,1,6,0,0,0.0,0,0,16,0,0,0,11,0.0,0,2,32,0,2,70.6,54.0,73.0,,,54.4,60.6,44.5,9,0,0,0,9,9,0,0,0,6,1,16,11,1.83,2.7,0.0,4
10,Justin Herbert,28237,QB,LAC,1,5,0,0,0.0,0,0,1,0,0,0,1,0.0,1,2,27,0,0,79.9,50.5,79.5,48.5,,,62.2,60.0,15,0,0,0,0,31,18,2,0,3,0,19,2,0.4,3.8,,0
10,Bo Nix,97790,QB,DEN,1,5,0,0,0.0,0,0,-2,0,0,0,2,0.0,0,2,10,0,1,79.1,59.8,79.0,56.3,,60.0,68.9,60.0,1,1,0,0,1,27,0,0,0,5,0,-2,2,0.4,-0.4,0.0,0
10,Jaylen Wright,146934,HB,MIA,1,5,2,1,105.9,18,0,17,0,0,2,26,208.0,1,1,17,0,2,69.7,68.2,71.4,,,57.8,67.0,60.0,18,0,0,0,2,8,0,0,0,5,0,17,26,5.2,3.4,0.0,3
10,Jeremy McNichols,11917,HB,WAS,1,5,1,0,0.0,0,0,25,0,0,1,15,50.0,0,2,32,0,1,70.3,73.2,75.4,,59.7,60.2,73.8,60.0,9,0,4,1,6,6,0,0,1,6,0,25,15,3.0,5.0,0.67,4
10,J.J. McCarthy,144918,QB,MIN,1,5,3,0,0.0,0,0,10,0,0,1,7,700.0,2,1,18,0,0,80.5,53.4,0.0,52.7,,60.0,67.9,60.0,26,1,0,0,1,13,38,4,0,1,0,48,15,3.0,9.6,0.0,0
10,Jalen Hurts,40291,QB,PHI,1,5,0,0,0.0,0,0,13,0,0,0,6,0.0,1,1,24,1,0,26.6,63.0,0.0,72.2,,,41.6,60.0,10,2,0,0,0,33,14,3,0,2,0,27,6,1.2,5.4,,0
10,Jordan Love,40306,QB,GB,1,5,0,0,0.0,0,0,2,0,0,0,1,0.0,1,2,12,2,0,21.4,68.4,79.2,72.0,,,46.4,60.0,12,1,0,0,0,24,26,3,0,2,0,28,5,1.0,5.6,,0
10,Nick Chubb,45783,HB,HST,1,5,3,1,40.4,19,0,47,0,0,3,31,310.0,2,3,13,0,5,70.3,87.4,70.1,,,61.2,86.7,,19,0,5,1,5,5,0,0,1,6,0,47,31,6.2,9.4,1.0,0
10,Marcus Mariota,9435,QB,WAS,1,5,1,0,0.0,0,0,4,0,0,0,4,0.0,0,1,32,0,2,77.8,79.6,78.2,80.7,,,58.0,60.0,9,0,0,0,0,23,18,2,0,3,0,22,4,0.8,4.4,,0
10,Trevor Lawrence,77632,QB,JAX,1,5,1,0,0.0,0,0,2,0,0,0,0,0.0,1,2,15,2,0,21.5,48.8,79.0,45.6,,,63.4,60.4,21,0,0,0,0,23,33,4,0,1,0,35,12,2.4,7.0,,0
10,Dillon Gabriel,86272,QB,CLV,1,5,1,0,0.0,0,0,0,0,0,0,,100.0,2,3,8,0,0,80.0,63.5,0.0,60.8,,,71.0,60.0,19,1,0,0,0,26,54,5,0,0,0,54,21,4.2,10.8,,0
10,Emari Demercado,77763,HB,ARZ,1,4,2,1,85.9,55,0,64,0,0,2,58,414.3,1,1,1,0,2,71.7,60.7,77.7,,22.8,61.8,65.1,60.0,55,0,40,3,21,5,0,0,3,7,0,64,58,14.5,16.0,1.9,2
10,Keaton Mitchell,123826,HB,BLT,1,4,0,1,71.0,22,0,31,0,0,0,7,0.0,1,1,3,1,0,20.5,47.2,72.7,,,,50.2,60.0,22,0,0,0,0,5,0,0,0,4,0,31,7,1.75,7.8,,4
10,Jordan Mason,62946,HB,MIN,1,4,0,0,0.0,0,0,25,0,0,0,19,0.0,2,2,18,0,2,69.4,61.9,74.1,,28.8,59.1,65.7,,13,0,6,1,8,4,0,0,1,5,0,25,19,4.75,6.3,0.75,2
10,Bhayshul Tuten,150568,HB,JAX,1,4,2,0,0.0,0,0,5,0,0,2,9,90.0,0,1,15,0,1,74.5,59.0,73.8,,,58.4,59.4,60.0,6,0,5,1,10,5,0,0,2,5,0,5,9,2.25,1.3,0.5,3
10,Josh Allen,46601,QB,BUF,1,4,0,1,48.4,15,0,17,0,0,0,14,0.0,1,2,4,1,0,30.3,61.4,79.0,59.9,,,63.5,60.0,15,0,0,0,0,18,14,2,0,2,0,31,29,7.25,7.8,,0
10,Will Shipley,144138,HB,PHI,1,4,0,0,0.0,0,0,17,0,0,0,10,0.0,0,1,24,0,0,71.2,64.6,73.8,,78.4,77.1,54.2,72.4,7,0,17,2,6,4,0,0,2,6,0,17,10,2.5,4.3,2.83,4
10,Jacoby Brissett,10725,QB,ARZ,1,4,1,0,0.0,0,0,0,0,0,0,,100.0,1,1,1,2,0,24.0,47.2,79.4,44.9,,,68.5,60.1,15,0,0,0,0,17,31,4,0,0,0,31,36,9.0,7.8,,0
10,Devin Neal,144558,HB,NO,1,4,0,0,0.0,0,0,22,0,0,0,16,0.0,1,1,20,0,1,70.6,65.2,76.4,,33.7,71.7,64.7,58.6,14,0,9,3,10,11,0,0,3,7,0,22,16,4.0,5.5,0.9,3
10,Terrell Jennings,102408,HB,NE,1,4,0,0,0.0,0,0,5,0,0,0,8,0.0,0,1,19,0,4,68.6,55.5,66.9,,73.0,,55.9,,2,0,0,0,0,4,0,0,0,4,0,5,8,2.0,1.3,,0
10,Drew Lock,39517,QB,SEA,1,4,0,0,0.0,0,0,-4,0,0,0,0,0.0,0,0,29,1,0,15.9,37.7,70.6,,,,44.0,60.0,0,0,0,0,0,6,0,0,0,4,0,-4,0,0.0,-1.0,,1
10,RJ Harvey,99622,HB,DEN,1,4,0,0,0.0,0,0,9,0,2,0,4,33.3,0,0,10,0,1,71.5,62.0,76.2,,,62.1,61.3,,7,0,9,2,12,3,0,0,3,6,0,9,4,1.0,2.3,0.75,2
10,Tyler Shough,83537,QB,NO,1,4,0,0,0.0,0,0,-6,0,0,0,0,0.0,0,0,20,0,0,78.3,76.8,78.5,75.5,,,63.6,60.1,3,0,0,0,0,25,3,1,0,3,0,-3,5,1.25,-0.8,,0
10,Matthew Stafford,4924,QB,LA,1,3,0,0,0.0,0,0,-3,0,0,0,0,0.0,0,0,26,0,0,79.2,87.6,79.2,85.8,,,60.5,60.0,-1,0,0,0,0,31,0,0,0,3,0,-3,0,0.0,-1.0,,0
10,Geno Smith,7820,QB,LV,1,3,0,0,0.0,0,0,0,0,0,0,0,0.0,0,1,23,0,0,78.7,67.5,78.6,66.6,,,61.3,60.0,6,1,0,0,0,22,7,2,0,1,0,7,7,2.33,2.3,,0
10,Sam Darnold,29048,QB,SEA,1,3,0,0,0.0,0,0,-2,0,0,0,0,0.0,0,0,29,2,0,22.5,67.9,78.5,66.7,,,60.0,60.1,0,0,0,0,0,41,0,0,0,3,0,-2,0,0.0,-0.7,,0
10,Davis Mills,52269,QB,HST,1,3,0,0,0.0,0,0,0,0,0,0,0,0.0,1,1,13,1,0,25.5,47.4,0.0,54.7,,,32.6,60.0,14,1,0,0,0,22,20,2,0,1,1,20,1,0.33,6.7,,0
10,Michael Carter,57337,HB,ARZ,1,3,1,0,0.0,0,0,4,0,0,1,5,55.6,0,0,1,0,3,67.2,62.1,71.6,,74.4,57.1,61.7,,6,0,0,0,4,3,0,0,0,3,0,4,5,1.67,1.3,0.0,0
10,Chuba Hubbard,57373,HB,CAR,1,3,0,0,0.0,0,0,14,0,0,0,8,0.0,0,0,5,0,1,72.1,57.9,73.2,,,58.9,57.8,,6,0,1,1,8,3,0,0,1,4,0,14,8,2.67,4.7,0.13,2
10,Tank Bigsby,123974,HB,PHI,1,3,0,0,0.0,0,0,7,0,0,0,6,0.0,0,0,24,0,1,67.2,57.6,70.7,,73.5,57.0,57.9,60.0,5,0,0,0,3,4,0,0,0,3,0,7,6,2.0,2.3,0.0,2
10,Isaiah Davis,138299,HB,NYJ,1,3,1,0,0.0,0,0,10,0,0,1,8,66.7,1,0,22,0,1,68.2,58.5,73.9,,49.5,60.6,59.1,59.7,10,0,1,1,6,5,0,0,1,4,0,10,8,2.67,3.3,0.17,2
10,Malachi Corley,66272,WR,CLV,1,2,2,2,100.0,32,0,32,0,0,2,22,1.1e3,2,2,8,0,0,67.7,62.4,72.4,,,55.2,67.4,60.3,16,0,0,0,7,11,0,0,1,2,0,32,22,11.0,16.0,0.0,0
10,Rashid Shaheed,63707,WR,SEA,1,2,1,0,0.0,0,0,20,0,0,1,10,166.7,2,2,29,0,0,21.5,64.7,75.9,,,55.2,71.4,62.2,10,0,3,1,8,11,0,0,1,3,0,20,10,5.0,10.0,0.38,1
10,AJ Barner,129433,TE,SEA,1,2,0,0,0.0,0,0,3,0,0,0,1,0.0,0,2,29,0,0,65.2,60.3,73.0,,2.3,48.0,70.7,56.7,2,0,0,0,5,17,0,0,0,2,0,3,1,0.5,1.5,0.0,0
10,Tua Tagovailoa,60326,QB,MIA,1,2,0,0,0.0,0,0,-1,0,0,0,0,0.0,0,0,17,0,0,76.5,72.8,78.3,71.7,,,60.0,60.0,0,0,0,0,0,30,0,0,0,2,0,-1,0,0.0,-0.5,,0
10,Kaleb Johnson,156419,HB,PIT,1,2,0,0,0.0,0,0,3,0,0,0,2,0.0,0,0,25,0,1,67.2,71.5,66.1,,,59.9,69.2,,5,0,0,0,1,3,0,0,0,2,0,3,2,1.0,1.5,0.0,1
10,Greg Dortch,42237,WR,ARZ,1,2,0,0,0.0,0,0,2,0,0,0,1,0.0,0,1,1,0,0,70.1,53.1,76.2,,,52.2,60.4,60.3,4,0,0,0,21,7,0,0,0,2,1,2,1,0.5,1.0,0.0,0
10,Russell Wilson,7077,QB,NYG,1,2,0,0,0.0,0,1,0,0,0,0,,100.0,1,1,21,0,0,71.9,57.5,75.2,54.9,,,61.3,60.0,11,1,0,0,0,10,12,2,0,0,0,12,4,2.0,6.0,,0
10,Parker Washington,129799,WR,JAX,1,2,0,0,0.0,0,0,-4,0,0,0,0,0.0,0,0,15,0,0,72.1,76.5,78.0,,,78.9,54.0,54.8,4,0,33,3,30,17,0,0,4,5,0,-4,0,0.0,-2.0,1.1,1
10,Dylan Sampson,163772,HB,CLV,1,2,2,0,0.0,0,0,-4,0,0,2,3,100.0,0,0,8,0,0,71.7,50.9,77.0,,10.9,56.0,56.7,60.0,3,0,3,1,16,3,0,0,1,3,0,-4,3,1.5,-2.0,0.19,1
10,Bryce Young,123943,QB,CAR,1,2,0,0,0.0,0,0,6,0,0,0,0,0.0,0,1,5,1,0,77.6,36.3,78.3,34.3,,,64.7,60.0,6,0,0,0,0,23,0,0,0,2,0,6,0,0.0,3.0,,1
10,Ray Davis,101072,HB,BUF,1,2,0,0,0.0,0,0,-2,1,0,0,-1,0.0,0,0,4,0,0,71.3,41.8,69.8,,,28.0,55.0,60.0,-1,0,0,1,3,3,0,0,2,3,0,-2,-1,-0.5,-1.0,0.0,2
10,Mac Jones,60323,QB,SF,1,1,0,0,0.0,0,0,3,0,0,0,0,0.0,0,1,28,0,0,79.5,69.3,0.0,70.9,,,58.2,60.0,3,1,0,0,0,21,0,0,0,1,0,3,0,0.0,3.0,,0
10,Tre Tucker,101106,WR,LV,1,1,0,0,0.0,0,0,7,0,1,0,4,133.3,0,0,23,0,0,67.4,60.7,80.4,,,58.9,63.1,58.5,7,1,28,2,35,23,0,0,3,3,0,7,4,4.0,7.0,0.8,0
10,Kameron Johnson,165866,WR,TB,1,1,0,0,0.0,0,0,11,1,0,0,3,0.0,1,1,30,0,0,73.9,46.4,71.6,,,41.2,63.1,60.2,11,0,0,0,5,4,0,0,1,1,0,11,3,3.0,11.0,0.0,0
10,Justice Hill,45865,HB,BLT,1,1,0,0,0.0,0,0,1,0,0,0,1,0.0,0,1,3,0,0,67.2,67.5,75.8,,44.0,69.7,62.6,59.9,1,0,12,1,7,4,0,0,2,2,1,1,1,1.0,1.0,1.71,1
10,Ty Johnson,45769,HB,BUF,1,1,0,0,0.0,0,0,2,0,2,0,2,133.3,0,0,4,0,0,66.2,52.2,76.7,,34.9,56.1,56.2,60.0,2,0,24,2,21,2,0,0,2,3,0,2,2,2.0,2.0,1.14,1
10,D'Ernest Johnson,45734,HB,NE,1,1,0,0,0.0,0,0,1,0,0,0,1,0.0,0,0,19,0,1,61.9,58.8,70.6,,75.2,58.4,59.7,60.0,1,0,0,0,2,2,0,0,0,1,0,1,1,1.0,1.0,0.0,0
10,Alec Ingold,34934,FB,MIA,1,1,1,0,0.0,0,0,6,0,0,1,5,500.0,0,1,17,0,0,61.9,64.1,73.7,,73.2,56.8,61.4,61.8,6,1,0,0,3,14,0,0,0,1,0,6,5,5.0,6.0,0.0,0
10,Kyle Allen,26152,QB,DET,1,1,0,0,0.0,0,0,-1,0,0,0,0,0.0,0,0,11,0,0,66.1,74.4,71.9,73.0,,,60.0,60.0,-1,0,0,0,0,7,0,0,0,1,0,-1,0,0.0,-1.0,,0
10,Mitch Trubisky,11757,QB,BUF,1,1,0,0,0.0,0,0,0,0,0,0,,100.0,0,0,4,0,0,60.4,55.9,68.2,,,,57.9,60.0,4,0,0,0,0,2,4,1,0,0,0,4,1,1.0,4.0,,0
10,Brock Bowers,146715,TE,LV,1,1,0,0,0.0,0,0,-4,0,0,0,0,0.0,0,0,23,0,0,64.6,59.6,78.6,,70.2,61.8,57.2,57.0,-4,0,31,1,29,18,0,0,2,2,0,-4,0,0.0,-4.0,1.07,0
10,Kalif Raymond,11028,WR,DET,1,1,1,0,0.0,0,0,10,0,0,1,13,260.0,1,1,11,0,0,73.4,82.3,77.0,,,82.1,62.8,57.3,10,0,49,4,17,21,0,0,4,5,0,10,13,13.0,10.0,2.88,0
10,Sterling Shepard,10674,WR,TB,1,1,0,0,0.0,0,0,11,0,0,0,1,0.0,1,1,30,0,0,67.4,55.7,0.0,,,56.8,63.1,59.1,11,1,20,3,36,7,0,0,4,4,0,11,1,1.0,11.0,0.56,0
10,Emanuel Wilson,154173,HB,GB,1,1,0,0,0.0,0,0,2,0,0,0,3,0.0,0,0,12,0,0,64.6,55.3,76.1,,75.7,56.9,56.6,,2,0,2,1,12,1,0,0,1,2,0,2,3,3.0,2.0,0.17,1
10,Raheem Mostert,9783,HB,LV,1,1,0,0,0.0,0,0,4,0,0,0,2,0.0,0,0,23,0,0,64.6,56.4,72.5,,15.7,76.8,60.0,60.0,4,0,11,1,3,2,0,0,1,2,0,4,2,2.0,4.0,3.67,1
10,Ollie Gordon II,157792,HB,MIA,1,1,0,0,0.0,0,0,-3,0,0,0,0,0.0,0,0,17,0,1,61.9,52.9,67.1,,,58.0,56.8,,-3,0,0,0,2,1,0,0,0,1,0,-3,0,0.0,-3.0,0.0,0
10,Sione Vaki,158505,HB,DET,1,1,0,0,0.0,0,0,4,0,0,0,3,0.0,0,0,11,0,1,68.2,57.7,62.8,,,,59.0,,4,0,0,0,0,1,0,0,0,1,0,4,3,3.0,4.0,,0
10,John Metchie III,97400,WR,NYJ,1,1,0,0,0.0,0,0,-7,0,0,0,5,0.0,0,0,22,0,0,64.6,52.5,70.1,,,59.0,56.6,57.6,-7,0,3,1,2,6,0,0,1,2,0,-7,5,5.0,-7.0,1.5,0
10,Patrick Ricard,48862,FB,BLT,1,1,0,0,0.0,0,0,3,0,0,0,0,0.0,0,1,3,0,0,61.9,64.8,78.8,,49.9,57.2,61.4,63.8,3,0,0,0,3,25,0,0,0,1,0,3,0,0.0,3.0,0.0,0
10,Tyler Goodson,101659,HB,IND,1,1,0,0,0.0,0,0,4,0,0,0,1,0.0,0,0,14,0,1,61.9,57.9,66.4,,,59.6,59.6,,4,0,0,0,1,1,0,0,0,1,0,4,1,1.0,4.0,0.0,0
10,Zay Flowers,97268,WR,BLT,1,1,1,0,0.0,0,0,6,1,0,1,5,100.0,0,0,3,1,1,19.8,71.0,79.9,,,74.8,51.7,61.3,6,0,75,4,29,25,0,0,6,5,0,6,5,5.0,6.0,2.59,0
10,Malik Washington,97108,WR,MIA,1,1,1,0,0.0,0,0,4,0,0,1,5,166.7,0,0,17,0,0,72.0,63.3,77.6,,,62.7,,60.0,4,0,9,2,16,8,0,0,3,3,0,4,5,5.0,4.0,0.56,0
10,Demario Douglas,104155,WR,NE,1,1,0,0,,0,0,0,0,0,0,0,0.0,0,0,19,0,0,67.4,79.8,73.3,,,81.2,57.2,,0,0,34,2,11,1,0,0,2,3,0,0,0,0.0,0.0,3.09,0
10,Ashton Dulin,91479,WR,IND,1,1,1,1,100.0,22,0,22,0,0,1,17,1.7e3,1,1,14,0,0,68.2,59.7,74.8,,,56.4,63.1,52.5,22,0,0,0,5,10,0,0,0,1,0,22,17,17.0,22.0,0.0,0
10,Elijah Moore,84302,WR,BUF,1,1,0,0,0.0,0,0,-1,0,1,0,1,33.3,0,0,4,0,0,66.2,52.3,75.8,,,53.9,58.5,59.6,-1,0,9,2,16,8,0,0,2,3,0,-1,1,1.0,-1.0,0.56,0
10,Jerome Ford,83601,HB,CLV,1,1,0,0,0.0,0,0,1,1,0,0,1,0.0,0,0,8,0,0,61.9,46.1,74.9,,80.1,29.2,59.4,,1,0,0,0,10,1,0,0,1,1,0,1,1,1.0,1.0,0.0,1
10,Michael Penix Jr.,82134,QB,ATL,1,1,0,0,0.0,0,0,-1,0,0,0,0,0.0,0,0,2,1,0,27.2,51.3,78.8,50.9,,,60.0,60.0,-1,1,0,0,0,29,0,0,0,1,0,-1,0,0.0,-1.0,,0
10,Jaret Patterson,77745,HB,LAC,1,1,1,0,0.0,0,0,1,0,0,1,1,100.0,0,0,27,0,1,65.2,48.8,67.6,,16.7,,57.0,,1,0,0,0,0,2,0,0,0,1,0,1,1,1.0,1.0,,0
10,Arian Smith,124039,WR,NYJ,1,1,0,0,0.0,0,0,13,0,0,0,3,0.0,1,1,22,0,0,61.9,60.0,77.7,,,55.5,62.8,61.5,13,0,0,0,10,22,0,0,0,1,0,13,3,3.0,13.0,0.0,0
week,player,player_id,position,team_name,player_game_count,attempts,avoided_tackles,breakaway_attempts,breakaway_percent,breakaway_yards,declined_penalties,designed_yards,drops,elu_recv_mtf,elu_rush_mtf,elu_yco,elusive_rating,explosive,first_downs,franchise_id,fumbles,gap_attempts,grades_hands_fumble,grades_offense,grades_offense_penalty,grades_pass,grades_pass_block,grades_pass_route,grades_run,grades_run_block,longest,penalties,rec_yards,receptions,routes,run_plays,scramble_yards,scrambles,targets,total_touches,touchdowns,yards,yards_after_contact,yco_attempt,ypa,yprr,zone_attempts
11,Saquon Barkley,45791,HB,PHI,1,26,7,0,0.0,0,0,83,0,0,7,57,56.8,1,3,24,0,14,78.5,67.5,77.9,,79.9,59.8,67.2,60.0,14,0,7,1,23,31,0,0,2,27,0,83,57,2.19,3.2,0.3,8
11,Bijan Robinson,123126,HB,ATL,1,23,7,2,32.7,34,0,104,0,0,7,83,93.6,3,6,2,0,5,79.2,74.8,76.8,,20.4,72.0,75.4,,19,0,39,4,21,26,0,0,5,27,2,104,83,3.61,4.5,1.86,18
11,Javonte Williams,77803,HB,DAL,1,22,2,1,17.2,16,0,93,0,0,2,68,26.9,3,5,9,0,7,77.8,55.7,77.0,,71.4,53.5,55.8,60.0,16,0,0,1,18,23,0,0,1,23,0,93,68,3.09,4.2,0.0,15
11,De'Von Achane,124305,HB,MIA,1,21,1,3,46.7,56,0,120,0,3,1,62,45.4,6,8,17,0,9,77.6,84.6,77.0,,74.3,74.4,81.8,59.8,23,0,45,5,21,21,0,0,5,26,0,120,62,2.95,5.7,2.14,9
11,D'Andre Swift,57212,HB,CHI,1,21,4,0,0.0,0,1,90,0,0,4,66,59.9,1,5,6,0,3,77.4,61.0,74.3,,51.3,53.0,62.7,58.6,11,1,0,0,11,24,0,0,1,21,0,90,66,3.14,4.3,0.0,18
11,Sean Tucker,123056,HB,TB,1,19,3,1,40.6,43,0,106,0,1,3,45,45.1,2,4,30,0,14,77.1,70.8,74.5,,68.8,72.7,67.5,60.0,43,0,34,2,8,22,0,0,2,21,2,106,45,2.37,5.6,4.25,5
11,Tyrone Tracy,84226,HB,NYG,1,19,4,1,19.3,17,0,88,0,2,4,61,83.8,1,4,21,0,9,77.6,86.5,75.9,,74.2,88.3,79.1,60.0,17,0,51,4,14,20,0,0,4,23,0,88,61,3.21,4.6,3.64,10
11,TreVeyon Henderson,145059,HB,NE,1,19,4,0,0.0,0,0,62,0,0,4,53,46.5,0,4,19,0,14,77.6,65.6,77.9,,47.3,65.5,65.6,60.0,9,0,31,5,30,22,0,0,5,24,2,62,53,2.79,3.3,1.03,4
11,Travis Etienne Jr.,57185,HB,JAX,1,19,2,0,0.0,0,0,73,1,0,2,34,18.8,1,5,15,0,8,76.8,64.8,76.1,,79.7,29.1,70.0,60.0,13,0,0,0,10,20,0,0,2,19,2,73,34,1.79,3.8,0.0,11
11,Rico Dowdle,40693,HB,CAR,1,19,1,0,0.0,0,0,45,0,2,1,37,24.3,0,2,5,0,13,78.1,66.2,78.2,,46.5,61.4,68.0,60.0,6,0,55,5,36,22,0,0,6,24,0,45,37,1.95,2.4,1.53,6
11,Derrick Henry,10679,HB,BLT,1,18,4,1,57.3,59,0,103,0,1,4,96,133.3,1,5,3,0,8,76.9,78.4,76.3,,25.4,74.4,77.7,60.0,59,1,19,2,7,21,0,0,2,20,1,103,96,5.33,5.7,2.71,9
11,Chase Brown,77787,HB,CIN,1,18,4,2,50.5,50,0,99,0,2,4,77,106.9,2,6,7,0,9,77.8,65.7,77.2,,,65.0,65.1,,35,0,28,6,34,19,0,0,7,24,0,99,77,4.28,5.5,0.82,8
11,Woody Marks,124179,HB,HST,1,18,0,0,0.0,0,0,44,0,0,0,33,0.0,1,4,13,0,13,77.0,57.8,77.0,,44.9,53.4,60.5,,12,0,7,1,17,19,0,0,1,19,0,44,33,1.83,2.4,0.41,4
11,Quinshon Judkins,157128,HB,CLV,1,17,2,1,27.1,16,0,59,0,0,2,53,36.7,3,3,8,0,9,76.8,52.9,75.2,,5.2,53.3,56.5,60.0,16,0,0,0,13,20,0,0,1,17,0,59,53,3.12,3.5,0.0,7
11,Kenneth Walker III,97199,HB,SEA,1,16,4,1,37.3,25,0,67,0,2,4,51,100.7,1,5,29,0,7,76.7,76.0,75.5,,40.5,70.0,76.6,60.0,25,0,44,3,17,18,0,0,3,19,1,67,51,3.19,4.2,2.59,9
11,Devin Singletary,40485,HB,NYG,1,16,2,0,0.0,0,0,44,0,0,2,33,24.3,0,4,21,0,7,76.4,66.5,77.6,,26.9,56.5,68.0,60.0,7,0,3,1,15,19,0,0,1,17,2,44,33,2.06,2.8,0.2,9
11,James Cook,83666,HB,BUF,1,16,0,0,0.0,0,0,48,0,0,0,41,0.0,0,0,4,0,8,76.4,61.4,77.9,,17.7,88.0,57.3,59.5,8,0,66,3,16,19,0,0,3,19,0,48,41,2.56,3.0,4.13,8
11,Aaron Jones,11937,HB,MIN,1,16,1,0,0.0,0,0,70,1,0,1,43,14.1,1,3,18,1,9,25.2,48.5,76.3,,28.4,27.2,61.6,,14,0,11,3,17,16,0,0,5,19,0,70,43,2.69,4.4,0.65,7
11,Chris Rodriguez Jr.,83689,HB,WAS,1,15,2,1,21.5,17,0,79,0,1,2,54,67.5,3,6,32,0,8,75.7,63.5,0.0,,53.1,58.0,69.3,60.0,17,1,6,1,9,16,0,0,1,16,0,79,54,3.6,5.3,0.67,7
11,Bhayshul Tuten,150568,HB,JAX,1,15,5,1,20.3,15,0,74,0,0,5,57,126.7,3,8,15,0,5,75.5,78.1,72.7,,73.4,55.8,76.4,60.0,15,0,0,0,4,18,0,0,0,15,1,74,57,3.8,4.9,0.0,10
11,Breece Hall,97636,HB,NYJ,1,14,1,0,0.0,0,0,58,0,0,1,24,10.7,1,3,22,0,3,75.5,64.2,75.6,,74.9,56.7,64.8,60.2,11,0,6,2,18,21,0,0,2,16,0,58,24,1.71,4.1,0.33,11
11,Christian McCaffrey,11763,HB,SF,1,13,3,1,24.7,20,0,81,0,0,3,52,66.7,3,7,28,0,7,75.8,86.8,76.9,,80.4,80.5,84.4,,20,0,40,5,20,13,0,0,5,18,2,81,52,4.0,6.2,2.0,6
11,Kareem Hunt,11841,HB,KC,1,13,3,0,0.0,0,0,59,0,1,3,44,96.7,1,3,16,0,4,75.2,71.4,79.4,,84.4,57.7,74.3,,11,0,3,1,30,13,0,0,2,14,1,59,44,3.38,4.5,0.1,9
11,Kyren Williams,97118,HB,LA,1,12,4,2,70.3,64,0,91,0,0,4,69,176.9,3,4,26,0,5,75.6,69.3,74.1,,82.2,54.8,70.3,60.0,34,0,5,1,14,15,0,0,2,13,1,91,69,5.75,7.6,0.36,7
11,Jahmyr Gibbs,122474,HB,DET,1,12,2,0,0.0,0,0,39,0,3,2,26,63.7,2,2,11,0,5,75.5,71.6,78.6,,74.6,91.5,55.4,60.2,11,0,107,5,27,14,0,0,8,17,0,39,26,2.17,3.3,3.96,7
11,Kyle Monangai,129891,HB,CHI,1,12,0,0,0.0,0,0,23,0,0,0,20,0.0,0,5,6,0,1,74.9,55.1,73.4,,41.5,59.4,56.5,,9,0,14,1,9,13,0,0,1,13,1,23,20,1.67,1.9,1.56,11
11,Justin Fields,82118,QB,NYJ,1,11,2,0,0.0,0,0,27,0,0,1,9,18.4,3,6,22,1,1,28.6,68.1,78.5,68.8,,57.6,61.3,60.0,14,1,0,0,1,24,40,4,1,7,1,67,26,2.36,6.1,0.0,5
11,Emanuel Wilson,154173,HB,GB,1,11,0,0,0.0,0,0,40,0,0,0,30,0.0,1,2,12,0,5,74.8,67.6,77.0,,79.7,65.9,65.7,60.0,11,0,9,1,18,14,0,0,1,12,1,40,30,2.73,3.6,0.5,6
11,RJ Harvey,99622,HB,DEN,1,11,0,0,0.0,0,0,30,0,0,0,19,0.0,0,3,10,0,7,75.3,55.5,76.3,59.0,83.0,63.4,58.5,60.0,7,0,20,3,20,13,0,0,3,14,0,30,19,1.73,2.7,1.0,3
11,Zach Charbonnet,97630,HB,SEA,1,11,2,0,0.0,0,0,37,0,0,2,25,35.0,0,1,29,0,5,74.4,63.6,76.1,,83.2,75.8,56.8,60.0,6,0,10,2,15,14,0,0,2,13,0,37,25,2.27,3.4,0.67,6
11,Jaylen Warren,98692,HB,PIT,1,10,5,1,56.5,35,0,62,0,1,5,43,215.0,1,1,25,0,4,73.9,91.2,72.0,,,64.2,90.7,60.0,35,0,5,2,7,11,0,0,2,12,0,62,43,4.3,6.2,0.71,6
11,Jalen Hurts,40291,QB,PHI,1,10,0,0,0.0,0,0,23,0,0,0,5,0.0,2,3,24,1,0,79.8,77.1,79.5,78.7,,,58.6,60.0,12,0,0,0,0,37,8,2,0,8,1,31,9,0.9,3.1,,0
11,Tony Pollard,27126,HB,TEN,1,10,0,0,0.0,0,0,22,0,0,0,23,0.0,0,0,31,0,4,74.2,59.2,76.0,,74.5,65.5,56.3,,7,0,4,3,17,10,0,0,3,13,0,22,23,2.3,2.2,0.24,6
11,Rachaad White,131633,HB,TB,1,10,3,0,0.0,0,0,51,0,1,3,26,86.7,2,5,30,0,4,73.4,70.2,77.9,,46.6,62.8,74.1,59.5,12,0,11,2,20,14,0,0,2,12,0,51,26,2.6,5.1,0.55,4
11,Ollie Gordon II,157792,HB,MIA,1,9,0,1,44.4,20,0,45,0,0,0,19,0.0,1,3,17,0,8,72.7,70.8,73.9,,75.7,54.3,71.6,54.2,20,0,0,0,7,14,0,0,0,9,1,45,19,2.11,5.0,0.0,1
11,Kenneth Gainwell,77737,HB,PIT,1,9,2,0,0.0,0,0,24,0,2,2,22,61.1,1,2,25,0,1,75.3,72.5,78.8,,73.1,89.9,60.2,60.0,12,0,81,7,26,10,0,0,8,16,0,24,22,2.44,2.7,3.12,8
11,Jacory Croskey-Merritt,102382,HB,WAS,1,9,1,0,0.0,0,0,28,0,0,1,24,26.7,1,1,32,0,2,73.1,50.9,73.8,,6.9,57.8,56.2,60.0,10,0,5,1,6,10,0,0,1,10,0,28,24,2.67,3.1,0.83,7
11,LeQuint Allen,158290,HB,JAX,1,8,3,0,0.0,0,0,36,0,0,3,20,93.8,1,2,15,0,4,73.8,72.5,70.7,,77.8,57.1,70.4,,12,0,0,0,2,8,0,0,0,8,0,36,20,2.5,4.5,0.0,4
11,Blake Corum,129574,HB,LA,1,8,0,0,0.0,0,0,10,0,0,0,5,0.0,0,0,26,0,3,73.3,55.8,71.6,,79.3,63.1,53.8,,6,0,-5,1,4,8,0,0,2,9,0,10,5,0.63,1.3,-1.25,5
11,Brian Robinson,57120,HB,SF,1,8,3,0,0.0,0,0,24,0,0,3,20,93.8,0,1,28,0,2,73.0,53.6,71.1,,,56.1,55.0,60.0,7,0,0,0,4,12,0,0,1,8,0,24,20,2.5,3.0,0.0,6
11,Josh Jacobs,45953,HB,GB,1,7,1,1,37.5,15,0,40,0,0,1,37,75.5,1,3,12,0,1,70.6,67.1,71.9,,69.1,73.7,63.8,60.0,15,0,0,0,2,7,0,0,0,7,0,40,37,5.29,5.7,0.0,5
11,Ashton Jeanty,157196,HB,LV,1,6,0,0,0.0,0,0,7,1,1,0,11,15.3,1,2,23,0,2,73.1,54.9,77.1,,65.6,50.7,56.4,,11,0,27,6,32,6,0,0,8,12,0,7,11,1.83,1.2,0.84,2
11,Jordan Mason,62946,HB,MIN,1,6,2,1,35.6,16,0,45,0,0,2,29,161.1,1,1,18,0,2,70.6,75.9,69.2,,66.3,58.4,73.4,,16,0,0,0,2,6,0,0,0,6,1,45,29,4.83,7.5,0.0,4
11,Josh Allen,46601,QB,BUF,1,6,0,0,0.0,0,0,16,0,0,0,11,0.0,1,4,4,0,2,79.1,72.4,0.0,68.6,,,75.8,60.0,12,1,0,0,0,20,24,3,0,3,3,40,39,6.5,6.7,,0
11,David Montgomery,45719,HB,DET,1,6,1,0,0.0,0,0,27,0,0,1,17,40.5,0,1,11,0,4,71.1,73.6,74.6,,30.5,66.3,77.3,60.0,7,0,10,1,12,7,0,0,1,7,0,27,17,2.83,4.5,0.83,2
11,Keaton Mitchell,123826,HB,BLT,1,6,2,0,0.0,0,0,31,1,0,2,24,100.0,1,1,3,0,2,73.4,48.3,76.4,,3.6,38.4,58.3,,10,0,23,2,9,6,0,0,3,8,0,31,24,4.0,5.2,2.56,2
11,Jaleel McLaughlin,138346,HB,DEN,1,6,0,0,0.0,0,0,19,0,0,0,10,0.0,0,2,10,0,2,71.1,60.2,69.0,,,64.1,59.4,,5,0,-5,1,2,6,0,0,1,7,1,19,10,1.67,3.2,-2.5,4
11,Kimani Vidal,123727,HB,LAC,1,5,1,0,0.0,0,0,13,0,0,1,13,37.1,0,1,27,0,4,70.9,65.1,73.9,,79.2,58.8,65.5,,4,0,-1,2,13,5,0,0,2,7,0,13,13,2.6,2.6,-0.08,1
11,Baker Mayfield,46518,QB,TB,1,5,1,0,0.0,0,0,13,0,0,0,2,0.0,1,4,30,1,0,28.1,55.1,79.3,50.9,,,67.0,60.0,13,0,0,0,0,32,26,4,0,1,1,39,33,6.6,7.8,,1
11,Trevor Lawrence,77632,QB,JAX,1,5,0,0,0.0,0,0,4,0,0,0,1,0.0,0,1,15,0,1,77.4,57.8,78.8,59.1,,,53.7,60.1,4,0,0,0,0,37,5,2,0,3,1,9,4,0.8,1.8,,0
11,Emari Demercado,77763,HB,ARZ,1,5,0,0,0.0,0,0,8,0,0,0,6,0.0,0,1,1,0,4,70.9,58.5,74.3,,,69.9,54.7,,5,0,12,2,9,5,0,0,2,7,0,8,6,1.2,1.6,1.33,1
11,Bam Knight,97432,HB,ARZ,1,5,2,0,0.0,0,0,24,0,1,2,13,86.7,0,1,1,0,5,73.0,81.0,76.7,,80.2,63.6,88.8,57.5,7,0,21,4,17,11,0,0,4,9,1,24,13,2.6,4.8,1.24,0
11,Kaleb Johnson,156419,HB,PIT,1,5,2,0,0.0,0,0,15,0,0,2,16,128.0,0,0,25,0,2,69.7,40.9,0.0,,26.9,59.6,52.3,60.0,7,1,0,0,1,6,0,0,0,5,0,15,16,3.2,3.0,0.0,3
11,Chuba Hubbard,57373,HB,CAR,1,4,0,0,0.0,0,0,21,1,0,0,6,0.0,0,0,5,0,1,71.8,52.8,73.4,,20.9,37.4,65.3,,6,0,7,1,8,4,0,0,3,5,0,21,6,1.5,5.3,0.88,3
11,Tyjae Spears,97195,HB,TEN,1,4,1,0,0.0,0,1,3,0,3,1,5,55.6,0,0,31,0,2,71.6,61.9,77.8,,32.5,82.6,50.1,,1,1,31,5,22,4,0,0,5,9,0,3,5,1.25,0.8,1.41,1
11,Geno Smith,7820,QB,LV,1,4,0,0,0.0,0,0,-1,0,0,0,0,0.0,0,1,23,0,0,80.7,58.7,78.8,58.5,,,59.6,60.0,7,0,0,0,0,9,15,3,0,1,0,14,23,5.75,3.5,,0
11,Marcus Mariota,9435,QB,WAS,1,4,0,0,0.0,0,0,5,0,0,0,2,0.0,1,1,32,0,2,78.9,53.6,79.2,51.2,,,64.0,60.3,44,0,0,0,0,31,44,1,0,3,0,49,9,2.25,12.3,,0
11,Caleb Williams,144622,QB,CHI,1,4,2,0,0.0,0,0,3,0,0,0,0,0.0,1,2,6,1,0,78.8,66.4,79.6,60.6,,,75.4,60.0,16,1,0,0,0,38,23,2,0,2,0,26,40,10.0,6.5,,1
11,Drake Maye,143969,QB,NE,1,4,0,0,0.0,0,0,-3,0,0,0,0,0.0,0,0,19,0,0,79.5,84.2,79.0,84.9,,,53.1,60.0,4,0,0,0,0,26,5,2,0,2,0,2,0,0.0,0.5,,0
11,Dak Prescott,10769,QB,DAL,1,4,0,0,0.0,0,0,-4,0,0,0,0,0.0,0,0,9,1,0,28.6,68.4,79.1,67.1,,,61.3,60.0,-1,0,0,0,0,32,0,0,0,4,0,-4,0,0.0,-1.0,,0
11,Malik Davis,57196,HB,DAL,1,4,0,0,0.0,0,0,20,0,0,0,13,0.0,0,1,9,0,0,68.6,60.9,71.2,,,56.3,61.6,60.0,9,0,0,0,4,9,0,0,0,4,0,20,13,3.25,5.0,0.0,4
11,Jeremy McNichols,11917,HB,WAS,1,4,1,0,0.0,0,0,13,0,0,1,6,25.0,0,0,32,0,0,70.0,66.5,76.1,,82.9,69.2,60.4,,7,0,16,2,7,4,0,0,2,6,0,13,6,1.5,3.3,2.29,4
11,Tank Bigsby,123974,HB,PHI,1,4,1,1,50.0,17,0,34,0,0,1,13,81.3,1,1,24,0,1,68.6,75.4,71.6,,,57.3,73.9,60.0,17,0,0,0,3,5,0,0,0,4,0,34,13,3.25,8.5,0.0,3
11,Lamar Jackson,46416,QB,BLT,1,4,0,0,0.0,0,0,-3,0,0,0,1,0.0,1,1,3,0,0,78.5,49.8,78.8,48.5,,,61.3,60.1,13,1,0,0,0,29,13,1,0,3,0,10,4,1.0,2.5,,1
11,Jameis Winston,9434,QB,NYG,1,3,1,0,0.0,0,0,10,0,0,1,10,111.1,1,2,21,1,0,78.5,54.8,79.4,47.7,,,81.0,60.3,10,0,0,0,0,39,0,0,0,3,1,10,10,3.33,3.3,,0
11,Tyler Allgeier,83639,HB,ATL,1,3,1,0,0.0,0,0,10,0,1,1,7,93.3,0,1,2,0,0,70.0,70.8,72.0,,16.9,63.3,76.2,60.0,5,0,6,2,7,5,0,0,2,5,1,10,7,2.33,3.3,0.86,3
11,Trey Lance,91399,QB,LAC,1,3,0,0,0.0,0,0,1,0,0,0,4,0.0,0,1,27,0,1,72.9,52.0,73.2,52.6,,,57.7,60.0,1,0,0,0,0,4,0,0,0,3,0,1,4,1.33,0.3,,1
11,Bo Nix,97790,QB,DEN,1,3,0,0,0.0,0,0,0,0,0,0,0,0.0,0,0,10,0,1,79.6,85.3,78.8,83.0,,58.4,66.9,60.0,8,1,0,0,1,20,8,1,1,2,0,8,0,0.0,2.7,0.0,0
11,Nick Chubb,45783,HB,HST,1,3,2,0,0.0,0,0,17,0,0,2,13,288.9,0,1,13,0,3,67.2,66.1,72.8,,80.1,54.1,65.8,,8,0,0,0,8,3,0,0,1,3,0,17,13,4.33,5.7,0.0,0
11,Trayveon Williams,45775,HB,LAC,1,3,1,0,0.0,0,0,-1,0,0,1,6,50.0,0,0,27,0,1,69.8,56.0,73.8,,46.5,59.0,56.5,60.0,2,0,0,1,9,6,0,0,1,4,0,-1,6,2.0,-0.3,0.0,2
11,D'Ernest Johnson,45734,HB,NE,1,3,0,0,0.0,0,0,6,0,0,0,6,0.0,0,0,19,0,1,68.6,71.4,69.6,,,57.5,71.2,,5,0,0,0,3,4,0,0,0,3,0,6,6,2.0,2.0,0.0,2
11,Tez Johnson,123709,WR,TB,1,3,0,0,,0,0,0,0,0,0,3,0.0,0,0,30,0,0,66.7,47.3,80.1,,,46.7,59.5,56.5,6,0,6,1,34,22,0,0,3,4,0,0,3,1.0,0.0,0.18,0
11,Justin Herbert,28237,QB,LAC,1,3,0,0,0.0,0,0,0,0,0,0,,100.0,1,1,27,0,0,76.6,53.0,76.7,51.4,,,61.3,60.0,12,1,0,0,0,9,21,3,0,0,0,21,13,4.33,7.0,,0
11,Shedeur Sanders,131396,QB,CLV,1,3,0,0,0.0,0,0,0,0,0,0,,100.0,0,1,8,1,0,23.4,27.4,76.0,26.6,,,59.1,60.0,6,1,0,0,0,8,16,3,0,0,0,16,4,1.33,5.3,,0
11,Cam Ward,133244,QB,TEN,1,3,0,0,0.0,0,0,0,0,0,0,,100.0,2,2,31,1,0,29.5,57.2,78.9,53.8,,,70.6,60.0,20,0,0,0,0,14,33,3,0,0,0,33,10,3.33,11.0,,0
11,Mac Jones,60323,QB,SF,1,3,0,0,0.0,0,0,-3,0,0,0,0,0.0,0,0,28,0,0,67.2,61.5,69.9,,,,60.5,60.0,-1,0,0,0,0,5,0,0,0,3,0,-3,0,0.0,-1.0,,0
11,Raheem Mostert,9783,HB,LV,1,2,1,0,0.0,0,0,6,0,0,1,9,112.5,0,1,23,0,0,70.7,61.2,75.6,,82.1,73.4,53.1,,4,0,7,2,6,2,0,0,2,4,0,6,9,4.5,3.0,1.17,1
11,Puka Nacua,100632,WR,LA,1,2,0,1,100.0,18,0,18,0,1,0,11,61.1,1,1,26,1,0,19.4,75.2,78.1,,61.4,73.6,59.9,73.4,18,0,75,7,21,12,0,0,8,9,0,18,11,5.5,9.0,3.57,0
11,Jordan Love,40306,QB,GB,1,2,1,0,0.0,0,0,3,0,0,0,0,0.0,0,0,12,1,0,77.6,93.1,77.9,93.4,,,52.3,60.0,4,0,0,0,0,17,4,1,0,1,0,7,13,6.5,3.5,,1
11,Sam Darnold,29048,QB,SEA,1,2,0,0,0.0,0,0,3,0,0,0,1,0.0,0,1,29,0,0,80.5,39.2,79.9,38.5,,,62.6,60.1,8,0,0,0,0,35,8,1,0,1,0,11,1,0.5,5.5,,0
11,George Holani,72154,HB,SEA,1,2,0,0,0.0,0,0,6,0,0,0,2,0.0,0,0,29,0,0,65.2,56.0,64.5,,,,57.2,,4,0,0,0,0,2,0,0,0,2,0,6,2,1.0,3.0,,2
11,Kendall Milton,124031,HB,CIN,1,2,0,0,0.0,0,0,2,0,0,0,2,0.0,0,0,7,0,0,67.2,47.7,68.1,,,,51.3,60.0,2,0,0,0,0,4,0,0,0,2,0,2,2,1.0,1.0,,2
11,AJ Barner,129433,TE,SEA,1,2,0,0,0.0,0,0,1,0,0,0,0,0.0,0,1,29,1,0,21.1,72.3,76.9,,76.1,71.4,61.6,64.6,1,0,70,10,37,31,0,0,10,12,0,1,0,0.0,0.5,1.89,0
11,Connor Heyward,57301,TE,PIT,1,2,0,0,0.0,0,0,3,0,0,0,2,0.0,0,2,25,0,0,65.2,76.2,70.0,,,60.0,70.6,60.0,2,0,0,0,1,4,0,0,0,2,0,3,2,1.0,1.5,0.0,0
11,Jacoby Brissett,10725,QB,ARZ,1,2,0,0,0.0,0,0,-2,0,0,0,0,0.0,0,1,1,0,0,81.9,78.7,0.0,77.5,,,69.4,59.7,2,1,0,0,0,18,0,0,0,2,0,-2,0,0.0,-1.0,,1
11,Isaiah Davis,138299,HB,NYJ,1,2,0,0,0.0,0,0,11,0,0,0,8,0.0,0,1,22,0,1,65.2,61.9,73.0,,78.4,53.2,64.2,60.0,7,0,0,0,11,3,0,0,1,2,0,11,8,4.0,5.5,0.0,1
11,Michael Carter,57337,HB,ARZ,1,2,0,0,0.0,0,0,6,1,1,0,3,21.4,0,2,1,0,0,71.2,57.0,78.7,,76.7,43.8,65.6,,3,0,22,5,28,2,0,0,7,7,0,6,3,1.5,3.0,0.79,2
11,Amar Johnson,148220,HB,LAC,1,2,0,0,0.0,0,0,8,0,0,0,6,0.0,0,0,27,0,1,65.2,62.6,68.9,,,58.5,62.3,,6,0,0,0,2,2,0,0,0,2,0,8,6,3.0,4.0,0.0,0
11,Davis Mills,52269,QB,HST,1,2,0,0,0.0,0,0,0,0,0,0,,100.0,1,0,13,0,0,80.1,81.5,79.2,81.5,,,54.2,60.0,10,0,0,0,0,22,14,2,0,0,0,14,3,1.5,7.0,,0
11,Dillon Gabriel,86272,QB,CLV,1,2,1,0,0.0,0,0,1,0,0,1,1,100.0,0,0,8,0,0,73.0,49.4,75.8,55.4,,,48.0,60.0,1,0,0,0,0,15,1,1,0,1,0,2,10,5.0,1.0,,1
11,Isaiah Williams,97156,WR,NYJ,1,1,0,0,0.0,0,0,4,0,0,0,2,0.0,0,0,22,0,0,72.7,49.0,77.0,56.3,,51.2,56.6,58.1,4,0,2,1,25,16,0,0,2,2,0,4,2,2.0,4.0,0.08,0
11,Tahj Brooks,123133,HB,CIN,1,1,0,0,0.0,0,0,5,0,0,0,3,0.0,0,0,7,0,0,61.9,53.8,70.7,,8.4,56.2,62.8,60.0,5,0,0,0,4,2,0,0,0,1,0,5,3,3.0,5.0,0.0,1
11,Trevor Etienne,157730,HB,CAR,1,1,0,0,0.0,0,0,2,0,0,0,2,0.0,0,0,5,0,0,71.0,57.1,70.0,,,56.3,,60.0,2,0,0,0,2,2,0,0,0,1,0,2,2,2.0,2.0,0.0,0
11,Aaron Rodgers,2241,QB,PIT,1,1,0,0,0.0,0,0,0,0,0,0,,100.0,0,1,25,0,0,75.4,42.9,77.0,40.3,,,63.3,60.0,8,0,0,0,0,16,8,1,0,0,0,8,16,16.0,8.0,,0
11,Chris Brooks,83644,HB,GB,1,1,0,0,0.0,0,0,8,0,0,0,0,0.0,0,0,12,0,0,61.9,75.2,67.1,,78.4,60.0,62.8,60.0,8,0,0,0,1,2,0,0,0,1,0,8,0,0.0,8.0,0.0,1
11,Bryce Young,123943,QB,CAR,1,1,0,0,0.0,0,0,-1,0,0,0,0,0.0,0,0,5,0,0,81.0,87.2,79.7,86.2,,,57.9,60.0,-1,0,0,0,0,26,0,0,0,1,0,-1,0,0.0,-1.0,,0
11,Michael Penix Jr.,82134,QB,ATL,1,1,0,0,0.0,0,0,0,0,0,0,,100.0,0,0,2,0,0,74.8,79.1,77.3,74.3,,,65.6,60.0,9,0,0,0,0,22,9,1,0,0,0,9,0,0.0,9.0,,0
11,Deebo Samuel,48274,WR,WAS,1,1,0,0,0.0,0,1,3,0,0,0,3,0.0,0,1,32,0,1,70.8,69.6,80.2,,,67.9,63.9,60.4,3,2,74,7,29,18,0,0,8,8,0,3,3,3.0,3.0,2.55,0
11,Grant Stuard,55933,LB,DET,1,1,0,0,,0,0,0,0,0,0,1,0.0,0,0,11,0,0,61.9,60.1,65.0,,,,60.0,,0,0,0,0,0,1,0,0,0,1,0,0,1,1.0,0.0,,0
11,Patrick Mahomes,11765,QB,KC,1,1,0,0,0.0,0,0,0,0,0,0,,100.0,0,0,16,0,0,81.1,46.9,79.4,48.5,,,52.0,60.0,3,0,0,0,0,14,3,1,0,0,0,3,1,1.0,3.0,,0
11,DJ Moore,48267,WR,CHI,1,1,0,0,0.0,0,0,3,1,0,0,0,0.0,0,1,6,0,1,64.6,52.9,78.2,,,51.3,62.0,54.9,3,0,18,1,30,30,0,0,3,2,0,3,0,0.0,3.0,0.6,0
11,Mason Rudolph,46569,QB,PIT,1,1,0,0,0.0,0,0,-1,0,0,0,0,0.0,0,0,25,0,0,74.6,59.8,0.0,62.7,,,60.0,60.0,-1,1,0,0,0,11,0,0,0,1,0,-1,0,0.0,-1.0,,0
11,Jaxon Smith-Njigba,129758,WR,SEA,1,1,1,0,0.0,0,0,11,0,1,1,8,160.0,1,1,29,0,0,70.6,84.3,79.5,,,82.7,,61.1,11,0,105,9,44,23,0,0,12,10,0,11,8,8.0,11.0,2.39,0
11,Hunter Luepke,91319,FB,DAL,1,1,0,0,0.0,0,0,5,0,1,0,3,75.0,0,1,9,0,0,67.4,66.9,76.1,,,88.2,61.4,45.8,5,0,36,3,6,10,0,0,3,4,0,5,3,3.0,5.0,6.0,0
11,Malik Willis,60341,QB,GB,1,1,0,1,100.0,16,0,16,0,0,0,0,0.0,1,1,12,0,0,66.1,77.5,71.1,71.4,,,63.7,60.0,16,0,0,0,0,5,0,0,0,1,0,16,0,0.0,16.0,,1
11,Sterling Shepard,10674,WR,TB,1,1,0,0,0.0,0,0,7,1,0,0,3,0.0,0,0,30,0,0,68.3,68.7,76.7,,,65.3,63.1,74.3,7,0,54,4,30,13,0,0,5,5,0,7,3,3.0,7.0,1.8,0
11,Bo Melton,61610,WR,GB,1,1,0,1,100.0,17,0,17,0,0,0,2,0.0,1,1,12,0,0,68.2,70.2,66.3,,,,63.1,60.0,17,0,0,0,0,2,0,0,0,1,0,17,2,2.0,17.0,,0
11,Brock Purdy,77672,QB,SF,1,1,0,0,0.0,0,0,-7,0,0,0,0,0.0,0,0,28,0,0,77.6,61.9,78.0,61.6,,,59.4,60.0,-7,0,0,0,0,20,0,0,0,1,0,-7,0,0.0,-7.0,,1
11,Jared Goff,10635,QB,DET,1,1,0,0,0.0,0,0,-1,0,0,0,0,0.0,0,0,11,0,0,79.1,42.5,78.7,42.9,,,60.0,60.0,-1,1,0,0,0,20,0,0,0,1,0,-1,0,0.0,-1.0,,0
11,Joe Flacco,4332,QB,CIN,1,1,0,0,0.0,0,0,-1,0,0,0,0,0.0,0,0,7,0,0,79.5,37.8,0.0,41.7,,,60.0,60.2,-1,2,0,0,0,24,0,0,0,1,0,-1,0,0.0,-1.0,,0
11,Mark Andrews,47436,TE,BLT,1,1,0,1,100.0,35,0,35,0,0,0,0,0.0,1,1,3,0,0,67.4,78.1,78.4,,,72.2,70.6,54.0,35,0,32,3,21,15,0,0,5,4,1,35,0,0.0,35.0,1.52,0
11,Isaiah Bond,163586,WR,CLV,1,1,1,0,0.0,0,0,8,0,0,1,14,1.4e3,0,0,8,0,0,61.9,56.5,75.7,,,53.4,63.1,58.7,8,0,0,0,16,7,0,0,1,1,0,8,14,14.0,8.0,0.0,0
11,Jerome Ford,83601,HB,CLV,1,1,0,0,0.0,0,0,2,0,0,0,1,0.0,0,0,8,0,0,61.9,49.9,75.8,,28.0,53.8,59.7,,2,0,0,0,9,1,0,0,0,1,0,2,1,1.0,2.0,0.0,1
11,Travis Homer,45859,HB,CHI,1,1,0,0,0.0,0,0,-2,0,0,0,4,0.0,0,0,6,0,1,61.9,53.9,62.5,,,,56.7,,-2,0,0,0,0,1,0,0,0,1,0,-2,4,4.0,-2.0,,0
11,Rashid Shaheed,63707,WR,SEA,1,1,0,0,0.0,0,0,2,0,0,0,1,0.0,0,0,29,0,1,73.4,57.7,77.3,,,59.8,53.3,60.5,2,0,27,2,34,9,0,0,4,3,0,2,1,1.0,2.0,0.79,0
11,Dylan Sampson,163772,HB,CLV,1,1,1,1,100.0,19,0,19,0,0,1,22,2.2e3,1,1,8,0,0,68.2,63.4,70.7,,,56.2,62.8,59.4,19,0,0,0,3,3,0,0,1,1,0,19,22,22.0,19.0,0.0,1
11,Teddy Bridgewater,8667,QB,TB,1,1,0,0,0.0,0,0,-1,0,0,0,0,0.0,0,0,30,0,0,61.9,60.0,64.6,,,,60.0,,-1,0,0,0,0,1,0,0,0,1,0,-1,0,0.0,-1.0,,0
11,Zay Flowers,97268,WR,BLT,1,1,1,0,0.0,0,0,5,0,0,1,3,75.0,0,0,3,0,0,67.4,71.4,79.9,,,69.8,63.1,56.8,5,0,78,3,29,24,0,0,5,4,0,5,3,3.0,5.0,2.69,0
11,Jameson Williams,101701,WR,DET,1,1,0,0,0.0,0,0,9,1,1,0,3,60.0,0,0,11,0,0,68.3,67.2,0.0,,,67.8,63.1,59.7,9,1,88,4,38,18,0,0,6,5,0,9,3,3.0,9.0,2.32,0
11,Ty Johnson,45769,HB,BUF,1,1,1,0,0.0,0,0,9,0,2,1,7,700.0,0,0,4,1,1,14.1,64.3,74.0,,57.7,58.5,63.4,,9,0,61,2,13,1,0,0,2,3,0,9,7,7.0,9.0,4.69,0
11,Demario Douglas,104155,WR,NE,1,1,0,0,0.0,0,0,-5,0,0,0,0,0.0,0,0,19,0,0,67.4,68.4,72.4,,,70.8,56.6,59.6,-5,0,36,3,15,4,0,0,3,4,0,-5,0,0.0,-5.0,2.4,0
11,Kirk Cousins,7102,QB,ATL,1,1,0,0,0.0,0,0,2,0,0,0,0,0.0,0,1,2,0,0,74.3,55.1,75.5,52.3,,,62.6,60.0,2,0,0,0,0,9,0,0,0,1,0,2,0,0.0,2.0,,0
11,Marvin Mims Jr.,122937,WR,DEN,1,1,0,0,0.0,0,0,2,0,0,0,1,0.0,0,0,10,0,0,69.5,52.4,76.2,,,53.1,,58.8,2,0,0,0,13,2,0,0,0,1,0,2,1,1.0,2.0,0.0,0
11,Jaylen Wright,146934,HB,MIA,1,1,0,0,0.0,0,0,4,0,0,0,3,0.0,0,0,17,0,1,61.9,54.0,62.8,,,,56.5,,4,0,0,0,0,1,0,0,0,1,0,4,3,3.0,4.0,,0
week,player,player_id,position,team_name,player_game_count,attempts,avoided_tackles,breakaway_attempts,breakaway_percent,breakaway_yards,declined_penalties,designed_yards,drops,elu_recv_mtf,elu_rush_mtf,elu_yco,elusive_rating,explosive,first_downs,franchise_id,fumbles,gap_attempts,grades_hands_fumble,grades_offense,grades_offense_penalty,grades_pass,grades_pass_block,grades_pass_route,grades_run,grades_run_block,longest,penalties,rec_yards,receptions,routes,run_plays,scramble_yards,scrambles,targets,total_touches,touchdowns,yards,yards_after_contact,yco_attempt,ypa,yprr,zone_attempts
12,Kareem Hunt,11841,HB,KC,1,30,7,1,17.3,18,0,104,0,2,7,81,73.6,2,10,16,1,8,29.5,68.2,78.2,,78.9,65.2,67.0,60.0,18,0,26,3,32,31,0,0,3,33,1,104,81,2.7,3.5,0.81,20
12,Emanuel Wilson,154173,HB,GB,1,28,6,0,0.0,0,0,107,0,1,6,94,78.3,4,9,12,0,17,79.3,72.2,74.7,,66.0,90.7,66.7,60.0,12,0,18,2,3,29,0,0,2,30,2,107,94,3.36,3.8,6.0,11
12,Christian McCaffrey,11763,HB,SF,1,24,5,1,19.1,17,0,89,0,2,5,50,47.0,2,5,28,1,7,28.0,54.5,78.9,,17.8,87.5,46.2,60.0,17,0,53,7,31,26,0,0,7,31,1,89,50,2.08,3.7,1.71,15
12,Derrick Henry,10679,HB,BLT,1,21,2,1,26.6,17,0,64,0,1,2,55,34.2,1,3,3,0,8,77.7,57.5,74.2,,74.9,71.4,55.5,60.0,17,0,24,2,9,24,0,0,2,23,2,64,55,2.62,3.0,2.67,13
12,Javonte Williams,77803,HB,DAL,1,20,7,1,23.0,20,0,87,0,0,7,62,98.6,2,4,9,0,7,77.6,66.6,77.9,,45.1,59.5,68.9,60.0,20,0,14,2,21,23,0,0,3,22,0,87,62,3.1,4.4,0.67,13
12,Tyrone Tracy,84226,HB,NYG,1,20,3,0,0.0,0,0,62,1,0,3,49,32.0,2,3,21,0,6,77.6,53.0,75.9,,30.3,52.3,55.9,60.0,11,0,68,3,28,22,0,0,4,23,0,62,49,2.45,3.1,2.43,14
12,Chase Brown,77787,HB,CIN,1,19,0,1,19.6,21,0,107,0,0,0,45,0.0,3,7,7,0,9,77.4,73.5,79.9,,80.3,53.2,77.1,60.0,21,0,23,2,29,23,0,0,4,21,0,107,45,2.37,5.6,0.79,9
12,Jaylen Warren,98692,HB,PIT,1,18,3,0,0.0,0,0,68,0,0,3,43,39.8,1,6,25,0,11,76.5,70.6,73.4,,,51.4,71.8,59.7,12,0,0,0,11,23,0,0,0,18,1,68,43,2.39,3.8,0.0,7
12,TreVeyon Henderson,145059,HB,NE,1,18,1,0,0.0,0,0,66,0,1,1,41,21.7,0,4,19,0,9,77.3,64.3,75.5,,79.0,55.9,65.1,60.0,9,0,15,3,21,21,0,0,4,21,0,66,41,2.28,3.7,0.71,9
12,James Cook,83666,HB,BUF,1,17,1,2,56.0,65,0,116,0,0,1,92,27.1,3,3,4,0,6,76.7,64.2,74.4,,71.3,60.4,64.1,60.0,45,0,13,3,17,18,0,0,3,20,1,116,92,5.41,6.8,0.76,11
12,Ashton Jeanty,157196,HB,LV,1,17,4,0,0.0,0,0,50,0,5,4,52,110.1,1,1,23,0,6,77.5,71.1,79.7,,32.9,90.4,64.5,60.0,12,0,58,8,31,18,0,0,8,25,0,50,52,3.06,2.9,1.87,9
12,Quinshon Judkins,157128,HB,CLV,1,16,3,0,0.0,0,0,47,0,0,3,51,59.8,1,3,8,0,9,75.8,67.3,74.9,,78.3,56.3,66.1,60.0,11,0,0,0,5,17,0,0,0,16,2,47,51,3.19,2.9,0.0,7
12,Breece Hall,97636,HB,NYJ,1,16,0,0,0.0,0,0,44,0,1,0,40,12.5,0,3,22,1,5,25.6,68.3,76.7,,55.6,83.6,63.3,59.3,9,0,75,4,19,20,0,0,4,20,0,44,40,2.5,2.8,3.95,11
12,Woody Marks,124179,HB,HST,1,16,4,1,25.7,19,0,74,0,0,4,74,108.8,3,5,13,0,9,76.0,65.6,76.1,,42.6,53.9,69.0,60.0,19,0,-5,1,16,18,0,0,1,17,0,74,74,4.63,4.6,-0.31,6
12,Jonathan Taylor,57488,HB,IND,1,16,2,1,46.6,27,0,58,1,1,2,29,30.2,1,2,14,0,7,76.2,64.4,77.0,,86.1,34.8,69.6,,27,0,8,2,23,16,0,0,3,18,0,58,29,1.81,3.6,0.35,9
12,Jahmyr Gibbs,122474,HB,DET,1,15,5,3,76.3,167,0,219,0,2,5,111,199.2,4,7,11,0,6,77.7,91.4,76.6,,63.6,79.6,92.5,,69,0,45,11,28,16,0,0,12,26,2,219,111,7.4,14.6,1.61,8
12,Travis Etienne Jr.,57185,HB,JAX,1,15,1,1,52.3,45,0,86,1,1,1,74,54.8,1,1,15,0,4,76.1,55.2,77.9,,79.1,55.4,54.6,60.0,45,0,30,3,16,18,0,0,4,18,0,86,74,4.93,5.7,1.88,11
12,Devin Singletary,40485,HB,NYG,1,14,1,0,0.0,0,0,47,0,0,1,31,15.8,1,2,21,0,4,75.5,72.9,73.2,,82.1,55.8,70.2,60.0,13,0,0,0,4,17,0,0,0,14,0,47,31,2.21,3.4,0.0,10
12,Bijan Robinson,123126,HB,ATL,1,14,4,1,45.7,32,0,70,0,1,4,31,69.2,2,2,2,0,2,75.5,67.0,77.5,,82.1,91.3,53.6,,32,0,37,2,17,14,0,0,2,16,0,70,31,2.21,5.0,2.18,11
12,Kyren Williams,97118,HB,LA,1,12,2,0,0.0,0,0,46,0,0,2,32,41.0,0,2,26,0,7,76.5,61.6,75.7,,78.1,53.6,62.9,,9,0,2,1,21,12,0,0,1,13,0,46,32,2.67,3.8,0.1,5
12,Tyler Allgeier,83639,HB,ATL,1,12,1,0,0.0,0,0,44,0,0,1,28,17.9,1,2,2,0,3,74.5,59.8,72.8,,78.2,61.2,58.6,60.0,13,0,5,1,5,14,0,0,1,13,0,44,28,2.33,3.7,1.0,9
12,Sean Tucker,123056,HB,TB,1,12,2,0,0.0,0,0,42,0,0,2,32,41.0,0,2,30,0,4,74.5,63.3,74.4,,73.4,50.3,66.0,,9,0,4,1,13,12,0,0,2,13,0,42,32,2.67,3.5,0.31,8
12,Kyle Monangai,129891,HB,CHI,1,12,1,0,0.0,0,0,48,0,0,1,22,15.3,1,4,6,0,4,74.3,72.4,75.5,,48.6,49.9,78.3,60.0,12,0,0,0,17,14,0,0,0,12,1,48,22,1.83,4.0,0.0,7
12,Tony Pollard,27126,HB,TEN,1,11,1,0,0.0,0,0,20,0,0,1,20,12.1,0,0,31,0,5,75.5,56.2,75.7,,26.8,61.6,56.1,,5,0,21,4,22,12,0,0,5,15,0,20,20,1.82,1.8,0.95,6
12,Kenneth Walker III,97199,HB,SEA,1,11,6,2,47.9,34,0,71,0,0,6,51,198.7,4,4,29,0,4,74.6,85.5,73.4,,76.0,63.4,88.2,59.8,19,0,30,3,14,13,0,0,4,14,0,71,51,4.64,6.5,2.14,7
12,Saquon Barkley,45791,HB,PHI,1,10,1,0,0.0,0,0,22,0,0,1,32,18.8,0,1,24,1,5,23.8,49.4,80.1,,32.9,48.6,55.8,40.2,7,0,52,7,32,14,0,0,8,17,0,22,32,3.2,2.2,1.63,4
12,Taysom Hill,12112,TE,NO,1,10,0,0,0.0,0,0,17,0,0,0,11,0.0,0,4,20,1,2,73.6,60.2,77.5,58.0,78.4,54.8,64.3,53.6,4,1,0,0,5,16,0,0,0,10,0,17,11,1.1,1.7,0.0,5
12,Bam Knight,97432,HB,ARZ,1,10,2,0,0.0,0,0,12,0,1,2,21,45.0,0,1,1,0,8,74.9,61.7,76.8,,23.0,73.4,63.1,60.0,6,0,20,4,16,12,0,0,5,14,1,12,21,2.1,1.2,1.25,2
12,Kenneth Gainwell,77737,HB,PIT,1,10,0,1,59.8,55,0,92,0,1,0,24,15.0,1,3,25,0,3,76.0,66.0,0.0,,64.3,61.5,71.1,60.0,55,1,30,6,19,12,0,0,6,16,0,92,24,2.4,9.2,1.58,4
12,Aaron Jones,11937,HB,MIN,1,9,0,0,0.0,0,0,41,0,1,0,33,30.6,1,2,18,0,4,73.7,62.3,75.5,,50.0,61.8,62.6,,13,0,16,3,17,9,0,0,4,12,0,41,33,3.67,4.6,0.94,5
12,D'Andre Swift,57212,HB,CHI,1,8,1,0,0.0,0,0,15,0,1,1,12,33.3,0,1,6,1,3,21.2,50.6,77.1,,77.7,61.6,46.7,60.0,4,0,14,1,15,10,0,0,1,9,0,15,12,1.5,1.9,0.93,4
12,Chris Brooks,83644,HB,GB,1,8,3,0,0.0,0,0,21,0,0,3,29,120.8,1,2,12,0,6,71.9,71.5,73.3,,67.9,59.1,71.9,60.0,10,0,5,1,8,11,0,0,1,9,0,21,29,3.63,2.6,0.63,1
12,Jordan Mason,62946,HB,MIN,1,8,2,1,52.4,22,0,42,0,0,2,33,103.1,1,4,18,0,3,72.1,86.7,72.7,,,58.4,81.6,60.0,22,0,0,0,2,10,0,0,0,8,0,42,33,4.13,5.3,0.0,4
12,Bhayshul Tuten,150568,HB,JAX,1,7,4,0,0.0,0,0,17,0,0,4,23,187.8,0,2,15,0,2,72.4,68.2,71.6,,,53.9,69.5,,4,0,0,0,6,7,0,0,0,7,0,17,23,3.29,2.4,0.0,5
12,Jalen Hurts,40291,QB,PHI,1,7,3,0,0.0,0,0,22,0,0,3,16,192.0,0,3,24,0,1,80.9,72.3,79.0,70.5,,,65.5,60.0,8,0,0,0,0,16,11,2,0,5,2,33,21,3.0,4.7,,2
12,Blake Corum,129574,HB,LA,1,7,2,0,0.0,0,0,24,0,0,2,10,40.8,1,2,26,0,3,71.4,61.5,72.3,,76.5,51.9,62.7,,10,0,0,0,9,7,0,0,0,7,0,24,10,1.43,3.4,0.0,4
12,Lamar Jackson,46416,QB,BLT,1,7,0,0,0.0,0,0,-2,0,0,0,0,0.0,0,0,3,1,0,78.2,60.9,79.0,62.5,,,47.1,61.0,6,0,0,0,0,31,13,5,0,2,0,11,6,0.86,1.6,,0
12,Rachaad White,131633,HB,TB,1,7,2,1,42.1,16,0,38,0,0,2,27,96.4,2,3,30,0,3,71.9,70.4,79.2,,83.5,50.9,78.6,60.0,16,0,4,1,26,9,0,0,1,8,0,38,27,3.86,5.4,0.15,4
12,Tyler Shough,83537,QB,NO,1,7,0,0,0.0,0,0,10,0,0,0,3,0.0,1,2,20,1,0,81.3,49.5,79.6,49.5,,59.0,57.9,60.0,11,0,0,0,1,23,12,2,0,5,0,22,5,0.71,3.1,0.0,1
12,Dylan Sampson,163772,HB,CLV,1,7,1,1,113.0,26,1,23,0,0,1,17,27.0,1,1,8,0,3,73.1,73.0,73.6,,76.8,91.2,58.0,60.0,26,1,59,2,6,9,0,0,2,9,0,23,17,2.43,3.3,9.83,4
12,Devin Neal,144558,HB,NO,1,7,0,0,0.0,0,0,18,1,4,0,14,66.7,0,1,20,0,1,73.3,60.7,79.6,,84.1,56.5,60.3,60.0,6,0,43,5,36,15,0,0,7,12,0,18,14,2.0,2.6,1.19,6
12,Brian Robinson,57120,HB,SF,1,7,5,0,0.0,0,0,40,0,0,5,24,214.3,1,2,28,0,1,71.9,73.1,71.8,,5.1,61.2,75.1,60.0,12,0,4,1,3,9,0,0,2,8,0,40,24,3.43,5.7,1.33,5
12,Cam Ward,133244,QB,TEN,1,6,2,0,0.0,0,0,1,0,0,0,0,0.0,1,4,31,0,0,81.3,78.7,79.5,74.7,,,73.0,60.0,14,0,0,0,0,19,36,5,0,1,1,37,31,5.17,6.2,,0
12,Zach Charbonnet,97630,HB,SEA,1,6,1,0,0.0,0,0,35,0,0,1,28,77.8,1,4,29,0,1,69.7,70.4,72.1,,75.7,65.7,68.3,60.0,13,0,0,0,8,6,0,0,0,6,1,35,28,4.67,5.8,0.0,4
12,Brock Purdy,77672,QB,SF,1,6,1,0,0.0,0,0,7,0,0,0,4,0.0,0,4,28,0,0,79.4,60.9,0.0,55.1,,,79.5,60.0,9,1,0,0,0,35,9,1,0,5,0,16,4,0.67,2.7,,0
12,Nick Chubb,45783,HB,HST,1,6,1,0,0.0,0,0,16,0,0,1,13,31.0,0,1,13,0,4,71.6,63.3,72.5,,76.7,79.0,57.8,,7,0,-1,1,3,6,0,0,1,7,0,16,13,2.17,2.7,-0.33,2
12,Rhamondre Stevenson,98689,HB,NE,1,6,1,0,0.0,0,0,5,0,0,1,5,11.9,0,0,19,0,3,71.1,48.3,74.4,,84.0,56.7,45.0,,3,0,5,1,9,6,0,0,2,7,0,5,5,0.83,0.8,0.56,3
12,Rico Dowdle,40693,HB,CAR,1,6,3,1,44.7,17,0,38,0,1,3,30,200.0,1,2,5,0,5,72.4,65.8,77.5,,53.6,61.7,68.0,,17,0,36,4,19,6,0,0,4,10,0,38,30,5.0,6.3,1.89,1
12,David Montgomery,45719,HB,DET,1,5,0,0,0.0,0,0,18,0,1,0,10,25.0,0,2,11,0,1,71.4,61.0,74.4,,,67.3,57.6,60.0,9,0,19,3,16,6,0,0,3,8,0,18,10,2.0,3.6,1.19,4
12,Tyrod Taylor,6332,QB,NYJ,1,5,2,0,0.0,0,0,2,0,0,0,2,0.0,0,2,22,0,0,78.7,48.2,78.6,46.2,,,60.6,60.0,8,1,0,0,0,24,17,3,0,2,0,19,17,3.4,3.8,,2
12,Dak Prescott,10769,QB,DAL,1,5,0,0,0.0,0,0,-2,0,0,0,0,0.0,0,1,9,0,0,80.4,74.8,79.5,74.3,,,59.1,60.3,8,0,0,0,0,27,11,3,0,2,1,9,6,1.2,1.8,,0
12,Josh Allen,46601,QB,BUF,1,5,0,0,0.0,0,0,2,0,0,0,0,0.0,1,2,4,0,0,80.3,55.6,79.0,53.3,,,64.5,60.0,14,0,0,0,0,20,18,3,0,2,0,20,8,1.6,4.0,,0
12,Clyde Edwards-Helaire,57279,HB,KC,1,5,0,0,0.0,0,0,8,0,1,0,11,31.4,0,1,16,0,4,70.9,56.6,71.7,,,62.0,55.2,60.0,4,0,9,2,7,7,0,0,2,7,0,8,11,2.2,1.6,1.29,1
12,Michael Carter,57337,HB,ARZ,1,5,1,0,0.0,0,0,28,0,1,1,18,90.0,1,3,1,0,3,72.0,66.0,79.2,,63.6,68.8,64.8,60.0,11,0,30,3,27,7,0,0,3,8,0,28,18,3.6,5.6,1.11,2
12,Trevor Lawrence,77632,QB,JAX,1,5,0,0,0.0,0,0,6,0,0,0,2,0.0,1,2,15,1,1,28.5,63.9,78.8,63.4,,,59.7,60.0,19,0,0,0,0,26,23,2,0,3,0,29,4,0.8,5.8,,0
12,Drake Maye,143969,QB,NE,1,5,1,0,0.0,0,0,-1,0,0,0,0,0.0,1,2,19,0,0,79.7,64.6,79.3,62.9,,,63.7,60.0,12,0,0,0,0,29,23,3,0,2,0,22,10,2.0,4.4,,0
12,Patrick Mahomes,11765,QB,KC,1,4,1,0,0.0,0,0,0,0,0,0,,100.0,1,2,16,0,0,81.4,82.6,80.5,78.2,,,75.7,60.1,13,0,0,0,0,37,30,4,0,0,0,30,25,6.25,7.5,,0
12,Jameis Winston,9434,QB,NYG,1,4,0,0,0.0,0,0,2,0,1,0,4,33.3,1,1,21,0,0,80.0,86.3,0.0,80.5,,99.3,55.6,60.0,11,1,33,1,1,39,11,1,1,4,0,13,4,1.0,3.3,33.0,2
12,Bryce Young,123943,QB,CAR,1,4,0,0,0.0,0,0,0,0,0,0,,100.0,0,1,5,0,0,78.6,40.3,77.7,41.2,,,54.5,60.0,7,1,0,0,0,9,15,4,0,0,0,15,3,0.75,3.8,,0
12,Baker Mayfield,46518,QB,TB,1,4,1,0,0.0,0,0,0,0,0,0,0,0.0,0,2,30,0,0,76.9,66.3,77.1,62.5,,,68.0,60.0,9,0,0,0,0,13,19,3,0,1,0,19,17,4.25,4.8,,0
12,Caleb Williams,144622,QB,CHI,1,4,0,0,0.0,0,0,7,0,0,0,1,0.0,0,1,6,1,0,27.0,44.4,0.0,42.7,,,69.7,60.0,9,1,0,0,0,24,14,2,0,2,0,21,1,0.25,5.3,,0
12,Isaiah Davis,138299,HB,NYJ,1,4,0,0,0.0,0,0,7,0,0,0,11,0.0,0,0,22,0,1,68.6,42.1,73.8,,22.5,55.6,47.2,,2,0,0,0,7,4,0,0,0,4,0,7,11,2.75,1.8,0.0,3
12,Mason Rudolph,46569,QB,PIT,1,3,1,0,0.0,0,0,4,0,0,0,1,0.0,0,2,25,1,0,28.4,57.3,79.4,53.1,,,69.3,60.4,3,0,0,0,0,34,3,1,0,2,0,7,7,2.33,2.3,,0
12,Owen Wright,57486,HB,TB,1,3,0,0,0.0,0,0,6,0,0,0,2,0.0,0,0,30,0,0,70.5,51.5,70.4,,73.0,60.0,52.8,,4,0,0,0,1,3,0,0,0,3,0,6,2,0.67,2.0,0.0,3
12,Chuba Hubbard,57373,HB,CAR,1,3,0,0,0.0,0,0,16,0,2,0,6,57.1,1,0,5,0,1,70.3,59.9,74.3,,73.1,85.5,47.2,,10,0,27,4,11,3,0,0,4,7,0,16,6,2.0,5.3,2.45,1
12,Malik Davis,57196,HB,DAL,1,3,0,1,87.5,21,0,24,0,0,0,4,0.0,1,1,9,0,0,67.2,53.2,70.7,,73.0,52.6,54.6,,21,0,0,0,8,3,0,0,0,3,0,24,4,1.33,8.0,0.0,3
12,Tyjae Spears,97195,HB,TEN,1,3,0,0,0.0,0,0,4,1,6,0,3,85.7,0,0,31,0,1,71.1,66.4,77.0,,83.1,64.5,63.3,,3,0,21,4,18,4,0,0,5,7,0,4,3,1.0,1.3,1.17,2
12,Jordan Love,40306,QB,GB,1,3,0,0,0.0,0,0,2,0,0,0,0,0.0,1,1,12,0,0,76.9,62.7,78.8,60.1,,,64.3,60.0,13,0,0,0,0,35,13,1,0,2,0,15,0,0.0,5.0,,1
12,Daniel Jones,39395,QB,IND,1,3,0,0,0.0,0,0,-1,0,0,0,0,0.0,1,2,14,0,0,78.3,56.6,78.3,51.8,,,73.3,60.0,13,2,0,0,0,17,17,2,0,1,0,16,0,0.0,5.3,,0
12,Alvin Kamara,11822,HB,NO,1,3,0,0,0.0,0,0,11,0,0,0,8,0.0,0,0,20,0,0,69.0,62.3,74.7,,,62.6,61.3,60.0,5,0,4,2,5,6,0,0,2,5,0,11,8,2.67,3.7,0.8,3
12,Jacoby Brissett,10725,QB,ARZ,1,3,0,0,0.0,0,0,0,0,0,0,,100.0,0,2,1,0,0,41.0,64.4,79.9,62.5,,,66.2,60.1,9,1,0,0,0,18,20,3,0,0,0,20,17,5.67,6.7,,0
12,Geno Smith,7820,QB,LV,1,3,0,0,0.0,0,0,-5,1,0,0,0,0.0,0,1,23,2,1,24.6,56.7,79.8,53.7,,,71.6,60.0,9,0,0,0,0,19,13,2,0,1,0,8,15,5.0,2.7,,0
12,Tahj Brooks,123133,HB,CIN,1,2,0,0,0.0,0,0,5,0,0,0,3,0.0,0,0,7,0,0,67.7,43.6,70.8,,6.9,56.2,53.8,60.0,3,0,0,0,4,4,0,0,1,2,0,5,3,1.5,2.5,0.0,2
12,Tez Johnson,123709,WR,TB,1,2,0,0,0.0,0,0,12,0,0,0,2,0.0,0,0,30,0,0,67.4,64.2,80.3,,,64.1,59.2,61.1,6,0,21,3,36,21,0,0,4,5,0,12,2,1.0,6.0,0.58,0
12,Kirk Cousins,7102,QB,ATL,1,2,0,0,0.0,0,0,-1,0,0,0,0,0.0,0,1,2,1,0,26.1,83.3,78.6,80.1,,,66.4,60.0,6,1,0,0,0,28,6,1,0,1,0,5,0,0.0,2.5,,0
12,Keaton Mitchell,123826,HB,BLT,1,2,0,0,0.0,0,0,10,0,0,0,3,0.0,0,1,3,0,1,71.8,78.8,73.2,,75.6,62.2,77.1,60.0,9,0,9,1,4,5,0,0,1,3,0,10,3,1.5,5.0,2.25,1
12,Malik Willis,60341,QB,GB,1,2,0,0,0.0,0,0,3,0,0,0,3,0.0,0,1,12,0,0,66.7,70.8,70.6,60.0,,,60.0,60.0,4,0,0,0,0,5,0,0,0,2,0,3,3,1.5,1.5,,0
12,J.J. McCarthy,144918,QB,MIN,1,2,1,0,0.0,0,0,0,0,0,0,0,0.0,1,1,18,1,0,28.7,47.3,77.6,49.4,,,54.0,60.0,10,0,0,0,0,19,10,1,0,1,0,10,18,9.0,5.0,,0
12,Davis Mills,52269,QB,HST,1,2,0,0,0.0,0,0,4,0,0,0,3,0.0,0,0,13,0,0,78.4,66.8,0.0,68.0,,58.9,61.7,60.0,5,1,0,0,1,25,0,0,0,2,0,4,3,1.5,2.0,0.0,1
12,Jonnu Smith,11855,TE,PIT,1,2,0,0,0.0,0,0,7,0,0,0,4,0.0,0,0,25,0,0,68.7,58.3,0.0,,,57.2,53.6,82.5,4,1,21,3,24,9,0,0,3,5,0,7,4,2.0,3.5,0.88,0
12,Julius Chestnut,109239,HB,TEN,1,2,0,0,0.0,0,0,3,0,0,0,2,0.0,0,1,31,0,2,67.7,58.6,66.8,,,57.1,59.6,60.0,3,0,0,0,2,3,0,0,0,2,0,3,2,1.0,1.5,0.0,0
12,KaVontae Turpin,47658,WR,DAL,1,2,1,0,0.0,0,0,4,1,0,1,3,50.0,0,0,9,1,0,22.9,41.2,75.0,,67.1,56.6,29.3,60.3,4,0,48,1,19,11,0,0,2,3,0,4,3,1.5,2.0,2.53,1
12,Ty Johnson,45769,HB,BUF,1,2,0,0,0.0,0,0,7,0,0,0,4,0.0,0,0,4,0,0,69.1,84.8,77.3,,39.3,91.6,59.7,,9,0,45,3,20,1,0,0,3,5,0,7,4,2.0,3.5,2.25,1
12,Mark Andrews,47436,TE,BLT,1,2,0,0,0.0,0,0,2,1,0,0,1,0.0,0,1,3,0,0,66.7,52.3,0.0,,51.0,51.8,62.5,79.8,2,1,9,1,20,18,0,0,3,3,0,2,1,0.5,1.0,0.45,0
12,Zay Flowers,97268,WR,BLT,1,2,1,0,0.0,0,0,11,1,2,1,6,128.6,1,1,3,0,0,70.0,65.8,80.0,,,63.4,65.7,60.1,11,0,58,5,28,22,0,0,6,7,0,11,6,3.0,5.5,2.07,0
12,Greg Dortch,42237,WR,ARZ,1,2,1,0,0.0,0,0,-5,1,1,1,-1,-12.5,0,0,1,0,2,23.0,58.6,77.1,,,60.4,53.9,58.9,0,0,53,6,38,12,0,0,9,8,0,-5,-1,-0.5,-2.5,1.39,0
12,D.K. Metcalf,47864,WR,PIT,1,2,0,0,0.0,0,0,12,0,0,0,2,0.0,0,1,25,0,0,69.1,62.2,79.5,,,66.0,56.6,40.6,6,1,22,5,30,29,0,0,6,7,1,12,2,1.0,6.0,0.73,0
12,Harold Fannin Jr.,163104,TE,CLV,1,1,3,0,0.0,0,0,4,0,5,3,3,480.0,0,0,8,0,0,68.3,77.8,78.0,,70.3,88.7,57.5,58.3,4,1,40,4,17,25,0,0,6,5,0,4,3,3.0,4.0,2.35,0
12,Jaylin Noel,125155,WR,HST,1,1,0,0,0.0,0,0,5,0,0,0,0,0.0,0,0,13,0,0,74.7,51.4,76.8,,,54.8,56.6,59.1,5,0,4,1,11,5,0,0,2,2,0,5,0,0.0,5.0,0.36,0
12,Sam Darnold,29048,QB,SEA,1,1,0,0,0.0,0,0,-1,0,0,0,0,0.0,0,0,29,0,0,77.4,60.3,0.0,61.9,,,60.0,60.2,-1,1,0,0,0,19,0,0,0,1,0,-1,0,0.0,-1.0,,0
12,Jaxon Smith-Njigba,129758,WR,SEA,1,1,0,0,0.0,0,0,4,0,1,0,3,33.3,0,0,29,0,0,70.8,91.9,77.8,,,92.0,56.6,55.3,4,0,167,8,27,10,0,0,10,9,0,4,3,3.0,4.0,6.19,0
12,Shedeur Sanders,131396,QB,CLV,1,1,0,0,0.0,0,0,-1,0,0,0,0,0.0,0,0,8,0,0,76.4,50.3,77.8,49.7,,,60.0,60.0,-1,0,0,0,0,22,0,0,0,1,0,-1,0,0.0,-1.0,,0
12,Connor Heyward,57301,TE,PIT,1,1,0,0,,0,0,0,0,0,0,0,0.0,0,0,25,0,0,61.9,62.9,68.2,,75.7,,58.2,60.8,0,0,0,0,0,3,0,0,0,1,0,0,0,0.0,0.0,,0
12,Jerome Ford,83601,HB,CLV,1,1,0,0,0.0,0,0,-3,0,0,0,1,0.0,0,0,8,0,0,61.9,57.7,74.5,,74.1,56.2,59.4,,-3,0,0,0,6,1,0,0,0,1,0,-3,1,1.0,-3.0,0.0,1
12,Brashard Smith,143951,HB,KC,1,1,1,0,0.0,0,0,5,0,0,1,2,50.0,0,0,16,0,0,67.4,70.7,76.0,,,77.2,63.1,59.7,5,0,31,3,13,5,0,0,4,4,0,5,2,2.0,5.0,2.38,0
12,Malachi Corley,66272,WR,CLV,1,1,1,0,0.0,0,0,-6,0,0,1,0,0.0,0,0,8,0,0,69.1,57.5,72.6,,,59.0,59.2,60.0,-6,0,8,1,3,9,0,0,1,2,0,-6,0,0.0,-6.0,2.67,0
12,Raheem Mostert,9783,HB,LV,1,1,0,0,0.0,0,0,2,0,2,0,1,50.0,0,0,23,0,0,70.4,59.8,76.8,,43.2,69.2,57.4,,2,0,18,3,12,1,0,0,3,4,0,2,1,1.0,2.0,1.5,0
12,Jake Ferguson,61081,TE,DAL,1,1,1,0,0.0,0,0,1,0,2,1,2,100.0,0,0,9,1,0,16.0,63.3,0.0,,70.9,62.0,,74.0,1,1,60,5,32,11,0,0,6,6,0,1,2,2.0,1.0,1.88,0
12,Teddy Bridgewater,8667,QB,TB,1,1,0,0,0.0,0,0,0,0,0,0,,100.0,0,0,30,0,0,75.1,42.9,76.3,44.0,,,57.9,60.0,6,0,0,0,0,11,6,1,0,0,0,6,15,15.0,6.0,,0
12,Travis Kelce,7844,TE,KC,1,1,0,0,0.0,0,0,1,0,0,0,0,0.0,0,0,16,0,1,68.3,60.8,20.8,,68.6,60.7,60.4,56.6,1,1,43,4,49,28,0,0,6,5,0,1,0,0.0,1.0,0.88,0
12,Rashid Shaheed,63707,WR,SEA,1,1,0,0,0.0,0,0,5,0,0,0,3,0.0,0,0,29,0,0,72.8,54.0,75.9,,,51.5,62.8,59.7,5,0,0,0,20,6,0,0,1,1,0,5,3,3.0,5.0,0.0,1
12,LeQuint Allen,158290,HB,JAX,1,1,0,0,0.0,0,0,2,0,0,0,2,0.0,0,0,15,0,0,61.9,49.1,76.5,,32.0,58.1,59.0,,2,0,0,0,2,1,0,0,0,1,0,2,2,2.0,2.0,0.0,1
12,Joe Flacco,4332,QB,CIN,1,1,0,0,0.0,0,0,3,0,0,0,2,0.0,0,1,7,0,0,79.1,50.5,79.0,51.2,,,58.2,60.0,3,1,0,0,0,24,0,0,0,1,0,3,2,2.0,3.0,,0
12,Ricky Pearsall,100660,WR,SF,1,1,0,0,0.0,0,0,2,0,0,0,1,0.0,0,0,28,0,0,66.2,52.5,78.7,,,57.4,57.3,34.9,2,0,6,2,31,22,0,0,4,3,0,2,1,1.0,2.0,0.19,0
12,Wan'Dale Robinson,101735,WR,NYG,1,1,0,0,,0,0,0,0,1,0,2,20.0,0,0,21,1,0,19.9,75.6,79.2,,,76.3,56.6,61.8,0,0,156,9,37,27,0,0,13,10,0,0,2,2.0,0.0,4.22,0
12,Terrell Jennings,102408,HB,NE,1,1,0,0,,0,0,0,0,0,0,1,0.0,0,0,19,0,0,65.8,58.8,66.2,,64.2,,59.7,60.0,0,0,0,0,0,2,0,0,0,1,0,0,1,1.0,0.0,,1
12,Demario Douglas,104155,WR,NE,1,1,0,0,0.0,0,0,14,0,0,0,0,0.0,1,1,19,0,0,64.6,78.9,72.6,,,74.3,63.1,60.0,14,0,37,1,10,2,0,0,1,2,0,14,0,0.0,14.0,3.7,0
12,Mason Tipton,109617,WR,NO,1,1,0,0,0.0,0,0,11,0,0,0,2,0.0,1,1,20,0,0,69.1,59.7,77.5,,,56.3,63.0,77.3,11,0,22,3,41,14,0,0,4,4,0,11,2,2.0,11.0,0.54,0
12,Andrei Iosivas,109811,WR,CIN,1,1,0,0,0.0,0,0,5,0,0,0,3,0.0,0,0,7,0,0,68.3,72.2,78.4,,,74.1,56.6,55.3,5,0,61,4,35,18,0,0,6,5,0,5,3,3.0,5.0,1.74,0
12,T.J. Hockenson,40912,TE,MIN,1,1,0,0,,0,0,0,0,1,0,0,0.0,0,0,18,0,0,68.3,51.0,78.0,,71.7,57.3,59.7,45.8,0,0,19,4,17,11,0,0,4,5,0,0,0,0.0,0.0,1.12,0
12,Xavier Hutchinson,122518,WR,HST,1,1,2,0,0.0,0,0,0,0,0,0,,100.0,0,0,13,0,0,60.4,58.4,73.9,,,52.5,65.6,53.2,9,0,0,0,12,7,9,1,0,0,0,9,8,8.0,9.0,0.0,0
12,Luther Burden III,157170,WR,CHI,1,1,1,1,100.0,15,0,15,0,0,1,5,125.0,1,1,6,0,0,67.4,71.5,76.3,,,69.2,62.8,59.3,15,0,46,3,23,8,0,0,5,4,0,15,5,5.0,15.0,2.0,0
12,Savion Williams,123101,WR,GB,1,1,1,0,,0,0,0,0,0,1,1,100.0,0,0,12,0,1,68.2,56.8,74.2,,,59.6,59.5,60.2,0,0,0,0,1,7,0,0,0,1,0,0,1,1.0,0.0,0.0,0
12,Feleipe Franks,40217,TE,ATL,1,1,0,0,0.0,0,0,2,0,0,0,0,0.0,0,1,2,0,0,61.9,71.5,69.6,,,,62.6,60.0,2,0,0,0,0,3,0,0,0,1,0,2,0,0.0,2.0,,0
12,Tank Bigsby,123974,HB,PHI,1,1,0,0,0.0,0,0,8,0,0,0,6,0.0,0,0,24,0,1,61.9,66.3,73.1,,,59.9,62.7,60.0,8,0,0,0,1,2,0,0,0,1,0,8,6,6.0,8.0,0.0,0
12,Arian Smith,124039,WR,NYJ,1,1,0,0,0.0,0,0,8,0,0,0,2,0.0,0,0,22,0,0,61.9,59.0,73.1,,,54.5,63.1,58.5,8,0,0,0,7,7,0,0,0,1,0,8,2,2.0,8.0,0.0,0
week,player,player_id,position,team_name,player_game_count,attempts,avoided_tackles,breakaway_attempts,breakaway_percent,breakaway_yards,declined_penalties,designed_yards,drops,elu_recv_mtf,elu_rush_mtf,elu_yco,elusive_rating,explosive,first_downs,franchise_id,fumbles,gap_attempts,grades_hands_fumble,grades_offense,grades_offense_penalty,grades_pass,grades_pass_block,grades_pass_route,grades_run,grades_run_block,longest,penalties,rec_yards,receptions,routes,run_plays,scramble_yards,scrambles,targets,total_touches,touchdowns,yards,yards_after_contact,yco_attempt,ypa,yprr,zone_attempts
13,James Cook,83666,HB,BUF,1,32,4,2,34.7,50,0,144,0,1,4,72,32.1,3,6,4,2,15,21.3,52.7,74.3,,69.7,79.0,50.6,60.0,31,0,33,3,12,32,0,0,3,35,0,144,72,2.25,4.5,2.75,16
13,Kimani Vidal,123727,HB,LAC,1,25,11,1,46.8,59,0,126,0,2,11,124,248.0,1,5,27,0,12,78.5,83.9,77.5,,86.8,59.6,81.8,,59,0,11,1,17,25,0,0,1,26,1,126,124,4.96,5.0,0.65,13
13,Quinshon Judkins,157128,HB,CLV,1,23,5,1,18.7,17,0,91,0,2,5,74,86.6,1,6,8,0,5,78.6,58.1,75.0,,,71.5,56.4,60.0,17,0,18,3,11,27,0,0,3,26,0,91,74,3.22,4.0,1.64,16
13,Bijan Robinson,123126,HB,ATL,1,23,6,2,29.6,42,0,142,0,2,6,117,145.3,5,9,2,0,5,78.6,70.0,78.5,,25.4,58.5,74.6,59.7,26,0,51,5,26,27,0,0,7,28,1,142,117,5.09,6.2,1.96,17
13,Kyle Monangai,129891,HB,CHI,1,22,2,2,36.9,48,0,130,0,0,2,75,31.0,2,6,6,0,5,77.7,75.6,76.8,,76.2,52.0,75.3,60.0,31,0,0,0,13,23,0,0,1,22,1,130,75,3.41,5.9,0.0,17
13,De'Von Achane,124305,HB,MIA,1,22,2,2,33.6,45,0,134,1,0,2,76,31.4,3,6,17,0,6,77.7,75.2,78.3,,,36.6,84.1,60.0,29,0,0,0,20,24,0,0,1,22,1,134,76,3.45,6.1,0.0,16
13,Jonathan Taylor,57488,HB,IND,1,21,2,0,0.0,0,0,85,1,0,2,48,19.0,4,5,14,0,12,77.8,57.1,77.0,,42.7,44.4,61.6,60.0,12,0,36,3,21,23,0,0,5,24,0,85,48,2.29,4.0,1.71,9
13,Christian McCaffrey,11763,HB,SF,1,20,2,0,0.0,0,0,53,0,0,2,53,22.1,0,4,28,0,3,77.9,59.0,77.8,60.0,81.1,70.5,55.2,60.0,7,0,21,4,23,22,0,0,4,24,1,53,53,2.65,2.7,0.91,16
13,Jahmyr Gibbs,122474,HB,DET,1,20,5,1,26.5,18,0,68,1,0,5,39,42.4,3,3,11,0,9,77.6,64.2,76.9,,54.5,56.6,66.1,59.9,18,0,18,3,18,22,0,0,4,23,0,68,39,1.95,3.4,1.0,11
13,Breece Hall,97636,HB,NYJ,1,19,5,0,0.0,0,0,68,0,0,5,46,57.6,0,3,22,0,13,77.4,75.7,77.9,,60.7,61.7,77.1,60.0,9,0,8,2,21,22,0,0,2,21,1,68,46,2.42,3.6,0.38,6
13,Woody Marks,124179,HB,HST,1,19,2,1,25.0,16,0,64,0,0,2,37,19.5,1,3,13,1,11,25.4,47.6,75.8,,56.3,55.3,48.4,60.0,16,0,3,1,17,20,0,0,1,20,0,64,37,1.95,3.4,0.18,8
13,D'Andre Swift,57212,HB,CHI,1,18,6,3,45.6,57,0,125,0,0,6,81,142.1,3,6,6,0,3,76.7,87.5,76.8,,,56.4,90.6,60.0,23,0,13,1,23,22,0,0,2,19,1,125,81,4.5,6.9,0.57,15
13,Rico Dowdle,40693,HB,CAR,1,18,1,1,29.3,17,0,58,0,2,1,48,40.0,1,2,5,0,8,76.9,57.3,72.7,,,72.3,55.4,60.0,17,0,21,2,6,21,0,0,2,20,0,58,48,2.67,3.2,3.5,10
13,Bucky Irving,144970,HB,TB,1,17,7,0,0.0,0,0,61,0,0,7,49,106.2,1,3,30,0,7,76.2,72.0,74.0,,53.1,67.8,70.9,,13,0,20,2,13,16,0,0,2,19,1,61,49,2.88,3.6,1.54,7
13,Javonte Williams,77803,HB,DAL,1,17,3,0,0.0,0,0,59,0,0,3,46,40.6,1,1,9,0,4,76.7,67.3,76.5,,89.6,69.4,61.1,60.0,11,0,21,3,17,19,0,0,3,20,0,59,46,2.71,3.5,1.24,13
13,Josh Jacobs,45953,HB,GB,1,17,4,1,34.9,29,0,83,0,0,4,57,74.5,2,2,12,0,5,76.4,71.9,74.6,,81.3,63.4,70.0,60.0,29,0,8,1,11,18,0,0,1,18,0,83,57,3.35,4.9,0.73,12
13,Chuba Hubbard,57373,HB,CAR,1,17,2,0,0.0,0,0,83,0,0,2,54,33.4,1,6,5,0,5,77.1,82.2,76.1,,73.7,66.6,80.6,59.9,10,0,41,2,15,20,0,0,2,19,0,83,54,3.18,4.9,2.73,12
13,Ashton Jeanty,157196,HB,LV,1,15,2,0,0.0,0,0,31,0,5,2,33,73.3,0,1,23,0,5,76.6,59.2,76.2,,14.0,71.5,59.1,60.0,9,0,30,6,23,17,0,0,6,21,0,31,33,2.2,2.1,1.3,10
13,Chase Brown,77787,HB,CIN,1,15,2,1,23.1,18,0,78,0,2,2,39,47.3,3,4,7,0,8,77.4,60.9,78.6,,29.0,71.3,57.9,,18,0,35,7,28,17,0,0,7,22,0,78,39,2.6,5.2,1.25,6
13,Devin Neal,144558,HB,NO,1,14,5,0,0.0,0,0,47,0,0,5,44,92.4,0,3,20,0,1,75.8,64.8,78.0,,67.7,59.5,65.9,60.0,8,0,22,3,32,19,0,0,3,17,0,47,44,3.14,3.4,0.69,13
13,Kareem Hunt,11841,HB,KC,1,14,4,0,0.0,0,0,58,0,0,4,35,66.7,1,3,16,0,2,75.3,71.7,76.2,,80.2,59.5,73.1,60.0,14,0,22,1,23,15,0,0,2,15,0,58,35,2.5,4.1,0.96,12
13,Samaje Perine,11869,HB,CIN,1,14,1,0,0.0,0,0,39,0,0,1,29,12.9,1,2,7,1,12,23.7,46.4,77.2,,44.1,60.8,46.5,60.0,12,0,15,2,12,15,0,0,2,16,0,39,29,2.07,2.8,1.25,2
13,Zach Charbonnet,97630,HB,SEA,1,14,7,1,32.7,17,0,52,0,0,7,71,253.6,1,4,29,0,6,75.1,90.6,74.3,,68.2,55.4,87.5,60.0,17,0,0,0,4,15,0,0,0,14,1,52,71,5.07,3.7,0.0,7
13,RJ Harvey,99622,HB,DEN,1,13,2,0,0.0,0,0,35,1,0,2,18,17.3,1,3,10,0,11,75.4,57.5,74.9,,60.8,49.8,59.8,60.0,11,0,27,3,14,14,0,0,4,16,2,35,18,1.38,2.7,1.93,2
13,Saquon Barkley,45791,HB,PHI,1,13,2,1,26.8,15,0,56,1,0,2,30,35.5,1,1,24,0,1,74.7,57.3,78.3,,77.4,32.3,65.6,60.0,15,0,0,0,21,17,0,0,2,13,0,56,30,2.31,4.3,0.0,12
13,Kyren Williams,97118,HB,LA,1,13,1,0,0.0,0,0,72,0,0,1,36,21.3,1,4,26,0,7,75.1,65.2,74.6,,83.8,52.3,65.1,,12,0,0,0,16,14,0,0,0,13,1,72,36,2.77,5.5,0.0,6
13,Kenneth Walker III,97199,HB,SEA,1,13,3,1,42.9,24,0,56,0,0,3,42,60.6,1,3,29,0,6,76.4,75.5,76.6,,57.8,75.4,71.3,60.0,24,0,18,3,15,17,0,0,3,16,0,56,42,3.23,4.3,1.2,6
13,Devin Singletary,40485,HB,NYG,1,12,2,1,32.4,22,0,68,0,1,2,42,70.0,2,4,21,0,6,76.3,70.4,75.0,,14.3,71.2,75.6,,22,0,34,3,8,12,0,0,3,15,1,68,42,3.5,5.7,4.25,6
13,Travis Etienne Jr.,57185,HB,JAX,1,12,1,0,0.0,0,0,28,0,1,1,31,39.7,0,1,15,0,5,75.5,63.8,74.5,,80.2,73.8,58.0,,6,0,13,1,12,14,0,0,1,13,0,28,31,2.58,2.3,1.08,7
13,Rhamondre Stevenson,98689,HB,NE,1,12,2,0,0.0,0,0,40,0,0,2,40,44.4,0,1,19,0,10,75.0,64.9,75.7,,78.2,64.9,63.3,60.0,9,0,40,3,21,14,0,0,3,15,0,40,40,3.33,3.3,1.9,2
13,Jaret Patterson,77745,HB,LAC,1,11,4,1,40.7,22,0,54,0,0,4,46,152.1,1,3,27,0,6,73.8,71.7,71.9,,,59.7,69.5,60.0,22,0,0,0,1,14,0,0,0,11,1,54,46,4.18,4.9,0.0,5
13,Bam Knight,97432,HB,ARZ,1,11,5,1,25.8,16,0,62,0,0,5,63,204.5,2,4,1,1,6,22.7,70.1,74.7,,78.4,71.4,67.1,,16,0,36,3,16,11,0,0,3,14,0,62,63,5.73,5.6,2.25,5
13,Chris Rodriguez Jr.,83689,HB,WAS,1,11,3,0,0.0,0,0,41,0,0,3,31,76.9,1,2,32,0,9,73.8,66.9,76.4,,74.8,50.6,71.1,58.1,11,0,0,0,19,16,0,0,1,11,1,41,31,2.82,3.7,0.0,2
13,TreVeyon Henderson,145059,HB,NE,1,11,4,1,38.8,26,0,67,0,0,4,52,135.1,3,3,19,0,6,74.6,69.3,74.6,,3.1,60.5,74.0,60.0,26,0,19,3,16,13,0,0,4,14,0,67,52,4.73,6.1,1.19,4
13,Jaylen Warren,98692,HB,PIT,1,10,2,0,0.0,0,0,35,0,0,2,19,31.7,2,4,25,0,3,73.9,61.3,74.2,,,59.5,61.3,60.0,12,0,9,2,13,11,0,0,3,12,1,35,19,1.9,3.5,0.69,6
13,Derrick Henry,10679,HB,BLT,1,10,2,1,46.7,28,0,60,0,1,2,27,73.6,1,3,3,0,4,74.1,76.9,73.9,,73.0,74.5,74.0,60.0,28,0,44,1,10,12,0,0,1,11,1,60,27,2.7,6.0,4.4,6
13,Marcus Mariota,9435,QB,WAS,1,10,0,1,34.5,19,0,28,0,0,0,17,0.0,3,5,32,1,2,82.3,62.7,80.3,59.3,,,69.7,60.4,19,1,0,0,0,31,27,3,0,7,0,55,18,1.8,5.5,,1
13,Tyrone Tracy,84226,HB,NYG,1,10,1,0,0.0,0,0,36,0,0,1,21,19.1,0,3,21,0,3,73.6,56.0,76.4,,79.2,54.4,56.2,,9,0,-3,1,13,10,0,0,1,11,0,36,21,2.1,3.6,-0.23,7
13,Tony Pollard,27126,HB,TEN,1,10,1,1,25.0,15,1,60,1,1,1,44,80.0,3,4,31,1,3,21.3,42.2,0.0,,74.8,25.0,65.1,60.0,15,1,3,1,14,11,0,0,2,11,0,60,44,4.4,6.0,0.21,7
13,Nick Chubb,45783,HB,HST,1,9,1,0,0.0,0,0,34,0,0,1,18,22.2,1,1,13,0,2,73.8,54.4,73.9,,68.8,53.0,55.3,,13,0,0,0,13,11,0,0,0,9,1,34,18,2.0,3.8,0.0,7
13,Ray Davis,101072,HB,BUF,1,9,5,1,24.2,15,0,62,0,0,5,35,216.0,4,4,4,0,4,73.5,77.9,70.0,,,56.3,76.1,,15,0,0,0,4,9,0,0,0,9,0,62,35,3.89,6.9,0.0,5
13,Tyler Allgeier,83639,HB,ATL,1,8,0,0,0.0,0,0,20,0,0,0,15,0.0,1,2,2,0,2,72.9,59.5,70.9,,76.2,73.8,55.6,,12,0,35,2,7,8,0,0,2,10,1,20,15,1.88,2.5,5.0,6
13,Brian Robinson,57120,HB,SF,1,8,1,0,0.0,0,0,26,0,0,1,18,28.1,0,1,28,0,3,72.1,57.8,71.0,,,56.7,58.5,60.0,9,0,0,0,3,10,0,0,0,8,0,26,18,2.25,3.3,0.0,4
13,Bhayshul Tuten,150568,HB,JAX,1,8,0,0,0.0,0,0,17,0,0,0,21,0.0,0,1,15,0,5,73.3,58.6,72.4,,7.5,61.6,62.1,60.0,7,0,2,1,4,13,0,0,1,9,1,17,21,2.63,2.1,0.5,3
13,David Montgomery,45719,HB,DET,1,8,2,0,0.0,0,0,32,0,0,2,25,62.5,1,3,11,1,3,73.8,64.3,72.9,53.0,74.6,69.7,65.4,,14,0,16,2,11,9,0,0,2,10,1,32,25,3.13,4.0,1.45,4
13,Josh Allen,46601,QB,BUF,1,8,4,0,0.0,0,0,16,0,0,1,9,56.3,1,4,4,0,2,78.0,69.6,79.6,63.0,,,71.4,60.0,11,1,0,0,0,46,22,4,0,4,1,38,46,5.75,4.8,,1
13,Tyrod Taylor,6332,QB,NYJ,1,8,1,0,0.0,0,0,1,0,0,0,0,0.0,2,4,22,0,0,79.9,70.1,79.2,65.8,,,71.3,60.0,14,1,0,0,0,23,43,6,0,2,1,44,31,3.88,5.5,,0
13,Blake Corum,129574,HB,LA,1,7,3,1,42.0,34,0,81,0,0,3,52,318.4,3,5,26,0,4,71.4,91.4,70.8,,76.2,54.9,92.3,44.2,34,0,0,0,6,8,0,0,0,7,1,81,52,7.43,11.6,0.0,3
13,Jordan Mason,62946,HB,MIN,1,6,2,1,51.1,24,0,47,0,0,2,30,142.9,2,2,18,1,4,18.4,47.2,72.9,,3.6,25.7,66.5,,24,0,1,1,8,6,0,0,1,7,0,47,30,5.0,7.8,0.13,2
13,Baker Mayfield,46518,QB,TB,1,6,0,0,0.0,0,0,-4,0,0,0,0,0.0,1,1,30,1,0,79.1,64.3,78.9,63.7,,,59.9,60.0,21,0,0,0,0,24,31,3,0,3,0,27,44,7.33,4.5,,0
13,Jaleel McLaughlin,138346,HB,DEN,1,6,2,0,0.0,0,0,24,0,0,2,10,47.6,1,1,10,0,3,71.1,54.2,70.1,,74.1,58.8,53.9,60.0,14,0,6,1,5,7,0,0,1,7,0,24,10,1.67,4.0,1.2,3
13,Drake Maye,143969,QB,NE,1,6,0,0,0.0,0,0,2,0,0,0,1,0.0,0,3,19,0,0,79.6,85.3,79.0,85.0,,,61.7,60.3,8,0,0,0,0,27,10,2,0,4,0,12,1,0.17,2.0,,0
13,Lamar Jackson,46416,QB,BLT,1,6,0,0,0.0,0,0,9,0,0,0,1,0.0,1,3,3,2,1,19.9,42.2,78.7,39.7,,,63.7,60.0,11,0,0,0,0,20,18,3,0,3,0,27,3,0.5,4.5,,1
13,Tyler Shough,83537,QB,NO,1,6,1,0,0.0,0,0,2,0,0,0,1,0.0,0,1,20,1,0,80.6,74.6,79.5,72.0,,,67.8,60.0,8,0,0,0,0,23,16,3,0,3,0,18,10,1.67,3.0,,1
13,Jeremy McNichols,11917,HB,WAS,1,6,2,1,53.3,16,0,30,0,0,2,28,116.7,1,2,32,0,5,72.5,70.6,78.6,,60.3,53.4,80.1,66.0,16,0,0,2,26,11,0,0,2,8,0,30,28,4.67,5.0,0.0,1
13,Aaron Jones,11937,HB,MIN,1,6,0,0,0.0,0,0,3,0,1,0,5,8.3,0,0,18,1,3,20.4,43.0,75.1,,75.7,29.8,50.2,,4,0,22,4,12,6,0,0,4,10,0,3,5,0.83,0.5,1.83,3
13,Kenneth Gainwell,77737,HB,PIT,1,5,0,0,0.0,0,0,20,0,1,0,12,34.3,1,1,25,0,2,71.9,56.8,73.6,,,61.1,55.1,60.0,11,0,25,2,11,7,0,0,2,7,0,20,12,2.4,4.0,2.27,3
13,Bryce Young,123943,QB,CAR,1,5,1,0,0.0,0,1,-4,0,0,0,0,0.0,1,1,5,0,0,77.0,83.3,78.9,83.5,,,61.4,60.0,24,1,0,0,0,40,27,2,0,3,0,23,10,2.0,4.6,,0
13,Jordan Love,40306,QB,GB,1,5,0,0,0.0,0,0,-3,0,0,0,0,0.0,0,0,12,1,0,78.8,91.2,78.8,91.8,,,51.6,60.0,5,0,0,0,0,27,7,2,0,3,0,4,4,0.8,0.8,,0
13,Michael Carter,57337,HB,ARZ,1,5,0,0,0.0,0,0,17,0,4,0,12,96.0,0,1,1,0,3,72.2,70.8,77.3,,62.1,83.8,62.5,,8,0,47,5,18,5,0,0,5,10,0,17,12,2.4,3.4,2.61,2
13,Caleb Williams,144622,QB,CHI,1,5,0,0,0.0,0,0,4,0,0,0,2,0.0,0,4,6,0,0,79.9,63.1,80.1,59.3,,,70.0,60.0,5,0,0,0,0,45,9,2,0,3,0,13,3,0.6,2.6,,0
13,Evan Hull,97302,HB,NO,1,5,0,0,0.0,0,0,15,0,0,0,15,0.0,0,2,20,0,2,69.7,64.7,73.1,,73.0,54.2,66.3,,5,0,0,0,7,5,0,0,0,5,0,15,15,3.0,3.0,0.0,3
13,Cade Stover,101486,TE,HST,1,4,0,0,0.0,0,0,3,0,1,0,0,0.0,0,2,13,0,0,70.0,73.4,76.0,,70.2,77.6,63.0,64.5,2,0,16,2,6,24,0,0,2,6,0,3,0,0.0,0.8,2.67,0
13,Trey Lance,91399,QB,LAC,1,4,0,0,0.0,0,0,0,0,0,0,2,0.0,0,0,27,0,0,69.1,50.8,72.6,60.5,,,51.2,60.0,4,0,0,0,0,8,4,1,0,3,0,4,2,0.5,1.0,,1
13,Tua Tagovailoa,60326,QB,MIA,1,4,0,0,0.0,0,0,-2,0,0,0,0,0.0,0,0,17,1,0,30.8,57.9,78.6,60.7,,,48.9,60.0,3,0,0,0,0,30,6,2,0,2,0,4,0,0.0,1.0,,0
13,Rasheen Ali,121717,HB,BLT,1,4,1,0,0.0,0,0,17,0,0,1,8,50.0,0,1,3,0,0,72.3,61.0,79.3,,81.1,50.7,63.4,60.0,9,0,0,0,18,6,0,0,0,4,0,17,8,2.0,4.3,0.0,4
13,Dylan Sampson,163772,HB,CLV,1,4,3,0,0.0,0,0,23,0,0,3,14,262.5,0,1,8,0,1,68.6,60.0,75.0,,,54.6,68.6,44.0,9,0,0,0,7,4,0,0,0,4,0,23,14,3.5,5.8,0.0,3
13,Jalen Hurts,40291,QB,PHI,1,4,0,1,74.2,23,0,31,0,0,0,-2,0.0,1,1,24,1,1,28.7,58.3,78.4,61.8,,,47.9,60.0,23,0,0,0,0,17,0,0,0,4,0,31,-2,-0.5,7.8,,1
13,Emanuel Wilson,154173,HB,GB,1,4,0,0,0.0,0,0,14,0,0,0,11,0.0,0,2,12,0,3,68.6,79.9,70.6,,70.4,56.3,78.6,60.0,5,0,0,0,4,6,0,0,0,4,0,14,11,2.75,3.5,0.0,1
13,Jacory Croskey-Merritt,102382,HB,WAS,1,4,1,0,0.0,0,0,20,0,0,1,9,56.3,1,1,32,0,2,69.7,63.2,71.4,,74.6,57.1,63.0,59.2,12,0,0,0,3,7,0,0,0,4,0,20,9,2.25,5.0,0.0,2
13,Jaxson Dart,146409,QB,NYG,1,4,0,0,0.0,0,0,0,0,0,0,,100.0,1,2,21,0,0,77.9,61.7,78.5,60.6,,,61.1,60.3,12,1,0,0,0,22,20,4,0,0,0,20,6,1.5,5.0,,0
13,Ollie Gordon II,157792,HB,MIA,1,3,0,0,0.0,0,0,10,0,0,0,9,0.0,0,0,17,0,2,67.2,48.4,71.7,,64.2,54.0,53.6,60.0,9,0,0,0,9,6,0,0,0,3,0,10,9,3.0,3.3,0.0,1
13,Joe Burrow,28022,QB,CIN,1,3,0,0,0.0,0,0,2,0,0,0,1,0.0,0,2,7,0,0,80.7,79.6,80.1,76.8,,,68.3,60.0,3,1,0,0,0,32,6,2,0,1,0,8,3,1.0,2.7,,0
13,Myles Gaskin,45914,HB,SEA,1,3,0,0,0.0,0,0,6,0,0,0,6,0.0,0,0,29,0,1,67.2,49.8,65.5,,,,52.4,,3,0,0,0,0,3,0,0,0,3,0,6,6,2.0,2.0,,2
13,Dak Prescott,10769,QB,DAL,1,3,0,0,0.0,0,0,-2,0,0,0,0,0.0,0,0,9,0,0,80.4,74.8,79.4,73.4,,,60.5,60.0,0,1,0,0,0,26,0,0,0,3,0,-2,0,0.0,-0.7,,0
13,Jacoby Brissett,10725,QB,ARZ,1,3,0,0,0.0,0,0,0,0,0,0,,100.0,0,1,1,0,0,79.8,73.7,78.7,73.0,,,60.2,60.0,8,1,0,0,0,16,16,3,0,0,0,16,12,4.0,5.3,,0
13,Trevor Lawrence,77632,QB,JAX,1,3,0,0,0.0,0,0,2,0,0,0,1,0.0,1,1,15,0,0,78.7,84.2,78.8,79.6,,,74.3,60.0,14,1,0,0,0,25,23,2,0,1,0,25,10,3.33,8.3,,0
13,Justin Herbert,28237,QB,LAC,1,3,0,0,0.0,0,0,0,0,0,0,,100.0,0,0,27,0,0,76.6,61.1,78.6,63.7,,,50.1,60.0,4,0,0,0,0,31,8,3,0,0,0,8,6,2.0,2.7,,0
13,Jaylen Wright,146934,HB,MIA,1,3,0,0,0.0,0,0,16,0,0,0,9,0.0,0,2,17,0,3,67.2,71.3,71.8,,,59.7,68.1,60.0,8,0,0,0,1,5,0,0,0,3,0,16,9,3.0,5.3,0.0,0
13,Nick Mullens,12282,QB,JAX,1,3,0,0,0.0,0,0,-3,0,0,0,0,0.0,0,0,15,0,0,67.2,61.2,68.2,,,,60.5,,-1,0,0,0,0,3,0,0,0,3,0,-3,0,0.0,-1.0,,0
13,Patrick Mahomes,11765,QB,KC,1,3,0,0,0.0,0,0,0,0,0,0,,100.0,2,3,16,0,0,29.4,71.3,79.0,72.0,,,56.3,60.2,16,0,0,0,0,20,30,3,0,0,0,30,32,10.67,10.0,,0
13,Malik Davis,57196,HB,DAL,1,3,1,1,91.5,43,0,47,0,0,1,47,522.2,1,1,9,0,1,67.2,70.0,70.9,,74.8,59.9,66.4,60.0,43,0,0,0,1,6,0,0,0,3,1,47,47,15.67,15.7,0.0,2
13,Isiah Pacheco,83747,HB,KC,1,3,1,0,0.0,0,0,16,0,0,1,12,80.0,0,0,16,0,1,69.7,68.6,78.6,,77.5,69.4,66.0,,9,0,17,2,10,3,0,0,2,5,0,16,12,4.0,5.3,1.7,2
13,Zavier Scott,55123,HB,MIN,1,3,1,0,0.0,0,0,17,0,0,1,11,91.7,0,1,18,0,2,69.4,73.1,75.3,,75.7,58.4,73.6,,9,0,4,1,5,4,0,0,1,4,0,17,11,3.67,5.7,0.8,1
13,KaVontae Turpin,47658,WR,DAL,1,3,2,1,75.8,25,0,33,0,1,2,22,440.0,1,1,9,0,1,74.9,73.1,75.6,,,69.8,66.8,60.0,25,0,28,2,14,11,0,0,2,5,0,33,22,7.33,11.0,2.0,0
13,Geno Smith,7820,QB,LV,1,2,0,0,0.0,0,0,-6,0,0,0,0,0.0,0,0,23,1,1,26.9,56.2,77.8,56.0,,,59.3,60.0,-1,0,0,0,0,18,0,0,0,2,0,-6,0,0.0,-3.0,,0
13,Ty Johnson,45769,HB,BUF,1,2,0,0,0.0,0,0,5,0,1,0,2,20.0,0,2,4,0,0,70.1,79.4,77.6,,19.6,84.7,71.3,60.0,3,0,20,3,12,6,0,0,4,5,0,5,2,1.0,2.5,1.67,1
13,Deebo Samuel,48274,WR,WAS,1,2,0,0,0.0,0,0,-3,0,0,0,2,0.0,0,0,32,0,2,21.9,64.6,79.8,,,65.5,56.1,59.7,-1,0,64,5,43,16,0,0,7,7,0,-3,2,1.0,-1.5,1.49,0
13,Mac Jones,60323,QB,SF,1,2,0,0,0.0,0,0,2,0,0,0,2,0.0,0,1,28,0,0,65.2,67.0,69.2,,,,60.0,60.0,3,0,0,0,0,4,0,0,0,2,0,2,2,1.0,1.0,,0
13,Bo Melton,61610,WR,GB,1,2,0,0,0.0,0,0,15,0,0,0,6,0.0,1,1,12,0,0,71.9,55.8,71.7,,,55.6,59.1,60.5,14,0,0,0,4,7,0,0,1,2,0,15,6,3.0,7.5,0.0,0
13,Brock Purdy,77672,QB,SF,1,2,0,0,0.0,0,0,2,0,0,0,0,0.0,0,1,28,0,0,78.3,74.5,78.9,73.2,,57.7,63.2,60.0,2,0,0,0,1,28,2,1,0,1,1,4,0,0.0,2.0,0.0,1
13,Tyjae Spears,97195,HB,TEN,1,2,0,0,0.0,0,0,-1,0,1,0,3,18.8,0,0,31,0,1,71.1,72.1,76.7,,35.1,84.0,57.1,,2,0,25,6,20,2,0,0,6,8,0,-1,3,1.5,-0.5,1.25,1
13,Bo Nix,97790,QB,DEN,1,2,0,0,0.0,0,0,0,0,0,0,,100.0,1,1,10,1,0,30.9,61.8,79.2,60.3,,,63.0,60.0,11,0,0,0,0,21,16,2,0,0,0,16,0,0.0,8.0,,0
13,Sean Tucker,123056,HB,TB,1,2,0,0,,0,0,0,0,0,0,1,0.0,0,1,30,0,2,67.2,77.0,70.1,,76.4,58.5,72.2,60.0,2,0,0,0,2,6,0,0,0,2,0,0,1,0.5,0.0,0.0,0
13,Keaton Mitchell,123826,HB,BLT,1,2,0,1,94.7,18,0,19,0,0,0,0,0.0,1,1,3,0,0,71.8,66.9,73.5,,,67.2,63.0,,18,0,12,2,6,2,0,0,3,4,1,19,0,0.0,9.5,2.0,1
13,Rachaad White,131633,HB,TB,1,2,1,0,0.0,0,0,7,0,1,1,8,160.0,0,0,30,0,1,69.4,66.0,75.7,,21.4,77.5,66.2,60.0,5,0,22,3,13,4,0,0,3,5,0,7,8,4.0,3.5,1.69,1
13,Xavier Worthy,144718,WR,KC,1,2,0,1,130.8,17,0,13,0,0,0,3,0.0,1,1,16,0,1,69.4,59.3,80.1,,,58.0,61.9,62.2,17,1,61,4,34,19,0,0,6,6,0,13,3,1.5,6.5,1.79,0
13,Kaleb Johnson,156419,HB,PIT,1,2,0,0,0.0,0,0,3,0,0,0,4,0.0,0,0,25,0,0,65.2,50.6,67.6,,,60.0,53.9,,2,0,0,0,1,2,0,0,0,2,0,3,4,2.0,1.5,0.0,2
13,Jameson Williams,101701,WR,DET,1,1,1,0,0.0,0,0,-5,1,4,1,4,250.0,0,0,11,0,0,70.3,91.2,79.4,,,90.9,59.2,75.7,-5,0,144,7,31,27,0,0,10,8,0,-5,4,4.0,-5.0,4.65,0
13,Drew Sample,47259,TE,CIN,1,1,0,0,0.0,0,0,3,0,0,0,2,0.0,0,0,7,0,0,61.2,58.5,80.4,,68.5,59.4,,55.4,3,0,14,1,22,20,0,0,2,2,0,3,2,2.0,3.0,0.64,0
13,Dontayvion Wicks,99711,WR,GB,1,1,0,0,0.0,0,0,6,0,0,0,2,0.0,0,0,12,0,0,68.8,91.7,78.6,,,91.1,,55.8,6,0,94,6,23,7,0,0,7,7,0,6,2,2.0,6.0,4.09,0
13,Jared Goff,10635,QB,DET,1,1,0,0,0.0,0,0,0,0,0,0,,100.0,1,1,11,0,0,77.6,81.0,78.9,80.6,,40.1,65.6,60.3,24,0,0,0,2,30,24,1,0,0,0,24,0,0.0,24.0,0.0,0
13,Raheem Mostert,9783,HB,LV,1,1,0,0,0.0,0,0,6,0,0,0,0,0.0,0,0,23,0,0,65.8,57.4,68.4,,72.4,,59.3,,6,0,0,0,0,1,0,0,0,1,0,6,0,0.0,6.0,,1
13,AJ Barner,129433,TE,SEA,1,1,0,0,0.0,0,0,2,1,1,0,2,40.0,0,1,29,0,0,68.3,76.1,75.0,,61.7,79.8,62.6,59.7,2,0,35,4,21,29,0,0,5,5,0,2,2,2.0,2.0,1.67,0
13,Rashee Rice,97605,WR,KC,1,1,0,0,0.0,0,0,2,1,2,0,8,177.8,0,0,16,1,1,19.3,65.8,78.3,,,72.8,39.9,70.4,2,0,92,8,37,17,0,0,12,9,0,2,8,8.0,2.0,2.49,0
13,C.J. Stroud,129759,QB,HST,1,1,0,0,,0,0,0,0,0,0,,100.0,0,0,13,0,0,79.2,66.5,79.6,66.3,,,58.3,61.1,0,1,0,0,0,35,0,1,0,0,0,0,0,0.0,0.0,,0
13,Tyler Warren,129798,TE,IND,1,1,0,0,,0,0,0,0,0,0,2,0.0,0,0,14,1,0,15.4,42.4,79.3,,71.3,60.4,47.0,46.3,0,0,22,3,23,18,0,0,3,4,0,0,2,2.0,0.0,0.96,0
13,John Metchie III,97400,WR,NYJ,1,1,0,0,0.0,0,0,-2,2,0,0,2,0.0,0,0,22,0,0,68.3,41.6,79.2,,68.1,43.8,58.5,37.9,-2,1,19,4,40,21,0,0,8,5,0,-2,2,2.0,-2.0,0.48,0
13,Chimere Dike,129918,WR,TEN,1,1,1,0,0.0,0,0,1,0,0,1,2,100.0,0,0,31,0,0,23.0,48.5,77.8,,,49.2,59.2,59.9,1,0,8,1,35,7,0,0,4,2,0,1,2,2.0,1.0,0.23,0
13,Shedeur Sanders,131396,QB,CLV,1,1,0,0,0.0,0,0,0,0,0,0,,100.0,0,0,8,0,0,77.6,56.1,0.0,60.2,,,55.3,60.1,6,1,0,0,0,30,6,1,0,0,0,6,0,0.0,6.0,,0
13,Harold Fannin Jr.,163104,TE,CLV,1,1,0,0,,0,0,0,1,2,0,0,0.0,0,0,8,1,0,15.4,46.5,80.2,,80.7,55.7,47.0,60.8,0,0,43,3,28,27,0,0,5,4,0,0,0,0.0,0.0,1.54,0
13,Cam Ward,133244,QB,TEN,1,1,1,0,0.0,0,0,0,0,0,0,,100.0,0,1,31,1,0,29.4,44.7,0.0,45.3,,,63.9,60.0,7,1,0,0,0,13,7,1,0,0,0,7,6,6.0,7.0,,0
13,Deven Thompkins,84480,WR,ATL,1,1,0,0,0.0,0,0,5,0,0,0,2,0.0,0,0,2,0,0,71.1,76.0,71.9,,,72.2,62.8,59.0,5,0,23,2,4,5,0,0,2,3,0,5,2,2.0,5.0,5.75,0
13,Christian Watson,66581,WR,GB,1,1,0,0,0.0,0,0,3,0,0,0,0,0.0,0,0,12,0,0,68.3,79.4,77.0,,,81.2,56.6,58.7,3,0,80,4,27,16,0,0,10,5,0,3,0,0.0,3.0,2.96,0
13,Aaron Rodgers,2241,QB,PIT,1,1,0,0,,0,0,0,0,0,0,0,0.0,0,0,25,1,0,24.2,45.7,76.8,45.7,,,60.0,60.0,0,0,0,0,0,14,0,0,0,1,0,0,0,0.0,0.0,,0
13,Malachi Corley,66272,WR,CLV,1,1,1,0,0.0,0,0,9,0,0,1,12,1.2e3,0,0,8,0,0,71.2,61.4,79.6,,,57.2,63.1,55.8,9,0,0,0,1,20,0,0,0,1,0,9,12,12.0,9.0,0.0,0
13,Isaiah Bond,163586,WR,CLV,1,1,1,0,0.0,0,0,9,0,0,1,6,300.0,0,1,8,0,0,64.6,66.6,73.5,,,63.6,62.1,60.5,9,0,18,1,13,5,0,0,2,2,0,9,6,6.0,9.0,1.38,0
13,Daniel Jones,39395,QB,IND,1,1,0,0,0.0,0,0,1,0,0,0,-1,0.0,0,0,14,1,0,77.6,84.2,78.3,83.1,,,60.0,60.0,1,1,0,0,0,23,0,0,0,1,0,1,-1,-1.0,1.0,,1
13,Rashid Shaheed,63707,WR,SEA,1,1,0,0,0.0,0,0,9,0,0,0,2,0.0,0,0,29,0,1,73.5,56.1,76.8,,,52.9,63.7,61.2,9,0,7,1,19,12,0,0,2,2,0,9,2,2.0,9.0,0.37,0
13,Jamie Gillan,63303,P,NYG,1,1,0,0,0.0,0,0,-13,0,0,0,-1,0.0,0,0,21,0,0,61.9,60.0,60.5,,,,60.0,,-13,0,0,0,0,1,0,0,0,1,0,-13,-1,-1.0,-13.0,,0
13,Nico Collins,61441,WR,HST,1,1,0,0,0.0,0,0,7,0,0,0,3,0.0,0,1,13,0,0,69.1,82.6,79.5,,,79.9,63.1,68.4,7,0,98,5,30,24,0,0,9,6,1,7,3,3.0,7.0,3.27,0
13,Taysom Hill,12112,TE,NO,1,1,0,0,0.0,0,0,2,0,0,0,3,0.0,0,0,20,0,1,64.6,56.1,72.4,,69.6,57.4,59.5,58.3,2,0,5,1,5,6,0,0,1,2,0,2,3,3.0,2.0,1.0,0
13,DJ Moore,48267,WR,CHI,1,1,0,0,0.0,0,0,10,0,0,0,0,0.0,1,1,6,0,0,66.2,62.1,79.9,,,59.0,63.1,67.2,10,0,17,2,39,38,0,0,4,3,0,10,0,0.0,10.0,0.44,0
13,Adam Prentice,35639,FB,DEN,1,1,0,0,0.0,0,0,3,0,0,0,2,0.0,0,1,10,0,0,64.6,70.6,75.3,,,71.1,61.4,65.0,3,0,11,1,7,9,0,0,1,2,0,3,2,2.0,3.0,1.57,0
13,Jakobi Meyers,47468,WR,JAX,1,1,0,0,0.0,0,1,3,0,0,0,1,0.0,0,0,15,0,0,69.8,74.7,78.2,,,80.2,56.6,30.3,3,2,90,6,30,25,0,0,6,7,0,3,1,1.0,3.0,3.0,0
13,Luther Burden III,157170,WR,CHI,1,1,0,0,0.0,0,0,3,0,2,0,2,80.0,0,0,6,0,0,68.3,57.9,76.5,,,60.6,56.2,53.3,3,0,33,4,23,19,0,0,6,5,0,3,2,2.0,3.0,1.43,0
13,Mason Tipton,109617,WR,NO,1,1,0,0,0.0,0,0,-1,0,1,0,1,25.0,0,0,20,0,0,70.4,53.5,78.7,,,55.2,56.2,55.5,-1,0,20,3,40,18,0,0,4,4,0,-1,1,1.0,-1.0,0.5,0
13,Demarcus Robinson,10760,WR,SF,1,1,0,0,0.0,0,0,6,0,0,0,1,0.0,0,0,28,0,0,61.9,49.5,76.4,,,52.2,56.6,59.6,6,0,0,0,13,14,0,0,0,1,0,6,1,1.0,6.0,0.0,0
13,Marvin Mims Jr.,122937,WR,DEN,1,1,0,0,0.0,0,0,9,0,0,0,1,0.0,0,0,10,0,0,74.3,62.8,75.2,,,60.2,63.1,60.0,9,0,8,2,20,3,0,0,2,3,0,9,1,1.0,9.0,0.4,0
13,Matthew Stafford,4924,QB,LA,1,1,0,0,0.0,0,0,-1,0,0,0,0,0.0,0,0,26,1,0,26.3,54.2,0.0,55.8,,,60.0,60.0,-1,1,0,0,0,22,0,0,0,1,0,-1,0,0.0,-1.0,,0
13,Max Brosmer,105568,QB,MIN,1,1,0,0,0.0,0,0,-1,0,0,0,0,0.0,0,0,18,0,0,78.5,22.0,78.2,22.8,,,60.0,60.0,-1,0,0,0,0,17,0,0,0,1,0,-1,0,0.0,-1.0,,0
week,player,player_id,position,team_name,player_game_count,attempts,avoided_tackles,breakaway_attempts,breakaway_percent,breakaway_yards,declined_penalties,designed_yards,drops,elu_recv_mtf,elu_rush_mtf,elu_yco,elusive_rating,explosive,first_downs,franchise_id,fumbles,gap_attempts,grades_hands_fumble,grades_offense,grades_offense_penalty,grades_pass,grades_pass_block,grades_pass_route,grades_run,grades_run_block,longest,penalties,rec_yards,receptions,routes,run_plays,scramble_yards,scrambles,targets,total_touches,touchdowns,yards,yards_after_contact,yco_attempt,ypa,yprr,zone_attempts
14,Woody Marks,124179,HB,HST,1,26,3,0,0.0,0,0,68,0,0,3,54,22.3,0,3,13,0,6,78.9,62.5,77.8,,68.8,63.5,60.9,60.0,8,0,8,2,19,28,0,0,3,28,0,68,54,2.08,2.6,0.42,20
14,Tony Pollard,27126,HB,TEN,1,25,3,2,60.2,97,0,161,0,0,3,86,41.3,2,4,31,0,13,78.4,82.9,75.1,,49.1,53.7,81.3,60.0,65,0,0,0,8,26,0,0,0,25,2,161,86,3.44,6.4,0.0,12
14,Derrick Henry,10679,HB,BLT,1,25,8,1,20.2,19,0,94,0,1,8,62,85.8,1,6,3,0,9,78.5,68.8,75.8,,54.1,66.3,67.4,60.0,19,0,8,1,12,28,0,0,2,26,0,94,62,2.48,3.8,0.67,16
14,Jaylen Wright,146934,HB,MIA,1,24,5,0,0.0,0,0,107,1,0,5,77,66.8,3,7,17,0,8,78.4,77.7,75.7,,,28.7,80.5,60.0,12,0,0,0,6,27,0,0,2,24,1,107,77,3.21,4.5,0.0,16
14,Jonathan Taylor,57488,HB,IND,1,21,4,0,0.0,0,0,74,0,0,4,53,48.1,1,3,14,1,8,25.8,42.0,0.0,,26.9,51.5,48.0,60.0,14,1,0,0,19,22,0,0,0,21,1,74,53,2.52,3.5,0.0,13
14,Saquon Barkley,45791,HB,PHI,1,20,8,2,58.2,71,0,122,0,0,8,86,172.0,4,5,24,0,4,77.4,55.8,79.3,,4.4,50.2,65.2,60.0,52,0,0,0,28,22,0,0,1,20,1,122,86,4.3,6.1,0.0,15
14,Josh Jacobs,45953,HB,GB,1,20,9,1,24.4,21,0,86,0,1,9,80,181.8,3,7,12,0,5,77.6,84.4,73.9,,79.1,71.6,81.5,60.0,21,0,6,2,11,22,0,0,2,22,1,86,80,4.0,4.3,0.55,14
14,Bijan Robinson,123126,HB,ATL,1,20,5,0,0.0,0,0,86,0,2,5,64,101.8,1,3,2,1,3,25.7,62.9,76.6,,73.5,69.6,59.2,59.2,11,0,8,2,19,21,0,0,2,22,0,86,64,3.2,4.3,0.42,16
14,Travis Etienne Jr.,57185,HB,JAX,1,20,4,1,37.8,28,0,74,0,0,4,35,33.3,2,3,15,0,12,77.3,63.4,75.5,,83.0,76.5,58.3,59.5,28,0,8,1,14,25,0,0,1,21,2,74,35,1.75,3.7,0.57,8
14,Devin Neal,144558,HB,NO,1,19,2,1,30.0,21,0,70,0,1,2,38,30.0,1,3,20,0,1,77.3,57.2,77.5,,79.8,61.9,55.7,60.0,21,0,14,1,17,21,0,0,1,20,1,70,38,2.0,3.7,0.82,18
14,James Cook,83666,HB,BUF,1,18,4,1,22.5,18,0,80,0,1,4,56,77.8,1,2,4,2,13,18.7,56.2,0.0,,77.6,65.1,56.6,60.0,18,1,31,2,23,20,0,0,2,20,0,80,56,3.11,4.4,1.35,5
14,RJ Harvey,99622,HB,DEN,1,17,7,1,20.0,15,0,75,0,1,7,47,96.2,2,6,10,0,13,77.2,86.5,76.3,,80.9,81.2,85.6,60.0,15,0,25,6,26,19,0,0,6,23,1,75,47,2.76,4.4,0.96,3
14,Javonte Williams,77803,HB,DAL,1,17,5,0,0.0,0,0,67,0,0,5,55,85.1,2,5,9,0,7,76.6,53.4,80.0,,41.0,53.1,55.9,60.0,11,0,0,2,34,19,0,0,4,19,1,67,55,3.24,3.9,0.0,10
14,Bucky Irving,144970,HB,TB,1,15,2,1,58.2,32,0,55,0,1,2,31,36.5,2,3,30,0,5,75.9,70.8,78.3,,65.8,66.4,70.0,,32,0,26,2,18,15,0,0,2,17,0,55,31,2.07,3.7,1.44,8
14,Kimani Vidal,123727,HB,LAC,1,14,1,0,0.0,0,0,44,0,1,1,37,35.2,0,1,27,0,8,77.7,60.2,0.0,,57.8,61.7,63.3,60.0,8,1,60,1,24,17,0,0,3,15,0,44,37,2.64,3.1,2.5,6
14,Quinshon Judkins,157128,HB,CLV,1,14,4,0,0.0,0,0,26,0,1,4,30,71.4,1,2,8,0,5,75.9,48.8,76.1,44.8,16.8,54.5,59.7,60.0,14,0,58,1,12,17,0,0,2,15,0,26,30,2.14,1.9,4.83,9
14,Aaron Jones,11937,HB,MIN,1,14,3,1,23.7,18,0,76,0,0,3,42,64.3,1,4,18,0,5,75.3,76.8,74.6,,23.8,61.2,79.0,,18,0,0,0,10,14,0,0,0,14,0,76,42,3.0,5.4,0.0,9
14,Kyle Monangai,129891,HB,CHI,1,14,2,0,0.0,0,0,57,0,0,2,29,27.6,0,1,6,0,4,75.7,53.5,74.5,,13.9,57.7,56.3,60.0,9,0,0,1,11,16,0,0,2,15,0,57,29,2.07,4.1,0.0,10
14,Breece Hall,97636,HB,NYJ,1,14,1,0,0.0,0,0,43,0,0,1,37,18.9,1,1,22,0,2,75.1,58.1,77.9,,82.8,29.8,65.5,60.0,11,0,0,0,20,15,0,0,1,14,0,43,37,2.64,3.1,0.0,11
14,Omarion Hampton,162750,HB,LAC,1,13,0,2,58.9,33,0,56,0,0,0,37,0.0,3,4,27,0,2,75.5,57.7,71.6,,3.6,61.4,60.2,,18,0,11,2,8,14,0,0,2,15,0,56,37,2.85,4.3,1.38,11
14,Kyren Williams,97118,HB,LA,1,13,5,1,21.4,18,0,84,0,0,5,64,164.1,2,7,26,0,5,75.2,83.4,75.6,,81.0,61.9,85.1,,18,0,13,2,18,13,0,0,2,15,1,84,64,4.92,6.5,0.72,8
14,D'Andre Swift,57212,HB,CHI,1,13,1,0,0.0,0,0,63,1,0,1,36,17.3,0,4,6,0,3,75.4,70.1,77.4,,63.4,44.5,77.2,60.0,8,0,19,3,21,14,0,0,4,16,0,63,36,2.77,4.8,0.9,10
14,Kareem Hunt,11841,HB,KC,1,12,3,0,0.0,0,0,30,1,0,3,21,43.8,0,3,16,0,6,74.3,56.8,77.0,,76.2,30.3,64.9,60.0,6,0,0,0,23,13,0,0,2,12,1,30,21,1.75,2.5,0.0,5
14,Blake Corum,129574,HB,LA,1,12,4,3,64.8,83,0,128,0,0,4,45,115.4,4,6,26,0,4,74.5,91.9,72.6,,68.5,59.2,91.5,,48,0,3,1,7,12,0,0,1,13,2,128,45,3.75,10.7,0.43,8
14,Chase Brown,77787,HB,CIN,1,12,2,0,0.0,0,0,23,0,0,2,21,23.3,0,1,7,0,7,75.0,58.5,76.5,,40.0,65.5,57.3,,5,0,12,3,20,12,0,0,4,15,1,23,21,1.75,1.9,0.6,4
14,Jahmyr Gibbs,122474,HB,DET,1,12,2,1,44.2,19,0,43,0,5,2,18,55.3,3,4,11,0,3,75.9,73.7,81.2,,,91.3,58.0,60.0,19,0,77,7,27,14,0,0,7,19,3,43,18,1.5,3.6,2.85,8
14,Rachaad White,131633,HB,TB,1,11,2,0,0.0,0,0,53,0,0,2,30,45.5,1,3,30,0,3,74.1,71.8,78.2,,69.8,54.6,74.6,57.7,11,0,2,1,13,15,0,0,1,12,0,53,30,2.73,4.8,0.15,8
14,Jordan Mason,62946,HB,MIN,1,11,1,0,0.0,0,0,52,0,0,1,38,31.4,1,3,18,0,5,74.3,67.3,73.7,,18.5,55.3,69.5,,12,0,0,0,4,12,0,0,0,11,1,52,38,3.45,4.7,0.0,6
14,Tyler Allgeier,83639,HB,ATL,1,11,3,0,0.0,0,0,34,0,0,3,28,58.7,0,3,2,0,4,74.4,66.9,73.3,,80.6,80.9,61.3,60.0,9,0,33,2,7,12,0,0,2,13,0,34,28,2.55,3.1,4.71,7
14,Kenneth Walker III,97199,HB,SEA,1,10,6,0,0.0,0,0,29,1,1,6,30,190.9,1,2,29,0,5,74.1,58.5,74.1,,56.4,31.5,66.8,60.0,10,0,-1,1,16,12,0,0,2,11,0,29,30,3.0,2.9,-0.06,5
14,Chris Rodriguez Jr.,83689,HB,WAS,1,10,2,1,28.8,15,0,52,0,0,2,41,82.0,2,2,32,0,5,73.3,69.0,74.7,,63.8,53.8,69.6,,15,0,0,0,6,10,0,0,0,10,0,52,41,4.1,5.2,0.0,5
14,Justin Herbert,28237,QB,LAC,1,10,2,0,0.0,0,0,21,0,0,0,6,0.0,2,4,27,2,1,22.2,45.4,79.5,36.5,,,70.8,60.0,15,0,0,0,0,31,45,8,0,2,0,66,73,7.3,6.6,,1
14,Ashton Jeanty,157196,HB,LV,1,10,0,0,0.0,0,0,30,0,1,0,25,20.8,0,2,23,0,4,73.9,60.9,76.6,,79.7,56.3,61.2,,6,0,8,2,20,10,0,0,4,12,0,30,25,2.5,3.0,0.4,5
14,Josh Allen,46601,QB,BUF,1,9,5,0,0.0,0,0,-6,0,0,0,0,0.0,3,4,4,0,1,79.7,90.4,78.9,77.7,,,91.4,60.0,40,0,0,0,0,25,84,5,0,4,1,78,67,7.44,8.7,,0
14,Isiah Pacheco,83747,HB,KC,1,9,0,0,0.0,0,0,30,0,0,0,16,0.0,0,2,16,0,2,72.7,58.4,74.3,,65.8,53.6,59.7,,6,0,0,0,11,9,0,0,0,9,0,30,16,1.78,3.3,0.0,6
14,Jaylen Warren,98692,HB,PIT,1,8,0,0,0.0,0,0,13,0,2,0,15,34.1,0,0,25,0,3,74.2,56.4,73.7,,73.5,76.1,53.7,44.2,5,0,49,3,15,9,0,0,3,11,0,13,15,1.88,1.6,3.27,5
14,Ronnie Rivers,57208,HB,LA,1,8,1,0,0.0,0,0,41,0,0,1,23,35.9,0,2,26,0,6,73.5,79.2,69.9,,,,74.6,60.0,9,0,0,0,0,12,0,0,0,8,0,41,23,2.88,5.1,,2
14,Tyjae Spears,97195,HB,TEN,1,8,1,0,0.0,0,0,19,0,3,1,15,75.0,0,2,31,0,5,72.9,79.7,76.8,,61.4,86.4,71.4,60.0,8,0,28,2,15,9,0,0,3,10,0,19,15,1.88,2.4,1.87,2
14,Lamar Jackson,46416,QB,BLT,1,7,0,0,0.0,0,0,15,0,0,0,3,0.0,0,3,3,0,0,80.1,76.3,79.8,74.6,,,65.8,60.3,9,0,0,0,0,35,28,5,0,2,1,43,13,1.86,6.1,,2
14,Jacory Croskey-Merritt,102382,HB,WAS,1,7,2,0,0.0,0,0,32,0,0,2,21,85.7,1,1,32,0,5,71.4,87.9,70.1,,77.1,60.0,82.3,,10,0,0,0,1,7,0,0,0,7,0,32,21,3.0,4.6,0.0,2
14,Zach Charbonnet,97630,HB,SEA,1,7,1,1,58.7,27,0,46,1,0,1,41,65.1,1,1,29,0,4,72.3,68.6,75.9,,77.6,40.0,76.6,60.0,27,0,20,2,13,8,0,0,3,9,0,46,41,5.86,6.6,1.54,3
14,Sean Tucker,123056,HB,TB,1,7,1,0,0.0,0,0,29,0,0,1,24,49.0,1,2,30,0,4,72.1,67.4,71.8,,17.0,58.2,69.8,,13,0,0,0,2,8,0,0,0,7,1,29,24,3.43,4.1,0.0,3
14,Bam Knight,97432,HB,ARZ,1,7,0,0,0.0,0,0,16,0,0,0,17,0.0,0,1,1,0,5,73.2,52.1,76.9,,55.5,64.2,48.7,60.0,5,0,18,3,17,9,0,0,5,10,0,16,17,2.43,2.3,1.06,2
14,De'Von Achane,124305,HB,MIA,1,7,4,2,73.9,68,0,92,0,0,4,66,471.4,3,3,17,0,3,71.9,91.1,72.7,,,62.6,92.0,60.0,39,0,13,1,12,10,0,0,1,8,1,92,66,9.43,13.1,1.08,4
14,Patrick Mahomes,11765,QB,KC,1,7,1,0,0.0,0,0,0,0,0,0,,0.0,1,1,16,0,0,79.3,65.0,79.0,59.2,,,73.6,60.0,15,0,-10,1,0,22,59,7,1,1,0,59,30,4.29,8.4,,0
14,Tyler Shough,83537,QB,NO,1,7,3,1,61.8,34,0,42,0,0,0,4,0.0,3,3,20,0,0,78.2,83.7,78.7,74.8,,,82.4,60.3,34,0,0,0,0,32,13,1,0,6,2,55,27,3.86,7.9,,4
14,Baker Mayfield,46518,QB,TB,1,6,2,0,0.0,0,0,0,0,0,0,,100.0,2,3,30,0,0,79.0,37.6,79.6,34.0,,,62.3,60.0,16,0,0,0,0,34,42,6,0,0,0,42,11,1.83,7.0,,0
14,David Montgomery,45719,HB,DET,1,6,1,1,58.3,35,0,60,0,1,1,43,204.8,1,4,11,0,3,71.1,71.1,73.4,,76.9,68.1,69.3,,35,0,13,1,9,6,0,0,1,7,1,60,43,7.17,10.0,1.44,3
14,Keaton Mitchell,123826,HB,BLT,1,6,1,1,72.4,55,0,76,0,0,1,54,150.0,1,1,3,0,1,73.5,66.6,72.4,,,56.1,66.8,60.0,55,0,0,0,3,8,0,0,0,6,0,76,54,9.0,12.7,0.0,5
14,Samaje Perine,11869,HB,CIN,1,6,1,0,0.0,0,0,31,0,1,1,26,123.8,0,3,7,0,4,73.0,74.5,76.6,,70.1,67.0,72.7,,9,0,7,1,10,6,0,0,1,7,0,31,26,4.33,5.2,0.7,2
14,J.J. McCarthy,144918,QB,MIN,1,6,1,0,0.0,0,0,-4,0,0,0,0,0.0,1,2,18,0,0,78.5,78.4,78.9,73.1,,,74.5,60.0,16,0,0,0,0,33,23,2,0,4,0,19,40,6.67,3.2,,0
14,Ollie Gordon II,157792,HB,MIA,1,5,1,0,0.0,0,0,17,0,0,1,14,56.0,1,2,17,0,1,69.7,49.1,71.5,,12.2,55.7,55.0,60.0,12,0,0,0,4,9,0,0,0,5,1,17,14,2.8,3.4,0.0,4
14,Jayden Daniels,97993,QB,WAS,1,4,1,0,0.0,0,0,0,0,0,0,,100.0,0,1,32,0,0,76.6,55.7,77.1,59.6,,,49.8,60.0,5,0,0,0,0,12,16,4,0,0,0,16,11,2.75,4.0,,0
14,Jacoby Brissett,10725,QB,ARZ,1,4,0,0,0.0,0,0,5,0,0,0,0,0.0,1,1,1,0,0,80.6,57.6,78.9,57.7,,,57.8,60.0,11,0,0,0,0,12,17,3,0,1,0,22,4,1.0,5.5,,0
14,Jalen Hurts,40291,QB,PHI,1,4,0,0,0.0,0,0,-2,0,0,0,0,0.0,0,0,24,1,0,45.9,48.6,79.3,45.8,,,66.1,60.0,8,0,0,0,0,24,10,2,0,2,0,8,0,0.0,2.0,,0
14,Velus Jones Jr.,40573,HB,SEA,1,4,0,1,78.1,25,0,32,0,0,0,7,0.0,1,1,29,0,3,69.7,73.5,69.4,,,,70.5,60.0,25,0,0,0,0,6,0,0,0,4,0,32,7,1.75,8.0,,1
14,Trevor Lawrence,77632,QB,JAX,1,4,0,0,0.0,0,0,4,0,0,0,2,0.0,0,3,15,0,0,78.4,90.2,78.6,86.8,,,72.1,60.2,7,0,0,0,0,25,12,2,0,2,0,16,5,1.25,4.0,,0
14,Kenneth Gainwell,77737,HB,PIT,1,4,1,0,0.0,0,0,15,0,1,1,10,50.0,0,2,25,0,0,74.3,73.5,78.2,,73.1,69.4,71.1,60.0,6,0,27,6,19,5,0,0,6,10,1,15,10,2.5,3.8,1.42,4
14,Tyler Badie,83714,HB,DEN,1,4,0,0,0.0,0,0,16,0,0,0,10,0.0,0,1,10,0,0,69.4,69.6,71.8,,83.3,62.1,66.4,,7,0,5,1,4,4,0,0,1,5,0,16,10,2.5,4.0,1.25,4
14,Jaleel McLaughlin,138346,HB,DEN,1,4,1,0,0.0,0,0,22,0,0,1,11,55.0,1,1,10,0,2,70.3,81.8,69.5,,,72.4,77.2,60.0,11,0,9,1,3,7,0,0,1,5,0,22,11,2.75,5.5,3.0,2
14,Caleb Williams,144622,QB,CHI,1,4,0,0,0.0,0,0,2,0,0,0,0,0.0,0,2,6,0,0,79.3,60.6,79.3,61.6,,,55.2,60.0,6,0,0,0,0,30,13,3,0,1,0,15,0,0.0,3.8,,1
14,Malik Davis,57196,HB,DAL,1,3,1,0,0.0,0,0,6,0,0,1,6,66.7,0,0,9,0,1,67.2,52.4,70.7,,78.9,58.7,52.0,,3,0,0,0,1,3,0,0,0,3,0,6,6,2.0,2.0,0.0,2
14,Zavier Scott,55123,HB,MIN,1,3,2,0,0.0,0,0,15,0,0,2,17,283.3,1,1,18,0,2,68.2,69.2,68.3,,29.1,65.6,68.6,,10,0,5,1,1,3,0,0,1,4,0,15,17,5.67,5.0,5.0,1
14,Emanuel Wilson,154173,HB,GB,1,3,1,0,0.0,0,0,10,0,0,1,6,66.7,0,0,12,0,2,70.5,55.7,69.9,,64.2,56.3,57.1,,5,0,0,0,4,3,0,0,0,3,0,10,6,2.0,3.3,0.0,1
14,Audric Estime,147476,HB,NO,1,3,0,0,0.0,0,0,11,0,0,0,5,0.0,0,1,20,0,0,67.2,59.9,73.4,,,58.7,60.0,60.0,9,0,0,0,1,8,0,0,0,3,0,11,5,1.67,3.7,0.0,3
14,Dak Prescott,10769,QB,DAL,1,3,0,0,0.0,0,0,1,0,0,0,0,0.0,1,2,9,1,0,29.9,67.9,79.8,65.0,,,71.2,60.0,12,0,0,0,0,22,13,2,0,1,0,14,7,2.33,4.7,,0
14,Nick Mullens,12282,QB,JAX,1,3,0,0,0.0,0,0,-1,0,0,0,0,0.0,0,0,15,0,0,68.2,62.5,70.6,60.4,,,60.5,60.0,0,0,0,0,0,5,0,0,0,3,0,-1,0,0.0,-0.3,,0
14,Shedeur Sanders,131396,QB,CLV,1,3,1,0,0.0,0,0,0,0,0,0,,100.0,1,2,8,0,0,32.0,76.8,79.3,73.1,,,72.3,60.0,14,2,0,0,0,18,29,3,0,0,1,29,22,7.33,9.7,,0
14,Sam Darnold,29048,QB,SEA,1,3,1,0,0.0,0,0,3,0,0,0,0,0.0,1,2,29,0,0,78.7,72.9,78.3,71.6,,,62.6,60.0,12,0,0,0,0,17,20,2,0,1,0,23,20,6.67,7.7,,0
14,Michael Carter,57337,HB,ARZ,1,3,0,0,0.0,0,0,13,0,1,0,6,40.0,0,0,1,0,2,69.0,60.8,79.2,,82.7,59.5,58.0,,9,0,18,2,24,3,0,0,4,5,0,13,6,2.0,4.3,0.75,1
14,Jakobi Meyers,47468,WR,JAX,1,3,1,0,0.0,0,0,9,1,0,1,10,47.6,0,1,15,0,0,70.3,56.8,0.0,,,62.1,53.6,54.8,4,1,39,4,30,22,0,0,9,7,0,9,10,3.33,3.0,1.3,1
14,Bo Nix,97790,QB,DEN,1,3,0,0,0.0,0,0,9,0,0,0,1,0.0,0,1,10,0,0,79.9,63.0,0.0,65.0,,,57.2,60.0,8,1,0,0,0,31,6,1,0,2,1,15,1,0.33,5.0,,0
14,Jimmy Garoppolo,8697,QB,LA,1,3,0,0,0.0,0,0,-4,0,0,0,0,0.0,0,0,26,0,0,67.2,51.8,0.0,,,,60.5,60.0,-1,1,0,0,0,12,0,0,0,3,0,-4,0,0.0,-1.3,,0
14,Jayden Reed,78171,WR,GB,1,2,0,1,68.2,15,0,22,0,0,0,13,0.0,1,1,12,0,0,69.4,69.1,78.7,,,69.6,59.5,57.4,15,0,31,4,17,8,0,0,4,6,0,22,13,6.5,11.0,1.82,0
14,Aaron Rodgers,2241,QB,PIT,1,2,0,0,,0,0,-1,0,0,0,0,0.0,0,1,25,0,0,78.7,88.0,0.0,87.5,,,63.8,60.0,1,1,-9,1,0,16,1,1,1,2,1,0,0,0.0,0.0,,0
14,Ty Johnson,45769,HB,BUF,1,2,1,1,92.0,23,0,25,0,1,1,2,50.0,1,1,4,0,1,70.7,60.4,74.1,,70.4,62.7,58.3,60.0,23,0,14,2,10,4,0,0,3,4,0,25,2,1.0,12.5,1.4,0
14,Adam Prentice,35639,FB,DEN,1,2,0,1,81.8,18,0,22,0,0,0,9,0.0,1,2,10,0,0,67.8,64.9,75.0,,69.0,62.3,66.7,55.8,18,0,11,2,10,18,0,0,2,4,0,22,9,4.5,11.0,1.1,0
14,C.J. Stroud,129759,QB,HST,1,2,0,0,0.0,0,0,2,0,0,0,1,0.0,0,1,13,0,0,79.1,58.9,0.0,59.3,,,62.6,60.3,3,1,0,0,0,31,3,1,0,1,0,5,1,0.5,2.5,,0
14,Cam Ward,133244,QB,TEN,1,2,0,0,0.0,0,0,4,0,0,0,1,0.0,0,1,31,0,0,78.1,53.0,79.1,51.7,,,60.3,60.0,2,0,0,0,0,35,0,0,0,2,0,4,1,0.5,2.0,,1
14,Isaiah Davis,138299,HB,NYJ,1,2,0,1,86.4,19,0,22,0,0,0,2,0.0,1,1,22,0,0,65.2,60.8,75.7,,67.5,55.4,60.7,,19,0,0,0,7,2,0,0,0,2,0,22,2,1.0,11.0,0.0,1
14,Riley Leonard,143862,QB,IND,1,2,0,0,0.0,0,0,-1,0,0,0,0,0.0,0,1,14,0,0,78.7,55.8,78.3,53.6,,,66.4,60.0,6,0,0,0,0,18,6,1,0,1,1,5,0,0.0,2.5,,0
14,Taysom Hill,12112,TE,NO,1,2,0,0,0.0,0,0,-1,2,0,0,1,0.0,0,0,20,1,1,17.2,26.9,78.0,,,28.8,34.3,68.5,2,0,0,0,8,15,0,0,2,2,0,-1,1,0.5,-0.5,0.0,1
14,Dylan Sampson,163772,HB,CLV,1,2,0,0,0.0,0,0,4,0,3,0,4,85.7,0,1,8,1,0,18.0,59.8,78.5,,,53.4,65.1,,4,0,64,5,23,2,0,0,5,7,0,4,4,2.0,2.0,2.78,2
14,Jared Goff,10635,QB,DET,1,2,0,0,0.0,0,0,-2,0,0,0,0,0.0,0,0,11,0,0,79.5,70.4,79.0,69.2,,,60.0,60.2,-1,0,0,0,0,22,0,0,0,2,0,-2,0,0.0,-1.0,,0
14,Bhayshul Tuten,150568,HB,JAX,1,2,0,0,0.0,0,0,5,0,0,0,3,0.0,0,1,15,1,1,9.6,30.7,66.4,,,,39.1,,6,0,0,0,0,2,0,0,0,2,0,5,3,1.5,2.5,,1
14,Kaleb Johnson,156419,HB,PIT,1,2,0,0,0.0,0,0,4,0,0,0,4,0.0,0,0,25,0,0,65.2,63.4,65.5,,,59.9,62.7,,5,0,0,0,1,2,0,0,0,2,0,4,4,2.0,2.0,0.0,2
14,Marcus Mariota,9435,QB,WAS,1,2,0,0,0.0,0,0,0,0,0,0,,100.0,0,0,32,1,0,16.7,23.0,73.2,29.6,,,29.5,60.0,4,0,0,0,0,6,7,2,0,0,0,7,3,1.5,3.5,,0
14,Zach Wilson,82096,QB,MIA,1,2,0,0,0.0,0,0,-2,0,0,0,0,0.0,0,0,17,0,0,65.2,61.2,71.1,,,,60.0,60.0,-1,0,0,0,0,7,0,0,0,2,0,-2,0,0.0,-1.0,,0
14,Luther Burden III,157170,WR,CHI,1,1,0,0,0.0,0,0,3,0,0,0,2,0.0,0,0,6,0,0,68.3,76.3,78.8,,,78.3,56.6,59.2,3,0,67,4,27,22,0,0,6,5,0,3,2,2.0,3.0,2.48,0
14,Jaylin Noel,125155,WR,HST,1,1,0,0,0.0,0,0,1,0,0,0,0,0.0,0,0,13,0,1,71.7,53.1,74.6,,,54.4,58.7,59.6,1,0,12,2,17,5,0,0,2,3,0,1,0,0.0,1.0,0.71,0
14,Tua Tagovailoa,60326,QB,MIA,1,1,0,0,,0,0,0,0,0,0,0,0.0,0,0,17,1,0,75.9,54.9,78.8,54.4,,,60.0,60.0,0,0,0,0,0,35,0,0,0,1,0,0,0,0.0,0.0,,1
14,Jaxon Smith-Njigba,129758,WR,SEA,1,1,0,0,0.0,0,0,-1,0,1,0,1,12.5,0,0,29,1,0,17.7,73.6,78.6,,,72.6,,58.9,-1,0,92,7,31,13,0,0,10,8,0,-1,1,1.0,-1.0,2.97,0
14,Darren Waller,9637,TE,MIA,1,1,0,0,0.0,0,0,4,0,0,0,3,0.0,0,1,17,0,0,64.6,55.6,75.6,,,63.1,56.9,37.0,4,0,13,1,13,11,0,0,3,2,0,4,3,3.0,4.0,1.0,0
14,Tyler Warren,129798,TE,IND,1,1,0,0,0.0,0,0,2,0,0,0,3,0.0,0,1,14,0,0,66.2,50.1,80.3,,66.4,50.6,61.4,52.2,2,0,15,2,37,21,0,0,5,3,0,2,3,3.0,2.0,0.41,0
14,Dare Ogunbowale,12329,HB,HST,1,1,0,0,0.0,0,0,5,0,0,0,3,0.0,0,1,13,0,0,61.9,66.8,65.0,,,,62.6,,5,0,0,0,0,1,0,0,0,1,1,5,3,3.0,5.0,,1
14,Evan Hull,97302,HB,NO,1,1,0,0,0.0,0,0,4,0,0,0,2,0.0,0,0,20,0,0,64.6,52.1,71.3,,25.8,64.1,56.3,60.0,4,0,6,1,2,4,0,0,1,2,0,4,2,2.0,4.0,3.0,1
14,Zay Flowers,97268,WR,BLT,1,1,0,0,0.0,0,0,2,1,1,0,2,22.2,0,0,3,0,0,70.8,74.8,78.9,,,75.3,58.5,59.7,2,0,124,8,40,31,0,0,11,9,0,2,2,2.0,2.0,3.1,0
14,Kenny Pickett,60515,QB,LV,1,1,0,0,0.0,0,0,0,0,0,0,,100.0,0,1,23,0,0,73.2,86.0,73.5,82.4,,,63.3,,6,0,0,0,0,0,6,1,0,0,0,6,0,0.0,6.0,,0
14,Ja'Marr Chase,84270,WR,CIN,1,1,0,0,0.0,0,0,8,0,2,0,3,100.0,0,0,7,0,0,68.0,68.6,78.1,,,68.2,,55.6,8,0,44,5,38,18,0,0,8,6,0,8,3,3.0,8.0,1.16,0
14,Geno Smith,7820,QB,LV,1,1,1,0,0.0,0,0,0,0,0,0,,100.0,0,0,23,0,0,76.8,56.3,76.9,57.0,,,58.3,60.0,4,0,0,0,0,10,4,1,0,0,0,4,10,10.0,4.0,,0
14,Malachi Corley,66272,WR,CLV,1,1,0,0,0.0,0,0,2,0,0,0,0,0.0,0,0,8,0,0,61.9,47.9,68.0,,,58.8,56.5,59.8,2,0,0,0,2,2,0,0,0,1,0,2,0,0.0,2.0,0.0,0
14,Brashard Smith,143951,HB,KC,1,1,0,0,0.0,0,0,7,0,0,0,1,0.0,0,0,16,0,1,68.2,62.7,70.8,,,55.4,62.9,,7,0,0,0,4,1,0,0,0,1,0,7,1,1.0,7.0,0.0,0
14,Jaylen Waddle,84088,WR,MIA,1,1,0,1,100.0,21,1,21,0,0,0,0,0.0,1,1,17,0,0,69.1,75.5,0.0,,,78.9,62.8,56.5,21,1,50,5,18,32,0,0,7,6,0,21,0,0.0,21.0,2.78,0
14,Ameer Abdullah,9487,HB,IND,1,1,0,0,0.0,0,0,4,0,2,0,1,66.7,0,0,14,0,0,71.1,57.0,75.8,,26.6,58.3,59.5,60.0,4,0,5,2,13,2,0,0,2,3,0,4,1,1.0,4.0,0.38,1
14,Jameson Williams,101701,WR,DET,1,1,0,0,0.0,0,0,7,0,0,0,0,0.0,0,0,11,0,0,70.3,74.7,80.5,,,75.4,56.6,60.9,7,0,96,7,36,17,0,0,9,8,0,7,0,0.0,7.0,2.67,0
14,KaVontae Turpin,47658,WR,DAL,1,1,0,0,0.0,0,0,4,0,0,0,0,0.0,0,0,9,0,0,76.0,60.2,75.9,,,61.7,56.6,61.0,4,0,26,2,29,9,0,0,2,3,0,4,0,0.0,4.0,0.9,0
14,Rasheen Ali,121717,HB,BLT,1,1,0,0,0.0,0,0,2,0,1,0,1,33.3,0,0,3,0,0,69.8,56.1,77.1,,27.7,64.5,59.7,,2,0,11,2,17,1,0,0,3,3,0,2,1,1.0,2.0,0.65,1
14,Connor Heyward,57301,TE,PIT,1,1,0,0,0.0,0,0,2,0,0,0,1,0.0,0,1,25,0,0,61.9,68.1,71.8,,73.5,56.5,62.6,60.0,2,0,0,0,2,2,0,0,0,1,0,2,1,1.0,2.0,0.0,0
14,Tre Harris,122676,WR,LAC,1,1,0,0,0.0,0,0,3,0,0,0,7,0.0,0,0,27,0,0,64.6,58.7,75.9,,,62.9,56.6,54.5,3,0,18,1,13,24,0,0,2,2,0,3,7,7.0,3.0,1.38,0
14,Marvin Mims Jr.,122937,WR,DEN,1,1,0,0,0.0,0,0,2,0,0,0,1,0.0,0,0,10,0,0,72.1,50.9,75.6,,,54.4,56.2,60.0,2,0,5,1,15,5,0,0,1,2,0,2,1,1.0,2.0,0.33,0
14,Nick Chubb,45783,HB,HST,1,1,0,0,0.0,0,0,3,0,0,0,4,0.0,0,0,13,0,0,61.9,70.5,70.7,,80.8,56.1,62.6,60.0,3,0,0,0,3,2,0,0,0,1,0,3,4,4.0,3.0,0.0,1
14,Malik Cunningham,60436,WR,DET,1,1,0,0,0.0,0,0,1,0,0,0,2,0.0,0,0,11,0,0,61.9,53.5,64.6,,,,56.7,,1,0,0,0,0,1,0,0,0,1,0,1,2,2.0,1.0,,1
14,Jordan Love,40306,QB,GB,1,1,0,0,0.0,0,0,-1,0,0,0,0,0.0,0,0,12,0,0,77.1,90.4,78.3,89.3,,,60.0,60.0,-1,0,0,0,0,26,0,0,0,1,0,-1,0,0.0,-1.0,,0
14,Drew Lock,39517,QB,SEA,1,1,0,0,,0,0,0,0,0,0,0,0.0,0,0,29,1,0,19.7,34.1,71.5,,,,57.4,60.0,0,0,0,0,0,8,0,0,0,1,0,0,0,0.0,0.0,,1
14,Tank Bigsby,123974,HB,PHI,1,1,0,0,0.0,0,0,4,0,0,0,3,0.0,0,0,24,0,0,61.9,55.2,70.7,,,54.8,59.7,,4,0,0,0,6,1,0,0,0,1,0,4,3,3.0,4.0,0.0,1
14,Daniel Jones,39395,QB,IND,1,1,0,0,0.0,0,0,0,0,0,0,,100.0,0,0,14,0,0,71.4,36.9,74.1,38.3,,,58.3,60.0,4,0,0,0,0,6,4,1,0,0,0,4,0,0.0,4.0,,0
14,Brady Cook,124199,QB,NYJ,1,1,0,0,,0,0,0,0,0,0,0,0.0,0,0,22,2,0,22.7,31.1,78.3,36.4,,,60.0,60.0,0,0,0,0,0,14,0,0,0,1,0,0,0,0.0,0.0,,0
week,player,player_id,position,team_name,player_game_count,attempts,avoided_tackles,breakaway_attempts,breakaway_percent,breakaway_yards,declined_penalties,designed_yards,drops,elu_recv_mtf,elu_rush_mtf,elu_yco,elusive_rating,explosive,first_downs,franchise_id,fumbles,gap_attempts,grades_hands_fumble,grades_offense,grades_offense_penalty,grades_pass,grades_pass_block,grades_pass_route,grades_run,grades_run_block,longest,penalties,rec_yards,receptions,routes,run_plays,scramble_yards,scrambles,targets,total_touches,touchdowns,yards,yards_after_contact,yco_attempt,ypa,yprr,zone_attempts
15,Jonathan Taylor,57488,HB,IND,1,25,2,0,0.0,0,0,87,0,0,2,61,17.4,1,5,14,0,18,79.0,55.2,78.9,,82.6,64.1,53.3,58.0,11,0,14,3,18,29,0,0,4,28,0,87,61,2.44,3.5,0.78,7
15,Saquon Barkley,45791,HB,PHI,1,22,3,1,21.8,17,0,78,0,0,3,58,33.0,2,4,24,0,7,78.2,74.3,75.2,,76.8,58.2,73.5,60.0,17,0,14,2,11,25,0,0,3,24,1,78,58,2.64,3.5,1.27,15
15,Christian McCaffrey,11763,HB,SF,1,22,0,0,0.0,0,0,73,0,1,0,70,13.8,0,2,28,0,7,77.8,58.4,77.9,,80.8,63.8,55.5,60.0,9,0,14,1,31,24,0,0,1,23,1,73,70,3.18,3.3,0.45,14
15,James Cook,83666,HB,BUF,1,22,6,0,0.0,0,0,107,0,0,6,61,69.3,3,4,4,0,11,77.9,77.0,76.8,,62.7,59.7,77.2,60.0,12,0,4,2,18,25,0,0,3,24,2,107,61,2.77,4.9,0.22,11
15,RJ Harvey,99622,HB,DEN,1,19,0,0,0.0,0,0,65,0,0,0,39,0.0,0,2,10,1,10,25.8,51.7,76.5,,54.9,54.2,52.6,60.0,8,0,0,0,18,23,0,0,1,19,1,65,39,2.05,3.4,0.0,9
15,Bijan Robinson,123126,HB,ATL,1,19,6,0,0.0,0,0,93,0,5,6,47,100.8,3,5,2,1,1,27.7,70.2,79.9,,73.2,62.0,71.7,59.7,14,0,82,8,33,21,0,0,11,27,1,93,47,2.47,4.9,2.48,18
15,D'Andre Swift,57212,HB,CHI,1,18,5,1,17.3,17,0,98,0,0,5,71,103.8,4,6,6,0,6,77.0,82.5,76.2,,76.2,56.4,82.7,60.0,17,0,-2,1,13,21,0,0,1,19,2,98,71,3.94,5.4,-0.15,10
15,Jacory Croskey-Merritt,102382,HB,WAS,1,18,6,1,16.7,16,0,96,0,0,6,62,114.8,4,7,32,1,9,24.7,70.7,76.2,,80.6,56.2,68.4,60.0,16,0,0,0,5,23,0,0,0,18,1,96,62,3.44,5.3,0.0,9
15,Tank Bigsby,123974,HB,PHI,1,17,5,0,0.0,0,0,57,1,0,5,42,72.7,1,3,24,0,10,76.2,63.1,73.3,,74.4,27.7,68.9,60.0,13,0,0,0,7,19,0,0,1,17,0,57,42,2.47,3.4,0.0,7
15,Bucky Irving,144970,HB,TB,1,16,0,1,26.7,16,0,60,0,0,0,36,0.0,2,3,30,0,8,76.0,66.2,75.8,,18.5,59.9,68.8,60.0,16,0,11,1,15,17,0,0,2,17,0,60,36,2.25,3.8,0.73,8
15,Rico Dowdle,40693,HB,CAR,1,16,0,0,0.0,0,0,49,0,0,0,27,0.0,0,2,5,0,2,76.5,60.0,74.6,,73.4,55.3,61.0,60.0,8,0,5,1,14,18,0,0,2,17,1,49,27,1.69,3.1,0.36,14
15,Tyrone Tracy,84226,HB,NYG,1,15,3,0,0.0,0,0,70,0,0,3,49,54.4,2,5,21,0,5,76.1,68.8,0.0,,24.8,62.9,75.9,60.0,12,1,27,3,30,17,0,0,3,18,1,70,49,3.27,4.7,0.9,10
15,Jawhar Jordan,99595,HB,HST,1,15,5,1,49.5,50,0,101,0,0,5,78,152.9,3,4,13,0,4,75.9,75.4,75.2,,78.5,72.8,71.9,60.0,50,0,17,2,8,16,0,0,2,17,0,101,78,5.2,6.7,2.13,11
15,Omarion Hampton,162750,HB,LAC,1,15,1,1,42.6,26,0,61,0,0,1,37,15.4,1,5,27,0,8,75.7,71.4,73.4,,5.1,58.1,74.0,60.0,26,0,4,1,7,16,0,0,1,16,0,61,37,2.47,4.1,0.57,7
15,Kyren Williams,97118,HB,LA,1,15,1,1,24.4,19,0,78,0,0,1,43,17.9,1,4,26,0,8,75.7,72.0,75.4,,83.0,56.8,72.5,60.0,19,0,10,1,15,16,0,0,1,16,2,78,43,2.87,5.2,0.67,7
15,Javonte Williams,77803,HB,DAL,1,15,3,3,56.0,51,0,91,0,0,3,40,53.3,4,7,9,0,7,75.5,75.6,71.6,,21.8,59.8,75.9,,21,0,0,0,1,15,0,0,0,15,1,91,40,2.67,6.1,0.0,8
15,TreVeyon Henderson,145059,HB,NE,1,14,2,2,79.1,117,0,148,0,0,2,24,21.4,2,5,19,0,5,75.5,83.3,75.2,,26.9,60.2,83.8,60.0,65,0,13,2,8,16,0,0,3,16,2,148,24,1.71,10.6,1.63,5
15,Samaje Perine,11869,HB,CIN,1,14,0,0,0.0,0,0,42,0,0,0,30,0.0,0,3,7,1,8,23.3,50.4,79.4,,81.2,55.2,49.6,60.0,8,0,1,1,14,15,0,0,1,15,0,42,30,2.14,3.0,0.07,6
15,Michael Carter,57337,HB,ARZ,1,14,1,0,0.0,0,0,56,0,2,1,28,33.3,0,4,1,0,6,76.0,66.7,79.1,,57.9,70.5,64.9,60.0,8,0,38,4,31,16,0,0,4,18,0,56,28,2.0,4.0,1.23,7
15,Tony Pollard,27126,HB,TEN,1,14,2,2,40.4,42,0,104,1,0,2,55,52.4,2,4,31,0,6,75.9,79.8,73.3,,77.2,64.8,77.7,,22,0,8,1,8,15,0,0,2,15,1,104,55,3.93,7.4,1.0,7
15,Kenneth Gainwell,77737,HB,PIT,1,13,6,1,47.5,38,0,80,0,0,6,66,152.3,1,3,25,0,3,76.5,75.2,76.9,,,90.5,63.8,60.0,38,0,46,7,15,18,0,0,7,20,0,80,66,5.08,6.2,3.07,10
15,Jahmyr Gibbs,122474,HB,DET,1,13,5,0,0.0,0,0,38,2,2,5,33,104.5,0,0,11,0,8,76.0,63.9,80.0,,19.3,31.9,80.8,60.0,6,0,20,4,32,15,0,0,6,17,0,38,33,2.54,2.9,0.63,5
15,Chase Brown,77787,HB,CIN,1,13,4,0,0.0,0,0,53,0,1,4,38,73.1,1,3,7,0,8,76.5,68.6,77.7,,25.5,79.6,64.4,59.8,10,1,37,7,29,15,0,0,7,20,0,53,38,2.92,4.1,1.28,5
15,Breece Hall,97636,HB,NYJ,1,12,2,0,0.0,0,0,23,0,0,2,22,26.2,1,1,22,0,5,74.8,66.3,78.4,,13.3,75.2,66.5,60.0,13,0,14,2,17,16,0,0,2,14,0,23,22,1.83,1.9,0.82,6
15,Quinshon Judkins,157128,HB,CLV,1,12,0,0,0.0,0,0,21,0,1,0,24,13.3,0,0,8,0,2,75.0,45.6,76.9,,26.9,58.6,42.6,60.0,4,0,-4,3,23,13,0,0,4,15,0,21,24,2.0,1.8,-0.17,9
15,Jaylen Warren,98692,HB,PIT,1,12,2,0,0.0,0,0,33,0,1,2,23,38.3,0,1,25,0,5,76.4,64.8,79.6,,17.2,63.3,66.6,,6,0,15,3,14,13,0,0,3,15,0,33,23,1.92,2.8,1.07,7
15,De'Von Achane,124305,HB,MIA,1,12,0,1,25.0,15,0,60,0,3,0,38,52.8,1,1,17,0,3,75.3,79.1,77.6,,76.5,79.1,75.9,,15,0,67,6,27,11,0,0,6,18,0,60,38,3.17,5.0,2.48,8
15,Travis Etienne Jr.,57185,HB,JAX,1,12,1,0,0.0,0,0,32,0,1,1,33,36.7,0,3,15,0,5,74.6,78.8,75.5,,34.6,90.6,69.5,60.0,8,0,73,3,17,14,0,0,4,15,0,32,33,2.75,2.7,4.29,6
15,Aaron Jones,11937,HB,MIN,1,12,3,1,47.1,16,0,34,0,0,3,26,43.3,2,3,18,0,5,75.4,63.0,77.4,,74.6,65.8,60.7,,16,0,31,3,17,13,0,0,3,15,0,34,26,2.17,2.8,1.82,6
15,Kimani Vidal,123727,HB,LAC,1,12,1,0,0.0,0,0,33,0,0,1,23,14.7,0,1,27,0,6,75.3,59.1,76.4,,60.0,58.6,59.2,60.0,8,0,15,1,18,15,0,0,1,13,0,33,23,1.92,2.8,0.83,6
15,Josh Jacobs,45953,HB,GB,1,12,0,1,54.8,40,0,73,0,0,0,35,0.0,2,3,12,0,7,75.2,88.3,77.5,,30.4,85.5,84.1,,40,0,19,2,16,13,0,0,3,14,1,73,35,2.92,6.1,1.19,5
15,Josh Allen,46601,QB,BUF,1,11,1,1,41.7,20,0,27,0,0,0,5,0.0,1,4,4,0,1,80.2,82.5,79.3,70.7,,,86.7,60.0,20,0,0,0,0,32,21,4,0,7,0,48,21,1.91,4.4,,1
15,Kyle Monangai,129891,HB,CHI,1,11,0,0,0.0,0,0,33,2,0,0,29,0.0,0,1,6,0,6,73.8,49.1,78.4,,29.0,25.1,66.8,,9,0,0,0,12,11,0,0,2,11,0,33,29,2.64,3.0,0.0,5
15,Isiah Pacheco,83747,HB,KC,1,11,0,0,0.0,0,0,21,0,0,0,21,0.0,0,1,16,0,1,73.3,55.5,77.4,,,52.4,57.0,,7,0,0,0,17,10,0,0,0,11,0,21,21,1.91,1.9,0.0,9
15,Derrick Henry,10679,HB,BLT,1,11,4,3,75.0,75,0,100,0,0,4,66,218.2,3,4,3,0,5,73.8,81.9,72.6,,,56.7,79.1,,29,0,0,0,4,11,0,0,0,11,0,100,66,6.0,9.1,0.0,5
15,Blake Corum,129574,HB,LA,1,11,0,1,33.8,24,0,71,0,0,0,24,0.0,2,4,26,0,10,73.8,68.5,75.2,,44.3,51.3,73.7,60.0,24,0,0,0,16,12,0,0,0,11,1,71,24,2.18,6.5,0.0,1
15,Jordan Mason,62946,HB,MIN,1,10,4,0,0.0,0,0,29,0,0,4,26,104.0,0,1,18,0,6,73.3,68.4,72.5,,74.7,55.4,68.4,60.0,9,0,0,0,3,13,0,0,0,10,0,29,26,2.6,2.9,0.0,3
15,Marcus Mariota,9435,QB,WAS,1,10,2,0,0.0,0,0,10,0,0,1,13,52.0,1,0,32,2,1,19.1,61.8,78.9,58.9,,,64.1,60.3,11,0,0,0,0,33,33,5,0,5,0,43,34,3.4,4.3,,1
15,Kenneth Walker III,97199,HB,SEA,1,9,1,0,0.0,0,0,17,0,0,1,18,20.0,0,0,29,0,3,73.1,54.2,73.4,,12.0,53.3,57.0,60.0,6,0,2,1,14,10,0,0,1,10,0,17,18,2.0,1.9,0.14,6
15,Ashton Jeanty,157196,HB,LV,1,9,2,0,0.0,0,0,35,1,0,2,24,41.0,1,1,23,0,5,74.0,63.5,74.7,,74.9,43.6,72.4,60.0,11,0,7,4,17,10,0,0,6,13,0,35,24,2.67,3.9,0.41,4
15,Jaxson Dart,146409,QB,NYG,1,9,1,0,0.0,0,0,3,0,0,1,3,33.3,1,2,21,1,3,29.8,56.6,79.2,62.5,,,43.8,60.0,29,0,0,0,0,22,60,6,0,3,0,63,17,1.89,7.0,,0
15,Jeremy McNichols,11917,HB,WAS,1,9,0,0,0.0,0,0,6,0,1,0,13,14.4,0,1,32,1,2,21.9,42.5,0.0,,83.5,64.5,40.8,,6,1,16,1,14,10,0,0,1,10,0,6,13,1.44,0.7,1.14,7
15,Isaiah Davis,138299,HB,NYJ,1,9,1,1,41.4,24,0,58,0,0,1,19,21.1,1,2,22,0,3,73.1,74.8,73.0,,80.4,54.9,76.6,,24,0,7,1,13,9,0,0,1,10,1,58,19,2.11,6.4,0.54,5
15,Brian Robinson,57120,HB,SF,1,9,0,0,0.0,0,0,21,0,0,0,15,0.0,0,1,28,0,5,74.2,41.9,70.1,,,56.7,45.1,,6,0,0,0,2,9,0,0,0,9,0,21,15,1.67,2.3,0.0,4
15,Chuba Hubbard,57373,HB,CAR,1,8,1,0,0.0,0,0,29,0,2,1,16,66.7,1,2,5,0,0,74.1,62.4,76.2,,74.1,62.2,61.3,60.0,10,0,9,1,14,9,0,0,1,9,0,29,16,2.0,3.6,0.64,6
15,Zach Charbonnet,97630,HB,SEA,1,8,0,0,0.0,0,0,31,0,0,0,15,0.0,0,4,29,0,3,72.1,59.0,75.2,,39.6,52.4,64.0,60.0,8,0,0,0,15,9,0,0,1,8,0,31,15,1.88,3.9,0.0,5
15,Tyler Shough,83537,QB,NO,1,8,1,0,0.0,0,0,14,0,0,1,1,4.0,1,2,20,0,1,80.5,80.6,79.3,80.7,,,62.0,60.2,13,0,0,0,0,24,18,3,0,5,0,32,1,0.13,4.0,,1
15,Malik Davis,57196,HB,DAL,1,8,0,0,0.0,0,0,21,1,0,0,14,0.0,0,3,9,0,3,73.2,56.0,77.9,,39.4,44.4,63.9,60.0,6,0,16,2,12,11,0,0,3,10,1,21,14,1.75,2.6,1.33,5
15,Keaton Mitchell,123826,HB,BLT,1,8,1,2,56.1,37,0,66,0,0,1,47,73.4,3,3,3,0,5,72.1,65.7,71.6,,,56.4,65.5,60.0,22,0,0,0,4,12,0,0,1,8,0,66,47,5.88,8.3,0.0,3
15,Bryce Young,123943,QB,CAR,1,7,1,0,0.0,0,0,2,0,0,0,1,0.0,3,3,5,0,0,78.0,78.4,78.5,78.7,,,63.9,60.0,15,0,0,0,0,25,47,6,0,1,0,49,17,2.43,7.0,,0
15,Bo Nix,97790,QB,DEN,1,7,1,0,0.0,0,0,6,0,0,0,5,0.0,0,2,10,0,1,79.9,83.1,79.2,84.7,,,57.4,60.0,4,0,0,0,0,29,4,2,0,5,0,10,15,2.14,1.4,,0
15,Brock Purdy,77672,QB,SF,1,7,2,0,0.0,0,0,5,0,0,0,1,0.0,1,4,28,1,0,79.5,91.0,0.0,90.7,,,71.0,60.0,26,1,0,0,0,33,39,5,0,2,0,44,17,2.43,6.3,,0
15,David Montgomery,45719,HB,DET,1,7,4,0,0.0,0,0,32,0,0,4,20,163.3,1,3,11,0,4,71.4,78.5,73.3,,56.6,55.5,79.0,,10,0,0,0,8,7,0,0,0,7,1,32,20,2.86,4.6,0.0,3
15,Jalen Hurts,40291,QB,PHI,1,7,2,0,0.0,0,0,27,0,0,2,10,80.0,1,4,24,0,1,76.8,79.5,78.1,80.6,,,63.5,60.0,13,0,0,0,0,32,12,2,0,5,0,39,10,1.43,5.6,,2
15,Woody Marks,124179,HB,HST,1,7,0,0,0.0,0,0,30,0,0,0,16,0.0,1,3,13,0,3,72.5,59.9,72.6,,,60.7,56.5,60.0,11,0,8,1,4,9,0,0,1,8,0,30,16,2.29,4.3,2.0,4
15,Devin Neal,144558,HB,NO,1,7,3,1,53.6,15,0,28,0,0,3,14,75.0,1,3,20,0,2,72.3,62.2,73.7,,24.7,61.3,65.0,60.0,15,0,4,1,7,10,0,0,1,8,1,28,14,2.0,4.0,0.57,5
15,Brady Cook,124199,QB,NYJ,1,6,1,0,0.0,0,0,2,0,0,0,1,0.0,2,2,22,0,0,79.4,53.3,79.2,51.2,,,62.1,60.0,12,0,0,0,0,27,37,5,0,1,0,39,13,2.17,6.5,,0
15,C.J. Stroud,129759,QB,HST,1,6,0,0,0.0,0,0,3,0,0,0,1,0.0,0,1,13,1,0,78.8,79.2,79.1,81.7,,,54.3,60.7,6,0,0,0,0,33,7,2,0,4,0,10,7,1.17,1.7,,1
15,Kareem Hunt,11841,HB,KC,1,6,0,0,0.0,0,0,12,0,0,0,9,0.0,0,4,16,0,3,71.1,58.7,77.4,,33.2,59.5,59.4,,4,0,8,1,21,6,0,0,2,7,0,12,9,1.5,2.0,0.38,3
15,Rhamondre Stevenson,98689,HB,NE,1,6,1,1,30.0,15,1,50,0,1,1,30,111.1,2,4,19,0,2,72.0,83.3,0.0,,65.0,78.3,88.9,58.4,15,1,27,3,19,10,0,0,3,9,0,50,30,5.0,8.3,1.42,4
15,Trevor Lawrence,77632,QB,JAX,1,5,1,0,0.0,0,0,10,0,0,0,4,0.0,2,3,15,0,0,79.3,93.5,78.3,91.3,,,80.6,60.0,20,1,0,0,0,15,41,3,0,2,1,51,9,1.8,10.2,,0
15,Devin Singletary,40485,HB,NYG,1,5,1,0,0.0,0,0,13,0,0,1,8,26.7,0,0,21,0,1,71.5,55.6,72.3,,72.5,56.2,57.1,60.0,8,0,1,1,8,6,0,0,1,6,0,13,8,1.6,2.6,0.13,4
15,Dare Ogunbowale,12329,HB,HST,1,5,0,0,0.0,0,0,2,0,0,0,7,0.0,0,0,13,0,2,71.4,60.7,76.2,,75.8,74.2,48.3,,4,0,32,3,14,5,0,0,4,8,0,2,7,1.4,0.4,2.29,2
15,Evan Hull,97302,HB,NO,1,4,0,0,0.0,0,0,12,0,0,0,5,0.0,0,0,20,0,2,72.9,57.1,74.5,,52.8,54.1,58.8,59.7,6,0,0,0,8,9,0,0,0,4,0,12,5,1.25,3.0,0.0,2
15,Ameer Abdullah,9487,HB,IND,1,4,2,0,0.0,0,0,15,0,2,2,20,222.2,0,0,14,0,0,73.3,71.7,72.2,,73.4,89.2,64.7,57.2,8,0,32,5,6,7,0,0,5,9,0,15,20,5.0,3.8,5.33,4
15,Ty Johnson,45769,HB,BUF,1,4,0,0,0.0,0,0,13,0,0,0,5,0.0,0,1,4,0,1,69.7,63.2,77.5,,,60.0,65.6,60.0,9,0,15,3,10,5,0,0,3,7,0,13,5,1.25,3.3,1.5,1
15,Sean Tucker,123056,HB,TB,1,4,0,0,0.0,0,0,7,0,0,0,14,0.0,0,1,30,0,4,72.0,60.1,69.3,,69.7,57.7,60.1,,6,0,0,0,2,5,0,0,0,4,1,7,14,3.5,1.8,0.0,0
15,Drake Maye,143969,QB,NE,1,4,3,0,0.0,0,0,15,0,0,1,8,200.0,2,4,19,0,0,77.7,69.1,78.2,60.2,,,82.0,60.0,17,0,0,0,0,23,28,2,0,2,2,43,34,8.5,10.8,,1
15,Sam Darnold,29048,QB,SEA,1,4,0,0,0.0,0,0,1,0,0,0,0,0.0,0,2,29,1,0,28.8,64.4,78.7,73.5,,,29.4,60.0,4,0,0,0,0,20,4,2,0,2,0,5,0,0.0,1.3,,0
15,J.J. McCarthy,144918,QB,MIN,1,4,1,0,0.0,0,0,0,0,0,0,0,0.0,0,2,18,0,0,77.5,89.7,78.3,90.5,,,56.2,60.0,8,0,0,0,0,27,15,2,0,2,1,15,17,4.25,3.8,,0
15,LeQuint Allen,158290,HB,JAX,1,4,0,0,0.0,0,0,11,0,0,0,9,0.0,0,0,15,0,1,70.7,60.2,71.8,,75.0,59.4,59.4,60.0,6,0,5,1,9,8,0,0,1,5,0,11,9,2.25,2.8,0.56,3
15,Connor Heyward,57301,TE,PIT,1,4,0,0,0.0,0,0,4,0,0,0,1,0.0,0,3,25,0,0,70.1,74.5,69.2,,,,71.1,,2,0,0,0,0,4,0,0,0,4,1,4,1,0.25,1.0,,0
15,Nick Mullens,12282,QB,JAX,1,3,0,0,0.0,0,0,-2,0,0,0,0,0.0,0,0,15,0,0,67.2,61.6,71.5,,,,60.5,60.0,0,0,0,0,0,8,0,0,0,3,0,-2,0,0.0,-0.7,,0
15,Jacoby Brissett,10725,QB,ARZ,1,3,0,0,0.0,0,0,3,0,0,0,2,0.0,0,1,1,0,0,80.3,56.2,79.0,56.3,,,57.4,60.0,3,0,0,0,0,20,3,1,0,2,0,6,3,1.0,2.0,,0
15,Jordan Love,40306,QB,GB,1,3,2,0,0.0,0,0,0,0,0,0,,100.0,1,2,12,0,0,80.1,69.1,79.2,63.9,,,78.1,60.0,24,0,0,0,0,18,29,3,0,0,0,29,33,11.0,9.7,,0
15,Tyler Huntley,46448,QB,BLT,1,3,0,0,0.0,0,0,-3,0,0,0,0,0.0,0,0,3,0,0,67.2,61.5,69.9,,,,60.5,60.0,-1,0,0,0,0,5,0,0,0,3,0,-3,0,0.0,-1.0,,0
15,Hunter Luepke,91319,FB,DAL,1,3,0,0,0.0,0,0,16,0,0,0,9,0.0,0,1,9,0,1,69.0,50.8,75.7,,17.4,76.7,57.5,54.8,8,0,14,2,5,5,0,0,2,5,0,16,9,3.0,5.3,2.8,2
15,Tyjae Spears,97195,HB,TEN,1,3,2,1,58.8,20,0,34,0,1,2,16,320.0,1,3,31,0,1,70.0,70.1,76.5,,80.8,57.6,72.8,,20,0,2,2,14,4,0,0,2,5,0,34,16,5.33,11.3,0.14,2
15,Caleb Williams,144622,QB,CHI,1,3,0,0,0.0,0,0,-1,0,0,0,0,0.0,1,1,6,1,1,27.8,85.1,79.2,90.2,,,39.4,60.0,14,0,0,0,0,33,14,1,0,2,0,13,0,0.0,4.3,,0
15,Audric Estime,147476,HB,NO,1,3,0,0,0.0,0,0,11,0,1,0,6,33.3,0,1,20,0,0,70.6,68.3,75.7,,79.0,78.9,59.9,60.0,5,0,39,3,15,6,0,0,3,6,0,11,6,2.0,3.7,2.6,3
15,Dylan Laube,88664,HB,LV,1,2,0,0,0.0,0,0,4,0,0,0,3,0.0,0,0,23,0,2,71.9,51.2,64.5,,,,53.6,,3,0,0,0,0,2,0,0,0,2,0,4,3,1.5,2.0,,0
15,Corey Kiner,86392,HB,ARZ,1,2,0,0,0.0,0,0,11,0,0,0,6,0.0,0,1,1,0,1,67.7,58.9,66.8,,65.8,58.0,59.3,,7,0,0,0,2,2,0,0,0,2,0,11,6,3.0,5.5,0.0,1
15,Puka Nacua,100632,WR,LA,1,2,1,0,0.0,0,0,8,1,3,1,9,163.6,0,0,26,0,0,72.0,95.0,77.4,,,94.6,60.7,59.2,6,0,181,9,26,12,0,0,11,11,0,8,9,4.5,4.0,6.96,0
15,Chris Brooks,83644,HB,GB,1,2,0,0,0.0,0,0,10,0,0,0,9,0.0,0,0,12,0,0,66.7,72.2,76.8,,81.2,58.3,66.2,72.4,7,0,6,1,11,2,0,0,2,3,0,10,9,4.5,5.0,0.55,2
15,Tyler Allgeier,83639,HB,ATL,1,2,2,1,83.3,15,0,18,0,0,2,7,350.0,1,1,2,0,0,65.2,57.8,72.0,,59.7,55.1,58.9,,15,0,0,0,6,2,0,0,0,2,0,18,7,3.5,9.0,0.0,2
15,Kenny Pickett,60515,QB,LV,1,2,1,0,0.0,0,0,-1,0,0,1,3,300.0,0,1,23,0,0,77.6,50.4,77.3,45.9,,,71.5,60.0,8,0,0,0,0,12,8,1,0,1,0,7,3,1.5,3.5,,1
15,Lamar Jackson,46416,QB,BLT,1,2,0,0,0.0,0,0,0,0,0,0,,100.0,2,2,3,1,0,26.4,81.5,76.8,73.0,,,78.2,60.0,14,0,0,0,0,17,26,2,0,0,0,26,25,12.5,13.0,,0
15,Shedeur Sanders,131396,QB,CLV,1,2,1,0,0.0,0,0,0,0,0,0,,100.0,1,1,8,0,0,79.3,33.2,0.0,34.0,,,63.7,60.0,15,1,0,0,0,14,24,2,0,0,0,24,37,18.5,12.0,,0
15,Khalil Herbert,41668,HB,NYJ,1,2,0,0,0.0,0,0,5,0,0,0,2,0.0,0,0,22,0,0,65.2,54.6,70.5,,,57.2,56.3,,3,0,0,0,3,2,0,0,0,2,0,5,2,1.0,2.5,0.0,2
15,Jaleel McLaughlin,138346,HB,DEN,1,2,0,0,0.0,0,0,4,0,0,0,2,0.0,0,0,10,0,1,67.7,51.2,69.0,,,55.7,53.3,60.0,2,0,0,0,5,4,0,0,0,2,0,4,2,1.0,2.0,0.0,1
15,Brashard Smith,143951,HB,KC,1,2,0,0,0.0,0,0,1,0,0,0,2,0.0,0,0,16,0,1,65.2,55.5,68.7,,,59.7,56.9,,2,0,0,0,1,2,0,0,0,2,0,1,2,1.0,0.5,0.0,0
15,Justin Herbert,28237,QB,LAC,1,2,0,0,,0,0,0,0,0,0,3,0.0,0,0,27,0,0,78.7,67.0,79.0,67.8,,,54.8,60.0,1,0,0,0,0,31,0,0,0,2,0,0,3,1.5,0.0,,1
15,Joe Burrow,28022,QB,CIN,1,2,0,0,0.0,0,0,0,0,0,0,,100.0,0,0,7,0,0,80.1,78.9,79.6,82.5,,,42.9,60.0,3,0,0,0,0,28,5,2,0,0,0,5,0,0.0,2.5,,0
15,Taysom Hill,12112,TE,NO,1,2,0,0,0.0,0,0,2,0,0,0,2,0.0,0,1,20,0,0,65.2,58.1,73.3,,,53.5,64.0,57.2,2,0,0,0,9,6,0,0,0,2,0,2,2,1.0,1.0,0.0,2
15,Emanuel Wilson,154173,HB,GB,1,2,0,0,0.0,0,0,3,0,0,0,1,0.0,0,0,12,0,1,71.9,43.5,73.2,,31.2,55.9,54.1,44.2,2,0,0,0,6,3,0,0,0,2,0,3,1,0.5,1.5,0.0,1
15,Kaleb Johnson,156419,HB,PIT,1,2,0,0,0.0,0,0,4,0,0,0,6,0.0,0,0,25,0,0,65.2,51.2,64.4,,,,53.7,,3,0,0,0,0,2,0,0,0,2,0,4,6,3.0,2.0,,2
15,Patrick Mahomes,11765,QB,KC,1,2,0,0,0.0,0,0,0,0,0,0,,100.0,1,1,16,0,0,78.7,65.2,78.4,62.6,,,66.4,60.0,12,0,0,0,0,18,15,2,0,0,1,15,6,3.0,7.5,,0
15,Ollie Gordon II,157792,HB,MIA,1,2,0,0,,0,0,0,0,0,0,3,0.0,0,0,17,0,1,65.2,54.4,69.4,,,57.3,56.0,,4,0,0,0,3,2,0,0,0,2,0,0,3,1.5,0.0,0.0,1
15,Kalel Mullings,129590,HB,TEN,1,1,0,0,0.0,0,0,3,0,0,0,4,0.0,0,1,31,0,1,61.9,63.9,64.5,,,,62.1,60.0,3,0,0,0,0,2,0,0,0,1,0,3,4,4.0,3.0,,0
15,Harold Fannin Jr.,163104,TE,CLV,1,1,0,0,0.0,0,0,2,0,1,0,0,0.0,0,0,8,0,0,70.3,56.0,5.9,,74.1,59.5,59.2,56.6,2,1,48,7,40,13,0,0,14,8,0,2,0,0.0,2.0,1.2,0
15,Trayveon Williams,45775,HB,CLV,1,1,0,0,0.0,0,0,3,0,0,0,3,0.0,0,1,8,0,0,69.8,67.0,76.0,,83.1,60.3,61.4,,3,0,4,2,14,1,0,0,2,3,0,3,3,3.0,3.0,0.29,1
15,Chimere Dike,129918,WR,TEN,1,1,0,0,0.0,0,0,-7,1,1,0,0,0.0,0,0,31,0,0,72.9,52.2,75.2,,,54.1,60.0,54.0,-7,0,17,4,24,13,0,0,5,5,0,-7,0,0.0,-7.0,0.71,0
15,Bhayshul Tuten,150568,HB,JAX,1,1,0,0,0.0,0,0,7,0,0,0,4,0.0,0,0,15,0,0,70.5,67.0,72.4,,69.2,66.1,63.1,60.0,7,0,16,1,8,2,0,0,1,2,0,7,4,4.0,7.0,2.0,0
15,Rachaad White,131633,HB,TB,1,1,2,1,100.0,20,0,20,0,0,2,22,2.2e3,1,1,30,0,1,64.6,65.3,77.7,,26.8,55.2,69.8,68.1,20,0,6,1,17,4,0,0,1,2,0,20,22,22.0,20.0,0.35,0
15,Tanner McKee,131770,QB,PHI,1,1,0,0,0.0,0,0,0,0,0,0,,100.0,0,1,24,0,0,66.9,89.6,74.1,85.8,,,63.9,60.0,9,0,0,0,0,13,9,1,0,0,0,9,4,4.0,9.0,,0
15,Cam Ward,133244,QB,TEN,1,1,0,0,0.0,0,0,2,0,0,0,0,0.0,0,1,31,0,0,77.8,59.1,78.2,56.8,,,62.6,60.0,2,0,0,0,0,22,0,0,0,1,0,2,0,0.0,2.0,,0
15,Dak Prescott,10769,QB,DAL,1,1,0,0,0.0,0,0,2,0,0,0,3,0.0,0,0,9,0,0,79.4,69.5,79.3,69.2,,,58.7,60.0,2,1,0,0,0,29,0,0,0,1,0,2,3,3.0,2.0,,0
15,Brandon Aubrey,156112,K,DAL,1,1,0,0,0.0,0,0,6,0,0,0,0,0.0,0,1,9,0,0,61.9,70.4,60.5,,,,63.1,,6,0,0,0,0,1,0,0,0,1,0,6,0,0.0,6.0,,0
15,Colston Loveland,158540,TE,CHI,1,1,0,0,0.0,0,0,-2,0,0,0,0,0.0,0,0,6,0,0,68.3,87.3,76.8,,,89.7,59.2,68.4,-2,0,63,4,21,22,0,0,5,5,0,-2,0,0.0,-2.0,3.0,0
15,Adam Prentice,35639,FB,DEN,1,1,0,0,0.0,0,0,-1,0,0,0,0,0.0,0,0,10,0,0,61.9,47.2,75.3,,73.4,55.0,58.9,47.9,-1,0,0,0,6,10,0,0,0,1,0,-1,0,0.0,-1.0,0.0,0
15,Bam Knight,97432,HB,ARZ,1,1,0,0,0.0,0,0,-2,0,0,0,0,0.0,0,0,1,0,0,61.9,53.9,62.8,,,,56.3,,-2,0,0,0,0,1,0,0,0,1,0,-2,0,0.0,-2.0,,1
15,Matthew Stafford,4924,QB,LA,1,1,0,0,0.0,0,0,0,0,0,0,,100.0,0,0,26,1,0,79.5,71.7,79.4,72.0,,,55.3,60.0,2,1,0,0,0,28,2,1,0,0,0,2,0,0.0,2.0,,0
15,C.J. Ham,11347,FB,MIN,1,1,0,0,0.0,0,0,1,0,0,0,0,0.0,0,1,18,0,0,61.9,68.2,75.0,,26.9,55.0,60.1,65.0,1,0,0,0,5,10,0,0,0,1,1,1,0,0.0,1.0,0.0,0
15,Philip Rivers,1725,QB,IND,1,1,0,0,,0,0,0,0,0,0,5,0.0,0,0,14,1,0,77.2,55.3,78.8,55.0,,,60.0,60.0,0,1,0,0,0,31,0,0,0,1,0,0,5,5.0,0.0,,1
15,John Metchie III,97400,WR,NYJ,1,1,0,0,0.0,0,0,4,0,0,0,1,0.0,0,0,22,0,0,68.3,61.9,79.7,,,64.3,56.6,52.7,4,0,25,4,26,24,0,0,5,5,0,4,1,1.0,4.0,0.96,0
15,Jonnu Smith,11855,TE,PIT,1,1,1,0,0.0,0,0,14,0,1,1,7,466.7,1,1,25,0,0,66.2,58.0,74.4,,,66.5,62.9,38.7,14,1,12,2,9,9,0,0,2,3,1,14,7,7.0,14.0,1.33,1
15,Troy Franklin,146567,WR,DEN,1,1,0,0,0.0,0,0,3,0,1,0,3,42.9,0,0,10,0,0,68.8,88.0,77.4,,,85.3,,62.2,3,0,85,6,23,9,0,0,7,7,0,3,3,3.0,3.0,3.7,0
15,Jalen Nailor,84292,WR,MIN,1,1,0,0,0.0,0,0,-2,0,0,0,0,0.0,0,0,18,0,0,67.4,86.0,73.9,,,88.1,60.0,53.3,-2,1,47,3,16,11,0,0,4,4,0,-2,0,0.0,-2.0,2.94,0
15,Demario Douglas,104155,WR,NE,1,1,0,0,0.0,0,0,5,0,0,0,2,0.0,0,0,19,0,0,61.9,52.3,71.5,,,55.4,58.5,60.0,5,0,0,0,6,3,0,0,0,1,0,5,2,2.0,5.0,0.0,0
15,Mason Tipton,109617,WR,NO,1,1,0,0,0.0,0,0,-4,0,0,0,-1,0.0,0,0,20,1,0,15.5,46.7,76.9,,,55.8,46.0,58.9,-4,0,5,1,34,17,0,0,2,2,0,-4,-1,-1.0,-4.0,0.15,0
15,Adonai Mitchell,146712,WR,NYJ,1,1,0,0,0.0,0,0,-4,1,0,0,1,0.0,0,0,22,0,0,69.8,67.4,79.3,,,68.5,56.6,59.2,-4,0,58,6,36,18,0,0,8,7,0,-4,1,1.0,-4.0,1.61,0
15,Marvin Mims Jr.,122937,WR,DEN,1,1,0,0,0.0,0,0,8,0,2,0,0,0.0,0,0,10,0,0,69.8,68.7,75.3,,,69.9,56.6,85.2,8,0,29,4,12,9,0,0,6,5,0,8,0,0.0,8.0,2.42,0
15,Brian Thomas Jr.,146760,WR,JAX,1,1,0,0,0.0,0,0,5,1,0,0,3,0.0,0,0,15,0,0,68.3,62.3,0.0,,,66.4,56.6,60.1,5,1,66,4,29,16,0,0,7,5,0,5,3,3.0,5.0,2.28,0
15,Dyami Brown,77986,WR,JAX,1,1,0,0,0.0,0,0,4,0,0,0,0,0.0,0,0,15,1,0,16.2,24.3,69.9,,,,42.2,59.2,4,0,0,0,0,5,0,0,0,1,0,4,0,0.0,4.0,,0
15,Emari Demercado,77763,HB,ARZ,1,1,0,0,0.0,0,0,1,0,1,0,0,0.0,0,0,1,0,0,66.2,58.5,70.6,,26.9,65.0,59.7,,1,0,0,2,5,1,0,0,3,3,0,1,0,0.0,1.0,0.0,1
15,Rashid Shaheed,63707,WR,SEA,1,1,0,0,0.0,0,0,-3,0,1,0,0,0.0,0,0,29,0,0,75.5,74.8,77.3,,,79.1,56.6,30.9,-3,0,74,5,32,8,0,0,7,6,0,-3,0,0.0,-3.0,2.31,0
15,Bo Melton,61610,WR,GB,1,1,0,0,,0,0,0,0,0,0,1,0.0,0,0,12,0,0,61.9,62.3,70.5,,,57.4,59.2,84.0,0,0,0,0,3,6,0,0,1,1,0,0,1,1.0,0.0,0.0,0
15,Jaylen Wright,146934,HB,MIA,1,1,0,0,0.0,0,0,2,0,0,0,1,0.0,0,0,17,0,1,64.6,64.3,68.1,,,77.8,59.7,,2,0,9,1,3,1,0,0,1,2,0,2,1,1.0,2.0,3.0,0
15,Tua Tagovailoa,60326,QB,MIA,1,1,0,0,0.0,0,0,0,0,0,0,,100.0,0,0,17,0,0,78.4,61.1,78.0,62.8,,,54.9,60.0,1,1,0,0,0,14,1,1,0,0,0,1,0,0.0,1.0,,0
15,KaVontae Turpin,47658,WR,DAL,1,1,1,0,0.0,0,0,2,0,0,1,1,33.3,0,0,9,0,1,72.1,76.2,71.6,,,68.6,62.9,61.2,2,0,10,2,8,6,0,0,2,3,0,2,1,1.0,2.0,1.25,0
15,Andrew Beck,47121,FB,NYJ,1,1,0,0,0.0,0,0,5,0,0,0,2,0.0,0,1,22,0,0,61.9,67.2,73.8,,,54.2,62.4,59.6,5,0,0,0,4,7,0,0,1,1,0,5,2,2.0,5.0,0.0,0
15,Baker Mayfield,46518,QB,TB,1,1,1,0,0.0,0,0,0,0,0,0,,100.0,0,0,30,0,0,80.0,67.3,79.2,67.9,,,55.7,60.1,1,0,0,0,0,22,1,1,0,0,0,1,8,8.0,1.0,,0
week,player,player_id,position,team_name,player_game_count,attempts,avoided_tackles,breakaway_attempts,breakaway_percent,breakaway_yards,declined_penalties,designed_yards,drops,elu_recv_mtf,elu_rush_mtf,elu_yco,elusive_rating,explosive,first_downs,franchise_id,fumbles,gap_attempts,grades_hands_fumble,grades_offense,grades_offense_penalty,grades_pass,grades_pass_block,grades_pass_route,grades_run,grades_run_block,longest,penalties,rec_yards,receptions,routes,run_plays,scramble_yards,scrambles,targets,total_touches,touchdowns,yards,yards_after_contact,yco_attempt,ypa,yprr,zone_attempts
16,Ashton Jeanty,157196,HB,LV,1,24,10,1,39.8,51,0,128,0,1,10,106,194.3,1,3,23,0,4,78.3,81.7,77.0,,65.8,92.3,71.8,60.0,51,0,60,1,22,26,0,0,2,25,1,128,106,4.42,5.3,2.73,19
16,Kyren Williams,97118,HB,LA,1,23,3,0,0.0,0,0,70,0,0,3,45,22.6,0,3,26,0,9,78.8,66.2,76.1,,54.0,52.9,69.7,,8,0,15,3,32,25,0,0,3,26,0,70,45,1.96,3.0,0.47,14
16,Tony Pollard,27126,HB,TEN,1,21,7,1,14.7,15,0,102,0,0,7,85,134.9,3,3,31,1,11,26.8,61.9,76.3,,20.8,53.8,65.1,60.0,15,0,0,0,11,24,0,0,0,21,0,102,85,4.05,4.9,0.0,10
16,Christian McCaffrey,11763,HB,SF,1,21,3,2,35.9,42,0,117,0,1,3,82,57.8,3,6,28,0,3,78.2,72.2,76.9,,77.3,71.8,70.1,60.0,24,0,29,6,29,22,0,0,8,27,0,117,82,3.9,5.6,1.0,17
16,Saquon Barkley,45791,HB,PHI,1,21,6,1,36.4,48,0,132,0,0,6,109,148.3,3,7,24,0,7,77.7,78.9,79.9,,19.5,50.1,88.8,60.0,48,0,0,0,26,23,0,0,2,21,1,132,109,5.19,6.3,0.0,14
16,Aaron Jones,11937,HB,MIN,1,21,2,1,17.6,15,0,85,0,0,2,57,23.6,1,5,18,0,12,77.9,74.3,75.6,,,58.0,74.6,,15,0,8,2,15,22,0,0,2,23,0,85,57,2.71,4.0,0.53,9
16,Bucky Irving,144970,HB,TB,1,19,3,0,0.0,0,0,71,0,0,3,49,40.7,1,4,30,0,5,77.0,83.0,78.0,,68.5,53.7,85.3,60.0,12,0,0,0,15,21,0,0,0,19,0,71,49,2.58,3.7,0.0,13
16,Derrick Henry,10679,HB,BLT,1,18,3,3,51.6,66,0,128,0,0,3,83,76.9,3,5,3,1,9,24.7,74.2,72.9,,,56.7,72.2,60.0,23,0,0,0,4,20,0,0,0,18,2,128,83,4.61,7.1,0.0,9
16,Travis Etienne Jr.,57185,HB,JAX,1,16,3,1,48.0,24,0,50,0,1,3,52,65.0,2,2,15,0,7,25.4,45.5,79.5,,20.1,40.0,53.4,60.0,24,0,16,4,23,20,0,0,5,20,0,50,52,3.25,3.1,0.7,8
16,Breece Hall,97636,HB,NYJ,1,16,4,0,0.0,0,0,54,0,1,4,46,79.9,0,5,22,0,1,76.6,84.2,75.1,,75.8,72.7,82.3,60.0,7,0,9,2,21,18,0,0,2,18,0,54,46,2.88,3.4,0.43,14
16,James Cook,83666,HB,BUF,1,16,3,2,50.4,59,0,117,1,0,3,83,91.5,3,5,4,0,10,76.0,76.7,72.6,,24.6,32.9,82.0,60.0,44,0,17,1,8,17,0,0,2,17,2,117,83,5.19,7.3,2.13,6
16,Omarion Hampton,162750,HB,LAC,1,16,7,1,21.2,18,0,85,0,0,7,62,159.6,3,4,27,0,10,76.7,84.9,74.4,,20.7,62.5,86.4,60.0,18,0,10,1,13,19,0,0,2,17,1,85,62,3.88,5.3,0.77,6
16,Jonathan Taylor,57488,HB,IND,1,16,4,0,0.0,0,0,46,0,0,4,27,35.5,0,4,14,0,9,76.4,69.6,78.6,,58.8,62.3,71.5,60.0,7,0,33,3,30,17,0,0,3,19,1,46,27,1.69,2.9,1.1,4
16,Tyrone Tracy,84226,HB,NYG,1,16,4,1,25.4,18,0,71,0,0,4,57,79.2,2,3,21,0,2,76.6,63.8,0.0,,74.9,60.5,65.2,60.0,18,1,7,2,5,20,0,0,2,18,0,71,57,3.56,4.4,1.4,14
16,Tyler Allgeier,83639,HB,ATL,1,16,3,0,0.0,0,0,79,0,0,3,51,56.3,3,4,2,0,3,76.4,77.1,72.1,,68.5,59.6,75.6,60.0,12,0,-6,1,6,23,0,0,1,17,0,79,51,3.19,4.9,-1.0,13
16,Bijan Robinson,123126,HB,ATL,1,16,2,1,38.2,29,0,76,1,3,2,47,63.9,3,4,2,0,2,77.4,64.1,77.4,,78.1,62.9,66.9,31.4,29,0,92,7,31,19,0,0,10,23,0,76,47,2.94,4.8,2.97,14
16,Jawhar Jordan,99595,HB,HST,1,15,4,0,0.0,0,0,53,0,2,4,51,102.0,3,3,13,0,3,76.5,76.1,76.0,,73.7,75.4,71.4,,12,0,17,5,11,15,0,0,5,20,0,53,51,3.4,3.5,1.55,11
16,Chris Rodriguez Jr.,83689,HB,WAS,1,15,7,1,31.7,20,0,63,0,1,7,62,206.7,1,5,32,0,6,75.7,76.4,74.3,,69.7,58.0,75.4,60.0,20,0,6,1,10,17,0,0,1,16,1,63,62,4.13,4.2,0.6,9
16,De'Von Achane,124305,HB,MIA,1,15,1,1,59.3,48,0,81,0,1,1,85,63.0,1,1,17,0,6,76.3,67.2,76.0,,79.3,60.4,68.3,58.5,48,0,9,3,19,20,0,0,3,18,1,81,85,5.67,5.4,0.47,9
16,Blake Corum,129574,HB,LA,1,14,0,0,0.0,0,0,48,1,0,0,25,0.0,0,4,26,0,9,75.3,62.4,72.7,,75.9,29.5,67.9,,9,0,13,1,6,14,0,0,2,15,1,48,25,1.79,3.4,2.17,5
16,Jaylen Warren,98692,HB,PIT,1,14,3,3,77.6,111,0,143,0,1,3,41,73.2,4,4,25,0,6,76.6,72.4,78.0,,78.1,54.0,74.2,60.0,45,0,8,2,17,15,0,0,2,16,2,143,41,2.93,10.2,0.47,8
16,Emanuel Wilson,154173,HB,GB,1,14,3,0,0.0,0,0,82,0,0,3,54,82.7,3,5,12,0,4,75.1,67.5,75.0,,78.9,25.2,83.4,44.1,14,0,0,0,11,19,0,0,0,14,0,82,54,3.86,5.9,0.0,10
16,Tyjae Spears,97195,HB,TEN,1,13,3,1,28.8,15,0,52,0,5,3,44,150.4,2,4,31,0,4,75.5,68.7,79.4,,53.4,85.7,58.8,60.0,15,0,53,5,11,16,0,0,5,18,1,52,44,3.38,4.0,4.82,7
16,D'Andre Swift,57212,HB,CHI,1,13,3,0,0.0,0,0,58,0,0,3,46,70.8,0,2,6,0,5,75.2,67.2,75.8,,5.2,63.4,70.0,,9,0,12,2,21,13,0,0,2,15,0,58,46,3.54,4.5,0.57,8
16,Chase Brown,77787,HB,CIN,1,12,3,0,0.0,0,0,66,0,2,3,51,132.8,2,2,7,0,4,75.2,81.8,76.4,,21.5,90.6,75.7,,12,0,43,4,20,12,0,0,4,16,1,66,51,4.25,5.5,2.15,7
16,Taysom Hill,12112,TE,NO,1,12,2,0,0.0,0,0,42,0,1,2,40,62.5,0,3,20,1,6,24.3,65.3,76.2,76.0,5.1,73.3,53.7,60.0,8,0,36,4,19,14,0,0,5,16,0,42,40,3.33,3.5,1.89,3
16,Josh Jacobs,45953,HB,GB,1,12,2,0,0.0,0,0,36,0,0,2,19,22.6,0,2,12,1,7,22.8,51.8,74.2,,73.4,61.9,50.8,59.7,7,0,12,2,8,17,0,0,2,14,0,36,19,1.58,3.0,1.5,5
16,Raheim Sanders,146626,HB,CLV,1,11,3,0,0.0,0,0,42,0,1,3,39,118.2,0,4,8,0,5,74.1,62.9,71.6,,,60.7,62.6,60.0,9,0,4,1,5,14,0,0,1,12,0,42,39,3.55,3.8,0.8,6
16,Devin Singletary,40485,HB,NYG,1,11,0,0,0.0,0,0,47,0,0,0,28,0.0,0,3,21,0,2,74.5,66.4,72.1,,82.9,61.4,64.0,,8,0,-1,1,4,12,0,0,1,12,0,47,28,2.55,4.3,-0.25,9
16,Michael Carter,57337,HB,ARZ,1,11,1,2,66.2,43,0,65,0,0,1,47,38.8,2,2,1,0,8,73.8,68.4,74.6,,73.4,50.9,71.8,60.0,22,0,0,0,17,12,0,0,1,11,0,65,47,4.27,5.9,0.0,3
16,Kenneth Walker III,97199,HB,SEA,1,11,4,2,72.0,72,0,100,0,2,4,35,136.4,2,3,29,0,3,73.7,83.3,76.5,,73.8,80.0,80.7,60.0,55,0,64,3,14,10,0,0,3,14,1,100,35,3.18,9.1,4.57,5
16,Drake Maye,143969,QB,NE,1,10,0,1,64.0,16,0,13,0,0,0,1,0.0,1,3,19,2,1,38.4,69.9,79.4,69.2,,,61.7,60.0,16,0,0,0,0,21,12,3,0,7,0,25,10,1.0,2.5,,1
16,Malik Willis,60341,QB,GB,1,10,3,0,0.0,0,0,16,0,0,1,10,27.8,2,3,12,1,0,25.0,65.4,77.7,67.8,,,58.0,60.0,13,0,0,0,0,29,28,4,0,6,0,44,26,2.6,4.4,,3
16,Kyle Monangai,129891,HB,CHI,1,9,2,0,0.0,0,0,50,0,0,2,39,72.2,2,4,6,0,2,73.7,74.2,78.2,,72.4,67.0,74.7,,13,0,43,3,15,9,0,0,4,12,0,50,39,4.33,5.6,2.87,6
16,Rico Dowdle,40693,HB,CAR,1,9,0,0,0.0,0,0,29,0,0,0,15,0.0,1,2,5,0,5,74.0,53.9,76.3,,55.4,62.7,51.1,60.0,13,0,14,4,16,11,0,0,4,13,0,29,15,1.67,3.2,0.88,4
16,Jaylen Wright,146934,HB,MIA,1,9,1,0,0.0,0,0,35,1,1,1,20,44.4,1,3,17,0,2,73.1,61.3,73.4,,,35.8,68.4,,10,0,18,1,9,9,0,0,2,10,1,35,20,2.22,3.9,2.0,6
16,Zach Charbonnet,97630,HB,SEA,1,9,3,0,0.0,0,0,32,0,0,3,28,71.8,0,3,29,0,4,74.0,66.9,75.7,,74.3,59.1,69.4,60.0,9,0,22,4,21,11,0,0,4,13,1,32,28,3.11,3.6,1.05,5
16,Keaton Mitchell,123826,HB,BLT,1,9,5,0,0.0,0,0,13,0,0,5,14,86.4,0,1,3,0,6,72.7,57.1,72.4,,77.3,55.3,57.5,59.4,5,0,0,0,6,11,0,0,0,9,0,13,14,1.56,1.4,0.0,3
16,Javonte Williams,77803,HB,DAL,1,9,1,0,0.0,0,0,34,0,0,1,26,26.3,0,1,9,0,2,73.4,69.1,77.1,,80.1,57.0,70.9,60.0,8,0,9,2,18,10,0,0,3,11,0,34,26,2.89,3.8,0.5,7
16,Kenneth Gainwell,77737,HB,PIT,1,9,3,1,36.0,18,0,50,0,0,3,31,73.8,2,3,25,0,2,75.7,86.9,81.3,,78.4,90.4,70.8,60.0,18,0,78,5,25,10,0,0,6,14,0,50,31,3.44,5.6,3.12,6
16,Jacory Croskey-Merritt,102382,HB,WAS,1,8,2,0,0.0,0,0,25,0,0,2,24,75.0,1,2,32,0,1,72.1,65.9,70.1,,,56.8,65.7,,13,0,0,0,3,8,0,0,0,8,1,25,24,3.0,3.1,0.0,7
16,Isiah Pacheco,83747,HB,KC,1,8,0,0,0.0,0,0,34,0,0,0,22,0.0,0,2,16,0,3,74.1,68.4,78.4,,71.4,68.7,67.4,60.0,6,0,41,6,20,9,0,0,7,14,0,34,22,2.75,4.3,2.05,5
16,Quinshon Judkins,157128,HB,CLV,1,8,1,0,0.0,0,0,22,1,1,1,17,32.7,0,2,8,0,4,74.5,71.0,74.0,,,58.9,75.3,60.0,5,0,29,5,15,10,0,0,6,13,0,22,17,2.13,2.8,1.93,4
16,Justin Herbert,28237,QB,LAC,1,8,1,0,0.0,0,0,0,0,0,0,2,0.0,1,2,27,1,1,28.2,88.1,79.0,91.6,,,51.9,60.0,34,0,0,0,0,31,42,4,0,4,1,42,64,8.0,5.3,,0
16,Malik Davis,57196,HB,DAL,1,8,2,0,0.0,0,0,23,0,0,2,25,78.1,0,2,9,0,3,72.1,54.8,73.9,,73.2,53.6,55.5,60.0,8,0,0,0,8,9,0,0,0,8,0,23,25,3.13,2.9,0.0,5
16,Rhamondre Stevenson,98689,HB,NE,1,8,2,1,41.2,21,0,51,0,1,2,36,135.0,2,3,19,0,7,73.2,72.2,79.0,,50.9,67.8,77.3,59.7,21,0,27,2,34,15,0,0,3,10,1,51,36,4.5,6.4,0.79,1
16,RJ Harvey,99622,HB,DEN,1,7,2,1,76.0,38,0,50,1,2,2,40,207.8,1,3,10,0,4,73.0,71.9,76.2,,47.4,60.3,79.6,60.0,38,0,71,4,22,8,0,0,5,11,1,50,40,5.71,7.1,3.23,3
16,Samaje Perine,11869,HB,CIN,1,7,1,0,0.0,0,0,25,1,0,1,12,19.0,0,3,7,0,2,72.3,64.0,75.7,,73.1,47.8,69.3,60.0,7,0,16,2,13,10,0,0,3,9,1,25,12,1.71,3.6,1.23,5
16,Jahmyr Gibbs,122474,HB,DET,1,7,1,0,0.0,0,0,2,1,3,1,9,30.3,0,1,11,1,3,23.7,56.4,81.4,,51.5,65.9,45.2,60.0,6,0,66,10,42,8,0,0,13,17,0,2,9,1.29,0.3,1.57,4
16,Jalen Hurts,40291,QB,PHI,1,7,1,0,0.0,0,0,0,0,0,0,0,0.0,2,3,24,1,1,29.1,65.4,79.2,61.6,,,69.0,60.0,16,1,0,0,0,26,40,5,0,2,0,40,14,2.0,5.7,,0
16,Josh Allen,46601,QB,BUF,1,7,0,0,0.0,0,0,5,0,0,0,4,0.0,0,2,4,0,1,77.4,82.7,78.0,83.3,,,63.2,60.0,7,0,0,0,0,27,12,2,0,5,0,17,4,0.57,2.4,,0
16,Chuba Hubbard,57373,HB,CAR,1,6,1,0,0.0,0,0,27,0,0,1,14,33.3,2,4,5,0,2,71.1,68.5,73.5,,48.2,56.5,72.7,60.0,10,0,7,1,10,7,0,0,1,7,0,27,14,2.33,4.5,0.7,4
16,Nick Chubb,45783,HB,HST,1,6,4,1,90.9,30,0,33,0,0,4,36,342.9,1,1,13,0,3,71.1,74.0,74.5,,37.5,70.2,75.0,60.0,30,0,9,1,7,7,0,0,1,7,0,33,36,6.0,5.5,1.29,2
16,Trevor Lawrence,77632,QB,JAX,1,6,1,0,0.0,0,0,3,0,0,0,0,0.0,1,5,15,0,1,80.6,81.8,79.3,76.0,,,78.3,60.0,10,0,0,0,0,24,17,2,0,4,1,20,35,5.83,3.3,,2
16,Corey Kiner,86392,HB,ARZ,1,6,3,0,0.0,0,0,32,0,0,3,22,183.3,0,2,1,0,4,70.6,65.9,70.0,,,57.0,65.5,,9,0,0,0,3,6,0,0,0,6,0,32,22,3.67,5.3,0.0,2
16,Evan Hull,97302,HB,NO,1,5,0,0,0.0,0,0,3,0,0,0,7,0.0,0,0,20,0,3,69.7,47.2,73.7,,5.2,52.4,53.1,,3,0,0,0,10,5,0,0,0,5,0,3,7,1.4,0.6,0.0,2
16,TreVeyon Henderson,145059,HB,NE,1,5,1,0,0.0,0,0,3,0,0,1,7,23.3,0,0,19,0,2,71.1,56.3,71.6,,67.1,65.9,54.3,60.0,6,0,9,1,5,8,0,0,1,6,0,3,7,1.4,0.6,1.8,3
16,Audric Estime,147476,HB,NO,1,5,1,0,0.0,0,0,19,0,2,1,9,67.5,0,2,20,0,2,71.4,64.5,78.2,,81.4,58.8,67.4,60.0,5,0,17,3,33,8,0,0,4,8,0,19,9,1.8,3.8,0.52,3
16,Kimani Vidal,123727,HB,LAC,1,5,1,0,0.0,0,0,11,0,0,1,13,52.0,0,1,27,0,3,72.0,55.4,73.2,,15.9,52.4,61.6,60.0,6,0,0,0,13,6,0,0,0,5,0,11,13,2.6,2.2,0.0,2
16,Kirk Cousins,7102,QB,ATL,1,5,0,0,0.0,0,0,-3,0,0,0,2,0.0,0,2,2,1,1,79.6,79.3,79.6,77.3,,,65.0,60.0,2,0,0,0,0,39,0,0,0,5,1,-3,2,0.4,-0.6,,0
16,Emari Demercado,77763,HB,ARZ,1,5,1,0,0.0,0,0,30,1,0,1,14,56.0,1,1,1,0,1,69.7,63.0,78.1,,80.1,33.3,75.0,,12,0,0,0,10,5,0,0,1,5,0,30,14,2.8,6.0,0.0,4
16,Rachaad White,131633,HB,TB,1,5,1,1,86.7,39,0,45,0,1,1,14,80.0,1,1,30,0,2,70.9,63.7,76.4,,35.1,68.8,64.2,60.0,39,0,15,2,11,10,0,0,2,7,0,45,14,2.8,9.0,1.36,3
16,Brian Robinson,57120,HB,SF,1,5,0,0,0.0,0,0,20,0,0,0,12,0.0,1,1,28,0,0,72.0,62.6,71.0,,,55.5,63.7,,11,0,0,0,5,5,0,0,1,5,0,20,12,2.4,4.0,0.0,5
16,Jaleel McLaughlin,138346,HB,DEN,1,5,3,1,43.2,16,0,37,0,0,3,16,192.0,1,1,10,0,0,68.6,69.7,76.8,,,56.9,69.5,60.0,16,0,0,0,3,7,0,0,0,5,0,37,16,3.2,7.4,0.0,4
16,LeQuint Allen,158290,HB,JAX,1,4,0,0,0.0,0,0,10,0,0,0,9,0.0,0,0,15,0,3,72.3,55.1,74.6,,72.4,53.1,54.3,,5,0,0,0,10,4,0,0,0,4,0,10,9,2.25,2.5,0.0,1
16,Tahj Brooks,123133,HB,CIN,1,4,1,0,0.0,0,0,7,0,0,1,6,37.5,0,0,7,0,1,70.1,48.5,68.3,,,59.7,51.0,60.0,3,0,0,0,1,5,0,0,0,4,0,7,6,1.5,1.8,0.0,3
16,C.J. Stroud,129759,QB,HST,1,4,0,0,,0,0,-2,0,0,0,0,0.0,0,0,13,1,0,42.2,72.3,79.0,76.3,,,39.7,60.0,2,0,0,0,0,25,2,1,0,3,0,0,0,0.0,0.0,,0
16,Sean Tucker,123056,HB,TB,1,4,0,0,0.0,0,0,3,0,0,0,5,0.0,0,1,30,0,3,71.3,60.9,66.9,,68.5,,60.4,,3,0,0,0,0,4,0,0,0,4,1,3,5,1.25,0.8,,1
16,Bryce Young,123943,QB,CAR,1,4,0,0,0.0,0,0,8,0,0,0,0,0.0,0,0,5,0,0,78.9,91.6,78.3,90.4,,,69.9,60.0,9,0,0,0,0,18,12,2,0,2,0,20,10,2.5,5.0,,1
16,Bo Nix,97790,QB,DEN,1,4,0,0,0.0,0,0,7,0,0,0,0,0.0,1,1,10,1,0,35.6,55.0,79.1,60.8,,,34.5,60.0,12,0,0,0,0,15,4,1,0,3,0,11,0,0.0,2.8,,2
16,Tank Bigsby,123974,HB,PHI,1,4,2,1,59.5,22,0,37,0,0,2,13,162.5,2,2,24,0,1,68.6,83.8,70.5,,5.3,,82.2,60.0,22,0,0,0,0,7,0,0,0,4,1,37,13,3.25,9.3,,3
16,Baker Mayfield,46518,QB,TB,1,4,0,0,0.0,0,0,0,0,0,0,0,0.0,2,2,30,0,1,78.4,74.7,0.0,71.7,,,74.3,60.0,26,1,0,0,0,31,49,2,0,2,0,49,0,0.0,12.3,,0
16,Cam Ward,133244,QB,TEN,1,4,1,0,0.0,0,0,-2,0,0,0,0,0.0,1,1,31,0,0,78.6,89.9,79.4,88.0,,,65.8,60.0,11,0,0,0,0,40,11,1,0,3,0,9,16,4.0,2.3,,0
16,Hassan Haskins,83701,HB,LAC,1,4,0,0,0.0,0,0,14,0,0,0,13,0.0,0,1,27,0,4,68.6,60.4,67.7,,,,60.5,60.0,7,0,0,0,0,6,0,0,0,4,0,14,13,3.25,3.5,,0
16,David Montgomery,45719,HB,DET,1,4,0,1,121.4,17,0,14,0,0,0,7,0.0,1,1,11,0,2,68.6,55.9,72.5,,69.2,55.3,56.5,,17,0,0,0,8,4,0,0,0,4,0,14,7,1.75,3.5,0.0,2
16,Shedeur Sanders,131396,QB,CLV,1,4,2,0,0.0,0,0,0,0,0,0,,100.0,3,2,8,0,0,78.6,64.0,79.0,59.2,,,68.7,60.0,16,1,0,0,0,28,49,4,0,0,0,49,50,12.5,12.3,,0
16,Ray Davis,101072,HB,BUF,1,3,0,0,0.0,0,0,14,0,1,0,12,80.0,0,1,4,0,1,73.3,63.6,70.5,,,81.2,57.6,60.0,8,0,20,2,3,5,0,0,2,5,0,14,12,4.0,4.7,6.67,2
16,Malachi Corley,66272,WR,CLV,1,3,1,0,0.0,0,0,30,0,0,1,26,173.3,2,2,8,0,0,73.3,69.8,75.8,,,63.1,71.5,60.2,14,0,11,2,14,15,0,0,3,5,0,30,26,8.67,10.0,0.79,0
16,Kareem Hunt,11841,HB,KC,1,3,1,0,0.0,0,0,2,0,0,1,8,88.9,0,1,16,0,1,67.2,53.9,75.3,,18.6,55.7,59.8,,2,0,0,0,6,3,0,0,0,3,0,2,8,2.67,0.7,0.0,2
16,Caleb Williams,144622,QB,CHI,1,3,0,0,0.0,0,0,0,0,0,0,,100.0,1,1,6,0,0,79.3,74.0,79.0,65.5,,,86.8,60.1,12,2,0,0,0,22,30,3,0,0,0,30,0,0.0,10.0,,0
16,Isaiah Davis,138299,HB,NYJ,1,3,1,0,0.0,0,0,8,0,0,1,7,33.3,0,0,22,0,0,70.3,66.4,76.4,,76.9,77.0,57.6,,5,0,52,4,17,3,0,0,4,7,0,8,7,2.33,2.7,3.06,3
16,Trayveon Williams,45775,HB,CLV,1,3,1,0,0.0,0,0,17,0,0,1,11,52.4,1,1,8,0,1,70.3,68.0,75.3,,63.3,79.1,60.9,60.0,11,0,38,4,11,4,0,0,4,7,0,17,11,3.67,5.7,3.45,2
16,Ty Johnson,45769,HB,BUF,1,3,0,0,0.0,0,0,16,0,0,0,9,0.0,0,2,4,0,1,67.2,71.6,77.8,,,48.8,78.4,57.9,9,0,0,0,10,6,0,0,0,3,1,16,9,3.0,5.3,0.0,2
16,Sam Darnold,29048,QB,SEA,1,3,1,0,0.0,0,0,2,0,0,0,0,0.0,0,1,29,0,0,80.1,63.2,79.2,62.6,,,60.0,60.0,4,0,0,0,0,21,5,2,0,1,0,7,6,2.0,2.3,,0
16,Max Brosmer,105568,QB,MIN,1,3,0,0,0.0,0,0,-3,0,0,0,0,0.0,0,0,18,0,0,73.3,77.8,76.1,77.2,,,60.5,60.0,-1,0,0,0,0,19,0,0,0,3,0,-3,0,0.0,-1.0,,0
16,Tyler Goodson,101659,HB,IND,1,3,1,0,0.0,0,0,9,0,0,1,3,33.3,0,0,14,0,2,70.5,60.2,68.1,,,60.0,60.2,60.0,6,0,0,0,1,4,0,0,0,3,0,9,3,1.0,3.0,0.0,1
16,Mac Jones,60323,QB,SF,1,3,0,0,0.0,0,0,-3,0,0,0,0,0.0,0,0,28,0,0,67.2,61.2,68.2,,,,60.5,,-1,0,0,0,0,3,0,0,0,3,0,-3,0,0.0,-1.0,,0
16,Tre Tucker,101106,WR,LV,1,2,0,0,0.0,0,0,11,0,0,0,3,0.0,0,0,23,0,0,69.4,73.1,78.2,,,74.4,59.5,56.1,8,0,43,4,26,27,0,0,5,6,0,11,3,1.5,5.5,1.65,0
16,Matthew Stafford,4924,QB,LA,1,2,0,0,0.0,0,0,0,0,0,0,,100.0,0,0,26,0,0,80.8,79.9,80.3,80.1,,,52.3,60.0,4,1,0,0,0,39,6,2,0,0,0,6,1,0.5,3.0,,0
16,Dak Prescott,10769,QB,DAL,1,2,0,0,0.0,0,0,0,0,0,0,,100.0,0,1,9,0,0,78.1,83.3,78.3,81.4,,,63.7,60.0,8,0,0,0,0,19,14,2,0,0,0,14,10,5.0,7.0,,0
16,Jonnu Smith,11855,TE,PIT,1,2,0,1,71.4,20,0,28,0,0,0,18,0.0,1,1,25,0,1,65.2,54.1,0.0,,,50.4,77.9,43.0,20,1,0,0,16,10,0,0,1,2,0,28,18,9.0,14.0,0.0,0
16,Joe Burrow,28022,QB,CIN,1,2,0,0,0.0,0,0,1,0,0,0,1,0.0,0,1,7,0,0,78.5,88.1,78.5,86.5,,,62.6,60.0,5,1,0,0,0,20,5,1,0,1,0,6,1,0.5,3.0,,0
16,Jordan Love,40306,QB,GB,1,2,0,0,0.0,0,0,0,0,0,0,0,0.0,0,1,12,1,0,73.9,59.2,75.6,56.0,,,63.9,60.0,7,0,0,0,0,9,7,1,0,1,0,7,0,0.0,3.5,,0
16,Chris Oladokun,40364,QB,KC,1,2,0,0,0.0,0,0,0,0,0,0,,100.0,0,0,16,1,0,24.0,53.2,76.6,54.9,,,54.6,60.0,5,0,0,0,0,8,7,2,0,0,0,7,1,0.5,3.5,,0
16,Lamar Jackson,46416,QB,BLT,1,2,1,0,0.0,0,0,7,0,0,1,6,150.0,0,0,3,0,2,72.7,85.2,75.6,86.7,,,58.3,60.0,4,0,0,0,0,16,0,0,0,2,0,7,6,3.0,3.5,,0
16,Tyler Huntley,46448,QB,BLT,1,2,0,0,0.0,0,0,-1,0,0,0,0,0.0,0,0,3,0,0,73.3,70.3,76.5,71.4,,,57.9,60.0,3,0,0,0,0,16,3,1,0,1,0,2,0,0.0,1.0,,0
16,KaVontae Turpin,47658,WR,DAL,1,2,0,0,0.0,0,0,13,0,0,0,4,0.0,0,0,9,0,0,75.1,52.7,73.0,,,52.0,59.5,54.8,9,0,14,2,10,7,0,0,4,4,0,13,4,2.0,6.5,1.4,0
16,Zavier Scott,55123,HB,MIN,1,2,0,0,0.0,0,0,4,0,0,0,5,0.0,0,1,18,0,2,66.7,70.9,70.0,,74.1,75.8,65.0,,4,0,8,1,4,2,0,0,1,3,0,4,5,2.5,2.0,2.0,0
16,Jordan Mason,62946,HB,MIN,1,2,0,0,0.0,0,0,5,0,0,0,3,0.0,0,0,18,0,0,66.7,63.2,69.0,,,60.3,62.5,,5,0,6,1,2,2,0,0,1,3,0,5,3,1.5,2.5,3.0,2
16,Brock Purdy,77672,QB,SF,1,2,0,0,0.0,0,0,2,0,0,0,1,0.0,0,1,28,1,0,78.5,96.6,78.8,95.7,,,62.2,60.0,9,0,0,0,0,27,9,1,0,1,0,11,2,1.0,5.5,,0
16,Tyler Shough,83537,QB,NO,1,2,0,0,0.0,0,0,0,0,0,0,,100.0,0,0,20,0,0,81.0,60.4,79.5,61.6,,,52.3,60.1,4,0,0,0,0,21,8,2,0,0,0,8,0,0.0,4.0,,0
16,Aaron Rodgers,2241,QB,PIT,1,2,0,0,0.0,0,0,0,0,0,0,,100.0,0,0,25,0,0,80.3,81.0,79.4,81.9,,,51.1,60.1,7,0,0,0,0,25,9,2,0,0,0,9,6,3.0,4.5,,0
16,Savion Williams,123101,WR,GB,1,2,1,0,0.0,0,0,9,0,0,1,5,125.0,0,0,12,0,1,70.8,58.8,66.5,,,,59.3,60.0,6,0,0,0,0,3,0,0,0,2,0,9,5,2.5,4.5,,1
16,Quinn Ewers,127253,QB,MIA,1,2,0,0,0.0,0,0,0,0,0,0,0,0.0,0,0,17,0,0,78.0,59.2,78.6,60.4,,,53.6,60.0,5,0,0,0,0,27,5,1,0,1,0,5,0,0.0,2.5,,0
16,Tanner McKee,131770,QB,PHI,1,2,0,0,0.0,0,0,-2,0,0,0,0,0.0,0,0,24,0,0,65.2,60.8,69.2,,,,60.0,60.0,-1,0,0,0,0,4,0,0,0,2,0,-2,0,0.0,-1.0,,0
16,J.J. McCarthy,144918,QB,MIN,1,2,0,0,0.0,0,0,0,0,0,0,,100.0,1,1,18,1,0,21.5,45.7,0.0,41.2,,,74.8,60.0,12,1,0,0,0,11,20,2,0,0,1,20,3,1.5,10.0,,0
16,Jaxson Dart,146409,QB,NYG,1,2,2,0,0.0,0,0,3,0,0,0,1,0.0,0,1,21,0,0,76.6,42.7,0.0,42.6,,,62.3,60.0,4,1,0,0,0,31,4,1,0,1,0,7,15,7.5,3.5,,0
16,Matthew Golden,156165,WR,GB,1,2,0,0,0.0,0,0,4,0,0,0,7,0.0,0,0,12,0,0,65.2,49.1,75.4,,,55.4,50.5,60.3,3,0,0,0,9,13,0,0,0,2,0,4,7,3.5,2.0,0.0,0
16,Julius Chestnut,109239,HB,TEN,1,1,0,0,0.0,0,0,1,0,0,0,1,0.0,0,1,31,0,0,61.9,71.8,68.6,,,59.6,62.4,,1,0,0,0,1,1,0,0,0,1,0,1,1,1.0,1.0,0.0,0
16,Ollie Gordon II,157792,HB,MIA,1,1,0,0,0.0,0,0,-1,0,0,0,0,0.0,0,0,17,0,0,61.9,55.9,67.5,,,58.3,59.3,,-1,0,0,0,2,1,0,0,0,1,0,-1,0,0.0,-1.0,0.0,0
16,AJ Barner,129433,TE,SEA,1,1,0,0,0.0,0,0,1,1,0,0,1,0.0,0,1,29,0,0,68.3,70.7,77.9,,73.0,65.1,62.6,69.9,1,0,49,4,36,20,0,0,5,5,0,1,1,1.0,1.0,1.36,0
16,Wan'Dale Robinson,101735,WR,NYG,1,1,0,0,0.0,0,0,3,0,0,0,2,0.0,0,0,21,0,0,67.4,55.8,80.3,,,54.3,56.6,82.0,3,0,19,3,18,31,0,0,4,4,0,3,2,2.0,3.0,1.06,0
16,Kalel Mullings,129590,HB,TEN,1,1,0,0,,0,0,0,0,0,0,1,0.0,0,0,31,0,1,61.9,52.2,67.7,,70.4,,57.1,60.0,0,0,0,0,0,4,0,0,0,1,0,0,1,1.0,0.0,,0
16,Zay Flowers,97268,WR,BLT,1,1,0,1,100.0,18,0,18,0,1,0,2,25.0,1,1,3,1,0,18.6,75.5,78.5,,,73.5,69.8,43.0,18,0,84,7,22,26,0,0,7,8,1,18,2,2.0,18.0,3.82,0
16,Malik Washington,97108,WR,MIA,1,1,0,0,0.0,0,0,9,0,2,0,1,100.0,0,1,17,0,0,74.6,61.2,76.3,,,56.7,62.8,71.5,9,0,23,1,20,10,0,0,1,2,1,9,1,1.0,9.0,1.15,0
16,Hunter Luepke,91319,FB,DAL,1,1,0,0,,0,0,0,1,1,0,0,0.0,0,0,9,0,0,64.6,44.8,71.6,,,35.4,58.9,60.0,0,0,14,1,6,2,0,0,2,2,0,0,0,0.0,0.0,2.33,0
16,Chris Brooks,83644,HB,GB,1,1,0,0,0.0,0,0,4,0,0,0,3,0.0,0,0,12,0,0,61.9,54.9,74.0,,,52.0,59.7,59.0,4,0,0,0,11,4,0,0,0,1,0,4,3,3.0,4.0,0.0,1
16,Marcus Mariota,9435,QB,WAS,1,1,0,0,0.0,0,0,-1,0,0,0,0,0.0,0,0,32,0,0,74.3,71.8,76.4,70.7,,,60.0,60.0,-1,0,0,0,0,16,0,0,0,1,0,-1,0,0.0,-1.0,,0
16,Jalen McMillan,131905,WR,TB,1,1,0,0,0.0,0,0,1,1,0,0,1,0.0,0,0,30,0,0,66.2,56.2,76.6,,,54.2,59.2,77.2,1,0,15,2,19,15,0,0,3,3,0,1,1,1.0,1.0,0.79,0
16,Joe Milton III,82151,QB,DAL,1,1,1,0,0.0,0,0,0,0,0,0,,100.0,0,0,9,1,0,14.2,36.5,69.9,52.0,,,51.2,60.0,7,0,0,0,0,1,7,1,0,0,0,7,0,0.0,7.0,,0
16,Jayden Reed,78171,WR,GB,1,1,0,0,0.0,0,0,6,0,2,0,0,0.0,0,0,12,0,0,67.4,59.5,0.0,,,61.3,63.1,54.2,6,1,35,3,27,18,0,0,3,4,0,6,0,0.0,6.0,1.3,0
16,Rashid Shaheed,63707,WR,SEA,1,1,0,1,100.0,31,0,31,0,0,0,8,0.0,1,1,29,0,0,70.6,53.7,76.4,,,51.5,63.1,60.6,31,0,0,0,26,8,0,0,1,1,0,31,8,8.0,31.0,0.0,0
16,DJ Moore,48267,WR,CHI,1,1,0,0,0.0,0,0,12,0,0,0,4,0.0,1,1,6,0,0,68.0,81.1,78.6,,,80.5,,57.4,12,1,97,5,36,21,0,0,7,6,0,12,4,4.0,12.0,2.69,0
16,Jimmy Horn Jr.,144483,WR,CAR,1,1,0,1,100.0,25,0,25,0,0,0,9,0.0,1,1,5,0,0,61.9,70.5,72.0,,,55.0,70.0,60.4,25,0,0,0,7,5,0,0,0,1,0,25,9,9.0,25.0,0.0,0
16,Jakobi Meyers,47468,WR,JAX,1,1,0,0,0.0,0,0,1,0,0,0,2,0.0,0,0,15,0,0,68.3,61.6,78.9,,,60.9,58.7,72.2,1,0,45,4,42,16,0,0,7,5,0,1,2,2.0,1.0,1.07,0
16,Xavier Worthy,144718,WR,KC,1,1,0,0,,0,0,0,0,0,0,0,0.0,0,0,16,0,0,66.2,61.9,78.1,,,62.2,59.2,60.1,0,0,41,2,29,7,0,0,3,3,0,0,0,0.0,0.0,1.41,0
16,Josh Johnson,4474,QB,WAS,1,1,0,0,,0,0,0,0,0,0,0,0.0,0,0,32,1,0,20.2,28.6,75.2,41.1,,,60.0,60.0,0,0,0,0,0,11,0,0,0,1,0,0,0,0.0,0.0,,0
16,Mark Andrews,47436,TE,BLT,1,1,0,0,0.0,0,1,3,0,0,0,1,0.0,0,1,3,0,0,67.4,45.6,0.0,,,49.6,62.6,42.9,3,2,21,2,12,11,0,0,3,3,0,3,1,1.0,3.0,1.75,0
16,Gardner Minshew,41401,QB,KC,1,1,1,0,0.0,0,0,0,0,0,0,,100.0,0,0,16,0,0,71.4,39.4,74.1,40.7,,,57.9,60.0,8,0,0,0,0,4,8,1,0,0,0,8,0,0.0,8.0,,0
16,Harold Fannin Jr.,163104,TE,CLV,1,1,0,0,0.0,0,0,1,0,1,0,1,20.0,0,1,8,0,0,68.3,68.7,77.8,,70.4,65.0,62.0,63.3,1,0,34,4,31,23,0,0,5,5,1,1,1,1.0,1.0,1.1,0
16,Dare Ogunbowale,12329,HB,HST,1,1,0,0,0.0,0,0,-3,0,0,0,1,0.0,0,0,13,0,0,64.6,51.1,72.9,,24.6,58.0,56.5,,-3,0,2,1,8,1,0,0,1,2,0,-3,1,1.0,-3.0,0.25,1
16,Jeremy McNichols,11917,HB,WAS,1,1,0,0,0.0,0,1,3,0,2,0,1,66.7,0,0,32,0,0,67.8,54.1,0.0,,25.0,67.4,60.7,,3,2,9,2,8,2,0,0,3,3,0,3,1,1.0,3.0,1.13,1
16,C.J. Ham,11347,FB,MIN,1,1,0,0,0.0,0,0,3,0,0,0,2,0.0,0,0,18,0,1,61.9,55.0,77.1,,79.5,52.9,59.3,53.8,3,0,0,0,7,10,0,0,0,1,0,3,2,2.0,3.0,0.0,0
16,Jacoby Brissett,10725,QB,ARZ,1,1,0,0,0.0,0,0,5,0,0,0,0,0.0,0,1,1,0,0,78.3,64.6,78.5,62.2,,,62.6,60.0,5,0,0,0,0,23,0,0,0,1,0,5,0,0.0,5.0,,0
16,Isaiah Bond,163586,WR,CLV,1,1,0,0,0.0,0,0,-1,0,0,0,2,0.0,0,0,8,0,0,61.9,57.1,77.1,,,59.3,56.6,60.7,-1,0,21,0,20,10,0,0,0,1,0,-1,2,2.0,-1.0,1.05,0
16,Jared Goff,10635,QB,DET,1,1,0,0,0.0,0,0,-1,0,0,0,0,0.0,0,0,11,0,0,81.9,74.2,79.5,72.8,,,60.0,60.0,-1,0,0,0,0,12,0,0,0,1,0,-1,0,0.0,-1.0,,0
16,Raheem Mostert,9783,HB,LV,1,1,0,0,0.0,0,0,6,0,0,0,5,0.0,0,0,23,0,0,69.1,71.6,69.5,,,61.1,62.2,,6,0,3,1,3,1,0,0,1,2,0,6,5,5.0,6.0,1.0,1
16,Ke'Shawn Williams,123406,WR,CIN,1,1,0,0,0.0,0,0,1,0,0,0,2,0.0,0,0,7,0,0,72.6,48.4,69.0,,,59.3,60.0,60.0,1,0,0,0,1,3,0,0,0,1,0,1,2,2.0,1.0,0.0,0
16,Marvin Mims Jr.,122937,WR,DEN,1,1,0,0,0.0,0,0,3,0,0,0,1,0.0,0,0,10,0,0,73.7,61.9,76.0,,,65.4,56.6,61.1,3,0,26,3,15,6,0,0,3,4,0,3,1,1.0,3.0,1.73,0
16,Josh Downs,122832,WR,IND,1,1,0,0,0.0,0,0,3,0,2,0,2,66.7,0,0,14,0,0,69.1,72.0,77.7,,,74.1,56.6,58.3,3,0,65,5,33,12,0,0,9,6,0,3,2,2.0,3.0,1.97,0
16,Mason Tipton,109617,WR,NO,1,1,0,0,0.0,0,0,12,0,0,0,14,0.0,1,1,20,0,0,68.3,66.8,78.0,,,62.5,63.1,79.6,12,0,29,4,30,9,0,0,5,5,0,12,14,14.0,12.0,0.97,0
16,Brady Cook,124199,QB,NYJ,1,1,0,0,0.0,0,0,0,0,0,0,,100.0,0,0,22,1,0,29.5,28.5,79.0,29.0,,,53.2,60.0,2,0,0,0,0,21,2,1,0,0,0,2,6,6.0,2.0,,0
week,player,player_id,position,team_name,player_game_count,attempts,avoided_tackles,breakaway_attempts,breakaway_percent,breakaway_yards,declined_penalties,designed_yards,drops,elu_recv_mtf,elu_rush_mtf,elu_yco,elusive_rating,explosive,first_downs,franchise_id,fumbles,gap_attempts,grades_hands_fumble,grades_offense,grades_offense_penalty,grades_pass,grades_pass_block,grades_pass_route,grades_run,grades_run_block,longest,penalties,rec_yards,receptions,routes,run_plays,scramble_yards,scrambles,targets,total_touches,touchdowns,yards,yards_after_contact,yco_attempt,ypa,yprr,zone_attempts
17,Derrick Henry,10679,HB,BLT,1,36,7,2,25.5,55,0,216,0,0,7,146,78.9,4,14,3,0,14,80.6,90.0,75.3,,77.1,54.5,85.7,60.0,30,0,0,0,8,38,0,0,0,36,4,216,146,4.06,6.0,0.0,22
17,Christian McCaffrey,11763,HB,SF,1,23,5,3,52.9,74,0,140,0,0,5,102,82.1,3,8,28,0,2,78.7,81.1,78.7,,52.4,69.9,81.2,60.0,41,0,41,4,27,27,0,0,5,27,1,140,102,4.43,6.1,1.52,19
17,Bijan Robinson,123126,HB,ATL,1,22,12,2,63.6,124,0,195,0,2,12,200,471.4,3,4,2,0,5,78.1,91.0,77.6,,17.1,80.3,90.5,60.0,93,0,34,5,18,22,0,0,7,27,1,195,200,9.09,8.9,1.89,16
17,Chase Brown,77787,HB,CIN,1,22,5,1,24.8,25,0,101,0,3,5,69,100.4,2,5,7,0,8,78.3,70.3,76.5,,,73.2,66.8,,25,0,40,3,23,23,0,0,3,25,2,101,69,3.14,4.6,1.74,14
17,Jonathan Taylor,57488,HB,IND,1,21,3,0,0.0,0,0,70,0,2,3,46,45.6,1,5,14,0,15,78.1,70.6,77.9,,50.5,57.6,72.9,,10,0,14,3,20,22,0,0,5,24,1,70,46,2.19,3.3,0.7,6
17,James Cook,83666,HB,BUF,1,20,4,0,0.0,0,0,74,0,0,4,52,49.5,2,3,4,0,10,77.3,67.8,75.3,,,54.6,68.8,60.0,10,0,3,1,16,23,0,0,4,21,0,74,52,2.6,3.7,0.19,10
17,Malik Davis,57196,HB,DAL,1,20,2,2,35.9,37,0,103,0,0,2,59,29.5,2,2,9,0,7,77.4,72.6,76.7,,37.3,51.8,75.8,60.0,21,0,0,0,17,22,0,0,2,20,0,103,59,2.95,5.2,0.0,12
17,Woody Marks,124179,HB,HST,1,19,2,1,26.8,19,0,71,0,0,2,59,31.1,1,3,13,0,12,77.3,63.7,76.8,,82.5,54.3,63.5,60.0,19,0,4,1,16,22,0,0,2,20,0,71,59,3.11,3.7,0.25,7
17,TreVeyon Henderson,145059,HB,NE,1,19,2,2,40.2,33,0,82,0,0,2,58,32.1,3,4,19,0,10,76.8,67.8,75.1,,,52.7,69.4,60.0,17,0,0,0,11,20,0,0,0,19,0,82,58,3.05,4.3,0.0,6
17,Saquon Barkley,45791,HB,PHI,1,19,5,1,23.5,16,0,68,0,0,5,51,70.6,2,4,24,0,5,76.8,70.3,75.8,,25.2,52.1,74.4,60.0,16,0,0,0,21,20,0,0,0,19,0,68,51,2.68,3.6,0.0,13
17,Zach Charbonnet,97630,HB,SEA,1,18,3,3,62.7,69,0,110,0,2,3,71,98.6,3,8,29,0,7,76.9,90.7,73.9,,73.0,63.6,90.4,60.0,29,0,12,2,14,20,0,0,2,20,2,110,71,3.94,6.1,0.86,11
17,Aaron Jones,11937,HB,MIN,1,18,0,0,0.0,0,0,53,0,0,0,32,0.0,1,3,18,0,4,77.2,51.2,75.3,,77.7,63.0,49.0,,10,0,10,3,11,18,0,0,4,21,1,53,32,1.78,2.9,0.91,14
17,De'Von Achane,124305,HB,MIA,1,18,6,2,39.8,33,0,83,0,1,6,62,114.8,3,5,17,0,5,77.4,69.9,78.2,,,62.5,70.1,60.0,18,0,29,3,18,23,0,0,3,21,0,83,62,3.44,4.6,1.61,12
17,Tony Pollard,27126,HB,TEN,1,18,2,1,29.4,25,0,85,0,0,2,71,39.4,2,4,31,0,3,77.1,67.1,75.9,,,65.0,66.0,,25,0,10,2,18,19,0,0,2,20,0,85,71,3.94,4.7,0.56,15
17,Travis Etienne Jr.,57185,HB,JAX,1,17,4,0,0.0,0,0,76,0,0,4,51,63.2,3,4,15,0,8,76.6,63.2,77.5,,45.7,51.0,67.5,60.0,13,0,16,2,16,23,0,0,2,19,0,76,51,3.0,4.5,1.0,8
17,Jahmyr Gibbs,122474,HB,DET,1,17,4,0,0.0,0,0,41,0,3,4,38,82.4,0,1,11,1,7,25.0,53.1,76.9,,58.8,80.6,46.0,60.0,8,0,23,2,13,19,0,0,3,19,0,41,38,2.24,2.4,1.77,10
17,Ashton Jeanty,157196,HB,LV,1,16,3,1,40.0,24,0,60,0,0,3,52,54.2,2,4,23,0,3,76.6,66.0,77.3,,79.6,59.2,66.2,60.0,24,0,13,2,24,18,0,0,2,18,0,60,52,3.25,3.8,0.54,12
17,Kenneth Walker III,97199,HB,SEA,1,15,6,1,31.4,16,0,51,0,0,6,33,77.6,2,1,29,1,5,24.2,44.1,74.1,,34.2,28.0,55.0,60.0,16,0,6,2,12,16,0,0,2,17,0,51,33,2.2,3.4,0.5,9
17,RJ Harvey,99622,HB,DEN,1,14,3,0,0.0,0,0,43,1,1,3,36,54.1,1,3,10,0,9,76.1,62.1,79.4,,56.0,69.4,58.6,59.0,11,0,33,5,23,20,0,0,6,19,0,43,36,2.57,3.1,1.43,5
17,Breece Hall,97636,HB,NYJ,1,14,5,2,70.3,78,0,111,0,1,5,60,160.7,2,4,22,0,10,75.5,86.0,74.5,,60.5,69.9,84.2,60.0,59,0,18,2,8,17,0,0,2,16,1,111,60,4.29,7.9,2.25,4
17,Audric Estime,147476,HB,NO,1,14,8,1,34.0,32,0,94,0,0,8,86,327.6,2,5,20,0,3,75.3,82.9,77.6,,78.2,54.3,87.5,59.4,32,0,4,1,22,16,0,0,1,15,1,94,86,6.14,6.7,0.18,11
17,Omarion Hampton,162750,HB,LAC,1,14,2,0,0.0,0,0,29,0,1,2,30,29.2,0,1,27,0,7,76.7,62.7,78.7,,48.9,68.4,60.5,60.0,5,0,31,8,31,16,0,0,8,22,1,29,30,2.14,2.1,1.0,6
17,Tyrone Tracy,84226,HB,NYG,1,14,1,1,37.1,23,0,62,0,0,1,47,22.4,2,2,21,0,8,75.3,60.3,79.3,,75.2,51.3,63.9,59.3,23,0,-5,1,22,17,0,0,2,15,0,62,47,3.36,4.4,-0.23,6
17,Javonte Williams,77803,HB,DAL,1,13,2,0,0.0,0,0,54,0,0,2,41,48.5,0,4,9,0,6,74.7,72.1,76.5,,75.0,51.7,72.8,,9,0,0,0,8,13,0,0,2,13,1,54,41,3.15,4.2,0.0,7
17,Kyren Williams,97118,HB,LA,1,13,3,3,63.0,58,0,92,0,0,3,78,112.5,3,4,26,0,6,75.4,72.8,76.6,,63.9,67.1,73.0,60.0,22,0,38,3,19,14,0,0,3,16,0,92,78,6.0,7.1,2.0,6
17,Jaylen Warren,98692,HB,PIT,1,12,5,1,23.4,15,0,64,0,0,5,56,194.4,2,3,25,1,4,22.5,61.5,74.8,,76.2,52.6,59.9,60.0,15,0,0,0,6,13,0,0,0,12,0,64,56,4.67,5.3,0.0,8
17,Rico Dowdle,40693,HB,CAR,1,12,3,0,0.0,0,0,59,1,0,3,33,55.0,1,2,5,0,4,75.0,57.9,74.6,,76.4,39.3,64.1,60.0,11,0,4,3,17,15,0,0,4,15,0,59,33,2.75,4.9,0.24,8
17,Jacory Croskey-Merritt,102382,HB,WAS,1,11,3,1,68.6,72,0,105,0,0,3,120,297.5,3,3,32,0,6,74.7,69.5,74.3,,79.0,53.0,69.2,60.0,72,0,0,0,9,14,0,0,0,11,2,105,120,10.91,9.5,0.0,5
17,Dylan Sampson,163772,HB,CLV,1,11,2,0,0.0,0,0,27,0,0,2,21,27.3,0,0,8,0,4,74.2,58.3,75.4,,,64.4,56.9,,6,0,0,3,8,10,0,0,3,14,0,27,21,1.91,2.5,0.0,6
17,Tyler Allgeier,83639,HB,ATL,1,10,3,0,0.0,0,0,23,0,0,3,32,96.0,0,1,2,0,5,73.3,55.5,71.8,,,54.1,57.8,57.0,6,0,0,0,5,14,0,0,0,10,0,23,32,3.2,2.3,0.0,5
17,David Montgomery,45719,HB,DET,1,10,4,0,0.0,0,0,25,0,0,4,21,70.0,0,2,11,0,3,73.9,75.9,71.4,,63.1,75.5,72.8,60.0,8,0,15,2,6,11,0,0,2,12,0,25,21,2.1,2.5,2.5,7
17,Bo Nix,97790,QB,DEN,1,9,0,0,0.0,0,0,0,0,0,0,0,0.0,1,4,10,0,0,80.5,82.8,79.4,81.5,,,66.4,60.0,14,0,0,0,0,27,42,5,0,4,1,42,7,0.78,4.7,,1
17,Keaton Mitchell,123826,HB,BLT,1,9,1,0,0.0,0,0,31,0,0,1,31,31.3,1,3,3,0,4,73.4,71.7,73.8,,,88.4,62.4,60.0,14,0,7,2,4,10,0,0,2,11,0,31,31,3.44,3.4,1.75,5
17,Bryce Young,123943,QB,CAR,1,9,0,0,0.0,0,0,-6,0,0,0,0,0.0,2,3,5,0,0,78.7,54.2,78.1,48.6,,,66.6,60.0,11,0,0,0,0,21,33,5,0,4,1,27,2,0.22,3.0,,1
17,Isiah Pacheco,83747,HB,KC,1,9,2,0,0.0,0,0,32,0,0,2,39,96.3,1,1,16,0,1,72.7,63.7,73.2,,78.4,56.3,62.8,,13,0,0,0,4,9,0,0,0,9,0,32,39,4.33,3.6,0.0,8
17,Bucky Irving,144970,HB,TB,1,9,1,0,0.0,0,0,19,1,1,1,16,25.4,1,2,30,0,6,74.5,55.6,76.9,,50.4,51.0,58.4,,12,0,14,5,23,9,0,0,6,14,0,19,16,1.78,2.1,0.61,3
17,Jaxson Dart,146409,QB,NYG,1,9,1,0,0.0,0,1,27,0,0,1,4,11.1,3,6,21,0,0,79.7,76.1,79.0,68.2,,,80.0,60.0,17,1,0,0,0,28,21,3,0,6,2,48,7,0.78,5.3,,2
17,Malik Willis,60341,QB,GB,1,9,2,1,36.7,22,0,21,0,0,0,0,0.0,4,4,12,1,0,78.0,95.6,77.1,92.7,,,87.4,60.0,22,0,0,0,0,9,39,5,0,4,2,60,31,3.44,6.7,,1
17,D'Andre Swift,57212,HB,CHI,1,9,2,1,40.7,22,0,54,0,0,2,43,86.9,1,3,6,0,5,73.9,74.3,79.9,,23.2,63.4,80.0,,22,0,25,2,25,10,0,0,2,11,2,54,43,4.78,6.0,1.0,4
17,Rhamondre Stevenson,98689,HB,NE,1,8,2,1,51.1,24,0,47,0,0,2,43,82.7,2,3,19,0,4,73.8,71.2,76.0,,68.4,74.8,68.5,60.0,24,0,55,5,19,10,0,0,5,13,1,47,43,5.38,5.9,2.89,3
17,Devin Singletary,40485,HB,NYG,1,8,1,1,64.4,29,0,45,0,1,1,11,22.9,1,3,21,0,6,73.5,64.4,73.8,,72.7,69.2,61.6,,29,0,25,4,10,8,0,0,4,12,1,45,11,1.38,5.6,2.5,2
17,Jawhar Jordan,99595,HB,HST,1,8,2,0,0.0,0,0,36,0,0,2,23,71.9,1,1,13,0,3,72.1,68.8,70.3,,,58.0,67.7,60.0,10,0,0,0,2,9,0,0,0,8,0,36,23,2.88,4.5,0.0,5
17,Tyler Huntley,46448,QB,BLT,1,8,2,1,41.7,25,0,35,0,0,2,13,104.0,1,5,3,0,0,77.8,82.0,79.6,68.5,,,85.5,60.0,25,0,0,0,0,52,25,3,0,5,0,60,15,1.88,7.5,,1
17,Kyle Monangai,129891,HB,CHI,1,8,1,1,47.4,18,0,38,0,1,1,31,70.5,1,2,6,0,2,73.2,59.1,75.0,,55.3,66.1,56.8,60.0,18,0,9,3,15,9,0,0,4,11,0,38,31,3.88,4.8,0.6,6
17,Raheim Sanders,146626,HB,CLV,1,8,0,0,0.0,0,0,21,0,2,0,20,55.6,0,0,8,0,3,73.1,70.5,74.3,,74.9,75.1,64.5,60.0,6,0,10,1,10,10,0,0,2,9,0,21,20,2.5,2.6,1.0,5
17,Trevor Lawrence,77632,QB,JAX,1,8,3,0,0.0,0,0,4,0,0,0,3,0.0,1,4,15,0,1,80.4,81.1,79.3,78.3,,,69.9,60.2,11,0,0,0,0,26,22,4,0,4,2,26,38,4.75,3.3,,0
17,Jaleel McLaughlin,138346,HB,DEN,1,7,1,1,37.5,15,0,40,0,0,1,19,38.8,1,1,10,0,3,71.4,60.0,72.9,,65.8,53.7,61.0,60.0,15,0,0,0,7,8,0,0,0,7,0,40,19,2.71,5.7,0.0,3
17,Kareem Hunt,11841,HB,KC,1,7,1,0,0.0,0,0,38,0,0,1,23,46.9,1,4,16,0,2,71.4,69.0,75.3,,80.3,52.2,69.8,60.0,14,0,0,0,11,8,0,0,0,7,0,38,23,3.29,5.4,0.0,5
17,Josh Allen,46601,QB,BUF,1,7,2,1,63.0,17,0,19,0,0,0,19,0.0,1,3,4,2,0,24.9,61.9,79.5,62.4,,,56.6,60.0,17,0,0,0,0,31,8,2,0,5,2,27,32,4.57,3.9,,2
17,Michael Carter,57337,HB,ARZ,1,7,1,0,0.0,0,0,29,0,0,1,14,22.2,1,2,1,0,3,72.3,69.4,76.5,,70.4,63.5,70.2,,11,0,14,2,16,7,0,0,4,9,0,29,14,2.0,4.1,0.88,4
17,Ty Chandler,62942,HB,MIN,1,7,0,0,0.0,0,0,24,0,0,0,21,0.0,0,1,18,0,1,71.4,65.0,69.9,,48.0,57.1,65.7,60.0,5,0,0,0,3,8,0,0,0,7,0,24,21,3.0,3.4,0.0,6
17,Kenneth Gainwell,77737,HB,PIT,1,7,0,1,57.7,15,0,26,1,0,0,32,0.0,1,1,25,0,2,72.9,50.8,84.5,,,43.0,57.7,60.0,15,0,12,3,36,8,0,0,4,10,0,26,32,4.57,3.7,0.33,4
17,Hunter Luepke,91319,FB,DAL,1,7,0,0,0.0,0,0,30,0,2,0,19,67.9,0,1,9,0,1,71.9,67.1,79.5,,48.9,74.4,62.1,59.9,8,0,14,1,9,16,0,0,1,8,0,30,19,2.71,4.3,1.56,5
17,Kene Nwangwu,40547,HB,NYJ,1,6,1,1,51.6,16,0,31,0,0,1,18,50.0,1,2,22,0,3,74.2,60.8,79.1,,0.5,54.7,66.9,60.0,16,0,0,0,5,7,0,0,0,6,0,31,18,3.0,5.2,0.0,3
17,Justin Herbert,28237,QB,LAC,1,6,1,0,0.0,0,0,-4,0,0,0,0,0.0,1,1,27,2,1,24.3,69.0,78.8,69.6,,,58.0,60.0,28,0,0,0,0,17,41,5,0,1,0,37,20,3.33,6.2,,0
17,Brock Purdy,77672,QB,SF,1,6,2,0,0.0,0,0,7,0,0,0,1,0.0,1,3,28,0,0,79.6,81.9,79.3,79.4,,,68.1,60.0,10,0,0,0,0,31,21,4,0,2,2,28,40,6.67,4.7,,2
17,Tyjae Spears,97195,HB,TEN,1,6,0,0,0.0,0,0,2,0,0,0,8,0.0,0,0,31,0,2,71.1,46.4,0.0,,30.1,54.5,51.7,60.0,1,1,-1,1,22,10,0,0,2,7,0,2,8,1.33,0.3,-0.05,4
17,Blake Corum,129574,HB,LA,1,6,2,0,0.0,0,0,18,0,0,2,17,94.4,0,0,26,0,3,70.6,50.8,72.7,,22.0,54.7,55.4,,5,0,0,0,5,6,0,0,0,6,0,18,17,2.83,3.0,0.0,2
17,Jaylen Wright,146934,HB,MIA,1,5,1,1,57.1,32,0,56,0,0,1,48,192.0,1,1,17,0,2,69.7,84.6,72.0,,,59.8,79.1,60.0,32,0,0,0,1,7,0,0,0,5,0,56,48,9.6,11.2,0.0,3
17,Caleb Williams,144622,QB,CHI,1,5,1,0,0.0,0,0,3,0,0,0,0,0.0,0,2,6,0,0,80.2,71.8,0.0,75.1,,,54.1,60.0,6,1,0,0,0,19,15,4,0,1,0,18,8,1.6,3.6,,0
17,Emari Demercado,77763,HB,ARZ,1,5,0,0,0.0,0,0,11,0,0,0,9,0.0,0,1,1,0,4,70.9,50.3,77.6,,7.5,55.0,51.5,,4,0,9,2,23,5,0,0,3,7,0,11,9,1.8,2.2,0.39,1
17,Ty Johnson,45769,HB,BUF,1,5,0,0,0.0,0,0,15,0,2,0,10,50.0,0,0,4,0,1,71.4,59.5,78.2,,74.6,64.0,55.2,59.5,8,0,33,3,19,7,0,0,4,8,0,15,10,2.0,3.0,1.74,4
17,Shedeur Sanders,131396,QB,CLV,1,4,1,0,0.0,0,0,-1,0,0,0,0,0.0,1,0,8,0,0,77.6,52.2,78.3,54.8,,,50.3,60.0,11,0,0,0,0,22,21,3,0,1,0,20,11,2.75,5.0,,0
17,Josh Jacobs,45953,HB,GB,1,4,0,0,0.0,0,0,3,0,0,0,5,0.0,0,0,12,0,2,69.4,47.7,73.3,,3.1,58.5,53.2,60.0,1,0,0,1,6,5,0,0,1,5,0,3,5,1.25,0.8,0.0,2
17,Joe Flacco,4332,QB,CIN,1,4,0,0,0.0,0,0,-3,0,0,0,0,0.0,0,1,7,0,0,71.6,56.4,73.2,49.5,,,65.7,60.0,5,0,0,0,0,7,5,1,0,3,0,2,1,0.25,0.5,,0
17,D'Ernest Johnson,45734,HB,NE,1,4,0,0,0.0,0,0,5,0,0,0,7,0.0,0,0,19,0,1,72.3,48.0,71.8,,,58.1,50.7,60.0,3,0,0,0,2,6,0,0,0,4,0,5,7,1.75,1.3,0.0,3
17,Tyler Shough,83537,QB,NO,1,4,0,0,0.0,0,0,-3,0,0,0,0,0.0,0,0,20,1,1,27.6,76.6,78.3,80.4,,,49.6,60.0,7,0,0,0,0,20,9,2,0,2,0,6,0,0.0,1.5,,0
17,Brian Robinson,57120,HB,SF,1,4,0,1,68.2,15,0,22,0,1,0,12,60.0,1,1,28,0,0,69.4,74.4,74.6,,,82.5,65.2,,15,0,6,1,7,4,0,0,1,5,0,22,12,3.0,5.5,0.86,4
17,C.J. Stroud,129759,QB,HST,1,4,0,0,,0,0,0,0,0,0,0,0.0,0,0,13,0,0,78.4,67.6,78.9,67.3,,,58.2,60.0,2,0,0,0,0,35,0,0,0,4,0,0,0,0.0,0.0,,0
17,Dak Prescott,10769,QB,DAL,1,4,1,0,0.0,0,0,6,0,0,0,4,0.0,1,3,9,0,0,80.6,68.7,80.3,65.2,,,71.3,60.0,12,0,0,0,0,43,18,2,0,2,0,24,24,6.0,6.0,,0
17,Quinn Ewers,127253,QB,MIA,1,4,1,0,0.0,0,0,-2,0,0,0,0,0.0,0,1,17,1,0,26.7,47.7,78.6,44.7,,,65.3,60.0,7,1,-6,1,0,27,7,1,1,4,0,5,5,1.25,1.3,,0
17,Chuba Hubbard,57373,HB,CAR,1,4,0,0,0.0,0,0,12,0,1,0,5,17.9,0,0,5,1,1,19.1,43.4,74.0,,76.9,68.6,32.8,60.0,7,0,6,3,11,6,0,0,3,7,0,12,5,1.25,3.0,0.55,2
17,Jalen Hurts,40291,QB,PHI,1,3,1,0,0.0,0,0,1,0,0,0,1,0.0,0,0,24,0,0,77.9,68.0,78.3,69.2,,,54.4,60.0,4,0,0,0,0,24,4,1,0,2,0,5,17,5.67,1.7,,0
17,Sam Darnold,29048,QB,SEA,1,3,0,0,0.0,0,0,-1,0,0,0,0,0.0,0,0,29,2,0,33.1,56.5,0.0,60.7,,,51.3,60.0,3,3,0,0,0,35,3,1,0,2,0,2,0,0.0,0.7,,0
17,Taysom Hill,12112,TE,NO,1,3,0,0,,0,0,0,0,0,0,6,0.0,0,0,20,0,1,67.2,51.4,73.9,,,57.3,54.6,60.0,1,0,0,0,3,4,0,0,0,3,0,0,6,2.0,0.0,0.0,2
17,Jared Goff,10635,QB,DET,1,3,0,0,0.0,0,0,2,0,0,0,1,0.0,0,1,11,3,1,20.6,46.6,79.0,51.7,,,41.4,60.0,2,0,0,0,0,30,0,0,0,3,0,2,1,0.33,0.7,,0
17,Tahj Brooks,123133,HB,CIN,1,3,0,0,0.0,0,0,10,0,0,0,8,0.0,0,1,7,0,2,68.2,66.6,72.2,,,69.7,62.4,60.0,5,0,9,1,5,6,0,0,1,4,0,10,8,2.67,3.3,1.8,1
17,Joe Burrow,28022,QB,CIN,1,3,0,0,0.0,0,0,0,0,0,0,0,0.0,0,1,7,0,0,79.0,82.8,78.9,81.2,,,62.8,60.0,2,0,0,0,0,27,2,1,0,2,0,2,0,0.0,0.7,,0
17,Baker Mayfield,46518,QB,TB,1,3,1,0,0.0,0,0,0,0,0,0,,100.0,1,2,30,2,0,32.8,57.4,79.1,55.4,,,67.3,60.1,11,1,0,0,0,13,16,3,0,0,0,16,17,5.67,5.3,,0
17,Drake Maye,143969,QB,NE,1,3,0,0,0.0,0,0,2,0,0,0,2,0.0,1,2,19,0,0,77.3,90.6,78.1,85.4,,,78.3,60.0,11,0,0,0,0,24,20,2,0,1,0,22,6,2.0,7.3,,0
17,Isaiah Davis,138299,HB,NYJ,1,3,0,0,0.0,0,0,11,0,0,0,7,0.0,1,0,22,0,0,68.2,62.0,75.0,,85.3,61.8,60.0,,12,0,9,1,5,3,0,0,1,4,0,11,7,2.33,3.7,1.8,2
17,Samaje Perine,11869,HB,CIN,1,3,1,0,0.0,0,0,5,0,1,1,9,150.0,0,2,7,0,2,69.0,68.2,75.1,,29.3,67.9,71.3,59.8,3,0,8,1,10,9,0,0,1,4,1,5,9,3.0,1.7,0.8,1
17,Emanuel Wilson,154173,HB,GB,1,3,0,0,0.0,0,0,16,0,0,0,7,0.0,0,0,12,0,0,69.8,69.9,73.2,,68.0,71.4,66.7,60.0,6,0,8,1,7,5,0,0,1,4,0,16,7,2.33,5.3,1.14,3
17,Cam Ward,133244,QB,TEN,1,2,0,0,0.0,0,0,0,0,0,0,,100.0,0,0,31,2,0,22.4,46.2,79.5,47.6,,,52.3,60.0,5,0,0,0,0,27,10,2,0,0,0,10,1,0.5,5.0,,0
17,Connor Heyward,57301,TE,PIT,1,2,0,1,111.5,29,0,26,0,0,0,3,0.0,1,1,25,0,0,61.9,58.4,70.6,,,60.0,61.8,52.8,29,0,0,0,1,5,0,0,0,2,0,26,3,1.5,13.0,0.0,1
17,DeeJay Dallas,55632,HB,JAX,1,2,0,1,81.0,17,0,21,1,0,0,6,0.0,1,1,15,0,1,69.4,54.4,71.9,,72.4,27.8,68.6,60.0,17,0,0,0,5,4,0,0,1,2,0,21,6,3.0,10.5,0.0,1
17,Deebo Samuel,48274,WR,WAS,1,2,0,1,116.0,29,0,25,0,1,0,9,112.5,1,1,32,0,1,67.8,75.7,77.6,,,74.0,63.0,61.3,29,1,68,2,23,12,0,0,4,4,0,25,9,4.5,12.5,2.96,0
17,Evan Hull,97302,HB,NO,1,2,0,0,0.0,0,0,3,0,0,0,3,0.0,0,0,20,0,1,67.7,50.9,74.6,,47.0,56.1,54.0,60.0,3,0,0,0,5,3,0,0,0,2,0,3,3,1.5,1.5,0.0,1
17,Trayveon Williams,45775,HB,CLV,1,2,1,0,0.0,0,0,10,0,0,1,7,175.0,0,1,8,0,0,67.7,48.8,77.0,,5.2,52.7,57.5,,9,0,0,0,9,2,0,0,0,2,0,10,7,3.5,5.0,0.0,2
17,Khalil Herbert,41668,HB,NYJ,1,2,0,0,0.0,0,0,5,1,0,0,4,0.0,0,0,22,0,1,65.2,42.9,72.5,,60.1,27.5,57.2,,4,0,0,0,7,2,0,0,1,2,0,5,4,2.0,2.5,0.0,1
17,Chris Oladokun,40364,QB,KC,1,2,1,0,0.0,0,0,0,0,0,0,,100.0,0,0,16,1,0,25.2,55.3,77.6,56.6,,,54.5,60.0,7,1,0,0,0,17,11,2,0,0,0,11,5,2.5,5.5,,0
17,Tre Tucker,101106,WR,LV,1,2,1,0,,0,0,0,0,1,1,1,14.3,1,1,23,0,0,69.8,72.9,78.9,,,73.6,59.2,54.8,10,1,49,5,36,19,0,0,5,7,0,0,1,0.5,0.0,1.36,0
17,Adam Prentice,35639,FB,DEN,1,2,0,0,0.0,0,0,3,0,0,0,3,0.0,0,1,10,0,0,65.2,35.7,75.2,,79.8,50.3,49.9,41.6,3,0,0,0,7,11,0,0,0,2,0,3,3,1.5,1.5,0.0,0
17,Max Brosmer,105568,QB,MIN,1,2,0,0,0.0,0,0,0,0,0,0,,100.0,1,1,18,1,0,25.5,38.3,78.4,35.4,,,61.2,60.2,11,0,0,0,0,26,16,2,0,0,0,16,0,0.0,8.0,,0
17,Sean Tucker,123056,HB,TB,1,2,0,0,0.0,0,0,8,0,0,0,7,0.0,0,1,30,0,1,65.2,62.7,67.6,,,58.2,62.5,,6,0,0,0,2,2,0,0,1,2,0,8,7,3.5,4.0,0.0,1
17,Tank Bigsby,123974,HB,PHI,1,2,0,0,0.0,0,0,7,0,2,0,6,200.0,0,0,24,0,0,64.6,52.0,73.9,,18.1,61.4,59.4,,5,0,2,1,2,1,0,0,1,3,0,7,6,3.0,3.5,1.0,1
17,Brady Cook,124199,QB,NYJ,1,2,0,0,0.0,0,0,1,0,0,0,0,0.0,0,1,22,0,1,78.7,33.7,78.8,32.8,,,60.8,60.0,1,1,0,0,0,27,0,0,0,2,0,1,0,0.0,0.5,,0
17,Joshua Dobbs,11890,QB,NE,1,2,0,0,0.0,0,0,-1,0,0,0,0,0.0,0,0,19,0,0,69.5,85.5,73.5,85.4,,,60.0,60.0,0,0,0,0,0,10,0,0,0,2,0,-1,0,0.0,-0.5,,0
17,Rachaad White,131633,HB,TB,1,2,0,0,0.0,0,0,10,0,0,0,10,0.0,0,0,30,0,0,68.7,60.8,80.2,,83.3,55.3,62.7,58.4,7,0,7,2,20,4,0,0,2,4,0,10,10,5.0,5.0,0.35,2
17,Will Shipley,144138,HB,PHI,1,2,0,0,0.0,0,0,2,0,0,0,3,0.0,0,0,24,0,1,69.4,53.6,71.8,,,59.4,56.7,60.0,4,0,0,0,2,3,0,0,0,2,0,2,3,1.5,1.0,0.0,1
17,Jonnu Smith,11855,TE,PIT,1,2,0,0,0.0,0,0,9,0,0,0,6,0.0,0,0,25,0,0,70.0,63.3,75.6,,66.3,66.7,59.2,54.1,7,0,18,5,13,13,0,0,5,7,0,9,6,3.0,4.5,1.38,1
17,Josh Johnson,4474,QB,WAS,1,2,0,0,0.0,0,0,0,0,0,0,,100.0,0,0,32,0,0,76.8,67.5,77.7,68.7,,,54.6,60.1,5,0,0,0,0,16,10,2,0,0,0,10,0,0.0,5.0,,0
17,Xavier Hutchinson,122518,WR,HST,1,1,2,0,0.0,0,0,8,0,0,2,8,533.3,0,1,13,0,0,66.2,65.9,77.8,,,61.9,62.1,70.3,8,0,21,2,15,15,0,0,3,3,0,8,8,8.0,8.0,1.4,0
17,Kalel Mullings,129590,HB,TEN,1,1,0,0,0.0,0,0,4,0,0,0,3,0.0,0,1,31,0,1,61.9,66.4,62.8,,,,62.9,,4,0,0,0,0,1,0,0,0,1,0,4,3,3.0,4.0,,0
17,Ray Davis,101072,HB,BUF,1,1,0,0,0.0,0,0,4,0,0,0,1,0.0,0,1,4,0,0,70.5,57.0,71.2,,37.2,72.4,56.6,60.0,4,0,12,1,6,2,0,0,1,2,0,4,1,1.0,4.0,2.0,1
17,Parker Washington,129799,WR,JAX,1,1,0,0,0.0,0,0,-5,1,1,0,0,0.0,0,0,15,0,0,74.6,76.8,76.7,,,76.9,60.0,59.0,-5,0,115,8,41,15,0,0,10,9,0,-5,0,0.0,-5.0,2.8,0
17,Nick Chubb,45783,HB,HST,1,1,0,0,0.0,0,0,1,0,0,0,1,0.0,0,0,13,0,0,61.9,57.5,70.4,,,57.0,59.7,,1,0,0,0,4,1,0,0,0,1,0,1,1,1.0,1.0,0.0,1
17,Chimere Dike,129918,WR,TEN,1,1,0,0,0.0,0,0,7,0,0,0,3,0.0,0,0,31,0,1,71.2,68.1,80.0,,,65.2,62.8,70.5,7,1,55,4,36,21,0,0,5,5,0,7,3,3.0,7.0,1.53,0
17,Isaiah Williams,97156,WR,NYJ,1,1,0,0,0.0,0,0,5,0,0,0,4,0.0,0,0,22,0,1,71.4,56.6,77.6,,62.4,53.9,63.1,60.8,5,0,30,4,27,14,0,0,5,5,0,5,4,4.0,5.0,1.11,0
17,Clayton Tune,77652,QB,GB,1,1,0,0,,0,0,0,0,0,0,1,0.0,0,0,12,0,0,69.2,38.0,71.5,41.9,,,56.7,60.0,0,0,0,0,0,3,0,0,0,1,0,0,1,1.0,0.0,,1
17,Skyy Moore,97116,WR,SF,1,1,0,0,0.0,0,0,10,0,0,0,3,0.0,1,1,28,0,0,73.5,63.8,69.6,,,59.3,62.8,60.0,10,0,0,0,1,3,0,0,0,1,0,10,3,3.0,10.0,0.0,0
17,Malik Washington,97108,WR,MIA,1,1,0,0,0.0,0,0,1,0,0,0,4,0.0,0,0,17,0,0,70.0,53.4,77.3,,,56.1,60.0,45.0,1,0,4,1,21,14,0,0,3,2,0,1,4,4.0,1.0,0.19,0
17,Philip Rivers,1725,QB,IND,1,1,0,0,0.0,0,0,-1,0,0,0,0,0.0,0,0,14,0,0,78.3,55.4,78.5,54.8,,,60.0,60.0,-1,1,0,0,0,23,0,0,0,1,0,-1,0,0.0,-1.0,,0
17,Aaron Rodgers,2241,QB,PIT,1,1,0,0,0.0,0,0,0,0,0,0,,100.0,0,0,25,1,0,29.2,54.5,79.1,55.7,,,55.7,60.1,6,0,0,0,0,21,6,1,0,0,0,6,0,0.0,6.0,,0
17,LeQuint Allen,158290,HB,JAX,1,1,0,0,0.0,0,0,3,0,0,0,3,0.0,0,0,15,0,0,68.2,55.5,72.4,,81.0,55.5,56.3,,3,0,0,0,9,1,0,0,0,1,0,3,3,3.0,3.0,0.0,1
17,Corey Kiner,86392,HB,ARZ,1,1,0,0,0.0,0,0,2,0,0,0,2,0.0,0,0,1,0,0,61.9,57.9,64.5,,,60.0,59.4,,2,0,0,0,1,1,0,0,0,1,0,2,2,2.0,2.0,0.0,1
17,Xavier Worthy,144718,WR,KC,1,1,0,0,0.0,0,0,1,1,0,0,0,0.0,0,0,16,0,0,61.9,38.7,76.7,,,39.2,56.6,60.7,1,0,0,0,18,15,0,0,2,1,0,1,0,0.0,1.0,0.0,0
17,Jaret Patterson,77745,HB,LAC,1,1,0,0,0.0,0,0,1,0,0,0,1,0.0,0,0,27,0,1,68.2,58.1,71.0,,75.7,56.1,59.5,,1,0,0,0,4,1,0,0,0,1,0,1,1,1.0,1.0,0.0,0
17,Jaylen Waddle,84088,WR,MIA,1,1,0,0,0.0,0,0,7,0,0,0,3,0.0,0,0,17,0,0,61.9,56.9,74.1,,,53.1,63.1,60.2,7,0,0,0,9,4,0,0,1,1,0,7,3,3.0,7.0,0.0,0
17,Greg Dulcich,84068,TE,MIA,1,1,0,0,0.0,0,0,-7,0,0,0,0,0.0,0,0,17,0,0,68.0,84.8,75.3,,24.0,83.6,,70.1,-7,0,58,5,13,6,0,0,5,6,0,-7,0,0.0,-7.0,4.46,0
17,Geno Smith,7820,QB,LV,1,1,0,0,0.0,0,0,0,0,0,0,,100.0,0,0,23,0,0,78.3,51.7,78.3,52.9,,,56.8,60.0,1,0,0,0,0,17,1,1,0,0,0,1,0,0.0,1.0,,0
17,Zamir White,83665,HB,LV,1,1,0,0,0.0,0,0,2,0,0,0,3,0.0,0,0,23,0,0,61.9,56.5,73.9,,60.0,54.8,59.5,,2,0,0,0,4,1,0,0,0,1,0,2,3,3.0,2.0,0.0,1
17,Jordan Addison,123000,WR,MIN,1,1,0,1,100.0,65,0,65,0,0,0,6,0.0,1,1,18,0,0,61.9,67.6,77.9,,,52.3,79.6,56.0,65,0,0,0,22,17,0,0,1,1,1,65,6,6.0,65.0,0.0,0
17,Kirk Cousins,7102,QB,ATL,1,1,0,0,0.0,0,0,1,0,0,0,1,0.0,0,0,2,0,0,75.7,63.2,0.0,65.9,,,60.0,60.0,1,1,0,0,0,32,0,0,0,1,0,1,1,1.0,1.0,,0
17,Jeremy McNichols,11917,HB,WAS,1,1,0,0,0.0,0,0,-2,0,2,0,0,0.0,0,0,32,0,0,67.4,58.9,75.1,,75.6,59.8,58.5,60.0,-2,0,12,3,13,2,0,0,3,4,0,-2,0,0.0,-2.0,0.92,1
17,Mitchell Evans,147486,TE,CAR,1,1,0,0,0.0,0,0,1,1,0,0,1,0.0,0,1,5,0,0,64.6,52.5,73.1,,71.7,32.9,62.6,65.2,1,0,5,1,11,16,0,0,2,2,0,1,1,1.0,1.0,0.45,0
17,Ronnie Rivers,57208,HB,LA,1,1,0,0,0.0,0,0,5,0,0,0,4,0.0,0,1,26,0,1,61.9,68.3,67.1,,,58.2,63.1,,5,0,0,0,1,1,0,0,0,1,0,5,4,4.0,5.0,0.0,0
17,Jaylin Noel,125155,WR,HST,1,1,0,0,0.0,0,0,2,0,0,0,0,0.0,0,0,13,0,0,74.7,81.4,73.0,,,75.6,63.4,56.7,2,0,54,3,8,7,0,0,3,4,0,2,0,0.0,2.0,6.75,0
17,Tre Harris,122676,WR,LAC,1,1,0,0,0.0,0,0,7,0,0,0,4,0.0,0,0,27,0,0,64.6,54.9,75.7,,65.3,61.7,56.6,37.2,7,0,8,1,17,11,0,0,1,2,0,7,4,4.0,7.0,0.47,0
week,player,player_id,position,team_name,player_game_count,attempts,avoided_tackles,breakaway_attempts,breakaway_percent,breakaway_yards,declined_penalties,designed_yards,drops,elu_recv_mtf,elu_rush_mtf,elu_yco,elusive_rating,explosive,first_downs,franchise_id,fumbles,gap_attempts,grades_hands_fumble,grades_offense,grades_offense_penalty,grades_pass,grades_pass_block,grades_pass_route,grades_run,grades_run_block,longest,penalties,rec_yards,receptions,routes,run_plays,scramble_yards,scrambles,targets,total_touches,touchdowns,yards,yards_after_contact,yco_attempt,ypa,yprr,zone_attempts
18,Ashton Jeanty,157196,HB,LV,1,26,4,0,0.0,0,0,87,0,2,4,60,47.7,2,3,23,0,7,28.5,52.7,77.9,,23.4,60.4,54.5,60.0,12,0,7,3,24,29,0,0,3,29,0,87,60,2.31,3.3,0.29,18
18,Bucky Irving,144970,HB,TB,1,26,3,0,0.0,0,0,85,1,1,3,52,29.6,0,5,30,0,9,78.8,52.3,74.1,,25.6,35.7,57.4,60.0,9,0,13,1,11,27,0,0,2,27,0,85,52,2.0,3.3,1.18,17
18,Ray Davis,101072,HB,BUF,1,21,5,2,26.5,40,0,151,0,1,5,81,100.6,5,7,4,0,10,78.3,90.7,75.6,,51.4,71.3,89.9,60.0,23,0,23,2,15,28,0,0,2,23,0,151,81,3.86,7.2,1.53,10
18,Audric Estime,147476,HB,NO,1,21,1,0,0.0,0,0,63,0,1,1,45,16.5,0,3,20,0,6,78.1,65.3,78.7,,30.6,72.1,67.3,30.7,9,0,43,5,27,21,0,0,5,26,0,63,45,2.14,3.0,1.59,15
18,Derrick Henry,10679,HB,BLT,1,20,3,2,49.2,62,0,126,0,0,3,84,63.0,3,5,3,0,4,77.1,74.2,75.6,,78.6,53.0,73.8,60.0,41,0,0,0,10,22,0,0,0,20,0,126,84,4.2,6.3,0.0,16
18,Jahmyr Gibbs,122474,HB,DET,1,19,4,0,0.0,0,0,80,0,0,4,53,50.7,1,4,11,0,8,77.3,60.5,77.7,,77.0,62.0,59.2,59.3,14,0,33,3,27,23,0,0,4,22,0,80,53,2.79,4.2,1.22,11
18,Tyrone Tracy,84226,HB,NYG,1,18,2,2,34.0,35,0,103,0,4,2,52,66.7,4,5,21,1,6,27.0,71.8,79.3,,0.0,85.2,66.2,,20,0,56,8,32,17,0,0,9,26,0,103,52,2.89,5.7,1.75,11
18,Emanuel Wilson,154173,HB,GB,1,18,5,0,0.0,0,0,44,0,0,5,48,70.2,1,5,12,0,3,77.1,62.6,74.3,,77.3,62.0,61.2,60.0,12,0,4,1,4,19,0,0,1,19,0,44,48,2.67,2.4,1.0,15
18,Zach Charbonnet,97630,HB,SEA,1,17,5,1,36.5,27,0,74,0,2,5,53,109.1,2,4,29,0,7,76.7,69.9,74.9,,18.3,67.3,71.2,60.0,27,0,23,3,17,18,0,0,4,20,1,74,53,3.12,4.4,1.35,10
18,Jaydon Blue,157303,HB,DAL,1,16,1,1,42.2,27,0,64,0,0,1,24,9.4,4,4,9,0,6,75.8,66.3,75.7,,73.4,52.7,67.1,60.0,27,0,0,0,14,17,0,0,0,16,1,64,24,1.5,4.0,0.0,8
18,Tank Bigsby,123974,HB,PHI,1,16,5,0,0.0,0,1,75,0,1,5,57,125.7,3,5,24,0,5,76.4,65.8,76.6,,18.3,65.2,68.2,,13,1,31,1,17,17,0,0,1,17,1,75,57,3.56,4.7,1.82,9
18,Kenneth Walker III,97199,HB,SEA,1,16,6,2,40.2,39,0,97,0,1,6,68,148.8,4,5,29,0,4,76.6,81.5,74.9,,65.8,72.8,77.2,60.0,20,0,36,4,9,19,0,0,4,20,0,97,68,4.25,6.1,4.0,12
18,Chris Rodriguez Jr.,83689,HB,WAS,1,16,6,0,0.0,0,0,65,0,0,6,45,99.3,2,4,32,0,6,76.0,86.5,73.5,,53.3,79.2,80.0,60.0,12,0,18,1,4,19,0,0,1,17,1,65,45,2.81,4.1,4.5,10
18,RJ Harvey,99622,HB,DEN,1,15,4,0,0.0,0,0,28,1,0,4,30,50.0,1,2,10,0,8,75.7,48.9,75.2,,16.0,35.0,58.0,,11,0,5,1,16,15,0,0,4,16,0,28,30,2.0,1.9,0.31,5
18,Bijan Robinson,123126,HB,ATL,1,15,2,0,0.0,0,0,33,0,1,2,31,34.4,1,2,2,0,6,76.1,59.5,77.0,,29.1,58.2,61.9,58.3,12,0,10,3,30,18,0,0,3,18,0,33,31,2.07,2.2,0.33,8
18,Jaylen Warren,98692,HB,PIT,1,14,6,2,45.5,30,0,66,0,5,6,55,227.4,2,4,25,0,4,77.1,78.4,73.2,,74.5,91.0,67.7,,15,0,33,5,12,14,0,0,5,19,0,66,55,3.93,4.7,2.75,10
18,Tony Pollard,27126,HB,TEN,1,14,0,0,0.0,0,0,48,0,1,0,24,10.1,1,3,31,0,9,75.8,62.2,0.0,,70.6,65.2,63.1,60.0,10,1,17,3,12,15,0,0,3,17,0,48,24,1.71,3.4,1.42,5
18,Jonathan Taylor,57488,HB,IND,1,14,2,0,0.0,0,0,26,0,0,2,28,25.0,0,2,14,0,8,75.5,64.9,73.3,,76.2,67.1,62.8,60.0,8,0,13,2,14,16,0,0,2,16,0,26,28,2.0,1.9,0.93,6
18,Jordan Mason,62946,HB,MIN,1,14,5,2,45.7,43,0,94,0,0,5,72,183.7,5,6,18,0,4,75.1,73.7,73.7,,30.3,53.5,75.9,,24,0,0,0,9,14,0,0,0,14,0,94,72,5.14,6.7,0.0,10
18,Travis Etienne Jr.,57185,HB,JAX,1,14,2,0,0.0,0,0,32,0,0,2,27,25.7,1,1,15,0,6,75.3,61.7,74.8,,76.8,53.6,62.9,,11,0,6,1,17,14,0,0,1,15,0,32,27,1.93,2.3,0.35,7
18,British Brooks,77714,FB,HST,1,13,2,1,31.7,20,0,63,0,0,2,53,62.7,1,3,13,0,7,74.7,78.9,74.3,,77.0,59.7,74.8,,20,0,0,0,1,13,0,0,0,13,0,63,53,4.08,4.8,0.0,6
18,Chris Brooks,83644,HB,GB,1,13,3,0,0.0,0,0,61,0,0,3,42,74.6,2,3,12,0,2,74.7,66.3,75.9,,22.3,54.6,68.8,60.0,12,0,0,0,6,14,0,0,0,13,0,61,42,3.23,4.7,0.0,11
18,Chase Brown,77787,HB,CIN,1,13,3,1,26.4,19,0,72,0,0,3,34,46.2,1,2,7,0,3,76.0,66.6,78.2,,76.7,59.3,67.6,58.8,19,0,18,4,20,16,0,0,6,17,0,72,34,2.62,5.5,0.9,9
18,Jacory Croskey-Merritt,102382,HB,WAS,1,13,1,0,0.0,0,0,29,0,0,1,17,10.1,0,2,32,1,5,23.2,33.7,74.8,,22.0,23.7,49.3,59.9,8,0,0,0,6,14,0,0,0,13,0,29,17,1.31,2.2,0.0,8
18,TreVeyon Henderson,145059,HB,NE,1,13,3,0,0.0,0,0,53,0,0,3,40,71.0,1,4,19,0,10,74.7,71.9,74.9,,75.6,53.2,71.5,60.0,13,0,0,0,8,14,0,0,0,13,2,53,40,3.08,4.1,0.0,2
18,Jaylen Wright,146934,HB,MIA,1,13,4,0,0.0,0,0,23,0,0,4,32,65.6,0,2,17,2,6,16.7,46.5,73.1,,,59.9,46.0,60.0,7,0,17,2,10,15,0,0,2,15,0,23,32,2.46,1.8,1.7,7
18,Blake Corum,129574,HB,LA,1,13,1,1,35.6,21,0,59,0,0,1,40,22.0,1,4,26,0,4,75.3,76.5,74.0,,28.4,67.9,75.5,,21,0,10,1,9,14,0,0,1,14,0,59,40,3.08,4.5,1.11,9
18,Ty Johnson,45769,HB,BUF,1,13,2,0,0.0,0,0,36,0,1,2,32,49.2,0,4,4,0,5,75.2,69.8,73.9,,73.0,70.9,67.1,60.0,7,0,20,2,9,14,0,0,2,15,1,36,32,2.46,2.8,2.22,7
18,Kyren Williams,97118,HB,LA,1,12,5,2,63.3,38,0,60,0,0,5,34,94.4,2,3,26,0,6,75.0,68.2,76.1,,84.1,67.5,66.2,60.0,22,0,21,3,27,14,0,0,5,15,0,60,34,2.83,5.0,0.78,6
18,Brashard Smith,143951,HB,KC,1,12,4,0,0.0,0,0,56,1,0,4,38,90.5,2,3,16,0,2,77.8,63.0,76.1,,73.2,37.0,71.0,,14,0,2,2,19,12,0,0,3,14,0,56,38,3.17,4.7,0.11,9
18,Khalil Herbert,41668,HB,NYJ,1,12,2,0,0.0,0,0,42,0,0,2,31,39.7,0,2,22,0,0,74.5,73.6,74.5,,85.7,58.0,72.0,60.0,7,0,4,1,8,15,0,0,2,13,0,42,31,2.58,3.5,0.5,11
18,Woody Marks,124179,HB,HST,1,10,2,0,0.0,0,0,48,0,0,2,30,50.0,0,5,13,0,6,74.4,72.7,75.7,,27.7,57.7,78.2,60.0,9,0,0,2,14,12,0,0,3,12,0,48,30,3.0,4.8,0.0,4
18,Dylan Sampson,163772,HB,CLV,1,10,2,0,0.0,0,0,32,0,0,2,26,43.3,1,3,8,0,2,73.9,63.5,75.0,,73.7,66.7,61.6,60.0,11,0,12,2,13,11,0,0,2,12,0,32,26,2.6,3.2,0.92,7
18,D'Andre Swift,57212,HB,CHI,1,10,1,0,0.0,0,0,40,0,0,1,29,26.4,1,3,6,0,1,73.6,64.3,76.9,,78.8,54.8,65.9,60.0,10,0,8,1,15,11,0,0,2,11,0,40,29,2.9,4.0,0.53,9
18,Ty Chandler,62942,HB,MIN,1,10,1,0,0.0,0,0,23,0,0,1,27,20.8,0,0,18,0,3,74.6,59.3,74.8,,79.1,69.5,55.3,60.0,5,0,11,3,13,12,0,0,4,13,0,23,27,2.7,2.3,0.85,7
18,Ollie Gordon II,157792,HB,MIA,1,9,2,0,0.0,0,0,9,0,2,2,12,53.3,0,2,17,0,3,73.1,61.4,72.9,,23.5,60.1,64.2,,9,0,2,1,8,9,0,0,1,10,0,9,12,1.33,1.0,0.25,6
18,Josh Johnson,4474,QB,WAS,1,9,3,0,0.0,0,0,1,0,0,0,2,0.0,2,4,32,1,1,27.8,56.0,79.3,53.0,,,62.8,60.0,13,0,0,0,0,35,44,6,0,3,1,45,28,3.11,5.0,,1
18,Devin Singletary,40485,HB,NYG,1,9,1,0,0.0,0,0,26,0,0,1,25,30.9,1,2,21,0,5,73.6,64.2,0.0,75.0,75.7,54.3,62.6,59.6,13,1,0,0,7,12,0,0,0,9,1,26,25,2.78,2.9,0.0,4
18,Trey Lance,91399,QB,LAC,1,9,6,0,0.0,0,0,9,0,0,0,14,0.0,4,4,27,1,1,39.0,36.4,0.0,29.7,,,77.7,60.0,22,1,0,0,0,16,60,5,0,4,0,69,90,10.0,7.7,,1
18,David Montgomery,45719,HB,DET,1,8,3,0,0.0,0,0,42,0,0,3,36,150.0,0,3,11,0,0,73.4,77.2,74.6,60.0,42.0,62.8,81.9,60.0,9,0,13,1,17,11,0,0,1,9,0,42,36,4.5,5.3,0.76,8
18,Bo Nix,97790,QB,DEN,1,8,1,0,0.0,0,0,-2,0,0,0,0,0.0,2,3,10,0,0,78.7,56.5,78.6,51.3,,,65.5,60.0,22,0,0,0,0,24,51,6,0,2,0,49,2,0.25,6.1,,0
18,Christian McCaffrey,11763,HB,SF,1,8,1,0,0.0,0,0,23,1,0,1,19,17.0,0,0,28,0,2,74.1,54.5,79.7,,,51.1,56.0,,5,0,34,6,28,8,0,0,7,14,0,23,19,2.38,2.9,1.21,5
18,Samaje Perine,11869,HB,CIN,1,8,2,0,0.0,0,0,42,0,2,2,28,127.3,1,4,7,0,4,73.2,70.0,77.3,,11.9,59.6,76.7,60.0,13,0,10,3,18,12,0,0,3,11,0,42,28,3.5,5.3,0.56,4
18,DJ Giddens,144595,HB,IND,1,8,1,0,0.0,0,0,30,0,0,1,24,37.5,0,2,14,0,5,72.1,59.3,73.3,,,53.8,60.7,,9,0,0,0,12,8,0,0,0,8,0,30,24,3.0,3.8,0.0,3
18,Jaret Patterson,77745,HB,LAC,1,8,4,0,0.0,0,0,29,0,0,4,26,118.2,1,1,27,0,5,73.9,60.6,79.7,,74.1,59.9,64.0,34.2,12,0,8,3,36,10,0,0,4,11,0,29,26,3.25,3.6,0.22,2
18,Rhamondre Stevenson,98689,HB,NE,1,7,4,3,84.7,111,0,131,0,0,4,104,660.3,3,5,19,0,6,72.9,92.9,75.4,,66.0,73.4,93.4,,56,0,22,2,13,8,0,0,2,9,2,131,104,14.86,18.7,1.69,1
18,Rachaad White,131633,HB,TB,1,7,1,0,0.0,0,0,23,0,2,1,12,57.1,0,0,30,0,2,72.3,62.0,76.6,,79.7,81.6,50.7,,7,0,18,2,13,7,0,0,2,9,0,23,12,1.71,3.3,1.38,5
18,Michael Carter,57337,HB,ARZ,1,7,0,0,0.0,0,0,18,0,3,0,9,38.6,0,1,1,0,5,73.2,72.4,74.8,,80.2,70.6,70.7,60.0,5,0,21,3,17,9,0,0,3,10,0,18,9,1.29,2.6,1.24,2
18,Tyler Allgeier,83639,HB,ATL,1,7,0,0,0.0,0,0,16,0,0,0,20,0.0,0,0,2,0,0,71.9,50.3,76.2,,77.6,57.8,49.5,56.9,5,0,3,1,9,12,0,0,2,8,0,16,20,2.86,2.3,0.33,7
18,Rico Dowdle,40693,HB,CAR,1,7,1,0,0.0,0,0,10,0,1,1,11,34.9,0,0,5,1,1,19.9,33.4,73.6,,27.9,67.4,29.4,60.0,4,0,20,2,14,8,0,0,2,9,0,10,11,1.57,1.4,1.43,5
18,Kene Nwangwu,40547,HB,NYJ,1,7,1,0,0.0,0,0,18,0,0,1,19,38.8,0,0,22,0,1,71.4,64.8,73.5,,25.8,54.4,67.5,,6,0,0,0,7,7,0,0,1,7,0,18,19,2.71,2.6,0.0,6
18,Jaleel McLaughlin,138346,HB,DEN,1,6,5,0,0.0,0,0,41,0,1,5,22,314.3,1,2,10,0,4,71.1,90.8,71.1,,72.4,87.9,82.9,60.0,10,0,17,1,4,8,0,0,1,7,0,41,22,3.67,6.8,4.25,2
18,Kyle Monangai,129891,HB,CHI,1,6,1,0,0.0,0,0,14,0,1,1,14,66.7,0,0,6,0,1,71.9,56.8,72.5,,74.9,56.2,56.7,,6,0,15,1,13,7,0,0,1,7,0,14,14,2.33,2.3,1.15,5
18,Sam Darnold,29048,QB,SEA,1,6,0,0,0.0,0,0,-2,0,0,0,0,0.0,0,1,29,1,0,28.0,60.2,79.3,67.2,,,38.7,60.0,6,0,0,0,0,37,11,2,0,4,0,9,2,0.33,1.5,,1
18,Chuba Hubbard,57373,HB,CAR,1,5,1,0,0.0,0,0,10,0,0,1,12,34.3,0,1,5,0,2,70.9,63.7,74.6,,79.4,58.5,63.3,,5,0,7,2,11,5,0,0,2,7,0,10,12,2.4,2.0,0.64,3
18,Mitch Trubisky,11757,QB,BUF,1,5,0,0,0.0,0,0,-4,0,0,0,0,0.0,0,0,4,0,0,78.7,76.2,79.9,72.6,,,70.1,60.2,9,0,0,0,0,42,9,1,0,4,0,5,4,0.8,1.0,,0
18,Drake Maye,143969,QB,NE,1,5,1,0,0.0,0,0,0,0,0,0,,100.0,1,3,19,0,0,76.1,87.6,77.8,81.9,,,76.1,60.2,14,0,0,0,0,21,41,5,0,0,0,41,16,3.2,8.2,,0
18,Jaxson Dart,146409,QB,NYG,1,5,1,0,0.0,0,0,12,0,0,0,5,0.0,1,1,21,1,2,29.8,61.5,79.7,60.4,,60.0,62.0,60.0,13,0,0,0,1,29,20,3,0,2,0,32,8,1.6,6.4,0.0,0
18,Kenneth Gainwell,77737,HB,PIT,1,5,0,0,0.0,0,0,10,0,1,0,8,12.3,0,1,25,0,1,74.2,64.2,0.0,,77.1,72.7,60.2,60.0,6,1,64,8,38,8,0,0,9,13,1,10,8,1.6,2.0,1.68,3
18,Jawhar Jordan,99595,HB,HST,1,5,0,0,0.0,0,0,3,0,0,0,3,0.0,0,0,13,0,4,69.7,59.8,73.9,,69.2,56.2,60.8,,2,0,0,0,4,5,0,0,0,5,0,3,3,0.6,0.6,0.0,1
18,Kareem Hunt,11841,HB,KC,1,5,1,0,0.0,0,0,14,0,0,1,11,27.5,0,1,16,0,2,71.4,61.1,75.6,,75.0,66.7,57.4,,4,0,21,3,18,5,0,0,3,8,0,14,11,2.2,2.8,1.17,3
18,Bhayshul Tuten,150568,HB,JAX,1,5,0,0,0.0,0,0,23,0,0,0,22,0.0,1,2,15,0,3,69.7,62.5,73.5,,81.0,54.6,61.9,,12,0,0,0,6,5,0,0,0,5,1,23,22,4.4,4.6,0.0,2
18,Phil Mafah,144123,HB,DAL,1,5,0,0,0.0,0,0,18,0,1,0,17,48.6,0,2,9,0,3,70.9,71.7,71.7,,,79.9,67.6,59.4,8,0,11,2,3,7,0,0,2,7,1,18,17,3.4,3.6,3.67,2
18,D'Ernest Johnson,45734,HB,NE,1,5,1,0,0.0,0,0,13,0,0,1,14,56.0,0,0,19,0,2,72.0,57.9,71.1,,,58.0,58.5,60.0,5,0,0,0,2,7,0,0,0,5,0,13,14,2.8,2.6,0.0,3
18,Raheim Sanders,146626,HB,CLV,1,5,2,0,0.0,0,0,26,0,0,2,23,153.3,1,1,8,0,1,70.3,74.7,71.0,,73.2,63.1,73.0,60.0,14,0,7,1,4,8,0,0,1,6,0,26,23,4.6,5.2,1.75,4
18,Baker Mayfield,46518,QB,TB,1,4,2,0,0.0,0,0,0,0,0,0,,100.0,1,2,30,1,0,25.7,62.8,79.2,56.7,,,72.6,60.0,11,2,0,0,0,38,31,4,0,0,0,31,24,6.0,7.8,,0
18,Clayton Tune,77652,QB,GB,1,4,1,0,0.0,0,0,6,0,0,0,0,0.0,1,2,12,1,0,75.1,44.0,78.1,32.5,,,70.0,60.0,16,0,0,0,0,33,17,2,0,2,0,23,1,0.25,5.8,,1
18,Joe Milton III,82151,QB,DAL,1,4,0,1,53.5,23,0,28,0,0,0,11,0.0,2,1,9,0,0,74.8,45.5,75.8,37.4,,,69.5,60.0,23,0,0,0,0,11,15,2,0,2,0,43,31,7.75,10.8,,2
18,Dameon Pierce,83659,HB,KC,1,4,0,0,0.0,0,0,10,0,0,0,8,0.0,0,0,16,0,2,68.6,40.6,68.4,,,,46.0,60.0,4,0,0,0,0,5,0,0,0,4,0,10,8,2.0,2.5,,2
18,Sean Tucker,123056,HB,TB,1,4,0,0,0.0,0,0,-4,0,0,0,4,0.0,0,0,30,0,0,18.9,49.3,69.2,,,60.0,51.5,,3,0,0,0,1,4,0,0,0,4,0,-4,4,1.0,-1.0,0.0,4
18,Lamar Jackson,46416,QB,BLT,1,4,2,0,0.0,0,0,9,0,0,2,3,37.5,0,1,3,0,0,77.3,91.6,78.1,89.7,,,75.4,60.0,5,0,0,0,0,27,0,0,0,4,0,9,3,0.75,2.3,,1
18,Tyler Shough,83537,QB,NO,1,3,2,0,0.0,0,0,0,0,0,0,,100.0,1,2,20,0,0,79.8,54.6,79.3,53.6,,,61.1,60.0,29,0,0,0,0,23,34,3,0,0,1,34,50,16.67,11.3,,0
18,Jacoby Brissett,10725,QB,ARZ,1,3,0,0,0.0,0,0,-3,0,0,0,0,0.0,1,1,1,1,0,28.7,74.8,78.5,73.9,,,61.4,60.0,15,0,0,0,0,14,22,2,0,1,0,19,0,0.0,6.3,,1
18,Corey Kiner,86392,HB,ARZ,1,3,1,0,0.0,0,0,13,1,0,1,7,46.7,0,1,1,0,2,69.0,50.7,72.0,,8.8,30.7,58.5,72.4,6,0,15,2,9,3,0,0,3,5,0,13,7,2.33,4.3,1.67,1
18,Tyjae Spears,97195,HB,TEN,1,3,0,0,0.0,0,0,18,0,4,0,12,160.0,0,1,31,0,1,71.8,77.3,80.1,,84.0,79.2,69.9,58.7,9,0,9,7,13,6,0,0,7,10,0,18,12,4.0,6.0,0.69,2
18,Riley Leonard,143862,QB,IND,1,3,2,0,0.0,0,0,1,0,0,1,2,200.0,1,3,14,2,0,28.4,84.2,78.9,79.9,,,73.4,60.0,11,0,-3,0,0,26,20,2,0,1,1,21,2,0.67,7.0,,1
18,Malachi Corley,66272,WR,CLV,1,3,1,0,0.0,0,0,18,0,2,1,18,360.0,0,0,8,0,1,67.8,79.9,75.8,,,78.0,62.8,78.3,8,0,20,2,11,11,0,0,2,5,0,18,18,6.0,6.0,1.82,0
18,Joshua Dobbs,11890,QB,NE,1,3,1,0,,0,0,-2,0,0,0,0,0.0,0,0,19,0,0,70.8,45.4,73.5,49.1,,,53.7,60.0,2,0,0,0,0,8,2,1,0,2,0,0,8,2.67,0.0,,0
18,Jimmy Garoppolo,8697,QB,LA,1,3,0,0,0.0,0,0,-3,0,0,0,0,0.0,0,0,26,0,0,67.2,61.2,68.2,,,,60.5,,-1,0,0,0,0,3,0,0,0,3,0,-3,0,0.0,-1.0,,0
18,Connor Heyward,57301,TE,PIT,1,3,0,0,0.0,0,0,2,0,0,0,1,0.0,0,2,25,0,0,68.2,69.7,70.9,,73.4,65.4,67.2,57.8,1,0,3,1,1,9,0,0,1,4,1,2,1,0.33,0.7,3.0,0
18,Shedeur Sanders,131396,QB,CLV,1,3,1,0,0.0,0,0,4,0,0,0,6,0.0,1,1,8,1,0,26.5,35.7,0.0,32.3,,,71.7,60.0,13,1,0,0,0,21,22,2,0,1,0,26,11,3.67,8.7,,1
18,Brady Cook,124199,QB,NYJ,1,3,1,0,0.0,0,0,2,0,0,0,1,0.0,0,1,22,0,0,76.9,70.6,77.9,70.3,,,59.7,60.0,5,0,0,0,0,22,5,1,0,2,0,7,4,1.33,2.3,,0
18,Zavier Scott,55123,HB,MIN,1,3,0,0,0.0,0,0,9,0,0,0,10,0.0,0,0,18,0,1,66.7,68.1,73.6,,,65.6,64.9,,6,0,8,1,4,2,0,0,1,4,0,9,10,3.33,3.0,2.0,1
18,Kimani Vidal,123727,HB,LAC,1,3,0,0,0.0,0,0,12,0,0,0,6,0.0,0,0,27,0,2,68.2,52.0,74.0,,30.0,59.0,55.0,60.0,7,0,-2,1,6,4,0,0,1,4,0,12,6,2.0,4.0,-0.33,1
18,Kirk Cousins,7102,QB,ATL,1,3,0,0,,0,0,-2,0,0,0,0,0.0,0,0,2,0,0,79.3,61.9,0.0,63.7,,,57.9,60.0,2,1,0,0,0,24,2,1,0,2,0,0,2,0.67,0.0,,0
18,Nick Mullens,12282,QB,JAX,1,3,0,0,0.0,0,0,-2,0,0,0,0,0.0,0,0,15,0,0,69.1,72.1,72.6,71.2,,,60.5,60.0,0,0,0,0,0,9,0,0,0,3,0,-2,0,0.0,-0.7,,0
18,Cam Ward,133244,QB,TEN,1,2,0,0,0.0,0,0,7,0,0,0,4,0.0,0,1,31,0,0,68.4,79.3,70.6,76.0,,,64.9,,7,0,0,0,0,1,4,1,0,1,1,11,10,5.0,5.5,,1
18,Reggie Gilliam,40951,FB,BUF,1,2,0,0,0.0,0,0,4,0,0,0,3,0.0,0,1,4,0,0,66.7,73.8,74.5,,75.8,70.9,61.3,68.2,5,0,22,1,5,8,0,0,1,3,0,4,3,1.5,2.0,4.4,0
18,Tanner McKee,131770,QB,PHI,1,2,0,0,0.0,0,0,0,0,0,0,,100.0,0,0,24,0,0,79.9,52.9,78.9,54.6,,,51.5,60.0,2,0,0,0,0,18,3,2,0,0,0,3,7,3.5,1.5,,0
18,Puka Nacua,100632,WR,LA,1,2,1,0,0.0,0,0,24,0,2,1,8,100.0,2,2,26,0,0,72.7,93.1,78.1,,,92.3,67.0,71.3,13,0,76,10,32,18,0,0,10,12,0,24,8,4.0,12.0,2.38,0
18,Keaton Mitchell,123826,HB,BLT,1,2,0,0,0.0,0,0,2,0,0,0,0,0.0,0,0,3,0,1,69.4,35.1,68.6,,,26.8,49.9,,3,0,0,0,4,2,0,0,0,2,0,2,0,0.0,1.0,0.0,1
18,Deebo Samuel,48274,WR,WAS,1,2,0,0,0.0,0,0,1,0,0,0,6,0.0,0,0,32,1,0,19.0,49.3,78.3,,,57.3,39.5,59.7,1,0,20,2,24,22,0,0,5,4,0,1,6,3.0,0.5,0.83,0
18,Tyler Badie,83714,HB,DEN,1,2,0,0,0.0,0,0,-2,0,0,0,3,0.0,0,0,10,0,1,66.2,70.0,70.8,,81.4,87.7,59.7,,1,0,28,2,5,1,0,0,2,4,0,-2,3,1.5,-1.0,5.6,0
18,Joe Burrow,28022,QB,CIN,1,2,0,0,0.0,0,0,9,0,0,0,0,0.0,0,1,7,0,0,79.7,82.1,79.3,77.7,,,73.8,60.0,9,1,0,0,0,24,8,1,0,1,0,17,0,0.0,8.5,,0
18,J.J. McCarthy,144918,QB,MIN,1,2,2,0,0.0,0,0,1,0,0,0,0,0.0,0,1,18,0,0,76.9,61.4,0.0,58.2,,,74.4,60.0,6,1,0,0,0,17,6,1,0,1,0,7,15,7.5,3.5,,0
18,James Cook,83666,HB,BUF,1,2,0,0,0.0,0,0,15,0,0,0,11,0.0,1,1,4,0,2,65.2,71.5,64.4,,,,68.4,,10,0,0,0,0,2,0,0,0,2,0,15,11,5.5,7.5,,0
18,Hunter Luepke,91319,FB,DAL,1,2,1,0,0.0,0,0,12,0,1,1,12,400.0,0,2,9,0,0,66.7,74.0,73.9,,72.5,61.1,72.9,60.0,9,0,4,1,6,5,0,0,1,3,0,12,12,6.0,6.0,0.67,2
18,Emari Demercado,77763,HB,ARZ,1,2,3,1,62.1,18,0,29,0,0,3,17,850.0,2,1,1,0,2,66.7,76.5,74.3,,75.0,80.6,68.5,,18,0,28,1,10,2,0,0,1,3,0,29,17,8.5,14.5,2.8,0
18,Malik Washington,97108,WR,MIA,1,2,2,0,0.0,0,0,22,0,1,2,25,750.0,1,1,17,0,0,71.7,68.9,77.3,,,66.8,62.8,60.4,14,0,6,3,22,17,0,0,3,5,0,22,25,12.5,11.0,0.27,0
18,Brock Purdy,77672,QB,SF,1,2,1,0,0.0,0,0,0,0,0,0,,100.0,2,1,28,0,0,77.7,76.2,77.3,69.0,,,77.9,60.0,11,0,0,0,0,10,21,2,0,0,0,21,10,5.0,10.5,,0
18,Brian Robinson,57120,HB,SF,1,2,0,0,0.0,0,0,9,0,0,0,10,0.0,0,0,28,0,0,69.4,66.9,69.4,,66.3,55.8,66.2,,6,0,0,0,3,2,0,0,0,2,0,9,10,5.0,4.5,0.0,2
18,C.J. Stroud,129759,QB,HST,1,2,0,0,0.0,0,0,2,0,0,0,0,0.0,0,1,13,0,0,77.1,71.7,77.5,69.4,,,63.9,60.0,3,1,0,0,0,17,3,1,0,1,1,5,0,0.0,2.5,,0
18,Evan Hull,97302,HB,NO,1,2,0,0,0.0,0,0,11,0,0,0,4,0.0,0,0,20,0,1,70.8,62.0,71.6,,71.3,55.4,62.7,,8,0,0,0,4,2,0,0,0,2,0,11,4,2.0,5.5,0.0,1
18,Trevor Lawrence,77632,QB,JAX,1,2,2,0,0.0,0,0,0,0,0,0,,100.0,1,1,15,0,0,78.6,82.6,78.1,80.8,,,62.9,60.0,10,0,0,0,0,13,11,2,0,0,0,11,21,10.5,5.5,,0
18,Dak Prescott,10769,QB,DAL,1,2,0,0,0.0,0,0,-1,0,0,0,0,0.0,0,0,9,1,0,20.9,43.8,75.9,58.9,,,34.5,60.0,0,0,0,0,0,17,0,0,0,2,0,-1,0,0.0,-0.5,,1
18,Bryce Young,123943,QB,CAR,1,2,0,0,0.0,0,0,-1,0,0,0,0,0.0,0,0,5,1,0,78.8,67.3,78.2,66.4,,,60.0,60.0,0,1,0,0,0,13,0,0,0,2,0,-1,0,0.0,-0.5,,0
18,Will Shipley,144138,HB,PHI,1,1,0,0,0.0,0,0,2,1,0,0,3,0.0,0,0,24,0,0,69.8,53.6,79.2,,56.8,53.7,56.6,,2,0,11,2,22,1,0,0,3,3,0,2,3,3.0,2.0,0.5,1
18,Joe Flacco,4332,QB,CIN,1,1,0,0,0.0,0,0,2,0,0,0,1,0.0,0,1,7,0,0,61.9,66.5,64.6,,,,62.6,,2,0,0,0,0,1,0,0,0,1,0,2,1,1.0,2.0,,0
18,Matthew Stafford,4924,QB,LA,1,1,0,0,0.0,0,0,0,0,0,0,,100.0,0,0,26,0,0,79.6,82.5,79.4,81.8,,,58.3,60.0,3,0,0,0,0,28,3,1,0,0,0,3,0,0.0,3.0,,0
18,Ameer Abdullah,9487,HB,IND,1,1,0,0,0.0,0,0,1,0,2,0,1,66.7,0,0,14,0,0,69.8,62.9,73.3,,,78.7,56.7,,1,0,24,2,7,1,0,0,2,3,0,1,1,1.0,1.0,3.43,1
18,C.J. Ham,11347,FB,MIN,1,1,0,0,0.0,0,0,1,0,0,0,2,0.0,0,1,18,0,0,64.6,64.1,74.5,,55.0,74.2,62.0,55.2,1,0,6,1,4,14,0,0,1,2,1,1,2,2.0,1.0,1.5,0
18,Jonnu Smith,11855,TE,PIT,1,1,0,0,0.0,0,0,2,0,0,0,2,0.0,0,0,25,0,0,64.6,40.3,76.1,,,49.9,56.3,39.4,2,0,2,1,16,16,0,0,2,2,0,2,2,2.0,2.0,0.13,1
18,Jeremy McNichols,11917,HB,WAS,1,1,0,0,0.0,0,0,3,0,0,0,2,0.0,0,0,32,0,1,64.6,49.6,75.6,,5.2,53.3,59.6,60.0,3,0,8,1,11,2,0,0,1,2,0,3,2,2.0,3.0,0.73,0
18,Dare Ogunbowale,12329,HB,HST,1,1,0,0,0.0,0,0,3,1,0,0,3,0.0,0,0,13,0,0,64.6,46.8,72.4,,80.3,29.0,59.5,,3,0,6,1,5,1,0,0,2,2,0,3,3,3.0,3.0,1.2,1
18,Shane Buechele,12659,QB,KC,1,1,0,0,0.0,0,0,0,0,0,0,,100.0,0,0,16,0,0,75.1,51.2,76.1,54.2,,,55.3,60.0,4,0,0,0,0,9,4,1,0,0,0,4,0,0.0,4.0,,0
18,Chris Oladokun,40364,QB,KC,1,1,1,0,,0,0,0,0,0,1,1,100.0,0,0,16,2,0,17.2,29.9,76.8,35.9,,,43.0,60.0,0,0,0,0,0,13,0,0,0,1,0,0,1,1.0,0.0,,1
18,Trayveon Williams,45775,HB,CLV,1,1,0,0,0.0,0,0,7,0,0,0,5,0.0,0,0,8,0,0,70.5,55.0,72.8,,75.0,55.7,56.5,,7,0,13,1,9,1,0,0,1,2,0,7,5,5.0,7.0,1.44,1
18,KaVontae Turpin,47658,WR,DAL,1,1,0,0,0.0,0,0,7,0,0,0,2,0.0,0,0,9,0,0,74.0,42.4,71.2,,,54.6,56.6,31.4,7,0,0,0,5,4,0,0,1,1,0,7,2,2.0,7.0,0.0,0
18,Davis Mills,52269,QB,HST,1,1,0,0,0.0,0,0,0,0,0,0,,100.0,1,1,13,0,0,71.4,78.6,75.3,71.9,,,65.6,60.0,12,0,0,0,0,14,12,1,0,0,0,12,1,1.0,12.0,,0
18,Kenny Pickett,60515,QB,LV,1,1,0,0,0.0,0,0,0,0,0,0,,100.0,0,1,23,0,0,69.6,23.9,72.6,22.0,,,63.3,60.0,9,0,0,0,0,4,9,1,0,0,0,9,2,2.0,9.0,,0
18,Aidan O'Connell,60516,QB,LV,1,1,0,0,0.0,0,0,0,0,0,0,,100.0,0,0,23,0,0,76.3,65.7,78.2,66.9,,,55.7,60.0,7,0,0,0,0,26,7,1,0,0,0,7,14,14.0,7.0,,0
18,Isaiah Pola-Mao,60781,S,LV,1,1,0,0,0.0,0,0,3,0,0,0,4,0.0,0,0,23,0,0,61.9,55.9,60.4,,,,57.0,,3,0,0,0,0,1,0,0,0,1,0,3,4,4.0,3.0,,0
18,Jerry Jeudy,61103,WR,CLV,1,1,0,0,0.0,0,0,5,0,1,0,2,66.7,0,1,8,0,0,66.2,61.6,79.2,,,59.3,63.1,60.8,5,0,17,2,27,19,0,0,5,3,0,5,2,2.0,5.0,0.63,0
18,Justin Jefferson,61398,WR,MIN,1,1,0,0,0.0,0,0,3,0,2,0,1,22.2,0,0,18,0,0,70.1,88.8,78.1,,,85.2,,81.2,3,0,101,8,31,20,0,0,10,9,0,3,1,1.0,3.0,3.26,0
18,Zamir White,83665,HB,LV,1,1,2,0,0.0,0,0,5,0,0,2,5,500.0,0,1,23,0,0,72.7,67.5,67.0,,,65.4,62.8,60.0,5,0,5,1,1,2,0,0,1,2,0,5,5,5.0,5.0,5.0,1
18,Hassan Haskins,83701,HB,LAC,1,1,1,0,0.0,0,0,3,0,0,1,4,400.0,0,1,27,0,0,61.9,64.9,65.5,,65.8,,61.9,60.0,3,0,0,0,0,2,0,0,0,1,0,3,4,4.0,3.0,,1
18,Shedrick Jackson,84136,WR,LV,1,1,0,0,0.0,0,0,3,0,0,0,2,0.0,0,0,23,0,0,64.6,72.1,72.5,,,73.1,59.7,60.0,3,0,11,1,4,2,0,0,1,2,0,3,2,2.0,3.0,2.75,1
18,Tre Tucker,101106,WR,LV,1,1,0,0,0.0,0,0,4,0,0,0,3,0.0,0,0,23,0,0,66.2,60.8,79.3,,,62.0,56.6,61.8,4,0,30,2,31,29,0,0,6,3,0,4,3,3.0,4.0,0.97,0
18,Tyler Goodson,101659,HB,IND,1,1,0,0,0.0,0,0,3,0,0,0,4,0.0,0,0,14,0,1,61.9,55.6,67.4,,,56.0,59.7,,3,0,0,0,3,1,0,0,0,1,0,3,4,4.0,3.0,0.0,0
18,Rasheen Ali,121717,HB,BLT,1,1,0,0,,0,0,0,0,0,0,0,0.0,0,0,3,0,1,68.2,49.6,71.6,,22.4,58.5,60.0,59.3,0,0,0,0,2,3,0,0,0,1,0,0,0,0.0,0.0,0.0,0
18,Josh Downs,122832,WR,IND,1,1,0,0,0.0,0,0,-5,0,0,0,0,0.0,0,0,14,0,0,70.6,73.7,78.2,,,73.0,,58.9,-5,0,61,4,26,15,0,0,4,5,0,-5,0,0.0,-5.0,2.35,0
18,Ke'Shawn Williams,123406,WR,CIN,1,1,0,0,0.0,0,0,9,0,0,0,5,0.0,0,0,7,0,0,75.3,69.5,66.3,,,,63.1,59.8,9,0,0,0,0,2,0,0,0,1,0,9,5,5.0,9.0,,0
18,Tez Johnson,123709,WR,TB,1,1,0,0,0.0,0,0,5,0,0,0,3,0.0,0,0,30,0,0,64.6,66.4,71.7,,,71.5,56.6,60.3,5,0,17,1,4,5,0,0,1,2,0,5,3,3.0,5.0,4.25,0
18,Arian Smith,124039,WR,NYJ,1,1,0,0,0.0,0,0,2,0,0,0,0,0.0,0,0,22,0,0,61.9,59.3,74.3,,,54.8,59.2,78.7,2,0,0,0,8,8,0,0,1,1,0,2,0,0.0,2.0,0.0,0
18,Quinn Ewers,127253,QB,MIA,1,1,0,0,0.0,0,0,0,0,0,0,,100.0,0,0,17,0,0,77.4,46.6,78.3,43.2,,,65.6,60.0,9,0,0,0,0,23,9,1,0,0,0,9,0,0.0,9.0,,0
18,Kyle Williams,128374,WR,NE,1,1,0,0,0.0,0,0,5,0,0,0,5,0.0,0,0,19,0,0,61.9,52.6,76.2,,,53.0,59.2,59.1,5,0,0,0,9,17,0,0,0,1,0,5,5,5.0,5.0,0.0,0
18,Aaron Rodgers,2241,QB,PIT,1,1,0,0,0.0,0,0,0,0,0,0,,100.0,1,1,25,0,0,80.6,69.5,79.6,67.3,,,63.9,60.1,20,0,0,0,0,23,20,1,0,0,0,20,0,0.0,20.0,,0
18,Caleb Williams,144622,QB,CHI,1,1,0,0,0.0,0,0,0,0,0,0,,100.0,0,0,6,1,0,27.8,57.7,78.5,58.0,,,58.3,60.0,1,1,0,0,0,18,1,1,0,0,0,1,0,0.0,1.0,,0
18,Luther Burden III,157170,WR,CHI,1,1,1,0,0.0,0,0,10,1,0,1,13,325.0,1,1,6,0,0,67.4,67.1,76.5,,,64.9,62.8,59.7,10,0,35,3,23,9,0,0,4,4,0,10,13,13.0,10.0,1.52,0
18,Isaiah Bond,163586,WR,CLV,1,1,0,0,0.0,0,0,4,0,0,0,2,0.0,0,0,8,0,0,64.6,57.7,75.5,,,60.0,56.6,59.6,4,0,13,1,21,7,0,0,2,2,0,4,2,2.0,4.0,0.62,0
