week,player,player_id,position,team_name,player_game_count,declined_penalties,franchise_id,gap_grades_run_block,gap_run_block_percent,gap_snap_counts_run_block,gap_snap_counts_run_block_percent,gap_snap_counts_run_play,grades_run_block,penalties,run_block_percent,snap_counts_run_block,snap_counts_run_play,zone_grades_run_block,zone_run_block_percent,zone_snap_counts_run_block,zone_snap_counts_run_block_percent,zone_snap_counts_run_play
1,Tanor Bortolini,129915,C,IND,1,0,14,72.2,100.0,14,35.9,14,76.1,0,100.0,39,39,75.3,100.0,19,48.7,19
1,Bernhard Raimann,77948,T,IND,1,0,14,73.2,100.0,14,35.9,14,67.0,1,100.0,39,39,62.7,100.0,19,48.7,19
1,Matt Goncalves,99680,G,IND,1,0,14,61.6,100.0,14,35.9,14,70.8,1,100.0,39,39,71.0,100.0,19,48.7,19
1,Joe Tippmann,101568,G,NYJ,1,0,22,56.9,100.0,5,13.2,5,67.1,0,100.0,38,38,64.8,100.0,29,76.3,29
1,Armand Membou,125008,T,NYJ,1,0,22,58.9,100.0,5,13.2,5,90.3,0,100.0,38,38,91.9,100.0,29,76.3,29
1,Josh Myers,59992,C,NYJ,1,0,22,57.4,100.0,5,13.2,5,63.2,0,100.0,38,38,65.5,100.0,29,76.3,29
1,John Simpson,41715,G,NYJ,1,0,22,55.5,100.0,5,13.2,5,51.8,0,100.0,38,38,53.0,100.0,29,76.3,29
1,Garrett Wilson,97405,WR,NYJ,1,0,22,60.0,100.0,5,13.2,5,46.7,0,100.0,38,38,51.2,100.0,29,76.3,29
1,Olumuyiwa Fashanu,129777,T,NYJ,1,0,22,56.4,100.0,5,13.2,5,67.1,0,100.0,38,38,69.8,100.0,29,76.3,29
1,Josh Reynolds,11872,WR,NYJ,1,0,22,60.0,100.0,5,13.9,5,55.3,0,100.0,36,36,60.1,100.0,27,75.0,27
1,Daniel Jones,39395,QB,IND,1,0,14,60.0,100.0,14,40.0,14,60.0,0,89.7,35,39,60.0,100.0,19,54.3,19
1,Ben Bartch,84236,G,SF,1,0,28,83.5,100.0,7,20.6,7,74.7,0,100.0,34,34,60.1,100.0,24,70.6,24
1,Dominick Puni,163815,G,SF,1,0,28,63.2,100.0,7,20.6,7,48.4,0,100.0,34,34,50.9,100.0,24,70.6,24
1,Colton McKivitz,29314,T,SF,1,0,28,65.9,100.0,7,20.6,7,63.9,0,100.0,34,34,61.4,100.0,24,70.6,24
1,Jake Brendel,11117,C,SF,1,0,28,79.0,100.0,7,20.6,7,67.6,0,100.0,34,34,60.7,100.0,24,70.6,24
1,Braden Smith,46794,T,IND,1,0,14,51.0,100.0,13,38.2,13,59.0,0,100.0,34,34,60.3,100.0,15,44.1,15
1,Quenton Nelson,12954,G,IND,1,0,14,88.5,100.0,13,38.2,13,79.7,0,100.0,34,34,66.9,100.0,15,44.1,15
1,Trent Williams,5529,T,SF,1,0,28,56.0,100.0,7,21.2,7,55.8,1,100.0,33,33,64.7,100.0,24,72.7,24
1,Robert Hainsey,59980,C,JAX,1,0,15,65.6,100.0,10,31.3,10,74.7,1,100.0,32,32,69.9,100.0,16,50.0,16
1,Brock Purdy,77672,QB,SF,1,0,28,60.0,100.0,7,21.9,7,60.0,0,94.1,32,34,60.0,100.0,24,75.0,24
1,Mason Taylor,157122,TE,NYJ,1,0,22,58.7,100.0,5,15.6,5,54.3,0,100.0,32,32,54.5,100.0,24,75.0,24
1,Walker Little,52287,T,JAX,1,0,15,64.3,100.0,10,31.3,10,59.2,0,100.0,32,32,56.1,100.0,16,50.0,16
1,Ezra Cleveland,41973,G,JAX,1,0,15,61.2,100.0,10,31.3,10,68.5,0,100.0,32,32,70.5,100.0,16,50.0,16
1,Patrick Mekari,46219,G,JAX,1,0,15,55.2,100.0,10,33.3,10,66.5,0,100.0,30,30,77.9,100.0,16,53.3,16
1,Trevor Lawrence,77632,QB,JAX,1,0,15,60.0,100.0,10,33.3,10,60.0,0,93.8,30,32,60.0,100.0,16,53.3,16
1,Alec Pierce,78038,WR,IND,1,0,14,59.1,100.0,11,36.7,11,41.2,0,100.0,30,30,56.8,100.0,13,43.3,13
1,Michael Pittman Jr.,29049,WR,IND,1,1,14,50.5,100.0,13,43.3,13,51.4,1,100.0,30,30,58.2,100.0,12,40.0,12
1,Tyler Biadasz,41178,C,WAS,1,0,32,58.3,100.0,23,79.3,23,57.9,0,100.0,29,29,58.3,100.0,3,10.3,3
1,Nick Allegretti,39268,G,WAS,1,0,32,61.6,100.0,23,79.3,23,59.6,0,100.0,29,29,55.3,100.0,3,10.3,3
1,Laremy Tunsil,10647,T,WAS,1,0,32,72.3,100.0,23,79.3,23,71.5,0,100.0,29,29,60.0,100.0,3,10.3,3
1,Brandon Coleman,123068,T,WAS,1,0,32,51.8,100.0,23,79.3,23,51.9,0,100.0,29,29,58.5,100.0,3,10.3,3
1,Josh Conerly Jr.,163291,T,WAS,1,0,32,44.0,100.0,23,79.3,23,45.2,0,100.0,29,29,58.5,100.0,3,10.3,3
1,Justin Fields,82118,QB,NYJ,1,0,22,60.0,80.0,4,14.3,5,60.0,0,73.7,28,38,60.0,82.8,24,85.7,29
1,Tyler Steen,81921,G,PHI,1,0,24,46.2,100.0,9,32.1,9,64.5,0,100.0,28,28,77.6,100.0,13,46.4,13
1,Ronnie Stanley,10640,T,BLT,1,0,3,77.9,100.0,9,32.1,9,87.7,0,100.0,28,28,78.2,100.0,19,67.9,19
1,Tyler Linderbaum,82291,C,BLT,1,0,3,80.2,100.0,9,32.1,9,90.5,0,100.0,28,28,81.5,100.0,19,67.9,19
1,Daniel Faalele,81734,G,BLT,1,0,3,55.1,100.0,9,32.1,9,57.6,0,100.0,28,28,60.2,100.0,19,67.9,19
1,Luke Wattenberg,41024,C,DEN,1,0,10,71.2,100.0,14,50.0,14,69.3,0,100.0,28,28,67.8,100.0,9,32.1,9
1,Cam Jurgens,84014,C,PHI,1,0,24,49.0,100.0,9,32.1,9,73.0,0,100.0,28,28,80.7,100.0,13,46.4,13
1,Mike McGlinchey,46275,T,DEN,1,0,10,51.4,100.0,14,50.0,14,56.3,0,100.0,28,28,64.0,100.0,9,32.1,9
1,Ben Powers,41482,G,DEN,1,0,10,67.8,100.0,14,50.0,14,80.7,0,100.0,28,28,78.6,100.0,9,32.1,9
1,Garett Bolles,11775,T,DEN,1,0,10,53.7,100.0,14,50.0,14,53.4,0,100.0,28,28,56.4,100.0,9,32.1,9
1,Quinn Meinerz,112915,G,DEN,1,0,10,85.1,100.0,14,50.0,14,76.9,0,100.0,28,28,54.8,100.0,9,32.1,9
1,Lane Johnson,7786,T,PHI,1,0,24,56.6,100.0,9,32.1,9,74.1,0,100.0,28,28,81.4,100.0,13,46.4,13
1,Roger Rosengarten,131912,T,BLT,1,0,3,56.0,100.0,9,32.1,9,57.8,0,100.0,28,28,60.1,100.0,19,67.9,19
1,Andrew Vorhees,60818,G,BLT,1,0,3,44.6,100.0,9,32.1,9,44.0,0,100.0,28,28,49.8,100.0,19,67.9,19
1,Jordan Mailata,66916,T,PHI,1,0,24,71.5,100.0,9,32.1,9,93.5,0,100.0,28,28,94.1,100.0,13,46.4,13
1,Luke Farrell,42353,TE,SF,1,0,28,54.9,100.0,5,18.5,5,57.2,0,100.0,27,27,58.5,100.0,20,74.1,20
1,Brenton Strange,101694,TE,JAX,1,0,15,58.1,100.0,6,22.2,6,69.2,0,100.0,27,27,74.4,100.0,15,55.6,15
1,Alaric Jackson,40972,T,LA,1,0,26,48.0,100.0,14,53.8,14,56.6,0,100.0,26,26,70.8,100.0,6,23.1,6
1,Rob Havenstein,9490,T,LA,1,0,26,48.0,100.0,14,53.8,14,70.5,0,100.0,26,26,92.0,100.0,6,23.1,6
1,Connor McGovern,41714,C,BUF,1,0,4,56.6,100.0,9,34.6,9,44.2,0,100.0,26,26,41.2,100.0,9,34.6,9
1,Spencer Brown,42296,T,BUF,1,0,4,61.0,100.0,9,34.6,9,78.9,0,100.0,26,26,71.4,100.0,9,34.6,9
1,Coleman Shelton,39316,C,LA,1,0,26,62.1,100.0,14,53.8,14,69.1,0,100.0,26,26,65.8,100.0,6,23.1,6
1,David Edwards,35941,G,BUF,1,0,4,54.5,100.0,9,34.6,9,47.5,0,100.0,26,26,47.3,100.0,9,34.6,9
1,Dion Dawkins,11818,T,BUF,1,0,4,55.3,100.0,9,34.6,9,62.3,1,100.0,26,26,68.5,100.0,9,34.6,9
1,O'Cyrus Torrence,102821,G,BUF,1,0,4,54.4,100.0,9,34.6,9,46.5,0,100.0,26,26,54.4,100.0,9,34.6,9
1,Ricky Pearsall,100660,WR,SF,1,0,28,59.9,100.0,6,23.1,6,59.6,0,100.0,26,26,59.5,100.0,19,73.1,19
1,Brian O'Neill,46854,T,MIN,1,0,18,64.2,100.0,12,48.0,12,81.7,0,100.0,25,25,82.4,100.0,11,44.0,11
1,Jake Matthews,8641,T,ATL,1,0,2,38.2,100.0,10,40.0,10,48.4,0,100.0,25,25,61.2,100.0,14,56.0,14
1,Laken Tomlinson,9461,G,HST,1,0,13,44.9,100.0,14,56.0,14,55.0,0,100.0,25,25,69.5,100.0,9,36.0,9
1,Donovan Jackson,145064,G,MIN,1,0,18,64.3,100.0,12,48.0,12,66.9,0,100.0,25,25,57.6,100.0,11,44.0,11
1,Ryan Kelly,10652,C,MIN,1,0,18,74.5,100.0,12,48.0,12,74.5,0,100.0,25,25,67.6,100.0,11,44.0,11
1,Aireontae Ersery,129649,T,HST,1,0,13,39.7,100.0,14,56.0,14,48.3,0,100.0,25,25,64.5,100.0,9,36.0,9
1,Tytus Howard,25472,G,HST,1,0,13,68.8,100.0,14,56.0,14,61.6,0,100.0,25,25,52.6,100.0,9,36.0,9
1,Matthew Bergeron,99658,G,ATL,1,0,2,55.8,100.0,10,40.0,10,57.5,0,100.0,25,25,59.8,100.0,14,56.0,14
1,Justin Skule,38951,T,MIN,1,0,18,48.6,100.0,12,48.0,12,50.1,1,100.0,25,25,56.2,100.0,11,44.0,11
1,Ryan Neuzil,41123,C,ATL,1,0,2,65.4,100.0,10,40.0,10,59.8,0,100.0,25,25,55.4,100.0,14,56.0,14
1,Will Fries,41530,G,MIN,1,0,18,47.5,100.0,12,48.0,12,55.6,0,100.0,25,25,54.6,100.0,11,44.0,11
1,Elijah Wilkinson,46238,T,ATL,1,0,2,49.3,100.0,10,40.0,10,74.0,0,100.0,25,25,86.6,100.0,14,56.0,14
1,Chris Lindstrom,46692,G,ATL,1,0,2,56.9,100.0,10,40.0,10,67.9,0,100.0,25,25,72.8,100.0,14,56.0,14
1,Justin Jefferson,61398,WR,MIN,1,0,18,62.1,100.0,12,48.0,12,61.1,0,100.0,25,25,59.7,100.0,11,44.0,11
1,Grey Zabel,125314,G,SEA,1,0,29,69.4,100.0,8,33.3,8,57.8,0,100.0,24,24,66.1,100.0,14,58.3,14
1,Abraham Lucas,60218,T,SEA,1,0,29,43.4,100.0,8,33.3,8,52.6,0,100.0,24,24,72.8,100.0,14,58.3,14
1,Jalen Sundell,91396,C,SEA,1,0,29,52.0,100.0,8,33.3,8,56.9,0,100.0,24,24,63.1,100.0,14,58.3,14
1,Anthony Bradford,99103,G,SEA,1,0,29,48.6,100.0,8,33.3,8,65.9,0,100.0,24,24,77.2,100.0,14,58.3,14
1,Elgton Jenkins,46298,C,GB,1,0,12,60.1,100.0,11,45.8,11,70.9,0,100.0,24,24,75.4,100.0,10,41.7,10
1,Drake London,86519,WR,ATL,1,0,2,49.1,100.0,10,41.7,10,31.4,1,100.0,24,24,44.9,100.0,14,58.3,14
1,Isaiah Adams,158192,G,ARZ,1,0,1,48.8,100.0,20,83.3,20,43.1,0,100.0,24,24,58.3,100.0,3,12.5,3
1,Paris Johnson Jr.,129749,T,ARZ,1,0,1,70.8,100.0,20,83.3,20,55.8,0,100.0,24,24,47.3,100.0,3,12.5,3
1,Rasheed Walker,81798,T,GB,1,0,12,55.6,100.0,11,45.8,11,60.1,0,100.0,24,24,64.8,100.0,10,41.7,10
1,Tyler Warren,129798,TE,IND,1,0,14,77.9,100.0,10,41.7,10,88.6,0,96.0,24,25,90.7,100.0,11,45.8,11
1,Davante Adams,8688,WR,LA,1,0,26,61.2,100.0,14,58.3,14,61.7,0,100.0,24,24,61.1,100.0,5,20.8,5
1,Evan Brown,38709,G,ARZ,1,0,1,46.5,100.0,20,83.3,20,39.6,1,100.0,24,24,55.5,100.0,3,12.5,3
1,Courtland Sutton,48164,WR,DEN,1,0,10,60.1,100.0,12,50.0,12,41.0,0,100.0,24,24,61.6,100.0,9,37.5,9
1,C.J. Stroud,129759,QB,HST,1,0,13,60.0,100.0,14,58.3,14,60.0,0,96.0,24,25,60.0,100.0,9,37.5,9
1,J.J. McCarthy,144918,QB,MIN,1,0,18,60.0,100.0,12,50.0,12,60.0,0,96.0,24,25,60.0,90.9,10,41.7,11
1,Hjalte Froholdt,44959,C,ARZ,1,0,1,66.6,100.0,20,83.3,20,69.4,1,100.0,24,24,58.3,100.0,3,12.5,3
1,Jonah Williams,41651,T,ARZ,1,0,1,37.9,100.0,20,83.3,20,40.2,0,100.0,24,24,59.5,100.0,3,12.5,3
1,Charles Cross,98401,T,SEA,1,0,29,65.2,100.0,8,33.3,8,71.5,0,100.0,24,24,72.0,100.0,14,58.3,14
1,Grant Calcaterra,60997,TE,PHI,1,0,24,44.4,100.0,9,37.5,9,40.4,0,100.0,24,24,46.8,100.0,10,41.7,10
1,Anton Harrison,122929,T,JAX,1,0,15,54.2,100.0,9,37.5,9,69.5,0,100.0,24,24,68.2,100.0,11,45.8,11
1,Ethan Pocic,11813,C,CLV,1,0,8,55.0,100.0,11,47.8,11,57.0,0,100.0,23,23,54.2,100.0,10,43.5,10
1,Michael Penix Jr.,82134,QB,ATL,1,0,2,60.0,90.0,9,39.1,10,60.0,0,92.0,23,25,60.0,100.0,14,60.9,14
1,Jackson Powers-Johnson,146550,G,LV,1,0,23,64.2,100.0,7,30.4,7,54.8,0,100.0,23,23,50.8,100.0,15,65.2,15
1,Jalen Hurts,40291,QB,PHI,1,0,24,60.0,100.0,9,39.1,9,60.0,0,82.1,23,28,60.0,100.0,13,56.5,13
1,Christian Mahogany,98261,G,DET,1,0,11,61.7,100.0,7,30.4,7,58.1,0,100.0,23,23,56.1,100.0,13,56.5,13
1,Trey McBride,75916,TE,ARZ,1,0,1,44.0,100.0,19,82.6,19,45.6,0,100.0,23,23,60.2,100.0,3,13.0,3
1,John Bates,42275,TE,WAS,1,0,32,68.0,100.0,21,91.3,21,73.1,0,100.0,23,23,71.0,100.0,2,8.7,2
1,Graham Glasgow,10729,C,DET,1,0,11,51.9,100.0,7,30.4,7,34.4,0,100.0,23,23,47.3,100.0,13,56.5,13
1,Taylor Decker,10650,T,DET,1,0,11,56.4,100.0,7,30.4,7,36.6,0,100.0,23,23,41.3,100.0,13,56.5,13
1,Landon Dickerson,41712,G,PHI,1,0,24,51.7,100.0,7,30.4,7,54.8,0,100.0,23,23,59.8,100.0,13,56.5,13
1,Dylan Parham,60953,G,LV,1,0,23,62.5,100.0,7,30.4,7,61.1,0,100.0,23,23,59.6,100.0,15,65.2,15
1,Adam Trautman,109795,TE,DEN,1,0,10,35.6,100.0,12,52.2,12,47.6,0,100.0,23,23,66.3,100.0,7,30.4,7
1,Tate Ratledge,124034,G,DET,1,0,11,66.8,100.0,7,30.4,7,64.1,0,100.0,23,23,60.0,100.0,13,56.5,13
1,Dawand Jones,101550,T,CLV,1,0,8,55.6,100.0,11,47.8,11,41.1,0,100.0,23,23,36.0,100.0,10,43.5,10
1,Sam Darnold,29048,QB,SEA,1,0,29,60.0,100.0,8,34.8,8,60.2,0,95.8,23,24,60.0,92.9,13,56.5,14
1,Cam Robinson,11789,T,HST,1,0,13,53.9,100.0,13,56.5,13,69.4,1,100.0,23,23,69.2,100.0,8,34.8,8
1,Jordan Meredith,60235,C,LV,1,0,23,70.0,100.0,7,30.4,7,68.4,0,100.0,23,23,63.1,100.0,15,65.2,15
1,Lamar Jackson,46416,QB,BLT,1,0,3,60.0,100.0,9,39.1,9,60.0,0,82.1,23,28,60.0,73.7,14,60.9,19
1,Wyatt Teller,46131,G,CLV,1,0,8,64.4,100.0,11,47.8,11,75.5,0,100.0,23,23,80.6,100.0,10,43.5,10
1,Joel Bitonio,8670,G,CLV,1,0,8,60.1,100.0,11,47.8,11,78.0,0,100.0,23,23,71.7,100.0,10,43.5,10
1,Penei Sewell,81788,T,DET,1,0,11,64.6,100.0,7,30.4,7,68.4,0,100.0,23,23,58.7,100.0,13,56.5,13
1,Kolton Miller,47013,T,LV,1,0,23,47.9,100.0,7,30.4,7,61.1,0,100.0,23,23,69.5,100.0,15,65.2,15
1,DJ Glaze,129511,T,LV,1,0,23,58.0,100.0,7,30.4,7,53.4,1,100.0,23,23,53.2,100.0,15,65.2,15
1,Casey Washington,101710,WR,ATL,1,0,2,60.4,100.0,9,40.9,9,60.1,0,100.0,22,22,59.8,100.0,13,59.1,13
1,Johnny Mundt,12206,TE,JAX,1,0,15,44.6,100.0,7,31.8,7,64.6,1,100.0,22,22,72.1,100.0,12,54.5,12
1,Bradley Bozeman,27934,C,LAC,1,0,27,50.3,100.0,7,31.8,7,49.7,0,100.0,22,22,54.4,100.0,10,45.5,10
1,Joe Burrow,28022,QB,CIN,1,0,7,60.0,100.0,13,59.1,13,60.0,0,100.0,22,22,60.0,100.0,5,22.7,5
1,Matthew Stafford,4924,QB,LA,1,0,26,60.0,100.0,14,63.6,14,60.0,0,84.6,22,26,60.0,100.0,6,27.3,6
1,Juwan Johnson,28305,TE,NO,1,0,20,36.2,100.0,10,45.5,10,35.0,0,100.0,22,22,66.6,100.0,11,50.0,11
1,Zion Johnson,99681,G,LAC,1,0,27,73.4,100.0,7,31.8,7,61.5,0,100.0,22,22,50.5,100.0,10,45.5,10
1,Joe Flacco,4332,QB,CLV,1,0,8,60.0,100.0,11,50.0,11,60.2,0,95.7,22,23,60.0,100.0,10,45.5,10
1,Dillon Radunz,30551,G,NO,1,0,20,54.5,100.0,10,45.5,10,50.2,1,100.0,22,22,61.7,100.0,11,50.0,11
1,Erik McCoy,37347,C,NO,1,0,20,68.7,100.0,10,45.5,10,79.1,0,100.0,22,22,78.6,100.0,11,50.0,11
1,Cesar Ruiz,59857,G,NO,1,0,20,47.0,100.0,10,45.5,10,32.3,1,100.0,22,22,32.0,100.0,11,50.0,11
1,Ted Karras,10855,C,CIN,1,0,7,56.2,100.0,13,59.1,13,58.8,0,100.0,22,22,72.8,100.0,5,22.7,5
1,Jordan Love,40306,QB,GB,1,0,12,60.0,100.0,11,50.0,11,60.0,0,91.7,22,24,60.0,100.0,10,45.5,10
1,Jayden Daniels,97993,QB,WAS,1,0,32,60.0,87.0,20,90.9,23,60.0,0,75.9,22,29,60.0,66.7,2,9.1,3
1,Bo Nix,97790,QB,DEN,1,0,10,60.0,92.9,13,59.1,14,60.0,0,78.6,22,28,60.0,100.0,9,40.9,9
1,Trey Pipkins III,91462,T,LAC,1,0,27,60.3,100.0,7,31.8,7,64.7,0,100.0,22,22,66.2,100.0,10,45.5,10
1,Jared Goff,10635,QB,DET,1,0,11,60.0,100.0,7,31.8,7,60.0,0,95.7,22,23,60.0,100.0,13,59.1,13
1,Dylan Fairchild,146716,G,CIN,1,0,7,75.4,100.0,13,59.1,13,60.2,0,100.0,22,22,49.1,100.0,5,22.7,5
1,Amarius Mims,146719,T,CIN,1,0,7,38.1,100.0,13,59.1,13,48.8,1,100.0,22,22,82.3,100.0,5,22.7,5
1,Brian Thomas Jr.,146760,WR,JAX,1,0,15,60.3,100.0,8,36.4,8,41.3,0,95.7,22,23,59.6,100.0,11,50.0,11
1,Joe Alt,147481,T,LAC,1,0,27,62.8,100.0,7,31.8,7,54.8,0,100.0,22,22,41.4,100.0,10,45.5,10
1,Orlando Brown Jr.,46227,T,CIN,1,0,7,79.5,100.0,13,59.1,13,74.3,0,100.0,22,22,59.6,100.0,5,22.7,5
1,Geno Smith,7820,QB,LV,1,0,23,60.0,100.0,7,31.8,7,60.0,0,95.7,22,23,60.0,100.0,15,68.2,15
1,Kelvin Banks Jr.,163839,T,NO,1,0,20,56.0,100.0,10,45.5,10,58.8,0,100.0,22,22,62.3,100.0,11,50.0,11
1,DeVonta Smith,61100,WR,PHI,1,0,24,53.8,100.0,8,36.4,8,54.9,0,100.0,22,22,60.3,100.0,11,50.0,11
1,Dallas Goedert,47272,TE,PHI,1,0,24,48.9,100.0,6,27.3,6,48.9,0,100.0,22,22,55.4,100.0,10,45.5,10
1,Jakobi Meyers,47468,WR,LV,1,0,23,61.2,100.0,7,31.8,7,55.8,0,100.0,22,22,54.6,100.0,15,68.2,15
1,A.J. Brown,48327,WR,PHI,1,0,24,61.5,100.0,8,38.1,8,61.6,0,100.0,21,21,61.0,100.0,12,57.1,12
1,Tyler Guyton,123076,T,DAL,1,0,9,48.5,100.0,9,42.9,9,53.9,0,100.0,21,21,61.4,100.0,10,47.6,10
1,Dawson Knox,35883,TE,BUF,1,0,4,75.1,100.0,7,33.3,7,67.2,0,100.0,21,21,56.4,100.0,7,33.3,7
1,Robert Hunt,46139,G,CAR,1,0,5,72.2,100.0,7,33.3,7,68.5,0,100.0,21,21,61.7,100.0,13,61.9,13
1,Sam LaPorta,101690,TE,DET,1,0,11,56.7,100.0,7,33.3,7,61.9,0,100.0,21,21,67.5,100.0,11,52.4,11
1,Kyler Murray,38334,QB,ARZ,1,0,1,60.0,90.0,18,85.7,20,60.0,0,87.5,21,24,60.0,100.0,3,14.3,3
1,Tyler Smith,98385,G,DAL,1,0,9,56.8,100.0,9,42.9,9,63.5,0,100.0,21,21,68.2,100.0,10,47.6,10
1,Terence Steele,39461,T,DAL,1,0,9,79.9,100.0,9,42.9,9,78.9,0,100.0,21,21,69.1,100.0,10,47.6,10
1,Tyler Booker,157001,G,DAL,1,0,9,52.2,100.0,9,42.9,9,50.9,0,100.0,21,21,54.5,100.0,10,47.6,10
1,Cade Stover,101486,TE,HST,1,0,13,54.8,100.0,12,57.1,12,66.3,1,100.0,21,21,79.5,100.0,7,33.3,7
1,Austin Corbett,46290,C,CAR,1,0,5,71.4,100.0,7,33.3,7,78.2,0,100.0,21,21,73.8,100.0,13,61.9,13
1,Beaux Limmer,99067,G,LA,1,0,26,80.5,100.0,11,52.4,11,89.9,0,100.0,21,21,84.0,100.0,4,19.0,4
1,Yosh Nijman,60822,T,CAR,1,0,5,54.8,100.0,7,33.3,7,80.8,0,100.0,21,21,89.6,100.0,13,61.9,13
1,Mark Andrews,47436,TE,BLT,1,0,3,57.3,100.0,6,28.6,6,72.9,0,100.0,21,21,86.3,100.0,15,71.4,15
1,Taylor Moton,11819,T,CAR,1,0,5,55.9,100.0,7,33.3,7,48.8,0,100.0,21,21,48.5,100.0,13,61.9,13
1,Cooper Beebe,99434,C,DAL,1,0,9,66.1,100.0,9,42.9,9,71.1,0,100.0,21,21,69.8,100.0,10,47.6,10
1,Kevin Zeitler,7032,G,TEN,1,0,31,69.3,100.0,14,66.7,14,64.1,0,100.0,21,21,54.3,100.0,5,23.8,5
1,Damien Lewis,81532,G,CAR,1,0,5,74.2,100.0,7,33.3,7,58.5,0,100.0,21,21,68.8,100.0,13,61.9,13
1,Jauan Jennings,48027,WR,SF,1,0,28,59.3,100.0,6,28.6,6,52.4,0,100.0,21,21,50.6,100.0,14,66.7,14
1,Lloyd Cushenberry III,41924,C,TEN,1,0,31,64.5,100.0,14,66.7,14,61.1,0,100.0,21,21,57.1,100.0,5,23.8,5
1,Zay Flowers,97268,WR,BLT,1,0,3,59.6,75.0,6,28.6,8,59.7,0,91.3,21,23,60.0,100.0,15,71.4,15
1,Peter Skoronski,129737,G,TEN,1,0,31,65.1,100.0,14,66.7,14,73.6,0,100.0,21,21,67.4,100.0,5,23.8,5
1,Jalen Nailor,84292,WR,MIN,1,0,18,59.9,100.0,10,47.6,10,59.7,0,100.0,21,21,60.5,100.0,9,42.9,9
1,Cam Ward,133244,QB,TEN,1,0,31,60.0,100.0,14,66.7,14,60.0,0,100.0,21,21,60.0,100.0,5,23.8,5
1,Dan Moore Jr.,60120,T,TEN,1,0,31,45.7,100.0,14,66.7,14,46.1,0,100.0,21,21,55.5,100.0,5,23.8,5
1,Dak Prescott,10769,QB,DAL,1,0,9,60.0,100.0,9,42.9,9,60.0,0,100.0,21,21,60.0,100.0,10,47.6,10
1,Charlie Kolar,60917,TE,BLT,1,0,3,56.2,100.0,7,33.3,7,65.4,0,100.0,21,21,69.5,100.0,14,66.7,14
1,Isaac Seumalo,10713,G,PIT,1,0,25,52.6,100.0,5,25.0,5,44.6,0,100.0,20,20,63.0,100.0,14,70.0,14
1,Amon-Ra St. Brown,84470,WR,DET,1,0,11,59.6,100.0,5,25.0,5,54.7,0,100.0,20,20,54.7,100.0,12,60.0,12
1,Nico Collins,61441,WR,HST,1,0,13,61.8,100.0,12,60.0,12,62.2,0,100.0,20,20,61.5,100.0,7,35.0,7
1,JC Latham,146596,T,TEN,1,0,31,71.5,100.0,13,65.0,13,66.1,0,100.0,20,20,58.2,100.0,5,25.0,5
1,Jonah Jackson,37070,G,CHI,1,0,6,49.1,100.0,2,10.0,2,44.8,0,100.0,20,20,51.4,100.0,17,85.0,17
1,Darnell Wright,98480,T,CHI,1,0,6,53.9,100.0,2,10.0,2,76.5,0,100.0,20,20,81.2,100.0,17,85.0,17
1,AJ Barner,129433,TE,SEA,1,0,29,56.3,100.0,7,35.0,7,68.7,0,95.2,20,21,78.6,100.0,12,60.0,12
1,Mason McCormick,78326,G,PIT,1,0,25,49.9,100.0,5,25.0,5,60.9,0,100.0,20,20,67.4,100.0,14,70.0,14
1,Graham Barton,122367,C,TB,1,0,30,59.5,100.0,15,75.0,15,47.6,1,100.0,20,20,58.1,100.0,3,15.0,3
1,Kyle Juszczyk,7912,FB,SF,1,0,28,59.7,100.0,2,10.0,2,55.4,0,100.0,20,20,55.1,100.0,16,80.0,16
1,Calvin Ridley,48262,WR,TEN,1,0,31,61.4,100.0,13,65.0,13,61.7,0,100.0,20,20,60.3,100.0,5,25.0,5
1,Zach Frazier,123419,C,PIT,1,0,25,55.4,100.0,5,25.0,5,49.8,0,100.0,20,20,58.6,100.0,14,70.0,14
1,Luke Goedeke,77548,T,TB,1,0,30,60.2,100.0,15,75.0,15,66.7,0,100.0,20,20,73.0,100.0,3,15.0,3
1,Michael Jordan,28021,G,TB,1,0,30,44.8,100.0,15,75.0,15,44.3,0,100.0,20,20,68.2,100.0,3,15.0,3
1,Troy Fautanu,100521,T,PIT,1,0,25,55.1,100.0,5,25.0,5,45.5,0,100.0,20,20,55.4,100.0,14,70.0,14
1,Drew Dalman,52270,C,CHI,1,0,6,60.0,100.0,2,10.0,2,59.8,0,100.0,20,20,59.8,100.0,17,85.0,17
1,Ben Bredeson,27305,G,TB,1,0,30,63.6,100.0,15,75.0,15,67.7,0,100.0,20,20,58.4,100.0,3,15.0,3
1,Cody Mauch,66637,G,TB,1,0,30,56.7,100.0,15,75.0,15,56.5,0,100.0,20,20,58.5,100.0,3,15.0,3
1,Tre Tucker,101106,WR,LV,1,0,23,60.8,100.0,6,30.0,6,75.8,0,100.0,20,20,60.1,100.0,13,65.0,13
1,Broderick Jones,124025,T,PIT,1,0,25,45.2,100.0,5,25.0,5,57.0,0,100.0,20,20,65.9,100.0,14,70.0,14
1,Marvin Harrison Jr.,145056,WR,ARZ,1,0,1,60.0,100.0,17,85.0,17,60.1,0,100.0,20,20,60.0,100.0,2,10.0,2
1,Terry McLaurin,48229,WR,WAS,1,0,32,52.4,100.0,18,90.0,18,53.0,0,100.0,20,20,60.0,100.0,2,10.0,2
1,Tucker Kraft,104034,TE,GB,1,0,12,58.2,100.0,11,55.0,11,58.2,0,95.2,20,21,59.4,100.0,8,40.0,8
1,Drew Sample,47259,TE,CIN,1,0,7,35.4,100.0,13,65.0,13,33.8,0,100.0,20,20,59.7,100.0,3,15.0,3
1,Bryce Young,123943,QB,CAR,1,0,5,60.0,100.0,7,35.0,7,60.0,0,95.2,20,21,60.0,100.0,13,65.0,13
1,Cole Kmet,60995,TE,CHI,1,0,6,58.3,100.0,2,10.0,2,54.4,0,100.0,20,20,55.2,100.0,17,85.0,17
1,Jameson Williams,101701,WR,DET,1,0,11,84.2,100.0,6,30.0,6,78.5,1,95.2,20,21,60.5,100.0,13,65.0,13
1,Braxton Jones,60092,T,CHI,1,0,6,59.9,100.0,2,10.0,2,57.1,0,100.0,20,20,57.0,100.0,17,85.0,17
1,Joe Thuney,10712,G,CHI,1,0,6,59.6,100.0,2,10.0,2,51.4,0,100.0,20,20,51.3,100.0,17,85.0,17
1,Aaron Rodgers,2241,QB,PIT,1,0,25,60.0,100.0,5,26.3,5,60.0,0,95.0,19,20,60.0,100.0,14,73.7,14
1,David Njoku,11784,TE,CLV,1,0,8,34.4,100.0,8,42.1,8,29.9,0,100.0,19,19,47.7,100.0,9,47.4,9
1,Justin Herbert,28237,QB,LAC,1,0,27,60.0,100.0,7,36.8,7,60.0,0,86.4,19,22,60.0,100.0,10,52.6,10
1,Charlie Woerner,42257,TE,ATL,1,0,2,45.5,100.0,8,42.1,8,44.0,0,100.0,19,19,50.7,100.0,10,52.6,10
1,Baker Mayfield,46518,QB,TB,1,0,30,60.0,100.0,15,78.9,15,60.0,0,95.0,19,20,60.0,100.0,3,15.8,3
1,Josh Oliver,47083,TE,MIN,1,0,18,53.2,100.0,11,57.9,11,54.4,0,100.0,19,19,59.7,100.0,7,36.8,7
1,D.K. Metcalf,47864,WR,PIT,1,0,25,60.0,100.0,5,26.3,5,83.9,0,100.0,19,19,85.6,100.0,13,68.4,13
1,Deebo Samuel,48274,WR,WAS,1,0,32,59.2,94.4,17,89.5,18,59.1,0,90.5,19,21,59.8,66.7,2,10.5,3
1,Aaron Banks,59983,G,GB,1,0,12,38.0,100.0,8,42.1,8,40.5,0,100.0,19,19,52.5,100.0,9,47.4,9
1,CeeDee Lamb,61570,WR,DAL,1,0,9,59.6,100.0,8,42.1,8,58.1,0,100.0,19,19,59.1,100.0,9,47.4,9
1,Sean Rhyan,72009,C,GB,1,0,12,71.4,100.0,8,42.1,8,67.6,0,100.0,19,19,60.5,100.0,9,47.4,9
1,Rome Odunze,73774,WR,CHI,1,0,6,60.0,100.0,1,5.3,1,59.5,0,100.0,19,19,59.9,100.0,17,89.5,17
1,Jeremy Ruckert,84029,TE,NYJ,1,0,22,60.0,100.0,1,5.3,1,47.7,0,100.0,19,19,47.2,100.0,16,84.2,16
1,Spencer Rattler,97408,QB,NO,1,0,20,60.0,80.0,8,42.1,10,60.0,0,86.4,19,22,60.0,100.0,11,57.9,11
1,Josh Downs,122832,WR,IND,1,0,14,58.8,100.0,7,36.8,7,58.0,0,100.0,19,19,59.7,100.0,10,52.6,10
1,Taliese Fuaga,131732,T,NO,1,0,20,36.1,100.0,9,47.4,9,34.9,0,100.0,19,19,57.9,100.0,9,47.4,9
1,Caleb Williams,144622,QB,CHI,1,0,6,60.0,100.0,2,10.5,2,60.0,0,95.0,19,20,60.0,100.0,17,89.5,17
1,Keon Coleman,144949,WR,BUF,1,0,4,60.3,100.0,6,31.6,6,50.6,0,100.0,19,19,60.4,100.0,6,31.6,6
1,Harold Fannin Jr.,163104,TE,CLV,1,0,8,57.2,88.9,8,44.4,9,54.6,0,94.7,18,19,55.8,100.0,9,50.0,9
1,Jake Andrews,81868,C,HST,1,0,13,70.1,100.0,10,55.6,10,63.7,0,100.0,18,18,55.1,100.0,7,38.9,7
1,Mekhi Becton,59818,G,LAC,1,0,27,66.2,100.0,5,27.8,5,63.6,0,100.0,18,18,58.5,100.0,9,50.0,9
1,Jordan Whittington,97623,WR,LA,1,0,26,52.9,100.0,9,50.0,9,53.4,0,94.7,18,19,59.6,100.0,4,22.2,4
1,Michael Mayer,122906,TE,LV,1,0,23,60.5,100.0,5,27.8,5,69.5,0,100.0,18,18,71.8,100.0,12,66.7,12
1,Tyler Johnson,48054,WR,NYJ,1,0,22,60.0,100.0,4,22.2,4,53.1,0,100.0,18,18,54.8,100.0,12,66.7,12
1,George Pickens,99229,WR,DAL,1,0,9,60.4,100.0,8,44.4,8,60.3,1,100.0,18,18,60.5,100.0,9,50.0,9
1,Cooper Kupp,11824,WR,SEA,1,0,29,52.4,100.0,7,38.9,7,38.2,0,100.0,18,18,59.0,100.0,11,61.1,11
1,Rashod Bateman,84296,WR,BLT,1,0,3,61.0,100.0,6,35.3,6,83.3,0,100.0,17,17,84.0,100.0,11,64.7,11
1,Ja'Marr Chase,84270,WR,CIN,1,0,7,61.9,100.0,8,47.1,8,62.2,0,100.0,17,17,60.5,100.0,5,29.4,5
1,Mike Onwenu,27357,G,NE,1,0,19,56.7,100.0,12,70.6,12,47.6,0,100.0,17,17,59.1,100.0,4,23.5,4
1,Hunter Henry,10669,TE,NE,1,0,19,57.5,100.0,12,70.6,12,56.3,0,100.0,17,17,57.7,100.0,4,23.5,4
1,Cedric Tillman,84434,WR,CLV,1,0,8,48.4,100.0,9,52.9,9,50.9,0,100.0,17,17,59.0,100.0,8,47.1,8
1,James Hudson III,59854,T,NYG,1,0,21,50.2,100.0,8,47.1,8,58.3,0,100.0,17,17,69.1,100.0,7,41.2,7
1,Josh Allen,46601,QB,BUF,1,0,4,60.0,77.8,7,41.2,9,60.0,0,65.4,17,26,60.0,100.0,9,52.9,9
1,Chigoziem Okonkwo,84000,TE,TEN,1,0,31,28.0,100.0,11,64.7,11,29.0,0,100.0,17,17,50.9,100.0,4,23.5,4
1,T.J. Hockenson,40912,TE,MIN,1,0,18,52.0,100.0,9,52.9,9,65.3,0,100.0,17,17,74.5,100.0,7,41.2,7
1,Will Campbell,157106,T,NE,1,0,19,69.8,100.0,12,70.6,12,78.2,0,100.0,17,17,69.0,100.0,4,23.5,4
1,Jermaine Eluemunor,11914,T,NYG,1,0,21,60.2,100.0,8,47.1,8,43.1,0,100.0,17,17,36.2,100.0,7,41.2,7
1,Jon Runyan,36661,G,NYG,1,0,21,56.7,100.0,8,47.1,8,58.7,0,100.0,17,17,62.2,100.0,7,41.2,7
1,Chris Olave,84355,WR,NO,1,0,20,61.3,100.0,8,47.1,8,61.5,0,100.0,17,17,61.1,100.0,8,47.1,8
1,John Michael Schmitz Jr.,55238,C,NYG,1,0,21,61.6,100.0,8,47.1,8,52.5,0,100.0,17,17,48.6,100.0,7,41.2,7
1,Greg Van Roten,7746,G,NYG,1,0,21,51.2,100.0,8,47.1,8,51.6,0,100.0,17,17,57.4,100.0,7,41.2,7
1,Kevin Dotson,46735,G,LA,1,0,26,71.7,100.0,9,52.9,9,72.0,0,100.0,17,17,65.9,100.0,4,23.5,4
1,Garrett Bradbury,46013,C,NE,1,0,19,66.3,100.0,12,70.6,12,51.2,0,100.0,17,17,50.8,100.0,4,23.5,4
1,Colby Parkinson,52266,TE,LA,1,0,26,59.3,100.0,8,47.1,8,70.0,0,100.0,17,17,68.0,100.0,5,29.4,5
1,Jared Wilson,146717,G,NE,1,0,19,66.6,100.0,12,70.6,12,60.2,1,100.0,17,17,66.6,100.0,4,23.5,4
1,Morgan Moses,8701,T,NE,1,0,19,61.1,100.0,12,70.6,12,61.3,0,100.0,17,17,60.4,100.0,4,23.5,4
1,Dyami Brown,77986,WR,JAX,1,0,15,53.0,100.0,5,29.4,5,72.3,1,89.5,17,19,59.5,100.0,10,58.8,10
1,Xavier Hutchinson,122518,WR,HST,1,0,13,54.4,100.0,10,62.5,10,56.3,0,94.1,16,17,61.5,100.0,6,37.5,6
1,Emeka Egbuka,145055,WR,TB,1,0,30,58.8,100.0,13,81.3,13,58.5,0,94.1,16,17,59.3,100.0,3,18.8,3
1,Romeo Doubs,84329,WR,GB,1,0,12,60.4,100.0,6,37.5,6,60.5,0,100.0,16,16,60.7,100.0,8,50.0,8
1,Will Dissly,30762,TE,LAC,1,0,27,88.2,100.0,7,43.8,7,84.8,0,100.0,16,16,69.4,100.0,5,31.3,5
1,Darius Slayton,25578,WR,NYG,1,0,21,54.6,100.0,7,43.8,7,55.8,0,100.0,16,16,61.2,100.0,7,43.8,7
1,Mo Alie-Cox,12078,TE,IND,1,0,14,74.7,100.0,5,31.3,5,53.6,0,100.0,16,16,58.9,100.0,10,62.5,10
1,Xavier Legette,99197,WR,CAR,1,0,5,60.7,100.0,6,37.5,6,55.9,0,100.0,16,16,54.5,100.0,10,62.5,10
1,Kyle Pitts,83964,TE,ATL,1,0,2,57.0,100.0,6,37.5,6,49.9,0,100.0,16,16,48.9,100.0,9,56.3,9
1,Drake Maye,143969,QB,NE,1,0,19,60.0,100.0,12,75.0,12,60.0,0,94.1,16,17,60.0,75.0,3,18.8,4
1,Jerry Jeudy,61103,WR,CLV,1,0,8,60.8,100.0,8,50.0,8,61.8,0,100.0,16,16,61.0,100.0,8,50.0,8
1,Malik Nabers,146759,WR,NYG,1,0,21,59.2,100.0,7,43.8,7,59.2,0,100.0,16,16,60.6,100.0,7,43.8,7
1,Mack Hollins,11873,WR,NE,1,0,19,50.3,100.0,11,68.8,11,51.1,0,100.0,16,16,59.6,100.0,4,25.0,4
1,Tip Reiman,129423,TE,ARZ,1,0,1,48.8,100.0,14,87.5,14,49.6,0,100.0,16,16,59.8,100.0,2,12.5,2
1,Andrew Ogletree,138351,TE,IND,1,0,14,56.4,100.0,4,25.0,4,39.5,0,100.0,16,16,39.7,100.0,10,62.5,10
1,Rashid Shaheed,63707,WR,NO,1,0,20,59.8,100.0,7,46.7,7,38.7,0,100.0,15,15,61.6,100.0,7,46.7,7
1,Tetairoa McMillan,158735,WR,CAR,1,0,5,60.6,100.0,6,40.0,6,60.1,0,100.0,15,15,59.6,100.0,9,60.0,9
1,Justin Watson,66915,WR,HST,1,0,13,54.3,100.0,9,60.0,9,52.2,0,100.0,15,15,54.8,100.0,5,33.3,5
1,Jaxon Smith-Njigba,129758,WR,SEA,1,0,29,59.1,100.0,5,33.3,5,59.4,0,100.0,15,15,60.1,100.0,10,66.7,10
1,Calvin Austin III,61418,WR,PIT,1,0,25,58.0,100.0,5,33.3,5,58.4,0,100.0,15,15,59.7,100.0,10,66.7,10
1,Russell Wilson,7077,QB,NYG,1,0,21,60.0,100.0,8,53.3,8,60.0,0,88.2,15,17,60.0,100.0,7,46.7,7
1,Tee Higgins,61211,WR,CIN,1,0,7,61.6,100.0,7,46.7,7,63.0,0,100.0,15,15,60.5,100.0,4,26.7,4
1,Cade Otton,61071,TE,TB,1,0,30,52.7,100.0,11,73.3,11,52.8,0,100.0,15,15,59.9,100.0,3,20.0,3
1,Elic Ayomanor,157263,WR,TEN,1,0,31,54.5,100.0,9,60.0,9,35.9,0,100.0,15,15,59.2,100.0,4,26.7,4
1,Ladd McConkey,124030,WR,LAC,1,0,27,39.4,100.0,6,40.0,6,63.5,1,100.0,15,15,61.2,100.0,7,46.7,7
1,Quentin Johnston,123085,WR,LAC,1,0,27,60.2,100.0,6,40.0,6,58.5,0,100.0,15,15,59.5,100.0,7,46.7,7
1,Robbie Ouzts,146594,FB,SEA,1,0,29,56.9,100.0,5,35.7,5,54.0,0,100.0,14,14,55.3,100.0,7,50.0,7
1,Brock Wright,60994,TE,DET,1,0,11,56.4,100.0,5,35.7,5,55.0,0,100.0,14,14,57.0,100.0,7,50.0,7
1,Mike Evans,8642,WR,TB,1,0,30,61.1,100.0,11,78.6,11,52.2,0,100.0,14,14,76.1,100.0,3,21.4,3
1,Steve Avila,77319,G,LA,1,0,26,62.7,100.0,8,57.1,8,67.9,0,100.0,14,14,67.4,100.0,4,28.6,4
1,Gunnar Helm,144726,TE,TEN,1,0,31,64.7,100.0,11,78.6,11,58.3,0,100.0,14,14,51.2,100.0,3,21.4,3
1,Andrei Iosivas,109811,WR,CIN,1,0,7,60.7,100.0,9,64.3,9,51.0,0,100.0,14,14,58.3,100.0,3,21.4,3
1,Tommy Tremble,84025,TE,CAR,1,0,5,57.1,100.0,5,35.7,5,34.5,0,100.0,14,14,41.8,100.0,8,57.1,8
1,Puka Nacua,100632,WR,LA,1,0,26,49.3,100.0,11,78.6,11,50.3,0,93.3,14,15,60.0,66.7,2,14.3,3
1,Michael Wilson,84423,WR,ARZ,1,0,1,53.3,100.0,12,85.7,12,54.0,0,100.0,14,14,60.0,100.0,1,7.1,1
1,Travis Hunter,160766,WR,JAX,1,0,15,60.7,100.0,7,50.0,7,54.8,0,100.0,14,14,59.6,100.0,5,35.7,5
1,Kayshon Boutte,124087,WR,NE,1,0,19,53.0,100.0,10,76.9,10,31.4,0,100.0,13,13,60.0,100.0,2,15.4,2
1,Ray-Ray McCloud III,47895,WR,ATL,1,0,2,60.6,100.0,5,38.5,5,29.3,0,100.0,13,13,60.3,100.0,7,53.8,7
1,Cornelius Lucas,9025,T,CLV,1,0,8,45.3,100.0,7,53.8,7,47.3,0,100.0,13,13,57.8,100.0,5,38.5,5
1,Jake Tonges,60864,TE,SF,1,0,28,68.7,100.0,2,15.4,2,70.7,0,100.0,13,13,54.9,100.0,8,61.5,8
1,DJ Moore,48267,WR,CHI,1,0,6,60.0,100.0,1,7.7,1,59.2,1,86.7,13,15,59.7,84.6,11,84.6,13
1,Jackson Hawes,109374,TE,BUF,1,0,4,60.8,100.0,6,46.2,6,73.9,0,100.0,13,13,72.9,100.0,5,38.5,5
1,Tyler Conklin,47124,TE,LAC,1,0,27,60.0,100.0,1,7.7,1,67.4,0,92.9,13,14,69.0,100.0,8,61.5,8
1,Brandin Cooks,8655,WR,NO,1,0,20,60.5,100.0,5,38.5,5,62.2,0,100.0,13,13,61.8,100.0,8,61.5,8
1,Kylen Granson,40630,TE,PHI,1,0,24,57.7,100.0,5,38.5,5,53.4,0,100.0,13,13,52.2,100.0,4,30.8,4
1,Troy Franklin,146567,WR,DEN,1,0,10,59.8,100.0,6,46.2,6,59.1,0,100.0,13,13,60.0,100.0,5,38.5,5
1,Dont'e Thornton Jr.,146547,WR,LV,1,0,23,55.9,100.0,4,30.8,4,34.7,0,100.0,13,13,60.0,100.0,9,69.2,9
1,Colston Loveland,158540,TE,CHI,1,0,6,58.6,100.0,2,15.4,2,53.9,0,100.0,13,13,55.0,100.0,10,76.9,10
1,Kingsley Suamataia,146558,G,KC,1,0,16,49.1,100.0,4,33.3,4,59.5,0,100.0,12,12,71.6,100.0,6,50.0,6
1,Jawaan Taylor,41665,T,KC,1,0,16,51.0,100.0,4,33.3,4,43.5,1,100.0,12,12,45.4,100.0,6,50.0,6
1,Tyler Higbee,10744,TE,LA,1,0,26,56.9,100.0,7,58.3,7,56.9,0,100.0,12,12,60.0,100.0,1,8.3,1
1,Patrick Mahomes,11765,QB,KC,1,0,16,60.0,100.0,4,33.3,4,60.0,0,100.0,12,12,60.0,100.0,6,50.0,6
1,Dalton Risner,47008,G,CIN,1,0,7,40.5,100.0,7,58.3,7,36.4,0,100.0,12,12,53.2,100.0,2,16.7,2
1,Trey Smith,62960,G,KC,1,0,16,47.0,100.0,4,33.3,4,40.5,0,100.0,12,12,46.2,100.0,6,50.0,6
1,Darnell Washington,124044,TE,PIT,1,0,25,59.5,100.0,3,25.0,3,67.7,0,100.0,12,12,70.3,100.0,8,66.7,8
1,Jonnu Smith,11855,TE,PIT,1,0,25,59.9,100.0,1,8.3,1,53.8,0,100.0,12,12,53.5,100.0,10,83.3,10
1,Jake Ferguson,61081,TE,DAL,1,0,9,48.5,100.0,5,41.7,5,68.9,0,100.0,12,12,88.1,100.0,6,50.0,6
1,Luke Musgrave,98499,TE,GB,1,0,12,43.4,100.0,7,58.3,7,52.1,0,100.0,12,12,66.6,100.0,2,16.7,2
1,Noah Fant,42388,TE,CIN,1,0,7,63.1,100.0,7,58.3,7,56.2,0,100.0,12,12,59.3,100.0,3,25.0,3
1,Adam Prentice,35639,FB,DEN,1,0,10,64.3,100.0,6,50.0,6,66.6,0,100.0,12,12,64.0,100.0,3,25.0,3
1,Ian Thomas,42130,TE,LV,1,0,23,49.1,100.0,4,33.3,4,52.3,0,100.0,12,12,60.1,100.0,7,58.3,7
1,Marquez Valdes-Scantling,47809,WR,SF,1,0,28,59.8,100.0,1,8.3,1,57.0,0,100.0,12,12,57.3,100.0,11,91.7,11
1,Creed Humphrey,59996,C,KC,1,0,16,60.6,100.0,4,33.3,4,72.0,0,100.0,12,12,66.3,100.0,6,50.0,6
1,Josh Simmons,88924,T,KC,1,0,16,60.7,100.0,4,33.3,4,59.1,0,100.0,12,12,58.7,100.0,6,50.0,6
1,Zaire Mitchell-Paden,145197,TE,BLT,1,0,3,50.5,100.0,3,25.0,3,55.0,0,100.0,12,12,61.2,100.0,9,75.0,9
1,Darian Kinnard,51789,T,GB,1,0,12,47.5,100.0,4,36.4,4,61.0,0,100.0,11,11,73.6,100.0,5,45.5,5
1,Tylan Wallace,61577,WR,BLT,1,0,3,60.0,100.0,1,9.1,1,36.0,0,100.0,11,11,59.3,100.0,10,90.9,10
1,Theo Johnson,129787,TE,NYG,1,0,21,52.3,100.0,6,54.5,6,69.4,0,100.0,11,11,60.4,100.0,3,27.3,3
1,Tyrell Shavers,61107,WR,BUF,1,0,4,59.7,100.0,6,54.5,6,78.2,0,100.0,11,11,60.6,100.0,4,36.4,4
1,Zach Ertz,7816,TE,WAS,1,0,32,57.3,100.0,8,72.7,8,57.6,0,100.0,11,11,59.9,100.0,3,27.3,3
1,Adam Thielen,8288,WR,MIN,1,0,18,59.9,100.0,3,27.3,3,50.0,0,100.0,11,11,48.0,100.0,7,63.6,7
1,Lucas Krull,83962,TE,DEN,1,0,10,57.2,100.0,3,27.3,3,54.4,0,100.0,11,11,55.4,100.0,5,45.5,5
1,Jayden Higgins,150240,WR,HST,1,0,13,54.0,100.0,5,45.5,5,36.0,0,100.0,11,11,60.0,100.0,5,45.5,5
1,Dontayvion Wicks,99711,WR,GB,1,0,12,53.0,100.0,5,45.5,5,53.6,0,100.0,11,11,60.6,100.0,5,45.5,5
1,Travis Kelce,7844,TE,KC,1,0,16,49.8,100.0,4,36.4,4,48.0,0,100.0,11,11,60.9,100.0,5,45.5,5
1,Davis Allen,99697,TE,LA,1,0,26,47.0,100.0,5,45.5,5,46.9,1,100.0,11,11,55.7,100.0,5,45.5,5
1,Jack Conklin,10642,T,CLV,1,0,8,56.3,100.0,4,40.0,4,45.4,0,100.0,10,10,44.6,100.0,5,50.0,5
1,Kalif Raymond,11028,WR,DET,1,0,11,59.4,100.0,2,20.0,2,60.3,0,100.0,10,10,61.6,100.0,7,70.0,7
1,Parker Washington,129799,WR,JAX,1,0,15,59.9,100.0,3,30.0,3,60.6,0,100.0,10,10,60.0,100.0,5,50.0,5
1,Zach Tom,55443,T,GB,1,0,12,67.3,100.0,4,40.0,4,56.4,0,100.0,10,10,47.9,100.0,5,50.0,5
1,Chuma Edoga,46232,T,JAX,1,0,15,61.2,100.0,3,30.0,3,41.1,0,100.0,10,10,33.6,100.0,5,50.0,5
1,John FitzPatrick,83974,TE,GB,1,0,12,46.2,100.0,4,40.0,4,64.0,0,100.0,10,10,70.2,100.0,5,50.0,5
1,Scott Matlock,82482,FB,LAC,1,0,27,69.8,100.0,2,20.0,2,66.6,0,100.0,10,10,53.6,100.0,5,50.0,5
1,Elijah Higgins,98027,TE,ARZ,1,0,1,65.1,100.0,8,80.0,8,62.4,0,100.0,10,10,58.2,100.0,2,20.0,2
1,Jack Stoll,42058,TE,NO,1,0,20,56.9,100.0,4,40.0,4,42.8,0,100.0,10,10,44.2,100.0,5,50.0,5
1,Wan'Dale Robinson,101735,WR,NYG,1,0,21,53.5,100.0,5,50.0,5,54.9,0,100.0,10,10,60.4,100.0,5,50.0,5
1,Zay Jones,11792,WR,ARZ,1,0,1,59.9,100.0,9,90.0,9,60.1,0,100.0,10,10,,,0,0.0,0
1,Patrick Paul,101019,T,MIA,1,0,17,70.9,100.0,4,40.0,4,86.1,0,100.0,10,10,82.5,100.0,6,60.0,6
1,Jonah Savaiinaea,158742,G,MIA,1,0,17,46.1,100.0,4,40.0,4,45.9,0,100.0,10,10,56.0,100.0,6,60.0,6
1,Jordan Morgan,98652,G,GB,1,0,12,74.3,100.0,6,60.0,6,71.3,0,100.0,10,10,59.0,100.0,2,20.0,2
1,Lucas Patrick,11435,G,CIN,1,0,7,50.3,100.0,6,60.0,6,47.9,0,100.0,10,10,55.5,100.0,3,30.0,3
1,Austin Jackson,60816,T,MIA,1,0,17,58.6,100.0,4,40.0,4,54.6,0,100.0,10,10,54.5,100.0,6,60.0,6
1,Aaron Brewer,46014,C,MIA,1,0,17,65.7,100.0,4,40.0,4,84.7,0,100.0,10,10,76.3,100.0,6,60.0,6
1,Tua Tagovailoa,60326,QB,MIA,1,0,17,60.0,100.0,4,40.0,4,60.0,0,100.0,10,10,60.0,100.0,6,60.0,6
1,Sterling Shepard,10674,WR,TB,1,0,30,53.5,100.0,8,88.9,8,53.8,0,100.0,9,9,60.0,100.0,1,11.1,1
1,Marquise Brown,61568,WR,KC,1,0,16,60.0,100.0,2,22.2,2,60.8,0,100.0,9,9,61.4,100.0,6,66.7,6
1,Joshua Palmer,62979,WR,BUF,1,0,4,59.7,100.0,3,33.3,3,54.2,0,100.0,9,9,60.0,100.0,4,44.4,4
1,Payne Durham,84037,TE,TB,1,0,30,78.3,100.0,6,66.7,6,73.7,0,100.0,9,9,59.6,100.0,1,11.1,1
1,Khalil Shakir,84140,WR,BUF,1,0,4,58.1,100.0,3,33.3,3,46.6,0,100.0,9,9,60.2,100.0,3,33.3,3
1,Brycen Tremayne,84425,WR,CAR,1,0,5,52.6,100.0,3,33.3,3,48.7,0,100.0,9,9,54.1,100.0,6,66.7,6
1,Julian Hill,88685,TE,MIA,1,0,17,51.9,100.0,3,33.3,3,59.2,0,100.0,9,9,79.3,100.0,6,66.7,6
1,Ashton Dulin,91479,WR,IND,1,0,14,60.0,100.0,3,33.3,3,50.7,0,90.0,9,10,57.3,100.0,4,44.4,4
1,Reggie Gilliam,40951,FB,BUF,1,0,4,46.1,100.0,2,22.2,2,45.1,0,100.0,9,9,60.1,100.0,3,33.3,3
1,Noah Brown,11993,WR,WAS,1,0,32,59.6,100.0,9,100.0,9,59.6,0,100.0,9,9,,,0,0.0,0
1,Marvin Mims Jr.,122937,WR,DEN,1,0,10,60.8,100.0,5,55.6,5,60.3,0,100.0,9,9,59.9,100.0,3,33.3,3
1,JuJu Smith-Schuster,11817,WR,KC,1,0,16,54.2,100.0,3,33.3,3,54.3,0,100.0,9,9,60.7,100.0,5,55.6,5
1,Tory Horton,128232,WR,SEA,1,0,29,60.0,100.0,2,22.2,2,60.5,0,100.0,9,9,61.3,100.0,7,77.8,7
1,Chris Moore,10741,WR,WAS,1,0,32,60.4,100.0,6,66.7,6,35.5,0,100.0,9,9,,,0,0.0,0
1,Austin Hooper,10715,TE,NE,1,0,19,49.9,100.0,6,66.7,6,50.8,1,100.0,9,9,59.1,100.0,3,33.3,3
1,Ja'Tavion Sanders,144717,TE,CAR,1,0,5,55.3,100.0,3,33.3,3,56.4,0,100.0,9,9,60.2,100.0,6,66.7,6
1,Chris Manhertz,10211,TE,NYG,1,0,21,51.0,100.0,4,44.4,4,51.9,0,100.0,9,9,51.7,100.0,3,33.3,3
1,Adonai Mitchell,146712,WR,IND,1,0,14,59.7,100.0,3,33.3,3,58.0,0,100.0,9,9,58.4,100.0,6,66.7,6
1,Matthew Golden,156165,WR,GB,1,0,12,55.5,100.0,5,55.6,5,50.8,0,100.0,9,9,56.1,100.0,3,33.3,3
1,Luther Burden III,157170,WR,CHI,1,0,6,59.6,100.0,1,12.5,1,58.0,0,100.0,8,8,59.2,100.0,6,75.0,6
1,Eric Saubert,11929,TE,SEA,1,0,29,57.2,100.0,3,37.5,3,57.9,0,100.0,8,8,60.3,100.0,4,50.0,4
1,Kion Smith,136103,G,MIA,1,0,17,47.8,100.0,3,37.5,3,45.7,0,100.0,8,8,56.4,100.0,5,62.5,5
1,Russell Gage,44771,WR,SF,1,0,28,59.7,100.0,2,25.0,2,58.2,0,100.0,8,8,57.9,100.0,4,50.0,4
1,Dalton Kincaid,91791,TE,BUF,1,0,4,,,0,0.0,0,73.6,0,100.0,8,8,60.3,100.0,3,37.5,3
1,Ben Sinnott,122616,TE,WAS,1,0,32,57.4,100.0,5,62.5,5,57.9,0,100.0,8,8,,,0,0.0,0
1,Pat Freiermuth,84085,TE,PIT,1,0,25,59.3,100.0,2,25.0,2,65.3,0,100.0,8,8,67.6,100.0,6,75.0,6
1,Dalton Schultz,47304,TE,HST,1,0,13,70.5,100.0,4,50.0,4,69.1,0,100.0,8,8,60.1,100.0,3,37.5,3
1,Jaylen Waddle,84088,WR,MIA,1,0,17,60.1,100.0,4,50.0,4,59.7,0,100.0,8,8,59.6,100.0,4,50.0,4
1,Alex Palczewski,59738,G,DEN,1,0,10,51.7,100.0,5,62.5,5,51.7,0,100.0,8,8,60.0,100.0,1,12.5,1
1,Braelon Allen,145159,HB,NYJ,1,0,22,59.8,50.0,1,14.3,2,58.5,0,50.0,7,14,59.6,40.0,4,57.1,10
1,George Kittle,11901,TE,SF,1,0,28,67.1,100.0,4,57.1,4,58.9,0,100.0,7,7,51.6,100.0,3,42.9,3
1,Jaylin Lane,121811,WR,WAS,1,0,32,60.5,100.0,6,85.7,6,60.8,0,100.0,7,7,60.0,100.0,1,14.3,1
1,Luke Schoonmaker,84005,TE,DAL,1,0,9,59.2,100.0,3,42.9,3,66.0,0,100.0,7,7,68.1,100.0,3,42.9,3
1,KaVontae Turpin,47658,WR,DAL,1,0,9,60.0,80.0,4,57.1,5,59.2,0,77.8,7,9,59.5,100.0,3,42.9,3
1,Isaiah Bond,163586,WR,CLV,1,0,8,59.5,100.0,4,57.1,4,58.6,0,100.0,7,7,60.0,100.0,1,14.3,1
1,Hunter Luepke,91319,FB,DAL,1,0,9,73.4,100.0,3,42.9,3,64.9,0,100.0,7,7,56.5,100.0,3,42.9,3
1,Tim Patrick,12087,WR,JAX,1,0,15,60.0,100.0,2,28.6,2,58.6,0,100.0,7,7,59.6,100.0,4,57.1,4
1,Jarrett Patterson,81775,G,HST,1,0,13,58.1,100.0,4,57.1,4,57.2,0,100.0,7,7,59.5,100.0,2,28.6,2
1,Jalen Tolbert,61637,WR,DAL,1,0,9,60.0,100.0,2,28.6,2,60.9,0,100.0,7,7,60.9,100.0,5,71.4,5
1,KeAndre Lambert-Smith,129789,WR,LAC,1,0,27,60.0,100.0,1,14.3,1,60.0,0,100.0,7,7,60.0,100.0,3,42.9,3
1,Justice Hill,45865,HB,BLT,1,0,3,57.9,75.0,3,42.9,4,57.1,0,77.8,7,9,60.0,80.0,4,57.1,5
1,Malik Heath,124173,WR,GB,1,0,12,59.3,100.0,4,57.1,4,58.1,0,100.0,7,7,59.1,100.0,2,28.6,2
1,Trent Sherfield,48021,WR,DEN,1,0,10,60.0,100.0,3,42.9,3,23.7,0,100.0,7,7,60.2,100.0,3,42.9,3
1,Noah Gray,60878,TE,KC,1,0,16,67.7,100.0,3,50.0,3,64.8,0,100.0,6,6,58.1,100.0,2,33.3,2
1,Benjamin Yurosek,131786,TE,MIN,1,0,18,57.4,100.0,3,50.0,3,50.3,0,100.0,6,6,50.9,100.0,3,50.0,3
1,Jayden Reed,78171,WR,GB,1,0,12,59.5,100.0,2,33.3,2,59.5,0,100.0,6,6,60.5,100.0,4,66.7,4
1,Elijah Arroyo,143933,TE,SEA,1,0,29,69.7,100.0,2,33.3,2,69.0,0,100.0,6,6,60.5,100.0,4,66.7,4
1,Devaughn Vele,100637,WR,NO,1,0,20,59.9,100.0,2,33.3,2,60.8,0,100.0,6,6,60.7,100.0,4,66.7,4
1,Tyler Lockett,9502,WR,TEN,1,0,31,60.0,100.0,3,50.0,3,82.8,0,100.0,6,6,60.0,100.0,2,33.3,2
1,David Moore,11981,WR,CAR,1,0,5,60.0,100.0,1,16.7,1,60.9,0,100.0,6,6,60.4,100.0,4,66.7,4
1,Brevyn Spann-Ford,84006,TE,DAL,1,0,9,73.7,100.0,3,50.0,3,89.8,0,100.0,6,6,68.1,100.0,2,33.3,2
1,Alec Ingold,34934,FB,MIA,1,0,17,57.4,100.0,2,33.3,2,44.6,0,100.0,6,6,57.5,100.0,4,66.7,4
1,Keenan Allen,7857,WR,LAC,1,0,27,59.2,100.0,4,66.7,4,59.7,0,100.0,6,6,60.0,100.0,2,33.3,2
1,Jalen Travis,155412,T,IND,1,0,14,56.2,100.0,1,16.7,1,67.7,0,100.0,6,6,84.6,100.0,4,66.7,4
1,Mitchell Evans,147486,TE,CAR,1,0,5,59.5,100.0,1,16.7,1,58.1,0,100.0,6,6,60.2,100.0,4,66.7,4
1,Jamari Thrash,97399,WR,CLV,1,0,8,60.1,100.0,4,66.7,4,59.6,0,100.0,6,6,59.6,100.0,2,33.3,2
1,Asim Richards,99674,T,NO,1,0,20,57.5,100.0,3,50.0,3,48.6,0,100.0,6,6,48.0,100.0,3,50.0,3
1,Hunter Renfrow,47509,WR,CAR,1,0,5,60.0,100.0,2,33.3,2,55.9,0,100.0,6,6,60.0,100.0,4,66.7,4
1,Tyreek Hill,10799,WR,MIA,1,0,17,60.0,100.0,1,16.7,1,53.4,0,100.0,6,6,53.2,100.0,5,83.3,5
1,Brett Toth,46848,C,PHI,1,0,24,63.9,100.0,2,40.0,2,64.8,0,100.0,5,5,,,0,0.0,0
1,Mike Gesicki,47153,TE,CIN,1,0,7,74.3,100.0,3,60.0,3,74.9,0,100.0,5,5,60.4,100.0,2,40.0,2
1,Shane Zylstra,143786,TE,DET,1,0,11,59.2,100.0,3,60.0,3,59.6,0,100.0,5,5,60.0,100.0,1,20.0,1
1,Andrew Beck,47121,FB,NYJ,1,0,22,,,0,0.0,0,58.3,0,100.0,5,5,58.3,100.0,5,100.0,5
1,Dalton Tucker,81717,G,IND,1,0,14,60.0,100.0,1,20.0,1,38.5,0,100.0,5,5,47.3,100.0,4,80.0,4
1,Jahan Dotson,84375,WR,PHI,1,0,24,,,0,0.0,0,81.1,0,100.0,5,5,60.1,100.0,4,80.0,4
1,Luke McCaffrey,101634,WR,WAS,1,0,32,60.0,100.0,1,20.0,1,58.0,0,100.0,5,5,60.0,100.0,1,20.0,1
1,J.K. Dobbins,57366,HB,DEN,1,0,10,59.8,10.0,1,20.0,10,59.6,0,23.8,5,21,,0.0,0,0.0,7
1,Tanner Conner,22777,TE,MIA,1,0,17,60.0,100.0,2,40.0,2,59.6,0,100.0,5,5,59.6,100.0,3,60.0,3
1,DeAndre Hopkins,7808,WR,BLT,1,0,3,60.3,100.0,3,60.0,3,60.5,0,100.0,5,5,60.0,100.0,2,40.0,2
1,Daniel Bellinger,84041,TE,NYG,1,0,21,58.7,100.0,2,40.0,2,78.7,0,100.0,5,5,80.4,100.0,3,60.0,3
1,Ryan Miller,78734,WR,TB,1,0,30,60.0,100.0,4,80.0,4,60.7,0,100.0,5,5,,,0,0.0,0
1,Ko Kieft,41372,TE,TB,1,0,30,54.8,100.0,4,80.0,4,55.6,0,100.0,5,5,,,0,0.0,0
1,Jakob Johnson,32565,FB,HST,1,0,13,58.4,100.0,2,40.0,2,52.6,0,100.0,5,5,56.6,100.0,2,40.0,2
1,Ben Skowronek,27948,WR,PIT,1,0,25,59.7,100.0,2,40.0,2,85.6,0,100.0,5,5,60.0,100.0,3,60.0,3
1,Omarion Hampton,162750,HB,LAC,1,0,27,,0.0,0,0.0,7,60.0,0,23.8,5,21,,0.0,0,0.0,9
1,James Cook,83666,HB,BUF,1,0,4,60.0,12.5,1,20.0,8,59.4,0,27.8,5,18,,0.0,0,0.0,6
1,Breece Hall,97636,HB,NYJ,1,0,22,,0.0,0,0.0,1,60.0,0,17.4,4,23,60.0,10.0,2,50.0,20
1,Derius Davis,78196,WR,LAC,1,0,27,59.7,100.0,1,25.0,1,59.0,0,80.0,4,5,59.6,100.0,3,75.0,3
1,Kyren Williams,97118,HB,LA,1,0,26,,0.0,0,0.0,14,60.0,0,17.4,4,23,60.0,20.0,1,25.0,5
1,Ty Johnson,45769,HB,BUF,1,0,4,60.0,100.0,1,25.0,1,60.0,0,80.0,4,5,,0.0,0,0.0,1
1,Tutu Atwell,77965,WR,LA,1,0,26,60.0,100.0,2,50.0,2,60.0,0,100.0,4,4,,,0,0.0,0
1,Tyquan Thornton,78092,WR,KC,1,0,16,60.0,100.0,1,25.0,1,31.4,0,100.0,4,4,60.0,100.0,2,50.0,2
1,Brock Bowers,146715,TE,LV,1,0,23,60.1,100.0,2,50.0,2,40.2,0,100.0,4,4,60.0,100.0,2,50.0,2
1,Jeremy McNichols,11917,HB,WAS,1,0,32,60.0,20.0,1,25.0,5,60.0,0,50.0,4,8,,,0,0.0,0
1,Chimere Dike,129918,WR,TEN,1,0,31,59.6,100.0,2,50.0,2,53.1,0,80.0,4,5,57.0,100.0,2,50.0,2
1,Scott Miller,47481,WR,PIT,1,0,25,,,0,0.0,0,58.8,0,100.0,4,4,58.8,100.0,4,100.0,4
1,Hunter Long,60859,TE,JAX,1,0,15,,,0,0.0,0,60.2,0,100.0,4,4,60.0,100.0,2,50.0,2
1,Jamaree Salyer,81656,T,LAC,1,0,27,59.7,100.0,2,50.0,2,57.8,0,100.0,4,4,60.0,100.0,1,25.0,1
1,Demario Douglas,104155,WR,NE,1,0,19,56.9,100.0,3,75.0,3,57.2,0,80.0,4,5,60.0,100.0,1,25.0,1
1,Van Jefferson,47447,WR,TEN,1,0,31,59.5,100.0,4,100.0,4,59.5,0,100.0,4,4,,,0,0.0,0
1,Travis Etienne Jr.,57185,HB,JAX,1,0,15,,0.0,0,0.0,7,60.0,0,19.0,4,21,,0.0,0,0.0,10
1,Nick Westbrook-Ikhine,47861,WR,MIA,1,0,17,60.0,100.0,2,50.0,2,59.1,0,100.0,4,4,59.0,100.0,2,50.0,2
1,Robert Tonyan,12193,TE,KC,1,0,16,60.0,100.0,1,33.3,1,60.1,0,100.0,3,3,60.0,100.0,1,33.3,1
1,Theo Benedet,169632,T,CHI,1,0,6,60.0,100.0,1,33.3,1,59.3,0,100.0,3,3,59.1,100.0,2,66.7,2
1,Jahmyr Gibbs,122474,HB,DET,1,0,11,,0.0,0,0.0,3,60.0,0,23.1,3,13,60.0,12.5,1,33.3,8
1,Cooper DeJean,144867,CB,PHI,1,0,24,,,0,0.0,0,60.0,0,100.0,3,3,,,0,0.0,0
1,AJ Dillon,57165,HB,PHI,1,0,24,,0.0,0,0.0,3,60.0,0,50.0,3,6,,,0,0.0,0
1,Stefon Diggs,9579,WR,NE,1,0,19,60.0,100.0,3,100.0,3,60.0,0,100.0,3,3,,,0,0.0,0
1,Durham Smythe,47257,TE,CHI,1,0,6,,,0,0.0,0,58.0,0,100.0,3,3,58.0,100.0,3,100.0,3
1,Colson Yankoff,83589,TE,WAS,1,0,32,,,0,0.0,0,60.0,0,100.0,3,3,,,0,0.0,0
1,Bijan Robinson,123126,HB,ATL,1,0,2,60.0,14.3,1,33.3,7,59.9,0,18.8,3,16,60.0,12.5,1,33.3,8
1,Tez Johnson,123709,WR,TB,1,0,30,,,0,0.0,0,53.9,0,100.0,3,3,57.3,100.0,1,33.3,1
1,DJ Giddens,144595,HB,IND,1,0,14,,0.0,0,0.0,6,60.0,0,18.8,3,16,,0.0,0,0.0,7
1,Arian Smith,124039,WR,NYJ,1,0,22,,,0,0.0,0,60.0,0,100.0,3,3,60.0,100.0,2,66.7,2
1,Cody White,61448,WR,SEA,1,0,29,60.0,100.0,1,33.3,1,60.0,0,100.0,3,3,,,0,0.0,0
1,Konata Mumpfield,145598,WR,LA,1,0,26,,,0,0.0,0,58.8,0,100.0,3,3,60.0,100.0,1,33.3,1
1,Jonathan Taylor,57488,HB,IND,1,0,14,,0.0,0,0.0,8,60.0,0,13.6,3,22,,0.0,0,0.0,11
1,Jaylin Noel,125155,WR,HST,1,0,13,60.0,100.0,2,66.7,2,60.0,0,100.0,3,3,60.0,100.0,1,33.3,1
1,Evan Engram,11778,TE,DEN,1,0,10,59.4,100.0,2,66.7,2,59.2,0,100.0,3,3,,,0,0.0,0
1,Anthony Belton,143985,G,GB,1,0,12,59.6,100.0,3,100.0,3,59.6,0,100.0,3,3,,,0,0.0,0
1,Cody Ford,39805,T,CIN,1,0,7,45.3,100.0,3,100.0,3,45.3,0,100.0,3,3,,,0,0.0,0
1,Roman Wilson,129604,WR,PIT,1,0,25,59.4,100.0,2,66.7,2,59.2,0,100.0,3,3,60.0,100.0,1,33.3,1
1,Adin Huntington,130493,DI,CLV,1,0,8,60.0,100.0,1,33.3,1,59.7,0,100.0,3,3,60.0,100.0,1,33.3,1
1,Austin Ekeler,12164,HB,WAS,1,0,32,60.0,28.6,2,66.7,7,58.8,0,33.3,3,9,60.0,50.0,1,33.3,2
1,Rhamondre Stevenson,98689,HB,NE,1,0,19,,0.0,0,0.0,7,59.4,0,30.0,3,10,59.7,100.0,2,66.7,2
1,Skyy Moore,97116,WR,SF,1,0,28,,,0,0.0,0,60.0,0,100.0,2,2,60.0,100.0,1,50.0,1
1,Jonah Monheim,86461,C,JAX,1,0,15,,,0,0.0,0,60.0,0,100.0,2,2,,,0,0.0,0
1,Elijah Moore,84302,WR,BUF,1,0,4,60.0,100.0,1,50.0,1,84.8,0,66.7,2,3,60.0,100.0,1,50.0,1
1,Greg Dortch,42237,WR,ARZ,1,0,1,60.0,100.0,1,50.0,1,60.0,0,100.0,2,2,60.0,100.0,1,50.0,1
1,Tyrone Tracy,84226,HB,NYG,1,0,21,,0.0,0,0.0,7,60.0,0,16.7,2,12,,0.0,0,0.0,3
1,Teagan Quitoriano,84036,TE,ATL,1,0,2,60.0,100.0,1,50.0,1,59.9,0,100.0,2,2,60.0,100.0,1,50.0,1
1,Jacory Croskey-Merritt,102382,HB,WAS,1,0,32,60.0,9.1,1,50.0,11,54.1,0,16.7,2,12,60.0,100.0,1,50.0,1
1,Jason Brownlee,121451,WR,KC,1,0,16,,,0,0.0,0,59.6,0,100.0,2,2,59.6,100.0,2,100.0,2
1,Chris Brooks,83644,HB,GB,1,0,12,,0.0,0,0.0,1,76.7,0,66.7,2,3,76.7,100.0,2,100.0,2
1,Savion Williams,123101,WR,GB,1,0,12,,,0,0.0,0,60.0,0,100.0,2,2,60.0,100.0,1,50.0,1
1,Mitchell Tinsley,123470,WR,CIN,1,0,7,64.9,100.0,2,100.0,2,64.9,0,100.0,2,2,,,0,0.0,0
1,Alvin Kamara,11822,HB,NO,1,0,20,59.6,33.3,2,100.0,6,59.6,0,14.3,2,14,,0.0,0,0.0,8
1,Olamide Zaccheaus,44920,WR,CHI,1,0,6,,,0,0.0,0,59.4,0,100.0,2,2,59.4,100.0,2,100.0,2
1,James Daniels,45576,G,MIA,1,0,17,60.0,100.0,1,50.0,1,59.4,0,100.0,2,2,60.0,100.0,1,50.0,1
1,Alec Anderson,81882,G,BUF,1,0,4,69.9,100.0,2,100.0,2,69.9,0,100.0,2,2,,,0,0.0,0
1,Kyle Williams,128374,WR,NE,1,0,19,60.0,100.0,2,100.0,2,60.0,0,100.0,2,2,,,0,0.0,0
1,Saquon Barkley,45791,HB,PHI,1,0,24,,0.0,0,0.0,5,60.0,0,10.0,2,20,,0.0,0,0.0,12
1,Brian Robinson,57120,HB,SF,1,0,28,,0.0,0,0.0,2,60.0,0,18.2,2,11,,0.0,0,0.0,7
1,Rachaad White,131633,HB,TB,1,0,30,60.0,66.7,2,100.0,3,60.0,0,50.0,2,4,,0.0,0,0.0,1
1,Trey Benson,131705,HB,ARZ,1,0,1,59.7,12.5,1,50.0,8,58.7,0,20.0,2,10,,0.0,0,0.0,1
1,Josh Jacobs,45953,HB,GB,1,0,12,,0.0,0,0.0,10,35.7,0,9.5,2,21,,0.0,0,0.0,9
1,Brashard Smith,143951,HB,KC,1,0,16,60.0,100.0,1,50.0,1,60.0,0,100.0,2,2,,,0,0.0,0
1,Pat Bryant,144800,WR,DEN,1,0,10,59.6,100.0,2,100.0,2,59.6,0,100.0,2,2,,,0,0.0,0
1,Bucky Irving,144970,HB,TB,1,0,30,,0.0,0,0.0,13,60.0,0,12.5,2,16,,0.0,0,0.0,1
1,Connor Heyward,57301,TE,PIT,1,0,25,,,0,0.0,0,60.0,0,100.0,2,2,60.0,100.0,1,50.0,1
1,Blake Whiteheart,77881,TE,CLV,1,0,8,,,0,0.0,0,60.0,0,100.0,2,2,60.0,100.0,1,50.0,1
1,Jordan Mason,62946,HB,MIN,1,0,18,,0.0,0,0.0,9,60.0,0,11.1,2,18,60.0,14.3,1,50.0,7
1,Jack Bech,146771,WR,LV,1,0,23,,,0,0.0,0,60.0,0,100.0,2,2,60.0,100.0,2,100.0,2
1,Blake Fisher,147479,T,HST,1,0,13,59.9,100.0,1,50.0,1,69.7,0,100.0,2,2,60.0,100.0,1,50.0,1
1,Dylan Sampson,163772,HB,CLV,1,0,8,60.0,12.5,1,50.0,8,60.0,0,14.3,2,14,,0.0,0,0.0,5
1,Zach Charbonnet,97630,HB,SEA,1,0,29,,0.0,0,0.0,2,60.0,0,15.4,2,13,60.0,10.0,1,50.0,10
1,Rico Dowdle,40693,HB,CAR,1,0,5,60.0,50.0,1,50.0,2,60.0,0,40.0,2,5,,0.0,0,0.0,2
1,Javonte Williams,77803,HB,DAL,1,0,9,,0.0,0,0.0,6,60.0,0,6.3,1,16,,0.0,0,0.0,8
1,Antonio Gibson,78050,HB,NE,1,0,19,60.0,100.0,1,100.0,1,60.0,0,50.0,1,2,,0.0,0,0.0,1
1,Blake Hance,46301,G,TEN,1,0,31,59.1,100.0,1,100.0,1,59.1,0,100.0,1,1,,,0,0.0,0
1,Moliki Matavao,146561,TE,NO,1,0,20,59.1,100.0,1,100.0,1,59.1,0,100.0,1,1,,,0,0.0,0
1,Darius Cooper,136866,WR,PHI,1,0,24,,,0,0.0,0,60.0,0,100.0,1,1,,,0,0.0,0
1,Derrick Henry,10679,HB,BLT,1,0,3,,0.0,0,0.0,5,60.0,0,5.3,1,19,60.0,7.1,1,100.0,14
1,Kenneth Walker III,97199,HB,SEA,1,0,29,,0.0,0,0.0,6,59.8,0,9.1,1,11,,0.0,0,0.0,4
1,Luke Wypler,129764,C,CLV,1,0,8,59.1,100.0,1,100.0,1,59.1,0,100.0,1,1,,,0,0.0,0
1,Blake Corum,129574,HB,LA,1,0,26,,,0,0.0,0,60.0,0,50.0,1,2,,0.0,0,0.0,1
1,Nick Chubb,45783,HB,HST,1,0,13,,0.0,0,0.0,9,60.0,0,6.3,1,16,,0.0,0,0.0,6
1,De'Von Achane,124305,HB,MIA,1,0,17,60.0,33.3,1,100.0,3,60.0,0,12.5,1,8,,0.0,0,0.0,5
1,Spencer Burford,81920,G,SF,1,0,28,,,0,0.0,0,60.0,0,100.0,1,1,,,0,0.0,0
1,Jaylon Moore,43678,T,KC,1,0,16,59.2,100.0,1,100.0,1,59.2,0,100.0,1,1,,,0,0.0,0
1,Kendre Miller,123091,HB,NO,1,0,20,60.0,20.0,1,100.0,5,60.0,0,16.7,1,6,,0.0,0,0.0,1
1,Malik Washington,97108,WR,MIA,1,0,17,60.0,50.0,1,100.0,2,60.0,0,50.0,1,2,,,0,0.0,0
1,Teven Jenkins,41534,G,CLV,1,0,8,,,0,0.0,0,66.7,0,100.0,1,1,66.7,100.0,1,100.0,1
1,Travis Vokolek,61004,TE,ARZ,1,0,1,,,0,0.0,0,56.4,0,100.0,1,1,56.4,100.0,1,100.0,1
1,James Conner,11860,HB,ARZ,1,0,1,60.0,8.3,1,100.0,12,60.0,0,7.1,1,14,,0.0,0,0.0,2
1,Jerome Ford,83601,HB,CLV,1,0,8,,0.0,0,0.0,2,60.0,0,14.3,1,7,,0.0,0,0.0,4
1,Bhayshul Tuten,150568,HB,JAX,1,0,15,,,0,0.0,0,60.0,0,25.0,1,4,,0.0,0,0.0,3
1,Emanuel Wilson,154173,HB,GB,1,0,12,,,0,0.0,0,60.0,0,50.0,1,2,,0.0,0,0.0,1
1,Alex Bachman,47996,WR,LV,1,0,23,,,0,0.0,0,60.0,0,100.0,1,1,,,0,0.0,0
1,Chuba Hubbard,57373,HB,CAR,1,0,5,,0.0,0,0.0,5,60.0,0,5.9,1,17,,0.0,0,0.0,11
1,Tyler Allgeier,83639,HB,ATL,1,0,2,60.0,25.0,1,100.0,4,60.0,0,9.1,1,11,,0.0,0,0.0,7
1,Dameon Pierce,83659,HB,HST,1,0,13,,0.0,0,0.0,2,60.0,0,25.0,1,4,,0.0,0,0.0,1
1,Julius Chestnut,109239,HB,TEN,1,0,31,,0.0,0,0.0,2,60.0,0,33.3,1,3,,,0,0.0,0
1,Corey Levin,11972,C,TEN,1,0,31,60.0,100.0,1,100.0,1,60.0,0,100.0,1,1,,,0,0.0,0
1,Ashton Jeanty,157196,HB,LV,1,0,23,,0.0,0,0.0,7,60.0,0,5.0,1,20,,0.0,0,0.0,12
1,Josh Jones,26634,T,SEA,1,0,29,,,0,0.0,0,59.4,0,100.0,1,1,59.4,100.0,1,100.0,1
1,Trevor Etienne,157730,HB,CAR,1,0,5,,0.0,0,0.0,1,59.8,0,50.0,1,2,59.8,100.0,1,100.0,1
1,Ray Davis,101072,HB,BUF,1,0,4,,,0,0.0,0,60.0,0,33.3,1,3,,0.0,0,0.0,2
1,Jack Westover,84079,FB,NE,1,0,19,,,0,0.0,0,60.0,0,100.0,1,1,60.0,100.0,1,100.0,1
1,Olisaemeka Udoh,28394,T,TEN,1,0,31,60.0,100.0,1,100.0,1,60.0,0,100.0,1,1,,,0,0.0,0
1,RJ Harvey,99622,HB,DEN,1,0,10,,0.0,0,0.0,4,60.0,0,14.3,1,7,,0.0,0,0.0,2
1,David Sills V,34579,WR,ATL,1,0,2,,,0,0.0,0,60.0,0,100.0,1,1,,,0,0.0,0
1,Jalen Ramsey,10639,S,PIT,1,0,25,,,0,0.0,0,60.0,1,100.0,1,1,,,0,0.0,0
1,John Metchie III,97400,WR,PHI,1,0,24,,,0,0.0,0,60.0,0,100.0,1,1,60.0,100.0,1,100.0,1
1,David Martin-Robinson,77892,TE,TEN,1,0,31,60.0,100.0,1,100.0,1,60.0,0,100.0,1,1,,,0,0.0,0
1,Ben Cleveland,41696,G,BLT,1,0,3,60.0,100.0,1,100.0,1,60.0,0,100.0,1,1,,,0,0.0,0
1,Xavier Worthy,144718,WR,KC,1,0,16,,0.0,0,0.0,1,60.0,0,50.0,1,2,60.0,100.0,1,100.0,1
1,Marcus Mbow,145113,T,NYG,1,0,21,54.8,100.0,1,100.0,1,54.8,0,100.0,1,1,,,0,0.0,0
1,Kameron Johnson,165866,WR,TB,1,0,30,60.0,100.0,1,100.0,1,60.0,0,100.0,1,1,,,0,0.0,0
1,Feleipe Franks,40217,TE,ATL,1,0,2,,,0,0.0,0,60.0,0,100.0,1,1,60.0,100.0,1,100.0,1
1,Devin Neal,144558,HB,NO,1,0,20,,,0,0.0,0,60.0,0,33.3,1,3,,0.0,0,0.0,2
week,player,player_id,position,team_name,player_game_count,declined_penalties,franchise_id,gap_grades_run_block,gap_run_block_percent,gap_snap_counts_run_block,gap_snap_counts_run_block_percent,gap_snap_counts_run_play,grades_run_block,penalties,run_block_percent,snap_counts_run_block,snap_counts_run_play,zone_grades_run_block,zone_run_block_percent,zone_snap_counts_run_block,zone_snap_counts_run_block_percent,zone_snap_counts_run_play
2,O'Cyrus Torrence,102821,G,BUF,1,0,4,52.8,100.0,15,37.5,15,60.7,0,100.0,40,40,66.7,100.0,19,47.5,19
2,Elijah Wilkinson,46238,T,ATL,1,0,2,53.3,100.0,10,25.0,10,43.6,0,100.0,40,40,43.7,100.0,27,67.5,27
2,Matthew Bergeron,99658,G,ATL,1,0,2,69.4,100.0,10,25.0,10,67.7,0,100.0,40,40,64.4,100.0,27,67.5,27
2,Ryan Neuzil,41123,C,ATL,1,0,2,71.4,100.0,10,25.0,10,85.9,0,100.0,40,40,86.0,100.0,27,67.5,27
2,Chris Lindstrom,46692,G,ATL,1,0,2,62.1,100.0,10,25.0,10,74.0,0,100.0,40,40,71.9,100.0,27,67.5,27
2,Spencer Brown,42296,T,BUF,1,0,4,82.2,100.0,15,37.5,15,80.7,0,100.0,40,40,72.8,100.0,19,47.5,19
2,Jake Matthews,8641,T,ATL,1,0,2,56.8,100.0,10,25.0,10,42.8,1,100.0,40,40,40.8,100.0,27,67.5,27
2,Michael Penix Jr.,82134,QB,ATL,1,0,2,60.0,100.0,10,25.6,10,60.1,0,97.5,39,40,60.0,100.0,27,69.2,27
2,Charlie Woerner,42257,TE,ATL,1,0,2,66.1,100.0,10,25.6,10,56.5,0,100.0,39,39,47.6,100.0,26,66.7,26
2,David Edwards,35941,G,BUF,1,0,4,44.6,100.0,13,39.4,13,46.9,0,100.0,33,33,61.9,100.0,17,51.5,17
2,Dion Dawkins,11818,T,BUF,1,0,4,62.9,100.0,13,39.4,13,78.2,0,100.0,33,33,83.1,100.0,17,51.5,17
2,Connor McGovern,41714,C,BUF,1,0,4,68.6,100.0,13,39.4,13,72.5,0,100.0,33,33,69.9,100.0,17,51.5,17
2,Landon Dickerson,41712,G,PHI,1,0,24,67.9,100.0,4,12.5,4,65.2,0,100.0,32,32,63.4,100.0,19,59.4,19
2,Lane Johnson,7786,T,PHI,1,0,24,34.3,100.0,4,12.5,4,61.3,0,100.0,32,32,74.4,100.0,19,59.4,19
2,Tyler Steen,81921,G,PHI,1,0,24,57.5,100.0,4,12.5,4,49.0,0,100.0,32,32,48.7,100.0,19,59.4,19
2,Cam Jurgens,84014,C,PHI,1,0,24,65.8,100.0,4,12.5,4,68.4,0,100.0,32,32,69.4,100.0,19,59.4,19
2,Jordan Mailata,66916,T,PHI,1,0,24,72.6,100.0,4,12.5,4,90.8,0,100.0,32,32,91.8,100.0,19,59.4,19
2,Braden Smith,46794,T,IND,1,0,14,60.0,100.0,15,48.4,15,50.7,0,100.0,31,31,46.1,100.0,13,41.9,13
2,Tanor Bortolini,129915,C,IND,1,0,14,49.3,100.0,15,48.4,15,63.1,0,100.0,31,31,67.0,100.0,13,41.9,13
2,Elgton Jenkins,46298,C,GB,1,0,12,70.5,100.0,14,45.2,14,62.6,0,100.0,31,31,53.5,100.0,12,38.7,12
2,Quenton Nelson,12954,G,IND,1,0,14,58.8,100.0,15,48.4,15,68.2,0,100.0,31,31,75.2,100.0,13,41.9,13
2,Matt Goncalves,99680,G,IND,1,0,14,51.8,100.0,15,48.4,15,47.5,0,100.0,31,31,48.7,100.0,13,41.9,13
2,Jordan Morgan,98652,G,GB,1,0,12,39.4,100.0,14,45.2,14,33.1,0,100.0,31,31,38.6,100.0,12,38.7,12
2,Darnell Mooney,48236,WR,ATL,1,0,2,60.4,100.0,6,19.4,6,62.2,0,100.0,31,31,62.2,100.0,23,74.2,23
2,Rasheed Walker,81798,T,GB,1,0,12,54.5,100.0,14,45.2,14,63.9,0,100.0,31,31,72.1,100.0,12,38.7,12
2,Bernhard Raimann,77948,T,IND,1,0,14,54.7,100.0,15,48.4,15,61.2,1,100.0,31,31,67.8,100.0,13,41.9,13
2,Sean Rhyan,72009,C,GB,1,0,12,68.1,100.0,14,45.2,14,58.6,1,100.0,31,31,48.2,100.0,12,38.7,12
2,A.J. Brown,48327,WR,PHI,1,0,24,53.4,100.0,4,13.3,4,37.8,0,100.0,30,30,60.9,100.0,19,63.3,19
2,Josh Allen,46601,QB,BUF,1,0,4,60.0,92.3,12,40.0,13,60.0,0,93.8,30,32,60.0,100.0,16,53.3,16
2,Jackson Hawes,109374,TE,BUF,1,0,4,58.1,100.0,8,26.7,8,79.8,0,100.0,30,30,84.8,100.0,18,60.0,18
2,Drake London,86519,WR,ATL,1,0,2,57.8,100.0,6,20.0,6,67.8,0,100.0,30,30,70.4,100.0,23,76.7,23
2,Charles Cross,98401,T,SEA,1,0,29,80.1,100.0,7,24.1,7,71.9,0,100.0,29,29,64.2,100.0,21,72.4,21
2,Christian Mahogany,98261,G,DET,1,0,11,64.9,100.0,10,34.5,10,55.3,0,100.0,29,29,50.1,100.0,17,58.6,17
2,Grant Calcaterra,60997,TE,PHI,1,0,24,59.9,100.0,3,10.3,3,41.7,0,100.0,29,29,49.3,100.0,17,58.6,17
2,Sam Darnold,29048,QB,SEA,1,0,29,60.0,100.0,7,24.1,7,60.1,0,100.0,29,29,60.0,100.0,21,72.4,21
2,Abraham Lucas,60218,T,SEA,1,0,29,59.1,100.0,7,24.1,7,67.9,0,100.0,29,29,69.8,100.0,21,72.4,21
2,Tyler Warren,129798,TE,IND,1,0,14,49.8,100.0,14,48.3,14,56.5,0,96.7,29,30,67.7,92.3,12,41.4,13
2,Jordan Love,40306,QB,GB,1,0,12,60.2,100.0,14,48.3,14,60.3,0,93.5,29,31,60.0,100.0,12,41.4,12
2,Anthony Bradford,99103,G,SEA,1,0,29,74.0,100.0,7,24.1,7,66.6,0,100.0,29,29,60.3,100.0,21,72.4,21
2,Grey Zabel,125314,G,SEA,1,0,29,68.5,100.0,7,24.1,7,54.3,0,100.0,29,29,48.7,100.0,21,72.4,21
2,Tate Ratledge,124034,G,DET,1,0,11,44.1,100.0,10,34.5,10,52.7,0,100.0,29,29,61.8,100.0,17,58.6,17
2,Graham Barton,122367,C,TB,1,0,30,74.0,100.0,21,75.0,21,75.7,0,100.0,28,28,57.3,100.0,6,21.4,6
2,Ben Bredeson,27305,G,TB,1,0,30,55.0,100.0,21,75.0,21,53.4,0,100.0,28,28,56.1,100.0,6,21.4,6
2,Baker Mayfield,46518,QB,TB,1,0,30,60.0,100.0,21,75.0,21,60.0,0,100.0,28,28,60.0,100.0,6,21.4,6
2,Alec Pierce,78038,WR,IND,1,0,14,60.7,100.0,13,46.4,13,56.6,0,100.0,28,28,61.3,100.0,12,42.9,12
2,Cody Mauch,66637,G,TB,1,0,30,67.6,100.0,21,75.0,21,61.3,0,100.0,28,28,49.2,100.0,6,21.4,6
2,AJ Barner,129433,TE,SEA,1,0,29,68.3,100.0,7,25.0,7,62.9,0,96.6,28,29,59.9,100.0,21,75.0,21
2,Michael Jordan,28021,G,TB,1,0,30,66.3,100.0,21,75.0,21,67.2,0,100.0,28,28,64.8,100.0,6,21.4,6
2,Will Campbell,157106,T,NE,1,0,19,64.1,100.0,11,40.7,11,50.7,0,100.0,27,27,41.6,100.0,10,37.0,10
2,Tyler Booker,157001,G,DAL,1,0,9,75.5,100.0,10,37.0,10,60.4,0,100.0,27,27,53.8,100.0,14,51.9,14
2,Cesar Ruiz,59857,G,NO,1,0,20,55.6,100.0,11,40.7,11,46.4,0,100.0,27,27,44.7,100.0,15,55.6,15
2,Taliese Fuaga,131732,T,NO,1,0,20,69.7,100.0,11,40.7,11,87.1,0,100.0,27,27,89.9,100.0,15,55.6,15
2,Chris Olave,84355,WR,NO,1,0,20,61.4,100.0,11,40.7,11,61.8,0,100.0,27,27,61.4,100.0,15,55.6,15
2,Tyler Smith,98385,G,DAL,1,0,9,54.9,100.0,10,37.0,10,50.1,0,100.0,27,27,51.9,100.0,14,51.9,14
2,Morgan Moses,8701,T,NE,1,0,19,71.3,100.0,11,40.7,11,64.9,0,100.0,27,27,56.8,100.0,10,37.0,10
2,Kyle Pitts,83964,TE,ATL,1,0,2,59.1,100.0,5,18.5,5,64.2,0,100.0,27,27,64.6,100.0,21,77.8,21
2,Tyler Guyton,123076,T,DAL,1,0,9,70.4,100.0,10,37.0,10,46.1,0,100.0,27,27,35.0,100.0,14,51.9,14
2,Mike Onwenu,27357,G,NE,1,0,19,41.0,100.0,11,40.7,11,45.3,0,100.0,27,27,55.7,100.0,10,37.0,10
2,Kelvin Banks Jr.,163839,T,NO,1,0,20,48.5,100.0,11,40.7,11,60.5,0,100.0,27,27,70.4,100.0,15,55.6,15
2,Jared Wilson,146717,G,NE,1,0,19,40.9,100.0,11,40.7,11,42.1,1,100.0,27,27,52.9,100.0,10,37.0,10
2,Tucker Kraft,104034,TE,GB,1,0,12,62.1,100.0,13,48.1,13,56.5,0,100.0,27,27,53.5,100.0,12,44.4,12
2,Kylen Granson,40630,TE,PHI,1,0,24,58.6,100.0,2,7.4,2,57.8,0,100.0,27,27,58.9,100.0,16,59.3,16
2,Dillon Radunz,30551,G,NO,1,0,20,56.1,100.0,11,40.7,11,58.2,0,100.0,27,27,60.5,100.0,15,55.6,15
2,Erik McCoy,37347,C,NO,1,0,20,71.5,100.0,11,40.7,11,55.7,0,100.0,27,27,45.1,100.0,15,55.6,15
2,Daniel Jones,39395,QB,IND,1,0,14,60.0,93.3,14,51.9,15,60.0,0,87.1,27,31,60.0,100.0,13,48.1,13
2,Terence Steele,39461,T,DAL,1,0,9,45.0,100.0,10,37.0,10,43.5,0,100.0,27,27,58.8,100.0,14,51.9,14
2,Garrett Bradbury,46013,C,NE,1,0,19,58.3,100.0,11,40.7,11,45.8,0,100.0,27,27,46.4,100.0,10,37.0,10
2,Dak Prescott,10769,QB,DAL,1,0,9,60.0,100.0,10,38.5,10,60.0,0,96.3,26,27,60.0,100.0,14,53.8,14
2,Juwan Johnson,28305,TE,NO,1,0,20,59.1,100.0,10,38.5,10,64.2,0,100.0,26,26,58.0,100.0,15,57.7,15
2,Robert Hainsey,59980,C,JAX,1,0,15,73.7,100.0,9,34.6,9,67.8,0,100.0,26,26,70.1,100.0,14,53.8,14
2,Walker Little,52287,T,JAX,1,0,15,59.7,100.0,9,34.6,9,81.3,0,100.0,26,26,87.7,100.0,14,53.8,14
2,Anton Harrison,122929,T,JAX,1,0,15,54.4,100.0,9,34.6,9,68.0,0,100.0,26,26,66.5,100.0,14,53.8,14
2,Jared Goff,10635,QB,DET,1,0,11,60.0,100.0,10,38.5,10,60.0,0,100.0,26,26,60.0,100.0,14,53.8,14
2,Taylor Decker,10650,T,DET,1,0,11,81.0,100.0,10,38.5,10,62.6,0,100.0,26,26,48.4,100.0,14,53.8,14
2,Graham Glasgow,10729,C,DET,1,0,11,54.4,100.0,10,38.5,10,51.6,0,100.0,26,26,53.3,100.0,14,53.8,14
2,Penei Sewell,81788,T,DET,1,0,11,65.0,100.0,10,38.5,10,75.7,0,100.0,26,26,78.9,100.0,14,53.8,14
2,Patrick Mekari,46219,G,JAX,1,0,15,58.4,100.0,9,34.6,9,57.2,0,100.0,26,26,57.6,100.0,14,53.8,14
2,Jake Brendel,11117,C,SF,1,0,28,54.7,100.0,5,19.2,5,85.0,0,100.0,26,26,88.6,100.0,16,61.5,16
2,Spencer Rattler,97408,QB,NO,1,0,20,60.0,90.9,10,38.5,11,60.0,0,96.3,26,27,60.0,100.0,15,57.7,15
2,Ezra Cleveland,41973,G,JAX,1,0,15,73.7,100.0,9,34.6,9,77.4,0,100.0,26,26,72.7,100.0,14,53.8,14
2,Dominick Puni,163815,G,SF,1,0,28,58.6,100.0,5,19.2,5,61.2,0,100.0,26,26,62.1,100.0,16,61.5,16
2,Trent Williams,5529,T,SF,1,0,28,55.3,100.0,5,19.2,5,74.2,0,100.0,26,26,81.3,100.0,16,61.5,16
2,Colton McKivitz,29314,T,SF,1,0,28,60.8,100.0,5,19.2,5,61.9,0,100.0,26,26,61.7,100.0,16,61.5,16
2,Michael Pittman Jr.,29049,WR,IND,1,0,14,73.8,100.0,11,42.3,11,58.9,0,100.0,26,26,49.5,100.0,12,46.2,12
2,Trevor Lawrence,77632,QB,JAX,1,0,15,60.0,88.9,8,32.0,9,60.0,0,96.2,25,26,60.0,100.0,14,56.0,14
2,Rob Havenstein,9490,T,LA,1,0,26,66.1,100.0,9,36.0,9,67.6,0,100.0,25,25,65.7,100.0,14,56.0,14
2,Bradley Bozeman,27934,C,LAC,1,0,27,64.7,100.0,11,44.0,11,69.9,0,100.0,25,25,69.1,100.0,10,40.0,10
2,Zion Johnson,99681,G,LAC,1,0,27,67.1,100.0,11,44.0,11,57.0,0,100.0,25,25,48.0,100.0,10,40.0,10
2,Coleman Shelton,39316,C,LA,1,0,26,74.4,100.0,9,36.0,9,81.4,0,100.0,25,25,76.3,100.0,14,56.0,14
2,Alaric Jackson,40972,T,LA,1,0,26,69.0,100.0,9,36.0,9,83.7,0,100.0,25,25,83.8,100.0,14,56.0,14
2,Kevin Dotson,46735,G,LA,1,0,26,60.9,100.0,9,36.0,9,61.0,0,100.0,25,25,60.8,100.0,14,56.0,14
2,Trey Pipkins III,91462,T,LAC,1,0,27,66.6,100.0,11,44.0,11,51.2,0,100.0,25,25,39.6,100.0,10,40.0,10
2,Joe Alt,147481,T,LAC,1,0,27,41.3,100.0,11,44.0,11,65.5,0,100.0,25,25,90.1,100.0,10,40.0,10
2,Mekhi Becton,59818,G,LAC,1,0,27,58.2,100.0,11,44.0,11,51.5,0,100.0,25,25,48.4,100.0,10,40.0,10
2,Justin Dedich,83018,G,LA,1,0,26,73.0,100.0,9,36.0,9,73.0,0,100.0,25,25,67.5,100.0,14,56.0,14
2,Luke Wattenberg,41024,C,DEN,1,0,10,57.6,100.0,11,45.8,11,59.6,0,100.0,24,24,62.1,100.0,11,45.8,11
2,Ben Powers,41482,G,DEN,1,0,10,54.9,100.0,11,45.8,11,67.3,0,100.0,24,24,75.4,100.0,11,45.8,11
2,Brian Thomas Jr.,146760,WR,JAX,1,0,15,48.5,100.0,8,33.3,8,36.9,0,100.0,24,24,58.7,100.0,13,54.2,13
2,Quinn Meinerz,112915,G,DEN,1,0,10,72.3,100.0,11,45.8,11,57.8,0,100.0,24,24,62.9,100.0,11,45.8,11
2,Mike McGlinchey,46275,T,DEN,1,0,10,51.2,100.0,11,45.8,11,67.2,0,100.0,24,24,83.2,100.0,11,45.8,11
2,Garett Bolles,11775,T,DEN,1,0,10,62.8,100.0,11,45.8,11,61.5,0,100.0,24,24,60.2,100.0,11,45.8,11
2,Charlie Heck,36501,T,TB,1,0,30,48.9,100.0,18,75.0,18,38.8,0,100.0,24,24,58.8,100.0,5,20.8,5
2,Emeka Egbuka,145055,WR,TB,1,0,30,54.1,100.0,19,82.6,19,54.8,0,100.0,23,23,60.2,100.0,3,13.0,3
2,Darnell Wright,98480,T,CHI,1,0,6,95.6,100.0,8,34.8,8,90.7,0,100.0,23,23,65.2,100.0,10,43.5,10
2,Rome Odunze,73774,WR,CHI,1,0,6,59.0,100.0,8,34.8,8,29.7,0,100.0,23,23,55.4,100.0,10,43.5,10
2,CeeDee Lamb,61570,WR,DAL,1,0,9,59.5,100.0,10,43.5,10,56.9,0,100.0,23,23,56.5,100.0,10,43.5,10
2,Lloyd Cushenberry III,41924,C,TEN,1,0,31,59.8,100.0,4,17.4,4,62.5,0,100.0,23,23,63.4,100.0,16,69.6,16
2,Dan Moore Jr.,60120,T,TEN,1,0,31,58.3,100.0,4,17.4,4,84.4,0,100.0,23,23,90.2,100.0,16,69.6,16
2,Jalen Hurts,40291,QB,PHI,1,0,24,60.0,100.0,4,17.4,4,60.0,0,71.9,23,32,60.0,100.0,19,82.6,19
2,Sam LaPorta,101690,TE,DET,1,0,11,68.6,100.0,9,39.1,9,54.4,0,100.0,23,23,57.7,100.0,12,52.2,12
2,John Ojukwu,58530,T,TEN,1,0,31,64.9,100.0,4,17.4,4,55.7,0,100.0,23,23,52.8,100.0,16,69.6,16
2,Peter Skoronski,129737,G,TEN,1,0,31,58.1,100.0,4,17.4,4,66.3,0,100.0,23,23,68.4,100.0,16,69.6,16
2,Anthony Belton,143985,G,GB,1,0,12,56.3,100.0,9,39.1,9,56.4,0,100.0,23,23,59.2,100.0,9,39.1,9
2,Connor Colby,144862,G,SF,1,0,28,53.4,100.0,4,17.4,4,55.4,0,100.0,23,23,68.0,100.0,14,60.9,14
2,Dawson Knox,35883,TE,BUF,1,0,4,73.0,100.0,7,30.4,7,94.4,0,100.0,23,23,92.0,100.0,14,60.9,14
2,Drew Dalman,52270,C,CHI,1,0,6,67.2,100.0,8,34.8,8,61.2,0,100.0,23,23,62.2,100.0,10,43.5,10
2,Jonah Jackson,37070,G,CHI,1,1,6,54.5,100.0,8,34.8,8,60.0,1,100.0,23,23,65.7,100.0,10,43.5,10
2,Matthew Stafford,4924,QB,LA,1,0,26,60.0,100.0,9,39.1,9,60.0,0,92.0,23,25,60.0,100.0,14,60.9,14
2,Jalen Sundell,91396,C,SEA,1,0,29,59.3,100.0,3,13.0,3,63.7,0,100.0,23,23,64.8,100.0,19,82.6,19
2,Hunter Henry,10669,TE,NE,1,0,19,56.0,100.0,11,47.8,11,46.4,1,100.0,23,23,56.7,100.0,7,30.4,7
2,Bo Nix,97790,QB,DEN,1,0,10,60.0,90.9,10,45.5,11,60.0,0,91.7,22,24,60.0,90.9,10,45.5,11
2,Kevin Zeitler,7032,G,TEN,1,0,31,55.1,100.0,4,18.2,4,68.8,0,100.0,22,22,74.3,100.0,15,68.2,15
2,Cade Otton,61071,TE,TB,1,0,30,56.4,100.0,19,86.4,19,56.4,0,100.0,22,22,60.2,100.0,2,9.1,2
2,Cole Kmet,60995,TE,CHI,1,0,6,72.0,100.0,8,36.4,8,62.6,0,100.0,22,22,49.2,100.0,10,45.5,10
2,Brenton Strange,101694,TE,JAX,1,0,15,56.3,100.0,7,31.8,7,79.6,0,100.0,22,22,80.2,100.0,12,54.5,12
2,Jameson Williams,101701,WR,DET,1,0,11,60.1,100.0,10,45.5,10,61.3,0,100.0,22,22,62.7,100.0,11,50.0,11
2,Jauan Jennings,48027,WR,SF,1,0,28,55.2,100.0,4,18.2,4,49.5,0,100.0,22,22,51.5,100.0,14,63.6,14
2,Cam Ward,133244,QB,TEN,1,0,31,60.0,100.0,4,18.2,4,60.0,0,95.7,22,23,60.0,100.0,16,72.7,16
2,Isaiah Adams,158192,G,ARZ,1,0,1,59.7,100.0,15,71.4,15,47.6,1,100.0,21,21,37.6,100.0,4,19.0,4
2,Jonah Williams,41651,T,ARZ,1,0,1,53.8,100.0,15,71.4,15,58.0,0,100.0,21,21,48.5,100.0,4,19.0,4
2,Jordan Whittington,97623,WR,LA,1,0,26,58.9,100.0,8,38.1,8,54.2,0,100.0,21,21,54.3,100.0,11,52.4,11
2,Jermaine Eluemunor,11914,T,NYG,1,0,21,71.8,100.0,5,23.8,5,66.2,0,100.0,21,21,73.1,100.0,14,66.7,14
2,Greg Van Roten,7746,G,NYG,1,0,21,52.8,100.0,5,23.8,5,50.4,0,100.0,21,21,46.2,100.0,14,66.7,14
2,Romeo Doubs,84329,WR,GB,1,0,12,61.4,100.0,7,33.3,7,59.4,0,100.0,21,21,59.1,100.0,11,52.4,11
2,Paris Johnson Jr.,129749,T,ARZ,1,0,1,58.1,100.0,15,71.4,15,60.6,0,100.0,21,21,64.2,100.0,4,19.0,4
2,Mac Jones,60323,QB,SF,1,0,28,60.0,80.0,4,19.0,5,60.0,0,80.8,21,26,60.0,100.0,16,76.2,16
2,Cedric Tillman,84434,WR,CLV,1,0,8,58.2,100.0,11,52.4,11,59.4,0,100.0,21,21,61.5,100.0,8,38.1,8
2,Brock Wright,60994,TE,DET,1,0,11,55.1,100.0,5,23.8,5,53.1,0,100.0,21,21,55.3,100.0,14,66.7,14
2,Cooper Beebe,99434,C,DAL,1,0,9,69.1,100.0,8,38.1,8,52.7,0,100.0,21,21,53.0,100.0,11,52.4,11
2,Joel Bitonio,8670,G,CLV,1,0,8,56.3,100.0,11,52.4,11,71.3,0,100.0,21,21,72.0,100.0,8,38.1,8
2,Ethan Pocic,11813,C,CLV,1,0,8,55.6,100.0,11,52.4,11,53.3,0,100.0,21,21,54.9,100.0,8,38.1,8
2,Hjalte Froholdt,44959,C,ARZ,1,0,1,60.8,100.0,15,71.4,15,59.2,1,100.0,21,21,57.9,100.0,4,19.0,4
2,Evan Brown,38709,G,ARZ,1,0,1,65.1,100.0,15,71.4,15,62.5,0,100.0,21,21,56.9,100.0,4,19.0,4
2,Luke Farrell,42353,TE,SF,1,0,28,59.3,100.0,4,19.0,4,57.8,0,100.0,21,21,63.5,100.0,12,57.1,12
2,Jon Runyan,36661,G,NYG,1,0,21,55.5,100.0,5,23.8,5,47.9,0,100.0,21,21,59.0,100.0,14,66.7,14
2,Wyatt Teller,46131,G,CLV,1,0,8,68.8,100.0,11,52.4,11,66.6,0,100.0,21,21,60.8,100.0,8,38.1,8
2,Drake Maye,143969,QB,NE,1,0,19,60.0,100.0,11,52.4,11,60.0,0,77.8,21,27,60.0,100.0,10,47.6,10
2,John Michael Schmitz Jr.,55238,C,NYG,1,0,21,52.9,100.0,5,23.8,5,41.3,0,100.0,21,21,49.9,100.0,14,66.7,14
2,Cornelius Lucas,9025,T,CLV,1,0,8,65.6,100.0,11,52.4,11,71.2,0,100.0,21,21,72.5,100.0,8,38.1,8
2,Amon-Ra St. Brown,84470,WR,DET,1,0,11,76.2,80.0,8,40.0,10,59.6,0,90.9,20,22,74.9,100.0,11,55.0,11
2,Daniel Faalele,81734,G,BLT,1,0,3,52.9,100.0,4,20.0,4,44.2,0,100.0,20,20,46.5,100.0,10,50.0,10
2,Darius Slayton,25578,WR,NYG,1,0,21,57.2,100.0,5,25.0,5,58.4,1,100.0,20,20,62.4,100.0,14,70.0,14
2,Ricky Pearsall,100660,WR,SF,1,0,28,60.4,100.0,4,20.0,4,54.4,0,95.2,20,21,53.8,100.0,15,75.0,15
2,Mack Hollins,11873,WR,NE,1,0,19,51.5,100.0,11,55.0,11,54.1,0,100.0,20,20,61.7,100.0,8,40.0,8
2,Taylor Moton,11819,T,CAR,1,0,5,82.0,100.0,6,30.0,6,77.4,0,100.0,20,20,67.5,100.0,10,50.0,10
2,Ikem Ekwonu,98286,T,CAR,1,0,5,81.9,100.0,6,30.0,6,57.1,0,100.0,20,20,39.5,100.0,10,50.0,10
2,Austin Hooper,10715,TE,NE,1,0,19,49.8,100.0,8,40.0,8,47.8,0,100.0,20,20,52.7,100.0,6,30.0,6
2,Joe Thuney,10712,G,CHI,1,0,6,65.6,100.0,8,40.0,8,60.0,0,100.0,20,20,54.9,100.0,7,35.0,7
2,Roger Rosengarten,131912,T,BLT,1,0,3,35.4,100.0,4,20.0,4,58.7,0,100.0,20,20,64.0,100.0,10,50.0,10
2,Broderick Jones,124025,T,PIT,1,0,25,37.7,100.0,11,55.0,11,33.7,0,100.0,20,20,43.8,100.0,9,45.0,9
2,Malik Nabers,146759,WR,NYG,1,0,21,58.9,100.0,4,20.0,4,60.5,0,100.0,20,20,61.1,100.0,14,70.0,14
2,Zach Frazier,123419,C,PIT,1,0,25,60.1,100.0,11,55.0,11,66.3,0,100.0,20,20,68.9,100.0,9,45.0,9
2,Mason McCormick,78326,G,PIT,1,0,25,66.4,100.0,11,55.0,11,67.7,0,100.0,20,20,64.8,100.0,9,45.0,9
2,Andrew Vorhees,60818,G,BLT,1,0,3,56.6,100.0,4,20.0,4,49.0,0,100.0,20,20,50.5,100.0,10,50.0,10
2,Damien Lewis,81532,G,CAR,1,0,5,36.7,100.0,6,30.0,6,43.2,0,100.0,20,20,57.0,100.0,10,50.0,10
2,Calvin Austin III,61418,WR,PIT,1,0,25,59.1,100.0,11,55.0,11,72.9,0,100.0,20,20,81.0,100.0,9,45.0,9
2,Troy Fautanu,100521,T,PIT,1,0,25,58.9,100.0,11,55.0,11,47.1,0,100.0,20,20,41.9,100.0,9,45.0,9
2,Jake Tonges,60864,TE,SF,1,0,28,54.7,100.0,4,21.1,4,41.8,1,100.0,19,19,43.6,100.0,11,57.9,11
2,Creed Humphrey,59996,C,KC,1,0,16,48.7,100.0,6,31.6,6,63.3,0,100.0,19,19,75.1,100.0,11,57.9,11
2,Aaron Rodgers,2241,QB,PIT,1,0,25,60.0,100.0,11,57.9,11,60.0,0,100.0,19,19,60.0,100.0,8,42.1,8
2,Robert Hunt,46139,G,CAR,1,0,5,65.1,100.0,6,31.6,6,52.8,0,100.0,19,19,53.4,100.0,9,47.4,9
2,Bryce Young,123943,QB,CAR,1,0,5,60.0,100.0,6,31.6,6,60.1,0,95.0,19,20,60.0,100.0,10,52.6,10
2,Kayshon Boutte,124087,WR,NE,1,0,19,62.3,100.0,9,47.4,9,62.0,0,100.0,19,19,60.6,100.0,9,47.4,9
2,Trey Smith,62960,G,KC,1,0,16,66.8,100.0,6,31.6,6,66.2,0,100.0,19,19,70.2,100.0,11,57.9,11
2,Dawand Jones,101550,T,CLV,1,0,8,43.4,100.0,11,57.9,11,43.8,0,100.0,19,19,52.8,100.0,6,31.6,6
2,Isaac Seumalo,10713,G,PIT,1,0,25,41.9,100.0,11,57.9,11,47.9,0,100.0,19,19,61.8,100.0,8,42.1,8
2,George Pickens,99229,WR,DAL,1,0,9,48.7,100.0,8,42.1,8,51.6,0,100.0,19,19,61.1,100.0,9,47.4,9
2,Jawaan Taylor,41665,T,KC,1,0,16,36.7,100.0,6,31.6,6,45.1,0,100.0,19,19,60.1,100.0,11,57.9,11
2,Kingsley Suamataia,146558,G,KC,1,0,16,43.1,100.0,6,31.6,6,66.2,0,100.0,19,19,74.7,100.0,11,57.9,11
2,Dyami Brown,77986,WR,JAX,1,0,15,54.3,100.0,7,36.8,7,56.6,0,95.0,19,20,62.0,100.0,10,52.6,10
2,Austin Corbett,46290,C,CAR,1,0,5,65.9,100.0,6,31.6,6,66.0,0,100.0,19,19,63.1,100.0,9,47.4,9
2,Justin Herbert,28237,QB,LAC,1,0,27,60.0,81.8,9,47.4,11,60.0,0,76.0,19,25,60.0,100.0,10,52.6,10
2,Patrick Mahomes,11765,QB,KC,1,0,16,60.0,100.0,6,31.6,6,60.0,0,100.0,19,19,60.0,100.0,11,57.9,11
2,Calvin Ridley,48262,WR,TEN,1,0,31,60.0,100.0,3,15.8,3,61.1,0,100.0,19,19,61.0,100.0,15,78.9,15
2,Orlando Brown Jr.,46227,T,CIN,1,0,7,40.5,100.0,7,38.9,7,51.4,0,100.0,18,18,65.6,100.0,9,50.0,9
2,DeVonta Smith,61100,WR,PHI,1,0,24,60.0,100.0,1,5.6,1,30.0,0,100.0,18,18,54.4,100.0,16,88.9,16
2,Adam Trautman,109795,TE,DEN,1,0,10,56.4,100.0,11,61.1,11,49.8,1,100.0,18,18,60.2,100.0,6,33.3,6
2,Eric Saubert,11929,TE,SEA,1,0,29,45.3,100.0,6,33.3,6,50.7,0,100.0,18,18,58.5,100.0,11,61.1,11
2,Ted Karras,10855,C,CIN,1,0,7,65.1,100.0,7,38.9,7,54.3,0,100.0,18,18,48.6,100.0,9,50.0,9
2,Davis Allen,99697,TE,LA,1,0,26,53.6,100.0,5,27.8,5,80.6,0,100.0,18,18,89.6,100.0,11,61.1,11
2,Marvin Harrison Jr.,145056,WR,ARZ,1,0,1,49.7,100.0,13,72.2,13,51.0,0,100.0,18,18,60.4,100.0,4,22.2,4
2,Dylan Fairchild,146716,G,CIN,1,0,7,50.7,100.0,7,38.9,7,62.3,0,100.0,18,18,71.6,100.0,9,50.0,9
2,DJ Moore,48267,WR,CHI,1,0,6,53.6,100.0,7,38.9,7,54.5,0,100.0,18,18,59.3,100.0,9,50.0,9
2,Kalif Raymond,11028,WR,DET,1,0,11,57.8,100.0,6,33.3,6,56.9,0,94.7,18,19,58.3,100.0,11,61.1,11
2,Dalton Risner,47008,G,CIN,1,0,7,66.2,100.0,7,38.9,7,57.4,1,100.0,18,18,51.7,100.0,9,50.0,9
2,Elic Ayomanor,157263,WR,TEN,1,0,31,59.7,100.0,2,11.1,2,39.4,0,100.0,18,18,61.4,100.0,14,77.8,14
2,Josh Downs,122832,WR,IND,1,0,14,60.5,100.0,8,44.4,8,61.2,0,100.0,18,18,60.3,100.0,10,55.6,10
2,D.K. Metcalf,47864,WR,PIT,1,0,25,62.2,100.0,10,55.6,10,80.5,0,100.0,18,18,62.0,100.0,8,44.4,8
2,Jalen Tolbert,61637,WR,DAL,1,0,9,53.8,100.0,7,38.9,7,56.6,0,100.0,18,18,61.7,100.0,10,55.6,10
2,Scott Matlock,82482,FB,LAC,1,0,27,67.7,100.0,8,44.4,8,50.8,0,100.0,18,18,42.3,100.0,6,33.3,6
2,Jerry Jeudy,61103,WR,CLV,1,0,8,61.6,100.0,8,44.4,8,59.8,0,100.0,18,18,58.5,100.0,8,44.4,8
2,Jalen Nailor,84292,WR,MIN,1,0,18,59.1,100.0,7,41.2,7,58.1,0,100.0,17,17,59.0,100.0,8,47.1,8
2,Donovan Jackson,145064,G,MIN,1,0,18,63.1,100.0,7,41.2,7,47.2,0,100.0,17,17,39.7,100.0,8,47.1,8
2,Brian O'Neill,46854,T,MIN,1,0,18,70.7,100.0,7,41.2,7,69.7,0,100.0,17,17,66.9,100.0,8,47.1,8
2,Kolton Miller,47013,T,LV,1,0,23,71.3,100.0,6,35.3,6,70.4,0,100.0,17,17,66.4,100.0,7,41.2,7
2,Troy Franklin,146567,WR,DEN,1,0,10,50.9,100.0,5,29.4,5,51.9,0,94.4,17,18,60.3,100.0,11,64.7,11
2,Tyler Conklin,47124,TE,LAC,1,0,27,49.5,100.0,6,35.3,6,48.1,0,100.0,17,17,52.8,100.0,7,41.2,7
2,Josh Simmons,88924,T,KC,1,0,16,46.0,100.0,6,35.3,6,49.4,0,100.0,17,17,57.1,100.0,10,58.8,10
2,David Njoku,11784,TE,CLV,1,0,8,55.6,100.0,8,47.1,8,50.1,0,100.0,17,17,49.5,100.0,7,41.2,7
2,Ronnie Stanley,10640,T,BLT,1,0,3,55.3,100.0,4,23.5,4,56.2,0,100.0,17,17,58.5,100.0,10,58.8,10
2,Ja'Marr Chase,84270,WR,CIN,1,0,7,60.6,100.0,7,41.2,7,55.3,0,100.0,17,17,59.8,100.0,8,47.1,8
2,Courtland Sutton,48164,WR,DEN,1,0,10,91.1,100.0,7,41.2,7,89.2,0,100.0,17,17,61.1,100.0,8,47.1,8
2,Laken Tomlinson,9461,G,HST,1,0,13,50.6,100.0,9,52.9,9,46.0,0,100.0,17,17,49.8,100.0,7,41.2,7
2,Will Fries,41530,G,MIN,1,0,18,76.1,100.0,7,41.2,7,55.0,0,100.0,17,17,53.9,100.0,8,47.1,8
2,Theo Johnson,129787,TE,NYG,1,0,21,65.6,100.0,4,23.5,4,63.9,0,100.0,17,17,60.3,100.0,11,64.7,11
2,Jarrett Patterson,81775,G,HST,1,0,13,53.0,100.0,9,52.9,9,64.0,0,100.0,17,17,62.4,100.0,7,41.2,7
2,Chigoziem Okonkwo,84000,TE,TEN,1,0,31,59.4,100.0,2,11.8,2,44.9,0,100.0,17,17,59.2,100.0,12,70.6,12
2,Ed Ingram,59819,G,HST,1,0,13,62.4,100.0,9,52.9,9,83.6,0,100.0,17,17,83.3,100.0,7,41.2,7
2,Aireontae Ersery,129649,T,HST,1,0,13,55.9,100.0,9,52.9,9,60.8,0,100.0,17,17,64.8,100.0,7,41.2,7
2,Jordan Meredith,60235,C,LV,1,0,23,59.7,100.0,6,35.3,6,60.1,0,100.0,17,17,61.9,100.0,7,41.2,7
2,Tytus Howard,25472,G,HST,1,0,13,63.5,100.0,9,52.9,9,68.0,1,100.0,17,17,68.2,100.0,7,41.2,7
2,Dylan Parham,60953,G,LV,1,0,23,56.2,100.0,6,35.3,6,50.8,0,100.0,17,17,53.3,100.0,7,41.2,7
2,Justin Jefferson,61398,WR,MIN,1,0,18,61.7,100.0,7,41.2,7,61.2,0,100.0,17,17,60.4,100.0,8,47.1,8
2,DJ Glaze,129511,T,LV,1,0,23,68.1,100.0,6,35.3,6,59.3,0,100.0,17,17,69.1,100.0,7,41.2,7
2,Joe Flacco,4332,QB,CLV,1,0,8,60.0,100.0,10,58.8,10,60.0,0,100.0,17,17,60.0,100.0,6,35.3,6
2,Tyler Linderbaum,82291,C,BLT,1,0,3,56.6,100.0,4,23.5,4,75.2,0,100.0,17,17,76.3,100.0,10,58.8,10
2,Alex Cappa,66578,C,LV,1,0,23,50.0,100.0,6,35.3,6,44.0,0,100.0,17,17,46.5,100.0,7,41.2,7
2,Tyler Higbee,10744,TE,LA,1,0,26,48.0,100.0,6,35.3,6,55.9,0,100.0,17,17,66.0,100.0,9,52.9,9
2,Andrei Iosivas,109811,WR,CIN,1,0,7,58.2,100.0,6,37.5,6,50.1,0,100.0,16,16,55.0,100.0,8,50.0,8
2,Khalil Shakir,84140,WR,BUF,1,0,4,58.0,100.0,6,37.5,6,58.7,0,100.0,16,16,61.6,100.0,9,56.3,9
2,Nico Collins,61441,WR,HST,1,0,13,55.8,100.0,9,56.3,9,57.8,0,100.0,16,16,61.7,100.0,7,43.8,7
2,Joe Tippmann,101568,G,NYJ,1,0,22,59.2,100.0,2,12.5,2,61.9,0,100.0,16,16,63.8,100.0,11,68.8,11
2,Mike Evans,8642,WR,TB,1,0,30,63.0,100.0,12,75.0,12,62.7,0,100.0,16,16,60.0,100.0,3,18.8,3
2,Armand Membou,125008,T,NYJ,1,0,22,59.1,100.0,2,12.5,2,65.3,0,100.0,16,16,58.3,100.0,11,68.8,11
2,Cooper Kupp,11824,WR,SEA,1,0,29,59.0,100.0,5,31.3,5,89.0,0,100.0,16,16,90.7,100.0,11,68.8,11
2,Olumuyiwa Fashanu,129777,T,NYJ,1,0,22,58.4,100.0,2,12.5,2,49.0,0,100.0,16,16,48.5,100.0,11,68.8,11
2,Davante Adams,8688,WR,LA,1,0,26,60.6,100.0,5,31.3,5,60.7,0,100.0,16,16,59.7,100.0,11,68.8,11
2,Trey McBride,75916,TE,ARZ,1,0,1,57.4,100.0,11,68.8,11,38.1,0,100.0,16,16,55.8,100.0,3,18.8,3
2,Amarius Mims,146719,T,CIN,1,0,7,50.6,100.0,6,37.5,6,39.9,0,100.0,16,16,44.1,100.0,8,50.0,8
2,Josh Myers,59992,C,NYJ,1,0,22,58.8,100.0,2,12.5,2,66.5,0,100.0,16,16,73.6,100.0,11,68.8,11
2,Keon Coleman,144949,WR,BUF,1,0,4,61.5,100.0,11,68.8,11,61.7,0,100.0,16,16,60.5,100.0,4,25.0,4
2,Russell Wilson,7077,QB,NYG,1,0,21,60.0,75.0,3,18.8,4,60.0,0,88.9,16,18,60.0,100.0,12,75.0,12
2,C.J. Stroud,129759,QB,HST,1,0,13,60.0,100.0,9,56.3,9,60.0,0,94.1,16,17,60.0,100.0,7,43.8,7
2,John Simpson,41715,G,NYJ,1,0,22,59.7,100.0,2,12.5,2,54.7,0,100.0,16,16,60.8,100.0,11,68.8,11
2,Braxton Jones,60092,T,CHI,1,0,6,52.8,100.0,7,43.8,7,52.4,0,100.0,16,16,57.0,100.0,6,37.5,6
2,Lamar Jackson,46416,QB,BLT,1,0,3,60.0,100.0,4,25.0,4,60.0,0,94.1,16,17,60.0,90.0,9,56.3,10
2,Kyler Murray,38334,QB,ARZ,1,0,1,60.0,86.7,13,81.3,15,60.0,0,80.0,16,20,60.0,75.0,3,18.8,4
2,Rashid Shaheed,63707,WR,NO,1,0,20,60.0,100.0,6,40.0,6,59.7,0,100.0,15,15,59.6,100.0,9,60.0,9
2,Noah Gray,60878,TE,KC,1,0,16,50.5,100.0,5,33.3,5,51.2,0,100.0,15,15,57.8,100.0,9,60.0,9
2,Charlie Kolar,60917,TE,BLT,1,0,3,59.0,100.0,3,20.0,3,51.4,0,100.0,15,15,49.7,100.0,6,40.0,6
2,Travis Hunter,160766,WR,JAX,1,0,15,60.6,100.0,3,20.0,3,55.4,0,100.0,15,15,54.0,100.0,10,66.7,10
2,Tyrell Shavers,61107,WR,BUF,1,0,4,50.9,100.0,8,53.3,8,52.2,0,100.0,15,15,60.0,100.0,2,13.3,2
2,Tyler Johnson,48054,WR,NYJ,1,0,22,59.8,100.0,2,13.3,2,55.4,0,100.0,15,15,55.2,100.0,10,66.7,10
2,Devaughn Vele,100637,WR,NO,1,0,20,59.6,100.0,8,53.3,8,51.3,0,100.0,15,15,48.7,100.0,6,40.0,6
2,Reggie Gilliam,40951,FB,BUF,1,0,4,79.3,100.0,4,26.7,4,70.0,0,100.0,15,15,55.1,100.0,7,46.7,7
2,Dontayvion Wicks,99711,WR,GB,1,0,12,42.7,100.0,9,60.0,9,45.3,0,100.0,15,15,60.8,100.0,6,40.0,6
2,J.J. McCarthy,144918,QB,MIN,1,0,18,60.0,100.0,7,46.7,7,60.0,0,88.2,15,17,60.0,100.0,8,53.3,8
2,Marcus Mbow,145113,T,NYG,1,0,21,69.7,100.0,3,21.4,3,63.2,0,100.0,14,14,56.8,100.0,10,71.4,10
2,Elijah Moore,84302,WR,BUF,1,0,4,59.2,100.0,6,42.9,6,60.6,0,87.5,14,16,60.9,100.0,5,35.7,5
2,Tyquan Thornton,78092,WR,KC,1,0,16,59.2,100.0,2,14.3,2,61.5,0,100.0,14,14,62.4,100.0,11,78.6,11
2,Robbie Ouzts,146594,FB,SEA,1,0,29,58.9,100.0,3,21.4,3,63.9,0,100.0,14,14,66.0,100.0,10,71.4,10
2,Justin Skule,38951,T,MIN,1,0,18,50.5,100.0,6,42.9,6,56.2,0,100.0,14,14,65.0,100.0,6,42.9,6
2,Joshua Palmer,62979,WR,BUF,1,0,4,39.0,100.0,5,35.7,5,44.8,1,100.0,14,14,60.1,100.0,9,64.3,9
2,Tre Tucker,101106,WR,LV,1,0,23,59.9,100.0,5,35.7,5,58.1,0,93.3,14,15,58.8,100.0,7,50.0,7
2,Sterling Shepard,10674,WR,TB,1,0,30,54.8,100.0,11,78.6,11,55.6,0,100.0,14,14,60.0,100.0,2,14.3,2
2,Teagan Quitoriano,84036,TE,ATL,1,0,2,59.4,100.0,5,35.7,5,58.3,0,100.0,14,14,58.1,100.0,7,50.0,7
2,Xavier Legette,99197,WR,CAR,1,0,5,59.1,100.0,5,35.7,5,58.5,0,93.3,14,15,59.0,100.0,9,64.3,9
2,Geno Smith,7820,QB,LV,1,0,23,60.0,100.0,6,42.9,6,60.0,0,82.4,14,17,60.0,85.7,6,42.9,7
2,Tetairoa McMillan,158735,WR,CAR,1,0,5,60.9,100.0,5,35.7,5,37.8,0,100.0,14,14,59.5,100.0,9,64.3,9
2,Malik Heath,124173,WR,GB,1,0,12,59.9,100.0,9,64.3,9,80.9,0,100.0,14,14,60.0,100.0,2,14.3,2
2,Drew Sample,47259,TE,CIN,1,0,7,56.5,100.0,6,42.9,6,63.6,0,100.0,14,14,71.2,100.0,6,42.9,6
2,Mark Andrews,47436,TE,BLT,1,0,3,56.1,100.0,4,28.6,4,58.0,0,93.3,14,15,60.2,100.0,10,71.4,10
2,Ladd McConkey,124030,WR,LAC,1,0,27,57.8,100.0,7,50.0,7,58.9,0,100.0,14,14,60.8,100.0,7,50.0,7
2,Travis Kelce,7844,TE,KC,1,0,16,59.6,100.0,4,28.6,4,57.4,0,100.0,14,14,57.0,100.0,8,57.1,8
2,Dalton Kincaid,91791,TE,BUF,1,0,4,54.6,100.0,4,28.6,4,64.6,0,100.0,14,14,57.1,100.0,8,57.1,8
2,Jake Ferguson,61081,TE,DAL,1,0,9,45.0,100.0,6,42.9,6,35.2,0,100.0,14,14,39.8,100.0,6,42.9,6
2,Nick Allegretti,39268,G,WAS,1,0,32,76.6,100.0,5,38.5,5,68.0,0,100.0,13,13,56.0,100.0,6,46.2,6
2,Laremy Tunsil,10647,T,WAS,1,0,32,45.3,100.0,5,38.5,5,48.8,0,100.0,13,13,58.6,100.0,6,46.2,6
2,Josh Conerly Jr.,163291,T,WAS,1,0,32,52.0,100.0,5,38.5,5,67.6,0,100.0,13,13,78.8,100.0,6,46.2,6
2,Jakob Johnson,32565,FB,HST,1,0,13,60.3,100.0,7,53.8,7,75.8,0,100.0,13,13,78.8,100.0,5,38.5,5
2,Jonah Savaiinaea,158742,G,MIA,1,0,17,56.9,100.0,4,30.8,4,41.6,0,100.0,13,13,40.5,100.0,9,69.2,9
2,Tyler Biadasz,41178,C,WAS,1,0,32,59.6,100.0,5,38.5,5,61.3,0,100.0,13,13,63.4,100.0,6,46.2,6
2,Aaron Brewer,46014,C,MIA,1,0,17,64.3,100.0,4,30.8,4,62.5,0,100.0,13,13,70.4,100.0,9,69.2,9
2,Matthew Golden,156165,WR,GB,1,0,12,60.0,100.0,3,23.1,3,61.4,0,86.7,13,15,60.8,100.0,10,76.9,10
2,Jakobi Meyers,47468,WR,LV,1,0,23,54.1,100.0,5,38.5,5,53.4,0,100.0,13,13,58.0,100.0,6,46.2,6
2,Larry Borom,59879,T,MIA,1,0,17,59.0,100.0,4,30.8,4,36.8,0,100.0,13,13,43.6,100.0,9,69.2,9
2,Tua Tagovailoa,60326,QB,MIA,1,0,17,60.0,100.0,4,30.8,4,60.0,0,100.0,13,13,60.0,100.0,9,69.2,9
2,Travis Vokolek,61004,TE,ARZ,1,0,1,56.4,100.0,11,84.6,11,56.5,0,100.0,13,13,,,0,0.0,0
2,Marquise Brown,61568,WR,KC,1,0,16,58.3,100.0,3,23.1,3,59.1,0,100.0,13,13,60.8,100.0,10,76.9,10
2,Ryan Miller,78734,WR,TB,1,0,30,54.3,100.0,10,76.9,10,72.3,0,100.0,13,13,59.1,100.0,3,23.1,3
2,John FitzPatrick,83974,TE,GB,1,0,12,43.1,100.0,8,61.5,8,52.9,1,100.0,13,13,60.0,100.0,2,15.4,2
2,Tommy Tremble,84025,TE,CAR,1,0,5,79.8,100.0,3,23.1,3,81.1,0,100.0,13,13,61.0,100.0,6,46.2,6
2,Payne Durham,84037,TE,TB,1,0,30,62.7,100.0,9,69.2,9,74.7,0,100.0,13,13,81.2,100.0,4,30.8,4
2,Ja'Tavion Sanders,144717,TE,CAR,1,0,5,47.7,100.0,4,30.8,4,47.2,0,100.0,13,13,56.8,100.0,6,46.2,6
2,Caleb Williams,144622,QB,CHI,1,0,6,60.0,85.7,6,46.2,7,60.2,0,81.3,13,16,60.0,100.0,6,46.2,6
2,Garrett Wilson,97405,WR,NYJ,1,0,22,60.0,100.0,1,7.7,1,61.6,0,100.0,13,13,61.8,100.0,9,69.2,9
2,Patrick Paul,101019,T,MIA,1,0,17,46.3,100.0,4,30.8,4,40.8,0,100.0,13,13,46.8,100.0,9,69.2,9
2,Kion Smith,136103,G,MIA,1,0,17,78.0,100.0,4,30.8,4,58.0,0,100.0,13,13,55.6,100.0,9,69.2,9
2,Brandin Cooks,8655,WR,NO,1,0,20,59.4,100.0,5,38.5,5,59.9,0,100.0,13,13,60.4,100.0,8,61.5,8
2,Michael Mayer,122906,TE,LV,1,0,23,57.7,100.0,4,30.8,4,57.9,0,100.0,13,13,60.5,100.0,6,46.2,6
2,Quentin Johnston,123085,WR,LAC,1,0,27,51.1,100.0,7,53.8,7,52.3,0,92.9,13,14,59.1,85.7,6,46.2,7
2,Terry McLaurin,48229,WR,WAS,1,0,32,59.7,100.0,5,41.7,5,59.4,0,100.0,12,12,59.4,100.0,6,50.0,6
2,Zach Ertz,7816,TE,WAS,1,0,32,58.2,100.0,4,33.3,4,35.6,0,100.0,12,12,57.5,100.0,6,50.0,6
2,Tyler Lockett,9502,WR,TEN,1,0,31,60.0,100.0,1,8.3,1,61.7,0,100.0,12,12,62.0,100.0,10,83.3,10
2,Tee Higgins,61211,WR,CIN,1,0,7,59.5,100.0,3,25.0,3,54.8,0,100.0,12,12,61.1,100.0,7,58.3,7
2,Harold Fannin Jr.,163104,TE,CLV,1,0,8,54.2,100.0,8,66.7,8,63.7,0,100.0,12,12,71.1,100.0,4,33.3,4
2,Colston Loveland,158540,TE,CHI,1,0,6,58.8,100.0,5,41.7,5,56.3,0,100.0,12,12,56.0,100.0,5,41.7,5
2,Elijah Higgins,98027,TE,ARZ,1,0,1,66.6,100.0,10,83.3,10,66.3,0,100.0,12,12,60.0,100.0,1,8.3,1
2,Jayden Daniels,97993,QB,WAS,1,0,32,60.0,100.0,5,41.7,5,60.0,0,92.3,12,13,60.0,100.0,6,50.0,6
2,Jake Browning,46401,QB,CIN,1,0,7,60.0,100.0,5,41.7,5,60.0,0,85.7,12,14,60.0,100.0,7,58.3,7
2,Allen Lazard,48135,WR,NYJ,1,0,22,60.0,100.0,2,16.7,2,75.6,0,100.0,12,12,76.7,100.0,9,75.0,9
2,Zay Flowers,97268,WR,BLT,1,0,3,60.0,100.0,2,18.2,2,61.0,0,91.7,11,12,60.8,100.0,8,72.7,8
2,Justin Fields,82118,QB,NYJ,1,0,22,60.0,50.0,1,9.1,2,60.0,0,78.6,11,14,60.0,80.0,8,72.7,10
2,Dont'e Thornton Jr.,146547,WR,LV,1,0,23,60.2,100.0,5,45.5,5,58.2,0,100.0,11,11,59.2,100.0,4,36.4,4
2,Deebo Samuel,48274,WR,WAS,1,0,32,58.2,100.0,4,36.4,4,57.5,0,100.0,11,11,58.3,100.0,5,45.5,5
2,Tylan Wallace,61577,WR,BLT,1,0,3,45.7,100.0,4,36.4,4,35.1,0,100.0,11,11,53.9,100.0,6,54.5,6
2,Trent Sherfield,48021,WR,DEN,1,0,10,49.8,100.0,4,36.4,4,47.7,0,100.0,11,11,54.1,100.0,6,54.5,6
2,Adam Thielen,8288,WR,MIN,1,0,18,53.1,100.0,5,45.5,5,53.2,0,100.0,11,11,60.2,100.0,4,36.4,4
2,Stefon Diggs,9579,WR,NE,1,0,19,60.0,100.0,3,27.3,3,35.8,0,100.0,11,11,58.7,100.0,7,63.6,7
2,Wan'Dale Robinson,101735,WR,NYG,1,0,21,59.9,100.0,2,18.2,2,61.0,0,100.0,11,11,61.4,100.0,8,72.7,8
2,Jaxon Smith-Njigba,129758,WR,SEA,1,0,29,54.0,100.0,3,27.3,3,55.0,0,100.0,11,11,61.0,100.0,8,72.7,8
2,Luke Schoonmaker,84005,TE,DAL,1,0,9,59.8,100.0,3,30.0,3,44.6,0,100.0,10,10,42.0,100.0,7,70.0,7
2,Hunter Renfrow,47509,WR,CAR,1,0,5,58.4,100.0,3,30.0,3,59.1,0,100.0,10,10,60.6,100.0,7,70.0,7
2,Julian Hill,88685,TE,MIA,1,0,17,57.2,100.0,3,30.0,3,44.7,0,100.0,10,10,57.6,100.0,7,70.0,7
2,Mason Taylor,157122,TE,NYJ,1,0,22,,,0,0.0,0,58.0,0,100.0,10,10,59.2,100.0,7,70.0,7
2,Luke Musgrave,98499,TE,GB,1,0,12,41.4,100.0,3,30.0,3,59.6,0,100.0,10,10,74.2,100.0,3,30.0,3
2,Jack Stoll,42058,TE,NO,1,0,20,62.5,100.0,3,30.0,3,76.9,0,100.0,10,10,69.2,100.0,6,60.0,6
2,Darius Cooper,136866,WR,PHI,1,0,24,60.1,100.0,2,20.0,2,58.3,0,100.0,10,10,58.9,100.0,2,20.0,2
2,Will Dissly,30762,TE,LAC,1,0,27,42.5,100.0,4,40.0,4,55.3,0,100.0,10,10,71.4,100.0,4,40.0,4
2,Harrison Bryant,26394,TE,HST,1,0,13,77.3,100.0,5,50.0,5,71.6,0,100.0,10,10,57.7,100.0,4,40.0,4
2,Puka Nacua,100632,WR,LA,1,0,26,53.7,100.0,5,50.0,5,49.8,0,90.9,10,11,53.0,83.3,5,50.0,6
2,Johnny Mundt,12206,TE,JAX,1,0,15,69.7,100.0,6,60.0,6,85.5,0,100.0,10,10,70.4,100.0,4,40.0,4
2,Jonnu Smith,11855,TE,PIT,1,0,25,74.7,100.0,4,40.0,4,59.9,0,100.0,10,10,48.3,100.0,6,60.0,6
2,JuJu Smith-Schuster,11817,WR,KC,1,0,16,60.1,100.0,4,40.0,4,31.4,0,100.0,10,10,55.6,100.0,4,40.0,4
2,Tre Harris,122676,WR,LAC,1,0,27,50.6,100.0,6,60.0,6,50.9,1,100.0,10,10,59.1,100.0,2,20.0,2
2,Darnell Washington,124044,TE,PIT,1,0,25,52.3,100.0,6,60.0,6,52.3,0,100.0,10,10,57.7,100.0,4,40.0,4
2,Brandon Coleman,123068,T,WAS,1,0,32,67.9,100.0,4,40.0,4,71.3,0,100.0,10,10,68.5,100.0,4,40.0,4
2,Michael Wilson,84423,WR,ARZ,1,0,1,59.4,100.0,5,55.6,5,53.6,0,100.0,9,9,53.3,100.0,4,44.4,4
2,Ray-Ray McCloud III,47895,WR,ATL,1,0,2,60.0,100.0,4,44.4,4,62.1,0,100.0,9,9,60.0,100.0,4,44.4,4
2,Josh Oliver,47083,TE,MIN,1,0,18,69.1,100.0,4,44.4,4,65.4,0,100.0,9,9,57.7,100.0,4,44.4,4
2,Daniel Bellinger,84041,TE,NYG,1,0,21,59.9,100.0,3,33.3,3,60.4,0,100.0,9,9,60.7,100.0,4,44.4,4
2,Zaire Mitchell-Paden,145197,TE,BLT,1,0,3,,,0,0.0,0,54.1,0,100.0,9,9,54.5,100.0,5,55.6,5
2,Brevyn Spann-Ford,84006,TE,DAL,1,0,9,80.0,100.0,3,33.3,3,86.6,0,100.0,9,9,79.3,100.0,5,55.6,5
2,Mo Alie-Cox,12078,TE,IND,1,0,14,54.6,100.0,6,66.7,6,68.5,0,100.0,9,9,83.7,100.0,3,33.3,3
2,T.J. Hockenson,40912,TE,MIN,1,0,18,70.5,100.0,3,33.3,3,81.3,0,100.0,9,9,77.3,100.0,5,55.6,5
2,Jaylen Waddle,84088,WR,MIA,1,0,17,60.0,100.0,4,44.4,4,61.0,0,100.0,9,9,60.8,100.0,5,55.6,5
2,Konata Mumpfield,145598,WR,LA,1,0,26,60.2,100.0,4,44.4,4,59.3,0,100.0,9,9,60.1,100.0,3,33.3,3
2,KhaDarel Hodge,26104,WR,ATL,1,0,2,59.1,100.0,4,44.4,4,55.8,0,100.0,9,9,55.5,100.0,4,44.4,4
2,Ryan Kelly,10652,C,MIN,1,0,18,66.0,100.0,4,44.4,4,64.1,0,100.0,9,9,58.6,100.0,4,44.4,4
2,Chimere Dike,129918,WR,TEN,1,0,31,60.0,100.0,2,25.0,2,34.0,0,80.0,8,10,60.9,100.0,6,75.0,6
2,Tory Horton,128232,WR,SEA,1,0,29,,,0,0.0,0,60.7,0,100.0,8,8,60.7,100.0,8,100.0,8
2,Jayden Higgins,150240,WR,HST,1,0,13,53.5,100.0,5,62.5,5,54.4,0,100.0,8,8,60.0,100.0,3,37.5,3
2,Alec Ingold,34934,FB,MIA,1,0,17,58.6,100.0,2,25.0,2,43.3,0,100.0,8,8,40.6,100.0,6,75.0,6
2,Ryan Flournoy,159617,WR,DAL,1,0,9,60.0,100.0,1,12.5,1,59.4,0,100.0,8,8,59.6,100.0,6,75.0,6
2,Michael Jurgens,77345,C,MIN,1,0,18,64.8,100.0,3,37.5,3,71.0,0,100.0,8,8,66.4,100.0,4,50.0,4
2,Darian Kinnard,51789,T,GB,1,0,12,57.1,100.0,5,62.5,5,69.1,0,100.0,8,8,73.9,100.0,3,37.5,3
2,Gunnar Helm,144726,TE,TEN,1,0,31,57.2,100.0,3,37.5,3,39.4,0,100.0,8,8,51.8,100.0,4,50.0,4
2,Alec Anderson,81882,G,BUF,1,0,4,58.4,100.0,3,37.5,3,65.2,0,100.0,8,8,64.1,100.0,2,25.0,2
2,Jaylin Lane,121811,WR,WAS,1,0,32,60.0,100.0,1,12.5,1,61.3,0,100.0,8,8,60.2,100.0,5,62.5,5
2,Tyreek Hill,10799,WR,MIA,1,0,17,58.9,100.0,3,37.5,3,77.3,0,100.0,8,8,60.6,100.0,5,62.5,5
2,Devontez Walker,145773,WR,BLT,1,0,3,60.0,100.0,2,25.0,2,60.5,0,100.0,8,8,60.0,100.0,2,25.0,2
2,Elijah Arroyo,143933,TE,SEA,1,0,29,,,0,0.0,0,74.3,0,100.0,7,7,74.3,100.0,7,100.0,7
2,Theo Benedet,169632,T,CHI,1,0,6,60.0,100.0,1,14.3,1,60.0,0,100.0,7,7,59.6,100.0,4,57.1,4
2,Kendrick Bourne,12270,WR,SF,1,0,28,60.0,100.0,1,14.3,1,79.9,0,100.0,7,7,71.6,100.0,6,85.7,6
2,Jake Bobo,77997,WR,SEA,1,0,29,60.0,100.0,4,57.1,4,60.2,0,100.0,7,7,60.0,100.0,2,28.6,2
2,Jeremy Ruckert,84029,TE,NYJ,1,0,22,57.5,100.0,2,28.6,2,62.9,0,100.0,7,7,65.8,100.0,5,71.4,5
2,Olamide Zaccheaus,44920,WR,CHI,1,0,6,80.3,100.0,2,28.6,2,85.6,0,87.5,7,8,60.7,100.0,5,71.4,5
2,Zay Jones,11792,WR,ARZ,1,0,1,58.9,100.0,6,85.7,6,59.2,0,100.0,7,7,60.0,100.0,1,14.3,1
2,Chris Manhertz,10211,TE,NYG,1,0,21,60.1,100.0,2,28.6,2,79.6,0,100.0,7,7,81.9,100.0,5,71.4,5
2,Tutu Atwell,77965,WR,LA,1,0,26,59.6,100.0,2,28.6,2,48.2,0,100.0,7,7,47.7,100.0,5,71.4,5
2,Ryan Van Demark,55113,T,BUF,1,0,4,59.5,100.0,2,28.6,2,58.6,0,100.0,7,7,59.0,100.0,2,28.6,2
2,Brock Bowers,146715,TE,LV,1,0,23,60.4,100.0,3,42.9,3,55.1,0,100.0,7,7,74.8,100.0,4,57.1,4
2,Sedrick Van Pran-Granger,124042,C,BUF,1,0,4,60.0,100.0,2,28.6,2,57.3,0,100.0,7,7,59.4,100.0,2,28.6,2
2,Kyle Williams,128374,WR,NE,1,0,19,60.0,100.0,1,14.3,1,60.0,0,100.0,7,7,60.0,100.0,1,14.3,1
2,James Hudson III,59854,T,NYG,1,0,21,55.8,100.0,2,28.6,2,42.3,1,100.0,7,7,45.3,100.0,4,57.1,4
2,Saquon Barkley,45791,HB,PHI,1,0,24,,0.0,0,0.0,4,43.0,0,25.0,7,28,,0.0,0,0.0,17
2,Nick Westbrook-Ikhine,47861,WR,MIA,1,0,17,58.6,100.0,2,33.3,2,57.7,0,100.0,6,6,58.5,100.0,4,66.7,4
2,Isaac TeSlaa,172430,WR,DET,1,0,11,,,0,0.0,0,59.6,0,100.0,6,6,59.6,100.0,6,100.0,6
2,Cameron Latu,82647,TE,PHI,1,0,24,75.8,100.0,2,33.3,2,76.4,0,100.0,6,6,59.2,100.0,2,33.3,2
2,Hunter Luepke,91319,FB,DAL,1,0,9,43.2,100.0,2,33.3,2,25.8,0,100.0,6,6,54.1,100.0,3,50.0,3
2,Ashton Dulin,91479,WR,IND,1,0,14,60.4,100.0,3,50.0,3,55.1,0,100.0,6,6,,,0,0.0,0
2,Keenan Allen,7857,WR,LAC,1,0,27,50.6,100.0,4,66.7,4,45.7,0,100.0,6,6,56.2,100.0,2,33.3,2
2,Jamari Thrash,97399,WR,CLV,1,0,8,59.8,100.0,3,50.0,3,60.1,0,100.0,6,6,60.0,100.0,2,33.3,2
2,Marvin Mims Jr.,122937,WR,DEN,1,0,10,60.0,100.0,1,16.7,1,61.1,0,100.0,6,6,60.7,100.0,4,66.7,4
2,Lucas Krull,83962,TE,DEN,1,0,10,59.1,100.0,6,100.0,6,59.1,0,100.0,6,6,,,0,0.0,0
2,Pat Bryant,144800,WR,DEN,1,0,10,60.0,100.0,3,50.0,3,60.4,0,100.0,6,6,59.3,100.0,3,50.0,3
2,Luther Burden III,157170,WR,CHI,1,0,6,51.4,100.0,3,50.0,3,50.3,0,100.0,6,6,60.0,100.0,1,16.7,1
2,Olusegun Oluwatimi,98581,C,SEA,1,0,29,68.4,100.0,4,66.7,4,68.0,0,100.0,6,6,59.5,100.0,2,33.3,2
2,Adam Prentice,35639,FB,DEN,1,0,10,56.2,100.0,5,83.3,5,65.0,0,100.0,6,6,60.0,100.0,1,16.7,1
2,Isaiah Bond,163586,WR,CLV,1,0,8,60.0,100.0,4,66.7,4,60.9,0,85.7,6,7,60.0,100.0,2,33.3,2
2,Justin Watson,66915,WR,HST,1,0,13,59.8,100.0,3,50.0,3,60.3,0,100.0,6,6,60.3,100.0,3,50.0,3
2,Evan Engram,11778,TE,DEN,1,0,10,,,0,0.0,0,53.9,0,100.0,6,6,73.8,100.0,5,83.3,5
2,Dareke Young,111900,WR,SEA,1,0,29,,,0,0.0,0,59.6,0,100.0,6,6,59.6,100.0,6,100.0,6
2,Tyson Bagent,169628,QB,CHI,1,0,6,60.0,100.0,1,16.7,1,60.0,0,85.7,6,7,60.0,100.0,4,66.7,4
2,Xavier Hutchinson,122518,WR,HST,1,0,13,49.1,100.0,4,66.7,4,73.4,0,100.0,6,6,60.0,100.0,2,33.3,2
2,Pat Freiermuth,84085,TE,PIT,1,0,25,59.7,100.0,4,66.7,4,65.9,0,100.0,6,6,56.4,100.0,2,33.3,2
2,Roman Wilson,129604,WR,PIT,1,0,25,58.2,100.0,4,66.7,4,58.7,0,100.0,6,6,60.0,100.0,2,33.3,2
2,Brock Hoffman,54535,C,DAL,1,0,9,59.9,100.0,2,33.3,2,58.6,0,100.0,6,6,58.8,100.0,3,50.0,3
2,Noah Brown,11993,WR,WAS,1,0,32,59.6,100.0,3,60.0,3,31.5,0,100.0,5,5,60.0,100.0,2,40.0,2
2,Kameron Johnson,165866,WR,TB,1,0,30,60.0,100.0,2,40.0,2,58.5,0,100.0,5,5,58.1,100.0,3,60.0,3
2,Kyle Juszczyk,7912,FB,SF,1,0,28,60.0,100.0,1,20.0,1,58.3,0,100.0,5,5,67.7,100.0,3,60.0,3
2,Mitch Trubisky,11757,QB,BUF,1,0,4,60.0,100.0,2,40.0,2,60.0,0,62.5,5,8,60.0,100.0,3,60.0,3
2,David Moore,11981,WR,CAR,1,0,5,,,0,0.0,0,58.6,0,100.0,5,5,60.0,100.0,1,20.0,1
2,Jack Westover,84079,FB,NE,1,0,19,,,0,0.0,0,60.0,0,100.0,5,5,60.0,100.0,1,20.0,1
2,Rashod Bateman,84296,WR,BLT,1,0,3,60.0,100.0,1,20.0,1,59.7,0,100.0,5,5,60.0,100.0,2,40.0,2
2,Ian Thomas,42130,TE,LV,1,0,23,65.8,100.0,1,20.0,1,65.5,0,100.0,5,5,60.0,100.0,1,20.0,1
2,Jonathan Taylor,57488,HB,IND,1,0,14,60.0,6.7,1,20.0,15,60.0,0,16.1,5,31,60.0,7.7,1,20.0,13
2,Parker Washington,129799,WR,JAX,1,0,15,60.0,100.0,1,20.0,1,60.3,0,100.0,5,5,60.0,100.0,4,80.0,4
2,Ko Kieft,41372,TE,TB,1,0,30,69.8,100.0,2,40.0,2,67.5,0,100.0,5,5,57.9,100.0,3,60.0,3
2,Connor Heyward,57301,TE,PIT,1,0,25,60.0,100.0,3,60.0,3,39.4,0,100.0,5,5,60.2,100.0,2,40.0,2
2,Greg Dortch,42237,WR,ARZ,1,0,1,60.0,100.0,1,20.0,1,59.0,0,100.0,5,5,60.2,100.0,3,60.0,3
2,Andrew Ogletree,138351,TE,IND,1,0,14,45.4,100.0,4,80.0,4,42.4,0,100.0,5,5,60.0,100.0,1,20.0,1
2,Robert Tonyan,12193,TE,KC,1,0,16,59.2,100.0,3,60.0,3,59.1,0,100.0,5,5,59.8,100.0,2,40.0,2
2,Tim Patrick,12087,WR,JAX,1,0,15,59.8,100.0,3,60.0,3,59.2,0,100.0,5,5,59.5,100.0,2,40.0,2
2,Dalton Schultz,47304,TE,HST,1,0,13,59.8,100.0,2,40.0,2,77.7,0,100.0,5,5,60.1,100.0,2,40.0,2
2,Austin Deculus,59821,T,LAC,1,0,27,59.8,100.0,1,20.0,1,59.2,0,100.0,5,5,60.1,100.0,2,40.0,2
2,Van Jefferson,47447,WR,TEN,1,0,31,60.0,100.0,1,20.0,1,28.1,0,100.0,5,5,60.0,100.0,3,60.0,3
2,Jaylin Noel,125155,WR,HST,1,0,13,60.0,100.0,1,25.0,1,60.0,0,100.0,4,4,60.0,100.0,2,50.0,2
2,Durham Smythe,47257,TE,CHI,1,0,6,,,0,0.0,0,56.5,0,100.0,4,4,,,0,0.0,0
2,Luke Goedeke,77548,T,TB,1,0,30,89.8,100.0,3,75.0,3,88.2,0,100.0,4,4,60.0,100.0,1,25.0,1
2,Derius Davis,78196,WR,LAC,1,0,27,60.0,100.0,1,25.0,1,58.9,0,100.0,4,4,57.8,100.0,1,25.0,1
2,Dillon Gabriel,86272,QB,CLV,1,0,8,60.0,100.0,1,25.0,1,60.0,0,100.0,4,4,60.0,100.0,2,50.0,2
2,Mitchell Tinsley,123470,WR,CIN,1,0,7,56.2,100.0,4,100.0,4,56.2,0,100.0,4,4,,,0,0.0,0
2,Marquez Valdes-Scantling,47809,WR,SF,1,0,28,59.8,100.0,1,25.0,1,58.1,0,100.0,4,4,59.3,100.0,2,50.0,2
2,Ashton Jeanty,157196,HB,LV,1,0,23,,0.0,0,0.0,5,60.0,0,26.7,4,15,60.0,16.7,1,25.0,6
2,Noah Fant,42388,TE,CIN,1,0,7,60.0,100.0,1,25.0,1,63.8,0,100.0,4,4,80.6,100.0,3,75.0,3
2,Brian Robinson,57120,HB,SF,1,0,28,,0.0,0,0.0,1,60.0,0,36.4,4,11,,0.0,0,0.0,6
2,Justice Hill,45865,HB,BLT,1,0,3,,,0,0.0,0,60.0,0,57.1,4,7,,0.0,0,0.0,2
2,Savion Williams,123101,WR,GB,1,0,12,60.0,50.0,1,25.0,2,60.0,0,66.7,4,6,60.0,100.0,1,25.0,1
2,Malik Washington,97108,WR,MIA,1,0,17,,0.0,0,0.0,1,59.3,0,57.1,4,7,59.3,66.7,4,100.0,6
2,Mike Gesicki,47153,TE,CIN,1,0,7,60.0,100.0,1,25.0,1,56.3,0,100.0,4,4,55.8,100.0,3,75.0,3
2,Joe Burrow,28022,QB,CIN,1,0,7,60.0,100.0,2,50.0,2,60.0,0,100.0,4,4,60.0,100.0,2,50.0,2
2,Ray Davis,101072,HB,BUF,1,0,4,,0.0,0,0.0,6,60.0,0,28.6,4,14,,0.0,0,0.0,4
2,Rhamondre Stevenson,98689,HB,NE,1,0,19,,0.0,0,0.0,5,60.0,0,25.0,4,16,,0.0,0,0.0,7
2,Giovanni Manu,183106,T,DET,1,0,11,,,0,0.0,0,59.4,0,100.0,3,3,59.4,100.0,3,100.0,3
2,Tanner Conner,22777,TE,MIA,1,0,17,60.0,100.0,1,33.3,1,42.1,0,100.0,3,3,60.2,100.0,2,66.7,2
2,Kyle Allen,26152,QB,DET,1,0,11,,,0,0.0,0,60.0,0,100.0,3,3,60.0,100.0,3,100.0,3
2,Rico Dowdle,40693,HB,CAR,1,0,5,,0.0,0,0.0,4,60.0,0,30.0,3,10,,0.0,0,0.0,3
2,Kayode Awosika,44909,G,DET,1,0,11,,,0,0.0,0,55.7,0,100.0,3,3,55.7,100.0,3,100.0,3
2,Josh Jacobs,45953,HB,GB,1,0,12,,0.0,0,0.0,13,60.0,0,10.7,3,28,,0.0,0,0.0,12
2,Joe Noteboom,46249,T,BLT,1,0,3,,,0,0.0,0,60.0,0,100.0,3,3,,,0,0.0,0
2,Scott Miller,47481,WR,PIT,1,0,25,60.0,100.0,1,33.3,1,60.0,0,100.0,3,3,60.0,100.0,2,66.7,2
2,Najee Harris,57121,HB,LAC,1,0,27,,0.0,0,0.0,3,60.0,0,25.0,3,12,,0.0,0,0.0,6
2,Travis Etienne Jr.,57185,HB,JAX,1,0,15,60.0,16.7,1,33.3,6,56.4,0,17.6,3,17,60.0,12.5,1,33.3,8
2,Chris Paul,77579,G,WAS,1,0,32,60.0,100.0,1,33.3,1,63.8,0,100.0,3,3,64.9,100.0,2,66.7,2
2,Brayden Willis,77917,TE,SF,1,0,28,,,0,0.0,0,60.0,0,100.0,3,3,,,0,0.0,0
2,James Cook,83666,HB,BUF,1,0,4,60.0,11.1,1,33.3,9,59.9,0,12.5,3,24,,0.0,0,0.0,13
2,Ben Bartch,84236,G,SF,1,0,28,60.0,100.0,1,33.3,1,67.7,0,100.0,3,3,66.9,100.0,2,66.7,2
2,Kyren Williams,97118,HB,LA,1,0,26,,0.0,0,0.0,6,60.0,0,15.0,3,20,60.0,8.3,1,33.3,12
2,John Metchie III,97400,WR,PHI,1,0,24,60.0,100.0,1,33.3,1,59.6,0,100.0,3,3,59.8,100.0,2,66.7,2
2,Breece Hall,97636,HB,NYJ,1,0,22,60.0,50.0,1,33.3,2,60.0,0,23.1,3,13,60.0,10.0,1,33.3,10
2,Kingsley Eguakun,98248,C,DET,1,0,11,,,0,0.0,0,58.3,0,100.0,3,3,58.3,100.0,3,100.0,3
2,Walter Rouse,100564,T,MIN,1,0,18,63.6,100.0,1,33.3,1,59.7,1,100.0,3,3,53.0,100.0,2,66.7,2
2,Demario Douglas,104155,WR,NE,1,0,19,60.0,100.0,1,33.3,1,60.0,0,100.0,3,3,60.0,100.0,1,33.3,1
2,Corey Bullock,108855,C,BLT,1,0,3,,,0,0.0,0,60.0,0,100.0,3,3,,,0,0.0,0
2,LaJohntay Wester,123616,WR,BLT,1,0,3,,,0,0.0,0,60.0,0,100.0,3,3,,,0,0.0,0
2,Kyle Monangai,129891,HB,CHI,1,0,6,,0.0,0,0.0,2,60.0,0,30.0,3,10,,0.0,0,0.0,4
2,Trey Benson,131705,HB,ARZ,1,0,1,59.8,33.3,1,33.3,3,59.7,0,42.9,3,7,,0.0,0,0.0,2
2,Benjamin Yurosek,131786,TE,MIN,1,0,18,60.0,100.0,1,33.3,1,59.4,0,100.0,3,3,59.6,100.0,2,66.7,2
2,Luke Newman,143066,G,CHI,1,0,6,,,0,0.0,0,68.6,0,100.0,3,3,68.6,100.0,3,100.0,3
2,Chandler Zavala,144009,G,CAR,1,0,5,60.0,100.0,1,33.3,1,59.7,0,100.0,3,3,60.0,100.0,2,66.7,2
2,Braelon Allen,145159,HB,NYJ,1,0,22,60.0,100.0,1,33.3,1,66.6,0,60.0,3,5,60.0,100.0,2,66.7,2
2,Dominic Lovett,146872,WR,DET,1,1,11,,,0,0.0,0,60.0,1,100.0,3,3,60.0,100.0,3,100.0,3
2,Mitchell Evans,147486,TE,CAR,1,0,5,60.0,100.0,1,33.3,1,60.0,0,100.0,3,3,60.0,100.0,1,33.3,1
2,Omarion Hampton,162750,HB,LAC,1,0,27,60.0,14.3,1,33.3,7,59.2,0,25.0,3,12,60.0,25.0,1,33.3,4
2,Skyy Moore,97116,WR,SF,1,0,28,58.7,100.0,1,50.0,1,56.4,0,100.0,2,2,60.0,100.0,1,50.0,1
2,Jaylen Warren,98692,HB,PIT,1,0,25,60.0,10.0,1,50.0,10,60.0,0,12.5,2,16,60.0,16.7,1,50.0,6
2,AJ Dillon,57165,HB,PHI,1,0,24,,,0,0.0,0,60.0,0,50.0,2,4,,0.0,0,0.0,2
2,Christian McCaffrey,11763,HB,SF,1,0,28,60.0,25.0,1,50.0,4,60.0,0,13.3,2,15,,0.0,0,0.0,10
2,DeAndre Hopkins,7808,WR,BLT,1,0,3,,,0,0.0,0,59.7,0,100.0,2,2,60.0,100.0,1,50.0,1
2,Jahan Dotson,84375,WR,PHI,1,0,24,,,0,0.0,0,60.0,0,100.0,2,2,60.0,100.0,2,100.0,2
2,Bryce Oliver,84248,WR,TEN,1,0,31,60.0,100.0,1,50.0,1,59.4,0,100.0,2,2,,,0,0.0,0
2,Kelvin Beachum,7229,T,ARZ,1,0,1,58.0,100.0,2,100.0,2,58.0,0,100.0,2,2,,,0,0.0,0
2,Cam Skattebo,147787,HB,NYG,1,0,21,60.0,20.0,1,50.0,5,60.0,0,14.3,2,14,60.0,12.5,1,50.0,8
2,Luke McCaffrey,101634,WR,WAS,1,0,32,60.0,100.0,1,50.0,1,60.0,0,100.0,2,2,,,0,0.0,0
2,Bhayshul Tuten,150568,HB,JAX,1,0,15,60.0,25.0,1,50.0,4,60.0,0,20.0,2,10,,0.0,0,0.0,5
2,Emanuel Wilson,154173,HB,GB,1,0,12,,,0,0.0,0,60.0,0,100.0,2,2,,,0,0.0,0
2,Derrick Henry,10679,HB,BLT,1,0,3,,0.0,0,0.0,4,60.0,0,15.4,2,13,60.0,12.5,1,50.0,8
2,Jayden Reed,78171,WR,GB,1,0,12,60.0,100.0,1,50.0,1,60.0,0,100.0,2,2,60.0,100.0,1,50.0,1
2,Blake Hance,46301,G,TEN,1,0,31,57.5,100.0,1,50.0,1,67.1,0,100.0,2,2,60.0,100.0,1,50.0,1
2,David Montgomery,45719,HB,DET,1,0,11,60.0,33.3,1,50.0,3,60.0,0,15.4,2,13,,0.0,0,0.0,9
2,Jaylon Moore,43678,T,KC,1,0,16,,,0,0.0,0,59.2,0,100.0,2,2,59.9,100.0,1,50.0,1
2,John Bates,42275,TE,WAS,1,0,32,59.2,100.0,2,100.0,2,59.2,0,100.0,2,2,,,0,0.0,0
2,RJ Harvey,99622,HB,DEN,1,0,10,60.0,33.3,1,50.0,3,60.0,0,28.6,2,7,,0.0,0,0.0,3
2,Brashard Smith,143951,HB,KC,1,0,16,60.0,100.0,2,100.0,2,60.0,0,66.7,2,3,,0.0,0,0.0,1
2,Jaxson Dart,146409,QB,NYG,1,0,21,60.0,100.0,1,50.0,1,60.0,0,66.7,2,3,60.0,50.0,1,50.0,2
2,Chase Brown,77787,HB,CIN,1,0,7,,0.0,0,0.0,7,60.0,0,11.1,2,18,,0.0,0,0.0,9
2,Cooper DeJean,144867,CB,PHI,1,0,24,,,0,0.0,0,60.0,0,100.0,2,2,,,0,0.0,0
2,Miles Sanders,40555,HB,DAL,1,0,9,,0.0,0,0.0,1,60.0,0,25.0,2,8,,0.0,0,0.0,5
2,Cody Ford,39805,T,CIN,1,0,7,60.0,100.0,1,50.0,1,59.5,0,100.0,2,2,60.0,100.0,1,50.0,1
2,Moliki Matavao,146561,TE,NO,1,0,20,60.0,100.0,1,50.0,1,60.1,0,100.0,2,2,60.0,100.0,1,50.0,1
2,Zamir White,83665,HB,LV,1,0,23,,0.0,0,0.0,1,60.0,0,50.0,2,4,,0.0,0,0.0,1
2,Tyrod Taylor,6332,QB,NYJ,1,0,22,,,0,0.0,0,60.0,0,100.0,2,2,60.0,100.0,1,50.0,1
2,Tony Pollard,27126,HB,TEN,1,0,31,,0.0,0,0.0,4,60.0,0,9.1,2,22,,0.0,0,0.0,16
2,KT Leveston,77487,T,CLV,1,0,8,,,0,0.0,0,70.7,0,100.0,2,2,70.7,100.0,2,100.0,2
2,KeAndre Lambert-Smith,129789,WR,LAC,1,0,27,,,0,0.0,0,60.0,0,100.0,2,2,60.0,100.0,2,100.0,2
2,De'Von Achane,124305,HB,MIA,1,0,17,,0.0,0,0.0,3,60.0,0,18.2,2,11,60.0,25.0,2,100.0,8
2,Chris Brooks,83644,HB,GB,1,0,12,60.0,100.0,2,100.0,2,60.0,0,100.0,2,2,,,0,0.0,0
2,Adonai Mitchell,146712,WR,IND,1,0,14,60.0,100.0,1,50.0,1,60.0,0,100.0,2,2,60.0,100.0,1,50.0,1
2,Arian Smith,124039,WR,NYJ,1,0,22,,,0,0.0,0,59.2,0,66.7,2,3,60.0,100.0,1,50.0,1
2,Tim Jones,61669,WR,MIN,1,0,18,60.0,100.0,1,50.0,1,60.0,0,100.0,2,2,60.0,100.0,1,50.0,1
2,Alex Palczewski,59738,G,DEN,1,0,10,58.9,100.0,2,100.0,2,58.9,0,100.0,2,2,,,0,0.0,0
2,Chuba Hubbard,57373,HB,CAR,1,0,5,60.0,33.3,1,50.0,3,60.0,0,15.4,2,13,,0.0,0,0.0,7
2,James Conner,11860,HB,ARZ,1,0,1,60.0,8.3,1,50.0,12,60.0,0,14.3,2,14,60.0,50.0,1,50.0,2
2,Jahmyr Gibbs,122474,HB,DET,1,0,11,60.0,14.3,1,100.0,7,60.0,0,7.7,1,13,,0.0,0,0.0,5
2,Aaron Jones,11937,HB,MIN,1,0,18,,0.0,0,0.0,2,72.2,0,16.7,1,6,,0.0,0,0.0,3
2,Julius Chestnut,109239,HB,TEN,1,0,31,,,0,0.0,0,60.0,0,100.0,1,1,,,0,0.0,0
2,Alvin Kamara,11822,HB,NO,1,0,20,60.0,10.0,1,100.0,10,60.0,0,4.5,1,22,,0.0,0,0.0,11
2,Zach Charbonnet,97630,HB,SEA,1,0,29,,0.0,0,0.0,3,60.0,0,6.3,1,16,,0.0,0,0.0,12
2,Brycen Tremayne,84425,WR,CAR,1,0,5,60.0,100.0,1,100.0,1,60.0,0,100.0,1,1,,,0,0.0,0
2,Tyrone Tracy,84226,HB,NYG,1,0,21,,,0,0.0,0,60.0,0,16.7,1,6,,0.0,0,0.0,5
2,Isiah Pacheco,83747,HB,KC,1,0,16,,0.0,0,0.0,4,60.0,0,9.1,1,11,,0.0,0,0.0,5
2,Hassan Haskins,83701,HB,LAC,1,0,27,60.0,100.0,1,100.0,1,60.0,0,100.0,1,1,,,0,0.0,0
2,Bucky Irving,144970,HB,TB,1,0,30,,0.0,0,0.0,14,60.0,0,5.3,1,19,60.0,25.0,1,100.0,4
2,Cade Mays,81995,C,CAR,1,0,5,,,0,0.0,0,60.0,0,100.0,1,1,60.0,100.0,1,100.0,1
2,Jon Gaines II,81879,G,ARZ,1,0,1,60.0,100.0,1,100.0,1,60.0,0,100.0,1,1,,,0,0.0,0
2,TreVeyon Henderson,145059,HB,NE,1,0,19,,0.0,0,0.0,2,60.0,0,20.0,1,5,,0.0,0,0.0,2
2,Spencer Anderson,81719,G,PIT,1,0,25,,,0,0.0,0,60.0,0,100.0,1,1,60.0,100.0,1,100.0,1
2,Max Mitchell,81707,T,NYJ,1,0,22,,,0,0.0,0,60.0,0,100.0,1,1,60.0,100.0,1,100.0,1
2,Antonio Gibson,78050,HB,NE,1,0,19,,0.0,0,0.0,4,60.0,0,16.7,1,6,,0.0,0,0.0,1
2,Blake Whiteheart,77881,TE,CLV,1,0,8,,,0,0.0,0,60.0,0,100.0,1,1,60.0,100.0,1,100.0,1
2,Emari Demercado,77763,HB,ARZ,1,0,1,,,0,0.0,0,60.0,0,100.0,1,1,,,0,0.0,0
2,Terrance Ferguson,146563,TE,LA,1,0,26,60.0,100.0,1,100.0,1,60.0,0,100.0,1,1,,,0,0.0,0
2,Jordan Mason,62946,HB,MIN,1,0,18,,0.0,0,0.0,5,60.0,0,9.1,1,11,,0.0,0,0.0,5
2,J.K. Dobbins,57366,HB,DEN,1,0,10,,0.0,0,0.0,8,60.0,1,6.3,1,16,60.0,14.3,1,100.0,7
2,D'Andre Swift,57212,HB,CHI,1,0,6,,0.0,0,0.0,5,60.0,0,8.3,1,12,,0.0,0,0.0,6
2,Jack Bech,146771,WR,LV,1,0,23,,,0,0.0,0,60.0,0,100.0,1,1,,,0,0.0,0
2,Nate Carter,147376,HB,ATL,1,0,2,,,0,0.0,0,60.0,0,100.0,1,1,,,0,0.0,0
2,Charlie Jones,55038,WR,CIN,1,0,7,,,0,0.0,0,60.0,0,100.0,1,1,60.0,100.0,1,100.0,1
2,Andrew Beck,47121,FB,NYJ,1,0,22,,,0,0.0,0,60.0,0,100.0,1,1,60.0,100.0,1,100.0,1
2,Fred Johnson,46951,T,PHI,1,0,24,60.0,100.0,1,100.0,1,60.0,0,100.0,1,1,,,0,0.0,0
2,Mason Rudolph,46569,QB,PIT,1,0,25,,,0,0.0,0,60.0,0,100.0,1,1,60.0,100.0,1,100.0,1
2,Stone Forsythe,41795,T,LV,1,0,23,60.0,100.0,1,100.0,1,60.0,0,100.0,1,1,,,0,0.0,0
2,Trevor Etienne,157730,HB,CAR,1,0,5,,,0,0.0,0,60.0,0,100.0,1,1,,,0,0.0,0
2,Ollie Gordon II,157792,HB,MIA,1,0,17,60.0,100.0,1,100.0,1,60.0,0,50.0,1,2,,0.0,0,0.0,1
2,Teven Jenkins,41534,G,CLV,1,0,8,60.0,100.0,1,100.0,1,60.0,0,100.0,1,1,,,0,0.0,0
2,Mike Caliendo,41446,G,KC,1,0,16,60.0,100.0,1,100.0,1,60.0,0,100.0,1,1,,,0,0.0,0
2,David Sills V,34579,WR,ATL,1,0,2,,,0,0.0,0,60.0,0,100.0,1,1,,,0,0.0,0
2,D'Wayne Eskridge,29573,WR,MIA,1,0,17,,,0,0.0,0,60.0,0,100.0,1,1,60.0,100.0,1,100.0,1
2,Jason Brownlee,121451,WR,KC,1,0,16,,,0,0.0,0,60.0,0,100.0,1,1,,,0,0.0,0
2,Jeremy McNichols,11917,HB,WAS,1,0,32,,,0,0.0,0,60.0,0,100.0,1,1,,,0,0.0,0
2,Woody Marks,124179,HB,HST,1,0,13,,0.0,0,0.0,1,60.0,0,25.0,1,4,,0.0,0,0.0,2
2,Adin Huntington,130493,DI,CLV,1,0,8,60.0,100.0,1,100.0,1,60.0,0,100.0,1,1,,,0,0.0,0
2,Dylan Sampson,163772,HB,CLV,1,0,8,,0.0,0,0.0,2,60.0,0,20.0,1,5,,0.0,0,0.0,2
week,player,player_id,position,team_name,player_game_count,declined_penalties,franchise_id,gap_grades_run_block,gap_run_block_percent,gap_snap_counts_run_block,gap_snap_counts_run_block_percent,gap_snap_counts_run_play,grades_run_block,penalties,run_block_percent,snap_counts_run_block,snap_counts_run_play,zone_grades_run_block,zone_run_block_percent,zone_snap_counts_run_block,zone_snap_counts_run_block_percent,zone_snap_counts_run_play
3,Penei Sewell,81788,T,DET,1,0,11,99.9,100.0,16,43.2,16,99.3,0,100.0,37,37,81.5,100.0,18,48.6,18
3,Graham Glasgow,10729,C,DET,1,0,11,49.2,100.0,16,43.2,16,61.3,0,100.0,37,37,79.2,100.0,18,48.6,18
3,Tate Ratledge,124034,G,DET,1,0,11,93.5,100.0,16,43.2,16,90.2,0,100.0,37,37,86.1,100.0,18,48.6,18
3,Taylor Decker,10650,T,DET,1,0,11,90.6,100.0,16,43.2,16,84.1,0,100.0,37,37,62.5,100.0,18,48.6,18
3,Christian Mahogany,98261,G,DET,1,0,11,84.1,100.0,16,43.2,16,71.5,1,100.0,37,37,66.5,100.0,18,48.6,18
3,Grey Zabel,125314,G,SEA,1,0,29,45.2,100.0,14,38.9,14,66.6,0,100.0,36,36,81.0,100.0,20,55.6,20
3,Abraham Lucas,60218,T,SEA,1,0,29,55.8,100.0,14,38.9,14,49.5,0,100.0,36,36,48.5,100.0,20,55.6,20
3,Jared Goff,10635,QB,DET,1,0,11,60.0,100.0,16,45.7,16,60.0,0,94.6,35,37,60.0,100.0,18,51.4,18
3,Jameson Williams,101701,WR,DET,1,0,11,64.2,100.0,16,48.5,16,58.9,0,100.0,33,33,55.8,100.0,17,51.5,17
3,Graham Barton,122367,C,TB,1,0,30,61.9,100.0,12,37.5,12,60.6,0,100.0,32,32,59.2,100.0,19,59.4,19
3,Josh Conerly Jr.,163291,T,WAS,1,0,32,35.6,100.0,20,62.5,20,45.2,1,100.0,32,32,64.9,100.0,10,31.3,10
3,Elijah Klein,81912,G,TB,1,0,30,37.2,100.0,12,37.5,12,32.4,2,100.0,32,32,45.6,100.0,19,59.4,19
3,Ben Bredeson,27305,G,TB,1,0,30,58.5,100.0,12,37.5,12,40.6,0,100.0,32,32,36.1,100.0,19,59.4,19
3,Anthony Bradford,99103,G,SEA,1,0,29,42.0,100.0,12,37.5,12,33.5,0,100.0,32,32,37.7,100.0,19,59.4,19
3,Charlie Heck,36501,T,TB,1,0,30,61.4,100.0,12,37.5,12,50.3,0,100.0,32,32,46.0,100.0,19,59.4,19
3,Luke Haggard,129442,G,TB,1,0,30,82.4,100.0,12,37.5,12,67.8,0,100.0,32,32,54.2,100.0,19,59.4,19
3,Tyler Biadasz,41178,C,WAS,1,0,32,74.4,100.0,20,62.5,20,74.7,0,100.0,32,32,61.0,100.0,10,31.3,10
3,Chris Paul,77579,G,WAS,1,0,32,78.9,100.0,20,62.5,20,82.7,0,100.0,32,32,77.0,100.0,10,31.3,10
3,Laremy Tunsil,10647,T,WAS,1,1,32,47.9,100.0,20,62.5,20,56.5,1,100.0,32,32,85.2,100.0,10,31.3,10
3,Andrew Wylie,12333,G,WAS,1,0,32,52.4,100.0,20,62.5,20,49.9,0,100.0,32,32,51.7,100.0,10,31.3,10
3,Baker Mayfield,46518,QB,TB,1,0,30,60.0,100.0,12,38.7,12,60.0,0,96.9,31,32,60.0,100.0,19,61.3,19
3,Justin Dedich,83018,G,LA,1,0,26,51.6,100.0,14,45.2,14,49.9,0,100.0,31,31,52.5,100.0,14,45.2,14
3,Jordan Morgan,98652,G,GB,1,0,12,56.4,100.0,9,29.0,9,61.3,0,100.0,31,31,47.6,100.0,17,54.8,17
3,Coleman Shelton,39316,C,LA,1,0,26,52.4,100.0,14,45.2,14,57.6,1,100.0,31,31,63.0,100.0,14,45.2,14
3,Alaric Jackson,40972,T,LA,1,0,26,52.4,100.0,14,45.2,14,58.6,0,100.0,31,31,65.7,100.0,14,45.2,14
3,Sean Rhyan,72009,C,GB,1,0,12,57.8,100.0,9,29.0,9,62.3,0,100.0,31,31,64.2,100.0,17,54.8,17
3,Elgton Jenkins,46298,C,GB,1,0,12,57.4,100.0,9,29.0,9,47.2,0,100.0,31,31,44.9,100.0,17,54.8,17
3,Rob Havenstein,9490,T,LA,1,0,26,64.4,100.0,14,45.2,14,54.1,0,100.0,31,31,47.4,100.0,14,45.2,14
3,Matthew Stafford,4924,QB,LA,1,0,26,60.0,100.0,14,45.2,14,60.0,0,100.0,31,31,60.0,100.0,14,45.2,14
3,Brock Wright,60994,TE,DET,1,0,11,61.8,100.0,14,45.2,14,62.9,0,100.0,31,31,63.0,100.0,14,45.2,14
3,Jordan Meredith,60235,C,LV,1,0,23,63.0,100.0,6,20.0,6,58.7,0,100.0,30,30,57.1,100.0,21,70.0,21
3,Alex Cappa,66578,C,LV,1,0,23,55.4,100.0,6,20.0,6,56.1,0,100.0,30,30,58.2,100.0,21,70.0,21
3,Kolton Miller,47013,T,LV,1,0,23,49.1,100.0,6,20.0,6,68.1,0,100.0,30,30,75.7,100.0,21,70.0,21
3,Dylan Parham,60953,G,LV,1,0,23,44.4,100.0,6,20.0,6,51.5,0,100.0,30,30,58.3,100.0,21,70.0,21
3,DJ Glaze,129511,T,LV,1,0,23,49.9,100.0,6,20.0,6,55.6,0,100.0,30,30,60.7,100.0,21,70.0,21
3,Cade Mays,81995,C,CAR,1,0,5,50.3,100.0,11,37.9,11,58.0,1,100.0,29,29,64.5,100.0,16,55.2,16
3,Ikem Ekwonu,98286,T,CAR,1,0,5,65.3,100.0,11,37.9,11,80.8,0,100.0,29,29,83.8,100.0,16,55.2,16
3,Chandler Zavala,144009,G,CAR,1,0,5,56.6,100.0,11,37.9,11,54.6,0,100.0,29,29,54.7,100.0,16,55.2,16
3,Sam LaPorta,101690,TE,DET,1,0,11,68.0,100.0,13,44.8,13,76.6,0,100.0,29,29,69.7,100.0,13,44.8,13
3,Taylor Moton,11819,T,CAR,1,0,5,43.3,100.0,11,37.9,11,67.3,0,100.0,29,29,82.7,100.0,16,55.2,16
3,Damien Lewis,81532,G,CAR,1,0,5,68.8,100.0,11,37.9,11,63.8,1,100.0,29,29,58.8,100.0,16,55.2,16
3,Michael Jurgens,77345,C,MIN,1,0,18,65.6,100.0,9,31.0,9,63.0,1,100.0,29,29,67.6,100.0,20,69.0,20
3,Joe Alt,147481,T,LAC,1,0,27,75.7,100.0,16,57.1,16,79.0,0,100.0,28,28,66.4,100.0,7,25.0,7
3,Bradley Bozeman,27934,C,LAC,1,0,27,48.3,100.0,16,57.1,16,46.4,0,100.0,28,28,52.5,100.0,7,25.0,7
3,Rasheed Walker,81798,T,GB,1,0,12,65.6,100.0,9,32.1,9,56.1,1,100.0,28,28,51.1,100.0,14,50.0,14
3,Bernhard Raimann,77948,T,IND,1,0,14,59.7,100.0,17,60.7,17,64.2,0,100.0,28,28,68.4,100.0,6,21.4,6
3,Bryce Young,123943,QB,CAR,1,0,5,60.0,100.0,11,39.3,11,60.0,0,100.0,28,28,60.0,100.0,16,57.1,16
3,Geno Smith,7820,QB,LV,1,0,23,60.0,100.0,6,21.4,6,60.0,0,93.3,28,30,60.0,100.0,21,75.0,21
3,Matt Goncalves,99680,G,IND,1,0,14,53.0,100.0,17,60.7,17,58.5,0,100.0,28,28,68.1,100.0,6,21.4,6
3,Zion Johnson,99681,G,LAC,1,0,27,61.4,100.0,16,57.1,16,63.0,0,100.0,28,28,65.1,100.0,7,25.0,7
3,Joe Thuney,10712,G,CHI,1,0,6,64.3,100.0,11,39.3,11,51.0,0,100.0,28,28,52.9,100.0,13,46.4,13
3,Braxton Jones,60092,T,CHI,1,0,6,54.6,100.0,11,39.3,11,65.6,0,100.0,28,28,71.2,100.0,13,46.4,13
3,Drew Dalman,52270,C,CHI,1,0,6,65.5,100.0,11,39.3,11,79.8,0,100.0,28,28,75.9,100.0,13,46.4,13
3,Kevin Dotson,46735,G,LA,1,0,26,69.6,100.0,13,46.4,13,76.9,0,100.0,28,28,75.9,100.0,13,46.4,13
3,Jordan Love,40306,QB,GB,1,0,12,60.0,100.0,9,32.1,9,60.5,0,90.3,28,31,60.0,88.2,15,53.6,17
3,Jonah Jackson,37070,G,CHI,1,0,6,50.7,100.0,11,39.3,11,65.1,0,100.0,28,28,75.6,100.0,13,46.4,13
3,Cam Jurgens,84014,C,PHI,1,1,24,42.3,100.0,5,18.5,5,54.0,1,100.0,27,27,56.9,100.0,17,63.0,17
3,Cade Otton,61071,TE,TB,1,0,30,58.6,100.0,10,37.0,10,55.3,0,100.0,27,27,67.4,100.0,16,59.3,16
3,Marcus Mariota,9435,QB,WAS,1,0,32,60.0,85.0,17,63.0,20,60.3,0,84.4,27,32,60.1,90.0,9,33.3,10
3,Donovan Jackson,145064,G,MIN,1,0,18,47.6,100.0,8,29.6,8,58.9,0,100.0,27,27,66.3,100.0,19,70.4,19
3,David Moore,11981,WR,CAR,1,0,5,54.4,100.0,10,37.0,10,54.2,0,100.0,27,27,58.9,100.0,15,55.6,15
3,Landon Dickerson,41712,G,PHI,1,0,24,45.1,100.0,5,18.5,5,48.0,1,100.0,27,27,54.4,100.0,17,63.0,17
3,Amon-Ra St. Brown,84470,WR,DET,1,0,11,79.4,100.0,8,29.6,8,70.6,0,100.0,27,27,59.2,100.0,17,63.0,17
3,Jordan Mailata,66916,T,PHI,1,0,24,54.7,100.0,5,18.5,5,43.9,0,100.0,27,27,43.2,100.0,17,63.0,17
3,Justin Herbert,28237,QB,LAC,1,0,27,60.0,100.0,16,59.3,16,60.0,0,96.4,27,28,60.0,100.0,7,25.9,7
3,Tyler Steen,81921,G,PHI,1,0,24,57.0,100.0,5,18.5,5,56.0,0,100.0,27,27,57.7,100.0,17,63.0,17
3,Connor McGovern,41714,C,BUF,1,0,4,58.5,100.0,6,23.1,6,58.7,0,100.0,26,26,59.2,100.0,17,65.4,17
3,Troy Fautanu,100521,T,PIT,1,0,25,70.2,100.0,2,7.7,2,75.3,0,100.0,26,26,70.7,100.0,20,76.9,20
3,Broderick Jones,124025,T,PIT,1,0,25,59.8,100.0,2,7.7,2,64.3,0,100.0,26,26,64.5,100.0,20,76.9,20
3,Jakobi Meyers,47468,WR,LV,1,0,23,48.1,100.0,6,23.1,6,50.8,0,100.0,26,26,58.7,100.0,17,65.4,17
3,David Edwards,35941,G,BUF,1,0,4,77.8,100.0,6,23.1,6,93.8,0,100.0,26,26,92.4,100.0,17,65.4,17
3,O'Cyrus Torrence,102821,G,BUF,1,0,4,59.0,100.0,6,23.1,6,91.4,0,100.0,26,26,93.4,100.0,17,65.4,17
3,Dion Dawkins,11818,T,BUF,1,0,4,57.4,100.0,6,23.1,6,70.7,0,100.0,26,26,66.8,100.0,17,65.4,17
3,Cole Kmet,60995,TE,CHI,1,0,6,64.1,100.0,10,38.5,10,66.0,0,100.0,26,26,67.0,100.0,12,46.2,12
3,Mason McCormick,78326,G,PIT,1,0,25,70.6,100.0,2,7.7,2,74.4,0,100.0,26,26,58.8,100.0,20,76.9,20
3,Tucker Kraft,104034,TE,GB,1,0,12,56.8,100.0,8,30.8,8,49.1,0,100.0,26,26,58.4,100.0,14,53.8,14
3,Zach Frazier,123419,C,PIT,1,0,25,59.7,100.0,2,7.7,2,67.7,1,100.0,26,26,62.6,100.0,20,76.9,20
3,Trey Pipkins III,91462,T,LAC,1,0,27,43.0,100.0,15,57.7,15,40.7,0,100.0,26,26,48.6,100.0,7,26.9,7
3,Romeo Doubs,84329,WR,GB,1,0,12,60.4,100.0,6,23.1,6,28.8,0,100.0,26,26,51.4,100.0,16,61.5,16
3,Tre Tucker,101106,WR,LV,1,0,23,59.6,100.0,5,19.2,5,54.9,1,96.3,26,27,55.0,100.0,19,73.1,19
3,Spencer Brown,42296,T,BUF,1,0,4,70.2,100.0,6,23.1,6,75.7,0,100.0,26,26,74.0,100.0,17,65.4,17
3,Puka Nacua,100632,WR,LA,1,0,26,55.3,100.0,12,48.0,12,52.9,0,96.2,25,26,54.2,100.0,13,52.0,13
3,Ben Sinnott,122616,TE,WAS,1,0,32,69.5,100.0,20,80.0,20,72.7,0,100.0,25,25,71.4,100.0,5,20.0,5
3,Asim Richards,99674,T,NO,1,0,20,44.6,100.0,10,40.0,10,47.2,0,100.0,25,25,54.7,100.0,13,52.0,13
3,Tetairoa McMillan,158735,WR,CAR,1,0,5,54.6,100.0,10,40.0,10,55.6,0,100.0,25,25,58.2,100.0,14,56.0,14
3,Isaiah Adams,158192,G,ARZ,1,0,1,35.2,100.0,17,68.0,17,43.3,0,100.0,25,25,65.9,100.0,7,28.0,7
3,Torricelli Simpkins III,150473,G,NO,1,0,20,60.0,100.0,10,40.0,10,49.4,0,100.0,25,25,55.2,100.0,13,52.0,13
3,Evan Brown,38709,G,ARZ,1,0,1,66.5,100.0,17,68.0,17,58.2,0,100.0,25,25,47.8,100.0,7,28.0,7
3,Jonah Williams,41651,T,ARZ,1,0,1,56.5,100.0,17,68.0,17,67.2,0,100.0,25,25,70.1,100.0,7,28.0,7
3,Jawaan Taylor,41665,T,KC,1,0,16,67.8,100.0,6,24.0,6,53.5,0,100.0,25,25,47.2,100.0,14,56.0,14
3,Hjalte Froholdt,44959,C,ARZ,1,0,1,74.3,100.0,17,68.0,17,78.0,0,100.0,25,25,72.1,100.0,7,28.0,7
3,Kelvin Beachum,7229,T,ARZ,1,0,1,64.3,100.0,17,68.0,17,57.8,0,100.0,25,25,50.9,100.0,7,28.0,7
3,Cesar Ruiz,59857,G,NO,1,0,20,53.8,100.0,10,40.0,10,55.1,0,100.0,25,25,74.8,100.0,13,52.0,13
3,Creed Humphrey,59996,C,KC,1,0,16,69.8,100.0,6,24.0,6,56.7,0,100.0,25,25,57.6,100.0,14,56.0,14
3,Kelvin Banks Jr.,163839,T,NO,1,0,20,56.5,100.0,10,40.0,10,58.5,0,100.0,25,25,59.9,100.0,13,52.0,13
3,DeVonta Smith,61100,WR,PHI,1,0,24,59.3,100.0,5,20.0,5,52.2,0,100.0,25,25,55.5,100.0,16,64.0,16
3,Trey Smith,62960,G,KC,1,0,16,62.1,100.0,6,24.0,6,78.5,0,100.0,25,25,81.1,100.0,14,56.0,14
3,Rome Odunze,73774,WR,CHI,1,0,6,77.0,100.0,10,40.0,10,84.5,0,100.0,25,25,59.8,100.0,11,44.0,11
3,Anton Harrison,122929,T,JAX,1,0,15,38.8,100.0,9,37.5,9,46.3,0,100.0,24,24,58.3,100.0,14,58.3,14
3,Greg Van Roten,7746,G,NYG,1,0,21,60.0,100.0,1,4.2,1,46.9,0,100.0,24,24,41.3,100.0,22,91.7,22
3,Mike Onwenu,27357,G,NE,1,0,19,55.5,100.0,13,54.2,13,62.6,0,100.0,24,24,62.8,100.0,8,33.3,8
3,Garrett Bradbury,46013,C,NE,1,0,19,51.6,100.0,13,54.2,13,54.4,0,100.0,24,24,61.9,100.0,8,33.3,8
3,Erik McCoy,37347,C,NO,1,0,20,65.1,100.0,10,41.7,10,60.3,0,100.0,24,24,59.1,100.0,12,50.0,12
3,Jon Runyan,36661,G,NYG,1,0,21,60.0,100.0,1,4.2,1,73.9,0,100.0,24,24,70.7,100.0,22,91.7,22
3,Walker Little,52287,T,JAX,1,0,15,55.6,100.0,9,37.5,9,34.2,1,100.0,24,24,38.7,100.0,14,58.3,14
3,Will Campbell,157106,T,NE,1,0,19,47.0,100.0,13,54.2,13,54.5,0,100.0,24,24,66.4,100.0,8,33.3,8
3,Jared Wilson,146717,G,NE,1,0,19,65.9,100.0,13,54.2,13,58.1,0,100.0,24,24,50.6,100.0,8,33.3,8
3,Morgan Moses,8701,T,NE,1,0,19,68.4,100.0,13,54.2,13,75.9,0,100.0,24,24,79.4,100.0,8,33.3,8
3,John Michael Schmitz Jr.,55238,C,NYG,1,0,21,60.0,100.0,1,4.2,1,67.7,0,100.0,24,24,68.2,100.0,22,91.7,22
3,Jermaine Eluemunor,11914,T,NYG,1,0,21,60.0,100.0,1,4.2,1,59.8,0,100.0,24,24,53.6,100.0,22,91.7,22
3,Robert Hainsey,59980,C,JAX,1,0,15,56.4,100.0,9,37.5,9,68.3,0,100.0,24,24,72.9,100.0,14,58.3,14
3,Kingsley Suamataia,146558,G,KC,1,0,16,52.7,100.0,6,25.0,6,49.2,0,100.0,24,24,60.1,100.0,14,58.3,14
3,Isaac Seumalo,10713,G,PIT,1,0,25,59.5,100.0,2,8.3,2,88.9,0,100.0,24,24,86.8,100.0,20,83.3,20
3,Ezra Cleveland,41973,G,JAX,1,0,15,30.0,100.0,9,37.5,9,39.6,0,100.0,24,24,56.3,100.0,14,58.3,14
3,Caleb Williams,144622,QB,CHI,1,0,6,60.0,100.0,11,45.8,11,60.0,0,85.7,24,28,60.0,84.6,11,45.8,13
3,Spencer Rattler,97408,QB,NO,1,0,20,60.0,100.0,10,41.7,10,60.0,0,100.0,24,24,60.0,100.0,12,50.0,12
3,Josh Allen,46601,QB,BUF,1,0,4,60.0,83.3,5,20.8,6,60.0,0,92.3,24,26,60.0,100.0,17,70.8,17
3,Patrick Mekari,46219,G,JAX,1,0,15,59.8,100.0,9,37.5,9,51.2,1,100.0,24,24,48.3,100.0,14,58.3,14
3,Tyler Guyton,123076,T,DAL,1,0,9,85.2,100.0,9,39.1,9,77.5,0,100.0,23,23,55.0,100.0,12,52.2,12
3,Aaron Rodgers,2241,QB,PIT,1,0,25,60.0,100.0,2,8.7,2,60.3,0,88.5,23,26,60.3,100.0,20,87.0,20
3,Tyler Smith,98385,G,DAL,1,0,9,62.1,100.0,9,39.1,9,64.6,0,100.0,23,23,72.1,100.0,12,52.2,12
3,Juwan Johnson,28305,TE,NO,1,0,20,62.2,100.0,10,43.5,10,79.0,0,100.0,23,23,70.9,100.0,11,47.8,11
3,Tyler Booker,157001,G,DAL,1,0,9,76.1,100.0,9,39.1,9,93.1,0,100.0,23,23,94.0,100.0,12,52.2,12
3,Kyler Murray,38334,QB,ARZ,1,0,1,60.0,94.1,16,69.6,17,60.0,0,92.0,23,25,60.0,85.7,6,26.1,7
3,A.J. Brown,48327,WR,PHI,1,0,24,58.6,100.0,5,21.7,5,58.6,0,100.0,23,23,59.7,100.0,17,73.9,17
3,Brock Hoffman,54535,C,DAL,1,0,9,57.8,100.0,9,39.1,9,68.9,0,100.0,23,23,74.1,100.0,12,52.2,12
3,Dallas Goedert,47272,TE,PHI,1,0,24,60.6,100.0,5,21.7,5,51.7,0,100.0,23,23,52.4,100.0,13,56.5,13
3,Trevor Lawrence,77632,QB,JAX,1,0,15,60.0,100.0,9,39.1,9,60.0,0,95.8,23,24,60.0,100.0,14,60.9,14
3,Terence Steele,39461,T,DAL,1,1,9,91.0,100.0,9,39.1,9,89.3,2,100.0,23,23,73.7,100.0,12,52.2,12
3,Drake Maye,143969,QB,NE,1,0,19,60.0,100.0,13,59.1,13,60.0,0,91.7,22,24,60.0,100.0,8,36.4,8
3,Patrick Mahomes,11765,QB,KC,1,0,16,60.0,100.0,6,27.3,6,60.0,0,88.0,22,25,60.0,100.0,14,63.6,14
3,Ladd McConkey,124030,WR,LAC,1,0,27,55.4,100.0,12,54.5,12,55.5,0,100.0,22,22,59.6,100.0,6,27.3,6
3,Malik Nabers,146759,WR,NYG,1,0,21,,,0,0.0,0,60.1,0,100.0,22,22,60.0,100.0,21,95.5,21
3,Amarius Mims,146719,T,CIN,1,0,7,60.1,100.0,6,27.3,6,65.0,0,100.0,22,22,66.7,100.0,13,59.1,13
3,Davante Adams,8688,WR,LA,1,0,26,62.3,100.0,11,50.0,11,61.0,0,100.0,22,22,59.4,100.0,10,45.5,10
3,Dylan Fairchild,146716,G,CIN,1,0,7,38.1,100.0,6,27.3,6,41.6,0,100.0,22,22,51.7,100.0,13,59.1,13
3,Austin Hooper,10715,TE,NE,1,0,19,68.5,100.0,12,54.5,12,71.8,0,100.0,22,22,61.3,100.0,7,31.8,7
3,Ted Karras,10855,C,CIN,1,0,7,58.5,100.0,6,27.3,6,45.8,0,100.0,22,22,43.5,100.0,13,59.1,13
3,Orlando Brown Jr.,46227,T,CIN,1,0,7,61.4,100.0,6,27.3,6,61.6,0,100.0,22,22,53.8,100.0,13,59.1,13
3,DJ Moore,48267,WR,CHI,1,0,6,54.2,90.0,9,40.9,10,47.4,0,88.0,22,25,48.7,81.8,9,40.9,11
3,Carson Wentz,10636,QB,MIN,1,0,18,60.0,100.0,5,23.8,5,60.0,0,100.0,21,21,60.0,100.0,16,76.2,16
3,Justin Jefferson,61398,WR,MIN,1,0,18,60.6,100.0,5,23.8,5,62.0,0,100.0,21,21,61.2,100.0,16,76.2,16
3,Larry Borom,59879,T,MIA,1,0,17,65.5,100.0,7,33.3,7,55.3,0,100.0,21,21,49.8,100.0,13,61.9,13
3,Darnell Wright,98480,T,CHI,1,0,6,65.9,100.0,6,28.6,6,52.3,0,100.0,21,21,37.7,100.0,13,61.9,13
3,Brock Bowers,146715,TE,LV,1,0,23,67.3,100.0,3,14.3,3,72.1,0,100.0,21,21,69.8,100.0,16,76.2,16
3,Will Fries,41530,G,MIN,1,0,18,64.8,100.0,5,23.8,5,73.2,0,100.0,21,21,72.5,100.0,16,76.2,16
3,Jalen Sundell,91396,C,SEA,1,0,29,60.8,100.0,8,38.1,8,51.0,1,100.0,21,21,48.6,100.0,12,57.1,12
3,Sam Darnold,29048,QB,SEA,1,0,29,60.0,100.0,8,38.1,8,60.2,0,100.0,21,21,60.0,100.0,12,57.1,12
3,Charles Cross,98401,T,SEA,1,0,29,82.1,100.0,8,38.1,8,69.3,0,100.0,21,21,56.7,100.0,12,57.1,12
3,Ryan Neuzil,41123,C,ATL,1,0,2,58.5,100.0,5,23.8,5,57.1,0,100.0,21,21,57.6,100.0,16,76.2,16
3,Quenton Nelson,12954,G,IND,1,0,14,72.0,100.0,14,66.7,14,68.8,0,100.0,21,21,48.3,100.0,6,28.6,6
3,Jonah Savaiinaea,158742,G,MIA,1,0,17,61.9,100.0,7,33.3,7,58.5,0,100.0,21,21,47.9,100.0,13,61.9,13
3,Matthew Bergeron,99658,G,ATL,1,0,2,57.7,100.0,5,23.8,5,85.5,0,100.0,21,21,90.0,100.0,16,76.2,16
3,Trey McBride,75916,TE,ARZ,1,0,1,67.8,100.0,13,61.9,13,74.5,0,100.0,21,21,62.8,100.0,7,33.3,7
3,Aaron Brewer,46014,C,MIA,1,0,17,93.3,100.0,7,33.3,7,92.7,0,100.0,21,21,69.9,100.0,13,61.9,13
3,Mike Evans,8642,WR,TB,1,0,30,56.3,100.0,8,38.1,8,28.8,0,100.0,21,21,58.4,100.0,13,61.9,13
3,Jake Matthews,8641,T,ATL,1,0,2,58.9,100.0,5,23.8,5,70.1,0,100.0,21,21,71.8,100.0,16,76.2,16
3,D.K. Metcalf,47864,WR,PIT,1,0,25,60.0,100.0,2,9.5,2,40.4,0,100.0,21,21,61.9,100.0,18,85.7,18
3,Elijah Wilkinson,46238,T,ATL,1,0,2,56.6,100.0,5,23.8,5,50.3,0,100.0,21,21,50.5,100.0,16,76.2,16
3,Jalen Nailor,84292,WR,MIN,1,0,18,52.4,100.0,5,23.8,5,65.8,0,100.0,21,21,72.8,100.0,16,76.2,16
3,Brian O'Neill,46854,T,MIN,1,0,18,56.3,100.0,5,23.8,5,60.5,0,100.0,21,21,62.6,100.0,16,76.2,16
3,Chris Lindstrom,46692,G,ATL,1,0,2,45.3,100.0,5,23.8,5,52.4,0,100.0,21,21,60.0,100.0,16,76.2,16
3,Jonnu Smith,11855,TE,PIT,1,0,25,41.6,100.0,2,9.5,2,48.3,0,100.0,21,21,55.4,100.0,15,71.4,15
3,Braden Smith,46794,T,IND,1,0,14,60.8,100.0,14,66.7,14,60.4,1,100.0,21,21,59.8,100.0,6,28.6,6
3,Tanor Bortolini,129915,C,IND,1,0,14,73.2,100.0,14,66.7,14,74.1,0,100.0,21,21,58.0,100.0,6,28.6,6
3,Patrick Paul,101019,T,MIA,1,0,17,43.8,100.0,7,33.3,7,45.5,0,100.0,21,21,52.4,100.0,13,61.9,13
3,Tua Tagovailoa,60326,QB,MIA,1,0,17,60.0,100.0,7,33.3,7,60.0,0,100.0,21,21,60.0,100.0,13,61.9,13
3,Brenton Strange,101694,TE,JAX,1,0,15,46.5,100.0,7,33.3,7,94.4,0,100.0,21,21,99.9,100.0,13,61.9,13
3,Noah Gray,60878,TE,KC,1,0,16,44.3,100.0,6,28.6,6,59.7,0,100.0,21,21,75.7,100.0,10,47.6,10
3,Quentin Johnston,123085,WR,LAC,1,0,27,60.5,100.0,12,60.0,12,60.4,0,100.0,20,20,60.3,100.0,5,25.0,5
3,Trent Williams,5529,T,SF,1,0,28,58.5,100.0,4,20.0,4,83.0,0,100.0,20,20,86.4,100.0,15,75.0,15
3,Lloyd Cushenberry III,41924,C,TEN,1,0,31,57.2,100.0,8,40.0,8,49.3,0,100.0,20,20,48.8,100.0,11,55.0,11
3,Mack Hollins,11873,WR,NE,1,0,19,65.2,100.0,10,50.0,10,60.2,0,100.0,20,20,53.8,100.0,7,35.0,7
3,Russell Wilson,7077,QB,NYG,1,0,21,,,0,0.0,0,60.0,0,90.9,20,22,60.0,95.2,20,100.0,21
3,Connor Colby,144862,G,SF,1,0,28,59.4,100.0,4,20.0,4,64.3,1,100.0,20,20,65.1,100.0,15,75.0,15
3,Wyatt Teller,46131,G,CLV,1,0,8,62.0,100.0,12,60.0,12,54.4,1,100.0,20,20,48.5,100.0,5,25.0,5
3,Blake Hance,46301,G,TEN,1,0,31,54.0,100.0,8,40.0,8,51.2,0,100.0,20,20,53.2,100.0,11,55.0,11
3,Ethan Pocic,11813,C,CLV,1,0,8,69.5,100.0,12,60.0,12,70.4,0,100.0,20,20,57.3,100.0,5,25.0,5
3,Joe Flacco,4332,QB,CLV,1,0,8,60.0,100.0,12,60.0,12,60.0,0,100.0,20,20,60.0,100.0,5,25.0,5
3,Cam Ward,133244,QB,TEN,1,0,31,60.0,100.0,8,40.0,8,60.0,0,100.0,20,20,60.0,100.0,11,55.0,11
3,Darnell Mooney,48236,WR,ATL,1,0,2,60.5,100.0,5,25.0,5,60.4,0,100.0,20,20,59.5,100.0,15,75.0,15
3,Jake Brendel,11117,C,SF,1,0,28,67.6,100.0,4,20.0,4,67.3,0,100.0,20,20,62.9,100.0,15,75.0,15
3,Peter Skoronski,129737,G,TEN,1,0,31,80.6,100.0,8,40.0,8,63.3,0,100.0,20,20,58.9,100.0,11,55.0,11
3,Tommy Tremble,84025,TE,CAR,1,0,5,48.7,100.0,8,40.0,8,52.2,0,100.0,20,20,60.2,100.0,11,55.0,11
3,Dan Moore Jr.,60120,T,TEN,1,0,31,61.4,100.0,8,40.0,8,57.1,0,100.0,20,20,42.3,100.0,11,55.0,11
3,Cornelius Lucas,9025,T,CLV,1,0,8,54.0,100.0,12,60.0,12,44.1,0,100.0,20,20,53.2,100.0,5,25.0,5
3,Dominick Puni,163815,G,SF,1,0,28,49.9,100.0,4,20.0,4,52.4,0,100.0,20,20,57.4,100.0,15,75.0,15
3,Joel Bitonio,8670,G,CLV,1,0,8,47.1,100.0,12,60.0,12,52.0,0,100.0,20,20,54.1,100.0,5,25.0,5
3,Josh Simmons,88924,T,KC,1,0,16,52.3,100.0,6,30.0,6,41.6,0,100.0,20,20,41.6,100.0,12,60.0,12
3,Colton McKivitz,29314,T,SF,1,0,28,70.5,100.0,4,20.0,4,68.7,0,100.0,20,20,63.7,100.0,15,75.0,15
3,Wan'Dale Robinson,101735,WR,NYG,1,0,21,60.0,100.0,1,5.3,1,60.9,0,100.0,19,19,61.5,100.0,17,89.5,17
3,Dak Prescott,10769,QB,DAL,1,0,9,60.0,100.0,7,36.8,7,60.0,0,100.0,19,19,60.0,100.0,11,57.9,11
3,Julian Hill,88685,TE,MIA,1,0,17,64.8,100.0,7,36.8,7,75.4,0,100.0,19,19,73.6,100.0,11,57.9,11
3,Dontayvion Wicks,99711,WR,GB,1,0,12,59.9,100.0,5,26.3,5,50.9,0,100.0,19,19,53.9,100.0,12,63.2,12
3,Anthony Belton,143985,G,GB,1,0,12,54.6,100.0,4,21.1,4,40.7,0,100.0,19,19,51.2,100.0,11,57.9,11
3,Tucker Fisk,52286,TE,LAC,1,0,27,57.7,100.0,12,63.2,12,56.6,0,100.0,19,19,57.8,100.0,5,26.3,5
3,Eric Saubert,11929,TE,SEA,1,0,29,60.9,100.0,7,36.8,7,64.7,1,100.0,19,19,66.1,100.0,10,52.6,10
3,Mac Jones,60323,QB,SF,1,0,28,60.0,100.0,4,21.1,4,60.0,0,95.0,19,20,60.0,100.0,15,78.9,15
3,Pat Freiermuth,84085,TE,PIT,1,0,25,59.7,100.0,1,5.3,1,78.9,0,100.0,19,19,79.1,100.0,15,78.9,15
3,Brian Thomas Jr.,146760,WR,JAX,1,0,15,56.2,100.0,7,36.8,7,56.5,0,100.0,19,19,59.9,100.0,12,63.2,12
3,Mo Alie-Cox,12078,TE,IND,1,0,14,58.6,100.0,15,78.9,15,58.7,0,100.0,19,19,,,0,0.0,0
3,Daniel Jones,39395,QB,IND,1,0,14,60.0,100.0,14,73.7,14,60.0,0,90.5,19,21,60.0,83.3,5,26.3,6
3,Michael Pittman Jr.,29049,WR,IND,1,0,14,58.3,100.0,13,68.4,13,58.3,0,100.0,19,19,60.3,100.0,5,26.3,5
3,Kayshon Boutte,124087,WR,NE,1,0,19,61.6,100.0,11,57.9,11,60.6,0,100.0,19,19,59.7,100.0,7,36.8,7
3,Jalen Tolbert,61637,WR,DAL,1,0,9,59.3,100.0,8,42.1,8,60.3,0,100.0,19,19,61.7,100.0,10,52.6,10
3,Elijah Arroyo,143933,TE,SEA,1,0,29,64.2,100.0,9,47.4,9,49.7,0,100.0,19,19,49.8,100.0,9,47.4,9
3,Jackson Hawes,109374,TE,BUF,1,0,4,62.7,100.0,4,21.1,4,62.0,0,100.0,19,19,61.7,100.0,12,63.2,12
3,Garrett Wilson,97405,WR,NYJ,1,0,22,60.0,100.0,1,5.6,1,55.8,0,100.0,18,18,55.8,100.0,16,88.9,16
3,Jalen Hurts,40291,QB,PHI,1,0,24,60.0,40.0,2,11.1,5,60.0,0,66.7,18,27,60.0,88.2,15,83.3,17
3,Joe Tippmann,101568,G,NYJ,1,0,22,60.0,100.0,1,5.6,1,71.6,0,100.0,18,18,72.4,100.0,16,88.9,16
3,Jahan Dotson,84375,WR,PHI,1,0,24,60.3,100.0,5,27.8,5,60.8,0,100.0,18,18,60.9,100.0,11,61.1,11
3,Jamaree Salyer,81656,T,LAC,1,0,27,61.0,100.0,11,61.1,11,58.0,0,100.0,18,18,58.1,100.0,3,16.7,3
3,Armand Membou,125008,T,NYJ,1,0,22,60.0,100.0,1,5.6,1,39.6,0,100.0,18,18,39.1,100.0,16,88.9,16
3,Ricky Pearsall,100660,WR,SF,1,0,28,60.6,100.0,4,22.2,4,61.0,0,100.0,18,18,61.0,100.0,13,72.2,13
3,Emeka Egbuka,145055,WR,TB,1,0,30,59.2,100.0,6,33.3,6,73.8,0,100.0,18,18,59.6,100.0,11,61.1,11
3,Davis Allen,99697,TE,LA,1,0,26,41.4,100.0,8,44.4,8,52.3,0,100.0,18,18,58.6,100.0,7,38.9,7
3,Olumuyiwa Fashanu,129777,T,NYJ,1,0,22,60.0,100.0,1,5.6,1,57.2,0,100.0,18,18,57.3,100.0,16,88.9,16
3,Jaylen Waddle,84088,WR,MIA,1,0,17,61.2,100.0,7,38.9,7,39.1,0,100.0,18,18,60.7,100.0,11,61.1,11
3,Kalif Raymond,11028,WR,DET,1,0,11,71.9,100.0,11,61.1,11,69.5,0,100.0,18,18,59.4,100.0,7,38.9,7
3,Jake Browning,46401,QB,CIN,1,0,7,60.0,100.0,5,27.8,5,60.0,0,90.0,18,20,60.0,100.0,12,66.7,12
3,Terry McLaurin,48229,WR,WAS,1,0,32,62.6,100.0,12,66.7,12,61.2,0,100.0,18,18,59.5,100.0,5,27.8,5
3,Josh Myers,59992,C,NYJ,1,0,22,60.0,100.0,1,5.6,1,65.7,0,100.0,18,18,66.1,100.0,16,88.9,16
3,Adam Thielen,8288,WR,MIN,1,0,18,58.1,100.0,7,38.9,7,30.1,0,100.0,18,18,55.2,100.0,11,61.1,11
3,John Simpson,41715,G,NYJ,1,0,22,60.0,100.0,1,5.6,1,76.9,0,100.0,18,18,78.1,100.0,16,88.9,16
3,KT Leveston,77487,T,CLV,1,0,8,73.6,100.0,10,55.6,10,79.3,0,100.0,18,18,83.1,100.0,5,27.8,5
3,Tyreek Hill,10799,WR,MIA,1,0,17,58.3,100.0,5,29.4,5,59.6,0,100.0,17,17,61.9,100.0,11,64.7,11
3,Darius Slayton,25578,WR,NYG,1,0,21,,,0,0.0,0,38.9,0,100.0,17,17,61.1,100.0,16,94.1,16
3,Ed Ingram,59819,G,HST,1,0,13,63.3,100.0,9,52.9,9,64.7,0,100.0,17,17,62.7,100.0,6,35.3,6
3,Andrei Iosivas,109811,WR,CIN,1,0,7,60.8,100.0,4,23.5,4,38.2,0,100.0,17,17,60.5,100.0,12,70.6,12
3,JuJu Smith-Schuster,11817,WR,KC,1,0,16,74.5,100.0,6,35.3,6,49.7,0,100.0,17,17,59.5,100.0,9,52.9,9
3,Jake Andrews,81868,C,HST,1,0,13,48.7,100.0,9,52.9,9,41.4,0,100.0,17,17,55.7,100.0,6,35.3,6
3,T.J. Hockenson,40912,TE,MIN,1,0,18,73.4,100.0,3,17.6,3,70.4,0,100.0,17,17,57.3,100.0,14,82.4,14
3,Ja'Marr Chase,84270,WR,CIN,1,0,7,60.1,100.0,4,23.5,4,60.7,0,94.4,17,18,61.2,100.0,11,64.7,11
3,Christian Darrisaw,77373,T,MIN,1,0,18,54.8,100.0,5,29.4,5,60.8,0,100.0,17,17,64.4,100.0,12,70.6,12
3,Tyrod Taylor,6332,QB,NYJ,1,0,22,60.0,100.0,1,5.9,1,60.0,0,94.4,17,18,60.0,100.0,16,94.1,16
3,Jordan Whittington,97623,WR,LA,1,0,26,60.8,100.0,8,47.1,8,59.6,0,89.5,17,19,58.6,100.0,9,52.9,9
3,Colson Yankoff,83589,TE,WAS,1,0,32,54.8,100.0,15,88.2,15,56.0,0,100.0,17,17,61.4,100.0,2,11.8,2
3,Hunter Henry,10669,TE,NE,1,0,19,53.2,100.0,10,58.8,10,55.5,0,100.0,17,17,60.2,100.0,7,41.2,7
3,Michael Wilson,84423,WR,ARZ,1,0,1,49.9,100.0,11,64.7,11,51.8,0,100.0,17,17,60.5,100.0,6,35.3,6
3,Calvin Austin III,61418,WR,PIT,1,0,25,60.0,100.0,2,11.8,2,41.0,0,100.0,17,17,60.8,100.0,15,88.2,15
3,Calvin Ridley,48262,WR,TEN,1,0,31,55.2,100.0,7,41.2,7,72.2,0,100.0,17,17,80.4,100.0,9,52.9,9
3,Theo Johnson,129787,TE,NYG,1,0,21,60.0,100.0,1,5.9,1,61.6,0,100.0,17,17,62.3,100.0,15,88.2,15
3,Trent Scott,24481,T,WAS,1,0,32,58.4,100.0,13,76.5,13,56.3,0,100.0,17,17,55.2,100.0,4,23.5,4
3,Tip Reiman,129423,TE,ARZ,1,0,1,69.8,100.0,14,82.4,14,69.0,0,100.0,17,17,60.3,100.0,3,17.6,3
3,Payne Durham,84037,TE,TB,1,0,30,55.0,100.0,6,35.3,6,58.0,0,100.0,17,17,62.4,100.0,11,64.7,11
3,George Pickens,99229,WR,DAL,1,0,9,59.9,100.0,4,23.5,4,60.1,0,100.0,17,17,60.6,100.0,11,64.7,11
3,Aireontae Ersery,129649,T,HST,1,1,13,56.7,100.0,9,52.9,9,52.7,2,100.0,17,17,53.1,100.0,6,35.3,6
3,Tyquan Thornton,78092,WR,KC,1,0,16,60.0,100.0,5,29.4,5,77.6,0,100.0,17,17,61.3,100.0,11,64.7,11
3,Tytus Howard,25472,G,HST,1,1,13,55.7,100.0,9,52.9,9,55.9,1,100.0,17,17,58.2,100.0,6,35.3,6
3,Chris Olave,84355,WR,NO,1,0,20,60.7,100.0,5,29.4,5,60.5,0,100.0,17,17,60.5,100.0,10,58.8,10
3,Luke Wattenberg,41024,C,DEN,1,0,10,67.6,100.0,4,25.0,4,73.6,0,100.0,16,16,61.9,100.0,10,62.5,10
3,Jake Bobo,77997,WR,SEA,1,0,29,61.8,100.0,8,50.0,8,37.2,0,100.0,16,16,60.6,100.0,7,43.8,7
3,Roger Rosengarten,131912,T,BLT,1,0,3,29.8,100.0,6,37.5,6,44.0,0,100.0,16,16,65.3,100.0,8,50.0,8
3,Ray-Ray McCloud III,47895,WR,ATL,1,0,2,60.2,100.0,4,25.0,4,57.8,0,100.0,16,16,57.2,100.0,12,75.0,12
3,Parker Washington,129799,WR,JAX,1,0,15,58.6,100.0,6,37.5,6,30.7,0,100.0,16,16,61.3,100.0,10,62.5,10
3,Mike McGlinchey,46275,T,DEN,1,0,10,55.2,100.0,4,25.0,4,53.4,0,100.0,16,16,55.2,100.0,10,62.5,10
3,Keon Coleman,144949,WR,BUF,1,0,4,60.0,100.0,4,25.0,4,61.7,0,100.0,16,16,61.9,100.0,12,75.0,12
3,Josh Jones,26634,T,SEA,1,0,29,55.2,100.0,7,43.8,7,62.1,0,100.0,16,16,67.4,100.0,8,50.0,8
3,C.J. Stroud,129759,QB,HST,1,0,13,60.0,100.0,9,56.3,9,60.0,0,94.1,16,17,60.0,100.0,6,37.5,6
3,Dawson Knox,35883,TE,BUF,1,0,4,59.7,100.0,4,25.0,4,51.0,0,100.0,16,16,49.4,100.0,10,62.5,10
3,Andrew Thomas,59701,T,NYG,1,0,21,,,0,0.0,0,72.7,0,100.0,16,16,72.7,100.0,16,100.0,16
3,AJ Barner,129433,TE,SEA,1,0,29,69.1,100.0,8,50.0,8,66.7,0,94.1,16,17,60.0,100.0,8,50.0,8
3,Quinn Meinerz,112915,G,DEN,1,0,10,46.2,100.0,4,25.0,4,52.2,0,100.0,16,16,60.9,100.0,10,62.5,10
3,Luke Farrell,42353,TE,SF,1,0,28,71.5,100.0,4,25.0,4,58.5,0,100.0,16,16,52.5,100.0,12,75.0,12
3,Andrew Vorhees,60818,G,BLT,1,0,3,61.7,100.0,6,37.5,6,52.3,0,100.0,16,16,47.5,100.0,8,50.0,8
3,Ronnie Stanley,10640,T,BLT,1,0,3,73.4,100.0,6,37.5,6,65.0,0,100.0,16,16,56.2,100.0,8,50.0,8
3,Daniel Faalele,81734,G,BLT,1,0,3,75.1,100.0,6,37.5,6,72.3,0,100.0,16,16,56.0,100.0,8,50.0,8
3,Isaiah Bond,163586,WR,CLV,1,0,8,59.8,100.0,11,68.8,11,58.5,0,100.0,16,16,58.5,100.0,4,25.0,4
3,Tee Higgins,61211,WR,CIN,1,0,7,59.3,100.0,4,25.0,4,39.6,0,100.0,16,16,58.8,100.0,10,62.5,10
3,Ben Powers,41482,G,DEN,1,0,10,54.8,100.0,4,25.0,4,44.7,0,100.0,16,16,47.6,100.0,10,62.5,10
3,Tyler Linderbaum,82291,C,BLT,1,0,3,61.9,100.0,6,37.5,6,77.7,0,100.0,16,16,81.6,100.0,8,50.0,8
3,Garett Bolles,11775,T,DEN,1,0,10,61.0,100.0,4,25.0,4,87.1,0,100.0,16,16,89.1,100.0,10,62.5,10
3,Fred Johnson,46951,T,PHI,1,0,24,58.1,100.0,5,31.3,5,40.9,0,100.0,16,16,36.5,100.0,9,56.3,9
3,Durham Smythe,47257,TE,CHI,1,0,6,66.8,100.0,6,40.0,6,64.7,0,100.0,15,15,58.9,100.0,6,40.0,6
3,Drew Sample,47259,TE,CIN,1,0,7,48.4,100.0,6,40.0,6,43.1,0,100.0,15,15,47.3,100.0,6,40.0,6
3,Harold Fannin Jr.,163104,TE,CLV,1,0,8,44.1,100.0,8,53.3,8,45.8,0,100.0,15,15,59.1,100.0,4,26.7,4
3,Tyler Warren,129798,TE,IND,1,0,14,57.2,100.0,6,40.0,6,57.5,0,100.0,15,15,60.4,100.0,4,26.7,4
3,Chris Moore,10741,WR,WAS,1,0,32,61.1,100.0,7,46.7,7,61.9,0,100.0,15,15,60.7,100.0,7,46.7,7
3,Elic Ayomanor,157263,WR,TEN,1,0,31,53.8,100.0,5,33.3,5,55.1,0,100.0,15,15,60.4,100.0,9,60.0,9
3,Cooper Kupp,11824,WR,SEA,1,0,29,53.9,100.0,5,33.3,5,51.2,0,100.0,15,15,54.6,100.0,10,66.7,10
3,Ian Thomas,42130,TE,LV,1,0,23,59.4,100.0,2,13.3,2,48.1,0,100.0,15,15,47.0,100.0,10,66.7,10
3,Olusegun Oluwatimi,98581,C,SEA,1,0,29,62.2,100.0,6,40.0,6,56.1,0,100.0,15,15,53.2,100.0,8,53.3,8
3,Blake Brandel,46282,C,MIN,1,0,18,69.0,100.0,5,35.7,5,67.5,0,100.0,14,14,62.3,100.0,9,64.3,9
3,Khalil Shakir,84140,WR,BUF,1,0,4,60.0,100.0,2,14.3,2,37.7,0,100.0,14,14,61.3,100.0,12,85.7,12
3,Mitchell Evans,147486,TE,CAR,1,0,5,75.1,100.0,7,50.0,7,66.8,0,100.0,14,14,51.2,100.0,6,42.9,6
3,Nico Collins,61441,WR,HST,1,0,13,48.5,100.0,9,64.3,9,50.4,0,100.0,14,14,60.6,100.0,4,28.6,4
3,Drake London,86519,WR,ATL,1,0,2,91.1,100.0,4,28.6,4,89.7,0,100.0,14,14,55.2,100.0,10,71.4,10
3,Jerry Jeudy,61103,WR,CLV,1,0,8,61.2,100.0,9,64.3,9,61.4,0,100.0,14,14,60.1,100.0,5,35.7,5
3,Adonai Mitchell,146712,WR,IND,1,0,14,56.1,100.0,12,85.7,12,55.3,0,100.0,14,14,,,0,0.0,0
3,Drew Lock,39517,QB,SEA,1,0,29,60.0,100.0,6,42.9,6,60.0,0,93.3,14,15,60.0,100.0,8,57.1,8
3,Charlie Kolar,60917,TE,BLT,1,0,3,58.1,100.0,6,42.9,6,52.5,0,100.0,14,14,50.8,100.0,7,50.0,7
3,Luke Schoonmaker,84005,TE,DAL,1,0,9,55.3,100.0,6,42.9,6,55.3,0,100.0,14,14,58.4,100.0,7,50.0,7
3,Matthew Golden,156165,WR,GB,1,0,12,53.9,100.0,4,28.6,4,53.6,0,82.4,14,17,60.1,90.0,9,64.3,10
3,Dont'e Thornton Jr.,146547,WR,LV,1,0,23,60.0,100.0,4,28.6,4,34.8,0,100.0,14,14,59.5,100.0,9,64.3,9
3,Olamide Zaccheaus,44920,WR,CHI,1,0,6,60.0,100.0,7,50.0,7,60.6,0,93.3,14,15,60.7,100.0,7,50.0,7
3,Bo Nix,97790,QB,DEN,1,0,10,60.0,100.0,4,30.8,4,60.0,0,81.3,13,16,60.0,90.0,9,69.2,10
3,Travis Kelce,7844,TE,KC,1,0,16,60.0,100.0,1,7.7,1,52.9,0,100.0,13,13,56.8,100.0,11,84.6,11
3,Tyler Higbee,10744,TE,LA,1,0,26,70.4,100.0,6,46.2,6,67.3,0,100.0,13,13,60.4,100.0,7,53.8,7
3,Alec Ingold,34934,FB,MIA,1,0,17,46.1,100.0,5,38.5,5,29.8,0,100.0,13,13,69.3,100.0,8,61.5,8
3,Jack Stoll,42058,TE,NO,1,0,20,39.2,100.0,8,61.5,8,49.8,0,100.0,13,13,71.0,100.0,5,38.5,5
3,Marvin Harrison Jr.,145056,WR,ARZ,1,0,1,60.3,100.0,8,61.5,8,60.6,0,100.0,13,13,60.5,100.0,4,30.8,4
3,Ja'Tavion Sanders,144717,TE,CAR,1,0,5,59.1,100.0,4,30.8,4,59.1,0,100.0,13,13,59.8,100.0,8,61.5,8
3,Dalton Risner,47008,G,CIN,1,0,7,53.9,100.0,4,30.8,4,53.6,0,100.0,13,13,57.4,100.0,7,53.8,7
3,Josh Oliver,47083,TE,MIN,1,0,18,66.5,100.0,4,30.8,4,79.4,0,100.0,13,13,72.0,100.0,9,69.2,9
3,Colby Parkinson,52266,TE,LA,1,0,26,59.7,100.0,6,46.2,6,57.9,0,100.0,13,13,59.9,100.0,4,30.8,4
3,Rashid Shaheed,63707,WR,NO,1,0,20,60.0,100.0,1,7.7,1,29.8,0,100.0,13,13,59.7,100.0,11,84.6,11
3,Darnell Washington,124044,TE,PIT,1,0,25,60.0,100.0,1,7.7,1,60.1,0,100.0,13,13,60.2,100.0,8,61.5,8
3,Josh Downs,122832,WR,IND,1,0,14,60.9,100.0,6,46.2,6,61.1,0,100.0,13,13,60.2,100.0,6,46.2,6
3,Michael Penix Jr.,82134,QB,ATL,1,0,2,60.0,100.0,3,23.1,3,60.0,0,100.0,13,13,60.0,100.0,10,76.9,10
3,Scott Matlock,82482,FB,LAC,1,0,27,67.6,100.0,11,84.6,11,66.6,0,100.0,13,13,60.0,100.0,1,7.7,1
3,Dareke Young,111900,WR,SEA,1,0,29,59.7,100.0,4,30.8,4,60.2,0,100.0,13,13,60.2,100.0,8,61.5,8
3,Chigoziem Okonkwo,84000,TE,TEN,1,0,31,39.5,100.0,4,30.8,4,30.7,0,100.0,13,13,49.5,100.0,8,61.5,8
3,Kevin Austin Jr.,84345,WR,NO,1,0,20,59.0,100.0,9,69.2,9,39.0,0,100.0,13,13,60.2,100.0,3,23.1,3
3,Cedric Tillman,84434,WR,CLV,1,0,8,49.2,100.0,10,76.9,10,32.4,0,100.0,13,13,60.2,100.0,3,23.1,3
3,Jaxon Smith-Njigba,129758,WR,SEA,1,0,29,60.3,100.0,3,25.0,3,60.2,0,100.0,12,12,59.8,100.0,9,75.0,9
3,Kion Smith,136103,G,MIA,1,0,17,35.2,100.0,5,41.7,5,26.7,0,100.0,12,12,30.2,100.0,7,58.3,7
3,Trent Sherfield,48021,WR,DEN,1,0,10,59.7,100.0,2,16.7,2,60.7,0,100.0,12,12,61.4,100.0,8,66.7,8
3,Ryan Miller,78734,WR,TB,1,0,30,40.7,100.0,7,58.3,7,43.8,1,100.0,12,12,60.5,100.0,5,41.7,5
3,David Njoku,11784,TE,CLV,1,0,8,52.0,100.0,6,50.0,6,49.6,0,100.0,12,12,61.9,100.0,4,33.3,4
3,Malik Heath,124173,WR,GB,1,0,12,60.1,100.0,6,50.0,6,59.1,0,100.0,12,12,60.1,100.0,4,33.3,4
3,Marquise Brown,61568,WR,KC,1,0,16,60.0,100.0,4,33.3,4,62.1,0,100.0,12,12,61.8,100.0,8,66.7,8
3,Mason Taylor,157122,TE,NYJ,1,0,22,57.6,100.0,1,8.3,1,54.3,0,100.0,12,12,57.0,100.0,10,83.3,10
3,Dalton Kincaid,91791,TE,BUF,1,0,4,60.0,100.0,1,8.3,1,60.4,1,100.0,12,12,60.1,100.0,8,66.7,8
3,Ko Kieft,41372,TE,TB,1,0,30,66.4,100.0,4,33.3,4,83.8,0,100.0,12,12,76.9,100.0,8,66.7,8
3,Robbie Ouzts,146594,FB,SEA,1,0,29,67.6,100.0,4,33.3,4,74.9,0,100.0,12,12,72.3,100.0,7,58.3,7
3,Tory Horton,128232,WR,SEA,1,0,29,60.2,100.0,3,25.0,3,60.8,0,100.0,12,12,60.4,100.0,9,75.0,9
3,Lamar Jackson,46416,QB,BLT,1,0,3,60.0,83.3,5,41.7,6,60.0,0,75.0,12,16,60.0,87.5,7,58.3,8
3,Aaron Banks,59983,G,GB,1,0,12,48.0,100.0,5,41.7,5,53.2,0,100.0,12,12,62.5,100.0,6,50.0,6
3,Mark Andrews,47436,TE,BLT,1,0,3,65.4,100.0,3,25.0,3,69.9,0,100.0,12,12,60.1,100.0,7,58.3,7
3,Brandin Cooks,8655,WR,NO,1,0,20,60.0,100.0,2,16.7,2,32.3,0,100.0,12,12,61.4,100.0,8,66.7,8
3,Andrew Ogletree,138351,TE,IND,1,0,14,56.5,100.0,6,50.0,6,54.9,0,100.0,12,12,57.8,100.0,2,16.7,2
3,Sterling Shepard,10674,WR,TB,1,0,30,59.8,100.0,4,36.4,4,35.1,0,100.0,11,11,59.6,100.0,6,54.5,6
3,Arian Smith,124039,WR,NYJ,1,0,22,,,0,0.0,0,61.0,1,100.0,11,11,61.0,100.0,11,100.0,11
3,Jeremy Ruckert,84029,TE,NYJ,1,0,22,,,0,0.0,0,43.2,0,100.0,11,11,57.7,100.0,10,90.9,10
3,KaVontae Turpin,47658,WR,DAL,1,0,9,59.3,100.0,4,36.4,4,59.3,0,91.7,11,12,59.9,100.0,6,54.5,6
3,Olisaemeka Udoh,28394,T,TEN,1,0,31,48.0,100.0,5,45.5,5,56.3,0,100.0,11,11,66.4,100.0,6,54.5,6
3,Jayden Higgins,150240,WR,HST,1,0,13,80.6,100.0,6,54.5,6,73.8,0,100.0,11,11,55.2,100.0,5,45.5,5
3,Kendrick Bourne,12270,WR,SF,1,0,28,59.7,100.0,1,9.1,1,53.1,1,100.0,11,11,53.5,100.0,9,81.8,9
3,Johnny Mundt,12206,TE,JAX,1,0,15,58.5,100.0,3,27.3,3,67.5,0,100.0,11,11,60.2,100.0,7,63.6,7
3,Zay Jones,11792,WR,ARZ,1,0,1,60.3,100.0,8,72.7,8,61.1,0,100.0,11,11,60.0,100.0,3,27.3,3
3,Alec Pierce,78038,WR,IND,1,0,14,60.3,100.0,5,45.5,5,60.8,0,100.0,11,11,60.5,100.0,6,54.5,6
3,Zay Flowers,97268,WR,BLT,1,0,3,60.0,100.0,4,36.4,4,59.9,0,100.0,11,11,60.7,100.0,5,45.5,5
3,Stefon Diggs,9579,WR,NE,1,0,19,59.4,100.0,5,45.5,5,58.5,0,100.0,11,11,60.2,100.0,3,27.3,3
3,Juice Scruggs,81800,G,HST,1,0,13,45.0,100.0,6,54.5,6,44.4,0,100.0,11,11,55.3,100.0,4,36.4,4
3,Grant Calcaterra,60997,TE,PHI,1,0,24,,,0,0.0,0,38.5,0,100.0,10,10,36.8,100.0,6,60.0,6
3,Jakob Johnson,32565,FB,HST,1,0,13,70.2,100.0,5,50.0,5,96.4,0,100.0,10,10,93.8,100.0,4,40.0,4
3,Tyler Johnson,48054,WR,NYJ,1,0,22,60.0,100.0,1,10.0,1,59.9,0,100.0,10,10,60.1,100.0,9,90.0,9
3,Benjamin Yurosek,131786,TE,MIN,1,0,18,31.1,100.0,4,40.0,4,38.5,0,100.0,10,10,57.4,100.0,6,60.0,6
3,Joshua Palmer,62979,WR,BUF,1,0,4,58.5,100.0,3,30.0,3,35.4,0,100.0,10,10,61.6,100.0,7,70.0,7
3,Brycen Tremayne,84425,WR,CAR,1,0,5,39.5,100.0,4,40.0,4,38.5,0,100.0,10,10,52.3,100.0,6,60.0,6
3,Chimere Dike,129918,WR,TEN,1,0,31,59.0,80.0,4,40.0,5,58.4,0,83.3,10,12,59.0,100.0,6,60.0,6
3,Luke McCaffrey,101634,WR,WAS,1,0,32,60.6,100.0,6,60.0,6,60.8,0,100.0,10,10,60.0,100.0,3,30.0,3
3,John Ojukwu,58530,T,TEN,1,0,31,60.1,100.0,4,40.0,4,49.8,0,100.0,10,10,47.6,100.0,5,50.0,5
3,Mekhi Becton,59818,G,LAC,1,0,27,57.1,100.0,5,50.0,5,46.1,0,100.0,10,10,46.4,100.0,4,40.0,4
3,Tre Harris,122676,WR,LAC,1,0,27,60.3,100.0,6,60.0,6,60.5,0,100.0,10,10,60.0,100.0,1,10.0,1
3,Jake Tonges,60864,TE,SF,1,0,28,57.5,100.0,2,20.0,2,65.4,0,100.0,10,10,68.3,100.0,7,70.0,7
3,Harrison Bryant,26394,TE,HST,1,0,13,57.4,100.0,4,40.0,4,65.8,0,100.0,10,10,70.6,100.0,4,40.0,4
3,Kyle Juszczyk,7912,FB,SF,1,0,28,52.0,100.0,2,20.0,2,56.6,0,100.0,10,10,66.2,100.0,8,80.0,8
3,Keenan Allen,7857,WR,LAC,1,0,27,58.4,100.0,4,40.0,4,58.3,0,100.0,10,10,59.3,100.0,4,40.0,4
3,Kyle Pitts,83964,TE,ATL,1,0,2,67.1,100.0,3,30.0,3,67.7,0,100.0,10,10,60.9,100.0,7,70.0,7
3,Jalen Rivers,122221,G,CIN,1,0,7,59.9,100.0,2,22.2,2,55.9,0,100.0,9,9,56.5,100.0,6,66.7,6
3,Zaire Mitchell-Paden,145197,TE,BLT,1,0,3,56.4,100.0,5,55.6,5,54.2,0,100.0,9,9,56.2,100.0,4,44.4,4
3,Luke Musgrave,98499,TE,GB,1,0,12,60.0,100.0,1,11.1,1,57.7,0,100.0,9,9,58.2,100.0,5,55.6,5
3,John FitzPatrick,83974,TE,GB,1,0,12,47.9,100.0,5,55.6,5,49.0,0,100.0,9,9,57.2,100.0,3,33.3,3
3,Daniel Brunskill,34807,G,MIA,1,0,17,58.8,100.0,2,22.2,2,62.2,0,100.0,9,9,64.5,100.0,6,66.7,6
3,David Sills V,34579,WR,ATL,1,0,2,59.8,100.0,2,22.2,2,54.4,0,100.0,9,9,54.6,100.0,7,77.8,7
3,Nate Adkins,87625,TE,DEN,1,0,10,60.0,100.0,2,22.2,2,31.4,0,100.0,9,9,46.9,100.0,6,66.7,6
3,Travis Hunter,160766,WR,JAX,1,0,15,53.7,100.0,5,55.6,5,55.2,0,100.0,9,9,60.8,100.0,4,44.4,4
3,Pat Bryant,144800,WR,DEN,1,0,10,60.0,100.0,1,11.1,1,73.7,0,100.0,9,9,74.0,100.0,8,88.9,8
3,Tez Johnson,123709,WR,TB,1,0,30,59.9,100.0,2,22.2,2,78.9,0,100.0,9,9,60.2,100.0,6,66.7,6
3,Cam Grandy,134552,TE,CIN,1,0,7,54.6,100.0,4,44.4,4,55.1,0,100.0,9,9,59.2,100.0,4,44.4,4
3,Zach Ertz,7816,TE,WAS,1,0,32,59.2,100.0,2,22.2,2,36.9,0,100.0,9,9,50.0,100.0,5,55.6,5
3,Deebo Samuel,48274,WR,WAS,1,0,32,59.8,75.0,3,37.5,4,34.9,0,72.7,8,11,60.0,80.0,4,50.0,5
3,Kirk Cousins,7102,QB,ATL,1,0,2,60.0,100.0,2,25.0,2,60.0,0,100.0,8,8,60.0,100.0,6,75.0,6
3,Chris Manhertz,10211,TE,NYG,1,0,21,,,0,0.0,0,83.9,0,100.0,8,8,83.9,100.0,8,100.0,8
3,Tim Patrick,12087,WR,JAX,1,0,15,60.0,100.0,3,37.5,3,60.4,0,100.0,8,8,59.8,100.0,4,50.0,4
3,Charlie Woerner,42257,TE,ATL,1,0,2,62.4,100.0,1,12.5,1,87.0,0,100.0,8,8,78.9,100.0,7,87.5,7
3,Saquon Barkley,45791,HB,PHI,1,0,24,59.8,60.0,3,37.5,5,58.9,0,30.8,8,26,60.0,11.8,2,25.0,17
3,Dalton Schultz,47304,TE,HST,1,0,13,70.9,100.0,4,50.0,4,47.7,0,100.0,8,8,56.0,100.0,2,25.0,2
3,Marquez Valdes-Scantling,47809,WR,SF,1,0,28,60.1,100.0,3,37.5,3,60.4,0,100.0,8,8,60.3,100.0,5,62.5,5
3,Jake Ferguson,61081,TE,DAL,1,0,9,58.2,100.0,2,25.0,2,56.9,0,100.0,8,8,58.2,100.0,6,75.0,6
3,Brevyn Spann-Ford,84006,TE,DAL,1,0,9,73.4,100.0,3,37.5,3,77.9,0,100.0,8,8,52.1,100.0,4,50.0,4
3,Walter Rouse,100564,T,MIN,1,0,18,47.9,100.0,4,50.0,4,45.7,0,100.0,8,8,55.2,100.0,4,50.0,4
3,Max Brosmer,105568,QB,MIN,1,0,18,60.0,100.0,4,50.0,4,60.0,0,100.0,8,8,60.0,100.0,4,50.0,4
3,Adam Trautman,109795,TE,DEN,1,0,10,59.1,100.0,3,37.5,3,36.1,1,100.0,8,8,45.3,100.0,4,50.0,4
3,Myles Price,123155,WR,MIN,1,0,18,60.3,100.0,4,50.0,4,59.2,0,100.0,8,8,58.8,100.0,4,50.0,4
3,Joe Huber,123565,G,MIN,1,0,18,58.3,100.0,4,50.0,4,56.6,0,100.0,8,8,57.8,100.0,4,50.0,4
3,Josh Fryar,129746,T,ARZ,1,0,1,48.2,100.0,7,87.5,7,48.0,0,100.0,8,8,,,0,0.0,0
3,Tai Felton,144886,WR,MIN,1,0,18,59.3,100.0,4,50.0,4,59.7,0,100.0,8,8,60.4,100.0,4,50.0,4
3,Marcus Mbow,145113,T,NYG,1,0,21,60.0,100.0,1,12.5,1,80.5,0,100.0,8,8,83.1,100.0,6,75.0,6
3,Troy Franklin,146567,WR,DEN,1,1,10,60.0,100.0,1,12.5,1,34.8,1,100.0,8,8,59.7,100.0,6,75.0,6
3,Jack Bech,146771,WR,LV,1,0,23,60.0,100.0,3,37.5,3,61.6,0,100.0,8,8,60.8,100.0,5,62.5,5
3,Theo Benedet,169632,T,CHI,1,0,6,71.3,100.0,5,62.5,5,71.3,0,100.0,8,8,60.0,100.0,1,12.5,1
3,Jalen Travis,155412,T,IND,1,0,14,71.8,100.0,3,42.9,3,72.7,0,100.0,7,7,,,0,0.0,0
3,Gunnar Helm,144726,TE,TEN,1,0,31,69.6,100.0,4,57.1,4,59.1,0,100.0,7,7,49.4,100.0,3,42.9,3
3,Dalton Tucker,81717,G,IND,1,0,14,67.3,100.0,3,42.9,3,68.7,0,100.0,7,7,,,0,0.0,0
3,Danny Pinter,47339,C,IND,1,0,14,59.8,100.0,3,42.9,3,60.0,0,100.0,7,7,,,0,0.0,0
3,Courtland Sutton,48164,WR,DEN,1,0,10,60.0,100.0,2,28.6,2,60.6,0,100.0,7,7,60.0,100.0,4,57.1,4
3,Tyler Lockett,9502,WR,TEN,1,0,31,59.3,100.0,2,28.6,2,60.2,0,100.0,7,7,60.2,100.0,5,71.4,5
3,Christian Kirk,47546,WR,HST,1,0,13,59.6,100.0,5,71.4,5,59.4,0,100.0,7,7,60.0,100.0,2,28.6,2
3,Konata Mumpfield,145598,WR,LA,1,0,26,60.2,100.0,3,42.9,3,59.8,0,100.0,7,7,59.8,100.0,2,28.6,2
3,Teagan Quitoriano,84036,TE,ATL,1,0,2,60.0,100.0,1,14.3,1,55.9,0,100.0,7,7,58.0,100.0,6,85.7,6
3,Brady Russell,60876,FB,SEA,1,0,29,57.3,100.0,3,42.9,3,56.1,0,100.0,7,7,58.3,100.0,3,42.9,3
3,Mason Tipton,109617,WR,NO,1,0,20,60.6,100.0,5,71.4,5,61.3,0,100.0,7,7,60.0,100.0,2,28.6,2
3,Luther Burden III,157170,WR,CHI,1,0,6,60.0,100.0,2,28.6,2,53.5,0,87.5,7,8,53.4,100.0,5,71.4,5
3,Daniel Bellinger,84041,TE,NYG,1,0,21,,,0,0.0,0,79.2,0,100.0,7,7,68.8,100.0,7,100.0,7
3,Reggie Gilliam,40951,FB,BUF,1,0,4,60.0,100.0,3,42.9,3,69.3,0,100.0,7,7,68.1,100.0,3,42.9,3
3,Nick Westbrook-Ikhine,47861,WR,MIA,1,0,17,60.2,100.0,2,33.3,2,60.5,0,100.0,6,6,60.0,100.0,4,66.7,4
3,Tyrell Shavers,61107,WR,BUF,1,0,4,54.0,100.0,2,33.3,2,74.4,0,100.0,6,6,58.7,100.0,3,50.0,3
3,Matt Pryor,46647,T,PHI,1,0,24,,,0,0.0,0,84.7,0,100.0,6,6,84.5,100.0,5,83.3,5
3,Xavier Hutchinson,122518,WR,HST,1,0,13,60.1,100.0,3,50.0,3,60.9,0,100.0,6,6,60.1,100.0,3,50.0,3
3,Ashton Dulin,91479,WR,IND,1,0,14,59.1,100.0,5,83.3,5,59.4,0,100.0,6,6,60.0,100.0,1,16.7,1
3,Elijah Higgins,98027,TE,ARZ,1,0,1,58.1,100.0,3,50.0,3,58.9,0,100.0,6,6,60.3,100.0,3,50.0,3
3,Van Jefferson,47447,WR,TEN,1,0,31,54.2,100.0,2,33.3,2,53.8,0,100.0,6,6,59.4,100.0,4,66.7,4
3,Ryan Flournoy,159617,WR,DAL,1,0,9,60.0,100.0,3,50.0,3,60.8,0,100.0,6,6,60.0,100.0,2,33.3,2
3,Dyami Brown,77986,WR,JAX,1,0,15,59.4,100.0,2,33.3,2,60.0,0,100.0,6,6,60.6,100.0,4,66.7,4
3,Malik Washington,97108,WR,MIA,1,0,17,60.0,100.0,2,33.3,2,59.9,0,85.7,6,7,59.8,100.0,4,66.7,4
3,Austin Deculus,59821,T,LAC,1,0,27,70.0,100.0,4,66.7,4,84.4,0,100.0,6,6,60.0,100.0,1,16.7,1
3,Tutu Atwell,77965,WR,LA,1,0,26,60.0,100.0,2,33.3,2,60.5,0,100.0,6,6,60.0,100.0,4,66.7,4
3,Tylan Wallace,61577,WR,BLT,1,0,3,60.0,100.0,2,33.3,2,60.0,0,100.0,6,6,60.0,100.0,3,50.0,3
3,Tyler Conklin,47124,TE,LAC,1,0,27,60.0,100.0,1,16.7,1,58.8,0,100.0,6,6,60.1,100.0,2,33.3,2
3,Laken Tomlinson,9461,G,HST,1,0,13,68.1,100.0,3,50.0,3,67.9,0,100.0,6,6,59.5,100.0,2,33.3,2
3,Josh Jacobs,45953,HB,GB,1,0,12,,0.0,0,0.0,6,59.6,0,27.3,6,22,59.7,18.2,2,33.3,11
3,Hunter Long,60859,TE,JAX,1,0,15,59.7,100.0,2,40.0,2,69.3,0,100.0,5,5,68.6,100.0,2,40.0,2
3,Chris Rodriguez Jr.,83689,HB,WAS,1,0,32,60.0,11.1,1,20.0,9,59.2,0,31.3,5,16,59.5,50.0,3,60.0,6
3,Andrew Beck,47121,FB,NYJ,1,0,22,,,0,0.0,0,76.9,0,100.0,5,5,78.1,100.0,4,80.0,4
3,Oronde Gadsden II,144046,TE,LAC,1,0,27,37.1,100.0,3,60.0,3,40.0,0,100.0,5,5,60.1,100.0,2,40.0,2
3,Beaux Collins,144112,WR,NYG,1,0,21,59.3,100.0,1,20.0,1,59.8,0,100.0,5,5,60.7,100.0,4,80.0,4
3,Hunter Luepke,91319,FB,DAL,1,0,9,50.4,100.0,4,80.0,4,75.1,0,100.0,5,5,60.0,100.0,1,20.0,1
3,Robert Tonyan,12193,TE,KC,1,0,16,,,0,0.0,0,60.0,0,100.0,5,5,60.0,100.0,2,40.0,2
3,Skyy Moore,97116,WR,SF,1,0,28,,,0,0.0,0,60.1,0,100.0,5,5,60.2,100.0,4,80.0,4
3,Lane Johnson,7786,T,PHI,1,0,24,,,0,0.0,0,59.3,0,100.0,5,5,59.9,100.0,3,60.0,3
3,Noah Fant,42388,TE,CIN,1,0,7,,,0,0.0,0,59.6,0,100.0,5,5,59.9,100.0,4,80.0,4
3,Jaylon Moore,43678,T,KC,1,0,16,,,0,0.0,0,84.3,0,100.0,5,5,83.1,100.0,2,40.0,2
3,D'Andre Swift,57212,HB,CHI,1,0,6,,0.0,0,0.0,6,60.0,0,27.8,5,18,60.0,22.2,2,40.0,9
3,DeAndre Hopkins,7808,WR,BLT,1,0,3,60.0,100.0,2,40.0,2,60.7,0,100.0,5,5,60.1,100.0,3,60.0,3
3,Allen Lazard,48135,WR,NYJ,1,0,22,60.0,100.0,1,20.0,1,59.2,0,100.0,5,5,59.8,100.0,4,80.0,4
3,DJ Giddens,144595,HB,IND,1,0,14,,0.0,0,0.0,1,60.0,0,80.0,4,5,,,0,0.0,0
3,Alex Bachman,47996,WR,LV,1,0,23,,,0,0.0,0,60.5,0,100.0,4,4,60.5,100.0,4,100.0,4
3,Mike Gesicki,47153,TE,CIN,1,0,7,,,0,0.0,0,59.3,0,100.0,4,4,60.0,100.0,3,75.0,3
3,Joe Milton III,82151,QB,DAL,1,0,9,60.0,100.0,2,50.0,2,60.0,0,100.0,4,4,60.0,100.0,1,25.0,1
3,Adin Huntington,130493,DI,CLV,1,0,8,60.0,100.0,1,25.0,1,60.0,0,100.0,4,4,,,0,0.0,0
3,Hunter Renfrow,47509,WR,CAR,1,0,5,,,0,0.0,0,59.8,0,100.0,4,4,60.0,100.0,3,75.0,3
3,Demario Douglas,104155,WR,NE,1,0,19,58.0,100.0,3,75.0,3,58.3,0,100.0,4,4,60.0,100.0,1,25.0,1
3,Isiah Pacheco,83747,HB,KC,1,0,16,,0.0,0,0.0,3,60.0,0,28.6,4,14,,0.0,0,0.0,7
3,Kareem Hunt,11841,HB,KC,1,0,16,,0.0,0,0.0,3,60.0,1,28.6,4,14,,0.0,0,0.0,7
3,Trey Benson,131705,HB,ARZ,1,0,1,59.3,22.2,2,50.0,9,59.1,0,28.6,4,14,60.0,25.0,1,25.0,4
3,Rashod Bateman,84296,WR,BLT,1,0,3,,,0,0.0,0,61.1,0,100.0,4,4,60.0,100.0,2,50.0,2
3,Greg Dortch,42237,WR,ARZ,1,0,1,59.8,66.7,2,50.0,3,59.6,0,80.0,4,5,60.0,100.0,2,50.0,2
3,Ross Dwelley,20994,TE,DET,1,0,11,59.5,100.0,1,25.0,1,59.0,0,100.0,4,4,,,0,0.0,0
3,Bryce Cabeldue,122550,G,SEA,1,0,29,59.7,100.0,2,50.0,2,59.4,0,100.0,4,4,60.0,100.0,1,25.0,1
3,Mitchell Tinsley,123470,WR,CIN,1,0,7,59.9,100.0,2,50.0,2,59.6,0,100.0,4,4,59.8,100.0,2,50.0,2
3,Jeremy McNichols,11917,HB,WAS,1,0,32,,0.0,0,0.0,1,58.0,0,42.9,3,7,60.0,25.0,1,33.3,4
3,Beaux Limmer,99067,G,LA,1,0,26,60.0,100.0,1,33.3,1,53.4,0,100.0,3,3,60.0,100.0,1,33.3,1
3,Lucas Krull,83962,TE,DEN,1,0,10,,,0,0.0,0,60.1,0,100.0,3,3,60.0,100.0,2,66.7,2
3,Roman Wilson,129604,WR,PIT,1,0,25,,,0,0.0,0,59.6,0,100.0,3,3,59.6,100.0,3,100.0,3
3,J.K. Dobbins,57366,HB,DEN,1,0,10,,0.0,0,0.0,4,60.0,0,23.1,3,13,60.0,25.0,2,66.7,8
3,Darius Cooper,136866,WR,PHI,1,0,24,,,0,0.0,0,60.0,0,100.0,3,3,59.8,100.0,1,33.3,1
3,Jacory Croskey-Merritt,102382,HB,WAS,1,0,32,51.7,30.0,3,100.0,10,51.7,0,25.0,3,12,,0.0,0,0.0,2
3,Darian Kinnard,51789,T,GB,1,0,12,,,0,0.0,0,84.9,0,100.0,3,3,84.9,100.0,3,100.0,3
3,Elijah Moore,84302,WR,BUF,1,0,4,60.0,100.0,2,66.7,2,59.8,0,60.0,3,5,59.6,100.0,1,33.3,1
3,Michael Mayer,122906,TE,LV,1,0,23,60.0,100.0,1,33.3,1,50.9,0,100.0,3,3,52.3,100.0,2,66.7,2
3,Anthony Gould,97078,WR,IND,1,0,14,,,0,0.0,0,60.0,0,100.0,3,3,,,0,0.0,0
3,Jalen Ramsey,10639,S,PIT,1,0,25,,,0,0.0,0,60.0,0,100.0,3,3,,,0,0.0,0
3,Ben Skowronek,27948,WR,PIT,1,0,25,,,0,0.0,0,58.9,0,100.0,3,3,58.9,100.0,3,100.0,3
3,Adam Prentice,35639,FB,DEN,1,0,10,59.2,100.0,2,66.7,2,59.3,0,100.0,3,3,,,0,0.0,0
3,Cameron Latu,82647,TE,PHI,1,0,24,,,0,0.0,0,74.4,0,100.0,3,3,74.4,100.0,3,100.0,3
3,Chase Brown,77787,HB,CIN,1,0,7,,0.0,0,0.0,4,55.9,0,23.1,3,13,,0.0,0,0.0,6
3,Kenneth Gainwell,77737,HB,PIT,1,0,25,,,0,0.0,0,60.0,0,42.9,3,7,,0.0,0,0.0,3
3,Jaylin Lane,121811,WR,WAS,1,1,32,60.0,100.0,1,33.3,1,54.5,1,100.0,3,3,55.5,100.0,2,66.7,2
3,Bo Melton,61610,WR,GB,1,0,12,,,0,0.0,0,59.2,0,100.0,3,3,59.2,100.0,3,100.0,3
3,Jason Brownlee,121451,WR,KC,1,0,16,,,0,0.0,0,60.0,0,100.0,3,3,,,0,0.0,0
3,Mike Caliendo,41446,G,KC,1,0,16,,,0,0.0,0,58.2,0,100.0,3,3,57.9,100.0,2,66.7,2
3,Teven Jenkins,41534,G,CLV,1,0,8,,,0,0.0,0,71.4,0,100.0,3,3,,,0,0.0,0
3,Anthony Richardson,124393,QB,IND,1,0,14,60.0,100.0,3,100.0,3,60.0,0,42.9,3,7,,,0,0.0,0
3,CeeDee Lamb,61570,WR,DAL,1,0,9,60.2,100.0,2,66.7,2,60.4,0,75.0,3,4,60.0,50.0,1,33.3,2
3,Brashard Smith,143951,HB,KC,1,0,16,59.7,100.0,1,33.3,1,59.1,0,75.0,3,4,59.8,100.0,2,66.7,2
3,Marvin Mims Jr.,122937,WR,DEN,1,0,10,60.0,100.0,1,50.0,1,55.5,0,100.0,2,2,60.0,100.0,1,50.0,1
3,Justin Shorter,84376,WR,LV,1,0,23,,,0,0.0,0,60.0,0,100.0,2,2,60.0,100.0,2,100.0,2
3,Dawand Jones,101550,T,CLV,1,0,8,50.8,100.0,2,100.0,2,50.8,0,100.0,2,2,,,0,0.0,0
3,Nikko Remigio,84150,WR,KC,1,0,16,60.0,100.0,1,50.0,1,60.0,0,66.7,2,3,60.0,100.0,1,50.0,1
3,Derrick Henry,10679,HB,BLT,1,0,3,60.0,16.7,1,50.0,6,59.5,0,14.3,2,14,60.0,12.5,1,50.0,8
3,Chris Brooks,83644,HB,GB,1,0,12,60.0,100.0,1,50.0,1,57.2,0,100.0,2,2,60.0,100.0,1,50.0,1
3,Jahmyr Gibbs,122474,HB,DET,1,0,11,60.0,9.1,1,50.0,11,60.0,0,8.3,2,24,,0.0,0,0.0,11
3,Spencer Anderson,81719,G,PIT,1,0,25,,,0,0.0,0,60.0,0,100.0,2,2,,,0,0.0,0
3,Derius Davis,78196,WR,LAC,1,0,27,,,0,0.0,0,60.0,0,66.7,2,3,60.0,100.0,1,50.0,1
3,Antonio Gibson,78050,HB,NE,1,0,19,,0.0,0,0.0,3,60.0,0,22.2,2,9,,0.0,0,0.0,3
3,Omarion Hampton,162750,HB,LAC,1,0,27,,0.0,0,0.0,12,60.0,0,9.1,2,22,,0.0,0,0.0,6
3,George Holani,72154,HB,SEA,1,0,29,59.9,16.7,1,50.0,6,59.9,0,16.7,2,12,,0.0,0,0.0,5
3,Alex Palczewski,59738,G,DEN,1,0,10,61.3,100.0,2,100.0,2,61.3,0,100.0,2,2,,,0,0.0,0
3,Jonathan Taylor,57488,HB,IND,1,0,14,,0.0,0,0.0,14,60.0,0,9.5,2,21,60.0,16.7,1,50.0,6
3,Travis Etienne Jr.,57185,HB,JAX,1,0,15,60.0,11.1,1,50.0,9,60.0,0,10.5,2,19,,0.0,0,0.0,9
3,AJ Dillon,57165,HB,PHI,1,0,24,,,0,0.0,0,60.0,0,100.0,2,2,60.0,100.0,1,50.0,1
3,Scott Miller,47481,WR,PIT,1,0,25,,,0,0.0,0,60.0,0,100.0,2,2,60.0,100.0,2,100.0,2
3,Brett Rypien,46487,QB,CIN,1,0,7,60.0,100.0,1,50.0,1,60.0,0,100.0,2,2,60.0,100.0,1,50.0,1
3,Justice Hill,45865,HB,BLT,1,0,3,,,0,0.0,0,59.6,0,100.0,2,2,,,0,0.0,0
3,Ty Johnson,45769,HB,BUF,1,0,4,,,0,0.0,0,60.0,0,40.0,2,5,,0.0,0,0.0,3
3,David Montgomery,45719,HB,DET,1,0,11,,0.0,0,0.0,6,57.8,0,13.3,2,15,57.8,22.2,2,100.0,9
3,Jaxson Dart,146409,QB,NYG,1,0,21,60.0,100.0,1,50.0,1,60.0,0,100.0,2,2,60.0,100.0,1,50.0,1
3,Isaac TeSlaa,172430,WR,DET,1,0,11,,,0,0.0,0,30.0,0,100.0,2,2,60.0,100.0,2,100.0,2
3,D'Wayne Eskridge,29573,WR,MIA,1,0,17,,,0,0.0,0,60.0,0,100.0,2,2,60.0,100.0,1,50.0,1
3,Cam Skattebo,147787,HB,NYG,1,0,21,,0.0,0,0.0,1,60.0,0,15.4,2,13,60.0,9.1,1,50.0,11
3,Tanner Conner,22777,TE,MIA,1,0,17,,,0,0.0,0,60.0,0,100.0,2,2,60.0,100.0,2,100.0,2
3,Ashton Jeanty,157196,HB,LV,1,0,23,,0.0,0,0.0,6,60.0,0,9.5,2,21,,0.0,0,0.0,13
3,Kyren Williams,97118,HB,LA,1,0,26,,0.0,0,0.0,11,60.0,0,9.1,2,22,,0.0,0,0.0,9
3,Luke Wypler,129764,C,CLV,1,0,8,60.0,100.0,1,100.0,1,60.0,0,100.0,1,1,,,0,0.0,0
3,Connor Heyward,57301,TE,PIT,1,0,25,,,0,0.0,0,60.0,0,100.0,1,1,,,0,0.0,0
3,Chuba Hubbard,57373,HB,CAR,1,0,5,,0.0,0,0.0,8,60.0,0,5.3,1,19,60.0,9.1,1,100.0,11
3,Devontez Walker,145773,WR,BLT,1,0,3,60.0,100.0,1,100.0,1,60.0,0,100.0,1,1,,,0,0.0,0
3,Jacob Saylors,87559,HB,DET,1,0,11,,,0,0.0,0,60.0,0,100.0,1,1,,,0,0.0,0
3,Blake Corum,129574,HB,LA,1,0,26,,0.0,0,0.0,3,60.0,0,11.1,1,9,,0.0,0,0.0,5
3,Kyle Williams,128374,WR,NE,1,0,19,60.0,100.0,1,100.0,1,60.0,0,100.0,1,1,,,0,0.0,0
3,Jaylin Noel,125155,WR,HST,1,0,13,,,0,0.0,0,60.0,0,50.0,1,2,,,0,0.0,0
3,Luke Fortner,42028,C,NO,1,0,20,,,0,0.0,0,60.0,0,100.0,1,1,60.0,100.0,1,100.0,1
3,Ben Cleveland,41696,G,BLT,1,0,3,54.7,100.0,1,100.0,1,54.7,0,100.0,1,1,,,0,0.0,0
3,Jalin Hyatt,124282,WR,NYG,1,0,21,60.0,100.0,1,100.0,1,60.0,0,100.0,1,1,,,0,0.0,0
3,Brandon Walton,41533,G,CAR,1,0,5,62.5,100.0,1,100.0,1,62.5,0,100.0,1,1,,,0,0.0,0
3,Woody Marks,124179,HB,HST,1,0,13,,0.0,0,0.0,4,60.0,0,14.3,1,7,,0.0,0,0.0,2
3,Javonte Williams,77803,HB,DAL,1,0,9,,0.0,0,0.0,4,60.0,0,7.7,1,13,,0.0,0,0.0,8
3,Rico Dowdle,40693,HB,CAR,1,0,5,,0.0,0,0.0,3,32.7,0,9.1,1,11,,0.0,0,0.0,6
3,Kylen Granson,40630,TE,PHI,1,0,24,,,0,0.0,0,60.0,0,100.0,1,1,,,0,0.0,0
3,RJ Harvey,99622,HB,DEN,1,0,10,,,0,0.0,0,60.0,0,25.0,1,4,,0.0,0,0.0,3
3,Dominic Lovett,146872,WR,DET,1,0,11,,,0,0.0,0,60.0,0,100.0,1,1,,,0,0.0,0
3,Blake Whiteheart,77881,TE,CLV,1,0,8,60.0,100.0,1,100.0,1,60.0,0,100.0,1,1,,,0,0.0,0
3,John Metchie III,97400,WR,PHI,1,0,24,,,0,0.0,0,60.0,0,100.0,1,1,,,0,0.0,0
3,Jamari Thrash,97399,WR,CLV,1,0,8,60.0,100.0,1,100.0,1,60.0,0,100.0,1,1,,,0,0.0,0
3,David Martin-Robinson,77892,TE,TEN,1,0,31,60.0,100.0,1,100.0,1,60.0,0,100.0,1,1,,,0,0.0,0
3,Tony Pollard,27126,HB,TEN,1,0,31,,0.0,0,0.0,7,60.0,0,5.9,1,17,,0.0,0,0.0,9
3,Brayden Willis,77917,TE,SF,1,0,28,,,0,0.0,0,60.0,0,100.0,1,1,60.0,100.0,1,100.0,1
3,Kenneth Walker III,97199,HB,SEA,1,0,29,,0.0,0,0.0,7,60.0,0,5.3,1,19,,0.0,0,0.0,11
3,Savion Williams,123101,WR,GB,1,0,12,,0.0,0,0.0,1,60.0,0,33.3,1,3,60.0,100.0,1,100.0,1
3,Jon Gaines II,81879,G,ARZ,1,0,1,60.0,100.0,1,100.0,1,60.0,0,100.0,1,1,,,0,0.0,0
3,Corey Levin,11972,C,TEN,1,0,31,60.0,100.0,1,100.0,1,60.0,0,100.0,1,1,,,0,0.0,0
3,Tyler Shough,83537,QB,NO,1,0,20,,,0,0.0,0,60.0,0,100.0,1,1,60.0,100.0,1,100.0,1
3,Christian McCaffrey,11763,HB,SF,1,0,28,,0.0,0,0.0,2,60.0,0,5.6,1,18,,0.0,0,0.0,15
3,Zamir White,83665,HB,LV,1,0,23,,,0,0.0,0,60.0,0,16.7,1,6,,0.0,0,0.0,5
3,Trevor Etienne,157730,HB,CAR,1,0,5,,,0,0.0,0,60.0,0,100.0,1,1,,,0,0.0,0
3,Ollie Gordon II,157792,HB,MIA,1,0,17,,0.0,0,0.0,4,60.0,0,10.0,1,10,,0.0,0,0.0,5
3,James Cook,83666,HB,BUF,1,0,4,,0.0,0,0.0,5,60.0,0,5.0,1,20,,0.0,0,0.0,14
3,Colston Loveland,158540,TE,CHI,1,0,6,,,0,0.0,0,60.0,0,100.0,1,1,60.0,100.0,1,100.0,1
3,Alvin Kamara,11822,HB,NO,1,0,20,,0.0,0,0.0,8,60.0,0,5.3,1,19,60.0,11.1,1,100.0,9
3,Rhamondre Stevenson,98689,HB,NE,1,0,19,,0.0,0,0.0,3,60.0,0,20.0,1,5,,0.0,0,0.0,1
3,Isaiah Davis,138299,HB,NYJ,1,0,22,,,0,0.0,0,60.0,0,100.0,1,1,,,0,0.0,0
3,Joe Noteboom,46249,T,BLT,1,0,3,,,0,0.0,0,66.5,0,100.0,1,1,66.5,100.0,1,100.0,1
3,Rachaad White,131633,HB,TB,1,0,30,60.0,33.3,1,100.0,3,60.0,0,12.5,1,8,,0.0,0,0.0,5
3,Malik Turner,48078,WR,SF,1,0,28,,,0,0.0,0,60.0,0,100.0,1,1,60.0,100.0,1,100.0,1
3,Jaylen Warren,98692,HB,PIT,1,0,25,,0.0,0,0.0,2,60.0,0,5.0,1,20,60.0,5.6,1,100.0,18
3,Bucky Irving,144970,HB,TB,1,0,30,,0.0,0,0.0,10,60.0,0,4.0,1,25,,0.0,0,0.0,14
3,Nick Chubb,45783,HB,HST,1,0,13,,0.0,0,0.0,5,60.0,0,10.0,1,10,,0.0,0,0.0,4
3,Julius Chestnut,109239,HB,TEN,1,0,31,60.0,100.0,1,100.0,1,60.0,0,33.3,1,3,,0.0,0,0.0,2
3,TreVeyon Henderson,145059,HB,NE,1,0,19,,0.0,0,0.0,7,60.0,0,8.3,1,12,,0.0,0,0.0,4
3,Treyton Welch,98097,TE,NO,1,0,20,,,0,0.0,0,59.0,0,100.0,1,1,59.0,100.0,1,100.0,1
week,player,player_id,position,team_name,player_game_count,declined_penalties,franchise_id,gap_grades_run_block,gap_run_block_percent,gap_snap_counts_run_block,gap_snap_counts_run_block_percent,gap_snap_counts_run_play,grades_run_block,penalties,run_block_percent,snap_counts_run_block,snap_counts_run_play,zone_grades_run_block,zone_run_block_percent,zone_snap_counts_run_block,zone_snap_counts_run_block_percent,zone_snap_counts_run_play
4,Jermaine Eluemunor,11914,T,NYG,1,0,21,57.0,100.0,15,35.7,15,54.2,0,100.0,42,42,54.4,100.0,26,61.9,26
4,John Michael Schmitz Jr.,55238,C,NYG,1,0,21,56.8,100.0,15,35.7,15,57.6,0,100.0,42,42,59.3,100.0,26,61.9,26
4,Greg Van Roten,7746,G,NYG,1,0,21,66.0,100.0,15,35.7,15,63.6,0,100.0,42,42,61.2,100.0,26,61.9,26
4,Jon Runyan,36661,G,NYG,1,0,21,49.2,100.0,15,35.7,15,39.6,0,100.0,42,42,40.0,100.0,26,61.9,26
4,Andrew Thomas,59701,T,NYG,1,0,21,58.7,100.0,15,35.7,15,59.4,0,100.0,42,42,60.0,100.0,26,61.9,26
4,Darius Slayton,25578,WR,NYG,1,0,21,58.3,100.0,15,36.6,15,46.3,0,100.0,41,41,62.3,100.0,25,61.0,25
4,Wan'Dale Robinson,101735,WR,NYG,1,0,21,61.4,100.0,13,32.5,13,58.6,0,100.0,40,40,57.3,100.0,26,65.0,26
4,Aireontae Ersery,129649,T,HST,1,0,13,44.8,100.0,15,41.7,15,45.5,0,100.0,36,36,52.1,100.0,18,50.0,18
4,Tytus Howard,25472,G,HST,1,0,13,59.3,100.0,15,41.7,15,43.3,2,100.0,36,36,37.8,100.0,18,50.0,18
4,Matthew Bergeron,99658,G,ATL,1,0,2,50.0,100.0,8,22.2,8,71.8,0,100.0,36,36,79.0,100.0,25,69.4,25
4,Ed Ingram,59819,G,HST,1,0,13,92.0,100.0,15,41.7,15,90.6,0,100.0,36,36,73.3,100.0,18,50.0,18
4,Chris Lindstrom,46692,G,ATL,1,0,2,56.2,100.0,8,22.2,8,52.9,0,100.0,36,36,53.3,100.0,25,69.4,25
4,Ben Powers,41482,G,DEN,1,0,10,49.6,100.0,20,55.6,20,61.7,0,100.0,36,36,59.1,100.0,11,30.6,11
4,Jake Andrews,81868,C,HST,1,0,13,77.7,100.0,15,41.7,15,57.9,1,100.0,36,36,43.8,100.0,18,50.0,18
4,Elijah Wilkinson,46238,T,ATL,1,0,2,62.7,100.0,8,22.2,8,63.3,0,100.0,36,36,62.4,100.0,25,69.4,25
4,Ryan Neuzil,41123,C,ATL,1,0,2,55.5,100.0,8,22.2,8,65.3,0,100.0,36,36,68.2,100.0,25,69.4,25
4,Luke Wattenberg,41024,C,DEN,1,0,10,69.7,100.0,20,55.6,20,56.4,2,100.0,36,36,43.3,100.0,11,30.6,11
4,Jake Matthews,8641,T,ATL,1,0,2,55.9,100.0,8,22.2,8,67.4,0,100.0,36,36,70.5,100.0,25,69.4,25
4,Jaxson Dart,146409,QB,NYG,1,0,21,60.0,66.7,10,29.4,15,60.0,0,81.0,34,42,60.0,92.3,24,70.6,26
4,C.J. Stroud,129759,QB,HST,1,0,13,60.0,100.0,15,44.1,15,60.0,0,94.4,34,36,60.0,100.0,18,52.9,18
4,Charles Cross,98401,T,SEA,1,0,29,40.5,100.0,13,39.4,13,49.5,0,100.0,33,33,60.4,100.0,20,60.6,20
4,Mike McGlinchey,46275,T,DEN,1,0,10,51.6,100.0,20,60.6,20,56.7,0,100.0,33,33,56.5,100.0,11,33.3,11
4,Anthony Bradford,99103,G,SEA,1,0,29,57.3,100.0,13,39.4,13,64.4,0,100.0,33,33,68.0,100.0,20,60.6,20
4,Jalen Sundell,91396,C,SEA,1,0,29,46.9,100.0,13,39.4,13,52.3,0,100.0,33,33,59.3,100.0,20,60.6,20
4,Grey Zabel,125314,G,SEA,1,0,29,69.8,100.0,13,39.4,13,59.7,0,100.0,33,33,52.3,100.0,20,60.6,20
4,Sam Darnold,29048,QB,SEA,1,0,29,60.0,100.0,13,39.4,13,60.0,0,100.0,33,33,60.0,100.0,20,60.6,20
4,Quinn Meinerz,112915,G,DEN,1,0,10,61.7,100.0,20,60.6,20,60.5,0,100.0,33,33,58.7,100.0,11,33.3,11
4,Abraham Lucas,60218,T,SEA,1,0,29,58.4,100.0,13,39.4,13,73.2,0,100.0,33,33,71.4,100.0,20,60.6,20
4,Michael Penix Jr.,82134,QB,ATL,1,0,2,60.0,100.0,8,24.2,8,60.0,0,91.7,33,36,60.0,100.0,25,75.8,25
4,Sean Rhyan,72009,C,GB,1,0,12,49.2,100.0,15,46.9,15,54.2,0,100.0,32,32,61.8,100.0,15,46.9,15
4,Taliese Fuaga,131732,T,NO,1,0,20,58.4,100.0,11,34.4,11,65.3,0,100.0,32,32,68.9,100.0,16,50.0,16
4,Kelvin Banks Jr.,163839,T,NO,1,0,20,65.9,100.0,11,34.4,11,71.8,0,100.0,32,32,75.6,100.0,16,50.0,16
4,Erik McCoy,37347,C,NO,1,0,20,64.6,100.0,11,34.4,11,64.5,0,100.0,32,32,68.7,100.0,16,50.0,16
4,Walker Little,52287,T,JAX,1,0,15,73.1,100.0,12,37.5,12,75.9,0,100.0,32,32,72.4,100.0,13,40.6,13
4,Darian Kinnard,51789,T,GB,1,0,12,84.2,100.0,15,46.9,15,88.8,0,100.0,32,32,80.7,100.0,15,46.9,15
4,Robert Hainsey,59980,C,JAX,1,0,15,71.4,100.0,12,37.5,12,53.7,0,100.0,32,32,41.1,100.0,13,40.6,13
4,Trevor Penning,59963,G,NO,1,0,20,54.3,100.0,11,34.4,11,50.4,0,100.0,32,32,52.0,100.0,16,50.0,16
4,Bo Nix,97790,QB,DEN,1,0,10,60.1,95.0,19,59.4,20,60.3,0,88.9,32,36,60.0,100.0,11,34.4,11
4,Jordan Morgan,98652,G,GB,1,0,12,74.2,100.0,15,46.9,15,62.6,1,100.0,32,32,51.2,100.0,15,46.9,15
4,Elgton Jenkins,46298,C,GB,1,0,12,48.5,100.0,15,46.9,15,57.3,0,100.0,32,32,58.8,100.0,15,46.9,15
4,Rasheed Walker,81798,T,GB,1,0,12,69.4,100.0,15,46.9,15,55.1,0,100.0,32,32,45.1,100.0,15,46.9,15
4,Ezra Cleveland,41973,G,JAX,1,0,15,49.1,100.0,12,37.5,12,44.8,0,100.0,32,32,47.0,100.0,13,40.6,13
4,Garett Bolles,11775,T,DEN,1,0,10,64.9,100.0,19,59.4,19,85.5,0,100.0,32,32,82.1,100.0,11,34.4,11
4,Jordan Love,40306,QB,GB,1,0,12,60.0,100.0,15,48.4,15,60.0,0,96.9,31,32,60.0,100.0,15,48.4,15
4,Theo Johnson,129787,TE,NYG,1,0,21,52.3,100.0,10,32.3,10,43.6,0,100.0,31,31,37.4,100.0,20,64.5,20
4,Tucker Kraft,104034,TE,GB,1,0,12,62.8,100.0,15,48.4,15,70.0,0,100.0,31,31,67.2,100.0,14,45.2,14
4,Nico Collins,61441,WR,HST,1,0,13,81.3,100.0,14,46.7,14,86.2,0,100.0,30,30,79.9,100.0,13,43.3,13
4,Christian Mahogany,98261,G,DET,1,0,11,63.2,100.0,9,30.0,9,44.2,0,100.0,30,30,38.1,100.0,18,60.0,18
4,Romeo Doubs,84329,WR,GB,1,0,12,61.6,100.0,14,46.7,14,32.6,0,100.0,30,30,55.8,100.0,14,46.7,14
4,Ryan Van Demark,55113,T,BUF,1,0,4,75.7,100.0,15,50.0,15,82.0,0,100.0,30,30,79.5,100.0,10,33.3,10
4,Juice Scruggs,81800,G,HST,1,0,13,44.5,100.0,11,36.7,11,46.3,0,100.0,30,30,53.1,100.0,17,56.7,17
4,Connor McGovern,41714,C,BUF,1,0,4,57.8,100.0,15,50.0,15,74.3,0,100.0,30,30,83.0,100.0,10,33.3,10
4,Tate Ratledge,124034,G,DET,1,0,11,60.8,100.0,9,30.0,9,49.1,1,100.0,30,30,52.8,100.0,18,60.0,18
4,Dylan Parham,60953,G,LV,1,0,23,76.4,100.0,5,17.2,5,54.8,0,100.0,29,29,45.2,100.0,20,69.0,20
4,Kingsley Suamataia,146558,G,KC,1,0,16,75.5,100.0,7,24.1,7,64.9,0,100.0,29,29,56.6,100.0,17,58.6,17
4,Jordan Meredith,60235,C,LV,1,0,23,52.6,100.0,5,17.2,5,64.6,0,100.0,29,29,65.4,100.0,20,69.0,20
4,Jackson Powers-Johnson,146550,G,LV,1,0,23,58.6,100.0,5,17.2,5,70.1,0,100.0,29,29,66.6,100.0,20,69.0,20
4,Juwan Johnson,28305,TE,NO,1,0,20,64.2,100.0,10,34.5,10,53.0,0,100.0,29,29,50.5,100.0,15,51.7,15
4,DJ Glaze,129511,T,LV,1,0,23,72.9,100.0,5,17.2,5,56.1,0,100.0,29,29,49.9,100.0,20,69.0,20
4,Adam Trautman,109795,TE,DEN,1,0,10,58.7,100.0,15,51.7,15,73.7,0,100.0,29,29,82.6,100.0,10,34.5,10
4,AJ Barner,129433,TE,SEA,1,0,29,55.8,100.0,10,35.7,10,53.8,0,100.0,28,28,63.1,100.0,18,64.3,18
4,Cole Strange,22976,G,MIA,1,0,17,87.2,100.0,7,25.0,7,69.6,0,100.0,28,28,56.0,100.0,20,71.4,20
4,Larry Borom,59879,T,MIA,1,0,17,36.7,100.0,7,25.0,7,57.7,0,100.0,28,28,60.1,100.0,20,71.4,20
4,Jonah Savaiinaea,158742,G,MIA,1,0,17,54.1,100.0,7,25.0,7,61.2,0,100.0,28,28,64.8,100.0,20,71.4,20
4,Cade Mays,81995,C,CAR,1,0,5,53.7,100.0,11,39.3,11,60.7,0,100.0,28,28,65.3,100.0,16,57.1,16
4,Mason McCormick,78326,G,PIT,1,0,25,72.5,100.0,11,39.3,11,72.8,0,100.0,28,28,67.7,100.0,14,50.0,14
4,Courtland Sutton,48164,WR,DEN,1,0,10,92.3,100.0,17,60.7,17,89.9,0,100.0,28,28,60.2,100.0,9,32.1,9
4,Jakobi Meyers,47468,WR,LV,1,0,23,55.2,100.0,5,17.9,5,31.2,1,100.0,28,28,55.9,100.0,20,71.4,20
4,Dalton Schultz,47304,TE,HST,1,0,13,48.9,100.0,11,39.3,11,73.8,0,100.0,28,28,84.3,100.0,14,50.0,14
4,Spencer Rattler,97408,QB,NO,1,0,20,60.0,81.8,9,32.1,11,60.0,0,87.5,28,32,60.0,100.0,16,57.1,16
4,Kolton Miller,47013,T,LV,1,0,23,46.0,100.0,4,14.3,4,80.2,0,100.0,28,28,86.2,100.0,20,71.4,20
4,Ikem Ekwonu,98286,T,CAR,1,0,5,74.6,100.0,11,39.3,11,73.4,0,100.0,28,28,67.8,100.0,16,57.1,16
4,Aaron Brewer,46014,C,MIA,1,0,17,67.2,100.0,7,25.0,7,62.6,0,100.0,28,28,59.0,100.0,20,71.4,20
4,Troy Fautanu,100521,T,PIT,1,0,25,47.4,100.0,11,39.3,11,53.6,0,100.0,28,28,60.9,100.0,14,50.0,14
4,Patrick Paul,101019,T,MIA,1,0,17,23.6,100.0,7,25.0,7,41.8,1,100.0,28,28,66.6,100.0,20,71.4,20
4,Damien Lewis,81532,G,CAR,1,0,5,60.9,100.0,11,39.3,11,60.7,1,100.0,28,28,69.6,100.0,16,57.1,16
4,Taylor Moton,11819,T,CAR,1,0,5,66.2,100.0,11,39.3,11,75.7,0,100.0,28,28,76.4,100.0,16,57.1,16
4,Zach Frazier,123419,C,PIT,1,0,25,52.2,100.0,11,39.3,11,63.2,0,100.0,28,28,70.2,100.0,14,50.0,14
4,Broderick Jones,124025,T,PIT,1,0,25,56.6,100.0,11,39.3,11,53.4,0,100.0,28,28,53.3,100.0,14,50.0,14
4,T.J. Bass,131703,G,DAL,1,0,9,50.5,100.0,13,48.1,13,66.7,0,100.0,27,27,81.2,100.0,10,37.0,10
4,Geno Smith,7820,QB,LV,1,0,23,60.0,100.0,5,18.5,5,60.0,0,93.1,27,29,60.0,100.0,20,74.1,20
4,Cornelius Lucas,9025,T,CLV,1,0,8,70.5,100.0,15,55.6,15,70.0,0,100.0,27,27,64.4,100.0,8,29.6,8
4,Ethan Pocic,11813,C,CLV,1,0,8,54.3,100.0,15,55.6,15,51.7,0,100.0,27,27,53.9,100.0,8,29.6,8
4,Dion Dawkins,11818,T,BUF,1,0,4,73.4,100.0,15,55.6,15,57.2,0,100.0,27,27,41.9,100.0,10,37.0,10
4,David Edwards,35941,G,BUF,1,0,4,59.3,100.0,15,55.6,15,76.7,0,100.0,27,27,87.6,100.0,10,37.0,10
4,Darnell Washington,124044,TE,PIT,1,0,25,46.9,100.0,10,37.0,10,61.0,0,100.0,27,27,67.3,100.0,14,51.9,14
4,Anton Harrison,122929,T,JAX,1,0,15,74.0,100.0,9,33.3,9,72.2,1,100.0,27,27,48.9,100.0,12,44.4,12
4,O'Cyrus Torrence,102821,G,BUF,1,0,4,58.9,100.0,15,55.6,15,49.9,0,100.0,27,27,55.3,100.0,10,37.0,10
4,Sam LaPorta,101690,TE,DET,1,0,11,51.0,100.0,7,25.9,7,74.2,0,100.0,27,27,80.8,100.0,17,63.0,17
4,Wyatt Teller,46131,G,CLV,1,0,8,73.9,100.0,15,55.6,15,76.5,0,100.0,27,27,64.1,100.0,8,29.6,8
4,Tyler Smith,98385,G,DAL,1,1,9,70.7,100.0,13,48.1,13,86.1,1,100.0,27,27,76.7,100.0,10,37.0,10
4,Drake London,86519,WR,ATL,1,0,2,58.1,100.0,7,25.9,7,67.0,0,100.0,27,27,70.2,100.0,20,74.1,20
4,Brock Hoffman,54535,C,DAL,1,0,9,71.7,100.0,13,48.1,13,66.7,0,100.0,27,27,70.0,100.0,10,37.0,10
4,Tua Tagovailoa,60326,QB,MIA,1,0,17,60.0,100.0,7,25.9,7,60.0,0,96.4,27,28,60.0,95.0,19,70.4,20
4,KT Leveston,77487,T,CLV,1,0,8,55.7,100.0,15,55.6,15,65.9,0,100.0,27,27,78.2,100.0,8,29.6,8
4,Taylor Decker,10650,T,DET,1,0,11,44.4,100.0,8,30.8,8,56.5,0,100.0,26,26,65.0,100.0,17,65.4,17
4,Creed Humphrey,59996,C,KC,1,0,16,66.2,100.0,7,26.9,7,82.4,0,100.0,26,26,83.3,100.0,16,61.5,16
4,Brandin Cooks,8655,WR,NO,1,0,20,58.5,100.0,8,30.8,8,58.5,0,100.0,26,26,60.6,100.0,13,50.0,13
4,Harold Fannin Jr.,163104,TE,CLV,1,0,8,43.1,93.3,14,53.8,15,48.1,0,96.3,26,27,63.6,100.0,8,30.8,8
4,Penei Sewell,81788,T,DET,1,0,11,72.9,100.0,8,30.8,8,86.9,0,100.0,26,26,86.1,100.0,17,65.4,17
4,Alaric Jackson,40972,T,LA,1,0,26,59.4,100.0,5,19.2,5,67.2,0,100.0,26,26,72.9,100.0,18,69.2,18
4,Kevin Dotson,46735,G,LA,1,0,26,77.0,100.0,5,19.2,5,74.2,0,100.0,26,26,67.2,100.0,18,69.2,18
4,Ben Brown,59869,G,NE,1,0,19,52.1,100.0,11,42.3,11,68.1,0,100.0,26,26,63.8,100.0,6,23.1,6
4,Trevor Lawrence,77632,QB,JAX,1,0,15,60.0,100.0,12,46.2,12,60.0,0,81.3,26,32,60.0,92.3,12,46.2,13
4,Jared Goff,10635,QB,DET,1,0,11,60.0,100.0,8,30.8,8,60.0,0,100.0,26,26,60.0,100.0,17,65.4,17
4,Isaac Seumalo,10713,G,PIT,1,0,25,54.8,100.0,11,42.3,11,69.2,0,100.0,26,26,77.2,100.0,14,53.8,14
4,Dak Prescott,10769,QB,DAL,1,0,9,60.0,100.0,13,50.0,13,60.3,0,96.3,26,27,60.0,100.0,10,38.5,10
4,Garrett Bradbury,46013,C,NE,1,0,19,53.2,100.0,11,42.3,11,71.5,0,100.0,26,26,65.5,100.0,6,23.1,6
4,Aaron Rodgers,2241,QB,PIT,1,0,25,60.0,100.0,11,42.3,11,60.1,0,92.9,26,28,60.0,100.0,14,53.8,14
4,Josh Allen,46601,QB,BUF,1,0,4,60.0,100.0,15,57.7,15,60.0,0,86.7,26,30,60.0,100.0,10,38.5,10
4,Tre Tucker,101106,WR,LV,1,0,23,56.5,100.0,5,19.2,5,58.5,0,92.9,26,28,62.0,100.0,19,73.1,19
4,Mike Onwenu,27357,G,NE,1,0,19,84.4,100.0,11,42.3,11,83.0,0,100.0,26,26,74.1,100.0,6,23.1,6
4,Coleman Shelton,39316,C,LA,1,0,26,52.5,100.0,5,19.2,5,67.2,0,100.0,26,26,72.6,100.0,18,69.2,18
4,Rob Havenstein,9490,T,LA,1,0,26,41.8,100.0,5,19.2,5,45.9,0,100.0,26,26,53.1,100.0,18,69.2,18
4,Graham Glasgow,10729,C,DET,1,0,11,61.2,100.0,8,30.8,8,72.4,0,100.0,26,26,74.3,100.0,17,65.4,17
4,Charlie Woerner,42257,TE,ATL,1,0,2,37.2,100.0,7,26.9,7,45.0,0,100.0,26,26,56.3,100.0,19,73.1,19
4,Justin Dedich,83018,G,LA,1,0,26,56.9,100.0,5,19.2,5,82.3,0,100.0,26,26,82.2,100.0,18,69.2,18
4,Trey Smith,62960,G,KC,1,0,16,58.1,100.0,7,26.9,7,67.2,0,100.0,26,26,71.0,100.0,14,53.8,14
4,Ben Bredeson,27305,G,TB,1,0,30,42.7,100.0,15,60.0,15,38.5,0,100.0,25,25,44.7,100.0,7,28.0,7
4,Baker Mayfield,46518,QB,TB,1,0,30,60.1,100.0,15,60.0,15,60.1,0,100.0,25,25,60.0,100.0,7,28.0,7
4,Charlie Heck,36501,T,TB,1,0,30,48.4,100.0,15,60.0,15,49.0,0,100.0,25,25,56.4,100.0,7,28.0,7
4,Luke Haggard,129442,G,TB,1,0,30,41.6,100.0,15,60.0,15,38.4,0,100.0,25,25,46.3,100.0,7,28.0,7
4,Parker Washington,129799,WR,JAX,1,0,15,58.4,100.0,10,40.0,10,42.3,0,96.2,25,26,60.9,100.0,13,52.0,13
4,Terence Steele,39461,T,DAL,1,0,9,68.6,100.0,12,48.0,12,83.9,0,100.0,25,25,79.1,100.0,10,40.0,10
4,Jordan Mailata,66916,T,PHI,1,0,24,56.1,100.0,12,48.0,12,76.5,0,100.0,25,25,89.6,100.0,10,40.0,10
4,Tristan Wirfs,64818,T,TB,1,0,30,52.3,100.0,15,60.0,15,57.1,0,100.0,25,25,66.5,100.0,7,28.0,7
4,Tetairoa McMillan,158735,WR,CAR,1,0,5,60.6,100.0,10,40.0,10,59.3,0,100.0,25,25,58.7,100.0,14,56.0,14
4,Graham Barton,122367,C,TB,1,0,30,65.4,100.0,15,60.0,15,62.3,0,100.0,25,25,57.3,100.0,7,28.0,7
4,Landon Dickerson,41712,G,PHI,1,0,24,71.2,100.0,12,48.0,12,71.9,0,100.0,25,25,68.0,100.0,10,40.0,10
4,Joel Bitonio,8670,G,CLV,1,0,8,53.8,100.0,14,56.0,14,56.6,0,100.0,25,25,64.5,100.0,7,28.0,7
4,Jackson Hawes,109374,TE,BUF,1,0,4,57.7,100.0,15,60.0,15,51.5,0,100.0,25,25,52.1,100.0,5,20.0,5
4,Cam Jurgens,84014,C,PHI,1,0,24,59.5,100.0,12,48.0,12,44.8,0,100.0,25,25,51.8,100.0,10,40.0,10
4,Amon-Ra St. Brown,84470,WR,DET,1,0,11,60.1,100.0,8,32.0,8,59.7,0,100.0,25,25,60.3,100.0,16,64.0,16
4,Cole Kmet,60995,TE,CHI,1,0,6,58.1,100.0,4,16.7,4,47.6,0,100.0,24,24,56.0,100.0,15,62.5,15
4,Tyler Guyton,123076,T,DAL,1,0,9,59.9,100.0,11,45.8,11,53.5,0,100.0,24,24,50.3,100.0,9,37.5,9
4,Julian Hill,88685,TE,MIA,1,0,17,69.3,100.0,6,25.0,6,79.1,0,100.0,24,24,77.5,100.0,18,75.0,18
4,Jordan Whittington,97623,WR,LA,1,0,26,58.5,100.0,4,16.7,4,57.8,0,100.0,24,24,58.3,100.0,17,70.8,17
4,Tyler Steen,81921,G,PHI,1,0,24,44.4,100.0,12,50.0,12,52.0,0,100.0,24,24,52.7,100.0,9,37.5,9
4,Theo Benedet,169632,T,CHI,1,0,6,46.8,100.0,4,16.7,4,39.8,0,100.0,24,24,43.6,100.0,15,62.5,15
4,Drew Dalman,52270,C,CHI,1,0,6,57.6,100.0,4,16.7,4,73.2,0,100.0,24,24,76.4,100.0,15,62.5,15
4,A.J. Brown,48327,WR,PHI,1,0,24,60.5,100.0,12,50.0,12,61.2,0,100.0,24,24,61.7,100.0,10,41.7,10
4,Jonah Jackson,37070,G,CHI,1,0,6,56.6,100.0,4,16.7,4,58.3,1,100.0,24,24,59.9,100.0,15,62.5,15
4,Jaylen Waddle,84088,WR,MIA,1,0,17,58.8,100.0,5,20.8,5,38.4,0,100.0,24,24,60.9,100.0,19,79.2,19
4,Dontayvion Wicks,99711,WR,GB,1,0,12,76.9,100.0,12,50.0,12,46.7,0,100.0,24,24,54.3,100.0,10,41.7,10
4,Joe Thuney,10712,G,CHI,1,0,6,66.7,100.0,4,16.7,4,61.1,0,100.0,24,24,57.4,100.0,15,62.5,15
4,Olumuyiwa Fashanu,129777,T,NYJ,1,0,22,70.9,100.0,8,34.8,8,60.2,0,100.0,23,23,51.5,100.0,15,65.2,15
4,Joe Tippmann,101568,G,NYJ,1,0,22,69.3,100.0,8,34.8,8,65.4,0,100.0,23,23,60.3,100.0,15,65.2,15
4,Matthew Stafford,4924,QB,LA,1,0,26,60.0,100.0,5,21.7,5,60.0,0,88.5,23,26,60.0,100.0,18,78.3,18
4,Tommy Tremble,84025,TE,CAR,1,0,5,50.7,100.0,9,39.1,9,67.5,0,100.0,23,23,82.9,100.0,13,56.5,13
4,Noah Gray,60878,TE,KC,1,0,16,56.9,100.0,5,21.7,5,71.8,0,100.0,23,23,78.0,100.0,13,56.5,13
4,Cade Otton,61071,TE,TB,1,0,30,53.6,100.0,14,60.9,14,58.9,0,100.0,23,23,54.3,100.0,7,30.4,7
4,Josh Myers,59992,C,NYJ,1,0,22,55.3,100.0,8,34.8,8,57.7,0,100.0,23,23,60.5,100.0,15,65.2,15
4,Jawaan Taylor,41665,T,KC,1,0,16,49.8,100.0,7,30.4,7,53.3,0,100.0,23,23,59.2,100.0,13,56.5,13
4,Armand Membou,125008,T,NYJ,1,0,22,47.5,100.0,8,34.8,8,80.3,0,100.0,23,23,90.8,100.0,15,65.2,15
4,Xavier Hutchinson,122518,WR,HST,1,0,13,59.3,100.0,10,43.5,10,57.6,0,100.0,23,23,58.2,100.0,11,47.8,11
4,John Simpson,41715,G,NYJ,1,0,22,67.7,100.0,8,34.8,8,64.2,0,100.0,23,23,59.6,100.0,15,65.2,15
4,Chris Olave,84355,WR,NO,1,0,20,60.8,100.0,6,26.1,6,60.0,0,100.0,23,23,59.8,100.0,14,60.9,14
4,Josh Simmons,88924,T,KC,1,0,16,80.2,100.0,7,30.4,7,69.4,0,100.0,23,23,59.4,100.0,13,56.5,13
4,Patrick Mahomes,11765,QB,KC,1,0,16,60.0,100.0,7,31.8,7,60.0,0,95.7,22,23,60.0,100.0,13,59.1,13
4,Jake Brendel,11117,C,SF,1,0,28,57.3,100.0,6,27.3,6,64.0,0,100.0,22,22,60.1,100.0,15,68.2,15
4,Colton McKivitz,29314,T,SF,1,0,28,76.8,100.0,6,27.3,6,75.3,0,100.0,22,22,68.4,100.0,15,68.2,15
4,Kyle Pitts,83964,TE,ATL,1,0,2,41.5,100.0,4,18.2,4,53.0,0,100.0,22,22,59.9,100.0,18,81.8,18
4,Joe Flacco,4332,QB,CLV,1,0,8,60.0,100.0,14,63.6,14,60.0,0,88.0,22,25,60.0,100.0,7,31.8,7
4,Jalen Tolbert,61637,WR,DAL,1,0,9,69.5,100.0,11,50.0,11,63.0,0,100.0,22,22,54.8,100.0,8,36.4,8
4,Garrett Wilson,97405,WR,NYJ,1,0,22,60.5,100.0,8,36.4,8,59.8,0,100.0,22,22,59.3,100.0,14,63.6,14
4,Cooper Kupp,11824,WR,SEA,1,0,29,79.0,100.0,10,45.5,10,82.7,0,100.0,22,22,56.0,100.0,12,54.5,12
4,Trent Williams,5529,T,SF,1,0,28,72.2,100.0,6,27.3,6,82.3,0,100.0,22,22,79.9,100.0,15,68.2,15
4,Jaxon Smith-Njigba,129758,WR,SEA,1,0,29,78.5,88.9,8,36.4,9,88.9,1,91.7,22,24,81.1,93.3,14,63.6,15
4,Dominick Puni,163815,G,SF,1,0,28,66.9,100.0,6,27.3,6,67.9,0,100.0,22,22,65.6,100.0,15,68.2,15
4,David Njoku,11784,TE,CLV,1,0,8,54.8,100.0,12,54.5,12,54.6,0,100.0,22,22,57.9,100.0,7,31.8,7
4,Connor Colby,144862,G,SF,1,0,28,76.5,100.0,6,27.3,6,71.9,0,100.0,22,22,64.2,100.0,15,68.2,15
4,Justin Fields,82118,QB,NYJ,1,0,22,60.0,87.5,7,33.3,8,60.0,0,91.3,21,23,60.0,93.3,14,66.7,15
4,Tanor Bortolini,129915,C,IND,1,0,14,59.6,100.0,6,28.6,6,55.4,0,100.0,21,21,54.5,100.0,12,57.1,12
4,Bryce Young,123943,QB,CAR,1,0,5,60.0,100.0,7,33.3,7,60.0,0,100.0,21,21,60.0,100.0,13,61.9,13
4,Jalen Hurts,40291,QB,PHI,1,0,24,60.0,100.0,12,57.1,12,60.0,0,84.0,21,25,60.0,80.0,8,38.1,10
4,Drake Maye,143969,QB,NE,1,0,19,60.0,100.0,11,52.4,11,60.0,0,100.0,21,21,60.0,100.0,6,28.6,6
4,Ian Thomas,42130,TE,LV,1,0,23,60.3,100.0,4,19.0,4,63.7,0,100.0,21,21,64.8,100.0,13,61.9,13
4,DeVonta Smith,61100,WR,PHI,1,0,24,54.0,100.0,9,42.9,9,55.3,0,100.0,21,21,61.4,100.0,9,42.9,9
4,George Pickens,99229,WR,DAL,1,0,9,54.2,100.0,11,52.4,11,56.0,0,100.0,21,21,61.5,100.0,7,33.3,7
4,Braden Smith,46794,T,IND,1,0,14,77.2,100.0,6,28.6,6,55.2,0,100.0,21,21,40.3,100.0,12,57.1,12
4,Brock Purdy,77672,QB,SF,1,0,28,60.0,100.0,6,28.6,6,60.0,0,95.5,21,22,60.0,100.0,15,71.4,15
4,Brian Thomas Jr.,146760,WR,JAX,1,0,15,55.7,100.0,10,47.6,10,56.3,1,95.5,21,22,60.0,100.0,9,42.9,9
4,Will Campbell,157106,T,NE,1,0,19,46.1,100.0,11,52.4,11,68.1,0,100.0,21,21,81.6,100.0,6,28.6,6
4,Morgan Moses,8701,T,NE,1,0,19,65.3,100.0,11,52.4,11,53.9,0,100.0,21,21,45.2,100.0,6,28.6,6
4,Dalton Tucker,81717,G,IND,1,0,14,55.2,100.0,6,28.6,6,47.6,0,100.0,21,21,47.3,100.0,12,57.1,12
4,Bernhard Raimann,77948,T,IND,1,0,14,44.9,100.0,6,28.6,6,85.7,0,100.0,21,21,91.7,100.0,12,57.1,12
4,Quenton Nelson,12954,G,IND,1,0,14,76.7,100.0,6,28.6,6,80.6,0,100.0,21,21,73.5,100.0,12,57.1,12
4,Andrew Wylie,12333,G,WAS,1,0,32,55.0,100.0,11,55.0,11,43.2,0,100.0,20,20,46.1,100.0,6,30.0,6
4,Josh Conerly Jr.,163291,T,WAS,1,0,32,60.5,100.0,11,55.0,11,55.8,0,100.0,20,20,52.5,100.0,6,30.0,6
4,Tyler Biadasz,41178,C,WAS,1,0,32,57.4,100.0,11,55.0,11,50.9,0,100.0,20,20,56.3,100.0,6,30.0,6
4,Laremy Tunsil,10647,T,WAS,1,0,32,71.6,100.0,11,55.0,11,79.8,0,100.0,20,20,71.1,100.0,6,30.0,6
4,Austin Hooper,10715,TE,NE,1,0,19,45.1,100.0,9,45.0,9,60.5,1,100.0,20,20,61.8,100.0,5,25.0,5
4,Christian Kirk,47546,WR,HST,1,0,13,55.1,100.0,10,50.0,10,51.6,0,100.0,20,20,54.8,100.0,8,40.0,8
4,D.K. Metcalf,47864,WR,PIT,1,0,25,51.5,100.0,8,40.0,8,52.7,0,100.0,20,20,62.0,100.0,12,60.0,12
4,Patrick Mekari,46219,G,JAX,1,0,15,75.4,100.0,9,45.0,9,71.9,0,100.0,20,20,62.7,100.0,8,40.0,8
4,Daniel Jones,39395,QB,IND,1,0,14,60.0,100.0,6,30.0,6,60.2,0,95.2,20,21,60.0,100.0,12,60.0,12
4,Keon Coleman,144949,WR,BUF,1,0,4,59.7,100.0,11,55.0,11,59.8,0,100.0,20,20,60.2,100.0,9,45.0,9
4,JuJu Smith-Schuster,11817,WR,KC,1,0,16,59.0,100.0,6,30.0,6,30.8,0,100.0,20,20,60.5,100.0,11,55.0,11
4,Jameson Williams,101701,WR,DET,1,0,11,53.0,100.0,4,20.0,4,52.3,0,95.2,20,21,55.8,100.0,16,80.0,16
4,Chris Paul,77579,G,WAS,1,0,32,43.5,100.0,11,55.0,11,45.7,0,100.0,20,20,57.1,100.0,6,30.0,6
4,Brock Bowers,146715,TE,LV,1,0,23,71.0,100.0,5,25.0,5,48.0,0,100.0,20,20,53.0,100.0,13,65.0,13
4,Brycen Tremayne,84425,WR,CAR,1,0,5,61.6,100.0,8,42.1,8,89.5,0,100.0,19,19,90.8,100.0,11,57.9,11
4,Adonai Mitchell,146712,WR,IND,1,0,14,60.6,100.0,6,31.6,6,45.2,1,100.0,19,19,42.1,100.0,11,57.9,11
4,Michael Pittman Jr.,29049,WR,IND,1,0,14,60.6,100.0,6,31.6,6,39.0,0,100.0,19,19,60.9,100.0,11,57.9,11
4,Jerry Jeudy,61103,WR,CLV,1,0,8,61.5,100.0,10,52.6,10,62.3,0,100.0,19,19,61.1,100.0,7,36.8,7
4,Caleb Williams,144622,QB,CHI,1,0,6,60.0,100.0,4,21.1,4,60.0,0,79.2,19,24,60.0,86.7,13,68.4,15
4,Puka Nacua,100632,WR,LA,1,0,26,60.2,100.0,4,21.1,4,70.7,0,100.0,19,19,71.7,100.0,14,73.7,14
4,Marcus Mariota,9435,QB,WAS,1,0,32,60.0,90.9,10,52.6,11,60.2,0,95.0,19,20,60.0,100.0,6,31.6,6
4,Emeka Egbuka,145055,WR,TB,1,0,30,54.7,100.0,11,57.9,11,56.2,0,95.0,19,20,61.3,100.0,6,31.6,6
4,Nate Adkins,87625,TE,DEN,1,0,10,82.1,100.0,14,73.7,14,71.9,0,100.0,19,19,59.9,100.0,4,21.1,4
4,Hunter Henry,10669,TE,NE,1,0,19,56.3,100.0,8,42.1,8,55.2,0,100.0,19,19,58.1,100.0,6,31.6,6
4,Will Fries,41530,G,MIN,1,0,18,67.8,100.0,7,38.9,7,62.3,0,100.0,18,18,56.9,100.0,10,55.6,10
4,Jayden Higgins,150240,WR,HST,1,0,13,56.1,100.0,6,33.3,6,56.6,0,100.0,18,18,59.4,100.0,11,61.1,11
4,Christian Darrisaw,77373,T,MIN,1,0,18,70.5,100.0,7,38.9,7,58.7,0,100.0,18,18,49.7,100.0,10,55.6,10
4,Justin Jefferson,61398,WR,MIN,1,0,18,60.4,100.0,7,38.9,7,60.1,0,100.0,18,18,60.2,100.0,10,55.6,10
4,Dallas Goedert,47272,TE,PHI,1,0,24,59.1,100.0,6,33.3,6,49.4,0,100.0,18,18,59.5,100.0,9,50.0,9
4,Brenton Strange,101694,TE,JAX,1,0,15,50.2,100.0,8,44.4,8,58.0,1,100.0,18,18,68.7,100.0,8,44.4,8
4,Blake Brandel,46282,C,MIN,1,0,18,76.5,100.0,7,38.9,7,66.3,0,100.0,18,18,54.9,100.0,10,55.6,10
4,Carson Wentz,10636,QB,MIN,1,0,18,60.0,100.0,7,38.9,7,60.0,0,100.0,18,18,60.0,100.0,10,55.6,10
4,Brock Wright,60994,TE,DET,1,0,11,55.6,100.0,8,44.4,8,60.7,0,100.0,18,18,66.2,100.0,8,44.4,8
4,Durham Smythe,47257,TE,CHI,1,0,6,67.8,100.0,3,17.6,3,55.8,0,100.0,17,17,50.6,100.0,11,64.7,11
4,Casey Washington,101710,WR,ATL,1,0,2,60.0,100.0,3,17.6,3,61.1,0,100.0,17,17,59.9,100.0,11,64.7,11
4,Jake Ferguson,61081,TE,DAL,1,0,9,56.8,100.0,11,64.7,11,55.0,0,100.0,17,17,56.9,100.0,4,23.5,4
4,Mason Taylor,157122,TE,NYJ,1,0,22,54.0,100.0,6,35.3,6,61.5,0,100.0,17,17,66.9,100.0,11,64.7,11
4,Jack Stoll,42058,TE,NO,1,0,20,45.5,100.0,8,47.1,8,45.0,0,100.0,17,17,52.9,100.0,6,35.3,6
4,Davante Adams,8688,WR,LA,1,0,26,60.5,100.0,4,23.5,4,62.0,0,100.0,17,17,61.8,100.0,12,70.6,12
4,Ben Sinnott,122616,TE,WAS,1,0,32,50.1,100.0,11,64.7,11,63.7,0,100.0,17,17,70.4,100.0,4,23.5,4
4,Cesar Ruiz,59857,G,NO,1,0,20,58.3,100.0,6,35.3,6,67.1,0,100.0,17,17,72.0,100.0,7,41.2,7
4,Jordan Addison,123000,WR,MIN,1,0,18,48.9,100.0,7,41.2,7,51.4,0,100.0,17,17,60.0,100.0,9,52.9,9
4,Rashid Shaheed,63707,WR,NO,1,0,20,58.2,100.0,4,23.5,4,58.1,0,89.5,17,19,58.9,100.0,12,70.6,12
4,Alec Ingold,34934,FB,MIA,1,0,17,56.9,100.0,3,17.6,3,54.2,0,100.0,17,17,56.2,100.0,14,82.4,14
4,Eric Saubert,11929,TE,SEA,1,0,29,57.6,100.0,7,41.2,7,62.0,0,100.0,17,17,55.1,100.0,10,58.8,10
4,Kayshon Boutte,124087,WR,NE,1,0,19,61.6,100.0,9,52.9,9,61.0,0,100.0,17,17,60.9,100.0,5,29.4,5
4,Mitchell Evans,147486,TE,CAR,1,0,5,56.8,100.0,6,37.5,6,58.0,0,100.0,16,16,60.7,100.0,10,62.5,10
4,DJ Moore,48267,WR,CHI,1,0,6,60.0,100.0,1,6.3,1,59.6,0,100.0,16,16,60.4,100.0,12,75.0,12
4,Hunter Long,60859,TE,JAX,1,0,15,59.4,100.0,4,25.0,4,74.6,0,100.0,16,16,79.1,100.0,7,43.8,7
4,Alex Palczewski,59738,G,DEN,1,0,10,63.4,100.0,8,50.0,8,70.4,1,100.0,16,16,70.1,100.0,5,31.3,5
4,Lane Johnson,7786,T,PHI,1,0,24,77.2,100.0,7,43.8,7,79.0,0,100.0,16,16,68.5,100.0,7,43.8,7
4,Johnny Mundt,12206,TE,JAX,1,0,15,51.7,100.0,5,31.3,5,58.4,0,100.0,16,16,67.5,100.0,5,31.3,5
4,Rome Odunze,73774,WR,CHI,1,0,6,57.8,100.0,1,6.3,1,38.1,0,100.0,16,16,59.4,100.0,12,75.0,12
4,Elijah Arroyo,143933,TE,SEA,1,0,29,85.9,100.0,7,43.8,7,67.1,0,100.0,16,16,47.3,100.0,9,56.3,9
4,Cam Ward,133244,QB,TEN,1,0,31,60.0,100.0,10,66.7,10,60.0,0,100.0,15,15,60.0,100.0,5,33.3,5
4,Bradley Bozeman,27934,C,LAC,1,0,27,58.3,100.0,11,73.3,11,43.5,0,100.0,15,15,48.5,100.0,4,26.7,4
4,Grant Calcaterra,60997,TE,PHI,1,0,24,39.4,100.0,9,60.0,9,39.9,0,100.0,15,15,51.4,100.0,4,26.7,4
4,Torricelli Simpkins III,150473,G,NO,1,0,20,62.9,100.0,5,33.3,5,63.5,0,100.0,15,15,62.1,100.0,9,60.0,9
4,Darnell Mooney,48236,WR,ATL,1,0,2,60.0,100.0,3,20.0,3,59.5,0,100.0,15,15,59.1,100.0,12,80.0,12
4,Orlando Brown Jr.,46227,T,CIN,1,0,7,43.5,100.0,6,40.0,6,46.4,0,100.0,15,15,57.2,100.0,5,33.3,5
4,Peter Skoronski,129737,G,TEN,1,0,31,57.7,100.0,10,66.7,10,74.3,0,100.0,15,15,74.9,100.0,5,33.3,5
4,Trey Pipkins III,91462,T,LAC,1,0,27,61.9,100.0,11,73.3,11,69.7,0,100.0,15,15,72.9,100.0,4,26.7,4
4,Olisaemeka Udoh,28394,T,TEN,1,0,31,55.6,100.0,10,66.7,10,54.4,0,100.0,15,15,57.2,100.0,5,33.3,5
4,Tyler Warren,129798,TE,IND,1,0,14,42.8,75.0,3,20.0,4,44.3,0,88.2,15,17,64.4,100.0,10,66.7,10
4,Jalen Rivers,122221,G,CIN,1,0,7,48.7,100.0,6,40.0,6,45.9,0,100.0,15,15,51.8,100.0,5,33.3,5
4,Kevin Zeitler,7032,G,TEN,1,0,31,60.0,100.0,10,66.7,10,55.4,0,100.0,15,15,53.0,100.0,5,33.3,5
4,Lloyd Cushenberry III,41924,C,TEN,1,0,31,54.1,100.0,10,66.7,10,60.2,0,100.0,15,15,56.1,100.0,5,33.3,5
4,Spencer Anderson,81719,G,PIT,1,0,25,57.0,100.0,8,53.3,8,57.5,0,100.0,15,15,59.8,100.0,5,33.3,5
4,Ted Karras,10855,C,CIN,1,0,7,59.0,100.0,6,40.0,6,61.3,0,100.0,15,15,63.9,100.0,5,33.3,5
4,Dylan Fairchild,146716,G,CIN,1,0,7,46.3,100.0,6,40.0,6,43.8,0,100.0,15,15,63.9,100.0,5,33.3,5
4,Zion Johnson,99681,G,LAC,1,0,27,70.1,100.0,11,73.3,11,46.7,1,100.0,15,15,39.9,100.0,4,26.7,4
4,T.J. Hockenson,40912,TE,MIN,1,0,18,55.5,100.0,6,40.0,6,43.0,0,100.0,15,15,52.1,100.0,8,53.3,8
4,Quentin Johnston,123085,WR,LAC,1,0,27,60.8,100.0,11,73.3,11,60.5,0,100.0,15,15,59.9,100.0,4,26.7,4
4,Amarius Mims,146719,T,CIN,1,0,7,59.7,100.0,6,40.0,6,58.8,0,100.0,15,15,59.2,100.0,5,33.3,5
4,Jamaree Salyer,81656,T,LAC,1,0,27,77.1,100.0,11,73.3,11,74.1,0,100.0,15,15,58.7,100.0,4,26.7,4
4,Dan Moore Jr.,60120,T,TEN,1,0,31,36.5,100.0,10,66.7,10,52.1,0,100.0,15,15,79.0,100.0,5,33.3,5
4,Chris Godwin,11839,WR,TB,1,0,30,60.8,100.0,9,60.0,9,59.1,0,100.0,15,15,60.3,100.0,3,20.0,3
4,Brady Christensen,51985,G,CAR,1,0,5,79.4,100.0,7,50.0,7,78.1,0,100.0,14,14,65.6,100.0,7,50.0,7
4,Kalif Raymond,11028,WR,DET,1,0,11,59.9,100.0,5,35.7,5,75.6,0,100.0,14,14,59.8,100.0,8,57.1,8
4,Mack Hollins,11873,WR,NE,1,0,19,76.3,100.0,8,57.1,8,66.8,0,100.0,14,14,60.1,100.0,3,21.4,3
4,Kendrick Bourne,12270,WR,SF,1,0,28,59.9,100.0,3,21.4,3,33.0,0,100.0,14,14,55.3,100.0,11,78.6,11
4,Justin Herbert,28237,QB,LAC,1,0,27,60.0,100.0,11,78.6,11,60.0,0,93.3,14,15,60.0,75.0,3,21.4,4
4,Dawson Knox,35883,TE,BUF,1,0,4,59.0,100.0,6,42.9,6,65.9,0,100.0,14,14,70.3,100.0,7,50.0,7
4,Justin Skule,38951,T,MIN,1,0,18,70.2,100.0,5,35.7,5,70.5,0,100.0,14,14,66.2,100.0,8,57.1,8
4,Reggie Gilliam,40951,FB,BUF,1,0,4,71.8,100.0,7,50.0,7,70.3,0,100.0,14,14,58.0,100.0,3,21.4,3
4,Jake Tonges,60864,TE,SF,1,0,28,73.0,100.0,4,28.6,4,80.9,0,100.0,14,14,75.7,100.0,10,71.4,10
4,Ja'Marr Chase,84270,WR,CIN,1,0,7,61.4,100.0,6,42.9,6,55.5,0,100.0,14,14,60.7,100.0,5,35.7,5
4,Ozzy Trapilo,123552,T,CHI,1,0,6,60.0,100.0,2,14.3,2,59.9,0,100.0,14,14,48.8,100.0,9,64.3,9
4,Dont'e Thornton Jr.,146547,WR,LV,1,0,23,,,0,0.0,0,76.9,0,100.0,14,14,61.1,100.0,12,85.7,12
4,Davis Allen,99697,TE,LA,1,0,26,79.7,100.0,4,30.8,4,77.7,0,100.0,13,13,64.4,100.0,7,53.8,7
4,Andrew Vorhees,60818,G,BLT,1,0,3,66.4,100.0,3,23.1,3,83.0,0,100.0,13,13,70.3,100.0,10,76.9,10
4,Nick Westbrook-Ikhine,47861,WR,MIA,1,0,17,60.0,100.0,1,7.7,1,76.4,0,100.0,13,13,59.9,100.0,12,92.3,12
4,Ray-Ray McCloud III,47895,WR,ATL,1,0,2,60.0,100.0,3,23.1,3,61.6,0,100.0,13,13,60.8,100.0,10,76.9,10
4,Jake Browning,46401,QB,CIN,1,0,7,60.0,100.0,6,46.2,6,60.0,0,86.7,13,15,60.0,100.0,5,38.5,5
4,Austin Deculus,59821,T,LAC,1,0,27,55.0,100.0,10,76.9,10,54.3,0,100.0,13,13,57.4,100.0,3,23.1,3
4,Daniel Faalele,81734,G,BLT,1,0,3,58.3,100.0,3,23.1,3,49.3,0,100.0,13,13,49.3,100.0,10,76.9,10
4,Josh Reynolds,11872,WR,NYJ,1,0,22,53.9,100.0,5,38.5,5,55.3,0,100.0,13,13,60.0,100.0,8,61.5,8
4,David Sills V,34579,WR,ATL,1,0,2,60.1,100.0,3,23.1,3,61.2,0,100.0,13,13,60.3,100.0,7,53.8,7
4,Jamari Thrash,97399,WR,CLV,1,0,8,43.2,100.0,7,53.8,7,46.6,0,100.0,13,13,60.0,100.0,4,30.8,4
4,Malik Nabers,146759,WR,NYG,1,0,21,59.7,100.0,7,53.8,7,60.5,0,100.0,13,13,60.9,100.0,5,38.5,5
4,Jauan Jennings,48027,WR,SF,1,0,28,59.6,100.0,2,15.4,2,31.4,0,100.0,13,13,49.0,100.0,10,76.9,10
4,Cole Van Lanen,41583,T,JAX,1,0,15,48.1,100.0,4,30.8,4,57.7,0,100.0,13,13,68.2,100.0,5,38.5,5
4,Ladd McConkey,124030,WR,LAC,1,0,27,43.4,100.0,10,76.9,10,45.8,1,100.0,13,13,60.3,100.0,3,23.1,3
4,Payne Durham,84037,TE,TB,1,0,30,47.1,100.0,8,61.5,8,57.9,1,100.0,13,13,70.3,100.0,4,30.8,4
4,Tim Patrick,12087,WR,JAX,1,1,15,54.2,100.0,4,30.8,4,53.4,1,100.0,13,13,57.4,100.0,5,38.5,5
4,Tyler Linderbaum,82291,C,BLT,1,0,3,59.6,100.0,3,23.1,3,63.5,0,100.0,13,13,58.2,100.0,10,76.9,10
4,Roger Rosengarten,131912,T,BLT,1,0,3,71.1,100.0,3,23.1,3,78.4,0,100.0,13,13,65.2,100.0,10,76.9,10
4,Travis Hunter,160766,WR,JAX,1,0,15,85.0,100.0,6,46.2,6,82.2,0,100.0,13,13,60.8,100.0,5,38.5,5
4,Daniel Bellinger,84041,TE,NYG,1,0,21,57.7,100.0,5,41.7,5,55.7,0,100.0,12,12,56.4,100.0,7,58.3,7
4,Deebo Samuel,48274,WR,WAS,1,0,32,81.6,87.5,7,58.3,8,77.2,0,80.0,12,15,59.6,100.0,4,33.3,4
4,Marvin Harrison Jr.,145056,WR,ARZ,1,0,1,60.9,100.0,5,41.7,5,62.6,0,100.0,12,12,61.4,100.0,7,58.3,7
4,Hjalte Froholdt,44959,C,ARZ,1,0,1,49.9,100.0,5,41.7,5,74.0,0,100.0,12,12,70.3,100.0,7,58.3,7
4,Jeremy Ruckert,84029,TE,NYJ,1,0,22,58.0,100.0,5,41.7,5,58.1,0,100.0,12,12,59.4,100.0,7,58.3,7
4,Colby Parkinson,52266,TE,LA,1,0,26,59.0,100.0,4,33.3,4,68.4,0,100.0,12,12,71.7,100.0,6,50.0,6
4,Marquise Brown,61568,WR,KC,1,0,16,58.4,100.0,4,33.3,4,59.6,0,100.0,12,12,61.8,100.0,7,58.3,7
4,Luke Musgrave,98499,TE,GB,1,0,12,60.2,100.0,7,58.3,7,46.0,0,100.0,12,12,51.6,100.0,5,41.7,5
4,Jonah Williams,41651,T,ARZ,1,0,1,57.7,100.0,5,41.7,5,58.5,0,100.0,12,12,60.2,100.0,7,58.3,7
4,Evan Brown,38709,G,ARZ,1,0,1,54.8,100.0,5,41.7,5,42.3,0,100.0,12,12,52.9,100.0,7,58.3,7
4,Isaiah Adams,158192,G,ARZ,1,0,1,86.1,100.0,5,41.7,5,57.0,0,100.0,12,12,45.7,100.0,7,58.3,7
4,Paris Johnson Jr.,129749,T,ARZ,1,0,1,53.6,100.0,5,41.7,5,60.5,0,100.0,12,12,52.3,100.0,7,58.3,7
4,Hunter Renfrow,47509,WR,CAR,1,0,5,59.0,100.0,4,33.3,4,59.1,0,100.0,12,12,60.4,100.0,7,58.3,7
4,KaVontae Turpin,47658,WR,DAL,1,0,9,60.0,100.0,5,41.7,5,58.7,0,92.3,12,13,60.0,100.0,5,41.7,5
4,Matthew Golden,156165,WR,GB,1,0,12,52.9,100.0,5,41.7,5,53.9,0,92.3,12,13,59.5,100.0,6,50.0,6
4,Stefon Diggs,9579,WR,NE,1,0,19,61.1,100.0,6,50.0,6,60.1,0,100.0,12,12,60.2,100.0,3,25.0,3
4,Ricky Pearsall,100660,WR,SF,1,0,28,59.5,100.0,4,33.3,4,49.3,0,100.0,12,12,47.9,100.0,8,66.7,8
4,Calvin Ridley,48262,WR,TEN,1,0,31,59.3,100.0,7,58.3,7,59.1,0,100.0,12,12,59.6,100.0,5,41.7,5
4,Jalen Nailor,84292,WR,MIN,1,0,18,46.9,100.0,5,41.7,5,45.9,0,100.0,12,12,54.8,100.0,7,58.3,7
4,Olamide Zaccheaus,44920,WR,CHI,1,0,6,60.0,100.0,3,25.0,3,29.6,0,100.0,12,12,60.0,100.0,6,50.0,6
4,Andrei Iosivas,109811,WR,CIN,1,0,7,60.0,100.0,3,27.3,3,60.3,0,91.7,11,12,60.2,100.0,5,45.5,5
4,Luke Farrell,42353,TE,SF,1,0,28,40.9,100.0,3,27.3,3,59.8,0,100.0,11,11,68.5,100.0,7,63.6,7
4,Keenan Allen,7857,WR,LAC,1,0,27,58.5,100.0,7,63.6,7,57.4,0,100.0,11,11,58.3,100.0,4,36.4,4
4,Chris Manhertz,10211,TE,NYG,1,0,21,57.7,100.0,3,27.3,3,52.7,0,100.0,11,11,53.1,100.0,8,72.7,8
4,Connor Heyward,57301,TE,PIT,1,0,25,57.3,100.0,2,18.2,2,54.8,0,91.7,11,12,56.2,100.0,7,63.6,7
4,Troy Franklin,146567,WR,DEN,1,0,10,59.6,100.0,4,36.4,4,60.3,0,100.0,11,11,61.3,100.0,6,54.5,6
4,Demarcus Robinson,10760,WR,SF,1,0,28,59.1,100.0,4,36.4,4,58.6,0,100.0,11,11,59.1,100.0,7,63.6,7
4,Tyreek Hill,10799,WR,MIA,1,0,17,59.7,100.0,4,36.4,4,59.9,0,100.0,11,11,60.7,100.0,6,54.5,6
4,Jahan Dotson,84375,WR,PHI,1,0,24,58.6,100.0,3,27.3,3,58.8,0,100.0,11,11,60.7,100.0,6,54.5,6
4,Trent Sherfield,48021,WR,DEN,1,0,10,82.0,100.0,7,63.6,7,78.8,0,100.0,11,11,59.8,100.0,1,9.1,1
4,Tory Horton,128232,WR,SEA,1,0,29,60.0,100.0,3,27.3,3,54.6,0,100.0,11,11,55.4,100.0,8,72.7,8
4,Jalin Hyatt,124282,WR,NYG,1,0,21,60.1,100.0,4,36.4,4,55.6,0,100.0,11,11,54.4,100.0,7,63.6,7
4,Kyler Murray,38334,QB,ARZ,1,0,1,60.0,100.0,5,45.5,5,60.0,0,91.7,11,12,60.0,85.7,6,54.5,7
4,James Mitchell,77885,TE,CAR,1,0,5,59.8,100.0,5,50.0,5,65.5,0,100.0,10,10,67.5,100.0,5,50.0,5
4,Khalil Shakir,84140,WR,BUF,1,0,4,60.5,100.0,4,40.0,4,55.6,1,100.0,10,10,56.6,100.0,5,50.0,5
4,Drew Sample,47259,TE,CIN,1,0,7,57.6,100.0,6,60.0,6,56.8,0,100.0,10,10,59.6,100.0,2,20.0,2
4,Pat Bryant,144800,WR,DEN,1,0,10,52.2,100.0,7,70.0,7,32.8,0,100.0,10,10,60.0,100.0,2,20.0,2
4,Elijah Moore,84302,WR,BUF,1,0,4,59.2,100.0,3,30.0,3,59.0,0,90.9,10,11,59.8,100.0,6,60.0,6
4,Michael Wilson,84423,WR,ARZ,1,0,1,59.9,100.0,5,50.0,5,55.2,0,100.0,10,10,54.9,100.0,5,50.0,5
4,Ryan Kelly,10652,C,MIN,1,0,18,62.5,100.0,2,20.0,2,56.7,0,100.0,10,10,49.3,100.0,7,70.0,7
4,Mike Caliendo,41446,G,KC,1,0,16,59.7,100.0,2,20.0,2,55.1,0,100.0,10,10,44.7,100.0,5,50.0,5
4,Trey McBride,75916,TE,ARZ,1,0,1,77.1,100.0,4,40.0,4,82.2,0,100.0,10,10,60.3,100.0,6,60.0,6
4,Josh Downs,122832,WR,IND,1,0,14,60.0,100.0,2,20.0,2,58.9,0,100.0,10,10,59.6,100.0,8,80.0,8
4,Braxton Jones,60092,T,CHI,1,0,6,46.3,100.0,2,20.0,2,28.1,0,100.0,10,10,38.6,100.0,6,60.0,6
4,Elic Ayomanor,157263,WR,TEN,1,0,31,59.3,100.0,7,70.0,7,59.3,0,100.0,10,10,59.9,100.0,3,30.0,3
4,Tez Johnson,123709,WR,TB,1,0,30,60.3,100.0,6,60.0,6,53.7,0,90.9,10,11,52.4,100.0,4,40.0,4
4,Xavier Worthy,144718,WR,KC,1,0,16,60.1,100.0,3,30.0,3,61.2,0,90.9,10,11,61.5,100.0,6,60.0,6
4,Calvin Austin III,61418,WR,PIT,1,0,25,59.4,100.0,3,30.0,3,60.8,0,100.0,10,10,61.5,100.0,7,70.0,7
4,Brevyn Spann-Ford,84006,TE,DAL,1,0,9,69.4,100.0,2,20.0,2,66.3,0,100.0,10,10,58.7,100.0,7,70.0,7
4,Jalen Royals,163442,WR,KC,1,0,16,60.0,100.0,1,10.0,1,59.3,0,100.0,10,10,60.4,100.0,7,70.0,7
4,Luke Schoonmaker,84005,TE,DAL,1,0,9,59.3,100.0,4,40.0,4,66.0,0,100.0,10,10,69.9,100.0,4,40.0,4
4,Travis Kelce,7844,TE,KC,1,0,16,74.8,100.0,3,30.0,3,68.2,0,100.0,10,10,57.6,100.0,7,70.0,7
4,Robert Tonyan,12193,TE,KC,1,0,16,60.0,100.0,1,11.1,1,71.3,0,100.0,9,9,71.3,100.0,6,66.7,6
4,Arian Smith,124039,WR,NYJ,1,0,22,60.0,100.0,1,11.1,1,54.2,0,100.0,9,9,53.8,100.0,8,88.9,8
4,Beaux Collins,144112,WR,NYG,1,0,21,60.4,100.0,3,33.3,3,62.2,0,100.0,9,9,61.4,100.0,6,66.7,6
4,Fred Johnson,46951,T,PHI,1,0,24,66.3,100.0,5,55.6,5,66.0,0,100.0,9,9,61.0,100.0,3,33.3,3
4,Tee Higgins,61211,WR,CIN,1,0,7,58.4,100.0,5,55.6,5,36.0,0,100.0,9,9,60.0,100.0,3,33.3,3
4,Isaiah Bond,163586,WR,CLV,1,0,8,60.5,100.0,4,44.4,4,61.9,0,100.0,9,9,60.0,100.0,4,44.4,4
4,Josh Oliver,47083,TE,MIN,1,0,18,47.9,100.0,3,33.3,3,47.7,0,100.0,9,9,70.2,100.0,5,55.6,5
4,Kyle Juszczyk,7912,FB,SF,1,0,28,66.7,100.0,4,44.4,4,54.6,0,100.0,9,9,46.3,100.0,4,44.4,4
4,Jaylin Lane,121811,WR,WAS,1,0,32,59.1,100.0,5,55.6,5,58.7,0,100.0,9,9,59.8,100.0,3,33.3,3
4,Malik Heath,124173,WR,GB,1,0,12,60.3,100.0,3,33.3,3,78.2,0,100.0,9,9,59.5,100.0,6,66.7,6
4,Curtis Samuel,11795,WR,BUF,1,0,4,60.6,100.0,7,77.8,7,59.0,0,100.0,9,9,59.7,100.0,1,11.1,1
4,Chris Moore,10741,WR,WAS,1,0,32,60.2,100.0,4,44.4,4,59.2,0,100.0,9,9,60.1,100.0,3,33.3,3
4,Zay Flowers,97268,WR,BLT,1,0,3,,,0,0.0,0,60.2,0,100.0,9,9,60.2,100.0,9,100.0,9
4,Rashod Bateman,84296,WR,BLT,1,0,3,60.0,100.0,2,22.2,2,62.4,0,100.0,9,9,61.7,100.0,7,77.8,7
4,Ben Skowronek,27948,WR,PIT,1,0,25,60.0,100.0,4,44.4,4,31.2,0,100.0,9,9,53.6,100.0,3,33.3,3
4,Sterling Shepard,10674,WR,TB,1,0,30,58.1,100.0,6,66.7,6,57.3,0,90.0,9,10,59.6,100.0,2,22.2,2
4,Chigoziem Okonkwo,84000,TE,TEN,1,0,31,56.3,100.0,5,55.6,5,53.2,0,100.0,9,9,54.8,100.0,4,44.4,4
4,Tyler Higbee,10744,TE,LA,1,0,26,,,0,0.0,0,78.3,0,100.0,9,9,80.6,100.0,8,88.9,8
4,Mo Alie-Cox,12078,TE,IND,1,0,14,59.9,100.0,3,33.3,3,61.3,0,100.0,9,9,61.9,100.0,4,44.4,4
4,Malik Washington,97108,WR,MIA,1,0,17,59.5,100.0,4,50.0,4,34.5,0,80.0,8,10,60.0,80.0,4,50.0,5
4,Gunnar Helm,144726,TE,TEN,1,0,31,59.7,100.0,6,75.0,6,59.9,0,100.0,8,8,60.2,100.0,2,25.0,2
4,Teagan Quitoriano,84036,TE,ATL,1,0,2,61.8,100.0,2,25.0,2,59.4,0,100.0,8,8,57.5,100.0,3,37.5,3
4,Jack Westover,84079,FB,NE,1,0,19,59.4,100.0,2,25.0,2,52.5,0,100.0,8,8,59.2,100.0,1,12.5,1
4,Michael Jurgens,77345,C,MIN,1,0,18,45.2,100.0,5,62.5,5,37.8,0,100.0,8,8,51.7,100.0,3,37.5,3
4,Brandon Walton,41533,G,CAR,1,0,5,66.3,100.0,2,25.0,2,70.8,0,100.0,8,8,66.1,100.0,6,75.0,6
4,Scott Miller,47481,WR,PIT,1,0,25,60.3,100.0,4,50.0,4,61.6,0,100.0,8,8,60.9,100.0,4,50.0,4
4,Tyquan Thornton,78092,WR,KC,1,0,16,60.0,100.0,1,12.5,1,28.8,0,100.0,8,8,60.8,100.0,6,75.0,6
4,Evan Engram,11778,TE,DEN,1,0,10,59.6,100.0,3,37.5,3,43.4,0,100.0,8,8,60.1,100.0,2,25.0,2
4,Charlie Kolar,60917,TE,BLT,1,0,3,70.4,100.0,3,37.5,3,75.3,0,100.0,8,8,69.1,100.0,5,62.5,5
4,Lamar Jackson,46416,QB,BLT,1,0,3,60.0,66.7,2,25.0,3,60.0,0,80.0,8,10,60.0,85.7,6,75.0,7
4,Marvin Mims Jr.,122937,WR,DEN,1,0,10,57.0,100.0,6,75.0,6,57.5,0,88.9,8,9,60.0,100.0,2,25.0,2
4,Joe Noteboom,46249,T,BLT,1,0,3,60.0,100.0,1,12.5,1,70.6,0,100.0,8,8,70.6,100.0,7,87.5,7
4,Greg Dortch,42237,WR,ARZ,1,0,1,59.9,100.0,4,57.1,4,34.4,0,100.0,7,7,60.1,100.0,3,42.9,3
4,Jaylon Moore,43678,T,KC,1,0,16,59.9,100.0,1,14.3,1,52.8,0,100.0,7,7,52.8,100.0,4,57.1,4
4,Kyle Williams,128374,WR,NE,1,0,19,60.0,100.0,1,14.3,1,59.7,0,87.5,7,8,,,0,0.0,0
4,Trent Scott,24481,T,WAS,1,0,32,57.1,100.0,3,42.9,3,56.7,0,100.0,7,7,60.0,100.0,2,28.6,2
4,Jake Bobo,77997,WR,SEA,1,0,29,71.3,100.0,4,57.1,4,89.5,0,100.0,7,7,78.3,100.0,3,42.9,3
4,Allen Lazard,48135,WR,NYJ,1,0,22,52.9,100.0,3,42.9,3,53.5,0,100.0,7,7,60.0,100.0,4,57.1,4
4,Hunter Luepke,91319,FB,DAL,1,0,9,52.6,100.0,4,57.1,4,50.6,0,87.5,7,8,59.6,100.0,2,28.6,2
4,Cameron Latu,82647,TE,PHI,1,0,24,39.2,100.0,5,71.4,5,41.6,0,100.0,7,7,60.0,100.0,1,14.3,1
4,Luther Burden III,157170,WR,CHI,1,0,6,60.0,100.0,3,42.9,3,53.4,0,100.0,7,7,52.6,100.0,3,42.9,3
4,Tyler Lockett,9502,WR,TEN,1,0,31,57.3,100.0,5,71.4,5,57.2,0,100.0,7,7,60.0,100.0,2,28.6,2
4,Tyrell Shavers,61107,WR,BUF,1,0,4,52.9,100.0,2,28.6,2,43.3,0,100.0,7,7,60.0,100.0,2,28.6,2
4,Pat Freiermuth,84085,TE,PIT,1,0,25,64.7,100.0,4,57.1,4,64.7,0,100.0,7,7,59.9,100.0,2,28.6,2
4,Chimere Dike,129918,WR,TEN,1,0,31,53.5,100.0,5,71.4,5,47.4,0,100.0,7,7,53.1,100.0,2,28.6,2
4,Chandler Zavala,144009,G,CAR,1,0,5,55.4,100.0,3,42.9,3,64.4,0,100.0,7,7,67.5,100.0,3,42.9,3
4,Andy Dalton,6187,QB,CAR,1,0,5,60.0,100.0,4,57.1,4,60.0,0,100.0,7,7,60.0,100.0,3,42.9,3
4,Mike Gesicki,47153,TE,CIN,1,0,7,79.9,100.0,3,42.9,3,37.2,0,100.0,7,7,60.4,100.0,3,42.9,3
4,Jaylin Noel,125155,WR,HST,1,0,13,60.0,100.0,1,14.3,1,60.8,0,87.5,7,8,61.3,100.0,6,85.7,6
4,Tylan Wallace,61577,WR,BLT,1,0,3,59.5,100.0,3,50.0,3,59.6,0,100.0,6,6,60.1,100.0,3,50.0,3
4,Vederian Lowe,59741,T,NE,1,0,19,,,0,0.0,0,58.9,0,100.0,6,6,59.4,100.0,1,16.7,1
4,Travis Etienne Jr.,57185,HB,JAX,1,0,15,,0.0,0,0.0,11,60.0,0,24.0,6,25,60.0,11.1,1,16.7,9
4,Tucker Fisk,52286,TE,LAC,1,0,27,56.5,100.0,5,83.3,5,56.6,0,100.0,6,6,59.6,100.0,1,16.7,1
4,Van Jefferson,47447,WR,TEN,1,0,31,60.5,100.0,4,66.7,4,60.6,0,100.0,6,6,60.0,100.0,2,33.3,2
4,Mark Andrews,47436,TE,BLT,1,0,3,60.0,100.0,1,16.7,1,59.8,0,100.0,6,6,61.2,100.0,5,83.3,5
4,Wanya Morris,98247,T,KC,1,0,16,,,0,0.0,0,72.1,1,100.0,6,6,72.4,100.0,4,66.7,4
4,Luke McCaffrey,101634,WR,WAS,1,0,32,59.6,100.0,3,50.0,3,60.2,0,100.0,6,6,60.0,100.0,3,50.0,3
4,Teven Jenkins,41534,G,CLV,1,0,8,58.9,100.0,3,50.0,3,58.1,0,100.0,6,6,60.0,100.0,1,16.7,1
4,Tre Harris,122676,WR,LAC,1,0,27,54.0,100.0,4,66.7,4,48.0,0,100.0,6,6,57.8,100.0,2,33.3,2
4,Adam Prentice,35639,FB,DEN,1,0,10,,,0,0.0,0,72.8,0,85.7,6,7,72.3,100.0,3,50.0,3
4,Harrison Bryant,26394,TE,HST,1,0,13,60.0,100.0,2,33.3,2,57.3,0,100.0,6,6,58.5,100.0,4,66.7,4
4,Zaire Mitchell-Paden,145197,TE,BLT,1,0,3,59.9,100.0,2,33.3,2,58.7,0,100.0,6,6,58.7,100.0,4,66.7,4
4,Moliki Matavao,146561,TE,NO,1,0,20,58.6,100.0,3,50.0,3,58.2,0,100.0,6,6,59.2,100.0,3,50.0,3
4,Cam Skattebo,147787,HB,NYG,1,0,21,70.5,33.3,3,50.0,9,81.8,0,18.2,6,33,60.0,8.7,2,33.3,23
4,Laken Tomlinson,9461,G,HST,1,0,13,74.7,100.0,4,66.7,4,64.8,0,100.0,6,6,60.0,100.0,1,16.7,1
4,Tay Martin,61811,WR,WAS,1,0,32,59.4,100.0,2,40.0,2,59.4,0,100.0,5,5,60.1,100.0,3,60.0,3
4,Isaac TeSlaa,172430,WR,DET,1,0,11,60.0,100.0,1,20.0,1,60.8,0,100.0,5,5,60.4,100.0,4,80.0,4
4,Cedric Tillman,84434,WR,CLV,1,0,8,53.8,100.0,4,80.0,4,47.9,0,100.0,5,5,60.0,100.0,1,20.0,1
4,Max Mitchell,81707,T,NYJ,1,0,22,60.0,100.0,1,20.0,1,60.0,0,100.0,5,5,60.1,100.0,4,80.0,4
4,Dalton Kincaid,91791,TE,BUF,1,0,4,44.0,100.0,2,40.0,2,48.5,0,100.0,5,5,,,0,0.0,0
4,Andrew Beck,47121,FB,NYJ,1,0,22,58.6,100.0,2,40.0,2,49.1,0,100.0,5,5,49.7,100.0,3,60.0,3
4,Rhamondre Stevenson,98689,HB,NE,1,0,19,,0.0,0,0.0,6,60.0,0,35.7,5,14,,0.0,0,0.0,2
4,Nathan Thomas,98390,T,DAL,1,0,9,71.1,100.0,3,60.0,3,60.3,0,100.0,5,5,60.0,100.0,1,20.0,1
4,Blake Fisher,147479,T,HST,1,0,13,57.4,100.0,4,80.0,4,56.7,0,100.0,5,5,59.2,100.0,1,20.0,1
4,Ronnie Stanley,10640,T,BLT,1,0,3,60.0,100.0,2,40.0,2,57.8,0,100.0,5,5,57.4,100.0,3,60.0,3
4,Joshua Palmer,62979,WR,BUF,1,0,4,60.0,100.0,3,60.0,3,55.3,1,100.0,5,5,60.0,100.0,2,40.0,2
4,Marcus Bryant,121917,T,NE,1,0,19,,,0,0.0,0,58.5,0,100.0,5,5,,,0,0.0,0
4,Xavier Smith,102585,WR,LA,1,0,26,,,0,0.0,0,47.3,1,100.0,5,5,40.5,100.0,3,60.0,3
4,Scott Matlock,82482,FB,LAC,1,0,27,63.5,100.0,4,80.0,4,61.5,0,100.0,5,5,60.0,100.0,1,20.0,1
4,Konata Mumpfield,145598,WR,LA,1,0,26,,,0,0.0,0,60.0,0,100.0,5,5,60.2,100.0,3,60.0,3
4,Chuma Edoga,46232,T,JAX,1,0,15,68.8,100.0,3,60.0,3,68.2,0,100.0,5,5,60.0,100.0,1,20.0,1
4,Zach Ertz,7816,TE,WAS,1,0,32,59.8,100.0,2,40.0,2,55.7,0,100.0,5,5,60.4,100.0,2,40.0,2
4,Colson Yankoff,83589,TE,WAS,1,0,32,66.0,100.0,5,100.0,5,66.0,0,100.0,5,5,,,0,0.0,0
4,Isaiah Likely,83955,TE,BLT,1,0,3,60.0,100.0,1,20.0,1,34.0,0,100.0,5,5,48.6,100.0,4,80.0,4
4,Ryan Flournoy,159617,WR,DAL,1,0,9,75.7,100.0,4,80.0,4,75.4,0,83.3,5,6,60.0,100.0,1,20.0,1
4,John FitzPatrick,83974,TE,GB,1,0,12,48.5,100.0,2,40.0,2,49.4,0,100.0,5,5,60.1,100.0,3,60.0,3
4,Blake Whiteheart,77881,TE,CLV,1,0,8,59.2,100.0,4,80.0,4,59.5,0,100.0,5,5,60.0,100.0,1,20.0,1
4,Brady Russell,60876,FB,SEA,1,0,29,60.0,100.0,1,20.0,1,56.3,0,100.0,5,5,56.8,100.0,4,80.0,4
4,Andrew Ogletree,138351,TE,IND,1,0,14,60.0,100.0,1,20.0,1,59.8,0,100.0,5,5,60.0,100.0,2,40.0,2
4,Jack Bech,146771,WR,LV,1,0,23,60.0,100.0,1,25.0,1,59.6,0,100.0,4,4,60.1,100.0,3,75.0,3
4,Matt Peart,46179,G,DEN,1,0,10,60.0,100.0,1,25.0,1,60.0,0,100.0,4,4,,,0,0.0,0
4,RJ Harvey,99622,HB,DEN,1,0,10,,0.0,0,0.0,8,60.0,0,23.5,4,17,,0.0,0,0.0,5
4,Gardner Minshew,41401,QB,KC,1,0,16,,,0,0.0,0,60.0,0,66.7,4,6,60.0,100.0,4,100.0,4
4,Trystan Colon,41117,G,DET,1,0,11,60.0,100.0,1,25.0,1,59.8,0,100.0,4,4,60.0,100.0,1,25.0,1
4,Kylen Granson,40630,TE,PHI,1,0,24,59.5,100.0,2,50.0,2,60.1,0,100.0,4,4,60.0,100.0,1,25.0,1
4,Kendre Miller,123091,HB,NO,1,0,20,59.8,33.3,1,25.0,3,59.4,0,28.6,4,14,,0.0,0,0.0,7
4,Mitchell Tinsley,123470,WR,CIN,1,0,7,,,0,0.0,0,55.5,0,100.0,4,4,60.0,100.0,2,50.0,2
4,Brian O'Neill,46854,T,MIN,1,0,18,60.0,100.0,2,50.0,2,43.0,0,100.0,4,4,59.0,100.0,2,50.0,2
4,Elijah Higgins,98027,TE,ARZ,1,0,1,60.0,100.0,1,25.0,1,69.0,0,100.0,4,4,59.1,100.0,3,75.0,3
4,Tanner Conner,22777,TE,MIA,1,0,17,60.0,100.0,1,25.0,1,64.6,0,100.0,4,4,60.0,100.0,2,50.0,2
4,Ross Dwelley,20994,TE,DET,1,0,11,60.0,100.0,1,25.0,1,60.0,0,100.0,4,4,59.9,100.0,1,25.0,1
4,Ashton Dulin,91479,WR,IND,1,0,14,60.2,100.0,2,50.0,2,60.2,0,80.0,4,5,59.8,100.0,2,50.0,2
4,Adin Huntington,130493,DI,CLV,1,0,8,59.5,100.0,2,50.0,2,59.1,0,100.0,4,4,,,0,0.0,0
4,Alvin Kamara,11822,HB,NO,1,0,20,60.0,12.5,1,25.0,8,60.0,0,20.0,4,20,,0.0,0,0.0,9
4,Brashard Smith,143951,HB,KC,1,0,16,60.0,50.0,1,25.0,2,60.0,0,44.4,4,9,,0.0,0,0.0,4
4,Nikko Remigio,84150,WR,KC,1,0,16,,,0,0.0,0,59.3,0,100.0,4,4,59.3,100.0,4,100.0,4
4,Oronde Gadsden II,144046,TE,LAC,1,0,27,55.6,100.0,3,75.0,3,56.0,0,100.0,4,4,60.0,100.0,1,25.0,1
4,Chris Rodriguez Jr.,83689,HB,WAS,1,0,32,60.0,28.6,2,50.0,7,59.9,0,36.4,4,11,,0.0,0,0.0,1
4,Giovanni Manu,183106,T,DET,1,0,11,60.0,100.0,1,25.0,1,60.2,0,100.0,4,4,60.0,100.0,1,25.0,1
4,Jackson Meeks,146714,WR,DET,1,0,11,60.0,100.0,1,25.0,1,60.1,0,100.0,4,4,60.0,100.0,1,25.0,1
4,Darren Waller,9637,TE,MIA,1,0,17,59.5,100.0,2,50.0,2,59.2,0,100.0,4,4,60.0,100.0,2,50.0,2
4,Ryan Miller,78734,WR,TB,1,0,30,60.0,100.0,2,50.0,2,60.0,0,100.0,4,4,60.0,100.0,2,50.0,2
4,Ashton Jeanty,157196,HB,LV,1,1,23,,0.0,0,0.0,5,60.0,1,16.0,4,25,,0.0,0,0.0,16
4,Kayode Awosika,44909,G,DET,1,0,11,60.0,100.0,1,25.0,1,59.2,0,100.0,4,4,60.0,100.0,1,25.0,1
4,British Brooks,77714,FB,HST,1,0,13,58.4,100.0,2,66.7,2,57.2,0,100.0,3,3,60.0,100.0,1,33.3,1
4,Ollie Gordon II,157792,HB,MIA,1,0,17,,0.0,0,0.0,2,59.9,0,33.3,3,9,60.0,33.3,2,66.7,6
4,Quinshon Judkins,157128,HB,CLV,1,0,8,60.0,6.7,1,33.3,15,60.0,0,12.5,3,24,,0.0,0,0.0,7
4,Brenden Bates,53746,TE,HST,1,0,13,,,0,0.0,0,60.2,0,100.0,3,3,60.2,100.0,3,100.0,3
4,Alex Forsyth,60012,C,DEN,1,0,10,,,0,0.0,0,60.0,0,100.0,3,3,,,0,0.0,0
4,Jonathan Taylor,57488,HB,IND,1,0,14,60.0,16.7,1,33.3,6,60.0,0,15.0,3,20,,0.0,0,0.0,12
4,Dalevon Campbell,101711,WR,CAR,1,0,5,,,0,0.0,0,60.0,0,100.0,3,3,60.0,100.0,3,100.0,3
4,Ray Davis,101072,HB,BUF,1,0,4,,0.0,0,0.0,1,60.0,0,75.0,3,4,,,0,0.0,0
4,Skyy Moore,97116,WR,SF,1,0,28,,,0,0.0,0,59.9,0,100.0,3,3,59.9,100.0,3,100.0,3
4,Alec Anderson,81882,G,BUF,1,0,4,,,0,0.0,0,60.0,0,100.0,3,3,,,0,0.0,0
4,Quintin Morris,61182,TE,JAX,1,0,15,,,0,0.0,0,60.0,0,100.0,3,3,,,0,0.0,0
4,Bucky Irving,144970,HB,TB,1,0,30,,0.0,0,0.0,12,60.0,0,15.8,3,19,,0.0,0,0.0,4
4,Tyler Allgeier,83639,HB,ATL,1,0,2,,0.0,0,0.0,5,60.0,0,15.8,3,19,,0.0,0,0.0,11
4,Kyle Monangai,129891,HB,CHI,1,0,6,,0.0,0,0.0,1,60.0,0,37.5,3,8,60.0,20.0,1,33.3,5
4,Tip Reiman,129423,TE,ARZ,1,0,1,,,0,0.0,0,57.9,0,100.0,3,3,57.9,100.0,3,100.0,3
4,Stephen Carlson,94365,TE,CHI,1,0,6,57.6,100.0,1,33.3,1,55.4,0,100.0,3,3,60.0,100.0,1,33.3,1
4,Javonte Williams,77803,HB,DAL,1,0,9,,0.0,0,0.0,12,59.7,0,12.5,3,24,,0.0,0,0.0,9
4,Mason Tipton,109617,WR,NO,1,0,20,59.5,100.0,2,66.7,2,59.7,0,100.0,3,3,60.0,100.0,1,33.3,1
4,Cooper Rush,12324,QB,BLT,1,0,3,,,0,0.0,0,60.0,0,100.0,3,3,60.0,100.0,3,100.0,3
4,Sedrick Van Pran-Granger,124042,C,BUF,1,0,4,,,0,0.0,0,60.0,0,100.0,3,3,,,0,0.0,0
4,Jonnu Smith,11855,TE,PIT,1,0,25,,,0,0.0,0,60.0,0,100.0,3,3,60.0,100.0,1,33.3,1
4,Savion Williams,123101,WR,GB,1,0,12,60.0,50.0,1,33.3,2,59.5,0,75.0,3,4,59.8,100.0,2,66.7,2
4,D'Wayne Eskridge,29573,WR,MIA,1,0,17,60.0,100.0,2,66.7,2,84.3,0,100.0,3,3,60.0,100.0,1,33.3,1
4,John Metchie III,97400,WR,PHI,1,0,24,58.4,100.0,2,66.7,2,56.8,0,100.0,3,3,,,0,0.0,0
4,Feleipe Franks,40217,TE,ATL,1,0,2,,,0,0.0,0,60.0,0,100.0,3,3,,,0,0.0,0
4,Chase Lundt,98515,T,BUF,1,0,4,,,0,0.0,0,60.0,0,100.0,3,3,,,0,0.0,0
4,Kameron Johnson,165866,WR,TB,1,0,30,59.8,100.0,3,100.0,3,59.8,0,100.0,3,3,,,0,0.0,0
4,Kenneth Gainwell,77737,HB,PIT,1,0,25,,0.0,0,0.0,9,60.0,0,13.6,3,22,,0.0,0,0.0,10
4,Isaiah Davis,138299,HB,NYJ,1,0,22,60.0,100.0,1,50.0,1,59.8,0,40.0,2,5,60.0,25.0,1,50.0,4
4,Kyle Allen,26152,QB,DET,1,0,11,60.0,100.0,1,50.0,1,60.0,0,50.0,2,4,60.0,100.0,1,50.0,1
4,Roman Wilson,129604,WR,PIT,1,0,25,60.0,100.0,1,50.0,1,59.8,0,100.0,2,2,60.0,100.0,1,50.0,1
4,Jacob Saylors,87559,HB,DET,1,0,11,,0.0,0,0.0,1,60.0,0,50.0,2,4,,0.0,0,0.0,1
4,Joshua Dobbs,11890,QB,NE,1,0,19,,,0,0.0,0,60.0,0,40.0,2,5,,,0,0.0,0
4,Dillon Gabriel,86272,QB,CLV,1,0,8,60.0,100.0,1,50.0,1,60.0,0,100.0,2,2,60.0,100.0,1,50.0,1
4,Devin Singletary,40485,HB,NYG,1,0,21,60.0,33.3,2,100.0,6,60.0,0,22.2,2,9,,0.0,0,0.0,3
4,Chase Brown,77787,HB,CIN,1,0,7,,0.0,0,0.0,5,60.0,0,16.7,2,12,,0.0,0,0.0,4
4,Samaje Perine,11869,HB,CIN,1,0,7,,0.0,0,0.0,1,60.0,0,50.0,2,4,,0.0,0,0.0,1
4,Kareem Hunt,11841,HB,KC,1,0,16,,0.0,0,0.0,5,60.0,0,13.3,2,15,,0.0,0,0.0,7
4,Cam Grandy,134552,TE,CIN,1,0,7,60.1,100.0,1,50.0,1,60.1,0,100.0,2,2,,,0,0.0,0
4,Demario Douglas,104155,WR,NE,1,0,19,,,0,0.0,0,60.0,0,100.0,2,2,,,0,0.0,0
4,Isiah Pacheco,83747,HB,KC,1,0,16,,0.0,0,0.0,1,60.0,0,22.2,2,9,,0.0,0,0.0,6
4,TreVeyon Henderson,145059,HB,NE,1,0,19,59.7,20.0,1,50.0,5,59.9,0,22.2,2,9,,0.0,0,0.0,1
4,Xavier Weaver,101130,WR,ARZ,1,0,1,60.0,100.0,1,50.0,1,60.0,0,100.0,2,2,60.0,100.0,1,50.0,1
4,Josh Jacobs,45953,HB,GB,1,0,12,,0.0,0,0.0,11,60.0,0,8.3,2,24,,0.0,0,0.0,11
4,AJ Dillon,57165,HB,PHI,1,0,24,,0.0,0,0.0,3,60.0,0,40.0,2,5,,,0,0.0,0
4,Derrick Henry,10679,HB,BLT,1,0,3,59.9,33.3,1,50.0,3,59.9,0,20.0,2,10,60.0,14.3,1,50.0,7
4,Nick Chubb,45783,HB,HST,1,0,13,,0.0,0,0.0,5,60.0,0,11.8,2,17,,0.0,0,0.0,10
4,D'Andre Swift,57212,HB,CHI,1,0,6,,0.0,0,0.0,3,60.0,1,12.5,2,16,60.0,10.0,1,50.0,10
4,Saquon Barkley,45791,HB,PHI,1,0,24,,0.0,0,0.0,9,60.0,0,10.0,2,20,60.0,20.0,2,100.0,10
4,Joe Alt,147481,T,LAC,1,0,27,59.3,100.0,1,50.0,1,49.3,0,100.0,2,2,60.0,100.0,1,50.0,1
4,Chuba Hubbard,57373,HB,CAR,1,0,5,,0.0,0,0.0,4,59.6,0,16.7,2,12,60.0,14.3,1,50.0,7
4,Bhayshul Tuten,150568,HB,JAX,1,0,15,,0.0,0,0.0,1,60.0,0,28.6,2,7,,0.0,0,0.0,4
4,Dareke Young,111900,WR,SEA,1,0,29,60.0,100.0,1,50.0,1,59.9,0,100.0,2,2,60.0,100.0,1,50.0,1
4,Stone Forsythe,41795,T,LV,1,0,23,60.0,100.0,1,50.0,1,60.0,0,100.0,2,2,,,0,0.0,0
4,Tutu Atwell,77965,WR,LA,1,0,26,,,0,0.0,0,60.0,0,100.0,2,2,60.0,100.0,2,100.0,2
4,De'Von Achane,124305,HB,MIA,1,0,17,,0.0,0,0.0,5,59.8,0,9.5,2,21,60.0,6.7,1,50.0,15
4,Breece Hall,97636,HB,NYJ,1,0,22,60.0,16.7,1,50.0,6,60.0,0,12.5,2,16,60.0,10.0,1,50.0,10
4,David Montgomery,45719,HB,DET,1,0,11,,0.0,0,0.0,3,60.0,0,10.0,1,10,,0.0,0,0.0,6
4,Mac McWilliams,121497,CB,PHI,1,0,24,,,0,0.0,0,60.0,0,100.0,1,1,,,0,0.0,0
4,Smael Mondon Jr.,146725,LB,PHI,1,0,24,,,0,0.0,0,60.0,0,100.0,1,1,,,0,0.0,0
4,J.K. Dobbins,57366,HB,DEN,1,0,10,,0.0,0,0.0,11,60.0,0,5.6,1,18,,0.0,0,0.0,6
4,Jalen Ramsey,10639,S,PIT,1,0,25,,,0,0.0,0,60.0,0,100.0,1,1,,,0,0.0,0
4,Blake Hance,46301,G,TEN,1,0,31,62.1,100.0,1,100.0,1,62.1,0,100.0,1,1,,,0,0.0,0
4,Dominic Lovett,146872,WR,DET,1,0,11,,,0,0.0,0,60.0,0,100.0,1,1,60.0,100.0,1,100.0,1
4,Woody Marks,124179,HB,HST,1,0,13,,0.0,0,0.0,10,60.0,0,5.3,1,19,,0.0,0,0.0,8
4,LaJohntay Wester,123616,WR,BLT,1,0,3,,,0,0.0,0,60.0,0,100.0,1,1,60.0,100.0,1,100.0,1
4,Kenneth Walker III,97199,HB,SEA,1,0,29,60.0,10.0,1,100.0,10,60.0,1,5.0,1,20,,0.0,0,0.0,10
4,Tanner Hudson,66924,TE,CIN,1,0,7,,,0,0.0,0,60.0,0,100.0,1,1,,,0,0.0,0
4,DJ Giddens,144595,HB,IND,1,0,14,,,0,0.0,0,60.0,0,100.0,1,1,,,0,0.0,0
4,Jeremiah Trotter Jr.,144142,LB,PHI,1,0,24,,,0,0.0,0,60.0,0,100.0,1,1,,,0,0.0,0
4,Luke Fortner,42028,C,NO,1,0,20,60.0,100.0,1,100.0,1,60.0,0,100.0,1,1,,,0,0.0,0
4,Emanuel Wilson,154173,HB,GB,1,0,12,60.0,25.0,1,100.0,4,60.0,0,12.5,1,8,,0.0,0,0.0,4
4,Will Shipley,144138,HB,PHI,1,0,24,,,0,0.0,0,60.0,0,100.0,1,1,,,0,0.0,0
4,Omarion Hampton,162750,HB,LAC,1,0,27,,0.0,0,0.0,11,77.1,0,6.7,1,15,60.0,25.0,1,100.0,4
4,Devaughn Vele,100637,WR,NO,1,0,20,60.0,100.0,1,100.0,1,60.0,0,100.0,1,1,,,0,0.0,0
4,Hakeem Adeniji,45419,G,DAL,1,0,9,,,0,0.0,0,60.0,0,100.0,1,1,60.0,100.0,1,100.0,1
4,Ty Johnson,45769,HB,BUF,1,0,4,,0.0,0,0.0,1,60.0,0,50.0,1,2,,,0,0.0,0
4,Jacory Croskey-Merritt,102382,HB,WAS,1,0,32,60.0,25.0,1,100.0,4,60.0,0,12.5,1,8,,0.0,0,0.0,4
4,Jahdae Walker,175944,WR,CHI,1,0,6,,,0,0.0,0,60.0,0,100.0,1,1,,,0,0.0,0
4,Trevor Etienne,157730,HB,CAR,1,0,5,60.0,20.0,1,100.0,5,60.0,0,12.5,1,8,,0.0,0,0.0,3
4,Amari Kight,99064,T,SEA,1,0,29,,,0,0.0,0,60.0,0,100.0,1,1,60.0,100.0,1,100.0,1
4,Jalen Cropper,97273,WR,DAL,1,0,9,,,0,0.0,0,60.0,0,100.0,1,1,60.0,100.0,1,100.0,1
4,Nick Allegretti,39268,G,WAS,1,0,32,,,0,0.0,0,60.0,0,100.0,1,1,,,0,0.0,0
4,Christian McCaffrey,11763,HB,SF,1,0,28,,0.0,0,0.0,4,60.0,0,5.9,1,17,,0.0,0,0.0,12
4,DeAndre Hopkins,7808,WR,BLT,1,0,3,,,0,0.0,0,60.0,0,100.0,1,1,60.0,100.0,1,100.0,1
4,Sydney Brown,83241,S,PHI,1,0,24,,,0,0.0,0,60.0,0,100.0,1,1,,,0,0.0,0
4,Velus Jones Jr.,40573,HB,NO,1,0,20,59.6,100.0,1,100.0,1,59.6,0,100.0,1,1,,,0,0.0,0
4,James Cook,83666,HB,BUF,1,0,4,,0.0,0,0.0,13,60.0,0,4.2,1,24,,0.0,0,0.0,10
4,Jahmyr Gibbs,122474,HB,DET,1,0,11,60.0,16.7,1,100.0,6,60.0,0,5.9,1,17,,0.0,0,0.0,11
4,Devontez Walker,145773,WR,BLT,1,0,3,,,0,0.0,0,60.0,0,100.0,1,1,60.0,100.0,1,100.0,1
4,Patrick Johnson,56460,ED,PHI,1,0,24,,,0,0.0,0,60.0,0,100.0,1,1,,,0,0.0,0
4,Matt Pryor,46647,T,PHI,1,0,24,,,0,0.0,0,60.0,0,100.0,1,1,60.0,100.0,1,100.0,1
4,Dylan Sampson,163772,HB,CLV,1,0,8,,,0,0.0,0,60.0,0,50.0,1,2,,0.0,0,0.0,1
4,Nick Vannett,10728,TE,MIN,1,0,18,,,0,0.0,0,60.0,0,100.0,1,1,60.0,100.0,1,100.0,1
4,Kyren Williams,97118,HB,LA,1,0,26,,0.0,0,0.0,2,60.0,0,6.7,1,15,,0.0,0,0.0,12
4,Trey Benson,131705,HB,ARZ,1,0,1,,0.0,0,0.0,4,60.0,0,11.1,1,9,60.0,20.0,1,100.0,5
4,Brayden Willis,77917,TE,SF,1,0,28,,,0,0.0,0,60.0,0,100.0,1,1,,,0,0.0,0
4,Charley Hughlett,7336,LS,PHI,1,0,24,,,0,0.0,0,60.0,0,100.0,1,1,,,0,0.0,0
4,Rachaad White,131633,HB,TB,1,0,30,60.0,25.0,1,100.0,4,60.0,0,14.3,1,7,,0.0,0,0.0,3
week,player,player_id,position,team_name,player_game_count,declined_penalties,franchise_id,gap_grades_run_block,gap_run_block_percent,gap_snap_counts_run_block,gap_snap_counts_run_block_percent,gap_snap_counts_run_play,grades_run_block,penalties,run_block_percent,snap_counts_run_block,snap_counts_run_play,zone_grades_run_block,zone_run_block_percent,zone_snap_counts_run_block,zone_snap_counts_run_block_percent,zone_snap_counts_run_play
5,Sam LaPorta,101690,TE,DET,1,0,11,65.1,100.0,13,38.2,13,59.3,0,100.0,34,34,55.7,100.0,17,50.0,17
5,Giovanni Manu,183106,T,DET,1,0,11,49.9,100.0,13,38.2,13,55.3,0,100.0,34,34,60.5,100.0,17,50.0,17
5,Jack Conklin,10642,T,CLV,1,0,8,66.2,100.0,19,55.9,19,63.7,1,100.0,34,34,59.2,100.0,14,41.2,14
5,Ethan Pocic,11813,C,CLV,1,0,8,52.0,100.0,19,55.9,19,63.9,0,100.0,34,34,74.5,100.0,14,41.2,14
5,Joel Bitonio,8670,G,CLV,1,0,8,74.8,100.0,19,55.9,19,76.6,0,100.0,34,34,70.7,100.0,14,41.2,14
5,Christian Mahogany,98261,G,DET,1,0,11,64.6,100.0,13,38.2,13,83.2,0,100.0,34,34,81.8,100.0,17,50.0,17
5,Tate Ratledge,124034,G,DET,1,0,11,60.8,100.0,13,38.2,13,63.3,0,100.0,34,34,63.8,100.0,17,50.0,17
5,Graham Glasgow,10729,C,DET,1,0,11,73.4,100.0,13,38.2,13,63.5,1,100.0,34,34,54.3,100.0,17,50.0,17
5,Wyatt Teller,46131,G,CLV,1,0,8,45.9,100.0,19,55.9,19,53.4,0,100.0,34,34,64.5,100.0,14,41.2,14
5,Penei Sewell,81788,T,DET,1,0,11,68.6,100.0,13,38.2,13,89.8,0,100.0,34,34,90.4,100.0,17,50.0,17
5,Dillon Gabriel,86272,QB,CLV,1,0,8,60.0,94.7,18,54.5,19,60.0,0,97.1,33,34,60.0,100.0,14,42.4,14
5,Jake Brendel,11117,C,SF,1,0,28,65.9,100.0,7,21.2,7,73.6,0,100.0,33,33,66.0,100.0,20,60.6,20
5,Colton McKivitz,29314,T,SF,1,0,28,69.3,100.0,7,21.2,7,56.9,0,100.0,33,33,57.7,100.0,20,60.6,20
5,Trent Williams,5529,T,SF,1,0,28,58.6,100.0,7,21.2,7,69.2,0,100.0,33,33,72.8,100.0,20,60.6,20
5,Dominick Puni,163815,G,SF,1,0,28,45.9,100.0,7,21.2,7,51.6,0,100.0,33,33,59.5,100.0,20,60.6,20
5,Connor Colby,144862,G,SF,1,0,28,35.6,100.0,7,21.2,7,51.3,0,100.0,33,33,55.3,100.0,20,60.6,20
5,Juice Scruggs,81800,G,HST,1,0,13,45.8,100.0,12,37.5,12,36.9,1,100.0,32,32,38.0,100.0,14,43.8,14
5,Ed Ingram,59819,G,HST,1,0,13,75.8,100.0,12,37.5,12,62.6,0,100.0,32,32,51.6,100.0,14,43.8,14
5,David Njoku,11784,TE,CLV,1,0,8,50.9,100.0,17,53.1,17,52.9,0,100.0,32,32,58.5,100.0,14,43.8,14
5,Aireontae Ersery,129649,T,HST,1,0,13,32.8,100.0,12,37.5,12,47.5,0,100.0,32,32,48.6,100.0,14,43.8,14
5,Harold Fannin Jr.,163104,TE,CLV,1,0,8,42.1,100.0,17,53.1,17,52.5,1,100.0,32,32,60.0,100.0,14,43.8,14
5,Jake Andrews,81868,C,HST,1,0,13,59.0,100.0,12,37.5,12,48.5,0,100.0,32,32,44.6,100.0,14,43.8,14
5,Jared Goff,10635,QB,DET,1,0,11,60.0,100.0,13,40.6,13,60.0,0,94.1,32,34,60.0,100.0,17,53.1,17
5,KT Leveston,77487,T,CLV,1,0,8,60.6,100.0,17,53.1,17,49.3,2,100.0,32,32,42.6,100.0,14,43.8,14
5,Kelvin Banks Jr.,163839,T,NO,1,0,20,48.7,100.0,14,45.2,14,53.4,0,100.0,31,31,62.3,100.0,13,41.9,13
5,Trevor Penning,59963,G,NO,1,0,20,59.2,100.0,14,45.2,14,56.2,0,100.0,31,31,53.6,100.0,13,41.9,13
5,Torricelli Simpkins III,150473,G,NO,1,0,20,64.4,100.0,14,45.2,14,67.3,0,100.0,31,31,67.6,100.0,13,41.9,13
5,Erik McCoy,37347,C,NO,1,0,20,58.3,100.0,14,45.2,14,61.1,0,100.0,31,31,63.8,100.0,13,41.9,13
5,Taliese Fuaga,131732,T,NO,1,0,20,48.8,100.0,14,45.2,14,50.3,0,100.0,31,31,56.0,100.0,13,41.9,13
5,Damien Lewis,81532,G,CAR,1,0,5,57.9,100.0,13,43.3,13,75.1,0,100.0,30,30,84.1,100.0,13,43.3,13
5,Ikem Ekwonu,98286,T,CAR,1,0,5,49.9,100.0,13,43.3,13,56.1,0,100.0,30,30,63.3,100.0,13,43.3,13
5,Brady Christensen,51985,G,CAR,1,0,5,66.0,100.0,13,43.3,13,71.1,0,100.0,30,30,70.4,100.0,13,43.3,13
5,Cade Mays,81995,C,CAR,1,0,5,55.2,100.0,13,43.3,13,58.4,0,100.0,30,30,61.5,100.0,13,43.3,13
5,Taylor Moton,11819,T,CAR,1,0,5,82.3,100.0,13,43.3,13,86.7,0,100.0,30,30,79.5,100.0,13,43.3,13
5,Mac Jones,60323,QB,SF,1,0,28,60.0,100.0,7,24.1,7,60.0,0,87.9,29,33,60.0,100.0,20,69.0,20
5,Matt Goncalves,99680,G,IND,1,0,14,62.2,100.0,19,67.9,19,59.8,0,100.0,28,28,57.4,100.0,7,25.0,7
5,Bryce Young,123943,QB,CAR,1,0,5,60.0,100.0,13,46.4,13,60.0,0,93.3,28,30,60.0,100.0,13,46.4,13
5,Quinn Meinerz,112915,G,DEN,1,0,10,60.6,100.0,15,53.6,15,81.6,0,100.0,28,28,90.6,100.0,9,32.1,9
5,Isaiah Adams,158192,G,ARZ,1,0,1,67.6,100.0,23,82.1,23,75.1,0,100.0,28,28,78.8,100.0,4,14.3,4
5,Garett Bolles,11775,T,DEN,1,0,10,46.2,100.0,15,53.6,15,50.1,0,100.0,28,28,58.8,100.0,9,32.1,9
5,Paris Johnson Jr.,129749,T,ARZ,1,0,1,66.9,100.0,23,82.1,23,70.3,0,100.0,28,28,69.7,100.0,4,14.3,4
5,Hjalte Froholdt,44959,C,ARZ,1,0,1,54.2,100.0,23,82.1,23,51.4,0,100.0,28,28,72.8,100.0,4,14.3,4
5,Jonah Williams,41651,T,ARZ,1,0,1,73.9,100.0,23,82.1,23,64.9,0,100.0,28,28,44.1,100.0,4,14.3,4
5,Ben Powers,41482,G,DEN,1,0,10,58.8,100.0,15,53.6,15,56.7,0,100.0,28,28,55.9,100.0,9,32.1,9
5,Luke Wattenberg,41024,C,DEN,1,0,10,43.3,100.0,15,53.6,15,45.5,0,100.0,28,28,56.3,100.0,9,32.1,9
5,Bernhard Raimann,77948,T,IND,1,0,14,53.1,100.0,18,66.7,18,52.7,0,100.0,27,27,57.0,100.0,7,25.9,7
5,Nathan Thomas,98390,T,DAL,1,0,9,71.2,100.0,13,48.1,13,61.5,0,100.0,27,27,38.3,100.0,8,29.6,8
5,Jerry Jeudy,61103,WR,CLV,1,0,8,63.0,100.0,13,48.1,13,62.8,0,100.0,27,27,61.6,100.0,13,48.1,13
5,Brock Wright,60994,TE,DET,1,0,11,66.0,100.0,9,33.3,9,49.8,0,100.0,27,27,40.5,100.0,14,51.9,14
5,Terence Steele,39461,T,DAL,1,0,9,52.8,100.0,13,48.1,13,68.1,0,100.0,27,27,72.8,100.0,8,29.6,8
5,Brock Hoffman,54535,C,DAL,1,0,9,53.9,100.0,13,48.1,13,51.9,0,100.0,27,27,54.0,100.0,8,29.6,8
5,T.J. Bass,131703,G,DAL,1,0,9,49.8,100.0,13,48.1,13,59.3,0,100.0,27,27,71.9,100.0,8,29.6,8
5,Bo Nix,97790,QB,DEN,1,0,10,60.0,100.0,15,55.6,15,60.0,0,96.4,27,28,60.0,100.0,9,33.3,9
5,Mike McGlinchey,46275,T,DEN,1,0,10,44.2,100.0,14,51.9,14,66.0,0,100.0,27,27,80.5,100.0,9,33.3,9
5,Kendrick Bourne,12270,WR,SF,1,1,28,59.4,100.0,6,23.1,6,53.2,1,100.0,26,26,54.3,100.0,16,61.5,16
5,Jameson Williams,101701,WR,DET,1,0,11,61.4,100.0,11,42.3,11,59.3,0,96.3,26,27,59.0,100.0,14,53.8,14
5,Demarcus Robinson,10760,WR,SF,1,0,28,52.4,100.0,6,24.0,6,54.3,0,100.0,25,25,59.1,100.0,17,68.0,17
5,Trey McBride,75916,TE,ARZ,1,0,1,70.8,100.0,21,84.0,21,70.5,0,100.0,25,25,60.6,100.0,3,12.0,3
5,Tetairoa McMillan,158735,WR,CAR,1,0,5,60.8,100.0,11,44.0,11,59.8,0,100.0,25,25,60.4,100.0,12,48.0,12
5,Hakeem Adeniji,45419,G,DAL,1,0,9,62.6,100.0,11,44.0,11,57.5,0,100.0,25,25,52.9,100.0,8,32.0,8
5,Jackson Powers-Johnson,146550,G,LV,1,0,23,58.6,100.0,6,24.0,6,90.6,0,100.0,25,25,93.3,100.0,16,64.0,16
5,Jordan Meredith,60235,C,LV,1,0,23,56.1,100.0,6,24.0,6,67.3,1,100.0,25,25,72.6,100.0,16,64.0,16
5,Mo Alie-Cox,12078,TE,IND,1,0,14,57.8,100.0,19,76.0,19,58.3,0,100.0,25,25,60.7,100.0,5,20.0,5
5,Juwan Johnson,28305,TE,NO,1,0,20,44.0,100.0,10,40.0,10,46.8,0,100.0,25,25,56.9,100.0,12,48.0,12
5,Dylan Parham,60953,G,LV,1,0,23,68.1,100.0,6,24.0,6,92.1,0,100.0,25,25,93.2,100.0,16,64.0,16
5,Stone Forsythe,41795,T,LV,1,0,23,62.6,100.0,6,24.0,6,50.7,0,100.0,25,25,58.2,100.0,16,64.0,16
5,DJ Glaze,129511,T,LV,1,0,23,59.6,100.0,6,24.0,6,68.9,0,100.0,25,25,72.5,100.0,16,64.0,16
5,Chris Paul,77579,G,WAS,1,0,32,55.9,100.0,19,79.2,19,50.8,0,100.0,24,24,48.0,100.0,5,20.8,5
5,Greg Van Roten,7746,G,NYG,1,0,21,45.8,100.0,6,25.0,6,60.6,0,100.0,24,24,63.2,100.0,17,70.8,17
5,Josh Conerly Jr.,163291,T,WAS,1,0,32,62.5,100.0,19,79.2,19,67.0,0,100.0,24,24,69.8,100.0,5,20.8,5
5,Laremy Tunsil,10647,T,WAS,1,0,32,73.3,100.0,19,79.2,19,60.9,0,100.0,24,24,65.4,100.0,5,20.8,5
5,Dion Dawkins,11818,T,BUF,1,0,4,42.6,100.0,9,37.5,9,59.5,0,100.0,24,24,72.6,100.0,12,50.0,12
5,Jermaine Eluemunor,11914,T,NYG,1,0,21,40.3,100.0,6,25.0,6,42.5,0,100.0,24,24,50.9,100.0,17,70.8,17
5,Andrew Wylie,12333,G,WAS,1,0,32,55.2,100.0,19,79.2,19,56.9,0,100.0,24,24,62.0,100.0,5,20.8,5
5,Darius Slayton,25578,WR,NYG,1,0,21,59.2,100.0,6,25.0,6,29.6,0,100.0,24,24,52.6,100.0,17,70.8,17
5,Bradley Bozeman,27934,C,LAC,1,0,27,49.1,100.0,12,50.0,12,53.6,0,100.0,24,24,64.6,100.0,8,33.3,8
5,O'Cyrus Torrence,102821,G,BUF,1,0,4,50.5,100.0,9,37.5,9,49.2,0,100.0,24,24,53.1,100.0,12,50.0,12
5,David Edwards,35941,G,BUF,1,0,4,62.8,100.0,9,37.5,9,66.3,0,100.0,24,24,66.2,100.0,12,50.0,12
5,Jon Runyan,36661,G,NYG,1,0,21,55.6,100.0,6,25.0,6,51.8,0,100.0,24,24,52.9,100.0,17,70.8,17
5,Kyler Murray,38334,QB,ARZ,1,0,1,60.0,95.2,20,83.3,21,60.0,0,92.3,24,26,60.0,100.0,4,16.7,4
5,Zion Johnson,99681,G,LAC,1,0,27,64.0,100.0,12,50.0,12,58.8,0,100.0,24,24,57.3,100.0,8,33.3,8
5,Tyler Biadasz,41178,C,WAS,1,0,32,61.8,100.0,19,79.2,19,61.6,0,100.0,24,24,49.5,100.0,5,20.8,5
5,Connor McGovern,41714,C,BUF,1,0,4,73.4,100.0,9,37.5,9,62.0,1,100.0,24,24,52.5,100.0,12,50.0,12
5,Spencer Brown,42296,T,BUF,1,0,4,65.9,100.0,9,37.5,9,75.6,0,100.0,24,24,79.2,100.0,12,50.0,12
5,Amon-Ra St. Brown,84470,WR,DET,1,0,11,77.5,100.0,10,41.7,10,82.1,0,100.0,24,24,60.4,100.0,13,54.2,13
5,Austin Deculus,59821,T,LAC,1,0,27,46.8,100.0,12,50.0,12,42.0,0,100.0,24,24,45.2,100.0,8,33.3,8
5,Courtland Sutton,48164,WR,DEN,1,0,10,61.3,100.0,13,54.2,13,59.3,0,100.0,24,24,58.5,100.0,8,33.3,8
5,John Michael Schmitz Jr.,55238,C,NYG,1,0,21,60.8,100.0,6,25.0,6,75.9,0,100.0,24,24,78.2,100.0,17,70.8,17
5,Andrew Thomas,59701,T,NYG,1,0,21,70.2,100.0,6,25.0,6,91.8,0,100.0,24,24,92.1,100.0,17,70.8,17
5,Tanor Bortolini,129915,C,IND,1,0,14,73.7,100.0,16,69.6,16,76.8,0,100.0,23,23,72.2,100.0,5,21.7,5
5,Quenton Nelson,12954,G,IND,1,0,14,90.6,100.0,16,69.6,16,89.6,0,100.0,23,23,67.3,100.0,5,21.7,5
5,Braden Smith,46794,T,IND,1,0,14,66.3,100.0,16,69.6,16,69.2,1,100.0,23,23,69.2,100.0,5,21.7,5
5,Lloyd Cushenberry III,41924,C,TEN,1,0,31,68.3,100.0,10,43.5,10,77.5,0,100.0,23,23,64.0,100.0,9,39.1,9
5,Olisaemeka Udoh,28394,T,TEN,1,0,31,43.8,100.0,10,43.5,10,71.0,0,100.0,23,23,81.8,100.0,9,39.1,9
5,Geno Smith,7820,QB,LV,1,0,23,60.0,100.0,6,26.1,6,60.0,0,92.0,23,25,60.0,100.0,16,69.6,16
5,Peter Skoronski,129737,G,TEN,1,0,31,39.2,100.0,10,43.5,10,50.3,0,100.0,23,23,66.9,100.0,9,39.1,9
5,Dan Moore Jr.,60120,T,TEN,1,0,31,52.6,100.0,10,43.5,10,71.0,0,100.0,23,23,85.1,100.0,9,39.1,9
5,C.J. Stroud,129759,QB,HST,1,0,13,60.0,100.0,9,39.1,9,60.0,0,100.0,23,23,60.0,100.0,11,47.8,11
5,Kevin Zeitler,7032,G,TEN,1,0,31,62.6,100.0,10,43.5,10,67.6,0,100.0,23,23,68.6,100.0,9,39.1,9
5,Dak Prescott,10769,QB,DAL,1,0,9,60.0,100.0,13,56.5,13,60.0,0,85.2,23,27,60.0,100.0,8,34.8,8
5,Tytus Howard,25472,G,HST,1,0,13,66.0,100.0,8,36.4,8,63.4,0,100.0,22,22,61.6,100.0,11,50.0,11
5,Josh Allen,46601,QB,BUF,1,0,4,60.0,100.0,9,40.9,9,60.0,0,91.7,22,24,60.0,100.0,12,54.5,12
5,Blake Fisher,147479,T,HST,1,0,13,59.5,100.0,9,40.9,9,61.9,0,100.0,22,22,63.1,100.0,8,36.4,8
5,Jaxson Dart,146409,QB,NYG,1,0,21,60.0,83.3,5,22.7,6,60.0,0,91.7,22,24,60.0,100.0,17,77.3,17
5,Tommy Tremble,84025,TE,CAR,1,0,5,49.3,100.0,10,45.5,10,46.1,0,100.0,22,22,50.1,100.0,10,45.5,10
5,Xavier Legette,99197,WR,CAR,1,0,5,59.6,100.0,9,40.9,9,58.4,0,100.0,22,22,59.4,100.0,11,50.0,11
5,Grey Zabel,125314,G,SEA,1,0,29,52.7,100.0,6,28.6,6,43.9,1,100.0,21,21,46.5,100.0,13,61.9,13
5,Wan'Dale Robinson,101735,WR,NYG,1,0,21,60.1,83.3,5,23.8,6,61.5,0,95.5,21,22,61.6,100.0,15,71.4,15
5,Justin Herbert,28237,QB,LAC,1,0,27,60.0,91.7,11,52.4,12,60.0,0,87.5,21,24,60.0,100.0,8,38.1,8
5,Michael Pittman Jr.,29049,WR,IND,1,0,14,57.8,100.0,14,66.7,14,58.1,0,100.0,21,21,60.9,100.0,5,23.8,5
5,Jack Stoll,42058,TE,NO,1,0,20,48.3,100.0,10,47.6,10,47.6,0,100.0,21,21,53.8,100.0,8,38.1,8
5,Jalen Sundell,91396,C,SEA,1,0,29,50.8,100.0,6,28.6,6,55.1,0,100.0,21,21,60.7,100.0,13,61.9,13
5,Spencer Rattler,97408,QB,NO,1,0,20,60.3,80.0,8,38.1,10,60.6,0,77.8,21,27,60.0,92.3,12,57.1,13
5,Andrew Ogletree,138351,TE,IND,1,0,14,45.9,100.0,15,71.4,15,54.0,0,100.0,21,21,70.1,100.0,5,23.8,5
5,Charles Cross,98401,T,SEA,1,0,29,68.5,100.0,6,28.6,6,71.0,0,100.0,21,21,68.2,100.0,13,61.9,13
5,Luke Farrell,42353,TE,SF,1,0,28,36.6,100.0,4,19.0,4,45.9,0,100.0,21,21,53.9,100.0,12,57.1,12
5,Anthony Bradford,99103,G,SEA,1,0,29,67.0,100.0,6,28.6,6,64.1,0,100.0,21,21,60.8,100.0,13,61.9,13
5,Abraham Lucas,60218,T,SEA,1,0,29,54.2,100.0,6,28.6,6,79.5,0,100.0,21,21,89.6,100.0,13,61.9,13
5,Sam Darnold,29048,QB,SEA,1,0,29,60.0,100.0,6,28.6,6,60.3,0,100.0,21,21,60.2,100.0,13,61.9,13
5,Daniel Jones,39395,QB,IND,1,0,14,60.0,100.0,16,76.2,16,60.0,0,91.3,21,23,60.0,100.0,5,23.8,5
5,Jayden Daniels,97993,QB,WAS,1,0,32,60.1,89.5,17,81.0,19,60.1,0,87.5,21,24,60.0,80.0,4,19.0,5
5,Jayden Higgins,150240,WR,HST,1,0,13,54.6,100.0,7,33.3,7,54.6,0,100.0,21,21,58.6,100.0,11,52.4,11
5,Dawson Knox,35883,TE,BUF,1,0,4,71.7,100.0,7,35.0,7,69.4,0,100.0,20,20,66.6,100.0,10,50.0,10
5,Josh Myers,59992,C,NYJ,1,0,22,65.3,100.0,6,30.0,6,61.9,0,100.0,20,20,70.1,100.0,10,50.0,10
5,Joe Huber,123565,G,MIN,1,0,18,46.1,100.0,5,25.0,5,49.4,1,100.0,20,20,56.6,100.0,12,60.0,12
5,Justin Skule,38951,T,MIN,1,0,18,58.5,100.0,5,25.0,5,72.5,0,100.0,20,20,68.8,100.0,12,60.0,12
5,Cooper Rush,12324,QB,BLT,1,0,3,60.0,100.0,13,65.0,13,60.0,0,100.0,20,20,60.0,100.0,3,15.0,3
5,Joe Tippmann,101568,G,NYJ,1,0,22,67.0,100.0,6,30.0,6,71.3,0,100.0,20,20,71.0,100.0,10,50.0,10
5,Tre Tucker,101106,WR,LV,1,0,23,54.4,100.0,5,25.0,5,54.5,0,95.2,20,21,58.3,100.0,13,65.0,13
5,Armand Membou,125008,T,NYJ,1,1,22,54.0,100.0,6,30.0,6,62.4,1,100.0,20,20,68.6,100.0,10,50.0,10
5,Andrew Vorhees,60818,G,BLT,1,0,3,49.4,100.0,13,65.0,13,48.9,0,100.0,20,20,55.6,100.0,3,15.0,3
5,Will Campbell,157106,T,NE,1,0,19,51.4,100.0,9,45.0,9,61.9,0,100.0,20,20,62.1,100.0,9,45.0,9
5,Will Fries,41530,G,MIN,1,0,18,57.9,100.0,5,25.0,5,47.9,0,100.0,20,20,46.8,100.0,12,60.0,12
5,John Simpson,41715,G,NYJ,1,0,22,51.0,100.0,6,30.0,6,38.6,0,100.0,20,20,39.0,100.0,10,50.0,10
5,Garrett Bradbury,46013,C,NE,1,0,19,72.7,100.0,9,45.0,9,68.8,0,100.0,20,20,60.3,100.0,9,45.0,9
5,Joe Noteboom,46249,T,BLT,1,0,3,49.4,100.0,13,65.0,13,57.7,0,100.0,20,20,72.4,100.0,3,15.0,3
5,Roger Rosengarten,131912,T,BLT,1,0,3,39.3,100.0,13,65.0,13,49.8,0,100.0,20,20,71.3,100.0,3,15.0,3
5,Blake Brandel,46282,C,MIN,1,0,18,50.3,100.0,5,25.0,5,42.5,0,100.0,20,20,53.3,100.0,12,60.0,12
5,Tyler Linderbaum,82291,C,BLT,1,0,3,77.7,100.0,13,65.0,13,71.9,0,100.0,20,20,58.1,100.0,3,15.0,3
5,Jakobi Meyers,47468,WR,LV,1,0,23,53.5,100.0,5,25.0,5,32.2,0,100.0,20,20,49.7,100.0,12,60.0,12
5,Daniel Faalele,81734,G,BLT,1,0,3,47.9,100.0,13,65.0,13,43.2,0,100.0,20,20,48.4,100.0,3,15.0,3
5,Justin Jefferson,61398,WR,MIN,1,0,18,60.6,100.0,5,25.0,5,61.3,0,100.0,20,20,62.9,100.0,12,60.0,12
5,Jared Wilson,146717,G,NE,1,0,19,45.0,100.0,9,45.0,9,45.2,0,100.0,20,20,52.8,100.0,9,45.0,9
5,Xavier Hutchinson,122518,WR,HST,1,0,13,76.8,100.0,9,45.0,9,61.2,0,100.0,20,20,48.4,100.0,9,45.0,9
5,Mike Onwenu,27357,G,NE,1,0,19,89.3,100.0,9,45.0,9,85.8,0,100.0,20,20,68.3,100.0,9,45.0,9
5,Morgan Moses,8701,T,NE,1,0,19,58.9,100.0,9,45.0,9,71.2,0,100.0,20,20,77.0,100.0,9,45.0,9
5,Anton Harrison,122929,T,JAX,1,0,15,56.3,100.0,6,31.6,6,56.5,0,100.0,19,19,59.4,100.0,11,57.9,11
5,Jake Tonges,60864,TE,SF,1,0,28,70.2,100.0,3,15.8,3,65.4,0,100.0,19,19,51.9,100.0,13,68.4,13
5,Hunter Henry,10669,TE,NE,1,0,19,42.6,100.0,8,42.1,8,44.2,0,100.0,19,19,52.3,100.0,9,47.4,9
5,Charlie Heck,36501,T,TB,1,0,30,54.9,100.0,12,63.2,12,39.6,0,100.0,19,19,46.0,100.0,5,26.3,5
5,Carson Wentz,10636,QB,MIN,1,0,18,60.0,100.0,5,26.3,5,60.0,0,100.0,19,19,60.0,100.0,12,63.2,12
5,John Bates,42275,TE,WAS,1,0,32,62.5,100.0,16,84.2,16,62.2,0,100.0,19,19,59.8,100.0,3,15.8,3
5,Patrick Mekari,46219,G,JAX,1,0,15,64.6,100.0,6,31.6,6,58.1,0,100.0,19,19,54.4,100.0,11,57.9,11
5,Tristan Wirfs,64818,T,TB,1,0,30,82.5,100.0,12,63.2,12,76.6,0,100.0,19,19,57.5,100.0,5,26.3,5
5,AJ Barner,129433,TE,SEA,1,0,29,57.8,100.0,6,31.6,6,69.9,0,100.0,19,19,76.1,100.0,11,57.9,11
5,Ben Bredeson,27305,G,TB,1,0,30,43.1,100.0,12,63.2,12,37.7,0,100.0,19,19,56.0,100.0,5,26.3,5
5,Graham Barton,122367,C,TB,1,0,30,65.3,100.0,12,63.2,12,65.8,0,100.0,19,19,65.5,100.0,5,26.3,5
5,Cam Ward,133244,QB,TEN,1,0,31,60.0,100.0,10,52.6,10,60.2,0,82.6,19,23,60.0,100.0,9,47.4,9
5,Walker Little,52287,T,JAX,1,0,15,58.9,100.0,6,31.6,6,64.2,0,100.0,19,19,66.3,100.0,11,57.9,11
5,Ladd McConkey,124030,WR,LAC,1,0,27,52.8,100.0,10,52.6,10,46.6,0,100.0,19,19,81.2,100.0,7,36.8,7
5,Quentin Johnston,123085,WR,LAC,1,0,27,61.3,100.0,10,52.6,10,60.5,0,95.0,19,20,59.6,100.0,7,36.8,7
5,Drake Maye,143969,QB,NE,1,0,19,60.0,100.0,9,47.4,9,60.0,0,95.0,19,20,60.0,88.9,8,42.1,9
5,Ezra Cleveland,41973,G,JAX,1,0,15,57.6,100.0,6,31.6,6,49.3,0,100.0,19,19,48.7,100.0,11,57.9,11
5,Luke Haggard,129442,G,TB,1,0,30,69.7,100.0,12,63.2,12,62.9,0,100.0,19,19,67.8,100.0,5,26.3,5
5,Creed Humphrey,59996,C,KC,1,0,16,60.0,100.0,2,11.1,2,82.1,0,100.0,18,18,82.9,100.0,15,83.3,15
5,Josh Simmons,88924,T,KC,1,0,16,59.9,100.0,2,11.1,2,66.1,0,100.0,18,18,66.8,100.0,15,83.3,15
5,Ian Thomas,42130,TE,LV,1,0,23,57.1,100.0,4,22.2,4,76.4,0,100.0,18,18,77.3,100.0,11,61.1,11
5,Luke Schoonmaker,84005,TE,DAL,1,0,9,57.9,100.0,7,38.9,7,63.1,0,100.0,18,18,67.9,100.0,6,33.3,6
5,Jon Gaines II,81879,G,ARZ,1,0,1,55.1,100.0,14,77.8,14,54.5,0,100.0,18,18,57.8,100.0,3,16.7,3
5,Marquez Valdes-Scantling,47809,WR,SF,1,0,28,52.2,100.0,5,27.8,5,49.4,0,100.0,18,18,53.8,100.0,11,61.1,11
5,Jawaan Taylor,41665,T,KC,1,0,16,58.8,100.0,2,11.1,2,58.3,1,100.0,18,18,59.2,100.0,15,83.3,15
5,Mack Hollins,11873,WR,NE,1,0,19,48.3,100.0,7,38.9,7,64.0,0,100.0,18,18,58.1,100.0,9,50.0,9
5,Trey Smith,62960,G,KC,1,0,16,59.5,100.0,2,11.1,2,53.2,0,100.0,18,18,53.1,100.0,15,83.3,15
5,Kingsley Suamataia,146558,G,KC,1,0,16,58.8,100.0,2,11.1,2,57.6,1,100.0,18,18,58.1,100.0,15,83.3,15
5,Cade Otton,61071,TE,TB,1,0,30,72.3,100.0,12,66.7,12,79.9,0,100.0,18,18,70.8,100.0,4,22.2,4
5,Theo Johnson,129787,TE,NYG,1,0,21,58.9,100.0,3,16.7,3,52.3,0,100.0,18,18,63.0,100.0,14,77.8,14
5,Olumuyiwa Fashanu,129777,T,NYJ,1,0,22,57.6,100.0,6,33.3,6,54.4,0,100.0,18,18,57.4,100.0,9,50.0,9
5,Garrett Wilson,97405,WR,NYJ,1,0,22,60.0,100.0,5,27.8,5,54.7,0,100.0,18,18,55.1,100.0,10,55.6,10
5,Baker Mayfield,46518,QB,TB,1,0,30,60.0,100.0,12,66.7,12,60.0,0,94.7,18,19,60.0,100.0,5,27.8,5
5,Jaxon Smith-Njigba,129758,WR,SEA,1,0,29,60.7,100.0,6,33.3,6,62.8,0,100.0,18,18,62.4,100.0,11,61.1,11
5,Justin Dedich,83018,G,LA,1,0,26,90.3,100.0,14,82.4,14,87.0,0,100.0,17,17,,,0,0.0,0
5,Patrick Mahomes,11765,QB,KC,1,0,16,60.0,100.0,2,11.8,2,60.0,0,94.4,17,18,60.0,93.3,14,82.4,15
5,Cooper Kupp,11824,WR,SEA,1,0,29,89.7,100.0,5,29.4,5,82.0,0,100.0,17,17,60.0,100.0,11,64.7,11
5,Warren McClendon Jr.,99081,T,LA,1,0,26,73.0,100.0,14,82.4,14,72.2,0,100.0,17,17,,,0,0.0,0
5,Kevin Dotson,46735,G,LA,1,0,26,64.6,100.0,14,82.4,14,63.4,0,100.0,17,17,,,0,0.0,0
5,Rashod Bateman,84296,WR,BLT,1,0,3,54.8,100.0,11,64.7,11,55.1,0,100.0,17,17,59.7,100.0,2,11.8,2
5,Gunnar Helm,144726,TE,TEN,1,0,31,70.7,100.0,7,41.2,7,67.6,0,100.0,17,17,60.0,100.0,6,35.3,6
5,Coleman Shelton,39316,C,LA,1,0,26,72.3,100.0,14,82.4,14,68.0,0,100.0,17,17,,,0,0.0,0
5,Foster Moreau,47043,TE,NO,1,0,20,54.1,100.0,8,47.1,8,61.2,0,100.0,17,17,67.2,100.0,8,47.1,8
5,Austin Hooper,10715,TE,NE,1,0,19,44.0,100.0,7,41.2,7,53.8,0,100.0,17,17,67.4,100.0,8,47.1,8
5,George Pickens,99229,WR,DAL,1,0,9,61.2,100.0,8,47.1,8,55.5,0,100.0,17,17,59.2,100.0,7,41.2,7
5,Alaric Jackson,40972,T,LA,1,0,26,72.0,100.0,14,82.4,14,75.9,0,100.0,17,17,,,0,0.0,0
5,Trevor Lawrence,77632,QB,JAX,1,0,15,60.0,83.3,5,31.3,6,60.0,0,84.2,16,19,60.0,90.9,10,62.5,11
5,T.J. Hockenson,40912,TE,MIN,1,0,18,53.5,100.0,5,31.3,5,39.7,0,100.0,16,16,49.0,100.0,10,62.5,10
5,Robert Hainsey,59980,C,JAX,1,0,15,59.2,100.0,3,18.8,3,49.6,0,100.0,16,16,57.6,100.0,11,68.8,11
5,Jalen Tolbert,61637,WR,DAL,1,0,9,54.7,100.0,10,62.5,10,55.8,0,100.0,16,16,60.8,100.0,5,31.3,5
5,Matthew Stafford,4924,QB,LA,1,0,26,60.0,92.9,13,81.3,14,60.0,0,94.1,16,17,,,0,0.0,0
5,Daniel Bellinger,84041,TE,NYG,1,0,21,60.3,100.0,4,25.0,4,59.8,0,100.0,16,16,59.6,100.0,12,75.0,12
5,Michael Wilson,84423,WR,ARZ,1,0,1,58.8,100.0,12,75.0,12,58.5,0,100.0,16,16,59.9,100.0,3,18.8,3
5,Puka Nacua,100632,WR,LA,1,0,26,67.5,100.0,14,87.5,14,67.3,0,100.0,16,16,,,0,0.0,0
5,Tyler Warren,129798,TE,IND,1,0,14,69.0,100.0,13,81.3,13,63.4,0,100.0,16,16,55.8,100.0,2,12.5,2
5,Chimere Dike,129918,WR,TEN,1,0,31,59.2,100.0,6,37.5,6,58.5,0,100.0,16,16,60.0,100.0,6,37.5,6
5,Pat Bryant,144800,WR,DEN,1,0,10,53.6,100.0,7,43.8,7,54.0,0,100.0,16,16,59.2,100.0,7,43.8,7
5,Marvin Harrison Jr.,145056,WR,ARZ,1,0,1,59.4,100.0,13,81.3,13,59.0,0,100.0,16,16,60.0,100.0,2,12.5,2
5,Brian Thomas Jr.,146760,WR,JAX,1,0,15,59.7,100.0,5,31.3,5,59.1,0,100.0,16,16,59.5,100.0,10,62.5,10
5,Jack Bech,146771,WR,LV,1,0,23,58.8,100.0,4,25.0,4,57.6,0,100.0,16,16,58.5,100.0,11,68.8,11
5,Nate Adkins,87625,TE,DEN,1,0,10,74.7,100.0,10,66.7,10,68.1,0,100.0,15,15,58.6,100.0,4,26.7,4
5,Adam Trautman,109795,TE,DEN,1,0,10,51.3,100.0,9,60.0,9,52.2,0,100.0,15,15,61.5,100.0,4,26.7,4
5,Chris Olave,84355,WR,NO,1,0,20,61.0,100.0,8,53.3,8,60.1,0,100.0,15,15,59.5,100.0,5,33.3,5
5,Mason Taylor,157122,TE,NYJ,1,0,22,70.0,100.0,6,40.0,6,67.2,0,100.0,15,15,60.2,100.0,5,33.3,5
5,Justin Fields,82118,QB,NYJ,1,0,22,60.0,83.3,5,33.3,6,60.0,0,75.0,15,20,60.0,100.0,10,66.7,10
5,Jordan Addison,123000,WR,MIN,1,0,18,58.5,100.0,4,26.7,4,57.6,0,100.0,15,15,58.3,100.0,8,53.3,8
5,Jamaree Salyer,81656,T,LAC,1,0,27,44.6,100.0,8,53.3,8,45.3,0,100.0,15,15,55.1,100.0,4,26.7,4
5,Davante Adams,8688,WR,LA,1,0,26,60.0,100.0,12,80.0,12,60.8,0,100.0,15,15,,,0,0.0,0
5,Tip Reiman,129423,TE,ARZ,1,0,1,61.7,100.0,12,85.7,12,55.3,0,100.0,14,14,52.5,100.0,2,14.3,2
5,JuJu Smith-Schuster,11817,WR,KC,1,0,16,60.0,100.0,2,14.3,2,59.9,0,100.0,14,14,61.6,100.0,11,78.6,11
5,Jamari Thrash,97399,WR,CLV,1,0,8,59.4,100.0,6,42.9,6,59.3,0,100.0,14,14,59.6,100.0,8,57.1,8
5,Emeka Egbuka,145055,WR,TB,1,0,30,60.8,100.0,8,57.1,8,59.8,0,100.0,14,14,59.1,100.0,5,35.7,5
5,Ben Sinnott,122616,TE,WAS,1,0,32,76.1,100.0,11,78.6,11,73.7,0,100.0,14,14,59.8,100.0,3,21.4,3
5,Jackson Hawes,109374,TE,BUF,1,0,4,76.2,100.0,6,42.9,6,80.3,0,100.0,14,14,75.5,100.0,7,50.0,7
5,Mitchell Evans,147486,TE,CAR,1,0,5,59.5,100.0,9,64.3,9,58.0,0,100.0,14,14,57.7,100.0,3,21.4,3
5,Deebo Samuel,48274,WR,WAS,1,0,32,58.4,100.0,13,92.9,13,58.6,0,100.0,14,14,60.0,100.0,1,7.1,1
5,Travis Kelce,7844,TE,KC,1,0,16,65.1,100.0,2,14.3,2,68.6,0,100.0,14,14,46.0,100.0,11,78.6,11
5,Christian Darrisaw,77373,T,MIN,1,0,18,79.3,100.0,4,28.6,4,70.2,0,100.0,14,14,56.9,100.0,8,57.1,8
5,Josh Oliver,47083,TE,MIN,1,0,18,56.3,100.0,4,28.6,4,43.1,0,100.0,14,14,53.0,100.0,8,57.1,8
5,Amarius Mims,146719,T,CIN,1,0,7,66.2,100.0,5,38.5,5,63.8,0,100.0,13,13,59.4,100.0,7,53.8,7
5,Jaylen Waddle,84088,WR,MIA,1,0,17,60.1,100.0,4,30.8,4,55.7,0,100.0,13,13,55.0,100.0,9,69.2,9
5,Ted Karras,10855,C,CIN,1,0,7,59.9,100.0,5,38.5,5,54.4,0,100.0,13,13,64.3,100.0,7,53.8,7
5,Josh Reynolds,11872,WR,NYJ,1,0,22,60.3,100.0,4,30.8,4,59.5,0,100.0,13,13,60.7,100.0,6,46.2,6
5,Cole Strange,22976,G,MIA,1,0,17,51.8,100.0,4,30.8,4,45.4,0,100.0,13,13,49.2,100.0,9,69.2,9
5,Chris Godwin,11839,WR,TB,1,0,30,58.9,100.0,8,61.5,8,59.4,0,100.0,13,13,60.4,100.0,5,38.5,5
5,Trent Scott,24481,T,WAS,1,0,32,58.8,100.0,10,76.9,10,58.8,0,100.0,13,13,59.8,100.0,3,23.1,3
5,Jalen Rivers,122221,G,CIN,1,0,7,67.2,100.0,5,38.5,5,60.2,0,100.0,13,13,56.7,100.0,7,53.8,7
5,Rashid Shaheed,63707,WR,NO,1,0,20,58.8,100.0,7,53.8,7,59.8,1,100.0,13,13,60.8,100.0,5,38.5,5
5,Ross Dwelley,20994,TE,DET,1,0,11,51.0,100.0,4,30.8,4,53.2,0,100.0,13,13,60.6,100.0,6,46.2,6
5,Mekhi Becton,59818,G,LAC,1,0,27,41.1,100.0,5,38.5,5,51.6,0,100.0,13,13,67.3,100.0,6,46.2,6
5,Larry Borom,59879,T,MIA,1,0,17,51.6,100.0,4,30.8,4,31.0,0,100.0,13,13,49.3,100.0,9,69.2,9
5,Keon Coleman,144949,WR,BUF,1,0,4,60.8,100.0,6,46.2,6,60.6,0,100.0,13,13,60.4,100.0,6,46.2,6
5,Patrick Paul,101019,T,MIA,1,0,17,57.5,100.0,4,30.8,4,47.8,0,100.0,13,13,47.1,100.0,9,69.2,9
5,Tua Tagovailoa,60326,QB,MIA,1,0,17,60.0,100.0,4,30.8,4,60.0,0,100.0,13,13,60.0,100.0,9,69.2,9
5,Jonah Savaiinaea,158742,G,MIA,1,0,17,53.7,100.0,4,30.8,4,33.6,0,100.0,13,13,47.8,100.0,9,69.2,9
5,Davis Allen,99697,TE,LA,1,0,26,66.6,100.0,11,84.6,11,65.6,0,100.0,13,13,,,0,0.0,0
5,Dylan Fairchild,146716,G,CIN,1,0,7,45.9,100.0,5,38.5,5,37.1,0,100.0,13,13,45.7,100.0,7,53.8,7
5,Aaron Brewer,46014,C,MIA,1,0,17,59.5,100.0,4,30.8,4,70.3,0,100.0,13,13,84.2,100.0,9,69.2,9
5,Orlando Brown Jr.,46227,T,CIN,1,0,7,58.6,100.0,5,38.5,5,55.5,0,100.0,13,13,56.2,100.0,7,53.8,7
5,Zay Flowers,97268,WR,BLT,1,0,3,59.0,100.0,7,53.8,7,58.6,0,100.0,13,13,60.0,100.0,2,15.4,2
5,Ashton Dulin,91479,WR,IND,1,0,14,48.7,100.0,6,46.2,6,49.9,0,100.0,13,13,59.4,100.0,5,38.5,5
5,Brevyn Spann-Ford,84006,TE,DAL,1,0,9,70.9,100.0,6,46.2,6,57.9,0,100.0,13,13,54.9,100.0,2,15.4,2
5,Jeremy Ruckert,84029,TE,NYJ,1,0,22,59.9,100.0,2,16.7,2,70.4,0,100.0,12,12,72.8,100.0,8,66.7,8
5,Jake Browning,46401,QB,CIN,1,0,7,60.0,100.0,5,41.7,5,60.0,0,92.3,12,13,60.0,100.0,7,58.3,7
5,Chigoziem Okonkwo,84000,TE,TEN,1,0,31,51.5,100.0,5,41.7,5,52.9,0,100.0,12,12,60.4,100.0,3,25.0,3
5,Elijah Higgins,98027,TE,ARZ,1,0,1,25.6,100.0,10,83.3,10,28.5,0,100.0,12,12,60.1,100.0,2,16.7,2
5,Kyle Juszczyk,7912,FB,SF,1,0,28,69.8,100.0,2,16.7,2,57.8,0,92.3,12,13,49.8,100.0,7,58.3,7
5,Charlie Kolar,60917,TE,BLT,1,0,3,49.6,100.0,10,83.3,10,49.9,0,100.0,12,12,60.0,100.0,1,8.3,1
5,Hunter Luepke,91319,FB,DAL,1,0,9,53.9,100.0,5,41.7,5,53.6,0,100.0,12,12,58.1,100.0,3,25.0,3
5,Tee Higgins,61211,WR,CIN,1,0,7,54.6,100.0,4,33.3,4,55.7,0,100.0,12,12,61.0,100.0,7,58.3,7
5,Chris Moore,10741,WR,WAS,1,0,32,60.7,100.0,10,83.3,10,59.1,0,100.0,12,12,58.4,100.0,2,16.7,2
5,Christian Kirk,47546,WR,HST,1,1,13,79.6,100.0,6,50.0,6,78.4,1,100.0,12,12,60.1,100.0,5,41.7,5
5,Devaughn Vele,100637,WR,NO,1,0,20,59.4,100.0,4,33.3,4,54.9,0,100.0,12,12,54.7,100.0,7,58.3,7
5,Scott Matlock,82482,FB,LAC,1,0,27,40.0,100.0,4,36.4,4,56.4,0,100.0,11,11,72.5,100.0,4,36.4,4
5,Andrei Iosivas,109811,WR,CIN,1,0,7,60.2,100.0,3,27.3,3,60.5,0,100.0,11,11,60.5,100.0,7,63.6,7
5,Harrison Bryant,26394,TE,HST,1,0,13,59.9,100.0,4,36.4,4,69.6,0,100.0,11,11,74.1,100.0,4,36.4,4
5,Xavier Worthy,144718,WR,KC,1,0,16,60.0,100.0,1,9.1,1,61.4,0,91.7,11,12,61.9,100.0,10,90.9,10
5,Elic Ayomanor,157263,WR,TEN,1,0,31,58.1,100.0,7,63.6,7,57.8,0,100.0,11,11,59.1,100.0,4,36.4,4
5,Dalton Schultz,47304,TE,HST,1,0,13,59.3,100.0,3,27.3,3,72.0,0,100.0,11,11,76.7,100.0,7,63.6,7
5,Ryan Flournoy,159617,WR,DAL,1,0,9,60.5,100.0,5,45.5,5,61.2,0,84.6,11,13,60.9,100.0,5,45.5,5
5,Kayshon Boutte,124087,WR,NE,1,0,19,55.3,100.0,7,63.6,7,28.6,0,100.0,11,11,60.1,100.0,4,36.4,4
5,Ja'Marr Chase,84270,WR,CIN,1,0,7,60.6,100.0,4,36.4,4,60.9,0,100.0,11,11,60.8,100.0,6,54.5,6
5,Keenan Allen,7857,WR,LAC,1,0,27,79.5,100.0,7,63.6,7,76.8,0,100.0,11,11,60.1,100.0,3,27.3,3
5,Dyami Brown,77986,WR,JAX,1,0,15,59.5,100.0,3,27.3,3,59.6,0,100.0,11,11,60.3,100.0,8,72.7,8
5,Lane Johnson,7786,T,PHI,1,0,24,59.8,100.0,1,9.1,1,78.2,0,100.0,11,11,80.5,100.0,9,81.8,9
5,Isaiah Likely,83955,TE,BLT,1,0,3,72.6,100.0,7,63.6,7,77.7,1,100.0,11,11,52.5,100.0,2,18.2,2
5,Trent Sherfield,48021,WR,DEN,1,0,10,53.4,100.0,5,45.5,5,53.8,0,100.0,11,11,58.0,100.0,6,54.5,6
5,Johnny Mundt,12206,TE,JAX,1,0,15,57.0,100.0,6,54.5,6,57.4,0,100.0,11,11,60.0,100.0,3,27.3,3
5,Cam Jurgens,84014,C,PHI,1,0,24,60.0,100.0,1,9.1,1,68.0,0,100.0,11,11,60.8,100.0,9,81.8,9
5,Tyler Steen,81921,G,PHI,1,0,24,60.0,100.0,1,9.1,1,86.2,0,100.0,11,11,89.9,100.0,9,81.8,9
5,Kelvin Beachum,7229,T,ARZ,1,0,1,56.9,100.0,9,81.8,9,55.7,1,100.0,11,11,58.0,100.0,2,18.2,2
5,Nico Collins,61441,WR,HST,1,0,13,61.6,100.0,7,63.6,7,60.2,0,91.7,11,12,58.6,100.0,4,36.4,4
5,Jordan Mailata,66916,T,PHI,1,0,24,60.0,100.0,1,9.1,1,63.9,0,100.0,11,11,78.4,100.0,9,81.8,9
5,Joshua Palmer,62979,WR,BUF,1,0,4,60.0,100.0,2,20.0,2,60.4,1,100.0,10,10,60.2,100.0,6,60.0,6
5,Eric Saubert,11929,TE,SEA,1,0,29,60.2,100.0,4,40.0,4,77.0,0,100.0,10,10,79.0,100.0,5,50.0,5
5,Noah Gray,60878,TE,KC,1,0,16,59.1,100.0,1,10.0,1,58.7,0,100.0,10,10,59.7,100.0,9,90.0,9
5,Brenden Bates,53746,TE,HST,1,0,13,43.2,100.0,3,30.0,3,59.5,0,100.0,10,10,60.2,100.0,3,30.0,3
5,David Martin-Robinson,77892,TE,TEN,1,0,31,42.4,100.0,3,30.0,3,38.0,0,100.0,10,10,54.7,100.0,3,30.0,3
5,Nick Westbrook-Ikhine,47861,WR,MIA,1,0,17,57.8,100.0,3,30.0,3,52.8,0,100.0,10,10,53.4,100.0,7,70.0,7
5,Brandin Cooks,8655,WR,NO,1,0,20,60.5,100.0,5,50.0,5,60.6,0,100.0,10,10,60.2,100.0,3,30.0,3
5,Payne Durham,84037,TE,TB,1,0,30,43.0,100.0,7,70.0,7,35.1,0,100.0,10,10,60.1,100.0,2,20.0,2
5,Travis Vokolek,61004,TE,ARZ,1,0,1,48.9,100.0,8,80.0,8,50.3,0,100.0,10,10,59.9,100.0,2,20.0,2
5,Foster Sarell,52272,G,LAC,1,0,27,54.0,100.0,7,70.0,7,60.1,0,100.0,10,10,64.4,100.0,2,20.0,2
5,Jake Ferguson,61081,TE,DAL,1,0,9,52.8,100.0,7,70.0,7,53.8,0,100.0,10,10,59.9,100.0,2,20.0,2
5,Trey Pipkins III,91462,T,LAC,1,0,27,55.8,100.0,4,40.0,4,45.1,0,100.0,10,10,55.0,100.0,4,40.0,4
5,Dalton Kincaid,91791,TE,BUF,1,0,4,78.8,100.0,3,30.0,3,50.4,1,100.0,10,10,47.9,100.0,6,60.0,6
5,Jordan Whittington,97623,WR,LA,1,0,26,76.2,100.0,7,70.0,7,89.4,0,100.0,10,10,,,0,0.0,0
5,Will Hernandez,46180,G,ARZ,1,0,1,54.8,100.0,9,90.0,9,54.6,0,100.0,10,10,60.0,100.0,1,10.0,1
5,DeVonta Smith,61100,WR,PHI,1,0,24,60.0,100.0,1,10.0,1,60.0,0,100.0,10,10,60.0,100.0,9,90.0,9
5,Brenton Strange,101694,TE,JAX,1,0,15,58.0,100.0,2,20.0,2,54.0,0,100.0,10,10,54.9,100.0,7,70.0,7
5,Jalen Hurts,40291,QB,PHI,1,0,24,60.0,100.0,1,10.0,1,60.0,0,90.9,10,11,60.0,100.0,9,90.0,9
5,Jack Westover,84079,FB,NE,1,0,19,59.1,100.0,2,22.2,2,61.9,0,100.0,9,9,64.0,100.0,5,55.6,5
5,Isaiah Bond,163586,WR,CLV,1,1,8,60.4,100.0,4,44.4,4,59.6,1,100.0,9,9,59.1,100.0,5,55.6,5
5,Oronde Gadsden II,144046,TE,LAC,1,0,27,39.4,100.0,5,55.6,5,46.5,0,100.0,9,9,60.4,100.0,4,44.4,4
5,Khalil Shakir,84140,WR,BUF,1,0,4,54.2,100.0,4,44.4,4,49.1,0,100.0,9,9,58.8,100.0,4,44.4,4
5,Hunter Long,60859,TE,JAX,1,0,15,78.4,100.0,4,44.4,4,52.4,0,100.0,9,9,57.4,100.0,3,33.3,3
5,Calvin Ridley,48262,WR,TEN,1,0,31,60.0,100.0,4,44.4,4,61.8,0,100.0,9,9,60.5,100.0,5,55.6,5
5,Travis Hunter,160766,WR,JAX,1,0,15,,,0,0.0,0,54.2,0,100.0,9,9,54.2,100.0,9,100.0,9
5,Mark Andrews,47436,TE,BLT,1,0,3,59.2,100.0,6,66.7,6,38.3,0,100.0,9,9,60.0,100.0,2,22.2,2
5,Jalen Nailor,84292,WR,MIN,1,0,18,60.0,100.0,1,11.1,1,51.6,0,90.0,9,10,82.9,100.0,8,88.9,8
5,Tucker Fisk,52286,TE,LAC,1,0,27,56.6,100.0,5,55.6,5,63.2,0,100.0,9,9,64.8,100.0,2,22.2,2
5,A.J. Brown,48327,WR,PHI,1,0,24,60.0,100.0,1,11.1,1,36.1,0,100.0,9,9,60.2,100.0,8,88.9,8
5,Malachi Corley,66272,WR,CLV,1,0,8,52.0,100.0,8,88.9,8,52.0,0,90.0,9,10,60.0,100.0,1,11.1,1
5,Tre Harris,122676,WR,LAC,1,0,27,56.0,100.0,4,44.4,4,30.8,0,100.0,9,9,48.4,100.0,3,33.3,3
5,Arian Smith,124039,WR,NYJ,1,0,22,59.6,100.0,4,44.4,4,59.6,0,100.0,9,9,60.0,100.0,3,33.3,3
5,Julian Hill,88685,TE,MIA,1,0,17,59.9,100.0,2,22.2,2,34.2,0,100.0,9,9,34.6,100.0,7,77.8,7
5,James Mitchell,77885,TE,CAR,1,0,5,56.7,100.0,3,33.3,3,53.8,0,100.0,9,9,55.5,100.0,4,44.4,4
5,Mason Tipton,109617,WR,NO,1,0,20,59.9,100.0,3,37.5,3,61.2,0,100.0,8,8,60.5,100.0,4,50.0,4
5,Curtis Samuel,11795,WR,BUF,1,0,4,60.5,100.0,4,50.0,4,79.8,0,88.9,8,9,60.0,100.0,4,50.0,4
5,Alex Palczewski,59738,G,DEN,1,0,10,55.7,100.0,5,62.5,5,56.1,0,100.0,8,8,60.0,100.0,1,12.5,1
5,Marquise Brown,61568,WR,KC,1,0,16,,,0,0.0,0,60.7,1,100.0,8,8,60.7,100.0,8,100.0,8
5,Tory Horton,128232,WR,SEA,1,0,29,,,0,0.0,0,80.3,0,100.0,8,8,60.5,100.0,7,87.5,7
5,Zach Ertz,7816,TE,WAS,1,0,32,74.4,100.0,6,75.0,6,75.3,0,100.0,8,8,60.0,100.0,2,25.0,2
5,Jalen Travis,155412,T,IND,1,0,14,58.5,100.0,6,75.0,6,67.0,0,100.0,8,8,70.9,100.0,2,25.0,2
5,Dont'e Thornton Jr.,146547,WR,LV,1,0,23,60.0,100.0,3,37.5,3,60.7,0,100.0,8,8,60.8,100.0,5,62.5,5
5,Jaylin Noel,125155,WR,HST,1,0,13,60.0,100.0,1,12.5,1,60.0,0,88.9,8,9,59.1,100.0,5,62.5,5
5,Dallas Goedert,47272,TE,PHI,1,0,24,60.0,100.0,1,12.5,1,59.7,0,100.0,8,8,69.7,100.0,6,75.0,6
5,Luke McCaffrey,101634,WR,WAS,1,0,32,60.4,100.0,5,62.5,5,61.4,0,100.0,8,8,60.0,100.0,3,37.5,3
5,Jimmy Horn Jr.,144483,WR,CAR,1,0,5,60.1,100.0,3,37.5,3,58.9,0,80.0,8,10,58.6,100.0,5,62.5,5
5,British Brooks,77714,FB,HST,1,0,13,57.4,100.0,3,37.5,3,63.7,0,80.0,8,10,66.6,100.0,3,37.5,3
5,Jalin Hyatt,124282,WR,NYG,1,0,21,60.0,100.0,2,28.6,2,53.7,0,100.0,7,7,54.8,100.0,4,57.1,4
5,Davis Mills,52269,QB,HST,1,0,13,60.0,100.0,3,42.9,3,60.0,0,77.8,7,9,60.0,100.0,3,42.9,3
5,Hunter Renfrow,47509,WR,CAR,1,0,5,60.0,100.0,2,28.6,2,61.3,0,100.0,7,7,60.7,100.0,5,71.4,5
5,Blake Whiteheart,77881,TE,CLV,1,0,8,60.4,100.0,7,100.0,7,60.4,0,100.0,7,7,,,0,0.0,0
5,Tutu Atwell,77965,WR,LA,1,1,26,37.9,100.0,6,85.7,6,38.6,1,100.0,7,7,,,0,0.0,0
5,Marvin Mims Jr.,122937,WR,DEN,1,0,10,60.0,100.0,4,57.1,4,53.9,0,87.5,7,8,52.8,100.0,2,28.6,2
5,Elijah Arroyo,143933,TE,SEA,1,0,29,57.4,100.0,2,28.6,2,74.3,0,100.0,7,7,60.8,100.0,5,71.4,5
5,Zaire Mitchell-Paden,145197,TE,BLT,1,0,3,38.6,100.0,6,85.7,6,39.4,0,100.0,7,7,60.0,100.0,1,14.3,1
5,Ryan Miller,78734,WR,TB,1,0,30,52.3,100.0,5,71.4,5,52.6,0,100.0,7,7,58.9,100.0,2,28.6,2
5,Brett Toth,46848,C,PHI,1,0,24,60.0,100.0,1,14.3,1,66.1,1,100.0,7,7,67.3,100.0,5,71.4,5
5,Tyler Conklin,47124,TE,LAC,1,0,27,57.2,100.0,3,42.9,3,57.2,0,100.0,7,7,60.0,100.0,2,28.6,2
5,Troy Franklin,146567,WR,DEN,1,0,10,60.4,100.0,4,57.1,4,59.4,0,100.0,7,7,60.0,100.0,1,14.3,1
5,Mike Gesicki,47153,TE,CIN,1,0,7,59.8,100.0,3,42.9,3,59.2,0,100.0,7,7,60.0,100.0,3,42.9,3
5,Brycen Tremayne,84425,WR,CAR,1,0,5,60.0,100.0,3,42.9,3,35.5,0,100.0,7,7,59.3,100.0,2,28.6,2
5,Jahan Dotson,84375,WR,PHI,1,0,24,60.0,100.0,1,16.7,1,59.6,0,100.0,6,6,59.2,100.0,4,66.7,4
5,Albert Okwuegbunam,41933,TE,LV,1,0,23,60.0,100.0,1,16.7,1,56.0,0,100.0,6,6,57.6,100.0,4,66.7,4
5,Kendre Miller,123091,HB,NO,1,0,20,60.0,60.0,3,50.0,5,60.0,0,37.5,6,16,60.0,11.1,1,16.7,9
5,Reggie Gilliam,40951,FB,BUF,1,0,4,51.3,100.0,2,33.3,2,47.5,0,100.0,6,6,59.5,100.0,3,50.0,3
5,Tyquan Thornton,78092,WR,KC,1,0,16,60.0,100.0,1,16.7,1,33.0,1,100.0,6,6,60.4,100.0,5,83.3,5
5,Walter Rouse,100564,T,MIN,1,0,18,60.0,100.0,1,16.7,1,59.6,0,100.0,6,6,59.2,100.0,4,66.7,4
5,Jalen Cropper,97273,WR,DAL,1,0,9,59.8,100.0,2,33.3,2,60.4,1,100.0,6,6,60.0,100.0,1,16.7,1
5,Isaac TeSlaa,172430,WR,DET,1,0,11,58.5,100.0,4,66.7,4,58.8,0,100.0,6,6,60.0,100.0,2,33.3,2
5,Van Jefferson,47447,WR,TEN,1,0,31,60.0,100.0,2,33.3,2,60.6,0,100.0,6,6,60.4,100.0,4,66.7,4
5,Christian McCaffrey,11763,HB,SF,1,0,28,60.0,16.7,1,16.7,6,60.0,0,21.4,6,28,,0.0,0,0.0,17
5,Zay Jones,11792,WR,ARZ,1,0,1,84.9,100.0,6,100.0,6,84.9,0,100.0,6,6,,,0,0.0,0
5,Andrew Beck,47121,FB,NYJ,1,0,22,,,0,0.0,0,55.2,0,100.0,6,6,55.0,100.0,5,83.3,5
5,Beaux Collins,144112,WR,NYG,1,0,21,60.0,100.0,1,20.0,1,28.6,0,100.0,5,5,60.5,100.0,4,80.0,4
5,Drew Sample,47259,TE,CIN,1,0,7,57.1,100.0,4,80.0,4,57.3,0,100.0,5,5,60.0,100.0,1,20.0,1
5,Parker Washington,129799,WR,JAX,1,0,15,60.0,100.0,3,60.0,3,60.9,0,100.0,5,5,60.0,100.0,2,40.0,2
5,Anthony Gould,97078,WR,IND,1,0,14,59.8,100.0,3,60.0,3,60.3,0,100.0,5,5,60.0,100.0,2,40.0,2
5,Malik Washington,97108,WR,MIA,1,0,17,60.0,100.0,1,20.0,1,58.7,0,100.0,5,5,58.6,100.0,4,80.0,4
5,Skyy Moore,97116,WR,SF,1,0,28,60.0,100.0,1,20.0,1,59.9,0,83.3,5,6,59.7,100.0,4,80.0,4
5,Danny Pinter,47339,C,IND,1,0,14,59.5,100.0,3,60.0,3,58.5,0,100.0,5,5,59.5,100.0,2,40.0,2
5,Carter Runyon,177002,TE,LV,1,0,23,60.0,100.0,1,20.0,1,48.0,0,100.0,5,5,47.2,100.0,3,60.0,3
5,Anthony Richardson,124393,QB,IND,1,0,14,60.0,100.0,3,60.0,3,60.0,0,100.0,5,5,60.0,100.0,2,40.0,2
5,Alex Bachman,47996,WR,LV,1,0,23,60.0,100.0,1,20.0,1,60.9,0,100.0,5,5,60.5,100.0,4,80.0,4
5,Dalton Tucker,81717,G,IND,1,0,14,59.8,100.0,3,60.0,3,58.9,0,100.0,5,5,59.6,100.0,2,40.0,2
5,Max Mitchell,81707,T,NYJ,1,0,22,60.0,100.0,1,20.0,1,59.2,0,100.0,5,5,59.7,100.0,3,60.0,3
5,Noah Fant,42388,TE,CIN,1,0,7,60.0,100.0,1,20.0,1,59.5,0,100.0,5,5,59.5,100.0,4,80.0,4
5,Darren Waller,9637,TE,MIA,1,0,17,60.0,100.0,3,60.0,3,38.5,0,100.0,5,5,50.5,100.0,2,40.0,2
5,Kylen Granson,40630,TE,PHI,1,0,24,,,0,0.0,0,53.1,0,100.0,5,5,52.9,100.0,4,80.0,4
5,Evan Engram,11778,TE,DEN,1,0,10,60.1,100.0,3,60.0,3,60.5,0,100.0,5,5,60.0,100.0,2,40.0,2
5,Tyrell Shavers,61107,WR,BUF,1,0,4,58.4,100.0,2,40.0,2,76.7,0,100.0,5,5,58.2,100.0,2,40.0,2
5,Alec Ingold,34934,FB,MIA,1,0,17,60.0,100.0,1,20.0,1,56.7,0,100.0,5,5,57.5,100.0,4,80.0,4
5,Tay Martin,61811,WR,WAS,1,0,32,60.2,100.0,3,60.0,3,60.4,0,100.0,5,5,60.0,100.0,2,40.0,2
5,Colby Parkinson,52266,TE,LA,1,0,26,58.8,100.0,4,80.0,4,75.8,0,100.0,5,5,,,0,0.0,0
5,Corey Levin,11972,C,TEN,1,0,31,68.5,100.0,3,60.0,3,67.5,0,100.0,5,5,59.6,100.0,2,40.0,2
5,Alvin Kamara,11822,HB,NO,1,0,20,60.0,28.6,2,50.0,7,59.8,0,30.8,4,13,,0.0,0,0.0,4
5,Josh Downs,122832,WR,IND,1,0,14,60.0,100.0,1,25.0,1,60.0,0,100.0,4,4,60.0,100.0,2,50.0,2
5,Tony Pollard,27126,HB,TEN,1,0,31,,0.0,0,0.0,7,60.0,0,22.2,4,18,,0.0,0,0.0,7
5,Jaylin Lane,121811,WR,WAS,1,0,32,60.0,100.0,3,75.0,3,31.3,0,100.0,4,4,60.0,100.0,1,25.0,1
5,Brandon Crenshaw-Dickson,101241,T,TEN,1,0,31,57.7,100.0,3,75.0,3,58.0,0,100.0,4,4,60.0,100.0,1,25.0,1
5,Chris Manhertz,10211,TE,NYG,1,0,21,59.7,100.0,2,50.0,2,59.1,0,100.0,4,4,59.3,100.0,2,50.0,2
5,Landon Dickerson,41712,G,PHI,1,0,24,,,0,0.0,0,78.8,0,100.0,4,4,78.8,100.0,4,100.0,4
5,Adonai Mitchell,146712,WR,IND,1,0,14,60.0,100.0,2,50.0,2,60.2,0,100.0,4,4,60.0,100.0,2,50.0,2
5,Stefon Diggs,9579,WR,NE,1,0,19,60.1,100.0,3,75.0,3,60.5,0,100.0,4,4,60.0,100.0,1,25.0,1
5,Robert Tonyan,12193,TE,KC,1,0,16,,,0,0.0,0,59.9,0,100.0,4,4,59.9,100.0,4,100.0,4
5,Tanner Conner,22777,TE,MIA,1,0,17,60.0,100.0,1,33.3,1,60.1,0,100.0,3,3,60.1,100.0,2,66.7,2
5,Tylan Wallace,61577,WR,BLT,1,0,3,60.0,100.0,2,66.7,2,59.5,0,100.0,3,3,60.0,100.0,1,33.3,1
5,Omarion Hampton,162750,HB,LAC,1,0,27,60.0,14.3,1,33.3,7,60.0,0,21.4,3,14,,0.0,0,0.0,4
5,Allen Lazard,48135,WR,NYJ,1,0,22,60.0,100.0,2,66.7,2,60.0,0,100.0,3,3,60.0,100.0,1,33.3,1
5,Javonte Williams,77803,HB,DAL,1,0,9,,0.0,0,0.0,11,60.0,0,15.0,3,20,,0.0,0,0.0,6
5,Dameon Pierce,83659,HB,HST,1,0,13,,0.0,0,0.0,4,60.0,0,30.0,3,10,,0.0,0,0.0,3
5,Devin Culp,84080,TE,TB,1,0,30,60.0,100.0,2,66.7,2,60.0,0,100.0,3,3,,,0,0.0,0
5,Jalen Royals,163442,WR,KC,1,0,16,59.1,100.0,1,33.3,1,59.0,0,100.0,3,3,60.0,100.0,1,33.3,1
5,Jonah Monheim,86461,C,JAX,1,0,15,66.2,100.0,3,100.0,3,66.2,0,100.0,3,3,,,0,0.0,0
5,Rico Dowdle,40693,HB,CAR,1,0,5,60.0,8.3,1,33.3,12,60.0,0,12.0,3,25,,0.0,0,0.0,11
5,Adam Prentice,35639,FB,DEN,1,0,10,60.0,100.0,1,33.3,1,58.9,0,75.0,3,4,60.0,100.0,1,33.3,1
5,Jalen Brooks,111284,WR,DAL,1,0,9,60.0,100.0,2,66.7,2,60.2,0,100.0,3,3,60.0,100.0,1,33.3,1
5,LaJohntay Wester,123616,WR,BLT,1,0,3,60.3,100.0,3,100.0,3,60.3,0,100.0,3,3,,,0,0.0,0
5,Tim Patrick,12087,WR,JAX,1,0,15,60.0,100.0,1,33.3,1,59.1,0,100.0,3,3,60.0,100.0,1,33.3,1
5,DeAndre Hopkins,7808,WR,BLT,1,0,3,,,0,0.0,0,60.4,0,100.0,3,3,60.0,100.0,1,33.3,1
5,Adin Huntington,130493,DI,CLV,1,0,8,58.3,100.0,2,66.7,2,42.8,0,100.0,3,3,60.0,100.0,1,33.3,1
5,Rachaad White,131633,HB,TB,1,0,30,60.0,9.1,1,33.3,11,60.0,0,18.8,3,16,,0.0,0,0.0,3
5,Isaiah Davis,138299,HB,NYJ,1,0,22,,,0,0.0,0,60.0,0,75.0,3,4,,0.0,0,0.0,1
5,Ashton Jeanty,157196,HB,LV,1,0,23,,0.0,0,0.0,5,60.0,0,16.7,3,18,,0.0,0,0.0,10
5,Jaydon Blue,157303,HB,DAL,1,0,9,,0.0,0,0.0,2,60.0,0,42.9,3,7,,0.0,0,0.0,2
5,Grant Calcaterra,60997,TE,PHI,1,0,24,,,0,0.0,0,69.8,0,100.0,2,2,69.8,100.0,2,100.0,2
5,Travis Etienne Jr.,57185,HB,JAX,1,0,15,59.3,20.0,1,50.0,5,59.1,0,14.3,2,14,60.0,12.5,1,50.0,8
5,Tez Johnson,123709,WR,TB,1,0,30,60.0,100.0,1,50.0,1,60.0,0,100.0,2,2,,,0,0.0,0
5,DeeJay Dallas,55632,HB,CAR,1,0,5,,,0,0.0,0,60.0,0,100.0,2,2,,,0,0.0,0
5,C.J. Ham,11347,FB,MIN,1,0,18,,,0,0.0,0,59.0,0,100.0,2,2,60.0,100.0,1,50.0,1
5,Kalif Raymond,11028,WR,DET,1,0,11,60.0,100.0,1,50.0,1,60.0,0,100.0,2,2,60.0,100.0,1,50.0,1
5,Jahmyr Gibbs,122474,HB,DET,1,0,11,,0.0,0,0.0,7,60.0,0,13.3,2,15,60.0,16.7,1,50.0,6
5,Jacoby Brissett,10725,QB,ARZ,1,0,1,60.0,100.0,2,100.0,2,60.0,0,100.0,2,2,,,0,0.0,0
5,Derrick Henry,10679,HB,BLT,1,0,3,,0.0,0,0.0,13,60.0,0,11.8,2,17,,0.0,0,0.0,2
5,Kameron Johnson,165866,WR,TB,1,0,30,60.0,50.0,1,50.0,2,58.3,0,66.7,2,3,,,0,0.0,0
5,Sterling Shepard,10674,WR,TB,1,0,30,,,0,0.0,0,59.8,0,66.7,2,3,59.8,100.0,2,100.0,2
5,Trevor Keegan,101544,G,DAL,1,0,9,57.7,100.0,2,100.0,2,57.7,0,100.0,2,2,,,0,0.0,0
5,Konata Mumpfield,145598,WR,LA,1,0,26,60.0,100.0,2,100.0,2,60.0,0,100.0,2,2,,,0,0.0,0
5,Teven Jenkins,41534,G,CLV,1,0,8,69.4,100.0,2,100.0,2,69.4,0,100.0,2,2,,,0,0.0,0
5,Josh Williams,99171,HB,TB,1,0,30,58.6,100.0,2,100.0,2,58.6,0,100.0,2,2,,,0,0.0,0
5,David Montgomery,45719,HB,DET,1,0,11,,0.0,0,0.0,6,60.0,0,10.0,2,20,,0.0,0,0.0,12
5,Nick Chubb,45783,HB,HST,1,0,13,,0.0,0,0.0,6,60.0,0,15.4,2,13,,0.0,0,0.0,5
5,Breece Hall,97636,HB,NYJ,1,0,22,60.0,16.7,1,50.0,6,60.0,0,12.5,2,16,,0.0,0,0.0,9
5,John Metchie III,97400,WR,PHI,1,0,24,,,0,0.0,0,55.0,0,100.0,2,2,55.0,100.0,2,100.0,2
5,Dominic Lovett,146872,WR,DET,1,0,11,,,0,0.0,0,60.0,0,100.0,2,2,,,0,0.0,0
5,Kenneth Walker III,97199,HB,SEA,1,0,29,,0.0,0,0.0,4,60.0,0,15.4,2,13,60.0,14.3,1,50.0,7
5,Cam Skattebo,147787,HB,NYG,1,0,21,69.8,40.0,2,100.0,5,69.8,0,11.8,2,17,,0.0,0,0.0,12
5,Isiah Pacheco,83747,HB,KC,1,0,16,,,0,0.0,0,60.0,0,20.0,2,10,60.0,11.1,1,50.0,9
5,Adam Thielen,8288,WR,MIN,1,0,18,60.0,100.0,1,50.0,1,60.0,0,100.0,2,2,60.0,100.0,1,50.0,1
5,James Cook,83666,HB,BUF,1,0,4,,0.0,0,0.0,8,60.0,0,11.1,2,18,,0.0,0,0.0,8
5,Quinshon Judkins,157128,HB,CLV,1,0,8,60.0,5.9,1,50.0,17,60.0,0,7.1,2,28,,0.0,0,0.0,10
5,Cameron Latu,82647,TE,PHI,1,0,24,,,0,0.0,0,60.0,0,100.0,2,2,60.0,100.0,1,50.0,1
5,Trevor Etienne,157730,HB,CAR,1,0,5,,0.0,0,0.0,2,60.0,0,33.3,2,6,,0.0,0,0.0,2
5,Jake Bobo,77997,WR,SEA,1,0,29,60.0,100.0,1,50.0,1,60.0,0,100.0,2,2,,,0,0.0,0
5,Emari Demercado,77763,HB,ARZ,1,0,1,60.0,25.0,1,50.0,4,26.5,0,40.0,2,5,,,0,0.0,0
5,Malik Turner,48078,WR,SF,1,0,28,,,0,0.0,0,60.0,0,100.0,2,2,,,0,0.0,0
5,Jordan Mason,62946,HB,MIN,1,0,18,,0.0,0,0.0,4,60.0,0,13.3,2,15,,0.0,0,0.0,9
5,Jonathan Taylor,57488,HB,IND,1,0,14,,0.0,0,0.0,16,60.0,0,9.5,2,21,,0.0,0,0.0,3
5,J.K. Dobbins,57366,HB,DEN,1,0,10,,0.0,0,0.0,12,60.0,0,8.7,2,23,,0.0,0,0.0,8
5,Cam Robinson,11789,T,CLV,1,0,8,68.3,100.0,2,100.0,2,68.3,0,100.0,2,2,,,0,0.0,0
5,Taysom Hill,12112,TE,NO,1,0,20,59.9,16.7,1,100.0,6,59.9,0,14.3,1,7,,,0,0.0,0
5,KeAndre Lambert-Smith,129789,WR,LAC,1,0,27,,,0,0.0,0,60.0,0,100.0,1,1,,,0,0.0,0
5,De'Von Achane,124305,HB,MIA,1,0,17,,0.0,0,0.0,3,60.0,0,9.1,1,11,60.0,12.5,1,100.0,8
5,Chuma Edoga,46232,T,JAX,1,0,15,,,0,0.0,0,60.0,0,100.0,1,1,60.0,100.0,1,100.0,1
5,Kimani Vidal,123727,HB,LAC,1,0,27,,0.0,0,0.0,3,60.0,0,20.0,1,5,,0.0,0,0.0,1
5,Ollie Gordon II,157792,HB,MIA,1,0,17,60.0,50.0,1,100.0,2,60.0,0,25.0,1,4,,0.0,0,0.0,2
5,Woody Marks,124179,HB,HST,1,0,13,,0.0,0,0.0,2,60.0,0,11.1,1,9,,0.0,0,0.0,6
5,AJ Dillon,57165,HB,PHI,1,0,24,,,0,0.0,0,60.0,0,33.3,1,3,,0.0,0,0.0,2
5,Quintin Morris,61182,TE,JAX,1,0,15,,,0,0.0,0,60.0,0,100.0,1,1,,,0,0.0,0
5,Tyler Lockett,9502,WR,TEN,1,0,31,,,0,0.0,0,60.0,0,100.0,1,1,60.0,100.0,1,100.0,1
5,Tyler Johnson,48054,WR,NYJ,1,0,22,,,0,0.0,0,60.0,0,100.0,1,1,,,0,0.0,0
5,Mitchell Tinsley,123470,WR,CIN,1,0,7,60.0,100.0,1,100.0,1,30.8,0,100.0,1,1,,,0,0.0,0
5,Sean Tucker,123056,HB,TB,1,0,30,60.0,50.0,1,100.0,2,60.0,0,25.0,1,4,,0.0,0,0.0,2
5,Brian Robinson,57120,HB,SF,1,0,28,,0.0,0,0.0,2,60.0,0,16.7,1,6,,0.0,0,0.0,3
5,Nick Vannett,10728,TE,MIN,1,0,18,,,0,0.0,0,60.0,0,100.0,1,1,,,0,0.0,0
5,Brayden Willis,77917,TE,SF,1,0,28,,,0,0.0,0,60.0,0,100.0,1,1,,,0,0.0,0
5,Brashard Smith,143951,HB,KC,1,0,16,,,0,0.0,0,60.0,0,50.0,1,2,60.0,50.0,1,100.0,2
5,Simi Fehoko,84424,WR,ARZ,1,0,1,60.0,100.0,1,100.0,1,60.0,0,100.0,1,1,,,0,0.0,0
5,Dareke Young,111900,WR,SEA,1,0,29,,,0,0.0,0,60.0,0,100.0,1,1,60.0,100.0,1,100.0,1
5,Julius Chestnut,109239,HB,TEN,1,0,31,,0.0,0,0.0,1,60.0,0,50.0,1,2,60.0,100.0,1,100.0,1
5,Demario Douglas,104155,WR,NE,1,0,19,60.0,100.0,1,100.0,1,60.0,0,100.0,1,1,,,0,0.0,0
5,Jacory Croskey-Merritt,102382,HB,WAS,1,0,32,60.0,7.7,1,100.0,13,60.0,0,6.3,1,16,,0.0,0,0.0,3
5,Will Mallory,77888,TE,IND,1,0,14,60.0,100.0,1,100.0,1,60.0,0,100.0,1,1,,,0,0.0,0
5,Bhayshul Tuten,150568,HB,JAX,1,0,15,,0.0,0,0.0,1,60.0,0,20.0,1,5,,0.0,0,0.0,3
5,Chris Rodriguez Jr.,83689,HB,WAS,1,0,32,,0.0,0,0.0,4,60.0,0,16.7,1,6,60.0,50.0,1,100.0,2
5,Devin Singletary,40485,HB,NYG,1,0,21,,0.0,0,0.0,1,60.0,0,14.3,1,7,,0.0,0,0.0,5
5,Velus Jones Jr.,40573,HB,NO,1,0,20,,,0,0.0,0,60.0,0,100.0,1,1,,,0,0.0,0
5,Chase Brown,77787,HB,CIN,1,0,7,,0.0,0,0.0,4,60.0,0,11.1,1,9,,0.0,0,0.0,4
5,TreVeyon Henderson,145059,HB,NE,1,0,19,,0.0,0,0.0,3,60.0,0,14.3,1,7,60.0,33.3,1,100.0,3
5,Ray Davis,101072,HB,BUF,1,0,4,,0.0,0,0.0,1,60.0,0,33.3,1,3,,0.0,0,0.0,1
5,Blake Corum,129574,HB,LA,1,0,26,60.0,100.0,1,100.0,1,60.0,0,50.0,1,2,,,0,0.0,0
5,Kyle Williams,128374,WR,NE,1,0,19,60.0,100.0,1,100.0,1,60.0,0,100.0,1,1,,,0,0.0,0
5,RJ Harvey,99622,HB,DEN,1,0,10,,0.0,0,0.0,3,60.0,0,20.0,1,5,,0.0,0,0.0,1
5,Raheem Mostert,9783,HB,LV,1,0,23,,0.0,0,0.0,1,60.0,0,12.5,1,8,60.0,14.3,1,100.0,7
5,Yosh Nijman,60822,T,CAR,1,0,5,59.4,100.0,1,100.0,1,59.4,0,100.0,1,1,,,0,0.0,0
5,Luke Fortner,42028,C,NO,1,0,20,61.1,100.0,1,100.0,1,61.1,0,100.0,1,1,,,0,0.0,0
5,Greg Dortch,42237,WR,ARZ,1,0,1,,,0,0.0,0,60.0,0,100.0,1,1,,,0,0.0,0
week,player,player_id,position,team_name,player_game_count,declined_penalties,franchise_id,gap_grades_run_block,gap_run_block_percent,gap_snap_counts_run_block,gap_snap_counts_run_block_percent,gap_snap_counts_run_play,grades_run_block,penalties,run_block_percent,snap_counts_run_block,snap_counts_run_play,zone_grades_run_block,zone_run_block_percent,zone_snap_counts_run_block,zone_snap_counts_run_block_percent,zone_snap_counts_run_play
6,Ikem Ekwonu,98286,T,CAR,1,0,5,55.2,100.0,19,51.4,19,58.5,0,100.0,37,37,63.1,100.0,15,40.5,15
6,Damien Lewis,81532,G,CAR,1,0,5,91.0,100.0,19,51.4,19,84.1,0,100.0,37,37,62.4,100.0,15,40.5,15
6,Cade Mays,81995,C,CAR,1,0,5,84.4,100.0,19,51.4,19,87.6,0,100.0,37,37,77.5,100.0,15,40.5,15
6,Brady Christensen,51985,G,CAR,1,0,5,62.0,100.0,19,51.4,19,63.6,0,100.0,37,37,63.2,100.0,15,40.5,15
6,Yosh Nijman,60822,T,CAR,1,0,5,63.3,100.0,19,51.4,19,74.3,0,100.0,37,37,78.3,100.0,15,40.5,15
6,Roger Rosengarten,131912,T,BLT,1,0,3,75.7,100.0,9,25.0,9,69.4,0,100.0,36,36,65.1,100.0,22,61.1,22
6,Tyler Linderbaum,82291,C,BLT,1,0,3,65.2,100.0,9,25.0,9,66.5,1,100.0,36,36,66.5,100.0,22,61.1,22
6,Andrew Vorhees,60818,G,BLT,1,0,3,58.7,100.0,9,25.0,9,72.5,0,100.0,36,36,78.4,100.0,22,61.1,22
6,Daniel Faalele,81734,G,BLT,1,0,3,51.4,100.0,9,25.0,9,57.5,1,100.0,36,36,62.7,100.0,22,61.1,22
6,Bryce Young,123943,QB,CAR,1,0,5,60.0,100.0,19,54.3,19,60.0,0,94.6,35,37,60.0,100.0,15,42.9,15
6,Jermaine Eluemunor,11914,T,NYG,1,0,21,71.1,100.0,17,50.0,17,65.1,0,100.0,34,34,58.3,100.0,12,35.3,12
6,Andrew Thomas,59701,T,NYG,1,0,21,63.3,100.0,17,50.0,17,63.0,0,100.0,34,34,61.6,100.0,12,35.3,12
6,Jon Runyan,36661,G,NYG,1,0,21,66.3,100.0,17,50.0,17,74.1,0,100.0,34,34,69.3,100.0,12,35.3,12
6,Greg Van Roten,7746,G,NYG,1,0,21,74.7,100.0,17,50.0,17,65.6,0,100.0,34,34,53.2,100.0,12,35.3,12
6,Tetairoa McMillan,158735,WR,CAR,1,0,5,81.9,100.0,18,54.5,18,74.8,0,100.0,33,33,60.4,100.0,14,42.4,14
6,Wan'Dale Robinson,101735,WR,NYG,1,0,21,56.3,100.0,16,48.5,16,57.6,0,100.0,33,33,60.3,100.0,12,36.4,12
6,Ryan Neuzil,41123,C,ATL,1,0,2,65.9,100.0,6,18.8,6,66.1,0,100.0,32,32,64.3,100.0,24,75.0,24
6,Dylan Parham,60953,G,LV,1,0,23,66.1,100.0,11,34.4,11,68.5,0,100.0,32,32,66.8,100.0,17,53.1,17
6,Jordan Meredith,60235,C,LV,1,0,23,57.7,100.0,11,34.4,11,54.6,0,100.0,32,32,54.6,100.0,17,53.1,17
6,Jackson Powers-Johnson,146550,G,LV,1,0,23,51.2,100.0,11,34.4,11,63.6,0,100.0,32,32,72.6,100.0,17,53.1,17
6,Theo Johnson,129787,TE,NYG,1,0,21,59.7,100.0,15,46.9,15,62.9,0,100.0,32,32,56.8,100.0,12,37.5,12
6,DJ Glaze,129511,T,LV,1,0,23,46.1,100.0,11,34.4,11,48.7,0,100.0,32,32,54.6,100.0,17,53.1,17
6,Chris Lindstrom,46692,G,ATL,1,0,2,66.1,100.0,6,18.8,6,78.8,0,100.0,32,32,78.9,100.0,24,75.0,24
6,Elijah Wilkinson,46238,T,ATL,1,0,2,69.3,100.0,6,18.8,6,90.3,0,100.0,32,32,86.3,100.0,24,75.0,24
6,Matthew Bergeron,99658,G,ATL,1,0,2,72.9,100.0,6,18.8,6,66.7,0,100.0,32,32,69.3,100.0,24,75.0,24
6,Stone Forsythe,41795,T,LV,1,0,23,45.5,100.0,11,34.4,11,58.5,0,100.0,32,32,69.2,100.0,17,53.1,17
6,Zay Flowers,97268,WR,BLT,1,0,3,80.5,100.0,8,25.8,8,65.6,0,100.0,31,31,55.7,100.0,21,67.7,21
6,Michael Penix Jr.,82134,QB,ATL,1,0,2,60.0,100.0,6,19.4,6,60.1,0,96.9,31,32,60.0,100.0,24,77.4,24
6,Cooper Rush,12324,QB,BLT,1,0,3,60.0,100.0,9,29.0,9,60.2,0,96.9,31,32,60.0,100.0,19,61.3,19
6,Drake London,86519,WR,ATL,1,0,2,57.9,100.0,6,20.0,6,57.3,0,100.0,30,30,58.3,100.0,23,76.7,23
6,Morgan Moses,8701,T,NE,1,0,19,64.9,100.0,13,44.8,13,71.2,0,100.0,29,29,75.5,100.0,8,27.6,8
6,Garrett Bradbury,46013,C,NE,1,0,19,48.6,100.0,13,44.8,13,46.6,0,100.0,29,29,69.1,100.0,8,27.6,8
6,Will Campbell,157106,T,NE,1,0,19,71.8,100.0,13,44.8,13,77.2,0,100.0,29,29,79.3,100.0,8,27.6,8
6,Jared Wilson,146717,G,NE,1,0,19,54.0,100.0,13,44.8,13,44.0,0,100.0,29,29,46.0,100.0,8,27.6,8
6,Mike Onwenu,27357,G,NE,1,0,19,61.0,100.0,13,44.8,13,61.3,0,100.0,29,29,62.8,100.0,8,27.6,8
6,John Simpson,41715,G,NYJ,1,0,22,74.0,100.0,8,28.6,8,60.2,0,100.0,28,28,51.2,100.0,17,60.7,17
6,Geno Smith,7820,QB,LV,1,0,23,60.0,100.0,11,39.3,11,60.0,0,87.5,28,32,60.0,100.0,17,60.7,17
6,Olumuyiwa Fashanu,129777,T,NYJ,1,0,22,73.8,100.0,8,28.6,8,60.0,0,100.0,28,28,52.4,100.0,17,60.7,17
6,Jakobi Meyers,47468,WR,LV,1,0,23,59.4,100.0,10,35.7,10,51.5,0,100.0,28,28,50.5,100.0,17,60.7,17
6,Troy Fautanu,100521,T,PIT,1,0,25,59.8,100.0,7,25.0,7,61.6,0,100.0,28,28,62.3,100.0,16,57.1,16
6,Mason McCormick,78326,G,PIT,1,0,25,55.3,100.0,7,25.0,7,46.0,0,100.0,28,28,44.9,100.0,16,57.1,16
6,Michael Mayer,122906,TE,LV,1,0,23,56.4,100.0,10,35.7,10,58.5,0,100.0,28,28,52.4,100.0,14,50.0,14
6,Josh Myers,59992,C,NYJ,1,0,22,51.3,100.0,8,28.6,8,59.2,0,100.0,28,28,59.7,100.0,17,60.7,17
6,Tre Tucker,101106,WR,LV,1,0,23,49.8,100.0,10,35.7,10,52.5,0,100.0,28,28,59.2,100.0,16,57.1,16
6,Broderick Jones,124025,T,PIT,1,0,25,63.4,100.0,7,25.0,7,57.8,0,100.0,28,28,54.7,100.0,16,57.1,16
6,Joe Tippmann,101568,G,NYJ,1,0,22,54.8,100.0,8,28.6,8,44.3,0,100.0,28,28,43.2,100.0,17,60.7,17
6,Armand Membou,125008,T,NYJ,1,0,22,45.7,100.0,8,28.6,8,55.7,0,100.0,28,28,64.5,100.0,17,60.7,17
6,Ben Bredeson,27305,G,TB,1,0,30,49.8,100.0,25,92.6,25,50.0,0,100.0,27,27,60.0,100.0,1,3.7,1
6,Charlie Heck,36501,T,TB,1,0,30,64.5,100.0,25,92.6,25,64.2,0,100.0,27,27,60.0,100.0,1,3.7,1
6,Kyle Pitts,83964,TE,ATL,1,0,2,59.1,100.0,5,18.5,5,73.1,0,100.0,27,27,77.4,100.0,22,81.5,22
6,Graham Barton,122367,C,TB,1,0,30,66.7,100.0,25,92.6,25,65.2,0,100.0,27,27,60.0,100.0,1,3.7,1
6,Tristan Wirfs,64818,T,TB,1,0,30,70.9,100.0,25,92.6,25,66.6,1,100.0,27,27,60.0,100.0,1,3.7,1
6,Cade Otton,61071,TE,TB,1,0,30,60.4,100.0,25,92.6,25,53.5,0,100.0,27,27,60.0,100.0,1,3.7,1
6,Anthony Bradford,99103,G,SEA,1,0,29,65.3,100.0,7,26.9,7,56.2,0,100.0,26,26,43.0,100.0,16,61.5,16
6,Braden Smith,46794,T,IND,1,0,14,46.4,100.0,12,46.2,12,70.1,0,100.0,26,26,88.3,100.0,11,42.3,11
6,Grey Zabel,125314,G,SEA,1,0,29,41.8,100.0,7,26.9,7,39.7,0,100.0,26,26,53.9,100.0,16,61.5,16
6,Elgton Jenkins,46298,C,GB,1,0,12,62.6,100.0,9,34.6,9,61.2,0,100.0,26,26,59.9,100.0,14,53.8,14
6,Zach Tom,55443,T,GB,1,0,12,75.5,100.0,9,34.6,9,71.0,0,100.0,26,26,63.5,100.0,14,53.8,14
6,Rasheed Walker,81798,T,GB,1,0,12,79.3,100.0,9,34.6,9,66.2,0,100.0,26,26,54.7,100.0,14,53.8,14
6,Abraham Lucas,60218,T,SEA,1,0,29,74.2,100.0,7,26.9,7,65.1,0,100.0,26,26,57.0,100.0,16,61.5,16
6,Joe Thuney,10712,G,CHI,1,0,6,64.1,100.0,8,30.8,8,82.4,0,100.0,26,26,85.0,100.0,14,53.8,14
6,Quenton Nelson,12954,G,IND,1,0,14,62.9,100.0,12,46.2,12,89.8,0,100.0,26,26,94.0,100.0,11,42.3,11
6,Jonah Jackson,37070,G,CHI,1,0,6,59.7,100.0,8,30.8,8,53.3,0,100.0,26,26,51.3,100.0,14,53.8,14
6,Charles Cross,98401,T,SEA,1,0,29,58.6,100.0,7,26.9,7,56.3,0,100.0,26,26,56.7,100.0,16,61.5,16
6,Darnell Wright,98480,T,CHI,1,0,6,85.4,100.0,8,30.8,8,69.7,0,100.0,26,26,59.2,100.0,14,53.8,14
6,Aaron Banks,59983,G,GB,1,0,12,75.4,100.0,9,34.6,9,50.1,0,100.0,26,26,36.0,100.0,14,53.8,14
6,Theo Benedet,169632,T,CHI,1,0,6,54.9,100.0,8,30.8,8,69.0,0,100.0,26,26,74.6,100.0,14,53.8,14
6,Rome Odunze,73774,WR,CHI,1,0,6,52.5,100.0,8,30.8,8,50.7,0,100.0,26,26,55.7,100.0,14,53.8,14
6,Hunter Henry,10669,TE,NE,1,0,19,52.1,100.0,12,46.2,12,50.0,0,100.0,26,26,59.5,100.0,6,23.1,6
6,Bernhard Raimann,77948,T,IND,1,0,14,73.4,100.0,12,46.2,12,88.0,0,100.0,26,26,83.9,100.0,11,42.3,11
6,Matt Goncalves,99680,G,IND,1,0,14,59.4,100.0,12,46.2,12,71.1,0,100.0,26,26,70.0,100.0,11,42.3,11
6,Isaiah Likely,83955,TE,BLT,1,0,3,63.4,100.0,6,23.1,6,55.8,0,100.0,26,26,53.0,100.0,18,69.2,18
6,Tommy Tremble,84025,TE,CAR,1,0,5,80.9,100.0,13,50.0,13,77.9,0,100.0,26,26,67.6,100.0,10,38.5,10
6,Tanor Bortolini,129915,C,IND,1,0,14,69.7,100.0,12,46.2,12,83.9,0,100.0,26,26,79.1,100.0,11,42.3,11
6,Drew Dalman,52270,C,CHI,1,0,6,63.3,100.0,8,30.8,8,68.7,0,100.0,26,26,73.1,100.0,14,53.8,14
6,Jalen Sundell,91396,C,SEA,1,0,29,59.7,100.0,7,26.9,7,53.3,1,100.0,26,26,52.0,100.0,16,61.5,16
6,Mason Taylor,157122,TE,NYJ,1,0,22,54.6,100.0,8,30.8,8,55.8,0,100.0,26,26,59.0,100.0,16,61.5,16
6,Mark Andrews,47436,TE,BLT,1,0,3,57.1,100.0,7,28.0,7,66.6,0,89.3,25,28,56.6,100.0,16,64.0,16
6,Andrew Wylie,12333,G,WAS,1,0,32,59.4,100.0,15,60.0,15,55.2,0,100.0,25,25,52.3,100.0,8,32.0,8
6,Chris Paul,77579,G,WAS,1,0,32,42.3,100.0,15,60.0,15,52.3,0,100.0,25,25,69.5,100.0,8,32.0,8
6,Josh Conerly Jr.,163291,T,WAS,1,0,32,36.7,100.0,15,60.0,15,44.7,0,100.0,25,25,53.7,100.0,8,32.0,8
6,Bobby Hart,9659,T,LAC,1,0,27,49.6,100.0,9,36.0,9,36.8,0,100.0,25,25,36.1,100.0,15,60.0,15
6,Zach Frazier,123419,C,PIT,1,0,25,72.5,100.0,7,28.0,7,61.9,0,100.0,25,25,53.8,100.0,16,64.0,16
6,Zion Johnson,99681,G,LAC,1,0,27,44.2,100.0,9,36.0,9,41.6,0,100.0,25,25,47.6,100.0,15,60.0,15
6,Casey Washington,101710,WR,ATL,1,0,2,60.0,100.0,4,16.0,4,74.5,0,100.0,25,25,74.8,100.0,19,76.0,19
6,Baker Mayfield,46518,QB,TB,1,0,30,60.0,96.0,24,96.0,25,60.0,0,92.6,25,27,60.0,100.0,1,4.0,1
6,Aaron Rodgers,2241,QB,PIT,1,0,25,60.0,100.0,7,28.0,7,60.0,0,100.0,25,25,60.0,100.0,16,64.0,16
6,Mitchell Evans,147486,TE,CAR,1,0,5,84.4,100.0,13,52.0,13,84.9,0,100.0,25,25,83.6,100.0,9,36.0,9
6,Mekhi Becton,59818,G,LAC,1,0,27,44.9,100.0,9,36.0,9,34.9,0,100.0,25,25,38.0,100.0,15,60.0,15
6,Jaxson Dart,146409,QB,NYG,1,0,21,60.0,81.3,13,52.0,16,60.0,0,75.8,25,33,60.0,100.0,12,48.0,12
6,Tyler Biadasz,41178,C,WAS,1,0,32,52.1,100.0,15,60.0,15,52.9,0,100.0,25,25,57.8,100.0,8,32.0,8
6,Bradley Bozeman,27934,C,LAC,1,0,27,68.2,100.0,9,36.0,9,56.7,0,100.0,25,25,58.6,100.0,15,60.0,15
6,Laremy Tunsil,10647,T,WAS,1,0,32,65.1,100.0,15,60.0,15,59.2,0,100.0,25,25,51.8,100.0,8,32.0,8
6,Austin Hooper,10715,TE,NE,1,0,19,53.4,100.0,13,52.0,13,53.6,0,100.0,25,25,60.3,100.0,6,24.0,6
6,Isaac Seumalo,10713,G,PIT,1,0,25,64.8,100.0,7,28.0,7,54.9,0,100.0,25,25,50.6,100.0,16,64.0,16
6,Austin Deculus,59821,T,LAC,1,0,27,51.1,100.0,9,36.0,9,50.8,0,100.0,25,25,54.8,100.0,15,60.0,15
6,Luke Wattenberg,41024,C,DEN,1,0,10,61.3,100.0,11,45.8,11,63.1,0,100.0,24,24,53.8,100.0,9,37.5,9
6,Trey Smith,62960,G,KC,1,0,16,59.7,100.0,2,8.3,2,70.2,0,100.0,24,24,64.8,100.0,15,62.5,15
6,Kingsley Suamataia,146558,G,KC,1,0,16,57.2,100.0,2,8.3,2,46.8,0,100.0,24,24,55.9,100.0,15,62.5,15
6,Garett Bolles,11775,T,DEN,1,0,10,57.8,100.0,11,45.8,11,78.7,0,100.0,24,24,90.5,100.0,9,37.5,9
6,Darnell Washington,124044,TE,PIT,1,0,25,34.0,100.0,4,16.7,4,45.3,0,100.0,24,24,57.9,100.0,15,62.5,15
6,Justin Herbert,28237,QB,LAC,1,0,27,60.0,100.0,9,37.5,9,60.0,0,96.0,24,25,60.0,100.0,15,62.5,15
6,Quinn Meinerz,112915,G,DEN,1,0,10,57.0,100.0,11,45.8,11,66.6,0,100.0,24,24,73.3,100.0,9,37.5,9
6,Tucker Kraft,104034,TE,GB,1,0,12,58.2,100.0,9,37.5,9,59.5,0,100.0,24,24,65.0,100.0,12,50.0,12
6,Jordan Love,40306,QB,GB,1,0,12,60.0,100.0,9,37.5,9,60.0,0,92.3,24,26,60.0,100.0,14,58.3,14
6,Jawaan Taylor,41665,T,KC,1,0,16,57.9,100.0,2,8.3,2,57.2,0,100.0,24,24,59.3,100.0,15,62.5,15
6,Charlie Woerner,42257,TE,ATL,1,0,2,60.2,100.0,5,20.8,5,62.1,0,100.0,24,24,62.5,100.0,18,75.0,18
6,Jaylon Moore,43678,T,KC,1,0,16,59.5,100.0,2,8.3,2,80.8,0,100.0,24,24,84.4,100.0,15,62.5,15
6,Olamide Zaccheaus,44920,WR,CHI,1,0,6,48.6,100.0,8,33.3,8,51.2,0,96.0,24,25,58.0,100.0,14,58.3,14
6,Matt Peart,46179,G,DEN,1,0,10,48.1,100.0,11,45.8,11,40.9,0,100.0,24,24,42.8,100.0,9,37.5,9
6,Mike McGlinchey,46275,T,DEN,1,0,10,62.4,100.0,11,45.8,11,73.3,0,100.0,24,24,81.9,100.0,9,37.5,9
6,Creed Humphrey,59996,C,KC,1,0,16,60.0,100.0,2,8.3,2,68.4,0,100.0,24,24,62.2,100.0,15,62.5,15
6,Alaric Jackson,40972,T,LA,1,0,26,79.0,100.0,7,30.4,7,63.9,0,100.0,23,23,49.9,100.0,12,52.2,12
6,Warren McClendon Jr.,99081,T,LA,1,0,26,71.4,100.0,7,30.4,7,82.3,0,100.0,23,23,72.5,100.0,12,52.2,12
6,Jonah Williams,41651,T,ARZ,1,0,1,57.4,100.0,12,52.2,12,62.3,0,100.0,23,23,66.9,100.0,9,39.1,9
6,Evan Brown,38709,G,ARZ,1,0,1,61.8,100.0,12,52.2,12,67.4,0,100.0,23,23,70.4,100.0,9,39.1,9
6,Justin Fields,82118,QB,NYJ,1,0,22,60.0,100.0,8,34.8,8,60.0,0,85.2,23,27,60.0,82.4,14,60.9,17
6,Coleman Shelton,39316,C,LA,1,0,26,53.0,100.0,7,30.4,7,70.8,0,100.0,23,23,78.3,100.0,12,52.2,12
6,Kevin Dotson,46735,G,LA,1,0,26,57.4,100.0,7,30.4,7,76.3,0,100.0,23,23,82.4,100.0,12,52.2,12
6,DJ Moore,48267,WR,CHI,1,0,6,85.2,75.0,6,26.1,8,71.7,0,92.0,23,25,58.6,100.0,14,60.9,14
6,Daniel Jones,39395,QB,IND,1,0,14,60.0,100.0,12,52.2,12,60.0,0,88.5,23,26,60.0,100.0,11,47.8,11
6,Paris Johnson Jr.,129749,T,ARZ,1,0,1,64.9,100.0,12,52.2,12,71.6,0,100.0,23,23,77.1,100.0,9,39.1,9
6,Michael Pittman Jr.,29049,WR,IND,1,0,14,53.9,100.0,12,52.2,12,64.4,0,100.0,23,23,73.2,100.0,10,43.5,10
6,Steve Avila,77319,G,LA,1,0,26,53.9,100.0,7,30.4,7,50.5,0,100.0,23,23,52.3,100.0,12,52.2,12
6,Hjalte Froholdt,44959,C,ARZ,1,0,1,56.4,100.0,12,52.2,12,58.1,0,100.0,23,23,62.1,100.0,9,39.1,9
6,Caleb Williams,144622,QB,CHI,1,0,6,60.0,100.0,8,34.8,8,60.0,0,88.5,23,26,60.0,100.0,14,60.9,14
6,Drake Maye,143969,QB,NE,1,0,19,60.0,100.0,13,56.5,13,60.0,0,79.3,23,29,60.0,100.0,8,34.8,8
6,Sam Darnold,29048,QB,SEA,1,0,29,60.0,100.0,7,30.4,7,60.0,0,88.5,23,26,60.0,100.0,16,69.6,16
6,Will Hernandez,46180,G,ARZ,1,0,1,45.7,100.0,12,52.2,12,52.4,0,100.0,23,23,56.1,100.0,9,39.1,9
6,Garrett Wilson,97405,WR,NYJ,1,0,22,59.4,100.0,6,26.1,6,60.5,0,100.0,23,23,61.7,100.0,15,65.2,15
6,Tate Ratledge,124034,G,DET,1,0,11,66.8,100.0,6,27.3,6,75.1,0,100.0,22,22,74.1,100.0,15,68.2,15
6,Tyler Warren,129798,TE,IND,1,0,14,59.9,100.0,10,45.5,10,59.0,0,100.0,22,22,58.4,100.0,10,45.5,10
6,Dan Skipper,12307,T,DET,1,0,11,56.1,100.0,6,27.3,6,52.7,0,100.0,22,22,53.5,100.0,15,68.2,15
6,Noah Gray,60878,TE,KC,1,0,16,60.3,100.0,2,9.1,2,60.3,0,100.0,22,22,60.8,100.0,14,63.6,14
6,Daniel Bellinger,84041,TE,NYG,1,0,21,66.7,100.0,10,45.5,10,59.4,0,100.0,22,22,69.0,100.0,7,31.8,7
6,Xavier Legette,99197,WR,CAR,1,0,5,55.6,100.0,13,59.1,13,56.7,0,100.0,22,22,59.9,100.0,9,40.9,9
6,Penei Sewell,81788,T,DET,1,0,11,66.0,100.0,6,27.3,6,79.7,0,100.0,22,22,81.0,100.0,15,68.2,15
6,Jared Goff,10635,QB,DET,1,0,11,60.0,100.0,6,27.3,6,60.0,0,100.0,22,22,60.0,100.0,15,68.2,15
6,Graham Glasgow,10729,C,DET,1,0,11,51.7,100.0,6,27.3,6,64.0,0,100.0,22,22,63.1,100.0,15,68.2,15
6,Josh Reynolds,11872,WR,NYJ,1,0,22,55.0,100.0,6,27.3,6,57.5,0,100.0,22,22,61.6,100.0,15,68.2,15
6,Charlie Kolar,60917,TE,BLT,1,0,3,68.8,100.0,8,36.4,8,66.6,0,100.0,22,22,64.3,100.0,10,45.5,10
6,Christian Mahogany,98261,G,DET,1,0,11,55.2,100.0,6,27.3,6,92.0,0,100.0,22,22,93.6,100.0,15,68.2,15
6,Jordan Whittington,97623,WR,LA,1,0,26,60.7,100.0,7,31.8,7,50.0,1,100.0,22,22,52.3,100.0,11,50.0,11
6,AJ Barner,129433,TE,SEA,1,0,29,56.2,100.0,7,33.3,7,69.9,0,100.0,21,21,87.6,100.0,14,66.7,14
6,Payne Durham,84037,TE,TB,1,0,30,95.6,100.0,19,90.5,19,95.0,0,100.0,21,21,60.0,100.0,1,4.8,1
6,D.K. Metcalf,47864,WR,PIT,1,0,25,60.4,100.0,6,28.6,6,59.2,0,100.0,21,21,59.6,100.0,14,66.7,14
6,Romeo Doubs,84329,WR,GB,1,0,12,62.0,100.0,8,38.1,8,61.3,0,100.0,21,21,60.4,100.0,11,52.4,11
6,Trevor Penning,59963,G,NO,1,0,20,56.5,100.0,6,28.6,6,51.7,0,100.0,21,21,54.0,100.0,13,61.9,13
6,Colton McKivitz,29314,T,SF,1,0,28,86.7,100.0,8,38.1,8,82.9,0,100.0,21,21,63.1,100.0,10,47.6,10
6,Erik McCoy,37347,C,NO,1,0,20,51.3,100.0,6,28.6,6,54.5,0,100.0,21,21,61.7,100.0,13,61.9,13
6,Jordan Morgan,98652,G,GB,1,0,12,50.5,100.0,8,38.1,8,67.3,0,100.0,21,21,77.6,100.0,12,57.1,12
6,Cesar Ruiz,59857,G,NO,1,0,20,53.3,100.0,6,28.6,6,54.0,0,100.0,21,21,59.2,100.0,13,61.9,13
6,Sam LaPorta,101690,TE,DET,1,0,11,90.1,100.0,6,28.6,6,75.0,0,100.0,21,21,58.5,100.0,14,66.7,14
6,Jack Bech,146771,WR,LV,1,0,23,58.7,100.0,6,28.6,6,58.1,0,100.0,21,21,58.9,100.0,14,66.7,14
6,Connor Colby,144862,G,SF,1,0,28,50.9,100.0,8,38.1,8,63.7,0,100.0,21,21,67.7,100.0,10,47.6,10
6,Trey McBride,75916,TE,ARZ,1,0,1,68.5,100.0,10,47.6,10,69.2,1,100.0,21,21,65.0,100.0,9,42.9,9
6,Jayden Daniels,97993,QB,WAS,1,0,32,60.0,80.0,12,57.1,15,60.0,0,84.0,21,25,60.0,100.0,8,38.1,8
6,Jacoby Brissett,10725,QB,ARZ,1,0,1,60.0,100.0,12,57.1,12,60.0,0,91.3,21,23,60.0,100.0,9,42.9,9
6,Trent Williams,5529,T,SF,1,0,28,75.4,100.0,8,38.1,8,67.4,0,100.0,21,21,60.8,100.0,10,47.6,10
6,Bo Nix,97790,QB,DEN,1,0,10,60.0,100.0,11,52.4,11,60.0,0,87.5,21,24,60.0,88.9,8,38.1,9
6,Joe Noteboom,46249,T,BLT,1,0,3,44.6,100.0,4,19.0,4,63.2,0,100.0,21,21,75.1,100.0,12,57.1,12
6,Taliese Fuaga,131732,T,NO,1,0,20,63.6,100.0,6,28.6,6,77.4,0,100.0,21,21,80.5,100.0,13,61.9,13
6,Dominick Puni,163815,G,SF,1,0,28,72.5,100.0,8,38.1,8,74.8,0,100.0,21,21,72.2,100.0,10,47.6,10
6,Jake Brendel,11117,C,SF,1,0,28,51.3,100.0,8,38.1,8,48.4,1,100.0,21,21,55.5,100.0,10,47.6,10
6,Jonah Monheim,86461,C,JAX,1,0,15,59.5,100.0,7,35.0,7,63.9,0,100.0,20,20,65.1,100.0,11,55.0,11
6,Brock Wright,60994,TE,DET,1,0,11,47.6,100.0,5,25.0,5,53.9,0,100.0,20,20,62.2,100.0,14,70.0,14
6,Ezra Cleveland,41973,G,JAX,1,0,15,57.9,100.0,7,35.0,7,59.1,0,100.0,20,20,60.5,100.0,11,55.0,11
6,Tre Harris,122676,WR,LAC,1,0,27,60.2,100.0,7,35.0,7,78.8,0,100.0,20,20,78.8,100.0,12,60.0,12
6,Lil'Jordan Humphrey,42247,WR,NYG,1,0,21,55.8,100.0,13,65.0,13,54.8,0,100.0,20,20,61.0,100.0,7,35.0,7
6,Anton Harrison,122929,T,JAX,1,0,15,53.2,100.0,7,35.0,7,52.4,1,100.0,20,20,55.3,100.0,11,55.0,11
6,Patrick Mekari,46219,G,JAX,1,0,15,61.9,100.0,7,35.0,7,53.0,0,100.0,20,20,49.7,100.0,11,55.0,11
6,Matthew Stafford,4924,QB,LA,1,0,26,60.0,100.0,7,35.0,7,60.0,0,87.0,20,23,60.0,100.0,12,60.0,12
6,Walker Little,52287,T,JAX,1,0,15,57.8,100.0,7,35.0,7,61.8,0,100.0,20,20,78.8,100.0,11,55.0,11
6,Tyler Higbee,10744,TE,LA,1,0,26,50.1,100.0,6,30.0,6,60.1,0,100.0,20,20,74.4,100.0,11,55.0,11
6,Mo Alie-Cox,12078,TE,IND,1,0,14,65.9,100.0,7,36.8,7,63.4,0,100.0,19,19,58.7,100.0,9,47.4,9
6,Luke Haggard,129442,G,TB,1,0,30,50.4,100.0,19,100.0,19,43.2,0,100.0,19,19,,,0,0.0,0
6,Cole Strange,22976,G,MIA,1,0,17,40.3,100.0,8,42.1,8,50.2,0,100.0,19,19,51.5,100.0,9,47.4,9
6,Kelvin Banks Jr.,163839,T,NO,1,0,20,59.4,100.0,5,26.3,5,60.1,0,100.0,19,19,61.2,100.0,12,63.2,12
6,Tyler Smith,98385,G,DAL,1,0,9,66.2,100.0,9,47.4,9,71.7,0,100.0,19,19,70.8,100.0,8,42.1,8
6,Aaron Brewer,46014,C,MIA,1,0,17,66.1,100.0,8,42.1,8,65.5,0,100.0,19,19,79.0,100.0,9,47.4,9
6,Terence Steele,39461,T,DAL,1,0,9,54.7,100.0,9,47.4,9,63.3,0,100.0,19,19,70.7,100.0,8,42.1,8
6,Connor McGovern,41714,C,BUF,1,0,4,54.0,100.0,13,68.4,13,51.0,0,100.0,19,19,53.8,100.0,5,26.3,5
6,Tua Tagovailoa,60326,QB,MIA,1,0,17,60.0,100.0,8,42.1,8,60.0,0,100.0,19,19,60.0,100.0,9,47.4,9
6,Dion Dawkins,11818,T,BUF,1,0,4,61.9,100.0,13,68.4,13,45.2,0,100.0,19,19,47.7,100.0,5,26.3,5
6,Jonah Savaiinaea,158742,G,MIA,1,0,17,58.0,100.0,8,42.1,8,53.9,0,100.0,19,19,53.4,100.0,9,47.4,9
6,Patrick Paul,101019,T,MIA,1,0,17,46.3,100.0,8,42.1,8,41.7,0,100.0,19,19,46.3,100.0,9,47.4,9
6,Patrick Mahomes,11765,QB,KC,1,0,16,60.0,100.0,2,10.5,2,60.0,0,79.2,19,24,60.0,100.0,15,78.9,15
6,Rashod Bateman,84296,WR,BLT,1,0,3,60.0,100.0,2,10.5,2,57.6,0,100.0,19,19,57.6,100.0,16,84.2,16
6,Larry Borom,59879,T,MIA,1,0,17,67.1,100.0,8,42.1,8,69.7,0,100.0,19,19,84.2,100.0,9,47.4,9
6,Spencer Brown,42296,T,BUF,1,0,4,73.0,100.0,13,68.4,13,68.0,0,100.0,19,19,55.4,100.0,5,26.3,5
6,Jackson Hawes,109374,TE,BUF,1,0,4,43.5,100.0,13,68.4,13,47.3,0,100.0,19,19,60.0,100.0,5,26.3,5
6,Tyler Guyton,123076,T,DAL,1,0,9,47.8,100.0,9,47.4,9,48.9,0,100.0,19,19,56.1,100.0,8,42.1,8
6,Alec Pierce,78038,WR,IND,1,0,14,60.3,100.0,10,52.6,10,60.3,0,100.0,19,19,60.6,100.0,8,42.1,8
6,O'Cyrus Torrence,102821,G,BUF,1,0,4,69.0,100.0,13,68.4,13,56.9,0,100.0,19,19,57.8,100.0,5,26.3,5
6,Brock Hoffman,54535,C,DAL,1,0,9,39.3,100.0,9,47.4,9,48.6,0,100.0,19,19,64.0,100.0,8,42.1,8
6,T.J. Bass,131703,G,DAL,1,0,9,53.8,100.0,9,47.4,9,70.4,0,100.0,19,19,81.7,100.0,8,42.1,8
6,David Edwards,35941,G,BUF,1,0,4,70.7,100.0,13,68.4,13,60.6,0,100.0,19,19,62.8,100.0,5,26.3,5
6,Jameson Williams,101701,WR,DET,1,0,11,60.1,100.0,5,26.3,5,71.8,0,100.0,19,19,73.4,100.0,13,68.4,13
6,Trevor Lawrence,77632,QB,JAX,1,0,15,60.0,100.0,7,38.9,7,60.0,0,90.0,18,20,60.0,90.9,10,55.6,11
6,Cam Jurgens,84014,C,PHI,1,0,24,67.6,100.0,6,33.3,6,75.6,0,100.0,18,18,75.8,100.0,8,44.4,8
6,Spencer Rattler,97408,QB,NO,1,0,20,60.0,100.0,5,27.8,5,60.0,0,90.0,18,20,60.0,92.3,12,66.7,13
6,Brett Toth,46848,C,PHI,1,0,24,52.2,100.0,6,33.3,6,71.2,0,100.0,18,18,84.1,100.0,8,44.4,8
6,Josh Allen,46601,QB,BUF,1,0,4,60.0,100.0,13,72.2,13,60.0,0,94.7,18,19,60.0,100.0,5,27.8,5
6,Tyler Steen,81921,G,PHI,1,0,24,68.0,100.0,6,33.3,6,69.0,0,100.0,18,18,57.4,100.0,8,44.4,8
6,Keon Coleman,144949,WR,BUF,1,0,4,61.0,100.0,13,72.2,13,56.6,0,100.0,18,18,54.1,100.0,5,27.8,5
6,Austin Schlottmann,30097,C,NYG,1,0,21,67.8,100.0,8,44.4,8,76.0,0,100.0,18,18,65.9,100.0,6,33.3,6
6,Matthew Golden,156165,WR,GB,1,0,12,61.6,100.0,7,38.9,7,60.9,0,94.7,18,19,60.0,100.0,9,50.0,9
6,Lane Johnson,7786,T,PHI,1,0,24,54.0,100.0,6,33.3,6,47.1,0,100.0,18,18,48.1,100.0,8,44.4,8
6,Mac Jones,60323,QB,SF,1,0,28,60.0,100.0,8,44.4,8,60.0,0,85.7,18,21,60.0,100.0,10,55.6,10
6,Jordan Mailata,66916,T,PHI,1,0,24,48.6,100.0,6,33.3,6,50.9,0,100.0,18,18,58.4,100.0,8,44.4,8
6,Hunter Long,60859,TE,JAX,1,0,15,61.1,100.0,5,29.4,5,49.1,1,100.0,17,17,70.2,100.0,10,58.8,10
6,Mack Hollins,11873,WR,NE,1,0,19,58.8,100.0,9,52.9,9,39.2,0,100.0,17,17,58.7,100.0,6,35.3,6
6,Julian Hill,88685,TE,MIA,1,0,17,44.6,100.0,7,41.2,7,35.0,0,100.0,17,17,46.3,100.0,9,52.9,9
6,Joel Bitonio,8670,G,CLV,1,0,8,67.3,100.0,7,41.2,7,63.6,0,100.0,17,17,58.5,100.0,10,58.8,10
6,Dillon Gabriel,86272,QB,CLV,1,0,8,60.0,100.0,7,41.2,7,60.0,0,100.0,17,17,60.0,100.0,10,58.8,10
6,Dallas Goedert,47272,TE,PHI,1,0,24,58.9,100.0,6,35.3,6,67.0,0,100.0,17,17,70.9,100.0,7,41.2,7
6,Jaxon Smith-Njigba,129758,WR,SEA,1,0,29,54.8,100.0,4,23.5,4,57.9,0,100.0,17,17,63.2,100.0,13,76.5,13
6,Jake Matthews,8641,T,ATL,1,0,2,59.2,100.0,2,11.8,2,65.9,0,100.0,17,17,67.3,100.0,14,82.4,14
6,Cam Robinson,11789,T,CLV,1,0,8,45.8,100.0,7,41.2,7,72.8,0,100.0,17,17,89.8,100.0,10,58.8,10
6,Brycen Tremayne,84425,WR,CAR,1,0,5,89.5,100.0,11,64.7,11,88.5,0,100.0,17,17,59.9,100.0,4,23.5,4
6,Ethan Pocic,11813,C,CLV,1,0,8,49.7,100.0,7,41.2,7,56.6,0,100.0,17,17,64.1,100.0,10,58.8,10
6,Jeremy Ruckert,84029,TE,NYJ,1,0,22,49.7,100.0,4,23.5,4,63.8,0,100.0,17,17,75.0,100.0,11,64.7,11
6,Jonnu Smith,11855,TE,PIT,1,0,25,78.5,100.0,3,17.6,3,56.1,0,94.4,17,18,45.6,100.0,10,58.8,10
6,Wyatt Teller,46131,G,CLV,1,0,8,50.6,100.0,7,41.2,7,56.5,0,100.0,17,17,63.4,100.0,10,58.8,10
6,Kayshon Boutte,124087,WR,NE,1,0,19,61.5,100.0,8,47.1,8,60.9,0,100.0,17,17,60.3,100.0,6,35.3,6
6,Tucker Fisk,52286,TE,LAC,1,0,27,50.9,100.0,7,41.2,7,46.4,0,100.0,17,17,49.8,100.0,9,52.9,9
6,DeVonta Smith,61100,WR,PHI,1,0,24,58.6,100.0,5,29.4,5,54.1,0,100.0,17,17,60.3,100.0,8,47.1,8
6,Dak Prescott,10769,QB,DAL,1,0,9,60.0,88.9,8,47.1,9,60.0,0,89.5,17,19,60.0,100.0,8,47.1,8
6,A.J. Brown,48327,WR,PHI,1,0,24,61.2,100.0,6,35.3,6,55.0,0,100.0,17,17,60.4,100.0,7,41.2,7
6,Eric Saubert,11929,TE,SEA,1,0,29,73.8,100.0,4,25.0,4,62.9,0,100.0,16,16,55.9,100.0,9,56.3,9
6,Joe Flacco,4332,QB,CIN,1,0,7,60.0,100.0,6,37.5,6,60.0,0,100.0,16,16,60.0,100.0,9,56.3,9
6,Ted Karras,10855,C,CIN,1,0,7,62.8,100.0,6,37.5,6,49.4,0,100.0,16,16,53.5,100.0,9,56.3,9
6,Will Dissly,30762,TE,LAC,1,0,27,49.9,100.0,5,31.3,5,48.2,0,100.0,16,16,52.7,100.0,10,62.5,10
6,John Bates,42275,TE,WAS,1,0,32,55.4,100.0,12,75.0,12,55.6,0,100.0,16,16,59.3,100.0,4,25.0,4
6,Orlando Brown Jr.,46227,T,CIN,1,0,7,81.9,100.0,6,37.5,6,71.5,0,100.0,16,16,57.2,100.0,9,56.3,9
6,Dalton Risner,47008,G,CIN,1,0,7,61.5,100.0,6,37.5,6,61.7,0,100.0,16,16,60.8,100.0,9,56.3,9
6,John Michael Schmitz Jr.,55238,C,NYG,1,0,21,83.8,100.0,9,56.3,9,84.7,0,100.0,16,16,63.1,100.0,6,37.5,6
6,Cole Kmet,60995,TE,CHI,1,0,6,67.9,100.0,4,25.0,4,70.7,0,100.0,16,16,68.5,100.0,9,56.3,9
6,Chris Olave,84355,WR,NO,1,0,20,59.0,100.0,5,31.3,5,55.5,0,100.0,16,16,55.2,100.0,10,62.5,10
6,Amon-Ra St. Brown,84470,WR,DET,1,0,11,59.3,100.0,4,25.0,4,59.3,0,94.1,16,17,59.9,100.0,12,75.0,12
6,Jalen Rivers,122221,G,CIN,1,0,7,55.1,100.0,6,37.5,6,44.9,0,100.0,16,16,44.8,100.0,9,56.3,9
6,Tez Johnson,123709,WR,TB,1,0,30,61.9,100.0,15,93.8,15,62.1,0,100.0,16,16,60.0,100.0,1,6.3,1
6,Oronde Gadsden II,144046,TE,LAC,1,0,27,40.6,100.0,4,25.0,4,51.0,0,100.0,16,16,60.2,100.0,11,68.8,11
6,Amarius Mims,146719,T,CIN,1,0,7,44.8,100.0,6,37.5,6,50.1,0,100.0,16,16,49.8,100.0,9,56.3,9
6,Zay Jones,11792,WR,ARZ,1,0,1,61.8,100.0,7,46.7,7,62.3,0,100.0,15,15,61.1,100.0,7,46.7,7
6,Cooper Kupp,11824,WR,SEA,1,0,29,60.2,100.0,3,20.0,3,58.7,0,100.0,15,15,58.4,100.0,12,80.0,12
6,Cam Ward,133244,QB,TEN,1,0,31,60.0,100.0,9,60.0,9,60.0,0,100.0,15,15,60.0,100.0,6,40.0,6
6,Andrei Iosivas,109811,WR,CIN,1,0,7,59.1,100.0,5,33.3,5,68.2,0,100.0,15,15,72.4,100.0,9,60.0,9
6,Ja'Marr Chase,84270,WR,CIN,1,0,7,60.0,100.0,6,40.0,6,60.9,0,93.8,15,16,61.1,100.0,9,60.0,9
6,Xavier Worthy,144718,WR,KC,1,0,16,60.0,100.0,1,6.7,1,61.6,0,93.8,15,16,61.8,100.0,13,86.7,13
6,Jaylen Waddle,84088,WR,MIA,1,0,17,60.8,100.0,7,46.7,7,60.7,0,100.0,15,15,60.5,100.0,7,46.7,7
6,Lloyd Cushenberry III,41924,C,TEN,1,0,31,54.1,100.0,9,60.0,9,51.6,0,100.0,15,15,54.8,100.0,6,40.0,6
6,Kevin Zeitler,7032,G,TEN,1,0,31,63.9,100.0,9,60.0,9,61.7,0,100.0,15,15,58.0,100.0,6,40.0,6
6,Travis Kelce,7844,TE,KC,1,0,16,60.0,100.0,1,6.7,1,76.3,0,100.0,15,15,67.8,100.0,11,73.3,11
6,Pat Bryant,144800,WR,DEN,1,0,10,77.0,100.0,9,60.0,9,34.8,0,100.0,15,15,60.1,100.0,4,26.7,4
6,Ronnie Stanley,10640,T,BLT,1,0,3,57.7,100.0,5,33.3,5,53.2,0,100.0,15,15,53.4,100.0,10,66.7,10
6,Jauan Jennings,48027,WR,SF,1,0,28,60.9,100.0,5,33.3,5,79.8,0,100.0,15,15,61.2,100.0,7,46.7,7
6,Jalen Tolbert,61637,WR,DAL,1,0,9,58.0,100.0,9,60.0,9,54.4,0,100.0,15,15,54.4,100.0,6,40.0,6
6,Michael Wilson,84423,WR,ARZ,1,0,1,58.8,100.0,7,46.7,7,58.2,0,100.0,15,15,59.1,100.0,7,46.7,7
6,Mike Jerrell,183057,T,ATL,1,0,2,58.3,100.0,4,26.7,4,29.1,0,100.0,15,15,29.9,100.0,10,66.7,10
6,JC Latham,146596,T,TEN,1,0,31,78.4,100.0,9,60.0,9,69.4,0,100.0,15,15,53.0,100.0,6,40.0,6
6,Peter Skoronski,129737,G,TEN,1,0,31,60.3,100.0,9,60.0,9,70.5,0,100.0,15,15,74.9,100.0,6,40.0,6
6,Dan Moore Jr.,60120,T,TEN,1,0,31,64.6,100.0,9,60.0,9,75.0,0,100.0,15,15,66.0,100.0,6,40.0,6
6,Chris Manhertz,10211,TE,NYG,1,0,21,59.9,100.0,4,28.6,4,67.4,0,100.0,14,14,69.8,100.0,5,35.7,5
6,Brandin Cooks,8655,WR,NO,1,0,20,60.2,100.0,3,21.4,3,82.6,0,100.0,14,14,85.5,100.0,10,71.4,10
6,Davante Adams,8688,WR,LA,1,0,26,60.2,100.0,6,42.9,6,60.4,0,100.0,14,14,60.0,100.0,7,50.0,7
6,Brian Thomas Jr.,146760,WR,JAX,1,0,15,60.0,100.0,4,28.6,4,59.4,0,100.0,14,14,59.1,100.0,9,64.3,9
6,Courtland Sutton,48164,WR,DEN,1,0,10,47.6,100.0,6,42.9,6,50.6,0,100.0,14,14,60.4,100.0,7,50.0,7
6,Jerry Jeudy,61103,WR,CLV,1,0,8,60.9,100.0,6,42.9,6,62.5,1,100.0,14,14,61.1,100.0,8,57.1,8
6,Kendrick Bourne,12270,WR,SF,1,0,28,59.8,100.0,5,35.7,5,48.8,0,100.0,14,14,47.8,100.0,6,42.9,6
6,Elic Ayomanor,157263,WR,TEN,1,0,31,58.8,100.0,8,57.1,8,30.5,0,100.0,14,14,60.3,100.0,6,42.9,6
6,JuJu Smith-Schuster,11817,WR,KC,1,0,16,53.7,100.0,2,14.3,2,85.2,0,100.0,14,14,61.9,100.0,7,50.0,7
6,Dawson Knox,35883,TE,BUF,1,0,4,49.4,100.0,10,71.4,10,57.2,0,100.0,14,14,57.4,100.0,3,21.4,3
6,Luke Farrell,42353,TE,SF,1,0,28,88.3,100.0,5,35.7,5,80.8,0,100.0,14,14,64.2,100.0,8,57.1,8
6,Reggie Gilliam,40951,FB,BUF,1,0,4,52.5,100.0,10,71.4,10,53.2,0,100.0,14,14,59.5,100.0,3,21.4,3
6,Kameron Johnson,165866,WR,TB,1,0,30,60.5,100.0,12,85.7,12,61.0,0,100.0,14,14,60.0,100.0,1,7.1,1
6,Nate Adkins,87625,TE,DEN,1,0,10,57.3,100.0,5,38.5,5,66.6,0,100.0,13,13,59.7,100.0,4,30.8,4
6,Chris Moore,10741,WR,WAS,1,0,32,48.4,100.0,4,30.8,4,41.2,0,100.0,13,13,48.5,100.0,7,53.8,7
6,Jake Tonges,60864,TE,SF,1,0,28,55.9,100.0,6,46.2,6,68.1,0,100.0,13,13,77.7,100.0,5,38.5,5
6,Jalen Hurts,40291,QB,PHI,1,0,24,60.0,83.3,5,38.5,6,60.0,0,72.2,13,18,60.0,100.0,8,61.5,8
6,Isaiah Bond,163586,WR,CLV,1,0,8,60.1,100.0,5,38.5,5,60.7,0,100.0,13,13,60.7,100.0,8,61.5,8
6,Harold Fannin Jr.,163104,TE,CLV,1,0,8,61.9,100.0,5,38.5,5,51.7,0,100.0,13,13,45.3,100.0,8,61.5,8
6,Ben Sinnott,122616,TE,WAS,1,0,32,51.8,100.0,10,76.9,10,52.0,0,100.0,13,13,60.0,100.0,1,7.7,1
6,Kyle Juszczyk,7912,FB,SF,1,0,28,57.6,100.0,5,38.5,5,37.4,0,100.0,13,13,44.0,100.0,8,61.5,8
6,George Pickens,99229,WR,DAL,1,0,9,60.6,100.0,6,46.2,6,62.3,0,100.0,13,13,61.8,100.0,7,53.8,7
6,Ian Thomas,42130,TE,LV,1,0,23,51.6,100.0,6,46.2,6,53.7,0,100.0,13,13,60.0,100.0,6,46.2,6
6,Elijah Higgins,98027,TE,ARZ,1,0,1,58.5,100.0,7,53.8,7,71.4,0,100.0,13,13,74.1,100.0,5,38.5,5
6,Adam Trautman,109795,TE,DEN,1,0,10,60.0,100.0,6,46.2,6,59.5,0,100.0,13,13,59.6,100.0,4,30.8,4
6,Nick Westbrook-Ikhine,47861,WR,MIA,1,0,17,60.6,100.0,6,50.0,6,78.1,0,100.0,12,12,60.3,100.0,5,41.7,5
6,Deebo Samuel,48274,WR,WAS,1,0,32,60.4,87.5,7,58.3,8,60.2,0,92.3,12,13,59.9,100.0,5,41.7,5
6,Gunnar Helm,144726,TE,TEN,1,0,31,59.6,100.0,9,75.0,9,71.8,0,100.0,12,12,81.1,100.0,3,25.0,3
6,Davis Allen,99697,TE,LA,1,0,26,60.0,100.0,2,16.7,2,68.4,0,100.0,12,12,70.6,100.0,6,50.0,6
6,Jaylin Lane,121811,WR,WAS,1,0,32,80.4,100.0,8,66.7,8,78.6,0,92.3,12,13,60.9,100.0,4,33.3,4
6,Juwan Johnson,28305,TE,NO,1,0,20,55.2,100.0,5,41.7,5,54.8,0,100.0,12,12,60.4,100.0,5,41.7,5
6,Arian Smith,124039,WR,NYJ,1,0,22,60.0,100.0,2,16.7,2,59.9,0,100.0,12,12,61.1,100.0,7,58.3,7
6,Spencer Anderson,81719,G,PIT,1,0,25,,,0,0.0,0,67.5,1,100.0,12,12,68.3,100.0,7,58.3,7
6,Alec Ingold,34934,FB,MIA,1,0,17,58.6,100.0,3,25.0,3,47.8,0,92.3,12,13,63.7,100.0,9,75.0,9
6,Ladd McConkey,124030,WR,LAC,1,0,27,60.6,100.0,5,41.7,5,58.0,0,100.0,12,12,57.3,100.0,7,58.3,7
6,Stefon Diggs,9579,WR,NE,1,0,19,60.6,100.0,4,33.3,4,54.4,0,100.0,12,12,53.2,100.0,5,41.7,5
6,Malik Heath,124173,WR,GB,1,0,12,59.7,100.0,5,41.7,5,75.0,0,100.0,12,12,60.6,100.0,5,41.7,5
6,Dyami Brown,77986,WR,JAX,1,0,15,53.6,100.0,4,36.4,4,49.5,0,91.7,11,12,53.9,100.0,7,63.6,7
6,Johnny Mundt,12206,TE,JAX,1,0,15,69.6,100.0,4,36.4,4,64.1,0,100.0,11,11,55.3,100.0,5,45.5,5
6,Luke Schoonmaker,84005,TE,DAL,1,0,9,73.9,100.0,5,45.5,5,68.3,0,100.0,11,11,60.4,100.0,4,36.4,4
6,Emeka Egbuka,145055,WR,TB,1,0,30,54.5,100.0,11,100.0,11,54.5,0,100.0,11,11,,,0,0.0,0
6,Robert Tonyan,12193,TE,KC,1,0,16,,,0,0.0,0,70.3,0,100.0,11,11,73.3,100.0,6,54.5,6
6,Travis Hunter,160766,WR,JAX,1,0,15,60.0,100.0,4,36.4,4,54.1,0,100.0,11,11,53.3,100.0,7,63.6,7
6,KT Leveston,77487,T,CLV,1,0,8,64.6,100.0,4,36.4,4,66.0,0,100.0,11,11,63.6,100.0,7,63.6,7
6,Scott Miller,47481,WR,PIT,1,0,25,59.5,100.0,6,54.5,6,53.6,0,100.0,11,11,52.6,100.0,5,45.5,5
6,Foster Moreau,47043,TE,NO,1,0,20,54.3,100.0,2,18.2,2,44.5,0,100.0,11,11,58.4,100.0,9,81.8,9
6,Drew Sample,47259,TE,CIN,1,0,7,57.0,100.0,4,40.0,4,55.3,0,100.0,10,10,57.2,100.0,5,50.0,5
6,Ryan Miller,78734,WR,TB,1,0,30,53.6,100.0,10,100.0,10,53.6,0,100.0,10,10,,,0,0.0,0
6,Jack Conklin,10642,T,CLV,1,0,8,81.8,100.0,5,50.0,5,84.6,0,100.0,10,10,71.1,100.0,5,50.0,5
6,David Sills V,34579,WR,ATL,1,0,2,60.0,100.0,3,30.0,3,58.6,0,100.0,10,10,59.0,100.0,7,70.0,7
6,Puka Nacua,100632,WR,LA,1,0,26,81.8,100.0,4,40.0,4,81.6,0,100.0,10,10,61.0,100.0,6,60.0,6
6,Tee Higgins,61211,WR,CIN,1,0,7,60.9,100.0,5,50.0,5,60.8,0,100.0,10,10,60.2,100.0,4,40.0,4
6,Elijah Arroyo,143933,TE,SEA,1,0,29,40.6,100.0,2,20.0,2,38.5,0,100.0,10,10,52.9,100.0,5,50.0,5
6,Van Jefferson,47447,WR,TEN,1,0,31,60.3,100.0,4,40.0,4,60.4,0,100.0,10,10,60.0,100.0,6,60.0,6
6,Ryan Flournoy,159617,WR,DAL,1,0,9,60.0,100.0,4,40.0,4,62.0,0,90.9,10,11,60.9,100.0,5,50.0,5
6,Josh Downs,122832,WR,IND,1,0,14,58.2,100.0,6,60.0,6,57.4,0,100.0,10,10,58.5,100.0,4,40.0,4
6,Luke Musgrave,98499,TE,GB,1,0,12,59.9,100.0,2,20.0,2,67.9,0,100.0,10,10,69.7,100.0,8,80.0,8
6,Marquez Valdes-Scantling,47809,WR,SF,1,0,28,60.5,100.0,4,40.0,4,59.3,0,100.0,10,10,60.1,100.0,3,30.0,3
6,Trent Scott,24481,T,WAS,1,0,32,67.1,100.0,8,88.9,8,66.9,0,100.0,9,9,60.0,100.0,1,11.1,1
6,Brady Russell,60876,FB,SEA,1,0,29,56.5,100.0,3,33.3,3,46.5,0,100.0,9,9,49.8,100.0,3,33.3,3
6,Kelvin Beachum,7229,T,ARZ,1,0,1,59.1,100.0,7,77.8,7,57.5,0,100.0,9,9,59.4,100.0,1,11.1,1
6,Trent Sherfield,48021,WR,DEN,1,0,10,57.9,100.0,3,33.3,3,59.3,0,100.0,9,9,60.5,100.0,4,44.4,4
6,Rashid Shaheed,63707,WR,NO,1,0,20,53.8,100.0,4,44.4,4,54.6,0,100.0,9,9,59.8,100.0,4,44.4,4
6,Jahan Dotson,84375,WR,PHI,1,0,24,60.0,100.0,3,33.3,3,61.5,0,100.0,9,9,60.8,100.0,6,66.7,6
6,Andrew Ogletree,138351,TE,IND,1,0,14,54.8,100.0,3,33.3,3,54.7,0,100.0,9,9,58.8,100.0,3,33.3,3
6,KeAndre Lambert-Smith,129789,WR,LAC,1,0,27,60.0,100.0,3,33.3,3,62.1,0,100.0,9,9,61.2,100.0,6,66.7,6
6,Jamari Thrash,97399,WR,CLV,1,0,8,60.2,100.0,3,33.3,3,61.8,0,100.0,9,9,61.5,100.0,6,66.7,6
6,Noah Fant,42388,TE,CIN,1,0,7,60.1,100.0,2,25.0,2,70.0,0,100.0,8,8,70.5,100.0,6,75.0,6
6,Jimmy Horn Jr.,144483,WR,CAR,1,0,5,60.0,100.0,1,12.5,1,60.3,0,88.9,8,9,60.0,100.0,7,87.5,7
6,Cam Skattebo,147787,HB,NYG,1,0,21,58.4,21.4,3,37.5,14,58.3,0,29.6,8,27,,0.0,0,0.0,8
6,Greg Dortch,42237,WR,ARZ,1,0,1,59.2,100.0,3,37.5,3,59.8,0,100.0,8,8,60.5,100.0,4,50.0,4
6,Troy Franklin,146567,WR,DEN,1,0,10,59.9,100.0,3,37.5,3,54.8,0,88.9,8,9,55.5,100.0,5,62.5,5
6,Darren Waller,9637,TE,MIA,1,0,17,79.0,100.0,3,37.5,3,81.6,0,100.0,8,8,60.1,100.0,3,37.5,3
6,Dontayvion Wicks,99711,WR,GB,1,0,12,54.6,100.0,3,37.5,3,35.1,0,100.0,8,8,58.8,100.0,5,62.5,5
6,Jake Bobo,77997,WR,SEA,1,0,29,60.0,100.0,3,37.5,3,58.4,0,100.0,8,8,58.7,100.0,3,37.5,3
6,Marquise Brown,61568,WR,KC,1,0,16,60.0,100.0,1,12.5,1,60.4,0,100.0,8,8,60.0,100.0,7,87.5,7
6,Colston Loveland,158540,TE,CHI,1,0,6,59.6,100.0,3,37.5,3,54.2,0,100.0,8,8,53.4,100.0,4,50.0,4
6,Hunter Luepke,91319,FB,DAL,1,0,9,56.9,100.0,5,62.5,5,57.4,0,100.0,8,8,60.0,100.0,2,25.0,2
6,Jack Westover,84079,FB,NE,1,0,19,59.1,100.0,2,25.0,2,56.0,0,100.0,8,8,60.0,100.0,1,12.5,1
6,Evan Engram,11778,TE,DEN,1,0,10,57.7,100.0,4,50.0,4,57.9,0,88.9,8,9,59.9,100.0,4,50.0,4
6,Elijah Klein,81912,G,TB,1,0,30,46.3,100.0,6,75.0,6,44.0,0,100.0,8,8,60.0,100.0,1,12.5,1
6,Kylen Granson,40630,TE,PHI,1,0,24,60.0,100.0,1,14.3,1,50.7,0,100.0,7,7,60.2,100.0,2,28.6,2
6,Roman Wilson,129604,WR,PIT,1,0,25,60.0,100.0,3,42.9,3,59.9,0,100.0,7,7,60.0,100.0,4,57.1,4
6,Jalin Hyatt,124282,WR,NYG,1,0,21,60.0,100.0,3,42.9,3,34.3,0,100.0,7,7,60.8,100.0,4,57.1,4
6,Pat Freiermuth,84085,TE,PIT,1,0,25,55.8,100.0,3,42.9,3,57.0,0,100.0,7,7,60.6,100.0,4,57.1,4
6,Brevyn Spann-Ford,84006,TE,DAL,1,0,9,58.4,100.0,3,42.9,3,65.9,0,100.0,7,7,67.5,100.0,2,28.6,2
6,Zaire Mitchell-Paden,145197,TE,BLT,1,0,3,59.4,100.0,3,42.9,3,57.8,0,100.0,7,7,60.0,100.0,1,14.3,1
6,Terrance Ferguson,146563,TE,LA,1,0,26,60.0,100.0,1,14.3,1,57.5,0,87.5,7,8,59.9,100.0,4,57.1,4
6,Jack Stoll,42058,TE,NO,1,0,20,60.0,100.0,1,14.3,1,52.1,0,100.0,7,7,52.2,100.0,5,71.4,5
6,Luke McCaffrey,101634,WR,WAS,1,0,32,60.0,100.0,1,14.3,1,60.0,0,100.0,7,7,59.7,100.0,4,57.1,4
6,Keenan Allen,7857,WR,LAC,1,0,27,60.2,100.0,3,42.9,3,60.3,0,100.0,7,7,60.0,100.0,4,57.1,4
6,Zach Ertz,7816,TE,WAS,1,0,32,56.7,100.0,2,28.6,2,66.2,0,100.0,7,7,68.1,100.0,5,71.4,5
6,James Mitchell,77885,TE,CAR,1,0,5,68.6,100.0,4,57.1,4,76.3,0,100.0,7,7,69.5,100.0,3,42.9,3
6,DeAndre Hopkins,7808,WR,BLT,1,0,3,60.0,100.0,1,14.3,1,84.9,0,100.0,7,7,84.9,100.0,6,85.7,6
6,Adam Prentice,35639,FB,DEN,1,0,10,52.8,100.0,4,57.1,4,53.3,0,87.5,7,8,60.0,50.0,1,14.3,2
6,Hunter Renfrow,47509,WR,CAR,1,0,5,59.9,100.0,3,50.0,3,54.5,0,100.0,6,6,59.0,100.0,3,50.0,3
6,Devaughn Vele,100637,WR,NO,1,0,20,59.7,100.0,1,16.7,1,59.6,0,100.0,6,6,60.5,100.0,4,66.7,4
6,Tim Patrick,12087,WR,JAX,1,0,15,60.0,100.0,3,50.0,3,60.1,0,100.0,6,6,59.8,100.0,2,33.3,2
6,David Martin-Robinson,77892,TE,TEN,1,0,31,49.0,100.0,5,83.3,5,50.2,0,100.0,6,6,60.0,100.0,1,16.7,1
6,David Njoku,11784,TE,CLV,1,0,8,57.7,100.0,2,33.3,2,50.4,0,100.0,6,6,51.4,100.0,4,66.7,4
6,Tory Horton,128232,WR,SEA,1,0,29,60.0,100.0,2,33.3,2,79.0,0,100.0,6,6,59.0,100.0,4,66.7,4
6,Rhamondre Stevenson,98689,HB,NE,1,0,19,,0.0,0,0.0,9,78.1,0,31.6,6,19,,0.0,0,0.0,2
6,Isiah Pacheco,83747,HB,KC,1,0,16,,0.0,0,0.0,2,60.0,0,33.3,6,18,,0.0,0,0.0,10
6,Jake Ferguson,61081,TE,DAL,1,0,9,58.7,100.0,3,50.0,3,38.3,0,100.0,6,6,68.2,100.0,3,50.0,3
6,Ben Skowronek,27948,WR,PIT,1,0,25,60.0,100.0,2,33.3,2,60.2,0,100.0,6,6,60.3,100.0,3,50.0,3
6,Marvin Harrison Jr.,145056,WR,ARZ,1,0,1,60.0,100.0,2,33.3,2,60.0,0,100.0,6,6,59.9,100.0,3,50.0,3
6,Parker Washington,129799,WR,JAX,1,0,15,49.0,100.0,2,33.3,2,30.0,0,100.0,6,6,60.0,100.0,4,66.7,4
6,Ross Dwelley,20994,TE,DET,1,0,11,52.1,100.0,2,40.0,2,35.0,0,100.0,5,5,58.6,100.0,3,60.0,3
6,Sean Rhyan,72009,C,GB,1,0,12,60.0,100.0,1,20.0,1,66.2,0,100.0,5,5,56.9,100.0,2,40.0,2
6,Max Mitchell,81707,T,NYJ,1,0,22,70.0,100.0,3,60.0,3,69.1,0,100.0,5,5,60.0,100.0,2,40.0,2
6,Connor Heyward,57301,TE,PIT,1,0,25,56.4,100.0,1,20.0,1,62.0,0,100.0,5,5,60.0,100.0,1,20.0,1
6,Tyrone Tracy,84226,HB,NYG,1,0,21,58.8,66.7,4,80.0,6,58.4,0,55.6,5,9,60.0,33.3,1,20.0,3
6,Elijah Moore,84302,WR,BUF,1,0,4,60.0,100.0,2,40.0,2,59.7,0,100.0,5,5,59.8,100.0,2,40.0,2
6,Jacory Croskey-Merritt,102382,HB,WAS,1,0,32,66.7,30.8,4,80.0,13,66.9,0,22.7,5,22,,0.0,0,0.0,8
6,Xavier Smith,102585,WR,LA,1,0,26,60.0,100.0,2,40.0,2,59.8,0,100.0,5,5,59.2,100.0,2,40.0,2
6,Taysom Hill,12112,TE,NO,1,0,20,58.5,66.7,2,40.0,3,56.2,0,83.3,5,6,57.4,100.0,3,60.0,3
6,Kyle Williams,128374,WR,NE,1,0,19,59.9,100.0,2,40.0,2,59.9,0,100.0,5,5,59.8,100.0,2,40.0,2
6,Sterling Shepard,10674,WR,TB,1,0,30,59.9,100.0,5,100.0,5,59.9,0,100.0,5,5,,,0,0.0,0
6,Tay Martin,61811,WR,WAS,1,0,32,60.2,100.0,4,100.0,4,60.2,0,100.0,4,4,,,0,0.0,0
6,Tyler Johnson,48054,WR,NYJ,1,0,22,60.0,100.0,2,50.0,2,60.5,0,100.0,4,4,60.0,100.0,2,50.0,2
6,D'Wayne Eskridge,29573,WR,MIA,1,0,17,60.0,100.0,1,25.0,1,60.1,0,100.0,4,4,60.0,100.0,2,50.0,2
6,Malik Washington,97108,WR,MIA,1,0,17,60.1,100.0,3,75.0,3,59.8,0,80.0,4,5,,0.0,0,0.0,1
6,Ja'Corey Brooks,146587,WR,WAS,1,0,32,57.1,100.0,3,75.0,3,55.8,0,100.0,4,4,60.0,100.0,1,25.0,1
6,Mitchell Tinsley,123470,WR,CIN,1,0,7,60.0,100.0,1,25.0,1,60.4,0,100.0,4,4,60.2,100.0,3,75.0,3
6,Durham Smythe,47257,TE,CHI,1,0,6,60.0,100.0,1,25.0,1,59.5,0,100.0,4,4,60.0,100.0,1,25.0,1
6,Simi Fehoko,84424,WR,ARZ,1,0,1,60.0,100.0,4,100.0,4,60.0,0,100.0,4,4,,,0,0.0,0
6,Breece Hall,97636,HB,NYJ,1,0,22,,0.0,0,0.0,7,60.0,0,15.4,4,26,60.0,18.8,3,75.0,16
6,Corey Levin,11972,C,TEN,1,0,31,58.0,100.0,4,100.0,4,58.0,0,100.0,4,4,,,0,0.0,0
6,Saquon Barkley,45791,HB,PHI,1,0,24,,0.0,0,0.0,5,60.0,0,25.0,4,16,,0.0,0,0.0,7
6,Khalil Shakir,84140,WR,BUF,1,0,4,60.0,100.0,1,25.0,1,58.9,0,100.0,4,4,60.0,100.0,2,50.0,2
6,John FitzPatrick,83974,TE,GB,1,0,12,60.0,100.0,1,25.0,1,57.4,0,100.0,4,4,58.1,100.0,3,75.0,3
6,Alex Palczewski,59738,G,DEN,1,0,10,60.1,100.0,3,75.0,3,51.2,0,100.0,4,4,60.0,100.0,1,25.0,1
6,Kareem Hunt,11841,HB,KC,1,0,16,,,0,0.0,0,60.0,0,40.0,4,10,,0.0,0,0.0,5
6,Blake Whiteheart,77881,TE,CLV,1,0,8,60.0,100.0,2,50.0,2,59.1,0,100.0,4,4,59.4,100.0,2,50.0,2
6,Chigoziem Okonkwo,84000,TE,TEN,1,0,31,60.0,100.0,1,25.0,1,59.9,0,100.0,4,4,60.0,100.0,3,75.0,3
6,Tyler Lockett,9502,WR,TEN,1,0,31,,,0,0.0,0,60.0,0,100.0,3,3,60.0,100.0,3,100.0,3
6,RJ Harvey,99622,HB,DEN,1,0,10,,0.0,0,0.0,1,60.0,0,60.0,3,5,,0.0,0,0.0,1
6,KhaDarel Hodge,26104,WR,ATL,1,0,2,,,0,0.0,0,60.0,0,100.0,3,3,59.9,100.0,2,66.7,2
6,Tyler Huntley,46448,QB,BLT,1,0,3,,,0,0.0,0,60.0,0,75.0,3,4,60.0,100.0,3,100.0,3
6,Ryan McCollum,41974,C,PIT,1,0,25,,,0,0.0,0,60.0,0,100.0,3,3,,,0,0.0,0
6,Javonte Williams,77803,HB,DAL,1,0,9,60.0,12.5,1,33.3,8,60.0,0,18.8,3,16,,0.0,0,0.0,6
6,Trevor Etienne,157730,HB,CAR,1,0,5,,0.0,0,0.0,2,60.0,0,50.0,3,6,60.0,50.0,1,33.3,2
6,Ollie Gordon II,157792,HB,MIA,1,0,17,60.0,50.0,2,66.7,4,60.0,0,60.0,3,5,60.0,100.0,1,33.3,1
6,Zach Charbonnet,97630,HB,SEA,1,0,29,,0.0,0,0.0,5,60.0,0,20.0,3,15,,0.0,0,0.0,7
6,Raheem Mostert,9783,HB,LV,1,0,23,,0.0,0,0.0,2,60.0,0,37.5,3,8,,0.0,0,0.0,3
6,Hakeem Adeniji,45419,G,DAL,1,0,9,60.0,100.0,1,33.3,1,57.1,0,100.0,3,3,57.2,100.0,2,66.7,2
6,Devin Culp,84080,TE,TB,1,0,30,60.0,100.0,2,66.7,2,60.0,0,100.0,3,3,,,0,0.0,0
6,Tylan Wallace,61577,WR,BLT,1,0,3,,,0,0.0,0,60.0,0,100.0,3,3,,,0,0.0,0
6,Josh Jacobs,45953,HB,GB,1,0,12,60.0,12.5,1,33.3,8,59.8,0,15.0,3,20,60.0,9.1,1,33.3,11
6,Teagan Quitoriano,84036,TE,ATL,1,0,2,59.9,100.0,1,33.3,1,56.1,0,100.0,3,3,60.0,100.0,1,33.3,1
6,Jalen Ramsey,10639,S,PIT,1,0,25,,,0,0.0,0,60.0,0,100.0,3,3,,,0,0.0,0
6,Kaleb Johnson,156419,HB,PIT,1,0,25,,0.0,0,0.0,1,60.0,0,33.3,3,9,,0.0,0,0.0,5
6,Tyrell Shavers,61107,WR,BUF,1,0,4,84.3,100.0,3,100.0,3,35.8,0,100.0,3,3,,,0,0.0,0
6,D'Andre Swift,57212,HB,CHI,1,0,6,,0.0,0,0.0,5,60.0,0,17.6,3,17,,0.0,0,0.0,9
6,Vederian Lowe,59741,T,NE,1,0,19,50.5,100.0,2,66.7,2,47.9,0,100.0,3,3,,,0,0.0,0
6,Christian McCaffrey,11763,HB,SF,1,0,28,,0.0,0,0.0,8,60.0,0,14.3,3,21,,0.0,0,0.0,10
6,Chimere Dike,129918,WR,TEN,1,0,31,59.6,100.0,1,33.3,1,28.2,0,100.0,3,3,56.6,100.0,2,66.7,2
6,Bijan Robinson,123126,HB,ATL,1,0,2,,0.0,0,0.0,4,59.0,0,13.0,3,23,59.0,15.8,3,100.0,19
6,Trystan Colon,41117,G,DET,1,0,11,60.0,100.0,1,33.3,1,59.3,0,100.0,3,3,59.1,100.0,2,66.7,2
6,Demarcus Robinson,10760,WR,SF,1,0,28,60.0,100.0,1,33.3,1,59.1,0,100.0,3,3,59.6,100.0,2,66.7,2
6,Tyler Conklin,47124,TE,LAC,1,0,27,51.0,100.0,2,66.7,2,51.0,0,100.0,3,3,60.0,100.0,1,33.3,1
6,Derrick Henry,10679,HB,BLT,1,0,3,,0.0,0,0.0,6,60.0,0,10.7,3,28,,0.0,0,0.0,19
6,Marvin Mims Jr.,122937,WR,DEN,1,0,10,60.0,50.0,1,33.3,2,60.0,0,75.0,3,4,60.0,100.0,2,66.7,2
6,Isaac TeSlaa,172430,WR,DET,1,0,11,60.0,100.0,1,33.3,1,31.3,0,100.0,3,3,59.2,100.0,2,66.7,2
6,Kendre Miller,123091,HB,NO,1,0,20,58.4,33.3,1,50.0,3,58.9,0,20.0,2,10,,0.0,0,0.0,6
6,Konata Mumpfield,145598,WR,LA,1,0,26,,,0,0.0,0,60.0,0,100.0,2,2,60.0,100.0,1,50.0,1
6,Dont'e Thornton Jr.,146547,WR,LV,1,0,23,,,0,0.0,0,60.0,0,100.0,2,2,,,0,0.0,0
6,Chris Brooks,83644,HB,GB,1,0,12,,,0,0.0,0,60.0,0,66.7,2,3,60.0,50.0,1,50.0,2
6,Tyler Allgeier,83639,HB,ATL,1,0,2,,0.0,0,0.0,2,60.0,0,16.7,2,12,,0.0,0,0.0,8
6,Cameron Latu,82647,TE,PHI,1,0,24,60.0,100.0,1,50.0,1,73.9,0,100.0,2,2,60.0,100.0,1,50.0,1
6,Calvin Ridley,48262,WR,TEN,1,0,31,60.0,100.0,2,100.0,2,60.0,0,100.0,2,2,,,0,0.0,0
6,DeeJay Dallas,55632,HB,CAR,1,0,5,,,0,0.0,0,60.0,0,66.7,2,3,,0.0,0,0.0,1
6,Justice Hill,45865,HB,BLT,1,0,3,,0.0,0,0.0,3,78.4,0,25.0,2,8,,0.0,0,0.0,3
6,Emanuel Wilson,154173,HB,GB,1,0,12,,0.0,0,0.0,1,60.0,0,40.0,2,5,60.0,33.3,1,50.0,3
6,J.K. Dobbins,57366,HB,DEN,1,0,10,,0.0,0,0.0,8,60.0,0,12.5,2,16,60.0,14.3,1,50.0,7
6,Mike Caliendo,41446,G,KC,1,0,16,,,0,0.0,0,64.3,0,100.0,2,2,60.0,100.0,1,50.0,1
6,Tyquan Thornton,78092,WR,KC,1,0,16,60.0,100.0,1,50.0,1,60.0,0,100.0,2,2,60.0,100.0,1,50.0,1
6,Asim Richards,99674,T,NO,1,0,20,59.9,100.0,1,50.0,1,59.8,0,100.0,2,2,60.0,100.0,1,50.0,1
6,Bam Knight,97432,HB,ARZ,1,0,1,,0.0,0,0.0,7,60.0,0,15.4,2,13,,0.0,0,0.0,4
6,Feleipe Franks,40217,TE,ATL,1,0,2,,,0,0.0,0,60.0,0,66.7,2,3,60.0,100.0,1,50.0,1
6,Alvin Kamara,11822,HB,NO,1,0,20,,0.0,0,0.0,3,72.3,0,16.7,2,12,60.0,14.3,1,50.0,7
6,John Metchie III,97400,WR,PHI,1,0,24,60.0,100.0,1,50.0,1,58.9,0,100.0,2,2,60.0,100.0,1,50.0,1
6,Luke Wypler,129764,C,CLV,1,0,8,47.3,100.0,2,100.0,2,47.3,0,100.0,2,2,,,0,0.0,0
6,Alex Bachman,47996,WR,LV,1,0,23,,,0,0.0,0,60.0,0,100.0,2,2,60.0,100.0,1,50.0,1
6,Kyren Williams,97118,HB,LA,1,0,26,,0.0,0,0.0,6,60.0,0,12.5,2,16,,0.0,0,0.0,8
6,Mason Tipton,109617,WR,NO,1,0,20,,,0,0.0,0,59.9,0,100.0,2,2,59.9,100.0,2,100.0,2
6,Anthony Gould,97078,WR,IND,1,0,14,,,0,0.0,0,60.0,0,100.0,2,2,,,0,0.0,0
6,Kyle Monangai,129891,HB,CHI,1,0,6,59.8,100.0,2,100.0,2,59.8,0,28.6,2,7,,0.0,0,0.0,5
6,Efton Chism III,141521,WR,NE,1,0,19,,,0,0.0,0,60.0,0,100.0,2,2,,,0,0.0,0
6,Quintin Morris,61182,TE,JAX,1,0,15,60.0,100.0,1,50.0,1,60.0,0,100.0,2,2,,,0,0.0,0
6,Carter Runyon,177002,TE,LV,1,0,23,,,0,0.0,0,60.0,0,100.0,2,2,,,0,0.0,0
6,Beaux Collins,144112,WR,NYG,1,0,21,60.0,100.0,2,100.0,2,60.0,0,100.0,2,2,,,0,0.0,0
6,Justin Shorter,84376,WR,LV,1,0,23,,,0,0.0,0,60.0,0,100.0,2,2,,,0,0.0,0
6,DJ Giddens,144595,HB,IND,1,0,14,,,0,0.0,0,60.0,0,100.0,2,2,,,0,0.0,0
6,Dareke Young,111900,WR,SEA,1,0,29,,,0,0.0,0,60.0,0,100.0,2,2,60.0,100.0,1,50.0,1
6,Parris Campbell,47940,WR,DAL,1,0,9,,,0,0.0,0,59.9,0,100.0,2,2,60.0,100.0,1,50.0,1
6,Corey Bullock,108855,C,BLT,1,0,3,58.4,100.0,1,100.0,1,58.4,0,100.0,1,1,,,0,0.0,0
6,Kene Nwangwu,40547,HB,NYJ,1,0,22,,,0,0.0,0,60.0,0,100.0,1,1,,,0,0.0,0
6,Rico Dowdle,40693,HB,CAR,1,0,5,,0.0,0,0.0,17,60.0,0,3.2,1,31,,0.0,0,0.0,13
6,Aaron Stinnie,28653,G,NYG,1,0,21,60.0,100.0,1,100.0,1,60.0,0,100.0,1,1,,,0,0.0,0
6,Jahmyr Gibbs,122474,HB,DET,1,0,11,,0.0,0,0.0,5,60.0,0,5.6,1,18,,0.0,0,0.0,12
6,Olisaemeka Udoh,28394,T,TEN,1,0,31,60.0,100.0,1,100.0,1,60.0,0,100.0,1,1,,,0,0.0,0
6,Will Putnam,99655,C,LV,1,0,23,59.7,100.0,1,100.0,1,59.7,0,100.0,1,1,,,0,0.0,0
6,Roschon Johnson,99467,HB,CHI,1,0,6,,0.0,0,0.0,1,60.0,0,50.0,1,2,,,0,0.0,0
6,Sean Tucker,123056,HB,TB,1,0,30,60.0,14.3,1,100.0,7,60.0,0,14.3,1,7,,,0,0.0,0
6,Savion Williams,123101,WR,GB,1,0,12,,,0,0.0,0,60.0,0,50.0,1,2,,0.0,0,0.0,1
6,Austin McNamara,99363,P,NYJ,1,0,22,,,0,0.0,0,60.0,0,100.0,1,1,,,0,0.0,0
6,Luke Fortner,42028,C,NO,1,0,20,60.0,100.0,1,100.0,1,60.0,0,100.0,1,1,,,0,0.0,0
6,Jaylen Warren,98692,HB,PIT,1,0,25,,0.0,0,0.0,2,60.0,0,7.7,1,13,,0.0,0,0.0,10
6,Chuma Edoga,46232,T,JAX,1,0,15,57.3,100.0,1,100.0,1,57.3,0,100.0,1,1,,,0,0.0,0
6,De'Von Achane,124305,HB,MIA,1,0,17,,0.0,0,0.0,6,60.0,0,6.3,1,16,,0.0,0,0.0,8
6,Alex Cappa,66578,C,LV,1,0,23,60.0,100.0,1,100.0,1,60.0,0,100.0,1,1,,,0,0.0,0
6,Jeremy McNichols,11917,HB,WAS,1,0,32,,0.0,0,0.0,2,60.0,0,33.3,1,3,,,0,0.0,0
6,Blake Corum,129574,HB,LA,1,0,26,,0.0,0,0.0,1,60.0,0,16.7,1,6,,0.0,0,0.0,4
6,Fred Johnson,46951,T,PHI,1,0,24,60.0,100.0,1,100.0,1,60.0,0,100.0,1,1,,,0,0.0,0
6,Andrew Beck,47121,FB,NYJ,1,0,22,60.0,100.0,1,100.0,1,60.0,0,100.0,1,1,,,0,0.0,0
6,Skyy Moore,97116,WR,SF,1,0,28,,,0,0.0,0,59.1,0,100.0,1,1,59.1,100.0,1,100.0,1
6,Adin Huntington,130493,DI,CLV,1,0,8,60.0,100.0,1,100.0,1,60.0,0,100.0,1,1,,,0,0.0,0
6,Rachaad White,131633,HB,TB,1,0,30,60.0,5.3,1,100.0,19,60.0,0,5.0,1,20,,0.0,0,0.0,1
6,Mike Gesicki,47153,TE,CIN,1,0,7,60.0,100.0,1,100.0,1,60.0,0,100.0,1,1,,,0,0.0,0
6,Isaiah Davis,138299,HB,NYJ,1,0,22,,0.0,0,0.0,1,60.0,0,33.3,1,3,,0.0,0,0.0,1
6,Brashard Smith,143951,HB,KC,1,0,16,,,0,0.0,0,60.0,0,100.0,1,1,,,0,0.0,0
6,Malachi Corley,66272,WR,CLV,1,0,8,,,0,0.0,0,60.0,0,100.0,1,1,60.0,100.0,1,100.0,1
6,Russell Wilson,7077,QB,NYG,1,0,21,60.0,100.0,1,100.0,1,60.0,0,100.0,1,1,,,0,0.0,0
6,Hassan Haskins,83701,HB,LAC,1,0,27,,0.0,0,0.0,2,72.8,0,14.3,1,7,,0.0,0,0.0,4
6,Colson Yankoff,83589,TE,WAS,1,0,32,,,0,0.0,0,35.4,0,100.0,1,1,,,0,0.0,0
6,AJ Dillon,57165,HB,PHI,1,0,24,59.9,100.0,1,100.0,1,59.9,0,50.0,1,2,,0.0,0,0.0,1
6,Travis Etienne Jr.,57185,HB,JAX,1,0,15,,0.0,0,0.0,6,60.0,0,7.1,1,14,,0.0,0,0.0,7
6,Bhayshul Tuten,150568,HB,JAX,1,0,15,,0.0,0,0.0,1,60.0,0,25.0,1,4,,0.0,0,0.0,2
6,Jon Gaines II,81879,G,ARZ,1,0,1,60.0,100.0,1,100.0,1,60.0,0,100.0,1,1,,,0,0.0,0
6,Quinshon Judkins,157128,HB,CLV,1,0,8,,0.0,0,0.0,5,60.0,0,7.7,1,13,60.0,12.5,1,100.0,8
6,Ashton Jeanty,157196,HB,LV,1,0,23,,0.0,0,0.0,9,60.0,0,4.2,1,24,,0.0,0,0.0,14
6,Owen Wright,57486,HB,TB,1,0,30,,,0,0.0,0,60.0,0,100.0,1,1,,,0,0.0,0
6,LeQuint Allen,158290,HB,JAX,1,0,15,,,0,0.0,0,60.0,0,50.0,1,2,60.0,50.0,1,100.0,2
6,Jonathan Taylor,57488,HB,IND,1,0,14,,0.0,0,0.0,12,60.0,0,4.3,1,23,,0.0,0,0.0,10
6,Ben Sims,77918,TE,GB,1,0,12,,,0,0.0,0,60.0,0,100.0,1,1,,,0,0.0,0
6,Brayden Willis,77917,TE,SF,1,0,28,60.0,100.0,1,100.0,1,60.0,0,100.0,1,1,,,0,0.0,0
6,Jalen Royals,163442,WR,KC,1,0,16,,,0,0.0,0,60.0,0,100.0,1,1,,,0,0.0,0
6,Chase Brown,77787,HB,CIN,1,0,7,,0.0,0,0.0,6,60.0,0,10.0,1,10,,0.0,0,0.0,3
6,Kenneth Gainwell,77737,HB,PIT,1,0,25,,0.0,0,0.0,4,60.0,0,14.3,1,7,60.0,50.0,1,100.0,2
6,Demario Douglas,104155,WR,NE,1,0,19,,,0,0.0,0,85.2,0,100.0,1,1,,,0,0.0,0
6,Julius Chestnut,109239,HB,TEN,1,0,31,60.0,100.0,1,100.0,1,60.0,0,100.0,1,1,,,0,0.0,0
week,player,player_id,position,team_name,player_game_count,declined_penalties,franchise_id,gap_grades_run_block,gap_run_block_percent,gap_snap_counts_run_block,gap_snap_counts_run_block_percent,gap_snap_counts_run_play,grades_run_block,penalties,run_block_percent,snap_counts_run_block,snap_counts_run_play,zone_grades_run_block,zone_run_block_percent,zone_snap_counts_run_block,zone_snap_counts_run_block_percent,zone_snap_counts_run_play
7,Joe Thuney,10712,G,CHI,1,0,6,55.6,100.0,11,27.5,11,67.6,0,100.0,40,40,72.5,100.0,23,57.5,23
7,Darnell Wright,98480,T,CHI,1,0,6,69.4,100.0,11,27.5,11,60.4,0,100.0,40,40,59.3,100.0,23,57.5,23
7,Theo Benedet,169632,T,CHI,1,0,6,55.6,100.0,11,27.5,11,53.7,0,100.0,40,40,55.0,100.0,23,57.5,23
7,Jonah Jackson,37070,G,CHI,1,0,6,77.5,100.0,11,27.5,11,69.8,0,100.0,40,40,61.6,100.0,23,57.5,23
7,Drew Dalman,52270,C,CHI,1,0,6,57.7,100.0,11,27.5,11,76.8,0,100.0,40,40,78.4,100.0,23,57.5,23
7,Trent Williams,5529,T,SF,1,0,28,78.3,100.0,16,42.1,16,78.4,0,100.0,38,38,72.6,100.0,17,44.7,17
7,Dominick Puni,163815,G,SF,1,0,28,57.5,100.0,16,42.1,16,62.1,0,100.0,38,38,58.9,100.0,17,44.7,17
7,Colton McKivitz,29314,T,SF,1,0,28,73.9,100.0,16,42.1,16,87.1,0,100.0,38,38,90.0,100.0,17,44.7,17
7,Kingsley Suamataia,146558,G,KC,1,0,16,,,0,0.0,0,71.1,0,100.0,37,37,67.0,100.0,31,83.8,31
7,Jaylon Moore,43678,T,KC,1,0,16,,,0,0.0,0,55.4,0,100.0,37,37,62.2,100.0,31,83.8,31
7,Caleb Williams,144622,QB,CHI,1,0,6,60.0,90.9,10,27.8,11,60.0,0,90.0,36,40,60.0,100.0,23,63.9,23
7,Rome Odunze,73774,WR,CHI,1,0,6,54.6,100.0,10,27.8,10,51.5,0,100.0,36,36,57.7,100.0,20,55.6,20
7,Cade Mays,81995,C,CAR,1,0,5,58.8,100.0,20,58.8,20,50.0,0,100.0,34,34,44.6,100.0,11,32.4,11
7,Mac Jones,60323,QB,SF,1,0,28,60.0,100.0,16,47.1,16,60.0,0,89.5,34,38,60.0,100.0,17,50.0,17
7,Austin Corbett,46290,C,CAR,1,0,5,52.1,100.0,20,58.8,20,56.3,0,100.0,34,34,53.3,100.0,11,32.4,11
7,Ikem Ekwonu,98286,T,CAR,1,0,5,80.1,100.0,20,58.8,20,79.0,0,100.0,34,34,68.3,100.0,11,32.4,11
7,Taylor Moton,11819,T,CAR,1,0,5,71.1,100.0,20,58.8,20,60.6,0,100.0,34,34,47.6,100.0,11,32.4,11
7,Brady Christensen,51985,G,CAR,1,0,5,65.4,100.0,20,58.8,20,60.8,0,100.0,34,34,53.9,100.0,11,32.4,11
7,Connor Colby,144862,G,SF,1,0,28,53.3,100.0,15,44.1,15,54.4,0,100.0,34,34,58.8,100.0,14,41.2,14
7,Jon Runyan,36661,G,NYG,1,0,21,47.5,100.0,16,48.5,16,50.6,0,100.0,33,33,48.4,100.0,13,39.4,13
7,Abraham Lucas,60218,T,SEA,1,0,29,47.6,100.0,13,39.4,13,87.5,0,100.0,33,33,94.1,100.0,14,42.4,14
7,Andrew Thomas,59701,T,NYG,1,0,21,50.9,100.0,16,48.5,16,56.0,0,100.0,33,33,63.6,100.0,13,39.4,13
7,Greg Van Roten,7746,G,NYG,1,0,21,51.5,100.0,16,48.5,16,59.8,0,100.0,33,33,52.2,100.0,13,39.4,13
7,Jalen Sundell,91396,C,SEA,1,0,29,86.3,100.0,13,39.4,13,75.7,0,100.0,33,33,55.0,100.0,14,42.4,14
7,Charles Cross,98401,T,SEA,1,0,29,59.8,100.0,13,39.4,13,68.2,0,100.0,33,33,64.7,100.0,14,42.4,14
7,Mike Caliendo,41446,G,KC,1,0,16,,,0,0.0,0,77.2,0,100.0,33,33,77.5,100.0,28,84.8,28
7,Jermaine Eluemunor,11914,T,NYG,1,0,21,41.8,100.0,16,48.5,16,42.7,0,100.0,33,33,50.9,100.0,13,39.4,13
7,Grey Zabel,125314,G,SEA,1,0,29,57.8,100.0,13,39.4,13,59.4,1,100.0,33,33,55.2,100.0,14,42.4,14
7,Anthony Bradford,99103,G,SEA,1,0,29,81.9,100.0,13,39.4,13,62.8,0,100.0,33,33,55.7,100.0,14,42.4,14
7,Austin Schlottmann,30097,C,NYG,1,0,21,52.6,100.0,16,48.5,16,61.6,0,100.0,33,33,71.2,100.0,13,39.4,13
7,Lil'Jordan Humphrey,42247,WR,NYG,1,0,21,58.6,100.0,15,46.9,15,70.5,0,100.0,32,32,61.7,100.0,13,40.6,13
7,DJ Moore,48267,WR,CHI,1,0,6,61.6,100.0,11,34.4,11,60.8,0,97.0,32,33,60.4,100.0,16,50.0,16
7,Joel Bitonio,8670,G,CLV,1,0,8,66.0,100.0,21,67.7,21,71.8,0,100.0,31,31,64.7,100.0,8,25.8,8
7,Sam Darnold,29048,QB,SEA,1,0,29,60.0,100.0,13,41.9,13,60.1,0,93.9,31,33,60.0,100.0,14,45.2,14
7,Taylor Decker,10650,T,DET,1,0,11,80.3,100.0,10,32.3,10,67.0,0,100.0,31,31,55.1,100.0,19,61.3,19
7,Tate Ratledge,124034,G,DET,1,0,11,82.9,100.0,10,32.3,10,68.7,0,100.0,31,31,56.4,100.0,19,61.3,19
7,Ethan Pocic,11813,C,CLV,1,0,8,56.1,100.0,21,67.7,21,67.5,0,100.0,31,31,79.2,100.0,8,25.8,8
7,Cam Robinson,11789,T,CLV,1,0,8,40.9,100.0,21,67.7,21,40.4,0,100.0,31,31,50.5,100.0,8,25.8,8
7,Christian Mahogany,98261,G,DET,1,0,11,62.1,100.0,10,32.3,10,61.4,0,100.0,31,31,60.7,100.0,19,61.3,19
7,Graham Glasgow,10729,C,DET,1,0,11,77.4,100.0,10,32.3,10,64.8,0,100.0,31,31,59.9,100.0,19,61.3,19
7,Penei Sewell,81788,T,DET,1,0,11,88.9,100.0,10,32.3,10,93.5,0,100.0,31,31,80.8,100.0,19,61.3,19
7,Wyatt Teller,46131,G,CLV,1,0,8,63.0,100.0,21,67.7,21,66.0,0,100.0,31,31,73.9,100.0,8,25.8,8
7,Jauan Jennings,48027,WR,SF,1,0,28,49.5,100.0,12,40.0,12,51.8,0,100.0,30,30,59.1,100.0,15,50.0,15
7,Jared Goff,10635,QB,DET,1,0,11,60.0,100.0,10,33.3,10,60.0,0,96.8,30,31,60.0,100.0,19,63.3,19
7,George Kittle,11901,TE,SF,1,0,28,80.4,100.0,13,43.3,13,70.1,0,100.0,30,30,63.4,100.0,14,46.7,14
7,Sam LaPorta,101690,TE,DET,1,0,11,49.6,100.0,9,31.0,9,51.6,0,100.0,29,29,57.4,100.0,18,62.1,18
7,Tyler Guyton,123076,T,DAL,1,0,9,58.7,100.0,15,51.7,15,53.1,0,100.0,29,29,61.7,100.0,12,41.4,12
7,Terence Steele,39461,T,DAL,1,0,9,45.6,100.0,15,51.7,15,58.9,0,100.0,29,29,76.4,100.0,12,41.4,12
7,Tyler Booker,157001,G,DAL,1,0,9,49.9,100.0,15,51.7,15,50.0,0,100.0,29,29,65.3,100.0,12,41.4,12
7,Tommy Tremble,84025,TE,CAR,1,0,5,70.8,100.0,18,62.1,18,67.9,0,100.0,29,29,60.6,100.0,10,34.5,10
7,Brock Hoffman,54535,C,DAL,1,0,9,62.4,100.0,15,51.7,15,63.1,0,100.0,29,29,63.8,100.0,12,41.4,12
7,Tyler Smith,98385,G,DAL,1,0,9,58.8,100.0,15,51.7,15,52.3,0,100.0,29,29,48.6,100.0,12,41.4,12
7,Colston Loveland,158540,TE,CHI,1,0,6,57.3,100.0,9,32.1,9,76.1,0,100.0,28,28,84.3,100.0,15,53.6,15
7,Coleman Shelton,39316,C,LA,1,0,26,75.1,100.0,17,60.7,17,78.1,0,100.0,28,28,69.4,100.0,7,25.0,7
7,Garrett Bradbury,46013,C,NE,1,0,19,76.7,100.0,11,39.3,11,72.3,0,100.0,28,28,62.4,100.0,14,50.0,14
7,Kendrick Bourne,12270,WR,SF,1,0,28,89.6,100.0,12,42.9,12,78.4,0,100.0,28,28,59.3,100.0,14,50.0,14
7,Steve Avila,77319,G,LA,1,0,26,72.9,100.0,17,60.7,17,83.3,0,100.0,28,28,74.9,100.0,7,25.0,7
7,Wan'Dale Robinson,101735,WR,NYG,1,0,21,55.3,100.0,12,42.9,12,57.2,0,100.0,28,28,62.1,100.0,12,42.9,12
7,AJ Barner,129433,TE,SEA,1,0,29,52.9,100.0,13,46.4,13,53.7,0,96.6,28,29,57.3,100.0,14,50.0,14
7,Jaxson Dart,146409,QB,NYG,1,0,21,60.0,87.5,14,50.0,16,60.0,0,84.8,28,33,60.0,100.0,13,46.4,13
7,Amon-Ra St. Brown,84470,WR,DET,1,0,11,55.4,100.0,8,28.6,8,67.9,0,100.0,28,28,55.6,100.0,18,64.3,18
7,Jared Wilson,146717,G,NE,1,0,19,52.1,100.0,10,37.0,10,61.0,0,100.0,27,27,66.9,100.0,14,51.9,14
7,Tetairoa McMillan,158735,WR,CAR,1,0,5,60.5,100.0,17,63.0,17,59.3,0,100.0,27,27,58.9,100.0,9,33.3,9
7,Daniel Bellinger,84041,TE,NYG,1,0,21,43.8,100.0,12,44.4,12,41.2,0,100.0,27,27,50.1,100.0,12,44.4,12
7,Dillon Gabriel,86272,QB,CLV,1,0,8,60.0,100.0,18,66.7,18,60.0,0,96.4,27,28,60.0,100.0,8,29.6,8
7,Noah Gray,60878,TE,KC,1,0,16,,,0,0.0,0,70.7,0,100.0,27,27,64.3,100.0,21,77.8,21
7,Kyle Juszczyk,7912,FB,SF,1,0,28,62.1,100.0,13,50.0,13,63.7,0,96.3,26,27,64.1,100.0,10,38.5,10
7,Dak Prescott,10769,QB,DAL,1,0,9,60.0,100.0,15,57.7,15,60.0,0,89.7,26,29,60.0,91.7,11,42.3,12
7,Matt Hennessy,41141,C,SF,1,0,28,53.6,100.0,11,42.3,11,64.1,0,100.0,26,26,72.6,100.0,10,38.5,10
7,Will Hernandez,46180,G,ARZ,1,0,1,44.3,100.0,17,68.0,17,39.3,0,100.0,25,25,56.0,100.0,6,24.0,6
7,Josh Conerly Jr.,163291,T,WAS,1,0,32,52.6,100.0,15,60.0,15,56.2,0,100.0,25,25,62.6,100.0,9,36.0,9
7,Brock Wright,60994,TE,DET,1,0,11,56.5,100.0,7,28.0,7,52.4,0,100.0,25,25,53.2,100.0,17,68.0,17
7,Hjalte Froholdt,44959,C,ARZ,1,0,1,47.6,100.0,17,68.0,17,55.0,0,100.0,25,25,58.7,100.0,6,24.0,6
7,Kevin Dotson,46735,G,LA,1,0,26,85.8,100.0,17,68.0,17,88.2,0,100.0,25,25,74.0,100.0,7,28.0,7
7,Theo Johnson,129787,TE,NYG,1,0,21,59.3,100.0,12,48.0,12,59.5,0,100.0,25,25,60.3,100.0,10,40.0,10
7,Jonah Williams,41651,T,ARZ,1,0,1,63.8,100.0,17,68.0,17,69.2,0,100.0,25,25,73.4,100.0,6,24.0,6
7,Warren McClendon Jr.,99081,T,LA,1,0,26,58.9,100.0,17,68.0,17,70.7,0,100.0,25,25,78.8,100.0,7,28.0,7
7,Jaxon Smith-Njigba,129758,WR,SEA,1,0,29,62.3,100.0,11,44.0,11,63.4,0,100.0,25,25,61.9,100.0,12,48.0,12
7,Paris Johnson Jr.,129749,T,ARZ,1,0,1,78.4,100.0,17,68.0,17,75.9,0,100.0,25,25,63.4,100.0,6,24.0,6
7,Evan Brown,38709,G,ARZ,1,0,1,49.3,100.0,17,68.0,17,63.5,0,100.0,25,25,85.1,100.0,6,24.0,6
7,Tyler Biadasz,41178,C,WAS,1,0,32,68.0,100.0,15,60.0,15,60.1,0,100.0,25,25,50.3,100.0,9,36.0,9
7,Alaric Jackson,40972,T,LA,1,0,26,60.4,100.0,17,68.0,17,66.1,0,100.0,25,25,71.6,100.0,7,28.0,7
7,Chris Paul,77579,G,WAS,1,0,32,48.0,100.0,15,60.0,15,44.6,0,100.0,25,25,49.1,100.0,9,36.0,9
7,Tyler Steen,81921,G,PHI,1,0,24,39.1,100.0,5,20.8,5,51.9,1,100.0,24,24,63.3,100.0,16,66.7,16
7,Jordan Mailata,66916,T,PHI,1,0,24,51.5,100.0,5,20.8,5,52.1,1,100.0,24,24,57.0,100.0,16,66.7,16
7,Harold Fannin Jr.,163104,TE,CLV,1,0,8,49.2,100.0,18,75.0,18,57.1,0,100.0,24,24,60.2,100.0,4,16.7,4
7,Matthew Stafford,4924,QB,LA,1,0,26,60.0,100.0,17,70.8,17,60.0,0,96.0,24,25,60.0,100.0,7,29.2,7
7,Amarius Mims,146719,T,CIN,1,0,7,53.4,100.0,9,37.5,9,57.6,0,100.0,24,24,62.1,100.0,10,41.7,10
7,Ted Karras,10855,C,CIN,1,0,7,58.4,100.0,9,37.5,9,65.5,0,100.0,24,24,69.6,100.0,10,41.7,10
7,Jalen Rivers,122221,G,CIN,1,0,7,45.2,100.0,9,37.5,9,37.6,1,100.0,24,24,41.4,100.0,10,41.7,10
7,Mike Onwenu,27357,G,NE,1,0,19,62.5,100.0,9,37.5,9,52.5,0,100.0,24,24,57.6,100.0,14,58.3,14
7,Landon Dickerson,41712,G,PHI,1,0,24,54.3,100.0,5,20.8,5,69.4,0,100.0,24,24,74.6,100.0,16,66.7,16
7,Orlando Brown Jr.,46227,T,CIN,1,0,7,49.9,100.0,9,37.5,9,45.8,0,100.0,24,24,48.2,100.0,10,41.7,10
7,Dalton Risner,47008,G,CIN,1,0,7,67.4,100.0,9,37.5,9,75.1,0,100.0,24,24,76.0,100.0,10,41.7,10
7,Ja'Marr Chase,84270,WR,CIN,1,0,7,87.6,100.0,9,37.5,9,78.5,0,100.0,24,24,60.2,100.0,10,41.7,10
7,Lane Johnson,7786,T,PHI,1,0,24,39.3,100.0,5,20.8,5,48.2,0,100.0,24,24,58.7,100.0,16,66.7,16
7,Laremy Tunsil,10647,T,WAS,1,0,32,76.9,100.0,14,60.9,14,73.0,0,100.0,23,23,59.3,100.0,8,34.8,8
7,Dallas Goedert,47272,TE,PHI,1,0,24,59.6,100.0,5,21.7,5,48.2,0,100.0,23,23,45.6,100.0,15,65.2,15
7,Blake Whiteheart,77881,TE,CLV,1,0,8,63.0,100.0,14,60.9,14,60.1,0,100.0,23,23,56.2,100.0,7,30.4,7
7,Xavier Legette,99197,WR,CAR,1,0,5,74.0,100.0,15,65.2,15,70.1,0,100.0,23,23,59.4,100.0,8,34.8,8
7,Jacoby Brissett,10725,QB,ARZ,1,0,1,60.0,100.0,17,73.9,17,60.0,0,92.0,23,25,60.0,100.0,6,26.1,6
7,Morgan Moses,8701,T,NE,1,0,19,63.8,100.0,8,34.8,8,52.0,0,100.0,23,23,57.9,100.0,14,60.9,14
7,Sam Cosmi,60114,G,WAS,1,0,32,59.8,100.0,14,60.9,14,53.5,0,100.0,23,23,49.3,100.0,8,34.8,8
7,Will Campbell,157106,T,NE,1,0,19,53.5,100.0,8,34.8,8,60.6,0,100.0,23,23,65.1,100.0,14,60.9,14
7,Bernhard Raimann,77948,T,IND,1,0,14,69.4,100.0,10,45.5,10,69.7,0,100.0,22,22,65.0,100.0,8,36.4,8
7,Jameson Williams,101701,WR,DET,1,0,11,61.3,100.0,7,31.8,7,60.7,0,100.0,22,22,59.9,100.0,15,68.2,15
7,Tanor Bortolini,129915,C,IND,1,0,14,78.4,100.0,10,45.5,10,78.1,0,100.0,22,22,66.9,100.0,8,36.4,8
7,Patrick Mahomes,11765,QB,KC,1,0,16,,,0,0.0,0,60.0,0,100.0,21,21,60.0,100.0,18,85.7,18
7,Austin Hooper,10715,TE,NE,1,0,19,53.3,100.0,10,47.6,10,59.3,0,100.0,21,21,66.8,100.0,8,38.1,8
7,Jawaan Taylor,41665,T,KC,1,0,16,,,0,0.0,0,54.4,0,100.0,21,21,56.7,100.0,18,85.7,18
7,Creed Humphrey,59996,C,KC,1,0,16,,,0,0.0,0,90.9,0,100.0,21,21,84.1,100.0,18,85.7,18
7,Mack Hollins,11873,WR,NE,1,0,19,59.2,100.0,8,38.1,8,53.4,0,95.5,21,22,52.8,100.0,13,61.9,13
7,A.J. Brown,48327,WR,PHI,1,0,24,58.9,100.0,3,15.0,3,58.0,0,100.0,20,20,58.8,100.0,16,80.0,16
7,Isaac Seumalo,10713,G,PIT,1,0,25,78.0,100.0,3,15.0,3,81.5,0,100.0,20,20,80.1,100.0,16,80.0,16
7,Christian Darrisaw,77373,T,MIN,1,0,18,78.3,100.0,6,30.0,6,56.2,0,100.0,20,20,43.7,100.0,13,65.0,13
7,Brian O'Neill,46854,T,MIN,1,0,18,44.4,100.0,6,30.0,6,60.7,0,100.0,20,20,71.3,100.0,13,65.0,13
7,Zach Frazier,123419,C,PIT,1,0,25,58.1,100.0,3,15.0,3,61.2,1,100.0,20,20,63.3,100.0,16,80.0,16
7,Bryce Young,123943,QB,CAR,1,0,5,60.0,100.0,11,55.0,11,60.0,0,100.0,20,20,60.0,100.0,8,40.0,8
7,Troy Fautanu,100521,T,PIT,1,0,25,59.1,100.0,3,15.0,3,54.3,0,100.0,20,20,54.1,100.0,16,80.0,16
7,Davis Allen,99697,TE,LA,1,0,26,61.2,100.0,11,55.0,11,52.9,0,100.0,20,20,60.5,100.0,6,30.0,6
7,Broderick Jones,124025,T,PIT,1,0,25,55.2,100.0,3,15.0,3,59.1,0,100.0,20,20,61.5,100.0,16,80.0,16
7,Aaron Banks,59983,G,GB,1,0,12,67.4,100.0,6,30.0,6,56.1,0,100.0,20,20,49.8,100.0,13,65.0,13
7,Jalen Hurts,40291,QB,PHI,1,0,24,60.0,100.0,5,25.0,5,60.0,0,83.3,20,24,60.0,93.8,15,75.0,16
7,Luke Wattenberg,41024,C,DEN,1,0,10,70.8,100.0,10,50.0,10,70.8,0,100.0,20,20,77.3,100.0,8,40.0,8
7,Mason McCormick,78326,G,PIT,1,0,25,58.8,100.0,3,15.0,3,79.1,0,100.0,20,20,84.2,100.0,16,80.0,16
7,Alex Palczewski,59738,G,DEN,1,0,10,47.2,100.0,10,50.0,10,52.4,0,100.0,20,20,62.6,100.0,8,40.0,8
7,Aaron Rodgers,2241,QB,PIT,1,0,25,60.0,100.0,3,15.0,3,60.0,0,100.0,20,20,60.0,100.0,16,80.0,16
7,Justin Jefferson,61398,WR,MIN,1,0,18,61.4,100.0,6,30.0,6,61.6,0,100.0,20,20,60.8,100.0,13,65.0,13
7,Will Fries,41530,G,MIN,1,0,18,56.1,100.0,6,30.0,6,45.0,0,100.0,20,20,53.3,100.0,13,65.0,13
7,Rasheed Walker,81798,T,GB,1,0,12,69.9,100.0,6,30.0,6,70.1,0,100.0,20,20,65.4,100.0,13,65.0,13
7,Jordan Morgan,98652,G,GB,1,0,12,31.0,100.0,6,30.0,6,27.3,0,100.0,20,20,31.7,100.0,13,65.0,13
7,Zach Tom,55443,T,GB,1,0,12,62.8,100.0,6,30.0,6,70.6,0,100.0,20,20,62.4,100.0,13,65.0,13
7,Cooper Kupp,11824,WR,SEA,1,0,29,55.2,100.0,9,45.0,9,56.8,0,100.0,20,20,60.2,100.0,9,45.0,9
7,Garett Bolles,11775,T,DEN,1,0,10,64.5,100.0,10,50.0,10,62.4,0,100.0,20,20,59.3,100.0,8,40.0,8
7,Elgton Jenkins,46298,C,GB,1,0,12,52.7,100.0,6,30.0,6,56.9,0,100.0,20,20,61.2,100.0,13,65.0,13
7,Drake Maye,143969,QB,NE,1,0,19,60.0,100.0,6,30.0,6,60.0,0,100.0,20,20,60.0,100.0,13,65.0,13
7,Donovan Jackson,145064,G,MIN,1,0,18,72.8,100.0,6,30.0,6,50.4,0,100.0,20,20,39.8,100.0,13,65.0,13
7,Chris Moore,10741,WR,WAS,1,0,32,60.2,100.0,13,65.0,13,59.7,0,100.0,20,20,59.0,100.0,6,30.0,6
7,Quinn Meinerz,112915,G,DEN,1,0,10,73.5,100.0,10,50.0,10,83.8,0,100.0,20,20,83.3,100.0,8,40.0,8
7,Michael Wilson,84423,WR,ARZ,1,0,1,59.7,100.0,14,70.0,14,60.1,0,100.0,20,20,61.0,100.0,5,25.0,5
7,Mike McGlinchey,46275,T,DEN,1,0,10,72.3,100.0,10,50.0,10,93.2,0,100.0,20,20,93.3,100.0,8,40.0,8
7,Blake Brandel,46282,C,MIN,1,0,18,73.3,100.0,6,30.0,6,55.5,0,100.0,20,20,56.0,100.0,13,65.0,13
7,Aaron Brewer,46014,C,MIA,1,0,17,57.0,100.0,11,57.9,11,69.9,0,100.0,19,19,69.7,100.0,7,36.8,7
7,Daniel Jones,39395,QB,IND,1,0,14,60.0,100.0,10,52.6,10,60.0,0,86.4,19,22,60.0,100.0,8,42.1,8
7,Cole Kmet,60995,TE,CHI,1,0,6,64.8,100.0,8,42.1,8,63.2,0,100.0,19,19,59.2,100.0,10,52.6,10
7,Quenton Nelson,12954,G,IND,1,0,14,63.0,100.0,10,52.6,10,90.9,0,100.0,19,19,92.9,100.0,8,42.1,8
7,George Pickens,99229,WR,DAL,1,0,9,62.3,100.0,11,57.9,11,61.2,0,100.0,19,19,59.4,100.0,8,42.1,8
7,Patrick Paul,101019,T,MIA,1,0,17,57.7,100.0,11,57.9,11,44.7,0,100.0,19,19,38.8,100.0,7,36.8,7
7,Larry Borom,59879,T,MIA,1,0,17,55.6,100.0,11,57.9,11,52.6,0,100.0,19,19,53.3,100.0,7,36.8,7
7,Matt Goncalves,99680,G,IND,1,0,14,63.9,100.0,10,52.6,10,61.7,0,100.0,19,19,58.2,100.0,8,42.1,8
7,Cole Strange,22976,G,MIA,1,0,17,45.3,100.0,11,57.9,11,46.8,0,100.0,19,19,42.4,100.0,7,36.8,7
7,Courtland Sutton,48164,WR,DEN,1,0,10,78.8,100.0,9,47.4,9,47.8,0,100.0,19,19,49.2,100.0,8,42.1,8
7,Romeo Doubs,84329,WR,GB,1,0,12,60.6,100.0,6,31.6,6,38.9,0,100.0,19,19,63.1,100.0,13,68.4,13
7,Braden Smith,46794,T,IND,1,0,14,69.7,100.0,10,52.6,10,59.0,0,100.0,19,19,46.6,100.0,8,42.1,8
7,D.K. Metcalf,47864,WR,PIT,1,0,25,60.0,100.0,3,15.8,3,53.7,0,100.0,19,19,84.3,100.0,15,78.9,15
7,Jordan Love,40306,QB,GB,1,0,12,60.0,100.0,6,31.6,6,60.0,0,95.0,19,20,60.0,100.0,13,68.4,13
7,Kayshon Boutte,124087,WR,NE,1,0,19,61.7,100.0,7,36.8,7,62.1,0,100.0,19,19,61.4,100.0,11,57.9,11
7,Jonah Savaiinaea,158742,G,MIA,1,0,17,48.6,100.0,11,57.9,11,40.6,0,100.0,19,19,43.2,100.0,7,36.8,7
7,Carson Wentz,10636,QB,MIN,1,0,18,60.0,100.0,6,31.6,6,60.0,0,95.0,19,20,60.0,100.0,13,68.4,13
7,Joe Flacco,4332,QB,CIN,1,0,7,60.0,100.0,9,47.4,9,60.0,0,79.2,19,24,60.0,90.0,9,47.4,10
7,Tee Higgins,61211,WR,CIN,1,0,7,85.2,100.0,8,42.1,8,80.1,0,100.0,19,19,60.9,100.0,9,47.4,9
7,Tucker Kraft,104034,TE,GB,1,0,12,51.9,100.0,6,31.6,6,46.2,0,100.0,19,19,59.2,100.0,13,68.4,13
7,Tyler Warren,129798,TE,IND,1,0,14,54.4,100.0,10,52.6,10,61.7,0,100.0,19,19,69.3,100.0,5,26.3,5
7,Walker Little,52287,T,JAX,1,0,15,71.1,100.0,5,27.8,5,59.6,0,100.0,18,18,55.1,100.0,8,44.4,8
7,Michael Pittman Jr.,29049,WR,IND,1,0,14,54.4,100.0,10,55.6,10,66.2,0,100.0,18,18,53.6,100.0,7,38.9,7
7,Robert Tonyan,12193,TE,KC,1,0,16,,,0,0.0,0,63.9,0,100.0,18,18,65.8,100.0,14,77.8,14
7,DeVonta Smith,61100,WR,PHI,1,0,24,,,0,0.0,0,57.7,0,100.0,18,18,58.1,100.0,16,88.9,16
7,Ezra Cleveland,41973,G,JAX,1,0,15,54.9,100.0,5,27.8,5,77.4,0,100.0,18,18,79.6,100.0,8,44.4,8
7,Wanya Morris,98247,T,KC,1,0,16,,,0,0.0,0,91.0,0,100.0,18,18,91.5,100.0,14,77.8,14
7,Patrick Mekari,46219,G,JAX,1,0,15,55.0,100.0,5,27.8,5,32.4,1,100.0,18,18,36.7,100.0,8,44.4,8
7,Konata Mumpfield,145598,WR,LA,1,0,26,49.8,100.0,9,50.0,9,52.8,0,100.0,18,18,60.0,100.0,6,33.3,6
7,Jalen Tolbert,61637,WR,DAL,1,0,9,41.7,100.0,10,55.6,10,41.6,1,100.0,18,18,53.5,100.0,8,44.4,8
7,Robert Hainsey,59980,C,JAX,1,0,15,68.5,100.0,5,27.8,5,64.3,0,100.0,18,18,70.8,100.0,8,44.4,8
7,Anton Harrison,122929,T,JAX,1,0,15,54.1,100.0,5,27.8,5,78.0,0,100.0,18,18,79.6,100.0,8,44.4,8
7,Trevor Lawrence,77632,QB,JAX,1,0,15,60.0,100.0,5,27.8,5,60.0,0,100.0,18,18,60.0,100.0,8,44.4,8
7,Cesar Ruiz,59857,G,NO,1,0,20,73.9,100.0,7,41.2,7,67.8,0,100.0,17,17,58.4,100.0,10,58.8,10
7,Taliese Fuaga,131732,T,NO,1,0,20,58.5,100.0,7,41.2,7,54.0,0,100.0,17,17,53.3,100.0,10,58.8,10
7,Elijah Wilkinson,46238,T,ATL,1,0,2,57.2,100.0,6,35.3,6,57.4,0,100.0,17,17,47.4,100.0,10,58.8,10
7,Ryan Neuzil,41123,C,ATL,1,0,2,64.2,100.0,6,35.3,6,73.8,0,100.0,17,17,75.0,100.0,10,58.8,10
7,Matthew Bergeron,99658,G,ATL,1,0,2,55.6,100.0,6,35.3,6,58.1,0,100.0,17,17,53.4,100.0,10,58.8,10
7,Trevor Penning,59963,G,NO,1,0,20,65.0,100.0,7,41.2,7,61.2,0,100.0,17,17,57.4,100.0,10,58.8,10
7,Michael Penix Jr.,82134,QB,ATL,1,0,2,60.0,100.0,6,35.3,6,60.0,0,100.0,17,17,60.0,100.0,10,58.8,10
7,Jake Matthews,8641,T,ATL,1,0,2,57.0,100.0,6,35.3,6,52.4,0,100.0,17,17,52.6,100.0,10,58.8,10
7,Luke Wypler,129764,C,CLV,1,0,8,48.8,100.0,14,82.4,14,49.8,1,100.0,17,17,60.0,100.0,2,11.8,2
7,Marvin Harrison Jr.,145056,WR,ARZ,1,0,1,62.1,100.0,9,52.9,9,62.4,0,100.0,17,17,61.4,100.0,6,35.3,6
7,Drew Sample,47259,TE,CIN,1,0,7,67.6,100.0,7,41.2,7,53.5,0,100.0,17,17,54.4,100.0,6,35.3,6
7,Olamide Zaccheaus,44920,WR,CHI,1,0,6,60.0,100.0,4,23.5,4,60.4,0,94.4,17,18,60.1,100.0,11,64.7,11
7,Trey McBride,75916,TE,ARZ,1,0,1,34.7,100.0,11,64.7,11,28.6,1,100.0,17,17,45.3,100.0,4,23.5,4
7,Chris Lindstrom,46692,G,ATL,1,0,2,52.2,100.0,6,35.3,6,62.4,0,100.0,17,17,70.4,100.0,10,58.8,10
7,Drake London,86519,WR,ATL,1,0,2,44.2,100.0,6,35.3,6,48.6,0,100.0,17,17,59.9,100.0,10,58.8,10
7,Kelvin Banks Jr.,163839,T,NO,1,0,20,59.1,100.0,7,41.2,7,71.2,0,100.0,17,17,65.5,100.0,10,58.8,10
7,Mitchell Evans,147486,TE,CAR,1,0,5,62.9,100.0,9,52.9,9,59.6,0,100.0,17,17,55.4,100.0,5,29.4,5
7,Darnell Washington,124044,TE,PIT,1,0,25,,,0,0.0,0,60.0,0,100.0,16,16,60.0,100.0,16,100.0,16
7,Durham Smythe,47257,TE,CHI,1,0,6,60.0,100.0,1,6.3,1,56.6,0,100.0,16,16,56.4,100.0,12,75.0,12
7,Bo Nix,97790,QB,DEN,1,0,10,60.0,80.0,8,50.0,10,60.0,0,80.0,16,20,60.0,87.5,7,43.8,8
7,Jaylen Waddle,84088,WR,MIA,1,0,17,61.4,100.0,9,56.3,9,56.1,0,100.0,16,16,53.9,100.0,7,43.8,7
7,Terrance Ferguson,146563,TE,LA,1,0,26,62.3,100.0,9,56.3,9,77.2,0,100.0,16,16,60.2,100.0,4,25.0,4
7,Jack Westover,84079,FB,NE,1,0,19,61.9,100.0,9,56.3,9,54.6,0,100.0,16,16,48.8,100.0,4,25.0,4
7,Cornelius Lucas,9025,T,CLV,1,0,8,45.8,100.0,10,62.5,10,48.0,0,100.0,16,16,59.2,100.0,5,31.3,5
7,John Bates,42275,TE,WAS,1,0,32,83.2,100.0,12,75.0,12,79.8,0,100.0,16,16,55.0,100.0,4,25.0,4
7,Charlie Woerner,42257,TE,ATL,1,0,2,59.2,100.0,5,31.3,5,62.6,0,100.0,16,16,64.1,100.0,10,62.5,10
7,Jordan Addison,123000,WR,MIN,1,0,18,59.5,100.0,4,25.0,4,55.0,0,100.0,16,16,54.7,100.0,11,68.8,11
7,Alec Pierce,78038,WR,IND,1,0,14,60.0,100.0,7,43.8,7,60.7,0,100.0,16,16,61.9,100.0,8,50.0,8
7,Julian Hill,88685,TE,MIA,1,0,17,52.9,100.0,10,62.5,10,43.3,0,100.0,16,16,42.7,100.0,6,37.5,6
7,Erik McCoy,37347,C,NO,1,0,20,56.4,100.0,6,37.5,6,52.7,0,100.0,16,16,53.9,100.0,10,62.5,10
7,Jalen Royals,163442,WR,KC,1,0,16,,,0,0.0,0,53.1,0,100.0,16,16,52.4,100.0,13,81.3,13
7,Jerry Jeudy,61103,WR,CLV,1,0,8,61.9,100.0,12,75.0,12,62.4,0,100.0,16,16,60.5,100.0,4,25.0,4
7,Tua Tagovailoa,60326,QB,MIA,1,0,17,60.0,90.0,9,56.3,10,60.0,0,94.1,16,17,60.0,100.0,7,43.8,7
7,Hunter Nourzad,91674,C,KC,1,0,16,,,0,0.0,0,60.5,0,100.0,16,16,60.1,100.0,13,81.3,13
7,Jake Andrews,81868,C,HST,1,0,13,65.1,100.0,6,40.0,6,54.1,0,100.0,15,15,48.6,100.0,9,60.0,9
7,Tytus Howard,25472,G,HST,1,0,13,50.3,100.0,6,40.0,6,46.5,0,100.0,15,15,50.3,100.0,9,60.0,9
7,Luke Schoonmaker,84005,TE,DAL,1,0,9,37.1,100.0,9,60.0,9,42.2,0,100.0,15,15,59.9,100.0,4,26.7,4
7,Olumuyiwa Fashanu,129777,T,NYJ,1,0,22,57.8,100.0,5,33.3,5,44.4,0,100.0,15,15,42.3,100.0,9,60.0,9
7,Colby Parkinson,52266,TE,LA,1,0,26,49.4,100.0,10,66.7,10,49.8,0,100.0,15,15,56.9,100.0,5,33.3,5
7,Travis Kelce,7844,TE,KC,1,0,16,,,0,0.0,0,73.3,0,100.0,15,15,73.7,100.0,14,93.3,14
7,CeeDee Lamb,61570,WR,DAL,1,0,9,83.0,100.0,8,53.3,8,79.8,1,100.0,15,15,60.8,100.0,7,46.7,7
7,C.J. Stroud,129759,QB,HST,1,0,13,60.0,100.0,6,40.0,6,60.0,0,100.0,15,15,60.0,100.0,9,60.0,9
7,Josh Reynolds,11872,WR,NYJ,1,0,22,82.8,100.0,5,33.3,5,49.3,0,100.0,15,15,53.8,100.0,9,60.0,9
7,Aireontae Ersery,129649,T,HST,1,0,13,47.8,100.0,6,40.0,6,32.7,0,100.0,15,15,36.4,100.0,9,60.0,9
7,Luke Farrell,42353,TE,SF,1,0,28,69.4,100.0,7,46.7,7,79.0,0,100.0,15,15,79.4,100.0,5,33.3,5
7,Eric Saubert,11929,TE,SEA,1,0,29,60.1,100.0,6,40.0,6,64.8,0,100.0,15,15,57.6,100.0,5,33.3,5
7,Ed Ingram,59819,G,HST,1,0,13,64.8,100.0,6,40.0,6,44.1,0,100.0,15,15,35.8,100.0,9,60.0,9
7,Jaylin Lane,121811,WR,WAS,1,0,32,86.0,100.0,7,46.7,7,82.3,0,100.0,15,15,60.3,100.0,7,46.7,7
7,Armand Membou,125008,T,NYJ,1,0,22,67.6,100.0,5,33.3,5,68.5,0,100.0,15,15,65.1,100.0,9,60.0,9
7,Spencer Rattler,97408,QB,NO,1,0,20,60.0,71.4,5,33.3,7,60.3,0,88.2,15,17,60.0,100.0,10,66.7,10
7,Josh Myers,59992,C,NYJ,1,0,22,48.6,100.0,5,33.3,5,53.2,0,100.0,15,15,61.3,100.0,9,60.0,9
7,Anthony Gould,97078,WR,IND,1,0,14,58.5,100.0,6,40.0,6,59.4,0,100.0,15,15,60.7,100.0,5,33.3,5
7,KT Leveston,77487,T,CLV,1,0,8,63.4,100.0,11,73.3,11,78.3,0,100.0,15,15,90.2,100.0,3,20.0,3
7,Brett Toth,46848,C,PHI,1,0,24,67.4,100.0,5,33.3,5,52.4,0,100.0,15,15,44.4,100.0,8,53.3,8
7,Joe Tippmann,101568,G,NYJ,1,0,22,56.6,100.0,5,33.3,5,54.9,0,100.0,15,15,56.2,100.0,9,60.0,9
7,Josh Oliver,47083,TE,MIN,1,0,18,59.3,100.0,6,42.9,6,65.6,1,100.0,14,14,68.6,100.0,8,57.1,8
7,Gage Larvadain,150169,WR,CLV,1,0,8,59.2,100.0,9,64.3,9,59.1,0,100.0,14,14,59.4,100.0,4,28.6,4
7,T.J. Hockenson,40912,TE,MIN,1,0,18,51.5,100.0,4,28.6,4,68.3,0,100.0,14,14,68.0,100.0,9,64.3,9
7,John Simpson,41715,G,NYJ,1,0,22,62.4,100.0,5,35.7,5,53.3,1,100.0,14,14,50.0,100.0,9,64.3,9
7,Chris Olave,84355,WR,NO,1,0,20,59.9,100.0,5,35.7,5,60.5,0,100.0,14,14,60.7,100.0,9,64.3,9
7,Andrei Iosivas,109811,WR,CIN,1,0,7,74.0,100.0,5,35.7,5,70.5,0,100.0,14,14,59.7,100.0,7,50.0,7
7,Brevyn Spann-Ford,84006,TE,DAL,1,0,9,58.8,100.0,7,50.0,7,70.0,0,100.0,14,14,73.1,100.0,5,35.7,5
7,Gardner Minshew,41401,QB,KC,1,0,16,,,0,0.0,0,60.0,0,81.3,13,16,60.0,100.0,13,100.0,13
7,Kevin Zeitler,7032,G,TEN,1,0,31,67.8,100.0,4,30.8,4,70.0,0,100.0,13,13,65.3,100.0,8,61.5,8
7,Brandin Cooks,8655,WR,NO,1,0,20,58.6,100.0,5,38.5,5,38.8,0,100.0,13,13,58.4,100.0,8,61.5,8
7,Bobby Hart,9659,T,LAC,1,0,27,57.7,100.0,2,15.4,2,65.0,0,100.0,13,13,69.8,100.0,8,61.5,8
7,Zay Jones,11792,WR,ARZ,1,0,1,60.3,100.0,9,69.2,9,60.0,0,100.0,13,13,60.2,100.0,3,23.1,3
7,Bradley Bozeman,27934,C,LAC,1,0,27,60.0,100.0,2,15.4,2,67.1,0,100.0,13,13,70.5,100.0,8,61.5,8
7,Lloyd Cushenberry III,41924,C,TEN,1,0,31,57.2,100.0,4,30.8,4,57.4,0,100.0,13,13,59.5,100.0,8,61.5,8
7,Nick Westbrook-Ikhine,47861,WR,MIA,1,0,17,60.2,100.0,7,53.8,7,82.3,0,100.0,13,13,85.6,100.0,5,38.5,5
7,Darnell Mooney,48236,WR,ATL,1,0,2,60.6,100.0,5,38.5,5,38.0,0,100.0,13,13,59.3,100.0,8,61.5,8
7,Mekhi Becton,59818,G,LAC,1,0,27,57.9,100.0,2,15.4,2,54.6,0,100.0,13,13,58.2,100.0,8,61.5,8
7,Dan Moore Jr.,60120,T,TEN,1,0,31,58.0,100.0,4,30.8,4,70.0,0,100.0,13,13,74.5,100.0,8,61.5,8
7,Tyquan Thornton,78092,WR,KC,1,0,16,,,0,0.0,0,59.7,0,100.0,13,13,59.8,100.0,12,92.3,12
7,Jordan Whittington,97623,WR,LA,1,0,26,57.5,100.0,8,61.5,8,58.4,0,100.0,13,13,60.0,100.0,1,7.7,1
7,Zion Johnson,99681,G,LAC,1,0,27,59.6,100.0,2,15.4,2,67.3,0,100.0,13,13,70.2,100.0,8,61.5,8
7,Luke McCaffrey,101634,WR,WAS,1,0,32,58.0,100.0,7,53.8,7,58.6,0,100.0,13,13,60.5,100.0,6,46.2,6
7,Arian Smith,124039,WR,NYJ,1,0,22,59.1,100.0,4,30.8,4,60.1,0,100.0,13,13,60.6,100.0,8,61.5,8
7,Peter Skoronski,129737,G,TEN,1,0,31,58.2,100.0,4,30.8,4,58.3,0,100.0,13,13,59.5,100.0,8,61.5,8
7,Cam Ward,133244,QB,TEN,1,0,31,60.0,100.0,4,30.8,4,60.0,0,100.0,13,13,60.0,100.0,8,61.5,8
7,Xavier Worthy,144718,WR,KC,1,0,16,,,0,0.0,0,61.3,0,92.9,13,14,61.3,100.0,13,100.0,13
7,JC Latham,146596,T,TEN,1,0,31,70.5,100.0,4,30.8,4,78.3,1,100.0,13,13,74.2,100.0,8,61.5,8
7,Ryan Flournoy,159617,WR,DAL,1,0,9,59.5,100.0,4,30.8,4,60.4,0,100.0,13,13,60.3,100.0,7,53.8,7
7,Travis Hunter,160766,WR,JAX,1,0,15,59.7,100.0,2,15.4,2,59.3,0,92.9,13,14,61.2,100.0,7,53.8,7
7,Nikko Remigio,84150,WR,KC,1,0,16,,,0,0.0,0,58.7,0,100.0,12,12,58.7,100.0,12,100.0,12
7,Charlie Heck,36501,T,TB,1,0,30,58.0,100.0,7,58.3,7,68.6,0,100.0,12,12,58.7,100.0,4,33.3,4
7,Michael Jordan,28021,G,TB,1,0,30,50.2,100.0,7,58.3,7,46.7,0,100.0,12,12,52.6,100.0,4,33.3,4
7,Andy Dalton,6187,QB,CAR,1,0,5,60.0,100.0,9,75.0,9,60.0,0,85.7,12,14,60.0,100.0,3,25.0,3
7,Hunter Henry,10669,TE,NE,1,0,19,60.0,100.0,1,8.3,1,67.5,0,100.0,12,12,67.7,100.0,9,75.0,9
7,Jordan Meredith,60235,C,LV,1,0,23,60.0,100.0,1,8.3,1,36.9,0,100.0,12,12,36.4,100.0,11,91.7,11
7,Jayden Daniels,97993,QB,WAS,1,0,32,60.0,66.7,6,50.0,9,60.0,0,70.6,12,17,60.0,85.7,6,50.0,7
7,DJ Glaze,129511,T,LV,1,0,23,59.9,100.0,1,8.3,1,38.3,0,100.0,12,12,48.1,100.0,11,91.7,11
7,Brady Russell,60876,FB,SEA,1,0,29,58.8,100.0,2,16.7,2,53.8,0,100.0,12,12,49.7,100.0,5,41.7,5
7,Elijah Higgins,98027,TE,ARZ,1,0,1,61.1,100.0,10,83.3,10,68.3,0,100.0,12,12,60.0,100.0,1,8.3,1
7,Ben Bredeson,27305,G,TB,1,0,30,51.1,100.0,7,58.3,7,48.7,0,100.0,12,12,54.3,100.0,4,33.3,4
7,Parker Washington,129799,WR,JAX,1,1,15,60.3,100.0,2,16.7,2,60.9,1,80.0,12,15,61.5,100.0,8,66.7,8
7,Jake Brendel,11117,C,SF,1,0,28,53.2,100.0,5,41.7,5,85.7,0,100.0,12,12,92.2,100.0,7,58.3,7
7,Graham Barton,122367,C,TB,1,0,30,59.0,100.0,7,58.3,7,46.3,0,100.0,12,12,55.3,100.0,4,33.3,4
7,Kelvin Beachum,7229,T,ARZ,1,0,1,44.3,100.0,9,75.0,9,39.5,0,100.0,12,12,49.1,100.0,3,25.0,3
7,Van Jefferson,47447,WR,TEN,1,0,31,60.4,100.0,4,33.3,4,60.0,0,100.0,12,12,60.0,100.0,7,58.3,7
7,Elic Ayomanor,157263,WR,TEN,1,0,31,54.0,100.0,4,33.3,4,54.8,0,100.0,12,12,60.1,100.0,7,58.3,7
7,Brycen Tremayne,84425,WR,CAR,1,0,5,54.3,100.0,6,50.0,6,76.0,0,100.0,12,12,84.6,100.0,4,33.3,4
7,Ben Sinnott,122616,TE,WAS,1,0,32,54.5,100.0,10,83.3,10,54.0,0,100.0,12,12,60.0,100.0,1,8.3,1
7,Mason Taylor,157122,TE,NYJ,1,0,22,54.5,100.0,4,33.3,4,54.4,0,100.0,12,12,57.8,100.0,7,58.3,7
7,Tristan Wirfs,64818,T,TB,1,0,30,88.2,100.0,7,58.3,7,91.3,0,100.0,12,12,76.3,100.0,4,33.3,4
7,Jamari Thrash,97399,WR,CLV,1,0,8,48.5,100.0,8,66.7,8,49.7,0,100.0,12,12,60.2,100.0,3,25.0,3
7,Roman Wilson,129604,WR,PIT,1,0,25,60.0,100.0,2,16.7,2,60.2,0,100.0,12,12,60.2,100.0,9,75.0,9
7,Jayden Higgins,150240,WR,HST,1,0,13,60.8,100.0,5,41.7,5,59.6,0,100.0,12,12,58.6,100.0,7,58.3,7
7,Pat Bryant,144800,WR,DEN,1,0,10,59.6,100.0,4,33.3,4,51.2,0,100.0,12,12,59.8,100.0,6,50.0,6
7,Xavier Smith,102585,WR,LA,1,0,26,84.7,100.0,8,66.7,8,93.9,0,100.0,12,12,,,0,0.0,0
7,Xavier Hutchinson,122518,WR,HST,1,0,13,59.6,100.0,5,41.7,5,59.9,0,100.0,12,12,60.3,100.0,7,58.3,7
7,Nate Adkins,87625,TE,DEN,1,0,10,85.6,100.0,7,58.3,7,84.6,0,100.0,12,12,54.0,100.0,4,33.3,4
7,Jalen Nailor,84292,WR,MIN,1,0,18,59.3,100.0,3,27.3,3,66.2,0,100.0,11,11,68.2,100.0,7,63.6,7
7,Baker Mayfield,46518,QB,TB,1,0,30,60.0,100.0,7,63.6,7,60.0,0,100.0,11,11,60.0,100.0,4,36.4,4
7,Rashee Rice,97605,WR,KC,1,0,16,,,0,0.0,0,80.5,0,100.0,11,11,82.5,100.0,10,90.9,10
7,Stone Forsythe,41795,T,LV,1,0,23,60.0,100.0,1,9.1,1,55.0,0,100.0,11,11,54.7,100.0,10,90.9,10
7,Dylan Parham,60953,G,LV,1,0,23,60.0,100.0,1,9.1,1,39.1,0,100.0,11,11,47.2,100.0,10,90.9,10
7,Matthew Golden,156165,WR,GB,1,0,12,59.6,100.0,2,18.2,2,53.6,0,100.0,11,11,53.1,100.0,8,72.7,8
7,Laken Tomlinson,9461,G,HST,1,0,13,53.9,100.0,5,45.5,5,57.8,0,100.0,11,11,62.8,100.0,6,54.5,6
7,Jake Ferguson,61081,TE,DAL,1,0,9,55.9,100.0,5,45.5,5,46.7,0,100.0,11,11,59.9,100.0,6,54.5,6
7,Zach Ertz,7816,TE,WAS,1,0,32,60.7,100.0,4,36.4,4,70.1,0,100.0,11,11,71.6,100.0,7,63.6,7
7,Michael Mayer,122906,TE,LV,1,0,23,60.0,100.0,1,9.1,1,59.6,0,100.0,11,11,50.9,100.0,10,90.9,10
7,Adam Trautman,109795,TE,DEN,1,0,10,58.3,100.0,6,54.5,6,45.5,0,100.0,11,11,57.8,100.0,4,36.4,4
7,Payne Durham,84037,TE,TB,1,0,30,67.6,100.0,6,54.5,6,60.2,0,100.0,11,11,48.1,100.0,4,36.4,4
7,Tre Harris,122676,WR,LAC,1,0,27,60.1,100.0,2,18.2,2,53.5,0,100.0,11,11,54.0,100.0,6,54.5,6
7,Kylen Granson,40630,TE,PHI,1,0,24,60.2,100.0,5,45.5,5,59.8,0,100.0,11,11,60.2,100.0,3,27.3,3
7,Ja'Tavion Sanders,144717,TE,CAR,1,0,5,56.9,100.0,6,54.5,6,57.6,0,100.0,11,11,60.0,100.0,3,27.3,3
7,Quentin Johnston,123085,WR,LAC,1,0,27,60.0,100.0,1,9.1,1,35.1,0,100.0,11,11,60.3,100.0,8,72.7,8
7,Gunnar Helm,144726,TE,TEN,1,0,31,56.3,100.0,3,30.0,3,57.8,0,100.0,10,10,60.2,100.0,7,70.0,7
7,Elijah Arroyo,143933,TE,SEA,1,0,29,57.4,100.0,4,40.0,4,56.9,0,100.0,10,10,59.5,100.0,3,30.0,3
7,Brian Thomas Jr.,146760,WR,JAX,1,0,15,60.0,100.0,3,30.0,3,58.5,0,100.0,10,10,58.1,100.0,5,50.0,5
7,Tyler Higbee,10744,TE,LA,1,0,26,85.1,100.0,5,50.0,5,79.6,0,100.0,10,10,60.8,100.0,4,40.0,4
7,Kalif Raymond,11028,WR,DET,1,0,11,79.5,100.0,4,40.0,4,57.9,1,100.0,10,10,33.2,100.0,5,50.0,5
7,Noah Fant,42388,TE,CIN,1,0,7,59.9,100.0,2,20.0,2,29.3,0,100.0,10,10,40.4,100.0,4,40.0,4
7,Cade Otton,61071,TE,TB,1,0,30,55.0,100.0,7,70.0,7,52.9,0,100.0,10,10,60.0,100.0,2,20.0,2
7,Andrew Ogletree,138351,TE,IND,1,0,14,58.7,100.0,3,30.0,3,65.7,0,100.0,10,10,70.0,100.0,4,40.0,4
7,Demarcus Robinson,10760,WR,SF,1,0,28,60.0,100.0,3,30.0,3,60.1,0,100.0,10,10,60.3,100.0,6,60.0,6
7,Dont'e Thornton Jr.,146547,WR,LV,1,0,23,,,0,0.0,0,60.0,0,100.0,10,10,60.0,100.0,10,100.0,10
7,Justin Herbert,28237,QB,LAC,1,0,27,60.0,100.0,2,20.0,2,60.0,0,76.9,10,13,60.0,100.0,8,80.0,8
7,Austin Deculus,59821,T,LAC,1,0,27,60.0,100.0,1,10.0,1,55.9,0,100.0,10,10,56.1,100.0,6,60.0,6
7,Tre Tucker,101106,WR,LV,1,0,23,60.0,100.0,1,10.0,1,54.0,0,100.0,10,10,53.7,100.0,9,90.0,9
7,Davante Adams,8688,WR,LA,1,0,26,83.5,100.0,8,80.0,8,81.9,0,100.0,10,10,60.0,100.0,1,10.0,1
7,Jake Bobo,77997,WR,SEA,1,0,29,55.5,100.0,3,30.0,3,55.4,0,100.0,10,10,60.1,100.0,3,30.0,3
7,Robbie Chosen,11254,WR,WAS,1,0,32,58.5,100.0,4,44.4,4,54.6,0,100.0,9,9,56.0,100.0,5,55.6,5
7,Foster Moreau,47043,TE,NO,1,0,20,59.6,100.0,4,44.4,4,69.9,0,100.0,9,9,71.1,100.0,5,55.6,5
7,Pat Freiermuth,84085,TE,PIT,1,0,25,70.1,100.0,3,33.3,3,53.3,0,100.0,9,9,59.8,100.0,5,55.6,5
7,Jalin Hyatt,124282,WR,NYG,1,0,21,60.4,100.0,4,44.4,4,60.1,0,100.0,9,9,59.3,100.0,4,44.4,4
7,Malik Heath,124173,WR,GB,1,0,12,55.3,100.0,2,22.2,2,69.5,0,100.0,9,9,54.1,100.0,7,77.8,7
7,Jalen Coker,143068,WR,CAR,1,0,5,56.8,100.0,7,77.8,7,56.9,0,100.0,9,9,59.7,100.0,2,22.2,2
7,Johnny Mundt,12206,TE,JAX,1,0,15,59.8,100.0,3,33.3,3,57.9,0,100.0,9,9,60.0,100.0,2,22.2,2
7,Luther Burden III,157170,WR,CHI,1,0,6,60.0,100.0,1,11.1,1,58.2,0,90.0,9,10,57.9,100.0,8,88.9,8
7,Ladd McConkey,124030,WR,LAC,1,0,27,60.0,100.0,1,11.1,1,53.3,0,100.0,9,9,53.5,100.0,7,77.8,7
7,Rashid Shaheed,63707,WR,NO,1,0,20,59.8,100.0,3,33.3,3,57.8,1,100.0,9,9,57.7,100.0,6,66.7,6
7,Luke Musgrave,98499,TE,GB,1,0,12,60.0,100.0,2,22.2,2,45.4,0,100.0,9,9,43.8,100.0,6,66.7,6
7,Kyle Pitts,83964,TE,ATL,1,0,2,58.0,100.0,3,33.3,3,55.1,0,100.0,9,9,55.6,100.0,6,66.7,6
7,Mo Alie-Cox,12078,TE,IND,1,0,14,68.3,100.0,4,44.4,4,68.4,0,100.0,9,9,59.7,100.0,2,22.2,2
7,Cam Jurgens,84014,C,PHI,1,0,24,,,0,0.0,0,69.1,0,100.0,9,9,69.8,100.0,8,88.9,8
7,Jonnu Smith,11855,TE,PIT,1,0,25,59.7,100.0,1,11.1,1,64.2,0,100.0,9,9,64.1,100.0,7,77.8,7
7,Malik Washington,97108,WR,MIA,1,0,17,60.8,100.0,5,62.5,5,34.5,0,100.0,8,8,59.6,100.0,2,25.0,2
7,Justin Fields,82118,QB,NYJ,1,0,22,60.0,75.0,3,37.5,4,60.0,0,72.7,8,11,60.0,83.3,5,62.5,6
7,Stefon Diggs,9579,WR,NE,1,0,19,60.0,100.0,1,12.5,1,61.3,0,100.0,8,8,61.4,100.0,7,87.5,7
7,Jackson Powers-Johnson,146550,G,LV,1,0,23,60.0,100.0,1,12.5,1,46.7,0,100.0,8,8,46.6,100.0,7,87.5,7
7,Allen Lazard,48135,WR,NYJ,1,0,22,59.6,100.0,5,62.5,5,59.6,0,100.0,8,8,60.0,100.0,3,37.5,3
7,Malachi Corley,66272,WR,CLV,1,0,8,83.2,100.0,4,50.0,4,50.6,0,100.0,8,8,59.2,100.0,4,50.0,4
7,Malik Turner,48078,WR,SF,1,0,28,60.3,100.0,4,50.0,4,59.1,0,100.0,8,8,60.0,100.0,2,25.0,2
7,Hunter Long,60859,TE,JAX,1,0,15,77.2,100.0,2,25.0,2,64.3,0,100.0,8,8,75.7,100.0,6,75.0,6
7,Jahan Dotson,84375,WR,PHI,1,0,24,59.6,100.0,2,25.0,2,58.7,0,100.0,8,8,59.0,100.0,6,75.0,6
7,Dalton Schultz,47304,TE,HST,1,0,13,59.5,100.0,4,50.0,4,53.5,0,100.0,8,8,52.8,100.0,4,50.0,4
7,Oronde Gadsden II,144046,TE,LAC,1,0,27,60.0,100.0,1,12.5,1,47.7,0,100.0,8,8,47.0,100.0,5,62.5,5
7,Fred Johnson,46951,T,PHI,1,0,24,43.9,100.0,5,62.5,5,46.6,0,100.0,8,8,59.9,100.0,3,37.5,3
7,Geno Smith,7820,QB,LV,1,0,23,60.0,100.0,1,12.5,1,60.0,0,88.9,8,9,60.0,87.5,7,87.5,8
7,Ian Thomas,42130,TE,LV,1,0,23,60.0,100.0,1,12.5,1,57.6,0,100.0,8,8,57.5,100.0,7,87.5,7
7,JuJu Smith-Schuster,11817,WR,KC,1,0,16,,,0,0.0,0,45.7,0,100.0,8,8,62.4,100.0,7,87.5,7
7,Alec Ingold,34934,FB,MIA,1,0,17,59.9,100.0,3,37.5,3,59.5,0,100.0,8,8,48.1,100.0,5,62.5,5
7,Isaiah Bond,163586,WR,CLV,1,0,8,59.0,100.0,5,62.5,5,58.4,0,100.0,8,8,59.2,100.0,3,37.5,3
7,Tory Horton,128232,WR,SEA,1,0,29,59.3,100.0,3,42.9,3,59.7,0,100.0,7,7,60.5,100.0,4,57.1,4
7,Blake Fisher,147479,T,HST,1,0,13,79.4,100.0,2,28.6,2,82.6,0,100.0,7,7,68.3,100.0,5,71.4,5
7,Chris Manhertz,10211,TE,NYG,1,0,21,72.1,100.0,6,85.7,6,71.7,0,100.0,7,7,60.0,100.0,1,14.3,1
7,Mitchell Tinsley,123470,WR,CIN,1,0,7,58.3,100.0,5,71.4,5,56.9,0,100.0,7,7,58.0,100.0,2,28.6,2
7,Juwan Johnson,28305,TE,NO,1,0,20,58.3,100.0,3,42.9,3,50.0,0,100.0,7,7,51.3,100.0,4,57.1,4
7,Josiah Deguara,47034,TE,ARZ,1,0,1,56.6,100.0,4,57.1,4,56.0,0,100.0,7,7,59.2,100.0,2,28.6,2
7,Tim Patrick,12087,WR,JAX,1,0,15,60.0,100.0,2,28.6,2,38.8,1,100.0,7,7,60.1,100.0,3,42.9,3
7,Jack Stoll,42058,TE,NO,1,0,20,59.8,100.0,2,28.6,2,57.2,0,100.0,7,7,57.1,100.0,5,71.4,5
7,Kyle Monangai,129891,HB,CHI,1,0,6,60.0,33.3,1,14.3,3,59.9,0,35.0,7,20,,0.0,0,0.0,11
7,Efton Chism III,141521,WR,NE,1,0,19,53.5,100.0,4,66.7,4,55.2,0,100.0,6,6,,,0,0.0,0
7,Darren Waller,9637,TE,MIA,1,0,17,59.7,100.0,3,50.0,3,36.4,0,100.0,6,6,60.0,100.0,3,50.0,3
7,Devaughn Vele,100637,WR,NO,1,0,20,53.1,100.0,4,66.7,4,53.2,0,100.0,6,6,59.8,100.0,2,33.3,2
7,Troy Franklin,146567,WR,DEN,1,0,10,60.5,100.0,5,83.3,5,55.9,0,100.0,6,6,60.0,100.0,1,16.7,1
7,Marcus Mariota,9435,QB,WAS,1,0,32,60.0,66.7,4,66.7,6,60.0,0,75.0,6,8,60.0,100.0,2,33.3,2
7,Spencer Anderson,81719,G,PIT,1,0,25,,,0,0.0,0,68.6,0,100.0,6,6,68.6,100.0,6,100.0,6
7,Marquise Brown,61568,WR,KC,1,0,16,,,0,0.0,0,61.0,0,100.0,6,6,61.0,100.0,6,100.0,6
7,Dontayvion Wicks,99711,WR,GB,1,0,12,58.8,100.0,2,33.3,2,56.1,0,100.0,6,6,57.0,100.0,4,66.7,4
7,Joshua Dobbs,11890,QB,NE,1,0,19,60.0,100.0,5,83.3,5,60.0,0,75.0,6,8,60.0,100.0,1,16.7,1
7,Hunter Luepke,91319,FB,DAL,1,0,9,66.6,100.0,3,50.0,3,65.0,0,100.0,6,6,60.0,100.0,1,16.7,1
7,Braxton Berrios,47961,WR,HST,1,0,13,60.0,100.0,3,50.0,3,60.0,0,100.0,6,6,60.0,100.0,3,50.0,3
7,Emeka Egbuka,145055,WR,TB,1,0,30,59.7,100.0,3,50.0,3,60.0,0,100.0,6,6,60.0,100.0,3,50.0,3
7,Chigoziem Okonkwo,84000,TE,TEN,1,0,31,55.0,100.0,2,33.3,2,67.1,0,100.0,6,6,70.5,100.0,3,50.0,3
7,John FitzPatrick,83974,TE,GB,1,0,12,60.8,100.0,4,66.7,4,59.9,0,100.0,6,6,60.0,100.0,1,16.7,1
7,Marvin Mims Jr.,122937,WR,DEN,1,0,10,,,0,0.0,0,60.7,0,85.7,6,7,60.7,100.0,6,100.0,6
7,David Sills V,34579,WR,ATL,1,0,2,58.2,100.0,2,33.3,2,58.1,0,100.0,6,6,60.1,100.0,3,50.0,3
7,Jaylin Noel,125155,WR,HST,1,0,13,59.3,100.0,2,40.0,2,59.1,0,100.0,5,5,59.8,100.0,3,60.0,3
7,Ben Brown,59869,G,NE,1,0,19,57.9,100.0,3,60.0,3,58.2,0,100.0,5,5,,,0,0.0,0
7,Dyami Brown,77986,WR,JAX,1,0,15,54.7,100.0,3,60.0,3,47.7,0,100.0,5,5,,,0,0.0,0
7,Vederian Lowe,59741,T,NE,1,0,19,55.8,100.0,3,60.0,3,56.4,0,100.0,5,5,,,0,0.0,0
7,Travis Etienne Jr.,57185,HB,JAX,1,0,15,60.0,25.0,1,20.0,4,74.1,0,35.7,5,14,60.0,16.7,1,20.0,6
7,Scott Matlock,82482,FB,LAC,1,0,27,60.0,100.0,1,20.0,1,58.2,0,100.0,5,5,59.6,100.0,3,60.0,3
7,Tucker Fisk,52286,TE,LAC,1,0,27,59.7,100.0,2,40.0,2,51.2,0,100.0,5,5,53.4,100.0,2,40.0,2
7,Jeremy Ruckert,84029,TE,NYJ,1,0,22,60.0,100.0,1,20.0,1,58.1,0,100.0,5,5,57.8,100.0,4,80.0,4
7,Trent Sherfield,48021,WR,DEN,1,0,10,59.9,100.0,4,80.0,4,59.2,0,100.0,5,5,,,0,0.0,0
7,KaVontae Turpin,47658,WR,DAL,1,0,9,59.8,100.0,3,60.0,3,60.4,0,100.0,5,5,60.0,100.0,2,40.0,2
7,Adam Prentice,35639,FB,DEN,1,0,10,56.8,100.0,4,80.0,4,56.3,0,100.0,5,5,60.0,100.0,1,20.0,1
7,E.J. Jenkins,109834,TE,PHI,1,0,24,,,0,0.0,0,57.4,0,100.0,5,5,57.7,100.0,3,60.0,3
7,Marcus Bryant,121917,T,NE,1,0,19,57.5,100.0,3,60.0,3,57.7,0,100.0,5,5,,,0,0.0,0
7,Trent Scott,24481,T,WAS,1,0,32,70.2,100.0,4,80.0,4,69.6,0,100.0,5,5,60.0,100.0,1,20.0,1
7,Tez Johnson,123709,WR,TB,1,0,30,59.5,100.0,3,60.0,3,58.8,0,100.0,5,5,59.8,100.0,2,40.0,2
7,Kyle Williams,128374,WR,NE,1,0,19,60.0,100.0,4,80.0,4,59.6,0,100.0,5,5,60.0,100.0,1,20.0,1
7,Cam Grandy,134552,TE,CIN,1,0,7,,,0,0.0,0,59.6,0,100.0,5,5,59.5,100.0,2,40.0,2
7,Brashard Smith,143951,HB,KC,1,0,16,,,0,0.0,0,60.0,0,26.3,5,19,,0.0,0,0.0,14
7,Jimmy Horn Jr.,144483,WR,CAR,1,0,5,60.0,100.0,2,40.0,2,58.3,0,83.3,5,6,58.3,100.0,3,60.0,3
7,Kameron Johnson,165866,WR,TB,1,0,30,60.0,100.0,2,40.0,2,60.6,0,100.0,5,5,60.0,100.0,2,40.0,2
7,Tyler Lockett,9502,WR,TEN,1,0,31,60.0,100.0,2,40.0,2,60.3,0,100.0,5,5,59.7,100.0,3,60.0,3
7,Trey Smith,62960,G,KC,1,0,16,,,0,0.0,0,34.4,0,100.0,5,5,46.3,100.0,4,80.0,4
7,Nico Collins,61441,WR,HST,1,0,13,60.0,100.0,2,40.0,2,58.9,0,100.0,5,5,58.1,100.0,3,60.0,3
7,Ryan Miller,78734,WR,TB,1,0,30,52.9,100.0,3,75.0,3,76.8,0,100.0,4,4,60.0,100.0,1,25.0,1
7,Ben Skowronek,27948,WR,PIT,1,0,25,60.0,100.0,1,25.0,1,54.0,0,100.0,4,4,60.2,100.0,3,75.0,3
7,Dan Skipper,12307,T,DET,1,0,11,57.5,100.0,3,75.0,3,57.2,0,100.0,4,4,,,0,0.0,0
7,Tyrod Taylor,6332,QB,NYJ,1,0,22,60.0,100.0,1,25.0,1,60.0,0,100.0,4,4,60.0,100.0,3,75.0,3
7,Zach Charbonnet,97630,HB,SEA,1,0,29,,0.0,0,0.0,4,60.0,0,25.0,4,16,,0.0,0,0.0,7
7,Alex Cappa,66578,C,LV,1,0,23,,,0,0.0,0,46.1,1,100.0,4,4,46.1,100.0,4,100.0,4
7,Nick Zakelj,59693,G,SF,1,0,28,60.0,100.0,1,25.0,1,48.6,0,100.0,4,4,48.8,100.0,3,75.0,3
7,Juice Scruggs,81800,G,HST,1,0,13,60.0,100.0,1,25.0,1,66.1,0,100.0,4,4,68.1,100.0,3,75.0,3
7,D'Wayne Eskridge,29573,WR,MIA,1,0,17,71.8,100.0,3,75.0,3,73.3,0,100.0,4,4,,,0,0.0,0
7,Jake Tonges,60864,TE,SF,1,0,28,,,0,0.0,0,51.8,0,100.0,4,4,52.5,100.0,2,50.0,2
7,Jalen Travis,155412,T,IND,1,0,14,,,0,0.0,0,59.6,0,100.0,4,4,59.4,100.0,1,25.0,1
7,Cam Skattebo,147787,HB,NYG,1,0,21,60.0,11.1,1,25.0,9,60.0,0,19.0,4,21,,0.0,0,0.0,8
7,Jacory Croskey-Merritt,102382,HB,WAS,1,0,32,57.2,27.3,3,75.0,11,57.0,0,23.5,4,17,60.0,16.7,1,25.0,6
7,Jack Bech,146771,WR,LV,1,0,23,,,0,0.0,0,30.8,1,100.0,4,4,53.1,100.0,4,100.0,4
7,Teven Jenkins,41534,G,CLV,1,0,8,84.2,100.0,3,75.0,3,83.9,0,100.0,4,4,,,0,0.0,0
7,Harrison Bryant,26394,TE,HST,1,0,13,60.0,100.0,1,25.0,1,78.1,0,100.0,4,4,60.2,100.0,3,75.0,3
7,David Quessenberry,7957,T,LA,1,0,26,,,0,0.0,0,60.0,0,100.0,3,3,,,0,0.0,0
7,Dalton Tucker,81717,G,IND,1,0,14,,,0,0.0,0,60.0,0,100.0,3,3,,,0,0.0,0
7,Isiah Pacheco,83747,HB,KC,1,0,16,,,0,0.0,0,60.0,0,16.7,3,18,,0.0,0,0.0,15
7,Rico Dowdle,40693,HB,CAR,1,0,5,,0.0,0,0.0,12,60.0,0,15.0,3,20,,0.0,0,0.0,5
7,Ross Dwelley,20994,TE,DET,1,0,11,60.0,100.0,2,66.7,2,60.0,0,100.0,3,3,60.0,100.0,1,33.3,1
7,Justin Dedich,83018,G,LA,1,0,26,,,0,0.0,0,60.0,0,100.0,3,3,,,0,0.0,0
7,Tyler Johnson,48054,WR,NYJ,1,0,22,,,0,0.0,0,60.2,0,100.0,3,3,60.0,100.0,2,66.7,2
7,Demario Douglas,104155,WR,NE,1,0,19,,,0,0.0,0,60.3,0,100.0,3,3,60.3,100.0,3,100.0,3
7,Casey Washington,101710,WR,ATL,1,0,2,55.7,100.0,2,66.7,2,53.4,0,100.0,3,3,60.0,100.0,1,33.3,1
7,D.J. Humphries,9457,T,LA,1,0,26,,,0,0.0,0,60.0,0,100.0,3,3,,,0,0.0,0
7,C.J. Ham,11347,FB,MIN,1,0,18,,,0,0.0,0,58.8,0,100.0,3,3,58.8,100.0,2,66.7,2
7,Scott Miller,47481,WR,PIT,1,0,25,60.0,100.0,1,33.3,1,59.1,0,100.0,3,3,59.5,100.0,2,66.7,2
7,Foster Sarell,52272,G,LAC,1,0,27,60.0,100.0,1,33.3,1,47.5,0,100.0,3,3,47.7,100.0,2,66.7,2
7,David Martin-Robinson,77892,TE,TEN,1,0,31,60.0,100.0,1,33.3,1,59.7,0,100.0,3,3,59.8,100.0,2,66.7,2
7,Tanner Conner,22777,TE,MIA,1,0,17,60.1,100.0,2,66.7,2,60.1,0,100.0,3,3,,,0,0.0,0
7,Danny Pinter,47339,C,IND,1,0,14,,,0,0.0,0,60.0,0,100.0,3,3,,,0,0.0,0
7,Brian Robinson,57120,HB,SF,1,0,28,,0.0,0,0.0,4,60.0,0,25.0,3,12,,0.0,0,0.0,5
7,DJ Giddens,144595,HB,IND,1,0,14,,,0,0.0,0,60.0,0,100.0,3,3,,,0,0.0,0
7,Isaac TeSlaa,172430,WR,DET,1,0,11,,,0,0.0,0,59.6,0,100.0,3,3,60.0,100.0,2,66.7,2
7,Andrew Beck,47121,FB,NYJ,1,0,22,60.0,100.0,1,33.3,1,61.1,0,100.0,3,3,64.2,100.0,2,66.7,2
7,Chase Brown,77787,HB,CIN,1,0,7,,0.0,0,0.0,6,60.0,0,20.0,3,15,,0.0,0,0.0,5
7,KhaDarel Hodge,26104,WR,ATL,1,0,2,60.0,100.0,1,50.0,1,52.9,0,100.0,2,2,53.0,100.0,1,50.0,1
7,Terrell Jennings,102408,HB,NE,1,0,19,,0.0,0,0.0,4,60.0,0,28.6,2,7,,0.0,0,0.0,1
7,Keenan Allen,7857,WR,LAC,1,0,27,,,0,0.0,0,30.8,0,100.0,2,2,60.0,100.0,1,50.0,1
7,Kimani Vidal,123727,HB,LAC,1,0,27,,0.0,0,0.0,1,60.0,0,18.2,2,11,,0.0,0,0.0,8
7,Andrew Wylie,12333,G,WAS,1,0,32,60.0,100.0,1,50.0,1,58.6,0,100.0,2,2,60.0,100.0,1,50.0,1
7,Dylan Sampson,163772,HB,CLV,1,0,8,,0.0,0,0.0,2,60.0,0,40.0,2,5,60.0,50.0,1,50.0,2
7,Jeremy McNichols,11917,HB,WAS,1,0,32,64.9,100.0,2,100.0,2,64.9,0,50.0,2,4,,0.0,0,0.0,2
7,Samaje Perine,11869,HB,CIN,1,0,7,,0.0,0,0.0,3,60.0,0,22.2,2,9,60.0,20.0,1,50.0,5
7,Cole Van Lanen,41583,T,JAX,1,0,15,69.6,100.0,2,100.0,2,69.6,0,100.0,2,2,,,0,0.0,0
7,Alvin Kamara,11822,HB,NO,1,0,20,60.0,50.0,2,100.0,4,60.0,0,15.4,2,13,,0.0,0,0.0,9
7,Evan Engram,11778,TE,DEN,1,0,10,,,0,0.0,0,41.2,0,100.0,2,2,60.5,100.0,2,100.0,2
7,Saquon Barkley,45791,HB,PHI,1,0,24,,0.0,0,0.0,5,60.0,0,9.5,2,21,,0.0,0,0.0,14
7,Christian McCaffrey,11763,HB,SF,1,0,28,,0.0,0,0.0,12,60.0,0,7.7,2,26,,0.0,0,0.0,12
7,Chimere Dike,129918,WR,TEN,1,0,31,,,0,0.0,0,60.0,0,66.7,2,3,60.0,100.0,2,100.0,2
7,Isaiah Davis,138299,HB,NYJ,1,0,22,,0.0,0,0.0,1,59.9,0,50.0,2,4,60.0,50.0,1,50.0,2
7,Bam Knight,97432,HB,ARZ,1,0,1,,0.0,0,0.0,10,60.0,0,11.8,2,17,,0.0,0,0.0,5
7,Beaux Collins,144112,WR,NYG,1,0,21,60.0,100.0,1,50.0,1,60.0,0,100.0,2,2,,,0,0.0,0
7,Kenny Pickett,60515,QB,LV,1,0,23,,,0,0.0,0,60.0,0,66.7,2,3,60.0,66.7,2,100.0,3
7,Devin Culp,84080,TE,TB,1,0,30,,,0,0.0,0,60.0,0,100.0,2,2,60.0,100.0,1,50.0,1
7,Sterling Shepard,10674,WR,TB,1,0,30,60.0,100.0,1,50.0,1,59.8,0,100.0,2,2,60.0,100.0,1,50.0,1
7,Tyler Badie,83714,HB,DEN,1,0,10,60.0,100.0,1,50.0,1,60.0,0,100.0,2,2,,,0,0.0,0
7,Cameron Latu,82647,TE,PHI,1,0,24,,,0,0.0,0,70.9,0,100.0,2,2,70.9,100.0,2,100.0,2
7,J.K. Dobbins,57366,HB,DEN,1,0,10,60.0,12.5,1,50.0,8,60.0,0,12.5,2,16,,0.0,0,0.0,7
7,Jaydon Blue,157303,HB,DAL,1,0,9,,0.0,0,0.0,3,60.0,0,22.2,2,9,,0.0,0,0.0,4
7,Trevor Etienne,157730,HB,CAR,1,0,5,,,0,0.0,0,60.0,0,100.0,2,2,,,0,0.0,0
7,Ollie Gordon II,157792,HB,MIA,1,0,17,59.9,33.3,2,100.0,6,59.9,0,28.6,2,7,,0.0,0,0.0,1
7,Mike Evans,8642,WR,TB,1,0,30,60.0,100.0,2,100.0,2,60.0,0,100.0,2,2,,,0,0.0,0
7,Adam Thielen,8288,WR,MIN,1,0,18,,,0,0.0,0,59.8,0,100.0,2,2,59.8,100.0,2,100.0,2
7,Carter Runyon,177002,TE,LV,1,0,23,61.1,100.0,1,50.0,1,67.1,0,100.0,2,2,60.0,100.0,1,50.0,1
7,Josh Jones,26634,T,SEA,1,0,29,60.0,100.0,1,50.0,1,60.1,0,100.0,2,2,60.0,100.0,1,50.0,1
7,Thomas Fidone II,144997,TE,NYG,1,0,21,60.0,100.0,1,100.0,1,60.0,0,100.0,1,1,,,0,0.0,0
7,Shedrick Jackson,84136,WR,LV,1,0,23,,,0,0.0,0,60.0,0,100.0,1,1,60.0,100.0,1,100.0,1
7,British Brooks,77714,FB,HST,1,0,13,,,0,0.0,0,60.0,0,100.0,1,1,60.0,100.0,1,100.0,1
7,TreVeyon Henderson,145059,HB,NE,1,0,19,,0.0,0,0.0,2,60.0,0,33.3,1,3,,,0,0.0,0
7,Greg Dortch,42237,WR,ARZ,1,0,1,59.7,100.0,1,100.0,1,59.7,0,100.0,1,1,,,0,0.0,0
7,Tank Bigsby,123974,HB,PHI,1,0,24,,,0,0.0,0,60.0,0,50.0,1,2,60.0,50.0,1,100.0,2
7,Luke Fortner,42028,C,NO,1,0,20,60.0,100.0,1,100.0,1,60.0,0,100.0,1,1,,,0,0.0,0
7,Dan Feeney,11826,G,TB,1,0,30,60.0,100.0,1,100.0,1,60.0,0,100.0,1,1,,,0,0.0,0
7,Sean Tucker,123056,HB,TB,1,0,30,,,0,0.0,0,60.0,0,50.0,1,2,,0.0,0,0.0,1
7,Hassan Haskins,83701,HB,LAC,1,0,27,,0.0,0,0.0,1,60.0,0,50.0,1,2,,,0,0.0,0
7,Chris Rodriguez Jr.,83689,HB,WAS,1,0,32,,0.0,0,0.0,2,60.0,0,25.0,1,4,,0.0,0,0.0,1
7,Chris Brooks,83644,HB,GB,1,0,12,,,0,0.0,0,60.0,0,100.0,1,1,,,0,0.0,0
7,Tyler Allgeier,83639,HB,ATL,1,0,2,,0.0,0,0.0,2,60.0,0,20.0,1,5,60.0,50.0,1,100.0,2
7,Colson Yankoff,83589,TE,WAS,1,0,32,,,0,0.0,0,60.0,0,100.0,1,1,,,0,0.0,0
7,Kareem Hunt,11841,HB,KC,1,0,16,,,0,0.0,0,60.0,0,20.0,1,5,,0.0,0,0.0,2
7,Jaylen Warren,98692,HB,PIT,1,0,25,59.7,50.0,1,100.0,2,59.7,0,5.6,1,18,,0.0,0,0.0,15
7,RJ Harvey,99622,HB,DEN,1,0,10,,0.0,0,0.0,1,60.0,0,50.0,1,2,60.0,100.0,1,100.0,1
7,Jaylen Wright,146934,HB,MIA,1,0,17,,,0,0.0,0,60.0,0,100.0,1,1,,,0,0.0,0
7,Tony Pollard,27126,HB,TEN,1,0,31,,0.0,0,0.0,2,72.4,0,14.3,1,7,,0.0,0,0.0,4
7,Tutu Atwell,77965,WR,LA,1,0,26,,,0,0.0,0,59.8,0,100.0,1,1,59.8,100.0,1,100.0,1
7,Will Putnam,99655,C,LV,1,0,23,,,0,0.0,0,60.0,0,100.0,1,1,60.0,100.0,1,100.0,1
7,Quinn Ewers,127253,QB,MIA,1,0,17,60.0,100.0,1,100.0,1,60.0,0,50.0,1,2,,,0,0.0,0
7,Connor Heyward,57301,TE,PIT,1,0,25,,,0,0.0,0,60.0,0,100.0,1,1,60.0,100.0,1,100.0,1
7,Bhayshul Tuten,150568,HB,JAX,1,0,15,,0.0,0,0.0,2,60.0,0,16.7,1,6,,0.0,0,0.0,3
7,Will Dissly,30762,TE,LAC,1,0,27,,,0,0.0,0,60.0,0,100.0,1,1,,,0,0.0,0
7,Jahmyr Gibbs,122474,HB,DET,1,0,11,,0.0,0,0.0,5,60.0,0,5.6,1,18,,0.0,0,0.0,11
7,De'Von Achane,124305,HB,MIA,1,0,17,60.0,14.3,1,100.0,7,60.0,0,7.7,1,13,,0.0,0,0.0,6
7,Xavier Newman,58525,G,NYJ,1,0,22,,,0,0.0,0,60.0,0,100.0,1,1,,,0,0.0,0
7,Xavier Weaver,101130,WR,ARZ,1,0,1,60.0,100.0,1,100.0,1,60.0,0,100.0,1,1,,,0,0.0,0
7,Aaron Stinnie,28653,G,NYG,1,0,21,60.0,100.0,1,100.0,1,60.0,0,100.0,1,1,,,0,0.0,0
7,Ashton Jeanty,157196,HB,LV,1,0,23,,0.0,0,0.0,1,60.0,0,11.1,1,9,60.0,12.5,1,100.0,8
7,Max Mitchell,81707,T,NYJ,1,0,22,,,0,0.0,0,60.0,0,100.0,1,1,60.0,100.0,1,100.0,1
7,Mason Kinsey,115664,WR,TEN,1,0,31,,,0,0.0,0,60.0,0,100.0,1,1,60.0,100.0,1,100.0,1
7,Dareke Young,111900,WR,SEA,1,0,29,,,0,0.0,0,59.2,0,100.0,1,1,,,0,0.0,0
7,Bijan Robinson,123126,HB,ATL,1,0,2,,0.0,0,0.0,4,60.0,0,7.1,1,14,,0.0,0,0.0,9
7,Mason Tipton,109617,WR,NO,1,0,20,,,0,0.0,0,60.0,0,100.0,1,1,60.0,100.0,1,100.0,1
7,Savion Williams,123101,WR,GB,1,0,12,,,0,0.0,0,60.0,0,100.0,1,1,,,0,0.0,0
7,Kyren Williams,97118,HB,LA,1,0,26,,0.0,0,0.0,6,60.0,0,7.7,1,13,,0.0,0,0.0,6
7,Dylan Laube,88664,HB,LV,1,0,23,,,0,0.0,0,60.0,0,33.3,1,3,60.0,33.3,1,100.0,3
7,Taysom Hill,12112,TE,NO,1,0,20,60.0,33.3,1,100.0,3,60.0,0,33.3,1,3,,,0,0.0,0
7,Will Shipley,144138,HB,PHI,1,0,24,,,0,0.0,0,60.0,0,100.0,1,1,,,0,0.0,0
7,Calvin Throckmorton,28238,G,DEN,1,0,10,60.0,100.0,1,100.0,1,60.0,0,100.0,1,1,,,0,0.0,0
7,Devin Neal,144558,HB,NO,1,0,20,60.0,100.0,1,100.0,1,60.0,0,50.0,1,2,,0.0,0,0.0,1
7,Charles Grant,142410,T,LV,1,0,23,,,0,0.0,0,60.0,0,100.0,1,1,60.0,100.0,1,100.0,1
7,Breece Hall,97636,HB,NYJ,1,0,22,60.0,25.0,1,100.0,4,60.0,0,9.1,1,11,,0.0,0,0.0,7
7,Benjamin Yurosek,131786,TE,MIN,1,0,18,63.1,100.0,1,100.0,1,63.1,0,100.0,1,1,,,0,0.0,0
7,Javonte Williams,77803,HB,DAL,1,0,9,,0.0,0,0.0,12,60.0,0,5.0,1,20,60.0,12.5,1,100.0,8
7,Justin Shorter,84376,WR,LV,1,0,23,,,0,0.0,0,60.0,0,100.0,1,1,60.0,100.0,1,100.0,1
7,Alex Bachman,47996,WR,LV,1,0,23,,,0,0.0,0,60.0,0,100.0,1,1,60.0,100.0,1,100.0,1
7,Tyrone Tracy,84226,HB,NYG,1,0,21,59.9,20.0,1,100.0,5,59.9,0,10.0,1,10,,0.0,0,0.0,5
7,Cooper DeJean,144867,CB,PHI,1,0,24,,,0,0.0,0,60.0,0,100.0,1,1,,,0,0.0,0
week,player,player_id,position,team_name,player_game_count,declined_penalties,franchise_id,gap_grades_run_block,gap_run_block_percent,gap_snap_counts_run_block,gap_snap_counts_run_block_percent,gap_snap_counts_run_play,grades_run_block,penalties,run_block_percent,snap_counts_run_block,snap_counts_run_play,zone_grades_run_block,zone_run_block_percent,zone_snap_counts_run_block,zone_snap_counts_run_block_percent,zone_snap_counts_run_play
8,Jonah Savaiinaea,158742,G,MIA,1,0,17,57.9,100.0,21,55.3,21,56.1,0,100.0,38,38,55.9,100.0,17,44.7,17
8,Larry Borom,59879,T,MIA,1,0,17,75.4,100.0,21,55.3,21,62.4,0,100.0,38,38,48.0,100.0,17,44.7,17
8,Justin Herbert,28237,QB,LAC,1,0,27,60.0,100.0,19,51.4,19,60.0,0,100.0,37,37,60.0,100.0,18,48.6,18
8,Bobby Hart,9659,T,LAC,1,0,27,51.0,100.0,19,51.4,19,51.3,0,100.0,37,37,55.5,100.0,18,48.6,18
8,O'Cyrus Torrence,102821,G,BUF,1,0,4,47.8,100.0,12,32.4,12,51.5,0,100.0,37,37,50.1,100.0,22,59.5,22
8,Zion Johnson,99681,G,LAC,1,0,27,49.8,100.0,19,51.4,19,56.3,0,100.0,37,37,64.4,100.0,18,48.6,18
8,Spencer Brown,42296,T,BUF,1,0,4,62.6,100.0,12,32.4,12,81.1,1,100.0,37,37,81.5,100.0,22,59.5,22
8,Bradley Bozeman,27934,C,LAC,1,0,27,57.4,100.0,19,51.4,19,50.2,0,100.0,37,37,48.4,100.0,18,48.6,18
8,Andrew Vorhees,60818,G,BLT,1,0,3,53.9,100.0,10,28.6,10,52.4,0,100.0,35,35,53.8,100.0,22,62.9,22
8,Foster Sarell,52272,G,LAC,1,0,27,55.8,100.0,17,48.6,17,52.7,0,100.0,35,35,53.0,100.0,18,51.4,18
8,Ed Ingram,59819,G,HST,1,0,13,72.4,100.0,16,45.7,16,65.4,0,100.0,35,35,49.4,100.0,11,31.4,11
8,Tyler Linderbaum,82291,C,BLT,1,0,3,68.9,100.0,10,28.6,10,76.5,0,100.0,35,35,75.2,100.0,22,62.9,22
8,Ronnie Stanley,10640,T,BLT,1,0,3,54.4,100.0,10,28.6,10,70.4,0,100.0,35,35,71.5,100.0,22,62.9,22
8,Aireontae Ersery,129649,T,HST,1,0,13,76.6,100.0,16,45.7,16,67.0,0,100.0,35,35,55.6,100.0,11,31.4,11
8,Daniel Faalele,81734,G,BLT,1,0,3,62.7,100.0,10,28.6,10,68.4,0,100.0,35,35,69.1,100.0,22,62.9,22
8,Tytus Howard,25472,G,HST,1,0,13,51.6,100.0,16,45.7,16,50.3,0,100.0,35,35,52.5,100.0,11,31.4,11
8,Jake Andrews,81868,C,HST,1,0,13,63.3,100.0,16,45.7,16,66.5,1,100.0,35,35,75.9,100.0,11,31.4,11
8,Roger Rosengarten,131912,T,BLT,1,0,3,61.6,100.0,10,28.6,10,68.0,0,100.0,35,35,68.9,100.0,22,62.9,22
8,Tucker Fisk,52286,TE,LAC,1,0,27,59.5,100.0,18,52.9,18,55.9,0,100.0,34,34,52.5,100.0,16,47.1,16
8,Zay Flowers,97268,WR,BLT,1,0,3,61.1,90.0,9,27.3,10,61.3,0,97.1,33,34,61.0,100.0,22,66.7,22
8,Olumuyiwa Fashanu,129777,T,NYJ,1,0,22,58.3,100.0,13,40.6,13,58.6,0,100.0,32,32,60.3,100.0,15,46.9,15
8,Aaron Brewer,46014,C,MIA,1,0,17,64.2,100.0,18,56.3,18,73.7,0,100.0,32,32,73.7,100.0,14,43.8,14
8,Cole Strange,22976,G,MIA,1,0,17,56.8,100.0,18,56.3,18,61.3,0,100.0,32,32,65.8,100.0,14,43.8,14
8,John Simpson,41715,G,NYJ,1,0,22,67.6,100.0,13,40.6,13,53.8,0,100.0,32,32,53.9,100.0,15,46.9,15
8,Tua Tagovailoa,60326,QB,MIA,1,0,17,60.0,100.0,18,56.3,18,60.0,0,100.0,32,32,60.0,100.0,14,43.8,14
8,Patrick Paul,101019,T,MIA,1,0,17,57.1,100.0,18,56.3,18,71.0,0,100.0,32,32,82.3,100.0,14,43.8,14
8,Joe Tippmann,101568,G,NYJ,1,0,22,56.3,100.0,13,40.6,13,56.5,0,100.0,32,32,68.3,100.0,15,46.9,15
8,Josh Myers,59992,C,NYJ,1,0,22,54.6,100.0,13,40.6,13,56.1,0,100.0,32,32,59.8,100.0,15,46.9,15
8,Armand Membou,125008,T,NYJ,1,0,22,61.0,100.0,13,40.6,13,70.6,0,100.0,32,32,76.3,100.0,15,46.9,15
8,Garrett Bradbury,46013,C,NE,1,0,19,60.0,100.0,16,51.6,16,63.2,0,100.0,31,31,65.1,100.0,8,25.8,8
8,Graham Barton,122367,C,TB,1,0,30,60.4,100.0,23,74.2,23,51.7,0,100.0,31,31,45.2,100.0,8,25.8,8
8,Will Campbell,157106,T,NE,1,0,19,75.4,100.0,16,51.6,16,70.7,0,100.0,31,31,49.4,100.0,8,25.8,8
8,Dan Feeney,11826,G,TB,1,0,30,70.1,100.0,23,74.2,23,65.1,0,100.0,31,31,53.2,100.0,8,25.8,8
8,Tre Harris,122676,WR,LAC,1,0,27,58.6,100.0,17,54.8,17,59.1,0,100.0,31,31,60.1,100.0,14,45.2,14
8,Joe Alt,147481,T,LAC,1,0,27,53.7,100.0,14,45.2,14,76.1,0,100.0,31,31,86.4,100.0,17,54.8,17
8,Charlie Heck,36501,T,TB,1,0,30,61.8,100.0,23,74.2,23,53.7,0,100.0,31,31,43.8,100.0,8,25.8,8
8,Tristan Wirfs,64818,T,TB,1,0,30,47.5,100.0,23,74.2,23,58.8,0,100.0,31,31,65.9,100.0,8,25.8,8
8,Jared Wilson,146717,G,NE,1,0,19,63.7,100.0,16,51.6,16,61.6,0,100.0,31,31,57.2,100.0,8,25.8,8
8,Mike Onwenu,27357,G,NE,1,0,19,53.0,100.0,16,51.6,16,54.0,0,100.0,31,31,57.5,100.0,8,25.8,8
8,Ben Bredeson,27305,G,TB,1,0,30,54.8,100.0,23,74.2,23,59.8,1,100.0,31,31,68.3,100.0,8,25.8,8
8,C.J. Stroud,129759,QB,HST,1,0,13,60.0,100.0,16,51.6,16,60.0,0,88.6,31,35,60.0,100.0,11,35.5,11
8,Morgan Moses,8701,T,NE,1,0,19,63.5,100.0,16,51.6,16,72.2,0,100.0,31,31,68.1,100.0,8,25.8,8
8,Dion Dawkins,11818,T,BUF,1,0,4,56.3,100.0,10,33.3,10,63.3,0,100.0,30,30,67.1,100.0,17,56.7,17
8,David Edwards,35941,G,BUF,1,0,4,53.0,100.0,10,33.3,10,71.5,0,100.0,30,30,80.5,100.0,17,56.7,17
8,Connor McGovern,41714,C,BUF,1,0,4,76.3,100.0,10,33.3,10,90.0,0,100.0,30,30,84.3,100.0,17,56.7,17
8,Jordan Mailata,66916,T,PHI,1,0,24,56.8,100.0,19,63.3,19,53.4,0,100.0,30,30,51.6,100.0,7,23.3,7
8,Tyler Steen,81921,G,PHI,1,0,24,72.7,100.0,19,63.3,19,85.4,0,100.0,30,30,75.1,100.0,7,23.3,7
8,Cade Otton,61071,TE,TB,1,0,30,55.2,100.0,22,75.9,22,49.9,0,100.0,29,29,47.6,100.0,7,24.1,7
8,Jayden Higgins,150240,WR,HST,1,0,13,60.6,100.0,16,55.2,16,60.9,0,100.0,29,29,61.0,100.0,8,27.6,8
8,Baker Mayfield,46518,QB,TB,1,0,30,60.0,100.0,23,79.3,23,60.0,0,100.0,29,29,60.0,100.0,6,20.7,6
8,Garett Bolles,11775,T,DEN,1,0,10,66.1,100.0,21,75.0,21,67.8,0,100.0,28,28,65.5,100.0,5,17.9,5
8,Brock Hoffman,54535,C,DAL,1,0,9,53.5,100.0,7,25.0,7,55.2,0,100.0,28,28,59.6,100.0,18,64.3,18
8,Terence Steele,39461,T,DAL,1,0,9,50.8,100.0,7,25.0,7,55.7,0,100.0,28,28,71.8,100.0,18,64.3,18
8,Alex Palczewski,59738,G,DEN,1,0,10,49.6,100.0,21,75.0,21,54.2,0,100.0,28,28,67.0,100.0,5,17.9,5
8,Tyler Booker,157001,G,DAL,1,0,9,90.5,100.0,7,25.0,7,86.3,0,100.0,28,28,73.5,100.0,18,64.3,18
8,Drake Maye,143969,QB,NE,1,0,19,60.0,100.0,16,57.1,16,60.0,0,90.3,28,31,60.0,100.0,8,28.6,8
8,Rashod Bateman,84296,WR,BLT,1,0,3,60.1,100.0,7,25.0,7,74.9,0,100.0,28,28,77.1,100.0,20,71.4,20
8,Scott Matlock,82482,FB,LAC,1,0,27,59.7,100.0,15,53.6,15,52.3,0,100.0,28,28,49.6,100.0,13,46.4,13
8,Tyler Huntley,46448,QB,BLT,1,0,3,60.0,90.0,9,32.1,10,60.3,0,80.0,28,35,60.2,86.4,19,67.9,22
8,Josh Allen,46601,QB,BUF,1,0,4,60.0,90.0,9,34.6,10,60.0,0,86.7,26,30,60.0,100.0,17,65.4,17
8,Zach Tom,55443,T,GB,1,0,12,76.1,100.0,10,38.5,10,94.8,0,100.0,26,26,95.2,100.0,15,57.7,15
8,Brett Toth,46848,C,PHI,1,0,24,89.9,100.0,18,69.2,18,91.7,0,100.0,26,26,69.3,100.0,7,26.9,7
8,Keon Coleman,144949,WR,BUF,1,0,4,60.8,100.0,12,46.2,12,68.2,0,100.0,26,26,54.6,100.0,11,42.3,11
8,Jaylen Waddle,84088,WR,MIA,1,0,17,54.4,100.0,16,61.5,16,52.4,0,100.0,26,26,55.2,100.0,10,38.5,10
8,Elgton Jenkins,46298,C,GB,1,0,12,63.7,100.0,10,38.5,10,63.7,0,100.0,26,26,61.7,100.0,15,57.7,15
8,Lane Johnson,7786,T,PHI,1,0,24,67.5,100.0,18,69.2,18,70.4,0,100.0,26,26,68.8,100.0,7,26.9,7
8,Jaylon Moore,43678,T,KC,1,0,16,60.1,100.0,13,50.0,13,62.5,0,100.0,26,26,66.7,100.0,9,34.6,9
8,Aaron Banks,59983,G,GB,1,0,12,60.7,100.0,10,38.5,10,66.9,0,100.0,26,26,68.2,100.0,15,57.7,15
8,Justin Fields,82118,QB,NYJ,1,0,22,60.0,92.3,12,46.2,13,60.0,0,81.3,26,32,60.0,86.7,13,50.0,15
8,Landon Dickerson,41712,G,PHI,1,0,24,83.3,100.0,18,69.2,18,85.7,0,100.0,26,26,74.8,100.0,7,26.9,7
8,Jackson Hawes,109374,TE,BUF,1,0,4,41.5,100.0,6,23.1,6,57.0,0,100.0,26,26,62.4,100.0,19,73.1,19
8,Adam Trautman,109795,TE,DEN,1,0,10,65.8,100.0,19,73.1,19,60.6,0,100.0,26,26,48.8,100.0,5,19.2,5
8,Mike Caliendo,41446,G,KC,1,0,16,61.1,100.0,13,50.0,13,77.0,0,100.0,26,26,90.1,100.0,9,34.6,9
8,Tyler Guyton,123076,T,DAL,1,0,9,83.4,100.0,7,28.0,7,74.7,0,100.0,25,25,56.3,100.0,15,60.0,15
8,Payne Durham,84037,TE,TB,1,0,30,57.2,100.0,22,88.0,22,52.7,0,100.0,25,25,47.3,100.0,3,12.0,3
8,Emeka Egbuka,145055,WR,TB,1,0,30,56.2,100.0,17,68.0,17,55.9,0,100.0,25,25,58.1,100.0,8,32.0,8
8,Jalen Hurts,40291,QB,PHI,1,0,24,60.0,100.0,18,72.0,18,60.0,0,96.2,25,26,60.0,100.0,7,28.0,7
8,Jordan Love,40306,QB,GB,1,0,12,60.0,100.0,10,40.0,10,60.0,0,96.2,25,26,60.0,100.0,15,60.0,15
8,Patrick Mahomes,11765,QB,KC,1,0,16,60.1,100.0,13,52.0,13,60.0,0,96.2,25,26,60.0,100.0,9,36.0,9
8,Ikem Ekwonu,98286,T,CAR,1,0,5,64.7,100.0,8,32.0,8,79.4,0,100.0,25,25,82.3,100.0,15,60.0,15
8,Nick Westbrook-Ikhine,47861,WR,MIA,1,0,17,67.9,100.0,15,60.0,15,48.2,0,100.0,25,25,54.9,100.0,10,40.0,10
8,Damien Lewis,81532,G,CAR,1,0,5,87.1,100.0,8,32.0,8,86.3,0,100.0,25,25,74.8,100.0,15,60.0,15
8,Creed Humphrey,59996,C,KC,1,0,16,61.0,100.0,13,52.0,13,72.5,1,100.0,25,25,70.4,100.0,9,36.0,9
8,Kingsley Suamataia,146558,G,KC,1,0,16,54.8,100.0,13,52.0,13,54.2,0,100.0,25,25,77.0,100.0,9,36.0,9
8,Luke Wattenberg,41024,C,DEN,1,0,10,67.3,100.0,20,83.3,20,65.4,0,100.0,24,24,58.1,100.0,3,12.5,3
8,Kevin Zeitler,7032,G,TEN,1,0,31,55.5,100.0,12,50.0,12,58.4,0,100.0,24,24,62.0,100.0,11,45.8,11
8,Peter Skoronski,129737,G,TEN,1,0,31,81.7,100.0,12,50.0,12,88.2,0,100.0,24,24,80.7,100.0,11,45.8,11
8,Tucker Kraft,104034,TE,GB,1,0,12,72.9,100.0,10,41.7,10,77.0,0,100.0,24,24,71.7,100.0,13,54.2,13
8,Austin Hooper,10715,TE,NE,1,0,19,65.1,100.0,13,54.2,13,63.3,0,100.0,24,24,59.6,100.0,6,25.0,6
8,DeVonta Smith,61100,WR,PHI,1,0,24,60.3,100.0,16,66.7,16,56.9,0,100.0,24,24,54.9,100.0,7,29.2,7
8,Mike McGlinchey,46275,T,DEN,1,0,10,47.9,100.0,20,83.3,20,54.8,1,100.0,24,24,72.3,100.0,3,12.5,3
8,Mack Hollins,11873,WR,NE,1,0,19,47.5,100.0,13,54.2,13,47.1,0,100.0,24,24,55.1,100.0,7,29.2,7
8,JC Latham,146596,T,TEN,1,0,31,54.1,100.0,12,50.0,12,67.8,0,100.0,24,24,77.3,100.0,11,45.8,11
8,Lloyd Cushenberry III,41924,C,TEN,1,0,31,65.4,100.0,12,50.0,12,59.6,0,100.0,24,24,54.3,100.0,11,45.8,11
8,Quinn Meinerz,112915,G,DEN,1,0,10,93.5,100.0,20,83.3,20,91.5,0,100.0,24,24,53.6,100.0,3,12.5,3
8,Dan Moore Jr.,60120,T,TEN,1,0,31,53.5,100.0,12,50.0,12,47.6,0,100.0,24,24,47.9,100.0,11,45.8,11
8,Jawaan Taylor,41665,T,KC,1,0,16,53.1,100.0,13,54.2,13,49.7,0,100.0,24,24,53.2,100.0,8,33.3,8
8,Andy Dalton,6187,QB,CAR,1,0,5,60.0,100.0,8,33.3,8,60.3,0,96.0,24,25,60.0,100.0,15,62.5,15
8,Rasheed Walker,81798,T,GB,1,0,12,68.1,100.0,9,39.1,9,51.5,0,100.0,23,23,43.2,100.0,14,60.9,14
8,Cam Ward,133244,QB,TEN,1,0,31,60.0,91.7,11,47.8,12,60.1,0,95.8,23,24,60.0,100.0,11,47.8,11
8,Tyler Smith,98385,G,DAL,1,0,9,77.4,100.0,7,30.4,7,73.2,0,100.0,23,23,65.1,100.0,13,56.5,13
8,Bo Nix,97790,QB,DEN,1,0,10,60.2,100.0,20,87.0,20,60.3,0,95.8,23,24,60.0,100.0,3,13.0,3
8,Malik Washington,97108,WR,MIA,1,0,17,53.2,100.0,11,47.8,11,55.2,0,100.0,23,23,60.2,100.0,12,52.2,12
8,Jeremy Ruckert,84029,TE,NYJ,1,0,22,45.5,100.0,9,40.9,9,63.4,0,100.0,22,22,78.6,100.0,10,45.5,10
8,Amarius Mims,146719,T,CIN,1,0,7,69.9,100.0,6,27.3,6,65.7,0,100.0,22,22,60.0,100.0,13,59.1,13
8,Orlando Brown Jr.,46227,T,CIN,1,0,7,69.5,100.0,6,27.3,6,61.9,0,100.0,22,22,57.3,100.0,13,59.1,13
8,Allen Lazard,48135,WR,NYJ,1,0,22,48.6,100.0,10,45.5,10,51.8,0,100.0,22,22,60.1,100.0,12,54.5,12
8,Jalen Rivers,122221,G,CIN,1,0,7,48.6,100.0,6,27.3,6,40.1,0,100.0,22,22,43.1,100.0,13,59.1,13
8,Ja'Marr Chase,84270,WR,CIN,1,0,7,60.5,100.0,6,27.3,6,57.0,0,100.0,22,22,60.4,100.0,13,59.1,13
8,Rashee Rice,97605,WR,KC,1,0,16,40.5,91.7,11,50.0,12,46.6,1,95.7,22,23,60.8,100.0,9,40.9,9
8,Ted Karras,10855,C,CIN,1,0,7,75.7,100.0,6,27.3,6,76.0,0,100.0,22,22,69.5,100.0,13,59.1,13
8,Oronde Gadsden II,144046,TE,LAC,1,0,27,41.0,100.0,9,40.9,9,39.0,0,100.0,22,22,47.9,100.0,13,59.1,13
8,Dak Prescott,10769,QB,DAL,1,0,9,60.0,100.0,7,31.8,7,60.0,0,95.7,22,23,60.0,100.0,13,59.1,13
8,Grant Calcaterra,60997,TE,PHI,1,0,24,66.0,100.0,12,54.5,12,69.7,0,100.0,22,22,58.3,100.0,6,27.3,6
8,Dylan Fairchild,146716,G,CIN,1,0,7,77.5,100.0,6,27.3,6,75.2,0,100.0,22,22,68.5,100.0,13,59.1,13
8,Tetairoa McMillan,158735,WR,CAR,1,0,5,60.7,100.0,6,27.3,6,60.1,0,100.0,22,22,60.0,100.0,14,63.6,14
8,Tyler Johnson,48054,WR,NYJ,1,0,22,59.0,100.0,10,45.5,10,53.0,0,100.0,22,22,79.7,100.0,12,54.5,12
8,Theo Benedet,169632,T,CHI,1,0,6,68.9,100.0,11,52.4,11,67.6,0,100.0,21,21,62.9,100.0,9,42.9,9
8,Jonah Jackson,37070,G,CHI,1,0,6,54.9,100.0,11,52.4,11,62.2,0,100.0,21,21,69.3,100.0,9,42.9,9
8,Elic Ayomanor,157263,WR,TEN,1,0,31,33.9,100.0,10,47.6,10,39.6,0,100.0,21,21,54.3,100.0,10,47.6,10
8,Drew Dalman,52270,C,CHI,1,0,6,65.8,100.0,11,52.4,11,69.9,0,100.0,21,21,69.2,100.0,9,42.9,9
8,Xavier Legette,99197,WR,CAR,1,0,5,58.9,100.0,6,28.6,6,56.1,1,100.0,21,21,56.2,100.0,13,61.9,13
8,Courtland Sutton,48164,WR,DEN,1,0,10,61.4,100.0,18,85.7,18,30.8,0,100.0,21,21,59.8,100.0,3,14.3,3
8,Darnell Wright,98480,T,CHI,1,0,6,61.8,100.0,11,52.4,11,70.7,0,100.0,21,21,75.5,100.0,9,42.9,9
8,Joe Thuney,10712,G,CHI,1,0,6,52.4,100.0,11,52.4,11,54.9,0,100.0,21,21,72.8,100.0,9,42.9,9
8,Joe Flacco,4332,QB,CIN,1,0,7,60.0,100.0,6,28.6,6,60.0,0,95.5,21,22,60.0,100.0,13,61.9,13
8,Jared Wayne,99691,WR,HST,1,0,13,59.0,100.0,8,40.0,8,59.5,0,100.0,20,20,60.8,100.0,8,40.0,8
8,Greg Van Roten,7746,G,NYG,1,0,21,59.2,100.0,13,65.0,13,51.7,0,100.0,20,20,46.6,100.0,6,30.0,6
8,Xavier Hutchinson,122518,WR,HST,1,0,13,60.0,100.0,8,40.0,8,56.2,0,100.0,20,20,60.0,100.0,6,30.0,6
8,John Michael Schmitz Jr.,55238,C,NYG,1,0,21,60.1,100.0,13,65.0,13,63.2,0,100.0,20,20,54.6,100.0,6,30.0,6
8,Jon Runyan,36661,G,NYG,1,0,21,53.5,100.0,13,65.0,13,49.9,0,100.0,20,20,51.2,100.0,6,30.0,6
8,Xavier Worthy,144718,WR,KC,1,0,16,58.1,100.0,9,45.0,9,58.0,0,100.0,20,20,59.2,100.0,9,45.0,9
8,Reggie Gilliam,40951,FB,BUF,1,0,4,69.9,100.0,5,25.0,5,85.6,0,100.0,20,20,85.8,100.0,13,65.0,13
8,Laken Tomlinson,9461,G,HST,1,0,13,68.9,100.0,9,45.0,9,67.6,0,100.0,20,20,67.3,100.0,5,25.0,5
8,Andrew Thomas,59701,T,NYG,1,0,21,64.7,100.0,13,65.0,13,56.5,0,100.0,20,20,48.0,100.0,6,30.0,6
8,Caleb Williams,144622,QB,CHI,1,0,6,60.0,100.0,11,55.0,11,60.0,0,95.2,20,21,60.0,100.0,9,45.0,9
8,Blake Fisher,147479,T,HST,1,0,13,57.1,100.0,9,45.0,9,53.4,0,100.0,20,20,53.1,100.0,8,40.0,8
8,Hunter Henry,10669,TE,NE,1,0,19,49.7,100.0,9,45.0,9,60.1,0,100.0,20,20,75.1,100.0,6,30.0,6
8,Theo Johnson,129787,TE,NYG,1,0,21,41.5,100.0,13,68.4,13,43.1,0,100.0,19,19,58.8,100.0,5,26.3,5
8,Jermaine Eluemunor,11914,T,NYG,1,0,21,59.5,100.0,13,68.4,13,65.4,0,100.0,19,19,70.1,100.0,6,31.6,6
8,Dawson Knox,35883,TE,BUF,1,0,4,57.1,100.0,6,31.6,6,59.5,0,100.0,19,19,62.5,100.0,11,57.9,11
8,Wan'Dale Robinson,101735,WR,NYG,1,0,21,61.5,100.0,13,68.4,13,61.3,1,100.0,19,19,60.1,100.0,6,31.6,6
8,Mason Taylor,157122,TE,NYJ,1,0,22,57.9,100.0,8,42.1,8,78.3,0,100.0,19,19,79.4,100.0,8,42.1,8
8,Chimere Dike,129918,WR,TEN,1,0,31,80.8,100.0,10,52.6,10,77.5,0,95.0,19,20,60.4,100.0,9,47.4,9
8,Matt Goncalves,99680,G,IND,1,0,14,48.1,100.0,7,38.9,7,60.5,1,100.0,18,18,70.1,100.0,11,61.1,11
8,George Pickens,99229,WR,DAL,1,0,9,60.7,100.0,6,33.3,6,56.3,0,100.0,18,18,61.4,100.0,10,55.6,10
8,Romeo Doubs,84329,WR,GB,1,0,12,60.5,100.0,7,38.9,7,61.0,0,100.0,18,18,60.8,100.0,11,61.1,11
8,Mark Andrews,47436,TE,BLT,1,0,3,58.5,100.0,5,27.8,5,56.0,0,100.0,18,18,55.7,100.0,12,66.7,12
8,Broderick Jones,124025,T,PIT,1,0,25,51.5,100.0,4,22.2,4,61.3,0,100.0,18,18,66.5,100.0,14,77.8,14
8,Aaron Rodgers,2241,QB,PIT,1,0,25,60.0,100.0,4,22.2,4,60.0,0,100.0,18,18,60.0,100.0,14,77.8,14
8,Zach Frazier,123419,C,PIT,1,0,25,67.9,100.0,4,22.2,4,74.0,0,100.0,18,18,70.3,100.0,14,77.8,14
8,Travis Kelce,7844,TE,KC,1,0,16,52.1,100.0,8,44.4,8,61.3,0,100.0,18,18,61.5,100.0,8,44.4,8
8,Brady Christensen,51985,G,CAR,1,0,5,54.9,100.0,4,22.2,4,60.9,0,100.0,18,18,64.4,100.0,12,66.7,12
8,Tanner Conner,22777,TE,MIA,1,0,17,81.0,100.0,10,55.6,10,72.4,0,100.0,18,18,57.8,100.0,8,44.4,8
8,Bernhard Raimann,77948,T,IND,1,0,14,58.2,100.0,7,38.9,7,61.8,0,100.0,18,18,63.9,100.0,11,61.1,11
8,Rome Odunze,73774,WR,CHI,1,0,6,61.5,100.0,8,44.4,8,56.7,0,100.0,18,18,60.1,100.0,9,50.0,9
8,Troy Fautanu,100521,T,PIT,1,0,25,66.6,100.0,4,22.2,4,86.7,0,100.0,18,18,87.3,100.0,14,77.8,14
8,Mason McCormick,78326,G,PIT,1,0,25,52.0,100.0,4,22.2,4,56.5,0,100.0,18,18,61.2,100.0,14,77.8,14
8,Tee Higgins,61211,WR,CIN,1,0,7,59.2,100.0,4,22.2,4,55.9,0,100.0,18,18,62.1,100.0,12,66.7,12
8,Ryan Miller,78734,WR,TB,1,0,30,49.8,100.0,15,88.2,15,50.5,0,100.0,17,17,60.0,100.0,2,11.8,2
8,Chris Paul,77579,G,WAS,1,0,32,90.7,100.0,9,52.9,9,56.0,0,100.0,17,17,54.5,100.0,7,41.2,7
8,Jake Matthews,8641,T,ATL,1,0,2,54.3,100.0,3,17.6,3,67.3,0,100.0,17,17,73.8,100.0,12,70.6,12
8,Pat Bryant,144800,WR,DEN,1,0,10,50.6,100.0,12,70.6,12,51.1,0,100.0,17,17,58.3,100.0,5,29.4,5
8,Harrison Bryant,26394,TE,HST,1,0,13,55.9,100.0,9,52.9,9,45.6,0,100.0,17,17,36.5,100.0,4,23.5,4
8,Kayshon Boutte,124087,WR,NE,1,0,19,60.4,100.0,9,52.9,9,59.1,0,100.0,17,17,60.5,100.0,4,23.5,4
8,Ryan Neuzil,41123,C,ATL,1,1,2,57.9,100.0,3,17.6,3,58.2,1,100.0,17,17,61.2,100.0,12,70.6,12
8,Tyler Biadasz,41178,C,WAS,1,0,32,68.7,100.0,9,52.9,9,62.5,0,100.0,17,17,56.6,100.0,7,41.2,7
8,Matthew Bergeron,99658,G,ATL,1,0,2,55.4,100.0,3,17.6,3,69.7,0,100.0,17,17,75.9,100.0,12,70.6,12
8,Elijah Wilkinson,46238,T,ATL,1,0,2,56.9,100.0,3,17.6,3,52.9,0,100.0,17,17,56.5,100.0,12,70.6,12
8,Chris Lindstrom,46692,G,ATL,1,0,2,65.3,100.0,3,17.6,3,77.7,0,100.0,17,17,68.9,100.0,12,70.6,12
8,Josh Conerly Jr.,163291,T,WAS,1,0,32,59.9,100.0,9,52.9,9,64.1,0,100.0,17,17,65.8,100.0,7,41.2,7
8,Drew Sample,47259,TE,CIN,1,0,7,56.8,100.0,4,23.5,4,63.1,0,100.0,17,17,68.7,100.0,10,58.8,10
8,D.K. Metcalf,47864,WR,PIT,1,0,25,60.1,100.0,4,23.5,4,36.3,1,100.0,17,17,56.2,100.0,13,76.5,13
8,Ryan Flournoy,159617,WR,DAL,1,0,9,60.0,100.0,2,11.8,2,55.3,0,100.0,17,17,59.6,100.0,13,76.5,13
8,Isaiah Likely,83955,TE,BLT,1,0,3,51.6,100.0,8,47.1,8,54.7,1,100.0,17,17,60.3,100.0,8,47.1,8
8,Sam Cosmi,60114,G,WAS,1,0,32,61.6,100.0,9,52.9,9,63.8,0,100.0,17,17,66.9,100.0,7,41.2,7
8,Noah Gray,60878,TE,KC,1,0,16,49.4,100.0,9,52.9,9,64.2,0,100.0,17,17,70.6,100.0,5,29.4,5
8,Charlie Kolar,60917,TE,BLT,1,0,3,63.6,100.0,6,35.3,6,58.5,0,100.0,17,17,55.9,100.0,9,52.9,9
8,Brevyn Spann-Ford,84006,TE,DAL,1,0,9,58.0,100.0,3,18.8,3,61.6,0,100.0,16,16,62.6,100.0,11,68.8,11
8,Tyrell Shavers,61107,WR,BUF,1,0,4,85.0,100.0,6,37.5,6,78.6,0,100.0,16,16,59.5,100.0,9,56.3,9
8,Jaxson Dart,146409,QB,NYG,1,0,21,60.0,84.6,11,68.8,13,60.0,0,80.0,16,20,60.0,83.3,5,31.3,6
8,Elijah Moore,84302,WR,BUF,1,0,4,60.0,100.0,2,12.5,2,76.6,0,100.0,16,16,59.9,100.0,14,87.5,14
8,Dallas Goedert,47272,TE,PHI,1,0,24,70.7,100.0,13,81.3,13,65.1,0,100.0,16,16,52.6,100.0,2,12.5,2
8,Chigoziem Okonkwo,84000,TE,TEN,1,0,31,50.5,100.0,6,40.0,6,58.7,0,100.0,15,15,66.8,100.0,8,53.3,8
8,Van Jefferson,47447,WR,TEN,1,0,31,60.5,100.0,6,40.0,6,54.4,0,100.0,15,15,52.8,100.0,8,53.3,8
8,Jahan Dotson,84375,WR,PHI,1,0,24,58.5,100.0,11,73.3,11,58.7,0,100.0,15,15,60.0,100.0,4,26.7,4
8,Daniel Brunskill,34807,G,MIA,1,0,17,68.4,100.0,7,46.7,7,65.9,0,100.0,15,15,75.0,100.0,8,53.3,8
8,Tez Johnson,123709,WR,TB,1,0,30,60.8,100.0,9,60.0,9,60.3,0,100.0,15,15,59.6,100.0,6,40.0,6
8,Kirk Cousins,7102,QB,ATL,1,0,2,60.0,100.0,3,20.0,3,60.0,0,88.2,15,17,60.0,100.0,12,80.0,12
8,Darius Slayton,25578,WR,NYG,1,0,21,54.6,100.0,10,66.7,10,55.5,0,100.0,15,15,60.4,100.0,5,33.3,5
8,Darius Cooper,136866,WR,PHI,1,0,24,54.6,100.0,12,80.0,12,54.9,0,100.0,15,15,60.0,100.0,2,13.3,2
8,Juice Scruggs,81800,G,HST,1,0,13,54.5,100.0,7,46.7,7,57.5,1,100.0,15,15,63.6,100.0,6,40.0,6
8,Gunnar Helm,144726,TE,TEN,1,0,31,70.2,100.0,8,53.3,8,66.7,0,100.0,15,15,59.6,100.0,7,46.7,7
8,Sean Rhyan,72009,C,GB,1,0,12,59.5,100.0,6,42.9,6,59.2,0,100.0,14,14,59.1,100.0,7,50.0,7
8,Quenton Nelson,12954,G,IND,1,0,14,76.4,100.0,6,42.9,6,68.8,0,100.0,14,14,71.7,100.0,8,57.1,8
8,Tanor Bortolini,129915,C,IND,1,0,14,72.1,100.0,6,42.9,6,81.9,0,100.0,14,14,63.2,100.0,8,57.1,8
8,Darnell Mooney,48236,WR,ATL,1,0,2,60.0,100.0,2,14.3,2,55.4,0,100.0,14,14,60.0,100.0,10,71.4,10
8,Jack Westover,84079,FB,NE,1,0,19,62.9,100.0,7,50.0,7,61.2,0,100.0,14,14,59.0,100.0,2,14.3,2
8,Taylor Moton,11819,T,CAR,1,0,5,72.1,100.0,3,21.4,3,67.9,0,100.0,14,14,59.7,100.0,10,71.4,10
8,Colston Loveland,158540,TE,CHI,1,0,6,70.6,100.0,6,42.9,6,71.3,0,100.0,14,14,65.9,100.0,7,50.0,7
8,Andrei Iosivas,109811,WR,CIN,1,0,7,54.5,100.0,5,35.7,5,57.0,0,100.0,14,14,61.6,100.0,8,57.1,8
8,Daniel Jones,39395,QB,IND,1,0,14,60.0,100.0,6,42.9,6,60.0,0,100.0,14,14,60.0,100.0,8,57.1,8
8,Alec Ingold,34934,FB,MIA,1,0,17,41.4,100.0,7,50.0,7,45.7,0,100.0,14,14,60.7,100.0,7,50.0,7
8,CeeDee Lamb,61570,WR,DAL,1,0,9,58.1,100.0,5,35.7,5,54.7,1,93.3,14,15,60.1,100.0,8,57.1,8
8,John Bates,42275,TE,WAS,1,0,32,54.4,100.0,8,57.1,8,57.8,0,100.0,14,14,63.5,100.0,6,42.9,6
8,Arian Smith,124039,WR,NYJ,1,0,22,55.2,100.0,7,50.0,7,54.2,0,100.0,14,14,59.8,100.0,4,28.6,4
8,Isaac Seumalo,10713,G,PIT,1,0,25,53.5,100.0,4,28.6,4,54.7,0,100.0,14,14,47.7,100.0,10,71.4,10
8,Braden Smith,46794,T,IND,1,0,14,80.4,100.0,6,42.9,6,73.7,0,100.0,14,14,78.7,100.0,8,57.1,8
8,DJ Moore,48267,WR,CHI,1,0,6,60.9,75.0,6,46.2,8,34.9,0,86.7,13,15,52.6,100.0,7,53.8,7
8,Joel Bitonio,8670,G,CLV,1,0,8,48.9,100.0,9,69.2,9,49.8,0,100.0,13,13,57.4,100.0,3,23.1,3
8,Jack Conklin,10642,T,CLV,1,0,8,61.9,100.0,9,69.2,9,61.5,0,100.0,13,13,59.8,100.0,3,23.1,3
8,Cam Robinson,11789,T,CLV,1,0,8,35.2,100.0,9,69.2,9,33.7,0,100.0,13,13,51.6,100.0,3,23.1,3
8,Ethan Pocic,11813,C,CLV,1,0,8,60.9,100.0,9,69.2,9,59.7,0,100.0,13,13,58.7,100.0,3,23.1,3
8,Michael Pittman Jr.,29049,WR,IND,1,0,14,47.2,100.0,5,38.5,5,67.6,0,100.0,13,13,82.5,100.0,8,61.5,8
8,Wyatt Teller,46131,G,CLV,1,0,8,54.6,100.0,9,69.2,9,52.8,0,100.0,13,13,56.5,100.0,3,23.1,3
8,Austin Corbett,46290,C,CAR,1,0,5,65.5,100.0,6,46.2,6,74.4,0,100.0,13,13,74.6,100.0,6,46.2,6
8,Durham Smythe,47257,TE,CHI,1,0,6,85.3,100.0,8,61.5,8,79.3,0,100.0,13,13,60.2,100.0,5,38.5,5
8,Cedrick Wilson Jr.,48170,WR,MIA,1,0,17,77.8,100.0,6,46.2,6,46.1,0,100.0,13,13,54.5,100.0,7,53.8,7
8,Calvin Austin III,61418,WR,PIT,1,0,25,60.3,100.0,4,30.8,4,52.5,0,100.0,13,13,85.6,100.0,9,69.2,9
8,Alec Pierce,78038,WR,IND,1,0,14,60.0,100.0,5,38.5,5,77.4,0,100.0,13,13,59.0,100.0,8,61.5,8
8,Kyle Pitts,83964,TE,ATL,1,0,2,51.1,100.0,2,15.4,2,45.2,0,100.0,13,13,55.0,100.0,9,69.2,9
8,Luke Schoonmaker,84005,TE,DAL,1,0,9,58.5,100.0,4,30.8,4,65.8,0,100.0,13,13,69.7,100.0,8,61.5,8
8,Tommy Tremble,84025,TE,CAR,1,0,5,59.6,100.0,5,38.5,5,56.0,0,100.0,13,13,55.7,100.0,8,61.5,8
8,Khalil Shakir,84140,WR,BUF,1,0,4,60.2,100.0,5,38.5,5,54.3,0,100.0,13,13,53.7,100.0,7,53.8,7
8,Dillon Gabriel,86272,QB,CLV,1,0,8,60.0,100.0,9,69.2,9,60.0,0,100.0,13,13,60.0,100.0,3,23.1,3
8,Isaiah Williams,97156,WR,NYJ,1,0,22,60.0,100.0,5,38.5,5,87.0,0,92.9,13,14,61.0,100.0,8,61.5,8
8,Jalen Coker,143068,WR,CAR,1,0,5,60.6,100.0,5,38.5,5,60.3,0,100.0,13,13,60.3,100.0,7,53.8,7
8,Ja'Tavion Sanders,144717,TE,CAR,1,0,5,59.3,100.0,3,23.1,3,68.1,0,100.0,13,13,70.6,100.0,8,61.5,8
8,Matthew Golden,156165,WR,GB,1,0,12,61.0,100.0,6,46.2,6,61.5,0,100.0,13,13,60.7,100.0,7,53.8,7
8,Cade Mays,81995,C,CAR,1,0,5,59.9,100.0,2,16.7,2,68.0,0,100.0,12,12,70.3,100.0,9,75.0,9
8,Deebo Samuel,48274,WR,WAS,1,0,32,61.0,100.0,7,58.3,7,61.6,0,92.3,12,13,60.8,100.0,5,41.7,5
8,Fred Johnson,46951,T,PHI,1,0,24,72.3,100.0,9,75.0,9,73.8,0,100.0,12,12,,,0,0.0,0
8,Justin Skule,38951,T,MIN,1,0,18,59.9,100.0,4,33.3,4,54.8,0,100.0,12,12,54.1,100.0,8,66.7,8
8,David Sills V,34579,WR,ATL,1,0,2,60.0,100.0,3,25.0,3,61.9,0,100.0,12,12,61.7,100.0,9,75.0,9
8,Daniel Bellinger,84041,TE,NYG,1,0,21,55.7,100.0,7,58.3,7,55.9,1,100.0,12,12,59.0,100.0,4,33.3,4
8,Ladd McConkey,124030,WR,LAC,1,0,27,60.4,100.0,5,41.7,5,60.4,0,100.0,12,12,60.1,100.0,7,58.3,7
8,DeAndre Hopkins,7808,WR,BLT,1,0,3,57.7,100.0,2,16.7,2,53.6,0,100.0,12,12,58.5,100.0,9,75.0,9
8,Darnell Washington,124044,TE,PIT,1,0,25,,,0,0.0,0,76.4,0,100.0,12,12,76.4,100.0,12,100.0,12
8,Malik Heath,124173,WR,GB,1,0,12,53.8,100.0,5,41.7,5,54.9,0,100.0,12,12,59.7,100.0,6,50.0,6
8,Marcus Mariota,9435,QB,WAS,1,0,32,60.0,66.7,6,50.0,9,60.0,0,70.6,12,17,60.0,71.4,5,41.7,7
8,Jordan Morgan,98652,G,GB,1,0,12,79.4,100.0,4,33.3,4,78.4,0,100.0,12,12,64.9,100.0,8,66.7,8
8,Blake Brandel,46282,C,MIN,1,0,18,52.9,100.0,4,33.3,4,70.0,0,100.0,12,12,78.0,100.0,8,66.7,8
8,Donovan Jackson,145064,G,MIN,1,0,18,47.9,100.0,4,33.3,4,56.1,1,100.0,12,12,53.4,100.0,8,66.7,8
8,Noah Fant,42388,TE,CIN,1,0,7,55.3,100.0,3,25.0,3,64.9,0,100.0,12,12,71.4,100.0,7,58.3,7
8,Will Fries,41530,G,MIN,1,0,18,66.7,100.0,4,33.3,4,67.8,0,100.0,12,12,63.2,100.0,8,66.7,8
8,Patrick Ricard,48862,FB,BLT,1,0,3,59.5,100.0,2,18.2,2,73.2,0,100.0,11,11,76.5,100.0,7,63.6,7
8,Kyle Williams,128374,WR,NE,1,0,19,59.6,100.0,7,63.6,7,60.3,0,100.0,11,11,60.0,100.0,1,9.1,1
8,Christian Watson,66581,WR,GB,1,0,12,60.0,100.0,5,45.5,5,59.3,0,100.0,11,11,59.2,100.0,6,54.5,6
8,Josh Downs,122832,WR,IND,1,0,14,59.4,100.0,4,36.4,4,57.5,0,100.0,11,11,57.6,100.0,7,63.6,7
8,Yosh Nijman,60822,T,CAR,1,0,5,55.9,100.0,5,45.5,5,53.2,0,100.0,11,11,55.4,100.0,5,45.5,5
8,KhaDarel Hodge,26104,WR,ATL,1,0,2,59.0,100.0,2,20.0,2,33.8,0,100.0,10,10,59.2,100.0,6,60.0,6
8,Stefon Diggs,9579,WR,NE,1,0,19,58.3,100.0,5,50.0,5,58.9,0,100.0,10,10,60.5,100.0,5,50.0,5
8,Mitchell Evans,147486,TE,CAR,1,0,5,59.0,100.0,5,50.0,5,72.5,0,100.0,10,10,81.4,100.0,5,50.0,5
8,Carson Wentz,10636,QB,MIN,1,0,18,60.0,100.0,3,30.0,3,60.0,0,100.0,10,10,60.0,100.0,7,70.0,7
8,Troy Franklin,146567,WR,DEN,1,0,10,59.7,100.0,6,60.0,6,58.1,0,100.0,10,10,57.9,100.0,4,40.0,4
8,Jerry Jeudy,61103,WR,CLV,1,0,8,54.8,100.0,7,70.0,7,55.3,0,100.0,10,10,60.1,100.0,3,30.0,3
8,Jake Ferguson,61081,TE,DAL,1,0,9,66.5,100.0,4,40.0,4,69.9,0,100.0,10,10,68.2,100.0,5,50.0,5
8,Curtis Samuel,11795,WR,BUF,1,0,4,60.3,100.0,5,50.0,5,60.6,1,100.0,10,10,60.0,100.0,4,40.0,4
8,Jaylin Noel,125155,WR,HST,1,0,13,54.3,100.0,4,40.0,4,50.8,0,100.0,10,10,60.0,100.0,2,20.0,2
8,John FitzPatrick,83974,TE,GB,1,0,12,59.9,100.0,3,30.0,3,65.4,0,100.0,10,10,66.6,100.0,6,60.0,6
8,Quentin Johnston,123085,WR,LAC,1,0,27,60.3,100.0,4,40.0,4,81.0,0,100.0,10,10,60.9,100.0,6,60.0,6
8,Brandon Coleman,123068,T,WAS,1,0,32,69.2,100.0,5,50.0,5,75.8,0,100.0,10,10,72.8,100.0,4,40.0,4
8,Jordan Addison,123000,WR,MIN,1,0,18,60.0,100.0,3,30.0,3,60.6,0,100.0,10,10,60.7,100.0,7,70.0,7
8,Trent Sherfield,48021,WR,DEN,1,0,10,44.1,100.0,7,70.0,7,45.0,0,100.0,10,10,60.0,100.0,1,10.0,1
8,KaVontae Turpin,47658,WR,DAL,1,0,9,60.0,100.0,2,20.0,2,58.6,0,100.0,10,10,59.4,100.0,7,70.0,7
8,Dalton Schultz,47304,TE,HST,1,0,13,45.8,100.0,4,40.0,4,49.0,0,100.0,10,10,60.0,100.0,1,10.0,1
8,Lil'Jordan Humphrey,42247,WR,NYG,1,0,21,56.3,100.0,6,60.0,6,54.6,0,100.0,10,10,59.4,100.0,3,30.0,3
8,Hayden Rucci,101680,TE,MIA,1,0,17,47.1,100.0,5,50.0,5,76.4,0,100.0,10,10,94.6,100.0,5,50.0,5
8,Charlie Woerner,42257,TE,ATL,1,0,2,,,0,0.0,0,35.0,0,100.0,10,10,36.6,100.0,8,80.0,8
8,Justin Jefferson,61398,WR,MIN,1,0,18,60.0,100.0,3,30.0,3,61.7,0,100.0,10,10,61.0,100.0,7,70.0,7
8,Olamide Zaccheaus,44920,WR,CHI,1,0,6,60.2,100.0,7,70.0,7,59.5,0,100.0,10,10,59.3,100.0,3,30.0,3
8,Trent Williams,5529,T,SF,1,0,28,69.6,100.0,3,33.3,3,92.4,0,100.0,9,9,93.2,100.0,4,44.4,4
8,Walter Rouse,100564,T,MIN,1,0,18,58.4,100.0,3,33.3,3,54.3,0,100.0,9,9,54.7,100.0,6,66.7,6
8,Kelvin Banks Jr.,163839,T,NO,1,0,20,48.3,100.0,4,44.4,4,57.4,0,100.0,9,9,67.9,100.0,5,55.6,5
8,Colton McKivitz,29314,T,SF,1,0,28,60.7,100.0,3,33.3,3,57.0,0,100.0,9,9,55.2,100.0,4,44.4,4
8,Harold Fannin Jr.,163104,TE,CLV,1,0,8,64.7,100.0,8,88.9,8,63.3,0,100.0,9,9,,,0,0.0,0
8,Matt Hennessy,41141,C,SF,1,0,28,59.7,100.0,3,33.3,3,42.0,0,100.0,9,9,55.1,100.0,4,44.4,4
8,Cesar Ruiz,59857,G,NO,1,0,20,52.1,100.0,4,44.4,4,44.4,0,100.0,9,9,49.2,100.0,5,55.6,5
8,Taliese Fuaga,131732,T,NO,1,0,20,68.9,100.0,4,44.4,4,86.4,0,100.0,9,9,85.0,100.0,5,55.6,5
8,Trevor Penning,59963,G,NO,1,0,20,44.8,100.0,4,44.4,4,51.3,1,100.0,9,9,64.3,100.0,5,55.6,5
8,Jonnu Smith,11855,TE,PIT,1,0,25,60.0,100.0,2,22.2,2,64.1,0,100.0,9,9,64.0,100.0,7,77.8,7
8,Terry McLaurin,48229,WR,WAS,1,0,32,60.5,100.0,5,55.6,5,61.6,0,100.0,9,9,60.3,100.0,4,44.4,4
8,Adam Prentice,35639,FB,DEN,1,0,10,46.2,100.0,6,66.7,6,38.3,0,100.0,9,9,60.0,100.0,1,11.1,1
8,Savion Williams,123101,WR,GB,1,0,12,59.0,100.0,3,33.3,3,54.0,0,90.0,9,10,53.1,83.3,5,55.6,6
8,Dominick Puni,163815,G,SF,1,0,28,57.2,100.0,3,33.3,3,61.3,0,100.0,9,9,65.1,100.0,4,44.4,4
8,Luke Fortner,42028,C,NO,1,0,20,57.9,100.0,4,44.4,4,69.1,0,100.0,9,9,72.5,100.0,5,55.6,5
8,Mac Jones,60323,QB,SF,1,0,28,60.0,100.0,3,33.3,3,60.0,0,100.0,9,9,60.0,100.0,4,44.4,4
8,JuJu Smith-Schuster,11817,WR,KC,1,0,16,54.8,100.0,8,88.9,8,35.0,0,100.0,9,9,60.0,100.0,1,11.1,1
8,Connor Colby,144862,G,SF,1,0,28,57.5,100.0,3,33.3,3,80.3,0,100.0,9,9,89.2,100.0,4,44.4,4
8,Greg Dulcich,84068,TE,MIA,1,0,17,70.0,100.0,6,75.0,6,81.0,0,100.0,8,8,60.0,100.0,2,25.0,2
8,Alec Anderson,81882,G,BUF,1,0,4,59.7,100.0,2,25.0,2,53.3,0,100.0,8,8,53.9,100.0,5,62.5,5
8,Tyler Warren,129798,TE,IND,1,0,14,56.8,100.0,2,25.0,2,63.9,0,100.0,8,8,67.6,100.0,6,75.0,6
8,British Brooks,77714,FB,HST,1,0,13,71.9,100.0,3,37.5,3,67.4,0,100.0,8,8,57.2,100.0,4,50.0,4
8,Jauan Jennings,48027,WR,SF,1,0,28,60.0,100.0,3,37.5,3,29.0,0,100.0,8,8,60.1,100.0,3,37.5,3
8,Ben Sinnott,122616,TE,WAS,1,0,32,57.2,100.0,5,62.5,5,57.2,0,100.0,8,8,60.1,100.0,2,25.0,2
8,Nate Adkins,87625,TE,DEN,1,0,10,69.2,100.0,7,87.5,7,68.7,0,100.0,8,8,,,0,0.0,0
8,Spencer Anderson,81719,G,PIT,1,0,25,,,0,0.0,0,57.8,0,100.0,8,8,57.8,100.0,8,100.0,8
8,T.J. Hockenson,40912,TE,MIN,1,0,18,59.7,100.0,2,25.0,2,46.3,0,100.0,8,8,60.8,100.0,6,75.0,6
8,Isaiah Bond,163586,WR,CLV,1,0,8,59.3,100.0,6,75.0,6,29.9,0,100.0,8,8,60.0,100.0,2,25.0,2
8,Andrew Ogletree,138351,TE,IND,1,0,14,56.6,100.0,3,42.9,3,55.8,0,100.0,7,7,58.4,100.0,4,57.1,4
8,Cameron Latu,82647,TE,PHI,1,0,24,60.0,100.0,1,14.3,1,58.8,0,100.0,7,7,58.5,100.0,3,42.9,3
8,Ryan Van Demark,55113,T,BUF,1,0,4,54.5,100.0,2,28.6,2,52.8,0,100.0,7,7,56.8,100.0,5,71.4,5
8,Tyler Conklin,47124,TE,LAC,1,0,27,56.2,100.0,5,71.4,5,57.1,0,100.0,7,7,60.3,100.0,2,28.6,2
8,Kylen Granson,40630,TE,PHI,1,0,24,60.1,100.0,2,28.6,2,60.8,0,100.0,7,7,60.3,100.0,2,28.6,2
8,Jake Curhan,38549,G,CAR,1,0,5,59.0,100.0,4,57.1,4,77.3,0,100.0,7,7,78.7,100.0,3,42.9,3
8,Sedrick Van Pran-Granger,124042,C,BUF,1,0,4,60.0,100.0,2,28.6,2,61.1,0,100.0,7,7,61.2,100.0,5,71.4,5
8,Mo Alie-Cox,12078,TE,IND,1,0,14,56.6,100.0,5,71.4,5,57.1,0,100.0,7,7,60.2,100.0,2,28.6,2
8,George Kittle,11901,TE,SF,1,0,28,57.8,100.0,3,42.9,3,77.6,0,100.0,7,7,90.6,100.0,3,42.9,3
8,Mitch Trubisky,11757,QB,BUF,1,0,4,60.0,100.0,2,28.6,2,60.0,0,100.0,7,7,60.0,100.0,5,71.4,5
8,Chris Moore,10741,WR,WAS,1,0,32,59.8,100.0,3,42.9,3,59.9,0,100.0,7,7,60.3,100.0,3,42.9,3
8,Laremy Tunsil,10647,T,WAS,1,0,32,57.3,100.0,4,57.1,4,57.3,0,100.0,7,7,59.5,100.0,3,42.9,3
8,Kyle Juszczyk,7912,FB,SF,1,0,28,59.1,100.0,2,28.6,2,52.9,0,100.0,7,7,78.2,100.0,4,57.1,4
8,Jalen Tolbert,61637,WR,DAL,1,0,9,,,0,0.0,0,59.1,0,100.0,7,7,59.1,100.0,7,100.0,7
8,Evan Engram,11778,TE,DEN,1,0,10,58.4,100.0,4,66.7,4,56.0,0,100.0,6,6,60.0,100.0,1,16.7,1
8,Kendrick Bourne,12270,WR,SF,1,0,28,60.0,100.0,2,33.3,2,33.4,0,100.0,6,6,60.0,100.0,2,33.3,2
8,Marquise Brown,61568,WR,KC,1,0,16,,,0,0.0,0,60.0,0,100.0,6,6,60.1,100.0,4,66.7,4
8,Rashid Shaheed,63707,WR,NO,1,0,20,60.0,100.0,2,33.3,2,33.1,0,100.0,6,6,60.7,100.0,4,66.7,4
8,Luther Burden III,157170,WR,CHI,1,0,6,59.7,100.0,5,83.3,5,59.4,0,100.0,6,6,60.0,100.0,1,16.7,1
8,Zach Ertz,7816,TE,WAS,1,0,32,55.2,100.0,2,33.3,2,68.2,0,100.0,6,6,70.4,100.0,4,66.7,4
8,Jacory Croskey-Merritt,102382,HB,WAS,1,0,32,59.2,37.5,3,50.0,8,59.2,0,40.0,6,15,60.0,33.3,2,33.3,6
8,Calvin Throckmorton,28238,G,DEN,1,0,10,68.0,100.0,3,50.0,3,66.7,0,100.0,6,6,59.4,100.0,2,33.3,2
8,Trey Pipkins III,91462,T,LAC,1,0,27,60.7,100.0,5,83.3,5,49.7,0,100.0,6,6,60.0,100.0,1,16.7,1
8,Luke Musgrave,98499,TE,GB,1,0,12,60.0,100.0,1,16.7,1,45.6,0,100.0,6,6,43.8,100.0,5,83.3,5
8,Kendall Lamm,10017,T,MIA,1,0,17,55.3,100.0,3,50.0,3,51.1,0,100.0,6,6,53.9,100.0,3,50.0,3
8,Gage Larvadain,150169,WR,CLV,1,0,8,49.5,100.0,3,50.0,3,47.9,0,100.0,6,6,60.0,100.0,2,33.3,2
8,Sterling Shepard,10674,WR,TB,1,0,30,60.1,100.0,2,33.3,2,32.5,0,100.0,6,6,59.5,100.0,4,66.7,4
8,Kion Smith,136103,G,MIA,1,0,17,58.6,100.0,3,50.0,3,45.3,0,100.0,6,6,48.9,100.0,3,50.0,3
8,Jaylin Lane,121811,WR,WAS,1,0,32,60.0,100.0,4,66.7,4,60.5,0,100.0,6,6,60.0,100.0,2,33.3,2
8,Roman Wilson,129604,WR,PIT,1,0,25,60.1,100.0,4,66.7,4,59.7,0,100.0,6,6,59.7,100.0,2,33.3,2
8,Braxton Berrios,47961,WR,HST,1,0,13,59.6,100.0,3,50.0,3,30.2,0,100.0,6,6,60.0,100.0,3,50.0,3
8,Jalen Nailor,84292,WR,MIN,1,0,18,60.0,100.0,2,33.3,2,79.2,0,100.0,6,6,59.4,100.0,4,66.7,4
8,Andrew Beck,47121,FB,NYJ,1,0,22,,,0,0.0,0,55.4,0,100.0,6,6,54.6,100.0,3,50.0,3
8,David Njoku,11784,TE,CLV,1,0,8,71.3,100.0,3,50.0,3,58.6,0,100.0,6,6,51.2,100.0,3,50.0,3
8,Juwan Johnson,28305,TE,NO,1,0,20,53.8,100.0,3,50.0,3,70.9,0,100.0,6,6,74.9,100.0,3,50.0,3
8,Pat Freiermuth,84085,TE,PIT,1,0,25,59.9,100.0,2,33.3,2,60.3,0,100.0,6,6,60.6,100.0,4,66.7,4
8,Zach Wilson,82096,QB,MIA,1,0,17,60.0,100.0,3,50.0,3,60.0,0,100.0,6,6,60.0,100.0,3,50.0,3
8,Ben Skowronek,27948,WR,PIT,1,0,25,,,0,0.0,0,59.4,0,100.0,5,5,59.4,100.0,5,100.0,5
8,Ashton Dulin,91479,WR,IND,1,0,14,60.0,100.0,1,20.0,1,33.0,0,100.0,5,5,59.8,100.0,4,80.0,4
8,Brandon Smith,61327,WR,NYJ,1,0,22,60.0,100.0,1,20.0,1,60.6,0,100.0,5,5,60.0,100.0,2,40.0,2
8,Joe Milton III,82151,QB,DAL,1,0,9,,,0,0.0,0,60.0,0,100.0,5,5,60.0,100.0,5,100.0,5
8,Adonai Mitchell,146712,WR,IND,1,0,14,60.0,100.0,2,40.0,2,55.3,0,100.0,5,5,56.1,100.0,3,60.0,3
8,Hunter Luepke,91319,FB,DAL,1,0,9,60.0,100.0,2,40.0,2,57.0,0,83.3,5,6,57.2,100.0,3,60.0,3
8,Justice Hill,45865,HB,BLT,1,0,3,60.0,100.0,2,40.0,2,60.0,0,83.3,5,6,60.0,50.0,1,20.0,2
8,Kameron Johnson,165866,WR,TB,1,0,30,58.9,100.0,3,60.0,3,59.4,0,100.0,5,5,60.0,100.0,2,40.0,2
8,Ozzy Trapilo,123552,T,CHI,1,0,6,57.3,100.0,3,60.0,3,72.8,0,100.0,5,5,63.1,100.0,2,40.0,2
8,Devaughn Vele,100637,WR,NO,1,0,20,53.9,100.0,2,40.0,2,53.0,0,100.0,5,5,59.8,100.0,3,60.0,3
8,Isaiah Davis,138299,HB,NYJ,1,0,22,58.4,20.0,1,20.0,5,58.0,0,41.7,5,12,59.7,40.0,2,40.0,5
8,Brycen Tremayne,84425,WR,CAR,1,0,5,59.7,100.0,2,40.0,2,38.8,0,100.0,5,5,52.1,100.0,3,60.0,3
8,Chris Olave,84355,WR,NO,1,0,20,60.0,100.0,2,40.0,2,83.9,0,100.0,5,5,60.1,100.0,3,60.0,3
8,T.J. Bass,131703,G,DAL,1,0,9,,,0,0.0,0,65.8,0,100.0,5,5,65.8,100.0,5,100.0,5
8,Jalen Travis,155412,T,IND,1,0,14,58.5,100.0,2,40.0,2,53.9,0,100.0,5,5,54.7,100.0,3,60.0,3
8,De'Von Achane,124305,HB,MIA,1,0,17,60.0,23.1,3,60.0,13,58.2,0,20.8,5,24,58.7,18.2,2,40.0,11
8,Benjamin Yurosek,131786,TE,MIN,1,0,18,57.3,100.0,3,60.0,3,57.2,0,100.0,5,5,60.3,100.0,2,40.0,2
8,Mitchell Tinsley,123470,WR,CIN,1,0,7,59.5,100.0,2,50.0,2,59.8,0,100.0,4,4,60.0,100.0,1,25.0,1
8,Tyler Shough,83537,QB,NO,1,0,20,60.0,100.0,2,50.0,2,60.0,0,100.0,4,4,60.0,100.0,2,50.0,2
8,Luke McCaffrey,101634,WR,WAS,1,0,32,59.7,100.0,1,25.0,1,59.4,0,100.0,4,4,60.0,100.0,2,50.0,2
8,Adam Thielen,8288,WR,MIN,1,0,18,60.0,100.0,1,25.0,1,60.6,0,100.0,4,4,60.2,100.0,3,75.0,3
8,Brandin Cooks,8655,WR,NO,1,0,20,,,0,0.0,0,60.0,0,100.0,4,4,60.0,100.0,4,100.0,4
8,Matt Pryor,46647,T,PHI,1,0,24,60.0,100.0,1,25.0,1,60.0,0,100.0,4,4,,,0,0.0,0
8,Mason Kinsey,115664,WR,TEN,1,0,31,60.3,100.0,4,100.0,4,60.3,0,100.0,4,4,,,0,0.0,0
8,Frank Crum,75860,T,DEN,1,0,10,59.9,100.0,1,25.0,1,68.2,0,100.0,4,4,68.1,100.0,2,50.0,2
8,Danny Pinter,47339,C,IND,1,0,14,60.0,100.0,1,25.0,1,56.6,0,100.0,4,4,57.0,100.0,3,75.0,3
8,Jamari Thrash,97399,WR,CLV,1,0,8,60.0,100.0,1,25.0,1,60.0,0,100.0,4,4,60.0,100.0,2,50.0,2
8,Dalton Tucker,81717,G,IND,1,0,14,60.0,100.0,1,25.0,1,56.3,0,100.0,4,4,56.5,100.0,3,75.0,3
8,Alex Forsyth,60012,C,DEN,1,0,10,60.0,100.0,1,25.0,1,66.8,0,100.0,4,4,64.2,100.0,2,50.0,2
8,Foster Moreau,47043,TE,NO,1,0,20,55.8,100.0,2,50.0,2,54.1,0,100.0,4,4,57.9,100.0,2,50.0,2
8,Blake Whiteheart,77881,TE,CLV,1,0,8,56.0,100.0,4,100.0,4,56.0,0,100.0,4,4,,,0,0.0,0
8,Spencer Rattler,97408,QB,NO,1,0,20,60.0,50.0,1,25.0,2,60.0,0,80.0,4,5,60.0,100.0,3,75.0,3
8,Drew Kendall,143829,C,PHI,1,0,24,60.0,100.0,1,25.0,1,60.0,0,100.0,4,4,,,0,0.0,0
8,Tylan Wallace,61577,WR,BLT,1,0,3,,,0,0.0,0,60.0,0,100.0,3,3,60.0,100.0,1,33.3,1
8,Rhamondre Stevenson,98689,HB,NE,1,0,19,,0.0,0,0.0,8,60.0,0,17.6,3,17,60.0,14.3,1,33.3,7
8,Hakeem Adeniji,45419,G,DAL,1,0,9,,,0,0.0,0,58.5,0,100.0,3,3,58.5,100.0,3,100.0,3
8,Skyy Moore,97116,WR,SF,1,0,28,60.0,100.0,1,33.3,1,60.0,0,100.0,3,3,59.8,100.0,2,66.7,2
8,Stephen Carlson,94365,TE,CHI,1,0,6,60.0,100.0,1,33.3,1,59.4,0,100.0,3,3,59.7,100.0,2,66.7,2
8,Terrell Jennings,102408,HB,NE,1,0,19,,0.0,0,0.0,2,60.0,0,60.0,3,5,,,0,0.0,0
8,Jack Stoll,42058,TE,NO,1,0,20,55.6,100.0,2,66.7,2,55.9,0,100.0,3,3,60.0,100.0,1,33.3,1
8,Xavier Gipson,104136,WR,PHI,1,0,24,,,0,0.0,0,60.0,0,100.0,3,3,,,0,0.0,0
8,Marvin Mims Jr.,122937,WR,DEN,1,0,10,59.3,60.0,3,100.0,5,59.3,0,60.0,3,5,,,0,0.0,0
8,Tyrone Tracy,84226,HB,NYG,1,0,21,60.0,16.7,1,33.3,6,60.0,0,23.1,3,13,60.0,16.7,1,33.3,6
8,James Proche II,48037,WR,TEN,1,0,31,59.3,100.0,2,66.7,2,53.5,0,100.0,3,3,60.0,100.0,1,33.3,1
8,Tank Bigsby,123974,HB,PHI,1,0,24,,0.0,0,0.0,8,60.0,0,25.0,3,12,,0.0,0,0.0,1
8,Teagan Quitoriano,84036,TE,ATL,1,0,2,60.0,100.0,1,33.3,1,57.8,0,100.0,3,3,57.9,100.0,2,66.7,2
8,Woody Marks,124179,HB,HST,1,0,13,,0.0,0,0.0,6,60.0,0,20.0,3,15,,0.0,0,0.0,5
8,Jarrett Stidham,13725,QB,DEN,1,0,10,60.0,100.0,1,33.3,1,60.0,0,75.0,3,4,60.0,100.0,2,66.7,2
8,Mekhi Becton,59818,G,LAC,1,0,27,55.3,100.0,3,100.0,3,55.3,0,100.0,3,3,,,0,0.0,0
8,Robert Tonyan,12193,TE,KC,1,0,16,60.0,100.0,1,33.3,1,58.9,0,100.0,3,3,,,0,0.0,0
8,Riley Leonard,143862,QB,IND,1,0,14,60.0,100.0,1,33.3,1,60.0,0,75.0,3,4,60.0,66.7,2,66.7,3
8,Anthony Belton,143985,G,GB,1,0,12,60.0,100.0,1,33.3,1,59.7,0,100.0,3,3,59.8,100.0,1,33.3,1
8,Beaux Collins,144112,WR,NYG,1,0,21,53.2,100.0,2,66.7,2,52.8,0,100.0,3,3,60.0,100.0,1,33.3,1
8,Max Mitchell,81707,T,NYJ,1,0,22,59.9,100.0,2,66.7,2,60.0,0,100.0,3,3,60.0,100.0,1,33.3,1
8,Derrick Henry,10679,HB,BLT,1,0,3,,0.0,0,0.0,5,60.0,0,12.5,3,24,60.0,11.1,2,66.7,18
8,Christian Darrisaw,77373,T,MIN,1,0,18,60.0,100.0,1,33.3,1,57.4,0,100.0,3,3,58.9,100.0,2,66.7,2
8,Dylan Drummond,78187,WR,ATL,1,0,2,60.0,100.0,1,33.3,1,60.0,0,100.0,3,3,60.0,100.0,2,66.7,2
8,Tyquan Thornton,78092,WR,KC,1,0,16,60.0,100.0,3,100.0,3,60.0,0,100.0,3,3,,,0,0.0,0
8,John Metchie III,97400,WR,PHI,1,0,24,60.0,100.0,1,33.3,1,60.0,0,100.0,3,3,60.0,100.0,2,66.7,2
8,Josh Oliver,47083,TE,MIN,1,0,18,60.0,100.0,1,33.3,1,60.4,0,100.0,3,3,60.0,100.0,2,66.7,2
8,Wanya Morris,98247,T,KC,1,0,16,66.1,100.0,1,33.3,1,68.9,0,100.0,3,3,60.0,100.0,1,33.3,1
8,Teven Jenkins,41534,G,CLV,1,0,8,59.7,100.0,2,100.0,2,59.7,0,100.0,2,2,,,0,0.0,0
8,Max Brosmer,105568,QB,MIN,1,0,18,60.0,100.0,1,50.0,1,60.0,0,100.0,2,2,60.0,100.0,1,50.0,1
8,Kareem Hunt,11841,HB,KC,1,0,16,,0.0,0,0.0,6,60.0,0,18.2,2,11,,0.0,0,0.0,3
8,Ray Davis,101072,HB,BUF,1,0,4,,0.0,0,0.0,6,60.0,0,18.2,2,11,,0.0,0,0.0,3
8,Anthony Gould,97078,WR,IND,1,0,14,,,0,0.0,0,59.8,0,100.0,2,2,59.8,100.0,2,100.0,2
8,Demarcus Robinson,10760,WR,SF,1,0,28,60.0,100.0,1,50.0,1,59.8,0,100.0,2,2,,,0,0.0,0
8,Teddy Bridgewater,8667,QB,TB,1,0,30,,,0,0.0,0,60.0,0,100.0,2,2,60.0,100.0,2,100.0,2
8,Jimmy Horn Jr.,144483,WR,CAR,1,0,5,,,0,0.0,0,60.0,0,100.0,2,2,60.0,100.0,2,100.0,2
8,Casey Washington,101710,WR,ATL,1,0,2,60.0,100.0,1,50.0,1,60.0,0,100.0,2,2,60.0,100.0,1,50.0,1
8,Hunter Nourzad,91674,C,KC,1,0,16,58.4,100.0,1,50.0,1,60.0,0,100.0,2,2,,,0,0.0,0
8,David Martin-Robinson,77892,TE,TEN,1,0,31,69.8,100.0,2,100.0,2,69.8,0,100.0,2,2,,,0,0.0,0
8,Tai Felton,144886,WR,MIN,1,0,18,60.0,100.0,1,50.0,1,60.0,0,100.0,2,2,60.0,100.0,1,50.0,1
8,Breece Hall,97636,HB,NYJ,1,0,22,,0.0,0,0.0,8,60.0,0,10.0,2,20,,0.0,0,0.0,10
8,Taysom Hill,12112,TE,NO,1,0,20,59.7,66.7,2,100.0,3,59.7,0,50.0,2,4,,0.0,0,0.0,1
8,Ty Johnson,45769,HB,BUF,1,0,4,60.0,50.0,1,50.0,2,60.0,0,33.3,2,6,,0.0,0,0.0,3
8,Tony Pollard,27126,HB,TEN,1,0,31,60.0,20.0,1,50.0,5,60.0,0,15.4,2,13,,0.0,0,0.0,7
8,Devin Culp,84080,TE,TB,1,0,30,60.0,100.0,2,100.0,2,60.0,0,100.0,2,2,,,0,0.0,0
8,Tyler Allgeier,83639,HB,ATL,1,0,2,,,0,0.0,0,60.0,0,33.3,2,6,,0.0,0,0.0,4
8,Derius Davis,78196,WR,LAC,1,0,27,60.0,100.0,1,50.0,1,60.0,0,100.0,2,2,60.0,100.0,1,50.0,1
8,Chris Manhertz,10211,TE,NYG,1,0,21,60.0,100.0,1,50.0,1,60.0,0,100.0,2,2,,,0,0.0,0
8,Chris Brooks,83644,HB,GB,1,0,12,,,0,0.0,0,60.0,0,100.0,2,2,60.0,100.0,1,50.0,1
8,Chuba Hubbard,57373,HB,CAR,1,0,5,,0.0,0,0.0,3,60.0,0,14.3,2,14,,0.0,0,0.0,9
8,Tyler Badie,83714,HB,DEN,1,0,10,,,0,0.0,0,60.0,0,66.7,2,3,,0.0,0,0.0,1
8,Javonte Williams,77803,HB,DAL,1,0,9,,0.0,0,0.0,5,60.0,0,13.3,2,15,,0.0,0,0.0,8
8,Jaydon Blue,157303,HB,DAL,1,0,9,,0.0,0,0.0,2,60.0,0,9.1,1,11,,0.0,0,0.0,8
8,Tyler Goodson,101659,HB,IND,1,0,14,,0.0,0,0.0,1,60.0,0,33.3,1,3,60.0,50.0,1,100.0,2
8,Dalton Kincaid,91791,TE,BUF,1,0,4,60.0,100.0,1,100.0,1,31.1,0,100.0,1,1,,,0,0.0,0
8,Kyle Monangai,129891,HB,CHI,1,0,6,,0.0,0,0.0,4,60.0,0,12.5,1,8,,0.0,0,0.0,3
8,Tanner McKee,131770,QB,PHI,1,0,24,60.0,100.0,1,100.0,1,60.0,0,25.0,1,4,,,0,0.0,0
8,Tanner Hudson,66924,TE,CIN,1,0,7,,,0,0.0,0,60.0,0,100.0,1,1,60.0,100.0,1,100.0,1
8,Jamal Agnew,11920,WR,ATL,1,0,2,,,0,0.0,0,60.0,0,100.0,1,1,60.0,100.0,1,100.0,1
8,Jeremy McNichols,11917,HB,WAS,1,0,32,60.0,100.0,1,100.0,1,60.0,0,50.0,1,2,,0.0,0,0.0,1
8,Jahdae Walker,175944,WR,CHI,1,0,6,,,0,0.0,0,60.0,0,100.0,1,1,,,0,0.0,0
8,Keenan Allen,7857,WR,LAC,1,0,27,60.0,100.0,1,100.0,1,60.0,0,100.0,1,1,,,0,0.0,0
8,Brashard Smith,143951,HB,KC,1,0,16,,0.0,0,0.0,1,60.0,0,25.0,1,4,,0.0,0,0.0,1
8,D'Wayne Eskridge,29573,WR,MIA,1,0,17,60.0,100.0,1,100.0,1,60.0,0,100.0,1,1,,,0,0.0,0
8,Samaje Perine,11869,HB,CIN,1,0,7,,0.0,0,0.0,1,60.0,0,10.0,1,10,,0.0,0,0.0,7
8,Devin Neal,144558,HB,NO,1,0,20,60.0,100.0,1,100.0,1,60.0,0,100.0,1,1,,,0,0.0,0
8,Dylan Sampson,163772,HB,CLV,1,0,8,60.0,33.3,1,100.0,3,60.0,0,25.0,1,4,,0.0,0,0.0,1
8,Jelani Woods,60509,TE,NYJ,1,0,22,,,0,0.0,0,60.0,0,100.0,1,1,,,0,0.0,0
8,Jake Tonges,60864,TE,SF,1,0,28,,,0,0.0,0,60.0,0,100.0,1,1,,,0,0.0,0
8,Nikko Remigio,84150,WR,KC,1,0,16,,,0,0.0,0,60.0,0,100.0,1,1,,,0,0.0,0
8,Jordan Watkins,122730,WR,SF,1,0,28,,,0,0.0,0,60.0,0,100.0,1,1,60.0,100.0,1,100.0,1
8,Nick Chubb,45783,HB,HST,1,0,13,,0.0,0,0.0,10,60.0,0,5.3,1,19,,0.0,0,0.0,6
8,Marcus Mbow,145113,T,NYG,1,0,21,,,0,0.0,0,60.0,0,100.0,1,1,,,0,0.0,0
8,Tyjae Spears,97195,HB,TEN,1,0,31,,0.0,0,0.0,5,60.0,0,10.0,1,10,60.0,20.0,1,100.0,5
8,Devin Duvernay,40006,WR,CHI,1,0,6,,,0,0.0,0,60.0,0,100.0,1,1,,,0,0.0,0
8,Devin Singletary,40485,HB,NYG,1,0,21,60.0,33.3,1,100.0,3,60.0,0,33.3,1,3,,,0,0.0,0
8,Malachi Corley,66272,WR,CLV,1,0,8,60.0,100.0,1,100.0,1,60.0,0,50.0,1,2,,,0,0.0,0
8,Mason Tipton,109617,WR,NO,1,0,20,60.0,100.0,1,100.0,1,60.0,0,100.0,1,1,,,0,0.0,0
8,Luke Farrell,42353,TE,SF,1,0,28,,,0,0.0,0,64.1,0,100.0,1,1,64.1,100.0,1,100.0,1
8,Saquon Barkley,45791,HB,PHI,1,0,24,,0.0,0,0.0,9,60.0,0,6.7,1,15,,0.0,0,0.0,5
8,Demario Douglas,104155,WR,NE,1,0,19,60.0,100.0,1,100.0,1,60.0,0,33.3,1,3,,,0,0.0,0
8,Isiah Pacheco,83747,HB,KC,1,0,16,60.0,16.7,1,100.0,6,60.0,0,7.7,1,13,,0.0,0,0.0,5
8,C.J. Hanson,102272,G,KC,1,0,16,,,0,0.0,0,60.0,0,100.0,1,1,,,0,0.0,0
8,Quinshon Judkins,157128,HB,CLV,1,0,8,,0.0,0,0.0,7,60.0,0,10.0,1,10,,0.0,0,0.0,2
week,player,player_id,position,team_name,player_game_count,declined_penalties,franchise_id,gap_grades_run_block,gap_run_block_percent,gap_snap_counts_run_block,gap_snap_counts_run_block_percent,gap_snap_counts_run_play,grades_run_block,penalties,run_block_percent,snap_counts_run_block,snap_counts_run_play,zone_grades_run_block,zone_run_block_percent,zone_snap_counts_run_block,zone_snap_counts_run_block_percent,zone_snap_counts_run_play
9,Kevin Dotson,46735,G,LA,1,0,26,72.7,100.0,22,50.0,22,67.5,0,100.0,44,44,58.1,100.0,17,38.6,17
9,Coleman Shelton,39316,C,LA,1,0,26,76.1,100.0,22,50.0,22,80.9,0,100.0,44,44,75.2,100.0,17,38.6,17
9,Steve Avila,77319,G,LA,1,0,26,70.4,100.0,22,50.0,22,68.2,0,100.0,44,44,62.0,100.0,17,38.6,17
9,Alaric Jackson,40972,T,LA,1,0,26,64.1,100.0,22,50.0,22,69.1,0,100.0,44,44,70.0,100.0,17,38.6,17
9,Rob Havenstein,9490,T,LA,1,0,26,57.4,100.0,22,50.0,22,58.4,0,100.0,44,44,59.9,100.0,17,38.6,17
9,Matthew Stafford,4924,QB,LA,1,0,26,60.0,100.0,22,55.0,22,60.0,0,90.9,40,44,60.0,100.0,17,42.5,17
9,Colton McKivitz,29314,T,SF,1,0,28,71.1,100.0,13,35.1,13,93.0,0,100.0,37,37,93.4,100.0,18,48.6,18
9,Spencer Burford,81920,G,SF,1,0,28,40.9,100.0,13,35.1,13,59.4,0,100.0,37,37,74.0,100.0,18,48.6,18
9,Walker Little,52287,T,JAX,1,0,15,77.9,100.0,18,48.6,18,63.0,0,100.0,37,37,46.4,100.0,12,32.4,12
9,Patrick Mekari,46219,G,JAX,1,0,15,67.7,100.0,18,48.6,18,66.9,0,100.0,37,37,70.5,100.0,12,32.4,12
9,Robert Hainsey,59980,C,JAX,1,0,15,72.3,100.0,18,48.6,18,68.3,0,100.0,37,37,64.6,100.0,12,32.4,12
9,Anton Harrison,122929,T,JAX,1,0,15,63.3,100.0,18,48.6,18,72.2,0,100.0,37,37,79.4,100.0,12,32.4,12
9,Trent Williams,5529,T,SF,1,0,28,64.7,100.0,13,35.1,13,69.9,0,100.0,37,37,71.5,100.0,18,48.6,18
9,Matt Hennessy,41141,C,SF,1,0,28,51.8,100.0,13,35.1,13,76.8,0,100.0,37,37,90.0,100.0,18,48.6,18
9,Dominick Puni,163815,G,SF,1,0,28,62.2,100.0,13,35.1,13,86.4,0,100.0,37,37,90.0,100.0,18,48.6,18
9,Spencer Brown,42296,T,BUF,1,0,4,56.5,100.0,18,51.4,18,64.4,0,100.0,35,35,72.2,100.0,13,37.1,13
9,David Edwards,35941,G,BUF,1,0,4,59.2,100.0,18,51.4,18,56.7,0,100.0,35,35,56.0,100.0,13,37.1,13
9,Connor McGovern,41714,C,BUF,1,0,4,75.8,100.0,18,51.4,18,61.1,0,100.0,35,35,46.7,100.0,13,37.1,13
9,O'Cyrus Torrence,102821,G,BUF,1,0,4,59.6,100.0,18,51.4,18,54.3,0,100.0,35,35,51.5,100.0,13,37.1,13
9,Dion Dawkins,11818,T,BUF,1,0,4,60.0,100.0,18,51.4,18,53.0,0,100.0,35,35,49.4,100.0,13,37.1,13
9,Davis Allen,99697,TE,LA,1,0,26,65.4,100.0,16,47.1,16,73.7,0,100.0,34,34,77.4,100.0,13,38.2,13
9,Mac Jones,60323,QB,SF,1,0,28,60.0,100.0,13,38.2,13,60.1,0,94.4,34,36,60.0,100.0,18,52.9,18
9,Drew Dalman,52270,C,CHI,1,0,6,79.6,100.0,16,48.5,16,81.9,0,100.0,33,33,68.4,100.0,16,48.5,16
9,Caleb Williams,144622,QB,CHI,1,0,6,60.0,100.0,16,48.5,16,60.0,0,100.0,33,33,60.0,100.0,16,48.5,16
9,Darnell Wright,98480,T,CHI,1,0,6,93.6,100.0,16,48.5,16,95.5,0,100.0,33,33,90.6,100.0,16,48.5,16
9,Rome Odunze,73774,WR,CHI,1,0,6,70.7,100.0,16,48.5,16,85.3,0,100.0,33,33,76.0,100.0,16,48.5,16
9,Joe Thuney,10712,G,CHI,1,0,6,55.4,100.0,16,48.5,16,66.5,0,100.0,33,33,73.6,100.0,16,48.5,16
9,Jonah Jackson,37070,G,CHI,1,0,6,90.9,100.0,16,48.5,16,89.7,0,100.0,33,33,73.0,100.0,16,48.5,16
9,Theo Benedet,169632,T,CHI,1,0,6,64.8,100.0,16,48.5,16,78.4,1,100.0,33,33,82.9,100.0,16,48.5,16
9,Bryce Young,123943,QB,CAR,1,0,5,60.0,100.0,15,46.9,15,60.0,0,100.0,32,32,60.0,100.0,15,46.9,15
9,Ikem Ekwonu,98286,T,CAR,1,0,5,59.9,100.0,15,46.9,15,49.6,0,100.0,32,32,44.7,100.0,15,46.9,15
9,Austin Corbett,46290,C,CAR,1,0,5,66.5,100.0,15,46.9,15,58.5,0,100.0,32,32,52.4,100.0,15,46.9,15
9,Trevor Lawrence,77632,QB,JAX,1,0,15,60.4,100.0,18,56.3,18,60.7,0,86.5,32,37,60.1,100.0,12,37.5,12
9,Yosh Nijman,60822,T,CAR,1,0,5,77.2,100.0,15,46.9,15,78.7,0,100.0,32,32,64.7,100.0,15,46.9,15
9,Parker Washington,129799,WR,JAX,1,0,15,52.9,100.0,15,48.4,15,53.9,0,100.0,31,31,61.3,100.0,10,32.3,10
9,Damien Lewis,81532,G,CAR,1,0,5,76.9,100.0,15,48.4,15,83.9,0,100.0,31,31,79.9,100.0,15,48.4,15
9,George Kittle,11901,TE,SF,1,0,28,76.3,100.0,9,30.0,9,77.0,0,96.8,30,31,71.2,100.0,17,56.7,17
9,Josh Allen,46601,QB,BUF,1,0,4,60.0,100.0,18,60.0,18,60.0,0,85.7,30,35,60.0,92.3,12,40.0,13
9,Hjalte Froholdt,44959,C,ARZ,1,0,1,60.7,100.0,24,82.8,24,54.1,0,100.0,29,29,59.4,100.0,2,6.9,2
9,Paris Johnson Jr.,129749,T,ARZ,1,0,1,81.2,100.0,24,82.8,24,79.1,0,100.0,29,29,58.0,100.0,2,6.9,2
9,Jonah Williams,41651,T,ARZ,1,0,1,53.2,100.0,24,82.8,24,49.4,0,100.0,29,29,54.3,100.0,2,6.9,2
9,Andrew Vorhees,60818,G,BLT,1,0,3,66.7,100.0,10,34.5,10,72.3,0,100.0,29,29,65.4,100.0,15,51.7,15
9,Colby Parkinson,52266,TE,LA,1,0,26,72.5,100.0,15,51.7,15,67.9,0,100.0,29,29,58.2,100.0,13,44.8,13
9,Kyle Juszczyk,7912,FB,SF,1,0,28,37.1,100.0,11,37.9,11,56.1,1,96.7,29,30,72.2,100.0,14,48.3,14
9,Hunter Long,60859,TE,JAX,1,0,15,64.1,100.0,15,51.7,15,69.8,0,100.0,29,29,77.4,100.0,8,27.6,8
9,Jauan Jennings,48027,WR,SF,1,0,28,61.9,100.0,11,37.9,11,56.2,0,100.0,29,29,54.7,100.0,13,44.8,13
9,Daniel Faalele,81734,G,BLT,1,0,3,62.4,100.0,10,34.5,10,44.2,0,100.0,29,29,45.1,100.0,15,51.7,15
9,Tyler Linderbaum,82291,C,BLT,1,0,3,60.6,100.0,10,34.5,10,75.9,0,100.0,29,29,76.0,100.0,15,51.7,15
9,Roger Rosengarten,131912,T,BLT,1,0,3,65.3,100.0,10,34.5,10,66.8,0,100.0,29,29,66.2,100.0,15,51.7,15
9,Will Hernandez,46180,G,ARZ,1,0,1,62.4,100.0,24,82.8,24,59.8,0,100.0,29,29,65.1,100.0,2,6.9,2
9,Evan Brown,38709,G,ARZ,1,0,1,56.1,100.0,24,82.8,24,55.5,0,100.0,29,29,58.4,100.0,2,6.9,2
9,Ezra Cleveland,41973,G,JAX,1,0,15,67.6,100.0,14,50.0,14,58.8,0,100.0,28,28,59.1,100.0,9,32.1,9
9,Will Campbell,157106,T,NE,1,0,19,66.7,100.0,21,75.0,21,66.2,0,100.0,28,28,59.7,100.0,4,14.3,4
9,Brian O'Neill,46854,T,MIN,1,0,18,57.3,100.0,8,28.6,8,61.6,0,100.0,28,28,66.3,100.0,13,46.4,13
9,Morgan Moses,8701,T,NE,1,0,19,59.9,100.0,21,75.0,21,65.2,0,100.0,28,28,70.7,100.0,4,14.3,4
9,Blake Brandel,46282,C,MIN,1,0,18,58.7,100.0,8,28.6,8,62.5,0,100.0,28,28,63.2,100.0,13,46.4,13
9,Mike Onwenu,27357,G,NE,1,0,19,49.4,100.0,21,75.0,21,54.9,0,100.0,28,28,67.7,100.0,4,14.3,4
9,Donovan Jackson,145064,G,MIN,1,0,18,55.5,100.0,8,28.6,8,69.5,0,100.0,28,28,75.0,100.0,13,46.4,13
9,Christian Darrisaw,77373,T,MIN,1,0,18,54.3,100.0,8,28.6,8,60.9,0,100.0,28,28,64.7,100.0,13,46.4,13
9,Garrett Bradbury,46013,C,NE,1,0,19,54.8,100.0,21,75.0,21,52.7,0,100.0,28,28,66.2,100.0,4,14.3,4
9,Jared Wilson,146717,G,NE,1,0,19,40.2,100.0,21,75.0,21,41.4,0,100.0,28,28,56.9,100.0,4,14.3,4
9,Will Fries,41530,G,MIN,1,0,18,55.9,100.0,8,28.6,8,55.7,0,100.0,28,28,56.6,100.0,13,46.4,13
9,Jake Curhan,38549,G,CAR,1,0,5,57.3,100.0,13,46.4,13,55.4,0,100.0,28,28,55.8,100.0,13,46.4,13
9,DJ Moore,48267,WR,CHI,1,0,6,54.3,100.0,13,46.4,13,56.0,0,96.6,28,29,59.7,100.0,15,53.6,15
9,Josh Conerly Jr.,163291,T,WAS,1,0,32,69.7,100.0,20,74.1,20,66.3,0,100.0,27,27,56.2,100.0,7,25.9,7
9,Tyler Biadasz,41178,C,WAS,1,0,32,83.3,100.0,20,74.1,20,75.2,0,100.0,27,27,53.3,100.0,7,25.9,7
9,Justin Jefferson,61398,WR,MIN,1,0,18,61.4,100.0,7,25.9,7,60.3,0,100.0,27,27,59.8,100.0,13,48.1,13
9,Chris Paul,77579,G,WAS,1,0,32,48.3,100.0,20,74.1,20,47.4,0,100.0,27,27,54.1,100.0,7,25.9,7
9,Foster Sarell,52272,G,LAC,1,0,27,50.6,100.0,14,53.8,14,46.1,0,100.0,26,26,48.0,100.0,7,26.9,7
9,Bradley Bozeman,27934,C,LAC,1,0,27,57.0,100.0,14,53.8,14,52.7,0,100.0,26,26,53.4,100.0,7,26.9,7
9,Lamar Jackson,46416,QB,BLT,1,0,3,60.0,100.0,10,38.5,10,60.1,0,89.7,26,29,60.0,93.3,14,53.8,15
9,Zion Johnson,99681,G,LAC,1,0,27,79.6,100.0,14,53.8,14,71.3,0,100.0,26,26,54.8,100.0,7,26.9,7
9,Jordan Morgan,98652,G,GB,1,0,12,58.3,100.0,13,52.0,13,69.8,0,100.0,25,25,76.5,100.0,12,48.0,12
9,Kendrick Bourne,12270,WR,SF,1,0,28,53.7,100.0,9,36.0,9,33.5,0,100.0,25,25,50.4,100.0,13,52.0,13
9,Drake Maye,143969,QB,NE,1,0,19,60.0,100.0,21,84.0,21,60.0,0,89.3,25,28,60.0,100.0,4,16.0,4
9,Zach Tom,55443,T,GB,1,0,12,76.1,100.0,13,52.0,13,68.4,0,100.0,25,25,70.1,100.0,12,48.0,12
9,Elgton Jenkins,46298,C,GB,1,0,12,51.8,100.0,13,52.0,13,68.4,1,100.0,25,25,79.0,100.0,12,48.0,12
9,Aireontae Ersery,129649,T,HST,1,0,13,61.0,100.0,13,52.0,13,63.4,0,100.0,25,25,57.1,100.0,6,24.0,6
9,Konata Mumpfield,145598,WR,LA,1,0,26,62.1,100.0,10,40.0,10,54.3,0,100.0,25,25,49.7,100.0,11,44.0,11
9,Ed Ingram,59819,G,HST,1,0,13,61.3,100.0,13,52.0,13,62.0,0,100.0,25,25,69.5,100.0,6,24.0,6
9,Rasheed Walker,81798,T,GB,1,0,12,59.4,100.0,13,52.0,13,70.6,0,100.0,25,25,75.4,100.0,12,48.0,12
9,Jake Andrews,81868,C,HST,1,0,13,57.3,100.0,13,52.0,13,51.3,0,100.0,25,25,57.7,100.0,6,24.0,6
9,Jacoby Brissett,10725,QB,ARZ,1,0,1,60.0,100.0,24,96.0,24,60.0,0,86.2,25,29,60.0,50.0,1,4.0,2
9,Abraham Lucas,60218,T,SEA,1,0,29,55.6,100.0,6,25.0,6,77.3,0,100.0,24,24,84.9,100.0,16,66.7,16
9,Anthony Bradford,99103,G,SEA,1,0,29,54.6,100.0,6,25.0,6,57.0,0,100.0,24,24,60.2,100.0,16,66.7,16
9,Jordan Love,40306,QB,GB,1,0,12,60.0,100.0,13,54.2,13,60.0,0,96.0,24,25,60.0,91.7,11,45.8,12
9,Jordan Addison,123000,WR,MIN,1,0,18,48.1,100.0,6,25.0,6,53.4,0,96.0,24,25,62.2,100.0,12,50.0,12
9,Mack Hollins,11873,WR,NE,1,0,19,75.1,100.0,20,87.0,20,75.0,0,100.0,23,23,60.0,100.0,2,8.7,2
9,Romeo Doubs,84329,WR,GB,1,0,12,61.3,100.0,12,52.2,12,41.6,0,100.0,23,23,60.3,100.0,11,47.8,11
9,Tommy Tremble,84025,TE,CAR,1,0,5,75.2,100.0,10,43.5,10,65.3,1,100.0,23,23,57.3,100.0,11,47.8,11
9,Trey McBride,75916,TE,ARZ,1,0,1,61.2,100.0,18,78.3,18,61.1,0,100.0,23,23,59.6,100.0,2,8.7,2
9,Colston Loveland,158540,TE,CHI,1,0,6,66.8,100.0,10,43.5,10,67.6,0,100.0,23,23,65.4,100.0,12,52.2,12
9,Cole Van Lanen,41583,T,JAX,1,0,15,75.6,100.0,13,56.5,13,81.5,0,100.0,23,23,79.0,100.0,7,30.4,7
9,Dawson Knox,35883,TE,BUF,1,0,4,71.3,100.0,11,47.8,11,63.4,1,100.0,23,23,52.0,100.0,9,39.1,9
9,Tetairoa McMillan,158735,WR,CAR,1,0,5,59.5,100.0,10,43.5,10,58.8,0,100.0,23,23,59.8,100.0,11,47.8,11
9,Adam Trautman,109795,TE,DEN,1,0,10,44.3,100.0,12,54.5,12,50.8,0,100.0,22,22,85.0,100.0,8,36.4,8
9,Garett Bolles,11775,T,DEN,1,0,10,57.4,100.0,12,54.5,12,81.0,0,100.0,22,22,93.6,100.0,8,36.4,8
9,Jackson Hawes,109374,TE,BUF,1,0,4,52.3,100.0,15,68.2,15,54.6,0,100.0,22,22,59.8,100.0,5,22.7,5
9,Mason McCormick,78326,G,PIT,1,0,25,55.4,100.0,8,36.4,8,49.9,0,100.0,22,22,50.2,100.0,12,54.5,12
9,Mike McGlinchey,46275,T,DEN,1,0,10,53.3,100.0,12,54.5,12,57.8,0,100.0,22,22,64.9,100.0,8,36.4,8
9,Luke Wattenberg,41024,C,DEN,1,0,10,71.7,100.0,12,54.5,12,65.3,0,100.0,22,22,55.6,100.0,8,36.4,8
9,Troy Fautanu,100521,T,PIT,1,0,25,51.5,100.0,8,36.4,8,46.0,0,100.0,22,22,47.9,100.0,12,54.5,12
9,Sean Rhyan,72009,C,GB,1,0,12,56.8,100.0,11,50.0,11,44.2,1,100.0,22,22,40.6,100.0,11,50.0,11
9,Broderick Jones,124025,T,PIT,1,0,25,48.9,100.0,8,36.4,8,47.8,0,100.0,22,22,63.1,100.0,12,54.5,12
9,Alex Palczewski,59738,G,DEN,1,0,10,59.7,100.0,12,54.5,12,55.0,0,100.0,22,22,52.3,100.0,8,36.4,8
9,Keon Coleman,144949,WR,BUF,1,0,4,61.6,100.0,9,40.9,9,59.4,0,100.0,22,22,58.8,100.0,11,50.0,11
9,Zach Frazier,123419,C,PIT,1,0,25,65.4,100.0,8,36.4,8,59.0,0,100.0,22,22,54.5,100.0,12,54.5,12
9,Quinn Meinerz,112915,G,DEN,1,0,10,75.0,100.0,12,54.5,12,73.8,0,100.0,22,22,65.4,100.0,8,36.4,8
9,Jared Goff,10635,QB,DET,1,0,11,60.0,100.0,8,38.1,8,60.0,0,100.0,21,21,60.0,100.0,13,61.9,13
9,Grey Zabel,125314,G,SEA,1,0,29,56.4,100.0,6,28.6,6,44.8,0,100.0,21,21,43.6,100.0,13,61.9,13
9,Aaron Rodgers,2241,QB,PIT,1,0,25,60.0,100.0,8,38.1,8,60.0,0,95.5,21,22,60.0,100.0,12,57.1,12
9,Graham Glasgow,10729,C,DET,1,0,11,52.0,100.0,8,38.1,8,47.3,0,100.0,21,21,50.2,100.0,13,61.9,13
9,Tyler Higbee,10744,TE,LA,1,0,26,67.8,100.0,12,57.1,12,55.3,0,100.0,21,21,56.4,100.0,8,38.1,8
9,Sam LaPorta,101690,TE,DET,1,0,11,77.7,100.0,8,38.1,8,64.1,0,100.0,21,21,53.9,100.0,13,61.9,13
9,Charles Cross,98401,T,SEA,1,0,29,57.0,100.0,6,28.6,6,50.6,0,100.0,21,21,50.3,100.0,13,61.9,13
9,Justin Herbert,28237,QB,LAC,1,0,27,60.0,100.0,14,66.7,14,60.0,0,80.8,21,26,60.0,100.0,7,33.3,7
9,Sam Darnold,29048,QB,SEA,1,0,29,60.0,100.0,6,28.6,6,60.0,0,100.0,21,21,60.0,100.0,13,61.9,13
9,Trey Pipkins III,91462,T,LAC,1,0,27,41.7,100.0,11,52.4,11,31.9,0,100.0,21,21,33.7,100.0,5,23.8,5
9,Jalen Sundell,91396,C,SEA,1,0,29,62.7,100.0,6,28.6,6,70.8,0,100.0,21,21,72.0,100.0,13,61.9,13
9,John Bates,42275,TE,WAS,1,0,32,64.7,100.0,17,81.0,17,63.5,0,100.0,21,21,58.1,100.0,4,19.0,4
9,Penei Sewell,81788,T,DET,1,0,11,78.8,100.0,8,38.1,8,91.2,0,100.0,21,21,83.0,100.0,13,61.9,13
9,Courtland Sutton,48164,WR,DEN,1,0,10,60.7,100.0,12,57.1,12,56.3,0,100.0,21,21,54.4,100.0,8,38.1,8
9,Tucker Fisk,52286,TE,LAC,1,0,27,74.6,100.0,12,57.1,12,72.2,0,100.0,21,21,60.1,100.0,4,19.0,4
9,Cody White,61448,WR,SEA,1,0,29,77.0,100.0,5,25.0,5,68.1,0,100.0,20,20,55.4,100.0,14,70.0,14
9,Olamide Zaccheaus,44920,WR,CHI,1,0,6,57.9,100.0,11,55.0,11,67.7,0,100.0,20,20,53.4,100.0,8,40.0,8
9,Ronnie Stanley,10640,T,BLT,1,0,3,47.1,100.0,9,45.0,9,65.6,0,100.0,20,20,78.2,100.0,10,50.0,10
9,Sam Cosmi,60114,G,WAS,1,0,32,70.3,100.0,14,70.0,14,65.8,0,100.0,20,20,55.6,100.0,6,30.0,6
9,Zay Flowers,97268,WR,BLT,1,0,3,54.9,100.0,9,45.0,9,51.7,0,100.0,20,20,53.4,100.0,10,50.0,10
9,Brian Thomas Jr.,146760,WR,JAX,1,0,15,59.8,100.0,10,50.0,10,60.1,0,100.0,20,20,60.9,100.0,6,30.0,6
9,Scott Matlock,82482,FB,LAC,1,0,27,48.4,100.0,10,50.0,10,63.2,0,100.0,20,20,78.8,100.0,5,25.0,5
9,Laremy Tunsil,10647,T,WAS,1,0,32,60.9,100.0,14,70.0,14,53.7,0,100.0,20,20,47.1,100.0,6,30.0,6
9,Bo Nix,97790,QB,DEN,1,0,10,60.0,83.3,10,50.0,12,60.0,0,90.9,20,22,60.0,100.0,8,40.0,8
9,J.J. McCarthy,144918,QB,MIN,1,0,18,60.0,87.5,7,35.0,8,60.0,0,71.4,20,28,60.0,84.6,11,55.0,13
9,Tate Ratledge,124034,G,DET,1,0,11,56.8,100.0,8,40.0,8,67.9,0,100.0,20,20,72.8,100.0,12,60.0,12
9,Dan Moore Jr.,60120,T,TEN,1,0,31,45.1,100.0,9,47.4,9,47.3,0,100.0,19,19,67.5,100.0,10,52.6,10
9,Austin Hooper,10715,TE,NE,1,0,19,65.3,100.0,13,68.4,13,68.7,0,100.0,19,19,67.8,100.0,3,15.8,3
9,JC Latham,146596,T,TEN,1,0,31,52.2,100.0,9,47.4,9,78.4,0,100.0,19,19,85.6,100.0,10,52.6,10
9,Hunter Henry,10669,TE,NE,1,0,19,44.9,100.0,14,73.7,14,46.3,0,100.0,19,19,60.1,100.0,2,10.5,2
9,Taylor Decker,10650,T,DET,1,0,11,45.3,100.0,8,42.1,8,48.3,0,100.0,19,19,56.4,100.0,11,57.9,11
9,Lloyd Cushenberry III,41924,C,TEN,1,0,31,59.0,100.0,9,47.4,9,44.7,0,100.0,19,19,49.7,100.0,10,52.6,10
9,Jaylon Moore,43678,T,KC,1,0,16,55.4,100.0,3,15.8,3,57.8,0,100.0,19,19,60.6,100.0,14,73.7,14
9,Michael Wilson,84423,WR,ARZ,1,0,1,50.0,100.0,17,89.5,17,50.6,0,100.0,19,19,59.9,100.0,2,10.5,2
9,Aaron Brewer,46014,C,MIA,1,0,17,65.2,100.0,5,26.3,5,73.6,0,100.0,19,19,61.0,100.0,11,57.9,11
9,T.J. Hockenson,40912,TE,MIN,1,0,18,60.1,100.0,4,21.1,4,80.4,0,100.0,19,19,80.5,100.0,13,68.4,13
9,Amon-Ra St. Brown,84470,WR,DET,1,0,11,58.1,100.0,8,42.1,8,41.6,0,100.0,19,19,59.0,100.0,11,57.9,11
9,Christian Mahogany,98261,G,DET,1,0,11,43.7,100.0,7,36.8,7,67.7,0,100.0,19,19,81.5,100.0,12,63.2,12
9,Creed Humphrey,59996,C,KC,1,0,16,56.3,100.0,3,15.8,3,69.1,0,100.0,19,19,75.0,100.0,14,73.7,14
9,Larry Borom,59879,T,MIA,1,0,17,60.0,100.0,5,26.3,5,53.0,0,100.0,19,19,52.3,100.0,11,57.9,11
9,Peter Skoronski,129737,G,TEN,1,0,31,53.0,100.0,9,47.4,9,44.4,0,100.0,19,19,70.4,100.0,10,52.6,10
9,Cole Strange,22976,G,MIA,1,0,17,49.1,100.0,5,26.3,5,48.6,0,100.0,19,19,53.6,100.0,11,57.9,11
9,Blake Fisher,147479,T,HST,1,0,13,68.2,100.0,10,52.6,10,59.6,0,100.0,19,19,51.2,100.0,5,26.3,5
9,Davante Adams,8688,WR,LA,1,0,26,55.6,100.0,12,63.2,12,56.9,0,100.0,19,19,60.5,100.0,7,36.8,7
9,Trey Smith,62960,G,KC,1,0,16,55.6,100.0,3,15.8,3,69.7,0,100.0,19,19,74.8,100.0,14,73.7,14
9,Jonah Savaiinaea,158742,G,MIA,1,0,17,57.0,100.0,5,26.3,5,44.3,0,100.0,19,19,39.9,100.0,11,57.9,11
9,Patrick Paul,101019,T,MIA,1,0,17,64.8,100.0,5,26.3,5,64.1,0,100.0,19,19,50.9,100.0,11,57.9,11
9,Kingsley Suamataia,146558,G,KC,1,0,16,55.4,100.0,3,15.8,3,75.4,0,100.0,19,19,80.9,100.0,14,73.7,14
9,Tyrell Shavers,61107,WR,BUF,1,0,4,58.8,100.0,10,52.6,10,41.7,0,100.0,19,19,61.4,100.0,7,36.8,7
9,Patrick Mahomes,11765,QB,KC,1,0,16,60.0,100.0,3,15.8,3,60.1,0,100.0,19,19,60.0,100.0,14,73.7,14
9,Tua Tagovailoa,60326,QB,MIA,1,0,17,60.0,100.0,5,26.3,5,60.0,0,100.0,19,19,60.0,100.0,11,57.9,11
9,Dyami Brown,77986,WR,JAX,1,0,15,41.2,100.0,9,47.4,9,41.1,0,95.0,19,20,61.0,85.7,6,31.6,7
9,Kevin Zeitler,7032,G,TEN,1,0,31,66.4,100.0,9,47.4,9,62.8,0,100.0,19,19,70.8,100.0,10,52.6,10
9,Stone Forsythe,41795,T,LV,1,0,23,46.1,100.0,6,33.3,6,62.5,0,100.0,18,18,79.0,100.0,8,44.4,8
9,Theo Johnson,129787,TE,NYG,1,0,21,55.6,100.0,8,44.4,8,70.0,0,100.0,18,18,77.9,100.0,6,33.3,6
9,Chris Moore,10741,WR,WAS,1,0,32,61.8,100.0,15,83.3,15,61.9,0,100.0,18,18,60.2,100.0,3,16.7,3
9,Jayden Daniels,97993,QB,WAS,1,0,32,60.0,92.3,12,66.7,13,60.0,0,94.7,18,19,60.0,100.0,6,33.3,6
9,Isaiah Likely,83955,TE,BLT,1,0,3,48.1,100.0,6,33.3,6,63.5,0,100.0,18,18,74.7,100.0,9,50.0,9
9,DJ Glaze,129511,T,LV,1,0,23,45.7,100.0,6,33.3,6,45.8,0,100.0,18,18,52.6,100.0,8,44.4,8
9,Darnell Washington,124044,TE,PIT,1,0,25,58.7,100.0,5,27.8,5,71.1,0,100.0,18,18,75.0,100.0,11,61.1,11
9,Nick Vannett,10728,TE,MIN,1,0,18,58.5,100.0,8,44.4,8,65.2,0,100.0,18,18,70.6,100.0,4,22.2,4
9,Andrew Thomas,59701,T,NYG,1,0,21,71.6,100.0,8,44.4,8,80.6,0,100.0,18,18,84.8,100.0,6,33.3,6
9,Jackson Powers-Johnson,146550,G,LV,1,0,23,49.8,100.0,6,33.3,6,53.8,0,100.0,18,18,60.9,100.0,8,44.4,8
9,Marcus Mbow,145113,T,NYG,1,0,21,75.8,100.0,8,44.4,8,82.3,0,100.0,18,18,80.7,100.0,6,33.3,6
9,Jordan Meredith,60235,C,LV,1,0,23,57.2,100.0,6,33.3,6,65.2,0,100.0,18,18,70.8,100.0,8,44.4,8
9,Jon Runyan,36661,G,NYG,1,0,21,60.7,100.0,8,44.4,8,61.1,0,100.0,18,18,75.1,100.0,6,33.3,6
9,Oronde Gadsden II,144046,TE,LAC,1,0,27,67.8,100.0,7,38.9,7,65.5,0,100.0,18,18,60.6,100.0,6,33.3,6
9,Wan'Dale Robinson,101735,WR,NYG,1,0,21,60.5,100.0,8,44.4,8,60.9,0,100.0,18,18,61.2,100.0,6,33.3,6
9,Treylon Burks,99218,WR,WAS,1,0,32,60.7,100.0,14,77.8,14,38.8,0,100.0,18,18,60.6,100.0,4,22.2,4
9,Greg Van Roten,7746,G,NYG,1,0,21,70.5,100.0,8,44.4,8,86.2,0,100.0,18,18,83.7,100.0,6,33.3,6
9,Cam Ward,133244,QB,TEN,1,0,31,59.6,100.0,9,50.0,9,60.1,0,94.7,18,19,60.0,90.0,9,50.0,10
9,Jameson Williams,101701,WR,DET,1,0,11,60.1,100.0,7,38.9,7,75.5,1,100.0,18,18,76.4,100.0,11,61.1,11
9,AJ Barner,129433,TE,SEA,1,0,29,57.1,100.0,5,29.4,5,51.8,0,94.4,17,18,43.8,100.0,11,64.7,11
9,Jalen Coker,143068,WR,CAR,1,0,5,58.7,100.0,6,35.3,6,53.9,0,100.0,17,17,53.4,100.0,10,58.8,10
9,Ja'Tavion Sanders,144717,TE,CAR,1,0,5,45.5,100.0,11,64.7,11,48.1,0,100.0,17,17,59.3,100.0,6,35.3,6
9,Quenton Nelson,12954,G,IND,1,0,14,56.0,100.0,6,35.3,6,61.9,0,100.0,17,17,59.2,100.0,8,47.1,8
9,Braden Smith,46794,T,IND,1,0,14,33.1,100.0,6,35.3,6,42.2,0,100.0,17,17,59.2,100.0,8,47.1,8
9,Matt Goncalves,99680,G,IND,1,0,14,48.8,100.0,6,35.3,6,66.6,0,100.0,17,17,73.1,100.0,8,47.1,8
9,Tanor Bortolini,129915,C,IND,1,0,14,59.0,100.0,6,35.3,6,55.0,0,100.0,17,17,55.0,100.0,8,47.1,8
9,Bernhard Raimann,77948,T,IND,1,0,14,66.6,100.0,6,35.3,6,66.4,0,100.0,17,17,54.7,100.0,8,47.1,8
9,Michael Mayer,122906,TE,LV,1,0,23,55.1,100.0,6,35.3,6,64.3,1,100.0,17,17,76.3,100.0,7,41.2,7
9,Marvin Harrison Jr.,145056,WR,ARZ,1,0,1,62.7,100.0,15,88.2,15,63.2,0,100.0,17,17,60.0,100.0,2,11.8,2
9,Brock Wright,60994,TE,DET,1,0,11,49.1,100.0,5,29.4,5,49.9,0,100.0,17,17,54.6,100.0,12,70.6,12
9,Dylan Parham,60953,G,LV,1,0,23,53.2,100.0,5,29.4,5,64.7,0,100.0,17,17,72.4,100.0,8,47.1,8
9,Charlie Kolar,60917,TE,BLT,1,0,3,57.3,100.0,5,29.4,5,57.5,0,100.0,17,17,59.6,100.0,9,52.9,9
9,Tre Tucker,101106,WR,LV,1,0,23,60.5,100.0,4,25.0,4,74.6,0,100.0,16,16,60.0,100.0,8,50.0,8
9,Ray-Ray McCloud III,47895,WR,NYG,1,0,21,58.0,100.0,8,50.0,8,37.6,0,100.0,16,16,60.4,100.0,4,25.0,4
9,D.K. Metcalf,47864,WR,PIT,1,0,25,60.3,100.0,5,31.3,5,55.5,0,100.0,16,16,54.6,100.0,11,68.8,11
9,Jamaree Salyer,81656,T,LAC,1,0,27,61.5,100.0,8,50.0,8,70.5,0,100.0,16,16,72.6,100.0,3,18.8,3
9,Zay Jones,11792,WR,ARZ,1,0,1,58.6,100.0,15,93.8,15,58.7,0,100.0,16,16,60.0,100.0,1,6.3,1
9,Cooper Beebe,99434,C,DAL,1,0,9,57.0,100.0,7,43.8,7,63.0,0,100.0,16,16,66.3,100.0,9,56.3,9
9,Tytus Howard,25472,G,HST,1,0,13,41.7,100.0,8,50.0,8,44.1,0,100.0,16,16,72.5,100.0,4,25.0,4
9,Mitchell Evans,147486,TE,CAR,1,0,5,39.0,100.0,8,50.0,8,46.6,0,100.0,16,16,68.9,100.0,7,43.8,7
9,Tyler Booker,157001,G,DAL,1,0,9,62.1,100.0,7,43.8,7,82.0,0,100.0,16,16,79.9,100.0,9,56.3,9
9,Tyler Guyton,123076,T,DAL,1,0,9,43.6,100.0,7,43.8,7,60.7,0,100.0,16,16,62.7,100.0,9,56.3,9
9,Khalil Shakir,84140,WR,BUF,1,0,4,54.6,100.0,9,56.3,9,52.7,0,100.0,16,16,55.5,100.0,7,43.8,7
9,Tre Harris,122676,WR,LAC,1,0,27,79.5,100.0,8,50.0,8,74.9,0,100.0,16,16,60.8,100.0,4,25.0,4
9,Tyler Smith,98385,G,DAL,1,0,9,72.4,100.0,7,43.8,7,68.7,0,100.0,16,16,60.6,100.0,9,56.3,9
9,Isaac Seumalo,10713,G,PIT,1,0,25,54.0,100.0,7,43.8,7,50.4,0,100.0,16,16,52.5,100.0,8,50.0,8
9,Jack Westover,84079,FB,NE,1,0,19,67.8,100.0,11,68.8,11,66.7,0,100.0,16,16,59.3,100.0,2,12.5,2
9,Dak Prescott,10769,QB,DAL,1,0,9,60.0,100.0,7,43.8,7,60.0,0,100.0,16,16,60.0,100.0,9,56.3,9
9,Alec Pierce,78038,WR,IND,1,0,14,60.8,100.0,5,31.3,5,59.3,0,100.0,16,16,59.8,100.0,8,50.0,8
9,Orlando Brown Jr.,46227,T,CIN,1,0,7,68.2,100.0,4,26.7,4,72.3,0,100.0,15,15,69.0,100.0,9,60.0,9
9,Tory Horton,128232,WR,SEA,1,0,29,59.5,100.0,5,33.3,5,59.8,0,100.0,15,15,60.4,100.0,9,60.0,9
9,Ted Karras,10855,C,CIN,1,0,7,57.9,100.0,4,26.7,4,68.4,0,100.0,15,15,71.3,100.0,9,60.0,9
9,Darius Slayton,25578,WR,NYG,1,0,21,77.8,100.0,7,46.7,7,76.5,0,100.0,15,15,60.9,100.0,5,33.3,5
9,Jayden Higgins,150240,WR,HST,1,0,13,61.9,100.0,11,73.3,11,62.3,0,100.0,15,15,60.2,100.0,3,20.0,3
9,Daniel Jones,39395,QB,IND,1,0,14,60.0,100.0,6,40.0,6,60.0,0,88.2,15,17,60.0,100.0,8,53.3,8
9,Terence Steele,39461,T,DAL,1,0,9,54.1,100.0,6,40.0,6,46.2,0,100.0,15,15,47.3,100.0,9,60.0,9
9,Kelvin Beachum,7229,T,ARZ,1,0,1,50.3,100.0,14,93.3,14,50.3,0,100.0,15,15,,,0,0.0,0
9,Reggie Gilliam,40951,FB,BUF,1,0,4,56.4,100.0,11,73.3,11,55.5,0,100.0,15,15,60.0,100.0,1,6.7,1
9,Luke Farrell,42353,TE,SF,1,0,28,64.2,100.0,7,46.7,7,67.6,0,100.0,15,15,66.6,100.0,6,40.0,6
9,Amarius Mims,146719,T,CIN,1,0,7,59.7,100.0,4,26.7,4,62.3,0,100.0,15,15,49.7,100.0,9,60.0,9
9,Dylan Fairchild,146716,G,CIN,1,0,7,79.9,100.0,4,26.7,4,70.4,0,100.0,15,15,55.9,100.0,9,60.0,9
9,Dalton Schultz,47304,TE,HST,1,0,13,57.6,100.0,5,33.3,5,70.8,0,100.0,15,15,70.6,100.0,4,26.7,4
9,Patrick Ricard,48862,FB,BLT,1,0,3,59.7,100.0,5,33.3,5,61.5,0,100.0,15,15,62.3,100.0,9,60.0,9
9,Davis Mills,52269,QB,HST,1,0,13,60.0,100.0,10,66.7,10,60.0,0,93.8,15,16,60.0,100.0,2,13.3,2
9,Geno Smith,7820,QB,LV,1,0,23,60.0,100.0,6,40.0,6,60.0,0,83.3,15,18,60.0,100.0,8,53.3,8
9,Travis Kelce,7844,TE,KC,1,0,16,59.6,100.0,2,13.3,2,33.1,0,100.0,15,15,40.0,100.0,12,80.0,12
9,Jordan Whittington,97623,WR,LA,1,0,26,60.4,100.0,7,46.7,7,61.2,0,100.0,15,15,60.3,100.0,5,33.3,5
9,Chimere Dike,129918,WR,TEN,1,0,31,52.8,100.0,6,40.0,6,35.5,1,100.0,15,15,62.3,100.0,9,60.0,9
9,Jaylin Lane,121811,WR,WAS,1,0,32,58.1,100.0,10,66.7,10,59.2,0,100.0,15,15,60.8,100.0,5,33.3,5
9,Jalen Rivers,122221,G,CIN,1,0,7,66.6,100.0,4,26.7,4,51.2,0,100.0,15,15,55.3,100.0,9,60.0,9
9,Nico Collins,61441,WR,HST,1,0,13,61.3,100.0,6,42.9,6,56.8,0,100.0,14,14,60.6,100.0,4,28.6,4
9,Van Jefferson,47447,WR,TEN,1,0,31,60.0,100.0,7,50.0,7,62.7,0,100.0,14,14,60.7,100.0,7,50.0,7
9,Darnell Mooney,48236,WR,ATL,1,0,2,60.2,100.0,3,21.4,3,61.0,0,100.0,14,14,61.1,100.0,10,71.4,10
9,Xavier Hutchinson,122518,WR,HST,1,0,13,43.8,100.0,8,57.1,8,29.6,1,100.0,14,14,50.2,100.0,3,21.4,3
9,Taliese Fuaga,131732,T,NO,1,0,20,67.5,100.0,7,50.0,7,71.8,0,100.0,14,14,69.4,100.0,7,50.0,7
9,Rashee Rice,97605,WR,KC,1,0,16,60.0,100.0,3,21.4,3,58.7,0,87.5,14,16,57.9,91.7,11,78.6,12
9,Michael Pittman Jr.,29049,WR,IND,1,0,14,58.6,100.0,4,28.6,4,58.3,0,100.0,14,14,59.6,100.0,7,50.0,7
9,Rashod Bateman,84296,WR,BLT,1,0,3,60.0,100.0,5,35.7,5,84.1,0,100.0,14,14,84.7,100.0,8,57.1,8
9,Ryan Neuzil,41123,C,ATL,1,0,2,67.1,100.0,3,21.4,3,84.0,0,100.0,14,14,81.5,100.0,10,71.4,10
9,Ja'Marr Chase,84270,WR,CIN,1,0,7,60.0,100.0,4,28.6,4,61.7,0,100.0,14,14,61.7,100.0,9,64.3,9
9,Luke Fortner,42028,C,NO,1,0,20,66.9,100.0,7,50.0,7,69.1,0,100.0,14,14,64.9,100.0,7,50.0,7
9,Trevor Penning,59963,G,NO,1,0,20,63.9,100.0,7,50.0,7,52.9,0,100.0,14,14,46.7,100.0,7,50.0,7
9,Puka Nacua,100632,WR,LA,1,0,26,54.6,100.0,9,64.3,9,69.8,0,93.3,14,15,79.3,100.0,5,35.7,5
9,Terrance Ferguson,146563,TE,LA,1,0,26,46.3,100.0,5,35.7,5,57.4,0,100.0,14,14,72.1,100.0,5,35.7,5
9,Joe Flacco,4332,QB,CIN,1,0,7,60.0,100.0,4,28.6,4,60.0,0,93.3,14,15,60.0,100.0,9,64.3,9
9,Kelvin Banks Jr.,163839,T,NO,1,0,20,69.3,100.0,7,50.0,7,84.4,0,100.0,14,14,84.4,100.0,7,50.0,7
9,Elijah Wilkinson,46238,T,ATL,1,0,2,59.5,100.0,3,21.4,3,72.2,0,100.0,14,14,74.2,100.0,10,71.4,10
9,Jake Matthews,8641,T,ATL,1,0,2,57.2,100.0,3,21.4,3,51.8,0,100.0,14,14,52.2,100.0,10,71.4,10
9,Kyle Hinton,83163,G,ATL,1,0,2,57.6,100.0,3,21.4,3,63.2,0,100.0,14,14,65.6,100.0,10,71.4,10
9,Michael Penix Jr.,82134,QB,ATL,1,0,2,60.0,100.0,3,21.4,3,60.0,0,100.0,14,14,60.0,100.0,10,71.4,10
9,Drew Sample,47259,TE,CIN,1,0,7,58.8,100.0,4,28.6,4,57.2,0,100.0,14,14,57.9,100.0,8,57.1,8
9,Xavier Worthy,144718,WR,KC,1,0,16,60.0,100.0,2,14.3,2,60.1,0,100.0,14,14,60.0,100.0,11,78.6,11
9,Jaylen Waddle,84088,WR,MIA,1,0,17,60.0,100.0,3,23.1,3,58.8,0,100.0,13,13,58.7,100.0,10,76.9,10
9,Elijah Higgins,98027,TE,ARZ,1,0,1,53.4,100.0,10,76.9,10,53.5,0,100.0,13,13,,,0,0.0,0
9,Christian Watson,66581,WR,GB,1,0,12,80.8,100.0,6,46.2,6,77.3,0,100.0,13,13,60.3,100.0,7,53.8,7
9,Jaxson Dart,146409,QB,NYG,1,0,21,60.0,62.5,5,38.5,8,60.0,0,72.2,13,18,60.0,100.0,6,46.2,6
9,Jakobi Meyers,47468,WR,LV,1,0,23,60.0,100.0,2,15.4,2,59.2,0,100.0,13,13,59.7,100.0,7,53.8,7
9,Durham Smythe,47257,TE,CHI,1,0,6,60.2,100.0,5,38.5,5,65.3,0,100.0,13,13,65.8,100.0,8,61.5,8
9,Laken Tomlinson,9461,G,HST,1,0,13,58.1,100.0,6,46.2,6,55.1,0,100.0,13,13,55.4,100.0,4,30.8,4
9,Kyle Pitts,83964,TE,ATL,1,0,2,55.7,100.0,3,23.1,3,51.0,0,100.0,13,13,65.1,100.0,9,69.2,9
9,Tucker Kraft,104034,TE,GB,1,0,12,59.1,100.0,9,69.2,9,71.2,0,100.0,13,13,81.0,100.0,4,30.8,4
9,George Pickens,99229,WR,DAL,1,0,9,60.0,100.0,5,38.5,5,50.8,0,100.0,13,13,48.8,100.0,8,61.5,8
9,Jawaan Taylor,41665,T,KC,1,0,16,63.8,100.0,1,7.7,1,39.2,0,100.0,13,13,29.8,100.0,10,76.9,10
9,Drake London,86519,WR,ATL,1,0,2,54.8,100.0,3,23.1,3,78.1,0,100.0,13,13,88.9,100.0,9,69.2,9
9,Xavier Legette,99197,WR,CAR,1,0,5,56.9,100.0,7,53.8,7,38.5,0,100.0,13,13,59.6,100.0,6,46.2,6
9,Elic Ayomanor,157263,WR,TEN,1,0,31,36.7,100.0,6,50.0,6,39.9,1,100.0,12,12,59.7,100.0,6,50.0,6
9,Ladd McConkey,124030,WR,LAC,1,0,27,53.9,100.0,8,66.7,8,50.5,0,100.0,12,12,55.8,100.0,4,33.3,4
9,Quentin Johnston,123085,WR,LAC,1,0,27,55.3,100.0,8,66.7,8,56.0,0,100.0,12,12,60.4,100.0,4,33.3,4
9,Troy Franklin,146567,WR,DEN,1,0,10,60.2,100.0,4,33.3,4,59.6,0,85.7,12,14,59.9,87.5,7,58.3,8
9,Tyler Warren,129798,TE,IND,1,0,14,59.5,100.0,2,16.7,2,62.4,0,100.0,12,12,63.7,100.0,7,58.3,7
9,Ryan Flournoy,159617,WR,DAL,1,0,9,60.4,100.0,6,50.0,6,59.8,0,100.0,12,12,59.5,100.0,6,50.0,6
9,Ben Sinnott,122616,TE,WAS,1,0,32,57.5,100.0,8,66.7,8,57.7,0,100.0,12,12,59.7,100.0,4,33.3,4
9,Deebo Samuel,48274,WR,WAS,1,0,32,59.9,88.9,8,66.7,9,60.7,0,92.3,12,13,60.6,100.0,4,33.3,4
9,Brycen Tremayne,84425,WR,CAR,1,0,5,60.2,100.0,6,50.0,6,58.7,0,100.0,12,12,58.2,100.0,6,50.0,6
9,Gunnar Helm,144726,TE,TEN,1,0,31,48.2,100.0,6,50.0,6,66.6,0,100.0,12,12,76.1,100.0,6,50.0,6
9,Benjamin Yurosek,131786,TE,MIN,1,0,18,59.3,100.0,6,50.0,6,59.6,0,100.0,12,12,60.0,100.0,1,8.3,1
9,Stefon Diggs,9579,WR,NE,1,0,19,62.9,100.0,9,75.0,9,63.8,0,100.0,12,12,60.2,100.0,3,25.0,3
9,Chris Lindstrom,46692,G,ATL,1,0,2,68.4,100.0,3,25.0,3,84.8,0,100.0,12,12,81.4,100.0,8,66.7,8
9,Harrison Bryant,26394,TE,HST,1,0,13,52.5,100.0,8,66.7,8,53.3,0,100.0,12,12,60.2,100.0,2,16.7,2
9,Brock Bowers,146715,TE,LV,1,0,23,61.1,100.0,6,50.0,6,59.8,0,92.3,12,13,59.9,100.0,4,33.3,4
9,Ben Skowronek,27948,WR,PIT,1,0,25,60.6,100.0,4,33.3,4,60.7,0,100.0,12,12,60.4,100.0,7,58.3,7
9,Juice Scruggs,81800,G,HST,1,0,13,39.2,100.0,7,58.3,7,38.7,0,100.0,12,12,56.6,100.0,2,16.7,2
9,Pat Bryant,144800,WR,DEN,1,0,10,71.1,100.0,5,45.5,5,71.3,0,100.0,11,11,62.6,100.0,5,45.5,5
9,John Michael Schmitz Jr.,55238,C,NYG,1,0,21,59.9,100.0,3,27.3,3,60.3,0,100.0,11,11,64.7,100.0,5,45.5,5
9,Jake Ferguson,61081,TE,DAL,1,0,9,58.6,100.0,4,36.4,4,56.7,0,100.0,11,11,57.0,100.0,7,63.6,7
9,Malik Heath,124173,WR,GB,1,0,12,60.6,100.0,5,45.5,5,38.3,0,100.0,11,11,60.2,100.0,6,54.5,6
9,CeeDee Lamb,61570,WR,DAL,1,0,9,60.4,100.0,5,45.5,5,61.6,0,100.0,11,11,61.3,100.0,6,54.5,6
9,Cole Kmet,60995,TE,CHI,1,0,6,59.4,100.0,7,63.6,7,58.9,0,100.0,11,11,59.1,100.0,4,36.4,4
9,Tanner Conner,22777,TE,MIA,1,0,17,49.4,100.0,4,36.4,4,38.9,0,100.0,11,11,46.0,100.0,5,45.5,5
9,Mo Alie-Cox,12078,TE,IND,1,0,14,57.5,100.0,5,45.5,5,57.6,0,100.0,11,11,59.3,100.0,4,36.4,4
9,Noah Gray,60878,TE,KC,1,0,16,59.6,100.0,2,18.2,2,63.6,0,100.0,11,11,66.6,100.0,8,72.7,8
9,Chris Olave,84355,WR,NO,1,0,20,53.7,100.0,5,45.5,5,55.0,0,100.0,11,11,60.7,100.0,6,54.5,6
9,Kyle Williams,128374,WR,NE,1,0,19,61.1,100.0,8,72.7,8,61.9,0,100.0,11,11,60.0,100.0,3,27.3,3
9,Jalen Nailor,84292,WR,MIN,1,0,18,,,0,0.0,0,59.3,0,100.0,10,10,59.8,100.0,9,90.0,9
9,David Sills V,34579,WR,ATL,1,0,2,59.9,100.0,2,20.0,2,37.3,0,100.0,10,10,58.8,100.0,8,80.0,8
9,Malik Washington,97108,WR,MIA,1,0,17,57.5,100.0,3,30.0,3,36.8,0,76.9,10,13,59.0,100.0,7,70.0,7
9,Chigoziem Okonkwo,84000,TE,TEN,1,0,31,33.7,100.0,4,40.0,4,32.9,0,100.0,10,10,52.3,100.0,6,60.0,6
9,Elijah Arroyo,143933,TE,SEA,1,0,29,44.6,100.0,2,20.0,2,57.7,0,100.0,10,10,70.0,100.0,6,60.0,6
9,Joe Alt,147481,T,LAC,1,0,27,52.3,100.0,6,60.0,6,53.7,0,100.0,10,10,60.1,100.0,4,40.0,4
9,Rashid Shaheed,63707,WR,NO,1,0,20,60.3,100.0,5,50.0,5,60.7,0,100.0,10,10,60.4,100.0,5,50.0,5
9,Tyler Shough,83537,QB,NO,1,0,20,60.0,75.0,3,30.0,4,60.0,0,90.9,10,11,60.0,100.0,7,70.0,7
9,Tee Higgins,61211,WR,CIN,1,0,7,60.0,100.0,2,20.0,2,55.2,0,100.0,10,10,54.7,100.0,8,80.0,8
9,Roman Wilson,129604,WR,PIT,1,0,25,60.2,100.0,4,40.0,4,83.9,0,100.0,10,10,85.7,100.0,6,60.0,6
9,Nick Westbrook-Ikhine,47861,WR,MIA,1,0,17,60.2,100.0,3,30.0,3,54.1,0,100.0,10,10,58.5,100.0,5,50.0,5
9,Spencer Anderson,81719,G,PIT,1,0,25,45.8,100.0,4,40.0,4,30.5,0,100.0,10,10,36.0,100.0,5,50.0,5
9,Curtis Samuel,11795,WR,BUF,1,0,4,59.7,100.0,5,50.0,5,36.8,0,100.0,10,10,59.2,100.0,4,40.0,4
9,Josh Downs,122832,WR,IND,1,0,14,60.0,100.0,4,40.0,4,60.4,0,100.0,10,10,60.3,100.0,4,40.0,4
9,Cesar Ruiz,59857,G,NO,1,0,20,54.5,100.0,5,50.0,5,42.7,0,100.0,10,10,43.5,100.0,5,50.0,5
9,Luke Musgrave,98499,TE,GB,1,0,12,55.3,100.0,3,30.0,3,44.3,0,100.0,10,10,45.8,100.0,7,70.0,7
9,Zach Ertz,7816,TE,WAS,1,0,32,57.2,100.0,6,60.0,6,57.6,0,100.0,10,10,59.9,100.0,4,40.0,4
9,Tylan Wallace,61577,WR,BLT,1,0,3,60.0,100.0,1,11.1,1,58.9,0,100.0,9,9,59.9,100.0,5,55.6,5
9,Tim Jones,61669,WR,JAX,1,0,15,60.0,100.0,3,33.3,3,59.2,0,100.0,9,9,58.8,100.0,4,44.4,4
9,Robbie Ouzts,146594,FB,SEA,1,0,29,60.0,100.0,1,11.1,1,51.7,0,100.0,9,9,52.0,100.0,7,77.8,7
9,DeAndre Hopkins,7808,WR,BLT,1,0,3,60.0,100.0,4,44.4,4,34.9,0,100.0,9,9,61.0,100.0,5,55.6,5
9,Mark Andrews,47436,TE,BLT,1,0,3,82.2,100.0,4,44.4,4,78.8,0,81.8,9,11,60.3,100.0,5,55.6,5
9,Foster Moreau,47043,TE,NO,1,0,20,65.2,100.0,6,66.7,6,57.7,0,100.0,9,9,51.4,100.0,3,33.3,3
9,Joe Noteboom,46249,T,BLT,1,0,3,59.9,100.0,1,11.1,1,65.1,0,100.0,9,9,70.7,100.0,5,55.6,5
9,John FitzPatrick,83974,TE,GB,1,1,12,79.2,100.0,4,44.4,4,60.0,1,100.0,9,9,35.4,100.0,5,55.6,5
9,Matthew Golden,156165,WR,GB,1,0,12,54.6,100.0,7,77.8,7,54.7,0,100.0,9,9,59.9,100.0,2,22.2,2
9,Johnny Mundt,12206,TE,JAX,1,0,15,71.0,100.0,3,33.3,3,78.3,0,100.0,9,9,72.4,100.0,5,55.6,5
9,Demarcus Robinson,10760,WR,SF,1,0,28,60.0,100.0,3,33.3,3,83.0,0,100.0,9,9,84.9,100.0,5,55.6,5
9,C.J. Stroud,129759,QB,HST,1,0,13,60.0,100.0,3,33.3,3,60.0,0,100.0,9,9,60.0,100.0,4,44.4,4
9,Calvin Austin III,61418,WR,PIT,1,0,25,58.7,100.0,3,33.3,3,33.1,0,100.0,9,9,61.1,100.0,6,66.7,6
9,Juwan Johnson,28305,TE,NO,1,0,20,55.8,100.0,3,37.5,3,69.8,0,100.0,8,8,80.3,100.0,5,62.5,5
9,Marcus Mariota,9435,QB,WAS,1,0,32,60.0,100.0,7,87.5,7,60.0,0,100.0,8,8,60.0,100.0,1,12.5,1
9,Andrei Iosivas,109811,WR,CIN,1,0,7,60.2,100.0,2,25.0,2,55.3,0,88.9,8,9,54.7,100.0,6,75.0,6
9,Savion Williams,123101,WR,GB,1,0,12,58.1,100.0,4,50.0,4,58.6,0,100.0,8,8,60.0,100.0,4,50.0,4
9,Cedrick Wilson Jr.,48170,WR,MIA,1,0,17,60.0,100.0,2,25.0,2,88.8,0,100.0,8,8,46.2,100.0,5,62.5,5
9,Nick Kallerup,101679,TE,SEA,1,0,29,57.2,100.0,2,25.0,2,66.4,0,100.0,8,8,70.2,100.0,6,75.0,6
9,Andrew Wylie,12333,G,WAS,1,0,32,65.2,100.0,6,85.7,6,62.1,0,100.0,7,7,60.0,100.0,1,14.3,1
9,Jaxon Smith-Njigba,129758,WR,SEA,1,0,29,58.9,100.0,3,42.9,3,58.8,0,87.5,7,8,60.2,100.0,4,57.1,4
9,Jordan Mason,62946,HB,MIN,1,0,18,60.0,14.3,1,14.3,7,59.7,0,38.9,7,18,60.0,33.3,2,28.6,6
9,Ricky White,129639,WR,SEA,1,0,29,60.0,100.0,1,14.3,1,57.7,0,100.0,7,7,57.7,100.0,6,85.7,6
9,Trent Sherfield,48021,WR,DEN,1,0,10,58.3,100.0,5,71.4,5,58.7,0,100.0,7,7,60.0,100.0,2,28.6,2
9,Jack Stoll,42058,TE,NO,1,0,20,61.1,100.0,5,71.4,5,60.4,0,100.0,7,7,59.3,100.0,2,28.6,2
9,Christian Kirk,47546,WR,HST,1,0,13,59.7,100.0,1,14.3,1,54.3,0,100.0,7,7,60.3,100.0,3,42.9,3
9,Xavier Smith,102585,WR,LA,1,0,26,60.0,100.0,2,28.6,2,60.0,0,100.0,7,7,60.0,100.0,1,14.3,1
9,Jonnu Smith,11855,TE,PIT,1,0,25,59.4,100.0,3,42.9,3,59.2,0,100.0,7,7,59.9,100.0,3,42.9,3
9,Chuma Edoga,46232,T,JAX,1,0,15,36.3,100.0,4,57.1,4,38.3,0,100.0,7,7,59.9,100.0,2,28.6,2
9,JuJu Smith-Schuster,11817,WR,KC,1,0,16,60.0,100.0,1,14.3,1,84.9,0,100.0,7,7,60.0,100.0,4,57.1,4
9,Pat Freiermuth,84085,TE,PIT,1,0,25,60.3,100.0,3,42.9,3,60.7,0,100.0,7,7,60.5,100.0,3,42.9,3
9,Austin Schlottmann,30097,C,NYG,1,0,21,51.9,100.0,5,71.4,5,51.5,0,100.0,7,7,60.0,100.0,1,14.3,1
9,Brandon Coleman,123068,T,WAS,1,0,32,57.2,100.0,6,85.7,6,57.8,0,100.0,7,7,60.0,100.0,1,14.3,1
9,Daniel Brunskill,34807,G,MIA,1,0,17,60.0,100.0,1,14.3,1,67.7,0,100.0,7,7,69.3,100.0,5,71.4,5
9,Wanya Morris,98247,T,KC,1,0,16,58.3,100.0,2,33.3,2,59.3,1,100.0,6,6,61.2,100.0,4,66.7,4
9,Dalton Kincaid,91791,TE,BUF,1,0,4,60.0,100.0,1,16.7,1,75.9,0,100.0,6,6,76.3,100.0,4,66.7,4
9,Elijah Moore,84302,WR,BUF,1,0,4,60.0,100.0,1,16.7,1,59.0,0,100.0,6,6,59.8,100.0,4,66.7,4
9,Kalif Raymond,11028,WR,DET,1,0,11,58.6,100.0,2,33.3,2,78.9,0,100.0,6,6,60.4,100.0,4,66.7,4
9,Brevyn Spann-Ford,84006,TE,DAL,1,0,9,37.0,100.0,4,66.7,4,42.8,0,100.0,6,6,60.0,100.0,2,33.3,2
9,Marquise Brown,61568,WR,KC,1,0,16,58.1,100.0,2,33.3,2,58.4,0,100.0,6,6,60.2,100.0,4,66.7,4
9,Luke Schoonmaker,84005,TE,DAL,1,0,9,55.4,100.0,2,33.3,2,51.5,0,100.0,6,6,60.3,100.0,4,66.7,4
9,Josiah Deguara,47034,TE,ARZ,1,0,1,47.3,100.0,3,50.0,3,47.3,0,100.0,6,6,,,0,0.0,0
9,Tyler Lockett,9502,WR,LV,1,0,23,,,0,0.0,0,58.1,0,100.0,6,6,58.5,100.0,5,83.3,5
9,Brandin Cooks,8655,WR,NO,1,0,20,60.0,100.0,2,33.3,2,61.0,0,100.0,6,6,60.4,100.0,4,66.7,4
9,Austin Trammell,52195,WR,JAX,1,0,15,60.0,100.0,3,50.0,3,60.0,0,100.0,6,6,60.0,100.0,1,16.7,1
9,British Brooks,77714,FB,HST,1,0,13,54.8,100.0,4,66.7,4,52.6,0,75.0,6,8,57.4,100.0,2,33.3,2
9,Kayshon Boutte,124087,WR,NE,1,0,19,61.2,100.0,6,100.0,6,61.2,0,100.0,6,6,,,0,0.0,0
9,Evan Engram,11778,TE,DEN,1,0,10,50.1,100.0,3,60.0,3,51.3,0,100.0,5,5,60.0,100.0,1,20.0,1
9,Mitchell Tinsley,123470,WR,CIN,1,0,7,60.0,100.0,1,20.0,1,54.2,0,100.0,5,5,60.0,100.0,2,40.0,2
9,Jimmy Horn Jr.,144483,WR,CAR,1,0,5,59.8,100.0,2,40.0,2,59.4,0,71.4,5,7,59.6,100.0,3,60.0,3
9,Corey Levin,11972,C,TEN,1,0,31,58.5,100.0,3,60.0,3,58.5,0,100.0,5,5,59.8,100.0,2,40.0,2
9,Ian Thomas,42130,TE,LV,1,0,23,58.7,100.0,4,80.0,4,67.7,0,100.0,5,5,63.4,100.0,1,20.0,1
9,Chandler Zavala,144009,G,CAR,1,0,5,66.1,100.0,2,40.0,2,54.9,0,100.0,5,5,50.5,100.0,2,40.0,2
9,Noah Fant,42388,TE,CIN,1,0,7,59.3,100.0,2,40.0,2,59.4,0,100.0,5,5,60.1,100.0,3,60.0,3
9,J.K. Dobbins,57366,HB,DEN,1,0,10,59.8,18.2,2,40.0,11,58.5,0,25.0,5,20,60.0,14.3,1,20.0,7
9,Alec Ingold,34934,FB,MIA,1,0,17,65.8,100.0,2,40.0,2,66.7,0,100.0,5,5,58.7,100.0,2,40.0,2
9,Bobby Hart,9659,T,LAC,1,0,27,56.1,100.0,3,60.0,3,56.2,0,100.0,5,5,59.8,100.0,2,40.0,2
9,Devaughn Vele,100637,WR,NO,1,0,20,59.7,100.0,2,50.0,2,59.7,0,100.0,4,4,60.0,100.0,2,50.0,2
9,De'Von Achane,124305,HB,MIA,1,0,17,59.7,25.0,1,25.0,4,60.1,0,22.2,4,18,,0.0,0,0.0,11
9,Marcedes Lewis,2973,TE,DEN,1,0,10,74.8,100.0,4,100.0,4,74.8,0,100.0,4,4,,,0,0.0,0
9,Woody Marks,124179,HB,HST,1,0,13,,0.0,0,0.0,6,60.0,0,28.6,4,14,,0.0,0,0.0,2
9,Bam Knight,97432,HB,ARZ,1,0,1,,0.0,0,0.0,9,60.0,0,28.6,4,14,60.0,50.0,1,25.0,2
9,LeQuint Allen,158290,HB,JAX,1,0,15,59.9,100.0,1,25.0,1,57.7,0,80.0,4,5,60.0,50.0,1,25.0,2
9,Skyy Moore,97116,WR,SF,1,0,28,,,0,0.0,0,66.9,0,100.0,4,4,60.0,100.0,2,50.0,2
9,Dillon Radunz,30551,G,NO,1,0,20,66.2,100.0,2,50.0,2,80.0,0,100.0,4,4,64.6,100.0,2,50.0,2
9,Robert Tonyan,12193,TE,KC,1,0,16,,,0,0.0,0,59.8,0,100.0,4,4,59.8,100.0,4,100.0,4
9,Devin Singletary,40485,HB,NYG,1,0,21,60.0,50.0,3,75.0,6,60.0,0,33.3,4,12,,0.0,0,0.0,4
9,Ashton Dulin,91479,WR,IND,1,0,14,60.0,100.0,2,50.0,2,59.1,0,100.0,4,4,60.0,100.0,1,25.0,1
9,Andrew Ogletree,138351,TE,IND,1,0,14,53.7,100.0,2,50.0,2,55.6,0,100.0,4,4,60.0,100.0,1,25.0,1
9,Jaylin Noel,125155,WR,HST,1,0,13,60.3,100.0,4,100.0,4,31.4,0,80.0,4,5,,,0,0.0,0
9,Dan Skipper,12307,T,DET,1,0,11,56.9,100.0,2,50.0,2,56.9,0,100.0,4,4,60.9,100.0,2,50.0,2
9,Jaret Patterson,77745,HB,LAC,1,0,27,,0.0,0,0.0,6,60.0,0,30.8,4,13,,0.0,0,0.0,3
9,Demario Douglas,104155,WR,NE,1,0,19,59.5,100.0,3,100.0,3,59.5,0,100.0,3,3,,,0,0.0,0
9,Keenan Allen,7857,WR,LAC,1,0,27,60.3,100.0,3,100.0,3,60.3,0,100.0,3,3,,,0,0.0,0
9,Derrick Henry,10679,HB,BLT,1,0,3,,0.0,0,0.0,7,60.0,0,13.6,3,22,60.0,7.7,1,33.3,13
9,Christian McCaffrey,11763,HB,SF,1,0,28,,0.0,0,0.0,11,60.0,0,10.0,3,30,,0.0,0,0.0,15
9,Josh Jones,26634,T,SEA,1,0,29,,,0,0.0,0,60.0,0,100.0,3,3,60.0,100.0,3,100.0,3
9,Adam Prentice,35639,FB,DEN,1,0,10,59.6,100.0,3,100.0,3,59.6,0,75.0,3,4,,,0,0.0,0
9,Drew Lock,39517,QB,SEA,1,0,29,,,0,0.0,0,60.0,0,100.0,3,3,60.0,100.0,3,100.0,3
9,Kayode Awosika,44909,G,DET,1,0,11,60.0,100.0,1,33.3,1,57.3,0,100.0,3,3,58.7,100.0,2,66.7,2
9,James Proche II,48037,WR,TEN,1,0,31,,,0,0.0,0,83.6,0,100.0,3,3,60.0,100.0,3,100.0,3
9,Travis Etienne Jr.,57185,HB,JAX,1,0,15,,0.0,0,0.0,13,60.0,0,12.5,3,24,60.0,14.3,1,33.3,7
9,Aaron Banks,59983,G,GB,1,0,12,73.0,100.0,2,66.7,2,78.3,0,100.0,3,3,60.0,100.0,1,33.3,1
9,Jake Tonges,60864,TE,SF,1,0,28,57.4,100.0,2,66.7,2,57.5,0,100.0,3,3,,,0,0.0,0
9,Jalen Tolbert,61637,WR,DAL,1,0,9,,,0,0.0,0,59.5,0,100.0,3,3,59.5,100.0,3,100.0,3
9,David Martin-Robinson,77892,TE,TEN,1,0,31,60.0,100.0,2,66.7,2,59.8,0,100.0,3,3,60.0,100.0,1,33.3,1
9,Tyler Allgeier,83639,HB,ATL,1,0,2,60.0,100.0,1,33.3,1,59.1,0,60.0,3,5,60.0,33.3,1,33.3,3
9,Chris Brooks,83644,HB,GB,1,0,12,60.0,100.0,2,66.7,2,60.0,0,100.0,3,3,60.0,100.0,1,33.3,1
9,James Cook,83666,HB,BUF,1,0,4,,0.0,0,0.0,18,60.0,0,9.7,3,31,,0.0,0,0.0,10
9,Olusegun Oluwatimi,98581,C,SEA,1,0,29,,,0,0.0,0,64.7,0,100.0,3,3,64.7,100.0,3,100.0,3
9,Bryce Cabeldue,122550,G,SEA,1,0,29,,,0,0.0,0,66.0,0,100.0,3,3,66.0,100.0,3,100.0,3
9,Ashton Jeanty,157196,HB,LV,1,0,23,,0.0,0,0.0,6,60.0,0,17.6,3,17,,0.0,0,0.0,8
9,Terrell Jennings,102408,HB,NE,1,0,19,,0.0,0,0.0,9,60.0,0,15.4,2,13,,0.0,0,0.0,2
9,Beaux Collins,144112,WR,NYG,1,0,21,,,0,0.0,0,60.0,0,100.0,2,2,60.0,100.0,1,50.0,1
9,Connor Heyward,57301,TE,PIT,1,0,25,60.0,100.0,1,50.0,1,60.0,0,66.7,2,3,,,0,0.0,0
9,Brian Robinson,57120,HB,SF,1,0,28,,0.0,0,0.0,2,60.0,0,28.6,2,7,,0.0,0,0.0,3
9,Greg Dulcich,84068,TE,MIA,1,0,17,,,0,0.0,0,60.0,0,100.0,2,2,60.0,100.0,2,100.0,2
9,Devin Neal,144558,HB,NO,1,0,20,60.0,100.0,2,100.0,2,60.0,0,40.0,2,5,,0.0,0,0.0,3
9,Hayden Rucci,101680,TE,MIA,1,0,17,,,0,0.0,0,63.1,0,100.0,2,2,63.1,100.0,2,100.0,2
9,Chris Rodriguez Jr.,83689,HB,WAS,1,0,32,60.0,18.2,2,100.0,11,60.0,0,14.3,2,14,,0.0,0,0.0,3
9,KeAndre Lambert-Smith,129789,WR,LAC,1,0,27,,,0,0.0,0,60.0,0,100.0,2,2,60.0,100.0,1,50.0,1
9,Greg Dortch,42237,WR,ARZ,1,0,1,60.0,50.0,1,50.0,2,60.1,0,66.7,2,3,60.0,100.0,1,50.0,1
9,LaJohntay Wester,123616,WR,BLT,1,0,3,,,0,0.0,0,60.0,0,100.0,2,2,,,0,0.0,0
9,D'Wayne Eskridge,29573,WR,MIA,1,0,17,60.0,100.0,1,50.0,1,59.8,0,100.0,2,2,,,0,0.0,0
9,Olisaemeka Udoh,28394,T,TEN,1,0,31,57.9,100.0,2,100.0,2,57.9,0,100.0,2,2,,,0,0.0,0
9,Bhayshul Tuten,150568,HB,JAX,1,0,15,,0.0,0,0.0,5,60.0,0,18.2,2,11,,0.0,0,0.0,4
9,Jovaughn Gwyn,81839,G,ATL,1,0,2,,,0,0.0,0,73.8,0,100.0,2,2,73.8,100.0,2,100.0,2
9,Xavier Weaver,101130,WR,ARZ,1,0,1,,,0,0.0,0,60.0,0,100.0,2,2,,,0,0.0,0
9,Chase Brown,77787,HB,CIN,1,0,7,,0.0,0,0.0,3,60.0,0,15.4,2,13,,0.0,0,0.0,8
9,Ozzy Trapilo,123552,T,CHI,1,0,6,75.5,100.0,2,100.0,2,75.5,0,100.0,2,2,,,0,0.0,0
9,Efton Chism III,141521,WR,NE,1,0,19,,,0,0.0,0,60.0,0,100.0,2,2,,,0,0.0,0
9,Ollie Gordon II,157792,HB,MIA,1,0,17,,0.0,0,0.0,2,60.0,0,50.0,2,4,60.0,100.0,1,50.0,1
9,Aaron Jones,11937,HB,MIN,1,0,18,,0.0,0,0.0,1,60.0,0,20.0,2,10,,0.0,0,0.0,7
9,Kyren Williams,97118,HB,LA,1,0,26,,0.0,0,0.0,16,60.0,0,7.1,2,28,,0.0,0,0.0,10
9,Kareem Hunt,11841,HB,KC,1,0,16,,0.0,0,0.0,3,60.0,0,14.3,2,14,,0.0,0,0.0,9
9,Alvin Kamara,11822,HB,NO,1,0,20,59.3,50.0,2,100.0,4,59.3,0,25.0,2,8,,0.0,0,0.0,4
9,Jordan Watkins,122730,WR,SF,1,0,28,,,0,0.0,0,59.9,0,100.0,2,2,59.9,100.0,2,100.0,2
9,Alex Cappa,66578,C,LV,1,0,23,56.2,100.0,2,100.0,2,56.2,0,100.0,2,2,,,0,0.0,0
9,Brashard Smith,143951,HB,KC,1,0,16,,,0,0.0,0,60.0,0,40.0,2,5,60.0,33.3,1,50.0,3
9,Hunter Luepke,91319,FB,DAL,1,0,9,49.6,100.0,2,100.0,2,49.6,0,100.0,2,2,,,0,0.0,0
9,Simi Fehoko,84424,WR,ARZ,1,0,1,60.0,100.0,2,100.0,2,60.0,0,100.0,2,2,,,0,0.0,0
9,Jonathan Taylor,57488,HB,IND,1,0,14,,0.0,0,0.0,5,60.0,0,12.5,2,16,,0.0,0,0.0,8
9,Keaton Mitchell,123826,HB,BLT,1,0,3,,0.0,0,0.0,2,60.0,0,33.3,2,6,,0.0,0,0.0,2
9,Justice Hill,45865,HB,BLT,1,0,3,60.0,50.0,1,100.0,2,60.0,0,50.0,1,2,,,0,0.0,0
9,Ty Johnson,45769,HB,BUF,1,0,4,,,0,0.0,0,60.0,0,33.3,1,3,60.0,33.3,1,100.0,3
9,Charlie Woerner,42257,TE,ATL,1,0,2,,,0,0.0,0,59.0,0,100.0,1,1,59.0,100.0,1,100.0,1
9,Rico Dowdle,40693,HB,CAR,1,0,5,,0.0,0,0.0,14,60.0,1,3.8,1,26,,0.0,0,0.0,11
9,Tony Pollard,27126,HB,TEN,1,0,31,,0.0,0,0.0,7,60.0,0,7.7,1,13,60.0,16.7,1,100.0,6
9,KhaDarel Hodge,26104,WR,ATL,1,0,2,,,0,0.0,0,60.0,0,100.0,1,1,60.0,100.0,1,100.0,1
9,Rigoberto Sanchez,12130,P,IND,1,0,14,,,0,0.0,0,60.0,0,100.0,1,1,,,0,0.0,0
9,Jahdae Walker,175944,WR,CHI,1,0,6,,,0,0.0,0,60.0,0,100.0,1,1,60.0,100.0,1,100.0,1
9,Taysom Hill,12112,TE,NO,1,0,20,,0.0,0,0.0,4,60.0,0,20.0,1,5,60.0,100.0,1,100.0,1
9,Jeremy McNichols,11917,HB,WAS,1,0,32,60.0,100.0,1,100.0,1,60.0,0,50.0,1,2,,0.0,0,0.0,1
9,Lucas Patrick,11435,G,CIN,1,0,7,60.0,100.0,1,100.0,1,60.0,0,100.0,1,1,,,0,0.0,0
9,Luke Rhodes,10940,LS,IND,1,0,14,,,0,0.0,0,60.0,0,100.0,1,1,,,0,0.0,0
9,Jalen Ramsey,10639,S,PIT,1,0,25,,,0,0.0,0,60.0,0,100.0,1,1,,,0,0.0,0
9,Chris Manhertz,10211,TE,NYG,1,0,21,,,0,0.0,0,60.0,0,100.0,1,1,60.0,100.0,1,100.0,1
9,Raheem Mostert,9783,HB,LV,1,0,23,,,0,0.0,0,60.0,0,100.0,1,1,,,0,0.0,0
9,Isaac TeSlaa,172430,WR,DET,1,0,11,,,0,0.0,0,60.0,0,100.0,1,1,60.0,100.0,1,100.0,1
9,Segun Olubi,128312,LB,IND,1,0,14,,,0,0.0,0,60.0,0,100.0,1,1,,,0,0.0,0
9,Kimani Vidal,123727,HB,LAC,1,0,27,,0.0,0,0.0,8,60.0,0,7.7,1,13,,0.0,0,0.0,4
9,Joe Huber,123565,G,MIN,1,0,18,59.8,100.0,1,100.0,1,59.8,0,100.0,1,1,,,0,0.0,0
9,Tahj Brooks,123133,HB,CIN,1,0,7,,,0,0.0,0,60.0,0,50.0,1,2,,0.0,0,0.0,1
9,Bijan Robinson,123126,HB,ATL,1,0,2,,0.0,0,0.0,3,60.0,0,7.7,1,13,60.0,11.1,1,100.0,9
9,Tyler Goodson,101659,HB,IND,1,0,14,,,0,0.0,0,60.0,0,100.0,1,1,,,0,0.0,0
9,Kyle Monangai,129891,HB,CHI,1,0,6,,0.0,0,0.0,13,60.0,0,3.6,1,28,,0.0,0,0.0,14
9,Ray Davis,101072,HB,BUF,1,0,4,,,0,0.0,0,60.0,0,100.0,1,1,,,0,0.0,0
9,Will Putnam,99655,C,LV,1,0,23,60.0,100.0,1,100.0,1,60.0,0,100.0,1,1,,,0,0.0,0
9,Jaylen Warren,98692,HB,PIT,1,0,25,,0.0,0,0.0,8,60.0,0,5.9,1,17,,0.0,0,0.0,8
9,Nathan Thomas,98390,T,DAL,1,0,9,60.0,100.0,1,100.0,1,60.0,0,100.0,1,1,,,0,0.0,0
9,Adetomiwa Adebawore,97934,DI,IND,1,0,14,,,0,0.0,0,60.0,0,100.0,1,1,,,0,0.0,0
9,Zach Charbonnet,97630,HB,SEA,1,0,29,,0.0,0,0.0,4,60.0,0,11.1,1,9,,0.0,0,0.0,4
9,Kenneth Walker III,97199,HB,SEA,1,0,29,,0.0,0,0.0,2,60.0,0,8.3,1,12,,0.0,0,0.0,9
9,Gunner Olszewski,95015,WR,NYG,1,0,21,60.0,100.0,1,100.0,1,60.0,0,100.0,1,1,,,0,0.0,0
9,Tyrone Tracy,84226,HB,NYG,1,0,21,,0.0,0,0.0,2,60.0,0,16.7,1,6,,0.0,0,0.0,2
9,Austin Ajiake,83826,LB,IND,1,0,14,,,0,0.0,0,60.0,0,100.0,1,1,,,0,0.0,0
9,Alec Anderson,81882,G,BUF,1,0,4,,,0,0.0,0,60.0,0,100.0,1,1,,,0,0.0,0
9,Jon Gaines II,81879,G,ARZ,1,0,1,60.0,100.0,1,100.0,1,60.0,0,100.0,1,1,,,0,0.0,0
9,Tyquan Thornton,78092,WR,KC,1,0,16,,,0,0.0,0,60.0,0,100.0,1,1,60.0,100.0,1,100.0,1
9,Thomas Fidone II,144997,TE,NYG,1,0,21,,,0,0.0,0,60.0,0,100.0,1,1,60.0,100.0,1,100.0,1
9,Kenneth Gainwell,77737,HB,PIT,1,0,25,60.0,100.0,1,100.0,1,60.0,0,25.0,1,4,,0.0,0,0.0,3
9,TreVeyon Henderson,145059,HB,NE,1,0,19,,0.0,0,0.0,12,60.0,0,6.7,1,15,,0.0,0,0.0,2
9,Tanner Hudson,66924,TE,CIN,1,0,7,,,0,0.0,0,60.0,0,100.0,1,1,,,0,0.0,0
9,Bo Melton,61610,WR,GB,1,0,12,,,0,0.0,0,60.0,0,100.0,1,1,60.0,100.0,1,100.0,1
9,Brady Russell,60876,FB,SEA,1,0,29,,,0,0.0,0,60.0,0,100.0,1,1,60.0,100.0,1,100.0,1
9,Buddy Johnson,58189,LB,IND,1,0,14,,,0,0.0,0,60.0,0,100.0,1,1,,,0,0.0,0
9,Chuba Hubbard,57373,HB,CAR,1,0,5,,0.0,0,0.0,1,60.0,0,16.7,1,6,,0.0,0,0.0,4
9,Trey Sermon,57372,HB,PIT,1,0,25,,,0,0.0,0,60.0,0,100.0,1,1,,,0,0.0,0
9,Khyiris Tonga,52000,DI,NE,1,0,19,,,0,0.0,0,60.0,0,100.0,1,1,60.0,100.0,1,100.0,1
9,Josh Jacobs,45953,HB,GB,1,0,12,,0.0,0,0.0,12,60.0,0,5.0,1,20,60.0,12.5,1,100.0,8
week,player,player_id,position,team_name,player_game_count,declined_penalties,franchise_id,gap_grades_run_block,gap_run_block_percent,gap_snap_counts_run_block,gap_snap_counts_run_block_percent,gap_snap_counts_run_play,grades_run_block,penalties,run_block_percent,snap_counts_run_block,snap_counts_run_play,zone_grades_run_block,zone_run_block_percent,zone_snap_counts_run_block,zone_snap_counts_run_block_percent,zone_snap_counts_run_play
10,Grey Zabel,125314,G,SEA,1,0,29,28.5,100.0,14,29.8,14,45.7,0,100.0,47,47,64.4,100.0,24,51.1,24
10,Anthony Bradford,99103,G,SEA,1,0,29,54.4,100.0,14,29.8,14,71.1,0,100.0,47,47,78.9,100.0,24,51.1,24
10,Abraham Lucas,60218,T,SEA,1,0,29,29.0,100.0,14,29.8,14,58.4,0,100.0,47,47,79.1,100.0,24,51.1,24
10,Charles Cross,98401,T,SEA,1,0,29,63.9,100.0,14,34.1,14,63.4,0,100.0,41,41,62.5,100.0,21,51.2,21
10,Cody White,61448,WR,SEA,1,0,29,76.7,100.0,12,29.3,12,62.9,0,100.0,41,41,56.7,100.0,21,51.2,21
10,Sam Darnold,29048,QB,SEA,1,0,29,60.0,100.0,14,36.8,14,60.1,0,92.7,38,41,60.0,100.0,21,55.3,21
10,Dillon Radunz,30551,G,NO,1,0,20,32.4,100.0,12,33.3,12,45.5,0,100.0,36,36,60.2,100.0,20,55.6,20
10,Luke Fortner,42028,C,NO,1,0,20,58.5,100.0,12,33.3,12,65.4,0,100.0,36,36,63.2,100.0,20,55.6,20
10,Asim Richards,99674,T,NO,1,0,20,52.5,100.0,12,33.3,12,69.1,0,100.0,36,36,78.5,100.0,20,55.6,20
10,Kelvin Banks Jr.,163839,T,NO,1,0,20,52.2,100.0,12,33.3,12,60.8,0,100.0,36,36,66.7,100.0,20,55.6,20
10,Cesar Ruiz,59857,G,NO,1,0,20,52.3,100.0,12,33.3,12,66.5,0,100.0,36,36,74.6,100.0,20,55.6,20
10,Bernhard Raimann,77948,T,IND,1,0,14,68.8,100.0,28,80.0,28,75.6,0,100.0,35,35,83.0,100.0,5,14.3,5
10,Braden Smith,46794,T,IND,1,0,14,62.1,100.0,28,80.0,28,61.9,0,100.0,35,35,60.5,100.0,5,14.3,5
10,Matt Goncalves,99680,G,IND,1,0,14,62.6,100.0,28,80.0,28,57.4,0,100.0,35,35,48.4,100.0,5,14.3,5
10,Tanor Bortolini,129915,C,IND,1,0,14,76.2,100.0,28,80.0,28,86.1,0,100.0,35,35,73.5,100.0,5,14.3,5
10,Quenton Nelson,12954,G,IND,1,0,14,70.8,100.0,28,80.0,28,68.0,0,100.0,35,35,56.1,100.0,5,14.3,5
10,Daniel Jones,39395,QB,IND,1,0,14,60.2,100.0,28,82.4,28,60.3,0,97.1,34,35,60.0,100.0,5,14.7,5
10,Tate Ratledge,124034,G,DET,1,0,11,67.2,100.0,12,35.3,12,76.5,0,100.0,34,34,76.8,100.0,20,58.8,20
10,Alec Pierce,78038,WR,IND,1,0,14,75.5,100.0,27,79.4,27,83.9,0,100.0,34,34,59.4,100.0,5,14.7,5
10,Kayode Awosika,44909,G,DET,1,0,11,90.0,100.0,12,35.3,12,74.5,0,100.0,34,34,67.9,100.0,20,58.8,20
10,Brett Toth,46848,C,PHI,1,0,24,82.6,100.0,16,48.5,16,71.2,1,100.0,33,33,50.9,100.0,14,42.4,14
10,Tyler Steen,81921,G,PHI,1,0,24,79.3,100.0,16,48.5,16,68.1,0,100.0,33,33,55.2,100.0,14,42.4,14
10,Andrew Vorhees,60818,G,BLT,1,0,3,54.7,100.0,9,27.3,9,47.9,0,100.0,33,33,40.1,100.0,21,63.6,21
10,Jordan Mailata,66916,T,PHI,1,0,24,89.3,100.0,16,48.5,16,91.6,0,100.0,33,33,78.4,100.0,14,42.4,14
10,Daniel Faalele,81734,G,BLT,1,0,3,54.9,100.0,9,27.3,9,52.4,0,100.0,33,33,53.7,100.0,21,63.6,21
10,Tyler Linderbaum,82291,C,BLT,1,0,3,57.4,100.0,9,27.3,9,66.8,0,100.0,33,33,66.6,100.0,21,63.6,21
10,Ronnie Stanley,10640,T,BLT,1,0,3,62.8,100.0,9,27.3,9,58.0,0,100.0,33,33,56.0,100.0,21,63.6,21
10,Landon Dickerson,41712,G,PHI,1,0,24,68.8,100.0,16,48.5,16,61.2,0,100.0,33,33,53.7,100.0,14,42.4,14
10,Roger Rosengarten,131912,T,BLT,1,0,3,54.1,100.0,9,27.3,9,52.6,0,100.0,33,33,55.6,100.0,21,63.6,21
10,Tyler Warren,129798,TE,IND,1,0,14,46.3,100.0,27,84.4,27,42.6,0,100.0,32,32,49.7,100.0,3,9.4,3
10,John Simpson,41715,G,NYJ,1,0,22,55.4,100.0,4,12.5,4,56.4,0,100.0,32,32,57.9,100.0,23,71.9,23
10,Josh Myers,59992,C,NYJ,1,0,22,58.4,100.0,4,12.5,4,66.3,0,100.0,32,32,67.9,100.0,23,71.9,23
10,Joe Tippmann,101568,G,NYJ,1,0,22,58.5,100.0,4,12.5,4,78.0,0,100.0,32,32,76.9,100.0,23,71.9,23
10,Armand Membou,125008,T,NYJ,1,0,22,59.3,100.0,4,12.5,4,65.8,0,100.0,32,32,67.0,100.0,23,71.9,23
10,Olumuyiwa Fashanu,129777,T,NYJ,1,0,22,71.0,100.0,4,12.5,4,61.1,0,100.0,32,32,56.0,100.0,23,71.9,23
10,Kevin Dotson,46735,G,LA,1,0,26,66.8,100.0,15,48.4,15,90.5,0,100.0,31,31,93.1,100.0,13,41.9,13
10,Steve Avila,77319,G,LA,1,0,26,84.8,100.0,15,48.4,15,86.9,0,100.0,31,31,69.6,100.0,13,41.9,13
10,Rob Havenstein,9490,T,LA,1,0,26,77.8,100.0,15,48.4,15,74.9,0,100.0,31,31,64.9,100.0,13,41.9,13
10,Alaric Jackson,40972,T,LA,1,0,26,79.5,100.0,15,48.4,15,91.3,0,100.0,31,31,90.5,100.0,13,41.9,13
10,Mekhi Becton,59818,G,LAC,1,0,27,73.9,100.0,9,29.0,9,58.1,1,100.0,31,31,59.2,100.0,17,54.8,17
10,Austin Deculus,59821,T,LAC,1,0,27,40.9,100.0,9,29.0,9,37.1,0,100.0,31,31,50.8,100.0,17,54.8,17
10,Jalen Hurts,40291,QB,PHI,1,0,24,60.0,100.0,16,51.6,16,60.0,0,93.9,31,33,60.0,100.0,14,45.2,14
10,Zion Johnson,99681,G,LAC,1,0,27,51.6,100.0,9,29.0,9,56.3,1,100.0,31,31,66.8,100.0,17,54.8,17
10,Coleman Shelton,39316,C,LA,1,0,26,61.4,100.0,15,48.4,15,90.3,0,100.0,31,31,94.1,100.0,13,41.9,13
10,Trey Pipkins III,91462,T,LAC,1,0,27,48.7,100.0,9,29.0,9,50.4,0,100.0,31,31,55.1,100.0,17,54.8,17
10,Bradley Bozeman,27934,C,LAC,1,0,27,62.5,100.0,9,29.0,9,58.9,0,100.0,31,31,52.5,100.0,17,54.8,17
10,Jonah Savaiinaea,158742,G,MIA,1,0,17,54.6,100.0,9,30.0,9,46.8,0,100.0,30,30,54.4,100.0,17,56.7,17
10,Larry Borom,59879,T,MIA,1,0,17,48.3,100.0,9,30.0,9,35.3,0,100.0,30,30,34.5,100.0,17,56.7,17
10,Foster Moreau,47043,TE,NO,1,0,20,54.0,100.0,10,33.3,10,41.6,0,100.0,30,30,44.6,100.0,16,53.3,16
10,Patrick Paul,101019,T,MIA,1,0,17,83.9,100.0,9,30.0,9,80.2,0,100.0,30,30,67.1,100.0,17,56.7,17
10,Cole Strange,22976,G,MIA,1,0,17,55.9,100.0,9,30.0,9,48.0,0,100.0,30,30,54.4,100.0,17,56.7,17
10,Aaron Brewer,46014,C,MIA,1,0,17,72.5,100.0,9,30.0,9,72.4,0,100.0,30,30,65.0,100.0,17,56.7,17
10,Olusegun Oluwatimi,98581,C,SEA,1,0,29,73.3,100.0,9,31.0,9,82.5,0,100.0,29,29,79.3,100.0,16,55.2,16
10,DeVonta Smith,61100,WR,PHI,1,0,24,60.9,100.0,14,48.3,14,59.3,0,100.0,29,29,59.1,100.0,13,44.8,13
10,Kyle Hinton,83163,G,ATL,1,0,2,59.4,100.0,3,10.3,3,63.9,0,100.0,29,29,64.3,100.0,25,86.2,25
10,Jake Matthews,8641,T,ATL,1,0,2,59.6,100.0,3,10.3,3,68.7,0,100.0,29,29,69.2,100.0,25,86.2,25
10,Ryan Neuzil,41123,C,ATL,1,0,2,59.6,100.0,3,10.3,3,54.5,0,100.0,29,29,54.3,100.0,25,86.2,25
10,Elijah Wilkinson,46238,T,ATL,1,0,2,55.2,100.0,3,10.3,3,57.9,0,100.0,29,29,59.6,100.0,25,86.2,25
10,Jermaine Eluemunor,11914,T,NYG,1,0,21,51.5,100.0,9,32.1,9,64.0,0,100.0,28,28,82.0,100.0,17,60.7,17
10,Drake London,86519,WR,ATL,1,0,2,60.0,100.0,3,10.7,3,46.8,0,100.0,28,28,64.0,100.0,24,85.7,24
10,Matthew Stafford,4924,QB,LA,1,0,26,60.0,100.0,15,53.6,15,60.0,0,90.3,28,31,60.0,100.0,13,46.4,13
10,Greg Van Roten,7746,G,NYG,1,0,21,64.2,100.0,9,32.1,9,64.0,0,100.0,28,28,55.7,100.0,17,60.7,17
10,Michael Penix Jr.,82134,QB,ATL,1,0,2,60.0,100.0,3,10.7,3,60.0,0,96.6,28,29,60.0,100.0,25,89.3,25
10,Tua Tagovailoa,60326,QB,MIA,1,0,17,60.0,100.0,9,32.1,9,60.0,0,93.3,28,30,60.0,100.0,17,60.7,17
10,Justin Herbert,28237,QB,LAC,1,0,27,60.0,100.0,9,32.1,9,60.0,0,90.3,28,31,60.0,100.0,17,60.7,17
10,Austin Schlottmann,30097,C,NYG,1,0,21,58.9,100.0,9,32.1,9,56.7,1,100.0,28,28,64.5,100.0,17,60.7,17
10,Jon Runyan,36661,G,NYG,1,0,21,56.9,100.0,9,32.1,9,57.6,0,100.0,28,28,59.4,100.0,17,60.7,17
10,Wan'Dale Robinson,101735,WR,NYG,1,0,21,81.6,100.0,9,32.1,9,71.1,0,100.0,28,28,59.8,100.0,17,60.7,17
10,Jameson Williams,101701,WR,DET,1,0,11,61.4,100.0,8,28.6,8,63.2,0,100.0,28,28,63.6,100.0,19,67.9,19
10,Andrew Thomas,59701,T,NYG,1,0,21,62.0,100.0,9,32.1,9,91.9,0,100.0,28,28,93.7,100.0,17,60.7,17
10,Chris Lindstrom,46692,G,ATL,1,0,2,67.9,100.0,3,10.7,3,90.7,0,100.0,28,28,90.1,100.0,25,89.3,25
10,Dallas Goedert,47272,TE,PHI,1,0,24,54.3,100.0,15,53.6,15,55.3,0,100.0,28,28,60.1,100.0,11,39.3,11
10,Adam Trautman,109795,TE,DEN,1,0,10,57.8,100.0,14,51.9,14,42.4,1,100.0,27,27,52.9,100.0,8,29.6,8
10,Devaughn Vele,100637,WR,NO,1,0,20,59.0,100.0,7,25.9,7,59.8,0,100.0,27,27,60.7,100.0,19,70.4,19
10,Luke Wattenberg,41024,C,DEN,1,0,10,71.5,100.0,14,51.9,14,67.6,0,100.0,27,27,53.6,100.0,8,29.6,8
10,Garett Bolles,11775,T,DEN,1,0,10,59.6,100.0,14,51.9,14,72.1,0,100.0,27,27,85.2,100.0,8,29.6,8
10,Taylor Decker,10650,T,DET,1,0,11,57.2,100.0,10,37.0,10,58.5,0,100.0,27,27,60.0,100.0,16,59.3,16
10,Alex Palczewski,59738,G,DEN,1,0,10,65.7,100.0,14,51.9,14,61.8,0,100.0,27,27,48.4,100.0,8,29.6,8
10,Jared Goff,10635,QB,DET,1,0,11,60.0,100.0,10,37.0,10,60.0,0,100.0,27,27,60.0,100.0,16,59.3,16
10,Lamar Jackson,46416,QB,BLT,1,0,3,60.0,55.6,5,18.5,9,60.0,0,81.8,27,33,60.0,95.2,20,74.1,21
10,Amon-Ra St. Brown,84470,WR,DET,1,0,11,58.6,100.0,10,37.0,10,51.2,0,100.0,27,27,49.5,100.0,16,59.3,16
10,Mike McGlinchey,46275,T,DEN,1,0,10,63.4,100.0,14,51.9,14,70.2,0,100.0,27,27,73.4,100.0,8,29.6,8
10,Justin Fields,82118,QB,NYJ,1,0,22,60.0,100.0,4,14.8,4,60.0,0,84.4,27,32,60.0,91.3,21,77.8,23
10,Theo Johnson,129787,TE,NYG,1,0,21,42.1,100.0,9,33.3,9,57.5,0,100.0,27,27,57.4,100.0,16,59.3,16
10,Dillon Gabriel,86272,QB,CLV,1,0,8,60.0,100.0,9,34.6,9,60.0,0,100.0,26,26,60.0,100.0,14,53.8,14
10,Jack Conklin,10642,T,CLV,1,0,8,64.9,100.0,9,34.6,9,70.7,0,100.0,26,26,71.6,100.0,14,53.8,14
10,Joel Bitonio,8670,G,CLV,1,0,8,53.6,100.0,9,34.6,9,68.9,0,100.0,26,26,76.6,100.0,14,53.8,14
10,Cam Robinson,11789,T,CLV,1,0,8,67.5,100.0,9,34.6,9,61.7,1,100.0,26,26,57.7,100.0,14,53.8,14
10,Josh Conerly Jr.,163291,T,WAS,1,0,32,78.8,100.0,10,38.5,10,76.8,0,100.0,26,26,68.2,100.0,15,57.7,15
10,Nick Kallerup,101679,TE,SEA,1,0,29,59.2,100.0,7,26.9,7,63.6,1,100.0,26,26,65.7,100.0,14,53.8,14
10,Chris Paul,77579,G,WAS,1,0,32,45.9,100.0,10,38.5,10,43.0,0,100.0,26,26,48.1,100.0,15,57.7,15
10,Ethan Pocic,11813,C,CLV,1,0,8,56.7,100.0,9,34.6,9,65.1,0,100.0,26,26,69.6,100.0,14,53.8,14
10,Wyatt Teller,46131,G,CLV,1,0,8,48.3,100.0,9,34.6,9,68.5,0,100.0,26,26,78.9,100.0,14,53.8,14
10,Darnell Mooney,48236,WR,ATL,1,0,2,60.0,100.0,3,12.0,3,59.6,0,100.0,25,25,58.9,100.0,21,84.0,21
10,Kyle Pitts,83964,TE,ATL,1,0,2,59.9,100.0,2,8.0,2,59.0,0,100.0,25,25,58.9,100.0,22,88.0,22
10,Jaylen Waddle,84088,WR,MIA,1,0,17,60.2,100.0,7,28.0,7,60.3,0,100.0,25,25,60.5,100.0,17,68.0,17
10,Sam LaPorta,101690,TE,DET,1,0,11,46.8,100.0,9,36.0,9,52.1,0,100.0,25,25,60.5,100.0,15,60.0,15
10,Penei Sewell,81788,T,DET,1,0,11,93.5,100.0,9,36.0,9,90.6,0,100.0,25,25,72.2,100.0,15,60.0,15
10,Jerry Jeudy,61103,WR,CLV,1,0,8,61.2,100.0,9,36.0,9,62.3,0,100.0,25,25,62.7,100.0,13,52.0,13
10,Michael Pittman Jr.,29049,WR,IND,1,0,14,65.1,100.0,19,76.0,19,73.3,0,100.0,25,25,58.3,100.0,5,20.0,5
10,Zach Tom,55443,T,GB,1,0,12,54.4,100.0,8,33.3,8,64.3,0,100.0,24,24,69.0,100.0,14,58.3,14
10,Jordan Morgan,98652,G,GB,1,0,12,56.5,100.0,8,33.3,8,50.0,0,100.0,24,24,49.8,100.0,14,58.3,14
10,Graham Glasgow,10729,C,DET,1,0,11,92.0,100.0,10,41.7,10,79.9,0,100.0,24,24,57.2,100.0,13,54.2,13
10,Daniel Bellinger,84041,TE,NYG,1,0,21,53.3,100.0,7,29.2,7,78.8,1,100.0,24,24,82.2,100.0,16,66.7,16
10,Mason Taylor,157122,TE,NYJ,1,0,22,60.0,100.0,2,8.3,2,52.4,0,100.0,24,24,52.5,100.0,18,75.0,18
10,Rasheed Walker,81798,T,GB,1,0,12,51.1,100.0,8,33.3,8,53.7,0,100.0,24,24,58.2,100.0,14,58.3,14
10,Patrick Ricard,48862,FB,BLT,1,0,3,49.4,100.0,7,29.2,7,63.8,0,96.0,24,25,73.1,100.0,15,62.5,15
10,Zaire Mitchell-Paden,145197,TE,NO,1,0,20,45.3,100.0,9,37.5,9,52.4,0,100.0,24,24,61.1,100.0,12,50.0,12
10,A.J. Brown,48327,WR,PHI,1,1,24,61.2,100.0,10,41.7,10,77.7,1,100.0,24,24,60.8,100.0,12,50.0,12
10,Aaron Banks,59983,G,GB,1,0,12,49.5,100.0,8,33.3,8,49.1,0,100.0,24,24,53.5,100.0,14,58.3,14
10,Zay Flowers,97268,WR,BLT,1,0,3,60.1,83.3,5,20.8,6,61.3,0,96.0,24,25,62.4,100.0,17,70.8,17
10,DJ Glaze,129511,T,LV,1,0,23,62.9,100.0,10,43.5,10,60.1,0,100.0,23,23,58.3,100.0,10,43.5,10
10,Taylor Moton,11819,T,CAR,1,0,5,63.3,100.0,9,39.1,9,59.1,0,100.0,23,23,56.3,100.0,13,56.5,13
10,Mike Onwenu,27357,G,NE,1,0,19,75.3,100.0,13,56.5,13,70.1,0,100.0,23,23,57.5,100.0,6,26.1,6
10,Jordan Meredith,60235,C,LV,1,0,23,56.0,100.0,10,43.5,10,64.8,0,100.0,23,23,81.7,100.0,10,43.5,10
10,Sam Cosmi,60114,G,WAS,1,0,32,75.2,100.0,8,34.8,8,57.3,0,100.0,23,23,55.0,100.0,14,60.9,14
10,Anton Harrison,122929,T,JAX,1,0,15,72.3,100.0,8,34.8,8,64.1,0,100.0,23,23,56.5,100.0,11,47.8,11
10,Robert Hainsey,59980,C,JAX,1,0,15,57.1,100.0,8,34.8,8,52.9,0,100.0,23,23,66.3,100.0,11,47.8,11
10,Jonah Jackson,37070,G,CHI,1,0,6,55.2,100.0,11,47.8,11,86.1,0,100.0,23,23,93.8,100.0,10,43.5,10
10,Damien Lewis,81532,G,CAR,1,0,5,55.2,100.0,9,39.1,9,53.9,0,100.0,23,23,65.6,100.0,13,56.5,13
10,Joe Thuney,10712,G,CHI,1,0,6,57.1,100.0,11,47.8,11,59.0,0,100.0,23,23,61.0,100.0,10,43.5,10
10,Walker Little,52287,T,JAX,1,0,15,58.0,100.0,8,34.8,8,56.1,0,100.0,23,23,63.8,100.0,11,47.8,11
10,Drew Dalman,52270,C,CHI,1,0,6,61.9,100.0,11,47.8,11,73.5,0,100.0,23,23,88.5,100.0,10,43.5,10
10,Tyler Biadasz,41178,C,WAS,1,0,32,67.5,100.0,8,34.8,8,70.3,0,100.0,23,23,67.3,100.0,14,60.9,14
10,Cole Van Lanen,41583,T,JAX,1,0,15,56.1,100.0,8,34.8,8,52.6,0,100.0,23,23,45.2,100.0,11,47.8,11
10,Laremy Tunsil,10647,T,WAS,1,0,32,62.8,100.0,8,34.8,8,77.6,0,100.0,23,23,81.1,100.0,14,60.9,14
10,Darnell Wright,98480,T,CHI,1,0,6,50.1,100.0,11,47.8,11,65.0,0,100.0,23,23,91.2,100.0,10,43.5,10
10,Stone Forsythe,41795,T,LV,1,0,23,83.7,100.0,10,43.5,10,65.6,0,100.0,23,23,79.7,100.0,10,43.5,10
10,Robbie Ouzts,146594,FB,SEA,1,0,29,56.4,100.0,8,34.8,8,54.1,0,100.0,23,23,55.4,100.0,13,56.5,13
10,Jared Wilson,146717,G,NE,1,0,19,39.7,100.0,13,56.5,13,40.3,0,100.0,23,23,57.3,100.0,6,26.1,6
10,Morgan Moses,8701,T,NE,1,0,19,58.5,100.0,13,56.5,13,64.8,0,100.0,23,23,71.4,100.0,6,26.1,6
10,Will Campbell,157106,T,NE,1,0,19,54.9,100.0,13,56.5,13,61.4,0,100.0,23,23,69.8,100.0,6,26.1,6
10,Garrett Bradbury,46013,C,NE,1,0,19,67.0,100.0,13,56.5,13,62.2,0,100.0,23,23,57.4,100.0,6,26.1,6
10,Austin Corbett,46290,C,CAR,1,0,5,57.4,100.0,9,39.1,9,59.6,0,100.0,23,23,61.6,100.0,13,56.5,13
10,Ikem Ekwonu,98286,T,CAR,1,0,5,56.0,100.0,9,39.1,9,63.3,0,100.0,23,23,67.2,100.0,13,56.5,13
10,Theo Benedet,169632,T,CHI,1,0,6,50.2,100.0,11,47.8,11,48.0,0,100.0,23,23,64.0,100.0,10,43.5,10
10,Cooper Kupp,11824,WR,SEA,1,0,29,82.5,100.0,8,34.8,8,68.4,0,100.0,23,23,53.9,100.0,12,52.2,12
10,Cade Mays,81995,C,CAR,1,0,5,46.6,100.0,9,39.1,9,47.5,0,100.0,23,23,54.3,100.0,13,56.5,13
10,Jake Andrews,81868,C,HST,1,0,13,75.9,100.0,13,59.1,13,77.7,0,100.0,22,22,69.8,100.0,7,31.8,7
10,Trevor Lawrence,77632,QB,JAX,1,0,15,60.0,100.0,8,36.4,8,60.4,0,95.7,22,23,60.0,100.0,11,50.0,11
10,Fred Johnson,46951,T,PHI,1,0,24,71.2,100.0,14,63.6,14,79.4,0,100.0,22,22,61.6,100.0,8,36.4,8
10,Aireontae Ersery,129649,T,HST,1,0,13,60.9,100.0,13,59.1,13,65.7,0,100.0,22,22,55.1,100.0,7,31.8,7
10,Patrick Mekari,46219,G,JAX,1,0,15,65.6,100.0,8,36.4,8,57.6,0,100.0,22,22,52.8,100.0,11,50.0,11
10,Trent Brown,9677,T,HST,1,0,13,41.4,100.0,13,59.1,13,49.6,0,100.0,22,22,64.5,100.0,7,31.8,7
10,Bo Nix,97790,QB,DEN,1,0,10,60.0,92.9,13,59.1,14,60.0,0,81.5,22,27,60.0,100.0,8,36.4,8
10,Jarrett Patterson,81775,G,HST,1,0,13,59.7,100.0,13,59.1,13,52.0,0,100.0,22,22,60.0,100.0,7,31.8,7
10,Jordan Love,40306,QB,GB,1,0,12,60.0,100.0,8,36.4,8,60.0,0,91.7,22,24,60.0,100.0,14,63.6,14
10,Lane Johnson,7786,T,PHI,1,0,24,66.2,100.0,12,54.5,12,70.7,0,100.0,22,22,71.9,100.0,7,31.8,7
10,Tre Tucker,101106,WR,LV,1,0,23,58.7,100.0,10,45.5,10,58.5,0,95.7,22,23,60.0,100.0,10,45.5,10
10,Tyler Shough,83537,QB,NO,1,0,20,60.0,100.0,10,45.5,10,60.1,0,88.0,22,25,60.0,100.0,11,50.0,11
10,Davis Allen,99697,TE,LA,1,0,26,62.6,100.0,7,31.8,7,69.9,0,100.0,22,22,71.3,100.0,12,54.5,12
10,David Njoku,11784,TE,CLV,1,0,8,68.8,100.0,8,38.1,8,68.7,0,100.0,21,21,64.4,100.0,11,52.4,11
10,Zach Ertz,7816,TE,WAS,1,0,32,56.6,100.0,7,33.3,7,57.8,0,100.0,21,21,60.1,100.0,14,66.7,14
10,John Bates,42275,TE,WAS,1,0,32,58.3,100.0,9,42.9,9,63.4,0,100.0,21,21,66.6,100.0,12,57.1,12
10,Geno Smith,7820,QB,LV,1,0,23,60.0,100.0,9,42.9,9,60.0,0,95.5,21,22,60.0,100.0,10,47.6,10
10,Arian Smith,124039,WR,NYJ,1,0,22,59.3,100.0,3,14.3,3,61.5,0,95.5,21,22,61.7,100.0,15,71.4,15
10,Luke Goedeke,77548,T,TB,1,0,30,57.2,100.0,6,28.6,6,55.8,0,100.0,21,21,49.3,100.0,13,61.9,13
10,Dan Feeney,11826,G,TB,1,0,30,67.1,100.0,6,28.6,6,60.2,0,100.0,21,21,55.4,100.0,13,61.9,13
10,Jeremy Ruckert,84029,TE,NYJ,1,0,22,49.1,100.0,3,14.3,3,55.3,0,100.0,21,21,61.8,100.0,15,71.4,15
10,Cade Otton,61071,TE,TB,1,0,30,50.1,100.0,6,28.6,6,51.7,0,100.0,21,21,57.4,100.0,13,61.9,13
10,Tristan Wirfs,64818,T,TB,1,0,30,85.4,100.0,6,28.6,6,85.5,0,100.0,21,21,75.4,100.0,13,61.9,13
10,Graham Barton,122367,C,TB,1,0,30,66.8,100.0,6,28.6,6,70.3,0,100.0,21,21,77.9,100.0,13,61.9,13
10,Trent Williams,5529,T,SF,1,0,28,53.9,100.0,6,28.6,6,56.5,0,100.0,21,21,59.7,100.0,14,66.7,14
10,Quentin Johnston,123085,WR,LAC,1,0,27,60.8,100.0,6,28.6,6,40.1,0,100.0,21,21,63.2,100.0,14,66.7,14
10,Jake Brendel,11117,C,SF,1,0,28,67.7,100.0,6,28.6,6,62.5,0,100.0,21,21,58.4,100.0,14,66.7,14
10,Colton McKivitz,29314,T,SF,1,0,28,78.0,100.0,6,28.6,6,63.9,0,100.0,21,21,53.3,100.0,14,66.7,14
10,Dominick Puni,163815,G,SF,1,0,28,47.9,100.0,6,28.6,6,55.6,0,100.0,21,21,63.1,100.0,14,66.7,14
10,Baker Mayfield,46518,QB,TB,1,0,30,60.0,100.0,6,28.6,6,60.0,0,100.0,21,21,60.0,100.0,13,61.9,13
10,Bryce Young,123943,QB,CAR,1,0,5,60.0,100.0,9,42.9,9,60.0,0,91.3,21,23,60.0,92.3,12,57.1,13
10,Courtland Sutton,48164,WR,DEN,1,0,10,58.5,100.0,10,47.6,10,40.1,0,100.0,21,21,60.5,100.0,8,38.1,8
10,Connor McGovern,41714,C,BUF,1,0,4,56.3,100.0,8,40.0,8,39.6,0,100.0,20,20,36.8,100.0,9,45.0,9
10,Marcus Mariota,9435,QB,WAS,1,0,32,60.0,75.0,6,30.0,8,60.0,0,87.0,20,23,60.0,100.0,14,70.0,14
10,Hunter Henry,10669,TE,NE,1,0,19,57.7,100.0,12,60.0,12,61.3,0,100.0,20,20,46.0,100.0,5,25.0,5
10,Konata Mumpfield,145598,WR,LA,1,0,26,61.1,100.0,6,30.0,6,63.2,0,100.0,20,20,61.3,100.0,11,55.0,11
10,Tyler Higbee,10744,TE,LA,1,0,26,59.9,100.0,13,65.0,13,69.0,0,100.0,20,20,65.8,100.0,7,35.0,7
10,Kalif Raymond,11028,WR,DET,1,0,11,59.4,100.0,4,20.0,4,57.3,0,95.2,20,21,57.3,100.0,16,80.0,16
10,Caleb Williams,144622,QB,CHI,1,0,6,60.0,90.9,10,50.0,11,60.0,0,87.0,20,23,60.0,100.0,10,50.0,10
10,Drake Maye,143969,QB,NE,1,0,19,60.0,100.0,13,65.0,13,60.0,0,87.0,20,23,60.0,100.0,6,30.0,6
10,Dion Dawkins,11818,T,BUF,1,0,4,42.8,100.0,8,40.0,8,53.8,0,100.0,20,20,66.6,100.0,9,45.0,9
10,David Edwards,35941,G,BUF,1,0,4,72.4,100.0,8,40.0,8,67.3,0,100.0,20,20,60.0,100.0,9,45.0,9
10,O'Cyrus Torrence,102821,G,BUF,1,0,4,43.6,100.0,8,40.0,8,36.6,0,100.0,20,20,41.8,100.0,9,45.0,9
10,Spencer Brown,42296,T,BUF,1,0,4,78.8,100.0,8,40.0,8,64.7,0,100.0,20,20,50.6,100.0,9,45.0,9
10,Jauan Jennings,48027,WR,SF,1,0,28,60.9,100.0,6,30.0,6,58.8,0,100.0,20,20,58.0,100.0,13,65.0,13
10,Tyler Johnson,48054,WR,NYJ,1,0,22,60.0,100.0,2,10.0,2,70.8,0,100.0,20,20,60.3,100.0,15,75.0,15
10,Davis Mills,52269,QB,HST,1,0,13,60.0,100.0,13,65.0,13,60.0,0,90.9,20,22,60.0,100.0,7,35.0,7
10,Mac Jones,60323,QB,SF,1,0,28,60.0,100.0,6,30.0,6,60.0,0,95.2,20,21,60.0,100.0,14,70.0,14
10,Juice Scruggs,81800,G,HST,1,0,13,55.3,100.0,11,55.0,11,64.1,0,100.0,20,20,72.1,100.0,7,35.0,7
10,Elijah Arroyo,143933,TE,SEA,1,0,29,47.0,100.0,4,21.1,4,57.8,0,100.0,19,19,68.4,100.0,12,63.2,12
10,Mason Tipton,109617,WR,NO,1,0,20,60.3,100.0,4,21.1,4,60.5,0,100.0,19,19,61.1,100.0,12,63.2,12
10,Christian Watson,66581,WR,GB,1,0,12,59.8,100.0,6,31.6,6,59.0,0,100.0,19,19,59.6,100.0,11,57.9,11
10,Paris Johnson Jr.,129749,T,ARZ,1,0,1,63.2,100.0,11,57.9,11,66.1,0,100.0,19,19,67.1,100.0,6,31.6,6
10,Tetairoa McMillan,158735,WR,CAR,1,0,5,60.7,100.0,7,36.8,7,56.3,0,100.0,19,19,55.0,100.0,11,57.9,11
10,Charlie Kolar,60917,TE,BLT,1,0,3,66.4,100.0,8,42.1,8,60.0,0,100.0,19,19,53.9,100.0,9,47.4,9
10,Michael Jordan,28021,G,TB,1,0,30,61.9,100.0,5,26.3,5,64.2,0,100.0,19,19,63.4,100.0,12,63.2,12
10,George Kittle,11901,TE,SF,1,0,28,58.2,100.0,5,26.3,5,53.0,0,100.0,19,19,52.3,100.0,13,68.4,13
10,Colby Parkinson,52266,TE,LA,1,0,26,59.4,100.0,6,31.6,6,58.8,0,100.0,19,19,59.0,100.0,13,68.4,13
10,Michael Mayer,122906,TE,LV,1,0,23,57.8,100.0,10,52.6,10,61.4,0,100.0,19,19,57.8,100.0,6,31.6,6
10,Deebo Samuel,48274,WR,WAS,1,0,32,61.3,100.0,8,42.1,8,59.4,0,100.0,19,19,58.3,100.0,11,57.9,11
10,Tommy Tremble,84025,TE,CAR,1,0,5,55.2,100.0,9,47.4,9,56.4,0,100.0,19,19,59.7,100.0,10,52.6,10
10,Evan Brown,38709,G,ARZ,1,0,1,47.5,100.0,11,57.9,11,53.2,0,100.0,19,19,65.4,100.0,6,31.6,6
10,Darius Slayton,25578,WR,NYG,1,0,21,59.2,100.0,6,33.3,6,59.7,0,100.0,18,18,61.3,100.0,10,55.6,10
10,Romeo Doubs,84329,WR,GB,1,0,12,61.1,100.0,6,33.3,6,60.8,0,100.0,18,18,60.5,100.0,10,55.6,10
10,Isaiah Likely,83955,TE,BLT,1,0,3,68.6,100.0,8,44.4,8,67.0,0,100.0,18,18,61.9,100.0,9,50.0,9
10,Dawson Knox,35883,TE,BUF,1,0,4,60.0,100.0,8,44.4,8,52.4,0,100.0,18,18,49.6,100.0,8,44.4,8
10,Nico Collins,61441,WR,HST,1,0,13,61.5,100.0,12,66.7,12,37.4,0,100.0,18,18,60.0,100.0,4,22.2,4
10,Aaron Rodgers,2241,QB,PIT,1,0,25,60.0,100.0,6,35.3,6,60.0,0,100.0,17,17,60.0,100.0,11,64.7,11
10,Mason McCormick,78326,G,PIT,1,0,25,56.4,100.0,6,35.3,6,43.7,0,100.0,17,17,60.8,100.0,11,64.7,11
10,Hjalte Froholdt,44959,C,ARZ,1,0,1,67.9,100.0,9,52.9,9,64.8,0,100.0,17,17,58.6,100.0,6,35.3,6
10,Marcedes Lewis,2973,TE,DEN,1,0,10,48.4,100.0,11,64.7,11,47.7,0,100.0,17,17,58.3,100.0,2,11.8,2
10,Troy Fautanu,100521,T,PIT,1,0,25,37.7,100.0,6,35.3,6,55.1,1,100.0,17,17,58.1,100.0,11,64.7,11
10,Kendrick Bourne,12270,WR,SF,1,0,28,59.1,100.0,5,29.4,5,58.7,0,100.0,17,17,59.0,100.0,12,70.6,12
10,Tre Harris,122676,WR,LAC,1,0,27,59.2,100.0,5,29.4,5,59.8,0,100.0,17,17,60.9,100.0,8,47.1,8
10,Will Hernandez,46180,G,ARZ,1,0,1,48.7,100.0,9,52.9,9,56.8,0,100.0,17,17,68.6,100.0,6,35.3,6
10,Zach Frazier,123419,C,PIT,1,0,25,76.1,100.0,6,35.3,6,81.1,0,100.0,17,17,66.9,100.0,11,64.7,11
10,Mack Hollins,11873,WR,NE,1,0,19,51.3,100.0,11,64.7,11,63.1,0,100.0,17,17,59.4,100.0,4,23.5,4
10,Mo Alie-Cox,12078,TE,IND,1,0,14,80.3,100.0,15,88.2,15,79.1,0,100.0,17,17,60.0,100.0,1,5.9,1
10,Cedric Tillman,84434,WR,CLV,1,0,8,59.8,100.0,6,35.3,6,58.5,0,100.0,17,17,58.8,100.0,8,47.1,8
10,Broderick Jones,124025,T,PIT,1,0,25,69.4,100.0,6,35.3,6,61.6,0,100.0,17,17,54.7,100.0,11,64.7,11
10,Jacoby Brissett,10725,QB,ARZ,1,0,1,60.0,100.0,9,52.9,9,60.1,0,100.0,17,17,60.0,100.0,6,35.3,6
10,Hayden Rucci,101680,TE,MIA,1,0,17,41.9,100.0,6,35.3,6,40.7,0,100.0,17,17,49.3,100.0,8,47.1,8
10,Brock Bowers,146715,TE,LV,1,0,23,57.6,100.0,7,41.2,7,57.0,0,94.4,17,18,60.0,100.0,8,47.1,8
10,Michael Wilson,84423,WR,ARZ,1,0,1,54.6,100.0,10,62.5,10,55.3,0,100.0,16,16,60.3,100.0,5,31.3,5
10,Mark Andrews,47436,TE,BLT,1,0,3,58.2,100.0,3,18.8,3,42.3,0,100.0,16,16,44.4,100.0,12,75.0,12
10,Colston Loveland,158540,TE,CHI,1,0,6,50.6,100.0,6,37.5,6,59.8,0,100.0,16,16,69.8,100.0,8,50.0,8
10,Tucker Fisk,52286,TE,LAC,1,0,27,58.4,100.0,5,31.3,5,54.0,0,100.0,16,16,53.0,100.0,6,37.5,6
10,Josh Allen,46601,QB,BUF,1,0,4,60.0,100.0,8,50.0,8,60.0,0,88.9,16,18,60.0,100.0,7,43.8,7
10,Quinn Meinerz,112915,G,DEN,1,0,10,74.8,100.0,10,62.5,10,78.1,0,100.0,16,16,68.2,100.0,3,18.8,3
10,Tez Johnson,123709,WR,TB,1,0,30,59.7,100.0,5,31.3,5,59.7,0,100.0,16,16,60.0,100.0,10,62.5,10
10,Rome Odunze,73774,WR,CHI,1,0,6,59.0,100.0,8,50.0,8,58.7,0,100.0,16,16,59.3,100.0,8,50.0,8
10,Tim Patrick,12087,WR,JAX,1,0,15,60.2,100.0,7,43.8,7,77.6,0,100.0,16,16,59.2,100.0,6,37.5,6
10,Spencer Anderson,81719,G,PIT,1,0,25,54.7,100.0,6,37.5,6,67.3,0,100.0,16,16,73.9,100.0,10,62.5,10
10,Austin Hooper,10715,TE,NE,1,0,19,59.9,100.0,9,56.3,9,57.2,0,100.0,16,16,46.6,100.0,4,25.0,4
10,Parker Washington,129799,WR,JAX,1,0,15,53.1,100.0,6,40.0,6,54.8,0,88.2,15,17,60.8,85.7,6,40.0,7
10,Jalen Coker,143068,WR,CAR,1,0,5,77.5,100.0,6,40.0,6,72.5,0,100.0,15,15,60.7,100.0,8,53.3,8
10,AJ Barner,129433,TE,SEA,1,0,29,59.5,100.0,5,33.3,5,56.7,0,88.2,15,17,55.9,100.0,7,46.7,7
10,Darnell Washington,124044,TE,PIT,1,0,25,59.4,100.0,5,33.3,5,62.7,0,100.0,15,15,64.5,100.0,10,66.7,10
10,Emeka Egbuka,145055,WR,TB,1,0,30,55.9,100.0,4,26.7,4,49.8,0,100.0,15,15,53.1,100.0,10,66.7,10
10,Marvin Harrison Jr.,145056,WR,ARZ,1,0,1,60.7,100.0,9,60.0,9,61.2,0,100.0,15,15,60.0,100.0,5,33.3,5
10,Luke Musgrave,98499,TE,GB,1,0,12,59.7,100.0,6,40.0,6,57.9,0,100.0,15,15,57.0,100.0,8,53.3,8
10,Ladd McConkey,124030,WR,LAC,1,0,27,56.0,100.0,4,26.7,4,36.1,0,100.0,15,15,60.4,100.0,10,66.7,10
10,Tyler Conklin,47124,TE,LAC,1,0,27,58.0,100.0,5,33.3,5,47.0,0,100.0,15,15,47.7,100.0,8,53.3,8
10,Jackson Hawes,109374,TE,BUF,1,0,4,61.3,100.0,7,46.7,7,77.8,0,100.0,15,15,78.4,100.0,6,40.0,6
10,Troy Franklin,146567,WR,DEN,1,0,10,60.3,100.0,4,26.7,4,59.5,0,100.0,15,15,59.6,100.0,8,53.3,8
10,Trey McBride,75916,TE,ARZ,1,0,1,57.2,100.0,8,53.3,8,66.3,0,100.0,15,15,82.0,100.0,5,33.3,5
10,Charlie Woerner,42257,TE,ATL,1,0,2,60.0,100.0,1,6.7,1,76.8,0,100.0,15,15,78.1,100.0,13,86.7,13
10,Jayden Higgins,150240,WR,HST,1,0,13,59.2,100.0,8,53.3,8,59.6,0,100.0,15,15,60.5,100.0,7,46.7,7
10,Dontayvion Wicks,99711,WR,GB,1,1,12,60.3,100.0,4,26.7,4,57.5,1,100.0,15,15,57.4,100.0,10,66.7,10
10,Cole Kmet,60995,TE,CHI,1,0,6,69.1,100.0,8,53.3,8,80.7,0,100.0,15,15,69.8,100.0,5,33.3,5
10,Quintin Morris,61182,TE,JAX,1,0,15,66.6,100.0,8,53.3,8,64.3,0,100.0,15,15,61.3,100.0,5,33.3,5
10,Jonah Williams,41651,T,ARZ,1,0,1,47.8,100.0,7,50.0,7,56.6,0,100.0,14,14,69.6,100.0,5,35.7,5
10,D.K. Metcalf,47864,WR,PIT,1,0,25,60.1,100.0,6,42.9,6,62.1,0,100.0,14,14,62.1,100.0,8,57.1,8
10,Grant Calcaterra,60997,TE,PHI,1,0,24,60.1,100.0,5,35.7,5,64.9,0,100.0,14,14,68.7,100.0,7,50.0,7
10,Alex Cappa,66578,C,LV,1,0,23,75.3,100.0,6,42.9,6,57.7,0,100.0,14,14,57.0,100.0,6,42.9,6
10,Greg Dulcich,84068,TE,MIA,1,0,17,49.4,100.0,7,50.0,7,48.9,0,100.0,14,14,56.2,100.0,5,35.7,5
10,Rashod Bateman,84296,WR,BLT,1,0,3,60.0,100.0,1,7.1,1,51.6,0,100.0,14,14,50.6,100.0,12,85.7,12
10,Dont'e Thornton Jr.,146547,WR,LV,1,0,23,59.9,100.0,6,42.9,6,54.7,0,100.0,14,14,54.0,100.0,5,35.7,5
10,Justin Jefferson,61398,WR,MIN,1,0,18,61.1,100.0,9,69.2,9,60.7,0,100.0,13,13,59.8,100.0,4,30.8,4
10,Christian Darrisaw,77373,T,MIN,1,0,18,47.0,100.0,9,69.2,9,58.1,0,100.0,13,13,72.6,100.0,4,30.8,4
10,Will Fries,41530,G,MIN,1,0,18,51.9,100.0,9,69.2,9,41.3,0,100.0,13,13,55.4,100.0,4,30.8,4
10,Donovan Jackson,145064,G,MIN,1,0,18,50.8,100.0,9,69.2,9,57.4,0,100.0,13,13,66.9,100.0,4,30.8,4
10,Reggie Gilliam,40951,FB,BUF,1,0,4,53.0,100.0,6,46.2,6,52.3,0,100.0,13,13,58.8,100.0,6,46.2,6
10,Elgton Jenkins,46298,C,GB,1,0,12,58.5,100.0,4,30.8,4,55.2,0,100.0,13,13,55.8,100.0,7,53.8,7
10,Xavier Smith,102585,WR,LA,1,0,26,58.7,100.0,9,69.2,9,59.6,0,100.0,13,13,60.0,100.0,1,7.7,1
10,Brian O'Neill,46854,T,MIN,1,0,18,91.0,100.0,9,69.2,9,78.6,0,100.0,13,13,47.5,100.0,4,30.8,4
10,Jaxson Dart,146409,QB,NYG,1,0,21,60.0,55.6,5,38.5,9,60.0,0,72.2,13,18,60.0,100.0,8,61.5,8
10,Blake Brandel,46282,C,MIN,1,0,18,59.3,100.0,9,69.2,9,48.8,0,100.0,13,13,57.4,100.0,4,30.8,4
10,Jaxon Smith-Njigba,129758,WR,SEA,1,0,29,59.7,100.0,7,53.8,7,58.8,0,100.0,13,13,60.2,100.0,3,23.1,3
10,J.J. McCarthy,144918,QB,MIN,1,0,18,60.0,100.0,9,69.2,9,60.0,0,100.0,13,13,60.0,100.0,4,30.8,4
10,Harold Fannin Jr.,163104,TE,CLV,1,0,8,57.9,100.0,5,38.5,5,57.0,0,100.0,13,13,58.4,100.0,7,53.8,7
10,Daniel Brunskill,34807,G,MIA,1,0,17,53.6,100.0,2,15.4,2,70.2,0,100.0,13,13,77.9,100.0,9,69.2,9
10,Alec Ingold,34934,FB,MIA,1,0,17,60.0,100.0,1,7.7,1,61.8,0,92.9,13,14,61.4,100.0,10,76.9,10
10,David Sills V,34579,WR,ATL,1,0,2,82.8,100.0,2,16.7,2,67.8,0,100.0,12,12,49.1,100.0,10,83.3,10
10,Luther Burden III,157170,WR,CHI,1,0,6,60.2,100.0,5,41.7,5,60.6,0,100.0,12,12,59.6,100.0,5,41.7,5
10,Taysom Hill,12112,TE,NO,1,0,20,60.3,50.0,3,25.0,6,60.5,0,63.2,12,19,60.3,75.0,9,75.0,12
10,Dylan Parham,60953,G,LV,1,0,23,78.6,100.0,4,33.3,4,49.3,0,100.0,12,12,55.2,100.0,5,41.7,5
10,Ben Bartch,84236,G,SF,1,0,28,65.4,100.0,3,25.0,3,71.9,0,100.0,12,12,69.0,100.0,9,75.0,9
10,Ben Sinnott,122616,TE,WAS,1,0,32,55.7,100.0,6,50.0,6,65.1,0,100.0,12,12,60.2,100.0,5,41.7,5
10,Scott Matlock,82482,FB,LAC,1,0,27,56.0,100.0,3,25.0,3,60.5,0,100.0,12,12,53.3,100.0,6,50.0,6
10,Oronde Gadsden II,144046,TE,LAC,1,0,27,35.2,100.0,3,25.0,3,37.9,0,100.0,12,12,50.2,100.0,6,50.0,6
10,Xavier Legette,99197,WR,CAR,1,0,5,58.9,100.0,5,41.7,5,57.7,0,100.0,12,12,58.1,100.0,7,58.3,7
10,Keenan Allen,7857,WR,LAC,1,0,27,56.4,100.0,3,25.0,3,52.5,0,100.0,12,12,54.0,100.0,8,66.7,8
10,Nick Westbrook-Ikhine,47861,WR,MIA,1,0,17,60.1,100.0,3,25.0,3,60.1,0,100.0,12,12,60.5,100.0,8,66.7,8
10,Kyle Juszczyk,7912,FB,SF,1,0,28,60.0,100.0,2,16.7,2,70.1,0,100.0,12,12,71.9,100.0,9,75.0,9
10,Jalen Sundell,91396,C,SEA,1,0,29,58.7,100.0,5,41.7,5,53.6,0,100.0,12,12,54.6,100.0,5,41.7,5
10,Kyle Williams,128374,WR,NE,1,0,19,61.0,100.0,7,58.3,7,60.8,0,100.0,12,12,60.0,100.0,3,25.0,3
10,DJ Moore,48267,WR,CHI,1,0,6,46.4,100.0,5,41.7,5,68.7,0,100.0,12,12,60.9,100.0,7,58.3,7
10,Juwan Johnson,28305,TE,NO,1,0,20,53.8,100.0,6,54.5,6,52.6,0,100.0,11,11,60.2,100.0,4,36.4,4
10,Will Putnam,99655,C,LV,1,0,23,77.6,100.0,6,54.5,6,67.7,0,100.0,11,11,52.1,100.0,5,45.5,5
10,Mitchell Evans,147486,TE,CAR,1,0,5,59.6,100.0,4,36.4,4,57.5,0,100.0,11,11,58.3,100.0,6,54.5,6
10,Calvin Throckmorton,28238,G,DEN,1,0,10,78.6,100.0,4,36.4,4,79.6,0,100.0,11,11,65.3,100.0,5,45.5,5
10,Sean Rhyan,72009,C,GB,1,0,12,60.3,100.0,4,36.4,4,54.1,0,100.0,11,11,52.9,100.0,7,63.6,7
10,John FitzPatrick,83974,TE,GB,1,0,12,55.8,100.0,4,36.4,4,50.8,0,100.0,11,11,51.8,100.0,6,54.5,6
10,Brandin Cooks,8655,WR,NO,1,0,20,60.0,100.0,3,27.3,3,57.6,0,100.0,11,11,58.0,100.0,8,72.7,8
10,Isaiah Williams,97156,WR,NYJ,1,0,22,60.0,100.0,2,18.2,2,60.2,0,100.0,11,11,60.3,100.0,8,72.7,8
10,Brock Wright,60994,TE,DET,1,0,11,67.2,100.0,6,54.5,6,61.2,0,100.0,11,11,54.8,100.0,3,27.3,3
10,Xavier Hutchinson,122518,WR,HST,1,0,13,81.2,100.0,6,54.5,6,76.5,0,100.0,11,11,59.1,100.0,3,27.3,3
10,Andrew Ogletree,138351,TE,IND,1,0,14,83.4,100.0,9,81.8,9,80.4,0,100.0,11,11,60.0,100.0,1,9.1,1
10,Puka Nacua,100632,WR,LA,1,0,26,50.2,100.0,10,90.9,10,50.6,0,100.0,11,11,60.0,100.0,1,9.1,1
10,Josh Downs,122832,WR,IND,1,0,14,83.4,100.0,8,72.7,8,81.7,0,100.0,11,11,60.1,100.0,3,27.3,3
10,Jordan Addison,123000,WR,MIN,1,0,18,59.2,100.0,8,72.7,8,59.0,0,100.0,11,11,59.6,100.0,3,27.3,3
10,Isaac TeSlaa,172430,WR,DET,1,0,11,60.2,100.0,6,54.5,6,58.5,0,100.0,11,11,57.9,100.0,5,45.5,5
10,Cedrick Wilson Jr.,48170,WR,MIA,1,0,17,83.1,100.0,4,40.0,4,51.2,0,100.0,10,10,58.9,100.0,5,50.0,5
10,Payne Durham,84037,TE,TB,1,0,30,60.3,100.0,4,40.0,4,75.2,0,100.0,10,10,74.2,100.0,6,60.0,6
10,Chris Olave,84355,WR,NO,1,0,20,59.2,100.0,4,40.0,4,57.0,0,100.0,10,10,57.6,100.0,6,60.0,6
10,Davante Adams,8688,WR,LA,1,0,26,59.8,100.0,8,80.0,8,59.8,0,100.0,10,10,60.0,100.0,2,20.0,2
10,Gunner Olszewski,95015,WR,NYG,1,0,21,59.1,100.0,3,30.0,3,80.3,0,100.0,10,10,83.0,100.0,7,70.0,7
10,Blake Fisher,147479,T,HST,1,0,13,80.7,100.0,8,80.0,8,72.5,1,100.0,10,10,51.1,100.0,2,20.0,2
10,Elijah Higgins,98027,TE,ARZ,1,1,1,57.1,100.0,7,70.0,7,57.3,1,100.0,10,10,60.0,100.0,2,20.0,2
10,Dalton Schultz,47304,TE,HST,1,0,13,69.3,100.0,4,40.0,4,49.2,0,100.0,10,10,51.7,100.0,4,40.0,4
10,Chuma Edoga,46232,T,JAX,1,0,15,65.7,100.0,6,60.0,6,52.6,0,100.0,10,10,42.7,100.0,4,40.0,4
10,Olamide Zaccheaus,44920,WR,CHI,1,0,6,60.8,100.0,7,70.0,7,60.2,0,100.0,10,10,59.6,100.0,3,30.0,3
10,Trystan Colon,41117,G,DET,1,0,11,60.0,100.0,2,20.0,2,75.6,0,100.0,10,10,76.6,100.0,7,70.0,7
10,Kylen Granson,40630,TE,PHI,1,0,24,57.7,100.0,6,60.0,6,57.1,0,100.0,10,10,58.5,100.0,3,30.0,3
10,Russell Wilson,7077,QB,NYG,1,0,21,,,0,0.0,0,60.0,0,100.0,10,10,60.0,100.0,9,90.0,9
10,Josh Jones,26634,T,SEA,1,0,29,56.7,100.0,4,40.0,4,57.7,0,100.0,10,10,60.9,100.0,3,30.0,3
10,Dan Skipper,12307,T,DET,1,0,11,59.5,100.0,4,40.0,4,66.0,0,100.0,10,10,67.9,100.0,5,50.0,5
10,Malachi Corley,66272,WR,CLV,1,0,8,61.1,100.0,4,44.4,4,60.3,0,81.8,9,11,59.3,100.0,5,55.6,5
10,Terrance Ferguson,146563,TE,LA,1,0,26,60.0,100.0,1,11.1,1,61.2,0,100.0,9,9,60.5,100.0,5,55.6,5
10,Luke Farrell,42353,TE,SF,1,0,28,59.2,100.0,3,33.3,3,56.5,0,100.0,9,9,56.2,100.0,5,55.6,5
10,Rashid Shaheed,63707,WR,SEA,1,0,29,60.0,100.0,1,11.1,1,62.2,0,81.8,9,11,62.2,88.9,8,88.9,9
10,Ashton Dulin,91479,WR,IND,1,0,14,52.4,100.0,7,77.8,7,52.5,0,90.0,9,10,58.7,100.0,2,22.2,2
10,Johnny Mundt,12206,TE,JAX,1,0,15,60.0,100.0,2,22.2,2,79.7,0,100.0,9,9,69.5,100.0,5,55.6,5
10,Adam Prentice,35639,FB,DEN,1,0,10,53.7,100.0,7,77.8,7,53.9,0,100.0,9,9,,,0,0.0,0
10,Spencer Burford,81920,G,SF,1,0,28,57.9,100.0,3,33.3,3,55.7,0,100.0,9,9,57.3,100.0,5,55.6,5
10,Jackson Powers-Johnson,146550,G,LV,1,0,23,57.5,100.0,4,44.4,4,46.7,0,100.0,9,9,46.5,100.0,4,44.4,4
10,T.J. Hockenson,40912,TE,MIN,1,0,18,55.3,100.0,5,55.6,5,56.3,0,100.0,9,9,60.1,100.0,4,44.4,4
10,Jack Westover,84079,FB,NE,1,0,19,58.1,100.0,4,44.4,4,55.5,0,100.0,9,9,57.1,100.0,3,33.3,3
10,Kelvin Beachum,7229,T,ARZ,1,0,1,46.2,100.0,6,66.7,6,48.6,0,100.0,9,9,60.3,100.0,2,22.2,2
10,Harrison Bryant,26394,TE,HST,1,0,13,59.4,100.0,6,75.0,6,57.3,0,100.0,8,8,57.4,100.0,2,25.0,2
10,Trent Sherfield,48021,WR,DEN,1,0,10,80.4,100.0,6,75.0,6,52.9,0,100.0,8,8,,,0,0.0,0
10,Andrew Beck,47121,FB,NYJ,1,0,22,60.0,100.0,1,12.5,1,64.0,0,100.0,8,8,67.2,100.0,5,62.5,5
10,Khyiris Tonga,52000,DI,NE,1,0,19,71.6,100.0,5,62.5,5,78.4,0,100.0,8,8,67.5,100.0,2,25.0,2
10,Dyami Brown,77986,WR,JAX,1,0,15,,,0,0.0,0,59.2,0,100.0,8,8,58.8,100.0,7,87.5,7
10,Malik Washington,97108,WR,MIA,1,0,17,60.2,100.0,3,37.5,3,60.0,0,100.0,8,8,59.7,100.0,5,62.5,5
10,Tylan Wallace,61577,WR,BLT,1,0,3,58.2,100.0,3,37.5,3,53.4,0,100.0,8,8,54.1,100.0,4,50.0,4
10,Pat Freiermuth,84085,TE,PIT,1,0,25,60.0,100.0,1,12.5,1,61.1,0,100.0,8,8,60.7,100.0,7,87.5,7
10,Max Mitchell,81707,T,NYJ,1,0,22,60.1,100.0,2,25.0,2,60.8,0,100.0,8,8,60.8,100.0,6,75.0,6
10,Jonnu Smith,11855,TE,PIT,1,0,25,52.5,100.0,3,37.5,3,55.4,0,100.0,8,8,60.7,100.0,5,62.5,5
10,Jaylin Lane,121811,WR,WAS,1,0,32,59.0,100.0,2,28.6,2,58.6,0,100.0,7,7,59.3,100.0,4,57.1,4
10,Devin Neal,144558,HB,NO,1,0,20,59.6,66.7,2,28.6,3,58.6,0,63.6,7,11,60.0,40.0,2,28.6,5
10,Michael Niese,108444,C,DET,1,0,11,59.9,100.0,2,28.6,2,65.1,0,100.0,7,7,65.8,100.0,4,57.1,4
10,Ross Dwelley,20994,TE,DET,1,0,11,67.3,100.0,2,28.6,2,75.3,0,100.0,7,7,70.2,100.0,4,57.1,4
10,Ryan Miller,78734,WR,TB,1,0,30,60.0,100.0,1,14.3,1,58.4,0,100.0,7,7,59.5,100.0,5,71.4,5
10,Garrett Wilson,97405,WR,NYJ,1,0,22,,,0,0.0,0,86.1,0,100.0,7,7,86.2,100.0,6,85.7,6
10,Jakobi Meyers,47468,WR,JAX,1,0,15,,,0,0.0,0,60.4,0,100.0,7,7,60.7,100.0,6,85.7,6
10,Curtis Samuel,11795,WR,BUF,1,0,4,58.7,100.0,4,57.1,4,58.3,0,100.0,7,7,60.0,100.0,2,28.6,2
10,Benjamin Yurosek,131786,TE,MIN,1,0,18,68.0,100.0,7,100.0,7,68.0,0,100.0,7,7,,,0,0.0,0
10,Treylon Burks,99218,WR,WAS,1,0,32,60.0,100.0,2,28.6,2,60.3,0,100.0,7,7,60.6,100.0,5,71.4,5
10,Elijah Moore,84302,WR,BUF,1,0,4,60.0,100.0,2,28.6,2,59.6,0,87.5,7,8,60.0,100.0,4,57.1,4
10,Calvin Austin III,61418,WR,PIT,1,0,25,60.0,100.0,4,57.1,4,60.0,0,100.0,7,7,59.4,100.0,3,42.9,3
10,Stefon Diggs,9579,WR,NE,1,0,19,60.1,100.0,4,57.1,4,60.0,0,100.0,7,7,60.0,100.0,2,28.6,2
10,Jaylin Noel,125155,WR,HST,1,0,13,60.0,100.0,2,28.6,2,60.1,0,100.0,7,7,59.5,100.0,5,71.4,5
10,Jahan Dotson,84375,WR,PHI,1,0,24,60.0,100.0,1,16.7,1,58.7,0,100.0,6,6,59.2,100.0,4,66.7,4
10,Jimmy Horn Jr.,144483,WR,CAR,1,0,5,60.0,100.0,2,33.3,2,58.4,0,100.0,6,6,59.1,100.0,3,50.0,3
10,Sterling Shepard,10674,WR,TB,1,0,30,59.8,100.0,2,33.3,2,59.1,0,85.7,6,7,60.2,100.0,3,50.0,3
10,Bryce Cabeldue,122550,G,SEA,1,0,29,,,0,0.0,0,67.5,0,100.0,6,6,66.5,100.0,3,50.0,3
10,Keon Coleman,144949,WR,BUF,1,0,4,59.9,100.0,2,33.3,2,60.6,0,100.0,6,6,60.5,100.0,4,66.7,4
10,Ricky White,129639,WR,SEA,1,0,29,,,0,0.0,0,59.9,0,100.0,6,6,60.1,100.0,3,50.0,3
10,Gage Larvadain,150169,WR,CLV,1,0,8,60.0,100.0,1,16.7,1,60.2,0,100.0,6,6,60.0,100.0,5,83.3,5
10,Blake Whiteheart,77881,TE,CLV,1,0,8,43.0,100.0,2,33.3,2,42.3,0,100.0,6,6,58.0,100.0,4,66.7,4
10,Jalen Nailor,84292,WR,MIN,1,0,18,60.1,100.0,3,50.0,3,60.9,0,100.0,6,6,60.0,100.0,3,50.0,3
10,Pat Bryant,144800,WR,DEN,1,0,10,60.0,100.0,1,16.7,1,58.6,0,100.0,6,6,58.5,100.0,4,66.7,4
10,Ja'Tavion Sanders,144717,TE,CAR,1,0,5,59.5,100.0,2,33.3,2,57.7,0,100.0,6,6,57.9,100.0,4,66.7,4
10,Jack Bech,146771,WR,LV,1,0,23,40.5,100.0,2,33.3,2,61.2,1,100.0,6,6,83.4,100.0,4,66.7,4
10,Christian Kirk,47546,WR,HST,1,0,13,85.2,100.0,4,66.7,4,78.6,0,100.0,6,6,,,0,0.0,0
10,Durham Smythe,47257,TE,CHI,1,0,6,56.0,100.0,2,33.3,2,65.7,0,100.0,6,6,70.2,100.0,2,33.3,2
10,Zach Charbonnet,97630,HB,SEA,1,0,29,,0.0,0,0.0,5,60.0,0,30.0,6,20,60.0,10.0,1,16.7,10
10,Tyler Lockett,9502,WR,LV,1,0,23,60.1,100.0,2,33.3,2,34.5,0,100.0,6,6,60.0,100.0,4,66.7,4
10,Kyle Allen,26152,QB,DET,1,0,11,60.0,100.0,2,33.3,2,60.0,0,85.7,6,7,60.0,100.0,4,66.7,4
10,Ian Thomas,42130,TE,LV,1,0,23,60.0,100.0,3,50.0,3,60.2,0,100.0,6,6,60.2,100.0,3,50.0,3
10,Darius Cooper,136866,WR,PHI,1,0,24,59.3,100.0,2,33.3,2,59.6,0,100.0,6,6,60.2,100.0,3,50.0,3
10,Ben Skowronek,27948,WR,PIT,1,0,25,66.2,100.0,2,40.0,2,90.8,0,100.0,5,5,50.6,100.0,3,60.0,3
10,J.K. Dobbins,57366,HB,DEN,1,0,10,60.0,7.7,1,20.0,13,60.0,0,20.8,5,24,,0.0,0,0.0,6
10,John Metchie III,97400,WR,NYJ,1,0,22,59.1,100.0,1,20.0,1,57.6,0,83.3,5,6,58.8,100.0,4,80.0,4
10,Bo Melton,61610,WR,GB,1,0,12,59.6,100.0,2,40.0,2,79.7,0,100.0,5,5,59.3,100.0,3,60.0,3
10,Breece Hall,97636,HB,NYJ,1,0,22,,0.0,0,0.0,3,59.9,0,18.5,5,27,60.0,9.5,2,40.0,21
10,Malik Heath,124173,WR,GB,1,0,12,60.0,100.0,1,20.0,1,53.8,0,100.0,5,5,60.0,100.0,4,80.0,4
10,De'Von Achane,124305,HB,MIA,1,0,17,59.2,33.3,3,60.0,9,59.1,0,19.2,5,26,60.0,6.7,1,20.0,15
10,Greg Dortch,42237,WR,ARZ,1,0,1,60.2,100.0,4,80.0,4,60.3,0,71.4,5,7,60.0,100.0,1,20.0,1
10,Demarcus Robinson,10760,WR,SF,1,0,28,60.0,100.0,2,40.0,2,60.6,0,100.0,5,5,60.1,100.0,3,60.0,3
10,Chris Moore,10741,WR,WAS,1,0,32,60.0,100.0,1,20.0,1,31.8,0,100.0,5,5,60.0,100.0,3,60.0,3
10,DeAndre Hopkins,7808,WR,BLT,1,0,3,,,0,0.0,0,60.0,0,100.0,5,5,60.0,100.0,5,100.0,5
10,Brady Russell,60876,FB,SEA,1,0,29,,,0,0.0,0,59.5,0,100.0,5,5,59.3,100.0,2,40.0,2
10,Bijan Robinson,123126,HB,ATL,1,0,2,,0.0,0,0.0,2,60.0,0,22.7,5,22,60.0,25.0,5,100.0,20
10,Ozzy Trapilo,123552,T,CHI,1,0,6,59.9,100.0,3,60.0,3,57.6,0,100.0,5,5,58.0,100.0,2,40.0,2
10,Derrick Henry,10679,HB,BLT,1,0,3,58.7,42.9,3,60.0,7,58.6,0,20.0,5,25,60.0,6.3,1,20.0,16
10,Simi Fehoko,84424,WR,ARZ,1,0,1,60.0,100.0,1,20.0,1,60.0,0,100.0,5,5,60.0,100.0,4,80.0,4
10,Khalil Shakir,84140,WR,BUF,1,0,4,59.7,100.0,1,20.0,1,58.8,0,100.0,5,5,60.0,100.0,3,60.0,3
10,Derius Davis,78196,WR,LAC,1,0,27,59.7,100.0,2,50.0,2,59.6,0,100.0,4,4,60.0,100.0,2,50.0,2
10,Andrus Peat,9446,T,PIT,1,0,25,60.0,100.0,1,25.0,1,65.2,0,100.0,4,4,68.0,100.0,3,75.0,3
10,Colson Yankoff,83589,TE,WAS,1,0,32,59.6,100.0,2,50.0,2,57.2,0,100.0,4,4,60.0,100.0,1,25.0,1
10,Jamari Thrash,97399,WR,CLV,1,0,8,60.0,100.0,1,25.0,1,59.1,0,100.0,4,4,59.4,100.0,2,50.0,2
10,Dominic Lovett,146872,WR,DET,1,0,11,60.0,100.0,2,50.0,2,59.8,0,100.0,4,4,60.0,100.0,1,25.0,1
10,Tim Jones,61669,WR,JAX,1,0,15,54.5,100.0,2,50.0,2,53.3,0,100.0,4,4,59.8,100.0,2,50.0,2
10,Robbie Chosen,11254,WR,WAS,1,0,32,60.0,100.0,2,50.0,2,60.0,0,100.0,4,4,60.0,100.0,2,50.0,2
10,Dan Chisena,34061,WR,CAR,1,0,5,60.0,100.0,1,25.0,1,54.3,0,100.0,4,4,60.0,100.0,3,75.0,3
10,TreVeyon Henderson,145059,HB,NE,1,0,19,,0.0,0,0.0,8,60.0,0,22.2,4,18,,0.0,0,0.0,6
10,Dalton Kincaid,91791,TE,BUF,1,0,4,60.0,100.0,1,25.0,1,59.2,0,100.0,4,4,60.0,100.0,2,50.0,2
10,Roman Wilson,129604,WR,PIT,1,0,25,60.0,100.0,1,25.0,1,60.3,0,100.0,4,4,60.0,100.0,3,75.0,3
10,LeQuint Allen,158290,HB,JAX,1,0,15,,,0,0.0,0,57.4,0,100.0,4,4,58.6,100.0,2,50.0,2
10,Ben Bredeson,27305,G,TB,1,0,30,60.0,100.0,1,33.3,1,58.1,0,100.0,3,3,58.7,100.0,2,66.7,2
10,Josh Whyle,54037,TE,GB,1,0,12,,,0,0.0,0,55.5,0,100.0,3,3,55.5,100.0,3,100.0,3
10,Tyrell Shavers,61107,WR,BUF,1,0,4,60.0,100.0,1,33.3,1,60.0,0,100.0,3,3,60.0,100.0,1,33.3,1
10,Devin Singletary,40485,HB,NYG,1,0,21,60.0,50.0,2,66.7,4,60.0,0,27.3,3,11,,0.0,0,0.0,6
10,Jacory Croskey-Merritt,102382,HB,WAS,1,0,32,59.6,28.6,2,66.7,7,58.8,0,20.0,3,15,60.0,12.5,1,33.3,8
10,Nick Allegretti,39268,G,WAS,1,0,32,60.0,100.0,2,66.7,2,53.1,0,100.0,3,3,60.0,100.0,1,33.3,1
10,Justice Hill,45865,HB,BLT,1,0,3,59.9,100.0,2,66.7,2,59.9,0,75.0,3,4,,0.0,0,0.0,1
10,Ben Sims,77918,TE,MIN,1,0,18,60.1,100.0,2,66.7,2,57.5,0,100.0,3,3,59.4,100.0,1,33.3,1
10,George Holani,72154,HB,SEA,1,0,29,,,0,0.0,0,60.0,0,30.0,3,10,,0.0,0,0.0,7
10,Kameron Johnson,165866,WR,TB,1,0,30,60.0,100.0,2,66.7,2,60.2,0,75.0,3,4,60.0,100.0,1,33.3,1
10,Evan Engram,11778,TE,DEN,1,0,10,58.6,100.0,2,66.7,2,58.5,0,100.0,3,3,60.0,100.0,1,33.3,1
10,Jaylen Wright,146934,HB,MIA,1,0,17,,0.0,0,0.0,2,60.0,0,37.5,3,8,,0.0,0,0.0,3
10,Jon Gaines II,81879,G,ARZ,1,0,1,59.8,100.0,2,66.7,2,58.9,0,100.0,3,3,59.9,100.0,1,33.3,1
10,Brandon Coleman,123068,T,WAS,1,0,32,60.1,100.0,2,66.7,2,59.7,0,100.0,3,3,59.9,100.0,1,33.3,1
10,Ray-Ray McCloud III,47895,WR,NYG,1,0,21,60.0,100.0,1,33.3,1,60.1,0,100.0,3,3,60.0,100.0,1,33.3,1
10,Josh Johnson,4474,QB,WAS,1,0,32,60.0,100.0,2,66.7,2,60.0,0,100.0,3,3,60.0,100.0,1,33.3,1
10,Travis Etienne Jr.,57185,HB,JAX,1,0,15,,0.0,0,0.0,7,60.0,0,15.8,3,19,60.0,12.5,1,33.3,8
10,Andrew Wylie,12333,G,WAS,1,0,32,59.5,100.0,2,66.7,2,58.5,0,100.0,3,3,60.0,100.0,1,33.3,1
10,Audric Estime,147476,HB,NO,1,0,20,,,0,0.0,0,60.0,0,100.0,3,3,,,0,0.0,0
10,Kimani Vidal,123727,HB,LAC,1,0,27,,0.0,0,0.0,8,60.0,0,10.3,3,29,,0.0,0,0.0,16
10,Chris Rodriguez Jr.,83689,HB,WAS,1,0,32,,0.0,0,0.0,2,44.5,0,33.3,3,9,59.7,33.3,2,66.7,6
10,British Brooks,77714,FB,HST,1,0,13,60.0,100.0,1,50.0,1,58.9,0,100.0,2,2,60.0,100.0,1,50.0,1
10,Sidy Sow,59675,G,HST,1,0,13,52.4,100.0,2,100.0,2,52.4,0,100.0,2,2,,,0,0.0,0
10,Cameron Latu,82647,TE,PHI,1,0,24,,,0,0.0,0,76.6,0,100.0,2,2,76.6,100.0,2,100.0,2
10,Will Sherman,59662,G,NO,1,0,20,57.8,100.0,2,100.0,2,57.8,0,100.0,2,2,,,0,0.0,0
10,Jonathan Taylor,57488,HB,IND,1,0,14,,0.0,0,0.0,27,60.0,0,5.9,2,34,,0.0,0,0.0,5
10,Tyler Allgeier,83639,HB,ATL,1,0,2,60.0,50.0,1,50.0,2,59.9,0,15.4,2,13,,0.0,0,0.0,10
10,Chris Brooks,83644,HB,GB,1,0,12,60.0,100.0,1,50.0,1,60.0,0,100.0,2,2,,,0,0.0,0
10,Connor Heyward,57301,TE,PIT,1,0,25,,,0,0.0,0,60.2,0,100.0,2,2,60.2,100.0,2,100.0,2
10,Teagan Quitoriano,84036,TE,ATL,1,0,2,,,0,0.0,0,60.1,0,100.0,2,2,60.1,100.0,2,100.0,2
10,Tyrone Tracy,84226,HB,NYG,1,0,21,59.8,40.0,2,100.0,5,59.8,0,11.8,2,17,,0.0,0,0.0,11
10,Darian Kinnard,51789,T,GB,1,0,12,69.6,100.0,2,100.0,2,69.6,0,100.0,2,2,,,0,0.0,0
10,Kenneth Walker III,97199,HB,SEA,1,0,29,,0.0,0,0.0,9,60.0,0,11.8,2,17,60.0,14.3,1,50.0,7
10,Tahj Washington,97288,WR,MIA,1,0,17,,,0,0.0,0,60.0,0,100.0,2,2,,,0,0.0,0
10,Jordan Whittington,97623,WR,LA,1,0,26,,,0,0.0,0,60.0,0,100.0,2,2,,,0,0.0,0
10,Josh Jacobs,45953,HB,GB,1,0,12,,0.0,0,0.0,8,60.0,0,8.7,2,23,,0.0,0,0.0,13
10,Saquon Barkley,45791,HB,PHI,1,0,24,,0.0,0,0.0,15,60.0,0,7.7,2,26,,0.0,0,0.0,8
10,Kedon Slovis,100580,QB,ARZ,1,0,1,60.0,100.0,2,100.0,2,60.0,0,100.0,2,2,,,0,0.0,0
10,Rico Dowdle,40693,HB,CAR,1,0,5,,0.0,0,0.0,8,60.0,0,10.0,2,20,60.0,9.1,1,50.0,11
10,Drew Lock,39517,QB,SEA,1,0,29,,,0,0.0,0,60.0,0,33.3,2,6,60.0,66.7,2,100.0,3
10,Jahmyr Gibbs,122474,HB,DET,1,0,11,,0.0,0,0.0,8,78.4,0,11.8,2,17,60.0,12.5,1,50.0,8
10,Sean Tucker,123056,HB,TB,1,0,30,,0.0,0,0.0,3,60.0,0,18.2,2,11,,0.0,0,0.0,6
10,Woody Marks,124179,HB,HST,1,0,13,,0.0,0,0.0,8,71.4,0,11.8,2,17,,0.0,0,0.0,7
10,KhaDarel Hodge,26104,WR,ATL,1,0,2,,,0,0.0,0,59.5,0,100.0,2,2,59.5,100.0,2,100.0,2
10,Alvin Kamara,11822,HB,NO,1,0,20,,0.0,0,0.0,8,60.0,0,8.3,2,24,60.0,6.7,1,50.0,15
10,Kyle Monangai,129891,HB,CHI,1,0,6,60.0,25.0,1,50.0,4,60.0,0,22.2,2,9,,0.0,0,0.0,4
10,Zay Jones,11792,WR,ARZ,1,0,1,60.0,100.0,2,100.0,2,60.0,0,100.0,2,2,,,0,0.0,0
10,Rachaad White,131633,HB,TB,1,0,30,,0.0,0,0.0,3,60.0,0,16.7,2,12,60.0,22.2,2,100.0,9
10,Isaiah Davis,138299,HB,NYJ,1,0,22,,0.0,0,0.0,1,59.7,0,40.0,2,5,,0.0,0,0.0,2
10,Mitch Trubisky,11757,QB,BUF,1,0,4,,,0,0.0,0,60.0,0,100.0,2,2,60.0,100.0,2,100.0,2
10,C.J. Ham,11347,FB,MIN,1,0,18,59.6,100.0,2,100.0,2,59.6,0,100.0,2,2,,,0,0.0,0
10,Chris Manhertz,10211,TE,NYG,1,0,21,60.0,100.0,1,50.0,1,60.1,0,100.0,2,2,60.0,100.0,1,50.0,1
10,Ashton Jeanty,157196,HB,LV,1,0,23,,0.0,0,0.0,10,60.0,0,9.5,2,21,,0.0,0,0.0,9
10,Isaiah Adams,158192,G,ARZ,1,0,1,59.7,100.0,2,100.0,2,59.7,0,100.0,2,2,,,0,0.0,0
10,Dylan Sampson,163772,HB,CLV,1,0,8,,,0,0.0,0,60.0,0,66.7,2,3,,0.0,0,0.0,1
10,Frank Crum,75860,T,DEN,1,0,10,60.0,100.0,1,50.0,1,67.5,0,100.0,2,2,63.4,100.0,1,50.0,1
10,Keaton Mitchell,123826,HB,BLT,1,0,3,,,0,0.0,0,60.0,0,20.0,1,5,60.0,20.0,1,100.0,5
10,LaJohntay Wester,123616,WR,BLT,1,0,3,,,0,0.0,0,60.0,0,100.0,1,1,,,0,0.0,0
10,Savion Williams,123101,WR,GB,1,0,12,,,0,0.0,0,60.0,0,100.0,1,1,60.0,100.0,1,100.0,1
10,Jordan Watkins,122730,WR,SF,1,0,28,,,0,0.0,0,60.0,0,100.0,1,1,60.0,100.0,1,100.0,1
10,Casey Washington,101710,WR,ATL,1,0,2,,,0,0.0,0,60.0,0,100.0,1,1,60.0,100.0,1,100.0,1
10,Alec Anderson,81882,G,BUF,1,0,4,,,0,0.0,0,60.0,0,100.0,1,1,,,0,0.0,0
10,Raheem Mostert,9783,HB,LV,1,0,23,,,0,0.0,0,60.0,0,50.0,1,2,,0.0,0,0.0,1
10,Ray Davis,101072,HB,BUF,1,0,4,,,0,0.0,0,60.0,0,33.3,1,3,,0.0,0,0.0,2
10,D'Ernest Johnson,45734,HB,NE,1,0,19,,0.0,0,0.0,1,60.0,0,50.0,1,2,60.0,100.0,1,100.0,1
10,Ty Johnson,45769,HB,BUF,1,0,4,,,0,0.0,0,60.0,0,50.0,1,2,,0.0,0,0.0,1
10,Matt Pryor,46647,T,PHI,1,0,24,60.0,100.0,1,100.0,1,60.0,0,100.0,1,1,,,0,0.0,0
10,Jaylen Warren,98692,HB,PIT,1,0,25,,0.0,0,0.0,5,60.0,0,6.7,1,15,60.0,10.0,1,100.0,10
10,Josiah Deguara,47034,TE,ARZ,1,0,1,60.0,100.0,1,100.0,1,60.0,0,100.0,1,1,,,0,0.0,0
10,Bam Knight,97432,HB,ARZ,1,0,1,,0.0,0,0.0,6,60.0,0,9.1,1,11,,0.0,0,0.0,4
10,Kyren Williams,97118,HB,LA,1,0,26,,0.0,0,0.0,10,60.0,0,6.7,1,15,,0.0,0,0.0,4
10,Skyy Moore,97116,WR,SF,1,0,28,60.0,100.0,1,100.0,1,60.0,0,100.0,1,1,,,0,0.0,0
10,Craig Reynolds,94383,HB,DET,1,0,11,,,0,0.0,0,60.0,0,100.0,1,1,,,0,0.0,0
10,Bhayshul Tuten,150568,HB,JAX,1,0,15,60.0,50.0,1,100.0,2,60.0,0,20.0,1,5,,0.0,0,0.0,3
10,Braxton Berrios,47961,WR,HST,1,0,13,60.0,100.0,1,100.0,1,60.0,0,100.0,1,1,,,0,0.0,0
10,Jonah Monheim,86461,C,JAX,1,0,15,,,0,0.0,0,60.0,0,100.0,1,1,,,0,0.0,0
10,Austin Trammell,52195,WR,JAX,1,0,15,,,0,0.0,0,84.5,0,100.0,1,1,,,0,0.0,0
10,Jovaughn Gwyn,81839,G,ATL,1,0,2,,,0,0.0,0,60.0,0,100.0,1,1,,,0,0.0,0
10,Emari Demercado,77763,HB,ARZ,1,0,1,,0.0,0,0.0,2,60.0,0,20.0,1,5,,0.0,0,0.0,2
10,Devin Culp,84080,TE,TB,1,0,30,,,0,0.0,0,60.0,0,100.0,1,1,60.0,100.0,1,100.0,1
10,Adam Thielen,8288,WR,MIN,1,0,18,,,0,0.0,0,60.0,0,100.0,1,1,60.0,100.0,1,100.0,1
10,D'Andre Swift,57212,HB,CHI,1,0,6,,0.0,0,0.0,7,60.0,0,7.1,1,14,,0.0,0,0.0,6
10,James Cook,83666,HB,BUF,1,0,4,,0.0,0,0.0,8,60.0,0,6.7,1,15,,0.0,0,0.0,6
10,Stone Smartt,60492,TE,NYJ,1,0,22,,,0,0.0,0,60.0,0,100.0,1,1,,,0,0.0,0
10,Kenny Pickett,60515,QB,LV,1,0,23,60.0,100.0,1,100.0,1,60.0,0,100.0,1,1,,,0,0.0,0
10,Kenneth Gainwell,77737,HB,PIT,1,0,25,60.0,100.0,1,100.0,1,60.0,0,100.0,1,1,,,0,0.0,0
10,Christian McCaffrey,11763,HB,SF,1,0,28,,0.0,0,0.0,2,60.0,0,7.7,1,13,,0.0,0,0.0,10
10,Efton Chism III,141521,WR,NE,1,0,19,,,0,0.0,0,60.0,0,100.0,1,1,,,0,0.0,0
10,Adin Huntington,130493,DI,CLV,1,0,8,,,0,0.0,0,60.0,0,100.0,1,1,60.0,100.0,1,100.0,1
10,Jeremy McNichols,11917,HB,WAS,1,0,32,60.0,50.0,1,100.0,2,60.0,0,16.7,1,6,,0.0,0,0.0,4
10,Tank Bigsby,123974,HB,PHI,1,0,24,,0.0,0,0.0,1,60.0,0,25.0,1,4,,0.0,0,0.0,2
week,player,player_id,position,team_name,player_game_count,declined_penalties,franchise_id,gap_grades_run_block,gap_run_block_percent,gap_snap_counts_run_block,gap_snap_counts_run_block_percent,gap_snap_counts_run_play,grades_run_block,penalties,run_block_percent,snap_counts_run_block,snap_counts_run_play,zone_grades_run_block,zone_run_block_percent,zone_snap_counts_run_block,zone_snap_counts_run_block_percent,zone_snap_counts_run_play
11,Walker Little,52287,T,JAX,1,0,15,51.6,100.0,18,40.0,18,68.4,0,100.0,45,45,80.6,100.0,25,55.6,25
11,Cole Van Lanen,41583,T,JAX,1,0,15,49.6,100.0,18,40.0,18,55.7,0,100.0,45,45,63.2,100.0,25,55.6,25
11,Ezra Cleveland,41973,G,JAX,1,0,15,82.9,100.0,17,38.6,17,84.7,0,100.0,44,44,78.8,100.0,25,56.8,25
11,John Michael Schmitz Jr.,55238,C,NYG,1,0,21,57.8,100.0,16,41.0,16,48.1,0,100.0,39,39,52.5,100.0,20,51.3,20
11,Andrew Thomas,59701,T,NYG,1,0,21,66.4,100.0,16,41.0,16,64.4,0,100.0,39,39,76.4,100.0,20,51.3,20
11,Jon Runyan,36661,G,NYG,1,1,21,53.1,100.0,16,41.0,16,57.9,1,100.0,39,39,62.7,100.0,20,51.3,20
11,Jermaine Eluemunor,11914,T,NYG,1,0,21,68.3,100.0,16,41.0,16,56.7,0,100.0,39,39,48.7,100.0,20,51.3,20
11,Greg Van Roten,7746,G,NYG,1,0,21,72.6,100.0,16,41.0,16,64.3,0,100.0,39,39,56.3,100.0,20,51.3,20
11,Drew Dalman,52270,C,CHI,1,0,6,67.4,100.0,7,18.4,7,72.0,0,100.0,38,38,70.6,100.0,30,78.9,30
11,Jonah Jackson,37070,G,CHI,1,0,6,64.1,100.0,7,18.4,7,64.7,0,100.0,38,38,63.9,100.0,30,78.9,30
11,Darnell Wright,98480,T,CHI,1,0,6,49.9,100.0,7,18.4,7,53.0,0,100.0,38,38,63.6,100.0,30,78.9,30
11,Joe Thuney,10712,G,CHI,1,0,6,64.8,100.0,7,18.4,7,59.1,0,100.0,38,38,57.0,100.0,30,78.9,30
11,Landon Dickerson,41712,G,PHI,1,0,24,58.6,100.0,15,40.5,15,58.0,0,100.0,37,37,61.4,100.0,11,29.7,11
11,Wan'Dale Robinson,101735,WR,NYG,1,0,21,79.9,100.0,16,43.2,16,73.3,0,100.0,37,37,60.8,100.0,18,48.6,18
11,Tyler Steen,81921,G,PHI,1,0,24,57.4,100.0,15,40.5,15,73.8,0,100.0,37,37,90.1,100.0,11,29.7,11
11,Robert Hainsey,59980,C,JAX,1,0,15,61.0,100.0,14,37.8,14,64.8,0,100.0,37,37,66.7,100.0,21,56.8,21
11,Theo Benedet,169632,T,CHI,1,0,6,58.4,100.0,6,16.2,6,63.8,0,100.0,37,37,65.0,100.0,30,81.1,30
11,Jordan Mailata,66916,T,PHI,1,0,24,50.6,100.0,15,40.5,15,42.4,1,100.0,37,37,40.2,100.0,11,29.7,11
11,Patrick Mekari,46219,G,JAX,1,0,15,60.3,100.0,14,37.8,14,58.2,0,100.0,37,37,58.7,100.0,21,56.8,21
11,Caleb Williams,144622,QB,CHI,1,0,6,60.0,100.0,7,19.4,7,60.0,0,94.7,36,38,60.0,96.7,29,80.6,30
11,Jameis Winston,9434,QB,NYG,1,0,21,60.0,100.0,16,44.4,16,60.3,0,92.3,36,39,60.0,100.0,20,55.6,20
11,Theo Johnson,129787,TE,NYG,1,0,21,71.4,100.0,16,44.4,16,59.4,0,100.0,36,36,48.1,100.0,17,47.2,17
11,Grey Zabel,125314,G,SEA,1,0,29,43.4,100.0,14,40.0,14,45.7,0,100.0,35,35,53.3,100.0,17,48.6,17
11,Olusegun Oluwatimi,98581,C,SEA,1,0,29,59.1,100.0,14,40.0,14,56.0,0,100.0,35,35,56.3,100.0,17,48.6,17
11,DeVonta Smith,61100,WR,PHI,1,0,24,55.1,100.0,15,42.9,15,55.6,0,100.0,35,35,61.3,100.0,11,31.4,11
11,Anthony Bradford,99103,G,SEA,1,0,29,59.3,100.0,14,40.0,14,43.9,0,100.0,35,35,36.9,100.0,17,48.6,17
11,Abraham Lucas,60218,T,SEA,1,0,29,65.2,100.0,14,40.0,14,63.7,0,100.0,35,35,61.9,100.0,17,48.6,17
11,Charles Cross,98401,T,SEA,1,0,29,58.4,100.0,14,40.0,14,61.2,0,100.0,35,35,57.3,100.0,17,48.6,17
11,Fred Johnson,46951,T,PHI,1,0,24,73.4,100.0,15,44.1,15,67.8,0,100.0,34,34,59.5,100.0,9,26.5,9
11,Trevor Lawrence,77632,QB,JAX,1,0,15,60.0,92.9,13,38.2,14,60.1,0,91.9,34,37,60.0,100.0,21,61.8,21
11,Colston Loveland,158540,TE,CHI,1,0,6,65.2,100.0,5,14.7,5,68.2,0,100.0,34,34,67.1,100.0,28,82.4,28
11,Sam Darnold,29048,QB,SEA,1,0,29,60.0,100.0,14,41.2,14,60.1,0,97.1,34,35,60.0,100.0,17,50.0,17
11,Dan Feeney,11826,G,TB,1,0,30,44.4,100.0,18,54.5,18,42.7,0,100.0,33,33,48.4,100.0,10,30.3,10
11,Tristan Wirfs,64818,T,TB,1,0,30,77.7,100.0,18,54.5,18,81.2,0,100.0,33,33,56.1,100.0,10,30.3,10
11,A.J. Brown,48327,WR,PHI,1,0,24,59.3,100.0,14,42.4,14,59.1,0,100.0,33,33,62.2,100.0,11,33.3,11
11,Luke Goedeke,77548,T,TB,1,0,30,76.7,100.0,18,54.5,18,73.9,0,100.0,33,33,64.9,100.0,10,30.3,10
11,Graham Barton,122367,C,TB,1,0,30,71.2,100.0,18,54.5,18,76.5,0,100.0,33,33,67.0,100.0,10,30.3,10
11,Michael Jordan,28021,G,TB,1,0,30,50.6,100.0,18,54.5,18,46.8,0,100.0,33,33,48.4,100.0,10,30.3,10
11,Tyler Biadasz,41178,C,WAS,1,0,32,40.6,100.0,13,40.6,13,64.8,0,100.0,32,32,74.8,100.0,18,56.3,18
11,Tyler Guyton,123076,T,DAL,1,0,9,90.5,100.0,7,21.9,7,76.0,0,100.0,32,32,67.8,100.0,19,59.4,19
11,Tyler Booker,157001,G,DAL,1,0,9,62.3,100.0,7,21.9,7,61.9,1,100.0,32,32,55.2,100.0,19,59.4,19
11,Terence Steele,39461,T,DAL,1,0,9,58.1,100.0,7,21.9,7,82.7,0,100.0,32,32,89.5,100.0,19,59.4,19
11,Cooper Beebe,99434,C,DAL,1,0,9,56.4,100.0,7,21.9,7,75.7,0,100.0,32,32,76.4,100.0,19,59.4,19
11,Laremy Tunsil,10647,T,WAS,1,0,32,77.9,100.0,13,40.6,13,72.8,0,100.0,32,32,62.9,100.0,18,56.3,18
11,Josh Conerly Jr.,163291,T,WAS,1,0,32,55.6,100.0,13,40.6,13,77.6,0,100.0,32,32,87.5,100.0,18,56.3,18
11,Tyler Smith,98385,G,DAL,1,0,9,64.4,100.0,7,21.9,7,78.4,0,100.0,32,32,75.6,100.0,19,59.4,19
11,Chris Paul,77579,G,WAS,1,0,32,54.3,100.0,13,40.6,13,48.3,0,100.0,32,32,47.8,100.0,18,56.3,18
11,Cade Otton,61071,TE,TB,1,0,30,59.5,100.0,17,54.8,17,65.1,0,100.0,31,31,58.2,100.0,10,32.3,10
11,Dallas Goedert,47272,TE,PHI,1,0,24,70.1,100.0,12,38.7,12,69.6,0,100.0,31,31,64.9,100.0,9,29.0,9
11,Kyle Hinton,83163,G,ATL,1,0,2,47.7,100.0,6,19.4,6,41.4,0,100.0,31,31,56.2,100.0,24,77.4,24
11,Elijah Wilkinson,46238,T,ATL,1,0,2,46.3,100.0,6,19.4,6,59.5,1,100.0,31,31,66.3,100.0,24,77.4,24
11,Jake Matthews,8641,T,ATL,1,0,2,59.2,100.0,6,19.4,6,55.7,0,100.0,31,31,55.7,100.0,24,77.4,24
11,Quintin Morris,61182,TE,JAX,1,0,15,72.9,100.0,11,35.5,11,63.0,0,100.0,31,31,57.3,100.0,18,58.1,18
11,Ryan Neuzil,41123,C,ATL,1,0,2,59.9,100.0,6,19.4,6,77.7,0,100.0,31,31,80.7,100.0,24,77.4,24
11,Johnny Mundt,12206,TE,JAX,1,0,15,51.0,100.0,11,35.5,11,73.6,0,100.0,31,31,84.2,100.0,18,58.1,18
11,Sam Cosmi,60114,G,WAS,1,0,32,57.6,100.0,12,38.7,12,78.0,0,100.0,31,31,81.0,100.0,18,58.1,18
11,Baker Mayfield,46518,QB,TB,1,0,30,60.0,100.0,18,58.1,18,60.0,0,96.9,31,32,60.0,90.0,9,29.0,10
11,Isaiah Hodgins,52130,WR,NYG,1,0,21,55.0,100.0,14,46.7,14,46.5,1,100.0,30,30,72.3,100.0,16,53.3,16
11,Parker Washington,129799,WR,JAX,1,0,15,58.3,100.0,11,36.7,11,54.4,0,100.0,30,30,58.6,100.0,17,56.7,17
11,Drake London,86519,WR,ATL,1,1,2,58.9,100.0,6,20.0,6,62.5,1,100.0,30,30,63.5,100.0,23,76.7,23
11,Ronnie Stanley,10640,T,BLT,1,0,3,67.8,100.0,10,34.5,10,62.9,0,100.0,29,29,58.3,100.0,12,41.4,12
11,Larry Borom,59879,T,MIA,1,0,17,84.0,100.0,18,62.1,18,90.7,0,100.0,29,29,85.2,100.0,11,37.9,11
11,Tua Tagovailoa,60326,QB,MIA,1,0,17,60.0,100.0,18,62.1,18,60.0,0,100.0,29,29,60.0,100.0,11,37.9,11
11,Andrew Vorhees,60818,G,BLT,1,0,3,67.0,100.0,10,34.5,10,70.4,0,100.0,29,29,64.6,100.0,12,41.4,12
11,DJ Moore,48267,WR,CHI,1,0,6,57.0,80.0,4,13.8,5,54.9,0,96.7,29,30,55.7,100.0,25,86.2,25
11,Patrick Paul,101019,T,MIA,1,0,17,50.0,100.0,18,62.1,18,55.7,0,100.0,29,29,64.7,100.0,11,37.9,11
11,Jonah Savaiinaea,158742,G,MIA,1,0,17,46.1,100.0,18,62.1,18,53.1,0,100.0,29,29,65.3,100.0,11,37.9,11
11,Chris Lindstrom,46692,G,ATL,1,0,2,56.7,100.0,6,20.7,6,67.5,1,100.0,29,29,70.9,100.0,22,75.9,22
11,Aaron Brewer,46014,C,MIA,1,0,17,84.4,100.0,18,62.1,18,77.2,0,100.0,29,29,59.2,100.0,11,37.9,11
11,Tyler Linderbaum,82291,C,BLT,1,0,3,49.4,100.0,10,34.5,10,63.4,0,100.0,29,29,61.9,100.0,12,41.4,12
11,Emeka Egbuka,145055,WR,TB,1,0,30,59.9,100.0,16,55.2,16,58.4,0,100.0,29,29,58.5,100.0,10,34.5,10
11,Daniel Faalele,81734,G,BLT,1,0,3,54.8,100.0,10,34.5,10,54.7,0,100.0,29,29,63.6,100.0,12,41.4,12
11,Jalen Hurts,40291,QB,PHI,1,0,24,60.0,100.0,15,51.7,15,60.0,0,78.4,29,37,60.0,100.0,11,37.9,11
11,AJ Barner,129433,TE,SEA,1,0,29,68.5,100.0,13,44.8,13,64.6,0,93.5,29,31,57.8,100.0,15,51.7,15
11,Cole Strange,22976,G,MIA,1,0,17,71.7,100.0,18,62.1,18,62.4,0,100.0,29,29,49.0,100.0,11,37.9,11
11,Roger Rosengarten,131912,T,BLT,1,0,3,77.6,100.0,10,34.5,10,65.3,0,100.0,29,29,52.4,100.0,12,41.4,12
11,Cooper Kupp,11824,WR,SEA,1,0,29,73.9,100.0,11,39.3,11,62.6,0,100.0,28,28,51.1,100.0,15,53.6,15
11,Rome Odunze,73774,WR,CHI,1,0,6,60.2,100.0,4,14.3,4,59.8,0,100.0,28,28,59.6,100.0,24,85.7,24
11,Marcus Mariota,9435,QB,WAS,1,0,32,60.0,84.6,11,39.3,13,60.3,0,90.3,28,31,60.0,100.0,17,60.7,17
11,Cole Kmet,60995,TE,CHI,1,0,6,58.2,100.0,6,21.4,6,67.3,0,100.0,28,28,69.2,100.0,21,75.0,21
11,Mason McCormick,78326,G,PIT,1,0,25,57.9,100.0,7,25.9,7,69.7,0,100.0,27,27,73.7,100.0,17,63.0,17
11,Dak Prescott,10769,QB,DAL,1,0,9,60.0,100.0,7,25.9,7,60.0,0,84.4,27,32,60.0,100.0,19,70.4,19
11,Broderick Jones,124025,T,PIT,1,0,25,50.5,100.0,7,25.9,7,53.9,0,100.0,27,27,48.5,100.0,17,63.0,17
11,Zach Frazier,123419,C,PIT,1,0,25,50.6,100.0,7,25.9,7,60.5,0,100.0,27,27,60.3,100.0,17,63.0,17
11,Troy Fautanu,100521,T,PIT,1,0,25,59.4,100.0,7,25.9,7,59.8,0,100.0,27,27,60.4,100.0,17,63.0,17
11,Darnell Mooney,48236,WR,ATL,1,0,2,60.4,100.0,5,18.5,5,58.5,0,100.0,27,27,58.3,100.0,21,77.8,21
11,Grant Calcaterra,60997,TE,PHI,1,0,24,49.9,100.0,10,37.0,10,50.5,0,100.0,27,27,58.3,100.0,8,29.6,8
11,Cam Jurgens,84014,C,PHI,1,0,24,58.1,100.0,9,33.3,9,49.3,0,100.0,27,27,55.6,100.0,10,37.0,10
11,Morgan Moses,8701,T,NE,1,0,19,60.1,100.0,15,57.7,15,77.3,0,100.0,26,26,90.8,100.0,6,23.1,6
11,Damien Lewis,81532,G,CAR,1,0,5,69.8,100.0,15,57.7,15,61.0,0,100.0,26,26,50.2,100.0,10,38.5,10
11,Chandler Zavala,144009,G,CAR,1,0,5,51.4,100.0,15,57.7,15,47.1,1,100.0,26,26,49.3,100.0,10,38.5,10
11,Cade Mays,81995,C,CAR,1,0,5,47.4,100.0,15,57.7,15,45.8,0,100.0,26,26,52.1,100.0,10,38.5,10
11,Mike Onwenu,27357,G,NE,1,0,19,74.0,100.0,15,57.7,15,78.2,0,100.0,26,26,74.1,100.0,6,23.1,6
11,Isaac Seumalo,10713,G,PIT,1,0,25,50.6,100.0,7,26.9,7,49.5,0,100.0,26,26,53.0,100.0,17,65.4,17
11,Hunter Henry,10669,TE,NE,1,0,19,62.2,100.0,15,57.7,15,57.1,0,100.0,26,26,50.5,100.0,6,23.1,6
11,Will Campbell,157106,T,NE,1,0,19,58.4,100.0,15,57.7,15,51.5,0,100.0,26,26,48.6,100.0,6,23.1,6
11,Ikem Ekwonu,98286,T,CAR,1,0,5,48.7,100.0,15,57.7,15,60.9,0,100.0,26,26,74.7,100.0,10,38.5,10
11,Jared Wilson,146717,G,NE,1,0,19,63.9,100.0,15,57.7,15,67.1,0,100.0,26,26,66.9,100.0,6,23.1,6
11,Garrett Bradbury,46013,C,NE,1,0,19,62.1,100.0,15,57.7,15,54.2,0,100.0,26,26,54.5,100.0,6,23.1,6
11,Lamar Jackson,46416,QB,BLT,1,0,3,60.0,100.0,10,38.5,10,60.1,0,89.7,26,29,60.0,91.7,11,42.3,12
11,Taylor Moton,11819,T,CAR,1,0,5,53.0,100.0,15,57.7,15,67.7,0,100.0,26,26,80.0,100.0,10,38.5,10
11,Chris Moore,10741,WR,WAS,1,0,32,61.1,100.0,10,40.0,10,43.9,0,100.0,25,25,61.7,100.0,14,56.0,14
11,Bryce Young,123943,QB,CAR,1,0,5,60.0,100.0,15,60.0,15,60.0,0,96.2,25,26,60.0,100.0,10,40.0,10
11,Charlie Woerner,42257,TE,ATL,1,0,2,58.1,100.0,6,24.0,6,65.7,0,100.0,25,25,68.1,100.0,18,72.0,18
11,John Simpson,41715,G,NYJ,1,0,22,66.5,100.0,5,20.8,5,64.6,0,100.0,24,24,70.9,100.0,17,70.8,17
11,Ted Karras,10855,C,CIN,1,0,7,70.3,100.0,10,41.7,10,64.0,0,100.0,24,24,50.0,100.0,12,50.0,12
11,Jakobi Meyers,47468,WR,JAX,1,0,15,53.7,100.0,9,37.5,9,55.9,0,100.0,24,24,60.0,100.0,15,62.5,15
11,Amarius Mims,146719,T,CIN,1,0,7,52.6,100.0,10,41.7,10,51.3,0,100.0,24,24,54.3,100.0,12,50.0,12
11,Joe Tippmann,101568,G,NYJ,1,0,22,66.4,100.0,5,20.8,5,71.1,0,100.0,24,24,69.4,100.0,17,70.8,17
11,Dylan Fairchild,146716,G,CIN,1,0,7,42.3,100.0,10,41.7,10,50.1,0,100.0,24,24,53.8,100.0,12,50.0,12
11,Orlando Brown Jr.,46227,T,CIN,1,0,7,50.6,100.0,10,41.7,10,49.6,0,100.0,24,24,53.3,100.0,12,50.0,12
11,Armand Membou,125008,T,NYJ,1,0,22,57.2,100.0,5,20.8,5,75.3,0,100.0,24,24,79.4,100.0,17,70.8,17
11,Olumuyiwa Fashanu,129777,T,NYJ,1,0,22,54.6,100.0,5,20.8,5,69.2,0,100.0,24,24,66.7,100.0,17,70.8,17
11,Drake Maye,143969,QB,NE,1,0,19,60.0,100.0,15,62.5,15,60.0,0,92.3,24,26,60.0,100.0,6,25.0,6
11,Josh Myers,59992,C,NYJ,1,0,22,60.3,100.0,5,20.8,5,64.8,0,100.0,24,24,65.1,100.0,17,70.8,17
11,Tim Patrick,12087,WR,JAX,1,0,15,57.5,100.0,11,47.8,11,57.3,0,100.0,23,23,59.2,100.0,11,47.8,11
11,John Metchie III,97400,WR,NYJ,1,0,22,53.1,100.0,5,21.7,5,55.0,0,100.0,23,23,60.5,100.0,16,69.6,16
11,Coleman Shelton,39316,C,LA,1,0,26,50.8,100.0,8,34.8,8,52.9,0,100.0,23,23,57.9,100.0,13,56.5,13
11,Kevin Dotson,46735,G,LA,1,0,26,55.8,100.0,8,34.8,8,63.9,0,100.0,23,23,68.2,100.0,13,56.5,13
11,Alaric Jackson,40972,T,LA,1,0,26,51.7,100.0,8,34.8,8,76.6,0,100.0,23,23,80.4,100.0,13,56.5,13
11,Matthew Stafford,4924,QB,LA,1,0,26,60.0,100.0,8,34.8,8,60.0,0,100.0,23,23,60.0,100.0,13,56.5,13
11,Jack Conklin,10642,T,CLV,1,0,8,66.4,100.0,9,39.1,9,65.8,0,100.0,23,23,63.8,100.0,11,47.8,11
11,Steve Avila,77319,G,LA,1,0,26,63.8,100.0,8,34.8,8,77.8,0,100.0,23,23,80.2,100.0,13,56.5,13
11,Jaxon Smith-Njigba,129758,WR,SEA,1,0,29,60.5,100.0,10,43.5,10,61.1,0,100.0,23,23,61.4,100.0,12,52.2,12
11,Ethan Pocic,11813,C,CLV,1,0,8,57.4,100.0,9,39.1,9,49.1,1,100.0,23,23,47.5,100.0,11,47.8,11
11,Wyatt Teller,46131,G,CLV,1,0,8,63.9,100.0,9,39.1,9,51.8,0,100.0,23,23,58.9,100.0,11,47.8,11
11,Zay Flowers,97268,WR,BLT,1,0,3,59.9,100.0,10,43.5,10,56.8,0,95.8,23,24,56.1,100.0,11,47.8,11
11,Dominick Puni,163815,G,SF,1,0,28,61.2,100.0,9,39.1,9,68.8,0,100.0,23,23,70.7,100.0,11,47.8,11
11,Joe Flacco,4332,QB,CIN,1,0,7,60.0,100.0,10,43.5,10,60.2,0,95.8,23,24,60.0,100.0,12,52.2,12
11,Rob Havenstein,9490,T,LA,1,0,26,64.8,100.0,8,34.8,8,65.9,0,100.0,23,23,54.0,100.0,13,56.5,13
11,Joel Bitonio,8670,G,CLV,1,0,8,42.9,100.0,9,39.1,9,40.3,0,100.0,23,23,47.0,100.0,11,47.8,11
11,Mack Hollins,11873,WR,NE,1,0,19,59.5,100.0,14,63.6,14,58.9,0,100.0,22,22,59.8,100.0,5,22.7,5
11,Jaylen Waddle,84088,WR,MIA,1,1,17,62.5,100.0,14,63.6,14,46.5,1,100.0,22,22,39.9,100.0,8,36.4,8
11,Aaron Banks,59983,G,GB,1,0,12,50.4,100.0,6,27.3,6,82.1,0,100.0,22,22,90.5,100.0,15,68.2,15
11,Ja'Marr Chase,84270,WR,CIN,1,1,7,61.3,100.0,10,45.5,10,61.0,1,100.0,22,22,60.5,100.0,11,50.0,11
11,Jake Andrews,81868,C,HST,1,0,13,61.8,100.0,16,72.7,16,55.9,0,100.0,22,22,52.8,100.0,5,22.7,5
11,J.J. McCarthy,144918,QB,MIN,1,0,18,60.0,100.0,11,50.0,11,60.0,0,100.0,22,22,60.0,100.0,11,50.0,11
11,Darnell Washington,124044,TE,PIT,1,0,25,75.9,100.0,5,22.7,5,81.9,0,100.0,22,22,71.7,100.0,14,63.6,14
11,Jarrett Patterson,81775,G,HST,1,0,13,58.7,100.0,16,72.7,16,52.6,0,100.0,22,22,48.4,100.0,5,22.7,5
11,Donovan Jackson,145064,G,MIN,1,0,18,69.3,100.0,11,50.0,11,67.2,0,100.0,22,22,61.6,100.0,11,50.0,11
11,Will Fries,41530,G,MIN,1,0,18,64.7,100.0,11,50.0,11,79.4,0,100.0,22,22,83.4,100.0,11,50.0,11
11,Christian Darrisaw,77373,T,MIN,1,0,18,60.9,100.0,11,50.0,11,70.5,0,100.0,22,22,74.4,100.0,11,50.0,11
11,Trent Brown,9677,T,HST,1,0,13,74.0,100.0,16,72.7,16,70.5,1,100.0,22,22,57.7,100.0,5,22.7,5
11,Michael Penix Jr.,82134,QB,ATL,1,0,2,60.0,100.0,4,18.2,4,60.0,0,100.0,22,22,60.0,100.0,18,81.8,18
11,Rasheed Walker,81798,T,GB,1,0,12,58.0,100.0,6,27.3,6,57.3,0,100.0,22,22,58.0,100.0,15,68.2,15
11,Sean Rhyan,72009,C,GB,1,0,12,75.8,100.0,6,27.3,6,68.3,0,100.0,22,22,59.6,100.0,15,68.2,15
11,Jalen Rivers,122221,G,CIN,1,0,7,75.0,100.0,10,45.5,10,48.3,0,100.0,22,22,31.1,100.0,11,50.0,11
11,Aireontae Ersery,129649,T,HST,1,0,13,44.7,100.0,16,72.7,16,46.5,0,100.0,22,22,57.4,100.0,5,22.7,5
11,Blake Brandel,46282,C,MIN,1,0,18,67.3,100.0,11,50.0,11,75.2,0,100.0,22,22,74.1,100.0,11,50.0,11
11,Kyle Pitts,83964,TE,ATL,1,0,2,45.9,100.0,3,13.6,3,53.9,1,100.0,22,22,59.1,100.0,18,81.8,18
11,Brian O'Neill,46854,T,MIN,1,0,18,55.0,100.0,11,50.0,11,72.3,0,100.0,22,22,81.2,100.0,11,50.0,11
11,Colton McKivitz,29314,T,SF,1,0,28,66.6,100.0,9,40.9,9,83.8,0,100.0,22,22,86.8,100.0,13,59.1,13
11,Tytus Howard,25472,G,HST,1,0,13,59.6,100.0,16,72.7,16,55.5,1,100.0,22,22,52.4,100.0,5,22.7,5
11,Jordan Morgan,98652,G,GB,1,0,12,67.5,100.0,6,27.3,6,67.0,0,100.0,22,22,63.6,100.0,15,68.2,15
11,Justin Jefferson,61398,WR,MIN,1,0,18,61.3,100.0,11,50.0,11,80.0,0,100.0,22,22,84.9,100.0,11,50.0,11
11,Davis Mills,52269,QB,HST,1,0,13,60.0,100.0,16,72.7,16,60.0,0,100.0,22,22,60.0,100.0,5,22.7,5
11,Mason Taylor,157122,TE,NYJ,1,0,22,58.4,100.0,4,19.0,4,59.0,0,100.0,21,21,60.5,100.0,15,71.4,15
11,Tommy Tremble,84025,TE,CAR,1,0,5,64.7,100.0,13,61.9,13,64.9,0,100.0,21,21,80.0,100.0,7,33.3,7
11,Daniel Bellinger,84041,TE,NYG,1,0,21,73.5,100.0,6,28.6,6,69.4,0,100.0,21,21,63.8,100.0,12,57.1,12
11,Zach Tom,55443,T,GB,1,0,12,65.8,100.0,6,28.6,6,67.7,0,100.0,21,21,66.2,100.0,14,66.7,14
11,Adam Trautman,109795,TE,DEN,1,0,10,63.7,100.0,11,55.0,11,58.5,0,100.0,20,20,74.9,100.0,7,35.0,7
11,Taylor Decker,10650,T,DET,1,0,11,48.7,100.0,9,45.0,9,57.2,0,100.0,20,20,66.1,100.0,9,45.0,9
11,Garett Bolles,11775,T,DEN,1,0,10,47.4,100.0,11,55.0,11,61.8,0,100.0,20,20,74.9,100.0,7,35.0,7
11,Kayode Awosika,44909,G,DET,1,0,11,40.8,100.0,9,45.0,9,48.4,0,100.0,20,20,60.9,100.0,9,45.0,9
11,Mike McGlinchey,46275,T,DEN,1,0,10,70.2,100.0,11,55.0,11,60.8,0,100.0,20,20,47.9,100.0,7,35.0,7
11,O'Cyrus Torrence,102821,G,BUF,1,0,4,52.5,100.0,11,55.0,11,64.0,0,100.0,20,20,75.0,100.0,8,40.0,8
11,Trent Williams,5529,T,SF,1,0,28,67.6,100.0,9,45.0,9,74.1,0,100.0,20,20,72.6,100.0,11,55.0,11
11,Harold Fannin Jr.,163104,TE,CLV,1,0,8,64.5,100.0,8,40.0,8,50.5,0,100.0,20,20,53.6,100.0,10,50.0,10
11,Jake Brendel,11117,C,SF,1,0,28,60.7,100.0,9,45.0,9,57.3,0,100.0,20,20,55.9,100.0,11,55.0,11
11,David Edwards,35941,G,BUF,1,0,4,62.5,100.0,11,55.0,11,64.7,0,100.0,20,20,64.7,100.0,8,40.0,8
11,Alex Palczewski,59738,G,DEN,1,0,10,54.8,100.0,11,55.0,11,37.9,1,100.0,20,20,42.4,100.0,7,35.0,7
11,Quinn Meinerz,112915,G,DEN,1,0,10,60.8,100.0,11,55.0,11,82.8,0,100.0,20,20,91.3,100.0,7,35.0,7
11,Jordan Addison,123000,WR,MIN,1,0,18,59.6,100.0,10,50.0,10,58.2,0,100.0,20,20,58.0,100.0,10,50.0,10
11,Spencer Brown,42296,T,BUF,1,0,4,82.2,100.0,11,55.0,11,86.6,0,100.0,20,20,77.9,100.0,8,40.0,8
11,John Bates,42275,TE,WAS,1,0,32,57.6,100.0,10,50.0,10,57.4,0,100.0,20,20,58.6,100.0,10,50.0,10
11,Dion Dawkins,11818,T,BUF,1,0,4,67.4,100.0,11,55.0,11,80.5,0,100.0,20,20,84.4,100.0,8,40.0,8
11,Penei Sewell,81788,T,DET,1,0,11,40.8,100.0,9,45.0,9,61.2,0,100.0,20,20,67.9,100.0,9,45.0,9
11,Graham Glasgow,10729,C,DET,1,0,11,58.3,100.0,9,45.0,9,58.2,0,100.0,20,20,58.9,100.0,9,45.0,9
11,Tez Johnson,123709,WR,TB,1,0,30,57.9,100.0,12,60.0,12,56.5,0,90.9,20,22,57.7,100.0,7,35.0,7
11,Connor McGovern,41714,C,BUF,1,0,4,55.4,100.0,11,55.0,11,53.2,0,100.0,20,20,55.5,100.0,8,40.0,8
11,Zach Ertz,7816,TE,WAS,1,0,32,49.2,100.0,6,30.0,6,60.3,0,100.0,20,20,58.7,100.0,13,65.0,13
11,Ryan Flournoy,159617,WR,DAL,1,0,9,60.5,100.0,5,25.0,5,59.2,0,100.0,20,20,60.7,100.0,9,45.0,9
11,Luke Wattenberg,41024,C,DEN,1,0,10,73.5,100.0,11,55.0,11,72.2,0,100.0,20,20,62.9,100.0,7,35.0,7
11,Amon-Ra St. Brown,84470,WR,DET,1,0,11,78.7,100.0,9,47.4,9,73.7,0,100.0,19,19,60.0,100.0,9,47.4,9
11,Jared Goff,10635,QB,DET,1,0,11,60.0,100.0,9,47.4,9,60.0,0,95.0,19,20,60.0,100.0,9,47.4,9
11,George Kittle,11901,TE,SF,1,0,28,60.6,100.0,9,47.4,9,60.7,0,100.0,19,19,60.3,100.0,10,52.6,10
11,Tee Higgins,61211,WR,CIN,1,0,7,51.4,100.0,9,47.4,9,52.6,0,100.0,19,19,61.6,100.0,9,47.4,9
11,Brock Purdy,77672,QB,SF,1,0,28,60.0,100.0,9,47.4,9,60.0,0,95.0,19,20,60.0,90.9,10,52.6,11
11,DeAndre Hopkins,7808,WR,BLT,1,0,3,59.2,100.0,9,47.4,9,60.2,0,100.0,19,19,61.6,100.0,9,47.4,9
11,Colby Parkinson,52266,TE,LA,1,0,26,42.6,100.0,6,31.6,6,52.5,1,100.0,19,19,56.9,100.0,11,57.9,11
11,Payne Durham,84037,TE,TB,1,0,30,54.9,100.0,10,55.6,10,59.7,0,100.0,18,18,68.5,100.0,5,27.8,5
11,Courtland Sutton,48164,WR,DEN,1,0,10,61.3,100.0,11,61.1,11,56.1,0,100.0,18,18,53.4,100.0,6,33.3,6
11,Paris Johnson Jr.,129749,T,ARZ,1,0,1,58.8,100.0,13,72.2,13,71.4,0,100.0,18,18,68.2,100.0,4,22.2,4
11,Bo Nix,97790,QB,DEN,1,0,10,60.0,90.9,10,55.6,11,60.0,0,90.0,18,20,60.0,100.0,7,38.9,7
11,D.K. Metcalf,47864,WR,PIT,1,0,25,60.0,100.0,3,16.7,3,63.7,0,100.0,18,18,63.1,100.0,15,83.3,15
11,Christian Watson,66581,WR,GB,1,0,12,59.1,100.0,5,27.8,5,59.5,0,100.0,18,18,61.2,100.0,12,66.7,12
11,Luke Schoonmaker,84005,TE,DAL,1,0,9,57.5,100.0,3,16.7,3,62.5,0,100.0,18,18,65.5,100.0,9,50.0,9
11,Evan Brown,38709,G,ARZ,1,0,1,52.5,100.0,13,72.2,13,49.5,0,100.0,18,18,53.0,100.0,4,22.2,4
11,Cedric Tillman,84434,WR,CLV,1,0,8,54.1,100.0,9,50.0,9,55.6,0,100.0,18,18,61.3,100.0,8,44.4,8
11,Julian Hill,88685,TE,MIA,1,0,17,70.7,100.0,12,66.7,12,79.5,0,100.0,18,18,80.2,100.0,6,33.3,6
11,Hjalte Froholdt,44959,C,ARZ,1,0,1,58.2,100.0,13,72.2,13,62.1,0,100.0,18,18,66.5,100.0,4,22.2,4
11,Will Hernandez,46180,G,ARZ,1,0,1,61.7,100.0,13,76.5,13,60.3,0,100.0,17,17,58.7,100.0,3,17.6,3
11,Jameson Williams,101701,WR,DET,1,0,11,60.7,100.0,9,52.9,9,59.7,0,94.4,17,18,59.0,100.0,8,47.1,8
11,Justin Fields,82118,QB,NYJ,1,0,22,60.0,80.0,4,23.5,5,60.0,0,70.8,17,24,60.0,70.6,12,70.6,17
11,Cody White,61448,WR,SEA,1,0,29,58.7,100.0,9,52.9,9,53.9,0,100.0,17,17,53.9,100.0,5,29.4,5
11,Davante Adams,8688,WR,LA,1,0,26,60.3,100.0,5,29.4,5,62.3,0,100.0,17,17,60.9,100.0,12,70.6,12
11,Romeo Doubs,84329,WR,GB,1,0,12,60.7,100.0,5,29.4,5,55.4,0,100.0,17,17,54.1,100.0,12,70.6,12
11,Tyler Johnson,48054,WR,NYJ,1,0,22,57.7,100.0,3,17.6,3,49.8,0,100.0,17,17,53.7,100.0,12,70.6,12
11,Deebo Samuel,48274,WR,WAS,1,0,32,59.0,80.0,4,23.5,5,60.4,0,94.4,17,18,61.6,100.0,12,70.6,12
11,Jalin Hyatt,124282,WR,NYG,1,0,21,61.4,100.0,9,52.9,9,60.3,0,100.0,17,17,59.1,100.0,8,47.1,8
11,Tetairoa McMillan,158735,WR,CAR,1,0,5,54.9,100.0,8,47.1,8,56.3,0,100.0,17,17,60.1,100.0,9,52.9,9
11,Andrei Iosivas,109811,WR,CIN,1,0,7,75.9,100.0,7,41.2,7,72.1,0,100.0,17,17,61.0,100.0,9,52.9,9
11,Josh Allen,46601,QB,BUF,1,0,4,60.0,81.8,9,52.9,11,60.0,0,85.0,17,20,60.0,100.0,8,47.1,8
11,Tate Ratledge,124034,G,DET,1,0,11,61.1,100.0,7,43.8,7,45.0,0,100.0,16,16,36.3,100.0,7,43.8,7
11,Jordan Love,40306,QB,GB,1,0,12,60.0,100.0,5,31.3,5,60.0,0,94.1,16,17,60.0,90.9,10,62.5,11
11,T.J. Hockenson,40912,TE,MIN,1,0,18,54.5,100.0,9,56.3,9,52.2,0,100.0,16,16,73.4,100.0,7,43.8,7
11,Chuma Edoga,46232,T,JAX,1,0,15,62.6,100.0,7,43.8,7,72.5,0,100.0,16,16,77.2,100.0,8,50.0,8
11,Mitchell Evans,147486,TE,CAR,1,0,5,48.6,100.0,10,62.5,10,49.8,0,100.0,16,16,60.0,100.0,5,31.3,5
11,George Pickens,99229,WR,DAL,1,0,9,57.9,100.0,2,12.5,2,54.1,0,100.0,16,16,59.0,100.0,14,87.5,14
11,Kalif Raymond,11028,WR,DET,1,0,11,58.6,100.0,8,50.0,8,57.4,0,100.0,16,16,58.6,100.0,7,43.8,7
11,Jacoby Brissett,10725,QB,ARZ,1,0,1,59.8,100.0,13,81.3,13,59.7,0,88.9,16,18,60.0,75.0,3,18.8,4
11,Aaron Rodgers,2241,QB,PIT,1,0,25,60.0,100.0,5,31.3,5,60.0,0,100.0,16,16,60.0,100.0,9,56.3,9
11,Ben Bartch,84236,G,SF,1,0,28,61.4,100.0,6,37.5,6,58.4,0,100.0,16,16,56.0,100.0,7,43.8,7
11,Brock Wright,60994,TE,DET,1,0,11,56.3,100.0,5,31.3,5,69.1,0,100.0,16,16,78.0,100.0,9,56.3,9
11,Jerry Jeudy,61103,WR,CLV,1,0,8,61.3,100.0,7,43.8,7,60.2,0,100.0,16,16,59.6,100.0,8,50.0,8
11,Nico Collins,61441,WR,HST,1,0,13,57.3,100.0,12,75.0,12,58.0,0,100.0,16,16,60.2,100.0,3,18.8,3
11,CeeDee Lamb,61570,WR,DAL,1,0,9,60.2,100.0,4,25.0,4,61.3,0,100.0,16,16,61.1,100.0,12,75.0,12
11,Brevyn Spann-Ford,84006,TE,DAL,1,0,9,75.7,100.0,4,25.0,4,83.2,0,100.0,16,16,77.1,100.0,6,37.5,6
11,Kelvin Beachum,7229,T,ARZ,1,0,1,61.3,100.0,12,75.0,12,60.9,0,100.0,16,16,60.0,100.0,3,18.8,3
11,Trey McBride,75916,TE,ARZ,1,0,1,52.1,100.0,11,68.8,11,60.3,1,100.0,16,16,81.1,100.0,4,25.0,4
11,Jonnu Smith,11855,TE,PIT,1,1,25,55.9,100.0,6,40.0,6,42.6,1,100.0,15,15,54.1,100.0,9,60.0,9
11,Jayden Higgins,150240,WR,HST,1,0,13,49.6,100.0,11,73.3,11,50.2,0,100.0,15,15,60.2,100.0,4,26.7,4
11,Noah Fant,42388,TE,CIN,1,0,7,53.4,100.0,6,40.0,6,61.5,0,100.0,15,15,68.0,100.0,9,60.0,9
11,John FitzPatrick,83974,TE,GB,1,0,12,81.2,100.0,5,33.3,5,76.1,0,100.0,15,15,59.7,100.0,9,60.0,9
11,Daniel Brunskill,34807,G,MIA,1,0,17,66.8,100.0,13,86.7,13,64.8,0,100.0,15,15,57.5,100.0,2,13.3,2
11,Isaiah Williams,97156,WR,NYJ,1,0,22,60.0,100.0,4,26.7,4,58.1,0,93.8,15,16,58.9,100.0,11,73.3,11
11,Ricky Pearsall,100660,WR,SF,1,0,28,54.2,100.0,6,40.0,6,56.2,0,100.0,15,15,61.1,100.0,9,60.0,9
11,Alec Ingold,34934,FB,MIA,1,0,17,61.5,100.0,12,80.0,12,46.3,0,100.0,15,15,55.7,100.0,3,20.0,3
11,Tylan Wallace,61577,WR,BLT,1,0,3,60.0,100.0,3,20.0,3,60.4,0,100.0,15,15,61.6,100.0,8,53.3,8
11,Charlie Kolar,60917,TE,BLT,1,0,3,66.3,100.0,6,42.9,6,77.2,0,100.0,14,14,70.4,100.0,3,21.4,3
11,Spencer Burford,81920,G,SF,1,0,28,49.9,100.0,3,21.4,3,28.7,0,100.0,14,14,31.1,100.0,8,57.1,8
11,Dillon Gabriel,86272,QB,CLV,1,0,8,60.0,100.0,6,42.9,6,60.0,0,93.3,14,15,60.0,85.7,6,42.9,7
11,Jake Ferguson,61081,TE,DAL,1,0,9,55.3,100.0,4,28.6,4,64.3,0,100.0,14,14,67.5,100.0,10,71.4,10
11,Josh Simmons,88924,T,KC,1,0,16,69.4,100.0,5,35.7,5,49.8,0,100.0,14,14,52.9,100.0,9,64.3,9
11,Kevin Zeitler,7032,G,TEN,1,0,31,53.3,100.0,6,42.9,6,39.3,1,100.0,14,14,57.1,100.0,7,50.0,7
11,Jauan Jennings,48027,WR,SF,1,0,28,53.9,100.0,7,50.0,7,55.4,0,100.0,14,14,60.3,100.0,7,50.0,7
11,Cam Ward,133244,QB,TEN,1,0,31,60.0,100.0,6,42.9,6,60.0,0,100.0,14,14,60.0,100.0,7,50.0,7
11,Mark Andrews,47436,TE,BLT,1,0,3,52.8,100.0,6,42.9,6,54.0,0,93.3,14,15,60.5,100.0,6,42.9,6
11,Trey Smith,62960,G,KC,1,0,16,53.5,100.0,5,35.7,5,71.7,1,100.0,14,14,70.5,100.0,9,64.3,9
11,Patrick Mahomes,11765,QB,KC,1,0,16,60.0,100.0,5,35.7,5,60.0,0,100.0,14,14,60.0,100.0,9,64.3,9
11,JC Latham,146596,T,TEN,1,0,31,51.7,100.0,6,42.9,6,57.9,0,100.0,14,14,65.1,100.0,7,50.0,7
11,Lloyd Cushenberry III,41924,C,TEN,1,0,31,60.6,100.0,6,42.9,6,51.5,0,100.0,14,14,49.5,100.0,7,50.0,7
11,Jawaan Taylor,41665,T,KC,1,0,16,45.6,100.0,5,35.7,5,44.1,0,100.0,14,14,63.1,100.0,9,64.3,9
11,KT Leveston,77487,T,CLV,1,0,8,43.3,100.0,4,28.6,4,51.9,0,100.0,14,14,63.3,100.0,9,64.3,9
11,Peter Skoronski,129737,G,TEN,1,0,31,53.2,100.0,6,42.9,6,45.7,0,100.0,14,14,48.0,100.0,7,50.0,7
11,Dan Moore Jr.,60120,T,TEN,1,0,31,59.4,100.0,6,42.9,6,57.6,0,100.0,14,14,57.6,100.0,7,50.0,7
11,Creed Humphrey,59996,C,KC,1,0,16,60.2,100.0,5,35.7,5,62.7,0,100.0,14,14,74.1,100.0,9,64.3,9
11,Michael Wilson,84423,WR,ARZ,1,0,1,85.3,100.0,10,71.4,10,84.3,0,100.0,14,14,60.0,100.0,3,21.4,3
11,Kyle Juszczyk,7912,FB,SF,1,0,28,54.9,100.0,5,38.5,5,70.4,0,100.0,13,13,76.4,100.0,8,61.5,8
11,Brandon Coleman,123068,T,WAS,1,0,32,69.8,100.0,9,69.2,9,79.1,0,100.0,13,13,79.9,100.0,4,30.8,4
11,Dyami Brown,77986,WR,JAX,1,0,15,59.5,100.0,6,46.2,6,59.9,0,100.0,13,13,60.4,100.0,7,53.8,7
11,David Sills V,34579,WR,ATL,1,0,2,58.5,100.0,2,15.4,2,50.5,0,100.0,13,13,55.5,100.0,11,84.6,11
11,Kyle Williams,128374,WR,NE,1,0,19,61.8,100.0,10,76.9,10,61.7,0,100.0,13,13,60.0,100.0,1,7.7,1
11,Jack Westover,84079,FB,NE,1,0,19,57.2,100.0,4,30.8,4,48.5,1,100.0,13,13,54.8,100.0,5,38.5,5
11,Drew Sample,47259,TE,CIN,1,0,7,86.5,100.0,7,53.8,7,83.7,0,100.0,13,13,66.7,100.0,5,38.5,5
11,Roman Wilson,129604,WR,PIT,1,0,25,54.5,100.0,5,38.5,5,56.9,0,100.0,13,13,62.1,100.0,8,61.5,8
11,Trevor Penning,59963,G,LAC,1,0,27,59.6,100.0,7,53.8,7,66.5,0,100.0,13,13,69.7,100.0,4,30.8,4
11,Davis Allen,99697,TE,LA,1,0,26,59.2,100.0,4,30.8,4,50.7,0,100.0,13,13,48.7,100.0,8,61.5,8
11,Zion Johnson,99681,G,LAC,1,0,27,55.0,100.0,7,53.8,7,47.3,0,100.0,13,13,56.4,100.0,4,30.8,4
11,Chris Manhertz,10211,TE,NYG,1,0,21,59.9,100.0,3,23.1,3,60.7,0,100.0,13,13,61.2,100.0,7,53.8,7
11,Jackson Hawes,109374,TE,BUF,1,0,4,67.5,100.0,6,46.2,6,53.2,0,100.0,13,13,60.0,100.0,7,53.8,7
11,Pat Freiermuth,84085,TE,PIT,1,0,25,53.9,100.0,6,46.2,6,55.0,0,100.0,13,13,60.2,100.0,4,30.8,4
11,Xavier Hutchinson,122518,WR,HST,1,0,13,72.5,100.0,9,69.2,9,67.1,0,100.0,13,13,54.6,100.0,3,23.1,3
11,Elijah Arroyo,143933,TE,SEA,1,0,29,55.6,100.0,4,30.8,4,56.2,0,100.0,13,13,59.2,100.0,6,46.2,6
11,Jalen Nailor,84292,WR,MIN,1,0,18,59.2,100.0,5,41.7,5,59.3,0,100.0,12,12,59.9,100.0,7,58.3,7
11,Sterling Shepard,10674,WR,TB,1,0,30,83.7,100.0,6,50.0,6,74.3,0,92.3,12,13,54.3,100.0,5,41.7,5
11,Demarcus Robinson,10760,WR,SF,1,0,28,60.1,100.0,3,25.0,3,59.4,0,100.0,12,12,58.5,100.0,6,50.0,6
11,David Njoku,11784,TE,CLV,1,0,8,59.1,100.0,4,33.3,4,66.3,0,100.0,12,12,69.1,100.0,7,58.3,7
11,Luke Farrell,42353,TE,SF,1,0,28,59.7,100.0,3,25.0,3,59.9,0,100.0,12,12,59.9,100.0,6,50.0,6
11,Van Jefferson,47447,WR,TEN,1,0,31,60.4,100.0,5,41.7,5,60.6,0,100.0,12,12,59.3,100.0,6,50.0,6
11,Austin Trammell,52195,WR,JAX,1,0,15,58.0,100.0,6,50.0,6,58.9,0,100.0,12,12,60.6,100.0,6,50.0,6
11,Tyrell Shavers,61107,WR,BUF,1,0,4,59.6,100.0,4,33.3,4,55.8,0,100.0,12,12,54.9,100.0,7,58.3,7
11,Colson Yankoff,83589,TE,WAS,1,0,32,49.9,100.0,7,58.3,7,60.5,0,100.0,12,12,76.5,100.0,5,41.7,5
11,Isaiah Likely,83955,TE,BLT,1,0,3,53.2,100.0,5,41.7,5,67.6,0,100.0,12,12,60.4,100.0,5,41.7,5
11,Brycen Tremayne,84425,WR,CAR,1,0,5,60.0,100.0,8,66.7,8,61.0,0,100.0,12,12,60.0,100.0,3,25.0,3
11,Dontayvion Wicks,99711,WR,GB,1,0,12,60.0,100.0,2,16.7,2,73.2,0,100.0,12,12,54.6,100.0,10,83.3,10
11,Quentin Johnston,123085,WR,LAC,1,0,27,54.6,100.0,6,50.0,6,55.4,0,100.0,12,12,60.4,100.0,4,33.3,4
11,Jalen Coker,143068,WR,CAR,1,0,5,39.8,100.0,7,58.3,7,44.4,1,100.0,12,12,59.1,100.0,5,41.7,5
11,Ja'Tavion Sanders,144717,TE,CAR,1,0,5,59.5,100.0,9,75.0,9,57.9,0,100.0,12,12,57.8,100.0,3,25.0,3
11,Robbie Ouzts,146594,FB,SEA,1,0,29,47.1,100.0,4,33.3,4,45.3,0,100.0,12,12,53.0,100.0,6,50.0,6
11,Elic Ayomanor,157263,WR,TEN,1,0,31,54.0,100.0,5,41.7,5,56.0,0,100.0,12,12,61.0,100.0,6,50.0,6
11,Rashee Rice,97605,WR,KC,1,0,16,84.8,100.0,5,45.5,5,78.5,0,100.0,11,11,59.5,100.0,6,54.5,6
11,Curtis Samuel,11795,WR,BUF,1,0,4,51.8,100.0,7,63.6,7,71.5,0,100.0,11,11,60.2,100.0,4,36.4,4
11,Josh Oliver,47083,TE,MIN,1,0,18,57.7,100.0,6,54.5,6,76.4,0,100.0,11,11,84.1,100.0,5,45.5,5
11,Kingsley Suamataia,146558,G,KC,1,0,16,64.2,100.0,3,27.3,3,59.8,0,100.0,11,11,69.7,100.0,8,72.7,8
11,Greg Dulcich,84068,TE,MIA,1,0,17,49.5,100.0,4,36.4,4,54.1,0,100.0,11,11,60.7,100.0,7,63.6,7
11,Robbie Chosen,11254,WR,WAS,1,0,32,60.2,100.0,3,27.3,3,61.7,0,100.0,11,11,61.2,100.0,7,63.6,7
11,Xavier Worthy,144718,WR,KC,1,0,16,60.0,100.0,2,18.2,2,61.0,0,100.0,11,11,61.1,100.0,9,81.8,9
11,Joshua Palmer,62979,WR,BUF,1,0,4,60.3,100.0,9,81.8,9,60.7,0,100.0,11,11,60.0,100.0,2,18.2,2
11,Stefon Diggs,9579,WR,NE,1,0,19,61.5,100.0,9,81.8,9,61.0,0,100.0,11,11,59.7,100.0,2,18.2,2
11,Gunnar Helm,144726,TE,TEN,1,0,31,48.6,100.0,5,45.5,5,49.1,0,100.0,11,11,60.4,100.0,6,54.5,6
11,Christian Kirk,47546,WR,HST,1,0,13,84.8,100.0,7,70.0,7,71.4,0,100.0,10,10,51.2,100.0,2,20.0,2
11,Reggie Gilliam,40951,FB,BUF,1,0,4,82.0,100.0,5,50.0,5,86.2,0,100.0,10,10,71.8,100.0,4,40.0,4
11,Xavier Legette,99197,WR,CAR,1,0,5,58.9,100.0,5,50.0,5,58.3,0,100.0,10,10,58.8,100.0,5,50.0,5
11,Patrick Ricard,48862,FB,BLT,1,0,3,59.9,100.0,1,10.0,1,72.0,0,100.0,10,10,67.3,100.0,3,30.0,3
11,Ben Skowronek,27948,WR,PIT,1,0,25,60.0,100.0,1,10.0,1,58.2,0,100.0,10,10,58.1,100.0,6,60.0,6
11,Kylen Granson,40630,TE,PHI,1,0,24,50.0,100.0,4,40.0,4,46.3,0,100.0,10,10,58.9,100.0,3,30.0,3
11,Mason Rudolph,46569,QB,PIT,1,0,25,60.0,100.0,2,20.0,2,60.0,0,90.9,10,11,60.0,100.0,8,80.0,8
11,Terrance Ferguson,146563,TE,LA,1,0,26,59.9,100.0,2,20.0,2,59.5,0,100.0,10,10,59.8,100.0,7,70.0,7
11,Ben Brown,59869,G,NE,1,0,19,70.1,100.0,3,30.0,3,66.3,0,100.0,10,10,57.9,100.0,4,40.0,4
11,Brett Toth,46848,C,PHI,1,0,24,60.5,100.0,6,60.0,6,59.3,0,100.0,10,10,60.0,100.0,1,10.0,1
11,Luther Burden III,157170,WR,CHI,1,0,6,57.1,100.0,3,30.0,3,56.8,0,100.0,10,10,59.4,100.0,6,60.0,6
11,Xavier Weaver,101130,WR,ARZ,1,0,1,59.9,100.0,7,70.0,7,60.6,0,100.0,10,10,60.0,100.0,3,30.0,3
11,Travis Kelce,7844,TE,KC,1,0,16,59.6,100.0,4,40.0,4,71.4,0,100.0,10,10,75.3,100.0,6,60.0,6
11,Puka Nacua,100632,WR,LA,1,0,26,59.4,100.0,4,40.0,4,73.4,0,83.3,10,12,77.0,100.0,6,60.0,6
11,Kendrick Bourne,12270,WR,SF,1,0,28,59.8,100.0,3,30.0,3,56.0,0,100.0,10,10,56.0,100.0,4,40.0,4
11,Spencer Anderson,81719,G,PIT,1,0,25,60.0,100.0,1,10.0,1,50.2,0,100.0,10,10,49.7,100.0,8,80.0,8
11,Chigoziem Okonkwo,84000,TE,TEN,1,0,31,59.3,100.0,4,40.0,4,47.2,0,100.0,10,10,41.0,100.0,5,50.0,5
11,Dalton Schultz,47304,TE,HST,1,0,13,52.0,100.0,7,70.0,7,52.0,0,100.0,10,10,60.0,100.0,2,20.0,2
11,Malik Washington,97108,WR,MIA,1,0,17,77.0,100.0,5,50.0,5,86.6,0,100.0,10,10,59.6,100.0,5,50.0,5
11,Trey Pipkins III,91462,T,LAC,1,0,27,67.7,100.0,6,66.7,6,64.4,0,100.0,9,9,57.1,100.0,3,33.3,3
11,Jordan Meredith,60235,C,LV,1,0,23,60.0,100.0,2,22.2,2,58.1,0,100.0,9,9,67.0,100.0,3,33.3,3
11,Cedrick Wilson Jr.,48170,WR,MIA,1,0,17,78.2,100.0,4,44.4,4,47.1,0,100.0,9,9,58.3,100.0,5,55.6,5
11,Tre Tucker,101106,WR,LV,1,0,23,59.9,100.0,2,22.2,2,58.9,0,100.0,9,9,59.0,100.0,3,33.3,3
11,Nick Westbrook-Ikhine,47861,WR,MIA,1,0,17,52.8,100.0,5,55.6,5,53.9,0,100.0,9,9,60.5,100.0,4,44.4,4
11,Jeremy Ruckert,84029,TE,NYJ,1,0,22,68.0,100.0,2,22.2,2,67.1,0,100.0,9,9,59.7,100.0,6,66.7,6
11,Cam Robinson,11789,T,CLV,1,0,8,67.8,100.0,5,55.6,5,64.6,1,100.0,9,9,58.9,100.0,2,22.2,2
11,Keenan Allen,7857,WR,LAC,1,0,27,59.9,100.0,4,44.4,4,35.1,0,100.0,9,9,60.2,100.0,3,33.3,3
11,Noah Gray,60878,TE,KC,1,0,16,55.4,100.0,5,55.6,5,56.4,0,100.0,9,9,60.2,100.0,4,44.4,4
11,Justin Herbert,28237,QB,LAC,1,0,27,60.0,100.0,6,66.7,6,60.0,0,100.0,9,9,60.0,100.0,3,33.3,3
11,Oronde Gadsden II,144046,TE,LAC,1,0,27,44.6,100.0,3,33.3,3,37.2,0,100.0,9,9,60.1,100.0,4,44.4,4
11,Stone Forsythe,41795,T,LV,1,0,23,47.1,100.0,2,22.2,2,59.0,0,100.0,9,9,71.3,100.0,3,33.3,3
11,Marcedes Lewis,2973,TE,DEN,1,0,10,63.6,100.0,7,77.8,7,63.6,0,100.0,9,9,60.0,100.0,1,11.1,1
11,Dawson Knox,35883,TE,BUF,1,0,4,54.9,100.0,5,55.6,5,45.6,0,100.0,9,9,61.6,100.0,3,33.3,3
11,DJ Glaze,129511,T,LV,1,0,23,60.0,100.0,2,22.2,2,37.6,0,100.0,9,9,59.7,100.0,3,33.3,3
11,Bradley Bozeman,27934,C,LAC,1,0,27,55.2,100.0,6,66.7,6,54.4,0,100.0,9,9,58.4,100.0,3,33.3,3
11,Dylan Parham,60953,G,LV,1,0,23,59.2,100.0,2,22.2,2,52.5,0,100.0,9,9,52.9,100.0,3,33.3,3
11,Ozzy Trapilo,123552,T,CHI,1,0,6,58.3,100.0,3,33.3,3,54.4,0,100.0,9,9,55.0,100.0,6,66.7,6
11,Adam Prentice,35639,FB,DEN,1,0,10,46.1,100.0,5,55.6,5,44.9,0,100.0,9,9,58.6,100.0,2,22.2,2
11,KaVontae Turpin,47658,WR,DAL,1,0,9,60.0,100.0,3,33.3,3,58.6,0,100.0,9,9,58.5,100.0,6,66.7,6
11,Josh Fryar,129746,T,ARZ,1,0,1,81.3,100.0,7,77.8,7,77.8,0,100.0,9,9,60.0,100.0,1,11.1,1
11,Hunter Luepke,91319,FB,DAL,1,0,9,60.0,100.0,1,11.1,1,45.8,0,90.0,9,10,55.9,100.0,3,33.3,3
11,Jalen Tolbert,61637,WR,DAL,1,0,9,59.0,100.0,2,22.2,2,58.8,0,100.0,9,9,59.7,100.0,7,77.8,7
11,Will Putnam,99655,C,LV,1,0,23,60.0,100.0,2,22.2,2,44.3,0,100.0,9,9,52.1,100.0,3,33.3,3
11,Durham Smythe,47257,TE,CHI,1,0,6,58.6,100.0,2,22.2,2,60.9,0,100.0,9,9,62.4,100.0,6,66.7,6
11,Josh Whyle,54037,TE,GB,1,0,12,59.9,100.0,3,33.3,3,49.5,1,100.0,9,9,48.3,100.0,6,66.7,6
11,Jacoby Jones,157518,WR,WAS,1,0,32,60.0,100.0,3,37.5,3,86.4,0,100.0,8,8,85.7,100.0,5,62.5,5
11,Jakob Johnson,32565,FB,HST,1,0,13,65.6,100.0,7,87.5,7,62.2,0,100.0,8,8,60.0,100.0,1,12.5,1
11,Wyatt Milum,144785,G,JAX,1,0,15,59.8,100.0,4,50.0,4,54.0,0,100.0,8,8,53.7,100.0,4,50.0,4
11,Jonah Monheim,86461,C,JAX,1,0,15,59.1,100.0,4,50.0,4,58.2,0,100.0,8,8,59.0,100.0,4,50.0,4
11,Troy Franklin,146567,WR,DEN,1,0,10,60.2,100.0,3,37.5,3,59.2,0,100.0,8,8,59.0,100.0,4,50.0,4
11,Geno Smith,7820,QB,LV,1,0,23,60.0,100.0,2,25.0,2,60.0,0,88.9,8,9,60.0,100.0,3,37.5,3
11,Kirk Cousins,7102,QB,ATL,1,0,2,60.0,100.0,2,25.0,2,60.0,0,88.9,8,9,60.0,100.0,6,75.0,6
11,Nick Mullens,12282,QB,JAX,1,0,15,60.0,100.0,4,50.0,4,60.0,0,100.0,8,8,60.0,100.0,4,50.0,4
11,Jordan Whittington,97623,WR,LA,1,0,26,58.2,100.0,3,37.5,3,55.0,0,100.0,8,8,56.2,100.0,4,50.0,4
11,Mekhi Becton,59818,G,LAC,1,0,27,51.3,100.0,5,62.5,5,43.7,0,100.0,8,8,50.4,100.0,3,37.5,3
11,Nick Kallerup,101679,TE,SEA,1,0,29,49.0,100.0,4,50.0,4,58.6,1,100.0,8,8,72.7,100.0,4,50.0,4
11,Shedeur Sanders,131396,QB,CLV,1,0,8,60.0,100.0,3,37.5,3,60.0,0,100.0,8,8,60.0,100.0,4,50.0,4
11,Pharaoh Brown,12247,TE,ARZ,1,0,1,57.3,100.0,7,87.5,7,57.3,1,100.0,8,8,,,0,0.0,0
11,Tre Harris,122676,WR,LAC,1,0,27,59.2,100.0,4,50.0,4,58.7,0,100.0,8,8,60.0,100.0,2,25.0,2
11,Pat Bryant,144800,WR,DEN,1,0,10,60.0,100.0,3,37.5,3,29.5,0,100.0,8,8,59.6,100.0,5,62.5,5
11,Blake Fisher,147479,T,HST,1,0,13,59.9,100.0,4,57.1,4,60.0,0,100.0,7,7,60.0,100.0,3,42.9,3
11,Adonai Mitchell,146712,WR,NYJ,1,0,22,60.0,100.0,2,28.6,2,60.9,0,100.0,7,7,60.7,100.0,5,71.4,5
11,Rashid Shaheed,63707,WR,SEA,1,0,29,60.0,50.0,1,14.3,2,60.5,0,77.8,7,9,60.8,100.0,5,71.4,5
11,Brenden Bates,53746,TE,CLV,1,0,8,58.4,100.0,3,42.9,3,58.4,0,100.0,7,7,60.2,100.0,3,42.9,3
11,Brock Bowers,146715,TE,LV,1,0,23,60.0,100.0,2,28.6,2,52.0,0,100.0,7,7,54.8,100.0,2,28.6,2
11,Breece Hall,97636,HB,NYJ,1,0,22,,0.0,0,0.0,3,60.2,0,33.3,7,21,60.0,31.3,5,71.4,16
11,Tyler Higbee,10744,TE,LA,1,0,26,41.2,100.0,4,57.1,4,34.3,0,100.0,7,7,48.0,100.0,3,42.9,3
11,JuJu Smith-Schuster,11817,WR,KC,1,0,16,56.6,100.0,2,28.6,2,28.3,0,100.0,7,7,60.7,100.0,5,71.4,5
11,Greg Dortch,42237,WR,ARZ,1,0,1,60.2,60.0,3,42.9,5,61.6,0,77.8,7,9,60.0,100.0,4,57.1,4
11,Isaiah Bond,163586,WR,CLV,1,0,8,60.0,100.0,1,16.7,1,58.7,0,85.7,6,7,58.8,100.0,5,83.3,5
11,Gabe Davis,55410,WR,BUF,1,0,4,60.0,100.0,3,50.0,3,61.0,0,100.0,6,6,60.0,100.0,3,50.0,3
11,Ryan Miller,78734,WR,TB,1,0,30,59.8,100.0,4,66.7,4,82.5,0,100.0,6,6,59.8,100.0,1,16.7,1
11,Kameron Johnson,165866,WR,TB,1,0,30,53.5,100.0,3,50.0,3,54.8,0,100.0,6,6,60.0,100.0,2,33.3,2
11,Malachi Corley,66272,WR,CLV,1,0,8,59.6,100.0,2,33.3,2,57.2,0,100.0,6,6,58.7,100.0,3,50.0,3
11,Matthew Golden,156165,WR,GB,1,0,12,60.0,100.0,1,16.7,1,59.5,0,100.0,6,6,60.3,100.0,4,66.7,4
11,Saquon Barkley,45791,HB,PHI,1,0,24,,0.0,0,0.0,14,60.0,0,19.4,6,31,,0.0,0,0.0,8
11,Ladd McConkey,124030,WR,LAC,1,0,27,58.6,100.0,3,50.0,3,59.1,0,100.0,6,6,60.2,100.0,3,50.0,3
11,Luke Musgrave,98499,TE,GB,1,0,12,59.9,100.0,2,33.3,2,71.9,0,100.0,6,6,74.5,100.0,4,66.7,4
11,Mitchell Tinsley,123470,WR,CIN,1,0,7,60.0,100.0,1,20.0,1,60.6,0,100.0,5,5,60.2,100.0,3,60.0,3
11,Michael Mayer,122906,TE,LV,1,0,23,51.4,100.0,2,40.0,2,51.4,0,100.0,5,5,60.1,100.0,2,40.0,2
11,Matt Hennessy,41141,C,SF,1,0,28,,,0,0.0,0,65.6,0,100.0,5,5,64.0,100.0,2,40.0,2
11,Khalil Shakir,84140,WR,BUF,1,0,4,52.3,100.0,3,60.0,3,75.4,0,100.0,5,5,60.0,100.0,2,40.0,2
11,Austin Deculus,59821,T,LAC,1,0,27,66.9,100.0,2,40.0,2,66.9,0,100.0,5,5,60.0,100.0,1,20.0,1
11,Lil'Jordan Humphrey,42247,WR,DEN,1,0,10,59.4,100.0,3,60.0,3,59.9,0,100.0,5,5,60.0,100.0,2,40.0,2
11,Austen Pleasants,37066,T,SF,1,0,28,,,0,0.0,0,59.3,0,100.0,5,5,58.7,100.0,2,40.0,2
11,Jake Tonges,60864,TE,SF,1,0,28,,,0,0.0,0,60.1,0,100.0,5,5,59.8,100.0,2,40.0,2
11,Rachaad White,131633,HB,TB,1,0,30,59.2,42.9,3,60.0,7,59.5,0,35.7,5,14,,0.0,0,0.0,4
11,Ollie Gordon II,157792,HB,MIA,1,0,17,53.7,20.0,2,40.0,10,54.2,0,35.7,5,14,60.0,75.0,3,60.0,4
11,Malik Davis,57196,HB,DAL,1,0,9,,,0,0.0,0,60.0,0,55.6,5,9,,0.0,0,0.0,4
11,Cade Stover,101486,TE,HST,1,0,13,54.2,100.0,5,100.0,5,54.2,0,100.0,5,5,,,0,0.0,0
11,Jamaree Salyer,81656,T,LAC,1,0,27,65.9,100.0,2,40.0,2,67.7,0,100.0,5,5,60.0,100.0,1,20.0,1
11,Lane Johnson,7786,T,PHI,1,0,24,59.5,100.0,1,20.0,1,64.4,0,100.0,5,5,70.8,100.0,2,40.0,2
11,Konata Mumpfield,145598,WR,LA,1,0,26,60.2,100.0,3,75.0,3,59.9,0,100.0,4,4,,,0,0.0,0
11,Bam Knight,97432,HB,ARZ,1,0,1,57.9,22.2,2,50.0,9,57.5,0,36.4,4,11,60.0,100.0,1,25.0,1
11,Isaac TeSlaa,172430,WR,DET,1,0,11,60.0,100.0,1,25.0,1,61.6,0,100.0,4,4,60.0,100.0,2,50.0,2
11,Andre James,47058,C,LAC,1,0,27,60.0,100.0,1,25.0,1,59.1,0,100.0,4,4,60.0,100.0,1,25.0,1
11,Efton Chism III,141521,WR,NE,1,0,19,60.0,100.0,1,25.0,1,60.0,0,100.0,4,4,60.0,100.0,1,25.0,1
11,Ian Thomas,42130,TE,LV,1,0,23,60.0,100.0,2,50.0,2,59.1,0,100.0,4,4,,,0,0.0,0
11,Tucker Fisk,52286,TE,LAC,1,0,27,50.6,100.0,4,100.0,4,63.0,0,100.0,4,4,,,0,0.0,0
11,Tyler Lockett,9502,WR,LV,1,0,23,,,0,0.0,0,60.7,0,100.0,4,4,60.0,100.0,2,50.0,2
11,Chimere Dike,129918,WR,TEN,1,0,31,,,0,0.0,0,60.6,0,100.0,4,4,60.3,100.0,3,75.0,3
11,Tanner Hudson,66924,TE,CIN,1,0,7,,,0,0.0,0,59.7,0,100.0,4,4,60.0,100.0,2,50.0,2
11,Dont'e Thornton Jr.,146547,WR,LV,1,0,23,,,0,0.0,0,60.0,0,100.0,4,4,60.0,100.0,1,25.0,1
11,Elijah Higgins,98027,TE,ARZ,1,0,1,70.0,100.0,3,75.0,3,58.5,0,100.0,4,4,60.0,100.0,1,25.0,1
11,Mason Kinsey,115664,WR,TEN,1,0,31,59.9,100.0,2,50.0,2,59.9,0,100.0,4,4,60.0,100.0,2,50.0,2
11,Brian Robinson,57120,HB,SF,1,0,28,,0.0,0,0.0,2,60.0,0,33.3,4,12,60.0,14.3,1,25.0,7
11,Marquise Brown,61568,WR,KC,1,0,16,60.0,100.0,1,25.0,1,60.0,0,100.0,4,4,60.0,100.0,3,75.0,3
11,Jaylin Noel,125155,WR,HST,1,0,13,59.7,100.0,2,50.0,2,59.6,0,100.0,4,4,60.0,100.0,2,50.0,2
11,Devontez Walker,145773,WR,BLT,1,0,3,,,0,0.0,0,60.0,0,100.0,4,4,60.0,100.0,2,50.0,2
11,Trystan Colon,41117,G,DET,1,0,11,60.2,100.0,2,50.0,2,59.1,0,100.0,4,4,59.3,100.0,2,50.0,2
11,Malik Willis,60341,QB,GB,1,0,12,60.0,100.0,1,25.0,1,60.0,0,80.0,4,5,60.0,75.0,3,75.0,4
11,James Cook,83666,HB,BUF,1,0,4,59.1,20.0,2,66.7,10,59.5,0,15.8,3,19,,0.0,0,0.0,8
11,C.J. Ham,11347,FB,MIN,1,0,18,60.0,100.0,1,33.3,1,74.2,0,100.0,3,3,58.8,100.0,2,66.7,2
11,Bhayshul Tuten,150568,HB,JAX,1,0,15,60.0,16.7,1,33.3,6,60.0,0,16.7,3,18,,0.0,0,0.0,10
11,D'Andre Swift,57212,HB,CHI,1,0,6,57.4,25.0,1,33.3,4,58.6,0,12.5,3,24,60.0,5.3,1,33.3,19
11,Derrick Henry,10679,HB,BLT,1,0,3,,0.0,0,0.0,8,60.0,0,14.3,3,21,60.0,10.0,1,33.3,10
11,Adam Thielen,8288,WR,MIN,1,0,18,56.3,100.0,1,33.3,1,53.4,0,100.0,3,3,60.0,100.0,2,66.7,2
11,Zach Charbonnet,97630,HB,SEA,1,0,29,,0.0,0,0.0,5,60.0,0,21.4,3,14,,0.0,0,0.0,6
11,Darian Kinnard,51789,T,GB,1,0,12,62.0,100.0,1,33.3,1,71.1,0,100.0,3,3,59.7,100.0,2,66.7,2
11,Demario Douglas,104155,WR,NE,1,0,19,59.6,100.0,3,100.0,3,59.6,0,75.0,3,4,,,0,0.0,0
11,Trayveon Williams,45775,HB,LAC,1,0,27,60.0,50.0,1,33.3,2,60.0,0,50.0,3,6,60.0,33.3,1,33.3,3
11,Jaylin Lane,121811,WR,WAS,1,0,32,60.0,100.0,1,33.3,1,60.4,0,100.0,3,3,60.0,100.0,2,66.7,2
11,Olamide Zaccheaus,44920,WR,CHI,1,0,6,60.0,100.0,1,33.3,1,60.0,0,100.0,3,3,60.0,100.0,2,66.7,2
11,Devin Culp,84080,TE,TB,1,0,30,60.0,100.0,1,33.3,1,47.8,0,100.0,3,3,,,0,0.0,0
11,Sean Tucker,123056,HB,TB,1,0,30,,0.0,0,0.0,14,60.0,0,13.6,3,22,60.0,16.7,1,33.3,6
11,LaJohntay Wester,123616,WR,BLT,1,0,3,,,0,0.0,0,60.0,0,100.0,3,3,60.0,100.0,1,33.3,1
11,Teven Jenkins,41534,G,CLV,1,0,8,60.0,100.0,1,33.3,1,59.9,0,100.0,3,3,,,0,0.0,0
11,Mike Caliendo,41446,G,KC,1,0,16,72.0,100.0,2,66.7,2,77.9,0,100.0,3,3,60.0,100.0,1,33.3,1
11,KhaDarel Hodge,26104,WR,ATL,1,0,2,60.0,100.0,1,33.3,1,59.5,0,100.0,3,3,59.3,100.0,2,66.7,2
11,Jahan Dotson,84375,WR,PHI,1,0,24,60.0,100.0,1,33.3,1,60.0,0,100.0,3,3,60.0,100.0,2,66.7,2
11,Dan Skipper,12307,T,DET,1,0,11,50.7,100.0,3,100.0,3,50.7,0,100.0,3,3,,,0,0.0,0
11,Scott Matlock,82482,FB,LAC,1,0,27,59.3,100.0,3,100.0,3,59.3,0,100.0,3,3,,,0,0.0,0
11,TreVeyon Henderson,145059,HB,NE,1,0,19,,0.0,0,0.0,14,60.0,0,13.6,3,22,,0.0,0,0.0,4
11,Marvin Mims Jr.,122937,WR,DEN,1,0,10,,,0,0.0,0,58.8,0,100.0,2,2,59.7,100.0,1,50.0,1
11,Jahmyr Gibbs,122474,HB,DET,1,0,11,60.0,16.7,1,50.0,6,60.2,0,14.3,2,14,60.0,12.5,1,50.0,8
11,Rasheen Ali,121717,HB,BLT,1,0,3,,,0,0.0,0,60.0,0,100.0,2,2,,,0,0.0,0
11,Matt Pryor,46647,T,PHI,1,0,24,60.0,100.0,2,100.0,2,60.0,0,100.0,2,2,,,0,0.0,0
11,Xavier Smith,102585,WR,LA,1,0,26,59.9,100.0,1,50.0,1,59.3,0,100.0,2,2,60.0,100.0,1,50.0,1
11,Calvin Austin III,61418,WR,PIT,1,0,25,60.0,100.0,1,50.0,1,60.0,0,100.0,2,2,60.0,100.0,1,50.0,1
11,Teagan Quitoriano,84036,TE,ATL,1,0,2,58.8,100.0,1,50.0,1,56.8,0,100.0,2,2,59.9,100.0,1,50.0,1
11,Casey Washington,101710,WR,ATL,1,0,2,,,0,0.0,0,59.7,0,100.0,2,2,59.7,100.0,2,100.0,2
11,Connor Heyward,57301,TE,PIT,1,0,25,,,0,0.0,0,60.0,0,50.0,2,4,60.0,100.0,1,50.0,1
11,Ross Dwelley,20994,TE,DET,1,0,11,,,0,0.0,0,60.0,0,100.0,2,2,,,0,0.0,0
11,Darius Cooper,136866,WR,PHI,1,0,24,,,0,0.0,0,60.0,0,100.0,2,2,,,0,0.0,0
11,Robert Tonyan,12193,TE,KC,1,0,16,60.0,100.0,1,50.0,1,60.0,0,100.0,2,2,60.0,100.0,1,50.0,1
11,Dalton Risner,47008,G,CIN,1,0,7,,,0,0.0,0,60.0,0,100.0,2,2,60.0,100.0,1,50.0,1
11,Scott Miller,47481,WR,PIT,1,0,25,,,0,0.0,0,60.0,0,100.0,2,2,60.0,100.0,2,100.0,2
11,Andre Baccellia,47901,WR,ARZ,1,0,1,60.0,100.0,1,50.0,1,60.0,0,100.0,2,2,60.0,100.0,1,50.0,1
11,Brashard Smith,143951,HB,KC,1,0,16,,0.0,0,0.0,1,60.0,0,66.7,2,3,60.0,100.0,2,100.0,2
11,Dylan Sampson,163772,HB,CLV,1,0,8,,,0,0.0,0,59.4,0,66.7,2,3,60.0,50.0,1,50.0,2
11,Elijah Chatman,97568,DI,NYG,1,0,21,,,0,0.0,0,55.6,0,100.0,2,2,55.6,100.0,2,100.0,2
11,Kyren Williams,97118,HB,LA,1,0,26,,0.0,0,0.0,5,60.0,0,13.3,2,15,,0.0,0,0.0,8
11,Will Shipley,144138,HB,PHI,1,0,24,,,0,0.0,0,60.0,0,100.0,2,2,,,0,0.0,0
11,Jimmy Horn Jr.,144483,WR,CAR,1,0,5,,,0,0.0,0,60.0,0,100.0,2,2,60.0,100.0,2,100.0,2
11,Jovaughn Gwyn,81839,G,ATL,1,0,2,,,0,0.0,0,59.3,0,100.0,2,2,59.3,100.0,2,100.0,2
11,Isaiah Adams,158192,G,ARZ,1,0,1,59.9,100.0,1,50.0,1,69.6,0,100.0,2,2,60.0,100.0,1,50.0,1
11,Trevor Etienne,157730,HB,CAR,1,0,5,,,0,0.0,0,60.0,0,100.0,2,2,60.0,100.0,1,50.0,1
11,Jacob Saylors,87559,HB,DET,1,0,11,,,0,0.0,0,60.0,0,100.0,2,2,,,0,0.0,0
11,Emanuel Wilson,154173,HB,GB,1,0,12,,0.0,0,0.0,5,60.0,0,14.3,2,14,60.0,12.5,1,50.0,8
11,Jack Bech,146771,WR,LV,1,0,23,,,0,0.0,0,72.4,0,100.0,2,2,72.4,100.0,2,100.0,2
11,Corey Levin,11972,C,TEN,1,0,31,59.6,100.0,2,100.0,2,59.6,0,100.0,2,2,,,0,0.0,0
11,Devin Singletary,40485,HB,NYG,1,0,21,,0.0,0,0.0,7,60.0,0,10.5,2,19,,0.0,0,0.0,10
11,Mac Jones,60323,QB,SF,1,0,28,,,0,0.0,0,60.0,0,40.0,2,5,60.0,100.0,2,100.0,2
11,De'Von Achane,124305,HB,MIA,1,0,17,60.0,10.0,1,50.0,10,59.8,0,9.5,2,21,60.0,9.1,1,50.0,11
11,Arian Smith,124039,WR,NYJ,1,0,22,,,0,0.0,0,60.0,0,100.0,2,2,60.0,100.0,2,100.0,2
11,Tyson Bagent,169628,QB,CHI,1,0,6,,,0,0.0,0,60.0,0,100.0,2,2,60.0,100.0,2,100.0,2
11,Kenneth Gainwell,77737,HB,PIT,1,0,25,,0.0,0,0.0,1,60.0,0,10.0,1,10,,0.0,0,0.0,8
11,Cameron Latu,82647,TE,PHI,1,0,24,60.0,100.0,1,100.0,1,60.0,0,100.0,1,1,,,0,0.0,0
11,Tyler Allgeier,83639,HB,ATL,1,0,2,,,0,0.0,0,60.0,0,20.0,1,5,,0.0,0,0.0,4
11,Chris Brooks,83644,HB,GB,1,0,12,,,0,0.0,0,60.0,0,50.0,1,2,60.0,50.0,1,100.0,2
11,Chris Rodriguez Jr.,83689,HB,WAS,1,0,32,60.0,11.1,1,100.0,9,60.0,0,6.3,1,16,,0.0,0,0.0,7
11,Tyler Badie,83714,HB,DEN,1,0,10,60.0,100.0,1,100.0,1,60.0,0,100.0,1,1,,,0,0.0,0
11,Bo Melton,61610,WR,GB,1,0,12,,,0,0.0,0,60.0,0,50.0,1,2,60.0,100.0,1,100.0,1
11,Tyrone Tracy,84226,HB,NYG,1,0,21,,0.0,0,0.0,9,60.0,0,5.0,1,20,,0.0,0,0.0,10
11,Josh Johnson,4474,QB,WAS,1,0,32,,,0,0.0,0,60.0,0,100.0,1,1,60.0,100.0,1,100.0,1
11,Derrick Barnes,58120,LB,DET,1,0,11,,,0,0.0,0,60.0,0,100.0,1,1,,,0,0.0,0
11,Owen Wright,57486,HB,TB,1,0,30,,,0,0.0,0,60.0,0,100.0,1,1,,,0,0.0,0
11,Dylan Laube,88664,HB,LV,1,0,23,,,0,0.0,0,60.0,0,100.0,1,1,,,0,0.0,0
11,Travis Etienne Jr.,57185,HB,JAX,1,0,15,60.0,11.1,1,100.0,9,60.0,0,5.0,1,20,,0.0,0,0.0,11
11,Trey Lance,91399,QB,LAC,1,0,27,,0.0,0,0.0,1,60.0,0,25.0,1,4,,0.0,0,0.0,1
11,Kenneth Walker III,97199,HB,SEA,1,0,29,,0.0,0,0.0,8,60.0,0,5.6,1,18,,0.0,0,0.0,9
11,Khyiris Tonga,52000,DI,NE,1,0,19,60.0,100.0,1,100.0,1,60.0,0,100.0,1,1,,,0,0.0,0
11,Jaylen Warren,98692,HB,PIT,1,0,25,,0.0,0,0.0,4,60.0,0,9.1,1,11,,0.0,0,0.0,6
11,RJ Harvey,99622,HB,DEN,1,0,10,,0.0,0,0.0,8,60.0,0,7.7,1,13,,0.0,0,0.0,3
11,Andrew Beck,47121,FB,NYJ,1,0,22,,,0,0.0,0,60.0,0,100.0,1,1,60.0,100.0,1,100.0,1
11,Hogan Hatten,102135,LS,DET,1,0,11,,,0,0.0,0,60.0,0,100.0,1,1,,,0,0.0,0
11,Jacory Croskey-Merritt,102382,HB,WAS,1,0,32,,0.0,0,0.0,2,60.0,0,10.0,1,10,,0.0,0,0.0,7
11,Josh Jacobs,45953,HB,GB,1,0,12,,0.0,0,0.0,1,60.0,0,14.3,1,7,60.0,16.7,1,100.0,6
11,David Montgomery,45719,HB,DET,1,0,11,,0.0,0,0.0,4,60.0,0,14.3,1,7,,0.0,0,0.0,2
11,Mecole Hardman Jr.,42683,WR,BUF,1,0,4,60.0,100.0,1,100.0,1,60.0,0,100.0,1,1,,,0,0.0,0
11,Daniel Thomas,42544,S,DET,1,0,11,,,0,0.0,0,60.0,0,100.0,1,1,,,0,0.0,0
11,Tahj Brooks,123133,HB,CIN,1,0,7,,,0,0.0,0,60.0,0,50.0,1,2,,0.0,0,0.0,1
11,Tank Bigsby,123974,HB,PHI,1,0,24,,0.0,0,0.0,1,60.0,0,20.0,1,5,,0.0,0,0.0,3
11,Kendall Milton,124031,HB,CIN,1,0,7,,0.0,0,0.0,1,60.0,0,25.0,1,4,,0.0,0,0.0,2
11,Rico Dowdle,40693,HB,CAR,1,0,5,,0.0,0,0.0,14,60.0,0,4.5,1,22,,0.0,0,0.0,7
11,Jack Fox,34735,P,DET,1,0,11,,,0,0.0,0,60.0,0,100.0,1,1,,,0,0.0,0
11,Ty Summers,30242,LB,DET,1,0,11,,,0,0.0,0,60.0,0,100.0,1,1,,,0,0.0,0
11,Adin Huntington,130493,DI,CLV,1,0,8,,,0,0.0,0,60.0,0,100.0,1,1,,,0,0.0,0
11,Benjamin Yurosek,131786,TE,MIN,1,0,18,60.0,100.0,1,100.0,1,60.0,0,100.0,1,1,,,0,0.0,0
11,Isaiah Davis,138299,HB,NYJ,1,0,22,60.0,50.0,1,100.0,2,60.0,0,33.3,1,3,,0.0,0,0.0,1
11,Andrew Wylie,12333,G,WAS,1,0,32,60.0,100.0,1,100.0,1,60.0,0,100.0,1,1,,,0,0.0,0
11,Trevor Nowaske,169859,ED,DET,1,0,11,,,0,0.0,0,60.0,0,100.0,1,1,,,0,0.0,0
11,Cooper DeJean,144867,CB,PHI,1,0,24,,,0,0.0,0,60.0,0,100.0,1,1,,,0,0.0,0
11,Keleki Latu,146291,TE,BUF,1,0,4,60.0,100.0,1,100.0,1,60.0,0,100.0,1,1,,,0,0.0,0
11,Jackson Meeks,146714,WR,DET,1,0,11,,,0,0.0,0,60.0,0,100.0,1,1,,,0,0.0,0
11,Dominic Lovett,146872,WR,DET,1,0,11,,,0,0.0,0,60.0,0,100.0,1,1,,,0,0.0,0
11,Kaden Davis,156151,WR,CLV,1,0,8,60.0,100.0,1,100.0,1,60.0,0,100.0,1,1,,,0,0.0,0
11,Kaleb Johnson,156419,HB,PIT,1,0,25,,0.0,0,0.0,2,60.0,1,16.7,1,6,,0.0,0,0.0,3
11,Quinshon Judkins,157128,HB,CLV,1,0,8,,0.0,0,0.0,9,60.0,0,5.0,1,20,,0.0,0,0.0,8
11,Carter Runyon,177002,TE,LV,1,0,23,,,0,0.0,0,60.0,0,100.0,1,1,,,0,0.0,0
11,Sione Vaki,158505,HB,DET,1,0,11,,,0,0.0,0,60.0,0,100.0,1,1,,,0,0.0,0
11,Jon Gaines II,81879,G,ARZ,1,0,1,54.1,100.0,1,100.0,1,54.1,0,100.0,1,1,,,0,0.0,0
11,Alec Anderson,81882,G,BUF,1,0,4,,,0,0.0,0,60.0,0,100.0,1,1,,,0,0.0,0
11,David Martin-Robinson,77892,TE,TEN,1,0,31,60.0,100.0,1,100.0,1,60.0,0,100.0,1,1,,,0,0.0,0
11,Javonte Williams,77803,HB,DAL,1,0,9,,0.0,0,0.0,7,60.0,0,4.3,1,23,,0.0,0,0.0,15
11,Frank Crum,75860,T,DEN,1,0,10,59.8,100.0,1,100.0,1,59.8,0,100.0,1,1,,,0,0.0,0
week,player,player_id,position,team_name,player_game_count,declined_penalties,franchise_id,gap_grades_run_block,gap_run_block_percent,gap_snap_counts_run_block,gap_snap_counts_run_block_percent,gap_snap_counts_run_play,grades_run_block,penalties,run_block_percent,snap_counts_run_block,snap_counts_run_play,zone_grades_run_block,zone_run_block_percent,zone_snap_counts_run_block,zone_snap_counts_run_block_percent,zone_snap_counts_run_play
12,Zach Tom,55443,T,GB,1,0,12,60.9,100.0,24,60.0,24,59.9,0,100.0,40,40,58.7,100.0,13,32.5,13
12,Rasheed Walker,81798,T,GB,1,0,12,66.5,100.0,24,60.0,24,62.6,0,100.0,40,40,47.9,100.0,13,32.5,13
12,Aaron Banks,59983,G,GB,1,0,12,51.5,100.0,24,60.0,24,57.5,0,100.0,40,40,59.9,100.0,13,32.5,13
12,Sean Rhyan,72009,C,GB,1,0,12,64.0,100.0,24,60.0,24,65.1,0,100.0,40,40,57.9,100.0,13,32.5,13
12,Jermaine Eluemunor,11914,T,NYG,1,0,21,46.1,100.0,11,28.2,11,63.0,0,100.0,39,39,73.0,100.0,26,66.7,26
12,John Michael Schmitz Jr.,55238,C,NYG,1,0,21,62.7,100.0,11,28.2,11,67.9,0,100.0,39,39,62.9,100.0,26,66.7,26
12,Andrew Thomas,59701,T,NYG,1,0,21,56.5,100.0,11,28.2,11,57.3,1,100.0,39,39,58.4,100.0,26,66.7,26
12,Jon Runyan,36661,G,NYG,1,0,21,47.0,100.0,11,28.2,11,46.7,0,100.0,39,39,50.8,100.0,26,66.7,26
12,Greg Van Roten,7746,G,NYG,1,0,21,49.8,100.0,11,28.2,11,47.6,0,100.0,39,39,50.3,100.0,26,66.7,26
12,Patrick Mahomes,11765,QB,KC,1,0,16,60.1,100.0,13,35.1,13,60.1,0,100.0,37,37,60.0,100.0,21,56.8,21
12,Josh Simmons,88924,T,KC,1,0,16,61.3,100.0,13,35.1,13,58.7,0,100.0,37,37,51.1,100.0,21,56.8,21
12,Jawaan Taylor,41665,T,KC,1,0,16,57.2,100.0,13,35.1,13,58.7,1,100.0,37,37,61.4,100.0,21,56.8,21
12,Creed Humphrey,59996,C,KC,1,0,16,74.6,100.0,13,35.1,13,86.1,0,100.0,37,37,84.7,100.0,21,56.8,21
12,Kingsley Suamataia,146558,G,KC,1,0,16,61.9,100.0,13,35.1,13,67.1,0,100.0,37,37,68.7,100.0,21,56.8,21
12,Jameis Winston,9434,QB,NYG,1,0,21,60.0,100.0,11,30.6,11,60.0,0,92.3,36,39,60.0,92.3,24,66.7,26
12,Dominick Puni,163815,G,SF,1,0,28,62.7,100.0,8,22.9,8,83.3,0,100.0,35,35,78.9,100.0,20,57.1,20
12,Colton McKivitz,29314,T,SF,1,0,28,81.5,100.0,8,22.9,8,90.3,0,100.0,35,35,81.5,100.0,20,57.1,20
12,Trent Williams,5529,T,SF,1,0,28,80.1,100.0,8,22.9,8,81.6,0,100.0,35,35,77.1,100.0,20,57.1,20
12,Jake Brendel,11117,C,SF,1,0,28,58.2,100.0,8,22.9,8,75.6,0,100.0,35,35,72.2,100.0,20,57.1,20
12,Isaac Seumalo,10713,G,PIT,1,0,25,82.5,100.0,14,41.2,14,83.2,0,100.0,34,34,76.2,100.0,11,32.4,11
12,Mason McCormick,78326,G,PIT,1,0,25,76.6,100.0,14,41.2,14,84.8,0,100.0,34,34,85.4,100.0,11,32.4,11
12,Troy Fautanu,100521,T,PIT,1,0,25,57.9,100.0,14,41.2,14,54.8,0,100.0,34,34,54.3,100.0,11,32.4,11
12,Zach Frazier,123419,C,PIT,1,0,25,66.2,100.0,14,41.2,14,72.6,0,100.0,34,34,75.7,100.0,11,32.4,11
12,Daniel Bellinger,84041,TE,NYG,1,0,21,55.4,100.0,9,27.3,9,54.0,0,100.0,33,33,55.4,100.0,22,66.7,22
12,Jordan Love,40306,QB,GB,1,0,12,60.0,100.0,21,63.6,21,60.0,0,94.3,33,35,60.0,92.3,12,36.4,13
12,Mason Rudolph,46569,QB,PIT,1,0,25,60.0,100.0,14,43.8,14,60.4,0,94.1,32,34,60.0,100.0,11,34.4,11
12,George Kittle,11901,TE,SF,1,0,28,87.0,100.0,7,22.6,7,60.7,0,100.0,31,31,68.4,100.0,19,61.3,19
12,Roger Rosengarten,131912,T,BLT,1,0,3,71.4,100.0,9,29.0,9,76.5,0,100.0,31,31,76.1,100.0,16,51.6,16
12,Tyler Linderbaum,82291,C,BLT,1,0,3,61.3,100.0,9,29.0,9,45.6,1,100.0,31,31,47.3,100.0,16,51.6,16
12,Ronnie Stanley,10640,T,BLT,1,0,3,58.7,100.0,9,29.0,9,70.2,0,100.0,31,31,74.2,100.0,16,51.6,16
12,Andrew Vorhees,60818,G,BLT,1,0,3,62.7,100.0,9,29.0,9,53.0,0,100.0,31,31,50.4,100.0,16,51.6,16
12,Daniel Faalele,81734,G,BLT,1,0,3,84.2,100.0,9,29.0,9,68.3,0,100.0,31,31,54.5,100.0,16,51.6,16
12,Jauan Jennings,48027,WR,SF,1,0,28,59.1,100.0,8,25.8,8,65.3,0,100.0,31,31,68.5,100.0,16,51.6,16
12,Brock Purdy,77672,QB,SF,1,0,28,60.0,100.0,8,26.7,8,60.0,0,85.7,30,35,60.0,100.0,20,66.7,20
12,Mike Onwenu,27357,G,NE,1,0,19,62.6,100.0,12,41.4,12,75.3,0,100.0,29,29,79.8,100.0,14,48.3,14
12,Lamar Jackson,46416,QB,BLT,1,0,3,60.0,100.0,9,31.0,9,61.0,0,93.5,29,31,60.0,100.0,16,55.2,16
12,Garrett Bradbury,46013,C,NE,1,0,19,46.7,100.0,12,41.4,12,55.1,0,100.0,29,29,58.6,100.0,14,48.3,14
12,Romeo Doubs,84329,WR,GB,1,0,12,61.8,100.0,16,55.2,16,62.9,0,100.0,29,29,62.0,100.0,12,41.4,12
12,Ryan Neuzil,41123,C,ATL,1,0,2,50.6,100.0,6,21.4,6,71.1,0,100.0,28,28,72.6,100.0,20,71.4,20
12,Elijah Wilkinson,46238,T,ATL,1,0,2,62.1,100.0,6,21.4,6,69.2,0,100.0,28,28,69.5,100.0,20,71.4,20
12,D.K. Metcalf,47864,WR,PIT,1,0,25,62.8,100.0,11,39.3,11,40.6,1,96.6,28,29,41.9,100.0,11,39.3,11
12,Chris Lindstrom,46692,G,ATL,1,0,2,58.4,100.0,6,21.4,6,84.0,0,100.0,28,28,84.6,100.0,20,71.4,20
12,Morgan Moses,8701,T,NE,1,0,19,58.1,100.0,11,39.3,11,64.6,0,100.0,28,28,68.2,100.0,14,50.0,14
12,Jake Matthews,8641,T,ATL,1,0,2,63.1,100.0,6,21.4,6,66.5,0,100.0,28,28,66.1,100.0,20,71.4,20
12,Cooper Beebe,99434,C,DAL,1,0,9,54.6,100.0,7,25.9,7,64.4,0,100.0,27,27,68.2,100.0,17,63.0,17
12,Jack Conklin,10642,T,CLV,1,0,8,53.2,100.0,12,44.4,12,61.8,0,100.0,27,27,72.7,100.0,12,44.4,12
12,Joel Bitonio,8670,G,CLV,1,0,8,65.2,100.0,12,44.4,12,65.3,0,100.0,27,27,62.6,100.0,12,44.4,12
12,Cam Robinson,11789,T,CLV,1,0,8,50.9,100.0,12,44.4,12,51.6,0,100.0,27,27,56.1,100.0,12,44.4,12
12,Ethan Pocic,11813,C,CLV,1,0,8,66.6,100.0,12,44.4,12,71.5,0,100.0,27,27,69.7,100.0,12,44.4,12
12,Ben Brown,59869,G,NE,1,0,19,72.1,100.0,10,37.0,10,51.7,1,100.0,27,27,39.7,100.0,14,51.9,14
12,Wyatt Teller,46131,G,CLV,1,0,8,49.3,100.0,12,44.4,12,54.7,0,100.0,27,27,62.3,100.0,12,44.4,12
12,John FitzPatrick,83974,TE,GB,1,0,12,60.9,100.0,18,66.7,18,64.8,0,100.0,27,27,67.9,100.0,8,29.6,8
12,Tyler Booker,157001,G,DAL,1,0,9,45.5,100.0,7,25.9,7,65.5,0,100.0,27,27,76.3,100.0,17,63.0,17
12,Mack Hollins,11873,WR,NE,1,0,19,64.5,100.0,12,44.4,12,63.6,0,100.0,27,27,60.5,100.0,13,48.1,13
12,Kirk Cousins,7102,QB,ATL,1,0,2,60.0,100.0,6,22.2,6,60.0,0,96.4,27,28,60.0,100.0,20,74.1,20
12,Terence Steele,39461,T,DAL,1,0,9,52.3,100.0,7,25.9,7,71.0,0,100.0,27,27,78.9,100.0,17,63.0,17
12,Tyler Smith,98385,G,DAL,1,0,9,51.7,100.0,7,25.9,7,84.1,0,100.0,27,27,91.7,100.0,17,63.0,17
12,Drake Maye,143969,QB,NE,1,0,19,60.0,100.0,12,44.4,12,60.0,0,93.1,27,29,60.0,100.0,14,51.9,14
12,Anthony Belton,143985,G,GB,1,0,12,35.5,100.0,17,63.0,17,39.5,0,100.0,27,27,57.2,100.0,7,25.9,7
12,Travis Kelce,7844,TE,KC,1,0,16,53.9,91.7,11,40.7,12,56.6,0,96.4,27,28,53.8,100.0,13,48.1,13
12,Darnell Washington,124044,TE,PIT,1,0,25,80.8,100.0,13,50.0,13,88.7,0,100.0,26,26,70.0,100.0,7,26.9,7
12,Wan'Dale Robinson,101735,WR,NYG,1,0,21,61.3,100.0,8,30.8,8,61.8,0,96.3,26,27,61.1,100.0,18,69.2,18
12,Robert Hainsey,59980,C,JAX,1,0,15,61.1,100.0,7,26.9,7,62.5,1,100.0,26,26,56.8,100.0,17,65.4,17
12,Asim Richards,99674,T,NO,1,0,20,59.1,100.0,3,11.5,3,57.4,0,100.0,26,26,61.2,100.0,15,57.7,15
12,Luke Fortner,42028,C,NO,1,0,20,59.6,100.0,3,11.5,3,59.2,0,100.0,26,26,59.3,100.0,15,57.7,15
12,Christian Watson,66581,WR,GB,1,0,12,55.6,100.0,16,61.5,16,53.6,0,100.0,26,26,54.5,100.0,9,34.6,9
12,Patrick Mekari,46219,G,JAX,1,0,15,55.5,100.0,7,26.9,7,59.1,0,100.0,26,26,61.6,100.0,17,65.4,17
12,Ezra Cleveland,41973,G,JAX,1,0,15,58.0,100.0,7,26.9,7,63.9,0,100.0,26,26,66.3,100.0,17,65.4,17
12,Dillon Radunz,30551,G,NO,1,0,20,68.0,100.0,3,11.5,3,59.6,0,100.0,26,26,50.2,100.0,15,57.7,15
12,Cesar Ruiz,59857,G,NO,1,0,20,47.6,100.0,3,11.5,3,50.4,0,100.0,26,26,57.0,100.0,15,57.7,15
12,Cole Van Lanen,41583,T,JAX,1,0,15,51.0,100.0,7,26.9,7,66.7,0,100.0,26,26,74.0,100.0,17,65.4,17
12,Walker Little,52287,T,JAX,1,0,15,55.3,100.0,7,26.9,7,65.0,0,100.0,26,26,62.0,100.0,17,65.4,17
12,Kelvin Banks Jr.,163839,T,NO,1,0,20,84.9,100.0,3,11.5,3,77.9,0,100.0,26,26,70.4,100.0,15,57.7,15
12,Broderick Jones,124025,T,PIT,1,0,25,72.1,100.0,12,46.2,12,60.8,0,100.0,26,26,48.8,100.0,7,26.9,7
12,Matthew Bergeron,99658,G,ATL,1,0,2,66.5,100.0,6,23.1,6,62.8,0,100.0,26,26,59.8,100.0,18,69.2,18
12,Theo Johnson,129787,TE,NYG,1,0,21,45.8,100.0,10,40.0,10,44.3,0,100.0,25,25,49.6,100.0,14,56.0,14
12,Trent Brown,9677,T,HST,1,0,13,90.0,100.0,13,52.0,13,88.1,0,100.0,25,25,73.1,100.0,9,36.0,9
12,Jake Andrews,81868,C,HST,1,0,13,65.7,100.0,13,52.0,13,53.3,0,100.0,25,25,43.4,100.0,9,36.0,9
12,Dak Prescott,10769,QB,DAL,1,0,9,60.0,100.0,7,28.0,7,60.3,0,92.6,25,27,60.0,100.0,17,68.0,17
12,Tytus Howard,25472,G,HST,1,0,13,50.4,100.0,13,52.0,13,47.9,0,100.0,25,25,51.0,100.0,9,36.0,9
12,Kyle Pitts,83964,TE,ATL,1,0,2,54.3,100.0,5,20.0,5,56.7,0,100.0,25,25,51.7,100.0,20,80.0,20
12,Xavier Worthy,144718,WR,KC,1,0,16,60.1,100.0,4,16.0,4,59.8,0,100.0,25,25,60.1,100.0,19,76.0,19
12,Aireontae Ersery,129649,T,HST,1,0,13,66.6,100.0,13,52.0,13,60.0,0,100.0,25,25,58.4,100.0,9,36.0,9
12,Ed Ingram,59819,G,HST,1,0,13,88.6,100.0,13,52.0,13,85.8,0,100.0,25,25,56.3,100.0,9,36.0,9
12,Harold Fannin Jr.,163104,TE,CLV,1,0,8,67.3,100.0,11,45.8,11,58.3,0,96.0,24,25,47.8,100.0,11,45.8,11
12,Armand Membou,125008,T,NYJ,1,0,22,71.1,100.0,6,25.0,6,63.4,0,100.0,24,24,58.1,100.0,17,70.8,17
12,Joe Thuney,10712,G,CHI,1,0,6,52.9,100.0,7,29.2,7,67.9,0,100.0,24,24,69.0,100.0,12,50.0,12
12,Ozzy Trapilo,123552,T,CHI,1,0,6,49.7,100.0,7,29.2,7,63.1,0,100.0,24,24,62.2,100.0,12,50.0,12
12,Ted Karras,10855,C,CIN,1,0,7,65.2,100.0,10,41.7,10,59.9,0,100.0,24,24,65.8,100.0,11,45.8,11
12,Darnell Wright,98480,T,CHI,1,0,6,43.1,100.0,7,29.2,7,57.5,1,100.0,24,24,71.3,100.0,12,50.0,12
12,Joe Tippmann,101568,G,NYJ,1,0,22,74.4,100.0,6,25.0,6,71.7,0,100.0,24,24,58.4,100.0,17,70.8,17
12,Orlando Brown Jr.,46227,T,CIN,1,0,7,67.7,100.0,10,41.7,10,72.5,0,100.0,24,24,63.8,100.0,11,45.8,11
12,Amarius Mims,146719,T,CIN,1,0,7,81.8,100.0,10,41.7,10,72.2,0,100.0,24,24,57.5,100.0,11,45.8,11
12,Graham Barton,122367,C,TB,1,0,30,60.7,100.0,7,29.2,7,45.9,0,100.0,24,24,52.7,100.0,15,62.5,15
12,Teagan Quitoriano,84036,TE,ATL,1,0,2,64.7,100.0,6,25.0,6,57.5,0,100.0,24,24,54.2,100.0,16,66.7,16
12,Drew Dalman,52270,C,CHI,1,0,6,56.6,100.0,7,29.2,7,55.3,0,100.0,24,24,58.8,100.0,12,50.0,12
12,Josh Myers,59992,C,NYJ,1,0,22,68.5,100.0,6,25.0,6,51.2,0,100.0,24,24,44.7,100.0,17,70.8,17
12,John Simpson,41715,G,NYJ,1,0,22,76.6,100.0,6,25.0,6,58.2,1,100.0,24,24,48.2,100.0,17,70.8,17
12,Dylan Fairchild,146716,G,CIN,1,0,7,54.1,100.0,10,41.7,10,56.2,1,100.0,24,24,59.8,100.0,11,45.8,11
12,Olumuyiwa Fashanu,129777,T,NYJ,1,0,22,77.6,100.0,6,25.0,6,67.9,0,100.0,24,24,59.6,100.0,17,70.8,17
12,Dalton Risner,47008,G,CIN,1,0,7,87.7,100.0,10,41.7,10,90.4,0,100.0,24,24,80.7,100.0,11,45.8,11
12,Charlie Woerner,42257,TE,ATL,1,0,2,57.2,100.0,6,26.1,6,61.8,0,100.0,23,23,63.6,100.0,16,69.6,16
12,Joe Flacco,4332,QB,CIN,1,0,7,60.0,100.0,10,43.5,10,60.0,0,95.8,23,24,60.0,100.0,11,47.8,11
12,Tee Higgins,61211,WR,CIN,1,0,7,62.4,100.0,9,39.1,9,62.5,0,100.0,23,23,62.4,100.0,11,47.8,11
12,Davis Mills,52269,QB,HST,1,0,13,60.0,100.0,13,56.5,13,60.0,0,92.0,23,25,60.0,88.9,8,34.8,9
12,Darius Slayton,25578,WR,NYG,1,0,21,59.1,100.0,7,30.4,7,41.6,0,100.0,23,23,60.5,100.0,16,69.6,16
12,Mike Caliendo,41446,G,KC,1,0,16,56.4,100.0,9,39.1,9,56.6,0,100.0,23,23,58.9,100.0,12,52.2,12
12,Trevor Lawrence,77632,QB,JAX,1,0,15,60.0,85.7,6,26.1,7,60.0,0,88.5,23,26,60.0,100.0,17,73.9,17
12,JuJu Smith-Schuster,11817,WR,KC,1,0,16,61.1,100.0,9,39.1,9,56.9,0,100.0,23,23,54.2,100.0,12,52.2,12
12,Caleb Williams,144622,QB,CHI,1,0,6,60.0,100.0,7,31.8,7,60.0,0,91.7,22,24,60.0,100.0,12,54.5,12
12,Hunter Henry,10669,TE,NE,1,0,19,57.3,100.0,5,22.7,5,63.6,0,100.0,22,22,66.9,100.0,14,63.6,14
12,Devaughn Vele,100637,WR,NO,1,0,20,59.7,100.0,2,9.1,2,34.3,0,100.0,22,22,61.8,100.0,13,59.1,13
12,CeeDee Lamb,61570,WR,DAL,1,0,9,60.2,100.0,6,27.3,6,59.7,0,100.0,22,22,60.3,100.0,15,68.2,15
12,Isaiah Hodgins,52130,WR,NYG,1,0,21,59.5,100.0,3,13.6,3,55.7,0,100.0,22,22,55.8,100.0,18,81.8,18
12,Kayshon Boutte,124087,WR,NE,1,0,19,62.4,100.0,11,50.0,11,61.4,0,100.0,22,22,60.1,100.0,10,45.5,10
12,Tyrod Taylor,6332,QB,NYJ,1,0,22,60.0,100.0,6,27.3,6,60.0,0,91.7,22,24,60.0,88.2,15,68.2,17
12,Chris Manhertz,10211,TE,NYG,1,0,21,58.0,100.0,6,28.6,6,62.6,0,100.0,21,21,65.3,100.0,13,61.9,13
12,Michael Jordan,28021,G,TB,1,0,30,36.3,100.0,7,33.3,7,32.4,0,100.0,21,21,49.2,100.0,12,57.1,12
12,Ben Bartch,84236,G,SF,1,0,28,52.3,100.0,8,38.1,8,56.6,0,100.0,21,21,62.8,100.0,8,38.1,8
12,Shedeur Sanders,131396,QB,CLV,1,0,8,60.0,100.0,7,33.3,7,60.0,0,95.5,21,22,60.0,100.0,12,57.1,12
12,Kayode Awosika,44909,G,DET,1,0,11,66.9,100.0,7,33.3,7,71.8,0,100.0,21,21,62.1,100.0,13,61.9,13
12,Dan Feeney,11826,G,TB,1,0,30,51.7,100.0,7,33.3,7,41.6,0,100.0,21,21,51.0,100.0,12,57.1,12
12,Penei Sewell,81788,T,DET,1,0,11,69.7,100.0,7,33.3,7,88.4,0,100.0,21,21,90.1,100.0,13,61.9,13
12,Graham Glasgow,10729,C,DET,1,0,11,80.7,100.0,7,33.3,7,54.1,0,100.0,21,21,46.2,100.0,13,61.9,13
12,Tate Ratledge,124034,G,DET,1,0,11,84.6,100.0,7,33.3,7,69.8,0,100.0,21,21,54.6,100.0,13,61.9,13
12,Taylor Decker,10650,T,DET,1,0,11,81.5,100.0,7,33.3,7,72.2,0,100.0,21,21,60.8,100.0,13,61.9,13
12,Jared Goff,10635,QB,DET,1,0,11,60.0,100.0,7,33.3,7,60.0,0,100.0,21,21,60.0,100.0,13,61.9,13
12,Amon-Ra St. Brown,84470,WR,DET,1,0,11,81.3,100.0,7,33.3,7,83.0,0,100.0,21,21,74.4,100.0,13,61.9,13
12,Brock Wright,60994,TE,DET,1,0,11,63.1,100.0,7,33.3,7,72.0,0,100.0,21,21,68.1,100.0,13,61.9,13
12,Ricky Pearsall,100660,WR,SF,1,0,28,60.3,100.0,6,28.6,6,34.9,0,95.5,21,22,50.7,100.0,13,61.9,13
12,O'Cyrus Torrence,102821,G,BUF,1,0,4,39.5,100.0,6,30.0,6,38.3,0,100.0,20,20,47.6,100.0,12,60.0,12
12,Tristan Wirfs,64818,T,TB,1,0,30,62.3,100.0,7,35.0,7,56.5,0,100.0,20,20,53.6,100.0,11,55.0,11
12,Ben Skowronek,27948,WR,PIT,1,0,25,56.0,100.0,10,50.0,10,90.1,0,100.0,20,20,93.0,100.0,6,30.0,6
12,Zay Flowers,97268,WR,BLT,1,0,3,60.4,100.0,6,30.0,6,60.1,0,90.9,20,22,60.0,100.0,12,60.0,12
12,David Sills V,34579,WR,ATL,1,0,2,55.4,100.0,6,30.0,6,56.2,0,100.0,20,20,60.8,100.0,13,65.0,13
12,George Pickens,99229,WR,DAL,1,0,9,56.5,100.0,4,20.0,4,53.0,0,100.0,20,20,55.9,100.0,15,75.0,15
12,Tez Johnson,123709,WR,TB,1,0,30,60.1,100.0,4,20.0,4,61.1,0,95.2,20,21,61.9,100.0,15,75.0,15
12,David Edwards,35941,G,BUF,1,0,4,67.7,100.0,6,30.0,6,64.8,0,100.0,20,20,60.7,100.0,12,60.0,12
12,Jonah Jackson,37070,G,CHI,1,0,6,46.6,100.0,6,30.0,6,73.3,0,100.0,20,20,82.6,100.0,11,55.0,11
12,Luke Goedeke,77548,T,TB,1,0,30,61.2,100.0,7,35.0,7,76.8,0,100.0,20,20,79.1,100.0,11,55.0,11
12,Connor McGovern,41714,C,BUF,1,0,4,67.6,100.0,6,30.0,6,60.5,0,100.0,20,20,55.0,100.0,12,60.0,12
12,Adonai Mitchell,146712,WR,NYJ,1,0,22,60.0,100.0,5,25.0,5,60.0,0,100.0,20,20,59.1,100.0,14,70.0,14
12,Jameson Williams,101701,WR,DET,1,0,11,60.0,100.0,7,35.0,7,61.4,0,100.0,20,20,60.7,100.0,12,60.0,12
12,Christian Darrisaw,77373,T,MIN,1,0,18,59.8,100.0,7,36.8,7,81.3,0,100.0,19,19,89.5,100.0,9,47.4,9
12,Will Fries,41530,G,MIN,1,0,18,65.3,100.0,7,36.8,7,65.5,0,100.0,19,19,65.2,100.0,9,47.4,9
12,Brian O'Neill,46854,T,MIN,1,0,18,58.0,100.0,7,36.8,7,71.0,0,100.0,19,19,77.9,100.0,9,47.4,9
12,Rashee Rice,97605,WR,KC,1,0,16,58.9,100.0,7,36.8,7,59.7,0,100.0,19,19,60.6,100.0,12,63.2,12
12,Dylan Parham,60953,G,LV,1,0,23,52.5,100.0,7,36.8,7,44.5,0,100.0,19,19,46.5,100.0,9,47.4,9
12,John Metchie III,97400,WR,NYJ,1,0,22,48.4,100.0,5,26.3,5,67.4,0,100.0,19,19,58.1,100.0,13,68.4,13
12,Lloyd Cushenberry III,41924,C,TEN,1,0,31,55.5,100.0,9,47.4,9,49.8,0,100.0,19,19,50.8,100.0,9,47.4,9
12,Mason Taylor,157122,TE,NYJ,1,0,22,59.9,100.0,2,10.5,2,74.0,0,100.0,19,19,64.6,100.0,16,84.2,16
12,Stone Forsythe,41795,T,LV,1,0,23,67.4,100.0,7,36.8,7,54.0,0,100.0,19,19,44.8,100.0,9,47.4,9
12,Paris Johnson Jr.,129749,T,ARZ,1,0,1,35.5,100.0,15,78.9,15,43.9,0,100.0,19,19,72.4,100.0,4,21.1,4
12,Peter Skoronski,129737,G,TEN,1,0,31,70.1,100.0,9,47.4,9,60.9,1,100.0,19,19,52.3,100.0,9,47.4,9
12,Jordan Meredith,60235,C,LV,1,0,23,56.4,100.0,7,36.8,7,60.3,0,100.0,19,19,66.0,100.0,9,47.4,9
12,DJ Glaze,129511,T,LV,1,0,23,55.8,100.0,7,36.8,7,66.8,0,100.0,19,19,54.5,100.0,9,47.4,9
12,Kevin Dotson,46735,G,LA,1,0,26,57.6,100.0,10,52.6,10,61.2,0,100.0,19,19,64.0,100.0,9,47.4,9
12,Grey Zabel,125314,G,SEA,1,0,29,64.8,100.0,5,26.3,5,57.7,0,100.0,19,19,53.8,100.0,12,63.2,12
12,Drew Sample,47259,TE,CIN,1,0,7,69.5,100.0,7,36.8,7,77.8,0,100.0,19,19,78.0,100.0,10,52.6,10
12,Steve Avila,77319,G,LA,1,0,26,49.4,100.0,10,52.6,10,56.1,0,100.0,19,19,53.1,100.0,9,47.4,9
12,Dalton Schultz,47304,TE,HST,1,0,13,44.9,100.0,9,47.4,9,65.2,0,100.0,19,19,69.1,100.0,8,42.1,8
12,Jakobi Meyers,47468,WR,JAX,1,0,15,60.4,100.0,6,31.6,6,74.0,0,100.0,19,19,76.8,100.0,12,63.2,12
12,Alaric Jackson,40972,T,LA,1,0,26,75.7,100.0,10,52.6,10,84.4,0,100.0,19,19,79.6,100.0,9,47.4,9
12,JC Latham,146596,T,TEN,1,0,31,44.9,100.0,9,47.4,9,38.1,0,100.0,19,19,54.5,100.0,9,47.4,9
12,Warren McClendon Jr.,99081,T,LA,1,0,26,50.9,100.0,10,52.6,10,70.4,0,100.0,19,19,73.3,100.0,9,47.4,9
12,Ryan Kelly,10652,C,MIN,1,0,18,67.3,100.0,7,36.8,7,89.7,0,100.0,19,19,91.5,100.0,9,47.4,9
12,Abraham Lucas,60218,T,SEA,1,0,29,55.2,100.0,5,26.3,5,54.9,0,100.0,19,19,56.9,100.0,12,63.2,12
12,Olusegun Oluwatimi,98581,C,SEA,1,0,29,57.7,100.0,5,26.3,5,60.5,0,100.0,19,19,62.1,100.0,12,63.2,12
12,Matthew Stafford,4924,QB,LA,1,0,26,60.0,100.0,10,52.6,10,60.0,0,100.0,19,19,60.0,100.0,9,47.4,9
12,Josh Whyle,54037,TE,GB,1,0,12,85.2,100.0,10,52.6,10,74.4,0,100.0,19,19,58.1,100.0,8,42.1,8
12,Coleman Shelton,39316,C,LA,1,0,26,65.0,100.0,10,52.6,10,63.3,0,100.0,19,19,59.7,100.0,9,47.4,9
12,Evan Brown,38709,G,ARZ,1,0,1,53.1,100.0,15,78.9,15,48.2,0,100.0,19,19,49.2,100.0,4,21.1,4
12,Kelvin Beachum,7229,T,ARZ,1,0,1,53.8,100.0,15,78.9,15,67.6,1,100.0,19,19,84.1,100.0,4,21.1,4
12,Justin Jefferson,61398,WR,MIN,1,0,18,61.5,100.0,7,36.8,7,61.6,0,100.0,19,19,61.2,100.0,9,47.4,9
12,Charles Cross,98401,T,SEA,1,0,29,69.7,100.0,5,26.3,5,58.1,0,100.0,19,19,51.9,100.0,12,63.2,12
12,Spencer Brown,42296,T,BUF,1,0,4,32.9,100.0,6,31.6,6,41.3,0,100.0,19,19,56.0,100.0,11,57.9,11
12,Kevin Zeitler,7032,G,TEN,1,0,31,48.2,100.0,9,47.4,9,56.5,0,100.0,19,19,67.1,100.0,9,47.4,9
12,Anthony Bradford,99103,G,SEA,1,0,29,57.9,100.0,5,26.3,5,67.2,0,100.0,19,19,69.7,100.0,12,63.2,12
12,Hjalte Froholdt,44959,C,ARZ,1,0,1,80.6,100.0,15,78.9,15,82.0,0,100.0,19,19,66.8,100.0,4,21.1,4
12,Parker Washington,129799,WR,JAX,1,0,15,61.5,100.0,7,36.8,7,80.6,0,100.0,19,19,82.9,100.0,11,57.9,11
12,Donovan Jackson,145064,G,MIN,1,0,18,48.8,100.0,7,38.9,7,56.2,0,100.0,18,18,65.6,100.0,8,44.4,8
12,J.J. McCarthy,144918,QB,MIN,1,0,18,60.0,100.0,7,38.9,7,60.0,0,94.7,18,19,60.0,100.0,9,50.0,9
12,Cam Ward,133244,QB,TEN,1,0,31,60.0,100.0,9,50.0,9,60.0,0,94.7,18,19,60.0,100.0,9,50.0,9
12,Emeka Egbuka,145055,WR,TB,1,0,30,61.4,100.0,6,33.3,6,51.6,0,100.0,18,18,55.5,100.0,10,55.6,10
12,Van Jefferson,47447,WR,TEN,1,0,31,61.2,100.0,8,44.4,8,60.8,0,100.0,18,18,60.2,100.0,9,50.0,9
12,Jacoby Brissett,10725,QB,ARZ,1,0,1,60.0,100.0,14,77.8,14,60.1,0,100.0,18,18,60.0,100.0,4,22.2,4
12,Geno Smith,7820,QB,LV,1,0,23,60.0,85.7,6,33.3,7,60.0,0,94.7,18,19,60.0,100.0,9,50.0,9
12,Austin Hooper,10715,TE,NE,1,0,19,51.9,100.0,9,50.0,9,53.8,0,100.0,18,18,60.0,100.0,7,38.9,7
12,Tyler Shough,83537,QB,NO,1,0,20,60.0,100.0,2,11.1,2,60.0,0,78.3,18,23,60.0,92.3,12,66.7,13
12,Kyle Juszczyk,7912,FB,SF,1,0,28,54.3,100.0,3,16.7,3,75.6,0,100.0,18,18,72.7,100.0,11,61.1,11
12,Josh Allen,46601,QB,BUF,1,0,4,60.0,100.0,6,33.3,6,60.0,0,90.0,18,20,60.0,100.0,12,66.7,12
12,Cade Otton,61071,TE,TB,1,0,30,62.9,100.0,7,38.9,7,62.0,0,100.0,18,18,81.9,100.0,9,50.0,9
12,DJ Moore,48267,WR,CHI,1,0,6,61.1,100.0,6,33.3,6,74.1,0,100.0,18,18,57.2,100.0,10,55.6,10
12,Sam Darnold,29048,QB,SEA,1,0,29,60.0,100.0,5,27.8,5,60.2,0,94.7,18,19,60.0,100.0,12,66.7,12
12,Brenton Strange,101694,TE,JAX,1,0,15,57.1,100.0,4,22.2,4,62.1,0,100.0,18,18,64.3,100.0,12,66.7,12
12,Cole Kmet,60995,TE,CHI,1,0,6,58.8,100.0,5,27.8,5,63.1,0,100.0,18,18,66.6,100.0,8,44.4,8
12,Dion Dawkins,11818,T,BUF,1,0,4,82.9,100.0,6,33.3,6,77.4,0,100.0,18,18,64.4,100.0,10,55.6,10
12,Jordan Addison,123000,WR,MIN,1,0,18,58.6,100.0,7,38.9,7,70.8,0,100.0,18,18,84.8,100.0,8,44.4,8
12,Matt Goncalves,99680,G,IND,1,0,14,47.9,100.0,7,41.2,7,53.1,0,100.0,17,17,61.1,100.0,9,52.9,9
12,Isaiah Likely,83955,TE,BLT,1,0,3,53.4,100.0,6,35.3,6,54.9,0,100.0,17,17,59.0,100.0,8,47.1,8
12,Blake Fisher,147479,T,HST,1,0,13,52.0,100.0,9,52.9,9,67.7,0,100.0,17,17,82.4,100.0,7,41.2,7
12,Brenden Bates,53746,TE,CLV,1,0,8,58.5,100.0,11,64.7,11,43.5,0,100.0,17,17,42.5,100.0,3,17.6,3
12,Brock Bowers,146715,TE,LV,1,0,23,61.1,100.0,6,35.3,6,33.2,0,100.0,17,17,53.9,100.0,8,47.1,8
12,Spencer Anderson,81719,G,PIT,1,0,25,57.6,100.0,8,47.1,8,62.8,0,100.0,17,17,58.4,100.0,6,35.3,6
12,Dawson Knox,35883,TE,BUF,1,0,4,57.6,100.0,4,23.5,4,43.7,0,100.0,17,17,55.2,100.0,12,70.6,12
12,Quenton Nelson,12954,G,IND,1,0,14,48.9,100.0,7,41.2,7,40.9,0,100.0,17,17,54.2,100.0,9,52.9,9
12,Bernhard Raimann,77948,T,IND,1,0,14,56.3,100.0,7,41.2,7,63.6,0,100.0,17,17,67.5,100.0,9,52.9,9
12,Andrei Iosivas,109811,WR,CIN,1,0,7,59.3,100.0,8,47.1,8,55.3,0,94.4,17,18,54.4,100.0,8,47.1,8
12,Tanor Bortolini,129915,C,IND,1,0,14,56.9,100.0,7,41.2,7,66.4,1,100.0,17,17,62.1,100.0,9,52.9,9
12,Braden Smith,46794,T,IND,1,0,14,46.5,100.0,7,41.2,7,56.0,0,100.0,17,17,66.4,100.0,9,52.9,9
12,Rome Odunze,73774,WR,CHI,1,0,6,63.8,100.0,5,29.4,5,77.0,0,100.0,17,17,79.8,100.0,10,58.8,10
12,Charlie Kolar,60917,TE,BLT,1,0,3,62.7,100.0,5,31.3,5,59.9,0,100.0,16,16,60.1,100.0,7,43.8,7
12,Cam Jurgens,84014,C,PHI,1,0,24,65.3,100.0,8,50.0,8,66.1,0,100.0,16,16,63.6,100.0,6,37.5,6
12,Will Campbell,157106,T,NE,1,0,19,50.7,100.0,10,62.5,10,48.9,0,100.0,16,16,54.5,100.0,5,31.3,5
12,Juwan Johnson,28305,TE,NO,1,0,20,48.3,100.0,3,18.8,3,51.2,0,100.0,16,16,60.5,100.0,6,37.5,6
12,Devontez Walker,145773,WR,BLT,1,0,3,60.0,100.0,6,37.5,6,60.8,0,100.0,16,16,59.4,100.0,9,56.3,9
12,Daniel Jones,39395,QB,IND,1,0,14,60.0,100.0,7,43.8,7,60.0,0,94.1,16,17,60.0,100.0,9,56.3,9
12,Gunnar Helm,144726,TE,TEN,1,0,31,45.2,100.0,8,50.0,8,48.0,0,100.0,16,16,58.0,100.0,7,43.8,7
12,Landon Dickerson,41712,G,PHI,1,0,24,48.5,100.0,8,50.0,8,69.0,0,100.0,16,16,76.2,100.0,6,37.5,6
12,Luke Farrell,42353,TE,SF,1,0,28,79.4,100.0,3,18.8,3,73.8,0,100.0,16,16,66.4,100.0,9,56.3,9
12,Fred Johnson,46951,T,PHI,1,0,24,58.4,100.0,8,50.0,8,34.1,0,100.0,16,16,38.2,100.0,6,37.5,6
12,Mark Andrews,47436,TE,BLT,1,0,3,70.7,100.0,5,31.3,5,79.8,1,88.9,16,18,75.9,100.0,9,56.3,9
12,Mitchell Tinsley,123470,WR,CIN,1,0,7,52.1,100.0,6,37.5,6,53.1,0,100.0,16,16,60.5,100.0,7,43.8,7
12,Patrick Ricard,48862,FB,BLT,1,0,3,73.2,100.0,5,31.3,5,75.4,0,100.0,16,16,62.4,100.0,9,56.3,9
12,Darian Kinnard,51789,T,GB,1,0,12,53.6,100.0,12,75.0,12,54.2,0,100.0,16,16,60.1,100.0,2,12.5,2
12,Tyler Guyton,123076,T,DAL,1,0,9,56.9,100.0,5,31.3,5,79.0,0,100.0,16,16,85.5,100.0,10,62.5,10
12,Tre Tucker,101106,WR,LV,1,0,23,59.7,100.0,7,43.8,7,58.9,0,100.0,16,16,58.6,100.0,7,43.8,7
12,Nico Collins,61441,WR,HST,1,0,13,86.6,100.0,10,62.5,10,80.2,0,100.0,16,16,60.0,100.0,4,25.0,4
12,Jordan Mailata,66916,T,PHI,1,0,24,51.9,100.0,8,50.0,8,80.3,0,100.0,16,16,84.4,100.0,6,37.5,6
12,Alec Pierce,78038,WR,IND,1,0,14,61.5,100.0,7,43.8,7,61.4,0,100.0,16,16,60.1,100.0,9,56.3,9
12,Tyler Steen,81921,G,PHI,1,0,24,64.2,100.0,8,50.0,8,54.9,1,100.0,16,16,48.5,100.0,6,37.5,6
12,Will Putnam,99655,C,LV,1,0,23,54.9,100.0,6,40.0,6,31.9,0,100.0,15,15,47.7,100.0,6,40.0,6
12,Foster Moreau,47043,TE,NO,1,0,20,53.5,100.0,1,6.7,1,56.0,0,100.0,15,15,65.1,100.0,11,73.3,11
12,Josh Oliver,47083,TE,MIN,1,0,18,56.9,100.0,6,40.0,6,67.6,0,100.0,15,15,74.8,100.0,7,46.7,7
12,Dallas Goedert,47272,TE,PHI,1,0,24,41.5,100.0,7,46.7,7,33.4,0,100.0,15,15,55.0,100.0,6,40.0,6
12,Trey Smith,62960,G,KC,1,0,16,56.8,100.0,5,33.3,5,58.4,0,100.0,15,15,60.7,100.0,9,60.0,9
12,Luke Musgrave,98499,TE,GB,1,0,12,57.9,100.0,8,53.3,8,70.4,0,100.0,15,15,79.3,100.0,5,33.3,5
12,Chris Olave,84355,WR,NO,1,0,20,60.0,100.0,2,13.3,2,59.6,0,100.0,15,15,60.3,100.0,10,66.7,10
12,Johnny Mundt,12206,TE,JAX,1,0,15,59.5,100.0,3,20.0,3,58.3,0,100.0,15,15,58.1,100.0,11,73.3,11
12,AJ Barner,129433,TE,SEA,1,0,29,50.2,100.0,5,33.3,5,51.8,0,100.0,15,15,57.3,100.0,9,60.0,9
12,A.J. Brown,48327,WR,PHI,1,0,24,54.6,100.0,8,57.1,8,56.1,0,100.0,14,14,60.7,100.0,6,42.9,6
12,Noah Gray,60878,TE,KC,1,0,16,55.4,100.0,4,28.6,4,73.0,0,100.0,14,14,80.0,100.0,10,71.4,10
12,Vederian Lowe,59741,T,NE,1,0,19,60.0,100.0,2,14.3,2,49.8,0,100.0,14,14,48.6,100.0,10,71.4,10
12,Jackson Hawes,109374,TE,BUF,1,0,4,77.1,100.0,5,35.7,5,69.4,0,100.0,14,14,60.9,100.0,8,57.1,8
12,Olamide Zaccheaus,44920,WR,CHI,1,0,6,59.6,100.0,4,28.6,4,49.7,0,100.0,14,14,52.6,100.0,7,50.0,7
12,Demarcus Robinson,10760,WR,SF,1,0,28,59.9,100.0,3,21.4,3,55.2,0,100.0,14,14,55.3,100.0,8,57.1,8
12,Tyler Lockett,9502,WR,LV,1,0,23,53.8,100.0,5,35.7,5,56.2,0,100.0,14,14,60.4,100.0,6,42.9,6
12,Spencer Burford,81920,G,SF,1,0,28,,,0,0.0,0,77.5,0,100.0,14,14,78.7,100.0,12,85.7,12
12,Puka Nacua,100632,WR,LA,1,0,26,58.5,100.0,7,50.0,7,54.3,0,100.0,14,14,53.7,100.0,7,50.0,7
12,Mason Tipton,109617,WR,NO,1,0,20,59.7,100.0,2,15.4,2,77.3,0,92.9,13,14,80.2,100.0,9,69.2,9
12,DeVonta Smith,61100,WR,PHI,1,0,24,61.5,100.0,7,53.8,7,62.1,0,100.0,13,13,61.0,100.0,5,38.5,5
12,Brevyn Spann-Ford,84006,TE,DAL,1,0,9,36.5,100.0,4,30.8,4,69.7,0,100.0,13,13,91.6,100.0,7,53.8,7
12,Jordan Morgan,98652,G,GB,1,0,12,40.5,100.0,7,53.8,7,35.5,0,100.0,13,13,46.8,100.0,6,46.2,6
12,Sterling Shepard,10674,WR,TB,1,0,30,59.9,100.0,4,30.8,4,36.9,0,100.0,13,13,58.7,100.0,8,61.5,8
12,Ryan Flournoy,159617,WR,DAL,1,0,9,71.2,100.0,5,38.5,5,72.1,0,100.0,13,13,61.4,100.0,6,46.2,6
12,David Njoku,11784,TE,CLV,1,0,8,58.9,100.0,5,38.5,5,63.3,0,100.0,13,13,55.1,100.0,7,53.8,7
12,Trey McBride,75916,TE,ARZ,1,0,1,39.7,100.0,10,76.9,10,27.5,0,100.0,13,13,56.7,100.0,3,23.1,3
12,Cooper Kupp,11824,WR,SEA,1,0,29,56.8,100.0,3,25.0,3,49.9,0,100.0,12,12,81.8,100.0,8,66.7,8
12,Baker Mayfield,46518,QB,TB,1,0,30,60.0,100.0,4,33.3,4,60.0,0,92.3,12,13,60.0,100.0,7,58.3,7
12,Tyler Warren,129798,TE,IND,1,0,14,58.9,100.0,3,25.0,3,69.0,0,100.0,12,12,70.3,100.0,8,66.7,8
12,DeAndre Hopkins,7808,WR,BLT,1,0,3,59.1,100.0,3,25.0,3,37.1,0,100.0,12,12,60.1,100.0,7,58.3,7
12,Dan Moore Jr.,60120,T,TEN,1,0,31,48.2,100.0,7,58.3,7,45.3,0,100.0,12,12,52.1,100.0,5,41.7,5
12,Davis Allen,99697,TE,LA,1,0,26,71.5,100.0,7,58.3,7,66.7,0,100.0,12,12,57.2,100.0,5,41.7,5
12,Robert Tonyan,12193,TE,KC,1,0,16,55.3,100.0,4,33.3,4,47.5,0,100.0,12,12,48.4,100.0,7,58.3,7
12,Jordan Whittington,97623,WR,LA,1,0,26,57.3,100.0,6,50.0,6,36.7,0,100.0,12,12,61.0,100.0,6,50.0,6
12,Jayden Higgins,150240,WR,HST,1,0,13,53.5,100.0,6,50.0,6,50.5,0,100.0,12,12,56.0,100.0,6,50.0,6
12,Colby Parkinson,52266,TE,LA,1,0,26,73.3,100.0,7,58.3,7,64.4,0,100.0,12,12,51.5,100.0,5,41.7,5
12,Isaiah Adams,158192,G,ARZ,1,0,1,60.9,100.0,9,75.0,9,66.9,0,100.0,12,12,68.3,100.0,3,25.0,3
12,Kalif Raymond,11028,WR,DET,1,0,11,57.8,100.0,4,33.3,4,49.5,0,100.0,12,12,48.8,100.0,8,66.7,8
12,Jerry Jeudy,61103,WR,CLV,1,0,8,60.3,100.0,3,25.0,3,61.6,0,100.0,12,12,61.4,100.0,9,75.0,9
12,Michael Wilson,84423,WR,ARZ,1,0,1,60.1,100.0,9,75.0,9,60.3,0,100.0,12,12,60.0,100.0,3,25.0,3
12,Dontayvion Wicks,99711,WR,GB,1,0,12,61.0,100.0,7,58.3,7,60.8,0,100.0,12,12,60.0,100.0,5,41.7,5
12,Allen Lazard,48135,WR,NYJ,1,0,22,60.0,100.0,4,36.4,4,49.3,0,100.0,11,11,54.2,100.0,7,63.6,7
12,Michael Pittman Jr.,29049,WR,IND,1,0,14,52.7,100.0,4,36.4,4,53.9,0,100.0,11,11,60.3,100.0,7,63.6,7
12,Nathan Thomas,98390,T,DAL,1,0,9,70.9,100.0,2,18.2,2,60.3,0,100.0,11,11,50.5,100.0,7,63.6,7
12,Dont'e Thornton Jr.,146547,WR,LV,1,0,23,60.2,100.0,3,27.3,3,61.5,0,100.0,11,11,60.8,100.0,7,63.6,7
12,Jake Ferguson,61081,TE,DAL,1,0,9,59.7,100.0,2,18.2,2,74.0,0,100.0,11,11,57.4,100.0,8,72.7,8
12,Jeremy Ruckert,84029,TE,NYJ,1,0,22,60.8,100.0,5,45.5,5,54.5,0,100.0,11,11,50.3,100.0,6,54.5,6
12,Jack Westover,84079,FB,NE,1,0,19,47.4,100.0,6,54.5,6,48.5,0,100.0,11,11,58.3,100.0,3,27.3,3
12,Mo Alie-Cox,12078,TE,IND,1,0,14,57.6,100.0,6,54.5,6,58.3,0,100.0,11,11,60.5,100.0,4,36.4,4
12,Teddy Bridgewater,8667,QB,TB,1,0,30,60.0,100.0,3,27.3,3,60.0,0,100.0,11,11,60.0,100.0,8,72.7,8
12,Jalen Hurts,40291,QB,PHI,1,0,24,60.0,87.5,7,63.6,8,60.0,0,68.8,11,16,60.0,66.7,4,36.4,6
12,Darnell Mooney,48236,WR,ATL,1,0,2,,,0,0.0,0,61.4,0,100.0,11,11,61.4,100.0,11,100.0,11
12,Tim Patrick,12087,WR,JAX,1,0,15,60.0,100.0,2,18.2,2,54.4,0,100.0,11,11,54.4,100.0,8,72.7,8
12,Colston Loveland,158540,TE,CHI,1,0,6,59.0,100.0,3,27.3,3,58.1,0,100.0,11,11,58.3,100.0,7,63.6,7
12,Pat Freiermuth,84085,TE,PIT,1,0,25,58.0,100.0,2,18.2,2,59.2,0,100.0,11,11,60.0,100.0,4,36.4,4
12,Greg Dortch,42237,WR,ARZ,1,0,1,59.7,77.8,7,70.0,9,58.9,0,83.3,10,12,59.2,100.0,3,30.0,3
12,Davante Adams,8688,WR,LA,1,0,26,60.0,100.0,4,40.0,4,60.0,0,100.0,10,10,60.0,100.0,6,60.0,6
12,Stefon Diggs,9579,WR,NE,1,0,19,60.6,100.0,4,40.0,4,61.8,0,100.0,10,10,60.5,100.0,6,60.0,6
12,T.J. Hockenson,40912,TE,MIN,1,0,18,59.9,100.0,4,40.0,4,45.8,0,90.9,10,11,57.4,100.0,5,50.0,5
12,Noah Fant,42388,TE,CIN,1,0,7,59.2,100.0,5,50.0,5,57.0,0,100.0,10,10,56.8,100.0,4,40.0,4
12,Tyrell Shavers,61107,WR,BUF,1,0,4,59.9,100.0,5,50.0,5,51.2,0,100.0,10,10,80.4,100.0,3,30.0,3
12,Quintin Morris,61182,TE,JAX,1,0,15,58.8,100.0,3,30.0,3,66.9,0,100.0,10,10,69.6,100.0,6,60.0,6
12,Calvin Austin III,61418,WR,PIT,1,0,25,60.0,100.0,2,20.0,2,58.2,0,100.0,10,10,58.5,100.0,5,50.0,5
12,Cedric Tillman,84434,WR,CLV,1,0,8,60.0,100.0,1,10.0,1,61.3,0,100.0,10,10,60.9,100.0,7,70.0,7
12,Cade Stover,101486,TE,HST,1,0,13,46.5,100.0,7,70.0,7,49.3,0,100.0,10,10,60.0,100.0,2,20.0,2
12,Josh Fryar,129746,T,ARZ,1,0,1,57.5,100.0,9,90.0,9,57.7,1,100.0,10,10,60.0,100.0,1,10.0,1
12,Elijah Arroyo,143933,TE,SEA,1,0,29,60.0,100.0,1,10.0,1,55.3,0,100.0,10,10,55.4,100.0,7,70.0,7
12,Konata Mumpfield,145598,WR,LA,1,0,26,59.5,100.0,6,60.0,6,59.3,0,100.0,10,10,59.8,100.0,4,40.0,4
12,KaVontae Turpin,47658,WR,DAL,1,0,9,60.0,100.0,2,22.2,2,60.3,0,81.8,9,11,60.5,87.5,7,77.8,8
12,Malik Heath,124173,WR,GB,1,0,12,60.1,100.0,5,55.6,5,61.1,0,100.0,9,9,60.0,100.0,2,22.2,2
12,Damien Lewis,81532,G,CAR,1,0,5,75.8,100.0,6,66.7,6,62.4,0,100.0,9,9,49.0,100.0,2,22.2,2
12,Austin Corbett,46290,C,CAR,1,0,5,55.2,100.0,6,66.7,6,76.7,0,100.0,9,9,68.5,100.0,2,22.2,2
12,Roman Wilson,129604,WR,PIT,1,0,25,60.0,100.0,3,33.3,3,58.5,0,100.0,9,9,60.0,100.0,3,33.3,3
12,Xavier Weaver,101130,WR,ARZ,1,0,1,60.2,100.0,6,66.7,6,34.9,0,100.0,9,9,59.7,100.0,3,33.3,3
12,Ikem Ekwonu,98286,T,CAR,1,0,5,96.2,100.0,6,66.7,6,93.7,0,100.0,9,9,58.9,100.0,2,22.2,2
12,Bryce Young,123943,QB,CAR,1,0,5,60.0,100.0,6,66.7,6,60.0,0,100.0,9,9,60.0,100.0,2,22.2,2
12,Jaxon Smith-Njigba,129758,WR,SEA,1,0,29,60.0,100.0,2,22.2,2,55.3,0,90.0,9,10,54.6,100.0,7,77.8,7
12,Jakob Johnson,32565,FB,HST,1,0,13,48.9,100.0,3,33.3,3,37.2,0,100.0,9,9,41.4,100.0,4,44.4,4
12,Taylor Moton,11819,T,CAR,1,0,5,78.0,100.0,6,66.7,6,85.2,0,100.0,9,9,69.4,100.0,2,22.2,2
12,Chimere Dike,129918,WR,TEN,1,0,31,58.5,100.0,2,22.2,2,57.8,0,100.0,9,9,58.7,100.0,7,77.8,7
12,Payne Durham,84037,TE,TB,1,0,30,55.6,100.0,3,33.3,3,57.8,0,100.0,9,9,60.2,100.0,6,66.7,6
12,Durham Smythe,47257,TE,CHI,1,0,6,56.4,100.0,3,33.3,3,40.9,0,100.0,9,9,36.3,100.0,4,44.4,4
12,Olisaemeka Udoh,28394,T,TEN,1,0,31,47.2,100.0,4,44.4,4,47.4,0,100.0,9,9,56.6,100.0,4,44.4,4
12,Gage Larvadain,150169,WR,CLV,1,1,8,59.3,100.0,8,88.9,8,58.7,1,100.0,9,9,,,0,0.0,0
12,Hunter Luepke,91319,FB,DAL,1,0,9,56.2,100.0,3,33.3,3,52.4,0,100.0,9,9,54.4,100.0,4,44.4,4
12,Elijah Higgins,98027,TE,ARZ,1,0,1,50.8,100.0,7,87.5,7,52.1,0,100.0,8,8,60.0,100.0,1,12.5,1
12,Luke Schoonmaker,84005,TE,DAL,1,0,9,60.0,100.0,1,12.5,1,53.7,0,100.0,8,8,67.8,100.0,5,62.5,5
12,Malachi Corley,66272,WR,CLV,1,0,8,59.9,100.0,2,25.0,2,60.0,0,88.9,8,9,60.4,100.0,6,75.0,6
12,Joshua Palmer,62979,WR,BUF,1,0,4,60.0,100.0,1,12.5,1,60.7,0,100.0,8,8,60.4,100.0,7,87.5,7
12,Marquise Brown,61568,WR,KC,1,0,16,60.0,100.0,2,25.0,2,60.6,0,100.0,8,8,60.1,100.0,6,75.0,6
12,Gabe Davis,55410,WR,BUF,1,0,4,60.0,100.0,1,12.5,1,77.2,0,100.0,8,8,57.8,100.0,7,87.5,7
12,Calvin Anderson,46247,T,PIT,1,0,25,60.0,100.0,2,25.0,2,62.5,0,100.0,8,8,51.0,100.0,4,50.0,4
12,Devin Neal,144558,HB,NO,1,0,20,,0.0,0,0.0,1,60.0,0,53.3,8,15,60.0,25.0,2,25.0,8
12,Xavier Hutchinson,122518,WR,HST,1,0,13,52.9,100.0,4,57.1,4,53.2,0,100.0,7,7,59.5,100.0,2,28.6,2
12,Jonnu Smith,11855,TE,PIT,1,0,25,68.4,100.0,4,57.1,4,82.5,0,77.8,7,9,69.3,100.0,2,28.6,2
12,Luther Burden III,157170,WR,CHI,1,0,6,59.4,100.0,2,28.6,2,59.3,0,87.5,7,8,60.0,100.0,2,28.6,2
12,James Proche II,48037,WR,TEN,1,1,31,59.0,100.0,3,42.9,3,31.3,1,100.0,7,7,60.0,100.0,4,57.1,4
12,C.J. Ham,11347,FB,MIN,1,0,18,60.2,100.0,2,28.6,2,67.4,0,100.0,7,7,57.8,100.0,4,57.1,4
12,Tylan Wallace,61577,WR,BLT,1,0,3,,,0,0.0,0,52.3,0,100.0,7,7,58.7,100.0,3,42.9,3
12,Ian Thomas,42130,TE,LV,1,0,23,59.6,100.0,4,57.1,4,51.9,0,100.0,7,7,60.0,100.0,1,14.3,1
12,Cody White,61448,WR,SEA,1,0,29,60.2,100.0,3,42.9,3,59.7,0,100.0,7,7,58.7,100.0,3,42.9,3
12,Khalil Shakir,84140,WR,BUF,1,0,4,60.0,100.0,2,28.6,2,56.3,0,100.0,7,7,61.0,100.0,5,71.4,5
12,Teven Jenkins,41534,G,CLV,1,0,8,59.7,100.0,6,85.7,6,59.5,0,100.0,7,7,,,0,0.0,0
12,Will Hernandez,46180,G,ARZ,1,0,1,48.5,100.0,6,85.7,6,46.4,0,100.0,7,7,60.0,100.0,1,14.3,1
12,Chandler Zavala,144009,G,CAR,1,0,5,76.0,100.0,5,71.4,5,74.4,0,100.0,7,7,60.0,100.0,1,14.3,1
12,Tetairoa McMillan,158735,WR,CAR,1,0,5,59.6,100.0,4,57.1,4,59.6,0,100.0,7,7,60.0,100.0,2,28.6,2
12,Blake Whiteheart,77881,TE,CLV,1,0,8,51.4,100.0,6,85.7,6,51.9,0,100.0,7,7,60.0,100.0,1,14.3,1
12,Nick Kallerup,101679,TE,SEA,1,0,29,56.9,100.0,2,28.6,2,65.2,0,100.0,7,7,70.2,100.0,4,57.1,4
12,Chigoziem Okonkwo,84000,TE,TEN,1,0,31,55.6,100.0,3,42.9,3,32.7,0,100.0,7,7,47.9,100.0,4,57.1,4
12,Josh Downs,122832,WR,IND,1,0,14,60.0,100.0,1,14.3,1,60.7,0,100.0,7,7,60.4,100.0,6,85.7,6
12,Kameron Johnson,165866,WR,TB,1,0,30,60.0,100.0,1,16.7,1,58.8,0,100.0,6,6,58.6,100.0,5,83.3,5
12,Savion Williams,123101,WR,GB,1,0,12,60.1,75.0,3,50.0,4,60.2,0,85.7,6,7,60.0,100.0,1,16.7,1
12,Jahan Dotson,84375,WR,PHI,1,0,24,60.0,100.0,3,50.0,3,61.0,0,100.0,6,6,59.7,100.0,2,33.3,2
12,Ashton Dulin,91479,WR,IND,1,0,14,55.4,100.0,4,66.7,4,56.7,0,100.0,6,6,60.6,100.0,2,33.3,2
12,Taysom Hill,12112,TE,NO,1,0,20,,0.0,0,0.0,2,53.6,0,37.5,6,16,53.9,37.5,3,50.0,8
12,Terrance Ferguson,146563,TE,LA,1,0,26,60.0,100.0,3,50.0,3,59.6,0,100.0,6,6,59.6,100.0,3,50.0,3
12,Keleki Latu,146291,TE,BUF,1,0,4,60.0,100.0,2,33.3,2,50.0,0,100.0,6,6,60.2,100.0,3,50.0,3
12,Zaire Mitchell-Paden,145197,TE,NO,1,0,20,59.3,100.0,1,16.7,1,46.8,0,100.0,6,6,48.1,100.0,4,66.7,4
12,Tyquan Thornton,78092,WR,KC,1,0,16,59.1,100.0,4,66.7,4,58.5,0,100.0,6,6,59.4,100.0,2,33.3,2
12,David Martin-Robinson,77892,TE,TEN,1,0,31,59.6,100.0,3,50.0,3,57.1,0,100.0,6,6,57.7,100.0,2,33.3,2
12,Reggie Gilliam,40951,FB,BUF,1,0,4,67.8,100.0,4,66.7,4,67.7,0,100.0,6,6,,,0,0.0,0
12,Xavier Legette,99197,WR,CAR,1,0,5,59.9,100.0,3,50.0,3,60.1,0,100.0,6,6,60.0,100.0,2,33.3,2
12,Arian Smith,124039,WR,NYJ,1,0,22,60.0,100.0,1,16.7,1,58.5,0,85.7,6,7,58.3,100.0,5,83.3,5
12,Tommy Tremble,84025,TE,CAR,1,0,5,58.4,100.0,4,80.0,4,58.4,0,100.0,5,5,60.0,100.0,1,20.0,1
12,Jaylon Moore,43678,T,KC,1,0,16,77.1,100.0,5,100.0,5,77.1,0,100.0,5,5,,,0,0.0,0
12,Darius Cooper,136866,WR,PHI,1,0,24,60.4,100.0,3,60.0,3,59.4,0,100.0,5,5,,,0,0.0,0
12,Luke Newman,143066,G,CHI,1,0,6,60.0,100.0,1,20.0,1,66.7,0,100.0,5,5,60.0,100.0,1,20.0,1
12,Jalen Coker,143068,WR,CAR,1,0,5,57.0,100.0,4,80.0,4,57.0,0,100.0,5,5,,,0,0.0,0
12,Jaylen Warren,98692,HB,PIT,1,0,25,59.9,8.3,1,20.0,12,59.7,0,21.7,5,23,,0.0,0,0.0,7
12,Ja'Tavion Sanders,144717,TE,CAR,1,0,5,55.9,100.0,3,60.0,3,73.4,0,100.0,5,5,62.6,100.0,1,20.0,1
12,Robbie Ouzts,146594,FB,SEA,1,0,29,60.0,100.0,1,20.0,1,66.3,0,100.0,5,5,67.1,100.0,3,60.0,3
12,Dan Skipper,12307,T,DET,1,0,11,56.8,100.0,2,40.0,2,57.1,0,100.0,5,5,60.2,100.0,3,60.0,3
12,Pharaoh Brown,12247,TE,ARZ,1,0,1,55.5,100.0,4,80.0,4,65.0,0,100.0,5,5,64.8,100.0,1,20.0,1
12,Mitchell Evans,147486,TE,CAR,1,0,5,58.3,100.0,3,60.0,3,58.6,0,100.0,5,5,60.0,100.0,2,40.0,2
12,Chris Godwin,11839,WR,TB,1,0,30,60.0,100.0,3,60.0,3,60.6,0,100.0,5,5,60.0,100.0,1,20.0,1
12,Christian Kirk,47546,WR,HST,1,0,13,59.2,100.0,3,60.0,3,59.7,0,100.0,5,5,60.0,100.0,1,20.0,1
12,Rashid Shaheed,63707,WR,SEA,1,0,29,60.0,100.0,1,20.0,1,59.7,0,83.3,5,6,60.0,80.0,4,80.0,5
12,Corey Levin,11972,C,TEN,1,0,31,69.9,100.0,3,75.0,3,69.6,0,100.0,4,4,,,0,0.0,0
12,Chris Brooks,83644,HB,GB,1,0,12,,0.0,0,0.0,6,60.0,0,36.4,4,11,60.0,50.0,1,25.0,2
12,Kevin Austin Jr.,84345,WR,NO,1,0,20,60.0,100.0,1,25.0,1,51.6,0,100.0,4,4,53.3,100.0,3,75.0,3
12,Max Mitchell,81707,T,NYJ,1,0,22,64.9,100.0,1,25.0,1,70.1,0,100.0,4,4,60.2,100.0,3,75.0,3
12,Dylan Drummond,78187,WR,ATL,1,0,2,,,0,0.0,0,59.9,0,100.0,4,4,59.6,100.0,3,75.0,3
12,Alex Cappa,66578,C,LV,1,0,23,60.0,100.0,1,25.0,1,66.7,0,100.0,4,4,67.4,100.0,3,75.0,3
12,Grant Calcaterra,60997,TE,PHI,1,0,24,59.9,100.0,2,50.0,2,59.6,0,100.0,4,4,60.0,100.0,1,25.0,1
12,Xavier Restrepo,122220,WR,TEN,1,0,31,59.7,100.0,2,50.0,2,60.1,0,100.0,4,4,60.0,100.0,2,50.0,2
12,Michael Mayer,122906,TE,LV,1,0,23,,,0,0.0,0,57.4,0,100.0,4,4,57.7,100.0,3,75.0,3
12,Charlie Jones,55038,WR,CIN,1,0,7,60.0,100.0,2,50.0,2,60.0,0,100.0,4,4,59.7,100.0,2,50.0,2
12,Andre Baccellia,47901,WR,ARZ,1,0,1,60.0,100.0,3,75.0,3,59.2,0,100.0,4,4,60.0,100.0,1,25.0,1
12,Ben Chukwuma,123850,T,TB,1,0,30,,,0,0.0,0,55.4,0,100.0,4,4,55.4,100.0,4,100.0,4
12,Jaylin Noel,125155,WR,HST,1,0,13,59.8,100.0,1,25.0,1,59.1,0,80.0,4,5,59.3,100.0,2,50.0,2
12,Saquon Barkley,45791,HB,PHI,1,0,24,60.0,14.3,1,25.0,7,40.2,0,28.6,4,14,60.0,33.3,2,50.0,6
12,Jack Stoll,42058,TE,NO,1,0,20,,,0,0.0,0,59.9,0,100.0,4,4,60.0,100.0,1,25.0,1
12,Brashard Smith,143951,HB,KC,1,0,16,,,0,0.0,0,59.7,0,80.0,4,5,59.4,100.0,3,75.0,3
12,Wyatt Milum,144785,G,JAX,1,0,15,,,0,0.0,0,60.6,0,100.0,4,4,60.6,100.0,4,100.0,4
12,Charlie Heck,36501,T,TB,1,0,30,,,0,0.0,0,52.5,0,100.0,4,4,52.5,100.0,4,100.0,4
12,Kendrick Bourne,12270,WR,SF,1,0,28,60.0,100.0,2,50.0,2,56.6,0,100.0,4,4,57.8,100.0,2,50.0,2
12,Christian McCaffrey,11763,HB,SF,1,0,28,,0.0,0,0.0,7,60.0,0,15.4,4,26,,0.0,0,0.0,15
12,Isaiah Bond,163586,WR,CLV,1,0,8,,,0,0.0,0,58.8,0,100.0,4,4,58.8,100.0,4,100.0,4
12,Elijah Klein,81912,G,TB,1,0,30,,,0,0.0,0,55.4,0,100.0,3,3,55.4,100.0,3,100.0,3
12,Derrick Henry,10679,HB,BLT,1,0,3,,0.0,0,0.0,8,60.0,0,12.5,3,24,,0.0,0,0.0,13
12,Jake Bobo,77997,WR,SEA,1,0,29,60.0,100.0,2,66.7,2,59.8,0,100.0,3,3,60.0,100.0,1,33.3,1
12,Jack Bech,146771,WR,LV,1,0,23,60.0,100.0,1,33.3,1,60.0,0,100.0,3,3,60.0,100.0,2,66.7,2
12,Dyami Brown,77986,WR,JAX,1,0,15,,,0,0.0,0,59.9,0,100.0,3,3,59.9,100.0,3,100.0,3
12,Kylen Granson,40630,TE,PHI,1,0,24,53.5,100.0,1,33.3,1,45.8,0,100.0,3,3,60.0,100.0,1,33.3,1
12,Travis Etienne Jr.,57185,HB,JAX,1,0,15,60.0,20.0,1,33.3,5,60.0,0,16.7,3,18,,0.0,0,0.0,11
12,Ryan Van Demark,55113,T,BUF,1,0,4,,,0,0.0,0,56.9,0,100.0,3,3,56.9,100.0,3,100.0,3
12,Javonte Williams,77803,HB,DAL,1,0,9,,0.0,0,0.0,7,60.0,0,13.0,3,23,,0.0,0,0.0,13
12,Isaac TeSlaa,172430,WR,DET,1,0,11,60.0,100.0,1,33.3,1,83.0,0,100.0,3,3,60.0,100.0,2,66.7,2
12,Chase Brown,77787,HB,CIN,1,0,7,,0.0,0,0.0,10,60.0,0,13.0,3,23,60.0,18.2,2,66.7,11
12,Andrew Ogletree,138351,TE,IND,1,0,14,57.2,100.0,2,66.7,2,57.8,0,100.0,3,3,,,0,0.0,0
12,Andrew Beck,47121,FB,NYJ,1,0,22,60.0,100.0,1,33.3,1,37.7,0,100.0,3,3,48.8,100.0,2,66.7,2
12,Brycen Tremayne,84425,WR,CAR,1,0,5,59.6,100.0,3,100.0,3,59.6,0,100.0,3,3,,,0,0.0,0
12,Mason Kinsey,115664,WR,TEN,1,0,31,59.5,100.0,2,66.7,2,58.8,0,100.0,3,3,60.0,100.0,1,33.3,1
12,Kyle Williams,128374,WR,NE,1,0,19,60.0,100.0,1,33.3,1,60.0,0,100.0,3,3,60.0,100.0,1,33.3,1
12,Gunner Olszewski,95015,WR,NYG,1,0,21,60.0,100.0,1,33.3,1,60.0,0,100.0,3,3,60.0,100.0,2,66.7,2
12,Luke Haggard,129442,G,TB,1,0,30,,,0,0.0,0,66.6,0,100.0,3,3,66.6,100.0,3,100.0,3
12,Ryan Miller,78734,WR,TB,1,0,30,,,0,0.0,0,59.9,0,100.0,3,3,59.9,100.0,3,100.0,3
12,Breece Hall,97636,HB,NYJ,1,0,22,,0.0,0,0.0,5,59.3,0,15.0,3,20,59.3,14.3,2,66.7,14
12,Jalen Nailor,84292,WR,MIN,1,0,18,,,0,0.0,0,31.2,0,100.0,3,3,60.0,100.0,2,66.7,2
12,Malik Willis,60341,QB,GB,1,0,12,60.0,100.0,3,100.0,3,60.0,0,60.0,3,5,,,0,0.0,0
12,Alvin Kamara,11822,HB,NO,1,0,20,60.0,100.0,1,33.3,1,60.0,0,50.0,3,6,60.0,25.0,1,33.3,4
12,Chuma Edoga,46232,T,JAX,1,0,15,56.4,100.0,3,100.0,3,56.4,0,100.0,3,3,,,0,0.0,0
12,Devin Culp,84080,TE,TB,1,0,30,,,0,0.0,0,59.9,0,100.0,3,3,59.9,100.0,3,100.0,3
12,Elijah Moore,84302,WR,BUF,1,0,4,,,0,0.0,0,60.0,0,100.0,3,3,60.0,100.0,3,100.0,3
12,Adam Thielen,8288,WR,MIN,1,0,18,60.0,100.0,1,50.0,1,60.0,0,100.0,2,2,60.0,100.0,1,50.0,1
12,Clyde Edwards-Helaire,57279,HB,KC,1,0,16,,0.0,0,0.0,4,60.0,0,28.6,2,7,,0.0,0,0.0,1
12,Connor Heyward,57301,TE,PIT,1,0,25,60.0,100.0,1,50.0,1,60.8,0,66.7,2,3,,,0,0.0,0
12,Woody Marks,124179,HB,HST,1,0,13,,0.0,0,0.0,9,60.0,0,11.1,2,18,60.0,14.3,1,50.0,7
12,Kyle Hinton,83163,G,ATL,1,0,2,,,0,0.0,0,56.1,0,100.0,2,2,56.1,100.0,2,100.0,2
12,Josiah Deguara,47034,TE,ARZ,1,0,1,56.5,100.0,2,100.0,2,56.5,0,100.0,2,2,,,0,0.0,0
12,Xavier Gipson,104136,WR,PHI,1,0,24,,,0,0.0,0,60.0,0,100.0,2,2,60.0,100.0,2,100.0,2
12,Jake Tonges,60864,TE,SF,1,0,28,,,0,0.0,0,60.0,0,100.0,2,2,,,0,0.0,0
12,Justice Hill,45865,HB,BLT,1,0,3,,,0,0.0,0,60.0,0,100.0,2,2,,,0,0.0,0
12,Kyle Monangai,129891,HB,CHI,1,0,6,,0.0,0,0.0,4,60.0,0,14.3,2,14,,0.0,0,0.0,7
12,Jordan Mason,62946,HB,MIN,1,0,18,,0.0,0,0.0,3,60.0,0,20.0,2,10,,0.0,0,0.0,4
12,Rachaad White,131633,HB,TB,1,0,30,,0.0,0,0.0,3,60.0,0,22.2,2,9,,0.0,0,0.0,4
12,Kenneth Gainwell,77737,HB,PIT,1,0,25,,0.0,0,0.0,3,60.0,0,16.7,2,12,,0.0,0,0.0,4
12,Dylan Sampson,163772,HB,CLV,1,0,8,,0.0,0,0.0,3,60.0,0,22.2,2,9,,0.0,0,0.0,4
12,Devin Singletary,40485,HB,NYG,1,0,21,,0.0,0,0.0,5,60.0,0,11.8,2,17,60.0,9.1,1,50.0,11
12,Feleipe Franks,40217,TE,ATL,1,0,2,60.0,100.0,1,50.0,1,60.0,0,66.7,2,3,,,0,0.0,0
12,Jake Curhan,38549,G,CAR,1,0,5,60.0,100.0,1,50.0,1,63.6,0,100.0,2,2,60.0,100.0,1,50.0,1
12,TreVeyon Henderson,145059,HB,NE,1,0,19,,0.0,0,0.0,9,60.0,0,9.5,2,21,,0.0,0,0.0,10
12,Jonathan Mingo,97774,WR,DAL,1,0,9,60.0,100.0,1,50.0,1,60.0,0,100.0,2,2,60.0,100.0,1,50.0,1
12,Carter Runyon,177002,TE,LV,1,0,23,69.6,100.0,2,100.0,2,69.6,0,100.0,2,2,,,0,0.0,0
12,KhaDarel Hodge,26104,WR,ATL,1,0,2,,,0,0.0,0,60.0,0,100.0,2,2,60.0,100.0,1,50.0,1
12,Kenneth Walker III,97199,HB,SEA,1,0,29,,0.0,0,0.0,4,59.8,0,15.4,2,13,59.6,12.5,1,50.0,8
12,Isaiah Williams,97156,WR,NYJ,1,0,22,,,0,0.0,0,59.4,0,100.0,2,2,59.4,100.0,2,100.0,2
12,Tyler Allgeier,83639,HB,ATL,1,0,2,,0.0,0,0.0,3,60.0,0,14.3,2,14,,0.0,0,0.0,9
12,Skyy Moore,97116,WR,SF,1,0,28,,,0,0.0,0,59.7,0,100.0,2,2,59.7,100.0,2,100.0,2
12,Jared Wilson,146717,G,NE,1,0,19,58.9,100.0,2,100.0,2,58.9,0,100.0,2,2,,,0,0.0,0
12,Brian Robinson,57120,HB,SF,1,0,28,,0.0,0,0.0,1,60.0,0,22.2,2,9,,0.0,0,0.0,5
12,Austin Trammell,52195,WR,JAX,1,0,15,,,0,0.0,0,60.0,0,100.0,2,2,60.0,100.0,1,50.0,1
12,Tahj Brooks,123133,HB,CIN,1,0,7,,,0,0.0,0,60.0,0,50.0,2,4,,0.0,0,0.0,2
12,Alex Bachman,47996,WR,LV,1,0,23,,,0,0.0,0,60.0,0,100.0,2,2,60.0,100.0,2,100.0,2
12,Tyrone Tracy,84226,HB,NYG,1,0,21,,0.0,0,0.0,6,60.0,0,9.1,2,22,60.0,6.7,1,50.0,15
12,Aaron Stinnie,28653,G,NYG,1,0,21,,,0,0.0,0,60.0,0,100.0,1,1,60.0,100.0,1,100.0,1
12,Zach Charbonnet,97630,HB,SEA,1,0,29,,0.0,0,0.0,1,60.0,0,16.7,1,6,,0.0,0,0.0,4
12,Michael Carter,57337,HB,ARZ,1,0,1,60.0,20.0,1,100.0,5,60.0,0,14.3,1,7,,0.0,0,0.0,2
12,Dalen Cambre,102933,WR,NYG,1,0,21,,,0,0.0,0,60.0,0,100.0,1,1,,,0,0.0,0
12,Bam Knight,97432,HB,ARZ,1,0,1,60.0,10.0,1,100.0,10,60.0,0,8.3,1,12,,0.0,0,0.0,2
12,Julius Chestnut,109239,HB,TEN,1,0,31,,0.0,0,0.0,2,60.0,0,33.3,1,3,,,0,0.0,0
12,Ross Dwelley,20994,TE,DET,1,0,11,,,0,0.0,0,60.0,0,100.0,1,1,60.0,100.0,1,100.0,1
12,Cameron Latu,82647,TE,PHI,1,0,24,60.0,100.0,1,100.0,1,60.0,0,100.0,1,1,,,0,0.0,0
12,Ashton Jeanty,157196,HB,LV,1,0,23,60.0,14.3,1,100.0,7,60.0,0,5.6,1,18,,0.0,0,0.0,9
12,Keaton Mitchell,123826,HB,BLT,1,0,3,,0.0,0,0.0,1,60.0,0,20.0,1,5,,0.0,0,0.0,3
12,Demario Douglas,104155,WR,NE,1,0,19,,,0,0.0,0,60.0,0,50.0,1,2,60.0,100.0,1,100.0,1
12,Matt Pryor,46647,T,PHI,1,0,24,,,0,0.0,0,60.0,0,100.0,1,1,60.0,100.0,1,100.0,1
12,Mike Gesicki,47153,TE,CIN,1,0,7,60.0,100.0,1,100.0,1,60.0,0,100.0,1,1,,,0,0.0,0
12,Terrell Jennings,102408,HB,NE,1,0,19,,,0,0.0,0,60.0,0,50.0,1,2,,0.0,0,0.0,1
12,Hunter Nourzad,91674,C,KC,1,0,16,,,0,0.0,0,60.0,0,100.0,1,1,,,0,0.0,0
12,Jon Gaines II,81879,G,ARZ,1,0,1,60.0,100.0,1,100.0,1,60.0,0,100.0,1,1,,,0,0.0,0
12,Alec Anderson,81882,G,BUF,1,0,4,,,0,0.0,0,60.0,0,100.0,1,1,,,0,0.0,0
12,Emanuel Wilson,154173,HB,GB,1,0,12,60.0,5.6,1,100.0,18,60.0,0,3.4,1,29,,0.0,0,0.0,11
12,Jalen Travis,155412,T,IND,1,0,14,57.4,100.0,1,100.0,1,57.4,0,100.0,1,1,,,0,0.0,0
12,British Brooks,77714,FB,HST,1,0,13,,,0,0.0,0,60.0,0,100.0,1,1,,,0,0.0,0
12,Tanner Hudson,66924,TE,CIN,1,0,7,60.0,100.0,1,100.0,1,60.0,0,100.0,1,1,,,0,0.0,0
12,Kareem Hunt,11841,HB,KC,1,0,16,60.0,11.1,1,100.0,9,60.0,0,3.2,1,31,,0.0,0,0.0,20
12,James Cook,83666,HB,BUF,1,0,4,,0.0,0,0.0,6,60.0,0,5.6,1,18,,0.0,0,0.0,11
12,Kedon Slovis,100580,QB,ARZ,1,0,1,60.0,100.0,1,100.0,1,60.0,0,100.0,1,1,,,0,0.0,0
12,Ben Sims,77918,TE,MIN,1,0,18,60.0,100.0,1,100.0,1,60.0,0,100.0,1,1,,,0,0.0,0
12,Brady Russell,60876,FB,SEA,1,0,29,,,0,0.0,0,60.0,0,100.0,1,1,60.0,100.0,1,100.0,1
12,Laquon Treadwell,10657,WR,IND,1,0,14,,,0,0.0,0,60.0,0,100.0,1,1,,,0,0.0,0
12,David Montgomery,45719,HB,DET,1,0,11,,0.0,0,0.0,1,60.0,0,16.7,1,6,,0.0,0,0.0,4
12,Scott Miller,47481,WR,PIT,1,0,25,60.0,100.0,1,100.0,1,30.8,0,100.0,1,1,,,0,0.0,0
12,Cody Ford,39805,T,CIN,1,0,7,60.0,100.0,1,100.0,1,60.0,0,100.0,1,1,,,0,0.0,0
12,Ray Davis,101072,HB,BUF,1,0,4,,,0,0.0,0,60.0,0,100.0,1,1,,,0,0.0,0
12,Quinshon Judkins,157128,HB,CLV,1,0,8,,0.0,0,0.0,9,60.0,0,5.9,1,17,,0.0,0,0.0,7
12,Blake Brandel,46282,C,MIN,1,0,18,,,0,0.0,0,60.0,0,100.0,1,1,60.0,100.0,1,100.0,1
12,D'Andre Swift,57212,HB,CHI,1,0,6,,0.0,0,0.0,3,60.0,0,10.0,1,10,,0.0,0,0.0,5
12,Marcus Bryant,121917,T,NE,1,0,19,60.0,100.0,1,100.0,1,60.0,0,100.0,1,1,,,0,0.0,0
12,Tyler Goodson,101659,HB,IND,1,0,14,,,0,0.0,0,60.0,0,100.0,1,1,,,0,0.0,0
12,Tank Bigsby,123974,HB,PHI,1,0,24,,0.0,0,0.0,1,60.0,0,50.0,1,2,,,0,0.0,0
week,player,player_id,position,team_name,player_game_count,declined_penalties,franchise_id,gap_grades_run_block,gap_run_block_percent,gap_snap_counts_run_block,gap_snap_counts_run_block_percent,gap_snap_counts_run_play,grades_run_block,penalties,run_block_percent,snap_counts_run_block,snap_counts_run_play,zone_grades_run_block,zone_run_block_percent,zone_snap_counts_run_block,zone_snap_counts_run_block_percent,zone_snap_counts_run_play
13,Ryan Van Demark,55113,T,BUF,1,0,4,55.6,100.0,21,45.7,21,57.7,0,100.0,46,46,59.9,100.0,23,50.0,23
13,Connor McGovern,41714,C,BUF,1,0,4,61.8,100.0,21,45.7,21,70.6,0,100.0,46,46,64.2,100.0,23,50.0,23
13,David Edwards,35941,G,BUF,1,0,4,47.3,100.0,21,45.7,21,40.0,0,100.0,46,46,41.8,100.0,23,50.0,23
13,Alec Anderson,81882,G,BUF,1,0,4,60.8,100.0,21,45.7,21,73.3,0,100.0,46,46,81.7,100.0,23,50.0,23
13,O'Cyrus Torrence,102821,G,BUF,1,0,4,55.9,100.0,21,45.7,21,67.7,0,100.0,46,46,71.1,100.0,23,50.0,23
13,Darnell Wright,98480,T,CHI,1,0,6,73.3,100.0,8,17.8,8,73.0,0,100.0,45,45,70.0,100.0,32,71.1,32
13,Joe Thuney,10712,G,CHI,1,0,6,52.8,100.0,8,17.8,8,71.1,0,100.0,45,45,76.5,100.0,32,71.1,32
13,Ozzy Trapilo,123552,T,CHI,1,0,6,70.5,100.0,8,17.8,8,63.8,0,100.0,45,45,68.3,100.0,32,71.1,32
13,Drew Dalman,52270,C,CHI,1,0,6,58.5,100.0,8,17.8,8,70.3,0,100.0,45,45,75.8,100.0,32,71.1,32
13,Jonah Jackson,37070,G,CHI,1,0,6,66.3,100.0,8,17.8,8,71.4,0,100.0,45,45,67.1,100.0,32,71.1,32
13,Caleb Williams,144622,QB,CHI,1,0,6,60.0,100.0,8,19.0,8,60.0,0,93.3,42,45,60.0,100.0,32,76.2,32
13,Josh Allen,46601,QB,BUF,1,0,4,60.0,90.5,19,45.2,21,60.0,0,91.3,42,46,60.0,95.7,22,52.4,23
13,Jake Curhan,38549,G,CAR,1,0,5,55.0,100.0,14,35.0,14,59.4,0,100.0,40,40,62.4,100.0,23,57.5,23
13,Ikem Ekwonu,98286,T,CAR,1,0,5,39.0,100.0,14,35.0,14,52.3,0,100.0,40,40,63.0,100.0,23,57.5,23
13,Austin Corbett,46290,C,CAR,1,0,5,55.9,100.0,14,35.0,14,69.7,0,100.0,40,40,74.7,100.0,23,57.5,23
13,Jackson Hawes,109374,TE,BUF,1,0,4,62.6,100.0,19,47.5,19,71.0,0,100.0,40,40,75.5,100.0,20,50.0,20
13,Damien Lewis,81532,G,CAR,1,0,5,50.6,100.0,14,35.0,14,60.6,0,100.0,40,40,66.6,100.0,23,57.5,23
13,Zion Johnson,99681,G,LAC,1,0,27,48.8,100.0,18,46.2,18,62.7,0,100.0,39,39,75.0,100.0,19,48.7,19
13,Bradley Bozeman,27934,C,LAC,1,0,27,60.0,100.0,18,46.2,18,68.4,0,100.0,39,39,66.3,100.0,19,48.7,19
13,Mekhi Becton,59818,G,LAC,1,0,27,62.3,100.0,18,46.2,18,48.6,0,100.0,39,39,40.2,100.0,19,48.7,19
13,Trey Pipkins III,91462,T,LAC,1,0,27,40.9,100.0,18,46.2,18,53.2,0,100.0,39,39,58.9,100.0,19,48.7,19
13,Jamaree Salyer,81656,T,LAC,1,0,27,59.3,100.0,18,46.2,18,49.7,0,100.0,39,39,45.2,100.0,19,48.7,19
13,Bryce Young,123943,QB,CAR,1,0,5,60.0,100.0,14,37.8,14,60.0,0,92.5,37,40,60.0,100.0,23,62.2,23
13,DJ Moore,48267,WR,CHI,1,0,6,59.5,100.0,7,18.9,7,67.2,0,97.4,37,38,69.2,100.0,28,75.7,28
13,C.J. Stroud,129759,QB,HST,1,0,13,60.2,100.0,14,40.0,14,61.1,0,100.0,35,35,60.0,100.0,16,45.7,16
13,Trent Brown,9677,T,HST,1,0,13,61.9,100.0,14,40.0,14,62.7,0,100.0,35,35,63.3,100.0,16,45.7,16
13,Jake Andrews,81868,C,HST,1,0,13,54.3,100.0,14,40.0,14,66.3,0,100.0,35,35,76.4,100.0,16,45.7,16
13,Grey Zabel,125314,G,SEA,1,0,29,53.5,100.0,16,45.7,16,49.2,0,100.0,35,35,55.4,100.0,16,45.7,16
13,Aireontae Ersery,129649,T,HST,1,0,13,54.3,100.0,14,40.0,14,46.4,1,100.0,35,35,45.4,100.0,16,45.7,16
13,Ed Ingram,59819,G,HST,1,0,13,62.4,100.0,14,40.0,14,87.7,0,100.0,35,35,93.3,100.0,16,45.7,16
13,Abraham Lucas,60218,T,SEA,1,0,29,80.6,100.0,16,45.7,16,79.5,0,100.0,35,35,78.1,100.0,16,45.7,16
13,Cole Kmet,60995,TE,CHI,1,0,6,62.9,100.0,6,17.1,6,53.4,0,100.0,35,35,50.8,100.0,25,71.4,25
13,Tytus Howard,25472,G,HST,1,0,13,60.8,100.0,14,40.0,14,68.8,0,100.0,35,35,73.5,100.0,16,45.7,16
13,Tyrell Shavers,61107,WR,BUF,1,0,4,62.8,100.0,17,51.5,17,58.0,0,100.0,33,33,79.3,100.0,15,45.5,15
13,Rome Odunze,73774,WR,CHI,1,0,6,54.4,100.0,5,15.2,5,54.5,0,100.0,33,33,57.3,100.0,24,72.7,24
13,Orlando Brown Jr.,46227,T,CIN,1,0,7,69.1,100.0,21,65.6,21,60.8,0,100.0,32,32,50.0,100.0,9,28.1,9
13,Jake Matthews,8641,T,ATL,1,0,2,81.6,100.0,7,21.9,7,67.3,0,100.0,32,32,58.4,100.0,24,75.0,24
13,Dominick Puni,163815,G,SF,1,0,28,64.5,100.0,6,18.8,6,56.0,0,100.0,32,32,61.6,100.0,21,65.6,21
13,Charles Cross,98401,T,SEA,1,0,29,50.2,100.0,15,46.9,15,50.6,0,100.0,32,32,55.3,100.0,14,43.8,14
13,Olusegun Oluwatimi,98581,C,SEA,1,0,29,63.3,100.0,15,46.9,15,55.4,0,100.0,32,32,55.8,100.0,14,43.8,14
13,Ted Karras,10855,C,CIN,1,0,7,66.8,100.0,21,65.6,21,70.2,0,100.0,32,32,69.5,100.0,9,28.1,9
13,Taylor Moton,11819,T,CAR,1,0,5,55.9,100.0,12,37.5,12,71.6,0,100.0,32,32,79.3,100.0,17,53.1,17
13,Matthew Bergeron,99658,G,ATL,1,0,2,52.7,100.0,7,21.9,7,68.0,0,100.0,32,32,75.4,100.0,24,75.0,24
13,Amarius Mims,146719,T,CIN,1,0,7,58.4,100.0,21,65.6,21,63.5,0,100.0,32,32,56.2,100.0,9,28.1,9
13,Dylan Fairchild,146716,G,CIN,1,0,7,59.8,100.0,21,65.6,21,54.2,0,100.0,32,32,49.7,100.0,9,28.1,9
13,Sam Darnold,29048,QB,SEA,1,0,29,60.0,100.0,15,46.9,15,60.1,0,100.0,32,32,60.0,100.0,14,43.8,14
13,Colton McKivitz,29314,T,SF,1,0,28,53.2,100.0,6,18.8,6,54.1,0,100.0,32,32,56.3,100.0,21,65.6,21
13,Ryan Neuzil,41123,C,ATL,1,0,2,55.0,100.0,7,21.9,7,80.7,0,100.0,32,32,82.2,100.0,24,75.0,24
13,Kirk Cousins,7102,QB,ATL,1,0,2,60.0,100.0,7,21.9,7,60.1,0,100.0,32,32,60.0,100.0,24,75.0,24
13,Elijah Wilkinson,46238,T,ATL,1,0,2,68.9,100.0,7,21.9,7,66.4,0,100.0,32,32,56.5,100.0,24,75.0,24
13,Chris Lindstrom,46692,G,ATL,1,0,2,66.2,100.0,7,21.9,7,90.0,0,100.0,32,32,90.5,100.0,24,75.0,24
13,Dalton Risner,47008,G,CIN,1,0,7,55.1,100.0,21,65.6,21,53.4,0,100.0,32,32,54.7,100.0,9,28.1,9
13,Joe Burrow,28022,QB,CIN,1,0,7,60.0,100.0,21,67.7,21,60.0,0,96.9,31,32,60.0,100.0,9,29.0,9
13,Justin Herbert,28237,QB,LAC,1,0,27,60.0,100.0,16,51.6,16,60.0,0,100.0,31,31,60.0,100.0,15,48.4,15
13,Chris Paul,77579,G,WAS,1,0,32,67.0,100.0,21,67.7,21,52.5,0,100.0,31,31,45.9,100.0,6,19.4,6
13,Tyler Biadasz,41178,C,WAS,1,0,32,62.1,100.0,21,67.7,21,62.9,0,100.0,31,31,54.9,100.0,6,19.4,6
13,Joel Bitonio,8670,G,CLV,1,0,8,55.7,100.0,7,22.6,7,82.0,0,100.0,31,31,89.8,100.0,19,61.3,19
13,Cam Robinson,11789,T,CLV,1,0,8,68.2,100.0,7,22.6,7,59.4,0,100.0,31,31,57.4,100.0,19,61.3,19
13,Laremy Tunsil,10647,T,WAS,1,0,32,83.5,100.0,21,67.7,21,82.4,0,100.0,31,31,57.6,100.0,6,19.4,6
13,Sam Cosmi,60114,G,WAS,1,0,32,81.5,100.0,21,67.7,21,90.4,0,100.0,31,31,84.2,100.0,6,19.4,6
13,Josh Conerly Jr.,163291,T,WAS,1,0,32,59.4,100.0,21,67.7,21,73.4,0,100.0,31,31,90.0,100.0,6,19.4,6
13,Ja'Marr Chase,84270,WR,CIN,1,0,7,62.4,100.0,20,64.5,20,60.4,0,100.0,31,31,58.6,100.0,9,29.0,9
13,Kayode Awosika,44909,G,DET,1,0,11,49.3,100.0,13,43.3,13,51.0,0,100.0,30,30,64.8,100.0,16,53.3,16
13,Austin Jackson,60816,T,MIA,1,0,17,62.9,100.0,11,36.7,11,64.8,0,100.0,30,30,64.1,100.0,17,56.7,17
13,Cole Strange,22976,G,MIA,1,0,17,61.4,100.0,11,36.7,11,71.9,0,100.0,30,30,84.7,100.0,17,56.7,17
13,Trystan Colon,41117,G,DET,1,0,11,31.7,100.0,13,43.3,13,46.7,0,100.0,30,30,57.1,100.0,16,53.3,16
13,Aaron Brewer,46014,C,MIA,1,0,17,69.3,100.0,11,36.7,11,71.2,0,100.0,30,30,67.4,100.0,17,56.7,17
13,Patrick Paul,101019,T,MIA,1,0,17,61.2,100.0,11,36.7,11,59.6,0,100.0,30,30,58.2,100.0,17,56.7,17
13,Darnell Mooney,48236,WR,ATL,1,0,2,61.3,100.0,6,20.0,6,43.8,0,100.0,30,30,58.3,100.0,23,76.7,23
13,Jared Goff,10635,QB,DET,1,0,11,60.0,100.0,13,43.3,13,60.3,0,100.0,30,30,60.1,100.0,16,53.3,16
13,Dawson Knox,35883,TE,BUF,1,0,4,65.3,100.0,12,40.0,12,76.5,0,100.0,30,30,78.4,100.0,17,56.7,17
13,Shedeur Sanders,131396,QB,CLV,1,0,8,60.0,100.0,6,20.0,6,60.1,0,100.0,30,30,60.0,100.0,19,63.3,19
13,Jonah Savaiinaea,158742,G,MIA,1,0,17,60.2,100.0,11,36.7,11,59.2,0,100.0,30,30,67.5,100.0,17,56.7,17
13,Taylor Decker,10650,T,DET,1,0,11,50.1,100.0,13,43.3,13,68.7,0,100.0,30,30,71.9,100.0,16,53.3,16
13,Penei Sewell,81788,T,DET,1,0,11,69.8,100.0,13,43.3,13,72.3,0,100.0,30,30,69.8,100.0,16,53.3,16
13,Tate Ratledge,124034,G,DET,1,0,11,70.3,100.0,13,43.3,13,75.0,0,100.0,30,30,72.8,100.0,16,53.3,16
13,Cole Van Lanen,41583,T,JAX,1,0,15,80.1,100.0,13,46.4,13,82.1,0,100.0,28,28,73.4,100.0,10,35.7,10
13,Andrei Iosivas,109811,WR,CIN,1,0,7,63.0,100.0,19,67.9,19,61.7,0,100.0,28,28,59.6,100.0,8,28.6,8
13,AJ Barner,129433,TE,SEA,1,0,29,55.2,100.0,13,46.4,13,59.7,0,96.6,28,29,56.9,100.0,14,50.0,14
13,Tua Tagovailoa,60326,QB,MIA,1,0,17,60.0,100.0,11,39.3,11,60.0,0,93.3,28,30,60.0,100.0,17,60.7,17
13,Jake Brendel,11117,C,SF,1,0,28,58.8,100.0,4,14.3,4,67.4,0,100.0,28,28,69.4,100.0,21,75.0,21
13,Tommy Tremble,84025,TE,CAR,1,0,5,55.9,100.0,12,42.9,12,52.4,0,100.0,28,28,52.9,100.0,16,57.1,16
13,Kyle Pitts,83964,TE,ATL,1,0,2,41.9,100.0,6,21.4,6,57.2,0,100.0,28,28,52.7,100.0,21,75.0,21
13,Trent Williams,5529,T,SF,1,0,28,58.4,100.0,4,14.3,4,79.5,0,100.0,28,28,90.2,100.0,21,75.0,21
13,Ezra Cleveland,41973,G,JAX,1,0,15,44.1,100.0,13,46.4,13,38.0,0,100.0,28,28,42.1,100.0,10,35.7,10
13,Anton Harrison,122929,T,JAX,1,0,15,64.8,100.0,13,46.4,13,67.7,1,100.0,28,28,57.8,100.0,10,35.7,10
13,Ethan Pocic,11813,C,CLV,1,0,8,67.0,100.0,6,21.4,6,83.2,0,100.0,28,28,80.7,100.0,17,60.7,17
13,Zach Tom,55443,T,GB,1,0,12,53.1,100.0,8,29.6,8,65.4,0,100.0,27,27,72.1,100.0,13,48.1,13
13,Brock Purdy,77672,QB,SF,1,0,28,60.0,100.0,4,14.8,4,60.0,0,96.4,27,28,60.0,95.2,20,74.1,21
13,Anthony Belton,143985,G,GB,1,0,12,44.1,100.0,8,29.6,8,45.5,0,100.0,27,27,52.1,100.0,13,48.1,13
13,Oronde Gadsden II,144046,TE,LAC,1,0,27,59.5,100.0,9,33.3,9,56.1,0,100.0,27,27,55.5,100.0,16,59.3,16
13,Garrett Bradbury,46013,C,NE,1,0,19,55.9,100.0,16,59.3,16,58.0,0,100.0,27,27,63.2,100.0,6,22.2,6
13,Vederian Lowe,59741,T,NE,1,0,19,66.5,100.0,16,59.3,16,61.9,0,100.0,27,27,57.5,100.0,6,22.2,6
13,Aaron Banks,59983,G,GB,1,0,12,52.8,100.0,8,29.6,8,45.4,0,100.0,27,27,45.6,100.0,13,48.1,13
13,Rasheed Walker,81798,T,GB,1,0,12,66.0,100.0,8,29.6,8,50.2,0,100.0,27,27,42.3,100.0,13,48.1,13
13,Charlie Woerner,42257,TE,ATL,1,1,2,44.5,100.0,5,18.5,5,44.1,1,100.0,27,27,50.1,100.0,21,77.8,21
13,Morgan Moses,8701,T,NE,1,0,19,56.0,100.0,16,59.3,16,62.2,0,100.0,27,27,71.1,100.0,6,22.2,6
13,Mike Onwenu,27357,G,NE,1,0,19,68.5,100.0,16,59.3,16,73.5,0,100.0,27,27,77.2,100.0,6,22.2,6
13,Sean Rhyan,72009,C,GB,1,0,12,58.6,100.0,8,29.6,8,69.1,0,100.0,27,27,72.4,100.0,13,48.1,13
13,Ben Brown,59869,G,NE,1,0,19,83.0,100.0,16,59.3,16,78.9,0,100.0,27,27,63.8,100.0,6,22.2,6
13,Mitchell Evans,147486,TE,CAR,1,0,5,58.0,100.0,12,44.4,12,67.1,1,100.0,27,27,71.9,100.0,12,44.4,12
13,Harold Fannin Jr.,163104,TE,CLV,1,0,8,68.2,100.0,5,19.2,5,60.8,0,96.3,26,27,57.9,100.0,17,65.4,17
13,Tyler Smith,98385,G,DAL,1,0,9,52.5,100.0,6,23.1,6,59.4,0,100.0,26,26,55.2,100.0,15,57.7,15
13,Isaac TeSlaa,172430,WR,DET,1,0,11,82.5,100.0,12,46.2,12,41.9,0,100.0,26,26,50.3,100.0,13,50.0,13
13,Ricky Pearsall,100660,WR,SF,1,0,28,60.2,100.0,5,19.2,5,62.0,0,100.0,26,26,62.9,100.0,19,73.1,19
13,Jaylen Waddle,84088,WR,MIA,1,0,17,58.9,100.0,11,42.3,11,60.1,0,100.0,26,26,61.1,100.0,15,57.7,15
13,Jerry Jeudy,61103,WR,CLV,1,0,8,60.0,100.0,5,19.2,5,54.2,0,100.0,26,26,53.6,100.0,18,69.2,18
13,Cooper Beebe,99434,C,DAL,1,0,9,65.5,100.0,6,23.1,6,73.1,0,100.0,26,26,72.0,100.0,15,57.7,15
13,Jameson Williams,101701,WR,DET,1,0,11,60.4,100.0,12,46.2,12,75.7,0,96.3,26,27,60.7,100.0,14,53.8,14
13,Nathan Thomas,98390,T,DAL,1,0,9,55.6,100.0,6,23.1,6,39.6,0,100.0,26,26,37.1,100.0,15,57.7,15
13,Terence Steele,39461,T,DAL,1,0,9,56.2,100.0,6,23.1,6,61.0,0,100.0,26,26,64.5,100.0,15,57.7,15
13,Tyler Booker,157001,G,DAL,1,0,9,65.6,100.0,6,23.1,6,79.0,0,100.0,26,26,80.0,100.0,15,57.7,15
13,Ladd McConkey,124030,WR,LAC,1,0,27,48.3,100.0,13,50.0,13,48.3,0,100.0,26,26,55.3,100.0,13,50.0,13
13,Tetairoa McMillan,158735,WR,CAR,1,0,5,60.1,100.0,9,36.0,9,59.9,0,100.0,25,25,59.8,100.0,16,64.0,16
13,Jaxon Smith-Njigba,129758,WR,SEA,1,0,29,60.4,100.0,14,56.0,14,61.6,0,100.0,25,25,62.4,100.0,10,40.0,10
13,Robert Hainsey,59980,C,JAX,1,0,15,48.2,100.0,13,52.0,13,67.8,0,100.0,25,25,68.6,100.0,10,40.0,10
13,Ross Dwelley,20994,TE,DET,1,0,11,55.3,100.0,10,40.0,10,45.2,0,100.0,25,25,44.4,100.0,14,56.0,14
13,David Sills V,34579,WR,ATL,1,0,2,54.2,100.0,7,28.0,7,69.5,0,100.0,25,25,76.1,100.0,18,72.0,18
13,Jordan Love,40306,QB,GB,1,0,12,60.0,100.0,8,33.3,8,60.0,0,88.9,24,27,60.0,100.0,13,54.2,13
13,Luke Goedeke,77548,T,TB,1,0,30,67.1,100.0,12,50.0,12,70.8,0,100.0,24,24,68.7,100.0,8,33.3,8
13,Dillon Radunz,30551,G,NO,1,0,20,48.2,100.0,4,16.7,4,42.8,0,100.0,24,24,46.8,100.0,17,70.8,17
13,George Kittle,11901,TE,SF,1,0,28,55.9,100.0,4,16.7,4,59.1,0,100.0,24,24,61.4,100.0,17,70.8,17
13,Marcus Mariota,9435,QB,WAS,1,0,32,60.2,90.5,19,79.2,21,60.4,0,77.4,24,31,60.0,83.3,5,20.8,6
13,Cesar Ruiz,59857,G,NO,1,0,20,55.4,100.0,4,16.7,4,47.2,0,100.0,24,24,55.7,100.0,17,70.8,17
13,Dan Feeney,11826,G,TB,1,0,30,30.6,100.0,12,50.0,12,31.4,0,100.0,24,24,56.5,100.0,8,33.3,8
13,Luke Fortner,42028,C,NO,1,0,20,57.9,100.0,4,16.7,4,68.0,0,100.0,24,24,71.4,100.0,17,70.8,17
13,Anthony Bradford,99103,G,SEA,1,0,29,34.2,100.0,12,50.0,12,38.6,0,100.0,24,24,53.5,100.0,10,41.7,10
13,Ben Bredeson,27305,G,TB,1,0,30,55.2,100.0,12,50.0,12,69.8,0,100.0,24,24,71.1,100.0,8,33.3,8
13,John Bates,42275,TE,WAS,1,0,32,51.5,100.0,19,79.2,19,51.1,0,100.0,24,24,56.8,100.0,5,20.8,5
13,Jakobi Meyers,47468,WR,JAX,1,1,15,33.8,100.0,13,54.2,13,30.3,2,96.0,24,25,39.3,100.0,10,41.7,10
13,Tristan Wirfs,64818,T,TB,1,0,30,64.7,100.0,12,50.0,12,74.8,0,100.0,24,24,78.2,100.0,8,33.3,8
13,Taliese Fuaga,131732,T,NO,1,0,20,54.9,100.0,4,16.7,4,41.9,0,100.0,24,24,47.9,100.0,17,70.8,17
13,Graham Barton,122367,C,TB,1,1,30,51.5,100.0,12,50.0,12,66.3,1,100.0,24,24,78.5,100.0,8,33.3,8
13,Kelvin Banks Jr.,163839,T,NO,1,0,20,46.4,100.0,4,16.7,4,54.8,0,100.0,24,24,61.7,100.0,17,70.8,17
13,John Simpson,41715,G,NYJ,1,0,22,33.7,100.0,13,56.5,13,48.9,0,100.0,23,23,74.0,100.0,7,30.4,7
13,Colston Loveland,158540,TE,CHI,1,0,6,56.2,100.0,3,13.0,3,60.5,0,100.0,23,23,62.0,100.0,18,78.3,18
13,Cade Otton,61071,TE,TB,1,0,30,57.2,100.0,11,47.8,11,59.1,0,100.0,23,23,60.6,100.0,8,34.8,8
13,Tre Harris,122676,WR,LAC,1,0,27,57.2,100.0,11,47.8,11,55.1,0,100.0,23,23,54.9,100.0,10,43.5,10
13,Tanor Bortolini,129915,C,IND,1,0,14,44.5,100.0,12,52.2,12,65.5,0,100.0,23,23,83.8,100.0,10,43.5,10
13,Olumuyiwa Fashanu,129777,T,NYJ,1,0,22,64.8,100.0,13,56.5,13,50.6,0,100.0,23,23,38.4,100.0,7,30.4,7
13,Xavier Legette,99197,WR,CAR,1,0,5,54.7,100.0,9,39.1,9,57.2,0,100.0,23,23,61.2,100.0,14,60.9,14
13,Quenton Nelson,12954,G,IND,1,0,14,51.0,100.0,12,52.2,12,76.2,0,100.0,23,23,91.6,100.0,10,43.5,10
13,Dak Prescott,10769,QB,DAL,1,0,9,60.0,100.0,6,26.1,6,60.0,0,88.5,23,26,60.0,100.0,15,65.2,15
13,Mitchell Tinsley,123470,WR,CIN,1,0,7,45.2,100.0,16,69.6,16,46.2,0,100.0,23,23,60.9,100.0,5,21.7,5
13,Nico Collins,61441,WR,HST,1,0,13,54.6,100.0,10,43.5,10,68.4,0,95.8,23,24,76.8,100.0,13,56.5,13
13,Drake Maye,143969,QB,NE,1,0,19,60.2,100.0,16,69.6,16,60.3,0,85.2,23,27,60.0,100.0,6,26.1,6
13,Trevor Lawrence,77632,QB,JAX,1,0,15,60.0,92.3,12,52.2,13,60.0,0,92.0,23,25,60.0,100.0,10,43.5,10
13,Matt Goncalves,99680,G,IND,1,0,14,58.2,100.0,12,52.2,12,71.0,0,100.0,23,23,71.1,100.0,10,43.5,10
13,Brenton Strange,101694,TE,JAX,1,0,15,59.2,100.0,9,39.1,9,64.1,0,100.0,23,23,65.2,100.0,10,43.5,10
13,Jon Runyan,36661,G,NYG,1,0,21,45.6,100.0,9,39.1,9,62.2,0,100.0,23,23,65.1,100.0,13,56.5,13
13,Romeo Doubs,84329,WR,GB,1,0,12,55.8,100.0,6,26.1,6,57.9,0,100.0,23,23,62.4,100.0,12,52.2,12
13,Joe Tippmann,101568,G,NYJ,1,0,22,85.1,100.0,13,56.5,13,68.1,0,100.0,23,23,58.0,100.0,7,30.4,7
13,Bernhard Raimann,77948,T,IND,1,0,14,55.2,100.0,12,52.2,12,60.4,0,100.0,23,23,66.0,100.0,10,43.5,10
13,Jauan Jennings,48027,WR,SF,1,0,28,53.8,100.0,4,17.4,4,50.9,0,100.0,23,23,56.9,100.0,17,73.9,17
13,Gabe Davis,55410,WR,BUF,1,0,4,88.0,100.0,12,52.2,12,76.3,0,100.0,23,23,58.5,100.0,9,39.1,9
13,Armand Membou,125008,T,NYJ,1,0,22,47.2,100.0,13,56.5,13,48.9,0,100.0,23,23,57.4,100.0,7,30.4,7
13,Greg Van Roten,7746,G,NYG,1,0,21,62.8,100.0,9,39.1,9,60.4,0,100.0,23,23,58.0,100.0,13,56.5,13
13,Cooper Kupp,11824,WR,SEA,1,0,29,55.1,100.0,13,56.5,13,68.7,1,100.0,23,23,84.0,100.0,8,34.8,8
13,Josh Myers,59992,C,NYJ,1,0,22,64.0,100.0,13,56.5,13,48.7,0,100.0,23,23,47.7,100.0,7,30.4,7
13,Braden Smith,46794,T,IND,1,0,14,47.0,100.0,12,52.2,12,54.3,0,100.0,23,23,65.8,100.0,10,43.5,10
13,Warren McClendon Jr.,99081,T,LA,1,0,26,73.7,100.0,11,50.0,11,82.4,0,100.0,22,22,79.1,100.0,10,45.5,10
13,Mack Hollins,11873,WR,NE,1,0,19,56.2,100.0,14,63.6,14,54.4,0,100.0,22,22,56.2,100.0,6,27.3,6
13,Jermaine Eluemunor,11914,T,NYG,1,0,21,50.4,100.0,9,40.9,9,53.5,0,100.0,22,22,59.4,100.0,13,59.1,13
13,Julian Hill,88685,TE,MIA,1,0,17,55.6,100.0,7,31.8,7,57.1,0,100.0,22,22,70.9,100.0,13,59.1,13
13,Andrew Thomas,59701,T,NYG,1,0,21,70.3,100.0,9,40.9,9,87.8,0,100.0,22,22,88.0,100.0,13,59.1,13
13,Jaxson Dart,146409,QB,NYG,1,0,21,60.0,100.0,9,40.9,9,60.3,0,100.0,22,22,60.0,100.0,13,59.1,13
13,Wan'Dale Robinson,101735,WR,NYG,1,0,21,61.9,100.0,9,40.9,9,63.1,0,100.0,22,22,62.0,100.0,13,59.1,13
13,Coleman Shelton,39316,C,LA,1,0,26,74.2,100.0,11,50.0,11,76.5,0,100.0,22,22,69.1,100.0,10,45.5,10
13,Daniel Jones,39395,QB,IND,1,0,14,60.0,100.0,12,54.5,12,60.0,0,95.7,22,23,60.0,90.0,9,40.9,10
13,Alaric Jackson,40972,T,LA,1,0,26,64.6,100.0,11,50.0,11,59.6,0,100.0,22,22,54.8,100.0,10,45.5,10
13,Teven Jenkins,41534,G,CLV,1,0,8,74.5,100.0,6,27.3,6,67.5,0,100.0,22,22,72.1,100.0,11,50.0,11
13,Steve Avila,77319,G,LA,1,0,26,90.0,100.0,11,50.0,11,86.1,0,100.0,22,22,67.9,100.0,10,45.5,10
13,Khalil Shakir,84140,WR,BUF,1,0,4,88.6,100.0,11,50.0,11,91.1,0,100.0,22,22,86.9,100.0,10,45.5,10
13,Kevin Dotson,46735,G,LA,1,0,26,64.3,100.0,11,50.0,11,69.6,0,100.0,22,22,69.3,100.0,10,45.5,10
13,Quentin Johnston,123085,WR,LAC,1,0,27,59.4,100.0,9,40.9,9,61.3,0,100.0,22,22,62.3,100.0,13,59.1,13
13,John Michael Schmitz Jr.,55238,C,NYG,1,0,21,48.7,100.0,9,40.9,9,54.2,0,100.0,22,22,69.8,100.0,13,59.1,13
13,Quinn Meinerz,112915,G,DEN,1,0,10,89.6,100.0,14,66.7,14,94.5,0,100.0,21,21,90.1,100.0,5,23.8,5
13,Baker Mayfield,46518,QB,TB,1,0,30,60.0,100.0,12,57.1,12,60.0,0,87.5,21,24,60.0,100.0,8,38.1,8
13,Mike McGlinchey,46275,T,DEN,1,0,10,75.2,100.0,14,66.7,14,85.4,0,100.0,21,21,73.6,100.0,5,23.8,5
13,Tyrod Taylor,6332,QB,NYJ,1,0,22,60.0,100.0,13,61.9,13,60.0,0,91.3,21,23,60.0,100.0,7,33.3,7
13,Alex Palczewski,59738,G,DEN,1,0,10,73.1,100.0,14,66.7,14,68.9,0,100.0,21,21,57.8,100.0,5,23.8,5
13,Luke Wattenberg,41024,C,DEN,1,0,10,65.5,100.0,14,66.7,14,69.0,0,100.0,21,21,68.4,100.0,5,23.8,5
13,Alec Pierce,78038,WR,IND,1,0,14,60.7,100.0,10,47.6,10,61.6,0,100.0,21,21,61.9,100.0,10,47.6,10
13,Matthew Stafford,4924,QB,LA,1,0,26,60.0,100.0,11,52.4,11,60.0,0,95.5,21,22,60.0,100.0,10,47.6,10
13,Bo Nix,97790,QB,DEN,1,0,10,60.0,100.0,14,66.7,14,60.0,0,100.0,21,21,60.0,100.0,5,23.8,5
13,Luke Musgrave,98499,TE,GB,1,0,12,50.3,100.0,7,33.3,7,54.1,0,100.0,21,21,60.2,100.0,10,47.6,10
13,Garett Bolles,11775,T,DEN,1,0,10,72.3,100.0,14,66.7,14,84.7,0,100.0,21,21,90.2,100.0,5,23.8,5
13,Isaiah Hodgins,52130,WR,NYG,1,0,21,59.3,100.0,8,40.0,8,57.4,0,100.0,20,20,56.9,100.0,12,60.0,12
13,Kayshon Boutte,124087,WR,NE,1,0,19,61.2,100.0,14,70.0,14,76.3,0,100.0,20,20,85.1,100.0,4,20.0,4
13,Tyler Shough,83537,QB,NO,1,0,20,60.0,100.0,3,15.0,3,60.0,0,87.0,20,23,60.0,94.1,16,80.0,17
13,Cade Stover,101486,TE,HST,1,0,13,56.2,100.0,13,65.0,13,64.5,0,83.3,20,24,74.8,100.0,7,35.0,7
13,Roger Rosengarten,131912,T,BLT,1,0,3,70.2,100.0,6,30.0,6,73.4,0,100.0,20,20,60.9,100.0,12,60.0,12
13,Creed Humphrey,59996,C,KC,1,0,16,58.0,100.0,5,25.0,5,73.9,0,100.0,20,20,71.8,100.0,14,70.0,14
13,John Metchie III,97400,WR,NYJ,1,0,22,50.1,100.0,12,60.0,12,37.9,1,95.2,20,21,38.8,100.0,6,30.0,6
13,Keon Coleman,144949,WR,BUF,1,0,4,61.7,100.0,9,45.0,9,62.1,0,100.0,20,20,61.0,100.0,11,55.0,11
13,Kingsley Suamataia,146558,G,KC,1,0,16,44.4,100.0,5,25.0,5,54.0,0,100.0,20,20,63.0,100.0,14,70.0,14
13,Mike Caliendo,41446,G,KC,1,0,16,48.4,100.0,5,25.0,5,59.8,0,100.0,20,20,67.4,100.0,14,70.0,14
13,Patrick Mahomes,11765,QB,KC,1,0,16,60.0,100.0,5,25.0,5,60.2,0,100.0,20,20,60.0,100.0,14,70.0,14
13,Devaughn Vele,100637,WR,NO,1,0,20,59.7,100.0,3,15.0,3,60.3,0,100.0,20,20,61.6,100.0,15,75.0,15
13,Drew Sample,47259,TE,CIN,1,0,7,65.5,100.0,13,65.0,13,55.4,0,100.0,20,20,56.7,100.0,5,25.0,5
13,Daniel Faalele,81734,G,BLT,1,0,3,65.2,100.0,6,30.0,6,75.0,0,100.0,20,20,75.0,100.0,12,60.0,12
13,Tucker Fisk,52286,TE,LAC,1,0,27,65.6,100.0,10,52.6,10,58.3,0,100.0,19,19,50.0,100.0,7,36.8,7
13,Xavier Hutchinson,122518,WR,HST,1,1,13,44.8,100.0,8,42.1,8,47.9,1,100.0,19,19,60.2,100.0,10,52.6,10
13,Ronnie Stanley,10640,T,BLT,1,0,3,56.0,100.0,6,31.6,6,53.5,0,100.0,19,19,54.4,100.0,11,57.9,11
13,Jayden Higgins,150240,WR,HST,1,0,13,72.3,100.0,7,36.8,7,69.4,1,100.0,19,19,61.2,100.0,8,42.1,8
13,Noah Fant,42388,TE,CIN,1,0,7,55.2,100.0,13,68.4,13,55.7,1,100.0,19,19,59.7,100.0,5,26.3,5
13,Malachi Corley,66272,WR,CLV,1,0,8,59.2,100.0,3,15.8,3,55.8,0,95.0,19,20,56.1,100.0,15,78.9,15
13,Josh Simmons,88924,T,KC,1,0,16,46.9,100.0,5,27.8,5,33.9,0,100.0,18,18,36.5,100.0,12,66.7,12
13,Zay Flowers,97268,WR,BLT,1,0,3,60.5,100.0,5,27.8,5,83.9,0,100.0,18,18,60.5,100.0,12,66.7,12
13,Travis Kelce,7844,TE,KC,1,0,16,58.6,100.0,5,27.8,5,35.8,0,100.0,18,18,48.8,100.0,12,66.7,12
13,Andrus Peat,9446,T,PIT,1,0,25,57.6,100.0,5,27.8,5,52.9,0,100.0,18,18,65.3,100.0,11,61.1,11
13,Luther Burden III,157170,WR,CHI,1,0,6,60.0,100.0,2,11.1,2,53.3,0,94.7,18,19,54.3,100.0,13,72.2,13
13,David Njoku,11784,TE,CLV,1,0,8,56.7,100.0,5,27.8,5,56.2,0,100.0,18,18,58.6,100.0,9,50.0,9
13,Brian Thomas Jr.,146760,WR,JAX,1,0,15,59.6,100.0,11,61.1,11,78.0,0,100.0,18,18,60.8,100.0,7,38.9,7
13,Brock Bowers,146715,TE,LV,1,0,23,44.7,100.0,6,33.3,6,48.8,0,100.0,18,18,55.8,100.0,11,61.1,11
13,Michael Pittman Jr.,29049,WR,IND,1,0,14,60.6,100.0,9,50.0,9,60.7,0,100.0,18,18,60.4,100.0,9,50.0,9
13,Stone Forsythe,41795,T,LV,1,0,23,47.7,100.0,6,33.3,6,39.5,0,100.0,18,18,43.2,100.0,11,61.1,11
13,Theo Johnson,129787,TE,NYG,1,0,21,59.7,100.0,8,44.4,8,63.2,0,100.0,18,18,65.5,100.0,10,55.6,10
13,Dalton Schultz,47304,TE,HST,1,0,13,65.1,100.0,5,27.8,5,65.4,0,100.0,18,18,57.6,100.0,12,66.7,12
13,DJ Glaze,129511,T,LV,1,0,23,69.0,100.0,6,33.3,6,57.0,0,100.0,18,18,49.1,100.0,11,61.1,11
13,Zach Frazier,123419,C,PIT,1,0,25,51.2,100.0,5,27.8,5,47.3,0,100.0,18,18,62.1,100.0,11,61.1,11
13,Dylan Parham,60953,G,LV,1,0,23,56.2,100.0,6,33.3,6,65.6,0,100.0,18,18,69.6,100.0,11,61.1,11
13,Adam Trautman,109795,TE,DEN,1,0,10,83.3,100.0,13,72.2,13,67.8,0,100.0,18,18,60.1,100.0,3,16.7,3
13,Alex Cappa,66578,C,LV,1,0,23,59.0,100.0,6,33.3,6,67.0,0,100.0,18,18,68.9,100.0,11,61.1,11
13,Mason McCormick,78326,G,PIT,1,0,25,48.4,100.0,5,27.8,5,51.6,0,100.0,18,18,58.1,100.0,11,61.1,11
13,Troy Fautanu,100521,T,PIT,1,0,25,44.4,100.0,5,27.8,5,48.9,0,100.0,18,18,57.3,100.0,11,61.1,11
13,Spencer Burford,81920,G,SF,1,0,28,64.4,100.0,4,22.2,4,60.9,0,100.0,18,18,48.1,100.0,11,61.1,11
13,Chris Olave,84355,WR,NO,1,0,20,60.0,100.0,2,11.1,2,60.8,0,100.0,18,18,60.8,100.0,15,83.3,15
13,Nick Kallerup,101679,TE,SEA,1,0,29,47.5,100.0,8,47.1,8,51.7,0,100.0,17,17,60.1,100.0,8,47.1,8
13,Lamar Jackson,46416,QB,BLT,1,0,3,60.0,83.3,5,29.4,6,60.0,0,85.0,17,20,60.0,91.7,11,64.7,12
13,Blake Brandel,46282,C,MIN,1,0,18,69.7,100.0,9,52.9,9,61.0,1,100.0,17,17,65.4,100.0,7,41.2,7
13,Tre Tucker,101106,WR,LV,1,0,23,59.9,100.0,5,29.4,5,61.4,0,100.0,17,17,61.5,100.0,11,64.7,11
13,Wyatt Milum,144785,G,JAX,1,0,15,65.9,100.0,7,41.2,7,52.0,0,100.0,17,17,30.4,100.0,5,29.4,5
13,Cedric Tillman,84434,WR,CLV,1,0,8,60.0,100.0,4,23.5,4,30.5,0,100.0,17,17,55.3,100.0,12,70.6,12
13,Will Fries,41530,G,MIN,1,0,18,55.7,100.0,9,52.9,9,46.0,0,100.0,17,17,56.1,100.0,7,41.2,7
13,Treylon Burks,99218,WR,WAS,1,0,32,50.4,100.0,11,64.7,11,51.8,0,100.0,17,17,60.6,100.0,5,29.4,5
13,Mason Taylor,157122,TE,NYJ,1,0,22,55.7,100.0,9,52.9,9,67.9,0,100.0,17,17,80.3,100.0,7,41.2,7
13,Justin Skule,38951,T,MIN,1,0,18,50.3,100.0,9,52.9,9,43.2,0,100.0,17,17,45.3,100.0,7,41.2,7
13,Mason Tipton,109617,WR,NO,1,0,20,60.0,100.0,2,11.8,2,55.5,0,94.4,17,18,55.3,100.0,14,82.4,14
13,Foster Moreau,47043,TE,NO,1,0,20,56.4,100.0,4,23.5,4,63.9,0,100.0,17,17,67.1,100.0,11,64.7,11
13,Keenan Allen,7857,WR,LAC,1,0,27,57.9,100.0,9,52.9,9,58.9,0,100.0,17,17,60.9,100.0,8,47.1,8
13,Davante Adams,8688,WR,LA,1,0,26,62.1,100.0,8,47.1,8,62.6,0,100.0,17,17,60.5,100.0,8,47.1,8
13,Cam Jurgens,84014,C,PHI,1,0,24,59.8,100.0,2,11.8,2,71.6,0,100.0,17,17,74.8,100.0,13,76.5,13
13,Xavier Worthy,144718,WR,KC,1,0,16,60.0,75.0,3,17.6,4,62.2,0,89.5,17,19,61.6,100.0,14,82.4,14
13,Landon Dickerson,41712,G,PHI,1,0,24,64.5,100.0,2,11.8,2,67.1,0,100.0,17,17,62.6,100.0,13,76.5,13
13,Jordan Mailata,66916,T,PHI,1,0,24,60.0,100.0,2,11.8,2,41.4,0,100.0,17,17,39.7,100.0,13,76.5,13
13,Fred Johnson,46951,T,PHI,1,0,24,56.9,100.0,2,11.8,2,64.3,0,100.0,17,17,67.2,100.0,13,76.5,13
13,Tyler Steen,81921,G,PHI,1,0,24,58.2,100.0,2,11.8,2,80.2,0,100.0,17,17,85.9,100.0,13,76.5,13
13,Brian O'Neill,46854,T,MIN,1,0,18,67.3,100.0,9,52.9,9,65.8,1,100.0,17,17,60.6,100.0,7,41.2,7
13,Tyler Linderbaum,82291,C,BLT,1,0,3,50.5,100.0,6,35.3,6,57.5,0,100.0,17,17,57.3,100.0,9,52.9,9
13,Tyler Warren,129798,TE,IND,1,0,14,50.1,100.0,8,47.1,8,46.3,0,94.4,17,18,50.3,100.0,9,52.9,9
13,Christian Kirk,47546,WR,HST,1,0,13,58.1,100.0,5,29.4,5,57.2,0,100.0,17,17,58.8,100.0,11,64.7,11
13,Jalen Coker,143068,WR,CAR,1,0,5,60.6,100.0,4,25.0,4,60.4,0,100.0,16,16,59.9,100.0,12,75.0,12
13,Jack Conklin,10642,T,CLV,1,0,8,43.5,100.0,6,37.5,6,54.7,0,100.0,16,16,67.1,100.0,8,50.0,8
13,Durham Smythe,47257,TE,CHI,1,0,6,60.0,100.0,3,18.8,3,48.3,0,100.0,16,16,48.3,100.0,11,68.8,11
13,Hunter Henry,10669,TE,NE,1,0,19,56.5,100.0,8,50.0,8,57.9,0,100.0,16,16,60.6,100.0,5,31.3,5
13,Emeka Egbuka,145055,WR,TB,1,0,30,59.5,100.0,7,43.8,7,51.9,0,100.0,16,16,49.6,100.0,8,50.0,8
13,Isaiah Adams,158192,G,ARZ,1,0,1,82.5,100.0,9,56.3,9,73.7,0,100.0,16,16,56.1,100.0,7,43.8,7
13,Tom Kennedy,94379,WR,DET,1,0,11,59.3,100.0,9,56.3,9,53.9,0,100.0,16,16,53.0,100.0,6,37.5,6
13,Jacoby Brissett,10725,QB,ARZ,1,0,1,60.0,100.0,9,56.3,9,60.0,0,100.0,16,16,60.0,100.0,7,43.8,7
13,Scott Matlock,82482,FB,LAC,1,0,27,60.0,100.0,8,50.0,8,49.3,0,100.0,16,16,48.5,100.0,6,37.5,6
13,Jaylin Lane,121811,WR,WAS,1,0,32,59.2,100.0,11,68.8,11,58.4,0,100.0,16,16,60.0,100.0,1,6.3,1
13,Colby Parkinson,52266,TE,LA,1,0,26,65.1,100.0,9,56.3,9,66.8,0,100.0,16,16,64.7,100.0,7,43.8,7
13,DeVonta Smith,61100,WR,PHI,1,0,24,60.0,100.0,2,12.5,2,59.8,0,100.0,16,16,60.4,100.0,13,81.3,13
13,Isaac Seumalo,10713,G,PIT,1,0,25,90.7,100.0,5,31.3,5,93.0,0,100.0,16,16,86.7,100.0,9,56.3,9
13,Kelvin Beachum,7229,T,ARZ,1,0,1,65.5,100.0,9,56.3,9,70.8,0,100.0,16,16,69.7,100.0,7,43.8,7
13,Hjalte Froholdt,44959,C,ARZ,1,0,1,69.2,100.0,9,56.3,9,59.3,0,100.0,16,16,49.4,100.0,7,43.8,7
13,CeeDee Lamb,61570,WR,DAL,1,0,9,54.7,100.0,3,18.8,3,56.4,0,100.0,16,16,61.1,100.0,12,75.0,12
13,Geno Smith,7820,QB,LV,1,0,23,60.0,83.3,5,31.3,6,60.0,0,88.9,16,18,60.0,100.0,11,68.8,11
13,Malik Washington,97108,WR,MIA,1,0,17,60.5,100.0,4,25.0,4,62.6,0,100.0,16,16,61.9,100.0,10,62.5,10
13,A.J. Brown,48327,WR,PHI,1,0,24,60.0,100.0,2,12.5,2,59.6,0,100.0,16,16,59.4,100.0,13,81.3,13
13,Paris Johnson Jr.,129749,T,ARZ,1,0,1,55.0,100.0,9,56.3,9,62.5,0,100.0,16,16,48.4,100.0,7,43.8,7
13,Rashee Rice,97605,WR,KC,1,0,16,53.2,75.0,3,18.8,4,70.4,0,94.1,16,17,56.4,100.0,12,75.0,12
13,Max Brosmer,105568,QB,MIN,1,0,18,60.0,100.0,9,56.3,9,60.0,0,94.1,16,17,60.0,100.0,7,43.8,7
13,KT Leveston,77487,T,CLV,1,0,8,58.8,100.0,2,12.5,2,66.1,0,100.0,16,16,67.9,100.0,11,68.8,11
13,Courtland Sutton,48164,WR,DEN,1,0,10,49.8,100.0,10,62.5,10,51.2,0,100.0,16,16,60.1,100.0,4,25.0,4
13,Ja'Tavion Sanders,144717,TE,CAR,1,0,5,59.9,100.0,5,31.3,5,64.7,1,100.0,16,16,66.0,100.0,11,68.8,11
13,Evan Brown,38709,G,ARZ,1,0,1,64.5,100.0,9,56.3,9,56.0,0,100.0,16,16,62.4,100.0,7,43.8,7
13,Chris Godwin,11839,WR,TB,1,0,30,73.2,100.0,8,53.3,8,63.6,0,100.0,15,15,48.7,100.0,6,40.0,6
13,Adonai Mitchell,146712,WR,NYJ,1,0,22,59.4,100.0,8,53.3,8,59.2,0,100.0,15,15,60.7,100.0,5,33.3,5
13,Justin Jefferson,61398,WR,MIN,1,0,18,61.7,100.0,7,46.7,7,57.4,0,100.0,15,15,54.8,100.0,7,46.7,7
13,Austin Hooper,10715,TE,NE,1,0,19,49.6,100.0,9,60.0,9,50.6,0,100.0,15,15,60.0,100.0,1,6.7,1
13,Christian Watson,66581,WR,GB,1,0,12,59.9,100.0,4,26.7,4,58.7,0,93.8,15,16,59.3,100.0,10,66.7,10
13,Daniel Bellinger,84041,TE,NYG,1,0,21,59.2,100.0,7,46.7,7,54.5,0,100.0,15,15,51.8,100.0,7,46.7,7
13,Brycen Tremayne,84425,WR,CAR,1,0,5,59.2,100.0,5,33.3,5,58.4,0,100.0,15,15,58.0,100.0,7,46.7,7
13,Austin Trammell,52195,WR,JAX,1,0,15,58.8,100.0,7,46.7,7,58.2,0,100.0,15,15,59.4,100.0,3,20.0,3
13,Olamide Zaccheaus,44920,WR,CHI,1,0,6,58.9,100.0,5,33.3,5,57.5,0,100.0,15,15,58.1,100.0,9,60.0,9
13,D.K. Metcalf,47864,WR,PIT,1,0,25,59.5,100.0,4,26.7,4,58.1,1,100.0,15,15,58.9,100.0,9,60.0,9
13,Deebo Samuel,48274,WR,WAS,1,0,32,59.5,80.0,8,57.1,10,59.7,0,87.5,14,16,60.0,100.0,4,28.6,4
13,Jordan Whittington,97623,WR,LA,1,0,26,77.3,100.0,6,42.9,6,81.7,0,100.0,14,14,94.7,100.0,8,57.1,8
13,Jeremy Ruckert,84029,TE,NYJ,1,0,22,49.6,100.0,9,64.3,9,56.5,0,100.0,14,14,77.1,100.0,2,14.3,2
13,Tez Johnson,123709,WR,TB,1,0,30,60.3,100.0,9,64.3,9,61.1,0,100.0,14,14,60.9,100.0,5,35.7,5
13,Michael Wilson,84423,WR,ARZ,1,0,1,58.9,100.0,9,64.3,9,38.7,0,100.0,14,14,60.8,100.0,5,35.7,5
13,Rashod Bateman,84296,WR,BLT,1,0,3,60.0,100.0,5,35.7,5,60.6,0,100.0,14,14,60.3,100.0,8,57.1,8
13,Kyle Juszczyk,7912,FB,SF,1,0,28,58.9,100.0,2,14.3,2,50.7,0,100.0,14,14,50.6,100.0,11,78.6,11
13,Jordan Addison,123000,WR,MIN,1,0,18,60.2,100.0,6,42.9,6,61.9,0,100.0,14,14,61.7,100.0,7,50.0,7
13,Ben Bartch,84236,G,SF,1,0,28,56.2,100.0,2,14.3,2,58.4,0,100.0,14,14,61.8,100.0,10,71.4,10
13,Dallas Goedert,47272,TE,PHI,1,0,24,59.0,100.0,1,7.1,1,55.7,0,100.0,14,14,57.8,100.0,11,78.6,11
13,Payne Durham,84037,TE,TB,1,0,30,44.6,100.0,8,57.1,8,61.3,1,100.0,14,14,70.4,100.0,3,21.4,3
13,Corey Levin,11972,C,TEN,1,0,31,75.6,100.0,4,30.8,4,67.6,0,100.0,13,13,53.9,100.0,8,61.5,8
13,Kevin Zeitler,7032,G,TEN,1,0,31,68.2,100.0,4,30.8,4,77.6,0,100.0,13,13,74.6,100.0,8,61.5,8
13,Peter Skoronski,129737,G,TEN,1,0,31,79.2,100.0,4,30.8,4,70.5,0,100.0,13,13,55.1,100.0,8,61.5,8
13,Dan Moore Jr.,60120,T,TEN,1,0,31,55.7,100.0,4,30.8,4,51.7,0,100.0,13,13,53.8,100.0,8,61.5,8
13,Mark Andrews,47436,TE,BLT,1,0,3,46.8,100.0,4,30.8,4,69.5,0,100.0,13,13,86.2,100.0,8,61.5,8
13,Andrew Vorhees,60818,G,BLT,1,0,3,67.6,100.0,3,23.1,3,57.9,0,100.0,13,13,50.7,100.0,8,61.5,8
13,Josh Oliver,47083,TE,MIN,1,0,18,70.0,100.0,9,69.2,9,69.3,0,100.0,13,13,60.3,100.0,3,23.1,3
13,Jake Ferguson,61081,TE,DAL,1,0,9,58.5,100.0,5,38.5,5,57.2,0,100.0,13,13,60.0,100.0,6,46.2,6
13,Cam Ward,133244,QB,TEN,1,0,31,60.0,100.0,4,30.8,4,60.0,0,100.0,13,13,60.0,100.0,8,61.5,8
13,Aaron Rodgers,2241,QB,PIT,1,0,25,60.0,100.0,5,38.5,5,60.0,0,92.9,13,14,60.0,100.0,7,53.8,7
13,Jawaan Taylor,41665,T,KC,1,0,16,59.1,100.0,5,38.5,5,63.8,0,100.0,13,13,54.9,100.0,7,53.8,7
13,Elijah Arroyo,143933,TE,SEA,1,0,29,65.2,100.0,6,46.2,6,64.8,0,100.0,13,13,59.4,100.0,6,46.2,6
13,Jalen Hurts,40291,QB,PHI,1,0,24,60.0,50.0,1,7.7,2,60.0,0,76.5,13,17,60.0,92.3,12,92.3,13
13,Daniel Brunskill,34807,G,MIA,1,0,17,49.3,100.0,7,53.8,7,51.2,0,100.0,13,13,57.8,100.0,6,46.2,6
13,JC Latham,146596,T,TEN,1,0,31,71.2,100.0,4,30.8,4,75.3,0,100.0,13,13,70.9,100.0,8,61.5,8
13,Darius Slayton,25578,WR,NYG,1,0,21,60.0,100.0,4,30.8,4,61.8,0,100.0,13,13,61.2,100.0,9,69.2,9
13,George Pickens,99229,WR,DAL,1,0,9,60.0,100.0,1,7.7,1,58.9,0,100.0,13,13,59.6,100.0,10,76.9,10
13,Demarcus Robinson,10760,WR,SF,1,0,28,60.0,100.0,3,23.1,3,59.6,0,92.9,13,14,59.9,100.0,6,46.2,6
13,Chris Moore,10741,WR,WAS,1,0,32,61.3,100.0,9,69.2,9,61.9,0,100.0,13,13,60.0,100.0,3,23.1,3
13,Brevyn Spann-Ford,84006,TE,DAL,1,0,9,50.8,100.0,1,7.7,1,47.0,0,100.0,13,13,60.7,100.0,8,61.5,8
13,Zach Ertz,7816,TE,WAS,1,0,32,54.2,100.0,5,38.5,5,45.5,0,100.0,13,13,47.0,100.0,6,46.2,6
13,Darnell Washington,124044,TE,PIT,1,0,25,51.2,100.0,3,23.1,3,69.2,0,100.0,13,13,82.8,100.0,8,61.5,8
13,Mo Alie-Cox,12078,TE,IND,1,0,14,58.0,100.0,9,75.0,9,58.2,0,100.0,12,12,60.2,100.0,2,16.7,2
13,Puka Nacua,100632,WR,LA,1,0,26,73.2,100.0,4,33.3,4,74.3,0,100.0,12,12,60.0,100.0,8,66.7,8
13,Trey McBride,75916,TE,ARZ,1,0,1,48.0,100.0,7,58.3,7,41.9,0,100.0,12,12,46.9,100.0,5,41.7,5
13,Juwan Johnson,28305,TE,NO,1,0,20,58.2,100.0,2,16.7,2,56.3,0,100.0,12,12,59.5,100.0,7,58.3,7
13,Walker Little,52287,T,JAX,1,0,15,70.4,100.0,6,50.0,6,63.7,0,100.0,12,12,55.2,100.0,6,50.0,6
13,Ian Thomas,42130,TE,LV,1,0,23,59.4,100.0,3,25.0,3,52.1,0,100.0,12,12,50.6,100.0,8,66.7,8
13,Atonio Mafi,82449,G,LV,1,0,23,65.8,100.0,4,36.4,4,50.7,0,100.0,11,11,43.1,100.0,6,54.5,6
13,Luke Schoonmaker,84005,TE,DAL,1,0,9,60.0,100.0,2,18.2,2,60.3,0,100.0,11,11,59.8,100.0,6,54.5,6
13,Kendrick Bourne,12270,WR,SF,1,0,28,59.9,100.0,2,18.2,2,59.9,0,100.0,11,11,60.0,100.0,6,54.5,6
13,Elic Ayomanor,157263,WR,TEN,1,0,31,60.4,100.0,4,36.4,4,60.5,0,100.0,11,11,60.1,100.0,6,54.5,6
13,Pat Bryant,144800,WR,DEN,1,0,10,60.0,100.0,6,54.5,6,74.3,0,100.0,11,11,59.1,100.0,4,36.4,4
13,Christian Haynes,77339,G,SEA,1,0,29,58.3,100.0,4,36.4,4,43.4,0,100.0,11,11,41.6,100.0,6,54.5,6
13,Luke Farrell,42353,TE,SF,1,0,28,57.0,100.0,2,18.2,2,56.2,0,100.0,11,11,58.2,100.0,7,63.6,7
13,Rashid Shaheed,63707,WR,SEA,1,0,29,60.8,85.7,6,54.5,7,61.2,0,91.7,11,12,60.3,100.0,5,45.5,5
13,Jalen Tolbert,61637,WR,DAL,1,0,9,53.4,100.0,4,36.4,4,55.1,0,100.0,11,11,59.9,100.0,4,36.4,4
13,Darian Kinnard,51789,T,GB,1,0,12,59.1,100.0,5,45.5,5,53.9,0,100.0,11,11,52.4,100.0,5,45.5,5
13,Wyatt Teller,46131,G,CLV,1,0,8,59.4,100.0,2,18.2,2,78.6,0,100.0,11,11,82.6,100.0,8,72.7,8
13,Blake Fisher,147479,T,HST,1,0,13,66.4,100.0,5,45.5,5,65.5,0,100.0,11,11,60.1,100.0,2,18.2,2
13,Jack Bech,146771,WR,LV,1,0,23,60.0,100.0,5,45.5,5,53.3,0,100.0,11,11,53.0,100.0,6,54.5,6
13,Jonnu Smith,11855,TE,PIT,1,0,25,51.3,100.0,2,20.0,2,40.8,0,100.0,10,10,49.5,100.0,6,60.0,6
13,Josh Whyle,54037,TE,GB,1,0,12,56.8,100.0,2,20.0,2,63.8,0,100.0,10,10,69.0,100.0,5,50.0,5
13,Cody White,61448,WR,SEA,1,0,29,58.9,100.0,2,20.0,2,57.4,0,100.0,10,10,58.9,100.0,6,60.0,6
13,Greg Dulcich,84068,TE,MIA,1,0,17,90.6,100.0,3,30.0,3,89.6,0,100.0,10,10,59.3,100.0,5,50.0,5
13,Grant Calcaterra,60997,TE,PHI,1,0,24,59.3,100.0,2,20.0,2,61.2,0,100.0,10,10,62.3,100.0,7,70.0,7
13,Ryan Kelly,10652,C,MIN,1,0,18,68.8,100.0,5,50.0,5,64.3,0,100.0,10,10,55.7,100.0,4,40.0,4
13,Alec Ingold,34934,FB,MIA,1,0,17,68.8,100.0,2,20.0,2,76.5,0,100.0,10,10,67.0,100.0,8,80.0,8
13,Josh Downs,122832,WR,IND,1,0,14,60.2,100.0,4,40.0,4,60.3,0,100.0,10,10,60.1,100.0,6,60.0,6
13,Terrance Ferguson,146563,TE,LA,1,0,26,59.7,100.0,5,50.0,5,71.9,0,100.0,10,10,73.6,100.0,4,40.0,4
13,Dan Skipper,12307,T,DET,1,0,11,59.8,100.0,3,30.0,3,57.2,1,100.0,10,10,57.0,100.0,7,70.0,7
13,Jalen Nailor,84292,WR,MIN,1,0,18,86.4,100.0,6,60.0,6,35.7,0,100.0,10,10,59.3,100.0,4,40.0,4
13,Parker Washington,129799,WR,JAX,1,0,15,54.3,100.0,4,40.0,4,54.4,0,100.0,10,10,59.5,100.0,6,60.0,6
13,Frank Crum,75860,T,DEN,1,0,10,67.8,100.0,7,77.8,7,64.7,0,100.0,9,9,59.0,100.0,1,11.1,1
13,Johnny Mundt,12206,TE,JAX,1,0,15,59.8,100.0,3,33.3,3,59.3,0,100.0,9,9,60.0,100.0,2,22.2,2
13,Lil'Jordan Humphrey,42247,WR,DEN,1,0,10,59.8,100.0,6,66.7,6,60.6,0,100.0,9,9,60.0,100.0,3,33.3,3
13,Jaylon Moore,43678,T,KC,1,0,16,60.0,100.0,1,11.1,1,49.7,0,100.0,9,9,58.0,100.0,8,88.9,8
13,Terry McLaurin,48229,WR,WAS,1,0,32,60.5,100.0,7,77.8,7,34.9,0,100.0,9,9,,,0,0.0,0
13,Marquise Brown,61568,WR,KC,1,0,16,60.0,100.0,1,11.1,1,61.2,0,100.0,9,9,61.9,100.0,7,77.8,7
13,Hunter Luepke,91319,FB,DAL,1,0,9,60.0,100.0,1,11.1,1,58.2,0,100.0,9,9,58.4,100.0,5,55.6,5
13,Davis Allen,99697,TE,LA,1,0,26,69.3,100.0,5,55.6,5,69.0,0,100.0,9,9,59.3,100.0,3,33.3,3
13,Xavier Weaver,101130,WR,ARZ,1,0,1,53.4,100.0,3,33.3,3,32.5,0,100.0,9,9,60.0,100.0,6,66.7,6
13,Demario Douglas,104155,WR,NE,1,0,19,47.9,100.0,7,77.8,7,47.8,0,100.0,9,9,60.0,100.0,1,11.1,1
13,Ben Sinnott,122616,TE,WAS,1,0,32,57.5,100.0,7,77.8,7,45.3,0,100.0,9,9,,,0,0.0,0
13,Robbie Ouzts,146594,FB,SEA,1,0,29,50.7,100.0,2,22.2,2,47.3,0,100.0,9,9,57.6,100.0,5,55.6,5
13,Adam Prentice,35639,FB,DEN,1,0,10,65.8,100.0,7,87.5,7,65.0,0,88.9,8,9,60.0,100.0,1,12.5,1
13,Gunnar Helm,144726,TE,TEN,1,0,31,49.3,100.0,4,50.0,4,51.6,0,100.0,8,8,59.9,100.0,4,50.0,4
13,Ryan Flournoy,159617,WR,DAL,1,0,9,54.7,100.0,4,50.0,4,55.2,0,100.0,8,8,60.6,100.0,4,50.0,4
13,Yosh Nijman,60822,T,CAR,1,0,5,59.4,100.0,2,25.0,2,59.7,0,100.0,8,8,60.5,100.0,6,75.0,6
13,Andrew Ogletree,138351,TE,IND,1,0,14,58.8,100.0,5,62.5,5,58.8,0,100.0,8,8,60.2,100.0,2,25.0,2
13,Van Jefferson,47447,WR,TEN,1,0,31,60.0,100.0,1,12.5,1,61.5,0,100.0,8,8,61.3,100.0,7,87.5,7
13,Marvin Harrison Jr.,145056,WR,ARZ,1,0,1,60.4,100.0,5,62.5,5,60.9,0,100.0,8,8,60.1,100.0,3,37.5,3
13,T.J. Hockenson,40912,TE,MIN,1,0,18,58.9,100.0,3,37.5,3,54.6,0,100.0,8,8,73.2,100.0,5,62.5,5
13,Pat Freiermuth,84085,TE,PIT,1,0,25,55.3,100.0,4,50.0,4,40.8,0,100.0,8,8,47.0,100.0,4,50.0,4
13,KaVontae Turpin,47658,WR,DAL,1,0,9,58.8,75.0,3,37.5,4,60.0,0,72.7,8,11,61.0,100.0,5,62.5,5
13,Isaiah Williams,97156,WR,NYJ,1,0,22,60.3,100.0,4,50.0,4,60.6,0,100.0,8,8,60.3,100.0,4,50.0,4
13,Patrick Ricard,48862,FB,BLT,1,0,3,68.7,100.0,4,57.1,4,67.1,0,100.0,7,7,59.3,100.0,2,28.6,2
13,Cedrick Wilson Jr.,48170,WR,MIA,1,0,17,59.4,100.0,3,42.9,3,83.4,0,100.0,7,7,85.5,100.0,4,57.1,4
13,Reggie Gilliam,40951,FB,BUF,1,0,4,59.3,100.0,3,42.9,3,57.8,0,100.0,7,7,58.0,100.0,4,57.1,4
13,Chigoziem Okonkwo,84000,TE,TEN,1,0,31,60.0,100.0,1,14.3,1,30.8,0,100.0,7,7,60.6,100.0,5,71.4,5
13,Emery Jones Jr.,157117,G,BLT,1,0,3,48.8,100.0,3,42.9,3,45.6,1,100.0,7,7,57.2,100.0,4,57.1,4
13,Quintin Morris,61182,TE,JAX,1,0,15,51.3,100.0,4,57.1,4,51.6,0,100.0,7,7,,,0,0.0,0
13,Brandin Cooks,8655,WR,BUF,1,0,4,60.0,100.0,1,14.3,1,60.6,0,100.0,7,7,60.7,100.0,5,71.4,5
13,Dontayvion Wicks,99711,WR,GB,1,0,12,54.2,100.0,4,57.1,4,55.8,0,100.0,7,7,60.7,100.0,3,42.9,3
13,Spencer Anderson,81719,G,PIT,1,0,25,,,0,0.0,0,81.3,0,100.0,7,7,81.3,100.0,7,100.0,7
13,Calvin Austin III,61418,WR,PIT,1,0,25,59.6,100.0,3,42.9,3,59.2,0,100.0,7,7,60.0,100.0,3,42.9,3
13,Michael Jurgens,77345,C,MIN,1,0,18,84.0,100.0,4,57.1,4,90.0,0,100.0,7,7,66.7,100.0,3,42.9,3
13,Konata Mumpfield,145598,WR,LA,1,0,26,60.5,100.0,4,57.1,4,60.5,0,100.0,7,7,59.7,100.0,2,28.6,2
13,Darren Waller,9637,TE,MIA,1,0,17,58.7,100.0,3,42.9,3,54.9,0,100.0,7,7,55.3,100.0,4,57.1,4
13,Zach Horton,148361,TE,DET,1,0,11,58.1,100.0,2,28.6,2,57.1,0,100.0,7,7,58.8,100.0,5,71.4,5
13,Caleb Rogers,123157,G,LV,1,0,23,60.2,100.0,2,28.6,2,68.6,0,100.0,7,7,68.8,100.0,5,71.4,5
13,Jahan Dotson,84375,WR,PHI,1,0,24,,,0,0.0,0,61.6,0,100.0,7,7,61.3,100.0,6,85.7,6
13,John FitzPatrick,83974,TE,GB,1,0,12,69.6,100.0,2,28.6,2,61.0,0,100.0,7,7,51.2,100.0,3,42.9,3
13,Roman Wilson,129604,WR,PIT,1,0,25,59.9,100.0,3,42.9,3,60.8,0,100.0,7,7,60.0,100.0,4,57.1,4
13,Jack Westover,84079,FB,NE,1,0,19,56.0,100.0,4,57.1,4,55.8,0,100.0,7,7,,,0,0.0,0
13,Andrew Beck,47121,FB,NYJ,1,0,22,71.5,100.0,4,57.1,4,79.3,0,100.0,7,7,67.8,100.0,2,28.6,2
13,Stefon Diggs,9579,WR,NE,1,0,19,59.7,100.0,4,57.1,4,60.2,0,100.0,7,7,60.3,100.0,3,42.9,3
13,Elijah Higgins,98027,TE,ARZ,1,0,1,68.9,100.0,3,50.0,3,67.4,0,100.0,6,6,60.1,100.0,3,50.0,3
13,Isaiah Likely,83955,TE,BLT,1,0,3,60.0,100.0,1,16.7,1,59.1,0,100.0,6,6,60.2,100.0,4,66.7,4
13,Jakob Johnson,32565,FB,HST,1,0,13,67.6,100.0,2,33.3,2,67.0,0,100.0,6,6,,,0,0.0,0
13,Greg Dortch,42237,WR,ARZ,1,0,1,54.8,100.0,3,50.0,3,53.8,0,100.0,6,6,60.1,100.0,3,50.0,3
13,Anthony Firkser,51837,TE,DET,1,0,11,60.1,100.0,3,50.0,3,47.5,0,100.0,6,6,44.9,100.0,3,50.0,3
13,C.J. Ham,11347,FB,MIN,1,0,18,57.7,100.0,3,50.0,3,54.9,0,100.0,6,6,57.1,100.0,2,33.3,2
13,Kameron Johnson,165866,WR,TB,1,0,30,60.2,100.0,3,50.0,3,60.0,0,100.0,6,6,,,0,0.0,0
13,JuJu Smith-Schuster,11817,WR,KC,1,0,16,57.8,100.0,2,33.3,2,57.8,0,100.0,6,6,59.7,100.0,4,66.7,4
13,Chimere Dike,129918,WR,TEN,1,0,31,,,0,0.0,0,59.9,0,85.7,6,7,59.9,100.0,6,100.0,6
13,Charlie Kolar,60917,TE,BLT,1,0,3,70.2,100.0,2,33.3,2,69.8,0,100.0,6,6,60.1,100.0,3,50.0,3
13,DeAndre Hopkins,7808,WR,BLT,1,0,3,60.0,100.0,2,33.3,2,61.0,0,100.0,6,6,60.6,100.0,4,66.7,4
13,Devontez Walker,145773,WR,BLT,1,0,3,60.0,100.0,1,16.7,1,61.1,0,100.0,6,6,60.4,100.0,4,66.7,4
13,Kyle Williams,128374,WR,NE,1,0,19,60.0,100.0,2,40.0,2,60.1,0,100.0,5,5,60.0,100.0,2,40.0,2
13,Thayer Munford Jr.,59994,T,NE,1,0,19,57.5,100.0,2,40.0,2,54.9,0,100.0,5,5,57.4,100.0,2,40.0,2
13,Bhayshul Tuten,150568,HB,JAX,1,0,15,,0.0,0,0.0,5,60.0,0,38.5,5,13,,0.0,0,0.0,3
13,Taysom Hill,12112,TE,NO,1,0,20,60.0,50.0,1,20.0,2,58.3,0,83.3,5,6,59.7,100.0,2,40.0,2
13,Bo Melton,61610,WR,GB,1,0,12,,,0,0.0,0,60.5,0,71.4,5,7,60.2,100.0,3,60.0,3
13,Trey Lance,91399,QB,LAC,1,0,27,60.0,100.0,2,40.0,2,60.0,0,62.5,5,8,60.0,75.0,3,60.0,4
13,Evan Engram,11778,TE,DEN,1,0,10,59.1,100.0,3,60.0,3,59.1,0,100.0,5,5,60.0,100.0,2,40.0,2
13,Chris Rodriguez Jr.,83689,HB,WAS,1,0,32,59.1,18.2,2,40.0,11,58.1,0,31.3,5,16,60.0,33.3,1,20.0,3
13,Allen Lazard,48135,WR,NYJ,1,0,22,60.3,100.0,3,60.0,3,31.2,0,100.0,5,5,60.0,100.0,1,20.0,1
13,Devin Neal,144558,HB,NO,1,0,20,60.0,50.0,1,20.0,2,60.0,0,26.3,5,19,60.0,7.1,1,20.0,14
13,Teagan Quitoriano,84036,TE,ATL,1,0,2,59.8,100.0,1,20.0,1,71.6,0,100.0,5,5,74.0,100.0,4,80.0,4
13,Jake Tonges,60864,TE,SF,1,0,28,67.6,100.0,2,40.0,2,69.0,0,100.0,5,5,60.0,100.0,1,20.0,1
13,Dont'e Thornton Jr.,146547,WR,LV,1,0,23,60.0,100.0,1,20.0,1,60.5,0,100.0,5,5,60.0,100.0,3,60.0,3
13,Laquon Treadwell,10657,WR,IND,1,0,14,59.3,100.0,3,60.0,3,59.6,0,100.0,5,5,60.0,100.0,2,40.0,2
13,Blake Whiteheart,77881,TE,CLV,1,0,8,60.0,100.0,2,40.0,2,55.8,0,100.0,5,5,60.0,100.0,1,20.0,1
13,Tyler Lockett,9502,WR,LV,1,0,23,60.0,100.0,3,60.0,3,59.7,0,100.0,5,5,60.0,100.0,2,40.0,2
13,David Martin-Robinson,77892,TE,TEN,1,0,31,70.3,100.0,3,60.0,3,68.9,0,100.0,5,5,59.9,100.0,2,40.0,2
13,Jeremy McNichols,11917,HB,WAS,1,0,32,59.4,28.6,2,40.0,7,66.0,0,45.5,5,11,,0.0,0,0.0,1
13,LaJohntay Wester,123616,WR,BLT,1,0,3,,,0,0.0,0,60.4,0,100.0,4,4,60.4,100.0,3,75.0,3
13,Ty Johnson,45769,HB,BUF,1,0,4,60.0,100.0,2,50.0,2,60.0,0,66.7,4,6,60.0,50.0,1,25.0,2
13,Saquon Barkley,45791,HB,PHI,1,0,24,60.0,50.0,1,25.0,2,60.0,0,23.5,4,17,60.0,7.7,1,25.0,13
13,Nick Westbrook-Ikhine,47861,WR,MIA,1,0,17,59.6,100.0,2,50.0,2,59.3,0,100.0,4,4,59.9,100.0,2,50.0,2
13,Josh Fryar,129746,T,ARZ,1,0,1,59.1,100.0,3,75.0,3,59.1,0,100.0,4,4,60.0,100.0,1,25.0,1
13,Mason Rudolph,46569,QB,PIT,1,0,25,,,0,0.0,0,60.0,0,100.0,4,4,60.0,100.0,4,100.0,4
13,Chris Brooks,83644,HB,GB,1,0,12,59.8,100.0,1,25.0,1,60.0,0,100.0,4,4,,,0,0.0,0
13,Trevor Etienne,157730,HB,CAR,1,0,5,,,0,0.0,0,60.0,0,100.0,4,4,60.0,100.0,1,25.0,1
13,Deven Thompkins,84480,WR,ATL,1,0,2,,,0,0.0,0,59.0,0,80.0,4,5,59.0,100.0,4,100.0,4
13,Isaiah Bond,163586,WR,CLV,1,0,8,60.0,100.0,1,25.0,1,60.5,0,80.0,4,5,60.0,100.0,3,75.0,3
13,Gage Larvadain,150169,WR,CLV,1,0,8,59.4,100.0,2,50.0,2,59.1,0,100.0,4,4,60.0,100.0,1,25.0,1
13,British Brooks,77714,FB,HST,1,0,13,,,0,0.0,0,60.0,0,100.0,4,4,,,0,0.0,0
13,Tim Patrick,12087,WR,JAX,1,0,15,60.0,100.0,1,25.0,1,52.0,0,100.0,4,4,59.7,100.0,1,25.0,1
13,Josh Jones,26634,T,SEA,1,0,29,60.0,100.0,1,25.0,1,55.6,0,100.0,4,4,56.5,100.0,3,75.0,3
13,Carter Runyon,177002,TE,LV,1,0,23,57.8,100.0,1,25.0,1,42.7,0,100.0,4,4,50.5,100.0,3,75.0,3
13,Troy Franklin,146567,WR,DEN,1,0,10,54.7,100.0,3,75.0,3,31.6,0,100.0,4,4,60.0,100.0,1,25.0,1
13,Devin Culp,84080,TE,TB,1,0,30,60.0,100.0,1,25.0,1,60.0,0,100.0,4,4,,,0,0.0,0
13,Trevor Penning,59963,G,LAC,1,0,27,60.1,100.0,3,75.0,3,70.7,0,100.0,4,4,62.7,100.0,1,25.0,1
13,Bijan Robinson,123126,HB,ATL,1,0,2,,0.0,0,0.0,5,59.7,0,14.8,4,27,60.0,14.3,3,75.0,21
13,D'Andre Swift,57212,HB,CHI,1,0,6,,0.0,0,0.0,3,60.0,0,18.2,4,22,,0.0,0,0.0,15
13,Matt Hennessy,41141,C,SF,1,0,28,60.0,100.0,2,50.0,2,60.2,0,100.0,4,4,,,0,0.0,0
13,Austen Pleasants,37066,T,SF,1,0,28,58.6,100.0,2,50.0,2,57.9,0,100.0,4,4,,,0,0.0,0
13,Malik Heath,124173,WR,GB,1,0,12,60.0,100.0,1,25.0,1,58.9,0,100.0,4,4,60.0,100.0,1,25.0,1
13,Jonah Monheim,86461,C,JAX,1,0,15,,,0,0.0,0,60.0,0,100.0,3,3,,,0,0.0,0
13,Max Mitchell,81707,T,NYJ,1,0,22,70.3,100.0,3,100.0,3,70.3,0,100.0,3,3,,,0,0.0,0
13,Dylan Drummond,78187,WR,ATL,1,0,2,60.0,100.0,2,66.7,2,31.0,0,100.0,3,3,60.0,100.0,1,33.3,1
13,Tyquan Thornton,78092,WR,KC,1,0,16,60.0,100.0,2,66.7,2,60.0,0,100.0,3,3,60.0,100.0,1,33.3,1
13,Ben Sims,77918,TE,MIN,1,0,18,59.9,100.0,2,66.7,2,60.0,0,100.0,3,3,,,0,0.0,0
13,James Mitchell,77885,TE,CAR,1,0,5,,,0,0.0,0,60.0,0,100.0,3,3,,,0,0.0,0
13,Jaret Patterson,77745,HB,LAC,1,0,27,,0.0,0,0.0,6,60.0,0,21.4,3,14,60.0,16.7,1,33.3,6
13,Xavier Smith,102585,WR,LA,1,0,26,60.4,100.0,3,100.0,3,60.4,0,100.0,3,3,,,0,0.0,0
13,Corey Bullock,108855,C,BLT,1,0,3,,,0,0.0,0,67.0,0,100.0,3,3,67.0,100.0,3,100.0,3
13,Bryce Cabeldue,122550,G,SEA,1,0,29,60.0,100.0,1,33.3,1,68.7,0,100.0,3,3,65.9,100.0,2,66.7,2
13,Sean Tucker,123056,HB,TB,1,0,30,,0.0,0,0.0,3,60.0,0,50.0,3,6,,,0,0.0,0
13,Brandon Coleman,123068,T,WAS,1,0,32,66.1,100.0,3,100.0,3,66.1,1,100.0,3,3,,,0,0.0,0
13,Malik Davis,57196,HB,DAL,1,0,9,,0.0,0,0.0,1,60.0,0,50.0,3,6,,0.0,0,0.0,2
13,Charlie Jones,55038,WR,CIN,1,0,7,60.0,100.0,2,66.7,2,60.0,0,100.0,3,3,60.0,100.0,1,33.3,1
13,Mike Gesicki,47153,TE,CIN,1,0,7,,,0,0.0,0,60.2,0,100.0,3,3,60.2,100.0,3,100.0,3
13,Luke Wypler,129764,C,CLV,1,0,8,60.0,100.0,1,33.3,1,58.9,0,100.0,3,3,59.5,100.0,2,66.7,2
13,Josiah Deguara,47034,TE,ARZ,1,0,1,54.0,100.0,2,66.7,2,53.7,0,100.0,3,3,60.0,100.0,1,33.3,1
13,Rico Dowdle,40693,HB,CAR,1,0,5,,0.0,0,0.0,8,60.0,0,14.3,3,21,,0.0,0,0.0,10
13,Drew Lock,39517,QB,SEA,1,0,29,60.0,100.0,1,33.3,1,60.0,0,100.0,3,3,60.0,100.0,2,66.7,2
13,Olisaemeka Udoh,28394,T,TEN,1,0,31,59.8,100.0,3,100.0,3,59.8,0,100.0,3,3,,,0,0.0,0
13,Ben Skowronek,27948,WR,PIT,1,0,25,60.0,100.0,1,33.3,1,59.3,0,100.0,3,3,60.0,100.0,2,66.7,2
13,Robert Tonyan,12193,TE,KC,1,0,16,,,0,0.0,0,75.3,0,100.0,3,3,75.3,100.0,3,100.0,3
13,Quinshon Judkins,157128,HB,CLV,1,0,8,,0.0,0,0.0,6,60.0,0,11.1,3,27,,0.0,0,0.0,16
13,Ollie Gordon II,157792,HB,MIA,1,0,17,60.0,33.3,1,33.3,3,60.0,0,50.0,3,6,,0.0,0,0.0,1
13,Jonathan Taylor,57488,HB,IND,1,0,14,,0.0,0,0.0,12,60.0,0,8.7,2,23,60.0,10.0,1,50.0,10
13,Brashard Smith,143951,HB,KC,1,0,16,59.8,100.0,2,100.0,2,59.8,0,100.0,2,2,,,0,0.0,0
13,Jaylen Wright,146934,HB,MIA,1,0,17,,0.0,0,0.0,3,60.0,0,40.0,2,5,,,0,0.0,0
13,Jack Stoll,42058,TE,NO,1,0,20,60.0,100.0,1,50.0,1,60.0,0,100.0,2,2,60.0,100.0,1,50.0,1
13,Marvin Mims Jr.,122937,WR,DEN,1,0,10,60.0,100.0,1,50.0,1,60.0,0,66.7,2,3,60.0,100.0,1,50.0,1
13,Jacory Croskey-Merritt,102382,HB,WAS,1,0,32,59.2,40.0,2,100.0,5,59.2,0,28.6,2,7,,0.0,0,0.0,2
13,Kenneth Gainwell,77737,HB,PIT,1,0,25,,0.0,0,0.0,2,60.0,0,28.6,2,7,59.6,25.0,1,50.0,4
13,Javonte Williams,77803,HB,DAL,1,0,9,,0.0,0,0.0,4,60.0,0,10.5,2,19,,0.0,0,0.0,13
13,TreVeyon Henderson,145059,HB,NE,1,0,19,,0.0,0,0.0,6,60.0,0,15.4,2,13,,0.0,0,0.0,4
13,Emanuel Wilson,154173,HB,GB,1,0,12,,0.0,0,0.0,3,60.0,0,33.3,2,6,,0.0,0,0.0,1
13,Amon-Ra St. Brown,84470,WR,DET,1,0,11,,,0,0.0,0,58.9,0,100.0,2,2,58.9,100.0,2,100.0,2
13,Cameron Latu,82647,TE,PHI,1,0,24,,,0,0.0,0,60.0,0,100.0,2,2,60.0,100.0,1,50.0,1
13,Christian McCaffrey,11763,HB,SF,1,0,28,,0.0,0,0.0,3,60.0,0,9.1,2,22,60.0,5.9,1,50.0,17
13,Breece Hall,97636,HB,NYJ,1,0,22,,0.0,0,0.0,13,60.0,0,9.1,2,22,,0.0,0,0.0,7
13,Mac Jones,60323,QB,SF,1,0,28,60.0,100.0,2,100.0,2,60.0,0,50.0,2,4,,,0,0.0,0
13,Ashton Jeanty,157196,HB,LV,1,0,23,60.0,16.7,1,50.0,6,60.0,0,11.8,2,17,,0.0,0,0.0,10
13,Kylen Granson,40630,TE,PHI,1,0,24,59.3,100.0,1,50.0,1,59.2,0,100.0,2,2,,,0,0.0,0
13,Jimmy Horn Jr.,144483,WR,CAR,1,0,5,,,0,0.0,0,60.0,0,100.0,2,2,60.0,100.0,2,100.0,2
13,Dante Pettis,48113,WR,NO,1,0,20,,,0,0.0,0,60.0,0,100.0,2,2,60.0,100.0,2,100.0,2
13,Sterling Shepard,10674,WR,TB,1,0,30,60.0,100.0,1,50.0,1,60.0,0,100.0,2,2,,,0,0.0,0
13,Jahmyr Gibbs,122474,HB,DET,1,0,11,59.7,10.0,1,50.0,10,59.9,0,9.1,2,22,,0.0,0,0.0,11
13,Wanya Morris,98247,T,KC,1,0,16,,,0,0.0,0,49.1,0,100.0,2,2,49.1,100.0,2,100.0,2
13,Efton Chism III,141521,WR,NE,1,0,19,,,0,0.0,0,60.0,0,100.0,2,2,,,0,0.0,0
13,Xavier Restrepo,122220,WR,TEN,1,0,31,,,0,0.0,0,55.0,0,100.0,2,2,60.0,100.0,1,50.0,1
13,Rhamondre Stevenson,98689,HB,NE,1,0,19,,0.0,0,0.0,10,60.0,0,14.3,2,14,,0.0,0,0.0,2
13,Jared Wiley,98508,TE,KC,1,0,16,59.3,100.0,1,50.0,1,69.6,0,100.0,2,2,60.0,100.0,1,50.0,1
13,Kevin Austin Jr.,84345,WR,NO,1,0,20,60.0,100.0,1,50.0,1,60.0,0,100.0,2,2,60.0,100.0,1,50.0,1
13,Jaylin Noel,125155,WR,HST,1,0,13,60.0,100.0,1,50.0,1,60.0,0,100.0,2,2,60.0,100.0,1,50.0,1
13,Rasheen Ali,121717,HB,BLT,1,0,3,,,0,0.0,0,60.0,0,33.3,2,6,60.0,20.0,1,50.0,5
13,Pharaoh Brown,12247,TE,ARZ,1,0,1,60.0,100.0,1,50.0,1,69.1,0,100.0,2,2,60.0,100.0,1,50.0,1
13,Brian Robinson,57120,HB,SF,1,0,28,,0.0,0,0.0,3,60.0,0,20.0,2,10,,0.0,0,0.0,4
13,De'Von Achane,124305,HB,MIA,1,0,17,60.0,14.3,1,50.0,7,60.0,0,8.3,2,24,60.0,5.9,1,50.0,17
13,Rachaad White,131633,HB,TB,1,0,30,,0.0,0,0.0,1,60.0,0,50.0,2,4,60.0,66.7,2,100.0,3
13,Ke'Shawn Williams,123406,WR,PIT,1,0,25,,,0,0.0,0,60.0,0,100.0,2,2,60.0,100.0,2,100.0,2
13,Joe Noteboom,46249,T,BLT,1,0,3,,,0,0.0,0,60.0,0,100.0,1,1,60.0,100.0,1,100.0,1
13,Kyle Monangai,129891,HB,CHI,1,0,6,,0.0,0,0.0,5,60.0,0,4.3,1,23,,0.0,0,0.0,17
13,Josh Jacobs,45953,HB,GB,1,0,12,,0.0,0,0.0,5,60.0,0,5.6,1,18,,0.0,0,0.0,12
13,Tyler Conklin,47124,TE,LAC,1,0,27,,,0,0.0,0,60.0,0,100.0,1,1,60.0,100.0,1,100.0,1
13,Blake Corum,129574,HB,LA,1,0,26,,0.0,0,0.0,4,44.2,0,12.5,1,8,,0.0,0,0.0,3
13,James Proche II,48037,WR,TEN,1,0,31,,,0,0.0,0,31.1,0,100.0,1,1,59.9,100.0,1,100.0,1
13,Hunter Nourzad,91674,C,KC,1,0,16,,,0,0.0,0,60.0,0,100.0,1,1,60.0,100.0,1,100.0,1
13,Darius Cooper,136866,WR,PHI,1,0,24,,,0,0.0,0,60.0,0,100.0,1,1,60.0,100.0,1,100.0,1
13,Isaiah Davis,138299,HB,NYJ,1,0,22,,,0,0.0,0,60.0,0,100.0,1,1,,,0,0.0,0
13,Jaleel McLaughlin,138346,HB,DEN,1,0,10,,0.0,0,0.0,3,60.0,0,14.3,1,7,,0.0,0,0.0,3
13,Woody Marks,124179,HB,HST,1,0,13,,0.0,0,0.0,11,60.0,0,5.0,1,20,,0.0,0,0.0,8
13,D.J. Davidson,56523,DI,NYG,1,0,21,,,0,0.0,0,60.0,0,100.0,1,1,,,0,0.0,0
13,Feleipe Franks,40217,TE,ATL,1,0,2,60.0,100.0,1,100.0,1,60.0,0,100.0,1,1,,,0,0.0,0
13,Casey Kreiter,8959,LS,NYG,1,0,21,,,0,0.0,0,60.0,0,100.0,1,1,,,0,0.0,0
13,Chuba Hubbard,57373,HB,CAR,1,0,5,,0.0,0,0.0,6,59.9,0,5.0,1,20,59.9,7.1,1,100.0,14
13,Austin Schlottmann,30097,C,NYG,1,0,21,,,0,0.0,0,60.0,0,100.0,1,1,,,0,0.0,0
13,Aaron Stinnie,28653,G,NYG,1,0,21,,,0,0.0,0,60.0,0,100.0,1,1,,,0,0.0,0
13,Marcus Mbow,145113,T,NYG,1,0,21,,,0,0.0,0,60.0,0,100.0,1,1,,,0,0.0,0
13,Stone Smartt,60492,TE,NYJ,1,0,22,,,0,0.0,0,60.0,0,100.0,1,1,,,0,0.0,0
13,Keleki Latu,146291,TE,BUF,1,0,4,,,0,0.0,0,60.0,0,100.0,1,1,60.0,100.0,1,100.0,1
13,Kenneth Walker III,97199,HB,SEA,1,0,29,,0.0,0,0.0,8,60.0,0,5.9,1,17,,0.0,0,0.0,7
13,Tony Pollard,27126,HB,TEN,1,0,31,,0.0,0,0.0,3,60.0,0,9.1,1,11,,0.0,0,0.0,7
13,Brady Russell,60876,FB,SEA,1,0,29,,,0,0.0,0,60.0,0,100.0,1,1,60.0,100.0,1,100.0,1
13,Tyler Johnson,48054,WR,NYJ,1,0,22,,,0,0.0,0,60.0,0,100.0,1,1,60.0,100.0,1,100.0,1
13,Tanner Hudson,66924,TE,CIN,1,0,7,60.0,100.0,1,100.0,1,60.0,0,100.0,1,1,,,0,0.0,0
13,Theo Benedet,169632,T,CHI,1,0,6,58.3,100.0,1,100.0,1,58.3,0,100.0,1,1,,,0,0.0,0
13,Younghoe Koo,12042,K,NYG,1,0,21,,,0,0.0,0,60.0,0,100.0,1,1,,,0,0.0,0
13,Dalen Cambre,102933,WR,NYG,1,0,21,,,0,0.0,0,60.0,0,100.0,1,1,60.0,100.0,1,100.0,1
13,Samaje Perine,11869,HB,CIN,1,0,7,,0.0,0,0.0,12,60.0,0,6.7,1,15,,0.0,0,0.0,2
13,Kareem Hunt,11841,HB,KC,1,0,16,,0.0,0,0.0,2,60.0,0,6.7,1,15,,0.0,0,0.0,12
13,Derius Davis,78196,WR,LAC,1,0,27,,,0,0.0,0,60.0,0,100.0,1,1,60.0,100.0,1,100.0,1
13,Jovaughn Gwyn,81839,G,ATL,1,0,2,,,0,0.0,0,60.0,0,100.0,1,1,60.0,100.0,1,100.0,1
13,Colson Yankoff,83589,TE,WAS,1,0,32,,,0,0.0,0,60.0,0,100.0,1,1,,,0,0.0,0
13,Derrick Henry,10679,HB,BLT,1,0,3,60.0,16.7,1,100.0,6,60.0,0,8.3,1,12,,0.0,0,0.0,6
13,RJ Harvey,99622,HB,DEN,1,0,10,,0.0,0,0.0,11,60.0,0,7.1,1,14,,0.0,0,0.0,2
13,Zach Charbonnet,97630,HB,SEA,1,0,29,,0.0,0,0.0,6,60.0,0,6.7,1,15,,0.0,0,0.0,7
13,LeQuint Allen,158290,HB,JAX,1,0,15,60.0,100.0,1,100.0,1,60.0,0,100.0,1,1,,,0,0.0,0
13,James Cook,83666,HB,BUF,1,0,4,,0.0,0,0.0,15,60.0,0,3.1,1,32,,0.0,0,0.0,16
13,Chris Manhertz,10211,TE,NYG,1,0,21,,,0,0.0,0,60.0,0,100.0,1,1,,,0,0.0,0
13,Jaylen Warren,98692,HB,PIT,1,0,25,,0.0,0,0.0,3,60.0,0,9.1,1,11,,0.0,0,0.0,6
week,player,player_id,position,team_name,player_game_count,declined_penalties,franchise_id,gap_grades_run_block,gap_run_block_percent,gap_snap_counts_run_block,gap_snap_counts_run_block_percent,gap_snap_counts_run_play,grades_run_block,penalties,run_block_percent,snap_counts_run_block,snap_counts_run_play,zone_grades_run_block,zone_run_block_percent,zone_snap_counts_run_block,zone_snap_counts_run_block_percent,zone_snap_counts_run_play
14,Patrick Paul,101019,T,MIA,1,0,17,67.1,100.0,13,31.0,13,63.1,0,100.0,42,42,59.4,100.0,25,59.5,25
14,Jonah Savaiinaea,158742,G,MIA,1,0,17,58.9,100.0,13,31.0,13,57.4,0,100.0,42,42,57.3,100.0,25,59.5,25
14,Cole Strange,22976,G,MIA,1,0,17,66.1,100.0,13,32.5,13,60.1,0,100.0,40,40,67.0,100.0,25,62.5,25
14,Warren McClendon Jr.,99081,T,LA,1,0,26,64.0,100.0,16,43.2,16,74.2,0,100.0,37,37,76.0,100.0,18,48.6,18
14,Steve Avila,77319,G,LA,1,0,26,60.3,100.0,16,43.2,16,53.2,0,100.0,37,37,57.7,100.0,18,48.6,18
14,Peter Skoronski,129737,G,TEN,1,0,31,64.7,100.0,18,51.4,18,75.3,0,100.0,35,35,73.3,100.0,16,45.7,16
14,Roger Rosengarten,131912,T,BLT,1,0,3,43.1,100.0,10,28.6,10,71.6,0,100.0,35,35,84.6,100.0,24,68.6,24
14,Corey Levin,11972,C,TEN,1,0,31,53.2,100.0,18,51.4,18,64.4,0,100.0,35,35,68.2,100.0,16,45.7,16
14,Tyler Linderbaum,82291,C,BLT,1,0,3,54.0,100.0,10,28.6,10,64.1,0,100.0,35,35,68.0,100.0,24,68.6,24
14,Andrew Vorhees,60818,G,BLT,1,0,3,59.1,100.0,10,28.6,10,61.4,0,100.0,35,35,62.4,100.0,24,68.6,24
14,Austin Jackson,60816,T,MIA,1,0,17,46.0,100.0,13,37.1,13,58.4,0,100.0,35,35,68.2,100.0,20,57.1,20
14,JC Latham,146596,T,TEN,1,0,31,53.4,100.0,18,51.4,18,63.8,0,100.0,35,35,74.0,100.0,16,45.7,16
14,Ronnie Stanley,10640,T,BLT,1,0,3,54.8,100.0,10,28.6,10,58.1,0,100.0,35,35,68.6,100.0,24,68.6,24
14,Daniel Faalele,81734,G,BLT,1,0,3,52.5,100.0,10,28.6,10,56.2,0,100.0,35,35,59.7,100.0,24,68.6,24
14,Aaron Brewer,46014,C,MIA,1,0,17,64.3,100.0,13,37.1,13,78.9,0,100.0,35,35,77.6,100.0,20,57.1,20
14,Kevin Zeitler,7032,G,TEN,1,0,31,63.0,100.0,18,51.4,18,66.0,0,100.0,35,35,66.8,100.0,16,45.7,16
14,Graham Barton,122367,C,TB,1,0,30,58.3,100.0,12,35.3,12,46.4,1,100.0,34,34,44.2,100.0,20,58.8,20
14,Dan Feeney,11826,G,TB,1,0,30,52.4,100.0,12,35.3,12,60.2,0,100.0,34,34,59.1,100.0,20,58.8,20
14,Tua Tagovailoa,60326,QB,MIA,1,0,17,60.0,100.0,13,38.2,13,60.0,0,97.1,34,35,60.0,95.0,19,55.9,20
14,Baker Mayfield,46518,QB,TB,1,0,30,60.0,100.0,12,35.3,12,60.0,0,100.0,34,34,60.0,100.0,20,58.8,20
14,Ben Chukwuma,123850,T,TB,1,0,30,45.8,100.0,12,35.3,12,67.3,0,100.0,34,34,92.7,100.0,20,58.8,20
14,Luke Goedeke,77548,T,TB,1,0,30,50.0,100.0,12,35.3,12,65.8,0,100.0,34,34,60.0,100.0,20,58.8,20
14,Lamar Jackson,46416,QB,BLT,1,0,3,60.0,100.0,10,30.3,10,60.3,0,94.3,33,35,60.0,91.7,22,66.7,24
14,Cam Ward,133244,QB,TEN,1,0,31,60.0,100.0,18,54.5,18,60.0,0,94.3,33,35,60.0,93.8,15,45.5,16
14,Donovan Jackson,145064,G,MIN,1,0,18,78.6,100.0,12,36.4,12,59.0,0,100.0,33,33,53.7,100.0,17,51.5,17
14,Will Fries,41530,G,MIN,1,0,18,82.4,100.0,12,36.4,12,70.6,0,100.0,33,33,56.8,100.0,17,51.5,17
14,Kelvin Banks Jr.,163839,T,NO,1,0,20,59.8,100.0,2,6.3,2,80.9,0,100.0,32,32,81.6,100.0,28,87.5,28
14,Dillon Radunz,30551,G,NO,1,0,20,58.6,100.0,2,6.3,2,61.2,0,100.0,32,32,61.9,100.0,28,87.5,28
14,Cesar Ruiz,59857,G,NO,1,0,20,59.5,100.0,2,6.3,2,46.3,0,100.0,32,32,45.8,100.0,28,87.5,28
14,Davis Allen,99697,TE,LA,1,0,26,64.7,100.0,15,46.9,15,61.0,1,100.0,32,32,57.5,100.0,17,53.1,17
14,Luke Fortner,42028,C,NO,1,0,20,63.0,100.0,2,6.3,2,62.3,0,100.0,32,32,58.4,100.0,28,87.5,28
14,Jake Andrews,81868,C,HST,1,1,13,47.0,100.0,7,22.6,7,54.8,1,100.0,31,31,61.7,100.0,22,71.0,22
14,Mike McGlinchey,46275,T,DEN,1,0,10,84.0,100.0,15,48.4,15,80.6,1,100.0,31,31,72.4,100.0,11,35.5,11
14,Luke Wattenberg,41024,C,DEN,1,0,10,63.5,100.0,15,48.4,15,73.9,0,100.0,31,31,66.3,100.0,11,35.5,11
14,Dan Moore Jr.,60120,T,TEN,1,0,31,44.9,100.0,17,54.8,17,45.2,0,100.0,31,31,62.2,100.0,13,41.9,13
14,Quinn Meinerz,112915,G,DEN,1,0,10,93.9,100.0,15,48.4,15,91.9,0,100.0,31,31,59.2,100.0,11,35.5,11
14,Bradley Bozeman,27934,C,LAC,1,0,27,64.0,100.0,11,35.5,11,63.3,0,100.0,31,31,61.4,100.0,19,61.3,19
14,Trent Brown,9677,T,HST,1,0,13,83.7,100.0,7,22.6,7,67.0,0,100.0,31,31,56.8,100.0,22,71.0,22
14,Ed Ingram,59819,G,HST,1,0,13,63.7,100.0,7,22.6,7,54.9,0,100.0,31,31,52.4,100.0,22,71.0,22
14,Aireontae Ersery,129649,T,HST,1,0,13,67.2,100.0,7,22.6,7,57.0,1,100.0,31,31,53.0,100.0,22,71.0,22
14,Mekhi Becton,59818,G,LAC,1,0,27,57.9,100.0,11,35.5,11,42.6,0,100.0,31,31,37.7,100.0,19,61.3,19
14,Alex Palczewski,59738,G,DEN,1,0,10,42.6,100.0,15,48.4,15,48.9,0,100.0,31,31,61.7,100.0,11,35.5,11
14,Jamaree Salyer,81656,T,LAC,1,0,27,51.2,100.0,11,35.5,11,71.2,1,100.0,31,31,82.1,100.0,19,61.3,19
14,Jaylen Waddle,84088,WR,MIA,1,0,17,54.8,100.0,13,41.9,13,56.5,0,96.9,31,32,60.5,100.0,17,54.8,17
14,Garett Bolles,11775,T,DEN,1,0,10,48.1,100.0,15,48.4,15,63.7,0,100.0,31,31,82.0,100.0,11,35.5,11
14,Zion Johnson,99681,G,LAC,1,0,27,67.5,100.0,11,35.5,11,57.2,0,100.0,31,31,51.0,100.0,19,61.3,19
14,Tytus Howard,25472,G,HST,1,0,13,55.8,100.0,7,22.6,7,47.3,0,100.0,31,31,47.3,100.0,22,71.0,22
14,Ezra Cleveland,41973,G,JAX,1,0,15,67.9,100.0,13,43.3,13,71.7,0,100.0,30,30,70.4,100.0,10,33.3,10
14,Anton Harrison,122929,T,JAX,1,0,15,33.7,100.0,13,43.3,13,49.6,0,100.0,30,30,62.8,100.0,10,33.3,10
14,Jonah Jackson,37070,G,CHI,1,0,6,47.2,100.0,7,23.3,7,64.6,0,100.0,30,30,72.4,100.0,22,73.3,22
14,Kirk Cousins,7102,QB,ATL,1,0,2,60.0,100.0,7,23.3,7,60.0,0,100.0,30,30,60.0,100.0,23,76.7,23
14,Terrance Ferguson,146563,TE,LA,1,0,26,78.5,100.0,14,46.7,14,82.0,1,100.0,30,30,71.9,100.0,16,53.3,16
14,Ryan Kelly,10652,C,MIN,1,0,18,79.4,100.0,12,40.0,12,75.1,0,100.0,30,30,53.5,100.0,17,56.7,17
14,Joe Thuney,10712,G,CHI,1,0,6,67.3,100.0,7,23.3,7,92.2,0,100.0,30,30,93.0,100.0,22,73.3,22
14,Rashod Bateman,84296,WR,BLT,1,0,3,60.6,100.0,7,23.3,7,61.4,0,100.0,30,30,61.1,100.0,23,76.7,23
14,Drew Dalman,52270,C,CHI,1,0,6,56.7,100.0,7,23.3,7,66.0,0,100.0,30,30,68.7,100.0,22,73.3,22
14,Zay Flowers,97268,WR,BLT,1,0,3,60.0,100.0,7,23.3,7,59.7,0,96.8,30,31,59.7,100.0,23,76.7,23
14,Darnell Wright,98480,T,CHI,1,0,6,35.0,100.0,7,23.3,7,66.7,0,100.0,30,30,75.3,100.0,22,73.3,22
14,Matthew Bergeron,99658,G,ATL,1,0,2,54.1,100.0,7,23.3,7,65.7,0,100.0,30,30,69.6,100.0,23,76.7,23
14,Brian O'Neill,46854,T,MIN,1,0,18,79.7,100.0,12,40.0,12,93.7,0,100.0,30,30,93.6,100.0,17,56.7,17
14,C.J. Stroud,129759,QB,HST,1,0,13,60.0,100.0,7,23.3,7,60.3,0,96.8,30,31,60.0,100.0,22,73.3,22
14,Elijah Wilkinson,46238,T,ATL,1,0,2,53.4,100.0,7,23.3,7,74.9,0,100.0,30,30,79.9,100.0,23,76.7,23
14,Patrick Mekari,46219,G,JAX,1,0,15,60.2,100.0,13,43.3,13,55.6,0,100.0,30,30,54.1,100.0,10,33.3,10
14,Devaughn Vele,100637,WR,NO,1,0,20,59.1,100.0,2,6.7,2,62.4,0,100.0,30,30,63.1,100.0,28,93.3,28
14,Cole Van Lanen,41583,T,JAX,1,0,15,54.6,100.0,13,43.3,13,71.7,0,100.0,30,30,85.9,100.0,10,33.3,10
14,Ryan Neuzil,41123,C,ATL,1,0,2,64.4,100.0,7,23.3,7,67.1,0,100.0,30,30,65.8,100.0,23,76.7,23
14,Adam Trautman,109795,TE,DEN,1,0,10,65.5,100.0,15,50.0,15,69.3,0,100.0,30,30,69.7,100.0,11,36.7,11
14,Ozzy Trapilo,123552,T,CHI,1,0,6,60.8,100.0,7,23.3,7,54.7,0,100.0,30,30,68.0,100.0,22,73.3,22
14,Bo Nix,97790,QB,DEN,1,0,10,60.0,100.0,15,51.7,15,60.0,0,93.5,29,31,60.0,100.0,11,37.9,11
14,J.J. McCarthy,144918,QB,MIN,1,0,18,60.0,100.0,12,41.4,12,60.0,0,87.9,29,33,60.0,100.0,17,58.6,17
14,Emeka Egbuka,145055,WR,TB,1,0,30,55.0,100.0,9,31.0,9,56.5,0,100.0,29,29,59.5,100.0,18,62.1,18
14,Justin Herbert,28237,QB,LAC,1,0,27,60.0,90.9,10,34.5,11,60.0,0,93.5,29,31,60.0,94.7,18,62.1,19
14,Jake Matthews,8641,T,ATL,1,0,2,55.7,100.0,6,20.7,6,41.5,0,100.0,29,29,40.5,100.0,23,79.3,23
14,Chris Lindstrom,46692,G,ATL,1,0,2,58.7,100.0,6,20.7,6,85.0,0,100.0,29,29,84.2,100.0,23,79.3,23
14,Elic Ayomanor,157263,WR,TEN,1,0,31,53.6,100.0,15,51.7,15,28.7,0,100.0,29,29,58.9,100.0,13,44.8,13
14,Caleb Williams,144622,QB,CHI,1,0,6,60.0,100.0,7,24.1,7,60.0,0,96.7,29,30,60.0,95.5,21,72.4,22
14,Gunnar Helm,144726,TE,TEN,1,0,31,47.2,100.0,17,58.6,17,50.4,0,100.0,29,29,62.2,100.0,11,37.9,11
14,Chris Olave,84355,WR,NO,1,0,20,59.6,100.0,1,3.6,1,57.0,0,100.0,28,28,57.3,100.0,27,96.4,27
14,David Sills V,34579,WR,ATL,1,0,2,53.2,100.0,7,25.9,7,47.2,0,100.0,27,27,58.9,100.0,20,74.1,20
14,Robert Hainsey,59980,C,JAX,1,0,15,66.6,100.0,13,48.1,13,72.9,0,100.0,27,27,73.4,100.0,10,37.0,10
14,Josh Oliver,47083,TE,MIN,1,0,18,72.0,100.0,12,44.4,12,76.8,0,100.0,27,27,72.9,100.0,11,40.7,11
14,Zach Tom,55443,T,GB,1,0,12,72.9,100.0,7,26.9,7,86.5,0,100.0,26,26,88.3,100.0,15,57.7,15
14,Aaron Banks,59983,G,GB,1,0,12,66.6,100.0,7,26.9,7,65.3,0,100.0,26,26,62.1,100.0,15,57.7,15
14,Cade Otton,61071,TE,TB,1,0,30,54.2,100.0,9,34.6,9,53.3,0,100.0,26,26,56.6,100.0,16,61.5,16
14,Tyler Shough,83537,QB,NO,1,0,20,60.0,100.0,2,7.7,2,60.3,0,81.3,26,32,60.0,85.7,24,92.3,28
14,Anthony Belton,143985,G,GB,1,0,12,76.4,100.0,7,26.9,7,58.1,0,100.0,26,26,45.7,100.0,15,57.7,15
14,Sean Rhyan,72009,C,GB,1,0,12,53.8,100.0,7,26.9,7,68.7,0,100.0,26,26,74.2,100.0,15,57.7,15
14,Rasheed Walker,81798,T,GB,1,0,12,55.6,100.0,7,26.9,7,45.8,0,100.0,26,26,45.3,100.0,15,57.7,15
14,Christian Darrisaw,77373,T,MIN,1,0,18,77.8,100.0,10,40.0,10,70.9,0,100.0,25,25,61.2,100.0,14,56.0,14
14,Dion Dawkins,11818,T,BUF,1,0,4,73.9,100.0,15,60.0,15,69.9,0,100.0,25,25,59.0,100.0,6,24.0,6
14,Grey Zabel,125314,G,SEA,1,0,29,80.4,100.0,13,52.0,13,72.6,0,100.0,25,25,58.4,100.0,11,44.0,11
14,David Edwards,35941,G,BUF,1,0,4,78.3,100.0,15,60.0,15,74.8,0,100.0,25,25,62.0,100.0,6,24.0,6
14,Coleman Shelton,39316,C,LA,1,0,26,65.4,100.0,9,36.0,9,55.7,0,100.0,25,25,50.9,100.0,16,64.0,16
14,Jordan Love,40306,QB,GB,1,0,12,60.0,100.0,7,28.0,7,60.0,0,96.2,25,26,60.0,100.0,15,60.0,15
14,Alaric Jackson,40972,T,LA,1,0,26,83.1,100.0,9,36.0,9,94.5,0,100.0,25,25,93.5,100.0,16,64.0,16
14,Connor McGovern,41714,C,BUF,1,0,4,64.2,100.0,15,60.0,15,63.9,0,100.0,25,25,65.3,100.0,6,24.0,6
14,O'Cyrus Torrence,102821,G,BUF,1,0,4,54.7,100.0,15,60.0,15,77.8,0,100.0,25,25,84.7,100.0,6,24.0,6
14,Brenton Strange,101694,TE,JAX,1,0,15,54.5,100.0,11,44.0,11,65.9,0,100.0,25,25,64.1,100.0,8,32.0,8
14,Kevin Dotson,46735,G,LA,1,0,26,68.4,100.0,9,36.0,9,84.4,0,100.0,25,25,84.5,100.0,16,64.0,16
14,Matthew Stafford,4924,QB,LA,1,0,26,60.0,100.0,9,36.0,9,60.0,0,100.0,25,25,60.0,100.0,16,64.0,16
14,Ryan Van Demark,55113,T,BUF,1,0,4,54.4,100.0,15,60.0,15,62.1,2,100.0,25,25,72.3,100.0,6,24.0,6
14,Kyle Pitts,83964,TE,ATL,1,0,2,56.5,100.0,4,16.0,4,33.7,0,100.0,25,25,48.3,100.0,21,84.0,21
14,Abraham Lucas,60218,T,SEA,1,0,29,56.9,100.0,13,52.0,13,69.6,0,100.0,25,25,77.5,100.0,11,44.0,11
14,Justin Jefferson,61398,WR,MIN,1,0,18,60.7,100.0,10,40.0,10,61.6,0,100.0,25,25,61.2,100.0,14,56.0,14
14,Tanor Bortolini,129915,C,IND,1,0,14,78.4,100.0,8,33.3,8,78.5,0,100.0,24,24,70.0,100.0,14,58.3,14
14,Cole Kmet,60995,TE,CHI,1,0,6,50.0,100.0,5,20.8,5,69.5,0,100.0,24,24,77.3,100.0,18,75.0,18
14,Marcedes Lewis,2973,TE,DEN,1,0,10,51.4,100.0,14,58.3,14,56.3,0,100.0,24,24,56.5,100.0,8,33.3,8
14,Quenton Nelson,12954,G,IND,1,0,14,55.8,100.0,8,33.3,8,84.7,1,100.0,24,24,91.9,100.0,14,58.3,14
14,Tyler Steen,81921,G,PHI,1,0,24,52.6,100.0,4,16.7,4,50.2,0,100.0,24,24,52.8,100.0,17,70.8,17
14,DJ Moore,48267,WR,CHI,1,0,6,60.8,100.0,6,25.0,6,60.0,0,100.0,24,24,59.8,100.0,17,70.8,17
14,Van Jefferson,47447,WR,TEN,1,0,31,62.0,100.0,12,50.0,12,40.4,0,100.0,24,24,58.6,100.0,11,45.8,11
14,Bernhard Raimann,77948,T,IND,1,0,14,72.3,100.0,8,33.3,8,61.5,0,100.0,24,24,57.8,100.0,14,58.3,14
14,Fred Johnson,46951,T,PHI,1,0,24,59.3,100.0,4,16.7,4,60.7,0,100.0,24,24,61.0,100.0,17,70.8,17
14,Matt Goncalves,99680,G,IND,1,0,14,58.4,100.0,8,33.3,8,65.0,0,100.0,24,24,67.9,100.0,14,58.3,14
14,Jordan Mailata,66916,T,PHI,1,0,24,69.1,100.0,4,16.7,4,71.3,0,100.0,24,24,68.6,100.0,17,70.8,17
14,Cam Jurgens,84014,C,PHI,1,0,24,52.2,100.0,4,16.7,4,56.3,0,100.0,24,24,61.2,100.0,17,70.8,17
14,Konata Mumpfield,145598,WR,LA,1,0,26,63.6,100.0,13,54.2,13,65.5,0,100.0,24,24,61.5,100.0,8,33.3,8
14,Christian Watson,66581,WR,GB,1,0,12,60.0,100.0,5,21.7,5,57.3,0,100.0,23,23,56.8,100.0,15,65.2,15
14,Romeo Doubs,84329,WR,GB,1,0,12,60.4,100.0,6,26.1,6,56.4,0,100.0,23,23,55.2,100.0,13,56.5,13
14,Julian Hill,88685,TE,MIA,1,0,17,50.8,100.0,7,30.4,7,59.2,0,100.0,23,23,67.2,100.0,13,56.5,13
14,Tre Harris,122676,WR,LAC,1,0,27,59.0,100.0,9,39.1,9,54.5,0,95.8,23,24,53.6,100.0,14,60.9,14
14,Trevor Lawrence,77632,QB,JAX,1,0,15,60.0,100.0,11,47.8,11,60.2,0,92.0,23,25,60.0,100.0,10,43.5,10
14,Ladd McConkey,124030,WR,LAC,1,0,27,58.9,100.0,4,18.2,4,75.5,0,100.0,22,22,78.2,100.0,18,81.8,18
14,Mike Caliendo,41446,G,KC,1,0,16,59.3,100.0,9,40.9,9,47.9,0,100.0,22,22,43.0,100.0,11,50.0,11
14,Jackson Hawes,109374,TE,BUF,1,0,4,66.7,100.0,13,59.1,13,71.8,0,100.0,22,22,72.6,100.0,6,27.3,6
14,Charlie Woerner,42257,TE,ATL,1,0,2,68.2,100.0,4,18.2,4,47.4,0,100.0,22,22,50.7,100.0,18,81.8,18
14,Jaylon Moore,43678,T,KC,1,0,16,47.6,100.0,9,40.9,9,55.8,0,100.0,22,22,64.6,100.0,11,50.0,11
14,Tate Ratledge,124034,G,DET,1,0,11,64.7,100.0,6,27.3,6,76.4,0,100.0,22,22,76.4,100.0,13,59.1,13
14,Asim Richards,99674,T,NO,1,0,20,58.7,100.0,2,9.1,2,52.2,0,100.0,22,22,52.4,100.0,20,90.9,20
14,Cooper Beebe,99434,C,DAL,1,0,9,57.3,100.0,8,36.4,8,50.5,0,100.0,22,22,59.0,100.0,12,54.5,12
14,Patrick Mahomes,11765,QB,KC,1,0,16,60.0,100.0,9,40.9,9,60.0,0,100.0,22,22,60.0,100.0,11,50.0,11
14,Nathan Thomas,98390,T,DAL,1,0,9,49.8,100.0,8,36.4,8,53.2,0,100.0,22,22,58.7,100.0,12,54.5,12
14,Tyler Smith,98385,G,DAL,1,0,9,51.8,100.0,8,36.4,8,65.8,0,100.0,22,22,74.1,100.0,12,54.5,12
14,A.J. Brown,48327,WR,PHI,1,0,24,55.5,100.0,4,18.2,4,47.4,0,100.0,22,22,69.2,100.0,16,72.7,16
14,Colby Parkinson,52266,TE,LA,1,0,26,64.2,100.0,8,36.4,8,56.9,0,100.0,22,22,52.7,100.0,14,63.6,14
14,Graham Glasgow,10729,C,DET,1,0,11,59.5,100.0,6,27.3,6,48.4,0,100.0,22,22,54.3,100.0,13,59.1,13
14,Taylor Decker,10650,T,DET,1,0,11,67.7,100.0,6,27.3,6,55.3,0,100.0,22,22,48.7,100.0,13,59.1,13
14,Kingsley Suamataia,146558,G,KC,1,0,16,70.4,100.0,9,40.9,9,73.8,0,100.0,22,22,75.0,100.0,11,50.0,11
14,Isaiah Likely,83955,TE,BLT,1,0,3,89.1,100.0,5,22.7,5,70.1,0,100.0,22,22,53.9,100.0,16,72.7,16
14,Bobby Hart,9659,T,LAC,1,0,27,67.4,100.0,9,40.9,9,49.7,0,100.0,22,22,38.5,100.0,12,54.5,12
14,Creed Humphrey,59996,C,KC,1,0,16,74.3,100.0,9,40.9,9,69.2,0,100.0,22,22,61.9,100.0,11,50.0,11
14,Tyler Booker,157001,G,DAL,1,0,9,60.2,100.0,8,36.4,8,61.1,0,100.0,22,22,61.7,100.0,12,54.5,12
14,Penei Sewell,81788,T,DET,1,0,11,58.7,100.0,6,27.3,6,90.7,0,100.0,22,22,96.3,100.0,13,59.1,13
14,DeVonta Smith,61100,WR,PHI,1,0,24,60.5,100.0,4,18.2,4,59.9,0,100.0,22,22,59.6,100.0,16,72.7,16
14,Terence Steele,39461,T,DAL,1,0,9,82.4,100.0,8,36.4,8,90.4,0,100.0,22,22,85.4,100.0,12,54.5,12
14,Jalen Hurts,40291,QB,PHI,1,0,24,60.0,100.0,4,18.2,4,60.0,0,91.7,22,24,60.0,100.0,17,77.3,17
14,Esa Pole,174220,T,KC,1,0,16,56.9,100.0,9,42.9,9,43.7,0,100.0,21,21,41.4,100.0,10,47.6,10
14,Greg Dulcich,84068,TE,MIA,1,0,17,71.9,100.0,6,28.6,6,43.5,0,100.0,21,21,44.2,100.0,12,57.1,12
14,Dallas Goedert,47272,TE,PHI,1,0,24,57.6,100.0,3,14.3,3,50.4,0,100.0,21,21,50.6,100.0,16,76.2,16
14,Luther Burden III,157170,WR,CHI,1,0,6,60.6,100.0,5,23.8,5,59.2,0,95.5,21,22,58.6,100.0,16,76.2,16
14,Nick Kallerup,101679,TE,SEA,1,0,29,83.4,100.0,11,52.4,11,80.4,0,100.0,21,21,62.5,100.0,10,47.6,10
14,Nico Collins,61441,WR,HST,1,0,13,57.5,100.0,6,28.6,6,59.2,0,100.0,21,21,61.6,100.0,14,66.7,14
14,Dak Prescott,10769,QB,DAL,1,0,9,60.0,100.0,8,38.1,8,60.0,0,95.5,21,22,60.0,100.0,12,57.1,12
14,Josh Allen,46601,QB,BUF,1,0,4,60.0,93.3,14,66.7,15,60.0,0,84.0,21,25,60.0,100.0,6,28.6,6
14,Olamide Zaccheaus,44920,WR,CHI,1,0,6,54.1,100.0,7,33.3,7,38.5,0,100.0,21,21,58.5,100.0,14,66.7,14
14,Landon Dickerson,41712,G,PHI,1,0,24,39.9,100.0,3,14.3,3,45.9,0,100.0,21,21,58.3,100.0,15,71.4,15
14,Brian Thomas Jr.,146760,WR,JAX,1,0,15,60.8,100.0,9,42.9,9,60.2,0,100.0,21,21,60.0,100.0,10,47.6,10
14,Travis Kelce,7844,TE,KC,1,0,16,66.0,100.0,8,38.1,8,65.0,0,100.0,21,21,60.4,100.0,11,52.4,11
14,Alec Pierce,78038,WR,IND,1,0,14,61.4,100.0,7,35.0,7,57.2,0,100.0,20,20,55.6,100.0,13,65.0,13
14,Malik Washington,97108,WR,MIA,1,0,17,60.0,100.0,6,30.0,6,60.6,0,100.0,20,20,60.5,100.0,13,65.0,13
14,Michael Pittman Jr.,29049,WR,IND,1,0,14,60.2,100.0,6,30.0,6,59.0,0,100.0,20,20,58.6,100.0,14,70.0,14
14,Tyler Warren,129798,TE,IND,1,0,14,53.1,100.0,6,30.0,6,52.2,0,95.2,20,21,55.2,100.0,13,65.0,13
14,Jared Goff,10635,QB,DET,1,0,11,60.0,100.0,6,30.0,6,60.2,0,90.9,20,22,60.0,100.0,13,65.0,13
14,Joel Bitonio,8670,G,CLV,1,0,8,51.7,100.0,6,31.6,6,50.3,0,100.0,19,19,54.3,100.0,11,57.9,11
14,KT Leveston,77487,T,CLV,1,0,8,45.3,100.0,6,31.6,6,64.4,0,100.0,19,19,77.2,100.0,11,57.9,11
14,John FitzPatrick,83974,TE,GB,1,0,12,67.2,100.0,5,26.3,5,67.0,0,100.0,19,19,65.0,100.0,11,57.9,11
14,Lil'Jordan Humphrey,42247,WR,DEN,1,0,10,75.0,100.0,9,47.4,9,68.7,0,100.0,19,19,57.8,100.0,10,52.6,10
14,Darnell Mooney,48236,WR,ATL,1,0,2,60.0,100.0,4,21.1,4,56.6,0,100.0,19,19,55.6,100.0,15,78.9,15
14,Jakobi Meyers,47468,WR,JAX,1,0,15,59.7,100.0,8,42.1,8,54.8,0,86.4,19,22,54.3,90.0,9,47.4,10
14,Cam Robinson,11789,T,CLV,1,0,8,35.6,100.0,6,31.6,6,45.8,0,100.0,19,19,60.6,100.0,11,57.9,11
14,Will Dissly,30762,TE,LAC,1,0,27,71.2,100.0,8,42.1,8,71.0,1,100.0,19,19,58.4,100.0,10,52.6,10
14,Teven Jenkins,41534,G,CLV,1,0,8,57.6,100.0,6,31.6,6,46.6,0,100.0,19,19,54.6,100.0,11,57.9,11
14,Tez Johnson,123709,WR,TB,1,0,30,59.6,100.0,6,31.6,6,56.3,0,100.0,19,19,55.4,100.0,12,63.2,12
14,Josh Conerly Jr.,163291,T,WAS,1,0,32,64.2,100.0,11,61.1,11,59.7,0,100.0,18,18,54.5,100.0,7,38.9,7
14,Chris Paul,77579,G,WAS,1,0,32,60.6,100.0,11,61.1,11,53.8,0,100.0,18,18,49.7,100.0,7,38.9,7
14,Amarius Mims,146719,T,CIN,1,0,7,69.4,100.0,11,61.1,11,59.6,0,100.0,18,18,48.8,100.0,6,33.3,6
14,Dylan Fairchild,146716,G,CIN,1,0,7,58.2,100.0,11,61.1,11,73.0,0,100.0,18,18,83.1,100.0,6,33.3,6
14,Sam Cosmi,60114,G,WAS,1,0,32,61.2,100.0,11,61.1,11,59.0,0,100.0,18,18,57.0,100.0,7,38.9,7
14,Jordan Addison,123000,WR,MIN,1,0,18,59.9,100.0,4,22.2,4,60.0,0,100.0,18,18,59.8,100.0,13,72.2,13
14,Dalton Risner,47008,G,CIN,1,0,7,66.9,100.0,11,61.1,11,68.1,0,100.0,18,18,64.9,100.0,6,33.3,6
14,Foster Moreau,47043,TE,NO,1,0,20,59.9,100.0,1,5.6,1,61.0,0,100.0,18,18,61.0,100.0,15,83.3,15
14,Tyrell Shavers,61107,WR,BUF,1,0,4,59.6,100.0,13,72.2,13,59.6,0,100.0,18,18,59.2,100.0,2,11.1,2
14,Colston Loveland,158540,TE,CHI,1,0,6,57.6,100.0,4,22.2,4,60.8,0,100.0,18,18,63.5,100.0,13,72.2,13
14,Ethan Pocic,11813,C,CLV,1,0,8,52.7,100.0,6,33.3,6,39.1,0,100.0,18,18,40.7,100.0,11,61.1,11
14,Orlando Brown Jr.,46227,T,CIN,1,0,7,71.7,100.0,11,61.1,11,57.9,0,100.0,18,18,57.5,100.0,6,33.3,6
14,Ted Karras,10855,C,CIN,1,0,7,63.9,100.0,11,61.1,11,56.8,0,100.0,18,18,62.9,100.0,6,33.3,6
14,Patrick Ricard,48862,FB,BLT,1,1,3,56.9,100.0,8,44.4,8,62.1,1,100.0,18,18,65.7,100.0,10,55.6,10
14,Amon-Ra St. Brown,84470,WR,DET,1,0,11,58.7,100.0,5,27.8,5,67.2,0,100.0,18,18,54.6,100.0,12,66.7,12
14,Alec Ingold,34934,FB,MIA,1,0,17,55.7,100.0,6,33.3,6,82.0,0,100.0,18,18,81.3,100.0,11,61.1,11
14,Joe Burrow,28022,QB,CIN,1,0,7,60.0,100.0,11,61.1,11,60.0,0,100.0,18,18,60.0,100.0,6,33.3,6
14,Sterling Shepard,10674,WR,TB,1,0,30,59.8,100.0,4,22.2,4,61.0,0,100.0,18,18,61.6,100.0,13,72.2,13
14,Jayden Higgins,150240,WR,HST,1,0,13,44.6,100.0,3,16.7,3,49.0,0,100.0,18,18,57.1,100.0,13,72.2,13
14,Ja'Marr Chase,84270,WR,CIN,1,0,7,55.0,100.0,11,61.1,11,55.6,0,100.0,18,18,58.9,100.0,6,33.3,6
14,Payne Durham,84037,TE,TB,1,0,30,66.1,100.0,9,50.0,9,78.1,0,100.0,18,18,79.8,100.0,8,44.4,8
14,Tyler Biadasz,41178,C,WAS,1,0,32,67.3,100.0,11,61.1,11,73.6,0,100.0,18,18,71.6,100.0,7,38.9,7
14,Laremy Tunsil,10647,T,WAS,1,0,32,47.7,100.0,11,61.1,11,64.6,0,100.0,18,18,81.4,100.0,7,38.9,7
14,Dalton Schultz,47304,TE,HST,1,0,13,45.7,100.0,5,29.4,5,50.6,0,100.0,17,17,58.0,100.0,11,64.7,11
14,Riley Leonard,143862,QB,IND,1,0,14,60.0,100.0,6,35.3,6,60.0,0,94.4,17,18,60.0,100.0,11,64.7,11
14,Michael Jordan,28021,G,TB,1,0,30,52.6,100.0,5,29.4,5,58.6,0,100.0,17,17,63.5,100.0,12,70.6,12
14,Anthony Bradford,99103,G,SEA,1,0,29,46.7,100.0,10,58.8,10,54.5,0,100.0,17,17,67.3,100.0,6,35.3,6
14,Olusegun Oluwatimi,98581,C,SEA,1,0,29,49.4,100.0,10,58.8,10,46.3,0,100.0,17,17,52.5,100.0,6,35.3,6
14,Charles Cross,98401,T,SEA,1,0,29,94.4,100.0,10,58.8,10,87.2,0,100.0,17,17,54.4,100.0,6,35.3,6
14,Rashee Rice,97605,WR,KC,1,0,16,57.1,100.0,7,41.2,7,54.9,0,100.0,17,17,59.3,100.0,8,47.1,8
14,Blake Fisher,147479,T,HST,1,0,13,60.0,100.0,1,5.9,1,60.7,0,100.0,17,17,60.9,100.0,14,82.4,14
14,Ben Bredeson,27305,G,TB,1,0,30,49.7,100.0,7,41.2,7,55.0,0,100.0,17,17,63.8,100.0,8,47.1,8
14,Chimere Dike,129918,WR,TEN,1,0,31,58.6,100.0,6,35.3,6,58.1,0,100.0,17,17,58.7,100.0,11,64.7,11
14,Shedeur Sanders,131396,QB,CLV,1,0,8,60.0,100.0,5,29.4,5,60.0,0,94.4,17,18,60.0,100.0,11,64.7,11
14,Jameson Williams,101701,WR,DET,1,0,11,60.8,100.0,5,31.3,5,60.9,0,94.1,16,17,60.3,100.0,11,68.8,11
14,Jalen Nailor,84292,WR,MIN,1,0,18,59.5,100.0,3,18.8,3,73.3,0,100.0,16,16,75.7,100.0,13,81.3,13
14,Isaac Seumalo,10713,G,PIT,1,0,25,58.9,100.0,3,18.8,3,46.8,0,100.0,16,16,45.9,100.0,11,68.8,11
14,Daniel Brunskill,34807,G,MIA,1,0,17,60.0,100.0,1,6.3,1,46.6,0,100.0,16,16,46.1,100.0,12,75.0,12
14,Sam Darnold,29048,QB,SEA,1,0,29,60.0,100.0,10,62.5,10,60.0,0,94.1,16,17,60.0,100.0,6,37.5,6
14,Adam Prentice,35639,FB,DEN,1,0,10,64.3,100.0,9,56.3,9,55.8,0,88.9,16,18,52.9,100.0,5,31.3,5
14,Mason McCormick,78326,G,PIT,1,0,25,59.6,100.0,3,18.8,3,83.6,0,100.0,16,16,87.3,100.0,11,68.8,11
14,Joe Tippmann,101568,G,NYJ,1,0,22,53.7,100.0,2,12.5,2,55.0,0,100.0,16,16,61.8,100.0,12,75.0,12
14,George Pickens,99229,WR,DAL,1,0,9,60.4,100.0,5,31.3,5,59.3,0,100.0,16,16,59.4,100.0,9,56.3,9
14,Dawson Knox,35883,TE,BUF,1,0,4,63.0,100.0,8,50.0,8,62.7,0,100.0,16,16,60.1,100.0,4,25.0,4
14,Troy Fautanu,100521,T,PIT,1,0,25,60.1,100.0,3,18.8,3,73.0,0,100.0,16,16,74.5,100.0,11,68.8,11
14,Armand Membou,125008,T,NYJ,1,0,22,47.6,100.0,2,12.5,2,76.0,0,100.0,16,16,86.0,100.0,12,75.0,12
14,John Simpson,41715,G,NYJ,1,0,22,57.7,100.0,2,12.5,2,72.4,0,100.0,16,16,70.5,100.0,12,75.0,12
14,John Metchie III,97400,WR,NYJ,1,0,22,56.6,100.0,2,12.5,2,51.6,0,100.0,16,16,56.2,100.0,12,75.0,12
14,John Bates,42275,TE,WAS,1,0,32,36.2,100.0,10,62.5,10,43.1,1,100.0,16,16,60.5,100.0,6,37.5,6
14,Olumuyiwa Fashanu,129777,T,NYJ,1,0,22,60.0,100.0,2,12.5,2,73.0,0,100.0,16,16,74.8,100.0,12,75.0,12
14,C.J. Ham,11347,FB,MIN,1,0,18,46.1,100.0,9,56.3,9,48.1,0,100.0,16,16,58.0,100.0,3,18.8,3
14,Tim Patrick,12087,WR,JAX,1,0,15,60.0,100.0,7,43.8,7,69.2,0,100.0,16,16,52.4,100.0,6,37.5,6
14,Harold Fannin Jr.,163104,TE,CLV,1,0,8,58.7,100.0,4,25.0,4,57.8,0,100.0,16,16,58.8,100.0,10,62.5,10
14,Chris Godwin,11839,WR,TB,1,0,30,54.2,100.0,6,37.5,6,36.5,0,100.0,16,16,59.5,100.0,10,62.5,10
14,Josh Myers,59992,C,NYJ,1,0,22,59.9,100.0,2,12.5,2,44.1,0,100.0,16,16,43.1,100.0,12,75.0,12
14,Quentin Johnston,123085,WR,LAC,1,0,27,59.8,100.0,4,25.0,4,59.1,0,100.0,16,16,59.4,100.0,11,68.8,11
14,Zach Frazier,123419,C,PIT,1,0,25,58.1,100.0,3,18.8,3,63.5,0,100.0,16,16,66.1,100.0,11,68.8,11
14,Olisaemeka Udoh,28394,T,TEN,1,0,31,55.5,100.0,8,50.0,8,54.5,0,100.0,16,16,57.0,100.0,8,50.0,8
14,Aaron Rodgers,2241,QB,PIT,1,0,25,60.0,100.0,3,20.0,3,60.0,0,93.8,15,16,60.0,100.0,11,73.3,11
14,Dan Skipper,12307,T,DET,1,0,11,59.3,100.0,6,40.0,6,47.6,1,100.0,15,15,42.6,100.0,7,46.7,7
14,Mark Andrews,47436,TE,BLT,1,0,3,77.9,100.0,1,6.7,1,89.8,0,100.0,15,15,80.1,100.0,13,86.7,13
14,Nick Westbrook-Ikhine,47861,WR,MIA,1,0,17,59.1,100.0,2,13.3,2,59.5,0,100.0,15,15,60.9,100.0,12,80.0,12
14,Jake Ferguson,61081,TE,DAL,1,0,9,92.6,100.0,6,40.0,6,85.5,0,100.0,15,15,66.5,100.0,8,53.3,8
14,Dylan Drummond,78187,WR,ATL,1,0,2,60.0,100.0,4,26.7,4,49.0,0,100.0,15,15,48.0,100.0,11,73.3,11
14,Josh Downs,122832,WR,IND,1,0,14,60.2,100.0,4,26.7,4,58.2,0,100.0,15,15,57.7,100.0,11,73.3,11
14,Xavier Worthy,144718,WR,KC,1,0,16,56.4,100.0,6,40.0,6,56.3,0,100.0,15,15,62.1,100.0,8,53.3,8
14,Isaac TeSlaa,172430,WR,DET,1,0,11,90.8,100.0,5,33.3,5,87.7,0,100.0,15,15,60.4,100.0,9,60.0,9
14,Braden Smith,46794,T,IND,1,0,14,49.0,100.0,4,28.6,4,52.6,0,100.0,14,14,59.6,100.0,9,64.3,9
14,David Martin-Robinson,77892,TE,TEN,1,0,31,36.7,100.0,8,57.1,8,44.1,0,100.0,14,14,60.0,100.0,6,42.9,6
14,T.J. Hockenson,40912,TE,MIN,1,0,18,53.6,100.0,7,50.0,7,62.7,0,100.0,14,14,57.2,100.0,7,50.0,7
14,Juwan Johnson,28305,TE,NO,1,0,20,60.0,100.0,1,7.1,1,63.4,0,100.0,14,14,63.5,100.0,13,92.9,13
14,Jerry Jeudy,61103,WR,CLV,1,0,8,60.0,100.0,5,35.7,5,61.5,0,100.0,14,14,61.7,100.0,8,57.1,8
14,Drew Sample,47259,TE,CIN,1,0,7,58.1,100.0,9,69.2,9,62.9,0,100.0,13,13,67.4,100.0,3,23.1,3
14,Cade Stover,101486,TE,HST,1,0,13,55.2,100.0,3,23.1,3,61.4,0,92.9,13,14,64.1,100.0,10,76.9,10
14,Cedric Tillman,84434,WR,CLV,1,0,8,59.6,100.0,4,30.8,4,88.5,0,100.0,13,13,79.9,100.0,9,69.2,9
14,Jaxon Smith-Njigba,129758,WR,SEA,1,0,29,59.4,100.0,7,53.8,7,58.9,0,100.0,13,13,59.7,100.0,5,38.5,5
14,Charlie Kolar,60917,TE,BLT,1,0,3,67.5,100.0,8,61.5,8,60.3,0,100.0,13,13,52.2,100.0,5,38.5,5
14,Adonai Mitchell,146712,WR,NYJ,1,0,22,60.0,100.0,1,7.7,1,38.0,0,100.0,13,13,60.2,100.0,11,84.6,11
14,Brady Cook,124199,QB,NYJ,1,0,22,60.0,100.0,2,15.4,2,60.0,0,92.9,13,14,60.0,100.0,10,76.9,10
14,Oronde Gadsden II,144046,TE,LAC,1,0,27,59.5,100.0,2,15.4,2,42.6,0,100.0,13,13,42.2,100.0,10,76.9,10
14,Jeremy Ruckert,84029,TE,NYJ,1,0,22,60.0,100.0,1,7.7,1,58.9,0,100.0,13,13,59.3,100.0,10,76.9,10
14,Taysom Hill,12112,TE,NO,1,0,20,,0.0,0,0.0,1,68.5,0,86.7,13,15,68.5,92.9,13,100.0,14
14,Cody White,61448,WR,SEA,1,0,29,58.3,100.0,6,50.0,6,59.9,0,100.0,12,12,61.4,100.0,6,50.0,6
14,Adam Thielen,8288,WR,PIT,1,0,25,47.4,100.0,3,25.0,3,51.0,0,100.0,12,12,62.0,100.0,9,75.0,9
14,Jayden Daniels,97993,QB,WAS,1,0,32,60.0,100.0,7,58.3,7,60.0,0,100.0,12,12,60.0,100.0,5,41.7,5
14,Cooper Kupp,11824,WR,SEA,1,0,29,60.3,100.0,7,58.3,7,38.2,0,100.0,12,12,60.0,100.0,4,33.3,4
14,Quintin Morris,61182,TE,JAX,1,0,15,58.9,100.0,5,41.7,5,50.2,0,100.0,12,12,51.3,100.0,3,25.0,3
14,AJ Barner,129433,TE,SEA,1,0,29,73.0,100.0,5,41.7,5,60.6,0,100.0,12,12,62.9,100.0,6,50.0,6
14,Jon Gaines II,81879,G,ARZ,1,0,1,86.0,100.0,8,66.7,8,78.7,1,100.0,12,12,58.1,100.0,3,25.0,3
14,Andrus Peat,9446,T,PIT,1,0,25,59.6,100.0,2,16.7,2,54.5,0,100.0,12,12,54.5,100.0,8,66.7,8
14,D.J. Humphries,9457,T,LA,1,0,26,67.7,100.0,7,58.3,7,66.3,0,100.0,12,12,59.0,100.0,2,16.7,2
14,Scott Matlock,82482,FB,LAC,1,0,27,49.3,100.0,8,66.7,8,57.9,0,100.0,12,12,70.2,100.0,4,33.3,4
14,Jonnu Smith,11855,TE,PIT,1,0,25,57.6,100.0,2,16.7,2,55.2,0,100.0,12,12,59.0,100.0,9,75.0,9
14,Justin Dedich,83018,G,LA,1,0,26,58.3,100.0,7,58.3,7,65.9,0,100.0,12,12,64.9,100.0,2,16.7,2
14,Hjalte Froholdt,44959,C,ARZ,1,0,1,56.0,100.0,8,66.7,8,53.5,0,100.0,12,12,58.3,100.0,3,25.0,3
14,Kelvin Beachum,7229,T,ARZ,1,0,1,47.4,100.0,8,66.7,8,46.5,0,100.0,12,12,59.5,100.0,3,25.0,3
14,JuJu Smith-Schuster,11817,WR,KC,1,0,16,53.6,100.0,6,50.0,6,29.4,0,100.0,12,12,62.1,100.0,6,50.0,6
14,Mason Tipton,109617,WR,NO,1,0,20,59.7,100.0,2,16.7,2,57.2,0,100.0,12,12,57.4,100.0,10,83.3,10
14,Luke Musgrave,98499,TE,GB,1,0,12,51.4,100.0,2,16.7,2,52.3,0,100.0,12,12,60.7,100.0,8,66.7,8
14,Andrei Iosivas,109811,WR,CIN,1,0,7,53.7,100.0,7,58.3,7,54.7,0,100.0,12,12,59.5,100.0,4,33.3,4
14,Blake Whiteheart,77881,TE,CLV,1,0,8,56.9,100.0,4,33.3,4,57.4,1,100.0,12,12,59.8,100.0,6,50.0,6
14,Hunter Long,60859,TE,JAX,1,0,15,58.7,100.0,5,41.7,5,58.6,0,100.0,12,12,59.9,100.0,3,25.0,3
14,Courtland Sutton,48164,WR,DEN,1,0,10,60.0,100.0,5,41.7,5,55.9,0,100.0,12,12,57.2,100.0,3,25.0,3
14,Isaiah Adams,158192,G,ARZ,1,0,1,60.8,100.0,8,66.7,8,56.4,0,100.0,12,12,57.2,100.0,3,25.0,3
14,David Quessenberry,7957,T,LA,1,0,26,57.4,100.0,7,58.3,7,57.3,0,100.0,12,12,59.7,100.0,2,16.7,2
14,Robbie Ouzts,146594,FB,SEA,1,0,29,58.5,100.0,7,58.3,7,55.1,1,100.0,12,12,55.3,100.0,5,41.7,5
14,Miles Frazier,123626,G,DET,1,0,11,54.7,100.0,5,45.5,5,40.5,0,100.0,11,11,40.2,100.0,5,45.5,5
14,Ben Sims,77918,TE,MIN,1,0,18,59.2,100.0,3,27.3,3,49.2,0,100.0,11,11,49.1,100.0,4,36.4,4
14,Spencer Anderson,81719,G,PIT,1,0,25,60.0,100.0,2,18.2,2,39.9,0,100.0,11,11,35.7,100.0,9,81.8,9
14,Jacoby Brissett,10725,QB,ARZ,1,0,1,60.0,100.0,8,72.7,8,60.0,0,91.7,11,12,60.0,100.0,3,27.3,3
14,Nick Vannett,10728,TE,LA,1,0,26,65.6,100.0,7,63.6,7,65.3,0,100.0,11,11,60.0,100.0,1,9.1,1
14,Trey McBride,75916,TE,ARZ,1,0,1,70.5,100.0,7,63.6,7,79.0,0,100.0,11,11,78.9,100.0,3,27.3,3
14,Ryan Flournoy,159617,WR,DAL,1,0,9,79.9,100.0,5,45.5,5,76.8,0,100.0,11,11,60.6,100.0,6,54.5,6
14,Jakob Johnson,32565,FB,HST,1,0,13,60.0,100.0,1,9.1,1,47.0,0,100.0,11,11,47.0,100.0,9,81.8,9
14,Xavier Hutchinson,122518,WR,HST,1,0,13,60.0,100.0,4,36.4,4,60.0,0,100.0,11,11,60.0,100.0,7,63.6,7
14,Trystan Colon,41117,G,DET,1,0,11,60.0,100.0,1,9.1,1,63.8,0,100.0,11,11,64.6,100.0,8,72.7,8
14,CeeDee Lamb,61570,WR,DAL,1,0,9,59.4,100.0,2,18.2,2,58.5,0,100.0,11,11,60.6,100.0,7,63.6,7
14,Ross Dwelley,20994,TE,DET,1,0,11,69.6,100.0,2,20.0,2,58.2,0,100.0,10,10,49.4,100.0,6,60.0,6
14,Tee Higgins,61211,WR,CIN,1,0,7,60.0,100.0,6,60.0,6,60.9,0,100.0,10,10,60.0,100.0,3,30.0,3
14,Stone Forsythe,41795,T,LV,1,0,23,56.3,100.0,5,50.0,5,53.8,0,100.0,10,10,55.4,100.0,5,50.0,5
14,Ian Thomas,42130,TE,LV,1,0,23,58.9,100.0,5,50.0,5,58.6,0,100.0,10,10,59.2,100.0,5,50.0,5
14,Geno Smith,7820,QB,LV,1,0,23,60.0,100.0,5,50.0,5,60.0,0,100.0,10,10,60.0,100.0,5,50.0,5
14,Andre Baccellia,47901,WR,ARZ,1,0,1,53.2,100.0,7,70.0,7,48.6,0,100.0,10,10,60.0,100.0,2,20.0,2
14,Durham Smythe,47257,TE,CHI,1,0,6,59.7,100.0,1,10.0,1,52.0,0,100.0,10,10,52.6,100.0,9,90.0,9
14,Christian Kirk,47546,WR,HST,1,0,13,60.6,100.0,4,40.0,4,59.9,0,100.0,10,10,59.3,100.0,6,60.0,6
14,Jalen Travis,155412,T,IND,1,0,14,71.0,100.0,4,40.0,4,65.1,0,100.0,10,10,55.9,100.0,5,50.0,5
14,Chigoziem Okonkwo,84000,TE,TEN,1,0,31,33.5,100.0,4,40.0,4,31.6,0,100.0,10,10,60.5,100.0,5,50.0,5
14,Darius Cooper,136866,WR,PHI,1,0,24,60.0,100.0,1,10.0,1,47.5,0,100.0,10,10,74.0,100.0,9,90.0,9
14,Will Sherman,59662,G,NO,1,0,20,,,0,0.0,0,52.6,0,100.0,10,10,52.2,100.0,8,80.0,8
14,Darren Waller,9637,TE,MIA,1,0,17,60.4,100.0,5,50.0,5,37.0,0,90.9,10,11,60.5,100.0,5,50.0,5
14,Brock Bowers,146715,TE,LV,1,0,23,55.2,100.0,5,50.0,5,57.2,0,100.0,10,10,60.0,100.0,5,50.0,5
14,Anthony Firkser,51837,TE,DET,1,0,11,59.9,100.0,1,10.0,1,66.8,0,100.0,10,10,70.4,100.0,6,60.0,6
14,DJ Glaze,129511,T,LV,1,0,23,56.1,100.0,5,50.0,5,55.3,0,100.0,10,10,58.0,100.0,5,50.0,5
14,Tre Tucker,101106,WR,LV,1,0,23,59.8,100.0,5,50.0,5,60.7,0,100.0,10,10,60.8,100.0,5,50.0,5
14,Caleb Rogers,123157,G,LV,1,0,23,72.8,100.0,5,50.0,5,67.8,0,100.0,10,10,57.1,100.0,5,50.0,5
14,Ben Sinnott,122616,TE,WAS,1,0,32,43.0,100.0,7,70.0,7,52.6,0,100.0,10,10,70.4,100.0,3,30.0,3
14,Zach Ertz,7816,TE,WAS,1,0,32,72.5,100.0,6,60.0,6,86.2,0,100.0,10,10,73.3,100.0,4,40.0,4
14,Dylan Parham,60953,G,LV,1,0,23,64.3,100.0,5,50.0,5,74.0,0,100.0,10,10,73.4,100.0,5,50.0,5
14,Alex Cappa,66578,C,LV,1,0,23,65.2,100.0,5,50.0,5,53.7,0,100.0,10,10,47.4,100.0,5,50.0,5
14,Keenan Allen,7857,WR,LAC,1,0,27,58.8,100.0,2,20.0,2,60.2,0,100.0,10,10,61.5,100.0,8,80.0,8
14,Treylon Burks,99218,WR,WAS,1,0,32,60.7,100.0,7,70.0,7,61.5,0,100.0,10,10,60.0,100.0,3,30.0,3
14,Puka Nacua,100632,WR,LA,1,0,26,53.4,100.0,4,44.4,4,74.4,0,100.0,9,9,82.3,100.0,5,55.6,5
14,Noah Gray,60878,TE,KC,1,0,16,51.2,100.0,3,33.3,3,52.8,0,100.0,9,9,57.8,100.0,6,66.7,6
14,Grant Calcaterra,60997,TE,PHI,1,0,24,59.8,100.0,2,22.2,2,59.7,0,100.0,9,9,59.8,100.0,6,66.7,6
14,Gabe Davis,55410,WR,BUF,1,0,4,61.5,100.0,7,77.8,7,61.3,0,100.0,9,9,60.0,100.0,1,11.1,1
14,Josh Whyle,54037,TE,GB,1,0,12,59.5,100.0,3,33.3,3,58.0,0,100.0,9,9,59.2,100.0,4,44.4,4
14,Josh Jones,26634,T,SEA,1,0,29,66.1,100.0,4,44.4,4,62.2,0,100.0,9,9,56.5,100.0,5,55.6,5
14,Jimmy Garoppolo,8697,QB,LA,1,0,26,60.0,100.0,7,77.8,7,60.0,0,75.0,9,12,60.0,100.0,2,22.2,2
14,Mason Taylor,157122,TE,NYJ,1,0,22,31.9,100.0,2,22.2,2,47.0,0,100.0,9,9,48.7,100.0,6,66.7,6
14,Mo Alie-Cox,12078,TE,IND,1,0,14,67.3,100.0,4,44.4,4,67.1,0,100.0,9,9,61.4,100.0,3,33.3,3
14,Trey Pipkins III,91462,T,LAC,1,0,27,58.4,100.0,2,22.2,2,54.7,0,100.0,9,9,55.6,100.0,7,77.8,7
14,D.K. Metcalf,47864,WR,PIT,1,0,25,60.0,100.0,2,22.2,2,59.5,0,100.0,9,9,59.6,100.0,6,66.7,6
14,Isaiah Williams,97156,WR,NYJ,1,0,22,60.0,100.0,1,11.1,1,86.1,0,100.0,9,9,86.9,100.0,7,77.8,7
14,Noah Fant,42388,TE,CIN,1,0,7,83.6,100.0,5,55.6,5,76.5,0,100.0,9,9,59.9,100.0,4,44.4,4
14,Cedrick Wilson Jr.,48170,WR,MIA,1,0,17,53.7,100.0,4,44.4,4,53.8,0,100.0,9,9,58.7,100.0,5,55.6,5
14,Michael Wilson,84423,WR,ARZ,1,0,1,59.4,100.0,5,62.5,5,53.9,0,100.0,8,8,60.0,100.0,2,25.0,2
14,Jake Bobo,77997,WR,SEA,1,0,29,60.0,100.0,2,25.0,2,59.3,0,100.0,8,8,60.3,100.0,6,75.0,6
14,Trevor Penning,59963,G,LAC,1,0,27,66.7,100.0,7,87.5,7,66.5,0,100.0,8,8,60.0,100.0,1,12.5,1
14,Luke Schoonmaker,84005,TE,DAL,1,0,9,55.2,100.0,2,25.0,2,52.2,0,100.0,8,8,55.3,100.0,5,62.5,5
14,Khalil Shakir,84140,WR,BUF,1,0,4,59.9,100.0,6,75.0,6,76.0,0,100.0,8,8,60.0,100.0,2,25.0,2
14,Christian Haynes,77339,G,SEA,1,0,29,59.7,100.0,3,37.5,3,50.7,0,100.0,8,8,50.6,100.0,5,62.5,5
14,Terry McLaurin,48229,WR,WAS,1,0,32,60.0,100.0,4,50.0,4,61.7,0,100.0,8,8,60.4,100.0,4,50.0,4
14,Jordan Whittington,97623,WR,LA,1,0,26,60.0,100.0,1,12.5,1,60.4,0,100.0,8,8,59.5,100.0,4,50.0,4
14,KaVontae Turpin,47658,WR,DAL,1,0,9,60.0,100.0,2,25.0,2,61.0,0,88.9,8,9,60.7,100.0,6,75.0,6
14,Jack Stoll,42058,TE,NO,1,0,20,,,0,0.0,0,57.6,0,100.0,8,8,57.4,100.0,6,75.0,6
14,Reggie Gilliam,40951,FB,BUF,1,0,4,68.1,100.0,3,37.5,3,77.7,0,100.0,8,8,68.9,100.0,2,25.0,2
14,Bryce Cabeldue,122550,G,SEA,1,0,29,58.5,100.0,3,37.5,3,55.8,1,100.0,8,8,56.7,100.0,5,62.5,5
14,Justin Skule,38951,T,MIN,1,0,18,58.5,100.0,2,25.0,2,58.5,0,100.0,8,8,59.5,100.0,3,37.5,3
14,Paris Johnson Jr.,129749,T,ARZ,1,0,1,84.7,100.0,6,75.0,6,79.5,0,100.0,8,8,59.9,100.0,1,12.5,1
14,Keon Coleman,144949,WR,BUF,1,0,4,61.7,100.0,8,100.0,8,61.7,0,100.0,8,8,,,0,0.0,0
14,Jack Bech,146771,WR,LV,1,0,23,52.7,100.0,3,37.5,3,54.2,0,100.0,8,8,60.8,100.0,5,62.5,5
14,Isaiah Bond,163586,WR,CLV,1,0,8,60.0,100.0,3,42.9,3,60.1,0,100.0,7,7,60.0,100.0,4,57.1,4
14,Elijah Higgins,98027,TE,ARZ,1,0,1,53.5,100.0,5,71.4,5,36.0,0,100.0,7,7,60.0,100.0,2,28.6,2
14,Brandin Cooks,8655,WR,BUF,1,0,4,60.0,100.0,2,28.6,2,60.3,0,100.0,7,7,59.8,100.0,5,71.4,5
14,Drew Lock,39517,QB,SEA,1,0,29,60.0,100.0,3,42.9,3,60.0,0,87.5,7,8,60.0,80.0,4,57.1,5
14,Josh Fryar,129746,T,ARZ,1,0,1,56.1,100.0,5,71.4,5,66.3,0,100.0,7,7,70.4,100.0,2,28.6,2
14,Teagan Quitoriano,84036,TE,ATL,1,0,2,56.8,100.0,3,42.9,3,54.9,0,100.0,7,7,56.6,100.0,4,57.1,4
14,Andrew Ogletree,138351,TE,IND,1,0,14,57.3,100.0,4,57.1,4,68.1,0,100.0,7,7,62.6,100.0,1,14.3,1
14,Brevyn Spann-Ford,84006,TE,DAL,1,0,9,41.3,100.0,5,71.4,5,39.7,0,100.0,7,7,56.4,100.0,2,28.6,2
14,Pat Freiermuth,84085,TE,PIT,1,0,25,60.0,100.0,1,14.3,1,53.6,0,100.0,7,7,76.6,100.0,5,71.4,5
14,Larry Borom,59879,T,MIA,1,0,17,,,0,0.0,0,60.0,0,100.0,7,7,59.5,100.0,5,71.4,5
14,Frank Crum,75860,T,DEN,1,0,10,59.1,100.0,4,57.1,4,66.9,0,100.0,7,7,65.9,100.0,3,42.9,3
14,Tyquan Thornton,78092,WR,KC,1,0,16,60.0,100.0,4,57.1,4,61.0,0,100.0,7,7,59.9,100.0,2,28.6,2
14,Gage Larvadain,150169,WR,CLV,1,0,8,60.0,100.0,2,33.3,2,54.3,0,100.0,6,6,60.1,100.0,3,50.0,3
14,Rashid Shaheed,63707,WR,SEA,1,0,29,58.9,100.0,4,66.7,4,58.5,0,100.0,6,6,60.0,100.0,1,16.7,1
14,Pat Bryant,144800,WR,DEN,1,0,10,60.0,100.0,2,33.3,2,58.7,0,100.0,6,6,59.2,100.0,2,33.3,2
14,Hunter Luepke,91319,FB,DAL,1,0,9,59.9,100.0,1,16.7,1,58.0,0,100.0,6,6,58.3,100.0,4,66.7,4
14,Daniel Jones,39395,QB,IND,1,0,14,60.0,100.0,2,33.3,2,60.0,0,100.0,6,6,60.0,100.0,3,50.0,3
14,Noah Brown,11993,WR,WAS,1,0,32,59.7,100.0,3,50.0,3,59.5,0,100.0,6,6,59.8,100.0,3,50.0,3
14,Marcus Mariota,9435,QB,WAS,1,0,32,60.0,100.0,4,66.7,4,60.0,0,100.0,6,6,60.0,100.0,2,33.3,2
14,Jalen Brooks,111284,WR,ARZ,1,0,1,60.1,100.0,3,50.0,3,53.8,0,100.0,6,6,60.0,100.0,2,33.3,2
14,Tai Felton,144886,WR,MIN,1,0,18,,,0,0.0,0,60.0,0,100.0,6,6,60.1,100.0,3,50.0,3
14,Davante Adams,8688,WR,LA,1,0,26,60.0,100.0,1,16.7,1,60.9,0,100.0,6,6,60.6,100.0,5,83.3,5
14,Jahan Dotson,84375,WR,PHI,1,0,24,60.0,100.0,1,16.7,1,60.2,0,100.0,6,6,60.1,100.0,3,50.0,3
14,Jayden Reed,78171,WR,GB,1,0,12,59.7,100.0,1,16.7,1,57.4,0,75.0,6,8,57.8,100.0,5,83.3,5
14,D'Wayne Eskridge,29573,WR,MIA,1,0,17,,,0,0.0,0,53.2,0,100.0,6,6,52.5,100.0,5,83.3,5
14,Xavier Smith,102585,WR,LA,1,0,26,60.0,100.0,1,16.7,1,60.2,0,100.0,6,6,59.7,100.0,2,33.3,2
14,Colson Yankoff,83589,TE,WAS,1,0,32,58.5,100.0,3,50.0,3,35.3,0,100.0,6,6,49.5,100.0,3,50.0,3
14,Travis Etienne Jr.,57185,HB,JAX,1,0,15,,0.0,0,0.0,12,59.5,0,20.0,5,25,60.0,11.1,1,20.0,9
14,Zach Wilson,82096,QB,MIA,1,0,17,,,0,0.0,0,60.0,0,71.4,5,7,60.0,100.0,5,100.0,5
14,Andrew Beck,47121,FB,NYJ,1,0,22,60.0,100.0,1,20.0,1,72.1,0,100.0,5,5,75.9,100.0,2,40.0,2
14,Wyatt Milum,144785,G,JAX,1,0,15,56.7,100.0,4,80.0,4,56.6,0,100.0,5,5,,,0,0.0,0
14,Audric Estime,147476,HB,NO,1,0,20,60.0,100.0,1,20.0,1,60.0,0,62.5,5,8,60.0,40.0,2,40.0,5
14,Jonathan Mingo,97774,WR,DAL,1,0,9,59.7,100.0,4,80.0,4,60.0,0,100.0,5,5,60.0,100.0,1,20.0,1
14,Jaylin Noel,125155,WR,HST,1,0,13,,0.0,0,0.0,1,59.6,0,80.0,4,5,59.6,100.0,4,100.0,4
14,Devin Culp,84080,TE,TB,1,0,30,60.0,100.0,2,50.0,2,60.0,0,100.0,4,4,60.0,100.0,1,25.0,1
14,Laquon Treadwell,10657,WR,IND,1,0,14,60.0,100.0,1,25.0,1,59.2,0,100.0,4,4,60.0,100.0,1,25.0,1
14,Rachaad White,131633,HB,TB,1,0,30,59.0,40.0,2,50.0,5,57.7,0,26.7,4,15,60.0,11.1,1,25.0,9
14,Ollie Gordon II,157792,HB,MIA,1,0,17,60.0,50.0,1,25.0,2,60.0,0,44.4,4,9,60.0,20.0,1,25.0,5
14,Dylan Cook,91689,T,PIT,1,0,25,60.0,100.0,1,25.0,1,54.1,0,100.0,4,4,55.1,100.0,3,75.0,3
14,Marvin Mims Jr.,122937,WR,DEN,1,0,10,60.0,100.0,2,50.0,2,60.0,0,80.0,4,5,,,0,0.0,0
14,DeAndre Hopkins,7808,WR,BLT,1,0,3,,,0,0.0,0,57.8,0,100.0,4,4,58.3,100.0,3,75.0,3
14,Mitchell Tinsley,123470,WR,CIN,1,0,7,58.1,100.0,4,100.0,4,58.1,0,100.0,4,4,,,0,0.0,0
14,Bo Melton,61610,WR,GB,1,0,12,60.0,100.0,1,25.0,1,57.6,0,100.0,4,4,57.6,100.0,3,75.0,3
14,Ben Skowronek,27948,WR,PIT,1,0,25,70.5,100.0,1,25.0,1,74.0,0,100.0,4,4,60.0,100.0,2,50.0,2
14,Darnell Washington,124044,TE,PIT,1,0,25,60.0,100.0,1,25.0,1,70.2,0,100.0,4,4,60.1,100.0,3,75.0,3
14,Austin Trammell,52195,WR,JAX,1,0,15,,,0,0.0,0,60.0,0,100.0,4,4,,,0,0.0,0
14,Zak Zinter,129605,G,CLV,1,0,8,61.0,100.0,2,50.0,2,60.9,0,100.0,4,4,60.0,100.0,1,25.0,1
14,Mike Gesicki,47153,TE,CIN,1,0,7,60.0,100.0,1,33.3,1,60.3,0,100.0,3,3,60.0,100.0,2,66.7,2
14,Kimani Vidal,123727,HB,LAC,1,0,27,60.0,11.1,1,33.3,9,60.0,0,17.6,3,17,60.0,14.3,1,33.3,7
14,LeQuint Allen,158290,HB,JAX,1,0,15,,,0,0.0,0,60.0,0,100.0,3,3,,,0,0.0,0
14,Jaylin Lane,121811,WR,WAS,1,0,32,60.0,100.0,2,66.7,2,60.1,0,100.0,3,3,60.0,100.0,1,33.3,1
14,Mason Kinsey,115664,WR,TEN,1,0,31,60.0,100.0,2,66.7,2,60.0,0,100.0,3,3,60.0,100.0,1,33.3,1
14,Deebo Samuel,48274,WR,WAS,1,0,32,60.0,100.0,2,66.7,2,60.2,0,100.0,3,3,60.0,100.0,1,33.3,1
14,Blake Brandel,46282,C,MIN,1,0,18,,,0,0.0,0,60.0,0,100.0,3,3,,,0,0.0,0
14,Dyami Brown,77986,WR,JAX,1,0,15,60.0,100.0,3,100.0,3,60.0,0,100.0,3,3,,,0,0.0,0
14,Marquise Brown,61568,WR,KC,1,0,16,60.0,100.0,1,33.3,1,60.3,0,100.0,3,3,,,0,0.0,0
14,Brett Toth,46848,C,PHI,1,0,24,60.0,100.0,1,33.3,1,63.9,0,100.0,3,3,57.0,100.0,2,66.7,2
14,Derrick Henry,10679,HB,BLT,1,0,3,,0.0,0,0.0,9,60.0,0,10.7,3,28,60.0,11.1,2,66.7,18
14,De'Von Achane,124305,HB,MIA,1,0,17,60.0,25.0,1,33.3,4,60.0,0,30.0,3,10,,0.0,0,0.0,4
14,Evan Hull,97302,HB,NO,1,0,20,,,0,0.0,0,60.0,0,75.0,3,4,60.0,50.0,1,33.3,2
14,David Njoku,11784,TE,CLV,1,0,8,59.7,100.0,1,33.3,1,50.9,0,100.0,3,3,54.9,100.0,2,66.7,2
14,Corey Bullock,108855,C,BLT,1,0,3,52.2,100.0,2,66.7,2,51.3,0,100.0,3,3,60.0,100.0,1,33.3,1
14,Darian Kinnard,51789,T,GB,1,0,12,69.4,100.0,3,100.0,3,69.4,0,100.0,3,3,,,0,0.0,0
14,Myles Price,123155,WR,MIN,1,0,18,,,0,0.0,0,60.0,0,100.0,3,3,,,0,0.0,0
14,Ronnie Rivers,57208,HB,LA,1,0,26,,0.0,0,0.0,7,60.0,0,25.0,3,12,,0.0,0,0.0,2
14,Ray Davis,101072,HB,BUF,1,0,4,,,0,0.0,0,60.0,0,100.0,3,3,,,0,0.0,0
14,Michael Jurgens,77345,C,MIN,1,0,18,,,0,0.0,0,60.0,0,100.0,3,3,,,0,0.0,0
14,Jonah Monheim,86461,C,JAX,1,0,15,,,0,0.0,0,60.0,0,100.0,3,3,,,0,0.0,0
14,Cameron Latu,82647,TE,PHI,1,0,24,60.0,100.0,1,33.3,1,59.7,0,100.0,3,3,59.8,100.0,2,66.7,2
14,RJ Harvey,99622,HB,DEN,1,0,10,,0.0,0,0.0,13,60.0,0,10.5,2,19,,0.0,0,0.0,4
14,Dontayvion Wicks,99711,WR,GB,1,0,12,59.7,100.0,1,50.0,1,59.7,0,100.0,2,2,60.0,100.0,1,50.0,1
14,Josh Jacobs,45953,HB,GB,1,0,12,,0.0,0,0.0,5,60.0,0,9.1,2,22,,0.0,0,0.0,14
14,Ty Johnson,45769,HB,BUF,1,0,4,60.0,50.0,1,50.0,2,60.0,0,50.0,2,4,60.0,100.0,1,50.0,1
14,Dalton Kincaid,91791,TE,BUF,1,0,4,,,0,0.0,0,60.0,0,100.0,2,2,60.0,100.0,1,50.0,1
14,Kameron Johnson,165866,WR,TB,1,0,30,60.0,100.0,1,50.0,1,60.0,0,100.0,2,2,60.0,100.0,1,50.0,1
14,Jahmyr Gibbs,122474,HB,DET,1,0,11,,0.0,0,0.0,3,60.0,0,14.3,2,14,60.0,10.0,1,50.0,10
14,Kylen Granson,40630,TE,PHI,1,0,24,,,0,0.0,0,60.0,0,100.0,2,2,,,0,0.0,0
14,Tyrod Taylor,6332,QB,NYJ,1,0,22,,,0,0.0,0,60.0,0,100.0,2,2,60.0,100.0,2,100.0,2
14,Bijan Robinson,123126,HB,ATL,1,0,2,,0.0,0,0.0,3,59.2,0,9.5,2,21,59.2,11.1,2,100.0,18
14,Jacob Saylors,87559,HB,DET,1,0,11,,,0,0.0,0,60.0,0,100.0,2,2,,,0,0.0,0
14,Tanner Hudson,66924,TE,CIN,1,0,7,60.0,100.0,1,50.0,1,60.0,0,100.0,2,2,60.0,100.0,1,50.0,1
14,Deven Thompkins,84480,WR,ATL,1,0,2,60.0,100.0,1,50.0,1,55.2,1,100.0,2,2,60.0,100.0,1,50.0,1
14,Keaton Mitchell,123826,HB,BLT,1,0,3,,0.0,0,0.0,1,60.0,0,25.0,2,8,60.0,28.6,2,100.0,7
14,Woody Marks,124179,HB,HST,1,0,13,60.0,14.3,1,50.0,7,60.0,0,7.1,2,28,,0.0,0,0.0,20
14,Kevin Austin Jr.,84345,WR,NO,1,0,20,,,0,0.0,0,60.0,0,100.0,2,2,,,0,0.0,0
14,Nick Mullens,12282,QB,JAX,1,0,15,60.0,100.0,2,100.0,2,60.0,0,40.0,2,5,,,0,0.0,0
14,Pharaoh Brown,12247,TE,ARZ,1,0,1,59.0,100.0,1,50.0,1,57.4,0,100.0,2,2,60.0,100.0,1,50.0,1
14,Robert Tonyan,12193,TE,KC,1,0,16,,,0,0.0,0,67.8,0,100.0,2,2,67.8,100.0,2,100.0,2
14,Kion Smith,136103,G,MIA,1,0,17,,,0,0.0,0,60.0,0,100.0,2,2,,,0,0.0,0
14,Jaleel McLaughlin,138346,HB,DEN,1,0,10,,0.0,0,0.0,2,60.0,0,28.6,2,7,,0.0,0,0.0,3
14,Evan Engram,11778,TE,DEN,1,0,10,,,0,0.0,0,60.0,0,100.0,2,2,60.0,100.0,1,50.0,1
14,Troy Franklin,146567,WR,DEN,1,0,10,,,0,0.0,0,59.3,0,100.0,2,2,60.0,100.0,1,50.0,1
14,Dominic Lovett,146872,WR,DET,1,0,11,,,0,0.0,0,60.0,0,100.0,2,2,,,0,0.0,0
14,Jaylen Wright,146934,HB,MIA,1,0,17,,0.0,0,0.0,9,60.0,0,7.4,2,27,,0.0,0,0.0,16
14,Carter Runyon,177002,TE,LV,1,0,23,59.1,100.0,2,100.0,2,59.1,0,100.0,2,2,,,0,0.0,0
14,Quinshon Judkins,157128,HB,CLV,1,0,8,,0.0,0,0.0,6,60.0,0,11.8,2,17,,0.0,0,0.0,9
14,Javonte Williams,77803,HB,DAL,1,0,9,,0.0,0,0.0,7,60.0,0,10.5,2,19,,0.0,0,0.0,10
14,Tylan Wallace,61577,WR,BLT,1,0,3,59.9,100.0,2,100.0,2,59.9,0,100.0,2,2,,,0,0.0,0
14,Scott Miller,47481,WR,PIT,1,0,25,,,0,0.0,0,60.0,0,100.0,2,2,60.0,100.0,1,50.0,1
14,James Proche II,48037,WR,TEN,1,0,31,60.0,100.0,1,50.0,1,60.0,0,100.0,2,2,60.0,100.0,1,50.0,1
14,Malachi Corley,66272,WR,CLV,1,0,8,,,0,0.0,0,59.8,0,50.0,1,2,59.8,100.0,1,100.0,1
14,Chris Brooks,83644,HB,GB,1,0,12,,,0,0.0,0,60.0,0,100.0,1,1,,,0,0.0,0
14,Jonathan Taylor,57488,HB,IND,1,0,14,,0.0,0,0.0,8,60.0,0,4.5,1,22,,0.0,0,0.0,13
14,Kobe King,145097,LB,NYJ,1,0,22,,,0,0.0,0,60.0,0,100.0,1,1,,,0,0.0,0
14,Jack Nelson,129927,T,ATL,1,0,2,60.0,100.0,1,100.0,1,60.0,0,100.0,1,1,,,0,0.0,0
14,Jalen Ramsey,10639,S,PIT,1,0,25,,,0,0.0,0,60.0,0,100.0,1,1,,,0,0.0,0
14,Tyler Allgeier,83639,HB,ATL,1,0,2,60.0,20.0,1,100.0,5,60.0,0,8.3,1,12,,0.0,0,0.0,7
14,Nick Chubb,45783,HB,HST,1,0,13,,,0,0.0,0,60.0,0,50.0,1,2,,0.0,0,0.0,1
14,Connor Heyward,57301,TE,PIT,1,0,25,,,0,0.0,0,60.0,0,50.0,1,2,,,0,0.0,0
14,Ameer Abdullah,9487,HB,IND,1,0,14,,,0,0.0,0,60.0,0,50.0,1,2,,0.0,0,0.0,1
14,Kyle Hinton,83163,G,ATL,1,0,2,60.0,100.0,1,100.0,1,60.0,0,100.0,1,1,,,0,0.0,0
14,Kyle Monangai,129891,HB,CHI,1,0,6,,0.0,0,0.0,4,60.0,0,6.3,1,16,,0.0,0,0.0,11
14,Brady Russell,60876,FB,SEA,1,0,29,60.0,100.0,1,100.0,1,60.0,0,100.0,1,1,,,0,0.0,0
14,Thomas Hennessy,12124,LS,NYJ,1,0,22,,,0,0.0,0,60.0,0,100.0,1,1,,,0,0.0,0
14,Luke Wypler,129764,C,CLV,1,0,8,,,0,0.0,0,47.9,0,100.0,1,1,,,0,0.0,0
14,D'Andre Swift,57212,HB,CHI,1,0,6,,0.0,0,0.0,3,60.0,0,7.1,1,14,60.0,9.1,1,100.0,11
14,Saquon Barkley,45791,HB,PHI,1,0,24,,0.0,0,0.0,4,60.0,0,4.5,1,22,,0.0,0,0.0,16
14,Jaylen Warren,98692,HB,PIT,1,0,25,,0.0,0,0.0,3,44.2,0,11.1,1,9,,0.0,0,0.0,5
14,Arian Smith,124039,WR,NYJ,1,0,22,,,0,0.0,0,60.0,0,100.0,1,1,,,0,0.0,0
14,Max Mitchell,81707,T,NYJ,1,0,22,,,0,0.0,0,60.0,0,100.0,1,1,,,0,0.0,0
14,Tony Pollard,27126,HB,TEN,1,0,31,,0.0,0,0.0,13,60.0,0,3.8,1,26,60.0,7.7,1,100.0,13
14,Malachi Moore,123928,S,NYJ,1,0,22,,,0,0.0,0,60.0,0,100.0,1,1,,,0,0.0,0
14,Trent Sherfield,48021,WR,ARZ,1,0,1,60.0,100.0,1,100.0,1,60.0,0,100.0,1,1,,,0,0.0,0
14,Matthew Golden,156165,WR,GB,1,0,12,60.0,100.0,1,100.0,1,60.0,0,100.0,1,1,,,0,0.0,0
14,Velus Jones Jr.,40573,HB,SEA,1,0,29,,0.0,0,0.0,3,60.0,0,16.7,1,6,60.0,33.3,1,100.0,3
14,Qwan'tez Stiggers,169764,CB,NYJ,1,0,22,,,0,0.0,0,60.0,1,100.0,1,1,,,0,0.0,0
14,Austin McNamara,99363,P,NYJ,1,0,22,,,0,0.0,0,60.0,0,100.0,1,1,,,0,0.0,0
14,Hunter Nourzad,91674,C,KC,1,0,16,,,0,0.0,0,60.0,0,100.0,1,1,60.0,100.0,1,100.0,1
14,Isaiah Oliver,50393,S,NYJ,1,0,22,,,0,0.0,0,60.0,0,100.0,1,1,,,0,0.0,0
14,Tyjae Spears,97195,HB,TEN,1,0,31,,0.0,0,0.0,5,60.0,0,11.1,1,9,,0.0,0,0.0,3
14,Kenneth Walker III,97199,HB,SEA,1,0,29,,0.0,0,0.0,6,60.0,0,8.3,1,12,60.0,16.7,1,100.0,6
14,Bam Knight,97432,HB,ARZ,1,0,1,,0.0,0,0.0,6,60.0,0,11.1,1,9,,0.0,0,0.0,2
14,Breece Hall,97636,HB,NYJ,1,0,22,,0.0,0,0.0,2,60.0,0,6.7,1,15,,0.0,0,0.0,11
14,Kenneth Gainwell,77737,HB,PIT,1,0,25,,,0,0.0,0,60.0,0,20.0,1,5,,0.0,0,0.0,4
14,Wanya Morris,98247,T,KC,1,0,16,,,0,0.0,0,60.0,0,100.0,1,1,60.0,100.0,1,100.0,1
14,Will Shipley,144138,HB,PHI,1,0,24,,,0,0.0,0,60.0,0,100.0,1,1,,,0,0.0,0
14,Devin Neal,144558,HB,NO,1,0,20,,0.0,0,0.0,1,60.0,0,4.8,1,21,60.0,5.0,1,100.0,20
14,Zach Charbonnet,97630,HB,SEA,1,0,29,,0.0,0,0.0,4,60.0,0,12.5,1,8,,0.0,0,0.0,3
14,Jahdae Walker,175944,WR,CHI,1,0,6,,,0,0.0,0,60.0,0,100.0,1,1,60.0,100.0,1,100.0,1
14,Lucas Patrick,11435,G,CIN,1,0,7,,,0,0.0,0,60.0,0,100.0,1,1,60.0,100.0,1,100.0,1
14,Elijah Arroyo,143933,TE,SEA,1,0,29,60.0,100.0,1,100.0,1,60.0,0,100.0,1,1,,,0,0.0,0
14,Mykal Walker,57834,LB,NYJ,1,0,22,,,0,0.0,0,60.0,0,100.0,1,1,,,0,0.0,0
14,Cooper DeJean,144867,CB,PHI,1,0,24,,,0,0.0,0,60.0,0,100.0,1,1,,,0,0.0,0
14,Kareem Hunt,11841,HB,KC,1,0,16,60.0,14.3,1,100.0,7,60.0,0,7.7,1,13,,0.0,0,0.0,5
14,James Cook,83666,HB,BUF,1,0,4,,0.0,0,0.0,13,60.0,0,5.0,1,20,,0.0,0,0.0,6
week,player,player_id,position,team_name,player_game_count,declined_penalties,franchise_id,gap_grades_run_block,gap_run_block_percent,gap_snap_counts_run_block,gap_snap_counts_run_block_percent,gap_snap_counts_run_play,grades_run_block,penalties,run_block_percent,snap_counts_run_block,snap_counts_run_play,zone_grades_run_block,zone_run_block_percent,zone_snap_counts_run_block,zone_snap_counts_run_block_percent,zone_snap_counts_run_play
15,Tyler Steen,81921,G,PHI,1,0,24,46.4,100.0,18,40.0,18,78.6,1,100.0,45,45,91.0,100.0,25,55.6,25
15,Fred Johnson,46951,T,PHI,1,0,24,24.1,100.0,18,40.0,18,41.6,0,100.0,45,45,72.5,100.0,25,55.6,25
15,Zach Frazier,123419,C,PIT,1,0,25,59.2,100.0,8,23.5,8,75.3,0,100.0,34,34,80.7,100.0,22,64.7,22
15,Aaron Rodgers,2241,QB,PIT,1,0,25,60.0,100.0,8,23.5,8,60.3,0,100.0,34,34,60.0,100.0,22,64.7,22
15,Dylan Cook,91689,T,PIT,1,0,25,53.9,100.0,8,23.5,8,69.6,0,100.0,34,34,76.0,100.0,22,64.7,22
15,Mason McCormick,78326,G,PIT,1,0,25,41.7,100.0,8,23.5,8,46.4,0,100.0,34,34,53.8,100.0,22,64.7,22
15,Troy Fautanu,100521,T,PIT,1,0,25,48.6,100.0,8,23.5,8,65.8,0,100.0,34,34,74.6,100.0,22,64.7,22
15,Jake Brendel,11117,C,SF,1,0,28,56.8,100.0,12,36.4,12,50.8,0,100.0,33,33,50.9,100.0,18,54.5,18
15,Dominick Puni,163815,G,SF,1,0,28,56.0,100.0,12,36.4,12,57.0,0,100.0,33,33,59.3,100.0,18,54.5,18
15,Josh Conerly Jr.,163291,T,WAS,1,0,32,69.4,100.0,13,39.4,13,78.1,0,100.0,33,33,77.2,100.0,17,51.5,17
15,Darnell Wright,98480,T,CHI,1,0,6,67.0,100.0,13,39.4,13,68.1,0,100.0,33,33,77.4,100.0,16,48.5,16
15,Ozzy Trapilo,123552,T,CHI,1,0,6,53.6,100.0,13,39.4,13,44.8,0,100.0,33,33,43.7,100.0,16,48.5,16
15,Colton McKivitz,29314,T,SF,1,0,28,63.3,100.0,12,36.4,12,70.3,0,100.0,33,33,84.2,100.0,18,54.5,18
15,Chris Paul,77579,G,WAS,1,0,32,44.5,100.0,13,39.4,13,44.6,0,100.0,33,33,51.0,100.0,17,51.5,17
15,Tyler Biadasz,41178,C,WAS,1,0,32,51.0,100.0,13,39.4,13,66.2,0,100.0,33,33,75.2,100.0,17,51.5,17
15,Drew Dalman,52270,C,CHI,1,0,6,54.6,100.0,13,39.4,13,52.7,0,100.0,33,33,54.5,100.0,16,48.5,16
15,Trent Brown,9677,T,HST,1,0,13,63.6,100.0,10,30.3,10,63.6,0,100.0,33,33,62.7,100.0,18,54.5,18
15,Aireontae Ersery,129649,T,HST,1,0,13,57.9,100.0,10,30.3,10,83.4,1,100.0,33,33,85.2,100.0,18,54.5,18
15,Jake Andrews,81868,C,HST,1,0,13,66.4,100.0,10,30.3,10,78.8,0,100.0,33,33,80.7,100.0,18,54.5,18
15,Tytus Howard,25472,G,HST,1,0,13,33.9,100.0,10,30.3,10,67.8,0,100.0,33,33,81.6,100.0,18,54.5,18
15,Sam Cosmi,60114,G,WAS,1,0,32,71.3,100.0,13,39.4,13,66.1,0,100.0,33,33,58.7,100.0,17,51.5,17
15,Ed Ingram,59819,G,HST,1,0,13,47.1,100.0,10,30.3,10,72.2,0,100.0,33,33,86.0,100.0,18,54.5,18
15,Trent Williams,5529,T,SF,1,0,28,86.5,100.0,12,36.4,12,95.1,0,100.0,33,33,93.3,100.0,18,54.5,18
15,Jonah Jackson,37070,G,CHI,1,0,6,71.6,100.0,13,39.4,13,74.9,0,100.0,33,33,71.9,100.0,16,48.5,16
15,David Edwards,35941,G,BUF,1,0,4,72.6,100.0,13,40.6,13,72.9,0,100.0,32,32,68.3,100.0,13,40.6,13
15,Spencer Brown,42296,T,BUF,1,0,4,68.7,100.0,13,40.6,13,77.3,0,100.0,32,32,72.4,100.0,13,40.6,13
15,Dallas Goedert,47272,TE,PHI,1,0,24,50.2,100.0,9,28.1,9,57.6,0,100.0,32,32,63.0,100.0,21,65.6,21
15,Dion Dawkins,11818,T,BUF,1,0,4,81.7,100.0,13,40.6,13,64.1,0,100.0,32,32,49.1,100.0,13,40.6,13
15,O'Cyrus Torrence,102821,G,BUF,1,0,4,52.9,100.0,13,40.6,13,64.2,0,100.0,32,32,67.7,100.0,13,40.6,13
15,Joe Thuney,10712,G,CHI,1,0,6,54.0,100.0,13,40.6,13,44.3,0,100.0,32,32,51.9,100.0,16,50.0,16
15,Landon Dickerson,41712,G,PHI,1,0,24,52.5,100.0,9,28.1,9,75.3,0,100.0,32,32,77.3,100.0,21,65.6,21
15,Connor McGovern,41714,C,BUF,1,0,4,55.7,100.0,13,40.6,13,66.1,0,100.0,32,32,74.1,100.0,13,40.6,13
15,Jordan Mailata,66916,T,PHI,1,0,24,93.1,100.0,9,28.1,9,80.2,0,100.0,32,32,64.8,100.0,21,65.6,21
15,Cam Jurgens,84014,C,PHI,1,0,24,60.4,100.0,9,28.1,9,74.5,0,100.0,32,32,77.5,100.0,21,65.6,21
15,Zion Johnson,99681,G,LAC,1,0,27,51.8,100.0,15,48.4,15,54.4,0,100.0,31,31,59.4,100.0,15,48.4,15
15,Quenton Nelson,12954,G,IND,1,0,14,51.4,100.0,18,58.1,18,52.4,0,100.0,31,31,57.5,100.0,13,41.9,13
15,Jamaree Salyer,81656,T,LAC,1,0,27,61.4,100.0,15,48.4,15,63.6,1,100.0,31,31,63.9,100.0,15,48.4,15
15,Alec Pierce,78038,WR,IND,1,0,14,62.8,100.0,18,58.1,18,43.3,0,100.0,31,31,60.3,100.0,13,41.9,13
15,Matt Goncalves,99680,G,IND,1,0,14,63.9,100.0,18,58.1,18,63.8,0,100.0,31,31,61.8,100.0,13,41.9,13
15,Bradley Bozeman,27934,C,LAC,1,0,27,56.1,100.0,15,48.4,15,57.2,0,100.0,31,31,59.3,100.0,15,48.4,15
15,Brock Purdy,77672,QB,SF,1,0,28,60.0,100.0,12,38.7,12,60.0,0,93.9,31,33,60.0,100.0,18,58.1,18
15,Bobby Hart,9659,T,LAC,1,0,27,51.1,100.0,15,48.4,15,47.9,0,100.0,31,31,50.2,100.0,15,48.4,15
15,Jalen Travis,155412,T,IND,1,0,14,78.5,100.0,18,58.1,18,68.3,0,100.0,31,31,51.6,100.0,13,41.9,13
15,Tanor Bortolini,129915,C,IND,1,0,14,73.5,100.0,18,58.1,18,70.6,0,100.0,31,31,81.4,100.0,13,41.9,13
15,George Kittle,11901,TE,SF,1,0,28,58.1,100.0,12,38.7,12,70.3,0,100.0,31,31,70.4,100.0,16,51.6,16
15,Caleb Williams,144622,QB,CHI,1,0,6,60.0,92.3,12,38.7,13,60.0,0,93.9,31,33,60.0,100.0,16,51.6,16
15,A.J. Brown,48327,WR,PHI,1,0,24,58.9,100.0,9,30.0,9,61.3,0,100.0,30,30,62.8,100.0,20,66.7,20
15,Tyler Booker,157001,G,DAL,1,0,9,71.7,100.0,12,40.0,12,67.5,0,100.0,30,30,60.9,100.0,15,50.0,15
15,Terence Steele,39461,T,DAL,1,0,9,51.7,100.0,12,40.0,12,66.8,0,100.0,30,30,85.1,100.0,15,50.0,15
15,Philip Rivers,1725,QB,IND,1,0,14,60.0,100.0,18,60.0,18,60.0,0,96.8,30,31,60.0,92.3,12,40.0,13
15,Cade Stover,101486,TE,HST,1,0,13,41.1,100.0,9,31.0,9,42.8,0,96.7,29,30,51.9,100.0,16,55.2,16
15,Justin Herbert,28237,QB,LAC,1,0,27,60.0,100.0,15,51.7,15,60.0,0,93.5,29,31,60.0,93.3,14,48.3,15
15,Luke Wattenberg,41024,C,DEN,1,0,10,70.3,100.0,12,41.4,12,82.5,0,100.0,29,29,79.9,100.0,10,34.5,10
15,Tyler Smith,98385,G,DAL,1,0,9,66.4,100.0,11,37.9,11,78.2,0,100.0,29,29,74.2,100.0,15,51.7,15
15,Mike McGlinchey,46275,T,DEN,1,0,10,55.1,100.0,12,41.4,12,67.5,0,100.0,29,29,81.0,100.0,10,34.5,10
15,C.J. Stroud,129759,QB,HST,1,0,13,60.1,100.0,10,34.5,10,60.7,0,87.9,29,33,60.0,94.4,17,58.6,18
15,Cooper Beebe,99434,C,DAL,1,0,9,59.0,100.0,12,41.4,12,73.5,0,100.0,29,29,78.3,100.0,15,51.7,15
15,Alaric Jackson,40972,T,LA,1,0,26,55.6,100.0,18,64.3,18,61.2,0,100.0,28,28,68.5,100.0,8,28.6,8
15,Coleman Shelton,39316,C,LA,1,0,26,56.7,100.0,18,64.3,18,59.4,0,100.0,28,28,63.2,100.0,8,28.6,8
15,Dylan Fairchild,146716,G,CIN,1,0,7,57.0,100.0,16,57.1,16,55.0,0,100.0,28,28,55.4,100.0,12,42.9,12
15,Joe Burrow,28022,QB,CIN,1,0,7,60.0,100.0,16,57.1,16,60.0,0,100.0,28,28,60.0,100.0,12,42.9,12
15,Dak Prescott,10769,QB,DAL,1,0,9,60.0,100.0,12,42.9,12,60.0,0,96.6,28,29,60.0,100.0,15,53.6,15
15,Ted Karras,10855,C,CIN,1,0,7,58.9,100.0,16,57.1,16,55.1,0,100.0,28,28,53.7,100.0,12,42.9,12
15,Darnell Washington,124044,TE,PIT,1,0,25,68.3,100.0,6,21.4,6,66.8,0,100.0,28,28,63.7,100.0,18,64.3,18
15,Spencer Burford,81920,G,SF,1,0,28,58.9,100.0,9,32.1,9,62.5,0,100.0,28,28,64.7,100.0,16,57.1,16
15,Matthew Stafford,4924,QB,LA,1,0,26,60.0,100.0,18,64.3,18,60.0,0,100.0,28,28,60.0,100.0,8,28.6,8
15,Nathan Thomas,98390,T,DAL,1,0,9,69.8,100.0,11,39.3,11,59.0,0,100.0,28,28,65.8,100.0,14,50.0,14
15,Colby Parkinson,52266,TE,LA,1,0,26,74.3,100.0,18,64.3,18,67.0,0,100.0,28,28,53.3,100.0,8,28.6,8
15,Dalton Risner,47008,G,CIN,1,0,7,50.0,100.0,16,57.1,16,57.9,0,100.0,28,28,67.7,100.0,12,42.9,12
15,Cole Kmet,60995,TE,CHI,1,0,6,70.3,100.0,11,39.3,11,66.3,0,100.0,28,28,69.7,100.0,13,46.4,13
15,Kevin Dotson,46735,G,LA,1,0,26,81.1,100.0,18,64.3,18,82.2,0,100.0,28,28,71.2,100.0,8,28.6,8
15,Warren McClendon Jr.,99081,T,LA,1,0,26,79.8,100.0,18,64.3,18,84.2,0,100.0,28,28,77.9,100.0,8,28.6,8
15,Orlando Brown Jr.,46227,T,CIN,1,0,7,42.5,100.0,16,57.1,16,47.1,0,100.0,28,28,58.1,100.0,12,42.9,12
15,Steve Avila,77319,G,LA,1,0,26,60.0,100.0,18,64.3,18,65.9,0,100.0,28,28,70.4,100.0,8,28.6,8
15,Marcus Mariota,9435,QB,WAS,1,0,32,60.0,92.3,12,42.9,13,60.3,0,84.8,28,33,60.2,94.1,16,57.1,17
15,Donovan Jackson,145064,G,MIN,1,0,18,54.4,100.0,11,40.7,11,55.4,0,100.0,27,27,58.8,100.0,10,37.0,10
15,Ja'Marr Chase,84270,WR,CIN,1,0,7,63.3,100.0,16,59.3,16,62.0,0,100.0,27,27,59.4,100.0,11,40.7,11
15,Ryan Kelly,10652,C,MIN,1,0,18,56.6,100.0,11,40.7,11,66.4,0,100.0,27,27,73.2,100.0,10,37.0,10
15,Garett Bolles,11775,T,DEN,1,0,10,55.0,100.0,12,44.4,12,61.7,0,100.0,27,27,71.4,100.0,10,37.0,10
15,Michael Pittman Jr.,29049,WR,IND,1,0,14,58.6,100.0,16,59.3,16,59.7,0,100.0,27,27,61.3,100.0,11,40.7,11
15,Dawson Knox,35883,TE,BUF,1,0,4,59.0,100.0,11,40.7,11,55.5,0,100.0,27,27,53.3,100.0,10,37.0,10
15,Justin Skule,38951,T,MIN,1,0,18,36.9,100.0,11,40.7,11,45.5,0,100.0,27,27,59.9,100.0,10,37.0,10
15,Jalen Hurts,40291,QB,PHI,1,0,24,60.0,88.9,8,29.6,9,60.0,0,84.4,27,32,60.0,90.5,19,70.4,21
15,Will Fries,41530,G,MIN,1,0,18,56.5,100.0,11,40.7,11,59.4,0,100.0,27,27,62.8,100.0,10,37.0,10
15,Olamide Zaccheaus,44920,WR,CHI,1,0,6,57.9,100.0,9,33.3,9,58.8,0,100.0,27,27,60.4,100.0,15,55.6,15
15,Olumuyiwa Fashanu,129777,T,NYJ,1,0,22,55.6,100.0,8,29.6,8,49.9,0,100.0,27,27,50.4,100.0,13,48.1,13
15,Armand Membou,125008,T,NYJ,1,0,22,56.5,100.0,8,29.6,8,64.6,0,100.0,27,27,77.9,100.0,13,48.1,13
15,DJ Moore,48267,WR,CHI,1,0,6,61.8,100.0,11,40.7,11,61.4,0,100.0,27,27,61.3,100.0,14,51.9,14
15,Tre Harris,122676,WR,LAC,1,0,27,55.1,100.0,14,51.9,14,56.1,0,100.0,27,27,59.2,100.0,13,48.1,13
15,Alex Palczewski,59738,G,DEN,1,0,10,60.1,100.0,12,44.4,12,65.0,0,100.0,27,27,70.4,100.0,10,37.0,10
15,Mekhi Becton,59818,G,LAC,1,0,27,67.8,100.0,15,55.6,15,54.8,0,100.0,27,27,42.7,100.0,11,40.7,11
15,Josh Myers,59992,C,NYJ,1,0,22,60.5,100.0,8,29.6,8,54.9,0,100.0,27,27,54.2,100.0,13,48.1,13
15,Quinn Meinerz,112915,G,DEN,1,0,10,92.9,100.0,12,44.4,12,93.9,0,100.0,27,27,85.0,100.0,10,37.0,10
15,Grant Calcaterra,60997,TE,PHI,1,0,24,71.0,100.0,17,63.0,17,64.6,0,100.0,27,27,43.3,100.0,9,33.3,9
15,Joe Tippmann,101568,G,NYJ,1,0,22,63.3,100.0,8,29.6,8,46.5,0,100.0,27,27,39.7,100.0,13,48.1,13
15,Davis Allen,99697,TE,LA,1,0,26,51.5,100.0,17,63.0,17,56.3,0,100.0,27,27,65.1,100.0,8,29.6,8
15,Scott Matlock,82482,FB,LAC,1,0,27,60.3,100.0,14,51.9,14,58.3,0,100.0,27,27,57.1,100.0,12,44.4,12
15,John Simpson,41715,G,NYJ,1,0,22,48.6,100.0,8,30.8,8,47.0,0,100.0,26,26,51.3,100.0,12,46.2,12
15,Brady Cook,124199,QB,NYJ,1,0,22,60.0,100.0,8,30.8,8,60.0,0,96.3,26,27,60.0,100.0,13,50.0,13
15,Isaac Seumalo,10713,G,PIT,1,0,25,53.5,100.0,8,30.8,8,68.5,0,100.0,26,26,77.6,100.0,14,53.8,14
15,Jayden Higgins,150240,WR,HST,1,0,13,76.6,100.0,8,32.0,8,85.3,0,100.0,25,25,80.0,100.0,15,60.0,15
15,Damien Lewis,81532,G,CAR,1,0,5,58.5,100.0,2,8.0,2,68.2,0,100.0,25,25,72.2,100.0,20,80.0,20
15,Justin Jefferson,61398,WR,MIN,1,0,18,61.9,100.0,11,44.0,11,59.4,0,100.0,25,25,59.0,100.0,10,40.0,10
15,Ikem Ekwonu,98286,T,CAR,1,0,5,46.6,100.0,2,8.0,2,69.6,0,100.0,25,25,71.7,100.0,20,80.0,20
15,Austin Corbett,46290,C,CAR,1,0,5,54.4,100.0,2,8.0,2,47.3,0,100.0,25,25,52.7,100.0,20,80.0,20
15,Taylor Moton,11819,T,CAR,1,0,5,60.0,100.0,2,8.0,2,77.5,0,100.0,25,25,81.1,100.0,20,80.0,20
15,J.J. McCarthy,144918,QB,MIN,1,0,18,60.0,100.0,11,44.0,11,60.0,0,92.6,25,27,60.0,100.0,10,40.0,10
15,Cade Mays,81995,C,CAR,1,0,5,60.0,100.0,2,8.0,2,58.5,0,100.0,25,25,62.7,100.0,20,80.0,20
15,D.K. Metcalf,47864,WR,PIT,1,0,25,60.9,100.0,7,28.0,7,58.3,0,100.0,25,25,57.2,100.0,18,72.0,18
15,Josh Allen,46601,QB,BUF,1,0,4,60.0,92.3,12,48.0,13,60.0,0,78.1,25,32,60.0,92.3,12,48.0,13
15,Luke Fortner,42028,C,NO,1,0,20,69.1,100.0,5,20.8,5,67.4,0,100.0,24,24,63.4,100.0,15,62.5,15
15,Bo Nix,97790,QB,DEN,1,0,10,60.0,91.7,11,45.8,12,60.0,0,82.8,24,29,60.0,100.0,10,41.7,10
15,Andrei Iosivas,109811,WR,CIN,1,0,7,50.3,100.0,13,54.2,13,52.6,0,100.0,24,24,60.6,100.0,11,45.8,11
15,Jauan Jennings,48027,WR,SF,1,0,28,53.6,100.0,6,25.0,6,56.3,0,100.0,24,24,60.3,100.0,15,62.5,15
15,Terrance Ferguson,146563,TE,LA,1,0,26,71.0,100.0,15,62.5,15,69.3,0,100.0,24,24,60.2,100.0,7,29.2,7
15,Dillon Radunz,30551,G,NO,1,0,20,64.4,100.0,5,20.8,5,61.2,0,100.0,24,24,50.7,100.0,15,62.5,15
15,Bryce Young,123943,QB,CAR,1,0,5,60.0,100.0,2,8.3,2,60.0,0,96.0,24,25,60.0,100.0,20,83.3,20
15,Drew Sample,47259,TE,CIN,1,0,7,61.9,100.0,13,54.2,13,62.3,0,100.0,24,24,61.4,100.0,11,45.8,11
15,Taliese Fuaga,131732,T,NO,1,0,20,55.4,100.0,5,20.8,5,68.5,1,100.0,24,24,66.1,100.0,15,62.5,15
15,Ben Sinnott,122616,TE,WAS,1,0,32,64.6,100.0,8,33.3,8,63.8,0,100.0,24,24,61.0,100.0,13,54.2,13
15,Kelvin Banks Jr.,163839,T,NO,1,0,20,73.2,100.0,5,20.8,5,78.0,1,100.0,24,24,74.3,100.0,15,62.5,15
15,Garrett Bradbury,46013,C,NE,1,0,19,81.8,100.0,7,30.4,7,66.0,0,100.0,23,23,52.9,100.0,10,43.5,10
15,Mike Onwenu,27357,G,NE,1,0,19,75.9,100.0,7,30.4,7,82.0,0,100.0,23,23,72.1,100.0,10,43.5,10
15,Adam Thielen,8288,WR,PIT,1,0,25,59.8,100.0,6,26.1,6,39.8,0,100.0,23,23,54.8,100.0,17,73.9,17
15,Jon Runyan,36661,G,NYG,1,0,21,68.1,100.0,9,39.1,9,54.7,0,100.0,23,23,46.7,100.0,14,60.9,14
15,Jared Wilson,146717,G,NE,1,0,19,53.0,100.0,7,30.4,7,50.4,0,100.0,23,23,53.0,100.0,10,43.5,10
15,Kyle Juszczyk,7912,FB,SF,1,0,28,50.8,100.0,7,30.4,7,55.9,0,100.0,23,23,62.4,100.0,14,60.9,14
15,Morgan Moses,8701,T,NE,1,0,19,76.7,100.0,7,30.4,7,71.8,0,100.0,23,23,63.6,100.0,10,43.5,10
15,Wan'Dale Robinson,101735,WR,NYG,1,0,21,56.6,100.0,9,39.1,9,58.3,0,100.0,23,23,60.8,100.0,14,60.9,14
15,Jermaine Eluemunor,11914,T,NYG,1,0,21,49.8,100.0,9,39.1,9,56.2,0,100.0,23,23,63.5,100.0,14,60.9,14
15,Cole Van Lanen,41583,T,JAX,1,0,15,62.1,100.0,6,26.1,6,73.4,0,100.0,23,23,79.2,100.0,9,39.1,9
15,Greg Van Roten,7746,G,NYG,1,0,21,45.1,100.0,9,39.1,9,60.3,0,100.0,23,23,63.6,100.0,14,60.9,14
15,Vederian Lowe,59741,T,NE,1,0,19,35.7,100.0,7,30.4,7,68.5,0,100.0,23,23,88.1,100.0,10,43.5,10
15,John Bates,42275,TE,WAS,1,0,32,48.0,100.0,9,39.1,9,49.5,0,100.0,23,23,55.8,100.0,11,47.8,11
15,Andrew Thomas,59701,T,NYG,1,0,21,63.1,100.0,9,39.1,9,79.4,0,100.0,23,23,83.5,100.0,14,60.9,14
15,John Metchie III,97400,WR,NYJ,1,0,22,48.7,100.0,7,30.4,7,52.7,0,95.8,23,24,61.6,100.0,12,52.2,12
15,John Michael Schmitz Jr.,55238,C,NYG,1,0,21,54.0,100.0,9,39.1,9,57.3,1,100.0,23,23,61.0,100.0,14,60.9,14
15,Patrick Mekari,46219,G,JAX,1,0,15,55.2,100.0,6,26.1,6,53.4,0,100.0,23,23,54.9,100.0,9,39.1,9
15,Jeremy Ruckert,84029,TE,NYJ,1,0,22,66.4,100.0,7,30.4,7,63.3,0,100.0,23,23,49.8,100.0,11,47.8,11
15,Luke Goedeke,77548,T,TB,1,0,30,62.9,100.0,14,63.6,14,71.1,0,100.0,22,22,75.3,100.0,8,36.4,8
15,Roger Rosengarten,131912,T,BLT,1,0,3,70.6,100.0,10,45.5,10,72.2,0,100.0,22,22,57.2,100.0,8,36.4,8
15,Matthew Bergeron,99658,G,ATL,1,0,2,60.0,100.0,1,4.5,1,72.3,0,100.0,22,22,74.2,100.0,21,95.5,21
15,Peter Skoronski,129737,G,TEN,1,0,31,69.4,100.0,10,45.5,10,83.7,0,100.0,22,22,87.8,100.0,9,40.9,9
15,Tyler Linderbaum,82291,C,BLT,1,0,3,63.7,100.0,10,45.5,10,83.0,0,100.0,22,22,86.2,100.0,8,36.4,8
15,Elijah Wilkinson,46238,T,ATL,1,0,2,59.3,100.0,1,4.5,1,57.7,0,100.0,22,22,58.6,100.0,21,95.5,21
15,Dan Feeney,11826,G,TB,1,0,30,54.1,100.0,14,63.6,14,54.8,0,100.0,22,22,71.3,100.0,8,36.4,8
15,Jahan Dotson,84375,WR,PHI,1,0,24,60.1,100.0,5,22.7,5,74.1,0,100.0,22,22,75.8,100.0,16,72.7,16
15,Terry McLaurin,48229,WR,WAS,1,0,32,61.3,100.0,6,27.3,6,61.9,0,100.0,22,22,60.1,100.0,13,59.1,13
15,Ryan Neuzil,41123,C,ATL,1,0,2,60.0,100.0,1,4.5,1,73.9,0,100.0,22,22,73.9,100.0,21,95.5,21
15,Kirk Cousins,7102,QB,ATL,1,0,2,60.0,100.0,1,4.5,1,60.0,0,100.0,22,22,60.0,100.0,21,95.5,21
15,Tristan Wirfs,64818,T,TB,1,0,30,98.6,100.0,14,63.6,14,98.0,0,100.0,22,22,80.0,100.0,8,36.4,8
15,Baker Mayfield,46518,QB,TB,1,0,30,60.1,100.0,14,63.6,14,60.1,0,100.0,22,22,60.0,100.0,8,36.4,8
15,Lloyd Cushenberry III,41924,C,TEN,1,0,31,71.5,100.0,10,45.5,10,68.0,0,100.0,22,22,61.3,100.0,9,40.9,9
15,Graham Barton,122367,C,TB,1,0,30,66.0,100.0,14,63.6,14,65.2,0,100.0,22,22,61.0,100.0,8,36.4,8
15,Dalton Schultz,47304,TE,HST,1,0,13,70.6,100.0,8,36.4,8,73.5,0,100.0,22,22,70.2,100.0,11,50.0,11
15,Courtland Sutton,48164,WR,DEN,1,0,10,54.3,100.0,9,40.9,9,50.8,0,100.0,22,22,59.5,100.0,9,40.9,9
15,JC Latham,146596,T,TEN,1,0,31,84.2,100.0,10,45.5,10,78.9,1,100.0,22,22,64.7,100.0,9,40.9,9
15,Chris Lindstrom,46692,G,ATL,1,0,2,60.0,100.0,1,4.5,1,85.3,0,100.0,22,22,86.7,100.0,21,95.5,21
15,Jake Matthews,8641,T,ATL,1,0,2,60.0,100.0,1,4.5,1,42.1,1,100.0,22,22,41.7,100.0,21,95.5,21
15,Michael Jordan,28021,G,TB,1,0,30,63.5,100.0,14,63.6,14,51.4,0,100.0,22,22,41.3,100.0,8,36.4,8
15,Olisaemeka Udoh,28394,T,TEN,1,0,31,49.1,100.0,10,45.5,10,75.4,1,100.0,22,22,82.7,100.0,9,40.9,9
15,George Pickens,99229,WR,DAL,1,0,9,54.4,100.0,8,36.4,8,55.9,0,100.0,22,22,60.0,100.0,12,54.5,12
15,Daniel Faalele,81734,G,BLT,1,0,3,53.2,100.0,10,45.5,10,62.0,0,100.0,22,22,70.0,100.0,8,36.4,8
15,Cesar Ruiz,59857,G,NO,1,0,20,66.5,100.0,4,19.0,4,65.1,0,100.0,21,21,55.1,100.0,14,66.7,14
15,Drake Maye,143969,QB,NE,1,0,19,60.0,100.0,7,33.3,7,60.0,0,91.3,21,23,60.0,90.0,9,42.9,10
15,Tyrell Shavers,61107,WR,BUF,1,0,4,57.3,100.0,10,47.6,10,56.4,0,100.0,21,21,59.0,100.0,6,28.6,6
15,Graham Glasgow,10729,C,DET,1,0,11,57.7,100.0,13,61.9,13,49.7,0,100.0,21,21,48.0,100.0,8,38.1,8
15,Penei Sewell,81788,T,DET,1,0,11,58.1,100.0,13,61.9,13,66.7,1,100.0,21,21,74.1,100.0,8,38.1,8
15,Cam Ward,133244,QB,TEN,1,0,31,60.0,100.0,10,47.6,10,60.0,0,95.5,21,22,60.0,100.0,9,42.9,9
15,Colston Loveland,158540,TE,CHI,1,0,6,57.7,100.0,8,38.1,8,68.4,0,95.5,21,22,74.4,100.0,11,52.4,11
15,Taylor Decker,10650,T,DET,1,0,11,51.6,100.0,13,61.9,13,46.5,0,100.0,21,21,48.4,100.0,8,38.1,8
15,Tate Ratledge,124034,G,DET,1,0,11,51.6,100.0,13,61.9,13,55.8,0,100.0,21,21,63.3,100.0,8,38.1,8
15,Jared Goff,10635,QB,DET,1,0,11,60.0,100.0,13,61.9,13,60.1,0,100.0,21,21,60.0,100.0,8,38.1,8
15,Tyler Warren,129798,TE,IND,1,0,14,60.8,100.0,13,61.9,13,66.0,0,100.0,21,21,69.7,100.0,8,38.1,8
15,Jon Gaines II,81879,G,ARZ,1,0,1,55.8,100.0,7,35.0,7,79.6,0,100.0,20,20,86.0,100.0,10,50.0,10
15,Kelvin Beachum,7229,T,ARZ,1,0,1,36.0,100.0,7,35.0,7,49.7,0,100.0,20,20,70.6,100.0,10,50.0,10
15,Blake Fisher,147479,T,HST,1,0,13,75.4,100.0,6,30.0,6,65.4,1,100.0,20,20,55.2,100.0,11,55.0,11
15,Hjalte Froholdt,44959,C,ARZ,1,0,1,66.8,100.0,7,35.0,7,65.2,0,100.0,20,20,62.7,100.0,10,50.0,10
15,Chris Godwin,11839,WR,TB,1,0,30,55.2,100.0,12,60.0,12,71.3,0,100.0,20,20,86.4,100.0,8,40.0,8
15,Josh Oliver,47083,TE,MIN,1,0,18,48.0,100.0,10,50.0,10,49.0,0,100.0,20,20,60.1,100.0,5,25.0,5
15,Grey Zabel,125314,G,SEA,1,0,29,63.2,100.0,6,30.0,6,59.1,0,100.0,20,20,56.4,100.0,11,55.0,11
15,Brandon Coleman,123068,T,WAS,1,0,32,76.8,100.0,9,45.0,9,71.3,0,100.0,20,20,59.4,100.0,8,40.0,8
15,Payne Durham,84037,TE,TB,1,0,30,66.8,100.0,14,70.0,14,73.5,0,100.0,20,20,74.3,100.0,6,30.0,6
15,DeVonta Smith,61100,WR,PHI,1,0,24,60.0,100.0,1,5.0,1,60.9,0,100.0,20,20,61.6,100.0,18,90.0,18
15,Adam Trautman,109795,TE,DEN,1,0,10,73.9,100.0,11,55.0,11,77.3,0,100.0,20,20,75.6,100.0,3,15.0,3
15,Isaiah Adams,158192,G,ARZ,1,0,1,61.0,100.0,7,35.0,7,48.6,0,100.0,20,20,65.1,100.0,10,50.0,10
15,Jalen Sundell,91396,C,SEA,1,0,29,57.9,100.0,6,30.0,6,58.7,0,100.0,20,20,53.8,100.0,11,55.0,11
15,Anthony Bradford,99103,G,SEA,1,0,29,55.0,100.0,6,30.0,6,77.6,0,100.0,20,20,78.8,100.0,11,55.0,11
15,Darius Slayton,25578,WR,NYG,1,0,21,59.2,100.0,8,40.0,8,77.1,0,100.0,20,20,61.6,100.0,12,60.0,12
15,Kyle Pitts,83964,TE,ATL,1,0,2,60.0,100.0,1,5.0,1,49.7,0,100.0,20,20,59.3,100.0,19,95.0,19
15,David Sills V,34579,WR,ATL,1,0,2,,,0,0.0,0,58.8,0,100.0,19,19,58.8,100.0,19,100.0,19
15,Jaxson Dart,146409,QB,NYG,1,0,21,60.0,66.7,6,31.6,9,60.0,0,86.4,19,22,60.0,100.0,13,68.4,13
15,Tetairoa McMillan,158735,WR,CAR,1,0,5,60.0,100.0,1,5.3,1,54.9,0,100.0,19,19,55.0,100.0,17,89.5,17
15,Jackson Hawes,109374,TE,BUF,1,0,4,57.4,100.0,7,36.8,7,64.4,0,100.0,19,19,60.5,100.0,7,36.8,7
15,Isaiah Hodgins,52130,WR,NYG,1,0,21,52.9,100.0,7,36.8,7,50.8,0,100.0,19,19,54.2,100.0,12,63.2,12
15,Keon Coleman,144949,WR,BUF,1,0,4,60.1,100.0,6,31.6,6,77.2,0,100.0,19,19,77.4,100.0,12,63.2,12
15,Hunter Henry,10669,TE,NE,1,0,19,54.7,100.0,7,36.8,7,64.6,0,100.0,19,19,76.8,100.0,9,47.4,9
15,Ladd McConkey,124030,WR,LAC,1,0,27,59.8,100.0,7,36.8,7,57.1,0,100.0,19,19,56.3,100.0,12,63.2,12
15,CeeDee Lamb,61570,WR,DAL,1,0,9,58.1,100.0,8,42.1,8,58.6,0,95.0,19,20,60.3,100.0,10,52.6,10
15,Amarius Mims,146719,T,CIN,1,0,7,57.5,100.0,11,57.9,11,61.9,0,100.0,19,19,65.4,100.0,8,42.1,8
15,Mack Hollins,11873,WR,NE,1,0,19,60.8,100.0,6,31.6,6,55.7,0,100.0,19,19,54.7,100.0,10,52.6,10
15,Andrew Vorhees,60818,G,BLT,1,0,3,52.2,100.0,10,52.6,10,66.9,0,100.0,19,19,70.2,100.0,7,36.8,7
15,Darnell Mooney,48236,WR,ATL,1,0,2,59.6,100.0,1,5.3,1,58.7,0,100.0,19,19,59.2,100.0,18,94.7,18
15,Charles Cross,98401,T,SEA,1,0,29,63.3,100.0,6,31.6,6,64.1,0,100.0,19,19,64.2,100.0,11,57.9,11
15,Charlie Woerner,42257,TE,ATL,1,0,2,60.0,100.0,1,5.3,1,75.3,0,100.0,19,19,76.0,100.0,18,94.7,18
15,Theo Johnson,129787,TE,NYG,1,0,21,58.9,100.0,8,42.1,8,45.2,0,100.0,19,19,54.9,100.0,11,57.9,11
15,Tyler Shough,83537,QB,NO,1,0,20,60.0,80.0,4,21.1,5,60.2,0,79.2,19,24,60.1,93.3,14,73.7,15
15,Treylon Burks,99218,WR,WAS,1,0,32,59.3,100.0,10,55.6,10,31.4,0,100.0,18,18,60.9,100.0,8,44.4,8
15,Bernhard Raimann,77948,T,IND,1,0,14,54.2,100.0,10,55.6,10,78.9,0,100.0,18,18,85.1,100.0,8,44.4,8
15,T.J. Hockenson,40912,TE,MIN,1,0,18,47.4,100.0,7,38.9,7,70.7,0,100.0,18,18,76.8,100.0,9,50.0,9
15,Patrick Mahomes,11765,QB,KC,1,0,16,60.0,100.0,5,27.8,5,60.0,0,100.0,18,18,60.0,100.0,12,66.7,12
15,Sean Rhyan,72009,C,GB,1,0,12,71.8,100.0,9,50.0,9,63.8,0,100.0,18,18,54.1,100.0,8,44.4,8
15,Jacoby Brissett,10725,QB,ARZ,1,0,1,60.0,100.0,7,38.9,7,60.0,0,90.0,18,20,60.0,100.0,10,55.6,10
15,Kingsley Suamataia,146558,G,KC,1,0,16,52.1,100.0,5,27.8,5,74.8,0,100.0,18,18,84.1,100.0,12,66.7,12
15,Brian O'Neill,46854,T,MIN,1,0,18,68.9,100.0,7,38.9,7,78.7,0,100.0,18,18,85.2,100.0,6,33.3,6
15,Sam Darnold,29048,QB,SEA,1,0,29,60.0,100.0,6,33.3,6,60.0,0,90.0,18,20,60.0,100.0,11,61.1,11
15,Trevor Penning,59963,G,LAC,1,0,27,47.1,100.0,11,61.1,11,42.5,0,100.0,18,18,47.8,100.0,7,38.9,7
15,Aaron Banks,59983,G,GB,1,0,12,93.1,100.0,9,50.0,9,71.8,0,100.0,18,18,37.4,100.0,8,44.4,8
15,Michael Wilson,84423,WR,ARZ,1,0,1,60.6,100.0,5,27.8,5,60.9,0,100.0,18,18,61.1,100.0,10,55.6,10
15,Creed Humphrey,59996,C,KC,1,0,16,55.4,100.0,5,27.8,5,91.5,0,100.0,18,18,94.6,100.0,12,66.7,12
15,Abraham Lucas,60218,T,SEA,1,0,29,73.5,100.0,5,27.8,5,81.6,0,100.0,18,18,77.0,100.0,11,61.1,11
15,Rasheed Walker,81798,T,GB,1,0,12,63.2,100.0,9,50.0,9,61.3,0,100.0,18,18,58.7,100.0,8,44.4,8
15,Amon-Ra St. Brown,84470,WR,DET,1,0,11,58.2,100.0,10,55.6,10,76.6,0,100.0,18,18,84.3,100.0,8,44.4,8
15,Anthony Belton,143985,G,GB,1,0,12,59.7,100.0,9,50.0,9,60.4,0,100.0,18,18,61.0,100.0,8,44.4,8
15,Jordan Love,40306,QB,GB,1,0,12,60.0,100.0,9,50.0,9,60.0,0,100.0,18,18,60.0,100.0,8,44.4,8
15,Travis Kelce,7844,TE,KC,1,0,16,54.7,100.0,5,27.8,5,62.0,0,100.0,18,18,58.6,100.0,12,66.7,12
15,Mike Caliendo,41446,G,KC,1,0,16,46.9,100.0,5,27.8,5,45.8,0,100.0,18,18,51.8,100.0,12,66.7,12
15,Trystan Colon,41117,G,DET,1,0,11,46.7,100.0,12,66.7,12,43.3,0,100.0,18,18,49.8,100.0,6,33.3,6
15,Cameron Latu,82647,TE,PHI,1,0,24,41.8,100.0,11,64.7,11,54.7,0,100.0,17,17,48.9,100.0,5,29.4,5
15,Khalil Shakir,84140,WR,BUF,1,0,4,60.7,100.0,7,41.2,7,57.3,0,100.0,17,17,55.6,100.0,9,52.9,9
15,Lil'Jordan Humphrey,42247,WR,DEN,1,0,10,58.5,100.0,8,47.1,8,59.6,0,100.0,17,17,61.4,100.0,8,47.1,8
15,Adonai Mitchell,146712,WR,NYJ,1,0,22,60.2,100.0,6,35.3,6,59.2,0,94.4,17,18,59.8,100.0,8,47.1,8
15,Luke Schoonmaker,84005,TE,DAL,1,0,9,59.0,100.0,6,35.3,6,52.6,0,100.0,17,17,51.2,100.0,9,52.9,9
15,Ryan Flournoy,159617,WR,DAL,1,0,9,57.3,100.0,7,41.2,7,58.9,0,100.0,17,17,61.9,100.0,9,52.9,9
15,Elic Ayomanor,157263,WR,TEN,1,0,31,58.8,100.0,7,41.2,7,50.7,0,100.0,17,17,84.9,100.0,7,41.2,7
15,Jameson Williams,101701,WR,DET,1,0,11,54.5,100.0,11,64.7,11,74.7,0,100.0,17,17,60.4,100.0,6,35.3,6
15,Ronnie Stanley,10640,T,BLT,1,0,3,66.4,100.0,9,52.9,9,70.7,0,100.0,17,17,69.3,100.0,7,41.2,7
15,Ricky Pearsall,100660,WR,SF,1,0,28,60.3,100.0,6,35.3,6,61.3,0,100.0,17,17,61.6,100.0,9,52.9,9
15,Nico Collins,61441,WR,HST,1,0,13,60.1,100.0,6,35.3,6,51.1,0,100.0,17,17,49.7,100.0,10,58.8,10
15,Lamar Jackson,46416,QB,BLT,1,0,3,60.0,100.0,9,52.9,9,60.0,0,100.0,17,17,60.0,100.0,7,41.2,7
15,Brenton Strange,101694,TE,JAX,1,0,15,61.8,100.0,5,29.4,5,40.6,0,100.0,17,17,45.8,100.0,6,35.3,6
15,Nate Adkins,87625,TE,DEN,1,0,10,57.7,100.0,6,35.3,6,42.6,0,100.0,17,17,55.7,100.0,6,35.3,6
15,Esa Pole,174220,T,KC,1,0,16,44.4,100.0,5,29.4,5,48.5,0,100.0,17,17,56.9,100.0,12,70.6,12
15,Devontez Walker,145773,WR,BLT,1,0,3,61.1,100.0,7,41.2,7,75.9,0,100.0,17,17,53.8,100.0,6,35.3,6
15,Jordan Addison,123000,WR,MIN,1,0,18,59.5,100.0,6,35.3,6,74.9,0,100.0,17,17,84.4,100.0,8,47.1,8
15,Josh Downs,122832,WR,IND,1,0,14,60.8,100.0,12,70.6,12,60.9,0,100.0,17,17,60.2,100.0,5,29.4,5
15,Mitchell Evans,147486,TE,CAR,1,0,5,59.5,100.0,2,11.8,2,62.7,0,100.0,17,17,63.5,100.0,13,76.5,13
15,Spencer Anderson,81719,G,PIT,1,0,25,59.9,100.0,3,18.8,3,64.5,0,100.0,16,16,65.2,100.0,13,81.3,13
15,Chris Olave,84355,WR,NO,1,0,20,60.4,100.0,4,25.0,4,60.7,0,100.0,16,16,60.6,100.0,10,62.5,10
15,Mason Tipton,109617,WR,NO,1,0,20,58.4,100.0,3,18.8,3,58.9,0,94.1,16,17,59.9,100.0,12,75.0,12
15,Romeo Doubs,84329,WR,GB,1,0,12,61.2,100.0,9,56.3,9,61.2,0,100.0,16,16,60.3,100.0,7,43.8,7
15,Charlie Kolar,60917,TE,BLT,1,0,3,79.9,100.0,8,50.0,8,83.0,0,100.0,16,16,65.2,100.0,4,25.0,4
15,Devaughn Vele,100637,WR,NO,1,0,20,55.4,100.0,3,18.8,3,50.0,0,100.0,16,16,54.6,100.0,11,68.8,11
15,Jake Ferguson,61081,TE,DAL,1,0,9,34.8,100.0,7,43.8,7,65.4,0,100.0,16,16,78.7,100.0,8,50.0,8
15,Jaxon Smith-Njigba,129758,WR,SEA,1,0,29,51.7,100.0,5,31.3,5,54.2,0,100.0,16,16,60.9,100.0,10,62.5,10
15,Tommy Tremble,84025,TE,CAR,1,0,5,60.0,100.0,1,6.3,1,72.4,0,100.0,16,16,77.8,100.0,12,75.0,12
15,Jaylin Lane,121811,WR,WAS,1,0,32,61.1,100.0,9,56.3,9,38.4,0,100.0,16,16,59.6,100.0,4,25.0,4
15,Mitchell Tinsley,123470,WR,CIN,1,0,7,72.9,100.0,9,56.3,9,70.2,1,100.0,16,16,59.6,100.0,7,43.8,7
15,Kevin Zeitler,7032,G,TEN,1,0,31,81.7,100.0,9,56.3,9,86.9,0,100.0,16,16,68.1,100.0,5,31.3,5
15,Matt Pryor,46647,T,PHI,1,0,24,73.2,100.0,11,73.3,11,68.4,0,100.0,15,15,54.9,100.0,4,26.7,4
15,Jakobi Meyers,47468,WR,JAX,1,0,15,58.1,100.0,5,33.3,5,57.5,0,100.0,15,15,61.4,100.0,6,40.0,6
15,Durham Smythe,47257,TE,CHI,1,0,6,42.4,100.0,7,46.7,7,36.8,1,100.0,15,15,42.9,100.0,5,33.3,5
15,Robert Hainsey,59980,C,JAX,1,0,15,64.9,100.0,5,33.3,5,66.1,0,100.0,15,15,65.0,100.0,6,40.0,6
15,Brian Thomas Jr.,146760,WR,JAX,1,0,15,60.4,100.0,6,40.0,6,60.1,1,93.8,15,16,60.0,100.0,7,46.7,7
15,Emeka Egbuka,145055,WR,TB,1,0,30,43.0,100.0,9,60.0,9,46.2,0,100.0,15,15,61.1,100.0,6,40.0,6
15,Ezra Cleveland,41973,G,JAX,1,0,15,54.7,100.0,5,33.3,5,57.0,0,100.0,15,15,47.6,100.0,6,40.0,6
15,Deebo Samuel,48274,WR,WAS,1,0,32,33.0,100.0,7,46.7,7,39.9,1,100.0,15,15,58.8,100.0,8,53.3,8
15,Anton Harrison,122929,T,JAX,1,0,15,72.3,100.0,5,33.3,5,53.6,0,100.0,15,15,35.7,100.0,6,40.0,6
15,Laremy Tunsil,10647,T,WAS,1,0,32,83.5,100.0,5,33.3,5,70.9,0,100.0,15,15,56.5,100.0,10,66.7,10
15,Xavier Legette,99197,WR,CAR,1,0,5,59.9,100.0,1,6.7,1,58.7,0,100.0,15,15,59.5,100.0,13,86.7,13
15,Trey McBride,75916,TE,ARZ,1,0,1,74.4,100.0,5,33.3,5,90.7,0,100.0,15,15,91.0,100.0,9,60.0,9
15,Darius Cooper,136866,WR,PHI,1,0,24,58.5,100.0,7,50.0,7,58.4,0,100.0,14,14,59.3,100.0,6,42.9,6
15,Foster Moreau,47043,TE,NO,1,0,20,56.8,100.0,2,14.3,2,56.6,0,100.0,14,14,58.5,100.0,9,64.3,9
15,Cam Robinson,11789,T,CLV,1,0,8,54.2,100.0,2,14.3,2,43.4,0,100.0,14,14,44.7,100.0,10,71.4,10
15,AJ Barner,129433,TE,SEA,1,0,29,48.2,100.0,5,35.7,5,47.7,0,100.0,14,14,53.4,100.0,8,57.1,8
15,Cooper Kupp,11824,WR,SEA,1,0,29,57.8,100.0,5,35.7,5,58.5,0,100.0,14,14,60.9,100.0,8,57.1,8
15,Aaron Brewer,46014,C,MIA,1,0,17,53.1,100.0,5,35.7,5,56.1,0,100.0,14,14,61.0,100.0,9,64.3,9
15,Shedeur Sanders,131396,QB,CLV,1,0,8,60.0,100.0,2,14.3,2,60.0,0,100.0,14,14,60.0,100.0,10,71.4,10
15,Tua Tagovailoa,60326,QB,MIA,1,0,17,60.0,100.0,5,35.7,5,60.0,0,100.0,14,14,60.0,100.0,9,64.3,9
15,Austin Jackson,60816,T,MIA,1,0,17,54.9,100.0,5,35.7,5,61.2,0,100.0,14,14,65.6,100.0,9,64.3,9
15,Kendrick Bourne,12270,WR,SF,1,0,28,60.2,100.0,4,28.6,4,59.4,0,100.0,14,14,59.2,100.0,8,57.1,8
15,Patrick Paul,101019,T,MIA,1,0,17,53.7,100.0,5,35.7,5,47.3,0,100.0,14,14,49.3,100.0,9,64.3,9
15,KT Leveston,77487,T,CLV,1,0,8,60.0,100.0,2,14.3,2,53.5,0,100.0,14,14,52.5,100.0,10,71.4,10
15,Jonah Savaiinaea,158742,G,MIA,1,0,17,56.5,100.0,5,35.7,5,41.2,0,100.0,14,14,49.4,100.0,9,64.3,9
15,Kylen Granson,40630,TE,PHI,1,0,24,41.4,100.0,9,64.3,9,42.5,0,100.0,14,14,57.3,100.0,4,28.6,4
15,Joel Bitonio,8670,G,CLV,1,0,8,58.8,100.0,2,14.3,2,44.0,0,100.0,14,14,52.7,100.0,10,71.4,10
15,Shane Zylstra,143786,TE,DET,1,0,11,48.4,100.0,10,71.4,10,44.9,0,100.0,14,14,51.2,100.0,4,28.6,4
15,Zay Flowers,97268,WR,BLT,1,0,3,53.4,100.0,6,42.9,6,55.0,0,100.0,14,14,60.4,100.0,7,50.0,7
15,John FitzPatrick,83974,TE,GB,1,0,12,59.8,100.0,8,57.1,8,53.0,1,100.0,14,14,44.6,100.0,5,35.7,5
15,Cole Strange,22976,G,MIA,1,0,17,45.3,100.0,5,35.7,5,53.4,0,100.0,14,14,63.8,100.0,9,64.3,9
15,Luke Wypler,129764,C,CLV,1,0,8,60.0,100.0,2,14.3,2,44.2,0,100.0,14,14,61.3,100.0,10,71.4,10
15,Konata Mumpfield,145598,WR,LA,1,0,26,60.6,100.0,10,76.9,10,61.3,0,100.0,13,13,60.0,100.0,3,23.1,3
15,Jalen Brooks,111284,WR,ARZ,1,0,1,59.6,100.0,5,38.5,5,60.7,0,100.0,13,13,60.9,100.0,7,53.8,7
15,Tanner McKee,131770,QB,PHI,1,0,24,60.0,100.0,9,69.2,9,60.0,0,100.0,13,13,60.0,100.0,4,30.8,4
15,Drew Kendall,143829,C,PHI,1,0,24,61.7,100.0,9,69.2,9,60.3,0,100.0,13,13,58.6,100.0,4,30.8,4
15,Tim Patrick,12087,WR,JAX,1,0,15,57.1,100.0,1,7.7,1,72.4,0,100.0,13,13,59.0,100.0,6,46.2,6
15,Jelani Woods,60509,TE,NYJ,1,0,22,69.2,100.0,5,38.5,5,67.4,0,100.0,13,13,60.3,100.0,6,46.2,6
15,Brett Toth,46848,C,PHI,1,0,24,51.2,100.0,9,69.2,9,57.9,0,100.0,13,13,67.9,100.0,4,30.8,4
15,Elijah Higgins,98027,TE,ARZ,1,0,1,57.8,100.0,5,38.5,5,55.3,0,100.0,13,13,56.0,100.0,6,46.2,6
15,Luke Tenuta,77367,T,IND,1,0,14,52.6,100.0,8,61.5,8,42.2,0,100.0,13,13,43.3,100.0,5,38.5,5
15,Patrick Ricard,48862,FB,BLT,1,0,3,77.2,100.0,7,53.8,7,71.7,0,100.0,13,13,59.3,100.0,5,38.5,5
15,Rashee Rice,97605,WR,KC,1,0,16,60.0,100.0,2,15.4,2,54.5,0,100.0,13,13,59.9,100.0,10,76.9,10
15,Trevor Lawrence,77632,QB,JAX,1,0,15,60.0,100.0,5,38.5,5,60.0,0,86.7,13,15,60.0,100.0,6,46.2,6
15,Pat Freiermuth,84085,TE,PIT,1,0,25,55.0,100.0,3,23.1,3,43.4,0,100.0,13,13,60.1,100.0,6,46.2,6
15,Kayshon Boutte,124087,WR,NE,1,0,19,60.3,100.0,3,23.1,3,59.0,0,100.0,13,13,60.4,100.0,5,38.5,5
15,Van Jefferson,47447,WR,TEN,1,0,31,60.2,100.0,5,41.7,5,53.9,0,100.0,12,12,58.7,100.0,5,41.7,5
15,Jalen Coker,143068,WR,CAR,1,0,5,,,0,0.0,0,52.9,0,100.0,12,12,53.4,100.0,11,91.7,11
15,Harold Fannin Jr.,163104,TE,CLV,1,0,8,55.5,100.0,2,16.7,2,56.6,0,92.3,12,13,60.4,100.0,9,75.0,9
15,Eric Saubert,11929,TE,SEA,1,0,29,59.9,100.0,2,16.7,2,59.6,0,100.0,12,12,60.2,100.0,7,58.3,7
15,Brevyn Spann-Ford,84006,TE,DAL,1,0,9,46.7,100.0,7,58.3,7,46.9,0,100.0,12,12,57.0,100.0,4,33.3,4
15,Jerry Jeudy,61103,WR,CLV,1,0,8,60.0,100.0,1,8.3,1,61.5,0,100.0,12,12,60.8,100.0,10,83.3,10
15,Dylan Parham,60953,G,LV,1,0,23,44.1,100.0,7,58.3,7,50.6,0,100.0,12,12,63.9,100.0,5,41.7,5
15,Mo Alie-Cox,12078,TE,IND,1,0,14,72.5,100.0,7,58.3,7,73.9,0,100.0,12,12,66.8,100.0,5,41.7,5
15,Stone Forsythe,41795,T,LV,1,0,23,90.1,100.0,7,58.3,7,71.7,0,100.0,12,12,44.4,100.0,5,41.7,5
15,Luke Farrell,42353,TE,SF,1,0,28,64.7,100.0,6,50.0,6,69.1,0,100.0,12,12,68.3,100.0,6,50.0,6
15,Gunnar Helm,144726,TE,TEN,1,1,31,52.9,100.0,8,66.7,8,67.7,1,100.0,12,12,88.2,100.0,3,25.0,3
15,Caleb Rogers,123157,G,LV,1,0,23,59.2,100.0,7,58.3,7,44.0,0,100.0,12,12,52.4,100.0,5,41.7,5
15,DJ Glaze,129511,T,LV,1,0,23,55.9,100.0,7,58.3,7,53.7,0,100.0,12,12,55.8,100.0,5,41.7,5
15,Jaylon Moore,43678,T,KC,1,0,16,55.0,100.0,5,41.7,5,48.7,0,100.0,12,12,49.4,100.0,6,50.0,6
15,Chimere Dike,129918,WR,TEN,1,0,31,52.2,100.0,4,33.3,4,54.0,0,92.3,12,13,60.3,100.0,7,58.3,7
15,Marquez Valdes-Scantling,47809,WR,PIT,1,0,25,60.2,100.0,5,41.7,5,60.8,0,100.0,12,12,60.7,100.0,7,58.3,7
15,Alex Cappa,66578,C,LV,1,0,23,56.7,100.0,7,58.3,7,53.4,0,100.0,12,12,55.0,100.0,5,41.7,5
15,Juwan Johnson,28305,TE,NO,1,0,20,59.5,100.0,2,18.2,2,48.0,1,100.0,11,11,47.3,100.0,7,63.6,7
15,Josh Fryar,129746,T,ARZ,1,0,1,58.8,100.0,4,36.4,4,47.3,0,100.0,11,11,63.4,100.0,5,45.5,5
15,Demontrey Jacobs,56619,T,ARZ,1,0,1,56.3,100.0,4,36.4,4,72.4,0,100.0,11,11,78.5,100.0,5,45.5,5
15,Kenny Pickett,60515,QB,LV,1,0,23,60.0,100.0,7,63.6,7,60.0,0,91.7,11,12,60.0,80.0,4,36.4,5
15,Isaac TeSlaa,172430,WR,DET,1,0,11,53.7,100.0,6,54.5,6,50.1,0,100.0,11,11,56.1,100.0,5,45.5,5
15,Isaiah Williams,97156,WR,NYJ,1,0,22,60.0,100.0,1,9.1,1,50.3,0,100.0,11,11,59.3,100.0,7,63.6,7
15,Jaylen Waddle,84088,WR,MIA,1,0,17,60.4,100.0,4,36.4,4,80.1,0,100.0,11,11,60.3,100.0,7,63.6,7
15,Oronde Gadsden II,144046,TE,LAC,1,0,27,61.1,100.0,5,50.0,5,72.3,0,100.0,10,10,71.0,100.0,4,40.0,4
15,Stefon Diggs,9579,WR,NE,1,0,19,60.0,100.0,3,30.0,3,48.9,0,100.0,10,10,56.0,100.0,4,40.0,4
15,Chigoziem Okonkwo,84000,TE,TEN,1,0,31,58.6,100.0,2,20.0,2,51.8,0,100.0,10,10,81.8,100.0,6,60.0,6
15,Jalen McMillan,131905,WR,TB,1,0,30,61.3,100.0,7,70.0,7,56.1,0,100.0,10,10,60.0,100.0,3,30.0,3
15,Jalen Nailor,84292,WR,MIN,1,0,18,52.4,100.0,4,40.0,4,53.3,1,90.9,10,11,59.2,100.0,5,50.0,5
15,Wyatt Milum,144785,G,JAX,1,0,15,69.8,100.0,3,30.0,3,67.8,0,100.0,10,10,58.8,100.0,3,30.0,3
15,Noah Fant,42388,TE,CIN,1,0,7,59.1,100.0,3,30.0,3,51.4,0,100.0,10,10,49.4,100.0,7,70.0,7
15,Blake Brandel,46282,C,MIN,1,0,18,73.4,100.0,4,40.0,4,51.6,0,100.0,10,10,36.8,100.0,4,40.0,4
15,Puka Nacua,100632,WR,LA,1,0,26,60.1,100.0,5,50.0,5,59.2,0,83.3,10,12,59.0,100.0,5,50.0,5
15,JuJu Smith-Schuster,11817,WR,KC,1,0,16,60.0,100.0,2,20.0,2,77.4,0,100.0,10,10,59.5,100.0,7,70.0,7
15,Jayden Reed,78171,WR,GB,1,0,12,54.1,100.0,2,20.0,2,47.8,0,100.0,10,10,58.8,100.0,7,70.0,7
15,Luther Burden III,157170,WR,CHI,1,0,6,58.1,100.0,5,50.0,5,58.4,0,100.0,10,10,59.7,100.0,4,40.0,4
15,Johnny Mundt,12206,TE,JAX,1,0,15,73.4,100.0,2,20.0,2,70.3,0,100.0,10,10,59.8,100.0,3,30.0,3
15,Darian Kinnard,51789,T,GB,1,0,12,58.4,100.0,4,40.0,4,75.8,0,100.0,10,10,70.1,100.0,5,50.0,5
15,Frank Crum,75860,T,DEN,1,0,10,41.7,100.0,3,33.3,3,36.7,0,100.0,9,9,,,0,0.0,0
15,Demarcus Robinson,10760,WR,SF,1,0,28,84.4,100.0,5,55.6,5,92.5,0,100.0,9,9,85.1,100.0,4,44.4,4
15,C.J. Ham,11347,FB,MIN,1,0,18,57.7,100.0,3,33.3,3,65.0,0,90.0,9,10,58.2,100.0,3,33.3,3
15,Giovanni Ricci,13756,TE,DET,1,0,11,46.0,100.0,5,55.6,5,46.3,1,100.0,9,9,56.5,100.0,4,44.4,4
15,Will Dissly,30762,TE,LAC,1,0,27,61.2,100.0,2,22.2,2,50.0,0,100.0,9,9,45.9,100.0,6,66.7,6
15,Alec Ingold,34934,FB,MIA,1,0,17,60.0,100.0,1,11.1,1,64.9,0,100.0,9,9,72.1,100.0,8,88.9,8
15,Adam Prentice,35639,FB,DEN,1,0,10,50.0,100.0,5,55.6,5,47.9,0,90.0,9,10,60.0,100.0,1,11.1,1
15,Cody Ford,39805,T,CIN,1,0,7,69.4,100.0,5,55.6,5,78.9,0,100.0,9,9,73.0,100.0,4,44.4,4
15,Thayer Munford Jr.,59994,T,NE,1,0,19,71.3,100.0,4,44.4,4,67.3,0,100.0,9,9,59.0,100.0,5,55.6,5
15,Noah Gray,60878,TE,KC,1,0,16,57.4,100.0,3,33.3,3,45.8,0,100.0,9,9,44.5,100.0,6,66.7,6
15,Quintin Morris,61182,TE,JAX,1,0,15,,,0,0.0,0,59.8,0,100.0,9,9,60.4,100.0,4,44.4,4
15,David Martin-Robinson,77892,TE,TEN,1,0,31,74.3,100.0,6,66.7,6,78.7,0,100.0,9,9,67.6,100.0,2,22.2,2
15,Tyquan Thornton,78092,WR,KC,1,0,16,60.4,100.0,4,44.4,4,53.3,0,100.0,9,9,52.3,100.0,4,44.4,4
15,Isaiah Likely,83955,TE,BLT,1,0,3,60.2,100.0,3,33.3,3,60.2,0,100.0,9,9,59.8,100.0,3,33.3,3
15,Luke Musgrave,98499,TE,GB,1,0,12,57.7,100.0,6,66.7,6,57.8,0,100.0,9,9,60.8,100.0,3,33.3,3
15,Tre Tucker,101106,WR,LV,1,0,23,59.1,100.0,4,44.4,4,54.0,0,100.0,9,9,54.7,100.0,5,55.6,5
15,KeAndre Lambert-Smith,129789,WR,LAC,1,0,27,59.9,100.0,4,44.4,4,60.2,0,100.0,9,9,60.0,100.0,4,44.4,4
15,Ja'Tavion Sanders,144717,TE,CAR,1,0,5,59.3,100.0,1,11.1,1,68.5,0,100.0,9,9,70.7,100.0,8,88.9,8
15,Xavier Worthy,144718,WR,KC,1,0,16,59.4,100.0,3,33.3,3,60.4,0,100.0,9,9,61.1,100.0,6,66.7,6
15,Troy Franklin,146567,WR,DEN,1,0,10,60.3,100.0,3,33.3,3,62.2,0,100.0,9,9,61.4,100.0,6,66.7,6
15,Jack Bech,146771,WR,LV,1,0,23,59.6,100.0,5,55.6,5,36.1,0,100.0,9,9,58.4,100.0,4,44.4,4
15,Teven Jenkins,41534,G,CLV,1,0,8,59.8,100.0,2,25.0,2,65.4,0,100.0,8,8,66.5,100.0,5,62.5,5
15,Jonnu Smith,11855,TE,PIT,1,0,25,,,0,0.0,0,38.7,1,88.9,8,9,49.2,88.9,8,100.0,9
15,Jack Stoll,42058,TE,NO,1,0,20,59.0,100.0,1,12.5,1,59.7,0,100.0,8,8,60.2,100.0,5,62.5,5
15,Brock Bowers,146715,TE,LV,1,0,23,72.0,100.0,3,37.5,3,69.3,0,100.0,8,8,55.8,100.0,5,62.5,5
15,Chuma Edoga,46232,T,JAX,1,0,15,60.0,100.0,1,12.5,1,44.8,0,100.0,8,8,46.9,100.0,3,37.5,3
15,Keenan Allen,7857,WR,LAC,1,0,27,60.0,100.0,3,37.5,3,60.1,0,100.0,8,8,59.3,100.0,5,62.5,5
15,Jonah Monheim,86461,C,JAX,1,0,15,60.0,100.0,1,12.5,1,56.8,0,100.0,8,8,57.1,100.0,3,37.5,3
15,Xavier Hutchinson,122518,WR,HST,1,0,13,59.5,100.0,2,25.0,2,54.2,0,100.0,8,8,60.7,100.0,5,62.5,5
15,Zach Tom,55443,T,GB,1,0,12,58.5,100.0,5,62.5,5,55.5,0,100.0,8,8,56.3,100.0,3,37.5,3
15,Daniel Bellinger,84041,TE,NYG,1,0,21,53.2,100.0,3,37.5,3,42.6,0,100.0,8,8,45.3,100.0,5,62.5,5
15,Marvin Mims Jr.,122937,WR,DEN,1,0,10,60.0,100.0,2,25.0,2,85.2,0,88.9,8,9,81.8,100.0,4,50.0,4
15,Nick Kallerup,101679,TE,SEA,1,0,29,57.2,100.0,2,25.0,2,57.6,0,100.0,8,8,60.5,100.0,4,50.0,4
15,James Proche II,48037,WR,TEN,1,0,31,59.2,100.0,2,25.0,2,59.3,0,100.0,8,8,60.2,100.0,6,75.0,6
15,Austin Hooper,10715,TE,NE,1,0,19,59.6,100.0,2,28.6,2,66.6,0,100.0,7,7,67.2,100.0,2,28.6,2
15,Davante Adams,8688,WR,LA,1,0,26,60.8,100.0,6,85.7,6,61.1,0,100.0,7,7,60.0,100.0,1,14.3,1
15,Julian Hill,88685,TE,MIA,1,0,17,51.2,100.0,2,28.6,2,60.3,0,100.0,7,7,71.3,100.0,5,71.4,5
15,Andrew Ogletree,138351,TE,IND,1,0,14,59.2,100.0,3,42.9,3,57.5,0,100.0,7,7,57.8,100.0,4,57.1,4
15,Christian Watson,66581,WR,GB,1,0,12,59.1,100.0,4,57.1,4,52.2,0,100.0,7,7,52.5,100.0,3,42.9,3
15,Isaiah Bond,163586,WR,CLV,1,0,8,60.0,100.0,1,14.3,1,60.6,0,100.0,7,7,60.3,100.0,6,85.7,6
15,Rashid Shaheed,63707,WR,SEA,1,0,29,60.0,100.0,1,14.3,1,30.9,0,87.5,7,8,53.9,100.0,5,71.4,5
15,Trent Sherfield,48021,WR,ARZ,1,0,1,60.0,100.0,2,28.6,2,60.1,0,100.0,7,7,60.1,100.0,3,42.9,3
15,Cedrick Wilson Jr.,48170,WR,MIA,1,0,17,60.0,100.0,2,28.6,2,58.7,0,100.0,7,7,59.4,100.0,5,71.4,5
15,Anthony Firkser,51837,TE,DET,1,0,11,54.0,100.0,4,57.1,4,48.1,0,100.0,7,7,54.2,100.0,3,42.9,3
15,Dylan Drummond,78187,WR,ATL,1,0,2,60.0,100.0,1,14.3,1,60.0,1,100.0,7,7,60.0,100.0,6,85.7,6
15,Brandon Crenshaw-Dickson,101241,T,TEN,1,0,31,73.9,100.0,6,85.7,6,73.7,0,100.0,7,7,,,0,0.0,0
15,Brandin Cooks,8655,WR,BUF,1,0,4,61.2,100.0,6,85.7,6,60.8,0,100.0,7,7,59.9,100.0,1,14.3,1
15,Jack Westover,84079,FB,NE,1,0,19,58.6,100.0,2,33.3,2,46.7,0,100.0,6,6,46.5,100.0,4,66.7,4
15,Chukwuebuka Godrick,169778,T,KC,1,0,16,,,0,0.0,0,64.3,0,100.0,6,6,64.3,100.0,6,100.0,6
15,Dalton Kincaid,91791,TE,BUF,1,0,4,75.2,100.0,2,33.3,2,75.5,0,100.0,6,6,60.5,100.0,4,66.7,4
15,Malachi Corley,66272,WR,CLV,1,0,8,,,0,0.0,0,53.8,0,100.0,6,6,60.6,100.0,4,66.7,4
15,Cody White,61448,WR,SEA,1,0,29,59.9,100.0,3,50.0,3,54.6,0,100.0,6,6,59.3,100.0,2,33.3,2
15,Tyler Lockett,9502,WR,LV,1,0,23,60.0,100.0,2,33.3,2,34.1,0,100.0,6,6,58.9,100.0,4,66.7,4
15,Calvin Austin III,61418,WR,PIT,1,0,25,59.8,100.0,2,33.3,2,80.3,0,100.0,6,6,60.6,100.0,4,66.7,4
15,Brenden Bates,53746,TE,CLV,1,0,8,60.0,100.0,1,16.7,1,41.7,0,100.0,6,6,51.7,100.0,4,66.7,4
15,Brycen Tremayne,84425,WR,CAR,1,0,5,60.0,100.0,1,16.7,1,57.6,0,100.0,6,6,58.5,100.0,3,50.0,3
15,Reggie Gilliam,40951,FB,BUF,1,0,4,60.0,100.0,1,16.7,1,59.7,0,100.0,6,6,60.0,100.0,1,16.7,1
15,Corey Levin,11972,C,TEN,1,0,31,60.0,100.0,1,16.7,1,79.8,0,100.0,6,6,82.6,100.0,4,66.7,4
15,Tylan Wallace,61577,WR,BLT,1,0,3,60.3,100.0,4,66.7,4,60.8,0,100.0,6,6,60.0,100.0,2,33.3,2
15,Garrett Dellinger,146770,G,CLV,1,0,8,,,0,0.0,0,62.2,0,100.0,6,6,49.3,100.0,5,83.3,5
15,Dontayvion Wicks,99711,WR,GB,1,0,12,54.3,100.0,3,50.0,3,47.5,0,100.0,6,6,60.0,100.0,2,33.3,2
15,Andrew Beck,47121,FB,NYJ,1,0,22,38.9,100.0,2,33.3,2,59.6,0,85.7,6,7,78.9,100.0,3,50.0,3
15,Pharaoh Brown,12247,TE,ARZ,1,0,1,59.1,100.0,2,33.3,2,58.8,0,100.0,6,6,59.9,100.0,2,33.3,2
15,Mike Gesicki,47153,TE,CIN,1,0,7,60.4,100.0,6,100.0,6,60.4,0,100.0,6,6,,,0,0.0,0
15,Bo Melton,61610,WR,GB,1,0,12,59.8,100.0,3,60.0,3,84.0,0,83.3,5,6,80.7,100.0,2,40.0,2
15,Andrew Wylie,12333,G,WAS,1,0,32,60.0,100.0,1,20.0,1,59.9,0,100.0,5,5,59.9,100.0,4,80.0,4
15,Dont'e Thornton Jr.,146547,WR,LV,1,0,23,60.0,100.0,4,80.0,4,60.0,0,100.0,5,5,60.0,100.0,1,20.0,1
15,Dan Skipper,12307,T,DET,1,0,11,54.0,100.0,4,80.0,4,54.4,0,100.0,5,5,60.0,100.0,1,20.0,1
15,Nick Mullens,12282,QB,JAX,1,0,15,60.0,100.0,1,20.0,1,60.0,0,62.5,5,8,60.0,100.0,3,60.0,3
15,Noah Brown,11993,WR,WAS,1,0,32,60.0,100.0,1,20.0,1,60.7,0,100.0,5,5,60.6,100.0,4,80.0,4
15,Jacory Croskey-Merritt,102382,HB,WAS,1,0,32,60.0,10.0,1,20.0,10,60.0,0,21.7,5,23,60.0,10.0,1,20.0,10
15,Michael Mayer,122906,TE,LV,1,0,23,68.4,100.0,5,100.0,5,68.4,0,100.0,5,5,,,0,0.0,0
15,LaJohntay Wester,123616,WR,BLT,1,0,3,60.0,100.0,1,20.0,1,60.0,0,100.0,5,5,60.0,100.0,1,20.0,1
15,Tez Johnson,123709,WR,TB,1,0,30,55.0,100.0,2,40.0,2,47.3,0,100.0,5,5,53.4,100.0,3,60.0,3
15,Max Mitchell,81707,T,NYJ,1,0,22,67.3,100.0,2,40.0,2,67.4,0,100.0,5,5,60.1,100.0,2,40.0,2
15,Kevin Austin Jr.,84345,WR,NO,1,0,20,60.0,100.0,2,40.0,2,60.3,0,100.0,5,5,60.0,100.0,1,20.0,1
15,Cedric Tillman,84434,WR,CLV,1,0,8,60.0,100.0,1,20.0,1,59.9,0,100.0,5,5,59.7,100.0,4,80.0,4
15,Nick Westbrook-Ikhine,47861,WR,MIA,1,0,17,60.3,100.0,3,60.0,3,60.6,0,100.0,5,5,60.0,100.0,2,40.0,2
15,KaVontae Turpin,47658,WR,DAL,1,0,9,60.0,50.0,1,20.0,2,61.2,0,83.3,5,6,60.8,100.0,4,80.0,4
15,Mark Andrews,47436,TE,BLT,1,0,3,60.0,100.0,2,40.0,2,60.7,0,100.0,5,5,60.2,100.0,3,60.0,3
15,Charles Grant,142410,T,LV,1,0,23,59.4,100.0,5,100.0,5,59.4,0,100.0,5,5,,,0,0.0,0
15,Carson Vinson,142734,T,BLT,1,0,3,60.0,100.0,1,20.0,1,73.9,0,100.0,5,5,61.0,100.0,1,20.0,1
15,Jonathan Mingo,97774,WR,DAL,1,0,9,60.0,100.0,2,40.0,2,84.9,0,100.0,5,5,71.9,100.0,3,60.0,3
15,Daniel Brunskill,34807,G,MIA,1,0,17,70.6,100.0,3,60.0,3,68.1,0,100.0,5,5,59.0,100.0,2,40.0,2
15,Connor Colby,144862,G,SF,1,0,28,56.2,100.0,3,60.0,3,65.2,0,100.0,5,5,65.8,100.0,2,40.0,2
15,Keaton Mitchell,123826,HB,BLT,1,0,3,60.0,16.7,1,25.0,6,60.0,0,33.3,4,12,,0.0,0,0.0,3
15,Taysom Hill,12112,TE,NO,1,0,20,59.3,100.0,2,50.0,2,57.2,0,66.7,4,6,57.5,50.0,2,50.0,4
15,Laquon Treadwell,10657,WR,IND,1,0,14,59.2,100.0,2,50.0,2,58.9,0,100.0,4,4,59.8,100.0,2,50.0,2
15,Kenneth Gainwell,77737,HB,PIT,1,0,25,,0.0,0,0.0,3,60.0,0,22.2,4,18,,0.0,0,0.0,11
15,Ben Skowronek,27948,WR,PIT,1,0,25,,,0,0.0,0,60.0,0,100.0,4,4,,,0,0.0,0
15,Breece Hall,97636,HB,NYJ,1,0,22,,0.0,0,0.0,5,60.0,0,25.0,4,16,,0.0,0,0.0,6
15,Allen Lazard,48135,WR,NYJ,1,0,22,59.4,100.0,2,50.0,2,33.5,0,100.0,4,4,60.0,100.0,1,25.0,1
15,Jaylin Noel,125155,WR,HST,1,0,13,,,0,0.0,0,60.1,0,100.0,4,4,59.5,100.0,2,50.0,2
15,Malik Washington,97108,WR,MIA,1,0,17,60.0,100.0,2,50.0,2,31.7,0,100.0,4,4,59.1,100.0,2,50.0,2
15,Dyami Brown,77986,WR,JAX,1,0,15,60.0,100.0,1,25.0,1,59.2,0,80.0,4,5,59.0,100.0,3,75.0,3
15,Ben Sims,77918,TE,MIN,1,0,18,51.0,100.0,3,75.0,3,51.2,0,100.0,4,4,,,0,0.0,0
15,Greg Dulcich,84068,TE,MIA,1,0,17,70.2,100.0,2,50.0,2,51.7,0,100.0,4,4,57.6,100.0,2,50.0,2
15,LeQuint Allen,158290,HB,JAX,1,0,15,,0.0,0,0.0,1,60.0,0,50.0,4,8,,0.0,0,0.0,3
15,Will Sherman,59662,G,NO,1,0,20,56.7,100.0,2,50.0,2,53.0,0,100.0,4,4,60.0,100.0,1,25.0,1
15,Rhamondre Stevenson,98689,HB,NE,1,0,19,,0.0,0,0.0,2,58.4,0,40.0,4,10,,0.0,0,0.0,4
15,Parker Washington,129799,WR,JAX,1,0,15,60.3,100.0,2,50.0,2,60.0,0,100.0,4,4,60.0,100.0,1,25.0,1
15,Andre Baccellia,47901,WR,ARZ,1,0,1,60.0,100.0,1,25.0,1,60.2,0,100.0,4,4,60.2,100.0,3,75.0,3
15,Charlie Heck,36501,T,TB,1,0,30,59.5,100.0,2,50.0,2,59.6,0,100.0,4,4,60.0,100.0,2,50.0,2
15,Evan Hull,97302,HB,NO,1,0,20,60.0,33.3,1,25.0,3,59.7,0,44.4,4,9,,0.0,0,0.0,3
15,Evan Engram,11778,TE,DEN,1,0,10,60.0,100.0,1,25.0,1,48.7,0,100.0,4,4,48.8,100.0,3,75.0,3
15,Mike Evans,8642,WR,TB,1,0,30,60.0,100.0,2,50.0,2,60.4,0,100.0,4,4,59.9,100.0,2,50.0,2
15,Joshua Palmer,62979,WR,BUF,1,0,4,60.0,100.0,2,50.0,2,31.5,0,100.0,4,4,58.6,100.0,2,50.0,2
15,Teagan Quitoriano,84036,TE,ATL,1,0,2,,,0,0.0,0,75.0,0,100.0,3,3,75.0,100.0,3,100.0,3
15,Jonathan Taylor,57488,HB,IND,1,0,14,,0.0,0,0.0,18,58.0,0,10.3,3,29,58.0,27.3,3,100.0,11
15,Miles Frazier,123626,G,DET,1,0,11,60.0,100.0,1,33.3,1,55.3,0,100.0,3,3,57.2,100.0,2,66.7,2
15,Emery Jones Jr.,157117,G,BLT,1,0,3,,,0,0.0,0,60.0,0,100.0,3,3,60.0,100.0,1,33.3,1
15,Devin Duvernay,40006,WR,CHI,1,0,6,60.0,100.0,1,33.3,1,60.0,0,100.0,3,3,60.0,100.0,2,66.7,2
15,Travis Etienne Jr.,57185,HB,JAX,1,0,15,,0.0,0,0.0,5,60.0,0,21.4,3,14,,0.0,0,0.0,6
15,Rachaad White,131633,HB,TB,1,0,30,68.1,75.0,3,100.0,4,68.1,0,75.0,3,4,,,0,0.0,0
15,Matthew Golden,156165,WR,GB,1,0,12,60.0,100.0,1,33.3,1,60.0,0,100.0,3,3,60.0,100.0,2,66.7,2
15,James Cook,83666,HB,BUF,1,0,4,,0.0,0,0.0,11,60.0,0,12.0,3,25,,0.0,0,0.0,11
15,Hakeem Adeniji,45419,G,DAL,1,0,9,60.0,100.0,1,33.3,1,59.6,0,100.0,3,3,60.0,100.0,1,33.3,1
15,Gage Larvadain,150169,WR,CLV,1,0,8,,,0,0.0,0,55.9,0,100.0,3,3,60.0,100.0,2,66.7,2
15,Robert Tonyan,12193,TE,KC,1,0,16,,,0,0.0,0,57.5,0,100.0,3,3,57.5,100.0,3,100.0,3
15,Ryan McCollum,41974,C,PIT,1,0,25,,,0,0.0,0,68.1,0,100.0,3,3,68.1,100.0,3,100.0,3
15,Ray Davis,101072,HB,BUF,1,0,4,,,0,0.0,0,60.0,0,100.0,3,3,,,0,0.0,0
15,British Brooks,77714,FB,HST,1,0,13,,,0,0.0,0,60.0,0,100.0,3,3,,,0,0.0,0
15,Harrison Bryant,26394,TE,HST,1,0,13,,,0,0.0,0,60.0,0,100.0,3,3,,,0,0.0,0
15,Darren Waller,9637,TE,MIA,1,0,17,60.0,100.0,1,33.3,1,77.7,0,100.0,3,3,73.0,100.0,2,66.7,2
15,Josh Jones,26634,T,SEA,1,0,29,60.0,100.0,1,33.3,1,60.0,0,100.0,3,3,,,0,0.0,0
15,Christian Kirk,47546,WR,HST,1,0,13,60.0,100.0,1,33.3,1,60.0,0,100.0,3,3,60.0,100.0,2,66.7,2
15,Jordan Mason,62946,HB,MIN,1,0,18,,0.0,0,0.0,6,60.0,0,23.1,3,13,,0.0,0,0.0,3
15,RJ Harvey,99622,HB,DEN,1,0,10,,0.0,0,0.0,10,60.0,0,13.0,3,23,,0.0,0,0.0,9
15,Ameer Abdullah,9487,HB,IND,1,0,14,60.0,100.0,1,33.3,1,57.2,0,42.9,3,7,60.0,33.3,2,66.7,6
15,Malik Davis,57196,HB,DAL,1,0,9,60.0,25.0,1,33.3,4,60.0,0,27.3,3,11,,0.0,0,0.0,5
15,Devin Neal,144558,HB,NO,1,0,20,,0.0,0,0.0,2,60.0,0,30.0,3,10,60.0,28.6,2,66.7,7
15,Scott Miller,47481,WR,PIT,1,0,25,,,0,0.0,0,60.0,0,100.0,2,2,60.0,100.0,2,100.0,2
15,Talanoa Hufanga,83903,S,DEN,1,0,10,,,0,0.0,0,60.0,0,100.0,2,2,,,0,0.0,0
15,Michael Carter,57337,HB,ARZ,1,0,1,,0.0,0,0.0,6,60.0,0,12.5,2,16,,0.0,0,0.0,7
15,D'Andre Swift,57212,HB,CHI,1,0,6,60.0,14.3,1,50.0,7,60.0,0,9.5,2,21,,0.0,0,0.0,11
15,Chris Manhertz,10211,TE,NYG,1,0,21,60.0,100.0,1,50.0,1,59.8,0,100.0,2,2,60.0,100.0,1,50.0,1
15,Tanner Hudson,66924,TE,CIN,1,0,7,60.0,100.0,1,50.0,1,60.1,0,100.0,2,2,60.0,100.0,1,50.0,1
15,Colson Yankoff,83589,TE,WAS,1,0,32,,,0,0.0,0,59.0,0,100.0,2,2,59.0,100.0,2,100.0,2
15,Ben Chukwuma,123850,T,TB,1,0,30,59.2,100.0,2,100.0,2,59.2,0,100.0,2,2,,,0,0.0,0
15,Tank Bigsby,123974,HB,PHI,1,0,24,,0.0,0,0.0,10,60.0,0,10.5,2,19,60.0,22.2,2,100.0,9
15,Jake Curhan,38549,G,CAR,1,0,5,59.1,100.0,1,50.0,1,57.1,0,100.0,2,2,60.0,100.0,1,50.0,1
15,Kalif Raymond,11028,WR,DET,1,0,11,60.0,100.0,1,50.0,1,60.0,0,100.0,2,2,60.0,100.0,1,50.0,1
15,Tyrone Tracy,84226,HB,NYG,1,0,21,60.0,28.6,2,100.0,7,60.0,0,11.8,2,17,,0.0,0,0.0,10
15,Kyle Williams,128374,WR,NE,1,0,19,60.0,100.0,1,50.0,1,59.2,0,100.0,2,2,,,0,0.0,0
15,Christian McCaffrey,11763,HB,SF,1,0,28,,0.0,0,0.0,7,60.0,0,8.3,2,24,,0.0,0,0.0,14
15,Blake Whiteheart,77881,TE,CLV,1,0,8,,,0,0.0,0,68.6,0,100.0,2,2,60.0,100.0,1,50.0,1
15,Jimmy Horn Jr.,144483,WR,CAR,1,0,5,,,0,0.0,0,60.0,0,100.0,2,2,60.0,100.0,2,100.0,2
15,Britain Covey,32933,WR,PHI,1,0,24,60.0,100.0,2,100.0,2,60.0,0,100.0,2,2,,,0,0.0,0
15,TreVeyon Henderson,145059,HB,NE,1,0,19,,0.0,0,0.0,5,60.0,0,12.5,2,16,60.0,16.7,1,50.0,6
15,Audric Estime,147476,HB,NO,1,0,20,,,0,0.0,0,60.0,0,33.3,2,6,60.0,20.0,1,50.0,5
15,Tyler Huntley,46448,QB,BLT,1,0,3,60.0,100.0,1,50.0,1,60.0,0,40.0,2,5,60.0,100.0,1,50.0,1
15,Saquon Barkley,45791,HB,PHI,1,0,24,60.0,12.5,1,50.0,8,60.0,0,8.0,2,25,,0.0,0,0.0,16
15,T.J. Bass,131703,G,DAL,1,0,9,60.0,100.0,1,50.0,1,60.0,0,100.0,2,2,,,0,0.0,0
15,Ty Johnson,45769,HB,BUF,1,0,4,60.0,50.0,1,50.0,2,60.0,0,40.0,2,5,60.0,50.0,1,50.0,2
15,DeAndre Hopkins,7808,WR,BLT,1,0,3,60.0,100.0,1,50.0,1,60.0,0,100.0,2,2,60.0,100.0,1,50.0,1
15,Jaleel McLaughlin,138346,HB,DEN,1,0,10,,0.0,0,0.0,1,60.0,0,50.0,2,4,,0.0,0,0.0,1
15,Calvin Throckmorton,28238,G,DEN,1,0,10,,,0,0.0,0,60.0,0,100.0,2,2,,,0,0.0,0
15,Rico Dowdle,40693,HB,CAR,1,0,5,,0.0,0,0.0,2,60.0,0,11.1,2,18,,0.0,0,0.0,14
15,Hunter Nourzad,91674,C,KC,1,0,16,59.1,100.0,1,50.0,1,59.5,0,100.0,2,2,,,0,0.0,0
15,Hunter Luepke,91319,FB,DAL,1,0,9,59.6,50.0,1,50.0,2,54.8,0,40.0,2,5,60.0,33.3,1,50.0,3
15,Devin Culp,84080,TE,TB,1,0,30,,,0,0.0,0,59.1,0,100.0,2,2,59.1,100.0,2,100.0,2
15,Demario Douglas,104155,WR,NE,1,0,19,,,0,0.0,0,60.0,0,66.7,2,3,,,0,0.0,0
15,Jake Tonges,60864,TE,SF,1,0,28,60.0,100.0,2,100.0,2,60.0,0,100.0,2,2,,,0,0.0,0
15,Stone Smartt,60492,TE,NYJ,1,0,22,,,0,0.0,0,57.5,0,100.0,2,2,60.0,100.0,1,50.0,1
15,Alex Forsyth,60012,C,DEN,1,0,10,,,0,0.0,0,60.0,0,100.0,2,2,,,0,0.0,0
15,Cam Grandy,134552,TE,CIN,1,0,7,60.0,100.0,1,100.0,1,60.0,0,100.0,1,1,,,0,0.0,0
15,Kenneth Walker III,97199,HB,SEA,1,0,29,,0.0,0,0.0,3,60.0,0,10.0,1,10,,0.0,0,0.0,6
15,Zach Charbonnet,97630,HB,SEA,1,0,29,,0.0,0,0.0,3,60.0,0,11.1,1,9,,0.0,0,0.0,5
15,Shedrick Jackson,84136,WR,LV,1,0,23,,,0,0.0,0,60.0,0,100.0,1,1,60.0,100.0,1,100.0,1
15,Alec Anderson,81882,G,BUF,1,0,4,,,0,0.0,0,60.0,0,100.0,1,1,,,0,0.0,0
15,Jake Bobo,77997,WR,SEA,1,0,29,60.0,100.0,1,100.0,1,60.0,0,100.0,1,1,,,0,0.0,0
15,Jawhar Jordan,99595,HB,HST,1,0,13,,0.0,0,0.0,4,60.0,0,6.3,1,16,,0.0,0,0.0,11
15,Chase Brown,77787,HB,CIN,1,0,7,59.8,11.1,1,100.0,9,59.8,0,6.7,1,15,,0.0,0,0.0,6
15,Jordan McFadden,77578,G,CHI,1,0,6,,,0,0.0,0,60.0,0,100.0,1,1,,,0,0.0,0
15,Easton Mascarenas-Arnold,71410,LB,CLV,1,0,8,60.0,100.0,1,100.0,1,60.0,0,100.0,1,1,,,0,0.0,0
15,Xavier Smith,102585,WR,LA,1,0,26,60.0,100.0,1,100.0,1,60.0,0,100.0,1,1,,,0,0.0,0
15,Julius Chestnut,109239,HB,TEN,1,0,31,,,0,0.0,0,60.0,0,100.0,1,1,,,0,0.0,0
15,Brady Russell,60876,FB,SEA,1,0,29,,,0,0.0,0,60.0,0,100.0,1,1,,,0,0.0,0
15,Austin Deculus,59821,T,LAC,1,0,27,,,0,0.0,0,60.0,0,100.0,1,1,60.0,100.0,1,100.0,1
15,Jahmyr Gibbs,122474,HB,DET,1,0,11,60.0,10.0,1,100.0,10,60.0,0,6.7,1,15,,0.0,0,0.0,5
15,Xavier Newman,58525,G,NYJ,1,0,22,,,0,0.0,0,60.0,0,100.0,1,1,60.0,100.0,1,100.0,1
15,Chuba Hubbard,57373,HB,CAR,1,0,5,,,0,0.0,0,60.0,0,11.1,1,9,,0.0,0,0.0,6
15,Bijan Robinson,123126,HB,ATL,1,0,2,,0.0,0,0.0,1,59.7,0,4.8,1,21,59.7,5.0,1,100.0,20
15,Myles Price,123155,WR,MIN,1,0,18,,,0,0.0,0,60.0,0,100.0,1,1,,,0,0.0,0
15,Brock Hoffman,54535,C,DAL,1,0,9,,,0,0.0,0,60.0,0,100.0,1,1,,,0,0.0,0
15,Kimani Vidal,123727,HB,LAC,1,0,27,,0.0,0,0.0,7,60.0,0,6.7,1,15,,0.0,0,0.0,7
15,Josh Whyle,54037,TE,GB,1,0,12,,,0,0.0,0,60.0,0,100.0,1,1,60.0,100.0,1,100.0,1
15,Khyiris Tonga,52000,DI,NE,1,0,19,,,0,0.0,0,59.2,0,100.0,1,1,59.2,100.0,1,100.0,1
15,Arian Smith,124039,WR,NYJ,1,0,22,,,0,0.0,0,31.1,0,100.0,1,1,59.6,100.0,1,100.0,1
15,Vita Vea,48956,DI,TB,1,0,30,60.0,100.0,1,100.0,1,60.0,0,100.0,1,1,,,0,0.0,0
15,Woody Marks,124179,HB,HST,1,0,13,,0.0,0,0.0,4,60.0,0,11.1,1,9,60.0,20.0,1,100.0,5
15,Jalin Hyatt,124282,WR,NYG,1,0,21,,,0,0.0,0,60.0,0,100.0,1,1,60.0,100.0,1,100.0,1
15,Dante Pettis,48113,WR,NO,1,0,20,,,0,0.0,0,60.0,0,100.0,1,1,60.0,100.0,1,100.0,1
15,Luke Haggard,129442,G,TB,1,0,30,60.0,100.0,1,100.0,1,60.0,0,100.0,1,1,,,0,0.0,0
15,Blake Corum,129574,HB,LA,1,0,26,,0.0,0,0.0,10,60.0,0,8.3,1,12,,0.0,0,0.0,1
15,Kalel Mullings,129590,HB,TEN,1,0,31,,0.0,0,0.0,1,60.0,0,50.0,1,2,,,0,0.0,0
15,Josiah Deguara,47034,TE,ARZ,1,0,1,57.8,100.0,1,100.0,1,57.8,0,100.0,1,1,,,0,0.0,0
15,Benjamin Yurosek,131786,TE,MIN,1,0,18,,,0,0.0,0,60.0,0,100.0,1,1,,,0,0.0,0
15,Kyren Williams,97118,HB,LA,1,0,26,,0.0,0,0.0,8,60.0,0,6.3,1,16,,0.0,0,0.0,7
15,Velus Jones Jr.,40573,HB,SEA,1,0,29,,,0,0.0,0,60.0,0,100.0,1,1,,,0,0.0,0
15,Devin Singletary,40485,HB,NYG,1,0,21,60.0,50.0,1,100.0,2,60.0,0,16.7,1,6,,0.0,0,0.0,4
15,Brittain Brown,40399,HB,CHI,1,0,6,,,0,0.0,0,60.0,0,100.0,1,1,,,0,0.0,0
15,Will Shipley,144138,HB,PHI,1,0,24,,,0,0.0,0,60.0,0,100.0,1,1,60.0,100.0,1,100.0,1
15,Hayden Conner,144723,G,ARZ,1,0,1,60.0,100.0,1,100.0,1,60.0,0,100.0,1,1,,,0,0.0,0
15,Tai Felton,144886,WR,MIN,1,0,18,,,0,0.0,0,60.0,0,100.0,1,1,,,0,0.0,0
15,D'Wayne Eskridge,29573,WR,MIA,1,0,17,,,0,0.0,0,60.0,0,100.0,1,1,60.0,100.0,1,100.0,1
15,Bucky Irving,144970,HB,TB,1,0,30,60.0,11.1,1,100.0,9,60.0,0,5.9,1,17,,0.0,0,0.0,8
15,Trent Sieg,27036,LS,DAL,1,0,9,,,0,0.0,0,60.0,0,100.0,1,1,,,0,0.0,0
15,Samaje Perine,11869,HB,CIN,1,0,7,60.0,11.1,1,100.0,9,60.0,0,6.7,1,15,,0.0,0,0.0,6
15,Bryan Anger,7072,P,DAL,1,0,9,,,0,0.0,0,60.0,0,100.0,1,1,,,0,0.0,0
15,Bhayshul Tuten,150568,HB,JAX,1,0,15,,,0,0.0,0,60.0,0,50.0,1,2,,,0,0.0,0
15,Emanuel Wilson,154173,HB,GB,1,0,12,,0.0,0,0.0,1,44.2,0,33.3,1,3,,0.0,0,0.0,1
15,Quinshon Judkins,157128,HB,CLV,1,0,8,,0.0,0,0.0,2,60.0,0,7.7,1,13,,0.0,0,0.0,9
15,Ashton Jeanty,157196,HB,LV,1,0,23,,0.0,0,0.0,5,60.0,0,10.0,1,10,60.0,20.0,1,100.0,5
15,Jameis Winston,9434,QB,NYG,1,0,21,,,0,0.0,0,60.0,0,100.0,1,1,60.0,100.0,1,100.0,1
15,Cornelius Lucas,9025,T,CLV,1,0,8,60.0,100.0,1,100.0,1,60.0,0,100.0,1,1,,,0,0.0,0
15,Omarion Hampton,162750,HB,LAC,1,0,27,,0.0,0,0.0,8,60.0,0,6.3,1,16,60.0,12.5,1,100.0,8
15,Michael Bandy,91824,WR,DEN,1,0,10,60.0,100.0,1,100.0,1,60.0,0,100.0,1,1,,,0,0.0,0
week,player,player_id,position,team_name,player_game_count,declined_penalties,franchise_id,gap_grades_run_block,gap_run_block_percent,gap_snap_counts_run_block,gap_snap_counts_run_block_percent,gap_snap_counts_run_play,grades_run_block,penalties,run_block_percent,snap_counts_run_block,snap_counts_run_play,zone_grades_run_block,zone_run_block_percent,zone_snap_counts_run_block,zone_snap_counts_run_block_percent,zone_snap_counts_run_play
16,Peter Skoronski,129737,G,TEN,1,0,31,72.1,100.0,18,45.0,18,62.1,0,100.0,40,40,52.2,100.0,17,42.5,17
16,Kevin Zeitler,7032,G,TEN,1,0,31,59.6,100.0,18,45.0,18,69.9,0,100.0,40,40,70.3,100.0,17,42.5,17
16,Lloyd Cushenberry III,41924,C,TEN,1,0,31,53.3,100.0,18,45.0,18,49.1,0,100.0,40,40,57.1,100.0,17,42.5,17
16,JC Latham,146596,T,TEN,1,0,31,48.5,100.0,18,45.0,18,79.6,0,100.0,40,40,93.5,100.0,17,42.5,17
16,Coleman Shelton,39316,C,LA,1,0,26,56.5,100.0,18,46.2,18,59.5,0,100.0,39,39,62.3,100.0,21,53.8,21
16,Chris Lindstrom,46692,G,ATL,1,0,2,56.6,100.0,6,15.4,6,78.9,1,100.0,39,39,74.9,100.0,29,74.4,29
16,Matthew Bergeron,99658,G,ATL,1,0,2,57.1,100.0,6,15.4,6,62.3,0,100.0,39,39,64.0,100.0,29,74.4,29
16,Ryan Neuzil,41123,C,ATL,1,0,2,56.9,100.0,6,15.4,6,88.8,0,100.0,39,39,86.3,100.0,29,74.4,29
16,Elijah Wilkinson,46238,T,ATL,1,0,2,53.5,100.0,6,15.4,6,72.2,0,100.0,39,39,76.6,100.0,29,74.4,29
16,Alaric Jackson,40972,T,LA,1,0,26,54.9,100.0,18,46.2,18,58.4,1,100.0,39,39,61.7,100.0,21,53.8,21
16,Warren McClendon Jr.,99081,T,LA,1,0,26,53.4,100.0,18,46.2,18,60.8,0,100.0,39,39,51.0,100.0,21,53.8,21
16,Dan Moore Jr.,60120,T,TEN,1,0,31,61.8,100.0,18,46.2,18,57.7,0,100.0,39,39,56.0,100.0,16,41.0,16
16,Steve Avila,77319,G,LA,1,0,26,57.6,100.0,18,46.2,18,66.9,0,100.0,39,39,59.1,100.0,21,53.8,21
16,Matthew Stafford,4924,QB,LA,1,0,26,60.0,100.0,18,46.2,18,60.0,0,100.0,39,39,60.0,100.0,21,53.8,21
16,Jordan Morgan,98652,G,GB,1,0,12,66.0,100.0,12,31.6,12,74.8,0,100.0,38,38,69.9,100.0,20,52.6,20
16,Rasheed Walker,81798,T,GB,1,0,12,50.7,100.0,12,31.6,12,54.2,0,100.0,38,38,59.6,100.0,20,52.6,20
16,Anthony Belton,143985,G,GB,1,0,12,78.8,100.0,12,31.6,12,60.6,0,100.0,38,38,47.4,100.0,20,52.6,20
16,Colby Parkinson,52266,TE,LA,1,0,26,68.4,100.0,18,47.4,18,70.1,0,100.0,38,38,67.3,100.0,20,52.6,20
16,Jake Matthews,8641,T,ATL,1,0,2,45.7,100.0,6,15.8,6,63.7,0,100.0,38,38,70.4,100.0,29,76.3,29
16,Aaron Banks,59983,G,GB,1,0,12,52.8,100.0,12,31.6,12,48.9,0,100.0,38,38,49.7,100.0,20,52.6,20
16,Sean Rhyan,72009,C,GB,1,0,12,71.7,100.0,12,31.6,12,80.3,0,100.0,38,38,79.0,100.0,20,52.6,20
16,Cam Ward,133244,QB,TEN,1,0,31,60.0,100.0,18,48.6,18,60.0,0,92.5,37,40,60.0,100.0,17,45.9,17
16,Gunnar Helm,144726,TE,TEN,1,0,31,53.4,100.0,18,51.4,18,62.7,0,100.0,35,35,75.4,100.0,13,37.1,13
16,Kirk Cousins,7102,QB,ATL,1,0,2,60.0,83.3,5,14.7,6,60.0,0,87.2,34,39,60.0,100.0,29,85.3,29
16,Charlie Woerner,42257,TE,ATL,1,0,2,58.6,100.0,4,12.1,4,74.3,0,100.0,33,33,75.5,100.0,27,81.8,27
16,Daniel Faalele,81734,G,BLT,1,0,3,50.7,100.0,17,53.1,17,62.1,0,100.0,32,32,75.3,100.0,12,37.5,12
16,Roger Rosengarten,131912,T,BLT,1,0,3,57.8,100.0,17,53.1,17,68.1,0,100.0,32,32,78.0,100.0,12,37.5,12
16,Ronnie Stanley,10640,T,BLT,1,0,3,64.3,100.0,17,53.1,17,80.1,0,100.0,32,32,88.2,100.0,12,37.5,12
16,Tyler Linderbaum,82291,C,BLT,1,0,3,65.8,100.0,17,53.1,17,73.3,0,100.0,32,32,74.5,100.0,12,37.5,12
16,Davis Allen,99697,TE,LA,1,0,26,54.2,100.0,16,51.6,16,52.9,1,100.0,31,31,55.0,100.0,15,48.4,15
16,Aaron Stinnie,28653,G,NYG,1,0,21,58.4,100.0,5,16.1,5,68.8,1,100.0,31,31,70.7,100.0,24,77.4,24
16,Tristan Wirfs,64818,T,TB,1,0,30,82.0,100.0,11,35.5,11,88.3,0,100.0,31,31,77.0,100.0,17,54.8,17
16,Graham Barton,122367,C,TB,1,0,30,61.4,100.0,11,35.5,11,63.8,0,100.0,31,31,65.2,100.0,17,54.8,17
16,Cade Otton,61071,TE,TB,1,0,30,34.5,100.0,11,35.5,11,49.5,0,100.0,31,31,69.1,100.0,17,54.8,17
16,Kyle Pitts,83964,TE,ATL,1,0,2,59.8,100.0,4,12.9,4,61.3,0,100.0,31,31,55.3,100.0,27,87.1,27
16,Bobby Hart,9659,T,LAC,1,0,27,62.0,100.0,19,61.3,19,70.7,0,100.0,31,31,78.7,100.0,9,29.0,9
16,Greg Van Roten,7746,G,NYG,1,0,21,62.2,100.0,5,16.1,5,56.7,0,100.0,31,31,55.3,100.0,24,77.4,24
16,Terrance Ferguson,146563,TE,LA,1,0,26,60.4,100.0,16,51.6,16,57.2,0,100.0,31,31,55.5,100.0,15,48.4,15
16,Dan Feeney,11826,G,TB,1,0,30,53.4,100.0,11,35.5,11,57.9,0,100.0,31,31,66.4,100.0,17,54.8,17
16,Luke Goedeke,77548,T,TB,1,0,30,56.2,100.0,11,35.5,11,48.5,0,100.0,31,31,62.1,100.0,17,54.8,17
16,Jermaine Eluemunor,11914,T,NYG,1,0,21,79.2,100.0,5,16.1,5,75.5,0,100.0,31,31,69.2,100.0,24,77.4,24
16,Mekhi Becton,59818,G,LAC,1,0,27,44.0,100.0,19,61.3,19,39.5,0,100.0,31,31,45.0,100.0,9,29.0,9
16,Zion Johnson,99681,G,LAC,1,0,27,49.8,100.0,19,61.3,19,43.6,0,100.0,31,31,44.1,100.0,9,29.0,9
16,Bradley Bozeman,27934,C,LAC,1,0,27,41.8,100.0,19,61.3,19,56.4,0,100.0,31,31,77.7,100.0,9,29.0,9
16,Michael Jordan,28021,G,TB,1,0,30,58.4,100.0,11,35.5,11,48.8,0,100.0,31,31,45.3,100.0,17,54.8,17
16,Justin Skule,38951,T,MIN,1,0,18,78.8,100.0,15,50.0,15,89.1,0,100.0,30,30,84.8,100.0,12,40.0,12
16,Jordan Mailata,66916,T,PHI,1,0,24,78.5,100.0,10,33.3,10,68.5,0,100.0,30,30,69.5,100.0,17,56.7,17
16,Fred Johnson,46951,T,PHI,1,0,24,66.7,100.0,10,33.3,10,72.1,0,100.0,30,30,71.1,100.0,17,56.7,17
16,Spencer Burford,81920,G,SF,1,0,28,54.6,100.0,3,10.0,3,66.2,0,100.0,30,30,69.8,100.0,22,73.3,22
16,Dominick Puni,163815,G,SF,1,0,28,58.4,100.0,3,10.0,3,65.9,0,100.0,30,30,67.4,100.0,22,73.3,22
16,Wan'Dale Robinson,101735,WR,NYG,1,0,21,60.7,100.0,5,16.7,5,82.0,0,96.8,30,31,83.6,100.0,24,80.0,24
16,Donovan Jackson,145064,G,MIN,1,0,18,66.4,100.0,15,50.0,15,70.8,0,100.0,30,30,69.5,100.0,12,40.0,12
16,Jaxson Dart,146409,QB,NYG,1,0,21,60.0,100.0,5,16.7,5,60.0,0,96.8,30,31,60.0,100.0,24,80.0,24
16,Will Fries,41530,G,MIN,1,0,18,69.1,100.0,15,50.0,15,67.5,0,100.0,30,30,61.7,100.0,12,40.0,12
16,Brian O'Neill,46854,T,MIN,1,0,18,82.1,100.0,15,50.0,15,66.8,0,100.0,30,30,61.3,100.0,12,40.0,12
16,Baker Mayfield,46518,QB,TB,1,0,30,60.0,90.9,10,34.5,11,60.0,0,93.5,29,31,60.0,100.0,17,58.6,17
16,Austin Deculus,59821,T,LAC,1,0,27,61.1,100.0,17,58.6,17,51.5,0,100.0,29,29,44.7,100.0,9,31.0,9
16,Theo Johnson,129787,TE,NYG,1,0,21,49.2,100.0,5,17.2,5,51.4,0,100.0,29,29,55.3,100.0,22,75.9,22
16,Luke Wypler,129764,C,CLV,1,0,8,63.9,100.0,10,35.7,10,51.4,1,100.0,28,28,50.1,100.0,12,42.9,12
16,Cam Robinson,11789,T,CLV,1,0,8,54.4,100.0,10,35.7,10,52.4,0,100.0,28,28,57.3,100.0,12,42.9,12
16,Justin Dedich,83018,G,LA,1,0,26,57.5,100.0,16,57.1,16,51.7,0,100.0,28,28,49.6,100.0,12,42.9,12
16,Shedeur Sanders,131396,QB,CLV,1,0,8,60.0,100.0,10,35.7,10,60.0,0,100.0,28,28,60.0,100.0,12,42.9,12
16,KT Leveston,77487,T,CLV,1,0,8,67.9,100.0,10,35.7,10,62.8,0,100.0,28,28,47.9,100.0,12,42.9,12
16,Teven Jenkins,41534,G,CLV,1,0,8,71.4,100.0,10,35.7,10,84.0,0,100.0,28,28,78.4,100.0,12,42.9,12
16,Joel Bitonio,8670,G,CLV,1,0,8,44.6,100.0,10,35.7,10,48.8,0,100.0,28,28,56.4,100.0,12,42.9,12
16,Dylan Parham,60953,G,LV,1,0,23,78.9,100.0,4,14.8,4,84.7,1,100.0,27,27,78.1,100.0,20,74.1,20
16,David Edwards,35941,G,BUF,1,0,4,50.4,100.0,13,48.1,13,61.1,0,100.0,27,27,73.1,100.0,10,37.0,10
16,Tyler Biadasz,41178,C,WAS,1,0,32,67.6,100.0,7,25.9,7,70.5,0,100.0,27,27,67.2,100.0,18,66.7,18
16,Jonah Savaiinaea,158742,G,MIA,1,0,17,65.5,100.0,8,29.6,8,47.4,0,100.0,27,27,39.8,100.0,15,55.6,15
16,Trent Williams,5529,T,SF,1,0,28,71.0,100.0,3,11.1,3,93.0,0,100.0,27,27,92.7,100.0,22,81.5,22
16,Colton McKivitz,29314,T,SF,1,0,28,58.3,100.0,3,11.1,3,86.6,0,100.0,27,27,90.1,100.0,22,81.5,22
16,Justin Jefferson,61398,WR,MIN,1,0,18,54.3,100.0,14,51.9,14,55.7,0,100.0,27,27,59.1,100.0,12,44.4,12
16,Stone Forsythe,41795,T,LV,1,0,23,54.5,100.0,4,14.8,4,55.6,0,100.0,27,27,51.0,100.0,20,74.1,20
16,Justin Herbert,28237,QB,LAC,1,0,27,60.0,94.7,18,66.7,19,60.0,0,87.1,27,31,60.0,100.0,9,33.3,9
16,Dion Dawkins,11818,T,BUF,1,0,4,61.3,100.0,13,48.1,13,51.3,0,100.0,27,27,48.7,100.0,10,37.0,10
16,Alex Cappa,66578,C,LV,1,0,23,67.3,100.0,4,14.8,4,78.9,0,100.0,27,27,77.6,100.0,20,74.1,20
16,Cole Strange,22976,G,MIA,1,0,17,51.5,100.0,8,29.6,8,59.1,0,100.0,27,27,59.4,100.0,15,55.6,15
16,Geno Smith,7820,QB,LV,1,0,23,60.0,100.0,4,14.8,4,60.0,0,100.0,27,27,60.0,100.0,20,74.1,20
16,O'Cyrus Torrence,102821,G,BUF,1,0,4,53.4,100.0,13,48.1,13,55.0,0,100.0,27,27,61.5,100.0,10,37.0,10
16,Aaron Brewer,46014,C,MIA,1,0,17,74.6,100.0,8,29.6,8,90.8,0,100.0,27,27,82.7,100.0,15,55.6,15
16,Connor McGovern,41714,C,BUF,1,0,4,67.3,100.0,13,48.1,13,60.9,0,100.0,27,27,55.7,100.0,10,37.0,10
16,DJ Glaze,129511,T,LV,1,0,23,73.2,100.0,4,14.8,4,80.2,0,100.0,27,27,78.0,100.0,20,74.1,20
16,Caleb Rogers,123157,G,LV,1,0,23,66.1,100.0,4,14.8,4,62.6,0,100.0,27,27,59.9,100.0,20,74.1,20
16,Patrick Paul,101019,T,MIA,1,0,17,48.9,100.0,8,29.6,8,47.9,0,100.0,27,27,58.2,100.0,15,55.6,15
16,Josh Conerly Jr.,163291,T,WAS,1,0,32,45.1,100.0,7,25.9,7,52.3,0,100.0,27,27,59.5,100.0,18,66.7,18
16,Chris Paul,77579,G,WAS,1,0,32,51.3,100.0,7,25.9,7,36.7,0,100.0,27,27,36.9,100.0,18,66.7,18
16,Austin Jackson,60816,T,MIA,1,0,17,43.2,100.0,8,29.6,8,44.0,0,100.0,27,27,52.8,100.0,15,55.6,15
16,Jake Brendel,11117,C,SF,1,0,28,59.4,100.0,3,11.1,3,63.0,0,100.0,27,27,63.8,100.0,22,81.5,22
16,Landon Dickerson,41712,G,PHI,1,0,24,61.8,100.0,9,34.6,9,61.2,0,100.0,26,26,60.4,100.0,16,61.5,16
16,Brock Purdy,77672,QB,SF,1,0,28,60.0,100.0,3,11.5,3,60.0,0,96.3,26,27,60.0,100.0,22,84.6,22
16,Puka Nacua,100632,WR,LA,1,0,26,51.1,100.0,13,50.0,13,50.1,0,100.0,26,26,55.3,100.0,13,50.0,13
16,Luke Musgrave,98499,TE,GB,1,0,12,60.3,100.0,8,30.8,8,50.8,0,100.0,26,26,56.7,100.0,15,57.7,15
16,Brock Bowers,146715,TE,LV,1,0,23,60.1,100.0,4,15.4,4,69.1,0,100.0,26,26,64.7,100.0,19,73.1,19
16,Tyler Steen,81921,G,PHI,1,1,24,69.0,100.0,9,34.6,9,70.3,1,100.0,26,26,66.8,100.0,16,61.5,16
16,Cam Jurgens,84014,C,PHI,1,0,24,63.0,100.0,9,34.6,9,64.2,0,100.0,26,26,63.2,100.0,16,61.5,16
16,Quinn Ewers,127253,QB,MIA,1,0,17,60.0,100.0,8,30.8,8,60.0,0,96.3,26,27,60.0,100.0,15,57.7,15
16,Dylan Cook,91689,T,PIT,1,0,25,57.7,100.0,9,36.0,9,53.9,0,100.0,25,25,54.1,100.0,14,56.0,14
16,Tytus Howard,25472,G,HST,1,0,13,64.8,100.0,6,24.0,6,61.8,0,100.0,25,25,59.7,100.0,14,56.0,14
16,Jake Andrews,81868,C,HST,1,0,13,67.1,100.0,6,24.0,6,61.1,0,100.0,25,25,59.7,100.0,14,56.0,14
16,Spencer Brown,42296,T,BUF,1,0,4,59.5,100.0,13,52.0,13,68.4,0,100.0,25,25,67.6,100.0,10,40.0,10
16,Scott Matlock,82482,FB,LAC,1,1,27,55.8,100.0,15,60.0,15,56.7,1,100.0,25,25,63.3,100.0,7,28.0,7
16,Andrew Vorhees,60818,G,BLT,1,0,3,43.6,100.0,13,52.0,13,52.3,0,100.0,25,25,66.1,100.0,10,40.0,10
16,Orlando Brown Jr.,46227,T,CIN,1,0,7,45.9,100.0,7,28.0,7,47.3,0,100.0,25,25,53.0,100.0,15,60.0,15
16,Zay Flowers,97268,WR,BLT,1,0,3,60.8,100.0,13,52.0,13,43.0,0,96.2,25,26,60.0,100.0,11,44.0,11
16,Zach Frazier,123419,C,PIT,1,0,25,72.4,100.0,9,36.0,9,66.0,0,100.0,25,25,58.5,100.0,14,56.0,14
16,Aaron Rodgers,2241,QB,PIT,1,0,25,60.0,100.0,9,36.0,9,60.1,0,100.0,25,25,60.0,100.0,14,56.0,14
16,Mason McCormick,78326,G,PIT,1,0,25,54.5,100.0,9,36.0,9,50.7,0,100.0,25,25,51.7,100.0,14,56.0,14
16,Ted Karras,10855,C,CIN,1,0,7,71.2,100.0,7,28.0,7,56.8,0,100.0,25,25,48.6,100.0,15,60.0,15
16,Dalton Risner,47008,G,CIN,1,0,7,68.7,100.0,7,28.0,7,71.9,0,100.0,25,25,69.3,100.0,15,60.0,15
16,Tre Tucker,101106,WR,LV,1,0,23,60.4,100.0,4,16.0,4,56.1,0,92.6,25,27,55.2,100.0,20,80.0,20
16,Amarius Mims,146719,T,CIN,1,0,7,71.1,100.0,7,28.0,7,68.1,0,100.0,25,25,63.2,100.0,15,60.0,15
16,Troy Fautanu,100521,T,PIT,1,0,25,89.2,100.0,9,36.0,9,74.1,0,100.0,25,25,57.2,100.0,14,56.0,14
16,Ed Ingram,59819,G,HST,1,0,13,58.1,100.0,6,24.0,6,53.9,0,100.0,25,25,62.8,100.0,14,56.0,14
16,Spencer Anderson,81719,G,PIT,1,0,25,63.7,100.0,9,37.5,9,56.0,0,100.0,24,24,52.1,100.0,13,54.2,13
16,Sam Cosmi,60114,G,WAS,1,0,32,46.6,100.0,6,25.0,6,56.0,0,100.0,24,24,54.8,100.0,17,70.8,17
16,Drew Sample,47259,TE,CIN,1,0,7,57.5,100.0,7,29.2,7,61.9,0,100.0,24,24,71.7,100.0,14,58.3,14
16,Patrick Ricard,48862,FB,BLT,1,0,3,71.2,100.0,15,62.5,15,71.7,0,100.0,24,24,65.4,100.0,8,33.3,8
16,Kyle Juszczyk,7912,FB,SF,1,0,28,54.9,100.0,3,12.5,3,62.4,0,100.0,24,24,67.2,100.0,17,70.8,17
16,Cole Van Lanen,41583,T,JAX,1,0,15,91.3,100.0,11,45.8,11,78.6,0,100.0,24,24,58.6,100.0,11,45.8,11
16,Jalen Hurts,40291,QB,PHI,1,0,24,60.0,88.9,8,33.3,9,60.0,0,92.3,24,26,60.0,100.0,16,66.7,16
16,John Michael Schmitz Jr.,55238,C,NYG,1,0,21,71.2,100.0,4,16.7,4,70.7,0,100.0,24,24,74.4,100.0,18,75.0,18
16,Anton Harrison,122929,T,JAX,1,0,15,70.7,100.0,11,45.8,11,75.2,0,100.0,24,24,73.1,100.0,11,45.8,11
16,Ezra Cleveland,41973,G,JAX,1,0,15,49.1,100.0,11,45.8,11,53.1,0,100.0,24,24,60.5,100.0,11,45.8,11
16,Isaiah Adams,158192,G,ARZ,1,0,1,57.7,100.0,13,56.5,13,57.6,0,100.0,23,23,72.1,100.0,9,39.1,9
16,Malik Willis,60341,QB,GB,1,0,12,60.0,100.0,8,34.8,8,60.0,0,79.3,23,29,60.0,81.3,13,56.5,16
16,Kelvin Beachum,7229,T,ARZ,1,0,1,47.9,100.0,13,56.5,13,68.5,0,100.0,23,23,88.4,100.0,9,39.1,9
16,Chris Manhertz,10211,TE,NYG,1,0,21,59.6,100.0,4,17.4,4,57.2,1,100.0,23,23,57.0,100.0,18,78.3,18
16,Brandon Coleman,123068,T,WAS,1,0,32,48.4,100.0,6,26.1,6,71.8,0,100.0,23,23,81.3,100.0,16,69.6,16
16,Romeo Doubs,84329,WR,GB,1,0,12,61.3,100.0,7,30.4,7,40.7,0,100.0,23,23,60.2,100.0,11,47.8,11
16,Dallas Goedert,47272,TE,PHI,1,0,24,51.7,100.0,7,30.4,7,59.6,0,100.0,23,23,65.4,100.0,15,65.2,15
16,Jon Gaines II,81879,G,ARZ,1,0,1,57.0,100.0,13,56.5,13,60.8,0,100.0,23,23,64.8,100.0,9,39.1,9
16,Darnell Washington,124044,TE,PIT,1,0,25,59.7,100.0,8,34.8,8,51.9,0,100.0,23,23,58.4,100.0,13,56.5,13
16,Trent Brown,9677,T,HST,1,0,13,68.0,100.0,6,26.1,6,61.7,0,100.0,23,23,56.4,100.0,14,60.9,14
16,Drew Dalman,52270,C,CHI,1,0,6,60.7,100.0,7,31.8,7,56.4,0,100.0,22,22,65.9,100.0,14,63.6,14
16,Darnell Wright,98480,T,CHI,1,0,6,87.2,100.0,7,31.8,7,84.6,0,100.0,22,22,72.2,100.0,14,63.6,14
16,Will Sherman,59662,G,NO,1,0,20,37.3,100.0,11,50.0,11,43.4,0,100.0,22,22,59.9,100.0,8,36.4,8
16,John FitzPatrick,83974,TE,GB,1,0,12,75.5,100.0,6,27.3,6,81.0,0,100.0,22,22,71.4,100.0,10,45.5,10
16,Elic Ayomanor,157263,WR,TEN,1,0,31,60.3,100.0,9,40.9,9,71.0,0,100.0,22,22,54.9,100.0,13,59.1,13
16,Kelvin Banks Jr.,163839,T,NO,1,0,20,52.0,100.0,11,50.0,11,66.0,0,100.0,22,22,67.7,100.0,8,36.4,8
16,Joe Thuney,10712,G,CHI,1,0,6,62.5,100.0,7,31.8,7,80.3,0,100.0,22,22,83.9,100.0,14,63.6,14
16,Jacoby Brissett,10725,QB,ARZ,1,0,1,60.0,100.0,13,59.1,13,60.0,0,95.7,22,23,60.0,100.0,9,40.9,9
16,Caleb Williams,144622,QB,CHI,1,0,6,60.0,100.0,7,31.8,7,60.1,0,100.0,22,22,60.0,100.0,14,63.6,14
16,Michael Jurgens,77345,C,MIN,1,0,18,58.4,100.0,11,50.0,11,55.5,0,100.0,22,22,54.6,100.0,8,36.4,8
16,Trey McBride,75916,TE,ARZ,1,0,1,54.9,100.0,12,54.5,12,55.2,0,100.0,22,22,60.9,100.0,9,40.9,9
16,Taliese Fuaga,131732,T,NO,1,0,20,50.4,100.0,11,50.0,11,57.8,0,100.0,22,22,78.9,100.0,8,36.4,8
16,Darius Slayton,25578,WR,NYG,1,0,21,58.9,100.0,5,22.7,5,55.7,0,100.0,22,22,55.7,100.0,16,72.7,16
16,Dillon Radunz,30551,G,NO,1,0,20,54.5,100.0,11,50.0,11,38.0,0,100.0,22,22,60.3,100.0,8,36.4,8
16,C.J. Stroud,129759,QB,HST,1,0,13,60.0,100.0,6,27.3,6,60.0,0,88.0,22,25,60.0,100.0,14,63.6,14
16,Jonah Jackson,37070,G,CHI,1,0,6,53.0,100.0,7,31.8,7,59.5,0,100.0,22,22,64.5,100.0,14,63.6,14
16,Ozzy Trapilo,123552,T,CHI,1,0,6,60.2,100.0,7,31.8,7,82.9,0,100.0,22,22,87.2,100.0,14,63.6,14
16,Luke Fortner,42028,C,NO,1,0,20,56.0,100.0,11,50.0,11,55.4,0,100.0,22,22,58.0,100.0,8,36.4,8
16,Michael Wilson,84423,WR,ARZ,1,0,1,61.1,100.0,12,54.5,12,61.6,0,100.0,22,22,61.5,100.0,9,40.9,9
16,Harold Fannin Jr.,163104,TE,CLV,1,0,8,58.6,100.0,7,31.8,7,63.3,0,95.7,22,23,61.6,100.0,11,50.0,11
16,Josh Allen,46601,QB,BUF,1,0,4,60.0,92.3,12,54.5,13,60.0,0,81.5,22,27,60.0,100.0,10,45.5,10
16,Josh Oliver,47083,TE,MIN,1,0,18,58.6,100.0,12,54.5,12,64.2,0,100.0,22,22,69.1,100.0,9,40.9,9
16,D.K. Metcalf,47864,WR,PIT,1,0,25,82.8,100.0,8,36.4,8,53.1,0,100.0,22,22,60.2,100.0,12,54.5,12
16,DeVonta Smith,61100,WR,PHI,1,0,24,60.4,100.0,6,28.6,6,61.8,0,100.0,21,21,61.6,100.0,15,71.4,15
16,John Simpson,41715,G,NYJ,1,0,22,63.2,100.0,2,9.5,2,75.6,2,100.0,21,21,79.3,100.0,17,81.0,17
16,Anthony Bradford,99103,G,SEA,1,0,29,50.8,100.0,7,33.3,7,42.4,0,100.0,21,21,53.5,100.0,10,47.6,10
16,Drake London,86519,WR,ATL,1,0,2,57.6,100.0,3,14.3,3,46.4,0,100.0,21,21,50.5,100.0,16,76.2,16
16,Armand Membou,125008,T,NYJ,1,0,22,51.4,100.0,2,9.5,2,42.3,0,100.0,21,21,48.6,100.0,17,81.0,17
16,Grey Zabel,125314,G,SEA,1,0,29,61.5,100.0,7,33.3,7,63.5,0,100.0,21,21,54.2,100.0,10,47.6,10
16,Treylon Burks,99218,WR,WAS,1,0,32,59.9,100.0,5,23.8,5,56.7,0,100.0,21,21,56.1,100.0,14,66.7,14
16,Abraham Lucas,60218,T,SEA,1,0,29,62.8,100.0,7,33.3,7,64.7,0,100.0,21,21,69.2,100.0,10,47.6,10
16,Dawson Knox,35883,TE,BUF,1,0,4,52.0,100.0,10,47.6,10,59.0,0,100.0,21,21,69.8,100.0,7,33.3,7
16,Olumuyiwa Fashanu,129777,T,NYJ,1,0,22,69.9,100.0,2,9.5,2,68.8,0,100.0,21,21,55.5,100.0,17,81.0,17
16,Mike Onwenu,27357,G,NE,1,0,19,59.3,100.0,11,52.4,11,72.7,0,100.0,21,21,82.3,100.0,5,23.8,5
16,Josh Jones,26634,T,SEA,1,0,29,57.4,100.0,7,33.3,7,70.4,0,100.0,21,21,66.0,100.0,10,47.6,10
16,Joe Tippmann,101568,G,NYJ,1,0,22,55.4,100.0,2,9.5,2,53.6,0,100.0,21,21,67.7,100.0,17,81.0,17
16,Van Jefferson,47447,WR,TEN,1,0,31,60.4,100.0,5,23.8,5,36.6,0,100.0,21,21,60.8,100.0,13,61.9,13
16,Josh Myers,59992,C,NYJ,1,0,22,62.6,100.0,2,9.5,2,56.7,0,100.0,21,21,54.2,100.0,17,81.0,17
16,Jared Wilson,146717,G,NE,1,0,19,48.8,100.0,11,52.4,11,44.1,0,100.0,21,21,47.3,100.0,5,23.8,5
16,Jauan Jennings,48027,WR,SF,1,0,28,60.0,100.0,3,14.3,3,53.9,0,100.0,21,21,57.4,100.0,16,76.2,16
16,Darnell Mooney,48236,WR,ATL,1,0,2,60.0,100.0,2,9.5,2,58.3,0,100.0,21,21,58.9,100.0,17,81.0,17
16,DJ Moore,48267,WR,CHI,1,0,6,59.3,100.0,7,33.3,7,57.4,0,100.0,21,21,57.4,100.0,14,66.7,14
16,A.J. Brown,48327,WR,PHI,1,0,24,59.8,100.0,6,28.6,6,57.7,0,100.0,21,21,57.2,100.0,15,71.4,15
16,Tyler Shough,83537,QB,NO,1,0,20,60.0,100.0,10,47.6,10,60.1,0,100.0,21,21,60.0,100.0,8,38.1,8
16,Jalen Sundell,91396,C,SEA,1,0,29,68.5,100.0,7,33.3,7,55.2,0,100.0,21,21,51.1,100.0,10,47.6,10
16,Vederian Lowe,59741,T,NE,1,0,19,64.4,100.0,11,52.4,11,67.8,0,100.0,21,21,66.9,100.0,5,23.8,5
16,Charlie Kolar,60917,TE,BLT,1,0,3,70.8,100.0,11,52.4,11,75.4,0,100.0,21,21,72.2,100.0,8,38.1,8
16,Garrett Bradbury,46013,C,NE,1,0,19,58.9,100.0,11,52.4,11,63.2,0,100.0,21,21,65.7,100.0,5,23.8,5
16,Christian Watson,66581,WR,GB,1,0,12,53.3,100.0,6,30.0,6,51.0,0,100.0,20,20,61.1,100.0,10,50.0,10
16,Brady Cook,124199,QB,NYJ,1,0,22,60.0,100.0,2,10.0,2,60.0,0,95.2,20,21,60.0,100.0,17,85.0,17
16,Walker Little,52287,T,JAX,1,1,15,46.7,100.0,9,45.0,9,46.4,1,100.0,20,20,53.1,100.0,9,45.0,9
16,Jack Bech,146771,WR,LV,1,0,23,60.0,100.0,2,10.0,2,70.1,0,100.0,20,20,54.8,100.0,16,80.0,16
16,Trevor Lawrence,77632,QB,JAX,1,0,15,60.0,90.9,10,50.0,11,60.0,0,83.3,20,24,60.0,81.8,9,45.0,11
16,Jackson Hawes,109374,TE,BUF,1,0,4,49.7,100.0,11,55.0,11,62.2,0,100.0,20,20,74.1,100.0,7,35.0,7
16,Jalen Travis,155412,T,IND,1,0,14,70.3,100.0,11,55.0,11,73.2,0,100.0,20,20,83.0,100.0,5,25.0,5
16,Sam Darnold,29048,QB,SEA,1,0,29,60.0,100.0,7,35.0,7,60.0,0,95.2,20,21,60.0,100.0,10,50.0,10
16,Dalton Tucker,81717,G,IND,1,0,14,68.8,100.0,11,55.0,11,64.5,1,100.0,20,20,59.2,100.0,5,25.0,5
16,Terry McLaurin,48229,WR,WAS,1,0,32,60.9,100.0,6,30.0,6,56.3,0,100.0,20,20,55.1,100.0,14,70.0,14
16,Ben Sinnott,122616,TE,WAS,1,0,32,56.9,100.0,5,25.0,5,62.5,0,100.0,20,20,66.2,100.0,13,65.0,13
16,T.J. Bass,131703,G,DAL,1,0,9,66.8,100.0,5,25.0,5,61.8,0,100.0,20,20,63.6,100.0,12,60.0,12
16,Emeka Egbuka,145055,WR,TB,1,0,30,58.8,100.0,9,45.0,9,54.7,0,100.0,20,20,54.2,100.0,10,50.0,10
16,Matt Goncalves,99680,G,IND,1,0,14,51.8,100.0,11,55.0,11,67.4,0,100.0,20,20,83.3,100.0,5,25.0,5
16,Tyler Booker,157001,G,DAL,1,0,9,45.7,100.0,5,25.0,5,49.3,0,100.0,20,20,56.6,100.0,12,60.0,12
16,John Metchie III,97400,WR,NYJ,1,0,22,60.0,100.0,2,10.0,2,60.2,0,100.0,20,20,60.3,100.0,16,80.0,16
16,Cade Stover,101486,TE,HST,1,0,13,56.4,100.0,6,30.0,6,46.1,0,100.0,20,20,43.2,100.0,11,55.0,11
16,Dylan Fairchild,146716,G,CIN,1,0,7,68.7,100.0,6,30.0,6,53.1,0,100.0,20,20,45.5,100.0,12,60.0,12
16,Rashod Bateman,84296,WR,BLT,1,0,3,59.5,100.0,11,55.0,11,59.9,0,100.0,20,20,60.0,100.0,8,40.0,8
16,T.J. Hockenson,40912,TE,MIN,1,0,18,57.0,100.0,11,55.0,11,47.5,1,100.0,20,20,54.5,100.0,9,45.0,9
16,Danny Pinter,47339,C,IND,1,0,14,59.5,100.0,11,57.9,11,60.8,0,100.0,19,19,65.4,100.0,5,26.3,5
16,Brenden Bates,53746,TE,CLV,1,0,8,54.3,100.0,6,31.6,6,61.6,0,100.0,19,19,53.9,100.0,7,36.8,7
16,Jordan Addison,123000,WR,MIN,1,0,18,74.2,100.0,11,57.9,11,84.4,0,100.0,19,19,60.6,100.0,7,36.8,7
16,Tyler Smith,98385,G,DAL,1,0,9,72.6,100.0,5,26.3,5,81.8,0,100.0,19,19,80.8,100.0,11,57.9,11
16,Joe Burrow,28022,QB,CIN,1,0,7,60.0,100.0,6,31.6,6,60.0,0,95.0,19,20,60.0,100.0,12,63.2,12
16,Cooper Kupp,11824,WR,SEA,1,0,29,59.7,100.0,6,31.6,6,30.3,0,100.0,19,19,54.8,100.0,10,52.6,10
16,Dak Prescott,10769,QB,DAL,1,0,9,60.0,100.0,5,26.3,5,60.0,0,100.0,19,19,60.0,100.0,11,57.9,11
16,Cedrick Wilson Jr.,48170,WR,MIA,1,0,17,60.8,100.0,5,26.3,5,89.9,0,100.0,19,19,79.7,100.0,13,68.4,13
16,Alec Pierce,78038,WR,IND,1,0,14,48.6,100.0,11,57.9,11,33.0,0,100.0,19,19,60.0,100.0,5,26.3,5
16,AJ Barner,129433,TE,SEA,1,0,29,61.1,100.0,7,36.8,7,69.9,0,95.0,19,20,74.0,100.0,10,52.6,10
16,Ja'Marr Chase,84270,WR,CIN,1,0,7,59.5,100.0,5,26.3,5,59.8,0,100.0,19,19,61.1,100.0,12,63.2,12
16,Terence Steele,39461,T,DAL,1,0,9,56.5,100.0,5,26.3,5,58.3,0,100.0,19,19,68.6,100.0,11,57.9,11
16,Cade Mays,81995,C,CAR,1,0,5,52.2,100.0,7,38.9,7,51.6,0,100.0,18,18,55.7,100.0,9,50.0,9
16,Damien Lewis,81532,G,CAR,1,0,5,73.7,100.0,7,38.9,7,57.8,0,100.0,18,18,45.1,100.0,9,50.0,9
16,Adonai Mitchell,146712,WR,NYJ,1,0,22,59.9,100.0,1,5.6,1,76.8,0,100.0,18,18,61.7,100.0,15,83.3,15
16,Taylor Moton,11819,T,CAR,1,0,5,67.5,100.0,7,38.9,7,72.1,0,100.0,18,18,70.3,100.0,9,50.0,9
16,Chimere Dike,129918,WR,TEN,1,0,31,60.1,100.0,6,33.3,6,58.6,0,100.0,18,18,58.7,100.0,10,55.6,10
16,Olisaemeka Udoh,28394,T,TEN,1,0,31,51.9,100.0,14,77.8,14,52.6,1,100.0,18,18,60.0,100.0,3,16.7,3
16,Michael Pittman Jr.,29049,WR,IND,1,0,14,52.1,100.0,10,55.6,10,53.8,0,100.0,18,18,60.4,100.0,4,22.2,4
16,David Sills V,34579,WR,ATL,1,0,2,59.8,100.0,4,22.2,4,55.5,0,100.0,18,18,56.3,100.0,14,77.8,14
16,Jaxon Smith-Njigba,129758,WR,SEA,1,0,29,60.6,100.0,7,38.9,7,61.7,0,100.0,18,18,61.7,100.0,9,50.0,9
16,Josh Fryar,129746,T,ARZ,1,0,1,67.6,100.0,11,61.1,11,70.4,0,100.0,18,18,68.2,100.0,6,33.3,6
16,John Bates,42275,TE,WAS,1,0,32,56.7,100.0,6,33.3,6,56.3,0,100.0,18,18,57.7,100.0,12,66.7,12
16,Michael Mayer,122906,TE,LV,1,0,23,54.8,100.0,3,16.7,3,48.5,0,100.0,18,18,50.5,100.0,14,77.8,14
16,Austin Corbett,46290,C,CAR,1,0,5,48.9,100.0,7,38.9,7,50.6,0,100.0,18,18,57.0,100.0,9,50.0,9
16,Dontayvion Wicks,99711,WR,GB,1,0,12,72.2,100.0,7,38.9,7,81.1,0,100.0,18,18,60.7,100.0,10,55.6,10
16,Deebo Samuel,48274,WR,WAS,1,0,32,59.2,100.0,3,16.7,3,58.1,0,100.0,18,18,58.9,100.0,14,77.8,14
16,Cooper Beebe,99434,C,DAL,1,0,9,59.2,100.0,4,22.2,4,59.0,0,100.0,18,18,59.4,100.0,11,61.1,11
16,Julian Hill,88685,TE,MIA,1,0,17,42.8,100.0,5,27.8,5,48.7,0,100.0,18,18,58.8,100.0,9,50.0,9
16,Yosh Nijman,60822,T,CAR,1,0,5,79.1,100.0,7,38.9,7,90.2,0,100.0,18,18,75.3,100.0,9,50.0,9
16,Kevin Austin Jr.,84345,WR,NO,1,0,20,59.4,100.0,9,50.0,9,59.7,0,100.0,18,18,61.2,100.0,7,38.9,7
16,Nico Collins,61441,WR,HST,1,0,13,60.0,100.0,4,22.2,4,52.1,0,100.0,18,18,55.9,100.0,12,66.7,12
16,Joshua Palmer,62979,WR,BUF,1,0,4,60.6,100.0,10,55.6,10,60.6,0,100.0,18,18,60.2,100.0,8,44.4,8
16,Jeremy Ruckert,84029,TE,NYJ,1,0,22,67.1,100.0,2,11.1,2,68.4,1,100.0,18,18,63.3,100.0,14,77.8,14
16,David Martin-Robinson,77892,TE,TEN,1,0,31,67.6,100.0,12,66.7,12,65.5,0,100.0,18,18,59.7,100.0,4,22.2,4
16,Quenton Nelson,12954,G,IND,1,0,14,62.1,100.0,9,52.9,9,57.5,0,100.0,17,17,55.1,100.0,4,23.5,4
16,Daniel Bellinger,84041,TE,NYG,1,0,21,60.0,100.0,1,5.9,1,62.0,0,100.0,17,17,62.9,100.0,14,82.4,14
16,Aireontae Ersery,129649,T,HST,1,0,13,85.1,100.0,4,23.5,4,69.8,0,100.0,17,17,54.0,100.0,11,64.7,11
16,Ladd McConkey,124030,WR,LAC,1,0,27,53.0,100.0,11,64.7,11,54.9,0,100.0,17,17,60.5,100.0,6,35.3,6
16,Jaylen Waddle,84088,WR,MIA,1,0,17,60.1,100.0,6,35.3,6,60.0,0,100.0,17,17,60.4,100.0,9,52.9,9
16,Jayden Reed,78171,WR,GB,1,0,12,58.1,100.0,4,23.5,4,54.2,0,94.4,17,18,54.6,100.0,12,70.6,12
16,Hunter Henry,10669,TE,NE,1,0,19,72.8,100.0,8,47.1,8,69.3,0,100.0,17,17,59.4,100.0,5,29.4,5
16,Hjalte Froholdt,44959,C,ARZ,1,0,1,54.5,100.0,10,58.8,10,71.4,0,100.0,17,17,82.7,100.0,6,35.3,6
16,Philip Rivers,1725,QB,IND,1,0,14,60.0,100.0,9,52.9,9,60.0,0,100.0,17,17,60.0,100.0,4,23.5,4
16,Kendrick Bourne,12270,WR,SF,1,0,28,59.6,100.0,2,11.8,2,79.9,0,100.0,17,17,84.4,100.0,14,82.4,14
16,Trevor Penning,59963,G,LAC,1,0,27,58.9,100.0,11,68.8,11,51.6,1,100.0,16,16,41.8,100.0,4,25.0,4
16,Brenton Strange,101694,TE,JAX,1,0,15,59.6,100.0,5,31.3,5,65.6,0,100.0,16,16,66.8,100.0,9,56.3,9
16,Max Brosmer,105568,QB,MIN,1,0,18,60.0,100.0,9,56.3,9,60.0,0,84.2,16,19,60.0,100.0,7,43.8,7
16,Jerry Jeudy,61103,WR,CLV,1,0,8,61.5,100.0,7,43.8,7,61.2,0,100.0,16,16,60.3,100.0,5,31.3,5
16,Tyler Warren,129798,TE,IND,1,0,14,48.9,100.0,8,50.0,8,51.3,0,100.0,16,16,60.2,100.0,4,25.0,4
16,Thayer Munford Jr.,59994,T,NE,1,0,19,77.4,100.0,10,62.5,10,86.6,0,100.0,16,16,82.1,100.0,4,25.0,4
16,Olamide Zaccheaus,44920,WR,CHI,1,0,6,60.0,100.0,6,37.5,6,37.3,0,100.0,16,16,56.4,100.0,9,56.3,9
16,Andrew Thomas,59701,T,NYG,1,0,21,60.0,100.0,2,12.5,2,86.2,0,100.0,16,16,81.4,100.0,12,75.0,12
16,Bryce Young,123943,QB,CAR,1,0,5,60.0,100.0,7,43.8,7,60.0,0,88.9,16,18,60.0,88.9,8,50.0,9
16,Colston Loveland,158540,TE,CHI,1,0,6,60.2,100.0,6,37.5,6,47.8,0,100.0,16,16,58.0,100.0,9,56.3,9
16,Cole Kmet,60995,TE,CHI,1,0,6,57.0,100.0,5,31.3,5,56.3,0,100.0,16,16,59.3,100.0,10,62.5,10
16,George Kittle,11901,TE,SF,1,0,28,50.5,100.0,2,12.5,2,66.3,0,100.0,16,16,67.0,100.0,12,75.0,12
16,Tyler Huntley,46448,QB,BLT,1,0,3,60.0,100.0,6,40.0,6,60.0,0,93.8,15,16,60.0,100.0,7,46.7,7
16,Jakobi Meyers,47468,WR,JAX,1,0,15,74.8,100.0,7,46.7,7,72.2,0,93.8,15,16,60.7,100.0,8,53.3,8
16,Andrei Iosivas,109811,WR,CIN,1,0,7,60.0,100.0,3,20.0,3,57.2,0,100.0,15,15,56.9,100.0,11,73.3,11
16,Robert Hainsey,59980,C,JAX,1,0,15,58.6,100.0,8,53.3,8,60.8,0,100.0,15,15,63.3,100.0,6,40.0,6
16,Mike McGlinchey,46275,T,DEN,1,0,10,53.9,100.0,4,26.7,4,90.3,0,100.0,15,15,94.8,100.0,9,60.0,9
16,Quinn Meinerz,112915,G,DEN,1,0,10,59.1,100.0,4,26.7,4,62.5,0,100.0,15,15,66.2,100.0,9,60.0,9
16,Grant Calcaterra,60997,TE,PHI,1,0,24,60.6,100.0,6,40.0,6,53.2,0,100.0,15,15,51.6,100.0,6,40.0,6
16,Luke Farrell,42353,TE,SF,1,0,28,73.3,100.0,1,6.7,1,60.4,0,100.0,15,15,51.2,100.0,10,66.7,10
16,Marcus Mariota,9435,QB,WAS,1,0,32,60.0,100.0,3,20.0,3,60.0,0,93.8,15,16,60.0,100.0,12,80.0,12
16,Luke Wattenberg,41024,C,DEN,1,0,10,57.6,100.0,4,26.7,4,58.9,0,100.0,15,15,61.5,100.0,9,60.0,9
16,Morgan Moses,8701,T,NE,1,0,19,53.6,100.0,7,46.7,7,63.3,0,100.0,15,15,72.6,100.0,4,26.7,4
16,Mike Evans,8642,WR,TB,1,0,30,60.0,100.0,3,20.0,3,60.3,0,100.0,15,15,60.7,100.0,10,66.7,10
16,Teagan Quitoriano,84036,TE,ATL,1,0,2,58.9,100.0,3,20.0,3,56.7,0,100.0,15,15,56.9,100.0,8,53.3,8
16,Oronde Gadsden II,144046,TE,LAC,1,0,27,49.9,100.0,6,40.0,6,39.3,0,100.0,15,15,43.7,100.0,6,40.0,6
16,Marcus Mbow,145113,T,NYG,1,0,21,60.2,100.0,3,20.0,3,65.6,0,100.0,15,15,65.2,100.0,12,80.0,12
16,Garett Bolles,11775,T,DEN,1,0,10,76.0,100.0,4,26.7,4,92.6,0,100.0,15,15,92.5,100.0,9,60.0,9
16,Tetairoa McMillan,158735,WR,CAR,1,0,5,52.9,100.0,5,33.3,5,55.3,0,100.0,15,15,61.2,100.0,9,60.0,9
16,Andrus Peat,9446,T,PIT,1,0,25,49.1,100.0,4,26.7,4,48.5,0,100.0,15,15,54.6,100.0,10,66.7,10
16,George Pickens,99229,WR,DAL,1,0,9,60.4,100.0,5,33.3,5,59.9,0,100.0,15,15,60.4,100.0,9,60.0,9
16,Xavier Weaver,101130,WR,ARZ,1,0,1,60.1,100.0,6,42.9,6,55.3,0,100.0,14,14,54.5,100.0,7,50.0,7
16,CeeDee Lamb,61570,WR,DAL,1,0,9,59.5,100.0,4,28.6,4,59.6,0,100.0,14,14,60.6,100.0,9,64.3,9
16,Drake Maye,143969,QB,NE,1,0,19,60.0,90.9,10,71.4,11,60.0,0,66.7,14,21,60.0,80.0,4,28.6,5
16,Isaiah Williams,97156,WR,NYJ,1,0,22,60.0,100.0,1,7.1,1,37.2,0,100.0,14,14,61.6,100.0,11,78.6,11
16,Mitchell Tinsley,123470,WR,CIN,1,0,7,56.5,100.0,5,35.7,5,69.7,0,100.0,14,14,80.7,100.0,7,50.0,7
16,Tyrell Shavers,61107,WR,BUF,1,0,4,60.3,100.0,4,28.6,4,60.5,0,100.0,14,14,60.2,100.0,7,50.0,7
16,Jalen Coker,143068,WR,CAR,1,0,5,78.0,100.0,5,35.7,5,73.1,0,100.0,14,14,60.5,100.0,8,57.1,8
16,Jalen McMillan,131905,WR,TB,1,0,30,60.0,100.0,2,14.3,2,77.2,0,93.3,14,15,78.1,100.0,12,85.7,12
16,Christian Kirk,47546,WR,HST,1,0,13,58.8,100.0,3,21.4,3,59.7,0,100.0,14,14,60.7,100.0,8,57.1,8
16,Konata Mumpfield,145598,WR,LA,1,0,26,60.0,100.0,3,21.4,3,59.4,0,100.0,14,14,59.4,100.0,11,78.6,11
16,Courtland Sutton,48164,WR,DEN,1,0,10,60.0,100.0,3,21.4,3,80.2,0,100.0,14,14,83.8,100.0,9,64.3,9
16,Xavier Hutchinson,122518,WR,HST,1,0,13,60.0,100.0,3,21.4,3,60.9,0,100.0,14,14,60.2,100.0,8,57.1,8
16,Lamar Jackson,46416,QB,BLT,1,0,3,60.0,81.8,9,64.3,11,60.0,0,87.5,14,16,60.0,100.0,5,35.7,5
16,Johnny Mundt,12206,TE,JAX,1,0,15,67.2,100.0,9,64.3,9,59.7,0,100.0,14,14,52.0,100.0,5,35.7,5
16,Quentin Johnston,123085,WR,LAC,1,0,27,60.7,100.0,9,69.2,9,59.7,0,100.0,13,13,59.1,100.0,4,30.8,4
16,Keenan Allen,7857,WR,LAC,1,0,27,60.3,100.0,9,69.2,9,60.5,0,100.0,13,13,60.3,100.0,4,30.8,4
16,Jahan Dotson,84375,WR,PHI,1,0,24,59.9,100.0,4,30.8,4,59.8,0,100.0,13,13,59.8,100.0,9,69.2,9
16,Blake Fisher,147479,T,HST,1,0,13,60.3,100.0,3,23.1,3,57.9,0,100.0,13,13,56.6,100.0,7,53.8,7
16,Cedric Tillman,84434,WR,CLV,1,0,8,59.6,100.0,4,30.8,4,54.8,0,100.0,13,13,54.7,100.0,8,61.5,8
16,Jalen Nailor,84292,WR,MIN,1,0,18,52.0,100.0,7,53.8,7,52.3,0,100.0,13,13,57.8,100.0,6,46.2,6
16,Adam Trautman,109795,TE,DEN,1,0,10,60.3,100.0,4,30.8,4,49.3,0,100.0,13,13,60.4,100.0,7,53.8,7
16,Juwan Johnson,28305,TE,NO,1,0,20,69.9,100.0,6,46.2,6,37.0,0,100.0,13,13,46.8,100.0,5,38.5,5
16,Chris Olave,84355,WR,NO,1,0,20,59.0,100.0,6,46.2,6,35.6,0,100.0,13,13,61.1,100.0,6,46.2,6
16,Blake Whiteheart,77881,TE,CLV,1,0,8,84.3,100.0,6,50.0,6,76.6,0,100.0,12,12,55.7,100.0,6,50.0,6
16,Adam Thielen,8288,WR,PIT,1,0,25,53.4,100.0,3,25.0,3,56.0,0,100.0,12,12,61.8,100.0,9,75.0,9
16,Taylor Decker,10650,T,DET,1,0,11,55.6,100.0,5,41.7,5,50.7,0,100.0,12,12,68.4,100.0,6,50.0,6
16,Chris Godwin,11839,WR,TB,1,0,30,59.0,100.0,3,25.0,3,55.1,0,100.0,12,12,55.1,100.0,8,66.7,8
16,Mack Hollins,11873,WR,NE,1,0,19,81.6,100.0,7,58.3,7,79.6,0,100.0,12,12,60.2,100.0,3,25.0,3
16,Jack Stoll,42058,TE,NO,1,0,20,76.7,100.0,6,50.0,6,82.7,0,100.0,12,12,70.6,100.0,4,33.3,4
16,Dalton Schultz,47304,TE,HST,1,0,13,41.3,100.0,3,25.0,3,32.0,0,100.0,12,12,35.2,100.0,5,41.7,5
16,Demontrey Jacobs,56619,T,ARZ,1,0,1,67.3,100.0,9,75.0,9,56.5,0,100.0,12,12,45.2,100.0,3,25.0,3
16,Creed Humphrey,59996,C,KC,1,0,16,60.8,100.0,4,33.3,4,56.1,0,100.0,12,12,54.6,100.0,7,58.3,7
16,Trey Smith,62960,G,KC,1,0,16,79.5,100.0,4,33.3,4,74.7,0,100.0,12,12,62.1,100.0,7,58.3,7
16,Malachi Corley,66272,WR,CLV,1,0,8,60.0,100.0,4,33.3,4,60.2,0,80.0,12,15,60.9,100.0,6,50.0,6
16,Penei Sewell,81788,T,DET,1,0,11,36.2,100.0,5,41.7,5,47.4,0,100.0,12,12,79.1,100.0,6,50.0,6
16,Bo Nix,97790,QB,DEN,1,0,10,60.0,100.0,4,33.3,4,60.0,0,80.0,12,15,60.0,77.8,7,58.3,9
16,Kingsley Eguakun,98248,C,DET,1,0,11,60.2,100.0,5,41.7,5,59.2,0,100.0,12,12,47.7,100.0,6,50.0,6
16,Tre Harris,122676,WR,LAC,1,0,27,53.1,100.0,8,66.7,8,53.5,0,100.0,12,12,59.9,100.0,3,25.0,3
16,Tate Ratledge,124034,G,DET,1,0,11,39.3,100.0,5,41.7,5,57.3,0,100.0,12,12,75.8,100.0,6,50.0,6
16,Kyle Williams,128374,WR,NE,1,0,19,60.2,100.0,7,58.3,7,61.6,1,100.0,12,12,60.0,100.0,2,16.7,2
16,Kingsley Suamataia,146558,G,KC,1,0,16,59.7,100.0,4,33.3,4,61.5,0,100.0,12,12,62.1,100.0,7,58.3,7
16,Moliki Matavao,146561,TE,NO,1,0,20,56.6,100.0,7,58.3,7,55.1,0,100.0,12,12,57.2,100.0,4,33.3,4
16,Brian Thomas Jr.,146760,WR,JAX,1,0,15,60.1,100.0,7,58.3,7,61.5,0,100.0,12,12,61.0,100.0,5,41.7,5
16,Jayden Higgins,150240,WR,HST,1,0,13,56.8,100.0,4,33.3,4,53.8,0,100.0,12,12,54.9,100.0,7,58.3,7
16,Chukwuebuka Godrick,169778,T,KC,1,0,16,59.4,100.0,4,33.3,4,50.1,0,100.0,12,12,48.6,100.0,7,58.3,7
16,Esa Pole,174220,T,KC,1,0,16,45.1,100.0,4,33.3,4,48.9,0,100.0,12,12,58.8,100.0,7,58.3,7
16,JuJu Smith-Schuster,11817,WR,KC,1,0,16,60.3,100.0,4,36.4,4,38.9,0,100.0,11,11,61.8,100.0,6,54.5,6
16,Amon-Ra St. Brown,84470,WR,DET,1,0,11,59.9,100.0,5,45.5,5,76.3,0,100.0,11,11,56.1,100.0,6,54.5,6
16,Kevin Dotson,46735,G,LA,1,0,26,63.5,100.0,2,18.2,2,69.6,0,100.0,11,11,62.9,100.0,9,81.8,9
16,Chigoziem Okonkwo,84000,TE,TEN,1,0,31,60.0,100.0,2,18.2,2,44.1,0,100.0,11,11,59.8,100.0,6,54.5,6
16,Darius Cooper,136866,WR,PHI,1,0,24,59.6,100.0,5,45.5,5,77.9,0,100.0,11,11,81.2,100.0,4,36.4,4
16,Jared Goff,10635,QB,DET,1,0,11,60.0,100.0,5,45.5,5,60.0,0,91.7,11,12,60.0,100.0,6,54.5,6
16,Josh Downs,122832,WR,IND,1,0,14,59.2,100.0,4,36.4,4,58.3,0,91.7,11,12,58.6,100.0,4,36.4,4
16,Matthew Golden,156165,WR,GB,1,0,12,60.0,100.0,4,36.4,4,60.3,0,84.6,11,13,59.1,100.0,7,63.6,7
16,Payne Durham,84037,TE,TB,1,0,30,84.8,100.0,6,54.5,6,78.2,0,100.0,11,11,60.1,100.0,3,27.3,3
16,Christian Mahogany,98261,G,DET,1,0,11,43.8,100.0,5,45.5,5,46.3,0,100.0,11,11,58.3,100.0,6,54.5,6
16,Jack Westover,84079,FB,NE,1,0,19,52.2,100.0,6,54.5,6,52.9,0,100.0,11,11,59.3,100.0,2,18.2,2
16,Jordan Whittington,97623,WR,LA,1,0,26,56.3,100.0,6,54.5,6,56.4,0,100.0,11,11,60.5,100.0,5,45.5,5
16,J.J. McCarthy,144918,QB,MIN,1,0,18,60.0,100.0,6,54.5,6,60.0,0,100.0,11,11,60.0,100.0,5,45.5,5
16,Eric Saubert,11929,TE,SEA,1,0,29,57.7,100.0,3,27.3,3,45.9,0,100.0,11,11,59.8,100.0,5,45.5,5
16,Tez Johnson,123709,WR,TB,1,0,30,60.1,100.0,5,50.0,5,54.6,0,100.0,10,10,53.5,100.0,5,50.0,5
16,Reggie Gilliam,40951,FB,BUF,1,0,4,55.0,100.0,3,30.0,3,51.3,0,100.0,10,10,57.7,100.0,3,30.0,3
16,Mark Andrews,47436,TE,BLT,1,0,3,59.7,100.0,5,50.0,5,42.9,0,90.9,10,11,41.3,100.0,4,40.0,4
16,Jake Ferguson,61081,TE,DAL,1,0,9,50.0,100.0,2,20.0,2,49.0,0,100.0,10,10,55.3,100.0,7,70.0,7
16,Josh Johnson,4474,QB,WAS,1,0,32,60.0,100.0,4,40.0,4,60.0,0,90.9,10,11,60.0,100.0,6,60.0,6
16,Darren Waller,9637,TE,MIA,1,0,17,35.9,100.0,3,30.0,3,35.9,0,100.0,10,10,48.3,100.0,4,40.0,4
16,Pat Bryant,144800,WR,DEN,1,0,10,,,0,0.0,0,58.9,0,100.0,10,10,59.9,100.0,8,80.0,8
16,Alec Ingold,34934,FB,MIA,1,0,17,57.6,100.0,3,30.0,3,62.0,0,100.0,10,10,64.4,100.0,7,70.0,7
16,Jameson Williams,101701,WR,DET,1,0,11,60.2,100.0,4,40.0,4,36.4,0,100.0,10,10,59.5,100.0,6,60.0,6
16,Giovanni Ricci,13756,TE,DET,1,0,11,58.3,100.0,4,40.0,4,56.8,0,100.0,10,10,57.2,100.0,5,50.0,5
16,Alex Palczewski,59738,G,DEN,1,0,10,57.2,100.0,4,40.0,4,47.6,0,100.0,10,10,47.7,100.0,5,50.0,5
16,Isaiah Likely,83955,TE,BLT,1,0,3,60.1,100.0,4,40.0,4,75.0,0,100.0,10,10,60.4,100.0,4,40.0,4
16,Khalil Shakir,84140,WR,BUF,1,0,4,60.2,100.0,5,50.0,5,55.5,0,100.0,10,10,60.6,100.0,4,40.0,4
16,Jake Tonges,60864,TE,SF,1,0,28,,,0,0.0,0,54.1,0,100.0,9,9,53.7,100.0,6,66.7,6
16,Tommy Tremble,84025,TE,CAR,1,0,5,74.2,100.0,4,44.4,4,87.6,0,100.0,9,9,80.4,100.0,4,44.4,4
16,DeAndre Hopkins,7808,WR,BLT,1,0,3,60.4,100.0,4,44.4,4,61.9,0,100.0,9,9,60.8,100.0,5,55.6,5
16,C.J. Ham,11347,FB,MIN,1,0,18,52.5,80.0,4,44.4,5,53.8,0,90.0,9,10,59.1,100.0,2,22.2,2
16,Tee Higgins,61211,WR,CIN,1,0,7,60.0,100.0,1,11.1,1,61.2,0,100.0,9,9,61.5,100.0,7,77.8,7
16,Quintin Morris,61182,TE,JAX,1,0,15,56.2,100.0,4,44.4,4,44.2,0,100.0,9,9,60.0,100.0,4,44.4,4
16,Jonah Monheim,86461,C,JAX,1,0,15,59.9,100.0,3,33.3,3,41.8,0,100.0,9,9,39.9,100.0,5,55.6,5
16,Ryan Flournoy,159617,WR,DAL,1,0,9,59.9,100.0,3,33.3,3,60.3,0,100.0,9,9,60.8,100.0,5,55.6,5
16,Malik Washington,97108,WR,MIA,1,0,17,81.8,100.0,2,22.2,2,71.5,0,90.0,9,10,53.4,100.0,6,66.7,6
16,Wyatt Milum,144785,G,JAX,1,0,15,68.5,100.0,4,44.4,4,77.4,0,100.0,9,9,73.6,100.0,4,44.4,4
16,Tim Patrick,12087,WR,JAX,1,0,15,60.0,100.0,3,33.3,3,60.4,0,100.0,9,9,59.8,100.0,5,55.6,5
16,Jonathan Mingo,97774,WR,DAL,1,0,9,59.5,100.0,2,22.2,2,59.1,0,100.0,9,9,59.7,100.0,6,66.7,6
16,Elijah Higgins,98027,TE,ARZ,1,0,1,57.3,100.0,5,55.6,5,57.8,0,100.0,9,9,60.2,100.0,3,33.3,3
16,Isaiah Bond,163586,WR,CLV,1,0,8,60.0,100.0,4,44.4,4,60.7,0,90.0,9,10,60.8,100.0,5,55.6,5
16,Jordan Love,40306,QB,GB,1,0,12,60.0,100.0,4,44.4,4,60.0,0,100.0,9,9,60.0,100.0,4,44.4,4
16,Marvin Harrison Jr.,145056,WR,ARZ,1,0,1,60.2,100.0,3,37.5,3,61.1,0,100.0,8,8,60.6,100.0,5,62.5,5
16,Austin Hooper,10715,TE,NE,1,0,19,57.2,100.0,3,37.5,3,57.6,0,100.0,8,8,60.0,100.0,1,12.5,1
16,Jonnu Smith,11855,TE,PIT,1,0,25,60.6,75.0,3,37.5,4,43.0,0,80.0,8,10,59.6,100.0,4,50.0,4
16,Luke Schoonmaker,84005,TE,DAL,1,0,9,59.7,100.0,1,12.5,1,65.1,0,100.0,8,8,67.9,100.0,5,62.5,5
16,Ryan Kelly,10652,C,MIN,1,0,18,67.4,100.0,4,50.0,4,65.5,0,100.0,8,8,58.0,100.0,4,50.0,4
16,Durham Smythe,47257,TE,CHI,1,0,6,,,0,0.0,0,58.5,0,100.0,8,8,58.7,100.0,7,87.5,7
16,James Proche II,48037,WR,TEN,1,0,31,60.0,100.0,3,37.5,3,60.6,0,100.0,8,8,60.0,100.0,4,50.0,4
16,Ja'Tavion Sanders,144717,TE,CAR,1,0,5,49.0,100.0,4,50.0,4,57.4,0,100.0,8,8,67.9,100.0,3,37.5,3
16,Foster Moreau,47043,TE,NO,1,0,20,55.8,100.0,4,50.0,4,51.1,0,100.0,8,8,56.2,100.0,2,25.0,2
16,Mason Tipton,109617,WR,NO,1,0,20,58.9,100.0,4,50.0,4,79.6,0,88.9,8,9,60.5,100.0,4,50.0,4
16,Demarcus Robinson,10760,WR,SF,1,0,28,,,0,0.0,0,49.3,0,100.0,8,8,48.9,100.0,7,87.5,7
16,KeAndre Lambert-Smith,129789,WR,LAC,1,0,27,60.2,100.0,5,62.5,5,59.6,0,100.0,8,8,59.9,100.0,2,25.0,2
16,Chris Oladokun,40364,QB,KC,1,0,16,60.0,100.0,3,37.5,3,60.0,0,100.0,8,8,60.0,100.0,5,62.5,5
16,Daniel Brunskill,34807,G,MIA,1,0,17,68.3,100.0,3,37.5,3,65.0,0,100.0,8,8,58.8,100.0,5,62.5,5
16,Mo Alie-Cox,12078,TE,IND,1,0,14,55.5,100.0,6,75.0,6,55.2,0,100.0,8,8,60.0,100.0,1,12.5,1
16,Xavier Legette,99197,WR,CAR,1,0,5,60.0,100.0,2,25.0,2,59.9,0,100.0,8,8,59.6,100.0,6,75.0,6
16,Austin Schlottmann,30097,C,NYG,1,0,21,60.0,100.0,1,14.3,1,70.9,0,100.0,7,7,71.4,100.0,6,85.7,6
16,Dalton Kincaid,91791,TE,BUF,1,0,4,58.2,100.0,6,85.7,6,58.0,0,100.0,7,7,60.0,100.0,1,14.3,1
16,Travis Kelce,7844,TE,KC,1,0,16,51.6,100.0,4,57.1,4,36.3,0,100.0,7,7,59.6,100.0,2,28.6,2
16,Jelani Woods,60509,TE,NYJ,1,0,22,59.8,100.0,1,14.3,1,59.4,0,100.0,7,7,60.0,100.0,6,85.7,6
16,Noah Gray,60878,TE,KC,1,0,16,59.9,100.0,1,14.3,1,59.3,0,100.0,7,7,60.0,100.0,5,71.4,5
16,Pat Freiermuth,84085,TE,PIT,1,0,25,71.8,100.0,3,42.9,3,68.3,0,100.0,7,7,59.0,100.0,3,42.9,3
16,Matt Pryor,46647,T,PHI,1,0,24,58.6,100.0,3,42.9,3,69.4,0,100.0,7,7,69.3,100.0,2,28.6,2
16,Rashid Shaheed,63707,WR,SEA,1,0,29,60.0,100.0,3,42.9,3,60.6,0,87.5,7,8,60.0,100.0,2,28.6,2
16,Kylen Granson,40630,TE,PHI,1,0,24,57.3,100.0,3,42.9,3,56.9,0,100.0,7,7,60.0,100.0,1,14.3,1
16,Brevyn Spann-Ford,84006,TE,DAL,1,0,9,59.4,100.0,2,28.6,2,55.6,0,100.0,7,7,57.3,100.0,3,42.9,3
16,Emery Jones Jr.,157117,G,BLT,1,0,3,47.6,100.0,4,57.1,4,54.6,0,100.0,7,7,65.0,100.0,2,28.6,2
16,Parker Washington,129799,WR,JAX,1,0,15,52.1,100.0,3,42.9,3,52.2,0,100.0,7,7,60.0,100.0,2,28.6,2
16,Rhamondre Stevenson,98689,HB,NE,1,0,19,59.9,12.5,1,14.3,8,59.7,0,46.7,7,15,60.0,66.7,2,28.6,3
16,Mitchell Evans,147486,TE,CAR,1,0,5,61.8,100.0,3,42.9,3,68.4,0,100.0,7,7,67.9,100.0,3,42.9,3
16,Ben Sims,77918,TE,MIN,1,0,18,59.3,100.0,1,16.7,1,57.7,0,100.0,6,6,60.0,100.0,2,33.3,2
16,Darian Kinnard,51789,T,GB,1,0,12,39.8,100.0,4,66.7,4,40.5,0,100.0,6,6,57.8,100.0,2,33.3,2
16,Chris Blair,84096,WR,ATL,1,0,2,60.0,100.0,1,16.7,1,58.4,1,100.0,6,6,58.2,100.0,5,83.3,5
16,Hayden Conner,144723,G,ARZ,1,0,1,52.3,100.0,3,50.0,3,70.0,0,100.0,6,6,78.2,100.0,3,50.0,3
16,Xavier Worthy,144718,WR,KC,1,0,16,60.1,100.0,3,50.0,3,60.1,0,85.7,6,7,59.8,100.0,3,50.0,3
16,Steven Sims,48341,WR,ARZ,1,0,1,57.7,100.0,3,50.0,3,58.5,0,100.0,6,6,60.2,100.0,3,50.0,3
16,Shane Zylstra,143786,TE,DET,1,0,11,59.2,100.0,3,50.0,3,59.5,0,100.0,6,6,60.1,100.0,2,33.3,2
16,Greg Dulcich,84068,TE,MIA,1,0,17,60.0,100.0,2,33.3,2,57.6,0,100.0,6,6,59.0,100.0,2,33.3,2
16,Jordan Watkins,122730,WR,SF,1,0,28,,,0,0.0,0,60.2,0,100.0,6,6,59.8,100.0,3,50.0,3
16,Devontez Walker,145773,WR,BLT,1,0,3,59.4,100.0,4,66.7,4,53.3,0,100.0,6,6,,,0,0.0,0
16,Tyler Allgeier,83639,HB,ATL,1,0,2,60.0,40.0,2,33.3,5,60.0,0,26.1,6,23,,0.0,0,0.0,14
16,Alex Bachman,47996,WR,LV,1,0,23,,,0,0.0,0,58.6,0,100.0,6,6,60.0,100.0,4,66.7,4
16,Jahdae Walker,175944,WR,CHI,1,0,6,60.0,100.0,2,33.3,2,58.5,0,100.0,6,6,58.5,100.0,4,66.7,4
16,Tyler Lockett,9502,WR,LV,1,0,23,60.0,100.0,1,16.7,1,60.9,0,100.0,6,6,60.3,100.0,4,66.7,4
16,Will Dissly,30762,TE,LAC,1,0,27,37.3,100.0,2,40.0,2,45.5,0,100.0,5,5,,,0,0.0,0
16,Tanner Hudson,66924,TE,CIN,1,0,7,59.7,100.0,2,40.0,2,59.2,0,100.0,5,5,59.6,100.0,3,60.0,3
16,Marquise Brown,61568,WR,KC,1,0,16,59.9,100.0,2,40.0,2,54.3,0,100.0,5,5,58.2,100.0,3,60.0,3
16,Brycen Tremayne,84425,WR,CAR,1,0,5,56.9,100.0,3,60.0,3,52.3,0,100.0,5,5,60.0,100.0,1,20.0,1
16,Nate Adkins,87625,TE,DEN,1,0,10,60.6,100.0,3,60.0,3,80.6,0,100.0,5,5,65.6,100.0,2,40.0,2
16,Ben Brown,59869,G,NE,1,0,19,59.2,100.0,4,80.0,4,59.0,0,100.0,5,5,,,0,0.0,0
16,Theo Wease Jr.,98005,WR,MIA,1,0,17,56.4,100.0,2,40.0,2,55.8,0,100.0,5,5,59.5,100.0,3,60.0,3
16,Connor Heyward,57301,TE,PIT,1,0,25,59.2,100.0,2,40.0,2,66.0,0,100.0,5,5,65.1,100.0,3,60.0,3
16,Travis Etienne Jr.,57185,HB,JAX,1,0,15,60.0,12.5,1,20.0,8,60.0,0,25.0,5,20,60.0,20.0,2,40.0,10
16,Anthony Firkser,51837,TE,DET,1,0,11,58.2,100.0,1,20.0,1,50.2,0,100.0,5,5,59.0,100.0,3,60.0,3
16,KaVontae Turpin,47658,WR,DAL,1,0,9,,,0,0.0,0,54.8,0,71.4,5,7,54.6,100.0,4,80.0,4
16,E.J. Jenkins,109834,TE,PHI,1,0,24,59.4,100.0,1,20.0,1,59.1,0,100.0,5,5,60.0,100.0,1,20.0,1
16,Jalen Rivers,122221,G,CIN,1,0,7,60.0,100.0,1,20.0,1,47.5,0,100.0,5,5,48.9,100.0,3,60.0,3
16,Josh Jacobs,45953,HB,GB,1,0,12,60.0,12.5,1,20.0,8,59.7,0,29.4,5,17,60.0,16.7,1,20.0,6
16,Marvin Mims Jr.,122937,WR,DEN,1,0,10,60.0,100.0,1,20.0,1,61.1,0,83.3,5,6,60.6,100.0,4,80.0,4
16,Ben Powers,41482,G,DEN,1,0,10,,,0,0.0,0,68.0,0,100.0,5,5,67.9,100.0,4,80.0,4
16,Joe Flacco,4332,QB,CIN,1,0,7,60.0,100.0,1,20.0,1,60.0,0,100.0,5,5,60.0,100.0,3,60.0,3
16,Kayshon Boutte,124087,WR,NE,1,0,19,60.0,100.0,2,40.0,2,59.1,0,100.0,5,5,59.9,100.0,2,40.0,2
16,De'Von Achane,124305,HB,MIA,1,0,17,,0.0,0,0.0,6,58.5,0,25.0,5,20,59.1,10.0,1,20.0,10
16,Rachaad White,131633,HB,TB,1,0,30,60.0,50.0,2,40.0,4,60.0,0,50.0,5,10,60.0,25.0,1,20.0,4
16,Troy Franklin,146567,WR,DEN,1,0,10,,,0,0.0,0,60.3,0,100.0,5,5,60.5,100.0,4,80.0,4
16,Robbie Ouzts,146594,FB,SEA,1,0,29,60.0,100.0,1,20.0,1,57.3,0,100.0,5,5,58.5,100.0,3,60.0,3
16,Chris Moore,10741,WR,WAS,1,0,32,60.0,100.0,1,20.0,1,59.4,0,100.0,5,5,59.8,100.0,2,40.0,2
16,Emanuel Wilson,154173,HB,GB,1,0,12,,0.0,0,0.0,4,44.1,0,26.3,5,19,60.0,16.7,2,40.0,12
16,Brandin Cooks,8655,WR,BUF,1,0,4,60.1,100.0,2,40.0,2,60.9,0,100.0,5,5,60.1,100.0,3,60.0,3
16,Dyami Brown,77986,WR,JAX,1,0,15,60.0,100.0,2,50.0,2,31.4,0,100.0,4,4,60.0,100.0,2,50.0,2
16,Pharaoh Brown,12247,TE,ARZ,1,0,1,89.5,100.0,4,100.0,4,89.5,0,100.0,4,4,,,0,0.0,0
16,Patrick Mekari,46219,G,JAX,1,0,15,61.9,100.0,2,50.0,2,59.8,0,100.0,4,4,53.6,100.0,2,50.0,2
16,Skyy Moore,97116,WR,SF,1,0,28,59.8,100.0,1,25.0,1,59.2,0,100.0,4,4,59.9,100.0,3,75.0,3
16,Isaac TeSlaa,172430,WR,DET,1,0,11,58.7,100.0,2,50.0,2,78.7,0,100.0,4,4,60.0,100.0,2,50.0,2
16,Marquez Valdes-Scantling,47809,WR,PIT,1,0,25,60.0,100.0,3,75.0,3,28.4,0,100.0,4,4,60.0,100.0,1,25.0,1
16,Gardner Minshew,41401,QB,KC,1,0,16,60.0,100.0,1,25.0,1,60.0,0,100.0,4,4,60.0,100.0,2,50.0,2
16,Trent Scott,24481,T,WAS,1,0,32,59.2,100.0,1,25.0,1,66.9,0,100.0,4,4,68.2,100.0,2,50.0,2
16,Brett Toth,46848,C,PHI,1,0,24,60.0,100.0,1,25.0,1,59.6,0,100.0,4,4,60.0,100.0,1,25.0,1
16,Tyjae Spears,97195,HB,TEN,1,0,31,60.0,20.0,1,25.0,5,60.0,0,25.0,4,16,60.0,22.2,2,50.0,9
16,Jimmy Horn Jr.,144483,WR,CAR,1,0,5,60.0,100.0,2,50.0,2,60.4,0,80.0,4,5,60.0,100.0,2,50.0,2
16,Mike Gesicki,47153,TE,CIN,1,0,7,60.0,100.0,2,50.0,2,60.0,0,100.0,4,4,60.0,100.0,1,25.0,1
16,Xavier Smith,102585,WR,LA,1,0,26,,,0,0.0,0,31.3,0,100.0,4,4,60.0,100.0,4,100.0,4
16,Cam Grandy,134552,TE,CIN,1,0,7,60.0,100.0,1,25.0,1,68.8,0,100.0,4,4,69.0,100.0,3,75.0,3
16,Lil'Jordan Humphrey,42247,WR,DEN,1,0,10,58.5,100.0,2,50.0,2,33.9,0,100.0,4,4,59.7,100.0,2,50.0,2
16,Devin Duvernay,40006,WR,CHI,1,0,6,59.7,100.0,1,25.0,1,59.2,0,100.0,4,4,59.9,100.0,3,75.0,3
16,Andrew Wylie,12333,G,WAS,1,0,32,56.8,100.0,2,50.0,2,57.5,0,100.0,4,4,60.4,100.0,2,50.0,2
16,Drew Kendall,143829,C,PHI,1,0,24,60.0,100.0,1,25.0,1,60.2,0,100.0,4,4,60.0,100.0,1,25.0,1
16,Samaje Perine,11869,HB,CIN,1,0,7,60.0,33.3,1,33.3,3,60.0,0,30.0,3,10,,0.0,0,0.0,5
16,Tank Bigsby,123974,HB,PHI,1,0,24,60.0,50.0,1,33.3,2,60.0,0,42.9,3,7,,0.0,0,0.0,3
16,Tai Felton,144886,WR,MIN,1,0,18,,,0,0.0,0,60.0,0,100.0,3,3,60.0,100.0,1,33.3,1
16,Connor Colby,144862,G,SF,1,0,28,,,0,0.0,0,60.0,0,100.0,3,3,,,0,0.0,0
16,Nick Allegretti,39268,G,WAS,1,0,32,60.0,100.0,1,33.3,1,55.2,0,100.0,3,3,60.0,100.0,1,33.3,1
16,Jaylin Noel,125155,WR,HST,1,0,13,,,0,0.0,0,60.0,0,100.0,3,3,59.8,100.0,1,33.3,1
16,Riley Leonard,143862,QB,IND,1,0,14,60.0,100.0,2,66.7,2,60.0,0,100.0,3,3,60.0,100.0,1,33.3,1
16,Brashard Smith,143951,HB,KC,1,0,16,,,0,0.0,0,60.1,0,100.0,3,3,60.1,100.0,3,100.0,3
16,Kalel Mullings,129590,HB,TEN,1,0,31,,0.0,0,0.0,1,60.0,0,75.0,3,4,,,0,0.0,0
16,Zak Zinter,129605,G,CLV,1,0,8,59.1,100.0,2,66.7,2,58.9,0,100.0,3,3,,,0,0.0,0
16,Austen Pleasants,37066,T,SF,1,0,28,,,0,0.0,0,60.0,0,100.0,3,3,,,0,0.0,0
16,Charlie Heck,36501,T,TB,1,0,30,60.0,100.0,1,33.3,1,60.1,0,100.0,3,3,60.0,100.0,1,33.3,1
16,Andrew Ogletree,138351,TE,IND,1,0,14,59.8,100.0,2,66.7,2,57.2,0,100.0,3,3,59.0,100.0,1,33.3,1
16,Andrew Beck,47121,FB,NYJ,1,0,22,,,0,0.0,0,58.3,0,100.0,3,3,58.3,100.0,3,100.0,3
16,Jaleel McLaughlin,138346,HB,DEN,1,0,10,,,0,0.0,0,60.0,0,42.9,3,7,60.0,20.0,1,33.3,5
16,Jordan James,163295,HB,SF,1,0,28,,,0,0.0,0,60.0,0,100.0,3,3,,,0,0.0,0
16,Jack Nelson,129927,T,ATL,1,0,2,60.0,100.0,2,66.7,2,60.0,0,100.0,3,3,,,0,0.0,0
16,Audric Estime,147476,HB,NO,1,0,20,60.0,33.3,1,33.3,3,60.0,0,37.5,3,8,,0.0,0,0.0,3
16,Mason Kinsey,115664,WR,TEN,1,0,31,60.0,100.0,1,33.3,1,60.0,0,100.0,3,3,,,0,0.0,0
16,Josh Sills,41748,G,IND,1,0,14,74.2,100.0,2,66.7,2,77.9,0,100.0,3,3,60.0,100.0,1,33.3,1
16,Matt Hennessy,41141,C,SF,1,0,28,,,0,0.0,0,60.0,0,100.0,3,3,,,0,0.0,0
16,Tyrone Tracy,84226,HB,NYG,1,0,21,,0.0,0,0.0,2,60.0,0,15.0,3,20,60.0,6.3,1,33.3,16
16,Chris Brooks,83644,HB,GB,1,0,12,60.0,100.0,1,33.3,1,59.0,0,75.0,3,4,59.4,66.7,2,66.7,3
16,Raheim Sanders,146626,HB,CLV,1,0,8,,0.0,0,0.0,5,60.0,0,21.4,3,14,,0.0,0,0.0,6
16,Ty Johnson,45769,HB,BUF,1,0,4,59.4,66.7,2,66.7,3,57.9,0,50.0,3,6,,0.0,0,0.0,2
16,Alec Anderson,81882,G,BUF,1,0,4,,,0,0.0,0,60.0,0,100.0,2,2,,,0,0.0,0
16,Ray Davis,101072,HB,BUF,1,0,4,,0.0,0,0.0,1,60.0,0,40.0,2,5,,0.0,0,0.0,2
16,Tyler Johnson,48054,WR,NYJ,1,0,22,,,0,0.0,0,59.4,0,100.0,2,2,59.4,100.0,2,100.0,2
16,Jarrett Patterson,81775,G,HST,1,0,13,,,0,0.0,0,60.0,0,100.0,2,2,,,0,0.0,0
16,Bijan Robinson,123126,HB,ATL,1,0,2,,0.0,0,0.0,2,31.4,0,10.5,2,19,58.3,11.8,2,100.0,17
16,Myles Price,123155,WR,MIN,1,0,18,,,0,0.0,0,60.0,0,100.0,2,2,,,0,0.0,0
16,Ke'Shawn Williams,123406,WR,CIN,1,0,7,,,0,0.0,0,60.0,0,66.7,2,3,60.0,100.0,2,100.0,2
16,Keaton Mitchell,123826,HB,BLT,1,0,3,59.4,25.0,2,100.0,8,59.4,0,18.2,2,11,,0.0,0,0.0,3
16,Rico Dowdle,40693,HB,CAR,1,0,5,,0.0,0,0.0,5,60.0,0,18.2,2,11,,0.0,0,0.0,4
16,Jamaree Salyer,81656,T,LAC,1,0,27,46.1,100.0,2,100.0,2,46.1,0,100.0,2,2,,,0,0.0,0
16,Dylan Drummond,78187,WR,ATL,1,0,2,,,0,0.0,0,60.0,0,100.0,2,2,,,0,0.0,0
16,Feleipe Franks,40217,TE,ATL,1,0,2,,,0,0.0,0,60.0,0,100.0,2,2,,,0,0.0,0
16,Brock Hoffman,54535,C,DAL,1,0,9,60.0,100.0,1,50.0,1,60.3,0,100.0,2,2,60.0,100.0,1,50.0,1
16,Ryan Van Demark,55113,T,BUF,1,0,4,,,0,0.0,0,60.0,0,100.0,2,2,,,0,0.0,0
16,D'Wayne Eskridge,29573,WR,MIA,1,0,17,60.0,100.0,1,50.0,1,59.9,0,100.0,2,2,60.0,100.0,1,50.0,1
16,Harrison Bryant,26394,TE,HST,1,0,13,,,0,0.0,0,60.0,0,100.0,2,2,,,0,0.0,0
16,Tanner McKee,131770,QB,PHI,1,0,24,60.0,100.0,1,50.0,1,60.0,0,50.0,2,4,60.0,100.0,1,50.0,1
16,Benjamin Yurosek,131786,TE,MIN,1,0,18,,,0,0.0,0,60.0,0,100.0,2,2,,,0,0.0,0
16,Charles Grant,142410,T,LV,1,0,23,60.0,100.0,1,50.0,1,60.0,0,100.0,2,2,60.0,100.0,1,50.0,1
16,Jalen Royals,163442,WR,KC,1,0,16,,,0,0.0,0,59.8,0,100.0,2,2,59.8,100.0,2,100.0,2
16,Robert Tonyan,12193,TE,KC,1,0,16,60.0,100.0,1,50.0,1,60.2,0,100.0,2,2,60.0,100.0,1,50.0,1
16,Taysom Hill,12112,TE,NO,1,0,20,60.0,14.3,1,50.0,7,60.0,0,14.3,2,14,,0.0,0,0.0,3
16,Zach Charbonnet,97630,HB,SEA,1,0,29,,0.0,0,0.0,4,60.0,0,18.2,2,11,,0.0,0,0.0,5
16,Bucky Irving,144970,HB,TB,1,0,30,60.0,16.7,1,50.0,6,60.0,0,9.5,2,21,60.0,7.1,1,50.0,14
16,TreVeyon Henderson,145059,HB,NE,1,0,19,,0.0,0,0.0,3,60.0,0,25.0,2,8,59.8,25.0,1,50.0,4
16,Deven Thompkins,84480,WR,ATL,1,0,2,,,0,0.0,0,60.0,0,100.0,2,2,,,0,0.0,0
16,Cody White,61448,WR,SEA,1,0,29,,,0,0.0,0,33.0,0,100.0,2,2,60.0,100.0,1,50.0,1
16,Derrick Henry,10679,HB,BLT,1,0,3,,0.0,0,0.0,9,60.0,0,10.0,2,20,,0.0,0,0.0,9
16,Nikko Remigio,84150,WR,KC,1,0,16,60.0,100.0,1,50.0,1,60.0,0,100.0,2,2,60.0,100.0,1,50.0,1
16,Carter Runyon,177002,TE,LV,1,0,23,60.0,100.0,1,50.0,1,59.8,0,100.0,2,2,60.0,100.0,1,50.0,1
16,Frank Crum,75860,T,DEN,1,0,10,58.0,100.0,2,100.0,2,58.0,0,100.0,2,2,,,0,0.0,0
16,British Brooks,77714,FB,HST,1,0,13,,,0,0.0,0,60.0,0,100.0,2,2,,,0,0.0,0
16,Ashton Jeanty,157196,HB,LV,1,0,23,,0.0,0,0.0,4,60.0,0,7.7,2,26,,0.0,0,0.0,19
16,Hassan Haskins,83701,HB,LAC,1,0,27,60.0,20.0,1,50.0,5,60.0,0,33.3,2,6,,,0,0.0,0
16,Chris Rodriguez Jr.,83689,HB,WAS,1,0,32,,0.0,0,0.0,6,60.0,0,11.8,2,17,,0.0,0,0.0,9
16,Kameron Johnson,165866,WR,TB,1,0,30,,,0,0.0,0,60.0,0,100.0,1,1,,,0,0.0,0
16,Khyiris Tonga,52000,DI,NE,1,0,19,,,0,0.0,0,60.0,0,100.0,1,1,,,0,0.0,0
16,Omarion Hampton,162750,HB,LAC,1,0,27,,0.0,0,0.0,11,60.0,0,5.3,1,19,,0.0,0,0.0,7
16,Jaylan Ford,123114,LB,NO,1,0,20,,,0,0.0,0,60.0,0,100.0,1,1,,,0,0.0,0
16,Breece Hall,97636,HB,NYJ,1,0,22,,0.0,0,0.0,2,60.0,0,5.6,1,18,,0.0,0,0.0,14
16,Kai Kroeger,124245,P,NO,1,0,20,,,0,0.0,0,60.0,0,100.0,1,1,,,0,0.0,0
16,Savion Williams,123101,WR,GB,1,0,12,,0.0,0,0.0,1,60.0,0,33.3,1,3,,0.0,0,0.0,1
16,Danny Stutsman,144632,LB,NO,1,0,20,,,0,0.0,0,60.0,0,100.0,1,1,,,0,0.0,0
16,Michael Carter,57337,HB,ARZ,1,0,1,,0.0,0,0.0,8,60.0,0,8.3,1,12,,0.0,0,0.0,3
16,Chuba Hubbard,57373,HB,CAR,1,0,5,,0.0,0,0.0,2,60.0,0,14.3,1,7,60.0,20.0,1,100.0,5
16,Kenneth Walker III,97199,HB,SEA,1,0,29,,0.0,0,0.0,3,60.0,0,10.0,1,10,,0.0,0,0.0,5
16,Michael Davis,12040,CB,NO,1,0,20,,,0,0.0,0,60.0,0,100.0,1,1,,,0,0.0,0
16,RJ Harvey,99622,HB,DEN,1,0,10,,0.0,0,0.0,4,60.0,0,12.5,1,8,60.0,25.0,1,100.0,4
16,Jonathan Taylor,57488,HB,IND,1,0,14,,0.0,0,0.0,9,60.0,0,5.9,1,17,,0.0,0,0.0,4
16,Isaac Yiadom,49355,CB,NO,1,0,20,,,0,0.0,0,60.0,0,100.0,1,1,,,0,0.0,0
16,Max Mitchell,81707,T,NYJ,1,0,22,60.0,100.0,1,100.0,1,60.0,0,100.0,1,1,,,0,0.0,0
16,Vita Vea,48956,DI,TB,1,0,30,60.0,100.0,1,100.0,1,60.0,0,100.0,1,1,,,0,0.0,0
16,Jeffery Simmons,43742,DI,TEN,1,0,31,60.0,100.0,1,100.0,1,60.0,1,100.0,1,1,,,0,0.0,0
16,Corey Levin,11972,C,TEN,1,0,31,,,0,0.0,0,60.0,0,100.0,1,1,60.0,100.0,1,100.0,1
16,Tom Kennedy,94379,WR,DET,1,0,11,,,0,0.0,0,60.0,0,100.0,1,1,,,0,0.0,0
16,Hakeem Adeniji,45419,G,DAL,1,0,9,,,0,0.0,0,60.0,0,100.0,1,1,60.0,100.0,1,100.0,1
16,Pete Werner,58093,LB,NO,1,0,20,,,0,0.0,0,60.0,0,100.0,1,1,,,0,0.0,0
16,Ben Chukwuma,123850,T,TB,1,0,30,56.8,100.0,1,100.0,1,56.8,0,100.0,1,1,,,0,0.0,0
16,Hunter Nourzad,91674,C,KC,1,0,16,,,0,0.0,0,60.0,0,100.0,1,1,60.0,100.0,1,100.0,1
16,Hunter Luepke,91319,FB,DAL,1,0,9,60.0,100.0,1,100.0,1,60.0,0,50.0,1,2,,,0,0.0,0
16,Stone Smartt,60492,TE,NYJ,1,0,22,,,0,0.0,0,60.0,0,100.0,1,1,60.0,100.0,1,100.0,1
16,Dont'e Thornton Jr.,146547,WR,LV,1,0,23,,,0,0.0,0,60.0,0,100.0,1,1,60.0,100.0,1,100.0,1
16,Theo Benedet,169632,T,CHI,1,0,6,65.3,100.0,1,100.0,1,65.3,0,100.0,1,1,,,0,0.0,0
16,Nick Kallerup,101679,TE,SEA,1,0,29,60.0,100.0,1,100.0,1,60.0,0,100.0,1,1,,,0,0.0,0
16,Evan Engram,11778,TE,DEN,1,0,10,60.0,100.0,1,100.0,1,60.0,0,100.0,1,1,,,0,0.0,0
16,Kimani Vidal,123727,HB,LAC,1,0,27,,0.0,0,0.0,3,60.0,0,16.7,1,6,,0.0,0,0.0,2
16,Tutu Atwell,77965,WR,LA,1,0,26,,,0,0.0,0,60.0,0,100.0,1,1,60.0,100.0,1,100.0,1
16,Christian McCaffrey,11763,HB,SF,1,0,28,,0.0,0,0.0,3,60.0,0,4.5,1,22,,0.0,0,0.0,17
16,Dante Pettis,48113,WR,NO,1,0,20,60.0,100.0,1,100.0,1,60.0,0,100.0,1,1,,,0,0.0,0
16,Zach Wood,11414,LS,NO,1,0,20,,,0,0.0,0,60.0,0,100.0,1,1,,,0,0.0,0
16,Calvin Austin III,61418,WR,PIT,1,0,25,60.0,100.0,1,100.0,1,60.0,0,100.0,1,1,,,0,0.0,0
16,Tyler Goodson,101659,HB,IND,1,0,14,,0.0,0,0.0,2,60.0,0,25.0,1,4,60.0,50.0,1,100.0,2
16,Miles Frazier,123626,G,DET,1,0,11,,,0,0.0,0,60.0,0,100.0,1,1,,,0,0.0,0
16,LaJohntay Wester,123616,WR,BLT,1,0,3,60.0,100.0,1,100.0,1,60.0,0,100.0,1,1,,,0,0.0,0
16,Jahmyr Gibbs,122474,HB,DET,1,0,11,,0.0,0,0.0,3,60.0,0,12.5,1,8,,0.0,0,0.0,4
16,Scott Miller,47481,WR,PIT,1,0,25,,,0,0.0,0,30.9,0,100.0,1,1,60.0,100.0,1,100.0,1
16,Tahj Brooks,123133,HB,CIN,1,0,7,,0.0,0,0.0,1,60.0,0,20.0,1,5,,0.0,0,0.0,3
16,Laquon Treadwell,10657,WR,IND,1,0,14,59.8,100.0,1,100.0,1,59.8,0,100.0,1,1,,,0,0.0,0
16,Saquon Barkley,45791,HB,PHI,1,0,24,,0.0,0,0.0,8,60.0,0,4.3,1,23,,0.0,0,0.0,14
16,Trayveon Williams,45775,HB,CLV,1,0,8,,0.0,0,0.0,1,60.0,0,25.0,1,4,,0.0,0,0.0,2
16,Isaiah Stalbird,83325,LB,NO,1,0,20,,,0,0.0,0,60.0,0,100.0,1,1,,,0,0.0,0
16,Bo Melton,61610,WR,GB,1,0,12,,,0,0.0,0,60.0,0,100.0,1,1,60.0,100.0,1,100.0,1
16,Nick Chubb,45783,HB,HST,1,0,13,,0.0,0,0.0,3,60.0,0,14.3,1,7,,0.0,0,0.0,2
16,Luke Tenuta,77367,T,IND,1,0,14,60.0,100.0,1,100.0,1,60.0,0,100.0,1,1,,,0,0.0,0
16,Rasheen Ali,121717,HB,BLT,1,0,3,,,0,0.0,0,60.0,0,100.0,1,1,,,0,0.0,0
16,Quinshon Judkins,157128,HB,CLV,1,0,8,,0.0,0,0.0,4,60.0,0,10.0,1,10,,0.0,0,0.0,4
16,Jaylin Lane,121811,WR,WAS,1,0,32,,,0,0.0,0,60.0,0,100.0,1,1,60.0,100.0,1,100.0,1
16,Kenneth Gainwell,77737,HB,PIT,1,0,25,60.0,33.3,1,100.0,3,60.0,0,10.0,1,10,,0.0,0,0.0,6
16,Trevor Etienne,157730,HB,CAR,1,0,5,,,0,0.0,0,60.0,0,100.0,1,1,,,0,0.0,0
16,Ben Skowronek,27948,WR,PIT,1,0,25,,,0,0.0,0,60.0,0,100.0,1,1,60.0,100.0,1,100.0,1
16,Tanor Bortolini,129915,C,IND,1,0,14,,,0,0.0,0,60.0,0,100.0,1,1,,,0,0.0,0
16,Adin Huntington,130493,DI,CLV,1,0,8,,,0,0.0,0,60.0,0,100.0,1,1,,,0,0.0,0
16,Tony Pollard,27126,HB,TEN,1,0,31,,0.0,0,0.0,13,60.0,0,4.2,1,24,,0.0,0,0.0,10
16,Joe Milton III,82151,QB,DAL,1,0,9,,,0,0.0,0,60.0,0,100.0,1,1,60.0,100.0,1,100.0,1
16,Stefon Diggs,9579,WR,NE,1,0,19,60.0,100.0,1,100.0,1,60.0,0,100.0,1,1,,,0,0.0,0
16,Jared Wiley,98508,TE,KC,1,0,16,,,0,0.0,0,60.0,0,100.0,1,1,60.0,100.0,1,100.0,1
16,Isiah Pacheco,83747,HB,KC,1,0,16,,0.0,0,0.0,3,60.0,0,11.1,1,9,,0.0,0,0.0,5
16,Ameer Abdullah,9487,HB,IND,1,0,14,60.0,100.0,1,100.0,1,60.0,0,100.0,1,1,,,0,0.0,0
16,Malik Davis,57196,HB,DAL,1,0,9,,0.0,0,0.0,3,60.0,0,11.1,1,9,,0.0,0,0.0,5
16,Chris Rumph II,56345,ED,NO,1,0,20,,,0,0.0,0,60.0,0,100.0,1,1,,,0,0.0,0
16,Dan Skipper,12307,T,DET,1,0,11,60.0,100.0,1,100.0,1,60.0,0,100.0,1,1,,,0,0.0,0
16,Jaylen Warren,98692,HB,PIT,1,0,25,,0.0,0,0.0,6,60.0,0,6.7,1,15,,0.0,0,0.0,8
16,Nathan Thomas,98390,T,DAL,1,0,9,,,0,0.0,0,60.0,0,100.0,1,1,60.0,100.0,1,100.0,1
16,Britain Covey,32933,WR,PHI,1,0,24,,,0,0.0,0,60.0,0,100.0,1,1,60.0,100.0,1,100.0,1
16,Lawrence Cager,34914,TE,WAS,1,0,32,,,0,0.0,0,60.0,0,100.0,1,1,,,0,0.0,0
16,Javonte Williams,77803,HB,DAL,1,0,9,,0.0,0,0.0,2,60.0,0,10.0,1,10,,0.0,0,0.0,7
16,Isaiah Hodgins,52130,WR,NYG,1,0,21,,,0,0.0,0,60.0,0,100.0,1,1,60.0,100.0,1,100.0,1
16,James Cook,83666,HB,BUF,1,0,4,,0.0,0,0.0,10,60.0,0,5.9,1,17,,0.0,0,0.0,6
16,Cody Ford,39805,T,CIN,1,0,7,57.0,100.0,1,100.0,1,57.0,0,100.0,1,1,,,0,0.0,0
