week,player,player_id,position,team_name,player_game_count,comp_pct_diff,declined_penalties,dropbacks,franchise_id,no_screen_accuracy_percent,no_screen_aimed_passes,no_screen_attempts,no_screen_avg_depth_of_target,no_screen_avg_time_to_throw,no_screen_bats,no_screen_big_time_throws,no_screen_btt_rate,no_screen_completion_percent,no_screen_completions,no_screen_def_gen_pressures,no_screen_drop_rate,no_screen_dropbacks,no_screen_dropbacks_percent,no_screen_drops,no_screen_first_downs,no_screen_grades_hands_fumble,no_screen_grades_offense,no_screen_grades_offense_penalty,no_screen_grades_pass,no_screen_grades_run,no_screen_hit_as_threw,no_screen_interceptions,no_screen_passing_snaps,no_screen_pressure_to_sack_rate,no_screen_qb_rating,no_screen_sack_percent,no_screen_sacks,no_screen_scrambles,no_screen_spikes,no_screen_thrown_aways,no_screen_touchdowns,no_screen_turnover_worthy_plays,no_screen_twp_rate,no_screen_yards,no_screen_ypa,npa_accuracy_percent,npa_aimed_passes,npa_attempts,npa_avg_depth_of_target,npa_avg_time_to_throw,npa_bats,npa_big_time_throws,npa_btt_rate,npa_completion_percent,npa_completions,npa_def_gen_pressures,npa_drop_rate,npa_dropbacks,npa_dropbacks_percent,npa_drops,npa_first_downs,npa_grades_hands_fumble,npa_grades_offense,npa_grades_offense_penalty,npa_grades_pass,npa_grades_run,npa_hit_as_threw,npa_interceptions,npa_passing_snaps,npa_pressure_to_sack_rate,npa_qb_rating,npa_sack_percent,npa_sacks,npa_scrambles,npa_spikes,npa_thrown_aways,npa_touchdowns,npa_turnover_worthy_plays,npa_twp_rate,npa_yards,npa_ypa,pa_accuracy_percent,pa_aimed_passes,pa_attempts,pa_avg_depth_of_target,pa_avg_time_to_throw,pa_bats,pa_big_time_throws,pa_btt_rate,pa_completion_percent,pa_completions,pa_def_gen_pressures,pa_drop_rate,pa_dropbacks,pa_dropbacks_percent,pa_drops,pa_first_downs,pa_grades_hands_fumble,pa_grades_offense,pa_grades_offense_penalty,pa_grades_pass,pa_grades_run,pa_hit_as_threw,pa_interceptions,pa_passing_snaps,pa_pressure_to_sack_rate,pa_qb_rating,pa_sack_percent,pa_sacks,pa_scrambles,pa_spikes,pa_thrown_aways,pa_touchdowns,pa_turnover_worthy_plays,pa_twp_rate,pa_yards,pa_ypa,penalties,screen_accuracy_percent,screen_aimed_passes,screen_attempts,screen_avg_depth_of_target,screen_avg_time_to_throw,screen_bats,screen_big_time_throws,screen_btt_rate,screen_completion_percent,screen_completions,screen_def_gen_pressures,screen_drop_rate,screen_dropbacks,screen_dropbacks_percent,screen_drops,screen_first_downs,screen_grades_hands_fumble,screen_grades_offense,screen_grades_offense_penalty,screen_grades_pass,screen_grades_run,screen_hit_as_threw,screen_interceptions,screen_passing_snaps,screen_pressure_to_sack_rate,screen_qb_rating,screen_sack_percent,screen_sacks,screen_scrambles,screen_spikes,screen_thrown_aways,screen_touchdowns,screen_turnover_worthy_plays,screen_twp_rate,screen_yards,screen_ypa,ypa_diff
1,Drake Maye,143969,QB,NE,1,6.11,0,53,19,69.2,39,42,9.4,3.03,1,1,2.3,61.9,26,20,3.7,48,90.6,1,15,80.3,69.3,0.0,73.7,46.3,1,1,49,15.0,79.6,6.3,3,3,0,1,1,1,2.0,281,6.7,72.7,33,36,8.4,3.0,1,1,2.8,63.9,23,18,4.2,42,79.2,1,11,79.4,67.4,0.0,71.1,50.2,1,1,42,22.2,78.0,9.5,4,2,0,1,1,1,2.4,216,6.0,70.0,10,10,7.2,2.93,0,0,0.0,70.0,7,3,0.0,11,20.8,0,4,72.4,68.9,72.9,71.6,55.9,0,0,12,0.0,90.0,0.0,0,1,0,0,0,0,0.0,71,7.1,0,100.0,4,4,-3.8,2.6,0,0,0.0,100.0,4,1,0.0,5,9.4,0,0,68.0,62.2,69.9,61.9,,0,0,5,100.0,79.2,20.0,1,0,0,0,0,0,0.0,6,1.5,1.1
1,Josh Allen,46601,QB,BUF,1,-25.0,0,53,4,78.9,38,41,11.6,3.18,2,4,8.7,70.7,29,14,3.3,47,88.7,1,18,82.1,87.7,79.7,82.9,76.8,0,0,53,7.1,115.6,2.1,1,5,1,0,2,1,1.9,377,9.2,84.2,38,40,10.7,2.99,1,4,9.3,75.0,30,13,6.3,45,84.9,2,18,81.7,90.9,79.6,89.2,74.5,0,0,49,7.7,121.1,2.2,1,4,1,0,2,0,0.0,383,9.6,60.0,5,6,3.6,2.66,1,0,0.0,50.0,3,1,0.0,8,15.1,0,2,71.4,51.2,72.3,46.9,64.0,0,0,10,0.0,56.3,0.0,0,1,0,0,0,1,10.0,11,1.8,0,100.0,5,5,-3.8,1.1,0,0,0.0,80.0,4,0,20.0,6,11.3,1,2,68.9,62.8,70.6,62.5,,0,0,6,,80.8,0.0,0,0,0,0,0,0,0.0,17,3.4,-7.75
1,Spencer Rattler,97408,QB,NO,1,-9.52,0,49,20,66.7,36,40,9.0,2.47,0,2,4.5,57.5,23,13,4.2,43,87.8,1,13,80.6,77.6,79.4,73.8,72.0,0,0,47,7.7,69.7,2.3,1,2,2,2,0,2,4.3,189,4.7,66.7,39,42,7.4,2.26,0,2,4.3,59.5,25,11,3.8,45,91.8,1,12,80.8,76.6,79.5,72.9,72.0,0,0,49,9.1,71.2,2.2,1,2,2,1,0,2,4.1,197,4.7,100.0,2,4,7.0,3.73,0,0,0.0,50.0,2,3,0.0,4,8.2,0,1,66.9,68.0,69.2,67.3,,0,0,4,0.0,61.5,0.0,0,0,0,2,0,0,0.0,17,4.3,0,80.0,5,6,-3.8,1.73,0,0,0.0,66.7,4,1,0.0,6,12.2,0,0,68.9,63.2,70.6,62.8,,0,0,6,0.0,75.0,0.0,0,0,0,1,0,0,0.0,25,4.2,-0.44
1,Joe Flacco,4332,QB,CLV,1,-24.29,0,48,8,83.3,36,39,7.1,2.94,0,0,0.0,66.7,26,17,13.3,42,87.5,4,12,80.1,73.2,0.0,73.4,62.7,1,2,46,11.8,73.7,4.8,2,1,0,2,1,0,0.0,270,6.9,87.9,33,35,4.8,2.5,1,0,0.0,74.3,26,11,10.3,37,77.1,3,10,79.3,78.2,0.0,78.5,62.7,0,1,40,9.1,90.2,2.7,1,1,0,1,1,0,0.0,240,6.9,75.0,8,10,9.0,3.71,0,0,0.0,50.0,5,7,16.7,11,22.9,1,3,72.8,54.8,73.2,55.1,,1,1,13,14.3,25.0,9.1,1,0,0,1,0,0,0.0,50,5.0,0,100.0,5,6,-5.4,1.67,1,0,0.0,83.3,5,1,0.0,6,12.5,0,1,69.6,63.5,71.1,63.1,,0,0,7,0.0,80.6,0.0,0,0,0,0,0,0,0.0,20,3.3,-1.86
1,Michael Penix Jr.,82134,QB,ATL,1,-33.09,0,47,2,72.2,36,39,7.9,2.73,2,0,0.0,61.5,24,17,7.7,44,93.6,2,19,80.3,68.6,79.5,66.6,65.1,0,0,48,5.9,93.4,2.3,1,4,0,1,1,0,0.0,295,7.6,75.0,32,34,7.2,2.6,1,0,0.0,70.6,24,16,0.0,39,83.0,0,18,79.5,70.9,79.2,69.0,65.1,0,0,42,6.3,90.9,2.6,1,4,0,1,0,0,0.0,245,7.2,71.4,7,8,5.9,2.88,1,0,0.0,37.5,3,1,40.0,8,17.0,2,1,70.9,57.0,71.9,57.1,,0,0,9,0.0,100.5,0.0,0,0,0,0,1,0,0.0,53,6.6,0,100.0,3,3,-3.7,1.43,0,0,0.0,100.0,3,0,0.0,3,6.4,0,0,65.5,63.5,68.2,63.1,,0,0,3,,79.2,0.0,0,0,0,0,0,0,0.0,3,1.0,-0.58
1,Patrick Mahomes,11765,QB,KC,1,-1.76,0,47,16,71.9,32,35,8.7,2.73,2,3,8.3,62.9,22,14,4.3,43,91.5,1,14,79.8,79.7,78.7,69.4,87.6,0,0,45,14.3,94.5,4.7,2,6,1,0,1,1,2.2,256,7.3,74.2,31,34,8.0,2.36,2,3,8.6,61.8,21,14,8.7,38,80.9,2,9,79.0,73.1,78.4,70.5,67.3,0,0,40,14.3,92.9,5.3,2,2,1,0,1,1,2.5,241,7.1,75.0,4,5,4.0,3.81,1,0,0.0,60.0,3,1,0.0,9,19.1,0,5,70.9,83.7,71.9,58.7,88.8,0,0,9,0.0,66.3,0.0,0,4,0,0,0,0,0.0,17,3.4,0,100.0,3,4,-4.7,1.6,1,0,0.0,50.0,2,1,33.3,4,8.5,1,0,66.9,61.0,69.2,60.8,,0,0,4,0.0,56.3,0.0,0,0,0,0,0,0,0.0,2,0.5,-3.69
1,Russell Wilson,7077,QB,NYG,1,-15.05,0,45,21,62.5,24,34,8.1,2.83,2,1,2.5,41.2,14,17,6.7,42,93.3,1,9,31.1,53.4,79.0,53.7,56.6,1,0,48,11.8,55.9,4.8,2,6,0,7,0,1,2.1,159,4.7,66.7,24,31,7.1,2.69,2,1,2.9,48.4,15,14,6.3,38,84.4,1,9,29.2,52.2,78.6,51.8,58.3,1,0,42,14.3,63.1,5.3,2,5,0,4,0,1,2.4,154,5.0,66.7,3,6,4.0,2.89,0,0,0.0,33.3,2,3,0.0,7,15.6,0,1,70.9,63.4,71.9,65.4,58.3,0,0,9,0.0,42.4,0.0,0,1,0,3,0,0,0.0,14,2.3,0,100.0,3,3,-4.0,1.23,0,0,0.0,100.0,3,0,0.0,3,6.7,0,1,65.5,63.5,68.2,63.1,,0,0,3,,79.2,0.0,0,0,0,0,0,0,0.0,9,3.0,-2.64
1,Caleb Williams,144622,QB,CHI,1,8.97,0,44,6,69.0,29,32,9.1,3.53,2,2,5.7,59.4,19,20,5.0,41,93.2,1,14,79.8,78.6,79.2,69.2,86.1,0,0,44,10.0,90.2,4.9,2,6,0,1,1,0,0.0,217,6.8,66.7,24,26,8.3,3.23,1,1,3.6,57.7,15,14,6.3,32,72.7,1,9,78.3,75.9,78.6,66.8,83.1,0,0,34,7.1,77.4,3.1,1,5,0,1,0,0,0.0,170,6.5,75.0,8,9,6.4,3.8,1,1,10.0,66.7,6,6,0.0,12,27.3,0,5,72.8,70.6,73.2,65.9,64.4,0,0,13,16.7,113.2,8.3,1,1,0,0,1,0,0.0,40,4.4,0,66.7,3,3,-4.7,1.4,0,0,0.0,66.7,2,0,0.0,3,6.8,0,0,65.5,55.0,68.2,55.4,,0,0,3,,70.1,0.0,0,0,0,0,0,0,0.0,-7,-2.3,-2.1
1,Bo Nix,97790,QB,DEN,1,-8.24,0,43,10,67.7,31,35,8.3,2.98,0,0,0.0,60.0,21,11,0.0,38,88.4,0,8,30.0,37.6,0.0,34.9,67.3,1,2,41,9.1,54.8,2.6,1,2,0,3,1,4,9.8,143,4.1,72.0,25,26,6.0,2.73,0,0,0.0,65.4,17,6,5.6,27,62.8,1,6,79.1,46.2,0.0,42.7,70.1,1,2,32,0.0,56.3,0.0,0,1,0,0,1,3,9.4,118,4.5,72.7,11,14,8.0,3.06,0,0,0.0,57.1,8,6,0.0,16,37.2,0,3,21.6,39.2,73.9,41.1,58.3,0,0,16,16.7,67.0,6.3,1,1,0,3,0,1,6.3,58,4.1,0,100.0,5,5,-3.8,1.86,0,0,0.0,80.0,4,1,20.0,5,11.6,1,1,69.6,66.4,71.1,65.8,,0,0,7,0.0,94.2,0.0,0,0,0,0,0,0,0.0,33,6.6,-0.4
1,Jared Goff,10635,QB,DET,1,15.91,0,43,11,84.4,32,35,5.4,3.04,0,0,0.0,77.1,27,16,0.0,39,90.7,0,12,26.5,43.8,78.8,44.1,60.0,0,1,40,25.0,89.2,10.3,4,0,0,3,1,3,7.5,212,6.1,80.8,26,28,4.8,2.74,0,0,0.0,75.0,21,12,0.0,32,74.4,0,9,25.1,36.7,78.4,37.1,60.0,0,1,33,33.3,82.6,12.5,4,0,0,2,1,3,9.1,141,5.0,100.0,10,11,2.7,3.55,0,0,0.0,90.9,10,4,0.0,11,25.6,0,4,71.9,73.0,72.6,71.9,,0,0,11,0.0,98.5,0.0,0,0,0,1,0,0,0.0,84,7.6,0,100.0,4,4,-5.3,2.08,0,0,0.0,100.0,4,0,0.0,4,9.3,0,1,66.9,64.6,69.2,64.1,,0,0,4,,80.2,0.0,0,0,0,0,0,0,0.0,13,3.3,2.6
1,Justin Herbert,28237,QB,LAC,1,12.25,0,41,27,79.4,34,34,10.3,2.94,0,1,2.9,73.5,25,15,7.4,41,100.0,2,16,80.1,84.0,0.0,81.6,73.9,0,0,43,20.0,131.7,7.3,3,4,0,0,3,0,0.0,318,9.4,78.3,23,23,10.2,2.81,0,1,4.2,69.6,16,12,11.1,30,73.2,2,9,78.5,77.0,0.0,74.1,73.9,0,0,32,25.0,126.6,10.0,3,4,0,0,3,0,0.0,149,6.5,81.8,11,11,10.5,3.31,0,0,0.0,81.8,9,3,0.0,11,26.8,0,7,71.9,85.7,72.6,83.4,,0,0,11,0.0,118.8,0.0,0,0,0,0,0,0,0.0,169,15.4,0,,0,0,,,0,0,,,0,0,,0,0.0,0,0,,,,,,0,0,0,,0.0,,0,0,0,0,0,0,,0,,8.88
1,Bryce Young,123943,QB,CAR,1,33.33,0,40,5,66.7,27,32,10.2,2.86,1,1,2.9,46.9,15,12,16.7,37,92.5,3,10,28.5,70.9,78.8,71.6,56.2,2,2,40,8.3,45.2,2.7,1,4,0,2,1,2,5.0,151,4.7,68.0,25,30,10.0,2.7,1,1,3.0,46.7,14,12,17.6,34,85.0,3,10,27.9,73.9,78.6,77.0,47.6,2,1,37,8.3,57.8,2.9,1,3,0,2,1,1,2.7,141,4.7,80.0,5,5,2.4,3.38,0,0,0.0,80.0,4,0,0.0,6,15.0,0,0,68.9,53.7,70.6,44.3,65.6,0,1,6,,39.6,0.0,0,1,0,0,0,1,16.7,13,2.6,0,100.0,3,3,-4.3,2.13,0,0,0.0,100.0,3,0,0.0,3,7.5,0,0,65.5,63.4,68.2,63.0,,0,0,3,,79.2,0.0,0,0,0,0,0,0,0.0,3,1.0,-2.1
1,Geno Smith,7820,QB,LV,1,-23.72,0,40,23,77.4,31,32,11.8,2.75,0,2,6.3,68.8,22,15,8.3,38,95.0,2,18,79.0,84.0,78.8,80.3,68.3,0,1,38,26.7,102.9,10.5,4,1,1,0,1,2,5.3,354,11.1,86.4,22,23,8.6,2.71,0,2,8.7,78.3,18,9,5.3,27,67.5,1,12,77.1,84.1,78.1,79.9,68.3,0,0,27,33.3,126.6,11.1,3,1,1,0,1,1,3.7,251,10.9,63.6,11,11,15.7,2.58,0,0,0.0,54.5,6,6,14.3,13,32.5,1,6,72.8,72.5,73.2,71.3,,0,1,13,16.7,51.7,7.7,1,0,0,0,0,1,7.7,111,10.1,0,100.0,2,2,-1.5,1.2,0,0,0.0,100.0,2,0,0.0,2,5.0,0,0,63.6,62.1,66.9,61.8,,0,0,2,,83.3,0.0,0,0,0,0,0,0,0.0,8,4.0,-0.82
1,Brock Purdy,77672,QB,SF,1,0.93,0,39,28,75.9,29,31,8.9,3.05,0,3,8.8,71.0,22,16,0.0,35,89.7,0,14,79.2,68.9,79.4,67.7,61.8,0,2,38,6.3,90.3,2.9,1,3,0,2,2,2,5.3,256,8.3,80.0,25,27,7.4,2.97,0,3,10.3,74.1,20,11,0.0,29,74.4,0,12,78.1,75.2,79.0,72.4,66.9,0,1,31,0.0,106.3,0.0,0,2,0,2,2,1,3.2,215,8.0,75.0,8,8,8.0,2.98,0,0,0.0,75.0,6,6,0.0,10,25.6,0,3,71.9,52.4,72.6,55.7,56.8,0,1,11,16.7,57.3,10.0,1,1,0,0,0,1,9.1,62,7.8,0,100.0,4,4,-2.8,2.23,0,0,0.0,100.0,4,1,0.0,4,10.3,0,1,66.9,64.7,69.2,64.2,,0,0,4,0.0,88.5,0.0,0,0,0,0,0,0,0.0,21,5.3,-0.21
1,Kyler Murray,38334,QB,ARZ,1,-7.25,0,38,1,66.7,21,22,8.7,3.43,1,1,4.0,63.6,14,10,0.0,30,78.9,0,12,78.8,63.5,0.0,63.0,65.2,0,0,34,50.0,99.4,16.7,5,3,0,0,1,0,0.0,154,7.0,77.3,22,23,4.4,2.6,1,0,0.0,73.9,17,5,0.0,26,68.4,0,10,78.0,59.5,0.0,64.2,53.4,0,0,29,40.0,112.8,7.7,2,1,0,0,2,0,0.0,111,4.8,66.7,6,6,9.8,4.47,0,1,14.3,66.7,4,6,0.0,12,31.6,0,4,72.8,75.6,73.2,62.5,78.8,0,0,13,50.0,93.8,25.0,3,3,0,0,0,0,0.0,52,8.7,0,100.0,7,7,-3.7,2.28,0,0,0.0,100.0,7,1,0.0,8,21.1,0,2,70.3,69.7,71.5,65.9,62.6,0,0,8,0.0,118.8,0.0,0,1,0,0,1,0,0.0,9,1.3,3.84
1,Jayden Daniels,97993,QB,WAS,1,10.56,0,37,32,76.0,25,26,11.5,2.92,0,1,3.4,61.5,16,8,15.8,32,86.5,3,13,79.9,86.1,79.0,81.2,75.6,0,0,36,25.0,98.4,6.3,2,4,0,1,1,2,5.6,201,7.7,72.7,22,23,9.4,2.67,0,1,4.0,60.9,14,10,12.5,28,75.7,2,11,79.2,82.9,78.8,77.6,75.0,0,0,31,30.0,101.4,10.7,3,2,0,1,1,2,6.5,188,8.2,85.7,7,7,9.0,3.07,0,0,0.0,71.4,5,0,16.7,9,24.3,1,3,71.4,73.6,72.3,71.2,64.1,0,0,10,,88.4,0.0,0,2,0,0,0,0,0.0,45,6.4,0,75.0,4,4,-4.8,1.8,0,0,0.0,75.0,3,2,0.0,5,13.5,0,1,68.0,54.6,69.9,55.0,,0,0,5,50.0,97.9,20.0,1,0,0,0,0,0,0.0,32,8.0,-1.74
1,Baker Mayfield,46518,QB,TB,1,10.0,0,37,30,53.8,26,29,12.2,3.16,0,2,6.7,48.3,14,15,0.0,34,91.9,0,13,78.5,56.2,78.3,51.9,70.3,1,0,35,6.7,100.4,2.9,1,4,0,2,3,4,11.4,164,5.7,55.0,20,22,10.2,3.03,0,1,4.3,50.0,11,13,0.0,27,73.0,0,10,77.3,53.5,77.8,47.9,70.3,1,0,28,7.7,96.6,3.7,1,4,0,1,2,3,10.7,119,5.4,66.7,9,10,11.1,3.07,0,1,10.0,60.0,6,2,0.0,10,27.0,0,3,71.4,65.5,72.3,64.9,,0,0,10,0.0,105.4,0.0,0,0,0,1,1,1,10.0,48,4.8,0,100.0,3,3,-4.3,1.7,0,0,0.0,100.0,3,0,0.0,3,8.1,0,0,65.5,63.6,68.2,63.2,,0,0,3,,79.2,0.0,0,0,0,0,0,0,0.0,3,1.0,-0.61
1,Dak Prescott,10769,QB,DAL,1,30.16,0,35,9,77.4,31,33,11.5,2.91,1,4,10.5,60.6,20,13,16.7,34,97.1,4,9,78.9,90.0,78.6,86.2,65.6,0,0,39,0.0,76.7,0.0,0,1,1,0,0,1,2.6,191,5.8,76.0,25,27,11.9,2.54,1,3,9.7,55.6,15,9,21.1,27,77.1,4,7,77.6,89.1,78.1,87.1,,0,0,31,0.0,68.9,0.0,0,0,1,0,0,1,3.2,133,4.9,85.7,7,7,7.4,4.13,0,1,12.5,85.7,6,4,0.0,8,22.9,0,2,70.9,75.4,71.9,68.5,65.6,0,0,9,0.0,99.4,0.0,0,1,0,0,0,0,0.0,55,7.9,0,100.0,1,1,-8.0,2.8,0,0,0.0,100.0,1,0,0.0,1,2.9,0,0,60.4,60.2,64.6,60.0,,0,0,1,,79.2,0.0,0,0,0,0,0,0,0.0,-3,-3.0,2.93
1,Aaron Rodgers,2241,QB,PIT,1,10.0,0,34,25,73.7,19,21,8.7,2.54,0,0,0.0,61.9,13,9,7.1,25,73.5,1,12,77.1,51.1,0.0,53.1,60.0,1,0,27,44.4,132.1,16.0,4,0,0,1,3,1,3.7,196,9.3,78.9,19,20,5.2,2.18,0,0,0.0,70.0,14,5,6.7,22,64.7,1,8,76.4,47.7,0.0,50.0,60.0,1,0,24,40.0,106.9,9.1,2,0,0,0,1,1,4.2,143,7.2,88.9,9,10,4.4,2.49,0,0,0.0,80.0,8,4,0.0,12,35.3,0,6,72.4,69.6,72.9,68.7,,0,0,12,50.0,148.3,16.7,2,0,0,1,3,0,0.0,101,10.1,0,100.0,9,9,-3.0,1.6,0,0,0.0,100.0,9,0,0.0,9,26.5,0,2,70.9,67.0,71.9,66.4,,0,0,9,,125.9,0.0,0,0,0,0,1,0,0.0,48,5.3,2.95
1,Jalen Hurts,40291,QB,PHI,1,23.53,0,34,24,100.0,19,22,4.8,3.86,0,1,4.5,81.8,18,14,5.3,32,94.1,1,11,78.9,89.6,78.8,71.5,90.7,0,0,32,7.1,94.1,3.1,1,9,0,3,0,0,0.0,145,6.6,100.0,14,17,5.6,3.82,0,1,5.9,76.5,13,10,7.1,27,79.4,1,10,78.1,87.0,78.5,69.8,90.0,0,0,27,10.0,95.7,3.7,1,8,0,3,0,0,0.0,122,7.2,100.0,6,6,1.7,3.07,0,0,0.0,100.0,6,4,0.0,7,20.6,0,1,69.6,75.1,71.1,65.6,65.6,0,0,7,0.0,87.5,0.0,0,1,0,0,0,0,0.0,30,5.0,0,100.0,1,1,-3.0,0.6,0,0,0.0,100.0,1,0,0.0,2,5.9,0,0,63.6,58.9,66.9,59.0,,0,0,2,,95.8,0.0,0,0,0,0,0,0,0.0,7,7.0,-2.18
1,C.J. Stroud,129759,QB,HST,1,33.33,0,34,13,75.0,24,25,7.6,2.89,1,0,0.0,68.0,17,14,5.6,32,94.1,1,9,78.7,73.0,78.9,65.1,80.5,0,1,36,21.4,71.1,9.4,3,4,0,0,0,1,2.8,174,7.0,73.9,23,24,6.1,2.54,1,0,0.0,66.7,16,12,5.9,29,85.3,1,7,78.2,70.5,78.7,61.0,84.8,0,1,33,16.7,64.8,6.9,2,3,0,0,0,1,3.0,141,5.9,100.0,3,3,11.7,4.14,0,0,0.0,100.0,3,2,0.0,5,14.7,0,2,68.0,73.0,69.9,76.0,58.3,0,0,5,50.0,118.8,20.0,1,1,0,0,0,0,0.0,47,15.7,0,100.0,2,2,-3.5,1.05,0,0,0.0,100.0,2,0,0.0,2,5.9,0,0,63.6,62.4,66.9,62.0,,0,0,2,,95.8,0.0,0,0,0,0,0,0,0.0,14,7.0,9.79
1,Cam Ward,133244,QB,TEN,1,30.3,0,34,31,58.3,24,27,12.0,2.87,0,0,0.0,40.7,11,18,21.4,33,97.1,3,5,78.1,57.1,78.5,53.9,65.6,0,0,35,33.3,53.2,18.2,6,0,0,3,0,0,0.0,111,4.1,55.0,20,22,13.3,2.7,0,0,0.0,36.4,8,12,27.3,26,76.5,3,4,76.3,55.3,77.8,54.8,,0,0,26,33.3,50.0,15.4,4,0,0,2,0,0,0.0,93,4.2,80.0,5,6,4.2,3.21,0,0,0.0,66.7,4,6,0.0,8,23.5,0,1,71.4,63.6,72.3,56.2,65.6,0,0,10,33.3,70.8,25.0,2,0,0,1,0,0,0.0,19,3.2,0,100.0,1,1,-2.0,1.1,0,0,0.0,100.0,1,0,0.0,1,2.9,0,0,60.4,60.3,64.6,60.1,,0,0,1,,79.2,0.0,0,0,0,0,0,0,0.0,1,1.0,-1.06
1,Trevor Lawrence,77632,QB,JAX,1,-23.81,0,33,15,72.7,22,24,10.7,2.84,0,0,0.0,58.3,14,4,12.5,26,78.8,2,11,77.3,62.4,78.6,57.9,70.6,0,1,27,0.0,75.7,0.0,0,2,1,1,1,2,7.4,164,6.8,78.3,23,24,7.5,2.41,0,0,0.0,66.7,16,3,11.1,26,78.8,2,9,77.1,64.3,78.6,58.6,74.2,0,1,26,0.0,66.8,0.0,0,2,1,0,0,2,7.7,153,6.4,80.0,5,7,9.2,3.36,1,0,0.0,42.9,3,1,25.0,7,21.2,1,2,70.3,58.4,71.5,60.4,58.3,0,0,8,0.0,92.3,0.0,0,0,0,1,1,0,0.0,25,3.6,0,100.0,6,7,-2.7,1.77,1,0,0.0,71.4,5,0,16.7,7,21.2,1,0,69.6,63.2,71.1,62.9,,0,0,7,,74.1,0.0,0,0,0,0,0,0,0.0,14,2.0,-2.81
1,Daniel Jones,39395,QB,IND,1,-5.05,0,33,14,81.5,27,27,7.9,2.9,0,1,3.7,81.5,22,8,0.0,31,93.9,0,14,78.5,74.2,79.2,67.9,75.2,0,0,31,12.5,121.0,3.2,1,3,0,0,1,1,3.2,272,10.1,77.8,18,18,6.8,2.77,0,0,0.0,77.8,14,6,0.0,20,60.6,0,8,76.7,78.1,78.6,69.6,78.5,0,0,21,0.0,120.1,0.0,0,2,0,0,1,0,0.0,151,8.4,72.7,11,11,7.5,2.85,0,1,9.1,72.7,8,2,0.0,13,39.4,0,6,72.8,57.5,73.2,59.1,58.3,0,0,13,50.0,108.5,7.7,1,1,0,0,0,1,7.7,121,11.0,0,0.0,2,2,-4.0,1.25,0,0,0.0,0.0,0,0,,2,6.1,0,0,65.5,55.5,68.2,55.8,,0,0,3,,39.6,0.0,0,0,0,0,0,0,0.0,0,0.0,2.61
1,Matthew Stafford,4924,QB,LA,1,26.84,0,32,26,87.5,24,26,10.3,2.39,0,5,17.9,69.2,18,12,14.3,29,90.6,3,13,27.8,93.1,78.6,94.1,44.4,1,0,31,25.0,109.6,10.3,3,0,0,1,1,0,0.0,231,8.9,82.4,17,19,8.7,2.22,0,3,15.0,63.2,12,9,14.3,21,65.6,2,9,25.6,83.9,78.0,89.4,44.4,1,0,22,22.2,84.8,9.5,2,0,0,1,0,0,0.0,137,7.2,100.0,10,10,8.8,2.55,0,2,18.2,90.0,9,4,10.0,11,34.4,1,4,72.4,94.7,72.9,93.5,,0,0,12,25.0,145.0,9.1,1,0,0,0,1,0,0.0,108,10.8,0,100.0,3,3,-3.3,1.8,0,0,0.0,100.0,3,1,0.0,3,9.4,0,0,65.5,63.8,68.2,63.4,,0,0,3,0.0,86.1,0.0,0,0,0,0,0,0,0.0,14,4.7,3.59
1,Joe Burrow,28022,QB,CIN,1,-1.11,0,29,7,72.7,22,23,8.3,2.98,0,0,0.0,60.9,14,12,12.5,28,96.6,2,7,77.2,76.3,78.2,79.5,48.1,1,0,29,25.0,87.8,10.7,3,2,0,0,1,0,0.0,113,4.9,66.7,18,18,9.8,2.85,0,0,0.0,61.1,11,9,8.3,23,79.3,1,5,76.1,74.7,77.8,78.4,48.1,0,0,24,22.2,75.0,8.7,2,2,0,0,0,0,0.0,95,5.3,100.0,4,5,1.5,2.97,0,0,0.0,60.0,3,3,25.0,6,20.7,1,2,68.9,68.0,70.6,67.2,,1,0,6,33.3,106.7,16.7,1,0,0,0,1,0,0.0,18,3.6,0,,0,0,,0.0,0,0,,,0,0,,1,3.4,0,0,60.4,60.0,64.6,60.0,,0,0,1,,0.0,0.0,0,0,0,0,0,0,0.0,0,,-1.68
1,Tua Tagovailoa,60326,QB,MIA,1,17.11,0,27,17,60.0,20,20,8.9,2.76,0,3,14.3,55.0,11,6,8.3,24,88.9,1,5,24.6,51.2,76.8,52.0,58.3,0,2,25,50.0,27.1,12.5,3,1,0,0,0,4,16.0,90,4.5,63.2,19,19,7.0,2.6,0,2,10.5,57.9,11,5,8.3,22,81.5,1,5,75.6,43.4,76.5,44.5,58.3,0,2,22,40.0,49.8,9.1,2,1,0,0,1,3,13.6,98,5.2,75.0,4,4,7.3,2.92,0,1,20.0,75.0,3,1,0.0,5,18.5,0,1,15.9,78.0,70.6,76.4,,0,0,6,100.0,81.3,20.0,1,0,0,0,0,1,16.7,16,4.0,0,100.0,3,3,-5.0,1.8,0,0,0.0,100.0,3,0,0.0,3,11.1,0,1,65.5,63.4,68.2,63.0,,0,0,3,,139.6,0.0,0,0,0,0,1,0,0.0,24,8.0,-1.16
1,Sam Darnold,29048,QB,SEA,1,31.82,0,26,29,72.2,18,19,11.7,2.58,0,1,4.8,63.2,12,9,7.7,21,80.8,1,7,76.0,84.0,77.9,84.2,58.4,0,0,23,11.1,89.1,4.8,1,1,1,0,0,0,0.0,157,8.3,76.2,21,22,8.4,2.23,0,1,4.2,68.2,15,10,6.3,24,92.3,1,5,76.6,83.1,78.1,80.6,62.8,0,0,26,10.0,83.3,4.2,1,0,1,0,0,0,0.0,129,5.9,100.0,1,1,19.0,4.2,0,0,0.0,100.0,1,0,0.0,2,7.7,0,2,63.6,63.5,66.9,70.7,56.3,0,0,2,,118.8,0.0,0,1,0,0,0,0,0.0,21,21.0,0,100.0,4,4,-4.0,1.54,0,0,0.0,100.0,4,1,0.0,5,19.2,0,0,68.0,61.8,69.9,61.6,,0,0,5,0.0,79.2,0.0,0,0,0,0,0,0,0.0,-7,-1.8,15.14
1,Justin Fields,82118,QB,NYJ,1,-27.78,0,25,22,88.2,17,21,10.1,3.43,2,1,4.5,71.4,15,9,0.0,24,96.0,0,8,79.0,82.2,0.0,90.5,59.0,1,0,25,11.1,114.2,4.2,1,2,0,1,1,1,4.0,185,8.8,87.5,16,18,8.6,3.39,0,1,5.3,77.8,14,6,0.0,19,76.0,0,7,78.1,82.1,0.0,90.4,60.4,1,0,20,0.0,128.5,0.0,0,1,0,1,1,1,5.0,187,10.4,100.0,2,4,14.0,3.35,2,0,0.0,50.0,2,3,0.0,6,24.0,0,2,68.9,68.5,70.6,71.2,58.3,0,0,6,33.3,76.0,16.7,1,1,0,0,0,0,0.0,31,7.8,0,100.0,1,1,-5.0,2.1,0,0,0.0,100.0,1,0,0.0,1,4.0,0,1,60.4,60.3,64.6,60.1,,0,0,1,,118.8,0.0,0,0,0,0,0,0,0.0,33,33.0,-2.64
1,J.J. McCarthy,144918,QB,MIN,1,-4.17,0,25,18,80.0,15,17,10.1,3.04,1,1,4.3,58.8,10,6,16.7,21,84.0,2,6,77.1,63.3,0.0,60.8,71.9,1,1,27,50.0,95.2,14.3,3,1,0,0,2,1,3.7,120,7.1,81.8,11,12,8.1,2.53,0,0,0.0,66.7,8,3,11.1,15,60.0,1,3,74.9,53.1,0.0,54.0,61.6,1,1,18,66.7,97.9,13.3,2,0,0,0,2,1,5.6,102,8.5,85.7,7,8,7.4,3.21,1,1,9.1,62.5,5,3,16.7,10,40.0,1,3,72.8,76.1,73.2,70.0,65.6,0,0,13,33.3,75.5,10.0,1,1,0,0,0,0,0.0,41,5.1,0,100.0,3,3,-3.3,1.55,0,0,0.0,100.0,3,0,0.0,4,16.0,0,0,66.9,60.9,69.2,60.7,,0,0,4,,98.6,0.0,0,0,0,0,0,0,0.0,23,7.7,-3.37
1,Jordan Love,40306,QB,GB,1,19.05,0,23,12,76.2,21,21,11.5,2.97,0,4,18.2,71.4,15,6,6.3,22,95.7,1,8,76.5,76.2,77.8,75.9,60.6,0,0,23,0.0,130.5,0.0,0,1,0,0,2,2,8.7,187,8.9,73.3,15,15,10.5,2.83,0,3,18.8,66.7,10,5,9.1,16,69.6,1,5,75.1,67.1,77.3,66.8,60.6,0,0,17,0.0,125.3,0.0,0,1,0,0,2,2,11.8,101,6.7,85.7,7,7,11.4,2.97,0,1,14.3,85.7,6,1,0.0,7,30.4,0,3,69.6,84.9,71.1,82.7,,0,0,7,0.0,118.5,0.0,0,0,0,0,0,0,0.0,87,12.4,0,100.0,1,1,-4.0,0.6,0,0,0.0,100.0,1,0,0.0,1,4.3,0,0,60.4,60.3,64.6,60.1,,0,0,1,,79.2,0.0,0,0,0,0,0,0,0.0,1,1.0,5.7
1,Lamar Jackson,46416,QB,BLT,1,33.33,0,22,3,78.6,14,15,12.6,3.36,1,1,6.7,73.3,11,8,0.0,18,81.8,0,8,76.6,81.6,77.9,67.3,88.2,0,0,19,25.0,134.3,11.1,2,1,0,0,1,0,0.0,176,11.7,78.6,14,15,10.5,3.03,1,1,6.7,66.7,10,7,9.1,18,81.8,1,5,76.6,75.9,77.9,60.3,88.2,0,0,19,28.6,112.4,11.1,2,1,0,0,1,0,0.0,117,7.8,100.0,4,4,6.3,3.0,0,0,0.0,100.0,4,1,0.0,4,18.2,0,4,66.9,76.3,69.2,74.8,,0,0,4,0.0,158.3,0.0,0,0,0,0,1,0,0.0,92,23.0,0,100.0,4,4,-1.3,1.5,0,0,0.0,75.0,3,0,25.0,4,18.2,1,1,66.9,56.5,69.2,56.7,,0,0,4,,138.5,0.0,0,0,0,0,1,0,0.0,33,8.3,15.2
1,Zach Wilson,82096,QB,MIA,1,42.86,0,9,17,66.7,6,7,8.7,2.55,1,0,0.0,57.1,4,2,0.0,8,88.9,0,2,70.3,46.5,71.5,48.6,58.3,0,0,8,0.0,62.2,0.0,0,1,0,0,0,0,0.0,21,3.0,66.7,6,7,8.7,2.55,1,0,0.0,57.1,4,2,0.0,8,88.9,0,2,70.3,46.5,71.5,48.6,58.3,0,0,8,0.0,62.2,0.0,0,1,0,0,0,0,0.0,21,3.0,100.0,1,1,-4.0,1.1,0,0,0.0,100.0,1,0,0.0,1,11.1,0,1,60.4,60.5,64.6,60.4,,0,0,1,,112.5,0.0,0,0,0,0,0,0,0.0,11,11.0,0,100.0,1,1,-4.0,1.1,0,0,0.0,100.0,1,0,0.0,1,11.1,0,1,60.4,60.5,64.6,60.4,,0,0,1,,112.5,0.0,0,0,0,0,0,0,0.0,11,11.0,8.0
week,player,player_id,position,team_name,player_game_count,comp_pct_diff,declined_penalties,dropbacks,franchise_id,no_screen_accuracy_percent,no_screen_aimed_passes,no_screen_attempts,no_screen_avg_depth_of_target,no_screen_avg_time_to_throw,no_screen_bats,no_screen_big_time_throws,no_screen_btt_rate,no_screen_completion_percent,no_screen_completions,no_screen_def_gen_pressures,no_screen_drop_rate,no_screen_dropbacks,no_screen_dropbacks_percent,no_screen_drops,no_screen_first_downs,no_screen_grades_hands_drop,no_screen_grades_hands_fumble,no_screen_grades_offense,no_screen_grades_offense_penalty,no_screen_grades_pass,no_screen_grades_pass_route,no_screen_grades_run,no_screen_hit_as_threw,no_screen_interceptions,no_screen_passing_snaps,no_screen_pressure_to_sack_rate,no_screen_qb_rating,no_screen_sack_percent,no_screen_sacks,no_screen_scrambles,no_screen_spikes,no_screen_thrown_aways,no_screen_touchdowns,no_screen_turnover_worthy_plays,no_screen_twp_rate,no_screen_yards,no_screen_ypa,npa_accuracy_percent,npa_aimed_passes,npa_attempts,npa_avg_depth_of_target,npa_avg_time_to_throw,npa_bats,npa_big_time_throws,npa_btt_rate,npa_completion_percent,npa_completions,npa_def_gen_pressures,npa_drop_rate,npa_dropbacks,npa_dropbacks_percent,npa_drops,npa_first_downs,npa_grades_hands_drop,npa_grades_hands_fumble,npa_grades_offense,npa_grades_offense_penalty,npa_grades_pass,npa_grades_pass_route,npa_grades_run,npa_hit_as_threw,npa_interceptions,npa_passing_snaps,npa_pressure_to_sack_rate,npa_qb_rating,npa_sack_percent,npa_sacks,npa_scrambles,npa_spikes,npa_thrown_aways,npa_touchdowns,npa_turnover_worthy_plays,npa_twp_rate,npa_yards,npa_ypa,pa_accuracy_percent,pa_aimed_passes,pa_attempts,pa_avg_depth_of_target,pa_avg_time_to_throw,pa_bats,pa_big_time_throws,pa_btt_rate,pa_completion_percent,pa_completions,pa_def_gen_pressures,pa_drop_rate,pa_dropbacks,pa_dropbacks_percent,pa_drops,pa_first_downs,pa_grades_hands_drop,pa_grades_hands_fumble,pa_grades_offense,pa_grades_offense_penalty,pa_grades_pass,pa_grades_pass_route,pa_grades_run,pa_hit_as_threw,pa_interceptions,pa_passing_snaps,pa_pressure_to_sack_rate,pa_qb_rating,pa_sack_percent,pa_sacks,pa_scrambles,pa_spikes,pa_thrown_aways,pa_touchdowns,pa_turnover_worthy_plays,pa_twp_rate,pa_yards,pa_ypa,penalties,screen_accuracy_percent,screen_aimed_passes,screen_attempts,screen_avg_depth_of_target,screen_avg_time_to_throw,screen_bats,screen_big_time_throws,screen_btt_rate,screen_completion_percent,screen_completions,screen_def_gen_pressures,screen_drop_rate,screen_dropbacks,screen_dropbacks_percent,screen_drops,screen_first_downs,screen_grades_hands_drop,screen_grades_hands_fumble,screen_grades_offense,screen_grades_offense_penalty,screen_grades_pass,screen_grades_pass_route,screen_grades_run,screen_hit_as_threw,screen_interceptions,screen_passing_snaps,screen_pressure_to_sack_rate,screen_qb_rating,screen_sack_percent,screen_sacks,screen_scrambles,screen_spikes,screen_thrown_aways,screen_touchdowns,screen_turnover_worthy_plays,screen_twp_rate,screen_yards,screen_ypa,ypa_diff
2,Bryce Young,123943,QB,CAR,1,40.0,0,59,5,73.5,49,54,8.0,2.61,1,2,3.4,63.0,34,24,5.6,58,98.3,2,19,,24.0,56.3,0.0,57.8,,57.9,3,1,64,12.5,90.8,5.2,3,1,0,1,3,3,4.7,330,6.1,71.1,45,50,8.0,2.53,1,2,3.6,60.0,30,22,6.3,54,91.5,2,16,,23.5,53.2,0.0,54.9,,57.9,3,1,60,13.6,80.8,5.6,3,1,0,1,2,3,5.0,285,5.7,100.0,5,5,5.0,3.14,0,0,0.0,100.0,5,2,0.0,5,8.5,0,3,,68.0,74.9,69.9,73.5,,,0,0,5,0.0,142.1,0.0,0,0,0,0,1,0,0.0,43,8.6,0,100.0,1,1,-3.0,1.0,0,0,0.0,100.0,1,0,0.0,1,1.7,0,0,,60.4,60.2,64.6,60.0,,,0,0,1,,79.2,0.0,0,0,0,0,0,0,0.0,-2,-2.0,2.9
2,Dak Prescott,10769,QB,DAL,1,25.64,0,57,9,83.3,48,50,7.9,2.66,1,5,9.1,72.0,36,21,10.0,55,96.5,4,19,,39.5,81.4,80.1,81.5,,52.6,1,1,60,14.3,97.3,5.5,3,2,0,0,2,2,3.3,362,7.2,81.1,37,39,8.9,2.58,1,3,6.8,66.7,26,13,13.3,42,73.7,4,15,,30.4,74.7,79.6,75.3,,52.6,1,1,47,7.7,91.0,2.4,1,2,0,0,2,2,4.3,252,6.5,92.3,13,13,3.4,2.82,0,2,15.4,92.3,12,8,0.0,15,26.3,0,4,,73.5,88.2,73.7,86.0,,,0,0,15,25.0,101.6,13.3,2,0,0,0,0,0,0.0,109,8.4,0,100.0,2,2,-4.5,2.15,0,0,0.0,100.0,2,0,0.0,2,3.5,0,0,,63.6,62.4,66.9,62.1,,,0,0,2,,79.2,0.0,0,0,0,0,0,0,0.0,-1,-0.5,1.92
2,Jayden Daniels,97993,QB,WAS,1,3.24,0,52,32,65.7,35,38,8.3,3.0,2,1,2.4,55.3,21,25,8.7,48,92.3,2,10,,80.8,55.9,79.0,57.5,,53.5,0,0,52,16.0,86.7,8.3,4,6,1,0,2,0,0.0,192,5.1,69.7,33,37,7.8,2.79,2,1,2.4,56.8,21,22,8.7,45,86.5,2,8,,80.5,62.4,78.9,63.0,,56.7,0,0,49,18.2,76.3,8.9,4,4,1,1,1,0,0.0,159,4.3,60.0,5,5,5.2,3.57,0,0,0.0,60.0,3,3,0.0,7,13.5,0,2,,69.6,34.8,71.1,37.2,,54.5,0,0,7,0.0,125.8,0.0,0,2,0,0,1,0,0.0,41,8.2,0,100.0,3,4,-1.7,1.6,0,0,0.0,75.0,3,0,0.0,4,7.7,0,0,,66.9,61.0,69.2,60.8,,,0,0,4,,77.1,0.0,0,0,0,1,0,0,0.0,8,2.0,3.9
2,Geno Smith,7820,QB,LV,1,8.21,0,48,23,59.0,39,41,8.5,3.25,2,0,0.0,53.7,22,17,4.3,46,95.8,1,8,,81.0,39.3,79.1,33.5,,75.9,0,3,51,17.6,34.8,6.5,3,2,0,0,0,3,5.9,182,4.4,60.6,33,35,8.1,3.15,2,0,0.0,54.3,19,15,5.0,40,83.3,1,7,,80.2,47.8,78.7,41.2,,75.9,0,2,44,20.0,41.2,7.5,3,2,0,0,0,2,4.5,149,4.3,62.5,8,8,6.9,3.44,0,0,0.0,62.5,5,2,0.0,8,16.7,0,1,,70.9,29.4,71.9,30.8,,,0,1,9,0.0,30.7,0.0,0,0,0,0,0,1,11.1,31,3.9,0,100.0,2,2,-5.0,2.15,0,0,0.0,100.0,2,0,0.0,2,4.2,0,0,,63.6,62.4,66.9,62.1,,,0,0,2,,79.2,0.0,0,0,0,0,0,0,0.0,-2,-1.0,-0.38
2,Joe Flacco,4332,QB,CLV,1,18.8,0,48,8,69.7,33,40,8.6,2.83,0,0,0.0,52.5,21,17,8.7,43,89.6,2,8,,29.0,38.9,0.0,39.6,,63.3,1,1,44,11.8,63.5,4.7,2,1,0,6,1,3,6.8,190,4.8,71.9,32,38,7.0,2.71,0,0,0.0,52.6,20,15,13.0,41,85.4,3,7,,28.4,38.4,0.0,39.1,,63.3,1,1,41,13.3,62.0,4.9,2,1,0,5,1,3,7.3,166,4.4,83.3,6,7,6.3,3.0,0,0,0.0,71.4,5,2,0.0,7,14.6,0,1,,70.3,61.0,71.5,60.8,,,0,0,8,0.0,81.3,0.0,0,0,0,1,0,0,0.0,33,4.7,0,100.0,5,5,-4.6,2.12,0,0,0.0,80.0,4,0,20.0,5,10.4,1,0,,68.0,65.1,69.9,64.6,,,0,0,5,,79.2,0.0,0,0,0,0,0,0,0.0,9,1.8,0.34
2,Baker Mayfield,46518,QB,TB,1,0.95,0,45,30,72.4,29,32,10.8,2.79,0,3,8.1,59.4,19,22,9.5,39,86.7,2,12,,29.2,73.4,79.5,66.2,,84.4,1,0,45,18.2,84.9,10.3,4,3,0,2,1,2,4.4,176,5.5,75.8,33,35,8.2,2.52,0,3,7.7,65.7,23,21,8.0,42,93.3,2,14,,29.6,72.2,79.6,65.1,,84.4,0,0,47,19.0,98.9,9.5,4,3,0,2,2,2,4.3,193,5.5,100.0,2,3,10.0,3.8,0,0,0.0,66.7,2,1,0.0,3,6.7,0,1,,68.0,71.5,69.9,70.5,,,1,0,5,0.0,88.2,0.0,0,0,0,0,0,0,0.0,22,7.3,0,100.0,6,6,-4.0,1.42,0,0,0.0,100.0,6,0,0.0,6,13.3,0,3,,69.6,66.1,71.1,65.6,,,0,0,7,,133.3,0.0,0,0,0,0,1,0,0.0,39,6.5,1.82
2,Russell Wilson,7077,QB,NYG,1,22.26,0,45,21,82.9,35,37,15.6,2.6,0,6,15.8,70.3,26,10,10.3,41,91.1,3,15,,27.2,88.5,78.9,85.8,,67.2,0,1,42,30.0,125.6,7.3,3,1,0,2,3,2,4.8,437,11.8,79.3,29,31,16.4,2.54,0,5,15.6,67.7,21,9,8.7,34,75.6,2,12,,25.8,82.2,78.5,79.6,,67.2,0,1,35,22.2,121.3,5.9,2,1,0,2,3,2,5.7,327,10.5,100.0,10,10,5.7,2.64,0,1,10.0,90.0,9,1,10.0,11,24.4,1,4,,71.9,89.0,72.6,86.6,,,0,0,11,100.0,117.9,9.1,1,0,0,0,0,0,0.0,123,12.3,0,100.0,4,4,-3.8,2.28,0,0,0.0,100.0,4,0,0.0,4,8.9,0,1,,66.9,64.7,69.2,64.2,,,0,0,4,,80.2,0.0,0,0,0,0,0,0,0.0,13,3.3,1.75
2,Trevor Lawrence,77632,QB,JAX,1,-4.77,0,44,15,67.7,31,33,11.9,2.91,0,0,0.0,48.5,16,10,23.8,35,79.5,5,12,,27.9,57.5,78.8,60.0,,47.6,1,2,36,10.0,52.3,2.9,1,1,0,1,1,1,2.8,198,6.0,75.0,28,29,7.7,2.47,0,0,0.0,58.6,17,8,19.0,31,70.5,4,10,,27.0,55.3,78.6,58.3,,47.6,1,2,32,12.5,69.5,3.2,1,1,0,0,2,1,3.1,169,5.8,66.7,12,13,10.1,3.15,0,0,0.0,53.8,7,2,12.5,13,29.5,1,5,,72.8,64.1,73.2,63.7,,,0,0,13,0.0,105.3,0.0,0,0,0,1,1,0,0.0,102,7.8,0,88.9,9,9,-3.7,1.74,0,0,0.0,88.9,8,0,0.0,9,20.5,0,3,,70.9,61.8,71.9,61.5,,,0,0,9,,140.0,0.0,0,0,0,0,2,0,0.0,73,8.1,2.02
2,Mac Jones,60323,QB,SF,1,4.48,0,43,28,76.5,34,37,7.6,2.8,1,0,0.0,67.6,25,8,3.8,41,95.3,1,14,,30.0,58.2,0.0,60.3,,56.5,0,0,43,37.5,115.6,7.3,3,1,1,1,3,1,2.3,268,7.2,74.1,27,29,7.8,2.65,1,0,0.0,65.5,19,3,5.0,31,72.1,1,12,,28.2,58.0,0.0,60.5,,56.5,0,0,33,33.3,111.4,3.2,1,1,1,0,2,1,3.0,221,7.6,77.8,9,10,4.7,3.11,0,0,0.0,70.0,7,5,0.0,12,27.9,0,3,,71.9,60.8,72.9,60.6,,,0,0,12,40.0,117.9,16.7,2,0,0,1,1,0,0.0,58,5.8,0,50.0,2,2,-3.0,2.25,0,0,0.0,50.0,1,0,0.0,2,4.7,0,1,,63.6,62.2,66.9,61.9,,,0,0,2,,66.7,0.0,0,0,0,0,0,0,0.0,11,5.5,-1.82
2,Cam Ward,133244,QB,TEN,1,17.58,0,41,31,62.5,24,27,9.9,3.41,0,2,7.1,51.9,14,16,6.7,35,85.4,1,11,,27.7,67.7,78.8,67.2,,60.0,0,0,36,31.3,81.7,14.3,5,3,0,3,1,1,2.8,156,5.8,69.6,23,26,7.1,3.07,0,2,7.4,53.8,14,15,12.5,33,80.5,2,8,,27.2,65.0,78.7,65.8,,55.5,0,0,34,33.3,79.3,15.2,5,2,0,3,1,1,2.9,122,4.7,71.4,7,7,8.0,3.25,0,0,0.0,71.4,5,1,0.0,8,19.5,0,3,,70.9,72.4,71.9,68.7,,63.1,0,0,9,0.0,93.2,0.0,0,1,0,0,0,0,0.0,53,7.6,0,100.0,6,6,-2.8,1.33,0,0,0.0,83.3,5,0,16.7,6,14.6,1,0,,69.6,66.0,71.1,65.4,,,0,0,7,,79.9,0.0,0,0,0,0,0,0,0.0,19,3.2,2.88
2,Spencer Rattler,97408,QB,NO,1,-24.21,0,40,20,76.7,30,30,9.0,2.84,0,2,6.1,70.0,21,16,8.7,36,90.0,2,13,,28.5,75.3,79.0,72.0,,69.6,0,0,40,18.8,119.0,8.3,3,3,0,0,3,1,2.5,182,6.1,84.2,19,19,5.2,2.55,0,1,4.5,84.2,16,10,0.0,22,55.0,0,6,,25.3,69.5,78.2,65.1,,69.7,0,0,26,20.0,106.6,9.1,2,1,0,0,1,1,3.8,102,5.4,73.3,15,15,10.3,3.02,0,1,6.7,60.0,9,6,18.2,18,45.0,2,8,,74.5,76.9,74.3,75.8,,62.0,0,0,18,16.7,120.8,5.6,1,2,0,0,2,0,0.0,105,7.0,0,100.0,4,4,-4.5,2.05,0,0,0.0,100.0,4,0,0.0,4,10.0,0,1,,66.9,64.6,69.2,64.1,,,0,0,4,,92.7,0.0,0,0,0,0,0,0,0.0,25,6.3,1.63
2,Tua Tagovailoa,60326,QB,MIA,1,-7.14,0,39,17,81.5,27,28,9.9,2.83,0,1,3.0,78.6,22,11,0.0,33,84.6,0,15,,78.7,60.3,0.0,61.7,,,0,1,38,45.5,119.0,15.2,5,0,0,1,2,1,2.6,292,10.4,82.1,28,28,8.9,2.58,0,1,3.2,82.1,23,10,0.0,34,87.2,0,12,,78.6,63.3,0.0,64.5,,,0,1,37,50.0,117.0,14.7,5,0,0,0,2,1,2.7,278,9.9,100.0,3,4,1.7,2.56,0,0,0.0,75.0,3,2,0.0,5,12.8,0,3,,69.6,49.5,71.1,50.2,,,0,0,7,0.0,103.1,0.0,0,0,0,1,0,0,0.0,37,9.3,0,100.0,4,4,-3.5,1.18,0,0,0.0,100.0,4,1,0.0,6,15.4,0,0,,68.9,59.8,70.6,59.7,,,0,0,6,0.0,90.6,0.0,0,0,0,0,0,0,0.0,23,5.8,-0.68
2,Patrick Mahomes,11765,QB,KC,1,27.38,0,38,16,65.4,26,28,10.8,3.0,2,1,3.4,53.6,15,16,11.8,37,97.4,2,12,,79.0,70.0,78.6,62.1,,77.7,0,1,40,12.5,71.4,5.4,2,7,0,0,1,0,0.0,186,6.6,63.2,19,21,13.4,3.03,2,1,4.5,47.6,10,12,16.7,28,73.7,2,8,,77.6,67.6,78.0,60.1,,75.7,0,1,31,16.7,64.0,7.1,2,5,0,0,1,0,0.0,132,6.3,75.0,8,8,3.0,2.73,0,0,0.0,75.0,6,4,0.0,10,26.3,0,4,,71.4,70.2,72.3,65.8,,66.4,0,0,10,0.0,93.2,0.0,0,2,0,0,0,0,0.0,55,6.9,0,100.0,1,1,-3.0,1.0,0,0,0.0,100.0,1,0,0.0,1,2.6,0,0,,60.4,60.2,64.6,60.0,,,0,0,1,,79.2,0.0,0,0,0,0,0,0,0.0,1,1.0,0.59
2,Daniel Jones,39395,QB,IND,1,-5.93,0,38,14,71.9,32,33,10.6,2.79,0,2,5.7,66.7,22,19,4.3,37,97.4,1,16,,79.7,79.6,79.3,81.5,,56.6,0,0,39,5.3,105.9,2.7,1,3,0,1,1,0,0.0,302,9.2,77.3,22,23,8.4,2.72,0,2,8.3,69.6,16,15,5.9,26,68.4,1,10,,77.9,77.0,78.6,80.7,,53.3,0,0,27,6.7,111.5,3.8,1,2,0,1,1,0,0.0,204,8.9,63.6,11,11,13.5,2.96,0,0,0.0,63.6,7,4,0.0,12,31.6,0,7,,72.8,75.1,73.2,72.3,,62.6,0,0,13,0.0,97.5,0.0,0,1,0,0,0,0,0.0,112,10.2,0,100.0,1,1,-5.0,2.7,0,0,0.0,100.0,1,0,0.0,1,2.6,0,1,,60.4,60.3,64.6,60.1,,,0,0,1,,118.8,0.0,0,0,0,0,0,0,0.0,14,14.0,1.31
2,Aaron Rodgers,2241,QB,PIT,1,-40.71,0,37,25,69.2,26,31,7.5,3.06,0,2,5.9,51.6,16,14,11.1,35,94.6,2,4,,78.7,61.9,78.5,62.9,,55.7,1,2,38,21.4,54.2,8.6,3,1,0,4,1,2,5.3,188,6.1,76.0,25,28,6.8,2.9,0,2,6.5,60.7,17,12,10.5,32,86.5,2,5,,78.3,66.2,78.3,67.2,,55.7,1,2,35,25.0,64.3,9.4,3,1,0,2,1,2,5.7,198,7.1,33.3,3,5,6.0,3.3,0,0,0.0,20.0,1,2,0.0,5,13.5,0,0,,68.0,46.7,69.9,47.7,,,0,0,5,0.0,39.6,0.0,0,0,0,2,0,0,0.0,5,1.0,0,100.0,2,2,-4.0,1.2,0,0,0.0,100.0,2,0,0.0,2,5.4,0,1,,63.6,62.4,66.9,62.1,,,0,0,2,,97.9,0.0,0,0,0,0,0,0,0.0,15,7.5,-6.07
2,Caleb Williams,144622,QB,CHI,1,-4.0,0,36,6,72.0,25,27,11.0,3.3,1,2,6.7,59.3,16,10,11.1,33,91.7,2,11,,79.2,66.7,78.4,63.4,59.9,69.1,1,1,37,40.0,91.6,12.1,4,2,0,0,2,2,5.4,200,7.4,78.3,23,25,8.3,3.0,1,2,7.4,64.0,16,8,11.1,29,80.6,2,8,,78.5,63.3,78.0,62.1,,62.4,1,1,32,37.5,81.6,10.3,3,1,0,0,1,2,6.3,177,7.1,60.0,5,5,15.4,3.74,0,0,0.0,60.0,3,2,0.0,7,19.4,0,3,,70.3,72.9,72.0,66.3,59.9,65.6,0,0,8,50.0,116.7,14.3,1,1,0,0,1,0,0.0,30,6.0,0,100.0,3,3,-2.7,1.43,0,0,0.0,100.0,3,0,0.0,3,8.3,0,0,,65.5,63.9,68.2,63.5,,,0,0,3,,79.2,0.0,0,0,0,0,0,0,0.0,7,2.3,-1.08
2,Sam Darnold,29048,QB,SEA,1,-9.57,0,35,29,76.9,26,31,9.5,2.67,2,1,3.1,64.5,20,14,0.0,33,94.3,0,13,,78.1,81.7,78.8,80.1,,,0,2,34,14.3,88.6,6.1,2,0,0,3,2,1,2.9,284,9.2,80.0,20,23,6.9,2.58,0,0,0.0,69.6,16,7,0.0,23,65.7,0,8,,76.1,81.6,78.2,80.1,,,0,0,24,0.0,106.3,0.0,0,0,0,3,1,0,0.0,175,7.6,75.0,8,10,12.5,2.62,2,1,10.0,60.0,6,7,0.0,12,34.3,0,5,,72.4,71.5,72.9,70.4,,,0,2,12,28.6,95.8,16.7,2,0,0,0,1,1,8.3,120,12.0,0,100.0,2,2,-4.0,1.25,0,0,0.0,100.0,2,0,0.0,2,5.7,0,0,,63.6,62.3,66.9,62.0,,,0,0,2,,89.6,0.0,0,0,0,0,0,0,0.0,11,5.5,4.39
2,Matthew Stafford,4924,QB,LA,1,10.29,0,34,26,75.0,28,30,9.9,2.62,0,2,6.3,66.7,20,13,4.8,31,91.2,1,11,,78.2,78.4,78.6,76.9,,60.0,0,1,33,7.7,105.7,3.2,1,0,0,2,2,2,6.1,286,9.5,68.8,16,17,8.4,2.29,0,1,5.3,64.7,11,10,0.0,18,52.9,0,5,,75.6,67.3,77.7,66.1,,60.0,0,1,20,10.0,83.2,5.6,1,0,0,1,1,1,5.0,131,7.7,86.7,15,16,9.2,2.84,0,1,6.3,75.0,12,3,7.7,16,47.1,1,7,,73.9,84.9,73.9,82.8,,,0,0,16,0.0,128.9,0.0,0,0,0,1,1,1,6.3,167,10.4,0,100.0,3,3,-1.3,1.83,0,0,0.0,100.0,3,0,0.0,3,8.8,0,1,,65.5,63.7,68.2,63.3,,,0,0,3,,83.3,0.0,0,0,0,0,0,0,0.0,12,4.0,2.73
2,Jordan Love,40306,QB,GB,1,0.43,0,34,12,76.0,25,30,15.9,3.11,0,2,6.1,60.0,18,16,5.3,33,97.1,1,15,,78.9,86.7,79.2,84.1,,66.1,0,0,36,12.5,114.7,6.1,2,1,0,5,2,0,0.0,291,9.7,85.7,14,18,12.1,3.4,0,1,5.3,61.1,11,11,8.3,20,58.8,1,7,,76.1,88.5,78.3,86.1,,66.1,0,0,21,9.1,94.0,5.0,1,1,0,4,0,0,0.0,177,9.8,66.7,12,13,18.4,2.66,0,1,6.7,61.5,8,5,0.0,14,41.2,0,8,,73.9,73.8,73.9,72.5,,,0,0,16,20.0,129.8,7.1,1,0,0,1,2,0,0.0,115,8.8,0,100.0,1,1,-6.0,2.7,0,0,0.0,100.0,1,0,0.0,1,2.9,0,0,,60.4,60.2,64.6,60.0,,,0,0,1,,79.2,0.0,0,0,0,0,0,0,0.0,1,1.0,-0.98
2,Lamar Jackson,46416,QB,BLT,1,33.89,0,33,3,68.0,25,27,12.4,2.94,1,1,3.4,63.0,17,14,0.0,31,93.9,0,10,,78.2,64.1,78.2,61.4,,67.6,0,0,33,21.4,126.5,9.7,3,1,0,1,4,1,3.0,210,7.8,61.1,18,20,10.6,2.55,1,0,0.0,55.0,11,8,0.0,22,66.7,0,5,,76.4,43.9,77.6,44.3,,59.5,0,0,24,25.0,91.7,9.1,2,0,0,1,1,1,4.2,130,6.5,88.9,9,9,11.9,3.47,0,1,10.0,88.9,8,6,0.0,11,33.3,0,5,,72.4,91.7,72.9,88.3,,65.6,0,0,12,16.7,150.2,9.1,1,1,0,0,3,0,0.0,95,10.6,0,100.0,2,2,-5.5,1.5,0,0,0.0,100.0,2,0,0.0,2,6.1,0,0,,65.5,63.6,68.2,63.2,,,0,0,3,,97.9,0.0,0,0,0,0,0,0,0.0,15,7.5,4.06
2,Jake Browning,46401,QB,CIN,1,1.28,0,33,7,64.3,28,29,10.3,2.47,0,2,6.7,62.1,18,10,0.0,30,90.9,0,10,,78.1,56.2,77.6,55.6,,61.0,0,3,31,10.0,67.4,3.3,1,0,0,1,2,3,9.7,210,7.2,65.4,26,26,9.1,2.26,0,1,3.7,65.4,17,7,0.0,27,81.8,0,8,,77.5,47.6,77.3,47.2,,61.0,0,3,28,14.3,58.5,3.7,1,0,0,0,1,3,10.7,179,6.9,80.0,5,6,8.4,2.72,0,1,16.7,66.7,4,3,0.0,6,18.2,0,3,,68.9,88.0,70.6,85.6,,,0,0,6,0.0,140.3,0.0,0,0,0,1,1,0,0.0,62,10.3,0,100.0,3,3,-3.3,1.1,0,0,0.0,100.0,3,0,0.0,3,9.1,0,1,,65.5,63.8,68.2,63.4,,,0,0,3,,109.7,0.0,0,0,0,0,0,0,0.0,31,10.3,3.45
2,Justin Herbert,28237,QB,LAC,1,11.11,0,32,27,73.1,26,27,9.3,3.03,1,1,3.6,70.4,19,8,0.0,32,100.0,0,10,,78.9,67.9,78.6,68.5,,58.8,0,0,33,25.0,122.8,6.3,2,3,0,0,2,1,3.0,242,9.0,70.6,17,18,6.8,2.5,1,0,0.0,66.7,12,3,0.0,20,62.5,0,5,,76.7,54.0,77.7,51.6,,61.1,0,0,21,0.0,82.4,0.0,0,2,0,0,0,1,4.8,107,5.9,77.8,9,9,14.2,3.93,0,1,11.1,77.8,7,5,0.0,12,37.5,0,5,,72.4,86.8,72.9,88.0,,57.9,0,0,12,40.0,158.3,16.7,2,1,0,0,2,0,0.0,135,15.0,0,,0,0,,,0,0,,,0,0,,0,0.0,0,0,,,,,,,,0,0,0,,0.0,,0,0,0,0,0,0,,0,,9.06
2,Bo Nix,97790,QB,DEN,1,6.35,0,31,10,72.7,22,24,8.1,2.76,1,2,7.1,66.7,16,4,0.0,25,80.6,0,11,,77.7,46.0,78.3,45.2,,58.9,0,1,29,0.0,108.0,0.0,0,1,0,1,3,2,6.9,162,6.8,78.9,19,21,7.5,2.57,1,2,9.1,71.4,15,3,0.0,22,71.0,0,9,,76.5,60.8,77.8,60.4,,58.9,0,1,23,0.0,107.6,0.0,0,1,0,1,2,1,4.3,172,8.2,77.8,9,9,2.0,2.28,0,0,0.0,77.8,7,1,0.0,9,29.0,0,3,,72.4,32.4,72.9,34.4,,,0,0,12,0.0,119.4,0.0,0,0,0,0,1,1,8.3,34,3.8,0,100.0,6,6,-3.0,1.37,0,0,0.0,100.0,6,0,0.0,6,19.4,0,1,,68.9,65.7,70.6,65.1,,,0,0,6,,97.2,0.0,0,0,0,0,0,0,0.0,44,7.3,-4.41
2,Drake Maye,143969,QB,NE,1,-28.89,0,31,19,84.2,19,20,7.9,3.0,1,1,4.5,80.0,16,7,0.0,27,87.1,0,9,,78.7,84.8,78.6,80.1,,74.4,0,0,29,42.9,141.7,11.1,3,4,0,0,2,0,0.0,200,10.0,94.1,17,18,5.1,2.52,1,1,5.0,88.9,16,4,0.0,23,74.2,0,9,,78.0,87.5,78.4,81.2,,77.4,0,0,25,25.0,129.4,4.3,1,3,0,0,1,0,0.0,191,10.6,60.0,5,5,10.2,3.63,0,0,0.0,60.0,3,3,0.0,8,25.8,0,2,,70.3,62.1,71.5,64.2,,58.3,0,0,8,66.7,124.2,25.0,2,1,0,0,1,0,0.0,39,7.8,0,100.0,3,3,-4.0,1.48,0,0,0.0,100.0,3,0,0.0,4,12.9,0,2,,66.9,60.7,69.2,60.6,,,0,0,4,,108.3,0.0,0,0,0,0,0,0,0.0,30,10.0,-2.81
2,J.J. McCarthy,144918,QB,MIN,1,-26.67,0,30,18,55.6,18,19,14.5,3.37,0,1,5.3,52.6,10,16,0.0,28,93.3,0,7,,15.0,48.5,77.8,50.9,,50.8,1,2,28,37.5,40.6,21.4,6,3,0,0,0,3,10.7,156,8.2,64.3,14,15,14.2,3.25,0,1,6.7,60.0,9,13,0.0,22,73.3,0,7,,17.7,63.4,77.3,65.9,,52.6,1,1,22,38.5,65.1,22.7,5,2,0,0,0,1,4.5,147,9.8,50.0,6,6,8.8,3.48,0,0,0.0,33.3,2,3,33.3,8,26.7,1,0,,17.4,29.0,71.5,29.8,,58.3,0,1,8,33.3,2.8,12.5,1,1,0,0,0,2,25.0,11,1.8,0,100.0,2,2,-4.5,2.55,0,0,0.0,50.0,1,0,50.0,2,6.7,1,0,,63.6,62.6,66.9,62.2,,,0,0,2,,56.3,0.0,0,0,0,0,0,0,0.0,2,1.0,-7.97
2,C.J. Stroud,129759,QB,HST,1,-23.81,0,30,13,52.4,21,22,10.3,3.33,0,1,4.3,50.0,11,12,0.0,28,93.3,0,7,,77.6,50.4,77.7,45.1,,71.8,0,0,30,25.0,92.6,10.7,3,3,0,1,1,1,3.3,178,8.1,57.1,21,21,9.2,2.87,0,1,4.8,57.1,12,10,0.0,26,86.7,0,7,,77.1,54.6,77.5,48.2,,75.5,0,0,27,30.0,101.1,11.5,3,2,0,0,1,1,3.7,179,8.5,50.0,2,3,9.0,5.68,0,0,0.0,33.3,1,2,0.0,4,13.3,0,1,,68.0,46.8,69.9,49.4,,58.3,0,0,5,0.0,68.8,0.0,0,1,0,1,0,0,0.0,28,9.3,0,100.0,2,2,-3.0,2.1,0,0,0.0,100.0,2,0,0.0,2,6.7,0,1,,63.6,62.3,66.9,62.0,,,0,0,2,,118.8,0.0,0,0,0,0,0,0,0.0,29,14.5,0.81
2,Josh Allen,46601,QB,BUF,1,23.33,0,30,4,73.7,19,21,7.2,3.25,1,0,0.0,57.1,12,7,14.3,26,86.7,2,11,,77.7,75.3,78.7,70.3,,72.4,0,0,29,14.3,76.1,3.8,1,4,0,1,0,0,0.0,133,6.3,58.3,12,15,5.0,3.16,1,0,0.0,46.7,7,6,0.0,19,63.3,0,6,,76.3,68.9,78.3,63.8,,69.6,0,0,22,16.7,63.8,5.3,1,3,0,2,0,0,0.0,82,5.5,90.0,10,10,6.4,2.85,0,0,0.0,70.0,7,1,22.2,11,36.7,2,5,,71.9,77.2,72.6,73.6,,63.1,0,0,11,0.0,87.9,0.0,0,1,0,0,0,0,0.0,66,6.6,0,66.7,3,4,-4.3,1.73,0,0,0.0,50.0,2,0,0.0,4,13.3,0,0,,66.9,61.0,69.2,60.8,,,0,0,4,,59.4,0.0,0,0,0,1,0,0,0.0,15,3.8,1.13
2,Jared Goff,10635,QB,DET,1,4.62,0,29,11,80.8,26,26,11.4,2.94,0,1,3.8,80.8,21,4,0.0,27,93.1,0,15,,77.0,85.2,78.3,84.9,,57.9,0,0,28,0.0,158.3,0.0,0,1,0,0,5,0,0.0,333,12.8,80.0,15,15,9.7,2.84,0,1,6.7,80.0,12,3,0.0,16,55.2,0,7,,73.9,86.0,77.3,86.9,,57.9,0,0,16,0.0,144.9,0.0,0,1,0,0,3,0,0.0,139,9.3,84.6,13,13,10.8,2.87,0,0,0.0,84.6,11,1,0.0,13,44.8,0,8,,73.2,72.9,73.5,71.8,,,0,0,14,0.0,158.3,0.0,0,0,0,0,2,0,0.0,195,15.0,0,100.0,2,2,-5.5,1.7,0,0,0.0,100.0,2,0,0.0,2,6.9,0,0,,63.6,62.4,66.9,62.1,,,0,0,2,,79.2,0.0,0,0,0,0,0,0,0.0,1,0.5,5.73
2,Kyler Murray,38334,QB,ARZ,1,-1.52,0,29,1,81.8,22,25,8.7,2.87,2,2,7.1,68.0,17,11,5.6,29,100.0,1,11,,78.7,81.5,78.1,82.6,,60.8,0,1,32,9.1,92.1,3.4,1,3,0,1,1,1,3.1,220,8.8,78.9,19,22,9.4,2.37,2,2,7.7,68.2,15,7,0.0,23,79.3,0,9,,77.9,76.9,77.7,80.6,,49.9,0,1,27,14.3,92.0,4.3,1,0,0,1,1,1,3.7,195,8.9,100.0,3,3,4.3,4.77,0,0,0.0,66.7,2,4,33.3,6,20.7,1,2,,69.6,80.8,71.1,72.3,,71.6,0,0,7,0.0,92.4,0.0,0,3,0,0,0,0,0.0,25,8.3,0,,0,0,,,0,0,0.0,,0,0,,0,0.0,0,0,,63.6,62.4,66.9,62.0,,,0,0,2,,0.0,,0,0,0,0,0,0,0.0,0,,-0.53
2,Jalen Hurts,40291,QB,PHI,1,8.33,0,27,24,66.7,18,19,9.2,3.02,0,0,0.0,63.2,12,10,0.0,22,81.5,0,4,,25.4,62.4,78.6,47.8,,80.3,0,0,23,20.0,73.1,9.1,2,1,0,1,0,1,4.3,84,4.4,70.6,17,18,8.7,2.69,0,0,0.0,66.7,12,9,0.0,22,81.5,0,3,,78.4,72.1,78.6,59.7,,80.3,0,0,23,11.1,76.9,4.5,1,1,0,1,0,0,0.0,83,4.6,75.0,4,4,1.3,2.44,0,0,0.0,75.0,3,1,0.0,5,18.5,0,2,,13.1,28.6,69.9,29.5,,,0,0,5,100.0,83.3,20.0,1,0,0,0,0,1,20.0,18,4.5,0,100.0,3,3,-4.0,0.98,0,0,0.0,100.0,3,0,0.0,5,18.5,0,1,,68.0,58.9,69.9,58.9,,,0,0,5,,90.3,0.0,0,0,0,0,0,0,0.0,17,5.7,-0.11
2,Michael Penix Jr.,82134,QB,ATL,1,5.56,0,24,2,70.0,20,20,7.4,2.75,0,0,0.0,65.0,13,9,7.1,23,95.8,1,5,,76.6,66.4,79.3,65.0,,60.0,0,0,25,33.3,84.4,13.0,3,0,0,0,0,0,0.0,135,6.8,66.7,18,18,6.8,2.59,0,0,0.0,61.1,11,7,8.3,20,83.3,1,4,,75.7,59.3,79.1,57.7,,60.0,0,0,21,28.6,77.3,10.0,2,0,0,0,0,0,0.0,105,5.8,66.7,3,3,6.3,3.43,0,0,0.0,66.7,2,3,0.0,4,16.7,0,1,,68.0,81.3,69.9,79.4,,,0,0,5,33.3,99.3,25.0,1,0,0,0,0,0,0.0,30,10.0,0,0.0,1,1,-6.0,2.2,0,0,0.0,0.0,0,1,,1,4.2,0,0,,60.4,60.2,64.6,60.0,,,0,0,1,0.0,39.6,0.0,0,0,0,0,0,0,0.0,0,0.0,4.17
2,Tyrod Taylor,6332,QB,NYJ,1,-63.64,0,16,22,90.0,10,11,8.6,3.45,1,1,9.1,63.6,7,11,22.2,16,100.0,2,5,,73.9,88.9,74.5,88.6,,63.6,0,0,16,18.2,106.6,12.5,2,3,0,0,1,0,0.0,56,5.1,90.0,10,11,8.6,3.45,1,1,9.1,63.6,7,11,22.2,16,100.0,2,5,,73.9,88.9,74.5,88.6,,63.6,0,0,16,18.2,106.6,12.5,2,3,0,0,1,0,0.0,56,5.1,,0,0,,,0,0,,,0,0,,0,0.0,0,0,,,,,,,,0,0,0,,0.0,,0,0,0,0,0,0,,0,,0,,0,0,,,0,0,,,0,0,,0,0.0,0,0,,,,,,,,0,0,0,,0.0,,0,0,0,0,0,0,,0,,-5.09
2,Justin Fields,82118,QB,NYJ,1,-30.0,0,15,22,55.6,9,11,8.8,3.34,1,0,0.0,27.3,3,7,40.0,15,100.0,2,2,,15.8,30.7,76.0,28.9,,55.8,0,0,15,28.6,39.6,13.3,2,2,0,1,0,2,13.3,27,2.5,55.6,9,10,8.8,3.2,0,0,0.0,30.0,3,6,40.0,13,86.7,2,2,,22.1,43.5,75.8,28.9,,78.5,0,0,13,33.3,39.6,15.4,2,1,0,1,0,1,7.7,27,2.7,,0,1,,4.25,1,0,0.0,0.0,0,1,,2,13.3,0,0,,13.6,26.1,66.9,60.0,,43.9,0,0,2,0.0,39.6,0.0,0,1,0,0,0,1,50.0,0,0.0,0,,0,0,,,0,0,,,0,0,,0,0.0,0,0,,,,,,,,0,0,0,,0.0,,0,0,0,0,0,0,,0,,-2.7
2,Joe Burrow,28022,QB,CIN,1,-4.55,0,15,7,58.3,12,13,8.3,2.96,1,0,0.0,53.8,7,8,0.0,15,100.0,0,6,,73.9,76.5,74.7,75.0,,,0,0,16,25.0,97.0,13.3,2,0,0,0,1,0,0.0,76,5.8,54.5,11,11,7.3,2.85,0,0,0.0,54.5,6,7,0.0,13,86.7,0,5,,73.2,73.2,74.3,72.0,,,0,0,14,28.6,97.2,15.4,2,0,0,0,1,0,0.0,51,4.6,100.0,1,2,20.0,3.65,1,0,0.0,50.0,1,1,0.0,2,13.3,0,1,,65.5,69.6,68.2,68.7,,,0,0,3,0.0,95.8,0.0,0,0,0,0,0,0,0.0,25,12.5,0,,0,0,,,0,0,0.0,,0,0,,0,0.0,0,0,,60.4,60.0,64.6,60.0,,,0,0,1,,0.0,,0,0,0,0,0,0,0.0,0,,7.86
2,Tyson Bagent,169628,QB,CHI,1,-100.0,0,4,6,66.7,3,3,12.0,3.33,0,0,0.0,66.7,2,0,0.0,4,100.0,0,1,,66.9,59.2,72.6,61.7,,58.3,0,0,4,,95.1,0.0,0,1,0,0,0,0,0.0,27,9.0,100.0,2,2,7.0,2.7,0,0,0.0,100.0,2,0,0.0,2,50.0,0,1,,63.6,73.9,71.9,72.6,,60.0,0,0,2,,118.8,0.0,0,0,0,0,0,0,0.0,27,13.5,0.0,1,1,22.0,3.95,0,0,0.0,0.0,0,0,,2,50.0,0,0,,63.6,44.8,66.9,49.2,,58.3,0,0,2,,39.6,0.0,0,1,0,0,0,0,0.0,0,0.0,0,,0,0,,,0,0,,,0,0,,0,0.0,0,0,,,,,,,,0,0,0,,0.0,,0,0,0,0,0,0,,0,,-13.5
2,Dillon Gabriel,86272,QB,CLV,1,-100.0,0,3,8,100.0,2,2,8.0,2.35,0,0,0.0,100.0,2,0,0.0,2,66.7,0,2,,63.6,90.3,70.6,88.1,,,0,0,2,,133.3,0.0,0,0,0,0,1,0,0.0,13,6.5,100.0,3,3,3.3,2.0,0,0,0.0,100.0,3,0,0.0,3,100.0,0,3,,65.5,89.6,71.1,87.3,,,0,0,3,,132.6,0.0,0,0,0,0,1,0,0.0,19,6.3,,0,0,,,0,0,,,0,0,,0,0.0,0,0,,,,,,,,0,0,0,,0.0,,0,0,0,0,0,0,,0,,0,100.0,1,1,-6.0,1.3,0,0,0.0,100.0,1,0,0.0,1,33.3,0,1,,60.4,60.2,64.6,60.0,,,0,0,1,,91.7,0.0,0,0,0,0,0,0,0.0,6,6.0,-6.33
2,Mason Rudolph,46569,QB,PIT,1,-100.0,0,2,25,100.0,2,2,-1.5,2.2,0,0,0.0,100.0,2,0,0.0,2,100.0,0,1,,63.6,62.6,68.2,62.1,,,0,0,2,,91.7,0.0,0,0,0,0,0,0,0.0,12,6.0,100.0,2,2,-1.5,2.2,0,0,0.0,100.0,2,0,0.0,2,100.0,0,1,,63.6,62.6,68.2,62.1,,,0,0,2,,91.7,0.0,0,0,0,0,0,0,0.0,12,6.0,,0,0,,,0,0,,,0,0,,0,0.0,0,0,,,,,,,,0,0,0,,0.0,,0,0,0,0,0,0,,0,,0,,0,0,,,0,0,,,0,0,,0,0.0,0,0,,,,,,,,0,0,0,,0.0,,0,0,0,0,0,0,,0,,-6.0
2,Mitch Trubisky,11757,QB,BUF,1,-50.0,0,2,4,50.0,2,2,13.5,2.45,0,1,50.0,50.0,1,0,0.0,2,100.0,0,1,,69.1,76.7,72.3,76.3,,60.5,0,0,2,,95.8,0.0,0,0,0,0,0,0,0.0,32,16.0,50.0,2,2,13.5,2.45,0,1,50.0,50.0,1,0,0.0,2,100.0,0,1,,69.1,76.7,72.3,76.3,,60.5,0,0,2,,95.8,0.0,0,0,0,0,0,0,0.0,32,16.0,,0,0,,,0,0,,,0,0,,0,0.0,0,0,,,,,,,,0,0,0,,0.0,,0,0,0,0,0,0,,0,,0,,0,0,,,0,0,,,0,0,,0,0.0,0,0,,,,,,,,0,0,0,,0.0,,0,0,0,0,0,0,,0,,-16.0
2,D'Andre Swift,57212,HB,CHI,1,0.0,0,1,6,,0,0,,4.1,0,0,,,0,1,,1,100.0,0,0,68.3,22.7,51.7,0.0,,59.4,53.0,0,0,1,0.0,0.0,0.0,0,1,0,0,0,0,0.0,0,,,0,0,,,0,0,,,0,0,,0,0.0,0,0,68.3,22.3,47.4,0.0,,59.7,47.8,0,0,0,,0.0,,0,0,0,0,0,0,,0,,,0,0,,4.1,0,0,,,0,1,,1,100.0,0,0,64.7,63.8,70.1,68.6,,62.4,65.6,0,0,1,0.0,0.0,0.0,0,1,0,0,0,0,0.0,0,,0,,0,0,,,0,0,,,0,0,,0,0.0,0,0,64.7,61.2,61.1,67.0,,63.1,,0,0,0,,0.0,,0,0,0,0,0,0,,0,,0.0
week,player,player_id,position,team_name,player_game_count,comp_pct_diff,declined_penalties,dropbacks,franchise_id,no_screen_accuracy_percent,no_screen_aimed_passes,no_screen_attempts,no_screen_avg_depth_of_target,no_screen_avg_time_to_throw,no_screen_bats,no_screen_big_time_throws,no_screen_btt_rate,no_screen_completion_percent,no_screen_completions,no_screen_def_gen_pressures,no_screen_drop_rate,no_screen_dropbacks,no_screen_dropbacks_percent,no_screen_drops,no_screen_first_downs,no_screen_grades_hands_drop,no_screen_grades_hands_fumble,no_screen_grades_offense,no_screen_grades_offense_penalty,no_screen_grades_pass,no_screen_grades_pass_route,no_screen_grades_run,no_screen_hit_as_threw,no_screen_interceptions,no_screen_passing_snaps,no_screen_pressure_to_sack_rate,no_screen_qb_rating,no_screen_sack_percent,no_screen_sacks,no_screen_scrambles,no_screen_spikes,no_screen_thrown_aways,no_screen_touchdowns,no_screen_turnover_worthy_plays,no_screen_twp_rate,no_screen_yards,no_screen_ypa,npa_accuracy_percent,npa_aimed_passes,npa_attempts,npa_avg_depth_of_target,npa_avg_time_to_throw,npa_bats,npa_big_time_throws,npa_btt_rate,npa_completion_percent,npa_completions,npa_def_gen_pressures,npa_drop_rate,npa_dropbacks,npa_dropbacks_percent,npa_drops,npa_first_downs,npa_grades_hands_drop,npa_grades_hands_fumble,npa_grades_offense,npa_grades_offense_penalty,npa_grades_pass,npa_grades_pass_route,npa_grades_run,npa_hit_as_threw,npa_interceptions,npa_passing_snaps,npa_pressure_to_sack_rate,npa_qb_rating,npa_sack_percent,npa_sacks,npa_scrambles,npa_spikes,npa_thrown_aways,npa_touchdowns,npa_turnover_worthy_plays,npa_twp_rate,npa_yards,npa_ypa,pa_accuracy_percent,pa_aimed_passes,pa_attempts,pa_avg_depth_of_target,pa_avg_time_to_throw,pa_bats,pa_big_time_throws,pa_btt_rate,pa_completion_percent,pa_completions,pa_def_gen_pressures,pa_drop_rate,pa_dropbacks,pa_dropbacks_percent,pa_drops,pa_first_downs,pa_grades_hands_drop,pa_grades_hands_fumble,pa_grades_offense,pa_grades_offense_penalty,pa_grades_pass,pa_grades_pass_route,pa_grades_run,pa_hit_as_threw,pa_interceptions,pa_passing_snaps,pa_pressure_to_sack_rate,pa_qb_rating,pa_sack_percent,pa_sacks,pa_scrambles,pa_spikes,pa_thrown_aways,pa_touchdowns,pa_turnover_worthy_plays,pa_twp_rate,pa_yards,pa_ypa,penalties,screen_accuracy_percent,screen_aimed_passes,screen_attempts,screen_avg_depth_of_target,screen_avg_time_to_throw,screen_bats,screen_big_time_throws,screen_btt_rate,screen_completion_percent,screen_completions,screen_def_gen_pressures,screen_drop_rate,screen_dropbacks,screen_dropbacks_percent,screen_drops,screen_first_downs,screen_grades_hands_drop,screen_grades_hands_fumble,screen_grades_offense,screen_grades_offense_penalty,screen_grades_pass,screen_grades_pass_route,screen_grades_run,screen_hit_as_threw,screen_interceptions,screen_passing_snaps,screen_pressure_to_sack_rate,screen_qb_rating,screen_sack_percent,screen_sacks,screen_scrambles,screen_spikes,screen_thrown_aways,screen_touchdowns,screen_turnover_worthy_plays,screen_twp_rate,screen_yards,screen_ypa,ypa_diff
3,Justin Herbert,28237,QB,LAC,1,-6.57,0,53,27,70.0,40,46,8.9,2.86,0,2,3.9,60.9,28,26,0.0,52,98.1,0,17,,81.4,74.1,79.9,72.9,,60.4,2,1,57,19.2,78.2,9.6,5,1,0,4,1,0,0.0,300,6.5,71.0,31,36,7.9,2.76,0,1,2.5,61.1,22,19,0.0,39,73.6,0,14,,79.7,73.3,79.3,72.2,,60.4,2,1,43,10.5,79.3,5.1,2,1,0,3,1,0,0.0,247,6.9,70.0,10,11,10.5,3.11,0,1,8.3,54.5,6,7,14.3,14,26.4,1,3,,73.5,68.7,73.7,67.9,,,0,0,15,42.9,67.6,21.4,3,0,0,1,0,0,0.0,53,4.8,0,100.0,1,1,-3.0,2.3,0,0,0.0,0.0,0,0,100.0,1,1.9,1,0,,60.4,60.2,64.6,60.0,,,0,0,1,,39.6,0.0,0,0,0,0,0,0,0.0,0,0.0,-2.04
3,Drake Maye,143969,QB,NE,1,-21.48,0,47,19,82.4,34,36,6.5,2.87,0,0,0.0,75.0,27,15,3.6,46,97.9,1,17,,28.4,56.1,79.4,52.9,,66.8,1,1,49,33.3,102.0,10.9,5,5,0,1,2,3,6.1,263,7.3,85.2,27,27,7.0,2.66,0,0,0.0,81.5,22,11,4.3,33,70.2,1,11,,25.8,50.8,78.6,52.1,,53.2,0,1,35,36.4,97.7,12.1,4,2,0,0,1,2,5.7,221,8.2,75.0,8,10,3.8,3.34,0,0,0.0,60.0,6,4,0.0,14,29.8,0,6,,73.5,69.2,73.7,59.1,,76.8,1,0,15,25.0,105.0,7.1,1,3,0,1,1,1,6.7,47,4.7,0,100.0,1,1,-4.0,2.5,0,0,0.0,100.0,1,0,0.0,1,2.1,0,0,,60.4,60.2,64.6,60.0,,,0,0,1,,87.5,0.0,0,0,0,0,0,0,0.0,5,5.0,-3.49
3,Tyrod Taylor,6332,QB,NYJ,1,33.33,0,47,22,82.8,29,32,6.4,3.04,2,0,0.0,68.8,22,22,8.3,42,89.4,2,15,,79.9,59.0,78.9,58.5,,59.6,0,1,46,18.2,92.1,9.5,4,6,1,0,2,1,2.2,191,6.0,81.5,27,30,5.7,2.74,2,0,0.0,66.7,20,20,9.1,38,80.9,2,13,,79.4,59.1,78.7,53.8,,74.1,0,1,42,20.0,88.2,10.5,4,4,1,0,2,1,2.4,160,5.3,100.0,6,6,2.7,3.77,0,0,0.0,100.0,6,3,0.0,9,19.1,0,3,,70.9,69.1,71.9,78.1,,52.2,0,0,9,0.0,92.4,0.0,0,3,0,0,0,0,0.0,37,6.2,0,100.0,4,4,-4.3,2.02,0,0,0.0,100.0,4,1,0.0,5,10.6,0,1,,68.0,75.1,69.9,64.2,,65.6,0,0,5,0.0,79.2,0.0,0,1,0,0,0,0,0.0,6,1.5,0.84
3,Cam Ward,133244,QB,TEN,1,-10.15,0,45,31,75.9,29,33,7.0,3.2,1,0,0.0,63.6,21,17,4.5,40,88.9,1,12,,79.6,53.1,78.9,53.4,,56.7,1,1,44,23.5,78.9,10.0,4,3,0,2,1,1,2.3,208,6.3,73.9,23,25,6.5,2.95,1,0,0.0,64.0,16,12,5.9,31,68.9,1,7,,78.3,44.1,78.4,43.6,,59.2,0,1,35,33.3,75.6,12.9,4,2,0,1,1,1,2.9,141,5.6,77.8,9,13,4.9,3.51,0,0,0.0,53.8,7,6,0.0,14,31.1,0,5,,73.5,67.6,73.7,68.8,,58.3,1,0,15,0.0,72.0,0.0,0,1,0,3,0,0,0.0,78,6.0,0,66.7,3,5,-3.0,2.54,0,0,0.0,40.0,2,1,0.0,5,11.1,0,0,,68.9,46.2,70.6,47.2,,,0,0,6,0.0,47.9,0.0,0,0,0,2,0,0,0.0,11,2.2,0.36
3,Trevor Lawrence,77632,QB,JAX,1,-40.0,0,44,15,67.7,31,34,9.7,2.62,1,0,0.0,50.0,17,15,19.0,37,84.1,4,11,,79.1,67.6,79.0,65.2,,65.4,1,1,39,13.3,58.7,5.4,2,1,0,1,0,3,7.7,222,6.5,78.6,28,30,8.5,2.39,1,0,0.0,60.0,18,12,18.2,34,77.3,4,10,,78.7,75.1,78.8,72.4,,65.4,1,1,36,16.7,66.7,5.9,2,1,0,0,0,2,5.6,205,6.8,42.9,7,10,7.3,2.76,1,0,0.0,20.0,2,3,33.3,10,22.7,1,1,,71.4,39.8,72.3,41.3,,,0,0,10,0.0,39.6,0.0,0,0,0,2,0,1,10.0,17,1.7,0,100.0,4,6,-3.0,1.71,1,0,0.0,50.0,3,0,25.0,7,15.9,1,0,,69.6,58.1,71.1,58.1,,,0,0,7,,56.3,0.0,0,0,0,1,0,0,0.0,0,0.0,-5.13
3,Spencer Rattler,97408,QB,NO,1,-21.11,0,43,20,72.7,33,34,10.4,2.76,1,0,0.0,67.6,23,16,4.2,38,88.4,1,12,,79.2,38.4,79.2,40.3,,50.2,0,1,41,12.5,80.1,5.3,2,2,0,0,1,5,12.2,197,5.8,76.7,30,30,7.8,2.62,0,0,0.0,76.7,23,16,0.0,34,79.1,0,12,,78.4,43.0,78.9,45.0,,50.2,0,1,36,12.5,88.6,5.9,2,2,0,0,1,3,8.3,183,6.1,75.0,8,9,11.6,2.54,1,0,0.0,55.6,5,0,16.7,9,20.9,1,1,,71.4,44.9,72.3,46.0,,,0,0,10,,64.6,0.0,0,0,0,0,0,2,20.0,35,3.9,0,100.0,5,5,-3.2,1.4,0,0,0.0,100.0,5,0,0.0,5,11.6,0,1,,68.0,65.3,69.9,64.7,,,0,0,5,,84.2,0.0,0,0,0,0,0,0,0.0,21,4.2,-2.21
3,C.J. Stroud,129759,QB,HST,1,-10.6,0,43,13,69.0,29,32,10.6,2.79,0,0,0.0,62.5,20,13,0.0,37,86.0,0,9,,79.3,63.8,78.6,63.2,,60.4,1,2,40,15.4,63.8,5.4,2,3,1,1,1,1,2.5,194,6.1,72.4,29,31,8.3,2.46,0,0,0.0,67.7,21,12,0.0,35,81.4,0,9,,78.8,68.6,78.4,67.2,,63.1,1,2,37,16.7,68.8,5.7,2,2,1,0,1,1,2.7,196,6.3,66.7,6,7,8.0,3.08,0,0,0.0,57.1,4,2,0.0,8,18.6,0,0,,70.9,46.4,71.9,48.5,,58.3,0,0,9,0.0,62.2,0.0,0,1,0,1,0,0,0.0,8,1.1,0,83.3,6,6,-3.0,1.27,0,0,0.0,83.3,5,1,0.0,6,14.0,0,0,,68.9,58.8,70.6,58.8,,,0,0,6,0.0,79.2,0.0,0,0,0,0,0,0,0.0,10,1.7,-5.18
3,Mac Jones,60323,QB,SF,1,11.36,0,43,28,82.9,35,40,8.0,2.6,2,1,2.4,65.0,26,14,10.3,42,97.7,3,13,,79.8,81.1,78.9,79.3,,60.0,0,1,44,14.3,81.7,4.8,2,0,1,2,1,1,2.3,264,6.6,80.0,30,33,7.6,2.42,1,1,2.9,63.6,21,12,12.5,35,81.4,3,11,,78.8,76.2,78.5,74.7,,60.0,0,1,37,16.7,71.5,5.7,2,0,1,1,0,1,2.7,230,7.0,100.0,6,8,8.2,3.31,1,0,0.0,75.0,6,2,0.0,8,18.6,0,3,,70.3,82.5,71.5,80.5,,,0,0,8,0.0,132.3,0.0,0,0,0,1,1,0,0.0,54,6.8,0,100.0,1,1,-3.0,2.0,0,0,0.0,100.0,1,0,0.0,1,2.3,0,1,,60.4,60.2,64.6,60.0,,,0,0,1,,118.8,0.0,0,0,0,0,0,0,0.0,20,20.0,-0.22
3,Dak Prescott,10769,QB,DAL,1,23.63,0,42,9,83.3,36,38,5.3,2.89,1,2,4.9,76.3,29,16,3.3,40,95.2,1,12,,79.5,78.9,78.8,77.3,,,0,2,43,12.5,78.9,5.0,2,0,0,1,1,1,2.3,241,6.3,79.2,24,26,4.3,2.9,1,0,0.0,69.2,18,14,5.3,28,66.7,1,6,,77.6,69.8,78.0,68.6,,,0,2,31,14.3,45.5,7.1,2,0,0,1,0,1,3.2,111,4.3,92.9,14,14,5.6,2.74,0,2,14.3,92.9,13,3,0.0,14,33.3,0,6,,73.2,86.2,73.5,84.0,,,0,0,14,0.0,132.1,0.0,0,0,0,0,1,0,0.0,140,10.0,0,100.0,2,2,-4.0,2.0,0,0,0.0,100.0,2,1,0.0,2,4.8,0,0,,63.6,62.6,66.9,62.2,,,0,0,2,0.0,87.5,0.0,0,0,0,0,0,0,0.0,10,5.0,5.73
3,Patrick Mahomes,11765,QB,KC,1,23.0,0,42,16,60.7,28,32,12.0,2.83,1,1,2.8,53.1,17,15,0.0,36,85.7,0,11,,22.1,54.2,79.0,52.5,,63.5,0,0,41,13.3,82.6,5.6,2,2,0,3,1,4,9.8,198,6.2,59.1,22,25,10.3,2.61,1,1,3.4,52.0,13,11,0.0,27,64.3,0,8,,27.4,61.9,78.5,59.2,,66.4,0,0,32,9.1,83.4,3.7,1,1,0,2,1,2,6.3,148,5.9,81.8,11,12,8.6,2.73,0,0,0.0,75.0,9,4,0.0,15,35.7,0,5,,21.2,44.5,73.7,46.4,,58.3,0,0,15,25.0,91.0,6.7,1,1,0,1,0,2,13.3,76,6.3,0,100.0,5,5,-2.6,1.58,0,0,0.0,100.0,5,0,0.0,6,14.3,0,2,,68.9,62.8,70.6,62.5,,,0,0,6,,88.3,0.0,0,0,0,0,0,0,0.0,26,5.2,0.41
3,Kyler Murray,38334,QB,ARZ,1,5.13,0,40,1,75.0,28,31,7.0,3.25,2,1,3.1,58.1,18,14,14.3,36,90.0,3,10,,79.0,80.4,78.9,75.2,,75.0,0,0,37,7.1,79.5,2.8,1,4,0,1,1,1,2.7,136,4.4,70.8,24,26,5.8,2.89,2,1,3.7,61.5,16,11,5.9,30,75.0,1,9,,78.1,77.5,78.6,70.3,,78.4,0,0,31,9.1,75.0,3.3,1,3,0,0,0,1,3.2,135,5.2,100.0,8,9,5.8,3.86,0,0,0.0,66.7,6,3,25.0,10,25.0,2,1,,71.4,76.1,72.3,77.6,,58.3,0,0,10,0.0,107.2,0.0,0,1,0,1,1,0,0.0,24,2.7,0,100.0,4,4,-2.8,2.08,0,0,0.0,100.0,4,0,0.0,4,10.0,0,0,,66.9,64.8,69.2,64.3,,,0,0,4,,90.6,0.0,0,0,0,0,0,0,0.0,23,5.8,-2.52
3,Tua Tagovailoa,60326,QB,MIA,1,-2.88,0,38,17,69.0,29,30,6.8,2.98,0,0,0.0,60.0,18,16,10.0,32,84.2,2,11,,26.7,49.6,78.3,52.8,,47.0,0,1,33,0.0,77.4,0.0,0,2,0,1,2,2,6.1,122,4.1,76.0,25,26,5.4,2.77,0,0,0.0,65.4,17,14,10.5,29,76.3,2,11,,25.7,52.4,78.0,56.0,,47.0,0,1,29,0.0,76.0,0.0,0,2,0,1,1,2,6.9,141,5.4,62.5,8,8,6.4,2.63,0,0,0.0,62.5,5,2,0.0,9,23.7,0,1,,71.9,51.8,72.6,52.4,,,0,0,11,0.0,106.3,0.0,0,0,0,0,1,0,0.0,5,0.6,0,100.0,4,4,-2.8,1.42,0,0,0.0,100.0,4,0,0.0,6,15.8,0,1,,69.6,60.9,71.1,60.7,,,0,0,7,,91.7,0.0,0,0,0,0,0,0,0.0,24,6.0,-4.79
3,Joe Flacco,4332,QB,CLV,1,-11.54,0,38,8,64.3,28,33,8.8,2.58,0,1,2.4,54.5,18,18,0.0,35,92.1,0,7,,79.5,61.5,78.9,61.0,,,1,1,43,11.1,51.6,5.7,2,0,1,3,0,0,0.0,132,4.0,66.7,24,26,8.0,2.36,0,1,2.9,61.5,16,13,0.0,28,73.7,0,5,,78.4,62.4,78.5,61.8,,,0,1,36,15.4,55.0,7.1,2,0,1,1,0,0,0.0,110,4.2,71.4,7,10,6.1,3.06,0,0,0.0,50.0,5,5,0.0,10,26.3,0,2,,71.4,60.2,72.3,60.1,,,1,0,10,0.0,57.1,0.0,0,0,0,2,0,0,0.0,32,3.2,0,100.0,3,3,-4.3,2.13,0,0,0.0,100.0,3,0,0.0,3,7.9,0,0,,65.5,63.7,68.2,63.3,,,0,0,3,,80.6,0.0,0,0,0,0,0,0,0.0,10,3.3,-1.03
3,Michael Penix Jr.,82134,QB,ATL,1,26.6,0,38,2,58.6,29,33,8.9,2.94,0,0,0.0,48.5,16,9,5.9,35,92.1,1,9,,78.3,27.5,0.0,28.8,,54.2,3,2,35,0.0,35.5,0.0,0,2,0,1,0,2,5.7,145,4.4,58.3,24,29,9.3,2.87,0,0,0.0,44.8,13,8,7.1,31,81.6,1,7,,77.6,26.8,0.0,28.2,,54.2,3,2,31,0.0,30.5,0.0,0,2,0,2,0,2,6.5,138,4.8,71.4,7,7,4.0,2.69,0,0,0.0,71.4,5,1,0.0,7,18.4,0,3,,69.6,56.6,71.1,56.7,,,0,0,7,0.0,81.8,0.0,0,0,0,0,0,0,0.0,34,4.9,0,100.0,2,3,-3.5,1.67,0,0,0.0,66.7,2,0,0.0,3,7.9,0,1,,65.5,59.8,68.2,59.7,,,0,0,3,,95.1,0.0,0,0,0,1,0,0,0.0,27,9.0,0.1
3,Lamar Jackson,46416,QB,BLT,1,13.82,0,37,3,76.9,26,26,10.8,3.48,0,1,3.4,76.9,20,16,0.0,36,97.3,0,15,,29.4,58.2,78.6,56.7,58.9,62.6,0,0,39,43.8,149.7,19.4,7,3,0,0,3,2,5.1,281,10.8,73.7,19,19,9.3,3.58,0,1,4.5,73.7,14,13,0.0,27,73.0,0,10,,78.4,67.2,77.9,66.2,,62.6,0,0,30,38.5,138.9,18.5,5,3,0,0,2,0,0.0,184,9.7,87.5,8,8,12.6,3.01,0,0,0.0,87.5,7,3,0.0,10,27.0,0,5,,18.9,39.8,72.6,41.2,58.9,,0,0,10,66.7,158.3,20.0,2,0,0,0,1,2,20.0,104,13.0,0,100.0,1,1,-5.0,1.3,0,0,0.0,100.0,1,0,0.0,1,2.7,0,0,,60.4,60.3,64.6,60.1,,,0,0,1,,95.8,0.0,0,0,0,0,0,0,0.0,7,7.0,3.32
3,Russell Wilson,7077,QB,NYG,1,33.33,0,37,21,69.6,23,29,10.4,2.97,1,1,3.0,55.2,16,19,0.0,34,91.9,0,7,,79.2,47.4,78.8,49.7,,50.1,2,2,38,10.5,41.0,5.9,2,3,0,3,0,3,7.9,151,5.2,61.9,21,26,10.7,2.86,1,1,3.3,50.0,13,18,0.0,31,83.8,0,5,,78.7,45.2,78.6,47.4,,50.1,1,2,35,11.1,28.7,6.5,2,3,0,3,0,3,8.6,106,4.1,100.0,5,6,0.8,3.0,0,0,0.0,83.3,5,2,0.0,6,16.2,0,3,,68.9,63.3,70.6,62.9,,,1,0,6,0.0,104.2,0.0,0,0,0,0,0,0,0.0,54,9.0,0,66.7,3,3,-3.7,1.97,0,0,0.0,66.7,2,1,0.0,3,8.1,0,1,,65.5,55.1,68.2,55.5,,,0,0,3,0.0,70.1,0.0,0,0,0,0,0,0,0.0,9,3.0,4.92
3,Jalen Hurts,40291,QB,PHI,1,10.71,0,37,24,72.4,29,31,9.1,2.92,0,1,2.9,64.5,20,16,4.8,36,97.3,1,9,,80.5,72.9,79.0,67.3,,75.0,0,0,39,25.0,118.6,11.1,4,1,0,2,3,1,2.6,227,7.3,73.1,26,28,8.3,2.91,0,0,0.0,64.3,18,14,5.3,32,86.5,1,7,,79.9,74.6,78.6,68.5,,75.0,0,0,33,21.4,118.3,9.4,3,1,0,2,3,1,3.0,181,6.5,75.0,4,4,10.5,2.9,0,1,16.7,75.0,3,2,0.0,5,13.5,0,2,,68.9,60.4,71.1,60.3,,,0,0,7,50.0,111.5,20.0,1,0,0,0,0,0,0.0,45,11.3,0,100.0,1,1,-5.0,2.7,0,0,0.0,100.0,1,0,0.0,1,2.7,0,0,,60.4,60.3,64.6,60.1,,,0,0,1,,79.2,0.0,0,0,0,0,0,0,0.0,-1,-1.0,4.79
3,Baker Mayfield,46518,QB,TB,1,1.45,0,35,30,77.3,22,23,12.4,3.04,0,3,11.5,56.5,13,9,23.5,27,77.1,4,11,,24.4,87.7,78.9,84.8,,69.2,1,0,30,11.1,92.8,3.7,1,3,0,0,1,1,3.3,161,7.0,77.3,22,23,9.1,2.32,0,3,10.7,65.2,15,8,11.8,27,77.1,2,11,,24.9,82.4,79.0,79.6,,65.4,1,0,32,12.5,103.0,3.7,1,1,0,0,1,1,3.1,177,7.7,100.0,6,6,7.7,3.58,0,0,0.0,66.7,4,2,33.3,8,22.9,2,3,,70.3,74.2,71.5,71.8,,64.1,0,0,8,0.0,96.5,0.0,0,2,0,0,0,0,0.0,56,9.3,0,100.0,6,6,-4.3,1.15,0,0,0.0,100.0,6,1,0.0,8,22.9,0,3,,71.4,57.5,72.3,57.5,,,0,0,10,0.0,116.7,0.0,0,0,0,0,0,0,0.0,72,12.0,1.63
3,Matthew Stafford,4924,QB,LA,1,6.54,0,34,26,66.7,30,32,8.5,2.68,0,1,3.0,59.4,19,10,5.0,33,97.1,1,10,,78.1,69.0,78.9,67.8,,,0,1,34,10.0,84.9,3.0,1,0,0,2,2,1,2.9,196,6.1,63.2,19,20,7.0,2.5,0,0,0.0,55.0,11,5,8.3,21,61.8,1,4,,75.6,60.7,78.2,59.5,,,0,1,22,20.0,45.2,4.8,1,0,0,1,0,1,4.5,87,4.4,66.7,12,13,9.8,3.0,0,1,7.7,61.5,8,5,0.0,13,38.2,0,6,,72.8,77.7,73.2,76.2,,,0,0,13,0.0,127.9,0.0,0,0,0,1,2,0,0.0,109,8.4,0,0.0,1,1,-5.0,2.9,0,0,0.0,0.0,0,0,,1,2.9,0,0,,60.4,60.3,64.6,60.1,,,0,0,1,,39.6,0.0,0,0,0,0,0,0,0.0,0,0.0,4.03
3,Geno Smith,7820,QB,LV,1,1.45,0,34,23,75.0,24,28,12.3,3.6,0,2,6.7,64.3,18,20,0.0,33,97.1,0,12,,78.7,84.2,78.9,80.4,,70.6,2,0,35,25.0,134.1,15.2,5,0,0,2,3,0,0.0,287,10.3,75.0,20,23,10.7,3.7,0,2,8.3,65.2,15,16,0.0,27,79.4,0,9,,77.5,80.8,78.5,76.7,,70.6,1,0,28,25.0,134.6,14.8,4,0,0,2,3,0,0.0,213,9.3,80.0,5,6,15.4,2.86,0,0,0.0,66.7,4,4,0.0,7,20.6,0,3,,70.3,78.6,71.5,76.9,,,1,0,8,25.0,109.7,14.3,1,0,0,0,0,0,0.0,76,12.7,0,100.0,1,1,-4.0,1.1,0,0,0.0,100.0,1,0,0.0,1,2.9,0,0,,60.4,60.2,64.6,60.0,,,0,0,1,,79.2,0.0,0,0,0,0,0,0,0.0,2,2.0,3.41
3,Bo Nix,97790,QB,DEN,1,14.04,0,33,10,53.3,15,18,17.0,3.38,1,1,5.0,44.4,8,11,0.0,26,78.8,0,5,,77.8,55.6,77.5,62.2,,45.6,0,0,28,18.2,88.0,7.7,2,5,0,2,1,0,0.0,131,7.3,62.5,16,19,8.6,2.89,1,0,0.0,52.6,10,9,0.0,24,72.7,0,2,,77.6,48.2,77.4,52.6,,47.4,0,0,27,11.1,60.2,4.2,1,3,0,2,0,0,0.0,65,3.4,83.3,6,6,15.2,3.53,0,1,16.7,66.7,4,4,20.0,9,27.3,1,3,,70.9,79.2,71.9,84.4,,54.5,0,0,9,25.0,149.3,11.1,1,2,0,0,1,0,0.0,88,14.7,0,100.0,7,7,-3.9,1.9,0,0,0.0,85.7,6,2,14.3,7,21.2,1,0,,70.3,66.5,71.5,65.9,,,0,0,8,0.0,79.8,0.0,0,0,0,0,0,0,0.0,22,3.1,11.25
3,Josh Allen,46601,QB,BUF,1,-1.17,0,32,4,87.5,24,25,4.9,2.9,0,0,0.0,76.0,19,8,9.5,28,87.5,2,10,,77.6,76.3,78.4,75.5,,61.6,0,0,30,12.5,120.6,3.6,1,2,0,1,2,0,0.0,171,6.8,89.5,19,19,5.2,2.54,0,0,0.0,78.9,15,6,11.8,22,68.8,2,7,,76.4,74.7,78.0,72.6,,64.4,0,0,24,33.3,114.7,9.1,2,1,0,0,1,0,0.0,139,7.3,87.5,8,9,1.0,3.11,0,0,0.0,77.8,7,3,0.0,10,31.3,0,5,,71.4,69.4,72.3,71.1,,58.3,0,0,10,0.0,140.5,0.0,0,1,0,1,2,0,0.0,74,8.2,0,100.0,3,3,-4.0,1.48,0,0,0.0,100.0,3,1,0.0,4,12.5,0,2,,66.9,61.0,69.2,60.8,,,0,0,4,100.0,158.3,25.0,1,0,0,0,1,0,0.0,42,14.0,0.9
3,Jordan Love,40306,QB,GB,1,4.41,0,31,12,73.7,19,19,3.6,2.66,0,1,4.8,68.4,13,13,7.1,25,80.6,1,7,,77.8,59.0,78.9,63.0,,47.4,0,1,28,38.5,84.1,20.0,5,1,0,0,1,1,3.6,134,7.1,70.6,17,17,1.9,2.42,0,1,5.3,70.6,12,9,0.0,21,67.7,0,5,,77.0,51.8,78.6,54.8,,49.1,0,1,24,44.4,69.0,19.0,4,0,0,0,0,1,4.2,133,7.8,87.5,8,8,1.4,2.88,0,0,0.0,75.0,6,5,14.3,10,32.3,1,3,,71.9,73.6,72.6,75.4,,58.3,0,0,11,20.0,130.2,10.0,1,1,0,0,1,0,0.0,50,6.3,0,83.3,6,6,-4.3,2.22,0,0,0.0,83.3,5,1,0.0,6,19.4,0,1,,69.6,59.8,71.1,59.7,,,0,0,7,0.0,100.7,0.0,0,0,0,0,0,0,0.0,49,8.2,-1.57
3,Jared Goff,10635,QB,DET,1,-19.05,0,30,11,73.9,23,25,10.0,2.94,0,2,7.7,68.0,17,12,0.0,26,86.7,0,11,,77.3,76.3,78.9,77.5,,53.9,0,0,27,0.0,103.9,0.0,0,1,0,2,1,0,0.0,191,7.6,84.2,19,21,6.9,2.63,0,1,4.5,76.2,16,7,0.0,21,70.0,0,8,,76.3,79.5,78.6,80.0,,57.1,0,0,22,0.0,111.2,0.0,0,0,0,2,1,0,0.0,150,7.1,57.1,7,7,11.3,2.93,0,1,14.3,57.1,4,6,0.0,9,30.0,0,3,,70.3,48.9,71.9,50.9,,58.3,0,0,9,0.0,80.7,0.0,0,1,0,0,0,0,0.0,52,7.4,0,100.0,3,3,-6.0,1.3,0,0,0.0,100.0,3,1,0.0,4,13.3,0,0,,65.5,39.6,69.2,41.3,,,0,0,4,0.0,81.9,0.0,0,0,0,0,0,0,0.0,11,3.7,0.29
3,Jake Browning,46401,QB,CIN,1,1.43,0,30,7,70.0,20,22,6.7,3.31,0,0,0.0,63.6,14,17,0.0,25,83.3,0,5,,77.5,63.6,77.8,62.0,,62.6,0,2,28,17.6,55.1,12.0,3,0,0,2,1,1,3.6,120,5.5,73.7,19,20,5.7,3.02,0,0,0.0,70.0,14,12,0.0,23,76.7,0,5,,77.1,61.6,77.7,60.0,,62.6,0,2,26,25.0,60.4,13.0,3,0,0,1,1,1,3.8,110,5.5,83.3,6,7,1.8,2.83,0,0,0.0,71.4,5,5,0.0,7,23.3,0,1,,69.6,70.6,71.1,69.6,,,0,0,7,0.0,79.5,0.0,0,0,0,1,0,0,0.0,30,4.3,0,100.0,5,5,-2.8,1.3,0,0,0.0,100.0,5,0,0.0,5,16.7,0,1,,68.0,65.4,69.9,64.8,,,0,0,5,,83.3,0.0,0,0,0,0,0,0,0.0,20,4.0,-1.21
3,Caleb Williams,144622,QB,CHI,1,-21.93,0,29,6,68.2,22,23,12.5,3.33,1,2,8.3,65.2,15,8,0.0,24,82.8,0,10,,77.7,78.5,78.9,74.0,,72.4,0,0,26,0.0,141.7,0.0,0,1,0,0,4,0,0.0,252,11.0,76.5,17,17,7.1,2.98,0,1,5.9,76.5,13,5,0.0,17,58.6,0,7,,75.8,76.8,77.6,73.2,,68.6,0,0,17,0.0,147.4,0.0,0,0,0,0,2,0,0.0,173,10.2,60.0,10,11,12.8,3.28,1,1,8.3,54.5,6,3,0.0,12,41.4,0,4,,73.2,69.4,75.1,65.7,,66.4,0,0,14,0.0,134.5,0.0,0,1,0,0,2,0,0.0,125,11.4,0,80.0,5,5,-5.2,2.02,0,0,0.0,80.0,4,0,0.0,5,17.2,0,1,,68.0,57.7,69.9,57.8,,,0,0,5,,105.0,0.0,0,0,0,0,0,0,0.0,46,9.2,1.18
3,Bryce Young,123943,QB,CAR,1,0.0,0,27,5,75.0,20,20,7.1,3.0,0,0,0.0,65.0,13,7,13.3,23,85.2,2,8,,76.3,63.1,78.3,55.4,,77.5,0,0,25,14.3,78.5,4.3,1,2,0,0,0,0,0.0,107,5.4,80.0,15,15,6.9,2.46,0,0,0.0,66.7,10,5,16.7,17,63.0,2,5,,74.8,71.9,77.9,66.2,,71.7,0,0,19,20.0,80.1,5.9,1,1,0,0,0,0,0.0,81,5.4,77.8,9,9,3.4,3.53,0,0,0.0,66.7,6,3,14.3,10,37.0,1,4,,71.4,48.6,72.3,43.8,,64.4,0,0,10,0.0,76.2,0.0,0,1,0,0,0,0,0.0,40,4.4,0,100.0,4,4,-2.0,2.08,0,0,0.0,75.0,3,1,25.0,4,14.8,1,1,,66.9,64.4,69.2,63.9,,,0,0,4,0.0,79.2,0.0,0,0,0,0,0,0,0.0,14,3.5,-0.96
3,Daniel Jones,39395,QB,IND,1,33.77,0,27,14,81.8,22,23,8.4,3.0,1,1,4.0,69.6,16,7,11.1,25,92.6,2,10,,77.3,84.8,77.8,78.8,,76.1,0,0,27,0.0,111.3,0.0,0,2,0,0,1,0,0.0,203,8.8,76.9,13,14,6.5,2.72,1,0,0.0,57.1,8,5,20.0,15,55.6,2,5,,74.5,85.4,76.8,74.6,,82.4,0,0,15,0.0,100.6,0.0,0,1,0,0,1,0,0.0,91,6.5,90.9,11,11,8.2,3.19,0,1,7.7,90.9,10,2,0.0,12,44.4,0,6,,73.2,72.9,73.5,75.3,,56.8,0,0,14,0.0,118.6,0.0,0,1,0,0,0,0,0.0,137,12.5,0,100.0,2,2,-5.0,2.1,0,0,0.0,100.0,2,0,0.0,2,7.4,0,1,,63.6,62.4,66.9,62.1,,,0,0,2,,118.8,0.0,0,0,0,0,0,0,0.0,25,12.5,5.95
3,Carson Wentz,10636,QB,MIN,1,-13.33,0,26,18,66.7,18,18,10.4,2.74,0,0,0.0,66.7,12,10,0.0,22,84.6,0,9,,75.6,62.7,77.7,64.1,,55.7,0,0,22,30.0,132.6,13.6,3,1,0,0,2,1,4.5,164,9.1,73.3,15,15,8.6,2.44,0,0,0.0,73.3,11,7,0.0,19,73.1,0,8,,74.8,69.3,77.6,71.4,58.4,55.7,0,0,19,28.6,140.3,10.5,2,1,0,0,2,1,5.3,135,9.0,60.0,5,5,10.2,2.83,0,0,0.0,60.0,3,3,0.0,7,26.9,0,1,,69.6,43.8,71.1,46.0,,58.3,0,0,7,33.3,83.8,14.3,1,1,0,0,0,0,0.0,38,7.6,0,100.0,2,2,-3.5,1.5,0,0,0.0,100.0,2,0,0.0,4,15.4,0,0,,66.9,55.9,69.9,59.9,58.4,58.3,0,0,4,,85.4,0.0,0,1,0,0,0,0,0.0,9,4.5,-1.4
3,Aaron Rodgers,2241,QB,PIT,1,-12.22,0,25,25,75.0,16,18,8.2,2.72,0,0,0.0,61.1,11,6,8.3,19,76.0,1,4,,25.0,31.3,0.0,34.0,,55.8,1,1,22,0.0,90.5,0.0,0,1,0,1,2,2,9.1,102,5.7,82.4,17,18,5.2,1.98,0,0,0.0,72.2,13,5,7.1,19,76.0,1,4,,25.0,33.0,0.0,34.6,,60.5,1,1,22,0.0,103.7,0.0,0,0,0,0,2,2,9.1,119,6.6,75.0,4,5,7.0,3.48,0,0,0.0,60.0,3,1,0.0,6,24.0,0,1,,68.9,55.5,70.6,60.6,,56.8,0,0,6,0.0,68.8,0.0,0,1,0,1,0,0,0.0,20,4.0,0,100.0,5,5,-2.8,1.15,0,0,0.0,100.0,5,0,0.0,6,24.0,0,1,,68.9,63.1,70.6,62.7,,,0,0,6,,97.5,0.0,0,0,0,0,0,0,0.0,37,7.4,-2.61
3,Marcus Mariota,9435,QB,WAS,1,11.11,0,23,32,80.0,15,16,12.5,2.42,0,2,11.8,68.8,11,6,8.3,18,78.3,1,8,,25.5,87.9,78.2,91.2,,58.0,0,0,21,16.7,130.5,5.6,1,1,1,0,1,0,0.0,193,12.1,72.7,11,12,7.8,2.24,0,0,0.0,66.7,8,4,0.0,13,56.5,0,4,,24.0,65.5,77.8,67.3,,58.0,0,0,16,0.0,118.4,0.0,0,1,1,0,1,0,0.0,95,7.9,100.0,8,9,9.9,2.33,0,2,22.2,77.8,7,3,12.5,10,43.5,1,4,,71.4,96.5,72.3,95.1,,,0,0,10,33.3,118.5,10.0,1,0,0,1,0,0,0.0,112,12.4,0,100.0,4,5,-5.5,1.76,0,0,0.0,80.0,4,1,0.0,5,21.7,0,0,,68.0,61.9,69.9,61.7,,,0,0,5,0.0,79.2,0.0,0,0,0,1,0,0,0.0,14,2.8,4.52
3,Sam Darnold,29048,QB,SEA,1,12.99,0,18,29,92.3,13,15,14.0,2.99,1,3,20.0,80.0,12,6,0.0,15,83.3,0,9,,73.5,93.6,76.8,92.7,,,0,0,15,0.0,158.3,0.0,0,0,0,1,2,0,0.0,208,13.9,88.9,9,11,9.4,2.29,1,2,18.2,72.7,8,4,0.0,11,61.1,0,4,,71.9,84.5,76.4,83.0,,,0,0,11,0.0,131.6,0.0,0,0,0,1,1,0,0.0,102,9.3,100.0,6,7,14.8,3.37,0,1,14.3,85.7,6,2,0.0,7,38.9,0,6,,69.6,92.3,71.1,91.1,,,0,0,7,0.0,158.3,0.0,0,0,0,1,1,0,0.0,116,16.6,0,100.0,2,3,-4.0,1.33,0,0,0.0,66.7,2,0,0.0,3,16.7,0,1,,65.5,59.9,68.2,59.8,,,0,0,3,,71.5,0.0,0,0,0,1,0,0,0.0,10,3.3,7.3
3,Kirk Cousins,7102,QB,ATL,1,-71.43,0,7,2,100.0,7,7,1.9,2.69,0,0,0.0,71.4,5,2,28.6,7,100.0,2,1,,69.6,72.6,73.7,71.5,,,0,0,7,0.0,78.9,0.0,0,0,0,0,0,0,0.0,29,4.1,100.0,7,7,1.9,2.69,0,0,0.0,71.4,5,2,28.6,7,100.0,2,1,,69.6,72.6,73.7,71.5,,,0,0,7,0.0,78.9,0.0,0,0,0,0,0,0,0.0,29,4.1,,0,0,,,0,0,,,0,0,,0,0.0,0,0,,,,,,,,0,0,0,,0.0,,0,0,0,0,0,0,,0,,0,,0,0,,,0,0,,,0,0,,0,0.0,0,0,,,,,,,,0,0,0,,0.0,,0,0,0,0,0,0,,0,,-4.14
3,Joe Milton III,82151,QB,DAL,1,66.67,0,5,9,60.0,5,5,14.0,3.04,0,0,0.0,60.0,3,2,0.0,5,100.0,0,2,,68.9,67.9,72.3,67.0,,,0,1,6,0.0,46.7,0.0,0,0,0,0,0,0,0.0,41,8.2,33.3,3,3,14.3,2.63,0,0,0.0,33.3,1,1,0.0,3,60.0,0,1,,65.5,50.0,71.1,50.3,,,0,1,3,0.0,2.8,0.0,0,0,0,0,0,0,0.0,6,2.0,100.0,2,2,13.5,3.65,0,0,0.0,100.0,2,1,0.0,2,40.0,0,1,,65.5,83.3,68.2,81.1,,,0,0,3,0.0,118.8,0.0,0,0,0,0,0,0,0.0,35,17.5,0,,0,0,,,0,0,,,0,0,,0,0.0,0,0,,,,,,,,0,0,0,,0.0,,0,0,0,0,0,0,,0,,15.5
3,Max Brosmer,105568,QB,MIN,1,-50.0,0,4,18,100.0,2,2,9.0,2.05,0,0,0.0,50.0,1,0,50.0,2,50.0,1,0,,63.6,73.1,72.6,71.9,,,0,0,2,,62.5,0.0,0,0,0,0,0,0,0.0,9,4.5,100.0,4,4,1.5,1.85,0,0,0.0,50.0,2,0,50.0,4,100.0,2,1,,66.9,72.5,73.2,71.4,,,0,0,4,,74.0,0.0,0,0,0,0,0,0,0.0,29,7.3,,0,0,,,0,0,,,0,0,,0,0.0,0,0,,,,,,,,0,0,0,,0.0,,0,0,0,0,0,0,,0,,0,100.0,2,2,-6.0,1.65,0,0,0.0,50.0,1,0,50.0,2,50.0,1,1,,63.6,62.0,66.9,61.8,,,0,0,2,,85.4,0.0,0,0,0,0,0,0,0.0,20,10.0,-7.25
3,Drew Lock,39517,QB,SEA,1,50.0,0,3,29,50.0,2,2,5.0,2.7,0,0,0.0,50.0,1,1,0.0,2,66.7,0,1,,66.1,43.9,74.3,41.7,,60.0,0,0,2,0.0,66.7,0.0,0,0,0,0,0,1,50.0,11,5.5,50.0,2,2,0.0,2.35,0,0,0.0,50.0,1,0,0.0,2,66.7,0,0,,66.1,43.8,74.3,41.5,,60.0,0,0,2,,56.3,0.0,0,0,0,0,0,1,50.0,4,2.0,100.0,1,1,4.0,3.3,0,0,0.0,100.0,1,1,0.0,1,33.3,0,1,,60.4,60.3,64.6,60.1,,,0,0,1,0.0,112.5,0.0,0,0,0,0,0,0,0.0,11,11.0,0,100.0,1,1,-6.0,2.6,0,0,0.0,100.0,1,0,0.0,1,33.3,0,0,,60.4,60.5,64.6,60.4,,,0,0,1,,83.3,0.0,0,0,0,0,0,0,0.0,4,4.0,9.0
3,Tyler Shough,83537,QB,NO,1,0.0,0,2,20,0.0,2,2,13.0,2.15,0,0,0.0,0.0,0,1,,2,100.0,0,0,,63.6,40.0,68.2,41.6,,,0,0,2,0.0,39.6,0.0,0,0,0,0,0,0,0.0,0,0.0,0.0,1,1,22.0,1.7,0,0,0.0,0.0,0,1,,1,50.0,0,0,,60.4,49.4,66.9,50.4,,,0,0,1,0.0,39.6,0.0,0,0,0,0,0,0,0.0,0,0.0,0.0,1,1,4.0,2.6,0,0,0.0,0.0,0,0,,1,50.0,0,0,,60.4,49.8,64.6,51.0,,,0,0,1,,39.6,0.0,0,0,0,0,0,0,0.0,0,0.0,0,,0,0,,,0,0,,,0,0,,0,0.0,0,0,,,,,,,,0,0,0,,0.0,,0,0,0,0,0,0,,0,,0.0
3,Derrick Henry,10679,HB,BLT,1,0.0,0,1,3,0.0,1,1,14.0,3.2,0,0,0.0,0.0,0,1,,1,100.0,0,0,64.7,22.7,43.4,74.5,48.9,59.4,47.2,0,0,1,0.0,39.6,0.0,0,0,0,0,0,0,0.0,0,0.0,,0,0,,,0,0,,,0,0,,0,0.0,0,0,,21.9,44.9,72.9,,56.5,47.2,0,0,0,,0.0,,0,0,0,0,0,0,,0,,0.0,1,1,14.0,3.2,0,0,0.0,0.0,0,1,,1,100.0,0,0,64.7,63.8,51.7,70.9,48.9,61.4,,0,0,1,0.0,39.6,0.0,0,0,0,0,0,0,0.0,0,0.0,0,,0,0,,,0,0,,,0,0,,0,0.0,0,0,,,60.0,62.5,,59.9,,0,0,0,,0.0,,0,0,0,0,0,0,,0,,0.0
3,Brett Rypien,46487,QB,CIN,1,0.0,0,1,7,,0,0,,4.1,0,0,,,0,1,,1,100.0,0,0,,60.4,59.2,68.2,60.0,,,0,0,1,100.0,0.0,100.0,1,0,0,0,0,0,0.0,0,,,0,0,,4.1,0,0,,,0,1,,1,100.0,0,0,,60.4,59.2,68.2,60.0,,,0,0,1,100.0,0.0,100.0,1,0,0,0,0,0,0.0,0,,,0,0,,,0,0,,,0,0,,0,0.0,0,0,,,,,,,,0,0,0,,0.0,,0,0,0,0,0,0,,0,,0,,0,0,,,0,0,,,0,0,,0,0.0,0,0,,,,,,,,0,0,0,,0.0,,0,0,0,0,0,0,,0,,0.0
3,Jaxson Dart,146409,QB,NYG,1,0.0,0,1,21,,0,0,,4.0,0,0,,,0,1,,1,100.0,0,0,,60.4,56.4,68.2,,,58.3,0,0,1,0.0,0.0,0.0,0,1,0,0,0,0,0.0,0,,,0,0,,,0,0,,,0,0,,0,0.0,0,0,,,60.0,66.9,,,,0,0,0,,0.0,,0,0,0,0,0,0,,0,,,0,0,,4.0,0,0,,,0,1,,1,100.0,0,0,,60.4,56.5,64.6,,,58.3,0,0,1,0.0,0.0,0.0,0,1,0,0,0,0,0.0,0,,0,,0,0,,,0,0,,,0,0,,0,0.0,0,0,,,,,,,,0,0,0,,0.0,,0,0,0,0,0,0,,0,,0.0
week,player,player_id,position,team_name,player_game_count,comp_pct_diff,declined_penalties,dropbacks,franchise_id,no_screen_accuracy_percent,no_screen_aimed_passes,no_screen_attempts,no_screen_avg_depth_of_target,no_screen_avg_time_to_throw,no_screen_bats,no_screen_big_time_throws,no_screen_btt_rate,no_screen_completion_percent,no_screen_completions,no_screen_def_gen_pressures,no_screen_drop_rate,no_screen_dropbacks,no_screen_dropbacks_percent,no_screen_drops,no_screen_first_downs,no_screen_grades_hands_drop,no_screen_grades_hands_fumble,no_screen_grades_offense,no_screen_grades_offense_penalty,no_screen_grades_pass,no_screen_grades_pass_route,no_screen_grades_run,no_screen_hit_as_threw,no_screen_interceptions,no_screen_passing_snaps,no_screen_pressure_to_sack_rate,no_screen_qb_rating,no_screen_sack_percent,no_screen_sacks,no_screen_scrambles,no_screen_spikes,no_screen_thrown_aways,no_screen_touchdowns,no_screen_turnover_worthy_plays,no_screen_twp_rate,no_screen_yards,no_screen_ypa,npa_accuracy_percent,npa_aimed_passes,npa_attempts,npa_avg_depth_of_target,npa_avg_time_to_throw,npa_bats,npa_big_time_throws,npa_btt_rate,npa_completion_percent,npa_completions,npa_def_gen_pressures,npa_drop_rate,npa_dropbacks,npa_dropbacks_percent,npa_drops,npa_first_downs,npa_grades_hands_drop,npa_grades_hands_fumble,npa_grades_offense,npa_grades_offense_penalty,npa_grades_pass,npa_grades_pass_route,npa_grades_run,npa_hit_as_threw,npa_interceptions,npa_passing_snaps,npa_pressure_to_sack_rate,npa_qb_rating,npa_sack_percent,npa_sacks,npa_scrambles,npa_spikes,npa_thrown_aways,npa_touchdowns,npa_turnover_worthy_plays,npa_twp_rate,npa_yards,npa_ypa,pa_accuracy_percent,pa_aimed_passes,pa_attempts,pa_avg_depth_of_target,pa_avg_time_to_throw,pa_bats,pa_big_time_throws,pa_btt_rate,pa_completion_percent,pa_completions,pa_def_gen_pressures,pa_drop_rate,pa_dropbacks,pa_dropbacks_percent,pa_drops,pa_first_downs,pa_grades_hands_drop,pa_grades_hands_fumble,pa_grades_offense,pa_grades_offense_penalty,pa_grades_pass,pa_grades_pass_route,pa_grades_run,pa_hit_as_threw,pa_interceptions,pa_passing_snaps,pa_pressure_to_sack_rate,pa_qb_rating,pa_sack_percent,pa_sacks,pa_scrambles,pa_spikes,pa_thrown_aways,pa_touchdowns,pa_turnover_worthy_plays,pa_twp_rate,pa_yards,pa_ypa,penalties,screen_accuracy_percent,screen_aimed_passes,screen_attempts,screen_avg_depth_of_target,screen_avg_time_to_throw,screen_bats,screen_big_time_throws,screen_btt_rate,screen_completion_percent,screen_completions,screen_def_gen_pressures,screen_drop_rate,screen_dropbacks,screen_dropbacks_percent,screen_drops,screen_first_downs,screen_grades_hands_drop,screen_grades_hands_fumble,screen_grades_offense,screen_grades_offense_penalty,screen_grades_pass,screen_grades_pass_route,screen_grades_run,screen_hit_as_threw,screen_interceptions,screen_passing_snaps,screen_pressure_to_sack_rate,screen_qb_rating,screen_sack_percent,screen_sacks,screen_scrambles,screen_spikes,screen_thrown_aways,screen_touchdowns,screen_turnover_worthy_plays,screen_twp_rate,screen_yards,screen_ypa,ypa_diff
4,Carson Wentz,10636,QB,MIN,1,-18.42,0,54,18,77.8,36,41,9.6,2.75,1,0,0.0,63.4,26,19,7.1,49,90.7,2,16,,32.0,55.6,0.0,56.2,,62.9,1,2,52,31.6,85.4,12.2,6,2,1,2,2,3,5.8,340,8.3,79.4,34,38,9.3,2.63,0,0,0.0,68.4,26,15,3.7,43,79.6,1,14,,79.9,64.9,0.0,64.5,,63.9,1,2,46,26.7,81.5,9.3,4,1,1,2,1,2,4.3,324,8.5,83.3,6,8,2.3,2.78,1,0,0.0,50.0,4,6,20.0,11,20.4,1,2,,19.8,33.4,72.9,35.4,,58.3,0,0,12,33.3,96.9,18.2,2,1,0,1,1,1,8.3,26,3.3,0,100.0,4,5,-3.8,1.82,0,0,0.0,80.0,4,2,0.0,5,9.3,0,0,,68.9,63.1,70.6,62.8,,,0,0,6,0.0,79.2,0.0,0,0,0,1,0,0,0.0,10,2.0,-5.28
4,Kyler Murray,38334,QB,ARZ,1,16.11,0,52,1,71.0,31,33,8.1,2.82,1,0,0.0,63.6,21,17,4.5,43,82.7,1,12,,80.1,52.7,78.6,54.9,,51.6,0,2,46,35.3,70.3,14.0,6,4,0,1,2,1,2.2,160,4.8,73.5,34,36,6.8,2.44,1,0,0.0,63.9,23,12,8.0,43,82.7,2,13,,80.1,54.4,78.6,56.7,,51.6,0,2,46,25.0,71.4,7.0,3,4,0,1,2,1,2.2,179,5.0,100.0,4,5,0.0,3.11,1,0,0.0,80.0,4,5,0.0,9,17.3,0,1,,70.9,49.1,71.9,49.7,,,0,0,9,60.0,84.2,33.3,3,0,0,0,0,0,0.0,21,4.2,0,100.0,7,8,-2.9,1.33,1,0,0.0,75.0,6,0,14.3,9,17.3,1,2,,70.9,56.5,71.9,56.6,,,0,0,9,,85.4,0.0,0,0,0,0,0,0,0.0,40,5.0,-0.77
4,Jordan Love,40306,QB,GB,1,3.57,0,47,12,87.5,24,30,10.0,3.09,0,2,6.1,63.3,19,17,9.5,33,70.2,2,13,,78.7,79.9,79.4,78.8,,61.5,0,0,37,5.9,120.3,3.0,1,2,0,6,3,1,2.7,231,7.7,89.7,29,35,6.9,2.54,0,2,5.4,71.4,25,16,3.8,38,80.9,1,13,,79.3,76.6,79.6,74.4,,63.8,0,0,41,6.3,122.7,2.6,1,1,0,6,3,1,2.4,273,7.8,100.0,7,8,2.1,3.5,0,0,0.0,75.0,6,3,14.3,9,19.1,1,4,,71.4,73.5,72.3,75.5,,58.3,0,0,10,0.0,97.9,0.0,0,1,0,1,0,0,0.0,64,8.0,0,100.0,12,13,-2.3,1.86,0,0,0.0,92.3,12,2,0.0,14,29.8,0,4,,73.2,64.9,73.5,64.4,,,0,0,14,0.0,100.6,0.0,0,0,0,1,0,0,0.0,106,8.2,0.2
4,Matthew Stafford,4924,QB,LA,1,-12.22,0,45,26,77.1,35,37,9.1,2.73,0,4,9.8,70.3,26,20,3.7,41,91.1,1,14,,80.3,82.9,79.3,82.9,,55.0,1,0,45,15.0,127.4,7.3,3,1,1,0,3,2,4.4,353,9.5,74.3,35,36,8.3,2.55,0,3,7.9,72.2,26,17,0.0,39,86.7,0,13,,79.8,83.5,79.0,83.7,,55.0,0,0,41,11.8,130.3,5.1,2,1,1,0,3,2,4.9,348,9.7,100.0,4,5,5.5,3.0,0,1,14.3,60.0,3,3,25.0,6,13.3,1,2,,70.3,65.6,71.5,65.1,,,1,0,8,33.3,74.6,16.7,1,0,0,0,0,0,0.0,27,5.4,0,75.0,4,4,-1.5,1.33,0,0,0.0,75.0,3,0,0.0,4,8.9,0,1,,66.9,64.3,69.2,63.8,,,0,0,4,,87.5,0.0,0,0,0,0,0,0,0.0,22,5.5,-4.27
4,Bo Nix,97790,QB,DEN,1,-7.33,0,45,10,78.8,33,35,8.2,2.98,1,2,5.7,62.9,22,10,15.4,37,82.2,4,15,,79.4,79.6,79.4,79.1,,61.3,0,1,37,0.0,94.5,0.0,0,2,0,1,2,1,2.7,276,7.9,83.3,30,31,6.2,2.59,0,2,6.5,71.0,22,8,12.0,34,75.6,3,13,,79.0,81.4,79.2,81.1,,61.3,0,0,34,0.0,114.7,0.0,0,2,0,1,2,0,0.0,238,7.7,80.0,10,11,6.2,3.07,1,0,0.0,63.6,7,2,12.5,11,24.4,1,5,,71.9,63.0,72.6,62.7,,,0,1,11,0.0,50.6,0.0,0,0,0,0,0,1,9.1,88,8.0,0,100.0,7,7,-2.9,1.43,0,0,0.0,100.0,7,0,0.0,8,17.8,0,3,,70.3,64.3,71.5,63.9,,,0,0,8,,96.4,0.0,0,0,0,0,0,0,0.0,50,7.1,0.32
4,Justin Herbert,28237,QB,LAC,1,-15.97,0,44,27,68.6,35,38,7.5,2.58,0,1,2.4,52.6,20,20,16.7,41,93.2,4,8,,79.9,64.6,78.8,60.4,,74.6,0,2,45,10.0,53.8,4.9,2,1,0,3,1,1,2.2,192,5.1,72.7,33,34,7.4,2.32,0,1,2.6,58.8,20,15,16.7,36,81.8,4,7,,79.3,68.8,78.5,64.3,,74.6,0,2,40,6.7,58.9,2.8,1,1,0,1,1,1,2.5,184,5.4,60.0,5,7,0.6,3.53,0,0,0.0,42.9,3,5,0.0,8,18.2,0,2,,70.3,47.1,71.5,47.9,,,0,0,8,20.0,50.3,12.5,1,0,0,2,0,0,0.0,19,2.7,0,100.0,3,3,-5.0,1.93,0,0,0.0,100.0,3,0,0.0,3,6.8,0,1,,65.5,63.8,68.2,63.4,,,0,0,3,,81.9,0.0,0,0,0,0,0,0,0.0,11,3.7,-2.7
4,Baker Mayfield,46518,QB,TB,1,-40.0,0,44,30,58.3,36,38,9.6,2.81,1,3,7.3,52.6,20,19,4.8,42,95.5,1,7,,29.2,60.0,79.3,58.8,,62.9,0,1,45,10.5,82.1,4.8,2,2,1,0,2,2,4.4,270,7.1,66.7,33,35,7.1,2.62,1,2,5.3,60.0,21,18,4.5,38,86.4,1,7,,28.4,68.3,79.1,66.1,,63.9,0,1,41,11.1,74.9,5.3,2,1,1,0,1,1,2.4,212,6.1,20.0,5,5,19.6,3.58,0,1,20.0,20.0,1,1,0.0,6,13.6,0,1,,68.9,36.8,70.6,39.2,,58.3,0,0,6,0.0,118.8,0.0,0,1,0,0,1,1,16.7,77,15.4,0,100.0,2,2,-7.0,1.5,0,0,0.0,100.0,2,0,0.0,2,4.5,0,1,,63.6,62.4,66.9,62.1,,,0,0,2,,106.3,0.0,0,0,0,0,0,0,0.0,19,9.5,9.34
4,Patrick Mahomes,11765,QB,KC,1,11.0,0,42,16,78.6,28,32,8.9,2.93,1,2,6.1,65.6,21,8,4.5,36,85.7,1,15,,78.8,71.6,0.0,75.7,,52.8,0,0,37,12.5,128.4,2.8,1,3,0,3,4,0,0.0,246,7.7,81.8,22,25,8.9,2.6,1,2,8.0,64.0,16,6,11.1,28,66.7,2,9,,77.3,73.6,0.0,77.5,,55.0,0,0,28,0.0,111.4,0.0,0,2,0,2,2,0,0.0,176,7.0,81.8,11,12,3.5,2.88,0,0,0.0,75.0,9,2,0.0,14,33.3,0,6,,73.9,62.4,73.9,63.8,,58.3,0,0,16,50.0,136.8,7.1,1,1,0,1,2,0,0.0,94,7.8,0,100.0,5,5,-3.2,1.3,0,0,0.0,80.0,4,0,20.0,6,14.3,1,0,,69.6,63.6,71.1,63.2,,,0,0,7,,86.7,0.0,0,0,0,0,0,0,0.0,24,4.8,0.79
4,Brock Purdy,77672,QB,SF,1,2.86,0,41,28,74.2,31,35,9.0,2.97,0,0,0.0,57.1,20,16,13.0,37,90.2,3,16,,28.5,61.6,78.8,59.5,,65.5,2,2,40,6.3,59.2,2.7,1,1,0,2,0,1,2.5,280,8.0,75.0,24,28,8.4,2.68,0,0,0.0,57.1,16,13,11.1,29,70.7,2,11,,77.6,67.3,78.2,67.6,,58.2,2,0,30,0.0,95.4,0.0,0,0,0,2,1,0,0.0,227,8.1,80.0,10,10,6.4,3.18,0,0,0.0,60.0,6,3,25.0,12,29.3,2,7,,20.7,50.2,73.5,44.8,,65.9,0,2,14,33.3,80.0,8.3,1,1,0,0,1,1,7.1,82,8.2,0,100.0,3,3,-4.0,1.45,0,0,0.0,66.7,2,0,33.3,4,9.8,1,2,,66.9,61.1,69.2,60.9,,,0,0,4,,137.5,0.0,0,0,0,0,2,0,0.0,29,9.7,0.09
4,Caleb Williams,144622,QB,CHI,1,-8.65,0,41,6,69.0,29,32,9.3,3.65,2,2,5.9,56.3,18,13,10.0,36,87.8,2,11,,28.9,61.7,78.9,69.5,,38.0,0,1,38,7.7,73.4,2.8,1,3,0,1,1,2,5.3,208,6.5,80.0,20,24,7.3,2.93,3,1,3.8,62.5,15,8,6.3,28,68.3,1,8,,27.3,59.4,78.5,69.1,,38.0,0,1,30,12.5,76.4,3.6,1,3,0,1,1,1,3.3,148,6.2,61.5,13,13,8.2,4.24,0,1,7.1,53.8,7,5,12.5,13,31.7,1,3,,73.2,66.3,73.5,65.7,,,0,0,14,0.0,67.5,0.0,0,0,0,0,0,1,7.1,64,4.9,0,100.0,4,5,-4.5,1.14,1,0,0.0,80.0,4,0,0.0,5,12.2,0,0,,68.9,62.9,70.6,62.5,,,0,0,6,,79.2,0.0,0,0,0,0,0,0,0.0,4,0.8,-1.25
4,Dak Prescott,10769,QB,DAL,1,3.33,0,41,9,79.4,34,35,10.5,2.78,0,1,2.8,74.3,26,15,3.7,36,87.8,1,16,,78.8,84.7,79.1,82.7,,61.4,0,0,37,6.7,126.0,2.8,1,0,0,1,3,1,2.7,281,8.0,82.8,29,30,9.8,2.61,0,1,3.2,76.7,23,11,4.2,31,75.6,1,13,,78.0,90.2,78.8,88.4,,61.4,0,0,32,9.1,136.5,3.2,1,0,0,1,3,1,3.1,268,8.9,80.0,10,10,5.2,2.91,0,0,0.0,80.0,8,4,0.0,10,24.4,0,4,,71.4,56.9,72.3,57.0,,,0,0,10,0.0,87.9,0.0,0,0,0,0,0,0,0.0,51,5.1,0,100.0,5,5,-4.4,2.0,0,0,0.0,100.0,5,0,0.0,5,12.2,0,1,,68.0,65.6,69.9,65.0,,,0,0,5,,98.3,0.0,0,0,0,0,0,0,0.0,38,7.6,-3.83
4,Joe Flacco,4332,QB,CLV,1,11.56,0,37,8,60.7,28,31,12.0,2.86,1,4,12.5,41.9,13,17,23.5,34,91.9,4,7,,21.3,62.0,0.0,64.9,,54.6,0,2,36,17.6,31.9,8.8,3,0,0,2,0,3,8.3,162,5.2,60.9,23,25,7.1,2.68,0,1,4.0,44.0,11,11,21.4,26,70.3,3,4,,26.3,48.4,0.0,52.1,,54.6,0,2,27,9.1,19.4,3.8,1,0,0,2,0,2,7.4,84,3.4,75.0,8,9,20.5,3.06,1,3,30.0,55.6,5,6,16.7,11,29.7,1,4,,20.0,86.1,72.9,83.8,,,0,0,12,33.3,94.7,18.2,2,0,0,0,0,1,8.3,100,11.1,0,100.0,3,3,-3.0,2.03,0,0,0.0,100.0,3,0,0.0,3,8.1,0,1,,65.5,63.8,68.2,63.4,,,0,0,3,,97.2,0.0,0,0,0,0,0,0,0.0,22,7.3,7.75
4,Justin Fields,82118,QB,NYJ,1,29.17,0,35,22,77.8,27,27,7.7,3.59,0,1,3.2,74.1,20,19,4.8,34,97.1,1,15,,28.6,63.8,79.0,50.7,,84.6,0,0,39,5.3,111.0,2.9,1,6,0,0,1,2,5.1,226,8.4,75.0,24,24,6.9,3.43,0,1,3.7,70.8,17,16,5.6,29,82.9,1,10,,27.3,47.1,78.7,43.6,,61.7,0,0,33,6.3,104.5,3.4,1,4,0,0,1,2,6.1,170,7.1,100.0,3,3,14.3,4.68,0,0,0.0,100.0,3,4,0.0,6,17.1,0,5,,69.6,95.4,71.1,74.6,,92.0,0,0,7,25.0,118.8,16.7,1,2,0,0,0,0,0.0,56,18.7,0,,0,0,,5.5,0,0,,,0,1,,1,2.9,0,0,,60.4,60.0,64.6,60.0,,,0,0,1,100.0,0.0,100.0,1,0,0,0,0,0,0.0,0,,11.59
4,Daniel Jones,39395,QB,IND,1,13.64,0,35,14,75.9,29,30,11.2,2.75,0,0,0.0,70.0,21,16,4.5,32,91.4,1,11,,78.5,59.9,78.6,59.4,,60.0,0,2,36,12.5,80.7,6.3,2,0,0,1,1,3,8.3,266,8.9,76.2,21,22,10.2,2.58,0,0,0.0,68.2,15,11,6.3,23,65.7,1,6,,76.6,47.1,77.9,46.8,,60.0,0,1,26,9.1,73.7,4.3,1,0,0,1,0,2,7.7,178,8.1,81.8,11,11,9.0,2.83,0,0,0.0,81.8,9,5,0.0,12,34.3,0,5,,73.2,80.5,73.5,78.7,,,0,1,14,20.0,90.9,8.3,1,0,0,0,1,1,7.1,84,7.6,0,100.0,3,3,-3.7,1.77,0,0,0.0,100.0,3,0,0.0,3,8.6,0,0,,66.9,61.0,69.2,60.8,,,0,0,4,,79.2,0.0,0,0,0,0,0,0,0.0,-4,-1.3,-0.45
4,Spencer Rattler,97408,QB,NO,1,-5.92,0,34,20,78.3,23,27,6.3,2.68,0,0,0.0,66.7,18,14,0.0,33,97.1,0,10,,27.9,70.1,79.0,57.5,60.0,87.7,1,0,33,21.4,89.4,9.1,3,3,0,3,1,1,3.0,126,4.7,81.3,16,19,5.4,2.43,0,0,0.0,68.4,13,11,0.0,24,70.6,0,4,,25.9,59.3,78.4,48.9,,77.6,0,0,24,27.3,75.5,12.5,3,1,0,3,0,1,4.2,75,3.9,71.4,7,8,8.4,3.04,0,0,0.0,62.5,5,3,0.0,10,29.4,0,6,,71.4,83.0,72.6,71.8,60.0,78.3,1,0,10,0.0,120.3,0.0,0,2,0,0,1,0,0.0,51,6.4,0,,0,0,,0.0,0,0,,,0,0,,1,2.9,0,0,,60.4,60.0,64.6,60.0,,,0,0,1,,0.0,0.0,0,0,0,0,0,0,0.0,0,,2.43
4,Trevor Lawrence,77632,QB,JAX,1,-1.33,0,33,15,70.4,27,29,7.6,2.51,1,0,0.0,65.5,19,5,0.0,30,90.9,0,8,,79.3,60.9,0.0,62.7,,58.5,0,0,33,0.0,92.3,0.0,0,1,1,0,1,1,3.0,168,5.8,73.9,23,25,7.1,2.24,1,0,0.0,68.0,17,5,0.0,25,75.8,0,5,,78.5,59.4,0.0,60.5,,60.8,0,0,28,0.0,82.8,0.0,0,0,1,0,0,1,3.6,144,5.8,66.7,6,6,5.7,2.81,0,0,0.0,66.7,4,0,0.0,8,24.2,0,3,,70.3,64.0,71.5,65.9,,58.3,0,0,8,,118.1,0.0,0,1,0,0,1,0,0.0,30,5.0,0,100.0,2,2,-3.5,1.1,0,0,0.0,100.0,2,0,0.0,3,9.1,0,0,,65.5,59.9,68.2,59.8,,,0,0,3,,79.2,0.0,0,0,0,0,0,0,0.0,6,3.0,-0.76
4,Bryce Young,123943,QB,CAR,1,30.0,0,32,5,72.7,22,28,6.3,2.86,1,1,3.3,57.1,16,11,0.0,30,93.8,0,8,,77.7,52.6,78.4,50.6,,62.6,1,0,32,9.1,83.0,3.3,1,1,0,4,1,1,3.1,144,5.1,66.7,15,20,7.7,2.8,1,1,4.5,50.0,10,8,0.0,21,65.6,0,4,,75.9,43.0,77.7,42.6,,,0,0,23,12.5,77.9,4.8,1,0,0,4,1,1,4.3,84,4.2,88.9,9,10,1.8,2.81,0,0,0.0,80.0,8,3,0.0,11,34.4,0,4,,72.4,74.4,72.9,71.4,,62.6,1,0,12,0.0,94.2,0.0,0,1,0,0,0,0,0.0,66,6.6,0,100.0,2,2,-4.0,1.95,0,0,0.0,100.0,2,0,0.0,2,6.3,0,0,,65.5,63.8,68.2,63.4,,,0,0,3,,79.2,0.0,0,0,0,0,0,0,0.0,6,3.0,2.4
4,Jalen Hurts,40291,QB,PHI,1,-3.16,0,32,24,66.7,18,20,9.2,3.08,2,1,5.0,55.0,11,15,8.3,28,87.5,1,11,,32.9,57.1,78.2,63.6,,48.0,0,0,28,13.3,73.5,7.1,2,5,0,0,0,1,3.6,123,6.2,70.6,17,19,7.1,2.75,2,1,5.3,63.2,12,12,0.0,26,81.3,0,10,,30.6,56.8,78.0,66.3,,43.2,0,0,26,16.7,97.5,7.7,2,4,0,0,1,1,3.8,115,6.1,80.0,5,5,8.0,3.23,0,0,0.0,60.0,3,4,25.0,6,18.8,1,3,,68.9,63.6,70.6,57.1,,64.0,0,0,6,0.0,104.2,0.0,0,1,0,0,1,0,0.0,15,3.0,0,100.0,4,4,-1.5,1.15,0,0,0.0,100.0,4,1,0.0,4,12.5,0,2,,66.9,64.5,69.2,64.0,,,0,0,4,0.0,118.8,0.0,0,0,0,0,2,0,0.0,7,1.8,-3.05
4,C.J. Stroud,129759,QB,HST,1,6.06,0,32,13,80.8,26,27,6.8,2.58,0,2,7.1,77.8,21,12,0.0,31,96.9,0,9,,78.4,72.7,79.2,71.7,,61.9,1,0,33,16.7,124.2,6.5,2,2,0,0,2,0,0.0,213,7.9,81.0,21,22,7.9,2.47,0,2,8.3,77.3,17,9,0.0,24,75.0,0,8,,77.3,72.0,78.8,69.7,,64.7,1,0,27,11.1,117.8,4.2,1,1,0,0,1,0,0.0,191,8.7,83.3,6,6,1.2,2.81,0,0,0.0,83.3,5,3,0.0,8,25.0,0,2,,70.3,67.3,71.5,69.8,,58.3,0,0,8,33.3,135.4,12.5,1,1,0,0,1,0,0.0,42,7.0,0,100.0,1,1,-5.0,1.7,0,0,0.0,100.0,1,0,0.0,1,3.1,0,1,,63.6,62.4,66.9,62.0,,,0,0,2,,118.8,0.0,0,0,0,0,0,0,0.0,20,20.0,-1.68
4,Cam Ward,133244,QB,TEN,1,13.64,0,31,31,42.1,19,24,9.8,3.16,2,1,3.7,33.3,8,16,0.0,29,93.5,0,6,,77.7,39.9,77.7,38.8,,62.5,0,1,32,12.5,30.0,6.9,2,2,1,2,0,1,3.1,101,4.2,44.4,18,22,7.7,2.97,2,0,0.0,36.4,8,12,0.0,25,80.6,0,5,,77.0,47.7,77.4,46.3,,62.5,0,1,28,8.3,27.8,4.0,1,2,1,1,0,0,0.0,76,3.5,66.7,3,4,12.7,3.65,0,1,20.0,50.0,2,4,0.0,6,19.4,0,1,,69.6,35.9,71.1,37.7,,,0,0,7,25.0,77.1,16.7,1,0,0,1,0,1,14.3,32,8.0,0,100.0,2,2,-5.0,2.3,0,0,0.0,100.0,2,0,0.0,2,6.5,0,0,,65.5,63.8,68.2,63.4,,,0,0,3,,81.3,0.0,0,0,0,0,0,0,0.0,7,3.5,4.55
4,Marcus Mariota,9435,QB,WAS,1,-2.86,0,31,32,68.2,22,25,12.8,2.87,0,3,9.7,60.0,15,9,0.0,28,90.3,0,9,,78.3,91.6,78.3,90.9,,63.3,1,1,34,22.2,87.1,7.1,2,1,1,1,2,1,2.9,150,6.0,66.7,18,20,12.1,2.67,0,3,12.0,60.0,12,7,0.0,23,74.2,0,7,,77.3,88.7,77.9,86.9,,63.3,1,1,28,28.6,89.2,8.7,2,1,1,0,2,1,3.6,118,5.9,80.0,5,7,11.4,2.91,0,0,0.0,57.1,4,3,0.0,8,25.8,0,2,,70.9,79.9,71.9,78.2,,,0,0,9,0.0,72.3,0.0,0,0,0,2,0,0,0.0,38,5.4,0,100.0,1,2,-6.0,1.47,0,0,0.0,50.0,1,1,0.0,3,9.7,0,0,,65.5,47.6,68.2,48.8,,,0,0,3,0.0,56.3,0.0,0,0,0,1,0,0,0.0,6,3.0,-0.47
4,Sam Darnold,29048,QB,SEA,1,-55.64,0,31,29,76.2,21,23,11.7,2.81,0,1,4.2,65.2,15,10,6.3,27,87.1,1,11,,29.5,74.2,78.8,70.3,,65.6,0,0,29,30.0,109.7,11.1,3,1,0,2,1,0,0.0,214,9.3,88.9,18,19,9.3,2.19,0,1,5.3,84.2,16,5,0.0,21,67.7,0,9,,75.6,87.5,78.4,85.9,,,0,0,22,20.0,132.5,4.8,1,0,0,1,1,0,0.0,220,11.6,50.0,6,7,11.3,3.41,0,0,0.0,28.6,2,5,33.3,10,32.3,1,3,,22.9,42.6,72.6,36.6,,65.6,0,0,11,40.0,40.2,20.0,2,1,0,1,0,0,0.0,22,3.1,0,100.0,3,3,-3.3,1.0,0,0,0.0,100.0,3,0,0.0,4,12.9,0,1,,66.9,60.7,69.2,60.6,,,0,0,4,,105.6,0.0,0,0,0,0,0,0,0.0,28,9.3,-8.44
4,Jake Browning,46401,QB,CIN,1,-7.14,0,29,7,62.5,16,20,11.3,2.96,1,1,4.2,45.0,9,10,10.0,24,82.8,1,3,,77.5,56.3,77.7,58.6,,51.6,0,0,28,30.0,59.6,12.5,3,1,0,3,0,0,0.0,96,4.8,76.5,17,21,6.4,2.73,1,1,4.3,57.1,12,10,7.7,25,86.2,1,2,,77.3,59.8,77.7,62.3,,51.6,0,0,27,30.0,70.1,12.0,3,1,0,3,0,0,0.0,103,4.9,50.0,4,4,15.8,2.85,0,0,0.0,50.0,2,0,0.0,4,13.8,0,1,,68.9,54.3,70.6,54.7,,,0,0,6,,66.7,0.0,0,0,0,0,0,0,0.0,22,5.5,0,100.0,5,5,-1.6,1.72,0,0,0.0,100.0,5,0,0.0,5,17.2,0,0,,68.0,65.1,69.9,64.6,,,0,0,5,,90.8,0.0,0,0,0,0,0,0,0.0,29,5.8,0.6
4,Jaxson Dart,146409,QB,NYG,1,-60.0,0,28,21,66.7,15,16,10.1,3.22,0,0,0.0,56.3,9,10,10.0,24,85.7,1,7,,28.3,47.4,0.0,42.8,,63.2,0,0,28,50.0,73.7,20.8,5,3,0,1,0,0,0.0,95,5.9,85.7,14,15,6.6,2.95,0,0,0.0,80.0,12,5,0.0,21,75.0,0,7,,27.2,56.9,0.0,62.4,,54.0,0,0,23,60.0,118.1,14.3,3,3,0,1,1,0,0.0,105,7.0,40.0,5,5,8.6,3.09,0,0,0.0,20.0,1,5,50.0,7,25.0,1,0,,70.9,36.8,71.9,28.1,,71.4,0,0,9,40.0,39.6,28.6,2,0,0,0,0,0,0.0,6,1.2,0,100.0,4,4,-3.8,1.55,0,0,0.0,100.0,4,0,0.0,4,14.3,0,0,,66.9,64.8,69.2,64.3,,,0,0,4,,122.9,0.0,0,0,0,0,1,0,0.0,16,4.0,-5.8
4,Josh Allen,46601,QB,BUF,1,23.21,0,28,4,72.2,18,19,12.4,3.13,0,0,0.0,68.4,13,8,0.0,25,89.3,0,10,,77.5,65.4,78.5,57.1,,76.3,1,1,25,37.5,88.9,12.0,3,3,0,0,1,1,4.0,156,8.2,64.3,14,14,12.1,2.74,0,0,0.0,64.3,9,7,0.0,18,64.3,0,6,,76.0,59.3,78.0,49.5,,77.8,0,1,18,42.9,104.5,16.7,3,1,0,0,2,1,5.6,131,9.4,100.0,7,8,6.1,3.34,0,0,0.0,87.5,7,1,0.0,10,35.7,0,6,,71.9,74.4,72.6,73.7,,61.8,1,0,11,0.0,107.3,0.0,0,2,0,0,0,0,0.0,78,9.8,0,100.0,3,3,-4.0,1.53,0,0,0.0,100.0,3,0,0.0,3,10.7,0,2,,66.9,64.3,69.2,63.8,,,0,0,4,,158.3,0.0,0,0,0,0,1,0,0.0,53,17.7,0.39
4,Tua Tagovailoa,60326,QB,MIA,1,20.0,0,28,17,72.2,18,19,8.1,3.05,1,1,4.8,68.4,13,10,0.0,21,75.0,0,12,,24.7,62.4,78.1,73.4,,29.6,0,0,23,0.0,129.7,0.0,0,2,0,0,2,1,4.3,162,8.5,64.3,14,15,7.4,2.58,1,1,6.3,60.0,9,7,0.0,16,57.1,0,7,,22.8,63.8,77.7,76.2,,29.9,0,0,17,0.0,100.4,0.0,0,1,0,0,1,1,5.9,94,6.3,80.0,10,10,2.8,2.67,0,0,0.0,80.0,8,3,0.0,12,42.9,0,5,,72.8,53.4,73.2,55.1,,58.3,0,0,13,0.0,134.6,0.0,0,1,0,0,1,0,0.0,83,8.3,0,66.7,6,6,-2.3,1.33,0,0,0.0,66.7,4,0,0.0,7,25.0,0,0,,69.6,50.8,71.1,51.3,,,0,0,7,,70.1,0.0,0,0,0,0,0,0,0.0,15,2.5,2.03
4,Michael Penix Jr.,82134,QB,ATL,1,-20.95,0,28,2,79.2,24,24,11.9,2.8,0,2,8.0,79.2,19,7,0.0,26,92.9,0,15,,77.6,84.5,78.9,81.9,,65.7,0,1,27,14.3,129.2,3.8,1,1,0,0,2,1,3.7,320,13.3,85.7,21,21,10.1,2.65,0,2,9.1,81.0,17,5,5.6,22,78.6,1,13,,76.8,92.8,78.7,92.0,,65.7,0,0,23,0.0,134.6,0.0,0,1,0,0,1,0,0.0,298,14.2,60.0,5,5,12.8,2.87,0,0,0.0,60.0,3,2,0.0,6,21.4,0,2,,68.9,32.3,70.6,34.6,,,0,1,6,50.0,64.6,16.7,1,0,0,0,1,1,16.7,15,3.0,0,100.0,2,2,-5.0,1.4,0,0,0.0,50.0,1,0,50.0,2,7.1,1,0,,63.6,62.4,66.9,62.1,,,0,0,2,,56.3,0.0,0,0,0,0,0,0,0.0,-7,-3.5,-11.19
4,Lamar Jackson,46416,QB,BLT,1,35.29,0,27,3,78.6,14,16,8.6,3.43,0,0,0.0,68.8,11,13,0.0,23,85.2,0,8,,25.4,44.6,0.0,40.5,,73.3,0,1,24,23.1,63.3,13.0,3,4,0,2,0,3,12.5,115,7.2,78.6,14,17,5.2,3.16,1,0,0.0,64.7,11,12,0.0,24,88.9,0,6,,25.7,37.1,0.0,31.6,,73.3,0,1,25,25.0,53.8,12.5,3,4,0,2,0,3,12.0,91,5.4,100.0,3,3,12.7,3.9,0,0,0.0,100.0,3,2,0.0,3,11.1,0,3,,65.5,83.8,68.2,81.6,,,0,0,3,0.0,158.3,0.0,0,0,0,0,1,0,0.0,56,18.7,0,100.0,3,4,-3.3,2.2,1,0,0.0,75.0,3,1,0.0,4,14.8,0,1,,66.9,61.0,69.2,60.8,,,0,0,4,0.0,137.5,0.0,0,0,0,0,1,0,0.0,32,8.0,13.32
4,Jared Goff,10635,QB,DET,1,-23.64,0,27,11,84.2,19,24,13.9,2.62,0,2,7.7,54.2,13,12,18.8,24,88.9,3,7,,76.8,66.3,78.4,65.3,,,2,1,27,0.0,69.8,0.0,0,0,0,3,1,2,7.4,150,6.3,89.5,19,22,10.1,2.41,0,2,8.7,63.6,14,9,17.6,22,81.5,3,6,,76.1,83.2,78.2,81.5,,,2,0,24,0.0,99.2,0.0,0,0,0,1,1,0,0.0,153,7.0,66.7,3,5,20.0,2.76,0,0,0.0,40.0,2,3,0.0,5,18.5,0,2,,68.9,27.2,70.6,28.3,,,0,1,6,0.0,47.9,0.0,0,0,0,2,1,2,33.3,15,3.0,0,100.0,3,3,-4.7,1.3,0,0,0.0,100.0,3,0,0.0,3,11.1,0,1,,65.5,63.3,68.2,63.0,,,0,0,3,,131.3,0.0,0,0,0,0,1,0,0.0,18,6.0,-3.95
4,Aaron Rodgers,2241,QB,PIT,1,-2.35,0,25,25,85.7,21,21,3.5,2.22,0,1,4.8,81.0,17,7,5.6,24,96.0,1,6,,25.1,60.3,78.2,66.9,,43.0,0,0,24,28.6,121.2,8.3,2,1,0,0,1,1,4.2,195,9.3,88.2,17,17,3.4,2.16,0,1,5.9,82.4,14,6,6.7,20,80.0,1,6,,24.0,63.7,77.9,71.6,,43.0,0,0,20,33.3,129.9,10.0,2,1,0,0,1,1,5.0,178,10.5,80.0,5,5,3.0,2.24,0,0,0.0,80.0,4,1,0.0,5,20.0,0,1,,68.0,52.7,69.9,53.2,,,0,0,5,0.0,85.0,0.0,0,0,0,0,0,0,0.0,22,4.4,0,100.0,1,1,-1.0,1.1,0,0,0.0,100.0,1,0,0.0,1,4.0,0,1,,60.4,60.2,64.6,60.0,,,0,0,1,,87.5,0.0,0,0,0,0,0,0,0.0,5,5.0,-6.07
4,Geno Smith,7820,QB,LV,1,7.14,0,23,23,68.8,16,17,7.2,2.95,0,0,0.0,58.8,10,6,9.1,19,82.6,1,5,,75.6,28.3,77.9,25.5,,69.7,0,3,19,0.0,70.6,0.0,0,2,1,0,2,3,15.8,81,4.8,76.9,13,14,5.3,2.31,0,0,0.0,64.3,9,3,10.0,14,60.9,1,4,,74.2,29.0,77.5,29.1,,56.0,0,2,14,0.0,59.8,0.0,0,0,1,0,1,2,14.3,67,4.8,71.4,7,7,4.9,3.42,0,0,0.0,71.4,5,3,0.0,9,39.1,0,3,,70.9,47.3,71.9,33.0,,76.0,0,1,9,0.0,91.4,0.0,0,2,0,0,1,1,11.1,50,7.1,0,100.0,4,4,-3.0,1.78,0,0,0.0,100.0,4,0,0.0,4,17.4,0,2,,66.9,64.8,69.2,64.3,,,0,0,4,,104.2,0.0,0,0,0,0,0,0,0.0,36,9.0,2.35
4,Drake Maye,143969,QB,NE,1,-31.67,0,21,19,85.7,14,15,9.7,3.22,0,1,6.7,80.0,12,6,0.0,19,90.5,0,8,,75.1,76.5,77.3,74.8,,65.4,0,0,20,16.7,154.6,5.3,1,3,0,1,2,0,0.0,174,11.6,91.7,12,12,9.2,2.72,0,1,8.3,91.7,11,3,0.0,13,61.9,0,6,,73.2,84.3,76.7,84.0,,62.1,0,0,14,0.0,142.7,0.0,0,1,0,0,1,0,0.0,139,11.6,75.0,4,5,4.5,3.79,0,0,0.0,60.0,3,4,0.0,8,38.1,0,3,,70.3,53.7,71.5,48.6,,64.1,0,0,8,25.0,143.8,12.5,1,2,0,1,1,0,0.0,64,12.8,0,100.0,2,2,-4.0,2.2,0,0,0.0,100.0,2,1,0.0,2,9.5,0,1,,63.6,62.4,66.9,62.1,,,0,0,2,0.0,118.8,0.0,0,0,0,0,0,0,0.0,29,14.5,1.22
4,Cooper Rush,12324,QB,BLT,1,33.33,0,13,3,81.8,11,12,3.4,2.63,0,0,0.0,66.7,8,4,11.1,12,92.3,1,3,,72.4,54.7,73.9,54.8,,,0,0,12,0.0,73.3,0.0,0,0,0,1,0,1,8.3,45,3.8,81.8,11,12,2.4,2.53,0,0,0.0,66.7,8,4,11.1,12,92.3,1,2,,72.4,48.8,73.9,49.1,,,0,0,12,0.0,70.8,0.0,0,0,0,1,0,1,8.3,38,3.2,100.0,1,1,11.0,3.0,0,0,0.0,100.0,1,0,0.0,1,7.7,0,1,,60.4,73.1,64.6,71.6,,,0,0,1,,118.8,0.0,0,0,0,0,0,0,0.0,14,14.0,0,100.0,1,1,0.0,1.7,0,0,0.0,100.0,1,0,0.0,1,7.7,0,0,,60.4,60.3,64.6,60.1,,,0,0,1,,95.8,0.0,0,0,0,0,0,0,0.0,7,7.0,10.83
4,Andy Dalton,6187,QB,CAR,1,-50.0,0,6,5,83.3,6,6,7.8,2.35,0,0,0.0,83.3,5,1,0.0,6,100.0,0,4,,68.9,69.1,73.2,68.0,,,0,0,6,0.0,146.5,0.0,0,0,0,0,1,0,0.0,58,9.7,100.0,4,4,7.5,2.05,0,0,0.0,100.0,4,0,0.0,4,66.7,0,4,,66.9,80.1,72.6,78.5,,,0,0,4,,158.3,0.0,0,0,0,0,1,0,0.0,53,13.3,50.0,2,2,8.5,2.95,0,0,0.0,50.0,1,1,0.0,2,33.3,0,0,,63.6,47.2,66.9,48.4,,,0,0,2,0.0,56.3,0.0,0,0,0,0,0,0,0.0,5,2.5,0,,0,0,,,0,0,,,0,0,,0,0.0,0,0,,,,,,,,0,0,0,,0.0,,0,0,0,0,0,0,,0,,-10.75
4,Russell Wilson,7077,QB,NYG,1,-100.0,0,2,21,,0,0,,3.3,0,0,,,0,1,,1,50.0,0,0,,26.7,60.0,64.6,60.0,,,0,0,1,100.0,0.0,100.0,1,0,0,0,0,1,100.0,0,,100.0,1,1,-4.0,2.3,0,0,0.0,100.0,1,1,0.0,2,100.0,0,0,,13.6,43.2,66.9,45.2,,,0,0,2,100.0,100.0,50.0,1,0,0,0,0,1,50.0,8,8.0,,0,0,,,0,0,,,0,0,,0,0.0,0,0,,,,,,,,0,0,0,,0.0,,0,0,0,0,0,0,,0,,0,100.0,1,1,-4.0,1.3,0,0,0.0,100.0,1,0,0.0,1,50.0,0,0,,60.4,60.5,64.6,60.4,,,0,0,1,,100.0,0.0,0,0,0,0,0,0,0.0,8,8.0,-8.0
4,Chris Olave,84355,WR,NO,1,0.0,0,1,20,0.0,1,1,4.0,2.4,0,0,0.0,0.0,0,0,,1,100.0,0,0,70.5,67.0,54.5,80.1,53.5,59.4,,0,1,1,,0.0,0.0,0,0,0,0,0,1,100.0,0,0.0,,0,0,,,0,0,,,0,0,,0,0.0,0,0,64.7,61.2,49.7,79.0,,48.8,,0,0,0,,0.0,,0,0,0,0,0,0,,0,,0.0,1,1,4.0,2.4,0,0,0.0,0.0,0,0,,1,100.0,0,0,68.3,65.7,65.2,74.7,53.5,75.7,,0,1,1,,0.0,0.0,0,0,0,0,0,1,100.0,0,0.0,0,,0,0,,,0,0,,,0,0,,0,0.0,0,0,,,58.3,64.9,,59.7,,0,0,0,,0.0,,0,0,0,0,0,0,,0,,0.0
4,Joshua Dobbs,11890,QB,NE,1,0.0,0,1,19,0.0,1,1,13.0,3.1,0,0,0.0,0.0,0,0,,1,100.0,0,0,,68.2,48.1,70.6,47.3,,60.5,0,0,1,,39.6,0.0,0,0,0,0,0,0,0.0,0,0.0,,0,0,,,0,0,,,0,0,,0,0.0,0,0,,67.2,61.2,69.9,,,60.5,0,0,0,,0.0,,0,0,0,0,0,0,,0,,0.0,1,1,13.0,3.1,0,0,0.0,0.0,0,0,,1,100.0,0,0,,60.4,45.8,64.6,47.3,,,0,0,1,,39.6,0.0,0,0,0,0,0,0,0.0,0,0.0,0,,0,0,,,0,0,,,0,0,,0,0.0,0,0,,,,,,,,0,0,0,,0.0,,0,0,0,0,0,0,,0,,0.0
4,Dillon Gabriel,86272,QB,CLV,1,0.0,0,1,8,0.0,1,1,12.0,2.8,0,0,0.0,0.0,0,1,,1,100.0,0,0,,60.4,54.7,68.2,55.1,,,0,0,1,0.0,39.6,0.0,0,0,0,0,0,0,0.0,0,0.0,0.0,1,1,12.0,2.8,0,0,0.0,0.0,0,1,,1,100.0,0,0,,60.4,54.7,68.2,55.1,,,0,0,1,0.0,39.6,0.0,0,0,0,0,0,0,0.0,0,0.0,,0,0,,,0,0,,,0,0,,0,0.0,0,0,,,,,,,,0,0,0,,0.0,,0,0,0,0,0,0,,0,,0,,0,0,,,0,0,,,0,0,,0,0.0,0,0,,,,,,,,0,0,0,,0.0,,0,0,0,0,0,0,,0,,0.0
week,player,player_id,position,team_name,player_game_count,comp_pct_diff,declined_penalties,dropbacks,franchise_id,no_screen_accuracy_percent,no_screen_aimed_passes,no_screen_attempts,no_screen_avg_depth_of_target,no_screen_avg_time_to_throw,no_screen_bats,no_screen_big_time_throws,no_screen_btt_rate,no_screen_completion_percent,no_screen_completions,no_screen_def_gen_pressures,no_screen_drop_rate,no_screen_dropbacks,no_screen_dropbacks_percent,no_screen_drops,no_screen_first_downs,no_screen_grades_hands_drop,no_screen_grades_hands_fumble,no_screen_grades_offense,no_screen_grades_offense_penalty,no_screen_grades_pass,no_screen_grades_pass_route,no_screen_grades_run,no_screen_hit_as_threw,no_screen_interceptions,no_screen_passing_snaps,no_screen_pressure_to_sack_rate,no_screen_qb_rating,no_screen_sack_percent,no_screen_sacks,no_screen_scrambles,no_screen_spikes,no_screen_thrown_aways,no_screen_touchdowns,no_screen_turnover_worthy_plays,no_screen_twp_rate,no_screen_yards,no_screen_ypa,npa_accuracy_percent,npa_aimed_passes,npa_attempts,npa_avg_depth_of_target,npa_avg_time_to_throw,npa_bats,npa_big_time_throws,npa_btt_rate,npa_completion_percent,npa_completions,npa_def_gen_pressures,npa_drop_rate,npa_dropbacks,npa_dropbacks_percent,npa_drops,npa_first_downs,npa_grades_hands_drop,npa_grades_hands_fumble,npa_grades_offense,npa_grades_offense_penalty,npa_grades_pass,npa_grades_pass_route,npa_grades_run,npa_hit_as_threw,npa_interceptions,npa_passing_snaps,npa_pressure_to_sack_rate,npa_qb_rating,npa_sack_percent,npa_sacks,npa_scrambles,npa_spikes,npa_thrown_aways,npa_touchdowns,npa_turnover_worthy_plays,npa_twp_rate,npa_yards,npa_ypa,pa_accuracy_percent,pa_aimed_passes,pa_attempts,pa_avg_depth_of_target,pa_avg_time_to_throw,pa_bats,pa_big_time_throws,pa_btt_rate,pa_completion_percent,pa_completions,pa_def_gen_pressures,pa_drop_rate,pa_dropbacks,pa_dropbacks_percent,pa_drops,pa_first_downs,pa_grades_hands_drop,pa_grades_hands_fumble,pa_grades_offense,pa_grades_offense_penalty,pa_grades_pass,pa_grades_pass_route,pa_grades_run,pa_hit_as_threw,pa_interceptions,pa_passing_snaps,pa_pressure_to_sack_rate,pa_qb_rating,pa_sack_percent,pa_sacks,pa_scrambles,pa_spikes,pa_thrown_aways,pa_touchdowns,pa_turnover_worthy_plays,pa_twp_rate,pa_yards,pa_ypa,penalties,screen_accuracy_percent,screen_aimed_passes,screen_attempts,screen_avg_depth_of_target,screen_avg_time_to_throw,screen_bats,screen_big_time_throws,screen_btt_rate,screen_completion_percent,screen_completions,screen_def_gen_pressures,screen_drop_rate,screen_dropbacks,screen_dropbacks_percent,screen_drops,screen_first_downs,screen_grades_hands_drop,screen_grades_hands_fumble,screen_grades_offense,screen_grades_offense_penalty,screen_grades_pass,screen_grades_pass_route,screen_grades_run,screen_hit_as_threw,screen_interceptions,screen_passing_snaps,screen_pressure_to_sack_rate,screen_qb_rating,screen_sack_percent,screen_sacks,screen_scrambles,screen_spikes,screen_thrown_aways,screen_touchdowns,screen_turnover_worthy_plays,screen_twp_rate,screen_yards,screen_ypa,ypa_diff
5,Justin Fields,82118,QB,NYJ,1,-8.55,0,54,22,87.2,39,44,7.1,2.91,1,1,2.0,72.7,32,25,5.9,52,96.3,2,15,,82.0,78.0,79.7,77.2,,62.7,2,0,57,20.0,104.6,9.6,5,3,1,1,2,0,0.0,283,6.4,87.9,33,38,7.8,2.79,1,1,2.3,71.1,27,18,6.9,43,79.6,2,13,,81.0,79.2,79.3,77.6,,65.0,2,0,48,16.7,97.9,7.0,3,2,1,1,1,0,0.0,254,6.7,71.4,7,8,1.9,3.24,1,0,0.0,62.5,5,7,0.0,11,20.4,0,2,,72.8,62.8,73.2,64.5,,58.3,0,0,13,28.6,108.9,18.2,2,1,0,0,1,0,0.0,29,3.6,0,0.0,1,2,-5.0,2.15,1,0,0.0,0.0,0,0,,2,3.7,0,0,,66.9,61.4,69.2,61.2,,,0,0,4,,39.6,0.0,0,0,0,0,0,0,0.0,0,0.0,-3.05
5,Mac Jones,60323,QB,SF,1,30.38,0,50,28,75.0,40,45,7.8,2.29,2,1,2.1,64.4,29,12,3.3,46,92.0,1,18,,81.0,66.0,79.9,64.4,,63.9,2,0,49,8.3,99.6,2.2,1,0,1,0,2,1,2.0,313,7.0,72.7,33,38,7.7,2.15,2,1,2.6,60.5,23,11,4.2,39,78.0,1,15,,79.9,68.8,79.5,67.1,,63.9,2,0,40,9.1,98.0,2.6,1,0,1,0,2,1,2.5,255,6.7,90.9,11,11,3.9,2.95,0,0,0.0,90.9,10,3,0.0,11,22.0,0,4,,72.8,57.2,73.2,57.3,,,0,0,13,0.0,99.6,0.0,0,0,0,0,0,0,0.0,87,7.9,0,100.0,4,4,-3.8,2.78,0,0,0.0,100.0,4,2,0.0,4,8.0,0,1,,66.9,64.7,69.2,64.2,,,0,0,4,0.0,96.9,0.0,0,0,0,0,0,0,0.0,29,7.3,1.2
5,Matthew Stafford,4924,QB,LA,1,-30.27,0,48,26,69.8,43,45,12.1,2.65,1,2,4.2,62.2,28,14,6.7,46,95.8,2,16,,80.3,81.3,79.0,79.9,,60.0,0,0,49,7.1,103.7,2.2,1,0,1,0,2,0,0.0,377,8.4,77.8,36,37,10.8,2.4,0,2,5.0,70.3,26,13,7.1,38,79.2,2,15,,79.2,88.8,78.6,87.1,,60.0,0,0,41,7.7,124.5,2.6,1,0,1,0,3,0,0.0,327,8.8,44.4,9,10,15.0,3.3,1,0,0.0,40.0,4,1,0.0,10,20.8,0,3,,71.4,48.3,72.3,49.2,,,0,0,10,0.0,61.3,0.0,0,0,0,0,0,0,0.0,62,6.2,0,100.0,2,2,1.0,1.05,0,0,0.0,100.0,2,0,0.0,2,4.2,0,2,,63.6,58.7,66.9,58.8,,,0,0,2,,131.3,0.0,0,0,0,0,1,0,0.0,12,6.0,-2.64
5,Jaxson Dart,146409,QB,NYG,1,2.38,0,46,21,69.7,33,35,10.8,3.2,1,2,5.4,60.0,21,16,8.7,41,89.1,2,12,,27.5,59.5,79.3,53.8,,73.1,0,2,44,6.3,69.6,2.4,1,5,1,0,2,4,9.1,187,5.3,70.4,27,28,7.4,2.92,0,1,3.3,64.3,18,13,5.3,31,67.4,1,10,,78.6,65.0,78.8,57.0,,79.6,0,2,34,0.0,61.3,0.0,0,3,1,0,1,2,5.9,158,5.6,81.8,11,12,13.0,3.27,1,1,8.3,66.7,8,3,11.1,15,32.6,1,3,,19.3,51.4,73.7,54.1,,54.5,0,0,15,33.3,100.7,6.7,1,2,0,0,1,2,13.3,44,3.7,0,100.0,5,5,-2.8,1.72,0,0,0.0,100.0,5,0,0.0,5,10.9,0,1,,68.0,65.5,69.9,64.9,,,0,0,5,,79.2,0.0,0,0,0,0,0,0,0.0,15,3.0,-1.97
5,Patrick Mahomes,11765,QB,KC,1,31.59,0,46,16,68.6,35,36,11.7,3.33,0,1,2.8,66.7,24,13,0.0,40,87.0,0,17,,79.3,66.2,0.0,62.9,,74.6,0,1,40,0.0,88.5,0.0,0,4,0,1,1,1,2.5,287,8.0,63.0,27,28,10.6,2.93,0,0,0.0,60.7,17,8,0.0,32,69.6,0,11,,78.0,50.2,0.0,45.1,,74.6,0,1,32,0.0,72.0,0.0,0,4,0,1,1,1,3.1,150,5.4,92.3,13,13,8.6,3.64,0,1,7.7,92.3,12,5,0.0,14,30.4,0,7,,73.2,92.9,73.5,90.7,,65.9,0,0,14,0.0,118.8,0.0,0,1,0,0,0,0,0.0,168,12.9,0,100.0,5,5,-2.8,1.95,0,0,0.0,100.0,5,0,0.0,6,13.0,0,1,,68.9,75.2,70.6,65.0,,65.9,0,0,6,,92.5,0.0,0,1,0,0,0,0,0.0,31,6.2,7.56
5,Jalen Hurts,40291,QB,PHI,1,21.15,0,45,24,68.8,32,36,13.0,3.35,2,4,10.0,61.1,22,15,0.0,43,95.6,0,11,,80.2,81.1,78.7,80.3,,57.8,2,0,47,40.0,103.9,14.0,6,1,0,0,2,0,0.0,280,7.8,60.9,23,26,16.8,3.51,2,4,13.3,53.8,14,14,0.0,33,73.3,0,7,,78.8,77.2,78.0,76.7,,57.8,1,0,37,42.9,94.6,18.2,6,1,0,0,1,0,0.0,217,8.3,90.0,10,12,2.5,2.68,1,0,0.0,75.0,9,2,0.0,12,26.7,0,4,,72.8,77.7,73.2,76.3,,,1,0,13,0.0,114.2,0.0,0,0,0,0,1,0,0.0,63,5.3,0,100.0,1,2,-4.0,1.9,1,0,0.0,50.0,1,1,0.0,2,4.4,0,0,,65.5,60.0,68.2,59.9,,,0,0,3,0.0,56.3,0.0,0,0,0,0,0,0,0.0,0,0.0,-3.1
5,Jake Browning,46401,QB,CIN,1,2.38,0,45,7,62.9,35,36,10.4,3.12,1,2,5.3,61.1,22,18,0.0,41,91.1,0,13,,29.8,37.1,0.0,36.4,,67.2,0,3,45,11.1,74.7,4.9,2,3,0,0,3,5,11.1,247,6.9,66.7,27,28,9.5,2.96,1,2,6.7,64.3,18,14,0.0,32,71.1,0,9,,78.7,55.0,0.0,54.0,,67.2,0,1,36,7.1,104.6,3.1,1,3,0,0,3,2,5.6,189,6.8,66.7,12,12,8.1,3.13,0,0,0.0,66.7,8,4,0.0,13,28.9,0,5,,20.5,25.8,73.2,27.0,,,0,2,13,25.0,39.6,7.7,1,0,0,0,0,3,23.1,62,5.2,0,100.0,4,4,-2.5,1.8,0,0,0.0,100.0,4,0,0.0,4,8.9,0,1,,66.9,64.5,69.2,64.0,,,0,0,4,,79.2,0.0,0,0,0,0,0,0,0.0,4,1.0,-1.58
5,Bo Nix,97790,QB,DEN,1,19.44,0,43,10,74.2,31,36,11.0,2.81,0,1,2.6,58.3,21,12,8.7,40,93.0,2,11,,79.7,70.4,0.0,68.4,,71.2,3,0,43,16.7,85.0,5.0,2,2,0,2,1,0,0.0,216,6.0,69.6,23,27,10.9,2.66,0,1,3.6,55.6,15,9,6.3,29,67.4,1,7,,77.6,68.1,0.0,64.9,,74.4,2,0,30,11.1,71.4,3.4,1,1,0,2,0,0,0.0,149,5.5,90.9,11,12,7.4,2.86,0,0,0.0,75.0,9,3,10.0,14,32.6,1,5,,73.9,69.9,73.9,70.8,,58.3,1,0,16,33.3,124.7,7.1,1,1,0,0,1,0,0.0,93,7.8,0,100.0,3,3,-3.3,1.6,0,0,0.0,100.0,3,0,0.0,3,7.0,0,1,,65.5,63.8,68.2,63.4,,,0,0,3,,102.8,0.0,0,0,0,0,0,0,0.0,26,8.7,2.23
5,Cam Ward,133244,QB,TEN,1,-36.29,0,42,31,61.8,34,37,12.0,3.01,0,3,7.9,51.4,19,8,9.5,40,95.2,2,10,,80.1,67.7,78.9,67.4,,58.4,1,1,42,25.0,60.4,5.0,2,1,0,2,0,0,0.0,238,6.4,72.4,29,31,9.0,2.66,0,3,9.7,61.3,19,5,9.5,33,78.6,2,11,,79.0,80.1,78.4,78.7,,61.0,1,1,34,40.0,71.4,6.1,2,0,0,1,0,0,0.0,236,7.6,28.6,7,8,20.0,3.88,0,0,0.0,25.0,2,3,0.0,9,21.4,0,1,,71.4,37.5,72.3,39.7,,58.3,0,0,10,0.0,42.2,0.0,0,1,0,1,0,0,0.0,29,3.6,0,100.0,2,2,-3.0,1.1,0,0,0.0,100.0,2,0,0.0,2,4.8,0,2,,63.6,62.6,66.9,62.2,,,0,0,2,,118.8,0.0,0,0,0,0,0,0,0.0,27,13.5,-3.98
5,Geno Smith,7820,QB,LV,1,-23.33,0,41,23,66.7,30,31,10.3,2.57,1,1,3.1,64.5,20,13,0.0,36,87.8,0,13,,79.2,54.7,78.8,52.1,,67.3,0,2,38,30.8,56.9,11.1,4,1,0,0,0,2,5.3,208,6.7,75.9,29,30,8.0,2.38,1,1,3.2,73.3,22,10,0.0,33,80.5,0,11,,78.7,65.5,78.6,62.7,,67.3,0,2,35,20.0,64.3,6.1,2,1,0,0,0,1,2.9,208,6.9,50.0,6,6,9.3,2.73,0,0,0.0,50.0,3,3,0.0,8,19.5,0,2,,70.3,32.4,71.5,34.6,,,0,0,8,66.7,57.6,25.0,2,0,0,0,0,1,12.5,20,3.3,0,100.0,5,5,-4.4,1.58,0,0,0.0,100.0,5,0,0.0,5,12.2,0,0,,68.0,65.0,69.9,64.5,,,0,0,5,,83.3,0.0,0,0,0,0,0,0,0.0,20,4.0,-3.6
5,Carson Wentz,10636,QB,MIN,1,-27.86,0,40,18,73.1,26,27,9.5,2.71,0,2,6.5,70.4,19,11,0.0,33,82.5,0,13,,78.6,67.6,78.5,71.6,59.3,45.5,0,0,37,27.3,106.7,9.1,3,3,0,1,1,0,0.0,218,8.1,85.0,20,20,6.3,2.47,0,2,8.3,85.0,17,10,0.0,26,65.0,0,7,,77.4,69.0,78.0,73.8,,45.5,0,0,30,30.0,113.5,11.5,3,3,0,0,1,0,0.0,145,7.3,61.5,13,14,7.2,2.56,0,0,0.0,57.1,8,1,0.0,14,35.0,0,6,,73.2,60.6,73.8,60.9,59.3,,0,0,14,0.0,76.8,0.0,0,0,0,1,0,0,0.0,91,6.5,0,85.7,7,7,-4.3,1.53,0,0,0.0,85.7,6,0,0.0,7,17.5,0,0,,69.6,60.2,71.1,60.1,,,0,0,7,,79.2,0.0,0,0,0,0,0,0,0.0,18,2.6,-0.75
5,Josh Allen,46601,QB,BUF,1,39.13,0,40,4,77.8,27,28,10.1,3.61,0,1,3.3,71.4,20,18,4.8,36,90.0,1,17,,79.1,77.9,78.9,75.1,,69.0,0,1,39,5.6,106.4,2.8,1,7,0,1,2,1,2.6,241,8.6,72.7,22,23,8.4,3.3,0,0,0.0,60.9,14,15,12.5,28,70.0,2,10,,77.8,68.2,78.5,59.5,,79.6,0,1,31,6.7,76.7,3.6,1,4,0,1,1,1,3.2,152,6.6,100.0,8,8,10.0,3.38,0,1,11.1,100.0,8,3,0.0,12,30.0,0,8,,72.8,86.5,73.2,92.0,,49.4,0,0,13,0.0,158.3,0.0,0,3,0,0,1,0,0.0,101,12.6,0,100.0,3,3,-3.0,0.8,0,0,0.0,66.7,2,0,33.3,4,10.0,1,1,,68.0,62.1,69.9,61.8,,,0,0,5,,74.3,0.0,0,0,0,0,0,0,0.0,12,4.0,6.02
5,Tua Tagovailoa,60326,QB,MIA,1,-3.27,0,40,17,83.3,30,32,10.6,2.57,0,4,11.8,75.0,24,10,4.0,36,90.0,1,13,,78.7,90.7,78.0,90.6,,55.7,0,0,38,30.0,129.4,8.3,3,1,0,2,3,0,0.0,258,8.1,80.0,25,25,10.1,2.42,0,3,11.5,76.0,19,7,5.0,29,72.5,1,11,,77.4,87.5,77.4,87.8,,55.7,0,0,30,42.9,110.3,10.3,3,1,0,0,1,0,0.0,189,7.6,100.0,9,11,6.0,2.51,0,1,8.3,72.7,8,3,11.1,11,27.5,1,2,,72.4,83.1,72.9,81.3,,,0,0,12,0.0,127.7,0.0,0,0,0,2,2,0,0.0,67,6.1,0,100.0,4,4,-2.5,1.3,0,0,0.0,75.0,3,0,25.0,4,10.0,1,0,,66.9,64.3,69.2,63.8,,,0,0,4,,77.1,0.0,0,0,0,0,0,0,0.0,-2,-0.5,-1.47
5,Baker Mayfield,46518,QB,TB,1,7.31,0,39,30,91.3,23,24,11.9,3.3,0,3,11.1,83.3,20,8,4.8,29,74.4,1,15,,78.0,93.1,78.0,94.0,,54.6,0,0,32,12.5,146.5,3.4,1,4,0,1,2,0,0.0,321,13.4,94.7,19,20,7.7,2.89,0,3,13.6,85.0,17,6,5.6,25,64.1,1,11,,77.1,92.5,77.7,93.4,,56.6,0,0,27,16.7,146.3,4.0,1,3,0,1,2,0,0.0,222,11.1,92.3,13,13,7.1,2.84,0,0,0.0,92.3,12,2,0.0,14,35.9,0,7,,73.5,78.4,73.7,78.9,,58.3,0,0,15,0.0,117.0,0.0,0,1,0,0,0,0,0.0,157,12.1,0,100.0,9,9,-3.9,1.62,0,0,0.0,100.0,9,0,0.0,10,25.6,0,3,,71.4,65.2,72.3,64.7,,,0,0,10,,93.5,0.0,0,0,0,0,0,0,0.0,58,6.4,0.98
5,Drake Maye,143969,QB,NE,1,19.91,0,36,19,88.0,25,27,8.9,3.3,1,2,6.9,74.1,20,14,9.1,33,91.7,2,14,,78.7,80.5,78.5,81.0,,57.1,0,0,36,28.6,104.1,12.1,4,2,0,1,0,0,0.0,261,9.7,81.3,16,17,8.2,3.04,1,1,5.6,64.7,11,8,15.4,21,58.3,2,8,,76.2,63.9,77.6,67.1,,50.1,0,0,23,37.5,92.0,14.3,3,1,0,0,0,0,0.0,147,8.6,100.0,11,13,7.5,3.35,0,1,6.7,84.6,11,7,0.0,15,41.7,0,6,,74.2,91.6,74.1,89.7,,64.4,0,0,17,14.3,107.1,6.7,1,1,0,2,0,0,0.0,126,9.7,0,100.0,2,3,-5.0,1.73,0,0,0.0,66.7,2,1,0.0,3,8.3,0,0,,66.9,61.1,69.2,60.9,,,0,0,4,0.0,74.3,0.0,0,0,0,1,0,0,0.0,12,4.0,1.04
5,Dillon Gabriel,86272,QB,CLV,1,-10.87,0,36,8,73.1,26,31,7.3,2.45,1,1,3.2,58.1,18,13,5.3,34,94.4,1,8,,78.3,62.6,79.2,63.1,,55.2,1,0,34,15.4,95.2,5.9,2,1,1,2,2,1,2.9,173,5.6,78.9,19,23,8.3,2.4,0,1,4.3,60.9,14,9,6.7,25,69.4,1,7,,76.6,65.0,78.7,65.8,,55.2,1,0,25,11.1,93.0,4.0,1,1,1,2,1,1,4.0,142,6.2,55.6,9,10,2.7,2.54,1,0,0.0,50.0,5,5,0.0,11,30.6,0,2,,71.9,57.1,72.6,57.1,,,0,0,11,20.0,97.1,9.1,1,0,0,0,1,0,0.0,48,4.8,0,50.0,2,2,-4.5,2.25,0,0,0.0,50.0,1,1,0.0,2,5.6,0,1,,63.6,62.4,66.9,62.1,,,0,0,2,0.0,79.2,0.0,0,0,0,0,0,0,0.0,17,8.5,-1.37
5,Kyler Murray,38334,QB,ARZ,1,-2.27,0,36,1,78.3,23,25,8.2,3.12,0,0,0.0,72.0,18,14,0.0,30,83.3,0,10,,78.2,64.0,78.7,57.6,,75.2,1,0,33,21.4,93.1,10.0,3,2,0,1,0,0,0.0,186,7.4,83.3,18,20,4.3,2.86,0,0,0.0,75.0,15,10,0.0,24,66.7,0,7,,77.1,67.9,78.3,60.5,,75.2,0,0,27,20.0,87.3,8.3,2,2,0,2,0,0,0.0,109,5.5,80.0,10,11,10.0,3.08,0,0,0.0,72.7,8,4,0.0,12,33.3,0,3,,72.4,56.1,72.9,56.3,,,1,0,12,25.0,104.7,8.3,1,0,0,0,0,0,0.0,111,10.1,0,100.0,5,6,-2.2,1.98,0,0,0.0,83.3,5,0,0.0,6,16.7,0,0,,68.9,62.9,70.6,62.6,,,0,0,6,,90.3,0.0,0,0,0,1,0,0,0.0,34,5.7,4.64
5,Bryce Young,123943,QB,CAR,1,-8.07,0,35,5,78.3,23,27,10.7,2.56,0,5,15.6,66.7,18,12,0.0,31,88.6,0,11,,26.0,69.7,0.0,72.0,,55.6,0,1,36,25.0,95.4,9.7,3,1,1,3,2,2,5.6,185,6.9,78.9,19,23,10.1,2.49,0,4,15.4,65.2,15,8,0.0,27,77.1,0,8,,77.9,78.3,0.0,81.2,,55.6,0,0,30,25.0,97.2,7.4,2,1,1,3,1,0,0.0,145,6.3,66.7,6,7,7.7,2.48,0,1,11.1,57.1,4,6,0.0,8,22.9,0,4,,16.8,42.4,72.3,43.7,,,0,1,10,16.7,81.3,12.5,1,0,0,1,1,2,20.0,53,7.6,0,50.0,2,3,-3.5,1.88,0,0,0.0,33.3,1,2,0.0,4,11.4,0,1,,66.9,57.5,69.2,57.6,,,0,0,4,0.0,47.9,0.0,0,0,0,1,0,0,0.0,13,4.3,1.27
5,Justin Herbert,28237,QB,LAC,1,-24.68,0,35,27,83.3,24,25,6.4,2.72,0,0,0.0,72.0,18,10,10.0,30,85.7,2,10,,78.5,85.0,78.5,79.7,,75.9,1,1,32,40.0,84.9,13.3,4,1,0,0,1,1,3.1,157,6.3,90.5,21,22,4.3,2.38,0,0,0.0,81.8,18,8,5.3,27,77.1,1,6,,78.0,80.1,78.3,74.3,,75.9,1,1,29,37.5,73.3,11.1,3,1,0,0,0,1,3.4,135,6.1,71.4,7,7,5.9,2.91,0,0,0.0,57.1,4,3,20.0,8,22.9,1,4,,70.3,79.9,71.5,78.1,,,0,0,8,33.3,107.7,12.5,1,0,0,0,1,0,0.0,31,4.4,0,100.0,4,4,-5.5,1.18,0,0,0.0,100.0,4,1,0.0,5,14.3,0,0,,68.0,62.3,69.9,62.0,,,0,0,5,0.0,79.2,0.0,0,0,0,0,0,0,0.0,9,2.3,-1.71
5,Trevor Lawrence,77632,QB,JAX,1,-13.97,0,35,15,68.4,19,19,11.8,3.69,0,1,4.3,63.2,12,17,7.7,29,82.9,1,12,,27.9,74.7,0.0,73.0,,70.6,0,1,33,17.6,88.9,10.3,3,7,0,0,1,0,0.0,176,9.3,76.5,17,17,5.8,3.39,0,1,5.0,76.5,13,17,0.0,26,74.3,0,10,,27.0,75.9,0.0,73.1,,72.9,0,1,29,17.6,90.6,11.5,3,6,0,0,1,0,0.0,121,7.1,75.0,8,8,13.9,3.37,0,0,0.0,62.5,5,2,16.7,9,25.7,1,3,,71.4,65.3,72.3,66.8,,58.3,0,0,10,0.0,106.3,0.0,0,1,0,0,0,0,0.0,100,12.5,0,100.0,6,6,-2.5,1.9,0,0,0.0,100.0,6,2,0.0,6,17.1,0,1,,68.9,65.7,70.6,65.2,,,0,0,6,0.0,97.9,0.0,0,0,0,0,0,0,0.0,45,7.5,5.38
5,Sam Darnold,29048,QB,SEA,1,23.08,0,34,29,90.0,30,32,9.8,2.77,1,2,5.7,81.3,26,13,3.7,32,94.1,1,17,,78.4,79.3,78.4,79.6,,56.3,0,1,36,0.0,135.9,0.0,0,0,0,1,4,1,2.8,328,10.3,87.5,24,26,6.5,2.47,1,1,3.3,76.9,20,10,4.8,26,76.5,1,12,,77.4,69.2,78.0,68.2,,,0,1,30,0.0,117.6,0.0,0,0,0,1,3,1,3.3,181,7.0,100.0,8,8,17.4,3.39,0,1,12.5,100.0,8,3,0.0,8,23.5,0,6,,70.9,90.0,71.9,91.1,,56.3,0,0,9,0.0,158.3,0.0,0,0,0,0,1,0,0.0,160,20.0,0,100.0,2,2,0.0,1.35,0,0,0.0,100.0,2,0,0.0,2,5.9,0,1,,65.5,63.5,68.2,63.1,,,0,0,3,,93.8,0.0,0,0,0,0,0,0,0.0,13,6.5,13.04
5,Dak Prescott,10769,QB,DAL,1,31.82,0,33,9,68.2,22,25,10.4,3.03,1,1,4.0,56.0,14,6,6.7,29,87.9,1,11,,78.2,70.5,78.5,63.1,,77.4,1,0,29,16.7,121.7,3.4,1,3,0,1,3,0,0.0,200,8.0,62.5,16,18,9.8,2.48,1,0,0.0,50.0,9,4,10.0,19,57.6,1,8,,76.3,67.8,77.7,60.9,,74.7,1,0,19,0.0,76.6,0.0,0,1,0,0,0,0,0.0,142,7.9,90.0,10,11,6.2,3.5,0,1,9.1,81.8,9,2,0.0,14,42.4,0,5,,73.2,70.5,73.5,66.6,,66.5,0,0,14,50.0,142.2,7.1,1,2,0,1,4,0,0.0,95,8.6,0,100.0,4,4,-2.8,2.08,0,0,0.0,100.0,4,0,0.0,4,12.1,0,2,,66.9,64.2,69.2,63.7,,,0,0,4,,144.8,0.0,0,0,0,0,1,0,0.0,37,9.3,0.75
5,Jayden Daniels,97993,QB,WAS,1,-20.3,0,32,32,68.4,19,22,13.4,3.2,0,2,8.7,50.0,11,10,15.4,28,87.5,2,9,,78.1,86.2,78.5,82.4,,73.5,0,0,30,10.0,96.8,3.6,1,5,1,2,1,0,0.0,200,9.1,72.2,18,19,10.3,2.6,0,2,10.0,63.2,12,6,7.7,23,71.9,1,7,,77.0,81.9,78.1,83.2,,61.9,0,0,24,16.7,110.2,4.3,1,3,1,0,1,0,0.0,173,9.1,80.0,5,7,11.0,3.93,0,0,0.0,42.9,3,4,25.0,9,28.1,1,3,,71.9,80.3,72.6,67.5,,78.9,0,0,11,0.0,72.3,0.0,0,2,0,2,0,0,0.0,58,8.3,0,100.0,4,4,-3.5,1.43,0,0,0.0,100.0,4,0,0.0,4,12.5,0,1,,68.0,65.6,69.9,65.0,,,0,0,5,,99.0,0.0,0,0,0,0,0,0,0.0,31,7.8,-0.82
5,Spencer Rattler,97408,QB,NO,1,19.33,0,31,20,82.8,29,31,7.2,2.46,1,1,2.9,67.7,21,12,12.5,31,100.0,3,9,,79.4,72.6,78.9,70.2,58.8,68.2,0,0,34,0.0,99.5,0.0,0,0,0,1,1,0,0.0,225,7.3,82.6,23,25,6.2,2.26,1,0,0.0,64.0,16,8,15.8,25,80.6,3,7,,78.5,66.1,78.6,63.0,58.8,68.2,0,0,28,0.0,74.9,0.0,0,0,0,1,0,0,0.0,117,4.7,83.3,6,6,11.0,3.28,0,1,16.7,83.3,5,4,0.0,6,19.4,0,2,,68.9,85.1,70.6,82.9,,,0,0,6,0.0,158.3,0.0,0,0,0,0,1,0,0.0,108,18.0,0,,0,0,,,0,0,,,0,0,,0,0.0,0,0,,,,,,,,0,0,0,,0.0,,0,0,0,0,0,0,,0,,13.32
5,C.J. Stroud,129759,QB,HST,1,-15.93,0,30,13,88.5,26,26,7.9,2.47,0,1,3.6,84.6,22,6,4.3,29,96.7,1,13,,77.7,78.9,78.3,73.6,,69.0,0,0,32,33.3,144.9,6.9,2,1,0,0,4,0,0.0,241,9.3,92.9,14,14,6.6,2.42,0,0,0.0,92.9,13,5,0.0,17,56.7,0,6,,74.8,76.6,77.3,69.7,,69.0,0,0,19,40.0,141.7,11.8,2,1,0,0,2,0,0.0,119,8.5,84.6,13,13,8.4,2.44,0,1,7.1,76.9,10,1,9.1,13,43.3,1,8,,73.2,73.7,73.5,72.4,,,0,0,14,0.0,145.8,0.0,0,0,0,0,2,0,0.0,125,9.6,0,100.0,1,1,-3.0,1.4,0,0,0.0,100.0,1,0,0.0,1,3.3,0,1,,60.4,60.2,64.6,60.0,,,0,0,1,,79.2,0.0,0,0,0,0,0,0,0.0,3,3.0,1.12
5,Daniel Jones,39395,QB,IND,1,-10.83,0,29,14,84.6,26,29,9.1,2.38,2,0,0.0,69.0,20,8,9.1,29,100.0,2,11,,78.7,73.8,78.6,72.8,58.9,61.7,0,0,35,0.0,113.0,0.0,0,0,0,1,2,1,2.9,212,7.3,86.4,22,24,8.0,2.32,2,0,0.0,70.8,17,6,10.5,24,82.8,2,9,,77.9,75.1,78.2,73.8,,61.7,0,0,30,0.0,115.6,0.0,0,0,0,0,2,1,3.3,154,6.4,75.0,4,5,15.0,2.66,0,0,0.0,60.0,3,2,0.0,5,17.2,0,2,,68.0,61.0,70.6,61.6,58.9,,0,0,5,0.0,100.4,0.0,0,0,0,1,0,0,0.0,58,11.6,0,,0,0,,,0,0,,,0,0,,0,0.0,0,0,,,,,,,,0,0,0,,0.0,,0,0,0,0,0,0,,0,,5.18
5,Jared Goff,10635,QB,DET,1,-18.94,0,27,11,89.5,19,20,6.4,2.55,1,0,0.0,85.0,17,9,0.0,24,88.9,0,12,,76.5,67.7,78.7,66.9,59.1,60.0,0,0,24,44.4,146.3,16.7,4,0,0,0,2,0,0.0,222,11.1,100.0,11,12,4.6,1.96,1,0,0.0,91.7,11,4,0.0,14,51.9,0,7,,73.8,65.8,77.9,64.3,,60.0,0,0,14,50.0,138.2,14.3,2,0,0,0,1,0,0.0,126,10.5,81.8,11,11,5.5,2.93,0,0,0.0,72.7,8,5,11.1,13,48.1,1,7,,72.8,67.6,73.5,67.7,59.1,,0,0,13,40.0,152.3,15.4,2,0,0,0,2,0,0.0,132,12.0,0,100.0,3,3,-3.3,1.43,0,0,0.0,66.7,2,0,33.3,3,11.1,1,2,,65.5,63.7,68.2,63.3,,,0,0,3,,147.2,0.0,0,0,0,0,1,0,0.0,36,12.0,1.5
5,Cooper Rush,12324,QB,BLT,1,-19.78,0,21,3,80.0,15,16,11.1,2.66,0,1,5.9,68.8,11,5,8.3,17,81.0,1,7,,74.8,69.5,77.3,68.4,,,1,3,19,20.0,65.6,5.9,1,0,0,0,0,1,5.3,176,11.0,83.3,12,13,6.8,2.39,0,0,0.0,76.9,10,5,0.0,14,66.7,0,5,,73.5,73.4,76.9,72.2,,,1,1,15,20.0,70.4,7.1,1,0,0,0,0,0,0.0,113,8.7,71.4,7,7,9.7,2.63,0,1,14.3,57.1,4,1,20.0,7,33.3,1,2,,70.3,54.7,71.5,55.0,,,0,2,8,0.0,49.4,0.0,0,0,0,0,0,1,12.5,66,9.4,0,75.0,4,4,-4.0,1.65,0,0,0.0,75.0,3,1,0.0,4,19.0,0,0,,66.9,56.3,69.2,56.5,,,0,0,4,0.0,77.1,0.0,0,0,0,0,0,0,0.0,3,0.8,0.74
5,Trey Lance,91399,QB,LAC,1,-75.0,0,6,27,100.0,3,4,5.3,2.48,0,0,0.0,75.0,3,1,0.0,6,100.0,0,2,,68.9,48.6,70.6,51.4,,57.9,0,0,6,100.0,110.4,16.7,1,1,1,0,0,0,0.0,44,11.0,100.0,3,4,5.3,2.48,0,0,0.0,75.0,3,1,0.0,6,100.0,0,2,,68.9,48.6,70.6,51.4,,57.9,0,0,6,100.0,110.4,16.7,1,1,1,0,0,0,0.0,44,11.0,,0,0,,,0,0,,,0,0,,0,0.0,0,0,,,,,,,,0,0,0,,0.0,,0,0,0,0,0,0,,0,,0,,0,0,,,0,0,,,0,0,,0,0.0,0,0,,,,,,,,0,0,0,,0.0,,0,0,0,0,0,0,,0,,-11.0
5,Davis Mills,52269,QB,HST,1,66.67,0,5,13,100.0,3,4,13.7,2.7,0,0,0.0,50.0,2,1,33.3,5,100.0,1,2,,70.2,79.6,73.5,83.4,,57.9,1,0,5,0.0,67.7,0.0,0,1,0,0,0,0,0.0,23,5.8,100.0,2,3,11.0,2.03,0,0,0.0,33.3,1,1,50.0,3,60.0,1,1,,68.7,77.9,72.9,77.4,,60.0,1,0,3,0.0,42.4,0.0,0,0,0,0,0,0,0.0,4,1.3,100.0,1,1,19.0,3.7,0,0,0.0,100.0,1,0,0.0,2,40.0,0,1,,63.6,68.7,66.9,71.6,,58.3,0,0,2,,118.8,0.0,0,1,0,0,0,0,0.0,19,19.0,0,,0,0,,,0,0,,,0,0,,0,0.0,0,0,,,,,,,,0,0,0,,0.0,,0,0,0,0,0,0,,0,,17.67
5,Anthony Richardson,124393,QB,IND,1,100.0,0,2,14,50.0,2,2,18.5,2.0,0,0,0.0,50.0,1,0,0.0,2,100.0,0,1,,63.6,66.9,71.1,65.9,,,0,0,2,,62.5,0.0,0,0,0,0,0,0,0.0,9,4.5,0.0,1,1,35.0,2.7,0,0,0.0,0.0,0,0,,1,50.0,0,0,,60.4,51.3,70.6,51.7,,,0,0,1,,39.6,0.0,0,0,0,0,0,0,0.0,0,0.0,100.0,1,1,2.0,1.3,0,0,0.0,100.0,1,0,0.0,1,50.0,0,1,,60.4,75.1,64.6,73.3,,,0,0,1,,104.2,0.0,0,0,0,0,0,0,0.0,9,9.0,0,,0,0,,,0,0,,,0,0,,0,0.0,0,0,,,,,,,,0,0,0,,0.0,,0,0,0,0,0,0,,0,,9.0
5,Jacoby Brissett,10725,QB,ARZ,1,0.0,0,1,1,100.0,1,1,9.0,3.9,0,0,0.0,0.0,0,0,100.0,1,100.0,1,0,,60.4,74.0,68.2,72.2,,,0,0,1,,39.6,0.0,0,0,0,0,0,0,0.0,0,0.0,,0,0,,,0,0,,,0,0,,0,0.0,0,0,,,60.0,66.9,,,,0,0,0,,0.0,,0,0,0,0,0,0,,0,,100.0,1,1,9.0,3.9,0,0,0.0,0.0,0,0,100.0,1,100.0,1,0,,60.4,73.7,64.6,72.2,,,0,0,1,,39.6,0.0,0,0,0,0,0,0,0.0,0,0.0,0,,0,0,,,0,0,,,0,0,,0,0.0,0,0,,,,,,,,0,0,0,,0.0,,0,0,0,0,0,0,,0,,0.0
5,David Montgomery,45719,HB,DET,1,100.0,0,1,11,100.0,1,1,9.0,1.5,0,0,0.0,100.0,1,0,0.0,1,100.0,0,1,64.7,76.9,65.4,73.6,72.2,69.4,58.3,0,0,1,,118.8,0.0,0,0,0,0,1,0,0.0,3,3.0,,0,0,,,0,0,,,0,0,,0,0.0,0,0,64.7,76.7,60.8,73.0,,72.2,58.3,0,0,0,,0.0,,0,0,0,0,0,0,,0,,100.0,1,1,9.0,1.5,0,0,0.0,100.0,1,0,0.0,1,100.0,0,1,,60.4,73.9,67.9,72.2,58.0,,0,0,1,,118.8,0.0,0,0,0,0,1,0,0.0,3,3.0,0,,0,0,,,0,0,,,0,0,,0,0.0,0,0,,,,,,,,0,0,0,,0.0,,0,0,0,0,0,0,,0,,3.0
5,Tyler Warren,129798,TE,IND,1,0.0,0,1,14,,0,1,,4.3,0,0,0.0,0.0,0,1,,1,100.0,0,0,73.4,68.8,74.6,78.1,60.0,74.3,,0,0,1,0.0,39.6,0.0,0,0,0,1,0,0,0.0,0,0.0,,0,0,,,0,0,,,0,0,,0,0.0,0,0,73.4,68.0,76.9,77.4,,75.3,,0,0,0,,0.0,,0,0,0,0,0,0,,0,,,0,1,,4.3,0,0,0.0,0.0,0,1,,1,100.0,0,0,,60.4,53.3,71.4,60.0,53.3,,0,0,1,0.0,39.6,0.0,0,0,0,1,0,0,0.0,0,0.0,0,,0,0,,,0,0,,,0,0,,0,0.0,0,0,,,,,,,,0,0,0,,0.0,,0,0,0,0,0,0,,0,,0.0
5,Taysom Hill,12112,TE,NO,1,-100.0,0,1,20,100.0,1,1,19.0,2.3,0,0,0.0,100.0,1,0,0.0,1,100.0,0,1,,71.2,57.6,73.4,71.9,60.0,51.5,0,0,1,,118.8,0.0,0,0,0,0,0,0,0.0,19,19.0,100.0,1,1,19.0,2.3,0,0,0.0,100.0,1,0,0.0,1,100.0,0,1,,71.2,57.6,73.4,71.9,60.0,51.5,0,0,1,,118.8,0.0,0,0,0,0,0,0,0.0,19,19.0,,0,0,,,0,0,,,0,0,,0,0.0,0,0,,,,,,,,0,0,0,,0.0,,0,0,0,0,0,0,,0,,0,,0,0,,,0,0,,,0,0,,0,0.0,0,0,,,,,,,,0,0,0,,0.0,,0,0,0,0,0,0,,0,,-19.0
5,Cam Akers,57206,HB,MIN,1,100.0,0,1,18,100.0,1,1,15.0,2.3,0,0,0.0,100.0,1,0,0.0,1,100.0,0,1,,60.4,72.1,64.6,70.7,,,0,0,1,,158.3,0.0,0,0,0,0,1,0,0.0,32,32.0,,0,0,,,0,0,,,0,0,,0,0.0,0,0,,,,,,,,0,0,0,,0.0,,0,0,0,0,0,0,,0,,100.0,1,1,15.0,2.3,0,0,0.0,100.0,1,0,0.0,1,100.0,0,1,,60.4,72.1,64.6,70.7,,,0,0,1,,158.3,0.0,0,0,0,0,1,0,0.0,32,32.0,0,,0,0,,,0,0,,,0,0,,0,0.0,0,0,,,,,,,,0,0,0,,0.0,,0,0,0,0,0,0,,0,,32.0
week,player,player_id,position,team_name,player_game_count,comp_pct_diff,declined_penalties,dropbacks,franchise_id,no_screen_accuracy_percent,no_screen_aimed_passes,no_screen_attempts,no_screen_avg_depth_of_target,no_screen_avg_time_to_throw,no_screen_bats,no_screen_big_time_throws,no_screen_btt_rate,no_screen_completion_percent,no_screen_completions,no_screen_def_gen_pressures,no_screen_drop_rate,no_screen_dropbacks,no_screen_dropbacks_percent,no_screen_drops,no_screen_first_downs,no_screen_grades_hands_drop,no_screen_grades_hands_fumble,no_screen_grades_offense,no_screen_grades_offense_penalty,no_screen_grades_pass,no_screen_grades_pass_route,no_screen_grades_run,no_screen_hit_as_threw,no_screen_interceptions,no_screen_passing_snaps,no_screen_pressure_to_sack_rate,no_screen_qb_rating,no_screen_sack_percent,no_screen_sacks,no_screen_scrambles,no_screen_spikes,no_screen_thrown_aways,no_screen_touchdowns,no_screen_turnover_worthy_plays,no_screen_twp_rate,no_screen_yards,no_screen_ypa,npa_accuracy_percent,npa_aimed_passes,npa_attempts,npa_avg_depth_of_target,npa_avg_time_to_throw,npa_bats,npa_big_time_throws,npa_btt_rate,npa_completion_percent,npa_completions,npa_def_gen_pressures,npa_drop_rate,npa_dropbacks,npa_dropbacks_percent,npa_drops,npa_first_downs,npa_grades_hands_drop,npa_grades_hands_fumble,npa_grades_offense,npa_grades_offense_penalty,npa_grades_pass,npa_grades_pass_route,npa_grades_run,npa_hit_as_threw,npa_interceptions,npa_passing_snaps,npa_pressure_to_sack_rate,npa_qb_rating,npa_sack_percent,npa_sacks,npa_scrambles,npa_spikes,npa_thrown_aways,npa_touchdowns,npa_turnover_worthy_plays,npa_twp_rate,npa_yards,npa_ypa,pa_accuracy_percent,pa_aimed_passes,pa_attempts,pa_avg_depth_of_target,pa_avg_time_to_throw,pa_bats,pa_big_time_throws,pa_btt_rate,pa_completion_percent,pa_completions,pa_def_gen_pressures,pa_drop_rate,pa_dropbacks,pa_dropbacks_percent,pa_drops,pa_first_downs,pa_grades_hands_drop,pa_grades_hands_fumble,pa_grades_offense,pa_grades_offense_penalty,pa_grades_pass,pa_grades_pass_route,pa_grades_run,pa_hit_as_threw,pa_interceptions,pa_passing_snaps,pa_pressure_to_sack_rate,pa_qb_rating,pa_sack_percent,pa_sacks,pa_scrambles,pa_spikes,pa_thrown_aways,pa_touchdowns,pa_turnover_worthy_plays,pa_twp_rate,pa_yards,pa_ypa,penalties,screen_accuracy_percent,screen_aimed_passes,screen_attempts,screen_avg_depth_of_target,screen_avg_time_to_throw,screen_bats,screen_big_time_throws,screen_btt_rate,screen_completion_percent,screen_completions,screen_def_gen_pressures,screen_drop_rate,screen_dropbacks,screen_dropbacks_percent,screen_drops,screen_first_downs,screen_grades_hands_drop,screen_grades_hands_fumble,screen_grades_offense,screen_grades_offense_penalty,screen_grades_pass,screen_grades_pass_route,screen_grades_run,screen_hit_as_threw,screen_interceptions,screen_passing_snaps,screen_pressure_to_sack_rate,screen_qb_rating,screen_sack_percent,screen_sacks,screen_scrambles,screen_spikes,screen_thrown_aways,screen_touchdowns,screen_turnover_worthy_plays,screen_twp_rate,screen_yards,screen_ypa,ypa_diff
6,Dillon Gabriel,86272,QB,CLV,1,11.56,0,58,8,69.6,46,50,6.9,2.54,1,1,1.8,54.0,27,25,15.6,56,96.6,5,10,,81.7,50.6,0.0,52.0,,,2,0,63,24.0,65.4,10.7,6,0,0,1,0,4,6.3,220,4.4,71.1,45,49,6.7,2.46,1,1,1.8,55.1,27,23,15.6,53,91.4,5,10,,81.4,51.4,0.0,52.9,,,2,0,60,17.4,66.0,7.5,4,0,0,1,0,3,5.0,212,4.3,66.7,3,3,2.7,3.06,0,0,0.0,66.7,2,2,0.0,5,8.6,0,0,,68.0,55.7,69.9,55.9,,,0,0,5,100.0,70.1,40.0,2,0,0,0,0,1,20.0,9,3.0,0,100.0,2,2,-3.0,1.75,0,0,0.0,100.0,2,0,0.0,2,3.4,0,0,,63.6,62.6,66.9,62.2,,,0,0,2,,79.2,0.0,0,0,0,0,0,0,0.0,1,0.5,-1.33
6,Trevor Lawrence,77632,QB,JAX,1,3.03,0,51,15,65.8,38,38,8.6,3.25,0,2,5.0,60.5,23,26,8.0,46,90.2,2,12,,80.6,69.2,0.0,71.6,,55.6,0,0,49,26.9,96.8,15.2,7,1,0,0,2,1,2.0,244,6.4,69.7,33,33,7.1,2.88,0,1,2.9,63.6,21,18,8.7,39,76.5,2,9,,79.7,67.3,0.0,70.2,,55.6,0,0,42,22.2,99.2,10.3,4,1,0,0,2,1,2.4,189,5.7,66.7,9,9,8.8,3.68,0,1,11.1,66.7,6,8,0.0,12,23.5,0,4,,72.4,68.9,72.9,68.1,,,0,0,12,37.5,89.6,25.0,3,0,0,0,0,0,0.0,69,7.7,0,100.0,4,4,-3.0,1.38,0,0,0.0,100.0,4,0,0.0,5,9.8,0,1,,68.0,62.2,69.9,61.9,,,0,0,5,,81.3,0.0,0,0,0,0,0,0,0.0,14,3.5,1.94
6,Jacoby Brissett,10725,QB,ARZ,1,8.97,0,47,1,76.5,34,41,11.4,3.31,0,1,2.3,61.0,25,21,3.8,44,93.6,1,18,,80.3,73.4,79.3,67.9,,79.1,3,1,46,9.5,92.3,4.5,2,1,0,4,2,0,0.0,328,8.0,72.7,22,26,12.9,2.81,0,1,3.7,57.7,15,15,6.3,28,59.6,1,8,,77.7,73.9,78.3,69.7,,70.7,3,0,29,13.3,91.0,7.1,2,0,0,1,1,0,0.0,175,6.7,85.7,14,18,6.9,3.82,0,0,0.0,66.7,12,7,0.0,19,40.4,0,10,,75.4,66.2,74.9,61.7,,65.6,0,1,21,0.0,86.6,0.0,0,1,0,4,1,0,0.0,145,8.1,0,100.0,2,3,-4.5,1.87,0,0,0.0,66.7,2,1,0.0,3,6.4,0,0,,66.9,61.0,69.2,60.8,,,0,0,4,0.0,70.1,0.0,0,0,0,1,0,0,0.0,-8,-2.7,1.33
6,Mac Jones,60323,QB,SF,1,36.36,0,47,28,73.5,34,36,10.2,2.76,0,2,5.6,66.7,24,17,4.0,44,93.6,1,10,,80.1,68.7,79.1,70.5,,52.8,0,2,44,35.3,72.7,13.6,6,2,0,2,0,2,4.5,330,9.2,71.0,31,33,8.8,2.56,0,1,2.9,63.6,21,14,4.5,39,83.0,1,7,,79.5,61.2,78.9,62.2,,54.5,0,2,40,35.7,59.8,12.8,5,1,0,2,0,2,5.0,237,7.2,100.0,6,6,11.0,3.36,0,1,16.7,100.0,6,3,0.0,8,17.0,0,3,,70.3,88.3,71.5,90.1,,58.3,0,0,8,33.3,118.8,12.5,1,1,0,0,0,0,0.0,110,18.3,0,100.0,3,3,-2.7,1.83,0,0,0.0,100.0,3,0,0.0,3,6.4,0,0,,66.9,64.8,69.2,64.3,,,0,0,4,,90.3,0.0,0,0,0,0,0,0,0.0,17,5.7,11.15
6,Joe Flacco,4332,QB,CIN,1,-50.0,0,46,7,81.6,38,43,6.2,2.35,0,1,2.2,65.1,28,12,9.7,44,95.7,3,12,,80.0,78.0,78.9,76.4,,,1,0,47,8.3,92.9,2.3,1,0,2,2,2,0,0.0,217,5.0,85.7,35,40,6.1,2.24,0,1,2.4,70.0,28,10,6.7,41,89.1,2,12,,79.5,80.5,78.7,78.8,,,1,0,43,10.0,100.1,2.4,1,0,2,2,2,0,0.0,221,5.5,50.0,4,5,4.3,3.24,0,0,0.0,20.0,1,2,50.0,5,10.9,1,0,,68.9,53.0,70.6,53.4,,,0,0,6,0.0,39.6,0.0,0,0,0,1,0,0,0.0,-2,-0.4,0,100.0,1,2,-4.0,2.35,0,0,0.0,50.0,1,0,0.0,2,4.3,0,0,,63.6,58.8,66.9,58.9,,,0,0,2,,56.3,0.0,0,0,0,1,0,0,0.0,2,1.0,-5.93
6,Cam Ward,133244,QB,TEN,1,36.36,0,44,31,72.4,29,32,9.3,2.96,0,0,0.0,62.5,20,16,4.8,38,86.4,1,11,,20.1,52.3,0.0,54.1,,,0,1,40,37.5,79.0,15.8,6,0,1,2,1,2,5.0,211,6.6,73.3,30,33,7.6,2.76,0,0,0.0,63.6,21,15,4.5,38,86.4,1,9,,20.1,47.7,0.0,49.8,,,0,1,40,33.3,67.4,13.2,5,0,1,2,0,2,5.0,197,6.0,100.0,5,5,4.4,2.58,0,0,0.0,100.0,5,1,0.0,6,13.6,0,2,,68.9,80.1,70.6,78.3,,,0,0,6,100.0,127.1,16.7,1,0,0,0,1,0,0.0,25,5.0,0,100.0,6,6,-3.2,1.35,0,0,0.0,100.0,6,0,0.0,6,13.6,0,0,,68.9,65.4,70.6,64.8,,,0,0,6,,79.2,0.0,0,0,0,0,0,0,0.0,11,1.8,-0.97
6,Justin Herbert,28237,QB,LAC,1,10.26,0,39,27,77.8,36,37,6.4,2.73,0,0,0.0,75.7,28,12,0.0,38,97.4,0,11,,79.0,65.8,79.0,63.4,,62.6,1,0,38,8.3,111.3,2.6,1,0,0,0,2,1,2.6,250,6.8,76.0,25,26,6.1,2.83,0,0,0.0,73.1,19,8,0.0,27,69.2,0,7,,77.1,58.7,78.4,56.0,,62.6,1,0,27,12.5,101.4,3.7,1,0,0,0,1,1,3.7,160,6.2,83.3,12,12,6.3,2.5,0,0,0.0,83.3,10,4,0.0,12,30.8,0,5,,72.4,76.2,72.9,74.8,,,0,0,12,0.0,130.6,0.0,0,0,0,0,1,0,0.0,104,8.7,0,100.0,1,1,-4.0,2.5,0,0,0.0,100.0,1,0,0.0,1,2.6,0,1,,60.4,60.2,64.6,60.0,,,0,0,1,,118.8,0.0,0,0,0,0,0,0,0.0,14,14.0,2.52
6,Jalen Hurts,40291,QB,PHI,1,-15.0,0,38,24,74.2,31,32,9.8,3.26,0,0,0.0,71.9,23,11,0.0,37,97.4,0,13,,79.8,58.0,78.4,58.2,,57.9,0,1,38,27.3,85.4,8.1,3,2,0,1,0,1,2.6,280,8.8,77.8,27,28,8.7,2.98,0,0,0.0,75.0,21,9,0.0,32,84.2,0,12,,79.1,53.8,78.0,53.7,,57.9,0,1,33,22.2,97.3,6.3,2,2,0,1,1,1,3.0,240,8.6,60.0,5,5,12.8,4.4,0,0,0.0,60.0,3,2,0.0,6,15.8,0,2,,68.9,73.1,70.6,71.9,,,0,0,6,50.0,87.9,16.7,1,0,0,0,0,0,0.0,43,8.6,0,100.0,1,1,-3.0,1.1,0,0,0.0,100.0,1,0,0.0,1,2.6,0,1,,60.4,60.2,64.6,60.0,,,0,0,1,,118.8,0.0,0,0,0,0,1,0,0.0,3,3.0,0.03
6,Patrick Mahomes,11765,QB,KC,1,-20.0,0,38,16,81.0,21,23,8.1,3.25,0,0,0.0,65.2,15,10,11.8,31,81.6,2,16,,28.2,72.1,78.5,69.8,,66.4,0,0,33,30.0,121.5,9.7,3,5,0,2,2,1,3.0,199,8.7,85.0,20,20,6.3,2.84,0,0,0.0,80.0,16,5,5.9,25,65.8,1,13,,78.1,73.1,78.0,73.9,,60.4,0,0,27,20.0,144.0,4.0,1,4,0,0,3,0,0.0,181,9.1,87.5,8,10,2.4,3.08,0,0,0.0,60.0,6,5,14.3,13,34.2,1,5,,20.3,65.3,73.2,58.8,,65.6,0,0,13,40.0,83.8,15.4,2,1,0,2,0,1,7.7,76,7.6,0,100.0,7,7,-3.9,1.44,0,0,0.0,100.0,7,0,0.0,7,18.4,0,2,,69.6,66.5,71.1,65.9,,,0,0,7,,140.8,0.0,0,0,0,0,1,0,0.0,58,8.3,-1.45
6,Tua Tagovailoa,60326,QB,MIA,1,1.45,0,36,17,77.3,22,26,9.5,2.72,0,1,3.4,61.5,16,10,5.9,29,80.6,1,8,,77.7,53.0,78.1,53.5,,58.3,1,3,32,20.0,54.5,6.9,2,1,0,3,1,3,9.4,174,6.7,85.0,20,23,6.4,2.39,0,1,4.0,65.2,15,8,11.8,25,69.4,2,6,,76.8,62.7,77.8,62.2,60.0,,1,3,27,12.5,58.5,4.0,1,0,0,2,1,3,11.1,150,6.5,75.0,8,9,7.8,2.77,0,0,0.0,66.7,6,4,0.0,11,30.6,0,4,,72.4,43.6,72.9,45.6,,58.3,0,0,12,25.0,83.1,9.1,1,1,0,1,0,0,0.0,55,6.1,0,100.0,6,6,-3.3,1.6,0,0,0.0,83.3,5,2,16.7,7,19.4,1,2,,69.6,62.8,71.5,63.2,60.0,,0,0,7,0.0,88.2,0.0,0,0,0,0,0,0,0.0,31,5.2,-0.41
6,Josh Allen,46601,QB,BUF,1,33.33,0,35,4,56.0,25,25,12.4,3.22,0,3,11.1,56.0,14,17,0.0,33,94.3,0,10,,78.1,68.9,78.3,66.4,,66.4,0,2,35,23.5,72.1,12.1,4,4,0,0,2,0,0.0,180,7.2,50.0,20,20,11.5,3.17,0,2,9.1,50.0,10,13,0.0,26,74.3,0,5,,76.8,61.8,77.7,60.9,,60.5,0,2,28,23.1,40.2,11.5,3,3,0,0,1,0,0.0,93,4.7,83.3,6,6,12.7,3.14,0,1,14.3,83.3,5,4,0.0,9,25.7,0,5,,71.4,77.9,72.3,75.7,,64.2,0,0,10,25.0,158.3,11.1,1,2,0,0,1,0,0.0,87,14.5,0,100.0,1,1,-4.0,2.25,0,0,0.0,100.0,1,0,0.0,2,5.7,0,0,,65.5,58.6,68.2,62.0,,58.3,0,0,3,,79.2,0.0,0,1,0,0,0,0,0.0,0,0.0,9.85
6,Jayden Daniels,97993,QB,WAS,1,-16.19,0,35,32,90.9,22,25,8.8,3.12,1,2,6.7,72.0,18,9,10.0,34,97.1,2,13,,22.1,64.4,78.9,69.7,,49.3,0,1,39,33.3,120.5,8.8,3,6,0,2,3,2,5.1,213,8.5,94.7,19,21,7.8,2.6,0,2,8.3,76.2,16,6,11.1,24,68.6,2,10,,19.7,62.9,78.2,76.4,,29.1,0,0,27,33.3,142.7,8.3,2,1,0,2,3,1,3.7,189,9.0,75.0,4,5,10.3,4.06,1,0,0.0,60.0,3,3,0.0,11,31.4,0,3,,72.8,65.4,73.2,50.6,,77.4,0,1,13,33.3,30.8,9.1,1,5,0,0,0,1,7.7,22,4.4,0,100.0,1,1,-5.0,1.0,0,0,0.0,100.0,1,0,0.0,1,2.9,0,0,,60.4,60.3,64.6,60.1,,,0,0,1,,79.2,0.0,0,0,0,0,0,0,0.0,-2,-2.0,-4.6
6,Michael Penix Jr.,82134,QB,ATL,1,25.64,0,35,2,65.2,23,27,10.3,2.86,1,1,3.4,55.6,15,13,0.0,30,85.7,0,9,,78.2,49.6,79.1,49.7,,57.8,1,0,33,15.4,93.6,6.7,2,1,0,2,1,2,6.1,213,7.9,68.2,22,26,7.6,2.4,1,1,3.6,57.7,15,12,0.0,27,77.1,0,6,,77.4,43.9,78.9,43.4,,60.0,1,0,29,8.3,89.1,3.7,1,0,0,2,1,2,6.9,163,6.3,83.3,6,6,7.2,3.78,0,0,0.0,83.3,5,1,0.0,8,22.9,0,4,,70.9,74.4,71.9,76.3,,58.3,0,0,9,100.0,118.8,12.5,1,1,0,0,0,0,0.0,87,14.5,0,100.0,5,5,-5.0,1.8,0,0,0.0,100.0,5,0,0.0,5,14.3,0,1,,68.0,65.6,69.9,65.0,,,0,0,5,,97.5,0.0,0,0,0,0,0,0,0.0,37,7.4,8.23
6,Jordan Love,40306,QB,GB,1,-15.28,0,34,12,70.8,24,24,10.2,3.19,0,2,8.0,70.8,17,8,0.0,30,88.2,0,13,,78.1,74.2,78.5,74.4,,60.9,0,1,31,12.5,103.5,3.3,1,5,0,0,1,1,3.2,264,11.0,77.8,18,18,8.0,2.86,0,2,11.1,77.8,14,6,0.0,22,64.7,0,9,,76.3,74.0,77.8,73.6,,61.9,0,1,22,0.0,86.3,0.0,0,3,0,0,0,1,4.5,185,10.3,62.5,8,8,11.9,3.08,0,0,0.0,62.5,5,3,0.0,12,35.3,0,4,,72.8,65.4,73.2,66.0,,59.0,0,0,13,33.3,132.3,8.3,1,2,0,0,1,0,0.0,74,9.3,0,100.0,2,2,-3.0,1.05,0,0,0.0,100.0,2,1,0.0,4,11.8,0,0,,66.9,57.4,69.2,57.6,,,0,0,4,0.0,79.2,0.0,0,0,0,0,0,0,0.0,-5,-2.5,-1.03
6,Dak Prescott,10769,QB,DAL,1,5.78,0,34,9,82.1,28,31,7.8,2.9,2,1,3.0,71.0,22,6,4.3,31,91.2,1,12,,78.2,81.2,78.3,80.2,,59.5,0,0,33,0.0,129.6,0.0,0,0,0,1,3,0,0.0,269,8.7,82.6,23,25,7.0,2.81,2,1,3.7,72.0,18,5,5.3,25,73.5,1,8,,77.1,76.6,77.9,76.0,,59.5,0,0,27,0.0,122.1,0.0,0,0,0,0,2,0,0.0,200,8.0,87.5,8,9,4.9,3.16,0,0,0.0,77.8,7,1,0.0,9,26.5,0,4,,70.9,79.3,71.9,77.7,,,0,0,9,0.0,131.9,0.0,0,0,0,1,1,0,0.0,61,6.8,0,100.0,3,3,-6.3,2.97,0,0,0.0,100.0,3,0,0.0,3,8.8,0,0,,65.5,63.5,68.2,63.1,,,0,0,3,,79.2,0.0,0,0,0,0,0,0,0.0,-8,-2.7,-1.22
6,Caleb Williams,144622,QB,CHI,1,5.29,0,33,6,52.2,23,23,12.0,3.08,0,1,3.7,47.8,11,14,8.3,27,81.8,1,8,,78.1,43.0,78.5,39.0,,70.4,0,0,31,21.4,91.2,11.1,3,1,0,0,1,2,6.5,192,8.3,62.5,16,16,5.3,2.69,0,0,0.0,56.3,9,8,10.0,18,54.5,1,5,,76.3,53.6,77.8,50.2,,65.9,0,0,22,25.0,104.7,11.1,2,0,0,0,1,0,0.0,134,8.4,61.5,13,13,12.5,2.99,0,1,7.1,61.5,8,6,0.0,15,45.5,0,6,,73.9,42.0,73.9,40.2,,63.3,0,0,16,16.7,91.2,6.7,1,1,0,0,0,2,12.5,118,9.1,0,100.0,6,6,-4.8,1.67,0,0,0.0,100.0,6,0,0.0,6,18.2,0,3,,69.6,66.5,71.1,65.9,,,0,0,7,,108.3,0.0,0,0,0,0,0,0,0.0,60,10.0,0.7
6,Daniel Jones,39395,QB,IND,1,-20.0,0,33,14,79.3,29,29,7.7,2.89,0,1,3.4,72.4,21,11,8.7,32,97.0,2,14,,78.5,65.3,78.6,58.4,,79.0,0,1,32,9.1,100.6,3.1,1,2,0,0,2,2,6.3,206,7.1,90.0,20,20,5.5,2.68,0,0,0.0,80.0,16,8,11.1,22,66.7,2,9,,76.6,68.8,77.9,63.6,,71.8,0,0,22,12.5,126.3,4.5,1,1,0,0,2,1,4.5,126,6.3,60.0,10,10,10.8,3.14,0,1,10.0,60.0,6,3,0.0,11,33.3,0,6,,71.9,57.5,72.6,51.8,,65.6,0,1,11,0.0,48.3,0.0,0,1,0,0,0,1,9.1,86,8.6,0,100.0,1,1,-4.0,1.0,0,0,0.0,100.0,1,0,0.0,1,3.0,0,1,,60.4,60.5,64.6,60.4,,,0,0,1,,91.7,0.0,0,0,0,0,0,0,0.0,6,6.0,2.3
6,Bo Nix,97790,QB,DEN,1,-13.88,0,33,10,77.8,18,23,9.7,2.89,2,0,0.0,60.9,14,7,0.0,26,78.8,0,9,,78.0,81.8,78.3,79.0,,68.4,0,0,29,14.3,94.8,3.8,1,2,0,3,1,0,0.0,152,6.6,82.4,17,19,4.1,2.53,1,0,0.0,68.4,13,4,7.1,21,63.6,1,7,,76.8,87.6,77.9,85.4,,68.4,0,0,23,0.0,105.2,0.0,0,2,0,1,1,0,0.0,130,6.8,87.5,8,11,9.1,2.84,1,0,0.0,54.5,6,3,14.3,12,36.4,1,2,,72.8,60.1,73.2,60.0,,,0,0,13,33.3,64.2,8.3,1,0,0,2,0,0,0.0,44,4.0,0,100.0,7,7,-4.6,1.73,0,0,0.0,71.4,5,0,28.6,7,21.2,2,0,,69.6,65.8,71.1,65.2,,,0,0,7,,74.7,0.0,0,0,0,0,0,0,0.0,22,3.1,-2.84
6,Jaxson Dart,146409,QB,NYG,1,-10.0,0,32,21,71.4,21,22,11.7,3.22,1,1,4.2,63.6,14,13,6.7,29,90.6,1,11,,79.4,90.0,79.0,81.9,,82.3,0,0,31,15.4,106.3,6.9,2,5,0,0,1,0,0.0,190,8.6,78.9,19,20,10.0,2.62,1,0,0.0,70.0,14,10,6.7,24,75.0,1,8,,78.7,84.4,78.8,79.1,,75.2,0,0,26,10.0,110.4,4.2,1,3,0,0,1,0,0.0,160,8.0,60.0,5,5,8.4,4.24,0,1,20.0,60.0,3,3,0.0,8,25.0,0,3,,70.3,86.6,71.5,75.2,,76.0,0,0,8,33.3,81.3,12.5,1,2,0,0,0,0,0.0,35,7.0,0,100.0,3,3,-4.3,1.1,0,0,0.0,100.0,3,0,0.0,3,9.4,0,0,,65.5,63.9,68.2,63.5,,,0,0,3,,79.2,0.0,0,0,0,0,0,0,0.0,5,1.7,-1.0
6,Aaron Rodgers,2241,QB,PIT,1,-4.76,0,31,25,74.1,27,28,8.6,2.72,0,3,10.7,67.9,19,7,5.0,29,93.5,1,11,,77.2,83.0,78.3,82.7,,58.3,0,0,29,0.0,115.6,0.0,0,1,0,1,2,0,0.0,223,8.0,75.0,20,21,6.9,2.32,0,2,9.5,71.4,15,4,0.0,21,67.7,0,8,,75.4,80.3,77.7,78.8,,,0,0,21,0.0,108.8,0.0,0,0,0,1,1,0,0.0,158,7.5,77.8,9,9,9.4,3.34,0,1,11.1,66.7,6,3,14.3,10,32.3,1,3,,71.4,75.8,72.3,77.1,,58.3,0,0,10,0.0,130.3,0.0,0,1,0,0,1,0,0.0,77,8.6,0,100.0,2,2,-5.0,1.6,0,0,0.0,100.0,2,0,0.0,2,6.5,0,0,,63.6,62.4,66.9,62.1,,,0,0,2,,91.7,0.0,0,0,0,0,0,0,0.0,12,6.0,1.04
6,Jared Goff,10635,QB,DET,1,5.07,0,31,11,90.9,22,25,5.6,2.77,1,0,0.0,76.0,19,7,5.0,27,87.1,1,12,,76.8,79.4,77.9,76.6,,63.3,1,0,27,14.3,122.9,3.7,1,1,0,1,2,0,0.0,185,7.4,90.5,21,23,5.0,2.54,1,0,0.0,78.3,18,5,5.3,25,80.6,1,10,,76.3,80.7,77.7,77.9,,63.3,1,0,25,20.0,120.7,4.0,1,1,0,0,2,0,0.0,138,6.0,100.0,5,6,0.6,2.83,0,0,0.0,83.3,5,2,0.0,6,19.4,0,4,64.7,69.6,67.9,0.0,62.2,78.6,,0,0,6,0.0,111.8,0.0,0,0,0,1,0,0,0.0,65,10.8,0,100.0,4,4,-4.3,1.38,0,0,0.0,100.0,4,0,0.0,4,12.9,0,2,64.7,68.0,70.7,0.0,63.9,78.6,,0,0,4,,85.4,0.0,0,0,0,0,0,0,0.0,18,4.5,4.83
6,Drake Maye,143969,QB,NE,1,-25.0,0,31,19,81.0,21,23,13.3,3.55,0,3,11.1,69.6,16,15,5.9,28,90.3,1,13,,28.0,91.2,0.0,92.2,,62.6,0,0,32,6.7,144.2,3.6,1,4,0,2,3,1,3.1,246,10.7,80.0,20,20,11.0,3.19,0,2,8.3,75.0,15,10,6.3,24,77.4,1,10,,27.1,87.9,0.0,91.3,,55.8,0,0,28,10.0,136.3,4.2,1,3,0,0,2,1,3.6,184,9.2,100.0,4,6,12.8,4.0,0,1,16.7,50.0,3,5,25.0,7,22.6,1,4,,69.6,86.8,71.1,78.9,,65.6,0,0,7,0.0,135.4,0.0,0,1,0,2,1,0,0.0,77,12.8,0,100.0,3,3,-2.7,1.73,0,0,0.0,66.7,2,0,33.3,3,9.7,1,1,,65.5,63.6,68.2,63.2,,,0,0,3,,78.5,0.0,0,0,0,0,0,0,0.0,15,5.0,3.63
6,Spencer Rattler,97408,QB,NO,1,15.28,0,30,20,80.0,25,25,8.7,2.96,0,4,13.8,76.0,19,14,5.0,29,96.7,1,8,,78.6,93.2,78.3,91.8,,73.8,0,0,34,14.3,103.3,6.9,2,2,0,0,0,0,0.0,227,9.1,72.2,18,18,9.1,2.72,0,3,15.0,72.2,13,10,0.0,21,70.0,0,6,,76.5,91.7,77.5,88.3,,77.7,0,0,23,20.0,98.6,9.5,2,1,0,0,0,0,0.0,157,8.7,100.0,8,8,6.1,3.28,0,1,10.0,87.5,7,4,12.5,9,30.0,1,2,,72.4,86.9,72.9,88.2,,58.3,0,0,12,0.0,103.1,0.0,0,1,0,0,0,0,0.0,70,8.8,0,100.0,1,1,-4.0,0.7,0,0,0.0,100.0,1,0,0.0,1,3.3,0,0,,60.4,60.3,64.6,60.1,,,0,0,1,,79.2,0.0,0,0,0,0,0,0,0.0,0,0.0,0.03
6,Justin Fields,82118,QB,NYJ,1,-3.33,0,29,22,66.7,15,17,5.5,3.0,1,0,0.0,52.9,9,17,10.0,29,100.0,1,2,,78.0,51.2,78.5,49.0,,59.0,0,0,29,52.9,58.7,31.0,9,3,0,1,0,0,0.0,45,2.6,64.3,14,15,5.7,2.94,1,0,0.0,53.3,8,14,11.1,25,86.2,1,2,,77.2,48.0,78.3,49.4,,52.2,0,0,25,57.1,59.0,32.0,8,2,0,0,0,0,0.0,39,2.6,100.0,1,2,3.0,3.38,0,0,0.0,50.0,1,3,0.0,4,13.8,0,0,,66.9,68.8,69.2,56.6,,65.6,0,0,4,33.3,56.3,25.0,1,1,0,1,0,0,0.0,6,3.0,0,,0,0,,,0,0,,,0,0,,0,0.0,0,0,,,,,,,,0,0,0,,0.0,,0,0,0,0,0,0,,0,,0.4
6,Matthew Stafford,4924,QB,LA,1,18.95,0,29,26,68.0,25,25,9.6,2.85,0,1,3.8,64.0,16,8,5.9,28,96.6,1,9,,26.4,68.1,78.2,69.8,,52.2,0,0,29,25.0,97.8,7.1,2,1,0,0,1,2,6.9,174,7.0,64.7,17,17,10.7,2.67,0,1,5.6,58.8,10,5,9.1,19,65.5,1,6,,24.0,60.1,77.5,60.5,,60.0,0,0,20,40.0,75.9,10.5,2,0,0,0,0,2,10.0,101,5.9,77.8,9,9,6.3,3.03,0,0,0.0,77.8,7,3,0.0,10,34.5,0,4,,71.4,79.5,72.3,82.8,,56.8,0,0,10,0.0,140.7,0.0,0,1,0,0,1,0,0.0,80,8.9,0,100.0,1,1,-1.0,1.2,0,0,0.0,100.0,1,0,0.0,1,3.4,0,1,,60.4,60.5,64.6,60.4,,,0,0,1,,95.8,0.0,0,0,0,0,0,0,0.0,7,7.0,2.95
6,Sam Darnold,29048,QB,SEA,1,-13.16,0,29,29,71.4,21,25,15.3,2.8,0,5,20.0,56.0,14,9,6.7,27,93.1,1,11,,77.6,94.8,78.2,93.7,,67.7,1,0,27,11.1,123.6,3.7,1,1,0,3,2,0,0.0,289,11.6,70.6,17,19,8.8,2.33,0,2,10.5,63.2,12,6,0.0,20,69.0,0,6,,76.2,80.2,77.7,78.9,,60.5,1,0,20,16.7,96.8,5.0,1,0,0,1,1,0,0.0,112,5.9,83.3,6,8,28.3,3.54,0,3,37.5,50.0,4,3,20.0,9,31.0,1,5,,70.9,99.3,71.9,97.4,,64.4,0,0,9,0.0,135.4,0.0,0,1,0,2,1,0,0.0,183,22.9,0,100.0,2,2,-1.5,1.45,0,0,0.0,100.0,2,0,0.0,2,6.9,0,0,,63.6,62.4,66.9,62.0,,,0,0,2,,79.2,0.0,0,0,0,0,0,0,0.0,6,3.0,16.99
6,Bryce Young,123943,QB,CAR,1,13.46,0,27,5,88.2,17,22,8.8,3.13,0,1,4.2,63.6,14,13,6.7,24,88.9,1,10,,77.1,82.4,79.0,78.4,,69.4,1,1,26,7.7,108.5,4.2,1,1,0,4,3,0,0.0,173,7.9,81.8,11,13,6.8,2.62,0,1,6.7,61.5,8,5,11.1,13,48.1,1,4,,74.5,76.5,78.3,75.3,,60.0,0,1,15,0.0,77.2,0.0,0,0,0,2,2,0,0.0,51,3.9,100.0,9,12,7.1,3.36,0,0,0.0,75.0,9,9,0.0,14,51.9,0,7,,73.2,79.6,73.5,73.5,,65.6,1,0,14,11.1,143.8,7.1,1,1,0,2,1,0,0.0,148,12.3,0,100.0,3,3,-3.3,2.0,0,0,0.0,100.0,3,1,0.0,3,11.1,0,1,,65.5,63.4,68.2,63.0,,,0,0,3,0.0,102.8,0.0,0,0,0,0,0,0,0.0,26,8.7,8.41
6,Baker Mayfield,46518,QB,TB,1,-9.8,0,25,30,70.0,20,20,12.0,2.99,0,1,4.8,70.0,14,6,0.0,22,88.0,0,10,,76.2,76.9,78.0,64.9,,90.5,0,0,23,16.7,145.8,4.5,1,1,0,0,2,0,0.0,253,12.7,76.5,17,17,11.4,2.95,0,1,5.6,76.5,13,6,0.0,19,76.0,0,9,,75.5,86.2,77.8,73.2,,90.5,0,0,20,16.7,157.1,5.3,1,1,0,0,2,0,0.0,222,13.1,66.7,6,6,6.2,2.52,0,0,0.0,66.7,4,0,0.0,6,24.0,0,1,,68.9,43.9,70.6,45.1,,,0,0,6,,81.3,0.0,0,0,0,0,0,0,0.0,34,5.7,0,100.0,3,3,-3.0,1.77,0,0,0.0,100.0,3,0,0.0,3,12.0,0,0,,65.5,63.6,68.2,63.2,,,0,0,3,,79.2,0.0,0,0,0,0,0,0,0.0,3,1.0,-7.39
6,Geno Smith,7820,QB,LV,1,10.77,0,25,23,76.2,21,22,3.0,2.69,0,0,0.0,72.7,16,7,0.0,24,96.0,0,9,,78.0,68.1,78.8,68.0,,58.1,1,1,28,28.6,90.3,8.3,2,0,0,0,1,1,3.6,166,7.5,75.0,12,13,1.9,2.57,0,0,0.0,69.2,9,6,0.0,14,56.0,0,5,,76.0,64.2,78.2,64.2,,58.1,1,1,18,16.7,82.5,7.1,1,0,0,0,1,1,5.6,91,7.0,80.0,10,10,3.5,2.77,0,0,0.0,80.0,8,1,0.0,11,44.0,0,4,,71.9,69.9,72.6,69.0,,,0,0,11,100.0,101.3,9.1,1,0,0,0,0,0,0.0,83,8.3,0,100.0,1,1,-4.0,1.9,0,0,0.0,100.0,1,0,0.0,1,4.0,0,0,,60.4,60.5,64.6,60.4,,,0,0,1,,100.0,0.0,0,0,0,0,0,0,0.0,8,8.0,1.3
6,Tyler Huntley,46448,QB,BLT,1,-71.43,0,21,3,75.0,12,14,5.2,3.02,0,0,0.0,64.3,9,12,0.0,20,95.2,0,4,,75.5,66.0,75.5,54.8,,80.4,0,0,20,33.3,75.3,20.0,4,2,1,1,0,0,0.0,66,4.7,83.3,12,14,4.8,2.91,0,0,0.0,71.4,10,11,0.0,20,95.2,0,4,,75.5,65.9,75.5,54.7,,80.4,0,0,20,36.4,81.8,20.0,4,2,1,1,0,0,0.0,68,4.9,0.0,1,1,3.0,4.2,0,0,0.0,0.0,0,1,,1,4.8,0,0,,60.4,60.3,64.6,60.1,,,0,0,1,0.0,39.6,0.0,0,0,0,0,0,0,0.0,0,0.0,0,100.0,1,1,-1.0,1.9,0,0,0.0,100.0,1,0,0.0,1,4.8,0,0,,60.4,60.5,64.6,60.4,,,0,0,1,,79.2,0.0,0,0,0,0,0,0,0.0,2,2.0,-4.86
6,Cooper Rush,12324,QB,BLT,1,-29.17,0,19,3,61.1,18,19,7.4,2.68,0,0,0.0,57.9,11,8,0.0,19,100.0,0,3,,75.4,53.1,78.4,55.3,,52.1,1,1,21,0.0,44.2,0.0,0,0,0,0,0,1,4.8,72,3.8,62.5,16,16,7.4,2.58,0,0,0.0,62.5,10,7,0.0,16,84.2,0,3,,74.2,53.5,78.2,55.9,,52.1,0,1,17,0.0,44.8,0.0,0,0,0,0,0,1,5.9,64,4.0,50.0,2,3,7.0,3.2,0,0,0.0,33.3,1,1,0.0,3,15.8,0,0,,66.9,56.6,69.2,56.8,,,1,0,4,0.0,42.4,0.0,0,0,0,0,0,0,0.0,8,2.7,0,,0,0,,,0,0,,,0,0,,0,0.0,0,0,,,,,,,,0,0,0,,0.0,,0,0,0,0,0,0,,0,,-1.33
6,Jaylen Waddle,84088,WR,MIA,1,-100.0,0,1,17,,0,0,,,0,0,,,0,0,,0,0.0,0,0,49.2,68.8,79.5,77.8,,78.0,,0,0,0,,0.0,,0,0,0,0,0,0,,0,,100.0,1,1,-4.0,3.2,0,0,0.0,100.0,1,0,0.0,1,100.0,0,0,41.6,68.0,66.7,77.4,60.3,65.8,,0,0,1,,100.0,0.0,0,0,0,0,0,0,0.0,8,8.0,,0,0,,,0,0,,,0,0,,0,0.0,0,0,68.3,64.0,86.8,72.7,,82.6,,0,0,0,,0.0,,0,0,0,0,0,0,,0,,0,100.0,1,1,-4.0,3.2,0,0,0.0,100.0,1,0,0.0,1,100.0,0,0,,60.4,56.1,71.1,60.3,55.5,,0,0,1,,100.0,0.0,0,0,0,0,0,0,0.0,8,8.0,-8.0
6,Russell Wilson,7077,QB,NYG,1,0.0,0,1,21,0.0,1,1,9.0,1.8,0,0,0.0,0.0,0,0,,1,100.0,0,0,,60.4,53.0,66.9,53.6,,,0,0,1,,39.6,0.0,0,0,0,0,0,0,0.0,0,0.0,0.0,1,1,9.0,1.8,0,0,0.0,0.0,0,0,,1,100.0,0,0,,60.4,53.0,66.9,53.6,,,0,0,1,,39.6,0.0,0,0,0,0,0,0,0.0,0,0.0,,0,0,,,0,0,,,0,0,,0,0.0,0,0,,,,,,,,0,0,0,,0.0,,0,0,0,0,0,0,,0,,0,,0,0,,,0,0,,,0,0,,0,0.0,0,0,,,,,,,,0,0,0,,0.0,,0,0,0,0,0,0,,0,,0.0
week,player,player_id,position,team_name,player_game_count,comp_pct_diff,declined_penalties,dropbacks,franchise_id,no_screen_accuracy_percent,no_screen_aimed_passes,no_screen_attempts,no_screen_avg_depth_of_target,no_screen_avg_time_to_throw,no_screen_bats,no_screen_big_time_throws,no_screen_btt_rate,no_screen_completion_percent,no_screen_completions,no_screen_def_gen_pressures,no_screen_drop_rate,no_screen_dropbacks,no_screen_dropbacks_percent,no_screen_drops,no_screen_first_downs,no_screen_grades_hands_drop,no_screen_grades_hands_fumble,no_screen_grades_offense,no_screen_grades_offense_penalty,no_screen_grades_pass,no_screen_grades_pass_route,no_screen_grades_run,no_screen_hit_as_threw,no_screen_interceptions,no_screen_passing_snaps,no_screen_pressure_to_sack_rate,no_screen_qb_rating,no_screen_sack_percent,no_screen_sacks,no_screen_scrambles,no_screen_spikes,no_screen_thrown_aways,no_screen_touchdowns,no_screen_turnover_worthy_plays,no_screen_twp_rate,no_screen_yards,no_screen_ypa,npa_accuracy_percent,npa_aimed_passes,npa_attempts,npa_avg_depth_of_target,npa_avg_time_to_throw,npa_bats,npa_big_time_throws,npa_btt_rate,npa_completion_percent,npa_completions,npa_def_gen_pressures,npa_drop_rate,npa_dropbacks,npa_dropbacks_percent,npa_drops,npa_first_downs,npa_grades_hands_drop,npa_grades_hands_fumble,npa_grades_offense,npa_grades_offense_penalty,npa_grades_pass,npa_grades_pass_route,npa_grades_run,npa_hit_as_threw,npa_interceptions,npa_passing_snaps,npa_pressure_to_sack_rate,npa_qb_rating,npa_sack_percent,npa_sacks,npa_scrambles,npa_spikes,npa_thrown_aways,npa_touchdowns,npa_turnover_worthy_plays,npa_twp_rate,npa_yards,npa_ypa,pa_accuracy_percent,pa_aimed_passes,pa_attempts,pa_avg_depth_of_target,pa_avg_time_to_throw,pa_bats,pa_big_time_throws,pa_btt_rate,pa_completion_percent,pa_completions,pa_def_gen_pressures,pa_drop_rate,pa_dropbacks,pa_dropbacks_percent,pa_drops,pa_first_downs,pa_grades_hands_drop,pa_grades_hands_fumble,pa_grades_offense,pa_grades_offense_penalty,pa_grades_pass,pa_grades_pass_route,pa_grades_run,pa_hit_as_threw,pa_interceptions,pa_passing_snaps,pa_pressure_to_sack_rate,pa_qb_rating,pa_sack_percent,pa_sacks,pa_scrambles,pa_spikes,pa_thrown_aways,pa_touchdowns,pa_turnover_worthy_plays,pa_twp_rate,pa_yards,pa_ypa,penalties,screen_accuracy_percent,screen_aimed_passes,screen_attempts,screen_avg_depth_of_target,screen_avg_time_to_throw,screen_bats,screen_big_time_throws,screen_btt_rate,screen_completion_percent,screen_completions,screen_def_gen_pressures,screen_drop_rate,screen_dropbacks,screen_dropbacks_percent,screen_drops,screen_first_downs,screen_grades_hands_drop,screen_grades_hands_fumble,screen_grades_offense,screen_grades_offense_penalty,screen_grades_pass,screen_grades_pass_route,screen_grades_run,screen_hit_as_threw,screen_interceptions,screen_passing_snaps,screen_pressure_to_sack_rate,screen_qb_rating,screen_sack_percent,screen_sacks,screen_scrambles,screen_spikes,screen_thrown_aways,screen_touchdowns,screen_turnover_worthy_plays,screen_twp_rate,screen_yards,screen_ypa,ypa_diff
7,Justin Herbert,28237,QB,LAC,1,6.82,0,61,27,78.7,47,52,9.9,3.22,1,3,5.6,67.3,35,27,5.4,58,95.1,2,20,,82.0,81.6,0.0,79.1,,73.7,3,2,60,11.1,94.6,5.2,3,3,0,1,3,1,1.7,415,8.0,78.0,41,44,9.8,3.13,1,3,6.7,65.9,29,19,9.4,47,77.0,3,15,,80.7,77.8,0.0,76.0,,71.0,1,2,48,5.3,80.3,2.1,1,2,0,1,1,1,2.1,366,8.3,88.9,9,11,5.3,3.14,0,0,0.0,72.7,8,8,0.0,14,23.0,0,5,,73.5,79.7,73.7,76.4,,63.3,2,0,15,25.0,122.7,14.3,2,1,0,0,2,0,0.0,54,4.9,0,100.0,3,3,-5.0,1.53,0,0,0.0,66.7,2,0,33.3,3,4.9,1,0,,65.5,63.6,68.2,63.2,,,0,0,3,,70.1,0.0,0,0,0,0,0,0,0.0,5,1.7,-3.41
7,Trevor Lawrence,77632,QB,JAX,1,-4.27,0,57,15,63.2,38,40,14.5,3.16,1,3,7.1,50.0,20,24,16.7,49,86.0,4,13,,80.5,75.0,79.2,74.2,,59.0,0,0,51,29.2,81.8,14.3,7,2,0,1,1,0,0.0,285,7.1,62.2,37,39,13.2,2.93,1,2,4.9,48.7,19,22,17.4,45,78.9,4,10,,80.0,70.0,79.0,70.6,,55.3,0,0,47,22.7,75.2,11.1,5,1,0,1,1,0,0.0,224,5.7,83.3,6,9,7.3,3.11,2,1,11.1,44.4,4,5,20.0,12,21.1,1,4,,72.4,59.0,72.9,54.4,,64.0,0,0,12,40.0,72.5,16.7,2,1,0,1,0,1,8.3,72,8.0,0,80.0,5,8,-3.4,1.78,2,0,0.0,37.5,3,3,25.0,8,14.0,1,1,,70.3,31.2,71.5,33.1,,,0,0,8,0.0,45.8,0.0,0,0,0,1,0,1,12.5,11,1.4,2.26
7,Bo Nix,97790,QB,DEN,1,12.35,0,56,10,66.7,36,42,12.3,2.71,5,4,8.7,47.6,20,15,16.7,45,80.4,4,12,,35.8,68.6,79.3,67.2,,63.5,0,0,50,13.3,80.2,4.4,2,1,1,0,2,0,0.0,227,5.4,67.6,34,39,11.4,2.38,4,3,7.3,51.3,20,10,13.0,44,78.6,3,10,,33.7,65.1,79.2,63.7,,63.5,0,0,47,10.0,69.5,2.3,1,1,1,0,0,0,0.0,231,5.9,90.0,10,11,2.8,2.51,1,1,7.7,63.6,7,5,22.2,12,21.4,2,6,,73.2,71.2,73.5,70.2,,,0,0,14,20.0,112.9,8.3,1,0,0,0,2,0,0.0,48,4.4,0,100.0,8,8,-3.4,1.17,0,0,0.0,87.5,7,0,12.5,11,19.6,1,4,,71.9,61.0,72.6,60.7,,,0,0,11,,93.8,0.0,0,0,0,0,0,0,0.0,52,6.5,-1.56
7,C.J. Stroud,129759,QB,HST,1,-0.39,0,54,13,50.0,44,47,9.9,3.04,0,3,5.8,44.7,21,21,4.5,52,96.3,1,13,,29.4,40.6,79.5,39.7,,66.1,0,1,59,14.3,57.8,5.8,3,2,0,3,1,6,10.2,229,4.9,53.1,32,34,11.5,3.12,0,3,8.1,47.1,16,15,5.9,38,70.4,1,9,,26.7,46.3,78.6,44.6,,66.1,0,0,43,13.3,71.8,5.3,2,2,0,2,1,4,9.3,169,5.0,50.0,14,15,4.4,2.69,0,0,0.0,46.7,7,6,0.0,16,29.6,0,4,,74.5,40.6,74.3,42.0,,,0,1,18,16.7,29.9,6.3,1,0,0,1,0,2,11.1,60,4.0,0,100.0,2,2,-4.0,1.75,0,0,0.0,100.0,2,0,0.0,2,3.7,0,0,,63.6,62.4,66.9,62.0,,,0,0,2,,79.2,0.0,0,0,0,0,0,0,0.0,0,0.0,-0.97
7,Baker Mayfield,46518,QB,TB,1,-15.28,0,54,30,56.8,44,47,10.9,3.15,2,2,4.0,53.2,25,28,0.0,51,94.4,0,10,,33.5,45.9,79.0,46.5,,,1,1,54,14.3,55.5,7.8,4,0,0,0,0,2,3.7,203,4.3,62.5,40,43,8.6,3.03,2,0,0.0,58.1,25,26,0.0,46,85.2,0,10,,29.8,38.7,78.7,39.7,,,1,1,48,11.5,68.8,6.5,3,0,0,0,1,2,4.2,208,4.8,42.9,7,7,18.0,3.45,0,2,25.0,42.9,3,2,0.0,8,14.8,0,1,,70.9,76.9,71.9,75.3,,,0,0,9,50.0,50.3,12.5,1,0,0,0,0,0,0.0,20,2.9,0,100.0,3,3,-3.3,2.03,0,0,0.0,100.0,3,0,0.0,3,5.6,0,1,,65.5,63.4,68.2,63.0,,,0,0,3,,141.0,0.0,0,0,0,0,1,0,0.0,25,8.3,-1.98
7,Joe Flacco,4332,QB,CIN,1,-34.29,0,49,7,73.2,41,44,8.2,2.33,0,2,4.3,63.6,28,17,6.7,46,93.9,2,16,,81.1,84.3,79.5,81.1,,69.7,1,0,49,11.8,109.2,4.3,2,0,0,2,3,0,0.0,331,7.5,78.4,37,39,7.9,2.22,0,2,4.8,71.8,28,13,3.4,41,83.7,1,15,,80.5,89.4,79.2,86.1,,69.7,0,0,44,15.4,120.2,4.9,2,0,0,2,3,0,0.0,306,7.8,57.1,7,8,5.0,2.54,0,0,0.0,37.5,3,4,25.0,8,16.3,1,1,,70.3,51.0,71.5,51.6,,,1,0,8,0.0,52.1,0.0,0,0,0,0,0,0,0.0,36,4.5,0,100.0,3,3,-2.7,1.33,0,0,0.0,100.0,3,0,0.0,3,6.1,0,0,,65.5,63.8,68.2,63.4,,,0,0,3,,81.9,0.0,0,0,0,0,0,0,0.0,11,3.7,-3.35
7,Carson Wentz,10636,QB,MIN,1,10.61,0,47,18,69.2,39,41,11.5,2.91,0,1,2.3,61.0,25,18,7.4,45,95.7,2,15,,80.2,51.0,79.1,45.0,,86.0,0,2,47,11.1,64.1,4.4,2,2,0,2,0,2,4.3,310,7.6,64.3,28,29,10.8,2.76,0,0,0.0,58.6,17,14,5.6,34,72.3,1,9,,27.5,37.2,78.3,29.7,,86.0,0,2,34,14.3,41.5,5.9,2,2,0,1,0,2,5.9,134,4.6,83.3,12,13,11.8,3.02,0,1,6.7,69.2,9,5,10.0,13,27.7,1,6,,73.5,68.3,73.7,67.5,,,0,0,15,0.0,111.9,0.0,0,0,0,1,0,0,0.0,179,13.8,0,100.0,1,1,-4.0,1.1,0,0,0.0,100.0,1,1,0.0,2,4.3,0,0,,13.9,28.9,66.9,31.5,,,0,0,2,0.0,79.2,0.0,0,0,0,0,0,0,0.0,3,3.0,9.15
7,Jacoby Brissett,10725,QB,ARZ,1,-3.7,0,46,1,76.7,30,33,9.6,3.08,0,3,8.1,66.7,22,19,4.3,43,93.5,1,13,,32.3,70.0,79.4,70.2,,58.5,1,0,48,31.6,112.2,14.0,6,4,0,2,2,1,2.1,272,8.2,80.0,25,27,9.1,2.8,0,3,9.7,70.4,19,15,5.0,35,76.1,1,11,,28.9,70.8,78.9,72.9,,53.4,0,0,39,33.3,121.2,14.3,5,3,0,2,2,1,2.6,232,8.6,75.0,8,9,6.8,3.59,0,0,0.0,66.7,6,4,0.0,11,23.9,0,3,,72.4,63.3,72.9,58.9,,64.0,1,0,12,25.0,79.4,9.1,1,1,0,0,0,0,0.0,47,5.2,0,100.0,3,3,-2.0,1.73,0,0,0.0,100.0,3,0,0.0,3,6.5,0,1,,65.5,63.7,68.2,63.3,,,0,0,3,,79.2,0.0,0,0,0,0,0,0,0.0,7,2.3,-3.37
7,Michael Penix Jr.,82134,QB,ATL,1,-40.61,0,43,2,68.0,25,31,13.4,3.22,0,2,5.7,51.6,16,15,5.9,35,81.4,1,10,,78.9,60.3,0.0,62.9,,54.7,3,0,40,13.3,72.6,5.7,2,2,0,3,0,3,7.5,205,6.6,75.0,28,33,11.1,2.87,0,2,5.9,60.6,20,14,4.8,38,88.4,1,13,,78.9,62.6,0.0,65.3,,54.7,3,0,40,14.3,92.7,5.3,2,2,0,2,1,3,7.5,238,7.2,33.3,3,5,-1.3,2.82,0,0,0.0,20.0,1,1,0.0,5,11.6,0,0,,70.3,49.3,71.5,50.1,,,0,0,8,0.0,39.6,0.0,0,0,0,2,0,0,0.0,3,0.6,0,83.3,6,7,-4.8,1.31,0,0,0.0,71.4,5,0,0.0,8,18.6,0,3,,70.3,55.7,71.5,55.8,,,0,0,8,,122.6,0.0,0,0,0,1,1,0,0.0,36,5.1,-6.61
7,Patrick Mahomes,11765,QB,KC,1,-55.65,0,40,16,76.0,25,27,9.4,2.73,1,0,0.0,66.7,18,8,5.3,32,80.0,1,15,,78.3,66.0,78.5,60.3,,75.6,0,0,35,12.5,118.4,3.1,1,4,0,1,2,2,5.7,234,8.7,86.2,29,31,6.4,2.32,1,0,0.0,80.6,25,8,0.0,35,87.5,0,16,,78.7,74.5,78.7,71.5,,68.5,0,0,38,12.5,137.0,2.9,1,3,0,1,3,1,2.6,283,9.1,50.0,4,4,5.8,2.92,0,0,0.0,25.0,1,0,50.0,5,12.5,1,1,,68.9,36.2,70.6,28.5,,65.6,0,0,6,,39.6,0.0,0,1,0,0,0,1,16.7,3,0.8,0,100.0,8,8,-3.5,1.08,0,0,0.0,100.0,8,0,0.0,8,20.0,0,2,,70.9,67.3,71.9,66.6,,,0,0,9,,133.3,0.0,0,0,0,0,1,0,0.0,52,6.5,-8.38
7,Cam Ward,133244,QB,TEN,1,18.27,0,39,31,75.9,29,30,7.0,2.95,0,2,6.5,73.3,22,10,0.0,35,89.7,0,12,,25.4,60.6,78.0,60.0,,,0,1,36,50.0,92.4,14.3,5,0,0,1,1,2,5.6,230,7.7,72.0,25,26,5.6,2.92,0,0,0.0,69.2,18,8,0.0,29,74.4,0,9,,77.4,57.7,77.5,57.3,,,0,1,30,37.5,69.4,10.3,3,0,0,1,0,1,3.3,160,6.2,100.0,7,8,7.0,2.65,0,2,25.0,87.5,7,3,0.0,10,25.6,0,5,,16.8,67.2,72.3,66.5,,,0,0,10,66.7,155.7,20.0,2,0,0,1,1,1,10.0,95,11.9,0,100.0,3,4,-4.7,2.03,0,0,0.0,75.0,3,1,0.0,4,10.3,0,2,,66.9,61.1,69.2,60.9,,,0,0,4,0.0,90.6,0.0,0,0,0,1,0,0,0.0,25,6.3,5.73
7,Spencer Rattler,97408,QB,NO,1,-14.29,0,37,20,65.5,29,30,12.7,2.86,0,2,6.3,60.0,18,13,5.3,35,94.6,1,9,,28.2,53.8,78.3,47.9,,79.7,0,3,37,30.8,66.0,11.4,4,1,0,1,2,6,16.2,225,7.5,70.4,27,28,11.7,2.57,0,2,6.9,64.3,18,11,5.3,31,83.8,1,8,,27.1,65.6,78.0,61.7,,71.4,0,1,32,27.3,94.8,9.7,3,0,0,1,2,4,12.5,203,7.3,50.0,4,4,13.0,3.95,0,0,0.0,50.0,2,3,0.0,6,16.2,0,1,,69.6,28.4,71.1,25.9,,65.6,0,2,7,33.3,35.4,16.7,1,1,0,0,0,2,28.6,30,7.5,0,100.0,2,2,0.0,1.6,0,0,0.0,100.0,2,1,0.0,2,5.4,0,0,,63.6,62.2,66.9,61.9,,,0,0,2,0.0,83.3,0.0,0,0,0,0,0,0,0.0,8,4.0,0.25
7,Jaxson Dart,146409,QB,NYG,1,5.56,0,37,21,56.0,25,30,14.0,3.0,2,3,8.3,40.0,12,13,14.3,34,91.9,2,10,,80.2,48.2,0.0,51.1,,63.7,2,1,41,30.8,78.3,11.8,4,0,0,1,2,2,4.9,249,8.3,58.3,24,27,12.0,2.86,2,3,9.1,44.4,12,10,14.3,30,81.1,2,10,,79.6,46.5,0.0,49.5,,63.7,1,1,37,30.0,81.3,10.0,3,0,0,0,2,2,5.4,213,7.9,75.0,4,6,14.3,3.03,0,0,0.0,50.0,3,3,0.0,7,18.9,0,2,,69.6,65.6,71.1,65.0,,,1,0,7,33.3,131.9,14.3,1,0,0,1,1,0,0.0,70,11.7,0,100.0,3,3,-2.0,1.6,0,0,0.0,100.0,3,0,0.0,3,8.1,0,2,,65.5,63.2,68.2,62.8,,,0,0,3,,153.5,0.0,0,0,0,0,1,0,0.0,34,11.3,3.78
7,Daniel Jones,39395,QB,IND,1,15.02,0,37,14,74.2,31,33,11.4,2.79,0,1,2.9,66.7,22,13,4.3,36,97.3,1,13,,79.2,65.9,78.6,67.8,,51.6,0,0,37,7.7,111.8,2.8,1,2,1,1,2,0,0.0,269,8.2,68.4,19,21,14.0,2.68,0,1,4.5,61.9,13,10,0.0,24,64.9,0,8,,77.2,67.8,77.7,70.5,,51.6,0,0,25,10.0,100.9,4.2,1,2,1,1,1,0,0.0,158,7.5,84.6,13,13,6.1,2.98,0,0,0.0,76.9,10,3,9.1,13,35.1,1,6,,72.8,59.6,73.2,59.5,,,0,0,13,0.0,133.5,0.0,0,0,0,0,1,0,0.0,130,10.0,0,100.0,1,1,-7.0,2.8,0,0,0.0,100.0,1,0,0.0,1,2.7,0,1,,60.4,60.3,64.6,60.1,,,0,0,1,,118.8,0.0,0,0,0,0,0,0,0.0,19,19.0,2.48
7,Aaron Rodgers,2241,QB,PIT,1,-32.41,0,35,25,68.0,25,26,13.6,3.21,0,3,10.7,61.5,16,5,5.9,27,77.1,1,11,,77.2,76.4,78.1,76.0,,58.3,0,2,29,0.0,97.1,0.0,0,1,0,1,4,1,3.4,226,8.7,78.6,28,29,9.3,2.82,0,3,9.7,72.4,21,6,4.5,30,85.7,1,11,,77.7,84.4,78.3,83.8,,58.3,0,1,32,0.0,119.2,0.0,0,1,0,1,3,0,0.0,255,8.8,40.0,5,5,12.2,3.14,0,0,0.0,40.0,2,1,0.0,5,14.3,0,1,,68.0,41.2,69.9,42.7,,,0,1,5,0.0,47.9,0.0,0,0,0,0,1,1,20.0,-6,-1.2,0,87.5,8,8,-2.6,1.71,0,0,0.0,87.5,7,2,0.0,8,22.9,0,1,,70.3,67.2,71.5,66.5,,,0,0,8,0.0,79.2,0.0,0,0,0,0,0,0,0.0,23,2.9,-9.99
7,Sam Darnold,29048,QB,SEA,1,13.64,0,35,29,62.5,24,28,12.5,2.82,2,5,16.1,53.6,15,13,0.0,31,88.6,0,9,,25.6,61.9,79.2,62.0,58.9,57.5,0,1,34,15.4,73.8,6.5,2,1,0,2,1,2,5.9,202,7.2,58.8,17,20,12.7,2.61,2,2,9.5,50.0,10,11,0.0,24,68.6,0,6,,23.5,44.0,78.7,43.5,,57.5,0,1,25,18.2,65.4,8.3,2,1,0,1,1,2,8.0,124,6.2,77.8,9,11,9.1,2.76,0,3,23.1,63.6,7,2,0.0,11,31.4,0,3,,72.8,87.8,73.5,86.5,58.9,,0,0,13,0.0,88.8,0.0,0,0,0,2,0,0,0.0,89,8.1,0,100.0,2,3,-1.5,1.4,0,0,0.0,66.7,2,0,0.0,4,11.4,0,0,,66.9,57.8,69.2,57.9,,,0,0,4,,72.9,0.0,0,0,0,1,0,0,0.0,11,3.7,1.89
7,Drake Maye,143969,QB,NE,1,11.11,0,35,19,95.0,20,21,9.3,3.14,0,3,14.3,90.5,19,9,0.0,32,91.4,0,15,,77.7,88.5,78.2,84.0,,74.8,1,0,32,44.4,142.9,12.5,4,7,0,0,2,0,0.0,224,10.7,94.1,17,18,10.0,2.86,0,3,16.7,88.9,16,6,0.0,26,74.3,0,12,,76.6,86.5,77.7,84.3,,69.3,1,0,26,33.3,146.1,7.7,2,6,0,0,2,0,0.0,183,10.2,100.0,5,5,1.6,3.72,0,0,0.0,100.0,5,4,0.0,9,25.7,0,3,,70.9,72.4,71.9,67.6,,66.4,0,0,9,50.0,99.2,22.2,2,2,0,0,0,0,0.0,39,7.8,0,100.0,2,2,-4.0,2.43,0,0,0.0,100.0,2,1,0.0,3,8.6,0,0,,65.5,58.8,68.2,62.2,,58.3,0,0,3,0.0,79.2,0.0,0,1,0,0,0,0,0.0,-2,-1.0,-2.37
7,Jared Goff,10635,QB,DET,1,22.08,0,34,11,70.8,24,25,7.4,2.7,0,0,0.0,68.0,17,13,0.0,30,88.2,0,7,,27.3,36.1,79.0,34.5,,62.6,0,1,33,30.8,88.6,13.3,4,1,0,1,1,2,6.1,199,8.0,70.0,20,22,7.6,2.39,1,0,0.0,63.6,14,11,0.0,25,73.5,0,7,,26.1,34.3,78.7,32.1,,62.6,0,1,28,27.3,89.0,12.0,3,0,0,1,1,2,7.1,199,9.0,85.7,7,7,1.6,3.18,0,0,0.0,85.7,6,3,0.0,9,26.5,0,2,,70.9,58.1,71.9,60.3,,58.3,0,0,9,33.3,91.7,11.1,1,1,0,0,0,0,0.0,42,6.0,0,100.0,3,4,-5.0,1.83,1,0,0.0,75.0,3,1,0.0,4,11.8,0,2,,66.9,61.0,69.2,60.8,,,0,0,4,0.0,108.3,0.0,0,0,0,0,0,0,0.0,42,10.5,-3.05
7,Matthew Stafford,4924,QB,LA,1,54.44,0,34,26,65.5,29,29,13.3,2.81,0,4,11.1,58.6,17,13,10.5,30,88.2,2,12,,79.0,80.7,0.0,82.0,,55.8,0,0,38,0.0,112.6,0.0,0,1,0,0,5,0,0.0,154,5.3,50.0,18,18,12.6,2.46,0,1,4.3,38.9,7,9,22.2,18,52.9,2,5,,76.4,62.5,0.0,63.8,,60.0,0,0,24,0.0,84.0,0.0,0,0,0,0,2,0,0.0,36,2.0,93.3,15,15,10.1,2.91,0,3,17.6,93.3,14,4,0.0,16,47.1,0,9,,74.5,92.8,74.3,92.9,,56.8,0,0,18,0.0,146.8,0.0,0,1,0,0,3,0,0.0,146,9.7,0,100.0,4,4,-2.0,1.6,0,0,0.0,100.0,4,0,0.0,4,11.8,0,2,,66.9,64.6,69.2,64.1,,,0,0,4,,95.8,0.0,0,0,0,0,0,0,0.0,28,7.0,7.73
7,Dak Prescott,10769,QB,DAL,1,15.0,0,33,9,73.9,23,25,9.6,2.73,2,3,11.1,68.0,17,14,0.0,28,84.8,0,12,,27.9,77.3,78.8,82.3,,49.5,0,0,33,7.1,139.8,3.6,1,2,0,0,3,0,0.0,249,10.0,72.2,18,20,9.8,2.73,2,2,9.5,65.0,13,11,0.0,23,69.7,0,9,,26.3,74.3,78.4,81.2,,45.4,0,0,26,9.1,103.5,4.3,1,2,0,0,1,0,0.0,147,7.4,80.0,10,10,2.2,2.34,0,1,9.1,80.0,8,3,0.0,10,30.3,0,3,,72.4,70.8,72.9,67.8,,62.6,0,0,12,0.0,155.0,0.0,0,0,0,0,2,0,0.0,117,11.7,0,80.0,5,5,-4.2,1.96,0,0,0.0,80.0,4,0,0.0,5,15.2,0,0,,68.0,57.8,69.9,57.9,,,0,0,5,,79.2,0.0,0,0,0,0,0,0,0.0,15,3.0,4.35
7,Jordan Love,40306,QB,GB,1,-6.67,0,33,12,73.9,23,26,9.0,3.05,1,0,0.0,61.5,16,10,5.9,30,90.9,1,10,,21.4,51.8,78.1,57.0,,42.6,1,0,31,10.0,91.3,3.3,1,3,0,1,1,2,6.5,157,6.0,76.2,21,24,6.6,2.71,1,0,0.0,66.7,16,8,0.0,27,81.8,0,8,,21.0,53.3,78.0,58.2,,44.0,1,0,29,12.5,81.8,3.7,1,2,0,1,0,1,3.4,139,5.8,80.0,5,5,11.4,3.87,0,0,0.0,60.0,3,2,25.0,6,18.2,1,3,,69.6,57.7,71.1,59.8,,58.3,0,0,7,0.0,125.0,0.0,0,1,0,0,1,1,14.3,40,8.0,0,100.0,3,3,-3.7,1.7,0,0,0.0,100.0,3,0,0.0,3,9.1,0,1,,68.0,65.1,69.9,64.6,,,0,0,5,,97.2,0.0,0,0,0,0,0,0,0.0,22,7.3,2.21
7,Tyrod Taylor,6332,QB,NYJ,1,-32.94,0,28,22,66.7,18,21,16.8,3.49,2,1,4.5,47.6,10,9,16.7,27,96.4,2,6,,77.0,47.2,76.5,50.9,,49.1,0,2,28,33.3,27.2,11.1,3,3,0,1,0,3,10.7,126,6.0,71.4,14,17,15.4,3.21,2,1,5.6,52.9,9,8,10.0,22,78.6,1,6,,75.9,54.3,75.9,57.5,,51.1,0,1,23,37.5,51.1,13.6,3,2,0,1,0,2,8.7,120,7.1,50.0,4,5,22.0,4.47,0,0,0.0,20.0,1,1,50.0,6,21.4,1,0,,68.9,36.7,70.6,40.2,,58.3,0,1,6,0.0,0.0,0.0,0,1,0,1,0,1,16.7,6,1.2,0,,0,1,,3.3,0,0,0.0,0.0,0,0,,1,3.6,0,0,,60.4,60.0,64.6,60.0,,,0,0,1,,39.6,0.0,0,0,0,1,0,0,0.0,0,0.0,-5.86
7,Mac Jones,60323,QB,SF,1,-31.43,0,28,28,81.8,22,23,6.0,2.77,0,0,0.0,69.6,16,9,11.1,25,89.3,2,10,,77.5,76.6,78.9,72.4,,70.6,0,1,25,11.1,67.8,4.0,1,1,0,1,0,0,0.0,143,6.2,85.7,21,21,5.9,2.35,0,0,0.0,71.4,15,7,16.7,22,78.6,3,8,,76.9,76.6,78.7,75.5,,62.6,0,1,22,14.3,66.4,4.5,1,0,0,0,0,0,0.0,124,5.9,66.7,3,5,-1.0,4.07,0,0,0.0,40.0,2,2,0.0,6,21.4,0,2,,68.9,63.0,70.6,52.2,,65.6,0,0,6,0.0,58.8,0.0,0,1,0,2,0,0,0.0,28,5.6,0,100.0,2,3,-5.0,2.3,0,0,0.0,33.3,1,0,50.0,3,10.7,1,0,,65.5,60.0,68.2,59.9,,,0,0,3,,42.4,0.0,0,0,0,1,0,0,0.0,9,3.0,-0.3
7,Tua Tagovailoa,60326,QB,MIA,1,35.56,0,28,17,61.1,18,19,9.8,2.56,0,0,0.0,47.4,9,6,18.2,22,78.6,2,4,,24.5,30.2,77.4,37.6,,37.4,0,3,23,33.3,21.1,9.1,2,1,0,1,0,2,8.7,87,4.6,58.8,17,18,8.8,2.14,1,0,0.0,44.4,8,5,20.0,22,78.6,2,3,,18.9,26.2,77.4,28.7,,37.4,0,3,23,20.0,16.0,4.5,1,1,0,0,0,2,8.7,71,3.9,100.0,4,5,3.3,2.78,0,0,0.0,80.0,4,2,0.0,6,21.4,0,2,,68.9,67.2,70.6,66.5,,,0,0,6,50.0,90.8,16.7,1,0,0,1,0,0,0.0,29,5.8,0,100.0,3,4,-4.3,1.23,1,0,0.0,75.0,3,1,0.0,6,21.4,0,1,,18.9,36.7,70.6,38.3,,,0,0,6,0.0,78.1,0.0,0,0,0,0,0,0,0.0,13,3.3,1.86
7,Jayden Daniels,97993,QB,WAS,1,-44.71,0,28,32,73.7,19,21,9.4,3.34,1,2,9.1,52.4,11,12,21.4,27,96.4,3,8,,27.1,67.2,77.7,63.3,,68.1,0,0,28,16.7,92.8,7.4,2,4,0,1,1,1,3.6,157,7.5,75.0,16,17,7.3,3.3,0,1,5.6,64.7,11,9,8.3,22,78.6,1,7,,26.0,64.5,77.3,58.5,,70.6,0,0,23,22.2,103.1,9.1,2,3,0,1,1,1,4.3,112,6.6,75.0,4,5,13.5,3.18,1,1,20.0,20.0,1,3,66.7,6,21.4,2,1,,68.9,70.4,70.6,72.7,,58.3,0,0,6,0.0,63.8,0.0,0,1,0,0,0,0,0.0,44,8.8,0,100.0,1,1,-7.0,1.6,0,0,0.0,100.0,1,0,0.0,1,3.6,0,0,,60.4,60.2,64.6,60.0,,,0,0,1,,79.2,0.0,0,0,0,0,0,0,0.0,-1,-1.0,2.21
7,Bryce Young,123943,QB,CAR,1,6.49,0,28,5,76.5,17,22,7.6,3.26,1,0,0.0,54.5,12,11,7.7,25,89.3,1,7,,28.3,57.0,77.7,60.0,,50.3,1,0,25,9.1,81.6,4.0,1,2,0,3,1,0,0.0,100,4.5,72.7,11,14,6.2,2.83,1,0,0.0,57.1,8,6,0.0,17,60.7,0,3,,26.0,51.8,77.1,55.3,,50.3,1,0,18,16.7,68.2,5.9,1,2,0,1,0,0,0.0,62,4.4,88.9,9,11,5.7,3.58,0,0,0.0,63.6,7,6,12.5,11,39.3,1,5,,71.9,69.0,72.6,68.2,,,0,0,11,0.0,114.2,0.0,0,0,0,2,1,0,0.0,76,6.9,0,100.0,3,3,-3.7,1.97,0,0,0.0,100.0,3,1,0.0,3,10.7,0,1,,66.9,64.4,69.2,63.9,,,0,0,4,0.0,118.8,0.0,0,0,0,0,0,0,0.0,38,12.7,2.48
7,Caleb Williams,144622,QB,CHI,1,38.35,0,27,6,63.6,22,24,9.6,3.74,1,0,0.0,58.3,14,10,0.0,25,92.6,0,10,,29.8,62.7,79.3,64.2,,52.6,0,1,26,10.0,62.7,4.0,1,0,0,1,0,2,7.7,169,7.0,56.3,16,19,9.4,3.3,2,0,0.0,47.4,9,8,0.0,20,74.1,0,6,,28.4,53.9,79.0,55.4,,52.6,0,1,21,12.5,40.7,5.0,1,0,0,1,0,2,9.5,96,5.1,85.7,7,7,8.7,4.19,0,0,0.0,85.7,6,2,0.0,7,25.9,0,4,,69.6,80.3,71.1,78.5,,,0,0,7,0.0,111.9,0.0,0,0,0,0,0,0,0.0,76,10.9,0,100.0,1,2,-1.0,0.85,1,0,0.0,50.0,1,0,0.0,2,7.4,0,0,,63.6,58.8,66.9,58.9,,,0,0,2,,56.3,0.0,0,0,0,0,0,0,0.0,3,1.5,5.81
7,Jalen Hurts,40291,QB,PHI,1,21.05,0,26,24,87.0,23,23,12.4,3.44,0,4,17.4,82.6,19,10,5.0,26,100.0,1,9,,77.7,95.2,78.0,94.9,,61.0,0,0,26,30.0,158.3,11.5,3,0,0,0,3,0,0.0,326,14.2,84.2,19,19,10.4,3.42,0,3,15.8,78.9,15,8,6.3,22,84.6,1,6,,76.9,91.4,77.7,91.4,,61.0,0,0,22,37.5,146.7,13.6,3,0,0,0,2,0,0.0,205,10.8,100.0,4,4,21.8,3.58,0,1,25.0,100.0,4,2,0.0,4,15.4,0,3,,66.9,96.3,69.2,94.8,,,0,0,4,0.0,158.3,0.0,0,0,0,0,1,0,0.0,121,30.3,0,,0,0,,,0,0,,,0,0,,0,0.0,0,0,,,,,,,,0,0,0,,0.0,,0,0,0,0,0,0,,0,,19.46
7,Dillon Gabriel,86272,QB,CLV,1,-44.62,0,23,8,66.7,12,12,8.0,3.38,0,0,0.0,58.3,7,6,12.5,17,73.9,1,4,,75.5,44.0,78.0,44.6,,52.8,0,0,20,33.3,78.5,11.8,2,3,0,0,0,1,5.0,80,6.7,84.6,13,13,3.7,2.91,0,0,0.0,84.6,11,5,0.0,17,73.9,0,5,,75.2,46.4,77.9,46.3,,54.9,0,0,19,40.0,97.8,11.8,2,2,0,0,0,1,5.3,97,7.5,60.0,5,5,7.4,3.38,0,0,0.0,40.0,2,1,33.3,6,26.1,1,1,,69.6,57.0,71.1,59.4,,58.3,0,0,7,0.0,51.3,0.0,0,1,0,0,0,0,0.0,19,3.8,0,100.0,6,6,-1.8,2.05,0,0,0.0,100.0,6,0,0.0,6,26.1,0,2,,68.9,65.4,70.6,64.8,,,0,0,6,,91.7,0.0,0,0,0,0,0,0,0.0,36,6.0,-3.66
7,Geno Smith,7820,QB,LV,1,25.45,0,18,23,66.7,9,10,7.2,2.91,0,0,0.0,50.0,5,4,16.7,12,66.7,1,2,,22.0,54.2,75.3,67.2,,34.1,1,0,15,25.0,61.2,8.3,1,1,0,0,0,0,0.0,42,4.2,66.7,9,11,4.8,2.63,0,0,0.0,54.5,6,4,0.0,13,72.2,0,1,,22.0,44.0,75.3,57.4,,34.1,1,0,15,25.0,65.7,7.7,1,1,0,1,0,0,0.0,48,4.4,100.0,5,5,1.0,2.42,0,0,0.0,80.0,4,0,20.0,5,27.8,1,1,,68.9,80.5,70.6,78.7,,,0,0,6,,82.5,0.0,0,0,0,0,0,0,0.0,19,3.8,0,100.0,5,6,-3.4,1.9,0,0,0.0,83.3,5,0,0.0,6,33.3,0,0,,68.9,62.9,70.6,62.6,,,0,0,6,,84.0,0.0,0,0,0,1,0,0,0.0,25,4.2,-0.56
7,Justin Fields,82118,QB,NYJ,1,-66.67,0,17,22,50.0,8,10,10.1,2.97,1,0,0.0,40.0,4,5,0.0,13,76.5,0,2,,74.3,40.8,75.5,40.3,,55.1,0,0,13,40.0,51.7,15.4,2,1,0,1,0,0,0.0,39,3.9,75.0,8,9,3.4,2.25,1,0,0.0,66.7,6,4,0.0,14,82.4,0,2,,74.6,43.4,75.6,43.4,,55.1,0,0,14,75.0,78.9,21.4,3,1,0,0,0,0,0.0,46,5.1,0.0,2,3,25.0,3.8,0,0,0.0,0.0,0,2,,3,17.6,0,0,,65.5,42.8,68.2,44.3,,,0,0,3,0.0,39.6,0.0,0,0,0,1,0,0,0.0,0,0.0,0,100.0,2,2,-2.0,1.08,0,0,0.0,100.0,2,1,0.0,4,23.5,0,0,,66.9,49.4,69.2,50.2,,,0,0,4,100.0,81.3,25.0,1,0,0,0,0,0,0.0,7,3.5,-5.11
7,Marcus Mariota,9435,QB,WAS,1,0.0,0,12,32,44.4,9,9,14.2,3.45,0,0,0.0,44.4,4,6,0.0,11,91.7,0,2,,73.5,37.7,75.0,31.0,,72.0,0,1,12,33.3,28.7,18.2,2,0,0,0,0,1,8.3,63,7.0,40.0,5,5,17.4,4.02,0,0,0.0,40.0,2,4,0.0,6,50.0,0,1,,71.3,34.2,74.1,27.9,,72.0,0,1,7,25.0,21.7,16.7,1,0,0,0,0,1,14.3,31,6.2,50.0,4,5,10.3,2.58,1,0,0.0,40.0,2,3,0.0,6,50.0,0,1,,68.9,54.2,70.6,54.6,,,0,0,6,33.3,62.1,16.7,1,0,0,0,0,0,0.0,32,6.4,0,,0,1,,1.6,1,0,0.0,0.0,0,1,,1,8.3,0,0,,60.4,60.0,64.6,60.0,,,0,0,1,0.0,39.6,0.0,0,0,0,0,0,0,0.0,0,0.0,0.2
7,Quinn Ewers,127253,QB,MIA,1,-71.43,0,10,17,50.0,6,6,13.3,2.28,0,0,0.0,50.0,3,4,0.0,8,80.0,0,2,,17.7,21.9,0.0,27.3,,60.0,0,0,8,50.0,79.2,25.0,2,0,0,0,0,1,12.5,51,8.5,71.4,7,7,8.1,1.99,0,0,0.0,71.4,5,3,0.0,8,80.0,0,2,,18.3,24.3,0.0,30.9,,60.0,0,0,8,33.3,93.2,12.5,1,0,0,0,0,1,12.5,53,7.6,0.0,1,1,17.0,2.6,0,0,0.0,0.0,0,1,,2,20.0,0,0,,60.4,42.9,66.9,44.6,,,0,0,2,100.0,39.6,50.0,1,0,0,0,0,0,0.0,0,0.0,0,100.0,2,2,-3.0,1.45,0,0,0.0,100.0,2,0,0.0,2,20.0,0,0,,63.6,62.2,66.9,61.9,,,0,0,2,,79.2,0.0,0,0,0,0,0,0,0.0,2,1.0,-7.57
7,Andy Dalton,6187,QB,CAR,1,-66.67,0,8,5,66.7,6,7,16.2,2.26,0,0,0.0,57.1,4,2,0.0,8,100.0,0,2,,71.8,76.1,75.2,75.1,,60.0,0,0,8,50.0,85.4,12.5,1,0,0,1,0,0,0.0,60,8.6,66.7,6,6,16.2,2.17,0,0,0.0,66.7,4,1,0.0,7,87.5,0,2,,71.3,77.9,75.0,77.0,,60.0,0,0,7,100.0,99.3,14.3,1,0,0,0,0,0,0.0,60,10.0,,0,1,,2.9,0,0,0.0,0.0,0,1,,1,12.5,0,0,,60.4,60.0,64.6,60.0,,,0,0,1,0.0,39.6,0.0,0,0,0,1,0,0,0.0,0,0.0,0,,0,0,,,0,0,,,0,0,,0,0.0,0,0,,,,,,,,0,0,0,,0.0,,0,0,0,0,0,0,,0,,-10.0
7,Kenny Pickett,60515,QB,LV,1,0.0,0,2,23,100.0,2,2,0.5,2.8,0,0,0.0,100.0,2,0,0.0,2,100.0,0,0,,14.0,29.0,69.9,62.0,,47.6,0,0,2,,83.3,0.0,0,0,0,0,0,0,0.0,8,4.0,100.0,1,1,-4.0,2.5,0,0,0.0,100.0,1,0,0.0,1,50.0,0,0,,13.6,27.9,69.2,60.4,,47.6,0,0,1,,79.2,0.0,0,0,0,0,0,0,0.0,1,1.0,100.0,1,1,5.0,3.1,0,0,0.0,100.0,1,0,0.0,1,50.0,0,0,,60.4,60.3,64.6,60.1,,,0,0,1,,95.8,0.0,0,0,0,0,0,0,0.0,7,7.0,0,,0,0,,,0,0,,,0,0,,0,0.0,0,0,,,,,,,,0,0,0,,0.0,,0,0,0,0,0,0,,0,,6.0
7,Cooper Kupp,11824,WR,SEA,1,0.0,0,1,29,0.0,1,1,7.0,3.6,0,0,0.0,0.0,0,1,,1,100.0,0,0,68.3,65.7,56.0,76.8,45.5,62.1,,0,1,1,0.0,0.0,0.0,0,0,0,0,0,1,100.0,0,0.0,,0,0,,,0,0,,,0,0,,0,0.0,0,0,64.7,61.2,52.4,76.2,,52.5,,0,0,0,,0.0,,0,0,0,0,0,0,,0,,0.0,1,1,7.0,3.6,0,0,0.0,0.0,0,1,,1,100.0,0,0,64.7,63.8,62.4,71.9,45.5,74.4,,0,1,1,0.0,0.0,0.0,0,0,0,0,0,1,100.0,0,0.0,0,,0,0,,,0,0,,,0,0,,0,0.0,0,0,,,54.9,68.4,,56.1,,0,0,0,,0.0,,0,0,0,0,0,0,,0,,0.0
7,Joshua Dobbs,11890,QB,NE,1,-100.0,0,1,19,100.0,1,1,12.0,4.9,0,0,0.0,100.0,1,1,0.0,1,100.0,0,1,,66.7,73.6,71.9,71.9,,60.0,0,0,1,0.0,116.7,0.0,0,0,0,0,0,0,0.0,12,12.0,100.0,1,1,12.0,4.9,0,0,0.0,100.0,1,1,0.0,1,100.0,0,1,,66.7,73.6,71.9,71.9,,60.0,0,0,1,0.0,116.7,0.0,0,0,0,0,0,0,0.0,12,12.0,,0,0,,,0,0,,,0,0,,0,0.0,0,0,,,,,,,,0,0,0,,0.0,,0,0,0,0,0,0,,0,,0,,0,0,,,0,0,,,0,0,,0,0.0,0,0,,,,,,,,0,0,0,,0.0,,0,0,0,0,0,0,,0,,-12.0
week,player,player_id,position,team_name,player_game_count,comp_pct_diff,declined_penalties,dropbacks,franchise_id,no_screen_accuracy_percent,no_screen_aimed_passes,no_screen_attempts,no_screen_avg_depth_of_target,no_screen_avg_time_to_throw,no_screen_bats,no_screen_big_time_throws,no_screen_btt_rate,no_screen_completion_percent,no_screen_completions,no_screen_def_gen_pressures,no_screen_drop_rate,no_screen_dropbacks,no_screen_dropbacks_percent,no_screen_drops,no_screen_first_downs,no_screen_grades_hands_drop,no_screen_grades_hands_fumble,no_screen_grades_offense,no_screen_grades_offense_penalty,no_screen_grades_pass,no_screen_grades_pass_route,no_screen_grades_run,no_screen_hit_as_threw,no_screen_interceptions,no_screen_passing_snaps,no_screen_pressure_to_sack_rate,no_screen_qb_rating,no_screen_sack_percent,no_screen_sacks,no_screen_scrambles,no_screen_spikes,no_screen_thrown_aways,no_screen_touchdowns,no_screen_turnover_worthy_plays,no_screen_twp_rate,no_screen_yards,no_screen_ypa,npa_accuracy_percent,npa_aimed_passes,npa_attempts,npa_avg_depth_of_target,npa_avg_time_to_throw,npa_bats,npa_big_time_throws,npa_btt_rate,npa_completion_percent,npa_completions,npa_def_gen_pressures,npa_drop_rate,npa_dropbacks,npa_dropbacks_percent,npa_drops,npa_first_downs,npa_grades_hands_drop,npa_grades_hands_fumble,npa_grades_offense,npa_grades_offense_penalty,npa_grades_pass,npa_grades_pass_route,npa_grades_run,npa_hit_as_threw,npa_interceptions,npa_passing_snaps,npa_pressure_to_sack_rate,npa_qb_rating,npa_sack_percent,npa_sacks,npa_scrambles,npa_spikes,npa_thrown_aways,npa_touchdowns,npa_turnover_worthy_plays,npa_twp_rate,npa_yards,npa_ypa,pa_accuracy_percent,pa_aimed_passes,pa_attempts,pa_avg_depth_of_target,pa_avg_time_to_throw,pa_bats,pa_big_time_throws,pa_btt_rate,pa_completion_percent,pa_completions,pa_def_gen_pressures,pa_drop_rate,pa_dropbacks,pa_dropbacks_percent,pa_drops,pa_first_downs,pa_grades_hands_drop,pa_grades_hands_fumble,pa_grades_offense,pa_grades_offense_penalty,pa_grades_pass,pa_grades_pass_route,pa_grades_run,pa_hit_as_threw,pa_interceptions,pa_passing_snaps,pa_pressure_to_sack_rate,pa_qb_rating,pa_sack_percent,pa_sacks,pa_scrambles,pa_spikes,pa_thrown_aways,pa_touchdowns,pa_turnover_worthy_plays,pa_twp_rate,pa_yards,pa_ypa,penalties,screen_accuracy_percent,screen_aimed_passes,screen_attempts,screen_avg_depth_of_target,screen_avg_time_to_throw,screen_bats,screen_big_time_throws,screen_btt_rate,screen_completion_percent,screen_completions,screen_def_gen_pressures,screen_drop_rate,screen_dropbacks,screen_dropbacks_percent,screen_drops,screen_first_downs,screen_grades_hands_drop,screen_grades_hands_fumble,screen_grades_offense,screen_grades_offense_penalty,screen_grades_pass,screen_grades_pass_route,screen_grades_run,screen_hit_as_threw,screen_interceptions,screen_passing_snaps,screen_pressure_to_sack_rate,screen_qb_rating,screen_sack_percent,screen_sacks,screen_scrambles,screen_spikes,screen_thrown_aways,screen_touchdowns,screen_turnover_worthy_plays,screen_twp_rate,screen_yards,screen_ypa,ypa_diff
8,Cam Ward,133244,QB,TEN,1,-9.38,0,43,31,64.7,34,36,10.2,3.2,1,2,5.3,55.6,20,14,9.1,41,95.3,2,13,,79.8,64.5,79.2,65.4,,54.1,0,1,44,28.6,74.8,9.8,4,1,1,0,1,1,2.3,248,6.9,66.7,30,32,9.9,3.03,1,2,5.7,59.4,19,13,5.0,36,83.7,1,11,,79.3,58.5,79.0,61.9,,44.6,0,1,40,30.8,69.3,11.1,4,0,1,0,0,1,2.5,236,7.4,66.7,6,6,7.8,3.69,0,0,0.0,50.0,3,1,25.0,7,16.3,1,2,,69.6,82.1,71.1,74.6,,65.6,0,0,7,0.0,99.3,0.0,0,1,0,0,1,0,0.0,23,3.8,0,100.0,2,2,-1.5,1.8,0,0,0.0,100.0,2,0,0.0,2,4.7,0,0,,65.5,63.5,68.2,63.1,,,0,0,3,,89.6,0.0,0,0,0,0,0,0,0.0,11,5.5,-3.55
8,C.J. Stroud,129759,QB,HST,1,-30.86,0,42,13,79.4,34,36,9.1,2.77,1,1,2.7,75.0,27,9,0.0,39,92.9,0,18,,80.0,80.4,79.5,76.7,,71.8,0,1,41,0.0,108.0,0.0,0,3,0,1,2,1,2.4,315,8.8,88.0,25,25,6.0,2.59,0,0,0.0,88.0,22,7,0.0,28,66.7,0,13,,78.4,80.0,78.9,75.9,,71.8,0,1,30,0.0,105.0,0.0,0,3,0,0,2,1,3.3,170,6.8,66.7,12,14,12.3,3.08,1,1,6.7,57.1,8,3,0.0,14,33.3,0,5,,73.5,69.9,73.7,69.0,,,0,0,15,0.0,93.8,0.0,0,0,0,1,0,0,0.0,148,10.6,0,100.0,3,3,-3.3,2.5,0,0,0.0,100.0,3,1,0.0,3,7.1,0,0,,66.9,60.7,69.2,60.6,,,0,0,4,0.0,79.2,0.0,0,0,0,0,0,0,0.0,3,1.0,3.77
8,Caleb Williams,144622,QB,CHI,1,13.46,0,41,6,72.4,29,33,11.2,3.27,0,2,5.9,60.6,20,11,4.8,36,87.8,1,12,,78.8,59.0,78.6,59.0,,57.6,0,1,37,9.1,71.0,2.8,1,2,0,4,0,1,2.7,246,7.5,70.8,24,26,9.6,3.14,0,2,7.4,61.5,16,8,5.9,28,68.3,1,9,,77.4,63.0,78.1,61.3,,63.2,0,0,29,12.5,83.7,3.6,1,1,0,2,0,0,0.0,189,7.3,90.0,10,12,7.4,2.88,0,0,0.0,75.0,9,3,0.0,13,31.7,0,5,,72.8,54.1,73.2,57.6,,56.3,0,1,13,0.0,63.2,0.0,0,1,0,2,0,1,7.7,96,8.0,0,100.0,5,5,-4.0,1.54,0,0,0.0,100.0,5,0,0.0,5,12.2,0,2,,68.0,64.9,69.9,64.4,,,0,0,5,,99.2,0.0,0,0,0,0,0,0,0.0,39,7.8,0.73
8,Patrick Mahomes,11765,QB,KC,1,2.27,0,41,16,80.0,25,28,9.3,3.38,0,3,10.0,67.9,19,15,5.0,34,82.9,1,15,,78.7,83.7,78.8,82.8,,63.2,1,2,36,20.0,104.0,8.8,3,3,0,2,3,1,2.8,265,9.5,89.5,19,22,6.4,2.93,0,1,4.2,72.7,16,10,5.9,28,68.3,1,13,,77.6,77.2,78.4,75.1,,66.2,1,2,30,30.0,96.6,10.7,3,2,0,2,3,1,3.3,170,7.7,75.0,12,12,7.1,3.1,0,2,16.7,75.0,9,5,0.0,13,31.7,0,4,,72.8,81.9,73.2,82.6,,58.3,0,0,13,0.0,109.4,0.0,0,1,0,0,0,0,0.0,129,10.8,0,100.0,6,6,-4.3,1.09,0,0,0.0,100.0,6,0,0.0,7,17.1,0,2,,69.6,63.5,71.1,63.1,,,0,0,7,,90.3,0.0,0,0,0,0,0,0,0.0,34,5.7,3.02
8,Aaron Rodgers,2241,QB,PIT,1,5.91,0,39,25,75.0,28,32,8.8,2.93,1,2,5.4,65.6,21,13,0.0,35,89.7,0,9,,79.0,75.7,78.5,74.3,,,1,0,40,23.1,105.6,8.6,3,0,0,2,2,0,0.0,215,6.7,73.1,26,29,9.4,2.65,1,2,5.9,65.5,19,11,0.0,31,79.5,0,7,,78.4,78.7,78.3,77.0,,,1,0,36,18.2,105.5,6.5,2,0,0,1,2,0,0.0,180,6.2,100.0,6,7,-0.8,3.24,0,0,0.0,71.4,5,2,16.7,8,20.5,1,3,,70.9,56.7,71.9,56.8,,,0,0,9,50.0,84.8,12.5,1,0,0,1,0,0,0.0,39,5.6,0,100.0,4,4,-1.8,1.45,0,0,0.0,75.0,3,0,25.0,4,10.3,1,1,,68.0,65.1,69.9,64.6,,,0,0,5,,77.1,0.0,0,0,0,0,0,0,0.0,4,1.0,-0.64
8,Dak Prescott,10769,QB,DAL,1,31.55,0,38,9,64.3,28,29,8.7,2.72,1,1,3.1,58.6,17,14,5.6,36,94.7,1,11,,79.3,51.0,78.9,54.1,,48.5,0,2,40,14.3,48.6,5.6,2,5,0,0,0,2,5.0,184,6.3,60.9,23,24,8.5,2.57,1,0,0.0,54.2,13,12,7.1,29,76.3,1,8,,78.2,47.9,78.5,48.9,,53.5,0,2,33,16.7,34.9,6.9,2,3,0,0,0,2,6.1,129,5.4,85.7,7,7,6.1,2.84,0,1,14.3,85.7,6,2,0.0,9,23.7,0,3,,70.9,65.3,71.9,72.0,,51.5,0,0,9,0.0,101.8,0.0,0,2,0,0,0,0,0.0,59,8.4,0,100.0,2,2,-2.5,1.1,0,0,0.0,100.0,2,0,0.0,2,5.3,0,0,,63.6,62.3,66.9,62.0,,,0,0,2,,79.2,0.0,0,0,0,0,0,0,0.0,4,2.0,3.05
8,Dillon Gabriel,86272,QB,CLV,1,-3.57,0,38,8,64.3,28,31,8.6,3.19,1,0,0.0,58.1,18,16,0.0,33,86.8,0,7,,78.3,32.4,0.0,33.3,60.0,64.4,0,2,35,6.3,65.0,3.0,1,1,0,2,2,3,8.6,148,4.8,63.0,27,28,8.0,2.93,1,0,0.0,60.7,17,12,0.0,31,81.6,0,6,,77.9,33.8,0.0,34.5,60.0,64.4,0,2,33,8.3,52.2,3.2,1,1,0,0,1,2,6.1,117,4.2,100.0,4,7,4.3,3.26,1,0,0.0,57.1,4,6,0.0,7,18.4,0,2,,69.6,50.3,71.1,50.9,,,0,0,7,0.0,112.5,0.0,0,0,0,2,1,1,14.3,39,5.6,0,100.0,3,4,-3.0,1.66,1,0,0.0,75.0,3,2,0.0,5,13.2,0,1,,68.0,59.0,69.9,58.9,,,0,0,5,0.0,77.1,0.0,0,0,0,0,0,0,0.0,8,2.0,1.39
8,Jordan Love,40306,QB,GB,1,-26.19,0,37,12,89.3,28,32,7.7,2.58,0,1,3.0,75.0,24,10,4.0,32,86.5,1,13,,78.2,81.4,78.6,79.7,,60.0,2,0,33,0.0,116.5,0.0,0,0,0,2,1,0,0.0,319,10.0,92.9,28,30,4.4,2.35,0,1,3.2,83.3,25,10,3.8,30,81.1,1,13,,77.8,79.5,78.5,77.9,,60.0,1,0,31,0.0,140.7,0.0,0,0,0,1,3,0,0.0,293,9.8,80.0,5,7,14.6,3.1,0,0,0.0,57.1,4,2,0.0,7,18.9,0,3,,69.6,73.2,71.1,72.0,,,1,0,7,0.0,89.6,0.0,0,0,0,1,0,0,0.0,67,9.6,0,100.0,5,5,-3.8,1.98,0,0,0.0,100.0,5,2,0.0,5,13.5,0,3,,68.0,65.2,69.9,64.7,,,0,0,5,0.0,140.4,0.0,0,0,0,0,2,0,0.0,41,8.2,-0.2
8,Mac Jones,60323,QB,SF,1,-28.74,0,37,28,73.1,26,29,13.2,2.93,0,3,10.0,55.2,16,13,15.8,33,89.2,3,11,,78.3,79.5,77.6,75.7,,71.0,2,1,35,15.4,82.5,6.1,2,2,0,1,2,1,2.9,180,6.2,77.8,27,29,10.7,2.72,0,3,10.3,62.1,18,11,14.3,33,89.2,3,10,,78.1,72.5,77.5,71.1,,62.5,2,1,34,18.2,78.4,6.1,2,1,0,0,1,1,2.9,191,6.6,50.0,2,3,23.5,3.43,0,0,0.0,33.3,1,2,0.0,4,10.8,0,2,,68.0,86.3,69.9,77.7,,65.6,0,0,5,0.0,81.9,0.0,0,1,0,1,1,0,0.0,2,0.7,0,100.0,3,3,-2.7,1.63,0,0,0.0,100.0,3,0,0.0,4,10.8,0,1,,66.9,61.1,69.2,60.9,,,0,0,4,,84.7,0.0,0,0,0,0,0,0,0.0,13,4.3,-5.92
8,Justin Fields,82118,QB,NYJ,1,6.36,0,37,22,72.7,22,26,8.8,3.15,0,2,7.4,61.5,16,7,0.0,31,83.8,0,11,,79.3,79.2,79.1,83.1,60.0,59.9,1,0,33,0.0,101.3,0.0,0,5,1,2,1,0,0.0,219,8.4,73.7,19,22,4.8,2.59,0,2,8.7,63.6,14,4,0.0,24,64.9,0,7,,78.0,76.6,78.6,77.4,,62.6,1,0,25,0.0,95.8,0.0,0,2,1,1,1,0,0.0,135,6.1,77.8,9,10,8.3,3.54,0,0,0.0,70.0,7,3,0.0,13,35.1,0,5,,73.2,71.4,73.7,76.0,60.0,56.4,0,0,14,0.0,105.8,0.0,0,3,0,1,0,0,0.0,109,10.9,0,83.3,6,6,-4.3,1.78,0,0,0.0,83.3,5,0,0.0,6,16.2,0,1,,68.9,59.1,70.6,59.0,,,0,0,6,,84.0,0.0,0,0,0,0,0,0,0.0,25,4.2,4.76
8,Joe Flacco,4332,QB,CIN,1,36.89,0,36,7,67.9,28,30,6.7,2.68,0,1,3.2,60.0,18,7,5.3,32,88.9,1,11,,78.2,68.4,78.4,63.1,,74.6,0,0,33,14.3,101.7,3.1,1,1,0,2,2,1,3.0,197,6.6,60.9,23,25,5.0,2.59,0,0,0.0,52.0,13,6,7.1,27,75.0,1,6,,77.3,56.6,78.0,50.3,,74.6,0,0,28,16.7,74.8,3.7,1,1,0,2,1,1,3.6,96,3.8,100.0,9,9,6.4,2.41,0,1,11.1,88.9,8,1,11.1,9,25.0,1,6,,70.9,90.2,71.9,88.1,,,0,0,9,0.0,155.8,0.0,0,0,0,0,1,0,0.0,127,14.1,0,100.0,4,4,-4.0,1.45,0,0,0.0,75.0,3,0,25.0,4,11.1,1,1,,66.9,64.9,69.2,64.4,,,0,0,4,,91.7,0.0,0,0,0,0,0,0,0.0,26,6.5,10.27
8,Tyler Shough,83537,QB,NO,1,-58.62,0,35,20,64.3,28,29,9.6,2.61,1,1,3.4,55.2,16,11,11.1,34,97.1,2,8,,78.1,71.2,77.1,70.9,,59.4,0,1,34,18.2,51.1,5.9,2,3,0,0,0,0,0.0,121,4.2,67.9,28,29,8.1,2.56,1,1,3.4,58.6,17,10,10.5,34,97.1,2,8,,78.1,73.4,77.1,73.2,,59.4,0,1,34,20.0,55.0,5.9,2,3,0,0,0,0,0.0,128,4.4,0.0,1,1,35.0,3.2,0,0,0.0,0.0,0,1,,1,2.9,0,0,,60.4,51.1,64.6,52.1,,,0,0,1,0.0,39.6,0.0,0,0,0,0,0,0,0.0,0,0.0,0,100.0,1,1,-5.0,1.4,0,0,0.0,100.0,1,0,0.0,1,2.9,0,0,,60.4,60.2,64.6,60.0,,,0,0,1,,95.8,0.0,0,0,0,0,0,0,0.0,7,7.0,-4.41
8,Marcus Mariota,9435,QB,WAS,1,40.91,0,35,32,79.2,24,24,7.0,3.64,0,2,8.0,70.8,17,15,10.5,29,82.9,2,8,,27.6,69.4,77.8,78.6,,44.0,0,1,30,13.3,91.7,6.9,2,3,0,0,1,2,6.7,196,8.2,76.2,21,22,5.3,3.22,1,2,8.7,59.1,13,11,18.8,26,74.3,3,5,,26.9,57.0,77.6,68.7,,36.7,0,2,27,18.2,49.8,7.7,2,2,0,0,1,2,7.4,112,5.1,100.0,8,8,4.9,3.62,0,0,0.0,100.0,8,4,0.0,9,25.7,0,4,,70.9,91.6,71.9,87.1,,65.9,0,0,9,0.0,118.8,0.0,0,1,0,0,0,0,0.0,101,12.6,0,100.0,5,6,-3.6,1.8,1,0,0.0,66.7,4,0,20.0,6,17.1,1,1,,68.9,63.1,70.6,62.8,,,0,1,6,,30.6,0.0,0,0,0,0,0,0,0.0,17,2.8,7.54
8,Andy Dalton,6187,QB,CAR,1,0.0,0,34,5,71.4,21,22,9.2,2.9,0,1,4.3,68.2,15,15,0.0,30,88.2,0,11,,19.9,51.4,78.5,58.7,,36.8,0,0,32,46.7,91.1,23.3,7,1,0,1,0,3,9.4,170,7.7,66.7,21,21,7.3,2.42,0,1,4.8,66.7,14,12,0.0,30,88.2,0,9,,19.7,42.7,78.4,50.4,,36.8,0,1,31,50.0,65.6,20.0,6,1,0,0,0,3,9.7,140,6.7,100.0,2,3,17.0,4.13,0,0,0.0,66.7,2,3,0.0,4,11.8,0,2,,68.0,55.9,69.9,56.2,,,0,0,5,33.3,106.3,25.0,1,0,0,1,0,1,20.0,35,11.7,0,50.0,2,2,-2.5,0.58,0,0,0.0,50.0,1,0,0.0,4,11.8,0,0,,66.9,26.3,69.2,27.5,,,0,1,4,,16.7,0.0,0,0,0,0,0,1,25.0,5,2.5,5.0
8,Drake Maye,143969,QB,NE,1,15.13,0,34,19,82.6,23,24,12.1,3.09,0,1,3.7,75.0,18,14,5.3,34,100.0,1,13,,28.7,71.6,79.2,67.7,,70.8,0,1,37,42.9,135.8,17.6,6,4,0,1,3,2,5.4,282,11.8,81.3,16,17,13.9,3.02,0,1,5.0,70.6,12,10,7.7,24,70.6,1,8,,26.5,67.4,78.6,61.6,,74.2,0,1,27,40.0,123.2,16.7,4,3,0,1,2,2,7.4,194,11.4,85.7,7,7,8.0,3.26,0,0,0.0,85.7,6,4,0.0,10,29.4,0,5,,71.4,74.6,72.3,76.2,,58.3,0,0,10,50.0,158.3,20.0,2,1,0,0,1,0,0.0,88,12.6,0,,0,0,,,0,0,,,0,0,,0,0.0,0,0,,,,,,,,0,0,0,,0.0,,0,0,0,0,0,0,,0,,1.16
8,Justin Herbert,28237,QB,LAC,1,13.33,0,34,27,73.9,23,23,9.8,3.3,0,1,4.2,73.9,17,21,0.0,32,94.1,0,17,,77.9,94.0,79.4,91.9,,82.7,0,1,33,9.5,125.5,6.3,2,7,0,0,3,0,0.0,223,9.7,66.7,15,15,9.5,2.83,0,1,6.7,66.7,10,11,0.0,18,52.9,0,9,,74.5,91.0,78.5,90.0,,70.6,0,0,18,0.0,129.4,0.0,0,3,0,0,2,0,0.0,116,7.7,88.9,9,10,8.7,3.61,0,0,0.0,80.0,8,11,0.0,16,47.1,0,8,,74.2,91.2,74.1,84.4,,79.4,0,1,17,18.2,106.7,12.5,2,4,0,1,1,0,0.0,111,11.1,0,100.0,1,2,-4.0,1.55,0,0,0.0,50.0,1,1,0.0,2,5.9,0,0,,63.6,58.9,66.9,59.0,,,0,0,2,0.0,56.3,0.0,0,0,0,1,0,0,0.0,4,2.0,3.37
8,Daniel Jones,39395,QB,IND,1,-9.8,0,33,14,81.0,21,23,12.8,3.09,0,0,0.0,69.6,16,10,5.9,27,81.8,1,12,,76.8,75.3,77.3,75.2,,58.3,1,0,27,30.0,131.6,11.1,3,1,0,1,2,0,0.0,235,10.2,92.9,14,17,11.7,2.95,0,0,0.0,76.5,13,8,0.0,20,60.6,0,9,,75.1,75.1,76.6,73.9,,,1,0,20,37.5,152.5,15.0,3,0,0,2,3,0,0.0,192,11.3,75.0,12,12,6.8,2.71,0,0,0.0,66.7,8,2,11.1,13,39.4,1,5,,72.8,67.9,73.2,69.1,,58.3,0,0,13,0.0,85.4,0.0,0,1,0,0,0,0,0.0,80,6.7,0,100.0,5,6,-4.6,1.78,0,0,0.0,83.3,5,0,0.0,6,18.2,0,2,,68.9,63.1,70.6,62.8,,,0,0,6,,131.9,0.0,0,0,0,1,1,0,0.0,37,6.2,-4.62
8,Kirk Cousins,7102,QB,ATL,1,33.33,0,32,2,75.0,28,29,9.5,2.53,0,0,0.0,65.5,19,11,9.5,30,93.8,2,6,,78.1,65.9,78.0,66.0,,60.0,0,0,31,9.1,78.8,3.3,1,0,0,1,0,0,0.0,154,5.3,75.9,29,30,8.2,2.45,0,0,0.0,66.7,20,11,9.1,31,96.9,2,6,,78.1,63.4,78.0,63.6,,60.0,0,0,31,9.1,78.3,3.2,1,0,0,1,0,0,0.0,149,5.0,100.0,1,1,20.0,3.2,0,0,0.0,100.0,1,0,0.0,1,3.1,0,1,,63.6,73.4,66.9,72.1,,,0,0,2,,118.8,0.0,0,0,0,0,0,0,0.0,24,24.0,0,100.0,2,2,-3.5,1.6,0,0,0.0,100.0,2,0,0.0,2,6.3,0,1,,63.6,62.3,66.9,62.0,,,0,0,2,,106.3,0.0,0,0,0,0,0,0,0.0,19,9.5,19.03
8,Carson Wentz,10636,QB,MIN,1,9.87,0,32,18,55.0,20,23,8.5,2.83,1,0,0.0,47.8,11,16,0.0,28,87.5,0,6,,29.5,32.7,77.1,34.0,,,1,1,29,31.3,59.0,17.9,5,0,0,1,1,2,6.9,114,5.0,58.8,17,19,7.0,2.55,1,0,0.0,52.6,10,14,0.0,24,75.0,0,6,,28.3,41.9,76.7,42.5,,,1,0,25,35.7,72.3,20.8,5,0,0,0,0,1,4.0,120,6.3,71.4,7,8,4.7,3.15,0,0,0.0,62.5,5,3,0.0,8,25.0,0,2,,70.3,35.4,71.5,37.2,,,0,1,8,0.0,66.7,0.0,0,0,0,1,1,1,12.5,24,3.0,0,100.0,4,4,-4.5,1.8,0,0,0.0,100.0,4,1,0.0,4,12.5,0,2,,66.9,64.8,69.2,64.3,,,0,0,4,0.0,97.9,0.0,0,0,0,0,0,0,0.0,30,7.5,-3.32
8,Jaxson Dart,146409,QB,NYG,1,-63.64,0,31,21,73.7,19,21,13.0,3.89,0,3,13.6,57.1,12,15,14.3,28,90.3,2,10,,78.2,83.7,0.0,83.8,,67.5,1,0,29,33.3,102.5,17.9,5,2,0,1,1,0,0.0,186,8.9,80.0,20,22,11.6,3.76,0,3,13.0,63.6,14,12,12.5,27,87.1,2,10,,78.0,87.7,0.0,86.7,,70.4,1,0,28,33.3,106.8,14.8,4,1,0,1,1,0,0.0,193,8.8,0.0,1,2,12.0,3.23,0,0,0.0,0.0,0,3,,4,12.9,0,0,,66.9,40.3,69.2,42.8,,58.3,0,0,4,33.3,39.6,25.0,1,1,0,1,0,0,0.0,0,0.0,0,100.0,2,3,-1.5,1.83,0,0,0.0,66.7,2,0,0.0,3,9.7,0,0,,65.5,51.3,68.2,52.1,,,0,0,3,,70.1,0.0,0,0,0,1,0,0,0.0,7,2.3,-8.77
8,Bo Nix,97790,QB,DEN,1,-8.42,0,30,10,83.3,24,26,13.5,2.65,0,3,9.7,61.5,16,6,20.0,26,86.7,4,13,,77.8,88.2,78.4,86.1,,60.0,0,1,31,0.0,111.9,0.0,0,0,0,2,4,1,3.2,218,8.4,88.9,18,19,12.7,2.51,0,3,13.0,68.4,13,4,18.8,19,63.3,3,11,,76.2,93.5,77.8,92.7,,60.0,0,0,23,0.0,139.3,0.0,0,0,0,1,4,0,0.0,185,9.7,77.8,9,10,10.3,2.3,0,0,0.0,60.0,6,2,14.3,11,36.7,1,4,,72.4,51.4,72.9,52.0,,,0,1,12,0.0,38.3,0.0,0,0,0,1,0,1,8.3,62,6.2,0,100.0,3,3,-1.0,1.03,0,0,0.0,100.0,3,0,0.0,4,13.3,0,2,,66.9,61.4,69.2,61.2,,,0,0,4,,106.9,0.0,0,0,0,0,0,0,0.0,29,9.7,-3.54
8,Tua Tagovailoa,60326,QB,MIA,1,18.3,0,27,17,78.9,19,19,6.7,2.37,0,1,4.5,73.7,14,7,6.7,20,74.1,1,8,,75.9,84.0,78.5,82.5,,,0,0,23,14.3,137.3,5.0,1,0,0,0,3,0,0.0,156,8.2,81.3,16,17,4.5,2.13,1,0,0.0,70.6,12,5,7.7,18,66.7,1,7,,75.1,76.5,78.3,75.3,,,0,0,20,20.0,129.2,5.6,1,0,0,0,3,0,0.0,117,6.9,88.9,9,9,4.1,2.42,0,1,10.0,88.9,8,2,0.0,9,33.3,0,3,,71.4,81.1,72.3,79.3,,,0,0,10,0.0,144.4,0.0,0,0,0,0,1,0,0.0,88,9.8,0,100.0,6,7,-3.2,1.84,1,0,0.0,85.7,6,0,0.0,7,25.9,0,2,,69.6,63.7,71.1,63.3,,,0,0,7,,135.4,0.0,0,0,0,0,1,0,0.0,49,7.0,2.9
8,Jalen Hurts,40291,QB,PHI,1,-20.0,0,27,24,78.6,14,16,11.1,3.59,1,0,0.0,68.8,11,11,0.0,23,85.2,0,9,,76.6,59.1,0.0,64.3,,52.1,1,0,25,36.4,136.5,17.4,4,3,0,0,3,0,0.0,144,9.0,85.7,14,15,8.4,3.16,1,0,0.0,80.0,12,8,0.0,21,77.8,0,9,,76.0,58.5,0.0,64.3,,52.1,0,0,22,37.5,142.6,14.3,3,3,0,0,3,0,0.0,131,8.7,75.0,4,5,6.8,3.87,0,0,0.0,60.0,3,3,0.0,6,22.2,0,2,,69.6,71.3,71.1,70.3,,,1,0,7,33.3,131.7,16.7,1,0,0,0,1,0,0.0,48,9.6,0,100.0,4,4,-2.5,1.75,0,0,0.0,100.0,4,0,0.0,4,14.8,0,2,,66.9,74.8,69.2,73.4,,,0,0,4,,142.7,0.0,0,0,0,0,1,0,0.0,35,8.8,0.87
8,Baker Mayfield,46518,QB,TB,1,2.1,0,27,30,75.0,20,21,8.4,2.81,0,1,4.8,57.1,12,10,20.0,24,88.9,3,7,,24.6,62.7,78.4,61.7,,,1,0,24,30.0,74.9,12.5,3,0,0,0,0,2,8.3,127,6.0,83.3,12,13,6.2,2.76,0,1,7.7,61.5,8,8,20.0,16,59.3,2,5,,21.8,58.1,77.8,56.9,,,1,0,16,37.5,82.2,18.8,3,0,0,0,0,2,12.5,90,6.9,72.7,11,11,7.5,2.45,0,0,0.0,63.6,7,2,12.5,11,40.7,1,3,,71.9,68.9,72.6,68.0,,,0,0,11,0.0,78.6,0.0,0,0,0,0,0,0,0.0,62,5.6,0,100.0,3,3,-4.0,1.23,0,0,0.0,100.0,3,0,0.0,3,11.1,0,1,,65.5,63.7,68.2,63.3,,,0,0,3,,101.4,0.0,0,0,0,0,0,0,0.0,25,8.3,-1.28
8,Spencer Rattler,97408,QB,NO,1,-15.0,0,27,20,73.7,19,20,10.1,2.79,0,0,0.0,70.0,14,11,0.0,25,92.6,0,7,,25.3,34.7,0.0,50.4,,29.1,0,1,26,27.3,67.5,12.0,3,2,1,0,0,2,7.7,134,6.7,80.0,15,16,8.7,2.35,0,0,0.0,75.0,12,9,0.0,19,70.4,0,5,,75.5,50.4,0.0,55.2,,55.5,0,0,20,22.2,91.4,10.5,2,0,1,0,0,0,0.0,103,6.4,60.0,5,5,12.0,3.33,0,0,0.0,60.0,3,2,0.0,8,29.6,0,2,,17.4,26.9,71.5,46.7,,29.1,0,1,8,50.0,40.0,12.5,1,2,0,0,0,2,25.0,33,6.6,0,100.0,1,1,-1.0,0.8,0,0,0.0,100.0,1,0,0.0,2,7.4,0,0,,63.6,58.8,66.9,58.9,,,0,0,2,,79.2,0.0,0,0,0,0,0,0,0.0,2,2.0,0.16
8,Tyler Huntley,46448,QB,BLT,1,16.07,0,25,3,85.0,20,21,9.9,2.71,1,1,4.3,76.2,16,7,5.9,24,96.0,1,9,,78.4,72.0,78.8,67.6,,70.1,0,0,26,28.6,117.2,8.3,2,1,0,0,1,1,3.8,180,8.6,84.6,13,14,8.0,2.64,1,1,6.3,71.4,10,6,9.1,16,64.0,1,5,,77.0,69.5,78.3,63.6,,70.1,0,0,18,16.7,92.3,6.3,1,1,0,0,0,1,5.6,103,7.4,87.5,8,8,11.5,2.74,0,0,0.0,87.5,7,1,0.0,9,36.0,0,4,,70.9,71.1,71.9,70.0,,,0,0,9,100.0,149.5,11.1,1,0,0,0,1,0,0.0,83,10.4,0,100.0,1,1,-1.0,1.9,0,0,0.0,100.0,1,0,0.0,1,4.0,0,0,,60.4,60.3,64.6,60.1,,,0,0,1,,91.7,0.0,0,0,0,0,0,0,0.0,6,6.0,3.02
8,Josh Allen,46601,QB,BUF,1,-43.59,0,21,4,60.0,15,15,8.3,3.56,0,0,0.0,53.3,8,7,11.1,17,81.0,1,6,,76.0,69.3,77.9,64.4,,69.7,0,0,18,28.6,106.8,11.8,2,0,0,0,1,0,0.0,137,9.1,84.6,13,13,4.9,2.9,0,0,0.0,76.9,10,6,9.1,15,71.4,1,6,,75.5,76.2,77.7,71.7,,69.7,0,0,16,33.3,138.6,13.3,2,0,0,0,1,0,0.0,146,11.2,33.3,6,6,8.0,3.47,0,0,0.0,33.3,2,1,0.0,6,28.6,0,2,,68.9,51.3,70.6,51.9,,,0,0,6,0.0,42.4,0.0,0,0,0,0,0,0,0.0,17,2.8,0,100.0,4,4,-3.3,0.93,0,0,0.0,100.0,4,0,0.0,4,19.0,0,2,,66.9,64.4,69.2,63.9,,,0,0,4,,93.8,0.0,0,0,0,0,0,0,0.0,26,6.5,-8.4
8,Mitch Trubisky,11757,QB,BUF,1,66.67,0,4,4,66.7,3,3,10.3,2.8,0,0,0.0,66.7,2,0,0.0,3,75.0,0,2,,65.5,75.3,72.3,73.9,,,0,0,3,,88.2,0.0,0,0,0,0,0,0,0.0,22,7.3,66.7,3,3,6.7,2.17,0,0,0.0,33.3,1,0,50.0,3,75.0,1,1,,65.5,66.3,72.3,65.3,,,0,0,3,,49.3,0.0,0,0,0,0,0,0,0.0,14,4.7,100.0,1,1,8.0,3.1,0,0,0.0,100.0,1,0,0.0,1,25.0,0,1,,60.4,73.7,64.6,72.2,,,0,0,1,,100.0,0.0,0,0,0,0,0,0,0.0,8,8.0,0,100.0,1,1,-3.0,1.2,0,0,0.0,0.0,0,0,100.0,1,25.0,1,0,,60.4,60.5,64.6,60.4,,,0,0,1,,39.6,0.0,0,0,0,0,0,0,0.0,0,0.0,3.33
8,Joe Milton III,82151,QB,DAL,1,33.33,0,4,9,100.0,3,4,17.7,2.1,1,1,25.0,75.0,3,1,0.0,4,100.0,0,3,,66.9,79.9,71.9,78.4,,,0,0,4,0.0,156.3,0.0,0,0,0,0,1,0,0.0,58,14.5,100.0,2,3,25.0,1.97,1,1,33.3,66.7,2,0,0.0,3,75.0,0,2,,65.5,84.7,71.5,82.9,,,0,0,3,,149.3,0.0,0,0,0,0,1,0,0.0,47,15.7,100.0,1,1,3.0,2.5,0,0,0.0,100.0,1,1,0.0,1,25.0,0,1,,60.4,57.7,64.6,58.0,,,0,0,1,0.0,112.5,0.0,0,0,0,0,0,0,0.0,11,11.0,0,,0,0,,,0,0,,,0,0,,0,0.0,0,0,,,,,,,,0,0,0,,0.0,,0,0,0,0,0,0,,0,,-4.67
8,Max Brosmer,105568,QB,MIN,1,-75.0,0,4,18,75.0,4,4,-1.3,2.0,0,0,0.0,75.0,3,0,0.0,4,100.0,0,1,,66.9,64.7,71.1,64.1,,,0,0,4,,78.1,0.0,0,0,0,0,0,0,0.0,13,3.3,75.0,4,4,-1.3,2.0,0,0,0.0,75.0,3,0,0.0,4,100.0,0,1,,66.9,64.7,71.1,64.1,,,0,0,4,,78.1,0.0,0,0,0,0,0,0,0.0,13,3.3,,0,0,,,0,0,,,0,0,,0,0.0,0,0,,,,,,,,0,0,0,,0.0,,0,0,0,0,0,0,,0,,0,,0,0,,,0,0,,,0,0,,0,0.0,0,0,,,,,,,,0,0,0,,0.0,,0,0,0,0,0,0,,0,,-3.25
8,Riley Leonard,143862,QB,IND,1,0.0,0,2,14,0.0,2,2,4.5,1.85,0,0,0.0,0.0,0,0,,2,100.0,0,0,,66.1,27.0,70.6,28.6,,58.2,0,0,2,,39.6,0.0,0,0,0,0,0,1,50.0,0,0.0,0.0,2,2,4.5,1.85,0,0,0.0,0.0,0,0,,2,100.0,0,0,,66.1,27.0,70.6,28.6,,58.2,0,0,2,,39.6,0.0,0,0,0,0,0,1,50.0,0,0.0,,0,0,,,0,0,,,0,0,,0,0.0,0,0,,,,,,,,0,0,0,,0.0,,0,0,0,0,0,0,,0,,0,,0,0,,,0,0,,,0,0,,0,0.0,0,0,,,,,,,,0,0,0,,0.0,,0,0,0,0,0,0,,0,,0.0
8,Gage Larvadain,150169,WR,CLV,1,0.0,0,1,8,,0,0,,8.9,0,0,,,0,1,,1,100.0,0,0,,60.4,49.5,76.6,,52.6,57.9,0,0,1,0.0,0.0,0.0,0,1,0,0,0,0,0.0,0,,,0,0,,8.9,0,0,,,0,1,,1,100.0,0,0,,60.4,49.5,76.7,,52.5,57.9,0,0,1,0.0,0.0,0.0,0,1,0,0,0,0,0.0,0,,,0,0,,,0,0,,,0,0,,0,0.0,0,0,,,58.4,67.2,,59.1,,0,0,0,,0.0,,0,0,0,0,0,0,,0,,0,,0,0,,,0,0,,,0,0,,0,0.0,0,0,,,58.0,67.3,,58.8,,0,0,0,,0.0,,0,0,0,0,0,0,,0,,0.0
8,Zach Wilson,82096,QB,MIA,1,100.0,0,1,17,,0,0,,,0,0,,,0,0,,0,0.0,0,0,,,60.0,70.6,,,,0,0,0,,0.0,,0,0,0,0,0,0,,0,,,0,0,,,0,0,,,0,0,,0,0.0,0,0,,,60.0,70.6,,,,0,0,0,,0.0,,0,0,0,0,0,0,,0,,100.0,1,1,-3.0,1.5,0,0,0.0,100.0,1,0,0.0,1,100.0,0,0,,60.4,60.6,64.6,60.4,,,0,0,1,,79.2,0.0,0,0,0,0,0,0,0.0,0,0.0,0,100.0,1,1,-3.0,1.5,0,0,0.0,100.0,1,0,0.0,1,100.0,0,0,,60.4,60.6,64.6,60.4,,,0,0,1,,79.2,0.0,0,0,0,0,0,0,0.0,0,0.0,0.0
8,Breece Hall,97636,HB,NYJ,1,100.0,0,1,22,100.0,1,1,12.0,4.2,0,0,0.0,100.0,1,0,0.0,1,100.0,0,1,64.7,76.9,68.1,0.0,55.1,57.5,75.0,0,0,1,,122.9,0.0,0,0,0,0,1,0,0.0,4,4.0,,0,0,,,0,0,,,0,0,,0,0.0,0,0,68.3,76.9,72.7,0.0,,72.2,75.0,0,0,0,,0.0,,0,0,0,0,0,0,,0,,100.0,1,1,12.0,4.2,0,0,0.0,100.0,1,0,0.0,1,100.0,0,1,,60.4,53.7,69.2,55.1,54.7,,0,0,1,,122.9,0.0,0,0,0,0,1,0,0.0,4,4.0,0,,0,0,,,0,0,,,0,0,,0,0.0,0,0,64.7,61.2,65.3,68.9,,74.9,,0,0,0,,0.0,,0,0,0,0,0,0,,0,,4.0
week,player,player_id,position,team_name,player_game_count,comp_pct_diff,declined_penalties,dropbacks,franchise_id,no_screen_accuracy_percent,no_screen_aimed_passes,no_screen_attempts,no_screen_avg_depth_of_target,no_screen_avg_time_to_throw,no_screen_bats,no_screen_big_time_throws,no_screen_btt_rate,no_screen_completion_percent,no_screen_completions,no_screen_def_gen_pressures,no_screen_drop_rate,no_screen_dropbacks,no_screen_dropbacks_percent,no_screen_drops,no_screen_first_downs,no_screen_grades_hands_drop,no_screen_grades_hands_fumble,no_screen_grades_offense,no_screen_grades_offense_penalty,no_screen_grades_pass,no_screen_grades_pass_route,no_screen_grades_run,no_screen_hit_as_threw,no_screen_interceptions,no_screen_passing_snaps,no_screen_pressure_to_sack_rate,no_screen_qb_rating,no_screen_sack_percent,no_screen_sacks,no_screen_scrambles,no_screen_spikes,no_screen_thrown_aways,no_screen_touchdowns,no_screen_turnover_worthy_plays,no_screen_twp_rate,no_screen_yards,no_screen_ypa,npa_accuracy_percent,npa_aimed_passes,npa_attempts,npa_avg_depth_of_target,npa_avg_time_to_throw,npa_bats,npa_big_time_throws,npa_btt_rate,npa_completion_percent,npa_completions,npa_def_gen_pressures,npa_drop_rate,npa_dropbacks,npa_dropbacks_percent,npa_drops,npa_first_downs,npa_grades_hands_drop,npa_grades_hands_fumble,npa_grades_offense,npa_grades_offense_penalty,npa_grades_pass,npa_grades_pass_route,npa_grades_run,npa_hit_as_threw,npa_interceptions,npa_passing_snaps,npa_pressure_to_sack_rate,npa_qb_rating,npa_sack_percent,npa_sacks,npa_scrambles,npa_spikes,npa_thrown_aways,npa_touchdowns,npa_turnover_worthy_plays,npa_twp_rate,npa_yards,npa_ypa,pa_accuracy_percent,pa_aimed_passes,pa_attempts,pa_avg_depth_of_target,pa_avg_time_to_throw,pa_bats,pa_big_time_throws,pa_btt_rate,pa_completion_percent,pa_completions,pa_def_gen_pressures,pa_drop_rate,pa_dropbacks,pa_dropbacks_percent,pa_drops,pa_first_downs,pa_grades_hands_drop,pa_grades_hands_fumble,pa_grades_offense,pa_grades_offense_penalty,pa_grades_pass,pa_grades_pass_route,pa_grades_run,pa_hit_as_threw,pa_interceptions,pa_passing_snaps,pa_pressure_to_sack_rate,pa_qb_rating,pa_sack_percent,pa_sacks,pa_scrambles,pa_spikes,pa_thrown_aways,pa_touchdowns,pa_turnover_worthy_plays,pa_twp_rate,pa_yards,pa_ypa,penalties,screen_accuracy_percent,screen_aimed_passes,screen_attempts,screen_avg_depth_of_target,screen_avg_time_to_throw,screen_bats,screen_big_time_throws,screen_btt_rate,screen_completion_percent,screen_completions,screen_def_gen_pressures,screen_drop_rate,screen_dropbacks,screen_dropbacks_percent,screen_drops,screen_first_downs,screen_grades_hands_drop,screen_grades_hands_fumble,screen_grades_offense,screen_grades_offense_penalty,screen_grades_pass,screen_grades_pass_route,screen_grades_run,screen_hit_as_threw,screen_interceptions,screen_passing_snaps,screen_pressure_to_sack_rate,screen_qb_rating,screen_sack_percent,screen_sacks,screen_scrambles,screen_spikes,screen_thrown_aways,screen_touchdowns,screen_turnover_worthy_plays,screen_twp_rate,screen_yards,screen_ypa,ypa_diff
9,Daniel Jones,39395,QB,IND,1,-27.5,0,56,14,68.9,45,50,8.9,2.71,2,2,3.6,62.0,31,16,0.0,56,100.0,0,17,,24.7,53.1,79.6,55.9,,45.0,1,3,61,31.3,63.9,8.9,5,1,1,1,1,4,6.6,342,6.8,75.0,36,40,8.4,2.65,1,2,4.7,67.5,27,9,0.0,42,75.0,0,16,,29.6,66.3,78.8,69.4,,45.0,1,2,45,11.1,78.2,2.4,1,1,1,1,1,3,6.7,311,7.8,44.4,9,10,11.2,2.91,1,0,0.0,40.0,4,7,0.0,14,25.0,0,1,,21.6,29.4,73.9,30.8,,,0,1,16,57.1,8.8,28.6,4,0,0,0,0,1,6.3,31,3.1,0,,0,0,,,0,0,,,0,0,,0,0.0,0,0,,,,,,,,0,0,0,,0.0,,0,0,0,0,0,0,,0,,-4.68
9,Joe Flacco,4332,QB,CIN,1,19.92,0,50,7,76.7,43,45,10.8,2.64,1,4,8.3,66.7,30,13,9.1,48,96.0,3,22,,32.3,80.4,79.0,78.7,,60.0,1,2,51,23.1,112.1,6.3,3,0,0,0,4,3,5.9,468,10.4,74.4,39,41,10.6,2.61,0,3,6.8,63.4,26,13,10.3,44,88.0,3,20,,29.9,74.6,78.8,73.2,,60.0,1,2,47,23.1,108.4,6.8,3,0,0,1,4,3,6.4,406,9.9,100.0,5,6,8.8,2.87,1,1,16.7,83.3,5,1,0.0,6,12.0,0,2,,68.9,88.9,70.6,86.4,,,0,0,6,0.0,111.1,0.0,0,0,0,0,0,0,0.0,64,10.7,0,100.0,1,2,-7.0,2.85,0,0,0.0,50.0,1,1,0.0,2,4.0,0,0,,63.6,58.8,66.9,58.9,,,0,0,2,0.0,56.3,0.0,0,0,0,1,0,0,0.0,2,1.0,0.77
9,Dak Prescott,10769,QB,DAL,1,-22.77,0,49,9,80.0,35,39,10.8,2.84,1,0,0.0,61.5,24,17,14.3,48,98.0,4,15,,80.4,70.3,79.0,66.8,,71.1,1,1,50,29.4,77.9,10.4,5,4,1,1,1,0,0.0,250,6.4,82.1,28,32,11.4,2.7,1,0,0.0,65.6,21,15,8.7,41,83.7,2,13,,79.3,65.4,78.5,63.9,,63.5,1,1,42,33.3,73.0,12.2,5,3,1,1,0,0,0.0,225,7.0,71.4,7,7,8.4,3.19,0,0,0.0,42.9,3,2,40.0,8,16.3,2,2,,70.9,76.0,71.9,69.3,,65.6,0,0,9,0.0,92.3,0.0,0,1,0,0,1,0,0.0,25,3.6,0,,0,0,,0.0,0,0,,,0,0,,1,2.0,0,0,,60.4,60.0,64.6,60.0,,,0,0,1,,0.0,0.0,0,0,0,0,0,0,0.0,0,,-3.46
9,Geno Smith,7820,QB,LV,1,-2.27,0,43,23,83.3,36,37,4.9,2.7,0,0,0.0,73.0,27,18,10.0,41,95.3,3,15,,80.2,70.0,78.8,68.7,,63.0,0,1,44,11.1,107.5,4.9,2,2,0,1,3,1,2.3,256,6.9,85.2,27,28,3.8,2.63,0,0,0.0,75.0,21,13,8.7,32,74.4,2,12,,78.8,59.7,78.2,57.8,,63.0,0,1,34,15.4,119.0,6.3,2,2,0,1,3,1,2.9,226,8.1,81.8,11,11,5.6,2.71,0,0,0.0,72.7,8,5,11.1,11,25.6,1,5,,72.4,87.0,72.9,84.7,,,0,0,12,0.0,115.0,0.0,0,0,0,0,1,0,0.0,58,5.3,0,100.0,2,2,-5.5,1.75,0,0,0.0,100.0,2,0,0.0,2,4.7,0,2,,63.6,62.4,66.9,62.1,,,0,0,2,,158.3,0.0,0,0,0,0,1,0,0.0,28,14.0,-2.8
9,Tua Tagovailoa,60326,QB,MIA,1,19.71,0,43,17,66.7,33,35,8.8,2.46,0,2,5.4,60.0,21,9,4.5,38,88.4,1,11,,79.0,68.2,78.7,68.0,,57.9,0,1,40,22.2,67.1,5.3,2,1,1,1,0,3,7.5,226,6.5,67.9,28,31,7.6,2.43,0,1,3.1,58.1,18,7,5.3,34,79.1,1,9,,78.3,62.4,78.4,62.6,,57.9,0,1,35,28.6,60.6,5.9,2,1,1,2,0,2,5.7,175,5.6,77.8,9,9,7.2,2.12,0,1,10.0,77.8,7,2,0.0,9,20.9,0,3,,71.4,76.6,72.3,75.1,,,0,0,10,0.0,106.5,0.0,0,0,0,0,0,1,10.0,86,9.6,0,100.0,4,5,-3.3,1.68,0,0,0.0,80.0,4,0,0.0,5,11.6,0,1,,68.0,61.9,69.9,61.7,,,0,0,5,,95.8,0.0,0,0,0,1,0,0,0.0,35,7.0,3.91
9,Jared Goff,10635,QB,DET,1,-1.08,0,42,11,77.8,27,31,9.4,2.5,1,1,3.2,61.3,19,18,9.5,36,85.7,2,10,,78.4,72.6,78.7,71.3,,,2,0,36,27.8,110.4,13.9,5,0,0,1,2,0,0.0,266,8.6,79.3,29,31,7.6,2.34,1,1,3.2,67.7,21,15,8.7,36,85.7,2,9,,78.4,71.9,78.7,70.7,,,0,0,36,33.3,114.6,13.9,5,0,0,1,2,0,0.0,257,8.3,100.0,4,6,2.8,2.53,0,0,0.0,66.7,4,3,0.0,6,14.3,0,2,,69.6,65.9,71.1,65.3,,,2,0,7,0.0,76.4,0.0,0,0,0,0,0,0,0.0,27,4.5,0,100.0,6,6,-4.0,1.53,0,0,0.0,100.0,6,0,0.0,6,14.3,0,1,,69.6,63.3,71.1,62.9,,,0,0,7,,79.2,0.0,0,0,0,0,0,0,0.0,18,3.0,-3.79
9,Caleb Williams,144622,QB,CHI,1,16.85,0,41,6,76.0,25,30,11.0,4.22,2,2,6.5,53.3,16,18,15.8,37,90.2,3,14,64.7,79.0,88.3,0.0,85.5,61.6,77.1,0,0,39,11.1,101.4,5.4,2,5,0,3,2,0,0.0,235,7.8,72.2,18,21,11.4,3.98,1,2,9.5,52.4,11,11,15.4,25,61.0,2,9,64.7,76.9,90.5,0.0,83.1,91.3,81.0,0,0,27,9.1,118.7,4.0,1,3,0,2,3,0,0.0,168,8.0,90.9,11,13,5.1,4.05,1,0,0.0,69.2,9,7,10.0,16,39.0,1,8,64.7,74.5,79.2,74.5,76.6,61.6,66.4,0,0,17,14.3,95.7,6.3,1,2,0,1,0,0,0.0,112,8.6,0,100.0,4,4,-3.5,2.03,0,0,0.0,100.0,4,0,0.0,4,9.8,0,3,64.7,68.8,86.8,70.6,64.2,91.3,65.6,0,0,5,,153.1,0.0,0,0,0,0,1,0,0.0,45,11.3,0.62
9,Trevor Lawrence,77632,QB,JAX,1,-6.73,0,40,15,79.3,29,31,10.2,2.82,1,2,6.1,64.5,20,13,13.0,37,92.5,3,9,,79.9,75.1,79.7,76.5,,59.4,0,1,39,7.7,71.2,2.7,1,4,1,0,0,1,2.6,214,6.9,79.2,24,26,9.2,2.71,1,2,6.9,69.2,18,12,5.3,29,72.5,1,8,,78.9,74.6,79.3,74.6,,62.6,0,1,32,0.0,73.2,0.0,0,3,1,0,0,1,3.1,184,7.1,87.5,8,8,7.9,2.85,0,0,0.0,62.5,5,1,28.6,11,27.5,2,1,,71.9,68.7,72.6,72.0,,56.8,0,0,11,100.0,72.9,9.1,1,1,0,0,0,0,0.0,36,4.5,0,100.0,3,3,-4.0,1.87,0,0,0.0,100.0,3,0,0.0,3,7.5,0,0,,66.9,64.7,69.2,64.2,,,0,0,4,,79.2,0.0,0,0,0,0,0,0,0.0,6,2.0,-2.58
9,Jordan Love,40306,QB,GB,1,6.03,0,40,12,76.7,30,32,11.2,2.94,0,2,6.3,71.9,23,10,0.0,33,82.5,0,12,,78.2,61.5,78.6,62.1,,56.5,0,1,33,10.0,82.8,3.0,1,0,0,2,0,2,6.1,260,8.1,77.8,27,29,9.8,2.58,0,2,6.9,69.0,20,7,4.8,32,80.0,1,11,,78.0,69.7,78.6,70.2,,56.5,0,0,32,14.3,93.5,3.1,1,0,0,2,0,1,3.1,236,8.1,75.0,8,8,6.3,2.91,0,0,0.0,75.0,6,4,0.0,8,20.0,0,2,,70.3,37.2,71.5,38.8,,,0,1,8,0.0,44.3,0.0,0,0,0,0,0,1,12.5,37,4.6,0,80.0,5,5,-4.2,1.26,0,0,0.0,60.0,3,1,25.0,7,17.5,1,1,,69.6,60.5,71.1,60.3,,,0,0,7,0.0,64.6,0.0,0,0,0,0,0,0,0.0,13,2.6,-3.51
9,Drake Maye,143969,QB,NE,1,-18.0,0,40,19,76.9,26,27,11.5,3.35,0,2,7.4,66.7,18,20,10.0,38,95.0,2,16,,20.5,59.4,79.0,57.5,,62.6,0,1,38,30.0,106.7,15.8,6,5,0,1,2,2,5.3,258,9.6,79.2,24,25,10.5,3.1,1,2,8.0,68.0,17,19,10.5,35,87.5,2,16,,19.9,60.5,78.8,57.1,,66.8,0,1,35,31.6,109.8,17.1,6,4,0,0,2,2,5.7,246,9.8,66.7,3,4,13.3,4.56,0,0,0.0,50.0,2,1,0.0,5,12.5,0,0,,68.0,54.3,69.9,59.7,,56.8,0,0,5,0.0,57.3,0.0,0,1,0,1,0,0,0.0,13,3.3,0,100.0,1,2,-5.0,2.0,1,0,0.0,50.0,1,0,0.0,2,5.0,0,0,,63.6,58.6,66.9,58.7,,,0,0,2,,56.3,0.0,0,0,0,0,0,0,0.0,1,0.5,-6.59
9,Michael Penix Jr.,82134,QB,ATL,1,3.88,0,40,2,70.0,30,34,10.1,2.85,0,1,2.9,58.8,20,18,4.8,37,92.5,1,14,,37.2,58.5,78.3,56.5,,66.4,2,0,38,5.6,107.2,2.7,1,2,0,2,3,1,2.6,218,6.4,66.7,27,29,7.8,2.65,0,1,3.2,58.6,17,14,5.6,32,80.0,1,11,,33.3,56.0,78.0,53.8,,66.4,1,0,34,7.1,105.0,3.1,1,2,0,1,3,1,2.9,136,4.7,100.0,5,8,16.0,3.3,0,0,0.0,62.5,5,4,0.0,8,20.0,0,3,,70.3,67.8,71.5,67.1,,,1,0,8,0.0,98.4,0.0,0,0,0,2,0,0,0.0,85,10.6,0,100.0,2,3,-6.0,2.0,0,0,0.0,66.7,2,0,0.0,3,7.5,0,0,,66.9,61.3,69.2,61.1,,,0,0,4,,70.1,0.0,0,0,0,1,0,0,0.0,3,1.0,5.94
9,Patrick Mahomes,11765,QB,KC,1,7.14,0,39,16,52.0,25,30,18.5,3.38,1,4,12.9,40.0,12,18,7.7,34,87.2,1,9,,78.4,58.2,78.3,59.1,,56.8,1,1,36,16.7,54.7,8.8,3,1,0,3,0,3,8.3,239,8.0,50.0,26,28,15.9,3.02,0,3,10.3,42.9,12,14,7.7,32,82.1,1,8,,78.1,52.0,78.2,53.1,,56.8,0,1,34,14.3,53.1,6.3,2,1,0,2,0,3,8.8,203,7.3,100.0,3,6,11.3,3.44,1,1,16.7,50.0,3,4,0.0,7,17.9,0,2,,69.6,82.7,71.1,80.8,,,1,0,7,25.0,76.4,14.3,1,0,0,1,0,0,0.0,47,7.8,0,75.0,4,4,-3.5,1.16,0,0,0.0,75.0,3,0,0.0,5,12.8,0,1,,68.0,62.1,69.9,61.8,,,0,0,5,,77.1,0.0,0,0,0,0,0,0,0.0,11,2.8,0.58
9,Aaron Rodgers,2241,QB,PIT,1,-21.37,0,39,25,81.5,27,27,5.1,2.53,0,0,0.0,70.4,19,5,13.6,31,79.5,3,9,,78.0,71.8,78.3,72.8,,55.0,0,0,32,60.0,99.8,9.7,3,1,0,0,1,0,0.0,173,6.4,84.6,26,26,3.2,2.14,0,0,0.0,76.9,20,4,9.1,29,74.4,2,8,,77.6,65.9,78.2,64.9,,60.0,0,0,30,75.0,106.1,10.3,3,0,0,0,1,0,0.0,169,6.5,75.0,8,9,3.5,2.82,1,0,0.0,55.6,5,1,16.7,10,25.6,1,2,,71.4,73.2,72.3,77.1,,55.9,0,0,10,0.0,64.1,0.0,0,1,0,0,0,0,0.0,34,3.8,0,85.7,7,8,-3.7,1.5,1,0,0.0,75.0,6,0,0.0,8,20.5,0,1,,70.3,58.5,71.5,58.4,,,0,0,8,,80.2,0.0,0,0,0,0,0,0,0.0,30,3.8,-2.72
9,Bo Nix,97790,QB,DEN,1,13.13,0,39,10,53.6,28,31,16.2,3.02,0,4,12.1,41.9,13,14,13.3,33,84.6,2,9,,78.7,67.3,78.5,65.2,,65.4,0,1,35,7.1,66.2,3.0,1,1,0,3,2,2,5.7,157,5.1,60.7,28,32,12.3,2.74,1,3,9.4,46.9,15,11,11.8,33,84.6,2,9,,78.4,70.9,78.3,68.7,,65.4,0,0,33,0.0,82.6,0.0,0,1,0,3,2,1,3.0,158,4.9,60.0,5,5,16.4,3.28,0,1,14.3,60.0,3,4,0.0,6,15.4,0,1,,70.3,54.2,71.5,54.6,,,0,1,8,25.0,25.0,16.7,1,0,0,0,0,1,12.5,15,3.0,0,100.0,5,6,-5.4,1.75,1,0,0.0,83.3,5,1,0.0,6,15.4,0,1,,68.9,63.1,70.6,62.7,,,0,0,6,0.0,79.2,0.0,0,0,0,0,0,0,0.0,16,2.7,-1.94
9,Jaxson Dart,146409,QB,NYG,1,-38.57,0,39,21,80.0,30,32,7.1,3.06,0,2,6.3,71.9,23,11,4.2,38,97.4,1,10,,79.8,74.9,78.6,70.7,,71.3,0,0,38,18.2,107.9,5.3,2,4,0,2,2,0,0.0,193,6.0,88.5,26,28,6.9,2.82,0,2,7.1,78.6,22,7,4.3,31,79.5,1,9,,78.8,81.4,78.1,79.2,,68.5,0,0,31,14.3,118.3,3.2,1,2,0,2,2,0,0.0,187,6.7,40.0,5,5,6.2,3.79,0,0,0.0,40.0,2,4,0.0,8,20.5,0,1,,70.3,48.7,71.5,41.6,,66.4,0,0,8,25.0,47.9,12.5,1,2,0,0,0,0,0.0,4,0.8,0,100.0,1,1,-3.0,1.5,0,0,0.0,100.0,1,0,0.0,1,2.6,0,0,,60.4,60.3,64.6,60.1,,,0,0,1,,79.2,0.0,0,0,0,0,0,0,0.0,-2,-2.0,-5.88
9,Justin Herbert,28237,QB,LAC,1,1.96,0,39,27,79.2,24,28,12.3,3.01,1,2,7.1,64.3,18,15,5.3,38,97.4,1,15,,79.8,78.4,78.9,65.7,,90.0,2,1,38,40.0,100.9,15.8,6,4,0,1,2,1,2.6,244,8.7,78.6,14,17,13.2,2.88,0,2,11.8,64.7,11,13,0.0,25,64.1,0,8,,77.8,72.4,78.1,60.1,,83.7,2,1,25,46.2,91.8,24.0,6,2,0,1,1,1,4.0,166,9.8,81.8,11,12,9.6,3.11,1,0,0.0,66.7,8,2,11.1,14,35.9,1,7,,73.2,79.4,73.5,71.2,,75.4,0,0,14,0.0,114.6,0.0,0,2,0,0,1,0,0.0,84,7.0,0,100.0,1,1,-3.0,1.0,0,0,0.0,100.0,1,0,0.0,1,2.6,0,0,,60.4,60.3,64.6,60.1,,,0,0,1,,91.7,0.0,0,0,0,0,0,0,0.0,6,6.0,-2.76
9,Jacoby Brissett,10725,QB,ARZ,1,-10.83,0,37,1,74.1,27,29,8.7,3.09,1,1,3.3,69.0,20,18,0.0,35,94.6,0,14,,28.8,67.0,79.0,70.8,,46.0,0,0,36,27.8,120.2,14.3,5,1,0,1,2,0,0.0,262,9.0,78.6,14,15,8.4,2.59,1,1,6.3,73.3,11,7,0.0,16,43.2,0,7,,24.2,68.0,77.7,73.1,,47.7,0,0,17,14.3,118.8,6.3,1,0,0,0,1,0,0.0,120,8.0,71.4,14,16,8.4,3.41,0,0,0.0,62.5,10,13,0.0,21,56.8,0,7,,75.4,62.5,74.9,63.6,,57.9,0,0,21,30.8,111.7,19.0,4,1,0,2,1,0,0.0,141,8.8,0,100.0,1,2,-1.0,2.45,0,0,0.0,50.0,1,2,0.0,2,5.4,0,0,,63.6,58.6,66.9,58.7,,,0,0,2,0.0,56.3,0.0,0,0,0,1,0,0,0.0,-1,-0.5,0.81
9,Jayden Daniels,97993,QB,WAS,1,-22.86,0,35,32,77.8,18,19,7.3,3.74,0,1,5.0,68.4,13,20,7.1,32,91.4,1,9,,78.3,68.1,78.3,67.0,,63.4,0,1,34,20.0,67.9,12.5,4,9,0,1,0,2,5.9,140,7.4,80.0,15,15,6.6,3.57,0,1,6.3,80.0,12,14,0.0,24,68.6,0,6,,76.9,58.9,77.7,56.6,,61.7,0,1,26,21.4,70.3,12.5,3,6,0,0,0,2,7.7,113,7.5,83.3,6,7,4.0,3.37,0,0,0.0,57.1,4,6,20.0,11,31.4,1,3,,72.4,82.3,72.9,82.4,,63.5,0,0,12,16.7,73.5,9.1,1,3,0,1,0,0,0.0,40,5.7,0,100.0,3,3,-2.7,1.07,0,0,0.0,100.0,3,0,0.0,3,8.6,0,0,,66.9,64.8,69.2,64.3,,,0,0,4,,84.7,0.0,0,0,0,0,0,0,0.0,13,4.3,-1.82
9,Matthew Stafford,4924,QB,LA,1,3.24,0,34,26,78.6,28,30,11.4,2.69,1,2,6.3,73.3,22,7,0.0,32,94.1,0,14,,79.0,85.1,79.7,83.7,,61.0,0,0,34,28.6,140.0,6.3,2,0,0,1,4,0,0.0,268,8.9,82.4,17,19,8.1,2.34,1,1,5.0,73.7,14,3,0.0,19,55.9,0,7,,76.5,88.8,78.9,88.1,,61.0,0,0,20,0.0,130.8,0.0,0,0,0,1,2,0,0.0,147,7.7,76.9,13,13,13.6,3.0,0,1,7.1,76.9,10,4,0.0,15,44.1,0,7,,73.9,68.8,73.9,68.0,,,0,0,16,50.0,148.7,13.3,2,0,0,0,2,0,0.0,134,10.3,0,100.0,2,2,-3.0,1.6,0,0,0.0,100.0,2,0,0.0,2,5.9,0,0,,63.6,62.4,66.9,62.1,,,0,0,2,,93.8,0.0,0,0,0,0,0,0,0.0,13,6.5,2.57
9,Davis Mills,52269,QB,HST,1,4.0,0,33,13,63.0,27,29,9.0,2.67,1,1,3.4,55.2,16,10,5.9,32,97.0,1,7,,78.0,42.3,0.0,46.0,,54.1,1,0,32,20.0,67.9,6.3,2,1,0,0,0,3,9.4,138,4.8,62.5,24,25,7.3,2.52,0,1,3.8,56.0,14,9,6.7,27,81.8,1,6,,77.3,49.1,0.0,52.3,,58.3,1,0,28,22.2,67.3,7.4,2,0,0,0,0,1,3.6,111,4.4,75.0,4,5,15.8,3.08,1,0,0.0,60.0,3,1,0.0,6,18.2,0,1,,68.9,36.6,70.6,38.8,,58.3,0,0,6,0.0,73.8,0.0,0,1,0,0,0,2,33.3,26,5.2,0,100.0,1,1,-3.0,1.1,0,0,0.0,100.0,1,0,0.0,1,3.0,0,0,,63.6,62.2,66.9,61.9,,,0,0,2,,79.2,0.0,0,0,0,0,0,0,0.0,-1,-1.0,0.76
9,J.J. McCarthy,144918,QB,MIN,1,-0.69,0,32,18,66.7,21,23,11.8,3.34,0,2,8.3,52.2,12,13,14.3,29,90.6,2,8,,28.9,63.7,78.7,65.2,,56.1,0,1,31,38.5,79.1,17.2,5,1,0,2,2,1,3.2,125,5.4,68.8,16,16,11.4,3.0,0,2,11.8,56.3,9,9,18.2,20,62.5,2,6,,27.0,61.7,78.1,63.4,,56.1,0,1,22,33.3,68.2,15.0,3,1,0,0,1,1,4.5,94,5.9,71.4,7,9,8.9,3.38,0,0,0.0,55.6,5,5,0.0,12,37.5,0,3,,72.4,65.4,72.9,64.8,,,0,0,12,40.0,108.1,16.7,2,0,0,2,1,0,0.0,49,5.4,0,100.0,2,2,-1.5,1.13,0,0,0.0,100.0,2,1,0.0,3,9.4,0,1,,65.5,59.9,68.2,59.8,,,0,0,3,0.0,104.2,0.0,0,0,0,0,0,0,0.0,18,9.0,-0.44
9,Josh Allen,46601,QB,BUF,1,16.67,0,30,4,94.1,17,18,8.5,3.29,0,2,10.5,83.3,15,8,6.3,22,73.3,1,11,,77.4,83.9,78.5,79.2,,73.3,0,0,23,37.5,137.3,13.6,3,1,0,1,1,0,0.0,241,13.4,94.1,17,18,4.8,2.58,0,1,5.3,83.3,15,8,6.3,21,70.0,1,8,,77.2,79.3,78.5,72.0,,76.9,0,0,22,37.5,126.6,14.3,3,0,0,1,1,0,0.0,179,9.9,100.0,8,8,5.4,2.99,0,1,12.5,100.0,8,0,0.0,9,30.0,0,5,,70.9,78.2,71.9,80.0,,58.3,0,0,9,,115.6,0.0,0,1,0,0,0,0,0.0,94,11.8,0,100.0,8,8,-2.5,1.1,0,0,0.0,100.0,8,0,0.0,8,26.7,0,2,,70.3,66.3,71.5,65.7,,,0,0,8,,83.3,0.0,0,0,0,0,0,0,0.0,32,4.0,1.81
9,Mac Jones,60323,QB,SF,1,26.32,0,29,28,85.0,20,21,7.6,2.66,0,0,0.0,81.0,17,6,0.0,25,86.2,0,12,,25.7,63.1,78.7,62.9,,58.1,0,0,25,33.3,140.3,8.0,2,2,0,1,2,1,4.0,211,10.0,82.4,17,19,6.3,2.22,1,0,0.0,73.7,14,4,0.0,21,72.4,0,8,,24.5,55.2,78.5,51.2,,64.7,0,0,21,25.0,133.7,4.8,1,0,0,1,2,1,4.8,160,8.4,100.0,5,5,8.8,3.18,0,0,0.0,100.0,5,3,0.0,8,27.6,0,5,,70.3,74.0,71.5,81.6,,52.3,0,0,8,33.3,118.8,12.5,1,2,0,0,0,0,0.0,75,15.0,0,100.0,2,3,0.0,1.4,1,0,0.0,66.7,2,1,0.0,4,13.8,0,1,,66.9,57.5,69.2,57.7,,,0,0,4,0.0,91.0,0.0,0,0,0,0,0,0,0.0,24,8.0,6.58
9,Lamar Jackson,46416,QB,BLT,1,14.17,0,27,3,84.2,19,21,10.8,3.14,1,1,4.8,76.2,16,12,0.0,25,92.6,0,11,,77.2,88.1,78.3,89.7,,58.7,1,0,25,16.7,143.3,8.0,2,2,0,0,4,0,0.0,192,9.1,78.6,14,15,8.2,3.08,1,0,0.0,73.3,11,7,0.0,17,63.0,0,6,,75.4,68.5,77.7,67.7,,61.1,0,0,17,14.3,116.8,5.9,1,1,0,0,1,0,0.0,113,7.5,100.0,7,8,11.7,2.95,0,1,12.5,87.5,7,5,0.0,10,37.0,0,6,,71.4,94.1,72.3,94.1,,58.3,1,0,10,20.0,153.6,10.0,1,1,0,0,3,0,0.0,91,11.4,0,100.0,2,2,-4.5,1.7,0,0,0.0,100.0,2,0,0.0,2,7.4,0,1,,63.6,62.4,66.9,62.1,,,0,0,2,,91.7,0.0,0,0,0,0,0,0,0.0,12,6.0,3.85
9,Cam Ward,133244,QB,TEN,1,-22.22,0,27,31,61.1,18,19,10.6,3.01,0,0,0.0,52.6,10,11,9.1,24,88.9,1,7,,22.5,39.0,77.7,40.1,,56.0,1,0,24,36.4,75.8,16.7,4,1,0,0,0,2,8.3,136,7.2,66.7,12,12,9.5,2.74,0,0,0.0,66.7,8,6,0.0,16,59.3,0,4,,20.1,31.7,77.1,32.2,,56.0,0,0,17,50.0,89.2,18.8,3,1,0,0,0,2,11.8,91,7.6,62.5,8,9,8.8,2.85,0,0,0.0,44.4,4,5,20.0,11,40.7,1,3,,71.9,63.4,72.6,63.0,,,1,0,11,20.0,64.1,9.1,1,0,0,0,0,0,0.0,54,6.0,0,100.0,2,2,-3.0,0.97,0,0,0.0,100.0,2,0,0.0,3,11.1,0,0,,66.9,60.9,69.2,60.7,,,0,0,4,,85.4,0.0,0,0,0,0,0,0,0.0,9,4.5,-1.58
9,Tyler Shough,83537,QB,NO,1,-3.16,0,25,20,71.4,21,23,10.7,2.45,1,1,4.3,60.9,14,6,6.7,24,96.0,1,8,,76.6,68.9,76.9,69.7,,57.0,0,1,25,16.7,80.5,4.2,1,0,1,0,1,1,4.0,173,7.5,76.5,17,19,9.5,2.25,1,0,0.0,63.2,12,4,7.7,20,80.0,1,6,,75.7,62.8,76.5,64.1,,57.0,0,1,21,25.0,77.3,5.0,1,0,1,0,1,1,4.8,123,6.5,60.0,5,5,11.6,3.26,0,1,20.0,60.0,3,2,0.0,5,20.0,0,2,,68.0,78.6,69.9,76.9,,,0,0,5,0.0,96.3,0.0,0,0,0,0,0,0,0.0,53,10.6,0,100.0,1,1,-6.0,2.5,0,0,0.0,100.0,1,0,0.0,1,4.0,0,0,,60.4,60.2,64.6,60.0,,,0,0,1,,79.2,0.0,0,0,0,0,0,0,0.0,3,3.0,4.13
9,Bryce Young,123943,QB,CAR,1,-6.25,0,24,5,76.5,17,19,7.7,2.96,0,0,0.0,57.9,11,8,15.4,22,91.7,2,8,,28.0,44.5,78.5,39.3,,69.6,0,1,24,12.5,50.8,4.5,1,2,0,2,0,1,4.2,102,5.4,66.7,15,16,6.9,2.39,0,0,0.0,56.3,9,3,10.0,18,75.0,1,5,,74.8,46.0,78.2,42.3,,63.3,0,1,19,0.0,45.1,0.0,0,1,0,1,0,1,5.3,85,5.3,100.0,3,4,7.3,3.95,0,0,0.0,50.0,2,5,33.3,6,25.0,1,3,,20.4,45.5,71.1,41.5,,63.1,0,0,7,20.0,61.5,16.7,1,1,0,1,0,0,0.0,17,4.3,0,0.0,1,1,-5.0,0.8,0,0,0.0,0.0,0,0,,2,8.3,0,0,,63.6,50.8,66.9,51.9,,,0,0,2,,39.6,0.0,0,0,0,0,0,0,0.0,0,0.0,-1.06
9,Sam Darnold,29048,QB,SEA,1,15.79,0,24,29,87.5,24,24,9.3,2.69,0,3,11.1,87.5,21,3,0.0,24,100.0,0,13,,76.8,92.6,78.0,91.6,,,0,1,27,0.0,141.0,0.0,0,0,0,0,4,1,3.7,330,13.8,84.2,19,19,9.4,2.58,0,3,15.8,84.2,16,2,0.0,19,79.2,0,10,,74.8,93.0,77.4,92.1,,,0,1,19,0.0,131.9,0.0,0,0,0,0,2,1,5.3,241,12.7,100.0,5,5,8.6,3.1,0,0,0.0,100.0,5,1,0.0,5,20.8,0,3,,70.3,75.6,71.5,74.2,,,0,0,8,0.0,158.3,0.0,0,0,0,0,2,0,0.0,89,17.8,0,,0,0,,,0,0,,,0,0,,0,0.0,0,0,,,,,,,,0,0,0,,0.0,,0,0,0,0,0,0,,0,,5.12
9,C.J. Stroud,129759,QB,HST,1,-38.1,0,14,13,75.0,8,10,8.5,3.36,0,0,0.0,60.0,6,6,0.0,14,100.0,0,5,,73.2,68.1,75.3,67.7,,60.6,0,0,14,33.3,85.0,14.3,2,2,0,2,0,0,0.0,79,7.9,71.4,7,7,9.0,3.34,0,0,0.0,71.4,5,4,0.0,10,71.4,0,5,,71.4,71.8,74.7,71.8,,60.6,0,0,10,25.0,105.1,10.0,1,2,0,0,0,0,0.0,73,10.4,100.0,1,3,5.0,3.43,0,0,0.0,33.3,1,2,0.0,4,28.6,0,0,,66.9,54.0,69.2,54.4,,,0,0,4,50.0,42.4,25.0,1,0,0,2,0,0,0.0,6,2.0,0,,0,0,,,0,0,,,0,0,,0,0.0,0,0,,,,,,,,0,0,0,,0.0,,0,0,0,0,0,0,,0,,-8.43
9,Tyson Bagent,169628,QB,CHI,1,-100.0,0,1,6,,0,0,,,0,0,,,0,0,,0,0.0,0,0,,,,,,,,0,0,0,,0.0,,0,0,0,0,0,0,,0,,100.0,1,1,-5.0,3.7,0,0,0.0,100.0,1,1,0.0,1,100.0,0,1,,60.4,62.4,64.9,60.1,,,0,0,1,0.0,118.8,0.0,0,0,0,0,0,0,0.0,20,20.0,,0,0,,,0,0,,,0,0,,0,0.0,0,0,,,,,,,,0,0,0,,0.0,,0,0,0,0,0,0,,0,,0,100.0,1,1,-5.0,3.7,0,0,0.0,100.0,1,1,0.0,1,100.0,0,1,,60.4,62.4,64.9,60.1,,,0,0,1,0.0,118.8,0.0,0,0,0,0,0,0,0.0,20,20.0,-20.0
9,DJ Moore,48267,WR,CHI,1,100.0,0,1,6,100.0,1,1,3.0,4.2,0,0,0.0,100.0,1,1,0.0,1,100.0,0,1,70.5,68.3,71.9,79.0,68.9,64.9,70.0,0,0,1,0.0,118.8,0.0,0,0,0,0,1,0,0.0,2,2.0,,0,0,,,0,0,,,0,0,,0,0.0,0,0,68.3,66.2,68.2,78.7,,62.8,70.0,0,0,0,,0.0,,0,0,0,0,0,0,,0,,100.0,1,1,3.0,4.2,0,0,0.0,100.0,1,1,0.0,1,100.0,0,1,68.3,65.7,78.5,72.9,68.9,72.0,,0,0,1,0.0,118.8,0.0,0,0,0,0,1,0,0.0,2,2.0,0,,0,0,,,0,0,,,0,0,,0,0.0,0,0,64.7,61.2,76.7,69.1,,75.2,,0,0,0,,0.0,,0,0,0,0,0,0,,0,,2.0
9,Taysom Hill,12112,TE,NO,1,0.0,0,1,20,,0,0,,,0,0,,,0,0,,0,0.0,0,0,,68.6,58.3,72.1,,57.6,60.0,0,0,0,,0.0,,0,0,0,0,0,0,,0,,,0,0,,,0,0,,,0,0,,0,0.0,0,0,,68.6,58.3,72.1,,57.6,60.0,0,0,0,,0.0,,0,0,0,0,0,0,,0,,0.0,1,1,-2.0,1.0,0,0,0.0,0.0,0,0,,1,100.0,0,0,,60.4,58.5,64.6,59.8,,,0,0,1,,39.6,0.0,0,0,0,0,0,0,0.0,0,0.0,0,0.0,1,1,-2.0,1.0,0,0,0.0,0.0,0,0,,1,100.0,0,0,,60.4,58.5,64.6,59.8,,,0,0,1,,39.6,0.0,0,0,0,0,0,0,0.0,0,0.0,0.0
9,Cole Kmet,60995,TE,CHI,1,0.0,0,1,6,0.0,1,1,13.0,4.8,0,0,0.0,0.0,0,0,,1,100.0,0,0,28.9,63.8,65.1,70.5,70.7,55.9,,0,0,1,,39.6,0.0,0,0,0,0,0,0,0.0,0,0.0,,0,0,,,0,0,,,0,0,,0,0.0,0,0,28.9,61.2,57.1,70.9,,57.4,,0,0,0,,0.0,,0,0,0,0,0,0,,0,,0.0,1,1,13.0,4.8,0,0,0.0,0.0,0,0,,1,100.0,0,0,,60.4,72.2,67.9,70.7,55.1,,0,0,1,,39.6,0.0,0,0,0,0,0,0,0.0,0,0.0,0,,0,0,,,0,0,,,0,0,,0,0.0,0,0,,,59.2,70.0,,59.8,,0,0,0,,0.0,,0,0,0,0,0,0,,0,,0.0
week,player,player_id,position,team_name,player_game_count,comp_pct_diff,declined_penalties,dropbacks,franchise_id,no_screen_accuracy_percent,no_screen_aimed_passes,no_screen_attempts,no_screen_avg_depth_of_target,no_screen_avg_time_to_throw,no_screen_bats,no_screen_big_time_throws,no_screen_btt_rate,no_screen_completion_percent,no_screen_completions,no_screen_def_gen_pressures,no_screen_drop_rate,no_screen_dropbacks,no_screen_dropbacks_percent,no_screen_drops,no_screen_first_downs,no_screen_grades_hands_drop,no_screen_grades_hands_fumble,no_screen_grades_offense,no_screen_grades_offense_penalty,no_screen_grades_pass,no_screen_grades_pass_route,no_screen_grades_run,no_screen_hit_as_threw,no_screen_interceptions,no_screen_passing_snaps,no_screen_pressure_to_sack_rate,no_screen_qb_rating,no_screen_sack_percent,no_screen_sacks,no_screen_scrambles,no_screen_spikes,no_screen_thrown_aways,no_screen_touchdowns,no_screen_turnover_worthy_plays,no_screen_twp_rate,no_screen_yards,no_screen_ypa,npa_accuracy_percent,npa_aimed_passes,npa_attempts,npa_avg_depth_of_target,npa_avg_time_to_throw,npa_bats,npa_big_time_throws,npa_btt_rate,npa_completion_percent,npa_completions,npa_def_gen_pressures,npa_drop_rate,npa_dropbacks,npa_dropbacks_percent,npa_drops,npa_first_downs,npa_grades_hands_drop,npa_grades_hands_fumble,npa_grades_offense,npa_grades_offense_penalty,npa_grades_pass,npa_grades_pass_route,npa_grades_run,npa_hit_as_threw,npa_interceptions,npa_passing_snaps,npa_pressure_to_sack_rate,npa_qb_rating,npa_sack_percent,npa_sacks,npa_scrambles,npa_spikes,npa_thrown_aways,npa_touchdowns,npa_turnover_worthy_plays,npa_twp_rate,npa_yards,npa_ypa,pa_accuracy_percent,pa_aimed_passes,pa_attempts,pa_avg_depth_of_target,pa_avg_time_to_throw,pa_bats,pa_big_time_throws,pa_btt_rate,pa_completion_percent,pa_completions,pa_def_gen_pressures,pa_drop_rate,pa_dropbacks,pa_dropbacks_percent,pa_drops,pa_first_downs,pa_grades_hands_drop,pa_grades_hands_fumble,pa_grades_offense,pa_grades_offense_penalty,pa_grades_pass,pa_grades_pass_route,pa_grades_run,pa_hit_as_threw,pa_interceptions,pa_passing_snaps,pa_pressure_to_sack_rate,pa_qb_rating,pa_sack_percent,pa_sacks,pa_scrambles,pa_spikes,pa_thrown_aways,pa_touchdowns,pa_turnover_worthy_plays,pa_twp_rate,pa_yards,pa_ypa,penalties,screen_accuracy_percent,screen_aimed_passes,screen_attempts,screen_avg_depth_of_target,screen_avg_time_to_throw,screen_bats,screen_big_time_throws,screen_btt_rate,screen_completion_percent,screen_completions,screen_def_gen_pressures,screen_drop_rate,screen_dropbacks,screen_dropbacks_percent,screen_drops,screen_first_downs,screen_grades_hands_drop,screen_grades_hands_fumble,screen_grades_offense,screen_grades_offense_penalty,screen_grades_pass,screen_grades_pass_route,screen_grades_run,screen_hit_as_threw,screen_interceptions,screen_passing_snaps,screen_pressure_to_sack_rate,screen_qb_rating,screen_sack_percent,screen_sacks,screen_scrambles,screen_spikes,screen_thrown_aways,screen_touchdowns,screen_turnover_worthy_plays,screen_twp_rate,screen_yards,screen_ypa,ypa_diff
10,Jacoby Brissett,10725,QB,ARZ,1,33.85,0,53,1,57.1,42,44,8.5,2.87,0,0,0.0,50.0,22,27,8.3,53,100.0,2,14,,23.9,46.9,79.4,44.5,,68.5,1,0,55,18.5,83.3,9.4,5,4,0,1,2,4,7.3,258,5.9,54.1,37,39,9.2,2.77,0,0,0.0,46.2,18,21,10.0,44,83.0,2,12,,29.5,53.0,78.8,49.3,,74.8,1,0,45,9.5,79.4,4.5,2,3,0,1,2,3,6.7,204,5.2,80.0,5,5,3.2,3.33,0,0,0.0,80.0,4,6,0.0,9,17.0,0,2,,19.5,34.9,72.6,38.9,,55.9,0,0,11,50.0,111.7,33.3,3,1,0,0,0,1,9.1,54,10.8,0,,0,0,,,0,0,0.0,,0,0,,0,0.0,0,0,,60.4,60.3,64.6,60.1,,,0,0,1,,0.0,,0,0,0,0,0,0,0.0,0,,5.57
10,Davis Mills,52269,QB,HST,1,-13.64,0,49,13,62.5,40,42,11.4,2.97,0,3,6.7,57.1,24,20,4.0,46,93.9,1,17,,25.0,46.6,0.0,54.0,,32.6,0,1,50,10.0,82.9,4.3,2,2,0,2,2,4,8.0,275,6.5,68.8,32,33,9.6,2.71,0,3,8.3,63.6,21,17,4.5,37,75.5,1,14,,23.6,52.5,0.0,61.2,,32.6,0,1,41,11.8,93.9,5.4,2,2,0,1,2,3,7.3,247,7.5,54.5,11,12,12.8,3.34,0,0,0.0,50.0,6,3,0.0,12,24.5,0,4,,72.4,41.9,72.9,43.3,,,0,0,12,0.0,59.4,0.0,0,0,0,1,0,1,8.3,45,3.8,0,100.0,3,3,-3.3,1.37,0,0,0.0,100.0,3,0,0.0,3,6.1,0,1,,65.5,63.5,68.2,63.1,,,0,0,3,,90.3,0.0,0,0,0,0,0,0,0.0,17,5.7,-3.73
10,J.J. McCarthy,144918,QB,MIN,1,2.78,0,47,18,64.5,31,39,13.2,3.43,5,4,9.3,46.2,18,22,10.0,44,93.6,2,10,,80.1,54.1,0.0,53.3,,67.9,1,2,48,4.5,53.0,2.3,1,4,0,2,1,3,6.3,237,6.1,63.3,30,36,11.3,3.33,3,4,10.0,47.2,17,20,10.5,40,85.1,2,8,,79.6,51.6,0.0,50.8,60.0,67.9,1,1,44,0.0,64.7,0.0,0,4,0,2,1,3,6.8,221,6.1,75.0,4,6,14.3,3.31,2,0,0.0,50.0,3,2,0.0,7,14.9,0,2,,69.6,64.8,71.1,64.3,,,0,1,7,50.0,22.9,14.3,1,0,0,0,0,0,0.0,27,4.5,0,66.7,3,3,-4.0,1.87,0,0,0.0,66.7,2,0,0.0,3,6.4,0,0,,65.5,54.1,69.2,55.5,60.0,,0,0,3,,72.9,0.0,0,0,0,0,0,0,0.0,11,3.7,-1.64
10,Josh Allen,46601,QB,BUF,1,11.43,0,45,4,77.8,36,37,11.0,3.56,0,3,7.9,70.3,26,19,7.1,42,93.3,2,13,,29.6,62.2,78.8,60.7,,63.5,0,1,44,15.8,100.4,7.1,3,2,0,1,2,1,2.3,293,7.9,76.5,34,35,10.2,3.31,0,3,8.3,68.6,24,16,7.7,38,84.4,2,11,,28.8,59.9,78.6,58.7,,62.4,0,1,40,18.8,99.1,7.9,3,0,0,1,2,1,2.5,275,7.9,80.0,5,5,8.2,3.79,0,0,0.0,80.0,4,3,0.0,7,15.6,0,2,,69.6,65.4,71.1,64.2,,61.8,0,0,7,0.0,92.5,0.0,0,2,0,0,0,0,0.0,31,6.2,0,66.7,3,3,-3.0,1.0,0,0,0.0,66.7,2,0,0.0,3,6.7,0,0,,65.5,55.1,68.2,55.5,,,0,0,3,,75.7,0.0,0,0,0,0,0,0,0.0,13,4.3,-1.66
10,Baker Mayfield,46518,QB,TB,1,-9.41,0,45,30,69.2,39,39,7.8,2.95,0,1,2.4,61.5,24,14,11.1,41,91.1,3,14,,79.5,68.1,78.9,67.2,60.0,,0,0,43,14.3,107.0,4.9,2,0,0,0,3,1,2.3,262,6.7,74.2,31,31,6.6,2.7,0,1,3.0,67.7,21,8,8.7,32,71.1,2,10,,78.1,67.1,78.3,66.0,,,0,0,34,12.5,103.0,3.1,1,0,0,0,2,1,2.9,171,5.5,66.7,12,12,7.3,3.1,0,0,0.0,58.3,7,6,12.5,13,28.9,1,4,,72.8,67.2,73.5,66.9,60.0,,0,0,13,16.7,113.9,7.7,1,0,0,0,1,0,0.0,102,8.5,0,100.0,4,4,-2.8,1.43,0,0,0.0,100.0,4,0,0.0,4,8.9,0,0,,66.9,64.2,69.2,63.7,,,0,0,4,,79.2,0.0,0,0,0,0,0,0,0.0,11,2.8,2.98
10,Dillon Gabriel,86272,QB,CLV,1,29.17,0,44,8,60.7,28,28,8.4,3.11,0,1,3.3,53.6,15,19,11.8,39,88.6,2,11,,79.3,64.8,0.0,62.2,,71.0,0,0,42,31.6,94.6,15.4,6,5,0,0,2,1,2.4,162,5.8,54.2,24,24,6.6,3.09,0,1,3.8,45.8,11,15,15.4,34,77.3,2,8,,78.4,60.8,0.0,56.6,,74.0,0,0,36,33.3,59.7,14.7,5,5,0,0,0,1,2.8,112,4.7,75.0,8,8,6.8,2.59,0,0,0.0,75.0,6,4,0.0,10,22.7,0,3,,71.9,67.9,72.6,69.6,,58.3,0,0,11,25.0,132.8,10.0,1,0,0,0,2,0,0.0,55,6.9,0,50.0,4,4,-5.5,1.98,0,0,0.0,50.0,2,0,0.0,5,11.4,0,0,,68.0,54.6,69.9,54.9,,,0,0,5,,56.3,0.0,0,0,0,0,0,0,0.0,5,1.3,2.21
10,Jordan Love,40306,QB,GB,1,28.39,0,42,12,70.4,27,33,10.7,3.05,2,1,2.9,51.5,17,20,10.5,39,92.9,2,11,,20.9,68.0,79.0,71.8,,46.4,1,0,41,15.0,66.1,7.7,3,3,1,2,0,1,2.4,167,5.1,72.0,25,31,9.6,2.92,2,1,3.1,51.6,16,18,11.1,36,85.7,2,9,,20.2,63.1,78.8,66.4,,47.5,1,0,37,16.7,62.3,8.3,3,2,1,2,0,1,2.7,128,4.1,80.0,5,5,7.8,2.97,0,0,0.0,80.0,4,2,0.0,6,14.3,0,2,,69.6,78.4,71.1,80.3,,58.3,0,0,7,0.0,106.7,0.0,0,1,0,0,0,0,0.0,48,9.6,0,100.0,3,3,-3.0,1.3,0,0,0.0,100.0,3,0,0.0,3,7.1,0,0,,65.5,63.8,68.2,63.4,,,0,0,3,,79.2,0.0,0,0,0,0,0,0,0.0,9,3.0,5.47
10,Caleb Williams,144622,QB,CHI,1,24.73,0,41,6,71.9,32,33,12.0,3.69,0,2,5.7,54.5,18,12,21.7,38,92.7,5,14,,79.9,81.7,79.0,76.8,,75.1,1,0,42,0.0,85.4,0.0,0,5,0,0,1,0,0.0,220,6.7,69.6,23,25,9.7,3.43,1,2,7.7,48.0,12,10,25.0,28,68.3,4,7,,78.1,76.8,78.3,72.2,,72.5,1,0,30,0.0,72.8,0.0,0,3,0,0,1,0,0.0,104,4.2,81.8,11,11,13.6,3.76,0,0,0.0,72.7,8,2,11.1,13,31.7,1,7,,73.5,78.5,73.7,75.1,,66.4,0,0,15,0.0,106.6,0.0,0,2,0,0,0,0,0.0,116,10.5,0,100.0,2,3,-6.0,1.53,1,0,0.0,66.7,2,0,0.0,3,7.3,0,0,,65.5,59.9,68.2,59.8,,,0,0,3,,70.1,0.0,0,0,0,0,0,0,0.0,0,0.0,6.39
10,Justin Herbert,28237,QB,LAC,1,13.74,0,40,27,72.0,25,28,6.8,2.49,2,0,0.0,53.6,15,17,16.7,35,87.5,3,8,,79.2,48.7,79.2,46.4,,62.2,0,0,37,29.4,86.5,14.3,5,2,0,1,1,1,2.7,187,6.7,73.9,23,26,5.7,2.26,2,0,0.0,57.7,15,14,11.8,32,80.0,2,6,,78.8,48.9,79.0,46.3,,62.2,0,0,34,28.6,92.3,12.5,4,2,0,1,1,1,2.9,183,7.0,85.7,7,7,3.1,2.59,0,0,0.0,71.4,5,3,16.7,8,20.0,1,2,,70.3,61.0,71.5,60.8,,,0,0,8,33.3,83.6,12.5,1,0,0,0,0,0,0.0,37,5.3,0,100.0,5,5,-3.4,1.14,0,0,0.0,100.0,5,0,0.0,5,12.5,0,0,,68.0,65.5,69.9,64.9,,,0,0,5,,94.2,0.0,0,0,0,0,0,0,0.0,33,6.6,-1.75
10,Daniel Jones,39395,QB,IND,1,19.05,0,39,14,78.3,23,24,9.6,3.23,0,1,3.8,70.8,17,13,5.6,36,92.3,1,10,,21.0,49.8,0.0,44.0,,71.5,1,1,38,46.2,95.3,16.7,6,6,0,0,1,4,10.5,217,9.0,64.3,14,14,11.8,3.22,0,1,5.9,64.3,9,9,0.0,26,66.7,0,7,,19.1,36.7,0.0,28.7,,71.5,0,1,29,66.7,84.8,23.1,6,6,0,0,1,4,13.8,118,8.4,100.0,11,12,4.3,3.08,0,0,0.0,83.3,10,5,9.1,13,33.3,1,5,,20.3,67.4,73.2,66.7,,,1,0,13,20.0,114.2,7.7,1,0,0,0,0,1,7.7,137,11.4,0,100.0,2,2,-4.0,2.5,0,0,0.0,100.0,2,1,0.0,3,7.7,0,2,,14.2,29.6,69.2,31.4,,,0,0,4,100.0,118.8,33.3,1,0,0,0,0,1,25.0,38,19.0,2.99
10,Mac Jones,60323,QB,SF,1,18.18,0,39,28,86.5,37,38,7.7,2.86,1,1,2.4,84.2,32,13,0.0,38,97.4,0,15,,79.4,69.2,0.0,70.8,,58.2,0,1,41,0.0,114.9,0.0,0,0,0,0,3,3,7.3,300,7.9,84.4,32,33,7.8,2.69,1,1,2.8,81.8,27,9,0.0,33,84.6,0,14,,78.7,64.6,0.0,66.6,,58.2,0,1,36,0.0,118.2,0.0,0,0,0,0,3,3,8.3,268,8.1,100.0,6,6,5.5,3.58,0,0,0.0,100.0,6,4,0.0,6,15.4,0,2,,68.9,80.6,70.6,78.8,,,0,0,6,0.0,102.1,0.0,0,0,0,0,0,0,0.0,51,8.5,0,100.0,1,1,-3.0,1.9,0,0,0.0,100.0,1,0,0.0,1,2.6,0,1,,60.4,60.2,64.6,60.0,,,0,0,1,,118.8,0.0,0,0,0,0,0,0,0.0,19,19.0,0.38
10,Matthew Stafford,4924,QB,LA,1,-7.43,0,37,26,76.7,30,33,10.2,3.17,0,2,6.1,63.6,21,12,8.7,34,91.9,2,17,,78.8,87.8,79.0,86.1,,60.5,0,0,34,8.3,114.6,2.9,1,0,0,3,3,1,2.9,231,7.0,75.0,16,17,8.8,2.61,0,0,0.0,70.6,12,6,0.0,18,48.6,0,11,,75.7,65.9,78.0,64.6,,60.5,0,0,18,16.7,131.7,5.6,1,0,0,1,2,1,5.6,129,7.6,82.4,17,19,9.5,3.46,0,2,10.5,63.2,12,7,14.3,19,51.4,2,9,,74.8,93.7,74.5,92.5,,,0,0,19,0.0,122.9,0.0,0,0,0,2,2,0,0.0,151,7.9,0,100.0,3,3,-1.7,1.6,0,0,0.0,100.0,3,1,0.0,3,8.1,0,3,,65.5,63.7,68.2,63.3,,,0,0,3,0.0,158.3,0.0,0,0,0,0,1,0,0.0,49,16.3,0.36
10,Drake Maye,143969,QB,NE,1,25.6,0,36,19,57.7,26,29,13.5,3.33,1,3,9.7,48.3,14,16,6.7,34,94.4,1,9,,79.1,65.8,78.7,70.3,,46.1,0,1,36,6.3,87.3,2.9,1,4,0,2,2,1,2.8,253,8.7,52.4,21,24,13.2,3.17,1,2,8.0,45.8,11,12,0.0,27,75.0,0,6,,77.8,57.3,78.2,61.4,,47.1,0,1,28,0.0,63.2,0.0,0,3,0,2,1,1,3.6,152,6.3,85.7,7,7,9.4,3.44,0,1,12.5,71.4,5,4,16.7,9,25.0,1,3,,71.4,83.7,72.3,85.1,,58.3,0,0,10,25.0,153.3,11.1,1,1,0,0,1,0,0.0,118,16.9,0,100.0,2,2,-3.5,1.65,0,0,0.0,100.0,2,0,0.0,2,5.6,0,0,,63.6,62.3,66.9,62.0,,,0,0,2,,102.1,0.0,0,0,0,0,0,0,0.0,17,8.5,10.53
10,Geno Smith,7820,QB,LV,1,-26.67,0,34,23,82.4,17,20,7.6,2.82,1,1,4.5,60.0,12,16,14.3,28,82.4,2,7,,77.6,66.4,78.2,65.5,,61.3,0,1,30,37.5,58.1,21.4,6,2,0,2,0,0,0.0,129,6.5,89.5,19,21,4.1,2.42,1,1,4.5,66.7,14,13,17.6,27,79.4,3,5,,77.3,62.2,78.0,62.5,,59.7,0,1,28,46.2,60.8,22.2,6,0,0,1,0,0,0.0,116,5.5,75.0,4,5,6.5,3.43,0,0,0.0,40.0,2,3,33.3,7,20.6,1,2,,70.3,74.9,71.5,72.5,,64.1,0,0,8,0.0,57.9,0.0,0,2,0,1,0,0,0.0,27,5.4,0,100.0,6,6,-4.3,1.73,0,0,0.0,66.7,4,0,33.3,6,17.6,2,0,,68.9,66.0,70.6,65.4,,,0,0,6,,70.1,0.0,0,0,0,0,0,0,0.0,14,2.3,-0.12
10,Aaron Rodgers,2241,QB,PIT,1,16.67,0,34,25,60.9,23,26,11.2,2.68,0,0,0.0,42.3,11,10,21.4,29,85.3,3,4,,26.0,32.2,77.8,33.2,,,1,2,30,30.0,35.4,10.3,3,0,0,2,1,3,10.0,108,4.2,65.4,26,28,9.6,2.61,0,0,0.0,50.0,14,10,17.6,31,91.2,3,4,,26.5,34.4,78.0,35.3,,,1,2,32,30.0,44.9,9.7,3,0,0,1,1,3,9.4,128,4.6,100.0,2,3,-5.5,2.47,0,0,0.0,66.7,2,0,0.0,3,8.8,0,2,,65.5,60.0,68.2,59.9,,,0,0,3,,103.5,0.0,0,0,0,1,0,0,0.0,33,11.0,0,100.0,5,5,-4.0,2.14,0,0,0.0,100.0,5,0,0.0,5,14.7,0,2,,68.0,65.3,69.9,64.7,,,0,0,5,,110.8,0.0,0,0,0,0,0,0,0.0,53,10.6,6.43
10,Lamar Jackson,46416,QB,BLT,1,2.11,0,33,3,85.7,21,25,6.2,2.73,2,0,0.0,60.0,15,12,16.7,29,87.9,3,10,,79.3,73.1,79.1,72.5,,63.2,0,0,33,8.3,93.4,3.4,1,3,0,2,1,1,3.0,168,6.7,82.4,17,19,4.6,2.26,1,0,0.0,57.9,11,5,21.4,21,63.6,3,7,,77.8,78.2,78.5,76.0,,67.6,0,0,24,20.0,89.8,4.8,1,1,0,1,1,1,4.2,100,5.3,87.5,8,10,4.8,3.22,1,0,0.0,60.0,6,7,14.3,12,36.4,1,3,,72.8,54.5,73.2,57.7,,54.5,0,0,13,0.0,83.8,0.0,0,2,0,1,0,0,0.0,76,7.6,0,75.0,4,4,-3.8,1.7,0,0,0.0,50.0,2,0,33.3,4,12.1,1,0,,66.9,56.5,69.2,56.7,,,0,0,4,,56.3,0.0,0,0,0,0,0,0,0.0,8,2.0,2.34
10,Jared Goff,10635,QB,DET,1,-10.66,0,33,11,88.9,27,30,6.6,2.45,1,0,0.0,76.7,23,9,4.2,30,90.9,1,19,,77.6,90.7,78.5,89.7,,,0,0,31,0.0,142.6,0.0,0,0,0,2,3,0,0.0,312,10.4,93.3,15,16,4.9,2.16,0,0,0.0,81.3,13,3,7.1,16,48.5,1,10,,74.2,90.0,77.5,88.5,,,0,0,17,0.0,141.1,0.0,0,0,0,1,3,0,0.0,134,8.4,85.7,14,17,7.0,2.76,1,0,0.0,70.6,12,6,0.0,17,51.5,0,9,,74.2,79.1,74.1,77.4,,,0,0,17,0.0,106.5,0.0,0,0,0,2,0,0,0.0,186,10.9,0,100.0,2,3,-3.5,2.6,0,0,0.0,66.7,2,0,0.0,3,9.1,0,0,,65.5,60.0,68.2,59.9,,,0,0,3,,70.1,0.0,0,0,0,1,0,0,0.0,8,2.7,2.56
10,Jaxson Dart,146409,QB,NYG,1,-12.25,0,32,21,70.8,24,26,11.3,3.13,0,2,7.7,61.5,16,10,5.9,29,90.6,1,10,,27.6,70.8,77.8,67.1,,69.4,0,0,30,20.0,90.2,6.9,2,1,0,2,0,3,10.0,230,8.8,75.0,16,17,11.5,2.73,0,2,11.8,70.6,12,5,0.0,18,56.3,0,7,,24.6,72.5,76.8,66.7,,72.2,0,0,18,20.0,100.6,5.6,1,0,0,1,0,2,11.1,162,9.5,72.7,11,12,7.4,3.5,0,0,0.0,58.3,7,6,12.5,14,43.8,1,3,,73.9,64.2,73.9,65.4,,58.3,0,0,16,16.7,78.5,7.1,1,1,0,1,0,1,6.3,80,6.7,0,100.0,3,3,-1.7,2.43,0,0,0.0,100.0,3,1,0.0,3,9.4,0,0,,66.9,64.3,69.2,63.8,,,0,0,4,0.0,83.3,0.0,0,0,0,0,0,0,0.0,12,4.0,-2.86
10,Trevor Lawrence,77632,QB,JAX,1,13.73,0,32,15,70.6,17,20,10.1,3.44,2,1,3.8,55.0,11,18,8.3,29,90.6,1,8,,20.9,50.1,78.8,46.9,,63.4,1,1,36,27.8,74.6,17.2,5,4,0,0,1,5,13.9,148,7.4,69.2,13,17,10.1,3.26,2,1,4.5,52.9,9,15,0.0,24,75.0,0,7,,26.6,60.8,78.4,57.3,,65.9,2,1,30,26.7,72.4,16.7,4,3,0,0,1,3,10.0,127,7.5,83.3,6,6,5.5,3.53,0,0,0.0,66.7,4,4,20.0,8,25.0,1,1,,18.3,28.9,71.9,29.7,,58.3,0,0,9,25.0,79.2,12.5,1,1,0,0,0,2,22.2,31,5.2,0,100.0,2,3,-4.0,2.27,0,0,0.0,66.7,2,1,0.0,3,9.4,0,0,,65.5,51.4,68.2,52.2,,,1,0,3,0.0,71.5,0.0,0,0,0,0,0,0,0.0,10,3.3,-2.3
10,Michael Penix Jr.,82134,QB,ATL,1,35.09,0,31,2,56.5,23,27,13.0,3.41,0,2,6.7,40.7,11,11,15.4,30,96.8,2,10,,27.0,51.0,78.8,50.5,,60.0,0,0,33,27.3,76.3,10.0,3,0,0,4,1,2,6.1,181,6.7,43.8,16,19,11.7,3.12,0,1,4.8,31.6,6,7,14.3,22,71.0,1,5,,24.7,29.0,78.2,29.0,,60.0,0,0,24,42.9,60.9,13.6,3,0,0,3,1,2,8.3,68,3.6,87.5,8,9,13.6,3.93,0,1,10.0,66.7,6,4,14.3,9,29.0,1,5,,71.4,91.9,72.3,90.7,,,0,0,10,0.0,108.1,0.0,0,0,0,1,0,0,0.0,109,12.1,0,100.0,1,1,-4.0,1.6,0,0,0.0,100.0,1,0,0.0,1,3.2,0,0,,60.4,60.5,64.6,60.4,,,0,0,1,,79.2,0.0,0,0,0,0,0,0,0.0,-4,-4.0,8.53
10,Bo Nix,97790,QB,DEN,1,19.05,0,30,10,62.5,24,25,9.6,3.02,0,0,0.0,56.0,14,11,6.7,26,86.7,1,5,,78.3,60.1,78.7,56.4,60.0,68.9,0,2,28,9.1,52.6,3.8,1,0,0,1,1,1,3.6,143,5.7,65.0,20,21,9.3,2.91,0,0,0.0,52.4,11,11,15.4,23,76.7,2,3,,77.8,59.3,78.5,55.2,60.0,68.9,0,2,25,9.1,42.9,4.3,1,0,0,1,1,1,4.0,105,5.0,71.4,7,7,5.4,2.46,0,0,0.0,71.4,5,2,0.0,7,23.3,0,2,,70.3,61.4,71.5,61.1,,,0,0,8,0.0,88.4,0.0,0,0,0,0,0,0,0.0,45,6.4,0,100.0,3,3,-2.7,1.45,0,0,0.0,66.7,2,2,33.3,4,13.3,1,0,,68.0,59.0,69.9,59.0,,,0,0,5,0.0,70.1,0.0,0,0,0,0,0,0,0.0,7,2.3,1.43
10,Tyler Shough,83537,QB,NO,1,-37.27,0,30,20,76.0,25,26,11.1,2.95,0,2,7.7,69.2,18,11,5.3,29,96.7,1,8,,78.1,76.8,78.4,75.5,,63.6,0,0,30,18.2,126.4,6.9,2,1,0,1,2,0,0.0,256,9.8,85.7,21,22,9.0,2.79,0,2,9.1,77.3,17,9,5.6,24,80.0,1,9,,77.2,85.5,78.1,84.7,,63.6,0,0,25,11.1,148.3,4.2,1,1,0,1,2,0,0.0,272,12.4,40.0,5,5,16.6,3.37,0,0,0.0,40.0,2,2,0.0,6,20.0,0,0,,68.9,41.9,70.6,43.3,,,0,0,6,50.0,47.9,16.7,1,0,0,0,0,0,0.0,10,2.0,0,100.0,1,1,-5.0,1.6,0,0,0.0,100.0,1,0,0.0,1,3.3,0,1,,60.4,60.2,64.6,60.0,,,0,0,1,,118.8,0.0,0,0,0,0,0,0,0.0,26,26.0,-10.36
10,Jalen Hurts,40291,QB,PHI,1,-5.45,0,29,24,60.0,20,23,10.3,3.67,0,1,4.2,52.2,12,9,0.0,26,89.7,0,8,,25.9,62.4,0.0,72.1,,41.6,0,0,27,0.0,90.7,0.0,0,3,0,3,1,0,0.0,169,7.3,64.3,14,15,5.8,3.43,0,0,0.0,60.0,9,8,0.0,18,62.1,0,4,,23.3,50.6,0.0,62.4,,41.6,0,0,18,0.0,78.5,0.0,0,3,0,1,0,0,0.0,95,6.3,66.7,9,11,11.8,3.69,0,1,8.3,54.5,6,2,0.0,11,37.9,0,4,,72.4,79.9,72.9,78.1,,,0,0,12,0.0,111.2,0.0,0,0,0,2,1,0,0.0,88,8.0,0,100.0,3,3,-6.0,2.33,0,0,0.0,100.0,3,1,0.0,3,10.3,0,0,,65.5,63.4,68.2,63.0,,,0,0,3,0.0,86.1,0.0,0,0,0,0,0,0,0.0,14,4.7,1.67
10,Bryce Young,123943,QB,CAR,1,20.18,0,27,5,80.0,20,24,8.0,2.7,2,0,0.0,66.7,16,8,0.0,26,96.3,0,6,,77.4,35.7,78.2,33.6,,64.7,0,1,29,25.0,61.6,7.7,2,0,0,2,0,2,6.9,123,5.1,80.0,15,19,7.4,2.5,2,0,0.0,63.2,12,6,0.0,21,77.8,0,5,,76.4,30.3,77.8,29.1,,64.7,0,1,24,33.3,52.5,9.5,2,0,0,2,0,2,8.3,90,4.7,83.3,6,6,7.2,3.48,0,0,0.0,83.3,5,3,0.0,6,22.2,0,1,,68.9,65.9,70.6,65.3,,,0,0,6,0.0,90.3,0.0,0,0,0,0,0,0,0.0,34,5.7,0,100.0,1,1,-6.0,3.0,0,0,0.0,100.0,1,1,0.0,1,3.7,0,0,,60.4,60.3,64.6,60.1,,,0,0,1,0.0,79.2,0.0,0,0,0,0,0,0,0.0,1,1.0,0.93
10,Marcus Mariota,9435,QB,WAS,1,14.58,0,26,32,73.7,19,19,15.7,2.9,0,3,15.0,73.7,14,7,0.0,23,88.5,0,10,,77.2,80.5,78.0,81.7,,58.0,0,0,25,28.6,144.0,8.7,2,2,0,0,2,0,0.0,207,10.9,68.8,16,16,13.4,2.57,0,2,12.5,68.8,11,5,0.0,18,69.2,0,5,,75.7,78.4,77.4,77.7,,62.5,0,0,18,20.0,114.6,5.6,1,1,0,0,1,0,0.0,132,8.3,100.0,5,6,15.2,2.96,1,1,14.3,83.3,5,2,0.0,8,30.8,0,5,,71.4,71.7,72.3,74.9,,56.8,0,0,10,50.0,158.3,12.5,1,1,0,0,1,0,0.0,81,13.5,0,100.0,2,3,-4.0,1.13,1,0,0.0,66.7,2,0,0.0,3,11.5,0,0,,65.5,59.9,68.2,59.8,,,0,0,3,,70.1,0.0,0,0,0,0,0,0,0.0,6,2.0,5.25
10,Tua Tagovailoa,60326,QB,MIA,1,46.15,0,23,17,66.7,15,16,14.5,2.74,1,2,12.5,62.5,10,6,0.0,16,69.6,0,8,,74.8,74.6,77.7,73.5,,60.0,0,2,16,0.0,92.7,0.0,0,0,0,0,2,2,12.5,148,9.3,58.3,12,13,10.1,2.47,1,0,0.0,53.8,7,5,0.0,13,56.5,0,3,,73.8,51.8,77.5,49.9,,60.0,0,2,13,0.0,46.8,0.0,0,0,0,0,1,2,15.4,43,3.3,100.0,8,8,9.6,2.15,0,2,25.0,100.0,8,1,0.0,10,43.5,0,6,,71.4,92.0,72.3,91.0,,,0,0,10,0.0,158.3,0.0,0,0,0,0,1,0,0.0,130,16.3,0,100.0,5,5,-3.8,1.4,0,0,0.0,100.0,5,0,0.0,7,30.4,0,1,,69.6,60.5,71.1,60.3,,,0,0,7,,87.5,0.0,0,0,0,0,0,0,0.0,25,5.0,12.94
10,Justin Fields,82118,QB,NYJ,1,16.67,0,16,22,50.0,6,8,10.5,3.14,1,0,0.0,37.5,3,8,0.0,13,81.3,0,1,,75.4,43.3,77.9,34.6,,61.2,1,1,14,37.5,6.3,23.1,3,2,0,0,0,1,7.1,7,0.9,66.7,6,8,5.2,2.86,1,0,0.0,50.0,4,8,0.0,12,75.0,0,2,,74.9,60.1,77.7,57.2,,61.2,1,0,12,25.0,109.4,16.7,2,2,0,0,1,0,0.0,50,6.3,66.7,3,3,4.7,2.7,0,0,0.0,66.7,2,2,0.0,4,25.0,0,0,,68.0,27.5,69.9,28.6,,,0,1,5,50.0,30.6,25.0,1,0,0,0,0,1,20.0,4,1.3,0,100.0,3,3,-6.0,1.43,0,0,0.0,100.0,3,2,0.0,3,18.8,0,1,,65.5,63.5,68.2,63.1,,,0,0,3,0.0,158.3,0.0,0,0,0,0,1,0,0.0,47,15.7,-4.92
10,Sam Darnold,29048,QB,SEA,1,-28.57,0,13,29,81.8,11,11,11.1,3.06,0,1,7.7,81.8,9,3,0.0,12,92.3,0,6,,22.2,67.7,78.4,66.4,,60.0,0,1,14,33.3,111.2,8.3,1,0,0,0,1,1,7.1,175,15.9,100.0,5,5,5.0,2.5,0,0,0.0,100.0,5,1,0.0,6,46.2,0,2,,18.8,53.4,77.9,50.1,,60.0,0,0,7,100.0,118.8,16.7,1,0,0,0,0,1,14.3,90,18.0,71.4,7,7,13.4,3.23,0,1,12.5,71.4,5,2,0.0,7,53.8,0,4,,70.3,79.7,71.5,77.9,,,0,1,8,0.0,113.7,0.0,0,0,0,0,1,0,0.0,88,12.6,0,100.0,1,1,-3.0,0.9,0,0,0.0,100.0,1,0,0.0,1,7.7,0,0,,60.4,60.3,64.6,60.1,,,0,0,1,,79.2,0.0,0,0,0,0,0,0,0.0,3,3.0,-5.43
10,Russell Wilson,7077,QB,NYG,1,80.0,0,11,21,100.0,4,7,0.5,3.42,0,0,0.0,42.9,3,7,25.0,11,100.0,1,2,,71.9,57.5,75.2,54.9,,61.3,1,0,11,28.6,64.6,18.2,2,2,0,2,0,0,0.0,45,6.4,100.0,2,5,1.5,3.01,0,0,0.0,20.0,1,5,50.0,7,63.6,1,1,,69.6,64.9,74.5,54.1,,65.9,1,0,7,20.0,39.6,14.3,1,1,0,2,0,0,0.0,0,0.0,100.0,2,2,-0.5,4.13,0,0,0.0,100.0,2,2,0.0,4,36.4,0,1,,66.9,49.6,69.2,59.7,,54.9,0,0,4,50.0,118.8,25.0,1,1,0,0,0,0,0.0,45,22.5,0,,0,0,,,0,0,,,0,0,,0,0.0,0,0,,,,,,,,0,0,0,,0.0,,0,0,0,0,0,0,,0,,22.5
10,Kyle Allen,26152,QB,DET,1,0.0,0,2,11,50.0,2,2,6.0,2.25,0,0,0.0,0.0,0,0,100.0,2,100.0,1,0,,66.1,74.4,71.9,73.0,,60.0,0,0,2,,39.6,0.0,0,0,0,0,0,0,0.0,0,0.0,100.0,1,1,11.0,2.3,0,0,0.0,0.0,0,0,100.0,1,50.0,1,0,,64.5,74.2,71.5,71.9,,60.0,0,0,1,,39.6,0.0,0,0,0,0,0,0,0.0,0,0.0,0.0,1,1,1.0,2.2,0,0,0.0,0.0,0,0,,1,50.0,0,0,,60.4,60.3,64.6,60.1,,,0,0,1,,39.6,0.0,0,0,0,0,0,0,0.0,0,0.0,0,,0,0,,,0,0,,,0,0,,0,0.0,0,0,,,,,,,,0,0,0,,0.0,,0,0,0,0,0,0,,0,,0.0
10,Courtland Sutton,48164,WR,DEN,1,0.0,0,1,10,,0,0,,4.9,0,0,,,0,1,,1,100.0,0,0,70.5,67.0,59.9,78.6,60.0,60.4,,0,0,1,100.0,0.0,100.0,1,0,0,0,0,0,0.0,0,,,0,0,,4.9,0,0,,,0,1,,1,100.0,0,0,70.5,67.0,60.5,78.7,60.0,61.0,,0,0,1,100.0,0.0,100.0,1,0,0,0,0,0,0.0,0,,,0,0,,,0,0,,,0,0,,0,0.0,0,0,,,44.6,69.7,,54.6,,0,0,0,,0.0,,0,0,0,0,0,0,,0,,0,,0,0,,,0,0,,,0,0,,0,0.0,0,0,,,45.0,69.9,,55.8,,0,0,0,,0.0,,0,0,0,0,0,0,,0,,0.0
10,Kenny Pickett,60515,QB,LV,1,0.0,0,1,23,100.0,1,1,4.0,1.9,0,0,0.0,0.0,0,1,100.0,1,100.0,1,0,,60.4,60.7,66.9,60.4,,,0,0,1,0.0,39.6,0.0,0,0,0,0,0,0,0.0,0,0.0,100.0,1,1,4.0,1.9,0,0,0.0,0.0,0,1,100.0,1,100.0,1,0,,60.4,60.7,66.9,60.4,,,0,0,1,0.0,39.6,0.0,0,0,0,0,0,0,0.0,0,0.0,,0,0,,,0,0,,,0,0,,0,0.0,0,0,,,,,,,,0,0,0,,0.0,,0,0,0,0,0,0,,0,,0,,0,0,,,0,0,,,0,0,,0,0.0,0,0,,,,,,,,0,0,0,,0.0,,0,0,0,0,0,0,,0,,0.0
10,Kedon Slovis,100580,QB,ARZ,1,0.0,0,1,1,100.0,1,1,5.0,1.9,0,0,0.0,0.0,0,0,100.0,1,100.0,1,0,,60.4,57.8,68.2,58.0,,,0,0,1,,39.6,0.0,0,0,0,0,0,0,0.0,0,0.0,100.0,1,1,5.0,1.9,0,0,0.0,0.0,0,0,100.0,1,100.0,1,0,,60.4,57.8,68.2,58.0,,,0,0,1,,39.6,0.0,0,0,0,0,0,0,0.0,0,0.0,,0,0,,,0,0,,,0,0,,0,0.0,0,0,,,,,,,,0,0,0,,0.0,,0,0,0,0,0,0,,0,,0,,0,0,,,0,0,,,0,0,,0,0.0,0,0,,,,,,,,0,0,0,,0.0,,0,0,0,0,0,0,,0,,0.0
10,Taysom Hill,12112,TE,NO,1,0.0,0,1,20,,0,1,,2.9,0,0,0.0,0.0,0,1,,1,100.0,0,0,28.0,71.9,55.3,76.1,60.0,31.0,66.6,0,0,1,0.0,39.6,0.0,0,0,0,1,0,0,0.0,0,0.0,,0,0,,,0,0,,,0,0,,0,0.0,0,0,28.0,71.4,56.3,75.9,,31.0,66.6,0,0,0,,0.0,,0,0,0,0,0,0,,0,,,0,1,,2.9,0,0,0.0,0.0,0,1,,1,100.0,0,0,,60.4,60.0,64.6,60.0,,,0,0,1,0.0,39.6,0.0,0,0,0,1,0,0,0.0,0,0.0,0,,0,0,,,0,0,,,0,0,,0,0.0,0,0,,,,,,,,0,0,0,,0.0,,0,0,0,0,0,0,,0,,0.0
10,Mitch Trubisky,11757,QB,BUF,1,0.0,0,1,4,,0,0,,6.3,0,0,,,0,1,,1,100.0,0,0,,60.4,55.9,68.2,,,57.9,0,0,1,0.0,0.0,0.0,0,1,0,0,0,0,0.0,0,,,0,0,,,0,0,,,0,0,,0,0.0,0,0,,,60.0,66.9,,,,0,0,0,,0.0,,0,0,0,0,0,0,,0,,,0,0,,6.3,0,0,,,0,1,,1,100.0,0,0,,60.4,55.9,64.6,,,57.9,0,0,1,0.0,0.0,0.0,0,1,0,0,0,0,0.0,0,,0,,0,0,,,0,0,,,0,0,,0,0.0,0,0,,,,,,,,0,0,0,,0.0,,0,0,0,0,0,0,,0,,0.0
10,Justin Jefferson,61398,WR,MIN,1,0.0,0,1,18,,0,0,,,0,0,,,0,0,,0,0.0,0,0,36.2,65.8,53.7,0.0,,55.6,,0,0,0,,0.0,,0,0,0,0,0,0,,0,,,0,0,,0.0,0,0,,,0,0,,1,100.0,0,0,36.2,67.0,52.8,0.0,60.0,55.3,,0,0,1,,0.0,0.0,0,0,0,0,0,0,0.0,0,,,0,0,,,0,0,,,0,0,,0,0.0,0,0,64.7,61.2,59.7,71.5,,59.6,,0,0,0,,0.0,,0,0,0,0,0,0,,0,,0,,0,0,,0.0,0,0,,,0,0,,1,100.0,0,0,64.7,63.8,56.7,69.2,60.0,59.3,,0,0,1,,0.0,0.0,0,0,0,0,0,0,0.0,0,,0.0
week,player,player_id,position,team_name,player_game_count,comp_pct_diff,declined_penalties,dropbacks,franchise_id,no_screen_accuracy_percent,no_screen_aimed_passes,no_screen_attempts,no_screen_avg_depth_of_target,no_screen_avg_time_to_throw,no_screen_bats,no_screen_big_time_throws,no_screen_btt_rate,no_screen_completion_percent,no_screen_completions,no_screen_def_gen_pressures,no_screen_drop_rate,no_screen_dropbacks,no_screen_dropbacks_percent,no_screen_drops,no_screen_first_downs,no_screen_grades_hands_drop,no_screen_grades_hands_fumble,no_screen_grades_offense,no_screen_grades_offense_penalty,no_screen_grades_pass,no_screen_grades_pass_route,no_screen_grades_run,no_screen_hit_as_threw,no_screen_interceptions,no_screen_passing_snaps,no_screen_pressure_to_sack_rate,no_screen_qb_rating,no_screen_sack_percent,no_screen_sacks,no_screen_scrambles,no_screen_spikes,no_screen_thrown_aways,no_screen_touchdowns,no_screen_turnover_worthy_plays,no_screen_twp_rate,no_screen_yards,no_screen_ypa,npa_accuracy_percent,npa_aimed_passes,npa_attempts,npa_avg_depth_of_target,npa_avg_time_to_throw,npa_bats,npa_big_time_throws,npa_btt_rate,npa_completion_percent,npa_completions,npa_def_gen_pressures,npa_drop_rate,npa_dropbacks,npa_dropbacks_percent,npa_drops,npa_first_downs,npa_grades_hands_drop,npa_grades_hands_fumble,npa_grades_offense,npa_grades_offense_penalty,npa_grades_pass,npa_grades_pass_route,npa_grades_run,npa_hit_as_threw,npa_interceptions,npa_passing_snaps,npa_pressure_to_sack_rate,npa_qb_rating,npa_sack_percent,npa_sacks,npa_scrambles,npa_spikes,npa_thrown_aways,npa_touchdowns,npa_turnover_worthy_plays,npa_twp_rate,npa_yards,npa_ypa,pa_accuracy_percent,pa_aimed_passes,pa_attempts,pa_avg_depth_of_target,pa_avg_time_to_throw,pa_bats,pa_big_time_throws,pa_btt_rate,pa_completion_percent,pa_completions,pa_def_gen_pressures,pa_drop_rate,pa_dropbacks,pa_dropbacks_percent,pa_drops,pa_first_downs,pa_grades_hands_drop,pa_grades_hands_fumble,pa_grades_offense,pa_grades_offense_penalty,pa_grades_pass,pa_grades_pass_route,pa_grades_run,pa_hit_as_threw,pa_interceptions,pa_passing_snaps,pa_pressure_to_sack_rate,pa_qb_rating,pa_sack_percent,pa_sacks,pa_scrambles,pa_spikes,pa_thrown_aways,pa_touchdowns,pa_turnover_worthy_plays,pa_twp_rate,pa_yards,pa_ypa,penalties,screen_accuracy_percent,screen_aimed_passes,screen_attempts,screen_avg_depth_of_target,screen_avg_time_to_throw,screen_bats,screen_big_time_throws,screen_btt_rate,screen_completion_percent,screen_completions,screen_def_gen_pressures,screen_drop_rate,screen_dropbacks,screen_dropbacks_percent,screen_drops,screen_first_downs,screen_grades_hands_drop,screen_grades_hands_fumble,screen_grades_offense,screen_grades_offense_penalty,screen_grades_pass,screen_grades_pass_route,screen_grades_run,screen_hit_as_threw,screen_interceptions,screen_passing_snaps,screen_pressure_to_sack_rate,screen_qb_rating,screen_sack_percent,screen_sacks,screen_scrambles,screen_spikes,screen_thrown_aways,screen_touchdowns,screen_turnover_worthy_plays,screen_twp_rate,screen_yards,screen_ypa,ypa_diff
11,Jacoby Brissett,10725,QB,ARZ,1,-20.0,0,57,1,88.5,52,54,7.3,2.62,1,1,1.8,83.3,45,10,2.2,54,94.7,1,18,,81.5,79.2,0.0,78.0,,69.4,0,2,57,0.0,97.8,0.0,0,0,0,1,2,2,3.5,444,8.2,93.0,43,45,5.8,2.4,1,0,0.0,86.7,39,5,2.5,45,78.9,1,14,,80.5,76.2,0.0,75.2,,69.4,0,1,48,0.0,102.7,0.0,0,0,0,1,2,1,2.1,329,7.3,66.7,12,12,10.8,3.28,0,1,7.7,66.7,8,5,0.0,12,21.1,0,4,,72.8,74.9,73.2,73.6,,,0,1,13,0.0,65.6,0.0,0,0,0,0,0,1,7.7,123,10.3,0,66.7,3,3,-1.3,1.87,0,0,0.0,66.7,2,0,0.0,3,5.3,0,0,,66.9,61.0,69.2,60.8,,,0,0,4,,70.1,0.0,0,0,0,0,0,0,0.0,8,2.7,2.94
11,Bryce Young,123943,QB,CAR,1,17.11,0,51,5,78.9,38,42,8.1,2.73,1,2,4.7,66.7,28,15,6.7,47,92.2,2,19,,80.6,88.1,79.6,87.1,,57.9,1,0,50,33.3,122.1,10.6,5,0,0,2,3,0,0.0,410,9.8,74.2,31,34,7.0,2.55,1,1,2.9,64.7,22,9,4.3,37,72.5,1,14,,79.3,80.9,79.0,80.4,,57.9,1,0,40,33.3,113.0,8.1,3,0,0,1,2,0,0.0,305,9.0,100.0,10,11,8.1,2.77,0,1,9.1,81.8,9,6,10.0,14,27.5,1,6,,73.2,87.1,73.5,84.8,,,0,0,14,33.3,149.1,14.3,2,0,0,1,1,0,0.0,143,13.0,0,100.0,3,3,-3.7,1.23,0,0,0.0,100.0,3,0,0.0,4,7.8,0,1,,66.9,60.9,69.2,60.7,,,0,0,4,,118.8,0.0,0,0,0,0,0,0,0.0,38,12.7,4.03
11,Patrick Mahomes,11765,QB,KC,1,14.39,0,49,16,70.6,34,36,10.2,2.86,0,2,4.9,58.3,21,14,12.5,40,81.6,3,11,,80.0,45.4,78.9,47.1,,52.0,0,1,47,21.4,75.7,7.5,3,1,0,2,1,3,6.4,236,6.6,74.2,31,33,10.1,2.64,0,2,5.3,60.6,20,11,13.0,35,71.4,3,10,,79.3,48.7,78.6,50.0,,54.2,0,1,42,18.2,79.2,5.7,2,0,0,2,1,2,4.8,231,7.0,75.0,12,12,0.3,2.41,0,0,0.0,75.0,9,3,0.0,14,28.6,0,3,,73.2,49.2,73.5,50.9,,58.3,0,0,14,33.3,80.2,7.1,1,1,0,0,0,1,7.1,45,3.8,0,88.9,9,9,-3.7,1.34,0,0,0.0,88.9,8,0,0.0,9,18.4,0,2,,70.9,61.6,71.9,61.3,,,0,0,9,,85.2,0.0,0,0,0,0,0,0,0.0,40,4.4,-3.25
11,Geno Smith,7820,QB,LV,1,7.16,0,49,23,69.7,33,36,7.3,3.03,0,1,2.6,61.1,22,20,4.3,43,87.8,1,10,,79.9,57.4,78.4,57.1,,59.6,2,1,45,20.0,65.6,9.3,4,3,0,1,0,2,4.4,209,5.8,73.1,26,29,4.8,2.77,0,1,3.2,62.1,18,13,5.3,34,69.4,1,7,,78.7,58.7,77.7,57.6,,62.3,2,0,36,23.1,83.3,8.8,3,2,0,1,1,1,2.8,125,4.3,76.9,13,13,7.4,3.03,0,0,0.0,69.2,9,7,10.0,15,30.6,1,6,,73.5,59.3,73.7,60.7,,58.3,0,1,15,14.3,63.9,6.7,1,1,0,0,0,1,6.7,113,8.7,0,100.0,6,6,-3.5,1.55,0,0,0.0,83.3,5,0,16.7,6,12.2,1,3,,68.9,65.8,70.6,65.3,,,0,0,6,,126.4,0.0,0,0,0,0,1,0,0.0,29,4.8,4.38
11,Davis Mills,52269,QB,HST,1,0.3,0,47,13,67.6,37,39,9.8,2.29,0,3,7.5,61.5,24,10,4.0,45,95.7,1,13,,79.9,81.5,79.1,81.6,,54.2,1,0,46,40.0,89.2,8.9,4,2,0,1,1,1,2.2,255,6.5,65.5,29,30,8.7,2.21,0,2,6.7,63.3,19,6,0.0,35,74.5,0,7,,78.3,73.9,78.5,74.7,,54.2,0,0,35,50.0,80.8,8.6,3,2,0,1,0,1,2.9,187,6.2,80.0,10,11,10.2,2.38,0,1,8.3,63.6,7,5,12.5,12,25.5,1,6,,72.8,85.4,73.2,83.2,,,1,0,13,20.0,118.4,8.3,1,0,0,0,1,0,0.0,87,7.9,0,100.0,2,2,-3.5,1.45,0,0,0.0,100.0,2,1,0.0,2,4.3,0,0,,63.6,62.4,66.9,62.0,,,0,0,2,0.0,106.3,0.0,0,0,0,0,0,0,0.0,19,9.5,1.68
11,Sam Darnold,29048,QB,SEA,1,31.18,0,46,29,71.8,39,43,8.8,2.93,1,0,0.0,65.1,28,14,0.0,45,97.8,0,15,,80.3,38.8,79.9,38.2,,62.6,1,4,48,0.0,43.8,0.0,0,1,0,2,0,4,8.3,270,6.3,66.7,30,34,9.2,2.86,1,0,0.0,58.8,20,11,0.0,36,78.3,0,12,,79.0,37.2,79.4,36.2,,62.6,1,3,38,0.0,39.5,0.0,0,1,0,2,0,3,7.9,205,6.0,90.0,10,10,6.3,3.17,0,0,0.0,90.0,9,3,0.0,10,21.7,0,3,,71.9,55.9,72.6,56.1,,,0,1,11,0.0,57.9,0.0,0,0,0,0,0,1,9.1,74,7.4,0,100.0,1,1,-4.0,2.5,0,0,0.0,100.0,1,0,0.0,1,2.2,0,0,,60.4,60.2,64.6,60.0,,,0,0,1,,104.2,0.0,0,0,0,0,0,0,0.0,9,9.0,1.37
11,Cam Ward,133244,QB,TEN,1,20.74,0,43,31,69.0,29,33,9.8,2.73,3,2,5.7,60.6,20,15,0.0,39,90.7,0,11,,28.7,56.2,78.6,52.6,,70.6,0,0,41,20.0,84.8,7.7,3,3,0,1,1,2,4.9,175,5.3,66.7,24,27,11.0,2.68,3,2,6.9,59.3,16,11,0.0,32,74.4,0,11,,27.2,57.4,78.2,53.4,,70.6,0,0,34,18.2,88.5,6.3,2,3,0,0,1,2,5.9,160,5.9,88.9,9,10,0.2,2.48,0,0,0.0,80.0,8,4,0.0,11,25.6,0,1,,71.9,58.4,72.6,58.3,,,0,0,11,25.0,80.8,9.1,1,0,0,1,0,0,0.0,34,3.4,0,100.0,4,4,-4.3,1.68,0,0,0.0,100.0,4,0,0.0,4,9.3,0,1,,66.9,64.5,69.2,64.0,,,0,0,4,,86.5,0.0,0,0,0,0,0,0,0.0,19,4.8,-2.53
11,Bo Nix,97790,QB,DEN,1,7.04,0,41,10,77.8,27,31,12.4,3.15,1,4,12.9,58.1,18,16,14.3,34,82.9,3,11,,78.6,86.4,78.4,84.1,58.4,66.9,0,0,34,12.5,87.7,5.9,2,1,0,3,0,1,2.9,277,8.9,76.0,25,27,9.5,2.88,1,2,7.4,63.0,17,14,10.5,30,73.2,2,10,,77.9,80.0,78.0,77.1,,66.9,0,0,30,14.3,87.1,6.7,2,1,0,1,0,1,3.3,211,7.8,100.0,8,10,9.6,3.02,0,2,20.0,70.0,7,2,12.5,11,26.8,1,1,,71.9,83.6,72.9,83.2,58.4,,0,0,11,0.0,95.4,0.0,0,0,0,2,0,0,0.0,84,8.4,0,100.0,6,6,-3.7,1.77,0,0,0.0,100.0,6,0,0.0,7,17.1,0,0,,69.6,63.7,71.1,63.3,,,0,0,7,,79.2,0.0,0,0,0,0,0,0,0.0,18,3.0,0.59
11,Joe Flacco,4332,QB,CIN,1,45.95,0,41,7,63.9,36,40,8.1,2.67,2,2,4.9,57.5,23,14,0.0,41,100.0,0,9,,79.5,37.8,0.0,41.7,,60.0,1,1,42,7.1,68.6,2.4,1,0,0,1,1,3,7.1,199,5.0,60.6,33,37,8.2,2.63,2,1,2.6,54.1,20,12,0.0,38,92.7,0,8,,79.1,30.3,0.0,34.7,,60.0,1,1,39,8.3,63.8,2.6,1,0,0,1,1,3,7.7,168,4.5,100.0,3,3,7.0,3.27,0,1,33.3,100.0,3,2,0.0,3,7.3,0,1,,65.5,88.9,68.2,86.3,,,0,0,3,0.0,109.7,0.0,0,0,0,0,0,0,0.0,31,10.3,0,,0,0,,,0,0,,,0,0,,0,0.0,0,0,,,,,,,,0,0,0,,0.0,,0,0,0,0,0,0,,0,,5.79
11,Jared Goff,10635,QB,DET,1,10.84,0,39,11,46.4,28,34,9.0,2.61,4,0,0.0,35.3,12,15,7.7,36,92.3,1,8,,78.7,42.9,78.5,43.2,,60.0,0,1,36,13.3,51.1,5.6,2,0,0,2,1,0,0.0,180,5.3,47.6,21,26,8.3,2.49,3,0,0.0,34.6,9,11,10.0,28,71.8,1,6,,77.3,45.1,77.9,45.1,,60.0,0,1,28,18.2,39.3,7.1,2,0,0,2,0,0,0.0,152,5.8,50.0,10,11,6.1,2.73,1,0,0.0,45.5,5,4,0.0,11,28.2,0,4,,71.9,46.6,72.6,47.5,,,0,0,11,0.0,109.3,0.0,0,0,0,0,1,0,0.0,103,9.4,0,66.7,3,3,-5.0,1.9,0,0,0.0,66.7,2,0,0.0,3,7.7,0,2,,65.5,55.1,68.2,55.5,,,0,0,3,,109.7,0.0,0,0,0,0,0,0,0.0,75,25.0,3.51
11,Drake Maye,143969,QB,NE,1,15.34,0,37,19,81.3,32,34,12.2,2.99,1,1,2.8,73.5,25,17,3.8,37,100.0,1,16,,79.5,84.2,79.0,84.9,,53.1,0,0,40,5.9,107.6,2.7,1,2,0,1,1,1,2.5,281,8.3,76.9,26,27,12.4,2.82,1,1,3.6,70.4,19,11,5.0,29,78.4,1,12,,78.1,80.1,78.5,81.4,,53.1,0,0,31,0.0,102.7,0.0,0,2,0,0,1,1,3.2,192,7.1,100.0,6,7,11.2,3.59,0,0,0.0,85.7,6,6,0.0,8,21.6,0,4,,70.9,81.3,71.9,79.5,,,0,0,9,16.7,118.8,12.5,1,0,0,1,0,0,0.0,89,12.7,0,,0,0,,,0,0,,,0,0,,0,0.0,0,0,,,,,,,,0,0,0,,0.0,,0,0,0,0,0,0,,0,,5.6
11,Caleb Williams,144622,QB,CHI,1,26.67,0,36,6,64.0,25,29,13.1,3.7,0,1,3.4,44.8,13,15,18.8,33,91.7,3,6,,78.3,66.0,79.4,60.0,,75.4,0,0,34,13.3,63.3,6.1,2,2,0,4,0,0,0.0,166,5.7,62.5,16,20,13.1,3.56,0,0,0.0,40.0,8,10,20.0,21,58.3,2,4,,76.0,50.9,78.8,49.0,,60.3,0,0,22,10.0,58.5,4.8,1,0,0,4,0,0,0.0,111,5.6,75.0,12,12,9.3,3.51,0,1,8.3,66.7,8,5,11.1,15,41.7,1,3,,73.5,86.2,73.7,76.4,,78.2,0,0,15,20.0,86.1,6.7,1,2,0,0,0,0,0.0,82,6.8,0,100.0,3,3,-2.3,1.77,0,0,0.0,100.0,3,0,0.0,3,8.3,0,1,,65.5,63.2,68.2,62.8,,,0,0,3,,104.2,0.0,0,0,0,0,0,0,0.0,27,9.0,1.28
11,Baker Mayfield,46518,QB,TB,1,3.48,0,35,30,65.2,23,25,9.1,3.12,1,1,3.7,52.0,13,7,13.3,30,85.7,2,9,,27.0,55.1,79.0,50.6,,67.0,0,1,33,14.3,67.4,3.3,1,4,0,1,1,3,9.1,152,6.1,66.7,21,23,8.2,2.79,1,1,4.0,56.5,13,7,7.1,29,82.9,1,7,,26.8,51.3,78.9,47.9,,63.9,0,1,32,14.3,71.1,3.4,1,3,0,1,1,3,9.4,141,6.1,80.0,5,5,5.4,2.85,0,0,0.0,60.0,3,0,25.0,6,17.1,1,2,,68.9,70.6,70.6,66.0,,63.1,0,0,6,,78.8,0.0,0,1,0,0,0,0,0.0,32,6.4,0,100.0,3,3,-3.0,0.84,0,0,0.0,100.0,3,0,0.0,5,14.3,0,0,,68.0,58.8,69.9,58.8,,,0,0,5,,95.8,0.0,0,0,0,0,0,0,0.0,21,7.0,0.27
11,Dak Prescott,10769,QB,DAL,1,14.62,0,34,9,86.7,30,32,8.0,2.88,1,0,0.0,75.0,24,11,7.7,33,97.1,2,16,,28.4,68.2,79.0,67.0,,61.3,0,0,34,9.1,138.2,3.0,1,0,0,1,4,3,8.8,261,8.2,88.9,18,20,6.2,2.59,1,0,0.0,70.0,14,6,12.5,20,58.8,2,8,,77.0,64.7,78.3,63.3,,61.3,0,0,21,0.0,102.1,0.0,0,0,0,1,1,1,4.8,120,6.0,84.6,13,13,9.4,3.22,0,0,0.0,84.6,11,5,0.0,14,41.2,0,8,,20.7,70.0,73.5,69.1,,,0,0,14,20.0,153.7,7.1,1,0,0,0,3,2,14.3,148,11.4,0,100.0,1,1,-5.0,1.8,0,0,0.0,100.0,1,0,0.0,1,2.9,0,0,,60.4,60.3,64.6,60.1,,,0,0,1,,95.8,0.0,0,0,0,0,0,0,0.0,7,7.0,5.38
11,Josh Allen,46601,QB,BUF,1,4.76,0,33,4,63.0,27,27,13.0,3.04,0,2,6.9,59.3,16,13,5.9,30,90.9,1,13,,78.5,72.2,0.0,68.2,,75.8,0,2,32,0.0,85.3,0.0,0,3,0,0,2,2,6.3,259,9.6,66.7,21,21,8.0,2.67,0,1,4.5,61.9,13,10,7.1,23,69.7,1,7,,77.0,68.4,0.0,64.6,,74.0,0,2,24,0.0,83.1,0.0,0,2,0,0,2,2,8.3,188,9.0,66.7,9,9,19.1,3.37,0,1,9.1,66.7,6,4,0.0,10,30.3,0,7,,72.4,73.1,72.9,70.4,,62.6,0,0,12,0.0,146.8,0.0,0,1,0,0,1,0,0.0,129,14.3,0,100.0,3,3,-4.0,1.27,0,0,0.0,100.0,3,1,0.0,3,9.1,0,1,,66.9,64.1,69.2,63.6,,,0,0,4,0.0,158.3,0.0,0,0,0,0,1,0,0.0,58,19.3,5.38
11,J.J. McCarthy,144918,QB,MIN,1,-9.14,0,32,18,71.4,28,30,11.1,2.71,2,2,6.5,46.7,14,9,30.0,30,93.8,6,10,,77.6,52.2,78.3,52.0,,,0,2,31,0.0,44.0,0.0,0,0,0,0,1,3,9.7,142,4.7,82.6,23,25,8.3,2.48,2,2,7.7,52.0,13,5,31.6,25,78.1,6,8,,76.6,69.9,77.9,68.6,,,0,1,26,0.0,63.4,0.0,0,0,0,0,1,1,3.8,128,5.1,42.9,7,7,15.6,3.39,0,0,0.0,42.9,3,4,0.0,7,21.9,0,2,,69.6,26.0,71.1,27.2,,,0,1,7,0.0,11.3,0.0,0,0,0,0,0,2,28.6,22,3.1,0,100.0,2,2,-4.5,2.25,0,0,0.0,100.0,2,0,0.0,2,6.3,0,0,,63.6,62.4,66.9,62.1,,,0,0,2,,83.3,0.0,0,0,0,0,0,0,0.0,8,4.0,-1.98
11,Marcus Mariota,9435,QB,WAS,1,0.0,0,32,32,70.8,24,26,9.0,2.67,0,1,3.4,61.5,16,11,5.9,28,87.5,1,10,,78.3,52.3,79.0,49.8,,64.0,0,1,31,9.1,65.7,3.6,1,1,0,2,0,2,6.5,177,6.8,76.5,17,18,5.8,2.48,0,1,5.3,66.7,12,8,7.7,20,62.5,1,6,,76.4,63.0,78.3,60.1,,64.0,0,0,21,12.5,103.2,5.0,1,1,0,1,1,1,4.8,117,6.5,72.7,11,12,9.5,2.68,0,0,0.0,66.7,8,3,0.0,12,37.5,0,5,,73.2,44.4,73.5,45.6,,,0,1,14,0.0,56.3,0.0,0,0,0,1,0,1,7.1,96,8.0,0,100.0,4,4,-3.8,1.75,0,0,0.0,100.0,4,0,0.0,4,12.5,0,1,,66.9,64.5,69.2,64.0,,,0,0,4,,143.8,0.0,0,0,0,0,1,0,0.0,36,9.0,1.5
11,Jalen Hurts,40291,QB,PHI,1,28.57,0,32,24,61.5,26,27,13.7,3.07,0,3,10.0,48.1,13,8,18.8,30,93.8,3,6,,79.5,77.6,79.4,79.4,,58.6,0,0,33,12.5,63.2,3.3,1,2,0,1,0,0,0.0,136,5.0,60.0,20,21,13.7,2.98,0,3,12.5,42.9,9,6,25.0,24,75.0,3,4,,78.6,79.5,79.0,82.2,,58.6,0,0,27,0.0,57.4,0.0,0,2,0,1,0,0,0.0,99,4.7,71.4,7,7,11.7,2.76,0,0,0.0,71.4,5,2,0.0,8,25.0,0,2,,70.3,60.0,71.5,59.9,,,0,0,8,50.0,83.0,12.5,1,0,0,0,0,0,0.0,36,5.1,0,100.0,1,1,-1.0,0.75,0,0,0.0,100.0,1,0,0.0,2,6.3,0,0,,63.6,58.8,66.9,58.9,,,0,0,2,,79.2,0.0,0,0,0,0,0,0,0.0,-1,-1.0,0.43
11,Justin Fields,82118,QB,NYJ,1,2.86,0,32,22,75.0,20,23,10.6,3.28,2,1,4.3,52.2,12,15,20.0,29,90.6,3,7,,28.0,67.8,78.3,68.5,57.6,61.3,0,0,29,13.3,80.2,6.9,2,4,0,1,1,1,3.4,111,4.8,78.9,19,21,9.1,3.07,2,1,4.8,57.1,12,11,20.0,26,81.3,3,6,,27.3,75.2,78.0,76.1,,62.9,0,0,26,18.2,84.2,7.7,2,3,0,0,1,1,3.8,94,4.5,75.0,4,5,6.3,3.53,0,0,0.0,60.0,3,4,0.0,6,18.8,0,2,,68.9,42.9,71.1,44.0,57.6,58.3,0,0,6,0.0,70.4,0.0,0,1,0,1,0,0,0.0,22,4.4,0,100.0,3,3,-4.7,1.93,0,0,0.0,100.0,3,0,0.0,3,9.4,0,1,,65.5,63.4,68.2,63.0,,,0,0,3,,79.2,0.0,0,0,0,0,0,0,0.0,5,1.7,-0.08
11,Jameis Winston,9434,QB,NYG,1,1.28,0,31,21,66.7,27,27,8.6,2.55,0,0,0.0,63.0,17,8,5.6,29,93.5,1,8,,78.0,54.0,79.2,46.5,,81.0,0,1,30,25.0,64.0,6.9,2,0,0,0,0,3,10.0,161,6.0,69.2,26,26,6.3,2.46,0,0,0.0,65.4,17,9,5.6,28,90.3,1,9,,77.8,63.0,79.2,55.2,,81.0,0,1,29,22.2,69.6,7.1,2,0,0,0,0,2,6.9,181,7.0,66.7,3,3,19.0,3.0,0,0,0.0,66.7,2,0,0.0,3,9.7,0,1,,66.9,31.2,69.2,33.7,,,0,0,4,,85.4,0.0,0,0,0,0,0,1,25.0,20,6.7,0,100.0,2,2,-5.0,1.9,0,0,0.0,100.0,2,1,0.0,2,6.5,0,2,,65.5,63.0,68.2,62.7,,,0,0,3,0.0,118.8,0.0,0,0,0,0,0,0,0.0,40,20.0,-0.29
11,Lamar Jackson,46416,QB,BLT,1,12.12,0,31,3,56.5,23,23,9.2,3.1,0,0,0.0,56.5,13,14,0.0,29,93.5,0,9,,78.1,49.1,78.7,47.7,,61.3,0,1,30,35.7,63.0,17.2,5,1,0,0,0,1,3.3,176,7.7,59.1,22,22,7.5,3.0,0,0,0.0,54.5,12,10,7.7,26,83.9,1,8,,77.6,47.3,78.5,45.7,,61.3,0,1,27,30.0,53.8,11.5,3,1,0,0,0,1,3.7,133,6.0,66.7,3,3,13.3,3.2,0,0,0.0,66.7,2,4,0.0,5,16.1,0,2,,68.0,64.9,69.9,64.4,,,0,1,5,50.0,70.1,40.0,2,0,0,0,0,0,0.0,60,20.0,0,100.0,2,2,-3.5,2.15,0,0,0.0,50.0,1,0,50.0,2,6.5,1,1,,63.6,62.3,66.9,62.0,,,0,1,2,,39.6,0.0,0,0,0,0,0,0,0.0,17,8.5,13.95
11,Matthew Stafford,4924,QB,LA,1,-6.25,0,28,26,63.6,22,24,6.2,2.5,1,0,0.0,50.0,12,10,14.3,24,85.7,2,5,,76.1,71.5,77.9,70.4,,,0,0,24,0.0,86.3,0.0,0,0,0,1,2,0,0.0,85,3.5,66.7,15,16,7.6,2.36,0,0,0.0,56.3,9,6,10.0,16,57.1,1,3,,73.9,71.5,77.3,70.4,,,0,0,16,0.0,71.9,0.0,0,0,0,1,0,0,0.0,88,5.5,70.0,10,12,1.6,2.58,1,0,0.0,50.0,6,5,14.3,12,42.9,1,3,,72.4,64.9,72.9,64.4,,,0,0,12,0.0,97.9,0.0,0,0,0,1,2,0,0.0,42,3.5,0,100.0,3,4,-2.0,2.18,0,0,0.0,75.0,3,1,0.0,4,14.3,0,1,,66.9,61.1,69.2,60.9,,,0,0,4,0.0,111.5,0.0,0,0,0,1,0,0,0.0,45,11.3,-2.0
11,Jordan Love,40306,QB,GB,1,-6.25,0,28,12,85.0,20,24,13.6,3.3,1,3,11.1,54.2,13,12,23.5,27,96.4,4,9,,77.4,93.4,77.8,93.7,,52.3,2,0,30,16.7,105.2,7.4,2,1,0,1,2,0,0.0,174,7.3,86.7,15,16,13.7,2.95,0,3,16.7,56.3,9,7,30.8,19,67.9,4,6,,75.5,92.3,77.1,93.1,,52.3,1,0,21,14.3,115.4,5.3,1,1,0,0,2,0,0.0,103,6.4,80.0,5,8,13.0,3.66,1,0,0.0,50.0,4,5,0.0,9,32.1,0,3,,71.4,83.3,72.3,81.4,,,1,0,10,20.0,80.7,11.1,1,0,0,1,0,0,0.0,71,8.9,0,,0,0,,0.0,0,0,,,0,0,,1,3.6,0,0,,60.4,60.0,64.6,60.0,,,0,0,1,,0.0,0.0,0,0,0,0,0,0,0.0,0,,2.44
11,Brock Purdy,77672,QB,SF,1,-21.8,0,27,28,80.0,20,23,10.0,3.21,0,1,4.0,69.6,16,8,0.0,24,88.9,0,12,,77.1,61.1,77.8,60.9,,59.4,0,0,27,12.5,132.4,4.2,1,0,0,3,3,2,7.4,181,7.9,83.3,18,19,9.8,2.86,0,1,5.0,78.9,15,6,0.0,20,74.1,0,10,,76.0,59.9,77.4,59.7,,59.4,0,0,22,16.7,143.1,5.0,1,0,0,1,3,2,9.1,168,8.8,80.0,5,7,2.0,3.93,0,0,0.0,57.1,4,2,0.0,7,25.9,0,3,,70.3,65.3,71.5,64.7,,,0,0,8,0.0,68.8,0.0,0,0,0,2,0,0,0.0,32,4.6,0,100.0,3,3,-4.3,2.53,0,0,0.0,100.0,3,0,0.0,3,11.1,0,1,,65.5,63.6,68.2,63.1,,,0,0,3,,93.1,0.0,0,0,0,0,0,0,0.0,19,6.3,-4.27
11,Tua Tagovailoa,60326,QB,MIA,1,20.0,0,26,17,75.0,16,16,8.3,2.67,0,0,0.0,62.5,10,5,16.7,19,73.1,2,6,,75.1,56.2,0.0,58.1,,,0,0,20,60.0,85.9,15.8,3,0,0,0,0,1,5.0,122,7.6,80.0,10,10,4.8,2.26,0,0,0.0,60.0,6,3,25.0,14,53.8,2,3,,73.2,55.7,0.0,58.2,,,0,0,14,66.7,83.8,14.3,2,0,0,0,0,0,0.0,76,7.6,80.0,10,10,8.2,2.21,0,0,0.0,80.0,8,2,0.0,12,46.2,0,5,,72.8,58.0,73.2,58.0,,,0,0,13,50.0,106.3,8.3,1,0,0,0,0,1,7.7,95,9.5,0,100.0,4,4,-0.8,1.06,0,0,0.0,100.0,4,0,0.0,7,26.9,0,2,,69.6,57.7,71.1,57.8,,,0,0,7,,117.7,0.0,0,0,0,0,0,0,0.0,49,12.3,1.9
11,Trevor Lawrence,77632,QB,JAX,1,-30.59,0,24,15,78.9,19,21,10.9,2.77,2,0,0.0,66.7,14,6,6.7,23,95.8,1,11,,77.2,59.3,78.8,60.7,,53.7,0,1,25,0.0,84.0,0.0,0,2,0,0,1,2,8.0,153,7.3,86.7,15,17,9.1,2.67,2,0,0.0,70.6,12,4,7.7,18,75.0,1,10,,75.9,67.1,78.4,68.1,,55.8,0,1,19,0.0,71.4,0.0,0,1,0,0,0,1,5.3,143,8.4,40.0,5,5,13.2,3.05,0,0,0.0,40.0,2,3,0.0,6,25.0,0,1,,69.6,39.1,71.1,41.4,,58.3,0,0,7,0.0,87.5,0.0,0,1,0,0,1,1,14.3,10,2.0,0,0.0,1,1,-5.0,2.6,0,0,0.0,0.0,0,1,,1,4.2,0,0,,60.4,58.4,64.6,59.6,,,0,0,1,0.0,39.6,0.0,0,0,0,0,0,0,0.0,0,0.0,-6.41
11,Justin Herbert,28237,QB,LAC,1,-66.67,0,23,27,60.0,10,13,9.3,3.45,1,1,6.7,46.2,6,8,0.0,18,78.3,0,4,,75.4,51.5,76.1,49.6,,61.3,1,1,21,25.0,29.0,11.1,2,3,0,1,0,1,4.8,64,4.9,76.9,13,15,3.9,2.8,1,1,5.9,66.7,10,5,0.0,17,73.9,0,3,,75.1,65.8,76.0,67.6,,56.8,1,0,20,20.0,80.1,5.9,1,1,0,0,0,0,0.0,81,5.4,0.0,1,3,26.0,3.97,0,0,0.0,0.0,0,4,,6,26.1,0,1,,68.9,31.1,70.6,26.3,,66.4,0,1,6,25.0,0.0,16.7,1,2,0,2,0,1,16.7,0,0.0,0,100.0,4,5,-4.0,1.86,0,0,0.0,80.0,4,1,0.0,5,21.7,0,0,,68.0,61.7,69.9,61.4,,,0,0,5,0.0,80.8,0.0,0,0,0,1,0,0,0.0,17,3.4,-5.4
11,Shedeur Sanders,131396,QB,CLV,1,10.26,0,21,8,38.5,13,15,10.9,3.36,0,1,6.7,26.7,4,10,20.0,20,95.2,1,3,,23.1,27.0,75.9,26.2,,59.1,1,1,20,20.0,12.4,10.0,2,3,0,1,0,3,15.0,47,3.1,33.3,12,13,10.8,3.33,0,1,7.7,23.1,3,9,25.0,18,85.7,1,3,,22.4,33.6,75.6,31.3,,59.1,0,1,18,22.2,8.5,11.1,2,3,0,1,0,2,11.1,42,3.2,50.0,2,3,3.5,3.17,0,0,0.0,33.3,1,1,0.0,3,14.3,0,0,,65.5,26.5,68.2,27.9,,,1,0,3,0.0,42.4,0.0,0,0,0,0,0,1,33.3,5,1.7,0,0.0,1,1,-5.0,2.3,0,0,0.0,0.0,0,0,,1,4.8,0,0,,60.4,60.3,64.6,60.1,,,0,0,1,,39.6,0.0,0,0,0,0,0,0,0.0,0,0.0,-1.56
11,Michael Penix Jr.,82134,QB,ATL,1,23.08,0,17,2,92.3,13,14,10.4,2.89,0,0,0.0,78.6,11,6,8.3,15,88.2,1,7,,74.2,79.1,77.2,74.1,,65.6,0,0,17,0.0,113.7,0.0,0,1,0,1,0,0,0.0,158,11.3,91.7,12,13,7.1,2.45,0,0,0.0,76.9,10,5,9.1,13,76.5,1,6,,73.2,74.2,76.9,72.8,,,0,0,14,0.0,105.0,0.0,0,0,0,1,0,0,0.0,121,9.3,100.0,3,3,13.0,3.68,0,0,0.0,100.0,3,1,0.0,4,23.5,0,2,,68.0,77.2,69.9,68.5,,65.6,0,0,5,0.0,118.8,0.0,0,1,0,0,0,0,0.0,54,18.0,0,100.0,2,2,-5.5,1.6,0,0,0.0,100.0,2,0,0.0,2,11.8,0,1,,63.6,62.6,66.9,62.2,,,0,0,2,,102.1,0.0,0,0,0,0,0,0,0.0,17,8.5,8.69
11,Aaron Rodgers,2241,QB,PIT,1,-5.36,0,17,25,53.8,13,13,7.3,3.91,0,0,0.0,53.8,7,9,0.0,15,88.2,0,5,,74.8,41.3,76.8,38.5,,63.3,0,0,19,11.1,105.3,6.7,1,1,0,0,1,0,0.0,102,7.8,62.5,8,8,6.5,3.65,0,0,0.0,62.5,5,6,0.0,10,58.8,0,3,,72.8,40.1,76.2,35.9,,63.3,0,0,13,16.7,129.2,10.0,1,1,0,0,1,0,0.0,68,8.5,57.1,7,7,4.6,3.74,0,0,0.0,57.1,4,4,0.0,7,41.2,0,3,,70.3,56.0,71.5,56.2,,,0,0,8,0.0,78.3,0.0,0,0,0,0,0,0,0.0,48,6.9,0,100.0,2,2,-5.5,2.0,0,0,0.0,100.0,2,1,0.0,2,11.8,0,1,,63.6,62.4,66.9,62.1,,,0,0,2,0.0,95.8,0.0,0,0,0,0,0,0,0.0,14,7.0,-1.64
11,Mason Rudolph,46569,QB,PIT,1,0.0,0,16,25,81.8,11,13,5.3,3.09,0,0,0.0,69.2,9,2,0.0,13,81.3,0,6,,73.7,58.4,0.0,61.6,,60.0,0,0,14,0.0,109.5,0.0,0,0,0,2,1,0,0.0,75,5.8,90.0,10,12,3.0,2.88,0,0,0.0,75.0,9,2,0.0,12,75.0,0,6,,73.3,56.2,0.0,59.8,,60.0,0,0,13,0.0,120.8,0.0,0,0,0,2,1,0,0.0,82,6.8,75.0,4,4,2.8,3.1,0,0,0.0,75.0,3,0,0.0,4,25.0,0,2,,66.9,67.1,69.2,66.4,,,0,0,4,,111.5,0.0,0,0,0,0,0,0,0.0,45,11.3,0,100.0,3,3,-5.7,2.27,0,0,0.0,100.0,3,0,0.0,3,18.8,0,2,,65.5,63.5,68.2,63.1,,,0,0,3,,118.8,0.0,0,0,0,0,0,0,0.0,52,17.3,4.42
11,Kirk Cousins,7102,QB,ATL,1,30.3,0,14,2,61.5,13,14,10.0,2.63,0,0,0.0,42.9,6,3,25.0,14,100.0,2,3,,74.0,54.6,75.3,51.8,,62.6,1,0,15,0.0,52.1,0.0,0,0,0,0,0,1,6.7,48,3.4,60.0,10,11,12.1,2.32,0,0,0.0,36.4,4,2,33.3,11,78.6,2,2,,73.0,58.6,74.9,55.3,,62.6,1,0,12,0.0,45.6,0.0,0,0,0,0,0,1,8.3,35,3.2,66.7,3,3,3.0,3.77,0,0,0.0,66.7,2,1,0.0,3,21.4,0,1,,66.9,50.3,69.2,51.0,,,0,0,4,0.0,75.7,0.0,0,0,0,0,0,0,0.0,13,4.3,0,,0,0,,,0,0,0.0,,0,0,,0,0.0,0,0,,60.4,60.2,64.6,60.0,,,0,0,1,,0.0,,0,0,0,0,0,0,0.0,0,,1.15
11,Dillon Gabriel,86272,QB,CLV,1,20.0,0,12,8,62.5,8,8,7.6,2.96,0,0,0.0,62.5,5,4,0.0,10,83.3,0,2,,72.1,47.7,75.5,53.9,,48.0,0,0,10,25.0,84.9,10.0,1,1,0,0,0,0,0.0,59,7.4,60.0,5,5,3.0,2.8,0,0,0.0,60.0,3,3,0.0,7,58.3,0,0,,70.6,36.0,75.0,41.6,,48.0,0,0,7,33.3,64.6,14.3,1,1,0,0,0,0,0.0,12,2.4,80.0,5,5,8.2,2.62,0,0,0.0,80.0,4,1,0.0,5,41.7,0,2,,68.0,74.1,69.9,72.8,,,0,0,5,0.0,113.3,0.0,0,0,0,0,0,0,0.0,56,11.2,0,100.0,2,2,-2.5,1.55,0,0,0.0,100.0,2,0,0.0,2,16.7,0,0,,63.6,62.4,66.9,62.0,,,0,0,2,,85.4,0.0,0,0,0,0,0,0,0.0,9,4.5,8.8
11,Trey Lance,91399,QB,LAC,1,-37.5,0,9,27,57.1,7,8,16.9,3.67,0,1,12.5,37.5,3,3,25.0,9,100.0,1,1,,72.9,52.0,73.2,52.6,,57.7,1,0,9,33.3,52.6,11.1,1,0,0,0,0,1,11.1,37,4.6,57.1,7,8,16.9,3.67,0,1,12.5,37.5,3,3,25.0,9,100.0,1,1,,72.9,52.0,73.2,52.6,,57.7,1,0,9,33.3,52.6,11.1,1,0,0,0,0,1,11.1,37,4.6,,0,0,,,0,0,,,0,0,,0,0.0,0,0,,,,,,,,0,0,0,,0.0,,0,0,0,0,0,0,,0,,0,,0,0,,,0,0,,,0,0,,0,0.0,0,0,,,,,,,,0,0,0,,0.0,,0,0,0,0,0,0,,0,,-4.63
11,Malik Willis,60341,QB,GB,1,100.0,0,2,12,100.0,2,2,5.0,2.9,0,0,0.0,100.0,2,1,0.0,2,100.0,0,2,,66.1,77.5,71.1,71.4,,63.7,0,0,2,0.0,118.8,0.0,0,0,0,0,1,0,0.0,6,3.0,,0,0,,,0,0,,,0,0,,0,0.0,0,0,,61.9,67.9,69.9,,,63.7,0,0,0,,0.0,,0,0,0,0,0,0,,0,,100.0,2,2,5.0,2.9,0,0,0.0,100.0,2,1,0.0,2,100.0,0,2,,63.6,72.7,66.9,71.4,,,0,0,2,0.0,118.8,0.0,0,0,0,0,1,0,0.0,6,3.0,0,,0,0,,,0,0,,,0,0,,0,0.0,0,0,,,,,,,,0,0,0,,0.0,,0,0,0,0,0,0,,0,,3.0
11,RJ Harvey,99622,HB,DEN,1,0.0,0,1,10,0.0,1,1,2.0,3.4,0,0,0.0,0.0,0,0,,1,100.0,0,0,68.3,75.1,55.1,74.4,59.0,65.1,58.5,0,0,1,,39.6,0.0,0,0,0,0,0,1,100.0,0,0.0,,0,0,,,0,0,,,0,0,,0,0.0,0,0,70.5,75.0,62.0,75.7,,66.5,58.5,0,0,0,,0.0,,0,0,0,0,0,0,,0,,0.0,1,1,2.0,3.4,0,0,0.0,0.0,0,0,,1,100.0,0,0,,60.4,43.5,70.2,59.0,54.3,,0,0,1,,39.6,0.0,0,0,0,0,0,1,100.0,0,0.0,0,,0,0,,,0,0,,,0,0,,0,0.0,0,0,64.7,61.2,59.9,73.9,,59.6,,0,0,0,,0.0,,0,0,0,0,0,0,,0,,0.0
11,Isaiah Williams,97156,WR,NYJ,1,0.0,0,1,22,0.0,1,1,7.0,3.6,0,0,0.0,0.0,0,0,,1,100.0,0,0,,64.5,47.9,76.8,56.3,51.0,56.6,0,0,1,,39.6,0.0,0,0,0,0,0,0,0.0,0,0.0,,0,0,,,0,0,,,0,0,,0,0.0,0,0,64.7,64.6,50.0,76.8,,51.3,56.6,0,0,0,,0.0,,0,0,0,0,0,0,,0,,0.0,1,1,7.0,3.6,0,0,0.0,0.0,0,0,,1,100.0,0,0,,60.4,52.5,68.4,56.3,58.0,,0,0,1,,39.6,0.0,0,0,0,0,0,0,0.0,0,0.0,0,,0,0,,,0,0,,,0,0,,0,0.0,0,0,64.7,61.2,61.0,66.5,,61.7,,0,0,0,,0.0,,0,0,0,0,0,0,,0,,0.0
week,player,player_id,position,team_name,player_game_count,comp_pct_diff,declined_penalties,dropbacks,franchise_id,no_screen_accuracy_percent,no_screen_aimed_passes,no_screen_attempts,no_screen_avg_depth_of_target,no_screen_avg_time_to_throw,no_screen_bats,no_screen_big_time_throws,no_screen_btt_rate,no_screen_completion_percent,no_screen_completions,no_screen_def_gen_pressures,no_screen_drop_rate,no_screen_dropbacks,no_screen_dropbacks_percent,no_screen_drops,no_screen_first_downs,no_screen_grades_hands_drop,no_screen_grades_hands_fumble,no_screen_grades_offense,no_screen_grades_offense_penalty,no_screen_grades_pass,no_screen_grades_pass_route,no_screen_grades_run,no_screen_hit_as_threw,no_screen_interceptions,no_screen_passing_snaps,no_screen_pressure_to_sack_rate,no_screen_qb_rating,no_screen_sack_percent,no_screen_sacks,no_screen_scrambles,no_screen_spikes,no_screen_thrown_aways,no_screen_touchdowns,no_screen_turnover_worthy_plays,no_screen_twp_rate,no_screen_yards,no_screen_ypa,npa_accuracy_percent,npa_aimed_passes,npa_attempts,npa_avg_depth_of_target,npa_avg_time_to_throw,npa_bats,npa_big_time_throws,npa_btt_rate,npa_completion_percent,npa_completions,npa_def_gen_pressures,npa_drop_rate,npa_dropbacks,npa_dropbacks_percent,npa_drops,npa_first_downs,npa_grades_hands_drop,npa_grades_hands_fumble,npa_grades_offense,npa_grades_offense_penalty,npa_grades_pass,npa_grades_pass_route,npa_grades_run,npa_hit_as_threw,npa_interceptions,npa_passing_snaps,npa_pressure_to_sack_rate,npa_qb_rating,npa_sack_percent,npa_sacks,npa_scrambles,npa_spikes,npa_thrown_aways,npa_touchdowns,npa_turnover_worthy_plays,npa_twp_rate,npa_yards,npa_ypa,pa_accuracy_percent,pa_aimed_passes,pa_attempts,pa_avg_depth_of_target,pa_avg_time_to_throw,pa_bats,pa_big_time_throws,pa_btt_rate,pa_completion_percent,pa_completions,pa_def_gen_pressures,pa_drop_rate,pa_dropbacks,pa_dropbacks_percent,pa_drops,pa_first_downs,pa_grades_hands_drop,pa_grades_hands_fumble,pa_grades_offense,pa_grades_offense_penalty,pa_grades_pass,pa_grades_pass_route,pa_grades_run,pa_hit_as_threw,pa_interceptions,pa_passing_snaps,pa_pressure_to_sack_rate,pa_qb_rating,pa_sack_percent,pa_sacks,pa_scrambles,pa_spikes,pa_thrown_aways,pa_touchdowns,pa_turnover_worthy_plays,pa_twp_rate,pa_yards,pa_ypa,penalties,screen_accuracy_percent,screen_aimed_passes,screen_attempts,screen_avg_depth_of_target,screen_avg_time_to_throw,screen_bats,screen_big_time_throws,screen_btt_rate,screen_completion_percent,screen_completions,screen_def_gen_pressures,screen_drop_rate,screen_dropbacks,screen_dropbacks_percent,screen_drops,screen_first_downs,screen_grades_hands_drop,screen_grades_hands_fumble,screen_grades_offense,screen_grades_offense_penalty,screen_grades_pass,screen_grades_pass_route,screen_grades_run,screen_hit_as_threw,screen_interceptions,screen_passing_snaps,screen_pressure_to_sack_rate,screen_qb_rating,screen_sack_percent,screen_sacks,screen_scrambles,screen_spikes,screen_thrown_aways,screen_touchdowns,screen_turnover_worthy_plays,screen_twp_rate,screen_yards,screen_ypa,ypa_diff
12,Jacoby Brissett,10725,QB,ARZ,1,-11.94,0,58,1,77.5,40,45,8.2,3.21,0,2,3.9,64.4,29,26,6.5,54,93.1,2,17,,38.7,63.9,79.7,61.9,,66.2,0,0,60,23.1,91.8,11.1,6,3,0,5,1,1,1.7,309,6.9,80.0,35,37,7.9,3.09,0,2,4.8,70.3,26,19,7.1,45,77.6,2,13,,31.7,62.9,79.2,60.7,,66.2,0,0,50,26.3,99.2,11.1,5,3,0,2,1,1,2.0,262,7.1,77.8,9,12,4.1,3.34,0,0,0.0,58.3,7,8,0.0,13,22.4,0,4,,73.2,66.1,73.5,65.5,,,0,0,14,12.5,69.8,7.7,1,0,0,3,0,0,0.0,55,4.6,0,100.0,4,4,-3.8,2.2,0,0,0.0,100.0,4,1,0.0,4,6.9,0,0,,66.9,64.5,69.2,64.0,,,0,0,4,0.0,79.2,0.0,0,0,0,0,0,0,0.0,8,2.0,-2.5
12,Geno Smith,7820,QB,LV,1,-37.5,0,56,23,75.8,33,37,10.8,2.76,1,3,7.3,62.2,23,25,8.0,48,85.7,2,15,,23.5,56.8,79.4,53.7,,71.6,0,0,52,36.0,93.4,18.8,9,2,0,3,1,3,5.8,271,7.3,87.5,32,36,4.8,2.54,1,3,7.5,75.0,27,17,3.6,45,80.4,1,13,,23.0,62.6,79.3,59.0,,71.6,0,0,49,41.2,92.4,15.6,7,2,0,3,0,2,4.1,240,6.7,50.0,8,8,20.3,2.96,0,0,0.0,37.5,3,9,25.0,11,19.6,1,3,,71.9,43.8,72.6,45.1,,,0,0,11,33.3,96.4,27.3,3,0,0,0,1,1,9.1,45,5.6,0,100.0,7,7,-5.9,1.76,0,0,0.0,100.0,7,1,0.0,8,14.3,0,1,,70.3,58.3,71.5,58.3,,,0,0,8,100.0,79.2,12.5,1,0,0,0,0,0,0.0,14,2.0,-1.04
12,Patrick Mahomes,11765,QB,KC,1,-15.79,0,54,16,68.4,38,41,9.0,3.56,0,2,4.3,58.5,24,17,7.7,49,90.7,2,15,,80.9,82.7,80.3,78.3,,75.7,0,1,54,23.5,73.7,8.2,4,4,0,3,0,0,0.0,325,7.9,74.3,35,38,8.2,3.45,0,2,4.8,65.8,25,16,3.8,46,85.2,1,16,,80.4,86.6,80.1,82.1,,75.7,0,0,50,25.0,93.2,8.7,4,4,0,3,0,0,0.0,331,8.7,62.5,8,8,4.9,2.63,0,0,0.0,50.0,4,1,20.0,8,14.8,1,1,,70.9,55.3,71.9,55.5,,,0,1,9,0.0,16.7,0.0,0,0,0,0,0,0,0.0,21,2.6,0,100.0,5,5,-3.2,1.14,0,0,0.0,100.0,5,0,0.0,5,9.3,0,2,,68.0,64.9,69.9,64.4,,,0,0,5,,89.2,0.0,0,0,0,0,0,0,0.0,27,5.4,-6.08
12,Cam Ward,133244,QB,TEN,1,-28.57,0,51,31,80.6,31,36,6.7,3.37,0,1,2.4,63.9,23,23,8.0,44,86.3,2,14,,80.5,74.7,79.1,74.5,,60.1,1,0,49,17.4,92.5,9.1,4,4,0,4,1,0,0.0,241,6.7,81.3,32,35,5.5,3.08,0,1,2.5,71.4,25,20,3.8,42,82.4,1,13,,80.2,74.3,79.0,74.1,,60.1,1,0,47,15.0,100.1,7.1,3,4,0,2,1,0,0.0,243,6.9,80.0,5,7,1.2,3.13,0,0,0.0,42.9,3,3,25.0,9,17.6,1,2,,70.9,82.2,71.9,67.5,,70.8,0,0,9,33.3,50.3,11.1,1,1,0,2,0,0,0.0,13,1.9,0,83.3,6,6,-4.2,1.36,0,0,0.0,83.3,5,0,0.0,7,13.7,0,1,,69.6,83.4,71.1,65.2,,70.8,0,0,7,,79.2,0.0,0,1,0,0,0,0,0.0,15,2.5,-5.08
12,Tyler Shough,83537,QB,NO,1,-11.05,0,50,20,80.6,36,39,9.0,2.77,1,0,0.0,66.7,26,20,10.3,46,92.0,3,11,,80.8,48.4,79.4,48.4,59.0,57.9,1,1,48,25.0,71.2,10.9,5,2,0,1,0,2,4.2,227,5.8,80.0,35,38,8.3,2.41,1,0,0.0,71.1,27,15,3.6,43,86.0,1,10,,80.5,55.8,79.2,54.3,59.0,64.1,1,1,45,26.7,73.5,9.3,4,1,0,1,0,1,2.2,211,5.6,100.0,5,5,2.8,4.2,0,0,0.0,60.0,3,5,40.0,7,14.0,2,2,,69.6,30.0,71.1,37.0,,54.9,0,0,7,20.0,78.8,14.3,1,1,0,0,0,1,14.3,32,6.4,0,100.0,4,4,-4.5,1.48,0,0,0.0,100.0,4,0,0.0,4,8.0,0,1,,66.9,64.2,69.2,63.7,,,0,0,4,,83.3,0.0,0,0,0,0,0,0,0.0,16,4.0,0.85
12,Josh Allen,46601,QB,BUF,1,-15.0,0,46,4,80.0,25,28,8.1,3.05,1,2,7.1,64.3,18,20,10.0,39,84.8,2,7,,79.3,54.3,78.6,51.7,,64.5,1,2,39,40.0,60.4,20.5,8,3,0,1,0,2,5.1,232,8.3,86.4,22,24,5.9,2.81,1,2,8.3,75.0,18,17,5.3,35,76.1,1,7,,78.7,70.9,78.4,69.0,,64.5,1,1,35,41.2,84.9,20.0,7,3,0,0,0,1,2.9,217,9.0,77.8,9,10,5.6,2.55,0,0,0.0,60.0,6,3,14.3,11,23.9,1,3,,71.9,27.7,72.6,28.7,,,0,1,11,33.3,27.5,9.1,1,0,0,1,0,1,9.1,36,3.6,0,100.0,6,6,-3.7,1.04,0,0,0.0,100.0,6,0,0.0,7,15.2,0,3,,69.6,63.3,71.1,62.9,,,0,0,7,,81.3,0.0,0,0,0,0,0,0,0.0,21,3.5,-5.44
12,Jared Goff,10635,QB,DET,1,16.47,0,45,11,78.8,33,38,6.3,2.48,0,2,5.1,63.2,24,10,7.7,41,91.1,2,12,,79.5,75.5,78.9,75.7,,56.8,1,1,43,30.0,79.6,7.3,3,0,2,2,1,0,0.0,247,6.5,81.0,21,25,4.3,2.2,0,1,3.7,60.0,15,6,11.8,28,62.2,2,5,,77.6,70.7,78.1,71.5,,56.8,1,1,31,50.0,55.3,10.7,3,0,2,1,0,0,0.0,119,4.8,81.3,16,17,6.6,2.77,0,1,5.9,76.5,13,4,0.0,17,37.8,0,8,,74.2,75.9,74.1,74.6,,,0,0,17,0.0,144.2,0.0,0,0,0,1,2,0,0.0,160,9.4,0,100.0,4,4,-3.0,1.75,0,0,0.0,100.0,4,0,0.0,4,8.9,0,1,,68.0,64.6,69.9,64.1,,,0,0,5,,139.6,0.0,0,0,0,0,1,0,0.0,32,8.0,4.65
12,Jalen Hurts,40291,QB,PHI,1,-49.29,0,43,24,78.1,32,36,8.8,3.16,0,0,0.0,69.4,25,17,0.0,39,90.7,0,13,,80.4,73.1,78.8,71.4,,65.5,2,0,43,5.9,101.2,2.6,1,2,0,2,1,0,0.0,276,7.7,83.9,31,35,6.5,2.69,0,0,0.0,74.3,26,17,0.0,38,88.4,0,14,,80.0,78.4,78.6,76.0,,68.0,1,0,40,5.9,107.4,2.6,1,1,0,3,1,0,0.0,285,8.1,33.3,3,4,23.7,4.84,0,0,0.0,25.0,1,1,0.0,5,11.6,0,0,,69.6,43.8,71.1,46.0,,58.3,1,0,7,0.0,39.6,0.0,0,1,0,0,0,0,0.0,4,1.0,0,100.0,2,3,-4.0,0.85,0,0,0.0,66.7,2,1,0.0,4,9.3,0,1,,66.9,57.7,69.2,57.8,,,0,0,4,0.0,75.7,0.0,0,0,0,1,0,0,0.0,13,4.3,-7.14
12,Dak Prescott,10769,QB,DAL,1,16.67,0,41,9,72.7,33,34,12.0,2.72,0,3,7.5,64.7,22,15,8.3,39,95.1,2,17,,80.1,74.7,79.4,74.2,,59.1,0,1,45,6.7,105.9,2.6,1,3,1,0,2,2,4.4,347,10.2,65.2,23,24,10.0,2.47,0,2,6.7,58.3,14,8,6.7,26,63.4,1,10,,78.2,72.5,78.7,69.6,,67.2,0,1,32,12.5,77.4,3.8,1,1,1,0,1,1,3.1,174,7.3,91.7,12,12,13.2,3.05,0,1,8.3,75.0,9,7,18.2,15,36.6,2,7,,73.5,71.8,73.7,75.8,,51.6,0,0,15,0.0,144.4,0.0,0,2,0,0,1,1,6.7,180,15.0,0,100.0,2,2,-4.0,1.9,0,0,0.0,50.0,1,0,50.0,2,4.9,1,0,,63.6,62.4,66.9,62.0,,,0,0,2,,58.3,0.0,0,0,0,0,0,0,0.0,7,3.5,7.75
12,Drake Maye,143969,QB,NE,1,3.59,0,39,19,67.7,31,34,9.0,2.99,0,3,8.1,61.8,21,13,0.0,38,97.4,0,14,,79.6,64.4,79.2,62.7,,63.7,1,1,41,7.7,85.9,2.6,1,3,0,2,1,2,4.9,284,8.4,68.8,16,18,11.8,2.87,0,3,16.7,61.1,11,7,0.0,22,56.4,0,9,,76.3,68.3,78.0,66.4,,63.7,1,1,22,14.3,67.6,4.5,1,3,0,1,0,2,9.1,163,9.1,68.8,16,17,5.4,3.05,0,0,0.0,64.7,11,6,0.0,17,43.6,0,5,,75.1,57.8,74.7,57.8,,,0,0,20,0.0,107.7,0.0,0,0,0,1,1,0,0.0,131,7.7,0,100.0,1,1,-2.0,1.5,0,0,0.0,100.0,1,0,0.0,1,2.6,0,0,,60.4,60.2,64.6,60.0,,,0,0,1,,108.3,0.0,0,0,0,0,0,0,0.0,10,10.0,-1.35
12,Jameis Winston,9434,QB,NYG,1,-5.71,0,38,21,60.7,28,34,14.0,3.29,1,5,13.2,47.1,16,16,5.9,36,94.7,1,15,64.7,79.8,86.5,0.0,80.6,99.3,55.6,1,1,40,6.3,90.7,2.8,1,1,0,4,2,2,5.0,343,10.1,66.7,18,21,13.2,3.08,1,4,16.0,52.4,11,9,8.3,23,60.5,1,10,,77.6,80.9,0.0,84.8,,55.6,0,0,27,11.1,101.1,4.3,1,1,0,2,1,1,3.7,199,9.5,58.3,12,15,12.3,3.45,0,1,6.7,46.7,7,7,0.0,15,39.5,0,6,64.7,73.8,83.2,73.9,65.4,99.3,,1,1,15,0.0,81.8,0.0,0,0,0,2,1,1,6.7,167,11.1,0,100.0,2,2,-3.5,2.15,0,0,0.0,100.0,2,0,0.0,2,5.3,0,1,,63.6,62.4,66.9,62.0,,,0,0,2,,114.6,0.0,0,0,0,0,0,0,0.0,23,11.5,1.65
12,Caleb Williams,144622,QB,CHI,1,-6.0,0,38,6,65.4,26,30,10.6,2.81,0,0,0.0,53.3,16,6,5.9,33,86.8,1,10,,26.0,43.1,0.0,41.2,,69.7,0,0,36,16.7,107.8,3.0,1,2,1,3,3,3,8.3,201,6.7,70.0,20,25,7.5,2.65,0,0,0.0,56.0,14,6,0.0,28,73.7,0,8,,25.0,31.7,0.0,29.5,,69.7,0,0,31,16.7,118.5,3.6,1,2,1,4,3,3,9.7,181,7.2,60.0,10,10,11.7,2.68,0,0,0.0,50.0,5,2,16.7,10,26.3,1,3,,71.4,77.2,72.3,75.6,,,0,0,10,0.0,67.9,0.0,0,0,0,0,0,0,0.0,58,5.8,0,75.0,4,5,-2.0,1.68,0,0,0.0,60.0,3,2,0.0,5,13.2,0,1,,68.0,62.0,69.9,61.8,,,0,0,5,0.0,83.8,0.0,0,0,0,1,0,0,0.0,38,7.6,-1.44
12,Joe Flacco,4332,QB,CIN,1,-1.72,0,38,7,64.5,31,36,9.5,2.72,0,1,2.7,52.8,19,13,5.0,37,97.4,1,9,,79.0,50.2,79.0,50.9,,58.2,0,1,38,7.7,64.9,2.7,1,0,1,4,1,2,5.3,183,5.1,66.7,24,29,11.6,2.63,0,1,3.3,51.7,15,12,6.3,30,78.9,1,8,,77.8,56.7,78.5,57.2,,58.2,0,0,31,8.3,78.1,3.3,1,0,1,4,1,1,3.2,149,5.1,50.0,8,8,1.1,2.94,0,0,0.0,50.0,4,1,0.0,8,21.1,0,1,,70.3,36.9,71.5,38.5,,,0,1,8,0.0,21.9,0.0,0,0,0,0,0,1,12.5,34,4.3,0,0.0,1,1,-5.0,1.9,0,0,0.0,0.0,0,0,,1,2.6,0,0,,60.4,60.2,64.6,60.0,,,0,0,1,,39.6,0.0,0,0,0,0,0,0,0.0,0,0.0,-0.89
12,Matthew Stafford,4924,QB,LA,1,8.74,0,36,26,82.1,28,31,8.8,2.77,0,1,3.1,67.7,21,6,8.7,32,88.9,2,15,,77.9,91.8,78.1,90.8,,,0,0,33,16.7,122.4,3.1,1,0,0,3,3,0,0.0,235,7.6,85.0,20,22,9.6,2.41,0,1,4.3,68.2,15,3,11.8,23,63.9,2,9,,76.1,91.4,77.4,90.5,,,0,0,24,33.3,123.7,4.3,1,0,0,2,3,0,0.0,133,6.0,83.3,12,13,3.8,3.21,0,0,0.0,76.9,10,3,0.0,13,36.1,0,7,,72.8,77.9,73.2,76.4,,,0,0,13,0.0,111.1,0.0,0,0,0,1,0,0,0.0,140,10.8,0,100.0,4,4,-2.5,2.15,0,0,0.0,100.0,4,0,0.0,4,11.1,0,1,,66.9,64.7,69.2,64.2,,,0,0,4,,106.3,0.0,0,0,0,0,0,0,0.0,38,9.5,4.72
12,Mason Rudolph,46569,QB,PIT,1,-44.62,0,35,25,81.0,21,24,9.7,2.85,2,0,0.0,70.8,17,7,0.0,27,77.1,0,6,,26.6,55.8,79.0,51.0,,69.3,0,1,30,28.6,80.7,7.4,2,1,0,1,1,3,10.0,133,5.5,88.0,25,26,5.4,2.13,1,0,0.0,84.6,22,2,0.0,27,77.1,0,7,,77.9,72.8,79.0,67.1,,75.0,0,0,30,0.0,102.7,0.0,0,0,0,0,1,1,3.3,145,5.6,66.7,3,5,13.0,3.9,1,0,0.0,40.0,2,5,0.0,8,22.9,0,1,,17.4,25.7,71.5,26.9,,56.8,0,1,8,40.0,17.5,25.0,2,1,0,1,0,2,25.0,26,5.2,0,100.0,7,7,-4.3,1.45,0,0,0.0,100.0,7,0,0.0,8,22.9,0,2,,70.3,63.6,71.5,63.2,,,0,0,8,,89.3,0.0,0,0,0,0,0,0,0.0,38,5.4,-0.38
12,Brock Purdy,77672,QB,SF,1,-22.71,0,35,28,75.0,28,29,7.5,3.03,1,0,0.0,69.0,20,13,4.8,30,85.7,1,10,,78.6,62.8,0.0,56.7,,79.5,0,3,30,0.0,54.7,0.0,0,1,0,0,1,3,10.0,162,5.6,82.6,23,23,7.0,2.84,0,0,0.0,78.3,18,10,5.3,25,71.4,1,10,,77.8,73.7,0.0,68.0,,79.5,0,1,25,0.0,90.4,0.0,0,1,0,0,1,1,4.0,151,6.6,62.5,8,9,5.4,2.56,1,0,0.0,55.6,5,4,0.0,10,28.6,0,2,,71.4,29.8,72.3,31.5,,,0,2,10,0.0,28.2,0.0,0,0,0,0,0,2,20.0,42,4.7,0,100.0,3,3,-2.0,1.14,0,0,0.0,100.0,3,1,0.0,5,14.3,0,2,,68.0,52.8,69.9,53.3,,,0,0,5,0.0,109.7,0.0,0,0,0,0,0,0,0.0,31,10.3,-1.9
12,Trevor Lawrence,77632,QB,JAX,1,3.41,0,35,15,75.0,28,30,10.5,2.86,1,3,9.7,60.0,18,12,14.3,35,100.0,3,14,,28.5,63.9,78.8,63.4,,59.7,1,3,36,25.0,81.4,8.6,3,2,0,0,3,3,8.3,256,8.5,75.0,20,22,10.7,2.77,1,2,8.7,59.1,13,7,13.3,26,74.3,2,11,,26.5,59.6,78.3,57.2,,64.3,1,2,27,42.9,77.7,11.5,3,1,0,0,2,3,11.1,179,8.1,75.0,8,8,10.0,3.14,0,1,12.5,62.5,5,5,16.7,9,25.7,1,3,,70.9,71.7,71.9,75.1,,56.8,0,1,9,0.0,94.3,0.0,0,1,0,0,1,0,0.0,77,9.6,0,,0,0,,,0,0,,,0,0,,0,0.0,0,0,,,,,,,,0,0,0,,0.0,,0,0,0,0,0,0,,0,,1.49
12,Bryce Young,123943,QB,CAR,1,12.34,0,34,5,61.5,26,26,7.5,3.08,0,1,3.6,57.7,15,12,6.3,31,91.2,1,10,,78.1,38.8,77.4,39.7,,54.5,0,2,34,8.3,56.7,3.2,1,4,0,0,1,3,8.8,161,6.2,63.6,22,22,6.4,2.6,0,1,4.3,59.1,13,10,7.1,24,70.6,1,6,,76.3,40.9,76.6,42.2,,58.3,0,1,25,10.0,70.1,4.2,1,1,0,0,1,2,8.0,119,5.4,71.4,7,7,5.9,3.78,0,0,0.0,71.4,5,2,0.0,10,29.4,0,4,,72.4,48.6,72.9,49.5,,56.3,0,1,12,0.0,51.8,0.0,0,3,0,0,0,1,8.3,50,7.1,0,100.0,3,3,-5.0,1.53,0,0,0.0,100.0,3,0,0.0,3,8.8,0,0,,65.5,63.5,68.2,63.1,,,0,0,3,,79.2,0.0,0,0,0,0,0,0,0.0,8,2.7,1.73
12,Tyrod Taylor,6332,QB,NYJ,1,28.79,0,34,22,66.7,24,25,11.5,3.56,0,0,0.0,64.0,16,12,0.0,31,91.2,0,12,,78.2,47.8,78.5,45.6,,60.6,0,1,32,25.0,86.6,9.7,3,3,0,1,1,1,3.1,207,8.3,65.0,20,22,12.2,3.31,1,0,0.0,54.5,12,12,7.7,27,79.4,1,8,,77.5,53.2,78.2,53.9,,55.2,0,1,28,25.0,72.2,11.1,3,2,0,1,1,0,0.0,150,6.8,83.3,6,6,3.7,3.63,0,0,0.0,83.3,5,0,0.0,7,20.6,0,4,,69.6,40.8,71.1,33.4,,64.4,0,0,7,,116.7,0.0,0,1,0,0,0,1,14.3,72,12.0,0,100.0,2,3,-5.0,1.47,1,0,0.0,33.3,1,0,50.0,3,8.8,1,0,,65.5,59.9,68.2,59.8,,,0,0,3,,50.7,0.0,0,0,0,0,0,0,0.0,15,5.0,5.18
12,Daniel Jones,39395,QB,IND,1,18.49,0,33,14,61.5,26,27,6.2,2.66,1,1,3.6,55.6,15,10,6.3,29,87.9,1,7,,77.6,55.3,78.0,50.2,,73.3,0,0,30,0.0,96.7,0.0,0,2,0,0,2,1,3.3,153,5.7,56.3,16,17,6.9,2.25,1,1,5.6,52.9,9,8,0.0,17,51.5,0,3,,74.9,42.0,77.0,41.6,,60.0,0,0,18,0.0,100.6,0.0,0,0,0,0,2,1,5.6,62,3.6,78.6,14,14,2.2,2.84,0,0,0.0,71.4,10,3,9.1,16,48.5,1,5,,73.9,76.3,73.9,69.0,,73.1,0,0,16,0.0,97.0,0.0,0,2,0,0,0,0,0.0,119,8.5,0,100.0,4,4,-4.8,1.63,0,0,0.0,100.0,4,1,0.0,4,12.1,0,1,,66.9,64.7,69.2,64.2,,,0,0,4,0.0,95.8,0.0,0,0,0,0,0,0,0.0,28,7.0,4.85
12,Davis Mills,52269,QB,HST,1,4.97,0,30,13,66.7,27,28,8.9,2.48,0,0,0.0,53.6,15,7,16.7,28,93.3,3,7,,77.9,67.1,0.0,68.3,58.9,61.7,0,0,30,0.0,92.7,0.0,0,0,0,1,2,0,0.0,149,5.3,66.7,21,23,6.5,2.3,0,0,0.0,52.2,12,4,14.3,23,76.7,2,3,,76.7,63.6,0.0,64.9,,61.7,0,0,24,0.0,78.4,0.0,0,0,0,2,1,0,0.0,101,4.4,71.4,7,7,14.3,2.84,0,0,0.0,57.1,4,3,20.0,7,23.3,1,4,,70.9,69.0,72.3,68.8,58.9,,0,0,9,0.0,120.2,0.0,0,0,0,0,1,0,0.0,52,7.4,0,100.0,1,2,-3.0,1.75,0,0,0.0,50.0,1,0,0.0,2,6.7,0,0,,65.5,59.9,68.2,59.8,,,0,0,3,,56.3,0.0,0,0,0,1,0,0,0.0,4,2.0,3.04
12,Lamar Jackson,46416,QB,BLT,1,28.33,0,29,3,72.2,18,20,12.9,3.54,0,0,0.0,55.0,11,7,15.4,25,86.2,2,6,,77.5,61.8,78.7,62.6,,48.2,0,0,28,14.3,76.9,4.0,1,4,0,2,0,0,0.0,139,7.0,61.5,13,15,12.3,3.13,0,0,0.0,46.7,7,6,12.5,18,62.1,1,3,,76.1,51.4,78.3,49.6,,51.2,0,0,21,16.7,57.9,5.6,1,2,0,2,0,0,0.0,61,4.1,100.0,7,8,9.7,3.85,0,0,0.0,75.0,6,2,14.3,11,37.9,1,4,,71.9,77.5,72.6,86.1,,52.2,0,0,11,0.0,112.5,0.0,0,3,0,1,0,0,0.0,92,11.5,0,100.0,2,3,-2.0,2.58,0,0,0.0,66.7,2,1,0.0,4,13.8,0,1,,66.9,56.4,69.2,59.9,,58.3,0,0,4,0.0,77.1,0.0,0,1,0,1,0,0,0.0,14,4.7,7.43
12,Kirk Cousins,7102,QB,ATL,1,13.49,0,28,2,84.2,19,22,8.8,3.02,0,3,13.6,68.2,15,8,6.3,26,92.9,1,7,,25.5,84.4,78.4,81.1,,66.4,0,1,26,37.5,101.9,11.5,3,1,1,2,2,1,3.8,167,7.6,75.0,12,14,4.8,2.41,0,0,0.0,64.3,9,6,0.0,19,67.9,0,4,,23.5,61.1,77.9,56.6,,66.4,0,1,19,50.0,74.1,15.8,3,1,1,1,1,1,5.3,82,5.9,100.0,8,9,13.1,3.88,0,3,33.3,77.8,7,2,12.5,9,32.1,1,4,,70.9,95.5,71.9,94.1,,,0,0,9,0.0,155.8,0.0,0,0,0,1,1,0,0.0,117,13.0,0,100.0,1,1,-5.0,1.0,0,0,0.0,100.0,1,0,0.0,2,7.1,0,1,,63.6,58.8,66.9,58.9,,,0,0,2,,118.8,0.0,0,0,0,0,0,0,0.0,32,32.0,7.14
12,Sam Darnold,29048,QB,SEA,1,-2.5,0,28,29,65.2,23,25,10.0,2.66,0,3,11.5,60.0,15,11,0.0,27,96.4,0,9,,77.3,60.1,0.0,61.7,,60.0,1,0,28,9.1,120.1,3.7,1,0,0,1,2,2,7.1,248,9.9,62.5,16,16,8.1,2.18,0,1,5.9,62.5,10,2,0.0,18,64.3,0,5,,75.2,51.8,0.0,54.2,,60.0,0,0,19,50.0,107.6,5.6,1,0,0,0,1,1,5.3,125,7.8,75.0,8,10,11.6,3.39,0,2,20.0,60.0,6,9,0.0,10,35.7,0,4,,71.4,73.2,72.3,72.0,,,1,0,10,0.0,135.0,0.0,0,0,0,1,1,1,10.0,119,11.9,0,100.0,1,1,-7.0,1.3,0,0,0.0,100.0,1,0,0.0,1,3.6,0,0,,60.4,60.2,64.6,60.0,,,0,0,1,,79.2,0.0,0,0,0,0,0,0,0.0,-4,-4.0,4.09
12,J.J. McCarthy,144918,QB,MIN,1,5.13,0,25,18,78.6,14,15,8.4,3.29,0,1,6.7,66.7,10,11,9.1,21,84.0,1,4,,27.5,47.3,77.3,49.6,,54.0,1,2,21,45.5,38.6,23.8,5,1,0,0,0,1,4.8,74,4.9,75.0,12,13,6.4,3.25,0,1,7.7,61.5,8,10,11.1,18,72.0,1,3,,26.5,41.4,77.0,43.6,,54.0,1,1,18,40.0,38.6,22.2,4,1,0,0,0,1,5.6,54,4.2,66.7,6,6,6.2,2.69,0,0,0.0,66.7,4,2,0.0,7,28.0,0,1,,69.6,64.5,71.1,64.0,,,0,1,7,50.0,41.0,14.3,1,0,0,0,0,0,0.0,33,5.5,0,50.0,4,4,-0.8,2.05,0,0,0.0,50.0,2,1,0.0,4,16.0,0,0,,66.9,56.4,69.2,56.7,,,0,0,4,0.0,57.3,0.0,0,0,0,0,0,0,0.0,13,3.3,1.35
12,Baker Mayfield,46518,QB,TB,1,-16.67,0,25,30,46.7,15,16,10.7,3.3,0,0,0.0,43.8,7,10,0.0,21,84.0,0,5,,76.0,67.4,76.7,63.5,,68.0,0,2,22,20.0,32.3,9.5,2,3,0,1,1,0,0.0,41,2.6,53.3,15,16,7.5,2.88,1,0,0.0,50.0,8,8,0.0,21,84.0,0,5,,76.0,68.6,76.7,63.3,,71.4,0,2,22,25.0,37.5,9.5,2,2,0,0,1,0,0.0,38,2.4,50.0,2,3,19.5,3.03,0,0,0.0,33.3,1,2,0.0,4,16.0,0,0,,66.9,55.4,69.2,58.5,,58.3,0,0,4,0.0,42.4,0.0,0,1,0,1,0,0,0.0,3,1.0,0,100.0,2,3,-4.0,0.83,1,0,0.0,66.7,2,0,0.0,4,16.0,0,0,,66.9,57.7,69.2,57.8,,,0,0,4,,70.1,0.0,0,0,0,0,0,0,0.0,0,0.0,-1.38
12,Jordan Love,40306,QB,GB,1,-8.75,0,24,12,72.2,18,20,9.2,2.65,1,0,0.0,65.0,13,11,0.0,23,95.8,0,9,,76.7,62.4,78.7,59.7,,64.3,0,0,24,9.1,85.0,4.3,1,1,0,1,0,1,4.2,138,6.9,78.6,14,16,9.9,2.33,1,0,0.0,68.8,11,10,0.0,18,75.0,0,7,,75.6,64.5,78.4,65.4,,55.6,0,0,19,10.0,91.1,5.6,1,0,0,1,0,1,5.3,122,7.6,60.0,5,5,4.2,3.53,0,0,0.0,60.0,3,1,0.0,6,25.0,0,2,,68.9,56.2,70.6,46.3,,65.6,0,0,6,0.0,66.3,0.0,0,1,0,0,0,0,0.0,17,3.4,0,100.0,1,1,-5.0,2.3,0,0,0.0,100.0,1,0,0.0,1,4.2,0,0,,60.4,60.3,64.6,60.1,,,0,0,1,,79.2,0.0,0,0,0,0,0,0,0.0,1,1.0,-4.23
12,Shedeur Sanders,131396,QB,CLV,1,-6.25,0,21,8,50.0,14,15,13.6,3.33,0,1,5.9,46.7,7,10,0.0,16,76.2,0,3,,74.9,48.0,77.3,47.3,,60.0,0,1,18,10.0,52.1,6.3,1,0,0,1,0,1,5.6,140,9.3,64.3,14,16,8.1,2.72,0,1,5.9,56.3,9,9,0.0,17,81.0,0,3,,74.9,56.1,77.3,55.1,,60.0,1,1,18,11.1,83.6,5.9,1,0,0,1,1,1,5.6,153,9.6,50.0,4,4,13.8,4.15,0,0,0.0,50.0,2,3,0.0,4,19.0,0,1,,68.9,45.4,70.6,46.6,,,0,0,6,0.0,95.8,0.0,0,0,0,0,0,0,0.0,56,14.0,0,100.0,4,5,-5.5,1.92,0,0,0.0,80.0,4,2,0.0,5,23.8,0,1,,68.9,62.6,70.6,62.3,,,1,0,6,0.0,158.3,0.0,0,0,0,0,1,0,0.0,69,13.8,4.44
12,Teddy Bridgewater,8667,QB,TB,1,-3.85,0,18,30,40.0,10,11,10.1,2.93,0,0,0.0,36.4,4,7,0.0,14,77.8,0,2,,73.9,39.3,75.8,40.4,,57.9,0,0,16,28.6,51.3,14.3,2,1,0,1,0,0,0.0,50,4.5,53.8,13,13,7.1,2.52,0,0,0.0,53.8,7,6,0.0,16,88.9,0,2,,74.5,45.4,76.0,46.5,,57.9,0,0,18,33.3,65.9,12.5,2,1,0,0,0,0,0.0,59,4.5,100.0,1,2,-3.0,2.95,0,0,0.0,50.0,1,1,0.0,2,11.1,0,0,,63.6,50.6,66.9,51.8,,,0,0,2,0.0,56.3,0.0,0,0,0,1,0,0,0.0,3,1.5,0,100.0,4,4,-3.0,1.3,0,0,0.0,100.0,4,0,0.0,4,22.2,0,0,,66.9,64.2,69.2,63.7,,,0,0,4,,79.2,0.0,0,0,0,0,0,0,0.0,12,3.0,-3.04
12,Taysom Hill,12112,TE,NO,1,0.0,0,2,20,,0,2,,2.95,1,0,0.0,0.0,0,0,,2,100.0,0,0,,73.6,60.3,77.2,58.0,55.4,64.3,0,0,2,,39.6,0.0,0,0,0,1,0,0,0.0,0,0.0,,0,2,,2.95,1,0,0.0,0.0,0,0,,2,100.0,0,0,,73.6,60.0,77.2,58.0,55.5,64.3,0,0,2,,39.6,0.0,0,0,0,1,0,0,0.0,0,0.0,,0,0,,,0,0,,,0,0,,0,0.0,0,0,,,60.3,66.8,,59.3,,0,0,0,,0.0,,0,0,0,0,0,0,,0,,0,,0,0,,,0,0,,,0,0,,0,0.0,0,0,,,60.0,65.0,,60.0,,0,0,0,,0.0,,0,0,0,0,0,0,,0,,0.0
12,Xavier Hutchinson,122518,WR,HST,1,0.0,0,1,13,,0,0,,7.3,0,0,,,0,1,,1,100.0,0,0,,60.4,59.8,73.6,,53.2,65.6,0,0,1,0.0,0.0,0.0,0,1,0,0,0,0,0.0,0,,,0,0,,,0,0,,,0,0,,0,0.0,0,0,,,51.8,73.3,,53.3,,0,0,0,,0.0,,0,0,0,0,0,0,,0,,,0,0,,7.3,0,0,,,0,1,,1,100.0,0,0,,60.4,70.8,68.4,,56.5,65.6,0,0,1,0.0,0.0,0.0,0,1,0,0,0,0,0.0,0,,0,,0,0,,,0,0,,,0,0,,0,0.0,0,0,,,55.5,66.3,,57.2,,0,0,0,,0.0,,0,0,0,0,0,0,,0,,0.0
12,Jake Browning,46401,QB,CIN,1,-100.0,0,1,7,100.0,1,1,9.0,4.6,0,0,0.0,100.0,1,1,0.0,1,100.0,0,1,,60.4,78.1,64.6,75.9,,,0,0,1,0.0,118.8,0.0,0,0,0,0,0,0,0.0,14,14.0,100.0,1,1,9.0,4.6,0,0,0.0,100.0,1,1,0.0,1,100.0,0,1,,60.4,78.1,64.6,75.9,,,0,0,1,0.0,118.8,0.0,0,0,0,0,0,0,0.0,14,14.0,,0,0,,,0,0,,,0,0,,0,0.0,0,0,,,,,,,,0,0,0,,0.0,,0,0,0,0,0,0,,0,,0,,0,0,,,0,0,,,0,0,,0,0.0,0,0,,,,,,,,0,0,0,,0.0,,0,0,0,0,0,0,,0,,-14.0
12,Gunner Olszewski,95015,WR,NYG,1,100.0,0,1,21,100.0,1,1,15.0,5.3,0,0,0.0,100.0,1,1,0.0,1,100.0,0,1,,60.4,65.3,71.8,68.8,54.8,,0,0,1,0.0,158.3,0.0,0,0,0,0,1,0,0.0,33,33.0,,0,0,,,0,0,,,0,0,,0,0.0,0,0,,,53.8,71.3,,54.8,,0,0,0,,0.0,,0,0,0,0,0,0,,0,,100.0,1,1,15.0,5.3,0,0,0.0,100.0,1,1,0.0,1,100.0,0,1,,60.4,78.4,64.9,68.8,,,0,0,1,0.0,158.3,0.0,0,0,0,0,1,0,0.0,33,33.0,0,,0,0,,,0,0,,,0,0,,0,0.0,0,0,,,,,,,,0,0,0,,0.0,,0,0,0,0,0,0,,0,,33.0
12,Kedon Slovis,100580,QB,ARZ,1,-100.0,0,1,1,100.0,1,1,-2.0,2.6,0,0,0.0,100.0,1,1,0.0,1,100.0,0,0,,60.4,61.4,67.1,60.4,,,0,0,1,0.0,79.2,0.0,0,0,0,0,0,0,0.0,-2,-2.0,100.0,1,1,-2.0,2.6,0,0,0.0,100.0,1,1,0.0,1,100.0,0,0,,60.4,61.4,67.1,60.4,,,0,0,1,0.0,79.2,0.0,0,0,0,0,0,0,0.0,-2,-2.0,,0,0,,,0,0,,,0,0,,0,0.0,0,0,,,,,,,,0,0,0,,0.0,,0,0,0,0,0,0,,0,,0,,0,0,,,0,0,,,0,0,,0,0.0,0,0,,,,,,,,0,0,0,,0.0,,0,0,0,0,0,0,,0,,2.0
12,Malik Willis,60341,QB,GB,1,100.0,0,1,12,100.0,1,1,1.0,2.6,0,0,0.0,100.0,1,0,0.0,1,100.0,0,0,,66.7,70.8,70.6,60.0,,60.0,0,0,1,,95.8,0.0,0,0,0,0,0,0,0.0,7,7.0,,0,0,,,0,0,,,0,0,,0,0.0,0,0,,65.2,67.6,69.9,,,60.0,0,0,0,,0.0,,0,0,0,0,0,0,,0,,100.0,1,1,1.0,2.6,0,0,0.0,100.0,1,0,0.0,1,100.0,0,0,,60.4,60.2,64.6,60.0,,,0,0,1,,95.8,0.0,0,0,0,0,0,0,0.0,7,7.0,0,,0,0,,,0,0,,,0,0,,0,0.0,0,0,,,,,,,,0,0,0,,0.0,,0,0,0,0,0,0,,0,,7.0
week,player,player_id,position,team_name,player_game_count,comp_pct_diff,declined_penalties,dropbacks,franchise_id,no_screen_accuracy_percent,no_screen_aimed_passes,no_screen_attempts,no_screen_avg_depth_of_target,no_screen_avg_time_to_throw,no_screen_bats,no_screen_big_time_throws,no_screen_btt_rate,no_screen_completion_percent,no_screen_completions,no_screen_def_gen_pressures,no_screen_drop_rate,no_screen_dropbacks,no_screen_dropbacks_percent,no_screen_drops,no_screen_first_downs,no_screen_grades_hands_drop,no_screen_grades_hands_fumble,no_screen_grades_offense,no_screen_grades_offense_penalty,no_screen_grades_pass,no_screen_grades_pass_route,no_screen_grades_run,no_screen_hit_as_threw,no_screen_interceptions,no_screen_passing_snaps,no_screen_pressure_to_sack_rate,no_screen_qb_rating,no_screen_sack_percent,no_screen_sacks,no_screen_scrambles,no_screen_spikes,no_screen_thrown_aways,no_screen_touchdowns,no_screen_turnover_worthy_plays,no_screen_twp_rate,no_screen_yards,no_screen_ypa,npa_accuracy_percent,npa_aimed_passes,npa_attempts,npa_avg_depth_of_target,npa_avg_time_to_throw,npa_bats,npa_big_time_throws,npa_btt_rate,npa_completion_percent,npa_completions,npa_def_gen_pressures,npa_drop_rate,npa_dropbacks,npa_dropbacks_percent,npa_drops,npa_first_downs,npa_grades_hands_drop,npa_grades_hands_fumble,npa_grades_offense,npa_grades_offense_penalty,npa_grades_pass,npa_grades_pass_route,npa_grades_run,npa_hit_as_threw,npa_interceptions,npa_passing_snaps,npa_pressure_to_sack_rate,npa_qb_rating,npa_sack_percent,npa_sacks,npa_scrambles,npa_spikes,npa_thrown_aways,npa_touchdowns,npa_turnover_worthy_plays,npa_twp_rate,npa_yards,npa_ypa,pa_accuracy_percent,pa_aimed_passes,pa_attempts,pa_avg_depth_of_target,pa_avg_time_to_throw,pa_bats,pa_big_time_throws,pa_btt_rate,pa_completion_percent,pa_completions,pa_def_gen_pressures,pa_drop_rate,pa_dropbacks,pa_dropbacks_percent,pa_drops,pa_first_downs,pa_grades_hands_drop,pa_grades_hands_fumble,pa_grades_offense,pa_grades_offense_penalty,pa_grades_pass,pa_grades_pass_route,pa_grades_run,pa_hit_as_threw,pa_interceptions,pa_passing_snaps,pa_pressure_to_sack_rate,pa_qb_rating,pa_sack_percent,pa_sacks,pa_scrambles,pa_spikes,pa_thrown_aways,pa_touchdowns,pa_turnover_worthy_plays,pa_twp_rate,pa_yards,pa_ypa,penalties,screen_accuracy_percent,screen_aimed_passes,screen_attempts,screen_avg_depth_of_target,screen_avg_time_to_throw,screen_bats,screen_big_time_throws,screen_btt_rate,screen_completion_percent,screen_completions,screen_def_gen_pressures,screen_drop_rate,screen_dropbacks,screen_dropbacks_percent,screen_drops,screen_first_downs,screen_grades_hands_drop,screen_grades_hands_fumble,screen_grades_offense,screen_grades_offense_penalty,screen_grades_pass,screen_grades_pass_route,screen_grades_run,screen_hit_as_threw,screen_interceptions,screen_passing_snaps,screen_pressure_to_sack_rate,screen_qb_rating,screen_sack_percent,screen_sacks,screen_scrambles,screen_spikes,screen_thrown_aways,screen_touchdowns,screen_turnover_worthy_plays,screen_twp_rate,screen_yards,screen_ypa,ypa_diff
13,Marcus Mariota,9435,QB,WAS,1,15.24,0,55,32,61.9,42,46,13.6,2.76,0,2,4.0,52.2,24,12,7.7,51,92.7,2,19,,82.0,62.2,80.1,58.6,,69.7,0,1,55,16.7,76.7,3.9,2,3,0,4,2,2,3.6,284,6.2,59.4,32,35,13.7,2.61,0,2,5.1,51.4,18,7,5.3,38,69.1,1,13,,80.6,67.2,79.5,63.4,,69.7,0,0,42,0.0,86.8,0.0,0,3,0,3,2,1,2.4,192,5.5,78.6,14,15,8.5,2.86,0,0,0.0,66.7,10,5,9.1,17,30.9,1,6,,73.9,51.0,74.1,51.6,,,0,1,17,40.0,58.2,11.8,2,0,0,1,0,1,5.9,102,6.8,0,100.0,4,4,-3.8,1.7,0,0,0.0,100.0,4,0,0.0,4,7.3,0,0,,66.9,64.8,69.2,64.3,,,0,0,4,,79.2,0.0,0,0,0,0,0,0,0.0,10,2.5,1.31
13,Joe Burrow,28022,QB,CIN,1,18.02,0,50,7,60.0,40,43,10.5,2.74,0,4,9.1,51.2,22,11,8.3,47,94.0,2,12,,80.3,80.8,79.9,78.0,,68.3,1,0,48,9.1,84.4,2.1,1,2,0,2,2,0,0.0,250,5.8,57.1,35,37,10.0,2.59,0,3,7.9,48.6,18,9,10.0,40,80.0,2,10,,79.4,77.1,79.6,74.2,,68.3,1,0,41,0.0,81.0,0.0,0,2,0,1,2,0,0.0,181,4.9,75.0,8,9,7.8,2.92,0,1,11.1,66.7,6,2,0.0,10,20.0,0,2,,71.4,76.2,72.3,74.8,,,0,0,10,50.0,94.7,10.0,1,0,0,1,0,0,0.0,80,8.9,0,66.7,3,3,-3.3,1.3,0,0,0.0,66.7,2,0,0.0,3,6.0,0,0,,65.5,55.1,68.2,55.5,,,0,0,3,,72.9,0.0,0,0,0,0,0,0,0.0,11,3.7,4.0
13,Bo Nix,97790,QB,DEN,1,-13.1,0,48,10,81.6,38,42,5.8,3.3,0,1,2.3,64.3,27,13,12.9,45,93.8,4,18,,29.7,61.2,79.0,59.7,,63.0,0,1,46,7.7,84.8,2.2,1,2,0,4,1,2,4.3,314,7.5,78.1,32,34,5.4,3.09,0,1,2.9,67.6,23,11,8.0,37,77.1,2,14,,27.8,56.6,78.5,54.9,,63.0,0,1,37,9.1,86.5,2.7,1,2,0,2,1,2,5.4,249,7.3,100.0,9,11,3.9,3.62,0,0,0.0,54.5,6,3,33.3,11,22.9,3,4,,72.4,71.6,72.9,70.6,,,0,0,12,0.0,74.8,0.0,0,0,0,2,0,0,0.0,72,6.5,0,100.0,3,3,-5.0,1.8,0,0,0.0,66.7,2,1,33.3,3,6.3,1,0,,65.5,63.6,68.2,63.2,,,0,0,3,0.0,70.1,0.0,0,0,0,0,0,0,0.0,7,2.3,-0.77
13,Jacoby Brissett,10725,QB,ARZ,1,-20.24,0,45,1,80.0,30,35,9.8,3.12,0,0,0.0,68.6,24,18,0.0,40,88.9,0,16,,79.0,73.3,78.4,72.7,,60.2,0,1,40,11.1,97.8,5.0,2,3,1,4,2,2,5.0,264,7.5,84.6,26,28,5.5,2.54,0,0,0.0,78.6,22,12,0.0,32,71.1,0,12,,77.7,71.7,77.8,71.2,,60.2,0,1,32,8.3,94.5,3.1,1,3,1,1,1,2,6.3,207,7.4,77.8,9,12,15.9,4.03,0,0,0.0,58.3,7,6,0.0,13,28.9,0,5,,72.8,70.7,73.2,69.7,,,0,0,13,16.7,111.1,7.7,1,0,0,3,1,0,0.0,94,7.8,0,100.0,5,5,-1.8,1.84,0,0,0.0,100.0,5,0,0.0,5,11.1,0,1,,68.0,65.4,69.9,64.8,,,0,0,5,,97.5,0.0,0,0,0,0,0,0,0.0,37,7.4,0.44
13,Tyler Shough,83537,QB,NO,1,-2.08,0,45,20,86.7,30,37,8.2,3.09,2,2,5.1,67.6,25,11,3.8,44,97.8,1,12,,80.4,74.5,79.4,71.9,,67.8,1,1,47,36.4,91.7,9.1,4,3,0,4,2,2,4.3,236,6.4,85.2,27,32,8.3,2.95,1,2,5.9,68.8,22,8,4.3,36,80.0,1,11,,79.4,76.4,78.9,74.1,,66.4,1,1,38,25.0,94.3,5.6,2,2,0,3,2,2,5.3,208,6.5,100.0,4,6,3.5,3.54,1,0,0.0,66.7,4,3,0.0,9,20.0,0,1,,70.9,60.9,72.3,57.8,,63.5,0,0,10,66.7,79.2,22.2,2,1,0,1,0,0,0.0,31,5.2,0,100.0,1,1,-7.0,2.1,0,0,0.0,100.0,1,0,0.0,1,2.2,0,0,,60.4,60.2,64.6,60.0,,,0,0,1,,79.2,0.0,0,0,0,0,0,0,0.0,3,3.0,-1.33
13,Cam Ward,133244,QB,TEN,1,-32.38,0,42,31,74.2,31,34,7.5,3.04,0,0,0.0,58.8,20,11,13.0,38,90.5,3,4,,28.4,42.7,0.0,43.3,,63.9,0,0,41,27.3,66.4,7.9,3,1,0,3,0,3,7.3,125,3.7,78.1,32,35,6.4,2.86,0,0,0.0,65.7,23,8,8.0,38,90.5,2,5,,79.2,53.7,0.0,53.9,,63.9,0,0,41,25.0,73.0,5.3,2,1,0,3,0,2,4.9,136,3.9,66.7,3,3,6.7,3.03,0,0,0.0,33.3,1,3,50.0,4,9.5,1,0,,15.1,26.7,69.9,27.8,,,0,0,5,33.3,42.4,25.0,1,0,0,0,0,1,20.0,5,1.7,0,100.0,4,4,-1.5,1.38,0,0,0.0,100.0,4,0,0.0,4,9.5,0,1,,68.0,65.2,69.9,64.7,,,0,0,5,,83.3,0.0,0,0,0,0,0,0,0.0,16,4.0,-2.22
13,Tyrod Taylor,6332,QB,NYJ,1,-0.55,0,41,22,66.7,27,30,10.8,3.31,0,0,0.0,53.3,16,15,11.1,37,90.2,2,11,,79.2,70.6,78.9,65.3,,74.1,1,0,38,13.3,81.1,5.4,2,5,0,2,1,1,2.6,169,5.6,73.9,23,26,6.3,2.89,0,0,0.0,57.7,15,10,11.8,33,80.5,2,9,,78.6,72.6,78.7,66.9,,74.1,1,0,34,20.0,65.4,6.1,2,5,0,2,0,0,0.0,95,3.7,57.1,7,7,20.1,4.59,0,0,0.0,57.1,4,5,0.0,8,19.5,0,2,,70.9,58.2,71.9,60.0,,58.3,0,0,9,0.0,135.1,0.0,0,1,0,0,1,1,11.1,77,11.0,0,100.0,3,3,-2.0,2.38,0,0,0.0,100.0,3,0,0.0,4,9.8,0,0,,68.0,60.7,69.9,63.9,,58.3,0,0,5,,79.2,0.0,0,1,0,0,0,0,0.0,3,1.0,7.35
13,Patrick Mahomes,11765,QB,KC,1,-1.19,0,40,16,70.4,27,29,8.7,3.37,0,2,5.9,62.1,18,17,5.3,35,87.5,1,13,,28.4,70.9,78.7,71.6,,56.3,0,0,41,17.6,119.5,8.6,3,3,0,2,3,1,2.4,217,7.5,76.9,26,28,6.0,3.28,0,2,6.1,67.9,19,16,5.0,34,85.0,1,12,,28.2,74.4,78.7,75.4,,56.3,0,0,40,18.8,132.1,8.8,3,3,0,2,4,1,2.5,228,8.1,66.7,6,6,11.7,2.12,0,0,0.0,66.7,4,1,0.0,6,15.0,0,3,,68.9,54.5,70.6,54.9,,,0,0,6,0.0,80.6,0.0,0,0,0,0,0,0,0.0,33,5.5,0,100.0,5,5,-2.0,1.26,0,0,0.0,100.0,5,0,0.0,5,12.5,0,2,,68.0,65.3,69.9,64.7,,,0,0,5,,142.9,0.0,0,0,0,0,1,0,0.0,44,8.8,-2.64
13,Caleb Williams,144622,QB,CHI,1,-15.64,0,40,6,48.0,25,28,10.1,2.93,1,1,3.3,42.9,12,11,0.0,32,80.0,0,10,,78.8,67.0,79.7,63.1,,70.0,0,0,34,18.2,65.9,6.3,2,2,0,2,1,0,0.0,109,3.9,61.9,21,25,5.5,2.5,1,0,0.0,52.0,13,8,0.0,28,70.0,0,10,,78.0,74.9,79.5,71.1,,70.0,0,0,29,12.5,63.8,3.6,1,2,0,3,0,0,0.0,110,4.4,40.0,10,11,11.9,3.27,0,1,8.3,36.4,4,5,0.0,12,30.0,0,2,,72.8,39.5,73.2,41.1,,,0,1,13,20.0,41.5,8.3,1,0,0,1,1,1,7.7,44,4.0,0,83.3,6,8,-3.0,1.91,0,0,0.0,62.5,5,2,0.0,8,20.0,0,2,,70.3,45.9,71.5,46.8,,,0,1,8,0.0,38.0,0.0,0,0,0,2,0,1,12.5,45,5.6,-0.4
13,Dak Prescott,10769,QB,DAL,1,-7.71,0,39,9,76.5,34,36,8.0,2.66,1,1,2.3,69.4,25,16,3.8,36,92.3,1,14,,80.1,75.3,79.3,73.9,,60.5,0,1,43,0.0,101.6,0.0,0,0,0,1,2,3,7.0,300,8.3,79.2,24,25,7.8,2.23,1,0,0.0,72.0,18,8,5.3,25,64.1,1,12,,77.8,77.4,78.4,76.0,,60.5,0,1,28,0.0,108.8,0.0,0,0,0,0,2,2,7.1,220,8.8,75.0,12,14,6.7,3.27,0,1,5.6,64.3,9,8,0.0,14,35.9,0,3,,74.5,63.7,74.3,63.3,,,0,0,18,0.0,85.4,0.0,0,0,0,2,0,1,5.6,100,7.1,0,100.0,2,3,-3.5,1.93,0,0,0.0,66.7,2,0,0.0,3,7.7,0,1,,65.5,59.9,68.2,59.8,,,0,0,3,,85.4,0.0,0,0,0,1,0,0,0.0,20,6.7,-1.66
13,C.J. Stroud,129759,QB,HST,1,-18.0,0,38,13,73.3,30,35,12.6,2.91,1,0,0.0,62.9,22,14,0.0,38,100.0,0,14,,79.2,66.5,79.6,66.3,,58.3,1,1,41,14.3,75.4,5.3,2,1,0,3,0,2,4.9,276,7.9,81.0,21,25,10.6,2.72,1,0,0.0,68.0,17,8,0.0,27,71.1,0,10,,77.2,69.8,79.0,68.7,,,1,0,29,25.0,90.4,7.4,2,0,0,2,0,1,3.4,190,7.6,55.6,9,10,17.3,3.36,0,0,0.0,50.0,5,6,0.0,11,28.9,0,4,,72.4,58.2,72.9,59.6,,58.3,0,1,12,0.0,40.0,0.0,0,1,0,1,0,1,8.3,86,8.6,0,,0,0,,,0,0,,,0,0,,0,0.0,0,0,,,,,,,,0,0,0,,0.0,,0,0,0,0,0,0,,0,,1.0
13,Lamar Jackson,46416,QB,BLT,1,-3.85,0,38,3,57.1,28,30,13.3,3.28,0,1,3.1,53.3,16,17,0.0,36,94.7,0,9,,19.6,42.8,78.6,40.3,,63.7,0,1,38,17.6,66.8,8.3,3,3,0,2,0,2,5.3,246,8.2,58.3,24,26,11.7,3.25,0,1,3.6,53.8,14,15,0.0,32,84.2,0,6,,18.8,38.1,78.3,34.7,,63.7,0,1,34,20.0,57.5,9.4,3,3,0,2,0,2,5.9,166,6.4,50.0,6,6,13.7,2.72,0,0,0.0,50.0,3,2,0.0,6,15.8,0,3,,68.9,65.5,70.6,64.9,,,0,0,6,0.0,95.8,0.0,0,0,0,0,0,0,0.0,80,13.3,0,50.0,2,2,-5.0,1.0,0,0,0.0,50.0,1,0,0.0,2,5.3,0,0,,63.6,54.3,66.9,54.9,,,0,0,2,,56.3,0.0,0,0,0,0,0,0,0.0,0,0.0,6.95
13,Drake Maye,143969,QB,NE,1,25.93,0,36,19,77.8,27,28,9.7,2.83,0,1,3.3,75.0,21,10,0.0,31,86.1,0,14,,78.9,87.0,78.7,86.8,,61.7,0,0,33,10.0,127.4,3.2,1,2,0,1,2,0,0.0,262,9.4,76.9,26,27,8.5,2.84,0,1,3.4,74.1,20,11,0.0,32,88.9,0,11,,79.0,81.6,78.7,81.2,,61.7,0,0,34,27.3,119.8,9.4,3,2,0,1,2,0,0.0,203,7.5,100.0,4,4,7.5,2.95,0,0,0.0,100.0,4,1,0.0,4,11.1,0,4,,66.9,83.1,69.2,81.0,,,0,0,4,0.0,118.8,0.0,0,0,0,0,0,0,0.0,79,19.8,0,100.0,3,3,-3.3,2.98,0,0,0.0,100.0,3,2,0.0,5,13.9,0,1,,68.0,58.9,69.9,58.9,,,0,0,5,100.0,94.4,40.0,2,0,0,0,0,0,0.0,20,6.7,12.23
13,Kirk Cousins,7102,QB,ATL,1,38.35,0,36,2,65.4,26,28,7.1,2.7,0,0,0.0,57.1,16,12,5.9,30,83.3,1,11,,77.6,62.3,78.9,61.4,,,0,0,31,16.7,81.8,6.7,2,0,0,2,0,0,0.0,216,7.7,55.6,18,19,8.2,2.3,0,0,0.0,47.4,9,9,10.0,22,61.1,1,7,,75.6,62.3,78.3,61.4,,,0,0,22,22.2,77.1,9.1,2,0,0,1,1,0,0.0,82,4.3,92.3,13,14,1.3,2.76,0,0,0.0,85.7,12,3,0.0,14,38.9,0,5,,73.5,62.2,73.7,61.9,,,0,0,15,0.0,111.9,0.0,0,0,0,1,0,0,0.0,152,10.9,0,100.0,5,5,-4.0,1.38,0,0,0.0,100.0,5,0,0.0,6,16.7,0,1,,68.9,62.7,70.6,62.4,,,0,0,6,,121.3,0.0,0,0,0,0,1,0,0.0,18,3.6,6.54
13,Baker Mayfield,46518,QB,TB,1,-6.67,0,35,30,72.7,22,24,9.9,3.3,0,2,8.0,58.3,14,12,12.5,29,82.9,2,8,,78.0,64.5,78.5,64.0,,59.9,0,0,30,16.7,91.0,6.9,2,3,0,2,1,2,6.7,152,6.3,82.4,17,18,7.5,2.94,0,1,5.0,66.7,12,8,14.3,25,71.4,2,6,,77.4,68.8,78.3,68.8,,59.9,0,0,27,25.0,89.8,8.0,2,3,0,1,0,1,3.7,139,7.7,66.7,9,10,8.0,3.08,0,1,10.0,60.0,6,4,0.0,10,28.6,0,3,,71.4,53.0,72.3,53.4,,,0,0,10,0.0,108.3,0.0,0,0,0,1,1,1,10.0,55,5.5,0,100.0,4,4,-4.5,1.4,0,0,0.0,100.0,4,0,0.0,6,17.1,0,1,,69.6,60.7,71.1,60.5,,,0,0,7,,110.4,0.0,0,0,0,0,0,0,0.0,42,10.5,-2.22
13,Jalen Hurts,40291,QB,PHI,1,1.59,0,34,24,66.7,30,34,9.7,2.55,0,1,2.8,55.9,19,8,5.0,34,100.0,1,11,,28.7,58.3,78.4,61.8,,47.9,0,1,37,0.0,84.2,0.0,0,0,2,2,2,1,2.7,230,6.8,69.6,23,27,10.0,2.41,0,1,3.4,55.6,15,7,6.3,27,79.4,1,9,,27.3,65.4,77.9,69.6,,47.9,0,0,30,0.0,101.5,0.0,0,0,2,2,2,0,0.0,184,6.8,57.1,7,7,8.7,3.11,0,0,0.0,57.1,4,1,0.0,7,20.6,0,2,,69.6,37.6,71.1,39.4,,,0,1,7,0.0,37.5,0.0,0,0,0,0,0,1,14.3,46,6.6,0,,0,0,,,0,0,,,0,0,,0,0.0,0,0,,,,,,,,0,0,0,,0.0,,0,0,0,0,0,0,,0,,-0.24
13,Max Brosmer,105568,QB,MIN,1,-4.0,0,34,18,58.3,24,24,7.6,2.74,0,1,4.2,54.2,13,12,7.1,28,82.4,1,5,,77.4,20.2,77.7,21.1,,60.0,0,4,29,33.3,24.5,14.3,4,0,0,0,0,4,13.8,97,4.0,68.0,25,25,6.3,2.56,0,1,4.0,64.0,16,11,5.9,29,85.3,1,5,,77.6,29.9,77.8,30.1,,60.0,0,3,30,36.4,34.5,13.8,4,0,0,0,0,3,10.0,112,4.5,60.0,5,5,-0.2,2.88,0,0,0.0,60.0,3,2,0.0,5,14.7,0,1,,68.0,12.0,69.9,14.3,,,0,1,5,0.0,25.0,0.0,0,0,0,0,0,1,20.0,14,2.8,0,100.0,6,6,-4.2,1.95,0,0,0.0,100.0,6,1,0.0,6,17.6,0,1,,68.9,65.7,70.6,65.2,,,0,0,6,0.0,86.8,0.0,0,0,0,0,0,0,0.0,29,4.8,-1.68
13,Jordan Love,40306,QB,GB,1,-15.0,0,33,12,64.3,28,29,12.4,3.0,0,4,12.9,58.6,17,14,5.6,31,93.9,1,11,,78.5,91.5,78.7,92.2,,51.6,0,0,33,0.0,123.4,0.0,0,2,0,1,4,0,0.0,229,7.9,68.4,19,20,11.7,2.65,0,4,19.0,65.0,13,8,0.0,21,63.6,0,8,,76.6,94.5,78.0,94.9,,53.8,0,0,22,0.0,133.3,0.0,0,1,0,1,3,0,0.0,180,9.0,60.0,10,10,12.2,3.19,0,0,0.0,50.0,5,6,16.7,12,36.4,1,3,,72.4,60.4,73.2,61.8,,58.3,0,0,13,0.0,99.6,0.0,0,1,0,0,1,0,0.0,54,5.4,0,100.0,1,1,-2.0,0.5,0,0,0.0,100.0,1,0,0.0,2,6.1,0,0,,63.6,58.9,66.9,59.0,,,0,0,2,,87.5,0.0,0,0,0,0,0,0,0.0,5,5.0,-3.6
13,Trevor Lawrence,77632,QB,JAX,1,-2.86,0,32,15,71.4,21,24,13.7,3.24,1,2,7.7,58.3,14,12,6.7,29,90.6,1,12,,78.1,85.2,78.5,80.5,,74.3,1,0,31,25.0,114.6,10.3,3,2,0,1,2,0,0.0,208,8.7,70.6,17,20,11.6,3.13,1,1,4.8,60.0,12,12,0.0,25,78.1,0,10,,77.1,77.1,78.2,71.5,,74.3,1,0,26,25.0,116.5,12.0,3,2,0,1,2,0,0.0,149,7.5,83.3,6,7,14.3,2.94,0,1,11.1,57.1,4,0,20.0,7,21.9,1,3,,70.9,86.5,71.9,84.2,,,0,0,9,,97.3,0.0,0,0,0,1,0,0,0.0,80,11.4,0,100.0,2,3,-2.0,1.63,0,0,0.0,66.7,2,0,0.0,3,9.4,0,1,,66.9,61.1,69.2,60.9,,,0,0,4,,86.8,0.0,0,0,0,1,0,0,0.0,21,7.0,3.98
13,Brock Purdy,77672,QB,SF,1,-15.56,0,31,28,66.7,18,25,12.4,3.53,0,0,0.0,48.0,12,17,0.0,27,87.1,0,10,,77.4,74.2,78.6,72.9,57.7,63.2,0,0,29,5.9,81.8,3.7,1,1,0,7,1,0,0.0,158,6.3,70.6,17,20,10.5,3.43,0,0,0.0,60.0,12,12,0.0,22,71.0,0,9,,76.6,77.0,78.3,75.2,,63.2,0,0,25,8.3,95.8,4.5,1,1,0,3,1,0,0.0,130,6.5,80.0,5,9,6.2,3.34,0,0,0.0,44.4,4,5,0.0,9,29.0,0,2,,70.9,61.0,72.3,61.4,57.7,,0,0,9,0.0,56.7,0.0,0,0,0,4,0,0,0.0,38,4.2,0,100.0,4,4,-3.8,2.55,0,0,0.0,100.0,4,0,0.0,4,12.9,0,1,,68.0,65.2,69.9,64.6,,,0,0,5,,79.2,0.0,0,0,0,0,0,0,0.0,10,2.5,-2.28
13,Jaxson Dart,146409,QB,NYG,1,33.33,0,30,21,70.0,20,20,9.7,3.37,0,1,4.3,65.0,13,11,7.1,26,86.7,1,6,,77.2,60.7,78.2,59.5,,61.1,0,0,29,18.2,97.1,7.7,2,4,0,0,1,1,3.4,116,5.8,71.4,21,21,8.2,2.83,0,1,4.5,66.7,14,9,6.7,24,80.0,1,4,,76.3,55.6,77.9,55.5,,57.8,0,0,25,11.1,95.3,4.2,1,2,0,0,1,1,4.0,110,5.2,100.0,3,3,4.3,4.45,0,0,0.0,100.0,3,2,0.0,6,20.0,0,2,,70.3,74.4,71.5,72.7,,63.5,0,0,8,50.0,106.9,16.7,1,2,0,0,0,0,0.0,29,9.7,0,100.0,4,4,-2.0,1.75,0,0,0.0,100.0,4,0,0.0,4,13.3,0,0,,66.9,64.5,69.2,64.0,,,0,0,4,,90.6,0.0,0,0,0,0,0,0,0.0,23,5.8,4.43
13,Matthew Stafford,4924,QB,LA,1,-4.17,0,30,26,68.2,22,24,11.0,3.05,1,2,8.3,58.3,14,4,6.7,26,86.7,1,11,,25.3,52.6,0.0,54.4,,60.0,0,2,26,50.0,81.4,7.7,2,0,0,1,2,2,7.7,217,9.0,72.7,11,12,14.2,2.77,1,1,8.3,66.7,8,1,0.0,13,43.3,0,8,,20.9,48.1,0.0,50.7,,60.0,0,2,13,100.0,97.9,7.7,1,0,0,0,1,2,15.4,160,13.3,73.3,15,16,4.7,3.02,0,1,6.3,62.5,10,3,9.1,17,56.7,1,4,,74.2,62.9,74.1,62.5,,,0,0,17,33.3,96.6,5.9,1,0,0,1,1,0,0.0,83,5.2,0,100.0,4,4,-4.0,2.0,0,0,0.0,100.0,4,0,0.0,4,13.3,0,1,,66.9,64.7,69.2,64.2,,,0,0,4,,93.8,0.0,0,0,0,0,0,0,0.0,26,6.5,-8.14
13,Jared Goff,10635,QB,DET,1,12.03,0,30,11,90.5,21,23,8.4,2.74,1,1,4.3,78.3,18,11,5.3,27,90.0,1,12,,77.0,81.1,78.7,80.9,40.1,65.6,1,0,28,27.3,121.9,11.1,3,1,0,0,1,0,0.0,225,9.8,94.1,17,19,5.9,2.45,1,1,5.3,73.7,14,9,12.5,23,76.7,2,9,,76.1,82.7,78.3,78.3,,65.6,1,0,24,33.3,120.7,13.0,3,1,0,0,1,0,0.0,181,9.5,85.7,7,7,9.1,3.11,0,0,0.0,85.7,6,2,0.0,7,23.3,0,4,,69.6,66.6,72.0,73.7,40.1,,0,0,7,0.0,150.9,0.0,0,0,0,0,1,0,0.0,75,10.7,0,100.0,3,3,-4.0,1.4,0,0,0.0,66.7,2,0,33.3,3,10.0,1,1,,65.5,63.6,68.2,63.2,,,0,0,3,,140.3,0.0,0,0,0,0,1,0,0.0,31,10.3,1.18
13,Sam Darnold,29048,QB,SEA,1,14.49,0,30,29,76.5,17,23,4.5,2.54,4,0,0.0,52.2,12,10,7.7,27,90.0,1,7,,18.9,36.7,78.8,36.2,,,0,0,29,40.0,63.9,14.8,4,0,0,2,0,2,6.9,101,4.4,76.5,17,23,4.4,2.54,3,0,0.0,52.2,12,10,7.7,27,90.0,1,7,,18.9,36.7,78.8,36.2,,,0,0,29,40.0,66.8,14.8,4,0,0,3,0,2,6.9,117,5.1,100.0,2,3,-2.0,2.03,1,0,0.0,66.7,2,1,0.0,3,10.0,0,1,,65.5,59.8,68.2,59.7,,,0,0,3,0.0,72.9,0.0,0,0,0,0,0,0,0.0,11,3.7,0,100.0,2,3,-3.0,2.0,0,0,0.0,66.7,2,1,0.0,3,10.0,0,1,,65.5,60.0,68.2,59.9,,,0,0,3,0.0,95.1,0.0,0,0,0,1,0,0,0.0,27,9.0,-1.42
13,Tua Tagovailoa,60326,QB,MIA,1,-12.7,0,29,17,64.7,17,20,13.7,2.94,0,2,10.0,50.0,10,10,9.1,26,89.7,1,8,,29.4,57.0,78.5,60.0,,48.9,0,1,26,40.0,54.6,15.4,4,2,1,2,0,3,11.5,152,7.6,75.0,12,14,10.8,2.67,0,2,14.3,57.1,8,7,11.1,19,65.5,1,7,,27.3,71.5,78.0,76.5,,48.9,0,0,19,42.9,89.9,15.8,3,2,1,1,0,1,5.3,135,9.6,62.5,8,9,11.6,3.09,0,0,0.0,44.4,4,3,20.0,10,34.5,1,1,,71.4,35.9,72.3,37.7,,,0,1,10,33.3,12.0,10.0,1,0,0,1,0,2,20.0,22,2.4,0,100.0,3,3,-3.3,1.77,0,0,0.0,66.7,2,0,33.3,3,10.3,1,0,,65.5,63.4,68.2,63.0,,,0,0,3,,70.1,0.0,0,0,0,0,0,0,0.0,5,1.7,-7.2
13,Shedeur Sanders,131396,QB,CLV,1,30.16,0,29,8,76.5,17,20,9.9,3.78,0,0,0.0,55.0,11,10,15.4,24,82.8,2,5,,76.3,53.7,0.0,58.4,,55.3,0,0,25,30.0,88.3,12.5,3,1,0,3,1,0,0.0,114,5.7,80.0,15,18,8.7,3.66,0,0,0.0,55.6,10,9,16.7,22,75.9,2,5,,75.9,50.0,0.0,55.0,,55.3,0,0,23,33.3,91.7,13.6,3,1,0,3,1,0,0.0,107,5.9,85.7,7,7,2.7,3.09,0,0,0.0,85.7,6,1,0.0,7,24.1,0,2,,70.3,70.8,71.5,69.9,,,0,0,8,0.0,91.7,0.0,0,0,0,0,0,0,0.0,42,6.0,0,100.0,5,5,-4.0,2.3,0,0,0.0,100.0,5,0,0.0,5,17.2,0,2,,68.9,65.6,70.6,65.0,,,0,0,6,,95.8,0.0,0,0,0,0,0,0,0.0,35,7.0,0.06
13,Josh Allen,46601,QB,BUF,1,26.15,0,28,4,83.3,18,18,3.6,2.99,0,0,0.0,72.2,13,8,13.3,22,78.6,2,9,,76.9,74.7,79.3,69.1,,71.4,0,1,22,0.0,83.6,0.0,0,4,0,0,1,1,4.5,112,6.2,69.2,13,13,2.0,1.81,0,0,0.0,53.8,7,4,22.2,15,53.6,2,3,,75.3,67.7,78.9,57.3,,73.8,0,1,15,0.0,31.2,0.0,0,1,0,0,0,1,6.7,51,3.9,88.9,9,10,2.4,3.64,1,0,0.0,80.0,8,5,0.0,13,46.4,0,6,,72.8,67.8,73.2,68.0,,60.7,0,0,13,0.0,130.0,0.0,0,3,0,0,1,0,0.0,72,7.2,0,50.0,4,5,-4.0,1.47,1,0,0.0,40.0,2,1,0.0,6,21.4,0,0,,68.9,46.2,70.6,47.1,,,0,0,6,0.0,47.9,0.0,0,0,0,0,0,0,0.0,11,2.2,3.28
13,Geno Smith,7820,QB,LV,1,-14.62,0,28,23,88.2,17,19,5.8,2.78,1,0,0.0,78.9,15,10,0.0,24,85.7,0,8,,25.9,55.7,77.5,55.5,,59.3,0,1,26,50.0,110.7,20.8,5,0,0,1,2,1,3.8,141,7.4,91.7,12,13,5.7,2.58,0,0,0.0,84.6,11,9,0.0,18,64.3,0,6,,24.2,57.5,77.0,57.2,,59.3,0,1,20,55.6,101.1,27.8,5,0,0,1,2,1,5.0,84,6.5,87.5,8,10,2.3,2.93,2,0,0.0,70.0,7,2,0.0,10,35.7,0,3,,71.4,55.9,72.3,56.1,,,0,0,10,0.0,94.2,0.0,0,0,0,0,0,0,0.0,81,8.1,0,100.0,3,4,-4.3,2.28,1,0,0.0,75.0,3,1,0.0,4,14.3,0,1,,66.9,61.1,69.2,60.9,,,0,0,4,0.0,89.6,0.0,0,0,0,0,0,0,0.0,24,6.0,1.64
13,Daniel Jones,39395,QB,IND,1,50.57,0,28,14,72.7,22,25,10.5,2.49,1,3,10.7,52.0,13,16,18.8,26,92.9,3,8,,77.2,85.1,78.2,84.0,,60.0,2,0,29,6.3,100.1,3.8,1,0,0,0,2,0,0.0,168,6.7,61.5,13,16,10.3,2.33,1,3,15.8,31.3,5,11,37.5,17,60.7,3,4,,75.1,79.4,77.5,79.0,,60.0,1,0,20,9.1,69.0,5.9,1,0,0,1,1,0,0.0,77,4.8,90.0,10,11,9.0,2.82,0,0,0.0,81.8,9,5,0.0,11,39.3,0,5,,71.9,79.9,72.6,78.1,,,1,0,11,0.0,143.9,0.0,0,0,0,0,1,0,0.0,124,11.3,0,100.0,1,2,-7.0,2.9,0,0,0.0,50.0,1,0,0.0,2,7.1,0,1,,63.6,58.9,66.9,59.0,,,0,0,2,,95.8,0.0,0,0,0,1,0,0,0.0,33,16.5,6.46
13,Justin Herbert,28237,QB,LAC,1,-27.78,0,26,27,78.9,19,19,10.4,3.25,0,0,0.0,73.7,14,8,6.7,25,96.2,1,10,,76.3,60.9,78.5,63.6,,50.1,0,1,25,37.5,108.7,12.0,3,3,0,0,2,1,4.0,146,7.7,83.3,18,18,7.8,2.89,0,0,0.0,77.8,14,5,6.7,22,84.6,1,10,,75.6,59.5,78.3,60.3,,56.8,0,1,22,60.0,109.3,13.6,3,1,0,0,2,1,4.5,124,6.9,50.0,2,2,26.5,4.63,0,0,0.0,50.0,1,3,0.0,4,15.4,0,1,,66.9,64.9,69.2,72.1,,54.5,0,0,4,0.0,95.8,0.0,0,2,0,0,0,0,0.0,27,13.5,0,100.0,1,1,-5.0,0.8,0,0,0.0,100.0,1,0,0.0,1,3.8,0,1,,60.4,60.5,64.6,60.4,,,0,0,1,,87.5,0.0,0,0,0,0,0,0,0.0,5,5.0,6.61
13,Bryce Young,123943,QB,CAR,1,33.33,0,24,5,80.0,15,16,8.1,3.16,0,2,12.5,68.8,11,4,8.3,19,79.2,1,8,,75.9,85.0,78.6,85.8,,61.4,0,0,19,25.0,139.3,5.3,1,2,0,1,2,0,0.0,155,9.7,78.6,14,15,7.9,2.97,0,2,13.3,66.7,10,6,9.1,18,75.0,1,7,,75.7,81.8,78.6,84.5,,54.6,0,0,18,33.3,148.1,11.1,2,1,0,1,3,0,0.0,183,12.2,100.0,5,5,-1.0,2.83,0,0,0.0,100.0,5,0,0.0,6,25.0,0,2,,68.9,72.2,70.6,64.6,,64.4,0,0,6,,85.8,0.0,0,1,0,0,0,0,0.0,23,4.6,0,100.0,4,4,-4.3,2.1,0,0,0.0,100.0,4,2,0.0,5,20.8,0,1,,68.0,61.8,69.9,61.5,,,0,0,5,50.0,158.3,20.0,1,0,0,0,1,0,0.0,51,12.8,-7.6
13,Aaron Rodgers,2241,QB,PIT,1,2.94,0,22,25,53.8,13,16,9.8,3.16,1,0,0.0,37.5,6,5,14.3,17,77.3,1,3,,22.5,43.2,76.3,43.2,,60.0,0,0,17,20.0,55.5,5.9,1,0,0,2,0,1,5.9,85,5.3,57.1,14,17,7.6,2.65,2,0,0.0,47.1,8,3,0.0,17,77.3,0,4,,74.6,56.0,76.3,55.5,,60.0,0,0,17,0.0,66.3,0.0,0,0,0,1,0,0,0.0,102,6.0,100.0,3,4,1.3,3.74,0,0,0.0,50.0,2,2,33.3,5,22.7,1,0,,15.1,30.0,69.9,32.2,,,0,0,5,50.0,59.4,20.0,1,0,0,1,0,1,20.0,15,3.8,0,100.0,4,5,-4.0,1.98,1,0,0.0,80.0,4,0,0.0,5,22.7,0,1,,68.0,62.2,69.9,61.9,,,0,0,5,,93.3,0.0,0,0,0,0,0,0,0.0,32,6.4,-2.25
13,Mason Rudolph,46569,QB,PIT,1,0.0,0,3,25,0.0,3,3,9.7,3.93,0,0,0.0,0.0,0,1,,3,100.0,0,0,,65.5,27.8,71.1,28.5,,,0,1,3,0.0,0.0,0.0,0,0,0,0,0,1,33.3,0,0.0,0.0,2,2,6.5,4.2,0,0,0.0,0.0,0,1,,2,66.7,0,0,,63.6,45.2,70.6,46.2,,,0,0,2,0.0,39.6,0.0,0,0,0,0,0,0,0.0,0,0.0,0.0,1,1,16.0,3.4,0,0,0.0,0.0,0,0,,1,33.3,0,0,,60.4,32.1,64.6,35.1,,,0,1,1,,0.0,0.0,0,0,0,0,0,1,100.0,0,0.0,0,,0,0,,,0,0,,,0,0,,0,0.0,0,0,,,,,,,,0,0,0,,0.0,,0,0,0,0,0,0,,0,,0.0
13,David Montgomery,45719,HB,DET,1,0.0,0,2,11,0.0,1,1,6.0,0.9,0,0,0.0,0.0,0,1,,2,100.0,0,0,68.3,73.8,64.3,72.9,53.0,69.7,65.4,0,0,2,0.0,39.6,0.0,0,0,0,0,0,0,0.0,0,0.0,,0,0,,,0,0,,,0,0,,0,0.0,0,0,,72.7,65.4,72.1,,55.4,65.4,0,0,0,,0.0,,0,0,0,0,0,0,,0,,0.0,1,1,6.0,0.9,0,0,0.0,0.0,0,1,,2,100.0,0,0,68.3,65.7,59.8,68.2,53.0,78.1,,0,0,2,0.0,39.6,0.0,0,0,0,0,0,0,0.0,0,0.0,0,,0,0,,,0,0,,,0,0,,0,0.0,0,0,,,,,,,,0,0,0,,0.0,,0,0,0,0,0,0,,0,,0.0
13,Trey Lance,91399,QB,LAC,1,-100.0,0,2,27,100.0,1,1,6.0,3.95,0,0,0.0,100.0,1,0,0.0,2,100.0,0,0,,69.1,50.8,72.6,60.5,,51.2,0,0,2,,104.2,0.0,0,1,0,0,0,0,0.0,9,9.0,100.0,1,1,6.0,3.95,0,0,0.0,100.0,1,0,0.0,2,100.0,0,0,,69.1,50.8,72.6,60.5,,51.2,0,0,2,,104.2,0.0,0,1,0,0,0,0,0.0,9,9.0,,0,0,,,0,0,,,0,0,,0,0.0,0,0,,,,,,,,0,0,0,,0.0,,0,0,0,0,0,0,,0,,0,,0,0,,,0,0,,,0,0,,0,0.0,0,0,,,,,,,,0,0,0,,0.0,,0,0,0,0,0,0,,0,,-9.0
13,Christian McCaffrey,11763,HB,SF,1,0.0,0,1,28,,0,1,,3.3,0,0,0.0,0.0,0,1,,1,100.0,0,0,64.7,77.5,56.6,77.6,60.0,62.7,55.2,0,0,1,0.0,39.6,0.0,0,0,0,1,0,0,0.0,0,0.0,,0,0,,,0,0,,,0,0,,0,0.0,0,0,68.3,77.4,58.2,77.7,,68.9,55.2,0,0,0,,0.0,,0,0,0,0,0,0,,0,,,0,1,,3.3,0,0,0.0,0.0,0,1,,1,100.0,0,0,68.3,65.7,62.1,68.9,60.0,66.8,,0,0,1,0.0,39.6,0.0,0,0,0,1,0,0,0.0,0,0.0,0,,0,0,,,0,0,,,0,0,,0,0.0,0,0,70.5,65.8,66.6,68.4,,74.8,,0,0,0,,0.0,,0,0,0,0,0,0,,0,,0.0
13,Dillon Gabriel,86272,QB,CLV,1,100.0,0,1,8,100.0,1,1,0.0,3.5,0,0,0.0,100.0,1,0,0.0,1,100.0,0,0,,60.4,60.3,64.6,60.1,,,0,0,1,,79.2,0.0,0,0,0,0,0,0,0.0,0,0.0,,0,0,,,0,0,,,0,0,,0,0.0,0,0,,,,,,,,0,0,0,,0.0,,0,0,0,0,0,0,,0,,100.0,1,1,0.0,3.5,0,0,0.0,100.0,1,0,0.0,1,100.0,0,0,,60.4,60.3,64.6,60.1,,,0,0,1,,79.2,0.0,0,0,0,0,0,0,0.0,0,0.0,0,,0,0,,,0,0,,,0,0,,0,0.0,0,0,,,,,,,,0,0,0,,0.0,,0,0,0,0,0,0,,0,,0.0
week,player,player_id,position,team_name,player_game_count,comp_pct_diff,declined_penalties,dropbacks,franchise_id,no_screen_accuracy_percent,no_screen_aimed_passes,no_screen_attempts,no_screen_avg_depth_of_target,no_screen_avg_time_to_throw,no_screen_bats,no_screen_big_time_throws,no_screen_btt_rate,no_screen_completion_percent,no_screen_completions,no_screen_def_gen_pressures,no_screen_drop_rate,no_screen_dropbacks,no_screen_dropbacks_percent,no_screen_drops,no_screen_first_downs,no_screen_grades_hands_fumble,no_screen_grades_offense,no_screen_grades_offense_penalty,no_screen_grades_pass,no_screen_grades_run,no_screen_hit_as_threw,no_screen_interceptions,no_screen_passing_snaps,no_screen_pressure_to_sack_rate,no_screen_qb_rating,no_screen_sack_percent,no_screen_sacks,no_screen_scrambles,no_screen_spikes,no_screen_thrown_aways,no_screen_touchdowns,no_screen_turnover_worthy_plays,no_screen_twp_rate,no_screen_yards,no_screen_ypa,npa_accuracy_percent,npa_aimed_passes,npa_attempts,npa_avg_depth_of_target,npa_avg_time_to_throw,npa_bats,npa_big_time_throws,npa_btt_rate,npa_completion_percent,npa_completions,npa_def_gen_pressures,npa_drop_rate,npa_dropbacks,npa_dropbacks_percent,npa_drops,npa_first_downs,npa_grades_hands_fumble,npa_grades_offense,npa_grades_offense_penalty,npa_grades_pass,npa_grades_run,npa_hit_as_threw,npa_interceptions,npa_passing_snaps,npa_pressure_to_sack_rate,npa_qb_rating,npa_sack_percent,npa_sacks,npa_scrambles,npa_spikes,npa_thrown_aways,npa_touchdowns,npa_turnover_worthy_plays,npa_twp_rate,npa_yards,npa_ypa,pa_accuracy_percent,pa_aimed_passes,pa_attempts,pa_avg_depth_of_target,pa_avg_time_to_throw,pa_bats,pa_big_time_throws,pa_btt_rate,pa_completion_percent,pa_completions,pa_def_gen_pressures,pa_drop_rate,pa_dropbacks,pa_dropbacks_percent,pa_drops,pa_first_downs,pa_grades_hands_fumble,pa_grades_offense,pa_grades_offense_penalty,pa_grades_pass,pa_grades_run,pa_hit_as_threw,pa_interceptions,pa_passing_snaps,pa_pressure_to_sack_rate,pa_qb_rating,pa_sack_percent,pa_sacks,pa_scrambles,pa_spikes,pa_thrown_aways,pa_touchdowns,pa_turnover_worthy_plays,pa_twp_rate,pa_yards,pa_ypa,penalties,screen_accuracy_percent,screen_aimed_passes,screen_attempts,screen_avg_depth_of_target,screen_avg_time_to_throw,screen_bats,screen_big_time_throws,screen_btt_rate,screen_completion_percent,screen_completions,screen_def_gen_pressures,screen_drop_rate,screen_dropbacks,screen_dropbacks_percent,screen_drops,screen_first_downs,screen_grades_hands_fumble,screen_grades_offense,screen_grades_offense_penalty,screen_grades_pass,screen_grades_run,screen_hit_as_threw,screen_interceptions,screen_passing_snaps,screen_pressure_to_sack_rate,screen_qb_rating,screen_sack_percent,screen_sacks,screen_scrambles,screen_spikes,screen_thrown_aways,screen_touchdowns,screen_turnover_worthy_plays,screen_twp_rate,screen_yards,screen_ypa,ypa_diff
14,Dak Prescott,10769,QB,DAL,1,25.96,0,54,9,69.6,46,46,11.2,2.86,0,3,5.8,67.4,31,22,3.1,53,98.1,1,18,29.8,67.8,79.7,64.9,71.2,0,2,59,22.7,81.4,9.4,5,2,0,0,1,2,3.4,376,8.2,64.1,39,39,10.7,2.6,0,1,2.3,61.5,24,16,4.0,43,79.6,1,12,80.3,65.7,79.2,63.8,62.6,0,2,48,25.0,70.9,9.3,4,0,0,0,1,1,2.1,284,7.3,87.5,8,8,11.0,3.77,0,2,22.2,87.5,7,6,0.0,11,20.4,0,6,17.9,69.2,72.9,65.6,66.4,0,0,12,16.7,114.6,9.1,1,2,0,0,0,1,8.3,92,11.5,0,0.0,1,1,-6.0,1.9,0,0,0.0,0.0,0,0,,1,1.9,0,0,60.4,60.2,64.6,60.0,,0,0,1,,39.6,0.0,0,0,0,0,0,0,0.0,0,0.0,4.22
14,Jacoby Brissett,10725,QB,ARZ,1,48.72,0,50,1,55.3,38,39,9.2,3.19,0,1,2.6,51.3,20,22,4.8,45,90.0,1,15,79.9,56.4,78.6,56.6,57.8,0,1,45,13.6,76.0,6.7,3,3,0,1,2,1,2.2,232,5.9,55.3,38,39,8.2,2.98,0,1,2.6,51.3,20,20,4.8,42,84.0,1,13,79.5,48.8,78.4,51.0,52.1,0,1,42,10.0,74.6,4.8,2,1,0,1,2,1,2.4,219,5.6,100.0,5,5,7.0,3.2,0,0,0.0,100.0,5,3,0.0,8,16.0,0,3,70.3,85.1,71.5,81.6,66.4,0,0,8,33.3,110.0,12.5,1,2,0,0,0,0,0.0,52,10.4,0,100.0,5,5,-0.8,1.46,0,0,0.0,100.0,5,1,0.0,5,10.0,0,1,68.0,65.3,69.9,64.7,,0,0,5,0.0,99.2,0.0,0,0,0,0,0,0,0.0,39,7.8,4.78
14,Shedeur Sanders,131396,QB,CLV,1,-13.13,0,47,8,62.1,29,34,10.8,3.75,1,3,8.3,52.9,18,25,0.0,39,83.0,0,13,29.0,78.3,78.8,74.4,72.3,0,1,41,8.0,97.7,5.1,2,3,0,4,3,2,4.9,280,8.2,70.4,27,33,8.8,3.51,2,3,8.6,57.6,19,22,0.0,37,78.7,0,12,28.6,86.3,78.7,84.4,64.2,0,0,39,9.1,115.7,5.4,2,2,0,4,3,0,0.0,280,8.5,57.1,7,9,8.0,3.89,0,0,0.0,44.4,4,8,0.0,10,21.3,0,3,71.4,43.4,72.3,37.2,65.6,1,1,10,0.0,38.4,0.0,0,1,0,1,0,2,20.0,84,9.3,0,100.0,5,8,-4.0,2.84,1,0,0.0,62.5,5,5,0.0,8,17.0,0,2,70.3,59.4,71.5,59.3,,1,0,8,0.0,97.9,0.0,0,0,0,1,0,0,0.0,84,10.5,0.85
14,Bo Nix,97790,QB,DEN,1,25.93,0,43,10,85.7,35,36,6.6,2.95,0,0,0.0,80.6,29,14,3.3,40,93.0,1,13,79.5,63.1,0.0,65.3,57.2,0,0,40,21.4,90.3,7.5,3,1,0,1,0,0,0.0,204,5.7,80.8,26,27,7.7,2.84,0,0,0.0,74.1,20,11,4.8,30,69.8,1,10,77.9,61.3,0.0,63.9,57.2,0,0,30,9.1,86.0,3.3,1,1,0,1,0,0,0.0,144,5.3,100.0,11,11,1.8,2.82,0,0,0.0,100.0,11,4,0.0,13,30.2,0,4,72.8,65.1,73.2,64.6,,0,0,13,50.0,92.4,15.4,2,0,0,0,0,0,0.0,68,6.2,0,100.0,2,2,-5.0,1.3,0,0,0.0,100.0,2,1,0.0,3,7.0,0,1,65.5,59.7,68.2,59.7,,0,0,3,0.0,83.3,0.0,0,0,0,0,0,0,0.0,8,4.0,0.85
14,Jalen Hurts,40291,QB,PHI,1,-14.84,0,43,24,60.6,33,37,12.0,3.11,0,2,5.1,48.6,18,17,10.0,40,93.0,2,12,44.0,47.7,79.2,44.8,66.1,2,4,44,5.9,29.3,2.5,1,2,0,2,0,4,9.1,233,6.3,66.7,24,26,9.2,2.59,0,2,7.1,57.7,15,11,6.3,28,65.1,1,7,34.1,46.8,78.5,45.8,59.0,1,2,32,9.1,41.0,3.6,1,1,0,1,0,3,9.4,143,5.5,58.3,12,14,13.8,3.73,0,0,0.0,42.9,6,7,14.3,15,34.9,1,5,73.5,57.1,73.7,52.5,65.9,1,2,15,0.0,27.1,0.0,0,1,0,1,0,1,6.7,97,6.9,0,100.0,3,3,-3.0,1.4,0,0,0.0,100.0,3,1,0.0,3,7.0,0,0,65.5,63.5,68.2,63.1,,0,0,3,0.0,79.2,0.0,0,0,0,0,0,0,0.0,7,2.3,1.43
14,Patrick Mahomes,11765,QB,KC,1,-12.5,0,42,16,61.5,26,30,10.9,3.46,0,2,6.7,36.7,11,20,31.3,38,90.5,5,9,78.7,65.3,78.8,58.5,76.6,1,3,38,10.0,12.6,5.3,2,6,1,2,0,2,5.3,141,4.7,75.0,20,24,7.6,3.18,0,2,8.3,45.8,11,15,26.7,30,71.4,4,7,77.4,62.4,78.3,60.3,64.1,1,3,30,13.3,17.5,6.7,2,4,1,2,0,2,6.7,97,4.0,44.4,9,9,13.6,3.64,0,0,0.0,33.3,3,6,25.0,12,28.6,1,2,72.4,67.3,72.9,57.6,74.8,0,0,12,0.0,59.0,0.0,0,3,0,0,0,0,0.0,63,7.0,0,100.0,3,3,-3.3,1.93,0,0,0.0,100.0,3,1,0.0,4,9.5,0,0,66.9,59.7,69.2,63.1,58.3,0,0,4,0.0,93.1,0.0,0,1,0,0,0,0,0.0,19,6.3,2.96
14,Lamar Jackson,46416,QB,BLT,1,16.67,0,42,3,69.2,26,32,10.8,3.34,1,1,2.9,50.0,16,16,11.1,39,92.9,2,11,79.7,76.1,79.6,74.4,65.8,3,1,42,12.5,68.2,5.1,2,5,2,0,1,1,2.4,208,6.5,75.0,20,26,11.1,3.24,1,1,3.4,50.0,13,10,13.3,31,73.8,2,9,78.6,74.3,79.2,70.1,71.0,3,1,34,20.0,68.9,6.5,2,3,2,0,1,1,2.9,177,6.8,66.7,9,9,6.2,3.2,0,0,0.0,66.7,6,6,0.0,11,26.2,0,2,71.9,72.2,72.6,76.5,54.5,0,0,11,0.0,77.1,0.0,0,2,0,0,0,0,0.0,42,4.7,0,100.0,3,3,-1.0,1.77,0,0,0.0,100.0,3,0,0.0,3,7.1,0,0,65.5,63.7,68.2,63.3,,0,0,3,,81.9,0.0,0,0,0,0,0,0,0.0,11,3.7,-2.14
14,Justin Herbert,28237,QB,LAC,1,17.14,0,41,27,59.1,22,25,11.7,3.65,0,1,3.7,48.0,12,26,7.7,40,97.6,1,8,22.0,46.5,79.4,37.6,70.8,1,1,42,26.9,61.9,17.5,7,8,0,2,1,2,4.8,139,5.6,50.0,20,21,11.4,3.45,0,0,0.0,42.9,9,19,10.0,34,82.9,1,6,28.0,44.6,79.1,34.1,70.8,1,1,36,26.3,54.1,14.7,5,8,0,0,1,1,2.8,102,4.9,100.0,3,5,8.7,4.4,0,1,20.0,60.0,3,7,0.0,7,17.1,0,2,16.7,57.5,71.1,57.6,,0,0,7,28.6,82.9,28.6,2,0,0,2,0,1,14.3,37,7.4,0,0.0,1,1,-5.0,2.0,0,0,0.0,0.0,0,0,,1,2.4,0,0,60.4,56.1,64.6,57.2,,0,0,1,,39.6,0.0,0,0,0,0,0,0,0.0,0,0.0,2.54
14,Caleb Williams,144622,QB,CHI,1,25.17,0,39,6,69.6,23,30,9.3,3.98,0,2,6.7,50.0,15,14,6.3,34,87.2,1,12,78.5,59.6,79.0,60.5,55.2,0,1,35,7.1,75.8,2.9,1,3,0,7,2,2,5.7,171,5.7,50.0,10,13,3.3,2.93,0,0,0.0,38.5,5,6,0.0,15,38.5,0,3,74.3,41.7,77.7,40.4,54.6,0,0,16,16.7,47.6,6.7,1,1,0,3,0,1,6.3,42,3.2,83.3,18,22,8.9,4.15,0,2,9.1,63.6,14,8,6.7,24,61.5,1,11,76.1,75.3,75.3,74.9,59.7,0,1,24,0.0,93.8,0.0,0,2,0,4,2,1,4.2,144,6.5,0,80.0,5,5,-4.4,1.66,0,0,0.0,80.0,4,0,0.0,5,12.8,0,2,68.0,64.9,69.9,64.4,,0,0,5,,79.2,0.0,0,0,0,0,0,0,0.0,15,3.0,3.32
14,Joe Burrow,28022,QB,CIN,1,-3.33,0,38,7,72.7,33,33,10.7,2.72,0,5,13.9,66.7,22,9,8.3,34,89.5,2,18,78.6,83.8,78.4,81.7,,0,2,38,11.1,106.6,2.9,1,0,0,0,4,1,2.6,274,8.3,76.7,30,30,9.8,2.61,0,5,15.6,70.0,21,9,8.7,31,81.6,2,16,77.9,90.1,78.1,88.0,,0,2,34,11.1,107.1,3.2,1,0,0,0,4,1,2.9,251,8.4,66.7,6,6,8.8,2.29,0,0,0.0,66.7,4,0,0.0,7,18.4,0,2,70.3,48.9,71.5,49.7,,0,0,8,,80.6,0.0,0,0,0,0,0,0,0.0,33,5.5,0,100.0,3,3,-2.3,1.1,0,0,0.0,100.0,3,0,0.0,4,10.5,0,0,66.9,61.4,69.2,61.2,,0,0,4,,80.6,0.0,0,0,0,0,0,0,0.0,10,3.3,-2.87
14,Josh Allen,46601,QB,BUF,1,-3.08,0,36,4,85.7,21,23,7.0,3.57,0,1,3.8,78.3,18,12,0.0,31,86.1,0,15,79.0,91.3,78.6,79.8,91.4,1,0,34,25.0,143.8,9.7,3,5,0,1,3,2,5.9,207,9.0,85.7,14,15,5.6,3.03,0,1,6.3,80.0,12,6,0.0,19,52.8,0,9,76.5,91.6,77.7,77.9,91.0,1,0,20,0.0,138.5,0.0,0,4,0,0,2,1,5.0,116,7.7,83.3,12,13,4.3,3.48,0,0,0.0,76.9,10,6,0.0,17,47.2,0,8,74.8,74.3,74.5,70.8,64.0,0,0,19,50.0,135.1,17.6,3,1,0,1,1,1,5.3,135,10.4,0,80.0,5,5,-3.4,1.2,0,0,0.0,80.0,4,0,0.0,5,13.9,0,2,68.0,57.6,69.9,57.7,,0,0,5,,103.3,0.0,0,0,0,0,0,0,0.0,44,8.8,2.65
14,Brady Cook,124199,QB,NYJ,1,3.85,0,36,22,55.6,27,27,10.9,2.98,0,1,3.6,40.7,11,10,26.7,33,91.7,4,7,21.9,29.5,78.0,34.3,60.0,0,2,34,60.0,27.9,18.2,6,0,0,0,0,4,11.8,147,5.4,57.7,26,26,10.4,2.89,0,1,3.6,46.2,12,9,20.0,31,86.1,3,7,33.7,41.7,77.9,46.7,60.0,0,2,33,55.6,30.8,16.1,5,0,0,0,0,2,6.1,139,5.3,75.0,4,4,2.3,2.36,0,0,0.0,50.0,2,1,33.3,5,13.9,1,1,15.1,23.7,69.9,25.0,,0,0,5,100.0,68.8,20.0,1,0,0,0,0,2,40.0,24,6.0,0,100.0,3,3,-4.3,1.07,0,0,0.0,100.0,3,0,0.0,3,8.3,0,1,66.9,64.9,69.2,64.4,,0,0,4,,88.9,0.0,0,0,0,0,0,0,0.0,16,5.3,0.65
14,Jared Goff,10635,QB,DET,1,-5.0,0,36,11,81.5,27,30,9.6,2.44,0,1,3.0,73.3,22,12,0.0,31,86.1,0,10,78.6,71.2,78.6,69.9,60.0,1,0,34,8.3,115.4,3.2,1,0,0,2,1,0,0.0,296,9.9,78.3,23,24,8.5,2.04,0,1,3.7,75.0,18,7,0.0,26,72.2,0,7,77.7,65.0,78.3,63.9,60.0,0,0,29,14.3,111.3,3.8,1,0,0,1,1,0,0.0,189,7.9,100.0,7,10,6.9,2.98,0,0,0.0,70.0,7,6,0.0,10,27.8,0,3,71.9,77.0,72.6,75.6,,1,0,11,0.0,110.4,0.0,0,0,0,2,0,0,0.0,120,12.0,0,100.0,3,4,-4.7,1.46,0,0,0.0,75.0,3,1,0.0,5,13.9,0,0,68.9,59.9,70.6,59.8,,0,0,6,0.0,78.1,0.0,0,0,0,1,0,0,0.0,13,3.3,4.12
14,Baker Mayfield,46518,QB,TB,1,50.93,0,36,30,50.0,22,24,11.9,3.21,1,0,0.0,41.7,10,9,9.1,30,83.3,1,5,77.9,35.5,79.2,31.2,62.3,1,1,33,0.0,32.6,0.0,0,6,0,0,0,3,9.1,76,3.2,47.4,19,23,12.4,3.1,2,0,0.0,34.8,8,8,11.1,28,77.8,1,3,77.6,34.4,79.1,31.8,58.9,1,1,31,0.0,25.5,0.0,0,5,0,1,0,3,9.7,49,2.1,85.7,7,7,1.4,2.56,0,0,0.0,85.7,6,2,0.0,8,22.2,0,4,70.9,60.4,71.9,56.2,63.1,0,0,9,0.0,149.7,0.0,0,1,0,0,1,0,0.0,73,10.4,0,100.0,4,6,-3.8,1.83,1,0,0.0,66.7,4,1,0.0,6,16.7,0,2,69.6,61.1,71.1,60.9,,0,0,7,0.0,129.2,0.0,0,0,0,1,1,0,0.0,46,7.7,8.3
14,C.J. Stroud,129759,QB,HST,1,29.76,0,35,13,61.5,26,30,11.3,3.18,2,2,6.1,50.0,15,22,6.3,34,97.1,1,7,79.0,59.3,0.0,59.7,62.6,0,0,38,13.6,83.1,8.8,3,1,0,2,1,0,0.0,203,6.8,55.0,20,24,10.8,2.96,2,1,3.7,41.7,10,20,9.1,27,77.1,1,5,77.6,51.0,0.0,50.8,62.6,0,0,30,15.0,67.4,11.1,3,0,0,2,1,0,0.0,96,4.0,83.3,6,7,13.2,3.71,0,1,14.3,71.4,5,3,0.0,8,22.9,0,2,70.9,79.4,71.9,81.3,58.3,0,0,9,0.0,113.7,0.0,0,1,0,1,0,0,0.0,107,15.3,0,,0,1,,1.6,0,0,0.0,0.0,0,1,,1,2.9,0,0,60.4,60.0,64.6,60.0,,0,0,1,0.0,39.6,0.0,0,0,0,1,0,0,0.0,0,0.0,11.29
14,Aaron Rodgers,2241,QB,PIT,1,-21.43,0,35,25,67.9,28,30,8.0,2.79,1,5,16.7,63.3,19,11,0.0,31,88.6,0,8,77.8,88.7,0.0,88.3,63.8,0,0,31,0.0,104.2,0.0,0,1,0,1,1,0,0.0,275,9.2,76.9,26,28,4.9,2.48,1,4,13.8,71.4,20,7,0.0,28,80.0,0,6,77.4,85.0,0.0,85.7,60.0,0,0,29,0.0,107.0,0.0,0,0,0,1,1,0,0.0,225,8.0,50.0,6,6,12.5,3.19,0,1,16.7,50.0,3,4,0.0,7,20.0,0,2,69.6,78.8,71.1,75.4,62.6,0,0,7,0.0,84.7,0.0,0,1,0,0,0,0,0.0,59,9.8,0,100.0,4,4,-5.3,1.25,0,0,0.0,100.0,4,0,0.0,4,11.4,0,0,68.0,65.3,69.9,64.7,,0,0,5,,79.2,0.0,0,0,0,0,0,0,0.0,9,2.3,1.79
14,Sam Darnold,29048,QB,SEA,1,-10.0,0,35,29,75.0,28,29,9.6,3.12,0,1,3.4,65.5,19,9,9.5,33,94.3,2,12,78.2,73.4,78.1,72.0,62.6,1,1,33,22.2,112.7,6.1,2,2,0,0,3,1,3.0,250,8.6,78.9,19,20,8.3,2.86,0,1,5.0,70.0,14,7,6.7,24,68.6,1,7,76.4,80.1,77.4,79.1,62.6,1,0,24,14.3,106.5,4.2,1,2,0,0,1,0,0.0,141,7.1,70.0,10,10,11.0,3.31,0,0,0.0,60.0,6,2,14.3,11,31.4,1,5,72.4,54.7,72.9,55.0,,0,1,12,50.0,97.1,9.1,1,0,0,0,2,1,8.3,108,10.8,0,100.0,1,1,-3.0,1.0,0,0,0.0,100.0,1,0,0.0,2,5.7,0,0,65.5,60.0,68.2,59.9,,0,0,3,,79.2,0.0,0,0,0,0,0,0,0.0,-1,-1.0,3.75
14,Trevor Lawrence,77632,QB,JAX,1,-9.09,0,32,15,68.0,25,26,13.9,2.89,0,4,14.8,53.8,14,8,17.6,28,87.5,3,11,77.7,91.0,78.4,89.1,72.1,1,0,29,0.0,108.3,0.0,0,2,0,0,2,0,0.0,223,8.6,71.4,21,22,11.5,2.65,0,4,18.2,59.1,13,7,13.3,24,75.0,2,9,76.7,92.5,78.0,91.3,72.1,1,0,24,0.0,122.7,0.0,0,2,0,0,2,0,0.0,217,9.9,62.5,8,8,11.9,2.79,0,0,0.0,50.0,4,2,20.0,8,25.0,1,2,70.9,60.4,71.9,60.2,,0,0,9,0.0,57.8,0.0,0,0,0,0,0,0,0.0,27,3.4,0,75.0,4,4,-2.8,1.28,0,0,0.0,75.0,3,1,0.0,4,12.5,0,0,66.9,56.4,69.2,56.7,,0,0,4,0.0,86.5,0.0,0,0,0,0,0,0,0.0,21,5.3,-6.48
14,Kirk Cousins,7102,QB,ATL,1,27.95,0,32,2,52.4,21,23,10.9,2.61,0,2,8.0,43.5,10,9,9.1,24,75.0,1,6,76.6,62.5,78.5,61.5,,0,1,26,11.1,44.1,4.2,1,0,0,2,0,0,0.0,132,5.7,54.5,22,23,8.7,2.35,1,2,8.0,43.5,10,7,16.7,25,78.1,2,4,76.8,59.8,78.5,58.9,,0,2,27,14.3,18.9,4.0,1,0,0,0,0,0,0.0,93,4.0,100.0,5,7,4.6,2.39,0,0,0.0,71.4,5,2,0.0,7,21.9,0,2,69.6,69.1,71.1,68.3,,0,0,7,0.0,102.7,0.0,0,0,0,2,0,0,0.0,69,9.9,0,100.0,6,7,-2.5,1.59,1,0,0.0,71.4,5,0,16.7,8,25.0,1,0,70.3,61.5,71.5,61.2,,0,1,8,,39.9,0.0,0,0,0,0,0,0,0.0,30,4.3,5.82
14,Matthew Stafford,4924,QB,LA,1,-1.43,0,31,26,75.0,28,29,9.1,2.41,0,6,19.4,72.4,21,4,0.0,29,93.5,0,13,77.6,94.1,78.5,93.1,,0,0,31,0.0,135.3,0.0,0,0,0,1,3,0,0.0,267,9.2,75.0,20,21,9.6,2.1,0,6,27.3,71.4,15,3,0.0,21,67.7,0,10,75.6,97.1,77.9,96.1,,0,0,22,0.0,140.5,0.0,0,0,0,1,3,0,0.0,198,9.4,70.0,10,10,6.0,2.98,0,0,0.0,70.0,7,1,0.0,10,32.3,0,3,71.9,60.4,72.6,60.3,,0,0,11,0.0,95.0,0.0,0,0,0,0,0,0,0.0,83,8.3,0,50.0,2,2,-2.0,1.9,0,0,0.0,50.0,1,0,0.0,2,6.5,0,0,63.6,62.6,66.9,62.2,,0,0,2,,72.9,0.0,0,0,0,0,0,0,0.0,14,7.0,-1.13
14,Riley Leonard,143862,QB,IND,1,-2.5,0,31,14,62.5,24,26,8.2,2.86,1,2,6.5,57.7,15,12,0.0,28,90.3,0,9,78.2,54.9,78.1,52.7,66.4,1,1,33,8.3,56.6,3.6,1,1,0,0,0,3,9.1,140,5.4,65.2,23,24,6.1,2.64,1,2,7.1,62.5,15,10,0.0,26,83.9,0,8,77.6,56.5,77.9,53.9,66.4,0,1,30,10.0,56.9,3.8,1,1,0,0,0,3,10.0,116,4.8,75.0,4,5,12.0,2.9,0,0,0.0,60.0,3,2,0.0,5,16.1,0,1,68.9,56.4,70.6,56.6,,1,0,6,0.0,76.3,0.0,0,0,0,0,0,0,0.0,29,5.8,0,100.0,3,3,-2.7,1.0,0,0,0.0,100.0,3,0,0.0,3,9.7,0,0,65.5,63.8,68.2,63.4,,0,0,3,,79.2,0.0,0,0,0,0,0,0,0.0,5,1.7,0.97
14,Cam Ward,133244,QB,TEN,1,7.49,0,30,31,50.0,18,21,8.4,2.89,0,1,4.5,42.9,9,13,0.0,22,73.3,0,5,76.5,53.7,78.6,52.1,60.3,0,1,23,7.7,65.2,4.5,1,0,0,3,2,1,4.3,78,3.7,50.0,16,17,8.0,2.55,1,1,5.9,47.1,8,7,0.0,18,60.0,0,4,75.3,52.4,78.3,50.4,60.3,0,1,18,14.3,57.0,5.6,1,0,0,0,1,1,5.6,84,4.9,75.0,8,11,0.8,2.54,0,0,0.0,54.5,6,7,0.0,12,40.0,0,2,72.8,57.7,73.2,57.7,,0,0,13,0.0,90.3,0.0,0,0,0,3,1,0,0.0,33,3.0,0,83.3,6,7,-3.0,1.6,1,0,0.0,71.4,5,1,0.0,8,26.7,0,1,70.3,55.6,71.5,55.8,,0,0,8,0.0,84.8,0.0,0,0,0,0,0,0,0.0,39,5.6,-1.94
14,J.J. McCarthy,144918,QB,MIN,1,-26.47,0,29,18,72.2,18,19,9.8,3.17,1,2,10.0,63.2,12,11,7.7,25,86.2,1,14,77.7,78.4,78.6,72.8,74.5,0,0,26,36.4,124.6,16.0,4,2,0,0,3,0,0.0,138,7.3,81.3,16,17,4.4,2.91,1,2,11.1,76.5,13,7,0.0,22,75.9,0,12,77.1,77.1,78.5,70.8,74.5,0,0,23,42.9,136.4,13.6,3,2,0,0,2,0,0.0,128,7.5,66.7,6,6,16.0,3.19,0,0,0.0,50.0,3,5,25.0,7,24.1,1,3,70.3,71.0,71.5,70.0,,0,0,8,20.0,107.6,14.3,1,0,0,0,1,0,0.0,35,5.8,0,100.0,4,4,-2.8,1.8,0,0,0.0,100.0,4,1,0.0,4,13.8,0,1,68.0,65.1,69.9,64.6,,0,0,5,0.0,92.7,0.0,0,0,0,0,0,0,0.0,25,6.3,-1.7
14,Geno Smith,7820,QB,LV,1,16.18,0,26,23,82.4,17,19,8.9,3.05,0,0,0.0,68.4,13,11,7.1,24,92.3,1,7,76.3,62.5,76.7,63.0,58.3,1,0,25,27.3,102.1,12.5,3,1,0,1,1,0,0.0,116,6.1,73.3,15,17,8.2,3.0,0,0,0.0,58.8,10,11,9.1,21,80.8,1,6,75.6,52.9,76.4,53.8,58.3,1,0,22,27.3,93.3,14.3,3,1,0,1,1,1,4.5,92,5.4,100.0,3,4,7.7,3.08,0,0,0.0,75.0,3,1,0.0,5,19.2,0,1,68.0,67.7,69.9,66.9,,0,0,5,0.0,89.6,0.0,0,0,0,1,0,0,0.0,24,6.0,0,0.0,1,2,-6.0,2.6,0,0,0.0,0.0,0,1,,2,7.7,0,0,63.6,36.9,66.9,39.7,,0,0,2,0.0,39.6,0.0,0,0,0,1,0,1,50.0,0,0.0,0.59
14,Jordan Love,40306,QB,GB,1,4.76,0,26,12,73.9,23,25,12.8,2.9,0,3,11.5,68.0,17,9,0.0,26,100.0,0,9,77.1,90.4,78.3,89.3,60.0,0,1,27,11.1,120.7,3.8,1,0,0,2,3,1,3.7,234,9.4,66.7,18,18,14.2,2.81,0,2,10.5,66.7,12,6,0.0,19,73.1,0,5,75.5,81.8,77.7,80.3,60.0,0,1,20,16.7,104.9,5.3,1,0,0,0,2,1,5.0,144,8.0,100.0,5,7,7.8,3.14,0,1,14.3,71.4,5,3,0.0,7,26.9,0,4,69.6,91.1,71.1,90.0,,0,0,7,0.0,153.3,0.0,0,0,0,2,1,0,0.0,90,12.9,0,,0,0,,,0,0,,,0,0,,0,0.0,0,0,,,,,,0,0,0,,0.0,,0,0,0,0,0,0,,0,,4.86
14,Jayden Daniels,97993,QB,WAS,1,-13.73,0,25,32,66.7,9,15,6.3,3.38,1,1,6.3,33.3,5,11,16.7,20,80.0,1,4,75.4,59.9,76.6,64.8,49.8,0,0,22,9.1,46.5,5.0,1,4,0,5,0,0,0.0,60,4.0,69.2,13,17,2.7,3.1,0,1,5.6,47.1,8,10,11.1,22,88.0,1,4,75.9,53.9,76.7,58.0,49.8,0,1,23,10.0,33.2,4.5,1,4,0,4,0,1,4.3,67,3.9,100.0,1,3,6.0,2.83,1,0,0.0,33.3,1,1,0.0,3,12.0,0,1,65.5,64.5,69.2,64.0,,0,0,4,0.0,45.1,0.0,0,0,0,1,0,0,0.0,11,3.7,0,80.0,5,5,-3.2,1.84,0,0,0.0,80.0,4,0,0.0,5,20.0,0,1,68.0,46.3,69.9,47.3,,0,1,5,,42.1,0.0,0,0,0,0,0,1,20.0,18,3.6,-0.27
14,Tyler Shough,83537,QB,NO,1,-76.47,0,24,20,78.9,19,20,8.6,2.9,1,0,0.0,65.0,13,9,13.3,24,100.0,2,10,78.2,83.7,78.7,74.8,82.4,0,1,26,33.3,65.4,12.5,3,1,0,0,0,0,0.0,144,7.2,82.4,17,17,9.5,2.9,0,0,0.0,76.5,13,9,7.1,21,87.5,1,10,77.5,82.7,78.4,73.1,82.4,0,1,22,33.3,76.6,14.3,3,1,0,0,0,0,0.0,144,8.5,50.0,2,3,1.0,2.87,1,0,0.0,0.0,0,0,100.0,3,12.5,1,0,66.9,70.3,69.2,69.3,,0,0,4,,39.6,0.0,0,0,0,0,0,0,0.0,0,0.0,0,,0,0,,,0,0,,,0,0,,0,0.0,0,0,,,,,,0,0,0,,0.0,,0,0,0,0,0,0,,0,,-8.47
14,Tua Tagovailoa,60326,QB,MIA,1,22.73,0,22,17,66.7,18,18,6.4,2.53,0,0,0.0,61.1,11,6,8.3,19,86.4,1,8,74.8,54.2,78.5,53.6,60.0,0,0,19,16.7,100.7,5.3,1,0,0,0,1,1,5.3,126,7.0,55.6,9,10,4.1,1.87,0,0,0.0,50.0,5,4,0.0,11,50.0,0,3,72.4,34.6,78.0,31.9,60.0,0,0,12,25.0,60.0,9.1,1,0,0,1,0,1,8.3,39,3.9,81.8,11,11,6.5,2.84,0,0,0.0,72.7,8,2,11.1,11,50.0,1,5,71.9,79.1,72.6,77.4,,0,0,11,0.0,126.3,0.0,0,0,0,0,1,0,0.0,88,8.0,0,100.0,2,3,-3.0,1.23,0,0,0.0,66.7,2,0,0.0,3,13.6,0,0,66.9,61.1,69.2,60.9,,0,0,4,,70.1,0.0,0,0,0,1,0,0,0.0,1,0.3,4.1
14,Kenny Pickett,60515,QB,LV,1,-72.73,0,13,23,90.0,10,11,9.7,2.78,0,1,8.3,72.7,8,7,11.1,13,100.0,1,5,73.2,86.0,73.5,82.4,63.3,0,0,14,14.3,129.7,7.7,1,1,1,0,1,0,0.0,97,8.8,90.0,10,11,9.7,2.78,0,1,8.3,72.7,8,7,11.1,13,100.0,1,5,73.2,86.0,73.5,82.4,63.3,0,0,14,14.3,129.7,7.7,1,1,1,0,1,0,0.0,97,8.8,,0,0,,,0,0,,,0,0,,0,0.0,0,0,,,,,,0,0,0,,0.0,,0,0,0,0,0,0,,0,,0,,0,0,,,0,0,,,0,0,,0,0.0,0,0,,,,,,0,0,0,,0.0,,0,0,0,0,0,0,,0,,-8.82
14,Daniel Jones,39395,QB,IND,1,-66.67,0,8,14,71.4,7,7,9.3,2.71,0,0,0.0,71.4,5,2,0.0,8,100.0,0,4,71.4,36.9,74.1,38.3,58.3,0,1,10,0.0,57.7,0.0,0,1,0,0,0,1,10.0,60,8.6,100.0,4,4,9.8,2.4,0,0,0.0,100.0,4,2,0.0,4,50.0,0,3,68.0,75.2,72.9,74.0,,0,0,5,0.0,112.5,0.0,0,0,0,0,0,0,0.0,44,11.0,33.3,3,3,8.7,3.03,0,0,0.0,33.3,1,0,0.0,4,50.0,0,1,68.0,22.7,69.9,23.4,58.3,0,1,5,,12.5,0.0,0,1,0,0,0,1,20.0,16,5.3,0,,0,0,,,0,0,,,0,0,,0,0.0,0,0,,,,,,0,0,0,,0.0,,0,0,0,0,0,0,,0,,-5.67
14,Marcus Mariota,9435,QB,WAS,1,100.0,0,7,32,50.0,4,4,14.8,3.16,0,0,0.0,50.0,2,2,0.0,7,100.0,0,2,16.7,23.0,73.2,29.6,29.5,0,1,7,50.0,35.4,14.3,1,2,0,0,0,2,28.6,30,7.5,0.0,2,2,15.0,3.36,0,0,0.0,0.0,0,2,,5,71.4,0,0,15.1,16.0,72.6,21.0,29.5,0,1,5,50.0,0.0,20.0,1,2,0,0,0,2,40.0,0,0.0,100.0,2,2,14.5,2.65,0,0,0.0,100.0,2,0,0.0,2,28.6,0,2,63.6,82.7,66.9,80.5,,0,0,2,,118.8,0.0,0,0,0,0,0,0,0.0,30,15.0,0,,0,0,,,0,0,,,0,0,,0,0.0,0,0,,,,,,0,0,0,,0.0,,0,0,0,0,0,0,,0,,15.0
14,Tyrod Taylor,6332,QB,NYJ,1,50.0,0,4,22,66.7,3,4,3.0,3.2,0,0,0.0,25.0,1,1,50.0,4,100.0,1,0,66.9,29.6,70.6,30.9,,0,1,4,0.0,0.0,0.0,0,0,0,1,0,1,25.0,6,1.5,50.0,2,2,4.0,2.1,0,0,0.0,0.0,0,0,100.0,2,50.0,1,0,63.6,28.3,69.2,29.3,,0,1,2,,0.0,0.0,0,0,0,0,0,1,50.0,0,0.0,100.0,1,2,1.0,4.3,0,0,0.0,50.0,1,1,0.0,2,50.0,0,0,63.6,58.9,66.9,59.0,,0,0,2,0.0,56.3,0.0,0,0,0,1,0,0,0.0,6,3.0,0,,0,0,,,0,0,,,0,0,,0,0.0,0,0,,,,,,0,0,0,,0.0,,0,0,0,0,0,0,,0,,3.0
14,Nick Mullens,12282,QB,JAX,1,-100.0,0,1,15,,0,0,,,0,0,,,0,0,,0,0.0,0,0,67.2,61.5,69.9,,60.5,0,0,0,,0.0,,0,0,0,0,0,0,,0,,100.0,1,1,-1.0,2.3,0,0,0.0,100.0,1,0,0.0,1,100.0,0,0,68.2,62.5,70.6,60.4,60.5,0,0,1,,79.2,0.0,0,0,0,0,0,0,0.0,3,3.0,,0,0,,,0,0,,,0,0,,0,0.0,0,0,,,,,,0,0,0,,0.0,,0,0,0,0,0,0,,0,,0,100.0,1,1,-1.0,2.3,0,0,0.0,100.0,1,0,0.0,1,100.0,0,0,60.4,60.5,64.6,60.4,,0,0,1,,79.2,0.0,0,0,0,0,0,0,0.0,3,3.0,-3.0
week,player,player_id,position,team_name,player_game_count,comp_pct_diff,declined_penalties,dropbacks,franchise_id,no_screen_accuracy_percent,no_screen_aimed_passes,no_screen_attempts,no_screen_avg_depth_of_target,no_screen_avg_time_to_throw,no_screen_bats,no_screen_big_time_throws,no_screen_btt_rate,no_screen_completion_percent,no_screen_completions,no_screen_def_gen_pressures,no_screen_drop_rate,no_screen_dropbacks,no_screen_dropbacks_percent,no_screen_drops,no_screen_first_downs,no_screen_grades_hands_fumble,no_screen_grades_offense,no_screen_grades_offense_penalty,no_screen_grades_pass,no_screen_grades_run,no_screen_hit_as_threw,no_screen_interceptions,no_screen_passing_snaps,no_screen_pressure_to_sack_rate,no_screen_qb_rating,no_screen_sack_percent,no_screen_sacks,no_screen_scrambles,no_screen_spikes,no_screen_thrown_aways,no_screen_touchdowns,no_screen_turnover_worthy_plays,no_screen_twp_rate,no_screen_yards,no_screen_ypa,npa_accuracy_percent,npa_aimed_passes,npa_attempts,npa_avg_depth_of_target,npa_avg_time_to_throw,npa_bats,npa_big_time_throws,npa_btt_rate,npa_completion_percent,npa_completions,npa_def_gen_pressures,npa_drop_rate,npa_dropbacks,npa_dropbacks_percent,npa_drops,npa_first_downs,npa_grades_hands_fumble,npa_grades_offense,npa_grades_offense_penalty,npa_grades_pass,npa_grades_run,npa_hit_as_threw,npa_interceptions,npa_passing_snaps,npa_pressure_to_sack_rate,npa_qb_rating,npa_sack_percent,npa_sacks,npa_scrambles,npa_spikes,npa_thrown_aways,npa_touchdowns,npa_turnover_worthy_plays,npa_twp_rate,npa_yards,npa_ypa,pa_accuracy_percent,pa_aimed_passes,pa_attempts,pa_avg_depth_of_target,pa_avg_time_to_throw,pa_bats,pa_big_time_throws,pa_btt_rate,pa_completion_percent,pa_completions,pa_def_gen_pressures,pa_drop_rate,pa_dropbacks,pa_dropbacks_percent,pa_drops,pa_first_downs,pa_grades_hands_fumble,pa_grades_offense,pa_grades_offense_penalty,pa_grades_pass,pa_grades_run,pa_hit_as_threw,pa_interceptions,pa_passing_snaps,pa_pressure_to_sack_rate,pa_qb_rating,pa_sack_percent,pa_sacks,pa_scrambles,pa_spikes,pa_thrown_aways,pa_touchdowns,pa_turnover_worthy_plays,pa_twp_rate,pa_yards,pa_ypa,penalties,screen_accuracy_percent,screen_aimed_passes,screen_attempts,screen_avg_depth_of_target,screen_avg_time_to_throw,screen_bats,screen_big_time_throws,screen_btt_rate,screen_completion_percent,screen_completions,screen_def_gen_pressures,screen_drop_rate,screen_dropbacks,screen_dropbacks_percent,screen_drops,screen_first_downs,screen_grades_hands_fumble,screen_grades_offense,screen_grades_offense_penalty,screen_grades_pass,screen_grades_run,screen_hit_as_threw,screen_interceptions,screen_passing_snaps,screen_pressure_to_sack_rate,screen_qb_rating,screen_sack_percent,screen_sacks,screen_scrambles,screen_spikes,screen_thrown_aways,screen_touchdowns,screen_turnover_worthy_plays,screen_twp_rate,screen_yards,screen_ypa,ypa_diff
15,Jordan Love,40306,QB,GB,1,-20.07,0,46,12,69.7,33,37,12.1,3.03,0,2,5.1,59.5,22,25,4.3,43,93.5,1,14,79.8,68.7,79.0,63.4,78.1,1,2,45,12.0,68.8,7.0,3,3,0,3,1,2,4.4,272,7.4,72.4,29,31,9.1,2.83,0,1,3.1,64.5,20,21,4.8,36,78.3,1,11,78.6,70.1,78.5,65.3,74.5,1,1,37,14.3,84.9,8.3,3,2,0,1,1,1,2.7,236,7.6,71.4,7,9,18.1,3.29,0,1,10.0,44.4,4,6,20.0,10,21.7,1,3,71.9,61.7,72.6,58.3,63.1,0,1,11,0.0,18.1,0.0,0,1,0,2,0,1,9.1,40,4.4,0,100.0,3,3,-3.3,1.4,0,0,0.0,66.7,2,2,33.3,3,6.5,1,0,65.5,63.9,68.2,63.5,,0,0,3,0.0,70.1,0.0,0,0,0,0,0,0,0.0,4,1.3,-3.17
15,Kirk Cousins,7102,QB,ATL,1,-30.12,0,45,2,74.4,39,42,9.4,2.74,0,4,8.7,66.7,28,19,3.4,43,95.6,1,18,29.9,78.1,0.0,78.0,,0,0,47,5.3,117.0,2.3,1,0,1,2,3,1,2.1,358,8.5,82.4,34,37,8.3,2.56,0,4,9.8,73.0,27,15,3.6,38,84.4,1,16,28.9,82.8,0.0,82.6,,0,0,42,6.7,125.7,2.6,1,0,1,2,3,1,2.4,318,8.6,42.9,7,7,11.0,3.4,0,0,0.0,42.9,3,4,0.0,7,15.6,0,3,69.6,53.3,71.1,53.8,,0,0,7,0.0,70.5,0.0,0,0,0,0,0,0,0.0,55,7.9,0,100.0,2,2,-4.5,1.7,0,0,0.0,100.0,2,0,0.0,2,4.4,0,1,63.6,62.6,66.9,62.2,,0,0,2,,97.9,0.0,0,0,0,0,0,0,0.0,15,7.5,-0.73
15,Joe Burrow,28022,QB,CIN,1,41.18,0,44,7,80.0,35,38,8.1,2.87,0,2,4.9,65.8,25,13,10.7,43,97.7,3,10,80.0,79.4,79.6,83.2,42.9,1,2,47,23.1,59.6,7.0,3,2,0,2,0,1,2.1,225,5.9,76.7,30,34,8.5,2.9,0,2,5.6,58.8,20,13,13.0,39,88.6,3,8,79.3,77.9,79.3,82.3,42.9,1,2,42,23.1,49.8,7.7,3,2,0,3,0,1,2.4,189,5.6,100.0,5,5,5.4,3.16,0,0,0.0,100.0,5,1,0.0,5,11.4,0,2,68.9,70.1,70.6,69.2,,0,0,6,0.0,96.7,0.0,0,0,0,0,0,0,0.0,36,7.2,0,,0,1,,5.6,0,0,0.0,0.0,0,1,,1,2.3,0,0,60.4,60.0,64.6,60.0,,0,0,1,0.0,39.6,0.0,0,0,0,1,0,0,0.0,0,0.0,1.64
15,Jaxson Dart,146409,QB,NYG,1,2.6,0,43,21,65.5,29,33,12.7,3.28,1,3,8.8,51.5,17,18,10.5,40,93.0,2,13,29.3,55.9,79.0,62.0,43.8,1,1,41,5.6,79.5,2.5,1,6,0,2,2,2,4.9,213,6.5,66.7,21,22,13.3,3.13,0,3,13.6,54.5,12,12,14.3,28,65.1,2,8,26.5,60.4,78.2,68.3,44.5,0,0,28,8.3,107.6,3.6,1,5,0,1,2,1,3.6,157,7.1,72.7,11,14,7.6,3.33,1,0,0.0,57.1,8,6,0.0,15,34.9,0,6,73.9,51.6,73.9,53.2,58.3,1,1,16,0.0,46.4,0.0,0,1,0,1,0,1,6.3,89,6.4,0,100.0,3,3,-1.7,2.13,0,0,0.0,100.0,3,0,0.0,3,7.0,0,1,65.5,63.3,68.2,63.0,,0,0,3,,112.5,0.0,0,0,0,0,0,0,0.0,33,11.0,-0.78
15,Jacoby Brissett,10725,QB,ARZ,1,-1.33,0,43,1,72.7,33,34,8.7,2.83,0,2,5.7,64.7,22,11,8.3,37,86.0,2,10,79.5,55.3,78.6,55.4,57.4,0,1,40,18.2,97.4,5.4,2,1,0,1,3,3,7.5,198,5.8,76.0,25,25,8.8,2.69,0,2,7.7,68.0,17,8,10.5,28,65.1,2,8,78.1,54.3,78.0,54.4,57.4,0,1,31,25.0,93.8,7.1,2,1,0,0,2,3,9.7,150,6.0,76.9,13,15,3.5,2.81,0,0,0.0,66.7,10,3,0.0,15,34.9,0,6,73.5,61.5,73.7,61.2,,0,0,15,0.0,107.4,0.0,0,0,0,2,1,0,0.0,99,6.6,0,100.0,5,6,-4.2,2.13,0,0,0.0,83.3,5,0,0.0,6,14.0,0,4,68.9,62.9,70.6,62.5,,0,0,6,,102.1,0.0,0,0,0,1,0,0,0.0,51,8.5,0.6
15,Jared Goff,10635,QB,DET,1,-14.52,0,42,11,78.1,32,38,11.1,2.95,0,4,10.3,60.5,23,21,8.0,39,92.9,2,16,79.0,85.0,78.7,83.1,,0,0,40,4.8,106.1,2.6,1,0,0,6,2,1,2.5,329,8.7,84.6,26,31,8.9,2.7,0,3,9.4,64.5,20,14,9.1,32,76.2,2,13,77.9,76.9,78.3,75.5,,0,0,33,7.1,119.8,3.1,1,0,0,5,3,1,3.0,236,7.6,62.5,8,10,14.8,3.36,0,1,10.0,50.0,5,7,0.0,10,23.8,0,4,71.4,86.3,72.3,84.0,,0,0,10,0.0,86.3,0.0,0,0,0,2,0,0,0.0,102,10.2,0,100.0,2,3,-2.5,1.63,0,0,0.0,66.7,2,0,0.0,3,7.1,0,1,65.5,59.8,68.2,59.7,,0,0,3,,109.7,0.0,0,0,0,1,1,0,0.0,9,3.0,2.59
15,Shedeur Sanders,131396,QB,CLV,1,-50.46,0,42,8,63.0,27,32,9.6,3.36,0,3,9.4,50.0,16,20,5.9,39,92.9,1,8,78.9,31.5,0.0,32.3,63.7,1,3,39,25.0,28.3,12.8,5,2,0,4,0,4,10.3,181,5.7,75.0,24,27,8.1,3.3,0,3,11.1,63.0,17,19,5.6,34,81.0,1,8,78.1,48.3,0.0,48.9,63.7,1,1,34,26.3,66.1,14.7,5,2,0,2,0,2,5.9,175,6.5,16.7,6,8,8.8,3.34,0,0,0.0,12.5,1,2,0.0,8,19.0,0,0,70.3,23.3,71.5,24.6,,0,2,8,0.0,0.0,0.0,0,0,0,2,0,2,25.0,2,0.3,0,66.7,3,3,-4.0,2.63,0,0,0.0,66.7,2,1,0.0,3,7.1,0,0,65.5,63.6,68.2,63.1,,0,0,3,0.0,70.1,0.0,0,0,0,0,0,0,0.0,-4,-1.3,-6.23
15,Brady Cook,124199,QB,NYJ,1,-12.09,0,41,22,76.0,25,28,8.0,3.04,1,0,0.0,64.3,18,11,5.3,36,87.8,1,11,78.7,51.7,78.9,49.3,62.1,0,3,36,27.3,52.8,8.3,3,5,0,2,1,3,8.3,167,6.0,83.3,24,26,5.7,2.65,1,0,0.0,69.2,18,6,10.0,31,75.6,2,9,77.8,57.1,78.6,58.1,55.0,0,2,31,16.7,62.0,3.2,1,4,0,1,1,2,6.5,134,5.2,66.7,6,7,7.8,3.3,0,0,0.0,57.1,4,5,0.0,10,24.4,0,3,71.4,47.9,72.3,41.1,65.6,0,1,10,40.0,35.1,20.0,2,1,0,1,0,1,10.0,42,6.0,0,100.0,5,5,-3.6,1.16,0,0,0.0,80.0,4,0,20.0,5,12.2,1,1,68.0,64.9,69.9,64.4,,0,0,5,,79.2,0.0,0,0,0,0,0,0,0.0,9,1.8,0.85
15,Matthew Stafford,4924,QB,LA,1,16.81,0,41,26,71.4,35,37,13.3,2.8,0,4,10.0,64.9,24,14,4.0,40,97.6,1,20,79.3,75.0,79.3,75.3,55.3,1,0,43,14.3,115.6,5.0,2,1,0,1,2,2,4.7,368,9.9,66.7,21,23,13.0,2.6,0,3,13.0,56.5,13,8,7.1,25,61.0,1,11,76.1,64.6,78.3,63.5,,1,1,25,25.0,82.0,8.0,2,0,0,1,1,3,12.0,201,8.7,73.3,15,15,12.7,3.06,0,1,5.6,73.3,11,6,0.0,16,39.0,0,9,74.8,75.5,74.5,77.2,55.3,0,0,19,0.0,131.8,0.0,0,1,0,0,1,0,0.0,167,11.1,0,0.0,1,1,-3.0,2.0,0,0,0.0,0.0,0,0,,1,2.4,0,0,60.4,55.7,64.6,59.3,,0,1,1,,0.0,0.0,0,0,0,0,0,1,100.0,0,0.0,2.39
15,Baker Mayfield,46518,QB,TB,1,41.35,0,40,30,69.2,26,32,13.7,3.02,2,2,5.4,53.1,17,16,5.6,38,95.0,1,16,79.8,67.1,79.1,67.7,55.7,2,1,45,31.3,88.9,13.2,5,1,0,2,2,1,2.2,267,8.3,61.9,21,26,12.3,3.02,2,1,3.2,46.2,12,12,7.7,31,77.5,1,10,78.6,59.6,78.6,60.7,55.7,2,1,37,33.3,63.5,12.9,4,1,0,1,1,1,2.7,163,6.3,100.0,7,8,13.0,2.68,0,1,12.5,87.5,7,4,0.0,9,22.5,0,6,71.4,84.2,72.3,82.2,,0,0,10,25.0,158.3,11.1,1,0,0,1,1,0,0.0,114,14.3,0,100.0,2,2,-3.5,1.6,0,0,0.0,100.0,2,0,0.0,2,5.0,0,0,63.6,62.4,66.9,62.1,,0,0,2,,87.5,0.0,0,0,0,0,0,0,0.0,10,5.0,7.98
15,Dak Prescott,10769,QB,DAL,1,-4.15,0,40,9,76.7,30,36,8.5,2.76,0,2,5.4,61.1,22,22,4.3,38,95.0,1,12,79.1,69.9,79.2,69.6,58.7,2,0,39,9.1,86.7,5.3,2,0,0,4,0,1,2.6,291,8.1,76.9,26,31,9.0,2.71,0,2,6.3,61.3,19,17,5.0,33,82.5,1,10,78.3,67.2,78.9,67.1,58.7,2,0,34,11.8,84.5,6.1,2,0,0,3,0,1,2.9,233,7.5,80.0,5,7,3.2,2.71,0,0,0.0,57.1,4,5,0.0,7,17.5,0,2,69.6,70.8,71.1,69.8,,0,0,7,0.0,86.0,0.0,0,0,0,2,0,0,0.0,61,8.7,0,100.0,1,2,-4.0,1.9,0,0,0.0,50.0,1,0,0.0,2,5.0,0,0,63.6,58.9,66.9,59.0,,0,0,2,,56.3,0.0,0,0,0,1,0,0,0.0,3,1.5,1.19
15,Tyler Shough,83537,QB,NO,1,10.26,0,40,20,78.6,28,29,9.4,2.71,0,1,3.0,72.4,21,11,4.5,37,92.5,1,14,80.2,80.5,79.1,80.8,62.0,0,0,41,45.5,107.8,13.5,5,3,1,0,1,0,0.0,236,8.1,80.0,25,26,8.2,2.46,0,1,3.6,73.1,19,9,5.0,32,80.0,1,12,79.2,81.7,78.7,82.6,62.0,0,0,34,33.3,112.5,9.4,3,3,1,0,1,0,0.0,229,8.8,83.3,6,6,7.3,3.31,0,0,0.0,83.3,5,2,0.0,8,20.0,0,3,71.4,65.9,72.3,65.3,,0,0,10,100.0,96.5,25.0,2,0,0,0,0,0,0.0,43,7.2,0,100.0,3,3,-4.3,1.63,0,0,0.0,100.0,3,0,0.0,3,7.5,0,1,65.5,63.7,68.2,63.3,,0,0,3,,116.7,0.0,0,0,0,0,0,0,0.0,36,12.0,-1.64
15,Sam Darnold,29048,QB,SEA,1,1.79,0,39,29,74.2,31,35,7.9,2.67,0,0,0.0,60.0,21,9,8.7,38,97.4,2,10,28.6,64.2,78.6,73.4,29.4,1,0,39,11.1,83.5,2.6,1,2,2,1,0,1,2.6,264,7.5,68.0,25,28,7.3,2.4,0,0,0.0,60.7,17,7,0.0,30,76.9,0,6,26.9,57.9,78.1,66.7,30.6,0,0,31,14.3,79.3,3.3,1,1,2,1,0,1,3.2,179,6.4,100.0,7,8,8.6,3.32,0,0,0.0,62.5,5,2,28.6,9,23.1,2,4,70.9,77.9,71.9,82.1,56.3,1,0,9,0.0,102.1,0.0,0,1,0,0,0,0,0.0,92,11.5,0,100.0,1,1,-2.0,0.7,0,0,0.0,100.0,1,0,0.0,1,2.6,0,0,60.4,60.3,64.6,60.1,,0,0,1,,95.8,0.0,0,0,0,0,0,0,0.0,7,7.0,5.11
15,Brock Purdy,77672,QB,SF,1,-2.27,0,37,28,84.6,26,28,9.5,3.56,0,2,6.3,75.0,21,14,4.5,35,94.6,1,19,79.2,91.1,0.0,90.9,71.0,0,0,39,14.3,139.7,5.7,2,5,0,2,3,0,0.0,265,9.5,85.7,21,22,9.8,3.12,0,2,8.7,77.3,17,10,5.6,25,67.6,1,13,76.9,91.9,0.0,92.8,59.0,0,0,26,20.0,144.7,8.0,2,1,0,1,3,0,0.0,204,9.3,85.7,7,8,5.6,4.09,0,0,0.0,75.0,6,4,0.0,12,32.4,0,7,73.5,72.6,73.7,63.7,74.7,0,0,15,0.0,112.0,0.0,0,4,0,1,0,0,0.0,91,11.4,0,100.0,2,2,-2.0,1.2,0,0,0.0,100.0,2,0,0.0,2,5.4,0,1,63.6,62.2,66.9,61.9,,0,0,2,,118.8,0.0,0,0,0,0,0,0,0.0,30,15.0,2.11
15,Bo Nix,97790,QB,DEN,1,-53.33,0,37,10,69.0,29,29,12.0,3.52,0,5,16.1,69.0,20,15,0.0,31,83.8,0,14,79.1,84.7,78.9,86.7,57.4,0,0,33,0.0,140.4,0.0,0,2,0,0,4,4,12.1,287,9.9,87.0,23,24,9.8,2.8,0,5,20.0,83.3,20,7,0.0,25,67.6,0,12,77.9,93.6,78.5,93.3,65.7,0,0,26,0.0,151.0,0.0,0,0,0,1,4,1,3.8,258,10.8,30.0,10,10,11.0,4.11,0,0,0.0,30.0,3,9,0.0,12,32.4,0,3,72.8,39.8,73.2,44.9,50.3,0,0,13,0.0,45.4,0.0,0,2,0,0,0,3,23.1,44,4.4,0,75.0,4,5,-3.3,1.68,0,0,0.0,60.0,3,1,0.0,6,16.2,0,1,68.9,59.6,70.6,59.5,,0,0,6,0.0,64.6,0.0,0,0,0,1,0,0,0.0,15,3.0,-6.35
15,Trevor Lawrence,77632,QB,JAX,1,20.0,0,36,15,80.8,26,30,13.2,3.06,1,3,9.4,63.3,19,9,9.5,33,91.7,2,17,78.9,93.9,78.0,91.7,80.6,1,0,36,0.0,134.0,0.0,0,3,0,2,4,0,0.0,285,9.5,81.3,16,20,10.8,2.95,1,3,13.6,55.0,11,8,15.4,24,66.7,2,10,77.3,92.8,77.3,90.3,80.6,1,0,27,0.0,122.7,0.0,0,3,0,2,3,0,0.0,169,8.5,75.0,12,12,13.2,2.87,0,0,0.0,75.0,9,1,0.0,12,33.3,0,8,72.4,84.9,72.9,82.6,,0,0,12,0.0,156.3,0.0,0,0,0,0,2,0,0.0,161,13.4,0,50.0,2,2,-5.5,1.43,0,0,0.0,50.0,1,0,0.0,3,8.3,0,1,65.5,60.0,68.2,59.9,,0,0,3,,135.4,0.0,0,0,0,0,1,0,0.0,45,22.5,4.97
15,Patrick Mahomes,11765,QB,KC,1,44.44,0,36,16,60.0,20,22,10.7,3.47,0,0,0.0,54.5,12,17,0.0,30,83.3,0,8,77.7,64.7,78.0,62.0,66.4,1,1,32,29.4,58.5,16.7,5,2,0,1,0,1,3.1,158,7.2,66.7,24,27,8.0,3.17,0,0,0.0,55.6,15,15,6.3,32,88.9,1,8,77.9,69.5,78.0,66.7,66.4,1,1,33,20.0,60.4,9.4,3,2,0,2,0,1,3.0,178,6.6,100.0,1,1,7.0,3.35,0,0,0.0,100.0,1,3,0.0,4,11.1,0,1,68.0,44.8,69.9,45.9,,0,0,5,66.7,112.5,50.0,2,0,0,0,0,0,0.0,11,11.0,0,100.0,5,6,-3.0,1.78,0,0,0.0,66.7,4,1,20.0,6,16.7,1,1,68.9,63.1,70.6,62.7,,0,0,6,0.0,79.2,0.0,0,0,0,1,0,0,0.0,31,5.2,4.41
15,Josh Allen,46601,QB,BUF,1,-36.9,0,35,4,69.6,23,25,10.1,3.41,0,2,7.4,64.0,16,13,0.0,31,88.6,0,11,79.6,83.4,79.0,71.2,86.7,0,0,34,15.4,123.3,6.5,2,4,0,2,3,0,0.0,170,6.8,82.4,17,17,8.4,2.72,0,1,5.3,82.4,14,5,0.0,20,57.1,0,8,77.9,79.5,78.4,70.0,80.5,0,0,23,40.0,144.9,10.0,2,0,0,0,2,0,0.0,159,9.4,55.6,9,11,9.0,3.81,0,1,9.1,45.5,5,8,0.0,15,42.9,0,4,73.5,76.9,73.7,66.4,76.7,0,0,15,0.0,83.1,0.0,0,4,0,2,1,0,0.0,34,3.1,0,100.0,3,3,-3.3,1.48,0,0,0.0,100.0,3,0,0.0,4,11.4,0,1,66.9,60.9,69.2,60.7,,0,0,4,,98.6,0.0,0,0,0,0,0,0,0.0,23,7.7,-6.26
15,Tua Tagovailoa,60326,QB,MIA,1,-9.52,0,34,17,87.0,23,25,8.6,3.57,0,1,3.7,76.0,19,14,5.0,30,88.2,1,13,77.7,60.9,77.7,62.7,54.9,0,1,32,28.6,114.1,13.3,4,1,0,2,2,2,6.3,232,9.3,90.0,20,21,7.7,3.38,0,1,4.3,81.0,17,11,5.6,27,79.4,1,12,77.2,67.3,77.5,69.1,54.9,0,0,29,36.4,140.1,14.8,4,1,0,1,2,1,3.4,210,10.0,83.3,6,7,4.8,3.33,0,0,0.0,71.4,5,4,0.0,7,20.6,0,3,69.6,44.1,71.1,45.2,,0,1,7,0.0,47.6,0.0,0,0,0,1,0,1,14.3,43,6.1,0,100.0,3,3,-5.0,1.83,0,0,0.0,100.0,3,1,0.0,4,11.8,0,2,66.9,61.3,69.2,61.1,,0,0,4,0.0,95.8,0.0,0,0,0,0,0,0,0.0,21,7.0,-3.86
15,Justin Herbert,28237,QB,LAC,1,17.78,0,33,27,73.9,23,25,9.0,2.88,0,3,11.1,64.0,16,11,5.9,28,84.8,1,8,77.9,69.8,78.7,70.7,54.8,0,1,30,27.3,83.9,10.7,3,0,0,2,1,1,3.3,191,7.6,76.5,17,20,6.9,2.62,0,1,5.0,60.0,12,10,7.7,24,72.7,1,5,76.7,57.5,78.3,58.7,54.8,0,1,24,40.0,57.3,16.7,4,0,0,3,0,1,4.2,125,6.3,77.8,9,9,9.0,3.02,0,2,18.2,77.8,7,3,0.0,9,27.3,0,4,71.9,78.8,72.6,77.2,,0,0,11,0.0,143.1,0.0,0,0,0,0,1,0,0.0,85,9.4,0,100.0,3,4,-2.3,1.88,0,0,0.0,75.0,3,2,0.0,5,15.2,0,1,68.0,51.3,69.9,51.8,,0,0,5,50.0,84.4,20.0,1,0,0,1,0,0,0.0,19,4.8,3.19
15,Caleb Williams,144622,QB,CHI,1,35.71,0,32,6,76.2,21,22,14.8,3.41,0,3,12.5,63.6,14,11,12.5,26,81.3,2,13,26.4,86.4,78.9,90.9,39.4,0,0,28,27.3,129.5,11.5,3,1,0,1,2,0,0.0,233,10.6,83.3,12,14,8.9,3.03,0,1,6.7,42.9,6,8,40.0,17,53.1,4,4,23.6,62.3,78.3,73.8,34.5,0,0,18,37.5,66.1,17.6,3,0,0,2,0,0,0.0,95,6.8,78.6,14,14,13.2,3.42,0,2,13.3,78.6,11,5,0.0,15,46.9,0,9,73.9,93.6,73.9,91.9,64.4,0,0,16,0.0,150.0,0.0,0,1,0,0,2,0,0.0,147,10.5,0,100.0,5,6,-3.6,2.37,0,0,0.0,50.0,3,2,40.0,6,18.8,2,0,68.9,62.8,70.6,62.5,,0,0,6,0.0,56.3,0.0,0,0,0,1,0,0,0.0,9,1.5,3.71
15,C.J. Stroud,129759,QB,HST,1,29.17,0,32,13,87.5,24,28,5.1,2.93,1,1,3.3,75.0,21,12,0.0,31,96.9,0,12,78.6,79.2,79.0,81.8,54.3,0,0,33,8.3,136.9,3.2,1,2,1,2,3,0,0.0,246,8.8,85.0,20,24,5.9,2.88,1,1,4.2,70.8,17,11,0.0,26,81.3,0,12,77.4,78.5,78.6,81.9,54.3,0,0,26,0.0,139.1,0.0,0,2,1,2,3,0,0.0,221,9.2,100.0,5,5,0.6,2.98,0,0,0.0,100.0,5,2,0.0,6,18.8,0,1,70.3,69.6,71.5,68.7,,0,0,8,50.0,99.2,16.7,1,0,0,0,0,0,0.0,39,7.8,0,100.0,1,1,-3.0,2.1,0,0,0.0,100.0,1,1,0.0,1,3.1,0,1,60.4,60.3,64.6,60.1,,0,0,1,0.0,118.8,0.0,0,0,0,0,0,0,0.0,14,14.0,-1.41
15,Bryce Young,123943,QB,CAR,1,-7.56,0,31,5,77.8,18,21,10.1,3.73,0,2,9.5,61.9,13,17,7.1,28,90.3,1,9,77.4,78.4,78.3,78.9,63.9,0,0,29,5.9,102.3,3.6,1,6,0,3,1,0,0.0,165,7.9,78.6,14,17,9.8,3.29,0,2,11.8,64.7,11,12,0.0,22,71.0,0,8,76.2,80.1,77.9,76.6,70.4,0,0,23,8.3,105.3,4.5,1,4,0,3,1,0,0.0,121,7.1,71.4,7,7,4.6,4.08,0,0,0.0,57.1,4,6,20.0,9,29.0,1,2,70.9,65.3,71.9,72.0,52.3,0,0,9,0.0,74.7,0.0,0,2,0,0,0,0,0.0,42,6.0,0,66.7,3,3,-4.0,1.57,0,0,0.0,66.7,2,1,0.0,3,9.7,0,1,65.5,63.6,68.2,63.2,,0,0,3,0.0,70.1,0.0,0,0,0,0,0,0,0.0,-2,-0.7,-1.12
15,Kenny Pickett,60515,QB,LV,1,10.42,0,30,23,70.0,20,22,5.4,2.82,1,0,0.0,54.5,12,10,14.3,27,90.0,2,5,77.1,48.9,77.1,44.1,71.5,1,1,27,40.0,41.1,14.8,4,1,0,0,0,1,3.7,66,3.0,71.4,14,16,5.5,2.65,1,0,0.0,56.3,9,7,10.0,19,63.3,1,2,75.2,50.7,76.3,47.0,62.9,1,1,19,42.9,35.4,15.8,3,0,0,0,0,1,5.3,42,2.6,77.8,9,9,2.1,2.81,0,0,0.0,66.7,6,3,14.3,11,36.7,1,3,71.9,54.9,72.6,51.6,62.6,0,0,11,33.3,70.1,9.1,1,1,0,0,0,0,0.0,22,2.4,0,100.0,3,3,-4.0,1.7,0,0,0.0,100.0,3,0,0.0,3,10.0,0,0,65.5,63.8,68.2,63.4,,0,0,3,,79.2,0.0,0,0,0,0,0,0,0.0,-2,-0.7,-0.19
15,Aaron Rodgers,2241,QB,PIT,1,-2.38,0,30,25,85.7,21,21,5.8,2.58,0,1,4.5,81.0,17,6,5.6,24,80.0,1,10,76.6,72.6,78.7,72.7,58.3,0,0,26,50.0,137.1,12.5,3,0,0,0,2,1,3.8,195,9.3,85.7,21,21,3.5,2.17,0,1,4.5,85.7,18,6,0.0,23,76.7,0,8,76.1,70.8,78.6,69.5,,0,0,24,33.3,117.9,8.7,2,0,0,0,1,1,4.2,178,8.5,100.0,6,6,3.8,3.07,0,0,0.0,83.3,5,1,16.7,7,23.3,1,3,70.3,70.4,71.5,73.0,58.3,0,0,8,100.0,138.2,14.3,1,0,0,0,1,0,0.0,46,7.7,0,100.0,6,6,-4.2,1.57,0,0,0.0,100.0,6,1,0.0,6,20.0,0,1,68.9,65.6,70.6,65.0,,0,0,6,0.0,86.8,0.0,0,0,0,0,0,0,0.0,29,4.8,-0.81
15,Cam Ward,133244,QB,TEN,1,31.17,0,29,31,70.6,17,21,12.2,3.76,1,2,8.7,47.6,10,8,16.7,21,72.4,2,5,76.2,56.6,77.6,54.1,62.6,0,0,23,0.0,96.7,0.0,0,0,0,3,2,2,8.7,117,5.6,73.7,19,22,6.8,2.83,1,2,8.7,54.5,12,4,14.3,22,75.9,2,3,76.2,51.4,77.6,48.8,62.6,0,0,23,0.0,77.5,0.0,0,0,0,2,1,2,8.7,78,3.5,100.0,6,7,9.3,3.99,0,0,0.0,85.7,6,4,0.0,7,24.1,0,5,70.3,75.9,71.5,74.5,,0,0,8,0.0,158.3,0.0,0,0,0,1,1,0,0.0,92,13.1,0,100.0,8,8,-2.8,1.41,0,0,0.0,100.0,8,0,0.0,8,27.6,0,3,70.3,66.1,71.5,65.5,,0,0,8,,94.3,0.0,0,0,0,0,0,0,0.0,53,6.6,9.59
15,Philip Rivers,1725,QB,IND,1,36.0,0,28,14,65.0,20,21,7.5,2.6,0,0,0.0,61.9,13,5,0.0,22,78.6,0,6,75.9,54.0,78.5,53.7,60.0,0,1,23,20.0,70.3,4.5,1,0,0,1,1,1,4.3,104,5.0,69.6,23,25,5.8,2.28,0,0,0.0,64.0,16,5,0.0,25,89.3,0,8,76.6,55.1,78.6,54.8,60.0,0,1,26,0.0,71.7,0.0,0,0,0,2,1,1,3.8,118,4.7,100.0,2,2,-2.0,3.5,0,0,0.0,100.0,2,1,0.0,3,10.7,0,0,65.5,60.0,68.2,59.9,,0,0,3,100.0,79.2,33.3,1,0,0,0,0,0,0.0,2,1.0,0,100.0,5,6,-4.0,1.7,0,0,0.0,83.3,5,1,0.0,6,21.4,0,2,68.9,62.6,70.6,62.3,,0,0,6,0.0,79.2,0.0,0,0,0,1,0,0,0.0,16,2.7,-3.72
15,Drake Maye,143969,QB,NE,1,17.11,0,28,19,71.4,21,23,11.2,3.38,1,1,4.2,60.9,14,9,6.7,28,100.0,1,8,77.7,69.1,78.2,60.2,82.0,0,1,29,33.3,62.8,10.7,3,2,0,1,0,1,3.4,155,6.7,66.7,18,19,12.6,3.22,1,1,5.0,57.9,11,6,8.3,24,85.7,1,7,76.9,71.7,77.9,62.3,82.0,0,1,25,50.0,56.9,12.5,3,2,0,0,0,1,4.0,130,6.8,100.0,3,4,2.7,4.38,0,0,0.0,75.0,3,3,0.0,4,14.3,0,1,66.9,53.0,69.2,53.5,,0,0,4,0.0,90.6,0.0,0,0,0,1,0,0,0.0,25,6.3,0,,0,0,,,0,0,,,0,0,,0,0.0,0,0,,,,,,0,0,0,,0.0,,0,0,0,0,0,0,,0,,-0.59
15,J.J. McCarthy,144918,QB,MIN,1,32.77,0,26,18,68.2,22,23,11.8,3.02,0,3,12.0,60.9,14,9,6.7,25,96.2,1,11,77.3,89.8,78.3,90.6,56.2,1,1,27,0.0,105.7,0.0,0,2,0,0,2,0,0.0,232,10.1,58.8,17,17,12.2,2.86,0,2,11.1,52.9,9,7,10.0,19,73.1,1,8,75.8,80.5,77.7,82.8,56.2,0,1,20,0.0,81.3,0.0,0,2,0,0,1,0,0.0,163,9.6,100.0,6,7,7.7,3.39,0,1,12.5,85.7,6,2,0.0,7,26.9,0,4,70.3,91.5,71.5,90.5,,1,0,8,0.0,158.0,0.0,0,0,0,0,1,0,0.0,87,12.4,0,100.0,1,1,-6.0,2.4,0,0,0.0,100.0,1,0,0.0,1,3.8,0,1,60.4,60.3,64.6,60.1,,0,0,1,,118.8,0.0,0,0,0,0,0,0,0.0,18,18.0,2.84
15,Marcus Mariota,9435,QB,WAS,1,26.14,0,26,32,62.5,16,18,15.4,3.51,0,3,15.8,50.0,9,11,10.0,24,92.3,1,9,18.4,62.2,78.7,58.2,66.2,0,0,25,18.2,108.6,8.3,2,4,0,2,1,2,8.0,200,11.1,42.9,7,8,14.1,3.4,0,1,12.5,37.5,3,6,0.0,12,46.2,0,3,14.6,31.7,77.9,26.5,62.1,0,0,12,33.3,57.8,16.7,2,2,0,1,0,2,16.7,47,5.9,80.0,10,11,14.4,3.61,0,2,15.4,63.6,7,6,12.5,14,53.8,1,7,73.9,90.1,73.9,89.5,63.6,0,0,16,0.0,137.5,0.0,0,3,0,1,1,0,0.0,164,14.9,0,100.0,1,1,-4.0,3.55,0,0,0.0,100.0,1,1,0.0,2,7.7,0,1,65.5,58.7,68.2,62.2,58.3,0,0,3,0.0,112.5,0.0,0,1,0,0,0,0,0.0,11,11.0,9.03
15,Lamar Jackson,46416,QB,BLT,1,-25.0,0,18,3,90.0,10,10,14.7,3.52,0,1,9.1,70.0,7,8,22.2,16,88.9,2,8,25.6,81.8,76.6,73.0,78.2,0,1,17,50.0,112.5,25.0,4,2,0,0,2,1,5.9,148,14.8,100.0,8,8,12.4,3.36,0,1,11.1,75.0,6,5,25.0,11,61.1,2,5,23.4,91.0,76.0,87.2,65.6,0,1,12,40.0,116.7,18.2,2,1,0,0,2,0,0.0,104,13.0,50.0,4,4,9.5,3.76,0,0,0.0,50.0,2,4,0.0,7,38.9,0,3,69.6,53.4,71.1,45.2,65.6,0,0,7,50.0,91.7,28.6,2,1,0,0,0,1,14.3,46,11.5,0,50.0,2,2,-5.0,3.5,0,0,0.0,50.0,1,1,0.0,2,11.1,0,0,63.6,62.2,66.9,61.9,,0,0,2,0.0,56.3,0.0,0,0,0,0,0,0,0.0,2,1.0,-1.5
15,Jalen Hurts,40291,QB,PHI,1,5.56,0,18,24,92.3,13,13,8.2,3.17,0,2,13.3,76.9,10,5,16.7,16,88.9,2,8,76.4,79.5,78.0,80.9,63.5,0,0,18,20.0,143.9,6.3,1,2,0,0,1,0,0.0,167,12.8,88.9,9,9,8.4,2.65,0,2,18.2,77.8,7,3,12.5,11,61.1,1,5,75.1,76.9,77.6,80.2,60.3,0,0,13,33.3,154.9,9.1,1,1,0,0,2,0,0.0,105,11.7,100.0,6,6,4.3,3.4,0,0,0.0,83.3,5,2,16.7,7,38.9,1,5,69.6,73.7,71.1,69.3,63.3,0,0,7,0.0,154.9,0.0,0,1,0,0,1,0,0.0,70,11.7,0,100.0,2,2,-2.0,1.15,0,0,0.0,100.0,2,0,0.0,2,11.1,0,2,63.6,62.4,66.9,62.1,,0,0,2,,122.9,0.0,0,0,0,0,2,0,0.0,8,4.0,0.0
15,Gardner Minshew,41401,QB,KC,1,-60.0,0,5,16,66.7,3,4,11.0,3.55,0,0,0.0,50.0,2,1,0.0,4,80.0,0,1,66.9,29.0,0.0,37.3,,0,1,4,0.0,24.0,0.0,0,0,0,1,0,1,25.0,19,4.8,75.0,4,5,7.8,3.04,0,0,0.0,60.0,3,1,0.0,5,100.0,0,1,68.0,30.3,0.0,39.5,,0,1,5,0.0,30.8,0.0,0,0,0,1,0,1,20.0,22,4.4,,0,0,,,0,0,,,0,0,,0,0.0,0,0,,,,,,0,0,0,,0.0,,0,0,0,0,0,0,,0,,0,100.0,1,1,-2.0,1.0,0,0,0.0,100.0,1,0,0.0,1,20.0,0,0,60.4,60.2,64.6,60.0,,0,0,1,,79.2,0.0,0,0,0,0,0,0,0.0,3,3.0,-4.4
15,Tanner McKee,131770,QB,PHI,1,0.0,0,4,24,100.0,3,3,9.7,3.0,0,0,0.0,100.0,3,0,0.0,4,100.0,0,4,66.9,89.6,74.1,85.8,63.9,0,0,4,,112.5,0.0,0,1,0,0,0,0,0.0,33,11.0,100.0,1,1,4.0,3.2,0,0,0.0,100.0,1,0,0.0,2,50.0,0,2,63.6,78.5,73.7,70.8,63.9,0,0,2,,83.3,0.0,0,1,0,0,0,0,0.0,4,4.0,100.0,2,2,12.5,2.8,0,0,0.0,100.0,2,0,0.0,2,50.0,0,2,63.6,82.7,66.9,80.5,,0,0,2,,118.8,0.0,0,0,0,0,0,0,0.0,29,14.5,0,,0,0,,,0,0,,,0,0,,0,0.0,0,0,,,,,,0,0,0,,0.0,,0,0,0,0,0,0,,0,,10.5
15,Spencer Rattler,97408,QB,NO,1,0.0,0,1,20,,0,1,,1.7,0,0,0.0,0.0,0,0,,1,100.0,0,0,60.4,60.0,64.6,60.0,,0,0,1,,39.6,0.0,0,0,0,1,0,0,0.0,0,0.0,,0,1,,1.7,0,0,0.0,0.0,0,0,,1,100.0,0,0,60.4,60.0,64.6,60.0,,0,0,1,,39.6,0.0,0,0,0,1,0,0,0.0,0,0.0,,0,0,,,0,0,,,0,0,,0,0.0,0,0,,,,,,0,0,0,,0.0,,0,0,0,0,0,0,,0,,0,,0,0,,,0,0,,,0,0,,0,0.0,0,0,,,,,,0,0,0,,0.0,,0,0,0,0,0,0,,0,,0.0
15,Jameis Winston,9434,QB,NYG,1,0.0,0,1,21,0.0,1,1,2.0,2.4,0,0,0.0,0.0,0,1,,1,100.0,0,0,60.4,55.4,66.9,57.2,,0,0,1,0.0,39.6,0.0,0,0,0,0,0,0,0.0,0,0.0,,0,0,,,0,0,,,0,0,,0,0.0,0,0,,60.0,64.6,,,0,0,0,,0.0,,0,0,0,0,0,0,,0,,0.0,1,1,2.0,2.4,0,0,0.0,0.0,0,1,,1,100.0,0,0,60.4,56.1,64.6,57.2,,0,0,1,0.0,39.6,0.0,0,0,0,0,0,0,0.0,0,0.0,0,,0,0,,,0,0,,,0,0,,0,0.0,0,0,,,,,,0,0,0,,0.0,,0,0,0,0,0,0,,0,,0.0
week,player,player_id,position,team_name,player_game_count,comp_pct_diff,declined_penalties,dropbacks,franchise_id,no_screen_accuracy_percent,no_screen_aimed_passes,no_screen_attempts,no_screen_avg_depth_of_target,no_screen_avg_time_to_throw,no_screen_bats,no_screen_big_time_throws,no_screen_btt_rate,no_screen_completion_percent,no_screen_completions,no_screen_def_gen_pressures,no_screen_drop_rate,no_screen_dropbacks,no_screen_dropbacks_percent,no_screen_drops,no_screen_first_downs,no_screen_grades_coverage_defense,no_screen_grades_defense,no_screen_grades_defense_penalty,no_screen_grades_hands_drop,no_screen_grades_hands_fumble,no_screen_grades_offense,no_screen_grades_offense_penalty,no_screen_grades_pass,no_screen_grades_pass_route,no_screen_grades_run,no_screen_hit_as_threw,no_screen_interceptions,no_screen_passing_snaps,no_screen_pressure_to_sack_rate,no_screen_qb_rating,no_screen_sack_percent,no_screen_sacks,no_screen_scrambles,no_screen_spikes,no_screen_thrown_aways,no_screen_touchdowns,no_screen_turnover_worthy_plays,no_screen_twp_rate,no_screen_yards,no_screen_ypa,npa_accuracy_percent,npa_aimed_passes,npa_attempts,npa_avg_depth_of_target,npa_avg_time_to_throw,npa_bats,npa_big_time_throws,npa_btt_rate,npa_completion_percent,npa_completions,npa_def_gen_pressures,npa_drop_rate,npa_dropbacks,npa_dropbacks_percent,npa_drops,npa_first_downs,npa_grades_coverage_defense,npa_grades_defense,npa_grades_defense_penalty,npa_grades_hands_drop,npa_grades_hands_fumble,npa_grades_offense,npa_grades_offense_penalty,npa_grades_pass,npa_grades_pass_route,npa_grades_run,npa_hit_as_threw,npa_interceptions,npa_passing_snaps,npa_pressure_to_sack_rate,npa_qb_rating,npa_sack_percent,npa_sacks,npa_scrambles,npa_spikes,npa_thrown_aways,npa_touchdowns,npa_turnover_worthy_plays,npa_twp_rate,npa_yards,npa_ypa,pa_accuracy_percent,pa_aimed_passes,pa_attempts,pa_avg_depth_of_target,pa_avg_time_to_throw,pa_bats,pa_big_time_throws,pa_btt_rate,pa_completion_percent,pa_completions,pa_def_gen_pressures,pa_drop_rate,pa_dropbacks,pa_dropbacks_percent,pa_drops,pa_first_downs,pa_grades_coverage_defense,pa_grades_defense,pa_grades_defense_penalty,pa_grades_hands_drop,pa_grades_hands_fumble,pa_grades_offense,pa_grades_offense_penalty,pa_grades_pass,pa_grades_pass_route,pa_grades_run,pa_hit_as_threw,pa_interceptions,pa_passing_snaps,pa_pressure_to_sack_rate,pa_qb_rating,pa_sack_percent,pa_sacks,pa_scrambles,pa_spikes,pa_thrown_aways,pa_touchdowns,pa_turnover_worthy_plays,pa_twp_rate,pa_yards,pa_ypa,penalties,screen_accuracy_percent,screen_aimed_passes,screen_attempts,screen_avg_depth_of_target,screen_avg_time_to_throw,screen_bats,screen_big_time_throws,screen_btt_rate,screen_completion_percent,screen_completions,screen_def_gen_pressures,screen_drop_rate,screen_dropbacks,screen_dropbacks_percent,screen_drops,screen_first_downs,screen_grades_coverage_defense,screen_grades_defense,screen_grades_defense_penalty,screen_grades_hands_drop,screen_grades_hands_fumble,screen_grades_offense,screen_grades_offense_penalty,screen_grades_pass,screen_grades_pass_route,screen_grades_run,screen_hit_as_threw,screen_interceptions,screen_passing_snaps,screen_pressure_to_sack_rate,screen_qb_rating,screen_sack_percent,screen_sacks,screen_scrambles,screen_spikes,screen_thrown_aways,screen_touchdowns,screen_turnover_worthy_plays,screen_twp_rate,screen_yards,screen_ypa,ypa_diff
16,Jared Goff,10635,QB,DET,1,-23.1,0,57,11,68.2,44,47,8.2,2.65,0,1,2.0,59.6,28,22,6.7,50,87.7,2,15,,,,,81.2,75.1,79.2,73.7,,60.0,1,0,55,13.6,99.2,6.0,3,0,0,2,3,1,1.8,296,6.3,71.7,46,47,6.8,2.35,0,1,2.0,66.0,31,15,6.1,48,84.2,2,17,,,,,80.9,73.9,79.0,72.6,,60.0,1,0,53,6.7,107.2,2.1,1,0,0,0,3,1,1.9,326,6.9,60.0,5,7,4.6,3.2,0,0,0.0,42.9,3,7,0.0,9,15.8,0,2,,,,,70.9,66.1,71.9,65.5,,,0,0,9,28.6,60.4,22.2,2,0,0,2,0,0,0.0,38,5.4,0,85.7,7,7,-3.4,1.31,0,0,0.0,85.7,6,0,0.0,7,12.3,0,4,,,,,69.6,59.8,71.1,59.7,,,0,0,7,,107.1,0.0,0,0,0,0,0,0,0.0,68,9.7,-1.51
16,Tyler Shough,83537,QB,NO,1,-25.56,0,54,20,69.2,39,43,9.0,2.59,0,1,2.3,60.5,26,12,3.7,48,88.9,1,15,,,,,80.3,59.3,79.2,60.6,,52.3,1,0,49,25.0,86.4,6.3,3,2,1,2,1,0,0.0,270,6.3,78.4,37,40,7.0,2.28,0,1,2.5,70.0,28,9,3.4,44,81.5,1,14,,,,,79.6,62.6,79.0,64.0,,52.3,1,0,44,22.2,95.8,4.5,2,2,1,1,1,0,0.0,260,6.5,50.0,8,9,9.0,3.06,0,0,0.0,44.4,4,3,0.0,10,18.5,0,2,,,,,71.9,54.9,72.6,55.2,,,0,0,11,33.3,61.3,10.0,1,0,0,1,0,0,0.0,48,5.3,0,100.0,6,6,-3.5,1.12,0,0,0.0,100.0,6,0,0.0,6,11.1,0,1,,,,,68.9,65.7,70.6,65.2,,,0,0,6,,93.1,0.0,0,0,0,0,0,0,0.0,38,6.3,-1.17
16,Matthew Stafford,4924,QB,LA,1,10.78,0,51,26,70.5,44,47,10.3,2.84,1,5,10.2,57.4,27,22,12.9,49,96.1,4,17,,,,,80.5,79.9,80.2,80.2,,52.3,2,0,51,0.0,109.9,0.0,0,2,0,0,3,1,2.0,436,9.3,65.6,32,34,11.3,2.54,1,3,8.6,55.9,19,13,9.5,34,66.7,2,12,,,,,78.3,73.6,79.5,72.2,,,1,0,35,0.0,94.0,0.0,0,0,0,0,1,1,2.9,290,8.5,85.7,14,15,6.1,3.38,0,2,12.5,66.7,10,9,16.7,17,33.3,2,5,,,,,74.5,82.0,74.3,85.6,,52.3,1,0,18,0.0,143.6,0.0,0,2,0,0,2,0,0.0,167,11.1,0,100.0,2,2,-3.5,2.25,0,0,0.0,100.0,2,0,0.0,2,3.9,0,0,,,,,63.6,62.4,66.9,62.0,,,0,0,2,,110.4,0.0,0,0,0,0,0,0,0.0,21,10.5,2.6
16,Bo Nix,97790,QB,DEN,1,22.51,0,50,10,68.3,41,45,10.8,3.06,1,2,4.4,57.8,26,20,7.1,47,94.0,2,14,,,,,33.4,54.8,79.0,60.8,,34.5,2,1,48,5.0,79.9,2.1,1,1,0,1,1,2,4.2,340,7.6,67.6,34,38,8.2,2.73,1,1,2.6,55.3,21,16,8.7,40,80.0,2,7,,,,,29.3,42.2,78.5,48.7,,34.8,2,1,40,6.3,64.8,2.5,1,0,0,1,1,2,5.0,172,4.5,77.8,9,9,17.9,3.73,0,1,11.1,77.8,7,4,0.0,10,20.0,0,7,,,,,71.9,86.9,72.7,86.7,,58.3,0,0,11,0.0,118.8,0.0,0,1,0,0,0,0,0.0,180,20.0,0,100.0,2,2,-2.0,0.83,0,0,0.0,100.0,2,0,0.0,3,6.0,0,0,,,,,65.5,60.0,68.2,59.9,,,0,0,3,,91.7,0.0,0,0,0,0,0,0,0.0,12,6.0,15.47
16,Drake Maye,143969,QB,NE,1,9.21,0,50,19,73.2,41,43,11.0,3.34,0,2,4.3,69.8,30,22,0.0,49,98.0,0,17,,,,,37.8,69.8,79.4,69.1,,61.7,0,1,52,13.6,102.5,6.1,3,3,0,2,2,3,5.8,376,8.7,72.7,33,35,12.0,3.28,0,2,5.3,68.6,24,18,0.0,41,82.0,0,13,,,,,32.3,64.0,79.0,63.2,,61.7,0,1,44,16.7,93.6,7.3,3,3,0,2,1,3,6.8,309,8.8,77.8,9,9,5.8,3.53,0,0,0.0,77.8,7,4,0.0,9,18.0,0,4,,,,,70.9,84.0,71.9,81.9,,,0,0,9,0.0,136.6,0.0,0,0,0,0,1,0,0.0,71,7.9,0,100.0,1,1,-3.0,2.8,0,0,0.0,100.0,1,0,0.0,1,2.0,0,0,,,,,60.4,60.3,64.6,60.1,,,0,0,1,,83.3,0.0,0,0,0,0,0,0,0.0,4,4.0,-0.94
16,Aaron Rodgers,2241,QB,PIT,1,-13.19,0,45,25,73.3,30,34,10.7,2.72,1,2,5.4,58.8,20,7,9.1,38,84.4,2,14,,,,,79.2,81.1,79.0,82.3,,51.1,0,0,41,28.6,90.1,5.3,2,2,0,3,1,0,0.0,238,7.0,82.1,28,32,8.4,2.42,1,1,2.9,68.8,22,6,4.3,35,77.8,1,13,,,,,78.7,83.6,78.8,85.0,,51.1,0,0,38,16.7,101.0,2.9,1,2,0,3,1,0,0.0,240,7.5,66.7,9,9,7.2,2.89,0,1,10.0,55.6,5,1,16.7,10,22.2,1,1,,,,,71.9,61.3,72.6,61.1,,,0,0,11,100.0,60.9,10.0,1,0,0,0,0,0,0.0,26,2.9,0,100.0,7,7,-3.0,1.43,0,0,0.0,100.0,7,0,0.0,7,15.6,0,0,,,,,70.3,66.6,71.5,66.0,,,0,0,8,,83.3,0.0,0,0,0,0,0,0,0.0,28,4.0,-4.61
16,Trevor Lawrence,77632,QB,JAX,1,-26.11,0,44,15,75.9,29,33,9.1,3.39,1,2,5.7,63.6,21,19,4.5,40,90.9,1,14,,,,,80.1,82.5,79.0,76.6,,78.3,1,0,42,26.3,119.8,12.5,5,2,0,2,3,0,0.0,272,8.2,77.8,27,29,7.4,3.02,0,1,3.2,69.0,20,17,4.8,35,79.5,1,10,,,,,79.4,79.2,78.8,74.3,,74.4,0,0,37,23.5,125.6,11.4,4,1,0,2,3,0,0.0,220,7.6,60.0,5,7,11.2,4.02,1,1,14.3,42.9,3,4,0.0,9,20.5,0,4,,,,,70.9,76.5,71.9,71.0,,64.4,1,0,9,25.0,72.9,11.1,1,1,0,0,0,0,0.0,59,8.4,0,66.7,3,3,-2.7,1.55,0,0,0.0,66.7,2,2,0.0,4,9.1,0,0,,,,,66.9,61.0,69.2,60.8,,,0,0,4,0.0,70.1,0.0,0,0,0,0,0,0,0.0,7,2.3,0.84
16,Brady Cook,124199,QB,NYJ,1,10.71,0,44,22,63.0,27,30,6.7,2.78,2,0,0.0,56.7,17,11,0.0,39,88.6,0,4,,,,,28.3,27.6,78.7,28.1,,53.2,0,1,39,72.7,55.4,20.5,8,1,0,1,0,2,5.1,144,4.8,65.4,26,28,5.8,2.53,2,0,0.0,60.7,17,10,0.0,37,84.1,0,4,,,,,28.1,28.0,78.6,28.5,,53.2,0,1,38,80.0,58.2,21.6,8,1,0,0,0,2,5.3,137,4.9,83.3,6,7,1.3,3.26,0,0,0.0,71.4,5,1,0.0,7,15.9,0,2,,,,,69.6,52.2,71.1,52.7,,,0,0,7,0.0,92.0,0.0,0,0,0,1,0,0,0.0,51,7.3,0,100.0,5,5,-4.6,1.6,0,0,0.0,100.0,5,0,0.0,5,11.4,0,2,,,,,68.9,59.1,70.6,59.0,,,0,0,6,,103.3,0.0,0,0,0,0,0,0,0.0,44,8.8,2.4
16,Sam Darnold,29048,QB,SEA,1,-1.58,0,42,29,76.0,25,30,8.5,2.89,1,2,5.9,60.0,18,18,5.3,36,85.7,1,10,,,,,79.3,63.9,78.8,63.4,,60.0,1,2,40,22.2,77.1,11.1,4,2,1,2,2,2,5.0,220,7.3,78.9,19,23,5.3,2.37,1,1,3.7,65.2,15,13,0.0,31,73.8,0,7,,,,,78.5,56.0,78.6,55.3,,60.0,1,2,36,30.8,48.6,12.9,4,2,1,1,0,2,5.6,157,6.8,80.0,10,11,9.7,3.27,0,1,9.1,63.6,7,5,12.5,11,26.2,1,4,,,,,71.9,77.0,72.6,75.5,,,0,0,11,0.0,137.5,0.0,0,0,0,1,2,0,0.0,113,10.3,0,100.0,4,4,-4.0,0.88,0,0,0.0,100.0,4,0,0.0,6,14.3,0,1,,,,,68.9,57.8,71.1,57.8,,,0,0,7,,118.8,0.0,0,0,0,0,0,0,0.0,50,12.5,3.44
16,Caleb Williams,144622,QB,CHI,1,-7.14,0,38,6,67.9,28,33,10.8,3.11,0,1,2.9,54.5,18,18,5.3,36,94.7,1,11,,,,,79.0,74.5,78.9,65.9,,86.8,0,0,40,0.0,98.8,0.0,0,3,0,5,2,1,2.5,246,7.5,70.8,24,28,8.2,2.71,0,0,0.0,57.1,16,13,5.9,30,78.9,1,9,,,,,77.9,71.8,78.5,64.6,,80.8,0,0,33,0.0,88.2,0.0,0,2,0,4,1,0,0.0,179,6.4,60.0,5,6,19.8,4.06,0,1,14.3,50.0,3,5,0.0,8,21.1,0,2,,,,,70.9,71.4,71.9,64.5,,65.6,0,0,9,0.0,132.6,0.0,0,1,0,1,1,1,11.1,71,11.8,0,100.0,1,1,-6.0,0.8,0,0,0.0,100.0,1,0,0.0,2,5.3,0,0,,,,,63.6,58.6,66.9,58.7,,,0,0,2,,83.3,0.0,0,0,0,0,0,0,0.0,4,4.0,5.44
16,Philip Rivers,1725,QB,IND,1,12.04,0,37,14,65.6,32,33,11.2,2.49,1,2,5.7,63.6,21,12,0.0,35,94.6,0,13,,,,,27.6,48.8,78.4,48.9,,,0,1,37,16.7,97.4,5.7,2,0,0,0,2,2,5.4,275,8.3,65.4,26,27,10.3,2.35,1,2,6.9,63.0,17,11,0.0,28,75.7,0,10,,,,,26.0,46.5,77.9,46.6,,,0,1,30,9.1,96.1,3.6,1,0,0,0,2,2,6.7,209,7.7,75.0,8,8,10.6,2.58,0,0,0.0,75.0,6,1,0.0,9,24.3,0,3,,,,,70.9,62.4,71.9,62.1,,,0,0,9,100.0,100.0,11.1,1,0,0,0,0,0,0.0,68,8.5,0,100.0,2,2,-3.0,1.0,0,0,0.0,100.0,2,0,0.0,2,5.4,0,0,,,,,63.6,62.4,66.9,62.1,,,0,0,2,,79.2,0.0,0,0,0,0,0,0,0.0,2,1.0,0.76
16,Jalen Hurts,40291,QB,PHI,1,-5.0,0,37,24,75.0,28,29,6.9,2.9,0,1,3.1,72.4,21,10,0.0,36,97.3,0,14,,,,,28.9,65.2,79.1,61.4,,69.0,0,0,39,20.0,112.1,5.6,2,5,0,1,2,2,5.1,186,6.4,75.0,20,20,6.9,2.82,0,1,4.3,75.0,15,7,0.0,27,73.0,0,10,,,,,26.9,66.2,78.6,61.7,,69.0,0,0,30,28.6,109.2,7.4,2,5,0,0,1,2,6.7,134,6.7,77.8,9,10,5.6,2.87,0,0,0.0,70.0,7,3,0.0,10,27.0,0,4,,,,,71.4,60.7,72.3,60.5,,,0,0,10,0.0,115.0,0.0,0,0,0,1,1,0,0.0,51,5.1,0,100.0,1,1,-4.0,0.5,0,0,0.0,100.0,1,0,0.0,1,2.7,0,0,,,,,60.4,60.3,64.6,60.1,,,0,0,1,,79.2,0.0,0,0,0,0,0,0,0.0,-1,-1.0,-1.6
16,Brock Purdy,77672,QB,SF,1,9.17,0,36,28,81.8,33,34,10.6,3.29,0,4,11.8,73.5,25,10,7.4,36,100.0,2,20,,,,,78.5,96.6,78.8,95.7,,62.2,0,1,36,10.0,126.8,2.8,1,1,0,1,5,1,2.8,295,8.7,78.3,23,24,10.2,3.22,0,3,12.5,70.8,17,9,5.6,26,72.2,1,14,,,,,76.6,94.4,78.2,93.8,,62.2,0,0,26,11.1,131.4,3.8,1,1,0,1,4,0,0.0,177,7.4,90.0,10,10,11.7,3.48,0,1,10.0,80.0,8,1,11.1,10,27.8,1,6,,,,,71.4,93.3,72.3,92.1,,,0,1,10,0.0,109.6,0.0,0,0,0,0,1,1,10.0,118,11.8,0,,0,0,,,0,0,,,0,0,,0,0.0,0,0,,,,,,,,,,,0,0,0,,0.0,,0,0,0,0,0,0,,0,,4.42
16,Kirk Cousins,7102,QB,ATL,1,-7.95,0,36,2,66.7,27,30,6.9,2.67,1,0,0.0,53.3,16,12,11.1,31,86.1,2,11,,,,,78.9,79.3,79.3,77.3,,65.0,0,1,33,8.3,77.5,3.2,1,0,0,2,2,0,0.0,163,5.4,68.2,22,24,5.5,2.14,1,0,0.0,62.5,15,9,0.0,25,69.4,0,9,,,,,77.7,82.5,78.9,80.8,,65.0,0,1,26,11.1,86.3,4.0,1,0,0,1,2,0,0.0,125,5.2,80.0,10,11,4.5,3.34,0,0,0.0,54.5,6,3,25.0,11,30.6,2,2,,,,,72.4,63.1,72.9,62.8,,,0,0,12,0.0,74.8,0.0,0,0,0,1,0,0,0.0,72,6.5,0,100.0,5,5,-3.8,1.48,0,0,0.0,100.0,5,0,0.0,5,13.9,0,0,,,,,68.0,65.0,69.9,64.5,,,0,0,5,,95.0,0.0,0,0,0,0,0,0,0.0,34,6.8,1.34
16,C.J. Stroud,129759,QB,HST,1,-6.67,0,36,13,68.8,32,34,8.5,2.61,0,1,2.6,64.7,22,7,0.0,35,97.2,0,10,,,,,41.5,72.3,79.0,76.3,,39.7,1,0,39,0.0,89.2,0.0,0,1,0,1,1,0,0.0,191,5.6,71.4,28,30,8.2,2.46,0,1,2.9,66.7,20,6,0.0,30,83.3,0,9,,,,,37.4,72.5,78.7,75.5,,50.5,1,0,34,0.0,81.9,0.0,0,0,0,1,0,0,0.0,175,5.8,60.0,5,5,7.8,3.25,0,0,0.0,60.0,3,1,0.0,6,16.7,0,1,,,,,68.9,64.1,70.6,68.5,,56.8,0,0,6,0.0,104.2,0.0,0,1,0,0,1,0,0.0,12,2.4,0,100.0,1,1,-4.0,2.0,0,0,0.0,100.0,1,0,0.0,1,2.8,0,0,,,,,60.4,60.2,64.6,60.0,,,0,0,1,,79.2,0.0,0,0,0,0,0,0,0.0,-4,-4.0,-3.43
16,Bryce Young,123943,QB,CAR,1,37.93,0,36,5,74.1,27,30,9.9,3.06,1,4,13.3,63.3,19,17,5.0,34,94.4,1,9,,,,,78.6,91.7,78.2,90.6,,69.9,0,0,34,11.8,102.9,5.9,2,2,0,2,2,0,0.0,186,6.2,73.1,26,29,9.8,2.86,1,4,13.8,62.1,18,14,5.3,30,83.3,1,8,,,,,77.9,90.4,77.9,90.0,,61.7,0,0,30,0.0,101.9,0.0,0,1,0,2,2,0,0.0,175,6.0,100.0,3,3,1.3,3.5,0,0,0.0,100.0,3,3,0.0,6,16.7,0,1,,,,,68.9,82.4,70.6,72.8,,65.6,0,0,6,66.7,88.9,33.3,2,1,0,0,0,0,0.0,16,5.3,0,100.0,2,2,-3.0,1.45,0,0,0.0,100.0,2,0,0.0,2,5.6,0,0,,,,,63.6,62.3,66.9,62.0,,,0,0,2,,79.2,0.0,0,0,0,0,0,0,0.0,5,2.5,-0.7
16,Joe Burrow,28022,QB,CIN,1,-4.17,0,35,7,86.2,29,30,7.1,2.75,0,3,10.0,80.0,24,10,4.0,33,94.3,1,16,,,,,78.2,89.1,78.3,87.5,,62.6,0,0,33,20.0,148.1,6.1,2,1,0,1,4,0,0.0,301,10.0,87.0,23,24,8.5,2.59,0,3,12.5,79.2,19,8,5.0,27,77.1,1,14,,,,,77.1,92.0,77.9,91.5,,62.6,0,0,27,25.0,154.9,7.4,2,1,0,1,4,0,0.0,280,11.7,85.7,7,8,0.9,3.1,0,0,0.0,75.0,6,2,0.0,8,22.9,0,2,,,,,70.3,51.0,71.5,51.5,,,0,0,8,0.0,79.7,0.0,0,0,0,1,0,0,0.0,29,3.6,0,100.0,1,2,-4.0,2.0,0,0,0.0,50.0,1,0,0.0,2,5.7,0,0,,,,,63.6,58.9,66.9,59.0,,,0,0,2,,60.4,0.0,0,0,0,1,0,0,0.0,8,4.0,-8.04
16,Shedeur Sanders,131396,QB,CLV,1,6.06,0,35,8,84.2,19,22,4.6,3.31,1,0,0.0,63.6,14,13,12.5,28,80.0,2,7,,,,,77.4,63.3,78.6,57.6,,68.7,0,2,30,15.4,51.1,7.1,2,4,0,2,1,0,0.0,99,4.5,86.7,15,18,2.5,2.98,1,0,0.0,66.7,12,11,7.7,23,65.7,1,4,,,,,75.9,64.8,78.2,57.9,,71.4,0,1,23,18.2,50.7,8.7,2,3,0,2,0,0,0.0,70,3.9,90.0,10,11,2.2,3.04,1,0,0.0,72.7,8,5,11.1,12,34.3,1,6,,,,,73.2,60.8,73.5,61.5,,59.0,0,1,14,0.0,88.1,0.0,0,1,0,0,1,0,0.0,87,7.9,0,100.0,6,7,-4.8,1.76,1,0,0.0,85.7,6,3,0.0,7,20.0,0,3,,,,,69.6,63.5,71.1,63.1,,,0,0,7,0.0,101.2,0.0,0,0,0,0,0,0,0.0,58,8.3,4.02
16,Dak Prescott,10769,QB,DAL,1,11.11,0,33,9,78.6,28,30,10.0,3.03,1,3,9.7,70.0,21,8,4.5,33,100.0,1,13,,,,,78.1,83.3,78.3,81.4,,63.7,1,0,34,12.5,116.5,3.0,1,2,0,0,2,0,0.0,244,8.1,73.7,19,21,11.0,2.87,1,3,13.6,66.7,14,5,0.0,23,69.7,0,7,,,,,76.1,75.2,77.6,75.5,,57.9,1,0,24,20.0,119.5,4.3,1,1,0,0,2,0,0.0,152,7.2,88.9,9,9,7.9,3.42,0,0,0.0,77.8,7,3,12.5,10,30.3,1,6,,,,,71.4,86.1,72.3,80.9,,64.4,0,0,10,0.0,109.3,0.0,0,1,0,0,0,0,0.0,92,10.2,0,,0,0,,,0,0,,,0,0,,0,0.0,0,0,,,,,,,,,,,0,0,0,,0.0,,0,0,0,0,0,0,,0,,2.98
16,Jacoby Brissett,10725,QB,ARZ,1,-29.76,0,33,1,70.8,24,28,9.7,2.98,1,1,3.4,53.6,15,10,11.8,30,90.9,2,9,,,,,77.8,64.8,78.3,62.4,,62.6,2,1,31,20.0,72.6,6.7,2,0,0,1,1,1,3.2,194,6.9,72.7,22,24,8.0,2.78,0,1,4.0,58.3,14,7,12.5,25,75.8,2,9,,,,,76.9,68.7,78.0,65.9,,62.6,2,1,26,14.3,80.0,4.0,1,0,0,0,1,1,3.8,189,7.9,75.0,4,7,12.5,3.24,1,0,0.0,28.6,2,3,33.3,8,24.2,1,0,,,,,70.3,49.9,71.5,50.5,,,0,0,8,33.3,39.6,12.5,1,0,0,2,0,0,0.0,14,2.0,0,100.0,2,3,-3.5,2.0,0,0,0.0,33.3,1,0,50.0,3,9.1,1,0,,,,,65.5,59.8,68.2,59.7,,,0,0,3,,42.4,0.0,0,0,0,1,0,0,0.0,9,3.0,-5.88
16,Justin Herbert,28237,QB,LAC,1,-14.21,0,33,27,85.7,28,28,10.3,3.04,0,3,10.7,82.1,23,14,4.2,32,97.0,1,16,,,,,28.0,88.9,78.9,92.0,,51.9,0,0,32,0.0,135.1,0.0,0,4,0,0,2,1,3.1,300,10.7,89.5,19,19,8.7,2.81,0,2,10.5,84.2,16,9,5.9,22,66.7,1,12,,,,,25.6,89.4,78.3,92.7,,53.2,0,0,22,0.0,144.5,0.0,0,3,0,0,2,1,4.5,195,10.3,77.8,9,10,13.6,3.45,0,1,10.0,70.0,7,5,0.0,11,33.3,0,4,,,,,71.9,72.0,72.6,73.2,,58.3,0,0,11,0.0,104.2,0.0,0,1,0,1,0,0,0.0,105,10.5,0,,0,1,,2.6,0,0,0.0,0.0,0,0,,1,3.0,0,0,,,,,60.4,60.0,64.6,60.0,,,0,0,1,,39.6,0.0,0,0,0,1,0,0,0.0,0,0.0,0.24
16,Cam Ward,133244,QB,TEN,1,-14.58,0,32,31,77.8,18,19,10.7,2.96,0,3,15.0,68.4,13,7,7.1,22,68.8,1,9,,,,,76.8,90.9,78.9,90.3,,65.8,0,0,23,28.6,111.7,9.1,2,1,0,1,1,0,0.0,160,8.4,87.5,16,16,8.0,2.71,0,3,17.6,81.3,13,6,7.1,19,59.4,1,10,,,,,76.2,91.6,78.7,91.2,,65.8,0,0,20,33.3,135.2,10.5,2,1,0,0,1,0,0.0,183,11.4,72.7,11,12,3.4,2.0,0,0,0.0,66.7,8,1,0.0,13,40.6,0,2,,,,,72.8,66.3,73.2,65.7,,,0,0,13,0.0,101.0,0.0,0,0,0,1,1,0,0.0,45,3.8,0,88.9,9,9,-3.1,1.24,0,0,0.0,88.9,8,0,0.0,10,31.3,0,3,,,,,71.4,65.4,72.3,64.8,,,0,0,10,,135.2,0.0,0,0,0,0,1,0,0.0,68,7.6,-7.69
16,Quinn Ewers,127253,QB,MIA,1,45.25,0,31,17,68.0,25,26,10.2,2.81,0,1,3.8,65.4,17,7,0.0,27,87.1,0,13,,,,,77.1,57.8,78.3,59.1,,53.6,0,2,27,0.0,63.1,0.0,0,1,0,1,0,2,7.4,241,9.3,52.9,17,17,10.6,2.53,0,1,5.6,47.1,8,7,11.1,18,58.1,1,4,,,,,75.2,43.3,77.7,44.4,,53.6,0,2,19,0.0,23.0,0.0,0,1,0,0,0,2,10.5,87,5.1,100.0,12,13,4.9,3.02,0,0,0.0,92.3,12,1,0.0,13,41.9,0,10,,,,,72.8,83.5,73.2,81.5,,,0,0,13,0.0,118.8,0.0,0,0,0,1,0,0,0.0,173,13.3,0,100.0,4,4,-4.0,2.23,0,0,0.0,75.0,3,1,25.0,4,12.9,1,1,,,,,68.0,65.2,69.9,64.6,,,0,0,5,0.0,84.4,0.0,0,0,0,0,0,0,0.0,19,4.8,8.19
16,Baker Mayfield,46518,QB,TB,1,33.33,0,30,30,73.9,23,23,7.4,2.61,0,1,4.2,69.6,16,9,5.9,27,90.0,1,10,,,,,77.7,75.2,0.0,72.2,,74.3,0,1,29,22.2,80.7,7.4,2,2,0,0,1,0,0.0,134,5.8,73.9,23,24,7.2,2.56,0,1,4.0,66.7,16,9,5.9,28,93.3,1,11,,,,,77.7,73.5,0.0,73.0,,67.3,0,1,29,22.2,78.6,7.1,2,2,0,1,1,0,0.0,141,5.9,100.0,2,2,1.0,1.9,0,0,0.0,100.0,2,0,0.0,2,6.7,0,0,,,,,66.9,68.8,69.2,57.9,,65.6,0,0,4,,79.2,0.0,0,0,0,0,0,0,0.0,4,2.0,0,100.0,2,3,-1.5,1.67,0,0,0.0,66.7,2,0,0.0,3,10.0,0,1,,,,,66.9,60.9,69.2,60.7,,,0,0,4,,72.9,0.0,0,0,0,1,0,0,0.0,11,3.7,-3.88
16,Geno Smith,7820,QB,LV,1,-4.76,0,26,23,72.7,22,23,9.1,3.05,0,3,12.5,69.6,16,12,0.0,26,100.0,0,8,,,,,76.8,66.7,78.4,65.5,,,0,1,27,25.0,107.3,11.5,3,0,0,1,2,1,3.7,201,8.7,76.9,13,14,9.5,3.09,0,2,13.3,71.4,10,9,0.0,17,65.4,0,5,,,,,74.5,80.2,77.7,78.6,,,0,0,18,33.3,138.7,17.6,3,0,0,1,2,0,0.0,126,9.0,66.7,9,9,8.4,2.98,0,1,11.1,66.7,6,3,0.0,9,34.6,0,3,,,,,70.9,40.2,71.9,41.7,,,0,1,9,0.0,52.8,0.0,0,0,0,0,0,1,11.1,75,8.3,0,,0,0,,,0,0,,,0,0,,0,0.0,0,0,,,,,,,,,,,0,0,0,,0.0,,0,0,0,0,0,0,,0,,-0.67
16,Josh Allen,46601,QB,BUF,1,6.67,0,23,4,82.4,17,18,6.3,3.55,0,2,11.1,61.1,11,10,21.4,22,95.7,3,6,,,,,77.2,82.8,78.0,83.4,,63.2,0,0,22,20.0,81.0,9.1,2,2,0,1,0,1,4.5,121,6.7,66.7,9,10,4.9,3.33,0,1,10.0,60.0,6,6,0.0,12,52.2,0,2,,,,,74.9,63.8,77.2,56.8,,69.1,0,0,12,33.3,74.6,16.7,2,0,0,1,0,1,8.3,54,5.4,100.0,9,9,6.7,3.55,0,1,11.1,66.7,6,4,33.3,11,47.8,3,4,,,,,71.9,92.1,72.6,93.9,,54.5,0,0,11,0.0,92.8,0.0,0,2,0,0,0,0,0.0,76,8.4,0,100.0,1,1,-3.0,1.0,0,0,0.0,100.0,1,0,0.0,1,4.3,0,0,,,,,60.4,60.3,64.6,60.1,,,0,0,1,,104.2,0.0,0,0,0,0,0,0,0.0,9,9.0,3.04
16,Chris Oladokun,40364,QB,KC,1,-21.43,0,22,16,75.0,12,13,6.4,3.48,0,0,0.0,61.5,8,8,11.1,19,86.4,1,4,,,,,23.1,51.5,76.3,53.3,,54.6,0,0,20,50.0,86.4,21.1,4,2,0,1,0,1,5.0,103,7.9,78.6,14,14,5.1,3.16,0,0,0.0,71.4,10,7,9.1,20,90.9,1,4,,,,,23.4,53.3,76.4,55.1,,54.6,0,0,21,57.1,93.5,20.0,4,2,0,0,0,1,4.8,107,7.6,100.0,1,2,-3.0,3.2,0,0,0.0,50.0,1,1,0.0,2,9.1,0,0,,,,,63.6,58.9,66.9,59.0,,,0,0,2,0.0,56.3,0.0,0,0,0,1,0,0,0.0,4,2.0,0,100.0,3,3,-3.0,1.13,0,0,0.0,100.0,3,0,0.0,3,13.6,0,0,,,,,65.5,63.9,68.2,63.5,,,0,0,3,,79.2,0.0,0,0,0,0,0,0,0.0,8,2.7,-5.64
16,Jaxson Dart,146409,QB,NYG,1,-58.33,0,19,21,90.0,10,12,6.6,3.36,1,0,0.0,50.0,6,9,33.3,18,94.7,3,1,,,,,76.4,42.0,0.0,41.8,,62.3,1,1,24,55.6,21.5,27.8,5,1,0,0,0,2,8.3,29,2.4,90.0,10,12,6.1,2.91,1,0,0.0,58.3,7,6,22.2,16,84.2,2,1,,,,,76.0,42.8,0.0,42.6,,62.3,1,1,22,50.0,28.5,18.8,3,1,0,0,0,2,9.1,33,2.8,100.0,1,1,0.0,5.3,0,0,0.0,0.0,0,3,100.0,3,15.8,1,0,,,,,65.5,56.3,68.2,56.6,,,0,0,3,66.7,39.6,66.7,2,0,0,0,0,0,0.0,0,0.0,0,100.0,1,1,-5.0,2.0,0,0,0.0,100.0,1,0,0.0,1,5.3,0,0,,,,,60.4,60.5,64.6,60.4,,,0,0,1,,83.3,0.0,0,0,0,0,0,0,0.0,4,4.0,-2.75
16,J.J. McCarthy,144918,QB,MIN,1,3.03,0,19,18,62.5,8,8,11.0,3.2,0,2,20.0,50.0,4,4,20.0,11,57.9,1,3,,,,,72.8,62.0,0.0,57.1,,74.8,0,1,13,25.0,33.3,9.1,1,2,0,0,0,2,15.4,56,7.0,72.7,11,11,4.0,2.79,0,1,7.7,63.6,7,6,12.5,14,73.7,1,4,,,,,19.7,29.6,0.0,29.5,,63.9,0,1,16,33.3,44.5,14.3,2,1,0,0,0,3,18.8,72,6.5,100.0,2,3,17.5,3.06,1,1,33.3,66.7,2,1,0.0,5,26.3,0,2,,,,,68.0,86.3,69.9,77.1,,65.6,0,0,5,100.0,107.6,20.0,1,1,0,0,0,0,0.0,36,12.0,0,100.0,5,6,-1.8,2.39,1,0,0.0,83.3,5,3,0.0,8,42.1,0,3,,,,,15.5,27.8,71.5,28.6,,,0,0,8,66.7,102.8,25.0,2,0,0,0,0,1,12.5,52,8.7,5.45
16,Malik Willis,60341,QB,GB,1,28.57,0,17,12,77.8,9,9,11.9,3.96,0,1,11.1,77.8,7,9,0.0,15,88.2,0,7,,,,,24.4,64.9,77.6,67.4,,58.0,0,0,15,22.2,155.8,13.3,2,4,0,0,1,0,0.0,117,13.0,71.4,7,7,7.3,1.91,0,1,14.3,71.4,5,2,0.0,8,47.1,0,2,,,,,22.0,57.8,77.0,66.0,,48.7,0,0,8,50.0,130.4,12.5,1,0,0,0,1,0,0.0,49,7.0,100.0,4,4,12.5,5.12,0,0,0.0,100.0,4,7,0.0,9,52.9,0,5,,,,,70.9,72.0,71.9,65.8,,69.1,0,0,9,14.3,118.8,11.1,1,4,0,0,0,0,0.0,72,18.0,0,100.0,2,2,-3.0,1.0,0,0,0.0,100.0,2,0,0.0,2,11.8,0,0,,,,,63.6,62.4,66.9,62.0,,,0,0,2,,79.2,0.0,0,0,0,0,0,0,0.0,4,2.0,11.0
16,Jordan Love,40306,QB,GB,1,-72.73,0,15,12,72.7,11,12,8.2,2.8,1,0,0.0,58.3,7,2,12.5,13,86.7,1,5,,,,,73.5,59.7,75.3,56.4,,63.9,0,0,15,0.0,76.0,0.0,0,1,0,0,0,0,0.0,73,6.1,80.0,10,11,6.9,2.39,1,0,0.0,72.7,8,1,0.0,13,86.7,0,5,,,,,72.4,71.1,75.0,67.3,,63.9,0,0,13,0.0,91.9,0.0,0,1,0,0,0,0,0.0,77,7.0,50.0,2,2,8.5,3.6,0,0,0.0,0.0,0,1,100.0,2,13.3,1,0,,,,,66.9,36.2,69.2,38.2,,,0,0,4,0.0,39.6,0.0,0,0,0,0,0,0,0.0,0,0.0,0,100.0,1,1,-4.0,0.95,0,0,0.0,100.0,1,0,0.0,2,13.3,0,0,,,,,60.4,58.8,66.9,59.0,,,0,0,2,,83.3,0.0,0,0,0,0,0,0,0.0,4,4.0,-7.0
16,Marcus Mariota,9435,QB,WAS,1,-29.17,0,15,32,54.5,11,13,12.9,3.64,0,1,7.1,46.2,6,5,0.0,14,93.3,0,4,,,,,74.0,71.7,76.3,70.6,,60.0,0,0,15,20.0,66.5,7.1,1,0,0,2,0,0,0.0,81,6.2,80.0,5,6,14.8,3.56,0,1,14.3,66.7,4,3,0.0,7,46.7,0,4,,,,,71.1,86.9,75.3,85.7,,60.0,0,0,8,33.3,104.2,14.3,1,0,0,1,0,0,0.0,67,11.2,42.9,7,8,9.4,3.45,0,0,0.0,37.5,3,2,0.0,8,53.3,0,1,,,,,70.3,49.9,71.5,50.6,,,0,0,8,0.0,47.9,0.0,0,0,0,1,0,0,0.0,28,3.5,0,100.0,1,1,-2.0,1.5,0,0,0.0,100.0,1,0,0.0,1,6.7,0,1,,,,,60.4,60.2,64.6,60.0,,,0,0,1,,118.8,0.0,0,0,0,0,0,0,0.0,14,14.0,-7.67
16,Tyler Huntley,46448,QB,BLT,1,11.11,0,12,3,87.5,8,8,8.4,2.66,0,0,0.0,87.5,7,5,0.0,10,83.3,0,2,,,,,72.6,70.0,76.3,71.3,,57.9,0,0,11,20.0,99.5,10.0,1,1,0,0,0,0,0.0,63,7.9,88.9,9,9,4.4,1.92,0,0,0.0,88.9,8,2,0.0,9,75.0,0,2,,,,,72.1,67.3,76.2,66.3,,60.0,0,0,10,0.0,90.3,0.0,0,0,0,0,0,0,0.0,51,5.7,100.0,1,1,14.0,4.1,0,0,0.0,100.0,1,3,0.0,3,25.0,0,0,,,,,65.5,69.3,68.2,72.9,,58.3,0,0,3,33.3,118.8,33.3,1,1,0,0,0,0,0.0,14,14.0,0,100.0,2,2,-6.5,1.5,0,0,0.0,100.0,2,0,0.0,2,16.7,0,0,,,,,63.6,62.4,66.9,62.0,,,0,0,2,,79.2,0.0,0,0,0,0,0,0,0.0,2,1.0,8.33
16,Max Brosmer,105568,QB,MIN,1,-16.67,0,10,18,85.7,7,8,7.7,2.73,0,1,12.5,75.0,6,5,0.0,9,90.0,0,2,,,,,72.9,77.9,76.0,77.4,,60.5,1,0,9,20.0,87.5,11.1,1,0,0,0,0,0,0.0,44,5.5,83.3,6,6,9.0,2.44,0,1,16.7,83.3,5,4,0.0,7,70.0,0,2,,,,,72.0,79.9,75.8,79.6,,60.5,0,0,7,25.0,95.8,14.3,1,0,0,0,0,0,0.0,42,7.0,100.0,2,3,-2.5,3.23,0,0,0.0,66.7,2,2,0.0,3,30.0,0,1,,,,,65.5,60.0,68.2,59.9,,,1,0,3,0.0,71.5,0.0,0,0,0,0,0,0,0.0,10,3.3,0,100.0,1,1,-5.0,2.2,0,0,0.0,100.0,1,1,0.0,1,10.0,0,1,,,,,60.4,60.2,64.6,60.0,,,0,0,1,0.0,100.0,0.0,0,0,0,0,0,0,0.0,8,8.0,-3.67
16,Josh Johnson,4474,QB,WAS,1,-62.5,0,10,32,62.5,8,9,3.3,3.02,0,0,0.0,55.6,5,4,0.0,10,100.0,0,2,,,,,20.2,28.6,75.2,41.1,,60.0,1,1,11,25.0,28.7,10.0,1,0,0,0,0,1,9.1,43,4.8,62.5,8,8,3.3,2.78,0,0,0.0,62.5,5,3,0.0,9,90.0,0,2,,,,,19.7,28.6,75.0,41.5,,60.0,0,1,10,33.3,37.0,11.1,1,0,0,0,0,1,10.0,43,5.4,,0,1,,5.2,0,0,0.0,0.0,0,1,,1,10.0,0,0,,,,,60.4,60.0,64.6,60.0,,,1,0,1,0.0,39.6,0.0,0,0,0,0,0,0,0.0,0,0.0,0,,0,0,,,0,0,,,0,0,,0,0.0,0,0,,,,,,,,,,,0,0,0,,0.0,,0,0,0,0,0,0,,0,,-5.38
16,Lamar Jackson,46416,QB,BLT,1,42.86,0,10,3,80.0,10,10,11.9,3.42,0,0,0.0,70.0,7,5,12.5,10,100.0,1,7,,,,,72.7,85.2,75.6,86.7,,58.3,0,0,10,0.0,102.5,0.0,0,0,0,0,0,0,0.0,101,10.1,71.4,7,7,11.4,3.31,0,0,0.0,57.1,4,5,20.0,7,70.0,1,4,,,,,71.3,72.1,75.2,73.6,,58.3,0,0,7,0.0,77.1,0.0,0,0,0,0,0,0,0.0,46,6.6,100.0,3,3,13.0,3.67,0,0,0.0,100.0,3,0,0.0,3,30.0,0,3,,,,,65.5,91.6,68.2,90.4,,,0,0,3,,118.8,0.0,0,0,0,0,0,0,0.0,55,18.3,0,,0,0,,,0,0,,,0,0,,0,0.0,0,0,,,,,,,,,,,0,0,0,,0.0,,0,0,0,0,0,0,,0,,11.76
16,Gardner Minshew,41401,QB,KC,1,83.33,0,9,16,50.0,4,7,3.5,2.68,2,0,0.0,28.6,2,2,0.0,8,88.9,0,1,,,,,70.9,37.7,73.9,38.9,,57.9,0,0,9,0.0,39.6,0.0,0,1,0,1,0,0,0.0,18,2.6,33.3,3,6,3.0,2.87,2,0,0.0,16.7,1,2,0.0,7,77.8,0,0,,,,,70.3,35.8,73.7,36.9,,57.9,0,0,8,0.0,39.6,0.0,0,1,0,1,0,0,0.0,6,1.0,100.0,2,2,0.0,1.7,0,0,0.0,100.0,2,0,0.0,2,22.2,0,1,,,,,63.6,62.6,66.9,62.2,,,0,0,2,,85.4,0.0,0,0,0,0,0,0,0.0,9,4.5,0,100.0,1,1,-5.0,2.1,0,0,0.0,100.0,1,0,0.0,1,11.1,0,0,,,,,60.4,60.3,64.6,60.1,,,0,0,1,,79.2,0.0,0,0,0,0,0,0,0.0,-3,-3.0,3.5
16,Joe Milton III,82151,QB,DAL,1,-100.0,0,3,9,100.0,2,2,3.5,3.07,0,0,0.0,100.0,2,1,0.0,3,100.0,0,1,,,,,14.2,36.5,69.9,52.0,,51.2,0,0,4,0.0,89.6,0.0,0,1,0,0,0,1,25.0,11,5.5,100.0,2,2,3.5,3.07,0,0,0.0,100.0,2,1,0.0,3,100.0,0,1,,,,,14.2,36.5,69.9,52.0,,51.2,0,0,4,0.0,89.6,0.0,0,1,0,0,0,1,25.0,11,5.5,,0,0,,,0,0,,,0,0,,0,0.0,0,0,,,,,,,,,,,0,0,0,,0.0,,0,0,0,0,0,0,,0,,0,,0,0,,,0,0,,,0,0,,0,0.0,0,0,,,,,,,,,,,0,0,0,,0.0,,0,0,0,0,0,0,,0,,-5.5
16,Taysom Hill,12112,TE,NO,1,100.0,0,1,20,100.0,1,1,35.0,2.9,0,0,0.0,100.0,1,0,0.0,1,100.0,0,1,,,,68.3,23.1,59.9,75.7,76.0,64.1,53.7,0,0,1,,158.3,0.0,0,0,0,0,1,0,0.0,38,38.0,,0,0,,,0,0,,,0,0,,0,0.0,0,0,,,,70.5,23.2,57.9,75.5,,64.8,53.7,0,0,0,,0.0,,0,0,0,0,0,0,,0,,100.0,1,1,35.0,2.9,0,0,0.0,100.0,1,0,0.0,1,100.0,0,1,,,,68.3,65.7,82.3,69.8,76.0,89.7,,0,0,1,,158.3,0.0,0,0,0,0,1,0,0.0,38,38.0,0,,0,0,,,0,0,,,0,0,,0,0.0,0,0,,,,70.5,65.8,78.0,68.4,,79.6,,0,0,0,,0.0,,0,0,0,0,0,0,,0,,38.0
16,Riley Leonard,143862,QB,IND,1,0.0,0,1,14,0.0,1,1,3.0,2.3,0,0,0.0,0.0,0,1,,1,100.0,0,0,,,,,60.4,45.2,69.2,46.5,,,0,0,1,0.0,39.6,0.0,0,0,0,0,0,0,0.0,0,0.0,0.0,1,1,3.0,2.3,0,0,0.0,0.0,0,1,,1,100.0,0,0,,,,,60.4,45.2,69.2,46.5,,,0,0,1,0.0,39.6,0.0,0,0,0,0,0,0,0.0,0,0.0,,0,0,,,0,0,,,0,0,,0,0.0,0,0,,,,,,,,,,,0,0,0,,0.0,,0,0,0,0,0,0,,0,,0,,0,0,,,0,0,,,0,0,,0,0.0,0,0,,,,,,,,,,,0,0,0,,0.0,,0,0,0,0,0,0,,0,,0.0
16,Corey Bojorquez,27626,P,CLV,1,0.0,0,1,8,,0,1,,3.4,0,0,0.0,0.0,0,1,,1,100.0,0,0,,,,,,60.0,60.5,60.0,,,0,0,1,0.0,39.6,0.0,0,0,0,1,0,1,100.0,0,0.0,,0,1,,3.4,0,0,0.0,0.0,0,1,,1,100.0,0,0,,,,,,60.0,60.5,60.0,,,0,0,1,0.0,39.6,0.0,0,0,0,1,0,1,100.0,0,0.0,,0,0,,,0,0,,,0,0,,0,0.0,0,0,,,,,,,,,,,0,0,0,,0.0,,0,0,0,0,0,0,,0,,0,,0,0,,,0,0,,,0,0,,0,0.0,0,0,,,,,,,,,,,0,0,0,,0.0,,0,0,0,0,0,0,,0,,0.0
16,Joe Flacco,4332,QB,CIN,1,-100.0,0,1,7,100.0,1,1,5.0,1.8,0,0,0.0,100.0,1,0,0.0,1,100.0,0,0,,,,,60.4,61.2,70.6,60.4,,,0,0,1,,83.3,0.0,0,0,0,0,0,0,0.0,4,4.0,100.0,1,1,5.0,1.8,0,0,0.0,100.0,1,0,0.0,1,100.0,0,0,,,,,60.4,61.2,70.6,60.4,,,0,0,1,,83.3,0.0,0,0,0,0,0,0,0.0,4,4.0,,0,0,,,0,0,,,0,0,,0,0.0,0,0,,,,,,,,,,,0,0,0,,0.0,,0,0,0,0,0,0,,0,,0,,0,0,,,0,0,,,0,0,,0,0.0,0,0,,,,,,,,,,,0,0,0,,0.0,,0,0,0,0,0,0,,0,,-4.0
16,Marte Mapu,56159,LB,NE,1,0.0,0,1,19,,0,0,,3.9,0,0,,,0,1,,1,100.0,0,0,61.5,62.5,67.1,,26.7,60.0,60.4,60.0,,,0,0,1,100.0,0.0,100.0,1,0,0,0,0,1,100.0,0,,,0,0,,3.9,0,0,,,0,1,,1,100.0,0,0,46.4,38.8,68.3,,26.7,60.0,60.4,60.0,,,0,0,1,100.0,0.0,100.0,1,0,0,0,0,1,100.0,0,,,0,0,,,0,0,,,0,0,,0,0.0,0,0,,,,,,,,,,,0,0,0,,0.0,,0,0,0,0,0,0,,0,,0,,0,0,,,0,0,,,0,0,,0,0.0,0,0,60.0,27.4,64.2,,,,,,,,0,0,0,,0.0,,0,0,0,0,0,0,,0,,0.0
16,Dillon Gabriel,86272,QB,CLV,1,0.0,0,1,8,,0,0,,4.2,0,0,,,0,1,,1,100.0,0,0,,,,,60.4,60.0,64.6,60.0,,,0,0,1,100.0,0.0,100.0,1,0,0,0,0,0,0.0,0,,,0,0,,4.2,0,0,,,0,1,,1,100.0,0,0,,,,,60.4,60.0,64.6,60.0,,,0,0,1,100.0,0.0,100.0,1,0,0,0,0,0,0.0,0,,,0,0,,,0,0,,,0,0,,0,0.0,0,0,,,,,,,,,,,0,0,0,,0.0,,0,0,0,0,0,0,,0,,0,,0,0,,,0,0,,,0,0,,0,0.0,0,0,,,,,,,,,,,0,0,0,,0.0,,0,0,0,0,0,0,,0,,0.0
week,player,player_id,position,team_name,player_game_count,comp_pct_diff,declined_penalties,dropbacks,franchise_id,no_screen_accuracy_percent,no_screen_aimed_passes,no_screen_attempts,no_screen_avg_depth_of_target,no_screen_avg_time_to_throw,no_screen_bats,no_screen_big_time_throws,no_screen_btt_rate,no_screen_completion_percent,no_screen_completions,no_screen_def_gen_pressures,no_screen_drop_rate,no_screen_dropbacks,no_screen_dropbacks_percent,no_screen_drops,no_screen_first_downs,no_screen_grades_hands_drop,no_screen_grades_hands_fumble,no_screen_grades_offense,no_screen_grades_offense_penalty,no_screen_grades_pass,no_screen_grades_pass_route,no_screen_grades_run,no_screen_hit_as_threw,no_screen_interceptions,no_screen_passing_snaps,no_screen_pressure_to_sack_rate,no_screen_qb_rating,no_screen_sack_percent,no_screen_sacks,no_screen_scrambles,no_screen_spikes,no_screen_thrown_aways,no_screen_touchdowns,no_screen_turnover_worthy_plays,no_screen_twp_rate,no_screen_yards,no_screen_ypa,npa_accuracy_percent,npa_aimed_passes,npa_attempts,npa_avg_depth_of_target,npa_avg_time_to_throw,npa_bats,npa_big_time_throws,npa_btt_rate,npa_completion_percent,npa_completions,npa_def_gen_pressures,npa_drop_rate,npa_dropbacks,npa_dropbacks_percent,npa_drops,npa_first_downs,npa_grades_hands_drop,npa_grades_hands_fumble,npa_grades_offense,npa_grades_offense_penalty,npa_grades_pass,npa_grades_pass_route,npa_grades_run,npa_hit_as_threw,npa_interceptions,npa_passing_snaps,npa_pressure_to_sack_rate,npa_qb_rating,npa_sack_percent,npa_sacks,npa_scrambles,npa_spikes,npa_thrown_aways,npa_touchdowns,npa_turnover_worthy_plays,npa_twp_rate,npa_yards,npa_ypa,pa_accuracy_percent,pa_aimed_passes,pa_attempts,pa_avg_depth_of_target,pa_avg_time_to_throw,pa_bats,pa_big_time_throws,pa_btt_rate,pa_completion_percent,pa_completions,pa_def_gen_pressures,pa_drop_rate,pa_dropbacks,pa_dropbacks_percent,pa_drops,pa_first_downs,pa_grades_hands_drop,pa_grades_hands_fumble,pa_grades_offense,pa_grades_offense_penalty,pa_grades_pass,pa_grades_pass_route,pa_grades_run,pa_hit_as_threw,pa_interceptions,pa_passing_snaps,pa_pressure_to_sack_rate,pa_qb_rating,pa_sack_percent,pa_sacks,pa_scrambles,pa_spikes,pa_thrown_aways,pa_touchdowns,pa_turnover_worthy_plays,pa_twp_rate,pa_yards,pa_ypa,penalties,screen_accuracy_percent,screen_aimed_passes,screen_attempts,screen_avg_depth_of_target,screen_avg_time_to_throw,screen_bats,screen_big_time_throws,screen_btt_rate,screen_completion_percent,screen_completions,screen_def_gen_pressures,screen_drop_rate,screen_dropbacks,screen_dropbacks_percent,screen_drops,screen_first_downs,screen_grades_hands_drop,screen_grades_hands_fumble,screen_grades_offense,screen_grades_offense_penalty,screen_grades_pass,screen_grades_pass_route,screen_grades_run,screen_hit_as_threw,screen_interceptions,screen_passing_snaps,screen_pressure_to_sack_rate,screen_qb_rating,screen_sack_percent,screen_sacks,screen_scrambles,screen_spikes,screen_thrown_aways,screen_touchdowns,screen_turnover_worthy_plays,screen_twp_rate,screen_yards,screen_ypa,ypa_diff
17,Baker Mayfield,46518,QB,TB,1,9.65,0,50,30,75.7,37,37,10.6,3.37,0,2,5.0,70.3,26,13,7.1,43,86.0,2,15,,29.2,55.6,78.7,53.5,,67.3,0,2,46,23.1,91.3,7.0,3,3,0,0,2,3,6.5,312,8.4,78.9,38,38,9.6,3.01,0,2,4.9,73.7,28,11,6.7,42,84.0,2,14,,29.0,58.6,78.6,56.3,,65.9,0,2,45,27.3,93.6,7.1,3,1,0,0,2,3,6.7,315,8.3,83.3,6,6,1.5,3.56,0,0,0.0,83.3,5,2,0.0,8,16.0,0,2,,70.9,54.8,71.9,55.0,,59.0,0,0,9,0.0,88.2,0.0,0,2,0,0,0,0,0.0,31,5.2,0,100.0,7,7,-3.1,1.4,0,0,0.0,100.0,7,0,0.0,7,14.0,0,1,,70.3,66.7,71.5,66.1,,,0,0,8,,86.9,0.0,0,0,0,0,0,0,0.0,34,4.9,-3.12
17,Caleb Williams,144622,QB,CHI,1,10.0,0,46,6,70.6,34,39,8.8,3.32,2,4,10.0,56.4,22,13,8.3,43,93.5,2,16,,79.8,71.5,0.0,75.0,,54.1,0,0,44,0.0,101.0,0.0,0,4,1,2,2,0,0.0,326,8.4,73.1,26,30,8.8,3.03,1,3,9.7,56.7,17,10,10.5,32,69.6,2,11,,78.2,75.1,0.0,77.6,,58.2,0,0,33,0.0,104.0,0.0,0,2,1,2,2,0,0.0,234,7.8,72.7,11,12,5.6,3.75,1,1,8.3,66.7,8,3,0.0,14,30.4,0,6,,73.2,59.7,73.5,62.8,,54.5,0,0,14,0.0,91.0,0.0,0,2,0,0,0,0,0.0,96,8.0,0,100.0,3,3,-3.3,2.17,0,0,0.0,100.0,3,0,0.0,3,6.5,0,1,,65.5,63.6,68.2,63.1,,,0,0,3,,79.2,0.0,0,0,0,0,0,0,0.0,4,1.3,0.2
17,Cam Ward,133244,QB,TEN,1,15.36,0,46,31,61.3,31,37,11.6,4.18,0,2,5.3,51.4,19,22,0.0,43,93.5,0,12,,21.9,45.2,79.3,46.7,,52.3,2,0,44,18.2,90.7,9.3,4,2,0,4,2,5,11.4,247,6.7,58.3,24,29,10.9,3.73,0,1,3.3,48.3,14,15,0.0,32,69.6,0,7,,26.7,37.0,78.7,37.2,,,2,0,33,20.0,71.6,9.4,3,0,0,3,1,4,12.1,124,4.3,70.0,10,11,9.3,4.66,0,1,9.1,63.6,7,7,0.0,14,30.4,0,5,,20.7,70.1,73.5,74.5,,52.3,0,0,14,14.3,133.5,7.1,1,2,0,1,1,1,7.1,127,11.5,0,66.7,3,3,-2.3,1.57,0,0,0.0,66.7,2,0,0.0,3,6.5,0,0,,65.5,63.7,68.2,63.3,,,0,0,3,,70.1,0.0,0,0,0,0,0,0,0.0,4,1.3,7.27
17,Dak Prescott,10769,QB,DAL,1,-21.33,0,45,9,52.9,34,35,12.2,3.08,0,1,2.6,48.6,17,13,5.6,43,95.6,1,14,,80.4,68.5,80.2,64.9,,71.3,0,0,47,46.2,97.6,14.0,6,2,0,1,2,1,2.1,302,8.6,61.5,26,26,11.6,2.98,0,1,3.3,57.7,15,9,6.3,32,71.1,1,12,,78.9,70.8,79.7,66.8,,71.3,0,0,36,44.4,107.1,12.5,4,2,0,0,1,1,2.8,275,10.6,40.0,10,11,10.7,3.05,0,0,0.0,36.4,4,4,0.0,13,28.9,0,2,,72.8,59.2,73.2,59.1,,,0,0,13,50.0,75.2,15.4,2,0,0,1,1,0,0.0,32,2.9,0,100.0,2,2,-3.5,1.25,0,0,0.0,100.0,2,0,0.0,2,4.4,0,0,,63.6,62.3,66.9,62.0,,,0,0,2,,79.2,0.0,0,0,0,0,0,0,0.0,5,2.5,-7.67
17,Bo Nix,97790,QB,DEN,1,4.76,0,44,10,71.0,31,32,8.2,3.2,0,2,6.1,62.5,20,14,9.1,37,84.1,2,11,,79.6,81.0,79.1,81.8,,60.8,0,1,38,7.1,71.6,2.7,1,4,0,1,1,0,0.0,154,4.8,70.8,24,24,8.3,2.86,0,2,8.0,66.7,16,9,5.9,28,63.6,1,10,,78.2,89.1,78.5,85.4,,73.0,0,1,29,11.1,62.5,3.6,1,3,0,0,0,0,0.0,128,5.3,84.6,13,14,2.7,3.31,0,0,0.0,71.4,10,5,9.1,16,36.4,1,4,,73.9,59.1,73.9,63.6,,52.3,0,0,16,0.0,101.5,0.0,0,2,0,1,1,0,0.0,54,3.9,0,100.0,6,6,-3.3,2.11,0,0,0.0,100.0,6,0,0.0,7,15.9,0,3,,69.6,74.7,71.1,65.3,,65.6,0,0,7,,86.1,0.0,0,1,0,0,0,0,0.0,28,4.7,-1.47
17,Aaron Rodgers,2241,QB,PIT,1,30.0,0,44,25,60.7,28,34,7.9,2.26,1,3,8.6,50.0,17,10,0.0,38,86.4,0,9,,28.0,53.4,78.8,54.7,,55.7,2,0,39,20.0,64.5,5.3,2,1,2,1,0,1,2.6,169,5.0,64.3,28,34,6.7,2.12,1,3,8.6,50.0,17,7,5.6,37,84.1,1,8,,78.7,61.9,78.7,63.1,,55.7,2,0,38,14.3,61.3,2.7,1,1,2,1,0,0,0.0,143,4.2,80.0,5,5,3.0,2.13,0,0,0.0,80.0,4,3,0.0,7,15.9,0,1,,16.7,32.0,71.1,34.0,,,0,0,7,33.3,87.5,14.3,1,0,0,0,0,1,14.3,25,5.0,0,100.0,5,5,-3.4,1.27,0,0,0.0,80.0,4,0,20.0,6,13.6,1,0,,68.9,62.8,70.6,62.4,,,0,0,6,,79.2,0.0,0,0,0,0,0,0,0.0,-1,-0.2,0.79
17,Trevor Lawrence,77632,QB,JAX,1,-23.81,0,43,15,73.5,34,35,10.8,3.18,1,3,8.6,62.9,22,19,12.0,40,93.0,3,13,,80.0,82.2,79.1,79.6,,69.9,0,1,40,5.3,72.1,2.5,1,4,0,0,0,2,5.0,248,7.1,75.9,29,30,10.6,3.13,1,3,10.0,66.7,20,18,9.1,36,83.7,2,14,,79.5,81.7,78.9,79.1,,69.9,0,1,36,11.1,77.8,5.6,2,4,0,0,0,2,5.6,245,8.2,66.7,6,7,9.8,3.44,1,0,0.0,42.9,3,3,25.0,7,16.3,1,0,,69.6,65.7,71.1,65.2,,,0,0,7,0.0,50.3,0.0,0,0,0,0,0,0,0.0,18,2.6,0,100.0,1,2,0.0,3.23,1,0,0.0,50.0,1,2,0.0,3,7.0,0,1,,65.5,56.2,68.2,56.5,,,0,0,3,50.0,75.0,33.3,1,0,0,0,0,0,0.0,15,7.5,-5.6
17,Josh Allen,46601,QB,BUF,1,6.0,0,42,4,76.9,26,29,10.3,3.11,1,1,3.2,65.5,19,18,5.0,36,85.7,1,10,,23.9,60.7,79.2,61.3,,56.6,0,0,39,27.8,92.5,13.9,5,2,0,2,0,2,5.1,249,8.6,73.9,23,25,7.1,2.75,1,0,0.0,64.0,16,11,5.9,30,71.4,1,8,,38.1,60.1,78.8,63.8,,49.2,0,0,32,36.4,83.6,13.3,4,1,0,1,0,1,3.1,169,6.8,88.9,9,10,8.8,3.2,0,1,9.1,70.0,7,7,12.5,12,28.6,1,3,,20.3,64.5,73.2,58.7,,65.9,0,0,13,14.3,99.2,8.3,1,1,0,1,0,1,7.7,93,9.3,0,83.3,6,6,-4.5,1.5,0,0,0.0,66.7,4,0,20.0,6,14.3,1,1,,68.9,65.6,70.6,65.0,,,0,0,6,,70.1,0.0,0,0,0,0,0,0,0.0,13,2.2,2.54
17,Justin Herbert,28237,QB,LAC,1,21.79,0,42,27,70.4,27,28,11.2,3.25,0,3,10.7,60.7,17,19,10.5,38,90.5,2,11,,23.6,68.5,78.6,69.3,,58.0,0,1,42,26.3,81.4,13.2,5,5,0,1,1,2,4.8,213,7.6,72.0,25,26,10.1,3.04,0,3,11.5,61.5,16,14,11.1,33,78.6,2,8,,37.6,75.3,78.3,78.0,,52.1,0,1,37,28.6,67.5,12.1,4,3,0,1,0,0,0.0,188,7.2,83.3,6,6,4.8,3.36,0,0,0.0,83.3,5,6,0.0,9,21.4,0,4,,18.3,47.1,71.9,40.9,,66.4,0,0,9,16.7,139.6,11.1,1,2,0,0,1,2,22.2,48,8.0,0,100.0,4,4,-5.3,1.73,0,0,0.0,100.0,4,1,0.0,4,9.5,0,1,,66.9,64.5,69.2,64.0,,,0,0,4,0.0,90.6,0.0,0,0,0,0,0,0,0.0,23,5.8,0.77
17,Matthew Stafford,4924,QB,LA,1,5.54,0,41,26,62.5,32,34,14.8,3.29,0,5,13.5,55.9,19,13,5.0,37,90.2,1,9,,40.1,71.6,78.7,74.2,,60.0,0,3,40,23.1,52.6,8.1,3,0,0,2,1,3,7.5,252,7.4,64.0,25,25,14.4,2.94,0,4,15.4,56.0,14,8,12.5,27,65.9,2,7,,29.6,67.3,77.9,71.0,,60.0,0,2,28,25.0,59.3,7.4,2,0,0,0,1,2,7.1,183,7.3,72.7,11,13,9.3,3.51,0,1,6.7,61.5,8,6,0.0,14,34.1,0,3,,73.9,71.4,73.9,70.4,,,0,1,16,16.7,74.5,7.1,1,0,0,2,1,1,6.3,86,6.6,0,100.0,4,4,-2.8,1.78,0,0,0.0,75.0,3,1,25.0,4,9.8,1,1,,66.9,56.6,69.2,56.8,,,0,0,4,0.0,121.9,0.0,0,0,0,0,1,0,0.0,17,4.3,-0.7
17,Jacoby Brissett,10725,QB,ARZ,1,-24.57,0,41,1,59.4,32,34,8.6,3.22,0,2,5.4,52.9,18,14,5.3,38,92.7,1,8,,79.2,60.0,78.3,59.6,,,0,0,41,28.6,89.5,10.5,4,0,0,2,2,0,0.0,193,5.7,67.9,28,29,7.2,3.04,0,2,6.3,62.1,18,13,5.3,33,80.5,1,7,,78.4,64.5,78.0,63.8,,,0,0,36,30.8,87.0,12.1,4,0,0,1,1,0,0.0,151,5.2,42.9,7,8,9.6,3.59,0,0,0.0,37.5,3,2,0.0,8,19.5,0,2,,70.3,50.8,71.5,51.5,,,0,0,8,0.0,104.7,0.0,0,0,0,1,1,0,0.0,61,7.6,0,100.0,3,3,-2.0,2.13,0,0,0.0,100.0,3,1,0.0,3,7.3,0,1,,65.5,63.8,68.2,63.4,,,0,0,3,0.0,93.1,0.0,0,0,0,0,0,0,0.0,19,6.3,2.42
17,Brock Purdy,77672,QB,SF,1,3.57,0,38,28,81.5,27,30,10.2,3.4,2,2,6.3,73.3,22,7,0.0,34,89.5,0,16,,78.9,83.0,79.0,79.5,,71.0,1,1,36,14.3,121.4,2.9,1,3,0,0,3,2,5.6,279,9.3,78.9,19,21,8.6,3.06,1,0,0.0,71.4,15,4,0.0,23,60.5,0,10,,76.9,61.9,78.4,59.3,,64.1,1,1,25,0.0,91.8,0.0,0,2,0,0,1,2,8.0,172,8.2,90.9,11,12,8.3,4.04,1,2,15.4,75.0,9,4,10.0,15,39.5,1,8,,73.9,94.0,73.9,92.9,,66.4,0,0,16,25.0,149.7,6.7,1,2,0,0,2,0,0.0,131,10.9,0,100.0,3,3,-7.0,3.8,0,0,0.0,66.7,2,1,33.3,4,10.5,1,2,,68.0,60.8,69.9,64.2,,58.3,0,0,5,0.0,91.0,0.0,0,1,0,0,0,0,0.0,24,8.0,2.73
17,Joe Burrow,28022,QB,CIN,1,-31.48,0,35,7,84.0,25,28,9.2,3.0,1,2,6.7,75.0,21,10,0.0,32,91.4,0,15,,78.6,83.1,78.8,81.5,,62.8,0,0,34,30.0,129.5,9.4,3,1,0,2,2,0,0.0,276,9.9,88.0,25,27,7.7,2.82,0,2,7.1,81.5,22,8,0.0,29,82.9,0,15,,77.9,89.0,78.5,86.0,,64.7,0,0,30,25.0,134.4,6.9,2,0,0,2,2,0,0.0,279,10.3,66.7,3,4,9.7,3.05,1,0,0.0,50.0,2,2,0.0,6,17.1,0,1,,69.6,51.5,71.1,53.8,,58.3,0,0,7,50.0,70.8,16.7,1,1,0,0,0,0,0.0,26,6.5,0,100.0,3,3,-2.7,1.37,0,0,0.0,100.0,3,0,0.0,3,8.6,0,1,,65.5,63.4,68.2,63.0,,,0,0,3,,106.9,0.0,0,0,0,0,0,0,0.0,29,9.7,-3.83
17,Jaxson Dart,146409,QB,NYG,1,30.77,0,35,21,73.9,23,25,7.9,3.07,1,0,0.0,68.0,17,9,0.0,30,85.7,0,11,,79.0,76.0,78.8,67.6,,80.0,0,0,31,22.2,89.6,6.7,2,3,0,1,0,0,0.0,185,7.4,75.0,24,26,6.0,2.78,1,0,0.0,69.2,18,6,0.0,28,80.0,0,9,,78.7,73.1,78.6,67.1,,74.9,0,0,29,16.7,84.3,3.6,1,1,0,1,0,0,0.0,153,5.9,100.0,4,4,4.0,3.73,0,0,0.0,100.0,4,3,0.0,7,20.0,0,3,,69.6,75.4,71.1,65.9,,70.8,0,0,7,33.3,118.8,14.3,1,2,0,0,0,0,0.0,54,13.5,0,100.0,5,5,-4.0,2.38,0,0,0.0,100.0,5,0,0.0,5,14.3,0,1,,68.0,64.8,69.9,64.3,,,0,0,5,,85.0,0.0,0,0,0,0,0,0,0.0,22,4.4,7.62
17,Jared Goff,10635,QB,DET,1,5.8,0,34,11,72.7,22,26,8.6,2.52,3,1,3.8,57.7,15,14,6.3,31,91.2,1,11,,20.0,45.2,78.8,50.5,,41.4,1,2,31,35.7,59.6,16.1,5,0,0,0,1,3,9.7,179,6.9,78.9,19,23,8.7,2.37,3,1,4.3,60.9,14,11,6.7,26,76.5,1,10,,25.9,64.3,78.5,70.7,,41.4,1,1,26,27.3,80.3,11.5,3,0,0,0,1,1,3.8,172,7.5,66.7,6,6,2.7,2.79,0,0,0.0,66.7,4,3,0.0,8,23.5,0,2,,17.4,24.3,71.5,25.5,,,0,1,8,66.7,35.4,25.0,2,0,0,0,0,2,25.0,25,4.2,0,100.0,3,3,-2.3,2.0,0,0,0.0,100.0,3,0,0.0,3,8.8,0,1,,65.5,63.5,68.2,63.1,,,0,0,3,,91.7,0.0,0,0,0,0,0,0,0.0,18,6.0,-3.31
17,Brady Cook,124199,QB,NYJ,1,17.58,0,34,22,66.7,27,30,6.2,2.81,0,0,0.0,56.7,17,10,5.6,31,91.2,1,5,,78.2,41.2,78.6,40.1,,60.8,1,1,32,10.0,56.3,3.2,1,0,0,2,0,3,9.4,150,5.0,62.5,24,26,6.1,2.45,1,0,0.0,53.8,14,8,6.7,27,79.4,1,3,,77.5,29.9,78.4,29.3,,60.8,0,1,28,12.5,47.4,3.7,1,0,0,1,0,4,14.3,103,4.0,100.0,5,7,2.0,3.66,0,0,0.0,71.4,5,3,0.0,7,20.6,0,2,,69.6,63.3,71.1,62.9,,,1,0,7,0.0,90.8,0.0,0,0,0,1,0,0,0.0,49,7.0,0,100.0,2,3,-5.5,1.57,1,0,0.0,66.7,2,1,0.0,3,8.8,0,0,,65.5,26.5,68.2,27.8,,,0,0,3,0.0,70.1,0.0,0,0,0,0,0,1,33.3,2,0.7,3.04
17,Geno Smith,7820,QB,LV,1,4.17,0,33,23,77.3,22,24,8.0,2.61,1,1,4.0,70.8,17,15,0.0,29,87.9,0,8,,77.6,50.9,78.0,52.1,,56.8,0,2,31,20.0,68.8,10.3,3,1,0,1,1,3,9.7,164,6.8,77.3,22,24,7.7,2.4,1,1,4.0,70.8,17,11,0.0,27,81.8,0,6,,77.2,52.9,77.8,52.7,,,0,2,29,27.3,64.6,11.1,3,0,0,1,1,3,10.3,140,5.8,100.0,3,4,0.3,2.73,0,0,0.0,75.0,3,4,0.0,6,18.2,0,2,,68.9,53.3,70.6,58.6,,56.8,0,0,6,0.0,102.1,0.0,0,1,0,1,0,0,0.0,36,9.0,0,100.0,3,4,-2.3,1.38,0,0,0.0,75.0,3,0,0.0,4,12.1,0,0,,66.9,61.3,69.2,61.1,,,0,0,4,,77.1,0.0,0,0,0,1,0,0,0.0,12,3.0,3.17
17,Philip Rivers,1725,QB,IND,1,-20.0,0,32,14,61.5,26,27,9.3,2.32,0,1,3.6,55.6,15,9,6.3,29,90.6,1,7,,77.6,54.9,78.3,54.3,,60.0,0,1,30,22.2,66.1,6.9,2,0,0,1,1,2,6.7,135,5.0,66.7,24,25,7.2,2.09,0,1,3.7,60.0,15,7,6.3,26,81.3,1,7,,77.3,65.6,78.1,64.5,,60.0,0,1,28,14.3,56.4,3.8,1,0,0,1,0,0,0.0,126,5.0,50.0,4,5,15.8,2.82,1,0,0.0,40.0,2,2,0.0,6,18.8,0,2,,68.9,32.3,70.6,34.6,,,0,0,6,50.0,92.5,16.7,1,0,0,0,1,2,33.3,21,4.2,0,100.0,2,3,-3.0,1.33,1,0,0.0,66.7,2,0,0.0,3,9.4,0,2,,66.9,61.0,69.2,60.8,,,0,0,4,,74.3,0.0,0,0,0,0,0,0,0.0,12,4.0,-0.84
17,Bryce Young,123943,QB,CAR,1,-11.11,0,31,5,76.5,17,21,2.3,3.24,1,0,0.0,52.4,11,10,15.4,28,90.3,2,5,,78.2,53.1,77.9,46.9,,66.6,0,1,29,20.0,38.4,7.1,2,5,0,3,0,1,3.4,39,1.9,81.3,16,18,1.4,2.82,0,0,0.0,61.1,11,9,15.4,23,74.2,2,4,,77.3,48.4,77.5,42.9,,65.0,0,1,24,22.2,42.4,8.7,2,3,0,2,0,1,4.2,37,2.1,75.0,4,6,2.3,3.83,1,0,0.0,50.0,3,2,0.0,8,25.8,0,2,,70.3,70.5,71.5,68.3,,63.4,0,0,8,0.0,56.3,0.0,0,2,0,1,0,0,0.0,17,2.8,0,100.0,3,3,-2.7,1.53,0,0,0.0,100.0,3,1,0.0,3,9.7,0,1,,65.5,63.1,68.2,62.8,,,0,0,3,0.0,87.5,0.0,0,0,0,0,0,0,0.0,15,5.0,0.77
17,Sam Darnold,29048,QB,SEA,1,-10.59,0,31,29,82.6,23,26,6.5,2.88,2,1,3.8,65.4,17,14,10.5,30,96.8,2,8,,32.0,56.2,0.0,60.5,,51.3,0,1,30,21.4,76.9,10.0,3,1,0,1,1,1,3.3,147,5.7,81.3,16,17,6.4,2.48,1,0,0.0,70.6,12,9,7.7,20,64.5,1,5,,27.6,52.0,0.0,57.2,,51.3,0,1,20,22.2,60.9,10.0,2,1,0,0,0,1,5.0,100,5.9,87.5,8,10,5.9,3.49,1,1,10.0,60.0,6,5,14.3,11,35.5,1,3,,71.9,66.3,72.6,65.7,,,0,0,11,20.0,105.0,9.1,1,0,0,1,1,0,0.0,47,4.7,0,100.0,1,1,-1.0,1.5,0,0,0.0,100.0,1,0,0.0,1,3.2,0,0,,60.4,60.2,64.6,60.0,,,0,0,1,,79.2,0.0,0,0,0,0,0,0,0.0,0,0.0,-1.18
17,Tyler Shough,83537,QB,NO,1,-1.82,0,31,20,80.0,25,25,12.0,2.72,0,3,11.5,80.0,20,14,0.0,29,93.5,0,11,,27.1,76.5,78.2,80.4,,49.6,0,0,31,14.3,145.4,6.9,2,2,0,0,2,1,3.2,327,13.1,81.8,22,22,11.3,2.38,0,3,13.0,81.8,18,10,0.0,25,80.6,0,10,,25.9,78.5,77.8,79.3,,56.2,0,0,26,20.0,146.8,8.0,2,1,0,0,2,1,3.8,263,12.0,80.0,5,5,8.8,3.67,0,0,0.0,80.0,4,4,0.0,6,19.4,0,1,,69.6,62.0,71.1,70.3,,51.6,0,0,7,0.0,118.8,0.0,0,1,0,0,0,0,0.0,70,14.0,0,100.0,2,2,-3.5,1.3,0,0,0.0,100.0,2,0,0.0,2,6.5,0,0,,63.6,62.6,66.9,62.2,,,0,0,2,,79.2,0.0,0,0,0,0,0,0,0.0,6,3.0,2.05
17,Jalen Hurts,40291,QB,PHI,1,-15.13,0,30,24,63.2,19,25,12.9,3.42,0,2,8.0,44.0,11,12,8.3,27,90.0,1,6,,77.3,68.5,78.0,69.7,,54.4,0,0,27,8.3,68.9,3.7,1,1,0,6,1,0,0.0,101,4.0,73.3,15,19,8.0,3.06,0,1,5.3,52.6,10,9,9.1,22,73.3,1,4,,76.3,62.9,77.7,64.6,,54.4,0,0,22,11.1,63.3,4.5,1,1,0,4,0,0,0.0,79,4.2,50.0,6,8,19.8,3.39,0,1,12.5,37.5,3,3,0.0,8,26.7,0,2,,70.3,73.0,71.5,71.8,,,0,0,8,0.0,89.1,0.0,0,0,0,2,1,0,0.0,31,3.9,0,100.0,2,2,-3.5,0.73,0,0,0.0,100.0,2,0,0.0,3,10.0,0,0,,65.5,59.7,68.2,59.7,,,0,0,3,,85.4,0.0,0,0,0,0,0,0,0.0,9,4.5,-0.28
17,Shedeur Sanders,131396,QB,CLV,1,-36.67,0,29,8,76.2,21,22,8.3,3.25,0,1,4.3,72.7,16,14,0.0,27,93.1,0,9,,77.3,52.3,78.2,54.9,,50.3,1,2,28,14.3,75.4,7.4,2,3,0,0,1,2,7.1,187,8.5,86.7,15,15,7.7,2.72,0,0,0.0,86.7,13,11,0.0,19,65.5,0,7,,75.5,73.0,77.6,73.6,,57.4,0,1,20,18.2,97.5,10.5,2,1,0,0,1,0,0.0,131,8.7,57.1,7,8,7.7,3.87,0,1,12.5,50.0,4,4,0.0,10,34.5,0,2,,71.4,26.7,72.3,27.8,,52.3,1,1,10,0.0,32.8,0.0,0,2,0,0,0,2,20.0,55,6.9,0,100.0,1,1,-5.0,1.3,0,0,0.0,100.0,1,1,0.0,2,6.9,0,0,,63.6,58.9,66.9,59.0,,,0,0,2,0.0,79.2,0.0,0,0,0,0,0,0,0.0,-1,-1.0,-1.85
17,Quinn Ewers,127253,QB,MIA,1,0.0,0,28,17,64.7,17,19,12.1,2.55,1,1,5.3,57.9,11,6,0.0,23,82.1,0,6,,25.1,46.5,78.3,43.1,,65.3,0,0,23,33.3,117.2,8.7,2,1,0,1,2,1,4.3,145,7.6,63.6,11,11,11.5,2.08,0,1,9.1,63.6,7,4,0.0,16,57.1,0,3,,74.8,54.4,77.7,50.1,,65.3,0,0,16,50.0,133.3,12.5,2,1,0,0,2,1,6.3,102,9.3,77.8,9,11,8.2,2.73,1,0,0.0,63.6,7,3,0.0,12,42.9,0,4,,20.5,44.2,73.2,45.3,,,0,0,13,0.0,81.6,0.0,0,0,0,1,0,0,0.0,70,6.4,0,100.0,3,3,-1.7,1.48,0,0,0.0,100.0,3,1,0.0,5,17.9,0,1,,68.9,59.9,70.6,59.8,,,0,0,6,0.0,104.2,0.0,0,0,0,0,0,0,0.0,27,9.0,-2.91
17,C.J. Stroud,129759,QB,HST,1,42.5,0,28,13,61.9,21,25,11.8,2.5,1,2,7.7,52.0,13,9,0.0,25,89.3,0,8,,77.9,67.2,78.8,66.9,,58.2,1,2,27,0.0,77.6,0.0,0,0,0,2,2,1,3.7,233,9.3,52.9,17,20,9.0,2.23,1,1,4.8,45.0,9,8,0.0,20,71.4,0,3,,76.9,51.2,78.5,50.7,,58.2,1,2,22,0.0,43.3,0.0,0,0,0,1,1,1,4.5,128,6.4,100.0,7,8,11.9,2.96,0,1,12.5,87.5,7,2,0.0,8,28.6,0,5,,70.3,92.7,71.5,91.6,,,0,0,8,0.0,158.3,0.0,0,0,0,1,1,0,0.0,116,14.5,0,100.0,3,3,-4.0,1.9,0,0,0.0,100.0,3,1,0.0,3,10.7,0,0,,65.5,63.4,68.2,63.0,,,0,0,3,0.0,81.9,0.0,0,0,0,0,0,0,0.0,11,3.7,8.1
17,Malik Willis,60341,QB,GB,1,-3.33,0,27,12,100.0,17,18,13.5,3.35,0,2,10.5,83.3,15,12,11.8,24,88.9,2,13,,77.4,95.9,76.8,93.1,,87.4,1,0,26,8.3,137.3,4.2,1,5,0,0,1,0,0.0,276,15.3,100.0,15,15,10.6,2.94,0,2,12.5,86.7,13,10,13.3,20,74.1,2,10,,76.4,94.8,76.3,91.5,,86.9,0,0,21,10.0,141.0,5.0,1,4,0,0,1,0,0.0,212,14.1,100.0,5,6,12.0,3.93,0,0,0.0,83.3,5,3,0.0,7,25.9,0,4,,70.3,86.7,71.5,83.3,,66.4,1,0,8,0.0,118.8,0.0,0,1,0,0,0,0,0.0,76,12.7,0,100.0,3,3,-3.7,2.0,0,0,0.0,100.0,3,1,0.0,3,11.1,0,1,,65.5,63.8,68.2,63.4,,,0,0,3,0.0,83.3,0.0,0,0,0,0,0,0,0.0,12,4.0,-1.46
17,Josh Johnson,4474,QB,WAS,1,-32.14,0,26,32,66.7,18,20,10.1,2.84,0,0,0.0,60.0,12,9,0.0,23,88.5,0,9,,76.1,66.9,77.5,68.2,,54.6,0,0,24,11.1,83.8,4.3,1,2,1,1,0,0,0.0,152,7.6,80.0,15,16,7.3,2.44,0,0,0.0,75.0,12,5,0.0,18,69.2,0,7,,74.8,74.7,77.0,75.1,,58.3,0,0,19,20.0,94.3,5.6,1,1,1,0,0,0,0.0,114,7.1,50.0,6,7,10.7,3.44,0,0,0.0,42.9,3,4,0.0,8,30.8,0,3,,70.3,52.0,71.5,54.0,,58.3,0,0,8,0.0,87.8,0.0,0,1,0,1,0,0,0.0,84,12.0,0,100.0,3,3,-2.3,2.07,0,0,0.0,100.0,3,0,0.0,3,11.5,0,1,,65.5,63.8,68.2,63.4,,,0,0,3,,118.8,0.0,0,0,0,0,0,0,0.0,46,15.3,4.87
17,Chris Oladokun,40364,QB,KC,1,-11.11,0,25,16,71.4,14,18,7.1,3.41,1,0,0.0,55.6,10,10,0.0,21,84.0,0,4,,24.0,53.5,77.3,54.9,,54.5,1,0,22,10.0,81.9,4.8,1,2,1,1,1,1,4.5,65,3.6,75.0,16,18,4.8,2.8,0,0,0.0,61.1,11,6,8.3,19,76.0,1,4,,23.0,54.2,77.0,54.6,,58.3,1,0,19,0.0,84.3,0.0,0,1,1,0,1,1,5.3,55,3.1,100.0,2,4,3.5,4.18,1,0,0.0,50.0,2,4,0.0,6,24.0,0,0,,69.6,60.2,71.1,62.7,,58.3,0,0,7,25.0,56.3,16.7,1,1,0,1,0,0,0.0,11,2.8,0,100.0,4,4,-4.3,1.68,0,0,0.0,75.0,3,0,25.0,4,16.0,1,0,,66.9,64.2,69.2,63.7,,,0,0,4,,77.1,0.0,0,0,0,0,0,0,0.0,1,0.3,-0.31
17,Max Brosmer,105568,QB,MIN,1,-10.0,0,25,18,63.6,11,14,6.5,3.31,0,0,0.0,50.0,7,11,0.0,21,84.0,0,3,,76.1,50.3,78.1,47.9,,61.2,1,0,24,45.5,58.6,23.8,5,2,0,2,0,0,0.0,50,3.6,66.7,9,10,3.4,3.05,0,0,0.0,60.0,6,9,0.0,17,68.0,0,1,,74.8,47.9,77.8,43.7,,62.6,0,0,19,66.7,64.6,35.3,6,1,0,1,0,0,0.0,28,2.8,75.0,4,6,7.3,3.39,0,0,0.0,50.0,3,3,0.0,8,32.0,0,2,,18.1,34.6,71.9,36.6,,58.3,1,0,9,33.3,59.7,12.5,1,1,0,1,0,1,11.1,23,3.8,0,100.0,2,2,-6.0,2.33,0,0,0.0,100.0,2,1,0.0,4,16.0,0,0,,14.2,25.5,69.2,26.7,,,0,0,4,200.0,79.2,50.0,2,0,0,0,0,1,25.0,1,0.5,1.03
17,Tyler Huntley,46448,QB,BLT,1,4.76,0,24,3,83.3,18,18,5.2,2.85,0,0,0.0,77.8,14,13,6.7,22,91.7,1,9,,77.5,82.1,79.5,68.1,,85.5,0,0,22,7.7,108.1,4.5,1,3,0,0,1,0,0.0,99,5.5,78.6,14,14,5.2,2.48,0,0,0.0,78.6,11,8,0.0,16,66.7,0,7,,76.2,78.0,79.2,63.4,,82.8,0,0,16,0.0,114.6,0.0,0,2,0,0,1,0,0.0,81,5.8,100.0,6,6,1.8,3.19,0,0,0.0,83.3,5,5,16.7,8,33.3,1,2,,70.3,78.2,71.5,72.0,,64.4,0,0,8,20.0,84.7,12.5,1,1,0,0,0,0,0.0,26,4.3,0,100.0,2,2,-4.5,1.25,0,0,0.0,100.0,2,0,0.0,2,8.3,0,0,,63.6,62.4,66.9,62.1,,,0,0,2,,83.3,0.0,0,0,0,0,0,0,0.0,8,4.0,-1.46
17,Drake Maye,143969,QB,NE,1,11.76,0,24,19,100.0,19,20,9.0,3.36,0,0,0.0,90.0,18,9,5.3,23,95.8,1,15,,76.9,90.8,78.0,85.8,,78.3,1,0,26,11.1,158.3,4.3,1,2,0,0,4,0,0.0,253,12.7,100.0,16,17,8.3,3.11,0,0,0.0,88.2,15,8,6.3,18,75.0,1,13,,75.7,85.0,77.6,80.7,,70.0,1,0,21,0.0,158.3,0.0,0,1,0,0,3,0,0.0,213,12.5,100.0,4,4,9.5,3.7,0,0,0.0,100.0,4,1,0.0,6,25.0,0,3,,69.6,88.9,71.1,81.1,,65.9,0,0,7,100.0,151.0,16.7,1,1,0,0,2,0,0.0,43,10.8,0,100.0,1,1,0.0,0.9,0,0,0.0,100.0,1,0,0.0,1,4.2,0,1,,63.6,62.3,66.9,62.0,,,0,0,2,,118.8,0.0,0,0,0,0,1,0,0.0,3,3.0,-1.78
17,Kirk Cousins,7102,QB,ATL,1,-12.09,0,21,2,62.5,16,17,10.8,2.74,0,0,0.0,58.8,10,10,0.0,17,81.0,0,8,,74.6,63.1,0.0,66.0,,60.0,1,0,17,0.0,96.9,0.0,0,0,0,0,1,1,5.9,107,6.3,69.2,13,13,8.4,2.41,0,0,0.0,69.2,9,5,0.0,14,66.7,0,7,,73.7,62.0,0.0,65.5,,60.0,0,0,14,0.0,111.1,0.0,0,0,0,0,1,1,7.1,80,6.2,66.7,6,7,7.7,2.76,0,0,0.0,57.1,4,5,0.0,7,33.3,0,2,,69.6,63.7,71.1,63.3,,,1,0,7,0.0,77.1,0.0,0,0,0,0,0,0,0.0,46,6.6,0,100.0,3,3,-5.7,1.6,0,0,0.0,100.0,3,0,0.0,4,19.0,0,1,,66.9,61.3,69.2,61.1,,,0,0,4,,93.1,0.0,0,0,0,0,0,0,0.0,19,6.3,0.42
17,Joe Flacco,4332,QB,CIN,1,-75.0,0,6,7,66.7,3,4,5.3,2.52,0,0,0.0,50.0,2,1,0.0,5,83.3,0,2,,71.0,55.4,72.9,47.8,,65.7,0,0,5,0.0,59.4,0.0,0,1,0,1,0,0,0.0,15,3.8,75.0,4,4,3.5,2.4,0,0,0.0,75.0,3,0,0.0,5,83.3,0,2,,71.0,57.8,72.9,50.7,,65.7,0,0,5,,89.6,0.0,0,1,0,0,0,0,0.0,24,6.0,,0,1,,2.6,0,0,0.0,0.0,0,1,,1,16.7,0,0,,60.4,60.0,64.6,60.0,,,0,0,1,0.0,39.6,0.0,0,0,0,1,0,0,0.0,0,0.0,0,100.0,1,1,-2.0,2.0,0,0,0.0,100.0,1,0,0.0,1,16.7,0,0,,60.4,60.3,64.6,60.1,,,0,0,1,,104.2,0.0,0,0,0,0,0,0,0.0,9,9.0,-6.0
17,Clayton Tune,77652,QB,GB,1,-25.0,0,5,12,50.0,4,4,4.8,2.92,0,0,0.0,25.0,1,3,50.0,5,100.0,1,1,,69.2,38.0,71.5,41.9,,56.7,0,1,5,33.3,0.0,20.0,1,0,0,0,0,0,0.0,8,2.0,50.0,4,4,4.8,2.92,0,0,0.0,25.0,1,3,50.0,5,100.0,1,1,,69.2,38.0,71.5,41.9,,56.7,0,1,5,33.3,0.0,20.0,1,0,0,0,0,0,0.0,8,2.0,,0,0,,,0,0,,,0,0,,0,0.0,0,0,,,,,,,,0,0,0,,0.0,,0,0,0,0,0,0,,0,,0,,0,0,,,0,0,,,0,0,,0,0.0,0,0,,,,,,,,0,0,0,,0.0,,0,0,0,0,0,0,,0,,-2.0
17,Joshua Dobbs,11890,QB,NE,1,33.33,0,4,19,66.7,3,3,13.7,2.73,0,1,33.3,66.7,2,0,0.0,3,75.0,0,0,,68.7,86.4,73.2,86.2,,60.0,0,0,3,,70.1,0.0,0,0,0,0,0,0,0.0,7,2.3,66.7,3,3,13.7,2.73,0,1,33.3,66.7,2,0,0.0,3,75.0,0,0,,68.7,86.4,73.2,86.2,,60.0,0,0,3,,70.1,0.0,0,0,0,0,0,0,0.0,7,2.3,100.0,1,1,-2.0,2.7,0,0,0.0,100.0,1,0,0.0,1,25.0,0,1,,60.4,60.3,64.6,60.1,,,0,0,1,,118.8,0.0,0,0,0,0,0,0,0.0,23,23.0,0,100.0,1,1,-2.0,2.7,0,0,0.0,100.0,1,0,0.0,1,25.0,0,1,,60.4,60.3,64.6,60.1,,,0,0,1,,118.8,0.0,0,0,0,0,0,0,0.0,23,23.0,20.67
17,Kenny Pickett,60515,QB,LV,1,-100.0,0,3,23,100.0,2,2,7.5,4.03,0,0,0.0,100.0,2,1,0.0,3,100.0,0,0,,66.9,64.6,70.6,58.0,,63.1,0,0,4,100.0,100.0,33.3,1,0,0,0,0,0,0.0,16,8.0,100.0,2,2,7.5,4.03,0,0,0.0,100.0,2,1,0.0,3,100.0,0,0,,66.9,64.6,70.6,58.0,,63.1,0,0,4,100.0,100.0,33.3,1,0,0,0,0,0,0.0,16,8.0,,0,0,,,0,0,,,0,0,,0,0.0,0,0,,,,,,,,0,0,0,,0.0,,0,0,0,0,0,0,,0,,0,,0,0,,,0,0,,,0,0,,0,0.0,0,0,,,,,,,,0,0,0,,0.0,,0,0,0,0,0,0,,0,,-8.0
17,Riley Leonard,143862,QB,IND,1,0.0,0,1,14,0.0,1,1,51.0,4.1,0,0,0.0,0.0,0,1,,1,100.0,0,0,,60.4,59.6,64.6,59.7,,,0,1,1,0.0,0.0,0.0,0,0,0,0,0,0,0.0,0,0.0,0.0,1,1,51.0,4.1,0,0,0.0,0.0,0,1,,1,100.0,0,0,,60.4,59.6,64.6,59.7,,,0,1,1,0.0,0.0,0.0,0,0,0,0,0,0,0.0,0,0.0,,0,0,,,0,0,,,0,0,,0,0.0,0,0,,,,,,,,0,0,0,,0.0,,0,0,0,0,0,0,,0,,0,,0,0,,,0,0,,,0,0,,0,0.0,0,0,,,,,,,,0,0,0,,0.0,,0,0,0,0,0,0,,0,,0.0
17,Treylon Burks,99218,WR,WAS,1,0.0,0,1,32,,0,0,,8.0,0,0,,,0,1,,1,100.0,0,0,64.7,63.8,52.9,77.4,60.0,53.1,,0,0,1,100.0,0.0,100.0,1,0,0,0,0,0,0.0,0,,,0,0,,,0,0,,,0,0,,0,0.0,0,0,64.7,61.2,53.6,77.1,,53.3,,0,0,0,,0.0,,0,0,0,0,0,0,,0,,,0,0,,8.0,0,0,,,0,1,,1,100.0,0,0,,60.4,53.6,70.5,60.0,56.0,,0,0,1,100.0,0.0,100.0,1,0,0,0,0,0,0.0,0,,0,,0,0,,,0,0,,,0,0,,0,0.0,0,0,,,55.5,67.9,,56.8,,0,0,0,,0.0,,0,0,0,0,0,0,,0,,0.0
17,Austin McNamara,99363,P,NYJ,1,-100.0,0,1,22,100.0,1,1,3.0,2.9,0,0,0.0,100.0,1,0,0.0,1,100.0,0,1,,60.4,70.2,67.4,66.9,,,0,0,1,,79.2,0.0,0,0,0,0,0,0,0.0,3,3.0,100.0,1,1,3.0,2.9,0,0,0.0,100.0,1,0,0.0,1,100.0,0,1,,60.4,70.2,67.4,66.9,,,0,0,1,,79.2,0.0,0,0,0,0,0,0,0.0,3,3.0,,0,0,,,0,0,,,0,0,,0,0.0,0,0,,,,,,,,0,0,0,,0.0,,0,0,0,0,0,0,,0,,0,,0,0,,,0,0,,,0,0,,0,0.0,0,0,,,,,,,,0,0,0,,0.0,,0,0,0,0,0,0,,0,,-3.0
week,player,player_id,position,team_name,player_game_count,comp_pct_diff,declined_penalties,dropbacks,franchise_id,no_screen_accuracy_percent,no_screen_aimed_passes,no_screen_attempts,no_screen_avg_depth_of_target,no_screen_avg_time_to_throw,no_screen_bats,no_screen_big_time_throws,no_screen_btt_rate,no_screen_completion_percent,no_screen_completions,no_screen_def_gen_pressures,no_screen_drop_rate,no_screen_dropbacks,no_screen_dropbacks_percent,no_screen_drops,no_screen_first_downs,no_screen_grades_hands_drop,no_screen_grades_hands_fumble,no_screen_grades_offense,no_screen_grades_offense_penalty,no_screen_grades_pass,no_screen_grades_pass_route,no_screen_grades_run,no_screen_hit_as_threw,no_screen_interceptions,no_screen_passing_snaps,no_screen_pressure_to_sack_rate,no_screen_qb_rating,no_screen_sack_percent,no_screen_sacks,no_screen_scrambles,no_screen_spikes,no_screen_thrown_aways,no_screen_touchdowns,no_screen_turnover_worthy_plays,no_screen_twp_rate,no_screen_yards,no_screen_ypa,npa_accuracy_percent,npa_aimed_passes,npa_attempts,npa_avg_depth_of_target,npa_avg_time_to_throw,npa_bats,npa_big_time_throws,npa_btt_rate,npa_completion_percent,npa_completions,npa_def_gen_pressures,npa_drop_rate,npa_dropbacks,npa_dropbacks_percent,npa_drops,npa_first_downs,npa_grades_hands_drop,npa_grades_hands_fumble,npa_grades_offense,npa_grades_offense_penalty,npa_grades_pass,npa_grades_pass_route,npa_grades_run,npa_hit_as_threw,npa_interceptions,npa_passing_snaps,npa_pressure_to_sack_rate,npa_qb_rating,npa_sack_percent,npa_sacks,npa_scrambles,npa_spikes,npa_thrown_aways,npa_touchdowns,npa_turnover_worthy_plays,npa_twp_rate,npa_yards,npa_ypa,pa_accuracy_percent,pa_aimed_passes,pa_attempts,pa_avg_depth_of_target,pa_avg_time_to_throw,pa_bats,pa_big_time_throws,pa_btt_rate,pa_completion_percent,pa_completions,pa_def_gen_pressures,pa_drop_rate,pa_dropbacks,pa_dropbacks_percent,pa_drops,pa_first_downs,pa_grades_hands_drop,pa_grades_hands_fumble,pa_grades_offense,pa_grades_offense_penalty,pa_grades_pass,pa_grades_pass_route,pa_grades_run,pa_hit_as_threw,pa_interceptions,pa_passing_snaps,pa_pressure_to_sack_rate,pa_qb_rating,pa_sack_percent,pa_sacks,pa_scrambles,pa_spikes,pa_thrown_aways,pa_touchdowns,pa_turnover_worthy_plays,pa_twp_rate,pa_yards,pa_ypa,penalties,screen_accuracy_percent,screen_aimed_passes,screen_attempts,screen_avg_depth_of_target,screen_avg_time_to_throw,screen_bats,screen_big_time_throws,screen_btt_rate,screen_completion_percent,screen_completions,screen_def_gen_pressures,screen_drop_rate,screen_dropbacks,screen_dropbacks_percent,screen_drops,screen_first_downs,screen_grades_hands_drop,screen_grades_hands_fumble,screen_grades_offense,screen_grades_offense_penalty,screen_grades_pass,screen_grades_pass_route,screen_grades_run,screen_hit_as_threw,screen_interceptions,screen_passing_snaps,screen_pressure_to_sack_rate,screen_qb_rating,screen_sack_percent,screen_sacks,screen_scrambles,screen_spikes,screen_thrown_aways,screen_touchdowns,screen_turnover_worthy_plays,screen_twp_rate,screen_yards,screen_ypa,ypa_diff
18,Trey Lance,91399,QB,LAC,1,5.26,0,53,27,50.0,32,39,10.4,2.7,0,0,0.0,38.5,15,22,6.3,48,90.6,1,9,,35.8,34.4,0.0,28.8,,77.7,2,1,50,18.2,36.0,8.3,4,5,3,2,0,3,6.0,117,3.0,56.3,32,38,9.2,2.52,0,0,0.0,44.7,17,17,5.6,44,83.0,1,8,,80.5,40.1,0.0,34.8,,73.0,2,1,45,11.8,41.8,4.5,2,4,3,1,0,2,4.4,122,3.2,60.0,5,6,7.4,3.06,0,0,0.0,50.0,3,5,0.0,9,17.0,0,2,,18.9,37.8,72.3,29.9,,65.6,0,0,10,40.0,56.3,22.2,2,1,0,1,0,1,10.0,14,2.3,0,100.0,5,5,-0.8,1.78,0,0,0.0,100.0,5,0,0.0,5,9.4,0,1,,68.0,65.1,69.9,64.6,,,0,0,5,,82.5,0.0,0,0,0,0,0,0,0.0,19,3.8,-0.88
18,Aaron Rodgers,2241,QB,PIT,1,-12.87,0,50,25,62.9,35,38,9.5,2.6,0,2,5.0,57.9,22,10,0.0,41,82.0,0,11,,79.5,68.3,79.1,66.1,,63.9,0,0,43,20.0,84.5,4.9,2,1,0,3,1,1,2.3,232,6.1,74.3,35,38,6.3,2.4,0,2,5.0,68.4,26,8,0.0,41,82.0,0,15,,79.5,75.9,79.1,73.4,,63.9,0,0,43,25.0,98.6,4.9,2,1,0,3,1,1,2.3,280,7.4,55.6,9,9,8.4,2.78,0,0,0.0,55.6,5,2,0.0,9,18.0,0,0,,70.9,46.2,71.9,47.2,,,0,0,9,0.0,60.9,0.0,0,0,0,0,0,0,0.0,14,1.6,0,100.0,9,9,-3.8,1.86,0,0,0.0,100.0,9,0,0.0,9,18.0,0,4,,70.9,67.4,71.9,66.8,,,0,0,9,,95.4,0.0,0,0,0,0,0,0,0.0,62,6.9,-5.81
18,Tanner McKee,131770,QB,PHI,1,15.36,0,45,24,67.7,31,38,10.7,2.99,0,0,0.0,50.0,19,20,9.5,43,95.6,2,12,,79.6,52.3,78.8,54.0,,51.5,1,1,44,15.0,66.8,7.0,3,2,0,6,1,1,2.3,230,6.1,64.0,25,29,10.0,2.53,0,0,0.0,48.3,14,12,12.5,31,68.9,2,7,,77.7,45.3,78.0,45.4,,,1,1,32,16.7,56.8,6.5,2,0,0,3,1,1,3.1,121,4.2,87.5,8,11,8.8,3.81,0,0,0.0,63.6,7,8,0.0,14,31.1,0,6,,73.2,69.7,73.5,74.7,,51.5,0,0,14,12.5,100.6,7.1,1,2,0,3,0,0,0.0,120,10.9,0,100.0,2,2,-6.5,1.6,0,0,0.0,100.0,2,0,0.0,2,4.4,0,1,,63.6,62.6,66.9,62.2,,,0,0,2,,89.6,0.0,0,0,0,0,0,0,0.0,11,5.5,6.74
18,Jared Goff,10635,QB,DET,1,15.0,0,44,11,86.2,29,37,7.0,2.61,3,0,0.0,64.9,24,16,4.0,39,88.6,1,17,,78.9,80.5,0.0,81.0,60.0,,0,1,39,12.5,89.7,5.1,2,0,0,5,1,1,2.6,318,8.6,78.3,23,30,6.7,2.48,2,0,0.0,60.0,18,11,0.0,31,70.5,0,13,,77.6,74.1,0.0,75.0,,,0,1,31,9.1,81.8,3.2,1,0,0,5,1,1,3.2,234,7.8,100.0,10,12,4.0,2.62,1,0,0.0,75.0,9,5,10.0,13,29.5,1,4,,72.8,77.0,73.5,76.1,60.0,,0,0,13,20.0,98.3,7.7,1,0,0,1,0,0,0.0,97,8.1,0,75.0,4,5,-2.0,1.88,0,0,0.0,60.0,3,0,0.0,5,11.4,0,0,,68.0,54.9,69.9,55.2,,,0,0,5,,64.6,0.0,0,0,0,1,0,0,0.0,13,2.6,0.28
18,Tyler Shough,83537,QB,NO,1,36.36,0,42,20,66.7,30,31,10.2,3.0,0,2,6.1,61.3,19,18,5.0,38,90.5,1,11,,79.2,53.5,79.0,52.5,,61.1,0,1,41,22.2,81.0,10.5,4,3,0,1,1,2,4.9,227,7.3,68.8,32,33,8.5,2.54,0,2,5.9,63.6,21,14,4.5,36,85.7,1,10,,78.7,48.8,78.9,50.7,,51.1,0,1,38,14.3,81.9,5.6,2,1,0,1,1,2,5.3,232,7.0,100.0,2,2,7.5,4.55,0,0,0.0,100.0,2,4,0.0,6,14.3,0,2,,69.6,76.5,71.1,68.4,,70.1,0,0,7,50.0,118.8,33.3,2,2,0,0,0,0,0.0,27,13.5,0,100.0,4,4,-5.0,1.25,0,0,0.0,100.0,4,0,0.0,4,9.5,0,1,,66.9,64.4,69.2,63.9,,,0,0,4,,100.0,0.0,0,0,0,0,0,0,0.0,32,8.0,6.47
18,Matthew Stafford,4924,QB,LA,1,-14.67,0,42,26,81.8,33,38,9.2,2.84,0,1,2.6,63.2,24,15,11.1,40,95.2,3,16,,79.3,83.2,79.3,82.5,,58.3,2,0,42,6.7,117.7,2.5,1,1,1,2,4,2,4.8,254,6.7,81.8,22,25,8.9,2.44,0,1,3.8,68.0,17,10,5.6,26,61.9,1,10,,77.0,85.5,78.5,83.8,,,1,0,28,10.0,101.8,3.8,1,0,1,1,1,2,7.1,178,7.1,83.3,12,15,9.0,3.32,0,0,0.0,53.3,8,5,20.0,16,38.1,2,6,,73.9,67.7,73.9,68.7,,58.3,1,0,16,0.0,108.6,0.0,0,1,0,2,3,0,0.0,81,5.4,0,100.0,1,2,-1.0,1.5,0,0,0.0,50.0,1,0,0.0,2,4.8,0,0,,63.6,58.8,66.9,58.9,,,0,0,2,,56.3,0.0,0,0,0,1,0,0,0.0,5,2.5,-1.72
18,Joe Burrow,28022,QB,CIN,1,28.57,0,42,7,77.1,35,37,6.6,2.74,1,2,5.3,73.0,27,12,0.0,40,95.2,0,15,,79.4,82.2,79.2,77.6,,73.8,0,1,41,16.7,103.9,5.0,2,1,0,1,3,0,0.0,224,6.1,75.8,33,35,6.6,2.66,1,2,5.6,71.4,25,12,0.0,38,90.5,0,16,,79.1,80.5,79.1,76.0,,73.8,0,1,39,16.7,103.5,5.3,2,1,0,1,3,0,0.0,212,6.1,100.0,4,4,0.8,3.03,0,0,0.0,100.0,4,0,0.0,4,9.5,0,0,,66.9,73.5,69.2,72.3,,,0,0,4,,91.7,0.0,0,0,0,0,0,0,0.0,24,6.0,0,100.0,2,2,-4.0,1.8,0,0,0.0,100.0,2,0,0.0,2,4.8,0,1,,63.6,62.4,66.9,62.1,,,0,0,2,,91.7,0.0,0,0,0,0,0,0,0.0,12,6.0,-0.06
18,Jaxson Dart,146409,QB,NYG,1,-2.56,0,40,21,72.0,25,27,8.4,2.96,1,2,6.7,63.0,17,13,5.6,34,85.0,1,12,,28.7,61.0,79.4,59.8,60.0,62.0,0,0,38,30.8,92.5,11.8,4,3,0,1,1,1,2.6,166,6.1,76.0,25,26,7.2,2.47,0,2,7.1,69.2,18,11,5.3,30,75.0,1,11,,78.4,69.5,79.1,70.2,60.0,56.3,0,0,33,18.2,114.7,6.7,2,1,0,1,2,0,0.0,183,7.0,80.0,5,6,3.2,3.67,1,0,0.0,66.7,4,4,0.0,10,25.0,0,4,,19.5,40.9,72.9,34.8,60.0,66.4,0,0,11,50.0,90.3,20.0,2,2,0,0,0,1,9.1,47,7.8,0,100.0,5,5,-2.6,1.65,0,0,0.0,100.0,5,2,0.0,6,15.0,0,3,,68.9,62.6,70.6,62.3,,,0,0,6,0.0,158.3,0.0,0,0,0,0,1,0,0.0,64,12.8,0.79
18,Jacoby Brissett,10725,QB,ARZ,1,9.6,0,39,1,84.0,25,28,9.5,3.06,0,3,10.0,71.4,20,22,4.8,36,92.3,1,12,,28.1,75.3,78.3,74.4,,61.4,0,1,38,27.3,104.5,16.7,6,2,0,3,2,1,2.6,228,8.1,84.2,19,22,11.3,2.99,0,2,8.7,68.2,15,17,6.3,29,74.4,1,10,,26.3,67.3,77.7,66.4,,61.4,0,1,30,29.4,105.7,17.2,5,2,0,3,2,1,3.3,187,8.5,87.5,8,9,1.5,3.18,0,1,10.0,77.8,7,6,0.0,10,25.6,0,3,,71.9,83.6,72.6,81.7,,,0,0,11,16.7,92.6,10.0,1,0,0,1,0,0,0.0,56,6.2,0,100.0,2,3,-5.0,2.8,0,0,0.0,66.7,2,1,0.0,3,7.7,0,1,,65.5,60.1,68.2,60.1,,,0,0,3,0.0,78.5,0.0,0,0,0,1,0,0,0.0,15,5.0,-2.28
18,Riley Leonard,143862,QB,IND,1,-15.09,0,38,14,76.7,30,33,10.8,2.88,0,4,11.8,60.6,20,14,13.0,36,94.7,3,11,,28.0,85.0,78.8,80.6,,73.4,0,1,37,7.1,92.4,2.8,1,2,0,3,2,2,5.4,255,7.7,73.7,19,19,9.5,2.35,0,2,10.5,68.4,13,4,7.1,19,50.0,1,7,,75.3,86.9,77.6,84.2,,64.2,0,1,19,0.0,108.2,0.0,0,0,0,0,2,1,5.3,164,8.6,83.3,12,15,11.8,3.22,0,2,12.5,53.3,8,10,20.0,19,50.0,2,5,,23.1,71.2,74.7,66.4,,69.8,0,0,20,10.0,76.0,5.3,1,2,0,3,0,1,5.0,106,7.1,0,100.0,1,1,-3.0,1.1,0,0,0.0,100.0,1,0,0.0,2,5.3,0,1,,63.6,58.6,66.9,58.7,,,0,0,2,,118.8,0.0,0,0,0,0,0,0,0.0,15,15.0,-1.56
18,Kirk Cousins,7102,QB,ATL,1,12.82,0,38,2,65.4,26,28,9.2,2.71,0,0,0.0,57.1,16,16,5.9,33,86.8,1,11,,78.6,66.7,0.0,68.6,,57.9,1,0,34,25.0,87.6,12.1,4,1,1,0,1,0,0.0,175,6.3,65.2,23,26,7.0,2.48,0,0,0.0,53.8,14,14,6.7,30,78.9,1,8,,78.1,59.4,0.0,61.6,,57.9,1,1,31,14.3,63.3,6.7,2,1,1,1,1,1,3.2,122,4.7,66.7,6,6,10.5,3.0,0,0,0.0,66.7,4,3,0.0,8,21.1,0,3,,70.3,67.3,71.5,66.6,,,0,0,8,66.7,97.9,25.0,2,0,0,0,0,0,0.0,58,9.7,0,66.7,3,4,-5.0,1.82,0,0,0.0,50.0,2,1,0.0,5,13.2,0,0,,68.0,39.7,69.9,41.2,,,0,1,5,0.0,16.7,0.0,0,0,0,1,0,1,20.0,5,1.3,4.98
18,Bryce Young,123943,QB,CAR,1,16.0,0,36,5,81.5,27,32,9.2,2.74,0,1,2.9,65.6,21,8,4.5,32,88.9,1,12,,78.3,67.4,77.9,66.5,,60.0,0,1,34,0.0,96.0,0.0,0,0,1,4,2,1,2.9,241,7.5,85.0,20,25,9.2,2.76,0,1,3.7,64.0,16,4,5.9,25,69.4,1,9,,77.1,64.4,77.3,63.7,,60.0,0,1,27,0.0,84.9,0.0,0,0,1,4,1,1,3.7,197,7.9,80.0,10,10,4.3,2.22,0,0,0.0,80.0,8,5,0.0,11,30.6,0,4,,71.4,69.1,72.6,68.3,,,0,0,11,0.0,128.8,0.0,0,0,0,0,1,0,0.0,69,6.9,0,100.0,3,3,-7.0,1.45,0,0,0.0,100.0,3,1,0.0,4,11.1,0,1,,65.5,61.0,69.2,60.8,,,0,0,4,0.0,101.4,0.0,0,0,0,0,0,0,0.0,25,8.3,-0.98
18,Caleb Williams,144622,QB,CHI,1,-30.5,0,35,6,76.9,26,30,8.9,3.07,1,1,3.1,60.0,18,12,10.0,32,91.4,2,8,,27.2,57.6,78.3,57.9,,58.3,0,1,34,8.3,86.7,3.1,1,1,0,3,2,3,8.8,189,6.3,85.7,21,25,6.1,2.65,1,1,3.8,68.0,17,9,5.6,26,74.3,1,9,,25.4,70.7,77.7,69.6,,,0,0,27,11.1,106.9,3.8,1,0,0,3,1,1,3.7,209,8.4,57.1,7,8,13.6,3.81,0,0,0.0,37.5,3,3,25.0,9,25.7,1,1,,71.4,35.0,72.3,37.3,,58.3,0,1,10,0.0,45.8,0.0,0,1,0,1,1,2,20.0,3,0.4,0,100.0,2,3,-4.0,1.67,0,0,0.0,66.7,2,0,0.0,3,8.6,0,2,,65.5,60.1,68.2,60.1,,,0,0,3,,89.6,0.0,0,0,0,1,0,0,0.0,23,7.7,-7.98
18,Trevor Lawrence,77632,QB,JAX,1,13.4,0,34,15,77.8,27,28,10.2,2.93,0,3,9.7,75.0,21,14,0.0,32,94.1,0,16,,78.3,83.3,78.0,81.5,,62.9,1,0,35,14.3,137.1,6.3,2,2,0,0,3,0,0.0,247,8.8,76.5,17,19,10.9,2.64,0,3,13.6,68.4,13,7,0.0,22,64.7,0,8,,76.3,83.3,77.2,80.1,,63.9,1,0,25,28.6,129.7,9.1,2,1,0,1,2,0,0.0,162,8.5,81.8,11,11,7.8,3.26,0,0,0.0,81.8,9,7,0.0,12,35.3,0,8,,72.4,71.0,72.9,72.0,,58.3,0,0,12,0.0,132.2,0.0,0,1,0,0,1,0,0.0,93,8.5,0,100.0,1,2,-4.0,1.6,0,0,0.0,50.0,1,0,0.0,2,5.9,0,0,,63.6,58.9,66.9,59.0,,,0,0,2,,60.4,0.0,0,0,0,1,0,0,0.0,8,4.0,-0.08
18,Bo Nix,97790,QB,DEN,1,-1.11,0,34,10,53.3,15,16,3.6,3.46,1,0,0.0,50.0,8,16,0.0,26,76.5,0,7,,77.3,54.5,78.0,47.8,,65.5,0,0,27,25.0,68.8,15.4,4,6,0,0,0,0,0.0,96,6.0,70.6,17,18,0.8,2.9,1,0,0.0,61.1,11,10,8.3,25,73.5,1,6,,76.9,54.9,77.9,49.7,,66.7,0,0,25,30.0,71.5,12.0,3,3,0,0,0,0,0.0,80,4.4,60.0,5,5,1.8,3.33,0,0,0.0,60.0,3,6,0.0,9,26.5,0,3,,71.4,61.2,72.3,60.4,,60.8,0,0,10,16.7,102.9,11.1,1,3,0,0,0,0,0.0,61,12.2,0,100.0,7,7,-4.4,1.59,0,0,0.0,85.7,6,0,14.3,8,23.5,1,2,,70.3,63.8,71.5,63.4,,,0,0,8,,93.5,0.0,0,0,0,0,0,0,0.0,45,6.4,7.76
18,Brock Purdy,77672,QB,SF,1,24.34,0,32,28,81.0,21,24,5.0,3.17,0,0,0.0,66.7,16,15,5.9,29,90.6,1,8,,77.2,76.0,77.1,68.6,,77.9,3,1,29,20.0,60.6,10.3,3,2,0,0,0,0,0.0,117,4.9,81.3,16,19,6.4,3.08,0,0,0.0,63.2,12,12,7.7,23,71.9,1,7,,75.9,79.7,76.5,71.4,,77.9,3,1,23,16.7,56.5,8.7,2,2,0,0,0,0,0.0,108,5.7,87.5,8,8,-0.6,2.89,0,0,0.0,87.5,7,3,0.0,9,28.1,0,2,,70.9,59.2,71.9,59.1,,,0,0,9,33.3,79.2,11.1,1,0,0,0,0,0,0.0,19,2.4,0,100.0,3,3,-2.7,1.67,0,0,0.0,100.0,3,0,0.0,3,9.4,0,1,,65.5,63.8,68.2,63.4,,,0,0,3,,80.6,0.0,0,0,0,0,0,0,0.0,10,3.3,-3.3
18,Brandon Allen,10835,QB,TEN,1,-9.09,0,31,31,50.0,20,22,6.8,2.96,1,1,4.3,45.5,10,13,0.0,23,74.2,0,2,,76.1,30.6,77.3,31.5,,,1,1,24,7.7,33.5,4.3,1,0,0,0,0,3,12.5,63,2.9,65.0,20,22,3.5,2.57,1,1,4.5,59.1,13,11,0.0,23,74.2,0,2,,75.9,29.9,77.2,30.2,,,1,1,23,9.1,44.9,4.3,1,0,0,0,0,3,13.0,42,1.9,62.5,8,8,3.4,2.5,0,0,0.0,50.0,4,2,20.0,8,25.8,1,1,,70.9,61.1,71.9,60.9,,,0,0,9,0.0,59.4,0.0,0,0,0,0,0,0,0.0,30,3.8,0,100.0,8,8,-4.9,1.36,0,0,0.0,87.5,7,0,12.5,8,25.8,1,1,,70.3,66.6,71.5,66.0,,,0,0,8,,79.2,0.0,0,0,0,0,0,0,0.0,9,1.1,1.84
18,Shedeur Sanders,131396,QB,CLV,1,0.0,0,31,8,68.8,16,20,10.9,3.56,0,1,5.0,50.0,10,15,9.1,27,87.1,1,4,,25.6,37.8,0.0,34.2,,71.7,3,0,27,33.3,64.2,18.5,5,2,0,1,0,3,11.1,98,4.9,61.5,13,16,10.5,3.14,0,0,0.0,50.0,8,11,0.0,23,74.2,0,4,,24.5,26.7,0.0,26.8,,63.2,3,0,23,45.5,69.0,21.7,5,1,0,0,0,3,13.0,97,6.1,100.0,4,6,9.0,4.09,0,1,16.7,50.0,3,6,25.0,8,25.8,1,0,,70.3,85.8,71.5,77.5,,65.6,1,0,8,16.7,56.3,12.5,1,1,0,1,0,0,0.0,14,2.3,0,100.0,1,2,-3.0,2.2,0,0,0.0,50.0,1,2,0.0,4,12.9,0,0,,66.9,45.9,69.2,47.0,,,1,0,4,50.0,70.8,25.0,1,0,0,0,0,0,0.0,13,6.5,-3.73
18,Sam Darnold,29048,QB,SEA,1,-2.78,0,30,29,76.2,21,22,7.1,3.34,1,0,0.0,72.7,16,12,0.0,26,86.7,0,10,,27.1,59.2,79.1,66.6,,38.7,0,0,28,16.7,92.8,7.7,2,2,0,0,0,0,0.0,159,7.2,82.4,17,18,5.4,2.93,1,0,0.0,77.8,14,10,0.0,21,70.0,0,8,,25.9,61.5,78.8,70.5,,38.7,0,0,23,10.0,94.0,4.8,1,2,0,0,0,0,0.0,118,6.6,75.0,8,8,5.1,3.7,0,0,0.0,75.0,6,3,0.0,9,30.0,0,4,,70.9,57.4,71.9,57.5,,,0,0,9,33.3,106.3,11.1,1,0,0,0,0,0,0.0,80,10.0,0,100.0,4,4,-4.5,2.0,0,0,0.0,100.0,4,1,0.0,4,13.3,0,2,,66.9,64.4,69.2,63.9,,,0,0,4,0.0,107.3,0.0,0,0,0,0,0,0,0.0,39,9.8,3.44
18,Mitch Trubisky,11757,QB,BUF,1,34.34,0,30,4,82.1,28,29,7.4,2.77,0,1,3.2,75.9,22,2,4.3,30,100.0,1,16,,78.7,76.2,79.9,72.6,,70.1,0,0,32,0.0,142.1,0.0,0,1,0,1,4,1,3.1,259,8.9,70.0,10,11,5.8,2.35,0,0,0.0,54.5,6,0,14.3,11,36.7,1,2,,74.4,59.1,78.9,56.8,,61.0,0,0,12,,69.5,0.0,0,0,0,1,0,0,0.0,58,5.3,88.9,18,18,8.3,3.01,0,1,5.3,88.9,16,2,0.0,19,63.3,0,14,,75.1,84.0,74.7,79.1,,65.6,0,0,20,0.0,152.8,0.0,0,1,0,0,4,1,5.0,201,11.2,0,,0,0,,,0,0,,,0,0,,0,0.0,0,0,,,,,,,,0,0,0,,0.0,,0,0,0,0,0,0,,0,,5.9
18,Quinn Ewers,127253,QB,MIA,1,-36.15,0,29,17,56.3,16,16,13.2,3.08,0,0,0.0,56.3,9,10,0.0,21,72.4,0,5,,75.6,43.3,77.7,39.3,,65.6,0,1,22,40.0,67.2,19.0,4,1,0,0,1,1,4.5,90,5.6,90.0,10,10,5.0,2.41,0,0,0.0,90.0,9,7,0.0,15,51.7,0,4,,73.5,59.8,77.1,58.6,,,0,0,15,57.1,104.2,26.7,4,0,0,0,0,0,0.0,90,9.0,53.8,13,13,10.8,3.14,0,0,0.0,53.8,7,5,0.0,14,48.3,0,3,,73.5,40.2,73.7,36.8,,65.6,0,1,15,0.0,55.6,0.0,0,1,0,0,1,1,6.7,47,3.6,0,100.0,7,7,-3.0,1.91,0,0,0.0,100.0,7,2,0.0,8,27.6,0,2,,70.3,63.7,71.5,63.3,,,0,0,8,0.0,94.6,0.0,0,0,0,0,0,0,0.0,47,6.7,-5.38
18,Baker Mayfield,46518,QB,TB,1,14.58,0,28,30,78.9,19,19,8.7,3.77,0,1,5.0,68.4,13,13,13.3,25,89.3,2,12,,24.9,62.1,79.0,55.6,,72.6,0,1,26,15.4,92.7,8.0,2,4,0,0,1,2,7.7,173,9.1,75.0,16,16,6.8,3.57,0,1,6.3,68.8,11,10,8.3,19,67.9,1,9,,22.7,53.2,78.6,51.7,,58.7,0,1,19,10.0,88.8,5.3,1,2,0,0,1,2,10.5,133,8.3,100.0,6,6,7.8,3.48,0,0,0.0,83.3,5,3,16.7,9,32.1,1,5,,71.4,76.9,72.3,66.2,,76.0,0,0,10,33.3,115.3,11.1,1,2,0,0,0,0,0.0,70,11.7,0,100.0,3,3,-3.0,1.63,0,0,0.0,100.0,3,0,0.0,3,10.7,0,2,,65.5,63.4,68.2,63.0,,,0,0,3,,108.3,0.0,0,0,0,0,0,0,0.0,30,10.0,3.36
18,Josh Johnson,4474,QB,WAS,1,-1.79,0,28,32,66.7,15,18,8.6,3.2,0,0,0.0,55.6,10,9,0.0,24,85.7,0,11,,27.0,54.9,79.1,51.4,,62.8,0,1,30,0.0,65.5,0.0,0,6,1,2,1,1,3.3,94,5.2,69.2,13,14,7.8,2.77,0,0,0.0,64.3,9,4,0.0,17,60.7,0,9,,24.7,57.8,78.6,58.7,,55.5,0,0,21,0.0,83.3,0.0,0,3,1,0,0,0,0.0,93,6.6,83.3,6,8,2.0,3.38,0,0,0.0,62.5,5,5,0.0,11,39.3,0,4,,72.8,54.9,73.2,47.2,,69.8,0,1,13,0.0,74.0,0.0,0,3,0,2,1,1,7.7,38,4.8,0,100.0,4,4,-3.8,1.85,0,0,0.0,100.0,4,0,0.0,4,14.3,0,2,,66.9,64.5,69.2,64.0,,,0,0,4,,105.2,0.0,0,0,0,0,0,0,0.0,37,9.3,-1.89
18,J.J. McCarthy,144918,QB,MIN,1,-36.92,0,26,18,70.6,17,20,9.9,3.04,1,1,5.0,60.0,12,8,0.0,21,80.8,0,8,,75.7,64.3,0.0,60.9,,74.4,1,0,21,0.0,85.6,0.0,0,1,0,1,0,0,0.0,161,8.1,83.3,12,13,5.7,2.25,1,0,0.0,76.9,10,3,0.0,13,50.0,0,5,,73.3,69.0,76.1,65.3,,62.6,0,0,13,0.0,100.5,0.0,0,0,0,0,0,0,0.0,107,8.2,50.0,8,10,11.5,3.05,0,1,10.0,40.0,4,5,0.0,13,50.0,0,4,,72.8,52.5,0.0,51.7,,65.6,1,0,13,0.0,66.7,0.0,0,1,0,1,0,0,0.0,75,7.5,0,66.7,3,3,-3.0,1.02,0,0,0.0,66.7,2,0,0.0,5,19.2,0,1,,68.0,51.2,69.9,51.8,,,0,0,5,,86.8,0.0,0,0,0,0,0,0,0.0,21,7.0,-0.73
18,Brady Cook,124199,QB,NYJ,1,-22.92,0,24,22,70.6,17,18,4.4,2.81,1,0,0.0,50.0,9,5,25.0,20,83.3,3,5,,76.1,74.9,77.6,74.9,,59.7,0,0,21,20.0,75.5,5.0,1,1,0,0,1,0,0.0,57,3.2,68.8,16,16,3.3,2.22,0,0,0.0,56.3,9,2,18.2,17,70.8,2,4,,75.3,71.2,77.3,69.4,,62.0,0,0,18,50.0,63.5,5.9,1,0,0,0,0,0,0.0,56,3.5,60.0,5,6,0.6,3.31,1,0,0.0,33.3,2,4,33.3,7,29.2,1,1,,69.6,63.1,71.1,65.7,,58.3,0,0,7,0.0,81.9,0.0,0,1,0,0,1,0,0.0,4,0.7,0,50.0,4,4,-4.8,1.2,0,0,0.0,50.0,2,1,0.0,4,16.7,0,0,,66.9,48.6,69.2,49.4,,,0,0,4,0.0,56.3,0.0,0,0,0,0,0,0,0.0,3,0.8,-2.83
18,Aidan O'Connell,60516,QB,LV,1,17.14,0,24,23,55.6,18,21,10.1,2.65,0,1,4.8,42.9,9,8,10.0,23,95.8,1,5,,75.9,66.2,78.0,67.6,,55.7,1,0,23,12.5,58.4,4.3,1,1,0,2,0,0,0.0,104,5.0,50.0,14,15,10.0,2.28,0,0,0.0,40.0,6,6,14.3,17,70.8,1,3,,74.5,58.6,77.7,60.3,,55.7,1,0,18,16.7,50.4,5.9,1,1,0,0,0,0,0.0,54,3.6,80.0,5,7,7.4,3.31,0,1,14.3,57.1,4,2,0.0,7,29.2,0,2,,69.6,76.5,71.1,75.1,,,0,0,7,0.0,78.3,0.0,0,0,0,2,0,0,0.0,48,6.9,0,100.0,1,1,-4.0,0.9,0,0,0.0,100.0,1,0,0.0,1,4.2,0,0,,63.6,58.6,66.9,58.7,,,0,0,2,,79.2,0.0,0,0,0,0,0,0,0.0,-2,-2.0,3.26
18,C.J. Stroud,129759,QB,HST,1,7.84,0,24,13,65.0,20,22,7.6,2.86,0,1,4.0,59.1,13,10,0.0,23,95.8,0,7,,76.9,71.6,77.4,69.3,,63.9,0,0,26,0.0,99.1,0.0,0,1,1,1,1,0,0.0,172,7.8,66.7,15,17,6.7,2.51,0,0,0.0,58.8,10,6,0.0,17,70.8,0,4,,74.9,62.8,76.7,57.9,,60.0,0,0,18,0.0,75.4,0.0,0,0,1,1,0,0,0.0,99,5.8,66.7,6,6,7.8,3.5,0,1,12.5,66.7,4,4,0.0,7,29.2,0,3,,70.9,80.3,71.9,83.5,,56.8,0,0,9,0.0,145.8,0.0,0,1,0,0,1,0,0.0,70,11.7,0,100.0,1,1,-5.0,1.3,0,0,0.0,100.0,1,0,0.0,1,4.2,0,0,,60.4,60.2,64.6,60.0,,,0,0,1,,79.2,0.0,0,0,0,0,0,0,0.0,-3,-3.0,5.85
18,Drake Maye,143969,QB,NE,1,33.33,0,23,19,80.0,15,16,13.7,3.61,0,1,5.9,75.0,12,5,0.0,21,91.3,0,10,,75.6,87.9,77.6,82.1,,76.1,0,0,22,0.0,132.8,0.0,0,5,0,1,1,0,0.0,182,11.4,72.7,11,12,14.8,3.65,0,1,7.7,66.7,8,4,0.0,17,73.9,0,7,,74.5,83.6,77.3,76.6,,76.1,0,0,18,0.0,119.1,0.0,0,5,0,1,1,0,0.0,97,8.1,100.0,6,6,5.2,3.1,0,0,0.0,100.0,6,2,0.0,6,26.1,0,3,,68.9,79.9,70.6,78.1,,,0,0,6,0.0,118.8,0.0,0,0,0,0,0,0,0.0,94,15.7,0,100.0,2,2,-5.5,2.45,0,0,0.0,100.0,2,1,0.0,2,8.7,0,0,,63.6,62.4,66.9,62.1,,,0,0,2,0.0,85.4,0.0,0,0,0,0,0,0,0.0,9,4.5,7.59
18,Lamar Jackson,46416,QB,BLT,1,33.33,0,21,3,69.2,13,15,14.7,3.68,0,2,11.8,60.0,9,10,0.0,17,81.0,0,5,,76.5,92.6,77.8,91.1,,75.4,1,1,20,20.0,116.0,11.8,2,0,0,1,3,0,0.0,223,14.9,66.7,9,12,14.3,3.89,1,2,14.3,50.0,6,8,0.0,15,71.4,0,3,,75.8,92.2,77.6,88.8,,79.4,1,1,17,37.5,95.8,20.0,3,0,0,1,2,0,0.0,136,11.3,83.3,6,6,9.3,2.62,0,0,0.0,83.3,5,3,0.0,6,28.6,0,2,,69.6,72.3,71.1,74.5,,58.3,0,0,7,0.0,158.3,0.0,0,0,0,0,1,0,0.0,102,17.0,0,100.0,2,3,-3.0,2.9,1,0,0.0,66.7,2,1,0.0,4,19.0,0,0,,66.9,57.4,69.2,57.6,,,0,0,4,100.0,78.5,25.0,1,0,0,0,0,0,0.0,15,5.0,5.67
18,Shane Buechele,12659,QB,KC,1,70.0,0,20,16,60.0,10,13,12.9,3.18,2,1,7.7,46.2,6,10,0.0,19,95.0,0,3,,74.8,50.5,76.0,53.6,,55.3,0,0,19,50.0,65.5,26.3,5,1,0,1,0,1,5.3,78,6.0,42.9,7,10,11.1,3.19,2,0,0.0,30.0,3,7,0.0,15,75.0,0,1,,73.5,29.7,75.5,32.2,,55.3,0,0,15,57.1,39.6,26.7,4,1,0,1,0,1,6.7,9,0.9,100.0,4,4,12.0,2.74,0,1,25.0,100.0,4,3,0.0,5,25.0,0,3,,68.0,91.7,69.9,90.6,,,0,0,5,33.3,118.8,20.0,1,0,0,0,0,0,0.0,79,19.8,0,100.0,1,1,-3.0,1.1,0,0,0.0,100.0,1,0,0.0,1,5.0,0,1,,60.4,60.3,64.6,60.1,,,0,0,1,,108.3,0.0,0,0,0,0,0,0,0.0,10,10.0,18.85
18,Chris Oladokun,40364,QB,KC,1,-38.1,0,20,16,72.7,11,13,9.4,3.41,2,0,0.0,53.8,7,8,12.5,16,80.0,1,2,,15.8,28.2,76.4,31.6,,43.0,0,0,18,37.5,60.7,18.8,3,0,0,0,0,3,16.7,43,3.3,78.6,14,14,5.8,3.14,0,0,0.0,71.4,10,8,9.1,17,85.0,1,2,,16.2,29.5,76.5,35.2,,43.0,0,0,19,37.5,76.8,17.6,3,0,0,0,0,3,15.8,51,3.6,100.0,1,3,7.0,2.6,2,0,0.0,33.3,1,0,0.0,3,15.0,0,0,,65.5,55.8,68.2,56.1,,,0,0,3,,42.4,0.0,0,0,0,0,0,0,0.0,7,2.3,0,100.0,4,4,-3.8,1.68,0,0,0.0,100.0,4,0,0.0,4,20.0,0,0,,66.9,64.5,69.2,64.0,,,0,0,4,,82.3,0.0,0,0,0,0,0,0,0.0,15,3.8,-1.31
18,Clayton Tune,77652,QB,GB,1,32.14,0,17,12,77.8,9,9,3.1,3.14,0,0,0.0,66.7,6,7,14.3,14,82.4,1,2,,74.2,48.7,77.9,36.9,,70.0,0,0,15,42.9,73.4,21.4,3,2,0,0,0,1,6.7,34,3.8,80.0,5,7,2.6,2.67,1,0,0.0,42.9,3,6,25.0,12,70.6,1,1,,73.1,62.6,77.7,50.0,,73.5,0,0,12,66.7,50.3,33.3,4,1,0,1,0,0,0.0,14,2.0,75.0,4,4,3.8,4.06,0,0,0.0,75.0,3,2,0.0,5,29.4,0,1,,68.9,27.9,70.6,28.6,,58.3,0,0,6,0.0,85.4,0.0,0,1,0,0,0,1,16.7,20,5.0,0,,0,2,,2.77,1,0,0.0,0.0,0,1,,3,17.6,0,0,,65.5,43.9,68.2,45.5,,,0,0,3,100.0,39.6,33.3,1,0,0,1,0,0,0.0,0,0.0,3.0
18,Joe Milton III,82151,QB,DAL,1,16.67,0,15,9,50.0,8,10,12.0,3.33,0,0,0.0,40.0,4,5,0.0,12,80.0,0,2,,73.8,43.2,75.3,33.8,,69.5,0,1,13,0.0,19.6,0.0,0,2,0,2,0,1,7.7,57,5.7,62.5,8,10,9.5,3.32,0,0,0.0,50.0,5,4,0.0,11,73.3,0,2,,73.5,62.4,75.2,52.1,,75.8,0,0,12,0.0,67.9,0.0,0,1,0,2,0,0,0.0,58,5.8,66.7,3,3,2.3,2.45,0,0,0.0,66.7,2,1,0.0,4,26.7,0,1,,66.9,26.0,69.2,27.7,,55.9,0,1,4,0.0,38.9,0.0,0,1,0,0,0,1,25.0,15,5.0,0,100.0,3,3,-4.3,2.13,0,0,0.0,100.0,3,0,0.0,3,20.0,0,1,,65.5,63.5,68.2,63.1,,,0,0,3,,88.9,0.0,0,0,0,0,0,0,0.0,16,5.3,-0.8
18,Dak Prescott,10769,QB,DAL,1,-21.43,0,11,9,66.7,9,9,5.6,2.42,0,0,0.0,55.6,5,3,16.7,9,81.8,1,4,,19.9,41.7,75.6,57.8,,34.5,0,0,9,0.0,73.8,0.0,0,0,0,0,0,0,0.0,55,6.1,71.4,7,7,2.9,2.21,0,0,0.0,71.4,5,1,0.0,7,63.6,0,3,,18.8,32.7,75.3,50.5,,34.5,0,0,7,0.0,82.4,0.0,0,0,0,0,0,0,0.0,35,5.0,75.0,4,4,5.8,2.55,0,0,0.0,50.0,2,2,33.3,4,36.4,1,2,,66.9,72.2,69.2,71.1,,,0,0,4,0.0,80.2,0.0,0,0,0,0,0,0,0.0,35,8.8,0,100.0,2,2,-3.5,1.95,0,0,0.0,100.0,2,0,0.0,2,18.2,0,1,,63.6,62.2,66.9,61.9,,,0,0,2,,97.9,0.0,0,0,0,0,0,0,0.0,15,7.5,3.75
18,Davis Mills,52269,QB,HST,1,21.43,0,10,13,85.7,7,9,4.0,2.41,0,0,0.0,33.3,3,5,50.0,10,100.0,3,3,,71.4,78.6,75.3,71.9,,65.6,0,0,10,0.0,46.5,0.0,0,1,0,2,0,0,0.0,36,4.0,100.0,5,7,3.2,2.06,0,0,0.0,28.6,2,3,60.0,7,70.0,3,1,,69.6,71.7,74.9,70.6,,,0,0,7,0.0,39.6,0.0,0,0,0,2,0,0,0.0,19,2.7,50.0,2,2,6.0,3.23,0,0,0.0,50.0,1,2,0.0,3,30.0,0,2,,65.5,76.8,68.2,65.2,,65.6,0,0,3,0.0,79.2,0.0,0,1,0,0,0,0,0.0,17,8.5,0,,0,0,,,0,0,,,0,0,,0,0.0,0,0,,,,,,,,0,0,0,,0.0,,0,0,0,0,0,0,,0,,5.79
18,Max Brosmer,105568,QB,MIN,1,20.0,0,10,18,83.3,6,6,5.2,2.89,0,0,0.0,83.3,5,3,0.0,8,80.0,0,4,,16.8,32.6,75.0,32.9,,,0,0,10,66.7,100.0,25.0,2,0,0,0,0,1,10.0,48,8.0,80.0,5,5,2.4,2.97,0,0,0.0,80.0,4,2,0.0,7,70.0,0,2,,16.1,27.6,74.9,27.8,,,0,0,9,100.0,85.0,28.6,2,0,0,0,0,1,11.1,22,4.4,100.0,3,3,2.7,2.03,0,0,0.0,100.0,3,1,0.0,3,30.0,0,3,,65.5,73.9,68.2,72.6,,,0,0,3,0.0,115.3,0.0,0,0,0,0,0,0,0.0,35,11.7,0,100.0,2,2,-5.5,1.9,0,0,0.0,100.0,2,0,0.0,2,20.0,0,1,,63.6,62.2,66.9,61.9,,,0,0,2,,85.4,0.0,0,0,0,0,0,0,0.0,9,4.5,7.27
18,Kenny Pickett,60515,QB,LV,1,-33.33,0,7,23,0.0,3,3,16.0,3.55,0,0,0.0,0.0,0,3,,6,85.7,0,1,,68.9,22.8,72.3,20.8,,63.3,0,1,6,66.7,0.0,33.3,2,1,0,0,0,2,33.3,0,0.0,33.3,3,3,0.0,3.28,0,0,0.0,33.3,1,2,0.0,5,71.4,0,1,,68.0,21.5,71.9,19.3,,63.3,0,1,5,50.0,2.8,20.0,1,1,0,0,0,2,40.0,3,1.0,0.0,1,1,42.0,3.2,0,0,0.0,0.0,0,1,,2,28.6,0,0,,63.6,57.2,66.9,57.4,,,0,0,2,100.0,39.6,50.0,1,0,0,0,0,0,0.0,0,0.0,0,100.0,1,1,-6.0,1.5,0,0,0.0,100.0,1,0,0.0,1,14.3,0,0,,60.4,60.2,64.6,60.0,,,0,0,1,,79.2,0.0,0,0,0,0,0,0,0.0,3,3.0,-1.0
18,Joshua Dobbs,11890,QB,NE,1,50.0,0,5,19,66.7,3,3,16.0,3.83,0,0,0.0,66.7,2,1,0.0,4,80.0,0,0,,70.2,43.8,73.2,47.5,,53.7,0,0,5,0.0,70.1,0.0,0,1,0,0,0,0,0.0,3,1.0,50.0,2,2,24.0,2.5,0,0,0.0,50.0,1,0,0.0,2,40.0,0,0,,68.7,47.4,72.6,45.8,,60.0,0,0,3,,56.3,0.0,0,0,0,0,0,0,0.0,3,1.5,100.0,2,2,-2.0,3.93,0,0,0.0,100.0,2,1,0.0,3,60.0,0,1,,65.5,52.5,68.2,61.9,,55.3,0,0,3,0.0,108.3,0.0,0,1,0,0,0,0,0.0,20,10.0,0,100.0,1,1,-4.0,1.5,0,0,0.0,100.0,1,0,0.0,1,20.0,0,1,,60.4,60.5,64.6,60.4,,,0,0,1,,118.8,0.0,0,0,0,0,0,0,0.0,20,20.0,8.5
18,Cam Ward,133244,QB,TEN,1,0.0,0,4,31,100.0,2,2,11.0,3.43,0,0,0.0,100.0,2,2,0.0,3,75.0,0,1,,67.4,79.7,69.9,75.9,,64.9,0,0,3,0.0,118.8,0.0,0,1,0,0,0,0,0.0,40,20.0,100.0,1,1,21.0,3.2,0,0,0.0,100.0,1,0,0.0,1,25.0,0,1,,64.5,86.6,68.2,74.8,,62.6,0,0,1,,118.8,0.0,0,0,0,0,0,0,0.0,39,39.0,100.0,2,2,-2.0,3.2,0,0,0.0,100.0,2,2,0.0,3,75.0,0,1,,65.5,58.8,68.2,62.2,,58.3,0,0,3,0.0,93.8,0.0,0,1,0,0,0,0,0.0,13,6.5,0,100.0,1,1,-5.0,2.5,0,0,0.0,100.0,1,0,0.0,1,25.0,0,1,,60.4,60.3,64.6,60.1,,,0,0,1,,116.7,0.0,0,0,0,0,0,0,0.0,12,12.0,-32.5
18,Zach Wilson,82096,QB,MIA,1,0.0,0,2,17,,0,2,,2.55,0,0,0.0,0.0,0,2,,2,100.0,0,0,,63.6,55.4,68.2,56.0,,,1,0,2,0.0,39.6,0.0,0,0,0,1,0,0,0.0,0,0.0,,0,1,,2.4,0,0,0.0,0.0,0,1,,1,50.0,0,0,,60.4,59.6,66.9,60.0,,,1,0,1,0.0,39.6,0.0,0,0,0,0,0,0,0.0,0,0.0,,0,1,,2.7,0,0,0.0,0.0,0,1,,1,50.0,0,0,,60.4,60.0,64.6,60.0,,,0,0,1,0.0,39.6,0.0,0,0,0,1,0,0,0.0,0,0.0,0,,0,0,,,0,0,,,0,0,,0,0.0,0,0,,,,,,,,0,0,0,,0.0,,0,0,0,0,0,0,,0,,0.0
18,Nick Mullens,12282,QB,JAX,1,-100.0,0,2,15,100.0,1,1,6.0,1.9,0,0,0.0,100.0,1,0,0.0,1,50.0,0,1,,68.2,72.3,72.3,70.4,,60.5,0,0,1,,100.0,0.0,0,0,0,0,0,0,0.0,8,8.0,100.0,2,2,2.0,1.4,0,0,0.0,100.0,2,0,0.0,2,100.0,0,2,,69.1,72.1,72.6,71.2,,60.5,0,0,2,,100.0,0.0,0,0,0,0,0,0,0.0,16,8.0,,0,0,,,0,0,,,0,0,,0,0.0,0,0,,,,,,,,0,0,0,,0.0,,0,0,0,0,0,0,,0,,0,100.0,1,1,-2.0,0.9,0,0,0.0,100.0,1,0,0.0,1,50.0,0,1,,60.4,60.5,64.6,60.4,,,0,0,1,,100.0,0.0,0,0,0,0,0,0,0.0,8,8.0,-8.0
18,Matt Haack,12212,P,ARZ,1,-100.0,0,1,1,100.0,1,1,19.0,2.2,0,0,0.0,100.0,1,0,0.0,1,100.0,0,1,,60.4,73.1,65.7,68.8,,,0,0,1,,118.8,0.0,0,0,0,0,0,0,0.0,28,28.0,100.0,1,1,19.0,2.2,0,0,0.0,100.0,1,0,0.0,1,100.0,0,1,,60.4,73.1,65.7,68.8,,,0,0,1,,118.8,0.0,0,0,0,0,0,0,0.0,28,28.0,,0,0,,,0,0,,,0,0,,0,0.0,0,0,,,,,,,,0,0,0,,0.0,,0,0,0,0,0,0,,0,,0,,0,0,,,0,0,,,0,0,,0,0.0,0,0,,,,,,,,0,0,0,,0.0,,0,0,0,0,0,0,,0,,-28.0
18,Rigoberto Sanchez,12130,P,IND,1,-100.0,0,1,14,100.0,1,1,11.0,1.8,0,0,0.0,100.0,1,0,0.0,1,100.0,0,1,,60.4,73.1,65.7,68.8,,,0,0,1,,118.8,0.0,0,0,0,0,0,0,0.0,16,16.0,100.0,1,1,11.0,1.8,0,0,0.0,100.0,1,0,0.0,1,100.0,0,1,,60.4,73.1,65.7,68.8,,,0,0,1,,118.8,0.0,0,0,0,0,0,0,0.0,16,16.0,,0,0,,,0,0,,,0,0,,0,0.0,0,0,,,,,,,,0,0,0,,0.0,,0,0,0,0,0,0,,0,,0,,0,0,,,0,0,,,0,0,,0,0.0,0,0,,,,,,,,0,0,0,,0.0,,0,0,0,0,0,0,,0,,-16.0
18,Gunner Olszewski,95015,WR,NYG,1,0.0,0,1,21,0.0,1,1,12.0,3.4,0,0,0.0,0.0,0,0,,1,100.0,0,0,74.6,69.5,75.4,77.7,49.6,79.4,,0,0,1,,39.6,0.0,0,0,0,0,0,0,0.0,0,0.0,,0,0,,,0,0,,,0,0,,0,0.0,0,0,75.6,69.5,74.0,77.5,,77.1,,0,0,0,,0.0,,0,0,0,0,0,0,,0,,0.0,1,1,12.0,3.4,0,0,0.0,0.0,0,0,,1,100.0,0,0,64.7,63.8,67.8,71.1,49.6,75.8,,0,0,1,,39.6,0.0,0,0,0,0,0,0,0.0,0,0.0,0,,0,0,,,0,0,,,0,0,,0,0.0,0,0,68.3,64.0,63.1,69.2,,70.0,,0,0,0,,0.0,,0,0,0,0,0,0,,0,,0.0
18,David Montgomery,45719,HB,DET,1,0.0,0,1,11,,0,0,,6.5,0,0,,,0,1,,1,100.0,0,0,64.7,73.4,78.3,74.5,60.0,64.5,81.9,0,0,1,100.0,0.0,100.0,1,0,0,0,0,0,0.0,0,,,0,0,,,0,0,,,0,0,,0,0.0,0,0,,72.7,79.7,74.4,,53.8,81.9,0,0,0,,0.0,,0,0,0,0,0,0,,0,,,0,0,,6.5,0,0,,,0,1,,1,100.0,0,0,64.7,63.8,61.9,68.4,60.0,70.2,,0,0,1,100.0,0.0,100.0,1,0,0,0,0,0,0.0,0,,0,,0,0,,,0,0,,,0,0,,0,0.0,0,0,,,59.2,65.5,,57.2,,0,0,0,,0.0,,0,0,0,0,0,0,,0,,0.0
